Device_id,Model ID,Task ID,Stream ID,Op Name,OP Type,OP State,Task Type,Task Start Time(us),Task Duration(us),Task Wait Time(us),Block Num,Mix Block Num,HF32 Eligible,Input Shapes,Input Data Types,Input Formats,Output Shapes,Output Data Types,Output Formats,Context ID,aicore_time(us),aic_total_cycles,aic_mac_time(us),aic_mac_ratio,aic_scalar_time(us),aic_scalar_ratio,aic_mte1_time(us),aic_mte1_ratio,aic_mte2_time(us),aic_mte2_ratio,aic_fixpipe_time(us),aic_fixpipe_ratio,aic_icache_miss_rate,aiv_time(us),aiv_total_cycles,aiv_vec_time(us),aiv_vec_ratio,aiv_scalar_time(us),aiv_scalar_ratio,aiv_mte2_time(us),aiv_mte2_ratio,aiv_mte3_time(us),aiv_mte3_ratio,aiv_icache_miss_rate,cube_utilization(%)
2,2,775,3,UpdateModelParam_static_bin,Data,dynamic,AI_VECTOR_CORE,1784811014410321.850	,5.740,0,1,0,NO,N/A,N/A,N/A,N/A,N/A,N/A,N/A,0.0,0,0.0,0.0,0.0,0.0,0.0,0.0,0.0,0.0,0.0,0.0,0.0,5.177,9319,0.976,0.189,2.704,0.522,0.887,0.171,0.176,0.034,0.161,0.000
2,2,0,6,Range,Range,static,AI_VECTOR_CORE,1784811014410389.250	,9.160,61.760000,48,0,NO,""";;""",INT32;FLOAT;INT32,NCHW;NCHW;NCHW,"""1024""",FLOAT,NCHW,N/A,0.0,0,0.0,0.0,0.0,0.0,0.0,0.0,0.0,0.0,0.0,0.0,0.0,6.274,542079,0.071,0.011,1.527,0.243,0.001,0.0,0.891,0.142,0.222,0.000
2,2,1,6,Cast,Cast,static,AI_VECTOR_CORE,1784811014410398.430	,1.440,0.090000,2,0,NO,"""1024""",FLOAT,NCHW,"""1024""",INT64,NCHW,N/A,0.0,0,0.0,0.0,0.0,0.0,0.0,0.0,0.0,0.0,0.0,0.0,0.0,0.828,2980,0.031,0.038,0.142,0.171,0.109,0.131,0.24,0.29,0.261,0.000
2,2,2,6,GatherV2,GatherV2,static,AI_VECTOR_CORE,1784811014410399.890	,2.600,0.060000,2,0,NO,"""103424,1024;2,1;1""",FLOAT16;INT64;INT64,ND;ND;ND,"""2,1,1024""",FLOAT16,ND,N/A,0.0,0,0.0,0.0,0.0,0.0,0.0,0.0,0.0,0.0,0.0,0.0,0.0,1.982,7135,0.049,0.025,0.152,0.077,1.141,0.575,0.312,0.157,0.203,0.000
2,2,3,6,RmsNorm,RmsNorm,static,AI_VECTOR_CORE,1784811014410402.510	,6.360,0.000000,2,0,NO,"""2,1,1024;1024""",FLOAT16;FLOAT16,ND;ND,"""2,1,1024;2,1,1""",FLOAT16;FLOAT,ND;ND,N/A,0.0,0,0.0,0.0,0.0,0.0,0.0,0.0,0.0,0.0,0.0,0.0,0.0,5.83,20989,0.798,0.137,2.597,0.445,0.733,0.126,0.476,0.082,0.184,0.000
2,2,4,6,MatMul,MatMul,static,AI_CORE,1784811014410408.890	,9.500,0.140000,23,0,NO,"""2,1024;2560,1024""",FLOAT16;FLOAT16,ND;ND,"""2,2560""",FLOAT16,ND,N/A,7.462,308943,0.643,0.086,0.462,0.062,1.253,0.168,4.147,0.556,0.247,0.033,0.056,0.0,0,0.0,0.0,0.0,0.0,0.0,0.0,0.0,0.0,0.0,75.279
2,2,5,6,SplitV_2,SplitVD,static,AI_VECTOR_CORE,1784811014410418.410	,1.320,0.000000,1,0,NO,"""2,1,2560""",FLOAT16,ND,"""2,1,2048;2,1,256;2,1,256""",FLOAT16;FLOAT16;FLOAT16,ND;ND;ND,N/A,0.0,0,0.0,0.0,0.0,0.0,0.0,0.0,0.0,0.0,0.0,0.0,0.0,0.815,1467,0.008,0.01,0.15,0.184,0.137,0.168,0.319,0.391,0.286,0.000
2,2,6,6,Add,Add,static,AI_VECTOR_CORE,1784811014410419.750	,2.020,0.000000,1,0,NO,"""2,1;2,1""",INT64;INT64,NCHW;NCHW,"""2,1""",INT64,NCHW,N/A,0.0,0,0.0,0.0,0.0,0.0,0.0,0.0,0.0,0.0,0.0,0.0,0.0,1.526,2747,0.267,0.175,0.186,0.122,0.652,0.427,0.103,0.067,0.182,0.000
2,2,7,6,BroadcastTo,BroadcastTo,static,AI_VECTOR_CORE,1784811014410421.790	,1.220,0.000000,1,0,NO,"""1,2,1;3""",INT64;INT64,NCHW;NCHW,"""3,2,1""",INT64,NCHW,N/A,0.0,0,0.0,0.0,0.0,0.0,0.0,0.0,0.0,0.0,0.0,0.0,0.0,0.725,1305,0.067,0.092,0.155,0.214,0.092,0.127,0.097,0.133,0.161,0.000
2,2,8,6,Cast_1,Cast,static,AI_VECTOR_CORE,1784811014410423.030	,1.140,0.030000,1,0,NO,"""3,2,1,1""",INT64,NCHW,"""3,2,1,1""",FLOAT,NCHW,N/A,0.0,0,0.0,0.0,0.0,0.0,0.0,0.0,0.0,0.0,0.0,0.0,0.0,0.626,1127,0.058,0.093,0.113,0.18,0.09,0.144,0.118,0.188,0.185,0.000
2,2,9,6,Scatter_1,Scatter,static,AI_VECTOR_CORE,1784811014410424.190	,1.800,0.110000,4,0,NO,"""2,2,1024,128;2;2,2,1,128""",FLOAT16;INT64;FLOAT16,NCHW;NCHW;NCHW,"""2,2,1024,128""",FLOAT16,NCHW,N/A,0.0,0,0.0,0.0,0.0,0.0,0.0,0.0,0.0,0.0,0.0,0.0,0.0,1.148,8269,0.008,0.007,0.124,0.108,0.281,0.245,0.289,0.252,0.242,0.000
2,2,10,6,BroadcastTo_1,BroadcastTo,static,AI_VECTOR_CORE,1784811014410426.010	,1.580,0.000000,1,0,NO,"""1,1,64,1;4""",FLOAT;INT64,NCHW;NCHW,"""3,2,64,1""",FLOAT,NCHW,N/A,0.0,0,0.0,0.0,0.0,0.0,0.0,0.0,0.0,0.0,0.0,0.0,0.0,1.032,1857,0.019,0.019,0.098,0.095,0.571,0.554,0.116,0.113,0.238,0.000
2,2,11,6,Mul,Mul,static,AI_VECTOR_CORE,1784811014410427.610	,1.180,0.000000,1,0,NO,"""3,2,64,1;3,2,1,1""",FLOAT;FLOAT,NCHW;NCHW,"""3,2,64,1""",FLOAT,NCHW,N/A,0.0,0,0.0,0.0,0.0,0.0,0.0,0.0,0.0,0.0,0.0,0.0,0.0,0.631,1136,0.048,0.077,0.123,0.195,0.121,0.192,0.111,0.175,0.217,0.000
2,2,12,6,ConcatV2,ConcatV2D,static,AI_VECTOR_CORE,1784811014410428.810	,3.940,0.070000,1,0,NO,"""3,2,1,64;3,2,1,64""",FLOAT;FLOAT,NCHW;NCHW,"""3,2,1,128""",FLOAT,NCHW,N/A,0.0,0,0.0,0.0,0.0,0.0,0.0,0.0,0.0,0.0,0.0,0.0,0.0,3.381,6086,2.721,0.805,0.206,0.061,0.141,0.042,0.143,0.042,0.186,0.000
2,2,13,6,Cos,Cos,static,AI_VECTOR_CORE,1784811014410432.790	,2.300,0.060000,1,0,NO,"""3,2,1,128""",FLOAT,NCHW,"""3,2,1,128""",FLOAT,NCHW,N/A,0.0,0,0.0,0.0,0.0,0.0,0.0,0.0,0.0,0.0,0.0,0.0,0.0,1.73,3114,0.858,0.496,0.152,0.088,0.133,0.077,0.144,0.083,0.21,0.000
2,2,14,6,Mul_1Cast_5,Mul,static,AI_VECTOR_CORE,1784811014410435.110	,1.500,0.000000,1,0,NO,"""3,2,1,128;""",FLOAT;FLOAT,NCHW;NCHW,"""3,2,1,128""",FLOAT16,NCHW,N/A,0.0,0,0.0,0.0,0.0,0.0,0.0,0.0,0.0,0.0,0.0,0.0,0.0,1.049,1888,0.038,0.037,0.126,0.12,0.528,0.504,0.134,0.128,0.208,0.000
2,2,15,6,Sin,Sin,static,AI_VECTOR_CORE,1784811014410436.630	,1.960,0.250000,1,0,NO,"""3,2,1,128""",FLOAT,NCHW,"""3,2,1,128""",FLOAT,NCHW,N/A,0.0,0,0.0,0.0,0.0,0.0,0.0,0.0,0.0,0.0,0.0,0.0,0.0,1.486,2674,0.808,0.544,0.168,0.113,0.118,0.08,0.135,0.091,0.207,0.000
2,2,16,6,Mul_2Cast_6,Mul,static,AI_VECTOR_CORE,1784811014410438.610	,1.320,0.000000,1,0,NO,"""3,2,1,128;""",FLOAT;FLOAT,NCHW;NCHW,"""3,2,1,128""",FLOAT16,NCHW,N/A,0.0,0,0.0,0.0,0.0,0.0,0.0,0.0,0.0,0.0,0.0,0.0,0.0,0.825,1485,0.038,0.046,0.116,0.141,0.428,0.519,0.119,0.144,0.208,0.000
2,2,17,6,SplitV,SplitVD,static,AI_VECTOR_CORE,1784811014410439.950	,3.980,0.180000,1,0,NO,"""3,2,1,128""",FLOAT16,NCHW,"""3,2,1,16;3,2,1,24;3,2,1,24;3,2,1,16;3,2,1,24;3,2,1,24""",FLOAT16;FLOAT16;FLOAT16;FLOAT16;FLOAT16;FLOAT16,NCHW;NCHW;NCHW;NCHW;NCHW;NCHW,N/A,0.0,0,0.0,0.0,0.0,0.0,0.0,0.0,0.0,0.0,0.0,0.0,0.0,3.487,6277,2.234,0.641,0.309,0.089,0.107,0.031,0.957,0.274,0.177,0.000
2,2,18,6,GatherV2_1,GatherV2,static,AI_VECTOR_CORE,1784811014410443.950	,1.580,0.020000,1,0,NO,"""3,2,1,16;;1""",FLOAT16;INT64;INT64,NCHW;NCHW;NCHW,"""2,1,16""",FLOAT16,NCHW,N/A,0.0,0,0.0,0.0,0.0,0.0,0.0,0.0,0.0,0.0,0.0,0.0,0.0,1.065,1917,0.057,0.053,0.142,0.133,0.52,0.488,0.116,0.109,0.2,0.000
2,2,19,6,GatherV2_4,GatherV2,static,AI_VECTOR_CORE,1784811014410445.550	,1.120,0.000000,1,0,NO,"""3,2,1,16;;1""",FLOAT16;INT64;INT64,NCHW;NCHW;NCHW,"""2,1,16""",FLOAT16,NCHW,N/A,0.0,0,0.0,0.0,0.0,0.0,0.0,0.0,0.0,0.0,0.0,0.0,0.0,0.621,1118,0.057,0.091,0.178,0.287,0.141,0.227,0.116,0.186,0.2,0.000
2,2,20,6,GatherV2_2,GatherV2,static,AI_VECTOR_CORE,1784811014410446.710	,1.600,0.130000,1,0,NO,"""3,2,1,24;;1""",FLOAT16;INT64;INT64,NCHW;NCHW;NCHW,"""2,1,24""",FLOAT16,NCHW,N/A,0.0,0,0.0,0.0,0.0,0.0,0.0,0.0,0.0,0.0,0.0,0.0,0.0,1.086,1955,0.057,0.052,0.142,0.13,0.532,0.49,0.117,0.108,0.2,0.000
2,2,21,6,GatherV2_3,GatherV2,static,AI_VECTOR_CORE,1784811014410448.330	,1.220,0.000000,1,0,NO,"""3,2,1,24;;1""",FLOAT16;INT64;INT64,NCHW;NCHW;NCHW,"""2,1,24""",FLOAT16,NCHW,N/A,0.0,0,0.0,0.0,0.0,0.0,0.0,0.0,0.0,0.0,0.0,0.0,0.0,0.687,1237,0.057,0.082,0.179,0.26,0.196,0.285,0.121,0.176,0.2,0.000
2,2,22,6,GatherV2_5,GatherV2,static,AI_VECTOR_CORE,1784811014410449.570	,1.620,0.030000,1,0,NO,"""3,2,1,24;;1""",FLOAT16;INT64;INT64,NCHW;NCHW;NCHW,"""2,1,24""",FLOAT16,NCHW,N/A,0.0,0,0.0,0.0,0.0,0.0,0.0,0.0,0.0,0.0,0.0,0.0,0.0,1.086,1954,0.057,0.052,0.154,0.142,0.613,0.564,0.112,0.103,0.2,0.000
2,2,23,6,GatherV2_6,GatherV2,static,AI_VECTOR_CORE,1784811014410451.210	,1.160,0.130000,1,0,NO,"""3,2,1,24;;1""",FLOAT16;INT64;INT64,NCHW;NCHW;NCHW,"""2,1,24""",FLOAT16,NCHW,N/A,0.0,0,0.0,0.0,0.0,0.0,0.0,0.0,0.0,0.0,0.0,0.0,0.0,0.632,1137,0.057,0.09,0.189,0.299,0.124,0.196,0.112,0.177,0.2,0.000
2,2,24,6,SplitV_1,SplitVD,static,AI_VECTOR_CORE,1784811014410452.390	,3.920,0.090000,1,0,NO,"""3,2,1,128""",FLOAT16,NCHW,"""3,2,1,16;3,2,1,24;3,2,1,24;3,2,1,16;3,2,1,24;3,2,1,24""",FLOAT16;FLOAT16;FLOAT16;FLOAT16;FLOAT16;FLOAT16,NCHW;NCHW;NCHW;NCHW;NCHW;NCHW,N/A,0.0,0,0.0,0.0,0.0,0.0,0.0,0.0,0.0,0.0,0.0,0.0,0.0,3.443,6198,2.234,0.649,0.357,0.104,0.119,0.035,0.973,0.283,0.177,0.000
2,2,25,6,GatherV2_10,GatherV2,static,AI_VECTOR_CORE,1784811014410456.330	,1.340,0.000000,1,0,NO,"""3,2,1,16;;1""",FLOAT16;INT64;INT64,NCHW;NCHW;NCHW,"""2,1,16""",FLOAT16,NCHW,N/A,0.0,0,0.0,0.0,0.0,0.0,0.0,0.0,0.0,0.0,0.0,0.0,0.0,0.881,1585,0.057,0.064,0.163,0.185,0.438,0.497,0.115,0.131,0.182,0.000
2,2,26,6,GatherV2_7,GatherV2,static,AI_VECTOR_CORE,1784811014410457.710	,1.400,0.160000,1,0,NO,"""3,2,1,16;;1""",FLOAT16;INT64;INT64,NCHW;NCHW;NCHW,"""2,1,16""",FLOAT16,NCHW,N/A,0.0,0,0.0,0.0,0.0,0.0,0.0,0.0,0.0,0.0,0.0,0.0,0.0,0.918,1653,0.057,0.062,0.201,0.219,0.428,0.466,0.116,0.126,0.182,0.000
2,2,27,6,GatherV2_11,GatherV2,static,AI_VECTOR_CORE,1784811014410459.130	,1.100,0.100000,1,0,NO,"""3,2,1,24;;1""",FLOAT16;INT64;INT64,NCHW;NCHW;NCHW,"""2,1,24""",FLOAT16,NCHW,N/A,0.0,0,0.0,0.0,0.0,0.0,0.0,0.0,0.0,0.0,0.0,0.0,0.0,0.604,1088,0.057,0.094,0.164,0.272,0.152,0.252,0.117,0.193,0.182,0.000
2,2,28,6,GatherV2_12,GatherV2,static,AI_VECTOR_CORE,1784811014410460.270	,1.440,0.000000,1,0,NO,"""3,2,1,24;;1""",FLOAT16;INT64;INT64,NCHW;NCHW;NCHW,"""2,1,24""",FLOAT16,NCHW,N/A,0.0,0,0.0,0.0,0.0,0.0,0.0,0.0,0.0,0.0,0.0,0.0,0.0,0.94,1692,0.057,0.06,0.188,0.2,0.45,0.479,0.119,0.127,0.2,0.000
2,2,29,6,GatherV2_8,GatherV2,static,AI_VECTOR_CORE,1784811014410461.730	,1.100,0.060000,1,0,NO,"""3,2,1,24;;1""",FLOAT16;INT64;INT64,NCHW;NCHW;NCHW,"""2,1,24""",FLOAT16,NCHW,N/A,0.0,0,0.0,0.0,0.0,0.0,0.0,0.0,0.0,0.0,0.0,0.0,0.0,0.589,1061,0.057,0.096,0.153,0.259,0.125,0.212,0.128,0.218,0.2,0.000
2,2,30,6,GatherV2_9,GatherV2,static,AI_VECTOR_CORE,1784811014410462.870	,1.460,0.000000,1,0,NO,"""3,2,1,24;;1""",FLOAT16;INT64;INT64,NCHW;NCHW;NCHW,"""2,1,24""",FLOAT16,NCHW,N/A,0.0,0,0.0,0.0,0.0,0.0,0.0,0.0,0.0,0.0,0.0,0.0,0.0,0.942,1696,0.057,0.06,0.191,0.203,0.448,0.476,0.117,0.124,0.2,0.000
2,2,31,6,ConcatV2_1,ConcatV2D,static,AI_VECTOR_CORE,1784811014410464.350	,3.820,0.040000,1,0,NO,"""2,1,16;2,1,24;2,1,24;2,1,16;2,1,24;2,1,24""",FLOAT16;FLOAT16;FLOAT16;FLOAT16;FLOAT16;FLOAT16,NCHW;NCHW;NCHW;NCHW;NCHW;NCHW,"""2,1,128""",FLOAT16,NCHW,N/A,0.0,0,0.0,0.0,0.0,0.0,0.0,0.0,0.0,0.0,0.0,0.0,0.0,3.265,5877,2.356,0.721,0.309,0.095,0.106,0.032,0.416,0.127,0.175,0.000
2,2,32,6,ConcatV2_2,ConcatV2D,static,AI_VECTOR_CORE,1784811014410468.190	,3.580,0.180000,1,0,NO,"""2,1,16;2,1,24;2,1,24;2,1,16;2,1,24;2,1,24""",FLOAT16;FLOAT16;FLOAT16;FLOAT16;FLOAT16;FLOAT16,NCHW;NCHW;NCHW;NCHW;NCHW;NCHW,"""2,1,128""",FLOAT16,NCHW,N/A,0.0,0,0.0,0.0,0.0,0.0,0.0,0.0,0.0,0.0,0.0,0.0,0.0,3.038,5468,2.356,0.775,0.279,0.092,0.116,0.038,0.302,0.099,0.169,0.000
2,2,33,6,ApplyRotaryPosEmb,ApplyRotaryPosEmb,static,AI_VECTOR_CORE,1784811014410471.790	,3.920,0.000000,2,0,NO,"""2,1,16,128;2,1,2,128;2,1,1,128;2,1,1,128""",FLOAT16;FLOAT16;FLOAT16;FLOAT16,NCHW;NCHW;NCHW;NCHW,"""2,1,16,128;2,1,2,128""",FLOAT16;FLOAT16,NCHW;NCHW,N/A,0.0,0,0.0,0.0,0.0,0.0,0.0,0.0,0.0,0.0,0.0,0.0,0.0,3.29,11845,0.156,0.047,2.137,0.65,0.263,0.08,0.144,0.044,0.155,0.000
2,2,34,6,Scatter,Scatter,static,AI_VECTOR_CORE,1784811014410475.730	,2.060,0.080000,4,0,NO,"""2,2,1024,128;2;2,2,1,128""",FLOAT16;INT64;FLOAT16,NCHW;NCHW;NCHW,"""2,2,1024,128""",FLOAT16,NCHW,N/A,0.0,0,0.0,0.0,0.0,0.0,0.0,0.0,0.0,0.0,0.0,0.0,0.0,1.175,8462,0.008,0.007,0.126,0.108,0.453,0.385,0.255,0.217,0.203,0.000
2,2,35,6,Greater,Greater,static,AI_VECTOR_CORE,1784811014410477.810	,6.360,0.000000,32,0,NO,"""1,1024;2,1""",INT64;INT64,NCHW;NCHW,"""2,1024""",BOOL,NCHW,N/A,0.0,0,0.0,0.0,0.0,0.0,0.0,0.0,0.0,0.0,0.0,0.0,0.0,3.71,213718,0.576,0.155,0.31,0.084,0.182,0.049,0.239,0.064,0.184,0.000
2,2,36,6,IncreFlashAttention,IncreFlashAttention,static,MIX_AIC,1784811014410485.170	,21.780,1.140000,4,8,NO,"""2,16,1,128;2,2,1024,128;2,2,1024,128;2,1,1,1024""",FLOAT16;FLOAT16;FLOAT16;BOOL,NCHW;NCHW;NCHW;NCHW,"""2,16,1,128""",FLOAT16,NCHW,0,21.199,152633,1.076,0.051,14.647,0.691,2.698,0.127,7.421,0.35,2.885,0.136,0.052,12.327,177504,0.719,0.058,2.865,0.232,0.192,0.016,0.444,0.036,0.136,16.222
2,2,37,6,MatMul_1,MatMul,static,AI_CORE,1784811014410507.690	,8.700,0.720000,22,0,NO,"""2,2048;1024,2048""",FLOAT16;FLOAT16,ND;ND,"""2,1024""",FLOAT16,ND,N/A,6.451,255471,0.975,0.151,0.456,0.071,1.295,0.201,3.474,0.539,0.193,0.03,0.04,0.0,0,0.0,0.0,0.0,0.0,0.0,0.0,0.0,0.0,0.0,67.973
2,2,38,6,InplaceAddRmsNorm,InplaceAddRmsNorm,static,AI_VECTOR_CORE,1784811014410516.430	,2.360,0.050000,2,0,NO,"""2,1,1024;2,1,1024;1024""",FLOAT16;FLOAT16;FLOAT16,ND;ND;ND,"""2,1,1024;2,1,1;2,1,1024""",FLOAT16;FLOAT;FLOAT16,ND;ND;ND,N/A,0.0,0,0.0,0.0,0.0,0.0,0.0,0.0,0.0,0.0,0.0,0.0,0.0,1.799,6478,0.282,0.157,0.734,0.408,0.531,0.295,0.398,0.221,0.227,0.000
2,2,39,6,MatMul_2,MatMul,static,AI_CORE,1784811014410518.810	,9.540,0.000000,24,0,NO,"""2,1024;3072,1024""",FLOAT16;FLOAT16,ND;ND,"""2,3072""",FLOAT16,ND,N/A,7.416,320378,0.538,0.073,0.149,0.02,1.325,0.179,4.572,0.617,0.14,0.019,0.208,0.0,0,0.0,0.0,0.0,0.0,0.0,0.0,0.0,0.0,0.0,77.737
2,2,40,6,MatMul_3,MatMul,static,AI_CORE,1784811014410528.370	,8.720,0.000000,24,0,NO,"""2,1024;3072,1024""",FLOAT16;FLOAT16,ND;ND,"""2,3072""",FLOAT16,ND,N/A,6.103,263661,0.538,0.088,0.498,0.082,1.313,0.215,4.742,0.777,0.147,0.024,0.0,0.0,0,0.0,0.0,0.0,0.0,0.0,0.0,0.0,0.0,0.0,69.992
2,2,41,6,SwishMul_3,AutomaticBufferFusionOp,static,AI_VECTOR_CORE,1784811014410537.110	,2.280,0.030000,6,0,NO,"""2,1,3072;2,1,3072""",FLOAT16;FLOAT16,ND;ND,"""2,1,3072""",FLOAT16,ND,N/A,0.0,0,0.0,0.0,0.0,0.0,0.0,0.0,0.0,0.0,0.0,0.0,0.0,1.198,12941,0.163,0.136,0.139,0.116,0.157,0.131,0.135,0.113,0.223,0.000
2,2,42,6,MatMul_4,MatMul,static,AI_CORE,1784811014410539.410	,10.520,0.220000,22,0,NO,"""2,3072;1024,3072""",FLOAT16;FLOAT16,ND;ND,"""2,1024""",FLOAT16,ND,N/A,8.284,328042,1.461,0.176,0.62,0.075,1.939,0.234,5.271,0.636,0.171,0.021,0.023,0.0,0,0.0,0.0,0.0,0.0,0.0,0.0,0.0,0.0,0.0,72.182
2,2,43,6,InplaceAddRmsNorm_1,InplaceAddRmsNorm,static,AI_VECTOR_CORE,1784811014410549.970	,2.740,0.000000,2,0,NO,"""2,1,1024;2,1,1024;1024""",FLOAT16;FLOAT16;FLOAT16,ND;ND;ND,"""2,1,1024;2,1,1;2,1,1024""",FLOAT16;FLOAT;FLOAT16,ND;ND;ND,N/A,0.0,0,0.0,0.0,0.0,0.0,0.0,0.0,0.0,0.0,0.0,0.0,0.0,2.181,7853,0.282,0.129,1.349,0.619,0.568,0.261,0.414,0.19,0.218,0.000
2,2,44,6,MatMul_5,MatMul,static,AI_CORE,1784811014410552.730	,8.600,0.010000,23,0,NO,"""2,1024;2560,1024""",FLOAT16;FLOAT16,ND;ND,"""2,2560""",FLOAT16,ND,N/A,5.784,239459,0.643,0.111,0.584,0.101,1.244,0.215,4.279,0.74,0.195,0.034,0.009,0.0,0,0.0,0.0,0.0,0.0,0.0,0.0,0.0,0.0,0.0,64.454
2,2,45,6,SplitV_3,SplitVD,static,AI_VECTOR_CORE,1784811014410561.350	,1.100,0.000000,1,0,NO,"""2,1,2560""",FLOAT16,ND,"""2,1,2048;2,1,256;2,1,256""",FLOAT16;FLOAT16;FLOAT16,ND;ND;ND,N/A,0.0,0,0.0,0.0,0.0,0.0,0.0,0.0,0.0,0.0,0.0,0.0,0.0,0.541,973,0.008,0.014,0.152,0.281,0.137,0.254,0.157,0.291,0.263,0.000
2,2,46,6,Scatter_3,Scatter,static,AI_VECTOR_CORE,1784811014410562.490	,1.620,0.150000,4,0,NO,"""2,2,1024,128;2;2,2,1,128""",FLOAT16;INT64;FLOAT16,NCHW;NCHW;NCHW,"""2,2,1024,128""",FLOAT16,NCHW,N/A,0.0,0,0.0,0.0,0.0,0.0,0.0,0.0,0.0,0.0,0.0,0.0,0.0,0.815,5867,0.008,0.01,0.133,0.164,0.11,0.135,0.213,0.261,0.217,0.000
2,2,47,6,ApplyRotaryPosEmb_1,ApplyRotaryPosEmb,static,AI_VECTOR_CORE,1784811014410564.150	,3.280,0.130000,2,0,NO,"""2,1,16,128;2,1,2,128;2,1,1,128;2,1,1,128""",FLOAT16;FLOAT16;FLOAT16;FLOAT16,NCHW;NCHW;NCHW;NCHW,"""2,1,16,128;2,1,2,128""",FLOAT16;FLOAT16,NCHW;NCHW,N/A,0.0,0,0.0,0.0,0.0,0.0,0.0,0.0,0.0,0.0,0.0,0.0,0.0,2.608,9387,0.168,0.064,1.911,0.733,0.153,0.058,0.158,0.061,0.154,0.000
2,2,48,6,Scatter_2,Scatter,static,AI_VECTOR_CORE,1784811014410567.450	,1.440,0.000000,4,0,NO,"""2,2,1024,128;2;2,2,1,128""",FLOAT16;INT64;FLOAT16,NCHW;NCHW;NCHW,"""2,2,1024,128""",FLOAT16,NCHW,N/A,0.0,0,0.0,0.0,0.0,0.0,0.0,0.0,0.0,0.0,0.0,0.0,0.0,0.799,5751,0.008,0.01,0.184,0.23,0.111,0.139,0.231,0.289,0.226,0.000
2,2,49,6,IncreFlashAttention_1,IncreFlashAttention,static,MIX_AIC,1784811014410570.190	,19.140,1.310000,4,8,NO,"""2,16,1,128;2,2,1024,128;2,2,1024,128;2,1,1,1024""",FLOAT16;FLOAT16;FLOAT16;BOOL,NCHW;NCHW;NCHW;NCHW,"""2,16,1,128""",FLOAT16,NCHW,0,17.779,128008,1.076,0.06,13.347,0.751,2.698,0.152,7.179,0.404,2.888,0.162,0.015,10.238,147425,0.716,0.07,2.793,0.273,0.195,0.019,0.443,0.043,0.13,15.481
2,2,50,6,MatMul_6,MatMul,static,AI_CORE,1784811014410590.250	,6.740,0.860000,22,0,NO,"""2,2048;1024,2048""",FLOAT16;FLOAT16,ND;ND,"""2,1024""",FLOAT16,ND,N/A,5.412,214314,0.974,0.18,1.242,0.229,1.29,0.238,3.579,0.661,0.185,0.034,0.002,0.0,0,0.0,0.0,0.0,0.0,0.0,0.0,0.0,0.0,0.0,73.605
2,2,51,6,InplaceAddRmsNorm_2,InplaceAddRmsNorm,static,AI_VECTOR_CORE,1784811014410597.010	,2.920,0.010000,2,0,NO,"""2,1,1024;2,1,1024;1024""",FLOAT16;FLOAT16;FLOAT16,ND;ND;ND,"""2,1,1024;2,1,1;2,1,1024""",FLOAT16;FLOAT;FLOAT16,ND;ND;ND,N/A,0.0,0,0.0,0.0,0.0,0.0,0.0,0.0,0.0,0.0,0.0,0.0,0.0,2.285,8226,0.282,0.124,1.332,0.583,0.544,0.238,0.39,0.171,0.215,0.000
2,2,52,6,MatMul_7,MatMul,static,AI_CORE,1784811014410599.950	,7.720,0.080000,24,0,NO,"""2,1024;3072,1024""",FLOAT16;FLOAT16,ND;ND,"""2,3072""",FLOAT16,ND,N/A,5.621,242838,0.538,0.096,0.492,0.088,1.312,0.233,4.272,0.76,0.138,0.025,0.01,0.0,0,0.0,0.0,0.0,0.0,0.0,0.0,0.0,0.0,0.0,72.814
2,2,53,6,MatMul_8,MatMul,static,AI_CORE,1784811014410607.690	,8.000,0.030000,24,0,NO,"""2,1024;3072,1024""",FLOAT16;FLOAT16,ND;ND,"""2,3072""",FLOAT16,ND,N/A,5.98,258353,0.538,0.09,0.497,0.083,1.311,0.219,4.623,0.773,0.146,0.024,0.0,0.0,0,0.0,0.0,0.0,0.0,0.0,0.0,0.0,0.0,0.0,74.755
2,2,54,6,Swish_1Mul_4,AutomaticBufferFusionOp,static,AI_VECTOR_CORE,1784811014410615.710	,1.840,0.000000,6,0,NO,"""2,1,3072;2,1,3072""",FLOAT16;FLOAT16,ND;ND,"""2,1,3072""",FLOAT16,ND,N/A,0.0,0,0.0,0.0,0.0,0.0,0.0,0.0,0.0,0.0,0.0,0.0,0.0,0.987,10660,0.163,0.165,0.124,0.126,0.136,0.138,0.129,0.131,0.202,0.000
2,2,55,6,MatMul_9,MatMul,static,AI_CORE,1784811014410617.570	,9.760,0.000000,22,0,NO,"""2,3072;1024,3072""",FLOAT16;FLOAT16,ND;ND,"""2,1024""",FLOAT16,ND,N/A,7.554,299146,1.462,0.193,0.886,0.117,1.925,0.255,6.112,0.809,0.165,0.022,0.002,0.0,0,0.0,0.0,0.0,0.0,0.0,0.0,0.0,0.0,0.0,70.950
2,2,56,6,InplaceAddRmsNorm_3,InplaceAddRmsNorm,static,AI_VECTOR_CORE,1784811014410627.350	,2.240,0.000000,2,0,NO,"""2,1,1024;2,1,1024;1024""",FLOAT16;FLOAT16;FLOAT16,ND;ND;ND,"""2,1,1024;2,1,1;2,1,1024""",FLOAT16;FLOAT;FLOAT16,ND;ND;ND,N/A,0.0,0,0.0,0.0,0.0,0.0,0.0,0.0,0.0,0.0,0.0,0.0,0.0,1.637,5894,0.282,0.172,0.819,0.5,0.422,0.258,0.36,0.22,0.211,0.000
2,2,57,6,MatMul_10,MatMul,static,AI_CORE,1784811014410629.610	,7.820,0.010000,23,0,NO,"""2,1024;2560,1024""",FLOAT16;FLOAT16,ND;ND,"""2,2560""",FLOAT16,ND,N/A,5.539,229313,0.642,0.116,0.583,0.105,1.256,0.227,4.044,0.73,0.185,0.033,0.009,0.0,0,0.0,0.0,0.0,0.0,0.0,0.0,0.0,0.0,0.0,67.879
2,2,58,6,SplitV_4,SplitVD,static,AI_VECTOR_CORE,1784811014410637.450	,1.120,0.180000,1,0,NO,"""2,1,2560""",FLOAT16,ND,"""2,1,2048;2,1,256;2,1,256""",FLOAT16;FLOAT16;FLOAT16,ND;ND;ND,N/A,0.0,0,0.0,0.0,0.0,0.0,0.0,0.0,0.0,0.0,0.0,0.0,0.0,0.595,1071,0.008,0.013,0.151,0.254,0.155,0.261,0.155,0.261,0.263,0.000
2,2,59,6,Scatter_5,Scatter,static,AI_VECTOR_CORE,1784811014410638.590	,1.500,0.000000,4,0,NO,"""2,2,1024,128;2;2,2,1,128""",FLOAT16;INT64;FLOAT16,NCHW;NCHW;NCHW,"""2,2,1024,128""",FLOAT16,NCHW,N/A,0.0,0,0.0,0.0,0.0,0.0,0.0,0.0,0.0,0.0,0.0,0.0,0.0,0.801,5770,0.008,0.01,0.137,0.17,0.113,0.142,0.246,0.307,0.219,0.000
2,2,60,6,ApplyRotaryPosEmb_2,ApplyRotaryPosEmb,static,AI_VECTOR_CORE,1784811014410640.110	,2.620,0.000000,2,0,NO,"""2,1,16,128;2,1,2,128;2,1,1,128;2,1,1,128""",FLOAT16;FLOAT16;FLOAT16;FLOAT16,NCHW;NCHW;NCHW;NCHW,"""2,1,16,128;2,1,2,128""",FLOAT16;FLOAT16,NCHW;NCHW,N/A,0.0,0,0.0,0.0,0.0,0.0,0.0,0.0,0.0,0.0,0.0,0.0,0.0,1.875,6750,0.155,0.083,1.14,0.608,0.137,0.073,0.137,0.073,0.148,0.000
2,2,61,6,Scatter_4,Scatter,static,AI_VECTOR_CORE,1784811014410642.770	,1.560,0.130000,4,0,NO,"""2,2,1024,128;2;2,2,1,128""",FLOAT16;INT64;FLOAT16,NCHW;NCHW;NCHW,"""2,2,1024,128""",FLOAT16,NCHW,N/A,0.0,0,0.0,0.0,0.0,0.0,0.0,0.0,0.0,0.0,0.0,0.0,0.0,0.873,6287,0.008,0.009,0.132,0.151,0.108,0.124,0.284,0.325,0.205,0.000
2,2,62,6,IncreFlashAttention_2,IncreFlashAttention,static,MIX_AIC,1784811014410645.550	,19.520,1.190000,4,8,NO,"""2,16,1,128;2,2,1024,128;2,2,1024,128;2,1,1,1024""",FLOAT16;FLOAT16;FLOAT16;BOOL,NCHW;NCHW;NCHW;NCHW,"""2,16,1,128""",FLOAT16,NCHW,0,17.632,126949,1.076,0.061,13.476,0.764,2.697,0.153,7.124,0.404,2.941,0.167,0.014,10.287,148128,0.717,0.07,2.715,0.264,0.195,0.019,0.459,0.045,0.133,15.054
2,2,63,6,MatMul_11,MatMul,static,AI_CORE,1784811014410666.250	,7.460,1.230000,22,0,NO,"""2,2048;1024,2048""",FLOAT16;FLOAT16,ND;ND,"""2,1024""",FLOAT16,ND,N/A,5.357,212123,0.973,0.182,0.739,0.138,1.307,0.244,4.025,0.751,0.187,0.035,0.002,0.0,0,0.0,0.0,0.0,0.0,0.0,0.0,0.0,0.0,0.0,65.821
2,2,64,6,InplaceAddRmsNorm_4,InplaceAddRmsNorm,static,AI_VECTOR_CORE,1784811014410673.730	,2.440,0.040000,2,0,NO,"""2,1,1024;2,1,1024;1024""",FLOAT16;FLOAT16;FLOAT16,ND;ND;ND,"""2,1,1024;2,1,1;2,1,1024""",FLOAT16;FLOAT;FLOAT16,ND;ND;ND,N/A,0.0,0,0.0,0.0,0.0,0.0,0.0,0.0,0.0,0.0,0.0,0.0,0.0,1.723,6203,0.282,0.164,0.723,0.419,0.441,0.256,0.374,0.217,0.218,0.000
2,2,65,6,MatMul_12,MatMul,static,AI_CORE,1784811014410676.190	,8.080,0.060000,24,0,NO,"""2,1024;3072,1024""",FLOAT16;FLOAT16,ND;ND,"""2,3072""",FLOAT16,ND,N/A,6.042,261006,0.538,0.089,0.513,0.085,1.306,0.216,4.666,0.772,0.141,0.023,0.01,0.0,0,0.0,0.0,0.0,0.0,0.0,0.0,0.0,0.0,0.0,74.775
2,2,66,6,MatMul_13,MatMul,static,AI_CORE,1784811014410684.290	,8.480,0.000000,24,0,NO,"""2,1024;3072,1024""",FLOAT16;FLOAT16,ND;ND,"""2,3072""",FLOAT16,ND,N/A,6.473,279623,0.538,0.083,1.019,0.157,1.308,0.202,4.604,0.711,0.152,0.024,0.0,0.0,0,0.0,0.0,0.0,0.0,0.0,0.0,0.0,0.0,0.0,76.330
2,2,67,6,Swish_2Mul_5,AutomaticBufferFusionOp,static,AI_VECTOR_CORE,1784811014410692.790	,1.960,0.020000,6,0,NO,"""2,1,3072;2,1,3072""",FLOAT16;FLOAT16,ND;ND,"""2,1,3072""",FLOAT16,ND,N/A,0.0,0,0.0,0.0,0.0,0.0,0.0,0.0,0.0,0.0,0.0,0.0,0.0,1.008,10881,0.163,0.162,0.139,0.138,0.159,0.158,0.142,0.141,0.212,0.000
2,2,68,6,MatMul_14,MatMul,static,AI_CORE,1784811014410694.770	,9.860,0.040000,22,0,NO,"""2,3072;1024,3072""",FLOAT16;FLOAT16,ND;ND,"""2,1024""",FLOAT16,ND,N/A,7.426,294072,1.462,0.197,0.883,0.119,1.934,0.26,5.982,0.806,0.179,0.024,0.002,0.0,0,0.0,0.0,0.0,0.0,0.0,0.0,0.0,0.0,0.0,69.039
2,2,69,6,InplaceAddRmsNorm_5,InplaceAddRmsNorm,static,AI_VECTOR_CORE,1784811014410704.650	,2.760,0.140000,2,0,NO,"""2,1,1024;2,1,1024;1024""",FLOAT16;FLOAT16;FLOAT16,ND;ND;ND,"""2,1,1024;2,1,1;2,1,1024""",FLOAT16;FLOAT;FLOAT16,ND;ND;ND,N/A,0.0,0,0.0,0.0,0.0,0.0,0.0,0.0,0.0,0.0,0.0,0.0,0.0,1.695,6102,0.282,0.167,0.885,0.522,0.413,0.243,0.394,0.232,0.231,0.000
2,2,70,6,MatMul_15,MatMul,static,AI_CORE,1784811014410707.430	,7.360,0.000000,23,0,NO,"""2,1024;2560,1024""",FLOAT16;FLOAT16,ND;ND,"""2,2560""",FLOAT16,ND,N/A,5.174,214224,0.644,0.124,0.513,0.099,1.247,0.241,3.767,0.728,0.183,0.035,0.005,0.0,0,0.0,0.0,0.0,0.0,0.0,0.0,0.0,0.0,0.0,67.376
2,2,71,6,SplitV_5,SplitVD,static,AI_VECTOR_CORE,1784811014410714.810	,1.060,0.000000,1,0,NO,"""2,1,2560""",FLOAT16,ND,"""2,1,2048;2,1,256;2,1,256""",FLOAT16;FLOAT16;FLOAT16,ND;ND;ND,N/A,0.0,0,0.0,0.0,0.0,0.0,0.0,0.0,0.0,0.0,0.0,0.0,0.0,0.571,1027,0.008,0.014,0.129,0.226,0.137,0.241,0.157,0.276,0.263,0.000
2,2,72,6,Scatter_7,Scatter,static,AI_VECTOR_CORE,1784811014410715.890	,1.260,0.190000,4,0,NO,"""2,2,1024,128;2;2,2,1,128""",FLOAT16;INT64;FLOAT16,NCHW;NCHW;NCHW,"""2,2,1024,128""",FLOAT16,NCHW,N/A,0.0,0,0.0,0.0,0.0,0.0,0.0,0.0,0.0,0.0,0.0,0.0,0.0,0.645,4645,0.008,0.012,0.129,0.2,0.115,0.178,0.272,0.422,0.096,0.000
2,2,73,6,ApplyRotaryPosEmb_3,ApplyRotaryPosEmb,static,AI_VECTOR_CORE,1784811014410717.170	,2.440,0.000000,2,0,NO,"""2,1,16,128;2,1,2,128;2,1,1,128;2,1,1,128""",FLOAT16;FLOAT16;FLOAT16;FLOAT16,NCHW;NCHW;NCHW;NCHW,"""2,1,16,128;2,1,2,128""",FLOAT16;FLOAT16,NCHW;NCHW,N/A,0.0,0,0.0,0.0,0.0,0.0,0.0,0.0,0.0,0.0,0.0,0.0,0.0,1.736,6250,0.153,0.088,1.189,0.685,0.131,0.076,0.132,0.076,0.152,0.000
2,2,74,6,Scatter_6,Scatter,static,AI_VECTOR_CORE,1784811014410719.630	,1.560,0.060000,4,0,NO,"""2,2,1024,128;2;2,2,1,128""",FLOAT16;INT64;FLOAT16,NCHW;NCHW;NCHW,"""2,2,1024,128""",FLOAT16,NCHW,N/A,0.0,0,0.0,0.0,0.0,0.0,0.0,0.0,0.0,0.0,0.0,0.0,0.0,0.777,5591,0.008,0.01,0.136,0.175,0.096,0.124,0.207,0.266,0.185,0.000
2,2,75,6,IncreFlashAttention_3,IncreFlashAttention,static,MIX_AIC,1784811014410722.210	,19.720,0.940000,4,8,NO,"""2,16,1,128;2,2,1024,128;2,2,1024,128;2,1,1,1024""",FLOAT16;FLOAT16;FLOAT16;BOOL,NCHW;NCHW;NCHW;NCHW,"""2,16,1,128""",FLOAT16,NCHW,0,17.734,127684,1.076,0.061,13.252,0.747,2.697,0.152,7.192,0.406,2.883,0.163,0.014,10.159,146296,0.72,0.071,2.595,0.255,0.195,0.019,0.449,0.044,0.132,14.988
2,2,76,6,MatMul_16,MatMul,static,AI_CORE,1784811014410742.910	,7.600,1.030000,22,0,NO,"""2,2048;1024,2048""",FLOAT16;FLOAT16,ND;ND,"""2,1024""",FLOAT16,ND,N/A,5.492,217470,0.974,0.177,0.65,0.118,1.286,0.234,4.264,0.777,0.173,0.032,0.0,0.0,0,0.0,0.0,0.0,0.0,0.0,0.0,0.0,0.0,0.0,66.237
2,2,77,6,InplaceAddRmsNorm_6,InplaceAddRmsNorm,static,AI_VECTOR_CORE,1784811014410750.530	,1.980,0.000000,2,0,NO,"""2,1,1024;2,1,1024;1024""",FLOAT16;FLOAT16;FLOAT16,ND;ND;ND,"""2,1,1024;2,1,1;2,1,1024""",FLOAT16;FLOAT;FLOAT16,ND;ND;ND,N/A,0.0,0,0.0,0.0,0.0,0.0,0.0,0.0,0.0,0.0,0.0,0.0,0.0,1.324,4767,0.282,0.213,0.568,0.429,0.393,0.297,0.37,0.28,0.215,0.000
2,2,78,6,MatMul_17,MatMul,static,AI_CORE,1784811014410752.550	,7.580,0.020000,24,0,NO,"""2,1024;3072,1024""",FLOAT16;FLOAT16,ND;ND,"""2,3072""",FLOAT16,ND,N/A,5.469,236247,0.538,0.098,0.43,0.079,1.308,0.239,4.174,0.763,0.142,0.026,0.01,0.0,0,0.0,0.0,0.0,0.0,0.0,0.0,0.0,0.0,0.0,72.146
2,2,79,6,MatMul_18,MatMul,static,AI_CORE,1784811014410760.170	,8.400,0.170000,24,0,NO,"""2,1024;3072,1024""",FLOAT16;FLOAT16,ND;ND,"""2,3072""",FLOAT16,ND,N/A,6.254,270162,0.538,0.086,0.902,0.144,1.32,0.211,4.492,0.718,0.152,0.024,0.0,0.0,0,0.0,0.0,0.0,0.0,0.0,0.0,0.0,0.0,0.0,74.449
2,2,80,6,Swish_3Mul_6,AutomaticBufferFusionOp,static,AI_VECTOR_CORE,1784811014410768.610	,1.860,0.000000,6,0,NO,"""2,1,3072;2,1,3072""",FLOAT16;FLOAT16,ND;ND,"""2,1,3072""",FLOAT16,ND,N/A,0.0,0,0.0,0.0,0.0,0.0,0.0,0.0,0.0,0.0,0.0,0.0,0.0,0.957,10335,0.163,0.17,0.136,0.143,0.164,0.171,0.13,0.136,0.202,0.000
2,2,81,6,MatMul_19,MatMul,static,AI_CORE,1784811014410770.510	,9.840,0.140000,22,0,NO,"""2,3072;1024,3072""",FLOAT16;FLOAT16,ND;ND,"""2,1024""",FLOAT16,ND,N/A,7.44,294612,1.461,0.196,0.821,0.11,1.937,0.26,6.06,0.815,0.175,0.024,0.002,0.0,0,0.0,0.0,0.0,0.0,0.0,0.0,0.0,0.0,0.0,69.306
2,2,82,6,InplaceAddRmsNorm_7,InplaceAddRmsNorm,static,AI_VECTOR_CORE,1784811014410780.370	,1.600,0.000000,2,0,NO,"""2,1,1024;2,1,1024;1024""",FLOAT16;FLOAT16;FLOAT16,ND;ND;ND,"""2,1,1024;2,1,1;2,1,1024""",FLOAT16;FLOAT;FLOAT16,ND;ND;ND,N/A,0.0,0,0.0,0.0,0.0,0.0,0.0,0.0,0.0,0.0,0.0,0.0,0.0,1.015,3654,0.282,0.278,0.461,0.454,0.343,0.338,0.358,0.353,0.122,0.000
2,2,83,6,MatMul_20,MatMul,static,AI_CORE,1784811014410781.990	,7.300,0.150000,23,0,NO,"""2,1024;2560,1024""",FLOAT16;FLOAT16,ND;ND,"""2,2560""",FLOAT16,ND,N/A,5.304,219602,0.644,0.121,0.491,0.093,1.255,0.237,3.888,0.733,0.198,0.037,0.007,0.0,0,0.0,0.0,0.0,0.0,0.0,0.0,0.0,0.0,0.0,69.635
2,2,84,6,SplitV_6,SplitVD,static,AI_VECTOR_CORE,1784811014410789.310	,1.100,0.000000,1,0,NO,"""2,1,2560""",FLOAT16,ND,"""2,1,2048;2,1,256;2,1,256""",FLOAT16;FLOAT16;FLOAT16,ND;ND;ND,N/A,0.0,0,0.0,0.0,0.0,0.0,0.0,0.0,0.0,0.0,0.0,0.0,0.0,0.532,958,0.008,0.015,0.119,0.224,0.136,0.256,0.151,0.283,0.286,0.000
2,2,85,6,Scatter_9,Scatter,static,AI_VECTOR_CORE,1784811014410790.430	,1.380,0.150000,4,0,NO,"""2,2,1024,128;2;2,2,1,128""",FLOAT16;INT64;FLOAT16,NCHW;NCHW;NCHW,"""2,2,1024,128""",FLOAT16,NCHW,N/A,0.0,0,0.0,0.0,0.0,0.0,0.0,0.0,0.0,0.0,0.0,0.0,0.0,0.698,5024,0.008,0.011,0.146,0.209,0.112,0.161,0.285,0.409,0.105,0.000
2,2,86,6,ApplyRotaryPosEmb_4,ApplyRotaryPosEmb,static,AI_VECTOR_CORE,1784811014410791.830	,2.360,0.000000,2,0,NO,"""2,1,16,128;2,1,2,128;2,1,1,128;2,1,1,128""",FLOAT16;FLOAT16;FLOAT16;FLOAT16,NCHW;NCHW;NCHW;NCHW,"""2,1,16,128;2,1,2,128""",FLOAT16;FLOAT16,NCHW;NCHW,N/A,0.0,0,0.0,0.0,0.0,0.0,0.0,0.0,0.0,0.0,0.0,0.0,0.0,1.8,6479,0.161,0.09,1.18,0.656,0.145,0.08,0.149,0.083,0.145,0.000
2,2,87,6,Scatter_8,Scatter,static,AI_VECTOR_CORE,1784811014410794.230	,1.400,0.140000,4,0,NO,"""2,2,1024,128;2;2,2,1,128""",FLOAT16;INT64;FLOAT16,NCHW;NCHW;NCHW,"""2,2,1024,128""",FLOAT16,NCHW,N/A,0.0,0,0.0,0.0,0.0,0.0,0.0,0.0,0.0,0.0,0.0,0.0,0.0,0.756,5445,0.008,0.01,0.14,0.185,0.119,0.157,0.316,0.418,0.188,0.000
2,2,88,6,IncreFlashAttention_4,IncreFlashAttention,static,MIX_AIC,1784811014410797.070	,19.960,1.350000,4,8,NO,"""2,16,1,128;2,2,1024,128;2,2,1024,128;2,1,1,1024""",FLOAT16;FLOAT16;FLOAT16;BOOL,NCHW;NCHW;NCHW;NCHW,"""2,16,1,128""",FLOAT16,NCHW,0,18.049,129955,1.076,0.06,13.584,0.753,2.697,0.149,7.255,0.402,2.938,0.163,0.014,10.443,150379,0.72,0.069,2.693,0.258,0.199,0.019,0.459,0.044,0.14,15.071
2,2,89,6,MatMul_21,MatMul,static,AI_CORE,1784811014410817.790	,7.620,0.790000,22,0,NO,"""2,2048;1024,2048""",FLOAT16;FLOAT16,ND;ND,"""2,1024""",FLOAT16,ND,N/A,5.628,222883,0.975,0.173,0.668,0.119,1.297,0.23,4.354,0.774,0.2,0.036,0.0,0.0,0,0.0,0.0,0.0,0.0,0.0,0.0,0.0,0.0,0.0,67.708
2,2,90,6,InplaceAddRmsNorm_8,InplaceAddRmsNorm,static,AI_VECTOR_CORE,1784811014410825.450	,2.000,0.130000,2,0,NO,"""2,1,1024;2,1,1024;1024""",FLOAT16;FLOAT16;FLOAT16,ND;ND;ND,"""2,1,1024;2,1,1;2,1,1024""",FLOAT16;FLOAT;FLOAT16,ND;ND;ND,N/A,0.0,0,0.0,0.0,0.0,0.0,0.0,0.0,0.0,0.0,0.0,0.0,0.0,1.486,5351,0.282,0.19,0.625,0.421,0.518,0.348,0.392,0.264,0.214,0.000
2,2,91,6,MatMul_22,MatMul,static,AI_CORE,1784811014410827.470	,8.660,0.000000,24,0,NO,"""2,1024;3072,1024""",FLOAT16;FLOAT16,ND;ND,"""2,3072""",FLOAT16,ND,N/A,6.086,262901,0.538,0.088,0.424,0.07,1.312,0.216,4.797,0.788,0.138,0.023,0.01,0.0,0,0.0,0.0,0.0,0.0,0.0,0.0,0.0,0.0,0.0,70.273
2,2,92,6,MatMul_23,MatMul,static,AI_CORE,1784811014410836.150	,8.480,0.090000,24,0,NO,"""2,1024;3072,1024""",FLOAT16;FLOAT16,ND;ND,"""2,3072""",FLOAT16,ND,N/A,6.168,266457,0.538,0.087,0.428,0.069,1.311,0.212,4.872,0.79,0.151,0.024,0.0,0.0,0,0.0,0.0,0.0,0.0,0.0,0.0,0.0,0.0,0.0,72.736
2,2,93,6,Swish_4Mul_7,AutomaticBufferFusionOp,static,AI_VECTOR_CORE,1784811014410844.650	,1.820,0.020000,6,0,NO,"""2,1,3072;2,1,3072""",FLOAT16;FLOAT16,ND;ND,"""2,1,3072""",FLOAT16,ND,N/A,0.0,0,0.0,0.0,0.0,0.0,0.0,0.0,0.0,0.0,0.0,0.0,0.0,0.956,10321,0.163,0.171,0.144,0.151,0.177,0.186,0.141,0.147,0.215,0.000
2,2,94,6,MatMul_24,MatMul,static,AI_CORE,1784811014410846.490	,10.200,0.000000,22,0,NO,"""2,3072;1024,3072""",FLOAT16;FLOAT16,ND;ND,"""2,1024""",FLOAT16,ND,N/A,7.594,300723,1.461,0.192,0.819,0.108,1.947,0.256,6.22,0.819,0.164,0.022,0.002,0.0,0,0.0,0.0,0.0,0.0,0.0,0.0,0.0,0.0,0.0,68.247
2,2,95,6,InplaceAddRmsNorm_9,InplaceAddRmsNorm,static,AI_VECTOR_CORE,1784811014410856.730	,1.620,0.050000,2,0,NO,"""2,1,1024;2,1,1024;1024""",FLOAT16;FLOAT16;FLOAT16,ND;ND;ND,"""2,1,1024;2,1,1;2,1,1024""",FLOAT16;FLOAT;FLOAT16,ND;ND;ND,N/A,0.0,0,0.0,0.0,0.0,0.0,0.0,0.0,0.0,0.0,0.0,0.0,0.0,1.034,3721,0.282,0.273,0.449,0.435,0.352,0.34,0.382,0.37,0.118,0.000
2,2,96,6,MatMul_25,MatMul,static,AI_CORE,1784811014410858.390	,7.920,0.130000,23,0,NO,"""2,1024;2560,1024""",FLOAT16;FLOAT16,ND;ND,"""2,2560""",FLOAT16,ND,N/A,5.913,244816,0.641,0.108,0.918,0.155,1.255,0.212,4.085,0.691,0.2,0.034,0.007,0.0,0,0.0,0.0,0.0,0.0,0.0,0.0,0.0,0.0,0.0,71.553
2,2,97,6,SplitV_7,SplitVD,static,AI_VECTOR_CORE,1784811014410866.330	,1.120,0.000000,1,0,NO,"""2,1,2560""",FLOAT16,ND,"""2,1,2048;2,1,256;2,1,256""",FLOAT16;FLOAT16;FLOAT16,ND;ND;ND,N/A,0.0,0,0.0,0.0,0.0,0.0,0.0,0.0,0.0,0.0,0.0,0.0,0.0,0.541,974,0.008,0.014,0.1,0.185,0.139,0.257,0.156,0.287,0.286,0.000
2,2,98,6,Scatter_11,Scatter,static,AI_VECTOR_CORE,1784811014410867.470	,1.400,0.130000,4,0,NO,"""2,2,1024,128;2;2,2,1,128""",FLOAT16;INT64;FLOAT16,NCHW;NCHW;NCHW,"""2,2,1024,128""",FLOAT16,NCHW,N/A,0.0,0,0.0,0.0,0.0,0.0,0.0,0.0,0.0,0.0,0.0,0.0,0.0,0.756,5445,0.008,0.01,0.139,0.184,0.108,0.143,0.213,0.282,0.212,0.000
2,2,99,6,ApplyRotaryPosEmb_5,ApplyRotaryPosEmb,static,AI_VECTOR_CORE,1784811014410868.890	,2.440,0.100000,2,0,NO,"""2,1,16,128;2,1,2,128;2,1,1,128;2,1,1,128""",FLOAT16;FLOAT16;FLOAT16;FLOAT16,NCHW;NCHW;NCHW;NCHW,"""2,1,16,128;2,1,2,128""",FLOAT16;FLOAT16,NCHW;NCHW,N/A,0.0,0,0.0,0.0,0.0,0.0,0.0,0.0,0.0,0.0,0.0,0.0,0.0,1.761,6339,0.161,0.091,1.238,0.703,0.127,0.072,0.133,0.075,0.154,0.000
2,2,100,6,Scatter_10,Scatter,static,AI_VECTOR_CORE,1784811014410871.350	,1.240,0.000000,4,0,NO,"""2,2,1024,128;2;2,2,1,128""",FLOAT16;INT64;FLOAT16,NCHW;NCHW;NCHW,"""2,2,1024,128""",FLOAT16,NCHW,N/A,0.0,0,0.0,0.0,0.0,0.0,0.0,0.0,0.0,0.0,0.0,0.0,0.0,0.656,4720,0.008,0.012,0.128,0.194,0.101,0.153,0.242,0.368,0.193,0.000
2,2,101,6,IncreFlashAttention_5,IncreFlashAttention,static,MIX_AIC,1784811014410873.730	,19.040,1.260000,4,8,NO,"""2,16,1,128;2,2,1024,128;2,2,1024,128;2,1,1,1024""",FLOAT16;FLOAT16;FLOAT16;BOOL,NCHW;NCHW;NCHW;NCHW,"""2,16,1,128""",FLOAT16,NCHW,0,17.011,122482,1.076,0.063,12.918,0.759,2.698,0.159,7.208,0.424,2.937,0.173,0.014,9.536,137321,0.719,0.075,2.308,0.242,0.193,0.02,0.45,0.047,0.059,14.891
2,2,102,6,MatMul_26,MatMul,static,AI_CORE,1784811014410893.810	,7.680,0.960000,22,0,NO,"""2,2048;1024,2048""",FLOAT16;FLOAT16,ND;ND,"""2,1024""",FLOAT16,ND,N/A,5.407,214103,0.975,0.18,0.66,0.122,1.301,0.241,4.153,0.768,0.183,0.034,0.0,0.0,0,0.0,0.0,0.0,0.0,0.0,0.0,0.0,0.0,0.0,64.532
2,2,103,6,InplaceAddRmsNorm_10,InplaceAddRmsNorm,static,AI_VECTOR_CORE,1784811014410901.510	,1.620,0.070000,2,0,NO,"""2,1,1024;2,1,1024;1024""",FLOAT16;FLOAT16;FLOAT16,ND;ND;ND,"""2,1,1024;2,1,1;2,1,1024""",FLOAT16;FLOAT;FLOAT16,ND;ND;ND,N/A,0.0,0,0.0,0.0,0.0,0.0,0.0,0.0,0.0,0.0,0.0,0.0,0.0,0.993,3574,0.282,0.284,0.434,0.438,0.304,0.307,0.367,0.37,0.115,0.000
2,2,104,6,MatMul_27,MatMul,static,AI_CORE,1784811014410903.150	,8.440,0.130000,24,0,NO,"""2,1024;3072,1024""",FLOAT16;FLOAT16,ND;ND,"""2,3072""",FLOAT16,ND,N/A,6.648,287206,0.538,0.081,0.472,0.071,1.293,0.194,5.347,0.804,0.146,0.022,0.01,0.0,0,0.0,0.0,0.0,0.0,0.0,0.0,0.0,0.0,0.0,78.771
2,2,105,6,MatMul_28,MatMul,static,AI_CORE,1784811014410911.630	,8.240,0.060000,24,0,NO,"""2,1024;3072,1024""",FLOAT16;FLOAT16,ND;ND,"""2,3072""",FLOAT16,ND,N/A,5.933,256297,0.538,0.091,0.585,0.099,1.311,0.221,4.476,0.754,0.149,0.025,0.0,0.0,0,0.0,0.0,0.0,0.0,0.0,0.0,0.0,0.0,0.0,72.000
2,2,106,6,Swish_5Mul_8,AutomaticBufferFusionOp,static,AI_VECTOR_CORE,1784811014410919.890	,1.500,0.010000,6,0,NO,"""2,1,3072;2,1,3072""",FLOAT16;FLOAT16,ND;ND,"""2,1,3072""",FLOAT16,ND,N/A,0.0,0,0.0,0.0,0.0,0.0,0.0,0.0,0.0,0.0,0.0,0.0,0.0,0.786,8494,0.163,0.207,0.196,0.25,0.15,0.19,0.132,0.168,0.131,0.000
2,2,107,6,MatMul_29,MatMul,static,AI_CORE,1784811014410921.410	,9.960,0.000000,22,0,NO,"""2,3072;1024,3072""",FLOAT16;FLOAT16,ND;ND,"""2,1024""",FLOAT16,ND,N/A,7.537,298478,1.461,0.194,0.884,0.117,1.928,0.256,6.102,0.81,0.167,0.022,0.002,0.0,0,0.0,0.0,0.0,0.0,0.0,0.0,0.0,0.0,0.0,69.370
2,2,108,6,InplaceAddRmsNorm_11,InplaceAddRmsNorm,static,AI_VECTOR_CORE,1784811014410931.390	,1.640,0.040000,2,0,NO,"""2,1,1024;2,1,1024;1024""",FLOAT16;FLOAT16;FLOAT16,ND;ND;ND,"""2,1,1024;2,1,1;2,1,1024""",FLOAT16;FLOAT;FLOAT16,ND;ND;ND,N/A,0.0,0,0.0,0.0,0.0,0.0,0.0,0.0,0.0,0.0,0.0,0.0,0.0,1.018,3665,0.282,0.277,0.486,0.477,0.331,0.325,0.371,0.364,0.0,0.000
2,2,109,6,MatMul_30,MatMul,static,AI_CORE,1784811014410933.050	,7.300,0.000000,23,0,NO,"""2,1024;2560,1024""",FLOAT16;FLOAT16,ND;ND,"""2,2560""",FLOAT16,ND,N/A,5.879,243393,0.642,0.109,1.043,0.177,1.243,0.211,3.882,0.66,0.216,0.037,0.007,0.0,0,0.0,0.0,0.0,0.0,0.0,0.0,0.0,0.0,0.0,77.179
2,2,110,6,SplitV_8,SplitVD,static,AI_VECTOR_CORE,1784811014410940.370	,1.160,0.000000,1,0,NO,"""2,1,2560""",FLOAT16,ND,"""2,1,2048;2,1,256;2,1,256""",FLOAT16;FLOAT16;FLOAT16,ND;ND;ND,N/A,0.0,0,0.0,0.0,0.0,0.0,0.0,0.0,0.0,0.0,0.0,0.0,0.0,0.617,1110,0.008,0.013,0.119,0.193,0.134,0.217,0.151,0.244,0.286,0.000
2,2,111,6,Scatter_13,Scatter,static,AI_VECTOR_CORE,1784811014410941.570	,1.540,0.090000,4,0,NO,"""2,2,1024,128;2;2,2,1,128""",FLOAT16;INT64;FLOAT16,NCHW;NCHW;NCHW,"""2,2,1024,128""",FLOAT16,NCHW,N/A,0.0,0,0.0,0.0,0.0,0.0,0.0,0.0,0.0,0.0,0.0,0.0,0.0,0.737,5309,0.008,0.011,0.193,0.262,0.111,0.15,0.245,0.333,0.136,0.000
2,2,112,6,ApplyRotaryPosEmb_6,ApplyRotaryPosEmb,static,AI_VECTOR_CORE,1784811014410943.130	,2.240,0.210000,2,0,NO,"""2,1,16,128;2,1,2,128;2,1,1,128;2,1,1,128""",FLOAT16;FLOAT16;FLOAT16;FLOAT16,NCHW;NCHW;NCHW;NCHW,"""2,1,16,128;2,1,2,128""",FLOAT16;FLOAT16,NCHW;NCHW,N/A,0.0,0,0.0,0.0,0.0,0.0,0.0,0.0,0.0,0.0,0.0,0.0,0.0,1.521,5477,0.154,0.101,1.133,0.744,0.195,0.128,0.153,0.101,0.079,0.000
2,2,113,6,Scatter_12,Scatter,static,AI_VECTOR_CORE,1784811014410945.390	,1.280,0.010000,4,0,NO,"""2,2,1024,128;2;2,2,1,128""",FLOAT16;INT64;FLOAT16,NCHW;NCHW;NCHW,"""2,2,1024,128""",FLOAT16,NCHW,N/A,0.0,0,0.0,0.0,0.0,0.0,0.0,0.0,0.0,0.0,0.0,0.0,0.0,0.675,4858,0.008,0.012,0.166,0.246,0.11,0.163,0.357,0.529,0.0,0.000
2,2,114,6,IncreFlashAttention_6,IncreFlashAttention,static,MIX_AIC,1784811014410947.990	,19.020,1.220000,4,8,NO,"""2,16,1,128;2,2,1024,128;2,2,1024,128;2,1,1,1024""",FLOAT16;FLOAT16;FLOAT16;BOOL,NCHW;NCHW;NCHW;NCHW,"""2,16,1,128""",FLOAT16,NCHW,0,16.683,120118,1.076,0.064,12.993,0.779,2.699,0.162,7.039,0.422,2.968,0.178,0.014,9.217,132725,0.719,0.078,1.857,0.201,0.24,0.026,0.447,0.048,0.045,14.619
2,2,115,6,MatMul_31,MatMul,static,AI_CORE,1784811014410968.090	,6.500,0.980000,22,0,NO,"""2,2048;1024,2048""",FLOAT16;FLOAT16,ND;ND,"""2,1024""",FLOAT16,ND,N/A,5.003,198113,0.977,0.195,0.817,0.163,1.306,0.261,3.61,0.722,0.168,0.034,0.0,0.0,0,0.0,0.0,0.0,0.0,0.0,0.0,0.0,0.0,0.0,70.553
2,2,116,6,InplaceAddRmsNorm_12,InplaceAddRmsNorm,static,AI_VECTOR_CORE,1784811014410974.610	,1.840,0.000000,2,0,NO,"""2,1,1024;2,1,1024;1024""",FLOAT16;FLOAT16;FLOAT16,ND;ND;ND,"""2,1,1024;2,1,1;2,1,1024""",FLOAT16;FLOAT;FLOAT16,ND;ND;ND,N/A,0.0,0,0.0,0.0,0.0,0.0,0.0,0.0,0.0,0.0,0.0,0.0,0.0,1.186,4271,0.282,0.238,0.502,0.423,0.428,0.36,0.392,0.331,0.115,0.000
2,2,117,6,MatMul_32,MatMul,static,AI_CORE,1784811014410976.490	,8.480,0.160000,24,0,NO,"""2,1024;3072,1024""",FLOAT16;FLOAT16,ND;ND,"""2,3072""",FLOAT16,ND,N/A,6.333,273572,0.538,0.085,1.01,0.159,1.326,0.209,4.467,0.705,0.147,0.023,0.01,0.0,0,0.0,0.0,0.0,0.0,0.0,0.0,0.0,0.0,0.0,74.678
2,2,118,6,MatMul_33,MatMul,static,AI_CORE,1784811014410984.990	,8.840,0.020000,24,0,NO,"""2,1024;3072,1024""",FLOAT16;FLOAT16,ND;ND,"""2,3072""",FLOAT16,ND,N/A,6.039,260886,0.538,0.089,0.481,0.08,1.31,0.217,4.697,0.778,0.148,0.024,0.0,0.0,0,0.0,0.0,0.0,0.0,0.0,0.0,0.0,0.0,0.0,68.315
2,2,119,6,Swish_6Mul_9,AutomaticBufferFusionOp,static,AI_VECTOR_CORE,1784811014410993.850	,1.320,0.000000,6,0,NO,"""2,1,3072;2,1,3072""",FLOAT16;FLOAT16,ND;ND,"""2,1,3072""",FLOAT16,ND,N/A,0.0,0,0.0,0.0,0.0,0.0,0.0,0.0,0.0,0.0,0.0,0.0,0.0,0.636,6871,0.163,0.257,0.153,0.241,0.129,0.203,0.138,0.217,0.045,0.000
2,2,120,6,MatMul_34,MatMul,static,AI_CORE,1784811014410995.190	,9.180,0.180000,22,0,NO,"""2,3072;1024,3072""",FLOAT16;FLOAT16,ND;ND,"""2,1024""",FLOAT16,ND,N/A,7.287,288581,1.463,0.201,0.859,0.118,1.943,0.267,5.86,0.804,0.166,0.023,0.002,0.0,0,0.0,0.0,0.0,0.0,0.0,0.0,0.0,0.0,0.0,72.768
2,2,121,6,InplaceAddRmsNorm_13,InplaceAddRmsNorm,static,AI_VECTOR_CORE,1784811014411004.390	,1.480,0.070000,2,0,NO,"""2,1,1024;2,1,1024;1024""",FLOAT16;FLOAT16;FLOAT16,ND;ND;ND,"""2,1,1024;2,1,1;2,1,1024""",FLOAT16;FLOAT;FLOAT16,ND;ND;ND,N/A,0.0,0,0.0,0.0,0.0,0.0,0.0,0.0,0.0,0.0,0.0,0.0,0.0,0.973,3502,0.282,0.29,0.45,0.463,0.359,0.369,0.364,0.374,0.0,0.000
2,2,122,6,MatMul_35,MatMul,static,AI_CORE,1784811014411005.910	,7.600,0.020000,23,0,NO,"""2,1024;2560,1024""",FLOAT16;FLOAT16,ND;ND,"""2,2560""",FLOAT16,ND,N/A,5.464,226195,0.641,0.117,0.605,0.111,1.255,0.23,3.938,0.721,0.189,0.035,0.007,0.0,0,0.0,0.0,0.0,0.0,0.0,0.0,0.0,0.0,0.0,68.895
2,2,123,6,SplitV_9,SplitVD,static,AI_VECTOR_CORE,1784811014411013.530	,1.080,0.000000,1,0,NO,"""2,1,2560""",FLOAT16,ND,"""2,1,2048;2,1,256;2,1,256""",FLOAT16;FLOAT16;FLOAT16,ND;ND;ND,N/A,0.0,0,0.0,0.0,0.0,0.0,0.0,0.0,0.0,0.0,0.0,0.0,0.0,0.566,1018,0.008,0.014,0.121,0.213,0.155,0.274,0.157,0.277,0.286,0.000
2,2,124,6,Scatter_15,Scatter,static,AI_VECTOR_CORE,1784811014411014.630	,1.420,0.170000,4,0,NO,"""2,2,1024,128;2;2,2,1,128""",FLOAT16;INT64;FLOAT16,NCHW;NCHW;NCHW,"""2,2,1024,128""",FLOAT16,NCHW,N/A,0.0,0,0.0,0.0,0.0,0.0,0.0,0.0,0.0,0.0,0.0,0.0,0.0,0.823,5929,0.008,0.009,0.145,0.176,0.357,0.433,0.257,0.312,0.073,0.000
2,2,125,6,ApplyRotaryPosEmb_7,ApplyRotaryPosEmb,static,AI_VECTOR_CORE,1784811014411016.070	,3.060,0.000000,2,0,NO,"""2,1,16,128;2,1,2,128;2,1,1,128;2,1,1,128""",FLOAT16;FLOAT16;FLOAT16;FLOAT16,NCHW;NCHW;NCHW;NCHW,"""2,1,16,128;2,1,2,128""",FLOAT16;FLOAT16,NCHW;NCHW,N/A,0.0,0,0.0,0.0,0.0,0.0,0.0,0.0,0.0,0.0,0.0,0.0,0.0,1.833,6598,0.161,0.088,1.129,0.616,0.129,0.07,0.139,0.076,0.082,0.000
2,2,126,6,Scatter_14,Scatter,static,AI_VECTOR_CORE,1784811014411019.150	,1.240,0.190000,4,0,NO,"""2,2,1024,128;2;2,2,1,128""",FLOAT16;INT64;FLOAT16,NCHW;NCHW;NCHW,"""2,2,1024,128""",FLOAT16,NCHW,N/A,0.0,0,0.0,0.0,0.0,0.0,0.0,0.0,0.0,0.0,0.0,0.0,0.0,0.605,4358,0.008,0.013,0.141,0.232,0.113,0.187,0.275,0.454,0.065,0.000
2,2,127,6,IncreFlashAttention_7,IncreFlashAttention,static,MIX_AIC,1784811014411021.650	,20.220,1.260000,4,8,NO,"""2,16,1,128;2,2,1024,128;2,2,1024,128;2,1,1,1024""",FLOAT16;FLOAT16;FLOAT16;BOOL,NCHW;NCHW;NCHW;NCHW,"""2,16,1,128""",FLOAT16,NCHW,0,17.196,123808,1.076,0.063,12.916,0.751,2.698,0.157,7.251,0.422,2.933,0.171,0.015,9.49,136652,0.718,0.076,2.044,0.215,0.194,0.02,0.438,0.046,0.043,14.174
2,2,128,6,MatMul_36,MatMul,static,AI_CORE,1784811014411042.950	,7.580,1.030000,22,0,NO,"""2,2048;1024,2048""",FLOAT16;FLOAT16,ND;ND,"""2,1024""",FLOAT16,ND,N/A,5.427,214891,0.975,0.18,0.711,0.131,1.291,0.238,4.142,0.763,0.17,0.031,0.0,0.0,0,0.0,0.0,0.0,0.0,0.0,0.0,0.0,0.0,0.0,65.624
2,2,129,6,InplaceAddRmsNorm_14,InplaceAddRmsNorm,static,AI_VECTOR_CORE,1784811014411050.550	,2.000,0.000000,2,0,NO,"""2,1,1024;2,1,1024;1024""",FLOAT16;FLOAT16;FLOAT16,ND;ND;ND,"""2,1,1024;2,1,1;2,1,1024""",FLOAT16;FLOAT;FLOAT16,ND;ND;ND,N/A,0.0,0,0.0,0.0,0.0,0.0,0.0,0.0,0.0,0.0,0.0,0.0,0.0,1.242,4470,0.282,0.227,0.435,0.35,0.392,0.315,0.388,0.313,0.128,0.000
2,2,130,6,MatMul_37,MatMul,static,AI_CORE,1784811014411052.570	,8.620,0.000000,24,0,NO,"""2,1024;3072,1024""",FLOAT16;FLOAT16,ND;ND,"""2,3072""",FLOAT16,ND,N/A,5.846,252550,0.538,0.092,0.512,0.088,1.319,0.226,4.46,0.763,0.149,0.025,0.01,0.0,0,0.0,0.0,0.0,0.0,0.0,0.0,0.0,0.0,0.0,67.820
2,2,131,6,MatMul_38,MatMul,static,AI_CORE,1784811014411061.210	,7.700,0.130000,24,0,NO,"""2,1024;3072,1024""",FLOAT16;FLOAT16,ND;ND,"""2,3072""",FLOAT16,ND,N/A,5.962,257538,0.538,0.09,0.495,0.083,1.308,0.219,4.601,0.772,0.15,0.025,0.0,0.0,0,0.0,0.0,0.0,0.0,0.0,0.0,0.0,0.0,0.0,77.422
2,2,132,6,Swish_7Mul_10,AutomaticBufferFusionOp,static,AI_VECTOR_CORE,1784811014411068.930	,1.520,0.050000,6,0,NO,"""2,1,3072;2,1,3072""",FLOAT16;FLOAT16,ND;ND,"""2,1,3072""",FLOAT16,ND,N/A,0.0,0,0.0,0.0,0.0,0.0,0.0,0.0,0.0,0.0,0.0,0.0,0.0,0.789,8517,0.163,0.206,0.319,0.405,0.152,0.193,0.134,0.169,0.038,0.000
2,2,133,6,MatMul_39,MatMul,static,AI_CORE,1784811014411070.470	,9.540,0.000000,22,0,NO,"""2,3072;1024,3072""",FLOAT16;FLOAT16,ND;ND,"""2,1024""",FLOAT16,ND,N/A,7.679,304105,1.461,0.19,1.371,0.179,1.932,0.252,5.717,0.744,0.197,0.026,0.002,0.0,0,0.0,0.0,0.0,0.0,0.0,0.0,0.0,0.0,0.0,73.789
2,2,134,6,InplaceAddRmsNorm_15,InplaceAddRmsNorm,static,AI_VECTOR_CORE,1784811014411080.030	,1.540,0.000000,2,0,NO,"""2,1,1024;2,1,1024;1024""",FLOAT16;FLOAT16;FLOAT16,ND;ND;ND,"""2,1,1024;2,1,1;2,1,1024""",FLOAT16;FLOAT;FLOAT16,ND;ND;ND,N/A,0.0,0,0.0,0.0,0.0,0.0,0.0,0.0,0.0,0.0,0.0,0.0,0.0,1.033,3717,0.282,0.273,0.497,0.481,0.389,0.376,0.385,0.373,0.0,0.000
2,2,135,6,MatMul_40,MatMul,static,AI_CORE,1784811014411081.590	,8.300,0.000000,23,0,NO,"""2,1024;2560,1024""",FLOAT16;FLOAT16,ND;ND,"""2,2560""",FLOAT16,ND,N/A,5.801,240164,0.646,0.111,0.69,0.119,1.253,0.216,4.182,0.721,0.191,0.033,0.007,0.0,0,0.0,0.0,0.0,0.0,0.0,0.0,0.0,0.0,0.0,66.980
2,2,136,6,SplitV_10,SplitVD,static,AI_VECTOR_CORE,1784811014411089.910	,1.080,0.200000,1,0,NO,"""2,1,2560""",FLOAT16,ND,"""2,1,2048;2,1,256;2,1,256""",FLOAT16;FLOAT16;FLOAT16,ND;ND;ND,N/A,0.0,0,0.0,0.0,0.0,0.0,0.0,0.0,0.0,0.0,0.0,0.0,0.0,0.558,1005,0.008,0.014,0.133,0.239,0.138,0.247,0.148,0.266,0.286,0.000
2,2,137,6,Scatter_17,Scatter,static,AI_VECTOR_CORE,1784811014411091.010	,1.340,0.000000,4,0,NO,"""2,2,1024,128;2;2,2,1,128""",FLOAT16;INT64;FLOAT16,NCHW;NCHW;NCHW,"""2,2,1024,128""",FLOAT16,NCHW,N/A,0.0,0,0.0,0.0,0.0,0.0,0.0,0.0,0.0,0.0,0.0,0.0,0.0,0.668,4806,0.008,0.012,0.165,0.247,0.112,0.168,0.323,0.483,0.073,0.000
2,2,138,6,ApplyRotaryPosEmb_8,ApplyRotaryPosEmb,static,AI_VECTOR_CORE,1784811014411092.370	,2.360,0.000000,2,0,NO,"""2,1,16,128;2,1,2,128;2,1,1,128;2,1,1,128""",FLOAT16;FLOAT16;FLOAT16;FLOAT16,NCHW;NCHW;NCHW;NCHW,"""2,1,16,128;2,1,2,128""",FLOAT16;FLOAT16,NCHW;NCHW,N/A,0.0,0,0.0,0.0,0.0,0.0,0.0,0.0,0.0,0.0,0.0,0.0,0.0,1.45,5221,0.161,0.111,1.113,0.768,0.134,0.092,0.136,0.094,0.079,0.000
2,2,139,6,Scatter_16,Scatter,static,AI_VECTOR_CORE,1784811014411094.750	,1.800,0.140000,4,0,NO,"""2,2,1024,128;2;2,2,1,128""",FLOAT16;INT64;FLOAT16,NCHW;NCHW;NCHW,"""2,2,1024,128""",FLOAT16,NCHW,N/A,0.0,0,0.0,0.0,0.0,0.0,0.0,0.0,0.0,0.0,0.0,0.0,0.0,0.928,6685,0.008,0.008,0.295,0.318,0.101,0.109,0.535,0.576,0.0,0.000
2,2,140,6,IncreFlashAttention_8,IncreFlashAttention,static,MIX_AIC,1784811014411097.710	,18.360,1.200000,4,8,NO,"""2,16,1,128;2,2,1024,128;2,2,1024,128;2,1,1,1024""",FLOAT16;FLOAT16;FLOAT16;BOOL,NCHW;NCHW;NCHW;NCHW,"""2,16,1,128""",FLOAT16,NCHW,0,16.619,119659,1.076,0.065,12.977,0.781,2.7,0.162,7.05,0.424,2.963,0.178,0.013,9.277,133585,0.716,0.077,2.22,0.239,0.196,0.021,0.459,0.049,0.045,15.087
2,2,141,6,MatMul_41,MatMul,static,AI_CORE,1784811014411117.150	,7.240,1.140000,22,0,NO,"""2,2048;1024,2048""",FLOAT16;FLOAT16,ND;ND,"""2,1024""",FLOAT16,ND,N/A,5.327,210960,0.974,0.183,0.827,0.155,1.293,0.243,4.052,0.761,0.164,0.031,0.0,0.0,0,0.0,0.0,0.0,0.0,0.0,0.0,0.0,0.0,0.0,67.449
2,2,142,6,InplaceAddRmsNorm_16,InplaceAddRmsNorm,static,AI_VECTOR_CORE,1784811014411124.410	,1.760,0.010000,2,0,NO,"""2,1,1024;2,1,1024;1024""",FLOAT16;FLOAT16;FLOAT16,ND;ND;ND,"""2,1,1024;2,1,1;2,1,1024""",FLOAT16;FLOAT;FLOAT16,ND;ND;ND,N/A,0.0,0,0.0,0.0,0.0,0.0,0.0,0.0,0.0,0.0,0.0,0.0,0.0,1.114,4009,0.282,0.253,0.448,0.403,0.406,0.364,0.38,0.341,0.123,0.000
2,2,143,6,MatMul_42,MatMul,static,AI_CORE,1784811014411126.210	,8.580,0.000000,24,0,NO,"""2,1024;3072,1024""",FLOAT16;FLOAT16,ND;ND,"""2,3072""",FLOAT16,ND,N/A,6.06,261776,0.538,0.089,0.403,0.067,1.308,0.216,4.789,0.79,0.141,0.023,0.01,0.0,0,0.0,0.0,0.0,0.0,0.0,0.0,0.0,0.0,0.0,70.625
2,2,144,6,MatMul_43,MatMul,static,AI_CORE,1784811014411134.810	,8.380,0.000000,24,0,NO,"""2,1024;3072,1024""",FLOAT16;FLOAT16,ND;ND,"""2,3072""",FLOAT16,ND,N/A,6.067,262074,0.538,0.089,0.406,0.067,1.31,0.216,4.797,0.791,0.146,0.024,0.0,0.0,0,0.0,0.0,0.0,0.0,0.0,0.0,0.0,0.0,0.0,72.393
2,2,145,6,Swish_8Mul_11,AutomaticBufferFusionOp,static,AI_VECTOR_CORE,1784811014411143.230	,1.260,0.120000,6,0,NO,"""2,1,3072;2,1,3072""",FLOAT16;FLOAT16,ND;ND,"""2,1,3072""",FLOAT16,ND,N/A,0.0,0,0.0,0.0,0.0,0.0,0.0,0.0,0.0,0.0,0.0,0.0,0.0,0.628,6779,0.163,0.26,0.169,0.269,0.129,0.206,0.132,0.21,0.038,0.000
2,2,146,6,MatMul_44,MatMul,static,AI_CORE,1784811014411144.510	,9.700,0.000000,22,0,NO,"""2,3072;1024,3072""",FLOAT16;FLOAT16,ND;ND,"""2,1024""",FLOAT16,ND,N/A,7.571,299825,1.463,0.193,1.178,0.156,1.942,0.256,5.797,0.766,0.21,0.028,0.002,0.0,0,0.0,0.0,0.0,0.0,0.0,0.0,0.0,0.0,0.0,71.550
2,2,147,6,InplaceAddRmsNorm_17,InplaceAddRmsNorm,static,AI_VECTOR_CORE,1784811014411154.230	,1.680,0.050000,2,0,NO,"""2,1,1024;2,1,1024;1024""",FLOAT16;FLOAT16;FLOAT16,ND;ND;ND,"""2,1,1024;2,1,1;2,1,1024""",FLOAT16;FLOAT;FLOAT16,ND;ND;ND,N/A,0.0,0,0.0,0.0,0.0,0.0,0.0,0.0,0.0,0.0,0.0,0.0,0.0,1.139,4101,0.282,0.248,0.497,0.436,0.512,0.45,0.398,0.349,0.0,0.000
2,2,148,6,MatMul_45,MatMul,static,AI_CORE,1784811014411155.950	,7.660,0.070000,23,0,NO,"""2,1024;2560,1024""",FLOAT16;FLOAT16,ND;ND,"""2,2560""",FLOAT16,ND,N/A,5.421,224416,0.642,0.118,0.477,0.088,1.25,0.231,4.005,0.739,0.193,0.036,0.007,0.0,0,0.0,0.0,0.0,0.0,0.0,0.0,0.0,0.0,0.0,67.817
2,2,149,6,SplitV_11,SplitVD,static,AI_VECTOR_CORE,1784811014411163.630	,1.100,0.090000,1,0,NO,"""2,1,2560""",FLOAT16,ND,"""2,1,2048;2,1,256;2,1,256""",FLOAT16;FLOAT16;FLOAT16,ND;ND;ND,N/A,0.0,0,0.0,0.0,0.0,0.0,0.0,0.0,0.0,0.0,0.0,0.0,0.0,0.548,986,0.008,0.014,0.154,0.282,0.138,0.252,0.162,0.295,0.286,0.000
2,2,150,6,Scatter_19,Scatter,static,AI_VECTOR_CORE,1784811014411164.750	,1.300,0.000000,4,0,NO,"""2,2,1024,128;2;2,2,1,128""",FLOAT16;INT64;FLOAT16,NCHW;NCHW;NCHW,"""2,2,1024,128""",FLOAT16,NCHW,N/A,0.0,0,0.0,0.0,0.0,0.0,0.0,0.0,0.0,0.0,0.0,0.0,0.0,0.646,4650,0.008,0.012,0.155,0.24,0.123,0.191,0.295,0.457,0.073,0.000
2,2,151,6,ApplyRotaryPosEmb_9,ApplyRotaryPosEmb,static,AI_VECTOR_CORE,1784811014411166.070	,2.220,0.000000,2,0,NO,"""2,1,16,128;2,1,2,128;2,1,1,128;2,1,1,128""",FLOAT16;FLOAT16;FLOAT16;FLOAT16,NCHW;NCHW;NCHW;NCHW,"""2,1,16,128;2,1,2,128""",FLOAT16;FLOAT16,NCHW;NCHW,N/A,0.0,0,0.0,0.0,0.0,0.0,0.0,0.0,0.0,0.0,0.0,0.0,0.0,1.37,4932,0.154,0.113,1.05,0.767,0.143,0.105,0.152,0.111,0.079,0.000
2,2,152,6,Scatter_18,Scatter,static,AI_VECTOR_CORE,1784811014411168.310	,1.260,0.030000,4,0,NO,"""2,2,1024,128;2;2,2,1,128""",FLOAT16;INT64;FLOAT16,NCHW;NCHW;NCHW,"""2,2,1024,128""",FLOAT16,NCHW,N/A,0.0,0,0.0,0.0,0.0,0.0,0.0,0.0,0.0,0.0,0.0,0.0,0.0,0.637,4589,0.008,0.012,0.259,0.406,0.118,0.185,0.208,0.326,0.0,0.000
2,2,153,6,IncreFlashAttention_9,IncreFlashAttention,static,MIX_AIC,1784811014411170.730	,18.680,1.240000,4,8,NO,"""2,16,1,128;2,2,1024,128;2,2,1024,128;2,1,1,1024""",FLOAT16;FLOAT16;FLOAT16;BOOL,NCHW;NCHW;NCHW;NCHW,"""2,16,1,128""",FLOAT16,NCHW,0,17.103,123144,1.076,0.063,12.987,0.759,2.699,0.158,7.476,0.437,2.984,0.174,0.013,9.506,136893,0.719,0.076,2.014,0.212,0.195,0.021,0.458,0.048,0.04,15.260
2,2,154,6,MatMul_46,MatMul,static,AI_CORE,1784811014411190.210	,7.540,0.820000,22,0,NO,"""2,2048;1024,2048""",FLOAT16;FLOAT16,ND;ND,"""2,1024""",FLOAT16,ND,N/A,5.395,213648,0.974,0.181,1.041,0.193,1.299,0.241,3.766,0.698,0.19,0.035,0.0,0.0,0,0.0,0.0,0.0,0.0,0.0,0.0,0.0,0.0,0.0,65.591
2,2,155,6,InplaceAddRmsNorm_18,InplaceAddRmsNorm,static,AI_VECTOR_CORE,1784811014411197.770	,1.620,0.000000,2,0,NO,"""2,1,1024;2,1,1024;1024""",FLOAT16;FLOAT16;FLOAT16,ND;ND;ND,"""2,1,1024;2,1,1;2,1,1024""",FLOAT16;FLOAT;FLOAT16,ND;ND;ND,N/A,0.0,0,0.0,0.0,0.0,0.0,0.0,0.0,0.0,0.0,0.0,0.0,0.0,1.047,3768,0.282,0.27,0.478,0.457,0.348,0.333,0.377,0.36,0.123,0.000
2,2,156,6,MatMul_47,MatMul,static,AI_CORE,1784811014411199.410	,8.240,0.130000,24,0,NO,"""2,1024;3072,1024""",FLOAT16;FLOAT16,ND;ND,"""2,3072""",FLOAT16,ND,N/A,5.976,258148,0.538,0.09,0.41,0.069,1.308,0.219,4.69,0.785,0.153,0.026,0.01,0.0,0,0.0,0.0,0.0,0.0,0.0,0.0,0.0,0.0,0.0,72.520
2,2,157,6,MatMul_48,MatMul,static,AI_CORE,1784811014411207.670	,8.700,0.010000,24,0,NO,"""2,1024;3072,1024""",FLOAT16;FLOAT16,ND;ND,"""2,3072""",FLOAT16,ND,N/A,6.037,260818,0.538,0.089,0.416,0.069,1.31,0.217,4.753,0.787,0.15,0.025,0.0,0.0,0,0.0,0.0,0.0,0.0,0.0,0.0,0.0,0.0,0.0,69.396
2,2,158,6,Swish_9Mul_12,AutomaticBufferFusionOp,static,AI_VECTOR_CORE,1784811014411216.390	,1.320,0.050000,6,0,NO,"""2,1,3072;2,1,3072""",FLOAT16;FLOAT16,ND;ND,"""2,1,3072""",FLOAT16,ND,N/A,0.0,0,0.0,0.0,0.0,0.0,0.0,0.0,0.0,0.0,0.0,0.0,0.0,0.614,6636,0.163,0.265,0.146,0.238,0.137,0.224,0.123,0.2,0.045,0.000
2,2,159,6,MatMul_49,MatMul,static,AI_CORE,1784811014411217.730	,9.600,0.000000,22,0,NO,"""2,3072;1024,3072""",FLOAT16;FLOAT16,ND;ND,"""2,1024""",FLOAT16,ND,N/A,7.32,289861,1.462,0.2,0.777,0.106,1.944,0.266,5.979,0.817,0.172,0.023,0.002,0.0,0,0.0,0.0,0.0,0.0,0.0,0.0,0.0,0.0,0.0,69.893
2,2,160,6,InplaceAddRmsNorm_19,InplaceAddRmsNorm,static,AI_VECTOR_CORE,1784811014411227.350	,1.600,0.000000,2,0,NO,"""2,1,1024;2,1,1024;1024""",FLOAT16;FLOAT16;FLOAT16,ND;ND;ND,"""2,1,1024;2,1,1;2,1,1024""",FLOAT16;FLOAT;FLOAT16,ND;ND;ND,N/A,0.0,0,0.0,0.0,0.0,0.0,0.0,0.0,0.0,0.0,0.0,0.0,0.0,1.018,3665,0.282,0.277,0.458,0.45,0.36,0.354,0.389,0.382,0.0,0.000
2,2,161,6,MatMul_50,MatMul,static,AI_CORE,1784811014411228.970	,8.140,0.150000,23,0,NO,"""2,1024;2560,1024""",FLOAT16;FLOAT16,ND;ND,"""2,2560""",FLOAT16,ND,N/A,5.318,220146,0.646,0.121,0.479,0.09,1.248,0.235,3.906,0.735,0.193,0.036,0.007,0.0,0,0.0,0.0,0.0,0.0,0.0,0.0,0.0,0.0,0.0,62.604
2,2,162,6,SplitV_12,SplitVD,static,AI_VECTOR_CORE,1784811014411237.150	,1.000,0.110000,1,0,NO,"""2,1,2560""",FLOAT16,ND,"""2,1,2048;2,1,256;2,1,256""",FLOAT16;FLOAT16;FLOAT16,ND;ND;ND,N/A,0.0,0,0.0,0.0,0.0,0.0,0.0,0.0,0.0,0.0,0.0,0.0,0.0,0.563,1014,0.008,0.014,0.137,0.243,0.135,0.24,0.155,0.275,0.286,0.000
2,2,163,6,Scatter_21,Scatter,static,AI_VECTOR_CORE,1784811014411238.190	,1.220,0.000000,4,0,NO,"""2,2,1024,128;2;2,2,1,128""",FLOAT16;INT64;FLOAT16,NCHW;NCHW;NCHW,"""2,2,1024,128""",FLOAT16,NCHW,N/A,0.0,0,0.0,0.0,0.0,0.0,0.0,0.0,0.0,0.0,0.0,0.0,0.0,0.623,4485,0.008,0.012,0.128,0.205,0.116,0.186,0.319,0.513,0.073,0.000
2,2,164,6,ApplyRotaryPosEmb_10,ApplyRotaryPosEmb,static,AI_VECTOR_CORE,1784811014411239.430	,2.160,0.030000,2,0,NO,"""2,1,16,128;2,1,2,128;2,1,1,128;2,1,1,128""",FLOAT16;FLOAT16;FLOAT16;FLOAT16,NCHW;NCHW;NCHW;NCHW,"""2,1,16,128;2,1,2,128""",FLOAT16;FLOAT16,NCHW;NCHW,N/A,0.0,0,0.0,0.0,0.0,0.0,0.0,0.0,0.0,0.0,0.0,0.0,0.0,1.397,5029,0.153,0.11,1.102,0.789,0.125,0.09,0.134,0.096,0.08,0.000
2,2,165,6,Scatter_20,Scatter,static,AI_VECTOR_CORE,1784811014411241.610	,1.240,0.000000,4,0,NO,"""2,2,1024,128;2;2,2,1,128""",FLOAT16;INT64;FLOAT16,NCHW;NCHW;NCHW,"""2,2,1024,128""",FLOAT16,NCHW,N/A,0.0,0,0.0,0.0,0.0,0.0,0.0,0.0,0.0,0.0,0.0,0.0,0.0,0.65,4682,0.008,0.012,0.153,0.235,0.116,0.178,0.334,0.514,0.0,0.000
2,2,166,6,IncreFlashAttention_10,IncreFlashAttention,static,MIX_AIC,1784811014411243.750	,18.760,1.010000,4,8,NO,"""2,16,1,128;2,2,1024,128;2,2,1024,128;2,1,1,1024""",FLOAT16;FLOAT16;FLOAT16;BOOL,NCHW;NCHW;NCHW;NCHW,"""2,16,1,128""",FLOAT16,NCHW,0,16.954,122070,1.076,0.063,12.975,0.765,2.7,0.159,7.282,0.43,2.882,0.17,0.013,9.473,136411,0.72,0.076,2.04,0.215,0.193,0.02,0.463,0.049,0.02,15.062
2,2,167,6,MatMul_51,MatMul,static,AI_CORE,1784811014411263.230	,7.820,0.740000,22,0,NO,"""2,2048;1024,2048""",FLOAT16;FLOAT16,ND;ND,"""2,1024""",FLOAT16,ND,N/A,5.517,218475,0.977,0.177,0.646,0.117,1.31,0.238,4.274,0.775,0.185,0.034,0.0,0.0,0,0.0,0.0,0.0,0.0,0.0,0.0,0.0,0.0,0.0,64.671
2,2,168,6,InplaceAddRmsNorm_20,InplaceAddRmsNorm,static,AI_VECTOR_CORE,1784811014411271.090	,1.820,0.000000,2,0,NO,"""2,1,1024;2,1,1024;1024""",FLOAT16;FLOAT16;FLOAT16,ND;ND;ND,"""2,1,1024;2,1,1;2,1,1024""",FLOAT16;FLOAT;FLOAT16,ND;ND;ND,N/A,0.0,0,0.0,0.0,0.0,0.0,0.0,0.0,0.0,0.0,0.0,0.0,0.0,1.125,4051,0.282,0.251,0.435,0.386,0.441,0.392,0.389,0.345,0.123,0.000
2,2,169,6,MatMul_52,MatMul,static,AI_CORE,1784811014411272.930	,8.760,0.180000,24,0,NO,"""2,1024;3072,1024""",FLOAT16;FLOAT16,ND;ND,"""2,3072""",FLOAT16,ND,N/A,5.754,248558,0.538,0.093,0.413,0.072,1.312,0.228,4.475,0.778,0.142,0.025,0.01,0.0,0,0.0,0.0,0.0,0.0,0.0,0.0,0.0,0.0,0.0,65.681
2,2,170,6,MatMul_53,MatMul,static,AI_CORE,1784811014411281.710	,9.020,0.000000,24,0,NO,"""2,1024;3072,1024""",FLOAT16;FLOAT16,ND;ND,"""2,3072""",FLOAT16,ND,N/A,6.112,264021,0.538,0.088,0.596,0.098,1.307,0.214,4.814,0.788,0.151,0.025,0.0,0.0,0,0.0,0.0,0.0,0.0,0.0,0.0,0.0,0.0,0.0,67.756
2,2,171,6,Swish_10Mul_13,AutomaticBufferFusionOp,static,AI_VECTOR_CORE,1784811014411290.770	,1.300,0.000000,6,0,NO,"""2,1,3072;2,1,3072""",FLOAT16;FLOAT16,ND;ND,"""2,1,3072""",FLOAT16,ND,N/A,0.0,0,0.0,0.0,0.0,0.0,0.0,0.0,0.0,0.0,0.0,0.0,0.0,0.659,7115,0.163,0.248,0.19,0.288,0.144,0.218,0.136,0.206,0.038,0.000
2,2,172,6,MatMul_54,MatMul,static,AI_CORE,1784811014411292.090	,10.040,0.000000,22,0,NO,"""2,3072;1024,3072""",FLOAT16;FLOAT16,ND;ND,"""2,1024""",FLOAT16,ND,N/A,7.287,288575,1.462,0.201,0.788,0.108,1.93,0.265,5.927,0.813,0.184,0.025,0.002,0.0,0,0.0,0.0,0.0,0.0,0.0,0.0,0.0,0.0,0.0,66.534
2,2,173,6,InplaceAddRmsNorm_21,InplaceAddRmsNorm,static,AI_VECTOR_CORE,1784811014411302.150	,1.680,0.210000,2,0,NO,"""2,1,1024;2,1,1024;1024""",FLOAT16;FLOAT16;FLOAT16,ND;ND;ND,"""2,1,1024;2,1,1;2,1,1024""",FLOAT16;FLOAT;FLOAT16,ND;ND;ND,N/A,0.0,0,0.0,0.0,0.0,0.0,0.0,0.0,0.0,0.0,0.0,0.0,0.0,1.106,3981,0.282,0.255,0.511,0.462,0.461,0.416,0.401,0.363,0.0,0.000
2,2,174,6,MatMul_55,MatMul,static,AI_CORE,1784811014411303.870	,8.320,0.000000,23,0,NO,"""2,1024;2560,1024""",FLOAT16;FLOAT16,ND;ND,"""2,2560""",FLOAT16,ND,N/A,5.627,232945,0.646,0.115,0.482,0.086,1.253,0.223,4.171,0.741,0.24,0.043,0.008,0.0,0,0.0,0.0,0.0,0.0,0.0,0.0,0.0,0.0,0.0,64.811
2,2,175,6,SplitV_13,SplitVD,static,AI_VECTOR_CORE,1784811014411312.230	,1.100,0.180000,1,0,NO,"""2,1,2560""",FLOAT16,ND,"""2,1,2048;2,1,256;2,1,256""",FLOAT16;FLOAT16;FLOAT16,ND;ND;ND,N/A,0.0,0,0.0,0.0,0.0,0.0,0.0,0.0,0.0,0.0,0.0,0.0,0.0,0.576,1036,0.008,0.014,0.165,0.287,0.136,0.236,0.158,0.274,0.286,0.000
2,2,176,6,Scatter_23,Scatter,static,AI_VECTOR_CORE,1784811014411313.350	,1.260,0.000000,4,0,NO,"""2,2,1024,128;2;2,2,1,128""",FLOAT16;INT64;FLOAT16,NCHW;NCHW;NCHW,"""2,2,1024,128""",FLOAT16,NCHW,N/A,0.0,0,0.0,0.0,0.0,0.0,0.0,0.0,0.0,0.0,0.0,0.0,0.0,0.588,4236,0.008,0.013,0.148,0.252,0.11,0.186,0.244,0.414,0.073,0.000
2,2,177,6,ApplyRotaryPosEmb_11,ApplyRotaryPosEmb,static,AI_VECTOR_CORE,1784811014411314.630	,2.200,0.240000,2,0,NO,"""2,1,16,128;2,1,2,128;2,1,1,128;2,1,1,128""",FLOAT16;FLOAT16;FLOAT16;FLOAT16,NCHW;NCHW;NCHW;NCHW,"""2,1,16,128;2,1,2,128""",FLOAT16;FLOAT16,NCHW;NCHW,N/A,0.0,0,0.0,0.0,0.0,0.0,0.0,0.0,0.0,0.0,0.0,0.0,0.0,1.417,5101,0.154,0.108,1.091,0.77,0.146,0.103,0.156,0.11,0.08,0.000
2,2,178,6,Scatter_22,Scatter,static,AI_VECTOR_CORE,1784811014411316.870	,1.160,0.000000,4,0,NO,"""2,2,1024,128;2;2,2,1,128""",FLOAT16;INT64;FLOAT16,NCHW;NCHW;NCHW,"""2,2,1024,128""",FLOAT16,NCHW,N/A,0.0,0,0.0,0.0,0.0,0.0,0.0,0.0,0.0,0.0,0.0,0.0,0.0,0.604,4348,0.008,0.013,0.136,0.225,0.113,0.187,0.297,0.491,0.065,0.000
2,2,179,6,IncreFlashAttention_11,IncreFlashAttention,static,MIX_AIC,1784811014411319.130	,19.460,1.340000,4,8,NO,"""2,16,1,128;2,2,1024,128;2,2,1024,128;2,1,1,1024""",FLOAT16;FLOAT16;FLOAT16;BOOL,NCHW;NCHW;NCHW;NCHW,"""2,16,1,128""",FLOAT16,NCHW,0,17.016,122513,1.076,0.063,13.177,0.774,2.699,0.159,7.151,0.42,2.945,0.173,0.014,9.437,135887,0.717,0.076,2.173,0.23,0.197,0.021,0.502,0.053,0.022,14.573
2,2,180,6,MatMul_56,MatMul,static,AI_CORE,1784811014411339.850	,7.480,1.040000,22,0,NO,"""2,2048;1024,2048""",FLOAT16;FLOAT16,ND;ND,"""2,1024""",FLOAT16,ND,N/A,5.418,214560,0.975,0.18,0.823,0.152,1.306,0.241,4.006,0.739,0.183,0.034,0.0,0.0,0,0.0,0.0,0.0,0.0,0.0,0.0,0.0,0.0,0.0,66.399
2,2,181,6,InplaceAddRmsNorm_22,InplaceAddRmsNorm,static,AI_VECTOR_CORE,1784811014411347.350	,1.600,0.020000,2,0,NO,"""2,1,1024;2,1,1024;1024""",FLOAT16;FLOAT16;FLOAT16,ND;ND;ND,"""2,1,1024;2,1,1;2,1,1024""",FLOAT16;FLOAT;FLOAT16,ND;ND;ND,N/A,0.0,0,0.0,0.0,0.0,0.0,0.0,0.0,0.0,0.0,0.0,0.0,0.0,1.061,3818,0.282,0.266,0.497,0.469,0.343,0.323,0.377,0.355,0.123,0.000
2,2,182,6,MatMul_57,MatMul,static,AI_CORE,1784811014411348.970	,9.180,0.150000,24,0,NO,"""2,1024;3072,1024""",FLOAT16;FLOAT16,ND;ND,"""2,3072""",FLOAT16,ND,N/A,6.062,261879,0.538,0.089,0.469,0.077,1.309,0.216,4.722,0.779,0.147,0.024,0.01,0.0,0,0.0,0.0,0.0,0.0,0.0,0.0,0.0,0.0,0.0,66.035
2,2,183,6,MatMul_58,MatMul,static,AI_CORE,1784811014411358.190	,9.340,0.070000,24,0,NO,"""2,1024;3072,1024""",FLOAT16;FLOAT16,ND;ND,"""2,3072""",FLOAT16,ND,N/A,6.681,288599,0.538,0.08,1.006,0.151,1.305,0.195,4.811,0.72,0.156,0.023,0.0,0.0,0,0.0,0.0,0.0,0.0,0.0,0.0,0.0,0.0,0.0,71.526
2,2,184,6,Swish_11Mul_14,AutomaticBufferFusionOp,static,AI_VECTOR_CORE,1784811014411367.570	,1.220,0.000000,6,0,NO,"""2,1,3072;2,1,3072""",FLOAT16;FLOAT16,ND;ND,"""2,1,3072""",FLOAT16,ND,N/A,0.0,0,0.0,0.0,0.0,0.0,0.0,0.0,0.0,0.0,0.0,0.0,0.0,0.61,6586,0.163,0.267,0.156,0.257,0.129,0.212,0.126,0.206,0.038,0.000
2,2,185,6,MatMul_59,MatMul,static,AI_CORE,1784811014411368.810	,9.420,0.030000,22,0,NO,"""2,3072;1024,3072""",FLOAT16;FLOAT16,ND;ND,"""2,1024""",FLOAT16,ND,N/A,7.467,295694,1.463,0.196,0.864,0.116,1.937,0.259,6.043,0.809,0.167,0.022,0.002,0.0,0,0.0,0.0,0.0,0.0,0.0,0.0,0.0,0.0,0.0,72.662
2,2,186,6,InplaceAddRmsNorm_23,InplaceAddRmsNorm,static,AI_VECTOR_CORE,1784811014411378.250	,1.560,0.080000,2,0,NO,"""2,1,1024;2,1,1024;1024""",FLOAT16;FLOAT16;FLOAT16,ND;ND;ND,"""2,1,1024;2,1,1;2,1,1024""",FLOAT16;FLOAT;FLOAT16,ND;ND;ND,N/A,0.0,0,0.0,0.0,0.0,0.0,0.0,0.0,0.0,0.0,0.0,0.0,0.0,0.989,3562,0.282,0.285,0.462,0.467,0.326,0.329,0.371,0.375,0.0,0.000
2,2,187,6,MatMul_60,MatMul,static,AI_CORE,1784811014411379.830	,7.300,0.000000,23,0,NO,"""2,1024;2560,1024""",FLOAT16;FLOAT16,ND;ND,"""2,2560""",FLOAT16,ND,N/A,5.459,225983,0.641,0.118,0.539,0.099,1.254,0.23,3.988,0.731,0.196,0.036,0.007,0.0,0,0.0,0.0,0.0,0.0,0.0,0.0,0.0,0.0,0.0,71.659
2,2,188,6,SplitV_14,SplitVD,static,AI_VECTOR_CORE,1784811014411387.150	,1.020,0.200000,1,0,NO,"""2,1,2560""",FLOAT16,ND,"""2,1,2048;2,1,256;2,1,256""",FLOAT16;FLOAT16;FLOAT16,ND;ND;ND,N/A,0.0,0,0.0,0.0,0.0,0.0,0.0,0.0,0.0,0.0,0.0,0.0,0.0,0.538,968,0.008,0.014,0.112,0.208,0.135,0.251,0.159,0.296,0.286,0.000
2,2,189,6,Scatter_25,Scatter,static,AI_VECTOR_CORE,1784811014411388.210	,1.280,0.000000,4,0,NO,"""2,2,1024,128;2;2,2,1,128""",FLOAT16;INT64;FLOAT16,NCHW;NCHW;NCHW,"""2,2,1024,128""",FLOAT16,NCHW,N/A,0.0,0,0.0,0.0,0.0,0.0,0.0,0.0,0.0,0.0,0.0,0.0,0.0,0.655,4717,0.008,0.012,0.138,0.211,0.117,0.179,0.332,0.507,0.119,0.000
2,2,190,6,ApplyRotaryPosEmb_12,ApplyRotaryPosEmb,static,AI_VECTOR_CORE,1784811014411389.530	,2.060,0.000000,2,0,NO,"""2,1,16,128;2,1,2,128;2,1,1,128;2,1,1,128""",FLOAT16;FLOAT16;FLOAT16;FLOAT16,NCHW;NCHW;NCHW;NCHW,"""2,1,16,128;2,1,2,128""",FLOAT16;FLOAT16,NCHW;NCHW,N/A,0.0,0,0.0,0.0,0.0,0.0,0.0,0.0,0.0,0.0,0.0,0.0,0.0,1.297,4669,0.153,0.118,1.025,0.79,0.128,0.099,0.136,0.105,0.085,0.000
2,2,191,6,Scatter_24,Scatter,static,AI_VECTOR_CORE,1784811014411391.610	,1.360,0.000000,4,0,NO,"""2,2,1024,128;2;2,2,1,128""",FLOAT16;INT64;FLOAT16,NCHW;NCHW;NCHW,"""2,2,1024,128""",FLOAT16,NCHW,N/A,0.0,0,0.0,0.0,0.0,0.0,0.0,0.0,0.0,0.0,0.0,0.0,0.0,0.648,4665,0.008,0.012,0.148,0.228,0.109,0.168,0.313,0.483,0.065,0.000
2,2,192,6,IncreFlashAttention_12,IncreFlashAttention,static,MIX_AIC,1784811014411394.050	,20.160,1.140000,4,8,NO,"""2,16,1,128;2,2,1024,128;2,2,1024,128;2,1,1,1024""",FLOAT16;FLOAT16;FLOAT16;BOOL,NCHW;NCHW;NCHW;NCHW,"""2,16,1,128""",FLOAT16,NCHW,0,17.169,123615,1.076,0.063,13.057,0.761,2.703,0.157,7.424,0.432,2.965,0.173,0.015,9.51,136945,0.718,0.076,1.988,0.209,0.193,0.02,0.443,0.047,0.018,14.194
2,2,193,6,MatMul_61,MatMul,static,AI_CORE,1784811014411415.370	,7.520,1.090000,22,0,NO,"""2,2048;1024,2048""",FLOAT16;FLOAT16,ND;ND,"""2,1024""",FLOAT16,ND,N/A,5.544,219526,0.975,0.176,0.711,0.128,1.305,0.235,4.252,0.767,0.17,0.031,0.0,0.0,0,0.0,0.0,0.0,0.0,0.0,0.0,0.0,0.0,0.0,67.575
2,2,194,6,InplaceAddRmsNorm_24,InplaceAddRmsNorm,static,AI_VECTOR_CORE,1784811014411422.910	,1.760,0.230000,2,0,NO,"""2,1,1024;2,1,1024;1024""",FLOAT16;FLOAT16;FLOAT16,ND;ND;ND,"""2,1,1024;2,1,1;2,1,1024""",FLOAT16;FLOAT;FLOAT16,ND;ND;ND,N/A,0.0,0,0.0,0.0,0.0,0.0,0.0,0.0,0.0,0.0,0.0,0.0,0.0,1.121,4035,0.282,0.252,0.434,0.387,0.438,0.391,0.396,0.353,0.123,0.000
2,2,195,6,MatMul_62,MatMul,static,AI_CORE,1784811014411424.690	,7.680,0.000000,24,0,NO,"""2,1024;3072,1024""",FLOAT16;FLOAT16,ND;ND,"""2,3072""",FLOAT16,ND,N/A,5.532,238974,0.538,0.097,0.474,0.086,1.313,0.237,4.195,0.758,0.137,0.025,0.01,0.0,0,0.0,0.0,0.0,0.0,0.0,0.0,0.0,0.0,0.0,72.029
2,2,196,6,MatMul_63,MatMul,static,AI_CORE,1784811014411432.390	,8.040,0.070000,24,0,NO,"""2,1024;3072,1024""",FLOAT16;FLOAT16,ND;ND,"""2,3072""",FLOAT16,ND,N/A,5.764,248997,0.538,0.093,0.465,0.081,1.31,0.227,4.437,0.77,0.147,0.026,0.0,0.0,0,0.0,0.0,0.0,0.0,0.0,0.0,0.0,0.0,0.0,71.689
2,2,197,6,Swish_12Mul_15,AutomaticBufferFusionOp,static,AI_VECTOR_CORE,1784811014411440.450	,1.480,0.000000,6,0,NO,"""2,1,3072;2,1,3072""",FLOAT16;FLOAT16,ND;ND,"""2,1,3072""",FLOAT16,ND,N/A,0.0,0,0.0,0.0,0.0,0.0,0.0,0.0,0.0,0.0,0.0,0.0,0.0,0.789,8521,0.163,0.207,0.302,0.383,0.142,0.18,0.142,0.18,0.038,0.000
2,2,198,6,MatMul_64,MatMul,static,AI_CORE,1784811014411441.970	,9.460,0.020000,22,0,NO,"""2,3072;1024,3072""",FLOAT16;FLOAT16,ND;ND,"""2,1024""",FLOAT16,ND,N/A,7.291,288714,1.462,0.201,0.867,0.119,1.93,0.265,5.861,0.804,0.167,0.023,0.002,0.0,0,0.0,0.0,0.0,0.0,0.0,0.0,0.0,0.0,0.0,70.647
2,2,199,6,InplaceAddRmsNorm_25,InplaceAddRmsNorm,static,AI_VECTOR_CORE,1784811014411451.450	,1.620,0.040000,2,0,NO,"""2,1,1024;2,1,1024;1024""",FLOAT16;FLOAT16;FLOAT16,ND;ND;ND,"""2,1,1024;2,1,1;2,1,1024""",FLOAT16;FLOAT;FLOAT16,ND;ND;ND,N/A,0.0,0,0.0,0.0,0.0,0.0,0.0,0.0,0.0,0.0,0.0,0.0,0.0,1.037,3734,0.282,0.272,0.502,0.484,0.361,0.348,0.381,0.367,0.0,0.000
2,2,200,6,MatMul_65,MatMul,static,AI_CORE,1784811014411453.090	,7.960,0.000000,23,0,NO,"""2,1024;2560,1024""",FLOAT16;FLOAT16,ND;ND,"""2,2560""",FLOAT16,ND,N/A,5.545,229569,0.641,0.116,0.733,0.132,1.251,0.226,4.064,0.733,0.2,0.036,0.008,0.0,0,0.0,0.0,0.0,0.0,0.0,0.0,0.0,0.0,0.0,66.760
2,2,201,6,SplitV_15,SplitVD,static,AI_VECTOR_CORE,1784811014411461.070	,1.080,0.040000,1,0,NO,"""2,1,2560""",FLOAT16,ND,"""2,1,2048;2,1,256;2,1,256""",FLOAT16;FLOAT16;FLOAT16,ND;ND;ND,N/A,0.0,0,0.0,0.0,0.0,0.0,0.0,0.0,0.0,0.0,0.0,0.0,0.0,0.572,1030,0.008,0.014,0.141,0.247,0.138,0.242,0.153,0.267,0.286,0.000
2,2,202,6,Scatter_27,Scatter,static,AI_VECTOR_CORE,1784811014411462.170	,1.240,0.170000,4,0,NO,"""2,2,1024,128;2;2,2,1,128""",FLOAT16;INT64;FLOAT16,NCHW;NCHW;NCHW,"""2,2,1024,128""",FLOAT16,NCHW,N/A,0.0,0,0.0,0.0,0.0,0.0,0.0,0.0,0.0,0.0,0.0,0.0,0.0,0.611,4397,0.008,0.013,0.243,0.397,0.109,0.179,0.216,0.353,0.11,0.000
2,2,203,6,ApplyRotaryPosEmb_13,ApplyRotaryPosEmb,static,AI_VECTOR_CORE,1784811014411463.430	,2.260,0.010000,2,0,NO,"""2,1,16,128;2,1,2,128;2,1,1,128;2,1,1,128""",FLOAT16;FLOAT16;FLOAT16;FLOAT16,NCHW;NCHW;NCHW;NCHW,"""2,1,16,128;2,1,2,128""",FLOAT16;FLOAT16,NCHW;NCHW,N/A,0.0,0,0.0,0.0,0.0,0.0,0.0,0.0,0.0,0.0,0.0,0.0,0.0,1.421,5114,0.155,0.109,1.098,0.773,0.133,0.094,0.138,0.097,0.084,0.000
2,2,204,6,Scatter_26,Scatter,static,AI_VECTOR_CORE,1784811014411465.710	,1.280,0.000000,4,0,NO,"""2,2,1024,128;2;2,2,1,128""",FLOAT16;INT64;FLOAT16,NCHW;NCHW;NCHW,"""2,2,1024,128""",FLOAT16,NCHW,N/A,0.0,0,0.0,0.0,0.0,0.0,0.0,0.0,0.0,0.0,0.0,0.0,0.0,0.637,4586,0.008,0.012,0.174,0.273,0.11,0.172,0.307,0.482,0.0,0.000
2,2,205,6,IncreFlashAttention_13,IncreFlashAttention,static,MIX_AIC,1784811014411468.350	,19.340,1.220000,4,8,NO,"""2,16,1,128;2,2,1024,128;2,2,1024,128;2,1,1,1024""",FLOAT16;FLOAT16;FLOAT16;BOOL,NCHW;NCHW;NCHW;NCHW,"""2,16,1,128""",FLOAT16,NCHW,0,17.236,124099,1.076,0.062,13.206,0.766,2.698,0.157,7.408,0.43,2.985,0.173,0.014,9.627,138631,0.716,0.074,2.368,0.246,0.193,0.02,0.456,0.047,0.005,14.853
2,2,206,6,MatMul_66,MatMul,static,AI_CORE,1784811014411488.470	,7.680,0.910000,22,0,NO,"""2,2048;1024,2048""",FLOAT16;FLOAT16,ND;ND,"""2,1024""",FLOAT16,ND,N/A,5.531,219021,0.974,0.176,0.704,0.127,1.301,0.235,4.25,0.768,0.168,0.03,0.0,0.0,0,0.0,0.0,0.0,0.0,0.0,0.0,0.0,0.0,0.0,66.015
2,2,207,6,InplaceAddRmsNorm_26,InplaceAddRmsNorm,static,AI_VECTOR_CORE,1784811014411496.170	,1.660,0.070000,2,0,NO,"""2,1,1024;2,1,1024;1024""",FLOAT16;FLOAT16;FLOAT16,ND;ND;ND,"""2,1,1024;2,1,1;2,1,1024""",FLOAT16;FLOAT;FLOAT16,ND;ND;ND,N/A,0.0,0,0.0,0.0,0.0,0.0,0.0,0.0,0.0,0.0,0.0,0.0,0.0,1.109,3992,0.282,0.255,0.535,0.482,0.379,0.342,0.382,0.345,0.123,0.000
2,2,208,6,MatMul_67,MatMul,static,AI_CORE,1784811014411497.850	,8.000,0.000000,24,0,NO,"""2,1024;3072,1024""",FLOAT16;FLOAT16,ND;ND,"""2,3072""",FLOAT16,ND,N/A,6.284,271486,0.538,0.086,0.954,0.152,1.307,0.208,4.484,0.713,0.153,0.024,0.01,0.0,0,0.0,0.0,0.0,0.0,0.0,0.0,0.0,0.0,0.0,78.555
2,2,209,6,MatMul_68,MatMul,static,AI_CORE,1784811014411505.870	,8.180,0.000000,24,0,NO,"""2,1024;3072,1024""",FLOAT16;FLOAT16,ND;ND,"""2,3072""",FLOAT16,ND,N/A,5.573,240746,0.538,0.097,0.464,0.083,1.31,0.235,4.248,0.762,0.145,0.026,0.0,0.0,0,0.0,0.0,0.0,0.0,0.0,0.0,0.0,0.0,0.0,68.127
2,2,210,6,Swish_13Mul_16,AutomaticBufferFusionOp,static,AI_VECTOR_CORE,1784811014411514.090	,1.280,0.070000,6,0,NO,"""2,1,3072;2,1,3072""",FLOAT16;FLOAT16,ND;ND,"""2,1,3072""",FLOAT16,ND,N/A,0.0,0,0.0,0.0,0.0,0.0,0.0,0.0,0.0,0.0,0.0,0.0,0.0,0.63,6801,0.163,0.258,0.174,0.276,0.13,0.206,0.126,0.2,0.038,0.000
2,2,211,6,MatMul_69,MatMul,static,AI_CORE,1784811014411515.390	,9.680,0.220000,22,0,NO,"""2,3072;1024,3072""",FLOAT16;FLOAT16,ND;ND,"""2,1024""",FLOAT16,ND,N/A,7.527,298051,1.461,0.194,0.868,0.115,1.94,0.258,6.079,0.808,0.193,0.026,0.002,0.0,0,0.0,0.0,0.0,0.0,0.0,0.0,0.0,0.0,0.0,71.274
2,2,212,6,InplaceAddRmsNorm_27,InplaceAddRmsNorm,static,AI_VECTOR_CORE,1784811014411525.090	,1.600,0.000000,2,0,NO,"""2,1,1024;2,1,1024;1024""",FLOAT16;FLOAT16;FLOAT16,ND;ND;ND,"""2,1,1024;2,1,1;2,1,1024""",FLOAT16;FLOAT;FLOAT16,ND;ND;ND,N/A,0.0,0,0.0,0.0,0.0,0.0,0.0,0.0,0.0,0.0,0.0,0.0,0.0,0.967,3482,0.282,0.292,0.44,0.455,0.322,0.333,0.369,0.381,0.0,0.000
2,2,213,6,MatMul_70,MatMul,static,AI_CORE,1784811014411526.730	,8.080,0.150000,23,0,NO,"""2,1024;2560,1024""",FLOAT16;FLOAT16,ND;ND,"""2,2560""",FLOAT16,ND,N/A,5.938,245837,0.64,0.108,1.057,0.178,1.248,0.21,3.93,0.662,0.201,0.034,0.007,0.0,0,0.0,0.0,0.0,0.0,0.0,0.0,0.0,0.0,0.0,70.429
2,2,214,6,SplitV_16,SplitVD,static,AI_VECTOR_CORE,1784811014411534.850	,1.200,0.000000,1,0,NO,"""2,1,2560""",FLOAT16,ND,"""2,1,2048;2,1,256;2,1,256""",FLOAT16;FLOAT16;FLOAT16,ND;ND;ND,N/A,0.0,0,0.0,0.0,0.0,0.0,0.0,0.0,0.0,0.0,0.0,0.0,0.0,0.629,1132,0.008,0.012,0.111,0.177,0.136,0.216,0.152,0.241,0.286,0.000
2,2,215,6,Scatter_29,Scatter,static,AI_VECTOR_CORE,1784811014411536.070	,1.240,0.050000,4,0,NO,"""2,2,1024,128;2;2,2,1,128""",FLOAT16;INT64;FLOAT16,NCHW;NCHW;NCHW,"""2,2,1024,128""",FLOAT16,NCHW,N/A,0.0,0,0.0,0.0,0.0,0.0,0.0,0.0,0.0,0.0,0.0,0.0,0.0,0.582,4187,0.008,0.013,0.223,0.383,0.118,0.203,0.112,0.193,0.11,0.000
2,2,216,6,ApplyRotaryPosEmb_14,ApplyRotaryPosEmb,static,AI_VECTOR_CORE,1784811014411537.330	,2.140,0.010000,2,0,NO,"""2,1,16,128;2,1,2,128;2,1,1,128;2,1,1,128""",FLOAT16;FLOAT16;FLOAT16;FLOAT16,NCHW;NCHW;NCHW;NCHW,"""2,1,16,128;2,1,2,128""",FLOAT16;FLOAT16,NCHW;NCHW,N/A,0.0,0,0.0,0.0,0.0,0.0,0.0,0.0,0.0,0.0,0.0,0.0,0.0,1.42,5112,0.155,0.109,1.094,0.771,0.182,0.128,0.144,0.101,0.084,0.000
2,2,217,6,Scatter_28,Scatter,static,AI_VECTOR_CORE,1784811014411539.490	,1.220,0.110000,4,0,NO,"""2,2,1024,128;2;2,2,1,128""",FLOAT16;INT64;FLOAT16,NCHW;NCHW;NCHW,"""2,2,1024,128""",FLOAT16,NCHW,N/A,0.0,0,0.0,0.0,0.0,0.0,0.0,0.0,0.0,0.0,0.0,0.0,0.0,0.509,3665,0.008,0.015,0.137,0.268,0.116,0.228,0.176,0.345,0.065,0.000
2,2,218,6,IncreFlashAttention_14,IncreFlashAttention,static,MIX_AIC,1784811014411542.050	,21.680,1.280000,4,8,NO,"""2,16,1,128;2,2,1024,128;2,2,1024,128;2,1,1,1024""",FLOAT16;FLOAT16;FLOAT16;BOOL,NCHW;NCHW;NCHW;NCHW,"""2,16,1,128""",FLOAT16,NCHW,0,17.397,125257,1.076,0.062,13.244,0.761,2.702,0.155,6.972,0.401,2.915,0.168,0.014,9.652,138989,0.719,0.075,2.082,0.216,0.242,0.025,0.465,0.048,0.003,13.374
2,2,219,6,MatMul_71,MatMul,static,AI_CORE,1784811014411564.570	,7.660,0.820000,22,0,NO,"""2,2048;1024,2048""",FLOAT16;FLOAT16,ND;ND,"""2,1024""",FLOAT16,ND,N/A,5.408,214167,0.975,0.18,0.618,0.114,1.296,0.24,4.163,0.77,0.22,0.041,0.0,0.0,0,0.0,0.0,0.0,0.0,0.0,0.0,0.0,0.0,0.0,64.720
2,2,220,6,InplaceAddRmsNorm_28,InplaceAddRmsNorm,static,AI_VECTOR_CORE,1784811014411572.250	,2.000,0.090000,2,0,NO,"""2,1,1024;2,1,1024;1024""",FLOAT16;FLOAT16;FLOAT16,ND;ND;ND,"""2,1,1024;2,1,1;2,1,1024""",FLOAT16;FLOAT;FLOAT16,ND;ND;ND,N/A,0.0,0,0.0,0.0,0.0,0.0,0.0,0.0,0.0,0.0,0.0,0.0,0.0,1.205,4337,0.282,0.234,0.441,0.366,0.411,0.341,0.37,0.307,0.128,0.000
2,2,221,6,MatMul_72,MatMul,static,AI_CORE,1784811014411574.270	,8.360,0.000000,24,0,NO,"""2,1024;3072,1024""",FLOAT16;FLOAT16,ND;ND,"""2,3072""",FLOAT16,ND,N/A,6.147,265547,0.538,0.087,0.85,0.138,1.311,0.213,4.441,0.722,0.138,0.023,0.01,0.0,0,0.0,0.0,0.0,0.0,0.0,0.0,0.0,0.0,0.0,73.528
2,2,222,6,MatMul_73,MatMul,static,AI_CORE,1784811014411582.670	,8.960,0.140000,24,0,NO,"""2,1024;3072,1024""",FLOAT16;FLOAT16,ND;ND,"""2,3072""",FLOAT16,ND,N/A,6.065,261987,0.538,0.089,0.409,0.067,1.31,0.216,4.788,0.79,0.148,0.024,0.0,0.0,0,0.0,0.0,0.0,0.0,0.0,0.0,0.0,0.0,0.0,67.684
2,2,223,6,Swish_14Mul_17,AutomaticBufferFusionOp,static,AI_VECTOR_CORE,1784811014411591.650	,1.420,0.040000,6,0,NO,"""2,1,3072;2,1,3072""",FLOAT16;FLOAT16,ND;ND,"""2,1,3072""",FLOAT16,ND,N/A,0.0,0,0.0,0.0,0.0,0.0,0.0,0.0,0.0,0.0,0.0,0.0,0.0,0.643,6941,0.163,0.254,0.147,0.229,0.136,0.212,0.141,0.219,0.045,0.000
2,2,224,6,MatMul_74,MatMul,static,AI_CORE,1784811014411593.090	,9.940,0.000000,22,0,NO,"""2,3072;1024,3072""",FLOAT16;FLOAT16,ND;ND,"""2,1024""",FLOAT16,ND,N/A,7.323,289995,1.461,0.2,0.768,0.105,1.93,0.264,5.951,0.813,0.204,0.028,0.002,0.0,0,0.0,0.0,0.0,0.0,0.0,0.0,0.0,0.0,0.0,67.534
2,2,225,6,InplaceAddRmsNorm_29,InplaceAddRmsNorm,static,AI_VECTOR_CORE,1784811014411603.050	,1.560,0.060000,2,0,NO,"""2,1,1024;2,1,1024;1024""",FLOAT16;FLOAT16;FLOAT16,ND;ND;ND,"""2,1,1024;2,1,1;2,1,1024""",FLOAT16;FLOAT;FLOAT16,ND;ND;ND,N/A,0.0,0,0.0,0.0,0.0,0.0,0.0,0.0,0.0,0.0,0.0,0.0,0.0,0.998,3591,0.282,0.283,0.449,0.451,0.366,0.367,0.39,0.391,0.0,0.000
2,2,226,6,MatMul_75,MatMul,static,AI_CORE,1784811014411604.630	,7.960,0.190000,23,0,NO,"""2,1024;2560,1024""",FLOAT16;FLOAT16,ND;ND,"""2,2560""",FLOAT16,ND,N/A,5.535,229165,0.646,0.117,0.503,0.091,1.253,0.226,4.084,0.738,0.215,0.039,0.007,0.0,0,0.0,0.0,0.0,0.0,0.0,0.0,0.0,0.0,0.0,66.643
2,2,227,6,SplitV_17,SplitVD,static,AI_VECTOR_CORE,1784811014411612.630	,0.980,0.040000,1,0,NO,"""2,1,2560""",FLOAT16,ND,"""2,1,2048;2,1,256;2,1,256""",FLOAT16;FLOAT16;FLOAT16,ND;ND;ND,N/A,0.0,0,0.0,0.0,0.0,0.0,0.0,0.0,0.0,0.0,0.0,0.0,0.0,0.536,965,0.008,0.015,0.104,0.195,0.137,0.256,0.157,0.293,0.286,0.000
2,2,228,6,Scatter_31,Scatter,static,AI_VECTOR_CORE,1784811014411613.630	,1.260,0.020000,4,0,NO,"""2,2,1024,128;2;2,2,1,128""",FLOAT16;INT64;FLOAT16,NCHW;NCHW;NCHW,"""2,2,1024,128""",FLOAT16,NCHW,N/A,0.0,0,0.0,0.0,0.0,0.0,0.0,0.0,0.0,0.0,0.0,0.0,0.0,0.679,4892,0.008,0.011,0.128,0.188,0.199,0.292,0.281,0.414,0.11,0.000
2,2,229,6,ApplyRotaryPosEmb_15,ApplyRotaryPosEmb,static,AI_VECTOR_CORE,1784811014411614.910	,2.700,0.000000,2,0,NO,"""2,1,16,128;2,1,2,128;2,1,1,128;2,1,1,128""",FLOAT16;FLOAT16;FLOAT16;FLOAT16,NCHW;NCHW;NCHW;NCHW,"""2,1,16,128;2,1,2,128""",FLOAT16;FLOAT16,NCHW;NCHW,N/A,0.0,0,0.0,0.0,0.0,0.0,0.0,0.0,0.0,0.0,0.0,0.0,0.0,1.72,6191,0.155,0.09,1.186,0.69,0.124,0.072,0.133,0.077,0.088,0.000
2,2,230,6,Scatter_30,Scatter,static,AI_VECTOR_CORE,1784811014411617.650	,1.060,0.050000,4,0,NO,"""2,2,1024,128;2;2,2,1,128""",FLOAT16;INT64;FLOAT16,NCHW;NCHW;NCHW,"""2,2,1024,128""",FLOAT16,NCHW,N/A,0.0,0,0.0,0.0,0.0,0.0,0.0,0.0,0.0,0.0,0.0,0.0,0.0,0.505,3638,0.008,0.015,0.165,0.327,0.117,0.231,0.177,0.35,0.0,0.000
2,2,231,6,IncreFlashAttention_15,IncreFlashAttention,static,MIX_AIC,1784811014411619.950	,19.900,1.190000,4,8,NO,"""2,16,1,128;2,2,1024,128;2,2,1024,128;2,1,1,1024""",FLOAT16;FLOAT16;FLOAT16;BOOL,NCHW;NCHW;NCHW;NCHW,"""2,16,1,128""",FLOAT16,NCHW,0,17.13,123337,1.076,0.063,13.09,0.764,2.699,0.158,7.135,0.416,2.899,0.169,0.015,9.42,135643,0.72,0.076,1.751,0.186,0.192,0.02,0.452,0.048,0.003,14.347
2,2,232,6,MatMul_76,MatMul,static,AI_CORE,1784811014411640.650	,7.900,0.850000,22,0,NO,"""2,2048;1024,2048""",FLOAT16;FLOAT16,ND;ND,"""2,1024""",FLOAT16,ND,N/A,5.4,213844,0.974,0.18,0.626,0.116,1.295,0.24,4.199,0.778,0.174,0.032,0.0,0.0,0,0.0,0.0,0.0,0.0,0.0,0.0,0.0,0.0,0.0,62.659
2,2,233,6,InplaceAddRmsNorm_30,InplaceAddRmsNorm,static,AI_VECTOR_CORE,1784811014411648.570	,1.700,0.000000,2,0,NO,"""2,1,1024;2,1,1024;1024""",FLOAT16;FLOAT16;FLOAT16,ND;ND;ND,"""2,1,1024;2,1,1;2,1,1024""",FLOAT16;FLOAT;FLOAT16,ND;ND;ND,N/A,0.0,0,0.0,0.0,0.0,0.0,0.0,0.0,0.0,0.0,0.0,0.0,0.0,1.038,3737,0.282,0.272,0.456,0.439,0.313,0.301,0.379,0.365,0.123,0.000
2,2,234,6,MatMul_77,MatMul,static,AI_CORE,1784811014411650.290	,8.180,0.050000,24,0,NO,"""2,1024;3072,1024""",FLOAT16;FLOAT16,ND;ND,"""2,3072""",FLOAT16,ND,N/A,5.447,235293,0.538,0.099,0.424,0.078,1.308,0.24,4.142,0.76,0.159,0.029,0.01,0.0,0,0.0,0.0,0.0,0.0,0.0,0.0,0.0,0.0,0.0,66.584
2,2,235,6,MatMul_78,MatMul,static,AI_CORE,1784811014411658.490	,8.300,0.070000,24,0,NO,"""2,1024;3072,1024""",FLOAT16;FLOAT16,ND;ND,"""2,3072""",FLOAT16,ND,N/A,5.858,253069,0.538,0.092,0.42,0.072,1.312,0.224,4.562,0.779,0.151,0.026,0.0,0.0,0,0.0,0.0,0.0,0.0,0.0,0.0,0.0,0.0,0.0,70.579
2,2,236,6,Swish_15Mul_18,AutomaticBufferFusionOp,static,AI_VECTOR_CORE,1784811014411666.810	,1.500,0.000000,6,0,NO,"""2,1,3072;2,1,3072""",FLOAT16;FLOAT16,ND;ND,"""2,1,3072""",FLOAT16,ND,N/A,0.0,0,0.0,0.0,0.0,0.0,0.0,0.0,0.0,0.0,0.0,0.0,0.0,0.774,8364,0.163,0.21,0.313,0.405,0.141,0.183,0.128,0.165,0.038,0.000
2,2,237,6,MatMul_79,MatMul,static,AI_CORE,1784811014411668.330	,9.960,0.000000,22,0,NO,"""2,3072;1024,3072""",FLOAT16;FLOAT16,ND;ND,"""2,1024""",FLOAT16,ND,N/A,7.726,305965,1.462,0.189,1.02,0.132,1.928,0.249,6.134,0.794,0.191,0.025,0.002,0.0,0,0.0,0.0,0.0,0.0,0.0,0.0,0.0,0.0,0.0,71.110
2,2,238,6,InplaceAddRmsNorm_31,InplaceAddRmsNorm,static,AI_VECTOR_CORE,1784811014411678.310	,1.640,0.040000,2,0,NO,"""2,1,1024;2,1,1024;1024""",FLOAT16;FLOAT16;FLOAT16,ND;ND;ND,"""2,1,1024;2,1,1;2,1,1024""",FLOAT16;FLOAT;FLOAT16,ND;ND;ND,N/A,0.0,0,0.0,0.0,0.0,0.0,0.0,0.0,0.0,0.0,0.0,0.0,0.0,1.071,3857,0.282,0.263,0.454,0.424,0.482,0.45,0.41,0.383,0.0,0.000
2,2,239,6,MatMul_80,MatMul,static,AI_CORE,1784811014411679.970	,7.580,0.110000,23,0,NO,"""2,1024;2560,1024""",FLOAT16;FLOAT16,ND;ND,"""2,2560""",FLOAT16,ND,N/A,5.184,214604,0.644,0.124,0.51,0.098,1.254,0.242,3.738,0.721,0.201,0.039,0.007,0.0,0,0.0,0.0,0.0,0.0,0.0,0.0,0.0,0.0,0.0,65.537
2,2,240,6,SplitV_18,SplitVD,static,AI_VECTOR_CORE,1784811014411687.570	,1.120,0.000000,1,0,NO,"""2,1,2560""",FLOAT16,ND,"""2,1,2048;2,1,256;2,1,256""",FLOAT16;FLOAT16;FLOAT16,ND;ND;ND,N/A,0.0,0,0.0,0.0,0.0,0.0,0.0,0.0,0.0,0.0,0.0,0.0,0.0,0.541,974,0.008,0.014,0.123,0.228,0.136,0.252,0.152,0.28,0.286,0.000
2,2,241,6,Scatter_33,Scatter,static,AI_VECTOR_CORE,1784811014411688.710	,1.340,0.130000,4,0,NO,"""2,2,1024,128;2;2,2,1,128""",FLOAT16;INT64;FLOAT16,NCHW;NCHW;NCHW,"""2,2,1024,128""",FLOAT16,NCHW,N/A,0.0,0,0.0,0.0,0.0,0.0,0.0,0.0,0.0,0.0,0.0,0.0,0.0,0.668,4813,0.008,0.012,0.157,0.235,0.123,0.184,0.302,0.451,0.121,0.000
2,2,242,6,ApplyRotaryPosEmb_16,ApplyRotaryPosEmb,static,AI_VECTOR_CORE,1784811014411690.070	,2.220,0.000000,2,0,NO,"""2,1,16,128;2,1,2,128;2,1,1,128;2,1,1,128""",FLOAT16;FLOAT16;FLOAT16;FLOAT16,NCHW;NCHW;NCHW;NCHW,"""2,1,16,128;2,1,2,128""",FLOAT16;FLOAT16,NCHW;NCHW,N/A,0.0,0,0.0,0.0,0.0,0.0,0.0,0.0,0.0,0.0,0.0,0.0,0.0,1.445,5201,0.153,0.106,1.115,0.772,0.136,0.094,0.149,0.103,0.081,0.000
2,2,243,6,Scatter_32,Scatter,static,AI_VECTOR_CORE,1784811014411692.310	,1.260,0.030000,4,0,NO,"""2,2,1024,128;2;2,2,1,128""",FLOAT16;INT64;FLOAT16,NCHW;NCHW;NCHW,"""2,2,1024,128""",FLOAT16,NCHW,N/A,0.0,0,0.0,0.0,0.0,0.0,0.0,0.0,0.0,0.0,0.0,0.0,0.0,0.619,4457,0.008,0.013,0.241,0.39,0.106,0.172,0.259,0.419,0.0,0.000
2,2,244,6,IncreFlashAttention_16,IncreFlashAttention,static,MIX_AIC,1784811014411694.830	,18.860,1.240000,4,8,NO,"""2,16,1,128;2,2,1024,128;2,2,1024,128;2,1,1,1024""",FLOAT16;FLOAT16;FLOAT16;BOOL,NCHW;NCHW;NCHW;NCHW,"""2,16,1,128""",FLOAT16,NCHW,0,16.785,120850,1.076,0.064,12.931,0.77,2.698,0.161,7.23,0.431,2.934,0.175,0.013,9.186,132277,0.717,0.078,2.067,0.225,0.198,0.022,0.466,0.051,0.003,14.833
2,2,245,6,MatMul_81,MatMul,static,AI_CORE,1784811014411714.930	,7.340,1.390000,22,0,NO,"""2,2048;1024,2048""",FLOAT16;FLOAT16,ND;ND,"""2,1024""",FLOAT16,ND,N/A,5.445,215611,0.974,0.179,1.202,0.221,1.294,0.238,3.698,0.679,0.173,0.032,0.0,0.0,0,0.0,0.0,0.0,0.0,0.0,0.0,0.0,0.0,0.0,67.997
2,2,246,6,InplaceAddRmsNorm_32,InplaceAddRmsNorm,static,AI_VECTOR_CORE,1784811014411722.290	,1.780,0.000000,2,0,NO,"""2,1,1024;2,1,1024;1024""",FLOAT16;FLOAT16;FLOAT16,ND;ND;ND,"""2,1,1024;2,1,1;2,1,1024""",FLOAT16;FLOAT;FLOAT16,ND;ND;ND,N/A,0.0,0,0.0,0.0,0.0,0.0,0.0,0.0,0.0,0.0,0.0,0.0,0.0,1.134,4084,0.282,0.249,0.481,0.424,0.401,0.354,0.373,0.328,0.123,0.000
2,2,247,6,MatMul_82,MatMul,static,AI_CORE,1784811014411724.090	,7.840,0.000000,24,0,NO,"""2,1024;3072,1024""",FLOAT16;FLOAT16,ND;ND,"""2,3072""",FLOAT16,ND,N/A,5.726,247375,0.538,0.094,0.437,0.076,1.316,0.23,4.429,0.773,0.14,0.025,0.01,0.0,0,0.0,0.0,0.0,0.0,0.0,0.0,0.0,0.0,0.0,73.039
2,2,248,6,MatMul_83,MatMul,static,AI_CORE,1784811014411731.950	,7.960,0.160000,24,0,NO,"""2,1024;3072,1024""",FLOAT16;FLOAT16,ND;ND,"""2,3072""",FLOAT16,ND,N/A,5.886,254288,0.538,0.091,0.441,0.075,1.31,0.223,4.585,0.779,0.149,0.025,0.0,0.0,0,0.0,0.0,0.0,0.0,0.0,0.0,0.0,0.0,0.0,73.948
2,2,249,6,Swish_16Mul_19,AutomaticBufferFusionOp,static,AI_VECTOR_CORE,1784811014411739.930	,1.240,0.040000,6,0,NO,"""2,1,3072;2,1,3072""",FLOAT16;FLOAT16,ND;ND,"""2,1,3072""",FLOAT16,ND,N/A,0.0,0,0.0,0.0,0.0,0.0,0.0,0.0,0.0,0.0,0.0,0.0,0.0,0.618,6669,0.163,0.265,0.157,0.255,0.13,0.21,0.135,0.219,0.038,0.000
2,2,250,6,MatMul_84,MatMul,static,AI_CORE,1784811014411741.190	,9.480,0.010000,22,0,NO,"""2,3072;1024,3072""",FLOAT16;FLOAT16,ND;ND,"""2,1024""",FLOAT16,ND,N/A,7.555,299165,1.461,0.193,1.222,0.162,1.931,0.256,5.752,0.761,0.185,0.024,0.002,0.0,0,0.0,0.0,0.0,0.0,0.0,0.0,0.0,0.0,0.0,73.050
2,2,251,6,InplaceAddRmsNorm_33,InplaceAddRmsNorm,static,AI_VECTOR_CORE,1784811014411750.690	,1.640,0.020000,2,0,NO,"""2,1,1024;2,1,1024;1024""",FLOAT16;FLOAT16;FLOAT16,ND;ND;ND,"""2,1,1024;2,1,1;2,1,1024""",FLOAT16;FLOAT;FLOAT16,ND;ND;ND,N/A,0.0,0,0.0,0.0,0.0,0.0,0.0,0.0,0.0,0.0,0.0,0.0,0.0,1.12,4033,0.282,0.252,0.513,0.458,0.476,0.425,0.398,0.355,0.0,0.000
2,2,252,6,MatMul_85,MatMul,static,AI_CORE,1784811014411752.350	,7.820,0.000000,23,0,NO,"""2,1024;2560,1024""",FLOAT16;FLOAT16,ND;ND,"""2,2560""",FLOAT16,ND,N/A,5.714,236575,0.646,0.113,0.502,0.088,1.254,0.22,4.276,0.748,0.201,0.035,0.007,0.0,0,0.0,0.0,0.0,0.0,0.0,0.0,0.0,0.0,0.0,70.029
2,2,253,6,SplitV_19,SplitVD,static,AI_VECTOR_CORE,1784811014411760.190	,1.040,0.180000,1,0,NO,"""2,1,2560""",FLOAT16,ND,"""2,1,2048;2,1,256;2,1,256""",FLOAT16;FLOAT16;FLOAT16,ND;ND;ND,N/A,0.0,0,0.0,0.0,0.0,0.0,0.0,0.0,0.0,0.0,0.0,0.0,0.0,0.563,1013,0.008,0.014,0.159,0.283,0.137,0.243,0.167,0.297,0.286,0.000
2,2,254,6,Scatter_35,Scatter,static,AI_VECTOR_CORE,1784811014411761.250	,1.200,0.000000,4,0,NO,"""2,2,1024,128;2;2,2,1,128""",FLOAT16;INT64;FLOAT16,NCHW;NCHW;NCHW,"""2,2,1024,128""",FLOAT16,NCHW,N/A,0.0,0,0.0,0.0,0.0,0.0,0.0,0.0,0.0,0.0,0.0,0.0,0.0,0.593,4268,0.008,0.013,0.147,0.249,0.113,0.191,0.253,0.428,0.119,0.000
2,2,255,6,ApplyRotaryPosEmb_17,ApplyRotaryPosEmb,static,AI_VECTOR_CORE,1784811014411762.470	,2.120,0.050000,2,0,NO,"""2,1,16,128;2,1,2,128;2,1,1,128;2,1,1,128""",FLOAT16;FLOAT16;FLOAT16;FLOAT16,NCHW;NCHW;NCHW;NCHW,"""2,1,16,128;2,1,2,128""",FLOAT16;FLOAT16,NCHW;NCHW,N/A,0.0,0,0.0,0.0,0.0,0.0,0.0,0.0,0.0,0.0,0.0,0.0,0.0,1.32,4753,0.153,0.116,1.032,0.782,0.13,0.098,0.14,0.106,0.084,0.000
2,2,256,6,Scatter_34,Scatter,static,AI_VECTOR_CORE,1784811014411764.610	,1.360,0.000000,4,0,NO,"""2,2,1024,128;2;2,2,1,128""",FLOAT16;INT64;FLOAT16,NCHW;NCHW;NCHW,"""2,2,1024,128""",FLOAT16,NCHW,N/A,0.0,0,0.0,0.0,0.0,0.0,0.0,0.0,0.0,0.0,0.0,0.0,0.0,0.681,4904,0.008,0.011,0.246,0.362,0.11,0.161,0.27,0.396,0.0,0.000
2,2,257,6,IncreFlashAttention_17,IncreFlashAttention,static,MIX_AIC,1784811014411767.330	,19.320,1.390000,4,8,NO,"""2,16,1,128;2,2,1024,128;2,2,1024,128;2,1,1,1024""",FLOAT16;FLOAT16;FLOAT16;BOOL,NCHW;NCHW;NCHW;NCHW,"""2,16,1,128""",FLOAT16,NCHW,0,16.7,120239,1.076,0.064,12.831,0.768,2.7,0.162,7.141,0.428,2.931,0.176,0.014,9.152,131789,0.719,0.079,1.841,0.201,0.195,0.021,0.447,0.049,0.006,14.406
2,2,258,6,MatMul_86,MatMul,static,AI_CORE,1784811014411787.430	,7.520,0.930000,22,0,NO,"""2,2048;1024,2048""",FLOAT16;FLOAT16,ND;ND,"""2,1024""",FLOAT16,ND,N/A,5.561,220235,0.974,0.175,1.176,0.211,1.295,0.233,3.795,0.682,0.19,0.034,0.0,0.0,0,0.0,0.0,0.0,0.0,0.0,0.0,0.0,0.0,0.0,67.793
2,2,259,6,InplaceAddRmsNorm_34,InplaceAddRmsNorm,static,AI_VECTOR_CORE,1784811014411794.970	,1.680,0.000000,2,0,NO,"""2,1,1024;2,1,1024;1024""",FLOAT16;FLOAT16;FLOAT16,ND;ND;ND,"""2,1,1024;2,1,1;2,1,1024""",FLOAT16;FLOAT;FLOAT16,ND;ND;ND,N/A,0.0,0,0.0,0.0,0.0,0.0,0.0,0.0,0.0,0.0,0.0,0.0,0.0,1.034,3723,0.282,0.273,0.453,0.438,0.326,0.315,0.377,0.365,0.123,0.000
2,2,260,6,MatMul_87,MatMul,static,AI_CORE,1784811014411796.690	,7.640,0.070000,24,0,NO,"""2,1024;3072,1024""",FLOAT16;FLOAT16,ND;ND,"""2,3072""",FLOAT16,ND,N/A,5.317,229678,0.538,0.101,0.482,0.091,1.309,0.246,3.964,0.746,0.15,0.028,0.01,0.0,0,0.0,0.0,0.0,0.0,0.0,0.0,0.0,0.0,0.0,69.589
2,2,261,6,MatMul_88,MatMul,static,AI_CORE,1784811014411804.370	,8.100,0.000000,24,0,NO,"""2,1024;3072,1024""",FLOAT16;FLOAT16,ND;ND,"""2,3072""",FLOAT16,ND,N/A,5.7,246242,0.538,0.094,0.489,0.086,1.312,0.23,4.342,0.762,0.148,0.026,0.0,0.0,0,0.0,0.0,0.0,0.0,0.0,0.0,0.0,0.0,0.0,70.371
2,2,262,6,Swish_17Mul_20,AutomaticBufferFusionOp,static,AI_VECTOR_CORE,1784811014411812.490	,1.280,0.150000,6,0,NO,"""2,1,3072;2,1,3072""",FLOAT16;FLOAT16,ND;ND,"""2,1,3072""",FLOAT16,ND,N/A,0.0,0,0.0,0.0,0.0,0.0,0.0,0.0,0.0,0.0,0.0,0.0,0.0,0.66,7124,0.163,0.247,0.182,0.276,0.139,0.211,0.136,0.206,0.038,0.000
2,2,263,6,MatMul_89,MatMul,static,AI_CORE,1784811014411813.790	,9.600,0.000000,22,0,NO,"""2,3072;1024,3072""",FLOAT16;FLOAT16,ND;ND,"""2,1024""",FLOAT16,ND,N/A,7.339,290610,1.462,0.199,0.851,0.116,1.932,0.263,5.902,0.804,0.19,0.026,0.002,0.0,0,0.0,0.0,0.0,0.0,0.0,0.0,0.0,0.0,0.0,70.074
2,2,264,6,InplaceAddRmsNorm_35,InplaceAddRmsNorm,static,AI_VECTOR_CORE,1784811014411823.410	,1.960,0.150000,2,0,NO,"""2,1,1024;2,1,1024;1024""",FLOAT16;FLOAT16;FLOAT16,ND;ND;ND,"""2,1,1024;2,1,1;2,1,1024""",FLOAT16;FLOAT;FLOAT16,ND;ND;ND,N/A,0.0,0,0.0,0.0,0.0,0.0,0.0,0.0,0.0,0.0,0.0,0.0,0.0,1.427,5136,0.283,0.199,0.481,0.337,0.309,0.217,0.378,0.265,0.223,0.000
2,2,265,6,MatMul_90,MatMul,static,AI_CORE,1784811014411825.390	,138.080,0.040000,24,0,NO,"""2,1024;103424,1024""",FLOAT16;FLOAT16,ND;ND,"""2,103424""",FLOAT16,ND,N/A,129.961,5614318,18.105,0.139,7.324,0.056,46.44,0.357,126.651,0.975,2.524,0.019,0.004,0.0,0,0.0,0.0,0.0,0.0,0.0,0.0,0.0,0.0,0.0,94.120
2,4294967295,780,3,aclnnInplaceCopy_CastAiCore_Cast,Cast,dynamic,AI_VECTOR_CORE,1784811014411982.830	,7.860,19.170000,48,0,NO,"""2,103424""",FLOAT16,ND,"""2,103424""",FLOAT,ND,N/A,0.0,0,0.0,0.0,0.0,0.0,0.0,0.0,0.0,0.0,0.0,0.0,0.0,5.602,484023,0.06,0.011,0.472,0.084,0.843,0.15,1.058,0.189,0.207,0.000
2,4294967295,781,3,aclnnArgMax_ArgMaxV2AiCore_ArgMaxV2,ArgMaxV2,dynamic,AI_VECTOR_CORE,1784811014411990.710	,14.160,0.140000,2,0,NO,"""2,103424;""",FLOAT;INT64,ND;ND,"""2,1""",INT32,ND,N/A,0.0,0,0.0,0.0,0.0,0.0,0.0,0.0,0.0,0.0,0.0,0.0,0.0,13.534,48722,7.379,0.545,1.771,0.131,3.801,0.281,0.156,0.012,0.06,0.000
2,4294967295,782,3,aclnnArgMax_CastAiCore_Cast,Cast,dynamic,AI_VECTOR_CORE,1784811014412004.890	,1.380,0.090000,1,0,NO,"""2,1""",INT32,ND,"""2,1""",INT64,ND,N/A,0.0,0,0.0,0.0,0.0,0.0,0.0,0.0,0.0,0.0,0.0,0.0,0.0,0.834,1501,0.026,0.031,0.271,0.324,0.112,0.134,0.085,0.102,0.169,0.000
2,4294967295,784,3,aclnnInplaceFillScalar_FillAiCore_Fill,Fill,dynamic,AI_VECTOR_CORE,1784811014412006.470	,2.180,0.120000,1,0,NO,"""2;""",INT64;INT64,ND;ND,"""2,1""",INT64,ND,N/A,0.0,0,0.0,0.0,0.0,0.0,0.0,0.0,0.0,0.0,0.0,0.0,0.0,1.628,2930,0.098,0.06,0.395,0.243,0.238,0.146,0.133,0.082,0.214,0.000
2,4294967295,785,3,aclnnSWhere_SelectV2AiCore_SelectV2,SelectV2,dynamic,AI_VECTOR_CORE,1784811014412008.670	,2.480,0.070000,1,0,NO,"""2,1;2,1;2,1""",BOOL;INT64;INT64,ND;ND;ND,"""2,1""",INT64,ND,N/A,0.0,0,0.0,0.0,0.0,0.0,0.0,0.0,0.0,0.0,0.0,0.0,0.0,1.935,3483,0.198,0.102,0.472,0.244,0.407,0.21,0.107,0.055,0.211,0.000
2,4294967295,786,3,aclnnAdds_AddAiCore_Add,Add,dynamic,AI_VECTOR_CORE,1784811014412134.690	,3.020,123.520000,1,0,NO,"""2;""",INT64;INT64,ND;ND,"""2""",INT64,ND,N/A,0.0,0,0.0,0.0,0.0,0.0,0.0,0.0,0.0,0.0,0.0,0.0,0.0,2.486,4474,0.368,0.148,0.586,0.236,0.475,0.191,0.106,0.043,0.182,0.000
2,4294967295,787,3,aclnnInplaceZero_ZerosLikeAiCore_ZerosLike,ZerosLike,dynamic,AI_VECTOR_CORE,1784811014412248.090	,1.820,110.230000,1,0,NO,"""2""",INT64,ND,"""2""",INT64,ND,N/A,0.0,0,0.0,0.0,0.0,0.0,0.0,0.0,0.0,0.0,0.0,0.0,0.0,1.277,2299,0.061,0.047,0.351,0.275,0.001,0.001,0.124,0.097,0.22,0.000
2,4294967295,788,3,aclnnSWhere_SelectV2AiCore_SelectV2,SelectV2,dynamic,AI_VECTOR_CORE,1784811014412317.190	,2.000,67.430000,1,0,NO,"""2;2;2""",BOOL;INT64;INT64,ND;ND;ND,"""2""",INT64,ND,N/A,0.0,0,0.0,0.0,0.0,0.0,0.0,0.0,0.0,0.0,0.0,0.0,0.0,1.431,2575,0.2,0.14,0.447,0.312,0.309,0.216,0.107,0.075,0.189,0.000
2,2,791,3,UpdateModelParam_static_bin,Data,dynamic,AI_VECTOR_CORE,1784811014413471.470	,3.880,1152.250000,1,0,NO,N/A,N/A,N/A,N/A,N/A,N/A,N/A,0.0,0,0.0,0.0,0.0,0.0,0.0,0.0,0.0,0.0,0.0,0.0,0.0,3.432,6178,0.983,0.286,1.672,0.487,0.667,0.194,0.179,0.052,0.155,0.000
2,2,0,6,Range,Range,static,AI_VECTOR_CORE,1784811014413498.590	,8.140,23.120000,48,0,NO,""";;""",INT32;FLOAT;INT32,NCHW;NCHW;NCHW,"""1024""",FLOAT,NCHW,N/A,0.0,0,0.0,0.0,0.0,0.0,0.0,0.0,0.0,0.0,0.0,0.0,0.0,4.237,366057,0.077,0.018,0.295,0.07,0.001,0.0,0.141,0.033,0.23,0.000
2,2,1,6,Cast,Cast,static,AI_VECTOR_CORE,1784811014413506.770	,1.240,0.110000,2,0,NO,"""1024""",FLOAT,NCHW,"""1024""",INT64,NCHW,N/A,0.0,0,0.0,0.0,0.0,0.0,0.0,0.0,0.0,0.0,0.0,0.0,0.0,0.698,2512,0.031,0.045,0.107,0.153,0.117,0.168,0.154,0.221,0.261,0.000
2,2,2,6,GatherV2,GatherV2,static,AI_VECTOR_CORE,1784811014413508.030	,2.040,0.010000,2,0,NO,"""103424,1024;2,1;1""",FLOAT16;INT64;INT64,ND;ND;ND,"""2,1,1024""",FLOAT16,ND,N/A,0.0,0,0.0,0.0,0.0,0.0,0.0,0.0,0.0,0.0,0.0,0.0,0.0,1.297,4670,0.049,0.038,0.148,0.114,0.564,0.435,0.226,0.174,0.203,0.000
2,2,3,6,RmsNorm,RmsNorm,static,AI_VECTOR_CORE,1784811014413510.090	,5.740,0.000000,2,0,NO,"""2,1,1024;1024""",FLOAT16;FLOAT16,ND;ND,"""2,1,1024;2,1,1""",FLOAT16;FLOAT,ND;ND,N/A,0.0,0,0.0,0.0,0.0,0.0,0.0,0.0,0.0,0.0,0.0,0.0,0.0,5.147,18529,0.797,0.155,1.93,0.375,0.362,0.07,0.302,0.059,0.182,0.000
2,2,4,6,MatMul,MatMul,static,AI_CORE,1784811014413515.850	,8.980,0.010000,23,0,NO,"""2,1024;2560,1024""",FLOAT16;FLOAT16,ND;ND,"""2,2560""",FLOAT16,ND,N/A,6.966,288372,0.647,0.093,0.262,0.038,1.248,0.179,3.931,0.564,0.226,0.032,0.061,0.0,0,0.0,0.0,0.0,0.0,0.0,0.0,0.0,0.0,0.0,74.335
2,2,5,6,SplitV_2,SplitVD,static,AI_VECTOR_CORE,1784811014413524.850	,1.160,0.020000,1,0,NO,"""2,1,2560""",FLOAT16,ND,"""2,1,2048;2,1,256;2,1,256""",FLOAT16;FLOAT16;FLOAT16,ND;ND;ND,N/A,0.0,0,0.0,0.0,0.0,0.0,0.0,0.0,0.0,0.0,0.0,0.0,0.0,0.656,1180,0.008,0.012,0.144,0.219,0.162,0.247,0.158,0.241,0.286,0.000
2,2,6,6,Add,Add,static,AI_VECTOR_CORE,1784811014413526.030	,1.640,0.090000,1,0,NO,"""2,1;2,1""",INT64;INT64,NCHW;NCHW,"""2,1""",INT64,NCHW,N/A,0.0,0,0.0,0.0,0.0,0.0,0.0,0.0,0.0,0.0,0.0,0.0,0.0,1.119,2015,0.267,0.239,0.167,0.149,0.3,0.268,0.117,0.104,0.182,0.000
2,2,7,6,BroadcastTo,BroadcastTo,static,AI_VECTOR_CORE,1784811014413527.690	,1.220,0.110000,1,0,NO,"""1,2,1;3""",INT64;INT64,NCHW;NCHW,"""3,2,1""",INT64,NCHW,N/A,0.0,0,0.0,0.0,0.0,0.0,0.0,0.0,0.0,0.0,0.0,0.0,0.0,0.689,1240,0.067,0.097,0.177,0.257,0.094,0.136,0.126,0.182,0.161,0.000
2,2,8,6,Cast_1,Cast,static,AI_VECTOR_CORE,1784811014413528.930	,1.120,0.030000,1,0,NO,"""3,2,1,1""",INT64,NCHW,"""3,2,1,1""",FLOAT,NCHW,N/A,0.0,0,0.0,0.0,0.0,0.0,0.0,0.0,0.0,0.0,0.0,0.0,0.0,0.622,1120,0.058,0.094,0.141,0.226,0.09,0.145,0.099,0.16,0.185,0.000
2,2,9,6,Scatter_1,Scatter,static,AI_VECTOR_CORE,1784811014413530.070	,1.500,0.000000,4,0,NO,"""2,2,1024,128;2;2,2,1,128""",FLOAT16;INT64;FLOAT16,NCHW;NCHW;NCHW,"""2,2,1024,128""",FLOAT16,NCHW,N/A,0.0,0,0.0,0.0,0.0,0.0,0.0,0.0,0.0,0.0,0.0,0.0,0.0,0.804,5789,0.008,0.01,0.147,0.183,0.105,0.131,0.114,0.142,0.242,0.000
2,2,10,6,BroadcastTo_1,BroadcastTo,static,AI_VECTOR_CORE,1784811014413531.590	,1.220,0.000000,1,0,NO,"""1,1,64,1;4""",FLOAT;INT64,NCHW;NCHW,"""3,2,64,1""",FLOAT,NCHW,N/A,0.0,0,0.0,0.0,0.0,0.0,0.0,0.0,0.0,0.0,0.0,0.0,0.0,0.695,1251,0.019,0.028,0.124,0.178,0.201,0.289,0.126,0.181,0.238,0.000
2,2,11,6,Mul,Mul,static,AI_VECTOR_CORE,1784811014413532.830	,1.180,0.030000,1,0,NO,"""3,2,64,1;3,2,1,1""",FLOAT;FLOAT,NCHW;NCHW,"""3,2,64,1""",FLOAT,NCHW,N/A,0.0,0,0.0,0.0,0.0,0.0,0.0,0.0,0.0,0.0,0.0,0.0,0.0,0.642,1156,0.048,0.075,0.122,0.189,0.118,0.184,0.126,0.196,0.217,0.000
2,2,12,6,ConcatV2,ConcatV2D,static,AI_VECTOR_CORE,1784811014413534.050	,4.060,0.070000,1,0,NO,"""3,2,1,64;3,2,1,64""",FLOAT;FLOAT,NCHW;NCHW,"""3,2,1,128""",FLOAT,NCHW,N/A,0.0,0,0.0,0.0,0.0,0.0,0.0,0.0,0.0,0.0,0.0,0.0,0.0,3.555,6399,2.721,0.765,0.21,0.059,0.153,0.043,0.13,0.037,0.186,0.000
2,2,13,6,Cos,Cos,static,AI_VECTOR_CORE,1784811014413538.130	,2.080,0.190000,1,0,NO,"""3,2,1,128""",FLOAT,NCHW,"""3,2,1,128""",FLOAT,NCHW,N/A,0.0,0,0.0,0.0,0.0,0.0,0.0,0.0,0.0,0.0,0.0,0.0,0.0,1.549,2789,0.858,0.554,0.166,0.107,0.114,0.074,0.129,0.083,0.21,0.000
2,2,14,6,Mul_1Cast_5,Mul,static,AI_VECTOR_CORE,1784811014413540.250	,1.300,0.000000,1,0,NO,"""3,2,1,128;""",FLOAT;FLOAT,NCHW;NCHW,"""3,2,1,128""",FLOAT16,NCHW,N/A,0.0,0,0.0,0.0,0.0,0.0,0.0,0.0,0.0,0.0,0.0,0.0,0.0,0.774,1394,0.038,0.049,0.142,0.183,0.223,0.288,0.138,0.178,0.208,0.000
2,2,15,6,Sin,Sin,static,AI_VECTOR_CORE,1784811014413541.570	,2.060,0.000000,1,0,NO,"""3,2,1,128""",FLOAT,NCHW,"""3,2,1,128""",FLOAT,NCHW,N/A,0.0,0,0.0,0.0,0.0,0.0,0.0,0.0,0.0,0.0,0.0,0.0,0.0,1.509,2716,0.808,0.535,0.174,0.115,0.123,0.081,0.133,0.088,0.207,0.000
2,2,16,6,Mul_2Cast_6,Mul,static,AI_VECTOR_CORE,1784811014413543.650	,1.140,0.190000,1,0,NO,"""3,2,1,128;""",FLOAT;FLOAT,NCHW;NCHW,"""3,2,1,128""",FLOAT16,NCHW,N/A,0.0,0,0.0,0.0,0.0,0.0,0.0,0.0,0.0,0.0,0.0,0.0,0.0,0.589,1060,0.038,0.065,0.143,0.242,0.119,0.203,0.142,0.241,0.208,0.000
2,2,17,6,SplitV,SplitVD,static,AI_VECTOR_CORE,1784811014413544.830	,4.080,0.000000,1,0,NO,"""3,2,1,128""",FLOAT16,NCHW,"""3,2,1,16;3,2,1,24;3,2,1,24;3,2,1,16;3,2,1,24;3,2,1,24""",FLOAT16;FLOAT16;FLOAT16;FLOAT16;FLOAT16;FLOAT16,NCHW;NCHW;NCHW;NCHW;NCHW;NCHW,N/A,0.0,0,0.0,0.0,0.0,0.0,0.0,0.0,0.0,0.0,0.0,0.0,0.0,3.589,6460,2.234,0.622,0.362,0.101,0.132,0.037,0.967,0.27,0.177,0.000
2,2,18,6,GatherV2_1,GatherV2,static,AI_VECTOR_CORE,1784811014413548.930	,1.200,0.170000,1,0,NO,"""3,2,1,16;;1""",FLOAT16;INT64;INT64,NCHW;NCHW;NCHW,"""2,1,16""",FLOAT16,NCHW,N/A,0.0,0,0.0,0.0,0.0,0.0,0.0,0.0,0.0,0.0,0.0,0.0,0.0,0.723,1302,0.057,0.078,0.164,0.227,0.209,0.289,0.091,0.126,0.2,0.000
2,2,19,6,GatherV2_4,GatherV2,static,AI_VECTOR_CORE,1784811014413550.170	,1.100,0.050000,1,0,NO,"""3,2,1,16;;1""",FLOAT16;INT64;INT64,NCHW;NCHW;NCHW,"""2,1,16""",FLOAT16,NCHW,N/A,0.0,0,0.0,0.0,0.0,0.0,0.0,0.0,0.0,0.0,0.0,0.0,0.0,0.591,1064,0.057,0.096,0.19,0.321,0.127,0.214,0.102,0.172,0.2,0.000
2,2,20,6,GatherV2_2,GatherV2,static,AI_VECTOR_CORE,1784811014413551.290	,1.300,0.000000,1,0,NO,"""3,2,1,24;;1""",FLOAT16;INT64;INT64,NCHW;NCHW;NCHW,"""2,1,24""",FLOAT16,NCHW,N/A,0.0,0,0.0,0.0,0.0,0.0,0.0,0.0,0.0,0.0,0.0,0.0,0.0,0.762,1372,0.057,0.074,0.156,0.205,0.219,0.287,0.123,0.162,0.2,0.000
2,2,21,6,GatherV2_3,GatherV2,static,AI_VECTOR_CORE,1784811014413552.610	,1.360,0.000000,1,0,NO,"""3,2,1,24;;1""",FLOAT16;INT64;INT64,NCHW;NCHW;NCHW,"""2,1,24""",FLOAT16,NCHW,N/A,0.0,0,0.0,0.0,0.0,0.0,0.0,0.0,0.0,0.0,0.0,0.0,0.0,0.806,1451,0.057,0.07,0.206,0.256,0.317,0.394,0.098,0.121,0.2,0.000
2,2,22,6,GatherV2_5,GatherV2,static,AI_VECTOR_CORE,1784811014413553.990	,1.120,0.140000,1,0,NO,"""3,2,1,24;;1""",FLOAT16;INT64;INT64,NCHW;NCHW;NCHW,"""2,1,24""",FLOAT16,NCHW,N/A,0.0,0,0.0,0.0,0.0,0.0,0.0,0.0,0.0,0.0,0.0,0.0,0.0,0.58,1044,0.057,0.098,0.171,0.294,0.123,0.212,0.102,0.176,0.2,0.000
2,2,23,6,GatherV2_6,GatherV2,static,AI_VECTOR_CORE,1784811014413555.150	,1.180,0.130000,1,0,NO,"""3,2,1,24;;1""",FLOAT16;INT64;INT64,NCHW;NCHW;NCHW,"""2,1,24""",FLOAT16,NCHW,N/A,0.0,0,0.0,0.0,0.0,0.0,0.0,0.0,0.0,0.0,0.0,0.0,0.0,0.619,1115,0.057,0.091,0.195,0.315,0.151,0.243,0.092,0.148,0.2,0.000
2,2,24,6,SplitV_1,SplitVD,static,AI_VECTOR_CORE,1784811014413556.350	,3.980,0.000000,1,0,NO,"""3,2,1,128""",FLOAT16,NCHW,"""3,2,1,16;3,2,1,24;3,2,1,24;3,2,1,16;3,2,1,24;3,2,1,24""",FLOAT16;FLOAT16;FLOAT16;FLOAT16;FLOAT16;FLOAT16,NCHW;NCHW;NCHW;NCHW;NCHW;NCHW,N/A,0.0,0,0.0,0.0,0.0,0.0,0.0,0.0,0.0,0.0,0.0,0.0,0.0,3.418,6152,2.234,0.654,0.363,0.106,0.123,0.036,0.926,0.271,0.177,0.000
2,2,25,6,GatherV2_10,GatherV2,static,AI_VECTOR_CORE,1784811014413560.350	,1.220,0.020000,1,0,NO,"""3,2,1,16;;1""",FLOAT16;INT64;INT64,NCHW;NCHW;NCHW,"""2,1,16""",FLOAT16,NCHW,N/A,0.0,0,0.0,0.0,0.0,0.0,0.0,0.0,0.0,0.0,0.0,0.0,0.0,0.644,1159,0.057,0.088,0.154,0.24,0.159,0.247,0.139,0.216,0.182,0.000
2,2,26,6,GatherV2_7,GatherV2,static,AI_VECTOR_CORE,1784811014413561.590	,1.220,0.030000,1,0,NO,"""3,2,1,16;;1""",FLOAT16;INT64;INT64,NCHW;NCHW;NCHW,"""2,1,16""",FLOAT16,NCHW,N/A,0.0,0,0.0,0.0,0.0,0.0,0.0,0.0,0.0,0.0,0.0,0.0,0.0,0.65,1170,0.057,0.087,0.191,0.294,0.133,0.204,0.133,0.205,0.182,0.000
2,2,27,6,GatherV2_11,GatherV2,static,AI_VECTOR_CORE,1784811014413562.850	,1.240,0.030000,1,0,NO,"""3,2,1,24;;1""",FLOAT16;INT64;INT64,NCHW;NCHW;NCHW,"""2,1,24""",FLOAT16,NCHW,N/A,0.0,0,0.0,0.0,0.0,0.0,0.0,0.0,0.0,0.0,0.0,0.0,0.0,0.656,1180,0.057,0.086,0.166,0.253,0.149,0.228,0.138,0.211,0.182,0.000
2,2,28,6,GatherV2_12,GatherV2,static,AI_VECTOR_CORE,1784811014413564.110	,1.220,0.010000,1,0,NO,"""3,2,1,24;;1""",FLOAT16;INT64;INT64,NCHW;NCHW;NCHW,"""2,1,24""",FLOAT16,NCHW,N/A,0.0,0,0.0,0.0,0.0,0.0,0.0,0.0,0.0,0.0,0.0,0.0,0.0,0.637,1147,0.057,0.089,0.198,0.31,0.141,0.221,0.128,0.201,0.2,0.000
2,2,29,6,GatherV2_8,GatherV2,static,AI_VECTOR_CORE,1784811014413565.350	,1.120,0.030000,1,0,NO,"""3,2,1,24;;1""",FLOAT16;INT64;INT64,NCHW;NCHW;NCHW,"""2,1,24""",FLOAT16,NCHW,N/A,0.0,0,0.0,0.0,0.0,0.0,0.0,0.0,0.0,0.0,0.0,0.0,0.0,0.629,1132,0.057,0.09,0.169,0.269,0.142,0.226,0.143,0.228,0.2,0.000
2,2,30,6,GatherV2_9,GatherV2,static,AI_VECTOR_CORE,1784811014413566.490	,1.120,0.130000,1,0,NO,"""3,2,1,24;;1""",FLOAT16;INT64;INT64,NCHW;NCHW;NCHW,"""2,1,24""",FLOAT16,NCHW,N/A,0.0,0,0.0,0.0,0.0,0.0,0.0,0.0,0.0,0.0,0.0,0.0,0.0,0.646,1163,0.057,0.088,0.208,0.322,0.127,0.196,0.137,0.212,0.2,0.000
2,2,31,6,ConcatV2_1,ConcatV2D,static,AI_VECTOR_CORE,1784811014413567.630	,3.480,0.130000,1,0,NO,"""2,1,16;2,1,24;2,1,24;2,1,16;2,1,24;2,1,24""",FLOAT16;FLOAT16;FLOAT16;FLOAT16;FLOAT16;FLOAT16,NCHW;NCHW;NCHW;NCHW;NCHW;NCHW,"""2,1,128""",FLOAT16,NCHW,N/A,0.0,0,0.0,0.0,0.0,0.0,0.0,0.0,0.0,0.0,0.0,0.0,0.0,2.99,5382,2.356,0.788,0.306,0.102,0.131,0.044,0.113,0.038,0.181,0.000
2,2,32,6,ConcatV2_2,ConcatV2D,static,AI_VECTOR_CORE,1784811014413571.130	,3.340,0.020000,1,0,NO,"""2,1,16;2,1,24;2,1,24;2,1,16;2,1,24;2,1,24""",FLOAT16;FLOAT16;FLOAT16;FLOAT16;FLOAT16;FLOAT16,NCHW;NCHW;NCHW;NCHW;NCHW;NCHW,"""2,1,128""",FLOAT16,NCHW,N/A,0.0,0,0.0,0.0,0.0,0.0,0.0,0.0,0.0,0.0,0.0,0.0,0.0,2.872,5169,2.356,0.82,0.269,0.094,0.114,0.04,0.147,0.051,0.175,0.000
2,2,33,6,ApplyRotaryPosEmb,ApplyRotaryPosEmb,static,AI_VECTOR_CORE,1784811014413574.490	,3.160,0.000000,2,0,NO,"""2,1,16,128;2,1,2,128;2,1,1,128;2,1,1,128""",FLOAT16;FLOAT16;FLOAT16;FLOAT16,NCHW;NCHW;NCHW;NCHW,"""2,1,16,128;2,1,2,128""",FLOAT16;FLOAT16,NCHW;NCHW,N/A,0.0,0,0.0,0.0,0.0,0.0,0.0,0.0,0.0,0.0,0.0,0.0,0.0,2.576,9273,0.155,0.06,1.428,0.555,0.184,0.071,0.141,0.055,0.146,0.000
2,2,34,6,Scatter,Scatter,static,AI_VECTOR_CORE,1784811014413577.670	,1.380,0.090000,4,0,NO,"""2,2,1024,128;2;2,2,1,128""",FLOAT16;INT64;FLOAT16,NCHW;NCHW;NCHW,"""2,2,1024,128""",FLOAT16,NCHW,N/A,0.0,0,0.0,0.0,0.0,0.0,0.0,0.0,0.0,0.0,0.0,0.0,0.0,0.761,5480,0.008,0.01,0.145,0.191,0.096,0.126,0.186,0.244,0.191,0.000
2,2,35,6,Greater,Greater,static,AI_VECTOR_CORE,1784811014413579.090	,6.380,0.000000,32,0,NO,"""1,1024;2,1""",INT64;INT64,NCHW;NCHW,"""2,1024""",BOOL,NCHW,N/A,0.0,0,0.0,0.0,0.0,0.0,0.0,0.0,0.0,0.0,0.0,0.0,0.0,3.615,208239,0.576,0.159,0.283,0.078,0.114,0.031,0.131,0.036,0.181,0.000
2,2,36,6,IncreFlashAttention,IncreFlashAttention,static,MIX_AIC,1784811014413586.730	,20.320,1.370000,4,8,NO,"""2,16,1,128;2,2,1024,128;2,2,1024,128;2,1,1,1024""",FLOAT16;FLOAT16;FLOAT16;BOOL,NCHW;NCHW;NCHW;NCHW,"""2,16,1,128""",FLOAT16,NCHW,0,19.621,141274,1.076,0.055,13.639,0.695,2.701,0.138,7.184,0.366,2.904,0.148,0.055,11.089,159681,0.718,0.065,2.24,0.202,0.193,0.017,0.469,0.042,0.142,16.094
2,2,37,6,MatMul_1,MatMul,static,AI_CORE,1784811014413608.030	,8.660,0.930000,22,0,NO,"""2,2048;1024,2048""",FLOAT16;FLOAT16,ND;ND,"""2,1024""",FLOAT16,ND,N/A,6.374,252426,0.975,0.153,0.461,0.072,1.296,0.203,3.374,0.529,0.179,0.028,0.04,0.0,0,0.0,0.0,0.0,0.0,0.0,0.0,0.0,0.0,0.0,67.473
2,2,38,6,InplaceAddRmsNorm,InplaceAddRmsNorm,static,AI_VECTOR_CORE,1784811014413616.710	,2.220,0.090000,2,0,NO,"""2,1,1024;2,1,1024;1024""",FLOAT16;FLOAT16;FLOAT16,ND;ND;ND,"""2,1,1024;2,1,1;2,1,1024""",FLOAT16;FLOAT;FLOAT16,ND;ND;ND,N/A,0.0,0,0.0,0.0,0.0,0.0,0.0,0.0,0.0,0.0,0.0,0.0,0.0,1.667,6000,0.282,0.169,0.647,0.388,0.462,0.277,0.399,0.239,0.219,0.000
2,2,39,6,MatMul_2,MatMul,static,AI_CORE,1784811014413618.970	,9.280,0.030000,24,0,NO,"""2,1024;3072,1024""",FLOAT16;FLOAT16,ND;ND,"""2,3072""",FLOAT16,ND,N/A,7.527,325174,0.538,0.071,0.151,0.02,1.309,0.174,4.642,0.617,0.144,0.019,0.198,0.0,0,0.0,0.0,0.0,0.0,0.0,0.0,0.0,0.0,0.0,81.112
2,2,40,6,MatMul_3,MatMul,static,AI_CORE,1784811014413628.270	,8.240,0.000000,24,0,NO,"""2,1024;3072,1024""",FLOAT16;FLOAT16,ND;ND,"""2,3072""",FLOAT16,ND,N/A,5.764,249011,0.538,0.093,0.503,0.087,1.313,0.228,4.397,0.763,0.144,0.025,0.0,0.0,0,0.0,0.0,0.0,0.0,0.0,0.0,0.0,0.0,0.0,69.953
2,2,41,6,SwishMul_3,AutomaticBufferFusionOp,static,AI_VECTOR_CORE,1784811014413636.530	,2.220,0.010000,6,0,NO,"""2,1,3072;2,1,3072""",FLOAT16;FLOAT16,ND;ND,"""2,1,3072""",FLOAT16,ND,N/A,0.0,0,0.0,0.0,0.0,0.0,0.0,0.0,0.0,0.0,0.0,0.0,0.0,1.194,12896,0.163,0.137,0.12,0.101,0.155,0.13,0.139,0.116,0.23,0.000
2,2,42,6,MatMul_4,MatMul,static,AI_CORE,1784811014413638.790	,10.480,0.030000,22,0,NO,"""2,3072;1024,3072""",FLOAT16;FLOAT16,ND;ND,"""2,1024""",FLOAT16,ND,N/A,8.163,323261,1.462,0.179,0.612,0.075,1.929,0.236,5.165,0.633,0.179,0.022,0.023,0.0,0,0.0,0.0,0.0,0.0,0.0,0.0,0.0,0.0,0.0,71.402
2,2,43,6,InplaceAddRmsNorm_1,InplaceAddRmsNorm,static,AI_VECTOR_CORE,1784811014413649.290	,1.840,0.020000,2,0,NO,"""2,1,1024;2,1,1024;1024""",FLOAT16;FLOAT16;FLOAT16,ND;ND;ND,"""2,1,1024;2,1,1;2,1,1024""",FLOAT16;FLOAT;FLOAT16,ND;ND;ND,N/A,0.0,0,0.0,0.0,0.0,0.0,0.0,0.0,0.0,0.0,0.0,0.0,0.0,1.252,4506,0.282,0.225,0.61,0.487,0.338,0.27,0.376,0.3,0.218,0.000
2,2,44,6,MatMul_5,MatMul,static,AI_CORE,1784811014413651.150	,7.540,0.160000,23,0,NO,"""2,1024;2560,1024""",FLOAT16;FLOAT16,ND;ND,"""2,2560""",FLOAT16,ND,N/A,5.401,223585,0.641,0.119,0.588,0.109,1.252,0.232,3.887,0.72,0.197,0.036,0.009,0.0,0,0.0,0.0,0.0,0.0,0.0,0.0,0.0,0.0,0.0,68.642
2,2,45,6,SplitV_3,SplitVD,static,AI_VECTOR_CORE,1784811014413658.710	,1.160,0.000000,1,0,NO,"""2,1,2560""",FLOAT16,ND,"""2,1,2048;2,1,256;2,1,256""",FLOAT16;FLOAT16;FLOAT16,ND;ND;ND,N/A,0.0,0,0.0,0.0,0.0,0.0,0.0,0.0,0.0,0.0,0.0,0.0,0.0,0.569,1025,0.008,0.014,0.171,0.3,0.137,0.24,0.155,0.272,0.263,0.000
2,2,46,6,Scatter_3,Scatter,static,AI_VECTOR_CORE,1784811014413659.890	,1.620,0.090000,4,0,NO,"""2,2,1024,128;2;2,2,1,128""",FLOAT16;INT64;FLOAT16,NCHW;NCHW;NCHW,"""2,2,1024,128""",FLOAT16,NCHW,N/A,0.0,0,0.0,0.0,0.0,0.0,0.0,0.0,0.0,0.0,0.0,0.0,0.0,0.791,5694,0.008,0.01,0.138,0.174,0.117,0.147,0.247,0.312,0.216,0.000
2,2,47,6,ApplyRotaryPosEmb_1,ApplyRotaryPosEmb,static,AI_VECTOR_CORE,1784811014413661.530	,2.560,0.000000,2,0,NO,"""2,1,16,128;2,1,2,128;2,1,1,128;2,1,1,128""",FLOAT16;FLOAT16;FLOAT16;FLOAT16,NCHW;NCHW;NCHW;NCHW,"""2,1,16,128;2,1,2,128""",FLOAT16;FLOAT16,NCHW;NCHW,N/A,0.0,0,0.0,0.0,0.0,0.0,0.0,0.0,0.0,0.0,0.0,0.0,0.0,1.944,7000,0.155,0.08,1.312,0.675,0.188,0.097,0.134,0.069,0.148,0.000
2,2,48,6,Scatter_2,Scatter,static,AI_VECTOR_CORE,1784811014413664.110	,1.420,0.000000,4,0,NO,"""2,2,1024,128;2;2,2,1,128""",FLOAT16;INT64;FLOAT16,NCHW;NCHW;NCHW,"""2,2,1024,128""",FLOAT16,NCHW,N/A,0.0,0,0.0,0.0,0.0,0.0,0.0,0.0,0.0,0.0,0.0,0.0,0.0,0.747,5377,0.008,0.01,0.183,0.245,0.102,0.136,0.152,0.203,0.224,0.000
2,2,49,6,IncreFlashAttention_1,IncreFlashAttention,static,MIX_AIC,1784811014413666.450	,18.780,1.080000,4,8,NO,"""2,16,1,128;2,2,1024,128;2,2,1024,128;2,1,1,1024""",FLOAT16;FLOAT16;FLOAT16;BOOL,NCHW;NCHW;NCHW;NCHW,"""2,16,1,128""",FLOAT16,NCHW,0,17.436,125542,1.076,0.062,13.028,0.747,2.698,0.155,7.365,0.422,2.919,0.167,0.013,9.94,143135,0.719,0.072,2.094,0.211,0.191,0.019,0.45,0.045,0.135,15.474
2,2,50,6,MatMul_6,MatMul,static,AI_CORE,1784811014413685.950	,6.720,0.720000,22,0,NO,"""2,2048;1024,2048""",FLOAT16;FLOAT16,ND;ND,"""2,1024""",FLOAT16,ND,N/A,5.444,215580,0.974,0.179,1.265,0.232,1.293,0.238,3.576,0.657,0.206,0.038,0.002,0.0,0,0.0,0.0,0.0,0.0,0.0,0.0,0.0,0.0,0.0,74.260
2,2,51,6,InplaceAddRmsNorm_2,InplaceAddRmsNorm,static,AI_VECTOR_CORE,1784811014413692.690	,2.240,0.030000,2,0,NO,"""2,1,1024;2,1,1024;1024""",FLOAT16;FLOAT16;FLOAT16,ND;ND;ND,"""2,1,1024;2,1,1;2,1,1024""",FLOAT16;FLOAT;FLOAT16,ND;ND;ND,N/A,0.0,0,0.0,0.0,0.0,0.0,0.0,0.0,0.0,0.0,0.0,0.0,0.0,1.525,5490,0.282,0.185,0.581,0.381,0.518,0.34,0.401,0.263,0.217,0.000
2,2,52,6,MatMul_7,MatMul,static,AI_CORE,1784811014413694.950	,7.500,0.010000,24,0,NO,"""2,1024;3072,1024""",FLOAT16;FLOAT16,ND;ND,"""2,3072""",FLOAT16,ND,N/A,5.521,238499,0.538,0.097,0.496,0.09,1.315,0.238,4.158,0.753,0.147,0.027,0.01,0.0,0,0.0,0.0,0.0,0.0,0.0,0.0,0.0,0.0,0.0,73.611
2,2,53,6,MatMul_8,MatMul,static,AI_CORE,1784811014413702.470	,8.020,0.000000,24,0,NO,"""2,1024;3072,1024""",FLOAT16;FLOAT16,ND;ND,"""2,3072""",FLOAT16,ND,N/A,6.032,260573,0.538,0.089,0.5,0.083,1.31,0.217,4.664,0.773,0.153,0.025,0.0,0.0,0,0.0,0.0,0.0,0.0,0.0,0.0,0.0,0.0,0.0,75.209
2,2,54,6,Swish_1Mul_4,AutomaticBufferFusionOp,static,AI_VECTOR_CORE,1784811014413710.510	,1.880,0.000000,6,0,NO,"""2,1,3072;2,1,3072""",FLOAT16;FLOAT16,ND;ND,"""2,1,3072""",FLOAT16,ND,N/A,0.0,0,0.0,0.0,0.0,0.0,0.0,0.0,0.0,0.0,0.0,0.0,0.0,0.978,10562,0.163,0.166,0.139,0.142,0.145,0.148,0.131,0.134,0.211,0.000
2,2,55,6,MatMul_9,MatMul,static,AI_CORE,1784811014413712.410	,8.900,0.120000,22,0,NO,"""2,3072;1024,3072""",FLOAT16;FLOAT16,ND;ND,"""2,1024""",FLOAT16,ND,N/A,7.15,283134,1.462,0.204,0.893,0.125,1.923,0.269,5.69,0.796,0.182,0.025,0.002,0.0,0,0.0,0.0,0.0,0.0,0.0,0.0,0.0,0.0,0.0,73.641
2,2,56,6,InplaceAddRmsNorm_3,InplaceAddRmsNorm,static,AI_VECTOR_CORE,1784811014413721.330	,1.900,0.000000,2,0,NO,"""2,1,1024;2,1,1024;1024""",FLOAT16;FLOAT16;FLOAT16,ND;ND;ND,"""2,1,1024;2,1,1;2,1,1024""",FLOAT16;FLOAT;FLOAT16,ND;ND;ND,N/A,0.0,0,0.0,0.0,0.0,0.0,0.0,0.0,0.0,0.0,0.0,0.0,0.0,1.291,4648,0.282,0.219,0.593,0.46,0.328,0.254,0.377,0.292,0.215,0.000
2,2,57,6,MatMul_10,MatMul,static,AI_CORE,1784811014413723.250	,6.800,0.100000,23,0,NO,"""2,1024;2560,1024""",FLOAT16;FLOAT16,ND;ND,"""2,2560""",FLOAT16,ND,N/A,5.143,212904,0.642,0.125,0.6,0.117,1.252,0.243,3.608,0.702,0.208,0.04,0.008,0.0,0,0.0,0.0,0.0,0.0,0.0,0.0,0.0,0.0,0.0,72.475
2,2,58,6,SplitV_4,SplitVD,static,AI_VECTOR_CORE,1784811014413730.070	,1.100,0.000000,1,0,NO,"""2,1,2560""",FLOAT16,ND,"""2,1,2048;2,1,256;2,1,256""",FLOAT16;FLOAT16;FLOAT16,ND;ND;ND,N/A,0.0,0,0.0,0.0,0.0,0.0,0.0,0.0,0.0,0.0,0.0,0.0,0.0,0.566,1018,0.008,0.014,0.143,0.253,0.137,0.242,0.153,0.271,0.263,0.000
2,2,59,6,Scatter_5,Scatter,static,AI_VECTOR_CORE,1784811014413731.210	,1.540,0.150000,4,0,NO,"""2,2,1024,128;2;2,2,1,128""",FLOAT16;INT64;FLOAT16,NCHW;NCHW;NCHW,"""2,2,1024,128""",FLOAT16,NCHW,N/A,0.0,0,0.0,0.0,0.0,0.0,0.0,0.0,0.0,0.0,0.0,0.0,0.0,0.832,5989,0.008,0.009,0.127,0.153,0.125,0.151,0.222,0.266,0.198,0.000
2,2,60,6,ApplyRotaryPosEmb_2,ApplyRotaryPosEmb,static,AI_VECTOR_CORE,1784811014413732.770	,2.440,0.000000,2,0,NO,"""2,1,16,128;2,1,2,128;2,1,1,128;2,1,1,128""",FLOAT16;FLOAT16;FLOAT16;FLOAT16,NCHW;NCHW;NCHW;NCHW,"""2,1,16,128;2,1,2,128""",FLOAT16;FLOAT16,NCHW;NCHW,N/A,0.0,0,0.0,0.0,0.0,0.0,0.0,0.0,0.0,0.0,0.0,0.0,0.0,1.694,6099,0.153,0.09,1.183,0.698,0.151,0.089,0.154,0.091,0.16,0.000
2,2,61,6,Scatter_4,Scatter,static,AI_VECTOR_CORE,1784811014413735.230	,1.480,0.060000,4,0,NO,"""2,2,1024,128;2;2,2,1,128""",FLOAT16;INT64;FLOAT16,NCHW;NCHW;NCHW,"""2,2,1024,128""",FLOAT16,NCHW,N/A,0.0,0,0.0,0.0,0.0,0.0,0.0,0.0,0.0,0.0,0.0,0.0,0.0,0.841,6056,0.008,0.009,0.155,0.185,0.108,0.128,0.248,0.294,0.202,0.000
2,2,62,6,IncreFlashAttention_2,IncreFlashAttention,static,MIX_AIC,1784811014413737.750	,18.820,1.020000,4,8,NO,"""2,16,1,128;2,2,1024,128;2,2,1024,128;2,1,1,1024""",FLOAT16;FLOAT16;FLOAT16;BOOL,NCHW;NCHW;NCHW;NCHW,"""2,16,1,128""",FLOAT16,NCHW,0,17.576,126549,1.076,0.061,13.507,0.768,2.698,0.153,7.18,0.409,2.929,0.167,0.013,10.104,145497,0.72,0.071,2.351,0.233,0.195,0.019,0.457,0.045,0.13,15.565
2,2,63,6,MatMul_11,MatMul,static,AI_CORE,1784811014413757.830	,6.100,1.180000,22,0,NO,"""2,2048;1024,2048""",FLOAT16;FLOAT16,ND;ND,"""2,1024""",FLOAT16,ND,N/A,4.776,189118,0.975,0.204,0.747,0.156,1.298,0.272,3.403,0.713,0.225,0.047,0.002,0.0,0,0.0,0.0,0.0,0.0,0.0,0.0,0.0,0.0,0.0,71.766
2,2,64,6,InplaceAddRmsNorm_4,InplaceAddRmsNorm,static,AI_VECTOR_CORE,1784811014413763.970	,1.800,0.150000,2,0,NO,"""2,1,1024;2,1,1024;1024""",FLOAT16;FLOAT16;FLOAT16,ND;ND;ND,"""2,1,1024;2,1,1;2,1,1024""",FLOAT16;FLOAT;FLOAT16,ND;ND;ND,N/A,0.0,0,0.0,0.0,0.0,0.0,0.0,0.0,0.0,0.0,0.0,0.0,0.0,1.215,4375,0.282,0.232,0.545,0.448,0.366,0.301,0.389,0.32,0.215,0.000
2,2,65,6,MatMul_12,MatMul,static,AI_CORE,1784811014413765.810	,7.880,0.000000,24,0,NO,"""2,1024;3072,1024""",FLOAT16;FLOAT16,ND;ND,"""2,3072""",FLOAT16,ND,N/A,5.721,247131,0.538,0.094,0.529,0.093,1.307,0.228,4.33,0.757,0.142,0.025,0.009,0.0,0,0.0,0.0,0.0,0.0,0.0,0.0,0.0,0.0,0.0,72.597
2,2,66,6,MatMul_13,MatMul,static,AI_CORE,1784811014413773.710	,8.460,0.120000,24,0,NO,"""2,1024;3072,1024""",FLOAT16;FLOAT16,ND;ND,"""2,3072""",FLOAT16,ND,N/A,6.242,269647,0.538,0.086,1.042,0.167,1.307,0.209,4.388,0.703,0.147,0.024,0.0,0.0,0,0.0,0.0,0.0,0.0,0.0,0.0,0.0,0.0,0.0,73.780
2,2,67,6,Swish_2Mul_5,AutomaticBufferFusionOp,static,AI_VECTOR_CORE,1784811014413782.190	,1.820,0.040000,6,0,NO,"""2,1,3072;2,1,3072""",FLOAT16;FLOAT16,ND;ND,"""2,1,3072""",FLOAT16,ND,N/A,0.0,0,0.0,0.0,0.0,0.0,0.0,0.0,0.0,0.0,0.0,0.0,0.0,1.049,11330,0.163,0.156,0.125,0.119,0.135,0.129,0.137,0.13,0.187,0.000
2,2,68,6,MatMul_14,MatMul,static,AI_CORE,1784811014413784.050	,9.100,0.000000,22,0,NO,"""2,3072;1024,3072""",FLOAT16;FLOAT16,ND;ND,"""2,1024""",FLOAT16,ND,N/A,7.108,281470,1.462,0.206,0.888,0.125,1.92,0.27,5.646,0.794,0.182,0.026,0.002,0.0,0,0.0,0.0,0.0,0.0,0.0,0.0,0.0,0.0,0.0,71.599
2,2,69,6,InplaceAddRmsNorm_5,InplaceAddRmsNorm,static,AI_VECTOR_CORE,1784811014413793.170	,1.860,0.150000,2,0,NO,"""2,1,1024;2,1,1024;1024""",FLOAT16;FLOAT16;FLOAT16,ND;ND;ND,"""2,1,1024;2,1,1;2,1,1024""",FLOAT16;FLOAT;FLOAT16,ND;ND;ND,N/A,0.0,0,0.0,0.0,0.0,0.0,0.0,0.0,0.0,0.0,0.0,0.0,0.0,1.172,4218,0.282,0.241,0.493,0.421,0.294,0.251,0.363,0.31,0.223,0.000
2,2,70,6,MatMul_15,MatMul,static,AI_CORE,1784811014413795.050	,7.500,0.000000,23,0,NO,"""2,1024;2560,1024""",FLOAT16;FLOAT16,ND;ND,"""2,2560""",FLOAT16,ND,N/A,5.247,217232,0.644,0.123,0.553,0.105,1.253,0.239,3.779,0.72,0.196,0.037,0.005,0.0,0,0.0,0.0,0.0,0.0,0.0,0.0,0.0,0.0,0.0,67.047
2,2,71,6,SplitV_5,SplitVD,static,AI_VECTOR_CORE,1784811014413802.570	,1.120,0.000000,1,0,NO,"""2,1,2560""",FLOAT16,ND,"""2,1,2048;2,1,256;2,1,256""",FLOAT16;FLOAT16;FLOAT16,ND;ND;ND,N/A,0.0,0,0.0,0.0,0.0,0.0,0.0,0.0,0.0,0.0,0.0,0.0,0.0,0.596,1072,0.008,0.013,0.152,0.255,0.155,0.26,0.156,0.261,0.263,0.000
2,2,72,6,Scatter_7,Scatter,static,AI_VECTOR_CORE,1784811014413803.730	,1.220,0.130000,4,0,NO,"""2,2,1024,128;2;2,2,1,128""",FLOAT16;INT64;FLOAT16,NCHW;NCHW;NCHW,"""2,2,1024,128""",FLOAT16,NCHW,N/A,0.0,0,0.0,0.0,0.0,0.0,0.0,0.0,0.0,0.0,0.0,0.0,0.0,0.609,4386,0.008,0.013,0.148,0.243,0.113,0.185,0.245,0.403,0.13,0.000
2,2,73,6,ApplyRotaryPosEmb_3,ApplyRotaryPosEmb,static,AI_VECTOR_CORE,1784811014413804.970	,2.320,0.030000,2,0,NO,"""2,1,16,128;2,1,2,128;2,1,1,128;2,1,1,128""",FLOAT16;FLOAT16;FLOAT16;FLOAT16,NCHW;NCHW;NCHW;NCHW,"""2,1,16,128;2,1,2,128""",FLOAT16;FLOAT16,NCHW;NCHW,N/A,0.0,0,0.0,0.0,0.0,0.0,0.0,0.0,0.0,0.0,0.0,0.0,0.0,1.76,6336,0.161,0.092,1.151,0.654,0.137,0.078,0.142,0.08,0.146,0.000
2,2,74,6,Scatter_6,Scatter,static,AI_VECTOR_CORE,1784811014413807.310	,1.740,0.000000,4,0,NO,"""2,2,1024,128;2;2,2,1,128""",FLOAT16;INT64;FLOAT16,NCHW;NCHW;NCHW,"""2,2,1024,128""",FLOAT16,NCHW,N/A,0.0,0,0.0,0.0,0.0,0.0,0.0,0.0,0.0,0.0,0.0,0.0,0.0,0.874,6290,0.008,0.009,0.141,0.161,0.111,0.127,0.26,0.297,0.175,0.000
2,2,75,6,IncreFlashAttention_3,IncreFlashAttention,static,MIX_AIC,1784811014413810.250	,19.400,1.260000,4,8,NO,"""2,16,1,128;2,2,1024,128;2,2,1024,128;2,1,1,1024""",FLOAT16;FLOAT16;FLOAT16;BOOL,NCHW;NCHW;NCHW;NCHW,"""2,16,1,128""",FLOAT16,NCHW,0,17.531,126226,1.076,0.061,13.28,0.757,2.697,0.154,7.049,0.402,2.916,0.166,0.014,10.015,144213,0.719,0.072,2.391,0.239,0.195,0.02,0.481,0.048,0.143,15.061
2,2,76,6,MatMul_16,MatMul,static,AI_CORE,1784811014413830.350	,6.500,0.600000,22,0,NO,"""2,2048;1024,2048""",FLOAT16;FLOAT16,ND;ND,"""2,1024""",FLOAT16,ND,N/A,4.85,192058,0.974,0.201,0.666,0.137,1.291,0.266,3.561,0.734,0.216,0.044,0.0,0.0,0,0.0,0.0,0.0,0.0,0.0,0.0,0.0,0.0,0.0,68.397
2,2,77,6,InplaceAddRmsNorm_6,InplaceAddRmsNorm,static,AI_VECTOR_CORE,1784811014413836.890	,1.840,0.250000,2,0,NO,"""2,1,1024;2,1,1024;1024""",FLOAT16;FLOAT16;FLOAT16,ND;ND;ND,"""2,1,1024;2,1,1;2,1,1024""",FLOAT16;FLOAT;FLOAT16,ND;ND;ND,N/A,0.0,0,0.0,0.0,0.0,0.0,0.0,0.0,0.0,0.0,0.0,0.0,0.0,1.237,4452,0.282,0.228,0.524,0.424,0.341,0.276,0.373,0.301,0.216,0.000
2,2,78,6,MatMul_17,MatMul,static,AI_CORE,1784811014413838.750	,7.920,0.000000,24,0,NO,"""2,1024;3072,1024""",FLOAT16;FLOAT16,ND;ND,"""2,3072""",FLOAT16,ND,N/A,5.636,243482,0.538,0.095,0.457,0.081,1.316,0.234,4.319,0.766,0.142,0.025,0.01,0.0,0,0.0,0.0,0.0,0.0,0.0,0.0,0.0,0.0,0.0,71.164
2,2,79,6,MatMul_18,MatMul,static,AI_CORE,1784811014413846.710	,7.920,0.080000,24,0,NO,"""2,1024;3072,1024""",FLOAT16;FLOAT16,ND;ND,"""2,3072""",FLOAT16,ND,N/A,6.291,271769,0.538,0.085,0.941,0.15,1.331,0.212,4.488,0.713,0.154,0.024,0.0,0.0,0,0.0,0.0,0.0,0.0,0.0,0.0,0.0,0.0,0.0,79.431
2,2,80,6,Swish_3Mul_6,AutomaticBufferFusionOp,static,AI_VECTOR_CORE,1784811014413854.650	,1.980,0.080000,6,0,NO,"""2,1,3072;2,1,3072""",FLOAT16;FLOAT16,ND;ND,"""2,1,3072""",FLOAT16,ND,N/A,0.0,0,0.0,0.0,0.0,0.0,0.0,0.0,0.0,0.0,0.0,0.0,0.0,0.956,10328,0.163,0.17,0.139,0.145,0.165,0.172,0.132,0.138,0.215,0.000
2,2,81,6,MatMul_19,MatMul,static,AI_CORE,1784811014413856.670	,9.140,0.020000,22,0,NO,"""2,3072;1024,3072""",FLOAT16;FLOAT16,ND;ND,"""2,1024""",FLOAT16,ND,N/A,7.078,280291,1.464,0.207,0.83,0.117,1.931,0.273,5.689,0.804,0.179,0.025,0.001,0.0,0,0.0,0.0,0.0,0.0,0.0,0.0,0.0,0.0,0.0,70.987
2,2,82,6,InplaceAddRmsNorm_7,InplaceAddRmsNorm,static,AI_VECTOR_CORE,1784811014413865.830	,1.640,0.000000,2,0,NO,"""2,1,1024;2,1,1024;1024""",FLOAT16;FLOAT16;FLOAT16,ND;ND;ND,"""2,1,1024;2,1,1;2,1,1024""",FLOAT16;FLOAT;FLOAT16,ND;ND;ND,N/A,0.0,0,0.0,0.0,0.0,0.0,0.0,0.0,0.0,0.0,0.0,0.0,0.0,1.076,3875,0.282,0.262,0.491,0.456,0.339,0.315,0.393,0.365,0.123,0.000
2,2,83,6,MatMul_20,MatMul,static,AI_CORE,1784811014413867.490	,7.120,0.110000,23,0,NO,"""2,1024;2560,1024""",FLOAT16;FLOAT16,ND;ND,"""2,2560""",FLOAT16,ND,N/A,5.216,215940,0.645,0.124,0.522,0.1,1.256,0.241,3.746,0.718,0.224,0.043,0.007,0.0,0,0.0,0.0,0.0,0.0,0.0,0.0,0.0,0.0,0.0,70.205
2,2,84,6,SplitV_6,SplitVD,static,AI_VECTOR_CORE,1784811014413874.630	,1.020,0.130000,1,0,NO,"""2,1,2560""",FLOAT16,ND,"""2,1,2048;2,1,256;2,1,256""",FLOAT16;FLOAT16;FLOAT16,ND;ND;ND,N/A,0.0,0,0.0,0.0,0.0,0.0,0.0,0.0,0.0,0.0,0.0,0.0,0.0,0.537,967,0.008,0.014,0.098,0.183,0.138,0.256,0.154,0.287,0.286,0.000
2,2,85,6,Scatter_9,Scatter,static,AI_VECTOR_CORE,1784811014413875.670	,1.160,0.000000,4,0,NO,"""2,2,1024,128;2;2,2,1,128""",FLOAT16;INT64;FLOAT16,NCHW;NCHW;NCHW,"""2,2,1024,128""",FLOAT16,NCHW,N/A,0.0,0,0.0,0.0,0.0,0.0,0.0,0.0,0.0,0.0,0.0,0.0,0.0,0.574,4134,0.008,0.014,0.126,0.22,0.114,0.199,0.204,0.356,0.096,0.000
2,2,86,6,ApplyRotaryPosEmb_4,ApplyRotaryPosEmb,static,AI_VECTOR_CORE,1784811014413876.850	,2.340,0.000000,2,0,NO,"""2,1,16,128;2,1,2,128;2,1,1,128;2,1,1,128""",FLOAT16;FLOAT16;FLOAT16;FLOAT16,NCHW;NCHW;NCHW;NCHW,"""2,1,16,128;2,1,2,128""",FLOAT16;FLOAT16,NCHW;NCHW,N/A,0.0,0,0.0,0.0,0.0,0.0,0.0,0.0,0.0,0.0,0.0,0.0,0.0,1.787,6434,0.159,0.089,1.18,0.66,0.131,0.073,0.133,0.074,0.146,0.000
2,2,87,6,Scatter_8,Scatter,static,AI_VECTOR_CORE,1784811014413879.210	,1.320,0.160000,4,0,NO,"""2,2,1024,128;2;2,2,1,128""",FLOAT16;INT64;FLOAT16,NCHW;NCHW;NCHW,"""2,2,1024,128""",FLOAT16,NCHW,N/A,0.0,0,0.0,0.0,0.0,0.0,0.0,0.0,0.0,0.0,0.0,0.0,0.0,0.694,4997,0.008,0.011,0.133,0.192,0.115,0.165,0.217,0.312,0.144,0.000
2,2,88,6,IncreFlashAttention_4,IncreFlashAttention,static,MIX_AIC,1784811014413881.550	,19.040,0.930000,4,8,NO,"""2,16,1,128;2,2,1024,128;2,2,1024,128;2,1,1,1024""",FLOAT16;FLOAT16;FLOAT16;BOOL,NCHW;NCHW;NCHW;NCHW,"""2,16,1,128""",FLOAT16,NCHW,0,17.465,125748,1.076,0.062,13.0,0.744,2.697,0.154,7.303,0.418,2.942,0.168,0.014,9.98,143710,0.719,0.072,2.364,0.237,0.194,0.019,0.455,0.046,0.135,15.288
2,2,89,6,MatMul_21,MatMul,static,AI_CORE,1784811014413901.630	,7.000,1.210000,22,0,NO,"""2,2048;1024,2048""",FLOAT16;FLOAT16,ND;ND,"""2,1024""",FLOAT16,ND,N/A,4.812,190569,0.973,0.202,0.685,0.142,1.304,0.271,3.525,0.733,0.19,0.039,0.0,0.0,0,0.0,0.0,0.0,0.0,0.0,0.0,0.0,0.0,0.0,63.019
2,2,90,6,InplaceAddRmsNorm_8,InplaceAddRmsNorm,static,AI_VECTOR_CORE,1784811014413908.650	,1.760,0.000000,2,0,NO,"""2,1,1024;2,1,1024;1024""",FLOAT16;FLOAT16;FLOAT16,ND;ND;ND,"""2,1,1024;2,1,1;2,1,1024""",FLOAT16;FLOAT;FLOAT16,ND;ND;ND,N/A,0.0,0,0.0,0.0,0.0,0.0,0.0,0.0,0.0,0.0,0.0,0.0,0.0,1.152,4147,0.282,0.245,0.474,0.411,0.32,0.278,0.371,0.322,0.206,0.000
2,2,91,6,MatMul_22,MatMul,static,AI_CORE,1784811014413910.430	,8.680,0.000000,24,0,NO,"""2,1024;3072,1024""",FLOAT16;FLOAT16,ND;ND,"""2,3072""",FLOAT16,ND,N/A,6.033,260631,0.538,0.089,0.455,0.075,1.313,0.218,4.714,0.781,0.138,0.023,0.01,0.0,0,0.0,0.0,0.0,0.0,0.0,0.0,0.0,0.0,0.0,69.506
2,2,92,6,MatMul_23,MatMul,static,AI_CORE,1784811014413919.150	,8.060,0.070000,24,0,NO,"""2,1024;3072,1024""",FLOAT16;FLOAT16,ND;ND,"""2,3072""",FLOAT16,ND,N/A,6.074,262409,0.538,0.089,0.452,0.074,1.309,0.216,4.747,0.782,0.158,0.026,0.0,0.0,0,0.0,0.0,0.0,0.0,0.0,0.0,0.0,0.0,0.0,75.363
2,2,93,6,Swish_4Mul_7,AutomaticBufferFusionOp,static,AI_VECTOR_CORE,1784811014413927.230	,1.840,0.000000,6,0,NO,"""2,1,3072;2,1,3072""",FLOAT16;FLOAT16,ND;ND,"""2,1,3072""",FLOAT16,ND,N/A,0.0,0,0.0,0.0,0.0,0.0,0.0,0.0,0.0,0.0,0.0,0.0,0.0,1.01,10904,0.163,0.162,0.163,0.161,0.158,0.156,0.132,0.131,0.185,0.000
2,2,94,6,MatMul_24,MatMul,static,AI_CORE,1784811014413929.090	,9.260,0.000000,22,0,NO,"""2,3072;1024,3072""",FLOAT16;FLOAT16,ND;ND,"""2,1024""",FLOAT16,ND,N/A,7.44,294609,1.462,0.196,0.836,0.112,1.938,0.26,6.024,0.81,0.175,0.024,0.002,0.0,0,0.0,0.0,0.0,0.0,0.0,0.0,0.0,0.0,0.0,73.646
2,2,95,6,InplaceAddRmsNorm_9,InplaceAddRmsNorm,static,AI_VECTOR_CORE,1784811014413938.370	,1.700,0.000000,2,0,NO,"""2,1,1024;2,1,1024;1024""",FLOAT16;FLOAT16;FLOAT16,ND;ND;ND,"""2,1,1024;2,1,1;2,1,1024""",FLOAT16;FLOAT;FLOAT16,ND;ND;ND,N/A,0.0,0,0.0,0.0,0.0,0.0,0.0,0.0,0.0,0.0,0.0,0.0,0.0,1.154,4155,0.282,0.245,0.452,0.391,0.537,0.465,0.394,0.341,0.126,0.000
2,2,96,6,MatMul_25,MatMul,static,AI_CORE,1784811014413940.090	,7.280,0.050000,23,0,NO,"""2,1024;2560,1024""",FLOAT16;FLOAT16,ND;ND,"""2,2560""",FLOAT16,ND,N/A,5.801,240168,0.641,0.111,0.943,0.163,1.261,0.217,3.935,0.678,0.204,0.035,0.007,0.0,0,0.0,0.0,0.0,0.0,0.0,0.0,0.0,0.0,0.0,76.366
2,2,97,6,SplitV_7,SplitVD,static,AI_VECTOR_CORE,1784811014413947.390	,1.080,0.220000,1,0,NO,"""2,1,2560""",FLOAT16,ND,"""2,1,2048;2,1,256;2,1,256""",FLOAT16;FLOAT16;FLOAT16,ND;ND;ND,N/A,0.0,0,0.0,0.0,0.0,0.0,0.0,0.0,0.0,0.0,0.0,0.0,0.0,0.536,964,0.008,0.015,0.115,0.215,0.137,0.255,0.157,0.293,0.286,0.000
2,2,98,6,Scatter_11,Scatter,static,AI_VECTOR_CORE,1784811014413948.490	,1.560,0.000000,4,0,NO,"""2,2,1024,128;2;2,2,1,128""",FLOAT16;INT64;FLOAT16,NCHW;NCHW;NCHW,"""2,2,1024,128""",FLOAT16,NCHW,N/A,0.0,0,0.0,0.0,0.0,0.0,0.0,0.0,0.0,0.0,0.0,0.0,0.0,0.845,6085,0.008,0.009,0.139,0.165,0.116,0.138,0.293,0.347,0.226,0.000
2,2,99,6,ApplyRotaryPosEmb_5,ApplyRotaryPosEmb,static,AI_VECTOR_CORE,1784811014413950.070	,2.460,0.000000,2,0,NO,"""2,1,16,128;2,1,2,128;2,1,1,128;2,1,1,128""",FLOAT16;FLOAT16;FLOAT16;FLOAT16,NCHW;NCHW;NCHW;NCHW,"""2,1,16,128;2,1,2,128""",FLOAT16;FLOAT16,NCHW;NCHW,N/A,0.0,0,0.0,0.0,0.0,0.0,0.0,0.0,0.0,0.0,0.0,0.0,0.0,1.807,6506,0.155,0.086,1.223,0.677,0.144,0.08,0.155,0.086,0.147,0.000
2,2,100,6,Scatter_10,Scatter,static,AI_VECTOR_CORE,1784811014413952.570	,1.480,0.040000,4,0,NO,"""2,2,1024,128;2;2,2,1,128""",FLOAT16;INT64;FLOAT16,NCHW;NCHW;NCHW,"""2,2,1024,128""",FLOAT16,NCHW,N/A,0.0,0,0.0,0.0,0.0,0.0,0.0,0.0,0.0,0.0,0.0,0.0,0.0,0.795,5725,0.008,0.01,0.15,0.189,0.123,0.154,0.308,0.387,0.163,0.000
2,2,101,6,IncreFlashAttention_5,IncreFlashAttention,static,MIX_AIC,1784811014413955.210	,18.880,1.270000,4,8,NO,"""2,16,1,128;2,2,1024,128;2,2,1024,128;2,1,1,1024""",FLOAT16;FLOAT16;FLOAT16;BOOL,NCHW;NCHW;NCHW;NCHW,"""2,16,1,128""",FLOAT16,NCHW,0,17.276,124388,1.076,0.062,13.072,0.757,2.697,0.156,7.36,0.426,3.001,0.174,0.014,9.708,139790,0.72,0.074,2.472,0.255,0.198,0.02,0.461,0.047,0.046,15.251
2,2,102,6,MatMul_26,MatMul,static,AI_CORE,1784811014413975.290	,6.560,1.120000,22,0,NO,"""2,2048;1024,2048""",FLOAT16;FLOAT16,ND;ND,"""2,1024""",FLOAT16,ND,N/A,4.79,189698,0.976,0.204,0.687,0.143,1.29,0.269,3.53,0.737,0.176,0.037,0.0,0.0,0,0.0,0.0,0.0,0.0,0.0,0.0,0.0,0.0,0.0,66.938
2,2,103,6,InplaceAddRmsNorm_10,InplaceAddRmsNorm,static,AI_VECTOR_CORE,1784811014413981.870	,1.620,0.000000,2,0,NO,"""2,1,1024;2,1,1024;1024""",FLOAT16;FLOAT16;FLOAT16,ND;ND;ND,"""2,1,1024;2,1,1;2,1,1024""",FLOAT16;FLOAT;FLOAT16,ND;ND;ND,N/A,0.0,0,0.0,0.0,0.0,0.0,0.0,0.0,0.0,0.0,0.0,0.0,0.0,1.046,3765,0.282,0.27,0.477,0.456,0.349,0.333,0.379,0.362,0.114,0.000
2,2,104,6,MatMul_27,MatMul,static,AI_CORE,1784811014413983.510	,8.520,0.130000,24,0,NO,"""2,1024;3072,1024""",FLOAT16;FLOAT16,ND;ND,"""2,3072""",FLOAT16,ND,N/A,6.689,288968,0.538,0.08,0.5,0.075,1.296,0.194,5.375,0.804,0.139,0.021,0.01,0.0,0,0.0,0.0,0.0,0.0,0.0,0.0,0.0,0.0,0.0,78.510
2,2,105,6,MatMul_28,MatMul,static,AI_CORE,1784811014413992.050	,7.660,0.000000,24,0,NO,"""2,1024;3072,1024""",FLOAT16;FLOAT16,ND;ND,"""2,3072""",FLOAT16,ND,N/A,5.618,242699,0.538,0.096,0.618,0.11,1.31,0.233,4.138,0.736,0.145,0.026,0.0,0.0,0,0.0,0.0,0.0,0.0,0.0,0.0,0.0,0.0,0.0,73.342
2,2,106,6,Swish_5Mul_8,AutomaticBufferFusionOp,static,AI_VECTOR_CORE,1784811014413999.750	,1.480,0.090000,6,0,NO,"""2,1,3072;2,1,3072""",FLOAT16;FLOAT16,ND;ND,"""2,1,3072""",FLOAT16,ND,N/A,0.0,0,0.0,0.0,0.0,0.0,0.0,0.0,0.0,0.0,0.0,0.0,0.0,0.788,8510,0.163,0.207,0.169,0.215,0.165,0.209,0.124,0.157,0.127,0.000
2,2,107,6,MatMul_29,MatMul,static,AI_CORE,1784811014414001.250	,9.240,0.020000,22,0,NO,"""2,3072;1024,3072""",FLOAT16;FLOAT16,ND;ND,"""2,1024""",FLOAT16,ND,N/A,7.157,283422,1.461,0.204,0.892,0.125,1.93,0.27,5.705,0.797,0.176,0.025,0.002,0.0,0,0.0,0.0,0.0,0.0,0.0,0.0,0.0,0.0,0.0,71.003
2,2,108,6,InplaceAddRmsNorm_11,InplaceAddRmsNorm,static,AI_VECTOR_CORE,1784811014414010.510	,1.680,0.010000,2,0,NO,"""2,1,1024;2,1,1024;1024""",FLOAT16;FLOAT16;FLOAT16,ND;ND;ND,"""2,1,1024;2,1,1;2,1,1024""",FLOAT16;FLOAT;FLOAT16,ND;ND;ND,N/A,0.0,0,0.0,0.0,0.0,0.0,0.0,0.0,0.0,0.0,0.0,0.0,0.0,1.042,3750,0.282,0.271,0.495,0.475,0.34,0.326,0.381,0.366,0.0,0.000
2,2,109,6,MatMul_30,MatMul,static,AI_CORE,1784811014414012.210	,7.240,0.070000,23,0,NO,"""2,1024;2560,1024""",FLOAT16;FLOAT16,ND;ND,"""2,2560""",FLOAT16,ND,N/A,5.991,248046,0.643,0.107,1.083,0.181,1.242,0.207,3.985,0.665,0.204,0.034,0.007,0.0,0,0.0,0.0,0.0,0.0,0.0,0.0,0.0,0.0,0.0,79.307
2,2,110,6,SplitV_8,SplitVD,static,AI_VECTOR_CORE,1784811014414019.470	,1.280,0.010000,1,0,NO,"""2,1,2560""",FLOAT16,ND,"""2,1,2048;2,1,256;2,1,256""",FLOAT16;FLOAT16;FLOAT16,ND;ND;ND,N/A,0.0,0,0.0,0.0,0.0,0.0,0.0,0.0,0.0,0.0,0.0,0.0,0.0,0.686,1235,0.008,0.011,0.143,0.209,0.138,0.202,0.158,0.231,0.286,0.000
2,2,111,6,Scatter_13,Scatter,static,AI_VECTOR_CORE,1784811014414020.770	,1.220,0.000000,4,0,NO,"""2,2,1024,128;2;2,2,1,128""",FLOAT16;INT64;FLOAT16,NCHW;NCHW;NCHW,"""2,2,1024,128""",FLOAT16,NCHW,N/A,0.0,0,0.0,0.0,0.0,0.0,0.0,0.0,0.0,0.0,0.0,0.0,0.0,0.566,4074,0.008,0.014,0.212,0.375,0.107,0.19,0.095,0.168,0.127,0.000
2,2,112,6,ApplyRotaryPosEmb_6,ApplyRotaryPosEmb,static,AI_VECTOR_CORE,1784811014414022.030	,2.200,0.030000,2,0,NO,"""2,1,16,128;2,1,2,128;2,1,1,128;2,1,1,128""",FLOAT16;FLOAT16;FLOAT16;FLOAT16,NCHW;NCHW;NCHW;NCHW,"""2,1,16,128;2,1,2,128""",FLOAT16;FLOAT16,NCHW;NCHW,N/A,0.0,0,0.0,0.0,0.0,0.0,0.0,0.0,0.0,0.0,0.0,0.0,0.0,1.435,5166,0.159,0.111,1.092,0.761,0.171,0.119,0.133,0.093,0.08,0.000
2,2,113,6,Scatter_12,Scatter,static,AI_VECTOR_CORE,1784811014414024.250	,1.200,0.050000,4,0,NO,"""2,2,1024,128;2;2,2,1,128""",FLOAT16;INT64;FLOAT16,NCHW;NCHW;NCHW,"""2,2,1024,128""",FLOAT16,NCHW,N/A,0.0,0,0.0,0.0,0.0,0.0,0.0,0.0,0.0,0.0,0.0,0.0,0.0,0.579,4171,0.008,0.013,0.176,0.304,0.105,0.181,0.25,0.431,0.0,0.000
2,2,114,6,IncreFlashAttention_6,IncreFlashAttention,static,MIX_AIC,1784811014414026.450	,17.940,1.050000,4,8,NO,"""2,16,1,128;2,2,1024,128;2,2,1024,128;2,1,1,1024""",FLOAT16;FLOAT16;FLOAT16;BOOL,NCHW;NCHW;NCHW;NCHW,"""2,16,1,128""",FLOAT16,NCHW,0,16.442,118379,1.076,0.065,12.695,0.772,2.697,0.164,7.157,0.435,2.962,0.18,0.014,8.981,129330,0.72,0.08,1.882,0.21,0.204,0.023,0.44,0.049,0.044,15.275
2,2,115,6,MatMul_31,MatMul,static,AI_CORE,1784811014414045.330	,6.000,0.810000,22,0,NO,"""2,2048;1024,2048""",FLOAT16;FLOAT16,ND;ND,"""2,1024""",FLOAT16,ND,N/A,4.613,182683,0.974,0.211,0.843,0.183,1.297,0.281,3.193,0.692,0.168,0.037,0.0,0.0,0,0.0,0.0,0.0,0.0,0.0,0.0,0.0,0.0,0.0,70.480
2,2,116,6,InplaceAddRmsNorm_12,InplaceAddRmsNorm,static,AI_VECTOR_CORE,1784811014414051.350	,1.660,0.000000,2,0,NO,"""2,1,1024;2,1,1024;1024""",FLOAT16;FLOAT16;FLOAT16,ND;ND;ND,"""2,1,1024;2,1,1;2,1,1024""",FLOAT16;FLOAT;FLOAT16,ND;ND;ND,N/A,0.0,0,0.0,0.0,0.0,0.0,0.0,0.0,0.0,0.0,0.0,0.0,0.0,0.993,3573,0.282,0.284,0.431,0.434,0.323,0.325,0.367,0.369,0.115,0.000
2,2,117,6,MatMul_32,MatMul,static,AI_CORE,1784811014414053.030	,7.600,0.090000,24,0,NO,"""2,1024;3072,1024""",FLOAT16;FLOAT16,ND;ND,"""2,3072""",FLOAT16,ND,N/A,6.16,266110,0.538,0.087,1.034,0.168,1.326,0.215,4.267,0.693,0.145,0.024,0.01,0.0,0,0.0,0.0,0.0,0.0,0.0,0.0,0.0,0.0,0.0,81.052
2,2,118,6,MatMul_33,MatMul,static,AI_CORE,1784811014414060.650	,8.400,0.150000,24,0,NO,"""2,1024;3072,1024""",FLOAT16;FLOAT16,ND;ND,"""2,3072""",FLOAT16,ND,N/A,5.615,242586,0.538,0.096,0.502,0.089,1.316,0.234,4.247,0.756,0.147,0.026,0.0,0.0,0,0.0,0.0,0.0,0.0,0.0,0.0,0.0,0.0,0.0,66.850
2,2,119,6,Swish_6Mul_9,AutomaticBufferFusionOp,static,AI_VECTOR_CORE,1784811014414069.070	,1.400,0.000000,6,0,NO,"""2,1,3072;2,1,3072""",FLOAT16;FLOAT16,ND;ND,"""2,1,3072""",FLOAT16,ND,N/A,0.0,0,0.0,0.0,0.0,0.0,0.0,0.0,0.0,0.0,0.0,0.0,0.0,0.671,7247,0.163,0.243,0.186,0.277,0.14,0.208,0.134,0.199,0.038,0.000
2,2,120,6,MatMul_34,MatMul,static,AI_CORE,1784811014414070.490	,8.800,0.100000,22,0,NO,"""2,3072;1024,3072""",FLOAT16;FLOAT16,ND;ND,"""2,1024""",FLOAT16,ND,N/A,7.08,280356,1.462,0.206,0.881,0.124,1.934,0.273,5.62,0.794,0.174,0.025,0.002,0.0,0,0.0,0.0,0.0,0.0,0.0,0.0,0.0,0.0,0.0,73.747
2,2,121,6,InplaceAddRmsNorm_13,InplaceAddRmsNorm,static,AI_VECTOR_CORE,1784811014414079.310	,1.600,0.000000,2,0,NO,"""2,1,1024;2,1,1024;1024""",FLOAT16;FLOAT16;FLOAT16,ND;ND;ND,"""2,1,1024;2,1,1;2,1,1024""",FLOAT16;FLOAT;FLOAT16,ND;ND;ND,N/A,0.0,0,0.0,0.0,0.0,0.0,0.0,0.0,0.0,0.0,0.0,0.0,0.0,0.988,3558,0.282,0.286,0.454,0.46,0.343,0.347,0.372,0.376,0.0,0.000
2,2,122,6,MatMul_35,MatMul,static,AI_CORE,1784811014414080.930	,7.240,0.150000,23,0,NO,"""2,1024;2560,1024""",FLOAT16;FLOAT16,ND;ND,"""2,2560""",FLOAT16,ND,N/A,5.119,211909,0.646,0.126,0.58,0.113,1.254,0.245,3.609,0.705,0.195,0.038,0.007,0.0,0,0.0,0.0,0.0,0.0,0.0,0.0,0.0,0.0,0.0,67.753
2,2,123,6,SplitV_9,SplitVD,static,AI_VECTOR_CORE,1784811014414088.190	,1.080,0.010000,1,0,NO,"""2,1,2560""",FLOAT16,ND,"""2,1,2048;2,1,256;2,1,256""",FLOAT16;FLOAT16;FLOAT16,ND;ND;ND,N/A,0.0,0,0.0,0.0,0.0,0.0,0.0,0.0,0.0,0.0,0.0,0.0,0.0,0.524,944,0.008,0.015,0.118,0.226,0.134,0.255,0.156,0.298,0.286,0.000
2,2,124,6,Scatter_15,Scatter,static,AI_VECTOR_CORE,1784811014414089.290	,1.460,0.000000,4,0,NO,"""2,2,1024,128;2;2,2,1,128""",FLOAT16;INT64;FLOAT16,NCHW;NCHW;NCHW,"""2,2,1024,128""",FLOAT16,NCHW,N/A,0.0,0,0.0,0.0,0.0,0.0,0.0,0.0,0.0,0.0,0.0,0.0,0.0,0.77,5547,0.008,0.01,0.145,0.188,0.209,0.271,0.331,0.43,0.073,0.000
2,2,125,6,ApplyRotaryPosEmb_7,ApplyRotaryPosEmb,static,AI_VECTOR_CORE,1784811014414090.770	,2.880,0.040000,2,0,NO,"""2,1,16,128;2,1,2,128;2,1,1,128;2,1,1,128""",FLOAT16;FLOAT16;FLOAT16;FLOAT16,NCHW;NCHW;NCHW;NCHW,"""2,1,16,128;2,1,2,128""",FLOAT16;FLOAT16,NCHW;NCHW,N/A,0.0,0,0.0,0.0,0.0,0.0,0.0,0.0,0.0,0.0,0.0,0.0,0.0,1.83,6587,0.156,0.085,1.168,0.639,0.169,0.092,0.158,0.086,0.08,0.000
2,2,126,6,Scatter_14,Scatter,static,AI_VECTOR_CORE,1784811014414093.690	,1.680,0.120000,4,0,NO,"""2,2,1024,128;2;2,2,1,128""",FLOAT16;INT64;FLOAT16,NCHW;NCHW;NCHW,"""2,2,1024,128""",FLOAT16,NCHW,N/A,0.0,0,0.0,0.0,0.0,0.0,0.0,0.0,0.0,0.0,0.0,0.0,0.0,0.768,5529,0.008,0.01,0.275,0.358,0.101,0.132,0.334,0.436,0.065,0.000
2,2,127,6,IncreFlashAttention_7,IncreFlashAttention,static,MIX_AIC,1784811014414096.590	,19.160,1.070000,4,8,NO,"""2,16,1,128;2,2,1024,128;2,2,1024,128;2,1,1,1024""",FLOAT16;FLOAT16;FLOAT16;BOOL,NCHW;NCHW;NCHW;NCHW,"""2,16,1,128""",FLOAT16,NCHW,0,17.034,122642,1.076,0.063,12.857,0.755,2.698,0.158,7.211,0.423,2.924,0.172,0.015,9.398,135328,0.719,0.077,2.128,0.226,0.196,0.021,0.446,0.047,0.041,14.817
2,2,128,6,MatMul_36,MatMul,static,AI_CORE,1784811014414116.670	,6.480,1.090000,22,0,NO,"""2,2048;1024,2048""",FLOAT16;FLOAT16,ND;ND,"""2,1024""",FLOAT16,ND,N/A,4.892,193723,0.974,0.199,0.726,0.148,1.29,0.264,3.573,0.73,0.186,0.038,0.0,0.0,0,0.0,0.0,0.0,0.0,0.0,0.0,0.0,0.0,0.0,69.203
2,2,129,6,InplaceAddRmsNorm_14,InplaceAddRmsNorm,static,AI_VECTOR_CORE,1784811014414123.170	,1.900,0.020000,2,0,NO,"""2,1,1024;2,1,1024;1024""",FLOAT16;FLOAT16;FLOAT16,ND;ND;ND,"""2,1,1024;2,1,1;2,1,1024""",FLOAT16;FLOAT;FLOAT16,ND;ND;ND,N/A,0.0,0,0.0,0.0,0.0,0.0,0.0,0.0,0.0,0.0,0.0,0.0,0.0,1.207,4346,0.282,0.234,0.474,0.393,0.324,0.268,0.391,0.324,0.123,0.000
2,2,130,6,MatMul_37,MatMul,static,AI_CORE,1784811014414125.090	,7.620,0.000000,24,0,NO,"""2,1024;3072,1024""",FLOAT16;FLOAT16,ND;ND,"""2,3072""",FLOAT16,ND,N/A,5.445,235212,0.538,0.099,0.489,0.09,1.313,0.241,4.098,0.753,0.138,0.025,0.01,0.0,0,0.0,0.0,0.0,0.0,0.0,0.0,0.0,0.0,0.0,71.453
2,2,131,6,MatMul_38,MatMul,static,AI_CORE,1784811014414132.730	,8.580,0.130000,24,0,NO,"""2,1024;3072,1024""",FLOAT16;FLOAT16,ND;ND,"""2,3072""",FLOAT16,ND,N/A,5.678,245279,0.538,0.095,0.495,0.087,1.312,0.231,4.318,0.761,0.148,0.026,0.0,0.0,0,0.0,0.0,0.0,0.0,0.0,0.0,0.0,0.0,0.0,66.174
2,2,132,6,Swish_7Mul_10,AutomaticBufferFusionOp,static,AI_VECTOR_CORE,1784811014414141.330	,1.460,0.000000,6,0,NO,"""2,1,3072;2,1,3072""",FLOAT16;FLOAT16,ND;ND,"""2,1,3072""",FLOAT16,ND,N/A,0.0,0,0.0,0.0,0.0,0.0,0.0,0.0,0.0,0.0,0.0,0.0,0.0,0.744,8034,0.163,0.219,0.286,0.384,0.13,0.175,0.128,0.172,0.038,0.000
2,2,133,6,MatMul_39,MatMul,static,AI_CORE,1784811014414142.810	,9.080,0.040000,22,0,NO,"""2,3072;1024,3072""",FLOAT16;FLOAT16,ND;ND,"""2,1024""",FLOAT16,ND,N/A,7.634,302289,1.462,0.191,1.384,0.181,1.92,0.251,5.677,0.744,0.187,0.025,0.002,0.0,0,0.0,0.0,0.0,0.0,0.0,0.0,0.0,0.0,0.0,77.064
2,2,134,6,InplaceAddRmsNorm_15,InplaceAddRmsNorm,static,AI_VECTOR_CORE,1784811014414151.910	,1.520,0.170000,2,0,NO,"""2,1,1024;2,1,1024;1024""",FLOAT16;FLOAT16;FLOAT16,ND;ND;ND,"""2,1,1024;2,1,1;2,1,1024""",FLOAT16;FLOAT;FLOAT16,ND;ND;ND,N/A,0.0,0,0.0,0.0,0.0,0.0,0.0,0.0,0.0,0.0,0.0,0.0,0.0,0.965,3473,0.282,0.293,0.444,0.46,0.349,0.361,0.362,0.375,0.0,0.000
2,2,135,6,MatMul_40,MatMul,static,AI_CORE,1784811014414153.450	,8.000,0.000000,23,0,NO,"""2,1024;2560,1024""",FLOAT16;FLOAT16,ND;ND,"""2,2560""",FLOAT16,ND,N/A,5.223,216234,0.648,0.124,0.687,0.132,1.25,0.239,3.606,0.69,0.2,0.038,0.008,0.0,0,0.0,0.0,0.0,0.0,0.0,0.0,0.0,0.0,0.0,62.568
2,2,136,6,SplitV_10,SplitVD,static,AI_VECTOR_CORE,1784811014414161.470	,1.080,0.000000,1,0,NO,"""2,1,2560""",FLOAT16,ND,"""2,1,2048;2,1,256;2,1,256""",FLOAT16;FLOAT16;FLOAT16,ND;ND;ND,N/A,0.0,0,0.0,0.0,0.0,0.0,0.0,0.0,0.0,0.0,0.0,0.0,0.0,0.561,1009,0.008,0.014,0.116,0.207,0.155,0.277,0.156,0.278,0.286,0.000
2,2,137,6,Scatter_17,Scatter,static,AI_VECTOR_CORE,1784811014414162.570	,1.220,0.000000,4,0,NO,"""2,2,1024,128;2;2,2,1,128""",FLOAT16;INT64;FLOAT16,NCHW;NCHW;NCHW,"""2,2,1024,128""",FLOAT16,NCHW,N/A,0.0,0,0.0,0.0,0.0,0.0,0.0,0.0,0.0,0.0,0.0,0.0,0.0,0.626,4508,0.008,0.012,0.161,0.256,0.105,0.168,0.295,0.472,0.073,0.000
2,2,138,6,ApplyRotaryPosEmb_8,ApplyRotaryPosEmb,static,AI_VECTOR_CORE,1784811014414163.810	,2.220,0.030000,2,0,NO,"""2,1,16,128;2,1,2,128;2,1,1,128;2,1,1,128""",FLOAT16;FLOAT16;FLOAT16;FLOAT16,NCHW;NCHW;NCHW;NCHW,"""2,1,16,128;2,1,2,128""",FLOAT16;FLOAT16,NCHW;NCHW,N/A,0.0,0,0.0,0.0,0.0,0.0,0.0,0.0,0.0,0.0,0.0,0.0,0.0,1.376,4954,0.161,0.117,1.071,0.779,0.133,0.097,0.137,0.1,0.08,0.000
2,2,139,6,Scatter_16,Scatter,static,AI_VECTOR_CORE,1784811014414166.050	,1.220,0.030000,4,0,NO,"""2,2,1024,128;2;2,2,1,128""",FLOAT16;INT64;FLOAT16,NCHW;NCHW;NCHW,"""2,2,1024,128""",FLOAT16,NCHW,N/A,0.0,0,0.0,0.0,0.0,0.0,0.0,0.0,0.0,0.0,0.0,0.0,0.0,0.59,4246,0.008,0.013,0.271,0.46,0.116,0.197,0.206,0.349,0.0,0.000
2,2,140,6,IncreFlashAttention_8,IncreFlashAttention,static,MIX_AIC,1784811014414168.450	,18.000,1.280000,4,8,NO,"""2,16,1,128;2,2,1024,128;2,2,1024,128;2,1,1,1024""",FLOAT16;FLOAT16;FLOAT16;BOOL,NCHW;NCHW;NCHW;NCHW,"""2,16,1,128""",FLOAT16,NCHW,0,16.497,118779,1.076,0.065,12.567,0.762,2.697,0.163,7.274,0.441,2.908,0.176,0.013,9.075,130681,0.716,0.079,2.231,0.246,0.191,0.021,0.44,0.048,0.036,15.275
2,2,141,6,MatMul_41,MatMul,static,AI_CORE,1784811014414187.330	,6.480,0.750000,22,0,NO,"""2,2048;1024,2048""",FLOAT16;FLOAT16,ND;ND,"""2,1024""",FLOAT16,ND,N/A,4.612,182649,0.974,0.211,0.905,0.196,1.312,0.285,3.312,0.718,0.171,0.037,0.0,0.0,0,0.0,0.0,0.0,0.0,0.0,0.0,0.0,0.0,0.0,65.247
2,2,142,6,InplaceAddRmsNorm_16,InplaceAddRmsNorm,static,AI_VECTOR_CORE,1784811014414193.830	,1.680,0.020000,2,0,NO,"""2,1,1024;2,1,1024;1024""",FLOAT16;FLOAT16;FLOAT16,ND;ND;ND,"""2,1,1024;2,1,1;2,1,1024""",FLOAT16;FLOAT;FLOAT16,ND;ND;ND,N/A,0.0,0,0.0,0.0,0.0,0.0,0.0,0.0,0.0,0.0,0.0,0.0,0.0,1.034,3721,0.282,0.273,0.455,0.44,0.301,0.292,0.37,0.358,0.123,0.000
2,2,143,6,MatMul_42,MatMul,static,AI_CORE,1784811014414195.550	,7.460,0.070000,24,0,NO,"""2,1024;3072,1024""",FLOAT16;FLOAT16,ND;ND,"""2,3072""",FLOAT16,ND,N/A,5.365,231774,0.538,0.1,0.424,0.079,1.307,0.244,4.076,0.76,0.143,0.027,0.01,0.0,0,0.0,0.0,0.0,0.0,0.0,0.0,0.0,0.0,0.0,71.919
2,2,144,6,MatMul_43,MatMul,static,AI_CORE,1784811014414203.030	,7.680,0.040000,24,0,NO,"""2,1024;3072,1024""",FLOAT16;FLOAT16,ND;ND,"""2,3072""",FLOAT16,ND,N/A,5.496,237444,0.538,0.098,0.414,0.075,1.307,0.238,4.203,0.765,0.15,0.027,0.0,0.0,0,0.0,0.0,0.0,0.0,0.0,0.0,0.0,0.0,0.0,71.568
2,2,145,6,Swish_8Mul_11,AutomaticBufferFusionOp,static,AI_VECTOR_CORE,1784811014414210.730	,1.340,0.070000,6,0,NO,"""2,1,3072;2,1,3072""",FLOAT16;FLOAT16,ND;ND,"""2,1,3072""",FLOAT16,ND,N/A,0.0,0,0.0,0.0,0.0,0.0,0.0,0.0,0.0,0.0,0.0,0.0,0.0,0.669,7230,0.163,0.244,0.185,0.276,0.142,0.212,0.144,0.215,0.038,0.000
2,2,146,6,MatMul_44,MatMul,static,AI_CORE,1784811014414212.090	,9.040,0.000000,22,0,NO,"""2,3072;1024,3072""",FLOAT16;FLOAT16,ND;ND,"""2,1024""",FLOAT16,ND,N/A,7.389,292592,1.462,0.198,1.2,0.162,1.931,0.261,5.579,0.755,0.21,0.028,0.002,0.0,0,0.0,0.0,0.0,0.0,0.0,0.0,0.0,0.0,0.0,74.922
2,2,147,6,InplaceAddRmsNorm_17,InplaceAddRmsNorm,static,AI_VECTOR_CORE,1784811014414221.150	,1.580,0.210000,2,0,NO,"""2,1,1024;2,1,1024;1024""",FLOAT16;FLOAT16;FLOAT16,ND;ND;ND,"""2,1,1024;2,1,1;2,1,1024""",FLOAT16;FLOAT;FLOAT16,ND;ND;ND,N/A,0.0,0,0.0,0.0,0.0,0.0,0.0,0.0,0.0,0.0,0.0,0.0,0.0,1.044,3760,0.282,0.27,0.509,0.488,0.357,0.342,0.384,0.368,0.0,0.000
2,2,148,6,MatMul_45,MatMul,static,AI_CORE,1784811014414222.750	,7.820,0.000000,23,0,NO,"""2,1024;2560,1024""",FLOAT16;FLOAT16,ND;ND,"""2,2560""",FLOAT16,ND,N/A,5.125,212166,0.646,0.126,0.47,0.092,1.246,0.243,3.708,0.724,0.207,0.04,0.007,0.0,0,0.0,0.0,0.0,0.0,0.0,0.0,0.0,0.0,0.0,62.804
2,2,149,6,SplitV_11,SplitVD,static,AI_VECTOR_CORE,1784811014414230.590	,1.000,0.000000,1,0,NO,"""2,1,2560""",FLOAT16,ND,"""2,1,2048;2,1,256;2,1,256""",FLOAT16;FLOAT16;FLOAT16,ND;ND;ND,N/A,0.0,0,0.0,0.0,0.0,0.0,0.0,0.0,0.0,0.0,0.0,0.0,0.0,0.521,938,0.008,0.015,0.122,0.235,0.139,0.267,0.152,0.291,0.286,0.000
2,2,150,6,Scatter_19,Scatter,static,AI_VECTOR_CORE,1784811014414231.610	,1.020,0.000000,4,0,NO,"""2,2,1024,128;2;2,2,1,128""",FLOAT16;INT64;FLOAT16,NCHW;NCHW;NCHW,"""2,2,1024,128""",FLOAT16,NCHW,N/A,0.0,0,0.0,0.0,0.0,0.0,0.0,0.0,0.0,0.0,0.0,0.0,0.0,0.423,3044,0.008,0.018,0.126,0.297,0.112,0.264,0.117,0.278,0.073,0.000
2,2,151,6,ApplyRotaryPosEmb_9,ApplyRotaryPosEmb,static,AI_VECTOR_CORE,1784811014414232.650	,2.260,0.230000,2,0,NO,"""2,1,16,128;2,1,2,128;2,1,1,128;2,1,1,128""",FLOAT16;FLOAT16;FLOAT16;FLOAT16,NCHW;NCHW;NCHW;NCHW,"""2,1,16,128;2,1,2,128""",FLOAT16;FLOAT16,NCHW;NCHW,N/A,0.0,0,0.0,0.0,0.0,0.0,0.0,0.0,0.0,0.0,0.0,0.0,0.0,1.382,4974,0.161,0.117,1.056,0.765,0.132,0.096,0.134,0.097,0.081,0.000
2,2,152,6,Scatter_18,Scatter,static,AI_VECTOR_CORE,1784811014414234.930	,1.260,0.000000,4,0,NO,"""2,2,1024,128;2;2,2,1,128""",FLOAT16;INT64;FLOAT16,NCHW;NCHW;NCHW,"""2,2,1024,128""",FLOAT16,NCHW,N/A,0.0,0,0.0,0.0,0.0,0.0,0.0,0.0,0.0,0.0,0.0,0.0,0.0,0.614,4419,0.008,0.013,0.239,0.389,0.107,0.175,0.217,0.354,0.0,0.000
2,2,153,6,IncreFlashAttention_9,IncreFlashAttention,static,MIX_AIC,1784811014414237.350	,17.520,0.990000,4,8,NO,"""2,16,1,128;2,2,1024,128;2,2,1024,128;2,1,1,1024""",FLOAT16;FLOAT16;FLOAT16;BOOL,NCHW;NCHW;NCHW;NCHW,"""2,16,1,128""",FLOAT16,NCHW,0,16.608,119579,1.076,0.065,12.481,0.752,2.698,0.162,7.268,0.438,2.788,0.168,0.013,9.155,131832,0.719,0.079,2.034,0.222,0.22,0.024,0.459,0.05,0.043,15.799
2,2,154,6,MatMul_46,MatMul,static,AI_CORE,1784811014414255.590	,6.500,0.730000,22,0,NO,"""2,2048;1024,2048""",FLOAT16;FLOAT16,ND;ND,"""2,1024""",FLOAT16,ND,N/A,5.019,198746,0.975,0.194,1.055,0.21,1.305,0.26,3.391,0.676,0.176,0.035,0.0,0.0,0,0.0,0.0,0.0,0.0,0.0,0.0,0.0,0.0,0.0,70.778
2,2,155,6,InplaceAddRmsNorm_18,InplaceAddRmsNorm,static,AI_VECTOR_CORE,1784811014414262.110	,1.620,0.000000,2,0,NO,"""2,1,1024;2,1,1024;1024""",FLOAT16;FLOAT16;FLOAT16,ND;ND;ND,"""2,1,1024;2,1,1;2,1,1024""",FLOAT16;FLOAT;FLOAT16,ND;ND;ND,N/A,0.0,0,0.0,0.0,0.0,0.0,0.0,0.0,0.0,0.0,0.0,0.0,0.0,1.04,3745,0.282,0.271,0.467,0.449,0.337,0.324,0.379,0.364,0.123,0.000
2,2,156,6,MatMul_47,MatMul,static,AI_CORE,1784811014414263.750	,7.980,0.130000,24,0,NO,"""2,1024;3072,1024""",FLOAT16;FLOAT16,ND;ND,"""2,3072""",FLOAT16,ND,N/A,5.412,233777,0.538,0.099,0.409,0.076,1.309,0.242,4.138,0.765,0.139,0.026,0.01,0.0,0,0.0,0.0,0.0,0.0,0.0,0.0,0.0,0.0,0.0,67.813
2,2,157,6,MatMul_48,MatMul,static,AI_CORE,1784811014414271.770	,7.880,0.020000,24,0,NO,"""2,1024;3072,1024""",FLOAT16;FLOAT16,ND;ND,"""2,3072""",FLOAT16,ND,N/A,5.68,245377,0.538,0.095,0.412,0.073,1.308,0.23,4.394,0.774,0.154,0.027,0.0,0.0,0,0.0,0.0,0.0,0.0,0.0,0.0,0.0,0.0,0.0,72.082
2,2,158,6,Swish_9Mul_12,AutomaticBufferFusionOp,static,AI_VECTOR_CORE,1784811014414279.670	,1.240,0.120000,6,0,NO,"""2,1,3072;2,1,3072""",FLOAT16;FLOAT16,ND;ND,"""2,1,3072""",FLOAT16,ND,N/A,0.0,0,0.0,0.0,0.0,0.0,0.0,0.0,0.0,0.0,0.0,0.0,0.0,0.622,6717,0.163,0.262,0.167,0.268,0.13,0.209,0.128,0.206,0.038,0.000
2,2,159,6,MatMul_49,MatMul,static,AI_CORE,1784811014414280.930	,8.800,0.010000,22,0,NO,"""2,3072;1024,3072""",FLOAT16;FLOAT16,ND;ND,"""2,1024""",FLOAT16,ND,N/A,7.043,278922,1.461,0.207,0.779,0.111,1.938,0.275,5.698,0.809,0.173,0.025,0.002,0.0,0,0.0,0.0,0.0,0.0,0.0,0.0,0.0,0.0,0.0,73.370
2,2,160,6,InplaceAddRmsNorm_19,InplaceAddRmsNorm,static,AI_VECTOR_CORE,1784811014414289.750	,1.580,0.000000,2,0,NO,"""2,1,1024;2,1,1024;1024""",FLOAT16;FLOAT16;FLOAT16,ND;ND;ND,"""2,1,1024;2,1,1;2,1,1024""",FLOAT16;FLOAT;FLOAT16,ND;ND;ND,N/A,0.0,0,0.0,0.0,0.0,0.0,0.0,0.0,0.0,0.0,0.0,0.0,0.0,0.993,3575,0.282,0.284,0.47,0.474,0.334,0.336,0.365,0.368,0.0,0.000
2,2,161,6,MatMul_50,MatMul,static,AI_CORE,1784811014414291.350	,7.380,0.000000,23,0,NO,"""2,1024;2560,1024""",FLOAT16;FLOAT16,ND;ND,"""2,2560""",FLOAT16,ND,N/A,5.181,214510,0.651,0.126,0.474,0.092,1.249,0.241,3.781,0.73,0.185,0.036,0.007,0.0,0,0.0,0.0,0.0,0.0,0.0,0.0,0.0,0.0,0.0,67.283
2,2,162,6,SplitV_12,SplitVD,static,AI_VECTOR_CORE,1784811014414298.750	,1.120,0.120000,1,0,NO,"""2,1,2560""",FLOAT16,ND,"""2,1,2048;2,1,256;2,1,256""",FLOAT16;FLOAT16;FLOAT16,ND;ND;ND,N/A,0.0,0,0.0,0.0,0.0,0.0,0.0,0.0,0.0,0.0,0.0,0.0,0.0,0.581,1045,0.008,0.013,0.164,0.283,0.139,0.239,0.151,0.259,0.286,0.000
2,2,163,6,Scatter_21,Scatter,static,AI_VECTOR_CORE,1784811014414299.910	,1.240,0.130000,4,0,NO,"""2,2,1024,128;2;2,2,1,128""",FLOAT16;INT64;FLOAT16,NCHW;NCHW;NCHW,"""2,2,1024,128""",FLOAT16,NCHW,N/A,0.0,0,0.0,0.0,0.0,0.0,0.0,0.0,0.0,0.0,0.0,0.0,0.0,0.598,4309,0.008,0.013,0.152,0.253,0.116,0.193,0.259,0.434,0.073,0.000
2,2,164,6,ApplyRotaryPosEmb_10,ApplyRotaryPosEmb,static,AI_VECTOR_CORE,1784811014414301.170	,2.280,0.010000,2,0,NO,"""2,1,16,128;2,1,2,128;2,1,1,128;2,1,1,128""",FLOAT16;FLOAT16;FLOAT16;FLOAT16,NCHW;NCHW;NCHW;NCHW,"""2,1,16,128;2,1,2,128""",FLOAT16;FLOAT16,NCHW;NCHW,N/A,0.0,0,0.0,0.0,0.0,0.0,0.0,0.0,0.0,0.0,0.0,0.0,0.0,1.455,5237,0.154,0.106,1.139,0.783,0.143,0.098,0.146,0.101,0.079,0.000
2,2,165,6,Scatter_20,Scatter,static,AI_VECTOR_CORE,1784811014414303.490	,1.200,0.000000,4,0,NO,"""2,2,1024,128;2;2,2,1,128""",FLOAT16;INT64;FLOAT16,NCHW;NCHW;NCHW,"""2,2,1024,128""",FLOAT16,NCHW,N/A,0.0,0,0.0,0.0,0.0,0.0,0.0,0.0,0.0,0.0,0.0,0.0,0.0,0.583,4196,0.008,0.013,0.169,0.29,0.119,0.204,0.242,0.414,0.0,0.000
2,2,166,6,IncreFlashAttention_10,IncreFlashAttention,static,MIX_AIC,1784811014414305.610	,17.860,0.800000,4,8,NO,"""2,16,1,128;2,2,1024,128;2,2,1024,128;2,1,1,1024""",FLOAT16;FLOAT16;FLOAT16;BOOL,NCHW;NCHW;NCHW;NCHW,"""2,16,1,128""",FLOAT16,NCHW,0,16.481,118661,1.076,0.065,12.681,0.769,2.698,0.164,7.077,0.429,2.923,0.177,0.013,9.121,131346,0.718,0.079,2.209,0.242,0.197,0.022,0.468,0.051,0.02,15.380
2,2,167,6,MatMul_51,MatMul,static,AI_CORE,1784811014414324.490	,6.300,1.140000,22,0,NO,"""2,2048;1024,2048""",FLOAT16;FLOAT16,ND;ND,"""2,1024""",FLOAT16,ND,N/A,4.705,186333,0.975,0.207,0.649,0.138,1.296,0.276,3.434,0.73,0.209,0.045,0.0,0.0,0,0.0,0.0,0.0,0.0,0.0,0.0,0.0,0.0,0.0,68.465
2,2,168,6,InplaceAddRmsNorm_20,InplaceAddRmsNorm,static,AI_VECTOR_CORE,1784811014414330.810	,1.600,0.000000,2,0,NO,"""2,1,1024;2,1,1024;1024""",FLOAT16;FLOAT16;FLOAT16,ND;ND;ND,"""2,1,1024;2,1,1;2,1,1024""",FLOAT16;FLOAT;FLOAT16,ND;ND;ND,N/A,0.0,0,0.0,0.0,0.0,0.0,0.0,0.0,0.0,0.0,0.0,0.0,0.0,1.04,3745,0.282,0.271,0.472,0.453,0.329,0.316,0.378,0.363,0.123,0.000
2,2,169,6,MatMul_52,MatMul,static,AI_CORE,1784811014414332.430	,8.080,0.150000,24,0,NO,"""2,1024;3072,1024""",FLOAT16;FLOAT16,ND;ND,"""2,3072""",FLOAT16,ND,N/A,5.477,236605,0.538,0.098,0.405,0.074,1.307,0.239,4.211,0.769,0.142,0.026,0.01,0.0,0,0.0,0.0,0.0,0.0,0.0,0.0,0.0,0.0,0.0,67.784
2,2,170,6,MatMul_53,MatMul,static,AI_CORE,1784811014414340.530	,9.040,0.000000,24,0,NO,"""2,1024;3072,1024""",FLOAT16;FLOAT16,ND;ND,"""2,3072""",FLOAT16,ND,N/A,5.6,241915,0.538,0.096,0.579,0.103,1.309,0.234,4.308,0.769,0.159,0.028,0.0,0.0,0,0.0,0.0,0.0,0.0,0.0,0.0,0.0,0.0,0.0,61.946
2,2,171,6,Swish_10Mul_13,AutomaticBufferFusionOp,static,AI_VECTOR_CORE,1784811014414349.590	,1.300,0.000000,6,0,NO,"""2,1,3072;2,1,3072""",FLOAT16;FLOAT16,ND;ND,"""2,1,3072""",FLOAT16,ND,N/A,0.0,0,0.0,0.0,0.0,0.0,0.0,0.0,0.0,0.0,0.0,0.0,0.0,0.621,6710,0.163,0.263,0.146,0.234,0.137,0.221,0.139,0.224,0.045,0.000
2,2,172,6,MatMul_54,MatMul,static,AI_CORE,1784811014414350.910	,9.240,0.200000,22,0,NO,"""2,3072;1024,3072""",FLOAT16;FLOAT16,ND;ND,"""2,1024""",FLOAT16,ND,N/A,7.024,278146,1.463,0.208,0.8,0.114,1.933,0.275,5.643,0.803,0.195,0.028,0.002,0.0,0,0.0,0.0,0.0,0.0,0.0,0.0,0.0,0.0,0.0,69.681
2,2,173,6,InplaceAddRmsNorm_21,InplaceAddRmsNorm,static,AI_VECTOR_CORE,1784811014414360.170	,1.600,0.010000,2,0,NO,"""2,1,1024;2,1,1024;1024""",FLOAT16;FLOAT16;FLOAT16,ND;ND;ND,"""2,1,1024;2,1,1;2,1,1024""",FLOAT16;FLOAT;FLOAT16,ND;ND;ND,N/A,0.0,0,0.0,0.0,0.0,0.0,0.0,0.0,0.0,0.0,0.0,0.0,0.0,1.004,3616,0.282,0.281,0.444,0.442,0.383,0.381,0.389,0.387,0.0,0.000
2,2,174,6,MatMul_55,MatMul,static,AI_CORE,1784811014414361.790	,6.920,0.000000,23,0,NO,"""2,1024;2560,1024""",FLOAT16;FLOAT16,ND;ND,"""2,2560""",FLOAT16,ND,N/A,5.0,206994,0.639,0.128,0.487,0.097,1.248,0.25,3.598,0.72,0.191,0.038,0.008,0.0,0,0.0,0.0,0.0,0.0,0.0,0.0,0.0,0.0,0.0,69.242
2,2,175,6,SplitV_13,SplitVD,static,AI_VECTOR_CORE,1784811014414368.730	,1.040,0.080000,1,0,NO,"""2,1,2560""",FLOAT16,ND,"""2,1,2048;2,1,256;2,1,256""",FLOAT16;FLOAT16;FLOAT16,ND;ND;ND,N/A,0.0,0,0.0,0.0,0.0,0.0,0.0,0.0,0.0,0.0,0.0,0.0,0.0,0.574,1034,0.008,0.014,0.148,0.257,0.136,0.236,0.155,0.27,0.286,0.000
2,2,176,6,Scatter_23,Scatter,static,AI_VECTOR_CORE,1784811014414369.810	,1.260,0.000000,4,0,NO,"""2,2,1024,128;2;2,2,1,128""",FLOAT16;INT64;FLOAT16,NCHW;NCHW;NCHW,"""2,2,1024,128""",FLOAT16,NCHW,N/A,0.0,0,0.0,0.0,0.0,0.0,0.0,0.0,0.0,0.0,0.0,0.0,0.0,0.642,4624,0.008,0.012,0.139,0.216,0.11,0.172,0.333,0.519,0.073,0.000
2,2,177,6,ApplyRotaryPosEmb_11,ApplyRotaryPosEmb,static,AI_VECTOR_CORE,1784811014414371.090	,2.140,0.000000,2,0,NO,"""2,1,16,128;2,1,2,128;2,1,1,128;2,1,1,128""",FLOAT16;FLOAT16;FLOAT16;FLOAT16,NCHW;NCHW;NCHW;NCHW,"""2,1,16,128;2,1,2,128""",FLOAT16;FLOAT16,NCHW;NCHW,N/A,0.0,0,0.0,0.0,0.0,0.0,0.0,0.0,0.0,0.0,0.0,0.0,0.0,1.319,4749,0.153,0.116,1.026,0.777,0.124,0.094,0.133,0.101,0.08,0.000
2,2,178,6,Scatter_22,Scatter,static,AI_VECTOR_CORE,1784811014414373.250	,1.720,0.110000,4,0,NO,"""2,2,1024,128;2;2,2,1,128""",FLOAT16;INT64;FLOAT16,NCHW;NCHW;NCHW,"""2,2,1024,128""",FLOAT16,NCHW,N/A,0.0,0,0.0,0.0,0.0,0.0,0.0,0.0,0.0,0.0,0.0,0.0,0.0,0.876,6307,0.008,0.009,0.127,0.145,0.121,0.138,0.559,0.638,0.074,0.000
2,2,179,6,IncreFlashAttention_11,IncreFlashAttention,static,MIX_AIC,1784811014414376.250	,18.440,1.280000,4,8,NO,"""2,16,1,128;2,2,1024,128;2,2,1024,128;2,1,1,1024""",FLOAT16;FLOAT16;FLOAT16;BOOL,NCHW;NCHW;NCHW;NCHW,"""2,16,1,128""",FLOAT16,NCHW,0,16.585,119409,1.076,0.065,12.769,0.77,2.697,0.163,7.172,0.432,2.942,0.177,0.014,9.139,131607,0.716,0.078,2.264,0.248,0.188,0.021,0.451,0.049,0.023,14.990
2,2,180,6,MatMul_56,MatMul,static,AI_CORE,1784811014414395.750	,6.380,1.060000,22,0,NO,"""2,2048;1024,2048""",FLOAT16;FLOAT16,ND;ND,"""2,1024""",FLOAT16,ND,N/A,4.676,185184,0.975,0.208,0.803,0.172,1.292,0.276,3.279,0.701,0.184,0.039,0.0,0.0,0,0.0,0.0,0.0,0.0,0.0,0.0,0.0,0.0,0.0,67.189
2,2,181,6,InplaceAddRmsNorm_22,InplaceAddRmsNorm,static,AI_VECTOR_CORE,1784811014414402.150	,1.660,0.120000,2,0,NO,"""2,1,1024;2,1,1024;1024""",FLOAT16;FLOAT16;FLOAT16,ND;ND;ND,"""2,1,1024;2,1,1;2,1,1024""",FLOAT16;FLOAT;FLOAT16,ND;ND;ND,N/A,0.0,0,0.0,0.0,0.0,0.0,0.0,0.0,0.0,0.0,0.0,0.0,0.0,1.067,3840,0.282,0.265,0.443,0.415,0.441,0.413,0.39,0.365,0.123,0.000
2,2,182,6,MatMul_57,MatMul,static,AI_CORE,1784811014414403.830	,7.920,0.000000,24,0,NO,"""2,1024;3072,1024""",FLOAT16;FLOAT16,ND;ND,"""2,3072""",FLOAT16,ND,N/A,5.623,242909,0.538,0.096,0.459,0.082,1.308,0.233,4.288,0.763,0.151,0.027,0.01,0.0,0,0.0,0.0,0.0,0.0,0.0,0.0,0.0,0.0,0.0,70.996
2,2,183,6,MatMul_58,MatMul,static,AI_CORE,1784811014414411.770	,8.720,0.080000,24,0,NO,"""2,1024;3072,1024""",FLOAT16;FLOAT16,ND;ND,"""2,3072""",FLOAT16,ND,N/A,6.513,281349,0.538,0.083,0.974,0.15,1.3,0.2,4.676,0.718,0.15,0.023,0.0,0.0,0,0.0,0.0,0.0,0.0,0.0,0.0,0.0,0.0,0.0,74.687
2,2,184,6,Swish_11Mul_14,AutomaticBufferFusionOp,static,AI_VECTOR_CORE,1784811014414420.510	,1.300,0.030000,6,0,NO,"""2,1,3072;2,1,3072""",FLOAT16;FLOAT16,ND;ND,"""2,1,3072""",FLOAT16,ND,N/A,0.0,0,0.0,0.0,0.0,0.0,0.0,0.0,0.0,0.0,0.0,0.0,0.0,0.654,7065,0.163,0.249,0.189,0.289,0.143,0.219,0.129,0.197,0.038,0.000
2,2,185,6,MatMul_59,MatMul,static,AI_CORE,1784811014414421.830	,9.060,0.000000,22,0,NO,"""2,3072;1024,3072""",FLOAT16;FLOAT16,ND;ND,"""2,1024""",FLOAT16,ND,N/A,6.992,276892,1.462,0.209,0.849,0.121,1.929,0.276,5.58,0.798,0.176,0.025,0.002,0.0,0,0.0,0.0,0.0,0.0,0.0,0.0,0.0,0.0,0.0,70.745
2,2,186,6,InplaceAddRmsNorm_23,InplaceAddRmsNorm,static,AI_VECTOR_CORE,1784811014414430.910	,1.580,0.190000,2,0,NO,"""2,1,1024;2,1,1024;1024""",FLOAT16;FLOAT16;FLOAT16,ND;ND;ND,"""2,1,1024;2,1,1;2,1,1024""",FLOAT16;FLOAT;FLOAT16,ND;ND;ND,N/A,0.0,0,0.0,0.0,0.0,0.0,0.0,0.0,0.0,0.0,0.0,0.0,0.0,1.016,3656,0.282,0.278,0.479,0.472,0.367,0.362,0.372,0.366,0.0,0.000
2,2,187,6,MatMul_60,MatMul,static,AI_CORE,1784811014414432.510	,8.120,0.000000,23,0,NO,"""2,1024;2560,1024""",FLOAT16;FLOAT16,ND;ND,"""2,2560""",FLOAT16,ND,N/A,5.16,213620,0.64,0.124,0.528,0.102,1.252,0.243,3.696,0.716,0.196,0.038,0.007,0.0,0,0.0,0.0,0.0,0.0,0.0,0.0,0.0,0.0,0.0,60.898
2,2,188,6,SplitV_14,SplitVD,static,AI_VECTOR_CORE,1784811014414440.650	,1.040,0.130000,1,0,NO,"""2,1,2560""",FLOAT16,ND,"""2,1,2048;2,1,256;2,1,256""",FLOAT16;FLOAT16;FLOAT16,ND;ND;ND,N/A,0.0,0,0.0,0.0,0.0,0.0,0.0,0.0,0.0,0.0,0.0,0.0,0.0,0.506,910,0.008,0.015,0.102,0.201,0.135,0.267,0.152,0.3,0.286,0.000
2,2,189,6,Scatter_25,Scatter,static,AI_VECTOR_CORE,1784811014414441.730	,1.200,0.000000,4,0,NO,"""2,2,1024,128;2;2,2,1,128""",FLOAT16;INT64;FLOAT16,NCHW;NCHW;NCHW,"""2,2,1024,128""",FLOAT16,NCHW,N/A,0.0,0,0.0,0.0,0.0,0.0,0.0,0.0,0.0,0.0,0.0,0.0,0.0,0.559,4028,0.008,0.014,0.149,0.267,0.124,0.221,0.189,0.337,0.119,0.000
2,2,190,6,ApplyRotaryPosEmb_12,ApplyRotaryPosEmb,static,AI_VECTOR_CORE,1784811014414442.950	,2.200,0.050000,2,0,NO,"""2,1,16,128;2,1,2,128;2,1,1,128;2,1,1,128""",FLOAT16;FLOAT16;FLOAT16;FLOAT16,NCHW;NCHW;NCHW;NCHW,"""2,1,16,128;2,1,2,128""",FLOAT16;FLOAT16,NCHW;NCHW,N/A,0.0,0,0.0,0.0,0.0,0.0,0.0,0.0,0.0,0.0,0.0,0.0,0.0,1.423,5123,0.154,0.108,1.072,0.753,0.144,0.102,0.151,0.106,0.084,0.000
2,2,191,6,Scatter_24,Scatter,static,AI_VECTOR_CORE,1784811014414445.170	,0.980,0.050000,4,0,NO,"""2,2,1024,128;2;2,2,1,128""",FLOAT16;INT64;FLOAT16,NCHW;NCHW;NCHW,"""2,2,1024,128""",FLOAT16,NCHW,N/A,0.0,0,0.0,0.0,0.0,0.0,0.0,0.0,0.0,0.0,0.0,0.0,0.0,0.417,3001,0.008,0.019,0.151,0.362,0.097,0.233,0.11,0.265,0.065,0.000
2,2,192,6,IncreFlashAttention_12,IncreFlashAttention,static,MIX_AIC,1784811014414447.510	,17.820,1.270000,4,8,NO,"""2,16,1,128;2,2,1024,128;2,2,1024,128;2,1,1,1024""",FLOAT16;FLOAT16;FLOAT16;BOOL,NCHW;NCHW;NCHW;NCHW,"""2,16,1,128""",FLOAT16,NCHW,0,16.644,119837,1.076,0.065,12.857,0.772,2.697,0.162,7.22,0.434,2.969,0.178,0.013,9.156,131849,0.719,0.079,2.023,0.221,0.192,0.021,0.458,0.05,0.026,15.567
2,2,193,6,MatMul_61,MatMul,static,AI_CORE,1784811014414466.370	,6.400,0.930000,22,0,NO,"""2,2048;1024,2048""",FLOAT16;FLOAT16,ND;ND,"""2,1024""",FLOAT16,ND,N/A,4.707,186392,0.978,0.208,0.696,0.148,1.287,0.273,3.423,0.727,0.191,0.041,0.0,0.0,0,0.0,0.0,0.0,0.0,0.0,0.0,0.0,0.0,0.0,67.416
2,2,194,6,InplaceAddRmsNorm_24,InplaceAddRmsNorm,static,AI_VECTOR_CORE,1784811014414472.790	,1.580,0.100000,2,0,NO,"""2,1,1024;2,1,1024;1024""",FLOAT16;FLOAT16;FLOAT16,ND;ND;ND,"""2,1,1024;2,1,1;2,1,1024""",FLOAT16;FLOAT;FLOAT16,ND;ND;ND,N/A,0.0,0,0.0,0.0,0.0,0.0,0.0,0.0,0.0,0.0,0.0,0.0,0.0,1.053,3792,0.282,0.268,0.489,0.465,0.331,0.314,0.377,0.358,0.123,0.000
2,2,195,6,MatMul_62,MatMul,static,AI_CORE,1784811014414474.390	,7.800,0.170000,24,0,NO,"""2,1024;3072,1024""",FLOAT16;FLOAT16,ND;ND,"""2,3072""",FLOAT16,ND,N/A,5.576,240886,0.538,0.096,0.458,0.082,1.307,0.234,4.253,0.763,0.141,0.025,0.01,0.0,0,0.0,0.0,0.0,0.0,0.0,0.0,0.0,0.0,0.0,71.488
2,2,196,6,MatMul_63,MatMul,static,AI_CORE,1784811014414482.210	,7.500,0.000000,24,0,NO,"""2,1024;3072,1024""",FLOAT16;FLOAT16,ND;ND,"""2,3072""",FLOAT16,ND,N/A,5.467,236187,0.538,0.098,0.45,0.082,1.308,0.239,4.15,0.759,0.15,0.027,0.0,0.0,0,0.0,0.0,0.0,0.0,0.0,0.0,0.0,0.0,0.0,72.897
2,2,197,6,Swish_12Mul_15,AutomaticBufferFusionOp,static,AI_VECTOR_CORE,1784811014414489.730	,1.380,0.000000,6,0,NO,"""2,1,3072;2,1,3072""",FLOAT16;FLOAT16,ND;ND,"""2,1,3072""",FLOAT16,ND,N/A,0.0,0,0.0,0.0,0.0,0.0,0.0,0.0,0.0,0.0,0.0,0.0,0.0,0.73,7879,0.163,0.224,0.271,0.371,0.129,0.177,0.135,0.185,0.038,0.000
2,2,198,6,MatMul_64,MatMul,static,AI_CORE,1784811014414491.150	,8.780,0.120000,22,0,NO,"""2,3072;1024,3072""",FLOAT16;FLOAT16,ND;ND,"""2,1024""",FLOAT16,ND,N/A,7.043,278885,1.462,0.208,0.854,0.121,1.932,0.274,5.591,0.794,0.204,0.029,0.002,0.0,0,0.0,0.0,0.0,0.0,0.0,0.0,0.0,0.0,0.0,73.527
2,2,199,6,InplaceAddRmsNorm_25,InplaceAddRmsNorm,static,AI_VECTOR_CORE,1784811014414499.950	,1.560,0.000000,2,0,NO,"""2,1,1024;2,1,1024;1024""",FLOAT16;FLOAT16;FLOAT16,ND;ND;ND,"""2,1,1024;2,1,1;2,1,1024""",FLOAT16;FLOAT;FLOAT16,ND;ND;ND,N/A,0.0,0,0.0,0.0,0.0,0.0,0.0,0.0,0.0,0.0,0.0,0.0,0.0,0.993,3573,0.282,0.284,0.466,0.47,0.335,0.337,0.37,0.373,0.0,0.000
2,2,200,6,MatMul_65,MatMul,static,AI_CORE,1784811014414501.530	,6.960,0.000000,23,0,NO,"""2,1024;2560,1024""",FLOAT16;FLOAT16,ND;ND,"""2,2560""",FLOAT16,ND,N/A,5.152,213285,0.645,0.125,0.811,0.157,1.247,0.242,3.661,0.711,0.192,0.037,0.007,0.0,0,0.0,0.0,0.0,0.0,0.0,0.0,0.0,0.0,0.0,70.936
2,2,201,6,SplitV_15,SplitVD,static,AI_VECTOR_CORE,1784811014414508.510	,1.040,0.040000,1,0,NO,"""2,1,2560""",FLOAT16,ND,"""2,1,2048;2,1,256;2,1,256""",FLOAT16;FLOAT16;FLOAT16,ND;ND;ND,N/A,0.0,0,0.0,0.0,0.0,0.0,0.0,0.0,0.0,0.0,0.0,0.0,0.0,0.552,993,0.008,0.014,0.123,0.224,0.137,0.248,0.162,0.294,0.286,0.000
2,2,202,6,Scatter_27,Scatter,static,AI_VECTOR_CORE,1784811014414509.570	,1.300,0.000000,4,0,NO,"""2,2,1024,128;2;2,2,1,128""",FLOAT16;INT64;FLOAT16,NCHW;NCHW;NCHW,"""2,2,1024,128""",FLOAT16,NCHW,N/A,0.0,0,0.0,0.0,0.0,0.0,0.0,0.0,0.0,0.0,0.0,0.0,0.0,0.667,4802,0.008,0.012,0.247,0.371,0.106,0.158,0.284,0.425,0.11,0.000
2,2,203,6,ApplyRotaryPosEmb_13,ApplyRotaryPosEmb,static,AI_VECTOR_CORE,1784811014414510.910	,2.100,0.200000,2,0,NO,"""2,1,16,128;2,1,2,128;2,1,1,128;2,1,1,128""",FLOAT16;FLOAT16;FLOAT16;FLOAT16,NCHW;NCHW;NCHW;NCHW,"""2,1,16,128;2,1,2,128""",FLOAT16;FLOAT16,NCHW;NCHW,N/A,0.0,0,0.0,0.0,0.0,0.0,0.0,0.0,0.0,0.0,0.0,0.0,0.0,1.339,4820,0.153,0.114,1.066,0.796,0.13,0.097,0.139,0.104,0.084,0.000
2,2,204,6,Scatter_26,Scatter,static,AI_VECTOR_CORE,1784811014414513.030	,1.360,0.000000,4,0,NO,"""2,2,1024,128;2;2,2,1,128""",FLOAT16;INT64;FLOAT16,NCHW;NCHW;NCHW,"""2,2,1024,128""",FLOAT16,NCHW,N/A,0.0,0,0.0,0.0,0.0,0.0,0.0,0.0,0.0,0.0,0.0,0.0,0.0,0.666,4794,0.008,0.012,0.155,0.233,0.117,0.176,0.339,0.51,0.0,0.000
2,2,205,6,IncreFlashAttention_13,IncreFlashAttention,static,MIX_AIC,1784811014414515.810	,18.040,1.390000,4,8,NO,"""2,16,1,128;2,2,1024,128;2,2,1024,128;2,1,1,1024""",FLOAT16;FLOAT16;FLOAT16;BOOL,NCHW;NCHW;NCHW;NCHW,"""2,16,1,128""",FLOAT16,NCHW,0,16.616,119632,1.076,0.065,12.947,0.779,2.698,0.162,7.062,0.425,3.018,0.182,0.013,9.238,133029,0.717,0.078,2.411,0.261,0.195,0.021,0.44,0.048,0.005,15.351
2,2,206,6,MatMul_66,MatMul,static,AI_CORE,1784811014414534.690	,6.460,0.960000,22,0,NO,"""2,2048;1024,2048""",FLOAT16;FLOAT16,ND;ND,"""2,1024""",FLOAT16,ND,N/A,4.699,186091,0.974,0.207,0.689,0.147,1.294,0.275,3.415,0.727,0.185,0.039,0.0,0.0,0,0.0,0.0,0.0,0.0,0.0,0.0,0.0,0.0,0.0,66.682
2,2,207,6,InplaceAddRmsNorm_26,InplaceAddRmsNorm,static,AI_VECTOR_CORE,1784811014414541.190	,1.660,0.040000,2,0,NO,"""2,1,1024;2,1,1024;1024""",FLOAT16;FLOAT16;FLOAT16,ND;ND;ND,"""2,1,1024;2,1,1;2,1,1024""",FLOAT16;FLOAT;FLOAT16,ND;ND;ND,N/A,0.0,0,0.0,0.0,0.0,0.0,0.0,0.0,0.0,0.0,0.0,0.0,0.0,1.11,3997,0.282,0.254,0.471,0.425,0.462,0.416,0.425,0.383,0.123,0.000
2,2,208,6,MatMul_67,MatMul,static,AI_CORE,1784811014414542.870	,7.540,0.000000,24,0,NO,"""2,1024;3072,1024""",FLOAT16;FLOAT16,ND;ND,"""2,3072""",FLOAT16,ND,N/A,6.286,271560,0.537,0.085,0.968,0.154,1.305,0.208,4.472,0.711,0.152,0.024,0.01,0.0,0,0.0,0.0,0.0,0.0,0.0,0.0,0.0,0.0,0.0,83.370
2,2,209,6,MatMul_68,MatMul,static,AI_CORE,1784811014414550.430	,7.140,0.210000,24,0,NO,"""2,1024;3072,1024""",FLOAT16;FLOAT16,ND;ND,"""2,3072""",FLOAT16,ND,N/A,5.198,224551,0.538,0.103,0.473,0.091,1.31,0.252,3.855,0.742,0.149,0.029,0.0,0.0,0,0.0,0.0,0.0,0.0,0.0,0.0,0.0,0.0,0.0,72.800
2,2,210,6,Swish_13Mul_16,AutomaticBufferFusionOp,static,AI_VECTOR_CORE,1784811014414557.610	,1.320,0.000000,6,0,NO,"""2,1,3072;2,1,3072""",FLOAT16;FLOAT16,ND;ND,"""2,1,3072""",FLOAT16,ND,N/A,0.0,0,0.0,0.0,0.0,0.0,0.0,0.0,0.0,0.0,0.0,0.0,0.0,0.672,7261,0.163,0.242,0.191,0.284,0.141,0.209,0.139,0.206,0.038,0.000
2,2,211,6,MatMul_69,MatMul,static,AI_CORE,1784811014414558.950	,9.100,0.180000,22,0,NO,"""2,3072;1024,3072""",FLOAT16;FLOAT16,ND;ND,"""2,1024""",FLOAT16,ND,N/A,6.968,275925,1.461,0.21,0.845,0.121,1.927,0.277,5.566,0.799,0.17,0.024,0.002,0.0,0,0.0,0.0,0.0,0.0,0.0,0.0,0.0,0.0,0.0,70.188
2,2,212,6,InplaceAddRmsNorm_27,InplaceAddRmsNorm,static,AI_VECTOR_CORE,1784811014414568.090	,1.640,0.000000,2,0,NO,"""2,1,1024;2,1,1024;1024""",FLOAT16;FLOAT16;FLOAT16,ND;ND;ND,"""2,1,1024;2,1,1;2,1,1024""",FLOAT16;FLOAT;FLOAT16,ND;ND;ND,N/A,0.0,0,0.0,0.0,0.0,0.0,0.0,0.0,0.0,0.0,0.0,0.0,0.0,1.055,3799,0.282,0.267,0.52,0.492,0.357,0.338,0.378,0.359,0.0,0.000
2,2,213,6,MatMul_70,MatMul,static,AI_CORE,1784811014414569.750	,6.760,0.110000,23,0,NO,"""2,1024;2560,1024""",FLOAT16;FLOAT16,ND;ND,"""2,2560""",FLOAT16,ND,N/A,5.623,232776,0.644,0.115,1.048,0.186,1.244,0.221,3.648,0.649,0.19,0.034,0.007,0.0,0,0.0,0.0,0.0,0.0,0.0,0.0,0.0,0.0,0.0,79.709
2,2,214,6,SplitV_16,SplitVD,static,AI_VECTOR_CORE,1784811014414576.530	,1.200,0.000000,1,0,NO,"""2,1,2560""",FLOAT16,ND,"""2,1,2048;2,1,256;2,1,256""",FLOAT16;FLOAT16;FLOAT16,ND;ND;ND,N/A,0.0,0,0.0,0.0,0.0,0.0,0.0,0.0,0.0,0.0,0.0,0.0,0.0,0.679,1223,0.008,0.011,0.135,0.199,0.14,0.206,0.154,0.226,0.286,0.000
2,2,215,6,Scatter_29,Scatter,static,AI_VECTOR_CORE,1784811014414577.750	,1.300,0.050000,4,0,NO,"""2,2,1024,128;2;2,2,1,128""",FLOAT16;INT64;FLOAT16,NCHW;NCHW;NCHW,"""2,2,1024,128""",FLOAT16,NCHW,N/A,0.0,0,0.0,0.0,0.0,0.0,0.0,0.0,0.0,0.0,0.0,0.0,0.0,0.616,4437,0.008,0.013,0.226,0.367,0.109,0.176,0.173,0.281,0.119,0.000
2,2,216,6,ApplyRotaryPosEmb_14,ApplyRotaryPosEmb,static,AI_VECTOR_CORE,1784811014414579.070	,2.260,0.000000,2,0,NO,"""2,1,16,128;2,1,2,128;2,1,1,128;2,1,1,128""",FLOAT16;FLOAT16;FLOAT16;FLOAT16,NCHW;NCHW;NCHW;NCHW,"""2,1,16,128;2,1,2,128""",FLOAT16;FLOAT16,NCHW;NCHW,N/A,0.0,0,0.0,0.0,0.0,0.0,0.0,0.0,0.0,0.0,0.0,0.0,0.0,1.509,5434,0.155,0.103,1.098,0.727,0.218,0.144,0.139,0.092,0.082,0.000
2,2,217,6,Scatter_28,Scatter,static,AI_VECTOR_CORE,1784811014414581.370	,1.120,0.000000,4,0,NO,"""2,2,1024,128;2;2,2,1,128""",FLOAT16;INT64;FLOAT16,NCHW;NCHW;NCHW,"""2,2,1024,128""",FLOAT16,NCHW,N/A,0.0,0,0.0,0.0,0.0,0.0,0.0,0.0,0.0,0.0,0.0,0.0,0.0,0.455,3274,0.008,0.017,0.155,0.342,0.11,0.241,0.12,0.265,0.065,0.000
2,2,218,6,IncreFlashAttention_14,IncreFlashAttention,static,MIX_AIC,1784811014414583.510	,18.700,1.130000,4,8,NO,"""2,16,1,128;2,2,1024,128;2,2,1024,128;2,1,1,1024""",FLOAT16;FLOAT16;FLOAT16;BOOL,NCHW;NCHW;NCHW;NCHW,"""2,16,1,128""",FLOAT16,NCHW,0,16.677,120077,1.076,0.064,12.741,0.764,2.701,0.162,6.969,0.418,2.948,0.177,0.014,9.085,130830,0.719,0.079,1.795,0.198,0.206,0.023,0.455,0.05,0.003,14.864
2,2,219,6,MatMul_71,MatMul,static,AI_CORE,1784811014414603.010	,6.460,0.800000,22,0,NO,"""2,2048;1024,2048""",FLOAT16;FLOAT16,ND;ND,"""2,1024""",FLOAT16,ND,N/A,4.679,185274,0.974,0.208,0.613,0.131,1.306,0.279,3.463,0.74,0.205,0.044,0.0,0.0,0,0.0,0.0,0.0,0.0,0.0,0.0,0.0,0.0,0.0,66.389
2,2,220,6,InplaceAddRmsNorm_28,InplaceAddRmsNorm,static,AI_VECTOR_CORE,1784811014414609.490	,1.960,0.040000,2,0,NO,"""2,1,1024;2,1,1024;1024""",FLOAT16;FLOAT16;FLOAT16,ND;ND;ND,"""2,1,1024;2,1,1;2,1,1024""",FLOAT16;FLOAT;FLOAT16,ND;ND;ND,N/A,0.0,0,0.0,0.0,0.0,0.0,0.0,0.0,0.0,0.0,0.0,0.0,0.0,1.221,4396,0.282,0.231,0.485,0.397,0.322,0.264,0.384,0.314,0.123,0.000
2,2,221,6,MatMul_72,MatMul,static,AI_CORE,1784811014414611.470	,8.340,0.040000,24,0,NO,"""2,1024;3072,1024""",FLOAT16;FLOAT16,ND;ND,"""2,3072""",FLOAT16,ND,N/A,6.091,263139,0.538,0.088,0.862,0.142,1.301,0.214,4.389,0.72,0.143,0.023,0.01,0.0,0,0.0,0.0,0.0,0.0,0.0,0.0,0.0,0.0,0.0,73.036
2,2,222,6,MatMul_73,MatMul,static,AI_CORE,1784811014414619.830	,7.880,0.000000,24,0,NO,"""2,1024;3072,1024""",FLOAT16;FLOAT16,ND;ND,"""2,3072""",FLOAT16,ND,N/A,5.546,239596,0.538,0.097,0.408,0.074,1.309,0.236,4.275,0.771,0.147,0.026,0.0,0.0,0,0.0,0.0,0.0,0.0,0.0,0.0,0.0,0.0,0.0,70.383
2,2,223,6,Swish_14Mul_17,AutomaticBufferFusionOp,static,AI_VECTOR_CORE,1784811014414627.730	,1.360,0.120000,6,0,NO,"""2,1,3072;2,1,3072""",FLOAT16;FLOAT16,ND;ND,"""2,1,3072""",FLOAT16,ND,N/A,0.0,0,0.0,0.0,0.0,0.0,0.0,0.0,0.0,0.0,0.0,0.0,0.0,0.646,6973,0.163,0.253,0.171,0.266,0.129,0.2,0.132,0.204,0.045,0.000
2,2,224,6,MatMul_74,MatMul,static,AI_CORE,1784811014414629.110	,9.160,0.000000,22,0,NO,"""2,3072;1024,3072""",FLOAT16;FLOAT16,ND;ND,"""2,1024""",FLOAT16,ND,N/A,6.918,273946,1.461,0.211,0.758,0.11,1.936,0.28,5.582,0.807,0.178,0.026,0.002,0.0,0,0.0,0.0,0.0,0.0,0.0,0.0,0.0,0.0,0.0,69.229
2,2,225,6,InplaceAddRmsNorm_29,InplaceAddRmsNorm,static,AI_VECTOR_CORE,1784811014414638.290	,1.580,0.090000,2,0,NO,"""2,1,1024;2,1,1024;1024""",FLOAT16;FLOAT16;FLOAT16,ND;ND;ND,"""2,1,1024;2,1,1;2,1,1024""",FLOAT16;FLOAT;FLOAT16,ND;ND;ND,N/A,0.0,0,0.0,0.0,0.0,0.0,0.0,0.0,0.0,0.0,0.0,0.0,0.0,0.962,3463,0.282,0.293,0.435,0.452,0.341,0.355,0.367,0.382,0.0,0.000
2,2,226,6,MatMul_75,MatMul,static,AI_CORE,1784811014414639.890	,7.660,0.170000,23,0,NO,"""2,1024;2560,1024""",FLOAT16;FLOAT16,ND;ND,"""2,2560""",FLOAT16,ND,N/A,5.215,215909,0.643,0.123,0.484,0.093,1.25,0.24,3.803,0.729,0.191,0.037,0.007,0.0,0,0.0,0.0,0.0,0.0,0.0,0.0,0.0,0.0,0.0,65.247
2,2,227,6,SplitV_17,SplitVD,static,AI_VECTOR_CORE,1784811014414647.570	,1.140,0.000000,1,0,NO,"""2,1,2560""",FLOAT16,ND,"""2,1,2048;2,1,256;2,1,256""",FLOAT16;FLOAT16;FLOAT16,ND;ND;ND,N/A,0.0,0,0.0,0.0,0.0,0.0,0.0,0.0,0.0,0.0,0.0,0.0,0.0,0.558,1005,0.008,0.014,0.13,0.233,0.136,0.244,0.162,0.291,0.286,0.000
2,2,228,6,Scatter_31,Scatter,static,AI_VECTOR_CORE,1784811014414648.730	,1.380,0.110000,4,0,NO,"""2,2,1024,128;2;2,2,1,128""",FLOAT16;INT64;FLOAT16,NCHW;NCHW;NCHW,"""2,2,1024,128""",FLOAT16,NCHW,N/A,0.0,0,0.0,0.0,0.0,0.0,0.0,0.0,0.0,0.0,0.0,0.0,0.0,0.641,4616,0.008,0.012,0.152,0.238,0.211,0.33,0.203,0.317,0.119,0.000
2,2,229,6,ApplyRotaryPosEmb_15,ApplyRotaryPosEmb,static,AI_VECTOR_CORE,1784811014414650.130	,2.840,0.120000,2,0,NO,"""2,1,16,128;2,1,2,128;2,1,1,128;2,1,1,128""",FLOAT16;FLOAT16;FLOAT16;FLOAT16,NCHW;NCHW;NCHW;NCHW,"""2,1,16,128;2,1,2,128""",FLOAT16;FLOAT16,NCHW;NCHW,N/A,0.0,0,0.0,0.0,0.0,0.0,0.0,0.0,0.0,0.0,0.0,0.0,0.0,1.865,6715,0.153,0.082,1.32,0.708,0.139,0.075,0.148,0.079,0.085,0.000
2,2,230,6,Scatter_30,Scatter,static,AI_VECTOR_CORE,1784811014414652.990	,1.100,0.000000,4,0,NO,"""2,2,1024,128;2;2,2,1,128""",FLOAT16;INT64;FLOAT16,NCHW;NCHW;NCHW,"""2,2,1024,128""",FLOAT16,NCHW,N/A,0.0,0,0.0,0.0,0.0,0.0,0.0,0.0,0.0,0.0,0.0,0.0,0.0,0.44,3170,0.008,0.018,0.171,0.387,0.127,0.288,0.088,0.201,0.0,0.000
2,2,231,6,IncreFlashAttention_15,IncreFlashAttention,static,MIX_AIC,1784811014414655.390	,18.880,1.400000,4,8,NO,"""2,16,1,128;2,2,1024,128;2,2,1024,128;2,1,1,1024""",FLOAT16;FLOAT16;FLOAT16;BOOL,NCHW;NCHW;NCHW;NCHW,"""2,16,1,128""",FLOAT16,NCHW,0,16.677,120072,1.076,0.064,12.603,0.756,2.699,0.162,7.131,0.428,2.88,0.173,0.014,9.081,130766,0.72,0.079,1.793,0.197,0.197,0.022,0.464,0.051,0.003,14.722
2,2,232,6,MatMul_76,MatMul,static,AI_CORE,1784811014414675.490	,6.360,1.120000,22,0,NO,"""2,2048;1024,2048""",FLOAT16;FLOAT16,ND;ND,"""2,1024""",FLOAT16,ND,N/A,4.718,186828,0.976,0.207,0.625,0.133,1.284,0.272,3.463,0.734,0.221,0.047,0.0,0.0,0,0.0,0.0,0.0,0.0,0.0,0.0,0.0,0.0,0.0,67.999
2,2,233,6,InplaceAddRmsNorm_30,InplaceAddRmsNorm,static,AI_VECTOR_CORE,1784811014414681.870	,1.580,0.000000,2,0,NO,"""2,1,1024;2,1,1024;1024""",FLOAT16;FLOAT16;FLOAT16,ND;ND;ND,"""2,1,1024;2,1,1;2,1,1024""",FLOAT16;FLOAT;FLOAT16,ND;ND;ND,N/A,0.0,0,0.0,0.0,0.0,0.0,0.0,0.0,0.0,0.0,0.0,0.0,0.0,1.0,3599,0.282,0.282,0.443,0.443,0.341,0.341,0.371,0.371,0.123,0.000
2,2,234,6,MatMul_77,MatMul,static,AI_CORE,1784811014414683.470	,8.160,0.170000,24,0,NO,"""2,1024;3072,1024""",FLOAT16;FLOAT16,ND;ND,"""2,3072""",FLOAT16,ND,N/A,5.568,240540,0.538,0.097,0.411,0.074,1.311,0.235,4.283,0.769,0.155,0.028,0.01,0.0,0,0.0,0.0,0.0,0.0,0.0,0.0,0.0,0.0,0.0,68.236
2,2,235,6,MatMul_78,MatMul,static,AI_CORE,1784811014414691.650	,8.280,0.090000,24,0,NO,"""2,1024;3072,1024""",FLOAT16;FLOAT16,ND;ND,"""2,3072""",FLOAT16,ND,N/A,5.462,235970,0.537,0.098,0.414,0.076,1.317,0.241,4.182,0.766,0.159,0.029,0.0,0.0,0,0.0,0.0,0.0,0.0,0.0,0.0,0.0,0.0,0.0,65.969
2,2,236,6,Swish_15Mul_18,AutomaticBufferFusionOp,static,AI_VECTOR_CORE,1784811014414699.950	,1.560,0.000000,6,0,NO,"""2,1,3072;2,1,3072""",FLOAT16;FLOAT16,ND;ND,"""2,1,3072""",FLOAT16,ND,N/A,0.0,0,0.0,0.0,0.0,0.0,0.0,0.0,0.0,0.0,0.0,0.0,0.0,0.751,8116,0.163,0.217,0.279,0.371,0.137,0.182,0.125,0.167,0.038,0.000
2,2,237,6,MatMul_79,MatMul,static,AI_CORE,1784811014414701.530	,9.120,0.000000,22,0,NO,"""2,3072;1024,3072""",FLOAT16;FLOAT16,ND;ND,"""2,1024""",FLOAT16,ND,N/A,7.241,286742,1.461,0.202,0.996,0.138,1.929,0.266,5.667,0.783,0.191,0.026,0.002,0.0,0,0.0,0.0,0.0,0.0,0.0,0.0,0.0,0.0,0.0,72.780
2,2,238,6,InplaceAddRmsNorm_31,InplaceAddRmsNorm,static,AI_VECTOR_CORE,1784811014414710.670	,1.540,0.130000,2,0,NO,"""2,1,1024;2,1,1024;1024""",FLOAT16;FLOAT16;FLOAT16,ND;ND;ND,"""2,1,1024;2,1,1;2,1,1024""",FLOAT16;FLOAT;FLOAT16,ND;ND;ND,N/A,0.0,0,0.0,0.0,0.0,0.0,0.0,0.0,0.0,0.0,0.0,0.0,0.0,1.003,3611,0.282,0.281,0.454,0.453,0.372,0.371,0.393,0.391,0.0,0.000
2,2,239,6,MatMul_80,MatMul,static,AI_CORE,1784811014414712.230	,7.080,0.000000,23,0,NO,"""2,1024;2560,1024""",FLOAT16;FLOAT16,ND;ND,"""2,2560""",FLOAT16,ND,N/A,5.189,214809,0.643,0.124,0.484,0.093,1.247,0.24,3.768,0.726,0.203,0.039,0.007,0.0,0,0.0,0.0,0.0,0.0,0.0,0.0,0.0,0.0,0.0,70.232
2,2,240,6,SplitV_18,SplitVD,static,AI_VECTOR_CORE,1784811014414719.330	,1.020,0.000000,1,0,NO,"""2,1,2560""",FLOAT16,ND,"""2,1,2048;2,1,256;2,1,256""",FLOAT16;FLOAT16;FLOAT16,ND;ND;ND,N/A,0.0,0,0.0,0.0,0.0,0.0,0.0,0.0,0.0,0.0,0.0,0.0,0.0,0.557,1002,0.008,0.014,0.126,0.226,0.137,0.246,0.157,0.281,0.286,0.000
2,2,241,6,Scatter_33,Scatter,static,AI_VECTOR_CORE,1784811014414720.370	,1.220,0.000000,4,0,NO,"""2,2,1024,128;2;2,2,1,128""",FLOAT16;INT64;FLOAT16,NCHW;NCHW;NCHW,"""2,2,1024,128""",FLOAT16,NCHW,N/A,0.0,0,0.0,0.0,0.0,0.0,0.0,0.0,0.0,0.0,0.0,0.0,0.0,0.618,4451,0.008,0.013,0.144,0.234,0.106,0.171,0.297,0.48,0.121,0.000
2,2,242,6,ApplyRotaryPosEmb_16,ApplyRotaryPosEmb,static,AI_VECTOR_CORE,1784811014414721.610	,2.120,0.030000,2,0,NO,"""2,1,16,128;2,1,2,128;2,1,1,128;2,1,1,128""",FLOAT16;FLOAT16;FLOAT16;FLOAT16,NCHW;NCHW;NCHW;NCHW,"""2,1,16,128;2,1,2,128""",FLOAT16;FLOAT16,NCHW;NCHW,N/A,0.0,0,0.0,0.0,0.0,0.0,0.0,0.0,0.0,0.0,0.0,0.0,0.0,1.343,4834,0.153,0.114,1.062,0.791,0.123,0.091,0.134,0.1,0.084,0.000
2,2,243,6,Scatter_32,Scatter,static,AI_VECTOR_CORE,1784811014414723.750	,1.220,0.130000,4,0,NO,"""2,2,1024,128;2;2,2,1,128""",FLOAT16;INT64;FLOAT16,NCHW;NCHW;NCHW,"""2,2,1024,128""",FLOAT16,NCHW,N/A,0.0,0,0.0,0.0,0.0,0.0,0.0,0.0,0.0,0.0,0.0,0.0,0.0,0.606,4360,0.008,0.013,0.251,0.415,0.118,0.195,0.213,0.352,0.0,0.000
2,2,244,6,IncreFlashAttention_16,IncreFlashAttention,static,MIX_AIC,1784811014414726.030	,17.680,1.030000,4,8,NO,"""2,16,1,128;2,2,1024,128;2,2,1024,128;2,1,1,1024""",FLOAT16;FLOAT16;FLOAT16;BOOL,NCHW;NCHW;NCHW;NCHW,"""2,16,1,128""",FLOAT16,NCHW,0,16.432,118313,1.076,0.065,12.576,0.765,2.699,0.164,7.216,0.439,2.931,0.178,0.014,8.92,128442,0.716,0.08,2.071,0.232,0.194,0.022,0.45,0.05,0.003,15.491
2,2,245,6,MatMul_81,MatMul,static,AI_CORE,1784811014414744.930	,6.760,1.320000,22,0,NO,"""2,2048;1024,2048""",FLOAT16;FLOAT16,ND;ND,"""2,1024""",FLOAT16,ND,N/A,4.929,195190,0.974,0.198,1.203,0.244,1.304,0.265,3.189,0.647,0.17,0.034,0.0,0.0,0,0.0,0.0,0.0,0.0,0.0,0.0,0.0,0.0,0.0,66.839
2,2,246,6,InplaceAddRmsNorm_32,InplaceAddRmsNorm,static,AI_VECTOR_CORE,1784811014414751.710	,1.680,0.000000,2,0,NO,"""2,1,1024;2,1,1024;1024""",FLOAT16;FLOAT16;FLOAT16,ND;ND;ND,"""2,1,1024;2,1,1;2,1,1024""",FLOAT16;FLOAT;FLOAT16,ND;ND;ND,N/A,0.0,0,0.0,0.0,0.0,0.0,0.0,0.0,0.0,0.0,0.0,0.0,0.0,1.075,3869,0.282,0.263,0.433,0.403,0.458,0.426,0.399,0.371,0.123,0.000
2,2,247,6,MatMul_82,MatMul,static,AI_CORE,1784811014414753.430	,7.600,0.070000,24,0,NO,"""2,1024;3072,1024""",FLOAT16;FLOAT16,ND;ND,"""2,3072""",FLOAT16,ND,N/A,5.378,232350,0.538,0.1,0.408,0.076,1.311,0.244,4.109,0.764,0.14,0.026,0.01,0.0,0,0.0,0.0,0.0,0.0,0.0,0.0,0.0,0.0,0.0,70.769
2,2,248,6,MatMul_83,MatMul,static,AI_CORE,1784811014414761.050	,7.680,0.000000,24,0,NO,"""2,1024;3072,1024""",FLOAT16;FLOAT16,ND;ND,"""2,3072""",FLOAT16,ND,N/A,5.315,229617,0.538,0.101,0.415,0.078,1.309,0.246,4.03,0.758,0.158,0.03,0.0,0.0,0,0.0,0.0,0.0,0.0,0.0,0.0,0.0,0.0,0.0,69.208
2,2,249,6,Swish_16Mul_19,AutomaticBufferFusionOp,static,AI_VECTOR_CORE,1784811014414768.770	,1.300,0.070000,6,0,NO,"""2,1,3072;2,1,3072""",FLOAT16;FLOAT16,ND;ND,"""2,1,3072""",FLOAT16,ND,N/A,0.0,0,0.0,0.0,0.0,0.0,0.0,0.0,0.0,0.0,0.0,0.0,0.0,0.656,7088,0.163,0.249,0.187,0.285,0.142,0.216,0.134,0.205,0.038,0.000
2,2,250,6,MatMul_84,MatMul,static,AI_CORE,1784811014414770.090	,8.900,0.000000,22,0,NO,"""2,3072;1024,3072""",FLOAT16;FLOAT16,ND;ND,"""2,1024""",FLOAT16,ND,N/A,7.344,290841,1.461,0.199,1.203,0.164,1.935,0.263,5.555,0.756,0.191,0.026,0.002,0.0,0,0.0,0.0,0.0,0.0,0.0,0.0,0.0,0.0,0.0,75.645
2,2,251,6,InplaceAddRmsNorm_33,InplaceAddRmsNorm,static,AI_VECTOR_CORE,1784811014414779.030	,1.660,0.100000,2,0,NO,"""2,1,1024;2,1,1024;1024""",FLOAT16;FLOAT16;FLOAT16,ND;ND;ND,"""2,1,1024;2,1,1;2,1,1024""",FLOAT16;FLOAT;FLOAT16,ND;ND;ND,N/A,0.0,0,0.0,0.0,0.0,0.0,0.0,0.0,0.0,0.0,0.0,0.0,0.0,1.074,3865,0.282,0.263,0.5,0.465,0.436,0.406,0.389,0.362,0.0,0.000
2,2,252,6,MatMul_85,MatMul,static,AI_CORE,1784811014414780.710	,7.700,0.090000,23,0,NO,"""2,1024;2560,1024""",FLOAT16;FLOAT16,ND;ND,"""2,2560""",FLOAT16,ND,N/A,5.185,214650,0.64,0.123,0.481,0.093,1.256,0.242,3.79,0.731,0.193,0.037,0.007,0.0,0,0.0,0.0,0.0,0.0,0.0,0.0,0.0,0.0,0.0,64.529
2,2,253,6,SplitV_19,SplitVD,static,AI_VECTOR_CORE,1784811014414788.430	,1.120,0.050000,1,0,NO,"""2,1,2560""",FLOAT16,ND,"""2,1,2048;2,1,256;2,1,256""",FLOAT16;FLOAT16;FLOAT16,ND;ND;ND,N/A,0.0,0,0.0,0.0,0.0,0.0,0.0,0.0,0.0,0.0,0.0,0.0,0.0,0.556,1001,0.008,0.014,0.156,0.281,0.137,0.247,0.163,0.294,0.286,0.000
2,2,254,6,Scatter_35,Scatter,static,AI_VECTOR_CORE,1784811014414789.570	,1.340,0.000000,4,0,NO,"""2,2,1024,128;2;2,2,1,128""",FLOAT16;INT64;FLOAT16,NCHW;NCHW;NCHW,"""2,2,1024,128""",FLOAT16,NCHW,N/A,0.0,0,0.0,0.0,0.0,0.0,0.0,0.0,0.0,0.0,0.0,0.0,0.0,0.709,5103,0.008,0.011,0.156,0.221,0.137,0.194,0.328,0.463,0.121,0.000
2,2,255,6,ApplyRotaryPosEmb_17,ApplyRotaryPosEmb,static,AI_VECTOR_CORE,1784811014414790.930	,2.140,0.160000,2,0,NO,"""2,1,16,128;2,1,2,128;2,1,1,128;2,1,1,128""",FLOAT16;FLOAT16;FLOAT16;FLOAT16,NCHW;NCHW;NCHW;NCHW,"""2,1,16,128;2,1,2,128""",FLOAT16;FLOAT16,NCHW;NCHW,N/A,0.0,0,0.0,0.0,0.0,0.0,0.0,0.0,0.0,0.0,0.0,0.0,0.0,1.403,5049,0.153,0.109,1.075,0.766,0.135,0.096,0.147,0.105,0.08,0.000
2,2,256,6,Scatter_34,Scatter,static,AI_VECTOR_CORE,1784811014414793.110	,1.300,0.000000,4,0,NO,"""2,2,1024,128;2;2,2,1,128""",FLOAT16;INT64;FLOAT16,NCHW;NCHW;NCHW,"""2,2,1024,128""",FLOAT16,NCHW,N/A,0.0,0,0.0,0.0,0.0,0.0,0.0,0.0,0.0,0.0,0.0,0.0,0.0,0.667,4805,0.008,0.012,0.237,0.355,0.097,0.145,0.289,0.434,0.0,0.000
2,2,257,6,IncreFlashAttention_17,IncreFlashAttention,static,MIX_AIC,1784811014414795.510	,17.460,1.200000,4,8,NO,"""2,16,1,128;2,2,1024,128;2,2,1024,128;2,1,1,1024""",FLOAT16;FLOAT16;FLOAT16;BOOL,NCHW;NCHW;NCHW;NCHW,"""2,16,1,128""",FLOAT16,NCHW,0,16.228,116841,1.076,0.066,12.693,0.782,2.699,0.166,6.807,0.419,2.853,0.176,0.013,8.798,126698,0.719,0.082,1.874,0.213,0.194,0.022,0.469,0.053,0.005,15.491
2,2,258,6,MatMul_86,MatMul,static,AI_CORE,1784811014414813.770	,7.300,0.790000,22,0,NO,"""2,2048;1024,2048""",FLOAT16;FLOAT16,ND;ND,"""2,1024""",FLOAT16,ND,N/A,5.274,208860,0.976,0.185,1.187,0.225,1.309,0.248,3.493,0.662,0.198,0.037,0.0,0.0,0,0.0,0.0,0.0,0.0,0.0,0.0,0.0,0.0,0.0,66.229
2,2,259,6,InplaceAddRmsNorm_34,InplaceAddRmsNorm,static,AI_VECTOR_CORE,1784811014414821.090	,1.640,0.000000,2,0,NO,"""2,1,1024;2,1,1024;1024""",FLOAT16;FLOAT16;FLOAT16,ND;ND;ND,"""2,1,1024;2,1,1;2,1,1024""",FLOAT16;FLOAT;FLOAT16,ND;ND;ND,N/A,0.0,0,0.0,0.0,0.0,0.0,0.0,0.0,0.0,0.0,0.0,0.0,0.0,1.082,3895,0.282,0.261,0.523,0.483,0.333,0.307,0.371,0.342,0.123,0.000
2,2,260,6,MatMul_87,MatMul,static,AI_CORE,1784811014414822.750	,7.780,0.110000,24,0,NO,"""2,1024;3072,1024""",FLOAT16;FLOAT16,ND;ND,"""2,3072""",FLOAT16,ND,N/A,5.431,234607,0.538,0.099,0.474,0.087,1.308,0.241,4.08,0.751,0.153,0.028,0.01,0.0,0,0.0,0.0,0.0,0.0,0.0,0.0,0.0,0.0,0.0,69.804
2,2,261,6,MatMul_88,MatMul,static,AI_CORE,1784811014414830.550	,7.320,0.000000,24,0,NO,"""2,1024;3072,1024""",FLOAT16;FLOAT16,ND;ND,"""2,3072""",FLOAT16,ND,N/A,5.45,235440,0.538,0.099,0.475,0.087,1.3,0.238,4.107,0.753,0.155,0.028,0.0,0.0,0,0.0,0.0,0.0,0.0,0.0,0.0,0.0,0.0,0.0,74.454
2,2,262,6,Swish_17Mul_20,AutomaticBufferFusionOp,static,AI_VECTOR_CORE,1784811014414837.890	,1.280,0.180000,6,0,NO,"""2,1,3072;2,1,3072""",FLOAT16;FLOAT16,ND;ND,"""2,1,3072""",FLOAT16,ND,N/A,0.0,0,0.0,0.0,0.0,0.0,0.0,0.0,0.0,0.0,0.0,0.0,0.0,0.614,6629,0.163,0.265,0.159,0.259,0.129,0.211,0.125,0.204,0.038,0.000
2,2,263,6,MatMul_89,MatMul,static,AI_CORE,1784811014414839.190	,8.760,0.000000,22,0,NO,"""2,3072;1024,3072""",FLOAT16;FLOAT16,ND;ND,"""2,1024""",FLOAT16,ND,N/A,7.068,279896,1.462,0.207,0.859,0.122,1.932,0.273,5.637,0.798,0.179,0.025,0.002,0.0,0,0.0,0.0,0.0,0.0,0.0,0.0,0.0,0.0,0.0,73.962
2,2,264,6,InplaceAddRmsNorm_35,InplaceAddRmsNorm,static,AI_VECTOR_CORE,1784811014414847.970	,2.100,0.000000,2,0,NO,"""2,1,1024;2,1,1024;1024""",FLOAT16;FLOAT16;FLOAT16,ND;ND;ND,"""2,1,1024;2,1,1;2,1,1024""",FLOAT16;FLOAT;FLOAT16,ND;ND;ND,N/A,0.0,0,0.0,0.0,0.0,0.0,0.0,0.0,0.0,0.0,0.0,0.0,0.0,1.513,5447,0.282,0.187,0.47,0.311,0.332,0.219,0.379,0.251,0.227,0.000
2,2,265,6,MatMul_90,MatMul,static,AI_CORE,1784811014414850.110	,139.420,0.000000,24,0,NO,"""2,1024;103424,1024""",FLOAT16;FLOAT16,ND;ND,"""2,103424""",FLOAT16,ND,N/A,131.565,5683629,18.105,0.138,7.321,0.056,46.367,0.352,128.35,0.976,2.521,0.019,0.004,0.0,0,0.0,0.0,0.0,0.0,0.0,0.0,0.0,0.0,0.0,94.366
2,4294967295,796,3,aclnnInplaceCopy_CastAiCore_Cast,Cast,dynamic,AI_VECTOR_CORE,1784811014415006.010	,8.360,16.580000,48,0,NO,"""2,103424""",FLOAT16,ND,"""2,103424""",FLOAT,ND,N/A,0.0,0,0.0,0.0,0.0,0.0,0.0,0.0,0.0,0.0,0.0,0.0,0.0,5.568,481089,0.06,0.011,0.247,0.044,0.894,0.161,1.095,0.197,0.211,0.000
2,4294967295,797,3,aclnnArgMax_ArgMaxV2AiCore_ArgMaxV2,ArgMaxV2,dynamic,AI_VECTOR_CORE,1784811014415014.390	,14.020,0.140000,2,0,NO,"""2,103424;""",FLOAT;INT64,ND;ND,"""2,1""",INT32,ND,N/A,0.0,0,0.0,0.0,0.0,0.0,0.0,0.0,0.0,0.0,0.0,0.0,0.0,13.398,48233,7.379,0.551,1.789,0.133,3.802,0.284,0.103,0.008,0.062,0.000
2,4294967295,798,3,aclnnArgMax_CastAiCore_Cast,Cast,dynamic,AI_VECTOR_CORE,1784811014415028.430	,1.320,0.000000,1,0,NO,"""2,1""",INT32,ND,"""2,1""",INT64,ND,N/A,0.0,0,0.0,0.0,0.0,0.0,0.0,0.0,0.0,0.0,0.0,0.0,0.0,0.787,1417,0.026,0.033,0.263,0.335,0.098,0.124,0.111,0.14,0.169,0.000
2,4294967295,800,3,aclnnInplaceFillScalar_FillAiCore_Fill,Fill,dynamic,AI_VECTOR_CORE,1784811014415029.930	,2.360,0.180000,1,0,NO,"""2;""",INT64;INT64,ND;ND,"""2,1""",INT64,ND,N/A,0.0,0,0.0,0.0,0.0,0.0,0.0,0.0,0.0,0.0,0.0,0.0,0.0,1.805,3249,0.098,0.054,0.434,0.241,0.427,0.236,0.119,0.066,0.194,0.000
2,4294967295,801,3,aclnnSWhere_SelectV2AiCore_SelectV2,SelectV2,dynamic,AI_VECTOR_CORE,1784811014415032.310	,2.360,0.000000,1,0,NO,"""2,1;2,1;2,1""",BOOL;INT64;INT64,ND;ND;ND,"""2,1""",INT64,ND,N/A,0.0,0,0.0,0.0,0.0,0.0,0.0,0.0,0.0,0.0,0.0,0.0,0.0,1.822,3280,0.197,0.108,0.469,0.258,0.39,0.214,0.101,0.055,0.194,0.000
2,4294967295,802,3,aclnnAdds_AddAiCore_Add,Add,dynamic,AI_VECTOR_CORE,1784811014415034.690	,3.200,0.140000,1,0,NO,"""2;""",INT64;INT64,ND;ND,"""2""",INT64,ND,N/A,0.0,0,0.0,0.0,0.0,0.0,0.0,0.0,0.0,0.0,0.0,0.0,0.0,2.637,4747,0.368,0.139,0.611,0.232,0.664,0.252,0.121,0.046,0.187,0.000
2,4294967295,803,3,aclnnInplaceZero_ZerosLikeAiCore_ZerosLike,ZerosLike,dynamic,AI_VECTOR_CORE,1784811014415134.690	,3.240,96.800000,1,0,NO,"""2""",INT64,ND,"""2""",INT64,ND,N/A,0.0,0,0.0,0.0,0.0,0.0,0.0,0.0,0.0,0.0,0.0,0.0,0.0,2.698,4857,0.061,0.022,0.837,0.31,0.001,0.0,0.494,0.183,0.214,0.000
2,4294967295,804,3,aclnnSWhere_SelectV2AiCore_SelectV2,SelectV2,dynamic,AI_VECTOR_CORE,1784811014415220.230	,3.420,82.260000,1,0,NO,"""2;2;2""",BOOL;INT64;INT64,ND;ND;ND,"""2""",INT64,ND,N/A,0.0,0,0.0,0.0,0.0,0.0,0.0,0.0,0.0,0.0,0.0,0.0,0.0,2.859,5147,0.2,0.07,1.037,0.363,0.677,0.237,0.109,0.038,0.188,0.000
2,2,807,3,UpdateModelParam_static_bin,Data,dynamic,AI_VECTOR_CORE,1784811014416327.270	,5.240,1103.580000,1,0,NO,N/A,N/A,N/A,N/A,N/A,N/A,N/A,0.0,0,0.0,0.0,0.0,0.0,0.0,0.0,0.0,0.0,0.0,0.0,0.0,4.687,8436,0.983,0.21,2.482,0.53,0.761,0.162,0.184,0.039,0.157,0.000
2,2,0,6,Range,Range,static,AI_VECTOR_CORE,1784811014416358.790	,8.440,26.260000,48,0,NO,""";;""",INT32;FLOAT;INT32,NCHW;NCHW;NCHW,"""1024""",FLOAT,NCHW,N/A,0.0,0,0.0,0.0,0.0,0.0,0.0,0.0,0.0,0.0,0.0,0.0,0.0,5.323,459920,0.073,0.014,1.112,0.209,0.001,0.0,0.692,0.13,0.225,0.000
2,2,1,6,Cast,Cast,static,AI_VECTOR_CORE,1784811014416367.270	,1.420,0.060000,2,0,NO,"""1024""",FLOAT,NCHW,"""1024""",INT64,NCHW,N/A,0.0,0,0.0,0.0,0.0,0.0,0.0,0.0,0.0,0.0,0.0,0.0,0.0,0.842,3030,0.031,0.037,0.13,0.154,0.119,0.141,0.248,0.295,0.261,0.000
2,2,2,6,GatherV2,GatherV2,static,AI_VECTOR_CORE,1784811014416368.710	,2.340,0.080000,2,0,NO,"""103424,1024;2,1;1""",FLOAT16;INT64;INT64,ND;ND;ND,"""2,1,1024""",FLOAT16,ND,N/A,0.0,0,0.0,0.0,0.0,0.0,0.0,0.0,0.0,0.0,0.0,0.0,0.0,1.808,6509,0.049,0.027,0.171,0.095,1.018,0.563,0.278,0.154,0.203,0.000
2,2,3,6,RmsNorm,RmsNorm,static,AI_VECTOR_CORE,1784811014416371.070	,6.480,0.000000,2,0,NO,"""2,1,1024;1024""",FLOAT16;FLOAT16,ND;ND,"""2,1,1024;2,1,1""",FLOAT16;FLOAT,ND;ND,N/A,0.0,0,0.0,0.0,0.0,0.0,0.0,0.0,0.0,0.0,0.0,0.0,0.0,5.92,21313,0.799,0.135,2.527,0.427,0.732,0.124,0.464,0.078,0.178,0.000
2,2,4,6,MatMul,MatMul,static,AI_CORE,1784811014416377.570	,9.800,0.020000,23,0,NO,"""2,1024;2560,1024""",FLOAT16;FLOAT16,ND;ND,"""2,2560""",FLOAT16,ND,N/A,7.413,306910,0.643,0.087,0.464,0.063,1.256,0.169,4.106,0.554,0.256,0.035,0.057,0.0,0,0.0,0.0,0.0,0.0,0.0,0.0,0.0,0.0,0.0,72.494
2,2,5,6,SplitV_2,SplitVD,static,AI_VECTOR_CORE,1784811014416387.390	,1.360,0.200000,1,0,NO,"""2,1,2560""",FLOAT16,ND,"""2,1,2048;2,1,256;2,1,256""",FLOAT16;FLOAT16;FLOAT16,ND;ND;ND,N/A,0.0,0,0.0,0.0,0.0,0.0,0.0,0.0,0.0,0.0,0.0,0.0,0.0,0.825,1485,0.008,0.009,0.161,0.195,0.135,0.164,0.335,0.406,0.286,0.000
2,2,6,6,Add,Add,static,AI_VECTOR_CORE,1784811014416388.770	,2.020,0.000000,1,0,NO,"""2,1;2,1""",INT64;INT64,NCHW;NCHW,"""2,1""",INT64,NCHW,N/A,0.0,0,0.0,0.0,0.0,0.0,0.0,0.0,0.0,0.0,0.0,0.0,0.0,1.484,2671,0.267,0.18,0.197,0.133,0.633,0.427,0.123,0.083,0.182,0.000
2,2,7,6,BroadcastTo,BroadcastTo,static,AI_VECTOR_CORE,1784811014416390.810	,1.260,0.000000,1,0,NO,"""1,2,1;3""",INT64;INT64,NCHW;NCHW,"""3,2,1""",INT64,NCHW,N/A,0.0,0,0.0,0.0,0.0,0.0,0.0,0.0,0.0,0.0,0.0,0.0,0.0,0.719,1295,0.067,0.093,0.182,0.253,0.115,0.16,0.133,0.185,0.161,0.000
2,2,8,6,Cast_1,Cast,static,AI_VECTOR_CORE,1784811014416392.090	,1.160,0.000000,1,0,NO,"""3,2,1,1""",INT64,NCHW,"""3,2,1,1""",FLOAT,NCHW,N/A,0.0,0,0.0,0.0,0.0,0.0,0.0,0.0,0.0,0.0,0.0,0.0,0.0,0.635,1143,0.058,0.092,0.139,0.219,0.118,0.185,0.102,0.161,0.185,0.000
2,2,9,6,Scatter_1,Scatter,static,AI_VECTOR_CORE,1784811014416393.290	,2.180,0.090000,4,0,NO,"""2,2,1024,128;2;2,2,1,128""",FLOAT16;INT64;FLOAT16,NCHW;NCHW;NCHW,"""2,2,1024,128""",FLOAT16,NCHW,N/A,0.0,0,0.0,0.0,0.0,0.0,0.0,0.0,0.0,0.0,0.0,0.0,0.0,1.348,9709,0.008,0.006,0.136,0.101,0.414,0.307,0.294,0.218,0.242,0.000
2,2,10,6,BroadcastTo_1,BroadcastTo,static,AI_VECTOR_CORE,1784811014416395.490	,1.580,0.070000,1,0,NO,"""1,1,64,1;4""",FLOAT;INT64,NCHW;NCHW,"""3,2,64,1""",FLOAT,NCHW,N/A,0.0,0,0.0,0.0,0.0,0.0,0.0,0.0,0.0,0.0,0.0,0.0,0.0,1.082,1948,0.019,0.018,0.142,0.131,0.562,0.52,0.142,0.131,0.238,0.000
2,2,11,6,Mul,Mul,static,AI_VECTOR_CORE,1784811014416397.090	,1.160,0.000000,1,0,NO,"""3,2,64,1;3,2,1,1""",FLOAT;FLOAT,NCHW;NCHW,"""3,2,64,1""",FLOAT,NCHW,N/A,0.0,0,0.0,0.0,0.0,0.0,0.0,0.0,0.0,0.0,0.0,0.0,0.0,0.676,1217,0.048,0.071,0.134,0.198,0.121,0.179,0.147,0.218,0.217,0.000
2,2,12,6,ConcatV2,ConcatV2D,static,AI_VECTOR_CORE,1784811014416398.270	,3.840,0.090000,1,0,NO,"""3,2,1,64;3,2,1,64""",FLOAT;FLOAT,NCHW;NCHW,"""3,2,1,128""",FLOAT,NCHW,N/A,0.0,0,0.0,0.0,0.0,0.0,0.0,0.0,0.0,0.0,0.0,0.0,0.0,3.343,6017,2.721,0.814,0.198,0.059,0.149,0.045,0.126,0.038,0.186,0.000
2,2,13,6,Cos,Cos,static,AI_VECTOR_CORE,1784811014416402.130	,2.020,0.160000,1,0,NO,"""3,2,1,128""",FLOAT,NCHW,"""3,2,1,128""",FLOAT,NCHW,N/A,0.0,0,0.0,0.0,0.0,0.0,0.0,0.0,0.0,0.0,0.0,0.0,0.0,1.527,2748,0.858,0.562,0.144,0.095,0.117,0.076,0.139,0.091,0.21,0.000
2,2,14,6,Mul_1Cast_5,Mul,static,AI_VECTOR_CORE,1784811014416404.170	,1.480,0.000000,1,0,NO,"""3,2,1,128;""",FLOAT;FLOAT,NCHW;NCHW,"""3,2,1,128""",FLOAT16,NCHW,N/A,0.0,0,0.0,0.0,0.0,0.0,0.0,0.0,0.0,0.0,0.0,0.0,0.0,0.987,1777,0.038,0.039,0.11,0.111,0.509,0.515,0.119,0.121,0.24,0.000
2,2,15,6,Sin,Sin,static,AI_VECTOR_CORE,1784811014416405.690	,1.940,0.020000,1,0,NO,"""3,2,1,128""",FLOAT,NCHW,"""3,2,1,128""",FLOAT,NCHW,N/A,0.0,0,0.0,0.0,0.0,0.0,0.0,0.0,0.0,0.0,0.0,0.0,0.0,1.452,2614,0.808,0.556,0.152,0.105,0.116,0.08,0.133,0.091,0.207,0.000
2,2,16,6,Mul_2Cast_6,Mul,static,AI_VECTOR_CORE,1784811014416407.670	,1.320,0.060000,1,0,NO,"""3,2,1,128;""",FLOAT;FLOAT,NCHW;NCHW,"""3,2,1,128""",FLOAT16,NCHW,N/A,0.0,0,0.0,0.0,0.0,0.0,0.0,0.0,0.0,0.0,0.0,0.0,0.0,0.814,1465,0.038,0.047,0.125,0.154,0.432,0.531,0.106,0.13,0.208,0.000
2,2,17,6,SplitV,SplitVD,static,AI_VECTOR_CORE,1784811014416409.030	,3.960,0.000000,1,0,NO,"""3,2,1,128""",FLOAT16,NCHW,"""3,2,1,16;3,2,1,24;3,2,1,24;3,2,1,16;3,2,1,24;3,2,1,24""",FLOAT16;FLOAT16;FLOAT16;FLOAT16;FLOAT16;FLOAT16,NCHW;NCHW;NCHW;NCHW;NCHW;NCHW,N/A,0.0,0,0.0,0.0,0.0,0.0,0.0,0.0,0.0,0.0,0.0,0.0,0.0,3.447,6205,2.234,0.648,0.328,0.095,0.107,0.031,0.934,0.271,0.177,0.000
2,2,18,6,GatherV2_1,GatherV2,static,AI_VECTOR_CORE,1784811014416413.010	,1.620,0.040000,1,0,NO,"""3,2,1,16;;1""",FLOAT16;INT64;INT64,NCHW;NCHW;NCHW,"""2,1,16""",FLOAT16,NCHW,N/A,0.0,0,0.0,0.0,0.0,0.0,0.0,0.0,0.0,0.0,0.0,0.0,0.0,1.09,1962,0.057,0.052,0.136,0.125,0.524,0.481,0.128,0.117,0.2,0.000
2,2,19,6,GatherV2_4,GatherV2,static,AI_VECTOR_CORE,1784811014416414.670	,1.160,0.130000,1,0,NO,"""3,2,1,16;;1""",FLOAT16;INT64;INT64,NCHW;NCHW;NCHW,"""2,1,16""",FLOAT16,NCHW,N/A,0.0,0,0.0,0.0,0.0,0.0,0.0,0.0,0.0,0.0,0.0,0.0,0.0,0.638,1148,0.057,0.089,0.173,0.271,0.139,0.218,0.117,0.184,0.2,0.000
2,2,20,6,GatherV2_2,GatherV2,static,AI_VECTOR_CORE,1784811014416415.850	,1.700,0.000000,1,0,NO,"""3,2,1,24;;1""",FLOAT16;INT64;INT64,NCHW;NCHW;NCHW,"""2,1,24""",FLOAT16,NCHW,N/A,0.0,0,0.0,0.0,0.0,0.0,0.0,0.0,0.0,0.0,0.0,0.0,0.0,1.145,2061,0.057,0.049,0.155,0.135,0.554,0.484,0.114,0.099,0.2,0.000
2,2,21,6,GatherV2_3,GatherV2,static,AI_VECTOR_CORE,1784811014416417.570	,1.280,0.050000,1,0,NO,"""3,2,1,24;;1""",FLOAT16;INT64;INT64,NCHW;NCHW;NCHW,"""2,1,24""",FLOAT16,NCHW,N/A,0.0,0,0.0,0.0,0.0,0.0,0.0,0.0,0.0,0.0,0.0,0.0,0.0,0.728,1311,0.057,0.078,0.191,0.262,0.185,0.254,0.134,0.184,0.2,0.000
2,2,22,6,GatherV2_5,GatherV2,static,AI_VECTOR_CORE,1784811014416418.870	,1.500,0.000000,1,0,NO,"""3,2,1,24;;1""",FLOAT16;INT64;INT64,NCHW;NCHW;NCHW,"""2,1,24""",FLOAT16,NCHW,N/A,0.0,0,0.0,0.0,0.0,0.0,0.0,0.0,0.0,0.0,0.0,0.0,0.0,0.945,1701,0.057,0.06,0.149,0.158,0.461,0.487,0.115,0.122,0.2,0.000
2,2,23,6,GatherV2_6,GatherV2,static,AI_VECTOR_CORE,1784811014416420.410	,1.220,0.250000,1,0,NO,"""3,2,1,24;;1""",FLOAT16;INT64;INT64,NCHW;NCHW;NCHW,"""2,1,24""",FLOAT16,NCHW,N/A,0.0,0,0.0,0.0,0.0,0.0,0.0,0.0,0.0,0.0,0.0,0.0,0.0,0.667,1200,0.057,0.085,0.187,0.28,0.135,0.203,0.122,0.183,0.2,0.000
2,2,24,6,SplitV_1,SplitVD,static,AI_VECTOR_CORE,1784811014416421.650	,3.860,0.030000,1,0,NO,"""3,2,1,128""",FLOAT16,NCHW,"""3,2,1,16;3,2,1,24;3,2,1,24;3,2,1,16;3,2,1,24;3,2,1,24""",FLOAT16;FLOAT16;FLOAT16;FLOAT16;FLOAT16;FLOAT16,NCHW;NCHW;NCHW;NCHW;NCHW;NCHW,N/A,0.0,0,0.0,0.0,0.0,0.0,0.0,0.0,0.0,0.0,0.0,0.0,0.0,3.407,6132,2.234,0.656,0.333,0.098,0.112,0.033,0.983,0.288,0.177,0.000
2,2,25,6,GatherV2_10,GatherV2,static,AI_VECTOR_CORE,1784811014416425.530	,1.340,0.000000,1,0,NO,"""3,2,1,16;;1""",FLOAT16;INT64;INT64,NCHW;NCHW;NCHW,"""2,1,16""",FLOAT16,NCHW,N/A,0.0,0,0.0,0.0,0.0,0.0,0.0,0.0,0.0,0.0,0.0,0.0,0.0,0.862,1551,0.057,0.066,0.152,0.177,0.431,0.5,0.107,0.124,0.182,0.000
2,2,26,6,GatherV2_7,GatherV2,static,AI_VECTOR_CORE,1784811014416426.910	,1.380,0.160000,1,0,NO,"""3,2,1,16;;1""",FLOAT16;INT64;INT64,NCHW;NCHW;NCHW,"""2,1,16""",FLOAT16,NCHW,N/A,0.0,0,0.0,0.0,0.0,0.0,0.0,0.0,0.0,0.0,0.0,0.0,0.0,0.884,1591,0.057,0.064,0.19,0.215,0.408,0.462,0.106,0.12,0.182,0.000
2,2,27,6,GatherV2_11,GatherV2,static,AI_VECTOR_CORE,1784811014416428.310	,1.080,0.000000,1,0,NO,"""3,2,1,24;;1""",FLOAT16;INT64;INT64,NCHW;NCHW;NCHW,"""2,1,24""",FLOAT16,NCHW,N/A,0.0,0,0.0,0.0,0.0,0.0,0.0,0.0,0.0,0.0,0.0,0.0,0.0,0.583,1049,0.057,0.097,0.154,0.265,0.144,0.248,0.107,0.184,0.182,0.000
2,2,28,6,GatherV2_12,GatherV2,static,AI_VECTOR_CORE,1784811014416429.410	,1.440,0.170000,1,0,NO,"""3,2,1,24;;1""",FLOAT16;INT64;INT64,NCHW;NCHW;NCHW,"""2,1,24""",FLOAT16,NCHW,N/A,0.0,0,0.0,0.0,0.0,0.0,0.0,0.0,0.0,0.0,0.0,0.0,0.0,0.924,1664,0.057,0.061,0.178,0.192,0.446,0.482,0.11,0.119,0.2,0.000
2,2,29,6,GatherV2_8,GatherV2,static,AI_VECTOR_CORE,1784811014416430.870	,1.080,0.000000,1,0,NO,"""3,2,1,24;;1""",FLOAT16;INT64;INT64,NCHW;NCHW;NCHW,"""2,1,24""",FLOAT16,NCHW,N/A,0.0,0,0.0,0.0,0.0,0.0,0.0,0.0,0.0,0.0,0.0,0.0,0.0,0.586,1054,0.057,0.097,0.141,0.24,0.138,0.235,0.118,0.202,0.2,0.000
2,2,30,6,GatherV2_9,GatherV2,static,AI_VECTOR_CORE,1784811014416431.970	,1.440,0.170000,1,0,NO,"""3,2,1,24;;1""",FLOAT16;INT64;INT64,NCHW;NCHW;NCHW,"""2,1,24""",FLOAT16,NCHW,N/A,0.0,0,0.0,0.0,0.0,0.0,0.0,0.0,0.0,0.0,0.0,0.0,0.0,0.919,1654,0.057,0.062,0.179,0.195,0.439,0.478,0.107,0.117,0.2,0.000
2,2,31,6,ConcatV2_1,ConcatV2D,static,AI_VECTOR_CORE,1784811014416433.430	,3.680,0.060000,1,0,NO,"""2,1,16;2,1,24;2,1,24;2,1,16;2,1,24;2,1,24""",FLOAT16;FLOAT16;FLOAT16;FLOAT16;FLOAT16;FLOAT16,NCHW;NCHW;NCHW;NCHW;NCHW;NCHW,"""2,1,128""",FLOAT16,NCHW,N/A,0.0,0,0.0,0.0,0.0,0.0,0.0,0.0,0.0,0.0,0.0,0.0,0.0,3.154,5677,2.356,0.747,0.299,0.095,0.113,0.036,0.302,0.096,0.181,0.000
2,2,32,6,ConcatV2_2,ConcatV2D,static,AI_VECTOR_CORE,1784811014416437.130	,3.580,0.070000,1,0,NO,"""2,1,16;2,1,24;2,1,24;2,1,16;2,1,24;2,1,24""",FLOAT16;FLOAT16;FLOAT16;FLOAT16;FLOAT16;FLOAT16,NCHW;NCHW;NCHW;NCHW;NCHW;NCHW,"""2,1,128""",FLOAT16,NCHW,N/A,0.0,0,0.0,0.0,0.0,0.0,0.0,0.0,0.0,0.0,0.0,0.0,0.0,3.046,5482,2.356,0.773,0.287,0.094,0.109,0.036,0.302,0.099,0.169,0.000
2,2,33,6,ApplyRotaryPosEmb,ApplyRotaryPosEmb,static,AI_VECTOR_CORE,1784811014416440.730	,3.980,0.000000,2,0,NO,"""2,1,16,128;2,1,2,128;2,1,1,128;2,1,1,128""",FLOAT16;FLOAT16;FLOAT16;FLOAT16,NCHW;NCHW;NCHW;NCHW,"""2,1,16,128;2,1,2,128""",FLOAT16;FLOAT16,NCHW;NCHW,N/A,0.0,0,0.0,0.0,0.0,0.0,0.0,0.0,0.0,0.0,0.0,0.0,0.0,3.402,12248,0.156,0.046,2.189,0.643,0.249,0.073,0.141,0.041,0.151,0.000
2,2,34,6,Scatter,Scatter,static,AI_VECTOR_CORE,1784811014416444.730	,2.060,0.020000,4,0,NO,"""2,2,1024,128;2;2,2,1,128""",FLOAT16;INT64;FLOAT16,NCHW;NCHW;NCHW,"""2,2,1024,128""",FLOAT16,NCHW,N/A,0.0,0,0.0,0.0,0.0,0.0,0.0,0.0,0.0,0.0,0.0,0.0,0.0,1.398,10062,0.008,0.006,0.125,0.089,0.49,0.351,0.414,0.296,0.198,0.000
2,2,35,6,Greater,Greater,static,AI_VECTOR_CORE,1784811014416446.810	,6.300,0.000000,32,0,NO,"""1,1024;2,1""",INT64;INT64,NCHW;NCHW,"""2,1024""",BOOL,NCHW,N/A,0.0,0,0.0,0.0,0.0,0.0,0.0,0.0,0.0,0.0,0.0,0.0,0.0,3.844,221421,0.575,0.15,0.287,0.075,0.153,0.04,0.202,0.053,0.184,0.000
2,2,36,6,IncreFlashAttention,IncreFlashAttention,static,MIX_AIC,1784811014416454.210	,22.380,1.200000,4,8,NO,"""2,16,1,128;2,2,1024,128;2,2,1024,128;2,1,1,1024""",FLOAT16;FLOAT16;FLOAT16;BOOL,NCHW;NCHW;NCHW;NCHW,"""2,16,1,128""",FLOAT16,NCHW,0,21.78,156815,1.076,0.049,15.229,0.699,2.706,0.124,7.462,0.343,2.997,0.138,0.053,12.733,183349,0.72,0.057,3.058,0.24,0.242,0.019,0.463,0.036,0.133,16.220
2,2,37,6,MatMul_1,MatMul,static,AI_CORE,1784811014416477.370	,8.760,0.620000,22,0,NO,"""2,2048;1024,2048""",FLOAT16;FLOAT16,ND;ND,"""2,1024""",FLOAT16,ND,N/A,6.45,255427,0.974,0.151,0.459,0.071,1.294,0.201,3.449,0.535,0.178,0.028,0.039,0.0,0,0.0,0.0,0.0,0.0,0.0,0.0,0.0,0.0,0.0,67.496
2,2,38,6,InplaceAddRmsNorm,InplaceAddRmsNorm,static,AI_VECTOR_CORE,1784811014416486.150	,2.460,0.240000,2,0,NO,"""2,1,1024;2,1,1024;1024""",FLOAT16;FLOAT16;FLOAT16,ND;ND;ND,"""2,1,1024;2,1,1;2,1,1024""",FLOAT16;FLOAT;FLOAT16,ND;ND;ND,N/A,0.0,0,0.0,0.0,0.0,0.0,0.0,0.0,0.0,0.0,0.0,0.0,0.0,1.837,6614,0.282,0.154,0.732,0.398,0.568,0.309,0.375,0.204,0.224,0.000
2,2,39,6,MatMul_2,MatMul,static,AI_CORE,1784811014416488.650	,9.320,0.040000,24,0,NO,"""2,1024;3072,1024""",FLOAT16;FLOAT16,ND;ND,"""2,3072""",FLOAT16,ND,N/A,7.495,323791,0.538,0.072,0.151,0.02,1.316,0.176,4.553,0.608,0.145,0.019,0.205,0.0,0,0.0,0.0,0.0,0.0,0.0,0.0,0.0,0.0,0.0,80.420
2,2,40,6,MatMul_3,MatMul,static,AI_CORE,1784811014416497.990	,8.600,0.000000,24,0,NO,"""2,1024;3072,1024""",FLOAT16;FLOAT16,ND;ND,"""2,3072""",FLOAT16,ND,N/A,5.987,258639,0.538,0.09,0.498,0.083,1.306,0.218,4.621,0.772,0.151,0.025,0.0,0.0,0,0.0,0.0,0.0,0.0,0.0,0.0,0.0,0.0,0.0,69.616
2,2,41,6,SwishMul_3,AutomaticBufferFusionOp,static,AI_VECTOR_CORE,1784811014416506.610	,2.240,0.000000,6,0,NO,"""2,1,3072;2,1,3072""",FLOAT16;FLOAT16,ND;ND,"""2,1,3072""",FLOAT16,ND,N/A,0.0,0,0.0,0.0,0.0,0.0,0.0,0.0,0.0,0.0,0.0,0.0,0.0,1.172,12662,0.163,0.139,0.136,0.116,0.192,0.163,0.134,0.114,0.223,0.000
2,2,42,6,MatMul_4,MatMul,static,AI_CORE,1784811014416508.870	,10.280,0.010000,22,0,NO,"""2,3072;1024,3072""",FLOAT16;FLOAT16,ND;ND,"""2,1024""",FLOAT16,ND,N/A,8.241,326356,1.462,0.177,0.619,0.075,1.941,0.236,5.25,0.637,0.169,0.021,0.024,0.0,0,0.0,0.0,0.0,0.0,0.0,0.0,0.0,0.0,0.0,73.488
2,2,43,6,InplaceAddRmsNorm_1,InplaceAddRmsNorm,static,AI_VECTOR_CORE,1784811014416519.170	,2.640,0.220000,2,0,NO,"""2,1,1024;2,1,1024;1024""",FLOAT16;FLOAT16;FLOAT16,ND;ND;ND,"""2,1,1024;2,1,1;2,1,1024""",FLOAT16;FLOAT;FLOAT16,ND;ND;ND,N/A,0.0,0,0.0,0.0,0.0,0.0,0.0,0.0,0.0,0.0,0.0,0.0,0.0,1.994,7180,0.282,0.142,1.259,0.631,0.318,0.159,0.362,0.181,0.218,0.000
2,2,44,6,MatMul_5,MatMul,static,AI_CORE,1784811014416521.830	,7.840,0.000000,23,0,NO,"""2,1024;2560,1024""",FLOAT16;FLOAT16,ND;ND,"""2,2560""",FLOAT16,ND,N/A,5.687,235462,0.647,0.114,0.581,0.102,1.25,0.22,4.168,0.733,0.203,0.036,0.009,0.0,0,0.0,0.0,0.0,0.0,0.0,0.0,0.0,0.0,0.0,69.522
2,2,45,6,SplitV_3,SplitVD,static,AI_VECTOR_CORE,1784811014416529.690	,1.060,0.160000,1,0,NO,"""2,1,2560""",FLOAT16,ND,"""2,1,2048;2,1,256;2,1,256""",FLOAT16;FLOAT16;FLOAT16,ND;ND;ND,N/A,0.0,0,0.0,0.0,0.0,0.0,0.0,0.0,0.0,0.0,0.0,0.0,0.0,0.513,923,0.008,0.015,0.142,0.277,0.138,0.269,0.152,0.296,0.286,0.000
2,2,46,6,Scatter_3,Scatter,static,AI_VECTOR_CORE,1784811014416530.770	,1.440,0.000000,4,0,NO,"""2,2,1024,128;2;2,2,1,128""",FLOAT16;INT64;FLOAT16,NCHW;NCHW;NCHW,"""2,2,1024,128""",FLOAT16,NCHW,N/A,0.0,0,0.0,0.0,0.0,0.0,0.0,0.0,0.0,0.0,0.0,0.0,0.0,0.787,5663,0.008,0.01,0.139,0.177,0.106,0.135,0.215,0.274,0.218,0.000
2,2,47,6,ApplyRotaryPosEmb_1,ApplyRotaryPosEmb,static,AI_VECTOR_CORE,1784811014416532.230	,3.240,0.060000,2,0,NO,"""2,1,16,128;2,1,2,128;2,1,1,128;2,1,1,128""",FLOAT16;FLOAT16;FLOAT16;FLOAT16,NCHW;NCHW;NCHW;NCHW,"""2,1,16,128;2,1,2,128""",FLOAT16;FLOAT16,NCHW;NCHW,N/A,0.0,0,0.0,0.0,0.0,0.0,0.0,0.0,0.0,0.0,0.0,0.0,0.0,2.614,9411,0.162,0.062,2.014,0.77,0.15,0.057,0.158,0.06,0.158,0.000
2,2,48,6,Scatter_2,Scatter,static,AI_VECTOR_CORE,1784811014416535.490	,1.480,0.010000,4,0,NO,"""2,2,1024,128;2;2,2,1,128""",FLOAT16;INT64;FLOAT16,NCHW;NCHW;NCHW,"""2,2,1024,128""",FLOAT16,NCHW,N/A,0.0,0,0.0,0.0,0.0,0.0,0.0,0.0,0.0,0.0,0.0,0.0,0.0,0.796,5733,0.008,0.01,0.166,0.208,0.124,0.156,0.199,0.25,0.224,0.000
2,2,49,6,IncreFlashAttention_1,IncreFlashAttention,static,MIX_AIC,1784811014416538.090	,20.460,1.020000,4,8,NO,"""2,16,1,128;2,2,1024,128;2,2,1024,128;2,1,1,1024""",FLOAT16;FLOAT16;FLOAT16;BOOL,NCHW;NCHW;NCHW;NCHW,"""2,16,1,128""",FLOAT16,NCHW,0,18.067,130083,1.076,0.06,13.672,0.757,2.703,0.15,7.256,0.402,2.933,0.162,0.015,10.347,148998,0.718,0.069,2.568,0.248,0.197,0.019,0.471,0.045,0.135,14.717
2,2,50,6,MatMul_6,MatMul,static,AI_CORE,1784811014416559.390	,6.820,1.040000,22,0,NO,"""2,2048;1024,2048""",FLOAT16;FLOAT16,ND;ND,"""2,1024""",FLOAT16,ND,N/A,5.481,217059,0.974,0.178,1.24,0.226,1.287,0.235,3.659,0.668,0.178,0.032,0.002,0.0,0,0.0,0.0,0.0,0.0,0.0,0.0,0.0,0.0,0.0,73.673
2,2,51,6,InplaceAddRmsNorm_2,InplaceAddRmsNorm,static,AI_VECTOR_CORE,1784811014416566.230	,2.380,0.000000,2,0,NO,"""2,1,1024;2,1,1024;1024""",FLOAT16;FLOAT16;FLOAT16,ND;ND;ND,"""2,1,1024;2,1,1;2,1,1024""",FLOAT16;FLOAT;FLOAT16,ND;ND;ND,N/A,0.0,0,0.0,0.0,0.0,0.0,0.0,0.0,0.0,0.0,0.0,0.0,0.0,1.851,6662,0.282,0.153,0.881,0.476,0.534,0.288,0.386,0.208,0.221,0.000
2,2,52,6,MatMul_7,MatMul,static,AI_CORE,1784811014416568.630	,7.820,0.120000,24,0,NO,"""2,1024;3072,1024""",FLOAT16;FLOAT16,ND;ND,"""2,3072""",FLOAT16,ND,N/A,5.671,244981,0.538,0.095,0.491,0.087,1.313,0.232,4.312,0.76,0.15,0.026,0.01,0.0,0,0.0,0.0,0.0,0.0,0.0,0.0,0.0,0.0,0.0,72.517
2,2,53,6,MatMul_8,MatMul,static,AI_CORE,1784811014416576.470	,8.360,0.000000,24,0,NO,"""2,1024;3072,1024""",FLOAT16;FLOAT16,ND;ND,"""2,3072""",FLOAT16,ND,N/A,6.099,263458,0.538,0.088,0.494,0.081,1.305,0.214,4.742,0.778,0.149,0.024,0.0,0.0,0,0.0,0.0,0.0,0.0,0.0,0.0,0.0,0.0,0.0,72.949
2,2,54,6,Swish_1Mul_4,AutomaticBufferFusionOp,static,AI_VECTOR_CORE,1784811014416584.850	,1.920,0.000000,6,0,NO,"""2,1,3072;2,1,3072""",FLOAT16;FLOAT16,ND;ND,"""2,1,3072""",FLOAT16,ND,N/A,0.0,0,0.0,0.0,0.0,0.0,0.0,0.0,0.0,0.0,0.0,0.0,0.0,1.001,10814,0.163,0.163,0.12,0.12,0.143,0.143,0.124,0.124,0.202,0.000
2,2,55,6,MatMul_9,MatMul,static,AI_CORE,1784811014416586.790	,9.760,0.080000,22,0,NO,"""2,3072;1024,3072""",FLOAT16;FLOAT16,ND;ND,"""2,1024""",FLOAT16,ND,N/A,7.645,302754,1.462,0.191,0.877,0.115,1.928,0.252,6.184,0.809,0.192,0.025,0.002,0.0,0,0.0,0.0,0.0,0.0,0.0,0.0,0.0,0.0,0.0,71.805
2,2,56,6,InplaceAddRmsNorm_3,InplaceAddRmsNorm,static,AI_VECTOR_CORE,1784811014416596.570	,2.920,0.000000,2,0,NO,"""2,1,1024;2,1,1024;1024""",FLOAT16;FLOAT16;FLOAT16,ND;ND;ND,"""2,1,1024;2,1,1;2,1,1024""",FLOAT16;FLOAT;FLOAT16,ND;ND;ND,N/A,0.0,0,0.0,0.0,0.0,0.0,0.0,0.0,0.0,0.0,0.0,0.0,0.0,2.284,8222,0.282,0.124,1.274,0.558,0.546,0.239,0.376,0.165,0.207,0.000
2,2,57,6,MatMul_10,MatMul,static,AI_CORE,1784811014416599.510	,7.860,0.080000,23,0,NO,"""2,1024;2560,1024""",FLOAT16;FLOAT16,ND;ND,"""2,2560""",FLOAT16,ND,N/A,5.617,232555,0.646,0.115,0.599,0.107,1.252,0.223,4.056,0.722,0.223,0.04,0.008,0.0,0,0.0,0.0,0.0,0.0,0.0,0.0,0.0,0.0,0.0,68.489
2,2,58,6,SplitV_4,SplitVD,static,AI_VECTOR_CORE,1784811014416607.410	,1.140,0.140000,1,0,NO,"""2,1,2560""",FLOAT16,ND,"""2,1,2048;2,1,256;2,1,256""",FLOAT16;FLOAT16;FLOAT16,ND;ND;ND,N/A,0.0,0,0.0,0.0,0.0,0.0,0.0,0.0,0.0,0.0,0.0,0.0,0.0,0.602,1084,0.008,0.013,0.167,0.277,0.138,0.229,0.154,0.256,0.263,0.000
2,2,59,6,Scatter_5,Scatter,static,AI_VECTOR_CORE,1784811014416608.570	,1.620,0.000000,4,0,NO,"""2,2,1024,128;2;2,2,1,128""",FLOAT16;INT64;FLOAT16,NCHW;NCHW;NCHW,"""2,2,1024,128""",FLOAT16,NCHW,N/A,0.0,0,0.0,0.0,0.0,0.0,0.0,0.0,0.0,0.0,0.0,0.0,0.0,0.854,6151,0.008,0.009,0.151,0.177,0.118,0.138,0.269,0.315,0.203,0.000
2,2,60,6,ApplyRotaryPosEmb_2,ApplyRotaryPosEmb,static,AI_VECTOR_CORE,1784811014416610.210	,2.360,0.130000,2,0,NO,"""2,1,16,128;2,1,2,128;2,1,1,128;2,1,1,128""",FLOAT16;FLOAT16;FLOAT16;FLOAT16,NCHW;NCHW;NCHW;NCHW,"""2,1,16,128;2,1,2,128""",FLOAT16;FLOAT16,NCHW;NCHW,N/A,0.0,0,0.0,0.0,0.0,0.0,0.0,0.0,0.0,0.0,0.0,0.0,0.0,1.826,6574,0.158,0.086,1.189,0.651,0.127,0.07,0.133,0.073,0.15,0.000
2,2,61,6,Scatter_4,Scatter,static,AI_VECTOR_CORE,1784811014416612.590	,1.500,0.000000,4,0,NO,"""2,2,1024,128;2;2,2,1,128""",FLOAT16;INT64;FLOAT16,NCHW;NCHW;NCHW,"""2,2,1024,128""",FLOAT16,NCHW,N/A,0.0,0,0.0,0.0,0.0,0.0,0.0,0.0,0.0,0.0,0.0,0.0,0.0,0.768,5533,0.008,0.01,0.136,0.177,0.098,0.128,0.25,0.325,0.225,0.000
2,2,62,6,IncreFlashAttention_2,IncreFlashAttention,static,MIX_AIC,1784811014416615.350	,19.800,1.250000,4,8,NO,"""2,16,1,128;2,2,1024,128;2,2,1024,128;2,1,1,1024""",FLOAT16;FLOAT16;FLOAT16;BOOL,NCHW;NCHW;NCHW;NCHW,"""2,16,1,128""",FLOAT16,NCHW,0,17.857,128572,1.076,0.06,13.419,0.751,2.698,0.151,7.314,0.41,2.889,0.162,0.013,10.29,148183,0.718,0.07,2.583,0.251,0.192,0.019,0.452,0.044,0.134,15.031
2,2,63,6,MatMul_11,MatMul,static,AI_CORE,1784811014416636.030	,7.380,0.950000,22,0,NO,"""2,2048;1024,2048""",FLOAT16;FLOAT16,ND;ND,"""2,1024""",FLOAT16,ND,N/A,5.248,207810,0.974,0.186,0.737,0.14,1.303,0.248,3.93,0.749,0.177,0.034,0.002,0.0,0,0.0,0.0,0.0,0.0,0.0,0.0,0.0,0.0,0.0,65.182
2,2,64,6,InplaceAddRmsNorm_4,InplaceAddRmsNorm,static,AI_VECTOR_CORE,1784811014416643.450	,2.060,0.120000,2,0,NO,"""2,1,1024;2,1,1024;1024""",FLOAT16;FLOAT16;FLOAT16,ND;ND;ND,"""2,1,1024;2,1,1;2,1,1024""",FLOAT16;FLOAT;FLOAT16,ND;ND;ND,N/A,0.0,0,0.0,0.0,0.0,0.0,0.0,0.0,0.0,0.0,0.0,0.0,0.0,1.436,5170,0.282,0.197,0.733,0.51,0.308,0.214,0.364,0.254,0.222,0.000
2,2,65,6,MatMul_12,MatMul,static,AI_CORE,1784811014416645.550	,8.460,0.000000,24,0,NO,"""2,1024;3072,1024""",FLOAT16;FLOAT16,ND;ND,"""2,3072""",FLOAT16,ND,N/A,6.019,260007,0.538,0.089,0.525,0.087,1.309,0.217,4.63,0.769,0.14,0.023,0.01,0.0,0,0.0,0.0,0.0,0.0,0.0,0.0,0.0,0.0,0.0,71.143
2,2,66,6,MatMul_13,MatMul,static,AI_CORE,1784811014416654.030	,8.560,0.040000,24,0,NO,"""2,1024;3072,1024""",FLOAT16;FLOAT16,ND;ND,"""2,3072""",FLOAT16,ND,N/A,6.71,289891,0.538,0.08,1.013,0.151,1.303,0.194,4.839,0.721,0.15,0.022,0.0,0.0,0,0.0,0.0,0.0,0.0,0.0,0.0,0.0,0.0,0.0,78.393
2,2,67,6,Swish_2Mul_5,AutomaticBufferFusionOp,static,AI_VECTOR_CORE,1784811014416662.630	,1.900,0.190000,6,0,NO,"""2,1,3072;2,1,3072""",FLOAT16;FLOAT16,ND;ND,"""2,1,3072""",FLOAT16,ND,N/A,0.0,0,0.0,0.0,0.0,0.0,0.0,0.0,0.0,0.0,0.0,0.0,0.0,0.973,10510,0.163,0.168,0.138,0.142,0.156,0.16,0.136,0.14,0.221,0.000
2,2,68,6,MatMul_14,MatMul,static,AI_CORE,1784811014416664.550	,9.960,0.000000,22,0,NO,"""2,3072;1024,3072""",FLOAT16;FLOAT16,ND;ND,"""2,1024""",FLOAT16,ND,N/A,7.518,297723,1.463,0.195,0.882,0.117,1.925,0.256,6.079,0.809,0.171,0.023,0.002,0.0,0,0.0,0.0,0.0,0.0,0.0,0.0,0.0,0.0,0.0,69.194
2,2,69,6,InplaceAddRmsNorm_5,InplaceAddRmsNorm,static,AI_VECTOR_CORE,1784811014416674.530	,2.580,0.040000,2,0,NO,"""2,1,1024;2,1,1024;1024""",FLOAT16;FLOAT16;FLOAT16,ND;ND;ND,"""2,1,1024;2,1,1;2,1,1024""",FLOAT16;FLOAT;FLOAT16,ND;ND;ND,N/A,0.0,0,0.0,0.0,0.0,0.0,0.0,0.0,0.0,0.0,0.0,0.0,0.0,1.616,5817,0.282,0.175,0.867,0.537,0.358,0.222,0.4,0.248,0.227,0.000
2,2,70,6,MatMul_15,MatMul,static,AI_CORE,1784811014416677.130	,7.700,0.170000,23,0,NO,"""2,1024;2560,1024""",FLOAT16;FLOAT16,ND;ND,"""2,2560""",FLOAT16,ND,N/A,5.344,221237,0.644,0.121,0.54,0.101,1.251,0.234,3.897,0.729,0.198,0.037,0.005,0.0,0,0.0,0.0,0.0,0.0,0.0,0.0,0.0,0.0,0.0,66.509
2,2,71,6,SplitV_5,SplitVD,static,AI_VECTOR_CORE,1784811014416684.850	,1.120,0.000000,1,0,NO,"""2,1,2560""",FLOAT16,ND,"""2,1,2048;2,1,256;2,1,256""",FLOAT16;FLOAT16;FLOAT16,ND;ND;ND,N/A,0.0,0,0.0,0.0,0.0,0.0,0.0,0.0,0.0,0.0,0.0,0.0,0.0,0.59,1062,0.008,0.013,0.159,0.27,0.141,0.238,0.157,0.266,0.263,0.000
2,2,72,6,Scatter_7,Scatter,static,AI_VECTOR_CORE,1784811014416686.010	,1.300,0.130000,4,0,NO,"""2,2,1024,128;2;2,2,1,128""",FLOAT16;INT64;FLOAT16,NCHW;NCHW;NCHW,"""2,2,1024,128""",FLOAT16,NCHW,N/A,0.0,0,0.0,0.0,0.0,0.0,0.0,0.0,0.0,0.0,0.0,0.0,0.0,0.653,4698,0.008,0.012,0.155,0.237,0.112,0.171,0.23,0.352,0.096,0.000
2,2,73,6,ApplyRotaryPosEmb_3,ApplyRotaryPosEmb,static,AI_VECTOR_CORE,1784811014416687.330	,2.560,0.000000,2,0,NO,"""2,1,16,128;2,1,2,128;2,1,1,128;2,1,1,128""",FLOAT16;FLOAT16;FLOAT16;FLOAT16,NCHW;NCHW;NCHW;NCHW,"""2,1,16,128;2,1,2,128""",FLOAT16;FLOAT16,NCHW;NCHW,N/A,0.0,0,0.0,0.0,0.0,0.0,0.0,0.0,0.0,0.0,0.0,0.0,0.0,1.755,6319,0.159,0.091,1.214,0.692,0.152,0.087,0.158,0.09,0.157,0.000
2,2,74,6,Scatter_6,Scatter,static,AI_VECTOR_CORE,1784811014416689.910	,1.400,0.190000,4,0,NO,"""2,2,1024,128;2;2,2,1,128""",FLOAT16;INT64;FLOAT16,NCHW;NCHW;NCHW,"""2,2,1024,128""",FLOAT16,NCHW,N/A,0.0,0,0.0,0.0,0.0,0.0,0.0,0.0,0.0,0.0,0.0,0.0,0.0,0.778,5604,0.008,0.01,0.124,0.159,0.117,0.15,0.243,0.312,0.22,0.000
2,2,75,6,IncreFlashAttention_3,IncreFlashAttention,static,MIX_AIC,1784811014416692.550	,20.000,1.100000,4,8,NO,"""2,16,1,128;2,2,1024,128;2,2,1024,128;2,1,1,1024""",FLOAT16;FLOAT16;FLOAT16;BOOL,NCHW;NCHW;NCHW;NCHW,"""2,16,1,128""",FLOAT16,NCHW,0,17.905,128913,1.076,0.06,13.53,0.756,2.7,0.151,7.127,0.398,2.973,0.166,0.014,10.315,148531,0.717,0.07,2.778,0.269,0.196,0.019,0.45,0.044,0.133,14.920
2,2,76,6,MatMul_16,MatMul,static,AI_CORE,1784811014416713.830	,7.760,1.250000,22,0,NO,"""2,2048;1024,2048""",FLOAT16;FLOAT16,ND;ND,"""2,1024""",FLOAT16,ND,N/A,5.435,215232,0.975,0.179,0.652,0.12,1.293,0.238,4.204,0.774,0.171,0.032,0.0,0.0,0,0.0,0.0,0.0,0.0,0.0,0.0,0.0,0.0,0.0,64.204
2,2,77,6,InplaceAddRmsNorm_6,InplaceAddRmsNorm,static,AI_VECTOR_CORE,1784811014416721.610	,2.120,0.000000,2,0,NO,"""2,1,1024;2,1,1024;1024""",FLOAT16;FLOAT16;FLOAT16,ND;ND;ND,"""2,1,1024;2,1,1;2,1,1024""",FLOAT16;FLOAT;FLOAT16,ND;ND;ND,N/A,0.0,0,0.0,0.0,0.0,0.0,0.0,0.0,0.0,0.0,0.0,0.0,0.0,1.464,5270,0.282,0.193,0.586,0.4,0.515,0.352,0.388,0.265,0.219,0.000
2,2,78,6,MatMul_17,MatMul,static,AI_CORE,1784811014416723.750	,7.760,0.130000,24,0,NO,"""2,1024;3072,1024""",FLOAT16;FLOAT16,ND;ND,"""2,3072""",FLOAT16,ND,N/A,5.668,244862,0.538,0.095,0.442,0.078,1.308,0.231,4.349,0.767,0.153,0.027,0.01,0.0,0,0.0,0.0,0.0,0.0,0.0,0.0,0.0,0.0,0.0,73.043
2,2,79,6,MatMul_18,MatMul,static,AI_CORE,1784811014416731.530	,7.960,0.000000,24,0,NO,"""2,1024;3072,1024""",FLOAT16;FLOAT16,ND;ND,"""2,3072""",FLOAT16,ND,N/A,6.181,267003,0.538,0.087,0.926,0.15,1.323,0.214,4.402,0.712,0.152,0.025,0.0,0.0,0,0.0,0.0,0.0,0.0,0.0,0.0,0.0,0.0,0.0,77.646
2,2,80,6,Swish_3Mul_6,AutomaticBufferFusionOp,static,AI_VECTOR_CORE,1784811014416739.510	,1.840,0.040000,6,0,NO,"""2,1,3072;2,1,3072""",FLOAT16;FLOAT16,ND;ND,"""2,1,3072""",FLOAT16,ND,N/A,0.0,0,0.0,0.0,0.0,0.0,0.0,0.0,0.0,0.0,0.0,0.0,0.0,1.033,11158,0.163,0.158,0.124,0.12,0.143,0.138,0.13,0.125,0.185,0.000
2,2,81,6,MatMul_19,MatMul,static,AI_CORE,1784811014416741.370	,9.900,0.000000,22,0,NO,"""2,3072;1024,3072""",FLOAT16;FLOAT16,ND;ND,"""2,1024""",FLOAT16,ND,N/A,7.394,292818,1.462,0.198,0.815,0.11,1.93,0.261,5.981,0.809,0.218,0.03,0.002,0.0,0,0.0,0.0,0.0,0.0,0.0,0.0,0.0,0.0,0.0,68.467
2,2,82,6,InplaceAddRmsNorm_7,InplaceAddRmsNorm,static,AI_VECTOR_CORE,1784811014416751.290	,1.580,0.100000,2,0,NO,"""2,1,1024;2,1,1024;1024""",FLOAT16;FLOAT16;FLOAT16,ND;ND;ND,"""2,1,1024;2,1,1;2,1,1024""",FLOAT16;FLOAT;FLOAT16,ND;ND;ND,N/A,0.0,0,0.0,0.0,0.0,0.0,0.0,0.0,0.0,0.0,0.0,0.0,0.0,1.004,3613,0.282,0.281,0.454,0.452,0.333,0.332,0.361,0.359,0.119,0.000
2,2,83,6,MatMul_20,MatMul,static,AI_CORE,1784811014416752.890	,7.520,0.170000,23,0,NO,"""2,1024;2560,1024""",FLOAT16;FLOAT16,ND;ND,"""2,2560""",FLOAT16,ND,N/A,5.592,231521,0.644,0.115,0.52,0.093,1.25,0.224,4.13,0.739,0.212,0.038,0.006,0.0,0,0.0,0.0,0.0,0.0,0.0,0.0,0.0,0.0,0.0,71.267
2,2,84,6,SplitV_6,SplitVD,static,AI_VECTOR_CORE,1784811014416760.430	,1.080,0.000000,1,0,NO,"""2,1,2560""",FLOAT16,ND,"""2,1,2048;2,1,256;2,1,256""",FLOAT16;FLOAT16;FLOAT16,ND;ND;ND,N/A,0.0,0,0.0,0.0,0.0,0.0,0.0,0.0,0.0,0.0,0.0,0.0,0.0,0.549,989,0.008,0.014,0.11,0.2,0.152,0.277,0.154,0.28,0.286,0.000
2,2,85,6,Scatter_9,Scatter,static,AI_VECTOR_CORE,1784811014416761.530	,1.340,0.000000,4,0,NO,"""2,2,1024,128;2;2,2,1,128""",FLOAT16;INT64;FLOAT16,NCHW;NCHW;NCHW,"""2,2,1024,128""",FLOAT16,NCHW,N/A,0.0,0,0.0,0.0,0.0,0.0,0.0,0.0,0.0,0.0,0.0,0.0,0.0,0.693,4990,0.008,0.011,0.149,0.215,0.114,0.164,0.324,0.467,0.121,0.000
2,2,86,6,ApplyRotaryPosEmb_4,ApplyRotaryPosEmb,static,AI_VECTOR_CORE,1784811014416762.910	,2.360,0.160000,2,0,NO,"""2,1,16,128;2,1,2,128;2,1,1,128;2,1,1,128""",FLOAT16;FLOAT16;FLOAT16;FLOAT16,NCHW;NCHW;NCHW;NCHW,"""2,1,16,128;2,1,2,128""",FLOAT16;FLOAT16,NCHW;NCHW,N/A,0.0,0,0.0,0.0,0.0,0.0,0.0,0.0,0.0,0.0,0.0,0.0,0.0,1.688,6076,0.161,0.095,1.171,0.694,0.138,0.081,0.137,0.081,0.154,0.000
2,2,87,6,Scatter_8,Scatter,static,AI_VECTOR_CORE,1784811014416765.290	,1.400,0.000000,4,0,NO,"""2,2,1024,128;2;2,2,1,128""",FLOAT16;INT64;FLOAT16,NCHW;NCHW;NCHW,"""2,2,1024,128""",FLOAT16,NCHW,N/A,0.0,0,0.0,0.0,0.0,0.0,0.0,0.0,0.0,0.0,0.0,0.0,0.0,0.753,5419,0.008,0.01,0.136,0.18,0.108,0.143,0.318,0.422,0.181,0.000
2,2,88,6,IncreFlashAttention_4,IncreFlashAttention,static,MIX_AIC,1784811014416767.990	,19.980,1.350000,4,8,NO,"""2,16,1,128;2,2,1024,128;2,2,1024,128;2,1,1,1024""",FLOAT16;FLOAT16;FLOAT16;BOOL,NCHW;NCHW;NCHW;NCHW,"""2,16,1,128""",FLOAT16,NCHW,0,18.091,130252,1.076,0.059,13.366,0.739,2.699,0.149,7.48,0.413,2.926,0.162,0.014,10.37,149328,0.719,0.069,2.567,0.248,0.191,0.018,0.466,0.045,0.136,15.091
2,2,89,6,MatMul_21,MatMul,static,AI_CORE,1784811014416788.690	,7.560,0.770000,22,0,NO,"""2,2048;1024,2048""",FLOAT16;FLOAT16,ND;ND,"""2,1024""",FLOAT16,ND,N/A,5.538,219290,0.975,0.176,0.668,0.121,1.308,0.236,4.289,0.775,0.179,0.032,0.0,0.0,0,0.0,0.0,0.0,0.0,0.0,0.0,0.0,0.0,0.0,67.145
2,2,90,6,InplaceAddRmsNorm_8,InplaceAddRmsNorm,static,AI_VECTOR_CORE,1784811014416796.270	,2.140,0.000000,2,0,NO,"""2,1,1024;2,1,1024;1024""",FLOAT16;FLOAT16;FLOAT16,ND;ND;ND,"""2,1,1024;2,1,1;2,1,1024""",FLOAT16;FLOAT;FLOAT16,ND;ND;ND,N/A,0.0,0,0.0,0.0,0.0,0.0,0.0,0.0,0.0,0.0,0.0,0.0,0.0,1.468,5285,0.282,0.192,0.609,0.415,0.471,0.321,0.393,0.268,0.214,0.000
2,2,91,6,MatMul_22,MatMul,static,AI_CORE,1784811014416798.430	,8.460,0.110000,24,0,NO,"""2,1024;3072,1024""",FLOAT16;FLOAT16,ND;ND,"""2,3072""",FLOAT16,ND,N/A,6.038,260849,0.538,0.089,0.46,0.076,1.311,0.217,4.721,0.782,0.142,0.023,0.01,0.0,0,0.0,0.0,0.0,0.0,0.0,0.0,0.0,0.0,0.0,71.373
2,2,92,6,MatMul_23,MatMul,static,AI_CORE,1784811014416806.930	,8.400,0.040000,24,0,NO,"""2,1024;3072,1024""",FLOAT16;FLOAT16,ND;ND,"""2,3072""",FLOAT16,ND,N/A,6.16,266120,0.538,0.087,0.463,0.075,1.311,0.213,4.828,0.784,0.148,0.024,0.0,0.0,0,0.0,0.0,0.0,0.0,0.0,0.0,0.0,0.0,0.0,73.336
2,2,93,6,Swish_4Mul_7,AutomaticBufferFusionOp,static,AI_VECTOR_CORE,1784811014416815.370	,1.960,0.000000,6,0,NO,"""2,1,3072;2,1,3072""",FLOAT16;FLOAT16,ND;ND,"""2,1,3072""",FLOAT16,ND,N/A,0.0,0,0.0,0.0,0.0,0.0,0.0,0.0,0.0,0.0,0.0,0.0,0.0,0.985,10637,0.163,0.166,0.18,0.182,0.174,0.177,0.142,0.145,0.206,0.000
2,2,94,6,MatMul_24,MatMul,static,AI_CORE,1784811014416817.350	,10.060,0.040000,22,0,NO,"""2,3072;1024,3072""",FLOAT16;FLOAT16,ND;ND,"""2,1024""",FLOAT16,ND,N/A,7.661,303395,1.461,0.191,0.824,0.108,1.939,0.253,6.273,0.819,0.173,0.023,0.002,0.0,0,0.0,0.0,0.0,0.0,0.0,0.0,0.0,0.0,0.0,69.811
2,2,95,6,InplaceAddRmsNorm_9,InplaceAddRmsNorm,static,AI_VECTOR_CORE,1784811014416827.430	,1.820,0.190000,2,0,NO,"""2,1,1024;2,1,1024;1024""",FLOAT16;FLOAT16;FLOAT16,ND;ND;ND,"""2,1,1024;2,1,1;2,1,1024""",FLOAT16;FLOAT;FLOAT16,ND;ND;ND,N/A,0.0,0,0.0,0.0,0.0,0.0,0.0,0.0,0.0,0.0,0.0,0.0,0.0,1.185,4267,0.282,0.238,0.507,0.428,0.419,0.354,0.393,0.331,0.124,0.000
2,2,96,6,MatMul_25,MatMul,static,AI_CORE,1784811014416829.270	,8.640,0.000000,23,0,NO,"""2,1024;2560,1024""",FLOAT16;FLOAT16,ND;ND,"""2,2560""",FLOAT16,ND,N/A,6.053,250605,0.641,0.106,0.95,0.157,1.255,0.207,4.185,0.691,0.199,0.033,0.007,0.0,0,0.0,0.0,0.0,0.0,0.0,0.0,0.0,0.0,0.0,67.142
2,2,97,6,SplitV_7,SplitVD,static,AI_VECTOR_CORE,1784811014416837.930	,1.040,0.110000,1,0,NO,"""2,1,2560""",FLOAT16,ND,"""2,1,2048;2,1,256;2,1,256""",FLOAT16;FLOAT16;FLOAT16,ND;ND;ND,N/A,0.0,0,0.0,0.0,0.0,0.0,0.0,0.0,0.0,0.0,0.0,0.0,0.0,0.557,1003,0.008,0.014,0.114,0.205,0.138,0.247,0.157,0.281,0.286,0.000
2,2,98,6,Scatter_11,Scatter,static,AI_VECTOR_CORE,1784811014416838.990	,1.480,0.000000,4,0,NO,"""2,2,1024,128;2;2,2,1,128""",FLOAT16;INT64;FLOAT16,NCHW;NCHW;NCHW,"""2,2,1024,128""",FLOAT16,NCHW,N/A,0.0,0,0.0,0.0,0.0,0.0,0.0,0.0,0.0,0.0,0.0,0.0,0.0,0.772,5557,0.008,0.01,0.13,0.168,0.115,0.149,0.198,0.257,0.183,0.000
2,2,99,6,ApplyRotaryPosEmb_5,ApplyRotaryPosEmb,static,AI_VECTOR_CORE,1784811014416840.490	,2.440,0.020000,2,0,NO,"""2,1,16,128;2,1,2,128;2,1,1,128;2,1,1,128""",FLOAT16;FLOAT16;FLOAT16;FLOAT16,NCHW;NCHW;NCHW;NCHW,"""2,1,16,128;2,1,2,128""",FLOAT16;FLOAT16,NCHW;NCHW,N/A,0.0,0,0.0,0.0,0.0,0.0,0.0,0.0,0.0,0.0,0.0,0.0,0.0,1.759,6334,0.153,0.087,1.214,0.69,0.133,0.075,0.132,0.075,0.152,0.000
2,2,100,6,Scatter_10,Scatter,static,AI_VECTOR_CORE,1784811014416842.950	,1.340,0.060000,4,0,NO,"""2,2,1024,128;2;2,2,1,128""",FLOAT16;INT64;FLOAT16,NCHW;NCHW;NCHW,"""2,2,1024,128""",FLOAT16,NCHW,N/A,0.0,0,0.0,0.0,0.0,0.0,0.0,0.0,0.0,0.0,0.0,0.0,0.0,0.664,4783,0.008,0.012,0.12,0.18,0.096,0.144,0.203,0.306,0.163,0.000
2,2,101,6,IncreFlashAttention_5,IncreFlashAttention,static,MIX_AIC,1784811014416845.210	,18.660,0.910000,4,8,NO,"""2,16,1,128;2,2,1024,128;2,2,1024,128;2,1,1,1024""",FLOAT16;FLOAT16;FLOAT16;BOOL,NCHW;NCHW;NCHW;NCHW,"""2,16,1,128""",FLOAT16,NCHW,0,17.155,123519,1.076,0.063,13.054,0.761,2.7,0.157,7.323,0.427,2.958,0.172,0.013,9.625,138602,0.72,0.075,2.269,0.236,0.195,0.02,0.45,0.047,0.051,15.323
2,2,102,6,MatMul_26,MatMul,static,AI_CORE,1784811014416864.710	,7.580,0.840000,22,0,NO,"""2,2048;1024,2048""",FLOAT16;FLOAT16,ND;ND,"""2,1024""",FLOAT16,ND,N/A,5.346,211685,0.974,0.182,0.681,0.127,1.304,0.244,4.089,0.765,0.169,0.032,0.0,0.0,0,0.0,0.0,0.0,0.0,0.0,0.0,0.0,0.0,0.0,64.645
2,2,103,6,InplaceAddRmsNorm_10,InplaceAddRmsNorm,static,AI_VECTOR_CORE,1784811014416872.310	,1.560,0.000000,2,0,NO,"""2,1,1024;2,1,1024;1024""",FLOAT16;FLOAT16;FLOAT16,ND;ND;ND,"""2,1,1024;2,1,1;2,1,1024""",FLOAT16;FLOAT;FLOAT16,ND;ND;ND,N/A,0.0,0,0.0,0.0,0.0,0.0,0.0,0.0,0.0,0.0,0.0,0.0,0.0,0.973,3504,0.282,0.29,0.418,0.43,0.312,0.321,0.37,0.38,0.115,0.000
2,2,104,6,MatMul_27,MatMul,static,AI_CORE,1784811014416873.890	,8.500,0.190000,24,0,NO,"""2,1024;3072,1024""",FLOAT16;FLOAT16,ND;ND,"""2,3072""",FLOAT16,ND,N/A,6.64,286852,0.538,0.081,0.517,0.078,1.295,0.195,5.304,0.799,0.151,0.023,0.01,0.0,0,0.0,0.0,0.0,0.0,0.0,0.0,0.0,0.0,0.0,78.119
2,2,105,6,MatMul_28,MatMul,static,AI_CORE,1784811014416882.410	,8.120,0.000000,24,0,NO,"""2,1024;3072,1024""",FLOAT16;FLOAT16,ND;ND,"""2,3072""",FLOAT16,ND,N/A,6.03,260486,0.538,0.089,0.636,0.106,1.313,0.218,4.531,0.751,0.145,0.024,0.0,0.0,0,0.0,0.0,0.0,0.0,0.0,0.0,0.0,0.0,0.0,74.258
2,2,106,6,Swish_5Mul_8,AutomaticBufferFusionOp,static,AI_VECTOR_CORE,1784811014416890.570	,1.500,0.000000,6,0,NO,"""2,1,3072;2,1,3072""",FLOAT16;FLOAT16,ND;ND,"""2,1,3072""",FLOAT16,ND,N/A,0.0,0,0.0,0.0,0.0,0.0,0.0,0.0,0.0,0.0,0.0,0.0,0.0,0.793,8564,0.163,0.205,0.195,0.245,0.136,0.171,0.13,0.164,0.1,0.000
2,2,107,6,MatMul_29,MatMul,static,AI_CORE,1784811014416892.090	,9.860,0.000000,22,0,NO,"""2,3072;1024,3072""",FLOAT16;FLOAT16,ND;ND,"""2,1024""",FLOAT16,ND,N/A,7.411,293464,1.46,0.197,0.884,0.119,1.927,0.26,5.968,0.805,0.167,0.023,0.002,0.0,0,0.0,0.0,0.0,0.0,0.0,0.0,0.0,0.0,0.0,68.896
2,2,108,6,InplaceAddRmsNorm_11,InplaceAddRmsNorm,static,AI_VECTOR_CORE,1784811014416901.970	,1.600,0.140000,2,0,NO,"""2,1,1024;2,1,1024;1024""",FLOAT16;FLOAT16;FLOAT16,ND;ND;ND,"""2,1,1024;2,1,1;2,1,1024""",FLOAT16;FLOAT;FLOAT16,ND;ND;ND,N/A,0.0,0,0.0,0.0,0.0,0.0,0.0,0.0,0.0,0.0,0.0,0.0,0.0,0.994,3577,0.282,0.284,0.475,0.478,0.308,0.31,0.359,0.361,0.0,0.000
2,2,109,6,MatMul_30,MatMul,static,AI_CORE,1784811014416903.590	,7.700,0.000000,23,0,NO,"""2,1024;2560,1024""",FLOAT16;FLOAT16,ND;ND,"""2,2560""",FLOAT16,ND,N/A,5.945,246134,0.64,0.108,1.064,0.179,1.24,0.209,3.943,0.663,0.196,0.033,0.008,0.0,0,0.0,0.0,0.0,0.0,0.0,0.0,0.0,0.0,0.0,73.994
2,2,110,6,SplitV_8,SplitVD,static,AI_VECTOR_CORE,1784811014416911.310	,1.160,0.050000,1,0,NO,"""2,1,2560""",FLOAT16,ND,"""2,1,2048;2,1,256;2,1,256""",FLOAT16;FLOAT16;FLOAT16,ND;ND;ND,N/A,0.0,0,0.0,0.0,0.0,0.0,0.0,0.0,0.0,0.0,0.0,0.0,0.0,0.628,1130,0.008,0.012,0.118,0.188,0.136,0.216,0.151,0.24,0.286,0.000
2,2,111,6,Scatter_13,Scatter,static,AI_VECTOR_CORE,1784811014416912.490	,1.680,0.090000,4,0,NO,"""2,2,1024,128;2;2,2,1,128""",FLOAT16;INT64;FLOAT16,NCHW;NCHW;NCHW,"""2,2,1024,128""",FLOAT16,NCHW,N/A,0.0,0,0.0,0.0,0.0,0.0,0.0,0.0,0.0,0.0,0.0,0.0,0.0,0.814,5862,0.008,0.01,0.191,0.235,0.11,0.135,0.312,0.384,0.135,0.000
2,2,112,6,ApplyRotaryPosEmb_6,ApplyRotaryPosEmb,static,AI_VECTOR_CORE,1784811014416914.190	,2.160,0.070000,2,0,NO,"""2,1,16,128;2,1,2,128;2,1,1,128;2,1,1,128""",FLOAT16;FLOAT16;FLOAT16;FLOAT16,NCHW;NCHW;NCHW;NCHW,"""2,1,16,128;2,1,2,128""",FLOAT16;FLOAT16,NCHW;NCHW,N/A,0.0,0,0.0,0.0,0.0,0.0,0.0,0.0,0.0,0.0,0.0,0.0,0.0,1.431,5152,0.154,0.108,1.076,0.752,0.178,0.124,0.149,0.104,0.079,0.000
2,2,113,6,Scatter_12,Scatter,static,AI_VECTOR_CORE,1784811014416916.370	,1.360,0.000000,4,0,NO,"""2,2,1024,128;2;2,2,1,128""",FLOAT16;INT64;FLOAT16,NCHW;NCHW;NCHW,"""2,2,1024,128""",FLOAT16,NCHW,N/A,0.0,0,0.0,0.0,0.0,0.0,0.0,0.0,0.0,0.0,0.0,0.0,0.0,0.675,4858,0.008,0.012,0.158,0.234,0.121,0.179,0.344,0.51,0.0,0.000
2,2,114,6,IncreFlashAttention_6,IncreFlashAttention,static,MIX_AIC,1784811014416918.890	,19.560,1.390000,4,8,NO,"""2,16,1,128;2,2,1024,128;2,2,1024,128;2,1,1,1024""",FLOAT16;FLOAT16;FLOAT16;BOOL,NCHW;NCHW;NCHW;NCHW,"""2,16,1,128""",FLOAT16,NCHW,0,16.801,120967,1.076,0.064,12.95,0.771,2.699,0.161,7.096,0.422,2.86,0.17,0.014,9.318,134176,0.72,0.077,1.955,0.21,0.213,0.023,0.468,0.05,0.041,14.316
2,2,115,6,MatMul_31,MatMul,static,AI_CORE,1784811014416939.590	,6.280,0.940000,22,0,NO,"""2,2048;1024,2048""",FLOAT16;FLOAT16,ND;ND,"""2,1024""",FLOAT16,ND,N/A,4.924,194999,0.975,0.198,0.848,0.172,1.309,0.266,3.497,0.71,0.18,0.037,0.0,0.0,0,0.0,0.0,0.0,0.0,0.0,0.0,0.0,0.0,0.0,71.877
2,2,116,6,InplaceAddRmsNorm_12,InplaceAddRmsNorm,static,AI_VECTOR_CORE,1784811014416945.910	,1.820,0.220000,2,0,NO,"""2,1,1024;2,1,1024;1024""",FLOAT16;FLOAT16;FLOAT16,ND;ND;ND,"""2,1,1024;2,1,1;2,1,1024""",FLOAT16;FLOAT;FLOAT16,ND;ND;ND,N/A,0.0,0,0.0,0.0,0.0,0.0,0.0,0.0,0.0,0.0,0.0,0.0,0.0,1.152,4146,0.282,0.245,0.483,0.42,0.408,0.355,0.378,0.329,0.116,0.000
2,2,117,6,MatMul_32,MatMul,static,AI_CORE,1784811014416947.750	,8.440,0.000000,24,0,NO,"""2,1024;3072,1024""",FLOAT16;FLOAT16,ND;ND,"""2,3072""",FLOAT16,ND,N/A,6.475,279737,0.538,0.083,1.036,0.16,1.318,0.204,4.573,0.706,0.141,0.022,0.01,0.0,0,0.0,0.0,0.0,0.0,0.0,0.0,0.0,0.0,0.0,76.723
2,2,118,6,MatMul_33,MatMul,static,AI_CORE,1784811014416956.210	,8.780,0.060000,24,0,NO,"""2,1024;3072,1024""",FLOAT16;FLOAT16,ND;ND,"""2,3072""",FLOAT16,ND,N/A,6.062,261889,0.538,0.089,0.498,0.082,1.31,0.216,4.699,0.775,0.146,0.024,0.0,0.0,0,0.0,0.0,0.0,0.0,0.0,0.0,0.0,0.0,0.0,69.046
2,2,119,6,Swish_6Mul_9,AutomaticBufferFusionOp,static,AI_VECTOR_CORE,1784811014416965.010	,1.360,0.000000,6,0,NO,"""2,1,3072;2,1,3072""",FLOAT16;FLOAT16,ND;ND,"""2,1,3072""",FLOAT16,ND,N/A,0.0,0,0.0,0.0,0.0,0.0,0.0,0.0,0.0,0.0,0.0,0.0,0.0,0.638,6886,0.163,0.256,0.147,0.23,0.139,0.218,0.141,0.222,0.045,0.000
2,2,120,6,MatMul_34,MatMul,static,AI_CORE,1784811014416966.390	,9.420,0.140000,22,0,NO,"""2,3072;1024,3072""",FLOAT16;FLOAT16,ND;ND,"""2,1024""",FLOAT16,ND,N/A,7.565,299576,1.463,0.193,0.885,0.117,1.928,0.255,6.08,0.804,0.203,0.027,0.002,0.0,0,0.0,0.0,0.0,0.0,0.0,0.0,0.0,0.0,0.0,73.616
2,2,121,6,InplaceAddRmsNorm_13,InplaceAddRmsNorm,static,AI_VECTOR_CORE,1784811014416975.830	,1.620,0.000000,2,0,NO,"""2,1,1024;2,1,1024;1024""",FLOAT16;FLOAT16;FLOAT16,ND;ND;ND,"""2,1,1024;2,1,1;2,1,1024""",FLOAT16;FLOAT;FLOAT16,ND;ND;ND,N/A,0.0,0,0.0,0.0,0.0,0.0,0.0,0.0,0.0,0.0,0.0,0.0,0.0,1.014,3649,0.282,0.278,0.467,0.461,0.366,0.361,0.382,0.377,0.0,0.000
2,2,122,6,MatMul_35,MatMul,static,AI_CORE,1784811014416977.470	,7.660,0.130000,23,0,NO,"""2,1024;2560,1024""",FLOAT16;FLOAT16,ND;ND,"""2,2560""",FLOAT16,ND,N/A,5.482,226965,0.644,0.117,0.587,0.107,1.252,0.228,3.974,0.725,0.193,0.035,0.007,0.0,0,0.0,0.0,0.0,0.0,0.0,0.0,0.0,0.0,0.0,68.588
2,2,123,6,SplitV_9,SplitVD,static,AI_VECTOR_CORE,1784811014416985.150	,1.120,0.090000,1,0,NO,"""2,1,2560""",FLOAT16,ND,"""2,1,2048;2,1,256;2,1,256""",FLOAT16;FLOAT16;FLOAT16,ND;ND;ND,N/A,0.0,0,0.0,0.0,0.0,0.0,0.0,0.0,0.0,0.0,0.0,0.0,0.0,0.58,1044,0.008,0.013,0.136,0.235,0.137,0.236,0.161,0.278,0.286,0.000
2,2,124,6,Scatter_15,Scatter,static,AI_VECTOR_CORE,1784811014416986.290	,1.240,0.000000,4,0,NO,"""2,2,1024,128;2;2,2,1,128""",FLOAT16;INT64;FLOAT16,NCHW;NCHW;NCHW,"""2,2,1024,128""",FLOAT16,NCHW,N/A,0.0,0,0.0,0.0,0.0,0.0,0.0,0.0,0.0,0.0,0.0,0.0,0.0,0.692,4979,0.008,0.011,0.152,0.22,0.193,0.28,0.288,0.416,0.073,0.000
2,2,125,6,ApplyRotaryPosEmb_7,ApplyRotaryPosEmb,static,AI_VECTOR_CORE,1784811014416987.550	,2.820,0.010000,2,0,NO,"""2,1,16,128;2,1,2,128;2,1,1,128;2,1,1,128""",FLOAT16;FLOAT16;FLOAT16;FLOAT16,NCHW;NCHW;NCHW;NCHW,"""2,1,16,128;2,1,2,128""",FLOAT16;FLOAT16,NCHW;NCHW,N/A,0.0,0,0.0,0.0,0.0,0.0,0.0,0.0,0.0,0.0,0.0,0.0,0.0,1.747,6289,0.158,0.09,1.165,0.667,0.124,0.071,0.133,0.076,0.082,0.000
2,2,126,6,Scatter_14,Scatter,static,AI_VECTOR_CORE,1784811014416990.390	,1.180,0.180000,4,0,NO,"""2,2,1024,128;2;2,2,1,128""",FLOAT16;INT64;FLOAT16,NCHW;NCHW;NCHW,"""2,2,1024,128""",FLOAT16,NCHW,N/A,0.0,0,0.0,0.0,0.0,0.0,0.0,0.0,0.0,0.0,0.0,0.0,0.0,0.583,4194,0.008,0.013,0.15,0.258,0.104,0.178,0.258,0.443,0.065,0.000
2,2,127,6,IncreFlashAttention_7,IncreFlashAttention,static,MIX_AIC,1784811014416992.570	,21.040,0.820000,4,8,NO,"""2,16,1,128;2,2,1024,128;2,2,1024,128;2,1,1,1024""",FLOAT16;FLOAT16;FLOAT16;BOOL,NCHW;NCHW;NCHW;NCHW,"""2,16,1,128""",FLOAT16,NCHW,0,17.652,127091,1.076,0.061,13.236,0.75,2.7,0.153,7.324,0.415,2.912,0.165,0.016,9.739,140244,0.719,0.074,1.993,0.205,0.192,0.02,0.46,0.047,0.041,13.983
2,2,128,6,MatMul_36,MatMul,static,AI_CORE,1784811014417014.510	,7.420,0.960000,22,0,NO,"""2,2048;1024,2048""",FLOAT16;FLOAT16,ND;ND,"""2,1024""",FLOAT16,ND,N/A,5.435,215236,0.973,0.179,0.733,0.135,1.294,0.238,4.12,0.758,0.174,0.032,0.0,0.0,0,0.0,0.0,0.0,0.0,0.0,0.0,0.0,0.0,0.0,67.147
2,2,129,6,InplaceAddRmsNorm_14,InplaceAddRmsNorm,static,AI_VECTOR_CORE,1784811014417021.970	,2.100,0.080000,2,0,NO,"""2,1,1024;2,1,1024;1024""",FLOAT16;FLOAT16;FLOAT16,ND;ND;ND,"""2,1,1024;2,1,1;2,1,1024""",FLOAT16;FLOAT;FLOAT16,ND;ND;ND,N/A,0.0,0,0.0,0.0,0.0,0.0,0.0,0.0,0.0,0.0,0.0,0.0,0.0,1.239,4459,0.282,0.228,0.432,0.349,0.31,0.25,0.368,0.297,0.123,0.000
2,2,130,6,MatMul_37,MatMul,static,AI_CORE,1784811014417024.090	,8.320,0.000000,24,0,NO,"""2,1024;3072,1024""",FLOAT16;FLOAT16,ND;ND,"""2,3072""",FLOAT16,ND,N/A,5.665,244720,0.538,0.095,0.493,0.087,1.315,0.232,4.307,0.76,0.145,0.026,0.01,0.0,0,0.0,0.0,0.0,0.0,0.0,0.0,0.0,0.0,0.0,68.087
2,2,131,6,MatMul_38,MatMul,static,AI_CORE,1784811014417032.430	,8.660,0.180000,24,0,NO,"""2,1024;3072,1024""",FLOAT16;FLOAT16,ND;ND,"""2,3072""",FLOAT16,ND,N/A,6.065,261991,0.538,0.089,0.497,0.082,1.311,0.216,4.711,0.777,0.14,0.023,0.0,0.0,0,0.0,0.0,0.0,0.0,0.0,0.0,0.0,0.0,0.0,70.030
2,2,132,6,Swish_7Mul_10,AutomaticBufferFusionOp,static,AI_VECTOR_CORE,1784811014417041.110	,1.520,0.000000,6,0,NO,"""2,1,3072;2,1,3072""",FLOAT16;FLOAT16,ND;ND,"""2,1,3072""",FLOAT16,ND,N/A,0.0,0,0.0,0.0,0.0,0.0,0.0,0.0,0.0,0.0,0.0,0.0,0.0,0.794,8572,0.163,0.205,0.332,0.418,0.144,0.182,0.132,0.166,0.038,0.000
2,2,133,6,MatMul_39,MatMul,static,AI_CORE,1784811014417042.650	,9.480,0.230000,22,0,NO,"""2,3072;1024,3072""",FLOAT16;FLOAT16,ND;ND,"""2,1024""",FLOAT16,ND,N/A,7.798,308807,1.461,0.187,1.392,0.178,1.927,0.247,5.839,0.749,0.183,0.023,0.002,0.0,0,0.0,0.0,0.0,0.0,0.0,0.0,0.0,0.0,0.0,75.404
2,2,134,6,InplaceAddRmsNorm_15,InplaceAddRmsNorm,static,AI_VECTOR_CORE,1784811014417052.150	,1.600,0.020000,2,0,NO,"""2,1,1024;2,1,1024;1024""",FLOAT16;FLOAT16;FLOAT16,ND;ND;ND,"""2,1,1024;2,1,1;2,1,1024""",FLOAT16;FLOAT;FLOAT16,ND;ND;ND,N/A,0.0,0,0.0,0.0,0.0,0.0,0.0,0.0,0.0,0.0,0.0,0.0,0.0,1.013,3648,0.282,0.279,0.476,0.47,0.39,0.385,0.374,0.37,0.0,0.000
2,2,135,6,MatMul_40,MatMul,static,AI_CORE,1784811014417053.770	,8.320,0.000000,23,0,NO,"""2,1024;2560,1024""",FLOAT16;FLOAT16,ND;ND,"""2,2560""",FLOAT16,ND,N/A,5.781,239345,0.646,0.112,0.709,0.123,1.253,0.217,4.118,0.712,0.202,0.035,0.007,0.0,0,0.0,0.0,0.0,0.0,0.0,0.0,0.0,0.0,0.0,66.591
2,2,136,6,SplitV_10,SplitVD,static,AI_VECTOR_CORE,1784811014417062.130	,1.040,0.180000,1,0,NO,"""2,1,2560""",FLOAT16,ND,"""2,1,2048;2,1,256;2,1,256""",FLOAT16;FLOAT16;FLOAT16,ND;ND;ND,N/A,0.0,0,0.0,0.0,0.0,0.0,0.0,0.0,0.0,0.0,0.0,0.0,0.0,0.508,915,0.008,0.015,0.107,0.21,0.134,0.264,0.151,0.296,0.286,0.000
2,2,137,6,Scatter_17,Scatter,static,AI_VECTOR_CORE,1784811014417063.190	,1.380,0.000000,4,0,NO,"""2,2,1024,128;2;2,2,1,128""",FLOAT16;INT64;FLOAT16,NCHW;NCHW;NCHW,"""2,2,1024,128""",FLOAT16,NCHW,N/A,0.0,0,0.0,0.0,0.0,0.0,0.0,0.0,0.0,0.0,0.0,0.0,0.0,0.645,4641,0.008,0.012,0.137,0.213,0.11,0.17,0.312,0.484,0.073,0.000
2,2,138,6,ApplyRotaryPosEmb_8,ApplyRotaryPosEmb,static,AI_VECTOR_CORE,1784811014417064.590	,2.260,0.000000,2,0,NO,"""2,1,16,128;2,1,2,128;2,1,1,128;2,1,1,128""",FLOAT16;FLOAT16;FLOAT16;FLOAT16,NCHW;NCHW;NCHW;NCHW,"""2,1,16,128;2,1,2,128""",FLOAT16;FLOAT16,NCHW;NCHW,N/A,0.0,0,0.0,0.0,0.0,0.0,0.0,0.0,0.0,0.0,0.0,0.0,0.0,1.461,5258,0.154,0.105,1.117,0.765,0.148,0.101,0.154,0.105,0.08,0.000
2,2,139,6,Scatter_16,Scatter,static,AI_VECTOR_CORE,1784811014417066.870	,1.260,0.000000,4,0,NO,"""2,2,1024,128;2;2,2,1,128""",FLOAT16;INT64;FLOAT16,NCHW;NCHW;NCHW,"""2,2,1024,128""",FLOAT16,NCHW,N/A,0.0,0,0.0,0.0,0.0,0.0,0.0,0.0,0.0,0.0,0.0,0.0,0.0,0.627,4513,0.008,0.012,0.289,0.462,0.109,0.174,0.225,0.359,0.0,0.000
2,2,140,6,IncreFlashAttention_8,IncreFlashAttention,static,MIX_AIC,1784811014417069.090	,18.460,0.990000,4,8,NO,"""2,16,1,128;2,2,1024,128;2,2,1024,128;2,1,1,1024""",FLOAT16;FLOAT16;FLOAT16;BOOL,NCHW;NCHW;NCHW;NCHW,"""2,16,1,128""",FLOAT16,NCHW,0,16.713,120336,1.076,0.064,13.042,0.78,2.698,0.161,7.035,0.421,2.931,0.175,0.013,9.252,133222,0.716,0.077,2.249,0.243,0.194,0.021,0.448,0.048,0.044,15.090
2,2,141,6,MatMul_41,MatMul,static,AI_CORE,1784811014417088.390	,7.560,1.040000,22,0,NO,"""2,2048;1024,2048""",FLOAT16;FLOAT16,ND;ND,"""2,1024""",FLOAT16,ND,N/A,5.477,216887,0.975,0.178,0.899,0.164,1.288,0.235,4.142,0.756,0.2,0.036,0.0,0.0,0,0.0,0.0,0.0,0.0,0.0,0.0,0.0,0.0,0.0,66.409
2,2,142,6,InplaceAddRmsNorm_16,InplaceAddRmsNorm,static,AI_VECTOR_CORE,1784811014417095.970	,1.760,0.000000,2,0,NO,"""2,1,1024;2,1,1024;1024""",FLOAT16;FLOAT16;FLOAT16,ND;ND;ND,"""2,1,1024;2,1,1;2,1,1024""",FLOAT16;FLOAT;FLOAT16,ND;ND;ND,N/A,0.0,0,0.0,0.0,0.0,0.0,0.0,0.0,0.0,0.0,0.0,0.0,0.0,1.199,4315,0.282,0.235,0.458,0.382,0.498,0.416,0.403,0.336,0.123,0.000
2,2,143,6,MatMul_42,MatMul,static,AI_CORE,1784811014417097.750	,8.420,0.000000,24,0,NO,"""2,1024;3072,1024""",FLOAT16;FLOAT16,ND;ND,"""2,3072""",FLOAT16,ND,N/A,5.939,256583,0.538,0.091,0.44,0.074,1.312,0.221,4.639,0.781,0.141,0.024,0.01,0.0,0,0.0,0.0,0.0,0.0,0.0,0.0,0.0,0.0,0.0,70.539
2,2,144,6,MatMul_43,MatMul,static,AI_CORE,1784811014417106.190	,8.340,0.080000,24,0,NO,"""2,1024;3072,1024""",FLOAT16;FLOAT16,ND;ND,"""2,3072""",FLOAT16,ND,N/A,5.928,256081,0.538,0.091,0.428,0.072,1.308,0.221,4.633,0.782,0.146,0.025,0.0,0.0,0,0.0,0.0,0.0,0.0,0.0,0.0,0.0,0.0,0.0,71.077
2,2,145,6,Swish_8Mul_11,AutomaticBufferFusionOp,static,AI_VECTOR_CORE,1784811014417114.550	,1.240,0.000000,6,0,NO,"""2,1,3072;2,1,3072""",FLOAT16;FLOAT16,ND;ND,"""2,1,3072""",FLOAT16,ND,N/A,0.0,0,0.0,0.0,0.0,0.0,0.0,0.0,0.0,0.0,0.0,0.0,0.0,0.62,6701,0.163,0.263,0.157,0.253,0.129,0.209,0.137,0.221,0.038,0.000
2,2,146,6,MatMul_44,MatMul,static,AI_CORE,1784811014417115.810	,9.280,0.010000,22,0,NO,"""2,3072;1024,3072""",FLOAT16;FLOAT16,ND;ND,"""2,1024""",FLOAT16,ND,N/A,7.472,295888,1.462,0.196,1.221,0.163,1.942,0.26,5.675,0.76,0.185,0.025,0.002,0.0,0,0.0,0.0,0.0,0.0,0.0,0.0,0.0,0.0,0.0,73.807
2,2,147,6,InplaceAddRmsNorm_17,InplaceAddRmsNorm,static,AI_VECTOR_CORE,1784811014417125.130	,1.520,0.220000,2,0,NO,"""2,1,1024;2,1,1024;1024""",FLOAT16;FLOAT16;FLOAT16,ND;ND;ND,"""2,1,1024;2,1,1;2,1,1024""",FLOAT16;FLOAT;FLOAT16,ND;ND;ND,N/A,0.0,0,0.0,0.0,0.0,0.0,0.0,0.0,0.0,0.0,0.0,0.0,0.0,0.984,3544,0.282,0.287,0.463,0.47,0.346,0.352,0.365,0.371,0.0,0.000
2,2,148,6,MatMul_45,MatMul,static,AI_CORE,1784811014417126.670	,7.780,0.000000,23,0,NO,"""2,1024;2560,1024""",FLOAT16;FLOAT16,ND;ND,"""2,2560""",FLOAT16,ND,N/A,5.447,225512,0.644,0.118,0.5,0.092,1.251,0.23,4.005,0.735,0.203,0.037,0.007,0.0,0,0.0,0.0,0.0,0.0,0.0,0.0,0.0,0.0,0.0,67.097
2,2,149,6,SplitV_11,SplitVD,static,AI_VECTOR_CORE,1784811014417134.470	,1.080,0.000000,1,0,NO,"""2,1,2560""",FLOAT16,ND,"""2,1,2048;2,1,256;2,1,256""",FLOAT16;FLOAT16;FLOAT16,ND;ND;ND,N/A,0.0,0,0.0,0.0,0.0,0.0,0.0,0.0,0.0,0.0,0.0,0.0,0.0,0.554,998,0.008,0.014,0.145,0.262,0.152,0.275,0.157,0.283,0.286,0.000
2,2,150,6,Scatter_19,Scatter,static,AI_VECTOR_CORE,1784811014417135.570	,1.220,0.000000,4,0,NO,"""2,2,1024,128;2;2,2,1,128""",FLOAT16;INT64;FLOAT16,NCHW;NCHW;NCHW,"""2,2,1024,128""",FLOAT16,NCHW,N/A,0.0,0,0.0,0.0,0.0,0.0,0.0,0.0,0.0,0.0,0.0,0.0,0.0,0.622,4475,0.008,0.013,0.142,0.228,0.123,0.198,0.291,0.469,0.073,0.000
2,2,151,6,ApplyRotaryPosEmb_9,ApplyRotaryPosEmb,static,AI_VECTOR_CORE,1784811014417136.810	,2.180,0.030000,2,0,NO,"""2,1,16,128;2,1,2,128;2,1,1,128;2,1,1,128""",FLOAT16;FLOAT16;FLOAT16;FLOAT16,NCHW;NCHW;NCHW;NCHW,"""2,1,16,128;2,1,2,128""",FLOAT16;FLOAT16,NCHW;NCHW,N/A,0.0,0,0.0,0.0,0.0,0.0,0.0,0.0,0.0,0.0,0.0,0.0,0.0,1.324,4767,0.161,0.122,1.022,0.772,0.131,0.099,0.14,0.106,0.081,0.000
2,2,152,6,Scatter_18,Scatter,static,AI_VECTOR_CORE,1784811014417139.010	,1.300,0.070000,4,0,NO,"""2,2,1024,128;2;2,2,1,128""",FLOAT16;INT64;FLOAT16,NCHW;NCHW;NCHW,"""2,2,1024,128""",FLOAT16,NCHW,N/A,0.0,0,0.0,0.0,0.0,0.0,0.0,0.0,0.0,0.0,0.0,0.0,0.0,0.637,4586,0.008,0.012,0.242,0.38,0.108,0.17,0.234,0.368,0.0,0.000
2,2,153,6,IncreFlashAttention_9,IncreFlashAttention,static,MIX_AIC,1784811014417141.430	,18.560,1.200000,4,8,NO,"""2,16,1,128;2,2,1024,128;2,2,1024,128;2,1,1,1024""",FLOAT16;FLOAT16;FLOAT16;BOOL,NCHW;NCHW;NCHW;NCHW,"""2,16,1,128""",FLOAT16,NCHW,0,16.956,122084,1.076,0.063,12.997,0.767,2.697,0.159,7.216,0.426,2.868,0.169,0.013,9.467,136326,0.719,0.076,1.962,0.207,0.194,0.02,0.451,0.048,0.04,15.226
2,2,154,6,MatMul_46,MatMul,static,AI_CORE,1784811014417160.910	,7.540,0.940000,22,0,NO,"""2,2048;1024,2048""",FLOAT16;FLOAT16,ND;ND,"""2,1024""",FLOAT16,ND,N/A,5.468,216540,0.977,0.179,1.058,0.193,1.301,0.238,3.838,0.702,0.175,0.032,0.0,0.0,0,0.0,0.0,0.0,0.0,0.0,0.0,0.0,0.0,0.0,66.479
2,2,155,6,InplaceAddRmsNorm_18,InplaceAddRmsNorm,static,AI_VECTOR_CORE,1784811014417168.470	,1.740,0.000000,2,0,NO,"""2,1,1024;2,1,1024;1024""",FLOAT16;FLOAT16;FLOAT16,ND;ND;ND,"""2,1,1024;2,1,1;2,1,1024""",FLOAT16;FLOAT;FLOAT16,ND;ND;ND,N/A,0.0,0,0.0,0.0,0.0,0.0,0.0,0.0,0.0,0.0,0.0,0.0,0.0,1.147,4128,0.282,0.246,0.495,0.432,0.466,0.406,0.389,0.339,0.123,0.000
2,2,156,6,MatMul_47,MatMul,static,AI_CORE,1784811014417170.230	,7.980,0.010000,24,0,NO,"""2,1024;3072,1024""",FLOAT16;FLOAT16,ND;ND,"""2,3072""",FLOAT16,ND,N/A,6.026,260330,0.538,0.089,0.431,0.072,1.31,0.217,4.725,0.784,0.143,0.024,0.01,0.0,0,0.0,0.0,0.0,0.0,0.0,0.0,0.0,0.0,0.0,75.516
2,2,157,6,MatMul_48,MatMul,static,AI_CORE,1784811014417178.250	,8.200,0.020000,24,0,NO,"""2,1024;3072,1024""",FLOAT16;FLOAT16,ND;ND,"""2,3072""",FLOAT16,ND,N/A,5.921,255776,0.538,0.091,0.437,0.074,1.311,0.221,4.617,0.78,0.147,0.025,0.0,0.0,0,0.0,0.0,0.0,0.0,0.0,0.0,0.0,0.0,0.0,72.204
2,2,158,6,Swish_9Mul_12,AutomaticBufferFusionOp,static,AI_VECTOR_CORE,1784811014417186.470	,1.340,0.050000,6,0,NO,"""2,1,3072;2,1,3072""",FLOAT16;FLOAT16,ND;ND,"""2,1,3072""",FLOAT16,ND,N/A,0.0,0,0.0,0.0,0.0,0.0,0.0,0.0,0.0,0.0,0.0,0.0,0.0,0.663,7164,0.163,0.245,0.184,0.277,0.141,0.213,0.133,0.201,0.038,0.000
2,2,159,6,MatMul_49,MatMul,static,AI_CORE,1784811014417187.830	,9.700,0.000000,22,0,NO,"""2,3072;1024,3072""",FLOAT16;FLOAT16,ND;ND,"""2,1024""",FLOAT16,ND,N/A,7.425,294035,1.461,0.197,0.795,0.107,1.922,0.259,6.062,0.816,0.169,0.023,0.002,0.0,0,0.0,0.0,0.0,0.0,0.0,0.0,0.0,0.0,0.0,70.169
2,2,160,6,InplaceAddRmsNorm_19,InplaceAddRmsNorm,static,AI_VECTOR_CORE,1784811014417197.570	,1.540,0.050000,2,0,NO,"""2,1,1024;2,1,1024;1024""",FLOAT16;FLOAT16;FLOAT16,ND;ND;ND,"""2,1,1024;2,1,1;2,1,1024""",FLOAT16;FLOAT;FLOAT16,ND;ND;ND,N/A,0.0,0,0.0,0.0,0.0,0.0,0.0,0.0,0.0,0.0,0.0,0.0,0.0,1.004,3616,0.282,0.281,0.469,0.467,0.372,0.37,0.385,0.383,0.0,0.000
2,2,161,6,MatMul_50,MatMul,static,AI_CORE,1784811014417199.130	,8.060,0.210000,23,0,NO,"""2,1024;2560,1024""",FLOAT16;FLOAT16,ND;ND,"""2,2560""",FLOAT16,ND,N/A,5.583,231124,0.646,0.116,0.498,0.089,1.252,0.224,4.135,0.741,0.211,0.038,0.006,0.0,0,0.0,0.0,0.0,0.0,0.0,0.0,0.0,0.0,0.0,66.378
2,2,162,6,SplitV_12,SplitVD,static,AI_VECTOR_CORE,1784811014417207.210	,1.040,0.000000,1,0,NO,"""2,1,2560""",FLOAT16,ND,"""2,1,2048;2,1,256;2,1,256""",FLOAT16;FLOAT16;FLOAT16,ND;ND;ND,N/A,0.0,0,0.0,0.0,0.0,0.0,0.0,0.0,0.0,0.0,0.0,0.0,0.0,0.554,997,0.008,0.014,0.126,0.228,0.138,0.25,0.149,0.27,0.286,0.000
2,2,163,6,Scatter_21,Scatter,static,AI_VECTOR_CORE,1784811014417208.270	,1.280,0.000000,4,0,NO,"""2,2,1024,128;2;2,2,1,128""",FLOAT16;INT64;FLOAT16,NCHW;NCHW;NCHW,"""2,2,1024,128""",FLOAT16,NCHW,N/A,0.0,0,0.0,0.0,0.0,0.0,0.0,0.0,0.0,0.0,0.0,0.0,0.0,0.647,4657,0.008,0.012,0.126,0.195,0.112,0.174,0.341,0.527,0.073,0.000
2,2,164,6,ApplyRotaryPosEmb_10,ApplyRotaryPosEmb,static,AI_VECTOR_CORE,1784811014417209.570	,2.240,0.000000,2,0,NO,"""2,1,16,128;2,1,2,128;2,1,1,128;2,1,1,128""",FLOAT16;FLOAT16;FLOAT16;FLOAT16,NCHW;NCHW;NCHW;NCHW,"""2,1,16,128;2,1,2,128""",FLOAT16;FLOAT16,NCHW;NCHW,N/A,0.0,0,0.0,0.0,0.0,0.0,0.0,0.0,0.0,0.0,0.0,0.0,0.0,1.421,5114,0.161,0.113,1.093,0.769,0.134,0.094,0.136,0.096,0.082,0.000
2,2,165,6,Scatter_20,Scatter,static,AI_VECTOR_CORE,1784811014417211.830	,1.340,0.010000,4,0,NO,"""2,2,1024,128;2;2,2,1,128""",FLOAT16;INT64;FLOAT16,NCHW;NCHW;NCHW,"""2,2,1024,128""",FLOAT16,NCHW,N/A,0.0,0,0.0,0.0,0.0,0.0,0.0,0.0,0.0,0.0,0.0,0.0,0.0,0.679,4886,0.008,0.011,0.152,0.224,0.113,0.166,0.363,0.535,0.0,0.000
2,2,166,6,IncreFlashAttention_10,IncreFlashAttention,static,MIX_AIC,1784811014417214.470	,18.800,1.410000,4,8,NO,"""2,16,1,128;2,2,1024,128;2,2,1024,128;2,1,1,1024""",FLOAT16;FLOAT16;FLOAT16;BOOL,NCHW;NCHW;NCHW;NCHW,"""2,16,1,128""",FLOAT16,NCHW,0,16.785,120851,1.076,0.064,12.927,0.77,2.697,0.161,7.171,0.427,2.858,0.17,0.013,9.392,135247,0.72,0.077,2.005,0.214,0.195,0.021,0.452,0.048,0.02,14.880
2,2,167,6,MatMul_51,MatMul,static,AI_CORE,1784811014417233.950	,7.240,0.700000,22,0,NO,"""2,2048;1024,2048""",FLOAT16;FLOAT16,ND;ND,"""2,1024""",FLOAT16,ND,N/A,5.387,213340,0.978,0.182,0.666,0.124,1.306,0.243,4.142,0.769,0.17,0.032,0.0,0.0,0,0.0,0.0,0.0,0.0,0.0,0.0,0.0,0.0,0.0,68.210
2,2,168,6,InplaceAddRmsNorm_20,InplaceAddRmsNorm,static,AI_VECTOR_CORE,1784811014417241.230	,1.780,0.010000,2,0,NO,"""2,1,1024;2,1,1024;1024""",FLOAT16;FLOAT16;FLOAT16,ND;ND;ND,"""2,1,1024;2,1,1;2,1,1024""",FLOAT16;FLOAT;FLOAT16,ND;ND;ND,N/A,0.0,0,0.0,0.0,0.0,0.0,0.0,0.0,0.0,0.0,0.0,0.0,0.0,1.112,4003,0.282,0.254,0.446,0.401,0.405,0.364,0.379,0.34,0.123,0.000
2,2,169,6,MatMul_52,MatMul,static,AI_CORE,1784811014417243.030	,9.020,0.000000,24,0,NO,"""2,1024;3072,1024""",FLOAT16;FLOAT16,ND;ND,"""2,3072""",FLOAT16,ND,N/A,5.85,252700,0.538,0.092,0.429,0.073,1.309,0.224,4.557,0.779,0.138,0.024,0.01,0.0,0,0.0,0.0,0.0,0.0,0.0,0.0,0.0,0.0,0.0,64.851
2,2,170,6,MatMul_53,MatMul,static,AI_CORE,1784811014417252.070	,8.640,0.000000,24,0,NO,"""2,1024;3072,1024""",FLOAT16;FLOAT16,ND;ND,"""2,3072""",FLOAT16,ND,N/A,5.992,258849,0.538,0.09,0.662,0.111,1.309,0.218,4.686,0.782,0.15,0.025,0.0,0.0,0,0.0,0.0,0.0,0.0,0.0,0.0,0.0,0.0,0.0,69.350
2,2,171,6,Swish_10Mul_13,AutomaticBufferFusionOp,static,AI_VECTOR_CORE,1784811014417260.730	,1.260,0.110000,6,0,NO,"""2,1,3072;2,1,3072""",FLOAT16;FLOAT16,ND;ND,"""2,1,3072""",FLOAT16,ND,N/A,0.0,0,0.0,0.0,0.0,0.0,0.0,0.0,0.0,0.0,0.0,0.0,0.0,0.625,6752,0.163,0.261,0.167,0.267,0.129,0.206,0.131,0.21,0.038,0.000
2,2,172,6,MatMul_54,MatMul,static,AI_CORE,1784811014417262.010	,9.300,0.000000,22,0,NO,"""2,3072;1024,3072""",FLOAT16;FLOAT16,ND;ND,"""2,1024""",FLOAT16,ND,N/A,7.306,289334,1.461,0.2,0.822,0.113,1.934,0.265,5.932,0.812,0.166,0.023,0.002,0.0,0,0.0,0.0,0.0,0.0,0.0,0.0,0.0,0.0,0.0,72.017
2,2,173,6,InplaceAddRmsNorm_21,InplaceAddRmsNorm,static,AI_VECTOR_CORE,1784811014417271.330	,1.640,0.000000,2,0,NO,"""2,1,1024;2,1,1024;1024""",FLOAT16;FLOAT16;FLOAT16,ND;ND;ND,"""2,1,1024;2,1,1;2,1,1024""",FLOAT16;FLOAT;FLOAT16,ND;ND;ND,N/A,0.0,0,0.0,0.0,0.0,0.0,0.0,0.0,0.0,0.0,0.0,0.0,0.0,1.095,3941,0.282,0.258,0.46,0.42,0.504,0.461,0.4,0.365,0.0,0.000
2,2,174,6,MatMul_55,MatMul,static,AI_CORE,1784811014417272.990	,7.700,0.110000,23,0,NO,"""2,1024;2560,1024""",FLOAT16;FLOAT16,ND;ND,"""2,2560""",FLOAT16,ND,N/A,5.574,230753,0.643,0.115,0.502,0.09,1.25,0.224,4.151,0.745,0.194,0.035,0.007,0.0,0,0.0,0.0,0.0,0.0,0.0,0.0,0.0,0.0,0.0,69.370
2,2,175,6,SplitV_13,SplitVD,static,AI_VECTOR_CORE,1784811014417280.710	,1.120,0.050000,1,0,NO,"""2,1,2560""",FLOAT16,ND,"""2,1,2048;2,1,256;2,1,256""",FLOAT16;FLOAT16;FLOAT16,ND;ND;ND,N/A,0.0,0,0.0,0.0,0.0,0.0,0.0,0.0,0.0,0.0,0.0,0.0,0.0,0.57,1026,0.008,0.014,0.144,0.253,0.137,0.241,0.161,0.283,0.286,0.000
2,2,176,6,Scatter_23,Scatter,static,AI_VECTOR_CORE,1784811014417281.850	,1.260,0.000000,4,0,NO,"""2,2,1024,128;2;2,2,1,128""",FLOAT16;INT64;FLOAT16,NCHW;NCHW;NCHW,"""2,2,1024,128""",FLOAT16,NCHW,N/A,0.0,0,0.0,0.0,0.0,0.0,0.0,0.0,0.0,0.0,0.0,0.0,0.0,0.617,4440,0.008,0.013,0.161,0.26,0.124,0.201,0.261,0.423,0.073,0.000
2,2,177,6,ApplyRotaryPosEmb_11,ApplyRotaryPosEmb,static,AI_VECTOR_CORE,1784811014417283.130	,2.260,0.240000,2,0,NO,"""2,1,16,128;2,1,2,128;2,1,1,128;2,1,1,128""",FLOAT16;FLOAT16;FLOAT16;FLOAT16,NCHW;NCHW;NCHW;NCHW,"""2,1,16,128;2,1,2,128""",FLOAT16;FLOAT16,NCHW;NCHW,N/A,0.0,0,0.0,0.0,0.0,0.0,0.0,0.0,0.0,0.0,0.0,0.0,0.0,1.388,4996,0.155,0.111,1.07,0.771,0.143,0.103,0.151,0.109,0.08,0.000
2,2,178,6,Scatter_22,Scatter,static,AI_VECTOR_CORE,1784811014417285.410	,1.220,0.000000,4,0,NO,"""2,2,1024,128;2;2,2,1,128""",FLOAT16;INT64;FLOAT16,NCHW;NCHW;NCHW,"""2,2,1024,128""",FLOAT16,NCHW,N/A,0.0,0,0.0,0.0,0.0,0.0,0.0,0.0,0.0,0.0,0.0,0.0,0.0,0.579,4170,0.008,0.013,0.147,0.254,0.115,0.199,0.241,0.415,0.065,0.000
2,2,179,6,IncreFlashAttention_11,IncreFlashAttention,static,MIX_AIC,1784811014417288.070	,19.480,1.280000,4,8,NO,"""2,16,1,128;2,2,1024,128;2,2,1024,128;2,1,1,1024""",FLOAT16;FLOAT16;FLOAT16;BOOL,NCHW;NCHW;NCHW;NCHW,"""2,16,1,128""",FLOAT16,NCHW,0,16.972,122195,1.076,0.063,13.007,0.766,2.697,0.159,7.33,0.432,2.95,0.174,0.013,9.457,136183,0.716,0.076,2.27,0.24,0.196,0.021,0.472,0.05,0.022,14.520
2,2,180,6,MatMul_56,MatMul,static,AI_CORE,1784811014417308.770	,7.480,1.270000,22,0,NO,"""2,2048;1024,2048""",FLOAT16;FLOAT16,ND;ND,"""2,1024""",FLOAT16,ND,N/A,5.36,212244,0.976,0.182,0.826,0.154,1.306,0.244,3.952,0.737,0.176,0.033,0.0,0.0,0,0.0,0.0,0.0,0.0,0.0,0.0,0.0,0.0,0.0,65.683
2,2,181,6,InplaceAddRmsNorm_22,InplaceAddRmsNorm,static,AI_VECTOR_CORE,1784811014417316.270	,1.580,0.020000,2,0,NO,"""2,1,1024;2,1,1024;1024""",FLOAT16;FLOAT16;FLOAT16,ND;ND;ND,"""2,1,1024;2,1,1;2,1,1024""",FLOAT16;FLOAT;FLOAT16,ND;ND;ND,N/A,0.0,0,0.0,0.0,0.0,0.0,0.0,0.0,0.0,0.0,0.0,0.0,0.0,1.063,3827,0.282,0.265,0.465,0.438,0.421,0.396,0.389,0.366,0.123,0.000
2,2,182,6,MatMul_57,MatMul,static,AI_CORE,1784811014417317.870	,9.140,0.000000,24,0,NO,"""2,1024;3072,1024""",FLOAT16;FLOAT16,ND;ND,"""2,3072""",FLOAT16,ND,N/A,6.079,262618,0.538,0.088,0.477,0.079,1.31,0.215,4.743,0.78,0.138,0.023,0.01,0.0,0,0.0,0.0,0.0,0.0,0.0,0.0,0.0,0.0,0.0,66.511
2,2,183,6,MatMul_58,MatMul,static,AI_CORE,1784811014417327.030	,9.080,0.110000,24,0,NO,"""2,1024;3072,1024""",FLOAT16;FLOAT16,ND;ND,"""2,3072""",FLOAT16,ND,N/A,6.337,273762,0.538,0.085,0.992,0.157,1.311,0.207,4.478,0.707,0.147,0.023,0.0,0.0,0,0.0,0.0,0.0,0.0,0.0,0.0,0.0,0.0,0.0,69.792
2,2,184,6,Swish_11Mul_14,AutomaticBufferFusionOp,static,AI_VECTOR_CORE,1784811014417336.130	,1.280,0.170000,6,0,NO,"""2,1,3072;2,1,3072""",FLOAT16;FLOAT16,ND;ND,"""2,1,3072""",FLOAT16,ND,N/A,0.0,0,0.0,0.0,0.0,0.0,0.0,0.0,0.0,0.0,0.0,0.0,0.0,0.614,6632,0.163,0.265,0.147,0.239,0.137,0.223,0.123,0.201,0.045,0.000
2,2,185,6,MatMul_59,MatMul,static,AI_CORE,1784811014417337.430	,9.120,0.000000,22,0,NO,"""2,3072;1024,3072""",FLOAT16;FLOAT16,ND;ND,"""2,1024""",FLOAT16,ND,N/A,7.266,287723,1.461,0.201,0.868,0.119,1.937,0.267,5.845,0.805,0.169,0.023,0.002,0.0,0,0.0,0.0,0.0,0.0,0.0,0.0,0.0,0.0,0.0,73.029
2,2,186,6,InplaceAddRmsNorm_23,InplaceAddRmsNorm,static,AI_VECTOR_CORE,1784811014417346.570	,1.640,0.000000,2,0,NO,"""2,1,1024;2,1,1024;1024""",FLOAT16;FLOAT16;FLOAT16,ND;ND;ND,"""2,1,1024;2,1,1;2,1,1024""",FLOAT16;FLOAT;FLOAT16,ND;ND;ND,N/A,0.0,0,0.0,0.0,0.0,0.0,0.0,0.0,0.0,0.0,0.0,0.0,0.0,1.035,3725,0.282,0.273,0.477,0.461,0.373,0.36,0.388,0.375,0.0,0.000
2,2,187,6,MatMul_60,MatMul,static,AI_CORE,1784811014417348.230	,7.700,0.110000,23,0,NO,"""2,1024;2560,1024""",FLOAT16;FLOAT16,ND;ND,"""2,2560""",FLOAT16,ND,N/A,5.433,224937,0.643,0.118,0.548,0.101,1.253,0.231,3.963,0.729,0.188,0.035,0.007,0.0,0,0.0,0.0,0.0,0.0,0.0,0.0,0.0,0.0,0.0,67.622
2,2,188,6,SplitV_14,SplitVD,static,AI_VECTOR_CORE,1784811014417355.950	,1.020,0.050000,1,0,NO,"""2,1,2560""",FLOAT16,ND,"""2,1,2048;2,1,256;2,1,256""",FLOAT16;FLOAT16;FLOAT16,ND;ND;ND,N/A,0.0,0,0.0,0.0,0.0,0.0,0.0,0.0,0.0,0.0,0.0,0.0,0.0,0.547,985,0.008,0.014,0.12,0.219,0.135,0.247,0.156,0.284,0.286,0.000
2,2,189,6,Scatter_25,Scatter,static,AI_VECTOR_CORE,1784811014417356.990	,1.260,0.000000,4,0,NO,"""2,2,1024,128;2;2,2,1,128""",FLOAT16;INT64;FLOAT16,NCHW;NCHW;NCHW,"""2,2,1024,128""",FLOAT16,NCHW,N/A,0.0,0,0.0,0.0,0.0,0.0,0.0,0.0,0.0,0.0,0.0,0.0,0.0,0.651,4689,0.008,0.012,0.146,0.225,0.115,0.177,0.33,0.507,0.119,0.000
2,2,190,6,ApplyRotaryPosEmb_12,ApplyRotaryPosEmb,static,AI_VECTOR_CORE,1784811014417358.270	,2.060,0.000000,2,0,NO,"""2,1,16,128;2,1,2,128;2,1,1,128;2,1,1,128""",FLOAT16;FLOAT16;FLOAT16;FLOAT16,NCHW;NCHW;NCHW;NCHW,"""2,1,16,128;2,1,2,128""",FLOAT16;FLOAT16,NCHW;NCHW,N/A,0.0,0,0.0,0.0,0.0,0.0,0.0,0.0,0.0,0.0,0.0,0.0,0.0,1.317,4742,0.153,0.116,1.041,0.79,0.124,0.094,0.134,0.101,0.084,0.000
2,2,191,6,Scatter_24,Scatter,static,AI_VECTOR_CORE,1784811014417360.370	,1.280,0.000000,4,0,NO,"""2,2,1024,128;2;2,2,1,128""",FLOAT16;INT64;FLOAT16,NCHW;NCHW;NCHW,"""2,2,1024,128""",FLOAT16,NCHW,N/A,0.0,0,0.0,0.0,0.0,0.0,0.0,0.0,0.0,0.0,0.0,0.0,0.0,0.664,4779,0.008,0.012,0.152,0.229,0.104,0.157,0.338,0.51,0.065,0.000
2,2,192,6,IncreFlashAttention_12,IncreFlashAttention,static,MIX_AIC,1784811014417362.890	,18.980,1.470000,4,8,NO,"""2,16,1,128;2,2,1024,128;2,2,1024,128;2,1,1,1024""",FLOAT16;FLOAT16;FLOAT16;BOOL,NCHW;NCHW;NCHW;NCHW,"""2,16,1,128""",FLOAT16,NCHW,0,16.561,119238,1.076,0.065,12.918,0.78,2.697,0.163,6.929,0.418,2.859,0.173,0.014,9.158,131873,0.718,0.078,1.92,0.21,0.191,0.021,0.46,0.05,0.024,14.542
2,2,193,6,MatMul_61,MatMul,static,AI_CORE,1784811014417382.950	,7.380,1.020000,22,0,NO,"""2,2048;1024,2048""",FLOAT16;FLOAT16,ND;ND,"""2,1024""",FLOAT16,ND,N/A,5.342,211543,0.974,0.182,0.71,0.133,1.295,0.242,4.056,0.759,0.169,0.032,0.0,0.0,0,0.0,0.0,0.0,0.0,0.0,0.0,0.0,0.0,0.0,66.353
2,2,194,6,InplaceAddRmsNorm_24,InplaceAddRmsNorm,static,AI_VECTOR_CORE,1784811014417390.350	,1.860,0.000000,2,0,NO,"""2,1,1024;2,1,1024;1024""",FLOAT16;FLOAT16;FLOAT16,ND;ND;ND,"""2,1,1024;2,1,1;2,1,1024""",FLOAT16;FLOAT;FLOAT16,ND;ND;ND,N/A,0.0,0,0.0,0.0,0.0,0.0,0.0,0.0,0.0,0.0,0.0,0.0,0.0,1.121,4036,0.282,0.252,0.448,0.4,0.408,0.364,0.373,0.332,0.123,0.000
2,2,195,6,MatMul_62,MatMul,static,AI_CORE,1784811014417392.250	,7.920,0.140000,24,0,NO,"""2,1024;3072,1024""",FLOAT16;FLOAT16,ND;ND,"""2,3072""",FLOAT16,ND,N/A,5.727,247419,0.538,0.094,0.469,0.082,1.308,0.228,4.396,0.768,0.141,0.025,0.01,0.0,0,0.0,0.0,0.0,0.0,0.0,0.0,0.0,0.0,0.0,72.314
2,2,196,6,MatMul_63,MatMul,static,AI_CORE,1784811014417400.190	,7.920,0.080000,24,0,NO,"""2,1024;3072,1024""",FLOAT16;FLOAT16,ND;ND,"""2,3072""",FLOAT16,ND,N/A,5.78,249678,0.538,0.093,0.469,0.081,1.309,0.227,4.441,0.768,0.146,0.025,0.0,0.0,0,0.0,0.0,0.0,0.0,0.0,0.0,0.0,0.0,0.0,72.975
2,2,197,6,Swish_12Mul_15,AutomaticBufferFusionOp,static,AI_VECTOR_CORE,1784811014417408.130	,1.440,0.080000,6,0,NO,"""2,1,3072;2,1,3072""",FLOAT16;FLOAT16,ND;ND,"""2,1,3072""",FLOAT16,ND,N/A,0.0,0,0.0,0.0,0.0,0.0,0.0,0.0,0.0,0.0,0.0,0.0,0.0,0.787,8499,0.163,0.208,0.401,0.51,0.223,0.283,0.136,0.173,0.038,0.000
2,2,198,6,MatMul_64,MatMul,static,AI_CORE,1784811014417409.590	,9.580,0.000000,22,0,NO,"""2,3072;1024,3072""",FLOAT16;FLOAT16,ND;ND,"""2,1024""",FLOAT16,ND,N/A,7.363,291573,1.463,0.199,0.867,0.118,1.931,0.262,5.946,0.808,0.168,0.023,0.002,0.0,0,0.0,0.0,0.0,0.0,0.0,0.0,0.0,0.0,0.0,70.453
2,2,199,6,InplaceAddRmsNorm_25,InplaceAddRmsNorm,static,AI_VECTOR_CORE,1784811014417419.190	,1.720,0.170000,2,0,NO,"""2,1,1024;2,1,1024;1024""",FLOAT16;FLOAT16;FLOAT16,ND;ND;ND,"""2,1,1024;2,1,1;2,1,1024""",FLOAT16;FLOAT;FLOAT16,ND;ND;ND,N/A,0.0,0,0.0,0.0,0.0,0.0,0.0,0.0,0.0,0.0,0.0,0.0,0.0,1.158,4169,0.282,0.244,0.484,0.418,0.541,0.467,0.416,0.359,0.0,0.000
2,2,200,6,MatMul_65,MatMul,static,AI_CORE,1784811014417420.950	,7.860,0.030000,23,0,NO,"""2,1024;2560,1024""",FLOAT16;FLOAT16,ND;ND,"""2,2560""",FLOAT16,ND,N/A,5.531,228966,0.642,0.116,0.719,0.13,1.251,0.226,4.066,0.735,0.185,0.034,0.007,0.0,0,0.0,0.0,0.0,0.0,0.0,0.0,0.0,0.0,0.0,67.432
2,2,201,6,SplitV_15,SplitVD,static,AI_VECTOR_CORE,1784811014417428.830	,1.080,0.000000,1,0,NO,"""2,1,2560""",FLOAT16,ND,"""2,1,2048;2,1,256;2,1,256""",FLOAT16;FLOAT16;FLOAT16,ND;ND;ND,N/A,0.0,0,0.0,0.0,0.0,0.0,0.0,0.0,0.0,0.0,0.0,0.0,0.0,0.523,941,0.008,0.015,0.114,0.218,0.136,0.259,0.157,0.3,0.286,0.000
2,2,202,6,Scatter_27,Scatter,static,AI_VECTOR_CORE,1784811014417429.930	,1.300,0.170000,4,0,NO,"""2,2,1024,128;2;2,2,1,128""",FLOAT16;INT64;FLOAT16,NCHW;NCHW;NCHW,"""2,2,1024,128""",FLOAT16,NCHW,N/A,0.0,0,0.0,0.0,0.0,0.0,0.0,0.0,0.0,0.0,0.0,0.0,0.0,0.595,4281,0.008,0.013,0.215,0.361,0.108,0.181,0.231,0.388,0.11,0.000
2,2,203,6,ApplyRotaryPosEmb_13,ApplyRotaryPosEmb,static,AI_VECTOR_CORE,1784811014417431.250	,2.220,0.000000,2,0,NO,"""2,1,16,128;2,1,2,128;2,1,1,128;2,1,1,128""",FLOAT16;FLOAT16;FLOAT16;FLOAT16,NCHW;NCHW;NCHW;NCHW,"""2,1,16,128;2,1,2,128""",FLOAT16;FLOAT16,NCHW;NCHW,N/A,0.0,0,0.0,0.0,0.0,0.0,0.0,0.0,0.0,0.0,0.0,0.0,0.0,1.432,5154,0.153,0.107,1.111,0.776,0.146,0.102,0.156,0.109,0.078,0.000
2,2,204,6,Scatter_26,Scatter,static,AI_VECTOR_CORE,1784811014417433.490	,1.160,0.030000,4,0,NO,"""2,2,1024,128;2;2,2,1,128""",FLOAT16;INT64;FLOAT16,NCHW;NCHW;NCHW,"""2,2,1024,128""",FLOAT16,NCHW,N/A,0.0,0,0.0,0.0,0.0,0.0,0.0,0.0,0.0,0.0,0.0,0.0,0.0,0.53,3813,0.008,0.015,0.189,0.357,0.106,0.201,0.192,0.362,0.0,0.000
2,2,205,6,IncreFlashAttention_13,IncreFlashAttention,static,MIX_AIC,1784811014417435.910	,18.460,1.340000,4,8,NO,"""2,16,1,128;2,2,1024,128;2,2,1024,128;2,1,1,1024""",FLOAT16;FLOAT16;FLOAT16;BOOL,NCHW;NCHW;NCHW;NCHW,"""2,16,1,128""",FLOAT16,NCHW,0,16.778,120802,1.076,0.064,13.001,0.775,2.697,0.161,7.128,0.425,2.902,0.173,0.013,9.408,135472,0.716,0.076,2.366,0.252,0.196,0.021,0.454,0.048,0.005,15.148
2,2,206,6,MatMul_66,MatMul,static,AI_CORE,1784811014417455.390	,7.220,1.040000,22,0,NO,"""2,2048;1024,2048""",FLOAT16;FLOAT16,ND;ND,"""2,1024""",FLOAT16,ND,N/A,5.392,213519,0.975,0.181,0.705,0.131,1.294,0.24,4.109,0.762,0.176,0.033,0.0,0.0,0,0.0,0.0,0.0,0.0,0.0,0.0,0.0,0.0,0.0,68.457
2,2,207,6,InplaceAddRmsNorm_26,InplaceAddRmsNorm,static,AI_VECTOR_CORE,1784811014417462.630	,1.600,0.030000,2,0,NO,"""2,1,1024;2,1,1024;1024""",FLOAT16;FLOAT16;FLOAT16,ND;ND;ND,"""2,1,1024;2,1,1;2,1,1024""",FLOAT16;FLOAT;FLOAT16,ND;ND;ND,N/A,0.0,0,0.0,0.0,0.0,0.0,0.0,0.0,0.0,0.0,0.0,0.0,0.0,1.125,4049,0.282,0.251,0.561,0.499,0.372,0.33,0.378,0.336,0.123,0.000
2,2,208,6,MatMul_67,MatMul,static,AI_CORE,1784811014417464.270	,7.860,0.000000,24,0,NO,"""2,1024;3072,1024""",FLOAT16;FLOAT16,ND;ND,"""2,3072""",FLOAT16,ND,N/A,6.296,272004,0.538,0.085,0.965,0.153,1.307,0.208,4.495,0.714,0.144,0.023,0.01,0.0,0,0.0,0.0,0.0,0.0,0.0,0.0,0.0,0.0,0.0,80.107
2,2,209,6,MatMul_68,MatMul,static,AI_CORE,1784811014417472.150	,8.000,0.140000,24,0,NO,"""2,1024;3072,1024""",FLOAT16;FLOAT16,ND;ND,"""2,3072""",FLOAT16,ND,N/A,5.749,248339,0.538,0.094,0.469,0.082,1.311,0.228,4.414,0.768,0.147,0.025,0.0,0.0,0,0.0,0.0,0.0,0.0,0.0,0.0,0.0,0.0,0.0,71.857
2,2,210,6,Swish_13Mul_16,AutomaticBufferFusionOp,static,AI_VECTOR_CORE,1784811014417480.170	,1.260,0.000000,6,0,NO,"""2,1,3072;2,1,3072""",FLOAT16;FLOAT16,ND;ND,"""2,1,3072""",FLOAT16,ND,N/A,0.0,0,0.0,0.0,0.0,0.0,0.0,0.0,0.0,0.0,0.0,0.0,0.0,0.613,6619,0.163,0.266,0.161,0.262,0.13,0.211,0.126,0.205,0.038,0.000
2,2,211,6,MatMul_69,MatMul,static,AI_CORE,1784811014417481.450	,10.000,0.000000,22,0,NO,"""2,3072;1024,3072""",FLOAT16;FLOAT16,ND;ND,"""2,1024""",FLOAT16,ND,N/A,7.52,297789,1.462,0.194,0.867,0.115,1.942,0.258,6.095,0.81,0.167,0.022,0.002,0.0,0,0.0,0.0,0.0,0.0,0.0,0.0,0.0,0.0,0.0,68.933
2,2,212,6,InplaceAddRmsNorm_27,InplaceAddRmsNorm,static,AI_VECTOR_CORE,1784811014417491.470	,1.540,0.000000,2,0,NO,"""2,1,1024;2,1,1024;1024""",FLOAT16;FLOAT16;FLOAT16,ND;ND;ND,"""2,1,1024;2,1,1;2,1,1024""",FLOAT16;FLOAT;FLOAT16,ND;ND;ND,N/A,0.0,0,0.0,0.0,0.0,0.0,0.0,0.0,0.0,0.0,0.0,0.0,0.0,0.97,3493,0.282,0.291,0.44,0.453,0.349,0.36,0.371,0.383,0.0,0.000
2,2,213,6,MatMul_70,MatMul,static,AI_CORE,1784811014417493.050	,7.620,0.000000,23,0,NO,"""2,1024;2560,1024""",FLOAT16;FLOAT16,ND;ND,"""2,2560""",FLOAT16,ND,N/A,5.715,236591,0.65,0.114,1.019,0.178,1.252,0.219,3.728,0.652,0.206,0.036,0.007,0.0,0,0.0,0.0,0.0,0.0,0.0,0.0,0.0,0.0,0.0,71.872
2,2,214,6,SplitV_16,SplitVD,static,AI_VECTOR_CORE,1784811014417500.690	,1.140,0.130000,1,0,NO,"""2,1,2560""",FLOAT16,ND,"""2,1,2048;2,1,256;2,1,256""",FLOAT16;FLOAT16;FLOAT16,ND;ND;ND,N/A,0.0,0,0.0,0.0,0.0,0.0,0.0,0.0,0.0,0.0,0.0,0.0,0.0,0.635,1143,0.008,0.012,0.116,0.183,0.138,0.217,0.154,0.242,0.286,0.000
2,2,215,6,Scatter_29,Scatter,static,AI_VECTOR_CORE,1784811014417501.850	,1.360,0.000000,4,0,NO,"""2,2,1024,128;2;2,2,1,128""",FLOAT16;INT64;FLOAT16,NCHW;NCHW;NCHW,"""2,2,1024,128""",FLOAT16,NCHW,N/A,0.0,0,0.0,0.0,0.0,0.0,0.0,0.0,0.0,0.0,0.0,0.0,0.0,0.683,4915,0.008,0.011,0.221,0.323,0.114,0.167,0.256,0.375,0.11,0.000
2,2,216,6,ApplyRotaryPosEmb_14,ApplyRotaryPosEmb,static,AI_VECTOR_CORE,1784811014417503.230	,2.140,0.140000,2,0,NO,"""2,1,16,128;2,1,2,128;2,1,1,128;2,1,1,128""",FLOAT16;FLOAT16;FLOAT16;FLOAT16,NCHW;NCHW;NCHW;NCHW,"""2,1,16,128;2,1,2,128""",FLOAT16;FLOAT16,NCHW;NCHW,N/A,0.0,0,0.0,0.0,0.0,0.0,0.0,0.0,0.0,0.0,0.0,0.0,0.0,1.363,4906,0.153,0.112,1.049,0.769,0.17,0.125,0.136,0.099,0.085,0.000
2,2,217,6,Scatter_28,Scatter,static,AI_VECTOR_CORE,1784811014417505.390	,1.240,0.110000,4,0,NO,"""2,2,1024,128;2;2,2,1,128""",FLOAT16;INT64;FLOAT16,NCHW;NCHW;NCHW,"""2,2,1024,128""",FLOAT16,NCHW,N/A,0.0,0,0.0,0.0,0.0,0.0,0.0,0.0,0.0,0.0,0.0,0.0,0.0,0.53,3816,0.008,0.015,0.138,0.261,0.111,0.209,0.203,0.382,0.065,0.000
2,2,218,6,IncreFlashAttention_14,IncreFlashAttention,static,MIX_AIC,1784811014417507.730	,19.660,1.010000,4,8,NO,"""2,16,1,128;2,2,1024,128;2,2,1024,128;2,1,1,1024""",FLOAT16;FLOAT16;FLOAT16;BOOL,NCHW;NCHW;NCHW;NCHW,"""2,16,1,128""",FLOAT16,NCHW,0,16.707,120287,1.076,0.064,12.723,0.762,2.697,0.161,7.024,0.42,2.922,0.175,0.014,9.18,132192,0.719,0.078,1.835,0.2,0.207,0.023,0.441,0.048,0.003,14.163
2,2,219,6,MatMul_71,MatMul,static,AI_CORE,1784811014417528.450	,7.220,1.090000,22,0,NO,"""2,2048;1024,2048""",FLOAT16;FLOAT16,ND;ND,"""2,1024""",FLOAT16,ND,N/A,5.266,208533,0.975,0.185,0.635,0.121,1.297,0.246,4.051,0.769,0.168,0.032,0.0,0.0,0,0.0,0.0,0.0,0.0,0.0,0.0,0.0,0.0,0.0,66.858
2,2,220,6,InplaceAddRmsNorm_28,InplaceAddRmsNorm,static,AI_VECTOR_CORE,1784811014417535.690	,2.120,0.030000,2,0,NO,"""2,1,1024;2,1,1024;1024""",FLOAT16;FLOAT16;FLOAT16,ND;ND;ND,"""2,1,1024;2,1,1;2,1,1024""",FLOAT16;FLOAT;FLOAT16,ND;ND;ND,N/A,0.0,0,0.0,0.0,0.0,0.0,0.0,0.0,0.0,0.0,0.0,0.0,0.0,1.345,4843,0.282,0.21,0.446,0.331,0.482,0.358,0.396,0.294,0.123,0.000
2,2,221,6,MatMul_72,MatMul,static,AI_CORE,1784811014417537.830	,8.620,0.000000,24,0,NO,"""2,1024;3072,1024""",FLOAT16;FLOAT16,ND;ND,"""2,3072""",FLOAT16,ND,N/A,6.134,264980,0.538,0.088,0.87,0.142,1.314,0.214,4.387,0.715,0.145,0.024,0.01,0.0,0,0.0,0.0,0.0,0.0,0.0,0.0,0.0,0.0,0.0,71.158
2,2,222,6,MatMul_73,MatMul,static,AI_CORE,1784811014417546.490	,8.920,0.130000,24,0,NO,"""2,1024;3072,1024""",FLOAT16;FLOAT16,ND;ND,"""2,3072""",FLOAT16,ND,N/A,5.929,256154,0.538,0.091,0.416,0.07,1.312,0.221,4.633,0.781,0.156,0.026,0.0,0.0,0,0.0,0.0,0.0,0.0,0.0,0.0,0.0,0.0,0.0,66.474
2,2,223,6,Swish_14Mul_17,AutomaticBufferFusionOp,static,AI_VECTOR_CORE,1784811014417555.430	,1.380,0.080000,6,0,NO,"""2,1,3072;2,1,3072""",FLOAT16;FLOAT16,ND;ND,"""2,1,3072""",FLOAT16,ND,N/A,0.0,0,0.0,0.0,0.0,0.0,0.0,0.0,0.0,0.0,0.0,0.0,0.0,0.685,7402,0.163,0.238,0.181,0.265,0.141,0.206,0.142,0.207,0.045,0.000
2,2,224,6,MatMul_74,MatMul,static,AI_CORE,1784811014417556.830	,9.540,0.000000,22,0,NO,"""2,3072;1024,3072""",FLOAT16;FLOAT16,ND;ND,"""2,1024""",FLOAT16,ND,N/A,7.326,290105,1.462,0.2,0.789,0.108,1.934,0.264,5.974,0.815,0.17,0.023,0.002,0.0,0,0.0,0.0,0.0,0.0,0.0,0.0,0.0,0.0,0.0,70.392
2,2,225,6,InplaceAddRmsNorm_29,InplaceAddRmsNorm,static,AI_VECTOR_CORE,1784811014417566.390	,1.540,0.210000,2,0,NO,"""2,1,1024;2,1,1024;1024""",FLOAT16;FLOAT16;FLOAT16,ND;ND;ND,"""2,1,1024;2,1,1;2,1,1024""",FLOAT16;FLOAT;FLOAT16,ND;ND;ND,N/A,0.0,0,0.0,0.0,0.0,0.0,0.0,0.0,0.0,0.0,0.0,0.0,0.0,0.997,3590,0.282,0.283,0.463,0.465,0.352,0.353,0.379,0.38,0.0,0.000
2,2,226,6,MatMul_75,MatMul,static,AI_CORE,1784811014417567.950	,8.040,0.000000,23,0,NO,"""2,1024;2560,1024""",FLOAT16;FLOAT16,ND;ND,"""2,2560""",FLOAT16,ND,N/A,5.532,229036,0.644,0.116,0.466,0.084,1.255,0.227,4.139,0.748,0.188,0.034,0.007,0.0,0,0.0,0.0,0.0,0.0,0.0,0.0,0.0,0.0,0.0,65.942
2,2,227,6,SplitV_17,SplitVD,static,AI_VECTOR_CORE,1784811014417576.010	,1.020,0.000000,1,0,NO,"""2,1,2560""",FLOAT16,ND,"""2,1,2048;2,1,256;2,1,256""",FLOAT16;FLOAT16;FLOAT16,ND;ND;ND,N/A,0.0,0,0.0,0.0,0.0,0.0,0.0,0.0,0.0,0.0,0.0,0.0,0.0,0.534,962,0.008,0.015,0.103,0.192,0.139,0.261,0.153,0.286,0.286,0.000
2,2,228,6,Scatter_31,Scatter,static,AI_VECTOR_CORE,1784811014417577.050	,1.300,0.000000,4,0,NO,"""2,2,1024,128;2;2,2,1,128""",FLOAT16;INT64;FLOAT16,NCHW;NCHW;NCHW,"""2,2,1024,128""",FLOAT16,NCHW,N/A,0.0,0,0.0,0.0,0.0,0.0,0.0,0.0,0.0,0.0,0.0,0.0,0.0,0.679,4888,0.008,0.011,0.129,0.19,0.178,0.262,0.292,0.431,0.119,0.000
2,2,229,6,ApplyRotaryPosEmb_15,ApplyRotaryPosEmb,static,AI_VECTOR_CORE,1784811014417578.370	,2.960,0.000000,2,0,NO,"""2,1,16,128;2,1,2,128;2,1,1,128;2,1,1,128""",FLOAT16;FLOAT16;FLOAT16;FLOAT16,NCHW;NCHW;NCHW;NCHW,"""2,1,16,128;2,1,2,128""",FLOAT16;FLOAT16,NCHW;NCHW,N/A,0.0,0,0.0,0.0,0.0,0.0,0.0,0.0,0.0,0.0,0.0,0.0,0.0,1.847,6648,0.155,0.084,1.189,0.644,0.132,0.071,0.138,0.075,0.088,0.000
2,2,230,6,Scatter_30,Scatter,static,AI_VECTOR_CORE,1784811014417581.350	,1.060,0.040000,4,0,NO,"""2,2,1024,128;2;2,2,1,128""",FLOAT16;INT64;FLOAT16,NCHW;NCHW;NCHW,"""2,2,1024,128""",FLOAT16,NCHW,N/A,0.0,0,0.0,0.0,0.0,0.0,0.0,0.0,0.0,0.0,0.0,0.0,0.0,0.422,3036,0.008,0.018,0.141,0.334,0.11,0.26,0.124,0.295,0.0,0.000
2,2,231,6,IncreFlashAttention_15,IncreFlashAttention,static,MIX_AIC,1784811014417583.810	,19.060,1.440000,4,8,NO,"""2,16,1,128;2,2,1024,128;2,2,1024,128;2,1,1,1024""",FLOAT16;FLOAT16;FLOAT16;BOOL,NCHW;NCHW;NCHW;NCHW,"""2,16,1,128""",FLOAT16,NCHW,0,16.746,120571,1.076,0.064,12.723,0.76,2.697,0.161,7.123,0.425,2.839,0.17,0.014,9.18,132186,0.719,0.078,1.761,0.192,0.194,0.021,0.46,0.05,0.003,14.643
2,2,232,6,MatMul_76,MatMul,static,AI_CORE,1784811014417603.910	,7.760,1.190000,22,0,NO,"""2,2048;1024,2048""",FLOAT16;FLOAT16,ND;ND,"""2,1024""",FLOAT16,ND,N/A,5.489,217362,0.974,0.177,0.629,0.115,1.293,0.236,4.275,0.779,0.182,0.033,0.0,0.0,0,0.0,0.0,0.0,0.0,0.0,0.0,0.0,0.0,0.0,64.839
2,2,233,6,InplaceAddRmsNorm_30,InplaceAddRmsNorm,static,AI_VECTOR_CORE,1784811014417611.690	,1.620,0.000000,2,0,NO,"""2,1,1024;2,1,1024;1024""",FLOAT16;FLOAT16;FLOAT16,ND;ND;ND,"""2,1,1024;2,1,1;2,1,1024""",FLOAT16;FLOAT;FLOAT16,ND;ND;ND,N/A,0.0,0,0.0,0.0,0.0,0.0,0.0,0.0,0.0,0.0,0.0,0.0,0.0,1.052,3788,0.282,0.268,0.479,0.455,0.313,0.297,0.383,0.364,0.123,0.000
2,2,234,6,MatMul_77,MatMul,static,AI_CORE,1784811014417613.330	,7.680,0.000000,24,0,NO,"""2,1024;3072,1024""",FLOAT16;FLOAT16,ND;ND,"""2,3072""",FLOAT16,ND,N/A,5.349,231086,0.538,0.101,0.408,0.076,1.311,0.245,4.079,0.763,0.138,0.026,0.01,0.0,0,0.0,0.0,0.0,0.0,0.0,0.0,0.0,0.0,0.0,69.651
2,2,235,6,MatMul_78,MatMul,static,AI_CORE,1784811014417621.030	,8.420,0.070000,24,0,NO,"""2,1024;3072,1024""",FLOAT16;FLOAT16,ND;ND,"""2,3072""",FLOAT16,ND,N/A,5.92,255741,0.538,0.091,0.411,0.069,1.309,0.221,4.64,0.784,0.152,0.026,0.0,0.0,0,0.0,0.0,0.0,0.0,0.0,0.0,0.0,0.0,0.0,70.308
2,2,236,6,Swish_15Mul_18,AutomaticBufferFusionOp,static,AI_VECTOR_CORE,1784811014417629.490	,1.480,0.080000,6,0,NO,"""2,1,3072;2,1,3072""",FLOAT16;FLOAT16,ND;ND,"""2,1,3072""",FLOAT16,ND,N/A,0.0,0,0.0,0.0,0.0,0.0,0.0,0.0,0.0,0.0,0.0,0.0,0.0,0.74,7993,0.163,0.22,0.307,0.415,0.148,0.201,0.126,0.17,0.038,0.000
2,2,237,6,MatMul_79,MatMul,static,AI_CORE,1784811014417630.990	,9.800,0.020000,22,0,NO,"""2,3072;1024,3072""",FLOAT16;FLOAT16,ND;ND,"""2,1024""",FLOAT16,ND,N/A,7.436,294449,1.462,0.197,0.993,0.134,1.922,0.258,5.883,0.791,0.164,0.022,0.002,0.0,0,0.0,0.0,0.0,0.0,0.0,0.0,0.0,0.0,0.0,69.551
2,2,238,6,InplaceAddRmsNorm_31,InplaceAddRmsNorm,static,AI_VECTOR_CORE,1784811014417640.830	,1.560,0.000000,2,0,NO,"""2,1,1024;2,1,1024;1024""",FLOAT16;FLOAT16;FLOAT16,ND;ND;ND,"""2,1,1024;2,1,1;2,1,1024""",FLOAT16;FLOAT;FLOAT16,ND;ND;ND,N/A,0.0,0,0.0,0.0,0.0,0.0,0.0,0.0,0.0,0.0,0.0,0.0,0.0,0.988,3555,0.282,0.286,0.429,0.434,0.425,0.43,0.388,0.393,0.0,0.000
2,2,239,6,MatMul_80,MatMul,static,AI_CORE,1784811014417642.410	,7.560,0.190000,23,0,NO,"""2,1024;2560,1024""",FLOAT16;FLOAT16,ND;ND,"""2,2560""",FLOAT16,ND,N/A,5.306,219665,0.644,0.121,0.483,0.091,1.252,0.236,3.887,0.733,0.204,0.038,0.007,0.0,0,0.0,0.0,0.0,0.0,0.0,0.0,0.0,0.0,0.0,67.260
2,2,240,6,SplitV_18,SplitVD,static,AI_VECTOR_CORE,1784811014417650.010	,1.100,0.000000,1,0,NO,"""2,1,2560""",FLOAT16,ND,"""2,1,2048;2,1,256;2,1,256""",FLOAT16;FLOAT16;FLOAT16,ND;ND;ND,N/A,0.0,0,0.0,0.0,0.0,0.0,0.0,0.0,0.0,0.0,0.0,0.0,0.0,0.53,954,0.008,0.015,0.108,0.203,0.136,0.256,0.157,0.297,0.286,0.000
2,2,241,6,Scatter_33,Scatter,static,AI_VECTOR_CORE,1784811014417651.130	,1.380,0.150000,4,0,NO,"""2,2,1024,128;2;2,2,1,128""",FLOAT16;INT64;FLOAT16,NCHW;NCHW;NCHW,"""2,2,1024,128""",FLOAT16,NCHW,N/A,0.0,0,0.0,0.0,0.0,0.0,0.0,0.0,0.0,0.0,0.0,0.0,0.0,0.686,4941,0.008,0.011,0.165,0.24,0.132,0.192,0.318,0.464,0.121,0.000
2,2,242,6,ApplyRotaryPosEmb_16,ApplyRotaryPosEmb,static,AI_VECTOR_CORE,1784811014417652.530	,2.180,0.000000,2,0,NO,"""2,1,16,128;2,1,2,128;2,1,1,128;2,1,1,128""",FLOAT16;FLOAT16;FLOAT16;FLOAT16,NCHW;NCHW;NCHW;NCHW,"""2,1,16,128;2,1,2,128""",FLOAT16;FLOAT16,NCHW;NCHW,N/A,0.0,0,0.0,0.0,0.0,0.0,0.0,0.0,0.0,0.0,0.0,0.0,0.0,1.398,5031,0.155,0.111,1.113,0.797,0.145,0.104,0.142,0.102,0.084,0.000
2,2,243,6,Scatter_32,Scatter,static,AI_VECTOR_CORE,1784811014417654.730	,1.380,0.070000,4,0,NO,"""2,2,1024,128;2;2,2,1,128""",FLOAT16;INT64;FLOAT16,NCHW;NCHW;NCHW,"""2,2,1024,128""",FLOAT16,NCHW,N/A,0.0,0,0.0,0.0,0.0,0.0,0.0,0.0,0.0,0.0,0.0,0.0,0.0,0.689,4960,0.008,0.011,0.253,0.367,0.116,0.169,0.297,0.431,0.0,0.000
2,2,244,6,IncreFlashAttention_16,IncreFlashAttention,static,MIX_AIC,1784811014417657.530	,18.820,1.370000,4,8,NO,"""2,16,1,128;2,2,1024,128;2,2,1024,128;2,1,1,1024""",FLOAT16;FLOAT16;FLOAT16;BOOL,NCHW;NCHW;NCHW;NCHW,"""2,16,1,128""",FLOAT16,NCHW,0,16.725,120420,1.076,0.064,12.765,0.763,2.698,0.161,7.312,0.437,2.953,0.177,0.014,9.203,132519,0.716,0.078,2.135,0.232,0.198,0.022,0.465,0.051,0.003,14.811
2,2,245,6,MatMul_81,MatMul,static,AI_CORE,1784811014417677.610	,7.480,1.180000,22,0,NO,"""2,2048;1024,2048""",FLOAT16;FLOAT16,ND;ND,"""2,1024""",FLOAT16,ND,N/A,5.494,217550,0.975,0.178,1.439,0.262,1.305,0.238,3.497,0.636,0.168,0.031,0.0,0.0,0,0.0,0.0,0.0,0.0,0.0,0.0,0.0,0.0,0.0,67.325
2,2,246,6,InplaceAddRmsNorm_32,InplaceAddRmsNorm,static,AI_VECTOR_CORE,1784811014417685.110	,1.760,0.020000,2,0,NO,"""2,1,1024;2,1,1024;1024""",FLOAT16;FLOAT16;FLOAT16,ND;ND;ND,"""2,1,1024;2,1,1;2,1,1024""",FLOAT16;FLOAT;FLOAT16,ND;ND;ND,N/A,0.0,0,0.0,0.0,0.0,0.0,0.0,0.0,0.0,0.0,0.0,0.0,0.0,1.099,3956,0.282,0.257,0.452,0.411,0.393,0.357,0.371,0.337,0.123,0.000
2,2,247,6,MatMul_82,MatMul,static,AI_CORE,1784811014417686.890	,8.320,0.240000,24,0,NO,"""2,1024;3072,1024""",FLOAT16;FLOAT16,ND;ND,"""2,3072""",FLOAT16,ND,N/A,5.806,250839,0.538,0.093,0.403,0.069,1.312,0.226,4.538,0.782,0.14,0.024,0.01,0.0,0,0.0,0.0,0.0,0.0,0.0,0.0,0.0,0.0,0.0,69.789
2,2,248,6,MatMul_83,MatMul,static,AI_CORE,1784811014417695.230	,8.360,0.000000,24,0,NO,"""2,1024;3072,1024""",FLOAT16;FLOAT16,ND;ND,"""2,3072""",FLOAT16,ND,N/A,5.922,255827,0.538,0.091,0.403,0.068,1.309,0.221,4.652,0.786,0.151,0.025,0.0,0.0,0,0.0,0.0,0.0,0.0,0.0,0.0,0.0,0.0,0.0,70.836
2,2,249,6,Swish_16Mul_19,AutomaticBufferFusionOp,static,AI_VECTOR_CORE,1784811014417703.630	,1.340,0.140000,6,0,NO,"""2,1,3072;2,1,3072""",FLOAT16;FLOAT16,ND;ND,"""2,1,3072""",FLOAT16,ND,N/A,0.0,0,0.0,0.0,0.0,0.0,0.0,0.0,0.0,0.0,0.0,0.0,0.0,0.632,6821,0.163,0.259,0.153,0.242,0.136,0.216,0.141,0.223,0.038,0.000
2,2,250,6,MatMul_84,MatMul,static,AI_CORE,1784811014417704.990	,9.500,0.000000,22,0,NO,"""2,3072;1024,3072""",FLOAT16;FLOAT16,ND;ND,"""2,1024""",FLOAT16,ND,N/A,7.628,302085,1.462,0.192,1.212,0.159,1.919,0.252,5.852,0.767,0.17,0.022,0.002,0.0,0,0.0,0.0,0.0,0.0,0.0,0.0,0.0,0.0,0.0,73.607
2,2,251,6,InplaceAddRmsNorm_33,InplaceAddRmsNorm,static,AI_VECTOR_CORE,1784811014417714.530	,1.760,0.000000,2,0,NO,"""2,1,1024;2,1,1024;1024""",FLOAT16;FLOAT16;FLOAT16,ND;ND;ND,"""2,1,1024;2,1,1;2,1,1024""",FLOAT16;FLOAT;FLOAT16,ND;ND;ND,N/A,0.0,0,0.0,0.0,0.0,0.0,0.0,0.0,0.0,0.0,0.0,0.0,0.0,1.199,4317,0.282,0.235,0.503,0.42,0.552,0.461,0.435,0.363,0.0,0.000
2,2,252,6,MatMul_85,MatMul,static,AI_CORE,1784811014417716.310	,7.960,0.000000,23,0,NO,"""2,1024;2560,1024""",FLOAT16;FLOAT16,ND;ND,"""2,2560""",FLOAT16,ND,N/A,5.638,233421,0.645,0.114,0.485,0.086,1.251,0.222,4.235,0.751,0.193,0.034,0.007,0.0,0,0.0,0.0,0.0,0.0,0.0,0.0,0.0,0.0,0.0,67.880
2,2,253,6,SplitV_19,SplitVD,static,AI_VECTOR_CORE,1784811014417724.290	,1.020,0.040000,1,0,NO,"""2,1,2560""",FLOAT16,ND,"""2,1,2048;2,1,256;2,1,256""",FLOAT16;FLOAT16;FLOAT16,ND;ND;ND,N/A,0.0,0,0.0,0.0,0.0,0.0,0.0,0.0,0.0,0.0,0.0,0.0,0.0,0.554,997,0.008,0.014,0.151,0.272,0.136,0.245,0.163,0.294,0.286,0.000
2,2,254,6,Scatter_35,Scatter,static,AI_VECTOR_CORE,1784811014417725.330	,1.180,0.000000,4,0,NO,"""2,2,1024,128;2;2,2,1,128""",FLOAT16;INT64;FLOAT16,NCHW;NCHW;NCHW,"""2,2,1024,128""",FLOAT16,NCHW,N/A,0.0,0,0.0,0.0,0.0,0.0,0.0,0.0,0.0,0.0,0.0,0.0,0.0,0.581,4182,0.008,0.013,0.137,0.235,0.115,0.198,0.257,0.443,0.121,0.000
2,2,255,6,ApplyRotaryPosEmb_17,ApplyRotaryPosEmb,static,AI_VECTOR_CORE,1784811014417726.530	,2.100,0.070000,2,0,NO,"""2,1,16,128;2,1,2,128;2,1,1,128;2,1,1,128""",FLOAT16;FLOAT16;FLOAT16;FLOAT16,NCHW;NCHW;NCHW;NCHW,"""2,1,16,128;2,1,2,128""",FLOAT16;FLOAT16,NCHW;NCHW,N/A,0.0,0,0.0,0.0,0.0,0.0,0.0,0.0,0.0,0.0,0.0,0.0,0.0,1.329,4784,0.153,0.115,1.015,0.764,0.126,0.094,0.133,0.1,0.084,0.000
2,2,256,6,Scatter_34,Scatter,static,AI_VECTOR_CORE,1784811014417728.650	,1.220,0.150000,4,0,NO,"""2,2,1024,128;2;2,2,1,128""",FLOAT16;INT64;FLOAT16,NCHW;NCHW;NCHW,"""2,2,1024,128""",FLOAT16,NCHW,N/A,0.0,0,0.0,0.0,0.0,0.0,0.0,0.0,0.0,0.0,0.0,0.0,0.0,0.648,4667,0.008,0.012,0.259,0.4,0.115,0.178,0.227,0.35,0.0,0.000
2,2,257,6,IncreFlashAttention_17,IncreFlashAttention,static,MIX_AIC,1784811014417731.250	,18.840,1.280000,4,8,NO,"""2,16,1,128;2,2,1024,128;2,2,1024,128;2,1,1,1024""",FLOAT16;FLOAT16;FLOAT16;BOOL,NCHW;NCHW;NCHW;NCHW,"""2,16,1,128""",FLOAT16,NCHW,0,16.287,117268,1.076,0.066,12.775,0.784,2.698,0.166,6.817,0.419,2.923,0.179,0.015,8.906,128252,0.719,0.081,1.805,0.203,0.19,0.021,0.45,0.051,0.005,14.408
2,2,258,6,MatMul_86,MatMul,static,AI_CORE,1784811014417751.350	,7.520,1.160000,22,0,NO,"""2,2048;1024,2048""",FLOAT16;FLOAT16,ND;ND,"""2,1024""",FLOAT16,ND,N/A,5.519,218536,0.974,0.177,1.172,0.212,1.289,0.234,3.773,0.684,0.175,0.032,0.0,0.0,0,0.0,0.0,0.0,0.0,0.0,0.0,0.0,0.0,0.0,67.270
2,2,259,6,InplaceAddRmsNorm_34,InplaceAddRmsNorm,static,AI_VECTOR_CORE,1784811014417758.890	,1.700,0.230000,2,0,NO,"""2,1,1024;2,1,1024;1024""",FLOAT16;FLOAT16;FLOAT16,ND;ND;ND,"""2,1,1024;2,1,1;2,1,1024""",FLOAT16;FLOAT;FLOAT16,ND;ND;ND,N/A,0.0,0,0.0,0.0,0.0,0.0,0.0,0.0,0.0,0.0,0.0,0.0,0.0,1.043,3756,0.282,0.271,0.459,0.44,0.341,0.326,0.378,0.363,0.123,0.000
2,2,260,6,MatMul_87,MatMul,static,AI_CORE,1784811014417760.610	,7.480,0.000000,24,0,NO,"""2,1024;3072,1024""",FLOAT16;FLOAT16,ND;ND,"""2,3072""",FLOAT16,ND,N/A,5.325,230020,0.538,0.101,0.46,0.086,1.307,0.245,3.997,0.751,0.142,0.027,0.01,0.0,0,0.0,0.0,0.0,0.0,0.0,0.0,0.0,0.0,0.0,71.184
2,2,261,6,MatMul_88,MatMul,static,AI_CORE,1784811014417768.110	,8.260,0.020000,24,0,NO,"""2,1024;3072,1024""",FLOAT16;FLOAT16,ND;ND,"""2,3072""",FLOAT16,ND,N/A,5.854,252885,0.538,0.092,0.455,0.078,1.31,0.224,4.531,0.774,0.149,0.025,0.0,0.0,0,0.0,0.0,0.0,0.0,0.0,0.0,0.0,0.0,0.0,70.869
2,2,262,6,Swish_17Mul_20,AutomaticBufferFusionOp,static,AI_VECTOR_CORE,1784811014417776.410	,1.280,0.240000,6,0,NO,"""2,1,3072;2,1,3072""",FLOAT16;FLOAT16,ND;ND,"""2,1,3072""",FLOAT16,ND,N/A,0.0,0,0.0,0.0,0.0,0.0,0.0,0.0,0.0,0.0,0.0,0.0,0.0,0.645,6969,0.163,0.252,0.184,0.285,0.141,0.218,0.128,0.198,0.038,0.000
2,2,263,6,MatMul_89,MatMul,static,AI_CORE,1784811014417777.710	,9.660,0.000000,22,0,NO,"""2,3072;1024,3072""",FLOAT16;FLOAT16,ND;ND,"""2,1024""",FLOAT16,ND,N/A,7.377,292138,1.464,0.198,0.857,0.116,1.931,0.262,5.953,0.807,0.175,0.024,0.002,0.0,0,0.0,0.0,0.0,0.0,0.0,0.0,0.0,0.0,0.0,70.005
2,2,264,6,InplaceAddRmsNorm_35,InplaceAddRmsNorm,static,AI_VECTOR_CORE,1784811014417787.390	,2.080,0.090000,2,0,NO,"""2,1,1024;2,1,1024;1024""",FLOAT16;FLOAT16;FLOAT16,ND;ND;ND,"""2,1,1024;2,1,1;2,1,1024""",FLOAT16;FLOAT;FLOAT16,ND;ND;ND,N/A,0.0,0,0.0,0.0,0.0,0.0,0.0,0.0,0.0,0.0,0.0,0.0,0.0,1.469,5288,0.282,0.192,0.457,0.311,0.303,0.206,0.369,0.251,0.223,0.000
2,2,265,6,MatMul_90,MatMul,static,AI_CORE,1784811014417789.490	,137.980,0.000000,24,0,NO,"""2,1024;103424,1024""",FLOAT16;FLOAT16,ND;ND,"""2,103424""",FLOAT16,ND,N/A,130.051,5618214,18.105,0.139,7.317,0.056,46.388,0.357,126.684,0.974,2.526,0.019,0.004,0.0,0,0.0,0.0,0.0,0.0,0.0,0.0,0.0,0.0,0.0,94.254
2,4294967295,812,3,aclnnInplaceCopy_CastAiCore_Cast,Cast,dynamic,AI_VECTOR_CORE,1784811014417946.890	,7.720,19.520000,48,0,NO,"""2,103424""",FLOAT16,ND,"""2,103424""",FLOAT,ND,N/A,0.0,0,0.0,0.0,0.0,0.0,0.0,0.0,0.0,0.0,0.0,0.0,0.0,5.575,481723,0.06,0.011,0.409,0.073,0.852,0.153,1.021,0.183,0.205,0.000
2,4294967295,813,3,aclnnArgMax_ArgMaxV2AiCore_ArgMaxV2,ArgMaxV2,dynamic,AI_VECTOR_CORE,1784811014417954.650	,13.980,0.030000,2,0,NO,"""2,103424;""",FLOAT;INT64,ND;ND,"""2,1""",INT32,ND,N/A,0.0,0,0.0,0.0,0.0,0.0,0.0,0.0,0.0,0.0,0.0,0.0,0.0,13.343,48035,7.379,0.553,1.778,0.133,3.743,0.28,0.112,0.008,0.063,0.000
2,4294967295,814,3,aclnnArgMax_CastAiCore_Cast,Cast,dynamic,AI_VECTOR_CORE,1784811014417968.650	,1.460,0.020000,1,0,NO,"""2,1""",INT32,ND,"""2,1""",INT64,ND,N/A,0.0,0,0.0,0.0,0.0,0.0,0.0,0.0,0.0,0.0,0.0,0.0,0.0,0.861,1550,0.026,0.03,0.286,0.332,0.078,0.091,0.123,0.143,0.169,0.000
2,4294967295,816,3,aclnnInplaceFillScalar_FillAiCore_Fill,Fill,dynamic,AI_VECTOR_CORE,1784811014417970.290	,2.220,0.040000,1,0,NO,"""2;""",INT64;INT64,ND;ND,"""2,1""",INT64,ND,N/A,0.0,0,0.0,0.0,0.0,0.0,0.0,0.0,0.0,0.0,0.0,0.0,0.0,1.648,2966,0.098,0.059,0.404,0.245,0.289,0.176,0.099,0.06,0.204,0.000
2,4294967295,817,3,aclnnSWhere_SelectV2AiCore_SelectV2,SelectV2,dynamic,AI_VECTOR_CORE,1784811014417972.550	,2.340,0.030000,1,0,NO,"""2,1;2,1;2,1""",BOOL;INT64;INT64,ND;ND;ND,"""2,1""",INT64,ND,N/A,0.0,0,0.0,0.0,0.0,0.0,0.0,0.0,0.0,0.0,0.0,0.0,0.0,1.891,3404,0.199,0.105,0.458,0.242,0.423,0.224,0.113,0.06,0.209,0.000
2,4294967295,818,3,aclnnAdds_AddAiCore_Add,Add,dynamic,AI_VECTOR_CORE,1784811014417974.910	,3.260,0.160000,1,0,NO,"""2;""",INT64;INT64,ND;ND,"""2""",INT64,ND,N/A,0.0,0,0.0,0.0,0.0,0.0,0.0,0.0,0.0,0.0,0.0,0.0,0.0,2.787,5017,0.369,0.132,0.607,0.218,0.523,0.188,0.117,0.042,0.208,0.000
2,4294967295,819,3,aclnnInplaceZero_ZerosLikeAiCore_ZerosLike,ZerosLike,dynamic,AI_VECTOR_CORE,1784811014417978.330	,1.700,0.000000,1,0,NO,"""2""",INT64,ND,"""2""",INT64,ND,N/A,0.0,0,0.0,0.0,0.0,0.0,0.0,0.0,0.0,0.0,0.0,0.0,0.0,1.221,2197,0.061,0.05,0.301,0.247,0.001,0.001,0.15,0.123,0.248,0.000
2,4294967295,820,3,aclnnSWhere_SelectV2AiCore_SelectV2,SelectV2,dynamic,AI_VECTOR_CORE,1784811014418024.550	,2.040,44.550000,1,0,NO,"""2;2;2""",BOOL;INT64;INT64,ND;ND;ND,"""2""",INT64,ND,N/A,0.0,0,0.0,0.0,0.0,0.0,0.0,0.0,0.0,0.0,0.0,0.0,0.0,1.533,2760,0.2,0.13,0.518,0.338,0.374,0.244,0.095,0.062,0.189,0.000
