b3c3 API ready worker_pid=2562850; preloading 665 distinct crops for 1000 requests
b3c3 crops preloaded 50/665
b3c3 crops preloaded 100/665
b3c3 crops preloaded 150/665
b3c3 crops preloaded 200/665
b3c3 crops preloaded 250/665
b3c3 crops preloaded 300/665
b3c3 crops preloaded 350/665
b3c3 crops preloaded 400/665
b3c3 crops preloaded 450/665
b3c3 crops preloaded 500/665
b3c3 crops preloaded 550/665
b3c3 crops preloaded 600/665
b3c3 crops preloaded 650/665
b3c3 crops preloaded 665/665
b3c3 payloads ready bytes=206256404
SEND b3c3 01/1000 table=page_000600_table_1 active=1
SEND b3c3 02/1000 table=page_001368_table_box_id_244 active=2
SEND b3c3 03/1000 table=page_001220_table_8 active=3
RECV b3c3 01/1000 rank=582 id=page_000600_table_1 latency=0.2389s status=ok active=2
SEND b3c3 04/1000 table=page_000284_table_box_id_0 active=3
RECV b3c3 02/1000 rank=444 id=page_001368_table_box_id_244 latency=0.4949s status=ok active=2
SEND b3c3 05/1000 table=page_000900_table_4 active=3
RECV b3c3 05/1000 rank=602 id=page_000900_table_4 latency=0.1148s status=ok active=2
SEND b3c3 06/1000 table=page_001368_table_box_id_280 active=3
RECV b3c3 06/1000 rank=661 id=page_001368_table_box_id_280 latency=0.0477s status=ok active=2
SEND b3c3 07/1000 table=page_001153_table_0 active=3
RECV b3c3 03/1000 rank=94 id=page_001220_table_8 latency=1.4890s status=ok active=2
SEND b3c3 08/1000 table=page_001417_table_2 active=3
RECV b3c3 08/1000 rank=587 id=page_001417_table_2 latency=0.1281s status=ok active=2
SEND b3c3 09/1000 table=page_001368_table_box_id_159 active=3
RECV b3c3 09/1000 rank=630 id=page_001368_table_box_id_159 latency=0.0775s status=ok active=2
SEND b3c3 10/1000 table=page_000238_table_box_id_2 active=3
RECV b3c3 07/1000 rank=91 id=page_001153_table_0 latency=1.3753s status=ok active=2
SEND b3c3 11/1000 table=page_001375_table_3 active=3
RECV b3c3 10/1000 rank=345 id=page_000238_table_box_id_2 latency=0.4139s status=ok active=2
SEND b3c3 12/1000 table=page_000200_table_box_id_2 active=3
RECV b3c3 11/1000 rank=565 id=page_001375_table_3 latency=0.2335s status=ok active=2
SEND b3c3 13/1000 table=page_001147_table_10 active=3
RECV b3c3 12/1000 rank=291 id=page_000200_table_box_id_2 latency=0.5257s status=ok active=2
SEND b3c3 14/1000 table=page_000638_table_1 active=3
RECV b3c3 04/1000 rank=30 id=page_000284_table_box_id_0 latency=2.7593s status=ok active=2
SEND b3c3 15/1000 table=page_001231_table_5 active=3
RECV b3c3 14/1000 rank=254 id=page_000638_table_1 latency=0.6200s status=ok active=2
SEND b3c3 16/1000 table=page_000591_table_3 active=3
RECV b3c3 16/1000 rank=322 id=page_000591_table_3 latency=0.4173s status=ok active=2
SEND b3c3 17/1000 table=page_000509_table_0 active=3
RECV b3c3 13/1000 rank=90 id=page_001147_table_10 latency=1.5451s status=ok active=2
SEND b3c3 18/1000 table=page_001148_table_3 active=3
RECV b3c3 17/1000 rank=117 id=page_000509_table_0 latency=1.1656s status=ok active=2
SEND b3c3 19/1000 table=page_001215_table_5 active=3
RECV b3c3 15/1000 rank=56 id=page_001231_table_5 latency=2.0928s status=ok active=2
SEND b3c3 20/1000 table=page_001230_table_box_id_1 active=3
RECV b3c3 18/1000 rank=88 id=page_001148_table_3 latency=1.5143s status=ok active=2
SEND b3c3 21/1000 table=page_001155_table_4 active=3
RECV b3c3 21/1000 rank=558 id=page_001155_table_4 latency=0.1467s status=ok active=2
SEND b3c3 22/1000 table=page_000940_table_1 active=3
RECV b3c3 20/1000 rank=365 id=page_001230_table_box_id_1 latency=0.4724s status=ok active=2
SEND b3c3 23/1000 table=page_000343_table_0 active=3
RECV b3c3 23/1000 rank=615 id=page_000343_table_0 latency=0.1007s status=ok active=2
SEND b3c3 24/1000 table=page_000577_table_3 active=3
RECV b3c3 22/1000 rank=564 id=page_000940_table_1 latency=0.1935s status=ok active=2
SEND b3c3 25/1000 table=page_000355_table_3 active=3
RECV b3c3 25/1000 rank=586 id=page_000355_table_3 latency=0.2607s status=ok active=2
SEND b3c3 26/1000 table=page_001194_table_3 active=3
RECV b3c3 24/1000 rank=382 id=page_000577_table_3 latency=0.4512s status=ok active=2
SEND b3c3 27/1000 table=page_000933_table_10 active=3
RECV b3c3 27/1000 rank=504 id=page_000933_table_10 latency=0.2021s status=ok active=2
SEND b3c3 28/1000 table=page_000201_table_box_id_3 active=3
RECV b3c3 26/1000 rank=269 id=page_001194_table_3 latency=0.5918s status=ok active=2
SEND b3c3 29/1000 table=page_000236_table_box_id_5 active=3
RECV b3c3 28/1000 rank=463 id=page_000201_table_box_id_3 latency=0.2536s status=ok active=2
SEND b3c3 30/1000 table=page_000433_table_13 active=3
RECV b3c3 30/1000 rank=525 id=page_000433_table_13 latency=0.2326s status=ok active=2
SEND b3c3 31/1000 table=page_001368_table_box_id_242 active=3
RECV b3c3 19/1000 rank=68 id=page_001215_table_5 latency=2.0621s status=ok active=2
SEND b3c3 32/1000 table=page_000222_table_box_id_3 active=3
RECV b3c3 29/1000 rank=349 id=page_000236_table_box_id_5 latency=0.4599s status=ok active=2
SEND b3c3 33/1000 table=page_000702_table_5 active=3
RECV b3c3 31/1000 rank=497 id=page_001368_table_box_id_242 latency=0.3399s status=ok active=2
SEND b3c3 34/1000 table=page_000213_table_box_id_5 active=3
RECV b3c3 33/1000 rank=552 id=page_000702_table_5 latency=0.2360s status=ok active=2
SEND b3c3 35/1000 table=page_000645_table_7 active=3
RECV b3c3 35/1000 rank=533 id=page_000645_table_7 latency=0.2404s status=ok active=2
SEND b3c3 36/1000 table=page_001152_table_0 active=3
RECV b3c3 32/1000 rank=258 id=page_000222_table_box_id_3 latency=0.7582s status=ok active=2
SEND b3c3 37/1000 table=page_001368_table_box_id_255 active=3
RECV b3c3 37/1000 rank=496 id=page_001368_table_box_id_255 latency=0.2060s status=ok active=2
SEND b3c3 38/1000 table=page_000929_table_0 active=3
RECV b3c3 34/1000 rank=215 id=page_000213_table_box_id_5 latency=0.7518s status=ok active=2
SEND b3c3 39/1000 table=page_001125_table_4 active=3
RECV b3c3 38/1000 rank=307 id=page_000929_table_0 latency=0.4872s status=ok active=2
SEND b3c3 40/1000 table=page_000938_table_5 active=3
RECV b3c3 40/1000 rank=402 id=page_000938_table_5 latency=0.3356s status=ok active=2
SEND b3c3 41/1000 table=page_001367_table_71 active=3
RECV b3c3 39/1000 rank=218 id=page_001125_table_4 latency=0.8400s status=ok active=2
SEND b3c3 42/1000 table=page_001134_table_11 active=3
RECV b3c3 41/1000 rank=612 id=page_001367_table_71 latency=0.1710s status=ok active=2
SEND b3c3 43/1000 table=page_000287_table_box_id_8 active=3
RECV b3c3 36/1000 rank=78 id=page_001152_table_0 latency=1.7989s status=ok active=2
SEND b3c3 44/1000 table=page_000864_table_30 active=3
RECV b3c3 44/1000 rank=620 id=page_000864_table_30 latency=0.0999s status=ok active=2
SEND b3c3 45/1000 table=page_000258_table_box_id_5 active=3
RECV b3c3 45/1000 rank=470 id=page_000258_table_box_id_5 latency=0.2331s status=ok active=2
SEND b3c3 46/1000 table=page_000218_table_box_id_4 active=3
RECV b3c3 42/1000 rank=149 id=page_001134_table_11 latency=1.1392s status=ok active=2
SEND b3c3 47/1000 table=page_000289_table_box_id_4 active=3
RECV b3c3 46/1000 rank=180 id=page_000218_table_box_id_4 latency=0.8115s status=ok active=2
SEND b3c3 48/1000 table=page_001171_table_6 active=3
RECV b3c3 48/1000 rank=374 id=page_001171_table_6 latency=0.3574s status=ok active=2
SEND b3c3 49/1000 table=page_000533_table_5 active=3
RECV b3c3 49/1000 rank=441 id=page_000533_table_5 latency=0.2712s status=ok active=2
SEND b3c3 50/1000 table=page_000637_table_6 active=3
RECV b3c3 43/1000 rank=24 id=page_000287_table_box_id_8 latency=2.9681s status=ok active=2
SEND b3c3 51/1000 table=page_001129_table_10 active=3
RECV b3c3 51/1000 rank=192 id=page_001129_table_10 latency=0.6976s status=ok active=2
SEND b3c3 52/1000 table=page_001398_table_box-5zkimf1o active=3
RECV b3c3 52/1000 rank=518 id=page_001398_table_box-5zkimf1o latency=0.1891s status=ok active=2
SEND b3c3 53/1000 table=page_001122_table_2 active=3
RECV b3c3 53/1000 rank=426 id=page_001122_table_2 latency=0.2945s status=ok active=2
SEND b3c3 54/1000 table=page_001183_table_11 active=3
RECV b3c3 54/1000 rank=395 id=page_001183_table_11 latency=0.3429s status=ok active=2
SEND b3c3 55/1000 table=page_000928_table_17 active=3
RECV b3c3 55/1000 rank=607 id=page_000928_table_17 latency=0.1055s status=ok active=2
SEND b3c3 56/1000 table=page_001367_table_66 active=3
RECV b3c3 50/1000 rank=33 id=page_000637_table_6 latency=2.5067s status=ok active=2
SEND b3c3 57/1000 table=page_000829_table_4 active=3
RECV b3c3 57/1000 rank=491 id=page_000829_table_4 latency=0.2146s status=ok active=2
SEND b3c3 58/1000 table=page_001204_table_4 active=3
RECV b3c3 56/1000 rank=253 id=page_001367_table_66 latency=0.6491s status=ok active=2
SEND b3c3 59/1000 table=page_001368_table_box_id_218 active=3
RECV b3c3 47/1000 rank=14 id=page_000289_table_box_id_4 latency=4.4306s status=ok active=2
SEND b3c3 60/1000 table=page_001011_table_18 active=3
RECV b3c3 58/1000 rank=196 id=page_001204_table_4 latency=0.7747s status=ok active=2
SEND b3c3 61/1000 table=page_001368_table_box_id_167 active=3
RECV b3c3 61/1000 rank=644 id=page_001368_table_box_id_167 latency=0.0660s status=ok active=2
SEND b3c3 62/1000 table=page_001419_table_10 active=3
RECV b3c3 60/1000 rank=387 id=page_001011_table_18 latency=0.3948s status=ok active=2
SEND b3c3 63/1000 table=page_000793_table_8 active=3
RECV b3c3 59/1000 rank=251 id=page_001368_table_box_id_218 latency=0.6523s status=ok active=2
SEND b3c3 64/1000 table=page_000211_table_box_id_3 active=3
RECV b3c3 63/1000 rank=616 id=page_000793_table_8 latency=0.1069s status=ok active=2
SEND b3c3 65/1000 table=page_000652_table_0 active=3
RECV b3c3 62/1000 rank=464 id=page_001419_table_10 latency=0.2806s status=ok active=2
SEND b3c3 66/1000 table=page_000447_table_12 active=3
RECV b3c3 65/1000 rank=505 id=page_000652_table_0 latency=0.3532s status=ok active=2
SEND b3c3 67/1000 table=page_000766_table_2 active=3
RECV b3c3 66/1000 rank=371 id=page_000447_table_12 latency=0.4975s status=ok active=2
SEND b3c3 68/1000 table=page_001216_table_2 active=3
RECV b3c3 64/1000 rank=201 id=page_000211_table_box_id_3 latency=0.7839s status=ok active=2
SEND b3c3 69/1000 table=page_001367_table_68 active=3
RECV b3c3 69/1000 rank=235 id=page_001367_table_68 latency=1.4610s status=ok active=2
SEND b3c3 70/1000 table=page_001367_table_51 active=3
RECV b3c3 68/1000 rank=186 id=page_001216_table_2 latency=1.7375s status=ok active=2
SEND b3c3 71/1000 table=page_000265_table_box_id_3 active=3
RECV b3c3 67/1000 rank=35 id=page_000766_table_2 latency=2.3392s status=ok active=2
SEND b3c3 72/1000 table=page_000526_table_4 active=3
RECV b3c3 70/1000 rank=65 id=page_001367_table_51 latency=0.7308s status=ok active=2
SEND b3c3 73/1000 table=page_001395_table_7 active=3
RECV b3c3 72/1000 rank=410 id=page_000526_table_4 latency=0.4192s status=ok active=2
SEND b3c3 74/1000 table=page_000642_table_6 active=3
RECV b3c3 71/1000 rank=165 id=page_000265_table_box_id_3 latency=1.0222s status=ok active=2
SEND b3c3 75/1000 table=page_000658_table_32 active=3
RECV b3c3 75/1000 rank=658 id=page_000658_table_32 latency=0.0472s status=ok active=2
SEND b3c3 76/1000 table=page_000279_table_box_id_0 active=3
RECV b3c3 73/1000 rank=357 id=page_001395_table_7 latency=0.4794s status=ok active=2
SEND b3c3 77/1000 table=page_000236_table_box_id_1 active=3
RECV b3c3 77/1000 rank=324 id=page_000236_table_box_id_1 latency=0.4774s status=ok active=2
SEND b3c3 78/1000 table=page_001161_table_3 active=3
RECV b3c3 74/1000 rank=170 id=page_000642_table_6 latency=1.0468s status=ok active=2
SEND b3c3 79/1000 table=page_001163_table_0 active=3
RECV b3c3 78/1000 rank=168 id=page_001161_table_3 latency=0.8850s status=ok active=2
SEND b3c3 80/1000 table=page_000253_table_box_id_2 active=3
RECV b3c3 79/1000 rank=126 id=page_001163_table_0 latency=1.0854s status=ok active=2
SEND b3c3 81/1000 table=page_000821_table_box_id_14 active=3
RECV b3c3 80/1000 rank=236 id=page_000253_table_box_id_2 latency=0.5807s status=ok active=2
SEND b3c3 82/1000 table=page_000239_table_box_id_1 active=3
RECV b3c3 81/1000 rank=585 id=page_000821_table_box_id_14 latency=0.1329s status=ok active=2
SEND b3c3 83/1000 table=page_001035_table_28 active=3
RECV b3c3 83/1000 rank=230 id=page_001035_table_28 latency=0.6361s status=ok active=2
SEND b3c3 84/1000 table=page_001432_table_3 active=3
RECV b3c3 82/1000 rank=204 id=page_000239_table_box_id_1 latency=0.7333s status=ok active=2
SEND b3c3 85/1000 table=page_000205_table_box_id_11 active=3
RECV b3c3 84/1000 rank=559 id=page_001432_table_3 latency=0.2139s status=ok active=2
SEND b3c3 86/1000 table=page_000676_table_2 active=3
RECV b3c3 85/1000 rank=317 id=page_000205_table_box_id_11 latency=0.5209s status=ok active=2
SEND b3c3 87/1000 table=page_001378_table_box_id_1 active=3
RECV b3c3 87/1000 rank=398 id=page_001378_table_box_id_1 latency=0.3386s status=ok active=2
SEND b3c3 88/1000 table=page_001089_table_box_id_16 active=3
RECV b3c3 86/1000 rank=112 id=page_000676_table_2 latency=1.2104s status=ok active=2
SEND b3c3 89/1000 table=page_000273_table_box_id_1 active=3
RECV b3c3 88/1000 rank=256 id=page_001089_table_box_id_16 latency=0.5079s status=ok active=2
SEND b3c3 90/1000 table=page_000223_table_box_id_4 active=3
RECV b3c3 90/1000 rank=606 id=page_000223_table_box_id_4 latency=0.2863s status=ok active=2
SEND b3c3 91/1000 table=page_000224_table_box_id_6 active=3
RECV b3c3 91/1000 rank=202 id=page_000224_table_box_id_6 latency=0.6548s status=ok active=2
SEND b3c3 92/1000 table=page_000918_table_5 active=3
RECV b3c3 92/1000 rank=513 id=page_000918_table_5 latency=0.1913s status=ok active=2
SEND b3c3 93/1000 table=page_000781_table_0 active=3
RECV b3c3 93/1000 rank=619 id=page_000781_table_0 latency=0.0934s status=ok active=2
SEND b3c3 94/1000 table=page_001498_table_14 active=3
RECV b3c3 76/1000 rank=01 id=page_000279_table_box_id_0 latency=5.3825s status=ok active=2
SEND b3c3 95/1000 table=page_000652_table_3 active=3
RECV b3c3 95/1000 rank=626 id=page_000652_table_3 latency=0.1541s status=ok active=2
SEND b3c3 96/1000 table=page_001181_table_6 active=3
RECV b3c3 94/1000 rank=443 id=page_001498_table_14 latency=0.2968s status=ok active=2
SEND b3c3 97/1000 table=page_000593_table_0 active=3
RECV b3c3 97/1000 rank=158 id=page_000593_table_0 latency=0.8751s status=ok active=2
SEND b3c3 98/1000 table=page_001375_table_1 active=3
RECV b3c3 96/1000 rank=72 id=page_001181_table_6 latency=1.5259s status=ok active=2
SEND b3c3 99/1000 table=page_000720_table_3 active=3
RECV b3c3 99/1000 rank=574 id=page_000720_table_3 latency=0.1375s status=ok active=2
SEND b3c3 100/1000 table=page_000182_table_box_id_2 active=3
RECV b3c3 89/1000 rank=22 id=page_000273_table_box_id_1 latency=3.3115s status=ok active=2
SEND b3c3 101/1000 table=page_000245_table_box_id_0 active=3
RECV b3c3 100/1000 rank=297 id=page_000182_table_box_id_2 latency=0.5265s status=ok active=2
SEND b3c3 102/1000 table=page_000266_table_box_id_7 active=3
RECV b3c3 98/1000 rank=111 id=page_001375_table_1 latency=1.3543s status=ok active=2
SEND b3c3 103/1000 table=page_001208_table_12 active=3
RECV b3c3 102/1000 rank=509 id=page_000266_table_box_id_7 latency=0.2353s status=ok active=2
SEND b3c3 104/1000 table=page_000214_table_box_id_6 active=3
RECV b3c3 103/1000 rank=388 id=page_001208_table_12 latency=0.4398s status=ok active=2
SEND b3c3 105/1000 table=page_000514_table_8 active=3
RECV b3c3 101/1000 rank=177 id=page_000245_table_box_id_0 latency=0.9084s status=ok active=2
SEND b3c3 106/1000 table=page_001398_table_box-13qv1ztw active=3
RECV b3c3 106/1000 rank=511 id=page_001398_table_box-13qv1ztw latency=0.2807s status=ok active=2
SEND b3c3 107/1000 table=page_000668_table_15 active=3
RECV b3c3 105/1000 rank=411 id=page_000514_table_8 latency=0.3689s status=ok active=2
SEND b3c3 108/1000 table=page_000641_table_8 active=3
RECV b3c3 107/1000 rank=613 id=page_000668_table_15 latency=0.1256s status=ok active=2
SEND b3c3 109/1000 table=page_000419_table_4 active=3
RECV b3c3 108/1000 rank=539 id=page_000641_table_8 latency=0.1750s status=ok active=2
SEND b3c3 110/1000 table=page_001398_table_box-l1p3lf8a active=3
RECV b3c3 110/1000 rank=534 id=page_001398_table_box-l1p3lf8a latency=0.2763s status=ok active=2
SEND b3c3 111/1000 table=page_000800_table_12 active=3
RECV b3c3 111/1000 rank=655 id=page_000800_table_12 latency=0.0467s status=ok active=2
SEND b3c3 112/1000 table=page_000742_table_5 active=3
RECV b3c3 104/1000 rank=141 id=page_000214_table_box_id_6 latency=1.2353s status=ok active=2
SEND b3c3 113/1000 table=page_000844_table_6 active=3
RECV b3c3 112/1000 rank=327 id=page_000742_table_5 latency=0.4786s status=ok active=2
SEND b3c3 114/1000 table=page_000291_table_box_id_0 active=3
RECV b3c3 113/1000 rank=341 id=page_000844_table_6 latency=0.4332s status=ok active=2
SEND b3c3 115/1000 table=page_001274_table_4 active=3
RECV b3c3 109/1000 rank=160 id=page_000419_table_4 latency=1.1507s status=ok active=2
SEND b3c3 116/1000 table=page_000918_table_6 active=3
RECV b3c3 116/1000 rank=577 id=page_000918_table_6 latency=0.2291s status=ok active=2
SEND b3c3 117/1000 table=page_001142_table_13 active=3
RECV b3c3 117/1000 rank=459 id=page_001142_table_13 latency=0.2476s status=ok active=2
SEND b3c3 118/1000 table=page_001192_table_2 active=3
RECV b3c3 118/1000 rank=81 id=page_001192_table_2 latency=1.3312s status=ok active=2
SEND b3c3 119/1000 table=page_001368_table_box_id_257 active=3
RECV b3c3 119/1000 rank=473 id=page_001368_table_box_id_257 latency=0.2284s status=ok active=2
SEND b3c3 120/1000 table=page_000264_table_box_id_5 active=3
RECV b3c3 115/1000 rank=17 id=page_001274_table_4 latency=3.7438s status=ok active=2
SEND b3c3 121/1000 table=page_001368_table_box_id_263 active=3
RECV b3c3 120/1000 rank=36 id=page_000264_table_box_id_5 latency=2.1268s status=ok active=2
SEND b3c3 122/1000 table=page_000647_table_5 active=3
RECV b3c3 121/1000 rank=191 id=page_001368_table_box_id_263 latency=0.6778s status=ok active=2
SEND b3c3 123/1000 table=page_001127_table_4 active=3
RECV b3c3 114/1000 rank=07 id=page_000291_table_box_id_0 latency=4.8316s status=ok active=2
SEND b3c3 124/1000 table=page_001637_table_5 active=3
RECV b3c3 122/1000 rank=302 id=page_000647_table_5 latency=0.5380s status=ok active=2
SEND b3c3 125/1000 table=page_001368_table_box_id_268 active=3
RECV b3c3 124/1000 rank=603 id=page_001637_table_5 latency=0.1354s status=ok active=2
SEND b3c3 126/1000 table=page_001130_table_13 active=3
RECV b3c3 125/1000 rank=665 id=page_001368_table_box_id_268 latency=0.0443s status=ok active=2
SEND b3c3 127/1000 table=page_001368_table_box_id_273 active=3
RECV b3c3 123/1000 rank=273 id=page_001127_table_4 latency=0.6924s status=ok active=2
SEND b3c3 128/1000 table=page_001193_table_4 active=3
RECV b3c3 126/1000 rank=531 id=page_001130_table_13 latency=0.1920s status=ok active=2
SEND b3c3 129/1000 table=page_000710_table_9 active=3
RECV b3c3 127/1000 rank=570 id=page_001368_table_box_id_273 latency=0.3324s status=ok active=2
SEND b3c3 130/1000 table=page_001368_table_box_id_165 active=3
RECV b3c3 129/1000 rank=514 id=page_000710_table_9 latency=0.2430s status=ok active=2
SEND b3c3 131/1000 table=page_000195_table_box_id_0 active=3
RECV b3c3 130/1000 rank=604 id=page_001368_table_box_id_165 latency=0.1087s status=ok active=2
SEND b3c3 132/1000 table=page_001342_table_2 active=3
RECV b3c3 128/1000 rank=342 id=page_001193_table_4 latency=0.6655s status=ok active=2
SEND b3c3 133/1000 table=page_000743_table_4 active=3
RECV b3c3 133/1000 rank=581 id=page_000743_table_4 latency=0.1311s status=ok active=2
SEND b3c3 134/1000 table=page_001367_table_3 active=3
RECV b3c3 132/1000 rank=185 id=page_001342_table_2 latency=0.9110s status=ok active=2
SEND b3c3 135/1000 table=page_001209_table_4 active=3
RECV b3c3 131/1000 rank=169 id=page_000195_table_box_id_0 latency=1.0295s status=ok active=2
SEND b3c3 136/1000 table=page_000287_table_box_id_1 active=3
RECV b3c3 135/1000 rank=524 id=page_001209_table_4 latency=0.2522s status=ok active=2
SEND b3c3 137/1000 table=page_000233_table_box_id_2 active=3
RECV b3c3 134/1000 rank=101 id=page_001367_table_3 latency=1.3638s status=ok active=2
SEND b3c3 138/1000 table=page_000789_table_34 active=3
RECV b3c3 138/1000 rank=639 id=page_000789_table_34 latency=0.0745s status=ok active=2
SEND b3c3 139/1000 table=page_001147_table_5 active=3
RECV b3c3 136/1000 rank=154 id=page_000287_table_box_id_1 latency=0.9711s status=ok active=2
SEND b3c3 140/1000 table=page_000833_table_4 active=3
RECV b3c3 140/1000 rank=352 id=page_000833_table_4 latency=0.4159s status=ok active=2
SEND b3c3 141/1000 table=page_001186_table_10 active=3
RECV b3c3 141/1000 rank=372 id=page_001186_table_10 latency=0.3591s status=ok active=2
SEND b3c3 142/1000 table=page_001271_table_4 active=3
RECV b3c3 137/1000 rank=38 id=page_000233_table_box_id_2 latency=2.4483s status=ok active=2
SEND b3c3 143/1000 table=page_001167_table_2 active=3
RECV b3c3 143/1000 rank=422 id=page_001167_table_2 latency=0.2983s status=ok active=2
SEND b3c3 144/1000 table=page_000206_table_box_id_1 active=3
RECV b3c3 139/1000 rank=47 id=page_001147_table_5 latency=2.1554s status=ok active=2
SEND b3c3 145/1000 table=page_000234_table_box_id_5 active=3
RECV b3c3 144/1000 rank=309 id=page_000206_table_box_id_1 latency=0.5256s status=ok active=2
SEND b3c3 146/1000 table=page_000205_table_box_id_13 active=3
RECV b3c3 146/1000 rank=282 id=page_000205_table_box_id_13 latency=0.4693s status=ok active=2
SEND b3c3 147/1000 table=page_001595_table_box_id_14 active=3
RECV b3c3 142/1000 rank=27 id=page_001271_table_4 latency=2.5983s status=ok active=2
SEND b3c3 148/1000 table=page_000632_table_0 active=3
RECV b3c3 145/1000 rank=97 id=page_000234_table_box_id_5 latency=1.4516s status=ok active=2
SEND b3c3 149/1000 table=page_001140_table_12 active=3
RECV b3c3 147/1000 rank=214 id=page_001595_table_box_id_14 latency=0.7714s status=ok active=2
SEND b3c3 150/1000 table=page_000683_table_8 active=3
RECV b3c3 150/1000 rank=589 id=page_000683_table_8 latency=0.1230s status=ok active=2
SEND b3c3 151/1000 table=page_000755_table_3 active=3
RECV b3c3 151/1000 rank=553 id=page_000755_table_3 latency=0.1493s status=ok active=2
SEND b3c3 152/1000 table=page_000495_table_9 active=3
RECV b3c3 149/1000 rank=401 id=page_001140_table_12 latency=0.4102s status=ok active=2
SEND b3c3 153/1000 table=page_000861_table_17 active=3
RECV b3c3 153/1000 rank=156 id=page_000861_table_17 latency=0.8928s status=ok active=2
SEND b3c3 154/1000 table=page_000503_table_1 active=3
RECV b3c3 152/1000 rank=164 id=page_000495_table_9 latency=0.9295s status=ok active=2
SEND b3c3 155/1000 table=page_000420_table_0 active=3
RECV b3c3 155/1000 rank=305 id=page_000420_table_0 latency=0.4545s status=ok active=2
SEND b3c3 156/1000 table=page_000920_table_8 active=3
RECV b3c3 148/1000 rank=55 id=page_000632_table_0 latency=2.2766s status=ok active=2
SEND b3c3 157/1000 table=page_001176_table_4 active=3
RECV b3c3 154/1000 rank=206 id=page_000503_table_1 latency=0.8494s status=ok active=2
SEND b3c3 158/1000 table=page_001123_table_14 active=3
RECV b3c3 156/1000 rank=368 id=page_000920_table_8 latency=0.3785s status=ok active=2
SEND b3c3 159/1000 table=page_000683_table_5 active=3
RECV b3c3 159/1000 rank=596 id=page_000683_table_5 latency=0.2288s status=ok active=2
SEND b3c3 160/1000 table=page_000286_table_box_id_1 active=3
RECV b3c3 158/1000 rank=413 id=page_001123_table_14 latency=0.5177s status=ok active=2
SEND b3c3 161/1000 table=page_000324_table_0 active=3
RECV b3c3 161/1000 rank=414 id=page_000324_table_0 latency=0.3150s status=ok active=2
SEND b3c3 162/1000 table=page_000937_table_1 active=3
RECV b3c3 162/1000 rank=415 id=page_000937_table_1 latency=0.3031s status=ok active=2
SEND b3c3 163/1000 table=page_000507_table_6 active=3
RECV b3c3 157/1000 rank=122 id=page_001176_table_4 latency=1.4258s status=ok active=2
SEND b3c3 164/1000 table=page_000227_table_box_id_1 active=3
RECV b3c3 163/1000 rank=176 id=page_000507_table_6 latency=0.8081s status=ok active=2
SEND b3c3 165/1000 table=page_001368_table_box_id_250 active=3
RECV b3c3 165/1000 rank=486 id=page_001368_table_box_id_250 latency=0.2008s status=ok active=2
SEND b3c3 166/1000 table=page_001011_table_30 active=3
RECV b3c3 164/1000 rank=124 id=page_000227_table_box_id_1 latency=1.0864s status=ok active=2
SEND b3c3 167/1000 table=page_001506_table_14 active=3
RECV b3c3 167/1000 rank=549 id=page_001506_table_14 latency=0.1502s status=ok active=2
SEND b3c3 168/1000 table=page_001164_table_9 active=3
RECV b3c3 166/1000 rank=142 id=page_001011_table_30 latency=1.0231s status=ok active=2
SEND b3c3 169/1000 table=page_001376_table_5 active=3
RECV b3c3 169/1000 rank=437 id=page_001376_table_5 latency=0.2676s status=ok active=2
SEND b3c3 170/1000 table=page_000814_table_0 active=3
RECV b3c3 170/1000 rank=614 id=page_000814_table_0 latency=0.0974s status=ok active=2
SEND b3c3 171/1000 table=page_000866_table_1 active=3
RECV b3c3 171/1000 rank=434 id=page_000866_table_1 latency=0.2709s status=ok active=2
SEND b3c3 172/1000 table=page_001522_table_8 active=3
RECV b3c3 172/1000 rank=234 id=page_001522_table_8 latency=0.5341s status=ok active=2
SEND b3c3 173/1000 table=page_000418_table_3 active=3
RECV b3c3 160/1000 rank=15 id=page_000286_table_box_id_1 latency=4.3671s status=ok active=2
SEND b3c3 174/1000 table=page_000631_table_0 active=3
RECV b3c3 168/1000 rank=45 id=page_001164_table_9 latency=2.1880s status=ok active=2
SEND b3c3 175/1000 table=page_000267_table_box_id_1 active=3
RECV b3c3 173/1000 rank=205 id=page_000418_table_3 latency=0.7991s status=ok active=2
SEND b3c3 176/1000 table=page_001368_table_box_id_239 active=3
RECV b3c3 176/1000 rank=512 id=page_001368_table_box_id_239 latency=0.1792s status=ok active=2
SEND b3c3 177/1000 table=page_000946_table_14 active=3
RECV b3c3 177/1000 rank=461 id=page_000946_table_14 latency=0.2448s status=ok active=2
SEND b3c3 178/1000 table=page_001375_table_7 active=3
RECV b3c3 174/1000 rank=147 id=page_000631_table_0 latency=1.0830s status=ok active=2
SEND b3c3 179/1000 table=page_000274_table_box_id_0 active=3
RECV b3c3 178/1000 rank=458 id=page_001375_table_7 latency=0.3036s status=ok active=2
SEND b3c3 180/1000 table=page_001637_table_4 active=3
RECV b3c3 180/1000 rank=599 id=page_001637_table_4 latency=0.1083s status=ok active=2
SEND b3c3 181/1000 table=page_000256_table_box_id_3 active=3
RECV b3c3 181/1000 rank=353 id=page_000256_table_box_id_3 latency=0.3728s status=ok active=2
SEND b3c3 182/1000 table=page_001413_table_7 active=3
RECV b3c3 182/1000 rank=484 id=page_001413_table_7 latency=0.2066s status=ok active=2
SEND b3c3 183/1000 table=page_001368_table_box_id_276 active=3
RECV b3c3 183/1000 rank=638 id=page_001368_table_box_id_276 latency=0.0705s status=ok active=2
SEND b3c3 184/1000 table=page_000763_table_7 active=3
RECV b3c3 184/1000 rank=647 id=page_000763_table_7 latency=0.0603s status=ok active=2
SEND b3c3 185/1000 table=page_000826_table_32 active=3
RECV b3c3 175/1000 rank=62 id=page_000267_table_box_id_1 latency=1.9649s status=ok active=2
SEND b3c3 186/1000 table=page_000225_table_box_id_13 active=3
RECV b3c3 179/1000 rank=139 id=page_000274_table_box_id_0 latency=1.1148s status=ok active=2
SEND b3c3 187/1000 table=page_000226_table_box_id_5 active=3
RECV b3c3 185/1000 rank=578 id=page_000826_table_32 latency=0.2853s status=ok active=2
SEND b3c3 188/1000 table=page_000697_table_9 active=3
RECV b3c3 188/1000 rank=489 id=page_000697_table_9 latency=0.2099s status=ok active=2
SEND b3c3 189/1000 table=page_000434_table_15 active=3
RECV b3c3 187/1000 rank=405 id=page_000226_table_box_id_5 latency=0.5284s status=ok active=2
SEND b3c3 190/1000 table=page_000451_table_12 active=3
RECV b3c3 186/1000 rank=200 id=page_000225_table_box_id_13 latency=0.9317s status=ok active=2
SEND b3c3 191/1000 table=page_000799_table_6 active=3
RECV b3c3 189/1000 rank=267 id=page_000434_table_15 latency=0.5463s status=ok active=2
SEND b3c3 192/1000 table=page_001117_table_box_id_7 active=3
RECV b3c3 192/1000 rank=483 id=page_001117_table_box_id_7 latency=0.2605s status=ok active=2
SEND b3c3 193/1000 table=page_000268_table_box_id_2 active=3
RECV b3c3 191/1000 rank=400 id=page_000799_table_6 latency=0.3699s status=ok active=2
SEND b3c3 194/1000 table=page_000534_table_4 active=3
RECV b3c3 190/1000 rank=74 id=page_000451_table_12 latency=1.0347s status=ok active=2
SEND b3c3 195/1000 table=page_000984_table_3 active=3
RECV b3c3 194/1000 rank=221 id=page_000534_table_4 latency=0.6673s status=ok active=2
SEND b3c3 196/1000 table=page_001125_table_2 active=3
RECV b3c3 195/1000 rank=238 id=page_000984_table_3 latency=0.5770s status=ok active=2
SEND b3c3 197/1000 table=page_000250_table_box_id_4 active=3
RECV b3c3 193/1000 rank=133 id=page_000268_table_box_id_2 latency=1.2334s status=ok active=2
SEND b3c3 198/1000 table=page_000220_table_box_id_10 active=3
RECV b3c3 196/1000 rank=261 id=page_001125_table_2 latency=0.6412s status=ok active=2
SEND b3c3 199/1000 table=page_000465_table_8 active=3
RECV b3c3 198/1000 rank=406 id=page_000220_table_box_id_10 latency=0.3801s status=ok active=2
SEND b3c3 200/1000 table=page_000903_table_15 active=3
RECV b3c3 200/1000 rank=522 id=page_000903_table_15 latency=0.1826s status=ok active=2
SEND b3c3 201/1000 table=page_001493_table_box_id_19 active=3
RECV b3c3 199/1000 rank=331 id=page_000465_table_8 latency=0.4464s status=ok active=2
SEND b3c3 202/1000 table=page_000266_table_box_id_9 active=3
RECV b3c3 201/1000 rank=536 id=page_001493_table_box_id_19 latency=0.2017s status=ok active=2
SEND b3c3 203/1000 table=page_001133_table_3 active=3
RECV b3c3 202/1000 rank=479 id=page_000266_table_box_id_9 latency=0.2478s status=ok active=2
SEND b3c3 204/1000 table=page_001164_table_2 active=3
RECV b3c3 197/1000 rank=86 id=page_000250_table_box_id_4 latency=1.6735s status=ok active=2
SEND b3c3 205/1000 table=page_000552_table_9 active=3
RECV b3c3 205/1000 rank=579 id=page_000552_table_9 latency=0.1307s status=ok active=2
SEND b3c3 206/1000 table=page_000288_table_box_id_1 active=3
RECV b3c3 203/1000 rank=123 id=page_001133_table_3 latency=1.1993s status=ok active=2
SEND b3c3 207/1000 table=page_000268_table_box_id_4 active=3
RECV b3c3 207/1000 rank=361 id=page_000268_table_box_id_4 latency=0.3820s status=ok active=2
SEND b3c3 208/1000 table=page_000937_table_0 active=3
RECV b3c3 208/1000 rank=350 id=page_000937_table_0 latency=0.3893s status=ok active=2
SEND b3c3 209/1000 table=page_001189_table_box_id_2 active=3
RECV b3c3 209/1000 rank=423 id=page_001189_table_box_id_2 latency=0.2963s status=ok active=2
SEND b3c3 210/1000 table=page_000202_table_box_id_0 active=3
RECV b3c3 204/1000 rank=40 id=page_001164_table_2 latency=2.4614s status=ok active=2
SEND b3c3 211/1000 table=page_000641_table_5 active=3
RECV b3c3 210/1000 rank=326 id=page_000202_table_box_id_0 latency=0.4385s status=ok active=2
SEND b3c3 212/1000 table=page_000256_table_box_id_12 active=3
RECV b3c3 211/1000 rank=485 id=page_000641_table_5 latency=0.2195s status=ok active=2
SEND b3c3 213/1000 table=page_000425_table_3 active=3
RECV b3c3 212/1000 rank=369 id=page_000256_table_box_id_12 latency=0.4635s status=ok active=2
SEND b3c3 214/1000 table=page_000984_table_2 active=3
RECV b3c3 214/1000 rank=625 id=page_000984_table_2 latency=0.0866s status=ok active=2
SEND b3c3 215/1000 table=page_001119_table_box_id_2 active=3
RECV b3c3 215/1000 rank=272 id=page_001119_table_box_id_2 latency=0.4701s status=ok active=2
SEND b3c3 216/1000 table=page_001121_table_7 active=3
RECV b3c3 213/1000 rank=138 id=page_000425_table_3 latency=1.0865s status=ok active=2
SEND b3c3 217/1000 table=page_000661_table_4 active=3
RECV b3c3 217/1000 rank=663 id=page_000661_table_4 latency=0.0449s status=ok active=2
SEND b3c3 218/1000 table=page_000255_table_box_id_2 active=3
RECV b3c3 216/1000 rank=427 id=page_001121_table_7 latency=0.4026s status=ok active=2
SEND b3c3 219/1000 table=page_001128_table_2 active=3
RECV b3c3 219/1000 rank=144 id=page_001128_table_2 latency=0.8803s status=ok active=2
SEND b3c3 220/1000 table=page_000292_table_box_id_1 active=3
RECV b3c3 206/1000 rank=08 id=page_000288_table_box_id_1 latency=5.1751s status=ok active=2
SEND b3c3 221/1000 table=page_000465_table_10 active=3
RECV b3c3 218/1000 rank=42 id=page_000255_table_box_id_2 latency=2.1618s status=ok active=2
SEND b3c3 222/1000 table=page_001132_table_box_id_10 active=3
RECV b3c3 221/1000 rank=339 id=page_000465_table_10 latency=0.4379s status=ok active=2
SEND b3c3 223/1000 table=page_001082_table_23 active=3
RECV b3c3 222/1000 rank=227 id=page_001132_table_box_id_10 latency=0.6392s status=ok active=2
SEND b3c3 224/1000 table=page_000758_table_21 active=3
RECV b3c3 224/1000 rank=636 id=page_000758_table_21 latency=0.0747s status=ok active=2
SEND b3c3 225/1000 table=page_001219_table_box_id_1 active=3
RECV b3c3 223/1000 rank=316 id=page_001082_table_23 latency=0.4505s status=ok active=2
SEND b3c3 226/1000 table=page_000982_table_16 active=3
RECV b3c3 226/1000 rank=495 id=page_000982_table_16 latency=0.2735s status=ok active=2
SEND b3c3 227/1000 table=page_001233_table_6 active=3
RECV b3c3 227/1000 rank=241 id=page_001233_table_6 latency=0.5328s status=ok active=2
SEND b3c3 228/1000 table=page_000466_table_0 active=3
RECV b3c3 220/1000 rank=25 id=page_000292_table_box_id_1 latency=2.8548s status=ok active=2
SEND b3c3 229/1000 table=page_000677_table_23 active=3
RECV b3c3 229/1000 rank=642 id=page_000677_table_23 latency=0.0689s status=ok active=2
SEND b3c3 230/1000 table=page_000237_table_box_id_3 active=3
RECV b3c3 225/1000 rank=50 id=page_001219_table_box_id_1 latency=2.0419s status=ok active=2
SEND b3c3 231/1000 table=page_000526_table_7 active=3
RECV b3c3 231/1000 rank=438 id=page_000526_table_7 latency=0.2706s status=ok active=2
SEND b3c3 232/1000 table=page_000298_table_5 active=3
RECV b3c3 230/1000 rank=108 id=page_000237_table_box_id_3 latency=1.1617s status=ok active=2
SEND b3c3 233/1000 table=page_001499_table_12 active=3
RECV b3c3 233/1000 rank=321 id=page_001499_table_12 latency=0.4366s status=ok active=2
SEND b3c3 234/1000 table=page_001432_table_20 active=3
RECV b3c3 232/1000 rank=274 id=page_000298_table_5 latency=0.5839s status=ok active=2
SEND b3c3 235/1000 table=page_001136_table_4 active=3
RECV b3c3 234/1000 rank=560 id=page_001432_table_20 latency=0.1458s status=ok active=2
SEND b3c3 236/1000 table=page_001368_table_box_id_237 active=3
RECV b3c3 228/1000 rank=51 id=page_000466_table_0 latency=2.1538s status=ok active=2
SEND b3c3 237/1000 table=page_000467_table_17 active=3
RECV b3c3 236/1000 rank=468 id=page_001368_table_box_id_237 latency=0.3126s status=ok active=2
SEND b3c3 238/1000 table=page_000745_table_2 active=3
RECV b3c3 235/1000 rank=407 id=page_001136_table_4 latency=0.4040s status=ok active=2
SEND b3c3 239/1000 table=page_000523_table_1 active=3
RECV b3c3 238/1000 rank=455 id=page_000745_table_2 latency=0.2848s status=ok active=2
SEND b3c3 240/1000 table=page_000297_table_5 active=3
RECV b3c3 239/1000 rank=471 id=page_000523_table_1 latency=0.3257s status=ok active=2
SEND b3c3 241/1000 table=page_000524_table_0 active=3
RECV b3c3 240/1000 rank=175 id=page_000297_table_5 latency=0.8314s status=ok active=2
SEND b3c3 242/1000 table=page_000657_table_6 active=3
RECV b3c3 237/1000 rank=120 id=page_000467_table_17 latency=1.3716s status=ok active=2
SEND b3c3 243/1000 table=page_000520_table_6 active=3
RECV b3c3 242/1000 rank=659 id=page_000657_table_6 latency=0.0492s status=ok active=2
SEND b3c3 244/1000 table=page_000203_table_box_id_3 active=3
RECV b3c3 241/1000 rank=140 id=page_000524_table_0 latency=1.1570s status=ok active=2
SEND b3c3 245/1000 table=page_000522_table_1 active=3
RECV b3c3 243/1000 rank=378 id=page_000520_table_6 latency=0.4978s status=ok active=2
SEND b3c3 246/1000 table=page_000246_table_box_id_6 active=3
RECV b3c3 246/1000 rank=575 id=page_000246_table_box_id_6 latency=0.1331s status=ok active=2
SEND b3c3 247/1000 table=page_000261_table_box_id_3 active=3
RECV b3c3 245/1000 rank=452 id=page_000522_table_1 latency=0.2966s status=ok active=2
SEND b3c3 248/1000 table=page_000106_table_box_id_2 active=3
RECV b3c3 248/1000 rank=208 id=page_000106_table_box_id_2 latency=0.7821s status=ok active=2
SEND b3c3 249/1000 table=page_000603_table_7 active=3
RECV b3c3 249/1000 rank=403 id=page_000603_table_7 latency=0.3352s status=ok active=2
SEND b3c3 250/1000 table=page_000721_table_19 active=3
RECV b3c3 250/1000 rank=583 id=page_000721_table_19 latency=0.1297s status=ok active=2
SEND b3c3 251/1000 table=page_000634_table_11 active=3
RECV b3c3 244/1000 rank=64 id=page_000203_table_box_id_3 latency=1.9453s status=ok active=2
SEND b3c3 252/1000 table=page_001149_table_0 active=3
RECV b3c3 252/1000 rank=223 id=page_001149_table_0 latency=0.6105s status=ok active=2
SEND b3c3 253/1000 table=page_001368_table_box_id_220 active=3
RECV b3c3 251/1000 rank=225 id=page_000634_table_11 latency=0.6959s status=ok active=2
SEND b3c3 254/1000 table=page_000841_table_28 active=3
RECV b3c3 254/1000 rank=633 id=page_000841_table_28 latency=0.0782s status=ok active=2
SEND b3c3 255/1000 table=page_001158_table_3 active=3
RECV b3c3 247/1000 rank=54 id=page_000261_table_box_id_3 latency=2.0838s status=ok active=2
SEND b3c3 256/1000 table=page_000201_table_box-w2ehqidz active=3
RECV b3c3 253/1000 rank=530 id=page_001368_table_box_id_220 latency=0.2725s status=ok active=2
SEND b3c3 257/1000 table=page_000913_table_11 active=3
RECV b3c3 257/1000 rank=510 id=page_000913_table_11 latency=0.2364s status=ok active=2
SEND b3c3 258/1000 table=page_000554_table_0 active=3
RECV b3c3 258/1000 rank=566 id=page_000554_table_0 latency=0.1425s status=ok active=2
SEND b3c3 259/1000 table=page_001190_table_8 active=3
RECV b3c3 255/1000 rank=325 id=page_001158_table_3 latency=0.6363s status=ok active=2
SEND b3c3 260/1000 table=page_000785_table_7 active=3
RECV b3c3 256/1000 rank=228 id=page_000201_table_box-w2ehqidz latency=0.7819s status=ok active=2
SEND b3c3 261/1000 table=page_000915_table_2 active=3
RECV b3c3 260/1000 rank=545 id=page_000785_table_7 latency=0.1598s status=ok active=2
SEND b3c3 262/1000 table=page_001172_table_16 active=3
RECV b3c3 261/1000 rank=611 id=page_000915_table_2 latency=0.1671s status=ok active=2
SEND b3c3 263/1000 table=page_000295_table_box_id_1 active=3
RECV b3c3 262/1000 rank=337 id=page_001172_table_16 latency=0.5110s status=ok active=2
SEND b3c3 264/1000 table=page_000647_table_6 active=3
RECV b3c3 264/1000 rank=563 id=page_000647_table_6 latency=0.1449s status=ok active=2
SEND b3c3 265/1000 table=page_001129_table_9 active=3
RECV b3c3 259/1000 rank=193 id=page_001190_table_8 latency=1.0340s status=ok active=2
SEND b3c3 266/1000 table=page_000268_table_box_id_6 active=3
RECV b3c3 266/1000 rank=375 id=page_000268_table_box_id_6 latency=0.3546s status=ok active=2
SEND b3c3 267/1000 table=page_000216_table_box_id_0 active=3
RECV b3c3 265/1000 rank=362 id=page_001129_table_9 latency=0.4529s status=ok active=2
SEND b3c3 268/1000 table=page_001125_table_9 active=3
RECV b3c3 268/1000 rank=89 id=page_001125_table_9 latency=1.3263s status=ok active=2
SEND b3c3 269/1000 table=page_000294_table_box_id_1 active=3
RECV b3c3 269/1000 rank=84 id=page_000294_table_box_id_1 latency=1.3383s status=ok active=2
SEND b3c3 270/1000 table=page_001134_table_10 active=3
RECV b3c3 267/1000 rank=23 id=page_000216_table_box_id_0 latency=2.8680s status=ok active=2
SEND b3c3 271/1000 table=page_000277_table_box_id_1 active=3
RECV b3c3 270/1000 rank=134 id=page_001134_table_10 latency=1.0850s status=ok active=2
SEND b3c3 272/1000 table=page_000206_table_box_id_9 active=3
RECV b3c3 263/1000 rank=10 id=page_000295_table_box_id_1 latency=4.8869s status=ok active=2
SEND b3c3 273/1000 table=page_001375_table_31 active=3
RECV b3c3 273/1000 rank=631 id=page_001375_table_31 latency=0.0778s status=ok active=2
SEND b3c3 274/1000 table=page_000823_table_8 active=3
RECV b3c3 274/1000 rank=637 id=page_000823_table_8 latency=0.0751s status=ok active=2
SEND b3c3 275/1000 table=page_000635_table_0 active=3
RECV b3c3 272/1000 rank=293 id=page_000206_table_box_id_9 latency=0.5858s status=ok active=2
SEND b3c3 276/1000 table=page_000260_table_box_id_0 active=3
RECV b3c3 275/1000 rank=179 id=page_000635_table_0 latency=0.8215s status=ok active=2
SEND b3c3 277/1000 table=page_000532_table_5 active=3
RECV b3c3 276/1000 rank=183 id=page_000260_table_box_id_0 latency=0.7905s status=ok active=2
SEND b3c3 278/1000 table=page_000665_table_7 active=3
RECV b3c3 278/1000 rank=664 id=page_000665_table_7 latency=0.0461s status=ok active=2
SEND b3c3 279/1000 table=page_000208_table_box_id_7 active=3
RECV b3c3 277/1000 rank=404 id=page_000532_table_5 latency=0.4503s status=ok active=2
SEND b3c3 280/1000 table=page_000178_table_box_id_1 active=3
RECV b3c3 279/1000 rank=292 id=page_000208_table_box_id_7 latency=0.5514s status=ok active=2
SEND b3c3 281/1000 table=page_000612_table_6 active=3
RECV b3c3 281/1000 rank=295 id=page_000612_table_6 latency=0.4537s status=ok active=2
SEND b3c3 282/1000 table=page_000942_table_3 active=3
RECV b3c3 282/1000 rank=279 id=page_000942_table_3 latency=0.4673s status=ok active=2
SEND b3c3 283/1000 table=page_001166_table_5 active=3
RECV b3c3 280/1000 rank=103 id=page_000178_table_box_id_1 latency=1.3066s status=ok active=2
SEND b3c3 284/1000 table=page_000250_table_box-stnne6dt active=3
RECV b3c3 283/1000 rank=472 id=page_001166_table_5 latency=0.3188s status=ok active=2
SEND b3c3 285/1000 table=page_001270_table_box_id_1 active=3
RECV b3c3 271/1000 rank=13 id=page_000277_table_box_id_1 latency=4.8620s status=ok active=2
SEND b3c3 286/1000 table=page_001169_table_11 active=3
RECV b3c3 286/1000 rank=521 id=page_001169_table_11 latency=0.1784s status=ok active=2
SEND b3c3 287/1000 table=page_001154_table_10 active=3
RECV b3c3 284/1000 rank=93 id=page_000250_table_box-stnne6dt latency=1.4345s status=ok active=2
SEND b3c3 288/1000 table=page_000938_table_3 active=3
RECV b3c3 285/1000 rank=95 id=page_001270_table_box_id_1 latency=1.4081s status=ok active=2
SEND b3c3 289/1000 table=page_000190_table_box_id_0 active=3
RECV b3c3 288/1000 rank=347 id=page_000938_table_3 latency=0.4828s status=ok active=2
SEND b3c3 290/1000 table=page_000640_table_8 active=3
RECV b3c3 287/1000 rank=245 id=page_001154_table_10 latency=0.7265s status=ok active=2
SEND b3c3 291/1000 table=page_000643_table_4 active=3
RECV b3c3 289/1000 rank=430 id=page_000190_table_box_id_0 latency=0.3635s status=ok active=2
SEND b3c3 292/1000 table=page_001368_table_box_id_161 active=3
RECV b3c3 292/1000 rank=332 id=page_001368_table_box_id_161 latency=0.4519s status=ok active=2
SEND b3c3 293/1000 table=page_000210_table_box_id_0 active=3
RECV b3c3 290/1000 rank=211 id=page_000640_table_8 latency=0.8439s status=ok active=2
SEND b3c3 294/1000 table=page_000715_table_14 active=3
RECV b3c3 294/1000 rank=618 id=page_000715_table_14 latency=0.0965s status=ok active=2
SEND b3c3 295/1000 table=page_000230_table_box_id_7 active=3
RECV b3c3 293/1000 rank=222 id=page_000210_table_box_id_0 latency=0.7236s status=ok active=2
SEND b3c3 296/1000 table=page_000934_table_1 active=3
RECV b3c3 296/1000 rank=567 id=page_000934_table_1 latency=0.1451s status=ok active=2
SEND b3c3 297/1000 table=page_001367_table_73 active=3
RECV b3c3 297/1000 rank=555 id=page_001367_table_73 latency=0.1498s status=ok active=2
SEND b3c3 298/1000 table=page_000280_table_box_id_1 active=3
RECV b3c3 295/1000 rank=87 id=page_000230_table_box_id_7 latency=1.3827s status=ok active=2
SEND b3c3 299/1000 table=page_000647_table_4 active=3
RECV b3c3 299/1000 rank=650 id=page_000647_table_4 latency=0.0631s status=ok active=2
SEND b3c3 300/1000 table=page_001166_table_9 active=3
RECV b3c3 291/1000 rank=39 id=page_000643_table_4 latency=2.5924s status=ok active=2
SEND b3c3 301/1000 table=page_001398_table_box-1nnly5de active=3
RECV b3c3 300/1000 rank=436 id=page_001166_table_9 latency=0.3073s status=ok active=2
SEND b3c3 302/1000 table=page_000494_table_7 active=3
RECV b3c3 301/1000 rank=386 id=page_001398_table_box-1nnly5de latency=0.3838s status=ok active=2
SEND b3c3 303/1000 table=page_000945_table_4 active=3
RECV b3c3 302/1000 rank=354 id=page_000494_table_7 latency=0.3743s status=ok active=2
SEND b3c3 304/1000 table=page_000921_table_2 active=3
RECV b3c3 304/1000 rank=439 id=page_000921_table_2 latency=0.3202s status=ok active=2
SEND b3c3 305/1000 table=page_001183_table_12 active=3
RECV b3c3 303/1000 rank=306 id=page_000945_table_4 latency=0.5521s status=ok active=2
SEND b3c3 306/1000 table=page_001367_table_70 active=3
RECV b3c3 305/1000 rank=285 id=page_001183_table_12 latency=0.4859s status=ok active=2
SEND b3c3 307/1000 table=page_001376_table_13 active=3
RECV b3c3 306/1000 rank=392 id=page_001367_table_70 latency=0.3377s status=ok active=2
SEND b3c3 308/1000 table=page_000916_table_7 active=3
RECV b3c3 307/1000 rank=449 id=page_001376_table_13 latency=0.3474s status=ok active=2
SEND b3c3 309/1000 table=page_001182_table_3 active=3
RECV b3c3 298/1000 rank=29 id=page_000280_table_box_id_1 latency=2.8338s status=ok active=2
SEND b3c3 310/1000 table=page_000290_table_box_id_1 active=3
RECV b3c3 308/1000 rank=265 id=page_000916_table_7 latency=0.5614s status=ok active=2
SEND b3c3 311/1000 table=page_001404_table_7 active=3
RECV b3c3 309/1000 rank=250 id=page_001182_table_3 latency=0.6498s status=ok active=2
SEND b3c3 312/1000 table=page_000106_table_box_id_4 active=3
RECV b3c3 311/1000 rank=445 id=page_001404_table_7 latency=0.4986s status=ok active=2
SEND b3c3 313/1000 table=page_000626_table_box_id_4 active=3
RECV b3c3 312/1000 rank=598 id=page_000106_table_box_id_4 latency=0.1186s status=ok active=2
SEND b3c3 314/1000 table=page_001493_table_box_id_13 active=3
RECV b3c3 314/1000 rank=384 id=page_001493_table_box_id_13 latency=0.4414s status=ok active=2
SEND b3c3 315/1000 table=page_000659_table_5 active=3
RECV b3c3 315/1000 rank=657 id=page_000659_table_5 latency=0.0465s status=ok active=2
SEND b3c3 316/1000 table=page_000516_table_0 active=3
RECV b3c3 316/1000 rank=125 id=page_000516_table_0 latency=0.9932s status=ok active=2
SEND b3c3 317/1000 table=page_001210_table_4 active=3
RECV b3c3 313/1000 rank=37 id=page_000626_table_box_id_4 latency=2.2744s status=ok active=2
SEND b3c3 318/1000 table=page_001121_table_10 active=3
RECV b3c3 317/1000 rank=152 id=page_001210_table_4 latency=0.8299s status=ok active=2
SEND b3c3 319/1000 table=page_001367_table_72 active=3
RECV b3c3 319/1000 rank=590 id=page_001367_table_72 latency=0.1980s status=ok active=2
SEND b3c3 320/1000 table=page_001449_table_1 active=3
RECV b3c3 320/1000 rank=418 id=page_001449_table_1 latency=0.3000s status=ok active=2
SEND b3c3 321/1000 table=page_000716_table_2 active=3
RECV b3c3 321/1000 rank=623 id=page_000716_table_2 latency=0.0869s status=ok active=2
SEND b3c3 322/1000 table=page_001636_table_1 active=3
RECV b3c3 318/1000 rank=135 id=page_001121_table_10 latency=1.1025s status=ok active=2
SEND b3c3 323/1000 table=page_000639_table_4 active=3
RECV b3c3 322/1000 rank=252 id=page_001636_table_1 latency=0.5845s status=ok active=2
SEND b3c3 324/1000 table=page_001368_table_box_id_26 active=3
RECV b3c3 324/1000 rank=259 id=page_001368_table_box_id_26 latency=0.4892s status=ok active=2
SEND b3c3 325/1000 table=page_000209_table_box_id_1 active=3
RECV b3c3 325/1000 rank=432 id=page_000209_table_box_id_1 latency=0.2816s status=ok active=2
SEND b3c3 326/1000 table=page_000595_table_25 active=3
RECV b3c3 326/1000 rank=654 id=page_000595_table_25 latency=0.0458s status=ok active=2
SEND b3c3 327/1000 table=page_000434_table_16 active=3
RECV b3c3 327/1000 rank=482 id=page_000434_table_16 latency=0.2172s status=ok active=2
SEND b3c3 328/1000 table=page_000010_table_box_id_1 active=3
RECV b3c3 310/1000 rank=02 id=page_000290_table_box_id_1 latency=5.1659s status=ok active=2
SEND b3c3 329/1000 table=page_000210_table_box_id_4 active=3
RECV b3c3 323/1000 rank=110 id=page_000639_table_4 latency=1.2873s status=ok active=2
SEND b3c3 330/1000 table=page_001214_table_8 active=3
RECV b3c3 328/1000 rank=48 id=page_000010_table_box_id_1 latency=0.3340s status=ok active=2
SEND b3c3 331/1000 table=page_000925_table_10 active=3
RECV b3c3 329/1000 rank=466 id=page_000210_table_box_id_4 latency=0.2881s status=ok active=2
SEND b3c3 332/1000 table=page_000235_table_box_id_16 active=3
RECV b3c3 330/1000 rank=359 id=page_001214_table_8 latency=0.5562s status=ok active=2
SEND b3c3 333/1000 table=page_000803_table_12 active=3
RECV b3c3 333/1000 rank=632 id=page_000803_table_12 latency=0.0774s status=ok active=2
SEND b3c3 334/1000 table=page_000217_table_box_id_0 active=3
RECV b3c3 332/1000 rank=417 id=page_000235_table_box_id_16 latency=0.5155s status=ok active=2
SEND b3c3 335/1000 table=page_000623_table_7 active=3
RECV b3c3 331/1000 rank=278 id=page_000925_table_10 latency=0.6259s status=ok active=2
SEND b3c3 336/1000 table=page_000944_table_0 active=3
RECV b3c3 334/1000 rank=391 id=page_000217_table_box_id_0 latency=0.5277s status=ok active=2
SEND b3c3 337/1000 table=page_000223_table_box_id_2 active=3
RECV b3c3 336/1000 rank=213 id=page_000944_table_0 latency=0.7785s status=ok active=2
SEND b3c3 338/1000 table=page_000636_table_5 active=3
RECV b3c3 338/1000 rank=569 id=page_000636_table_5 latency=0.1398s status=ok active=2
SEND b3c3 339/1000 table=page_000911_table_box_id_5 active=3
RECV b3c3 335/1000 rank=143 id=page_000623_table_7 latency=1.2194s status=ok active=2
SEND b3c3 340/1000 table=page_000626_table_box_id_7 active=3
RECV b3c3 339/1000 rank=356 id=page_000911_table_box_id_5 latency=0.4770s status=ok active=2
SEND b3c3 341/1000 table=page_001132_table_box_id_18 active=3
RECV b3c3 341/1000 rank=546 id=page_001132_table_box_id_18 latency=0.1596s status=ok active=2
SEND b3c3 342/1000 table=page_000246_table_box_id_11 active=3
RECV b3c3 337/1000 rank=114 id=page_000223_table_box_id_2 latency=1.3990s status=ok active=2
SEND b3c3 343/1000 table=page_001117_table_box_id_17 active=3
RECV b3c3 343/1000 rank=146 id=page_001117_table_box_id_17 latency=0.1183s status=ok active=2
SEND b3c3 344/1000 table=page_001242_table_4 active=3
RECV b3c3 342/1000 rank=451 id=page_000246_table_box_id_11 latency=0.2979s status=ok active=2
SEND b3c3 345/1000 table=page_000468_table_1 active=3
RECV b3c3 345/1000 rank=544 id=page_000468_table_1 latency=0.2765s status=ok active=2
SEND b3c3 346/1000 table=page_000510_table_10 active=3
RECV b3c3 344/1000 rank=376 id=page_001242_table_4 latency=0.4237s status=ok active=2
SEND b3c3 347/1000 table=page_000512_table_0 active=3
RECV b3c3 346/1000 rank=548 id=page_000510_table_10 latency=0.1603s status=ok active=2
SEND b3c3 348/1000 table=page_001357_table_3 active=3
RECV b3c3 348/1000 rank=557 id=page_001357_table_3 latency=0.2930s status=ok active=2
SEND b3c3 349/1000 table=page_001595_table_box_id_5 active=3
RECV b3c3 349/1000 rank=129 id=page_001595_table_box_id_5 latency=0.8882s status=ok active=2
SEND b3c3 350/1000 table=page_000499_table_5 active=3
RECV b3c3 340/1000 rank=43 id=page_000626_table_box_id_7 latency=2.4272s status=ok active=2
SEND b3c3 351/1000 table=page_001170_table_7 active=3
RECV b3c3 347/1000 rank=85 id=page_000512_table_0 latency=1.3853s status=ok active=2
SEND b3c3 352/1000 table=page_001137_table_10 active=3
RECV b3c3 350/1000 rank=448 id=page_000499_table_5 latency=0.4163s status=ok active=2
SEND b3c3 353/1000 table=page_000451_table_7 active=3
RECV b3c3 351/1000 rank=394 id=page_001170_table_7 latency=0.5088s status=ok active=2
SEND b3c3 354/1000 table=page_000532_table_4 active=3
RECV b3c3 354/1000 rank=447 id=page_000532_table_4 latency=0.2569s status=ok active=2
SEND b3c3 355/1000 table=page_000763_table_26 active=3
RECV b3c3 355/1000 rank=645 id=page_000763_table_26 latency=0.0671s status=ok active=2
SEND b3c3 356/1000 table=page_000821_table_box_id_29 active=3
RECV b3c3 356/1000 rank=490 id=page_000821_table_box_id_29 latency=0.2079s status=ok active=2
SEND b3c3 357/1000 table=page_000652_table_2 active=3
RECV b3c3 353/1000 rank=136 id=page_000451_table_7 latency=1.1260s status=ok active=2
SEND b3c3 358/1000 table=page_000011_table_box_id_1 active=3
RECV b3c3 357/1000 rank=319 id=page_000652_table_2 latency=0.4217s status=ok active=2
SEND b3c3 359/1000 table=page_000507_table_0 active=3
RECV b3c3 359/1000 rank=396 id=page_000507_table_0 latency=0.3859s status=ok active=2
SEND b3c3 360/1000 table=page_001180_table_15 active=3
RECV b3c3 360/1000 rank=457 id=page_001180_table_15 latency=0.2419s status=ok active=2
SEND b3c3 361/1000 table=page_001368_table_box_id_271 active=3
RECV b3c3 358/1000 rank=194 id=page_000011_table_box_id_1 latency=0.7555s status=ok active=2
SEND b3c3 362/1000 table=page_000253_table_box_id_7 active=3
RECV b3c3 361/1000 rank=528 id=page_001368_table_box_id_271 latency=0.2318s status=ok active=2
SEND b3c3 363/1000 table=page_001201_table_14 active=3
RECV b3c3 352/1000 rank=49 id=page_001137_table_10 latency=2.3151s status=ok active=2
SEND b3c3 364/1000 table=page_000506_table_7 active=3
RECV b3c3 362/1000 rank=421 id=page_000253_table_box_id_7 latency=0.4155s status=ok active=2
SEND b3c3 365/1000 table=page_000565_table_1 active=3
RECV b3c3 363/1000 rank=393 id=page_001201_table_14 latency=0.4967s status=ok active=2
SEND b3c3 366/1000 table=page_001200_table_2 active=3
RECV b3c3 365/1000 rank=248 id=page_000565_table_1 latency=0.6050s status=ok active=2
SEND b3c3 367/1000 table=page_000696_table_0 active=3
RECV b3c3 364/1000 rank=155 id=page_000506_table_7 latency=1.0887s status=ok active=2
SEND b3c3 368/1000 table=page_001184_table_6 active=3
RECV b3c3 368/1000 rank=542 id=page_001184_table_6 latency=0.1622s status=ok active=2
SEND b3c3 369/1000 table=page_001174_table_box_id_2 active=3
RECV b3c3 367/1000 rank=355 id=page_000696_table_0 latency=0.4289s status=ok active=2
SEND b3c3 370/1000 table=page_001177_table_2 active=3
RECV b3c3 369/1000 rank=363 id=page_001174_table_box_id_2 latency=0.4306s status=ok active=2
SEND b3c3 371/1000 table=page_000505_table_1 active=3
RECV b3c3 370/1000 rank=229 id=page_001177_table_2 latency=0.7172s status=ok active=2
SEND b3c3 372/1000 table=page_000629_table_14 active=3
RECV b3c3 366/1000 rank=73 id=page_001200_table_2 latency=1.7519s status=ok active=2
SEND b3c3 373/1000 table=page_001207_table_4 active=3
RECV b3c3 372/1000 rank=288 id=page_000629_table_14 latency=0.4901s status=ok active=2
SEND b3c3 374/1000 table=page_001124_table_21 active=3
RECV b3c3 373/1000 rank=383 id=page_001207_table_4 latency=0.3674s status=ok active=2
SEND b3c3 375/1000 table=page_001082_table_34 active=3
RECV b3c3 374/1000 rank=554 id=page_001124_table_21 latency=0.1493s status=ok active=2
SEND b3c3 376/1000 table=page_001141_table_19 active=3
RECV b3c3 371/1000 rank=121 id=page_000505_table_1 latency=1.2290s status=ok active=2
SEND b3c3 377/1000 table=page_000188_table_box_id_6 active=3
RECV b3c3 376/1000 rank=480 id=page_001141_table_19 latency=0.3219s status=ok active=2
SEND b3c3 378/1000 table=page_000927_table_2 active=3
RECV b3c3 377/1000 rank=240 id=page_000188_table_box_id_6 latency=0.6366s status=ok active=2
SEND b3c3 379/1000 table=page_001137_table_4 active=3
RECV b3c3 378/1000 rank=429 id=page_000927_table_2 latency=0.6253s status=ok active=2
SEND b3c3 380/1000 table=page_001375_table_4 active=3
RECV b3c3 375/1000 rank=171 id=page_001082_table_34 latency=1.0032s status=ok active=2
SEND b3c3 381/1000 table=page_001150_table_box_id_9 active=3
RECV b3c3 381/1000 rank=255 id=page_001150_table_box_id_9 latency=0.5347s status=ok active=2
SEND b3c3 382/1000 table=page_000818_table_1 active=3
RECV b3c3 382/1000 rank=551 id=page_000818_table_1 latency=0.1529s status=ok active=2
SEND b3c3 383/1000 table=page_000528_table_7 active=3
RECV b3c3 379/1000 rank=212 id=page_001137_table_4 latency=0.7366s status=ok active=2
SEND b3c3 384/1000 table=page_001143_table_4 active=3
RECV b3c3 383/1000 rank=519 id=page_000528_table_7 latency=0.2242s status=ok active=2
SEND b3c3 385/1000 table=page_000531_table_5 active=3
RECV b3c3 384/1000 rank=397 id=page_001143_table_4 latency=0.4787s status=ok active=2
SEND b3c3 386/1000 table=page_001124_table_17 active=3
RECV b3c3 385/1000 rank=263 id=page_000531_table_5 latency=0.5283s status=ok active=2
SEND b3c3 387/1000 table=page_000200_table_box_id_7 active=3
RECV b3c3 386/1000 rank=364 id=page_001124_table_17 latency=0.4258s status=ok active=2
SEND b3c3 388/1000 table=page_000446_table_3 active=3
RECV b3c3 387/1000 rank=477 id=page_000200_table_box_id_7 latency=0.2343s status=ok active=2
SEND b3c3 389/1000 table=page_000930_table_7 active=3
RECV b3c3 389/1000 rank=523 id=page_000930_table_7 latency=0.2458s status=ok active=2
SEND b3c3 390/1000 table=page_000285_table_box_id_1 active=3
RECV b3c3 380/1000 rank=60 id=page_001375_table_4 latency=2.2689s status=ok active=2
SEND b3c3 391/1000 table=page_000832_table_4 active=3
RECV b3c3 391/1000 rank=593 id=page_000832_table_4 latency=0.1171s status=ok active=2
SEND b3c3 392/1000 table=page_001131_table_15 active=3
RECV b3c3 392/1000 rank=469 id=page_001131_table_15 latency=0.2291s status=ok active=2
SEND b3c3 393/1000 table=page_001195_table_7 active=3
RECV b3c3 390/1000 rank=52 id=page_000285_table_box_id_1 latency=1.8910s status=ok active=2
SEND b3c3 394/1000 table=page_001134_table_1 active=3
RECV b3c3 393/1000 rank=82 id=page_001195_table_7 latency=1.4328s status=ok active=2
SEND b3c3 395/1000 table=page_000506_table_9 active=3
RECV b3c3 388/1000 rank=32 id=page_000446_table_3 latency=2.6425s status=ok active=2
SEND b3c3 396/1000 table=page_000229_table_box_id_3 active=3
RECV b3c3 396/1000 rank=370 id=page_000229_table_box_id_3 latency=0.3652s status=ok active=2
SEND b3c3 397/1000 table=page_001403_table_9 active=3
RECV b3c3 397/1000 rank=487 id=page_001403_table_9 latency=0.2090s status=ok active=2
SEND b3c3 398/1000 table=page_001147_table_8 active=3
RECV b3c3 395/1000 rank=157 id=page_000506_table_9 latency=0.9752s status=ok active=2
SEND b3c3 399/1000 table=page_001223_table_9 active=3
RECV b3c3 394/1000 rank=77 id=page_001134_table_1 latency=1.6547s status=ok active=2
SEND b3c3 400/1000 table=page_000866_table_10 active=3
RECV b3c3 400/1000 rank=629 id=page_000866_table_10 latency=0.0818s status=ok active=2
SEND b3c3 401/1000 table=page_000242_table_box-mhg591pb active=3
RECV b3c3 398/1000 rank=162 id=page_001147_table_8 latency=1.0184s status=ok active=2
SEND b3c3 402/1000 table=page_000272_table_box_id_1 active=3
RECV b3c3 401/1000 rank=277 id=page_000242_table_box-mhg591pb latency=0.5707s status=ok active=2
SEND b3c3 403/1000 table=page_001011_table_35 active=3
RECV b3c3 403/1000 rank=465 id=page_001011_table_35 latency=0.2264s status=ok active=2
SEND b3c3 404/1000 table=page_000665_table_38 active=3
RECV b3c3 399/1000 rank=106 id=page_001223_table_9 latency=1.3841s status=ok active=2
SEND b3c3 405/1000 table=page_000224_table_box-3str9h9p active=3
RECV b3c3 404/1000 rank=660 id=page_000665_table_38 latency=0.0530s status=ok active=2
SEND b3c3 406/1000 table=page_000226_table_box_id_0 active=3
RECV b3c3 406/1000 rank=367 id=page_000226_table_box_id_0 latency=0.4508s status=ok active=2
SEND b3c3 407/1000 table=page_000641_table_6 active=3
RECV b3c3 405/1000 rank=203 id=page_000224_table_box-3str9h9p latency=0.7596s status=ok active=2
SEND b3c3 408/1000 table=page_000682_table_15 active=3
RECV b3c3 408/1000 rank=507 id=page_000682_table_15 latency=0.2046s status=ok active=2
SEND b3c3 409/1000 table=page_000199_table_box_id_0 active=3
RECV b3c3 407/1000 rank=281 id=page_000641_table_6 latency=0.5429s status=ok active=2
SEND b3c3 410/1000 table=page_000853_table_2 active=3
RECV b3c3 410/1000 rank=529 id=page_000853_table_2 latency=0.3062s status=ok active=2
SEND b3c3 411/1000 table=page_001137_table_9 active=3
RECV b3c3 409/1000 rank=80 id=page_000199_table_box_id_0 latency=1.3299s status=ok active=2
SEND b3c3 412/1000 table=page_000647_table_1 active=3
RECV b3c3 412/1000 rank=597 id=page_000647_table_1 latency=0.1132s status=ok active=2
SEND b3c3 413/1000 table=page_000838_table_18 active=3
RECV b3c3 413/1000 rank=627 id=page_000838_table_18 latency=0.0752s status=ok active=2
SEND b3c3 414/1000 table=page_001368_table_box_id_266 active=3
RECV b3c3 414/1000 rank=648 id=page_001368_table_box_id_266 latency=0.0570s status=ok active=2
SEND b3c3 415/1000 table=page_000790_table_9 active=3
RECV b3c3 411/1000 rank=67 id=page_001137_table_9 latency=1.4782s status=ok active=2
SEND b3c3 416/1000 table=page_001368_table_box_id_227 active=3
RECV b3c3 415/1000 rank=346 id=page_000790_table_9 latency=0.4135s status=ok active=2
SEND b3c3 417/1000 table=page_001139_table_5 active=3
RECV b3c3 416/1000 rank=264 id=page_001368_table_box_id_227 latency=0.5874s status=ok active=2
SEND b3c3 418/1000 table=page_000275_table_box_id_1 active=3
RECV b3c3 417/1000 rank=79 id=page_001139_table_5 latency=1.4340s status=ok active=2
SEND b3c3 419/1000 table=page_001368_table_box_id_278 active=3
RECV b3c3 402/1000 rank=09 id=page_000272_table_box_id_1 latency=5.0226s status=ok active=2
SEND b3c3 420/1000 table=page_000468_table_11 active=3
RECV b3c3 419/1000 rank=621 id=page_001368_table_box_id_278 latency=0.1015s status=ok active=2
SEND b3c3 421/1000 table=page_001198_table_8 active=3
RECV b3c3 420/1000 rank=547 id=page_000468_table_11 latency=0.2100s status=ok active=2
SEND b3c3 422/1000 table=page_000242_table_box_id_3 active=3
RECV b3c3 421/1000 rank=260 id=page_001198_table_8 latency=0.6152s status=ok active=2
SEND b3c3 423/1000 table=page_001196_table_13 active=3
RECV b3c3 422/1000 rank=132 id=page_000242_table_box_id_3 latency=1.0588s status=ok active=2
SEND b3c3 424/1000 table=page_000244_table_box_id_8 active=3
RECV b3c3 423/1000 rank=199 id=page_001196_table_13 latency=0.7306s status=ok active=2
SEND b3c3 425/1000 table=page_000806_table_29 active=3
RECV b3c3 424/1000 rank=348 id=page_000244_table_box_id_8 latency=0.4953s status=ok active=2
SEND b3c3 426/1000 table=page_001141_table_13 active=3
RECV b3c3 425/1000 rank=320 id=page_000806_table_29 latency=0.4298s status=ok active=2
SEND b3c3 427/1000 table=page_000655_table_5 active=3
RECV b3c3 427/1000 rank=562 id=page_000655_table_5 latency=0.1509s status=ok active=2
SEND b3c3 428/1000 table=page_001494_table_9 active=3
RECV b3c3 428/1000 rank=532 id=page_001494_table_9 latency=0.1651s status=ok active=2
SEND b3c3 429/1000 table=page_000292_table_box_id_5 active=3
RECV b3c3 429/1000 rank=646 id=page_000292_table_box_id_5 latency=0.0581s status=ok active=2
SEND b3c3 430/1000 table=page_000281_table_box_id_1 active=3
RECV b3c3 426/1000 rank=280 id=page_001141_table_13 latency=0.6853s status=ok active=2
SEND b3c3 431/1000 table=page_000715_table_10 active=3
RECV b3c3 431/1000 rank=643 id=page_000715_table_10 latency=0.0676s status=ok active=2
SEND b3c3 432/1000 table=page_000496_table_3 active=3
RECV b3c3 432/1000 rank=163 id=page_000496_table_3 latency=0.8170s status=ok active=2
SEND b3c3 433/1000 table=page_000827_table_8 active=3
RECV b3c3 433/1000 rank=635 id=page_000827_table_8 latency=0.0777s status=ok active=2
SEND b3c3 434/1000 table=page_000920_table_3 active=3
RECV b3c3 434/1000 rank=478 id=page_000920_table_3 latency=0.2303s status=ok active=2
SEND b3c3 435/1000 table=page_001211_table_7 active=3
RECV b3c3 418/1000 rank=12 id=page_000275_table_box_id_1 latency=4.8865s status=ok active=2
SEND b3c3 436/1000 table=page_000841_table_22 active=3
RECV b3c3 436/1000 rank=640 id=page_000841_table_22 latency=0.0738s status=ok active=2
SEND b3c3 437/1000 table=page_001137_table_11 active=3
RECV b3c3 435/1000 rank=462 id=page_001211_table_7 latency=0.3177s status=ok active=2
SEND b3c3 438/1000 table=page_001137_table_2 active=3
RECV b3c3 430/1000 rank=57 id=page_000281_table_box_id_1 latency=2.0665s status=ok active=2
SEND b3c3 439/1000 table=page_001406_table_8 active=3
RECV b3c3 437/1000 rank=243 id=page_001137_table_11 latency=0.7017s status=ok active=2
SEND b3c3 440/1000 table=page_000921_table_8 active=3
RECV b3c3 439/1000 rank=380 id=page_001406_table_8 latency=0.3498s status=ok active=2
SEND b3c3 441/1000 table=page_000248_table_box_id_1 active=3
RECV b3c3 440/1000 rank=541 id=page_000921_table_8 latency=0.2538s status=ok active=2
SEND b3c3 442/1000 table=page_001129_table_8 active=3
RECV b3c3 438/1000 rank=151 id=page_001137_table_2 latency=1.1949s status=ok active=2
SEND b3c3 443/1000 table=page_000566_table_3 active=3
RECV b3c3 441/1000 rank=119 id=page_000248_table_box_id_1 latency=0.8179s status=ok active=2
SEND b3c3 444/1000 table=page_001275_table_3 active=3
RECV b3c3 443/1000 rank=167 id=page_000566_table_3 latency=0.9020s status=ok active=2
SEND b3c3 445/1000 table=page_000861_table_5 active=3
RECV b3c3 442/1000 rank=107 id=page_001129_table_8 latency=1.3353s status=ok active=2
SEND b3c3 446/1000 table=page_000204_table_box_id_6 active=3
RECV b3c3 446/1000 rank=344 id=page_000204_table_box_id_6 latency=0.7144s status=ok active=2
SEND b3c3 447/1000 table=page_000554_table_12 active=3
RECV b3c3 447/1000 rank=538 id=page_000554_table_12 latency=0.1633s status=ok active=2
SEND b3c3 448/1000 table=page_000533_table_8 active=3
RECV b3c3 445/1000 rank=153 id=page_000861_table_5 latency=0.9780s status=ok active=2
SEND b3c3 449/1000 table=page_001273_table_8 active=3
RECV b3c3 444/1000 rank=63 id=page_001275_table_3 latency=1.9849s status=ok active=2
SEND b3c3 450/1000 table=page_000642_table_8 active=3
RECV b3c3 448/1000 rank=399 id=page_000533_table_8 latency=0.5139s status=ok active=2
SEND b3c3 451/1000 table=page_001408_table_16 active=3
RECV b3c3 451/1000 rank=652 id=page_001408_table_16 latency=0.0539s status=ok active=2
SEND b3c3 452/1000 table=page_000417_table_3 active=3
RECV b3c3 452/1000 rank=189 id=page_000417_table_3 latency=0.7021s status=ok active=2
SEND b3c3 453/1000 table=page_000737_table_6 active=3
RECV b3c3 453/1000 rank=454 id=page_000737_table_6 latency=0.2595s status=ok active=2
SEND b3c3 454/1000 table=page_000632_table_6 active=3
RECV b3c3 450/1000 rank=128 id=page_000642_table_8 latency=1.1865s status=ok active=2
SEND b3c3 455/1000 table=page_000259_table_box_id_1 active=3
RECV b3c3 449/1000 rank=76 id=page_001273_table_8 latency=1.7786s status=ok active=2
SEND b3c3 456/1000 table=page_000769_table_3 active=3
RECV b3c3 454/1000 rank=501 id=page_000632_table_6 latency=0.2714s status=ok active=2
SEND b3c3 457/1000 table=page_000256_table_box_id_1 active=3
RECV b3c3 456/1000 rank=540 id=page_000769_table_3 latency=0.2123s status=ok active=2
SEND b3c3 458/1000 table=page_001138_table_1 active=3
RECV b3c3 457/1000 rank=527 id=page_000256_table_box_id_1 latency=0.1966s status=ok active=2
SEND b3c3 459/1000 table=page_001186_table_5 active=3
RECV b3c3 459/1000 rank=595 id=page_001186_table_5 latency=0.2072s status=ok active=2
SEND b3c3 460/1000 table=page_000252_table_box_id_1 active=3
RECV b3c3 455/1000 rank=127 id=page_000259_table_box_id_1 latency=1.3073s status=ok active=2
SEND b3c3 461/1000 table=page_001129_table_11 active=3
RECV b3c3 460/1000 rank=197 id=page_000252_table_box_id_1 latency=0.6873s status=ok active=2
SEND b3c3 462/1000 table=page_000266_table_box_id_1 active=3
RECV b3c3 462/1000 rank=420 id=page_000266_table_box_id_1 latency=0.3247s status=ok active=2
SEND b3c3 463/1000 table=page_000680_table_11 active=3
RECV b3c3 461/1000 rank=181 id=page_001129_table_11 latency=0.8498s status=ok active=2
SEND b3c3 464/1000 table=page_000256_table_box_id_8 active=3
RECV b3c3 463/1000 rank=271 id=page_000680_table_11 latency=0.4812s status=ok active=2
SEND b3c3 465/1000 table=page_000279_table_box-fy04hrwa active=3
RECV b3c3 458/1000 rank=59 id=page_001138_table_1 latency=2.1065s status=ok active=2
SEND b3c3 466/1000 table=page_000232_table_box_id_8 active=3
RECV b3c3 464/1000 rank=336 id=page_000256_table_box_id_8 latency=0.5617s status=ok active=2
SEND b3c3 467/1000 table=page_001202_table_3 active=3
RECV b3c3 466/1000 rank=379 id=page_000232_table_box_id_8 latency=0.4253s status=ok active=2
SEND b3c3 468/1000 table=page_000545_table_14 active=3
RECV b3c3 468/1000 rank=488 id=page_000545_table_14 latency=0.2164s status=ok active=2
SEND b3c3 469/1000 table=page_000221_table_box_id_3 active=3
RECV b3c3 467/1000 rank=145 id=page_001202_table_3 latency=1.0402s status=ok active=2
SEND b3c3 470/1000 table=page_001595_table_box_id_1 active=3
RECV b3c3 469/1000 rank=190 id=page_000221_table_box_id_3 latency=0.7102s status=ok active=2
SEND b3c3 471/1000 table=page_001356_table_3 active=3
RECV b3c3 471/1000 rank=433 id=page_001356_table_3 latency=0.6206s status=ok active=2
SEND b3c3 472/1000 table=page_000293_table_box_id_1 active=3
RECV b3c3 465/1000 rank=19 id=page_000279_table_box-fy04hrwa latency=3.6405s status=ok active=2
SEND b3c3 473/1000 table=page_001168_table_0 active=3
RECV b3c3 473/1000 rank=216 id=page_001168_table_0 latency=0.6031s status=ok active=2
SEND b3c3 474/1000 table=page_000626_table_box_id_1 active=3
RECV b3c3 472/1000 rank=21 id=page_000293_table_box_id_1 latency=2.9454s status=ok active=2
SEND b3c3 475/1000 table=page_000283_table_box_id_1 active=3
RECV b3c3 470/1000 rank=11 id=page_001595_table_box_id_1 latency=4.5554s status=ok active=2
SEND b3c3 476/1000 table=page_000465_table_9 active=3
RECV b3c3 474/1000 rank=44 id=page_000626_table_box_id_1 latency=2.0976s status=ok active=2
SEND b3c3 477/1000 table=page_000762_table_5 active=3
RECV b3c3 477/1000 rank=610 id=page_000762_table_5 latency=0.0992s status=ok active=2
SEND b3c3 478/1000 table=page_000220_table_box_id_7 active=3
RECV b3c3 476/1000 rank=335 id=page_000465_table_9 latency=0.5164s status=ok active=2
SEND b3c3 479/1000 table=page_001146_table_11 active=3
RECV b3c3 479/1000 rank=385 id=page_001146_table_11 latency=0.3493s status=ok active=2
SEND b3c3 480/1000 table=page_001026_table_box_id_12 active=3
RECV b3c3 478/1000 rank=187 id=page_000220_table_box_id_7 latency=0.8393s status=ok active=2
SEND b3c3 481/1000 table=page_000220_table_box_id_3 active=3
RECV b3c3 480/1000 rank=373 id=page_001026_table_box_id_12 latency=0.4234s status=ok active=2
SEND b3c3 482/1000 table=page_001368_table_box_id_252 active=3
RECV b3c3 482/1000 rank=520 id=page_001368_table_box_id_252 latency=0.1832s status=ok active=2
SEND b3c3 483/1000 table=page_000207_table_box_id_1 active=3
RECV b3c3 481/1000 rank=358 id=page_000220_table_box_id_3 latency=0.4104s status=ok active=2
SEND b3c3 484/1000 table=page_000800_table_10 active=3
RECV b3c3 484/1000 rank=653 id=page_000800_table_10 latency=0.2236s status=ok active=2
SEND b3c3 485/1000 table=page_000501_table_6 active=3
RECV b3c3 483/1000 rank=102 id=page_000207_table_box_id_1 latency=1.2550s status=ok active=2
SEND b3c3 486/1000 table=page_000605_table_3 active=3
RECV b3c3 486/1000 rank=649 id=page_000605_table_3 latency=0.0605s status=ok active=2
SEND b3c3 487/1000 table=page_001130_table_1 active=3
RECV b3c3 487/1000 rank=572 id=page_001130_table_1 latency=0.1355s status=ok active=2
SEND b3c3 488/1000 table=page_000835_table_2 active=3
RECV b3c3 488/1000 rank=601 id=page_000835_table_2 latency=0.1088s status=ok active=2
SEND b3c3 489/1000 table=page_000299_table_box_id_5 active=3
RECV b3c3 485/1000 rank=83 id=page_000501_table_6 latency=1.5043s status=ok active=2
SEND b3c3 490/1000 table=page_000634_table_1 active=3
RECV b3c3 490/1000 rank=276 id=page_000634_table_1 latency=0.4815s status=ok active=2
SEND b3c3 491/1000 table=page_000932_table_3 active=3
RECV b3c3 491/1000 rank=381 id=page_000932_table_3 latency=0.3451s status=ok active=2
SEND b3c3 492/1000 table=page_001367_table_52 active=3
RECV b3c3 489/1000 rank=116 id=page_000299_table_box_id_5 latency=1.2417s status=ok active=2
SEND b3c3 493/1000 table=page_000633_table_5 active=3
RECV b3c3 475/1000 rank=03 id=page_000283_table_box_id_1 latency=5.3810s status=ok active=2
SEND b3c3 494/1000 table=page_000219_table_box_id_3 active=3
RECV b3c3 492/1000 rank=231 id=page_001367_table_52 latency=0.7745s status=ok active=2
SEND b3c3 495/1000 table=page_001124_table_12 active=3
RECV b3c3 494/1000 rank=300 id=page_000219_table_box_id_3 latency=0.4817s status=ok active=2
SEND b3c3 496/1000 table=page_000282_table_box_id_1 active=3
RECV b3c3 495/1000 rank=481 id=page_001124_table_12 latency=0.2338s status=ok active=2
SEND b3c3 497/1000 table=page_000744_table_11 active=3
RECV b3c3 497/1000 rank=594 id=page_000744_table_11 latency=0.2323s status=ok active=2
SEND b3c3 498/1000 table=page_000231_table_box_id_2 active=3
RECV b3c3 493/1000 rank=53 id=page_000633_table_5 latency=2.0938s status=ok active=2
SEND b3c3 499/1000 table=page_001144_table_11 active=3
RECV b3c3 498/1000 rank=105 id=page_000231_table_box_id_2 latency=1.2546s status=ok active=2
SEND b3c3 500/1000 table=page_000243_table_box-xkm41jlm active=3
RECV b3c3 500/1000 rank=389 id=page_000243_table_box-xkm41jlm latency=0.3426s status=ok active=2
SEND b3c3 501/1000 table=page_000511_table_1 active=3
RECV b3c3 499/1000 rank=242 id=page_001144_table_11 latency=0.6347s status=ok active=2
SEND b3c3 502/1000 table=page_000307_table_2 active=3
RECV b3c3 502/1000 rank=109 id=page_000307_table_2 latency=1.1711s status=ok active=2
SEND b3c3 503/1000 table=page_001145_table_3 active=3
RECV b3c3 501/1000 rank=71 id=page_000511_table_1 latency=1.5723s status=ok active=2
SEND b3c3 504/1000 table=page_000428_table_6 active=3
RECV b3c3 503/1000 rank=323 id=page_001145_table_3 latency=0.5154s status=ok active=2
SEND b3c3 505/1000 table=page_000465_table_5 active=3
RECV b3c3 504/1000 rank=416 id=page_000428_table_6 latency=0.3697s status=ok active=2
SEND b3c3 506/1000 table=page_000792_table_25 active=3
RECV b3c3 506/1000 rank=498 id=page_000792_table_25 latency=0.2044s status=ok active=2
SEND b3c3 507/1000 table=page_001272_table_1 active=3
RECV b3c3 505/1000 rank=340 id=page_000465_table_5 latency=0.5094s status=ok active=2
SEND b3c3 508/1000 table=page_000147_table_box_id_3 active=3
RECV b3c3 508/1000 rank=641 id=page_000147_table_box_id_3 latency=0.1575s status=ok active=2
SEND b3c3 509/1000 table=page_001175_table_2 active=3
RECV b3c3 509/1000 rank=178 id=page_001175_table_2 latency=0.7386s status=ok active=2
SEND b3c3 510/1000 table=page_000824_table_0 active=3
RECV b3c3 496/1000 rank=06 id=page_000282_table_box_id_1 latency=5.4177s status=ok active=2
SEND b3c3 511/1000 table=page_000858_table_1 active=3
RECV b3c3 511/1000 rank=592 id=page_000858_table_1 latency=0.1245s status=ok active=2
SEND b3c3 512/1000 table=page_000226_table_box_id_3 active=3
RECV b3c3 510/1000 rank=268 id=page_000824_table_0 latency=0.5359s status=ok active=2
SEND b3c3 513/1000 table=page_001199_table_15 active=3
RECV b3c3 507/1000 rank=66 id=page_001272_table_1 latency=1.8971s status=ok active=2
SEND b3c3 514/1000 table=page_001167_table_8 active=3
RECV b3c3 513/1000 rank=290 id=page_001199_table_15 latency=0.5482s status=ok active=2
SEND b3c3 515/1000 table=page_000254_table_box_id_4 active=3
RECV b3c3 512/1000 rank=244 id=page_000226_table_box_id_3 latency=0.6657s status=ok active=2
SEND b3c3 516/1000 table=page_000628_table_14 active=3
RECV b3c3 514/1000 rank=450 id=page_001167_table_8 latency=0.2700s status=ok active=2
SEND b3c3 517/1000 table=page_000247_table_box_id_0 active=3
RECV b3c3 517/1000 rank=609 id=page_000247_table_box_id_0 latency=0.2787s status=ok active=2
SEND b3c3 518/1000 table=page_000838_table_1 active=3
RECV b3c3 518/1000 rank=556 id=page_000838_table_1 latency=0.1404s status=ok active=2
SEND b3c3 519/1000 table=page_000649_table_8 active=3
RECV b3c3 516/1000 rank=286 id=page_000628_table_14 latency=0.6093s status=ok active=2
SEND b3c3 520/1000 table=page_000515_table_7 active=3
RECV b3c3 519/1000 rank=442 id=page_000649_table_8 latency=0.3568s status=ok active=2
SEND b3c3 521/1000 table=page_001368_table_box_id_229 active=3
RECV b3c3 515/1000 rank=174 id=page_000254_table_box_id_4 latency=1.0469s status=ok active=2
SEND b3c3 522/1000 table=page_000639_table_11 active=3
RECV b3c3 520/1000 rank=301 id=page_000515_table_7 latency=0.5261s status=ok active=2
SEND b3c3 523/1000 table=page_000271_table_box_id_1 active=3
RECV b3c3 521/1000 rank=310 id=page_001368_table_box_id_229 latency=0.5858s status=ok active=2
SEND b3c3 524/1000 table=page_001232_table_box_id_1 active=3
RECV b3c3 524/1000 rank=313 id=page_001232_table_box_id_1 latency=0.4294s status=ok active=2
SEND b3c3 525/1000 table=page_001134_table_9 active=3
RECV b3c3 522/1000 rank=130 id=page_000639_table_11 latency=1.2188s status=ok active=2
SEND b3c3 526/1000 table=page_001035_table_31 active=3
RECV b3c3 526/1000 rank=247 id=page_001035_table_31 latency=0.5325s status=ok active=2
SEND b3c3 527/1000 table=page_000499_table_0 active=3
RECV b3c3 525/1000 rank=137 id=page_001134_table_9 latency=1.0146s status=ok active=2
SEND b3c3 528/1000 table=page_001193_table_8 active=3
RECV b3c3 528/1000 rank=262 id=page_001193_table_8 latency=0.5279s status=ok active=2
SEND b3c3 529/1000 table=page_000592_table_3 active=3
RECV b3c3 527/1000 rank=246 id=page_000499_table_0 latency=0.6045s status=ok active=2
SEND b3c3 530/1000 table=page_000853_table_9 active=3
RECV b3c3 530/1000 rank=584 id=page_000853_table_9 latency=0.3109s status=ok active=2
SEND b3c3 531/1000 table=page_000921_table_9 active=3
RECV b3c3 531/1000 rank=460 id=page_000921_table_9 latency=0.2459s status=ok active=2
SEND b3c3 532/1000 table=page_000922_table_12 active=3
RECV b3c3 532/1000 rank=294 id=page_000922_table_12 latency=0.4467s status=ok active=2
SEND b3c3 533/1000 table=page_001219_table_box_id_4 active=3
RECV b3c3 533/1000 rank=408 id=page_001219_table_box_id_4 latency=0.3329s status=ok active=2
SEND b3c3 534/1000 table=page_000709_table_12 active=3
RECV b3c3 534/1000 rank=634 id=page_000709_table_12 latency=0.0764s status=ok active=2
SEND b3c3 535/1000 table=page_001367_table_69 active=3
RECV b3c3 529/1000 rank=92 id=page_000592_table_3 latency=1.5411s status=ok active=2
SEND b3c3 536/1000 table=page_000225_table_box_id_9 active=3
RECV b3c3 535/1000 rank=446 id=page_001367_table_69 latency=0.3351s status=ok active=2
SEND b3c3 537/1000 table=page_000647_table_3 active=3
RECV b3c3 537/1000 rank=608 id=page_000647_table_3 latency=0.1038s status=ok active=2
SEND b3c3 538/1000 table=page_000763_table_2 active=3
RECV b3c3 536/1000 rank=431 id=page_000225_table_box_id_9 latency=0.3591s status=ok active=2
SEND b3c3 539/1000 table=page_001157_table_5 active=3
RECV b3c3 538/1000 rank=624 id=page_000763_table_2 latency=0.1338s status=ok active=2
SEND b3c3 540/1000 table=page_001026_table_box_id_25 active=3
RECV b3c3 539/1000 rank=333 id=page_001157_table_5 latency=0.4695s status=ok active=2
SEND b3c3 541/1000 table=page_001368_table_box_id_163 active=3
RECV b3c3 541/1000 rank=651 id=page_001368_table_box_id_163 latency=0.0578s status=ok active=2
SEND b3c3 542/1000 table=page_001140_table_11 active=3
RECV b3c3 540/1000 rank=275 id=page_001026_table_box_id_25 latency=0.5267s status=ok active=2
SEND b3c3 543/1000 table=page_000266_table_box_id_5 active=3
RECV b3c3 543/1000 rank=453 id=page_000266_table_box_id_5 latency=0.3355s status=ok active=2
SEND b3c3 544/1000 table=page_000142_table_box_id_2 active=3
RECV b3c3 544/1000 rank=580 id=page_000142_table_box_id_2 latency=0.1327s status=ok active=2
SEND b3c3 545/1000 table=page_001135_table_6 active=3
RECV b3c3 523/1000 rank=04 id=page_000271_table_box_id_1 latency=5.5476s status=ok active=2
SEND b3c3 546/1000 table=page_001189_table_box_id_3 active=3
RECV b3c3 545/1000 rank=299 id=page_001135_table_6 latency=0.4992s status=ok active=2
SEND b3c3 547/1000 table=page_001227_table_10 active=3
RECV b3c3 542/1000 rank=148 id=page_001140_table_11 latency=1.0925s status=ok active=2
SEND b3c3 548/1000 table=page_001225_table_14 active=3
RECV b3c3 546/1000 rank=338 id=page_001189_table_box_id_3 latency=0.5381s status=ok active=2
SEND b3c3 549/1000 table=page_001230_table_box_id_3 active=3
RECV b3c3 548/1000 rank=428 id=page_001225_table_14 latency=0.3848s status=ok active=2
SEND b3c3 550/1000 table=page_001143_table_8 active=3
RECV b3c3 549/1000 rank=499 id=page_001230_table_box_id_3 latency=0.2950s status=ok active=2
SEND b3c3 551/1000 table=page_001180_table_16 active=3
RECV b3c3 551/1000 rank=390 id=page_001180_table_16 latency=0.3453s status=ok active=2
SEND b3c3 552/1000 table=page_000278_table_box_id_1 active=3
RECV b3c3 550/1000 rank=188 id=page_001143_table_8 latency=0.8740s status=ok active=2
SEND b3c3 553/1000 table=page_000228_table_box_id_1 active=3
RECV b3c3 547/1000 rank=75 id=page_001227_table_10 latency=1.8196s status=ok active=2
SEND b3c3 554/1000 table=page_000673_table_1 active=3
RECV b3c3 554/1000 rank=493 id=page_000673_table_1 latency=0.2106s status=ok active=2
SEND b3c3 555/1000 table=page_001197_table_4 active=3
RECV b3c3 553/1000 rank=150 id=page_000228_table_box_id_1 latency=0.9975s status=ok active=2
SEND b3c3 556/1000 table=page_001197_table_5 active=3
RECV b3c3 555/1000 rank=131 id=page_001197_table_4 latency=1.0577s status=ok active=2
SEND b3c3 557/1000 table=page_001162_table_3 active=3
RECV b3c3 556/1000 rank=118 id=page_001197_table_5 latency=1.1622s status=ok active=2
SEND b3c3 558/1000 table=page_000536_table_4 active=3
RECV b3c3 557/1000 rank=257 id=page_001162_table_3 latency=0.5804s status=ok active=2
SEND b3c3 559/1000 table=page_001125_table_3 active=3
RECV b3c3 558/1000 rank=303 id=page_000536_table_4 latency=0.5084s status=ok active=2
SEND b3c3 560/1000 table=page_000215_table_box_id_4 active=3
RECV b3c3 559/1000 rank=308 id=page_001125_table_3 latency=0.5203s status=ok active=2
SEND b3c3 561/1000 table=page_000465_table_4 active=3
RECV b3c3 560/1000 rank=343 id=page_000215_table_box_id_4 latency=0.4497s status=ok active=2
SEND b3c3 562/1000 table=page_001306_table_1 active=3
RECV b3c3 561/1000 rank=328 id=page_000465_table_4 latency=0.5156s status=ok active=2
SEND b3c3 563/1000 table=page_001276_table_2 active=3
RECV b3c3 562/1000 rank=270 id=page_001306_table_1 latency=0.5864s status=ok active=2
SEND b3c3 564/1000 table=page_000229_table_box-pug9otka active=3
RECV b3c3 564/1000 rank=503 id=page_000229_table_box-pug9otka latency=0.2039s status=ok active=2
SEND b3c3 565/1000 table=page_000243_table_box_id_1 active=3
RECV b3c3 565/1000 rank=330 id=page_000243_table_box_id_1 latency=0.4064s status=ok active=2
SEND b3c3 566/1000 table=page_000918_table_0 active=3
RECV b3c3 566/1000 rank=456 id=page_000918_table_0 latency=0.2586s status=ok active=2
SEND b3c3 567/1000 table=page_000535_table_1 active=3
RECV b3c3 567/1000 rank=239 id=page_000535_table_1 latency=0.5503s status=ok active=2
SEND b3c3 568/1000 table=page_001126_table_18 active=3
RECV b3c3 552/1000 rank=05 id=page_000278_table_box_id_1 latency=5.5198s status=ok active=2
SEND b3c3 569/1000 table=page_000776_table_4 active=3
RECV b3c3 568/1000 rank=543 id=page_001126_table_18 latency=0.2089s status=ok active=2
SEND b3c3 570/1000 table=page_000821_table_box_id_26 active=3
RECV b3c3 569/1000 rank=600 id=page_000776_table_4 latency=0.1363s status=ok active=2
SEND b3c3 571/1000 table=page_000222_table_box_id_1 active=3
RECV b3c3 570/1000 rank=617 id=page_000821_table_box_id_26 latency=0.0997s status=ok active=2
SEND b3c3 572/1000 table=page_000520_table_0 active=3
RECV b3c3 572/1000 rank=550 id=page_000520_table_0 latency=0.2472s status=ok active=2
SEND b3c3 573/1000 table=page_000523_table_0 active=3
RECV b3c3 571/1000 rank=311 id=page_000222_table_box_id_1 latency=0.5180s status=ok active=2
SEND b3c3 574/1000 table=page_001156_table_6 active=3
RECV b3c3 573/1000 rank=312 id=page_000523_table_0 latency=0.5241s status=ok active=2
SEND b3c3 575/1000 table=page_001185_table_10 active=3
RECV b3c3 574/1000 rank=217 id=page_001156_table_6 latency=0.6775s status=ok active=2
SEND b3c3 576/1000 table=page_000585_table_1 active=3
RECV b3c3 575/1000 rank=304 id=page_001185_table_10 latency=0.4574s status=ok active=2
SEND b3c3 577/1000 table=page_001188_table_2 active=3
RECV b3c3 563/1000 rank=18 id=page_001276_table_2 latency=4.0691s status=ok active=2
SEND b3c3 578/1000 table=page_000665_table_3 active=3
RECV b3c3 578/1000 rank=662 id=page_000665_table_3 latency=0.0477s status=ok active=2
SEND b3c3 579/1000 table=page_000521_table_2 active=3
RECV b3c3 576/1000 rank=159 id=page_000585_table_1 latency=0.9577s status=ok active=2
SEND b3c3 580/1000 table=page_000276_table_box_id_5 active=3
RECV b3c3 579/1000 rank=173 id=page_000521_table_2 latency=0.8643s status=ok active=2
SEND b3c3 581/1000 table=page_000737_table_0 active=3
RECV b3c3 581/1000 rank=249 id=page_000737_table_0 latency=0.5170s status=ok active=2
SEND b3c3 582/1000 table=page_000760_table_1 active=3
RECV b3c3 582/1000 rank=475 id=page_000760_table_1 latency=0.2301s status=ok active=2
SEND b3c3 583/1000 table=page_000239_table_box_id_7 active=3
RECV b3c3 583/1000 rank=494 id=page_000239_table_box_id_7 latency=0.2093s status=ok active=2
SEND b3c3 584/1000 table=page_000647_table_2 active=3
RECV b3c3 584/1000 rank=622 id=page_000647_table_2 latency=0.0936s status=ok active=2
SEND b3c3 585/1000 table=page_000300_table_1 active=3
RECV b3c3 585/1000 rank=467 id=page_000300_table_1 latency=0.2304s status=ok active=2
SEND b3c3 586/1000 table=page_001178_table_0 active=3
RECV b3c3 577/1000 rank=20 id=page_001188_table_2 latency=3.4583s status=ok active=2
SEND b3c3 587/1000 table=page_000518_table_11 active=3
RECV b3c3 587/1000 rank=424 id=page_000518_table_11 latency=0.3006s status=ok active=2
SEND b3c3 588/1000 table=page_001222_table_2 active=3
RECV b3c3 586/1000 rank=98 id=page_001178_table_0 latency=1.3551s status=ok active=2
SEND b3c3 589/1000 table=page_000935_table_11 active=3
RECV b3c3 589/1000 rank=516 id=page_000935_table_11 latency=0.1947s status=ok active=2
SEND b3c3 590/1000 table=page_000229_table_box_id_7 active=3
RECV b3c3 590/1000 rank=474 id=page_000229_table_box_id_7 latency=0.2324s status=ok active=2
SEND b3c3 591/1000 table=page_001367_table_60 active=3
RECV b3c3 580/1000 rank=16 id=page_000276_table_box_id_5 latency=4.3071s status=ok active=2
SEND b3c3 592/1000 table=page_000270_table_box_id_0 active=3
RECV b3c3 588/1000 rank=70 id=page_001222_table_2 latency=1.7111s status=ok active=2
SEND b3c3 593/1000 table=page_001159_table_5 active=3
RECV b3c3 593/1000 rank=224 id=page_001159_table_5 latency=0.5805s status=ok active=2
SEND b3c3 594/1000 table=page_000257_table_box_id_20 active=3
RECV b3c3 594/1000 rank=226 id=page_000257_table_box_id_20 latency=0.5799s status=ok active=2
SEND b3c3 595/1000 table=page_001173_table_6 active=3
RECV b3c3 592/1000 rank=41 id=page_000270_table_box_id_0 latency=2.3177s status=ok active=2
SEND b3c3 596/1000 table=page_000240_table_box_id_9 active=3
RECV b3c3 591/1000 rank=26 id=page_001367_table_60 latency=2.7222s status=ok active=2
SEND b3c3 597/1000 table=page_000519_table_8 active=3
RECV b3c3 597/1000 rank=289 id=page_000519_table_8 latency=0.5367s status=ok active=2
SEND b3c3 598/1000 table=page_000263_table_box_id_7 active=3
RECV b3c3 596/1000 rank=266 id=page_000240_table_box_id_9 latency=0.5674s status=ok active=2
SEND b3c3 599/1000 table=page_000500_table_3 active=3
RECV b3c3 595/1000 rank=58 id=page_001173_table_6 latency=1.9644s status=ok active=2
SEND b3c3 600/1000 table=page_001165_table_13 active=3
RECV b3c3 600/1000 rank=425 id=page_001165_table_13 latency=0.3003s status=ok active=2
SEND b3c3 601/1000 table=page_001367_table_50 active=3
RECV b3c3 599/1000 rank=182 id=page_000500_table_3 latency=0.9052s status=ok active=2
SEND b3c3 602/1000 table=page_001248_table_0 active=3
RECV b3c3 602/1000 rank=287 id=page_001248_table_0 latency=0.4566s status=ok active=2
SEND b3c3 603/1000 table=page_001516_table_17 active=3
RECV b3c3 601/1000 rank=233 id=page_001367_table_50 latency=0.7505s status=ok active=2
SEND b3c3 604/1000 table=page_000628_table_6 active=3
RECV b3c3 603/1000 rank=314 id=page_001516_table_17 latency=0.5018s status=ok active=2
SEND b3c3 605/1000 table=page_001197_table_3 active=3
RECV b3c3 604/1000 rank=207 id=page_000628_table_6 latency=0.7117s status=ok active=2
SEND b3c3 606/1000 table=page_001496_table_3 active=3
RECV b3c3 598/1000 rank=31 id=page_000263_table_box_id_7 latency=2.7789s status=ok active=2
SEND b3c3 607/1000 table=page_001398_table_box-bfny2f1z active=3
RECV b3c3 606/1000 rank=232 id=page_001496_table_3 latency=0.6052s status=ok active=2
SEND b3c3 608/1000 table=page_000534_table_3 active=3
RECV b3c3 608/1000 rank=508 id=page_000534_table_3 latency=0.1926s status=ok active=2
SEND b3c3 609/1000 table=page_001595_table_box_id_9 active=3
RECV b3c3 609/1000 rank=561 id=page_001595_table_box_id_9 latency=0.1379s status=ok active=2
SEND b3c3 610/1000 table=page_001036_table_box_id_4 active=3
RECV b3c3 607/1000 rank=329 id=page_001398_table_box-bfny2f1z latency=0.4933s status=ok active=2
SEND b3c3 611/1000 table=page_000649_table_3 active=3
RECV b3c3 611/1000 rank=412 id=page_000649_table_3 latency=0.4049s status=ok active=2
SEND b3c3 612/1000 table=page_001395_table_6 active=3
RECV b3c3 612/1000 rank=351 id=page_001395_table_6 latency=0.3769s status=ok active=2
SEND b3c3 613/1000 table=page_001503_table_5 active=3
RECV b3c3 610/1000 rank=172 id=page_001036_table_box_id_4 latency=0.9560s status=ok active=2
SEND b3c3 614/1000 table=page_000508_table_4 active=3
RECV b3c3 605/1000 rank=46 id=page_001197_table_3 latency=2.3272s status=ok active=2
SEND b3c3 615/1000 table=page_000941_table_1 active=3
RECV b3c3 613/1000 rank=526 id=page_001503_table_5 latency=0.1918s status=ok active=2
SEND b3c3 616/1000 table=page_000249_table_box_id_4 active=3
RECV b3c3 614/1000 rank=366 id=page_000508_table_4 latency=0.5361s status=ok active=2
SEND b3c3 617/1000 table=page_000266_table_box_id_11 active=3
RECV b3c3 615/1000 rank=298 id=page_000941_table_1 latency=0.5229s status=ok active=2
SEND b3c3 618/1000 table=page_000246_table_box_id_14 active=3
RECV b3c3 617/1000 rank=500 id=page_000266_table_box_id_11 latency=0.2362s status=ok active=2
SEND b3c3 619/1000 table=page_001160_table_6 active=3
RECV b3c3 618/1000 rank=502 id=page_000246_table_box_id_14 latency=0.2437s status=ok active=2
SEND b3c3 620/1000 table=page_000519_table_1 active=3
RECV b3c3 616/1000 rank=210 id=page_000249_table_box_id_4 latency=0.9709s status=ok active=2
SEND b3c3 621/1000 table=page_001131_table_10 active=3
RECV b3c3 619/1000 rank=284 id=page_001160_table_6 latency=0.5825s status=ok active=2
SEND b3c3 622/1000 table=page_001147_table_9 active=3
RECV b3c3 620/1000 rank=220 id=page_000519_table_1 latency=0.7359s status=ok active=2
SEND b3c3 623/1000 table=page_001367_table_67 active=3
RECV b3c3 621/1000 rank=283 id=page_001131_table_10 latency=0.5236s status=ok active=2
SEND b3c3 624/1000 table=page_000542_table_0 active=3
RECV b3c3 623/1000 rank=237 id=page_001367_table_67 latency=0.5994s status=ok active=2
SEND b3c3 625/1000 table=page_000627_table_14 active=3
RECV b3c3 624/1000 rank=219 id=page_000542_table_0 latency=0.5953s status=ok active=2
SEND b3c3 626/1000 table=page_000654_table_0 active=3
RECV b3c3 626/1000 rank=568 id=page_000654_table_0 latency=0.1762s status=ok active=2
SEND b3c3 627/1000 table=page_000754_table_7 active=3
RECV b3c3 627/1000 rank=435 id=page_000754_table_7 latency=0.2641s status=ok active=2
SEND b3c3 628/1000 table=page_000269_table_box_id_1 active=3
RECV b3c3 625/1000 rank=318 id=page_000627_table_14 latency=0.5733s status=ok active=2
SEND b3c3 629/1000 table=page_000251_table_box_id_7 active=3
RECV b3c3 628/1000 rank=537 id=page_000269_table_box_id_1 latency=0.1679s status=ok active=2
SEND b3c3 630/1000 table=page_000500_table_5 active=3
RECV b3c3 622/1000 rank=69 id=page_001147_table_9 latency=1.8746s status=ok active=2
SEND b3c3 631/1000 table=page_000712_table_4 active=3
RECV b3c3 631/1000 rank=535 id=page_000712_table_4 latency=0.1579s status=ok active=2
SEND b3c3 632/1000 table=page_000356_table_1 active=3
RECV b3c3 629/1000 rank=184 id=page_000251_table_box_id_7 latency=0.8109s status=ok active=2
SEND b3c3 633/1000 table=page_000249_table_box-gjm9bkso active=3
RECV b3c3 632/1000 rank=409 id=page_000356_table_1 latency=0.3956s status=ok active=2
SEND b3c3 634/1000 table=page_000212_table_box_id_1 active=3
RECV b3c3 630/1000 rank=96 id=page_000500_table_5 latency=1.5155s status=ok active=2
SEND b3c3 635/1000 table=page_000716_table_0 active=3
RECV b3c3 635/1000 rank=588 id=page_000716_table_0 latency=0.1178s status=ok active=2
SEND b3c3 636/1000 table=page_000543_table_8 active=3
RECV b3c3 636/1000 rank=476 id=page_000543_table_8 latency=0.2218s status=ok active=2
SEND b3c3 637/1000 table=page_001179_table_6 active=3
RECV b3c3 633/1000 rank=100 id=page_000249_table_box-gjm9bkso latency=1.4792s status=ok active=2
SEND b3c3 638/1000 table=page_001595_table_box_id_7 active=3
RECV b3c3 634/1000 rank=113 id=page_000212_table_box_id_1 latency=1.2187s status=ok active=2
SEND b3c3 639/1000 table=page_000792_table_4 active=3
RECV b3c3 639/1000 rank=506 id=page_000792_table_4 latency=0.2759s status=ok active=2
SEND b3c3 640/1000 table=page_000564_table_7 active=3
RECV b3c3 640/1000 rank=334 id=page_000564_table_7 latency=0.3832s status=ok active=2
SEND b3c3 641/1000 table=page_000553_table_8 active=3
RECV b3c3 638/1000 rank=195 id=page_001595_table_box_id_7 latency=0.9042s status=ok active=2
SEND b3c3 642/1000 table=page_000775_table_2 active=3
RECV b3c3 642/1000 rank=591 id=page_000775_table_2 latency=0.1187s status=ok active=2
SEND b3c3 643/1000 table=page_001632_table_box_id_1 active=3
RECV b3c3 643/1000 rank=517 id=page_001632_table_box_id_1 latency=0.1859s status=ok active=2
SEND b3c3 644/1000 table=page_000496_table_4 active=3
RECV b3c3 641/1000 rank=166 id=page_000553_table_8 latency=0.9768s status=ok active=2
SEND b3c3 645/1000 table=page_000746_table_18 active=3
RECV b3c3 637/1000 rank=61 id=page_001179_table_6 latency=2.1223s status=ok active=2
SEND b3c3 646/1000 table=page_000838_table_4 active=3
RECV b3c3 646/1000 rank=628 id=page_000838_table_4 latency=0.2004s status=ok active=2
SEND b3c3 647/1000 table=page_000513_table_1 active=3
RECV b3c3 645/1000 rank=161 id=page_000746_table_18 latency=0.9125s status=ok active=2
SEND b3c3 648/1000 table=page_001398_table_box-7mwax454 active=3
RECV b3c3 647/1000 rank=198 id=page_000513_table_1 latency=0.6896s status=ok active=2
SEND b3c3 649/1000 table=page_000182_table_box-tn22tc2f active=3
RECV b3c3 649/1000 rank=492 id=page_000182_table_box-tn22tc2f latency=0.2065s status=ok active=2
SEND b3c3 650/1000 table=page_001480_table_4 active=3
RECV b3c3 648/1000 rank=377 id=page_001398_table_box-7mwax454 latency=0.4880s status=ok active=2
SEND b3c3 651/1000 table=page_000292_table_box_id_2 active=3
RECV b3c3 650/1000 rank=440 id=page_001480_table_4 latency=0.2747s status=ok active=2
SEND b3c3 652/1000 table=page_000514_table_6 active=3
RECV b3c3 652/1000 rank=209 id=page_000514_table_6 latency=0.6349s status=ok active=2
SEND b3c3 653/1000 table=page_001184_table_10 active=3
RECV b3c3 653/1000 rank=573 id=page_001184_table_10 latency=0.1337s status=ok active=2
SEND b3c3 654/1000 table=page_000451_table_10 active=3
RECV b3c3 644/1000 rank=34 id=page_000496_table_4 latency=2.7146s status=ok active=2
SEND b3c3 655/1000 table=page_000244_table_box-fkrm6qrz active=3
RECV b3c3 655/1000 rank=360 id=page_000244_table_box-fkrm6qrz latency=0.4119s status=ok active=2
SEND b3c3 656/1000 table=page_000715_table_2 active=3
RECV b3c3 651/1000 rank=99 id=page_000292_table_box_id_2 latency=1.4100s status=ok active=2
SEND b3c3 657/1000 table=page_000262_table_box_id_1 active=3
RECV b3c3 656/1000 rank=576 id=page_000715_table_2 latency=0.1313s status=ok active=2
SEND b3c3 658/1000 table=page_000241_table_box_id_2 active=3
RECV b3c3 658/1000 rank=315 id=page_000241_table_box_id_2 latency=0.4724s status=ok active=2
SEND b3c3 659/1000 table=page_000866_table_14 active=3
RECV b3c3 657/1000 rank=296 id=page_000262_table_box_id_1 latency=0.5116s status=ok active=2
SEND b3c3 660/1000 table=page_000656_table_19 active=3
RECV b3c3 660/1000 rank=656 id=page_000656_table_19 latency=0.0859s status=ok active=2
SEND b3c3 661/1000 table=page_000630_table_2 active=3
RECV b3c3 654/1000 rank=115 id=page_000451_table_10 latency=1.4425s status=ok active=2
SEND b3c3 662/1000 table=page_000660_table_4 active=3
RECV b3c3 659/1000 rank=419 id=page_000866_table_14 latency=0.4433s status=ok active=2
SEND b3c3 663/1000 table=page_001187_table_0 active=3
RECV b3c3 662/1000 rank=605 id=page_000660_table_4 latency=0.1098s status=ok active=2
SEND b3c3 664/1000 table=page_000266_table_box_id_3 active=3
RECV b3c3 664/1000 rank=571 id=page_000266_table_box_id_3 latency=0.2536s status=ok active=2
SEND b3c3 665/1000 table=page_001191_table_2 active=3
RECV b3c3 665/1000 rank=515 id=page_001191_table_2 latency=0.1770s status=ok active=2
SEND b3c3 666/1000 table=page_000833_table_4 active=3
RECV b3c3 666/1000 rank=352 id=page_000833_table_4 latency=0.3830s status=ok active=2
SEND b3c3 667/1000 table=page_001174_table_box_id_2 active=3
RECV b3c3 661/1000 rank=104 id=page_000630_table_2 latency=1.4503s status=ok active=2
SEND b3c3 668/1000 table=page_000268_table_box_id_2 active=3
RECV b3c3 667/1000 rank=363 id=page_001174_table_box_id_2 latency=0.4623s status=ok active=2
SEND b3c3 669/1000 table=page_000355_table_3 active=3
RECV b3c3 669/1000 rank=586 id=page_000355_table_3 latency=0.1240s status=ok active=2
SEND b3c3 670/1000 table=page_000647_table_4 active=3
RECV b3c3 670/1000 rank=650 id=page_000647_table_4 latency=0.0579s status=ok active=2
SEND b3c3 671/1000 table=page_001368_table_box_id_239 active=3
RECV b3c3 671/1000 rank=512 id=page_001368_table_box_id_239 latency=0.1797s status=ok active=2
SEND b3c3 672/1000 table=page_000261_table_box_id_3 active=3
RECV b3c3 668/1000 rank=133 id=page_000268_table_box_id_2 latency=1.1103s status=ok active=2
SEND b3c3 673/1000 table=page_000268_table_box_id_4 active=3
RECV b3c3 673/1000 rank=361 id=page_000268_table_box_id_4 latency=0.3732s status=ok active=2
SEND b3c3 674/1000 table=page_001342_table_2 active=3
RECV b3c3 663/1000 rank=28 id=page_001187_table_0 latency=2.7542s status=ok active=2
SEND b3c3 675/1000 table=page_001636_table_1 active=3
RECV b3c3 675/1000 rank=252 id=page_001636_table_1 latency=0.5283s status=ok active=2
SEND b3c3 676/1000 table=page_000503_table_1 active=3
RECV b3c3 674/1000 rank=185 id=page_001342_table_2 latency=0.8263s status=ok active=2
SEND b3c3 677/1000 table=page_000507_table_6 active=3
RECV b3c3 672/1000 rank=54 id=page_000261_table_box_id_3 latency=2.0489s status=ok active=2
SEND b3c3 678/1000 table=page_001367_table_3 active=3
RECV b3c3 676/1000 rank=206 id=page_000503_table_1 latency=0.7913s status=ok active=2
SEND b3c3 679/1000 table=page_001117_table_box_id_7 active=3
RECV b3c3 677/1000 rank=176 id=page_000507_table_6 latency=0.8189s status=ok active=2
SEND b3c3 680/1000 table=page_000934_table_1 active=3
RECV b3c3 679/1000 rank=483 id=page_001117_table_box_id_7 latency=0.2138s status=ok active=2
SEND b3c3 681/1000 table=page_000282_table_box_id_1 active=3
RECV b3c3 680/1000 rank=567 id=page_000934_table_1 latency=0.2310s status=ok active=2
SEND b3c3 682/1000 table=page_001368_table_box_id_244 active=3
RECV b3c3 682/1000 rank=444 id=page_001368_table_box_id_244 latency=0.2476s status=ok active=2
SEND b3c3 683/1000 table=page_001375_table_7 active=3
RECV b3c3 683/1000 rank=458 id=page_001375_table_7 latency=0.2331s status=ok active=2
SEND b3c3 684/1000 table=page_000298_table_5 active=3
RECV b3c3 678/1000 rank=101 id=page_001367_table_3 latency=1.4236s status=ok active=2
SEND b3c3 685/1000 table=page_000941_table_1 active=3
RECV b3c3 684/1000 rank=274 id=page_000298_table_5 latency=0.5563s status=ok active=2
SEND b3c3 686/1000 table=page_000511_table_1 active=3
RECV b3c3 685/1000 rank=298 id=page_000941_table_1 latency=0.4278s status=ok active=2
SEND b3c3 687/1000 table=page_001220_table_8 active=3
RECV b3c3 687/1000 rank=94 id=page_001220_table_8 latency=1.2242s status=ok active=2
SEND b3c3 688/1000 table=page_001197_table_5 active=3
RECV b3c3 686/1000 rank=71 id=page_000511_table_1 latency=1.4846s status=ok active=2
SEND b3c3 689/1000 table=page_000465_table_10 active=3
RECV b3c3 689/1000 rank=339 id=page_000465_table_10 latency=0.3795s status=ok active=2
SEND b3c3 690/1000 table=page_001367_table_51 active=3
RECV b3c3 688/1000 rank=118 id=page_001197_table_5 latency=1.0869s status=ok active=2
SEND b3c3 691/1000 table=page_000496_table_3 active=3
RECV b3c3 690/1000 rank=65 id=page_001367_table_51 latency=0.5621s status=ok active=2
SEND b3c3 692/1000 table=page_000519_table_8 active=3
RECV b3c3 692/1000 rank=289 id=page_000519_table_8 latency=0.4362s status=ok active=2
SEND b3c3 693/1000 table=page_000631_table_0 active=3
RECV b3c3 691/1000 rank=163 id=page_000496_table_3 latency=0.9260s status=ok active=2
SEND b3c3 694/1000 table=page_000900_table_4 active=3
RECV b3c3 694/1000 rank=602 id=page_000900_table_4 latency=0.1093s status=ok active=2
SEND b3c3 695/1000 table=page_000676_table_2 active=3
RECV b3c3 681/1000 rank=06 id=page_000282_table_box_id_1 latency=4.9838s status=ok active=2
SEND b3c3 696/1000 table=page_000212_table_box_id_1 active=3
RECV b3c3 693/1000 rank=147 id=page_000631_table_0 latency=1.0047s status=ok active=2
SEND b3c3 697/1000 table=page_001134_table_11 active=3
RECV b3c3 695/1000 rank=112 id=page_000676_table_2 latency=1.1970s status=ok active=2
SEND b3c3 698/1000 table=page_001011_table_18 active=3
RECV b3c3 697/1000 rank=149 id=page_001134_table_11 latency=0.9094s status=ok active=2
SEND b3c3 699/1000 table=page_000922_table_12 active=3
RECV b3c3 696/1000 rank=113 id=page_000212_table_box_id_1 latency=1.2240s status=ok active=2
SEND b3c3 700/1000 table=page_000744_table_11 active=3
RECV b3c3 698/1000 rank=387 id=page_001011_table_18 latency=0.4491s status=ok active=2
SEND b3c3 701/1000 table=page_001232_table_box_id_1 active=3
RECV b3c3 700/1000 rank=594 id=page_000744_table_11 latency=0.1161s status=ok active=2
SEND b3c3 702/1000 table=page_001368_table_box_id_165 active=3
RECV b3c3 702/1000 rank=604 id=page_001368_table_box_id_165 latency=0.1408s status=ok active=2
SEND b3c3 703/1000 table=page_000720_table_3 active=3
RECV b3c3 699/1000 rank=294 id=page_000922_table_12 latency=0.5620s status=ok active=2
SEND b3c3 704/1000 table=page_001637_table_4 active=3
RECV b3c3 703/1000 rank=574 id=page_000720_table_3 latency=0.1321s status=ok active=2
SEND b3c3 705/1000 table=page_001198_table_8 active=3
RECV b3c3 704/1000 rank=599 id=page_001637_table_4 latency=0.1597s status=ok active=2
SEND b3c3 706/1000 table=page_000696_table_0 active=3
RECV b3c3 701/1000 rank=313 id=page_001232_table_box_id_1 latency=0.6586s status=ok active=2
SEND b3c3 707/1000 table=page_001163_table_0 active=3
RECV b3c3 706/1000 rank=355 id=page_000696_table_0 latency=0.4682s status=ok active=2
SEND b3c3 708/1000 table=page_001398_table_box-13qv1ztw active=3
RECV b3c3 705/1000 rank=260 id=page_001198_table_8 latency=0.7050s status=ok active=2
SEND b3c3 709/1000 table=page_001368_table_box_id_273 active=3
RECV b3c3 708/1000 rank=511 id=page_001398_table_box-13qv1ztw latency=0.2038s status=ok active=2
SEND b3c3 710/1000 table=page_000508_table_4 active=3
RECV b3c3 709/1000 rank=570 id=page_001368_table_box_id_273 latency=0.1310s status=ok active=2
SEND b3c3 711/1000 table=page_000106_table_box_id_2 active=3
RECV b3c3 710/1000 rank=366 id=page_000508_table_4 latency=0.4169s status=ok active=2
SEND b3c3 712/1000 table=page_000266_table_box_id_7 active=3
RECV b3c3 712/1000 rank=509 id=page_000266_table_box_id_7 latency=0.1836s status=ok active=2
SEND b3c3 713/1000 table=page_000591_table_3 active=3
RECV b3c3 711/1000 rank=208 id=page_000106_table_box_id_2 latency=0.7617s status=ok active=2
SEND b3c3 714/1000 table=page_001168_table_0 active=3
RECV b3c3 707/1000 rank=126 id=page_001163_table_0 latency=1.2449s status=ok active=2
SEND b3c3 715/1000 table=page_000467_table_17 active=3
RECV b3c3 713/1000 rank=322 id=page_000591_table_3 latency=0.5345s status=ok active=2
SEND b3c3 716/1000 table=page_001195_table_7 active=3
RECV b3c3 714/1000 rank=216 id=page_001168_table_0 latency=0.7114s status=ok active=2
SEND b3c3 717/1000 table=page_001142_table_13 active=3
RECV b3c3 717/1000 rank=459 id=page_001142_table_13 latency=0.2430s status=ok active=2
SEND b3c3 718/1000 table=page_000515_table_7 active=3
RECV b3c3 715/1000 rank=120 id=page_000467_table_17 latency=1.3354s status=ok active=2
SEND b3c3 719/1000 table=page_001449_table_1 active=3
RECV b3c3 718/1000 rank=301 id=page_000515_table_7 latency=0.4197s status=ok active=2
SEND b3c3 720/1000 table=page_001199_table_15 active=3
RECV b3c3 719/1000 rank=418 id=page_001449_table_1 latency=0.3802s status=ok active=2
SEND b3c3 721/1000 table=page_000526_table_4 active=3
RECV b3c3 720/1000 rank=290 id=page_001199_table_15 latency=0.5447s status=ok active=2
SEND b3c3 722/1000 table=page_000219_table_box_id_3 active=3
RECV b3c3 716/1000 rank=82 id=page_001195_table_7 latency=1.6213s status=ok active=2
SEND b3c3 723/1000 table=page_001177_table_2 active=3
RECV b3c3 721/1000 rank=410 id=page_000526_table_4 latency=0.4698s status=ok active=2
SEND b3c3 724/1000 table=page_001134_table_1 active=3
RECV b3c3 722/1000 rank=300 id=page_000219_table_box_id_3 latency=0.5682s status=ok active=2
SEND b3c3 725/1000 table=page_001522_table_8 active=3
RECV b3c3 723/1000 rank=229 id=page_001177_table_2 latency=0.7778s status=ok active=2
SEND b3c3 726/1000 table=page_001357_table_3 active=3
RECV b3c3 726/1000 rank=557 id=page_001357_table_3 latency=0.1423s status=ok active=2
SEND b3c3 727/1000 table=page_000657_table_6 active=3
RECV b3c3 727/1000 rank=659 id=page_000657_table_6 latency=0.0448s status=ok active=2
SEND b3c3 728/1000 table=page_000356_table_1 active=3
RECV b3c3 725/1000 rank=234 id=page_001522_table_8 latency=0.6965s status=ok active=2
SEND b3c3 729/1000 table=page_000288_table_box_id_1 active=3
RECV b3c3 728/1000 rank=409 id=page_000356_table_1 latency=0.3108s status=ok active=2
SEND b3c3 730/1000 table=page_001147_table_8 active=3
RECV b3c3 724/1000 rank=77 id=page_001134_table_1 latency=1.6715s status=ok active=2
SEND b3c3 731/1000 table=page_000253_table_box_id_2 active=3
RECV b3c3 730/1000 rank=162 id=page_001147_table_8 latency=0.9430s status=ok active=2
SEND b3c3 732/1000 table=page_000226_table_box_id_3 active=3
RECV b3c3 731/1000 rank=236 id=page_000253_table_box_id_2 latency=0.6143s status=ok active=2
SEND b3c3 733/1000 table=page_000209_table_box_id_1 active=3
RECV b3c3 733/1000 rank=432 id=page_000209_table_box_id_1 latency=0.2734s status=ok active=2
SEND b3c3 734/1000 table=page_000844_table_6 active=3
RECV b3c3 732/1000 rank=244 id=page_000226_table_box_id_3 latency=0.5780s status=ok active=2
SEND b3c3 735/1000 table=page_001368_table_box_id_278 active=3
RECV b3c3 735/1000 rank=621 id=page_001368_table_box_id_278 latency=0.2145s status=ok active=2
SEND b3c3 736/1000 table=page_001182_table_3 active=3
RECV b3c3 734/1000 rank=341 id=page_000844_table_6 latency=0.4581s status=ok active=2
SEND b3c3 737/1000 table=page_000246_table_box_id_6 active=3
RECV b3c3 737/1000 rank=575 id=page_000246_table_box_id_6 latency=0.1279s status=ok active=2
SEND b3c3 738/1000 table=page_001175_table_2 active=3
RECV b3c3 736/1000 rank=250 id=page_001182_table_3 latency=0.6283s status=ok active=2
SEND b3c3 739/1000 table=page_001211_table_7 active=3
RECV b3c3 739/1000 rank=462 id=page_001211_table_7 latency=0.2337s status=ok active=2
SEND b3c3 740/1000 table=page_000204_table_box_id_6 active=3
RECV b3c3 738/1000 rank=178 id=page_001175_table_2 latency=0.8173s status=ok active=2
SEND b3c3 741/1000 table=page_000800_table_12 active=3
RECV b3c3 741/1000 rank=655 id=page_000800_table_12 latency=0.0444s status=ok active=2
SEND b3c3 742/1000 table=page_000762_table_5 active=3
RECV b3c3 740/1000 rank=344 id=page_000204_table_box_id_6 latency=0.4204s status=ok active=2
SEND b3c3 743/1000 table=page_000775_table_2 active=3
RECV b3c3 742/1000 rank=610 id=page_000762_table_5 latency=0.1226s status=ok active=2
SEND b3c3 744/1000 table=page_000821_table_box_id_14 active=3
RECV b3c3 743/1000 rank=591 id=page_000775_table_2 latency=0.1454s status=ok active=2
SEND b3c3 745/1000 table=page_000287_table_box_id_8 active=3
RECV b3c3 744/1000 rank=585 id=page_000821_table_box_id_14 latency=0.1238s status=ok active=2
SEND b3c3 746/1000 table=page_000247_table_box_id_0 active=3
RECV b3c3 746/1000 rank=609 id=page_000247_table_box_id_0 latency=0.2171s status=ok active=2
SEND b3c3 747/1000 table=page_000216_table_box_id_0 active=3
RECV b3c3 729/1000 rank=08 id=page_000288_table_box_id_1 latency=5.0631s status=ok active=2
SEND b3c3 748/1000 table=page_000246_table_box_id_14 active=3
RECV b3c3 748/1000 rank=502 id=page_000246_table_box_id_14 latency=0.1907s status=ok active=2
SEND b3c3 749/1000 table=page_000818_table_1 active=3
RECV b3c3 749/1000 rank=551 id=page_000818_table_1 latency=0.1460s status=ok active=2
SEND b3c3 750/1000 table=page_000521_table_2 active=3
RECV b3c3 745/1000 rank=24 id=page_000287_table_box_id_8 latency=2.6611s status=ok active=2
SEND b3c3 751/1000 table=page_000236_table_box_id_1 active=3
RECV b3c3 747/1000 rank=23 id=page_000216_table_box_id_0 latency=2.7243s status=ok active=2
SEND b3c3 752/1000 table=page_000516_table_0 active=3
RECV b3c3 750/1000 rank=173 id=page_000521_table_2 latency=0.8323s status=ok active=2
SEND b3c3 753/1000 table=page_001130_table_13 active=3
RECV b3c3 751/1000 rank=324 id=page_000236_table_box_id_1 latency=0.5353s status=ok active=2
SEND b3c3 754/1000 table=page_000536_table_4 active=3
RECV b3c3 753/1000 rank=531 id=page_001130_table_13 latency=0.3260s status=ok active=2
SEND b3c3 755/1000 table=page_001164_table_2 active=3
RECV b3c3 754/1000 rank=303 id=page_000536_table_4 latency=0.5048s status=ok active=2
SEND b3c3 756/1000 table=page_001398_table_box-7mwax454 active=3
RECV b3c3 756/1000 rank=377 id=page_001398_table_box-7mwax454 latency=0.3310s status=ok active=2
SEND b3c3 757/1000 table=page_000266_table_box_id_9 active=3
RECV b3c3 752/1000 rank=125 id=page_000516_table_0 latency=1.2238s status=ok active=2
SEND b3c3 758/1000 table=page_000222_table_box_id_3 active=3
RECV b3c3 757/1000 rank=479 id=page_000266_table_box_id_9 latency=0.2221s status=ok active=2
SEND b3c3 759/1000 table=page_001026_table_box_id_12 active=3
RECV b3c3 759/1000 rank=373 id=page_001026_table_box_id_12 latency=0.4109s status=ok active=2
SEND b3c3 760/1000 table=page_001368_table_box_id_26 active=3
RECV b3c3 758/1000 rank=258 id=page_000222_table_box_id_3 latency=0.5854s status=ok active=2
SEND b3c3 761/1000 table=page_000518_table_11 active=3
RECV b3c3 761/1000 rank=424 id=page_000518_table_11 latency=0.2820s status=ok active=2
SEND b3c3 762/1000 table=page_000434_table_15 active=3
RECV b3c3 760/1000 rank=259 id=page_001368_table_box_id_26 latency=0.6298s status=ok active=2
SEND b3c3 763/1000 table=page_001498_table_14 active=3
RECV b3c3 763/1000 rank=443 id=page_001498_table_14 latency=0.2523s status=ok active=2
SEND b3c3 764/1000 table=page_001378_table_box_id_1 active=3
RECV b3c3 762/1000 rank=267 id=page_000434_table_15 latency=0.5933s status=ok active=2
SEND b3c3 765/1000 table=page_001152_table_0 active=3
RECV b3c3 755/1000 rank=40 id=page_001164_table_2 latency=2.5665s status=ok active=2
SEND b3c3 766/1000 table=page_000239_table_box_id_7 active=3
RECV b3c3 764/1000 rank=398 id=page_001378_table_box_id_1 latency=0.4600s status=ok active=2
SEND b3c3 767/1000 table=page_001210_table_4 active=3
RECV b3c3 766/1000 rank=494 id=page_000239_table_box_id_7 latency=0.2721s status=ok active=2
SEND b3c3 768/1000 table=page_001123_table_14 active=3
RECV b3c3 768/1000 rank=413 id=page_001123_table_14 latency=0.2990s status=ok active=2
SEND b3c3 769/1000 table=page_000523_table_1 active=3
RECV b3c3 769/1000 rank=471 id=page_000523_table_1 latency=0.2181s status=ok active=2
SEND b3c3 770/1000 table=page_001166_table_5 active=3
RECV b3c3 770/1000 rank=472 id=page_001166_table_5 latency=0.2192s status=ok active=2
SEND b3c3 771/1000 table=page_000712_table_4 active=3
RECV b3c3 767/1000 rank=152 id=page_001210_table_4 latency=0.9728s status=ok active=2
SEND b3c3 772/1000 table=page_000206_table_box_id_9 active=3
RECV b3c3 771/1000 rank=535 id=page_000712_table_4 latency=0.1988s status=ok active=2
SEND b3c3 773/1000 table=page_001145_table_3 active=3
RECV b3c3 765/1000 rank=78 id=page_001152_table_0 latency=1.6338s status=ok active=2
SEND b3c3 774/1000 table=page_001140_table_11 active=3
RECV b3c3 772/1000 rank=293 id=page_000206_table_box_id_9 latency=0.5770s status=ok active=2
SEND b3c3 775/1000 table=page_000946_table_14 active=3
RECV b3c3 773/1000 rank=323 id=page_001145_table_3 latency=0.4960s status=ok active=2
SEND b3c3 776/1000 table=page_001130_table_1 active=3
RECV b3c3 776/1000 rank=572 id=page_001130_table_1 latency=0.1785s status=ok active=2
SEND b3c3 777/1000 table=page_000499_table_5 active=3
RECV b3c3 775/1000 rank=461 id=page_000946_table_14 latency=0.3458s status=ok active=2
SEND b3c3 778/1000 table=page_001139_table_5 active=3
RECV b3c3 777/1000 rank=448 id=page_000499_table_5 latency=0.3430s status=ok active=2
SEND b3c3 779/1000 table=page_000220_table_box_id_3 active=3
RECV b3c3 774/1000 rank=148 id=page_001140_table_11 latency=1.1605s status=ok active=2
SEND b3c3 780/1000 table=page_000635_table_0 active=3
RECV b3c3 779/1000 rank=358 id=page_000220_table_box_id_3 latency=0.3750s status=ok active=2
SEND b3c3 781/1000 table=page_000866_table_14 active=3
RECV b3c3 781/1000 rank=419 id=page_000866_table_14 latency=0.3210s status=ok active=2
SEND b3c3 782/1000 table=page_000903_table_15 active=3
RECV b3c3 782/1000 rank=522 id=page_000903_table_15 latency=0.1757s status=ok active=2
SEND b3c3 783/1000 table=page_001135_table_6 active=3
RECV b3c3 780/1000 rank=179 id=page_000635_table_0 latency=0.8267s status=ok active=2
SEND b3c3 784/1000 table=page_001368_table_box_id_257 active=3
RECV b3c3 783/1000 rank=299 id=page_001135_table_6 latency=0.4307s status=ok active=2
SEND b3c3 785/1000 table=page_000853_table_9 active=3
RECV b3c3 778/1000 rank=79 id=page_001139_table_5 latency=1.6036s status=ok active=2
SEND b3c3 786/1000 table=page_001219_table_box_id_1 active=3
RECV b3c3 784/1000 rank=473 id=page_001368_table_box_id_257 latency=0.2611s status=ok active=2
SEND b3c3 787/1000 table=page_000545_table_14 active=3
RECV b3c3 785/1000 rank=584 id=page_000853_table_9 latency=0.1315s status=ok active=2
SEND b3c3 788/1000 table=page_001375_table_1 active=3
RECV b3c3 787/1000 rank=488 id=page_000545_table_14 latency=0.3438s status=ok active=2
SEND b3c3 789/1000 table=page_000524_table_0 active=3
RECV b3c3 789/1000 rank=140 id=page_000524_table_0 latency=0.8667s status=ok active=2
SEND b3c3 790/1000 table=page_000637_table_6 active=3
RECV b3c3 788/1000 rank=111 id=page_001375_table_1 latency=1.2235s status=ok active=2
SEND b3c3 791/1000 table=page_001404_table_7 active=3
RECV b3c3 791/1000 rank=445 id=page_001404_table_7 latency=0.3746s status=ok active=2
SEND b3c3 792/1000 table=page_000294_table_box_id_1 active=3
RECV b3c3 786/1000 rank=50 id=page_001219_table_box_id_1 latency=1.9855s status=ok active=2
SEND b3c3 793/1000 table=page_001368_table_box_id_268 active=3
RECV b3c3 793/1000 rank=665 id=page_001368_table_box_id_268 latency=0.0431s status=ok active=2
SEND b3c3 794/1000 table=page_000512_table_0 active=3
RECV b3c3 792/1000 rank=84 id=page_000294_table_box_id_1 latency=1.3326s status=ok active=2
SEND b3c3 795/1000 table=page_000428_table_6 active=3
RECV b3c3 795/1000 rank=416 id=page_000428_table_6 latency=0.2917s status=ok active=2
SEND b3c3 796/1000 table=page_001376_table_13 active=3
RECV b3c3 794/1000 rank=85 id=page_000512_table_0 latency=1.2913s status=ok active=2
SEND b3c3 797/1000 table=page_000206_table_box_id_1 active=3
RECV b3c3 796/1000 rank=449 id=page_001376_table_13 latency=0.2850s status=ok active=2
SEND b3c3 798/1000 table=page_001419_table_10 active=3
RECV b3c3 790/1000 rank=33 id=page_000637_table_6 latency=2.4512s status=ok active=2
SEND b3c3 799/1000 table=page_000984_table_2 active=3
RECV b3c3 799/1000 rank=625 id=page_000984_table_2 latency=0.0809s status=ok active=2
SEND b3c3 800/1000 table=page_001180_table_16 active=3
RECV b3c3 798/1000 rank=464 id=page_001419_table_10 latency=0.2529s status=ok active=2
SEND b3c3 801/1000 table=page_000465_table_8 active=3
RECV b3c3 797/1000 rank=309 id=page_000206_table_box_id_1 latency=0.6133s status=ok active=2
SEND b3c3 802/1000 table=page_000210_table_box_id_4 active=3
RECV b3c3 802/1000 rank=466 id=page_000210_table_box_id_4 latency=0.2191s status=ok active=2
SEND b3c3 803/1000 table=page_000292_table_box_id_1 active=3
RECV b3c3 800/1000 rank=390 id=page_001180_table_16 latency=0.4148s status=ok active=2
SEND b3c3 804/1000 table=page_000266_table_box_id_11 active=3
RECV b3c3 801/1000 rank=331 id=page_000465_table_8 latency=0.5816s status=ok active=2
SEND b3c3 805/1000 table=page_001189_table_box_id_3 active=3
RECV b3c3 804/1000 rank=500 id=page_000266_table_box_id_11 latency=0.3475s status=ok active=2
SEND b3c3 806/1000 table=page_001133_table_3 active=3
RECV b3c3 805/1000 rank=338 id=page_001189_table_box_id_3 latency=0.4657s status=ok active=2
SEND b3c3 807/1000 table=page_001167_table_8 active=3
RECV b3c3 807/1000 rank=450 id=page_001167_table_8 latency=0.2383s status=ok active=2
SEND b3c3 808/1000 table=page_001516_table_17 active=3
RECV b3c3 808/1000 rank=314 id=page_001516_table_17 latency=0.3903s status=ok active=2
SEND b3c3 809/1000 table=page_000233_table_box_id_2 active=3
RECV b3c3 806/1000 rank=123 id=page_001133_table_3 latency=1.0849s status=ok active=2
SEND b3c3 810/1000 table=page_001193_table_4 active=3
RECV b3c3 810/1000 rank=342 id=page_001193_table_4 latency=0.3983s status=ok active=2
SEND b3c3 811/1000 table=page_000982_table_16 active=3
RECV b3c3 811/1000 rank=495 id=page_000982_table_16 latency=0.2005s status=ok active=2
SEND b3c3 812/1000 table=page_001207_table_4 active=3
RECV b3c3 812/1000 rank=383 id=page_001207_table_4 latency=0.3187s status=ok active=2
SEND b3c3 813/1000 table=page_000746_table_18 active=3
RECV b3c3 803/1000 rank=25 id=page_000292_table_box_id_1 latency=2.8737s status=ok active=2
SEND b3c3 814/1000 table=page_001398_table_box-5zkimf1o active=3
RECV b3c3 814/1000 rank=518 id=page_001398_table_box-5zkimf1o latency=0.1747s status=ok active=2
SEND b3c3 815/1000 table=page_000215_table_box_id_4 active=3
RECV b3c3 813/1000 rank=161 id=page_000746_table_18 latency=0.9064s status=ok active=2
SEND b3c3 816/1000 table=page_000226_table_box_id_5 active=3
RECV b3c3 815/1000 rank=343 id=page_000215_table_box_id_4 latency=0.4446s status=ok active=2
SEND b3c3 817/1000 table=page_000603_table_7 active=3
RECV b3c3 816/1000 rank=405 id=page_000226_table_box_id_5 latency=0.3857s status=ok active=2
SEND b3c3 818/1000 table=page_001183_table_11 active=3
RECV b3c3 809/1000 rank=38 id=page_000233_table_box_id_2 latency=2.5005s status=ok active=2
SEND b3c3 819/1000 table=page_000220_table_box_id_10 active=3
RECV b3c3 817/1000 rank=403 id=page_000603_table_7 latency=0.4542s status=ok active=2
SEND b3c3 820/1000 table=page_001368_table_box_id_266 active=3
RECV b3c3 820/1000 rank=648 id=page_001368_table_box_id_266 latency=0.0571s status=ok active=2
SEND b3c3 821/1000 table=page_000628_table_6 active=3
RECV b3c3 818/1000 rank=395 id=page_001183_table_11 latency=0.5062s status=ok active=2
SEND b3c3 822/1000 table=page_000200_table_box_id_2 active=3
RECV b3c3 819/1000 rank=406 id=page_000220_table_box_id_10 latency=0.5162s status=ok active=2
SEND b3c3 823/1000 table=page_001138_table_1 active=3
RECV b3c3 822/1000 rank=291 id=page_000200_table_box_id_2 latency=0.5248s status=ok active=2
SEND b3c3 824/1000 table=page_001162_table_3 active=3
RECV b3c3 821/1000 rank=207 id=page_000628_table_6 latency=0.8839s status=ok active=2
SEND b3c3 825/1000 table=page_001132_table_box_id_18 active=3
RECV b3c3 825/1000 rank=546 id=page_001132_table_box_id_18 latency=0.1475s status=ok active=2
SEND b3c3 826/1000 table=page_001187_table_0 active=3
RECV b3c3 824/1000 rank=257 id=page_001162_table_3 latency=0.5982s status=ok active=2
SEND b3c3 827/1000 table=page_000275_table_box_id_1 active=3
RECV b3c3 823/1000 rank=59 id=page_001138_table_1 latency=1.8387s status=ok active=2
SEND b3c3 828/1000 table=page_000225_table_box_id_9 active=3
RECV b3c3 828/1000 rank=431 id=page_000225_table_box_id_9 latency=0.2716s status=ok active=2
SEND b3c3 829/1000 table=page_001368_table_box_id_271 active=3
RECV b3c3 829/1000 rank=528 id=page_001368_table_box_id_271 latency=0.1584s status=ok active=2
SEND b3c3 830/1000 table=page_000595_table_25 active=3
RECV b3c3 830/1000 rank=654 id=page_000595_table_25 latency=0.0444s status=ok active=2
SEND b3c3 831/1000 table=page_000256_table_box_id_12 active=3
RECV b3c3 831/1000 rank=369 id=page_000256_table_box_id_12 latency=0.3481s status=ok active=2
SEND b3c3 832/1000 table=page_000249_table_box_id_4 active=3
RECV b3c3 826/1000 rank=28 id=page_001187_table_0 latency=2.4706s status=ok active=2
SEND b3c3 833/1000 table=page_000451_table_12 active=3
RECV b3c3 832/1000 rank=210 id=page_000249_table_box_id_4 latency=0.6761s status=ok active=2
SEND b3c3 834/1000 table=page_000721_table_19 active=3
RECV b3c3 834/1000 rank=583 id=page_000721_table_19 latency=0.1268s status=ok active=2
SEND b3c3 835/1000 table=page_000231_table_box_id_2 active=3
RECV b3c3 833/1000 rank=74 id=page_000451_table_12 latency=0.8662s status=ok active=2
SEND b3c3 836/1000 table=page_001375_table_4 active=3
RECV b3c3 835/1000 rank=105 id=page_000231_table_box_id_2 latency=1.1231s status=ok active=2
SEND b3c3 837/1000 table=page_001140_table_12 active=3
RECV b3c3 837/1000 rank=401 id=page_001140_table_12 latency=0.3125s status=ok active=2
SEND b3c3 838/1000 table=page_000235_table_box_id_16 active=3
RECV b3c3 838/1000 rank=417 id=page_000235_table_box_id_16 latency=0.2859s status=ok active=2
SEND b3c3 839/1000 table=page_000683_table_5 active=3
RECV b3c3 827/1000 rank=12 id=page_000275_table_box_id_1 latency=4.3348s status=ok active=2
SEND b3c3 840/1000 table=page_001395_table_7 active=3
RECV b3c3 839/1000 rank=596 id=page_000683_table_5 latency=0.1194s status=ok active=2
SEND b3c3 841/1000 table=page_001191_table_2 active=3
RECV b3c3 841/1000 rank=515 id=page_001191_table_2 latency=0.2983s status=ok active=2
SEND b3c3 842/1000 table=page_000861_table_17 active=3
RECV b3c3 840/1000 rank=357 id=page_001395_table_7 latency=0.4044s status=ok active=2
SEND b3c3 843/1000 table=page_000297_table_5 active=3
RECV b3c3 836/1000 rank=60 id=page_001375_table_4 latency=1.8096s status=ok active=2
SEND b3c3 844/1000 table=page_000290_table_box_id_1 active=3
RECV b3c3 842/1000 rank=156 id=page_000861_table_17 latency=1.0081s status=ok active=2
SEND b3c3 845/1000 table=page_000937_table_1 active=3
RECV b3c3 843/1000 rank=175 id=page_000297_table_5 latency=1.1793s status=ok active=2
SEND b3c3 846/1000 table=page_001149_table_0 active=3
RECV b3c3 845/1000 rank=415 id=page_000937_table_1 latency=0.3030s status=ok active=2
SEND b3c3 847/1000 table=page_000585_table_1 active=3
RECV b3c3 846/1000 rank=223 id=page_001149_table_0 latency=0.6402s status=ok active=2
SEND b3c3 848/1000 table=page_000938_table_5 active=3
RECV b3c3 847/1000 rank=159 id=page_000585_table_1 latency=0.9218s status=ok active=2
SEND b3c3 849/1000 table=page_001147_table_5 active=3
RECV b3c3 848/1000 rank=402 id=page_000938_table_5 latency=0.3254s status=ok active=2
SEND b3c3 850/1000 table=page_000324_table_0 active=3
RECV b3c3 850/1000 rank=414 id=page_000324_table_0 latency=0.3778s status=ok active=2
SEND b3c3 851/1000 table=page_000626_table_box_id_7 active=3
RECV b3c3 849/1000 rank=47 id=page_001147_table_5 latency=1.9056s status=ok active=2
SEND b3c3 852/1000 table=page_000279_table_box_id_0 active=3
RECV b3c3 851/1000 rank=43 id=page_000626_table_box_id_7 latency=1.9268s status=ok active=2
SEND b3c3 853/1000 table=page_000654_table_0 active=3
RECV b3c3 853/1000 rank=568 id=page_000654_table_0 latency=0.1310s status=ok active=2
SEND b3c3 854/1000 table=page_000287_table_box_id_1 active=3
RECV b3c3 844/1000 rank=02 id=page_000290_table_box_id_1 latency=5.2267s status=ok active=2
SEND b3c3 855/1000 table=page_000201_table_box_id_3 active=3
RECV b3c3 854/1000 rank=154 id=page_000287_table_box_id_1 latency=0.8100s status=ok active=2
SEND b3c3 856/1000 table=page_001180_table_15 active=3
RECV b3c3 855/1000 rank=463 id=page_000201_table_box_id_3 latency=0.2667s status=ok active=2
SEND b3c3 857/1000 table=page_001186_table_10 active=3
RECV b3c3 856/1000 rank=457 id=page_001180_table_15 latency=0.2823s status=ok active=2
SEND b3c3 858/1000 table=page_000743_table_4 active=3
RECV b3c3 858/1000 rank=581 id=page_000743_table_4 latency=0.2088s status=ok active=2
SEND b3c3 859/1000 table=page_000466_table_0 active=3
RECV b3c3 857/1000 rank=372 id=page_001186_table_10 latency=0.4765s status=ok active=2
SEND b3c3 860/1000 table=page_001194_table_3 active=3
RECV b3c3 860/1000 rank=269 id=page_001194_table_3 latency=0.4637s status=ok active=2
SEND b3c3 861/1000 table=page_000224_table_box-3str9h9p active=3
RECV b3c3 861/1000 rank=203 id=page_000224_table_box-3str9h9p latency=0.6322s status=ok active=2
SEND b3c3 862/1000 table=page_000211_table_box_id_3 active=3
RECV b3c3 859/1000 rank=51 id=page_000466_table_0 latency=1.9161s status=ok active=2
SEND b3c3 863/1000 table=page_000806_table_29 active=3
RECV b3c3 862/1000 rank=201 id=page_000211_table_box_id_3 latency=0.6551s status=ok active=2
SEND b3c3 864/1000 table=page_000533_table_5 active=3
RECV b3c3 863/1000 rank=320 id=page_000806_table_29 latency=0.4617s status=ok active=2
SEND b3c3 865/1000 table=page_000223_table_box_id_4 active=3
RECV b3c3 865/1000 rank=606 id=page_000223_table_box_id_4 latency=0.1012s status=ok active=2
SEND b3c3 866/1000 table=page_000682_table_15 active=3
RECV b3c3 864/1000 rank=441 id=page_000533_table_5 latency=0.5551s status=ok active=2
SEND b3c3 867/1000 table=page_000716_table_2 active=3
RECV b3c3 867/1000 rank=623 id=page_000716_table_2 latency=0.1428s status=ok active=2
SEND b3c3 868/1000 table=page_000011_table_box_id_1 active=3
RECV b3c3 866/1000 rank=507 id=page_000682_table_15 latency=0.2178s status=ok active=2
SEND b3c3 869/1000 table=page_000227_table_box_id_1 active=3
RECV b3c3 852/1000 rank=01 id=page_000279_table_box_id_0 latency=5.1723s status=ok active=2
SEND b3c3 870/1000 table=page_001432_table_20 active=3
RECV b3c3 868/1000 rank=194 id=page_000011_table_box_id_1 latency=0.7497s status=ok active=2
SEND b3c3 871/1000 table=page_000803_table_12 active=3
RECV b3c3 871/1000 rank=632 id=page_000803_table_12 latency=0.0739s status=ok active=2
SEND b3c3 872/1000 table=page_000224_table_box_id_6 active=3
RECV b3c3 870/1000 rank=560 id=page_001432_table_20 latency=0.1641s status=ok active=2
SEND b3c3 873/1000 table=page_000188_table_box_id_6 active=3
RECV b3c3 869/1000 rank=124 id=page_000227_table_box_id_1 latency=1.1992s status=ok active=2
SEND b3c3 874/1000 table=page_000250_table_box-stnne6dt active=3
RECV b3c3 873/1000 rank=240 id=page_000188_table_box_id_6 latency=0.6973s status=ok active=2
SEND b3c3 875/1000 table=page_000632_table_0 active=3
RECV b3c3 872/1000 rank=202 id=page_000224_table_box_id_6 latency=0.9127s status=ok active=2
SEND b3c3 876/1000 table=page_000203_table_box_id_3 active=3
RECV b3c3 874/1000 rank=93 id=page_000250_table_box-stnne6dt latency=1.3605s status=ok active=2
SEND b3c3 877/1000 table=page_000612_table_6 active=3
RECV b3c3 877/1000 rank=295 id=page_000612_table_6 latency=0.4287s status=ok active=2
SEND b3c3 878/1000 table=page_000210_table_box_id_0 active=3
RECV b3c3 876/1000 rank=64 id=page_000203_table_box_id_3 latency=1.6368s status=ok active=2
SEND b3c3 879/1000 table=page_000256_table_box_id_8 active=3
RECV b3c3 875/1000 rank=55 id=page_000632_table_0 latency=1.8748s status=ok active=2
SEND b3c3 880/1000 table=page_000769_table_3 active=3
RECV b3c3 880/1000 rank=540 id=page_000769_table_3 latency=0.2337s status=ok active=2
SEND b3c3 881/1000 table=page_000634_table_1 active=3
RECV b3c3 878/1000 rank=222 id=page_000210_table_box_id_0 latency=0.7278s status=ok active=2
SEND b3c3 882/1000 table=page_000451_table_10 active=3
RECV b3c3 879/1000 rank=336 id=page_000256_table_box_id_8 latency=0.5327s status=ok active=2
SEND b3c3 883/1000 table=page_001595_table_box_id_7 active=3
RECV b3c3 881/1000 rank=276 id=page_000634_table_1 latency=0.6260s status=ok active=2
SEND b3c3 884/1000 table=page_000920_table_3 active=3
RECV b3c3 884/1000 rank=478 id=page_000920_table_3 latency=0.2237s status=ok active=2
SEND b3c3 885/1000 table=page_001178_table_0 active=3
RECV b3c3 883/1000 rank=195 id=page_001595_table_box_id_7 latency=0.8141s status=ok active=2
SEND b3c3 886/1000 table=page_001192_table_2 active=3
RECV b3c3 882/1000 rank=115 id=page_000451_table_10 latency=1.3699s status=ok active=2
SEND b3c3 887/1000 table=page_001201_table_14 active=3
RECV b3c3 887/1000 rank=393 id=page_001201_table_14 latency=0.3284s status=ok active=2
SEND b3c3 888/1000 table=page_000605_table_3 active=3
RECV b3c3 888/1000 rank=649 id=page_000605_table_3 latency=0.0586s status=ok active=2
SEND b3c3 889/1000 table=page_000468_table_1 active=3
RECV b3c3 889/1000 rank=544 id=page_000468_table_1 latency=0.1477s status=ok active=2
SEND b3c3 890/1000 table=page_000776_table_4 active=3
RECV b3c3 890/1000 rank=600 id=page_000776_table_4 latency=0.1064s status=ok active=2
SEND b3c3 891/1000 table=page_000202_table_box_id_0 active=3
RECV b3c3 885/1000 rank=98 id=page_001178_table_0 latency=1.4650s status=ok active=2
SEND b3c3 892/1000 table=page_001375_table_3 active=3
RECV b3c3 892/1000 rank=565 id=page_001375_table_3 latency=0.1382s status=ok active=2
SEND b3c3 893/1000 table=page_001368_table_box_id_229 active=3
RECV b3c3 891/1000 rank=326 id=page_000202_table_box_id_0 latency=0.4427s status=ok active=2
SEND b3c3 894/1000 table=page_000918_table_0 active=3
RECV b3c3 886/1000 rank=81 id=page_001192_table_2 latency=1.6362s status=ok active=2
SEND b3c3 895/1000 table=page_000710_table_9 active=3
RECV b3c3 894/1000 rank=456 id=page_000918_table_0 latency=0.3213s status=ok active=2
SEND b3c3 896/1000 table=page_001275_table_3 active=3
RECV b3c3 895/1000 rank=514 id=page_000710_table_9 latency=0.1949s status=ok active=2
SEND b3c3 897/1000 table=page_000514_table_6 active=3
RECV b3c3 893/1000 rank=310 id=page_001368_table_box_id_229 latency=0.5634s status=ok active=2
SEND b3c3 898/1000 table=page_000223_table_box_id_2 active=3
RECV b3c3 897/1000 rank=209 id=page_000514_table_6 latency=0.7871s status=ok active=2
SEND b3c3 899/1000 table=page_000299_table_box_id_5 active=3
RECV b3c3 898/1000 rank=114 id=page_000223_table_box_id_2 latency=1.1867s status=ok active=2
SEND b3c3 900/1000 table=page_000256_table_box_id_1 active=3
RECV b3c3 900/1000 rank=527 id=page_000256_table_box_id_1 latency=0.1682s status=ok active=2
SEND b3c3 901/1000 table=page_000522_table_1 active=3
RECV b3c3 901/1000 rank=452 id=page_000522_table_1 latency=0.2466s status=ok active=2
SEND b3c3 902/1000 table=page_000230_table_box_id_7 active=3
RECV b3c3 896/1000 rank=63 id=page_001275_table_3 latency=1.9573s status=ok active=2
SEND b3c3 903/1000 table=page_000633_table_5 active=3
RECV b3c3 899/1000 rank=116 id=page_000299_table_box_id_5 latency=1.2194s status=ok active=2
SEND b3c3 904/1000 table=page_001167_table_2 active=3
RECV b3c3 904/1000 rank=422 id=page_001167_table_2 latency=0.3645s status=ok active=2
SEND b3c3 905/1000 table=page_000647_table_1 active=3
RECV b3c3 905/1000 rank=597 id=page_000647_table_1 latency=0.1136s status=ok active=2
SEND b3c3 906/1000 table=page_000465_table_4 active=3
RECV b3c3 906/1000 rank=328 id=page_000465_table_4 latency=0.3922s status=ok active=2
SEND b3c3 907/1000 table=page_000643_table_4 active=3
RECV b3c3 902/1000 rank=87 id=page_000230_table_box_id_7 latency=1.4807s status=ok active=2
SEND b3c3 908/1000 table=page_001136_table_4 active=3
RECV b3c3 908/1000 rank=407 id=page_001136_table_4 latency=0.3203s status=ok active=2
SEND b3c3 909/1000 table=page_000932_table_3 active=3
RECV b3c3 909/1000 rank=381 id=page_000932_table_3 latency=0.3373s status=ok active=2
SEND b3c3 910/1000 table=page_001408_table_16 active=3
RECV b3c3 910/1000 rank=652 id=page_001408_table_16 latency=0.0556s status=ok active=2
SEND b3c3 911/1000 table=page_000252_table_box_id_1 active=3
RECV b3c3 903/1000 rank=53 id=page_000633_table_5 latency=2.0514s status=ok active=2
SEND b3c3 912/1000 table=page_001197_table_4 active=3
RECV b3c3 911/1000 rank=197 id=page_000252_table_box_id_1 latency=0.7126s status=ok active=2
SEND b3c3 913/1000 table=page_001209_table_4 active=3
RECV b3c3 913/1000 rank=524 id=page_001209_table_4 latency=0.1777s status=ok active=2
SEND b3c3 914/1000 table=page_000510_table_10 active=3
RECV b3c3 914/1000 rank=548 id=page_000510_table_10 latency=0.1503s status=ok active=2
SEND b3c3 915/1000 table=page_000649_table_8 active=3
RECV b3c3 912/1000 rank=131 id=page_001197_table_4 latency=1.1109s status=ok active=2
SEND b3c3 916/1000 table=page_001413_table_7 active=3
RECV b3c3 915/1000 rank=442 id=page_000649_table_8 latency=0.2859s status=ok active=2
SEND b3c3 917/1000 table=page_001121_table_10 active=3
RECV b3c3 916/1000 rank=484 id=page_001413_table_7 latency=0.2988s status=ok active=2
SEND b3c3 918/1000 table=page_000499_table_0 active=3
RECV b3c3 907/1000 rank=39 id=page_000643_table_4 latency=2.5622s status=ok active=2
SEND b3c3 919/1000 table=page_000945_table_4 active=3
RECV b3c3 919/1000 rank=306 id=page_000945_table_4 latency=0.4536s status=ok active=2
SEND b3c3 920/1000 table=page_000523_table_0 active=3
RECV b3c3 918/1000 rank=246 id=page_000499_table_0 latency=0.6576s status=ok active=2
SEND b3c3 921/1000 table=page_000534_table_4 active=3
RECV b3c3 920/1000 rank=312 id=page_000523_table_0 latency=0.5094s status=ok active=2
SEND b3c3 922/1000 table=page_000269_table_box_id_1 active=3
RECV b3c3 917/1000 rank=135 id=page_001121_table_10 latency=1.2828s status=ok active=2
SEND b3c3 923/1000 table=page_000542_table_0 active=3
RECV b3c3 922/1000 rank=537 id=page_000269_table_box_id_1 latency=0.2370s status=ok active=2
SEND b3c3 924/1000 table=page_000933_table_10 active=3
RECV b3c3 921/1000 rank=221 id=page_000534_table_4 latency=0.7427s status=ok active=2
SEND b3c3 925/1000 table=page_000829_table_4 active=3
RECV b3c3 924/1000 rank=504 id=page_000933_table_10 latency=0.2497s status=ok active=2
SEND b3c3 926/1000 table=page_001186_table_5 active=3
RECV b3c3 926/1000 rank=595 id=page_001186_table_5 latency=0.1123s status=ok active=2
SEND b3c3 927/1000 table=page_001196_table_13 active=3
RECV b3c3 925/1000 rank=491 id=page_000829_table_4 latency=0.2403s status=ok active=2
SEND b3c3 928/1000 table=page_001367_table_68 active=3
RECV b3c3 923/1000 rank=219 id=page_000542_table_0 latency=0.8254s status=ok active=2
SEND b3c3 929/1000 table=page_000250_table_box_id_4 active=3
RECV b3c3 928/1000 rank=235 id=page_001367_table_68 latency=0.7443s status=ok active=2
SEND b3c3 930/1000 table=page_001117_table_box_id_17 active=3
RECV b3c3 927/1000 rank=199 id=page_001196_table_13 latency=0.7784s status=ok active=2
SEND b3c3 931/1000 table=page_001368_table_box_id_163 active=3
RECV b3c3 931/1000 rank=651 id=page_001368_table_box_id_163 latency=0.0760s status=ok active=2
SEND b3c3 932/1000 table=page_000918_table_6 active=3
RECV b3c3 930/1000 rank=146 id=page_001117_table_box_id_17 latency=0.1705s status=ok active=2
SEND b3c3 933/1000 table=page_001124_table_17 active=3
RECV b3c3 932/1000 rank=577 id=page_000918_table_6 latency=0.1686s status=ok active=2
SEND b3c3 934/1000 table=page_000838_table_1 active=3
RECV b3c3 934/1000 rank=556 id=page_000838_table_1 latency=0.1440s status=ok active=2
SEND b3c3 935/1000 table=page_000824_table_0 active=3
RECV b3c3 933/1000 rank=364 id=page_001124_table_17 latency=0.4670s status=ok active=2
SEND b3c3 936/1000 table=page_001368_table_box_id_263 active=3
RECV b3c3 935/1000 rank=268 id=page_000824_table_0 latency=0.5109s status=ok active=2
SEND b3c3 937/1000 table=page_000626_table_box_id_4 active=3
RECV b3c3 929/1000 rank=86 id=page_000250_table_box_id_4 latency=1.5990s status=ok active=2
SEND b3c3 938/1000 table=page_000205_table_box_id_13 active=3
RECV b3c3 936/1000 rank=191 id=page_001368_table_box_id_263 latency=0.8071s status=ok active=2
SEND b3c3 939/1000 table=page_000245_table_box_id_0 active=3
RECV b3c3 938/1000 rank=282 id=page_000205_table_box_id_13 latency=0.5474s status=ok active=2
SEND b3c3 940/1000 table=page_001134_table_10 active=3
RECV b3c3 939/1000 rank=177 id=page_000245_table_box_id_0 latency=0.7757s status=ok active=2
SEND b3c3 941/1000 table=page_000929_table_0 active=3
RECV b3c3 941/1000 rank=307 id=page_000929_table_0 latency=0.4211s status=ok active=2
SEND b3c3 942/1000 table=page_001125_table_9 active=3
RECV b3c3 940/1000 rank=134 id=page_001134_table_10 latency=1.1220s status=ok active=2
SEND b3c3 943/1000 table=page_000195_table_box_id_0 active=3
RECV b3c3 937/1000 rank=37 id=page_000626_table_box_id_4 latency=2.5169s status=ok active=2
SEND b3c3 944/1000 table=page_001368_table_box_id_161 active=3
RECV b3c3 943/1000 rank=169 id=page_000195_table_box_id_0 latency=0.8200s status=ok active=2
SEND b3c3 945/1000 table=page_001141_table_19 active=3
RECV b3c3 944/1000 rank=332 id=page_001368_table_box_id_161 latency=0.4330s status=ok active=2
SEND b3c3 946/1000 table=page_000821_table_box_id_29 active=3
RECV b3c3 945/1000 rank=480 id=page_001141_table_19 latency=0.2195s status=ok active=2
SEND b3c3 947/1000 table=page_000800_table_10 active=3
RECV b3c3 947/1000 rank=653 id=page_000800_table_10 latency=0.0922s status=ok active=2
SEND b3c3 948/1000 table=page_000781_table_0 active=3
RECV b3c3 948/1000 rank=619 id=page_000781_table_0 latency=0.0910s status=ok active=2
SEND b3c3 949/1000 table=page_000225_table_box_id_13 active=3
RECV b3c3 946/1000 rank=490 id=page_000821_table_box_id_29 latency=0.3447s status=ok active=2
SEND b3c3 950/1000 table=page_000433_table_13 active=3
RECV b3c3 942/1000 rank=89 id=page_001125_table_9 latency=1.6185s status=ok active=2
SEND b3c3 951/1000 table=page_000273_table_box_id_1 active=3
RECV b3c3 950/1000 rank=525 id=page_000433_table_13 latency=0.1877s status=ok active=2
SEND b3c3 952/1000 table=page_000697_table_9 active=3
RECV b3c3 952/1000 rank=489 id=page_000697_table_9 latency=0.2335s status=ok active=2
SEND b3c3 953/1000 table=page_000758_table_21 active=3
RECV b3c3 953/1000 rank=636 id=page_000758_table_21 latency=0.0734s status=ok active=2
SEND b3c3 954/1000 table=page_001189_table_box_id_2 active=3
RECV b3c3 949/1000 rank=200 id=page_000225_table_box_id_13 latency=0.8908s status=ok active=2
SEND b3c3 955/1000 table=page_000715_table_14 active=3
RECV b3c3 954/1000 rank=423 id=page_001189_table_box_id_2 latency=0.3110s status=ok active=2
SEND b3c3 956/1000 table=page_000207_table_box_id_1 active=3
RECV b3c3 955/1000 rank=618 id=page_000715_table_14 latency=0.0957s status=ok active=2
SEND b3c3 957/1000 table=page_000552_table_9 active=3
RECV b3c3 957/1000 rank=579 id=page_000552_table_9 latency=0.3208s status=ok active=2
SEND b3c3 958/1000 table=page_001150_table_box_id_9 active=3
RECV b3c3 958/1000 rank=255 id=page_001150_table_box_id_9 latency=0.4982s status=ok active=2
SEND b3c3 959/1000 table=page_000763_table_2 active=3
RECV b3c3 959/1000 rank=624 id=page_000763_table_2 latency=0.0856s status=ok active=2
SEND b3c3 960/1000 table=page_001164_table_9 active=3
RECV b3c3 956/1000 rank=102 id=page_000207_table_box_id_1 latency=1.3453s status=ok active=2
SEND b3c3 961/1000 table=page_001184_table_10 active=3
RECV b3c3 961/1000 rank=573 id=page_001184_table_10 latency=0.1363s status=ok active=2
SEND b3c3 962/1000 table=page_000010_table_box_id_1 active=3
RECV b3c3 962/1000 rank=48 id=page_000010_table_box_id_1 latency=0.2335s status=ok active=2
SEND b3c3 963/1000 table=page_000218_table_box_id_4 active=3
RECV b3c3 963/1000 rank=180 id=page_000218_table_box_id_4 latency=0.7029s status=ok active=2
SEND b3c3 964/1000 table=page_000258_table_box_id_5 active=3
RECV b3c3 951/1000 rank=22 id=page_000273_table_box_id_1 latency=3.2061s status=ok active=2
SEND b3c3 965/1000 table=page_001356_table_3 active=3
RECV b3c3 964/1000 rank=470 id=page_000258_table_box_id_5 latency=0.2927s status=ok active=2
SEND b3c3 966/1000 table=page_001137_table_9 active=3
RECV b3c3 965/1000 rank=433 id=page_001356_table_3 latency=0.2711s status=ok active=2
SEND b3c3 967/1000 table=page_000465_table_5 active=3
RECV b3c3 960/1000 rank=45 id=page_001164_table_9 latency=2.2345s status=ok active=2
SEND b3c3 968/1000 table=page_000658_table_32 active=3
RECV b3c3 968/1000 rank=658 id=page_000658_table_32 latency=0.0459s status=ok active=2
SEND b3c3 969/1000 table=page_000419_table_4 active=3
RECV b3c3 967/1000 rank=340 id=page_000465_table_5 latency=0.5253s status=ok active=2
SEND b3c3 970/1000 table=page_000229_table_box_id_7 active=3
RECV b3c3 970/1000 rank=474 id=page_000229_table_box_id_7 latency=0.4104s status=ok active=2
SEND b3c3 971/1000 table=page_000861_table_5 active=3
RECV b3c3 969/1000 rank=160 id=page_000419_table_4 latency=0.9720s status=ok active=2
SEND b3c3 972/1000 table=page_000221_table_box_id_3 active=3
RECV b3c3 966/1000 rank=67 id=page_001137_table_9 latency=1.8314s status=ok active=2
SEND b3c3 973/1000 table=page_000763_table_7 active=3
RECV b3c3 973/1000 rank=647 id=page_000763_table_7 latency=0.0635s status=ok active=2
SEND b3c3 974/1000 table=page_000266_table_box_id_1 active=3
RECV b3c3 971/1000 rank=153 id=page_000861_table_5 latency=1.0007s status=ok active=2
SEND b3c3 975/1000 table=page_001368_table_box_id_276 active=3
RECV b3c3 975/1000 rank=638 id=page_001368_table_box_id_276 latency=0.1283s status=ok active=2
SEND b3c3 976/1000 table=page_001367_table_69 active=3
RECV b3c3 974/1000 rank=420 id=page_000266_table_box_id_1 latency=0.3460s status=ok active=2
SEND b3c3 977/1000 table=page_000864_table_30 active=3
RECV b3c3 972/1000 rank=190 id=page_000221_table_box_id_3 latency=0.8516s status=ok active=2
SEND b3c3 978/1000 table=page_000921_table_8 active=3
RECV b3c3 977/1000 rank=620 id=page_000864_table_30 latency=0.0956s status=ok active=2
SEND b3c3 979/1000 table=page_001367_table_73 active=3
RECV b3c3 976/1000 rank=446 id=page_001367_table_69 latency=0.3572s status=ok active=2
SEND b3c3 980/1000 table=page_000242_table_box-mhg591pb active=3
RECV b3c3 978/1000 rank=541 id=page_000921_table_8 latency=0.2500s status=ok active=2
SEND b3c3 981/1000 table=page_000673_table_1 active=3
RECV b3c3 979/1000 rank=555 id=page_001367_table_73 latency=0.2734s status=ok active=2
SEND b3c3 982/1000 table=page_000147_table_box_id_3 active=3
RECV b3c3 982/1000 rank=641 id=page_000147_table_box_id_3 latency=0.1089s status=ok active=2
SEND b3c3 983/1000 table=page_000229_table_box-pug9otka active=3
RECV b3c3 981/1000 rank=493 id=page_000673_table_1 latency=0.2694s status=ok active=2
SEND b3c3 984/1000 table=page_000942_table_3 active=3
RECV b3c3 983/1000 rank=503 id=page_000229_table_box-pug9otka latency=0.2079s status=ok active=2
SEND b3c3 985/1000 table=page_000295_table_box_id_1 active=3
RECV b3c3 980/1000 rank=277 id=page_000242_table_box-mhg591pb latency=0.7734s status=ok active=2
SEND b3c3 986/1000 table=page_000265_table_box_id_3 active=3
RECV b3c3 984/1000 rank=279 id=page_000942_table_3 latency=0.6472s status=ok active=2
SEND b3c3 987/1000 table=page_001169_table_11 active=3
RECV b3c3 987/1000 rank=521 id=page_001169_table_11 latency=0.1864s status=ok active=2
SEND b3c3 988/1000 table=page_001148_table_3 active=3
RECV b3c3 986/1000 rank=165 id=page_000265_table_box_id_3 latency=0.9241s status=ok active=2
SEND b3c3 989/1000 table=page_000636_table_5 active=3
RECV b3c3 989/1000 rank=569 id=page_000636_table_5 latency=0.1377s status=ok active=2
SEND b3c3 990/1000 table=page_001193_table_8 active=3
RECV b3c3 990/1000 rank=262 id=page_001193_table_8 latency=0.4959s status=ok active=2
SEND b3c3 991/1000 table=page_000632_table_6 active=3
RECV b3c3 991/1000 rank=501 id=page_000632_table_6 latency=0.2010s status=ok active=2
SEND b3c3 992/1000 table=page_000709_table_12 active=3
RECV b3c3 992/1000 rank=634 id=page_000709_table_12 latency=0.0757s status=ok active=2
SEND b3c3 993/1000 table=page_000911_table_box_id_5 active=3
RECV b3c3 988/1000 rank=88 id=page_001148_table_3 latency=1.5606s status=ok active=2
SEND b3c3 994/1000 table=page_001082_table_23 active=3
RECV b3c3 993/1000 rank=356 id=page_000911_table_box_id_5 latency=0.4569s status=ok active=2
SEND b3c3 995/1000 table=page_001132_table_box_id_10 active=3
RECV b3c3 994/1000 rank=316 id=page_001082_table_23 latency=0.4715s status=ok active=2
SEND b3c3 996/1000 table=page_000918_table_5 active=3
RECV b3c3 996/1000 rank=513 id=page_000918_table_5 latency=0.1928s status=ok active=2
SEND b3c3 997/1000 table=page_001368_table_box_id_218 active=3
RECV b3c3 995/1000 rank=227 id=page_001132_table_box_id_10 latency=0.6605s status=ok active=2
SEND b3c3 998/1000 table=page_001276_table_2 active=3
RECV b3c3 997/1000 rank=251 id=page_001368_table_box_id_218 latency=0.6178s status=ok active=2
SEND b3c3 999/1000 table=page_001176_table_4 active=3
RECV b3c3 999/1000 rank=122 id=page_001176_table_4 latency=1.0076s status=ok active=2
SEND b3c3 1000/1000 table=page_001398_table_box-1nnly5de active=3
RECV b3c3 1000/1000 rank=386 id=page_001398_table_box-1nnly5de latency=0.3451s status=ok active=2
RECV b3c3 985/1000 rank=10 id=page_000295_table_box_id_1 latency=5.1318s status=ok active=1
RECV b3c3 998/1000 rank=18 id=page_001276_table_2 latency=3.2691s status=ok active=0
DONE b3c3 requests=1000 failures=0 max_in_flight=3 wall=254.3901s qps=3.9310 p50=0.4688s p95=2.4721s max=5.5476s
