Device_id,Name,Type,Accelerator Core,Start Time(us),Duration(us),Wait Time(us),Block Num
7,aclnnEqScalar_EqualAiCore_Equal,N/A,N/A,1790932566882963.366	,11.720,0,0
7,aclnnAll_ReduceAll_ReduceAll,N/A,N/A,1790932566883018.527	,2.760,43.530000,0
7,aclnnEqScalar_EqualAiCore_Equal,N/A,N/A,1790932566883266.612	,7.560,245.240000,0
7,aclnnAny_ReduceAny_ReduceAny,N/A,N/A,1790932566883308.733	,2.720,34.690000,0
7,aclnnEqScalar_EqualAiCore_Equal,N/A,N/A,1790932566883578.918	,6.240,267.530000,0
7,aclnnReduceSum_CastAiCore_Cast,N/A,N/A,1790932566883634.699	,7.720,49.510000,0
7,aclnnReduceSum_ReduceSumOpAiCore_ReduceSum,N/A,N/A,1790932566883643.639	,11.581,1.280000,0
7,aclnnReduceSum_CastAiCore_Cast,N/A,N/A,1790932566883656.340	,1.000,0.919000,0
7,aclnnEqScalar_EqualAiCore_Equal,N/A,N/A,1790932566883657.360	,1.320,0.000000,0
7,aclnnAll_ReduceAll_ReduceAll,N/A,N/A,1790932566883685.040	,2.600,26.430000,0
7,aclnnInplaceCopy_CastAiCore_Cast,N/A,N/A,1790932566883986.446	,1276.026,298.900000,0
7,aclnnAddmm_MatMulV3Common_MatMulV3,N/A,N/A,1790932566885262.492	,1723.074,0.000000,0
7,aclnnEmbedding_GatherV2WithImplModeAiCore_GatherV2,N/A,N/A,1790932567245019.580	,2408.168,358033.926000,0
7,aclnnMul_MulAiCore_Mul,N/A,N/A,1790932567247427.768	,1761.295,0.082000,0
7,aclnnAdd_AddAiCore_Add,N/A,N/A,1790932567249189.103	,891.878,0.000000,0
7,aclnnAdd_AddAiCore_Add,N/A,N/A,1790932567250081.001	,791.796,0.122000,0
7,aclnnAdd_AddAiCore_Add,N/A,N/A,1790932567250872.837	,791.416,0.000000,0
7,aclnnRepeat_TileAiCore_Tile,N/A,N/A,1790932567251664.273	,18.620,0.084000,0
7,aclnnInplaceCopy_TransposeAiCore_Transpose,N/A,N/A,1790932567251682.933	,17.280,0.130000,0
7,aclnnRepeat_TileAiCore_Tile,N/A,N/A,1790932567251700.233	,14.641,0.000000,0
7,aclnnInplaceCopy_TransposeAiCore_Transpose,N/A,N/A,1790932567251714.894	,15.820,0.109000,0
7,aclnnRepeat_TileAiCore_Tile,N/A,N/A,1790932567251730.734	,14.120,0.000000,0
7,aclnnInplaceCopy_TransposeAiCore_Transpose,N/A,N/A,1790932567251744.874	,17.020,0.000000,0
7,aclnnRepeat_TileAiCore_Tile,N/A,N/A,1790932567251761.914	,12.821,0.230000,0
7,aclnnInplaceCopy_TransposeAiCore_Transpose,N/A,N/A,1790932567251774.775	,17.440,0.000000,0
7,aclnnRepeat_TileAiCore_Tile,N/A,N/A,1790932567251792.235	,13.820,0.060000,0
7,aclnnInplaceCopy_TransposeAiCore_Transpose,N/A,N/A,1790932567251806.075	,16.861,0.000000,0
7,aclnnRepeat_TileAiCore_Tile,N/A,N/A,1790932567251822.956	,13.580,0.139000,0
7,aclnnInplaceCopy_TransposeAiCore_Transpose,N/A,N/A,1790932567251836.556	,16.020,0.000000,0
7,aclnnRepeat_TileAiCore_Tile,N/A,N/A,1790932567251852.596	,15.141,0.000000,0
7,aclnnInplaceCopy_TransposeAiCore_Transpose,N/A,N/A,1790932567251867.777	,16.300,0.109000,0
7,aclnnRepeat_TileAiCore_Tile,N/A,N/A,1790932567251884.097	,13.520,0.000000,0
7,aclnnInplaceCopy_TransposeAiCore_Transpose,N/A,N/A,1790932567251897.637	,15.301,0.230000,0
7,aclnnRepeat_TileAiCore_Tile,N/A,N/A,1790932567251912.958	,14.220,0.000000,0
7,aclnnInplaceCopy_TransposeAiCore_Transpose,N/A,N/A,1790932567251927.198	,18.020,0.030000,0
7,aclnnRepeat_TileAiCore_Tile,N/A,N/A,1790932567251945.238	,14.400,0.000000,0
7,aclnnInplaceCopy_TransposeAiCore_Transpose,N/A,N/A,1790932567251959.658	,17.701,0.100000,0
7,aclnnRepeat_TileAiCore_Tile,N/A,N/A,1790932567251977.379	,17.140,0.049000,0
7,aclnnInplaceCopy_TransposeAiCore_Transpose,N/A,N/A,1790932567251994.559	,18.200,0.000000,0
7,aclnnRepeat_TileAiCore_Tile,N/A,N/A,1790932567252012.779	,17.361,0.050000,0
7,aclnnInplaceCopy_TransposeAiCore_Transpose,N/A,N/A,1790932567252030.180	,17.340,0.139000,0
7,aclnnRepeat_TileAiCore_Tile,N/A,N/A,1790932567252047.560	,17.161,0.000000,0
7,aclnnInplaceCopy_TransposeAiCore_Transpose,N/A,N/A,1790932567252064.741	,16.700,0.089000,0
7,aclnnRepeat_TileAiCore_Tile,N/A,N/A,1790932567252081.461	,17.060,0.050000,0
7,aclnnInplaceCopy_TransposeAiCore_Transpose,N/A,N/A,1790932567252098.561	,17.341,0.000000,0
7,aclnnRepeat_TileAiCore_Tile,N/A,N/A,1790932567252115.922	,17.620,0.159000,0
7,aclnnInplaceCopy_TransposeAiCore_Transpose,N/A,N/A,1790932567252133.582	,16.740,0.000000,0
7,aclnnRepeat_TileAiCore_Tile,N/A,N/A,1790932567252150.342	,16.221,0.010000,0
7,aclnnInplaceCopy_TransposeAiCore_Transpose,N/A,N/A,1790932567252166.583	,17.020,0.029000,0
7,aclnnRepeat_TileAiCore_Tile,N/A,N/A,1790932567252183.643	,16.960,0.230000,0
7,aclnnInplaceCopy_TransposeAiCore_Transpose,N/A,N/A,1790932567252200.623	,17.801,0.000000,0
7,aclnnRepeat_TileAiCore_Tile,N/A,N/A,1790932567252218.444	,15.000,0.199000,0
7,aclnnInplaceCopy_TransposeAiCore_Transpose,N/A,N/A,1790932567252233.464	,19.160,0.000000,0
7,aclnnRepeat_TileAiCore_Tile,N/A,N/A,1790932567252252.644	,17.181,0.090000,0
7,aclnnInplaceCopy_TransposeAiCore_Transpose,N/A,N/A,1790932567252269.845	,18.340,0.000000,0
7,aclnnRepeat_TileAiCore_Tile,N/A,N/A,1790932567252288.225	,16.860,0.160000,0
7,aclnnInplaceCopy_TransposeAiCore_Transpose,N/A,N/A,1790932567252305.105	,19.501,0.000000,0
7,aclnnRepeat_TileAiCore_Tile,N/A,N/A,1790932567252324.626	,16.100,0.249000,0
7,aclnnInplaceCopy_TransposeAiCore_Transpose,N/A,N/A,1790932567252340.746	,16.160,0.000000,0
7,aclnnRepeat_TileAiCore_Tile,N/A,N/A,1790932567252356.926	,14.821,0.090000,0
7,aclnnInplaceCopy_TransposeAiCore_Transpose,N/A,N/A,1790932567252371.767	,16.280,0.000000,0
7,aclnnRepeat_TileAiCore_Tile,N/A,N/A,1790932567252388.067	,15.800,0.000000,0
7,aclnnInplaceCopy_TransposeAiCore_Transpose,N/A,N/A,1790932567252403.887	,16.281,0.200000,0
7,aclnnRepeat_TileAiCore_Tile,N/A,N/A,1790932567252420.208	,15.400,0.000000,0
7,aclnnInplaceCopy_TransposeAiCore_Transpose,N/A,N/A,1790932567252435.628	,18.000,0.100000,0
7,aclnnRepeat_TileAiCore_Tile,N/A,N/A,1790932567252453.648	,16.221,0.000000,0
7,aclnnInplaceCopy_TransposeAiCore_Transpose,N/A,N/A,1790932567252469.889	,16.960,0.029000,0
7,aclnnRepeat_TileAiCore_Tile,N/A,N/A,1790932567252486.869	,17.020,0.000000,0
7,aclnnInplaceCopy_TransposeAiCore_Transpose,N/A,N/A,1790932567252503.909	,17.141,0.230000,0
7,aclnnRepeat_TileAiCore_Tile,N/A,N/A,1790932567252521.070	,16.880,0.000000,0
7,aclnnInplaceCopy_TransposeAiCore_Transpose,N/A,N/A,1790932567252537.970	,17.040,0.120000,0
7,aclnnRepeat_TileAiCore_Tile,N/A,N/A,1790932567252555.030	,17.141,0.000000,0
7,aclnnInplaceCopy_TransposeAiCore_Transpose,N/A,N/A,1790932567252572.191	,17.480,0.109000,0
7,aclnnRepeat_TileAiCore_Tile,N/A,N/A,1790932567252589.691	,16.520,0.020000,0
7,aclnnInplaceCopy_TransposeAiCore_Transpose,N/A,N/A,1790932567252606.231	,15.621,0.000000,0
7,aclnnRepeat_TileAiCore_Tile,N/A,N/A,1790932567252621.872	,16.860,0.000000,0
7,aclnnInplaceCopy_TransposeAiCore_Transpose,N/A,N/A,1790932567252638.772	,16.500,0.140000,0
7,aclnnRepeat_TileAiCore_Tile,N/A,N/A,1790932567252655.292	,16.921,0.000000,0
7,aclnnInplaceCopy_TransposeAiCore_Transpose,N/A,N/A,1790932567252672.233	,15.960,0.079000,0
7,aclnnRepeat_TileAiCore_Tile,N/A,N/A,1790932567252688.213	,17.740,0.040000,0
7,aclnnInplaceCopy_TransposeAiCore_Transpose,N/A,N/A,1790932567252705.973	,16.201,0.010000,0
7,aclnnCat_ConcatD_ConcatD,N/A,N/A,1790932567252722.194	,772.995,0.049000,0
7,aclnnArange_ArangeAiCore_Range,N/A,N/A,1790932567253686.013	,8.440,190.755000,0
7,aclnnMul_MulAiCore_Mul,N/A,N/A,1790932567253736.514	,10.580,42.060000,0
7,aclnnIndex_IndexAiCore_Index,N/A,N/A,1790932567255362.586	,1961.320,1615.420000,0
7,aclnnCat_ConcatD_ConcatD,N/A,N/A,1790932567257323.926	,28.500,0.180000,0
7,aclnnCos_CosAiCore_Cos,N/A,N/A,1790932567257352.466	,146.603,0.000000,0
7,aclnnSin_SinAiCore_Sin,N/A,N/A,1790932567257499.089	,138.843,0.000000,0
7,aclnnAdd_AddAiCore_Add,N/A,N/A,1790932567308523.609	,882.757,50885.657000,0
7,aclnnInplaceCopy_CastAiCore_Cast,N/A,N/A,1790932567341135.480	,685.234,31729.243000,0
7,aclnnMean_ReduceMeanAiCore_ReduceMean,N/A,N/A,1790932567341822.114	,622.312,1.266000,0
7,aclnnSub_SubAiCore_Sub,N/A,N/A,1790932567342445.246	,913.299,0.938000,0
7,aclnnPowTensorScalar_PowsAiCore_Pows,N/A,N/A,1790932567343358.585	,986.879,0.000000,0
7,aclnnMean_ReduceMeanAiCore_ReduceMean,N/A,N/A,1790932567344346.744	,601.272,1.371000,0
7,aclnnAdds_AddAiCore_Add,N/A,N/A,1790932567344949.136	,6.801,1.228000,0
7,aclnnRsqrt_RsqrtAiCore_Rsqrt,N/A,N/A,1790932567344955.957	,8.260,0.000000,0
7,aclnnMul_MulAiCore_Mul,N/A,N/A,1790932567344964.237	,802.756,0.000000,0
7,aclnnInplaceCopy_CastAiCore_Cast,N/A,N/A,1790932567345767.013	,891.018,0.000000,0
7,aclnnMul_MulAiCore_Mul,N/A,N/A,1790932567346658.051	,427.128,0.000000,0
7,aclnnAdd_AddAiCore_Add,N/A,N/A,1790932567347085.199	,432.989,0.122000,0
7,aclnnAddmm_MatMulV3Common_MatMulV3,N/A,N/A,1790932567347518.208	,3122.802,0.011000,0
7,aclnnInplaceCopy_SliceAiCore_Slice,N/A,N/A,1790932567350641.030	,550.591,0.000000,0
7,aclnnInplaceCopy_CastAiCore_Cast,N/A,N/A,1790932567351191.641	,708.674,0.159000,0
7,aclnnMul_MulAiCore_Mul,N/A,N/A,1790932567351900.335	,943.859,0.000000,0
7,aclnnInplaceCopy_SliceAiCore_Slice,N/A,N/A,1790932567352844.214	,522.911,0.141000,0
7,aclnnInplaceCopy_CastAiCore_Cast,N/A,N/A,1790932567353367.145	,706.414,0.089000,0
7,aclnnNeg_SliceAiCore_Slice,N/A,N/A,1790932567354073.579	,889.997,0.000000,0
7,aclnnNeg_NegAiCore_Neg,N/A,N/A,1790932567354963.596	,474.550,0.003000,0
7,aclnnCat_SliceAiCore_Slice,N/A,N/A,1790932567355438.166	,864.297,0.200000,0
7,aclnnCat_ConcatD_ConcatD,N/A,N/A,1790932567356302.483	,964.959,0.000000,0
7,aclnnMul_MulAiCore_Mul,N/A,N/A,1790932567357267.462	,954.060,0.041000,0
7,aclnnAdd_AddAiCore_Add,N/A,N/A,1790932567358221.542	,1591.311,0.000000,0
7,aclnnInplaceCopy_CastAiCore_Cast,N/A,N/A,1790932567359812.873	,790.296,0.000000,0
7,aclnnInplaceCopy_SliceAiCore_Slice,N/A,N/A,1790932567360603.189	,494.010,0.204000,0
7,aclnnInplaceCopy_CastAiCore_Cast,N/A,N/A,1790932567361097.239	,708.854,0.000000,0
7,aclnnMul_MulAiCore_Mul,N/A,N/A,1790932567361806.133	,937.619,0.146000,0
7,aclnnInplaceCopy_SliceAiCore_Slice,N/A,N/A,1790932567362743.772	,521.750,0.000000,0
7,aclnnInplaceCopy_CastAiCore_Cast,N/A,N/A,1790932567363265.542	,704.214,0.000000,0
7,aclnnNeg_SliceAiCore_Slice,N/A,N/A,1790932567363969.796	,888.898,0.036000,0
7,aclnnNeg_NegAiCore_Neg,N/A,N/A,1790932567364858.714	,472.330,0.102000,0
7,aclnnCat_SliceAiCore_Slice,N/A,N/A,1790932567365331.064	,864.937,0.000000,0
7,aclnnCat_ConcatD_ConcatD,N/A,N/A,1790932567366196.021	,957.799,0.063000,0
7,aclnnMul_MulAiCore_Mul,N/A,N/A,1790932567367153.840	,949.559,0.000000,0
7,aclnnAdd_AddAiCore_Add,N/A,N/A,1790932567368103.419	,1592.192,0.191000,0
7,aclnnInplaceCopy_CastAiCore_Cast,N/A,N/A,1790932567369695.631	,789.036,0.058000,0
7,aclnnInplaceCopy_TransposeAiCore_Transpose,N/A,N/A,1790932567370484.707	,567.591,0.000000,0
7,aclnnInplaceCopy_TransposeAiCore_Transpose,N/A,N/A,1790932567371052.318	,604.572,0.000000,0
7,aclnnInplaceCopy_AsStridedAiCore_AsStrided,N/A,N/A,1790932567371656.910	,800.476,0.178000,0
7,InnerPromptFlashAttention_PromptFlashAttention_PromptFlashAttention,N/A,N/A,1790932567372458.566	,39260.764,1.024000,0
7,aclnnInplaceCopy_TransposeAiCore_Transpose,N/A,N/A,1790932567411720.570	,795.456,1.236000,0
7,aclnnAddmm_MatMulV3Common_MatMulV3,N/A,N/A,1790932567412516.046	,1159.504,0.044000,0
7,aclnnAdd_AddAiCore_Add,N/A,N/A,1790932567413675.590	,820.056,0.000000,0
7,aclnnInplaceCopy_CastAiCore_Cast,N/A,N/A,1790932567414495.666	,682.594,0.194000,0
7,aclnnMean_ReduceMeanAiCore_ReduceMean,N/A,N/A,1790932567415179.600	,623.732,1.156000,0
7,aclnnSub_SubAiCore_Sub,N/A,N/A,1790932567415804.392	,910.958,1.268000,0
7,aclnnPowTensorScalar_PowsAiCore_Pows,N/A,N/A,1790932567416715.370	,993.240,0.000000,0
7,aclnnMean_ReduceMeanAiCore_ReduceMean,N/A,N/A,1790932567417709.770	,598.072,1.260000,0
7,aclnnAdds_AddAiCore_Add,N/A,N/A,1790932567418308.562	,6.780,0.678000,0
7,aclnnRsqrt_RsqrtAiCore_Rsqrt,N/A,N/A,1790932567418315.362	,8.260,0.000000,0
7,aclnnMul_MulAiCore_Mul,N/A,N/A,1790932567418323.642	,798.636,0.240000,0
7,aclnnInplaceCopy_CastAiCore_Cast,N/A,N/A,1790932567419122.298	,887.438,0.000000,0
7,aclnnMul_MulAiCore_Mul,N/A,N/A,1790932567420009.756	,431.609,0.062000,0
7,aclnnAdd_AddAiCore_Add,N/A,N/A,1790932567420441.385	,429.728,0.141000,0
7,aclnnAddmm_MatMulV3Common_MatMulV3,N/A,N/A,1790932567420871.133	,4089.082,0.022000,0
7,aclnnGeluV2_GeluV2_GeluV2,N/A,N/A,1790932567424960.235	,2294.106,0.000000,0
7,aclnnAddmm_MatMulV3Common_MatMulV3,N/A,N/A,1790932567427254.501	,4359.027,0.144000,0
7,aclnnAdd_AddAiCore_Add,N/A,N/A,1790932567431613.548	,780.556,0.000000,0
7,aclnnInplaceCopy_CastAiCore_Cast,N/A,N/A,1790932567432394.124	,683.873,0.000000,0
7,aclnnMean_ReduceMeanAiCore_ReduceMean,N/A,N/A,1790932567433078.957	,626.573,1.127000,0
7,aclnnSub_SubAiCore_Sub,N/A,N/A,1790932567433706.730	,910.398,1.177000,0
7,aclnnPowTensorScalar_PowsAiCore_Pows,N/A,N/A,1790932567434617.148	,986.200,0.102000,0
7,aclnnMean_ReduceMeanAiCore_ReduceMean,N/A,N/A,1790932567435604.648	,597.312,1.300000,0
7,aclnnAdds_AddAiCore_Add,N/A,N/A,1790932567436202.600	,7.000,0.438000,0
7,aclnnRsqrt_RsqrtAiCore_Rsqrt,N/A,N/A,1790932567436209.640	,8.340,0.250000,0
7,aclnnMul_MulAiCore_Mul,N/A,N/A,1790932567436218.000	,797.616,0.000000,0
7,aclnnInplaceCopy_CastAiCore_Cast,N/A,N/A,1790932567437015.636	,889.298,0.134000,0
7,aclnnMul_MulAiCore_Mul,N/A,N/A,1790932567437904.954	,428.228,0.000000,0
7,aclnnAdd_AddAiCore_Add,N/A,N/A,1790932567438333.202	,431.429,0.022000,0
7,aclnnAddmm_MatMulV3Common_MatMulV3,N/A,N/A,1790932567438764.651	,3109.462,0.071000,0
7,aclnnInplaceCopy_SliceAiCore_Slice,N/A,N/A,1790932567441874.133	,549.171,0.038000,0
7,aclnnInplaceCopy_CastAiCore_Cast,N/A,N/A,1790932567442423.324	,707.094,0.000000,0
7,aclnnMul_MulAiCore_Mul,N/A,N/A,1790932567443130.438	,942.419,0.156000,0
7,aclnnInplaceCopy_SliceAiCore_Slice,N/A,N/A,1790932567444072.897	,520.750,0.081000,0
7,aclnnInplaceCopy_CastAiCore_Cast,N/A,N/A,1790932567444593.667	,705.294,0.000000,0
7,aclnnNeg_SliceAiCore_Slice,N/A,N/A,1790932567445298.981	,892.638,0.000000,0
7,aclnnNeg_NegAiCore_Neg,N/A,N/A,1790932567446191.639	,477.490,0.112000,0
7,aclnnCat_SliceAiCore_Slice,N/A,N/A,1790932567446669.149	,863.977,0.010000,0
7,aclnnCat_ConcatD_ConcatD,N/A,N/A,1790932567447533.146	,967.519,0.023000,0
7,aclnnMul_MulAiCore_Mul,N/A,N/A,1790932567448500.685	,950.099,0.000000,0
7,aclnnAdd_AddAiCore_Add,N/A,N/A,1790932567449450.804	,1592.392,0.000000,0
7,aclnnInplaceCopy_CastAiCore_Cast,N/A,N/A,1790932567451043.216	,787.256,0.108000,0
7,aclnnInplaceCopy_SliceAiCore_Slice,N/A,N/A,1790932567451830.512	,492.570,0.000000,0
7,aclnnInplaceCopy_CastAiCore_Cast,N/A,N/A,1790932567452323.102	,707.254,0.000000,0
7,aclnnMul_MulAiCore_Mul,N/A,N/A,1790932567453030.376	,935.139,0.246000,0
7,aclnnInplaceCopy_SliceAiCore_Slice,N/A,N/A,1790932567453965.535	,524.150,0.000000,0
7,aclnnInplaceCopy_CastAiCore_Cast,N/A,N/A,1790932567454489.705	,704.754,0.100000,0
7,aclnnNeg_SliceAiCore_Slice,N/A,N/A,1790932567455194.479	,888.678,0.000000,0
7,aclnnNeg_NegAiCore_Neg,N/A,N/A,1790932567456083.177	,475.509,0.072000,0
7,aclnnCat_SliceAiCore_Slice,N/A,N/A,1790932567456558.706	,864.318,0.000000,0
7,aclnnCat_ConcatD_ConcatD,N/A,N/A,1790932567457423.044	,955.519,0.000000,0
7,aclnnMul_MulAiCore_Mul,N/A,N/A,1790932567458378.603	,952.139,0.000000,0
7,aclnnAdd_AddAiCore_Add,N/A,N/A,1790932567459330.782	,1593.492,0.111000,0
7,aclnnInplaceCopy_CastAiCore_Cast,N/A,N/A,1790932567460924.294	,786.695,0.008000,0
7,aclnnInplaceCopy_TransposeAiCore_Transpose,N/A,N/A,1790932567461711.009	,561.791,0.055000,0
7,aclnnInplaceCopy_TransposeAiCore_Transpose,N/A,N/A,1790932567462272.820	,588.992,0.000000,0
7,aclnnInplaceCopy_AsStridedAiCore_AsStrided,N/A,N/A,1790932567462861.832	,797.776,0.008000,0
7,InnerPromptFlashAttention_PromptFlashAttention_PromptFlashAttention,N/A,N/A,1790932567463660.848	,39793.915,1.224000,0
7,aclnnInplaceCopy_TransposeAiCore_Transpose,N/A,N/A,1790932567503455.643	,806.576,1.085000,0
7,aclnnAddmm_MatMulV3Common_MatMulV3,N/A,N/A,1790932567504262.239	,1182.304,0.000000,0
7,aclnnAdd_AddAiCore_Add,N/A,N/A,1790932567505444.563	,815.596,0.000000,0
7,aclnnInplaceCopy_CastAiCore_Cast,N/A,N/A,1790932567506260.199	,681.894,0.154000,0
7,aclnnMean_ReduceMeanAiCore_ReduceMean,N/A,N/A,1790932567506943.513	,624.752,1.356000,0
7,aclnnSub_SubAiCore_Sub,N/A,N/A,1790932567507568.926	,906.818,0.748000,0
7,aclnnPowTensorScalar_PowsAiCore_Pows,N/A,N/A,1790932567508475.764	,992.099,0.000000,0
7,aclnnMean_ReduceMeanAiCore_ReduceMean,N/A,N/A,1790932567509469.143	,599.192,1.401000,0
7,aclnnAdds_AddAiCore_Add,N/A,N/A,1790932567510069.095	,7.361,0.558000,0
7,aclnnRsqrt_RsqrtAiCore_Rsqrt,N/A,N/A,1790932567510076.476	,8.380,0.139000,0
7,aclnnMul_MulAiCore_Mul,N/A,N/A,1790932567510084.876	,794.636,0.120000,0
7,aclnnInplaceCopy_CastAiCore_Cast,N/A,N/A,1790932567510879.532	,888.237,0.000000,0
7,aclnnMul_MulAiCore_Mul,N/A,N/A,1790932567511767.789	,429.649,0.013000,0
7,aclnnAdd_AddAiCore_Add,N/A,N/A,1790932567512197.458	,426.869,0.101000,0
7,aclnnAddmm_MatMulV3Common_MatMulV3,N/A,N/A,1790932567512624.367	,4097.801,0.000000,0
7,aclnnGeluV2_GeluV2_GeluV2,N/A,N/A,1790932567516722.188	,2297.186,0.199000,0
7,aclnnAddmm_MatMulV3Common_MatMulV3,N/A,N/A,1790932567519019.534	,4362.947,0.064000,0
7,aclnnAdd_AddAiCore_Add,N/A,N/A,1790932567523382.501	,783.936,0.053000,0
7,aclnnInplaceCopy_CastAiCore_Cast,N/A,N/A,1790932567524166.457	,682.254,0.064000,0
7,aclnnMean_ReduceMeanAiCore_ReduceMean,N/A,N/A,1790932567524849.791	,622.152,0.996000,0
7,aclnnSub_SubAiCore_Sub,N/A,N/A,1790932567525472.903	,909.658,1.098000,0
7,aclnnPowTensorScalar_PowsAiCore_Pows,N/A,N/A,1790932567526382.581	,985.800,0.000000,0
7,aclnnMean_ReduceMeanAiCore_ReduceMean,N/A,N/A,1790932567527369.721	,600.352,1.450000,0
7,aclnnAdds_AddAiCore_Add,N/A,N/A,1790932567527970.953	,6.800,0.898000,0
7,aclnnRsqrt_RsqrtAiCore_Rsqrt,N/A,N/A,1790932567527977.773	,8.460,0.000000,0
7,aclnnMul_MulAiCore_Mul,N/A,N/A,1790932567527986.253	,793.036,0.040000,0
7,aclnnInplaceCopy_CastAiCore_Cast,N/A,N/A,1790932567528779.309	,886.638,0.000000,0
7,aclnnMul_MulAiCore_Mul,N/A,N/A,1790932567529665.967	,434.129,0.112000,0
7,aclnnAdd_AddAiCore_Add,N/A,N/A,1790932567530100.116	,431.928,0.000000,0
7,aclnnAddmm_MatMulV3Common_MatMulV3,N/A,N/A,1790932567530532.064	,3112.082,0.072000,0
7,aclnnInplaceCopy_SliceAiCore_Slice,N/A,N/A,1790932567533644.166	,549.811,0.168000,0
7,aclnnInplaceCopy_CastAiCore_Cast,N/A,N/A,1790932567534193.997	,708.935,0.000000,0
7,aclnnMul_MulAiCore_Mul,N/A,N/A,1790932567534902.952	,941.338,0.065000,0
7,aclnnInplaceCopy_SliceAiCore_Slice,N/A,N/A,1790932567535844.310	,522.531,0.000000,0
7,aclnnInplaceCopy_CastAiCore_Cast,N/A,N/A,1790932567536366.861	,704.494,0.000000,0
7,aclnnNeg_SliceAiCore_Slice,N/A,N/A,1790932567537071.375	,896.078,0.256000,0
7,aclnnNeg_NegAiCore_Neg,N/A,N/A,1790932567537967.493	,471.929,0.000000,0
7,aclnnCat_SliceAiCore_Slice,N/A,N/A,1790932567538439.442	,868.918,0.071000,0
7,aclnnCat_ConcatD_ConcatD,N/A,N/A,1790932567539308.380	,964.659,0.082000,0
7,aclnnMul_MulAiCore_Mul,N/A,N/A,1790932567540273.059	,946.879,0.000000,0
7,aclnnAdd_AddAiCore_Add,N/A,N/A,1790932567541219.958	,1601.912,0.121000,0
7,aclnnInplaceCopy_CastAiCore_Cast,N/A,N/A,1790932567542821.890	,786.576,0.088000,0
7,aclnnInplaceCopy_SliceAiCore_Slice,N/A,N/A,1790932567543608.486	,499.370,0.000000,0
7,aclnnInplaceCopy_CastAiCore_Cast,N/A,N/A,1790932567544107.876	,707.714,0.130000,0
7,aclnnMul_MulAiCore_Mul,N/A,N/A,1790932567544815.610	,935.858,0.000000,0
7,aclnnInplaceCopy_SliceAiCore_Slice,N/A,N/A,1790932567545751.488	,524.911,0.142000,0
7,aclnnInplaceCopy_CastAiCore_Cast,N/A,N/A,1790932567546276.439	,706.334,0.089000,0
7,aclnnNeg_SliceAiCore_Slice,N/A,N/A,1790932567546982.793	,894.158,0.000000,0
7,aclnnNeg_NegAiCore_Neg,N/A,N/A,1790932567547876.971	,476.709,0.092000,0
7,aclnnCat_SliceAiCore_Slice,N/A,N/A,1790932567548353.700	,866.218,0.041000,0
7,aclnnCat_ConcatD_ConcatD,N/A,N/A,1790932567549219.938	,958.579,0.032000,0
7,aclnnMul_MulAiCore_Mul,N/A,N/A,1790932567550178.557	,950.599,0.000000,0
7,aclnnAdd_AddAiCore_Add,N/A,N/A,1790932567551129.176	,1600.072,0.151000,0
7,aclnnInplaceCopy_CastAiCore_Cast,N/A,N/A,1790932567552729.268	,790.736,0.000000,0
7,aclnnInplaceCopy_TransposeAiCore_Transpose,N/A,N/A,1790932567553520.024	,580.311,0.014000,0
7,aclnnInplaceCopy_TransposeAiCore_Transpose,N/A,N/A,1790932567554100.355	,596.952,0.000000,0
7,aclnnInplaceCopy_AsStridedAiCore_AsStrided,N/A,N/A,1790932567554697.327	,791.336,0.048000,0
7,InnerPromptFlashAttention_PromptFlashAttention_PromptFlashAttention,N/A,N/A,1790932567555489.563	,39358.206,0.914000,0
7,aclnnInplaceCopy_TransposeAiCore_Transpose,N/A,N/A,1790932567594848.809	,786.416,1.044000,0
7,aclnnAddmm_MatMulV3Common_MatMulV3,N/A,N/A,1790932567595635.245	,1171.903,0.084000,0
7,aclnnAdd_AddAiCore_Add,N/A,N/A,1790932567596807.168	,818.017,0.097000,0
7,aclnnInplaceCopy_CastAiCore_Cast,N/A,N/A,1790932567597625.225	,683.953,0.000000,0
7,aclnnMean_ReduceMeanAiCore_ReduceMean,N/A,N/A,1790932567598310.139	,621.032,1.047000,0
7,aclnnSub_SubAiCore_Sub,N/A,N/A,1790932567598932.011	,908.578,0.718000,0
7,aclnnPowTensorScalar_PowsAiCore_Pows,N/A,N/A,1790932567599840.609	,988.340,0.000000,0
7,aclnnMean_ReduceMeanAiCore_ReduceMean,N/A,N/A,1790932567600830.169	,601.912,1.410000,0
7,aclnnAdds_AddAiCore_Add,N/A,N/A,1790932567601433.181	,6.720,1.088000,0
7,aclnnRsqrt_RsqrtAiCore_Rsqrt,N/A,N/A,1790932567601439.921	,8.320,0.030000,0
7,aclnnMul_MulAiCore_Mul,N/A,N/A,1790932567601448.261	,798.356,0.000000,0
7,aclnnInplaceCopy_CastAiCore_Cast,N/A,N/A,1790932567602246.657	,886.378,0.144000,0
7,aclnnMul_MulAiCore_Mul,N/A,N/A,1790932567603133.055	,431.148,0.000000,0
7,aclnnAdd_AddAiCore_Add,N/A,N/A,1790932567603564.223	,430.789,0.102000,0
7,aclnnAddmm_MatMulV3Common_MatMulV3,N/A,N/A,1790932567603995.052	,4066.681,0.000000,0
7,aclnnGeluV2_GeluV2_GeluV2,N/A,N/A,1790932567608061.753	,2290.146,0.069000,0
7,aclnnAddmm_MatMulV3Common_MatMulV3,N/A,N/A,1790932567610352.059	,4381.428,0.104000,0
7,aclnnAdd_AddAiCore_Add,N/A,N/A,1790932567614733.527	,780.835,0.072000,0
7,aclnnInplaceCopy_CastAiCore_Cast,N/A,N/A,1790932567615514.382	,684.734,0.165000,0
7,aclnnMean_ReduceMeanAiCore_ReduceMean,N/A,N/A,1790932567616200.436	,624.792,1.266000,0
7,aclnnSub_SubAiCore_Sub,N/A,N/A,1790932567616826.088	,909.099,0.708000,0
7,aclnnPowTensorScalar_PowsAiCore_Pows,N/A,N/A,1790932567617735.207	,986.339,0.151000,0
7,aclnnMean_ReduceMeanAiCore_ReduceMean,N/A,N/A,1790932567618723.026	,597.872,1.411000,0
7,aclnnAdds_AddAiCore_Add,N/A,N/A,1790932567619321.778	,6.700,0.878000,0
7,aclnnRsqrt_RsqrtAiCore_Rsqrt,N/A,N/A,1790932567619328.498	,8.301,0.050000,0
7,aclnnMul_MulAiCore_Mul,N/A,N/A,1790932567619336.819	,801.136,0.000000,0
7,aclnnInplaceCopy_CastAiCore_Cast,N/A,N/A,1790932567620137.975	,890.337,0.114000,0
7,aclnnMul_MulAiCore_Mul,N/A,N/A,1790932567621028.352	,429.749,0.000000,0
7,aclnnAdd_AddAiCore_Add,N/A,N/A,1790932567621458.121	,432.669,0.001000,0
7,aclnnAddmm_MatMulV3Common_MatMulV3,N/A,N/A,1790932567621890.810	,3108.262,0.081000,0
7,aclnnInplaceCopy_SliceAiCore_Slice,N/A,N/A,1790932567624999.112	,550.511,0.000000,0
7,aclnnInplaceCopy_CastAiCore_Cast,N/A,N/A,1790932567625549.663	,706.874,0.239000,0
7,aclnnMul_MulAiCore_Mul,N/A,N/A,1790932567626256.557	,946.159,0.000000,0
7,aclnnInplaceCopy_SliceAiCore_Slice,N/A,N/A,1790932567627202.736	,522.090,0.091000,0
7,aclnnInplaceCopy_CastAiCore_Cast,N/A,N/A,1790932567627724.846	,704.954,0.000000,0
7,aclnnNeg_SliceAiCore_Slice,N/A,N/A,1790932567628429.840	,890.838,0.046000,0
7,aclnnNeg_NegAiCore_Neg,N/A,N/A,1790932567629320.698	,476.430,0.162000,0
7,aclnnCat_SliceAiCore_Slice,N/A,N/A,1790932567629797.168	,865.297,0.070000,0
7,aclnnCat_ConcatD_ConcatD,N/A,N/A,1790932567630662.505	,966.739,0.000000,0
7,aclnnMul_MulAiCore_Mul,N/A,N/A,1790932567631629.264	,951.779,0.011000,0
7,aclnnAdd_AddAiCore_Add,N/A,N/A,1790932567632581.063	,1592.632,0.000000,0
7,aclnnInplaceCopy_CastAiCore_Cast,N/A,N/A,1790932567634173.715	,788.896,0.118000,0
7,aclnnInplaceCopy_SliceAiCore_Slice,N/A,N/A,1790932567634962.631	,495.370,0.104000,0
7,aclnnInplaceCopy_CastAiCore_Cast,N/A,N/A,1790932567635458.021	,708.494,0.000000,0
7,aclnnMul_MulAiCore_Mul,N/A,N/A,1790932567636166.555	,933.279,0.006000,0
7,aclnnInplaceCopy_SliceAiCore_Slice,N/A,N/A,1790932567637099.854	,521.450,0.000000,0
7,aclnnInplaceCopy_CastAiCore_Cast,N/A,N/A,1790932567637621.324	,705.394,0.050000,0
7,aclnnNeg_SliceAiCore_Slice,N/A,N/A,1790932567638326.738	,888.238,0.106000,0
7,aclnnNeg_NegAiCore_Neg,N/A,N/A,1790932567639214.996	,473.529,0.012000,0
7,aclnnCat_SliceAiCore_Slice,N/A,N/A,1790932567639688.545	,864.238,0.000000,0
7,aclnnCat_ConcatD_ConcatD,N/A,N/A,1790932567640552.803	,957.379,0.012000,0
7,aclnnMul_MulAiCore_Mul,N/A,N/A,1790932567641510.202	,947.039,0.121000,0
7,aclnnAdd_AddAiCore_Add,N/A,N/A,1790932567642457.281	,1592.291,0.000000,0
7,aclnnInplaceCopy_CastAiCore_Cast,N/A,N/A,1790932567644049.612	,788.136,0.000000,0
7,aclnnInplaceCopy_TransposeAiCore_Transpose,N/A,N/A,1790932567644837.768	,559.851,0.114000,0
7,aclnnInplaceCopy_TransposeAiCore_Transpose,N/A,N/A,1790932567645397.639	,586.592,0.149000,0
7,aclnnInplaceCopy_AsStridedAiCore_AsStrided,N/A,N/A,1790932567645984.251	,796.156,0.000000,0
7,InnerPromptFlashAttention_PromptFlashAttention_PromptFlashAttention,N/A,N/A,1790932567646781.587	,39450.328,1.094000,0
7,aclnnInplaceCopy_TransposeAiCore_Transpose,N/A,N/A,1790932567686233.235	,799.936,1.422000,0
7,aclnnAddmm_MatMulV3Common_MatMulV3,N/A,N/A,1790932567687033.211	,1170.004,0.064000,0
7,aclnnAdd_AddAiCore_Add,N/A,N/A,1790932567688203.235	,816.596,0.000000,0
7,aclnnInplaceCopy_CastAiCore_Cast,N/A,N/A,1790932567689019.851	,682.294,0.000000,0
7,aclnnMean_ReduceMeanAiCore_ReduceMean,N/A,N/A,1790932567689703.625	,621.972,1.456000,0
7,aclnnSub_SubAiCore_Sub,N/A,N/A,1790932567690326.697	,908.358,1.278000,0
7,aclnnPowTensorScalar_PowsAiCore_Pows,N/A,N/A,1790932567691235.095	,988.020,0.000000,0
7,aclnnMean_ReduceMeanAiCore_ReduceMean,N/A,N/A,1790932567692224.255	,598.572,1.230000,0
7,aclnnAdds_AddAiCore_Add,N/A,N/A,1790932567692823.667	,7.160,0.928000,0
7,aclnnRsqrt_RsqrtAiCore_Rsqrt,N/A,N/A,1790932567692830.847	,8.360,0.000000,0
7,aclnnMul_MulAiCore_Mul,N/A,N/A,1790932567692839.227	,800.056,0.140000,0
7,aclnnInplaceCopy_CastAiCore_Cast,N/A,N/A,1790932567693639.303	,888.278,0.000000,0
7,aclnnMul_MulAiCore_Mul,N/A,N/A,1790932567694527.601	,430.769,0.000000,0
7,aclnnAdd_AddAiCore_Add,N/A,N/A,1790932567694958.390	,428.108,0.231000,0
7,aclnnAddmm_MatMulV3Common_MatMulV3,N/A,N/A,1790932567695386.518	,4063.721,0.000000,0
7,aclnnGeluV2_GeluV2_GeluV2,N/A,N/A,1790932567699450.259	,2287.706,0.029000,0
7,aclnnAddmm_MatMulV3Common_MatMulV3,N/A,N/A,1790932567701737.985	,4353.887,0.044000,0
7,aclnnAdd_AddAiCore_Add,N/A,N/A,1790932567706091.892	,785.516,0.113000,0
7,aclnnInplaceCopy_CastAiCore_Cast,N/A,N/A,1790932567706877.448	,681.373,0.000000,0
7,aclnnMean_ReduceMeanAiCore_ReduceMean,N/A,N/A,1790932567707560.061	,624.713,1.127000,0
7,aclnnSub_SubAiCore_Sub,N/A,N/A,1790932567708185.474	,907.858,0.787000,0
7,aclnnPowTensorScalar_PowsAiCore_Pows,N/A,N/A,1790932567709093.352	,986.000,0.000000,0
7,aclnnMean_ReduceMeanAiCore_ReduceMean,N/A,N/A,1790932567710080.512	,599.472,1.250000,0
7,aclnnAdds_AddAiCore_Add,N/A,N/A,1790932567710681.204	,6.740,1.278000,0
7,aclnnRsqrt_RsqrtAiCore_Rsqrt,N/A,N/A,1790932567710687.964	,8.320,0.010000,0
7,aclnnMul_MulAiCore_Mul,N/A,N/A,1790932567710696.304	,793.076,0.000000,0
7,aclnnInplaceCopy_CastAiCore_Cast,N/A,N/A,1790932567711489.400	,889.398,0.174000,0
7,aclnnMul_MulAiCore_Mul,N/A,N/A,1790932567712378.818	,432.808,0.000000,0
7,aclnnAdd_AddAiCore_Add,N/A,N/A,1790932567712811.646	,430.249,0.192000,0
7,aclnnAddmm_MatMulV3Common_MatMulV3,N/A,N/A,1790932567713241.915	,3135.843,0.001000,0
7,aclnnInplaceCopy_SliceAiCore_Slice,N/A,N/A,1790932567716377.778	,551.871,0.000000,0
7,aclnnInplaceCopy_CastAiCore_Cast,N/A,N/A,1790932567716929.669	,706.434,0.129000,0
7,aclnnMul_MulAiCore_Mul,N/A,N/A,1790932567717636.123	,936.138,0.000000,0
7,aclnnInplaceCopy_SliceAiCore_Slice,N/A,N/A,1790932567718572.281	,520.891,0.112000,0
7,aclnnInplaceCopy_CastAiCore_Cast,N/A,N/A,1790932567719093.192	,704.214,0.109000,0
7,aclnnNeg_SliceAiCore_Slice,N/A,N/A,1790932567719797.426	,893.858,0.036000,0
7,aclnnNeg_NegAiCore_Neg,N/A,N/A,1790932567720691.304	,473.149,0.000000,0
7,aclnnCat_SliceAiCore_Slice,N/A,N/A,1790932567721164.473	,870.698,0.101000,0
7,aclnnCat_ConcatD_ConcatD,N/A,N/A,1790932567722035.191	,965.799,0.052000,0
7,aclnnMul_MulAiCore_Mul,N/A,N/A,1790932567723001.030	,948.979,0.000000,0
7,aclnnAdd_AddAiCore_Add,N/A,N/A,1790932567723950.029	,1598.272,0.021000,0
7,aclnnInplaceCopy_CastAiCore_Cast,N/A,N/A,1790932567725548.321	,785.915,0.000000,0
7,aclnnInplaceCopy_SliceAiCore_Slice,N/A,N/A,1790932567726334.276	,495.410,0.085000,0
7,aclnnInplaceCopy_CastAiCore_Cast,N/A,N/A,1790932567726829.706	,707.414,0.090000,0
7,aclnnMul_MulAiCore_Mul,N/A,N/A,1790932567727537.140	,935.679,0.086000,0
7,aclnnInplaceCopy_SliceAiCore_Slice,N/A,N/A,1790932567728472.839	,524.071,0.000000,0
7,aclnnInplaceCopy_CastAiCore_Cast,N/A,N/A,1790932567728996.930	,704.974,0.179000,0
7,aclnnNeg_SliceAiCore_Slice,N/A,N/A,1790932567729701.924	,891.878,0.026000,0
7,aclnnNeg_NegAiCore_Neg,N/A,N/A,1790932567730593.822	,476.389,0.000000,0
7,aclnnCat_SliceAiCore_Slice,N/A,N/A,1790932567731070.231	,866.277,0.111000,0
7,aclnnCat_ConcatD_ConcatD,N/A,N/A,1790932567731936.528	,959.160,0.000000,0
7,aclnnMul_MulAiCore_Mul,N/A,N/A,1790932567732895.708	,946.658,0.090000,0
7,aclnnAdd_AddAiCore_Add,N/A,N/A,1790932567733842.386	,1598.712,0.092000,0
7,aclnnInplaceCopy_CastAiCore_Cast,N/A,N/A,1790932567735441.118	,788.916,0.000000,0
7,aclnnInplaceCopy_TransposeAiCore_Transpose,N/A,N/A,1790932567736230.054	,575.272,0.084000,0
7,aclnnInplaceCopy_TransposeAiCore_Transpose,N/A,N/A,1790932567736805.346	,591.051,0.000000,0
7,aclnnInplaceCopy_AsStridedAiCore_AsStrided,N/A,N/A,1790932567737396.437	,796.756,0.199000,0
7,InnerPromptFlashAttention_PromptFlashAttention_PromptFlashAttention,N/A,N/A,1790932567738194.593	,39807.476,1.244000,0
7,aclnnInplaceCopy_TransposeAiCore_Transpose,N/A,N/A,1790932567778003.029	,793.736,1.024000,0
7,aclnnAddmm_MatMulV3Common_MatMulV3,N/A,N/A,1790932567778796.785	,1166.863,0.014000,0
7,aclnnAdd_AddAiCore_Add,N/A,N/A,1790932567779963.668	,818.376,0.137000,0
7,aclnnInplaceCopy_CastAiCore_Cast,N/A,N/A,1790932567780782.064	,682.214,0.000000,0
7,aclnnMean_ReduceMeanAiCore_ReduceMean,N/A,N/A,1790932567781465.458	,622.512,1.286000,0
7,aclnnSub_SubAiCore_Sub,N/A,N/A,1790932567782088.630	,905.379,0.738000,0
7,aclnnPowTensorScalar_PowsAiCore_Pows,N/A,N/A,1790932567782994.029	,988.759,0.000000,0
7,aclnnMean_ReduceMeanAiCore_ReduceMean,N/A,N/A,1790932567783983.788	,599.812,0.991000,0
7,aclnnAdds_AddAiCore_Add,N/A,N/A,1790932567784584.360	,6.960,0.688000,0
7,aclnnRsqrt_RsqrtAiCore_Rsqrt,N/A,N/A,1790932567784591.360	,8.361,0.040000,0
7,aclnnMul_MulAiCore_Mul,N/A,N/A,1790932567784599.761	,798.256,0.139000,0
7,aclnnInplaceCopy_CastAiCore_Cast,N/A,N/A,1790932567785398.037	,886.417,0.000000,0
7,aclnnMul_MulAiCore_Mul,N/A,N/A,1790932567786284.474	,430.609,0.083000,0
7,aclnnAdd_AddAiCore_Add,N/A,N/A,1790932567786715.103	,428.228,0.000000,0
7,aclnnAddmm_MatMulV3Common_MatMulV3,N/A,N/A,1790932567787143.351	,4083.962,0.022000,0
7,aclnnGeluV2_GeluV2_GeluV2,N/A,N/A,1790932567791227.333	,2288.866,0.038000,0
7,aclnnAddmm_MatMulV3Common_MatMulV3,N/A,N/A,1790932567793516.219	,4363.727,0.134000,0
7,aclnnAdd_AddAiCore_Add,N/A,N/A,1790932567797879.966	,780.236,0.023000,0
7,aclnnInplaceCopy_CastAiCore_Cast,N/A,N/A,1790932567798660.222	,682.613,0.014000,0
7,aclnnMean_ReduceMeanAiCore_ReduceMean,N/A,N/A,1790932567799343.915	,624.093,1.137000,0
7,aclnnSub_SubAiCore_Sub,N/A,N/A,1790932567799968.648	,910.058,0.657000,0
7,aclnnPowTensorScalar_PowsAiCore_Pows,N/A,N/A,1790932567800878.746	,987.040,0.000000,0
7,aclnnMean_ReduceMeanAiCore_ReduceMean,N/A,N/A,1790932567801867.066	,596.812,1.210000,0
7,aclnnAdds_AddAiCore_Add,N/A,N/A,1790932567802465.018	,6.780,1.188000,0
7,aclnnRsqrt_RsqrtAiCore_Rsqrt,N/A,N/A,1790932567802471.818	,8.600,0.000000,0
7,aclnnMul_MulAiCore_Mul,N/A,N/A,1790932567802480.438	,799.936,0.150000,0
7,aclnnInplaceCopy_CastAiCore_Cast,N/A,N/A,1790932567803280.414	,888.218,0.064000,0
7,aclnnMul_MulAiCore_Mul,N/A,N/A,1790932567804168.652	,428.028,0.032000,0
7,aclnnAdd_AddAiCore_Add,N/A,N/A,1790932567804596.700	,431.289,0.000000,0
7,aclnnAddmm_MatMulV3Common_MatMulV3,N/A,N/A,1790932567805028.009	,3133.082,0.000000,0
7,aclnnInplaceCopy_SliceAiCore_Slice,N/A,N/A,1790932567808161.111	,551.031,0.000000,0
7,aclnnInplaceCopy_CastAiCore_Cast,N/A,N/A,1790932567808712.162	,706.354,0.219000,0
7,aclnnMul_MulAiCore_Mul,N/A,N/A,1790932567809418.536	,943.099,0.000000,0
7,aclnnInplaceCopy_SliceAiCore_Slice,N/A,N/A,1790932567810361.655	,521.751,0.151000,0
7,aclnnInplaceCopy_CastAiCore_Cast,N/A,N/A,1790932567810883.426	,708.134,0.000000,0
7,aclnnNeg_SliceAiCore_Slice,N/A,N/A,1790932567811591.600	,892.118,0.000000,0
7,aclnnNeg_NegAiCore_Neg,N/A,N/A,1790932567812483.738	,474.629,0.132000,0
7,aclnnCat_SliceAiCore_Slice,N/A,N/A,1790932567812958.387	,864.897,0.121000,0
7,aclnnCat_ConcatD_ConcatD,N/A,N/A,1790932567813823.304	,966.020,0.000000,0
7,aclnnMul_MulAiCore_Mul,N/A,N/A,1790932567814789.344	,952.039,0.000000,0
7,aclnnAdd_AddAiCore_Add,N/A,N/A,1790932567815741.403	,1591.852,0.211000,0
7,aclnnInplaceCopy_CastAiCore_Cast,N/A,N/A,1790932567817333.275	,788.935,0.000000,0
7,aclnnInplaceCopy_SliceAiCore_Slice,N/A,N/A,1790932567818122.230	,496.690,0.065000,0
7,aclnnInplaceCopy_CastAiCore_Cast,N/A,N/A,1790932567818618.960	,709.374,0.060000,0
7,aclnnMul_MulAiCore_Mul,N/A,N/A,1790932567819328.374	,940.719,0.000000,0
7,aclnnInplaceCopy_SliceAiCore_Slice,N/A,N/A,1790932567820269.113	,522.751,0.031000,0
7,aclnnInplaceCopy_CastAiCore_Cast,N/A,N/A,1790932567820791.884	,704.994,0.249000,0
7,aclnnNeg_SliceAiCore_Slice,N/A,N/A,1790932567821496.898	,893.638,0.006000,0
7,aclnnNeg_NegAiCore_Neg,N/A,N/A,1790932567822390.556	,472.489,0.000000,0
7,aclnnCat_SliceAiCore_Slice,N/A,N/A,1790932567822863.085	,862.237,0.011000,0
7,aclnnCat_ConcatD_ConcatD,N/A,N/A,1790932567823725.342	,958.299,0.013000,0
7,aclnnMul_MulAiCore_Mul,N/A,N/A,1790932567824683.681	,952.339,0.201000,0
7,aclnnAdd_AddAiCore_Add,N/A,N/A,1790932567825636.040	,1592.132,0.000000,0
7,aclnnInplaceCopy_CastAiCore_Cast,N/A,N/A,1790932567827228.192	,790.436,0.118000,0
7,aclnnInplaceCopy_TransposeAiCore_Transpose,N/A,N/A,1790932567828018.648	,565.631,0.064000,0
7,aclnnInplaceCopy_TransposeAiCore_Transpose,N/A,N/A,1790932567828584.319	,585.192,0.000000,0
7,aclnnInplaceCopy_AsStridedAiCore_AsStrided,N/A,N/A,1790932567829169.531	,796.236,0.058000,0
7,InnerPromptFlashAttention_PromptFlashAttention_PromptFlashAttention,N/A,N/A,1790932567829967.127	,39516.790,1.514000,0
7,aclnnInplaceCopy_TransposeAiCore_Transpose,N/A,N/A,1790932567869484.757	,783.755,0.710000,0
7,aclnnAddmm_MatMulV3Common_MatMulV3,N/A,N/A,1790932567870268.532	,1186.984,0.000000,0
7,aclnnAdd_AddAiCore_Add,N/A,N/A,1790932567871455.536	,817.656,0.016000,0
7,aclnnInplaceCopy_CastAiCore_Cast,N/A,N/A,1790932567872273.212	,683.094,0.094000,0
7,aclnnMean_ReduceMeanAiCore_ReduceMean,N/A,N/A,1790932567872957.506	,620.912,1.156000,0
7,aclnnSub_SubAiCore_Sub,N/A,N/A,1790932567873579.278	,911.059,0.838000,0
7,aclnnPowTensorScalar_PowsAiCore_Pows,N/A,N/A,1790932567874490.357	,986.159,0.000000,0
7,aclnnMean_ReduceMeanAiCore_ReduceMean,N/A,N/A,1790932567875477.936	,596.952,1.591000,0
7,aclnnAdds_AddAiCore_Add,N/A,N/A,1790932567876075.828	,7.540,0.798000,0
7,aclnnRsqrt_RsqrtAiCore_Rsqrt,N/A,N/A,1790932567876083.388	,8.201,0.210000,0
7,aclnnMul_MulAiCore_Mul,N/A,N/A,1790932567876091.609	,799.176,0.000000,0
7,aclnnInplaceCopy_CastAiCore_Cast,N/A,N/A,1790932567876890.805	,888.637,0.074000,0
7,aclnnMul_MulAiCore_Mul,N/A,N/A,1790932567877779.462	,430.469,0.113000,0
7,aclnnAdd_AddAiCore_Add,N/A,N/A,1790932567878209.951	,429.889,0.031000,0
7,aclnnAddmm_MatMulV3Common_MatMulV3,N/A,N/A,1790932567878639.860	,4100.001,0.000000,0
7,aclnnGeluV2_GeluV2_GeluV2,N/A,N/A,1790932567882739.881	,2296.886,0.249000,0
7,aclnnAddmm_MatMulV3Common_MatMulV3,N/A,N/A,1790932567885036.907	,4357.887,0.114000,0
7,aclnnAdd_AddAiCore_Add,N/A,N/A,1790932567889394.814	,782.816,0.000000,0
7,aclnnInplaceCopy_CastAiCore_Cast,N/A,N/A,1790932567890177.650	,682.474,0.184000,0
7,aclnnMean_ReduceMeanAiCore_ReduceMean,N/A,N/A,1790932567890861.124	,622.492,0.776000,0
7,aclnnSub_SubAiCore_Sub,N/A,N/A,1790932567891484.296	,908.998,0.758000,0
7,aclnnPowTensorScalar_PowsAiCore_Pows,N/A,N/A,1790932567892393.334	,991.120,0.002000,0
7,aclnnMean_ReduceMeanAiCore_ReduceMean,N/A,N/A,1790932567893385.754	,596.712,1.380000,0
7,aclnnAdds_AddAiCore_Add,N/A,N/A,1790932567893983.366	,6.720,0.788000,0
7,aclnnRsqrt_RsqrtAiCore_Rsqrt,N/A,N/A,1790932567893990.106	,8.180,0.030000,0
7,aclnnMul_MulAiCore_Mul,N/A,N/A,1790932567893998.306	,798.596,0.070000,0
7,aclnnInplaceCopy_CastAiCore_Cast,N/A,N/A,1790932567894796.922	,887.758,0.154000,0
7,aclnnMul_MulAiCore_Mul,N/A,N/A,1790932567895684.700	,432.689,0.000000,0
7,aclnnAdd_AddAiCore_Add,N/A,N/A,1790932567896117.429	,429.888,0.061000,0
7,aclnnAddmm_MatMulV3Common_MatMulV3,N/A,N/A,1790932567896547.357	,3118.183,0.000000,0
7,aclnnInplaceCopy_SliceAiCore_Slice,N/A,N/A,1790932567899665.580	,551.531,0.067000,0
7,aclnnInplaceCopy_CastAiCore_Cast,N/A,N/A,1790932567900217.131	,708.434,0.219000,0
7,aclnnMul_MulAiCore_Mul,N/A,N/A,1790932567900925.585	,945.159,0.000000,0
7,aclnnInplaceCopy_SliceAiCore_Slice,N/A,N/A,1790932567901870.764	,520.590,0.091000,0
7,aclnnInplaceCopy_CastAiCore_Cast,N/A,N/A,1790932567902391.374	,705.094,0.000000,0
7,aclnnNeg_SliceAiCore_Slice,N/A,N/A,1790932567903096.488	,893.998,0.156000,0
7,aclnnNeg_NegAiCore_Neg,N/A,N/A,1790932567903990.506	,473.769,0.002000,0
7,aclnnCat_SliceAiCore_Slice,N/A,N/A,1790932567904464.295	,872.538,0.000000,0
7,aclnnCat_ConcatD_ConcatD,N/A,N/A,1790932567905336.853	,965.859,0.000000,0
7,aclnnMul_MulAiCore_Mul,N/A,N/A,1790932567906302.732	,951.539,0.141000,0
7,aclnnAdd_AddAiCore_Add,N/A,N/A,1790932567907254.291	,1598.992,0.000000,0
7,aclnnInplaceCopy_CastAiCore_Cast,N/A,N/A,1790932567908853.323	,787.236,0.008000,0
7,aclnnInplaceCopy_SliceAiCore_Slice,N/A,N/A,1790932567909640.579	,498.530,0.014000,0
7,aclnnInplaceCopy_CastAiCore_Cast,N/A,N/A,1790932567910139.129	,704.634,0.220000,0
7,aclnnMul_MulAiCore_Mul,N/A,N/A,1790932567910843.803	,936.379,0.000000,0
7,aclnnInplaceCopy_SliceAiCore_Slice,N/A,N/A,1790932567911780.202	,525.070,0.121000,0
7,aclnnInplaceCopy_CastAiCore_Cast,N/A,N/A,1790932567912305.292	,703.894,0.000000,0
7,aclnnNeg_SliceAiCore_Slice,N/A,N/A,1790932567913009.226	,891.778,0.106000,0
7,aclnnNeg_NegAiCore_Neg,N/A,N/A,1790932567913901.024	,477.790,0.000000,0
7,aclnnCat_SliceAiCore_Slice,N/A,N/A,1790932567914378.834	,865.837,0.000000,0
7,aclnnCat_ConcatD_ConcatD,N/A,N/A,1790932567915244.691	,959.219,0.163000,0
7,aclnnMul_MulAiCore_Mul,N/A,N/A,1790932567916203.930	,951.139,0.031000,0
7,aclnnAdd_AddAiCore_Add,N/A,N/A,1790932567917155.089	,1598.592,0.000000,0
7,aclnnInplaceCopy_CastAiCore_Cast,N/A,N/A,1790932567918753.721	,790.196,0.158000,0
7,aclnnInplaceCopy_TransposeAiCore_Transpose,N/A,N/A,1790932567919543.937	,578.811,0.054000,0
7,aclnnInplaceCopy_TransposeAiCore_Transpose,N/A,N/A,1790932567920122.768	,597.352,0.000000,0
7,aclnnInplaceCopy_AsStridedAiCore_AsStrided,N/A,N/A,1790932567920720.160	,804.436,0.148000,0
7,InnerPromptFlashAttention_PromptFlashAttention_PromptFlashAttention,N/A,N/A,1790932567921525.576	,39725.414,0.814000,0
7,aclnnInplaceCopy_TransposeAiCore_Transpose,N/A,N/A,1790932567961251.950	,799.616,1.086000,0
7,aclnnAddmm_MatMulV3Common_MatMulV3,N/A,N/A,1790932567962051.586	,1171.263,0.000000,0
7,aclnnAdd_AddAiCore_Add,N/A,N/A,1790932567963222.889	,818.317,0.237000,0
7,aclnnInplaceCopy_CastAiCore_Cast,N/A,N/A,1790932567964041.226	,684.353,0.000000,0
7,aclnnMean_ReduceMeanAiCore_ReduceMean,N/A,N/A,1790932567964726.480	,622.412,0.897000,0
7,aclnnSub_SubAiCore_Sub,N/A,N/A,1790932567965349.612	,907.818,0.588000,0
7,aclnnPowTensorScalar_PowsAiCore_Pows,N/A,N/A,1790932567966257.450	,987.920,0.182000,0
7,aclnnMean_ReduceMeanAiCore_ReduceMean,N/A,N/A,1790932567967246.290	,601.352,0.830000,0
7,aclnnAdds_AddAiCore_Add,N/A,N/A,1790932567967848.762	,6.720,1.148000,0
7,aclnnRsqrt_RsqrtAiCore_Rsqrt,N/A,N/A,1790932567967855.502	,8.420,0.030000,0
7,aclnnMul_MulAiCore_Mul,N/A,N/A,1790932567967863.942	,798.156,0.080000,0
7,aclnnInplaceCopy_CastAiCore_Cast,N/A,N/A,1790932567968662.118	,888.258,0.000000,0
7,aclnnMul_MulAiCore_Mul,N/A,N/A,1790932567969550.396	,428.768,0.242000,0
7,aclnnAdd_AddAiCore_Add,N/A,N/A,1790932567969979.184	,430.969,0.000000,0
7,aclnnAddmm_MatMulV3Common_MatMulV3,N/A,N/A,1790932567970410.173	,4058.861,0.031000,0
7,aclnnGeluV2_GeluV2_GeluV2,N/A,N/A,1790932567974469.054	,2289.786,0.000000,0
7,aclnnAddmm_MatMulV3Common_MatMulV3,N/A,N/A,1790932567976758.860	,4353.127,0.000000,0
7,aclnnAdd_AddAiCore_Add,N/A,N/A,1790932567981112.007	,779.495,0.123000,0
7,aclnnInplaceCopy_CastAiCore_Cast,N/A,N/A,1790932567981891.522	,683.734,0.005000,0
7,aclnnMean_ReduceMeanAiCore_ReduceMean,N/A,N/A,1790932567982576.536	,621.073,1.266000,0
7,aclnnSub_SubAiCore_Sub,N/A,N/A,1790932567983198.349	,910.598,0.677000,0
7,aclnnPowTensorScalar_PowsAiCore_Pows,N/A,N/A,1790932567984108.967	,985.859,0.152000,0
7,aclnnMean_ReduceMeanAiCore_ReduceMean,N/A,N/A,1790932567985096.307	,597.411,1.391000,0
7,aclnnAdds_AddAiCore_Add,N/A,N/A,1790932567985694.478	,6.701,0.839000,0
7,aclnnRsqrt_RsqrtAiCore_Rsqrt,N/A,N/A,1790932567985701.199	,8.300,0.049000,0
7,aclnnMul_MulAiCore_Mul,N/A,N/A,1790932567985709.539	,793.296,0.000000,0
7,aclnnInplaceCopy_CastAiCore_Cast,N/A,N/A,1790932567986502.855	,889.017,0.000000,0
7,aclnnMul_MulAiCore_Mul,N/A,N/A,1790932567987391.892	,432.389,0.233000,0
7,aclnnAdd_AddAiCore_Add,N/A,N/A,1790932567987824.301	,430.329,0.000000,0
7,aclnnAddmm_MatMulV3Common_MatMulV3,N/A,N/A,1790932567988254.650	,3116.942,0.171000,0
7,aclnnInplaceCopy_SliceAiCore_Slice,N/A,N/A,1790932567991371.632	,551.611,0.058000,0
7,aclnnInplaceCopy_CastAiCore_Cast,N/A,N/A,1790932567991923.263	,707.974,0.000000,0
7,aclnnMul_MulAiCore_Mul,N/A,N/A,1790932567992631.257	,937.779,0.026000,0
7,aclnnInplaceCopy_SliceAiCore_Slice,N/A,N/A,1790932567993569.076	,523.910,0.000000,0
7,aclnnInplaceCopy_CastAiCore_Cast,N/A,N/A,1790932567994093.006	,706.354,0.090000,0
7,aclnnNeg_SliceAiCore_Slice,N/A,N/A,1790932567994799.380	,894.378,0.146000,0
7,aclnnNeg_NegAiCore_Neg,N/A,N/A,1790932567995693.778	,473.190,0.000000,0
7,aclnnCat_SliceAiCore_Slice,N/A,N/A,1790932567996166.988	,868.397,0.060000,0
7,aclnnCat_ConcatD_ConcatD,N/A,N/A,1790932567997035.405	,968.099,0.103000,0
7,aclnnMul_MulAiCore_Mul,N/A,N/A,1790932567998003.544	,948.059,0.000000,0
7,aclnnAdd_AddAiCore_Add,N/A,N/A,1790932567998951.643	,1598.312,0.191000,0
7,aclnnInplaceCopy_CastAiCore_Cast,N/A,N/A,1790932568000549.975	,788.516,0.000000,0
7,aclnnInplaceCopy_SliceAiCore_Slice,N/A,N/A,1790932568001338.511	,495.270,0.000000,0
7,aclnnInplaceCopy_CastAiCore_Cast,N/A,N/A,1790932568001833.801	,707.754,0.000000,0
7,aclnnMul_MulAiCore_Mul,N/A,N/A,1790932568002541.575	,934.879,0.000000,0
7,aclnnInplaceCopy_SliceAiCore_Slice,N/A,N/A,1790932568003476.474	,522.490,0.121000,0
7,aclnnInplaceCopy_CastAiCore_Cast,N/A,N/A,1790932568003998.984	,707.974,0.010000,0
7,aclnnNeg_SliceAiCore_Slice,N/A,N/A,1790932568004706.978	,890.538,0.026000,0
7,aclnnNeg_NegAiCore_Neg,N/A,N/A,1790932568005597.536	,473.870,0.000000,0
7,aclnnCat_SliceAiCore_Slice,N/A,N/A,1790932568006071.446	,866.237,0.130000,0
7,aclnnCat_ConcatD_ConcatD,N/A,N/A,1790932568006937.703	,958.619,0.013000,0
7,aclnnMul_MulAiCore_Mul,N/A,N/A,1790932568007896.342	,944.759,0.000000,0
7,aclnnAdd_AddAiCore_Add,N/A,N/A,1790932568008841.121	,1599.452,0.000000,0
7,aclnnInplaceCopy_CastAiCore_Cast,N/A,N/A,1790932568010440.593	,789.436,0.048000,0
7,aclnnInplaceCopy_TransposeAiCore_Transpose,N/A,N/A,1790932568011230.069	,566.291,0.064000,0
7,aclnnInplaceCopy_TransposeAiCore_Transpose,N/A,N/A,1790932568011796.380	,588.892,0.209000,0
7,aclnnInplaceCopy_AsStridedAiCore_AsStrided,N/A,N/A,1790932568012385.292	,791.916,0.000000,0
7,InnerPromptFlashAttention_PromptFlashAttention_PromptFlashAttention,N/A,N/A,1790932568013178.588	,39694.393,1.334000,0
7,aclnnInplaceCopy_TransposeAiCore_Transpose,N/A,N/A,1790932568052874.081	,798.296,1.107000,0
7,aclnnAddmm_MatMulV3Common_MatMulV3,N/A,N/A,1790932568053672.397	,1163.383,0.204000,0
7,aclnnAdd_AddAiCore_Add,N/A,N/A,1790932568054835.800	,819.836,0.000000,0
7,aclnnInplaceCopy_CastAiCore_Cast,N/A,N/A,1790932568055655.656	,681.394,0.164000,0
7,aclnnMean_ReduceMeanAiCore_ReduceMean,N/A,N/A,1790932568056338.070	,622.912,0.856000,0
7,aclnnSub_SubAiCore_Sub,N/A,N/A,1790932568056961.842	,907.139,0.838000,0
7,aclnnPowTensorScalar_PowsAiCore_Pows,N/A,N/A,1790932568057869.001	,986.919,0.111000,0
7,aclnnMean_ReduceMeanAiCore_ReduceMean,N/A,N/A,1790932568058856.920	,598.512,1.081000,0
7,aclnnAdds_AddAiCore_Add,N/A,N/A,1790932568059456.332	,6.840,0.738000,0
7,aclnnRsqrt_RsqrtAiCore_Rsqrt,N/A,N/A,1790932568059463.192	,8.181,0.160000,0
7,aclnnMul_MulAiCore_Mul,N/A,N/A,1790932568059471.413	,793.975,0.069000,0
7,aclnnInplaceCopy_CastAiCore_Cast,N/A,N/A,1790932568060265.408	,887.498,0.025000,0
7,aclnnMul_MulAiCore_Mul,N/A,N/A,1790932568061152.926	,430.329,0.002000,0
7,aclnnAdd_AddAiCore_Add,N/A,N/A,1790932568061583.275	,430.688,0.000000,0
7,aclnnAddmm_MatMulV3Common_MatMulV3,N/A,N/A,1790932568062013.983	,4053.841,0.062000,0
7,aclnnGeluV2_GeluV2_GeluV2,N/A,N/A,1790932568066067.844	,2292.726,0.000000,0
7,aclnnAddmm_MatMulV3Common_MatMulV3,N/A,N/A,1790932568068360.590	,4361.707,0.024000,0
7,aclnnAdd_AddAiCore_Add,N/A,N/A,1790932568072722.337	,778.636,0.043000,0
7,aclnnInplaceCopy_CastAiCore_Cast,N/A,N/A,1790932568073500.993	,683.033,0.114000,0
7,aclnnMean_ReduceMeanAiCore_ReduceMean,N/A,N/A,1790932568074185.387	,622.332,1.467000,0
7,aclnnSub_SubAiCore_Sub,N/A,N/A,1790932568074808.439	,912.178,0.668000,0
7,aclnnPowTensorScalar_PowsAiCore_Pows,N/A,N/A,1790932568075720.637	,985.220,0.072000,0
7,aclnnMean_ReduceMeanAiCore_ReduceMean,N/A,N/A,1790932568076707.037	,597.692,1.030000,0
7,aclnnAdds_AddAiCore_Add,N/A,N/A,1790932568077305.849	,6.720,1.058000,0
7,aclnnRsqrt_RsqrtAiCore_Rsqrt,N/A,N/A,1790932568077312.589	,8.380,0.030000,0
7,aclnnMul_MulAiCore_Mul,N/A,N/A,1790932568077320.989	,791.976,0.120000,0
7,aclnnInplaceCopy_CastAiCore_Cast,N/A,N/A,1790932568078112.985	,884.658,0.024000,0
7,aclnnMul_MulAiCore_Mul,N/A,N/A,1790932568078997.663	,433.368,0.092000,0
7,aclnnAdd_AddAiCore_Add,N/A,N/A,1790932568079431.051	,429.829,0.000000,0
7,aclnnAddmm_MatMulV3Common_MatMulV3,N/A,N/A,1790932568079860.900	,3112.382,0.171000,0
7,aclnnInplaceCopy_SliceAiCore_Slice,N/A,N/A,1790932568082973.302	,552.991,0.000000,0
7,aclnnInplaceCopy_CastAiCore_Cast,N/A,N/A,1790932568083526.333	,704.454,0.009000,0
7,aclnnMul_MulAiCore_Mul,N/A,N/A,1790932568084230.807	,944.999,0.046000,0
7,aclnnInplaceCopy_SliceAiCore_Slice,N/A,N/A,1790932568085175.846	,520.851,0.001000,0
7,aclnnInplaceCopy_CastAiCore_Cast,N/A,N/A,1790932568085696.717	,705.834,0.149000,0
7,aclnnNeg_SliceAiCore_Slice,N/A,N/A,1790932568086402.591	,894.357,0.000000,0
7,aclnnNeg_NegAiCore_Neg,N/A,N/A,1790932568087296.968	,471.930,0.143000,0
7,aclnnCat_SliceAiCore_Slice,N/A,N/A,1790932568087768.918	,867.657,0.070000,0
7,aclnnCat_ConcatD_ConcatD,N/A,N/A,1790932568088636.595	,967.660,0.000000,0
7,aclnnMul_MulAiCore_Mul,N/A,N/A,1790932568089604.275	,943.698,0.090000,0
7,aclnnAdd_AddAiCore_Add,N/A,N/A,1790932568090548.013	,1601.432,0.052000,0
7,aclnnInplaceCopy_CastAiCore_Cast,N/A,N/A,1790932568092149.485	,787.376,0.068000,0
7,aclnnInplaceCopy_SliceAiCore_Slice,N/A,N/A,1790932568092936.881	,498.470,0.124000,0
7,aclnnInplaceCopy_CastAiCore_Cast,N/A,N/A,1790932568093435.371	,705.894,0.000000,0
7,aclnnMul_MulAiCore_Mul,N/A,N/A,1790932568094141.285	,931.419,0.106000,0
7,aclnnInplaceCopy_SliceAiCore_Slice,N/A,N/A,1790932568095072.724	,524.770,0.081000,0
7,aclnnInplaceCopy_CastAiCore_Cast,N/A,N/A,1790932568095597.514	,703.054,0.000000,0
7,aclnnNeg_SliceAiCore_Slice,N/A,N/A,1790932568096300.588	,892.118,0.000000,0
7,aclnnNeg_NegAiCore_Neg,N/A,N/A,1790932568097192.746	,477.090,0.132000,0
7,aclnnCat_SliceAiCore_Slice,N/A,N/A,1790932568097669.856	,863.937,0.000000,0
7,aclnnCat_ConcatD_ConcatD,N/A,N/A,1790932568098533.833	,957.959,0.063000,0
7,aclnnMul_MulAiCore_Mul,N/A,N/A,1790932568099491.812	,948.359,0.041000,0
7,aclnnAdd_AddAiCore_Add,N/A,N/A,1790932568100440.211	,1596.312,0.141000,0
7,aclnnInplaceCopy_CastAiCore_Cast,N/A,N/A,1790932568102036.543	,789.876,0.000000,0
7,aclnnInplaceCopy_TransposeAiCore_Transpose,N/A,N/A,1790932568102826.439	,573.511,0.124000,0
7,aclnnInplaceCopy_TransposeAiCore_Transpose,N/A,N/A,1790932568103399.970	,599.232,0.000000,0
7,aclnnInplaceCopy_AsStridedAiCore_AsStrided,N/A,N/A,1790932568103999.222	,798.556,0.018000,0
7,InnerPromptFlashAttention_PromptFlashAttention_PromptFlashAttention,N/A,N/A,1790932568104799.198	,39813.896,1.444000,0
7,aclnnInplaceCopy_TransposeAiCore_Transpose,N/A,N/A,1790932568144614.314	,789.035,1.104000,0
7,aclnnAddmm_MatMulV3Common_MatMulV3,N/A,N/A,1790932568145403.369	,1153.703,0.000000,0
7,aclnnAdd_AddAiCore_Add,N/A,N/A,1790932568146557.092	,818.477,0.047000,0
7,aclnnInplaceCopy_CastAiCore_Cast,N/A,N/A,1790932568147375.589	,683.253,0.023000,0
7,aclnnMean_ReduceMeanAiCore_ReduceMean,N/A,N/A,1790932568148059.943	,622.472,1.247000,0
7,aclnnSub_SubAiCore_Sub,N/A,N/A,1790932568148683.635	,907.518,1.278000,0
7,aclnnPowTensorScalar_PowsAiCore_Pows,N/A,N/A,1790932568149591.173	,987.640,0.000000,0
7,aclnnMean_ReduceMeanAiCore_ReduceMean,N/A,N/A,1790932568150580.153	,599.252,1.360000,0
7,aclnnAdds_AddAiCore_Add,N/A,N/A,1790932568151180.565	,6.740,0.998000,0
7,aclnnRsqrt_RsqrtAiCore_Rsqrt,N/A,N/A,1790932568151187.325	,8.460,0.010000,0
7,aclnnMul_MulAiCore_Mul,N/A,N/A,1790932568151195.825	,796.996,0.040000,0
7,aclnnInplaceCopy_CastAiCore_Cast,N/A,N/A,1790932568151992.841	,887.518,0.004000,0
7,aclnnMul_MulAiCore_Mul,N/A,N/A,1790932568152880.379	,430.088,0.232000,0
7,aclnnAdd_AddAiCore_Add,N/A,N/A,1790932568153310.487	,432.969,0.000000,0
7,aclnnAddmm_MatMulV3Common_MatMulV3,N/A,N/A,1790932568153743.476	,4059.521,0.031000,0
7,aclnnGeluV2_GeluV2_GeluV2,N/A,N/A,1790932568157803.017	,2291.166,0.000000,0
7,aclnnAddmm_MatMulV3Common_MatMulV3,N/A,N/A,1790932568160094.203	,4350.207,0.084000,0
7,aclnnAdd_AddAiCore_Add,N/A,N/A,1790932568164444.430	,779.535,0.043000,0
7,aclnnInplaceCopy_CastAiCore_Cast,N/A,N/A,1790932568165223.985	,681.874,0.000000,0
7,aclnnMean_ReduceMeanAiCore_ReduceMean,N/A,N/A,1790932568165907.119	,622.913,1.126000,0
7,aclnnSub_SubAiCore_Sub,N/A,N/A,1790932568166530.872	,915.958,0.837000,0
7,aclnnPowTensorScalar_PowsAiCore_Pows,N/A,N/A,1790932568167446.850	,987.380,0.042000,0
7,aclnnMean_ReduceMeanAiCore_ReduceMean,N/A,N/A,1790932568168435.570	,601.492,1.370000,0
7,aclnnAdds_AddAiCore_Add,N/A,N/A,1790932568169038.082	,6.740,1.008000,0
7,aclnnRsqrt_RsqrtAiCore_Rsqrt,N/A,N/A,1790932568169044.842	,8.320,0.010000,0
7,aclnnMul_MulAiCore_Mul,N/A,N/A,1790932568169053.182	,795.396,0.180000,0
7,aclnnInplaceCopy_CastAiCore_Cast,N/A,N/A,1790932568169848.598	,887.138,0.000000,0
7,aclnnMul_MulAiCore_Mul,N/A,N/A,1790932568170735.756	,436.668,0.112000,0
7,aclnnAdd_AddAiCore_Add,N/A,N/A,1790932568171172.444	,430.489,0.082000,0
7,aclnnAddmm_MatMulV3Common_MatMulV3,N/A,N/A,1790932568171602.953	,3111.202,0.011000,0
7,aclnnInplaceCopy_SliceAiCore_Slice,N/A,N/A,1790932568174714.175	,551.451,0.048000,0
7,aclnnInplaceCopy_CastAiCore_Cast,N/A,N/A,1790932568175265.646	,706.614,0.049000,0
7,aclnnMul_MulAiCore_Mul,N/A,N/A,1790932568175972.300	,943.139,0.000000,0
7,aclnnInplaceCopy_SliceAiCore_Slice,N/A,N/A,1790932568176915.459	,520.990,0.111000,0
7,aclnnInplaceCopy_CastAiCore_Cast,N/A,N/A,1790932568177436.469	,707.035,0.010000,0
7,aclnnNeg_SliceAiCore_Slice,N/A,N/A,1790932568178143.524	,894.477,0.000000,0
7,aclnnNeg_NegAiCore_Neg,N/A,N/A,1790932568179038.021	,472.450,0.023000,0
7,aclnnCat_SliceAiCore_Slice,N/A,N/A,1790932568179510.491	,866.237,0.050000,0
7,aclnnCat_ConcatD_ConcatD,N/A,N/A,1790932568180376.748	,964.819,0.013000,0
7,aclnnMul_MulAiCore_Mul,N/A,N/A,1790932568181341.587	,947.019,0.000000,0
7,aclnnAdd_AddAiCore_Add,N/A,N/A,1790932568182288.626	,1602.092,0.231000,0
7,aclnnInplaceCopy_CastAiCore_Cast,N/A,N/A,1790932568183890.738	,784.396,0.000000,0
7,aclnnInplaceCopy_SliceAiCore_Slice,N/A,N/A,1790932568184675.174	,497.330,0.104000,0
7,aclnnInplaceCopy_CastAiCore_Cast,N/A,N/A,1790932568185172.524	,708.674,0.000000,0
7,aclnnMul_MulAiCore_Mul,N/A,N/A,1790932568185881.218	,938.859,0.076000,0
7,aclnnInplaceCopy_SliceAiCore_Slice,N/A,N/A,1790932568186820.097	,523.850,0.000000,0
7,aclnnInplaceCopy_CastAiCore_Cast,N/A,N/A,1790932568187343.967	,705.255,0.150000,0
7,aclnnNeg_SliceAiCore_Slice,N/A,N/A,1790932568188049.242	,889.237,0.000000,0
7,aclnnNeg_NegAiCore_Neg,N/A,N/A,1790932568188938.499	,475.770,0.013000,0
7,aclnnCat_SliceAiCore_Slice,N/A,N/A,1790932568189414.289	,864.437,0.000000,0
7,aclnnCat_ConcatD_ConcatD,N/A,N/A,1790932568190278.766	,957.499,0.063000,0
7,aclnnMul_MulAiCore_Mul,N/A,N/A,1790932568191236.285	,945.559,0.001000,0
7,aclnnAdd_AddAiCore_Add,N/A,N/A,1790932568192181.864	,1599.572,0.000000,0
7,aclnnInplaceCopy_CastAiCore_Cast,N/A,N/A,1790932568193781.456	,788.216,0.178000,0
7,aclnnInplaceCopy_TransposeAiCore_Transpose,N/A,N/A,1790932568194569.692	,565.531,0.034000,0
7,aclnnInplaceCopy_TransposeAiCore_Transpose,N/A,N/A,1790932568195135.243	,589.412,0.000000,0
7,aclnnInplaceCopy_AsStridedAiCore_AsStrided,N/A,N/A,1790932568195724.675	,792.636,0.088000,0
7,InnerPromptFlashAttention_PromptFlashAttention_PromptFlashAttention,N/A,N/A,1790932568196518.251	,39809.755,0.864000,0
7,aclnnInplaceCopy_TransposeAiCore_Transpose,N/A,N/A,1790932568236328.906	,789.496,0.995000,0
7,aclnnAddmm_MatMulV3Common_MatMulV3,N/A,N/A,1790932568237118.422	,1184.364,0.004000,0
7,aclnnAdd_AddAiCore_Add,N/A,N/A,1790932568238302.806	,821.276,0.000000,0
7,aclnnInplaceCopy_CastAiCore_Cast,N/A,N/A,1790932568239124.102	,682.954,0.000000,0
7,aclnnMean_ReduceMeanAiCore_ReduceMean,N/A,N/A,1790932568239808.076	,623.812,1.046000,0
7,aclnnSub_SubAiCore_Sub,N/A,N/A,1790932568240432.768	,911.878,0.938000,0
7,aclnnPowTensorScalar_PowsAiCore_Pows,N/A,N/A,1790932568241344.666	,986.960,0.122000,0
7,aclnnMean_ReduceMeanAiCore_ReduceMean,N/A,N/A,1790932568242332.786	,597.272,1.040000,0
7,aclnnAdds_AddAiCore_Add,N/A,N/A,1790932568242930.938	,7.180,0.978000,0
7,aclnnRsqrt_RsqrtAiCore_Rsqrt,N/A,N/A,1790932568242938.138	,8.340,0.070000,0
7,aclnnMul_MulAiCore_Mul,N/A,N/A,1790932568242946.498	,794.456,0.000000,0
7,aclnnInplaceCopy_CastAiCore_Cast,N/A,N/A,1790932568243740.974	,887.898,0.044000,0
7,aclnnMul_MulAiCore_Mul,N/A,N/A,1790932568244628.892	,431.029,0.102000,0
7,aclnnAdd_AddAiCore_Add,N/A,N/A,1790932568245059.941	,430.468,0.000000,0
7,aclnnAddmm_MatMulV3Common_MatMulV3,N/A,N/A,1790932568245490.449	,4064.661,0.032000,0
7,aclnnGeluV2_GeluV2_GeluV2,N/A,N/A,1790932568249555.130	,2289.106,0.089000,0
7,aclnnAddmm_MatMulV3Common_MatMulV3,N/A,N/A,1790932568251844.396	,4360.907,0.144000,0
7,aclnnAdd_AddAiCore_Add,N/A,N/A,1790932568256205.323	,778.316,0.000000,0
7,aclnnInplaceCopy_CastAiCore_Cast,N/A,N/A,1790932568256983.659	,685.074,0.184000,0
7,aclnnMean_ReduceMeanAiCore_ReduceMean,N/A,N/A,1790932568257669.993	,621.852,1.176000,0
7,aclnnSub_SubAiCore_Sub,N/A,N/A,1790932568258293.005	,908.858,1.148000,0
7,aclnnPowTensorScalar_PowsAiCore_Pows,N/A,N/A,1790932568259201.883	,986.820,0.142000,0
7,aclnnMean_ReduceMeanAiCore_ReduceMean,N/A,N/A,1790932568260189.683	,599.872,0.930000,0
7,aclnnAdds_AddAiCore_Add,N/A,N/A,1790932568260790.515	,6.700,0.878000,0
7,aclnnRsqrt_RsqrtAiCore_Rsqrt,N/A,N/A,1790932568260797.235	,8.200,0.050000,0
7,aclnnMul_MulAiCore_Mul,N/A,N/A,1790932568260805.455	,792.676,0.050000,0
7,aclnnInplaceCopy_CastAiCore_Cast,N/A,N/A,1790932568261598.171	,889.178,0.074000,0
7,aclnnMul_MulAiCore_Mul,N/A,N/A,1790932568262487.369	,431.448,0.000000,0
7,aclnnAdd_AddAiCore_Add,N/A,N/A,1790932568262918.837	,430.149,0.052000,0
7,aclnnAddmm_MatMulV3Common_MatMulV3,N/A,N/A,1790932568263349.006	,3123.162,0.101000,0
7,aclnnInplaceCopy_SliceAiCore_Slice,N/A,N/A,1790932568266472.188	,552.671,0.088000,0
7,aclnnInplaceCopy_CastAiCore_Cast,N/A,N/A,1790932568267024.879	,709.275,0.079000,0
7,aclnnMul_MulAiCore_Mul,N/A,N/A,1790932568267734.174	,943.698,0.000000,0
7,aclnnInplaceCopy_SliceAiCore_Slice,N/A,N/A,1790932568268677.892	,522.231,0.052000,0
7,aclnnInplaceCopy_CastAiCore_Cast,N/A,N/A,1790932568269200.143	,705.114,0.019000,0
7,aclnnNeg_SliceAiCore_Slice,N/A,N/A,1790932568269905.277	,892.378,0.000000,0
7,aclnnNeg_NegAiCore_Neg,N/A,N/A,1790932568270797.675	,470.309,0.122000,0
7,aclnnCat_SliceAiCore_Slice,N/A,N/A,1790932568271268.004	,865.858,0.000000,0
7,aclnnCat_ConcatD_ConcatD,N/A,N/A,1790932568272133.882	,964.259,0.142000,0
7,aclnnMul_MulAiCore_Mul,N/A,N/A,1790932568273098.161	,944.399,0.000000,0
7,aclnnAdd_AddAiCore_Add,N/A,N/A,1790932568274042.580	,1598.592,0.000000,0
7,aclnnInplaceCopy_CastAiCore_Cast,N/A,N/A,1790932568275641.192	,788.755,0.158000,0
7,aclnnInplaceCopy_SliceAiCore_Slice,N/A,N/A,1790932568276429.967	,498.650,0.000000,0
7,aclnnInplaceCopy_CastAiCore_Cast,N/A,N/A,1790932568276928.637	,707.174,0.100000,0
7,aclnnMul_MulAiCore_Mul,N/A,N/A,1790932568277635.831	,936.019,0.000000,0
7,aclnnInplaceCopy_SliceAiCore_Slice,N/A,N/A,1790932568278571.870	,524.531,0.000000,0
7,aclnnInplaceCopy_CastAiCore_Cast,N/A,N/A,1790932568279096.421	,704.654,0.219000,0
7,aclnnNeg_SliceAiCore_Slice,N/A,N/A,1790932568279801.095	,891.438,0.000000,0
7,aclnnNeg_NegAiCore_Neg,N/A,N/A,1790932568280692.553	,476.729,0.062000,0
7,aclnnCat_SliceAiCore_Slice,N/A,N/A,1790932568281169.302	,865.077,0.021000,0
7,aclnnCat_ConcatD_ConcatD,N/A,N/A,1790932568282034.399	,958.059,0.173000,0
7,aclnnMul_MulAiCore_Mul,N/A,N/A,1790932568282992.478	,947.559,0.000000,0
7,aclnnAdd_AddAiCore_Add,N/A,N/A,1790932568283940.057	,1600.172,0.000000,0
7,aclnnInplaceCopy_CastAiCore_Cast,N/A,N/A,1790932568285540.249	,791.476,0.078000,0
7,aclnnInplaceCopy_TransposeAiCore_Transpose,N/A,N/A,1790932568286331.765	,577.032,0.024000,0
7,aclnnInplaceCopy_TransposeAiCore_Transpose,N/A,N/A,1790932568286908.817	,594.192,0.000000,0
7,aclnnInplaceCopy_AsStridedAiCore_AsStrided,N/A,N/A,1790932568287503.029	,795.835,0.058000,0
7,InnerPromptFlashAttention_PromptFlashAttention_PromptFlashAttention,N/A,N/A,1790932568288299.885	,39244.244,1.165000,0
7,aclnnInplaceCopy_TransposeAiCore_Transpose,N/A,N/A,1790932568327545.149	,793.635,1.006000,0
7,aclnnAddmm_MatMulV3Common_MatMulV3,N/A,N/A,1790932568328338.824	,1159.484,0.000000,0
7,aclnnAdd_AddAiCore_Add,N/A,N/A,1790932568329498.328	,821.056,0.016000,0
7,aclnnInplaceCopy_CastAiCore_Cast,N/A,N/A,1790932568330319.404	,682.214,0.194000,0
7,aclnnMean_ReduceMeanAiCore_ReduceMean,N/A,N/A,1790932568331002.538	,624.372,0.786000,0
7,aclnnSub_SubAiCore_Sub,N/A,N/A,1790932568331627.910	,913.678,1.128000,0
7,aclnnPowTensorScalar_PowsAiCore_Pows,N/A,N/A,1790932568332541.628	,988.020,0.072000,0
7,aclnnMean_ReduceMeanAiCore_ReduceMean,N/A,N/A,1790932568333530.588	,597.612,0.730000,0
7,aclnnAdds_AddAiCore_Add,N/A,N/A,1790932568334129.360	,6.900,1.138000,0
7,aclnnRsqrt_RsqrtAiCore_Rsqrt,N/A,N/A,1790932568334136.300	,8.360,0.100000,0
7,aclnnMul_MulAiCore_Mul,N/A,N/A,1790932568334144.680	,799.876,0.140000,0
7,aclnnInplaceCopy_CastAiCore_Cast,N/A,N/A,1790932568334944.576	,887.078,0.000000,0
7,aclnnMul_MulAiCore_Mul,N/A,N/A,1790932568335831.674	,429.789,0.172000,0
7,aclnnAdd_AddAiCore_Add,N/A,N/A,1790932568336261.503	,429.888,0.000000,0
7,aclnnAddmm_MatMulV3Common_MatMulV3,N/A,N/A,1790932568336691.411	,4059.101,0.112000,0
7,aclnnGeluV2_GeluV2_GeluV2,N/A,N/A,1790932568340750.532	,2288.006,0.000000,0
7,aclnnAddmm_MatMulV3Common_MatMulV3,N/A,N/A,1790932568343038.698	,4355.707,0.244000,0
7,aclnnAdd_AddAiCore_Add,N/A,N/A,1790932568347394.445	,776.996,0.043000,0
7,aclnnInplaceCopy_CastAiCore_Cast,N/A,N/A,1790932568348171.461	,681.933,0.004000,0
7,aclnnMean_ReduceMeanAiCore_ReduceMean,N/A,N/A,1790932568348854.734	,620.413,1.317000,0
7,aclnnSub_SubAiCore_Sub,N/A,N/A,1790932568349475.967	,909.018,0.837000,0
7,aclnnPowTensorScalar_PowsAiCore_Pows,N/A,N/A,1790932568350385.005	,984.740,0.000000,0
7,aclnnMean_ReduceMeanAiCore_ReduceMean,N/A,N/A,1790932568351370.985	,599.932,1.260000,0
7,aclnnAdds_AddAiCore_Add,N/A,N/A,1790932568351971.597	,7.340,0.568000,0
7,aclnnRsqrt_RsqrtAiCore_Rsqrt,N/A,N/A,1790932568351978.957	,8.300,0.160000,0
7,aclnnMul_MulAiCore_Mul,N/A,N/A,1790932568351987.297	,792.456,0.000000,0
7,aclnnInplaceCopy_CastAiCore_Cast,N/A,N/A,1790932568352779.773	,886.678,0.044000,0
7,aclnnMul_MulAiCore_Mul,N/A,N/A,1790932568353666.491	,430.888,0.072000,0
7,aclnnAdd_AddAiCore_Add,N/A,N/A,1790932568354097.399	,434.329,0.112000,0
7,aclnnAddmm_MatMulV3Common_MatMulV3,N/A,N/A,1790932568354531.748	,3112.142,0.000000,0
7,aclnnInplaceCopy_SliceAiCore_Slice,N/A,N/A,1790932568357643.910	,554.991,0.108000,0
7,aclnnInplaceCopy_CastAiCore_Cast,N/A,N/A,1790932568358198.921	,706.794,0.009000,0
7,aclnnMul_MulAiCore_Mul,N/A,N/A,1790932568358905.735	,938.899,0.000000,0
7,aclnnInplaceCopy_SliceAiCore_Slice,N/A,N/A,1790932568359844.674	,520.910,0.101000,0
7,aclnnInplaceCopy_CastAiCore_Cast,N/A,N/A,1790932568360365.604	,704.154,0.000000,0
7,aclnnNeg_SliceAiCore_Slice,N/A,N/A,1790932568361069.778	,895.618,0.096000,0
7,aclnnNeg_NegAiCore_Neg,N/A,N/A,1790932568361965.416	,471.810,0.132000,0
7,aclnnCat_SliceAiCore_Slice,N/A,N/A,1790932568362437.246	,866.937,0.000000,0
7,aclnnCat_ConcatD_ConcatD,N/A,N/A,1790932568363304.203	,963.599,0.063000,0
7,aclnnMul_MulAiCore_Mul,N/A,N/A,1790932568364267.842	,945.839,0.000000,0
7,aclnnAdd_AddAiCore_Add,N/A,N/A,1790932568365213.721	,1602.092,0.161000,0
7,aclnnInplaceCopy_CastAiCore_Cast,N/A,N/A,1790932568366815.833	,788.056,0.000000,0
7,aclnnInplaceCopy_SliceAiCore_Slice,N/A,N/A,1790932568367603.909	,496.930,0.194000,0
7,aclnnInplaceCopy_CastAiCore_Cast,N/A,N/A,1790932568368100.859	,707.994,0.000000,0
7,aclnnMul_MulAiCore_Mul,N/A,N/A,1790932568368808.873	,934.419,0.006000,0
7,aclnnInplaceCopy_SliceAiCore_Slice,N/A,N/A,1790932568369743.312	,522.330,0.081000,0
7,aclnnInplaceCopy_CastAiCore_Cast,N/A,N/A,1790932568370265.662	,704.834,0.170000,0
7,aclnnNeg_SliceAiCore_Slice,N/A,N/A,1790932568370970.516	,891.178,0.000000,0
7,aclnnNeg_NegAiCore_Neg,N/A,N/A,1790932568371861.714	,475.190,0.072000,0
7,aclnnCat_SliceAiCore_Slice,N/A,N/A,1790932568372336.924	,863.377,0.060000,0
7,aclnnCat_ConcatD_ConcatD,N/A,N/A,1790932568373200.321	,956.659,0.000000,0
7,aclnnMul_MulAiCore_Mul,N/A,N/A,1790932568374157.000	,952.559,0.091000,0
7,aclnnAdd_AddAiCore_Add,N/A,N/A,1790932568375109.579	,1594.472,0.000000,0
7,aclnnInplaceCopy_CastAiCore_Cast,N/A,N/A,1790932568376704.071	,789.576,0.028000,0
7,aclnnInplaceCopy_TransposeAiCore_Transpose,N/A,N/A,1790932568377493.667	,567.051,0.174000,0
7,aclnnInplaceCopy_TransposeAiCore_Transpose,N/A,N/A,1790932568378060.738	,591.232,0.000000,0
7,aclnnInplaceCopy_AsStridedAiCore_AsStrided,N/A,N/A,1790932568378652.010	,798.816,0.018000,0
7,InnerPromptFlashAttention_PromptFlashAttention_PromptFlashAttention,N/A,N/A,1790932568379451.866	,39309.645,0.934000,0
7,aclnnInplaceCopy_TransposeAiCore_Transpose,N/A,N/A,1790932568418762.411	,793.376,1.105000,0
7,aclnnAddmm_MatMulV3Common_MatMulV3,N/A,N/A,1790932568419555.807	,1174.243,0.000000,0
7,aclnnAdd_AddAiCore_Add,N/A,N/A,1790932568420730.070	,821.117,0.007000,0
7,aclnnInplaceCopy_CastAiCore_Cast,N/A,N/A,1790932568421551.227	,683.934,0.133000,0
7,aclnnMean_ReduceMeanAiCore_ReduceMean,N/A,N/A,1790932568422236.181	,621.592,1.066000,0
7,aclnnSub_SubAiCore_Sub,N/A,N/A,1790932568422858.673	,908.538,0.908000,0
7,aclnnPowTensorScalar_PowsAiCore_Pows,N/A,N/A,1790932568423767.231	,985.780,0.000000,0
7,aclnnMean_ReduceMeanAiCore_ReduceMean,N/A,N/A,1790932568424754.231	,600.352,1.220000,0
7,aclnnAdds_AddAiCore_Add,N/A,N/A,1790932568425355.223	,7.280,0.648000,0
7,aclnnRsqrt_RsqrtAiCore_Rsqrt,N/A,N/A,1790932568425362.523	,8.400,0.000000,0
7,aclnnMul_MulAiCore_Mul,N/A,N/A,1790932568425370.943	,790.876,0.100000,0
7,aclnnInplaceCopy_CastAiCore_Cast,N/A,N/A,1790932568426161.839	,889.238,0.000000,0
7,aclnnMul_MulAiCore_Mul,N/A,N/A,1790932568427051.097	,431.428,0.012000,0
7,aclnnAdd_AddAiCore_Add,N/A,N/A,1790932568427482.545	,428.949,0.072000,0
7,aclnnAddmm_MatMulV3Common_MatMulV3,N/A,N/A,1790932568427911.514	,4052.801,0.051000,0
7,aclnnGeluV2_GeluV2_GeluV2,N/A,N/A,1790932568431964.355	,2288.886,0.000000,0
7,aclnnAddmm_MatMulV3Common_MatMulV3,N/A,N/A,1790932568434253.381	,4354.607,0.364000,0
7,aclnnAdd_AddAiCore_Add,N/A,N/A,1790932568438608.008	,778.215,0.000000,0
7,aclnnInplaceCopy_CastAiCore_Cast,N/A,N/A,1790932568439386.243	,687.374,0.035000,0
7,aclnnMean_ReduceMeanAiCore_ReduceMean,N/A,N/A,1790932568440074.657	,621.752,1.126000,0
7,aclnnSub_SubAiCore_Sub,N/A,N/A,1790932568440697.569	,913.079,0.998000,0
7,aclnnPowTensorScalar_PowsAiCore_Pows,N/A,N/A,1790932568441610.668	,984.179,0.171000,0
7,aclnnMean_ReduceMeanAiCore_ReduceMean,N/A,N/A,1790932568442596.207	,596.732,1.321000,0
7,aclnnAdds_AddAiCore_Add,N/A,N/A,1790932568443193.819	,6.800,0.768000,0
7,aclnnRsqrt_RsqrtAiCore_Rsqrt,N/A,N/A,1790932568443200.659	,8.421,0.200000,0
7,aclnnMul_MulAiCore_Mul,N/A,N/A,1790932568443209.100	,795.876,0.000000,0
7,aclnnInplaceCopy_CastAiCore_Cast,N/A,N/A,1790932568444004.996	,886.977,0.124000,0
7,aclnnMul_MulAiCore_Mul,N/A,N/A,1790932568444891.993	,431.809,0.023000,0
7,aclnnAdd_AddAiCore_Add,N/A,N/A,1790932568445323.822	,429.328,0.000000,0
7,aclnnAddmm_MatMulV3Common_MatMulV3,N/A,N/A,1790932568445753.170	,3096.282,0.172000,0
7,aclnnInplaceCopy_SliceAiCore_Slice,N/A,N/A,1790932568448849.472	,551.171,0.000000,0
7,aclnnInplaceCopy_CastAiCore_Cast,N/A,N/A,1790932568449400.663	,706.694,0.079000,0
7,aclnnMul_MulAiCore_Mul,N/A,N/A,1790932568450107.377	,939.939,0.056000,0
7,aclnnInplaceCopy_SliceAiCore_Slice,N/A,N/A,1790932568451047.336	,521.711,0.000000,0
7,aclnnInplaceCopy_CastAiCore_Cast,N/A,N/A,1790932568451569.067	,705.354,0.039000,0
7,aclnnNeg_SliceAiCore_Slice,N/A,N/A,1790932568452274.441	,891.578,0.146000,0
7,aclnnNeg_NegAiCore_Neg,N/A,N/A,1790932568453166.039	,472.009,0.000000,0
7,aclnnCat_SliceAiCore_Slice,N/A,N/A,1790932568453638.068	,869.337,0.000000,0
7,aclnnCat_ConcatD_ConcatD,N/A,N/A,1790932568454507.425	,963.620,0.163000,0
7,aclnnMul_MulAiCore_Mul,N/A,N/A,1790932568455471.085	,950.439,0.000000,0
7,aclnnAdd_AddAiCore_Add,N/A,N/A,1790932568456421.544	,1599.252,0.061000,0
7,aclnnInplaceCopy_CastAiCore_Cast,N/A,N/A,1790932568458020.816	,787.235,0.000000,0
7,aclnnInplaceCopy_SliceAiCore_Slice,N/A,N/A,1790932568458808.091	,496.790,0.015000,0
7,aclnnInplaceCopy_CastAiCore_Cast,N/A,N/A,1790932568459304.901	,708.594,0.210000,0
7,aclnnMul_MulAiCore_Mul,N/A,N/A,1790932568460013.515	,934.439,0.000000,0
7,aclnnInplaceCopy_SliceAiCore_Slice,N/A,N/A,1790932568460947.994	,522.790,0.061000,0
7,aclnnInplaceCopy_CastAiCore_Cast,N/A,N/A,1790932568461470.804	,706.395,0.000000,0
7,aclnnNeg_SliceAiCore_Slice,N/A,N/A,1790932568462177.219	,890.257,0.105000,0
7,aclnnNeg_NegAiCore_Neg,N/A,N/A,1790932568463067.496	,475.790,0.000000,0
7,aclnnCat_SliceAiCore_Slice,N/A,N/A,1790932568463543.306	,867.057,0.000000,0
7,aclnnCat_ConcatD_ConcatD,N/A,N/A,1790932568464410.403	,957.039,0.193000,0
7,aclnnMul_MulAiCore_Mul,N/A,N/A,1790932568465367.462	,948.459,0.000000,0
7,aclnnAdd_AddAiCore_Add,N/A,N/A,1790932568466315.941	,1600.432,0.041000,0
7,aclnnInplaceCopy_CastAiCore_Cast,N/A,N/A,1790932568467916.393	,790.756,0.068000,0
7,aclnnInplaceCopy_TransposeAiCore_Transpose,N/A,N/A,1790932568468707.189	,578.012,0.000000,0
7,aclnnInplaceCopy_TransposeAiCore_Transpose,N/A,N/A,1790932568469285.221	,600.452,0.000000,0
7,aclnnInplaceCopy_AsStridedAiCore_AsStrided,N/A,N/A,1790932568469885.693	,801.316,0.048000,0
7,InnerPromptFlashAttention_PromptFlashAttention_PromptFlashAttention,N/A,N/A,1790932568470688.269	,39814.675,1.184000,0
7,aclnnInplaceCopy_TransposeAiCore_Transpose,N/A,N/A,1790932568510504.004	,788.176,1.075000,0
7,aclnnAddmm_MatMulV3Common_MatMulV3,N/A,N/A,1790932568511292.200	,1199.744,0.074000,0
7,aclnnAdd_AddAiCore_Add,N/A,N/A,1790932568512491.964	,819.816,0.006000,0
7,aclnnInplaceCopy_CastAiCore_Cast,N/A,N/A,1790932568513311.800	,681.974,0.000000,0
7,aclnnMean_ReduceMeanAiCore_ReduceMean,N/A,N/A,1790932568513994.794	,623.952,1.026000,0
7,aclnnSub_SubAiCore_Sub,N/A,N/A,1790932568514619.566	,914.439,0.798000,0
7,aclnnPowTensorScalar_PowsAiCore_Pows,N/A,N/A,1790932568515534.025	,986.539,0.061000,0
7,aclnnMean_ReduceMeanAiCore_ReduceMean,N/A,N/A,1790932568516521.704	,599.932,1.211000,0
7,aclnnAdds_AddAiCore_Add,N/A,N/A,1790932568517122.356	,6.701,0.568000,0
7,aclnnRsqrt_RsqrtAiCore_Rsqrt,N/A,N/A,1790932568517129.077	,8.260,0.049000,0
7,aclnnMul_MulAiCore_Mul,N/A,N/A,1790932568517137.357	,795.856,0.000000,0
7,aclnnInplaceCopy_CastAiCore_Cast,N/A,N/A,1790932568517933.233	,885.917,0.144000,0
7,aclnnMul_MulAiCore_Mul,N/A,N/A,1790932568518819.170	,431.809,0.083000,0
7,aclnnAdd_AddAiCore_Add,N/A,N/A,1790932568519250.999	,431.449,0.000000,0
7,aclnnAddmm_MatMulV3Common_MatMulV3,N/A,N/A,1790932568519682.488	,4061.421,0.051000,0
7,aclnnGeluV2_GeluV2_GeluV2,N/A,N/A,1790932568523743.929	,2291.585,0.079000,0
7,aclnnAddmm_MatMulV3Common_MatMulV3,N/A,N/A,1790932568526035.534	,4353.867,0.000000,0
7,aclnnAdd_AddAiCore_Add,N/A,N/A,1790932568530389.421	,781.736,0.133000,0
7,aclnnInplaceCopy_CastAiCore_Cast,N/A,N/A,1790932568531171.197	,685.114,0.014000,0
7,aclnnMean_ReduceMeanAiCore_ReduceMean,N/A,N/A,1790932568531857.691	,624.512,1.386000,0
7,aclnnSub_SubAiCore_Sub,N/A,N/A,1790932568532483.343	,908.878,0.988000,0
7,aclnnPowTensorScalar_PowsAiCore_Pows,N/A,N/A,1790932568533392.261	,986.280,0.122000,0
7,aclnnMean_ReduceMeanAiCore_ReduceMean,N/A,N/A,1790932568534379.921	,598.312,1.470000,0
7,aclnnAdds_AddAiCore_Add,N/A,N/A,1790932568534979.193	,6.880,0.938000,0
7,aclnnRsqrt_RsqrtAiCore_Rsqrt,N/A,N/A,1790932568534986.093	,8.420,0.000000,0
7,aclnnMul_MulAiCore_Mul,N/A,N/A,1790932568534994.533	,800.836,0.080000,0
7,aclnnInplaceCopy_CastAiCore_Cast,N/A,N/A,1790932568535795.389	,884.938,0.164000,0
7,aclnnMul_MulAiCore_Mul,N/A,N/A,1790932568536680.347	,433.449,0.000000,0
7,aclnnAdd_AddAiCore_Add,N/A,N/A,1790932568537113.816	,433.148,0.051000,0
7,aclnnAddmm_MatMulV3Common_MatMulV3,N/A,N/A,1790932568537546.984	,3101.622,0.102000,0
7,aclnnInplaceCopy_SliceAiCore_Slice,N/A,N/A,1790932568540648.626	,549.691,0.128000,0
7,aclnnInplaceCopy_CastAiCore_Cast,N/A,N/A,1790932568541198.357	,706.555,0.000000,0
7,aclnnMul_MulAiCore_Mul,N/A,N/A,1790932568541904.932	,942.358,0.195000,0
7,aclnnInplaceCopy_SliceAiCore_Slice,N/A,N/A,1790932568542847.310	,520.491,0.000000,0
7,aclnnInplaceCopy_CastAiCore_Cast,N/A,N/A,1790932568543367.821	,702.814,0.009000,0
7,aclnnNeg_SliceAiCore_Slice,N/A,N/A,1790932568544070.675	,894.798,0.186000,0
7,aclnnNeg_NegAiCore_Neg,N/A,N/A,1790932568544965.493	,472.169,0.000000,0
7,aclnnCat_SliceAiCore_Slice,N/A,N/A,1790932568545437.682	,866.397,0.081000,0
7,aclnnCat_ConcatD_ConcatD,N/A,N/A,1790932568546304.099	,964.980,0.000000,0
7,aclnnMul_MulAiCore_Mul,N/A,N/A,1790932568547269.099	,945.759,0.020000,0
7,aclnnAdd_AddAiCore_Add,N/A,N/A,1790932568548214.878	,1604.232,0.241000,0
7,aclnnInplaceCopy_CastAiCore_Cast,N/A,N/A,1790932568549819.150	,786.955,0.018000,0
7,aclnnInplaceCopy_SliceAiCore_Slice,N/A,N/A,1790932568550606.125	,500.310,0.000000,0
7,aclnnInplaceCopy_CastAiCore_Cast,N/A,N/A,1790932568551106.475	,706.515,0.190000,0
7,aclnnMul_MulAiCore_Mul,N/A,N/A,1790932568551813.010	,933.138,0.000000,0
7,aclnnInplaceCopy_SliceAiCore_Slice,N/A,N/A,1790932568552746.168	,524.151,0.112000,0
7,aclnnInplaceCopy_CastAiCore_Cast,N/A,N/A,1790932568553270.359	,703.454,0.000000,0
7,aclnnNeg_SliceAiCore_Slice,N/A,N/A,1790932568553973.833	,891.097,0.046000,0
7,aclnnNeg_NegAiCore_Neg,N/A,N/A,1790932568554864.950	,476.250,0.153000,0
7,aclnnCat_SliceAiCore_Slice,N/A,N/A,1790932568555341.220	,867.077,0.000000,0
7,aclnnCat_ConcatD_ConcatD,N/A,N/A,1790932568556208.337	,958.499,0.000000,0
7,aclnnMul_MulAiCore_Mul,N/A,N/A,1790932568557166.856	,952.560,0.001000,0
7,aclnnAdd_AddAiCore_Add,N/A,N/A,1790932568558119.456	,1599.791,0.190000,0
7,aclnnInplaceCopy_CastAiCore_Cast,N/A,N/A,1790932568559719.267	,791.556,0.000000,0
7,aclnnInplaceCopy_TransposeAiCore_Transpose,N/A,N/A,1790932568560510.843	,566.172,0.000000,0
7,aclnnInplaceCopy_TransposeAiCore_Transpose,N/A,N/A,1790932568561077.035	,589.871,0.078000,0
7,aclnnInplaceCopy_AsStridedAiCore_AsStrided,N/A,N/A,1790932568561666.926	,798.936,0.129000,0
7,InnerPromptFlashAttention_PromptFlashAttention_PromptFlashAttention,N/A,N/A,1790932568562466.802	,39830.316,0.814000,0
7,aclnnInplaceCopy_TransposeAiCore_Transpose,N/A,N/A,1790932568602298.438	,807.056,1.434000,0
7,aclnnAddmm_MatMulV3Common_MatMulV3,N/A,N/A,1790932568603105.514	,1165.344,0.000000,0
7,aclnnAdd_AddAiCore_Add,N/A,N/A,1790932568604270.878	,823.176,0.156000,0
7,aclnnInplaceCopy_CastAiCore_Cast,N/A,N/A,1790932568605094.074	,681.734,0.000000,0
7,aclnnMean_ReduceMeanAiCore_ReduceMean,N/A,N/A,1790932568605777.208	,634.772,1.516000,0
7,aclnnSub_SubAiCore_Sub,N/A,N/A,1790932568606412.840	,909.739,0.728000,0
7,aclnnPowTensorScalar_PowsAiCore_Pows,N/A,N/A,1790932568607322.599	,987.919,0.011000,0
7,aclnnMean_ReduceMeanAiCore_ReduceMean,N/A,N/A,1790932568608311.598	,598.872,1.081000,0
7,aclnnAdds_AddAiCore_Add,N/A,N/A,1790932568608911.410	,7.260,1.128000,0
7,aclnnRsqrt_RsqrtAiCore_Rsqrt,N/A,N/A,1790932568608918.690	,8.481,0.000000,0
7,aclnnMul_MulAiCore_Mul,N/A,N/A,1790932568608927.191	,795.556,0.019000,0
7,aclnnInplaceCopy_CastAiCore_Cast,N/A,N/A,1790932568609722.767	,885.677,0.000000,0
7,aclnnMul_MulAiCore_Mul,N/A,N/A,1790932568610608.464	,431.469,0.073000,0
7,aclnnAdd_AddAiCore_Add,N/A,N/A,1790932568611039.953	,430.908,0.031000,0
7,aclnnAddmm_MatMulV3Common_MatMulV3,N/A,N/A,1790932568611470.881	,4056.322,0.092000,0
7,aclnnGeluV2_GeluV2_GeluV2,N/A,N/A,1790932568615527.223	,2293.085,0.000000,0
7,aclnnAddmm_MatMulV3Common_MatMulV3,N/A,N/A,1790932568617820.328	,4364.868,0.000000,0
7,aclnnAdd_AddAiCore_Add,N/A,N/A,1790932568622185.216	,777.055,0.132000,0
7,aclnnInplaceCopy_CastAiCore_Cast,N/A,N/A,1790932568622962.291	,685.674,0.000000,0
7,aclnnMean_ReduceMeanAiCore_ReduceMean,N/A,N/A,1790932568623648.885	,621.512,1.076000,0
7,aclnnSub_SubAiCore_Sub,N/A,N/A,1790932568624271.297	,908.898,0.738000,0
7,aclnnPowTensorScalar_PowsAiCore_Pows,N/A,N/A,1790932568625180.215	,986.720,0.102000,0
7,aclnnMean_ReduceMeanAiCore_ReduceMean,N/A,N/A,1790932568626168.095	,599.112,1.030000,0
7,aclnnAdds_AddAiCore_Add,N/A,N/A,1790932568626768.047	,6.940,0.888000,0
7,aclnnRsqrt_RsqrtAiCore_Rsqrt,N/A,N/A,1790932568626775.007	,8.360,0.060000,0
7,aclnnMul_MulAiCore_Mul,N/A,N/A,1790932568626783.387	,801.116,0.140000,0
7,aclnnInplaceCopy_CastAiCore_Cast,N/A,N/A,1790932568627584.523	,886.218,0.000000,0
7,aclnnMul_MulAiCore_Mul,N/A,N/A,1790932568628470.761	,429.649,0.032000,0
7,aclnnAdd_AddAiCore_Add,N/A,N/A,1790932568628900.430	,430.868,0.101000,0
7,aclnnAddmm_MatMulV3Common_MatMulV3,N/A,N/A,1790932568629331.318	,3110.202,0.000000,0
7,aclnnInplaceCopy_SliceAiCore_Slice,N/A,N/A,1790932568632441.540	,550.071,0.048000,0
7,aclnnInplaceCopy_CastAiCore_Cast,N/A,N/A,1790932568632991.631	,707.895,0.179000,0
7,aclnnMul_MulAiCore_Mul,N/A,N/A,1790932568633699.546	,941.358,0.000000,0
7,aclnnInplaceCopy_SliceAiCore_Slice,N/A,N/A,1790932568634640.924	,522.171,0.142000,0
7,aclnnInplaceCopy_CastAiCore_Cast,N/A,N/A,1790932568635163.115	,704.834,0.000000,0
7,aclnnNeg_SliceAiCore_Slice,N/A,N/A,1790932568635867.969	,892.778,0.166000,0
7,aclnnNeg_NegAiCore_Neg,N/A,N/A,1790932568636760.767	,472.709,0.000000,0
7,aclnnCat_SliceAiCore_Slice,N/A,N/A,1790932568637233.496	,865.357,0.041000,0
7,aclnnCat_ConcatD_ConcatD,N/A,N/A,1790932568638098.873	,963.400,0.000000,0
7,aclnnMul_MulAiCore_Mul,N/A,N/A,1790932568639062.293	,948.159,0.100000,0
7,aclnnAdd_AddAiCore_Add,N/A,N/A,1790932568640010.472	,1598.832,0.091000,0
7,aclnnInplaceCopy_CastAiCore_Cast,N/A,N/A,1790932568641609.324	,789.015,0.000000,0
7,aclnnInplaceCopy_SliceAiCore_Slice,N/A,N/A,1790932568642398.359	,495.810,0.000000,0
7,aclnnInplaceCopy_CastAiCore_Cast,N/A,N/A,1790932568642894.189	,708.094,0.190000,0
7,aclnnMul_MulAiCore_Mul,N/A,N/A,1790932568643602.303	,933.779,0.000000,0
7,aclnnInplaceCopy_SliceAiCore_Slice,N/A,N/A,1790932568644536.102	,525.931,0.000000,0
7,aclnnInplaceCopy_CastAiCore_Cast,N/A,N/A,1790932568645062.053	,705.894,0.069000,0
7,aclnnNeg_SliceAiCore_Slice,N/A,N/A,1790932568645767.967	,891.878,0.106000,0
7,aclnnNeg_NegAiCore_Neg,N/A,N/A,1790932568646659.865	,475.709,0.000000,0
7,aclnnCat_SliceAiCore_Slice,N/A,N/A,1790932568647135.594	,863.877,0.041000,0
7,aclnnCat_ConcatD_ConcatD,N/A,N/A,1790932568647999.491	,956.739,0.123000,0
7,aclnnMul_MulAiCore_Mul,N/A,N/A,1790932568648956.270	,949.099,0.011000,0
7,aclnnAdd_AddAiCore_Add,N/A,N/A,1790932568649905.389	,1599.272,0.151000,0
7,aclnnInplaceCopy_CastAiCore_Cast,N/A,N/A,1790932568651504.681	,789.356,0.000000,0
7,aclnnInplaceCopy_TransposeAiCore_Transpose,N/A,N/A,1790932568652294.057	,572.832,0.000000,0
7,aclnnInplaceCopy_TransposeAiCore_Transpose,N/A,N/A,1790932568652866.929	,592.451,0.168000,0
7,aclnnInplaceCopy_AsStridedAiCore_AsStrided,N/A,N/A,1790932568653459.400	,797.116,0.049000,0
7,InnerPromptFlashAttention_PromptFlashAttention_PromptFlashAttention,N/A,N/A,1790932568654257.656	,39808.436,1.134000,0
7,aclnnInplaceCopy_TransposeAiCore_Transpose,N/A,N/A,1790932568694066.932	,791.556,0.814000,0
7,aclnnAddmm_MatMulV3Common_MatMulV3,N/A,N/A,1790932568694858.508	,1161.023,0.000000,0
7,aclnnAdd_AddAiCore_Add,N/A,N/A,1790932568696019.551	,820.136,0.000000,0
7,aclnnInplaceCopy_CastAiCore_Cast,N/A,N/A,1790932568696839.727	,682.094,0.114000,0
7,aclnnMean_ReduceMeanAiCore_ReduceMean,N/A,N/A,1790932568697523.221	,620.292,1.406000,0
7,aclnnSub_SubAiCore_Sub,N/A,N/A,1790932568698144.493	,911.758,0.958000,0
7,aclnnPowTensorScalar_PowsAiCore_Pows,N/A,N/A,1790932568699056.271	,990.080,0.000000,0
7,aclnnMean_ReduceMeanAiCore_ReduceMean,N/A,N/A,1790932568700047.291	,596.512,0.920000,0
7,aclnnAdds_AddAiCore_Add,N/A,N/A,1790932568700644.883	,6.720,1.238000,0
7,aclnnRsqrt_RsqrtAiCore_Rsqrt,N/A,N/A,1790932568700651.643	,8.240,0.030000,0
7,aclnnMul_MulAiCore_Mul,N/A,N/A,1790932568700659.903	,795.716,0.010000,0
7,aclnnInplaceCopy_CastAiCore_Cast,N/A,N/A,1790932568701455.659	,885.798,0.034000,0
7,aclnnMul_MulAiCore_Mul,N/A,N/A,1790932568702341.477	,429.449,0.000000,0
7,aclnnAdd_AddAiCore_Add,N/A,N/A,1790932568702770.966	,428.508,0.051000,0
7,aclnnAddmm_MatMulV3Common_MatMulV3,N/A,N/A,1790932568703199.494	,4055.541,0.000000,0
7,aclnnGeluV2_GeluV2_GeluV2,N/A,N/A,1790932568707255.055	,2290.046,0.000000,0
7,aclnnAddmm_MatMulV3Common_MatMulV3,N/A,N/A,1790932568709545.261	,4355.047,0.204000,0
7,aclnnAdd_AddAiCore_Add,N/A,N/A,1790932568713900.328	,775.796,0.000000,0
7,aclnnInplaceCopy_CastAiCore_Cast,N/A,N/A,1790932568714676.144	,681.493,0.204000,0
7,aclnnMean_ReduceMeanAiCore_ReduceMean,N/A,N/A,1790932568715358.677	,622.293,1.007000,0
7,aclnnSub_SubAiCore_Sub,N/A,N/A,1790932568715981.830	,904.558,0.707000,0
7,aclnnPowTensorScalar_PowsAiCore_Pows,N/A,N/A,1790932568716886.408	,988.419,0.192000,0
7,aclnnMean_ReduceMeanAiCore_ReduceMean,N/A,N/A,1790932568717875.727	,597.792,0.831000,0
7,aclnnAdds_AddAiCore_Add,N/A,N/A,1790932568718474.559	,6.701,0.958000,0
7,aclnnRsqrt_RsqrtAiCore_Rsqrt,N/A,N/A,1790932568718481.280	,8.240,0.049000,0
7,aclnnMul_MulAiCore_Mul,N/A,N/A,1790932568718489.540	,802.616,0.010000,0
7,aclnnInplaceCopy_CastAiCore_Cast,N/A,N/A,1790932568719292.196	,886.597,0.134000,0
7,aclnnMul_MulAiCore_Mul,N/A,N/A,1790932568720178.813	,432.709,0.000000,0
7,aclnnAdd_AddAiCore_Add,N/A,N/A,1790932568720611.562	,430.549,0.041000,0
7,aclnnAddmm_MatMulV3Common_MatMulV3,N/A,N/A,1790932568721042.131	,3115.882,0.201000,0
7,aclnnInplaceCopy_SliceAiCore_Slice,N/A,N/A,1790932568724158.033	,551.571,0.000000,0
7,aclnnInplaceCopy_CastAiCore_Cast,N/A,N/A,1790932568724709.624	,709.594,0.000000,0
7,aclnnMul_MulAiCore_Mul,N/A,N/A,1790932568725419.258	,942.879,0.156000,0
7,aclnnInplaceCopy_SliceAiCore_Slice,N/A,N/A,1790932568726362.157	,521.930,0.121000,0
7,aclnnInplaceCopy_CastAiCore_Cast,N/A,N/A,1790932568726884.107	,708.875,0.000000,0
7,aclnnNeg_SliceAiCore_Slice,N/A,N/A,1790932568727593.002	,895.477,0.125000,0
7,aclnnNeg_NegAiCore_Neg,N/A,N/A,1790932568728488.499	,471.730,0.023000,0
7,aclnnCat_SliceAiCore_Slice,N/A,N/A,1790932568728960.249	,869.837,0.020000,0
7,aclnnCat_ConcatD_ConcatD,N/A,N/A,1790932568729830.106	,965.500,0.000000,0
7,aclnnMul_MulAiCore_Mul,N/A,N/A,1790932568730795.626	,948.779,0.250000,0
7,aclnnAdd_AddAiCore_Add,N/A,N/A,1790932568731744.425	,1602.332,0.000000,0
7,aclnnInplaceCopy_CastAiCore_Cast,N/A,N/A,1790932568733346.777	,789.175,0.000000,0
7,aclnnInplaceCopy_SliceAiCore_Slice,N/A,N/A,1790932568734135.972	,496.410,0.075000,0
7,aclnnInplaceCopy_CastAiCore_Cast,N/A,N/A,1790932568734632.402	,709.254,0.090000,0
7,aclnnMul_MulAiCore_Mul,N/A,N/A,1790932568735341.696	,931.199,0.000000,0
7,aclnnInplaceCopy_SliceAiCore_Slice,N/A,N/A,1790932568736272.915	,523.510,0.051000,0
7,aclnnInplaceCopy_CastAiCore_Cast,N/A,N/A,1790932568736796.445	,707.055,0.000000,0
7,aclnnNeg_SliceAiCore_Slice,N/A,N/A,1790932568737503.520	,892.297,0.000000,0
7,aclnnNeg_NegAiCore_Neg,N/A,N/A,1790932568738395.857	,475.290,0.000000,0
7,aclnnCat_SliceAiCore_Slice,N/A,N/A,1790932568738871.167	,866.957,0.210000,0
7,aclnnCat_ConcatD_ConcatD,N/A,N/A,1790932568739738.144	,960.819,0.043000,0
7,aclnnMul_MulAiCore_Mul,N/A,N/A,1790932568740698.983	,952.659,0.000000,0
7,aclnnAdd_AddAiCore_Add,N/A,N/A,1790932568741651.682	,1600.532,0.091000,0
7,aclnnInplaceCopy_CastAiCore_Cast,N/A,N/A,1790932568743252.234	,790.296,0.000000,0
7,aclnnInplaceCopy_TransposeAiCore_Transpose,N/A,N/A,1790932568744042.570	,566.432,0.000000,0
7,aclnnInplaceCopy_TransposeAiCore_Transpose,N/A,N/A,1790932568744609.042	,589.251,0.068000,0
7,aclnnInplaceCopy_AsStridedAiCore_AsStrided,N/A,N/A,1790932568745198.333	,803.956,0.000000,0
7,InnerPromptFlashAttention_PromptFlashAttention_PromptFlashAttention,N/A,N/A,1790932568746003.309	,39763.075,1.044000,0
7,aclnnInplaceCopy_TransposeAiCore_Transpose,N/A,N/A,1790932568785767.364	,802.576,0.925000,0
7,aclnnAddmm_MatMulV3Common_MatMulV3,N/A,N/A,1790932568786569.960	,1171.063,0.174000,0
7,aclnnAdd_AddAiCore_Add,N/A,N/A,1790932568787741.043	,817.617,0.000000,0
7,aclnnInplaceCopy_CastAiCore_Cast,N/A,N/A,1790932568788558.680	,682.933,0.133000,0
7,aclnnMean_ReduceMeanAiCore_ReduceMean,N/A,N/A,1790932568789242.653	,621.473,1.067000,0
7,aclnnSub_SubAiCore_Sub,N/A,N/A,1790932568789865.166	,911.478,1.027000,0
7,aclnnPowTensorScalar_PowsAiCore_Pows,N/A,N/A,1790932568790776.664	,988.460,0.022000,0
7,aclnnMean_ReduceMeanAiCore_ReduceMean,N/A,N/A,1790932568791766.484	,594.632,1.290000,0
7,aclnnAdds_AddAiCore_Add,N/A,N/A,1790932568792362.116	,7.200,0.868000,0
7,aclnnRsqrt_RsqrtAiCore_Rsqrt,N/A,N/A,1790932568792369.336	,8.360,0.050000,0
7,aclnnMul_MulAiCore_Mul,N/A,N/A,1790932568792377.716	,797.256,0.140000,0
7,aclnnInplaceCopy_CastAiCore_Cast,N/A,N/A,1790932568793174.992	,887.198,0.000000,0
7,aclnnMul_MulAiCore_Mul,N/A,N/A,1790932568794062.210	,430.728,0.052000,0
7,aclnnAdd_AddAiCore_Add,N/A,N/A,1790932568794492.958	,433.289,0.022000,0
7,aclnnAddmm_MatMulV3Common_MatMulV3,N/A,N/A,1790932568794926.267	,4085.902,0.000000,0
7,aclnnGeluV2_GeluV2_GeluV2,N/A,N/A,1790932568799012.189	,2291.965,0.098000,0
7,aclnnAddmm_MatMulV3Common_MatMulV3,N/A,N/A,1790932568801304.314	,4347.967,0.035000,0
7,aclnnAdd_AddAiCore_Add,N/A,N/A,1790932568805652.301	,776.376,0.033000,0
7,aclnnInplaceCopy_CastAiCore_Cast,N/A,N/A,1790932568806428.697	,684.653,0.124000,0
7,aclnnMean_ReduceMeanAiCore_ReduceMean,N/A,N/A,1790932568807114.490	,624.793,1.097000,0
7,aclnnSub_SubAiCore_Sub,N/A,N/A,1790932568807740.023	,909.658,0.707000,0
7,aclnnPowTensorScalar_PowsAiCore_Pows,N/A,N/A,1790932568808649.701	,986.320,0.092000,0
7,aclnnMean_ReduceMeanAiCore_ReduceMean,N/A,N/A,1790932568809637.481	,599.032,1.430000,0
7,aclnnAdds_AddAiCore_Add,N/A,N/A,1790932568810237.273	,6.940,0.718000,0
7,aclnnRsqrt_RsqrtAiCore_Rsqrt,N/A,N/A,1790932568810244.233	,8.320,0.060000,0
7,aclnnMul_MulAiCore_Mul,N/A,N/A,1790932568810252.593	,794.116,0.000000,0
7,aclnnInplaceCopy_CastAiCore_Cast,N/A,N/A,1790932568811046.729	,885.938,0.134000,0
7,aclnnMul_MulAiCore_Mul,N/A,N/A,1790932568811932.687	,431.668,0.062000,0
7,aclnnAdd_AddAiCore_Add,N/A,N/A,1790932568812364.395	,431.689,0.082000,0
7,aclnnAddmm_MatMulV3Common_MatMulV3,N/A,N/A,1790932568812796.104	,3096.002,0.000000,0
7,aclnnInplaceCopy_SliceAiCore_Slice,N/A,N/A,1790932568815892.126	,550.971,0.248000,0
7,aclnnInplaceCopy_CastAiCore_Cast,N/A,N/A,1790932568816443.117	,705.574,0.000000,0
7,aclnnMul_MulAiCore_Mul,N/A,N/A,1790932568817148.711	,939.699,0.176000,0
7,aclnnInplaceCopy_SliceAiCore_Slice,N/A,N/A,1790932568818088.450	,520.970,0.051000,0
7,aclnnInplaceCopy_CastAiCore_Cast,N/A,N/A,1790932568818609.440	,704.634,0.030000,0
7,aclnnNeg_SliceAiCore_Slice,N/A,N/A,1790932568819314.114	,892.438,0.000000,0
7,aclnnNeg_NegAiCore_Neg,N/A,N/A,1790932568820206.572	,472.729,0.062000,0
7,aclnnCat_SliceAiCore_Slice,N/A,N/A,1790932568820679.321	,867.438,0.021000,0
7,aclnnCat_ConcatD_ConcatD,N/A,N/A,1790932568821546.799	,966.199,0.062000,0
7,aclnnMul_MulAiCore_Mul,N/A,N/A,1790932568822513.018	,944.339,0.051000,0
7,aclnnAdd_AddAiCore_Add,N/A,N/A,1790932568823457.377	,1602.292,0.161000,0
7,aclnnInplaceCopy_CastAiCore_Cast,N/A,N/A,1790932568825059.689	,786.616,0.000000,0
7,aclnnInplaceCopy_SliceAiCore_Slice,N/A,N/A,1790932568825846.325	,497.390,0.000000,0
7,aclnnInplaceCopy_CastAiCore_Cast,N/A,N/A,1790932568826343.735	,711.074,0.110000,0
7,aclnnMul_MulAiCore_Mul,N/A,N/A,1790932568827054.829	,936.999,0.000000,0
7,aclnnInplaceCopy_SliceAiCore_Slice,N/A,N/A,1790932568827991.848	,523.650,0.001000,0
7,aclnnInplaceCopy_CastAiCore_Cast,N/A,N/A,1790932568828515.518	,704.614,0.100000,0
7,aclnnNeg_SliceAiCore_Slice,N/A,N/A,1790932568829220.172	,892.738,0.136000,0
7,aclnnNeg_NegAiCore_Neg,N/A,N/A,1790932568830112.930	,475.009,0.012000,0
7,aclnnCat_SliceAiCore_Slice,N/A,N/A,1790932568830587.959	,867.798,0.000000,0
7,aclnnCat_ConcatD_ConcatD,N/A,N/A,1790932568831455.777	,956.599,0.000000,0
7,aclnnMul_MulAiCore_Mul,N/A,N/A,1790932568832412.396	,946.199,0.151000,0
7,aclnnAdd_AddAiCore_Add,N/A,N/A,1790932568833358.615	,1597.912,0.000000,0
7,aclnnInplaceCopy_CastAiCore_Cast,N/A,N/A,1790932568834956.547	,792.136,0.088000,0
7,aclnnInplaceCopy_TransposeAiCore_Transpose,N/A,N/A,1790932568835748.703	,576.111,0.114000,0
7,aclnnInplaceCopy_TransposeAiCore_Transpose,N/A,N/A,1790932568836324.834	,597.092,0.000000,0
7,aclnnInplaceCopy_AsStridedAiCore_AsStrided,N/A,N/A,1790932568836921.946	,804.496,0.158000,0
7,InnerPromptFlashAttention_PromptFlashAttention_PromptFlashAttention,N/A,N/A,1790932568837727.482	,39753.254,1.004000,0
7,aclnnInplaceCopy_TransposeAiCore_Transpose,N/A,N/A,1790932568877482.016	,798.516,1.246000,0
7,aclnnAddmm_MatMulV3Common_MatMulV3,N/A,N/A,1790932568878280.572	,1162.844,0.000000,0
7,aclnnAdd_AddAiCore_Add,N/A,N/A,1790932568879443.456	,822.216,0.156000,0
7,aclnnInplaceCopy_CastAiCore_Cast,N/A,N/A,1790932568880265.692	,683.394,0.034000,0
7,aclnnMean_ReduceMeanAiCore_ReduceMean,N/A,N/A,1790932568880950.446	,620.752,1.356000,0
7,aclnnSub_SubAiCore_Sub,N/A,N/A,1790932568881572.418	,917.338,1.248000,0
7,aclnnPowTensorScalar_PowsAiCore_Pows,N/A,N/A,1790932568882489.776	,988.060,0.000000,0
7,aclnnMean_ReduceMeanAiCore_ReduceMean,N/A,N/A,1790932568883478.936	,597.372,1.190000,0
7,aclnnAdds_AddAiCore_Add,N/A,N/A,1790932568884077.148	,6.700,0.878000,0
7,aclnnRsqrt_RsqrtAiCore_Rsqrt,N/A,N/A,1790932568884083.888	,8.280,0.050000,0
7,aclnnMul_MulAiCore_Mul,N/A,N/A,1790932568884092.188	,793.456,0.000000,0
7,aclnnInplaceCopy_CastAiCore_Cast,N/A,N/A,1790932568884885.664	,887.398,0.044000,0
7,aclnnMul_MulAiCore_Mul,N/A,N/A,1790932568885773.082	,428.329,0.000000,0
7,aclnnAdd_AddAiCore_Add,N/A,N/A,1790932568886201.431	,428.728,0.171000,0
7,aclnnAddmm_MatMulV3Common_MatMulV3,N/A,N/A,1790932568886630.199	,4086.922,0.022000,0
7,aclnnGeluV2_GeluV2_GeluV2,N/A,N/A,1790932568890717.141	,2296.806,0.078000,0
7,aclnnAddmm_MatMulV3Common_MatMulV3,N/A,N/A,1790932568893014.107	,4361.227,0.000000,0
7,aclnnAdd_AddAiCore_Add,N/A,N/A,1790932568897375.374	,776.055,0.023000,0
7,aclnnInplaceCopy_CastAiCore_Cast,N/A,N/A,1790932568898151.449	,682.774,0.195000,0
7,aclnnMean_ReduceMeanAiCore_ReduceMean,N/A,N/A,1790932568898835.583	,623.792,1.226000,0
7,aclnnSub_SubAiCore_Sub,N/A,N/A,1790932568899460.395	,908.439,1.208000,0
7,aclnnPowTensorScalar_PowsAiCore_Pows,N/A,N/A,1790932568900368.854	,986.159,0.000000,0
7,aclnnMean_ReduceMeanAiCore_ReduceMean,N/A,N/A,1790932568901355.953	,598.872,1.091000,0
7,aclnnAdds_AddAiCore_Add,N/A,N/A,1790932568901955.965	,6.700,1.128000,0
7,aclnnRsqrt_RsqrtAiCore_Rsqrt,N/A,N/A,1790932568901962.685	,8.221,0.050000,0
7,aclnnMul_MulAiCore_Mul,N/A,N/A,1790932568901970.926	,791.935,0.029000,0
7,aclnnInplaceCopy_CastAiCore_Cast,N/A,N/A,1790932568902762.881	,888.358,0.065000,0
7,aclnnMul_MulAiCore_Mul,N/A,N/A,1790932568903651.259	,430.089,0.000000,0
7,aclnnAdd_AddAiCore_Add,N/A,N/A,1790932568904081.368	,430.268,0.000000,0
7,aclnnAddmm_MatMulV3Common_MatMulV3,N/A,N/A,1790932568904511.656	,3131.663,0.232000,0
7,aclnnInplaceCopy_SliceAiCore_Slice,N/A,N/A,1790932568907643.339	,551.851,0.000000,0
7,aclnnInplaceCopy_CastAiCore_Cast,N/A,N/A,1790932568908195.210	,705.774,0.149000,0
7,aclnnMul_MulAiCore_Mul,N/A,N/A,1790932568908901.004	,942.479,0.000000,0
7,aclnnInplaceCopy_SliceAiCore_Slice,N/A,N/A,1790932568909843.503	,520.930,0.021000,0
7,aclnnInplaceCopy_CastAiCore_Cast,N/A,N/A,1790932568910364.453	,704.354,0.070000,0
7,aclnnNeg_SliceAiCore_Slice,N/A,N/A,1790932568911068.827	,897.338,0.000000,0
7,aclnnNeg_NegAiCore_Neg,N/A,N/A,1790932568911966.185	,473.470,0.162000,0
7,aclnnCat_SliceAiCore_Slice,N/A,N/A,1790932568912439.695	,869.477,0.030000,0
7,aclnnCat_ConcatD_ConcatD,N/A,N/A,1790932568913309.192	,962.939,0.023000,0
7,aclnnMul_MulAiCore_Mul,N/A,N/A,1790932568914272.151	,947.139,0.061000,0
7,aclnnAdd_AddAiCore_Add,N/A,N/A,1790932568915219.310	,1600.472,0.000000,0
7,aclnnInplaceCopy_CastAiCore_Cast,N/A,N/A,1790932568916819.802	,785.936,0.028000,0
7,aclnnInplaceCopy_SliceAiCore_Slice,N/A,N/A,1790932568917605.758	,497.710,0.064000,0
7,aclnnInplaceCopy_CastAiCore_Cast,N/A,N/A,1790932568918103.488	,707.734,0.040000,0
7,aclnnMul_MulAiCore_Mul,N/A,N/A,1790932568918811.242	,934.879,0.016000,0
7,aclnnInplaceCopy_SliceAiCore_Slice,N/A,N/A,1790932568919746.141	,525.610,0.121000,0
7,aclnnInplaceCopy_CastAiCore_Cast,N/A,N/A,1790932568920271.771	,705.434,0.000000,0
7,aclnnNeg_SliceAiCore_Slice,N/A,N/A,1790932568920977.225	,893.358,0.066000,0
7,aclnnNeg_NegAiCore_Neg,N/A,N/A,1790932568921870.603	,474.930,0.000000,0
7,aclnnCat_SliceAiCore_Slice,N/A,N/A,1790932568922345.553	,867.437,0.070000,0
7,aclnnCat_ConcatD_ConcatD,N/A,N/A,1790932568923213.010	,959.519,0.063000,0
7,aclnnMul_MulAiCore_Mul,N/A,N/A,1790932568924172.549	,949.499,0.000000,0
7,aclnnAdd_AddAiCore_Add,N/A,N/A,1790932568925122.068	,1599.112,0.001000,0
7,aclnnInplaceCopy_CastAiCore_Cast,N/A,N/A,1790932568926721.200	,790.976,0.138000,0
7,aclnnInplaceCopy_TransposeAiCore_Transpose,N/A,N/A,1790932568927512.196	,565.871,0.024000,0
7,aclnnInplaceCopy_TransposeAiCore_Transpose,N/A,N/A,1790932568928078.087	,591.232,0.000000,0
7,aclnnInplaceCopy_AsStridedAiCore_AsStrided,N/A,N/A,1790932568928669.359	,794.756,0.018000,0
7,InnerPromptFlashAttention_PromptFlashAttention_PromptFlashAttention,N/A,N/A,1790932568929465.315	,39713.933,1.244000,0
7,aclnnInplaceCopy_TransposeAiCore_Transpose,N/A,N/A,1790932568969180.249	,813.736,1.067000,0
7,aclnnAddmm_MatMulV3Common_MatMulV3,N/A,N/A,1790932568969994.025	,1161.723,0.014000,0
7,aclnnAdd_AddAiCore_Add,N/A,N/A,1790932568971155.768	,821.416,0.027000,0
7,aclnnInplaceCopy_CastAiCore_Cast,N/A,N/A,1790932568971977.204	,680.334,0.084000,0
7,aclnnMean_ReduceMeanAiCore_ReduceMean,N/A,N/A,1790932568972658.858	,623.952,1.166000,0
7,aclnnSub_SubAiCore_Sub,N/A,N/A,1790932568973283.730	,909.239,1.048000,0
7,aclnnPowTensorScalar_PowsAiCore_Pows,N/A,N/A,1790932568974192.989	,989.379,0.011000,0
7,aclnnMean_ReduceMeanAiCore_ReduceMean,N/A,N/A,1790932568975183.508	,596.192,1.121000,0
7,aclnnAdds_AddAiCore_Add,N/A,N/A,1790932568975780.540	,7.141,0.808000,0
7,aclnnRsqrt_RsqrtAiCore_Rsqrt,N/A,N/A,1790932568975787.701	,8.280,0.109000,0
7,aclnnMul_MulAiCore_Mul,N/A,N/A,1790932568975796.021	,792.476,0.000000,0
7,aclnnInplaceCopy_CastAiCore_Cast,N/A,N/A,1790932568976588.517	,889.077,0.024000,0
7,aclnnMul_MulAiCore_Mul,N/A,N/A,1790932568977477.614	,432.589,0.000000,0
7,aclnnAdd_AddAiCore_Add,N/A,N/A,1790932568977910.223	,431.689,0.161000,0
7,aclnnAddmm_MatMulV3Common_MatMulV3,N/A,N/A,1790932568978341.932	,4082.921,0.061000,0
7,aclnnGeluV2_GeluV2_GeluV2,N/A,N/A,1790932568982424.873	,2307.426,0.000000,0
7,aclnnAddmm_MatMulV3Common_MatMulV3,N/A,N/A,1790932568984732.459	,4362.727,0.324000,0
7,aclnnAdd_AddAiCore_Add,N/A,N/A,1790932568989095.206	,780.896,0.023000,0
7,aclnnInplaceCopy_CastAiCore_Cast,N/A,N/A,1790932568989876.122	,683.994,0.000000,0
7,aclnnMean_ReduceMeanAiCore_ReduceMean,N/A,N/A,1790932568990561.056	,621.092,1.006000,0
7,aclnnSub_SubAiCore_Sub,N/A,N/A,1790932568991182.968	,912.158,0.908000,0
7,aclnnPowTensorScalar_PowsAiCore_Pows,N/A,N/A,1790932568992095.166	,986.020,0.092000,0
7,aclnnMean_ReduceMeanAiCore_ReduceMean,N/A,N/A,1790932568993082.266	,599.212,0.980000,0
7,aclnnAdds_AddAiCore_Add,N/A,N/A,1790932568993682.278	,6.760,0.788000,0
7,aclnnRsqrt_RsqrtAiCore_Rsqrt,N/A,N/A,1790932568993689.058	,8.400,0.000000,0
7,aclnnMul_MulAiCore_Mul,N/A,N/A,1790932568993697.498	,801.116,0.100000,0
7,aclnnInplaceCopy_CastAiCore_Cast,N/A,N/A,1790932568994498.634	,887.238,0.134000,0
7,aclnnMul_MulAiCore_Mul,N/A,N/A,1790932568995385.892	,430.029,0.012000,0
7,aclnnAdd_AddAiCore_Add,N/A,N/A,1790932568995815.961	,429.888,0.000000,0
7,aclnnAddmm_MatMulV3Common_MatMulV3,N/A,N/A,1790932568996245.889	,3112.602,0.112000,0
7,aclnnInplaceCopy_SliceAiCore_Slice,N/A,N/A,1790932568999358.511	,551.071,0.000000,0
7,aclnnInplaceCopy_CastAiCore_Cast,N/A,N/A,1790932568999909.622	,707.415,0.000000,0
7,aclnnMul_MulAiCore_Mul,N/A,N/A,1790932569000617.057	,941.318,0.085000,0
7,aclnnInplaceCopy_SliceAiCore_Slice,N/A,N/A,1790932569001558.415	,522.211,0.182000,0
7,aclnnInplaceCopy_CastAiCore_Cast,N/A,N/A,1790932569002080.646	,704.694,0.039000,0
7,aclnnNeg_SliceAiCore_Slice,N/A,N/A,1790932569002785.380	,894.758,0.056000,0
7,aclnnNeg_NegAiCore_Neg,N/A,N/A,1790932569003680.178	,474.649,0.000000,0
7,aclnnCat_SliceAiCore_Slice,N/A,N/A,1790932569004154.867	,867.278,0.000000,0
7,aclnnCat_ConcatD_ConcatD,N/A,N/A,1790932569005022.165	,964.319,0.222000,0
7,aclnnMul_MulAiCore_Mul,N/A,N/A,1790932569005986.504	,945.759,0.000000,0
7,aclnnAdd_AddAiCore_Add,N/A,N/A,1790932569006932.303	,1600.472,0.000000,0
7,aclnnInplaceCopy_CastAiCore_Cast,N/A,N/A,1790932569008532.795	,787.736,0.028000,0
7,aclnnInplaceCopy_SliceAiCore_Slice,N/A,N/A,1790932569009320.571	,498.049,0.014000,0
7,aclnnInplaceCopy_CastAiCore_Cast,N/A,N/A,1790932569009818.640	,706.175,0.201000,0
7,aclnnMul_MulAiCore_Mul,N/A,N/A,1790932569010524.835	,932.458,0.000000,0
7,aclnnInplaceCopy_SliceAiCore_Slice,N/A,N/A,1790932569011457.313	,524.771,0.042000,0
7,aclnnInplaceCopy_CastAiCore_Cast,N/A,N/A,1790932569011982.104	,704.674,0.000000,0
7,aclnnNeg_SliceAiCore_Slice,N/A,N/A,1790932569012686.798	,894.638,0.076000,0
7,aclnnNeg_NegAiCore_Neg,N/A,N/A,1790932569013581.456	,475.089,0.112000,0
7,aclnnCat_SliceAiCore_Slice,N/A,N/A,1790932569014056.565	,868.417,0.000000,0
7,aclnnCat_ConcatD_ConcatD,N/A,N/A,1790932569014925.022	,956.300,0.083000,0
7,aclnnMul_MulAiCore_Mul,N/A,N/A,1790932569015881.342	,947.599,0.000000,0
7,aclnnAdd_AddAiCore_Add,N/A,N/A,1790932569016828.961	,1602.412,0.151000,0
7,aclnnInplaceCopy_CastAiCore_Cast,N/A,N/A,1790932569018431.393	,788.635,0.088000,0
7,aclnnInplaceCopy_TransposeAiCore_Transpose,N/A,N/A,1790932569019220.068	,571.332,0.000000,0
7,aclnnInplaceCopy_TransposeAiCore_Transpose,N/A,N/A,1790932569019791.420	,604.772,0.168000,0
7,aclnnInplaceCopy_AsStridedAiCore_AsStrided,N/A,N/A,1790932569020396.212	,803.756,0.000000,0
7,InnerPromptFlashAttention_PromptFlashAttention_PromptFlashAttention,N/A,N/A,1790932569021201.088	,39458.368,0.994000,0
7,aclnnInplaceCopy_TransposeAiCore_Transpose,N/A,N/A,1790932569060660.516	,797.116,1.132000,0
7,aclnnAddmm_MatMulV3Common_MatMulV3,N/A,N/A,1790932569061457.652	,1159.303,0.134000,0
7,aclnnAdd_AddAiCore_Add,N/A,N/A,1790932569062616.975	,817.457,0.000000,0
7,aclnnInplaceCopy_CastAiCore_Cast,N/A,N/A,1790932569063434.452	,681.573,0.043000,0
7,aclnnMean_ReduceMeanAiCore_ReduceMean,N/A,N/A,1790932569064117.365	,621.933,1.177000,0
7,aclnnSub_SubAiCore_Sub,N/A,N/A,1790932569064740.438	,911.978,1.317000,0
7,aclnnPowTensorScalar_PowsAiCore_Pows,N/A,N/A,1790932569065652.436	,987.560,0.022000,0
7,aclnnMean_ReduceMeanAiCore_ReduceMean,N/A,N/A,1790932569066641.276	,600.452,1.190000,0
7,aclnnAdds_AddAiCore_Add,N/A,N/A,1790932569067242.628	,6.740,1.048000,0
7,aclnnRsqrt_RsqrtAiCore_Rsqrt,N/A,N/A,1790932569067249.408	,8.420,0.010000,0
7,aclnnMul_MulAiCore_Mul,N/A,N/A,1790932569067257.848	,800.196,0.000000,0
7,aclnnInplaceCopy_CastAiCore_Cast,N/A,N/A,1790932569068058.064	,886.138,0.054000,0
7,aclnnMul_MulAiCore_Mul,N/A,N/A,1790932569068944.222	,428.848,0.112000,0
7,aclnnAdd_AddAiCore_Add,N/A,N/A,1790932569069373.090	,428.149,0.000000,0
7,aclnnAddmm_MatMulV3Common_MatMulV3,N/A,N/A,1790932569069801.259	,4048.201,0.101000,0
7,aclnnGeluV2_GeluV2_GeluV2,N/A,N/A,1790932569073849.480	,2290.346,0.049000,0
7,aclnnAddmm_MatMulV3Common_MatMulV3,N/A,N/A,1790932569076139.986	,4353.007,0.154000,0
7,aclnnAdd_AddAiCore_Add,N/A,N/A,1790932569080493.013	,777.815,0.000000,0
7,aclnnInplaceCopy_CastAiCore_Cast,N/A,N/A,1790932569081270.848	,684.914,0.000000,0
7,aclnnMean_ReduceMeanAiCore_ReduceMean,N/A,N/A,1790932569081956.902	,623.272,1.336000,0
7,aclnnSub_SubAiCore_Sub,N/A,N/A,1790932569082581.054	,911.118,0.728000,0
7,aclnnPowTensorScalar_PowsAiCore_Pows,N/A,N/A,1790932569083492.192	,986.560,0.132000,0
7,aclnnMean_ReduceMeanAiCore_ReduceMean,N/A,N/A,1790932569084480.132	,599.752,1.440000,0
7,aclnnAdds_AddAiCore_Add,N/A,N/A,1790932569085080.644	,6.840,0.748000,0
7,aclnnRsqrt_RsqrtAiCore_Rsqrt,N/A,N/A,1790932569085087.504	,8.240,0.000000,0
7,aclnnMul_MulAiCore_Mul,N/A,N/A,1790932569085095.764	,793.016,0.010000,0
7,aclnnInplaceCopy_CastAiCore_Cast,N/A,N/A,1790932569085888.800	,886.538,0.000000,0
7,aclnnMul_MulAiCore_Mul,N/A,N/A,1790932569086775.358	,437.029,0.000000,0
7,aclnnAdd_AddAiCore_Add,N/A,N/A,1790932569087212.427	,430.028,0.221000,0
7,aclnnAddmm_MatMulV3Common_MatMulV3,N/A,N/A,1790932569087642.475	,3125.423,0.000000,0
7,aclnnInplaceCopy_SliceAiCore_Slice,N/A,N/A,1790932569090767.918	,551.171,0.077000,0
7,aclnnInplaceCopy_CastAiCore_Cast,N/A,N/A,1790932569091319.109	,708.174,0.000000,0
7,aclnnMul_MulAiCore_Mul,N/A,N/A,1790932569092027.323	,939.279,0.076000,0
7,aclnnInplaceCopy_SliceAiCore_Slice,N/A,N/A,1790932569092966.622	,521.070,0.000000,0
7,aclnnInplaceCopy_CastAiCore_Cast,N/A,N/A,1790932569093487.712	,704.614,0.180000,0
7,aclnnNeg_SliceAiCore_Slice,N/A,N/A,1790932569094192.346	,894.698,0.000000,0
7,aclnnNeg_NegAiCore_Neg,N/A,N/A,1790932569095087.064	,473.050,0.052000,0
7,aclnnCat_SliceAiCore_Slice,N/A,N/A,1790932569095560.134	,871.357,0.200000,0
7,aclnnCat_ConcatD_ConcatD,N/A,N/A,1790932569096431.511	,962.399,0.000000,0
7,aclnnMul_MulAiCore_Mul,N/A,N/A,1790932569097393.930	,949.159,0.101000,0
7,aclnnAdd_AddAiCore_Add,N/A,N/A,1790932569098343.129	,1595.312,0.091000,0
7,aclnnInplaceCopy_CastAiCore_Cast,N/A,N/A,1790932569099938.461	,786.036,0.000000,0
7,aclnnInplaceCopy_SliceAiCore_Slice,N/A,N/A,1790932569100724.517	,495.330,0.000000,0
7,aclnnInplaceCopy_CastAiCore_Cast,N/A,N/A,1790932569101219.867	,707.874,0.000000,0
7,aclnnMul_MulAiCore_Mul,N/A,N/A,1790932569101927.761	,931.978,0.126000,0
7,aclnnInplaceCopy_SliceAiCore_Slice,N/A,N/A,1790932569102859.779	,524.131,0.022000,0
7,aclnnInplaceCopy_CastAiCore_Cast,N/A,N/A,1790932569103383.930	,706.714,0.119000,0
7,aclnnNeg_SliceAiCore_Slice,N/A,N/A,1790932569104090.664	,894.558,0.036000,0
7,aclnnNeg_NegAiCore_Neg,N/A,N/A,1790932569104985.242	,475.089,0.000000,0
7,aclnnCat_SliceAiCore_Slice,N/A,N/A,1790932569105460.351	,867.818,0.000000,0
7,aclnnCat_ConcatD_ConcatD,N/A,N/A,1790932569106328.189	,959.599,0.182000,0
7,aclnnMul_MulAiCore_Mul,N/A,N/A,1790932569107287.808	,949.339,0.000000,0
7,aclnnAdd_AddAiCore_Add,N/A,N/A,1790932569108237.167	,1599.672,0.161000,0
7,aclnnInplaceCopy_CastAiCore_Cast,N/A,N/A,1790932569109836.879	,791.376,0.078000,0
7,aclnnInplaceCopy_TransposeAiCore_Transpose,N/A,N/A,1790932569110628.295	,564.471,0.000000,0
7,aclnnInplaceCopy_TransposeAiCore_Transpose,N/A,N/A,1790932569111192.786	,592.152,0.029000,0
7,aclnnInplaceCopy_AsStridedAiCore_AsStrided,N/A,N/A,1790932569111784.958	,794.176,0.098000,0
7,InnerPromptFlashAttention_PromptFlashAttention_PromptFlashAttention,N/A,N/A,1790932569112580.374	,39795.855,1.074000,0
7,aclnnInplaceCopy_TransposeAiCore_Transpose,N/A,N/A,1790932569152377.069	,787.636,0.895000,0
7,aclnnAddmm_MatMulV3Common_MatMulV3,N/A,N/A,1790932569153164.725	,1179.803,0.114000,0
7,aclnnAdd_AddAiCore_Add,N/A,N/A,1790932569154344.568	,817.616,0.000000,0
7,aclnnInplaceCopy_CastAiCore_Cast,N/A,N/A,1790932569155162.204	,681.174,0.134000,0
7,aclnnMean_ReduceMeanAiCore_ReduceMean,N/A,N/A,1790932569155844.678	,620.972,1.326000,0
7,aclnnSub_SubAiCore_Sub,N/A,N/A,1790932569156466.410	,911.799,0.778000,0
7,aclnnPowTensorScalar_PowsAiCore_Pows,N/A,N/A,1790932569157378.249	,988.299,0.000000,0
7,aclnnMean_ReduceMeanAiCore_ReduceMean,N/A,N/A,1790932569158367.748	,597.852,1.201000,0
7,aclnnAdds_AddAiCore_Add,N/A,N/A,1790932569158966.380	,7.181,0.898000,0
7,aclnnRsqrt_RsqrtAiCore_Rsqrt,N/A,N/A,1790932569158973.581	,8.200,0.000000,0
7,aclnnMul_MulAiCore_Mul,N/A,N/A,1790932569158981.801	,796.716,0.050000,0
7,aclnnInplaceCopy_CastAiCore_Cast,N/A,N/A,1790932569159778.537	,887.337,0.034000,0
7,aclnnMul_MulAiCore_Mul,N/A,N/A,1790932569160665.914	,427.929,0.163000,0
7,aclnnAdd_AddAiCore_Add,N/A,N/A,1790932569161093.863	,429.409,0.000000,0
7,aclnnAddmm_MatMulV3Common_MatMulV3,N/A,N/A,1790932569161523.312	,4040.680,0.091000,0
7,aclnnGeluV2_GeluV2_GeluV2,N/A,N/A,1790932569165564.032	,2291.246,0.070000,0
7,aclnnAddmm_MatMulV3Common_MatMulV3,N/A,N/A,1790932569167855.438	,4367.587,0.254000,0
7,aclnnAdd_AddAiCore_Add,N/A,N/A,1790932569172223.045	,779.476,0.000000,0
7,aclnnInplaceCopy_CastAiCore_Cast,N/A,N/A,1790932569173002.541	,682.774,0.024000,0
7,aclnnMean_ReduceMeanAiCore_ReduceMean,N/A,N/A,1790932569173686.355	,619.632,0.976000,0
7,aclnnSub_SubAiCore_Sub,N/A,N/A,1790932569174307.047	,911.518,1.118000,0
7,aclnnPowTensorScalar_PowsAiCore_Pows,N/A,N/A,1790932569175218.585	,985.000,0.000000,0
7,aclnnMean_ReduceMeanAiCore_ReduceMean,N/A,N/A,1790932569176204.565	,599.752,1.000000,0
7,aclnnAdds_AddAiCore_Add,N/A,N/A,1790932569176805.137	,6.700,0.998000,0
7,aclnnRsqrt_RsqrtAiCore_Rsqrt,N/A,N/A,1790932569176811.857	,8.380,0.000000,0
7,aclnnMul_MulAiCore_Mul,N/A,N/A,1790932569176820.257	,798.896,0.120000,0
7,aclnnInplaceCopy_CastAiCore_Cast,N/A,N/A,1790932569177619.173	,890.858,0.104000,0
7,aclnnMul_MulAiCore_Mul,N/A,N/A,1790932569178510.051	,431.549,0.000000,0
7,aclnnAdd_AddAiCore_Add,N/A,N/A,1790932569178941.620	,430.428,0.000000,0
7,aclnnAddmm_MatMulV3Common_MatMulV3,N/A,N/A,1790932569179372.068	,3116.122,0.072000,0
7,aclnnInplaceCopy_SliceAiCore_Slice,N/A,N/A,1790932569182488.210	,557.792,0.128000,0
7,aclnnInplaceCopy_CastAiCore_Cast,N/A,N/A,1790932569183046.022	,706.694,0.000000,0
7,aclnnMul_MulAiCore_Mul,N/A,N/A,1790932569183752.736	,943.719,0.056000,0
7,aclnnInplaceCopy_SliceAiCore_Slice,N/A,N/A,1790932569184696.475	,521.490,0.031000,0
7,aclnnInplaceCopy_CastAiCore_Cast,N/A,N/A,1790932569185218.005	,704.314,0.010000,0
7,aclnnNeg_SliceAiCore_Slice,N/A,N/A,1790932569185922.339	,890.018,0.000000,0
7,aclnnNeg_NegAiCore_Neg,N/A,N/A,1790932569186812.397	,473.089,0.232000,0
7,aclnnCat_SliceAiCore_Slice,N/A,N/A,1790932569187285.526	,865.878,0.000000,0
7,aclnnCat_ConcatD_ConcatD,N/A,N/A,1790932569188151.424	,964.099,0.122000,0
7,aclnnMul_MulAiCore_Mul,N/A,N/A,1790932569189115.543	,946.719,0.000000,0
7,aclnnAdd_AddAiCore_Add,N/A,N/A,1790932569190062.302	,1605.052,0.031000,0
7,aclnnInplaceCopy_CastAiCore_Cast,N/A,N/A,1790932569191667.374	,786.796,0.000000,0
7,aclnnInplaceCopy_SliceAiCore_Slice,N/A,N/A,1790932569192454.190	,496.629,0.204000,0
7,aclnnInplaceCopy_CastAiCore_Cast,N/A,N/A,1790932569192950.839	,706.815,0.000000,0
7,aclnnMul_MulAiCore_Mul,N/A,N/A,1790932569193657.674	,935.838,0.185000,0
7,aclnnInplaceCopy_SliceAiCore_Slice,N/A,N/A,1790932569194593.532	,525.211,0.000000,0
7,aclnnInplaceCopy_CastAiCore_Cast,N/A,N/A,1790932569195118.783	,704.834,0.039000,0
7,aclnnNeg_SliceAiCore_Slice,N/A,N/A,1790932569195823.637	,891.398,0.166000,0
7,aclnnNeg_NegAiCore_Neg,N/A,N/A,1790932569196715.055	,474.729,0.000000,0
7,aclnnCat_SliceAiCore_Slice,N/A,N/A,1790932569197189.804	,865.877,0.021000,0
7,aclnnCat_ConcatD_ConcatD,N/A,N/A,1790932569198055.701	,957.320,0.123000,0
7,aclnnMul_MulAiCore_Mul,N/A,N/A,1790932569199013.041	,945.438,0.000000,0
7,aclnnAdd_AddAiCore_Add,N/A,N/A,1790932569199958.499	,1604.933,0.062000,0
7,aclnnInplaceCopy_CastAiCore_Cast,N/A,N/A,1790932569201563.452	,789.055,0.067000,0
7,aclnnInplaceCopy_TransposeAiCore_Transpose,N/A,N/A,1790932569202352.547	,571.172,0.000000,0
7,aclnnInplaceCopy_TransposeAiCore_Transpose,N/A,N/A,1790932569202923.739	,602.732,0.078000,0
7,aclnnInplaceCopy_AsStridedAiCore_AsStrided,N/A,N/A,1790932569203526.491	,795.416,0.018000,0
7,InnerPromptFlashAttention_PromptFlashAttention_PromptFlashAttention,N/A,N/A,1790932569204322.947	,39746.274,1.084000,0
7,aclnnInplaceCopy_TransposeAiCore_Transpose,N/A,N/A,1790932569244070.201	,780.435,0.976000,0
7,aclnnAddmm_MatMulV3Common_MatMulV3,N/A,N/A,1790932569244850.656	,1166.884,0.065000,0
7,aclnnAdd_AddAiCore_Add,N/A,N/A,1790932569246017.560	,819.836,0.000000,0
7,aclnnInplaceCopy_CastAiCore_Cast,N/A,N/A,1790932569246837.436	,682.634,0.164000,0
7,aclnnMean_ReduceMeanAiCore_ReduceMean,N/A,N/A,1790932569247521.470	,628.592,1.366000,0
7,aclnnSub_SubAiCore_Sub,N/A,N/A,1790932569248150.762	,911.359,0.658000,0
7,aclnnPowTensorScalar_PowsAiCore_Pows,N/A,N/A,1790932569249062.141	,989.359,0.141000,0
7,aclnnMean_ReduceMeanAiCore_ReduceMean,N/A,N/A,1790932569250052.500	,597.332,0.891000,0
7,aclnnAdds_AddAiCore_Add,N/A,N/A,1790932569250650.532	,6.760,0.668000,0
7,aclnnRsqrt_RsqrtAiCore_Rsqrt,N/A,N/A,1790932569250657.312	,8.461,0.000000,0
7,aclnnMul_MulAiCore_Mul,N/A,N/A,1790932569250665.793	,794.635,0.039000,0
7,aclnnInplaceCopy_CastAiCore_Cast,N/A,N/A,1790932569251460.448	,888.598,0.115000,0
7,aclnnMul_MulAiCore_Mul,N/A,N/A,1790932569252349.066	,429.909,0.000000,0
7,aclnnAdd_AddAiCore_Add,N/A,N/A,1790932569252778.995	,428.148,0.091000,0
7,aclnnAddmm_MatMulV3Common_MatMulV3,N/A,N/A,1790932569253207.163	,4061.842,0.102000,0
7,aclnnGeluV2_GeluV2_GeluV2,N/A,N/A,1790932569257269.025	,2291.525,0.000000,0
7,aclnnAddmm_MatMulV3Common_MatMulV3,N/A,N/A,1790932569259560.710	,4352.027,0.225000,0
7,aclnnAdd_AddAiCore_Add,N/A,N/A,1790932569263912.757	,777.536,0.000000,0
7,aclnnInplaceCopy_CastAiCore_Cast,N/A,N/A,1790932569264690.333	,683.793,0.000000,0
7,aclnnMean_ReduceMeanAiCore_ReduceMean,N/A,N/A,1790932569265375.186	,623.073,1.207000,0
7,aclnnSub_SubAiCore_Sub,N/A,N/A,1790932569265999.319	,908.218,0.927000,0
7,aclnnPowTensorScalar_PowsAiCore_Pows,N/A,N/A,1790932569266907.557	,986.720,0.032000,0
7,aclnnMean_ReduceMeanAiCore_ReduceMean,N/A,N/A,1790932569267895.177	,598.852,1.030000,0
7,aclnnAdds_AddAiCore_Add,N/A,N/A,1790932569268495.269	,6.860,1.148000,0
7,aclnnRsqrt_RsqrtAiCore_Rsqrt,N/A,N/A,1790932569268502.149	,8.380,0.140000,0
7,aclnnMul_MulAiCore_Mul,N/A,N/A,1790932569268510.569	,797.576,0.000000,0
7,aclnnInplaceCopy_CastAiCore_Cast,N/A,N/A,1790932569269308.165	,888.178,0.174000,0
7,aclnnMul_MulAiCore_Mul,N/A,N/A,1790932569270196.363	,432.988,0.000000,0
7,aclnnAdd_AddAiCore_Add,N/A,N/A,1790932569270629.371	,430.149,0.012000,0
7,aclnnAddmm_MatMulV3Common_MatMulV3,N/A,N/A,1790932569271059.540	,3094.082,0.101000,0
7,aclnnInplaceCopy_SliceAiCore_Slice,N/A,N/A,1790932569274153.642	,551.551,0.168000,0
7,aclnnInplaceCopy_CastAiCore_Cast,N/A,N/A,1790932569274705.233	,708.814,0.000000,0
7,aclnnMul_MulAiCore_Mul,N/A,N/A,1790932569275414.067	,946.659,0.000000,0
7,aclnnInplaceCopy_SliceAiCore_Slice,N/A,N/A,1790932569276360.746	,523.250,0.091000,0
7,aclnnInplaceCopy_CastAiCore_Cast,N/A,N/A,1790932569276884.016	,705.375,0.000000,0
7,aclnnNeg_SliceAiCore_Slice,N/A,N/A,1790932569277589.411	,894.617,0.125000,0
7,aclnnNeg_NegAiCore_Neg,N/A,N/A,1790932569278484.048	,473.170,0.000000,0
7,aclnnCat_SliceAiCore_Slice,N/A,N/A,1790932569278957.238	,869.937,0.080000,0
7,aclnnCat_ConcatD_ConcatD,N/A,N/A,1790932569279827.215	,964.399,0.063000,0
7,aclnnMul_MulAiCore_Mul,N/A,N/A,1790932569280791.654	,947.119,0.101000,0
7,aclnnAdd_AddAiCore_Add,N/A,N/A,1790932569281738.793	,1596.972,0.000000,0
7,aclnnInplaceCopy_CastAiCore_Cast,N/A,N/A,1790932569283335.805	,786.656,0.028000,0
7,aclnnInplaceCopy_SliceAiCore_Slice,N/A,N/A,1790932569284122.481	,495.450,0.094000,0
7,aclnnInplaceCopy_CastAiCore_Cast,N/A,N/A,1790932569284617.971	,707.294,0.050000,0
7,aclnnMul_MulAiCore_Mul,N/A,N/A,1790932569285325.285	,930.639,0.000000,0
7,aclnnInplaceCopy_SliceAiCore_Slice,N/A,N/A,1790932569286255.944	,521.790,0.111000,0
7,aclnnInplaceCopy_CastAiCore_Cast,N/A,N/A,1790932569286777.754	,706.734,0.000000,0
7,aclnnNeg_SliceAiCore_Slice,N/A,N/A,1790932569287484.508	,891.738,0.016000,0
7,aclnnNeg_NegAiCore_Neg,N/A,N/A,1790932569288376.266	,475.710,0.012000,0
7,aclnnCat_SliceAiCore_Slice,N/A,N/A,1790932569288851.996	,862.877,0.040000,0
7,aclnnCat_ConcatD_ConcatD,N/A,N/A,1790932569289714.893	,959.839,0.123000,0
7,aclnnMul_MulAiCore_Mul,N/A,N/A,1790932569290674.752	,945.339,0.000000,0
7,aclnnAdd_AddAiCore_Add,N/A,N/A,1790932569291620.111	,1600.592,0.000000,0
7,aclnnInplaceCopy_CastAiCore_Cast,N/A,N/A,1790932569293220.723	,790.916,0.158000,0
7,aclnnInplaceCopy_TransposeAiCore_Transpose,N/A,N/A,1790932569294011.659	,564.131,0.084000,0
7,aclnnInplaceCopy_TransposeAiCore_Transpose,N/A,N/A,1790932569294575.810	,592.072,0.000000,0
7,aclnnInplaceCopy_AsStridedAiCore_AsStrided,N/A,N/A,1790932569295167.902	,801.696,0.178000,0
7,InnerPromptFlashAttention_PromptFlashAttention_PromptFlashAttention,N/A,N/A,1790932569295970.618	,39741.754,0.804000,0
7,aclnnInplaceCopy_TransposeAiCore_Transpose,N/A,N/A,1790932569335713.512	,795.456,1.246000,0
7,aclnnAddmm_MatMulV3Common_MatMulV3,N/A,N/A,1790932569336508.988	,1172.283,0.044000,0
7,aclnnAdd_AddAiCore_Add,N/A,N/A,1790932569337681.291	,817.516,0.000000,0
7,aclnnInplaceCopy_CastAiCore_Cast,N/A,N/A,1790932569338498.827	,681.294,0.000000,0
7,aclnnMean_ReduceMeanAiCore_ReduceMean,N/A,N/A,1790932569339181.061	,623.093,0.956000,0
7,aclnnSub_SubAiCore_Sub,N/A,N/A,1790932569339804.834	,911.698,0.657000,0
7,aclnnPowTensorScalar_PowsAiCore_Pows,N/A,N/A,1790932569340716.552	,988.420,0.052000,0
7,aclnnMean_ReduceMeanAiCore_ReduceMean,N/A,N/A,1790932569341706.232	,595.251,1.330000,0
7,aclnnAdds_AddAiCore_Add,N/A,N/A,1790932569342302.363	,6.741,0.749000,0
7,aclnnRsqrt_RsqrtAiCore_Rsqrt,N/A,N/A,1790932569342309.124	,8.240,0.009000,0
7,aclnnMul_MulAiCore_Mul,N/A,N/A,1790932569342317.384	,796.476,0.260000,0
7,aclnnInplaceCopy_CastAiCore_Cast,N/A,N/A,1790932569343113.880	,887.297,0.024000,0
7,aclnnMul_MulAiCore_Mul,N/A,N/A,1790932569344001.217	,428.969,0.000000,0
7,aclnnAdd_AddAiCore_Add,N/A,N/A,1790932569344430.206	,429.689,0.031000,0
7,aclnnAddmm_MatMulV3Common_MatMulV3,N/A,N/A,1790932569344859.915	,4078.041,0.061000,0
7,aclnnGeluV2_GeluV2_GeluV2,N/A,N/A,1790932569348937.976	,2291.266,0.000000,0
7,aclnnAddmm_MatMulV3Common_MatMulV3,N/A,N/A,1790932569351229.402	,4356.007,0.234000,0
7,aclnnAdd_AddAiCore_Add,N/A,N/A,1790932569355585.429	,778.935,0.000000,0
7,aclnnInplaceCopy_CastAiCore_Cast,N/A,N/A,1790932569356364.384	,681.914,0.065000,0
7,aclnnMean_ReduceMeanAiCore_ReduceMean,N/A,N/A,1790932569357047.438	,620.492,1.086000,0
7,aclnnSub_SubAiCore_Sub,N/A,N/A,1790932569357668.711	,913.818,0.758000,0
7,aclnnPowTensorScalar_PowsAiCore_Pows,N/A,N/A,1790932569358582.549	,989.160,0.000000,0
7,aclnnMean_ReduceMeanAiCore_ReduceMean,N/A,N/A,1790932569359572.909	,598.772,1.340000,0
7,aclnnAdds_AddAiCore_Add,N/A,N/A,1790932569360172.861	,6.740,0.978000,0
7,aclnnRsqrt_RsqrtAiCore_Rsqrt,N/A,N/A,1790932569360179.621	,8.240,0.010000,0
7,aclnnMul_MulAiCore_Mul,N/A,N/A,1790932569360187.881	,796.856,0.260000,0
7,aclnnInplaceCopy_CastAiCore_Cast,N/A,N/A,1790932569360984.757	,888.238,0.000000,0
7,aclnnMul_MulAiCore_Mul,N/A,N/A,1790932569361873.035	,429.908,0.012000,0
7,aclnnAdd_AddAiCore_Add,N/A,N/A,1790932569362302.963	,429.769,0.092000,0
7,aclnnAddmm_MatMulV3Common_MatMulV3,N/A,N/A,1790932569362732.772	,3128.722,0.000000,0
7,aclnnInplaceCopy_SliceAiCore_Slice,N/A,N/A,1790932569365861.514	,551.531,0.028000,0
7,aclnnInplaceCopy_CastAiCore_Cast,N/A,N/A,1790932569366413.065	,706.314,0.000000,0
7,aclnnMul_MulAiCore_Mul,N/A,N/A,1790932569367119.419	,940.799,0.186000,0
7,aclnnInplaceCopy_SliceAiCore_Slice,N/A,N/A,1790932569368060.238	,521.991,0.000000,0
7,aclnnInplaceCopy_CastAiCore_Cast,N/A,N/A,1790932569368582.249	,705.154,0.009000,0
7,aclnnNeg_SliceAiCore_Slice,N/A,N/A,1790932569369287.443	,891.997,0.096000,0
7,aclnnNeg_NegAiCore_Neg,N/A,N/A,1790932569370179.460	,472.570,0.003000,0
7,aclnnCat_SliceAiCore_Slice,N/A,N/A,1790932569370652.050	,865.837,0.000000,0
7,aclnnCat_ConcatD_ConcatD,N/A,N/A,1790932569371517.907	,966.520,0.163000,0
7,aclnnMul_MulAiCore_Mul,N/A,N/A,1790932569372484.447	,950.139,0.000000,0
7,aclnnAdd_AddAiCore_Add,N/A,N/A,1790932569373434.606	,1606.912,0.000000,0
7,aclnnInplaceCopy_CastAiCore_Cast,N/A,N/A,1790932569375041.538	,787.695,0.088000,0
7,aclnnInplaceCopy_SliceAiCore_Slice,N/A,N/A,1790932569375829.253	,498.010,0.055000,0
7,aclnnInplaceCopy_CastAiCore_Cast,N/A,N/A,1790932569376327.283	,708.214,0.000000,0
7,aclnnMul_MulAiCore_Mul,N/A,N/A,1790932569377035.517	,934.999,0.036000,0
7,aclnnInplaceCopy_SliceAiCore_Slice,N/A,N/A,1790932569377970.536	,525.251,0.001000,0
7,aclnnInplaceCopy_CastAiCore_Cast,N/A,N/A,1790932569378495.807	,703.374,0.000000,0
7,aclnnNeg_SliceAiCore_Slice,N/A,N/A,1790932569379199.201	,891.557,0.126000,0
7,aclnnNeg_NegAiCore_Neg,N/A,N/A,1790932569380090.778	,471.790,0.000000,0
7,aclnnCat_SliceAiCore_Slice,N/A,N/A,1790932569380562.588	,865.237,0.000000,0
7,aclnnCat_ConcatD_ConcatD,N/A,N/A,1790932569381427.845	,958.119,0.013000,0
7,aclnnMul_MulAiCore_Mul,N/A,N/A,1790932569382386.004	,945.999,0.131000,0
7,aclnnAdd_AddAiCore_Add,N/A,N/A,1790932569383332.023	,1598.412,0.001000,0
7,aclnnInplaceCopy_CastAiCore_Cast,N/A,N/A,1790932569384930.455	,790.236,0.088000,0
7,aclnnInplaceCopy_TransposeAiCore_Transpose,N/A,N/A,1790932569385720.711	,572.011,0.014000,0
7,aclnnInplaceCopy_TransposeAiCore_Transpose,N/A,N/A,1790932569386292.742	,601.132,0.000000,0
7,aclnnInplaceCopy_AsStridedAiCore_AsStrided,N/A,N/A,1790932569386893.914	,793.616,0.118000,0
7,InnerPromptFlashAttention_PromptFlashAttention_PromptFlashAttention,N/A,N/A,1790932569387688.630	,39790.995,1.134000,0
7,aclnnInplaceCopy_TransposeAiCore_Transpose,N/A,N/A,1790932569427480.525	,778.076,0.755000,0
7,aclnnAddmm_MatMulV3Common_MatMulV3,N/A,N/A,1790932569428258.621	,1168.243,0.000000,0
7,aclnnAdd_AddAiCore_Add,N/A,N/A,1790932569429426.884	,823.417,0.257000,0
7,aclnnInplaceCopy_CastAiCore_Cast,N/A,N/A,1790932569430250.341	,680.793,0.000000,0
7,aclnnMean_ReduceMeanAiCore_ReduceMean,N/A,N/A,1790932569430932.474	,622.713,1.457000,0
7,aclnnSub_SubAiCore_Sub,N/A,N/A,1790932569431556.167	,917.558,1.037000,0
7,aclnnPowTensorScalar_PowsAiCore_Pows,N/A,N/A,1790932569432473.745	,984.700,0.000000,0
7,aclnnMean_ReduceMeanAiCore_ReduceMean,N/A,N/A,1790932569433459.425	,596.652,1.050000,0
7,aclnnAdds_AddAiCore_Add,N/A,N/A,1790932569434056.977	,6.820,0.848000,0
7,aclnnRsqrt_RsqrtAiCore_Rsqrt,N/A,N/A,1790932569434063.817	,8.260,0.000000,0
7,aclnnMul_MulAiCore_Mul,N/A,N/A,1790932569434072.117	,796.336,0.000000,0
7,aclnnInplaceCopy_CastAiCore_Cast,N/A,N/A,1790932569434868.473	,887.738,0.164000,0
7,aclnnMul_MulAiCore_Mul,N/A,N/A,1790932569435756.231	,428.028,0.012000,0
7,aclnnAdd_AddAiCore_Add,N/A,N/A,1790932569436184.279	,429.229,0.000000,0
7,aclnnAddmm_MatMulV3Common_MatMulV3,N/A,N/A,1790932569436613.528	,4088.142,0.021000,0
7,aclnnGeluV2_GeluV2_GeluV2,N/A,N/A,1790932569440701.690	,2298.385,0.108000,0
7,aclnnAddmm_MatMulV3Common_MatMulV3,N/A,N/A,1790932569443000.215	,4347.807,0.115000,0
7,aclnnAdd_AddAiCore_Add,N/A,N/A,1790932569447348.062	,780.756,0.000000,0
7,aclnnInplaceCopy_CastAiCore_Cast,N/A,N/A,1790932569448128.838	,683.394,0.000000,0
7,aclnnMean_ReduceMeanAiCore_ReduceMean,N/A,N/A,1790932569448813.652	,621.412,1.606000,0
7,aclnnSub_SubAiCore_Sub,N/A,N/A,1790932569449436.144	,910.358,1.088000,0
7,aclnnPowTensorScalar_PowsAiCore_Pows,N/A,N/A,1790932569450346.522	,985.260,0.000000,0
7,aclnnMean_ReduceMeanAiCore_ReduceMean,N/A,N/A,1790932569451333.102	,599.292,1.240000,0
7,aclnnAdds_AddAiCore_Add,N/A,N/A,1790932569451933.154	,10.380,0.958000,0
7,aclnnRsqrt_RsqrtAiCore_Rsqrt,N/A,N/A,1790932569451943.574	,8.360,0.000000,0
7,aclnnMul_MulAiCore_Mul,N/A,N/A,1790932569451951.954	,795.596,0.140000,0
7,aclnnInplaceCopy_CastAiCore_Cast,N/A,N/A,1790932569452747.590	,886.238,0.000000,0
7,aclnnMul_MulAiCore_Mul,N/A,N/A,1790932569453633.848	,430.528,0.012000,0
7,aclnnAdd_AddAiCore_Add,N/A,N/A,1790932569454064.416	,430.869,0.222000,0
7,aclnnAddmm_MatMulV3Common_MatMulV3,N/A,N/A,1790932569454495.305	,3117.182,0.000000,0
7,aclnnInplaceCopy_SliceAiCore_Slice,N/A,N/A,1790932569457612.507	,553.591,0.068000,0
7,aclnnInplaceCopy_CastAiCore_Cast,N/A,N/A,1790932569458166.118	,707.375,0.000000,0
7,aclnnMul_MulAiCore_Mul,N/A,N/A,1790932569458873.513	,947.619,0.125000,0
7,aclnnInplaceCopy_SliceAiCore_Slice,N/A,N/A,1790932569459821.152	,519.690,0.131000,0
7,aclnnInplaceCopy_CastAiCore_Cast,N/A,N/A,1790932569460340.862	,703.694,0.000000,0
7,aclnnNeg_SliceAiCore_Slice,N/A,N/A,1790932569461044.576	,893.398,0.056000,0
7,aclnnNeg_NegAiCore_Neg,N/A,N/A,1790932569461938.014	,473.229,0.102000,0
7,aclnnCat_SliceAiCore_Slice,N/A,N/A,1790932569462411.263	,866.858,0.021000,0
7,aclnnCat_ConcatD_ConcatD,N/A,N/A,1790932569463278.141	,964.899,0.142000,0
7,aclnnMul_MulAiCore_Mul,N/A,N/A,1790932569464243.060	,947.379,0.000000,0
7,aclnnAdd_AddAiCore_Add,N/A,N/A,1790932569465190.459	,1596.992,0.121000,0
7,aclnnInplaceCopy_CastAiCore_Cast,N/A,N/A,1790932569466787.471	,785.315,0.008000,0
7,aclnnInplaceCopy_SliceAiCore_Slice,N/A,N/A,1790932569467572.806	,498.670,0.000000,0
7,aclnnInplaceCopy_CastAiCore_Cast,N/A,N/A,1790932569468071.516	,707.934,0.080000,0
7,aclnnMul_MulAiCore_Mul,N/A,N/A,1790932569468779.490	,933.719,0.066000,0
7,aclnnInplaceCopy_SliceAiCore_Slice,N/A,N/A,1790932569469713.229	,524.271,0.031000,0
7,aclnnInplaceCopy_CastAiCore_Cast,N/A,N/A,1790932569470237.520	,704.554,0.000000,0
7,aclnnNeg_SliceAiCore_Slice,N/A,N/A,1790932569470942.094	,892.058,0.000000,0
7,aclnnNeg_NegAiCore_Neg,N/A,N/A,1790932569471834.172	,473.729,0.192000,0
7,aclnnCat_SliceAiCore_Slice,N/A,N/A,1790932569472307.921	,867.157,0.021000,0
7,aclnnCat_ConcatD_ConcatD,N/A,N/A,1790932569473175.098	,958.319,0.000000,0
7,aclnnMul_MulAiCore_Mul,N/A,N/A,1790932569474133.437	,953.180,0.181000,0
7,aclnnAdd_AddAiCore_Add,N/A,N/A,1790932569475086.637	,1598.971,0.070000,0
7,aclnnInplaceCopy_CastAiCore_Cast,N/A,N/A,1790932569476685.628	,789.896,0.029000,0
7,aclnnInplaceCopy_TransposeAiCore_Transpose,N/A,N/A,1790932569477475.544	,569.432,0.000000,0
7,aclnnInplaceCopy_TransposeAiCore_Transpose,N/A,N/A,1790932569478044.996	,586.791,0.068000,0
7,aclnnInplaceCopy_AsStridedAiCore_AsStrided,N/A,N/A,1790932569478631.807	,801.736,0.000000,0
7,InnerPromptFlashAttention_PromptFlashAttention_PromptFlashAttention,N/A,N/A,1790932569479435.003	,39664.213,1.514000,0
7,aclnnInplaceCopy_TransposeAiCore_Transpose,N/A,N/A,1790932569519100.356	,792.016,1.037000,0
7,aclnnAddmm_MatMulV3Common_MatMulV3,N/A,N/A,1790932569519892.392	,1169.583,0.234000,0
7,aclnnAdd_AddAiCore_Add,N/A,N/A,1790932569521061.995	,817.756,0.000000,0
7,aclnnInplaceCopy_CastAiCore_Cast,N/A,N/A,1790932569521879.771	,679.754,0.000000,0
7,aclnnMean_ReduceMeanAiCore_ReduceMean,N/A,N/A,1790932569522560.705	,620.132,1.246000,0
7,aclnnSub_SubAiCore_Sub,N/A,N/A,1790932569523181.837	,910.179,0.868000,0
7,aclnnPowTensorScalar_PowsAiCore_Pows,N/A,N/A,1790932569524092.036	,986.599,0.071000,0
7,aclnnMean_ReduceMeanAiCore_ReduceMean,N/A,N/A,1790932569525079.695	,594.832,1.151000,0
7,aclnnAdds_AddAiCore_Add,N/A,N/A,1790932569525675.347	,6.700,0.668000,0
7,aclnnRsqrt_RsqrtAiCore_Rsqrt,N/A,N/A,1790932569525682.067	,8.401,0.050000,0
7,aclnnMul_MulAiCore_Mul,N/A,N/A,1790932569525690.508	,798.876,0.099000,0
7,aclnnInplaceCopy_CastAiCore_Cast,N/A,N/A,1790932569526489.424	,887.977,0.124000,0
7,aclnnMul_MulAiCore_Mul,N/A,N/A,1790932569527377.421	,428.849,0.023000,0
7,aclnnAdd_AddAiCore_Add,N/A,N/A,1790932569527806.310	,431.568,0.000000,0
7,aclnnAddmm_MatMulV3Common_MatMulV3,N/A,N/A,1790932569528237.898	,4074.362,0.182000,0
7,aclnnGeluV2_GeluV2_GeluV2,N/A,N/A,1790932569532312.280	,2308.606,0.000000,0
7,aclnnAddmm_MatMulV3Common_MatMulV3,N/A,N/A,1790932569534621.046	,4364.567,0.144000,0
7,aclnnAdd_AddAiCore_Add,N/A,N/A,1790932569538985.633	,780.756,0.183000,0
7,aclnnEmbedding_GatherV2AiCore_GatherV2,N/A,N/A,1790932569539766.749	,1789.956,0.244000,0
7,aclnnInplaceZero_ZerosLikeAiCore_ZerosLike,N/A,N/A,1790932569541556.725	,135.842,0.044000,0
7,aclnnInplaceZero_ZerosLikeAiCore_ZerosLike,N/A,N/A,1790932569541692.607	,129.983,0.000000,0
7,aclnnInplaceZero_ZerosLikeAiCore_ZerosLike,N/A,N/A,1790932569541822.610	,130.102,0.017000,0
7,aclnnEqScalar_EqualAiCore_Equal,N/A,N/A,1790932569541952.732	,13.081,0.148000,0
7,aclnnLayerNormWithImplMode_LayerNormV3WithImplMode_LayerNormV3,N/A,N/A,1790932569541965.833	,1581.991,0.000000,0
7,aclnnLayerNormWithImplMode_CastAiCore_Cast,N/A,N/A,1790932569543547.864	,7.781,0.009000,0
7,aclnnLayerNormWithImplMode_CastAiCore_Cast,N/A,N/A,1790932569543555.665	,2.700,0.219000,0
7,aclnnAddmm_MatMulV3Common_MatMulV3,N/A,N/A,1790932569543558.385	,4126.842,0.050000,0
7,aclnnGelu_Gelu_Gelu,N/A,N/A,1790932569547685.247	,574.512,0.000000,0
7,aclnnAddmm_MatMulV3Common_MatMulV3,N/A,N/A,1790932569548259.919	,2658.993,0.238000,0
7,aclnnInplaceCopy_TensorMoveAiCore_TensorMove,N/A,N/A,1790932569550918.932	,309.966,0.007000,0
7,aclnnInplaceMaskedScatter_CastAiCore_Cast,N/A,N/A,1790932569551228.918	,6.140,0.034000,0
7,aclnnInplaceMaskedScatter_BroadcastToAiCore_BroadcastTo,N/A,N/A,1790932569551235.098	,209.844,0.000000,0
7,aclnnInplaceMaskedScatter_CastAiCore_Cast,N/A,N/A,1790932569551444.962	,529.851,0.156000,0
7,aclnnInplaceMaskedScatter_MaskedScatterAiCore_MaskedScatter,N/A,N/A,1790932569551974.853	,75037.859,0.000000,0
7,aclnnLayerNormWithImplMode_LayerNormV3WithImplMode_LayerNormV3,N/A,N/A,1790932569627012.732	,1409.108,0.141000,0
7,aclnnLayerNormWithImplMode_CastAiCore_Cast,N/A,N/A,1790932569628421.860	,6.960,0.000000,0
7,aclnnLayerNormWithImplMode_CastAiCore_Cast,N/A,N/A,1790932569628428.860	,2.540,0.040000,0
7,aclnnAddmm_MatMulV3Common_MatMulV3,N/A,N/A,1790932569628431.420	,4138.603,0.210000,0
7,aclnnGelu_Gelu_Gelu,N/A,N/A,1790932569632570.063	,575.452,0.000000,0
7,aclnnAddmm_MatMulV3Common_MatMulV3,N/A,N/A,1790932569633145.675	,2661.113,0.298000,0
7,aclnnNonzeroV2_NonzeroAiCore_MemSet,N/A,N/A,1790932569635806.828	,10.360,0.000000,0
7,aclnnNonzeroV2_NonzeroAiCore_NonZero,N/A,N/A,1790932569635818.668	,44.001,1.640000,0
7,aclnnIndexPutImpl_IndexPutV2_IndexPutV2,N/A,N/A,1790932569636326.638	,482.030,463.999000,0
7,aclnnLayerNormWithImplMode_LayerNormV3WithImplMode_LayerNormV3,N/A,N/A,1790932569636808.688	,1401.008,0.000000,0
7,aclnnLayerNormWithImplMode_CastAiCore_Cast,N/A,N/A,1790932569638209.716	,6.820,0.000000,0
7,aclnnLayerNormWithImplMode_CastAiCore_Cast,N/A,N/A,1790932569638216.556	,2.440,0.000000,0
7,aclnnAddmm_MatMulV3Common_MatMulV3,N/A,N/A,1790932569638219.036	,4127.722,0.060000,0
7,aclnnGelu_Gelu_Gelu,N/A,N/A,1790932569642346.778	,576.452,0.028000,0
7,aclnnAddmm_MatMulV3Common_MatMulV3,N/A,N/A,1790932569642923.390	,2655.933,0.298000,0
7,aclnnNonzeroV2_NonzeroAiCore_MemSet,N/A,N/A,1790932569645579.343	,9.080,0.000000,0
7,aclnnNonzeroV2_NonzeroAiCore_NonZero,N/A,N/A,1790932569645589.643	,42.321,1.420000,0
7,aclnnIndexPutImpl_IndexPutV2_IndexPutV2,N/A,N/A,1790932569645894.209	,478.770,262.179000,0
7,aclnnLayerNormWithImplMode_LayerNormV3WithImplMode_LayerNormV3,N/A,N/A,1790932569646372.999	,1397.428,0.000000,0
7,aclnnLayerNormWithImplMode_CastAiCore_Cast,N/A,N/A,1790932569647770.447	,6.840,0.072000,0
7,aclnnLayerNormWithImplMode_CastAiCore_Cast,N/A,N/A,1790932569647777.307	,2.820,0.000000,0
7,aclnnAddmm_MatMulV3Common_MatMulV3,N/A,N/A,1790932569647780.147	,4118.482,0.180000,0
7,aclnnGelu_Gelu_Gelu,N/A,N/A,1790932569651898.649	,576.292,0.018000,0
7,aclnnAddmm_MatMulV3Common_MatMulV3,N/A,N/A,1790932569652475.101	,2644.113,0.000000,0
7,aclnnNonzeroV2_NonzeroAiCore_MemSet,N/A,N/A,1790932569655119.234	,9.120,0.137000,0
7,aclnnNonzeroV2_NonzeroAiCore_NonZero,N/A,N/A,1790932569655129.614	,42.561,1.130000,0
7,aclnnIndexPutImpl_IndexPutV2_IndexPutV2,N/A,N/A,1790932569655429.100	,473.869,256.939000,0
7,aclnnArange_ArangeAiCore_Range,N/A,N/A,1790932569655902.989	,10.340,0.131000,0
7,aclnnGeTensor_GreaterEqual_GreaterEqual,N/A,N/A,1790932569655913.349	,53.401,0.000000,0
7,aclnnInplaceCopy_CastAiCore_Cast,N/A,N/A,1790932569655966.910	,8.781,0.349000,0
7,aclnnBitwiseAndTensor_LogicalAndAiCore_LogicalAnd,N/A,N/A,1790932569655975.731	,122.682,0.000000,0
7,aclnnInplaceFillScalar_FillAiCore_Fill,N/A,N/A,1790932569656098.433	,1.080,0.068000,0
7,aclnnInplaceFillScalar_FillAiCore_Fill,N/A,N/A,1790932569656099.533	,1.000,0.000000,0
7,aclnnSWhere_SelectV2AiCore_SelectV2,N/A,N/A,1790932569656100.553	,509.370,0.000000,0
7,aclnnInplaceCopy_CastAiCore_Cast,N/A,N/A,1790932569656609.963	,325.887,0.130000,0
7,aclnnInplaceCopy_CastAiCore_Cast,N/A,N/A,1790932569657134.594	,8.920,198.613000,0
7,aclnnMatmul_BroadcastToAiCore_BroadcastTo,N/A,N/A,1790932569657192.675	,1.440,49.330000,0
7,aclnnMatmul_MulAiCore_Mul,N/A,N/A,1790932569657195.255	,37.041,1.060000,0
7,aclnnInplaceCopy_TransposeAiCore_Transpose,N/A,N/A,1790932569657258.436	,30.501,26.209000,0
7,aclnnInplaceCopy_StridedSliceAiCore_StridedSlice,N/A,N/A,1790932569657534.082	,25.460,244.999000,0
7,aclnnInplaceCopy_TransposeAiCore_Transpose,N/A,N/A,1790932569657565.362	,41.441,5.790000,0
7,aclnnInplaceCopy_ViewCopyAiCpu_ViewCopy,N/A,N/A,1790932569657625.604	,1888.637,18.809000,0
7,aclnnInplaceCopy_StridedSliceAiCore_StridedSlice,N/A,N/A,1790932569659514.261	,17.621,0.113000,0
7,aclnnInplaceCopy_TransposeAiCore_Transpose,N/A,N/A,1790932569659531.902	,50.541,0.129000,0
7,aclnnInplaceCopy_ViewCopyAiCpu_ViewCopy,N/A,N/A,1790932569659582.483	,4311.126,0.000000,0
7,aclnnCat_ConcatD_ConcatD,N/A,N/A,1790932569663893.629	,59.221,0.124000,0
7,aclnnCos_CosAiCore_Cos,N/A,N/A,1790932569663952.870	,78.442,0.000000,0
7,aclnnInplaceCopy_CastAiCore_Cast,N/A,N/A,1790932569664031.352	,15.500,0.058000,0
7,aclnnSin_SinAiCore_Sin,N/A,N/A,1790932569664046.872	,74.481,0.000000,0
7,aclnnInplaceCopy_CastAiCore_Cast,N/A,N/A,1790932569664121.373	,8.341,0.019000,0
7,aclnnLtScalar_LessAiCore_Less,N/A,N/A,1790932569664129.734	,159.143,0.159000,0
7,aclnnBitwiseNot_LogicalNotAiCore_LogicalNot,N/A,N/A,1790932569664288.897	,47.121,0.107000,0
7,aclnnAny_ReduceAny_ReduceAny,N/A,N/A,1790932569664337.198	,59.721,1.129000,0
7,aclnnAll_ReduceAll_ReduceAll,N/A,N/A,1790932569664399.979	,2.720,3.029000,0
7,aclnnInplaceCopy_CastAiCore_Cast,N/A,N/A,1790932569665110.793	,439.629,708.030000,0
7,aclnnPowTensorScalar_PowsAiCore_Pows,N/A,N/A,1790932569665550.442	,655.633,0.121000,0
7,aclnnMean_ReduceMeanAiCore_ReduceMean,N/A,N/A,1790932569666207.355	,432.369,1.117000,0
7,aclnnAdds_AddAiCore_Add,N/A,N/A,1790932569666640.504	,5.860,0.881000,0
7,aclnnRsqrt_RsqrtAiCore_Rsqrt,N/A,N/A,1790932569666646.384	,7.180,0.140000,0
7,aclnnMul_MulAiCore_Mul,N/A,N/A,1790932569666653.584	,463.929,0.000000,0
7,aclnnInplaceCopy_CastAiCore_Cast,N/A,N/A,1790932569667117.553	,598.732,0.071000,0
7,aclnnMul_MulAiCore_Mul,N/A,N/A,1790932569667716.325	,266.606,0.018000,0
7,aclnnMatmul_MatMulV3Common_MatMulV3,N/A,N/A,1790932569667982.951	,3920.158,0.144000,0
7,aclnnInplaceCopy_SliceAiCore_Slice,N/A,N/A,1790932569671903.129	,522.090,0.092000,0
7,aclnnInplaceCopy_CastAiCore_Cast,N/A,N/A,1790932569672425.239	,704.594,0.000000,0
7,aclnnPowTensorScalar_PowsAiCore_Pows,N/A,N/A,1790932569673129.853	,1032.061,0.000000,0
7,aclnnMean_ReduceMeanAiCore_ReduceMean,N/A,N/A,1790932569674163.314	,573.852,1.439000,0
7,aclnnAdds_AddAiCore_Add,N/A,N/A,1790932569674738.166	,10.520,1.148000,0
7,aclnnRsqrt_RsqrtAiCore_Rsqrt,N/A,N/A,1790932569674748.706	,9.980,0.000000,0
7,aclnnMul_MulAiCore_Mul,N/A,N/A,1790932569674758.706	,831.237,0.020000,0
7,aclnnInplaceCopy_CastAiCore_Cast,N/A,N/A,1790932569675589.963	,875.837,0.013000,0
7,aclnnMul_MulAiCore_Mul,N/A,N/A,1790932569676465.820	,440.429,0.000000,0
7,aclnnInplaceCopy_SliceAiCore_Slice,N/A,N/A,1790932569676906.269	,119.142,0.071000,0
7,aclnnInplaceCopy_CastAiCore_Cast,N/A,N/A,1790932569677025.431	,76.142,0.108000,0
7,aclnnPowTensorScalar_PowsAiCore_Pows,N/A,N/A,1790932569677101.613	,135.422,0.000000,0
7,aclnnMean_ReduceMeanAiCore_ReduceMean,N/A,N/A,1790932569677238.316	,89.801,1.328000,0
7,aclnnAdds_AddAiCore_Add,N/A,N/A,1790932569677328.977	,8.160,0.949000,0
7,aclnnRsqrt_RsqrtAiCore_Rsqrt,N/A,N/A,1790932569677337.157	,8.961,0.090000,0
7,aclnnMul_MulAiCore_Mul,N/A,N/A,1790932569677346.138	,110.642,0.039000,0
7,aclnnInplaceCopy_CastAiCore_Cast,N/A,N/A,1790932569677456.800	,61.561,0.000000,0
7,aclnnMul_MulAiCore_Mul,N/A,N/A,1790932569677518.381	,61.561,0.189000,0
7,aclnnMul_TransposeAiCore_Transpose,N/A,N/A,1790932569677579.962	,919.419,0.000000,0
7,aclnnMul_MulAiCore_Mul,N/A,N/A,1790932569678499.421	,455.469,0.081000,0
7,aclnnNeg_AsStridedAiCore_AsStrided,N/A,N/A,1790932569678954.910	,402.768,0.031000,0
7,aclnnNeg_NegAiCore_Neg,N/A,N/A,1790932569679357.698	,204.964,0.000000,0
7,aclnnCat_AsStridedAiCore_AsStrided,N/A,N/A,1790932569679562.682	,441.809,0.036000,0
7,aclnnCat_ConcatD_ConcatD,N/A,N/A,1790932569680004.511	,463.429,0.000000,0
7,aclnnMul_MulAiCore_Mul,N/A,N/A,1790932569680467.980	,436.509,0.071000,0
7,aclnnAdd_AddAiCore_Add,N/A,N/A,1790932569680904.509	,816.776,0.000000,0
7,aclnnMul_TransposeAiCore_Transpose,N/A,N/A,1790932569681721.305	,130.663,0.000000,0
7,aclnnMul_MulAiCore_Mul,N/A,N/A,1790932569681851.988	,54.261,0.087000,0
7,aclnnNeg_AsStridedAiCore_AsStrided,N/A,N/A,1790932569681906.269	,121.442,0.000000,0
7,aclnnNeg_NegAiCore_Neg,N/A,N/A,1790932569682027.731	,30.341,0.058000,0
7,aclnnCat_AsStridedAiCore_AsStrided,N/A,N/A,1790932569682058.112	,46.561,0.000000,0
7,aclnnCat_ConcatD_ConcatD,N/A,N/A,1790932569682104.693	,47.501,0.189000,0
7,aclnnMul_MulAiCore_Mul,N/A,N/A,1790932569682152.214	,61.361,0.000000,0
7,aclnnAdd_AddAiCore_Add,N/A,N/A,1790932569682213.595	,162.583,0.000000,0
7,aclnnInplaceCopy_AsStridedAiCore_AsStrided,N/A,N/A,1790932569682376.198	,149.883,0.167000,0
7,InnerPromptFlashAttention_PromptFlashAttention_PromptFlashAttention,N/A,N/A,1790932569682527.041	,7339.587,0.867000,0
7,aclnnInplaceCopy_TransposeAiCore_Transpose,N/A,N/A,1790932569689867.688	,1256.645,1.163000,0
7,aclnnMatmul_MatMulV3Common_MatMulV3,N/A,N/A,1790932569691124.373	,2877.757,0.000000,0
7,aclnnAdd_AddAiCore_Add,N/A,N/A,1790932569694002.150	,508.891,0.243000,0
7,aclnnInplaceCopy_CastAiCore_Cast,N/A,N/A,1790932569694511.061	,415.188,0.000000,0
7,aclnnPowTensorScalar_PowsAiCore_Pows,N/A,N/A,1790932569694926.289	,656.973,0.062000,0
7,aclnnMean_ReduceMeanAiCore_ReduceMean,N/A,N/A,1790932569695584.362	,430.009,1.027000,0
7,aclnnAdds_AddAiCore_Add,N/A,N/A,1790932569696015.391	,5.820,1.241000,0
7,aclnnRsqrt_RsqrtAiCore_Rsqrt,N/A,N/A,1790932569696021.251	,7.000,0.000000,0
7,aclnnMul_MulAiCore_Mul,N/A,N/A,1790932569696028.271	,454.949,0.000000,0
7,aclnnInplaceCopy_CastAiCore_Cast,N/A,N/A,1790932569696483.240	,596.852,0.051000,0
7,aclnnMul_MulAiCore_Mul,N/A,N/A,1790932569697080.112	,261.545,0.000000,0
7,aclnnMatmul_MatMulV3Common_MatMulV3,N/A,N/A,1790932569697341.677	,12536.411,0.205000,0
7,aclnnSilu_SliceAiCore_Slice,N/A,N/A,1790932569709878.108	,1198.444,0.000000,0
7,aclnnSilu_SiluAiCore_Swish,N/A,N/A,1790932569711076.572	,1246.564,0.056000,0
7,aclnnMul_SliceAiCore_Slice,N/A,N/A,1790932569712323.176	,1199.604,0.186000,0
7,aclnnMul_MulAiCore_Mul,N/A,N/A,1790932569713522.800	,1930.399,0.000000,0
7,aclnnMatmul_MatMulV3Common_MatMulV3,N/A,N/A,1790932569715453.239	,6664.313,0.101000,0
7,aclnnAdd_AddAiCore_Add,N/A,N/A,1790932569722117.572	,488.970,0.000000,0
7,aclnnAdd_AddAiCore_Add,N/A,N/A,1790932569722606.562	,513.190,0.030000,0
7,aclnnInplaceCopy_CastAiCore_Cast,N/A,N/A,1790932569723119.772	,411.708,0.060000,0
7,aclnnPowTensorScalar_PowsAiCore_Pows,N/A,N/A,1790932569723531.500	,657.694,0.042000,0
7,aclnnMean_ReduceMeanAiCore_ReduceMean,N/A,N/A,1790932569724190.654	,428.168,1.556000,0
7,aclnnAdds_AddAiCore_Add,N/A,N/A,1790932569724620.022	,5.760,1.082000,0
7,aclnnRsqrt_RsqrtAiCore_Rsqrt,N/A,N/A,1790932569724625.802	,7.180,0.000000,0
7,aclnnMul_MulAiCore_Mul,N/A,N/A,1790932569724633.022	,461.710,0.070000,0
7,aclnnInplaceCopy_CastAiCore_Cast,N/A,N/A,1790932569725094.752	,599.412,0.040000,0
7,aclnnMul_MulAiCore_Mul,N/A,N/A,1790932569725694.184	,259.145,0.088000,0
7,aclnnMatmul_MatMulV3Common_MatMulV3,N/A,N/A,1790932569725953.349	,3923.958,0.000000,0
7,aclnnInplaceCopy_SliceAiCore_Slice,N/A,N/A,1790932569729877.327	,528.851,0.042000,0
7,aclnnInplaceCopy_CastAiCore_Cast,N/A,N/A,1790932569730406.198	,706.134,0.149000,0
7,aclnnPowTensorScalar_PowsAiCore_Pows,N/A,N/A,1790932569731112.352	,1030.821,0.000000,0
7,aclnnMean_ReduceMeanAiCore_ReduceMean,N/A,N/A,1790932569732144.453	,579.611,1.429000,0
7,aclnnAdds_AddAiCore_Add,N/A,N/A,1790932569732724.724	,10.680,0.639000,0
7,aclnnRsqrt_RsqrtAiCore_Rsqrt,N/A,N/A,1790932569732735.424	,10.081,0.070000,0
7,aclnnMul_MulAiCore_Mul,N/A,N/A,1790932569732745.525	,833.296,0.000000,0
7,aclnnInplaceCopy_CastAiCore_Cast,N/A,N/A,1790932569733578.841	,878.018,0.000000,0
7,aclnnMul_MulAiCore_Mul,N/A,N/A,1790932569734456.899	,441.109,0.232000,0
7,aclnnInplaceCopy_SliceAiCore_Slice,N/A,N/A,1790932569734898.028	,120.622,0.000000,0
7,aclnnInplaceCopy_CastAiCore_Cast,N/A,N/A,1790932569735018.690	,72.361,0.128000,0
7,aclnnPowTensorScalar_PowsAiCore_Pows,N/A,N/A,1790932569735091.091	,135.023,0.000000,0
7,aclnnMean_ReduceMeanAiCore_ReduceMean,N/A,N/A,1790932569735227.434	,89.302,1.477000,0
7,aclnnAdds_AddAiCore_Add,N/A,N/A,1790932569735317.496	,8.140,0.698000,0
7,aclnnRsqrt_RsqrtAiCore_Rsqrt,N/A,N/A,1790932569735325.656	,8.960,0.110000,0
7,aclnnMul_MulAiCore_Mul,N/A,N/A,1790932569735334.636	,109.722,0.040000,0
7,aclnnInplaceCopy_CastAiCore_Cast,N/A,N/A,1790932569735444.398	,63.522,0.028000,0
7,aclnnMul_MulAiCore_Mul,N/A,N/A,1790932569735507.960	,61.821,0.000000,0
7,aclnnMul_TransposeAiCore_Transpose,N/A,N/A,1790932569735569.821	,922.038,0.000000,0
7,aclnnMul_MulAiCore_Mul,N/A,N/A,1790932569736491.879	,456.050,0.212000,0
7,aclnnNeg_AsStridedAiCore_AsStrided,N/A,N/A,1790932569736947.949	,402.288,0.000000,0
7,aclnnNeg_NegAiCore_Neg,N/A,N/A,1790932569737350.257	,203.344,0.000000,0
7,aclnnCat_AsStridedAiCore_AsStrided,N/A,N/A,1790932569737553.621	,441.788,0.000000,0
7,aclnnCat_ConcatD_ConcatD,N/A,N/A,1790932569737995.429	,465.450,0.212000,0
7,aclnnMul_MulAiCore_Mul,N/A,N/A,1790932569738460.919	,435.948,0.050000,0
7,aclnnAdd_AddAiCore_Add,N/A,N/A,1790932569738896.887	,812.797,0.052000,0
7,aclnnMul_TransposeAiCore_Transpose,N/A,N/A,1790932569739709.724	,129.462,0.000000,0
7,aclnnMul_MulAiCore_Mul,N/A,N/A,1790932569739839.206	,56.521,0.038000,0
7,aclnnNeg_AsStridedAiCore_AsStrided,N/A,N/A,1790932569739895.747	,122.423,0.000000,0
7,aclnnNeg_NegAiCore_Neg,N/A,N/A,1790932569740018.190	,29.620,0.077000,0
7,aclnnCat_AsStridedAiCore_AsStrided,N/A,N/A,1790932569740047.830	,48.581,0.000000,0
7,aclnnCat_ConcatD_ConcatD,N/A,N/A,1790932569740096.431	,41.061,0.169000,0
7,aclnnMul_MulAiCore_Mul,N/A,N/A,1790932569740137.532	,61.481,0.000000,0
7,aclnnAdd_AddAiCore_Add,N/A,N/A,1790932569740199.053	,163.264,0.019000,0
7,aclnnInplaceCopy_AsStridedAiCore_AsStrided,N/A,N/A,1790932569740362.337	,144.783,0.000000,0
7,InnerPromptFlashAttention_PromptFlashAttention_PromptFlashAttention,N/A,N/A,1790932569740508.320	,7395.627,1.217000,0
7,aclnnInplaceCopy_TransposeAiCore_Transpose,N/A,N/A,1790932569747904.587	,1254.425,0.623000,0
7,aclnnMatmul_MatMulV3Common_MatMulV3,N/A,N/A,1790932569749159.032	,2882.298,0.075000,0
7,aclnnAdd_AddAiCore_Add,N/A,N/A,1790932569752041.350	,509.410,0.000000,0
7,aclnnInplaceCopy_CastAiCore_Cast,N/A,N/A,1790932569752550.800	,412.368,0.090000,0
7,aclnnPowTensorScalar_PowsAiCore_Pows,N/A,N/A,1790932569752963.188	,656.794,0.132000,0
7,aclnnMean_ReduceMeanAiCore_ReduceMean,N/A,N/A,1790932569753621.422	,430.108,1.456000,0
7,aclnnAdds_AddAiCore_Add,N/A,N/A,1790932569754052.490	,5.820,0.892000,0
7,aclnnRsqrt_RsqrtAiCore_Rsqrt,N/A,N/A,1790932569754058.330	,8.021,0.000000,0
7,aclnnMul_MulAiCore_Mul,N/A,N/A,1790932569754066.371	,454.429,0.000000,0
7,aclnnInplaceCopy_CastAiCore_Cast,N/A,N/A,1790932569754520.840	,596.272,0.071000,0
7,aclnnMul_MulAiCore_Mul,N/A,N/A,1790932569755117.152	,260.845,0.228000,0
7,aclnnMatmul_MatMulV3Common_MatMulV3,N/A,N/A,1790932569755378.017	,12564.491,0.000000,0
7,aclnnSilu_SliceAiCore_Slice,N/A,N/A,1790932569767942.528	,1198.024,0.009000,0
7,aclnnSilu_SiluAiCore_Swish,N/A,N/A,1790932569769140.572	,1271.305,0.000000,0
7,aclnnMul_SliceAiCore_Slice,N/A,N/A,1790932569770411.897	,1187.724,0.195000,0
7,aclnnMul_MulAiCore_Mul,N/A,N/A,1790932569771599.641	,1908.278,0.026000,0
7,aclnnMatmul_MatMulV3Common_MatMulV3,N/A,N/A,1790932569773507.959	,6678.053,0.000000,0
7,aclnnAdd_AddAiCore_Add,N/A,N/A,1790932569780186.032	,490.190,0.000000,0
7,aclnnAdd_AddAiCore_Add,N/A,N/A,1790932569780676.242	,509.870,0.060000,0
7,aclnnInplaceCopy_CastAiCore_Cast,N/A,N/A,1790932569781186.132	,413.009,0.130000,0
7,aclnnPowTensorScalar_PowsAiCore_Pows,N/A,N/A,1790932569781599.181	,657.513,0.000000,0
7,aclnnMean_ReduceMeanAiCore_ReduceMean,N/A,N/A,1790932569782257.654	,429.268,0.987000,0
7,aclnnAdds_AddAiCore_Add,N/A,N/A,1790932569782688.022	,5.781,0.982000,0
7,aclnnRsqrt_RsqrtAiCore_Rsqrt,N/A,N/A,1790932569782693.843	,7.080,0.000000,0
7,aclnnMul_MulAiCore_Mul,N/A,N/A,1790932569782700.943	,457.449,0.170000,0
7,aclnnInplaceCopy_CastAiCore_Cast,N/A,N/A,1790932569783158.412	,595.892,0.051000,0
7,aclnnMul_MulAiCore_Mul,N/A,N/A,1790932569783754.344	,259.545,0.000000,0
7,aclnnMatmul_MatMulV3Common_MatMulV3,N/A,N/A,1790932569784013.909	,3950.399,0.205000,0
7,aclnnInplaceCopy_SliceAiCore_Slice,N/A,N/A,1790932569787964.328	,521.030,0.000000,0
7,aclnnInplaceCopy_CastAiCore_Cast,N/A,N/A,1790932569788485.378	,706.974,0.220000,0
7,aclnnPowTensorScalar_PowsAiCore_Pows,N/A,N/A,1790932569789192.372	,1030.661,0.000000,0
7,aclnnMean_ReduceMeanAiCore_ReduceMean,N/A,N/A,1790932569790224.213	,580.432,1.339000,0
7,aclnnAdds_AddAiCore_Add,N/A,N/A,1790932569790805.605	,10.580,0.818000,0
7,aclnnRsqrt_RsqrtAiCore_Rsqrt,N/A,N/A,1790932569790816.225	,9.960,0.170000,0
7,aclnnMul_MulAiCore_Mul,N/A,N/A,1790932569790826.225	,832.137,0.040000,0
7,aclnnInplaceCopy_CastAiCore_Cast,N/A,N/A,1790932569791658.382	,877.397,0.113000,0
7,aclnnMul_MulAiCore_Mul,N/A,N/A,1790932569792535.819	,437.889,0.000000,0
7,aclnnInplaceCopy_SliceAiCore_Slice,N/A,N/A,1790932569792973.728	,119.822,0.111000,0
7,aclnnInplaceCopy_CastAiCore_Cast,N/A,N/A,1790932569793093.570	,72.562,0.000000,0
7,aclnnPowTensorScalar_PowsAiCore_Pows,N/A,N/A,1790932569793166.152	,130.642,0.188000,0
7,aclnnMean_ReduceMeanAiCore_ReduceMean,N/A,N/A,1790932569793297.774	,89.822,0.858000,0
7,aclnnAdds_AddAiCore_Add,N/A,N/A,1790932569793388.456	,7.420,0.928000,0
7,aclnnRsqrt_RsqrtAiCore_Rsqrt,N/A,N/A,1790932569793395.916	,8.821,0.080000,0
7,aclnnMul_MulAiCore_Mul,N/A,N/A,1790932569793404.757	,110.782,0.000000,0
7,aclnnInplaceCopy_CastAiCore_Cast,N/A,N/A,1790932569793515.559	,68.981,0.000000,0
7,aclnnMul_MulAiCore_Mul,N/A,N/A,1790932569793584.560	,62.281,0.019000,0
7,aclnnMul_TransposeAiCore_Transpose,N/A,N/A,1790932569793646.881	,920.959,0.219000,0
7,aclnnMul_MulAiCore_Mul,N/A,N/A,1790932569794567.860	,455.989,0.000000,0
7,aclnnNeg_AsStridedAiCore_AsStrided,N/A,N/A,1790932569795023.869	,398.168,0.011000,0
7,aclnnNeg_NegAiCore_Neg,N/A,N/A,1790932569795422.077	,207.364,0.082000,0
7,aclnnCat_AsStridedAiCore_AsStrided,N/A,N/A,1790932569795629.461	,445.849,0.136000,0
7,aclnnCat_ConcatD_ConcatD,N/A,N/A,1790932569796075.330	,465.449,0.000000,0
7,aclnnMul_MulAiCore_Mul,N/A,N/A,1790932569796540.799	,432.529,0.051000,0
7,aclnnAdd_AddAiCore_Add,N/A,N/A,1790932569796973.348	,813.596,0.000000,0
7,aclnnMul_TransposeAiCore_Transpose,N/A,N/A,1790932569797786.964	,130.523,0.154000,0
7,aclnnMul_MulAiCore_Mul,N/A,N/A,1790932569797917.507	,55.521,0.000000,0
7,aclnnNeg_AsStridedAiCore_AsStrided,N/A,N/A,1790932569797973.068	,121.342,0.000000,0
7,aclnnNeg_NegAiCore_Neg,N/A,N/A,1790932569798094.430	,28.541,0.158000,0
7,aclnnCat_AsStridedAiCore_AsStrided,N/A,N/A,1790932569798123.011	,46.301,0.000000,0
7,aclnnCat_ConcatD_ConcatD,N/A,N/A,1790932569798169.332	,41.201,0.000000,0
7,aclnnMul_MulAiCore_Mul,N/A,N/A,1790932569798210.573	,59.761,0.049000,0
7,aclnnAdd_AddAiCore_Add,N/A,N/A,1790932569798270.354	,162.743,0.000000,0
7,aclnnInplaceCopy_AsStridedAiCore_AsStrided,N/A,N/A,1790932569798433.137	,146.743,0.257000,0
7,InnerPromptFlashAttention_PromptFlashAttention_PromptFlashAttention,N/A,N/A,1790932569798581.020	,8801.396,1.007000,0
7,aclnnInplaceCopy_TransposeAiCore_Transpose,N/A,N/A,1790932569807383.536	,1256.765,1.104000,0
7,aclnnMatmul_MatMulV3Common_MatMulV3,N/A,N/A,1790932569808640.321	,2881.877,0.000000,0
7,aclnnAdd_AddAiCore_Add,N/A,N/A,1790932569811522.218	,505.211,0.123000,0
7,aclnnInplaceCopy_CastAiCore_Cast,N/A,N/A,1790932569812027.469	,412.968,0.039000,0
7,aclnnPowTensorScalar_PowsAiCore_Pows,N/A,N/A,1790932569812440.457	,658.113,0.032000,0
7,aclnnMean_ReduceMeanAiCore_ReduceMean,N/A,N/A,1790932569813099.770	,431.169,1.137000,0
7,aclnnAdds_AddAiCore_Add,N/A,N/A,1790932569813531.679	,5.720,0.831000,0
7,aclnnRsqrt_RsqrtAiCore_Rsqrt,N/A,N/A,1790932569813537.439	,7.080,0.030000,0
7,aclnnMul_MulAiCore_Mul,N/A,N/A,1790932569813544.559	,455.669,0.000000,0
7,aclnnInplaceCopy_CastAiCore_Cast,N/A,N/A,1790932569814000.248	,598.672,0.081000,0
7,aclnnMul_MulAiCore_Mul,N/A,N/A,1790932569814598.940	,260.905,0.078000,0
7,aclnnMatmul_MatMulV3Common_MatMulV3,N/A,N/A,1790932569814859.865	,12558.471,0.000000,0
7,aclnnSilu_SliceAiCore_Slice,N/A,N/A,1790932569827418.356	,1198.684,0.029000,0
7,aclnnSilu_SiluAiCore_Swish,N/A,N/A,1790932569828617.080	,1266.205,0.066000,0
7,aclnnMul_SliceAiCore_Slice,N/A,N/A,1790932569829883.305	,1191.724,0.045000,0
7,aclnnMul_MulAiCore_Mul,N/A,N/A,1790932569831075.069	,1914.198,0.026000,0
7,aclnnMatmul_MatMulV3Common_MatMulV3,N/A,N/A,1790932569832989.287	,6677.854,0.052000,0
7,aclnnAdd_AddAiCore_Add,N/A,N/A,1790932569839667.181	,489.550,0.146000,0
7,aclnnAdd_AddAiCore_Add,N/A,N/A,1790932569840156.751	,507.510,0.000000,0
7,aclnnInplaceCopy_CastAiCore_Cast,N/A,N/A,1790932569840664.281	,412.608,0.000000,0
7,aclnnPowTensorScalar_PowsAiCore_Pows,N/A,N/A,1790932569841076.909	,658.813,0.142000,0
7,aclnnMean_ReduceMeanAiCore_ReduceMean,N/A,N/A,1790932569841736.742	,431.469,0.937000,0
7,aclnnAdds_AddAiCore_Add,N/A,N/A,1790932569842169.271	,5.780,1.031000,0
7,aclnnRsqrt_RsqrtAiCore_Rsqrt,N/A,N/A,1790932569842175.071	,7.400,0.000000,0
7,aclnnMul_MulAiCore_Mul,N/A,N/A,1790932569842182.491	,454.669,0.100000,0
7,aclnnInplaceCopy_CastAiCore_Cast,N/A,N/A,1790932569842637.180	,597.532,0.081000,0
7,aclnnMul_MulAiCore_Mul,N/A,N/A,1790932569843234.732	,262.625,0.000000,0
7,aclnnMatmul_MatMulV3Common_MatMulV3,N/A,N/A,1790932569843497.377	,3926.399,0.125000,0
7,aclnnInplaceCopy_SliceAiCore_Slice,N/A,N/A,1790932569847423.796	,521.130,0.000000,0
7,aclnnInplaceCopy_CastAiCore_Cast,N/A,N/A,1790932569847944.946	,707.514,0.120000,0
7,aclnnPowTensorScalar_PowsAiCore_Pows,N/A,N/A,1790932569848652.480	,1028.501,0.000000,0
7,aclnnMean_ReduceMeanAiCore_ReduceMean,N/A,N/A,1790932569849682.361	,580.052,1.249000,0
7,aclnnAdds_AddAiCore_Add,N/A,N/A,1790932569850263.433	,10.300,1.198000,0
7,aclnnRsqrt_RsqrtAiCore_Rsqrt,N/A,N/A,1790932569850273.773	,9.880,0.000000,0
7,aclnnMul_MulAiCore_Mul,N/A,N/A,1790932569850283.673	,832.437,0.120000,0
7,aclnnInplaceCopy_CastAiCore_Cast,N/A,N/A,1790932569851116.130	,876.537,0.063000,0
7,aclnnMul_MulAiCore_Mul,N/A,N/A,1790932569851992.687	,438.009,0.000000,0
7,aclnnInplaceCopy_SliceAiCore_Slice,N/A,N/A,1790932569852430.716	,118.782,0.000000,0
7,aclnnInplaceCopy_CastAiCore_Cast,N/A,N/A,1790932569852549.518	,73.382,0.000000,0
7,aclnnPowTensorScalar_PowsAiCore_Pows,N/A,N/A,1790932569852622.920	,132.862,0.118000,0
7,aclnnMean_ReduceMeanAiCore_ReduceMean,N/A,N/A,1790932569852757.222	,89.202,1.388000,0
7,aclnnAdds_AddAiCore_Add,N/A,N/A,1790932569852847.264	,7.740,0.798000,0
7,aclnnRsqrt_RsqrtAiCore_Rsqrt,N/A,N/A,1790932569852855.024	,8.780,0.010000,0
7,aclnnMul_MulAiCore_Mul,N/A,N/A,1790932569852863.825	,110.002,0.000000,0
7,aclnnInplaceCopy_CastAiCore_Cast,N/A,N/A,1790932569852973.847	,64.381,0.000000,0
7,aclnnMul_MulAiCore_Mul,N/A,N/A,1790932569853038.248	,62.361,0.119000,0
7,aclnnMul_TransposeAiCore_Transpose,N/A,N/A,1790932569853100.629	,928.959,0.139000,0
7,aclnnMul_MulAiCore_Mul,N/A,N/A,1790932569854029.628	,457.649,0.041000,0
7,aclnnNeg_AsStridedAiCore_AsStrided,N/A,N/A,1790932569854487.297	,399.948,0.000000,0
7,aclnnNeg_NegAiCore_Neg,N/A,N/A,1790932569854887.265	,205.044,0.052000,0
7,aclnnCat_AsStridedAiCore_AsStrided,N/A,N/A,1790932569855092.329	,443.489,0.000000,0
7,aclnnCat_ConcatD_ConcatD,N/A,N/A,1790932569855535.838	,465.689,0.011000,0
7,aclnnMul_MulAiCore_Mul,N/A,N/A,1790932569856001.547	,434.949,0.061000,0
7,aclnnAdd_AddAiCore_Add,N/A,N/A,1790932569856436.516	,813.816,0.051000,0
7,aclnnMul_TransposeAiCore_Transpose,N/A,N/A,1790932569857250.352	,127.203,0.000000,0
7,aclnnMul_MulAiCore_Mul,N/A,N/A,1790932569857377.575	,55.241,0.047000,0
7,aclnnNeg_AsStridedAiCore_AsStrided,N/A,N/A,1790932569857432.836	,120.802,0.009000,0
7,aclnnNeg_NegAiCore_Neg,N/A,N/A,1790932569857553.678	,29.321,0.198000,0
7,aclnnCat_AsStridedAiCore_AsStrided,N/A,N/A,1790932569857583.019	,47.401,0.000000,0
7,aclnnCat_ConcatD_ConcatD,N/A,N/A,1790932569857630.440	,40.681,0.099000,0
7,aclnnMul_MulAiCore_Mul,N/A,N/A,1790932569857671.161	,60.421,0.069000,0
7,aclnnAdd_AddAiCore_Add,N/A,N/A,1790932569857731.602	,162.803,0.000000,0
7,aclnnInplaceCopy_AsStridedAiCore_AsStrided,N/A,N/A,1790932569857894.425	,144.963,0.197000,0
7,InnerPromptFlashAttention_PromptFlashAttention_PromptFlashAttention,N/A,N/A,1790932569858040.628	,7295.046,1.287000,0
7,aclnnInplaceCopy_TransposeAiCore_Transpose,N/A,N/A,1790932569865336.634	,1261.725,0.954000,0
7,aclnnMatmul_MatMulV3Common_MatMulV3,N/A,N/A,1790932569866598.379	,2892.058,0.025000,0
7,aclnnAdd_AddAiCore_Add,N/A,N/A,1790932569869490.457	,504.310,0.000000,0
7,aclnnInplaceCopy_CastAiCore_Cast,N/A,N/A,1790932569869994.787	,412.728,0.000000,0
7,aclnnPowTensorScalar_PowsAiCore_Pows,N/A,N/A,1790932569870407.535	,656.253,0.022000,0
7,aclnnMean_ReduceMeanAiCore_ReduceMean,N/A,N/A,1790932569871064.928	,428.289,1.247000,0
7,aclnnAdds_AddAiCore_Add,N/A,N/A,1790932569871494.117	,5.780,0.711000,0
7,aclnnRsqrt_RsqrtAiCore_Rsqrt,N/A,N/A,1790932569871499.917	,7.240,0.220000,0
7,aclnnMul_MulAiCore_Mul,N/A,N/A,1790932569871507.197	,460.709,0.010000,0
7,aclnnInplaceCopy_CastAiCore_Cast,N/A,N/A,1790932569871967.926	,597.032,0.041000,0
7,aclnnMul_MulAiCore_Mul,N/A,N/A,1790932569872564.978	,259.405,0.000000,0
7,aclnnMatmul_MatMulV3Common_MatMulV3,N/A,N/A,1790932569872824.403	,12530.591,0.095000,0
7,aclnnSilu_SliceAiCore_Slice,N/A,N/A,1790932569885355.014	,1197.504,0.000000,0
7,aclnnSilu_SiluAiCore_Swish,N/A,N/A,1790932569886552.538	,1266.125,0.000000,0
7,aclnnMul_SliceAiCore_Slice,N/A,N/A,1790932569887818.683	,1192.824,0.125000,0
7,aclnnMul_MulAiCore_Mul,N/A,N/A,1790932569889011.527	,1912.998,0.000000,0
7,aclnnMatmul_MatMulV3Common_MatMulV3,N/A,N/A,1790932569890924.545	,6689.874,0.002000,0
7,aclnnAdd_AddAiCore_Add,N/A,N/A,1790932569897614.439	,492.229,0.126000,0
7,aclnnInplaceCopy_CastAiCore_Cast,N/A,N/A,1790932569898106.688	,412.289,0.021000,0
7,aclnnPowTensorScalar_PowsAiCore_Pows,N/A,N/A,1790932569898518.997	,656.533,0.000000,0
7,aclnnMean_ReduceMeanAiCore_ReduceMean,N/A,N/A,1790932569899176.510	,429.308,0.967000,0
7,aclnnAdds_AddAiCore_Add,N/A,N/A,1790932569899606.778	,5.761,0.942000,0
7,aclnnRsqrt_RsqrtAiCore_Rsqrt,N/A,N/A,1790932569899612.559	,11.000,0.000000,0
7,aclnnMul_MulAiCore_Mul,N/A,N/A,1790932569899623.579	,462.829,0.000000,0
7,aclnnInplaceCopy_CastAiCore_Cast,N/A,N/A,1790932569900086.428	,598.932,0.171000,0
7,aclnnMul_MulAiCore_Mul,N/A,N/A,1790932569900685.400	,267.285,0.068000,0
7,aclnnMatmul_MatMulV3Common_MatMulV3,N/A,N/A,1790932569900952.725	,3976.240,0.000000,0
7,aclnnInplaceCopy_SliceAiCore_Slice,N/A,N/A,1790932569904928.985	,520.950,0.010000,0
7,aclnnInplaceCopy_CastAiCore_Cast,N/A,N/A,1790932569905449.955	,703.834,0.050000,0
7,aclnnPowTensorScalar_PowsAiCore_Pows,N/A,N/A,1790932569906153.809	,1033.301,0.000000,0
7,aclnnMean_ReduceMeanAiCore_ReduceMean,N/A,N/A,1790932569907188.430	,577.591,1.449000,0
7,aclnnAdds_AddAiCore_Add,N/A,N/A,1790932569907766.921	,10.021,0.909000,0
7,aclnnRsqrt_RsqrtAiCore_Rsqrt,N/A,N/A,1790932569907776.962	,9.920,0.000000,0
7,aclnnMul_MulAiCore_Mul,N/A,N/A,1790932569907786.902	,834.257,0.080000,0
7,aclnnInplaceCopy_CastAiCore_Cast,N/A,N/A,1790932569908621.199	,876.477,0.000000,0
7,aclnnMul_MulAiCore_Mul,N/A,N/A,1790932569909497.716	,443.909,0.023000,0
7,aclnnInplaceCopy_SliceAiCore_Slice,N/A,N/A,1790932569909941.665	,119.542,0.091000,0
7,aclnnInplaceCopy_CastAiCore_Cast,N/A,N/A,1790932569910061.227	,73.502,0.000000,0
7,aclnnPowTensorScalar_PowsAiCore_Pows,N/A,N/A,1790932569910134.749	,133.442,0.000000,0
7,aclnnMean_ReduceMeanAiCore_ReduceMean,N/A,N/A,1790932569910269.631	,90.802,1.558000,0
7,aclnnAdds_AddAiCore_Add,N/A,N/A,1790932569910361.473	,8.160,0.948000,0
7,aclnnRsqrt_RsqrtAiCore_Rsqrt,N/A,N/A,1790932569910369.673	,8.661,0.090000,0
7,aclnnMul_MulAiCore_Mul,N/A,N/A,1790932569910378.354	,109.802,0.000000,0
7,aclnnInplaceCopy_CastAiCore_Cast,N/A,N/A,1790932569910488.176	,62.461,0.198000,0
7,aclnnMul_MulAiCore_Mul,N/A,N/A,1790932569910550.657	,61.461,0.039000,0
7,aclnnMul_TransposeAiCore_Transpose,N/A,N/A,1790932569910612.138	,922.199,0.039000,0
7,aclnnMul_MulAiCore_Mul,N/A,N/A,1790932569911534.357	,455.649,0.000000,0
7,aclnnNeg_AsStridedAiCore_AsStrided,N/A,N/A,1790932569911990.026	,403.488,0.101000,0
7,aclnnNeg_NegAiCore_Neg,N/A,N/A,1790932569912393.534	,206.844,0.012000,0
7,aclnnCat_AsStridedAiCore_AsStrided,N/A,N/A,1790932569912600.398	,441.409,0.156000,0
7,aclnnCat_ConcatD_ConcatD,N/A,N/A,1790932569913041.827	,462.409,0.000000,0
7,aclnnMul_MulAiCore_Mul,N/A,N/A,1790932569913504.256	,433.129,0.091000,0
7,aclnnAdd_AddAiCore_Add,N/A,N/A,1790932569913937.405	,816.916,0.121000,0
7,aclnnMul_TransposeAiCore_Transpose,N/A,N/A,1790932569914754.341	,130.503,0.000000,0
7,aclnnMul_MulAiCore_Mul,N/A,N/A,1790932569914884.864	,54.841,0.000000,0
7,aclnnNeg_AsStridedAiCore_AsStrided,N/A,N/A,1790932569914939.725	,120.402,0.159000,0
7,aclnnNeg_NegAiCore_Neg,N/A,N/A,1790932569915060.147	,28.241,0.098000,0
7,aclnnCat_AsStridedAiCore_AsStrided,N/A,N/A,1790932569915088.408	,46.781,0.009000,0
7,aclnnCat_ConcatD_ConcatD,N/A,N/A,1790932569915135.209	,40.540,0.000000,0
7,aclnnMul_MulAiCore_Mul,N/A,N/A,1790932569915175.789	,60.242,0.000000,0
7,aclnnAdd_AddAiCore_Add,N/A,N/A,1790932569915236.051	,162.503,0.008000,0
7,aclnnInplaceCopy_AsStridedAiCore_AsStrided,N/A,N/A,1790932569915398.574	,143.803,0.000000,0
7,InnerPromptFlashAttention_PromptFlashAttention_PromptFlashAttention,N/A,N/A,1790932569915543.297	,8840.936,0.947000,0
7,aclnnInplaceCopy_TransposeAiCore_Transpose,N/A,N/A,1790932569924385.313	,1259.346,1.064000,0
7,aclnnMatmul_MatMulV3Common_MatMulV3,N/A,N/A,1790932569925644.679	,2897.238,0.154000,0
7,aclnnAdd_AddAiCore_Add,N/A,N/A,1790932569928541.937	,508.930,0.012000,0
7,aclnnInplaceCopy_CastAiCore_Cast,N/A,N/A,1790932569929050.887	,415.268,0.070000,0
7,aclnnPowTensorScalar_PowsAiCore_Pows,N/A,N/A,1790932569929466.175	,656.953,0.000000,0
7,aclnnMean_ReduceMeanAiCore_ReduceMean,N/A,N/A,1790932569930124.488	,429.589,1.297000,0
7,aclnnAdds_AddAiCore_Add,N/A,N/A,1790932569930555.197	,8.220,1.161000,0
7,aclnnRsqrt_RsqrtAiCore_Rsqrt,N/A,N/A,1790932569930563.437	,7.300,0.030000,0
7,aclnnMul_MulAiCore_Mul,N/A,N/A,1790932569930570.757	,454.349,0.000000,0
7,aclnnInplaceCopy_CastAiCore_Cast,N/A,N/A,1790932569931025.126	,595.412,0.151000,0
7,aclnnMul_MulAiCore_Mul,N/A,N/A,1790932569931620.558	,262.005,0.000000,0
7,aclnnMatmul_MatMulV3Common_MatMulV3,N/A,N/A,1790932569931882.583	,12550.551,0.000000,0
7,aclnnSilu_SliceAiCore_Slice,N/A,N/A,1790932569944433.154	,1196.964,0.199000,0
7,aclnnSilu_SiluAiCore_Swish,N/A,N/A,1790932569945630.138	,1243.305,0.036000,0
7,aclnnMul_SliceAiCore_Slice,N/A,N/A,1790932569946873.483	,1198.964,0.000000,0
7,aclnnMul_MulAiCore_Mul,N/A,N/A,1790932569948072.467	,1936.618,0.036000,0
7,aclnnMatmul_MatMulV3Common_MatMulV3,N/A,N/A,1790932569950009.125	,6677.014,0.000000,0
7,aclnnAdd_AddAiCore_Add,N/A,N/A,1790932569956686.159	,489.450,0.236000,0
7,aclnnInplaceCopy_CastAiCore_Cast,N/A,N/A,1790932569957175.629	,411.708,0.050000,0
7,aclnnPowTensorScalar_PowsAiCore_Pows,N/A,N/A,1790932569957587.357	,657.893,0.000000,0
7,aclnnMean_ReduceMeanAiCore_ReduceMean,N/A,N/A,1790932569958246.530	,429.209,1.357000,0
7,aclnnAdds_AddAiCore_Add,N/A,N/A,1790932569958676.899	,6.340,1.291000,0
7,aclnnRsqrt_RsqrtAiCore_Rsqrt,N/A,N/A,1790932569958683.259	,7.080,0.000000,0
7,aclnnMul_MulAiCore_Mul,N/A,N/A,1790932569958690.379	,462.689,0.170000,0
7,aclnnInplaceCopy_CastAiCore_Cast,N/A,N/A,1790932569959153.088	,595.552,0.000000,0
7,aclnnMul_MulAiCore_Mul,N/A,N/A,1790932569959748.660	,263.285,0.198000,0
7,aclnnMatmul_MatMulV3Common_MatMulV3,N/A,N/A,1790932569960011.965	,3946.299,0.000000,0
7,aclnnInplaceCopy_SliceAiCore_Slice,N/A,N/A,1790932569963958.284	,522.191,0.000000,0
7,aclnnInplaceCopy_CastAiCore_Cast,N/A,N/A,1790932569964480.495	,705.554,0.059000,0
7,aclnnPowTensorScalar_PowsAiCore_Pows,N/A,N/A,1790932569965186.069	,1028.220,0.000000,0
7,aclnnMean_ReduceMeanAiCore_ReduceMean,N/A,N/A,1790932569966215.249	,582.412,1.030000,0
7,aclnnAdds_AddAiCore_Add,N/A,N/A,1790932569966798.641	,10.380,1.088000,0
7,aclnnRsqrt_RsqrtAiCore_Rsqrt,N/A,N/A,1790932569966809.041	,10.020,0.000000,0
7,aclnnMul_MulAiCore_Mul,N/A,N/A,1790932569966819.081	,837.337,0.000000,0
7,aclnnInplaceCopy_CastAiCore_Cast,N/A,N/A,1790932569967656.458	,877.058,0.163000,0
7,aclnnMul_MulAiCore_Mul,N/A,N/A,1790932569968533.536	,439.608,0.000000,0
7,aclnnInplaceCopy_SliceAiCore_Slice,N/A,N/A,1790932569968973.164	,121.423,0.142000,0
7,aclnnInplaceCopy_CastAiCore_Cast,N/A,N/A,1790932569969094.627	,74.641,0.077000,0
7,aclnnPowTensorScalar_PowsAiCore_Pows,N/A,N/A,1790932569969169.288	,130.963,0.000000,0
7,aclnnMean_ReduceMeanAiCore_ReduceMean,N/A,N/A,1790932569969301.411	,90.802,1.287000,0
7,aclnnAdds_AddAiCore_Add,N/A,N/A,1790932569969393.293	,12.640,0.948000,0
7,aclnnRsqrt_RsqrtAiCore_Rsqrt,N/A,N/A,1790932569969405.953	,8.780,0.110000,0
7,aclnnMul_MulAiCore_Mul,N/A,N/A,1790932569969414.753	,109.182,0.000000,0
7,aclnnInplaceCopy_CastAiCore_Cast,N/A,N/A,1790932569969523.955	,63.802,0.068000,0
7,aclnnMul_MulAiCore_Mul,N/A,N/A,1790932569969587.777	,62.461,0.000000,0
7,aclnnMul_TransposeAiCore_Transpose,N/A,N/A,1790932569969650.258	,919.658,0.039000,0
7,aclnnMul_MulAiCore_Mul,N/A,N/A,1790932569970569.936	,458.389,0.092000,0
7,aclnnNeg_AsStridedAiCore_AsStrided,N/A,N/A,1790932569971028.345	,398.628,0.000000,0
7,aclnnNeg_NegAiCore_Neg,N/A,N/A,1790932569971426.993	,205.164,0.122000,0
7,aclnnCat_AsStridedAiCore_AsStrided,N/A,N/A,1790932569971632.177	,441.949,0.086000,0
7,aclnnCat_ConcatD_ConcatD,N/A,N/A,1790932569972074.146	,464.670,0.051000,0
7,aclnnMul_MulAiCore_Mul,N/A,N/A,1790932569972538.836	,434.388,0.000000,0
7,aclnnAdd_AddAiCore_Add,N/A,N/A,1790932569972973.244	,813.197,0.112000,0
7,aclnnMul_TransposeAiCore_Transpose,N/A,N/A,1790932569973786.481	,125.662,0.053000,0
7,aclnnMul_MulAiCore_Mul,N/A,N/A,1790932569973912.163	,56.261,0.088000,0
7,aclnnNeg_AsStridedAiCore_AsStrided,N/A,N/A,1790932569973968.444	,121.523,0.000000,0
7,aclnnNeg_NegAiCore_Neg,N/A,N/A,1790932569974089.987	,28.560,0.000000,0
7,aclnnCat_AsStridedAiCore_AsStrided,N/A,N/A,1790932569974118.587	,47.481,0.000000,0
7,aclnnCat_ConcatD_ConcatD,N/A,N/A,1790932569974166.088	,41.501,0.019000,0
7,aclnnMul_MulAiCore_Mul,N/A,N/A,1790932569974207.609	,60.001,0.000000,0
7,aclnnAdd_AddAiCore_Add,N/A,N/A,1790932569974267.630	,163.183,0.249000,0
7,aclnnInplaceCopy_AsStridedAiCore_AsStrided,N/A,N/A,1790932569974430.833	,149.083,0.000000,0
7,InnerPromptFlashAttention_PromptFlashAttention_PromptFlashAttention,N/A,N/A,1790932569974581.176	,7346.207,1.417000,0
7,aclnnInplaceCopy_TransposeAiCore_Transpose,N/A,N/A,1790932569981928.483	,1266.146,1.043000,0
7,aclnnMatmul_MatMulV3Common_MatMulV3,N/A,N/A,1790932569983194.649	,2881.617,0.104000,0
7,aclnnAdd_AddAiCore_Add,N/A,N/A,1790932569986076.286	,506.450,0.000000,0
7,aclnnInplaceCopy_CastAiCore_Cast,N/A,N/A,1790932569986582.756	,412.948,0.050000,0
7,aclnnPowTensorScalar_PowsAiCore_Pows,N/A,N/A,1790932569986995.724	,655.854,0.052000,0
7,aclnnMean_ReduceMeanAiCore_ReduceMean,N/A,N/A,1790932569987652.938	,428.268,1.396000,0
7,aclnnAdds_AddAiCore_Add,N/A,N/A,1790932569988082.286	,5.860,0.982000,0
7,aclnnRsqrt_RsqrtAiCore_Rsqrt,N/A,N/A,1790932569988088.186	,7.200,0.140000,0
7,aclnnMul_MulAiCore_Mul,N/A,N/A,1790932569988095.406	,460.150,0.050000,0
7,aclnnInplaceCopy_CastAiCore_Cast,N/A,N/A,1790932569988555.576	,596.692,0.000000,0
7,aclnnMul_MulAiCore_Mul,N/A,N/A,1790932569989152.288	,260.965,0.058000,0
7,aclnnMatmul_MatMulV3Common_MatMulV3,N/A,N/A,1790932569989413.273	,12589.571,0.035000,0
7,aclnnSilu_SliceAiCore_Slice,N/A,N/A,1790932570002002.864	,1198.624,0.000000,0
7,aclnnSilu_SiluAiCore_Swish,N/A,N/A,1790932570003201.508	,1262.005,0.126000,0
7,aclnnMul_SliceAiCore_Slice,N/A,N/A,1790932570004463.533	,1191.264,0.000000,0
7,aclnnMul_MulAiCore_Mul,N/A,N/A,1790932570005654.817	,1910.258,0.000000,0
7,aclnnMatmul_MatMulV3Common_MatMulV3,N/A,N/A,1790932570007565.095	,6685.034,0.000000,0
7,aclnnAdd_AddAiCore_Add,N/A,N/A,1790932570014250.149	,491.290,0.216000,0
7,aclnnInplaceCopy_CastAiCore_Cast,N/A,N/A,1790932570014741.459	,413.568,0.000000,0
7,aclnnPowTensorScalar_PowsAiCore_Pows,N/A,N/A,1790932570015155.047	,658.233,0.000000,0
7,aclnnMean_ReduceMeanAiCore_ReduceMean,N/A,N/A,1790932570015814.720	,430.329,1.517000,0
7,aclnnAdds_AddAiCore_Add,N/A,N/A,1790932570016245.749	,5.940,0.671000,0
7,aclnnRsqrt_RsqrtAiCore_Rsqrt,N/A,N/A,1790932570016251.709	,7.200,0.060000,0
7,aclnnMul_MulAiCore_Mul,N/A,N/A,1790932570016258.929	,456.169,0.050000,0
7,aclnnInplaceCopy_CastAiCore_Cast,N/A,N/A,1790932570016715.118	,599.152,0.000000,0
7,aclnnMul_MulAiCore_Mul,N/A,N/A,1790932570017314.290	,266.846,0.098000,0
7,aclnnMatmul_MatMulV3Common_MatMulV3,N/A,N/A,1790932570017581.156	,3935.038,0.154000,0
7,aclnnInplaceCopy_SliceAiCore_Slice,N/A,N/A,1790932570021516.234	,520.611,0.000000,0
7,aclnnInplaceCopy_CastAiCore_Cast,N/A,N/A,1790932570022036.865	,702.634,0.000000,0
7,aclnnPowTensorScalar_PowsAiCore_Pows,N/A,N/A,1790932570022739.519	,1034.620,0.116000,0
7,aclnnMean_ReduceMeanAiCore_ReduceMean,N/A,N/A,1790932570023775.239	,573.792,1.130000,0
7,aclnnAdds_AddAiCore_Add,N/A,N/A,1790932570024350.171	,10.560,1.208000,0
7,aclnnRsqrt_RsqrtAiCore_Rsqrt,N/A,N/A,1790932570024360.771	,9.920,0.000000,0
7,aclnnMul_MulAiCore_Mul,N/A,N/A,1790932570024370.731	,833.177,0.080000,0
7,aclnnInplaceCopy_CastAiCore_Cast,N/A,N/A,1790932570025203.928	,873.237,0.073000,0
7,aclnnMul_MulAiCore_Mul,N/A,N/A,1790932570026077.185	,437.589,0.013000,0
7,aclnnInplaceCopy_SliceAiCore_Slice,N/A,N/A,1790932570026514.814	,119.042,0.000000,0
7,aclnnInplaceCopy_CastAiCore_Cast,N/A,N/A,1790932570026633.876	,74.622,0.208000,0
7,aclnnPowTensorScalar_PowsAiCore_Pows,N/A,N/A,1790932570026708.518	,134.023,0.000000,0
7,aclnnMean_ReduceMeanAiCore_ReduceMean,N/A,N/A,1790932570026844.021	,89.021,1.477000,0
7,aclnnAdds_AddAiCore_Add,N/A,N/A,1790932570026934.042	,7.761,0.979000,0
7,aclnnRsqrt_RsqrtAiCore_Rsqrt,N/A,N/A,1790932570026941.823	,8.900,0.000000,0
7,aclnnMul_MulAiCore_Mul,N/A,N/A,1790932570026950.743	,110.102,0.100000,0
7,aclnnInplaceCopy_CastAiCore_Cast,N/A,N/A,1790932570027060.885	,62.781,0.148000,0
7,aclnnMul_MulAiCore_Mul,N/A,N/A,1790932570027123.686	,61.901,0.000000,0
7,aclnnMul_TransposeAiCore_Transpose,N/A,N/A,1790932570027185.607	,918.959,0.000000,0
7,aclnnMul_MulAiCore_Mul,N/A,N/A,1790932570028104.586	,457.149,0.041000,0
7,aclnnNeg_AsStridedAiCore_AsStrided,N/A,N/A,1790932570028561.755	,405.228,0.101000,0
7,aclnnNeg_NegAiCore_Neg,N/A,N/A,1790932570028967.003	,204.724,0.022000,0
7,aclnnCat_AsStridedAiCore_AsStrided,N/A,N/A,1790932570029171.747	,441.969,0.026000,0
7,aclnnCat_ConcatD_ConcatD,N/A,N/A,1790932570029613.736	,461.469,0.031000,0
7,aclnnMul_MulAiCore_Mul,N/A,N/A,1790932570030075.225	,432.189,0.031000,0
7,aclnnAdd_AddAiCore_Add,N/A,N/A,1790932570030507.434	,815.036,0.061000,0
7,aclnnMul_TransposeAiCore_Transpose,N/A,N/A,1790932570031322.490	,125.743,0.000000,0
7,aclnnMul_MulAiCore_Mul,N/A,N/A,1790932570031448.253	,55.941,0.007000,0
7,aclnnNeg_AsStridedAiCore_AsStrided,N/A,N/A,1790932570031504.214	,119.242,0.059000,0
7,aclnnNeg_NegAiCore_Neg,N/A,N/A,1790932570031623.476	,28.401,0.008000,0
7,aclnnCat_AsStridedAiCore_AsStrided,N/A,N/A,1790932570031651.897	,47.121,0.099000,0
7,aclnnCat_ConcatD_ConcatD,N/A,N/A,1790932570031699.058	,41.260,0.000000,0
7,aclnnMul_MulAiCore_Mul,N/A,N/A,1790932570031740.338	,61.982,0.000000,0
7,aclnnAdd_AddAiCore_Add,N/A,N/A,1790932570031802.340	,161.743,0.018000,0
7,aclnnInplaceCopy_AsStridedAiCore_AsStrided,N/A,N/A,1790932570031964.103	,145.763,0.007000,0
7,InnerPromptFlashAttention_PromptFlashAttention_PromptFlashAttention,N/A,N/A,1790932570032110.886	,7326.146,1.237000,0
7,aclnnInplaceCopy_TransposeAiCore_Transpose,N/A,N/A,1790932570039438.212	,1257.425,1.104000,0
7,aclnnMatmul_MatMulV3Common_MatMulV3,N/A,N/A,1790932570040695.657	,2887.078,0.075000,0
7,aclnnAdd_AddAiCore_Add,N/A,N/A,1790932570043582.755	,508.550,0.000000,0
7,aclnnInplaceCopy_CastAiCore_Cast,N/A,N/A,1790932570044091.345	,414.829,0.000000,0
7,aclnnPowTensorScalar_PowsAiCore_Pows,N/A,N/A,1790932570044506.214	,657.353,0.171000,0
7,aclnnMean_ReduceMeanAiCore_ReduceMean,N/A,N/A,1790932570045164.867	,433.928,1.147000,0
7,aclnnAdds_AddAiCore_Add,N/A,N/A,1790932570045599.815	,6.360,1.072000,0
7,aclnnRsqrt_RsqrtAiCore_Rsqrt,N/A,N/A,1790932570045606.195	,7.161,0.140000,0
7,aclnnMul_MulAiCore_Mul,N/A,N/A,1790932570045613.376	,454.609,0.089000,0
7,aclnnInplaceCopy_CastAiCore_Cast,N/A,N/A,1790932570046068.025	,596.452,0.000000,0
7,aclnnMul_MulAiCore_Mul,N/A,N/A,1790932570046664.497	,261.245,0.048000,0
7,aclnnMatmul_MatMulV3Common_MatMulV3,N/A,N/A,1790932570046925.762	,12574.271,0.005000,0
7,aclnnSilu_SliceAiCore_Slice,N/A,N/A,1790932570059500.053	,1201.264,0.000000,0
7,aclnnSilu_SiluAiCore_Swish,N/A,N/A,1790932570060701.337	,1242.145,0.000000,0
7,aclnnMul_SliceAiCore_Slice,N/A,N/A,1790932570061943.502	,1200.944,0.105000,0
7,aclnnMul_MulAiCore_Mul,N/A,N/A,1790932570063144.466	,1935.019,0.056000,0
7,aclnnMatmul_MatMulV3Common_MatMulV3,N/A,N/A,1790932570065079.505	,6680.473,0.000000,0
7,aclnnAdd_AddAiCore_Add,N/A,N/A,1790932570071759.998	,491.690,0.027000,0
7,aclnnInplaceCopy_CastAiCore_Cast,N/A,N/A,1790932570072251.728	,412.628,0.060000,0
7,aclnnPowTensorScalar_PowsAiCore_Pows,N/A,N/A,1790932570072664.376	,659.073,0.122000,0
7,aclnnMean_ReduceMeanAiCore_ReduceMean,N/A,N/A,1790932570073324.569	,434.629,0.927000,0
7,aclnnAdds_AddAiCore_Add,N/A,N/A,1790932570073760.358	,6.000,1.121000,0
7,aclnnRsqrt_RsqrtAiCore_Rsqrt,N/A,N/A,1790932570073766.378	,7.080,0.250000,0
7,aclnnMul_MulAiCore_Mul,N/A,N/A,1790932570073773.478	,455.209,0.000000,0
7,aclnnInplaceCopy_CastAiCore_Cast,N/A,N/A,1790932570074228.707	,596.392,0.041000,0
7,aclnnMul_MulAiCore_Mul,N/A,N/A,1790932570074825.119	,261.086,0.000000,0
7,aclnnMatmul_MatMulV3Common_MatMulV3,N/A,N/A,1790932570075086.225	,3927.638,0.164000,0
7,aclnnInplaceCopy_SliceAiCore_Slice,N/A,N/A,1790932570079013.883	,520.950,0.112000,0
7,aclnnInplaceCopy_CastAiCore_Cast,N/A,N/A,1790932570079534.853	,705.334,0.000000,0
7,aclnnPowTensorScalar_PowsAiCore_Pows,N/A,N/A,1790932570080240.207	,1030.281,0.166000,0
7,aclnnMean_ReduceMeanAiCore_ReduceMean,N/A,N/A,1790932570081271.648	,578.532,1.219000,0
7,aclnnAdds_AddAiCore_Add,N/A,N/A,1790932570081851.380	,10.680,1.218000,0
7,aclnnRsqrt_RsqrtAiCore_Rsqrt,N/A,N/A,1790932570081862.080	,9.880,0.000000,0
7,aclnnMul_MulAiCore_Mul,N/A,N/A,1790932570081871.980	,835.097,0.120000,0
7,aclnnInplaceCopy_CastAiCore_Cast,N/A,N/A,1790932570082707.117	,878.217,0.000000,0
7,aclnnMul_MulAiCore_Mul,N/A,N/A,1790932570083585.354	,440.149,0.033000,0
7,aclnnInplaceCopy_SliceAiCore_Slice,N/A,N/A,1790932570084025.523	,119.983,0.101000,0
7,aclnnInplaceCopy_CastAiCore_Cast,N/A,N/A,1790932570084145.526	,72.081,0.017000,0
7,aclnnPowTensorScalar_PowsAiCore_Pows,N/A,N/A,1790932570084217.627	,131.243,0.169000,0
7,aclnnMean_ReduceMeanAiCore_ReduceMean,N/A,N/A,1790932570084350.190	,89.361,1.257000,0
7,aclnnAdds_AddAiCore_Add,N/A,N/A,1790932570084440.751	,7.641,1.139000,0
7,aclnnRsqrt_RsqrtAiCore_Rsqrt,N/A,N/A,1790932570084448.432	,8.500,0.109000,0
7,aclnnMul_MulAiCore_Mul,N/A,N/A,1790932570084456.952	,110.222,0.000000,0
7,aclnnInplaceCopy_CastAiCore_Cast,N/A,N/A,1790932570084567.194	,64.321,0.028000,0
7,aclnnMul_MulAiCore_Mul,N/A,N/A,1790932570084631.555	,61.461,0.000000,0
7,aclnnMul_TransposeAiCore_Transpose,N/A,N/A,1790932570084693.056	,918.779,0.039000,0
7,aclnnMul_MulAiCore_Mul,N/A,N/A,1790932570085611.875	,459.489,0.221000,0
7,aclnnNeg_AsStridedAiCore_AsStrided,N/A,N/A,1790932570086071.384	,398.168,0.011000,0
7,aclnnNeg_NegAiCore_Neg,N/A,N/A,1790932570086469.572	,203.364,0.000000,0
7,aclnnCat_AsStridedAiCore_AsStrided,N/A,N/A,1790932570086672.956	,441.989,0.136000,0
7,aclnnCat_ConcatD_ConcatD,N/A,N/A,1790932570087114.985	,465.169,0.011000,0
7,aclnnMul_MulAiCore_Mul,N/A,N/A,1790932570087580.174	,435.869,0.081000,0
7,aclnnAdd_AddAiCore_Add,N/A,N/A,1790932570088016.063	,814.716,0.000000,0
7,aclnnMul_TransposeAiCore_Transpose,N/A,N/A,1790932570088830.799	,125.083,0.034000,0
7,aclnnMul_MulAiCore_Mul,N/A,N/A,1790932570088955.902	,55.141,0.167000,0
7,aclnnNeg_AsStridedAiCore_AsStrided,N/A,N/A,1790932570089011.083	,120.722,0.000000,0
7,aclnnNeg_NegAiCore_Neg,N/A,N/A,1790932570089131.825	,29.421,0.028000,0
7,aclnnCat_AsStridedAiCore_AsStrided,N/A,N/A,1790932570089161.266	,49.021,0.079000,0
7,aclnnCat_ConcatD_ConcatD,N/A,N/A,1790932570089210.307	,41.661,0.000000,0
7,aclnnMul_MulAiCore_Mul,N/A,N/A,1790932570089251.988	,58.961,0.089000,0
7,aclnnAdd_AddAiCore_Add,N/A,N/A,1790932570089310.989	,162.743,0.039000,0
7,aclnnInplaceCopy_AsStridedAiCore_AsStrided,N/A,N/A,1790932570089473.772	,147.223,0.007000,0
7,InnerPromptFlashAttention_PromptFlashAttention_PromptFlashAttention,N/A,N/A,1790932570089622.155	,7356.387,1.277000,0
7,aclnnInplaceCopy_TransposeAiCore_Transpose,N/A,N/A,1790932570096979.382	,1258.285,0.863000,0
7,aclnnMatmul_MatMulV3Common_MatMulV3,N/A,N/A,1790932570098237.687	,2882.338,0.000000,0
7,aclnnAdd_AddAiCore_Add,N/A,N/A,1790932570101120.045	,504.370,0.000000,0
7,aclnnInplaceCopy_CastAiCore_Cast,N/A,N/A,1790932570101624.435	,415.468,0.130000,0
7,aclnnPowTensorScalar_PowsAiCore_Pows,N/A,N/A,1790932570102039.923	,655.973,0.032000,0
7,aclnnMean_ReduceMeanAiCore_ReduceMean,N/A,N/A,1790932570102696.856	,430.049,0.777000,0
7,aclnnAdds_AddAiCore_Add,N/A,N/A,1790932570103127.825	,5.920,0.951000,0
7,aclnnRsqrt_RsqrtAiCore_Rsqrt,N/A,N/A,1790932570103133.765	,7.180,0.080000,0
7,aclnnMul_MulAiCore_Mul,N/A,N/A,1790932570103140.965	,449.489,0.070000,0
7,aclnnInplaceCopy_CastAiCore_Cast,N/A,N/A,1790932570103590.474	,596.452,0.011000,0
7,aclnnMul_MulAiCore_Mul,N/A,N/A,1790932570104186.966	,262.245,0.048000,0
7,aclnnMatmul_MatMulV3Common_MatMulV3,N/A,N/A,1790932570104449.231	,12591.532,0.005000,0
7,aclnnSilu_SliceAiCore_Slice,N/A,N/A,1790932570117040.783	,1199.444,0.000000,0
7,aclnnSilu_SiluAiCore_Swish,N/A,N/A,1790932570118240.247	,1267.385,0.056000,0
7,aclnnMul_SliceAiCore_Slice,N/A,N/A,1790932570119507.652	,1191.824,0.115000,0
7,aclnnMul_MulAiCore_Mul,N/A,N/A,1790932570120699.516	,1912.878,0.000000,0
7,aclnnMatmul_MatMulV3Common_MatMulV3,N/A,N/A,1790932570122612.414	,6685.094,0.122000,0
7,aclnnAdd_AddAiCore_Add,N/A,N/A,1790932570129297.528	,490.729,0.000000,0
7,aclnnInplaceCopy_CastAiCore_Cast,N/A,N/A,1790932570129788.277	,411.769,0.021000,0
7,aclnnPowTensorScalar_PowsAiCore_Pows,N/A,N/A,1790932570130200.066	,658.913,0.000000,0
7,aclnnMean_ReduceMeanAiCore_ReduceMean,N/A,N/A,1790932570130860.079	,430.248,1.087000,0
7,aclnnAdds_AddAiCore_Add,N/A,N/A,1790932570131291.347	,5.761,1.002000,0
7,aclnnRsqrt_RsqrtAiCore_Rsqrt,N/A,N/A,1790932570131297.128	,7.240,0.239000,0
7,aclnnMul_MulAiCore_Mul,N/A,N/A,1790932570131304.388	,455.449,0.010000,0
7,aclnnInplaceCopy_CastAiCore_Cast,N/A,N/A,1790932570131759.857	,597.492,0.000000,0
7,aclnnMul_MulAiCore_Mul,N/A,N/A,1790932570132357.369	,266.945,0.008000,0
7,aclnnMatmul_MatMulV3Common_MatMulV3,N/A,N/A,1790932570132624.354	,3970.879,0.055000,0
7,aclnnInplaceCopy_SliceAiCore_Slice,N/A,N/A,1790932570136595.253	,520.051,0.121000,0
7,aclnnInplaceCopy_CastAiCore_Cast,N/A,N/A,1790932570137115.324	,704.554,0.000000,0
7,aclnnPowTensorScalar_PowsAiCore_Pows,N/A,N/A,1790932570137819.898	,1031.581,0.196000,0
7,aclnnMean_ReduceMeanAiCore_ReduceMean,N/A,N/A,1790932570138852.539	,575.651,0.919000,0
7,aclnnAdds_AddAiCore_Add,N/A,N/A,1790932570139429.230	,10.560,1.099000,0
7,aclnnRsqrt_RsqrtAiCore_Rsqrt,N/A,N/A,1790932570139439.810	,10.000,0.000000,0
7,aclnnMul_MulAiCore_Mul,N/A,N/A,1790932570139449.830	,832.177,0.000000,0
7,aclnnInplaceCopy_CastAiCore_Cast,N/A,N/A,1790932570140282.027	,875.318,0.073000,0
7,aclnnMul_MulAiCore_Mul,N/A,N/A,1790932570141157.365	,438.528,0.000000,0
7,aclnnInplaceCopy_SliceAiCore_Slice,N/A,N/A,1790932570141595.913	,126.783,0.222000,0
7,aclnnInplaceCopy_CastAiCore_Cast,N/A,N/A,1790932570141722.716	,75.781,0.000000,0
7,aclnnPowTensorScalar_PowsAiCore_Pows,N/A,N/A,1790932570141798.517	,132.643,0.000000,0
7,aclnnMean_ReduceMeanAiCore_ReduceMean,N/A,N/A,1790932570141932.160	,90.042,1.107000,0
7,aclnnAdds_AddAiCore_Add,N/A,N/A,1790932570142022.862	,7.940,0.458000,0
7,aclnnRsqrt_RsqrtAiCore_Rsqrt,N/A,N/A,1790932570142030.822	,8.980,0.060000,0
7,aclnnMul_MulAiCore_Mul,N/A,N/A,1790932570142039.842	,109.362,0.020000,0
7,aclnnInplaceCopy_CastAiCore_Cast,N/A,N/A,1790932570142149.224	,61.982,0.138000,0
7,aclnnMul_MulAiCore_Mul,N/A,N/A,1790932570142211.226	,62.101,0.018000,0
7,aclnnMul_TransposeAiCore_Transpose,N/A,N/A,1790932570142273.347	,918.278,0.000000,0
7,aclnnMul_MulAiCore_Mul,N/A,N/A,1790932570143191.645	,455.609,0.222000,0
7,aclnnNeg_AsStridedAiCore_AsStrided,N/A,N/A,1790932570143647.294	,397.528,0.000000,0
7,aclnnNeg_NegAiCore_Neg,N/A,N/A,1790932570144044.842	,205.264,0.000000,0
7,aclnnCat_AsStridedAiCore_AsStrided,N/A,N/A,1790932570144250.126	,441.129,0.236000,0
7,aclnnCat_ConcatD_ConcatD,N/A,N/A,1790932570144691.275	,461.349,0.000000,0
7,aclnnMul_MulAiCore_Mul,N/A,N/A,1790932570145152.644	,436.169,0.151000,0
7,aclnnAdd_AddAiCore_Add,N/A,N/A,1790932570145588.833	,817.896,0.000000,0
7,aclnnMul_TransposeAiCore_Transpose,N/A,N/A,1790932570146406.749	,127.143,0.104000,0
7,aclnnMul_MulAiCore_Mul,N/A,N/A,1790932570146533.912	,54.581,0.107000,0
7,aclnnNeg_AsStridedAiCore_AsStrided,N/A,N/A,1790932570146588.513	,121.083,0.000000,0
7,aclnnNeg_NegAiCore_Neg,N/A,N/A,1790932570146709.616	,29.980,0.000000,0
7,aclnnCat_AsStridedAiCore_AsStrided,N/A,N/A,1790932570146739.616	,45.921,0.020000,0
7,aclnnCat_ConcatD_ConcatD,N/A,N/A,1790932570146785.557	,41.621,0.079000,0
7,aclnnMul_MulAiCore_Mul,N/A,N/A,1790932570146827.218	,60.961,0.129000,0
7,aclnnAdd_AddAiCore_Add,N/A,N/A,1790932570146888.199	,162.743,0.039000,0
7,aclnnInplaceCopy_AsStridedAiCore_AsStrided,N/A,N/A,1790932570147050.962	,145.163,0.007000,0
7,InnerPromptFlashAttention_PromptFlashAttention_PromptFlashAttention,N/A,N/A,1790932570147197.025	,7364.027,0.837000,0
7,aclnnInplaceCopy_TransposeAiCore_Transpose,N/A,N/A,1790932570154561.752	,1258.426,0.723000,0
7,aclnnMatmul_MatMulV3Common_MatMulV3,N/A,N/A,1790932570155820.198	,2884.657,0.074000,0
7,aclnnAdd_AddAiCore_Add,N/A,N/A,1790932570158704.875	,509.210,0.093000,0
7,aclnnInplaceCopy_CastAiCore_Cast,N/A,N/A,1790932570159214.105	,414.529,0.000000,0
7,aclnnPowTensorScalar_PowsAiCore_Pows,N/A,N/A,1790932570159628.654	,657.633,0.221000,0
7,aclnnMean_ReduceMeanAiCore_ReduceMean,N/A,N/A,1790932570160287.767	,429.428,1.367000,0
7,aclnnAdds_AddAiCore_Add,N/A,N/A,1790932570160718.155	,8.341,1.072000,0
7,aclnnRsqrt_RsqrtAiCore_Rsqrt,N/A,N/A,1790932570160726.516	,7.160,0.000000,0
7,aclnnMul_MulAiCore_Mul,N/A,N/A,1790932570160733.696	,460.049,0.090000,0
7,aclnnInplaceCopy_CastAiCore_Cast,N/A,N/A,1790932570161193.765	,594.472,0.000000,0
7,aclnnMul_MulAiCore_Mul,N/A,N/A,1790932570161788.257	,268.865,0.028000,0
7,aclnnMatmul_MatMulV3Common_MatMulV3,N/A,N/A,1790932570162057.142	,12555.931,0.135000,0
7,aclnnSilu_SliceAiCore_Slice,N/A,N/A,1790932570174613.093	,1198.084,0.000000,0
7,aclnnSilu_SiluAiCore_Swish,N/A,N/A,1790932570175811.197	,1241.665,0.166000,0
7,aclnnMul_SliceAiCore_Slice,N/A,N/A,1790932570177052.882	,1201.124,0.085000,0
7,aclnnMul_MulAiCore_Mul,N/A,N/A,1790932570178254.026	,1933.758,0.000000,0
7,aclnnMatmul_MatMulV3Common_MatMulV3,N/A,N/A,1790932570180187.804	,6681.794,0.000000,0
7,aclnnAdd_AddAiCore_Add,N/A,N/A,1790932570186869.618	,489.830,0.000000,0
7,aclnnInplaceCopy_CastAiCore_Cast,N/A,N/A,1790932570187359.488	,412.888,0.170000,0
7,aclnnPowTensorScalar_PowsAiCore_Pows,N/A,N/A,1790932570187772.396	,659.293,0.112000,0
7,aclnnMean_ReduceMeanAiCore_ReduceMean,N/A,N/A,1790932570188432.969	,427.229,1.207000,0
7,aclnnAdds_AddAiCore_Add,N/A,N/A,1790932570188860.958	,5.980,0.771000,0
7,aclnnRsqrt_RsqrtAiCore_Rsqrt,N/A,N/A,1790932570188866.978	,7.240,0.020000,0
7,aclnnMul_MulAiCore_Mul,N/A,N/A,1790932570188874.258	,454.909,0.010000,0
7,aclnnInplaceCopy_CastAiCore_Cast,N/A,N/A,1790932570189329.187	,599.032,0.091000,0
7,aclnnMul_MulAiCore_Mul,N/A,N/A,1790932570189928.239	,261.565,0.000000,0
7,aclnnMatmul_MatMulV3Common_MatMulV3,N/A,N/A,1790932570190189.824	,3950.979,0.000000,0
7,aclnnInplaceCopy_SliceAiCore_Slice,N/A,N/A,1790932570194140.823	,524.271,0.021000,0
7,aclnnInplaceCopy_CastAiCore_Cast,N/A,N/A,1790932570194665.134	,706.614,0.229000,0
7,aclnnPowTensorScalar_PowsAiCore_Pows,N/A,N/A,1790932570195371.768	,1030.260,0.000000,0
7,aclnnMean_ReduceMeanAiCore_ReduceMean,N/A,N/A,1790932570196402.928	,580.712,0.990000,0
7,aclnnAdds_AddAiCore_Add,N/A,N/A,1790932570196984.580	,10.720,0.788000,0
7,aclnnRsqrt_RsqrtAiCore_Rsqrt,N/A,N/A,1790932570196995.320	,10.000,0.030000,0
7,aclnnMul_MulAiCore_Mul,N/A,N/A,1790932570197005.360	,835.197,0.000000,0
7,aclnnInplaceCopy_CastAiCore_Cast,N/A,N/A,1790932570197840.577	,880.238,0.053000,0
7,aclnnMul_MulAiCore_Mul,N/A,N/A,1790932570198720.855	,438.888,0.012000,0
7,aclnnInplaceCopy_SliceAiCore_Slice,N/A,N/A,1790932570199159.783	,118.963,0.112000,0
7,aclnnInplaceCopy_CastAiCore_Cast,N/A,N/A,1790932570199278.766	,76.181,0.037000,0
7,aclnnPowTensorScalar_PowsAiCore_Pows,N/A,N/A,1790932570199354.967	,134.383,0.069000,0
7,aclnnMean_ReduceMeanAiCore_ReduceMean,N/A,N/A,1790932570199490.650	,90.302,1.367000,0
7,aclnnAdds_AddAiCore_Add,N/A,N/A,1790932570199581.912	,12.220,0.948000,0
7,aclnnRsqrt_RsqrtAiCore_Rsqrt,N/A,N/A,1790932570199594.152	,8.740,0.030000,0
7,aclnnMul_MulAiCore_Mul,N/A,N/A,1790932570199602.912	,108.603,0.010000,0
7,aclnnInplaceCopy_CastAiCore_Cast,N/A,N/A,1790932570199711.535	,65.801,0.000000,0
7,aclnnMul_MulAiCore_Mul,N/A,N/A,1790932570199777.356	,68.341,0.000000,0
7,aclnnMul_TransposeAiCore_Transpose,N/A,N/A,1790932570199845.737	,917.339,0.159000,0
7,aclnnMul_MulAiCore_Mul,N/A,N/A,1790932570200763.096	,456.929,0.000000,0
7,aclnnNeg_AsStridedAiCore_AsStrided,N/A,N/A,1790932570201220.045	,398.168,0.071000,0
7,aclnnNeg_NegAiCore_Neg,N/A,N/A,1790932570201618.233	,205.164,0.082000,0
7,aclnnCat_AsStridedAiCore_AsStrided,N/A,N/A,1790932570201823.417	,446.469,0.086000,0
7,aclnnCat_ConcatD_ConcatD,N/A,N/A,1790932570202269.926	,465.369,0.031000,0
7,aclnnMul_MulAiCore_Mul,N/A,N/A,1790932570202735.335	,436.689,0.000000,0
7,aclnnAdd_AddAiCore_Add,N/A,N/A,1790932570203172.044	,812.836,0.061000,0
7,aclnnMul_TransposeAiCore_Transpose,N/A,N/A,1790932570203984.900	,126.242,0.164000,0
7,aclnnMul_MulAiCore_Mul,N/A,N/A,1790932570204111.162	,55.182,0.008000,0
7,aclnnNeg_AsStridedAiCore_AsStrided,N/A,N/A,1790932570204166.364	,121.322,0.000000,0
7,aclnnNeg_NegAiCore_Neg,N/A,N/A,1790932570204287.706	,28.661,0.178000,0
7,aclnnCat_AsStridedAiCore_AsStrided,N/A,N/A,1790932570204316.387	,48.640,0.089000,0
7,aclnnCat_ConcatD_ConcatD,N/A,N/A,1790932570204365.047	,42.541,0.000000,0
7,aclnnMul_MulAiCore_Mul,N/A,N/A,1790932570204407.608	,60.442,0.000000,0
7,aclnnAdd_AddAiCore_Add,N/A,N/A,1790932570204468.070	,162.623,0.058000,0
7,aclnnInplaceCopy_AsStridedAiCore_AsStrided,N/A,N/A,1790932570204630.713	,146.463,0.127000,0
7,InnerPromptFlashAttention_PromptFlashAttention_PromptFlashAttention,N/A,N/A,1790932570204778.096	,7295.686,0.787000,0
7,aclnnInplaceCopy_TransposeAiCore_Transpose,N/A,N/A,1790932570212074.662	,1256.145,1.064000,0
7,aclnnMatmul_MatMulV3Common_MatMulV3,N/A,N/A,1790932570213330.827	,2879.917,0.000000,0
7,aclnnAdd_AddAiCore_Add,N/A,N/A,1790932570216210.764	,504.370,0.083000,0
7,aclnnInplaceCopy_CastAiCore_Cast,N/A,N/A,1790932570216715.154	,413.409,0.130000,0
7,aclnnPowTensorScalar_PowsAiCore_Pows,N/A,N/A,1790932570217128.583	,656.493,0.000000,0
7,aclnnMean_ReduceMeanAiCore_ReduceMean,N/A,N/A,1790932570217786.136	,431.048,1.257000,0
7,aclnnAdds_AddAiCore_Add,N/A,N/A,1790932570218217.924	,6.240,0.702000,0
7,aclnnRsqrt_RsqrtAiCore_Rsqrt,N/A,N/A,1790932570218224.184	,7.241,0.010000,0
7,aclnnMul_MulAiCore_Mul,N/A,N/A,1790932570218231.445	,457.729,0.009000,0
7,aclnnInplaceCopy_CastAiCore_Cast,N/A,N/A,1790932570218689.194	,597.652,0.021000,0
7,aclnnMul_MulAiCore_Mul,N/A,N/A,1790932570219286.866	,259.105,0.000000,0
7,aclnnMatmul_MatMulV3Common_MatMulV3,N/A,N/A,1790932570219545.991	,12563.431,0.145000,0
7,aclnnSilu_SliceAiCore_Slice,N/A,N/A,1790932570232109.442	,1199.304,0.069000,0
7,aclnnSilu_SiluAiCore_Swish,N/A,N/A,1790932570233308.786	,1263.125,0.000000,0
7,aclnnMul_SliceAiCore_Slice,N/A,N/A,1790932570234571.931	,1193.384,0.125000,0
7,aclnnMul_MulAiCore_Mul,N/A,N/A,1790932570235765.335	,1913.018,0.000000,0
7,aclnnMatmul_MatMulV3Common_MatMulV3,N/A,N/A,1790932570237678.373	,6691.834,0.000000,0
7,aclnnAdd_AddAiCore_Add,N/A,N/A,1790932570244370.227	,490.870,0.166000,0
7,aclnnInplaceCopy_CastAiCore_Cast,N/A,N/A,1790932570244861.117	,412.268,0.000000,0
7,aclnnPowTensorScalar_PowsAiCore_Pows,N/A,N/A,1790932570245273.405	,658.233,0.232000,0
7,aclnnMean_ReduceMeanAiCore_ReduceMean,N/A,N/A,1790932570245932.758	,431.089,1.017000,0
7,aclnnAdds_AddAiCore_Add,N/A,N/A,1790932570246365.047	,6.240,1.161000,0
7,aclnnRsqrt_RsqrtAiCore_Rsqrt,N/A,N/A,1790932570246371.307	,7.280,0.010000,0
7,aclnnMul_MulAiCore_Mul,N/A,N/A,1790932570246378.627	,462.089,0.220000,0
7,aclnnInplaceCopy_CastAiCore_Cast,N/A,N/A,1790932570246840.736	,598.072,0.000000,0
7,aclnnMul_MulAiCore_Mul,N/A,N/A,1790932570247438.828	,264.165,0.000000,0
7,aclnnMatmul_MatMulV3Common_MatMulV3,N/A,N/A,1790932570247703.013	,3937.539,0.085000,0
7,aclnnInplaceCopy_SliceAiCore_Slice,N/A,N/A,1790932570251640.572	,521.810,0.000000,0
7,aclnnInplaceCopy_CastAiCore_Cast,N/A,N/A,1790932570252162.402	,704.815,0.190000,0
7,aclnnPowTensorScalar_PowsAiCore_Pows,N/A,N/A,1790932570252867.237	,1034.940,0.000000,0
7,aclnnMean_ReduceMeanAiCore_ReduceMean,N/A,N/A,1790932570253903.537	,574.472,1.310000,0
7,aclnnAdds_AddAiCore_Add,N/A,N/A,1790932570254479.129	,10.240,1.278000,0
7,aclnnRsqrt_RsqrtAiCore_Rsqrt,N/A,N/A,1790932570254489.389	,9.960,0.010000,0
7,aclnnMul_MulAiCore_Mul,N/A,N/A,1790932570254499.389	,831.717,0.040000,0
7,aclnnInplaceCopy_CastAiCore_Cast,N/A,N/A,1790932570255331.126	,877.317,0.033000,0
7,aclnnMul_MulAiCore_Mul,N/A,N/A,1790932570256208.463	,438.089,0.000000,0
7,aclnnInplaceCopy_SliceAiCore_Slice,N/A,N/A,1790932570256646.572	,120.142,0.000000,0
7,aclnnInplaceCopy_CastAiCore_Cast,N/A,N/A,1790932570256766.734	,73.342,0.108000,0
7,aclnnPowTensorScalar_PowsAiCore_Pows,N/A,N/A,1790932570256840.096	,131.583,0.000000,0
7,aclnnMean_ReduceMeanAiCore_ReduceMean,N/A,N/A,1790932570256972.619	,88.881,0.917000,0
7,aclnnAdds_AddAiCore_Add,N/A,N/A,1790932570257062.700	,7.841,1.369000,0
7,aclnnRsqrt_RsqrtAiCore_Rsqrt,N/A,N/A,1790932570257070.561	,8.820,0.000000,0
7,aclnnMul_MulAiCore_Mul,N/A,N/A,1790932570257079.401	,109.122,0.180000,0
7,aclnnInplaceCopy_CastAiCore_Cast,N/A,N/A,1790932570257188.543	,61.681,0.000000,0
7,aclnnMul_MulAiCore_Mul,N/A,N/A,1790932570257250.264	,61.541,0.069000,0
7,aclnnMul_TransposeAiCore_Transpose,N/A,N/A,1790932570257311.845	,916.839,0.000000,0
7,aclnnMul_MulAiCore_Mul,N/A,N/A,1790932570258228.704	,455.269,0.161000,0
7,aclnnNeg_AsStridedAiCore_AsStrided,N/A,N/A,1790932570258684.013	,409.288,0.000000,0
7,aclnnNeg_NegAiCore_Neg,N/A,N/A,1790932570259093.321	,204.284,0.000000,0
7,aclnnCat_AsStridedAiCore_AsStrided,N/A,N/A,1790932570259297.625	,442.109,0.000000,0
7,aclnnCat_ConcatD_ConcatD,N/A,N/A,1790932570259739.754	,462.749,0.141000,0
7,aclnnMul_MulAiCore_Mul,N/A,N/A,1790932570260202.523	,434.869,0.001000,0
7,aclnnAdd_AddAiCore_Add,N/A,N/A,1790932570260637.412	,814.116,0.131000,0
7,aclnnMul_TransposeAiCore_Transpose,N/A,N/A,1790932570261451.548	,131.843,0.000000,0
7,aclnnMul_MulAiCore_Mul,N/A,N/A,1790932570261583.431	,55.021,0.157000,0
7,aclnnNeg_AsStridedAiCore_AsStrided,N/A,N/A,1790932570261638.472	,120.382,0.000000,0
7,aclnnNeg_NegAiCore_Neg,N/A,N/A,1790932570261758.874	,29.021,0.000000,0
7,aclnnCat_AsStridedAiCore_AsStrided,N/A,N/A,1790932570261787.915	,47.201,0.229000,0
7,aclnnCat_ConcatD_ConcatD,N/A,N/A,1790932570261835.136	,41.301,0.049000,0
7,aclnnMul_MulAiCore_Mul,N/A,N/A,1790932570261876.457	,61.521,0.000000,0
7,aclnnAdd_AddAiCore_Add,N/A,N/A,1790932570261937.998	,162.103,0.000000,0
7,aclnnInplaceCopy_AsStridedAiCore_AsStrided,N/A,N/A,1790932570262100.121	,144.443,0.000000,0
7,InnerPromptFlashAttention_PromptFlashAttention_PromptFlashAttention,N/A,N/A,1790932570262245.724	,7374.547,1.307000,0
7,aclnnInplaceCopy_TransposeAiCore_Transpose,N/A,N/A,1790932570269621.291	,1258.365,0.953000,0
7,aclnnMatmul_MatMulV3Common_MatMulV3,N/A,N/A,1790932570270879.696	,2882.938,0.135000,0
7,aclnnAdd_AddAiCore_Add,N/A,N/A,1790932570273762.654	,511.910,0.062000,0
7,aclnnInplaceCopy_CastAiCore_Cast,N/A,N/A,1790932570274274.584	,414.249,0.000000,0
7,aclnnPowTensorScalar_PowsAiCore_Pows,N/A,N/A,1790932570274688.853	,658.173,0.001000,0
7,aclnnMean_ReduceMeanAiCore_ReduceMean,N/A,N/A,1790932570275348.186	,431.088,1.327000,0
7,aclnnAdds_AddAiCore_Add,N/A,N/A,1790932570275780.114	,5.920,0.662000,0
7,aclnnRsqrt_RsqrtAiCore_Rsqrt,N/A,N/A,1790932570275786.074	,6.961,0.080000,0
7,aclnnMul_MulAiCore_Mul,N/A,N/A,1790932570275793.055	,462.729,0.039000,0
7,aclnnInplaceCopy_CastAiCore_Cast,N/A,N/A,1790932570276255.804	,596.592,0.021000,0
7,aclnnMul_MulAiCore_Mul,N/A,N/A,1790932570276852.416	,260.645,0.158000,0
7,aclnnMatmul_MatMulV3Common_MatMulV3,N/A,N/A,1790932570277113.081	,12558.331,0.000000,0
7,aclnnSilu_SliceAiCore_Slice,N/A,N/A,1790932570289671.432	,1200.684,0.169000,0
7,aclnnSilu_SiluAiCore_Swish,N/A,N/A,1790932570290872.136	,1245.825,0.066000,0
7,aclnnMul_SliceAiCore_Slice,N/A,N/A,1790932570292118.001	,1199.084,0.000000,0
7,aclnnMul_MulAiCore_Mul,N/A,N/A,1790932570293317.105	,1936.898,0.000000,0
7,aclnnMatmul_MatMulV3Common_MatMulV3,N/A,N/A,1790932570295254.023	,6671.974,0.102000,0
7,aclnnAdd_AddAiCore_Add,N/A,N/A,1790932570301926.017	,492.290,0.026000,0
7,aclnnInplaceCopy_CastAiCore_Cast,N/A,N/A,1790932570302418.327	,411.888,0.000000,0
7,aclnnPowTensorScalar_PowsAiCore_Pows,N/A,N/A,1790932570302830.235	,657.153,0.112000,0
7,aclnnMean_ReduceMeanAiCore_ReduceMean,N/A,N/A,1790932570303488.628	,430.869,1.347000,0
7,aclnnAdds_AddAiCore_Add,N/A,N/A,1790932570303920.437	,5.820,0.881000,0
7,aclnnRsqrt_RsqrtAiCore_Rsqrt,N/A,N/A,1790932570303926.277	,7.340,0.000000,0
7,aclnnMul_MulAiCore_Mul,N/A,N/A,1790932570303933.637	,455.209,0.160000,0
7,aclnnInplaceCopy_CastAiCore_Cast,N/A,N/A,1790932570304388.866	,598.192,0.000000,0
7,aclnnMul_MulAiCore_Mul,N/A,N/A,1790932570304987.078	,261.025,0.058000,0
7,aclnnMatmul_MatMulV3Common_MatMulV3,N/A,N/A,1790932570305248.143	,3922.559,0.225000,0
7,aclnnInplaceCopy_SliceAiCore_Slice,N/A,N/A,1790932570309170.722	,523.410,0.000000,0
7,aclnnInplaceCopy_CastAiCore_Cast,N/A,N/A,1790932570309694.152	,707.734,0.090000,0
7,aclnnPowTensorScalar_PowsAiCore_Pows,N/A,N/A,1790932570310401.906	,1027.621,0.016000,0
7,aclnnMean_ReduceMeanAiCore_ReduceMean,N/A,N/A,1790932570311430.507	,578.711,0.879000,0
7,aclnnAdds_AddAiCore_Add,N/A,N/A,1790932570312010.258	,10.180,1.039000,0
7,aclnnRsqrt_RsqrtAiCore_Rsqrt,N/A,N/A,1790932570312020.458	,10.001,0.070000,0
7,aclnnMul_MulAiCore_Mul,N/A,N/A,1790932570312030.479	,834.836,0.000000,0
7,aclnnInplaceCopy_CastAiCore_Cast,N/A,N/A,1790932570312865.335	,878.578,0.000000,0
7,aclnnMul_MulAiCore_Mul,N/A,N/A,1790932570313743.933	,439.549,0.172000,0
7,aclnnInplaceCopy_SliceAiCore_Slice,N/A,N/A,1790932570314183.502	,119.402,0.000000,0
7,aclnnInplaceCopy_CastAiCore_Cast,N/A,N/A,1790932570314302.924	,74.582,0.098000,0
7,aclnnPowTensorScalar_PowsAiCore_Pows,N/A,N/A,1790932570314377.526	,134.082,0.000000,0
7,aclnnMean_ReduceMeanAiCore_ReduceMean,N/A,N/A,1790932570314513.008	,90.742,1.418000,0
7,aclnnAdds_AddAiCore_Add,N/A,N/A,1790932570314604.810	,7.920,1.008000,0
7,aclnnRsqrt_RsqrtAiCore_Rsqrt,N/A,N/A,1790932570314612.750	,8.740,0.080000,0
7,aclnnMul_MulAiCore_Mul,N/A,N/A,1790932570314621.530	,110.383,0.010000,0
7,aclnnInplaceCopy_CastAiCore_Cast,N/A,N/A,1790932570314731.933	,65.801,0.117000,0
7,aclnnMul_MulAiCore_Mul,N/A,N/A,1790932570314797.754	,61.081,0.000000,0
7,aclnnMul_TransposeAiCore_Transpose,N/A,N/A,1790932570314858.855	,922.999,0.000000,0
7,aclnnMul_MulAiCore_Mul,N/A,N/A,1790932570315781.874	,456.749,0.001000,0
7,aclnnNeg_AsStridedAiCore_AsStrided,N/A,N/A,1790932570316238.643	,402.648,0.251000,0
7,aclnnNeg_NegAiCore_Neg,N/A,N/A,1790932570316641.311	,204.044,0.000000,0
7,aclnnCat_AsStridedAiCore_AsStrided,N/A,N/A,1790932570316845.395	,440.269,0.206000,0
7,aclnnCat_ConcatD_ConcatD,N/A,N/A,1790932570317285.684	,464.509,0.000000,0
7,aclnnMul_MulAiCore_Mul,N/A,N/A,1790932570317750.213	,435.869,0.000000,0
7,aclnnAdd_AddAiCore_Add,N/A,N/A,1790932570318186.102	,812.516,0.000000,0
7,aclnnMul_TransposeAiCore_Transpose,N/A,N/A,1790932570318998.638	,130.802,0.234000,0
7,aclnnMul_MulAiCore_Mul,N/A,N/A,1790932570319129.460	,55.762,0.000000,0
7,aclnnNeg_AsStridedAiCore_AsStrided,N/A,N/A,1790932570319185.242	,121.542,0.000000,0
7,aclnnNeg_NegAiCore_Neg,N/A,N/A,1790932570319306.804	,29.441,0.000000,0
7,aclnnCat_AsStridedAiCore_AsStrided,N/A,N/A,1790932570319336.265	,48.401,0.059000,0
7,aclnnCat_ConcatD_ConcatD,N/A,N/A,1790932570319384.686	,41.940,0.099000,0
7,aclnnMul_MulAiCore_Mul,N/A,N/A,1790932570319426.646	,60.262,0.060000,0
7,aclnnAdd_AddAiCore_Add,N/A,N/A,1790932570319486.928	,162.603,0.000000,0
7,aclnnInplaceCopy_AsStridedAiCore_AsStrided,N/A,N/A,1790932570319649.571	,146.323,0.000000,0
7,InnerPromptFlashAttention_PromptFlashAttention_PromptFlashAttention,N/A,N/A,1790932570319796.854	,7321.026,0.927000,0
7,aclnnInplaceCopy_TransposeAiCore_Transpose,N/A,N/A,1790932570327118.660	,1258.725,0.974000,0
7,aclnnMatmul_MatMulV3Common_MatMulV3,N/A,N/A,1790932570328377.425	,2872.558,0.025000,0
7,aclnnAdd_AddAiCore_Add,N/A,N/A,1790932570331250.003	,504.550,0.000000,0
7,aclnnInplaceCopy_CastAiCore_Cast,N/A,N/A,1790932570331754.573	,413.388,0.000000,0
7,aclnnPowTensorScalar_PowsAiCore_Pows,N/A,N/A,1790932570332167.981	,655.453,0.112000,0
7,aclnnMean_ReduceMeanAiCore_ReduceMean,N/A,N/A,1790932570332824.674	,431.089,1.297000,0
7,aclnnAdds_AddAiCore_Add,N/A,N/A,1790932570333256.583	,5.880,0.661000,0
7,aclnnRsqrt_RsqrtAiCore_Rsqrt,N/A,N/A,1790932570333262.483	,7.080,0.120000,0
7,aclnnMul_MulAiCore_Mul,N/A,N/A,1790932570333269.583	,452.309,0.000000,0
7,aclnnInplaceCopy_CastAiCore_Cast,N/A,N/A,1790932570333721.912	,597.032,0.191000,0
7,aclnnMul_MulAiCore_Mul,N/A,N/A,1790932570334318.984	,260.665,0.000000,0
7,aclnnMatmul_MatMulV3Common_MatMulV3,N/A,N/A,1790932570334579.669	,12552.431,0.085000,0
7,aclnnSilu_SliceAiCore_Slice,N/A,N/A,1790932570347132.120	,1197.284,0.000000,0
7,aclnnSilu_SiluAiCore_Swish,N/A,N/A,1790932570348329.424	,1262.525,0.216000,0
7,aclnnMul_SliceAiCore_Slice,N/A,N/A,1790932570349591.969	,1190.784,0.000000,0
7,aclnnMul_MulAiCore_Mul,N/A,N/A,1790932570350782.773	,1907.878,0.000000,0
7,aclnnMatmul_MatMulV3Common_MatMulV3,N/A,N/A,1790932570352690.691	,6694.794,0.122000,0
7,aclnnAdd_AddAiCore_Add,N/A,N/A,1790932570359385.525	,489.910,0.000000,0
7,aclnnInplaceCopy_CastAiCore_Cast,N/A,N/A,1790932570359875.455	,411.648,0.090000,0
7,aclnnPowTensorScalar_PowsAiCore_Pows,N/A,N/A,1790932570360287.123	,658.673,0.000000,0
7,aclnnMean_ReduceMeanAiCore_ReduceMean,N/A,N/A,1790932570360946.976	,429.569,1.327000,0
7,aclnnAdds_AddAiCore_Add,N/A,N/A,1790932570361377.485	,5.800,0.931000,0
7,aclnnRsqrt_RsqrtAiCore_Rsqrt,N/A,N/A,1790932570361383.305	,7.180,0.000000,0
7,aclnnMul_MulAiCore_Mul,N/A,N/A,1790932570361390.505	,461.589,0.070000,0
7,aclnnInplaceCopy_CastAiCore_Cast,N/A,N/A,1790932570361852.114	,598.732,0.000000,0
7,aclnnMul_MulAiCore_Mul,N/A,N/A,1790932570362450.886	,266.785,0.268000,0
7,aclnnMatmul_MatMulV3Common_MatMulV3,N/A,N/A,1790932570362717.691	,3964.300,0.000000,0
7,aclnnInplaceCopy_SliceAiCore_Slice,N/A,N/A,1790932570366682.011	,521.530,0.000000,0
7,aclnnInplaceCopy_CastAiCore_Cast,N/A,N/A,1790932570367203.561	,702.394,0.000000,0
7,aclnnPowTensorScalar_PowsAiCore_Pows,N/A,N/A,1790932570367905.975	,1033.461,0.106000,0
7,aclnnMean_ReduceMeanAiCore_ReduceMean,N/A,N/A,1790932570368940.696	,572.211,1.289000,0
7,aclnnAdds_AddAiCore_Add,N/A,N/A,1790932570369513.867	,10.340,0.789000,0
7,aclnnRsqrt_RsqrtAiCore_Rsqrt,N/A,N/A,1790932570369524.227	,9.981,0.160000,0
7,aclnnMul_MulAiCore_Mul,N/A,N/A,1790932570369534.248	,834.976,0.019000,0
7,aclnnInplaceCopy_CastAiCore_Cast,N/A,N/A,1790932570370369.244	,874.458,0.024000,0
7,aclnnMul_MulAiCore_Mul,N/A,N/A,1790932570371243.722	,439.269,0.042000,0
7,aclnnInplaceCopy_SliceAiCore_Slice,N/A,N/A,1790932570371683.011	,125.582,0.000000,0
7,aclnnInplaceCopy_CastAiCore_Cast,N/A,N/A,1790932570371808.613	,75.382,0.000000,0
7,aclnnPowTensorScalar_PowsAiCore_Pows,N/A,N/A,1790932570371884.015	,133.162,0.118000,0
7,aclnnMean_ReduceMeanAiCore_ReduceMean,N/A,N/A,1790932570372018.497	,90.362,1.338000,0
7,aclnnAdds_AddAiCore_Add,N/A,N/A,1790932570372109.759	,8.080,0.888000,0
7,aclnnRsqrt_RsqrtAiCore_Rsqrt,N/A,N/A,1790932570372117.859	,8.740,0.000000,0
7,aclnnMul_MulAiCore_Mul,N/A,N/A,1790932570372126.619	,109.163,0.010000,0
7,aclnnInplaceCopy_CastAiCore_Cast,N/A,N/A,1790932570372235.802	,61.281,0.087000,0
7,aclnnMul_MulAiCore_Mul,N/A,N/A,1790932570372297.103	,61.081,0.000000,0
7,aclnnMul_TransposeAiCore_Transpose,N/A,N/A,1790932570372358.204	,918.138,0.169000,0
7,aclnnMul_MulAiCore_Mul,N/A,N/A,1790932570373276.382	,454.389,0.112000,0
7,aclnnNeg_AsStridedAiCore_AsStrided,N/A,N/A,1790932570373730.811	,405.409,0.000000,0
7,aclnnNeg_NegAiCore_Neg,N/A,N/A,1790932570374136.240	,206.464,0.091000,0
7,aclnnCat_AsStridedAiCore_AsStrided,N/A,N/A,1790932570374342.744	,443.949,0.036000,0
7,aclnnCat_ConcatD_ConcatD,N/A,N/A,1790932570374786.733	,462.009,0.051000,0
7,aclnnMul_MulAiCore_Mul,N/A,N/A,1790932570375248.762	,434.508,0.000000,0
7,aclnnAdd_AddAiCore_Add,N/A,N/A,1790932570375683.290	,814.057,0.000000,0
7,aclnnMul_TransposeAiCore_Transpose,N/A,N/A,1790932570376497.367	,127.802,0.000000,0
7,aclnnMul_MulAiCore_Mul,N/A,N/A,1790932570376625.189	,55.161,0.198000,0
7,aclnnNeg_AsStridedAiCore_AsStrided,N/A,N/A,1790932570376680.370	,121.223,0.000000,0
7,aclnnNeg_NegAiCore_Neg,N/A,N/A,1790932570376801.613	,30.200,0.027000,0
7,aclnnCat_AsStridedAiCore_AsStrided,N/A,N/A,1790932570376831.833	,52.281,0.050000,0
7,aclnnCat_ConcatD_ConcatD,N/A,N/A,1790932570376884.134	,41.101,0.219000,0
7,aclnnMul_MulAiCore_Mul,N/A,N/A,1790932570376925.255	,61.121,0.000000,0
7,aclnnAdd_AddAiCore_Add,N/A,N/A,1790932570376986.416	,162.564,0.129000,0
7,aclnnInplaceCopy_AsStridedAiCore_AsStrided,N/A,N/A,1790932570377149.000	,144.123,0.000000,0
7,InnerPromptFlashAttention_PromptFlashAttention_PromptFlashAttention,N/A,N/A,1790932570377294.183	,7343.226,1.127000,0
7,aclnnInplaceCopy_TransposeAiCore_Transpose,N/A,N/A,1790932570384638.469	,1257.065,1.024000,0
7,aclnnMatmul_MatMulV3Common_MatMulV3,N/A,N/A,1790932570385895.554	,2883.538,0.000000,0
7,aclnnAdd_AddAiCore_Add,N/A,N/A,1790932570388779.112	,509.970,0.000000,0
7,aclnnInplaceCopy_CastAiCore_Cast,N/A,N/A,1790932570389289.102	,416.249,0.030000,0
7,aclnnPowTensorScalar_PowsAiCore_Pows,N/A,N/A,1790932570389705.371	,656.593,0.001000,0
7,aclnnMean_ReduceMeanAiCore_ReduceMean,N/A,N/A,1790932570390363.064	,433.288,1.157000,0
7,aclnnAdds_AddAiCore_Add,N/A,N/A,1790932570390797.152	,5.781,0.962000,0
7,aclnnRsqrt_RsqrtAiCore_Rsqrt,N/A,N/A,1790932570390802.953	,7.200,0.000000,0
7,aclnnMul_MulAiCore_Mul,N/A,N/A,1790932570390810.173	,454.049,0.050000,0
7,aclnnInplaceCopy_CastAiCore_Cast,N/A,N/A,1790932570391264.242	,596.752,0.000000,0
7,aclnnMul_MulAiCore_Mul,N/A,N/A,1790932570391861.014	,260.665,0.000000,0
7,aclnnMatmul_MatMulV3Common_MatMulV3,N/A,N/A,1790932570392121.699	,12524.590,0.085000,0
7,aclnnSilu_SliceAiCore_Slice,N/A,N/A,1790932570404646.309	,1196.564,0.000000,0
7,aclnnSilu_SiluAiCore_Swish,N/A,N/A,1790932570405842.893	,1240.445,0.186000,0
7,aclnnMul_SliceAiCore_Slice,N/A,N/A,1790932570407083.358	,1197.024,0.000000,0
7,aclnnMul_MulAiCore_Mul,N/A,N/A,1790932570408280.422	,1941.479,0.226000,0
7,aclnnMatmul_MatMulV3Common_MatMulV3,N/A,N/A,1790932570410221.921	,6668.593,0.021000,0
7,aclnnAdd_AddAiCore_Add,N/A,N/A,1790932570416890.534	,489.450,0.000000,0
7,aclnnInplaceCopy_CastAiCore_Cast,N/A,N/A,1790932570417380.004	,412.468,0.050000,0
7,aclnnPowTensorScalar_PowsAiCore_Pows,N/A,N/A,1790932570417792.492	,659.193,0.032000,0
7,aclnnMean_ReduceMeanAiCore_ReduceMean,N/A,N/A,1790932570418452.665	,431.169,1.057000,0
7,aclnnAdds_AddAiCore_Add,N/A,N/A,1790932570418884.914	,6.180,1.081000,0
7,aclnnRsqrt_RsqrtAiCore_Rsqrt,N/A,N/A,1790932570418891.114	,7.100,0.000000,0
7,aclnnMul_MulAiCore_Mul,N/A,N/A,1790932570418898.254	,460.509,0.150000,0
7,aclnnInplaceCopy_CastAiCore_Cast,N/A,N/A,1790932570419358.783	,596.972,0.000000,0
7,aclnnMul_MulAiCore_Mul,N/A,N/A,1790932570419955.775	,259.465,0.028000,0
7,aclnnMatmul_MatMulV3Common_MatMulV3,N/A,N/A,1790932570420215.280	,3950.059,0.035000,0
7,aclnnInplaceCopy_SliceAiCore_Slice,N/A,N/A,1790932570424165.379	,523.271,0.191000,0
7,aclnnInplaceCopy_CastAiCore_Cast,N/A,N/A,1790932570424688.670	,706.614,0.000000,0
7,aclnnPowTensorScalar_PowsAiCore_Pows,N/A,N/A,1790932570425395.324	,1028.600,0.000000,0
7,aclnnMean_ReduceMeanAiCore_ReduceMean,N/A,N/A,1790932570426425.224	,579.972,1.400000,0
7,aclnnAdds_AddAiCore_Add,N/A,N/A,1790932570427006.356	,10.400,1.028000,0
7,aclnnRsqrt_RsqrtAiCore_Rsqrt,N/A,N/A,1790932570427016.776	,10.000,0.100000,0
7,aclnnMul_MulAiCore_Mul,N/A,N/A,1790932570427026.796	,832.797,0.000000,0
7,aclnnInplaceCopy_CastAiCore_Cast,N/A,N/A,1790932570427859.633	,878.757,0.203000,0
7,aclnnMul_MulAiCore_Mul,N/A,N/A,1790932570428738.430	,438.489,0.000000,0
7,aclnnInplaceCopy_SliceAiCore_Slice,N/A,N/A,1790932570429176.959	,118.643,0.011000,0
7,aclnnInplaceCopy_CastAiCore_Cast,N/A,N/A,1790932570429295.642	,74.921,0.107000,0
7,aclnnPowTensorScalar_PowsAiCore_Pows,N/A,N/A,1790932570429370.603	,133.503,0.000000,0
7,aclnnMean_ReduceMeanAiCore_ReduceMean,N/A,N/A,1790932570429505.466	,90.402,1.497000,0
7,aclnnAdds_AddAiCore_Add,N/A,N/A,1790932570429596.748	,8.280,0.848000,0
7,aclnnRsqrt_RsqrtAiCore_Rsqrt,N/A,N/A,1790932570429605.048	,8.560,0.000000,0
7,aclnnMul_MulAiCore_Mul,N/A,N/A,1790932570429613.628	,110.122,0.190000,0
7,aclnnInplaceCopy_CastAiCore_Cast,N/A,N/A,1790932570429723.770	,65.121,0.000000,0
7,aclnnMul_MulAiCore_Mul,N/A,N/A,1790932570429788.911	,62.522,0.129000,0
7,aclnnMul_TransposeAiCore_Transpose,N/A,N/A,1790932570429851.453	,922.598,0.000000,0
7,aclnnMul_MulAiCore_Mul,N/A,N/A,1790932570430774.071	,456.529,0.000000,0
7,aclnnNeg_AsStridedAiCore_AsStrided,N/A,N/A,1790932570431230.620	,396.328,0.000000,0
7,aclnnNeg_NegAiCore_Neg,N/A,N/A,1790932570431626.968	,203.424,0.172000,0
7,aclnnCat_AsStridedAiCore_AsStrided,N/A,N/A,1790932570431830.412	,443.089,0.076000,0
7,aclnnCat_ConcatD_ConcatD,N/A,N/A,1790932570432273.521	,464.609,0.000000,0
7,aclnnMul_MulAiCore_Mul,N/A,N/A,1790932570432738.150	,435.829,0.141000,0
7,aclnnAdd_AddAiCore_Add,N/A,N/A,1790932570433174.019	,814.216,0.000000,0
7,aclnnMul_TransposeAiCore_Transpose,N/A,N/A,1790932570433988.255	,125.123,0.034000,0
7,aclnnMul_MulAiCore_Mul,N/A,N/A,1790932570434113.398	,55.321,0.127000,0
7,aclnnNeg_AsStridedAiCore_AsStrided,N/A,N/A,1790932570434168.739	,122.102,0.000000,0
7,aclnnNeg_NegAiCore_Neg,N/A,N/A,1790932570434290.861	,30.021,0.000000,0
7,aclnnCat_AsStridedAiCore_AsStrided,N/A,N/A,1790932570434320.902	,51.401,0.229000,0
7,aclnnCat_ConcatD_ConcatD,N/A,N/A,1790932570434372.323	,40.401,0.000000,0
7,aclnnMul_MulAiCore_Mul,N/A,N/A,1790932570434412.744	,59.781,0.099000,0
7,aclnnAdd_AddAiCore_Add,N/A,N/A,1790932570434472.545	,163.163,0.000000,0
7,aclnnInplaceCopy_AsStridedAiCore_AsStrided,N/A,N/A,1790932570434635.728	,144.643,0.087000,0
7,InnerPromptFlashAttention_PromptFlashAttention_PromptFlashAttention,N/A,N/A,1790932570434781.651	,7322.607,1.357000,0
7,aclnnInplaceCopy_TransposeAiCore_Transpose,N/A,N/A,1790932570442105.158	,1256.445,0.893000,0
7,aclnnMatmul_MatMulV3Common_MatMulV3,N/A,N/A,1790932570443361.623	,2887.037,0.000000,0
7,aclnnAdd_AddAiCore_Add,N/A,N/A,1790932570446248.680	,507.170,0.213000,0
7,aclnnInplaceCopy_CastAiCore_Cast,N/A,N/A,1790932570446755.890	,412.229,0.080000,0
7,aclnnPowTensorScalar_PowsAiCore_Pows,N/A,N/A,1790932570447168.159	,657.073,0.021000,0
7,aclnnMean_ReduceMeanAiCore_ReduceMean,N/A,N/A,1790932570447826.692	,430.368,1.427000,0
7,aclnnAdds_AddAiCore_Add,N/A,N/A,1790932570448257.900	,5.721,0.882000,0
7,aclnnRsqrt_RsqrtAiCore_Rsqrt,N/A,N/A,1790932570448263.641	,7.260,0.029000,0
7,aclnnMul_MulAiCore_Mul,N/A,N/A,1790932570448270.921	,452.329,0.000000,0
7,aclnnInplaceCopy_CastAiCore_Cast,N/A,N/A,1790932570448723.270	,595.812,0.000000,0
7,aclnnMul_MulAiCore_Mul,N/A,N/A,1790932570449319.102	,259.965,0.000000,0
7,aclnnMatmul_MatMulV3Common_MatMulV3,N/A,N/A,1790932570449579.087	,12572.191,0.035000,0
7,aclnnSilu_SliceAiCore_Slice,N/A,N/A,1790932570462151.298	,1199.024,0.059000,0
7,aclnnSilu_SiluAiCore_Swish,N/A,N/A,1790932570463350.342	,1262.545,0.000000,0
7,aclnnMul_SliceAiCore_Slice,N/A,N/A,1790932570464612.907	,1190.404,0.205000,0
7,aclnnMul_MulAiCore_Mul,N/A,N/A,1790932570465803.331	,1916.058,0.000000,0
7,aclnnMatmul_MatMulV3Common_MatMulV3,N/A,N/A,1790932570467719.409	,6684.414,0.192000,0
7,aclnnAdd_AddAiCore_Add,N/A,N/A,1790932570474403.843	,490.330,0.000000,0
7,aclnnInplaceCopy_CastAiCore_Cast,N/A,N/A,1790932570474894.193	,412.308,0.170000,0
7,aclnnPowTensorScalar_PowsAiCore_Pows,N/A,N/A,1790932570475306.521	,658.493,0.000000,0
7,aclnnMean_ReduceMeanAiCore_ReduceMean,N/A,N/A,1790932570475965.954	,431.889,1.007000,0
7,aclnnAdds_AddAiCore_Add,N/A,N/A,1790932570476399.003	,5.980,1.111000,0
7,aclnnRsqrt_RsqrtAiCore_Rsqrt,N/A,N/A,1790932570476405.023	,7.320,0.020000,0
7,aclnnMul_MulAiCore_Mul,N/A,N/A,1790932570476412.363	,459.669,0.000000,0
7,aclnnInplaceCopy_CastAiCore_Cast,N/A,N/A,1790932570476872.052	,599.832,0.081000,0
7,aclnnMul_MulAiCore_Mul,N/A,N/A,1790932570477471.904	,265.905,0.168000,0
7,aclnnMatmul_MatMulV3Common_MatMulV3,N/A,N/A,1790932570477737.849	,3935.279,0.000000,0
7,aclnnInplaceCopy_SliceAiCore_Slice,N/A,N/A,1790932570481673.148	,521.771,0.221000,0
7,aclnnInplaceCopy_CastAiCore_Cast,N/A,N/A,1790932570482194.939	,705.014,0.000000,0
7,aclnnPowTensorScalar_PowsAiCore_Pows,N/A,N/A,1790932570482899.993	,1032.240,0.000000,0
7,aclnnMean_ReduceMeanAiCore_ReduceMean,N/A,N/A,1790932570483933.433	,576.092,1.260000,0
7,aclnnAdds_AddAiCore_Add,N/A,N/A,1790932570484510.725	,10.200,1.158000,0
7,aclnnRsqrt_RsqrtAiCore_Rsqrt,N/A,N/A,1790932570484520.945	,9.960,0.050000,0
7,aclnnMul_MulAiCore_Mul,N/A,N/A,1790932570484530.925	,835.637,0.040000,0
7,aclnnInplaceCopy_CastAiCore_Cast,N/A,N/A,1790932570485366.582	,875.217,0.000000,0
7,aclnnMul_MulAiCore_Mul,N/A,N/A,1790932570486241.819	,440.109,0.033000,0
7,aclnnInplaceCopy_SliceAiCore_Slice,N/A,N/A,1790932570486681.968	,118.943,0.141000,0
7,aclnnInplaceCopy_CastAiCore_Cast,N/A,N/A,1790932570486800.931	,74.261,0.057000,0
7,aclnnPowTensorScalar_PowsAiCore_Pows,N/A,N/A,1790932570486875.212	,131.623,0.000000,0
7,aclnnMean_ReduceMeanAiCore_ReduceMean,N/A,N/A,1790932570487008.275	,89.441,1.377000,0
7,aclnnAdds_AddAiCore_Add,N/A,N/A,1790932570487098.917	,8.020,1.309000,0
7,aclnnRsqrt_RsqrtAiCore_Rsqrt,N/A,N/A,1790932570487106.957	,8.640,0.000000,0
7,aclnnMul_MulAiCore_Mul,N/A,N/A,1790932570487115.617	,109.602,0.000000,0
7,aclnnInplaceCopy_CastAiCore_Cast,N/A,N/A,1790932570487225.239	,65.021,0.148000,0
7,aclnnMul_MulAiCore_Mul,N/A,N/A,1790932570487290.280	,60.862,0.000000,0
7,aclnnMul_TransposeAiCore_Transpose,N/A,N/A,1790932570487351.162	,917.158,0.138000,0
7,aclnnMul_MulAiCore_Mul,N/A,N/A,1790932570488268.360	,455.689,0.000000,0
7,aclnnNeg_AsStridedAiCore_AsStrided,N/A,N/A,1790932570488724.069	,404.508,0.061000,0
7,aclnnNeg_NegAiCore_Neg,N/A,N/A,1790932570489128.597	,206.164,0.000000,0
7,aclnnCat_AsStridedAiCore_AsStrided,N/A,N/A,1790932570489334.801	,444.149,0.086000,0
7,aclnnCat_ConcatD_ConcatD,N/A,N/A,1790932570489778.970	,462.309,0.101000,0
7,aclnnMul_MulAiCore_Mul,N/A,N/A,1790932570490241.299	,435.309,0.000000,0
7,aclnnAdd_AddAiCore_Add,N/A,N/A,1790932570490676.628	,814.836,0.191000,0
7,aclnnMul_TransposeAiCore_Transpose,N/A,N/A,1790932570491491.484	,125.883,0.000000,0
7,aclnnMul_MulAiCore_Mul,N/A,N/A,1790932570491617.387	,54.981,0.117000,0
7,aclnnNeg_AsStridedAiCore_AsStrided,N/A,N/A,1790932570491672.388	,120.062,0.019000,0
7,aclnnNeg_NegAiCore_Neg,N/A,N/A,1790932570491792.470	,29.661,0.000000,0
7,aclnnCat_AsStridedAiCore_AsStrided,N/A,N/A,1790932570491822.151	,47.341,0.089000,0
7,aclnnCat_ConcatD_ConcatD,N/A,N/A,1790932570491869.512	,40.381,0.000000,0
7,aclnnMul_MulAiCore_Mul,N/A,N/A,1790932570491909.913	,60.841,0.119000,0
7,aclnnAdd_AddAiCore_Add,N/A,N/A,1790932570491970.794	,162.503,0.000000,0
7,aclnnInplaceCopy_AsStridedAiCore_AsStrided,N/A,N/A,1790932570492133.317	,148.203,0.000000,0
7,InnerPromptFlashAttention_PromptFlashAttention_PromptFlashAttention,N/A,N/A,1790932570492282.500	,7312.646,1.047000,0
7,aclnnInplaceCopy_TransposeAiCore_Transpose,N/A,N/A,1790932570499596.246	,1257.825,1.104000,0
7,aclnnMatmul_MatMulV3Common_MatMulV3,N/A,N/A,1790932570500854.091	,2883.678,0.000000,0
7,aclnnAdd_AddAiCore_Add,N/A,N/A,1790932570503737.789	,508.730,0.072000,0
7,aclnnInplaceCopy_CastAiCore_Cast,N/A,N/A,1790932570504246.539	,414.228,0.020000,0
7,aclnnPowTensorScalar_PowsAiCore_Pows,N/A,N/A,1790932570504660.787	,654.893,0.022000,0
7,aclnnMean_ReduceMeanAiCore_ReduceMean,N/A,N/A,1790932570505316.821	,430.388,1.107000,0
7,aclnnAdds_AddAiCore_Add,N/A,N/A,1790932570505747.849	,6.160,0.612000,0
7,aclnnRsqrt_RsqrtAiCore_Rsqrt,N/A,N/A,1790932570505754.029	,7.080,0.090000,0
7,aclnnMul_MulAiCore_Mul,N/A,N/A,1790932570505761.129	,451.189,0.170000,0
7,aclnnInplaceCopy_CastAiCore_Cast,N/A,N/A,1790932570506212.338	,596.872,0.000000,0
7,aclnnMul_MulAiCore_Mul,N/A,N/A,1790932570506809.230	,262.846,0.128000,0
7,aclnnMatmul_MatMulV3Common_MatMulV3,N/A,N/A,1790932570507072.096	,12574.091,0.000000,0
7,aclnnSilu_SliceAiCore_Slice,N/A,N/A,1790932570519646.207	,1199.204,0.159000,0
7,aclnnSilu_SiluAiCore_Swish,N/A,N/A,1790932570520845.431	,1247.085,0.046000,0
7,aclnnMul_SliceAiCore_Slice,N/A,N/A,1790932570522092.536	,1199.424,0.000000,0
7,aclnnMul_MulAiCore_Mul,N/A,N/A,1790932570523291.980	,1935.458,0.076000,0
7,aclnnMatmul_MatMulV3Common_MatMulV3,N/A,N/A,1790932570525227.458	,6674.914,0.042000,0
7,aclnnAdd_AddAiCore_Add,N/A,N/A,1790932570531902.392	,489.849,0.086000,0
7,aclnnInplaceCopy_CastAiCore_Cast,N/A,N/A,1790932570532392.281	,414.789,0.000000,0
7,aclnnPowTensorScalar_PowsAiCore_Pows,N/A,N/A,1790932570532807.090	,658.073,0.000000,0
7,aclnnMean_ReduceMeanAiCore_ReduceMean,N/A,N/A,1790932570533466.443	,430.589,1.427000,0
7,aclnnAdds_AddAiCore_Add,N/A,N/A,1790932570533897.772	,5.780,0.661000,0
7,aclnnRsqrt_RsqrtAiCore_Rsqrt,N/A,N/A,1790932570533903.572	,7.220,0.000000,0
7,aclnnMul_MulAiCore_Mul,N/A,N/A,1790932570533910.812	,455.889,0.030000,0
7,aclnnInplaceCopy_CastAiCore_Cast,N/A,N/A,1790932570534366.721	,596.912,0.111000,0
7,aclnnMul_MulAiCore_Mul,N/A,N/A,1790932570534963.653	,261.645,0.088000,0
7,aclnnMatmul_MatMulV3Common_MatMulV3,N/A,N/A,1790932570535225.318	,3978.280,0.000000,0
7,aclnnInplaceCopy_SliceAiCore_Slice,N/A,N/A,1790932570539203.618	,524.290,0.000000,0
7,aclnnInplaceCopy_CastAiCore_Cast,N/A,N/A,1790932570539727.928	,707.094,0.210000,0
7,aclnnPowTensorScalar_PowsAiCore_Pows,N/A,N/A,1790932570540435.042	,1034.241,0.000000,0
7,aclnnMean_ReduceMeanAiCore_ReduceMean,N/A,N/A,1790932570541470.623	,584.532,1.259000,0
7,aclnnAdds_AddAiCore_Add,N/A,N/A,1790932570542056.015	,10.160,0.968000,0
7,aclnnRsqrt_RsqrtAiCore_Rsqrt,N/A,N/A,1790932570542066.195	,10.380,0.090000,0
7,aclnnMul_MulAiCore_Mul,N/A,N/A,1790932570542076.595	,833.277,0.000000,0
7,aclnnInplaceCopy_CastAiCore_Cast,N/A,N/A,1790932570542909.892	,876.617,0.223000,0
7,aclnnMul_MulAiCore_Mul,N/A,N/A,1790932570543786.529	,439.449,0.000000,0
7,aclnnInplaceCopy_SliceAiCore_Slice,N/A,N/A,1790932570544225.998	,119.482,0.051000,0
7,aclnnInplaceCopy_CastAiCore_Cast,N/A,N/A,1790932570544345.520	,73.902,0.018000,0
7,aclnnPowTensorScalar_PowsAiCore_Pows,N/A,N/A,1790932570544419.442	,130.082,0.098000,0
7,aclnnMean_ReduceMeanAiCore_ReduceMean,N/A,N/A,1790932570544550.644	,96.162,1.168000,0
7,aclnnAdds_AddAiCore_Add,N/A,N/A,1790932570544647.926	,8.101,1.088000,0
7,aclnnRsqrt_RsqrtAiCore_Rsqrt,N/A,N/A,1790932570544656.047	,8.620,0.000000,0
7,aclnnMul_MulAiCore_Mul,N/A,N/A,1790932570544664.687	,109.722,0.130000,0
7,aclnnInplaceCopy_CastAiCore_Cast,N/A,N/A,1790932570544774.429	,63.981,0.028000,0
7,aclnnMul_MulAiCore_Mul,N/A,N/A,1790932570544838.450	,61.901,0.019000,0
7,aclnnMul_TransposeAiCore_Transpose,N/A,N/A,1790932570544900.371	,923.219,0.000000,0
7,aclnnMul_MulAiCore_Mul,N/A,N/A,1790932570545823.630	,457.409,0.281000,0
7,aclnnNeg_AsStridedAiCore_AsStrided,N/A,N/A,1790932570546281.059	,402.828,0.000000,0
7,aclnnNeg_NegAiCore_Neg,N/A,N/A,1790932570546683.927	,203.984,0.172000,0
7,aclnnCat_AsStridedAiCore_AsStrided,N/A,N/A,1790932570546887.951	,444.189,0.016000,0
7,aclnnCat_ConcatD_ConcatD,N/A,N/A,1790932570547332.160	,465.869,0.061000,0
7,aclnnMul_MulAiCore_Mul,N/A,N/A,1790932570547798.049	,433.169,0.000000,0
7,aclnnAdd_AddAiCore_Add,N/A,N/A,1790932570548231.238	,817.176,0.081000,0
7,aclnnMul_TransposeAiCore_Transpose,N/A,N/A,1790932570549048.434	,127.203,0.074000,0
7,aclnnMul_MulAiCore_Mul,N/A,N/A,1790932570549175.677	,55.681,0.047000,0
7,aclnnNeg_AsStridedAiCore_AsStrided,N/A,N/A,1790932570549231.398	,119.602,0.069000,0
7,aclnnNeg_NegAiCore_Neg,N/A,N/A,1790932570549351.020	,29.801,0.000000,0
7,aclnnCat_AsStridedAiCore_AsStrided,N/A,N/A,1790932570549380.861	,48.401,0.000000,0
7,aclnnCat_ConcatD_ConcatD,N/A,N/A,1790932570549429.282	,40.861,0.099000,0
7,aclnnMul_MulAiCore_Mul,N/A,N/A,1790932570549470.183	,60.341,0.139000,0
7,aclnnAdd_AddAiCore_Add,N/A,N/A,1790932570549530.544	,162.643,0.000000,0
7,aclnnInplaceCopy_AsStridedAiCore_AsStrided,N/A,N/A,1790932570549693.207	,145.843,0.107000,0
7,InnerPromptFlashAttention_PromptFlashAttention_PromptFlashAttention,N/A,N/A,1790932570549840.430	,7318.486,1.407000,0
7,aclnnInplaceCopy_TransposeAiCore_Transpose,N/A,N/A,1790932570557159.616	,1254.645,0.514000,0
7,aclnnMatmul_MatMulV3Common_MatMulV3,N/A,N/A,1790932570558414.281	,2880.658,0.105000,0
7,aclnnAdd_AddAiCore_Add,N/A,N/A,1790932570561294.959	,504.550,0.092000,0
7,aclnnInplaceCopy_CastAiCore_Cast,N/A,N/A,1790932570561799.529	,414.088,0.000000,0
7,aclnnPowTensorScalar_PowsAiCore_Pows,N/A,N/A,1790932570562213.637	,655.993,0.162000,0
7,aclnnMean_ReduceMeanAiCore_ReduceMean,N/A,N/A,1790932570562870.610	,431.869,0.757000,0
7,aclnnAdds_AddAiCore_Add,N/A,N/A,1790932570563303.519	,5.800,1.131000,0
7,aclnnRsqrt_RsqrtAiCore_Rsqrt,N/A,N/A,1790932570563309.359	,7.200,0.000000,0
7,aclnnMul_MulAiCore_Mul,N/A,N/A,1790932570563316.579	,454.629,0.050000,0
7,aclnnInplaceCopy_CastAiCore_Cast,N/A,N/A,1790932570563771.228	,596.272,0.121000,0
7,aclnnMul_MulAiCore_Mul,N/A,N/A,1790932570564367.520	,259.686,0.000000,0
7,aclnnMatmul_MatMulV3Common_MatMulV3,N/A,N/A,1790932570564627.226	,12588.251,0.064000,0
7,aclnnSilu_SliceAiCore_Slice,N/A,N/A,1790932570577215.497	,1197.664,0.000000,0
7,aclnnSilu_SiluAiCore_Swish,N/A,N/A,1790932570578413.181	,1262.905,0.086000,0
7,aclnnMul_SliceAiCore_Slice,N/A,N/A,1790932570579676.106	,1193.604,0.000000,0
7,aclnnMul_MulAiCore_Mul,N/A,N/A,1790932570580869.730	,1913.438,0.146000,0
7,aclnnMatmul_MatMulV3Common_MatMulV3,N/A,N/A,1790932570582783.188	,6699.334,0.062000,0
7,aclnnAdd_AddAiCore_Add,N/A,N/A,1790932570589482.542	,491.010,0.000000,0
7,aclnnInplaceCopy_CastAiCore_Cast,N/A,N/A,1790932570589973.572	,411.928,0.000000,0
7,aclnnPowTensorScalar_PowsAiCore_Pows,N/A,N/A,1790932570590385.520	,657.093,0.072000,0
7,aclnnMean_ReduceMeanAiCore_ReduceMean,N/A,N/A,1790932570591044.013	,430.769,1.407000,0
7,aclnnAdds_AddAiCore_Add,N/A,N/A,1790932570591475.542	,5.740,0.731000,0
7,aclnnRsqrt_RsqrtAiCore_Rsqrt,N/A,N/A,1790932570591481.302	,7.380,0.010000,0
7,aclnnMul_MulAiCore_Mul,N/A,N/A,1790932570591488.702	,458.529,0.120000,0
7,aclnnInplaceCopy_CastAiCore_Cast,N/A,N/A,1790932570591947.251	,597.152,0.000000,0
7,aclnnMul_MulAiCore_Mul,N/A,N/A,1790932570592544.443	,265.746,0.098000,0
7,aclnnMatmul_MatMulV3Common_MatMulV3,N/A,N/A,1790932570592810.209	,3970.299,0.004000,0
7,aclnnInplaceCopy_SliceAiCore_Slice,N/A,N/A,1790932570596780.528	,523.010,0.000000,0
7,aclnnInplaceCopy_CastAiCore_Cast,N/A,N/A,1790932570597303.558	,703.494,0.000000,0
7,aclnnPowTensorScalar_PowsAiCore_Pows,N/A,N/A,1790932570598007.072	,1034.481,0.006000,0
7,aclnnMean_ReduceMeanAiCore_ReduceMean,N/A,N/A,1790932570599042.553	,575.312,1.019000,0
7,aclnnAdds_AddAiCore_Add,N/A,N/A,1790932570599618.745	,10.120,0.938000,0
7,aclnnRsqrt_RsqrtAiCore_Rsqrt,N/A,N/A,1790932570599628.885	,9.960,0.130000,0
7,aclnnMul_MulAiCore_Mul,N/A,N/A,1790932570599638.865	,835.937,0.000000,0
7,aclnnInplaceCopy_CastAiCore_Cast,N/A,N/A,1790932570600474.842	,874.657,0.063000,0
7,aclnnMul_MulAiCore_Mul,N/A,N/A,1790932570601349.519	,436.309,0.093000,0
7,aclnnInplaceCopy_SliceAiCore_Slice,N/A,N/A,1790932570601785.848	,118.682,0.000000,0
7,aclnnInplaceCopy_CastAiCore_Cast,N/A,N/A,1790932570601904.550	,72.282,0.068000,0
7,aclnnPowTensorScalar_PowsAiCore_Pows,N/A,N/A,1790932570601976.852	,132.622,0.000000,0
7,aclnnMean_ReduceMeanAiCore_ReduceMean,N/A,N/A,1790932570602110.494	,90.062,1.128000,0
7,aclnnAdds_AddAiCore_Add,N/A,N/A,1790932570602201.636	,8.160,1.188000,0
7,aclnnRsqrt_RsqrtAiCore_Rsqrt,N/A,N/A,1790932570602209.816	,8.661,0.000000,0
7,aclnnMul_MulAiCore_Mul,N/A,N/A,1790932570602218.497	,109.462,0.089000,0
7,aclnnInplaceCopy_CastAiCore_Cast,N/A,N/A,1790932570602327.979	,63.601,0.038000,0
7,aclnnMul_MulAiCore_Mul,N/A,N/A,1790932570602391.600	,61.501,0.000000,0
7,aclnnMul_TransposeAiCore_Transpose,N/A,N/A,1790932570602453.141	,919.359,0.249000,0
7,aclnnMul_MulAiCore_Mul,N/A,N/A,1790932570603372.520	,455.629,0.000000,0
7,aclnnNeg_AsStridedAiCore_AsStrided,N/A,N/A,1790932570603828.169	,399.548,0.121000,0
7,aclnnNeg_NegAiCore_Neg,N/A,N/A,1790932570604227.737	,205.324,0.000000,0
7,aclnnCat_AsStridedAiCore_AsStrided,N/A,N/A,1790932570604433.081	,441.969,0.000000,0
7,aclnnCat_ConcatD_ConcatD,N/A,N/A,1790932570604875.070	,461.749,0.031000,0
7,aclnnMul_MulAiCore_Mul,N/A,N/A,1790932570605336.839	,434.769,0.001000,0
7,aclnnAdd_AddAiCore_Add,N/A,N/A,1790932570605771.628	,812.616,0.231000,0
7,aclnnMul_TransposeAiCore_Transpose,N/A,N/A,1790932570606584.264	,127.742,0.000000,0
7,aclnnMul_MulAiCore_Mul,N/A,N/A,1790932570606712.026	,55.001,0.008000,0
7,aclnnNeg_AsStridedAiCore_AsStrided,N/A,N/A,1790932570606767.047	,121.383,0.000000,0
7,aclnnNeg_NegAiCore_Neg,N/A,N/A,1790932570606888.470	,29.601,0.117000,0
7,aclnnCat_AsStridedAiCore_AsStrided,N/A,N/A,1790932570606918.091	,47.620,0.000000,0
7,aclnnCat_ConcatD_ConcatD,N/A,N/A,1790932570606965.731	,40.701,0.130000,0
7,aclnnMul_MulAiCore_Mul,N/A,N/A,1790932570607006.452	,59.881,0.049000,0
7,aclnnAdd_AddAiCore_Add,N/A,N/A,1790932570607066.373	,162.444,0.000000,0
7,aclnnInplaceCopy_AsStridedAiCore_AsStrided,N/A,N/A,1790932570607228.837	,144.863,0.056000,0
7,InnerPromptFlashAttention_PromptFlashAttention_PromptFlashAttention,N/A,N/A,1790932570607374.860	,7303.006,1.137000,0
7,aclnnInplaceCopy_TransposeAiCore_Transpose,N/A,N/A,1790932570614678.706	,1259.485,0.994000,0
7,aclnnMatmul_MatMulV3Common_MatMulV3,N/A,N/A,1790932570615938.211	,2875.917,0.015000,0
7,aclnnAdd_AddAiCore_Add,N/A,N/A,1790932570618814.148	,509.670,0.083000,0
7,aclnnInplaceCopy_CastAiCore_Cast,N/A,N/A,1790932570619323.838	,414.749,0.000000,0
7,aclnnPowTensorScalar_PowsAiCore_Pows,N/A,N/A,1790932570619738.607	,657.533,0.001000,0
7,aclnnMean_ReduceMeanAiCore_ReduceMean,N/A,N/A,1790932570620397.320	,432.188,1.217000,0
7,aclnnAdds_AddAiCore_Add,N/A,N/A,1790932570620830.268	,5.841,0.812000,0
7,aclnnRsqrt_RsqrtAiCore_Rsqrt,N/A,N/A,1790932570620836.129	,6.980,0.159000,0
7,aclnnMul_MulAiCore_Mul,N/A,N/A,1790932570620843.129	,453.549,0.020000,0
7,aclnnInplaceCopy_CastAiCore_Cast,N/A,N/A,1790932570621296.698	,596.152,0.000000,0
7,aclnnMul_MulAiCore_Mul,N/A,N/A,1790932570621892.870	,263.965,0.000000,0
7,aclnnMatmul_MatMulV3Common_MatMulV3,N/A,N/A,1790932570622156.855	,12527.630,0.035000,0
7,aclnnSilu_SliceAiCore_Slice,N/A,N/A,1790932570634684.505	,1199.324,0.120000,0
7,aclnnSilu_SiluAiCore_Swish,N/A,N/A,1790932570635883.849	,1243.065,0.000000,0
7,aclnnMul_SliceAiCore_Slice,N/A,N/A,1790932570637127.074	,1200.264,0.185000,0
7,aclnnMul_MulAiCore_Mul,N/A,N/A,1790932570638327.358	,1938.379,0.000000,0
7,aclnnMatmul_MatMulV3Common_MatMulV3,N/A,N/A,1790932570640265.757	,6668.773,0.121000,0
7,aclnnAdd_AddAiCore_Add,N/A,N/A,1790932570646934.550	,488.790,0.000000,0
7,aclnnInplaceCopy_CastAiCore_Cast,N/A,N/A,1790932570647423.360	,412.748,0.000000,0
7,aclnnPowTensorScalar_PowsAiCore_Pows,N/A,N/A,1790932570647836.128	,657.473,0.252000,0
7,aclnnMean_ReduceMeanAiCore_ReduceMean,N/A,N/A,1790932570648495.021	,430.129,1.277000,0
7,aclnnAdds_AddAiCore_Add,N/A,N/A,1790932570648926.030	,5.840,0.871000,0
7,aclnnRsqrt_RsqrtAiCore_Rsqrt,N/A,N/A,1790932570648931.890	,7.360,0.160000,0
7,aclnnMul_MulAiCore_Mul,N/A,N/A,1790932570648939.270	,460.169,0.000000,0
7,aclnnInplaceCopy_CastAiCore_Cast,N/A,N/A,1790932570649399.479	,597.812,0.081000,0
7,aclnnMul_MulAiCore_Mul,N/A,N/A,1790932570649997.331	,260.765,0.000000,0
7,aclnnMatmul_MatMulV3Common_MatMulV3,N/A,N/A,1790932570650258.136	,3925.119,0.235000,0
7,aclnnInplaceCopy_SliceAiCore_Slice,N/A,N/A,1790932570654183.275	,523.030,0.000000,0
7,aclnnInplaceCopy_CastAiCore_Cast,N/A,N/A,1790932570654706.325	,705.774,0.000000,0
7,aclnnPowTensorScalar_PowsAiCore_Pows,N/A,N/A,1790932570655412.119	,1029.661,0.000000,0
7,aclnnMean_ReduceMeanAiCore_ReduceMean,N/A,N/A,1790932570656443.100	,576.832,1.339000,0
7,aclnnAdds_AddAiCore_Add,N/A,N/A,1790932570657021.092	,9.920,1.168000,0
7,aclnnRsqrt_RsqrtAiCore_Rsqrt,N/A,N/A,1790932570657031.032	,9.900,0.080000,0
7,aclnnMul_MulAiCore_Mul,N/A,N/A,1790932570657040.972	,837.817,0.100000,0
7,aclnnInplaceCopy_CastAiCore_Cast,N/A,N/A,1790932570657878.809	,879.537,0.000000,0
7,aclnnMul_MulAiCore_Mul,N/A,N/A,1790932570658758.386	,437.049,0.213000,0
7,aclnnInplaceCopy_SliceAiCore_Slice,N/A,N/A,1790932570659195.455	,119.442,0.000000,0
7,aclnnInplaceCopy_CastAiCore_Cast,N/A,N/A,1790932570659314.917	,73.322,0.058000,0
7,aclnnPowTensorScalar_PowsAiCore_Pows,N/A,N/A,1790932570659388.259	,134.463,0.000000,0
7,aclnnMean_ReduceMeanAiCore_ReduceMean,N/A,N/A,1790932570659523.782	,90.581,1.037000,0
7,aclnnAdds_AddAiCore_Add,N/A,N/A,1790932570659615.023	,7.781,0.669000,0
7,aclnnRsqrt_RsqrtAiCore_Rsqrt,N/A,N/A,1790932570659622.824	,8.720,0.000000,0
7,aclnnMul_MulAiCore_Mul,N/A,N/A,1790932570659631.584	,110.062,0.030000,0
7,aclnnInplaceCopy_CastAiCore_Cast,N/A,N/A,1790932570659741.666	,63.861,0.188000,0
7,aclnnMul_MulAiCore_Mul,N/A,N/A,1790932570659805.567	,62.701,0.000000,0
7,aclnnMul_TransposeAiCore_Transpose,N/A,N/A,1790932570659868.308	,917.779,0.049000,0
7,aclnnMul_MulAiCore_Mul,N/A,N/A,1790932570660786.127	,455.909,0.221000,0
7,aclnnNeg_AsStridedAiCore_AsStrided,N/A,N/A,1790932570661242.076	,402.308,0.000000,0
7,aclnnNeg_NegAiCore_Neg,N/A,N/A,1790932570661644.424	,205.964,0.192000,0
7,aclnnCat_AsStridedAiCore_AsStrided,N/A,N/A,1790932570661850.408	,444.849,0.036000,0
7,aclnnCat_ConcatD_ConcatD,N/A,N/A,1790932570662295.277	,465.649,0.000000,0
7,aclnnMul_MulAiCore_Mul,N/A,N/A,1790932570662760.946	,433.969,0.101000,0
7,aclnnAdd_AddAiCore_Add,N/A,N/A,1790932570663194.935	,813.896,0.031000,0
7,aclnnMul_TransposeAiCore_Transpose,N/A,N/A,1790932570664008.851	,126.023,0.000000,0
7,aclnnMul_MulAiCore_Mul,N/A,N/A,1790932570664134.894	,56.681,0.227000,0
7,aclnnNeg_AsStridedAiCore_AsStrided,N/A,N/A,1790932570664191.595	,121.162,0.000000,0
7,aclnnNeg_NegAiCore_Neg,N/A,N/A,1790932570664312.797	,28.301,0.088000,0
7,aclnnCat_AsStridedAiCore_AsStrided,N/A,N/A,1790932570664341.138	,48.881,0.199000,0
7,aclnnCat_ConcatD_ConcatD,N/A,N/A,1790932570664390.039	,41.701,0.000000,0
7,aclnnMul_MulAiCore_Mul,N/A,N/A,1790932570664431.760	,59.541,0.049000,0
7,aclnnAdd_AddAiCore_Add,N/A,N/A,1790932570664491.341	,162.503,0.000000,0
7,aclnnInplaceCopy_AsStridedAiCore_AsStrided,N/A,N/A,1790932570664653.864	,145.183,0.000000,0
7,InnerPromptFlashAttention_PromptFlashAttention_PromptFlashAttention,N/A,N/A,1790932570664800.047	,7315.626,1.067000,0
7,aclnnInplaceCopy_TransposeAiCore_Transpose,N/A,N/A,1790932570672116.453	,1257.345,0.874000,0
7,aclnnMatmul_MatMulV3Common_MatMulV3,N/A,N/A,1790932570673373.818	,2886.238,0.000000,0
7,aclnnAdd_AddAiCore_Add,N/A,N/A,1790932570676260.076	,505.430,0.012000,0
7,aclnnInplaceCopy_CastAiCore_Cast,N/A,N/A,1790932570676765.526	,413.788,0.070000,0
7,aclnnPowTensorScalar_PowsAiCore_Pows,N/A,N/A,1790932570677179.354	,655.713,0.000000,0
7,aclnnMean_ReduceMeanAiCore_ReduceMean,N/A,N/A,1790932570677836.107	,430.349,1.037000,0
7,aclnnAdds_AddAiCore_Add,N/A,N/A,1790932570678267.356	,6.160,0.901000,0
7,aclnnRsqrt_RsqrtAiCore_Rsqrt,N/A,N/A,1790932570678273.536	,7.220,0.090000,0
7,aclnnMul_MulAiCore_Mul,N/A,N/A,1790932570678280.776	,449.509,0.030000,0
7,aclnnInplaceCopy_CastAiCore_Cast,N/A,N/A,1790932570678730.305	,595.832,0.000000,0
7,aclnnMul_MulAiCore_Mul,N/A,N/A,1790932570679326.157	,260.745,0.168000,0
7,aclnnMatmul_MatMulV3Common_MatMulV3,N/A,N/A,1790932570679586.942	,12573.692,0.005000,0
7,aclnnSilu_SliceAiCore_Slice,N/A,N/A,1790932570692160.654	,1197.744,0.058000,0
7,aclnnSilu_SiluAiCore_Swish,N/A,N/A,1790932570693358.418	,1261.225,0.006000,0
7,aclnnMul_SliceAiCore_Slice,N/A,N/A,1790932570694619.683	,1192.564,0.025000,0
7,aclnnMul_MulAiCore_Mul,N/A,N/A,1790932570695812.267	,1911.678,0.000000,0
7,aclnnMatmul_MatMulV3Common_MatMulV3,N/A,N/A,1790932570697723.965	,6689.533,0.072000,0
7,aclnnAdd_AddAiCore_Add,N/A,N/A,1790932570704413.518	,489.930,0.000000,0
7,aclnnInplaceCopy_CastAiCore_Cast,N/A,N/A,1790932570704903.468	,411.388,0.070000,0
7,aclnnPowTensorScalar_PowsAiCore_Pows,N/A,N/A,1790932570705314.896	,657.494,0.112000,0
7,aclnnMean_ReduceMeanAiCore_ReduceMean,N/A,N/A,1790932570705973.590	,430.708,1.006000,0
7,aclnnAdds_AddAiCore_Add,N/A,N/A,1790932570706404.938	,5.940,0.792000,0
7,aclnnRsqrt_RsqrtAiCore_Rsqrt,N/A,N/A,1790932570706410.898	,7.201,0.060000,0
7,aclnnMul_MulAiCore_Mul,N/A,N/A,1790932570706418.119	,457.749,0.000000,0
7,aclnnInplaceCopy_CastAiCore_Cast,N/A,N/A,1790932570706875.888	,596.892,0.251000,0
7,aclnnMul_MulAiCore_Mul,N/A,N/A,1790932570707472.800	,264.505,0.000000,0
7,aclnnMatmul_MatMulV3Common_MatMulV3,N/A,N/A,1790932570707737.325	,3940.339,0.000000,0
7,aclnnInplaceCopy_SliceAiCore_Slice,N/A,N/A,1790932570711677.684	,522.250,0.161000,0
7,aclnnInplaceCopy_CastAiCore_Cast,N/A,N/A,1790932570712199.974	,704.734,0.000000,0
7,aclnnPowTensorScalar_PowsAiCore_Pows,N/A,N/A,1790932570712904.728	,1034.841,0.016000,0
7,aclnnMean_ReduceMeanAiCore_ReduceMean,N/A,N/A,1790932570713940.729	,573.491,1.159000,0
7,aclnnAdds_AddAiCore_Add,N/A,N/A,1790932570714515.220	,10.200,1.009000,0
7,aclnnRsqrt_RsqrtAiCore_Rsqrt,N/A,N/A,1790932570714525.460	,9.961,0.050000,0
7,aclnnMul_MulAiCore_Mul,N/A,N/A,1790932570714535.461	,835.096,0.039000,0
7,aclnnInplaceCopy_CastAiCore_Cast,N/A,N/A,1790932570715370.577	,875.098,0.000000,0
7,aclnnMul_MulAiCore_Mul,N/A,N/A,1790932570716245.695	,437.609,0.152000,0
7,aclnnInplaceCopy_SliceAiCore_Slice,N/A,N/A,1790932570716683.344	,119.602,0.000000,0
7,aclnnInplaceCopy_CastAiCore_Cast,N/A,N/A,1790932570716802.966	,73.081,0.148000,0
7,aclnnPowTensorScalar_PowsAiCore_Pows,N/A,N/A,1790932570716876.067	,131.863,0.000000,0
7,aclnnMean_ReduceMeanAiCore_ReduceMean,N/A,N/A,1790932570717008.910	,89.362,1.137000,0
7,aclnnAdds_AddAiCore_Add,N/A,N/A,1790932570717098.992	,7.980,0.638000,0
7,aclnnRsqrt_RsqrtAiCore_Rsqrt,N/A,N/A,1790932570717107.012	,8.560,0.020000,0
7,aclnnMul_MulAiCore_Mul,N/A,N/A,1790932570717115.592	,109.482,0.000000,0
7,aclnnInplaceCopy_CastAiCore_Cast,N/A,N/A,1790932570717225.094	,61.282,0.018000,0
7,aclnnMul_MulAiCore_Mul,N/A,N/A,1790932570717286.396	,62.501,0.218000,0
7,aclnnMul_TransposeAiCore_Transpose,N/A,N/A,1790932570717348.937	,916.998,0.000000,0
7,aclnnMul_MulAiCore_Mul,N/A,N/A,1790932570718265.955	,459.449,0.002000,0
7,aclnnNeg_AsStridedAiCore_AsStrided,N/A,N/A,1790932570718725.424	,401.768,0.051000,0
7,aclnnNeg_NegAiCore_Neg,N/A,N/A,1790932570719127.212	,204.925,0.000000,0
7,aclnnCat_AsStridedAiCore_AsStrided,N/A,N/A,1790932570719332.157	,440.628,0.075000,0
7,aclnnCat_ConcatD_ConcatD,N/A,N/A,1790932570719772.805	,462.850,0.000000,0
7,aclnnMul_MulAiCore_Mul,N/A,N/A,1790932570720235.675	,434.888,0.150000,0
7,aclnnAdd_AddAiCore_Add,N/A,N/A,1790932570720670.583	,814.317,0.000000,0
7,aclnnMul_TransposeAiCore_Transpose,N/A,N/A,1790932570721484.920	,128.042,0.183000,0
7,aclnnMul_MulAiCore_Mul,N/A,N/A,1790932570721612.982	,54.421,0.000000,0
7,aclnnNeg_AsStridedAiCore_AsStrided,N/A,N/A,1790932570721667.423	,120.903,0.079000,0
7,aclnnNeg_NegAiCore_Neg,N/A,N/A,1790932570721788.346	,29.180,0.000000,0
7,aclnnCat_AsStridedAiCore_AsStrided,N/A,N/A,1790932570721817.546	,49.481,0.070000,0
7,aclnnCat_ConcatD_ConcatD,N/A,N/A,1790932570721867.047	,40.761,0.019000,0
7,aclnnMul_MulAiCore_Mul,N/A,N/A,1790932570721907.828	,61.061,0.000000,0
7,aclnnAdd_AddAiCore_Add,N/A,N/A,1790932570721968.929	,163.563,0.189000,0
7,aclnnInplaceCopy_AsStridedAiCore_AsStrided,N/A,N/A,1790932570722132.512	,145.443,0.000000,0
7,InnerPromptFlashAttention_PromptFlashAttention_PromptFlashAttention,N/A,N/A,1790932570722278.895	,7337.647,1.057000,0
7,aclnnInplaceCopy_TransposeAiCore_Transpose,N/A,N/A,1790932570729617.482	,1259.945,0.853000,0
7,aclnnMatmul_MatMulV3Common_MatMulV3,N/A,N/A,1790932570730877.467	,2876.158,0.055000,0
7,aclnnAdd_AddAiCore_Add,N/A,N/A,1790932570733753.665	,508.310,0.092000,0
7,aclnnInplaceCopy_CastAiCore_Cast,N/A,N/A,1790932570734261.995	,413.608,0.000000,0
7,aclnnPowTensorScalar_PowsAiCore_Pows,N/A,N/A,1790932570734675.623	,654.593,0.000000,0
7,aclnnMean_ReduceMeanAiCore_ReduceMean,N/A,N/A,1790932570735331.636	,430.149,1.657000,0
7,aclnnAdds_AddAiCore_Add,N/A,N/A,1790932570735762.845	,5.800,0.851000,0
7,aclnnRsqrt_RsqrtAiCore_Rsqrt,N/A,N/A,1790932570735768.665	,7.220,0.200000,0
7,aclnnMul_MulAiCore_Mul,N/A,N/A,1790932570735775.925	,452.489,0.030000,0
7,aclnnInplaceCopy_CastAiCore_Cast,N/A,N/A,1790932570736228.454	,594.252,0.011000,0
7,aclnnMul_MulAiCore_Mul,N/A,N/A,1790932570736822.726	,260.405,0.000000,0
7,aclnnMatmul_MatMulV3Common_MatMulV3,N/A,N/A,1790932570737083.171	,12570.131,0.095000,0
7,aclnnSilu_SliceAiCore_Slice,N/A,N/A,1790932570749653.322	,1198.624,0.000000,0
7,aclnnSilu_SiluAiCore_Swish,N/A,N/A,1790932570750851.966	,1242.065,0.126000,0
7,aclnnMul_SliceAiCore_Slice,N/A,N/A,1790932570752094.051	,1199.704,0.000000,0
7,aclnnMul_MulAiCore_Mul,N/A,N/A,1790932570753293.775	,1931.399,0.046000,0
7,aclnnMatmul_MatMulV3Common_MatMulV3,N/A,N/A,1790932570755225.194	,6662.533,0.101000,0
7,aclnnAdd_AddAiCore_Add,N/A,N/A,1790932570761887.747	,491.010,0.000000,0
7,aclnnInplaceCopy_CastAiCore_Cast,N/A,N/A,1790932570762378.777	,413.748,0.000000,0
7,aclnnPowTensorScalar_PowsAiCore_Pows,N/A,N/A,1790932570762792.545	,657.053,0.002000,0
7,aclnnMean_ReduceMeanAiCore_ReduceMean,N/A,N/A,1790932570763450.718	,430.869,1.197000,0
7,aclnnAdds_AddAiCore_Add,N/A,N/A,1790932570763882.347	,5.740,0.631000,0
7,aclnnRsqrt_RsqrtAiCore_Rsqrt,N/A,N/A,1790932570763888.107	,7.160,0.010000,0
7,aclnnMul_MulAiCore_Mul,N/A,N/A,1790932570763895.287	,456.249,0.090000,0
7,aclnnInplaceCopy_CastAiCore_Cast,N/A,N/A,1790932570764351.576	,597.772,0.001000,0
7,aclnnMul_MulAiCore_Mul,N/A,N/A,1790932570764949.388	,260.485,0.228000,0
7,aclnnMatmul_MatMulV3Common_MatMulV3,N/A,N/A,1790932570765209.893	,3977.180,0.015000,0
7,aclnnInplaceCopy_SliceAiCore_Slice,N/A,N/A,1790932570769187.113	,523.230,0.000000,0
7,aclnnInplaceCopy_CastAiCore_Cast,N/A,N/A,1790932570769710.363	,707.714,0.020000,0
7,aclnnPowTensorScalar_PowsAiCore_Pows,N/A,N/A,1790932570770418.097	,1029.861,0.036000,0
7,aclnnMean_ReduceMeanAiCore_ReduceMean,N/A,N/A,1790932570771449.198	,579.471,1.389000,0
7,aclnnAdds_AddAiCore_Add,N/A,N/A,1790932570772029.769	,10.741,1.029000,0
7,aclnnRsqrt_RsqrtAiCore_Rsqrt,N/A,N/A,1790932570772040.530	,9.900,0.009000,0
7,aclnnMul_MulAiCore_Mul,N/A,N/A,1790932570772050.450	,832.196,0.100000,0
7,aclnnInplaceCopy_CastAiCore_Cast,N/A,N/A,1790932570772882.666	,877.518,0.054000,0
7,aclnnMul_MulAiCore_Mul,N/A,N/A,1790932570773760.204	,439.429,0.000000,0
7,aclnnInplaceCopy_SliceAiCore_Slice,N/A,N/A,1790932570774199.653	,119.362,0.071000,0
7,aclnnInplaceCopy_CastAiCore_Cast,N/A,N/A,1790932570774319.035	,72.762,0.000000,0
7,aclnnPowTensorScalar_PowsAiCore_Pows,N/A,N/A,1790932570774391.837	,131.582,0.000000,0
7,aclnnMean_ReduceMeanAiCore_ReduceMean,N/A,N/A,1790932570774524.439	,90.902,1.168000,0
7,aclnnAdds_AddAiCore_Add,N/A,N/A,1790932570774616.341	,8.040,0.848000,0
7,aclnnRsqrt_RsqrtAiCore_Rsqrt,N/A,N/A,1790932570774624.401	,8.860,0.210000,0
7,aclnnMul_MulAiCore_Mul,N/A,N/A,1790932570774633.281	,110.803,0.000000,0
7,aclnnInplaceCopy_CastAiCore_Cast,N/A,N/A,1790932570774744.104	,66.141,0.000000,0
7,aclnnMul_MulAiCore_Mul,N/A,N/A,1790932570774810.265	,61.761,0.109000,0
7,aclnnMul_TransposeAiCore_Transpose,N/A,N/A,1790932570774872.066	,918.479,0.000000,0
7,aclnnMul_MulAiCore_Mul,N/A,N/A,1790932570775790.585	,453.329,0.021000,0
7,aclnnNeg_AsStridedAiCore_AsStrided,N/A,N/A,1790932570776243.954	,396.028,0.171000,0
7,aclnnNeg_NegAiCore_Neg,N/A,N/A,1790932570776640.002	,204.764,0.000000,0
7,aclnnCat_AsStridedAiCore_AsStrided,N/A,N/A,1790932570776844.786	,442.028,0.000000,0
7,aclnnCat_ConcatD_ConcatD,N/A,N/A,1790932570777286.854	,464.970,0.000000,0
7,aclnnMul_MulAiCore_Mul,N/A,N/A,1790932570777751.844	,433.628,0.030000,0
7,aclnnAdd_AddAiCore_Add,N/A,N/A,1790932570778185.512	,815.997,0.122000,0
7,aclnnMul_TransposeAiCore_Transpose,N/A,N/A,1790932570779001.529	,127.942,0.003000,0
7,aclnnMul_MulAiCore_Mul,N/A,N/A,1790932570779129.491	,56.801,0.058000,0
7,aclnnNeg_AsStridedAiCore_AsStrided,N/A,N/A,1790932570779186.312	,121.163,0.000000,0
7,aclnnNeg_NegAiCore_Neg,N/A,N/A,1790932570779307.495	,30.800,0.087000,0
7,aclnnCat_AsStridedAiCore_AsStrided,N/A,N/A,1790932570779338.335	,47.621,0.000000,0
7,aclnnCat_ConcatD_ConcatD,N/A,N/A,1790932570779385.976	,40.561,0.129000,0
7,aclnnMul_MulAiCore_Mul,N/A,N/A,1790932570779426.557	,60.641,0.000000,0
7,aclnnAdd_AddAiCore_Add,N/A,N/A,1790932570779487.218	,162.284,0.109000,0
7,aclnnInplaceCopy_AsStridedAiCore_AsStrided,N/A,N/A,1790932570779649.522	,145.963,0.000000,0
7,InnerPromptFlashAttention_PromptFlashAttention_PromptFlashAttention,N/A,N/A,1790932570779796.465	,7346.706,1.037000,0
7,aclnnInplaceCopy_TransposeAiCore_Transpose,N/A,N/A,1790932570787144.051	,1255.426,0.794000,0
7,aclnnMatmul_MatMulV3Common_MatMulV3,N/A,N/A,1790932570788399.497	,2898.817,0.074000,0
7,aclnnAdd_AddAiCore_Add,N/A,N/A,1790932570791298.334	,504.571,0.000000,0
7,aclnnInplaceCopy_CastAiCore_Cast,N/A,N/A,1790932570791802.925	,413.828,0.179000,0
7,aclnnPowTensorScalar_PowsAiCore_Pows,N/A,N/A,1790932570792216.793	,657.493,0.000000,0
7,aclnnMean_ReduceMeanAiCore_ReduceMean,N/A,N/A,1790932570792875.666	,430.969,1.507000,0
7,aclnnAdds_AddAiCore_Add,N/A,N/A,1790932570793307.395	,8.180,0.781000,0
7,aclnnRsqrt_RsqrtAiCore_Rsqrt,N/A,N/A,1790932570793315.595	,7.080,0.000000,0
7,aclnnMul_MulAiCore_Mul,N/A,N/A,1790932570793322.695	,458.149,0.170000,0
7,aclnnInplaceCopy_CastAiCore_Cast,N/A,N/A,1790932570793780.864	,597.832,0.000000,0
7,aclnnMul_MulAiCore_Mul,N/A,N/A,1790932570794378.716	,260.225,0.168000,0
7,aclnnMatmul_MatMulV3Common_MatMulV3,N/A,N/A,1790932570794638.961	,12532.511,0.025000,0
7,aclnnSilu_SliceAiCore_Slice,N/A,N/A,1790932570807171.492	,1199.784,0.000000,0
7,aclnnSilu_SiluAiCore_Swish,N/A,N/A,1790932570808371.296	,1269.105,0.000000,0
7,aclnnMul_SliceAiCore_Slice,N/A,N/A,1790932570809640.421	,1193.404,0.145000,0
7,aclnnMul_MulAiCore_Mul,N/A,N/A,1790932570810833.865	,1913.538,0.000000,0
7,aclnnMatmul_MatMulV3Common_MatMulV3,N/A,N/A,1790932570812747.423	,6687.594,0.212000,0
7,aclnnAdd_AddAiCore_Add,N/A,N/A,1790932570819435.037	,489.669,0.000000,0
7,aclnnInplaceCopy_CastAiCore_Cast,N/A,N/A,1790932570819924.726	,412.409,0.081000,0
7,aclnnPowTensorScalar_PowsAiCore_Pows,N/A,N/A,1790932570820337.155	,657.753,0.091000,0
7,aclnnMean_ReduceMeanAiCore_ReduceMean,N/A,N/A,1790932570820995.908	,431.088,0.997000,0
7,aclnnAdds_AddAiCore_Add,N/A,N/A,1790932570821428.196	,5.921,1.162000,0
7,aclnnRsqrt_RsqrtAiCore_Rsqrt,N/A,N/A,1790932570821434.137	,7.180,0.079000,0
7,aclnnMul_MulAiCore_Mul,N/A,N/A,1790932570821441.357	,460.429,0.000000,0
7,aclnnInplaceCopy_CastAiCore_Cast,N/A,N/A,1790932570821901.826	,597.092,0.071000,0
7,aclnnMul_MulAiCore_Mul,N/A,N/A,1790932570822498.938	,263.325,0.158000,0
7,aclnnMatmul_MatMulV3Common_MatMulV3,N/A,N/A,1790932570822762.283	,3963.879,0.000000,0
7,aclnnInplaceCopy_SliceAiCore_Slice,N/A,N/A,1790932570826726.182	,521.791,0.121000,0
7,aclnnInplaceCopy_CastAiCore_Cast,N/A,N/A,1790932570827247.993	,703.754,0.000000,0
7,aclnnPowTensorScalar_PowsAiCore_Pows,N/A,N/A,1790932570827951.767	,1033.320,0.000000,0
7,aclnnMean_ReduceMeanAiCore_ReduceMean,N/A,N/A,1790932570828986.447	,578.172,1.430000,0
7,aclnnAdds_AddAiCore_Add,N/A,N/A,1790932570829565.599	,9.920,0.828000,0
7,aclnnRsqrt_RsqrtAiCore_Rsqrt,N/A,N/A,1790932570829575.539	,10.020,0.080000,0
7,aclnnMul_MulAiCore_Mul,N/A,N/A,1790932570829585.579	,830.997,0.000000,0
7,aclnnInplaceCopy_CastAiCore_Cast,N/A,N/A,1790932570830416.596	,876.678,0.003000,0
7,aclnnMul_MulAiCore_Mul,N/A,N/A,1790932570831293.294	,439.328,0.072000,0
7,aclnnInplaceCopy_SliceAiCore_Slice,N/A,N/A,1790932570831732.642	,119.843,0.172000,0
7,aclnnInplaceCopy_CastAiCore_Cast,N/A,N/A,1790932570831852.505	,70.841,0.000000,0
7,aclnnPowTensorScalar_PowsAiCore_Pows,N/A,N/A,1790932570831923.366	,131.683,0.000000,0
7,aclnnMean_ReduceMeanAiCore_ReduceMean,N/A,N/A,1790932570832056.249	,89.062,1.317000,0
7,aclnnAdds_AddAiCore_Add,N/A,N/A,1790932570832146.251	,12.520,0.938000,0
7,aclnnRsqrt_RsqrtAiCore_Rsqrt,N/A,N/A,1790932570832158.811	,8.780,0.000000,0
7,aclnnMul_MulAiCore_Mul,N/A,N/A,1790932570832167.631	,110.082,0.220000,0
7,aclnnInplaceCopy_CastAiCore_Cast,N/A,N/A,1790932570832277.733	,61.521,0.000000,0
7,aclnnMul_MulAiCore_Mul,N/A,N/A,1790932570832339.274	,60.922,0.000000,0
7,aclnnMul_TransposeAiCore_Transpose,N/A,N/A,1790932570832400.216	,920.518,0.078000,0
7,aclnnMul_MulAiCore_Mul,N/A,N/A,1790932570833320.754	,454.669,0.000000,0
7,aclnnNeg_AsStridedAiCore_AsStrided,N/A,N/A,1790932570833775.443	,398.948,0.081000,0
7,aclnnNeg_NegAiCore_Neg,N/A,N/A,1790932570834174.431	,204.044,0.052000,0
7,aclnnCat_AsStridedAiCore_AsStrided,N/A,N/A,1790932570834378.495	,447.889,0.000000,0
7,aclnnCat_ConcatD_ConcatD,N/A,N/A,1790932570834826.404	,461.089,0.111000,0
7,aclnnMul_MulAiCore_Mul,N/A,N/A,1790932570835287.513	,433.069,0.000000,0
7,aclnnAdd_AddAiCore_Add,N/A,N/A,1790932570835720.602	,814.096,0.000000,0
7,aclnnMul_TransposeAiCore_Transpose,N/A,N/A,1790932570836534.718	,125.623,0.154000,0
7,aclnnMul_MulAiCore_Mul,N/A,N/A,1790932570836660.361	,55.701,0.000000,0
7,aclnnNeg_AsStridedAiCore_AsStrided,N/A,N/A,1790932570836716.082	,121.822,0.049000,0
7,aclnnNeg_NegAiCore_Neg,N/A,N/A,1790932570836837.924	,29.061,0.178000,0
7,aclnnCat_AsStridedAiCore_AsStrided,N/A,N/A,1790932570836867.005	,49.681,0.000000,0
7,aclnnCat_ConcatD_ConcatD,N/A,N/A,1790932570836916.706	,40.841,0.069000,0
7,aclnnMul_MulAiCore_Mul,N/A,N/A,1790932570836957.567	,60.901,0.000000,0
7,aclnnAdd_AddAiCore_Add,N/A,N/A,1790932570837018.488	,164.383,0.099000,0
7,aclnnInplaceCopy_AsStridedAiCore_AsStrided,N/A,N/A,1790932570837182.891	,146.843,0.117000,0
7,InnerPromptFlashAttention_PromptFlashAttention_PromptFlashAttention,N/A,N/A,1790932570837331.054	,7317.326,1.157000,0
7,aclnnInplaceCopy_TransposeAiCore_Transpose,N/A,N/A,1790932570844649.040	,1258.706,0.674000,0
7,aclnnMatmul_MatMulV3Common_MatMulV3,N/A,N/A,1790932570845907.766	,2882.497,0.044000,0
7,aclnnAdd_AddAiCore_Add,N/A,N/A,1790932570848790.283	,512.590,0.003000,0
7,aclnnInplaceCopy_CastAiCore_Cast,N/A,N/A,1790932570849302.893	,415.169,0.160000,0
7,aclnnPowTensorScalar_PowsAiCore_Pows,N/A,N/A,1790932570849718.102	,655.953,0.000000,0
7,aclnnMean_ReduceMeanAiCore_ReduceMean,N/A,N/A,1790932570850375.195	,429.268,1.297000,0
7,aclnnAdds_AddAiCore_Add,N/A,N/A,1790932570850805.643	,5.760,1.232000,0
7,aclnnRsqrt_RsqrtAiCore_Rsqrt,N/A,N/A,1790932570850811.423	,7.161,0.000000,0
7,aclnnMul_MulAiCore_Mul,N/A,N/A,1790932570850818.604	,455.989,0.000000,0
7,aclnnInplaceCopy_CastAiCore_Cast,N/A,N/A,1790932570851274.613	,594.412,0.011000,0
7,aclnnMul_MulAiCore_Mul,N/A,N/A,1790932570851869.045	,260.485,0.088000,0
7,aclnnMatmul_MatMulV3Common_MatMulV3,N/A,N/A,1790932570852129.550	,12533.290,0.015000,0
7,aclnnSilu_SliceAiCore_Slice,N/A,N/A,1790932570864662.860	,1199.484,0.000000,0
7,aclnnSilu_SiluAiCore_Swish,N/A,N/A,1790932570865862.364	,1241.325,0.016000,0
7,aclnnMul_SliceAiCore_Slice,N/A,N/A,1790932570867103.709	,1200.564,0.175000,0
7,aclnnMul_MulAiCore_Mul,N/A,N/A,1790932570868304.293	,1934.659,0.000000,0
7,aclnnMatmul_MatMulV3Common_MatMulV3,N/A,N/A,1790932570870238.972	,6673.973,0.091000,0
7,aclnnAdd_AddAiCore_Add,N/A,N/A,1790932570876912.965	,490.850,0.027000,0
7,aclnnInplaceCopy_CastAiCore_Cast,N/A,N/A,1790932570877403.835	,412.608,0.000000,0
7,aclnnPowTensorScalar_PowsAiCore_Pows,N/A,N/A,1790932570877816.463	,657.373,0.142000,0
7,aclnnMean_ReduceMeanAiCore_ReduceMean,N/A,N/A,1790932570878475.116	,428.889,1.127000,0
7,aclnnAdds_AddAiCore_Add,N/A,N/A,1790932570878904.885	,6.480,1.111000,0
7,aclnnRsqrt_RsqrtAiCore_Rsqrt,N/A,N/A,1790932570878911.385	,7.080,0.020000,0
7,aclnnMul_MulAiCore_Mul,N/A,N/A,1790932570878918.485	,451.049,0.000000,0
7,aclnnInplaceCopy_CastAiCore_Cast,N/A,N/A,1790932570879369.574	,597.172,0.000000,0
7,aclnnMul_MulAiCore_Mul,N/A,N/A,1790932570879966.786	,260.705,0.078000,0
7,aclnnMatmul_MatMulV3Common_MatMulV3,N/A,N/A,1790932570880227.511	,3919.919,0.045000,0
7,aclnnInplaceCopy_SliceAiCore_Slice,N/A,N/A,1790932570884147.450	,522.750,0.081000,0
7,aclnnInplaceCopy_CastAiCore_Cast,N/A,N/A,1790932570884670.220	,705.554,0.000000,0
7,aclnnPowTensorScalar_PowsAiCore_Pows,N/A,N/A,1790932570885375.794	,1027.961,0.000000,0
7,aclnnMean_ReduceMeanAiCore_ReduceMean,N/A,N/A,1790932570886404.775	,585.951,1.039000,0
7,aclnnAdds_AddAiCore_Add,N/A,N/A,1790932570886991.846	,10.161,1.049000,0
7,aclnnRsqrt_RsqrtAiCore_Rsqrt,N/A,N/A,1790932570887002.027	,9.980,0.089000,0
7,aclnnMul_MulAiCore_Mul,N/A,N/A,1790932570887012.027	,834.556,0.020000,0
7,aclnnInplaceCopy_CastAiCore_Cast,N/A,N/A,1790932570887846.603	,878.378,0.000000,0
7,aclnnMul_MulAiCore_Mul,N/A,N/A,1790932570888725.001	,441.469,0.122000,0
7,aclnnInplaceCopy_SliceAiCore_Slice,N/A,N/A,1790932570889166.490	,119.222,0.031000,0
7,aclnnInplaceCopy_CastAiCore_Cast,N/A,N/A,1790932570889285.732	,73.602,0.028000,0
7,aclnnPowTensorScalar_PowsAiCore_Pows,N/A,N/A,1790932570889359.354	,132.342,0.000000,0
7,aclnnMean_ReduceMeanAiCore_ReduceMean,N/A,N/A,1790932570889492.696	,98.062,1.158000,0
7,aclnnAdds_AddAiCore_Add,N/A,N/A,1790932570889591.898	,8.000,1.188000,0
7,aclnnRsqrt_RsqrtAiCore_Rsqrt,N/A,N/A,1790932570889599.918	,8.661,0.000000,0
7,aclnnMul_MulAiCore_Mul,N/A,N/A,1790932570889608.599	,110.302,0.000000,0
7,aclnnInplaceCopy_CastAiCore_Cast,N/A,N/A,1790932570889718.921	,65.701,0.198000,0
7,aclnnMul_MulAiCore_Mul,N/A,N/A,1790932570889784.642	,62.441,0.049000,0
7,aclnnMul_TransposeAiCore_Transpose,N/A,N/A,1790932570889847.103	,919.999,0.000000,0
7,aclnnMul_MulAiCore_Mul,N/A,N/A,1790932570890767.122	,457.709,0.001000,0
7,aclnnNeg_AsStridedAiCore_AsStrided,N/A,N/A,1790932570891224.871	,399.068,0.041000,0
7,aclnnNeg_NegAiCore_Neg,N/A,N/A,1790932570891623.959	,204.184,0.182000,0
7,aclnnCat_AsStridedAiCore_AsStrided,N/A,N/A,1790932570891828.163	,443.129,0.066000,0
7,aclnnCat_ConcatD_ConcatD,N/A,N/A,1790932570892271.312	,465.329,0.000000,0
7,aclnnMul_MulAiCore_Mul,N/A,N/A,1790932570892736.661	,435.149,0.171000,0
7,aclnnAdd_AddAiCore_Add,N/A,N/A,1790932570893171.830	,811.816,0.000000,0
7,aclnnMul_TransposeAiCore_Transpose,N/A,N/A,1790932570893983.686	,127.023,0.184000,0
7,aclnnMul_MulAiCore_Mul,N/A,N/A,1790932570894110.729	,57.521,0.000000,0
7,aclnnNeg_AsStridedAiCore_AsStrided,N/A,N/A,1790932570894168.290	,121.062,0.000000,0
7,aclnnNeg_NegAiCore_Neg,N/A,N/A,1790932570894289.392	,29.781,0.188000,0
7,aclnnCat_AsStridedAiCore_AsStrided,N/A,N/A,1790932570894319.193	,47.821,0.000000,0
7,aclnnCat_ConcatD_ConcatD,N/A,N/A,1790932570894367.034	,42.181,0.000000,0
7,aclnnMul_MulAiCore_Mul,N/A,N/A,1790932570894409.235	,61.941,0.069000,0
7,aclnnAdd_AddAiCore_Add,N/A,N/A,1790932570894471.216	,163.203,0.059000,0
7,aclnnInplaceCopy_AsStridedAiCore_AsStrided,N/A,N/A,1790932570894634.439	,148.603,0.047000,0
7,InnerPromptFlashAttention_PromptFlashAttention_PromptFlashAttention,N/A,N/A,1790932570894784.482	,7298.706,1.397000,0
7,aclnnInplaceCopy_TransposeAiCore_Transpose,N/A,N/A,1790932570902084.268	,1254.885,1.044000,0
7,aclnnMatmul_MatMulV3Common_MatMulV3,N/A,N/A,1790932570903339.173	,2883.518,0.115000,0
7,aclnnAdd_AddAiCore_Add,N/A,N/A,1790932570906222.731	,507.330,0.000000,0
7,aclnnInplaceCopy_CastAiCore_Cast,N/A,N/A,1790932570906730.081	,412.808,0.000000,0
7,aclnnPowTensorScalar_PowsAiCore_Pows,N/A,N/A,1790932570907142.909	,657.833,0.192000,0
7,aclnnMean_ReduceMeanAiCore_ReduceMean,N/A,N/A,1790932570907802.042	,429.729,1.167000,0
7,aclnnAdds_AddAiCore_Add,N/A,N/A,1790932570908232.411	,6.020,0.771000,0
7,aclnnRsqrt_RsqrtAiCore_Rsqrt,N/A,N/A,1790932570908238.451	,7.220,0.000000,0
7,aclnnMul_MulAiCore_Mul,N/A,N/A,1790932570908245.691	,448.829,0.030000,0
7,aclnnInplaceCopy_CastAiCore_Cast,N/A,N/A,1790932570908694.540	,596.532,0.000000,0
7,aclnnMul_MulAiCore_Mul,N/A,N/A,1790932570909291.112	,262.125,0.000000,0
7,aclnnMatmul_MatMulV3Common_MatMulV3,N/A,N/A,1790932570909553.257	,12566.151,0.125000,0
7,aclnnSilu_SliceAiCore_Slice,N/A,N/A,1790932570922119.428	,1202.904,0.099000,0
7,aclnnSilu_SiluAiCore_Swish,N/A,N/A,1790932570923322.352	,1262.245,0.000000,0
7,aclnnMul_SliceAiCore_Slice,N/A,N/A,1790932570924584.617	,1194.104,0.005000,0
7,aclnnMul_MulAiCore_Mul,N/A,N/A,1790932570925778.741	,1910.199,0.146000,0
7,aclnnMatmul_MatMulV3Common_MatMulV3,N/A,N/A,1790932570927688.980	,6686.033,0.051000,0
7,aclnnAdd_AddAiCore_Add,N/A,N/A,1790932570934375.033	,490.010,0.000000,0
7,aclnnInplaceCopy_CastAiCore_Cast,N/A,N/A,1790932570934865.063	,411.168,0.000000,0
7,aclnnPowTensorScalar_PowsAiCore_Pows,N/A,N/A,1790932570935276.251	,657.893,0.082000,0
7,aclnnMean_ReduceMeanAiCore_ReduceMean,N/A,N/A,1790932570935935.384	,428.489,1.357000,0
7,aclnnAdds_AddAiCore_Add,N/A,N/A,1790932570936364.613	,5.920,0.511000,0
7,aclnnRsqrt_RsqrtAiCore_Rsqrt,N/A,N/A,1790932570936370.553	,7.120,0.080000,0
7,aclnnMul_MulAiCore_Mul,N/A,N/A,1790932570936377.693	,459.809,0.130000,0
7,aclnnInplaceCopy_CastAiCore_Cast,N/A,N/A,1790932570936837.522	,599.052,0.000000,0
7,aclnnMul_MulAiCore_Mul,N/A,N/A,1790932570937436.594	,262.686,0.000000,0
7,aclnnMatmul_MatMulV3Common_MatMulV3,N/A,N/A,1790932570937699.300	,3940.538,0.064000,0
7,aclnnInplaceCopy_SliceAiCore_Slice,N/A,N/A,1790932570941639.878	,520.891,0.212000,0
7,aclnnInplaceCopy_CastAiCore_Cast,N/A,N/A,1790932570942160.789	,703.834,0.000000,0
7,aclnnPowTensorScalar_PowsAiCore_Pows,N/A,N/A,1790932570942864.643	,1037.680,0.166000,0
7,aclnnMean_ReduceMeanAiCore_ReduceMean,N/A,N/A,1790932570943903.543	,575.552,1.070000,0
7,aclnnAdds_AddAiCore_Add,N/A,N/A,1790932570944479.815	,12.320,0.698000,0
7,aclnnRsqrt_RsqrtAiCore_Rsqrt,N/A,N/A,1790932570944492.155	,9.940,0.180000,0
7,aclnnMul_MulAiCore_Mul,N/A,N/A,1790932570944502.115	,840.437,0.000000,0
7,aclnnInplaceCopy_CastAiCore_Cast,N/A,N/A,1790932570945342.592	,875.938,0.063000,0
7,aclnnMul_MulAiCore_Mul,N/A,N/A,1790932570946218.570	,437.148,0.062000,0
7,aclnnInplaceCopy_SliceAiCore_Slice,N/A,N/A,1790932570946655.738	,119.023,0.102000,0
7,aclnnInplaceCopy_CastAiCore_Cast,N/A,N/A,1790932570946774.801	,74.201,0.000000,0
7,aclnnPowTensorScalar_PowsAiCore_Pows,N/A,N/A,1790932570946849.022	,131.203,0.049000,0
7,aclnnMean_ReduceMeanAiCore_ReduceMean,N/A,N/A,1790932570946981.545	,88.462,1.297000,0
7,aclnnAdds_AddAiCore_Add,N/A,N/A,1790932570947071.027	,8.440,1.038000,0
7,aclnnRsqrt_RsqrtAiCore_Rsqrt,N/A,N/A,1790932570947079.487	,8.780,0.060000,0
7,aclnnMul_MulAiCore_Mul,N/A,N/A,1790932570947088.287	,110.902,0.000000,0
7,aclnnInplaceCopy_CastAiCore_Cast,N/A,N/A,1790932570947199.209	,68.542,0.098000,0
7,aclnnMul_MulAiCore_Mul,N/A,N/A,1790932570947267.771	,62.061,0.000000,0
7,aclnnMul_TransposeAiCore_Transpose,N/A,N/A,1790932570947329.872	,917.018,0.000000,0
7,aclnnMul_MulAiCore_Mul,N/A,N/A,1790932570948246.910	,456.509,0.232000,0
7,aclnnNeg_AsStridedAiCore_AsStrided,N/A,N/A,1790932570948703.439	,397.208,0.000000,0
7,aclnnNeg_NegAiCore_Neg,N/A,N/A,1790932570949100.687	,203.544,0.042000,0
7,aclnnCat_AsStridedAiCore_AsStrided,N/A,N/A,1790932570949304.271	,444.129,0.000000,0
7,aclnnCat_ConcatD_ConcatD,N/A,N/A,1790932570949748.440	,460.529,0.121000,0
7,aclnnMul_MulAiCore_Mul,N/A,N/A,1790932570950208.989	,435.449,0.000000,0
7,aclnnAdd_AddAiCore_Add,N/A,N/A,1790932570950644.458	,816.496,0.051000,0
7,aclnnMul_TransposeAiCore_Transpose,N/A,N/A,1790932570951460.974	,126.963,0.004000,0
7,aclnnMul_MulAiCore_Mul,N/A,N/A,1790932570951587.977	,54.261,0.037000,0
7,aclnnNeg_AsStridedAiCore_AsStrided,N/A,N/A,1790932570951642.258	,120.583,0.000000,0
7,aclnnNeg_NegAiCore_Neg,N/A,N/A,1790932570951762.861	,29.360,0.000000,0
7,aclnnCat_AsStridedAiCore_AsStrided,N/A,N/A,1790932570951792.241	,47.941,0.140000,0
7,aclnnCat_ConcatD_ConcatD,N/A,N/A,1790932570951840.202	,41.161,0.059000,0
7,aclnnMul_MulAiCore_Mul,N/A,N/A,1790932570951881.383	,61.501,0.089000,0
7,aclnnAdd_AddAiCore_Add,N/A,N/A,1790932570951942.904	,161.743,0.000000,0
7,aclnnInplaceCopy_AsStridedAiCore_AsStrided,N/A,N/A,1790932570952104.667	,147.183,0.007000,0
7,InnerPromptFlashAttention_PromptFlashAttention_PromptFlashAttention,N/A,N/A,1790932570952253.210	,7301.306,1.317000,0
7,aclnnInplaceCopy_TransposeAiCore_Transpose,N/A,N/A,1790932570959555.536	,1256.985,0.944000,0
7,aclnnMatmul_MatMulV3Common_MatMulV3,N/A,N/A,1790932570960812.541	,2886.398,0.015000,0
7,aclnnAdd_AddAiCore_Add,N/A,N/A,1790932570963698.959	,507.910,0.102000,0
7,aclnnInplaceCopy_CastAiCore_Cast,N/A,N/A,1790932570964206.909	,414.968,0.090000,0
7,aclnnPowTensorScalar_PowsAiCore_Pows,N/A,N/A,1790932570964621.897	,654.594,0.032000,0
7,aclnnMean_ReduceMeanAiCore_ReduceMean,N/A,N/A,1790932570965277.651	,433.448,1.156000,0
7,aclnnAdds_AddAiCore_Add,N/A,N/A,1790932570965712.259	,6.120,1.052000,0
7,aclnnRsqrt_RsqrtAiCore_Rsqrt,N/A,N/A,1790932570965718.399	,8.381,0.130000,0
7,aclnnMul_MulAiCore_Mul,N/A,N/A,1790932570965726.800	,453.329,0.000000,0
7,aclnnInplaceCopy_CastAiCore_Cast,N/A,N/A,1790932570966180.149	,596.791,0.171000,0
7,aclnnMul_MulAiCore_Mul,N/A,N/A,1790932570966776.960	,259.946,0.000000,0
7,aclnnMatmul_MatMulV3Common_MatMulV3,N/A,N/A,1790932570967036.926	,12589.931,0.054000,0
7,aclnnSilu_SliceAiCore_Slice,N/A,N/A,1790932570979626.877	,1197.684,0.069000,0
7,aclnnSilu_SiluAiCore_Swish,N/A,N/A,1790932570980824.581	,1241.125,0.000000,0
7,aclnnMul_SliceAiCore_Slice,N/A,N/A,1790932570982065.726	,1200.684,0.125000,0
7,aclnnMul_MulAiCore_Mul,N/A,N/A,1790932570983266.430	,1933.839,0.066000,0
7,aclnnMatmul_MatMulV3Common_MatMulV3,N/A,N/A,1790932570985200.309	,6671.513,0.000000,0
7,aclnnAdd_AddAiCore_Add,N/A,N/A,1790932570991871.842	,489.110,0.000000,0
7,aclnnInplaceCopy_CastAiCore_Cast,N/A,N/A,1790932570992360.972	,412.148,0.140000,0
7,aclnnPowTensorScalar_PowsAiCore_Pows,N/A,N/A,1790932570992773.160	,659.813,0.102000,0
7,aclnnMean_ReduceMeanAiCore_ReduceMean,N/A,N/A,1790932570993434.133	,430.169,1.187000,0
7,aclnnAdds_AddAiCore_Add,N/A,N/A,1790932570993865.222	,5.760,0.831000,0
7,aclnnRsqrt_RsqrtAiCore_Rsqrt,N/A,N/A,1790932570993871.002	,7.120,0.000000,0
7,aclnnMul_MulAiCore_Mul,N/A,N/A,1790932570993878.162	,453.989,0.130000,0
7,aclnnInplaceCopy_CastAiCore_Cast,N/A,N/A,1790932570994332.171	,596.712,0.011000,0
7,aclnnMul_MulAiCore_Mul,N/A,N/A,1790932570994928.903	,261.545,0.038000,0
7,aclnnMatmul_MatMulV3Common_MatMulV3,N/A,N/A,1790932570995190.468	,3977.660,0.000000,0
7,aclnnInplaceCopy_SliceAiCore_Slice,N/A,N/A,1790932570999168.148	,523.570,0.090000,0
7,aclnnInplaceCopy_CastAiCore_Cast,N/A,N/A,1790932570999691.738	,705.094,0.000000,0
7,aclnnPowTensorScalar_PowsAiCore_Pows,N/A,N/A,1790932571000396.852	,1029.901,0.000000,0
7,aclnnMean_ReduceMeanAiCore_ReduceMean,N/A,N/A,1790932571001427.893	,580.011,1.349000,0
7,aclnnAdds_AddAiCore_Add,N/A,N/A,1790932571002008.884	,10.781,0.989000,0
7,aclnnRsqrt_RsqrtAiCore_Rsqrt,N/A,N/A,1790932571002019.685	,9.960,0.000000,0
7,aclnnMul_MulAiCore_Mul,N/A,N/A,1790932571002029.685	,831.876,0.040000,0
7,aclnnInplaceCopy_CastAiCore_Cast,N/A,N/A,1790932571002861.581	,878.938,0.000000,0
7,aclnnMul_MulAiCore_Mul,N/A,N/A,1790932571003740.539	,441.629,0.062000,0
7,aclnnInplaceCopy_SliceAiCore_Slice,N/A,N/A,1790932571004182.188	,119.802,0.121000,0
7,aclnnInplaceCopy_CastAiCore_Cast,N/A,N/A,1790932571004302.010	,72.942,0.000000,0
7,aclnnPowTensorScalar_PowsAiCore_Pows,N/A,N/A,1790932571004374.992	,131.942,0.058000,0
7,aclnnMean_ReduceMeanAiCore_ReduceMean,N/A,N/A,1790932571004508.014	,90.922,1.058000,0
7,aclnnAdds_AddAiCore_Add,N/A,N/A,1790932571004599.856	,8.160,0.828000,0
7,aclnnRsqrt_RsqrtAiCore_Rsqrt,N/A,N/A,1790932571004608.036	,14.361,0.090000,0
7,aclnnMul_MulAiCore_Mul,N/A,N/A,1790932571004622.437	,109.162,0.139000,0
7,aclnnInplaceCopy_CastAiCore_Cast,N/A,N/A,1790932571004731.619	,66.481,0.000000,0
7,aclnnMul_MulAiCore_Mul,N/A,N/A,1790932571004798.120	,62.181,0.019000,0
7,aclnnMul_TransposeAiCore_Transpose,N/A,N/A,1790932571004860.321	,925.579,0.069000,0
7,aclnnMul_MulAiCore_Mul,N/A,N/A,1790932571005785.920	,455.909,0.171000,0
7,aclnnNeg_AsStridedAiCore_AsStrided,N/A,N/A,1790932571006241.849	,409.928,0.000000,0
7,aclnnNeg_NegAiCore_Neg,N/A,N/A,1790932571006651.797	,203.864,0.072000,0
7,aclnnCat_AsStridedAiCore_AsStrided,N/A,N/A,1790932571006855.681	,442.009,0.136000,0
7,aclnnCat_ConcatD_ConcatD,N/A,N/A,1790932571007297.710	,466.649,0.000000,0
7,aclnnMul_MulAiCore_Mul,N/A,N/A,1790932571007764.399	,437.489,0.101000,0
7,aclnnAdd_AddAiCore_Add,N/A,N/A,1790932571008201.908	,811.516,0.011000,0
7,aclnnMul_TransposeAiCore_Transpose,N/A,N/A,1790932571009013.444	,127.083,0.000000,0
7,aclnnMul_MulAiCore_Mul,N/A,N/A,1790932571009140.567	,55.661,0.000000,0
7,aclnnNeg_AsStridedAiCore_AsStrided,N/A,N/A,1790932571009196.248	,120.522,0.089000,0
7,aclnnNeg_NegAiCore_Neg,N/A,N/A,1790932571009316.810	,29.241,0.000000,0
7,aclnnCat_AsStridedAiCore_AsStrided,N/A,N/A,1790932571009346.071	,47.381,0.009000,0
7,aclnnCat_ConcatD_ConcatD,N/A,N/A,1790932571009393.472	,41.021,0.119000,0
7,aclnnMul_MulAiCore_Mul,N/A,N/A,1790932571009434.533	,60.881,0.000000,0
7,aclnnAdd_AddAiCore_Add,N/A,N/A,1790932571009495.454	,165.143,0.119000,0
7,aclnnInplaceCopy_AsStridedAiCore_AsStrided,N/A,N/A,1790932571009660.617	,145.383,0.000000,0
7,InnerPromptFlashAttention_PromptFlashAttention_PromptFlashAttention,N/A,N/A,1790932571009807.040	,7315.526,1.117000,0
7,aclnnInplaceCopy_TransposeAiCore_Transpose,N/A,N/A,1790932571017123.326	,1256.946,0.724000,0
7,aclnnMatmul_MatMulV3Common_MatMulV3,N/A,N/A,1790932571018380.292	,2875.037,0.054000,0
7,aclnnAdd_AddAiCore_Add,N/A,N/A,1790932571021255.349	,507.550,0.000000,0
7,aclnnInplaceCopy_CastAiCore_Cast,N/A,N/A,1790932571021762.919	,412.868,0.200000,0
7,aclnnPowTensorScalar_PowsAiCore_Pows,N/A,N/A,1790932571022175.807	,657.233,0.000000,0
7,aclnnMean_ReduceMeanAiCore_ReduceMean,N/A,N/A,1790932571022834.021	,431.468,1.017000,0
7,aclnnAdds_AddAiCore_Add,N/A,N/A,1790932571023266.249	,5.900,0.782000,0
7,aclnnRsqrt_RsqrtAiCore_Rsqrt,N/A,N/A,1790932571023272.189	,7.220,0.100000,0
7,aclnnMul_MulAiCore_Mul,N/A,N/A,1790932571023279.429	,449.589,0.030000,0
7,aclnnInplaceCopy_CastAiCore_Cast,N/A,N/A,1790932571023729.058	,595.732,0.000000,0
7,aclnnMul_MulAiCore_Mul,N/A,N/A,1790932571024324.810	,259.625,0.018000,0
7,aclnnMatmul_MatMulV3Common_MatMulV3,N/A,N/A,1790932571024584.455	,12552.431,0.125000,0
7,aclnnSilu_SliceAiCore_Slice,N/A,N/A,1790932571037136.926	,1198.484,0.069000,0
7,aclnnSilu_SiluAiCore_Swish,N/A,N/A,1790932571038335.430	,1267.606,0.016000,0
7,aclnnMul_SliceAiCore_Slice,N/A,N/A,1790932571039603.076	,1190.643,0.000000,0
7,aclnnMul_MulAiCore_Mul,N/A,N/A,1790932571040793.759	,1913.639,0.107000,0
7,aclnnMatmul_MatMulV3Common_MatMulV3,N/A,N/A,1790932571042707.418	,6689.113,0.111000,0
7,aclnnAdd_AddAiCore_Add,N/A,N/A,1790932571049396.551	,490.790,0.000000,0
7,aclnnInplaceCopy_CastAiCore_Cast,N/A,N/A,1790932571049887.361	,411.448,0.000000,0
7,aclnnPowTensorScalar_PowsAiCore_Pows,N/A,N/A,1790932571050298.849	,659.153,0.052000,0
7,aclnnMean_ReduceMeanAiCore_ReduceMean,N/A,N/A,1790932571050958.942	,430.869,1.097000,0
7,aclnnAdds_AddAiCore_Add,N/A,N/A,1790932571051390.851	,5.760,0.881000,0
7,aclnnRsqrt_RsqrtAiCore_Rsqrt,N/A,N/A,1790932571051396.631	,7.220,0.240000,0
7,aclnnMul_MulAiCore_Mul,N/A,N/A,1790932571051403.871	,459.390,0.000000,0
7,aclnnInplaceCopy_CastAiCore_Cast,N/A,N/A,1790932571051863.281	,598.371,0.110000,0
7,aclnnMul_MulAiCore_Mul,N/A,N/A,1790932571052461.672	,262.426,0.129000,0
7,aclnnMatmul_MatMulV3Common_MatMulV3,N/A,N/A,1790932571052724.118	,3963.259,0.000000,0
7,aclnnInplaceCopy_SliceAiCore_Slice,N/A,N/A,1790932571056687.397	,522.370,0.241000,0
7,aclnnInplaceCopy_CastAiCore_Cast,N/A,N/A,1790932571057209.807	,703.254,0.000000,0
7,aclnnPowTensorScalar_PowsAiCore_Pows,N/A,N/A,1790932571057913.081	,1032.901,0.000000,0
7,aclnnMean_ReduceMeanAiCore_ReduceMean,N/A,N/A,1790932571058947.162	,575.152,1.349000,0
7,aclnnAdds_AddAiCore_Add,N/A,N/A,1790932571059523.354	,10.320,0.848000,0
7,aclnnRsqrt_RsqrtAiCore_Rsqrt,N/A,N/A,1790932571059533.694	,9.840,0.180000,0
7,aclnnMul_MulAiCore_Mul,N/A,N/A,1790932571059543.574	,835.157,0.000000,0
7,aclnnInplaceCopy_CastAiCore_Cast,N/A,N/A,1790932571060378.751	,879.477,0.093000,0
7,aclnnMul_MulAiCore_Mul,N/A,N/A,1790932571061258.248	,437.229,0.023000,0
7,aclnnInplaceCopy_SliceAiCore_Slice,N/A,N/A,1790932571061695.497	,118.882,0.021000,0
7,aclnnInplaceCopy_CastAiCore_Cast,N/A,N/A,1790932571061814.399	,74.502,0.118000,0
7,aclnnPowTensorScalar_PowsAiCore_Pows,N/A,N/A,1790932571061888.921	,135.363,0.000000,0
7,aclnnMean_ReduceMeanAiCore_ReduceMean,N/A,N/A,1790932571062025.704	,91.581,1.387000,0
7,aclnnAdds_AddAiCore_Add,N/A,N/A,1790932571062118.105	,8.161,0.669000,0
7,aclnnRsqrt_RsqrtAiCore_Rsqrt,N/A,N/A,1790932571062126.286	,8.760,0.089000,0
7,aclnnMul_MulAiCore_Mul,N/A,N/A,1790932571062135.066	,109.702,0.000000,0
7,aclnnInplaceCopy_CastAiCore_Cast,N/A,N/A,1790932571062244.788	,59.781,0.048000,0
7,aclnnMul_MulAiCore_Mul,N/A,N/A,1790932571062304.589	,62.181,0.000000,0
7,aclnnMul_TransposeAiCore_Transpose,N/A,N/A,1790932571062366.790	,920.259,0.069000,0
7,aclnnMul_MulAiCore_Mul,N/A,N/A,1790932571063287.069	,455.149,0.000000,0
7,aclnnNeg_AsStridedAiCore_AsStrided,N/A,N/A,1790932571063742.258	,399.328,0.101000,0
7,aclnnNeg_NegAiCore_Neg,N/A,N/A,1790932571064141.606	,204.244,0.000000,0
7,aclnnCat_AsStridedAiCore_AsStrided,N/A,N/A,1790932571064345.870	,441.789,0.006000,0
7,aclnnCat_ConcatD_ConcatD,N/A,N/A,1790932571064787.679	,461.029,0.211000,0
7,aclnnMul_MulAiCore_Mul,N/A,N/A,1790932571065248.728	,432.329,0.000000,0
7,aclnnAdd_AddAiCore_Add,N/A,N/A,1790932571065681.077	,813.556,0.000000,0
7,aclnnMul_TransposeAiCore_Transpose,N/A,N/A,1790932571066494.653	,127.222,0.194000,0
7,aclnnMul_MulAiCore_Mul,N/A,N/A,1790932571066621.895	,53.741,0.028000,0
7,aclnnNeg_AsStridedAiCore_AsStrided,N/A,N/A,1790932571066675.676	,123.123,0.009000,0
7,aclnnNeg_NegAiCore_Neg,N/A,N/A,1790932571066798.819	,29.241,0.000000,0
7,aclnnCat_AsStridedAiCore_AsStrided,N/A,N/A,1790932571066828.080	,47.420,0.009000,0
7,aclnnCat_ConcatD_ConcatD,N/A,N/A,1790932571066875.520	,41.081,0.080000,0
7,aclnnMul_MulAiCore_Mul,N/A,N/A,1790932571066916.621	,60.001,0.000000,0
7,aclnnAdd_AddAiCore_Add,N/A,N/A,1790932571066976.642	,162.564,0.249000,0
7,aclnnInplaceCopy_AsStridedAiCore_AsStrided,N/A,N/A,1790932571067139.246	,144.203,0.000000,0
7,InnerPromptFlashAttention_PromptFlashAttention_PromptFlashAttention,N/A,N/A,1790932571067284.649	,7361.227,1.297000,0
7,aclnnInplaceCopy_TransposeAiCore_Transpose,N/A,N/A,1790932571074646.916	,1256.525,1.023000,0
7,aclnnMatmul_MatMulV3Common_MatMulV3,N/A,N/A,1790932571075903.461	,2887.978,0.000000,0
7,aclnnAdd_AddAiCore_Add,N/A,N/A,1790932571078791.479	,512.970,0.022000,0
7,aclnnInplaceCopy_CastAiCore_Cast,N/A,N/A,1790932571079304.469	,413.968,0.030000,0
7,aclnnPowTensorScalar_PowsAiCore_Pows,N/A,N/A,1790932571079718.457	,656.893,0.032000,0
7,aclnnMean_ReduceMeanAiCore_ReduceMean,N/A,N/A,1790932571080376.690	,431.189,1.357000,0
7,aclnnAdds_AddAiCore_Add,N/A,N/A,1790932571080808.619	,5.800,0.561000,0
7,aclnnRsqrt_RsqrtAiCore_Rsqrt,N/A,N/A,1790932571080814.439	,7.100,0.200000,0
7,aclnnMul_MulAiCore_Mul,N/A,N/A,1790932571080821.579	,462.589,0.000000,0
7,aclnnInplaceCopy_CastAiCore_Cast,N/A,N/A,1790932571081284.188	,595.592,0.161000,0
7,aclnnMul_MulAiCore_Mul,N/A,N/A,1790932571081879.820	,261.725,0.000000,0
7,aclnnMatmul_MatMulV3Common_MatMulV3,N/A,N/A,1790932571082141.585	,12511.890,0.025000,0
7,aclnnSilu_SliceAiCore_Slice,N/A,N/A,1790932571094653.515	,1199.104,0.110000,0
7,aclnnSilu_SiluAiCore_Swish,N/A,N/A,1790932571095852.639	,1246.445,0.146000,0
7,aclnnMul_SliceAiCore_Slice,N/A,N/A,1790932571097099.104	,1199.984,0.000000,0
7,aclnnMul_MulAiCore_Mul,N/A,N/A,1790932571098299.108	,1934.819,0.016000,0
7,aclnnMatmul_MatMulV3Common_MatMulV3,N/A,N/A,1790932571100233.947	,6667.413,0.181000,0
7,aclnnAdd_AddAiCore_Add,N/A,N/A,1790932571106901.380	,491.330,0.087000,0
7,aclnnInplaceCopy_CastAiCore_Cast,N/A,N/A,1790932571107392.730	,413.228,0.000000,0
7,aclnnPowTensorScalar_PowsAiCore_Pows,N/A,N/A,1790932571107805.978	,659.033,0.022000,0
7,aclnnMean_ReduceMeanAiCore_ReduceMean,N/A,N/A,1790932571108466.051	,429.209,0.967000,0
7,aclnnAdds_AddAiCore_Add,N/A,N/A,1790932571108896.200	,6.000,1.041000,0
7,aclnnRsqrt_RsqrtAiCore_Rsqrt,N/A,N/A,1790932571108902.220	,7.200,0.000000,0
7,aclnnMul_MulAiCore_Mul,N/A,N/A,1790932571108909.440	,459.969,0.050000,0
7,aclnnInplaceCopy_CastAiCore_Cast,N/A,N/A,1790932571109369.429	,597.132,0.031000,0
7,aclnnMul_MulAiCore_Mul,N/A,N/A,1790932571109966.581	,261.006,0.000000,0
7,aclnnMatmul_MatMulV3Common_MatMulV3,N/A,N/A,1790932571110227.607	,3926.978,0.000000,0
7,aclnnInplaceCopy_SliceAiCore_Slice,N/A,N/A,1790932571114154.605	,520.050,0.022000,0
7,aclnnInplaceCopy_CastAiCore_Cast,N/A,N/A,1790932571114674.675	,706.335,0.200000,0
7,aclnnPowTensorScalar_PowsAiCore_Pows,N/A,N/A,1790932571115381.030	,1029.520,0.000000,0
7,aclnnMean_ReduceMeanAiCore_ReduceMean,N/A,N/A,1790932571116411.430	,580.872,0.980000,0
7,aclnnAdds_AddAiCore_Add,N/A,N/A,1790932571116992.982	,11.100,0.628000,0
7,aclnnRsqrt_RsqrtAiCore_Rsqrt,N/A,N/A,1790932571117004.102	,9.980,0.000000,0
7,aclnnMul_MulAiCore_Mul,N/A,N/A,1790932571117014.102	,837.257,0.020000,0
7,aclnnInplaceCopy_CastAiCore_Cast,N/A,N/A,1790932571117851.379	,876.197,0.243000,0
7,aclnnMul_MulAiCore_Mul,N/A,N/A,1790932571118727.596	,437.889,0.000000,0
7,aclnnInplaceCopy_SliceAiCore_Slice,N/A,N/A,1790932571119165.525	,119.243,0.111000,0
7,aclnnInplaceCopy_CastAiCore_Cast,N/A,N/A,1790932571119284.788	,73.961,0.007000,0
7,aclnnPowTensorScalar_PowsAiCore_Pows,N/A,N/A,1790932571119358.769	,133.183,0.039000,0
7,aclnnMean_ReduceMeanAiCore_ReduceMean,N/A,N/A,1790932571119493.252	,89.182,1.317000,0
7,aclnnAdds_AddAiCore_Add,N/A,N/A,1790932571119583.234	,8.100,0.818000,0
7,aclnnRsqrt_RsqrtAiCore_Rsqrt,N/A,N/A,1790932571119591.354	,8.740,0.000000,0
7,aclnnMul_MulAiCore_Mul,N/A,N/A,1790932571119600.134	,109.162,0.260000,0
7,aclnnInplaceCopy_CastAiCore_Cast,N/A,N/A,1790932571119709.316	,65.121,0.000000,0
7,aclnnMul_MulAiCore_Mul,N/A,N/A,1790932571119774.457	,61.862,0.129000,0
7,aclnnMul_TransposeAiCore_Transpose,N/A,N/A,1790932571119836.339	,922.598,0.000000,0
7,aclnnMul_MulAiCore_Mul,N/A,N/A,1790932571120758.957	,455.509,0.152000,0
7,aclnnNeg_AsStridedAiCore_AsStrided,N/A,N/A,1790932571121214.506	,398.208,0.000000,0
7,aclnnNeg_NegAiCore_Neg,N/A,N/A,1790932571121612.734	,203.604,0.042000,0
7,aclnnCat_AsStridedAiCore_AsStrided,N/A,N/A,1790932571121816.358	,442.769,0.000000,0
7,aclnnCat_ConcatD_ConcatD,N/A,N/A,1790932571122259.147	,464.069,0.231000,0
7,aclnnMul_MulAiCore_Mul,N/A,N/A,1790932571122723.236	,436.549,0.000000,0
7,aclnnAdd_AddAiCore_Add,N/A,N/A,1790932571123159.805	,813.496,0.000000,0
7,aclnnMul_TransposeAiCore_Transpose,N/A,N/A,1790932571123973.321	,127.363,0.004000,0
7,aclnnMul_MulAiCore_Mul,N/A,N/A,1790932571124100.704	,56.741,0.137000,0
7,aclnnNeg_AsStridedAiCore_AsStrided,N/A,N/A,1790932571124157.465	,122.242,0.009000,0
7,aclnnNeg_NegAiCore_Neg,N/A,N/A,1790932571124279.727	,29.441,0.008000,0
7,aclnnCat_AsStridedAiCore_AsStrided,N/A,N/A,1790932571124309.188	,48.001,0.059000,0
7,aclnnCat_ConcatD_ConcatD,N/A,N/A,1790932571124357.209	,41.361,0.000000,0
7,aclnnMul_MulAiCore_Mul,N/A,N/A,1790932571124398.590	,60.561,0.000000,0
7,aclnnAdd_AddAiCore_Add,N/A,N/A,1790932571124459.171	,162.763,0.189000,0
7,aclnnInplaceCopy_AsStridedAiCore_AsStrided,N/A,N/A,1790932571124621.954	,146.843,0.000000,0
7,InnerPromptFlashAttention_PromptFlashAttention_PromptFlashAttention,N/A,N/A,1790932571124769.937	,7307.046,1.157000,0
7,aclnnInplaceCopy_TransposeAiCore_Transpose,N/A,N/A,1790932571132077.743	,1255.745,0.704000,0
7,aclnnMatmul_MatMulV3Common_MatMulV3,N/A,N/A,1790932571133333.528	,2875.698,0.005000,0
7,aclnnAdd_AddAiCore_Add,N/A,N/A,1790932571136209.246	,504.430,0.052000,0
7,aclnnInplaceCopy_CastAiCore_Cast,N/A,N/A,1790932571136713.696	,414.888,0.070000,0
7,aclnnPowTensorScalar_PowsAiCore_Pows,N/A,N/A,1790932571137128.604	,657.533,0.000000,0
7,aclnnMean_ReduceMeanAiCore_ReduceMean,N/A,N/A,1790932571137787.477	,429.529,1.467000,0
7,aclnnAdds_AddAiCore_Add,N/A,N/A,1790932571138218.066	,5.840,0.971000,0
7,aclnnRsqrt_RsqrtAiCore_Rsqrt,N/A,N/A,1790932571138223.946	,7.020,0.160000,0
7,aclnnMul_MulAiCore_Mul,N/A,N/A,1790932571138231.006	,451.349,0.000000,0
7,aclnnInplaceCopy_CastAiCore_Cast,N/A,N/A,1790932571138682.375	,597.792,0.151000,0
7,aclnnMul_MulAiCore_Mul,N/A,N/A,1790932571139280.187	,260.645,0.000000,0
7,aclnnMatmul_MatMulV3Common_MatMulV3,N/A,N/A,1790932571139540.872	,12592.392,0.000000,0
7,aclnnSilu_SliceAiCore_Slice,N/A,N/A,1790932571152133.284	,1199.664,0.108000,0
7,aclnnSilu_SiluAiCore_Swish,N/A,N/A,1790932571153332.968	,1269.225,0.086000,0
7,aclnnMul_SliceAiCore_Slice,N/A,N/A,1790932571154602.213	,1189.864,0.025000,0
7,aclnnMul_MulAiCore_Mul,N/A,N/A,1790932571155792.097	,1906.038,0.000000,0
7,aclnnMatmul_MatMulV3Common_MatMulV3,N/A,N/A,1790932571157698.155	,6681.874,0.212000,0
7,aclnnAdd_AddAiCore_Add,N/A,N/A,1790932571164380.049	,491.209,0.000000,0
7,aclnnInplaceCopy_CastAiCore_Cast,N/A,N/A,1790932571164871.278	,411.629,0.041000,0
7,aclnnPowTensorScalar_PowsAiCore_Pows,N/A,N/A,1790932571165282.927	,658.493,0.121000,0
7,aclnnMean_ReduceMeanAiCore_ReduceMean,N/A,N/A,1790932571165942.420	,429.468,1.007000,0
7,aclnnAdds_AddAiCore_Add,N/A,N/A,1790932571166372.548	,6.121,0.532000,0
7,aclnnRsqrt_RsqrtAiCore_Rsqrt,N/A,N/A,1790932571166378.689	,7.040,0.129000,0
7,aclnnMul_MulAiCore_Mul,N/A,N/A,1790932571166385.769	,454.429,0.000000,0
7,aclnnInplaceCopy_CastAiCore_Cast,N/A,N/A,1790932571166840.218	,597.952,0.071000,0
7,aclnnMul_MulAiCore_Mul,N/A,N/A,1790932571167438.190	,265.145,0.048000,0
7,aclnnMatmul_MatMulV3Common_MatMulV3,N/A,N/A,1790932571167703.375	,3944.659,0.105000,0
7,aclnnInplaceCopy_SliceAiCore_Slice,N/A,N/A,1790932571171648.054	,521.310,0.000000,0
7,aclnnInplaceCopy_CastAiCore_Cast,N/A,N/A,1790932571172169.384	,704.174,0.190000,0
7,aclnnPowTensorScalar_PowsAiCore_Pows,N/A,N/A,1790932571172873.578	,1032.641,0.000000,0
7,aclnnMean_ReduceMeanAiCore_ReduceMean,N/A,N/A,1790932571173907.119	,576.051,0.859000,0
7,aclnnAdds_AddAiCore_Add,N/A,N/A,1790932571174483.850	,11.441,0.699000,0
7,aclnnRsqrt_RsqrtAiCore_Rsqrt,N/A,N/A,1790932571174495.331	,10.040,0.059000,0
7,aclnnMul_MulAiCore_Mul,N/A,N/A,1790932571174505.391	,836.577,0.210000,0
7,aclnnInplaceCopy_CastAiCore_Cast,N/A,N/A,1790932571175342.008	,873.937,0.000000,0
7,aclnnMul_MulAiCore_Mul,N/A,N/A,1790932571176215.985	,438.349,0.063000,0
7,aclnnInplaceCopy_SliceAiCore_Slice,N/A,N/A,1790932571176654.354	,119.322,0.000000,0
7,aclnnInplaceCopy_CastAiCore_Cast,N/A,N/A,1790932571176773.696	,74.262,0.178000,0
7,aclnnPowTensorScalar_PowsAiCore_Pows,N/A,N/A,1790932571176847.978	,131.562,0.000000,0
7,aclnnMean_ReduceMeanAiCore_ReduceMean,N/A,N/A,1790932571176980.720	,89.542,1.188000,0
7,aclnnAdds_AddAiCore_Add,N/A,N/A,1790932571177071.282	,7.980,0.958000,0
7,aclnnRsqrt_RsqrtAiCore_Rsqrt,N/A,N/A,1790932571177079.282	,9.001,0.020000,0
7,aclnnMul_MulAiCore_Mul,N/A,N/A,1790932571177088.303	,111.302,0.000000,0
7,aclnnInplaceCopy_CastAiCore_Cast,N/A,N/A,1790932571177199.625	,62.301,0.000000,0
7,aclnnMul_MulAiCore_Mul,N/A,N/A,1790932571177261.946	,62.181,0.199000,0
7,aclnnMul_TransposeAiCore_Transpose,N/A,N/A,1790932571177324.147	,918.239,0.069000,0
7,aclnnMul_MulAiCore_Mul,N/A,N/A,1790932571178242.406	,457.309,0.011000,0
7,aclnnNeg_AsStridedAiCore_AsStrided,N/A,N/A,1790932571178699.755	,397.968,0.000000,0
7,aclnnNeg_NegAiCore_Neg,N/A,N/A,1790932571179097.763	,205.684,0.032000,0
7,aclnnCat_AsStridedAiCore_AsStrided,N/A,N/A,1790932571179303.467	,444.729,0.066000,0
7,aclnnCat_ConcatD_ConcatD,N/A,N/A,1790932571179748.216	,461.749,0.021000,0
7,aclnnMul_MulAiCore_Mul,N/A,N/A,1790932571180209.985	,432.949,0.001000,0
7,aclnnAdd_AddAiCore_Add,N/A,N/A,1790932571180642.954	,814.436,0.051000,0
7,aclnnMul_TransposeAiCore_Transpose,N/A,N/A,1790932571181457.410	,133.502,0.064000,0
7,aclnnMul_MulAiCore_Mul,N/A,N/A,1790932571181590.932	,55.742,0.000000,0
7,aclnnNeg_AsStridedAiCore_AsStrided,N/A,N/A,1790932571181646.714	,120.442,0.008000,0
7,aclnnNeg_NegAiCore_Neg,N/A,N/A,1790932571181767.196	,28.661,0.058000,0
7,aclnnCat_AsStridedAiCore_AsStrided,N/A,N/A,1790932571181795.877	,48.721,0.089000,0
7,aclnnCat_ConcatD_ConcatD,N/A,N/A,1790932571181844.618	,40.940,0.000000,0
7,aclnnMul_MulAiCore_Mul,N/A,N/A,1790932571181885.578	,60.202,0.060000,0
7,aclnnAdd_AddAiCore_Add,N/A,N/A,1790932571181945.800	,161.903,0.048000,0
7,aclnnInplaceCopy_AsStridedAiCore_AsStrided,N/A,N/A,1790932571182107.723	,145.403,0.097000,0
7,InnerPromptFlashAttention_PromptFlashAttention_PromptFlashAttention,N/A,N/A,1790932571182254.366	,7312.766,1.097000,0
7,aclnnInplaceCopy_TransposeAiCore_Transpose,N/A,N/A,1790932571189568.152	,1257.125,1.234000,0
7,aclnnMatmul_MatMulV3Common_MatMulV3,N/A,N/A,1790932571190825.297	,2886.598,0.000000,0
7,aclnnAdd_AddAiCore_Add,N/A,N/A,1790932571193711.915	,511.450,0.152000,0
7,aclnnInplaceCopy_CastAiCore_Cast,N/A,N/A,1790932571194223.405	,415.288,0.050000,0
7,aclnnPowTensorScalar_PowsAiCore_Pows,N/A,N/A,1790932571194638.713	,656.433,0.000000,0
7,aclnnMean_ReduceMeanAiCore_ReduceMean,N/A,N/A,1790932571195296.146	,428.369,1.067000,0
7,aclnnAdds_AddAiCore_Add,N/A,N/A,1790932571195725.275	,5.920,0.631000,0
7,aclnnRsqrt_RsqrtAiCore_Rsqrt,N/A,N/A,1790932571195731.235	,7.400,0.080000,0
7,aclnnMul_MulAiCore_Mul,N/A,N/A,1790932571195738.655	,455.529,0.100000,0
7,aclnnInplaceCopy_CastAiCore_Cast,N/A,N/A,1790932571196194.204	,595.712,0.000000,0
7,aclnnMul_MulAiCore_Mul,N/A,N/A,1790932571196789.956	,261.865,0.038000,0
7,aclnnMatmul_MatMulV3Common_MatMulV3,N/A,N/A,1790932571197051.841	,12562.631,0.000000,0
7,aclnnSilu_SliceAiCore_Slice,N/A,N/A,1790932571209614.512	,1196.984,0.119000,0
7,aclnnSilu_SiluAiCore_Swish,N/A,N/A,1790932571210811.516	,1243.005,0.016000,0
7,aclnnMul_SliceAiCore_Slice,N/A,N/A,1790932571212054.561	,1200.964,0.000000,0
7,aclnnMul_MulAiCore_Mul,N/A,N/A,1790932571213255.565	,1929.019,0.036000,0
7,aclnnMatmul_MatMulV3Common_MatMulV3,N/A,N/A,1790932571215184.604	,6668.273,0.000000,0
7,aclnnAdd_AddAiCore_Add,N/A,N/A,1790932571221852.917	,490.230,0.227000,0
7,aclnnInplaceCopy_CastAiCore_Cast,N/A,N/A,1790932571222343.167	,413.108,0.020000,0
7,aclnnPowTensorScalar_PowsAiCore_Pows,N/A,N/A,1790932571222756.295	,658.233,0.000000,0
7,aclnnMean_ReduceMeanAiCore_ReduceMean,N/A,N/A,1790932571223415.748	,429.789,1.267000,0
7,aclnnAdds_AddAiCore_Add,N/A,N/A,1790932571223846.737	,5.980,1.211000,0
7,aclnnRsqrt_RsqrtAiCore_Rsqrt,N/A,N/A,1790932571223852.737	,7.160,0.020000,0
7,aclnnMul_MulAiCore_Mul,N/A,N/A,1790932571223859.917	,460.189,0.090000,0
7,aclnnInplaceCopy_CastAiCore_Cast,N/A,N/A,1790932571224320.126	,597.652,0.061000,0
7,aclnnMul_MulAiCore_Mul,N/A,N/A,1790932571224917.818	,260.805,0.000000,0
7,aclnnMatmul_MatMulV3Common_MatMulV3,N/A,N/A,1790932571225178.643	,3981.380,0.195000,0
7,aclnnInplaceCopy_SliceAiCore_Slice,N/A,N/A,1790932571229160.063	,519.910,0.000000,0
7,aclnnInplaceCopy_CastAiCore_Cast,N/A,N/A,1790932571229680.013	,707.574,0.090000,0
7,aclnnPowTensorScalar_PowsAiCore_Pows,N/A,N/A,1790932571230387.607	,1029.741,0.000000,0
7,aclnnMean_ReduceMeanAiCore_ReduceMean,N/A,N/A,1790932571231418.288	,580.612,1.009000,0
7,aclnnAdds_AddAiCore_Add,N/A,N/A,1790932571232000.040	,13.760,1.138000,0
7,aclnnRsqrt_RsqrtAiCore_Rsqrt,N/A,N/A,1790932571232013.820	,10.100,0.000000,0
7,aclnnMul_MulAiCore_Mul,N/A,N/A,1790932571232023.940	,831.277,0.150000,0
7,aclnnInplaceCopy_CastAiCore_Cast,N/A,N/A,1790932571232855.237	,878.017,0.000000,0
7,aclnnMul_MulAiCore_Mul,N/A,N/A,1790932571233733.294	,436.429,0.000000,0
7,aclnnInplaceCopy_SliceAiCore_Slice,N/A,N/A,1790932571234169.743	,120.462,0.071000,0
7,aclnnInplaceCopy_CastAiCore_Cast,N/A,N/A,1790932571234290.245	,73.102,0.038000,0
7,aclnnPowTensorScalar_PowsAiCore_Pows,N/A,N/A,1790932571234363.367	,133.883,0.000000,0
7,aclnnMean_ReduceMeanAiCore_ReduceMean,N/A,N/A,1790932571234498.310	,89.941,1.117000,0
7,aclnnAdds_AddAiCore_Add,N/A,N/A,1790932571234588.931	,7.841,0.809000,0
7,aclnnRsqrt_RsqrtAiCore_Rsqrt,N/A,N/A,1790932571234596.812	,14.140,0.000000,0
7,aclnnMul_MulAiCore_Mul,N/A,N/A,1790932571234610.972	,108.682,0.110000,0
7,aclnnInplaceCopy_CastAiCore_Cast,N/A,N/A,1790932571234719.674	,63.021,0.068000,0
7,aclnnMul_MulAiCore_Mul,N/A,N/A,1790932571234782.715	,61.161,0.000000,0
7,aclnnMul_TransposeAiCore_Transpose,N/A,N/A,1790932571234843.896	,918.659,0.089000,0
7,aclnnMul_MulAiCore_Mul,N/A,N/A,1790932571235762.575	,457.649,0.000000,0
7,aclnnNeg_AsStridedAiCore_AsStrided,N/A,N/A,1790932571236220.244	,402.808,0.101000,0
7,aclnnNeg_NegAiCore_Neg,N/A,N/A,1790932571236623.072	,205.004,0.000000,0
7,aclnnCat_AsStridedAiCore_AsStrided,N/A,N/A,1790932571236828.096	,445.089,0.000000,0
7,aclnnCat_ConcatD_ConcatD,N/A,N/A,1790932571237273.205	,466.069,0.161000,0
7,aclnnMul_MulAiCore_Mul,N/A,N/A,1790932571237739.294	,435.709,0.000000,0
7,aclnnAdd_AddAiCore_Add,N/A,N/A,1790932571238175.023	,817.356,0.041000,0
7,aclnnMul_TransposeAiCore_Transpose,N/A,N/A,1790932571238992.399	,125.783,0.144000,0
7,aclnnMul_MulAiCore_Mul,N/A,N/A,1790932571239118.222	,55.941,0.000000,0
7,aclnnNeg_AsStridedAiCore_AsStrided,N/A,N/A,1790932571239174.183	,124.902,0.059000,0
7,aclnnNeg_NegAiCore_Neg,N/A,N/A,1790932571239299.105	,30.001,0.000000,0
7,aclnnCat_AsStridedAiCore_AsStrided,N/A,N/A,1790932571239329.126	,47.701,0.249000,0
7,aclnnCat_ConcatD_ConcatD,N/A,N/A,1790932571239376.847	,40.901,0.000000,0
7,aclnnMul_MulAiCore_Mul,N/A,N/A,1790932571239417.768	,63.641,0.099000,0
7,aclnnAdd_AddAiCore_Add,N/A,N/A,1790932571239481.429	,163.003,0.109000,0
7,aclnnInplaceCopy_AsStridedAiCore_AsStrided,N/A,N/A,1790932571239644.452	,146.163,0.000000,0
7,InnerPromptFlashAttention_PromptFlashAttention_PromptFlashAttention,N/A,N/A,1790932571239791.975	,7323.667,1.337000,0
7,aclnnInplaceCopy_TransposeAiCore_Transpose,N/A,N/A,1790932571247116.622	,1255.005,0.833000,0
7,aclnnMatmul_MatMulV3Common_MatMulV3,N/A,N/A,1790932571248371.647	,2877.097,0.245000,0
7,aclnnAdd_AddAiCore_Add,N/A,N/A,1790932571251248.764	,504.810,0.000000,0
7,aclnnInplaceCopy_CastAiCore_Cast,N/A,N/A,1790932571251753.594	,412.829,0.000000,0
7,aclnnPowTensorScalar_PowsAiCore_Pows,N/A,N/A,1790932571252166.463	,655.813,0.171000,0
7,aclnnMean_ReduceMeanAiCore_ReduceMean,N/A,N/A,1790932571252823.636	,430.188,1.437000,0
7,aclnnAdds_AddAiCore_Add,N/A,N/A,1790932571253254.704	,5.980,0.812000,0
7,aclnnRsqrt_RsqrtAiCore_Rsqrt,N/A,N/A,1790932571253260.704	,7.201,0.020000,0
7,aclnnMul_MulAiCore_Mul,N/A,N/A,1790932571253267.925	,449.769,0.049000,0
7,aclnnInplaceCopy_CastAiCore_Cast,N/A,N/A,1790932571253717.714	,597.852,0.000000,0
7,aclnnMul_MulAiCore_Mul,N/A,N/A,1790932571254315.606	,259.825,0.000000,0
7,aclnnMatmul_MatMulV3Common_MatMulV3,N/A,N/A,1790932571254575.471	,12581.971,0.175000,0
7,aclnnSilu_SliceAiCore_Slice,N/A,N/A,1790932571267157.462	,1198.204,0.029000,0
7,aclnnSilu_SiluAiCore_Swish,N/A,N/A,1790932571268355.706	,1265.305,0.046000,0
7,aclnnMul_SliceAiCore_Slice,N/A,N/A,1790932571269621.031	,1190.864,0.000000,0
7,aclnnMul_MulAiCore_Mul,N/A,N/A,1790932571270811.915	,1909.738,0.136000,0
7,aclnnMatmul_MatMulV3Common_MatMulV3,N/A,N/A,1790932571272721.673	,6691.814,0.012000,0
7,aclnnAdd_AddAiCore_Add,N/A,N/A,1790932571279413.527	,490.190,0.000000,0
7,aclnnInplaceCopy_CastAiCore_Cast,N/A,N/A,1790932571279903.737	,411.888,0.060000,0
7,aclnnPowTensorScalar_PowsAiCore_Pows,N/A,N/A,1790932571280315.665	,657.993,0.112000,0
7,aclnnMean_ReduceMeanAiCore_ReduceMean,N/A,N/A,1790932571280974.718	,430.969,1.007000,0
7,aclnnAdds_AddAiCore_Add,N/A,N/A,1790932571281406.887	,5.760,1.281000,0
7,aclnnRsqrt_RsqrtAiCore_Rsqrt,N/A,N/A,1790932571281412.667	,7.080,0.000000,0
7,aclnnMul_MulAiCore_Mul,N/A,N/A,1790932571281419.767	,459.269,0.000000,0
7,aclnnInplaceCopy_CastAiCore_Cast,N/A,N/A,1790932571281879.056	,598.152,0.000000,0
7,aclnnMul_MulAiCore_Mul,N/A,N/A,1790932571282477.228	,266.606,0.098000,0
7,aclnnMatmul_MatMulV3Common_MatMulV3,N/A,N/A,1790932571282743.854	,3964.559,0.000000,0
7,aclnnInplaceCopy_SliceAiCore_Slice,N/A,N/A,1790932571286708.453	,520.050,0.191000,0
7,aclnnInplaceCopy_CastAiCore_Cast,N/A,N/A,1790932571287228.543	,703.694,0.000000,0
7,aclnnPowTensorScalar_PowsAiCore_Pows,N/A,N/A,1790932571287932.257	,1034.721,0.056000,0
7,aclnnMean_ReduceMeanAiCore_ReduceMean,N/A,N/A,1790932571288968.338	,574.711,1.279000,0
7,aclnnAdds_AddAiCore_Add,N/A,N/A,1790932571289543.809	,10.241,0.789000,0
7,aclnnRsqrt_RsqrtAiCore_Rsqrt,N/A,N/A,1790932571289554.090	,9.940,0.009000,0
7,aclnnMul_MulAiCore_Mul,N/A,N/A,1790932571289564.050	,832.656,0.060000,0
7,aclnnInplaceCopy_CastAiCore_Cast,N/A,N/A,1790932571290396.726	,877.398,0.094000,0
7,aclnnMul_MulAiCore_Mul,N/A,N/A,1790932571291274.144	,438.309,0.102000,0
7,aclnnInplaceCopy_SliceAiCore_Slice,N/A,N/A,1790932571291712.473	,119.442,0.000000,0
7,aclnnInplaceCopy_CastAiCore_Cast,N/A,N/A,1790932571291831.955	,73.662,0.058000,0
7,aclnnPowTensorScalar_PowsAiCore_Pows,N/A,N/A,1790932571291905.637	,133.742,0.088000,0
7,aclnnMean_ReduceMeanAiCore_ReduceMean,N/A,N/A,1790932571292040.439	,89.702,1.008000,0
7,aclnnAdds_AddAiCore_Add,N/A,N/A,1790932571292131.101	,8.380,0.798000,0
7,aclnnRsqrt_RsqrtAiCore_Rsqrt,N/A,N/A,1790932571292139.521	,8.600,0.120000,0
7,aclnnMul_MulAiCore_Mul,N/A,N/A,1790932571292148.141	,109.543,0.150000,0
7,aclnnInplaceCopy_CastAiCore_Cast,N/A,N/A,1790932571292257.704	,62.081,0.000000,0
7,aclnnMul_MulAiCore_Mul,N/A,N/A,1790932571292319.805	,62.941,0.000000,0
7,aclnnMul_TransposeAiCore_Transpose,N/A,N/A,1790932571292382.786	,921.138,0.059000,0
7,aclnnMul_MulAiCore_Mul,N/A,N/A,1790932571293303.944	,455.290,0.112000,0
7,aclnnNeg_AsStridedAiCore_AsStrided,N/A,N/A,1790932571293759.254	,397.708,0.000000,0
7,aclnnNeg_NegAiCore_Neg,N/A,N/A,1790932571294156.982	,205.044,0.042000,0
7,aclnnCat_AsStridedAiCore_AsStrided,N/A,N/A,1790932571294362.066	,441.348,0.000000,0
7,aclnnCat_ConcatD_ConcatD,N/A,N/A,1790932571294803.454	,461.610,0.152000,0
7,aclnnMul_MulAiCore_Mul,N/A,N/A,1790932571295265.104	,432.408,0.000000,0
7,aclnnAdd_AddAiCore_Add,N/A,N/A,1790932571295697.552	,816.237,0.092000,0
7,aclnnMul_TransposeAiCore_Transpose,N/A,N/A,1790932571296513.809	,126.622,0.013000,0
7,aclnnMul_MulAiCore_Mul,N/A,N/A,1790932571296640.471	,54.241,0.128000,0
7,aclnnNeg_AsStridedAiCore_AsStrided,N/A,N/A,1790932571296694.732	,120.623,0.009000,0
7,aclnnNeg_NegAiCore_Neg,N/A,N/A,1790932571296815.375	,29.080,0.127000,0
7,aclnnCat_AsStridedAiCore_AsStrided,N/A,N/A,1790932571296844.475	,48.601,0.000000,0
7,aclnnCat_ConcatD_ConcatD,N/A,N/A,1790932571296893.096	,41.181,0.000000,0
7,aclnnMul_MulAiCore_Mul,N/A,N/A,1790932571296934.317	,61.741,0.069000,0
7,aclnnAdd_AddAiCore_Add,N/A,N/A,1790932571296996.078	,162.364,0.009000,0
7,aclnnInplaceCopy_AsStridedAiCore_AsStrided,N/A,N/A,1790932571297158.462	,147.422,0.136000,0
7,InnerPromptFlashAttention_PromptFlashAttention_PromptFlashAttention,N/A,N/A,1790932571297307.364	,7325.587,1.328000,0
7,aclnnInplaceCopy_TransposeAiCore_Transpose,N/A,N/A,1790932571304634.191	,1259.865,1.413000,0
7,aclnnMatmul_MatMulV3Common_MatMulV3,N/A,N/A,1790932571305894.076	,2899.038,0.000000,0
7,aclnnAdd_AddAiCore_Add,N/A,N/A,1790932571308793.134	,510.690,0.212000,0
7,aclnnInplaceCopy_CastAiCore_Cast,N/A,N/A,1790932571309303.844	,414.548,0.000000,0
7,aclnnPowTensorScalar_PowsAiCore_Pows,N/A,N/A,1790932571309718.412	,657.374,0.202000,0
7,aclnnMean_ReduceMeanAiCore_ReduceMean,N/A,N/A,1790932571310376.706	,429.208,0.876000,0
7,aclnnAdds_AddAiCore_Add,N/A,N/A,1790932571310806.874	,5.760,0.792000,0
7,aclnnRsqrt_RsqrtAiCore_Rsqrt,N/A,N/A,1790932571310812.654	,7.080,0.240000,0
7,aclnnMul_MulAiCore_Mul,N/A,N/A,1790932571310819.754	,453.450,0.000000,0
7,aclnnInplaceCopy_CastAiCore_Cast,N/A,N/A,1790932571311273.224	,594.511,0.050000,0
7,aclnnMul_MulAiCore_Mul,N/A,N/A,1790932571311867.775	,261.126,0.000000,0
7,aclnnMatmul_MatMulV3Common_MatMulV3,N/A,N/A,1790932571312128.921	,12542.570,0.124000,0
7,aclnnSilu_SliceAiCore_Slice,N/A,N/A,1790932571324671.511	,1198.064,0.000000,0
7,aclnnSilu_SiluAiCore_Swish,N/A,N/A,1790932571325869.595	,1241.945,0.000000,0
7,aclnnMul_SliceAiCore_Slice,N/A,N/A,1790932571327111.580	,1199.144,0.055000,0
7,aclnnMul_MulAiCore_Mul,N/A,N/A,1790932571328310.764	,1932.839,0.106000,0
7,aclnnMatmul_MatMulV3Common_MatMulV3,N/A,N/A,1790932571330243.623	,6666.253,0.000000,0
7,aclnnAdd_AddAiCore_Add,N/A,N/A,1790932571336909.896	,489.990,0.247000,0
7,aclnnInplaceCopy_CastAiCore_Cast,N/A,N/A,1790932571337399.926	,411.808,0.010000,0
7,aclnnPowTensorScalar_PowsAiCore_Pows,N/A,N/A,1790932571337811.754	,658.313,0.000000,0
7,aclnnMean_ReduceMeanAiCore_ReduceMean,N/A,N/A,1790932571338471.287	,430.229,1.187000,0
7,aclnnAdds_AddAiCore_Add,N/A,N/A,1790932571338902.536	,6.280,1.021000,0
7,aclnnRsqrt_RsqrtAiCore_Rsqrt,N/A,N/A,1790932571338908.836	,6.980,0.000000,0
7,aclnnMul_MulAiCore_Mul,N/A,N/A,1790932571338915.836	,456.889,0.020000,0
7,aclnnInplaceCopy_CastAiCore_Cast,N/A,N/A,1790932571339372.765	,600.772,0.111000,0
7,aclnnMul_MulAiCore_Mul,N/A,N/A,1790932571339973.557	,261.785,0.000000,0
7,aclnnMatmul_MatMulV3Common_MatMulV3,N/A,N/A,1790932571340235.382	,3949.399,0.215000,0
7,aclnnInplaceCopy_SliceAiCore_Slice,N/A,N/A,1790932571344184.821	,521.391,0.000000,0
7,aclnnInplaceCopy_CastAiCore_Cast,N/A,N/A,1790932571344706.232	,707.854,0.109000,0
7,aclnnPowTensorScalar_PowsAiCore_Pows,N/A,N/A,1790932571345414.126	,1027.280,0.146000,0
7,aclnnMean_ReduceMeanAiCore_ReduceMean,N/A,N/A,1790932571346442.386	,586.372,0.970000,0
7,aclnnAdds_AddAiCore_Add,N/A,N/A,1790932571347029.538	,10.320,0.628000,0
7,aclnnRsqrt_RsqrtAiCore_Rsqrt,N/A,N/A,1790932571347039.878	,9.960,0.180000,0
7,aclnnMul_MulAiCore_Mul,N/A,N/A,1790932571347049.858	,831.417,0.000000,0
7,aclnnInplaceCopy_CastAiCore_Cast,N/A,N/A,1790932571347881.315	,876.337,0.083000,0
7,aclnnMul_MulAiCore_Mul,N/A,N/A,1790932571348757.672	,438.469,0.163000,0
7,aclnnInplaceCopy_SliceAiCore_Slice,N/A,N/A,1790932571349196.161	,119.543,0.031000,0
7,aclnnInplaceCopy_CastAiCore_Cast,N/A,N/A,1790932571349315.744	,78.741,0.000000,0
7,aclnnPowTensorScalar_PowsAiCore_Pows,N/A,N/A,1790932571349394.505	,134.783,0.009000,0
7,aclnnMean_ReduceMeanAiCore_ReduceMean,N/A,N/A,1790932571349530.568	,96.902,1.217000,0
7,aclnnAdds_AddAiCore_Add,N/A,N/A,1790932571349628.430	,8.040,1.098000,0
7,aclnnRsqrt_RsqrtAiCore_Rsqrt,N/A,N/A,1790932571349636.490	,8.820,0.000000,0
7,aclnnMul_MulAiCore_Mul,N/A,N/A,1790932571349645.330	,109.242,0.000000,0
7,aclnnInplaceCopy_CastAiCore_Cast,N/A,N/A,1790932571349754.592	,65.302,0.008000,0
7,aclnnMul_MulAiCore_Mul,N/A,N/A,1790932571349819.914	,61.501,0.198000,0
7,aclnnMul_TransposeAiCore_Transpose,N/A,N/A,1790932571349881.435	,924.678,0.000000,0
7,aclnnMul_MulAiCore_Mul,N/A,N/A,1790932571350806.133	,456.390,0.072000,0
7,aclnnNeg_AsStridedAiCore_AsStrided,N/A,N/A,1790932571351262.543	,402.928,0.000000,0
7,aclnnNeg_NegAiCore_Neg,N/A,N/A,1790932571351665.491	,205.304,0.072000,0
7,aclnnCat_AsStridedAiCore_AsStrided,N/A,N/A,1790932571351870.815	,442.248,0.000000,0
7,aclnnCat_ConcatD_ConcatD,N/A,N/A,1790932571352313.083	,472.310,0.002000,0
7,aclnnMul_MulAiCore_Mul,N/A,N/A,1790932571352785.413	,434.489,0.190000,0
7,aclnnAdd_AddAiCore_Add,N/A,N/A,1790932571353219.922	,816.456,0.011000,0
7,aclnnMul_TransposeAiCore_Transpose,N/A,N/A,1790932571354036.398	,126.002,0.044000,0
7,aclnnMul_MulAiCore_Mul,N/A,N/A,1790932571354162.420	,54.882,0.000000,0
7,aclnnNeg_AsStridedAiCore_AsStrided,N/A,N/A,1790932571354217.322	,120.622,0.000000,0
7,aclnnNeg_NegAiCore_Neg,N/A,N/A,1790932571354337.984	,29.281,0.128000,0
7,aclnnCat_AsStridedAiCore_AsStrided,N/A,N/A,1790932571354367.285	,47.180,0.000000,0
7,aclnnCat_ConcatD_ConcatD,N/A,N/A,1790932571354414.485	,41.441,0.070000,0
7,aclnnMul_MulAiCore_Mul,N/A,N/A,1790932571354455.946	,61.262,0.059000,0
7,aclnnAdd_AddAiCore_Add,N/A,N/A,1790932571354517.228	,163.743,0.000000,0
7,aclnnInplaceCopy_AsStridedAiCore_AsStrided,N/A,N/A,1790932571354680.991	,144.403,0.007000,0
7,InnerPromptFlashAttention_PromptFlashAttention_PromptFlashAttention,N/A,N/A,1790932571354826.554	,7280.625,1.097000,0
7,aclnnInplaceCopy_TransposeAiCore_Transpose,N/A,N/A,1790932571362108.419	,1257.045,1.375000,0
7,aclnnMatmul_MatMulV3Common_MatMulV3,N/A,N/A,1790932571363365.484	,2888.898,0.000000,0
7,aclnnAdd_AddAiCore_Add,N/A,N/A,1790932571366254.402	,508.110,0.102000,0
7,aclnnInplaceCopy_CastAiCore_Cast,N/A,N/A,1790932571366762.532	,412.908,0.000000,0
7,aclnnPowTensorScalar_PowsAiCore_Pows,N/A,N/A,1790932571367175.480	,658.514,0.092000,0
7,aclnnMean_ReduceMeanAiCore_ReduceMean,N/A,N/A,1790932571367835.234	,428.968,1.236000,0
7,aclnnAdds_AddAiCore_Add,N/A,N/A,1790932571368265.282	,5.920,1.032000,0
7,aclnnRsqrt_RsqrtAiCore_Rsqrt,N/A,N/A,1790932571368271.222	,7.180,0.080000,0
7,aclnnMul_MulAiCore_Mul,N/A,N/A,1790932571368278.422	,452.990,0.070000,0
7,aclnnInplaceCopy_CastAiCore_Cast,N/A,N/A,1790932571368731.432	,597.511,0.010000,0
7,aclnnMul_MulAiCore_Mul,N/A,N/A,1790932571369328.983	,261.046,0.000000,0
7,aclnnMatmul_MatMulV3Common_MatMulV3,N/A,N/A,1790932571369590.049	,12527.330,0.000000,0
7,aclnnSilu_SliceAiCore_Slice,N/A,N/A,1790932571382117.399	,1200.244,0.170000,0
7,aclnnSilu_SiluAiCore_Swish,N/A,N/A,1790932571383317.683	,1263.305,0.006000,0
7,aclnnMul_SliceAiCore_Slice,N/A,N/A,1790932571384581.008	,1193.104,0.000000,0
7,aclnnMul_MulAiCore_Mul,N/A,N/A,1790932571385774.152	,1910.738,0.146000,0
7,aclnnMatmul_MatMulV3Common_MatMulV3,N/A,N/A,1790932571387684.910	,6661.713,0.012000,0
7,aclnnAdd_AddAiCore_Add,N/A,N/A,1790932571394346.643	,492.490,0.037000,0
7,aclnnInplaceCopy_CastAiCore_Cast,N/A,N/A,1790932571394839.173	,410.908,0.010000,0
7,aclnnPowTensorScalar_PowsAiCore_Pows,N/A,N/A,1790932571395250.101	,659.914,0.000000,0
7,aclnnMean_ReduceMeanAiCore_ReduceMean,N/A,N/A,1790932571395911.435	,430.208,1.586000,0
7,aclnnAdds_AddAiCore_Add,N/A,N/A,1790932571396342.723	,5.860,1.042000,0
7,aclnnRsqrt_RsqrtAiCore_Rsqrt,N/A,N/A,1790932571396348.603	,7.300,0.000000,0
7,aclnnMul_MulAiCore_Mul,N/A,N/A,1790932571396355.923	,455.410,0.200000,0
7,aclnnInplaceCopy_CastAiCore_Cast,N/A,N/A,1790932571396811.353	,596.891,0.000000,0
7,aclnnMul_MulAiCore_Mul,N/A,N/A,1790932571397408.264	,262.946,0.109000,0
7,aclnnMatmul_MatMulV3Common_MatMulV3,N/A,N/A,1790932571397671.230	,3936.158,0.054000,0
7,aclnnInplaceCopy_SliceAiCore_Slice,N/A,N/A,1790932571401607.408	,521.271,0.092000,0
7,aclnnInplaceCopy_CastAiCore_Cast,N/A,N/A,1790932571402128.699	,703.054,0.000000,0
7,aclnnPowTensorScalar_PowsAiCore_Pows,N/A,N/A,1790932571402831.773	,1034.421,0.000000,0
7,aclnnMean_ReduceMeanAiCore_ReduceMean,N/A,N/A,1790932571403867.214	,575.511,1.079000,0
7,aclnnAdds_AddAiCore_Add,N/A,N/A,1790932571404443.505	,10.200,0.739000,0
7,aclnnRsqrt_RsqrtAiCore_Rsqrt,N/A,N/A,1790932571404453.725	,9.940,0.050000,0
7,aclnnMul_MulAiCore_Mul,N/A,N/A,1790932571404463.685	,836.837,0.060000,0
7,aclnnInplaceCopy_CastAiCore_Cast,N/A,N/A,1790932571405300.542	,875.658,0.000000,0
7,aclnnMul_MulAiCore_Mul,N/A,N/A,1790932571406176.220	,440.508,0.092000,0
7,aclnnInplaceCopy_SliceAiCore_Slice,N/A,N/A,1790932571406616.748	,118.763,0.000000,0
7,aclnnInplaceCopy_CastAiCore_Cast,N/A,N/A,1790932571406735.531	,71.101,0.000000,0
7,aclnnPowTensorScalar_PowsAiCore_Pows,N/A,N/A,1790932571406806.652	,132.363,0.149000,0
7,aclnnMean_ReduceMeanAiCore_ReduceMean,N/A,N/A,1790932571406940.415	,89.822,1.387000,0
7,aclnnAdds_AddAiCore_Add,N/A,N/A,1790932571407031.037	,8.060,0.678000,0
7,aclnnRsqrt_RsqrtAiCore_Rsqrt,N/A,N/A,1790932571407039.117	,8.960,0.000000,0
7,aclnnMul_MulAiCore_Mul,N/A,N/A,1790932571407048.097	,110.262,0.040000,0
7,aclnnInplaceCopy_CastAiCore_Cast,N/A,N/A,1790932571407158.379	,61.822,0.238000,0
7,aclnnMul_MulAiCore_Mul,N/A,N/A,1790932571407220.221	,63.761,0.000000,0
7,aclnnMul_TransposeAiCore_Transpose,N/A,N/A,1790932571407284.002	,921.238,0.000000,0
7,aclnnMul_MulAiCore_Mul,N/A,N/A,1790932571408205.280	,456.569,0.012000,0
7,aclnnNeg_AsStridedAiCore_AsStrided,N/A,N/A,1790932571408661.869	,403.708,0.000000,0
7,aclnnNeg_NegAiCore_Neg,N/A,N/A,1790932571409065.597	,205.245,0.042000,0
7,aclnnCat_AsStridedAiCore_AsStrided,N/A,N/A,1790932571409270.862	,444.288,0.005000,0
7,aclnnCat_ConcatD_ConcatD,N/A,N/A,1790932571409715.170	,462.030,0.212000,0
7,aclnnMul_MulAiCore_Mul,N/A,N/A,1790932571410177.220	,434.128,0.000000,0
7,aclnnAdd_AddAiCore_Add,N/A,N/A,1790932571410611.388	,814.657,0.122000,0
7,aclnnMul_TransposeAiCore_Transpose,N/A,N/A,1790932571411426.065	,130.342,0.000000,0
7,aclnnMul_MulAiCore_Mul,N/A,N/A,1790932571411556.427	,56.201,0.158000,0
7,aclnnNeg_AsStridedAiCore_AsStrided,N/A,N/A,1790932571411612.648	,120.583,0.049000,0
7,aclnnNeg_NegAiCore_Neg,N/A,N/A,1790932571411733.251	,29.480,0.000000,0
7,aclnnCat_AsStridedAiCore_AsStrided,N/A,N/A,1790932571411762.751	,48.161,0.020000,0
7,aclnnCat_ConcatD_ConcatD,N/A,N/A,1790932571411810.932	,40.721,0.089000,0
7,aclnnMul_MulAiCore_Mul,N/A,N/A,1790932571411851.693	,60.601,0.029000,0
7,aclnnAdd_AddAiCore_Add,N/A,N/A,1790932571411912.314	,162.924,0.000000,0
7,aclnnInplaceCopy_AsStridedAiCore_AsStrided,N/A,N/A,1790932571412075.278	,147.442,0.076000,0
7,InnerPromptFlashAttention_PromptFlashAttention_PromptFlashAttention,N/A,N/A,1790932571412223.921	,7348.246,1.308000,0
7,aclnnInplaceCopy_TransposeAiCore_Transpose,N/A,N/A,1790932571419572.867	,1258.285,0.504000,0
7,aclnnMatmul_MatMulV3Common_MatMulV3,N/A,N/A,1790932571420831.172	,2886.398,0.215000,0
7,aclnnAdd_AddAiCore_Add,N/A,N/A,1790932571423717.610	,508.690,0.000000,0
7,aclnnInplaceCopy_CastAiCore_Cast,N/A,N/A,1790932571424226.320	,414.449,0.060000,0
7,aclnnPowTensorScalar_PowsAiCore_Pows,N/A,N/A,1790932571424640.789	,656.533,0.051000,0
7,aclnnMean_ReduceMeanAiCore_ReduceMean,N/A,N/A,1790932571425298.382	,431.868,1.217000,0
7,aclnnAdds_AddAiCore_Add,N/A,N/A,1790932571425731.150	,6.301,0.882000,0
7,aclnnRsqrt_RsqrtAiCore_Rsqrt,N/A,N/A,1790932571425737.471	,7.240,0.000000,0
7,aclnnMul_MulAiCore_Mul,N/A,N/A,1790932571425744.751	,455.229,0.010000,0
7,aclnnInplaceCopy_CastAiCore_Cast,N/A,N/A,1790932571426200.000	,595.352,0.021000,0
7,aclnnMul_MulAiCore_Mul,N/A,N/A,1790932571426795.372	,260.665,0.000000,0
7,aclnnMatmul_MatMulV3Common_MatMulV3,N/A,N/A,1790932571427056.057	,12554.411,0.085000,0
7,aclnnSilu_SliceAiCore_Slice,N/A,N/A,1790932571439610.488	,1197.304,0.089000,0
7,aclnnSilu_SiluAiCore_Swish,N/A,N/A,1790932571440807.812	,1242.864,0.000000,0
7,aclnnMul_SliceAiCore_Slice,N/A,N/A,1790932571442050.696	,1201.484,0.136000,0
7,aclnnMul_MulAiCore_Mul,N/A,N/A,1790932571443252.200	,1927.919,0.016000,0
7,aclnnMatmul_MatMulV3Common_MatMulV3,N/A,N/A,1790932571445180.139	,6647.433,0.081000,0
7,aclnnAdd_AddAiCore_Add,N/A,N/A,1790932571451827.612	,491.610,0.000000,0
7,aclnnInplaceCopy_CastAiCore_Cast,N/A,N/A,1790932571452319.242	,411.268,0.140000,0
7,aclnnPowTensorScalar_PowsAiCore_Pows,N/A,N/A,1790932571452730.530	,658.773,0.000000,0
7,aclnnMean_ReduceMeanAiCore_ReduceMean,N/A,N/A,1790932571453390.363	,429.449,0.977000,0
7,aclnnAdds_AddAiCore_Add,N/A,N/A,1790932571453820.792	,5.780,1.051000,0
7,aclnnRsqrt_RsqrtAiCore_Rsqrt,N/A,N/A,1790932571453826.592	,7.240,0.000000,0
7,aclnnMul_MulAiCore_Mul,N/A,N/A,1790932571453833.872	,461.489,0.010000,0
7,aclnnInplaceCopy_CastAiCore_Cast,N/A,N/A,1790932571454295.381	,597.432,0.261000,0
7,aclnnMul_MulAiCore_Mul,N/A,N/A,1790932571454892.833	,260.185,0.000000,0
7,aclnnMatmul_MatMulV3Common_MatMulV3,N/A,N/A,1790932571455153.038	,3974.960,0.065000,0
7,aclnnInplaceCopy_SliceAiCore_Slice,N/A,N/A,1790932571459128.018	,521.270,0.040000,0
7,aclnnInplaceCopy_CastAiCore_Cast,N/A,N/A,1790932571459649.308	,705.874,0.000000,0
7,aclnnPowTensorScalar_PowsAiCore_Pows,N/A,N/A,1790932571460355.222	,1033.161,0.126000,0
7,aclnnMean_ReduceMeanAiCore_ReduceMean,N/A,N/A,1790932571461389.303	,579.991,0.839000,0
7,aclnnAdds_AddAiCore_Add,N/A,N/A,1790932571461970.514	,10.321,1.259000,0
7,aclnnRsqrt_RsqrtAiCore_Rsqrt,N/A,N/A,1790932571461980.875	,9.880,0.179000,0
7,aclnnMul_MulAiCore_Mul,N/A,N/A,1790932571461990.775	,829.156,0.000000,0
7,aclnnInplaceCopy_CastAiCore_Cast,N/A,N/A,1790932571462819.951	,877.838,0.094000,0
7,aclnnMul_MulAiCore_Mul,N/A,N/A,1790932571463697.809	,438.889,0.000000,0
7,aclnnInplaceCopy_SliceAiCore_Slice,N/A,N/A,1790932571464136.718	,119.462,0.111000,0
7,aclnnInplaceCopy_CastAiCore_Cast,N/A,N/A,1790932571464256.200	,74.022,0.038000,0
7,aclnnPowTensorScalar_PowsAiCore_Pows,N/A,N/A,1790932571464330.242	,135.802,0.000000,0
7,aclnnMean_ReduceMeanAiCore_ReduceMean,N/A,N/A,1790932571464466.984	,89.262,0.948000,0
7,aclnnAdds_AddAiCore_Add,N/A,N/A,1790932571464557.006	,8.080,0.738000,0
7,aclnnRsqrt_RsqrtAiCore_Rsqrt,N/A,N/A,1790932571464565.106	,8.700,0.000000,0
7,aclnnMul_MulAiCore_Mul,N/A,N/A,1790932571464573.826	,110.763,0.050000,0
7,aclnnInplaceCopy_CastAiCore_Cast,N/A,N/A,1790932571464684.629	,66.841,0.237000,0
7,aclnnMul_MulAiCore_Mul,N/A,N/A,1790932571464751.490	,61.881,0.000000,0
7,aclnnMul_TransposeAiCore_Transpose,N/A,N/A,1790932571464813.411	,922.379,0.119000,0
7,aclnnMul_MulAiCore_Mul,N/A,N/A,1790932571465735.810	,457.989,0.000000,0
7,aclnnNeg_AsStridedAiCore_AsStrided,N/A,N/A,1790932571466193.819	,401.368,0.011000,0
7,aclnnNeg_NegAiCore_Neg,N/A,N/A,1790932571466595.207	,201.524,0.132000,0
7,aclnnCat_AsStridedAiCore_AsStrided,N/A,N/A,1790932571466796.751	,440.869,0.000000,0
7,aclnnCat_ConcatD_ConcatD,N/A,N/A,1790932571467237.640	,466.329,0.131000,0
7,aclnnMul_MulAiCore_Mul,N/A,N/A,1790932571467704.009	,435.649,0.000000,0
7,aclnnAdd_AddAiCore_Add,N/A,N/A,1790932571468139.698	,812.096,0.101000,0
7,aclnnMul_TransposeAiCore_Transpose,N/A,N/A,1790932571468951.814	,126.942,0.000000,0
7,aclnnMul_MulAiCore_Mul,N/A,N/A,1790932571469078.776	,56.842,0.058000,0
7,aclnnNeg_AsStridedAiCore_AsStrided,N/A,N/A,1790932571469135.658	,121.862,0.158000,0
7,aclnnNeg_NegAiCore_Neg,N/A,N/A,1790932571469257.540	,29.721,0.000000,0
7,aclnnCat_AsStridedAiCore_AsStrided,N/A,N/A,1790932571469287.281	,48.661,0.029000,0
7,aclnnCat_ConcatD_ConcatD,N/A,N/A,1790932571469335.962	,40.920,0.089000,0
7,aclnnMul_MulAiCore_Mul,N/A,N/A,1790932571469376.902	,61.502,0.080000,0
7,aclnnAdd_AddAiCore_Add,N/A,N/A,1790932571469438.444	,163.423,0.000000,0
7,aclnnInplaceCopy_AsStridedAiCore_AsStrided,N/A,N/A,1790932571469601.887	,146.963,0.077000,0
7,InnerPromptFlashAttention_PromptFlashAttention_PromptFlashAttention,N/A,N/A,1790932571469750.310	,7386.047,1.287000,0
7,aclnnInplaceCopy_TransposeAiCore_Transpose,N/A,N/A,1790932571477137.117	,1254.906,0.703000,0
7,aclnnMatmul_MatMulV3Common_MatMulV3,N/A,N/A,1790932571478392.043	,2880.857,0.094000,0
7,aclnnAdd_AddAiCore_Add,N/A,N/A,1790932571481272.920	,507.310,0.143000,0
7,aclnnInplaceCopy_CastAiCore_Cast,N/A,N/A,1790932571481780.250	,413.049,0.000000,0
7,aclnnPowTensorScalar_PowsAiCore_Pows,N/A,N/A,1790932571482193.319	,657.453,0.000000,0
7,aclnnMean_ReduceMeanAiCore_ReduceMean,N/A,N/A,1790932571482851.992	,430.528,1.297000,0
7,aclnnAdds_AddAiCore_Add,N/A,N/A,1790932571483283.180	,5.780,0.722000,0
7,aclnnRsqrt_RsqrtAiCore_Rsqrt,N/A,N/A,1790932571483288.980	,7.001,0.000000,0
7,aclnnMul_MulAiCore_Mul,N/A,N/A,1790932571483296.001	,454.409,0.000000,0
7,aclnnInplaceCopy_CastAiCore_Cast,N/A,N/A,1790932571483750.430	,596.412,0.091000,0
7,aclnnMul_MulAiCore_Mul,N/A,N/A,1790932571484346.862	,263.245,0.000000,0
7,aclnnMatmul_MatMulV3Common_MatMulV3,N/A,N/A,1790932571484610.147	,12642.752,0.255000,0
7,aclnnSilu_SliceAiCore_Slice,N/A,N/A,1790932571497252.919	,1199.024,0.000000,0
7,aclnnSilu_SiluAiCore_Swish,N/A,N/A,1790932571498451.963	,1262.946,0.000000,0
7,aclnnMul_SliceAiCore_Slice,N/A,N/A,1790932571499714.929	,1190.723,0.054000,0
7,aclnnMul_MulAiCore_Mul,N/A,N/A,1790932571500905.672	,1913.219,0.027000,0
7,aclnnMatmul_MatMulV3Common_MatMulV3,N/A,N/A,1790932571502818.931	,6681.193,0.031000,0
7,aclnnAdd_AddAiCore_Add,N/A,N/A,1790932571509500.144	,489.770,0.057000,0
7,aclnnInplaceCopy_CastAiCore_Cast,N/A,N/A,1790932571509989.934	,412.568,0.000000,0
7,aclnnPowTensorScalar_PowsAiCore_Pows,N/A,N/A,1790932571510402.522	,659.073,0.000000,0
7,aclnnMean_ReduceMeanAiCore_ReduceMean,N/A,N/A,1790932571511062.735	,430.509,1.177000,0
7,aclnnAdds_AddAiCore_Add,N/A,N/A,1790932571511494.364	,5.780,0.991000,0
7,aclnnRsqrt_RsqrtAiCore_Rsqrt,N/A,N/A,1790932571511500.164	,7.140,0.220000,0
7,aclnnMul_MulAiCore_Mul,N/A,N/A,1790932571511507.324	,453.829,0.000000,0
7,aclnnInplaceCopy_CastAiCore_Cast,N/A,N/A,1790932571511961.173	,598.652,0.171000,0
7,aclnnMul_MulAiCore_Mul,N/A,N/A,1790932571512559.845	,264.686,0.000000,0
7,aclnnMatmul_MatMulV3Common_MatMulV3,N/A,N/A,1790932571512824.551	,3970.879,0.064000,0
7,aclnnInplaceCopy_SliceAiCore_Slice,N/A,N/A,1790932571516795.470	,521.710,0.121000,0
7,aclnnInplaceCopy_CastAiCore_Cast,N/A,N/A,1790932571517317.220	,704.074,0.040000,0
7,aclnnPowTensorScalar_PowsAiCore_Pows,N/A,N/A,1790932571518021.334	,1032.761,0.000000,0
7,aclnnMean_ReduceMeanAiCore_ReduceMean,N/A,N/A,1790932571519055.355	,575.332,1.239000,0
7,aclnnAdds_AddAiCore_Add,N/A,N/A,1790932571519631.607	,10.800,0.918000,0
7,aclnnRsqrt_RsqrtAiCore_Rsqrt,N/A,N/A,1790932571519642.427	,9.900,0.200000,0
7,aclnnMul_MulAiCore_Mul,N/A,N/A,1790932571519652.347	,832.477,0.000000,0
7,aclnnInplaceCopy_CastAiCore_Cast,N/A,N/A,1790932571520484.844	,875.997,0.023000,0
7,aclnnMul_MulAiCore_Mul,N/A,N/A,1790932571521360.861	,439.289,0.003000,0
7,aclnnInplaceCopy_SliceAiCore_Slice,N/A,N/A,1790932571521800.170	,120.102,0.211000,0
7,aclnnInplaceCopy_CastAiCore_Cast,N/A,N/A,1790932571521920.292	,74.242,0.000000,0
7,aclnnPowTensorScalar_PowsAiCore_Pows,N/A,N/A,1790932571521994.554	,133.922,0.008000,0
7,aclnnMean_ReduceMeanAiCore_ReduceMean,N/A,N/A,1790932571522129.436	,90.162,1.078000,0
7,aclnnAdds_AddAiCore_Add,N/A,N/A,1790932571522220.658	,8.400,1.088000,0
7,aclnnRsqrt_RsqrtAiCore_Rsqrt,N/A,N/A,1790932571522229.078	,8.921,0.000000,0
7,aclnnMul_MulAiCore_Mul,N/A,N/A,1790932571522238.019	,110.882,0.079000,0
7,aclnnInplaceCopy_CastAiCore_Cast,N/A,N/A,1790932571522348.921	,62.281,0.118000,0
7,aclnnMul_MulAiCore_Mul,N/A,N/A,1790932571522411.222	,62.561,0.000000,0
7,aclnnMul_TransposeAiCore_Transpose,N/A,N/A,1790932571522473.803	,917.839,0.000000,0
7,aclnnMul_MulAiCore_Mul,N/A,N/A,1790932571523391.682	,457.829,0.161000,0
7,aclnnNeg_AsStridedAiCore_AsStrided,N/A,N/A,1790932571523849.531	,401.728,0.000000,0
7,aclnnNeg_NegAiCore_Neg,N/A,N/A,1790932571524251.279	,204.684,0.022000,0
7,aclnnCat_AsStridedAiCore_AsStrided,N/A,N/A,1790932571524456.003	,443.429,0.066000,0
7,aclnnCat_ConcatD_ConcatD,N/A,N/A,1790932571524899.472	,462.769,0.071000,0
7,aclnnMul_MulAiCore_Mul,N/A,N/A,1790932571525362.281	,433.829,0.000000,0
7,aclnnAdd_AddAiCore_Add,N/A,N/A,1790932571525796.130	,814.456,0.171000,0
7,aclnnMul_TransposeAiCore_Transpose,N/A,N/A,1790932571526610.606	,127.243,0.000000,0
7,aclnnMul_MulAiCore_Mul,N/A,N/A,1790932571526737.889	,54.561,0.257000,0
7,aclnnNeg_AsStridedAiCore_AsStrided,N/A,N/A,1790932571526792.490	,122.562,0.000000,0
7,aclnnNeg_NegAiCore_Neg,N/A,N/A,1790932571526915.072	,28.861,0.000000,0
7,aclnnCat_AsStridedAiCore_AsStrided,N/A,N/A,1790932571526943.953	,49.801,0.139000,0
7,aclnnCat_ConcatD_ConcatD,N/A,N/A,1790932571526993.774	,41.660,0.000000,0
7,aclnnMul_MulAiCore_Mul,N/A,N/A,1790932571527035.454	,60.402,0.090000,0
7,aclnnAdd_AddAiCore_Add,N/A,N/A,1790932571527095.876	,162.663,0.098000,0
7,aclnnInplaceCopy_AsStridedAiCore_AsStrided,N/A,N/A,1790932571527258.559	,147.443,0.000000,0
7,InnerPromptFlashAttention_PromptFlashAttention_PromptFlashAttention,N/A,N/A,1790932571527407.422	,7340.867,1.557000,0
7,aclnnInplaceCopy_TransposeAiCore_Transpose,N/A,N/A,1790932571534749.349	,1255.525,0.883000,0
7,aclnnMatmul_MatMulV3Common_MatMulV3,N/A,N/A,1790932571536004.894	,2890.317,0.225000,0
7,aclnnAdd_AddAiCore_Add,N/A,N/A,1790932571538895.231	,509.911,0.000000,0
7,aclnnInplaceCopy_CastAiCore_Cast,N/A,N/A,1790932571539405.162	,416.048,0.089000,0
7,aclnnPowTensorScalar_PowsAiCore_Pows,N/A,N/A,1790932571539821.230	,654.653,0.000000,0
7,aclnnMean_ReduceMeanAiCore_ReduceMean,N/A,N/A,1790932571540477.183	,432.229,1.347000,0
7,aclnnAdds_AddAiCore_Add,N/A,N/A,1790932571540910.312	,5.860,0.771000,0
7,aclnnRsqrt_RsqrtAiCore_Rsqrt,N/A,N/A,1790932571540916.192	,7.220,0.140000,0
7,aclnnMul_MulAiCore_Mul,N/A,N/A,1790932571540923.432	,449.609,0.030000,0
7,aclnnInplaceCopy_CastAiCore_Cast,N/A,N/A,1790932571541373.061	,595.272,0.000000,0
7,aclnnMul_MulAiCore_Mul,N/A,N/A,1790932571541968.353	,260.545,0.000000,0
7,aclnnMatmul_MatMulV3Common_MatMulV3,N/A,N/A,1790932571542228.918	,12571.931,0.205000,0
7,aclnnSilu_SliceAiCore_Slice,N/A,N/A,1790932571554800.889	,1197.924,0.069000,0
7,aclnnSilu_SiluAiCore_Swish,N/A,N/A,1790932571555998.833	,1242.425,0.000000,0
7,aclnnMul_SliceAiCore_Slice,N/A,N/A,1790932571557241.278	,1199.744,0.075000,0
7,aclnnMul_MulAiCore_Mul,N/A,N/A,1790932571558441.042	,1932.859,0.006000,0
7,aclnnMatmul_MatMulV3Common_MatMulV3,N/A,N/A,1790932571560373.921	,6672.053,0.141000,0
7,aclnnAdd_AddAiCore_Add,N/A,N/A,1790932571567045.994	,489.410,0.000000,0
7,aclnnInplaceCopy_CastAiCore_Cast,N/A,N/A,1790932571567535.444	,413.208,0.090000,0
7,aclnnPowTensorScalar_PowsAiCore_Pows,N/A,N/A,1790932571567948.692	,657.673,0.042000,0
7,aclnnMean_ReduceMeanAiCore_ReduceMean,N/A,N/A,1790932571568607.485	,430.329,1.077000,0
7,aclnnAdds_AddAiCore_Add,N/A,N/A,1790932571569038.574	,5.760,0.671000,0
7,aclnnRsqrt_RsqrtAiCore_Rsqrt,N/A,N/A,1790932571569044.374	,7.100,0.000000,0
7,aclnnMul_MulAiCore_Mul,N/A,N/A,1790932571569051.514	,453.729,0.150000,0
7,aclnnInplaceCopy_CastAiCore_Cast,N/A,N/A,1790932571569505.263	,597.472,0.021000,0
7,aclnnMul_MulAiCore_Mul,N/A,N/A,1790932571570102.755	,260.045,0.028000,0
7,aclnnMatmul_MatMulV3Common_MatMulV3,N/A,N/A,1790932571570362.820	,3954.379,0.000000,0
7,aclnnInplaceCopy_SliceAiCore_Slice,N/A,N/A,1790932571574317.219	,526.091,0.121000,0
7,aclnnInplaceCopy_CastAiCore_Cast,N/A,N/A,1790932571574843.330	,707.194,0.000000,0
7,aclnnPowTensorScalar_PowsAiCore_Pows,N/A,N/A,1790932571575550.544	,1028.680,0.056000,0
7,aclnnMean_ReduceMeanAiCore_ReduceMean,N/A,N/A,1790932571576580.424	,582.392,1.320000,0
7,aclnnAdds_AddAiCore_Add,N/A,N/A,1790932571577163.496	,10.480,0.608000,0
7,aclnnRsqrt_RsqrtAiCore_Rsqrt,N/A,N/A,1790932571577173.996	,9.900,0.020000,0
7,aclnnMul_MulAiCore_Mul,N/A,N/A,1790932571577183.936	,833.057,0.100000,0
7,aclnnInplaceCopy_CastAiCore_Cast,N/A,N/A,1790932571578017.013	,878.418,0.000000,0
7,aclnnMul_MulAiCore_Mul,N/A,N/A,1790932571578895.451	,436.648,0.082000,0
7,aclnnInplaceCopy_SliceAiCore_Slice,N/A,N/A,1790932571579332.119	,119.943,0.000000,0
7,aclnnInplaceCopy_CastAiCore_Cast,N/A,N/A,1790932571579452.102	,73.021,0.057000,0
7,aclnnPowTensorScalar_PowsAiCore_Pows,N/A,N/A,1790932571579525.143	,131.863,0.229000,0
7,aclnnMean_ReduceMeanAiCore_ReduceMean,N/A,N/A,1790932571579658.386	,90.642,1.387000,0
7,aclnnAdds_AddAiCore_Add,N/A,N/A,1790932571579750.168	,7.820,1.108000,0
7,aclnnRsqrt_RsqrtAiCore_Rsqrt,N/A,N/A,1790932571579758.008	,8.760,0.000000,0
7,aclnnMul_MulAiCore_Mul,N/A,N/A,1790932571579766.788	,109.942,0.000000,0
7,aclnnInplaceCopy_CastAiCore_Cast,N/A,N/A,1790932571579876.750	,62.081,0.058000,0
7,aclnnMul_MulAiCore_Mul,N/A,N/A,1790932571579938.851	,62.062,0.000000,0
7,aclnnMul_TransposeAiCore_Transpose,N/A,N/A,1790932571580000.933	,918.098,0.188000,0
7,aclnnMul_MulAiCore_Mul,N/A,N/A,1790932571580919.051	,458.509,0.000000,0
7,aclnnNeg_AsStridedAiCore_AsStrided,N/A,N/A,1790932571581377.580	,398.708,0.000000,0
7,aclnnNeg_NegAiCore_Neg,N/A,N/A,1790932571581776.308	,204.224,0.042000,0
7,aclnnCat_AsStridedAiCore_AsStrided,N/A,N/A,1790932571581980.552	,443.989,0.026000,0
7,aclnnCat_ConcatD_ConcatD,N/A,N/A,1790932571582424.561	,464.929,0.011000,0
7,aclnnMul_MulAiCore_Mul,N/A,N/A,1790932571582889.510	,436.109,0.071000,0
7,aclnnAdd_AddAiCore_Add,N/A,N/A,1790932571583325.659	,813.676,0.141000,0
7,aclnnMul_TransposeAiCore_Transpose,N/A,N/A,1790932571584139.375	,128.263,0.074000,0
7,aclnnMul_MulAiCore_Mul,N/A,N/A,1790932571584267.658	,57.041,0.000000,0
7,aclnnNeg_AsStridedAiCore_AsStrided,N/A,N/A,1790932571584324.739	,120.863,0.000000,0
7,aclnnNeg_NegAiCore_Neg,N/A,N/A,1790932571584445.622	,28.700,0.000000,0
7,aclnnCat_AsStridedAiCore_AsStrided,N/A,N/A,1790932571584474.342	,49.361,0.050000,0
7,aclnnCat_ConcatD_ConcatD,N/A,N/A,1790932571584523.723	,47.801,0.139000,0
7,aclnnMul_MulAiCore_Mul,N/A,N/A,1790932571584571.544	,60.041,0.000000,0
7,aclnnAdd_AddAiCore_Add,N/A,N/A,1790932571584631.625	,164.364,0.000000,0
7,aclnnInplaceCopy_AsStridedAiCore_AsStrided,N/A,N/A,1790932571584796.009	,145.082,0.136000,0
7,InnerPromptFlashAttention_PromptFlashAttention_PromptFlashAttention,N/A,N/A,1790932571584942.131	,7375.008,1.168000,0
7,aclnnInplaceCopy_TransposeAiCore_Transpose,N/A,N/A,1790932571592318.079	,1255.385,0.742000,0
7,aclnnMatmul_MatMulV3Common_MatMulV3,N/A,N/A,1790932571593573.484	,2895.518,0.115000,0
7,aclnnAdd_AddAiCore_Add,N/A,N/A,1790932571596469.022	,508.090,0.000000,0
7,aclnnInplaceCopy_CastAiCore_Cast,N/A,N/A,1790932571596977.132	,414.768,0.160000,0
7,aclnnPowTensorScalar_PowsAiCore_Pows,N/A,N/A,1790932571597391.920	,657.293,0.000000,0
7,aclnnMean_ReduceMeanAiCore_ReduceMean,N/A,N/A,1790932571598050.213	,429.549,0.957000,0
7,aclnnAdds_AddAiCore_Add,N/A,N/A,1790932571598480.922	,6.040,1.201000,0
7,aclnnRsqrt_RsqrtAiCore_Rsqrt,N/A,N/A,1790932571598487.002	,7.100,0.000000,0
7,aclnnMul_MulAiCore_Mul,N/A,N/A,1790932571598494.142	,453.489,0.150000,0
7,aclnnInplaceCopy_CastAiCore_Cast,N/A,N/A,1790932571598947.671	,596.392,0.011000,0
7,aclnnMul_MulAiCore_Mul,N/A,N/A,1790932571599544.083	,260.325,0.000000,0
7,aclnnMatmul_MatMulV3Common_MatMulV3,N/A,N/A,1790932571599804.428	,12579.872,0.175000,0
7,aclnnSilu_SliceAiCore_Slice,N/A,N/A,1790932571612384.320	,1197.764,0.000000,0
7,aclnnSilu_SiluAiCore_Swish,N/A,N/A,1790932571613582.104	,1263.385,0.000000,0
7,aclnnMul_SliceAiCore_Slice,N/A,N/A,1790932571614845.529	,1193.524,0.115000,0
7,aclnnMul_MulAiCore_Mul,N/A,N/A,1790932571616039.073	,1910.178,0.000000,0
7,aclnnMatmul_MatMulV3Common_MatMulV3,N/A,N/A,1790932571617949.291	,6688.234,0.072000,0
7,aclnnAdd_AddAiCore_Add,N/A,N/A,1790932571624637.545	,490.849,0.016000,0
7,aclnnInplaceCopy_CastAiCore_Cast,N/A,N/A,1790932571625128.434	,411.809,0.151000,0
7,aclnnPowTensorScalar_PowsAiCore_Pows,N/A,N/A,1790932571625540.283	,656.813,0.000000,0
7,aclnnMean_ReduceMeanAiCore_ReduceMean,N/A,N/A,1790932571626198.136	,430.948,1.187000,0
7,aclnnAdds_AddAiCore_Add,N/A,N/A,1790932571626629.984	,5.760,0.802000,0
7,aclnnRsqrt_RsqrtAiCore_Rsqrt,N/A,N/A,1790932571626635.764	,7.121,0.000000,0
7,aclnnMul_MulAiCore_Mul,N/A,N/A,1790932571626642.905	,452.009,0.129000,0
7,aclnnInplaceCopy_CastAiCore_Cast,N/A,N/A,1790932571627094.954	,598.752,0.000000,0
7,aclnnMul_MulAiCore_Mul,N/A,N/A,1790932571627693.726	,265.225,0.000000,0
7,aclnnMatmul_MatMulV3Common_MatMulV3,N/A,N/A,1790932571627958.971	,3951.699,0.025000,0
7,aclnnInplaceCopy_SliceAiCore_Slice,N/A,N/A,1790932571631910.690	,521.590,0.051000,0
7,aclnnInplaceCopy_CastAiCore_Cast,N/A,N/A,1790932571632432.320	,704.774,0.000000,0
7,aclnnPowTensorScalar_PowsAiCore_Pows,N/A,N/A,1790932571633137.114	,1034.481,0.000000,0
7,aclnnMean_ReduceMeanAiCore_ReduceMean,N/A,N/A,1790932571634172.655	,579.092,1.269000,0
7,aclnnAdds_AddAiCore_Add,N/A,N/A,1790932571634752.507	,10.240,0.658000,0
7,aclnnRsqrt_RsqrtAiCore_Rsqrt,N/A,N/A,1790932571634762.767	,9.980,0.010000,0
7,aclnnMul_MulAiCore_Mul,N/A,N/A,1790932571634772.767	,833.657,0.020000,0
7,aclnnInplaceCopy_CastAiCore_Cast,N/A,N/A,1790932571635606.444	,875.417,0.093000,0
7,aclnnMul_MulAiCore_Mul,N/A,N/A,1790932571636481.881	,438.889,0.083000,0
7,aclnnInplaceCopy_SliceAiCore_Slice,N/A,N/A,1790932571636920.790	,118.882,0.000000,0
7,aclnnInplaceCopy_CastAiCore_Cast,N/A,N/A,1790932571637039.692	,73.582,0.118000,0
7,aclnnPowTensorScalar_PowsAiCore_Pows,N/A,N/A,1790932571637113.294	,132.022,0.000000,0
7,aclnnMean_ReduceMeanAiCore_ReduceMean,N/A,N/A,1790932571637246.356	,90.482,0.978000,0
7,aclnnAdds_AddAiCore_Add,N/A,N/A,1790932571637337.638	,7.980,1.018000,0
7,aclnnRsqrt_RsqrtAiCore_Rsqrt,N/A,N/A,1790932571637345.658	,8.701,0.020000,0
7,aclnnMul_MulAiCore_Mul,N/A,N/A,1790932571637354.379	,108.182,0.049000,0
7,aclnnInplaceCopy_CastAiCore_Cast,N/A,N/A,1790932571637462.581	,62.881,0.000000,0
7,aclnnMul_MulAiCore_Mul,N/A,N/A,1790932571637525.502	,62.201,0.119000,0
7,aclnnMul_TransposeAiCore_Transpose,N/A,N/A,1790932571637587.723	,922.079,0.049000,0
7,aclnnMul_MulAiCore_Mul,N/A,N/A,1790932571638509.822	,457.869,0.000000,0
7,aclnnNeg_AsStridedAiCore_AsStrided,N/A,N/A,1790932571638967.711	,401.808,0.131000,0
7,aclnnNeg_NegAiCore_Neg,N/A,N/A,1790932571639369.539	,205.104,0.000000,0
7,aclnnCat_AsStridedAiCore_AsStrided,N/A,N/A,1790932571639574.663	,443.409,0.146000,0
7,aclnnCat_ConcatD_ConcatD,N/A,N/A,1790932571640018.092	,461.629,0.000000,0
7,aclnnMul_MulAiCore_Mul,N/A,N/A,1790932571640479.741	,434.549,0.121000,0
7,aclnnAdd_AddAiCore_Add,N/A,N/A,1790932571640914.310	,815.576,0.000000,0
7,aclnnMul_TransposeAiCore_Transpose,N/A,N/A,1790932571641729.926	,128.643,0.174000,0
7,aclnnMul_MulAiCore_Mul,N/A,N/A,1790932571641858.589	,54.701,0.000000,0
7,aclnnNeg_AsStridedAiCore_AsStrided,N/A,N/A,1790932571641913.310	,120.882,0.049000,0
7,aclnnNeg_NegAiCore_Neg,N/A,N/A,1790932571642034.212	,29.621,0.118000,0
7,aclnnCat_AsStridedAiCore_AsStrided,N/A,N/A,1790932571642063.853	,48.341,0.000000,0
7,aclnnCat_ConcatD_ConcatD,N/A,N/A,1790932571642112.214	,41.201,0.159000,0
7,aclnnMul_MulAiCore_Mul,N/A,N/A,1790932571642153.435	,61.101,0.049000,0
7,aclnnAdd_AddAiCore_Add,N/A,N/A,1790932571642214.556	,162.763,0.000000,0
7,aclnnInplaceCopy_AsStridedAiCore_AsStrided,N/A,N/A,1790932571642377.339	,146.063,0.000000,0
7,InnerPromptFlashAttention_PromptFlashAttention_PromptFlashAttention,N/A,N/A,1790932571642524.322	,7355.927,0.937000,0
7,aclnnInplaceCopy_TransposeAiCore_Transpose,N/A,N/A,1790932571649881.049	,1258.445,0.823000,0
7,aclnnMatmul_MatMulV3Common_MatMulV3,N/A,N/A,1790932571651139.514	,2883.438,0.055000,0
7,aclnnAdd_AddAiCore_Add,N/A,N/A,1790932571654022.972	,510.470,0.062000,0
7,aclnnInplaceCopy_CastAiCore_Cast,N/A,N/A,1790932571654533.482	,416.308,0.030000,0
7,aclnnPowTensorScalar_PowsAiCore_Pows,N/A,N/A,1790932571654949.830	,655.493,0.000000,0
7,aclnnMean_ReduceMeanAiCore_ReduceMean,N/A,N/A,1790932571655606.683	,432.949,1.507000,0
7,aclnnAdds_AddAiCore_Add,N/A,N/A,1790932571656040.552	,6.280,0.801000,0
7,aclnnRsqrt_RsqrtAiCore_Rsqrt,N/A,N/A,1790932571656046.852	,7.020,0.000000,0
7,aclnnMul_MulAiCore_Mul,N/A,N/A,1790932571656053.912	,453.089,0.230000,0
7,aclnnInplaceCopy_CastAiCore_Cast,N/A,N/A,1790932571656507.021	,595.092,0.000000,0
7,aclnnMul_MulAiCore_Mul,N/A,N/A,1790932571657102.133	,260.185,0.158000,0
7,aclnnMatmul_MatMulV3Common_MatMulV3,N/A,N/A,1790932571657362.358	,12551.451,0.000000,0
7,aclnnSilu_SliceAiCore_Slice,N/A,N/A,1790932571669913.829	,1203.844,0.049000,0
7,aclnnSilu_SiluAiCore_Swish,N/A,N/A,1790932571671117.713	,1247.545,0.156000,0
7,aclnnMul_SliceAiCore_Slice,N/A,N/A,1790932571672365.278	,1200.524,0.000000,0
7,aclnnMul_MulAiCore_Mul,N/A,N/A,1790932571673565.822	,1934.279,0.000000,0
7,aclnnMatmul_MatMulV3Common_MatMulV3,N/A,N/A,1790932571675500.121	,6675.953,0.000000,0
7,aclnnAdd_AddAiCore_Add,N/A,N/A,1790932571682176.094	,491.750,0.047000,0
7,aclnnInplaceCopy_CastAiCore_Cast,N/A,N/A,1790932571682667.864	,412.328,0.000000,0
7,aclnnPowTensorScalar_PowsAiCore_Pows,N/A,N/A,1790932571683080.212	,658.233,0.172000,0
7,aclnnMean_ReduceMeanAiCore_ReduceMean,N/A,N/A,1790932571683739.785	,430.409,1.267000,0
7,aclnnAdds_AddAiCore_Add,N/A,N/A,1790932571684171.374	,5.880,1.091000,0
7,aclnnRsqrt_RsqrtAiCore_Rsqrt,N/A,N/A,1790932571684177.274	,7.380,0.120000,0
7,aclnnMul_MulAiCore_Mul,N/A,N/A,1790932571684184.674	,455.969,0.120000,0
7,aclnnInplaceCopy_CastAiCore_Cast,N/A,N/A,1790932571684640.663	,596.072,0.031000,0
7,aclnnMul_MulAiCore_Mul,N/A,N/A,1790932571685236.755	,261.986,0.000000,0
7,aclnnMatmul_MatMulV3Common_MatMulV3,N/A,N/A,1790932571685498.781	,3930.398,0.014000,0
7,aclnnInplaceCopy_SliceAiCore_Slice,N/A,N/A,1790932571689429.219	,521.270,0.102000,0
7,aclnnInplaceCopy_CastAiCore_Cast,N/A,N/A,1790932571689950.509	,706.035,0.000000,0
7,aclnnPowTensorScalar_PowsAiCore_Pows,N/A,N/A,1790932571690656.564	,1027.660,0.000000,0
7,aclnnMean_ReduceMeanAiCore_ReduceMean,N/A,N/A,1790932571691685.244	,586.352,1.090000,0
7,aclnnAdds_AddAiCore_Add,N/A,N/A,1790932571692272.516	,12.980,0.898000,0
7,aclnnRsqrt_RsqrtAiCore_Rsqrt,N/A,N/A,1790932571692285.516	,9.940,0.020000,0
7,aclnnMul_MulAiCore_Mul,N/A,N/A,1790932571692295.476	,834.797,0.060000,0
7,aclnnInplaceCopy_CastAiCore_Cast,N/A,N/A,1790932571693130.313	,876.878,0.000000,0
7,aclnnMul_MulAiCore_Mul,N/A,N/A,1790932571694007.211	,438.348,0.122000,0
7,aclnnInplaceCopy_SliceAiCore_Slice,N/A,N/A,1790932571694445.579	,119.183,0.000000,0
7,aclnnInplaceCopy_CastAiCore_Cast,N/A,N/A,1790932571694564.782	,72.741,0.067000,0
7,aclnnPowTensorScalar_PowsAiCore_Pows,N/A,N/A,1790932571694637.543	,136.083,0.009000,0
7,aclnnMean_ReduceMeanAiCore_ReduceMean,N/A,N/A,1790932571694774.806	,98.222,1.167000,0
7,aclnnAdds_AddAiCore_Add,N/A,N/A,1790932571694873.948	,8.240,1.028000,0
7,aclnnRsqrt_RsqrtAiCore_Rsqrt,N/A,N/A,1790932571694882.208	,8.560,0.010000,0
7,aclnnMul_MulAiCore_Mul,N/A,N/A,1790932571694890.808	,109.462,0.000000,0
7,aclnnInplaceCopy_CastAiCore_Cast,N/A,N/A,1790932571695000.290	,67.602,0.038000,0
7,aclnnMul_MulAiCore_Mul,N/A,N/A,1790932571695067.912	,63.301,0.148000,0
7,aclnnMul_TransposeAiCore_Transpose,N/A,N/A,1790932571695131.253	,919.258,0.000000,0
7,aclnnMul_MulAiCore_Mul,N/A,N/A,1790932571696050.531	,456.109,0.000000,0
7,aclnnNeg_AsStridedAiCore_AsStrided,N/A,N/A,1790932571696506.660	,398.908,0.141000,0
7,aclnnNeg_NegAiCore_Neg,N/A,N/A,1790932571696905.588	,202.905,0.000000,0
7,aclnnCat_AsStridedAiCore_AsStrided,N/A,N/A,1790932571697108.533	,442.708,0.095000,0
7,aclnnCat_ConcatD_ConcatD,N/A,N/A,1790932571697551.261	,464.130,0.042000,0
7,aclnnMul_MulAiCore_Mul,N/A,N/A,1790932571698015.411	,439.948,0.120000,0
7,aclnnAdd_AddAiCore_Add,N/A,N/A,1790932571698455.399	,813.237,0.052000,0
7,aclnnMul_TransposeAiCore_Transpose,N/A,N/A,1790932571699268.656	,130.182,0.013000,0
7,aclnnMul_MulAiCore_Mul,N/A,N/A,1790932571699398.858	,54.681,0.000000,0
7,aclnnNeg_AsStridedAiCore_AsStrided,N/A,N/A,1790932571699453.559	,121.203,0.069000,0
7,aclnnNeg_NegAiCore_Neg,N/A,N/A,1790932571699574.782	,29.720,0.047000,0
7,aclnnCat_AsStridedAiCore_AsStrided,N/A,N/A,1790932571699604.522	,50.321,0.030000,0
7,aclnnCat_ConcatD_ConcatD,N/A,N/A,1790932571699654.863	,41.281,0.000000,0
7,aclnnMul_MulAiCore_Mul,N/A,N/A,1790932571699696.184	,60.161,0.219000,0
7,aclnnAdd_AddAiCore_Add,N/A,N/A,1790932571699756.365	,162.764,0.000000,0
7,aclnnInplaceCopy_AsStridedAiCore_AsStrided,N/A,N/A,1790932571699919.149	,146.603,0.236000,0
7,InnerPromptFlashAttention_PromptFlashAttention_PromptFlashAttention,N/A,N/A,1790932571700066.712	,7328.606,0.897000,0
7,aclnnInplaceCopy_TransposeAiCore_Transpose,N/A,N/A,1790932571707396.158	,1254.745,0.894000,0
7,aclnnMatmul_MatMulV3Common_MatMulV3,N/A,N/A,1790932571708650.923	,2900.398,0.005000,0
7,aclnnAdd_AddAiCore_Add,N/A,N/A,1790932571711551.361	,505.910,0.000000,0
7,aclnnInplaceCopy_CastAiCore_Cast,N/A,N/A,1790932571712057.291	,413.328,0.090000,0
7,aclnnPowTensorScalar_PowsAiCore_Pows,N/A,N/A,1790932571712470.639	,657.434,0.172000,0
7,aclnnMean_ReduceMeanAiCore_ReduceMean,N/A,N/A,1790932571713129.213	,430.208,1.066000,0
7,aclnnAdds_AddAiCore_Add,N/A,N/A,1790932571713560.461	,5.720,1.042000,0
7,aclnnRsqrt_RsqrtAiCore_Rsqrt,N/A,N/A,1790932571713566.221	,7.120,0.030000,0
7,aclnnMul_MulAiCore_Mul,N/A,N/A,1790932571713573.361	,457.470,0.000000,0
7,aclnnInplaceCopy_CastAiCore_Cast,N/A,N/A,1790932571714030.851	,597.572,0.030000,0
7,aclnnMul_MulAiCore_Mul,N/A,N/A,1790932571714628.463	,258.665,0.178000,0
7,aclnnMatmul_MatMulV3Common_MatMulV3,N/A,N/A,1790932571714887.148	,12574.171,0.085000,0
7,aclnnSilu_SliceAiCore_Slice,N/A,N/A,1790932571727461.339	,1200.984,0.000000,0
7,aclnnSilu_SiluAiCore_Swish,N/A,N/A,1790932571728662.343	,1261.685,0.016000,0
7,aclnnMul_SliceAiCore_Slice,N/A,N/A,1790932571729924.048	,1192.124,0.065000,0
7,aclnnMul_MulAiCore_Mul,N/A,N/A,1790932571731116.212	,1910.738,0.126000,0
7,aclnnMatmul_MatMulV3Common_MatMulV3,N/A,N/A,1790932571733026.970	,6685.994,0.012000,0
7,aclnnAdd_AddAiCore_Add,N/A,N/A,1790932571739713.004	,491.830,0.006000,0
7,aclnnInplaceCopy_CastAiCore_Cast,N/A,N/A,1790932571740204.854	,412.288,0.000000,0
7,aclnnPowTensorScalar_PowsAiCore_Pows,N/A,N/A,1790932571740617.162	,658.913,0.212000,0
7,aclnnMean_ReduceMeanAiCore_ReduceMean,N/A,N/A,1790932571741277.115	,429.769,0.837000,0
7,aclnnAdds_AddAiCore_Add,N/A,N/A,1790932571741707.764	,5.760,0.981000,0
7,aclnnRsqrt_RsqrtAiCore_Rsqrt,N/A,N/A,1790932571741713.544	,7.200,0.000000,0
7,aclnnMul_MulAiCore_Mul,N/A,N/A,1790932571741720.764	,464.629,0.050000,0
7,aclnnInplaceCopy_CastAiCore_Cast,N/A,N/A,1790932571742185.433	,597.592,0.121000,0
7,aclnnMul_MulAiCore_Mul,N/A,N/A,1790932571742783.045	,265.385,0.000000,0
7,aclnnAddmm_MatMulV3Common_MatMulV3,N/A,N/A,1790932571743048.810	,1751.695,0.365000,0
7,aclnnLinalgVectorNorm_LpNormV2_LpNormV2,N/A,N/A,1790932571744801.725	,226.705,1.305000,0
7,aclnnDiv_RealDivAiCore_RealDiv,N/A,N/A,1790932571745029.210	,440.849,0.795000,0
7,aclnnMul_CastAiCore_Cast,N/A,N/A,1790932571745470.079	,14.900,0.000000,0
7,aclnnMul_MulAiCore_Mul,N/A,N/A,1790932571745485.019	,203.884,0.100000,0
7,aclnnEqScalar_EqualAiCore_Equal,N/A,N/A,1790932578158429.670	,11.480,6412740.866000,0
7,aclnnAll_ReduceAll_ReduceAll,N/A,N/A,1790932578158560.012	,2.620,118.770000,0
7,aclnnEqScalar_EqualAiCore_Equal,N/A,N/A,1790932578158814.417	,6.801,251.880000,0
7,aclnnAny_ReduceAny_ReduceAny,N/A,N/A,1790932578158871.699	,2.680,50.449000,0
7,aclnnEqScalar_EqualAiCore_Equal,N/A,N/A,1790932578159216.685	,6.681,342.320000,0
7,aclnnReduceSum_CastAiCore_Cast,N/A,N/A,1790932578159269.606	,8.641,46.069000,0
7,aclnnReduceSum_ReduceSumOpAiCore_ReduceSum,N/A,N/A,1790932578159279.547	,11.100,1.359000,0
7,aclnnReduceSum_CastAiCore_Cast,N/A,N/A,1790932578159291.667	,1.100,1.150000,0
7,aclnnEqScalar_EqualAiCore_Equal,N/A,N/A,1790932578159315.587	,1.300,22.650000,0
7,aclnnAll_ReduceAll_ReduceAll,N/A,N/A,1790932578159332.848	,2.380,15.950000,0
7,aclnnInplaceCopy_CastAiCore_Cast,N/A,N/A,1790932578159682.375	,1278.985,347.370000,0
7,aclnnAddmm_MatMulV3Common_MatMulV3,N/A,N/A,1790932578160961.380	,1692.954,0.015000,0
7,aclnnEmbedding_GatherV2WithImplModeAiCore_GatherV2,N/A,N/A,1790932578547477.943	,2374.847,384823.546000,0
7,aclnnMul_MulAiCore_Mul,N/A,N/A,1790932578549852.810	,1757.935,0.000000,0
7,aclnnAdd_AddAiCore_Add,N/A,N/A,1790932578551610.785	,888.898,0.065000,0
7,aclnnAdd_AddAiCore_Add,N/A,N/A,1790932578552499.703	,792.076,0.102000,0
7,aclnnAdd_AddAiCore_Add,N/A,N/A,1790932578553291.799	,794.836,0.000000,0
7,aclnnRepeat_TileAiCore_Tile,N/A,N/A,1790932578554086.655	,18.140,0.164000,0
7,aclnnInplaceCopy_TransposeAiCore_Transpose,N/A,N/A,1790932578554104.815	,18.661,0.000000,0
7,aclnnRepeat_TileAiCore_Tile,N/A,N/A,1790932578554123.516	,14.940,0.089000,0
7,aclnnInplaceCopy_TransposeAiCore_Transpose,N/A,N/A,1790932578554138.476	,17.260,0.060000,0
7,aclnnRepeat_TileAiCore_Tile,N/A,N/A,1790932578554155.756	,14.321,0.000000,0
7,aclnnInplaceCopy_TransposeAiCore_Transpose,N/A,N/A,1790932578554170.117	,18.760,0.000000,0
7,aclnnRepeat_TileAiCore_Tile,N/A,N/A,1790932578554188.917	,14.340,0.240000,0
7,aclnnInplaceCopy_TransposeAiCore_Transpose,N/A,N/A,1790932578554203.277	,19.001,0.000000,0
7,aclnnRepeat_TileAiCore_Tile,N/A,N/A,1790932578554222.318	,13.660,0.000000,0
7,aclnnInplaceCopy_TransposeAiCore_Transpose,N/A,N/A,1790932578554235.998	,18.460,0.090000,0
7,aclnnRepeat_TileAiCore_Tile,N/A,N/A,1790932578554254.498	,13.501,0.040000,0
7,aclnnInplaceCopy_TransposeAiCore_Transpose,N/A,N/A,1790932578554268.019	,18.140,0.000000,0
7,aclnnRepeat_TileAiCore_Tile,N/A,N/A,1790932578554286.179	,14.260,0.110000,0
7,aclnnInplaceCopy_TransposeAiCore_Transpose,N/A,N/A,1790932578554300.459	,18.041,0.000000,0
7,aclnnRepeat_TileAiCore_Tile,N/A,N/A,1790932578554318.520	,13.680,0.000000,0
7,aclnnInplaceCopy_TransposeAiCore_Transpose,N/A,N/A,1790932578554332.220	,16.780,0.070000,0
7,aclnnRepeat_TileAiCore_Tile,N/A,N/A,1790932578554349.020	,13.840,0.000000,0
7,aclnnInplaceCopy_TransposeAiCore_Transpose,N/A,N/A,1790932578554362.880	,19.521,0.160000,0
7,aclnnRepeat_TileAiCore_Tile,N/A,N/A,1790932578554382.441	,14.580,0.000000,0
7,aclnnInplaceCopy_TransposeAiCore_Transpose,N/A,N/A,1790932578554397.041	,19.321,0.000000,0
7,aclnnRepeat_TileAiCore_Tile,N/A,N/A,1790932578554416.382	,16.500,0.179000,0
7,aclnnInplaceCopy_TransposeAiCore_Transpose,N/A,N/A,1790932578554432.902	,19.780,0.000000,0
7,aclnnRepeat_TileAiCore_Tile,N/A,N/A,1790932578554452.702	,17.801,0.000000,0
7,aclnnInplaceCopy_TransposeAiCore_Transpose,N/A,N/A,1790932578554470.543	,19.000,0.000000,0
7,aclnnRepeat_TileAiCore_Tile,N/A,N/A,1790932578554489.563	,17.100,0.000000,0
7,aclnnInplaceCopy_TransposeAiCore_Transpose,N/A,N/A,1790932578554506.683	,18.601,0.150000,0
7,aclnnRepeat_TileAiCore_Tile,N/A,N/A,1790932578554525.304	,17.100,0.000000,0
7,aclnnInplaceCopy_TransposeAiCore_Transpose,N/A,N/A,1790932578554542.424	,18.840,0.150000,0
7,aclnnRepeat_TileAiCore_Tile,N/A,N/A,1790932578554561.284	,16.921,0.000000,0
7,aclnnInplaceCopy_TransposeAiCore_Transpose,N/A,N/A,1790932578554578.225	,18.720,0.079000,0
7,aclnnRepeat_TileAiCore_Tile,N/A,N/A,1790932578554596.965	,16.200,0.030000,0
7,aclnnInplaceCopy_TransposeAiCore_Transpose,N/A,N/A,1790932578554613.185	,19.441,0.050000,0
7,aclnnRepeat_TileAiCore_Tile,N/A,N/A,1790932578554632.646	,15.820,0.059000,0
7,aclnnInplaceCopy_TransposeAiCore_Transpose,N/A,N/A,1790932578554648.486	,19.461,0.000000,0
7,aclnnRepeat_TileAiCore_Tile,N/A,N/A,1790932578554667.987	,15.460,0.039000,0
7,aclnnInplaceCopy_TransposeAiCore_Transpose,N/A,N/A,1790932578554683.467	,20.500,0.040000,0
7,aclnnRepeat_TileAiCore_Tile,N/A,N/A,1790932578554703.987	,16.281,0.000000,0
7,aclnnInplaceCopy_TransposeAiCore_Transpose,N/A,N/A,1790932578554720.288	,19.000,0.000000,0
7,aclnnRepeat_TileAiCore_Tile,N/A,N/A,1790932578554739.308	,16.800,0.000000,0
7,aclnnInplaceCopy_TransposeAiCore_Transpose,N/A,N/A,1790932578554756.128	,21.021,0.200000,0
7,aclnnRepeat_TileAiCore_Tile,N/A,N/A,1790932578554777.169	,15.820,0.000000,0
7,aclnnInplaceCopy_TransposeAiCore_Transpose,N/A,N/A,1790932578554793.009	,18.620,0.000000,0
7,aclnnRepeat_TileAiCore_Tile,N/A,N/A,1790932578554811.669	,15.601,0.130000,0
7,aclnnInplaceCopy_TransposeAiCore_Transpose,N/A,N/A,1790932578554827.290	,18.860,0.000000,0
7,aclnnRepeat_TileAiCore_Tile,N/A,N/A,1790932578554846.170	,15.660,0.140000,0
7,aclnnInplaceCopy_TransposeAiCore_Transpose,N/A,N/A,1790932578554861.850	,17.841,0.000000,0
7,aclnnRepeat_TileAiCore_Tile,N/A,N/A,1790932578554879.711	,15.820,0.159000,0
7,aclnnInplaceCopy_TransposeAiCore_Transpose,N/A,N/A,1790932578554895.571	,18.960,0.000000,0
7,aclnnRepeat_TileAiCore_Tile,N/A,N/A,1790932578554914.551	,16.241,0.040000,0
7,aclnnInplaceCopy_TransposeAiCore_Transpose,N/A,N/A,1790932578554930.812	,18.960,0.009000,0
7,aclnnRepeat_TileAiCore_Tile,N/A,N/A,1790932578554949.792	,17.561,0.040000,0
7,aclnnInplaceCopy_TransposeAiCore_Transpose,N/A,N/A,1790932578554967.373	,18.620,0.000000,0
7,aclnnRepeat_TileAiCore_Tile,N/A,N/A,1790932578554986.013	,16.740,0.130000,0
7,aclnnInplaceCopy_TransposeAiCore_Transpose,N/A,N/A,1790932578555002.773	,19.741,0.010000,0
7,aclnnRepeat_TileAiCore_Tile,N/A,N/A,1790932578555022.534	,17.160,0.009000,0
7,aclnnInplaceCopy_TransposeAiCore_Transpose,N/A,N/A,1790932578555039.734	,19.500,0.090000,0
7,aclnnRepeat_TileAiCore_Tile,N/A,N/A,1790932578555059.254	,16.621,0.000000,0
7,aclnnInplaceCopy_TransposeAiCore_Transpose,N/A,N/A,1790932578555075.895	,17.420,0.129000,0
7,aclnnRepeat_TileAiCore_Tile,N/A,N/A,1790932578555093.335	,17.500,0.000000,0
7,aclnnInplaceCopy_TransposeAiCore_Transpose,N/A,N/A,1790932578555110.855	,15.981,0.000000,0
7,aclnnRepeat_TileAiCore_Tile,N/A,N/A,1790932578555126.856	,16.240,0.019000,0
7,aclnnInplaceCopy_TransposeAiCore_Transpose,N/A,N/A,1790932578555143.116	,17.660,0.010000,0
7,aclnnRepeat_TileAiCore_Tile,N/A,N/A,1790932578555160.816	,18.601,0.090000,0
7,aclnnInplaceCopy_TransposeAiCore_Transpose,N/A,N/A,1790932578555179.457	,18.680,0.149000,0
7,aclnnCat_ConcatD_ConcatD,N/A,N/A,1790932578555198.177	,761.755,0.070000,0
7,aclnnArange_ArangeAiCore_Range,N/A,N/A,1790932578556180.197	,8.460,220.245000,0
7,aclnnMul_MulAiCore_Mul,N/A,N/A,1790932578556233.838	,10.040,45.040000,0
7,aclnnIndex_IndexAiCore_Index,N/A,N/A,1790932578557981.773	,1907.998,1737.960000,0
7,aclnnCat_ConcatD_ConcatD,N/A,N/A,1790932578559889.791	,28.740,0.002000,0
7,aclnnCos_CosAiCore_Cos,N/A,N/A,1790932578559918.551	,147.023,0.010000,0
7,aclnnSin_SinAiCore_Sin,N/A,N/A,1790932578560065.594	,138.863,0.000000,0
7,aclnnAdd_AddAiCore_Add,N/A,N/A,1790932578615084.534	,884.877,54880.137000,0
7,aclnnInplaceCopy_CastAiCore_Cast,N/A,N/A,1790932578656500.681	,685.374,40531.373000,0
7,aclnnMean_ReduceMeanAiCore_ReduceMean,N/A,N/A,1790932578657187.135	,624.792,1.126000,0
7,aclnnSub_SubAiCore_Sub,N/A,N/A,1790932578657812.687	,913.659,0.708000,0
7,aclnnPowTensorScalar_PowsAiCore_Pows,N/A,N/A,1790932578658726.366	,986.219,0.000000,0
7,aclnnMean_ReduceMeanAiCore_ReduceMean,N/A,N/A,1790932578659713.625	,597.752,1.031000,0
7,aclnnAdds_AddAiCore_Add,N/A,N/A,1790932578660312.497	,7.080,1.248000,0
7,aclnnRsqrt_RsqrtAiCore_Rsqrt,N/A,N/A,1790932578660319.617	,8.421,0.000000,0
7,aclnnMul_MulAiCore_Mul,N/A,N/A,1790932578660328.058	,802.416,0.079000,0
7,aclnnInplaceCopy_CastAiCore_Cast,N/A,N/A,1790932578661130.494	,888.537,0.084000,0
7,aclnnMul_MulAiCore_Mul,N/A,N/A,1790932578662019.071	,428.869,0.000000,0
7,aclnnAdd_AddAiCore_Add,N/A,N/A,1790932578662447.960	,432.989,0.131000,0
7,aclnnAddmm_MatMulV3Common_MatMulV3,N/A,N/A,1790932578662880.969	,3137.302,0.011000,0
7,aclnnInplaceCopy_SliceAiCore_Slice,N/A,N/A,1790932578666018.291	,552.411,0.000000,0
7,aclnnInplaceCopy_CastAiCore_Cast,N/A,N/A,1790932578666570.742	,707.695,0.089000,0
7,aclnnMul_MulAiCore_Mul,N/A,N/A,1790932578667278.477	,944.358,0.055000,0
7,aclnnInplaceCopy_SliceAiCore_Slice,N/A,N/A,1790932578668222.855	,521.811,0.000000,0
7,aclnnInplaceCopy_CastAiCore_Cast,N/A,N/A,1790932578668744.686	,705.374,0.189000,0
7,aclnnNeg_SliceAiCore_Slice,N/A,N/A,1790932578669450.080	,891.478,0.000000,0
7,aclnnNeg_NegAiCore_Neg,N/A,N/A,1790932578670341.578	,474.529,0.022000,0
7,aclnnCat_SliceAiCore_Slice,N/A,N/A,1790932578670816.127	,863.197,0.221000,0
7,aclnnCat_ConcatD_ConcatD,N/A,N/A,1790932578671679.344	,965.220,0.000000,0
7,aclnnMul_MulAiCore_Mul,N/A,N/A,1790932578672644.584	,951.019,0.030000,0
7,aclnnAdd_AddAiCore_Add,N/A,N/A,1790932578673595.643	,1596.212,0.231000,0
7,aclnnInplaceCopy_CastAiCore_Cast,N/A,N/A,1790932578675191.875	,788.655,0.038000,0
7,aclnnInplaceCopy_SliceAiCore_Slice,N/A,N/A,1790932578675980.550	,495.150,0.000000,0
7,aclnnInplaceCopy_CastAiCore_Cast,N/A,N/A,1790932578676475.720	,709.034,0.100000,0
7,aclnnMul_MulAiCore_Mul,N/A,N/A,1790932578677184.774	,934.599,0.000000,0
7,aclnnInplaceCopy_SliceAiCore_Slice,N/A,N/A,1790932578678119.393	,525.091,0.151000,0
7,aclnnInplaceCopy_CastAiCore_Cast,N/A,N/A,1790932578678644.524	,704.494,0.000000,0
7,aclnnNeg_SliceAiCore_Slice,N/A,N/A,1790932578679349.058	,889.577,0.006000,0
7,aclnnNeg_NegAiCore_Neg,N/A,N/A,1790932578680238.655	,474.270,0.173000,0
7,aclnnCat_SliceAiCore_Slice,N/A,N/A,1790932578680712.945	,862.217,0.000000,0
7,aclnnCat_ConcatD_ConcatD,N/A,N/A,1790932578681575.182	,955.619,0.033000,0
7,aclnnMul_MulAiCore_Mul,N/A,N/A,1790932578682530.841	,950.099,0.000000,0
7,aclnnAdd_AddAiCore_Add,N/A,N/A,1790932578683480.960	,1590.092,0.151000,0
7,aclnnInplaceCopy_CastAiCore_Cast,N/A,N/A,1790932578685071.072	,788.856,0.000000,0
7,aclnnInplaceCopy_TransposeAiCore_Transpose,N/A,N/A,1790932578685859.968	,562.991,0.144000,0
7,aclnnInplaceCopy_TransposeAiCore_Transpose,N/A,N/A,1790932578686422.979	,594.232,0.009000,0
7,aclnnInplaceCopy_AsStridedAiCore_AsStrided,N/A,N/A,1790932578687017.231	,800.356,0.018000,0
7,InnerPromptFlashAttention_PromptFlashAttention_PromptFlashAttention,N/A,N/A,1790932578687818.827	,39716.813,1.144000,0
7,aclnnInplaceCopy_TransposeAiCore_Transpose,N/A,N/A,1790932578727536.700	,787.116,1.187000,0
7,aclnnAddmm_MatMulV3Common_MatMulV3,N/A,N/A,1790932578728323.856	,1170.264,0.000000,0
7,aclnnAdd_AddAiCore_Add,N/A,N/A,1790932578729494.140	,817.156,0.236000,0
7,aclnnInplaceCopy_CastAiCore_Cast,N/A,N/A,1790932578730311.316	,681.874,0.000000,0
7,aclnnMean_ReduceMeanAiCore_ReduceMean,N/A,N/A,1790932578730994.650	,618.752,1.626000,0
7,aclnnSub_SubAiCore_Sub,N/A,N/A,1790932578731614.062	,908.038,0.498000,0
7,aclnnPowTensorScalar_PowsAiCore_Pows,N/A,N/A,1790932578732522.120	,988.180,0.000000,0
7,aclnnMean_ReduceMeanAiCore_ReduceMean,N/A,N/A,1790932578733511.400	,598.632,1.320000,0
7,aclnnAdds_AddAiCore_Add,N/A,N/A,1790932578734110.772	,7.400,0.618000,0
7,aclnnRsqrt_RsqrtAiCore_Rsqrt,N/A,N/A,1790932578734118.192	,8.360,0.100000,0
7,aclnnMul_MulAiCore_Mul,N/A,N/A,1790932578734126.572	,797.756,0.000000,0
7,aclnnInplaceCopy_CastAiCore_Cast,N/A,N/A,1790932578734924.348	,886.858,0.000000,0
7,aclnnMul_MulAiCore_Mul,N/A,N/A,1790932578735811.226	,429.948,0.142000,0
7,aclnnAdd_AddAiCore_Add,N/A,N/A,1790932578736241.214	,429.429,0.052000,0
7,aclnnAddmm_MatMulV3Common_MatMulV3,N/A,N/A,1790932578736670.663	,4075.641,0.071000,0
7,aclnnGeluV2_GeluV2_GeluV2,N/A,N/A,1790932578740746.324	,2301.786,0.000000,0
7,aclnnAddmm_MatMulV3Common_MatMulV3,N/A,N/A,1790932578743048.270	,4361.168,0.214000,0
7,aclnnAdd_AddAiCore_Add,N/A,N/A,1790932578747409.458	,783.355,0.082000,0
7,aclnnInplaceCopy_CastAiCore_Cast,N/A,N/A,1790932578748192.833	,683.174,0.000000,0
7,aclnnMean_ReduceMeanAiCore_ReduceMean,N/A,N/A,1790932578748877.047	,624.352,1.076000,0
7,aclnnSub_SubAiCore_Sub,N/A,N/A,1790932578749502.359	,908.698,0.898000,0
7,aclnnPowTensorScalar_PowsAiCore_Pows,N/A,N/A,1790932578750411.077	,987.280,0.052000,0
7,aclnnMean_ReduceMeanAiCore_ReduceMean,N/A,N/A,1790932578751399.637	,596.152,1.470000,0
7,aclnnAdds_AddAiCore_Add,N/A,N/A,1790932578751996.549	,7.000,0.598000,0
7,aclnnRsqrt_RsqrtAiCore_Rsqrt,N/A,N/A,1790932578752003.569	,8.360,0.000000,0
7,aclnnMul_MulAiCore_Mul,N/A,N/A,1790932578752011.969	,797.256,0.140000,0
7,aclnnInplaceCopy_CastAiCore_Cast,N/A,N/A,1790932578752809.245	,888.878,0.000000,0
7,aclnnMul_MulAiCore_Mul,N/A,N/A,1790932578753698.143	,428.849,0.122000,0
7,aclnnAdd_AddAiCore_Add,N/A,N/A,1790932578754127.012	,431.508,0.000000,0
7,aclnnAddmm_MatMulV3Common_MatMulV3,N/A,N/A,1790932578754558.560	,3114.543,0.000000,0
7,aclnnInplaceCopy_SliceAiCore_Slice,N/A,N/A,1790932578757673.123	,550.331,0.000000,0
7,aclnnInplaceCopy_CastAiCore_Cast,N/A,N/A,1790932578758223.474	,707.194,0.169000,0
7,aclnnMul_MulAiCore_Mul,N/A,N/A,1790932578758930.688	,942.679,0.056000,0
7,aclnnInplaceCopy_SliceAiCore_Slice,N/A,N/A,1790932578759873.387	,523.010,0.071000,0
7,aclnnInplaceCopy_CastAiCore_Cast,N/A,N/A,1790932578760396.417	,705.274,0.000000,0
7,aclnnNeg_SliceAiCore_Slice,N/A,N/A,1790932578761101.711	,891.978,0.000000,0
7,aclnnNeg_NegAiCore_Neg,N/A,N/A,1790932578761993.709	,474.789,0.022000,0
7,aclnnCat_SliceAiCore_Slice,N/A,N/A,1790932578762468.518	,865.278,0.000000,0
7,aclnnCat_ConcatD_ConcatD,N/A,N/A,1790932578763333.836	,964.759,0.000000,0
7,aclnnMul_MulAiCore_Mul,N/A,N/A,1790932578764298.615	,952.779,0.000000,0
7,aclnnAdd_AddAiCore_Add,N/A,N/A,1790932578765251.414	,1588.912,0.221000,0
7,aclnnInplaceCopy_CastAiCore_Cast,N/A,N/A,1790932578766840.346	,787.695,0.000000,0
7,aclnnInplaceCopy_SliceAiCore_Slice,N/A,N/A,1790932578767628.081	,495.810,0.055000,0
7,aclnnInplaceCopy_CastAiCore_Cast,N/A,N/A,1790932578768123.911	,707.955,0.190000,0
7,aclnnMul_MulAiCore_Mul,N/A,N/A,1790932578768831.886	,933.598,0.045000,0
7,aclnnInplaceCopy_SliceAiCore_Slice,N/A,N/A,1790932578769765.504	,524.571,0.000000,0
7,aclnnInplaceCopy_CastAiCore_Cast,N/A,N/A,1790932578770290.115	,705.714,0.000000,0
7,aclnnNeg_SliceAiCore_Slice,N/A,N/A,1790932578770995.849	,891.218,0.036000,0
7,aclnnNeg_NegAiCore_Neg,N/A,N/A,1790932578771887.087	,473.249,0.032000,0
7,aclnnCat_SliceAiCore_Slice,N/A,N/A,1790932578772360.376	,863.637,0.251000,0
7,aclnnCat_ConcatD_ConcatD,N/A,N/A,1790932578773224.053	,956.419,0.000000,0
7,aclnnMul_MulAiCore_Mul,N/A,N/A,1790932578774180.492	,950.619,0.081000,0
7,aclnnAdd_AddAiCore_Add,N/A,N/A,1790932578775131.131	,1592.452,0.131000,0
7,aclnnInplaceCopy_CastAiCore_Cast,N/A,N/A,1790932578776723.623	,789.096,0.000000,0
7,aclnnInplaceCopy_TransposeAiCore_Transpose,N/A,N/A,1790932578777512.739	,570.931,0.154000,0
7,aclnnInplaceCopy_TransposeAiCore_Transpose,N/A,N/A,1790932578778083.710	,601.832,0.069000,0
7,aclnnInplaceCopy_AsStridedAiCore_AsStrided,N/A,N/A,1790932578778685.562	,790.916,0.000000,0
7,InnerPromptFlashAttention_PromptFlashAttention_PromptFlashAttention,N/A,N/A,1790932578779477.498	,39808.216,1.084000,0
7,aclnnInplaceCopy_TransposeAiCore_Transpose,N/A,N/A,1790932578819287.054	,798.636,1.284000,0
7,aclnnAddmm_MatMulV3Common_MatMulV3,N/A,N/A,1790932578820085.710	,1175.603,0.114000,0
7,aclnnAdd_AddAiCore_Add,N/A,N/A,1790932578821261.333	,818.956,0.000000,0
7,aclnnInplaceCopy_CastAiCore_Cast,N/A,N/A,1790932578822080.329	,682.914,0.044000,0
7,aclnnMean_ReduceMeanAiCore_ReduceMean,N/A,N/A,1790932578822764.323	,621.753,1.086000,0
7,aclnnSub_SubAiCore_Sub,N/A,N/A,1790932578823386.756	,909.598,0.747000,0
7,aclnnPowTensorScalar_PowsAiCore_Pows,N/A,N/A,1790932578824296.374	,989.059,0.000000,0
7,aclnnMean_ReduceMeanAiCore_ReduceMean,N/A,N/A,1790932578825286.494	,597.411,1.191000,0
7,aclnnAdds_AddAiCore_Add,N/A,N/A,1790932578825884.605	,6.681,0.589000,0
7,aclnnRsqrt_RsqrtAiCore_Rsqrt,N/A,N/A,1790932578825891.306	,8.500,0.069000,0
7,aclnnMul_MulAiCore_Mul,N/A,N/A,1790932578825899.826	,801.556,0.000000,0
7,aclnnInplaceCopy_CastAiCore_Cast,N/A,N/A,1790932578826701.402	,887.598,0.194000,0
7,aclnnMul_MulAiCore_Mul,N/A,N/A,1790932578827589.020	,430.268,0.000000,0
7,aclnnAdd_AddAiCore_Add,N/A,N/A,1790932578828019.308	,431.209,0.000000,0
7,aclnnAddmm_MatMulV3Common_MatMulV3,N/A,N/A,1790932578828450.557	,4087.241,0.041000,0
7,aclnnGeluV2_GeluV2_GeluV2,N/A,N/A,1790932578832537.838	,2307.046,0.009000,0
7,aclnnAddmm_MatMulV3Common_MatMulV3,N/A,N/A,1790932578834845.044	,4357.428,0.204000,0
7,aclnnAdd_AddAiCore_Add,N/A,N/A,1790932578839202.492	,784.915,0.072000,0
7,aclnnInplaceCopy_CastAiCore_Cast,N/A,N/A,1790932578839987.427	,682.134,0.085000,0
7,aclnnMean_ReduceMeanAiCore_ReduceMean,N/A,N/A,1790932578840670.681	,621.092,1.116000,0
7,aclnnSub_SubAiCore_Sub,N/A,N/A,1790932578841292.673	,911.579,0.908000,0
7,aclnnPowTensorScalar_PowsAiCore_Pows,N/A,N/A,1790932578842204.272	,985.439,0.000000,0
7,aclnnMean_ReduceMeanAiCore_ReduceMean,N/A,N/A,1790932578843190.751	,597.632,1.061000,0
7,aclnnAdds_AddAiCore_Add,N/A,N/A,1790932578843789.603	,6.860,1.118000,0
7,aclnnRsqrt_RsqrtAiCore_Rsqrt,N/A,N/A,1790932578843796.483	,8.381,0.140000,0
7,aclnnMul_MulAiCore_Mul,N/A,N/A,1790932578843804.884	,791.355,0.119000,0
7,aclnnInplaceCopy_CastAiCore_Cast,N/A,N/A,1790932578844596.259	,886.998,0.000000,0
7,aclnnMul_MulAiCore_Mul,N/A,N/A,1790932578845483.277	,437.629,0.002000,0
7,aclnnAdd_AddAiCore_Add,N/A,N/A,1790932578845920.926	,430.028,0.121000,0
7,aclnnAddmm_MatMulV3Common_MatMulV3,N/A,N/A,1790932578846350.974	,3120.483,0.000000,0
7,aclnnInplaceCopy_SliceAiCore_Slice,N/A,N/A,1790932578849471.477	,552.011,0.017000,0
7,aclnnInplaceCopy_CastAiCore_Cast,N/A,N/A,1790932578850023.528	,707.994,0.000000,0
7,aclnnMul_MulAiCore_Mul,N/A,N/A,1790932578850731.542	,941.179,0.006000,0
7,aclnnInplaceCopy_SliceAiCore_Slice,N/A,N/A,1790932578851672.741	,521.150,0.071000,0
7,aclnnInplaceCopy_CastAiCore_Cast,N/A,N/A,1790932578852193.911	,703.414,0.100000,0
7,aclnnNeg_SliceAiCore_Slice,N/A,N/A,1790932578852897.345	,895.058,0.000000,0
7,aclnnNeg_NegAiCore_Neg,N/A,N/A,1790932578853792.443	,472.729,0.192000,0
7,aclnnCat_SliceAiCore_Slice,N/A,N/A,1790932578854265.192	,869.398,0.021000,0
7,aclnnCat_ConcatD_ConcatD,N/A,N/A,1790932578855134.630	,966.579,0.102000,0
7,aclnnMul_MulAiCore_Mul,N/A,N/A,1790932578856101.229	,949.199,0.000000,0
7,aclnnAdd_AddAiCore_Add,N/A,N/A,1790932578857050.448	,1600.752,0.051000,0
7,aclnnInplaceCopy_CastAiCore_Cast,N/A,N/A,1790932578858651.220	,785.036,0.000000,0
7,aclnnInplaceCopy_SliceAiCore_Slice,N/A,N/A,1790932578859436.276	,496.930,0.000000,0
7,aclnnInplaceCopy_CastAiCore_Cast,N/A,N/A,1790932578859933.226	,706.954,0.070000,0
7,aclnnMul_MulAiCore_Mul,N/A,N/A,1790932578860640.200	,934.079,0.046000,0
7,aclnnInplaceCopy_SliceAiCore_Slice,N/A,N/A,1790932578861574.299	,525.990,0.000000,0
7,aclnnInplaceCopy_CastAiCore_Cast,N/A,N/A,1790932578862100.309	,703.614,0.010000,0
7,aclnnNeg_SliceAiCore_Slice,N/A,N/A,1790932578862803.943	,891.778,0.136000,0
7,aclnnNeg_NegAiCore_Neg,N/A,N/A,1790932578863695.741	,476.149,0.000000,0
7,aclnnCat_SliceAiCore_Slice,N/A,N/A,1790932578864171.930	,865.758,0.101000,0
7,aclnnCat_ConcatD_ConcatD,N/A,N/A,1790932578865037.708	,958.899,0.000000,0
7,aclnnMul_MulAiCore_Mul,N/A,N/A,1790932578865996.627	,953.219,0.101000,0
7,aclnnAdd_AddAiCore_Add,N/A,N/A,1790932578866949.866	,1598.192,0.000000,0
7,aclnnInplaceCopy_CastAiCore_Cast,N/A,N/A,1790932578868548.098	,790.156,0.058000,0
7,aclnnInplaceCopy_TransposeAiCore_Transpose,N/A,N/A,1790932578869338.274	,564.951,0.094000,0
7,aclnnInplaceCopy_TransposeAiCore_Transpose,N/A,N/A,1790932578869903.245	,592.632,0.049000,0
7,aclnnInplaceCopy_AsStridedAiCore_AsStrided,N/A,N/A,1790932578870495.897	,798.396,0.118000,0
7,InnerPromptFlashAttention_PromptFlashAttention_PromptFlashAttention,N/A,N/A,1790932578871295.273	,39703.513,0.854000,0
7,aclnnInplaceCopy_TransposeAiCore_Transpose,N/A,N/A,1790932578910999.626	,795.796,0.987000,0
7,aclnnAddmm_MatMulV3Common_MatMulV3,N/A,N/A,1790932578911795.442	,1164.103,0.000000,0
7,aclnnAdd_AddAiCore_Add,N/A,N/A,1790932578912959.565	,818.017,0.000000,0
7,aclnnInplaceCopy_CastAiCore_Cast,N/A,N/A,1790932578913777.602	,684.033,0.000000,0
7,aclnnMean_ReduceMeanAiCore_ReduceMean,N/A,N/A,1790932578914462.715	,620.433,1.217000,0
7,aclnnSub_SubAiCore_Sub,N/A,N/A,1790932578915084.028	,910.618,0.817000,0
7,aclnnPowTensorScalar_PowsAiCore_Pows,N/A,N/A,1790932578915994.666	,985.840,0.132000,0
7,aclnnMean_ReduceMeanAiCore_ReduceMean,N/A,N/A,1790932578916981.846	,600.252,1.160000,0
7,aclnnAdds_AddAiCore_Add,N/A,N/A,1790932578917583.038	,6.880,0.998000,0
7,aclnnRsqrt_RsqrtAiCore_Rsqrt,N/A,N/A,1790932578917589.938	,8.440,0.120000,0
7,aclnnMul_MulAiCore_Mul,N/A,N/A,1790932578917598.418	,795.016,0.060000,0
7,aclnnInplaceCopy_CastAiCore_Cast,N/A,N/A,1790932578918393.474	,887.418,0.000000,0
7,aclnnMul_MulAiCore_Mul,N/A,N/A,1790932578919280.932	,430.148,0.082000,0
7,aclnnAdd_AddAiCore_Add,N/A,N/A,1790932578919711.120	,429.029,0.000000,0
7,aclnnAddmm_MatMulV3Common_MatMulV3,N/A,N/A,1790932578920140.189	,4060.461,0.221000,0
7,aclnnGeluV2_GeluV2_GeluV2,N/A,N/A,1790932578924200.670	,2291.806,0.039000,0
7,aclnnAddmm_MatMulV3Common_MatMulV3,N/A,N/A,1790932578926492.636	,4381.027,0.194000,0
7,aclnnAdd_AddAiCore_Add,N/A,N/A,1790932578930873.703	,778.556,0.000000,0
7,aclnnInplaceCopy_CastAiCore_Cast,N/A,N/A,1790932578931652.279	,682.653,0.000000,0
7,aclnnMean_ReduceMeanAiCore_ReduceMean,N/A,N/A,1790932578932336.312	,622.353,1.347000,0
7,aclnnSub_SubAiCore_Sub,N/A,N/A,1790932578932959.385	,910.398,0.897000,0
7,aclnnPowTensorScalar_PowsAiCore_Pows,N/A,N/A,1790932578933869.803	,985.420,0.000000,0
7,aclnnMean_ReduceMeanAiCore_ReduceMean,N/A,N/A,1790932578934856.683	,599.932,1.580000,0
7,aclnnAdds_AddAiCore_Add,N/A,N/A,1790932578935457.735	,6.700,1.068000,0
7,aclnnRsqrt_RsqrtAiCore_Rsqrt,N/A,N/A,1790932578935464.475	,8.300,0.050000,0
7,aclnnMul_MulAiCore_Mul,N/A,N/A,1790932578935472.815	,801.916,0.000000,0
7,aclnnInplaceCopy_CastAiCore_Cast,N/A,N/A,1790932578936274.771	,889.198,0.084000,0
7,aclnnMul_MulAiCore_Mul,N/A,N/A,1790932578937163.989	,429.048,0.052000,0
7,aclnnAdd_AddAiCore_Add,N/A,N/A,1790932578937593.057	,433.289,0.000000,0
7,aclnnAddmm_MatMulV3Common_MatMulV3,N/A,N/A,1790932578938026.366	,3129.143,0.000000,0
7,aclnnInplaceCopy_SliceAiCore_Slice,N/A,N/A,1790932578941155.529	,551.751,0.107000,0
7,aclnnInplaceCopy_CastAiCore_Cast,N/A,N/A,1790932578941707.300	,709.014,0.000000,0
7,aclnnMul_MulAiCore_Mul,N/A,N/A,1790932578942416.354	,947.259,0.000000,0
7,aclnnInplaceCopy_SliceAiCore_Slice,N/A,N/A,1790932578943363.633	,520.410,0.241000,0
7,aclnnInplaceCopy_CastAiCore_Cast,N/A,N/A,1790932578943884.063	,705.594,0.000000,0
7,aclnnNeg_SliceAiCore_Slice,N/A,N/A,1790932578944589.677	,892.758,0.156000,0
7,aclnnNeg_NegAiCore_Neg,N/A,N/A,1790932578945482.455	,477.930,0.000000,0
7,aclnnCat_SliceAiCore_Slice,N/A,N/A,1790932578945960.405	,868.797,0.070000,0
7,aclnnCat_ConcatD_ConcatD,N/A,N/A,1790932578946829.222	,964.479,0.000000,0
7,aclnnMul_MulAiCore_Mul,N/A,N/A,1790932578947793.721	,950.579,0.021000,0
7,aclnnAdd_AddAiCore_Add,N/A,N/A,1790932578948744.340	,1593.092,0.000000,0
7,aclnnInplaceCopy_CastAiCore_Cast,N/A,N/A,1790932578950337.452	,788.836,0.158000,0
7,aclnnInplaceCopy_SliceAiCore_Slice,N/A,N/A,1790932578951126.308	,496.050,0.000000,0
7,aclnnInplaceCopy_CastAiCore_Cast,N/A,N/A,1790932578951622.378	,707.354,0.200000,0
7,aclnnMul_MulAiCore_Mul,N/A,N/A,1790932578952329.752	,936.079,0.000000,0
7,aclnnInplaceCopy_SliceAiCore_Slice,N/A,N/A,1790932578953265.871	,523.150,0.000000,0
7,aclnnInplaceCopy_CastAiCore_Cast,N/A,N/A,1790932578953789.041	,703.754,0.100000,0
7,aclnnNeg_SliceAiCore_Slice,N/A,N/A,1790932578954492.815	,890.238,0.000000,0
7,aclnnNeg_NegAiCore_Neg,N/A,N/A,1790932578955383.073	,472.549,0.012000,0
7,aclnnCat_SliceAiCore_Slice,N/A,N/A,1790932578955855.662	,863.578,0.201000,0
7,aclnnCat_ConcatD_ConcatD,N/A,N/A,1790932578956719.260	,955.819,0.000000,0
7,aclnnMul_MulAiCore_Mul,N/A,N/A,1790932578957675.099	,950.839,0.000000,0
7,aclnnAdd_AddAiCore_Add,N/A,N/A,1790932578958625.958	,1593.111,0.161000,0
7,aclnnInplaceCopy_CastAiCore_Cast,N/A,N/A,1790932578960219.089	,786.696,0.000000,0
7,aclnnInplaceCopy_TransposeAiCore_Transpose,N/A,N/A,1790932578961005.825	,570.932,0.054000,0
7,aclnnInplaceCopy_TransposeAiCore_Transpose,N/A,N/A,1790932578961576.777	,599.732,0.068000,0
7,aclnnInplaceCopy_AsStridedAiCore_AsStrided,N/A,N/A,1790932578962176.529	,802.556,0.018000,0
7,InnerPromptFlashAttention_PromptFlashAttention_PromptFlashAttention,N/A,N/A,1790932578962980.365	,39837.676,1.194000,0
7,aclnnInplaceCopy_TransposeAiCore_Transpose,N/A,N/A,1790932579002819.421	,789.495,1.574000,0
7,aclnnAddmm_MatMulV3Common_MatMulV3,N/A,N/A,1790932579003608.936	,1168.464,0.005000,0
7,aclnnAdd_AddAiCore_Add,N/A,N/A,1790932579004777.420	,817.936,0.036000,0
7,aclnnInplaceCopy_CastAiCore_Cast,N/A,N/A,1790932579005595.396	,682.654,0.064000,0
7,aclnnMean_ReduceMeanAiCore_ReduceMean,N/A,N/A,1790932579006278.970	,623.492,0.846000,0
7,aclnnSub_SubAiCore_Sub,N/A,N/A,1790932579006903.302	,912.598,0.758000,0
7,aclnnPowTensorScalar_PowsAiCore_Pows,N/A,N/A,1790932579007815.920	,985.820,0.152000,0
7,aclnnMean_ReduceMeanAiCore_ReduceMean,N/A,N/A,1790932579008803.180	,598.912,1.430000,0
7,aclnnAdds_AddAiCore_Add,N/A,N/A,1790932579009403.112	,6.740,0.838000,0
7,aclnnRsqrt_RsqrtAiCore_Rsqrt,N/A,N/A,1790932579009409.872	,8.220,0.010000,0
7,aclnnMul_MulAiCore_Mul,N/A,N/A,1790932579009418.132	,801.376,0.280000,0
7,aclnnInplaceCopy_CastAiCore_Cast,N/A,N/A,1790932579010219.528	,890.198,0.000000,0
7,aclnnMul_MulAiCore_Mul,N/A,N/A,1790932579011109.766	,431.889,0.052000,0
7,aclnnAdd_AddAiCore_Add,N/A,N/A,1790932579011541.675	,428.988,0.111000,0
7,aclnnAddmm_MatMulV3Common_MatMulV3,N/A,N/A,1790932579011970.703	,4076.842,0.012000,0
7,aclnnGeluV2_GeluV2_GeluV2,N/A,N/A,1790932579016047.565	,2290.066,0.000000,0
7,aclnnAddmm_MatMulV3Common_MatMulV3,N/A,N/A,1790932579018337.671	,4353.627,0.184000,0
7,aclnnAdd_AddAiCore_Add,N/A,N/A,1790932579022691.318	,782.015,0.000000,0
7,aclnnInplaceCopy_CastAiCore_Cast,N/A,N/A,1790932579023473.353	,681.874,0.000000,0
7,aclnnMean_ReduceMeanAiCore_ReduceMean,N/A,N/A,1790932579024156.707	,623.552,1.626000,0
7,aclnnSub_SubAiCore_Sub,N/A,N/A,1790932579024781.479	,912.899,1.198000,0
7,aclnnPowTensorScalar_PowsAiCore_Pows,N/A,N/A,1790932579025694.418	,985.779,0.101000,0
7,aclnnMean_ReduceMeanAiCore_ReduceMean,N/A,N/A,1790932579026681.137	,598.212,0.971000,0
7,aclnnAdds_AddAiCore_Add,N/A,N/A,1790932579027280.589	,6.720,1.038000,0
7,aclnnRsqrt_RsqrtAiCore_Rsqrt,N/A,N/A,1790932579027287.329	,8.341,0.030000,0
7,aclnnMul_MulAiCore_Mul,N/A,N/A,1790932579027295.690	,797.676,0.159000,0
7,aclnnInplaceCopy_CastAiCore_Cast,N/A,N/A,1790932579028093.386	,889.317,0.074000,0
7,aclnnMul_MulAiCore_Mul,N/A,N/A,1790932579028982.723	,433.169,0.000000,0
7,aclnnAdd_AddAiCore_Add,N/A,N/A,1790932579029415.912	,432.309,0.081000,0
7,aclnnAddmm_MatMulV3Common_MatMulV3,N/A,N/A,1790932579029848.241	,3116.202,0.000000,0
7,aclnnInplaceCopy_SliceAiCore_Slice,N/A,N/A,1790932579032964.463	,552.251,0.048000,0
7,aclnnInplaceCopy_CastAiCore_Cast,N/A,N/A,1790932579033516.754	,708.514,0.000000,0
7,aclnnMul_MulAiCore_Mul,N/A,N/A,1790932579034225.288	,942.499,0.000000,0
7,aclnnInplaceCopy_SliceAiCore_Slice,N/A,N/A,1790932579035167.807	,522.630,0.001000,0
7,aclnnInplaceCopy_CastAiCore_Cast,N/A,N/A,1790932579035690.457	,704.094,0.120000,0
7,aclnnNeg_SliceAiCore_Slice,N/A,N/A,1790932579036394.571	,893.378,0.000000,0
7,aclnnNeg_NegAiCore_Neg,N/A,N/A,1790932579037287.969	,472.530,0.122000,0
7,aclnnCat_SliceAiCore_Slice,N/A,N/A,1790932579037760.519	,868.817,0.000000,0
7,aclnnCat_ConcatD_ConcatD,N/A,N/A,1790932579038629.376	,963.999,0.183000,0
7,aclnnMul_MulAiCore_Mul,N/A,N/A,1790932579039593.395	,947.179,0.001000,0
7,aclnnAdd_AddAiCore_Add,N/A,N/A,1790932579040540.594	,1600.432,0.000000,0
7,aclnnInplaceCopy_CastAiCore_Cast,N/A,N/A,1790932579042141.046	,788.076,0.068000,0
7,aclnnInplaceCopy_SliceAiCore_Slice,N/A,N/A,1790932579042929.162	,495.590,0.174000,0
7,aclnnInplaceCopy_CastAiCore_Cast,N/A,N/A,1790932579043424.772	,708.174,0.000000,0
7,aclnnMul_MulAiCore_Mul,N/A,N/A,1790932579044132.986	,936.359,0.076000,0
7,aclnnInplaceCopy_SliceAiCore_Slice,N/A,N/A,1790932579045069.385	,522.130,0.141000,0
7,aclnnInplaceCopy_CastAiCore_Cast,N/A,N/A,1790932579045591.535	,705.774,0.000000,0
7,aclnnNeg_SliceAiCore_Slice,N/A,N/A,1790932579046297.329	,892.118,0.000000,0
7,aclnnNeg_NegAiCore_Neg,N/A,N/A,1790932579047189.467	,475.690,0.132000,0
7,aclnnCat_SliceAiCore_Slice,N/A,N/A,1790932579047665.197	,864.857,0.060000,0
7,aclnnCat_ConcatD_ConcatD,N/A,N/A,1790932579048530.074	,959.379,0.000000,0
7,aclnnMul_MulAiCore_Mul,N/A,N/A,1790932579049489.473	,955.299,0.121000,0
7,aclnnAdd_AddAiCore_Add,N/A,N/A,1790932579050444.792	,1599.212,0.000000,0
7,aclnnInplaceCopy_CastAiCore_Cast,N/A,N/A,1790932579052044.024	,791.656,0.038000,0
7,aclnnInplaceCopy_TransposeAiCore_Transpose,N/A,N/A,1790932579052835.700	,566.511,0.094000,0
7,aclnnInplaceCopy_TransposeAiCore_Transpose,N/A,N/A,1790932579053402.231	,591.452,0.000000,0
7,aclnnInplaceCopy_AsStridedAiCore_AsStrided,N/A,N/A,1790932579053993.703	,796.776,0.048000,0
7,InnerPromptFlashAttention_PromptFlashAttention_PromptFlashAttention,N/A,N/A,1790932579054791.899	,39739.914,1.474000,0
7,aclnnInplaceCopy_TransposeAiCore_Transpose,N/A,N/A,1790932579094533.193	,802.976,1.336000,0
7,aclnnAddmm_MatMulV3Common_MatMulV3,N/A,N/A,1790932579095336.209	,1179.384,0.024000,0
7,aclnnAdd_AddAiCore_Add,N/A,N/A,1790932579096515.613	,819.916,0.000000,0
7,aclnnInplaceCopy_CastAiCore_Cast,N/A,N/A,1790932579097335.549	,682.494,0.084000,0
7,aclnnMean_ReduceMeanAiCore_ReduceMean,N/A,N/A,1790932579098019.443	,621.672,1.506000,0
7,aclnnSub_SubAiCore_Sub,N/A,N/A,1790932579098642.015	,908.038,0.828000,0
7,aclnnPowTensorScalar_PowsAiCore_Pows,N/A,N/A,1790932579099550.073	,985.800,0.000000,0
7,aclnnMean_ReduceMeanAiCore_ReduceMean,N/A,N/A,1790932579100537.113	,597.952,1.200000,0
7,aclnnAdds_AddAiCore_Add,N/A,N/A,1790932579101136.225	,7.100,1.298000,0
7,aclnnRsqrt_RsqrtAiCore_Rsqrt,N/A,N/A,1790932579101143.345	,8.320,0.000000,0
7,aclnnMul_MulAiCore_Mul,N/A,N/A,1790932579101151.685	,798.276,0.180000,0
7,aclnnInplaceCopy_CastAiCore_Cast,N/A,N/A,1790932579101949.981	,887.378,0.000000,0
7,aclnnMul_MulAiCore_Mul,N/A,N/A,1790932579102837.379	,431.969,0.122000,0
7,aclnnAdd_AddAiCore_Add,N/A,N/A,1790932579103269.388	,429.668,0.031000,0
7,aclnnAddmm_MatMulV3Common_MatMulV3,N/A,N/A,1790932579103699.076	,4052.261,0.000000,0
7,aclnnGeluV2_GeluV2_GeluV2,N/A,N/A,1790932579107751.357	,2289.046,0.000000,0
7,aclnnAddmm_MatMulV3Common_MatMulV3,N/A,N/A,1790932579110040.423	,4358.527,0.204000,0
7,aclnnAdd_AddAiCore_Add,N/A,N/A,1790932579114398.970	,779.396,0.000000,0
7,aclnnInplaceCopy_CastAiCore_Cast,N/A,N/A,1790932579115178.386	,683.813,0.104000,0
7,aclnnMean_ReduceMeanAiCore_ReduceMean,N/A,N/A,1790932579115863.199	,624.633,0.937000,0
7,aclnnSub_SubAiCore_Sub,N/A,N/A,1790932579116488.752	,911.958,0.867000,0
7,aclnnPowTensorScalar_PowsAiCore_Pows,N/A,N/A,1790932579117400.730	,986.000,0.042000,0
7,aclnnMean_ReduceMeanAiCore_ReduceMean,N/A,N/A,1790932579118387.870	,596.412,1.000000,0
7,aclnnAdds_AddAiCore_Add,N/A,N/A,1790932579118985.402	,6.980,1.338000,0
7,aclnnRsqrt_RsqrtAiCore_Rsqrt,N/A,N/A,1790932579118992.402	,8.280,0.020000,0
7,aclnnMul_MulAiCore_Mul,N/A,N/A,1790932579119000.702	,799.216,0.000000,0
7,aclnnInplaceCopy_CastAiCore_Cast,N/A,N/A,1790932579119799.958	,888.098,0.034000,0
7,aclnnMul_MulAiCore_Mul,N/A,N/A,1790932579120688.076	,432.088,0.000000,0
7,aclnnAdd_AddAiCore_Add,N/A,N/A,1790932579121120.184	,434.749,0.162000,0
7,aclnnAddmm_MatMulV3Common_MatMulV3,N/A,N/A,1790932579121554.953	,3123.362,0.001000,0
7,aclnnInplaceCopy_SliceAiCore_Slice,N/A,N/A,1790932579124678.335	,550.391,0.000000,0
7,aclnnInplaceCopy_CastAiCore_Cast,N/A,N/A,1790932579125228.746	,706.274,0.109000,0
7,aclnnMul_MulAiCore_Mul,N/A,N/A,1790932579125935.040	,948.299,0.000000,0
7,aclnnInplaceCopy_SliceAiCore_Slice,N/A,N/A,1790932579126883.359	,521.111,0.000000,0
7,aclnnInplaceCopy_CastAiCore_Cast,N/A,N/A,1790932579127404.490	,703.994,0.139000,0
7,aclnnNeg_SliceAiCore_Slice,N/A,N/A,1790932579128108.524	,892.138,0.006000,0
7,aclnnNeg_NegAiCore_Neg,N/A,N/A,1790932579129000.682	,474.849,0.112000,0
7,aclnnCat_SliceAiCore_Slice,N/A,N/A,1790932579129475.551	,865.717,0.000000,0
7,aclnnCat_ConcatD_ConcatD,N/A,N/A,1790932579130341.309	,964.179,0.033000,0
7,aclnnMul_MulAiCore_Mul,N/A,N/A,1790932579131305.528	,949.599,0.071000,0
7,aclnnAdd_AddAiCore_Add,N/A,N/A,1790932579132255.167	,1593.632,0.151000,0
7,aclnnInplaceCopy_CastAiCore_Cast,N/A,N/A,1790932579133848.819	,786.655,0.000000,0
7,aclnnInplaceCopy_SliceAiCore_Slice,N/A,N/A,1790932579134635.494	,495.810,0.095000,0
7,aclnnInplaceCopy_CastAiCore_Cast,N/A,N/A,1790932579135131.324	,708.414,0.000000,0
7,aclnnMul_MulAiCore_Mul,N/A,N/A,1790932579135839.758	,939.079,0.086000,0
7,aclnnInplaceCopy_SliceAiCore_Slice,N/A,N/A,1790932579136778.857	,522.211,0.000000,0
7,aclnnInplaceCopy_CastAiCore_Cast,N/A,N/A,1790932579137301.088	,704.694,0.039000,0
7,aclnnNeg_SliceAiCore_Slice,N/A,N/A,1790932579138005.802	,888.877,0.056000,0
7,aclnnNeg_NegAiCore_Neg,N/A,N/A,1790932579138894.719	,471.790,0.123000,0
7,aclnnCat_SliceAiCore_Slice,N/A,N/A,1790932579139366.529	,863.157,0.000000,0
7,aclnnCat_ConcatD_ConcatD,N/A,N/A,1790932579140229.706	,958.559,0.093000,0
7,aclnnMul_MulAiCore_Mul,N/A,N/A,1790932579141188.285	,953.239,0.000000,0
7,aclnnAdd_AddAiCore_Add,N/A,N/A,1790932579142141.544	,1592.992,0.011000,0
7,aclnnInplaceCopy_CastAiCore_Cast,N/A,N/A,1790932579143734.556	,788.716,0.008000,0
7,aclnnInplaceCopy_TransposeAiCore_Transpose,N/A,N/A,1790932579144523.292	,568.491,0.034000,0
7,aclnnInplaceCopy_TransposeAiCore_Transpose,N/A,N/A,1790932579145091.803	,599.112,0.009000,0
7,aclnnInplaceCopy_AsStridedAiCore_AsStrided,N/A,N/A,1790932579145690.935	,800.576,0.138000,0
7,InnerPromptFlashAttention_PromptFlashAttention_PromptFlashAttention,N/A,N/A,1790932579146492.651	,39739.614,1.174000,0
7,aclnnInplaceCopy_TransposeAiCore_Transpose,N/A,N/A,1790932579186233.305	,791.836,0.886000,0
7,aclnnAddmm_MatMulV3Common_MatMulV3,N/A,N/A,1790932579187025.161	,1177.384,0.164000,0
7,aclnnAdd_AddAiCore_Add,N/A,N/A,1790932579188202.565	,823.416,0.000000,0
7,aclnnInplaceCopy_CastAiCore_Cast,N/A,N/A,1790932579189026.001	,684.094,0.084000,0
7,aclnnMean_ReduceMeanAiCore_ReduceMean,N/A,N/A,1790932579189711.335	,620.792,1.156000,0
7,aclnnSub_SubAiCore_Sub,N/A,N/A,1790932579190333.087	,909.178,0.958000,0
7,aclnnPowTensorScalar_PowsAiCore_Pows,N/A,N/A,1790932579191242.285	,988.980,0.072000,0
7,aclnnMean_ReduceMeanAiCore_ReduceMean,N/A,N/A,1790932579192232.545	,599.192,1.270000,0
7,aclnnAdds_AddAiCore_Add,N/A,N/A,1790932579192832.537	,9.780,0.808000,0
7,aclnnRsqrt_RsqrtAiCore_Rsqrt,N/A,N/A,1790932579192842.337	,8.420,0.000000,0
7,aclnnMul_MulAiCore_Mul,N/A,N/A,1790932579192850.777	,799.336,0.080000,0
7,aclnnInplaceCopy_CastAiCore_Cast,N/A,N/A,1790932579193650.133	,886.658,0.164000,0
7,aclnnMul_MulAiCore_Mul,N/A,N/A,1790932579194536.811	,431.389,0.000000,0
7,aclnnAdd_AddAiCore_Add,N/A,N/A,1790932579194968.220	,434.568,0.111000,0
7,aclnnAddmm_MatMulV3Common_MatMulV3,N/A,N/A,1790932579195402.808	,4066.342,0.000000,0
7,aclnnGeluV2_GeluV2_GeluV2,N/A,N/A,1790932579199469.170	,2289.485,0.158000,0
7,aclnnAddmm_MatMulV3Common_MatMulV3,N/A,N/A,1790932579201758.815	,4361.088,0.015000,0
7,aclnnAdd_AddAiCore_Add,N/A,N/A,1790932579206119.923	,784.835,0.162000,0
7,aclnnInplaceCopy_CastAiCore_Cast,N/A,N/A,1790932579206904.778	,680.914,0.000000,0
7,aclnnMean_ReduceMeanAiCore_ReduceMean,N/A,N/A,1790932579207587.192	,622.072,1.586000,0
7,aclnnSub_SubAiCore_Sub,N/A,N/A,1790932579208210.304	,910.959,0.928000,0
7,aclnnPowTensorScalar_PowsAiCore_Pows,N/A,N/A,1790932579209121.283	,985.159,0.041000,0
7,aclnnMean_ReduceMeanAiCore_ReduceMean,N/A,N/A,1790932579210107.822	,597.932,1.341000,0
7,aclnnAdds_AddAiCore_Add,N/A,N/A,1790932579210706.634	,6.660,1.068000,0
7,aclnnRsqrt_RsqrtAiCore_Rsqrt,N/A,N/A,1790932579210713.314	,8.320,0.000000,0
7,aclnnMul_MulAiCore_Mul,N/A,N/A,1790932579210721.654	,797.456,0.180000,0
7,aclnnInplaceCopy_CastAiCore_Cast,N/A,N/A,1790932579211519.130	,885.898,0.044000,0
7,aclnnMul_MulAiCore_Mul,N/A,N/A,1790932579212405.048	,431.209,0.000000,0
7,aclnnAdd_AddAiCore_Add,N/A,N/A,1790932579212836.277	,430.328,0.041000,0
7,aclnnAddmm_MatMulV3Common_MatMulV3,N/A,N/A,1790932579213266.645	,3122.163,0.172000,0
7,aclnnInplaceCopy_SliceAiCore_Slice,N/A,N/A,1790932579216388.828	,551.891,0.000000,0
7,aclnnInplaceCopy_CastAiCore_Cast,N/A,N/A,1790932579216940.739	,708.394,0.109000,0
7,aclnnMul_MulAiCore_Mul,N/A,N/A,1790932579217649.153	,940.539,0.106000,0
7,aclnnInplaceCopy_SliceAiCore_Slice,N/A,N/A,1790932579218589.712	,521.990,0.000000,0
7,aclnnInplaceCopy_CastAiCore_Cast,N/A,N/A,1790932579219111.722	,705.594,0.010000,0
7,aclnnNeg_SliceAiCore_Slice,N/A,N/A,1790932579219817.336	,895.718,0.000000,0
7,aclnnNeg_NegAiCore_Neg,N/A,N/A,1790932579220713.074	,472.590,0.032000,0
7,aclnnCat_SliceAiCore_Slice,N/A,N/A,1790932579221185.684	,868.517,0.160000,0
7,aclnnCat_ConcatD_ConcatD,N/A,N/A,1790932579222054.221	,965.759,0.000000,0
7,aclnnMul_MulAiCore_Mul,N/A,N/A,1790932579223020.000	,946.359,0.000000,0
7,aclnnAdd_AddAiCore_Add,N/A,N/A,1790932579223966.379	,1600.412,0.141000,0
7,aclnnInplaceCopy_CastAiCore_Cast,N/A,N/A,1790932579225566.811	,789.336,0.000000,0
7,aclnnInplaceCopy_SliceAiCore_Slice,N/A,N/A,1790932579226356.167	,495.610,0.164000,0
7,aclnnInplaceCopy_CastAiCore_Cast,N/A,N/A,1790932579226851.817	,709.474,0.000000,0
7,aclnnMul_MulAiCore_Mul,N/A,N/A,1790932579227561.311	,934.819,0.026000,0
7,aclnnInplaceCopy_SliceAiCore_Slice,N/A,N/A,1790932579228496.170	,524.810,0.181000,0
7,aclnnInplaceCopy_CastAiCore_Cast,N/A,N/A,1790932579229021.000	,707.434,0.000000,0
7,aclnnNeg_SliceAiCore_Slice,N/A,N/A,1790932579229728.474	,889.458,0.066000,0
7,aclnnNeg_NegAiCore_Neg,N/A,N/A,1790932579230617.952	,474.610,0.042000,0
7,aclnnCat_SliceAiCore_Slice,N/A,N/A,1790932579231092.582	,863.737,0.000000,0
7,aclnnCat_ConcatD_ConcatD,N/A,N/A,1790932579231956.359	,958.999,0.013000,0
7,aclnnMul_MulAiCore_Mul,N/A,N/A,1790932579232915.378	,946.819,0.251000,0
7,aclnnAdd_AddAiCore_Add,N/A,N/A,1790932579233862.237	,1601.132,0.000000,0
7,aclnnInplaceCopy_CastAiCore_Cast,N/A,N/A,1790932579235463.389	,785.916,0.118000,0
7,aclnnInplaceCopy_TransposeAiCore_Transpose,N/A,N/A,1790932579236249.325	,567.471,0.000000,0
7,aclnnInplaceCopy_TransposeAiCore_Transpose,N/A,N/A,1790932579236816.836	,588.072,0.029000,0
7,aclnnInplaceCopy_AsStridedAiCore_AsStrided,N/A,N/A,1790932579237404.948	,794.656,0.178000,0
7,InnerPromptFlashAttention_PromptFlashAttention_PromptFlashAttention,N/A,N/A,1790932579238200.704	,39478.588,1.094000,0
7,aclnnInplaceCopy_TransposeAiCore_Transpose,N/A,N/A,1790932579277680.552	,793.656,1.162000,0
7,aclnnAddmm_MatMulV3Common_MatMulV3,N/A,N/A,1790932579278474.228	,1159.383,0.094000,0
7,aclnnAdd_AddAiCore_Add,N/A,N/A,1790932579279633.631	,819.037,0.117000,0
7,aclnnInplaceCopy_CastAiCore_Cast,N/A,N/A,1790932579280452.688	,682.013,0.000000,0
7,aclnnMean_ReduceMeanAiCore_ReduceMean,N/A,N/A,1790932579281135.601	,623.893,0.737000,0
7,aclnnSub_SubAiCore_Sub,N/A,N/A,1790932579281760.354	,904.378,0.857000,0
7,aclnnPowTensorScalar_PowsAiCore_Pows,N/A,N/A,1790932579282664.752	,987.920,0.122000,0
7,aclnnMean_ReduceMeanAiCore_ReduceMean,N/A,N/A,1790932579283653.992	,598.692,1.330000,0
7,aclnnAdds_AddAiCore_Add,N/A,N/A,1790932579284253.864	,6.720,1.058000,0
7,aclnnRsqrt_RsqrtAiCore_Rsqrt,N/A,N/A,1790932579284260.604	,8.320,0.030000,0
7,aclnnMul_MulAiCore_Mul,N/A,N/A,1790932579284268.964	,799.736,0.180000,0
7,aclnnInplaceCopy_CastAiCore_Cast,N/A,N/A,1790932579285068.720	,886.758,0.014000,0
7,aclnnMul_MulAiCore_Mul,N/A,N/A,1790932579285955.498	,430.168,0.000000,0
7,aclnnAdd_AddAiCore_Add,N/A,N/A,1790932579286385.686	,430.809,0.082000,0
7,aclnnAddmm_MatMulV3Common_MatMulV3,N/A,N/A,1790932579286816.515	,4084.741,0.000000,0
7,aclnnGeluV2_GeluV2_GeluV2,N/A,N/A,1790932579290901.276	,2297.666,0.009000,0
7,aclnnAddmm_MatMulV3Common_MatMulV3,N/A,N/A,1790932579293198.962	,4348.447,0.084000,0
7,aclnnAdd_AddAiCore_Add,N/A,N/A,1790932579297547.449	,776.416,0.053000,0
7,aclnnInplaceCopy_CastAiCore_Cast,N/A,N/A,1790932579298323.885	,683.833,0.084000,0
7,aclnnMean_ReduceMeanAiCore_ReduceMean,N/A,N/A,1790932579299009.158	,620.253,1.417000,0
7,aclnnSub_SubAiCore_Sub,N/A,N/A,1790932579299630.291	,907.758,0.747000,0
7,aclnnPowTensorScalar_PowsAiCore_Pows,N/A,N/A,1790932579300538.069	,982.980,0.000000,0
7,aclnnMean_ReduceMeanAiCore_ReduceMean,N/A,N/A,1790932579301522.149	,602.232,1.270000,0
7,aclnnAdds_AddAiCore_Add,N/A,N/A,1790932579302125.101	,7.320,0.518000,0
7,aclnnRsqrt_RsqrtAiCore_Rsqrt,N/A,N/A,1790932579302132.441	,8.400,0.180000,0
7,aclnnMul_MulAiCore_Mul,N/A,N/A,1790932579302140.861	,801.536,0.000000,0
7,aclnnInplaceCopy_CastAiCore_Cast,N/A,N/A,1790932579302942.417	,887.758,0.214000,0
7,aclnnMul_MulAiCore_Mul,N/A,N/A,1790932579303830.195	,431.928,0.000000,0
7,aclnnAdd_AddAiCore_Add,N/A,N/A,1790932579304262.143	,430.969,0.072000,0
7,aclnnAddmm_MatMulV3Common_MatMulV3,N/A,N/A,1790932579304693.132	,3146.803,0.031000,0
7,aclnnInplaceCopy_SliceAiCore_Slice,N/A,N/A,1790932579307839.955	,551.931,0.000000,0
7,aclnnInplaceCopy_CastAiCore_Cast,N/A,N/A,1790932579308391.906	,708.134,0.069000,0
7,aclnnMul_MulAiCore_Mul,N/A,N/A,1790932579309100.080	,940.699,0.000000,0
7,aclnnInplaceCopy_SliceAiCore_Slice,N/A,N/A,1790932579310040.799	,520.930,0.051000,0
7,aclnnInplaceCopy_CastAiCore_Cast,N/A,N/A,1790932579310561.749	,704.674,0.070000,0
7,aclnnNeg_SliceAiCore_Slice,N/A,N/A,1790932579311266.443	,894.398,0.076000,0
7,aclnnNeg_NegAiCore_Neg,N/A,N/A,1790932579312160.861	,471.050,0.000000,0
7,aclnnCat_SliceAiCore_Slice,N/A,N/A,1790932579312631.931	,866.317,0.200000,0
7,aclnnCat_ConcatD_ConcatD,N/A,N/A,1790932579313498.268	,966.279,0.000000,0
7,aclnnMul_MulAiCore_Mul,N/A,N/A,1790932579314464.567	,945.839,0.000000,0
7,aclnnAdd_AddAiCore_Add,N/A,N/A,1790932579315410.446	,1600.752,0.161000,0
7,aclnnInplaceCopy_CastAiCore_Cast,N/A,N/A,1790932579317011.238	,787.136,0.000000,0
7,aclnnInplaceCopy_SliceAiCore_Slice,N/A,N/A,1790932579317798.394	,495.470,0.114000,0
7,aclnnInplaceCopy_CastAiCore_Cast,N/A,N/A,1790932579318293.884	,707.054,0.030000,0
7,aclnnMul_MulAiCore_Mul,N/A,N/A,1790932579319000.958	,934.919,0.000000,0
7,aclnnInplaceCopy_SliceAiCore_Slice,N/A,N/A,1790932579319935.897	,524.230,0.081000,0
7,aclnnInplaceCopy_CastAiCore_Cast,N/A,N/A,1790932579320460.147	,706.174,0.020000,0
7,aclnnNeg_SliceAiCore_Slice,N/A,N/A,1790932579321166.341	,891.218,0.000000,0
7,aclnnNeg_NegAiCore_Neg,N/A,N/A,1790932579322057.599	,474.989,0.032000,0
7,aclnnCat_SliceAiCore_Slice,N/A,N/A,1790932579322532.608	,866.898,0.011000,0
7,aclnnCat_ConcatD_ConcatD,N/A,N/A,1790932579323399.526	,958.119,0.102000,0
7,aclnnMul_MulAiCore_Mul,N/A,N/A,1790932579324357.665	,948.939,0.131000,0
7,aclnnAdd_AddAiCore_Add,N/A,N/A,1790932579325306.644	,1597.852,0.061000,0
7,aclnnInplaceCopy_CastAiCore_Cast,N/A,N/A,1790932579326904.516	,790.976,0.000000,0
7,aclnnInplaceCopy_TransposeAiCore_Transpose,N/A,N/A,1790932579327695.512	,577.071,0.024000,0
7,aclnnInplaceCopy_TransposeAiCore_Transpose,N/A,N/A,1790932579328272.603	,596.732,0.000000,0
7,aclnnInplaceCopy_AsStridedAiCore_AsStrided,N/A,N/A,1790932579328869.355	,791.456,0.018000,0
7,InnerPromptFlashAttention_PromptFlashAttention_PromptFlashAttention,N/A,N/A,1790932579329662.091	,39794.075,1.294000,0
7,aclnnInplaceCopy_TransposeAiCore_Transpose,N/A,N/A,1790932579369457.246	,801.976,1.175000,0
7,aclnnAddmm_MatMulV3Common_MatMulV3,N/A,N/A,1790932579370259.242	,1159.063,0.024000,0
7,aclnnAdd_AddAiCore_Add,N/A,N/A,1790932579371418.345	,819.457,0.000000,0
7,aclnnInplaceCopy_CastAiCore_Cast,N/A,N/A,1790932579372237.822	,685.413,0.043000,0
7,aclnnMean_ReduceMeanAiCore_ReduceMean,N/A,N/A,1790932579372924.575	,621.953,1.337000,0
7,aclnnSub_SubAiCore_Sub,N/A,N/A,1790932579373547.548	,910.378,1.047000,0
7,aclnnPowTensorScalar_PowsAiCore_Pows,N/A,N/A,1790932579374457.946	,989.760,0.122000,0
7,aclnnMean_ReduceMeanAiCore_ReduceMean,N/A,N/A,1790932579375448.986	,601.992,1.240000,0
7,aclnnAdds_AddAiCore_Add,N/A,N/A,1790932579376052.078	,6.740,1.008000,0
7,aclnnRsqrt_RsqrtAiCore_Rsqrt,N/A,N/A,1790932579376058.838	,8.340,0.010000,0
7,aclnnMul_MulAiCore_Mul,N/A,N/A,1790932579376067.198	,794.036,0.160000,0
7,aclnnInplaceCopy_CastAiCore_Cast,N/A,N/A,1790932579376861.254	,887.318,0.000000,0
7,aclnnMul_MulAiCore_Mul,N/A,N/A,1790932579377748.612	,429.828,0.000000,0
7,aclnnAdd_AddAiCore_Add,N/A,N/A,1790932579378178.460	,427.669,0.172000,0
7,aclnnAddmm_MatMulV3Common_MatMulV3,N/A,N/A,1790932579378606.149	,4078.461,0.081000,0
7,aclnnGeluV2_GeluV2_GeluV2,N/A,N/A,1790932579382684.630	,2304.866,0.039000,0
7,aclnnAddmm_MatMulV3Common_MatMulV3,N/A,N/A,1790932579384989.516	,4357.827,0.000000,0
7,aclnnAdd_AddAiCore_Add,N/A,N/A,1790932579389347.363	,777.516,0.000000,0
7,aclnnInplaceCopy_CastAiCore_Cast,N/A,N/A,1790932579390124.899	,682.874,0.234000,0
7,aclnnMean_ReduceMeanAiCore_ReduceMean,N/A,N/A,1790932579390808.853	,621.932,0.876000,0
7,aclnnSub_SubAiCore_Sub,N/A,N/A,1790932579391431.525	,907.158,0.818000,0
7,aclnnPowTensorScalar_PowsAiCore_Pows,N/A,N/A,1790932579392338.703	,985.440,0.092000,0
7,aclnnMean_ReduceMeanAiCore_ReduceMean,N/A,N/A,1790932579393325.343	,598.352,1.060000,0
7,aclnnAdds_AddAiCore_Add,N/A,N/A,1790932579393924.675	,6.720,1.148000,0
7,aclnnRsqrt_RsqrtAiCore_Rsqrt,N/A,N/A,1790932579393931.415	,8.240,0.030000,0
7,aclnnMul_MulAiCore_Mul,N/A,N/A,1790932579393939.675	,792.696,0.010000,0
7,aclnnInplaceCopy_CastAiCore_Cast,N/A,N/A,1790932579394732.391	,886.358,0.054000,0
7,aclnnMul_MulAiCore_Mul,N/A,N/A,1790932579395618.769	,434.028,0.000000,0
7,aclnnAdd_AddAiCore_Add,N/A,N/A,1790932579396052.817	,430.129,0.000000,0
7,aclnnAddmm_MatMulV3Common_MatMulV3,N/A,N/A,1790932579396482.966	,3096.942,0.121000,0
7,aclnnInplaceCopy_SliceAiCore_Slice,N/A,N/A,1790932579399579.928	,552.391,0.058000,0
7,aclnnInplaceCopy_CastAiCore_Cast,N/A,N/A,1790932579400132.339	,710.494,0.000000,0
7,aclnnMul_MulAiCore_Mul,N/A,N/A,1790932579400842.853	,941.839,0.006000,0
7,aclnnInplaceCopy_SliceAiCore_Slice,N/A,N/A,1790932579401784.712	,521.530,0.161000,0
7,aclnnInplaceCopy_CastAiCore_Cast,N/A,N/A,1790932579402306.282	,704.414,0.000000,0
7,aclnnNeg_SliceAiCore_Slice,N/A,N/A,1790932579403010.716	,897.698,0.086000,0
7,aclnnNeg_NegAiCore_Neg,N/A,N/A,1790932579403908.454	,472.210,0.052000,0
7,aclnnCat_SliceAiCore_Slice,N/A,N/A,1790932579404380.704	,871.697,0.040000,0
7,aclnnCat_ConcatD_ConcatD,N/A,N/A,1790932579405252.421	,965.660,0.053000,0
7,aclnnMul_MulAiCore_Mul,N/A,N/A,1790932579406218.101	,947.158,0.000000,0
7,aclnnAdd_AddAiCore_Add,N/A,N/A,1790932579407165.279	,1602.092,0.092000,0
7,aclnnInplaceCopy_CastAiCore_Cast,N/A,N/A,1790932579408767.391	,784.616,0.158000,0
7,aclnnInplaceCopy_SliceAiCore_Slice,N/A,N/A,1790932579409552.027	,495.750,0.000000,0
7,aclnnInplaceCopy_CastAiCore_Cast,N/A,N/A,1790932579410047.797	,707.334,0.000000,0
7,aclnnMul_MulAiCore_Mul,N/A,N/A,1790932579410755.171	,932.419,0.166000,0
7,aclnnInplaceCopy_SliceAiCore_Slice,N/A,N/A,1790932579411687.610	,523.270,0.000000,0
7,aclnnInplaceCopy_CastAiCore_Cast,N/A,N/A,1790932579412210.900	,706.494,0.230000,0
7,aclnnNeg_SliceAiCore_Slice,N/A,N/A,1790932579412917.414	,893.518,0.006000,0
7,aclnnNeg_NegAiCore_Neg,N/A,N/A,1790932579413810.972	,477.630,0.000000,0
7,aclnnCat_SliceAiCore_Slice,N/A,N/A,1790932579414288.622	,866.957,0.000000,0
7,aclnnCat_ConcatD_ConcatD,N/A,N/A,1790932579415155.599	,958.399,0.043000,0
7,aclnnMul_MulAiCore_Mul,N/A,N/A,1790932579416114.018	,946.939,0.101000,0
7,aclnnAdd_AddAiCore_Add,N/A,N/A,1790932579417060.997	,1599.212,0.061000,0
7,aclnnInplaceCopy_CastAiCore_Cast,N/A,N/A,1790932579418660.229	,788.476,0.038000,0
7,aclnnInplaceCopy_TransposeAiCore_Transpose,N/A,N/A,1790932579419448.745	,565.291,0.024000,0
7,aclnnInplaceCopy_TransposeAiCore_Transpose,N/A,N/A,1790932579420014.056	,589.332,0.000000,0
7,aclnnInplaceCopy_AsStridedAiCore_AsStrided,N/A,N/A,1790932579420603.408	,800.176,0.168000,0
7,InnerPromptFlashAttention_PromptFlashAttention_PromptFlashAttention,N/A,N/A,1790932579421404.584	,39527.130,0.824000,0
7,aclnnInplaceCopy_TransposeAiCore_Transpose,N/A,N/A,1790932579460932.774	,796.876,1.120000,0
7,aclnnAddmm_MatMulV3Common_MatMulV3,N/A,N/A,1790932579461729.670	,1154.883,0.124000,0
7,aclnnAdd_AddAiCore_Add,N/A,N/A,1790932579462884.573	,821.076,0.000000,0
7,aclnnInplaceCopy_CastAiCore_Cast,N/A,N/A,1790932579463705.669	,682.734,0.174000,0
7,aclnnMean_ReduceMeanAiCore_ReduceMean,N/A,N/A,1790932579464389.363	,619.992,0.766000,0
7,aclnnSub_SubAiCore_Sub,N/A,N/A,1790932579465010.055	,909.258,0.758000,0
7,aclnnPowTensorScalar_PowsAiCore_Pows,N/A,N/A,1790932579465919.353	,987.600,0.000000,0
7,aclnnMean_ReduceMeanAiCore_ReduceMean,N/A,N/A,1790932579466907.993	,598.532,1.150000,0
7,aclnnAdds_AddAiCore_Add,N/A,N/A,1790932579467507.305	,6.720,0.718000,0
7,aclnnRsqrt_RsqrtAiCore_Rsqrt,N/A,N/A,1790932579467514.065	,8.240,0.030000,0
7,aclnnMul_MulAiCore_Mul,N/A,N/A,1790932579467522.345	,799.296,0.010000,0
7,aclnnInplaceCopy_CastAiCore_Cast,N/A,N/A,1790932579468321.661	,888.658,0.204000,0
7,aclnnMul_MulAiCore_Mul,N/A,N/A,1790932579469210.339	,431.469,0.000000,0
7,aclnnAdd_AddAiCore_Add,N/A,N/A,1790932579469641.828	,432.068,0.031000,0
7,aclnnAddmm_MatMulV3Common_MatMulV3,N/A,N/A,1790932579470073.916	,4056.901,0.182000,0
7,aclnnGeluV2_GeluV2_GeluV2,N/A,N/A,1790932579474130.837	,2293.806,0.000000,0
7,aclnnAddmm_MatMulV3Common_MatMulV3,N/A,N/A,1790932579476424.663	,4357.427,0.194000,0
7,aclnnAdd_AddAiCore_Add,N/A,N/A,1790932579480782.110	,776.516,0.000000,0
7,aclnnInplaceCopy_CastAiCore_Cast,N/A,N/A,1790932579481558.646	,683.133,0.234000,0
7,aclnnMean_ReduceMeanAiCore_ReduceMean,N/A,N/A,1790932579482243.019	,620.453,1.117000,0
7,aclnnSub_SubAiCore_Sub,N/A,N/A,1790932579482864.152	,908.798,0.797000,0
7,aclnnPowTensorScalar_PowsAiCore_Pows,N/A,N/A,1790932579483772.970	,986.540,0.000000,0
7,aclnnMean_ReduceMeanAiCore_ReduceMean,N/A,N/A,1790932579484760.650	,601.332,1.210000,0
7,aclnnAdds_AddAiCore_Add,N/A,N/A,1790932579485363.082	,6.900,0.918000,0
7,aclnnRsqrt_RsqrtAiCore_Rsqrt,N/A,N/A,1790932579485370.002	,8.300,0.100000,0
7,aclnnMul_MulAiCore_Mul,N/A,N/A,1790932579485378.322	,792.456,0.000000,0
7,aclnnInplaceCopy_CastAiCore_Cast,N/A,N/A,1790932579486170.798	,887.338,0.044000,0
7,aclnnMul_MulAiCore_Mul,N/A,N/A,1790932579487058.156	,431.648,0.162000,0
7,aclnnAdd_AddAiCore_Add,N/A,N/A,1790932579487489.824	,430.949,0.000000,0
7,aclnnAddmm_MatMulV3Common_MatMulV3,N/A,N/A,1790932579487920.813	,3116.922,0.051000,0
7,aclnnInplaceCopy_SliceAiCore_Slice,N/A,N/A,1790932579491037.775	,553.371,0.078000,0
7,aclnnInplaceCopy_CastAiCore_Cast,N/A,N/A,1790932579491591.166	,707.074,0.129000,0
7,aclnnMul_MulAiCore_Mul,N/A,N/A,1790932579492298.260	,940.439,0.000000,0
7,aclnnInplaceCopy_SliceAiCore_Slice,N/A,N/A,1790932579493238.719	,522.191,0.061000,0
7,aclnnInplaceCopy_CastAiCore_Cast,N/A,N/A,1790932579493760.950	,704.014,0.059000,0
7,aclnnNeg_SliceAiCore_Slice,N/A,N/A,1790932579494465.004	,892.858,0.000000,0
7,aclnnNeg_NegAiCore_Neg,N/A,N/A,1790932579495357.882	,472.329,0.142000,0
7,aclnnCat_SliceAiCore_Slice,N/A,N/A,1790932579495830.231	,868.117,0.000000,0
7,aclnnCat_ConcatD_ConcatD,N/A,N/A,1790932579496698.368	,963.260,0.000000,0
7,aclnnMul_MulAiCore_Mul,N/A,N/A,1790932579497661.668	,945.638,0.240000,0
7,aclnnAdd_AddAiCore_Add,N/A,N/A,1790932579498607.326	,1596.052,0.000000,0
7,aclnnInplaceCopy_CastAiCore_Cast,N/A,N/A,1790932579500203.418	,786.096,0.198000,0
7,aclnnInplaceCopy_SliceAiCore_Slice,N/A,N/A,1790932579500989.534	,498.070,0.000000,0
7,aclnnInplaceCopy_CastAiCore_Cast,N/A,N/A,1790932579501487.624	,707.114,0.000000,0
7,aclnnMul_MulAiCore_Mul,N/A,N/A,1790932579502194.758	,932.579,0.136000,0
7,aclnnInplaceCopy_SliceAiCore_Slice,N/A,N/A,1790932579503127.377	,522.610,0.171000,0
7,aclnnInplaceCopy_CastAiCore_Cast,N/A,N/A,1790932579503650.007	,705.334,0.000000,0
7,aclnnNeg_SliceAiCore_Slice,N/A,N/A,1790932579504355.381	,892.118,0.166000,0
7,aclnnNeg_NegAiCore_Neg,N/A,N/A,1790932579505247.519	,477.070,0.000000,0
7,aclnnCat_SliceAiCore_Slice,N/A,N/A,1790932579505724.609	,865.997,0.000000,0
7,aclnnCat_ConcatD_ConcatD,N/A,N/A,1790932579506590.626	,957.199,0.253000,0
7,aclnnMul_MulAiCore_Mul,N/A,N/A,1790932579507547.845	,947.099,0.000000,0
7,aclnnAdd_AddAiCore_Add,N/A,N/A,1790932579508494.964	,1599.612,0.151000,0
7,aclnnInplaceCopy_CastAiCore_Cast,N/A,N/A,1790932579510094.596	,788.056,0.000000,0
7,aclnnInplaceCopy_TransposeAiCore_Transpose,N/A,N/A,1790932579510882.672	,580.591,0.194000,0
7,aclnnInplaceCopy_TransposeAiCore_Transpose,N/A,N/A,1790932579511463.303	,602.312,0.000000,0
7,aclnnInplaceCopy_AsStridedAiCore_AsStrided,N/A,N/A,1790932579512065.635	,795.196,0.188000,0
7,InnerPromptFlashAttention_PromptFlashAttention_PromptFlashAttention,N/A,N/A,1790932579512861.731	,39806.936,0.804000,0
7,aclnnInplaceCopy_TransposeAiCore_Transpose,N/A,N/A,1790932579552669.647	,800.756,1.064000,0
7,aclnnAddmm_MatMulV3Common_MatMulV3,N/A,N/A,1790932579553470.423	,1181.503,0.000000,0
7,aclnnAdd_AddAiCore_Add,N/A,N/A,1790932579554651.946	,819.697,0.000000,0
7,aclnnInplaceCopy_CastAiCore_Cast,N/A,N/A,1790932579555471.663	,683.073,0.053000,0
7,aclnnMean_ReduceMeanAiCore_ReduceMean,N/A,N/A,1790932579556156.096	,621.453,1.177000,0
7,aclnnSub_SubAiCore_Sub,N/A,N/A,1790932579556778.509	,905.038,1.047000,0
7,aclnnPowTensorScalar_PowsAiCore_Pows,N/A,N/A,1790932579557683.567	,988.320,0.000000,0
7,aclnnMean_ReduceMeanAiCore_ReduceMean,N/A,N/A,1790932579558672.907	,598.732,1.180000,0
7,aclnnAdds_AddAiCore_Add,N/A,N/A,1790932579559272.879	,7.020,1.268000,0
7,aclnnRsqrt_RsqrtAiCore_Rsqrt,N/A,N/A,1790932579559279.919	,8.380,0.000000,0
7,aclnnMul_MulAiCore_Mul,N/A,N/A,1790932579559288.319	,795.416,0.000000,0
7,aclnnInplaceCopy_CastAiCore_Cast,N/A,N/A,1790932579560083.755	,885.777,0.084000,0
7,aclnnMul_MulAiCore_Mul,N/A,N/A,1790932579560969.552	,429.609,0.000000,0
7,aclnnAdd_AddAiCore_Add,N/A,N/A,1790932579561399.201	,432.329,0.141000,0
7,aclnnAddmm_MatMulV3Common_MatMulV3,N/A,N/A,1790932579561831.570	,4076.181,0.000000,0
7,aclnnGeluV2_GeluV2_GeluV2,N/A,N/A,1790932579565907.771	,2288.146,0.069000,0
7,aclnnAddmm_MatMulV3Common_MatMulV3,N/A,N/A,1790932579568196.077	,4370.067,0.104000,0
7,aclnnAdd_AddAiCore_Add,N/A,N/A,1790932579572566.184	,778.976,0.183000,0
7,aclnnInplaceCopy_CastAiCore_Cast,N/A,N/A,1790932579573345.200	,682.693,0.024000,0
7,aclnnMean_ReduceMeanAiCore_ReduceMean,N/A,N/A,1790932579574029.193	,622.393,1.307000,0
7,aclnnSub_SubAiCore_Sub,N/A,N/A,1790932579574652.366	,905.598,0.607000,0
7,aclnnPowTensorScalar_PowsAiCore_Pows,N/A,N/A,1790932579575557.984	,984.920,0.152000,0
7,aclnnMean_ReduceMeanAiCore_ReduceMean,N/A,N/A,1790932579576543.944	,599.472,1.080000,0
7,aclnnAdds_AddAiCore_Add,N/A,N/A,1790932579577144.396	,6.740,1.028000,0
7,aclnnRsqrt_RsqrtAiCore_Rsqrt,N/A,N/A,1790932579577151.156	,8.500,0.010000,0
7,aclnnMul_MulAiCore_Mul,N/A,N/A,1790932579577159.676	,792.876,0.000000,0
7,aclnnInplaceCopy_CastAiCore_Cast,N/A,N/A,1790932579577952.572	,883.997,0.000000,0
7,aclnnMul_MulAiCore_Mul,N/A,N/A,1790932579578836.589	,431.969,0.003000,0
7,aclnnAdd_AddAiCore_Add,N/A,N/A,1790932579579268.578	,431.989,0.031000,0
7,aclnnAddmm_MatMulV3Common_MatMulV3,N/A,N/A,1790932579579700.587	,3122.482,0.011000,0
7,aclnnInplaceCopy_SliceAiCore_Slice,N/A,N/A,1790932579582823.089	,550.591,0.018000,0
7,aclnnInplaceCopy_CastAiCore_Cast,N/A,N/A,1790932579583373.700	,708.574,0.159000,0
7,aclnnMul_MulAiCore_Mul,N/A,N/A,1790932579584082.294	,940.879,0.000000,0
7,aclnnInplaceCopy_SliceAiCore_Slice,N/A,N/A,1790932579585023.193	,521.050,0.121000,0
7,aclnnInplaceCopy_CastAiCore_Cast,N/A,N/A,1790932579585544.263	,703.795,0.000000,0
7,aclnnNeg_SliceAiCore_Slice,N/A,N/A,1790932579586248.078	,895.317,0.000000,0
7,aclnnNeg_NegAiCore_Neg,N/A,N/A,1790932579587143.415	,471.750,0.183000,0
7,aclnnCat_SliceAiCore_Slice,N/A,N/A,1790932579587615.205	,869.017,0.000000,0
7,aclnnCat_ConcatD_ConcatD,N/A,N/A,1790932579588484.242	,964.699,0.000000,0
7,aclnnMul_MulAiCore_Mul,N/A,N/A,1790932579589448.961	,943.579,0.051000,0
7,aclnnAdd_AddAiCore_Add,N/A,N/A,1790932579590392.560	,1599.972,0.000000,0
7,aclnnInplaceCopy_CastAiCore_Cast,N/A,N/A,1790932579591992.552	,788.576,0.028000,0
7,aclnnInplaceCopy_SliceAiCore_Slice,N/A,N/A,1790932579592781.168	,497.710,0.174000,0
7,aclnnInplaceCopy_CastAiCore_Cast,N/A,N/A,1790932579593278.898	,706.214,0.040000,0
7,aclnnMul_MulAiCore_Mul,N/A,N/A,1790932579593985.132	,934.479,0.036000,0
7,aclnnInplaceCopy_SliceAiCore_Slice,N/A,N/A,1790932579594919.651	,522.590,0.021000,0
7,aclnnInplaceCopy_CastAiCore_Cast,N/A,N/A,1790932579595442.261	,704.054,0.000000,0
7,aclnnNeg_SliceAiCore_Slice,N/A,N/A,1790932579596146.335	,892.118,0.000000,0
7,aclnnNeg_NegAiCore_Neg,N/A,N/A,1790932579597038.493	,475.710,0.132000,0
7,aclnnCat_SliceAiCore_Slice,N/A,N/A,1790932579597514.223	,864.017,0.040000,0
7,aclnnCat_ConcatD_ConcatD,N/A,N/A,1790932579598378.260	,955.559,0.000000,0
7,aclnnMul_MulAiCore_Mul,N/A,N/A,1790932579599333.839	,948.839,0.000000,0
7,aclnnAdd_AddAiCore_Add,N/A,N/A,1790932579600282.698	,1597.692,0.161000,0
7,aclnnInplaceCopy_CastAiCore_Cast,N/A,N/A,1790932579601880.410	,789.376,0.058000,0
7,aclnnInplaceCopy_TransposeAiCore_Transpose,N/A,N/A,1790932579602669.826	,565.251,0.000000,0
7,aclnnInplaceCopy_TransposeAiCore_Transpose,N/A,N/A,1790932579603235.117	,591.772,0.000000,0
7,aclnnInplaceCopy_AsStridedAiCore_AsStrided,N/A,N/A,1790932579603826.909	,799.696,0.228000,0
7,InnerPromptFlashAttention_PromptFlashAttention_PromptFlashAttention,N/A,N/A,1790932579604627.845	,39712.453,1.054000,0
7,aclnnInplaceCopy_TransposeAiCore_Transpose,N/A,N/A,1790932579644341.618	,789.816,1.297000,0
7,aclnnAddmm_MatMulV3Common_MatMulV3,N/A,N/A,1790932579645131.454	,1171.043,0.184000,0
7,aclnnAdd_AddAiCore_Add,N/A,N/A,1790932579646302.537	,818.797,0.000000,0
7,aclnnInplaceCopy_CastAiCore_Cast,N/A,N/A,1790932579647121.354	,681.793,0.000000,0
7,aclnnMean_ReduceMeanAiCore_ReduceMean,N/A,N/A,1790932579647804.407	,623.013,1.457000,0
7,aclnnSub_SubAiCore_Sub,N/A,N/A,1790932579648428.180	,911.418,0.737000,0
7,aclnnPowTensorScalar_PowsAiCore_Pows,N/A,N/A,1790932579649339.618	,992.160,0.000000,0
7,aclnnMean_ReduceMeanAiCore_ReduceMean,N/A,N/A,1790932579650333.098	,597.812,1.340000,0
7,aclnnAdds_AddAiCore_Add,N/A,N/A,1790932579650931.750	,6.720,0.938000,0
7,aclnnRsqrt_RsqrtAiCore_Rsqrt,N/A,N/A,1790932579650938.490	,8.240,0.030000,0
7,aclnnMul_MulAiCore_Mul,N/A,N/A,1790932579650946.770	,793.476,0.010000,0
7,aclnnInplaceCopy_CastAiCore_Cast,N/A,N/A,1790932579651740.266	,888.738,0.024000,0
7,aclnnMul_MulAiCore_Mul,N/A,N/A,1790932579652629.044	,428.608,0.012000,0
7,aclnnAdd_AddAiCore_Add,N/A,N/A,1790932579653057.672	,429.689,0.142000,0
7,aclnnAddmm_MatMulV3Common_MatMulV3,N/A,N/A,1790932579653487.381	,4064.961,0.061000,0
7,aclnnGeluV2_GeluV2_GeluV2,N/A,N/A,1790932579657552.362	,2291.426,0.000000,0
7,aclnnAddmm_MatMulV3Common_MatMulV3,N/A,N/A,1790932579659843.948	,4349.567,0.324000,0
7,aclnnAdd_AddAiCore_Add,N/A,N/A,1790932579664193.535	,779.575,0.000000,0
7,aclnnInplaceCopy_CastAiCore_Cast,N/A,N/A,1790932579664973.130	,683.274,0.175000,0
7,aclnnMean_ReduceMeanAiCore_ReduceMean,N/A,N/A,1790932579665657.704	,622.233,1.226000,0
7,aclnnSub_SubAiCore_Sub,N/A,N/A,1790932579666280.777	,908.558,0.767000,0
7,aclnnPowTensorScalar_PowsAiCore_Pows,N/A,N/A,1790932579667189.355	,984.739,0.000000,0
7,aclnnMean_ReduceMeanAiCore_ReduceMean,N/A,N/A,1790932579668175.374	,601.232,1.261000,0
7,aclnnAdds_AddAiCore_Add,N/A,N/A,1790932579668777.666	,6.981,1.268000,0
7,aclnnRsqrt_RsqrtAiCore_Rsqrt,N/A,N/A,1790932579668784.687	,8.260,0.019000,0
7,aclnnMul_MulAiCore_Mul,N/A,N/A,1790932579668792.967	,799.216,0.000000,0
7,aclnnInplaceCopy_CastAiCore_Cast,N/A,N/A,1790932579669592.223	,885.737,0.034000,0
7,aclnnMul_MulAiCore_Mul,N/A,N/A,1790932579670477.980	,432.729,0.013000,0
7,aclnnAdd_AddAiCore_Add,N/A,N/A,1790932579670910.729	,430.669,0.021000,0
7,aclnnAddmm_MatMulV3Common_MatMulV3,N/A,N/A,1790932579671341.438	,3114.102,0.081000,0
7,aclnnInplaceCopy_SliceAiCore_Slice,N/A,N/A,1790932579674455.560	,553.211,0.000000,0
7,aclnnInplaceCopy_CastAiCore_Cast,N/A,N/A,1790932579675008.791	,707.774,0.039000,0
7,aclnnMul_MulAiCore_Mul,N/A,N/A,1790932579675716.585	,941.499,0.000000,0
7,aclnnInplaceCopy_SliceAiCore_Slice,N/A,N/A,1790932579676658.104	,520.950,0.001000,0
7,aclnnInplaceCopy_CastAiCore_Cast,N/A,N/A,1790932579677179.074	,704.814,0.050000,0
7,aclnnNeg_SliceAiCore_Slice,N/A,N/A,1790932579677883.908	,892.598,0.186000,0
7,aclnnNeg_NegAiCore_Neg,N/A,N/A,1790932579678776.546	,474.370,0.000000,0
7,aclnnCat_SliceAiCore_Slice,N/A,N/A,1790932579679250.936	,867.437,0.130000,0
7,aclnnCat_ConcatD_ConcatD,N/A,N/A,1790932579680118.393	,965.239,0.063000,0
7,aclnnMul_MulAiCore_Mul,N/A,N/A,1790932579681083.652	,947.759,0.011000,0
7,aclnnAdd_AddAiCore_Add,N/A,N/A,1790932579682031.431	,1599.852,0.000000,0
7,aclnnInplaceCopy_CastAiCore_Cast,N/A,N/A,1790932579683631.323	,787.156,0.000000,0
7,aclnnInplaceCopy_SliceAiCore_Slice,N/A,N/A,1790932579684418.499	,494.890,0.094000,0
7,aclnnInplaceCopy_CastAiCore_Cast,N/A,N/A,1790932579684913.429	,708.054,0.110000,0
7,aclnnMul_MulAiCore_Mul,N/A,N/A,1790932579685621.503	,934.999,0.000000,0
7,aclnnInplaceCopy_SliceAiCore_Slice,N/A,N/A,1790932579686556.522	,524.530,0.001000,0
7,aclnnInplaceCopy_CastAiCore_Cast,N/A,N/A,1790932579687081.072	,706.094,0.000000,0
7,aclnnNeg_SliceAiCore_Slice,N/A,N/A,1790932579687787.186	,890.338,0.156000,0
7,aclnnNeg_NegAiCore_Neg,N/A,N/A,1790932579688677.544	,474.370,0.000000,0
7,aclnnCat_SliceAiCore_Slice,N/A,N/A,1790932579689151.934	,863.797,0.130000,0
7,aclnnCat_ConcatD_ConcatD,N/A,N/A,1790932579690015.751	,960.319,0.000000,0
7,aclnnMul_MulAiCore_Mul,N/A,N/A,1790932579690976.110	,950.839,0.000000,0
7,aclnnAdd_AddAiCore_Add,N/A,N/A,1790932579691926.969	,1602.632,0.161000,0
7,aclnnInplaceCopy_CastAiCore_Cast,N/A,N/A,1790932579693529.621	,789.936,0.000000,0
7,aclnnInplaceCopy_TransposeAiCore_Transpose,N/A,N/A,1790932579694319.577	,573.071,0.064000,0
7,aclnnInplaceCopy_TransposeAiCore_Transpose,N/A,N/A,1790932579694892.668	,601.592,0.179000,0
7,aclnnInplaceCopy_AsStridedAiCore_AsStrided,N/A,N/A,1790932579695494.280	,794.756,0.000000,0
7,InnerPromptFlashAttention_PromptFlashAttention_PromptFlashAttention,N/A,N/A,1790932579696290.036	,39795.295,0.994000,0
7,aclnnInplaceCopy_TransposeAiCore_Transpose,N/A,N/A,1790932579736086.431	,785.996,1.205000,0
7,aclnnAddmm_MatMulV3Common_MatMulV3,N/A,N/A,1790932579736872.447	,1164.503,0.004000,0
7,aclnnAdd_AddAiCore_Add,N/A,N/A,1790932579738036.970	,818.037,0.000000,0
7,aclnnInplaceCopy_CastAiCore_Cast,N/A,N/A,1790932579738855.027	,682.033,0.000000,0
7,aclnnMean_ReduceMeanAiCore_ReduceMean,N/A,N/A,1790932579739538.300	,623.233,1.217000,0
7,aclnnSub_SubAiCore_Sub,N/A,N/A,1790932579740162.473	,906.798,1.017000,0
7,aclnnPowTensorScalar_PowsAiCore_Pows,N/A,N/A,1790932579741069.291	,987.660,0.000000,0
7,aclnnMean_ReduceMeanAiCore_ReduceMean,N/A,N/A,1790932579742058.251	,600.612,1.340000,0
7,aclnnAdds_AddAiCore_Add,N/A,N/A,1790932579742659.523	,6.720,0.638000,0
7,aclnnRsqrt_RsqrtAiCore_Rsqrt,N/A,N/A,1790932579742666.263	,8.340,0.030000,0
7,aclnnMul_MulAiCore_Mul,N/A,N/A,1790932579742674.623	,793.256,0.000000,0
7,aclnnInplaceCopy_CastAiCore_Cast,N/A,N/A,1790932579743467.899	,888.618,0.244000,0
7,aclnnMul_MulAiCore_Mul,N/A,N/A,1790932579744356.537	,433.668,0.000000,0
7,aclnnAdd_AddAiCore_Add,N/A,N/A,1790932579744790.225	,431.729,0.082000,0
7,aclnnAddmm_MatMulV3Common_MatMulV3,N/A,N/A,1790932579745221.974	,4062.561,0.021000,0
7,aclnnGeluV2_GeluV2_GeluV2,N/A,N/A,1790932579749284.555	,2290.986,0.000000,0
7,aclnnAddmm_MatMulV3Common_MatMulV3,N/A,N/A,1790932579751575.701	,4350.407,0.264000,0
7,aclnnAdd_AddAiCore_Add,N/A,N/A,1790932579755926.128	,780.315,0.093000,0
7,aclnnInplaceCopy_CastAiCore_Cast,N/A,N/A,1790932579756706.463	,682.554,0.000000,0
7,aclnnMean_ReduceMeanAiCore_ReduceMean,N/A,N/A,1790932579757390.237	,622.372,1.196000,0
7,aclnnSub_SubAiCore_Sub,N/A,N/A,1790932579758013.289	,909.279,0.628000,0
7,aclnnPowTensorScalar_PowsAiCore_Pows,N/A,N/A,1790932579758922.588	,985.179,0.000000,0
7,aclnnMean_ReduceMeanAiCore_ReduceMean,N/A,N/A,1790932579759908.867	,600.352,1.071000,0
7,aclnnAdds_AddAiCore_Add,N/A,N/A,1790932579760510.119	,6.720,0.898000,0
7,aclnnRsqrt_RsqrtAiCore_Rsqrt,N/A,N/A,1790932579760516.859	,8.221,0.030000,0
7,aclnnMul_MulAiCore_Mul,N/A,N/A,1790932579760525.100	,806.516,0.029000,0
7,aclnnInplaceCopy_CastAiCore_Cast,N/A,N/A,1790932579761331.636	,887.017,0.234000,0
7,aclnnMul_MulAiCore_Mul,N/A,N/A,1790932579762218.673	,432.329,0.000000,0
7,aclnnAdd_AddAiCore_Add,N/A,N/A,1790932579762651.022	,432.629,0.000000,0
7,aclnnAddmm_MatMulV3Common_MatMulV3,N/A,N/A,1790932579763083.691	,3139.782,0.121000,0
7,aclnnInplaceCopy_SliceAiCore_Slice,N/A,N/A,1790932579766223.513	,551.891,0.000000,0
7,aclnnInplaceCopy_CastAiCore_Cast,N/A,N/A,1790932579766775.424	,706.735,0.109000,0
7,aclnnMul_MulAiCore_Mul,N/A,N/A,1790932579767482.179	,943.238,0.015000,0
7,aclnnInplaceCopy_SliceAiCore_Slice,N/A,N/A,1790932579768425.437	,522.251,0.012000,0
7,aclnnInplaceCopy_CastAiCore_Cast,N/A,N/A,1790932579768947.728	,705.474,0.000000,0
7,aclnnNeg_SliceAiCore_Slice,N/A,N/A,1790932579769653.222	,894.618,0.026000,0
7,aclnnNeg_NegAiCore_Neg,N/A,N/A,1790932579770547.860	,471.729,0.000000,0
7,aclnnCat_SliceAiCore_Slice,N/A,N/A,1790932579771019.609	,869.778,0.021000,0
7,aclnnCat_ConcatD_ConcatD,N/A,N/A,1790932579771889.407	,965.799,0.222000,0
7,aclnnMul_MulAiCore_Mul,N/A,N/A,1790932579772855.226	,951.159,0.000000,0
7,aclnnAdd_AddAiCore_Add,N/A,N/A,1790932579773806.425	,1600.932,0.091000,0
7,aclnnInplaceCopy_CastAiCore_Cast,N/A,N/A,1790932579775407.377	,788.336,0.068000,0
7,aclnnInplaceCopy_SliceAiCore_Slice,N/A,N/A,1790932579776195.733	,500.050,0.000000,0
7,aclnnInplaceCopy_CastAiCore_Cast,N/A,N/A,1790932579776695.803	,707.414,0.000000,0
7,aclnnMul_MulAiCore_Mul,N/A,N/A,1790932579777403.237	,934.878,0.086000,0
7,aclnnInplaceCopy_SliceAiCore_Slice,N/A,N/A,1790932579778338.135	,523.531,0.122000,0
7,aclnnInplaceCopy_CastAiCore_Cast,N/A,N/A,1790932579778861.686	,703.914,0.000000,0
7,aclnnNeg_SliceAiCore_Slice,N/A,N/A,1790932579779565.620	,891.358,0.000000,0
7,aclnnNeg_NegAiCore_Neg,N/A,N/A,1790932579780456.998	,476.909,0.142000,0
7,aclnnCat_SliceAiCore_Slice,N/A,N/A,1790932579780933.927	,865.658,0.091000,0
7,aclnnCat_ConcatD_ConcatD,N/A,N/A,1790932579781799.605	,957.599,0.000000,0
7,aclnnMul_MulAiCore_Mul,N/A,N/A,1790932579782757.244	,949.939,0.151000,0
7,aclnnAdd_AddAiCore_Add,N/A,N/A,1790932579783707.203	,1600.052,0.061000,0
7,aclnnInplaceCopy_CastAiCore_Cast,N/A,N/A,1790932579785307.295	,791.096,0.000000,0
7,aclnnInplaceCopy_TransposeAiCore_Transpose,N/A,N/A,1790932579786098.411	,563.891,0.154000,0
7,aclnnInplaceCopy_TransposeAiCore_Transpose,N/A,N/A,1790932579786662.342	,591.132,0.000000,0
7,aclnnInplaceCopy_AsStridedAiCore_AsStrided,N/A,N/A,1790932579787253.494	,795.676,0.118000,0
7,InnerPromptFlashAttention_PromptFlashAttention_PromptFlashAttention,N/A,N/A,1790932579788050.270	,39756.234,1.074000,0
7,aclnnInplaceCopy_TransposeAiCore_Transpose,N/A,N/A,1790932579827807.604	,787.036,1.016000,0
7,aclnnAddmm_MatMulV3Common_MatMulV3,N/A,N/A,1790932579828594.660	,1168.343,0.214000,0
7,aclnnAdd_AddAiCore_Add,N/A,N/A,1790932579829763.043	,816.536,0.000000,0
7,aclnnInplaceCopy_CastAiCore_Cast,N/A,N/A,1790932579830579.599	,682.794,0.000000,0
7,aclnnMean_ReduceMeanAiCore_ReduceMean,N/A,N/A,1790932579831263.393	,622.272,1.206000,0
7,aclnnSub_SubAiCore_Sub,N/A,N/A,1790932579831886.545	,911.019,0.728000,0
7,aclnnPowTensorScalar_PowsAiCore_Pows,N/A,N/A,1790932579832797.604	,992.059,0.000000,0
7,aclnnMean_ReduceMeanAiCore_ReduceMean,N/A,N/A,1790932579833790.583	,598.692,0.941000,0
7,aclnnAdds_AddAiCore_Add,N/A,N/A,1790932579834389.935	,6.721,0.808000,0
7,aclnnRsqrt_RsqrtAiCore_Rsqrt,N/A,N/A,1790932579834396.676	,8.380,0.029000,0
7,aclnnMul_MulAiCore_Mul,N/A,N/A,1790932579834405.076	,794.676,0.000000,0
7,aclnnInplaceCopy_CastAiCore_Cast,N/A,N/A,1790932579835199.772	,888.337,0.074000,0
7,aclnnMul_MulAiCore_Mul,N/A,N/A,1790932579836088.129	,428.989,0.163000,0
7,aclnnAdd_AddAiCore_Add,N/A,N/A,1790932579836517.138	,430.548,0.011000,0
7,aclnnAddmm_MatMulV3Common_MatMulV3,N/A,N/A,1790932579836947.706	,4057.222,0.000000,0
7,aclnnGeluV2_GeluV2_GeluV2,N/A,N/A,1790932579841004.948	,2289.765,0.028000,0
7,aclnnAddmm_MatMulV3Common_MatMulV3,N/A,N/A,1790932579843294.733	,4356.267,0.000000,0
7,aclnnAdd_AddAiCore_Add,N/A,N/A,1790932579847651.020	,779.496,0.000000,0
7,aclnnInplaceCopy_CastAiCore_Cast,N/A,N/A,1790932579848430.536	,685.214,0.004000,0
7,aclnnMean_ReduceMeanAiCore_ReduceMean,N/A,N/A,1790932579849116.930	,619.072,1.286000,0
7,aclnnSub_SubAiCore_Sub,N/A,N/A,1790932579849736.982	,906.358,0.928000,0
7,aclnnPowTensorScalar_PowsAiCore_Pows,N/A,N/A,1790932579850643.380	,988.200,0.142000,0
7,aclnnMean_ReduceMeanAiCore_ReduceMean,N/A,N/A,1790932579851632.720	,598.232,1.050000,0
7,aclnnAdds_AddAiCore_Add,N/A,N/A,1790932579852231.932	,6.800,1.018000,0
7,aclnnRsqrt_RsqrtAiCore_Rsqrt,N/A,N/A,1790932579852238.752	,8.380,0.000000,0
7,aclnnMul_MulAiCore_Mul,N/A,N/A,1790932579852247.152	,796.376,0.120000,0
7,aclnnInplaceCopy_CastAiCore_Cast,N/A,N/A,1790932579853043.548	,888.618,0.000000,0
7,aclnnMul_MulAiCore_Mul,N/A,N/A,1790932579853932.186	,431.608,0.132000,0
7,aclnnAdd_AddAiCore_Add,N/A,N/A,1790932579854363.814	,431.189,0.000000,0
7,aclnnAddmm_MatMulV3Common_MatMulV3,N/A,N/A,1790932579854795.023	,3140.703,0.061000,0
7,aclnnInplaceCopy_SliceAiCore_Slice,N/A,N/A,1790932579857935.746	,552.671,0.047000,0
7,aclnnInplaceCopy_CastAiCore_Cast,N/A,N/A,1790932579858488.437	,707.934,0.079000,0
7,aclnnMul_MulAiCore_Mul,N/A,N/A,1790932579859196.391	,940.199,0.066000,0
7,aclnnInplaceCopy_SliceAiCore_Slice,N/A,N/A,1790932579860136.630	,519.530,0.051000,0
7,aclnnInplaceCopy_CastAiCore_Cast,N/A,N/A,1790932579860656.200	,703.394,0.000000,0
7,aclnnNeg_SliceAiCore_Slice,N/A,N/A,1790932579861359.614	,895.218,0.000000,0
7,aclnnNeg_NegAiCore_Neg,N/A,N/A,1790932579862254.852	,473.390,0.032000,0
7,aclnnCat_SliceAiCore_Slice,N/A,N/A,1790932579862728.262	,866.917,0.110000,0
7,aclnnCat_ConcatD_ConcatD,N/A,N/A,1790932579863595.219	,962.459,0.083000,0
7,aclnnMul_MulAiCore_Mul,N/A,N/A,1790932579864557.698	,945.679,0.041000,0
7,aclnnAdd_AddAiCore_Add,N/A,N/A,1790932579865503.397	,1599.952,0.071000,0
7,aclnnInplaceCopy_CastAiCore_Cast,N/A,N/A,1790932579867103.369	,787.256,0.000000,0
7,aclnnInplaceCopy_SliceAiCore_Slice,N/A,N/A,1790932579867890.665	,494.990,0.244000,0
7,aclnnInplaceCopy_CastAiCore_Cast,N/A,N/A,1790932579868385.675	,707.254,0.010000,0
7,aclnnMul_MulAiCore_Mul,N/A,N/A,1790932579869092.949	,935.758,0.000000,0
7,aclnnInplaceCopy_SliceAiCore_Slice,N/A,N/A,1790932579870028.727	,523.991,0.000000,0
7,aclnnInplaceCopy_CastAiCore_Cast,N/A,N/A,1790932579870552.738	,705.914,0.009000,0
7,aclnnNeg_SliceAiCore_Slice,N/A,N/A,1790932579871258.672	,892.698,0.086000,0
7,aclnnNeg_NegAiCore_Neg,N/A,N/A,1790932579872151.390	,474.909,0.052000,0
7,aclnnCat_SliceAiCore_Slice,N/A,N/A,1790932579872626.319	,865.978,0.000000,0
7,aclnnCat_ConcatD_ConcatD,N/A,N/A,1790932579873492.337	,958.819,0.022000,0
7,aclnnMul_MulAiCore_Mul,N/A,N/A,1790932579874451.196	,951.699,0.181000,0
7,aclnnAdd_AddAiCore_Add,N/A,N/A,1790932579875402.915	,1600.052,0.051000,0
7,aclnnInplaceCopy_CastAiCore_Cast,N/A,N/A,1790932579877002.987	,789.796,0.000000,0
7,aclnnInplaceCopy_TransposeAiCore_Transpose,N/A,N/A,1790932579877792.803	,569.591,0.000000,0
7,aclnnInplaceCopy_TransposeAiCore_Transpose,N/A,N/A,1790932579878362.414	,599.372,0.159000,0
7,aclnnInplaceCopy_AsStridedAiCore_AsStrided,N/A,N/A,1790932579878961.806	,796.816,0.000000,0
7,InnerPromptFlashAttention_PromptFlashAttention_PromptFlashAttention,N/A,N/A,1790932579879759.602	,39777.655,0.934000,0
7,aclnnInplaceCopy_TransposeAiCore_Transpose,N/A,N/A,1790932579919538.117	,811.756,0.845000,0
7,aclnnAddmm_MatMulV3Common_MatMulV3,N/A,N/A,1790932579920349.913	,1163.523,0.244000,0
7,aclnnAdd_AddAiCore_Add,N/A,N/A,1790932579921513.456	,822.437,0.000000,0
7,aclnnInplaceCopy_CastAiCore_Cast,N/A,N/A,1790932579922335.913	,683.033,0.063000,0
7,aclnnMean_ReduceMeanAiCore_ReduceMean,N/A,N/A,1790932579923020.026	,623.633,0.967000,0
7,aclnnSub_SubAiCore_Sub,N/A,N/A,1790932579923644.419	,907.198,0.867000,0
7,aclnnPowTensorScalar_PowsAiCore_Pows,N/A,N/A,1790932579924551.637	,991.300,0.052000,0
7,aclnnMean_ReduceMeanAiCore_ReduceMean,N/A,N/A,1790932579925544.117	,597.032,0.950000,0
7,aclnnAdds_AddAiCore_Add,N/A,N/A,1790932579926142.189	,6.680,1.218000,0
7,aclnnRsqrt_RsqrtAiCore_Rsqrt,N/A,N/A,1790932579926148.909	,8.240,0.070000,0
7,aclnnMul_MulAiCore_Mul,N/A,N/A,1790932579926157.169	,793.516,0.010000,0
7,aclnnInplaceCopy_CastAiCore_Cast,N/A,N/A,1790932579926950.705	,889.638,0.000000,0
7,aclnnMul_MulAiCore_Mul,N/A,N/A,1790932579927840.383	,429.728,0.112000,0
7,aclnnAdd_AddAiCore_Add,N/A,N/A,1790932579928270.151	,431.089,0.022000,0
7,aclnnAddmm_MatMulV3Common_MatMulV3,N/A,N/A,1790932579928701.260	,4088.201,0.000000,0
7,aclnnGeluV2_GeluV2_GeluV2,N/A,N/A,1790932579932789.481	,2301.886,0.049000,0
7,aclnnAddmm_MatMulV3Common_MatMulV3,N/A,N/A,1790932579935091.387	,4354.547,0.114000,0
7,aclnnAdd_AddAiCore_Add,N/A,N/A,1790932579939445.954	,777.536,0.000000,0
7,aclnnInplaceCopy_CastAiCore_Cast,N/A,N/A,1790932579940223.510	,683.014,0.000000,0
7,aclnnMean_ReduceMeanAiCore_ReduceMean,N/A,N/A,1790932579940907.944	,622.212,1.486000,0
7,aclnnSub_SubAiCore_Sub,N/A,N/A,1790932579941531.136	,912.338,1.038000,0
7,aclnnPowTensorScalar_PowsAiCore_Pows,N/A,N/A,1790932579942443.494	,987.240,0.000000,0
7,aclnnMean_ReduceMeanAiCore_ReduceMean,N/A,N/A,1790932579943431.974	,601.012,1.260000,0
7,aclnnAdds_AddAiCore_Add,N/A,N/A,1790932579944034.226	,6.720,1.238000,0
7,aclnnRsqrt_RsqrtAiCore_Rsqrt,N/A,N/A,1790932579944040.966	,9.760,0.030000,0
7,aclnnMul_MulAiCore_Mul,N/A,N/A,1790932579944050.746	,798.376,0.000000,0
7,aclnnInplaceCopy_CastAiCore_Cast,N/A,N/A,1790932579944849.142	,887.398,0.124000,0
7,aclnnMul_MulAiCore_Mul,N/A,N/A,1790932579945736.560	,431.469,0.000000,0
7,aclnnAdd_AddAiCore_Add,N/A,N/A,1790932579946168.049	,431.048,0.031000,0
7,aclnnAddmm_MatMulV3Common_MatMulV3,N/A,N/A,1790932579946599.117	,3146.323,0.000000,0
7,aclnnInplaceCopy_SliceAiCore_Slice,N/A,N/A,1790932579949745.460	,552.091,0.177000,0
7,aclnnInplaceCopy_CastAiCore_Cast,N/A,N/A,1790932579950297.571	,707.414,0.000000,0
7,aclnnMul_MulAiCore_Mul,N/A,N/A,1790932579951005.005	,942.219,0.086000,0
7,aclnnInplaceCopy_SliceAiCore_Slice,N/A,N/A,1790932579951947.244	,520.731,0.031000,0
7,aclnnInplaceCopy_CastAiCore_Cast,N/A,N/A,1790932579952467.995	,703.254,0.019000,0
7,aclnnNeg_SliceAiCore_Slice,N/A,N/A,1790932579953171.289	,895.698,0.000000,0
7,aclnnNeg_NegAiCore_Neg,N/A,N/A,1790932579954067.007	,471.649,0.052000,0
7,aclnnCat_SliceAiCore_Slice,N/A,N/A,1790932579954538.676	,869.097,0.101000,0
7,aclnnCat_ConcatD_ConcatD,N/A,N/A,1790932579955407.793	,964.960,0.000000,0
7,aclnnMul_MulAiCore_Mul,N/A,N/A,1790932579956372.793	,945.438,0.040000,0
7,aclnnAdd_AddAiCore_Add,N/A,N/A,1790932579957318.251	,1601.412,0.062000,0
7,aclnnInplaceCopy_CastAiCore_Cast,N/A,N/A,1790932579958919.683	,787.196,0.088000,0
7,aclnnInplaceCopy_SliceAiCore_Slice,N/A,N/A,1790932579959706.899	,499.510,0.054000,0
7,aclnnInplaceCopy_CastAiCore_Cast,N/A,N/A,1790932579960206.429	,707.814,0.000000,0
7,aclnnMul_MulAiCore_Mul,N/A,N/A,1790932579960914.263	,935.779,0.000000,0
7,aclnnInplaceCopy_SliceAiCore_Slice,N/A,N/A,1790932579961850.062	,524.211,0.000000,0
7,aclnnInplaceCopy_CastAiCore_Cast,N/A,N/A,1790932579962374.293	,705.134,0.039000,0
7,aclnnNeg_SliceAiCore_Slice,N/A,N/A,1790932579963079.447	,893.097,0.116000,0
7,aclnnNeg_NegAiCore_Neg,N/A,N/A,1790932579963972.564	,474.830,0.000000,0
7,aclnnCat_SliceAiCore_Slice,N/A,N/A,1790932579964447.414	,866.197,0.170000,0
7,aclnnCat_ConcatD_ConcatD,N/A,N/A,1790932579965313.651	,957.259,0.053000,0
7,aclnnMul_MulAiCore_Mul,N/A,N/A,1790932579966270.950	,946.359,0.000000,0
7,aclnnAdd_AddAiCore_Add,N/A,N/A,1790932579967217.349	,1600.072,0.000000,0
7,aclnnInplaceCopy_CastAiCore_Cast,N/A,N/A,1790932579968817.441	,790.336,0.178000,0
7,aclnnInplaceCopy_TransposeAiCore_Transpose,N/A,N/A,1790932579969607.797	,567.211,0.000000,0
7,aclnnInplaceCopy_TransposeAiCore_Transpose,N/A,N/A,1790932579970175.048	,590.752,0.039000,0
7,aclnnInplaceCopy_AsStridedAiCore_AsStrided,N/A,N/A,1790932579970765.820	,800.576,0.000000,0
7,InnerPromptFlashAttention_PromptFlashAttention_PromptFlashAttention,N/A,N/A,1790932579971567.596	,39701.653,1.174000,0
7,aclnnInplaceCopy_TransposeAiCore_Transpose,N/A,N/A,1790932580011270.169	,796.336,1.097000,0
7,aclnnAddmm_MatMulV3Common_MatMulV3,N/A,N/A,1790932580012066.525	,1168.304,0.000000,0
7,aclnnAdd_AddAiCore_Add,N/A,N/A,1790932580013234.849	,819.316,0.000000,0
7,aclnnInplaceCopy_CastAiCore_Cast,N/A,N/A,1790932580014054.185	,680.654,0.184000,0
7,aclnnMean_ReduceMeanAiCore_ReduceMean,N/A,N/A,1790932580014735.919	,620.072,1.096000,0
7,aclnnSub_SubAiCore_Sub,N/A,N/A,1790932580015357.071	,909.638,0.928000,0
7,aclnnPowTensorScalar_PowsAiCore_Pows,N/A,N/A,1790932580016266.729	,990.480,0.112000,0
7,aclnnMean_ReduceMeanAiCore_ReduceMean,N/A,N/A,1790932580017258.169	,596.112,1.020000,0
7,aclnnAdds_AddAiCore_Add,N/A,N/A,1790932580017855.041	,7.120,0.638000,0
7,aclnnRsqrt_RsqrtAiCore_Rsqrt,N/A,N/A,1790932580017862.181	,8.300,0.130000,0
7,aclnnMul_MulAiCore_Mul,N/A,N/A,1790932580017870.501	,796.356,0.000000,0
7,aclnnInplaceCopy_CastAiCore_Cast,N/A,N/A,1790932580018666.877	,890.238,0.144000,0
7,aclnnMul_MulAiCore_Mul,N/A,N/A,1790932580019557.135	,430.669,0.012000,0
7,aclnnAdd_AddAiCore_Add,N/A,N/A,1790932580019987.824	,428.068,0.000000,0
7,aclnnAddmm_MatMulV3Common_MatMulV3,N/A,N/A,1790932580020415.912	,4075.442,0.182000,0
7,aclnnGeluV2_GeluV2_GeluV2,N/A,N/A,1790932580024491.374	,2307.486,0.000000,0
7,aclnnAddmm_MatMulV3Common_MatMulV3,N/A,N/A,1790932580026799.020	,4358.027,0.264000,0
7,aclnnAdd_AddAiCore_Add,N/A,N/A,1790932580031157.067	,777.295,0.000000,0
7,aclnnInplaceCopy_CastAiCore_Cast,N/A,N/A,1790932580031934.382	,682.614,0.205000,0
7,aclnnMean_ReduceMeanAiCore_ReduceMean,N/A,N/A,1790932580032618.096	,622.572,0.886000,0
7,aclnnSub_SubAiCore_Sub,N/A,N/A,1790932580033241.628	,910.059,1.178000,0
7,aclnnPowTensorScalar_PowsAiCore_Pows,N/A,N/A,1790932580034151.707	,988.199,0.000000,0
7,aclnnMean_ReduceMeanAiCore_ReduceMean,N/A,N/A,1790932580035141.326	,597.212,1.301000,0
7,aclnnAdds_AddAiCore_Add,N/A,N/A,1790932580035739.398	,6.700,1.038000,0
7,aclnnRsqrt_RsqrtAiCore_Rsqrt,N/A,N/A,1790932580035746.118	,8.221,0.000000,0
7,aclnnMul_MulAiCore_Mul,N/A,N/A,1790932580035754.379	,793.976,0.279000,0
7,aclnnInplaceCopy_CastAiCore_Cast,N/A,N/A,1790932580036548.395	,886.957,0.024000,0
7,aclnnMul_MulAiCore_Mul,N/A,N/A,1790932580037435.372	,430.129,0.000000,0
7,aclnnAdd_AddAiCore_Add,N/A,N/A,1790932580037865.521	,429.388,0.121000,0
7,aclnnAddmm_MatMulV3Common_MatMulV3,N/A,N/A,1790932580038294.929	,3097.022,0.112000,0
7,aclnnInplaceCopy_SliceAiCore_Slice,N/A,N/A,1790932580041391.971	,551.271,0.000000,0
7,aclnnInplaceCopy_CastAiCore_Cast,N/A,N/A,1790932580041943.262	,706.274,0.000000,0
7,aclnnMul_MulAiCore_Mul,N/A,N/A,1790932580042649.556	,941.659,0.000000,0
7,aclnnInplaceCopy_SliceAiCore_Slice,N/A,N/A,1790932580043591.235	,519.411,0.091000,0
7,aclnnInplaceCopy_CastAiCore_Cast,N/A,N/A,1790932580044110.666	,705.654,0.089000,0
7,aclnnNeg_SliceAiCore_Slice,N/A,N/A,1790932580044816.340	,893.878,0.000000,0
7,aclnnNeg_NegAiCore_Neg,N/A,N/A,1790932580045710.258	,470.889,0.122000,0
7,aclnnCat_SliceAiCore_Slice,N/A,N/A,1790932580046181.167	,865.537,0.111000,0
7,aclnnCat_ConcatD_ConcatD,N/A,N/A,1790932580047046.744	,964.200,0.000000,0
7,aclnnMul_MulAiCore_Mul,N/A,N/A,1790932580048010.964	,950.119,0.050000,0
7,aclnnAdd_AddAiCore_Add,N/A,N/A,1790932580048961.123	,1599.711,0.000000,0
7,aclnnInplaceCopy_CastAiCore_Cast,N/A,N/A,1790932580050560.854	,788.796,0.039000,0
7,aclnnInplaceCopy_SliceAiCore_Slice,N/A,N/A,1790932580051349.670	,496.070,0.204000,0
7,aclnnInplaceCopy_CastAiCore_Cast,N/A,N/A,1790932580051845.760	,707.594,0.000000,0
7,aclnnMul_MulAiCore_Mul,N/A,N/A,1790932580052553.374	,937.839,0.000000,0
7,aclnnInplaceCopy_SliceAiCore_Slice,N/A,N/A,1790932580053491.233	,523.670,0.161000,0
7,aclnnInplaceCopy_CastAiCore_Cast,N/A,N/A,1790932580054014.923	,705.575,0.080000,0
7,aclnnNeg_SliceAiCore_Slice,N/A,N/A,1790932580054720.518	,892.157,0.000000,0
7,aclnnNeg_NegAiCore_Neg,N/A,N/A,1790932580055612.695	,473.890,0.093000,0
7,aclnnCat_SliceAiCore_Slice,N/A,N/A,1790932580056086.625	,866.497,0.000000,0
7,aclnnCat_ConcatD_ConcatD,N/A,N/A,1790932580056953.162	,958.079,0.253000,0
7,aclnnMul_MulAiCore_Mul,N/A,N/A,1790932580057911.261	,948.479,0.000000,0
7,aclnnAdd_AddAiCore_Add,N/A,N/A,1790932580058859.760	,1598.092,0.021000,0
7,aclnnInplaceCopy_CastAiCore_Cast,N/A,N/A,1790932580060457.892	,791.716,0.158000,0
7,aclnnInplaceCopy_TransposeAiCore_Transpose,N/A,N/A,1790932580061249.648	,578.132,0.034000,0
7,aclnnInplaceCopy_TransposeAiCore_Transpose,N/A,N/A,1790932580061827.800	,595.912,0.000000,0
7,aclnnInplaceCopy_AsStridedAiCore_AsStrided,N/A,N/A,1790932580062423.732	,794.075,0.088000,0
7,InnerPromptFlashAttention_PromptFlashAttention_PromptFlashAttention,N/A,N/A,1790932580063219.027	,39812.776,1.175000,0
7,aclnnInplaceCopy_TransposeAiCore_Transpose,N/A,N/A,1790932580103032.703	,798.136,0.974000,0
7,aclnnAddmm_MatMulV3Common_MatMulV3,N/A,N/A,1790932580103830.879	,1156.063,0.114000,0
7,aclnnAdd_AddAiCore_Add,N/A,N/A,1790932580104986.962	,822.676,0.000000,0
7,aclnnInplaceCopy_CastAiCore_Cast,N/A,N/A,1790932580105809.658	,682.134,0.074000,0
7,aclnnMean_ReduceMeanAiCore_ReduceMean,N/A,N/A,1790932580106493.052	,624.692,1.116000,0
7,aclnnSub_SubAiCore_Sub,N/A,N/A,1790932580107118.665	,911.218,1.058000,0
7,aclnnPowTensorScalar_PowsAiCore_Pows,N/A,N/A,1790932580108029.903	,988.719,0.032000,0
7,aclnnMean_ReduceMeanAiCore_ReduceMean,N/A,N/A,1790932580109019.662	,598.312,1.031000,0
7,aclnnAdds_AddAiCore_Add,N/A,N/A,1790932580109619.014	,9.961,0.938000,0
7,aclnnRsqrt_RsqrtAiCore_Rsqrt,N/A,N/A,1790932580109628.995	,8.300,0.039000,0
7,aclnnMul_MulAiCore_Mul,N/A,N/A,1790932580109637.315	,793.236,0.000000,0
7,aclnnInplaceCopy_CastAiCore_Cast,N/A,N/A,1790932580110430.571	,885.557,0.014000,0
7,aclnnMul_MulAiCore_Mul,N/A,N/A,1790932580111316.148	,429.329,0.193000,0
7,aclnnAdd_AddAiCore_Add,N/A,N/A,1790932580111745.497	,429.529,0.000000,0
7,aclnnAddmm_MatMulV3Common_MatMulV3,N/A,N/A,1790932580112175.046	,4060.841,0.000000,0
7,aclnnGeluV2_GeluV2_GeluV2,N/A,N/A,1790932580116235.907	,2289.125,0.159000,0
7,aclnnAddmm_MatMulV3Common_MatMulV3,N/A,N/A,1790932580118525.192	,4348.367,0.125000,0
7,aclnnAdd_AddAiCore_Add,N/A,N/A,1790932580122873.579	,776.436,0.000000,0
7,aclnnInplaceCopy_CastAiCore_Cast,N/A,N/A,1790932580123650.055	,682.173,0.064000,0
7,aclnnMean_ReduceMeanAiCore_ReduceMean,N/A,N/A,1790932580124333.508	,624.033,1.327000,0
7,aclnnSub_SubAiCore_Sub,N/A,N/A,1790932580124958.341	,911.318,0.717000,0
7,aclnnPowTensorScalar_PowsAiCore_Pows,N/A,N/A,1790932580125869.679	,987.000,0.182000,0
7,aclnnMean_ReduceMeanAiCore_ReduceMean,N/A,N/A,1790932580126857.979	,599.912,1.250000,0
7,aclnnAdds_AddAiCore_Add,N/A,N/A,1790932580127458.631	,6.980,0.838000,0
7,aclnnRsqrt_RsqrtAiCore_Rsqrt,N/A,N/A,1790932580127465.631	,8.400,0.020000,0
7,aclnnMul_MulAiCore_Mul,N/A,N/A,1790932580127474.051	,794.076,0.000000,0
7,aclnnInplaceCopy_CastAiCore_Cast,N/A,N/A,1790932580128268.147	,884.678,0.174000,0
7,aclnnMul_MulAiCore_Mul,N/A,N/A,1790932580129152.845	,432.188,0.000000,0
7,aclnnAdd_AddAiCore_Add,N/A,N/A,1790932580129585.073	,430.989,0.062000,0
7,aclnnAddmm_MatMulV3Common_MatMulV3,N/A,N/A,1790932580130016.082	,3134.763,0.011000,0
7,aclnnInplaceCopy_SliceAiCore_Slice,N/A,N/A,1790932580133150.885	,549.631,0.237000,0
7,aclnnInplaceCopy_CastAiCore_Cast,N/A,N/A,1790932580133700.536	,704.634,0.000000,0
7,aclnnMul_MulAiCore_Mul,N/A,N/A,1790932580134405.190	,945.039,0.116000,0
7,aclnnInplaceCopy_SliceAiCore_Slice,N/A,N/A,1790932580135350.249	,521.830,0.000000,0
7,aclnnInplaceCopy_CastAiCore_Cast,N/A,N/A,1790932580135872.119	,704.194,0.000000,0
7,aclnnNeg_SliceAiCore_Slice,N/A,N/A,1790932580136576.333	,892.898,0.056000,0
7,aclnnNeg_NegAiCore_Neg,N/A,N/A,1790932580137469.271	,473.689,0.102000,0
7,aclnnCat_SliceAiCore_Slice,N/A,N/A,1790932580137942.980	,869.998,0.061000,0
7,aclnnCat_ConcatD_ConcatD,N/A,N/A,1790932580138812.998	,966.779,0.002000,0
7,aclnnMul_MulAiCore_Mul,N/A,N/A,1790932580139779.797	,944.919,0.000000,0
7,aclnnAdd_AddAiCore_Add,N/A,N/A,1790932580140724.756	,1600.772,0.081000,0
7,aclnnInplaceCopy_CastAiCore_Cast,N/A,N/A,1790932580142325.548	,787.356,0.000000,0
7,aclnnInplaceCopy_SliceAiCore_Slice,N/A,N/A,1790932580143112.924	,495.790,0.144000,0
7,aclnnInplaceCopy_CastAiCore_Cast,N/A,N/A,1790932580143608.734	,706.634,0.000000,0
7,aclnnMul_MulAiCore_Mul,N/A,N/A,1790932580144315.408	,936.778,0.116000,0
7,aclnnInplaceCopy_SliceAiCore_Slice,N/A,N/A,1790932580145252.206	,524.931,0.000000,0
7,aclnnInplaceCopy_CastAiCore_Cast,N/A,N/A,1790932580145777.157	,705.534,0.069000,0
7,aclnnNeg_SliceAiCore_Slice,N/A,N/A,1790932580146482.711	,891.878,0.000000,0
7,aclnnNeg_NegAiCore_Neg,N/A,N/A,1790932580147374.609	,475.229,0.000000,0
7,aclnnCat_SliceAiCore_Slice,N/A,N/A,1790932580147849.878	,866.358,0.271000,0
7,aclnnCat_ConcatD_ConcatD,N/A,N/A,1790932580148716.276	,958.279,0.000000,0
7,aclnnMul_MulAiCore_Mul,N/A,N/A,1790932580149674.595	,949.099,0.000000,0
7,aclnnAdd_AddAiCore_Add,N/A,N/A,1790932580150623.714	,1601.812,0.151000,0
7,aclnnInplaceCopy_CastAiCore_Cast,N/A,N/A,1790932580152225.546	,789.596,0.000000,0
7,aclnnInplaceCopy_TransposeAiCore_Transpose,N/A,N/A,1790932580153015.182	,566.591,0.154000,0
7,aclnnInplaceCopy_TransposeAiCore_Transpose,N/A,N/A,1790932580153581.813	,593.472,0.000000,0
7,aclnnInplaceCopy_AsStridedAiCore_AsStrided,N/A,N/A,1790932580154175.305	,796.776,0.028000,0
7,InnerPromptFlashAttention_PromptFlashAttention_PromptFlashAttention,N/A,N/A,1790932580154973.381	,39696.053,1.474000,0
7,aclnnInplaceCopy_TransposeAiCore_Transpose,N/A,N/A,1790932580194670.274	,805.656,0.697000,0
7,aclnnAddmm_MatMulV3Common_MatMulV3,N/A,N/A,1790932580195475.950	,1163.163,0.094000,0
7,aclnnAdd_AddAiCore_Add,N/A,N/A,1790932580196639.133	,819.677,0.087000,0
7,aclnnInplaceCopy_CastAiCore_Cast,N/A,N/A,1790932580197458.850	,681.593,0.000000,0
7,aclnnMean_ReduceMeanAiCore_ReduceMean,N/A,N/A,1790932580198141.663	,627.013,1.407000,0
7,aclnnSub_SubAiCore_Sub,N/A,N/A,1790932580198769.556	,907.378,0.737000,0
7,aclnnPowTensorScalar_PowsAiCore_Pows,N/A,N/A,1790932580199676.954	,987.320,0.122000,0
7,aclnnMean_ReduceMeanAiCore_ReduceMean,N/A,N/A,1790932580200665.154	,597.492,0.930000,0
7,aclnnAdds_AddAiCore_Add,N/A,N/A,1790932580201263.466	,6.740,0.758000,0
7,aclnnRsqrt_RsqrtAiCore_Rsqrt,N/A,N/A,1790932580201270.226	,8.420,0.010000,0
7,aclnnMul_MulAiCore_Mul,N/A,N/A,1790932580201278.666	,796.656,0.080000,0
7,aclnnInplaceCopy_CastAiCore_Cast,N/A,N/A,1790932580202075.342	,885.177,0.000000,0
7,aclnnMul_MulAiCore_Mul,N/A,N/A,1790932580202960.539	,428.749,0.073000,0
7,aclnnAdd_AddAiCore_Add,N/A,N/A,1790932580203389.308	,428.289,0.001000,0
7,aclnnAddmm_MatMulV3Common_MatMulV3,N/A,N/A,1790932580203817.617	,4050.820,0.000000,0
7,aclnnGeluV2_GeluV2_GeluV2,N/A,N/A,1790932580207868.457	,2289.866,0.180000,0
7,aclnnAddmm_MatMulV3Common_MatMulV3,N/A,N/A,1790932580210158.463	,4360.147,0.134000,0
7,aclnnAdd_AddAiCore_Add,N/A,N/A,1790932580214518.630	,775.896,0.103000,0
7,aclnnInplaceCopy_CastAiCore_Cast,N/A,N/A,1790932580215294.546	,682.173,0.000000,0
7,aclnnMean_ReduceMeanAiCore_ReduceMean,N/A,N/A,1790932580215978.140	,625.852,1.577000,0
7,aclnnSub_SubAiCore_Sub,N/A,N/A,1790932580216604.852	,909.738,0.648000,0
7,aclnnPowTensorScalar_PowsAiCore_Pows,N/A,N/A,1790932580217514.610	,983.440,0.012000,0
7,aclnnMean_ReduceMeanAiCore_ReduceMean,N/A,N/A,1790932580218499.290	,597.112,1.310000,0
7,aclnnAdds_AddAiCore_Add,N/A,N/A,1790932580219097.522	,7.000,1.138000,0
7,aclnnRsqrt_RsqrtAiCore_Rsqrt,N/A,N/A,1790932580219104.542	,8.420,0.000000,0
7,aclnnMul_MulAiCore_Mul,N/A,N/A,1790932580219112.982	,795.556,0.080000,0
7,aclnnInplaceCopy_CastAiCore_Cast,N/A,N/A,1790932580219908.578	,885.218,0.000000,0
7,aclnnMul_MulAiCore_Mul,N/A,N/A,1790932580220793.816	,431.948,0.032000,0
7,aclnnAdd_AddAiCore_Add,N/A,N/A,1790932580221225.804	,429.869,0.052000,0
7,aclnnAddmm_MatMulV3Common_MatMulV3,N/A,N/A,1790932580221655.693	,3108.802,0.131000,0
7,aclnnInplaceCopy_SliceAiCore_Slice,N/A,N/A,1790932580224764.515	,551.291,0.000000,0
7,aclnnInplaceCopy_CastAiCore_Cast,N/A,N/A,1790932580225315.826	,706.254,0.000000,0
7,aclnnMul_MulAiCore_Mul,N/A,N/A,1790932580226022.100	,940.979,0.000000,0
7,aclnnInplaceCopy_SliceAiCore_Slice,N/A,N/A,1790932580226963.099	,521.990,0.021000,0
7,aclnnInplaceCopy_CastAiCore_Cast,N/A,N/A,1790932580227485.109	,704.515,0.010000,0
7,aclnnNeg_SliceAiCore_Slice,N/A,N/A,1790932580228189.664	,895.237,0.235000,0
7,aclnnNeg_NegAiCore_Neg,N/A,N/A,1790932580229084.941	,473.070,0.013000,0
7,aclnnCat_SliceAiCore_Slice,N/A,N/A,1790932580229558.031	,864.397,0.000000,0
7,aclnnCat_ConcatD_ConcatD,N/A,N/A,1790932580230422.448	,965.299,0.103000,0
7,aclnnMul_MulAiCore_Mul,N/A,N/A,1790932580231387.767	,944.659,0.000000,0
7,aclnnAdd_AddAiCore_Add,N/A,N/A,1790932580232332.446	,1600.232,0.091000,0
7,aclnnInplaceCopy_CastAiCore_Cast,N/A,N/A,1790932580233932.698	,786.536,0.018000,0
7,aclnnInplaceCopy_SliceAiCore_Slice,N/A,N/A,1790932580234719.254	,497.110,0.000000,0
7,aclnnInplaceCopy_CastAiCore_Cast,N/A,N/A,1790932580235216.384	,707.754,0.140000,0
7,aclnnMul_MulAiCore_Mul,N/A,N/A,1790932580235924.158	,930.699,0.000000,0
7,aclnnInplaceCopy_SliceAiCore_Slice,N/A,N/A,1790932580236854.897	,523.010,0.051000,0
7,aclnnInplaceCopy_CastAiCore_Cast,N/A,N/A,1790932580237377.947	,702.934,0.000000,0
7,aclnnNeg_SliceAiCore_Slice,N/A,N/A,1790932580238080.901	,890.718,0.066000,0
7,aclnnNeg_NegAiCore_Neg,N/A,N/A,1790932580238971.639	,477.829,0.032000,0
7,aclnnCat_SliceAiCore_Slice,N/A,N/A,1790932580239449.488	,865.878,0.000000,0
7,aclnnCat_ConcatD_ConcatD,N/A,N/A,1790932580240315.386	,958.819,0.122000,0
7,aclnnMul_MulAiCore_Mul,N/A,N/A,1790932580241274.225	,947.039,0.000000,0
7,aclnnAdd_AddAiCore_Add,N/A,N/A,1790932580242221.284	,1599.272,0.000000,0
7,aclnnInplaceCopy_CastAiCore_Cast,N/A,N/A,1790932580243820.576	,788.356,0.000000,0
7,aclnnInplaceCopy_TransposeAiCore_Transpose,N/A,N/A,1790932580244608.952	,574.891,0.144000,0
7,aclnnInplaceCopy_TransposeAiCore_Transpose,N/A,N/A,1790932580245183.863	,605.732,0.000000,0
7,aclnnInplaceCopy_AsStridedAiCore_AsStrided,N/A,N/A,1790932580245789.615	,789.916,0.018000,0
7,InnerPromptFlashAttention_PromptFlashAttention_PromptFlashAttention,N/A,N/A,1790932580246580.451	,39838.156,1.084000,0
7,aclnnInplaceCopy_TransposeAiCore_Transpose,N/A,N/A,1790932580286419.727	,790.636,1.094000,0
7,aclnnAddmm_MatMulV3Common_MatMulV3,N/A,N/A,1790932580287210.383	,1174.443,0.114000,0
7,aclnnAdd_AddAiCore_Add,N/A,N/A,1790932580288384.846	,819.757,0.000000,0
7,aclnnInplaceCopy_CastAiCore_Cast,N/A,N/A,1790932580289204.643	,682.833,0.243000,0
7,aclnnMean_ReduceMeanAiCore_ReduceMean,N/A,N/A,1790932580289888.796	,626.173,1.167000,0
7,aclnnSub_SubAiCore_Sub,N/A,N/A,1790932580290515.629	,911.918,0.827000,0
7,aclnnPowTensorScalar_PowsAiCore_Pows,N/A,N/A,1790932580291427.587	,989.140,0.000000,0
7,aclnnMean_ReduceMeanAiCore_ReduceMean,N/A,N/A,1790932580292417.867	,598.532,1.110000,0
7,aclnnAdds_AddAiCore_Add,N/A,N/A,1790932580293017.339	,6.740,0.968000,0
7,aclnnRsqrt_RsqrtAiCore_Rsqrt,N/A,N/A,1790932580293024.099	,8.380,0.010000,0
7,aclnnMul_MulAiCore_Mul,N/A,N/A,1790932580293032.499	,796.356,0.120000,0
7,aclnnInplaceCopy_CastAiCore_Cast,N/A,N/A,1790932580293828.875	,887.018,0.144000,0
7,aclnnMul_MulAiCore_Mul,N/A,N/A,1790932580294715.933	,431.728,0.000000,0
7,aclnnAdd_AddAiCore_Add,N/A,N/A,1790932580295147.681	,430.969,0.022000,0
7,aclnnAddmm_MatMulV3Common_MatMulV3,N/A,N/A,1790932580295578.670	,4059.541,0.031000,0
7,aclnnGeluV2_GeluV2_GeluV2,N/A,N/A,1790932580299638.231	,2291.926,0.000000,0
7,aclnnAddmm_MatMulV3Common_MatMulV3,N/A,N/A,1790932580301930.317	,4363.087,0.074000,0
7,aclnnAdd_AddAiCore_Add,N/A,N/A,1790932580306293.424	,778.936,0.163000,0
7,aclnnInplaceCopy_CastAiCore_Cast,N/A,N/A,1790932580307072.400	,685.053,0.064000,0
7,aclnnMean_ReduceMeanAiCore_ReduceMean,N/A,N/A,1790932580307758.673	,621.273,1.197000,0
7,aclnnSub_SubAiCore_Sub,N/A,N/A,1790932580308381.026	,912.618,0.977000,0
7,aclnnPowTensorScalar_PowsAiCore_Pows,N/A,N/A,1790932580309293.684	,985.500,0.132000,0
7,aclnnMean_ReduceMeanAiCore_ReduceMean,N/A,N/A,1790932580310280.124	,597.652,0.750000,0
7,aclnnAdds_AddAiCore_Add,N/A,N/A,1790932580310878.676	,6.700,1.098000,0
7,aclnnRsqrt_RsqrtAiCore_Rsqrt,N/A,N/A,1790932580310885.396	,8.400,0.050000,0
7,aclnnMul_MulAiCore_Mul,N/A,N/A,1790932580310893.816	,802.996,0.000000,0
7,aclnnInplaceCopy_CastAiCore_Cast,N/A,N/A,1790932580311696.832	,888.878,0.004000,0
7,aclnnMul_MulAiCore_Mul,N/A,N/A,1790932580312585.750	,432.628,0.122000,0
7,aclnnAdd_AddAiCore_Add,N/A,N/A,1790932580313018.398	,431.309,0.122000,0
7,aclnnAddmm_MatMulV3Common_MatMulV3,N/A,N/A,1790932580313449.727	,3096.382,0.000000,0
7,aclnnInplaceCopy_SliceAiCore_Slice,N/A,N/A,1790932580316546.129	,551.751,0.118000,0
7,aclnnInplaceCopy_CastAiCore_Cast,N/A,N/A,1790932580317097.920	,709.334,0.000000,0
7,aclnnMul_MulAiCore_Mul,N/A,N/A,1790932580317807.274	,938.579,0.000000,0
7,aclnnInplaceCopy_SliceAiCore_Slice,N/A,N/A,1790932580318745.873	,521.110,0.000000,0
7,aclnnInplaceCopy_CastAiCore_Cast,N/A,N/A,1790932580319267.003	,706.314,0.140000,0
7,aclnnNeg_SliceAiCore_Slice,N/A,N/A,1790932580319973.337	,892.798,0.000000,0
7,aclnnNeg_NegAiCore_Neg,N/A,N/A,1790932580320866.155	,472.850,0.202000,0
7,aclnnCat_SliceAiCore_Slice,N/A,N/A,1790932580321339.025	,870.337,0.000000,0
7,aclnnCat_ConcatD_ConcatD,N/A,N/A,1790932580322209.402	,962.839,0.163000,0
7,aclnnMul_MulAiCore_Mul,N/A,N/A,1790932580323172.261	,949.559,0.000000,0
7,aclnnAdd_AddAiCore_Add,N/A,N/A,1790932580324121.840	,1597.792,0.000000,0
7,aclnnInplaceCopy_CastAiCore_Cast,N/A,N/A,1790932580325719.652	,787.916,0.208000,0
7,aclnnInplaceCopy_SliceAiCore_Slice,N/A,N/A,1790932580326507.588	,496.630,0.000000,0
7,aclnnInplaceCopy_CastAiCore_Cast,N/A,N/A,1790932580327004.258	,708.214,0.120000,0
7,aclnnMul_MulAiCore_Mul,N/A,N/A,1790932580327712.492	,938.439,0.036000,0
7,aclnnInplaceCopy_SliceAiCore_Slice,N/A,N/A,1790932580328650.971	,523.370,0.061000,0
7,aclnnInplaceCopy_CastAiCore_Cast,N/A,N/A,1790932580329174.361	,705.394,0.000000,0
7,aclnnNeg_SliceAiCore_Slice,N/A,N/A,1790932580329879.775	,889.518,0.106000,0
7,aclnnNeg_NegAiCore_Neg,N/A,N/A,1790932580330769.313	,473.890,0.000000,0
7,aclnnCat_SliceAiCore_Slice,N/A,N/A,1790932580331243.223	,866.097,0.110000,0
7,aclnnCat_ConcatD_ConcatD,N/A,N/A,1790932580332109.340	,957.219,0.000000,0
7,aclnnMul_MulAiCore_Mul,N/A,N/A,1790932580333066.579	,951.359,0.031000,0
7,aclnnAdd_AddAiCore_Add,N/A,N/A,1790932580334017.958	,1600.692,0.141000,0
7,aclnnInplaceCopy_CastAiCore_Cast,N/A,N/A,1790932580335618.670	,790.776,0.058000,0
7,aclnnInplaceCopy_TransposeAiCore_Transpose,N/A,N/A,1790932580336409.466	,565.371,0.000000,0
7,aclnnInplaceCopy_TransposeAiCore_Transpose,N/A,N/A,1790932580336974.877	,594.832,0.129000,0
7,aclnnInplaceCopy_AsStridedAiCore_AsStrided,N/A,N/A,1790932580337569.729	,791.036,0.000000,0
7,InnerPromptFlashAttention_PromptFlashAttention_PromptFlashAttention,N/A,N/A,1790932580338361.925	,39624.171,1.214000,0
7,aclnnInplaceCopy_TransposeAiCore_Transpose,N/A,N/A,1790932580377987.116	,799.936,0.829000,0
7,aclnnAddmm_MatMulV3Common_MatMulV3,N/A,N/A,1790932580378787.072	,1161.584,0.064000,0
7,aclnnAdd_AddAiCore_Add,N/A,N/A,1790932580379948.696	,818.756,0.166000,0
7,aclnnInplaceCopy_CastAiCore_Cast,N/A,N/A,1790932580380767.472	,684.054,0.000000,0
7,aclnnMean_ReduceMeanAiCore_ReduceMean,N/A,N/A,1790932580381452.646	,621.412,1.196000,0
7,aclnnSub_SubAiCore_Sub,N/A,N/A,1790932580382075.118	,914.558,0.838000,0
7,aclnnPowTensorScalar_PowsAiCore_Pows,N/A,N/A,1790932580382989.696	,987.600,0.192000,0
7,aclnnMean_ReduceMeanAiCore_ReduceMean,N/A,N/A,1790932580383978.556	,598.692,1.150000,0
7,aclnnAdds_AddAiCore_Add,N/A,N/A,1790932580384577.968	,6.920,0.808000,0
7,aclnnRsqrt_RsqrtAiCore_Rsqrt,N/A,N/A,1790932580384584.908	,8.360,0.080000,0
7,aclnnMul_MulAiCore_Mul,N/A,N/A,1790932580384593.288	,802.816,0.000000,0
7,aclnnInplaceCopy_CastAiCore_Cast,N/A,N/A,1790932580385396.124	,887.378,0.000000,0
7,aclnnMul_MulAiCore_Mul,N/A,N/A,1790932580386283.542	,429.649,0.122000,0
7,aclnnAdd_AddAiCore_Add,N/A,N/A,1790932580386713.211	,426.988,0.101000,0
7,aclnnAddmm_MatMulV3Common_MatMulV3,N/A,N/A,1790932580387140.219	,4088.342,0.012000,0
7,aclnnGeluV2_GeluV2_GeluV2,N/A,N/A,1790932580391228.601	,2292.226,0.000000,0
7,aclnnAddmm_MatMulV3Common_MatMulV3,N/A,N/A,1790932580393520.987	,4370.667,0.274000,0
7,aclnnAdd_AddAiCore_Add,N/A,N/A,1790932580397891.674	,776.436,0.083000,0
7,aclnnInplaceCopy_CastAiCore_Cast,N/A,N/A,1790932580398668.130	,682.933,0.064000,0
7,aclnnMean_ReduceMeanAiCore_ReduceMean,N/A,N/A,1790932580399352.083	,625.233,0.817000,0
7,aclnnSub_SubAiCore_Sub,N/A,N/A,1790932580399978.376	,913.058,1.267000,0
7,aclnnPowTensorScalar_PowsAiCore_Pows,N/A,N/A,1790932580400891.474	,984.340,0.000000,0
7,aclnnMean_ReduceMeanAiCore_ReduceMean,N/A,N/A,1790932580401877.214	,599.112,1.410000,0
7,aclnnAdds_AddAiCore_Add,N/A,N/A,1790932580402477.306	,7.300,0.888000,0
7,aclnnRsqrt_RsqrtAiCore_Rsqrt,N/A,N/A,1790932580402484.626	,9.780,0.200000,0
7,aclnnMul_MulAiCore_Mul,N/A,N/A,1790932580402494.426	,796.376,0.000000,0
7,aclnnInplaceCopy_CastAiCore_Cast,N/A,N/A,1790932580403290.822	,888.658,0.000000,0
7,aclnnMul_MulAiCore_Mul,N/A,N/A,1790932580404179.500	,431.828,0.092000,0
7,aclnnAdd_AddAiCore_Add,N/A,N/A,1790932580404611.368	,432.109,0.000000,0
7,aclnnAddmm_MatMulV3Common_MatMulV3,N/A,N/A,1790932580405043.497	,3094.582,0.141000,0
7,aclnnInplaceCopy_SliceAiCore_Slice,N/A,N/A,1790932580408138.099	,553.411,0.000000,0
7,aclnnInplaceCopy_CastAiCore_Cast,N/A,N/A,1790932580408691.530	,706.854,0.089000,0
7,aclnnMul_MulAiCore_Mul,N/A,N/A,1790932580409398.404	,943.219,0.146000,0
7,aclnnInplaceCopy_SliceAiCore_Slice,N/A,N/A,1790932580410341.663	,521.890,0.031000,0
7,aclnnInplaceCopy_CastAiCore_Cast,N/A,N/A,1790932580410863.593	,704.094,0.000000,0
7,aclnnNeg_SliceAiCore_Slice,N/A,N/A,1790932580411567.707	,891.858,0.156000,0
7,aclnnNeg_NegAiCore_Neg,N/A,N/A,1790932580412459.585	,472.990,0.000000,0
7,aclnnCat_SliceAiCore_Slice,N/A,N/A,1790932580412932.595	,867.397,0.010000,0
7,aclnnCat_ConcatD_ConcatD,N/A,N/A,1790932580413800.012	,964.619,0.103000,0
7,aclnnMul_MulAiCore_Mul,N/A,N/A,1790932580414764.651	,947.459,0.131000,0
7,aclnnAdd_AddAiCore_Add,N/A,N/A,1790932580415712.130	,1600.672,0.041000,0
7,aclnnInplaceCopy_CastAiCore_Cast,N/A,N/A,1790932580417312.822	,787.916,0.000000,0
7,aclnnInplaceCopy_SliceAiCore_Slice,N/A,N/A,1790932580418100.758	,496.090,0.084000,0
7,aclnnInplaceCopy_CastAiCore_Cast,N/A,N/A,1790932580418596.868	,705.394,0.000000,0
7,aclnnMul_MulAiCore_Mul,N/A,N/A,1790932580419302.282	,937.739,0.106000,0
7,aclnnInplaceCopy_SliceAiCore_Slice,N/A,N/A,1790932580420240.041	,523.470,0.011000,0
7,aclnnInplaceCopy_CastAiCore_Cast,N/A,N/A,1790932580420763.551	,704.774,0.030000,0
7,aclnnNeg_SliceAiCore_Slice,N/A,N/A,1790932580421468.345	,891.458,0.000000,0
7,aclnnNeg_NegAiCore_Neg,N/A,N/A,1790932580422359.823	,477.010,0.042000,0
7,aclnnCat_SliceAiCore_Slice,N/A,N/A,1790932580422836.853	,865.277,0.000000,0
7,aclnnCat_ConcatD_ConcatD,N/A,N/A,1790932580423702.150	,957.619,0.223000,0
7,aclnnMul_MulAiCore_Mul,N/A,N/A,1790932580424659.789	,946.619,0.000000,0
7,aclnnAdd_AddAiCore_Add,N/A,N/A,1790932580425606.448	,1599.692,0.131000,0
7,aclnnInplaceCopy_CastAiCore_Cast,N/A,N/A,1790932580427206.160	,788.936,0.058000,0
7,aclnnInplaceCopy_TransposeAiCore_Transpose,N/A,N/A,1790932580427995.116	,576.991,0.000000,0
7,aclnnInplaceCopy_TransposeAiCore_Transpose,N/A,N/A,1790932580428572.127	,602.012,0.259000,0
7,aclnnInplaceCopy_AsStridedAiCore_AsStrided,N/A,N/A,1790932580429174.159	,794.796,0.000000,0
7,InnerPromptFlashAttention_PromptFlashAttention_PromptFlashAttention,N/A,N/A,1790932580429970.375	,39808.715,1.454000,0
7,aclnnInplaceCopy_TransposeAiCore_Transpose,N/A,N/A,1790932580469780.130	,812.737,1.035000,0
7,aclnnAddmm_MatMulV3Common_MatMulV3,N/A,N/A,1790932580470592.887	,1162.103,0.013000,0
7,aclnnAdd_AddAiCore_Add,N/A,N/A,1790932580471755.010	,816.596,0.000000,0
7,aclnnInplaceCopy_CastAiCore_Cast,N/A,N/A,1790932580472571.626	,682.014,0.154000,0
7,aclnnMean_ReduceMeanAiCore_ReduceMean,N/A,N/A,1790932580473255.080	,622.772,1.236000,0
7,aclnnSub_SubAiCore_Sub,N/A,N/A,1790932580473878.632	,910.379,0.978000,0
7,aclnnPowTensorScalar_PowsAiCore_Pows,N/A,N/A,1790932580474789.051	,989.119,0.000000,0
7,aclnnMean_ReduceMeanAiCore_ReduceMean,N/A,N/A,1790932580475779.530	,596.892,1.381000,0
7,aclnnAdds_AddAiCore_Add,N/A,N/A,1790932580476377.602	,6.740,1.108000,0
7,aclnnRsqrt_RsqrtAiCore_Rsqrt,N/A,N/A,1790932580476384.362	,8.381,0.010000,0
7,aclnnMul_MulAiCore_Mul,N/A,N/A,1790932580476392.763	,794.935,0.119000,0
7,aclnnInplaceCopy_CastAiCore_Cast,N/A,N/A,1790932580477187.738	,890.238,0.065000,0
7,aclnnMul_MulAiCore_Mul,N/A,N/A,1790932580478077.996	,429.129,0.012000,0
7,aclnnAdd_AddAiCore_Add,N/A,N/A,1790932580478507.165	,431.028,0.121000,0
7,aclnnAddmm_MatMulV3Common_MatMulV3,N/A,N/A,1790932580478938.213	,4075.702,0.000000,0
7,aclnnGeluV2_GeluV2_GeluV2,N/A,N/A,1790932580483013.955	,2293.946,0.048000,0
7,aclnnAddmm_MatMulV3Common_MatMulV3,N/A,N/A,1790932580485308.061	,4362.967,0.054000,0
7,aclnnAdd_AddAiCore_Add,N/A,N/A,1790932580489671.048	,777.735,0.033000,0
7,aclnnInplaceCopy_CastAiCore_Cast,N/A,N/A,1790932580490448.803	,683.034,0.015000,0
7,aclnnMean_ReduceMeanAiCore_ReduceMean,N/A,N/A,1790932580491133.157	,623.693,1.466000,0
7,aclnnSub_SubAiCore_Sub,N/A,N/A,1790932580491757.550	,909.538,0.557000,0
7,aclnnPowTensorScalar_PowsAiCore_Pows,N/A,N/A,1790932580492667.108	,984.399,0.000000,0
7,aclnnMean_ReduceMeanAiCore_ReduceMean,N/A,N/A,1790932580493652.427	,596.052,1.101000,0
7,aclnnAdds_AddAiCore_Add,N/A,N/A,1790932580494249.379	,6.821,0.948000,0
7,aclnnRsqrt_RsqrtAiCore_Rsqrt,N/A,N/A,1790932580494256.220	,8.640,0.000000,0
7,aclnnMul_MulAiCore_Mul,N/A,N/A,1790932580494264.880	,789.695,0.110000,0
7,aclnnInplaceCopy_CastAiCore_Cast,N/A,N/A,1790932580495054.595	,888.558,0.000000,0
7,aclnnMul_MulAiCore_Mul,N/A,N/A,1790932580495943.173	,430.389,0.192000,0
7,aclnnAdd_AddAiCore_Add,N/A,N/A,1790932580496373.582	,429.368,0.000000,0
7,aclnnAddmm_MatMulV3Common_MatMulV3,N/A,N/A,1790932580496802.970	,3120.023,0.132000,0
7,aclnnInplaceCopy_SliceAiCore_Slice,N/A,N/A,1790932580499923.013	,551.351,0.000000,0
7,aclnnInplaceCopy_CastAiCore_Cast,N/A,N/A,1790932580500474.384	,706.914,0.149000,0
7,aclnnMul_MulAiCore_Mul,N/A,N/A,1790932580501181.318	,942.579,0.000000,0
7,aclnnInplaceCopy_SliceAiCore_Slice,N/A,N/A,1790932580502123.917	,522.070,0.171000,0
7,aclnnInplaceCopy_CastAiCore_Cast,N/A,N/A,1790932580502646.007	,703.554,0.000000,0
7,aclnnNeg_SliceAiCore_Slice,N/A,N/A,1790932580503349.581	,894.358,0.000000,0
7,aclnnNeg_NegAiCore_Neg,N/A,N/A,1790932580504243.979	,473.370,0.142000,0
7,aclnnCat_SliceAiCore_Slice,N/A,N/A,1790932580504717.369	,869.657,0.000000,0
7,aclnnCat_ConcatD_ConcatD,N/A,N/A,1790932580505587.046	,965.819,0.093000,0
7,aclnnMul_MulAiCore_Mul,N/A,N/A,1790932580506552.885	,945.799,0.181000,0
7,aclnnAdd_AddAiCore_Add,N/A,N/A,1790932580507498.704	,1602.472,0.000000,0
7,aclnnInplaceCopy_CastAiCore_Cast,N/A,N/A,1790932580509101.196	,789.636,0.028000,0
7,aclnnInplaceCopy_SliceAiCore_Slice,N/A,N/A,1790932580509890.872	,495.710,0.000000,0
7,aclnnInplaceCopy_CastAiCore_Cast,N/A,N/A,1790932580510386.622	,707.034,0.040000,0
7,aclnnMul_MulAiCore_Mul,N/A,N/A,1790932580511093.696	,929.158,0.216000,0
7,aclnnInplaceCopy_SliceAiCore_Slice,N/A,N/A,1790932580512022.894	,522.691,0.092000,0
7,aclnnInplaceCopy_CastAiCore_Cast,N/A,N/A,1790932580512545.605	,703.914,0.000000,0
7,aclnnNeg_SliceAiCore_Slice,N/A,N/A,1790932580513249.539	,891.558,0.086000,0
7,aclnnNeg_NegAiCore_Neg,N/A,N/A,1790932580514141.117	,472.389,0.000000,0
7,aclnnCat_SliceAiCore_Slice,N/A,N/A,1790932580514613.526	,867.218,0.111000,0
7,aclnnCat_ConcatD_ConcatD,N/A,N/A,1790932580515480.764	,957.679,0.032000,0
7,aclnnMul_MulAiCore_Mul,N/A,N/A,1790932580516438.463	,947.159,0.071000,0
7,aclnnAdd_AddAiCore_Add,N/A,N/A,1790932580517385.662	,1602.632,0.091000,0
7,aclnnInplaceCopy_CastAiCore_Cast,N/A,N/A,1790932580518988.314	,790.975,0.000000,0
7,aclnnInplaceCopy_TransposeAiCore_Transpose,N/A,N/A,1790932580519779.309	,558.032,0.025000,0
7,aclnnInplaceCopy_TransposeAiCore_Transpose,N/A,N/A,1790932580520337.361	,590.811,0.000000,0
7,aclnnInplaceCopy_AsStridedAiCore_AsStrided,N/A,N/A,1790932580520928.212	,800.676,0.189000,0
7,InnerPromptFlashAttention_PromptFlashAttention_PromptFlashAttention,N/A,N/A,1790932580521729.928	,39763.595,1.074000,0
7,aclnnInplaceCopy_TransposeAiCore_Transpose,N/A,N/A,1790932580561494.603	,778.996,0.905000,0
7,aclnnAddmm_MatMulV3Common_MatMulV3,N/A,N/A,1790932580562273.639	,1175.483,0.254000,0
7,aclnnAdd_AddAiCore_Add,N/A,N/A,1790932580563449.142	,822.336,0.017000,0
7,aclnnInplaceCopy_CastAiCore_Cast,N/A,N/A,1790932580564271.498	,680.674,0.000000,0
7,aclnnMean_ReduceMeanAiCore_ReduceMean,N/A,N/A,1790932580564953.152	,624.533,1.076000,0
7,aclnnSub_SubAiCore_Sub,N/A,N/A,1790932580565578.705	,910.618,0.967000,0
7,aclnnPowTensorScalar_PowsAiCore_Pows,N/A,N/A,1790932580566489.363	,985.679,0.000000,0
7,aclnnMean_ReduceMeanAiCore_ReduceMean,N/A,N/A,1790932580567476.442	,597.932,1.571000,0
7,aclnnAdds_AddAiCore_Add,N/A,N/A,1790932580568075.274	,7.041,0.818000,0
7,aclnnRsqrt_RsqrtAiCore_Rsqrt,N/A,N/A,1790932580568082.335	,8.340,0.000000,0
7,aclnnMul_MulAiCore_Mul,N/A,N/A,1790932580568090.695	,797.656,0.160000,0
7,aclnnInplaceCopy_CastAiCore_Cast,N/A,N/A,1790932580568888.371	,887.057,0.000000,0
7,aclnnMul_MulAiCore_Mul,N/A,N/A,1790932580569775.448	,429.289,0.193000,0
7,aclnnAdd_AddAiCore_Add,N/A,N/A,1790932580570204.757	,427.069,0.000000,0
7,aclnnAddmm_MatMulV3Common_MatMulV3,N/A,N/A,1790932580570631.866	,4080.741,0.000000,0
7,aclnnGeluV2_GeluV2_GeluV2,N/A,N/A,1790932580574712.627	,2303.966,0.259000,0
7,aclnnAddmm_MatMulV3Common_MatMulV3,N/A,N/A,1790932580577016.733	,4354.467,0.034000,0
7,aclnnAdd_AddAiCore_Add,N/A,N/A,1790932580581371.240	,777.496,0.033000,0
7,aclnnInplaceCopy_CastAiCore_Cast,N/A,N/A,1790932580582148.756	,683.833,0.004000,0
7,aclnnMean_ReduceMeanAiCore_ReduceMean,N/A,N/A,1790932580582833.749	,621.433,1.167000,0
7,aclnnSub_SubAiCore_Sub,N/A,N/A,1790932580583456.242	,915.438,1.067000,0
7,aclnnPowTensorScalar_PowsAiCore_Pows,N/A,N/A,1790932580584371.700	,989.260,0.062000,0
7,aclnnMean_ReduceMeanAiCore_ReduceMean,N/A,N/A,1790932580585361.980	,597.392,0.990000,0
7,aclnnAdds_AddAiCore_Add,N/A,N/A,1790932580585960.072	,6.720,0.608000,0
7,aclnnRsqrt_RsqrtAiCore_Rsqrt,N/A,N/A,1790932580585966.812	,8.340,0.030000,0
7,aclnnMul_MulAiCore_Mul,N/A,N/A,1790932580585975.172	,797.816,0.160000,0
7,aclnnInplaceCopy_CastAiCore_Cast,N/A,N/A,1790932580586773.028	,888.418,0.000000,0
7,aclnnMul_MulAiCore_Mul,N/A,N/A,1790932580587661.466	,431.288,0.082000,0
7,aclnnAdd_AddAiCore_Add,N/A,N/A,1790932580588092.774	,430.109,0.000000,0
7,aclnnAddmm_MatMulV3Common_MatMulV3,N/A,N/A,1790932580588522.903	,3130.503,0.141000,0
7,aclnnInplaceCopy_SliceAiCore_Slice,N/A,N/A,1790932580591653.426	,553.211,0.000000,0
7,aclnnInplaceCopy_CastAiCore_Cast,N/A,N/A,1790932580592206.657	,706.734,0.039000,0
7,aclnnMul_MulAiCore_Mul,N/A,N/A,1790932580592913.411	,942.119,0.016000,0
7,aclnnInplaceCopy_SliceAiCore_Slice,N/A,N/A,1790932580593855.570	,522.090,0.000000,0
7,aclnnInplaceCopy_CastAiCore_Cast,N/A,N/A,1790932580594377.680	,704.574,0.160000,0
7,aclnnNeg_SliceAiCore_Slice,N/A,N/A,1790932580595082.274	,892.838,0.000000,0
7,aclnnNeg_NegAiCore_Neg,N/A,N/A,1790932580595975.152	,472.789,0.162000,0
7,aclnnCat_SliceAiCore_Slice,N/A,N/A,1790932580596447.961	,868.258,0.000000,0
7,aclnnCat_ConcatD_ConcatD,N/A,N/A,1790932580597316.239	,965.199,0.000000,0
7,aclnnMul_MulAiCore_Mul,N/A,N/A,1790932580598281.458	,949.239,0.051000,0
7,aclnnAdd_AddAiCore_Add,N/A,N/A,1790932580599230.737	,1599.832,0.011000,0
7,aclnnInplaceCopy_CastAiCore_Cast,N/A,N/A,1790932580600830.609	,786.656,0.000000,0
7,aclnnInplaceCopy_SliceAiCore_Slice,N/A,N/A,1790932580601617.285	,499.590,0.094000,0
7,aclnnInplaceCopy_CastAiCore_Cast,N/A,N/A,1790932580602116.915	,706.494,0.160000,0
7,aclnnMul_MulAiCore_Mul,N/A,N/A,1790932580602823.429	,933.898,0.006000,0
7,aclnnInplaceCopy_SliceAiCore_Slice,N/A,N/A,1790932580603757.347	,525.011,0.000000,0
7,aclnnInplaceCopy_CastAiCore_Cast,N/A,N/A,1790932580604282.378	,704.314,0.239000,0
7,aclnnNeg_SliceAiCore_Slice,N/A,N/A,1790932580604986.712	,893.318,0.000000,0
7,aclnnNeg_NegAiCore_Neg,N/A,N/A,1790932580605880.050	,474.489,0.000000,0
7,aclnnCat_SliceAiCore_Slice,N/A,N/A,1790932580606354.579	,863.658,0.011000,0
7,aclnnCat_ConcatD_ConcatD,N/A,N/A,1790932580607218.277	,957.339,0.092000,0
7,aclnnMul_MulAiCore_Mul,N/A,N/A,1790932580608175.636	,944.839,0.161000,0
7,aclnnAdd_AddAiCore_Add,N/A,N/A,1790932580609120.495	,1599.811,0.000000,0
7,aclnnInplaceCopy_CastAiCore_Cast,N/A,N/A,1790932580610720.326	,789.096,0.000000,0
7,aclnnInplaceCopy_TransposeAiCore_Transpose,N/A,N/A,1790932580611509.442	,566.672,0.154000,0
7,aclnnInplaceCopy_TransposeAiCore_Transpose,N/A,N/A,1790932580612076.134	,599.092,0.078000,0
7,aclnnInplaceCopy_AsStridedAiCore_AsStrided,N/A,N/A,1790932580612675.246	,796.455,0.000000,0
7,InnerPromptFlashAttention_PromptFlashAttention_PromptFlashAttention,N/A,N/A,1790932580613472.721	,39759.855,1.045000,0
7,aclnnInplaceCopy_TransposeAiCore_Transpose,N/A,N/A,1790932580653233.396	,791.036,0.895000,0
7,aclnnAddmm_MatMulV3Common_MatMulV3,N/A,N/A,1790932580654024.452	,1179.243,0.000000,0
7,aclnnAdd_AddAiCore_Add,N/A,N/A,1790932580655203.735	,817.817,0.007000,0
7,aclnnInplaceCopy_CastAiCore_Cast,N/A,N/A,1790932580656021.592	,681.073,0.000000,0
7,aclnnMean_ReduceMeanAiCore_ReduceMean,N/A,N/A,1790932580656703.785	,622.613,1.177000,0
7,aclnnSub_SubAiCore_Sub,N/A,N/A,1790932580657327.598	,912.158,1.137000,0
7,aclnnPowTensorScalar_PowsAiCore_Pows,N/A,N/A,1790932580658239.776	,987.820,0.092000,0
7,aclnnMean_ReduceMeanAiCore_ReduceMean,N/A,N/A,1790932580659228.616	,595.512,0.930000,0
7,aclnnAdds_AddAiCore_Add,N/A,N/A,1790932580659824.848	,6.720,0.738000,0
7,aclnnRsqrt_RsqrtAiCore_Rsqrt,N/A,N/A,1790932580659831.588	,8.340,0.030000,0
7,aclnnMul_MulAiCore_Mul,N/A,N/A,1790932580659839.948	,792.336,0.160000,0
7,aclnnInplaceCopy_CastAiCore_Cast,N/A,N/A,1790932580660632.304	,887.257,0.000000,0
7,aclnnMul_MulAiCore_Mul,N/A,N/A,1790932580661519.581	,428.549,0.000000,0
7,aclnnAdd_AddAiCore_Add,N/A,N/A,1790932580661948.150	,431.909,0.201000,0
7,aclnnAddmm_MatMulV3Common_MatMulV3,N/A,N/A,1790932580662380.079	,4064.401,0.000000,0
7,aclnnGeluV2_GeluV2_GeluV2,N/A,N/A,1790932580666444.520	,2289.246,0.099000,0
7,aclnnAddmm_MatMulV3Common_MatMulV3,N/A,N/A,1790932580668733.926	,4352.247,0.254000,0
7,aclnnAdd_AddAiCore_Add,N/A,N/A,1790932580673086.193	,779.055,0.003000,0
7,aclnnInplaceCopy_CastAiCore_Cast,N/A,N/A,1790932580673865.268	,682.474,0.000000,0
7,aclnnMean_ReduceMeanAiCore_ReduceMean,N/A,N/A,1790932580674549.182	,620.632,1.526000,0
7,aclnnSub_SubAiCore_Sub,N/A,N/A,1790932580675170.554	,908.358,0.618000,0
7,aclnnPowTensorScalar_PowsAiCore_Pows,N/A,N/A,1790932580676078.952	,984.720,0.142000,0
7,aclnnMean_ReduceMeanAiCore_ReduceMean,N/A,N/A,1790932580677064.992	,601.532,1.280000,0
7,aclnnAdds_AddAiCore_Add,N/A,N/A,1790932580677667.424	,6.720,0.968000,0
7,aclnnRsqrt_RsqrtAiCore_Rsqrt,N/A,N/A,1790932580677674.164	,8.200,0.030000,0
7,aclnnMul_MulAiCore_Mul,N/A,N/A,1790932580677682.404	,795.256,0.050000,0
7,aclnnInplaceCopy_CastAiCore_Cast,N/A,N/A,1790932580678477.680	,887.598,0.000000,0
7,aclnnMul_MulAiCore_Mul,N/A,N/A,1790932580679365.298	,432.469,0.000000,0
7,aclnnAdd_AddAiCore_Add,N/A,N/A,1790932580679797.787	,428.508,0.031000,0
7,aclnnAddmm_MatMulV3Common_MatMulV3,N/A,N/A,1790932580680226.315	,3117.222,0.000000,0
7,aclnnInplaceCopy_SliceAiCore_Slice,N/A,N/A,1790932580683343.557	,552.232,0.028000,0
7,aclnnInplaceCopy_CastAiCore_Cast,N/A,N/A,1790932580683895.829	,706.494,0.018000,0
7,aclnnMul_MulAiCore_Mul,N/A,N/A,1790932580684602.343	,941.698,0.006000,0
7,aclnnInplaceCopy_SliceAiCore_Slice,N/A,N/A,1790932580685544.061	,522.431,0.052000,0
7,aclnnInplaceCopy_CastAiCore_Cast,N/A,N/A,1790932580686066.532	,703.694,0.069000,0
7,aclnnNeg_SliceAiCore_Slice,N/A,N/A,1790932580686770.266	,890.878,0.056000,0
7,aclnnNeg_NegAiCore_Neg,N/A,N/A,1790932580687661.184	,471.169,0.122000,0
7,aclnnCat_SliceAiCore_Slice,N/A,N/A,1790932580688132.373	,864.937,0.000000,0
7,aclnnCat_ConcatD_ConcatD,N/A,N/A,1790932580688997.330	,964.660,0.063000,0
7,aclnnMul_MulAiCore_Mul,N/A,N/A,1790932580689962.010	,945.399,0.090000,0
7,aclnnAdd_AddAiCore_Add,N/A,N/A,1790932580690907.429	,1603.972,0.101000,0
7,aclnnInplaceCopy_CastAiCore_Cast,N/A,N/A,1790932580692511.421	,787.835,0.028000,0
7,aclnnInplaceCopy_SliceAiCore_Slice,N/A,N/A,1790932580693299.276	,495.750,0.000000,0
7,aclnnInplaceCopy_CastAiCore_Cast,N/A,N/A,1790932580693795.046	,707.554,0.000000,0
7,aclnnMul_MulAiCore_Mul,N/A,N/A,1790932580694502.620	,933.019,0.000000,0
7,aclnnInplaceCopy_SliceAiCore_Slice,N/A,N/A,1790932580695435.659	,523.451,0.231000,0
7,aclnnInplaceCopy_CastAiCore_Cast,N/A,N/A,1790932580695959.130	,704.014,0.049000,0
7,aclnnNeg_SliceAiCore_Slice,N/A,N/A,1790932580696663.164	,891.877,0.000000,0
7,aclnnNeg_NegAiCore_Neg,N/A,N/A,1790932580697555.061	,471.930,0.000000,0
7,aclnnCat_SliceAiCore_Slice,N/A,N/A,1790932580698027.031	,864.517,0.070000,0
7,aclnnCat_ConcatD_ConcatD,N/A,N/A,1790932580698891.568	,958.879,0.000000,0
7,aclnnMul_MulAiCore_Mul,N/A,N/A,1790932580699850.487	,948.799,0.121000,0
7,aclnnAdd_AddAiCore_Add,N/A,N/A,1790932580700799.306	,1602.032,0.000000,0
7,aclnnInplaceCopy_CastAiCore_Cast,N/A,N/A,1790932580702401.358	,792.176,0.000000,0
7,aclnnInplaceCopy_TransposeAiCore_Transpose,N/A,N/A,1790932580703193.554	,560.271,0.074000,0
7,aclnnInplaceCopy_TransposeAiCore_Transpose,N/A,N/A,1790932580703753.865	,591.132,0.000000,0
7,aclnnInplaceCopy_AsStridedAiCore_AsStrided,N/A,N/A,1790932580704345.017	,801.516,0.118000,0
7,InnerPromptFlashAttention_PromptFlashAttention_PromptFlashAttention,N/A,N/A,1790932580705147.473	,39792.235,0.984000,0
7,aclnnInplaceCopy_TransposeAiCore_Transpose,N/A,N/A,1790932580744940.748	,779.536,1.015000,0
7,aclnnAddmm_MatMulV3Common_MatMulV3,N/A,N/A,1790932580745720.304	,1160.903,0.000000,0
7,aclnnAdd_AddAiCore_Add,N/A,N/A,1790932580746881.227	,821.356,0.097000,0
7,aclnnInplaceCopy_CastAiCore_Cast,N/A,N/A,1790932580747702.603	,684.474,0.000000,0
7,aclnnMean_ReduceMeanAiCore_ReduceMean,N/A,N/A,1790932580748388.517	,623.233,1.526000,0
7,aclnnSub_SubAiCore_Sub,N/A,N/A,1790932580749012.690	,909.518,1.017000,0
7,aclnnPowTensorScalar_PowsAiCore_Pows,N/A,N/A,1790932580749922.248	,987.839,0.000000,0
7,aclnnMean_ReduceMeanAiCore_ReduceMean,N/A,N/A,1790932580750911.207	,600.352,1.161000,0
7,aclnnAdds_AddAiCore_Add,N/A,N/A,1790932580751512.620	,6.720,0.898000,0
7,aclnnRsqrt_RsqrtAiCore_Rsqrt,N/A,N/A,1790932580751519.360	,8.320,0.030000,0
7,aclnnMul_MulAiCore_Mul,N/A,N/A,1790932580751527.700	,798.736,0.180000,0
7,aclnnInplaceCopy_CastAiCore_Cast,N/A,N/A,1790932580752326.456	,888.238,0.014000,0
7,aclnnMul_MulAiCore_Mul,N/A,N/A,1790932580753214.714	,427.068,0.012000,0
7,aclnnAdd_AddAiCore_Add,N/A,N/A,1790932580753641.802	,429.909,0.000000,0
7,aclnnAddmm_MatMulV3Common_MatMulV3,N/A,N/A,1790932580754071.731	,4068.121,0.091000,0
7,aclnnGeluV2_GeluV2_GeluV2,N/A,N/A,1790932580758139.872	,2289.886,0.000000,0
7,aclnnAddmm_MatMulV3Common_MatMulV3,N/A,N/A,1790932580760429.918	,4358.967,0.364000,0
7,aclnnAdd_AddAiCore_Add,N/A,N/A,1790932580764788.905	,776.675,0.033000,0
7,aclnnInplaceCopy_CastAiCore_Cast,N/A,N/A,1790932580765565.620	,683.194,0.000000,0
7,aclnnMean_ReduceMeanAiCore_ReduceMean,N/A,N/A,1790932580766250.194	,620.672,1.556000,0
7,aclnnSub_SubAiCore_Sub,N/A,N/A,1790932580766872.086	,907.819,1.078000,0
7,aclnnPowTensorScalar_PowsAiCore_Pows,N/A,N/A,1790932580767779.925	,986.399,0.181000,0
7,aclnnMean_ReduceMeanAiCore_ReduceMean,N/A,N/A,1790932580768767.224	,598.672,0.851000,0
7,aclnnAdds_AddAiCore_Add,N/A,N/A,1790932580769366.616	,7.100,0.578000,0
7,aclnnRsqrt_RsqrtAiCore_Rsqrt,N/A,N/A,1790932580769373.736	,8.301,0.150000,0
7,aclnnMul_MulAiCore_Mul,N/A,N/A,1790932580769382.057	,798.955,0.000000,0
7,aclnnInplaceCopy_CastAiCore_Cast,N/A,N/A,1790932580770181.052	,887.998,0.045000,0
7,aclnnMul_MulAiCore_Mul,N/A,N/A,1790932580771069.070	,431.269,0.002000,0
7,aclnnAdd_AddAiCore_Add,N/A,N/A,1790932580771500.379	,430.408,0.231000,0
7,aclnnAddmm_MatMulV3Common_MatMulV3,N/A,N/A,1790932580771930.807	,3104.302,0.000000,0
7,aclnnInplaceCopy_SliceAiCore_Slice,N/A,N/A,1790932580775035.129	,552.392,0.198000,0
7,aclnnInplaceCopy_CastAiCore_Cast,N/A,N/A,1790932580775587.561	,707.374,0.000000,0
7,aclnnMul_MulAiCore_Mul,N/A,N/A,1790932580776294.955	,941.758,0.126000,0
7,aclnnInplaceCopy_SliceAiCore_Slice,N/A,N/A,1790932580777236.733	,521.131,0.000000,0
7,aclnnInplaceCopy_CastAiCore_Cast,N/A,N/A,1790932580777757.904	,704.414,0.119000,0
7,aclnnNeg_SliceAiCore_Slice,N/A,N/A,1790932580778462.338	,893.038,0.000000,0
7,aclnnNeg_NegAiCore_Neg,N/A,N/A,1790932580779355.396	,474.009,0.212000,0
7,aclnnCat_SliceAiCore_Slice,N/A,N/A,1790932580779829.425	,867.358,0.000000,0
7,aclnnCat_ConcatD_ConcatD,N/A,N/A,1790932580780696.803	,965.879,0.000000,0
7,aclnnMul_MulAiCore_Mul,N/A,N/A,1790932580781662.702	,950.319,0.121000,0
7,aclnnAdd_AddAiCore_Add,N/A,N/A,1790932580782613.041	,1600.292,0.000000,0
7,aclnnInplaceCopy_CastAiCore_Cast,N/A,N/A,1790932580784213.373	,787.056,0.000000,0
7,aclnnInplaceCopy_SliceAiCore_Slice,N/A,N/A,1790932580785000.449	,496.710,0.194000,0
7,aclnnInplaceCopy_CastAiCore_Cast,N/A,N/A,1790932580785497.179	,708.274,0.040000,0
7,aclnnMul_MulAiCore_Mul,N/A,N/A,1790932580786205.473	,937.378,0.000000,0
7,aclnnInplaceCopy_SliceAiCore_Slice,N/A,N/A,1790932580787142.871	,524.631,0.000000,0
7,aclnnInplaceCopy_CastAiCore_Cast,N/A,N/A,1790932580787667.522	,706.094,0.119000,0
7,aclnnNeg_SliceAiCore_Slice,N/A,N/A,1790932580788373.636	,891.458,0.156000,0
7,aclnnNeg_NegAiCore_Neg,N/A,N/A,1790932580789265.134	,475.609,0.042000,0
7,aclnnCat_SliceAiCore_Slice,N/A,N/A,1790932580789740.763	,864.878,0.000000,0
7,aclnnCat_ConcatD_ConcatD,N/A,N/A,1790932580790605.661	,960.279,0.122000,0
7,aclnnMul_MulAiCore_Mul,N/A,N/A,1790932580791565.960	,946.139,0.000000,0
7,aclnnAdd_AddAiCore_Add,N/A,N/A,1790932580792512.119	,1601.512,0.000000,0
7,aclnnInplaceCopy_CastAiCore_Cast,N/A,N/A,1790932580794113.671	,790.075,0.238000,0
7,aclnnInplaceCopy_TransposeAiCore_Transpose,N/A,N/A,1790932580794903.766	,574.792,0.000000,0
7,aclnnInplaceCopy_TransposeAiCore_Transpose,N/A,N/A,1790932580795478.578	,600.592,0.000000,0
7,aclnnInplaceCopy_AsStridedAiCore_AsStrided,N/A,N/A,1790932580796079.210	,795.376,0.158000,0
7,InnerPromptFlashAttention_PromptFlashAttention_PromptFlashAttention,N/A,N/A,1790932580796875.926	,39752.654,1.374000,0
7,aclnnInplaceCopy_TransposeAiCore_Transpose,N/A,N/A,1790932580836629.660	,791.756,1.096000,0
7,aclnnAddmm_MatMulV3Common_MatMulV3,N/A,N/A,1790932580837421.436	,1183.224,0.000000,0
7,aclnnAdd_AddAiCore_Add,N/A,N/A,1790932580838604.680	,816.856,0.026000,0
7,aclnnInplaceCopy_CastAiCore_Cast,N/A,N/A,1790932580839421.556	,682.174,0.000000,0
7,aclnnMean_ReduceMeanAiCore_ReduceMean,N/A,N/A,1790932580840105.090	,620.512,1.326000,0
7,aclnnSub_SubAiCore_Sub,N/A,N/A,1790932580840726.462	,909.338,0.988000,0
7,aclnnPowTensorScalar_PowsAiCore_Pows,N/A,N/A,1790932580841635.820	,989.400,0.000000,0
7,aclnnMean_ReduceMeanAiCore_ReduceMean,N/A,N/A,1790932580842626.400	,596.912,1.350000,0
7,aclnnAdds_AddAiCore_Add,N/A,N/A,1790932580843224.432	,6.720,1.088000,0
7,aclnnRsqrt_RsqrtAiCore_Rsqrt,N/A,N/A,1790932580843231.172	,8.240,0.030000,0
7,aclnnMul_MulAiCore_Mul,N/A,N/A,1790932580843239.452	,793.016,0.010000,0
7,aclnnInplaceCopy_CastAiCore_Cast,N/A,N/A,1790932580844032.488	,889.158,0.000000,0
7,aclnnMul_MulAiCore_Mul,N/A,N/A,1790932580844921.666	,436.229,0.092000,0
7,aclnnAdd_AddAiCore_Add,N/A,N/A,1790932580845357.915	,435.088,0.021000,0
7,aclnnAddmm_MatMulV3Common_MatMulV3,N/A,N/A,1790932580845793.023	,4056.681,0.000000,0
7,aclnnGeluV2_GeluV2_GeluV2,N/A,N/A,1790932580849849.724	,2291.406,0.069000,0
7,aclnnAddmm_MatMulV3Common_MatMulV3,N/A,N/A,1790932580852141.290	,4355.187,0.094000,0
7,aclnnAdd_AddAiCore_Add,N/A,N/A,1790932580856496.497	,780.796,0.063000,0
7,aclnnEmbedding_GatherV2AiCore_GatherV2,N/A,N/A,1790932580857277.673	,1790.095,0.454000,0
7,aclnnInplaceZero_ZerosLikeAiCore_ZerosLike,N/A,N/A,1790932580859067.788	,136.163,0.000000,0
7,aclnnInplaceZero_ZerosLikeAiCore_ZerosLike,N/A,N/A,1790932580859203.971	,130.663,0.087000,0
7,aclnnInplaceZero_ZerosLikeAiCore_ZerosLike,N/A,N/A,1790932580859334.654	,130.422,0.087000,0
7,aclnnEqScalar_EqualAiCore_Equal,N/A,N/A,1790932580859465.096	,12.601,0.000000,0
7,aclnnLayerNormWithImplMode_LayerNormV3WithImplMode_LayerNormV3,N/A,N/A,1790932580859477.717	,1571.751,0.149000,0
7,aclnnLayerNormWithImplMode_CastAiCore_Cast,N/A,N/A,1790932580861049.488	,7.880,0.000000,0
7,aclnnLayerNormWithImplMode_CastAiCore_Cast,N/A,N/A,1790932580861057.408	,2.640,0.120000,0
7,aclnnAddmm_MatMulV3Common_MatMulV3,N/A,N/A,1790932580861060.068	,4118.503,0.000000,0
7,aclnnGelu_Gelu_Gelu,N/A,N/A,1790932580865178.611	,574.931,0.000000,0
7,aclnnAddmm_MatMulV3Common_MatMulV3,N/A,N/A,1790932580865753.682	,2665.793,0.319000,0
7,aclnnInplaceCopy_TensorMoveAiCore_TensorMove,N/A,N/A,1790932580868419.495	,310.807,0.000000,0
7,aclnnInplaceMaskedScatter_CastAiCore_Cast,N/A,N/A,1790932580868730.322	,6.160,0.000000,0
7,aclnnInplaceMaskedScatter_BroadcastToAiCore_BroadcastTo,N/A,N/A,1790932580868736.502	,209.204,0.090000,0
7,aclnnInplaceMaskedScatter_CastAiCore_Cast,N/A,N/A,1790932580868945.726	,529.270,0.046000,0
7,aclnnInplaceMaskedScatter_MaskedScatterAiCore_MaskedScatter,N/A,N/A,1790932580869475.016	,74986.739,0.000000,0
7,aclnnLayerNormWithImplMode_LayerNormV3WithImplMode_LayerNormV3,N/A,N/A,1790932580944461.775	,1411.368,0.011000,0
7,aclnnLayerNormWithImplMode_CastAiCore_Cast,N/A,N/A,1790932580945873.163	,6.800,0.132000,0
7,aclnnLayerNormWithImplMode_CastAiCore_Cast,N/A,N/A,1790932580945880.003	,2.600,0.000000,0
7,aclnnAddmm_MatMulV3Common_MatMulV3,N/A,N/A,1790932580945882.643	,4117.082,0.150000,0
7,aclnnGelu_Gelu_Gelu,N/A,N/A,1790932580949999.745	,575.232,0.000000,0
7,aclnnAddmm_MatMulV3Common_MatMulV3,N/A,N/A,1790932580950575.137	,2642.413,0.268000,0
7,aclnnNonzeroV2_NonzeroAiCore_MemSet,N/A,N/A,1790932580953217.590	,10.380,0.000000,0
7,aclnnNonzeroV2_NonzeroAiCore_NonZero,N/A,N/A,1790932580953229.110	,44.601,1.120000,0
7,aclnnIndexPutImpl_IndexPutV2_IndexPutV2,N/A,N/A,1790932580954495.555	,481.430,1221.899000,0
7,aclnnLayerNormWithImplMode_LayerNormV3WithImplMode_LayerNormV3,N/A,N/A,1790932580954977.005	,1399.208,0.070000,0
7,aclnnLayerNormWithImplMode_CastAiCore_Cast,N/A,N/A,1790932580956376.233	,6.800,0.042000,0
7,aclnnLayerNormWithImplMode_CastAiCore_Cast,N/A,N/A,1790932580956383.053	,2.680,0.000000,0
7,aclnnAddmm_MatMulV3Common_MatMulV3,N/A,N/A,1790932580956385.773	,4131.902,0.070000,0
7,aclnnGelu_Gelu_Gelu,N/A,N/A,1790932580960517.695	,575.752,0.098000,0
7,aclnnAddmm_MatMulV3Common_MatMulV3,N/A,N/A,1790932580961093.607	,2643.533,0.000000,0
7,aclnnNonzeroV2_NonzeroAiCore_MemSet,N/A,N/A,1790932580963737.160	,9.340,0.217000,0
7,aclnnNonzeroV2_NonzeroAiCore_NonZero,N/A,N/A,1790932580963747.580	,42.241,0.910000,0
7,aclnnIndexPutImpl_IndexPutV2_IndexPutV2,N/A,N/A,1790932580964063.726	,483.890,274.009000,0
7,aclnnLayerNormWithImplMode_LayerNormV3WithImplMode_LayerNormV3,N/A,N/A,1790932580964547.636	,1398.548,0.110000,0
7,aclnnLayerNormWithImplMode_CastAiCore_Cast,N/A,N/A,1790932580965946.204	,6.820,0.000000,0
7,aclnnLayerNormWithImplMode_CastAiCore_Cast,N/A,N/A,1790932580965953.044	,2.540,0.000000,0
7,aclnnAddmm_MatMulV3Common_MatMulV3,N/A,N/A,1790932580965955.604	,4140.663,0.000000,0
7,aclnnGelu_Gelu_Gelu,N/A,N/A,1790932580970096.287	,576.991,0.087000,0
7,aclnnAddmm_MatMulV3Common_MatMulV3,N/A,N/A,1790932580970673.438	,2640.633,0.259000,0
7,aclnnNonzeroV2_NonzeroAiCore_MemSet,N/A,N/A,1790932580973314.091	,8.840,0.000000,0
7,aclnnNonzeroV2_NonzeroAiCore_NonZero,N/A,N/A,1790932580973324.131	,42.501,1.410000,0
7,aclnnIndexPutImpl_IndexPutV2_IndexPutV2,N/A,N/A,1790932580973628.477	,480.870,261.749000,0
7,aclnnArange_ArangeAiCore_Range,N/A,N/A,1790932580974109.387	,10.360,0.130000,0
7,aclnnGeTensor_GreaterEqual_GreaterEqual,N/A,N/A,1790932580974119.767	,53.401,0.000000,0
7,aclnnInplaceCopy_CastAiCore_Cast,N/A,N/A,1790932580974173.328	,8.880,0.099000,0
7,aclnnBitwiseAndTensor_LogicalAndAiCore_LogicalAnd,N/A,N/A,1790932580974182.228	,124.803,0.120000,0
7,aclnnInplaceFillScalar_FillAiCore_Fill,N/A,N/A,1790932580974307.051	,1.040,0.000000,0
7,aclnnInplaceFillScalar_FillAiCore_Fill,N/A,N/A,1790932580974308.111	,0.920,0.000000,0
7,aclnnSWhere_SelectV2AiCore_SelectV2,N/A,N/A,1790932580974309.051	,510.470,0.080000,0
7,aclnnInplaceCopy_CastAiCore_Cast,N/A,N/A,1790932580974819.541	,324.907,0.030000,0
7,aclnnInplaceCopy_CastAiCore_Cast,N/A,N/A,1790932580975367.852	,8.880,223.343000,0
7,aclnnMatmul_BroadcastToAiCore_BroadcastTo,N/A,N/A,1790932580975440.434	,1.380,63.870000,0
7,aclnnMatmul_MulAiCore_Mul,N/A,N/A,1790932580975442.014	,36.460,0.120000,0
7,aclnnInplaceCopy_TransposeAiCore_Transpose,N/A,N/A,1790932580975509.195	,37.981,30.790000,0
7,aclnnInplaceCopy_StridedSliceAiCore_StridedSlice,N/A,N/A,1790932580975814.181	,20.040,267.019000,0
7,aclnnInplaceCopy_TransposeAiCore_Transpose,N/A,N/A,1790932580975866.402	,40.421,32.210000,0
7,aclnnInplaceCopy_ViewCopyAiCpu_ViewCopy,N/A,N/A,1790932580976117.707	,4329.687,210.829000,0
7,aclnnInplaceCopy_StridedSliceAiCore_StridedSlice,N/A,N/A,1790932580980447.434	,19.520,0.063000,0
7,aclnnInplaceCopy_TransposeAiCore_Transpose,N/A,N/A,1790932580980466.974	,50.441,0.000000,0
7,aclnnInplaceCopy_ViewCopyAiCpu_ViewCopy,N/A,N/A,1790932580980517.435	,1781.416,0.059000,0
7,aclnnCat_ConcatD_ConcatD,N/A,N/A,1790932580982298.871	,67.021,0.000000,0
7,aclnnCos_CosAiCore_Cos,N/A,N/A,1790932580982365.912	,78.062,0.229000,0
7,aclnnInplaceCopy_CastAiCore_Cast,N/A,N/A,1790932580982443.994	,14.680,0.000000,0
7,aclnnSin_SinAiCore_Sin,N/A,N/A,1790932580982458.694	,74.561,0.070000,0
7,aclnnInplaceCopy_CastAiCore_Cast,N/A,N/A,1790932580982533.275	,8.360,0.000000,0
7,aclnnLtScalar_LessAiCore_Less,N/A,N/A,1790932580982541.655	,159.164,0.140000,0
7,aclnnBitwiseNot_LogicalNotAiCore_LogicalNot,N/A,N/A,1790932580982700.839	,47.221,0.000000,0
7,aclnnAny_ReduceAny_ReduceAny,N/A,N/A,1790932580982749.060	,60.921,1.029000,0
7,aclnnAll_ReduceAll_ReduceAll,N/A,N/A,1790932580982812.921	,2.760,3.079000,0
7,aclnnInplaceCopy_CastAiCore_Cast,N/A,N/A,1790932580983661.378	,439.769,845.740000,0
7,aclnnPowTensorScalar_PowsAiCore_Pows,N/A,N/A,1790932580984101.167	,657.313,0.000000,0
7,aclnnMean_ReduceMeanAiCore_ReduceMean,N/A,N/A,1790932580984759.400	,431.548,0.937000,0
7,aclnnAdds_AddAiCore_Add,N/A,N/A,1790932580985191.828	,5.821,0.702000,0
7,aclnnRsqrt_RsqrtAiCore_Rsqrt,N/A,N/A,1790932580985197.669	,7.140,0.179000,0
7,aclnnMul_MulAiCore_Mul,N/A,N/A,1790932580985204.829	,455.049,0.000000,0
7,aclnnInplaceCopy_CastAiCore_Cast,N/A,N/A,1790932580985659.898	,598.172,0.201000,0
7,aclnnMul_MulAiCore_Mul,N/A,N/A,1790932580986258.090	,266.445,0.000000,0
7,aclnnMatmul_MatMulV3Common_MatMulV3,N/A,N/A,1790932580986524.555	,3919.218,0.055000,0
7,aclnnInplaceCopy_SliceAiCore_Slice,N/A,N/A,1790932580990443.813	,522.771,0.032000,0
7,aclnnInplaceCopy_CastAiCore_Cast,N/A,N/A,1790932580990966.624	,704.694,0.000000,0
7,aclnnPowTensorScalar_PowsAiCore_Pows,N/A,N/A,1790932580991671.358	,1035.941,0.056000,0
7,aclnnMean_ReduceMeanAiCore_ReduceMean,N/A,N/A,1790932580992708.519	,575.891,1.309000,0
7,aclnnAdds_AddAiCore_Add,N/A,N/A,1790932580993285.390	,10.700,1.109000,0
7,aclnnRsqrt_RsqrtAiCore_Rsqrt,N/A,N/A,1790932580993296.110	,9.881,0.000000,0
7,aclnnMul_MulAiCore_Mul,N/A,N/A,1790932580993306.011	,835.536,0.119000,0
7,aclnnInplaceCopy_CastAiCore_Cast,N/A,N/A,1790932580994141.567	,873.658,0.000000,0
7,aclnnMul_MulAiCore_Mul,N/A,N/A,1790932580995015.245	,437.248,0.092000,0
7,aclnnInplaceCopy_SliceAiCore_Slice,N/A,N/A,1790932580995452.513	,118.883,0.002000,0
7,aclnnInplaceCopy_CastAiCore_Cast,N/A,N/A,1790932580995571.416	,74.541,0.117000,0
7,aclnnPowTensorScalar_PowsAiCore_Pows,N/A,N/A,1790932580995645.977	,133.743,0.000000,0
7,aclnnMean_ReduceMeanAiCore_ReduceMean,N/A,N/A,1790932580995780.800	,95.882,1.007000,0
7,aclnnAdds_AddAiCore_Add,N/A,N/A,1790932580995877.522	,7.980,0.868000,0
7,aclnnRsqrt_RsqrtAiCore_Rsqrt,N/A,N/A,1790932580995885.522	,8.780,0.020000,0
7,aclnnMul_MulAiCore_Mul,N/A,N/A,1790932580995894.342	,110.982,0.000000,0
7,aclnnInplaceCopy_CastAiCore_Cast,N/A,N/A,1790932580996005.344	,62.622,0.018000,0
7,aclnnMul_MulAiCore_Mul,N/A,N/A,1790932580996067.986	,62.401,0.128000,0
7,aclnnMul_TransposeAiCore_Transpose,N/A,N/A,1790932580996130.407	,918.038,0.099000,0
7,aclnnMul_MulAiCore_Mul,N/A,N/A,1790932580997048.465	,452.909,0.000000,0
7,aclnnNeg_AsStridedAiCore_AsStrided,N/A,N/A,1790932580997501.394	,401.948,0.091000,0
7,aclnnNeg_NegAiCore_Neg,N/A,N/A,1790932580997903.382	,206.505,0.052000,0
7,aclnnCat_AsStridedAiCore_AsStrided,N/A,N/A,1790932580998109.907	,442.708,0.000000,0
7,aclnnCat_ConcatD_ConcatD,N/A,N/A,1790932580998552.635	,464.690,0.042000,0
7,aclnnMul_MulAiCore_Mul,N/A,N/A,1790932580999017.345	,437.148,0.000000,0
7,aclnnAdd_AddAiCore_Add,N/A,N/A,1790932580999454.533	,815.197,0.102000,0
7,aclnnMul_TransposeAiCore_Transpose,N/A,N/A,1790932581000269.750	,129.922,0.053000,0
7,aclnnMul_MulAiCore_Mul,N/A,N/A,1790932581000399.692	,55.301,0.078000,0
7,aclnnNeg_AsStridedAiCore_AsStrided,N/A,N/A,1790932581000455.033	,124.823,0.000000,0
7,aclnnNeg_NegAiCore_Neg,N/A,N/A,1790932581000579.876	,29.680,0.177000,0
7,aclnnCat_AsStridedAiCore_AsStrided,N/A,N/A,1790932581000609.576	,46.661,0.000000,0
7,aclnnCat_ConcatD_ConcatD,N/A,N/A,1790932581000656.257	,42.001,0.089000,0
7,aclnnMul_MulAiCore_Mul,N/A,N/A,1790932581000698.278	,59.481,0.000000,0
7,aclnnAdd_AddAiCore_Add,N/A,N/A,1790932581000757.779	,163.284,0.019000,0
7,aclnnInplaceCopy_AsStridedAiCore_AsStrided,N/A,N/A,1790932581000921.083	,145.063,0.000000,0
7,InnerPromptFlashAttention_PromptFlashAttention_PromptFlashAttention,N/A,N/A,1790932581001067.206	,7339.606,1.187000,0
7,aclnnInplaceCopy_TransposeAiCore_Transpose,N/A,N/A,1790932581008407.892	,1269.406,1.144000,0
7,aclnnMatmul_MatMulV3Common_MatMulV3,N/A,N/A,1790932581009677.318	,2877.297,0.000000,0
7,aclnnAdd_AddAiCore_Add,N/A,N/A,1790932581012554.635	,507.550,0.203000,0
7,aclnnInplaceCopy_CastAiCore_Cast,N/A,N/A,1790932581013062.205	,414.589,0.000000,0
7,aclnnPowTensorScalar_PowsAiCore_Pows,N/A,N/A,1790932581013476.814	,656.453,0.000000,0
7,aclnnMean_ReduceMeanAiCore_ReduceMean,N/A,N/A,1790932581014134.427	,429.068,1.297000,0
7,aclnnAdds_AddAiCore_Add,N/A,N/A,1790932581014564.415	,5.760,0.932000,0
7,aclnnRsqrt_RsqrtAiCore_Rsqrt,N/A,N/A,1790932581014570.195	,7.141,0.000000,0
7,aclnnMul_MulAiCore_Mul,N/A,N/A,1790932581014577.356	,454.769,0.000000,0
7,aclnnInplaceCopy_CastAiCore_Cast,N/A,N/A,1790932581015032.145	,595.372,0.231000,0
7,aclnnMul_MulAiCore_Mul,N/A,N/A,1790932581015627.537	,262.025,0.000000,0
7,aclnnMatmul_MatMulV3Common_MatMulV3,N/A,N/A,1790932581015889.602	,12549.230,0.000000,0
7,aclnnSilu_SliceAiCore_Slice,N/A,N/A,1790932581028438.852	,1199.124,0.020000,0
7,aclnnSilu_SiluAiCore_Swish,N/A,N/A,1790932581029637.996	,1243.945,0.126000,0
7,aclnnMul_SliceAiCore_Slice,N/A,N/A,1790932581030881.961	,1201.404,0.055000,0
7,aclnnMul_MulAiCore_Mul,N/A,N/A,1790932581032083.385	,1930.899,0.096000,0
7,aclnnMatmul_MatMulV3Common_MatMulV3,N/A,N/A,1790932581034014.304	,6651.793,0.000000,0
7,aclnnAdd_AddAiCore_Add,N/A,N/A,1790932581040666.117	,486.970,0.000000,0
7,aclnnAdd_AddAiCore_Add,N/A,N/A,1790932581041153.107	,513.210,0.030000,0
7,aclnnInplaceCopy_CastAiCore_Cast,N/A,N/A,1790932581041666.337	,411.808,0.040000,0
7,aclnnPowTensorScalar_PowsAiCore_Pows,N/A,N/A,1790932581042078.185	,658.953,0.192000,0
7,aclnnMean_ReduceMeanAiCore_ReduceMean,N/A,N/A,1790932581042738.458	,431.689,1.297000,0
7,aclnnAdds_AddAiCore_Add,N/A,N/A,1790932581043170.907	,5.920,0.811000,0
7,aclnnRsqrt_RsqrtAiCore_Rsqrt,N/A,N/A,1790932581043176.847	,7.180,0.000000,0
7,aclnnMul_MulAiCore_Mul,N/A,N/A,1790932581043184.047	,455.389,0.070000,0
7,aclnnInplaceCopy_CastAiCore_Cast,N/A,N/A,1790932581043639.456	,598.812,0.111000,0
7,aclnnMul_MulAiCore_Mul,N/A,N/A,1790932581044238.288	,260.845,0.000000,0
7,aclnnMatmul_MatMulV3Common_MatMulV3,N/A,N/A,1790932581044499.153	,3954.599,0.155000,0
7,aclnnInplaceCopy_SliceAiCore_Slice,N/A,N/A,1790932581048453.772	,521.171,0.000000,0
7,aclnnInplaceCopy_CastAiCore_Cast,N/A,N/A,1790932581048974.963	,707.294,0.079000,0
7,aclnnPowTensorScalar_PowsAiCore_Pows,N/A,N/A,1790932581049682.277	,1027.700,0.000000,0
7,aclnnMean_ReduceMeanAiCore_ReduceMean,N/A,N/A,1790932581050711.377	,578.492,1.550000,0
7,aclnnAdds_AddAiCore_Add,N/A,N/A,1790932581051290.989	,10.320,1.008000,0
7,aclnnRsqrt_RsqrtAiCore_Rsqrt,N/A,N/A,1790932581051301.329	,9.940,0.000000,0
7,aclnnMul_MulAiCore_Mul,N/A,N/A,1790932581051311.289	,836.137,0.060000,0
7,aclnnInplaceCopy_CastAiCore_Cast,N/A,N/A,1790932581052147.446	,879.158,0.113000,0
7,aclnnMul_MulAiCore_Mul,N/A,N/A,1790932581053026.624	,438.829,0.000000,0
7,aclnnInplaceCopy_SliceAiCore_Slice,N/A,N/A,1790932581053465.493	,119.942,0.171000,0
7,aclnnInplaceCopy_CastAiCore_Cast,N/A,N/A,1790932581053585.455	,73.281,0.058000,0
7,aclnnPowTensorScalar_PowsAiCore_Pows,N/A,N/A,1790932581053658.776	,134.443,0.000000,0
7,aclnnMean_ReduceMeanAiCore_ReduceMean,N/A,N/A,1790932581053794.259	,89.122,1.057000,0
7,aclnnAdds_AddAiCore_Add,N/A,N/A,1790932581053884.261	,8.260,0.878000,0
7,aclnnRsqrt_RsqrtAiCore_Rsqrt,N/A,N/A,1790932581053892.541	,8.580,0.000000,0
7,aclnnMul_MulAiCore_Mul,N/A,N/A,1790932581053901.161	,109.802,0.170000,0
7,aclnnInplaceCopy_CastAiCore_Cast,N/A,N/A,1790932581054010.983	,63.402,0.000000,0
7,aclnnMul_MulAiCore_Mul,N/A,N/A,1790932581054074.405	,61.781,0.098000,0
7,aclnnMul_TransposeAiCore_Transpose,N/A,N/A,1790932581054136.206	,920.678,0.000000,0
7,aclnnMul_MulAiCore_Mul,N/A,N/A,1790932581055056.904	,453.889,0.072000,0
7,aclnnNeg_AsStridedAiCore_AsStrided,N/A,N/A,1790932581055510.813	,399.568,0.000000,0
7,aclnnNeg_NegAiCore_Neg,N/A,N/A,1790932581055910.421	,205.864,0.182000,0
7,aclnnCat_AsStridedAiCore_AsStrided,N/A,N/A,1790932581056116.325	,445.969,0.000000,0
7,aclnnCat_ConcatD_ConcatD,N/A,N/A,1790932581056562.314	,466.290,0.031000,0
7,aclnnMul_MulAiCore_Mul,N/A,N/A,1790932581057028.644	,435.788,0.210000,0
7,aclnnAdd_AddAiCore_Add,N/A,N/A,1790932581057464.472	,815.177,0.000000,0
7,aclnnMul_TransposeAiCore_Transpose,N/A,N/A,1790932581058279.689	,129.022,0.073000,0
7,aclnnMul_MulAiCore_Mul,N/A,N/A,1790932581058408.731	,55.121,0.000000,0
7,aclnnNeg_AsStridedAiCore_AsStrided,N/A,N/A,1790932581058463.892	,120.743,0.129000,0
7,aclnnNeg_NegAiCore_Neg,N/A,N/A,1790932581058584.675	,29.580,0.007000,0
7,aclnnCat_AsStridedAiCore_AsStrided,N/A,N/A,1790932581058614.295	,50.061,0.000000,0
7,aclnnCat_ConcatD_ConcatD,N/A,N/A,1790932581058664.376	,40.961,0.189000,0
7,aclnnMul_MulAiCore_Mul,N/A,N/A,1790932581058705.377	,60.561,0.039000,0
7,aclnnAdd_AddAiCore_Add,N/A,N/A,1790932581058765.958	,162.504,0.000000,0
7,aclnnInplaceCopy_AsStridedAiCore_AsStrided,N/A,N/A,1790932581058928.482	,148.363,0.000000,0
7,InnerPromptFlashAttention_PromptFlashAttention_PromptFlashAttention,N/A,N/A,1790932581059078.305	,7293.745,1.387000,0
7,aclnnInplaceCopy_TransposeAiCore_Transpose,N/A,N/A,1790932581066373.150	,1256.746,1.255000,0
7,aclnnMatmul_MatMulV3Common_MatMulV3,N/A,N/A,1790932581067629.916	,2897.017,0.004000,0
7,aclnnAdd_AddAiCore_Add,N/A,N/A,1790932581070526.953	,507.731,0.000000,0
7,aclnnInplaceCopy_CastAiCore_Cast,N/A,N/A,1790932581071034.724	,413.368,0.019000,0
7,aclnnPowTensorScalar_PowsAiCore_Pows,N/A,N/A,1790932581071448.132	,656.833,0.132000,0
7,aclnnMean_ReduceMeanAiCore_ReduceMean,N/A,N/A,1790932581072106.205	,429.889,1.167000,0
7,aclnnAdds_AddAiCore_Add,N/A,N/A,1790932581072536.974	,5.860,0.861000,0
7,aclnnRsqrt_RsqrtAiCore_Rsqrt,N/A,N/A,1790932581072542.854	,7.140,0.000000,0
7,aclnnMul_MulAiCore_Mul,N/A,N/A,1790932581072550.014	,452.469,0.110000,0
7,aclnnInplaceCopy_CastAiCore_Cast,N/A,N/A,1790932581073002.503	,595.872,0.031000,0
7,aclnnMul_MulAiCore_Mul,N/A,N/A,1790932581073598.395	,259.505,0.128000,0
7,aclnnMatmul_MatMulV3Common_MatMulV3,N/A,N/A,1790932581073857.940	,12599.892,0.000000,0
7,aclnnSilu_SliceAiCore_Slice,N/A,N/A,1790932581086457.852	,1200.404,0.000000,0
7,aclnnSilu_SiluAiCore_Swish,N/A,N/A,1790932581087658.276	,1261.165,0.096000,0
7,aclnnMul_SliceAiCore_Slice,N/A,N/A,1790932581088919.461	,1192.724,0.085000,0
7,aclnnMul_MulAiCore_Mul,N/A,N/A,1790932581090112.225	,1909.978,0.026000,0
7,aclnnMatmul_MatMulV3Common_MatMulV3,N/A,N/A,1790932581092022.243	,6680.553,0.022000,0
7,aclnnAdd_AddAiCore_Add,N/A,N/A,1790932581098702.816	,490.750,0.000000,0
7,aclnnAdd_AddAiCore_Add,N/A,N/A,1790932581099193.586	,510.850,0.000000,0
7,aclnnInplaceCopy_CastAiCore_Cast,N/A,N/A,1790932581099704.456	,413.289,0.150000,0
7,aclnnPowTensorScalar_PowsAiCore_Pows,N/A,N/A,1790932581100117.765	,659.093,0.000000,0
7,aclnnMean_ReduceMeanAiCore_ReduceMean,N/A,N/A,1790932581100777.798	,432.608,0.907000,0
7,aclnnAdds_AddAiCore_Add,N/A,N/A,1790932581101211.486	,5.761,1.142000,0
7,aclnnRsqrt_RsqrtAiCore_Rsqrt,N/A,N/A,1790932581101217.267	,7.180,0.000000,0
7,aclnnMul_MulAiCore_Mul,N/A,N/A,1790932581101224.467	,460.769,0.070000,0
7,aclnnInplaceCopy_CastAiCore_Cast,N/A,N/A,1790932581101685.256	,596.392,0.000000,0
7,aclnnMul_MulAiCore_Mul,N/A,N/A,1790932581102281.668	,263.725,0.108000,0
7,aclnnMatmul_MatMulV3Common_MatMulV3,N/A,N/A,1790932581102545.433	,3953.799,0.025000,0
7,aclnnInplaceCopy_SliceAiCore_Slice,N/A,N/A,1790932581106499.252	,520.871,0.000000,0
7,aclnnInplaceCopy_CastAiCore_Cast,N/A,N/A,1790932581107020.143	,706.574,0.129000,0
7,aclnnPowTensorScalar_PowsAiCore_Pows,N/A,N/A,1790932581107726.737	,1031.020,0.000000,0
7,aclnnMean_ReduceMeanAiCore_ReduceMean,N/A,N/A,1790932581108758.837	,579.412,0.980000,0
7,aclnnAdds_AddAiCore_Add,N/A,N/A,1790932581109339.329	,10.340,1.088000,0
7,aclnnRsqrt_RsqrtAiCore_Rsqrt,N/A,N/A,1790932581109349.689	,9.880,0.160000,0
7,aclnnMul_MulAiCore_Mul,N/A,N/A,1790932581109359.589	,830.977,0.000000,0
7,aclnnInplaceCopy_CastAiCore_Cast,N/A,N/A,1790932581110190.606	,878.517,0.023000,0
7,aclnnMul_MulAiCore_Mul,N/A,N/A,1790932581111069.143	,438.649,0.233000,0
7,aclnnInplaceCopy_SliceAiCore_Slice,N/A,N/A,1790932581111507.812	,120.243,0.000000,0
7,aclnnInplaceCopy_CastAiCore_Cast,N/A,N/A,1790932581111628.075	,72.281,0.007000,0
7,aclnnPowTensorScalar_PowsAiCore_Pows,N/A,N/A,1790932581111700.396	,133.083,0.219000,0
7,aclnnMean_ReduceMeanAiCore_ReduceMean,N/A,N/A,1790932581111834.459	,90.842,0.917000,0
7,aclnnAdds_AddAiCore_Add,N/A,N/A,1790932581111926.281	,7.880,0.908000,0
7,aclnnRsqrt_RsqrtAiCore_Rsqrt,N/A,N/A,1790932581111934.181	,8.880,0.120000,0
7,aclnnMul_MulAiCore_Mul,N/A,N/A,1790932581111943.081	,110.642,0.000000,0
7,aclnnInplaceCopy_CastAiCore_Cast,N/A,N/A,1790932581112053.743	,67.001,0.108000,0
7,aclnnMul_MulAiCore_Mul,N/A,N/A,1790932581112120.784	,61.842,0.000000,0
7,aclnnMul_TransposeAiCore_Transpose,N/A,N/A,1790932581112182.666	,920.278,0.158000,0
7,aclnnMul_MulAiCore_Mul,N/A,N/A,1790932581113102.984	,457.909,0.000000,0
7,aclnnNeg_AsStridedAiCore_AsStrided,N/A,N/A,1790932581113560.913	,397.468,0.091000,0
7,aclnnNeg_NegAiCore_Neg,N/A,N/A,1790932581113958.401	,202.624,0.032000,0
7,aclnnCat_AsStridedAiCore_AsStrided,N/A,N/A,1790932581114161.045	,440.669,0.000000,0
7,aclnnCat_ConcatD_ConcatD,N/A,N/A,1790932581114601.734	,465.309,0.081000,0
7,aclnnMul_MulAiCore_Mul,N/A,N/A,1790932581115067.083	,436.289,0.000000,0
7,aclnnAdd_AddAiCore_Add,N/A,N/A,1790932581115503.392	,813.676,0.211000,0
7,aclnnMul_TransposeAiCore_Transpose,N/A,N/A,1790932581116317.088	,126.583,0.000000,0
7,aclnnMul_MulAiCore_Mul,N/A,N/A,1790932581116443.691	,56.741,0.167000,0
7,aclnnNeg_AsStridedAiCore_AsStrided,N/A,N/A,1790932581116500.452	,123.022,0.009000,0
7,aclnnNeg_NegAiCore_Neg,N/A,N/A,1790932581116623.494	,29.601,0.000000,0
7,aclnnCat_AsStridedAiCore_AsStrided,N/A,N/A,1790932581116653.115	,49.521,0.000000,0
7,aclnnCat_ConcatD_ConcatD,N/A,N/A,1790932581116702.676	,40.721,0.229000,0
7,aclnnMul_MulAiCore_Mul,N/A,N/A,1790932581116743.437	,61.341,0.029000,0
7,aclnnAdd_AddAiCore_Add,N/A,N/A,1790932581116804.798	,162.883,0.000000,0
7,aclnnInplaceCopy_AsStridedAiCore_AsStrided,N/A,N/A,1790932581116967.701	,144.743,0.117000,0
7,InnerPromptFlashAttention_PromptFlashAttention_PromptFlashAttention,N/A,N/A,1790932581117113.604	,7290.446,1.007000,0
7,aclnnInplaceCopy_TransposeAiCore_Transpose,N/A,N/A,1790932581124404.910	,1259.345,1.054000,0
7,aclnnMatmul_MatMulV3Common_MatMulV3,N/A,N/A,1790932581125664.275	,2884.718,0.000000,0
7,aclnnAdd_AddAiCore_Add,N/A,N/A,1790932581128549.013	,506.590,0.032000,0
7,aclnnInplaceCopy_CastAiCore_Cast,N/A,N/A,1790932581129055.623	,413.888,0.000000,0
7,aclnnPowTensorScalar_PowsAiCore_Pows,N/A,N/A,1790932581129469.531	,657.033,0.112000,0
7,aclnnMean_ReduceMeanAiCore_ReduceMean,N/A,N/A,1790932581130127.824	,431.169,1.217000,0
7,aclnnAdds_AddAiCore_Add,N/A,N/A,1790932581130559.773	,5.740,0.831000,0
7,aclnnRsqrt_RsqrtAiCore_Rsqrt,N/A,N/A,1790932581130565.553	,7.140,0.010000,0
7,aclnnMul_MulAiCore_Mul,N/A,N/A,1790932581130572.713	,458.849,0.110000,0
7,aclnnInplaceCopy_CastAiCore_Cast,N/A,N/A,1790932581131031.582	,597.532,0.000000,0
7,aclnnMul_MulAiCore_Mul,N/A,N/A,1790932581131629.134	,261.005,0.218000,0
7,aclnnMatmul_MatMulV3Common_MatMulV3,N/A,N/A,1790932581131890.159	,12573.832,0.000000,0
7,aclnnSilu_SliceAiCore_Slice,N/A,N/A,1790932581144464.011	,1196.344,0.000000,0
7,aclnnSilu_SiluAiCore_Swish,N/A,N/A,1790932581145660.375	,1260.405,0.156000,0
7,aclnnMul_SliceAiCore_Slice,N/A,N/A,1790932581146920.800	,1190.564,0.000000,0
7,aclnnMul_MulAiCore_Mul,N/A,N/A,1790932581148111.384	,1909.458,0.186000,0
7,aclnnMatmul_MatMulV3Common_MatMulV3,N/A,N/A,1790932581150020.862	,6678.533,0.000000,0
7,aclnnAdd_AddAiCore_Add,N/A,N/A,1790932581156699.415	,490.190,0.217000,0
7,aclnnAdd_AddAiCore_Add,N/A,N/A,1790932581157189.625	,509.390,0.000000,0
7,aclnnInplaceCopy_CastAiCore_Cast,N/A,N/A,1790932581157699.055	,412.128,0.110000,0
7,aclnnPowTensorScalar_PowsAiCore_Pows,N/A,N/A,1790932581158111.203	,658.233,0.122000,0
7,aclnnMean_ReduceMeanAiCore_ReduceMean,N/A,N/A,1790932581158770.357	,429.948,0.767000,0
7,aclnnAdds_AddAiCore_Add,N/A,N/A,1790932581159201.105	,5.880,0.802000,0
7,aclnnRsqrt_RsqrtAiCore_Rsqrt,N/A,N/A,1790932581159207.025	,7.160,0.120000,0
7,aclnnMul_MulAiCore_Mul,N/A,N/A,1790932581159214.205	,456.630,0.090000,0
7,aclnnInplaceCopy_CastAiCore_Cast,N/A,N/A,1790932581159670.855	,597.391,0.000000,0
7,aclnnMul_MulAiCore_Mul,N/A,N/A,1790932581160268.266	,262.846,0.109000,0
7,aclnnMatmul_MatMulV3Common_MatMulV3,N/A,N/A,1790932581160531.152	,3954.359,0.154000,0
7,aclnnInplaceCopy_SliceAiCore_Slice,N/A,N/A,1790932581164485.531	,520.670,0.000000,0
7,aclnnInplaceCopy_CastAiCore_Cast,N/A,N/A,1790932581165006.221	,707.014,0.080000,0
7,aclnnPowTensorScalar_PowsAiCore_Pows,N/A,N/A,1790932581165713.255	,1033.841,0.000000,0
7,aclnnMean_ReduceMeanAiCore_ReduceMean,N/A,N/A,1790932581166748.016	,580.412,0.909000,0
7,aclnnAdds_AddAiCore_Add,N/A,N/A,1790932581167329.108	,10.360,0.588000,0
7,aclnnRsqrt_RsqrtAiCore_Rsqrt,N/A,N/A,1790932581167339.488	,9.880,0.140000,0
7,aclnnMul_MulAiCore_Mul,N/A,N/A,1790932581167349.388	,835.857,0.120000,0
7,aclnnInplaceCopy_CastAiCore_Cast,N/A,N/A,1790932581168185.265	,877.217,0.000000,0
7,aclnnMul_MulAiCore_Mul,N/A,N/A,1790932581169062.502	,438.469,0.033000,0
7,aclnnInplaceCopy_SliceAiCore_Slice,N/A,N/A,1790932581169500.991	,119.222,0.031000,0
7,aclnnInplaceCopy_CastAiCore_Cast,N/A,N/A,1790932581169620.253	,74.382,0.028000,0
7,aclnnPowTensorScalar_PowsAiCore_Pows,N/A,N/A,1790932581169694.655	,133.702,0.118000,0
7,aclnnMean_ReduceMeanAiCore_ReduceMean,N/A,N/A,1790932581169829.437	,90.382,1.048000,0
7,aclnnAdds_AddAiCore_Add,N/A,N/A,1790932581169920.659	,7.560,0.868000,0
7,aclnnRsqrt_RsqrtAiCore_Rsqrt,N/A,N/A,1790932581169928.239	,8.701,0.000000,0
7,aclnnMul_MulAiCore_Mul,N/A,N/A,1790932581169936.960	,110.322,0.049000,0
7,aclnnInplaceCopy_CastAiCore_Cast,N/A,N/A,1790932581170047.302	,62.981,0.000000,0
7,aclnnMul_MulAiCore_Mul,N/A,N/A,1790932581170110.303	,62.001,0.019000,0
7,aclnnMul_TransposeAiCore_Transpose,N/A,N/A,1790932581170172.324	,922.459,0.000000,0
7,aclnnMul_MulAiCore_Mul,N/A,N/A,1790932581171094.803	,458.409,0.041000,0
7,aclnnNeg_AsStridedAiCore_AsStrided,N/A,N/A,1790932581171553.232	,397.668,0.091000,0
7,aclnnNeg_NegAiCore_Neg,N/A,N/A,1790932581171950.920	,202.564,0.082000,0
7,aclnnCat_AsStridedAiCore_AsStrided,N/A,N/A,1790932581172153.504	,441.389,0.000000,0
7,aclnnCat_ConcatD_ConcatD,N/A,N/A,1790932581172594.913	,464.889,0.111000,0
7,aclnnMul_MulAiCore_Mul,N/A,N/A,1790932581173059.822	,434.609,0.000000,0
7,aclnnAdd_AddAiCore_Add,N/A,N/A,1790932581173494.471	,814.976,0.141000,0
7,aclnnMul_TransposeAiCore_Transpose,N/A,N/A,1790932581174309.487	,137.483,0.024000,0
7,aclnnMul_MulAiCore_Mul,N/A,N/A,1790932581174446.990	,55.521,0.017000,0
7,aclnnNeg_AsStridedAiCore_AsStrided,N/A,N/A,1790932581174502.531	,121.602,0.000000,0
7,aclnnNeg_NegAiCore_Neg,N/A,N/A,1790932581174624.153	,29.601,0.148000,0
7,aclnnCat_AsStridedAiCore_AsStrided,N/A,N/A,1790932581174653.774	,48.321,0.000000,0
7,aclnnCat_ConcatD_ConcatD,N/A,N/A,1790932581174702.115	,40.461,0.000000,0
7,aclnnMul_MulAiCore_Mul,N/A,N/A,1790932581174742.596	,59.721,0.039000,0
7,aclnnAdd_AddAiCore_Add,N/A,N/A,1790932581174802.337	,163.283,0.029000,0
7,aclnnInplaceCopy_AsStridedAiCore_AsStrided,N/A,N/A,1790932581174965.640	,147.123,0.217000,0
7,InnerPromptFlashAttention_PromptFlashAttention_PromptFlashAttention,N/A,N/A,1790932581175113.863	,7344.627,0.877000,0
7,aclnnInplaceCopy_TransposeAiCore_Transpose,N/A,N/A,1790932581182459.410	,1255.205,1.123000,0
7,aclnnMatmul_MatMulV3Common_MatMulV3,N/A,N/A,1790932581183714.635	,2891.578,0.045000,0
7,aclnnAdd_AddAiCore_Add,N/A,N/A,1790932581186606.253	,504.970,0.000000,0
7,aclnnInplaceCopy_CastAiCore_Cast,N/A,N/A,1790932581187111.243	,412.568,0.030000,0
7,aclnnPowTensorScalar_PowsAiCore_Pows,N/A,N/A,1790932581187523.831	,660.373,0.000000,0
7,aclnnMean_ReduceMeanAiCore_ReduceMean,N/A,N/A,1790932581188185.344	,431.389,1.127000,0
7,aclnnAdds_AddAiCore_Add,N/A,N/A,1790932581188617.593	,6.000,0.861000,0
7,aclnnRsqrt_RsqrtAiCore_Rsqrt,N/A,N/A,1790932581188623.613	,7.020,0.000000,0
7,aclnnMul_MulAiCore_Mul,N/A,N/A,1790932581188630.673	,451.029,0.230000,0
7,aclnnInplaceCopy_CastAiCore_Cast,N/A,N/A,1790932581189081.722	,598.652,0.000000,0
7,aclnnMul_MulAiCore_Mul,N/A,N/A,1790932581189680.394	,260.885,0.098000,0
7,aclnnMatmul_MatMulV3Common_MatMulV3,N/A,N/A,1790932581189941.299	,12594.672,0.000000,0
7,aclnnSilu_SliceAiCore_Slice,N/A,N/A,1790932581202535.991	,1198.444,0.078000,0
7,aclnnSilu_SiluAiCore_Swish,N/A,N/A,1790932581203734.455	,1266.585,0.056000,0
7,aclnnMul_SliceAiCore_Slice,N/A,N/A,1790932581205001.060	,1190.904,0.000000,0
7,aclnnMul_MulAiCore_Mul,N/A,N/A,1790932581206191.984	,1910.758,0.096000,0
7,aclnnMatmul_MatMulV3Common_MatMulV3,N/A,N/A,1790932581208102.762	,6681.394,0.000000,0
7,aclnnAdd_AddAiCore_Add,N/A,N/A,1790932581214784.196	,491.869,0.106000,0
7,aclnnInplaceCopy_CastAiCore_Cast,N/A,N/A,1790932581215276.085	,412.289,0.000000,0
7,aclnnPowTensorScalar_PowsAiCore_Pows,N/A,N/A,1790932581215688.394	,657.433,0.211000,0
7,aclnnMean_ReduceMeanAiCore_ReduceMean,N/A,N/A,1790932581216347.167	,433.569,1.317000,0
7,aclnnAdds_AddAiCore_Add,N/A,N/A,1790932581216781.576	,5.880,0.681000,0
7,aclnnRsqrt_RsqrtAiCore_Rsqrt,N/A,N/A,1790932581216787.476	,7.120,0.120000,0
7,aclnnMul_MulAiCore_Mul,N/A,N/A,1790932581216794.616	,453.309,0.000000,0
7,aclnnInplaceCopy_CastAiCore_Cast,N/A,N/A,1790932581217247.945	,597.232,0.191000,0
7,aclnnMul_MulAiCore_Mul,N/A,N/A,1790932581217845.197	,263.065,0.018000,0
7,aclnnMatmul_MatMulV3Common_MatMulV3,N/A,N/A,1790932581218108.282	,3945.299,0.000000,0
7,aclnnInplaceCopy_SliceAiCore_Slice,N/A,N/A,1790932581222053.601	,521.170,0.000000,0
7,aclnnInplaceCopy_CastAiCore_Cast,N/A,N/A,1790932581222574.791	,703.754,0.080000,0
7,aclnnPowTensorScalar_PowsAiCore_Pows,N/A,N/A,1790932581223278.565	,1033.921,0.000000,0
7,aclnnMean_ReduceMeanAiCore_ReduceMean,N/A,N/A,1790932581224313.806	,573.512,1.329000,0
7,aclnnAdds_AddAiCore_Add,N/A,N/A,1790932581224888.118	,13.200,0.738000,0
7,aclnnRsqrt_RsqrtAiCore_Rsqrt,N/A,N/A,1790932581224901.338	,9.900,0.050000,0
7,aclnnMul_MulAiCore_Mul,N/A,N/A,1790932581224911.258	,836.417,0.100000,0
7,aclnnInplaceCopy_CastAiCore_Cast,N/A,N/A,1790932581225747.695	,876.597,0.083000,0
7,aclnnMul_MulAiCore_Mul,N/A,N/A,1790932581226624.312	,439.109,0.000000,0
7,aclnnInplaceCopy_SliceAiCore_Slice,N/A,N/A,1790932581227063.461	,119.882,0.141000,0
7,aclnnInplaceCopy_CastAiCore_Cast,N/A,N/A,1790932581227183.363	,75.362,0.000000,0
7,aclnnPowTensorScalar_PowsAiCore_Pows,N/A,N/A,1790932581227258.745	,135.083,0.138000,0
7,aclnnMean_ReduceMeanAiCore_ReduceMean,N/A,N/A,1790932581227394.888	,95.942,1.167000,0
7,aclnnAdds_AddAiCore_Add,N/A,N/A,1790932581227491.690	,8.180,0.808000,0
7,aclnnRsqrt_RsqrtAiCore_Rsqrt,N/A,N/A,1790932581227499.890	,8.840,0.070000,0
7,aclnnMul_MulAiCore_Mul,N/A,N/A,1790932581227508.750	,109.062,0.000000,0
7,aclnnInplaceCopy_CastAiCore_Cast,N/A,N/A,1790932581227617.832	,63.821,0.000000,0
7,aclnnMul_MulAiCore_Mul,N/A,N/A,1790932581227681.673	,61.862,0.179000,0
7,aclnnMul_TransposeAiCore_Transpose,N/A,N/A,1790932581227743.555	,919.438,0.000000,0
7,aclnnMul_MulAiCore_Mul,N/A,N/A,1790932581228663.013	,457.649,0.062000,0
7,aclnnNeg_AsStridedAiCore_AsStrided,N/A,N/A,1790932581229120.682	,398.148,0.101000,0
7,aclnnNeg_NegAiCore_Neg,N/A,N/A,1790932581229518.850	,205.124,0.000000,0
7,aclnnCat_AsStridedAiCore_AsStrided,N/A,N/A,1790932581229723.994	,442.709,0.126000,0
7,aclnnCat_ConcatD_ConcatD,N/A,N/A,1790932581230166.723	,463.409,0.041000,0
7,aclnnMul_MulAiCore_Mul,N/A,N/A,1790932581230630.152	,434.849,0.091000,0
7,aclnnAdd_AddAiCore_Add,N/A,N/A,1790932581231065.021	,813.376,0.000000,0
7,aclnnMul_TransposeAiCore_Transpose,N/A,N/A,1790932581231878.437	,126.423,0.124000,0
7,aclnnMul_MulAiCore_Mul,N/A,N/A,1790932581232004.880	,55.541,0.077000,0
7,aclnnNeg_AsStridedAiCore_AsStrided,N/A,N/A,1790932581232060.441	,122.602,0.000000,0
7,aclnnNeg_NegAiCore_Neg,N/A,N/A,1790932581232183.063	,29.621,0.000000,0
7,aclnnCat_AsStridedAiCore_AsStrided,N/A,N/A,1790932581232212.704	,47.481,0.129000,0
7,aclnnCat_ConcatD_ConcatD,N/A,N/A,1790932581232260.225	,40.441,0.019000,0
7,aclnnMul_MulAiCore_Mul,N/A,N/A,1790932581232300.686	,60.761,0.059000,0
7,aclnnAdd_AddAiCore_Add,N/A,N/A,1790932581232361.467	,161.403,0.000000,0
7,aclnnInplaceCopy_AsStridedAiCore_AsStrided,N/A,N/A,1790932581232522.890	,147.843,0.097000,0
7,InnerPromptFlashAttention_PromptFlashAttention_PromptFlashAttention,N/A,N/A,1790932581232671.853	,7347.447,0.907000,0
7,aclnnInplaceCopy_TransposeAiCore_Transpose,N/A,N/A,1790932581240020.020	,1254.625,0.803000,0
7,aclnnMatmul_MatMulV3Common_MatMulV3,N/A,N/A,1790932581241274.665	,2885.638,0.125000,0
7,aclnnAdd_AddAiCore_Add,N/A,N/A,1790932581244160.323	,509.930,0.000000,0
7,aclnnInplaceCopy_CastAiCore_Cast,N/A,N/A,1790932581244670.273	,415.408,0.070000,0
7,aclnnPowTensorScalar_PowsAiCore_Pows,N/A,N/A,1790932581245085.701	,658.373,0.092000,0
7,aclnnMean_ReduceMeanAiCore_ReduceMean,N/A,N/A,1790932581245745.234	,431.249,1.127000,0
7,aclnnAdds_AddAiCore_Add,N/A,N/A,1790932581246177.203	,5.760,0.751000,0
7,aclnnRsqrt_RsqrtAiCore_Rsqrt,N/A,N/A,1790932581246182.983	,7.140,0.000000,0
7,aclnnMul_MulAiCore_Mul,N/A,N/A,1790932581246190.143	,463.889,0.110000,0
7,aclnnInplaceCopy_CastAiCore_Cast,N/A,N/A,1790932581246654.052	,594.752,0.000000,0
7,aclnnMul_MulAiCore_Mul,N/A,N/A,1790932581247248.844	,260.026,0.000000,0
7,aclnnMatmul_MatMulV3Common_MatMulV3,N/A,N/A,1790932581247508.910	,12572.111,0.224000,0
7,aclnnSilu_SliceAiCore_Slice,N/A,N/A,1790932581260081.061	,1200.164,0.000000,0
7,aclnnSilu_SiluAiCore_Swish,N/A,N/A,1790932581261281.245	,1243.345,0.086000,0
7,aclnnMul_SliceAiCore_Slice,N/A,N/A,1790932581262524.610	,1202.944,0.000000,0
7,aclnnMul_MulAiCore_Mul,N/A,N/A,1790932581263727.574	,1933.378,0.056000,0
7,aclnnMatmul_MatMulV3Common_MatMulV3,N/A,N/A,1790932581265660.972	,6670.773,0.122000,0
7,aclnnAdd_AddAiCore_Add,N/A,N/A,1790932581272331.765	,488.430,0.000000,0
7,aclnnInplaceCopy_CastAiCore_Cast,N/A,N/A,1790932581272820.215	,413.428,0.070000,0
7,aclnnPowTensorScalar_PowsAiCore_Pows,N/A,N/A,1790932581273233.663	,657.394,0.072000,0
7,aclnnMean_ReduceMeanAiCore_ReduceMean,N/A,N/A,1790932581273892.297	,428.868,1.106000,0
7,aclnnAdds_AddAiCore_Add,N/A,N/A,1790932581274321.805	,6.200,0.632000,0
7,aclnnRsqrt_RsqrtAiCore_Rsqrt,N/A,N/A,1790932581274328.045	,7.261,0.050000,0
7,aclnnMul_MulAiCore_Mul,N/A,N/A,1790932581274335.326	,457.229,0.000000,0
7,aclnnInplaceCopy_CastAiCore_Cast,N/A,N/A,1790932581274792.575	,598.172,0.021000,0
7,aclnnMul_MulAiCore_Mul,N/A,N/A,1790932581275390.787	,260.725,0.078000,0
7,aclnnMatmul_MatMulV3Common_MatMulV3,N/A,N/A,1790932581275651.532	,3985.119,0.025000,0
7,aclnnInplaceCopy_SliceAiCore_Slice,N/A,N/A,1790932581279636.671	,523.591,0.131000,0
7,aclnnInplaceCopy_CastAiCore_Cast,N/A,N/A,1790932581280160.302	,705.114,0.000000,0
7,aclnnPowTensorScalar_PowsAiCore_Pows,N/A,N/A,1790932581280865.436	,1029.141,0.136000,0
7,aclnnMean_ReduceMeanAiCore_ReduceMean,N/A,N/A,1790932581281895.837	,579.731,1.109000,0
7,aclnnAdds_AddAiCore_Add,N/A,N/A,1790932581282476.808	,9.920,1.269000,0
7,aclnnRsqrt_RsqrtAiCore_Rsqrt,N/A,N/A,1790932581282486.748	,9.981,0.080000,0
7,aclnnMul_MulAiCore_Mul,N/A,N/A,1790932581282496.769	,833.456,0.019000,0
7,aclnnInplaceCopy_CastAiCore_Cast,N/A,N/A,1790932581283330.245	,876.638,0.044000,0
7,aclnnMul_MulAiCore_Mul,N/A,N/A,1790932581284206.903	,438.228,0.112000,0
7,aclnnInplaceCopy_SliceAiCore_Slice,N/A,N/A,1790932581284645.171	,119.203,0.022000,0
7,aclnnInplaceCopy_CastAiCore_Cast,N/A,N/A,1790932581284764.394	,75.941,0.047000,0
7,aclnnPowTensorScalar_PowsAiCore_Pows,N/A,N/A,1790932581284840.355	,132.243,0.000000,0
7,aclnnMean_ReduceMeanAiCore_ReduceMean,N/A,N/A,1790932581284974.018	,91.022,1.507000,0
7,aclnnAdds_AddAiCore_Add,N/A,N/A,1790932581285065.820	,7.840,0.728000,0
7,aclnnRsqrt_RsqrtAiCore_Rsqrt,N/A,N/A,1790932581285073.680	,8.760,0.160000,0
7,aclnnMul_MulAiCore_Mul,N/A,N/A,1790932581285082.460	,110.062,0.000000,0
7,aclnnInplaceCopy_CastAiCore_Cast,N/A,N/A,1790932581285192.542	,62.662,0.000000,0
7,aclnnMul_MulAiCore_Mul,N/A,N/A,1790932581285255.224	,67.861,0.088000,0
7,aclnnMul_TransposeAiCore_Transpose,N/A,N/A,1790932581285323.105	,919.478,0.000000,0
7,aclnnMul_MulAiCore_Mul,N/A,N/A,1790932581286242.603	,457.590,0.022000,0
7,aclnnNeg_AsStridedAiCore_AsStrided,N/A,N/A,1790932581286700.213	,401.688,0.160000,0
7,aclnnNeg_NegAiCore_Neg,N/A,N/A,1790932581287101.941	,203.944,0.062000,0
7,aclnnCat_AsStridedAiCore_AsStrided,N/A,N/A,1790932581287305.905	,442.909,0.056000,0
7,aclnnCat_ConcatD_ConcatD,N/A,N/A,1790932581287748.834	,467.009,0.000000,0
7,aclnnMul_MulAiCore_Mul,N/A,N/A,1790932581288215.863	,433.809,0.000000,0
7,aclnnAdd_AddAiCore_Add,N/A,N/A,1790932581288649.692	,815.816,0.191000,0
7,aclnnMul_TransposeAiCore_Transpose,N/A,N/A,1790932581289465.528	,128.422,0.000000,0
7,aclnnMul_MulAiCore_Mul,N/A,N/A,1790932581289593.970	,56.321,0.078000,0
7,aclnnNeg_AsStridedAiCore_AsStrided,N/A,N/A,1790932581289650.311	,121.163,0.000000,0
7,aclnnNeg_NegAiCore_Neg,N/A,N/A,1790932581289771.494	,28.760,0.087000,0
7,aclnnCat_AsStridedAiCore_AsStrided,N/A,N/A,1790932581289800.274	,48.081,0.000000,0
7,aclnnCat_ConcatD_ConcatD,N/A,N/A,1790932581289848.375	,41.521,0.169000,0
7,aclnnMul_MulAiCore_Mul,N/A,N/A,1790932581289889.916	,61.482,0.000000,0
7,aclnnAdd_AddAiCore_Add,N/A,N/A,1790932581289951.438	,163.223,0.018000,0
7,aclnnInplaceCopy_AsStridedAiCore_AsStrided,N/A,N/A,1790932581290114.681	,144.843,0.027000,0
7,InnerPromptFlashAttention_PromptFlashAttention_PromptFlashAttention,N/A,N/A,1790932581290260.504	,7353.187,0.907000,0
7,aclnnInplaceCopy_TransposeAiCore_Transpose,N/A,N/A,1790932581297614.471	,1258.445,0.813000,0
7,aclnnMatmul_MatMulV3Common_MatMulV3,N/A,N/A,1790932581298872.936	,2887.217,0.055000,0
7,aclnnAdd_AddAiCore_Add,N/A,N/A,1790932581301760.173	,506.351,0.033000,0
7,aclnnInplaceCopy_CastAiCore_Cast,N/A,N/A,1790932581302266.544	,413.268,0.000000,0
7,aclnnPowTensorScalar_PowsAiCore_Pows,N/A,N/A,1790932581302679.832	,655.473,0.000000,0
7,aclnnMean_ReduceMeanAiCore_ReduceMean,N/A,N/A,1790932581303336.485	,429.569,1.277000,0
7,aclnnAdds_AddAiCore_Add,N/A,N/A,1790932581303767.194	,5.760,1.181000,0
7,aclnnRsqrt_RsqrtAiCore_Rsqrt,N/A,N/A,1790932581303772.974	,7.260,0.000000,0
7,aclnnMul_MulAiCore_Mul,N/A,N/A,1790932581303780.254	,455.069,0.000000,0
7,aclnnInplaceCopy_CastAiCore_Cast,N/A,N/A,1790932581304235.343	,597.732,0.000000,0
7,aclnnMul_MulAiCore_Mul,N/A,N/A,1790932581304833.095	,259.525,0.018000,0
7,aclnnMatmul_MatMulV3Common_MatMulV3,N/A,N/A,1790932581305092.640	,12578.731,0.225000,0
7,aclnnSilu_SliceAiCore_Slice,N/A,N/A,1790932581317671.411	,1196.684,0.019000,0
7,aclnnSilu_SiluAiCore_Swish,N/A,N/A,1790932581318868.115	,1262.625,0.000000,0
7,aclnnMul_SliceAiCore_Slice,N/A,N/A,1790932581320130.760	,1190.284,0.125000,0
7,aclnnMul_MulAiCore_Mul,N/A,N/A,1790932581321321.084	,1913.519,0.000000,0
7,aclnnMatmul_MatMulV3Common_MatMulV3,N/A,N/A,1790932581323234.623	,6686.553,0.000000,0
7,aclnnAdd_AddAiCore_Add,N/A,N/A,1790932581329921.216	,491.730,0.197000,0
7,aclnnInplaceCopy_CastAiCore_Cast,N/A,N/A,1790932581330412.966	,413.448,0.020000,0
7,aclnnPowTensorScalar_PowsAiCore_Pows,N/A,N/A,1790932581330826.434	,658.353,0.052000,0
7,aclnnMean_ReduceMeanAiCore_ReduceMean,N/A,N/A,1790932581331485.847	,427.849,0.897000,0
7,aclnnAdds_AddAiCore_Add,N/A,N/A,1790932581331914.696	,5.960,1.151000,0
7,aclnnRsqrt_RsqrtAiCore_Rsqrt,N/A,N/A,1790932581331920.676	,7.280,0.040000,0
7,aclnnMul_MulAiCore_Mul,N/A,N/A,1790932581331927.976	,459.869,0.000000,0
7,aclnnInplaceCopy_CastAiCore_Cast,N/A,N/A,1790932581332387.885	,595.752,0.131000,0
7,aclnnMul_MulAiCore_Mul,N/A,N/A,1790932581332983.657	,263.466,0.000000,0
7,aclnnMatmul_MatMulV3Common_MatMulV3,N/A,N/A,1790932581333247.143	,3973.479,0.034000,0
7,aclnnInplaceCopy_SliceAiCore_Slice,N/A,N/A,1790932581337220.642	,520.570,0.021000,0
7,aclnnInplaceCopy_CastAiCore_Cast,N/A,N/A,1790932581337741.232	,704.354,0.000000,0
7,aclnnPowTensorScalar_PowsAiCore_Pows,N/A,N/A,1790932581338445.606	,1034.281,0.000000,0
7,aclnnMean_ReduceMeanAiCore_ReduceMean,N/A,N/A,1790932581339481.067	,573.812,1.219000,0
7,aclnnAdds_AddAiCore_Add,N/A,N/A,1790932581340055.599	,10.540,0.688000,0
7,aclnnRsqrt_RsqrtAiCore_Rsqrt,N/A,N/A,1790932581340066.159	,10.040,0.210000,0
7,aclnnMul_MulAiCore_Mul,N/A,N/A,1790932581340076.219	,834.437,0.000000,0
7,aclnnInplaceCopy_CastAiCore_Cast,N/A,N/A,1790932581340910.676	,878.017,0.063000,0
7,aclnnMul_MulAiCore_Mul,N/A,N/A,1790932581341788.713	,436.669,0.000000,0
7,aclnnInplaceCopy_SliceAiCore_Slice,N/A,N/A,1790932581342225.402	,125.562,0.081000,0
7,aclnnInplaceCopy_CastAiCore_Cast,N/A,N/A,1790932581342350.984	,72.802,0.000000,0
7,aclnnPowTensorScalar_PowsAiCore_Pows,N/A,N/A,1790932581342423.826	,129.342,0.000000,0
7,aclnnMean_ReduceMeanAiCore_ReduceMean,N/A,N/A,1790932581342554.169	,88.861,1.158000,0
7,aclnnAdds_AddAiCore_Add,N/A,N/A,1790932581342644.190	,7.820,1.139000,0
7,aclnnRsqrt_RsqrtAiCore_Rsqrt,N/A,N/A,1790932581342652.030	,8.701,0.000000,0
7,aclnnMul_MulAiCore_Mul,N/A,N/A,1790932581342660.771	,109.642,0.049000,0
7,aclnnInplaceCopy_CastAiCore_Cast,N/A,N/A,1790932581342770.453	,67.561,0.108000,0
7,aclnnMul_MulAiCore_Mul,N/A,N/A,1790932581342838.034	,62.321,0.000000,0
7,aclnnMul_TransposeAiCore_Transpose,N/A,N/A,1790932581342900.395	,925.079,0.179000,0
7,aclnnMul_MulAiCore_Mul,N/A,N/A,1790932581343825.494	,457.129,0.000000,0
7,aclnnNeg_AsStridedAiCore_AsStrided,N/A,N/A,1790932581344282.643	,400.828,0.121000,0
7,aclnnNeg_NegAiCore_Neg,N/A,N/A,1790932581344683.491	,206.844,0.000000,0
7,aclnnCat_AsStridedAiCore_AsStrided,N/A,N/A,1790932581344890.355	,441.729,0.000000,0
7,aclnnCat_ConcatD_ConcatD,N/A,N/A,1790932581345332.104	,461.149,0.021000,0
7,aclnnMul_MulAiCore_Mul,N/A,N/A,1790932581345793.293	,434.569,0.101000,0
7,aclnnAdd_AddAiCore_Add,N/A,N/A,1790932581346227.882	,814.256,0.181000,0
7,aclnnMul_TransposeAiCore_Transpose,N/A,N/A,1790932581347042.158	,127.003,0.000000,0
7,aclnnMul_MulAiCore_Mul,N/A,N/A,1790932581347169.181	,57.841,0.000000,0
7,aclnnNeg_AsStridedAiCore_AsStrided,N/A,N/A,1790932581347227.042	,120.402,0.000000,0
7,aclnnNeg_NegAiCore_Neg,N/A,N/A,1790932581347347.464	,28.981,0.098000,0
7,aclnnCat_AsStridedAiCore_AsStrided,N/A,N/A,1790932581347376.465	,49.381,0.019000,0
7,aclnnCat_ConcatD_ConcatD,N/A,N/A,1790932581347425.866	,41.141,0.000000,0
7,aclnnMul_MulAiCore_Mul,N/A,N/A,1790932581347467.027	,61.601,0.109000,0
7,aclnnAdd_AddAiCore_Add,N/A,N/A,1790932581347528.648	,161.443,0.149000,0
7,aclnnInplaceCopy_AsStridedAiCore_AsStrided,N/A,N/A,1790932581347690.111	,144.663,0.000000,0
7,InnerPromptFlashAttention_PromptFlashAttention_PromptFlashAttention,N/A,N/A,1790932581347835.874	,7355.507,1.087000,0
7,aclnnInplaceCopy_TransposeAiCore_Transpose,N/A,N/A,1790932581355192.481	,1256.365,1.243000,0
7,aclnnMatmul_MatMulV3Common_MatMulV3,N/A,N/A,1790932581356448.866	,2876.998,0.000000,0
7,aclnnAdd_AddAiCore_Add,N/A,N/A,1790932581359325.884	,510.170,0.252000,0
7,aclnnInplaceCopy_CastAiCore_Cast,N/A,N/A,1790932581359836.074	,414.368,0.000000,0
7,aclnnPowTensorScalar_PowsAiCore_Pows,N/A,N/A,1790932581360250.462	,655.353,0.132000,0
7,aclnnMean_ReduceMeanAiCore_ReduceMean,N/A,N/A,1790932581360907.015	,429.089,1.147000,0
7,aclnnAdds_AddAiCore_Add,N/A,N/A,1790932581361336.844	,5.760,0.661000,0
7,aclnnRsqrt_RsqrtAiCore_Rsqrt,N/A,N/A,1790932581361342.624	,7.000,0.000000,0
7,aclnnMul_MulAiCore_Mul,N/A,N/A,1790932581361349.644	,459.189,0.250000,0
7,aclnnInplaceCopy_CastAiCore_Cast,N/A,N/A,1790932581361808.853	,595.772,0.000000,0
7,aclnnMul_MulAiCore_Mul,N/A,N/A,1790932581362404.665	,261.105,0.228000,0
7,aclnnMatmul_MatMulV3Common_MatMulV3,N/A,N/A,1790932581362665.790	,12578.372,0.000000,0
7,aclnnSilu_SliceAiCore_Slice,N/A,N/A,1790932581375244.182	,1198.564,0.128000,0
7,aclnnSilu_SiluAiCore_Swish,N/A,N/A,1790932581376442.786	,1237.464,0.000000,0
7,aclnnMul_SliceAiCore_Slice,N/A,N/A,1790932581377680.290	,1198.564,0.036000,0
7,aclnnMul_MulAiCore_Mul,N/A,N/A,1790932581378878.874	,1933.279,0.000000,0
7,aclnnMatmul_MatMulV3Common_MatMulV3,N/A,N/A,1790932581380812.193	,6669.313,0.221000,0
7,aclnnAdd_AddAiCore_Add,N/A,N/A,1790932581387481.526	,490.230,0.000000,0
7,aclnnInplaceCopy_CastAiCore_Cast,N/A,N/A,1790932581387971.776	,414.268,0.020000,0
7,aclnnPowTensorScalar_PowsAiCore_Pows,N/A,N/A,1790932581388386.084	,658.433,0.000000,0
7,aclnnMean_ReduceMeanAiCore_ReduceMean,N/A,N/A,1790932581389045.817	,430.349,1.317000,0
7,aclnnAdds_AddAiCore_Add,N/A,N/A,1790932581389477.026	,6.060,0.901000,0
7,aclnnRsqrt_RsqrtAiCore_Rsqrt,N/A,N/A,1790932581389483.126	,7.100,0.190000,0
7,aclnnMul_MulAiCore_Mul,N/A,N/A,1790932581389490.246	,467.730,0.000000,0
7,aclnnInplaceCopy_CastAiCore_Cast,N/A,N/A,1790932581389957.996	,598.832,0.020000,0
7,aclnnMul_MulAiCore_Mul,N/A,N/A,1790932581390556.848	,261.285,0.000000,0
7,aclnnMatmul_MatMulV3Common_MatMulV3,N/A,N/A,1790932581390818.153	,3962.219,0.215000,0
7,aclnnInplaceCopy_SliceAiCore_Slice,N/A,N/A,1790932581394780.392	,522.150,0.031000,0
7,aclnnInplaceCopy_CastAiCore_Cast,N/A,N/A,1790932581395302.562	,706.975,0.000000,0
7,aclnnPowTensorScalar_PowsAiCore_Pows,N/A,N/A,1790932581396009.557	,1030.380,0.025000,0
7,aclnnMean_ReduceMeanAiCore_ReduceMean,N/A,N/A,1790932581397041.077	,580.112,1.120000,0
7,aclnnAdds_AddAiCore_Add,N/A,N/A,1790932581397622.089	,10.340,0.888000,0
7,aclnnRsqrt_RsqrtAiCore_Rsqrt,N/A,N/A,1790932581397632.449	,10.020,0.160000,0
7,aclnnMul_MulAiCore_Mul,N/A,N/A,1790932581397642.489	,832.877,0.000000,0
7,aclnnInplaceCopy_CastAiCore_Cast,N/A,N/A,1790932581398475.386	,877.297,0.123000,0
7,aclnnMul_MulAiCore_Mul,N/A,N/A,1790932581399352.723	,440.089,0.000000,0
7,aclnnInplaceCopy_SliceAiCore_Slice,N/A,N/A,1790932581399792.832	,119.023,0.000000,0
7,aclnnInplaceCopy_CastAiCore_Cast,N/A,N/A,1790932581399911.875	,73.101,0.227000,0
7,aclnnPowTensorScalar_PowsAiCore_Pows,N/A,N/A,1790932581399984.996	,135.003,0.000000,0
7,aclnnMean_ReduceMeanAiCore_ReduceMean,N/A,N/A,1790932581400121.179	,89.761,1.247000,0
7,aclnnAdds_AddAiCore_Add,N/A,N/A,1790932581400211.761	,7.920,0.739000,0
7,aclnnRsqrt_RsqrtAiCore_Rsqrt,N/A,N/A,1790932581400219.701	,8.820,0.080000,0
7,aclnnMul_MulAiCore_Mul,N/A,N/A,1790932581400228.541	,109.822,0.000000,0
7,aclnnInplaceCopy_CastAiCore_Cast,N/A,N/A,1790932581400338.383	,66.981,0.178000,0
7,aclnnMul_MulAiCore_Mul,N/A,N/A,1790932581400405.384	,62.142,0.019000,0
7,aclnnMul_TransposeAiCore_Transpose,N/A,N/A,1790932581400467.546	,922.258,0.000000,0
7,aclnnMul_MulAiCore_Mul,N/A,N/A,1790932581401389.824	,458.249,0.000000,0
7,aclnnNeg_AsStridedAiCore_AsStrided,N/A,N/A,1790932581401848.093	,397.848,0.001000,0
7,aclnnNeg_NegAiCore_Neg,N/A,N/A,1790932581402245.961	,202.164,0.152000,0
7,aclnnCat_AsStridedAiCore_AsStrided,N/A,N/A,1790932581402448.145	,441.769,0.086000,0
7,aclnnCat_ConcatD_ConcatD,N/A,N/A,1790932581402889.934	,463.569,0.000000,0
7,aclnnMul_MulAiCore_Mul,N/A,N/A,1790932581403353.523	,436.729,0.000000,0
7,aclnnAdd_AddAiCore_Add,N/A,N/A,1790932581403790.272	,814.456,0.021000,0
7,aclnnMul_TransposeAiCore_Transpose,N/A,N/A,1790932581404604.768	,125.543,0.044000,0
7,aclnnMul_MulAiCore_Mul,N/A,N/A,1790932581404730.351	,55.721,0.000000,0
7,aclnnNeg_AsStridedAiCore_AsStrided,N/A,N/A,1790932581404786.092	,121.622,0.029000,0
7,aclnnNeg_NegAiCore_Neg,N/A,N/A,1790932581404907.734	,29.521,0.128000,0
7,aclnnCat_AsStridedAiCore_AsStrided,N/A,N/A,1790932581404937.275	,48.281,0.000000,0
7,aclnnCat_ConcatD_ConcatD,N/A,N/A,1790932581404985.576	,41.081,0.000000,0
7,aclnnMul_MulAiCore_Mul,N/A,N/A,1790932581405026.677	,60.721,0.169000,0
7,aclnnAdd_AddAiCore_Add,N/A,N/A,1790932581405087.438	,163.543,0.029000,0
7,aclnnInplaceCopy_AsStridedAiCore_AsStrided,N/A,N/A,1790932581405251.021	,147.623,0.000000,0
7,InnerPromptFlashAttention_PromptFlashAttention_PromptFlashAttention,N/A,N/A,1790932581405399.924	,7309.826,1.377000,0
7,aclnnInplaceCopy_TransposeAiCore_Transpose,N/A,N/A,1790932581412710.770	,1259.905,0.924000,0
7,aclnnMatmul_MatMulV3Common_MatMulV3,N/A,N/A,1790932581413970.695	,2881.998,0.095000,0
7,aclnnAdd_AddAiCore_Add,N/A,N/A,1790932581416852.713	,507.530,0.002000,0
7,aclnnInplaceCopy_CastAiCore_Cast,N/A,N/A,1790932581417360.263	,413.408,0.000000,0
7,aclnnPowTensorScalar_PowsAiCore_Pows,N/A,N/A,1790932581417773.691	,656.894,0.092000,0
7,aclnnMean_ReduceMeanAiCore_ReduceMean,N/A,N/A,1790932581418431.645	,428.768,1.106000,0
7,aclnnAdds_AddAiCore_Add,N/A,N/A,1790932581418861.193	,5.800,0.732000,0
7,aclnnRsqrt_RsqrtAiCore_Rsqrt,N/A,N/A,1790932581418867.013	,7.080,0.000000,0
7,aclnnMul_MulAiCore_Mul,N/A,N/A,1790932581418874.113	,449.009,0.000000,0
7,aclnnInplaceCopy_CastAiCore_Cast,N/A,N/A,1790932581419323.162	,596.832,0.241000,0
7,aclnnMul_MulAiCore_Mul,N/A,N/A,1790932581419920.014	,260.765,0.000000,0
7,aclnnMatmul_MatMulV3Common_MatMulV3,N/A,N/A,1790932581420180.799	,12560.231,0.000000,0
7,aclnnSilu_SliceAiCore_Slice,N/A,N/A,1790932581432741.050	,1198.564,0.019000,0
7,aclnnSilu_SiluAiCore_Swish,N/A,N/A,1790932581433939.634	,1266.286,0.186000,0
7,aclnnMul_SliceAiCore_Slice,N/A,N/A,1790932581435205.960	,1192.164,0.000000,0
7,aclnnMul_MulAiCore_Mul,N/A,N/A,1790932581436398.164	,1911.858,0.086000,0
7,aclnnMatmul_MatMulV3Common_MatMulV3,N/A,N/A,1790932581438310.042	,6683.413,0.000000,0
7,aclnnAdd_AddAiCore_Add,N/A,N/A,1790932581444993.475	,489.410,0.087000,0
7,aclnnInplaceCopy_CastAiCore_Cast,N/A,N/A,1790932581445482.905	,412.508,0.090000,0
7,aclnnPowTensorScalar_PowsAiCore_Pows,N/A,N/A,1790932581445895.433	,656.613,0.000000,0
7,aclnnMean_ReduceMeanAiCore_ReduceMean,N/A,N/A,1790932581446553.086	,431.729,0.887000,0
7,aclnnAdds_AddAiCore_Add,N/A,N/A,1790932581446985.655	,6.220,1.021000,0
7,aclnnRsqrt_RsqrtAiCore_Rsqrt,N/A,N/A,1790932581446991.915	,7.140,0.030000,0
7,aclnnMul_MulAiCore_Mul,N/A,N/A,1790932581446999.075	,452.529,0.000000,0
7,aclnnInplaceCopy_CastAiCore_Cast,N/A,N/A,1790932581447451.624	,598.372,0.000000,0
7,aclnnMul_MulAiCore_Mul,N/A,N/A,1790932581448050.016	,262.866,0.128000,0
7,aclnnMatmul_MatMulV3Common_MatMulV3,N/A,N/A,1790932581448312.902	,3948.258,0.134000,0
7,aclnnInplaceCopy_SliceAiCore_Slice,N/A,N/A,1790932581452261.180	,520.491,0.000000,0
7,aclnnInplaceCopy_CastAiCore_Cast,N/A,N/A,1790932581452781.711	,703.134,0.009000,0
7,aclnnPowTensorScalar_PowsAiCore_Pows,N/A,N/A,1790932581453484.865	,1032.121,0.000000,0
7,aclnnMean_ReduceMeanAiCore_ReduceMean,N/A,N/A,1790932581454517.926	,575.851,1.129000,0
7,aclnnAdds_AddAiCore_Add,N/A,N/A,1790932581455094.837	,13.360,0.899000,0
7,aclnnRsqrt_RsqrtAiCore_Rsqrt,N/A,N/A,1790932581455108.237	,9.901,0.140000,0
7,aclnnMul_MulAiCore_Mul,N/A,N/A,1790932581455118.158	,838.416,0.099000,0
7,aclnnInplaceCopy_CastAiCore_Cast,N/A,N/A,1790932581455956.594	,874.978,0.000000,0
7,aclnnMul_MulAiCore_Mul,N/A,N/A,1790932581456831.592	,438.709,0.022000,0
7,aclnnInplaceCopy_SliceAiCore_Slice,N/A,N/A,1790932581457270.341	,118.602,0.041000,0
7,aclnnInplaceCopy_CastAiCore_Cast,N/A,N/A,1790932581457388.963	,75.541,0.148000,0
7,aclnnPowTensorScalar_PowsAiCore_Pows,N/A,N/A,1790932581457464.524	,132.303,0.000000,0
7,aclnnMean_ReduceMeanAiCore_ReduceMean,N/A,N/A,1790932581457598.187	,89.542,1.447000,0
7,aclnnAdds_AddAiCore_Add,N/A,N/A,1790932581457688.889	,8.300,1.208000,0
7,aclnnRsqrt_RsqrtAiCore_Rsqrt,N/A,N/A,1790932581457697.209	,8.740,0.000000,0
7,aclnnMul_MulAiCore_Mul,N/A,N/A,1790932581457705.969	,109.482,0.010000,0
7,aclnnInplaceCopy_CastAiCore_Cast,N/A,N/A,1790932581457815.491	,62.922,0.018000,0
7,aclnnMul_MulAiCore_Mul,N/A,N/A,1790932581457878.453	,60.981,0.078000,0
7,aclnnMul_TransposeAiCore_Transpose,N/A,N/A,1790932581457939.454	,920.878,0.019000,0
7,aclnnMul_MulAiCore_Mul,N/A,N/A,1790932581458860.352	,456.309,0.000000,0
7,aclnnNeg_AsStridedAiCore_AsStrided,N/A,N/A,1790932581459316.681	,403.888,0.191000,0
7,aclnnNeg_NegAiCore_Neg,N/A,N/A,1790932581459720.589	,205.045,0.000000,0
7,aclnnCat_AsStridedAiCore_AsStrided,N/A,N/A,1790932581459925.654	,443.208,0.205000,0
7,aclnnCat_ConcatD_ConcatD,N/A,N/A,1790932581460368.902	,461.850,0.042000,0
7,aclnnMul_MulAiCore_Mul,N/A,N/A,1790932581460830.792	,435.068,0.000000,0
7,aclnnAdd_AddAiCore_Add,N/A,N/A,1790932581461265.880	,814.577,0.182000,0
7,aclnnMul_TransposeAiCore_Transpose,N/A,N/A,1790932581462080.477	,128.842,0.000000,0
7,aclnnMul_MulAiCore_Mul,N/A,N/A,1790932581462209.359	,54.801,0.000000,0
7,aclnnNeg_AsStridedAiCore_AsStrided,N/A,N/A,1790932581462264.180	,124.163,0.199000,0
7,aclnnNeg_NegAiCore_Neg,N/A,N/A,1790932581462388.363	,29.700,0.000000,0
7,aclnnCat_AsStridedAiCore_AsStrided,N/A,N/A,1790932581462418.103	,49.081,0.050000,0
7,aclnnCat_ConcatD_ConcatD,N/A,N/A,1790932581462467.204	,40.221,0.169000,0
7,aclnnMul_MulAiCore_Mul,N/A,N/A,1790932581462507.445	,61.821,0.029000,0
7,aclnnAdd_AddAiCore_Add,N/A,N/A,1790932581462569.286	,164.904,0.000000,0
7,aclnnInplaceCopy_AsStridedAiCore_AsStrided,N/A,N/A,1790932581462734.210	,144.323,0.096000,0
7,InnerPromptFlashAttention_PromptFlashAttention_PromptFlashAttention,N/A,N/A,1790932581462879.853	,7297.845,1.177000,0
7,aclnnInplaceCopy_TransposeAiCore_Transpose,N/A,N/A,1790932581470178.818	,1260.566,1.155000,0
7,aclnnMatmul_MatMulV3Common_MatMulV3,N/A,N/A,1790932581471439.424	,2897.698,0.184000,0
7,aclnnAdd_AddAiCore_Add,N/A,N/A,1790932581474337.142	,509.050,0.052000,0
7,aclnnInplaceCopy_CastAiCore_Cast,N/A,N/A,1790932581474846.212	,414.928,0.000000,0
7,aclnnPowTensorScalar_PowsAiCore_Pows,N/A,N/A,1790932581475261.160	,657.893,0.072000,0
7,aclnnMean_ReduceMeanAiCore_ReduceMean,N/A,N/A,1790932581475919.993	,430.289,0.857000,0
7,aclnnAdds_AddAiCore_Add,N/A,N/A,1790932581476351.182	,5.860,0.961000,0
7,aclnnRsqrt_RsqrtAiCore_Rsqrt,N/A,N/A,1790932581476357.082	,6.900,0.000000,0
7,aclnnMul_MulAiCore_Mul,N/A,N/A,1790932581476364.022	,456.789,0.100000,0
7,aclnnInplaceCopy_CastAiCore_Cast,N/A,N/A,1790932581476820.831	,597.092,0.000000,0
7,aclnnMul_MulAiCore_Mul,N/A,N/A,1790932581477417.943	,262.465,0.158000,0
7,aclnnMatmul_MatMulV3Common_MatMulV3,N/A,N/A,1790932581477680.428	,12528.771,0.035000,0
7,aclnnSilu_SliceAiCore_Slice,N/A,N/A,1790932581490209.219	,1198.184,0.000000,0
7,aclnnSilu_SiluAiCore_Swish,N/A,N/A,1790932581491407.423	,1244.324,0.066000,0
7,aclnnMul_SliceAiCore_Slice,N/A,N/A,1790932581492651.787	,1198.764,0.000000,0
7,aclnnMul_MulAiCore_Mul,N/A,N/A,1790932581493850.591	,1938.359,0.000000,0
7,aclnnMatmul_MatMulV3Common_MatMulV3,N/A,N/A,1790932581495788.970	,6672.833,0.141000,0
7,aclnnAdd_AddAiCore_Add,N/A,N/A,1790932581502461.823	,489.770,0.000000,0
7,aclnnInplaceCopy_CastAiCore_Cast,N/A,N/A,1790932581502951.613	,412.008,0.000000,0
7,aclnnPowTensorScalar_PowsAiCore_Pows,N/A,N/A,1790932581503363.641	,659.094,0.242000,0
7,aclnnMean_ReduceMeanAiCore_ReduceMean,N/A,N/A,1790932581504023.695	,429.868,0.906000,0
7,aclnnAdds_AddAiCore_Add,N/A,N/A,1790932581504454.803	,6.300,1.132000,0
7,aclnnRsqrt_RsqrtAiCore_Rsqrt,N/A,N/A,1790932581504461.123	,7.201,0.000000,0
7,aclnnMul_MulAiCore_Mul,N/A,N/A,1790932581504468.344	,450.889,0.049000,0
7,aclnnInplaceCopy_CastAiCore_Cast,N/A,N/A,1790932581504919.253	,597.111,0.111000,0
7,aclnnMul_MulAiCore_Mul,N/A,N/A,1790932581505516.384	,261.926,0.139000,0
7,aclnnMatmul_MatMulV3Common_MatMulV3,N/A,N/A,1790932581505778.330	,3929.018,0.000000,0
7,aclnnInplaceCopy_SliceAiCore_Slice,N/A,N/A,1790932581509707.388	,523.871,0.232000,0
7,aclnnInplaceCopy_CastAiCore_Cast,N/A,N/A,1790932581510231.279	,705.074,0.000000,0
7,aclnnPowTensorScalar_PowsAiCore_Pows,N/A,N/A,1790932581510936.373	,1028.840,0.000000,0
7,aclnnMean_ReduceMeanAiCore_ReduceMean,N/A,N/A,1790932581511966.133	,587.472,1.160000,0
7,aclnnAdds_AddAiCore_Add,N/A,N/A,1790932581512554.625	,10.100,0.778000,0
7,aclnnRsqrt_RsqrtAiCore_Rsqrt,N/A,N/A,1790932581512564.745	,9.921,0.150000,0
7,aclnnMul_MulAiCore_Mul,N/A,N/A,1790932581512574.706	,830.876,0.079000,0
7,aclnnInplaceCopy_CastAiCore_Cast,N/A,N/A,1790932581513405.602	,875.918,0.000000,0
7,aclnnMul_MulAiCore_Mul,N/A,N/A,1790932581514281.540	,437.128,0.082000,0
7,aclnnInplaceCopy_SliceAiCore_Slice,N/A,N/A,1790932581514718.688	,119.883,0.122000,0
7,aclnnInplaceCopy_CastAiCore_Cast,N/A,N/A,1790932581514838.591	,72.581,0.000000,0
7,aclnnPowTensorScalar_PowsAiCore_Pows,N/A,N/A,1790932581514911.212	,136.143,0.169000,0
7,aclnnMean_ReduceMeanAiCore_ReduceMean,N/A,N/A,1790932581515048.515	,95.022,1.107000,0
7,aclnnAdds_AddAiCore_Add,N/A,N/A,1790932581515144.637	,7.600,1.228000,0
7,aclnnRsqrt_RsqrtAiCore_Rsqrt,N/A,N/A,1790932581515152.277	,8.720,0.000000,0
7,aclnnMul_MulAiCore_Mul,N/A,N/A,1790932581515161.017	,110.522,0.030000,0
7,aclnnInplaceCopy_CastAiCore_Cast,N/A,N/A,1790932581515271.559	,67.322,0.000000,0
7,aclnnMul_MulAiCore_Mul,N/A,N/A,1790932581515338.901	,62.921,0.178000,0
7,aclnnMul_TransposeAiCore_Transpose,N/A,N/A,1790932581515401.842	,922.718,0.000000,0
7,aclnnMul_MulAiCore_Mul,N/A,N/A,1790932581516324.580	,461.750,0.032000,0
7,aclnnNeg_AsStridedAiCore_AsStrided,N/A,N/A,1790932581516786.350	,402.228,0.000000,0
7,aclnnNeg_NegAiCore_Neg,N/A,N/A,1790932581517188.618	,203.524,0.022000,0
7,aclnnCat_AsStridedAiCore_AsStrided,N/A,N/A,1790932581517392.182	,441.929,0.226000,0
7,aclnnCat_ConcatD_ConcatD,N/A,N/A,1790932581517834.151	,464.349,0.071000,0
7,aclnnMul_MulAiCore_Mul,N/A,N/A,1790932581518298.520	,433.389,0.000000,0
7,aclnnAdd_AddAiCore_Add,N/A,N/A,1790932581518731.929	,813.756,0.111000,0
7,aclnnMul_TransposeAiCore_Transpose,N/A,N/A,1790932581519545.725	,129.522,0.000000,0
7,aclnnMul_MulAiCore_Mul,N/A,N/A,1790932581519675.267	,57.162,0.000000,0
7,aclnnNeg_AsStridedAiCore_AsStrided,N/A,N/A,1790932581519732.449	,120.562,0.088000,0
7,aclnnNeg_NegAiCore_Neg,N/A,N/A,1790932581519853.051	,29.161,0.000000,0
7,aclnnCat_AsStridedAiCore_AsStrided,N/A,N/A,1790932581519882.232	,47.860,0.089000,0
7,aclnnCat_ConcatD_ConcatD,N/A,N/A,1790932581519930.132	,40.361,0.140000,0
7,aclnnMul_MulAiCore_Mul,N/A,N/A,1790932581519970.513	,59.181,0.000000,0
7,aclnnAdd_AddAiCore_Add,N/A,N/A,1790932581520029.734	,162.744,0.069000,0
7,aclnnInplaceCopy_AsStridedAiCore_AsStrided,N/A,N/A,1790932581520192.498	,144.283,0.006000,0
7,InnerPromptFlashAttention_PromptFlashAttention_PromptFlashAttention,N/A,N/A,1790932581520338.241	,7334.386,1.467000,0
7,aclnnInplaceCopy_TransposeAiCore_Transpose,N/A,N/A,1790932581527673.627	,1254.685,1.114000,0
7,aclnnMatmul_MatMulV3Common_MatMulV3,N/A,N/A,1790932581528928.332	,2882.538,0.000000,0
7,aclnnAdd_AddAiCore_Add,N/A,N/A,1790932581531810.890	,506.270,0.212000,0
7,aclnnInplaceCopy_CastAiCore_Cast,N/A,N/A,1790932581532317.180	,413.728,0.000000,0
7,aclnnPowTensorScalar_PowsAiCore_Pows,N/A,N/A,1790932581532730.928	,656.013,0.022000,0
7,aclnnMean_ReduceMeanAiCore_ReduceMean,N/A,N/A,1790932581533388.041	,429.029,0.987000,0
7,aclnnAdds_AddAiCore_Add,N/A,N/A,1790932581533818.030	,5.820,0.971000,0
7,aclnnRsqrt_RsqrtAiCore_Rsqrt,N/A,N/A,1790932581533823.890	,7.000,0.180000,0
7,aclnnMul_MulAiCore_Mul,N/A,N/A,1790932581533830.910	,452.469,0.000000,0
7,aclnnInplaceCopy_CastAiCore_Cast,N/A,N/A,1790932581534283.399	,597.412,0.031000,0
7,aclnnMul_MulAiCore_Mul,N/A,N/A,1790932581534880.851	,262.445,0.000000,0
7,aclnnMatmul_MatMulV3Common_MatMulV3,N/A,N/A,1790932581535143.316	,12570.632,0.055000,0
7,aclnnSilu_SliceAiCore_Slice,N/A,N/A,1790932581547713.968	,1200.064,0.118000,0
7,aclnnSilu_SiluAiCore_Swish,N/A,N/A,1790932581548914.072	,1260.705,0.000000,0
7,aclnnMul_SliceAiCore_Slice,N/A,N/A,1790932581550174.797	,1190.484,0.045000,0
7,aclnnMul_MulAiCore_Mul,N/A,N/A,1790932581551365.301	,1911.498,0.016000,0
7,aclnnMatmul_MatMulV3Common_MatMulV3,N/A,N/A,1790932581553276.839	,6682.373,0.002000,0
7,aclnnAdd_AddAiCore_Add,N/A,N/A,1790932581559959.232	,489.990,0.127000,0
7,aclnnInplaceCopy_CastAiCore_Cast,N/A,N/A,1790932581560449.242	,412.008,0.010000,0
7,aclnnPowTensorScalar_PowsAiCore_Pows,N/A,N/A,1790932581560861.270	,656.873,0.000000,0
7,aclnnMean_ReduceMeanAiCore_ReduceMean,N/A,N/A,1790932581561519.523	,431.209,1.377000,0
7,aclnnAdds_AddAiCore_Add,N/A,N/A,1790932581561951.372	,5.880,0.541000,0
7,aclnnRsqrt_RsqrtAiCore_Rsqrt,N/A,N/A,1790932581561957.292	,7.240,0.120000,0
7,aclnnMul_MulAiCore_Mul,N/A,N/A,1790932581561964.572	,457.089,0.010000,0
7,aclnnInplaceCopy_CastAiCore_Cast,N/A,N/A,1790932581562421.681	,598.592,0.161000,0
7,aclnnMul_MulAiCore_Mul,N/A,N/A,1790932581563020.293	,266.246,0.000000,0
7,aclnnMatmul_MatMulV3Common_MatMulV3,N/A,N/A,1790932581563286.579	,3923.878,0.004000,0
7,aclnnInplaceCopy_SliceAiCore_Slice,N/A,N/A,1790932581567210.477	,522.511,0.122000,0
7,aclnnInplaceCopy_CastAiCore_Cast,N/A,N/A,1790932581567733.008	,703.894,0.000000,0
7,aclnnPowTensorScalar_PowsAiCore_Pows,N/A,N/A,1790932581568436.922	,1034.040,0.106000,0
7,aclnnMean_ReduceMeanAiCore_ReduceMean,N/A,N/A,1790932581569471.902	,576.692,0.960000,0
7,aclnnAdds_AddAiCore_Add,N/A,N/A,1790932581570049.434	,10.520,0.808000,0
7,aclnnRsqrt_RsqrtAiCore_Rsqrt,N/A,N/A,1790932581570059.974	,10.020,0.000000,0
7,aclnnMul_MulAiCore_Mul,N/A,N/A,1790932581570070.014	,832.877,0.000000,0
7,aclnnInplaceCopy_CastAiCore_Cast,N/A,N/A,1790932581570902.911	,875.457,0.123000,0
7,aclnnMul_MulAiCore_Mul,N/A,N/A,1790932581571778.388	,438.089,0.043000,0
7,aclnnInplaceCopy_SliceAiCore_Slice,N/A,N/A,1790932581572216.497	,119.303,0.000000,0
7,aclnnInplaceCopy_CastAiCore_Cast,N/A,N/A,1790932581572335.840	,74.281,0.000000,0
7,aclnnPowTensorScalar_PowsAiCore_Pows,N/A,N/A,1790932581572410.141	,134.323,0.219000,0
7,aclnnMean_ReduceMeanAiCore_ReduceMean,N/A,N/A,1790932581572545.944	,89.442,1.427000,0
7,aclnnAdds_AddAiCore_Add,N/A,N/A,1790932581572636.546	,8.480,1.058000,0
7,aclnnRsqrt_RsqrtAiCore_Rsqrt,N/A,N/A,1790932581572645.066	,8.540,0.020000,0
7,aclnnMul_MulAiCore_Mul,N/A,N/A,1790932581572653.626	,109.162,0.210000,0
7,aclnnInplaceCopy_CastAiCore_Cast,N/A,N/A,1790932581572762.828	,62.801,0.000000,0
7,aclnnMul_MulAiCore_Mul,N/A,N/A,1790932581572825.649	,62.082,0.199000,0
7,aclnnMul_TransposeAiCore_Transpose,N/A,N/A,1790932581572887.751	,918.078,0.000000,0
7,aclnnMul_MulAiCore_Mul,N/A,N/A,1790932581573805.849	,456.569,0.000000,0
7,aclnnNeg_AsStridedAiCore_AsStrided,N/A,N/A,1790932581574262.438	,399.688,0.181000,0
7,aclnnNeg_NegAiCore_Neg,N/A,N/A,1790932581574662.146	,204.744,0.062000,0
7,aclnnCat_AsStridedAiCore_AsStrided,N/A,N/A,1790932581574866.930	,440.449,0.006000,0
7,aclnnCat_ConcatD_ConcatD,N/A,N/A,1790932581575307.399	,462.869,0.051000,0
7,aclnnMul_MulAiCore_Mul,N/A,N/A,1790932581575770.288	,434.269,0.000000,0
7,aclnnAdd_AddAiCore_Add,N/A,N/A,1790932581576204.597	,815.236,0.000000,0
7,aclnnMul_TransposeAiCore_Transpose,N/A,N/A,1790932581577019.853	,127.463,0.014000,0
7,aclnnMul_MulAiCore_Mul,N/A,N/A,1790932581577147.336	,54.481,0.037000,0
7,aclnnNeg_AsStridedAiCore_AsStrided,N/A,N/A,1790932581577201.837	,120.322,0.019000,0
7,aclnnNeg_NegAiCore_Neg,N/A,N/A,1790932581577322.179	,28.561,0.178000,0
7,aclnnCat_AsStridedAiCore_AsStrided,N/A,N/A,1790932581577350.760	,49.481,0.000000,0
7,aclnnCat_ConcatD_ConcatD,N/A,N/A,1790932581577400.261	,40.501,0.019000,0
7,aclnnMul_MulAiCore_Mul,N/A,N/A,1790932581577440.782	,62.041,0.000000,0
7,aclnnAdd_AddAiCore_Add,N/A,N/A,1790932581577502.843	,162.323,0.000000,0
7,aclnnInplaceCopy_AsStridedAiCore_AsStrided,N/A,N/A,1790932581577665.206	,144.463,0.177000,0
7,InnerPromptFlashAttention_PromptFlashAttention_PromptFlashAttention,N/A,N/A,1790932581577811.109	,7301.286,1.287000,0
7,aclnnInplaceCopy_TransposeAiCore_Transpose,N/A,N/A,1790932581585113.335	,1256.165,0.964000,0
7,aclnnMatmul_MatMulV3Common_MatMulV3,N/A,N/A,1790932581586369.540	,2887.078,0.085000,0
7,aclnnAdd_AddAiCore_Add,N/A,N/A,1790932581589256.638	,513.590,0.172000,0
7,aclnnInplaceCopy_CastAiCore_Cast,N/A,N/A,1790932581589770.268	,414.528,0.000000,0
7,aclnnPowTensorScalar_PowsAiCore_Pows,N/A,N/A,1790932581590184.816	,655.893,0.000000,0
7,aclnnMean_ReduceMeanAiCore_ReduceMean,N/A,N/A,1790932581590841.909	,430.429,1.357000,0
7,aclnnAdds_AddAiCore_Add,N/A,N/A,1790932581591273.098	,5.880,0.571000,0
7,aclnnRsqrt_RsqrtAiCore_Rsqrt,N/A,N/A,1790932581591278.998	,8.220,0.120000,0
7,aclnnMul_MulAiCore_Mul,N/A,N/A,1790932581591287.258	,464.609,0.030000,0
7,aclnnInplaceCopy_CastAiCore_Cast,N/A,N/A,1790932581591751.887	,594.952,0.141000,0
7,aclnnMul_MulAiCore_Mul,N/A,N/A,1790932581592346.879	,259.486,0.048000,0
7,aclnnMatmul_MatMulV3Common_MatMulV3,N/A,N/A,1790932581592606.385	,12530.350,0.014000,0
7,aclnnSilu_SliceAiCore_Slice,N/A,N/A,1790932581605136.775	,1199.104,0.000000,0
7,aclnnSilu_SiluAiCore_Swish,N/A,N/A,1790932581606335.919	,1245.285,0.146000,0
7,aclnnMul_SliceAiCore_Slice,N/A,N/A,1790932581607581.244	,1197.964,0.000000,0
7,aclnnMul_MulAiCore_Mul,N/A,N/A,1790932581608779.228	,1934.818,0.036000,0
7,aclnnMatmul_MatMulV3Common_MatMulV3,N/A,N/A,1790932581610714.066	,6670.694,0.000000,0
7,aclnnAdd_AddAiCore_Add,N/A,N/A,1790932581617384.780	,489.029,0.056000,0
7,aclnnInplaceCopy_CastAiCore_Cast,N/A,N/A,1790932581617873.829	,414.089,0.000000,0
7,aclnnPowTensorScalar_PowsAiCore_Pows,N/A,N/A,1790932581618287.938	,658.933,0.161000,0
7,aclnnMean_ReduceMeanAiCore_ReduceMean,N/A,N/A,1790932581618948.071	,431.448,1.067000,0
7,aclnnAdds_AddAiCore_Add,N/A,N/A,1790932581619380.420	,5.760,1.052000,0
7,aclnnRsqrt_RsqrtAiCore_Rsqrt,N/A,N/A,1790932581619386.200	,7.100,0.000000,0
7,aclnnMul_MulAiCore_Mul,N/A,N/A,1790932581619393.320	,460.089,0.000000,0
7,aclnnInplaceCopy_CastAiCore_Cast,N/A,N/A,1790932581619853.429	,596.432,0.161000,0
7,aclnnMul_MulAiCore_Mul,N/A,N/A,1790932581620449.881	,260.665,0.068000,0
7,aclnnMatmul_MatMulV3Common_MatMulV3,N/A,N/A,1790932581620710.586	,3956.539,0.000000,0
7,aclnnInplaceCopy_SliceAiCore_Slice,N/A,N/A,1790932581624667.145	,523.051,0.211000,0
7,aclnnInplaceCopy_CastAiCore_Cast,N/A,N/A,1790932581625190.216	,705.414,0.000000,0
7,aclnnPowTensorScalar_PowsAiCore_Pows,N/A,N/A,1790932581625895.650	,1026.940,0.086000,0
7,aclnnMean_ReduceMeanAiCore_ReduceMean,N/A,N/A,1790932581626923.850	,579.172,1.060000,0
7,aclnnAdds_AddAiCore_Add,N/A,N/A,1790932581627503.902	,10.280,1.078000,0
7,aclnnRsqrt_RsqrtAiCore_Rsqrt,N/A,N/A,1790932581627514.202	,9.840,0.000000,0
7,aclnnMul_MulAiCore_Mul,N/A,N/A,1790932581627524.062	,833.097,0.000000,0
7,aclnnInplaceCopy_CastAiCore_Cast,N/A,N/A,1790932581628357.179	,876.617,0.153000,0
7,aclnnMul_MulAiCore_Mul,N/A,N/A,1790932581629233.816	,437.469,0.000000,0
7,aclnnInplaceCopy_SliceAiCore_Slice,N/A,N/A,1790932581629671.325	,119.663,0.031000,0
7,aclnnInplaceCopy_CastAiCore_Cast,N/A,N/A,1790932581629791.008	,73.181,0.087000,0
7,aclnnPowTensorScalar_PowsAiCore_Pows,N/A,N/A,1790932581629864.209	,129.203,0.069000,0
7,aclnnMean_ReduceMeanAiCore_ReduceMean,N/A,N/A,1790932581629994.312	,90.301,0.797000,0
7,aclnnAdds_AddAiCore_Add,N/A,N/A,1790932581630085.593	,7.841,0.949000,0
7,aclnnRsqrt_RsqrtAiCore_Rsqrt,N/A,N/A,1790932581630093.454	,8.740,0.159000,0
7,aclnnMul_MulAiCore_Mul,N/A,N/A,1790932581630102.214	,109.402,0.010000,0
7,aclnnInplaceCopy_CastAiCore_Cast,N/A,N/A,1790932581630211.636	,62.021,0.098000,0
7,aclnnMul_MulAiCore_Mul,N/A,N/A,1790932581630273.677	,61.141,0.000000,0
7,aclnnMul_TransposeAiCore_Transpose,N/A,N/A,1790932581630334.858	,921.399,0.000000,0
7,aclnnMul_MulAiCore_Mul,N/A,N/A,1790932581631256.277	,457.089,0.101000,0
7,aclnnNeg_AsStridedAiCore_AsStrided,N/A,N/A,1790932581631713.386	,397.848,0.161000,0
7,aclnnNeg_NegAiCore_Neg,N/A,N/A,1790932581632111.254	,204.724,0.000000,0
7,aclnnCat_AsStridedAiCore_AsStrided,N/A,N/A,1790932581632315.998	,445.869,0.026000,0
7,aclnnCat_ConcatD_ConcatD,N/A,N/A,1790932581632761.887	,463.429,0.131000,0
7,aclnnMul_MulAiCore_Mul,N/A,N/A,1790932581633225.336	,435.389,0.000000,0
7,aclnnAdd_AddAiCore_Add,N/A,N/A,1790932581633660.745	,812.556,0.111000,0
7,aclnnMul_TransposeAiCore_Transpose,N/A,N/A,1790932581634473.321	,131.223,0.000000,0
7,aclnnMul_MulAiCore_Mul,N/A,N/A,1790932581634604.584	,54.781,0.027000,0
7,aclnnNeg_AsStridedAiCore_AsStrided,N/A,N/A,1790932581634659.385	,121.282,0.219000,0
7,aclnnNeg_NegAiCore_Neg,N/A,N/A,1790932581634780.687	,28.781,0.000000,0
7,aclnnCat_AsStridedAiCore_AsStrided,N/A,N/A,1790932581634809.488	,48.581,0.000000,0
7,aclnnCat_ConcatD_ConcatD,N/A,N/A,1790932581634858.109	,41.121,0.000000,0
7,aclnnMul_MulAiCore_Mul,N/A,N/A,1790932581634899.250	,60.541,0.129000,0
7,aclnnAdd_AddAiCore_Add,N/A,N/A,1790932581634959.811	,162.603,0.000000,0
7,aclnnInplaceCopy_AsStridedAiCore_AsStrided,N/A,N/A,1790932581635122.434	,147.023,0.147000,0
7,InnerPromptFlashAttention_PromptFlashAttention_PromptFlashAttention,N/A,N/A,1790932581635270.357	,7320.346,0.727000,0
7,aclnnInplaceCopy_TransposeAiCore_Transpose,N/A,N/A,1790932581642591.783	,1256.205,1.154000,0
7,aclnnMatmul_MatMulV3Common_MatMulV3,N/A,N/A,1790932581643848.008	,2894.618,0.045000,0
7,aclnnAdd_AddAiCore_Add,N/A,N/A,1790932581646742.646	,505.330,0.132000,0
7,aclnnInplaceCopy_CastAiCore_Cast,N/A,N/A,1790932581647248.016	,412.229,0.000000,0
7,aclnnPowTensorScalar_PowsAiCore_Pows,N/A,N/A,1790932581647660.265	,657.973,0.021000,0
7,aclnnMean_ReduceMeanAiCore_ReduceMean,N/A,N/A,1790932581648319.138	,431.508,1.027000,0
7,aclnnAdds_AddAiCore_Add,N/A,N/A,1790932581648751.486	,5.920,0.742000,0
7,aclnnRsqrt_RsqrtAiCore_Rsqrt,N/A,N/A,1790932581648757.426	,7.121,0.080000,0
7,aclnnMul_MulAiCore_Mul,N/A,N/A,1790932581648764.567	,454.609,0.000000,0
7,aclnnInplaceCopy_CastAiCore_Cast,N/A,N/A,1790932581649219.196	,597.132,0.141000,0
7,aclnnMul_MulAiCore_Mul,N/A,N/A,1790932581649816.368	,263.045,0.000000,0
7,aclnnMatmul_MatMulV3Common_MatMulV3,N/A,N/A,1790932581650079.433	,12543.330,0.205000,0
7,aclnnSilu_SliceAiCore_Slice,N/A,N/A,1790932581662622.783	,1197.924,0.000000,0
7,aclnnSilu_SiluAiCore_Swish,N/A,N/A,1790932581663820.727	,1264.886,0.076000,0
7,aclnnMul_SliceAiCore_Slice,N/A,N/A,1790932581665085.653	,1191.243,0.114000,0
7,aclnnMul_MulAiCore_Mul,N/A,N/A,1790932581666276.916	,1911.499,0.007000,0
7,aclnnMatmul_MatMulV3Common_MatMulV3,N/A,N/A,1790932581668188.435	,6691.953,0.001000,0
7,aclnnAdd_AddAiCore_Add,N/A,N/A,1790932581674880.408	,491.510,0.047000,0
7,aclnnInplaceCopy_CastAiCore_Cast,N/A,N/A,1790932581675371.938	,412.268,0.000000,0
7,aclnnPowTensorScalar_PowsAiCore_Pows,N/A,N/A,1790932581675784.226	,660.074,0.000000,0
7,aclnnMean_ReduceMeanAiCore_ReduceMean,N/A,N/A,1790932581676445.640	,430.108,1.426000,0
7,aclnnAdds_AddAiCore_Add,N/A,N/A,1790932581676876.488	,5.740,0.642000,0
7,aclnnRsqrt_RsqrtAiCore_Rsqrt,N/A,N/A,1790932581676882.248	,7.201,0.010000,0
7,aclnnMul_MulAiCore_Mul,N/A,N/A,1790932581676889.469	,462.789,0.049000,0
7,aclnnInplaceCopy_CastAiCore_Cast,N/A,N/A,1790932581677352.298	,596.852,0.000000,0
7,aclnnMul_MulAiCore_Mul,N/A,N/A,1790932581677949.170	,264.685,0.148000,0
7,aclnnMatmul_MatMulV3Common_MatMulV3,N/A,N/A,1790932581678213.895	,3943.539,0.065000,0
7,aclnnInplaceCopy_SliceAiCore_Slice,N/A,N/A,1790932581682157.454	,521.770,0.000000,0
7,aclnnInplaceCopy_CastAiCore_Cast,N/A,N/A,1790932581682679.264	,703.434,0.000000,0
7,aclnnPowTensorScalar_PowsAiCore_Pows,N/A,N/A,1790932581683382.718	,1033.441,0.066000,0
7,aclnnMean_ReduceMeanAiCore_ReduceMean,N/A,N/A,1790932581684417.139	,573.111,1.059000,0
7,aclnnAdds_AddAiCore_Add,N/A,N/A,1790932581684991.490	,10.781,1.139000,0
7,aclnnRsqrt_RsqrtAiCore_Rsqrt,N/A,N/A,1790932581685002.291	,9.900,0.000000,0
7,aclnnMul_MulAiCore_Mul,N/A,N/A,1790932581685012.211	,836.237,0.100000,0
7,aclnnInplaceCopy_CastAiCore_Cast,N/A,N/A,1790932581685848.488	,876.457,0.013000,0
7,aclnnMul_MulAiCore_Mul,N/A,N/A,1790932581686724.965	,439.029,0.043000,0
7,aclnnInplaceCopy_SliceAiCore_Slice,N/A,N/A,1790932581687164.014	,119.022,0.000000,0
7,aclnnInplaceCopy_CastAiCore_Cast,N/A,N/A,1790932581687283.056	,71.982,0.000000,0
7,aclnnPowTensorScalar_PowsAiCore_Pows,N/A,N/A,1790932581687355.058	,131.182,0.018000,0
7,aclnnMean_ReduceMeanAiCore_ReduceMean,N/A,N/A,1790932581687487.640	,89.222,1.568000,0
7,aclnnAdds_AddAiCore_Add,N/A,N/A,1790932581687577.702	,7.740,0.778000,0
7,aclnnRsqrt_RsqrtAiCore_Rsqrt,N/A,N/A,1790932581687585.462	,8.700,0.010000,0
7,aclnnMul_MulAiCore_Mul,N/A,N/A,1790932581687594.182	,110.063,0.050000,0
7,aclnnInplaceCopy_CastAiCore_Cast,N/A,N/A,1790932581687704.265	,62.121,0.000000,0
7,aclnnMul_MulAiCore_Mul,N/A,N/A,1790932581687766.426	,63.581,0.129000,0
7,aclnnMul_TransposeAiCore_Transpose,N/A,N/A,1790932581687830.027	,918.338,0.000000,0
7,aclnnMul_MulAiCore_Mul,N/A,N/A,1790932581688748.385	,455.790,0.162000,0
7,aclnnNeg_AsStridedAiCore_AsStrided,N/A,N/A,1790932581689204.195	,398.288,0.000000,0
7,aclnnNeg_NegAiCore_Neg,N/A,N/A,1790932581689602.503	,205.504,0.000000,0
7,aclnnCat_AsStridedAiCore_AsStrided,N/A,N/A,1790932581689808.027	,444.069,0.000000,0
7,aclnnCat_ConcatD_ConcatD,N/A,N/A,1790932581690252.116	,463.789,0.000000,0
7,aclnnMul_MulAiCore_Mul,N/A,N/A,1790932581690715.945	,435.588,0.211000,0
7,aclnnAdd_AddAiCore_Add,N/A,N/A,1790932581691151.553	,812.937,0.000000,0
7,aclnnMul_TransposeAiCore_Transpose,N/A,N/A,1790932581691964.510	,128.062,0.063000,0
7,aclnnMul_MulAiCore_Mul,N/A,N/A,1790932581692092.612	,54.601,0.000000,0
7,aclnnNeg_AsStridedAiCore_AsStrided,N/A,N/A,1790932581692147.253	,123.043,0.149000,0
7,aclnnNeg_NegAiCore_Neg,N/A,N/A,1790932581692270.316	,30.160,0.000000,0
7,aclnnCat_AsStridedAiCore_AsStrided,N/A,N/A,1790932581692300.496	,47.221,0.090000,0
7,aclnnCat_ConcatD_ConcatD,N/A,N/A,1790932581692347.737	,41.561,0.029000,0
7,aclnnMul_MulAiCore_Mul,N/A,N/A,1790932581692389.318	,64.362,0.000000,0
7,aclnnAdd_AddAiCore_Add,N/A,N/A,1790932581692453.720	,164.523,0.138000,0
7,aclnnInplaceCopy_AsStridedAiCore_AsStrided,N/A,N/A,1790932581692618.263	,146.243,0.000000,0
7,InnerPromptFlashAttention_PromptFlashAttention_PromptFlashAttention,N/A,N/A,1790932581692765.766	,7302.566,1.257000,0
7,aclnnInplaceCopy_TransposeAiCore_Transpose,N/A,N/A,1790932581700069.092	,1259.145,0.684000,0
7,aclnnMatmul_MatMulV3Common_MatMulV3,N/A,N/A,1790932581701328.257	,2900.298,0.105000,0
7,aclnnAdd_AddAiCore_Add,N/A,N/A,1790932581704228.575	,510.510,0.000000,0
7,aclnnInplaceCopy_CastAiCore_Cast,N/A,N/A,1790932581704739.105	,413.948,0.000000,0
7,aclnnPowTensorScalar_PowsAiCore_Pows,N/A,N/A,1790932581705153.073	,657.313,0.052000,0
7,aclnnMean_ReduceMeanAiCore_ReduceMean,N/A,N/A,1790932581705811.646	,428.829,1.437000,0
7,aclnnAdds_AddAiCore_Add,N/A,N/A,1790932581706241.715	,5.760,1.171000,0
7,aclnnRsqrt_RsqrtAiCore_Rsqrt,N/A,N/A,1790932581706247.515	,7.120,0.000000,0
7,aclnnMul_MulAiCore_Mul,N/A,N/A,1790932581706254.655	,464.350,0.130000,0
7,aclnnInplaceCopy_CastAiCore_Cast,N/A,N/A,1790932581706719.025	,595.091,0.000000,0
7,aclnnMul_MulAiCore_Mul,N/A,N/A,1790932581707314.156	,263.586,0.159000,0
7,aclnnMatmul_MatMulV3Common_MatMulV3,N/A,N/A,1790932581707577.782	,12569.891,0.000000,0
7,aclnnSilu_SliceAiCore_Slice,N/A,N/A,1790932581720147.693	,1198.504,0.109000,0
7,aclnnSilu_SiluAiCore_Swish,N/A,N/A,1790932581721346.217	,1243.365,0.000000,0
7,aclnnMul_SliceAiCore_Slice,N/A,N/A,1790932581722589.602	,1199.504,0.000000,0
7,aclnnMul_MulAiCore_Mul,N/A,N/A,1790932581723789.126	,1931.898,0.246000,0
7,aclnnMatmul_MatMulV3Common_MatMulV3,N/A,N/A,1790932581725721.044	,6662.693,0.000000,0
7,aclnnAdd_AddAiCore_Add,N/A,N/A,1790932581732383.777	,488.890,0.057000,0
7,aclnnInplaceCopy_CastAiCore_Cast,N/A,N/A,1790932581732872.707	,412.728,0.110000,0
7,aclnnPowTensorScalar_PowsAiCore_Pows,N/A,N/A,1790932581733285.455	,656.973,0.022000,0
7,aclnnMean_ReduceMeanAiCore_ReduceMean,N/A,N/A,1790932581733943.568	,430.689,1.027000,0
7,aclnnAdds_AddAiCore_Add,N/A,N/A,1790932581734375.497	,6.280,1.311000,0
7,aclnnRsqrt_RsqrtAiCore_Rsqrt,N/A,N/A,1790932581734381.797	,7.160,0.000000,0
7,aclnnMul_MulAiCore_Mul,N/A,N/A,1790932581734388.977	,458.650,0.090000,0
7,aclnnInplaceCopy_CastAiCore_Cast,N/A,N/A,1790932581734847.667	,596.191,0.100000,0
7,aclnnMul_MulAiCore_Mul,N/A,N/A,1790932581735443.878	,260.826,0.059000,0
7,aclnnMatmul_MatMulV3Common_MatMulV3,N/A,N/A,1790932581735704.724	,3923.438,0.000000,0
7,aclnnInplaceCopy_SliceAiCore_Slice,N/A,N/A,1790932581739628.182	,523.631,0.062000,0
7,aclnnInplaceCopy_CastAiCore_Cast,N/A,N/A,1790932581740151.853	,706.974,0.000000,0
7,aclnnPowTensorScalar_PowsAiCore_Pows,N/A,N/A,1790932581740858.847	,1026.400,0.026000,0
7,aclnnMean_ReduceMeanAiCore_ReduceMean,N/A,N/A,1790932581741886.407	,578.332,1.350000,0
7,aclnnAdds_AddAiCore_Add,N/A,N/A,1790932581742465.579	,10.680,0.668000,0
7,aclnnRsqrt_RsqrtAiCore_Rsqrt,N/A,N/A,1790932581742476.279	,9.920,0.070000,0
7,aclnnMul_MulAiCore_Mul,N/A,N/A,1790932581742486.219	,834.497,0.080000,0
7,aclnnInplaceCopy_CastAiCore_Cast,N/A,N/A,1790932581743320.736	,878.377,0.003000,0
7,aclnnMul_MulAiCore_Mul,N/A,N/A,1790932581744199.133	,440.689,0.123000,0
7,aclnnInplaceCopy_SliceAiCore_Slice,N/A,N/A,1790932581744639.862	,119.623,0.000000,0
7,aclnnInplaceCopy_CastAiCore_Cast,N/A,N/A,1790932581744759.505	,77.061,0.127000,0
7,aclnnPowTensorScalar_PowsAiCore_Pows,N/A,N/A,1790932581744836.586	,133.623,0.000000,0
7,aclnnMean_ReduceMeanAiCore_ReduceMean,N/A,N/A,1790932581744971.189	,91.622,1.127000,0
7,aclnnAdds_AddAiCore_Add,N/A,N/A,1790932581745063.591	,8.100,0.628000,0
7,aclnnRsqrt_RsqrtAiCore_Rsqrt,N/A,N/A,1790932581745071.711	,8.820,0.150000,0
7,aclnnMul_MulAiCore_Mul,N/A,N/A,1790932581745080.551	,110.502,0.000000,0
7,aclnnInplaceCopy_CastAiCore_Cast,N/A,N/A,1790932581745191.073	,66.102,0.000000,0
7,aclnnMul_MulAiCore_Mul,N/A,N/A,1790932581745257.195	,61.981,0.148000,0
7,aclnnMul_TransposeAiCore_Transpose,N/A,N/A,1790932581745319.196	,916.958,0.019000,0
7,aclnnMul_MulAiCore_Mul,N/A,N/A,1790932581746236.174	,457.189,0.042000,0
7,aclnnNeg_AsStridedAiCore_AsStrided,N/A,N/A,1790932581746693.383	,400.528,0.061000,0
7,aclnnNeg_NegAiCore_Neg,N/A,N/A,1790932581747093.931	,204.164,0.000000,0
7,aclnnCat_AsStridedAiCore_AsStrided,N/A,N/A,1790932581747298.115	,441.089,0.000000,0
7,aclnnCat_ConcatD_ConcatD,N/A,N/A,1790932581747739.244	,472.970,0.161000,0
7,aclnnMul_MulAiCore_Mul,N/A,N/A,1790932581748212.234	,436.248,0.030000,0
7,aclnnAdd_AddAiCore_Add,N/A,N/A,1790932581748648.502	,814.397,0.002000,0
7,aclnnMul_TransposeAiCore_Transpose,N/A,N/A,1790932581749462.939	,127.342,0.103000,0
7,aclnnMul_MulAiCore_Mul,N/A,N/A,1790932581749590.301	,57.121,0.000000,0
7,aclnnNeg_AsStridedAiCore_AsStrided,N/A,N/A,1790932581749647.462	,120.603,0.129000,0
7,aclnnNeg_NegAiCore_Neg,N/A,N/A,1790932581749768.085	,29.780,0.000000,0
7,aclnnCat_AsStridedAiCore_AsStrided,N/A,N/A,1790932581749797.885	,48.641,0.220000,0
7,aclnnCat_ConcatD_ConcatD,N/A,N/A,1790932581749846.566	,41.041,0.000000,0
7,aclnnMul_MulAiCore_Mul,N/A,N/A,1790932581749887.647	,61.341,0.209000,0
7,aclnnAdd_AddAiCore_Add,N/A,N/A,1790932581749949.008	,163.184,0.000000,0
7,aclnnInplaceCopy_AsStridedAiCore_AsStrided,N/A,N/A,1790932581750112.212	,146.362,0.066000,0
7,InnerPromptFlashAttention_PromptFlashAttention_PromptFlashAttention,N/A,N/A,1790932581750259.954	,7319.127,1.388000,0
7,aclnnInplaceCopy_TransposeAiCore_Transpose,N/A,N/A,1790932581757580.161	,1259.425,1.123000,0
7,aclnnMatmul_MatMulV3Common_MatMulV3,N/A,N/A,1790932581758839.606	,2885.818,0.000000,0
7,aclnnAdd_AddAiCore_Add,N/A,N/A,1790932581761725.464	,504.470,0.182000,0
7,aclnnInplaceCopy_CastAiCore_Cast,N/A,N/A,1790932581762229.954	,413.108,0.030000,0
7,aclnnPowTensorScalar_PowsAiCore_Pows,N/A,N/A,1790932581762643.082	,657.733,0.000000,0
7,aclnnMean_ReduceMeanAiCore_ReduceMean,N/A,N/A,1790932581763301.715	,429.349,1.017000,0
7,aclnnAdds_AddAiCore_Add,N/A,N/A,1790932581763731.844	,6.000,0.651000,0
7,aclnnRsqrt_RsqrtAiCore_Rsqrt,N/A,N/A,1790932581763737.884	,7.200,0.250000,0
7,aclnnMul_MulAiCore_Mul,N/A,N/A,1790932581763745.104	,452.069,0.000000,0
7,aclnnInplaceCopy_CastAiCore_Cast,N/A,N/A,1790932581764197.193	,596.772,0.181000,0
7,aclnnMul_MulAiCore_Mul,N/A,N/A,1790932581764794.005	,261.065,0.000000,0
7,aclnnMatmul_MatMulV3Common_MatMulV3,N/A,N/A,1790932581765055.090	,12578.791,0.000000,0
7,aclnnSilu_SliceAiCore_Slice,N/A,N/A,1790932581777633.901	,1197.964,0.209000,0
7,aclnnSilu_SiluAiCore_Swish,N/A,N/A,1790932581778831.885	,1267.246,0.036000,0
7,aclnnMul_SliceAiCore_Slice,N/A,N/A,1790932581780099.151	,1191.843,0.004000,0
7,aclnnMul_MulAiCore_Mul,N/A,N/A,1790932581781291.014	,1912.439,0.000000,0
7,aclnnMatmul_MatMulV3Common_MatMulV3,N/A,N/A,1790932581783203.473	,6691.673,0.061000,0
7,aclnnAdd_AddAiCore_Add,N/A,N/A,1790932581789895.166	,489.170,0.077000,0
7,aclnnInplaceCopy_CastAiCore_Cast,N/A,N/A,1790932581790384.376	,411.308,0.080000,0
7,aclnnPowTensorScalar_PowsAiCore_Pows,N/A,N/A,1790932581790795.704	,658.454,0.000000,0
7,aclnnMean_ReduceMeanAiCore_ReduceMean,N/A,N/A,1790932581791455.238	,431.728,1.046000,0
7,aclnnAdds_AddAiCore_Add,N/A,N/A,1790932581791888.086	,5.760,1.022000,0
7,aclnnRsqrt_RsqrtAiCore_Rsqrt,N/A,N/A,1790932581791893.866	,7.220,0.000000,0
7,aclnnMul_MulAiCore_Mul,N/A,N/A,1790932581791901.106	,459.070,0.030000,0
7,aclnnInplaceCopy_CastAiCore_Cast,N/A,N/A,1790932581792360.196	,597.892,0.180000,0
7,aclnnMul_MulAiCore_Mul,N/A,N/A,1790932581792958.108	,263.125,0.000000,0
7,aclnnMatmul_MatMulV3Common_MatMulV3,N/A,N/A,1790932581793221.253	,3967.519,0.125000,0
7,aclnnInplaceCopy_SliceAiCore_Slice,N/A,N/A,1790932581797188.792	,521.351,0.000000,0
7,aclnnInplaceCopy_CastAiCore_Cast,N/A,N/A,1790932581797710.183	,705.094,0.149000,0
7,aclnnPowTensorScalar_PowsAiCore_Pows,N/A,N/A,1790932581798415.297	,1031.800,0.000000,0
7,aclnnMean_ReduceMeanAiCore_ReduceMean,N/A,N/A,1790932581799448.117	,574.472,0.950000,0
7,aclnnAdds_AddAiCore_Add,N/A,N/A,1790932581800023.629	,10.400,1.278000,0
7,aclnnRsqrt_RsqrtAiCore_Rsqrt,N/A,N/A,1790932581800034.049	,9.820,0.000000,0
7,aclnnMul_MulAiCore_Mul,N/A,N/A,1790932581800043.889	,833.617,0.180000,0
7,aclnnInplaceCopy_CastAiCore_Cast,N/A,N/A,1790932581800877.546	,876.397,0.000000,0
7,aclnnMul_MulAiCore_Mul,N/A,N/A,1790932581801753.963	,438.169,0.103000,0
7,aclnnInplaceCopy_SliceAiCore_Slice,N/A,N/A,1790932581802192.152	,119.242,0.081000,0
7,aclnnInplaceCopy_CastAiCore_Cast,N/A,N/A,1790932581802311.414	,73.742,0.008000,0
7,aclnnPowTensorScalar_PowsAiCore_Pows,N/A,N/A,1790932581802385.176	,135.043,0.008000,0
7,aclnnMean_ReduceMeanAiCore_ReduceMean,N/A,N/A,1790932581802521.379	,89.681,1.207000,0
7,aclnnAdds_AddAiCore_Add,N/A,N/A,1790932581802611.980	,7.681,0.819000,0
7,aclnnRsqrt_RsqrtAiCore_Rsqrt,N/A,N/A,1790932581802619.681	,8.720,0.069000,0
7,aclnnMul_MulAiCore_Mul,N/A,N/A,1790932581802628.421	,109.842,0.030000,0
7,aclnnInplaceCopy_CastAiCore_Cast,N/A,N/A,1790932581802738.283	,63.741,0.000000,0
7,aclnnMul_MulAiCore_Mul,N/A,N/A,1790932581802802.064	,61.701,0.009000,0
7,aclnnMul_TransposeAiCore_Transpose,N/A,N/A,1790932581802863.785	,918.859,0.049000,0
7,aclnnMul_MulAiCore_Mul,N/A,N/A,1790932581803782.684	,455.189,0.141000,0
7,aclnnNeg_AsStridedAiCore_AsStrided,N/A,N/A,1790932581804237.913	,402.388,0.061000,0
7,aclnnNeg_NegAiCore_Neg,N/A,N/A,1790932581804640.321	,205.264,0.000000,0
7,aclnnCat_AsStridedAiCore_AsStrided,N/A,N/A,1790932581804845.605	,441.049,0.000000,0
7,aclnnCat_ConcatD_ConcatD,N/A,N/A,1790932581805286.674	,463.109,0.201000,0
7,aclnnMul_MulAiCore_Mul,N/A,N/A,1790932581805749.803	,432.909,0.000000,0
7,aclnnAdd_AddAiCore_Add,N/A,N/A,1790932581806182.732	,815.036,0.091000,0
7,aclnnMul_TransposeAiCore_Transpose,N/A,N/A,1790932581806997.808	,126.743,0.000000,0
7,aclnnMul_MulAiCore_Mul,N/A,N/A,1790932581807124.571	,56.081,0.007000,0
7,aclnnNeg_AsStridedAiCore_AsStrided,N/A,N/A,1790932581807180.672	,119.402,0.169000,0
7,aclnnNeg_NegAiCore_Neg,N/A,N/A,1790932581807300.094	,29.081,0.000000,0
7,aclnnCat_AsStridedAiCore_AsStrided,N/A,N/A,1790932581807329.195	,47.901,0.169000,0
7,aclnnCat_ConcatD_ConcatD,N/A,N/A,1790932581807377.116	,41.801,0.000000,0
7,aclnnMul_MulAiCore_Mul,N/A,N/A,1790932581807418.937	,61.161,0.199000,0
7,aclnnAdd_AddAiCore_Add,N/A,N/A,1790932581807480.118	,161.323,0.000000,0
7,aclnnInplaceCopy_AsStridedAiCore_AsStrided,N/A,N/A,1790932581807641.481	,146.683,0.177000,0
7,InnerPromptFlashAttention_PromptFlashAttention_PromptFlashAttention,N/A,N/A,1790932581807789.444	,7345.267,1.317000,0
7,aclnnInplaceCopy_TransposeAiCore_Transpose,N/A,N/A,1790932581815135.371	,1260.585,0.483000,0
7,aclnnMatmul_MatMulV3Common_MatMulV3,N/A,N/A,1790932581816395.976	,2892.878,0.165000,0
7,aclnnAdd_AddAiCore_Add,N/A,N/A,1790932581819288.874	,508.230,0.000000,0
7,aclnnInplaceCopy_CastAiCore_Cast,N/A,N/A,1790932581819797.124	,415.248,0.020000,0
7,aclnnPowTensorScalar_PowsAiCore_Pows,N/A,N/A,1790932581820212.392	,655.993,0.252000,0
7,aclnnMean_ReduceMeanAiCore_ReduceMean,N/A,N/A,1790932581820869.345	,430.669,0.757000,0
7,aclnnAdds_AddAiCore_Add,N/A,N/A,1790932581821300.914	,5.900,1.081000,0
7,aclnnRsqrt_RsqrtAiCore_Rsqrt,N/A,N/A,1790932581821306.854	,8.340,0.000000,0
7,aclnnMul_MulAiCore_Mul,N/A,N/A,1790932581821315.214	,455.149,0.160000,0
7,aclnnInplaceCopy_CastAiCore_Cast,N/A,N/A,1790932581821770.383	,594.112,0.101000,0
7,aclnnMul_MulAiCore_Mul,N/A,N/A,1790932581822364.515	,261.405,0.000000,0
7,aclnnMatmul_MatMulV3Common_MatMulV3,N/A,N/A,1790932581822625.940	,12559.931,0.095000,0
7,aclnnSilu_SliceAiCore_Slice,N/A,N/A,1790932581835185.891	,1198.024,0.069000,0
7,aclnnSilu_SiluAiCore_Swish,N/A,N/A,1790932581836383.935	,1240.805,0.000000,0
7,aclnnMul_SliceAiCore_Slice,N/A,N/A,1790932581837624.780	,1201.444,0.000000,0
7,aclnnMul_MulAiCore_Mul,N/A,N/A,1790932581838826.264	,1932.439,0.056000,0
7,aclnnMatmul_MatMulV3Common_MatMulV3,N/A,N/A,1790932581840758.723	,6667.333,0.061000,0
7,aclnnAdd_AddAiCore_Add,N/A,N/A,1790932581847426.076	,490.410,0.000000,0
7,aclnnInplaceCopy_CastAiCore_Cast,N/A,N/A,1790932581847916.506	,411.388,0.090000,0
7,aclnnPowTensorScalar_PowsAiCore_Pows,N/A,N/A,1790932581848327.914	,659.293,0.112000,0
7,aclnnMean_ReduceMeanAiCore_ReduceMean,N/A,N/A,1790932581848988.667	,431.529,1.457000,0
7,aclnnAdds_AddAiCore_Add,N/A,N/A,1790932581849420.856	,5.740,0.471000,0
7,aclnnRsqrt_RsqrtAiCore_Rsqrt,N/A,N/A,1790932581849426.636	,7.200,0.260000,0
7,aclnnMul_MulAiCore_Mul,N/A,N/A,1790932581849433.856	,460.029,0.000000,0
7,aclnnInplaceCopy_CastAiCore_Cast,N/A,N/A,1790932581849893.905	,596.712,0.221000,0
7,aclnnMul_MulAiCore_Mul,N/A,N/A,1790932581850490.637	,264.365,0.038000,0
7,aclnnMatmul_MatMulV3Common_MatMulV3,N/A,N/A,1790932581850755.022	,3950.639,0.000000,0
7,aclnnInplaceCopy_SliceAiCore_Slice,N/A,N/A,1790932581854705.681	,523.351,0.111000,0
7,aclnnInplaceCopy_CastAiCore_Cast,N/A,N/A,1790932581855229.052	,706.834,0.000000,0
7,aclnnPowTensorScalar_PowsAiCore_Pows,N/A,N/A,1790932581855935.926	,1027.340,0.166000,0
7,aclnnMean_ReduceMeanAiCore_ReduceMean,N/A,N/A,1790932581856964.726	,577.832,1.410000,0
7,aclnnAdds_AddAiCore_Add,N/A,N/A,1790932581857543.418	,10.440,0.918000,0
7,aclnnRsqrt_RsqrtAiCore_Rsqrt,N/A,N/A,1790932581857553.878	,9.880,0.060000,0
7,aclnnMul_MulAiCore_Mul,N/A,N/A,1790932581857563.778	,835.177,0.000000,0
7,aclnnInplaceCopy_CastAiCore_Cast,N/A,N/A,1790932581858398.975	,876.858,0.073000,0
7,aclnnMul_MulAiCore_Mul,N/A,N/A,1790932581859275.853	,438.748,0.000000,0
7,aclnnInplaceCopy_SliceAiCore_Slice,N/A,N/A,1790932581859714.621	,119.723,0.002000,0
7,aclnnInplaceCopy_CastAiCore_Cast,N/A,N/A,1790932581859834.364	,71.781,0.027000,0
7,aclnnPowTensorScalar_PowsAiCore_Pows,N/A,N/A,1790932581859906.185	,133.643,0.219000,0
7,aclnnMean_ReduceMeanAiCore_ReduceMean,N/A,N/A,1790932581860040.988	,89.382,1.107000,0
7,aclnnAdds_AddAiCore_Add,N/A,N/A,1790932581860131.610	,8.040,1.118000,0
7,aclnnRsqrt_RsqrtAiCore_Rsqrt,N/A,N/A,1790932581860139.690	,14.320,0.210000,0
7,aclnnMul_MulAiCore_Mul,N/A,N/A,1790932581860154.030	,109.802,0.000000,0
7,aclnnInplaceCopy_CastAiCore_Cast,N/A,N/A,1790932581860263.852	,64.742,0.000000,0
7,aclnnMul_MulAiCore_Mul,N/A,N/A,1790932581860328.614	,62.281,0.008000,0
7,aclnnMul_TransposeAiCore_Transpose,N/A,N/A,1790932581860390.915	,917.218,0.219000,0
7,aclnnMul_MulAiCore_Mul,N/A,N/A,1790932581861308.173	,456.629,0.032000,0
7,aclnnNeg_AsStridedAiCore_AsStrided,N/A,N/A,1790932581861764.822	,400.928,0.000000,0
7,aclnnNeg_NegAiCore_Neg,N/A,N/A,1790932581862165.770	,203.104,0.072000,0
7,aclnnCat_AsStridedAiCore_AsStrided,N/A,N/A,1790932581862368.894	,440.549,0.146000,0
7,aclnnCat_ConcatD_ConcatD,N/A,N/A,1790932581862809.463	,464.269,0.000000,0
7,aclnnMul_MulAiCore_Mul,N/A,N/A,1790932581863273.772	,432.589,0.000000,0
7,aclnnAdd_AddAiCore_Add,N/A,N/A,1790932581863706.401	,814.696,0.161000,0
7,aclnnMul_TransposeAiCore_Transpose,N/A,N/A,1790932581864521.117	,124.503,0.000000,0
7,aclnnMul_MulAiCore_Mul,N/A,N/A,1790932581864645.640	,56.361,0.247000,0
7,aclnnNeg_AsStridedAiCore_AsStrided,N/A,N/A,1790932581864702.021	,122.142,0.000000,0
7,aclnnNeg_NegAiCore_Neg,N/A,N/A,1790932581864824.183	,31.041,0.108000,0
7,aclnnCat_AsStridedAiCore_AsStrided,N/A,N/A,1790932581864855.244	,47.641,0.000000,0
7,aclnnCat_ConcatD_ConcatD,N/A,N/A,1790932581864902.905	,41.361,0.109000,0
7,aclnnMul_MulAiCore_Mul,N/A,N/A,1790932581864944.286	,60.481,0.000000,0
7,aclnnAdd_AddAiCore_Add,N/A,N/A,1790932581865004.787	,162.283,0.019000,0
7,aclnnInplaceCopy_AsStridedAiCore_AsStrided,N/A,N/A,1790932581865167.090	,148.843,0.000000,0
7,InnerPromptFlashAttention_PromptFlashAttention_PromptFlashAttention,N/A,N/A,1790932581865317.213	,7290.006,1.407000,0
7,aclnnInplaceCopy_TransposeAiCore_Transpose,N/A,N/A,1790932581872608.319	,1255.305,0.994000,0
7,aclnnMatmul_MatMulV3Common_MatMulV3,N/A,N/A,1790932581873863.644	,2885.978,0.195000,0
7,aclnnAdd_AddAiCore_Add,N/A,N/A,1790932581876749.642	,505.430,0.022000,0
7,aclnnInplaceCopy_CastAiCore_Cast,N/A,N/A,1790932581877255.092	,412.388,0.000000,0
7,aclnnPowTensorScalar_PowsAiCore_Pows,N/A,N/A,1790932581877667.520	,655.753,0.112000,0
7,aclnnMean_ReduceMeanAiCore_ReduceMean,N/A,N/A,1790932581878324.333	,431.009,0.997000,0
7,aclnnAdds_AddAiCore_Add,N/A,N/A,1790932581878756.542	,5.980,1.241000,0
7,aclnnRsqrt_RsqrtAiCore_Rsqrt,N/A,N/A,1790932581878762.542	,7.180,0.020000,0
7,aclnnMul_MulAiCore_Mul,N/A,N/A,1790932581878769.742	,449.629,0.070000,0
7,aclnnInplaceCopy_CastAiCore_Cast,N/A,N/A,1790932581879219.391	,596.452,0.121000,0
7,aclnnMul_MulAiCore_Mul,N/A,N/A,1790932581879815.863	,263.445,0.000000,0
7,aclnnMatmul_MatMulV3Common_MatMulV3,N/A,N/A,1790932581880079.328	,12592.312,0.055000,0
7,aclnnSilu_SliceAiCore_Slice,N/A,N/A,1790932581892671.680	,1202.464,0.188000,0
7,aclnnSilu_SiluAiCore_Swish,N/A,N/A,1790932581893874.164	,1266.145,0.036000,0
7,aclnnMul_SliceAiCore_Slice,N/A,N/A,1790932581895140.329	,1188.504,0.000000,0
7,aclnnMul_MulAiCore_Mul,N/A,N/A,1790932581896328.853	,1913.178,0.000000,0
7,aclnnMatmul_MatMulV3Common_MatMulV3,N/A,N/A,1790932581898242.051	,6684.914,0.072000,0
7,aclnnAdd_AddAiCore_Add,N/A,N/A,1790932581904926.985	,491.910,0.086000,0
7,aclnnInplaceCopy_CastAiCore_Cast,N/A,N/A,1790932581905418.915	,413.708,0.090000,0
7,aclnnPowTensorScalar_PowsAiCore_Pows,N/A,N/A,1790932581905832.643	,657.853,0.042000,0
7,aclnnMean_ReduceMeanAiCore_ReduceMean,N/A,N/A,1790932581906491.856	,430.669,1.147000,0
7,aclnnAdds_AddAiCore_Add,N/A,N/A,1790932581906923.745	,5.860,1.331000,0
7,aclnnRsqrt_RsqrtAiCore_Rsqrt,N/A,N/A,1790932581906929.625	,7.000,0.000000,0
7,aclnnMul_MulAiCore_Mul,N/A,N/A,1790932581906936.665	,457.009,0.250000,0
7,aclnnInplaceCopy_CastAiCore_Cast,N/A,N/A,1790932581907393.694	,598.432,0.000000,0
7,aclnnMul_MulAiCore_Mul,N/A,N/A,1790932581907992.146	,263.465,0.068000,0
7,aclnnMatmul_MatMulV3Common_MatMulV3,N/A,N/A,1790932581908255.631	,3943.399,0.035000,0
7,aclnnInplaceCopy_SliceAiCore_Slice,N/A,N/A,1790932581912199.050	,520.770,0.000000,0
7,aclnnInplaceCopy_CastAiCore_Cast,N/A,N/A,1790932581912719.860	,702.814,0.000000,0
7,aclnnPowTensorScalar_PowsAiCore_Pows,N/A,N/A,1790932581913422.694	,1031.501,0.186000,0
7,aclnnMean_ReduceMeanAiCore_ReduceMean,N/A,N/A,1790932581914455.375	,573.972,1.249000,0
7,aclnnAdds_AddAiCore_Add,N/A,N/A,1790932581915030.447	,10.600,1.028000,0
7,aclnnRsqrt_RsqrtAiCore_Rsqrt,N/A,N/A,1790932581915041.087	,10.020,0.000000,0
7,aclnnMul_MulAiCore_Mul,N/A,N/A,1790932581915051.127	,833.997,0.230000,0
7,aclnnInplaceCopy_CastAiCore_Cast,N/A,N/A,1790932581915885.144	,877.297,0.003000,0
7,aclnnMul_MulAiCore_Mul,N/A,N/A,1790932581916762.481	,438.349,0.000000,0
7,aclnnInplaceCopy_SliceAiCore_Slice,N/A,N/A,1790932581917200.850	,121.182,0.000000,0
7,aclnnInplaceCopy_CastAiCore_Cast,N/A,N/A,1790932581917322.072	,73.102,0.068000,0
7,aclnnPowTensorScalar_PowsAiCore_Pows,N/A,N/A,1790932581917395.194	,131.882,0.148000,0
7,aclnnMean_ReduceMeanAiCore_ReduceMean,N/A,N/A,1790932581917528.236	,90.742,1.118000,0
7,aclnnAdds_AddAiCore_Add,N/A,N/A,1790932581917620.058	,8.300,1.008000,0
7,aclnnRsqrt_RsqrtAiCore_Rsqrt,N/A,N/A,1790932581917628.398	,8.881,0.200000,0
7,aclnnMul_MulAiCore_Mul,N/A,N/A,1790932581917637.299	,108.702,0.000000,0
7,aclnnInplaceCopy_CastAiCore_Cast,N/A,N/A,1790932581917746.021	,64.201,0.048000,0
7,aclnnMul_MulAiCore_Mul,N/A,N/A,1790932581917810.242	,61.561,0.049000,0
7,aclnnMul_TransposeAiCore_Transpose,N/A,N/A,1790932581917871.823	,917.919,0.000000,0
7,aclnnMul_MulAiCore_Mul,N/A,N/A,1790932581918789.762	,456.169,0.081000,0
7,aclnnNeg_AsStridedAiCore_AsStrided,N/A,N/A,1790932581919245.951	,400.088,0.081000,0
7,aclnnNeg_NegAiCore_Neg,N/A,N/A,1790932581919646.059	,206.284,0.000000,0
7,aclnnCat_AsStridedAiCore_AsStrided,N/A,N/A,1790932581919852.363	,445.249,0.000000,0
7,aclnnCat_ConcatD_ConcatD,N/A,N/A,1790932581920297.632	,462.749,0.251000,0
7,aclnnMul_MulAiCore_Mul,N/A,N/A,1790932581920760.401	,436.249,0.001000,0
7,aclnnAdd_AddAiCore_Add,N/A,N/A,1790932581921196.670	,814.516,0.001000,0
7,aclnnMul_TransposeAiCore_Transpose,N/A,N/A,1790932581922011.226	,129.063,0.000000,0
7,aclnnMul_MulAiCore_Mul,N/A,N/A,1790932581922140.329	,54.301,0.000000,0
7,aclnnNeg_AsStridedAiCore_AsStrided,N/A,N/A,1790932581922194.650	,121.262,0.199000,0
7,aclnnNeg_NegAiCore_Neg,N/A,N/A,1790932581922315.932	,29.221,0.000000,0
7,aclnnCat_AsStridedAiCore_AsStrided,N/A,N/A,1790932581922345.173	,49.281,0.029000,0
7,aclnnCat_ConcatD_ConcatD,N/A,N/A,1790932581922394.474	,40.701,0.000000,0
7,aclnnMul_MulAiCore_Mul,N/A,N/A,1790932581922435.195	,60.441,0.049000,0
7,aclnnAdd_AddAiCore_Add,N/A,N/A,1790932581922495.656	,162.783,0.059000,0
7,aclnnInplaceCopy_AsStridedAiCore_AsStrided,N/A,N/A,1790932581922658.459	,145.583,0.000000,0
7,InnerPromptFlashAttention_PromptFlashAttention_PromptFlashAttention,N/A,N/A,1790932581922805.102	,7343.427,0.917000,0
7,aclnnInplaceCopy_TransposeAiCore_Transpose,N/A,N/A,1790932581930149.289	,1261.425,0.823000,0
7,aclnnMatmul_MatMulV3Common_MatMulV3,N/A,N/A,1790932581931410.734	,2890.158,0.075000,0
7,aclnnAdd_AddAiCore_Add,N/A,N/A,1790932581934300.932	,511.030,0.092000,0
7,aclnnInplaceCopy_CastAiCore_Cast,N/A,N/A,1790932581934811.982	,413.548,0.000000,0
7,aclnnPowTensorScalar_PowsAiCore_Pows,N/A,N/A,1790932581935225.550	,659.113,0.000000,0
7,aclnnMean_ReduceMeanAiCore_ReduceMean,N/A,N/A,1790932581935885.603	,431.509,0.887000,0
7,aclnnAdds_AddAiCore_Add,N/A,N/A,1790932581936317.852	,6.180,0.741000,0
7,aclnnRsqrt_RsqrtAiCore_Rsqrt,N/A,N/A,1790932581936324.052	,6.980,0.070000,0
7,aclnnMul_MulAiCore_Mul,N/A,N/A,1790932581936331.072	,454.449,0.020000,0
7,aclnnInplaceCopy_CastAiCore_Cast,N/A,N/A,1790932581936785.541	,596.332,0.051000,0
7,aclnnMul_MulAiCore_Mul,N/A,N/A,1790932581937381.893	,260.165,0.168000,0
7,aclnnMatmul_MatMulV3Common_MatMulV3,N/A,N/A,1790932581937642.078	,12562.691,0.000000,0
7,aclnnSilu_SliceAiCore_Slice,N/A,N/A,1790932581950204.789	,1201.364,0.059000,0
7,aclnnSilu_SiluAiCore_Swish,N/A,N/A,1790932581951406.173	,1242.825,0.136000,0
7,aclnnMul_SliceAiCore_Slice,N/A,N/A,1790932581952649.158	,1200.544,0.175000,0
7,aclnnMul_MulAiCore_Mul,N/A,N/A,1790932581953849.742	,1934.479,0.000000,0
7,aclnnMatmul_MatMulV3Common_MatMulV3,N/A,N/A,1790932581955784.241	,6673.393,0.021000,0
7,aclnnAdd_AddAiCore_Add,N/A,N/A,1790932581962457.654	,490.110,0.107000,0
7,aclnnInplaceCopy_CastAiCore_Cast,N/A,N/A,1790932581962947.784	,412.388,0.000000,0
7,aclnnPowTensorScalar_PowsAiCore_Pows,N/A,N/A,1790932581963360.192	,657.433,0.112000,0
7,aclnnMean_ReduceMeanAiCore_ReduceMean,N/A,N/A,1790932581964019.085	,429.309,1.317000,0
7,aclnnAdds_AddAiCore_Add,N/A,N/A,1790932581964449.594	,6.240,1.191000,0
7,aclnnRsqrt_RsqrtAiCore_Rsqrt,N/A,N/A,1790932581964455.854	,7.200,0.010000,0
7,aclnnMul_MulAiCore_Mul,N/A,N/A,1790932581964463.074	,456.049,0.050000,0
7,aclnnInplaceCopy_CastAiCore_Cast,N/A,N/A,1790932581964919.143	,598.512,0.201000,0
7,aclnnMul_MulAiCore_Mul,N/A,N/A,1790932581965517.675	,262.766,0.000000,0
7,aclnnMatmul_MatMulV3Common_MatMulV3,N/A,N/A,1790932581965780.461	,3924.878,0.000000,0
7,aclnnInplaceCopy_SliceAiCore_Slice,N/A,N/A,1790932581969705.359	,524.050,0.000000,0
7,aclnnInplaceCopy_CastAiCore_Cast,N/A,N/A,1790932581970229.429	,706.595,0.200000,0
7,aclnnPowTensorScalar_PowsAiCore_Pows,N/A,N/A,1790932581970936.044	,1028.460,0.000000,0
7,aclnnMean_ReduceMeanAiCore_ReduceMean,N/A,N/A,1790932581971965.424	,576.532,1.040000,0
7,aclnnAdds_AddAiCore_Add,N/A,N/A,1790932581972542.736	,10.600,0.718000,0
7,aclnnRsqrt_RsqrtAiCore_Rsqrt,N/A,N/A,1790932581972553.376	,9.980,0.150000,0
7,aclnnMul_MulAiCore_Mul,N/A,N/A,1790932581972563.376	,833.657,0.020000,0
7,aclnnInplaceCopy_CastAiCore_Cast,N/A,N/A,1790932581973397.053	,876.317,0.000000,0
7,aclnnMul_MulAiCore_Mul,N/A,N/A,1790932581974273.390	,438.809,0.183000,0
7,aclnnInplaceCopy_SliceAiCore_Slice,N/A,N/A,1790932581974712.219	,118.822,0.000000,0
7,aclnnInplaceCopy_CastAiCore_Cast,N/A,N/A,1790932581974831.061	,72.762,0.000000,0
7,aclnnPowTensorScalar_PowsAiCore_Pows,N/A,N/A,1790932581974903.843	,132.042,0.000000,0
7,aclnnMean_ReduceMeanAiCore_ReduceMean,N/A,N/A,1790932581975037.106	,91.161,1.208000,0
7,aclnnAdds_AddAiCore_Add,N/A,N/A,1790932581975129.027	,7.941,0.839000,0
7,aclnnRsqrt_RsqrtAiCore_Rsqrt,N/A,N/A,1790932581975136.988	,8.620,0.059000,0
7,aclnnMul_MulAiCore_Mul,N/A,N/A,1790932581975145.648	,111.242,0.130000,0
7,aclnnInplaceCopy_CastAiCore_Cast,N/A,N/A,1790932581975256.910	,63.041,0.008000,0
7,aclnnMul_MulAiCore_Mul,N/A,N/A,1790932581975319.971	,62.461,0.000000,0
7,aclnnMul_TransposeAiCore_Transpose,N/A,N/A,1790932581975382.452	,925.739,0.039000,0
7,aclnnMul_MulAiCore_Mul,N/A,N/A,1790932581976308.211	,456.389,0.011000,0
7,aclnnNeg_AsStridedAiCore_AsStrided,N/A,N/A,1790932581976764.620	,401.048,0.000000,0
7,aclnnNeg_NegAiCore_Neg,N/A,N/A,1790932581977165.688	,204.544,0.202000,0
7,aclnnCat_AsStridedAiCore_AsStrided,N/A,N/A,1790932581977370.252	,443.449,0.000000,0
7,aclnnCat_ConcatD_ConcatD,N/A,N/A,1790932581977813.721	,465.729,0.051000,0
7,aclnnMul_MulAiCore_Mul,N/A,N/A,1790932581978279.470	,433.989,0.021000,0
7,aclnnAdd_AddAiCore_Add,N/A,N/A,1790932581978713.499	,814.576,0.011000,0
7,aclnnMul_TransposeAiCore_Transpose,N/A,N/A,1790932581979528.095	,128.443,0.000000,0
7,aclnnMul_MulAiCore_Mul,N/A,N/A,1790932581979656.558	,56.381,0.057000,0
7,aclnnNeg_AsStridedAiCore_AsStrided,N/A,N/A,1790932581979712.979	,122.922,0.119000,0
7,aclnnNeg_NegAiCore_Neg,N/A,N/A,1790932581979835.921	,29.801,0.078000,0
7,aclnnCat_AsStridedAiCore_AsStrided,N/A,N/A,1790932581979865.742	,47.821,0.000000,0
7,aclnnCat_ConcatD_ConcatD,N/A,N/A,1790932581979913.583	,42.061,0.000000,0
7,aclnnMul_MulAiCore_Mul,N/A,N/A,1790932581979955.684	,60.121,0.189000,0
7,aclnnAdd_AddAiCore_Add,N/A,N/A,1790932581980015.825	,162.943,0.000000,0
7,aclnnInplaceCopy_AsStridedAiCore_AsStrided,N/A,N/A,1790932581980178.788	,146.143,0.057000,0
7,InnerPromptFlashAttention_PromptFlashAttention_PromptFlashAttention,N/A,N/A,1790932581980326.211	,7313.066,1.357000,0
7,aclnnInplaceCopy_TransposeAiCore_Transpose,N/A,N/A,1790932581987640.377	,1253.725,1.184000,0
7,aclnnMatmul_MatMulV3Common_MatMulV3,N/A,N/A,1790932581988894.122	,2893.538,0.000000,0
7,aclnnAdd_AddAiCore_Add,N/A,N/A,1790932581991787.700	,508.290,0.212000,0
7,aclnnInplaceCopy_CastAiCore_Cast,N/A,N/A,1790932581992296.010	,413.609,0.000000,0
7,aclnnPowTensorScalar_PowsAiCore_Pows,N/A,N/A,1790932581992709.639	,657.493,0.141000,0
7,aclnnMean_ReduceMeanAiCore_ReduceMean,N/A,N/A,1790932581993368.332	,430.768,1.007000,0
7,aclnnAdds_AddAiCore_Add,N/A,N/A,1790932581993799.980	,5.801,0.982000,0
7,aclnnRsqrt_RsqrtAiCore_Rsqrt,N/A,N/A,1790932581993805.821	,7.080,0.000000,0
7,aclnnMul_MulAiCore_Mul,N/A,N/A,1790932581993812.941	,463.049,0.170000,0
7,aclnnInplaceCopy_CastAiCore_Cast,N/A,N/A,1790932581994276.010	,597.792,0.000000,0
7,aclnnMul_MulAiCore_Mul,N/A,N/A,1790932581994873.822	,260.705,0.000000,0
7,aclnnMatmul_MatMulV3Common_MatMulV3,N/A,N/A,1790932581995134.547	,12589.272,0.045000,0
7,aclnnSilu_SliceAiCore_Slice,N/A,N/A,1790932582007723.839	,1197.064,0.000000,0
7,aclnnSilu_SiluAiCore_Swish,N/A,N/A,1790932582008920.923	,1259.565,0.186000,0
7,aclnnMul_SliceAiCore_Slice,N/A,N/A,1790932582010180.528	,1192.544,0.000000,0
7,aclnnMul_MulAiCore_Mul,N/A,N/A,1790932582011373.092	,1909.998,0.000000,0
7,aclnnMatmul_MatMulV3Common_MatMulV3,N/A,N/A,1790932582013283.110	,6681.193,0.002000,0
7,aclnnAdd_AddAiCore_Add,N/A,N/A,1790932582019964.323	,489.410,0.057000,0
7,aclnnInplaceCopy_CastAiCore_Cast,N/A,N/A,1790932582020453.753	,411.668,0.090000,0
7,aclnnPowTensorScalar_PowsAiCore_Pows,N/A,N/A,1790932582020865.441	,658.153,0.082000,0
7,aclnnMean_ReduceMeanAiCore_ReduceMean,N/A,N/A,1790932582021524.494	,429.769,0.847000,0
7,aclnnAdds_AddAiCore_Add,N/A,N/A,1790932582021955.223	,5.960,0.981000,0
7,aclnnRsqrt_RsqrtAiCore_Rsqrt,N/A,N/A,1790932582021961.203	,7.380,0.040000,0
7,aclnnMul_MulAiCore_Mul,N/A,N/A,1790932582021968.603	,459.929,0.000000,0
7,aclnnInplaceCopy_CastAiCore_Cast,N/A,N/A,1790932582022428.572	,597.312,0.071000,0
7,aclnnMul_MulAiCore_Mul,N/A,N/A,1790932582023025.904	,261.686,0.188000,0
7,aclnnMatmul_MatMulV3Common_MatMulV3,N/A,N/A,1790932582023287.610	,3926.378,0.000000,0
7,aclnnInplaceCopy_SliceAiCore_Slice,N/A,N/A,1790932582027214.008	,522.030,0.122000,0
7,aclnnInplaceCopy_CastAiCore_Cast,N/A,N/A,1790932582027736.078	,704.635,0.000000,0
7,aclnnPowTensorScalar_PowsAiCore_Pows,N/A,N/A,1790932582028440.733	,1036.680,0.115000,0
7,aclnnMean_ReduceMeanAiCore_ReduceMean,N/A,N/A,1790932582029478.653	,575.532,1.320000,0
7,aclnnAdds_AddAiCore_Add,N/A,N/A,1790932582030054.945	,10.520,0.718000,0
7,aclnnRsqrt_RsqrtAiCore_Rsqrt,N/A,N/A,1790932582030065.485	,9.900,0.000000,0
7,aclnnMul_MulAiCore_Mul,N/A,N/A,1790932582030075.425	,834.417,0.100000,0
7,aclnnInplaceCopy_CastAiCore_Cast,N/A,N/A,1790932582030909.862	,875.097,0.000000,0
7,aclnnMul_MulAiCore_Mul,N/A,N/A,1790932582031784.979	,438.489,0.153000,0
7,aclnnInplaceCopy_SliceAiCore_Slice,N/A,N/A,1790932582032223.488	,119.462,0.011000,0
7,aclnnInplaceCopy_CastAiCore_Cast,N/A,N/A,1790932582032342.970	,73.902,0.038000,0
7,aclnnPowTensorScalar_PowsAiCore_Pows,N/A,N/A,1790932582032416.892	,132.223,0.098000,0
7,aclnnMean_ReduceMeanAiCore_ReduceMean,N/A,N/A,1790932582032550.195	,89.081,1.027000,0
7,aclnnAdds_AddAiCore_Add,N/A,N/A,1790932582032640.176	,8.261,0.919000,0
7,aclnnRsqrt_RsqrtAiCore_Rsqrt,N/A,N/A,1790932582032648.457	,8.600,0.000000,0
7,aclnnMul_MulAiCore_Mul,N/A,N/A,1790932582032657.077	,109.162,0.000000,0
7,aclnnInplaceCopy_CastAiCore_Cast,N/A,N/A,1790932582032766.259	,64.461,0.088000,0
7,aclnnMul_MulAiCore_Mul,N/A,N/A,1790932582032830.740	,63.502,0.039000,0
7,aclnnMul_TransposeAiCore_Transpose,N/A,N/A,1790932582032894.262	,919.898,0.000000,0
7,aclnnMul_MulAiCore_Mul,N/A,N/A,1790932582033814.180	,456.809,0.102000,0
7,aclnnNeg_AsStridedAiCore_AsStrided,N/A,N/A,1790932582034271.009	,400.388,0.000000,0
7,aclnnNeg_NegAiCore_Neg,N/A,N/A,1790932582034671.417	,205.984,0.112000,0
7,aclnnCat_AsStridedAiCore_AsStrided,N/A,N/A,1790932582034877.421	,443.809,0.016000,0
7,aclnnCat_ConcatD_ConcatD,N/A,N/A,1790932582035321.250	,462.829,0.000000,0
7,aclnnMul_MulAiCore_Mul,N/A,N/A,1790932582035784.119	,434.769,0.000000,0
7,aclnnAdd_AddAiCore_Add,N/A,N/A,1790932582036218.928	,815.936,0.231000,0
7,aclnnMul_TransposeAiCore_Transpose,N/A,N/A,1790932582037034.884	,129.683,0.064000,0
7,aclnnMul_MulAiCore_Mul,N/A,N/A,1790932582037164.607	,55.301,0.000000,0
7,aclnnNeg_AsStridedAiCore_AsStrided,N/A,N/A,1790932582037219.948	,119.962,0.199000,0
7,aclnnNeg_NegAiCore_Neg,N/A,N/A,1790932582037339.930	,28.961,0.038000,0
7,aclnnCat_AsStridedAiCore_AsStrided,N/A,N/A,1790932582037368.911	,48.561,0.039000,0
7,aclnnCat_ConcatD_ConcatD,N/A,N/A,1790932582037417.492	,40.741,0.000000,0
7,aclnnMul_MulAiCore_Mul,N/A,N/A,1790932582037458.273	,62.841,0.009000,0
7,aclnnAdd_AddAiCore_Add,N/A,N/A,1790932582037521.134	,162.443,0.159000,0
7,aclnnInplaceCopy_AsStridedAiCore_AsStrided,N/A,N/A,1790932582037683.597	,147.423,0.000000,0
7,InnerPromptFlashAttention_PromptFlashAttention_PromptFlashAttention,N/A,N/A,1790932582037832.200	,7335.547,1.327000,0
7,aclnnInplaceCopy_TransposeAiCore_Transpose,N/A,N/A,1790932582045168.407	,1261.005,0.703000,0
7,aclnnMatmul_MatMulV3Common_MatMulV3,N/A,N/A,1790932582046429.432	,2893.738,0.000000,0
7,aclnnAdd_AddAiCore_Add,N/A,N/A,1790932582049323.210	,509.870,0.012000,0
7,aclnnInplaceCopy_CastAiCore_Cast,N/A,N/A,1790932582049833.100	,415.128,0.000000,0
7,aclnnPowTensorScalar_PowsAiCore_Pows,N/A,N/A,1790932582050248.248	,657.113,0.122000,0
7,aclnnMean_ReduceMeanAiCore_ReduceMean,N/A,N/A,1790932582050906.461	,431.929,1.137000,0
7,aclnnAdds_AddAiCore_Add,N/A,N/A,1790932582051339.050	,5.940,0.571000,0
7,aclnnRsqrt_RsqrtAiCore_Rsqrt,N/A,N/A,1790932582051345.010	,7.180,0.060000,0
7,aclnnMul_MulAiCore_Mul,N/A,N/A,1790932582051352.210	,453.829,0.070000,0
7,aclnnInplaceCopy_CastAiCore_Cast,N/A,N/A,1790932582051806.059	,596.552,0.000000,0
7,aclnnMul_MulAiCore_Mul,N/A,N/A,1790932582052402.651	,260.885,0.198000,0
7,aclnnMatmul_MatMulV3Common_MatMulV3,N/A,N/A,1790932582052663.576	,12553.091,0.000000,0
7,aclnnSilu_SliceAiCore_Slice,N/A,N/A,1790932582065216.687	,1199.884,0.159000,0
7,aclnnSilu_SiluAiCore_Swish,N/A,N/A,1790932582066416.591	,1243.805,0.000000,0
7,aclnnMul_SliceAiCore_Slice,N/A,N/A,1790932582067660.416	,1200.164,0.195000,0
7,aclnnMul_MulAiCore_Mul,N/A,N/A,1790932582068860.600	,1933.519,0.000000,0
7,aclnnMatmul_MatMulV3Common_MatMulV3,N/A,N/A,1790932582070794.139	,6683.693,0.231000,0
7,aclnnAdd_AddAiCore_Add,N/A,N/A,1790932582077477.852	,490.270,0.000000,0
7,aclnnInplaceCopy_CastAiCore_Cast,N/A,N/A,1790932582077968.142	,411.148,0.230000,0
7,aclnnPowTensorScalar_PowsAiCore_Pows,N/A,N/A,1790932582078379.310	,659.173,0.000000,0
7,aclnnMean_ReduceMeanAiCore_ReduceMean,N/A,N/A,1790932582079039.483	,431.129,1.077000,0
7,aclnnAdds_AddAiCore_Add,N/A,N/A,1790932582079471.672	,5.760,1.121000,0
7,aclnnRsqrt_RsqrtAiCore_Rsqrt,N/A,N/A,1790932582079477.472	,7.240,0.000000,0
7,aclnnMul_MulAiCore_Mul,N/A,N/A,1790932582079484.752	,451.169,0.010000,0
7,aclnnInplaceCopy_CastAiCore_Cast,N/A,N/A,1790932582079935.941	,597.552,0.081000,0
7,aclnnMul_MulAiCore_Mul,N/A,N/A,1790932582080533.513	,261.826,0.000000,0
7,aclnnMatmul_MatMulV3Common_MatMulV3,N/A,N/A,1790932582080795.359	,3917.658,0.000000,0
7,aclnnInplaceCopy_SliceAiCore_Slice,N/A,N/A,1790932582084713.037	,522.910,0.092000,0
7,aclnnInplaceCopy_CastAiCore_Cast,N/A,N/A,1790932582085235.967	,706.794,0.090000,0
7,aclnnPowTensorScalar_PowsAiCore_Pows,N/A,N/A,1790932582085942.781	,1028.941,0.000000,0
7,aclnnMean_ReduceMeanAiCore_ReduceMean,N/A,N/A,1790932582086972.922	,579.252,1.309000,0
7,aclnnAdds_AddAiCore_Add,N/A,N/A,1790932582087553.274	,10.260,0.998000,0
7,aclnnRsqrt_RsqrtAiCore_Rsqrt,N/A,N/A,1790932582087563.554	,9.800,0.000000,0
7,aclnnMul_MulAiCore_Mul,N/A,N/A,1790932582087573.394	,833.157,0.200000,0
7,aclnnInplaceCopy_CastAiCore_Cast,N/A,N/A,1790932582088406.571	,878.977,0.000000,0
7,aclnnMul_MulAiCore_Mul,N/A,N/A,1790932582089285.568	,437.789,0.023000,0
7,aclnnInplaceCopy_SliceAiCore_Slice,N/A,N/A,1790932582089723.377	,126.322,0.211000,0
7,aclnnInplaceCopy_CastAiCore_Cast,N/A,N/A,1790932582089849.719	,72.042,0.000000,0
7,aclnnPowTensorScalar_PowsAiCore_Pows,N/A,N/A,1790932582089921.781	,133.923,0.000000,0
7,aclnnMean_ReduceMeanAiCore_ReduceMean,N/A,N/A,1790932582090057.184	,90.561,1.577000,0
7,aclnnAdds_AddAiCore_Add,N/A,N/A,1790932582090148.445	,7.921,0.689000,0
7,aclnnRsqrt_RsqrtAiCore_Rsqrt,N/A,N/A,1790932582090156.386	,8.720,0.079000,0
7,aclnnMul_MulAiCore_Mul,N/A,N/A,1790932582090165.126	,108.982,0.030000,0
7,aclnnInplaceCopy_CastAiCore_Cast,N/A,N/A,1790932582090274.128	,68.381,0.018000,0
7,aclnnMul_MulAiCore_Mul,N/A,N/A,1790932582090342.529	,61.122,0.000000,0
7,aclnnMul_TransposeAiCore_Transpose,N/A,N/A,1790932582090403.671	,919.958,0.128000,0
7,aclnnMul_MulAiCore_Mul,N/A,N/A,1790932582091323.669	,457.269,0.042000,0
7,aclnnNeg_AsStridedAiCore_AsStrided,N/A,N/A,1790932582091780.978	,400.228,0.000000,0
7,aclnnNeg_NegAiCore_Neg,N/A,N/A,1790932582092181.226	,205.584,0.022000,0
7,aclnnCat_AsStridedAiCore_AsStrided,N/A,N/A,1790932582092386.830	,444.349,0.000000,0
7,aclnnCat_ConcatD_ConcatD,N/A,N/A,1790932582092831.219	,466.689,0.151000,0
7,aclnnMul_MulAiCore_Mul,N/A,N/A,1790932582093297.928	,435.729,0.061000,0
7,aclnnAdd_AddAiCore_Add,N/A,N/A,1790932582093733.677	,813.616,0.021000,0
7,aclnnMul_TransposeAiCore_Transpose,N/A,N/A,1790932582094547.333	,125.143,0.000000,0
7,aclnnMul_MulAiCore_Mul,N/A,N/A,1790932582094672.496	,56.441,0.107000,0
7,aclnnNeg_AsStridedAiCore_AsStrided,N/A,N/A,1790932582094728.957	,120.722,0.059000,0
7,aclnnNeg_NegAiCore_Neg,N/A,N/A,1790932582094849.719	,29.201,0.028000,0
7,aclnnCat_AsStridedAiCore_AsStrided,N/A,N/A,1790932582094878.960	,49.241,0.049000,0
7,aclnnCat_ConcatD_ConcatD,N/A,N/A,1790932582094928.221	,40.461,0.009000,0
7,aclnnMul_MulAiCore_Mul,N/A,N/A,1790932582094968.702	,60.661,0.039000,0
7,aclnnAdd_AddAiCore_Add,N/A,N/A,1790932582095029.383	,162.943,0.089000,0
7,aclnnInplaceCopy_AsStridedAiCore_AsStrided,N/A,N/A,1790932582095192.346	,145.103,0.000000,0
7,InnerPromptFlashAttention_PromptFlashAttention_PromptFlashAttention,N/A,N/A,1790932582095338.389	,7304.226,1.147000,0
7,aclnnInplaceCopy_TransposeAiCore_Transpose,N/A,N/A,1790932582102643.815	,1259.825,1.024000,0
7,aclnnMatmul_MatMulV3Common_MatMulV3,N/A,N/A,1790932582103903.660	,2884.658,0.175000,0
7,aclnnAdd_AddAiCore_Add,N/A,N/A,1790932582106788.358	,506.270,0.000000,0
7,aclnnInplaceCopy_CastAiCore_Cast,N/A,N/A,1790932582107294.648	,413.388,0.230000,0
7,aclnnPowTensorScalar_PowsAiCore_Pows,N/A,N/A,1790932582107708.056	,655.773,0.000000,0
7,aclnnMean_ReduceMeanAiCore_ReduceMean,N/A,N/A,1790932582108365.089	,431.849,1.227000,0
7,aclnnAdds_AddAiCore_Add,N/A,N/A,1790932582108798.138	,6.000,1.401000,0
7,aclnnRsqrt_RsqrtAiCore_Rsqrt,N/A,N/A,1790932582108804.158	,7.260,0.000000,0
7,aclnnMul_MulAiCore_Mul,N/A,N/A,1790932582108811.438	,450.189,0.000000,0
7,aclnnInplaceCopy_CastAiCore_Cast,N/A,N/A,1790932582109261.647	,598.132,0.061000,0
7,aclnnMul_MulAiCore_Mul,N/A,N/A,1790932582109859.819	,260.485,0.000000,0
7,aclnnMatmul_MatMulV3Common_MatMulV3,N/A,N/A,1790932582110120.324	,12553.491,0.015000,0
7,aclnnSilu_SliceAiCore_Slice,N/A,N/A,1790932582122673.835	,1200.024,0.009000,0
7,aclnnSilu_SiluAiCore_Swish,N/A,N/A,1790932582123873.879	,1263.886,0.226000,0
7,aclnnMul_SliceAiCore_Slice,N/A,N/A,1790932582125137.785	,1190.783,0.000000,0
7,aclnnMul_MulAiCore_Mul,N/A,N/A,1790932582126328.588	,1912.039,0.000000,0
7,aclnnMatmul_MatMulV3Common_MatMulV3,N/A,N/A,1790932582128240.647	,6689.213,0.211000,0
7,aclnnAdd_AddAiCore_Add,N/A,N/A,1790932582134929.880	,490.350,0.037000,0
7,aclnnInplaceCopy_CastAiCore_Cast,N/A,N/A,1790932582135420.250	,412.608,0.000000,0
7,aclnnPowTensorScalar_PowsAiCore_Pows,N/A,N/A,1790932582135832.878	,656.933,0.142000,0
7,aclnnMean_ReduceMeanAiCore_ReduceMean,N/A,N/A,1790932582136490.951	,430.569,1.067000,0
7,aclnnAdds_AddAiCore_Add,N/A,N/A,1790932582136922.520	,6.060,0.931000,0
7,aclnnRsqrt_RsqrtAiCore_Rsqrt,N/A,N/A,1790932582136928.600	,7.140,0.000000,0
7,aclnnMul_MulAiCore_Mul,N/A,N/A,1790932582136935.760	,457.169,0.110000,0
7,aclnnInplaceCopy_CastAiCore_Cast,N/A,N/A,1790932582137392.949	,597.172,0.081000,0
7,aclnnMul_MulAiCore_Mul,N/A,N/A,1790932582137990.141	,264.166,0.078000,0
7,aclnnMatmul_MatMulV3Common_MatMulV3,N/A,N/A,1790932582138254.347	,3949.019,0.000000,0
7,aclnnInplaceCopy_SliceAiCore_Slice,N/A,N/A,1790932582142203.386	,522.830,0.231000,0
7,aclnnInplaceCopy_CastAiCore_Cast,N/A,N/A,1790932582142726.236	,705.134,0.000000,0
7,aclnnPowTensorScalar_PowsAiCore_Pows,N/A,N/A,1790932582143431.390	,1032.601,0.116000,0
7,aclnnMean_ReduceMeanAiCore_ReduceMean,N/A,N/A,1790932582144465.371	,575.051,1.149000,0
7,aclnnAdds_AddAiCore_Add,N/A,N/A,1790932582145041.082	,10.400,0.699000,0
7,aclnnRsqrt_RsqrtAiCore_Rsqrt,N/A,N/A,1790932582145051.522	,9.921,0.100000,0
7,aclnnMul_MulAiCore_Mul,N/A,N/A,1790932582145061.463	,833.596,0.079000,0
7,aclnnInplaceCopy_CastAiCore_Cast,N/A,N/A,1790932582145895.079	,875.238,0.000000,0
7,aclnnMul_MulAiCore_Mul,N/A,N/A,1790932582146770.337	,438.429,0.012000,0
7,aclnnInplaceCopy_SliceAiCore_Slice,N/A,N/A,1790932582147208.786	,119.442,0.071000,0
7,aclnnInplaceCopy_CastAiCore_Cast,N/A,N/A,1790932582147328.248	,72.741,0.058000,0
7,aclnnPowTensorScalar_PowsAiCore_Pows,N/A,N/A,1790932582147401.029	,131.903,0.009000,0
7,aclnnMean_ReduceMeanAiCore_ReduceMean,N/A,N/A,1790932582147533.832	,89.342,0.847000,0
7,aclnnAdds_AddAiCore_Add,N/A,N/A,1790932582147623.934	,8.320,0.908000,0
7,aclnnRsqrt_RsqrtAiCore_Rsqrt,N/A,N/A,1790932582147632.274	,8.720,0.000000,0
7,aclnnMul_MulAiCore_Mul,N/A,N/A,1790932582147641.014	,109.982,0.030000,0
7,aclnnInplaceCopy_CastAiCore_Cast,N/A,N/A,1790932582147751.036	,65.062,0.018000,0
7,aclnnMul_MulAiCore_Mul,N/A,N/A,1790932582147816.138	,63.341,0.188000,0
7,aclnnMul_TransposeAiCore_Transpose,N/A,N/A,1790932582147879.499	,921.898,0.000000,0
7,aclnnMul_MulAiCore_Mul,N/A,N/A,1790932582148801.437	,456.929,0.102000,0
7,aclnnNeg_AsStridedAiCore_AsStrided,N/A,N/A,1790932582149258.406	,404.149,0.071000,0
7,aclnnNeg_NegAiCore_Neg,N/A,N/A,1790932582149662.575	,205.164,0.000000,0
7,aclnnCat_AsStridedAiCore_AsStrided,N/A,N/A,1790932582149867.759	,445.089,0.086000,0
7,aclnnCat_ConcatD_ConcatD,N/A,N/A,1790932582150312.868	,462.629,0.000000,0
7,aclnnMul_MulAiCore_Mul,N/A,N/A,1790932582150775.517	,436.048,0.121000,0
7,aclnnAdd_AddAiCore_Add,N/A,N/A,1790932582151211.585	,814.517,0.000000,0
7,aclnnMul_TransposeAiCore_Transpose,N/A,N/A,1790932582152026.122	,127.082,0.000000,0
7,aclnnMul_MulAiCore_Mul,N/A,N/A,1790932582152153.224	,55.101,0.168000,0
7,aclnnNeg_AsStridedAiCore_AsStrided,N/A,N/A,1790932582152208.345	,122.803,0.000000,0
7,aclnnNeg_NegAiCore_Neg,N/A,N/A,1790932582152331.168	,30.400,0.197000,0
7,aclnnCat_AsStridedAiCore_AsStrided,N/A,N/A,1790932582152361.588	,47.641,0.000000,0
7,aclnnCat_ConcatD_ConcatD,N/A,N/A,1790932582152409.249	,41.201,0.109000,0
7,aclnnMul_MulAiCore_Mul,N/A,N/A,1790932582152450.470	,59.661,0.049000,0
7,aclnnAdd_AddAiCore_Add,N/A,N/A,1790932582152510.151	,162.104,0.089000,0
7,aclnnInplaceCopy_AsStridedAiCore_AsStrided,N/A,N/A,1790932582152672.275	,145.263,0.000000,0
7,InnerPromptFlashAttention_PromptFlashAttention_PromptFlashAttention,N/A,N/A,1790932582152818.598	,7288.725,0.987000,0
7,aclnnInplaceCopy_TransposeAiCore_Transpose,N/A,N/A,1790932582160108.323	,1259.285,1.025000,0
7,aclnnMatmul_MatMulV3Common_MatMulV3,N/A,N/A,1790932582161367.628	,2889.618,0.215000,0
7,aclnnAdd_AddAiCore_Add,N/A,N/A,1790932582164257.266	,509.890,0.000000,0
7,aclnnInplaceCopy_CastAiCore_Cast,N/A,N/A,1790932582164767.176	,414.249,0.110000,0
7,aclnnPowTensorScalar_PowsAiCore_Pows,N/A,N/A,1790932582165181.445	,656.393,0.001000,0
7,aclnnMean_ReduceMeanAiCore_ReduceMean,N/A,N/A,1790932582165838.818	,430.168,0.857000,0
7,aclnnAdds_AddAiCore_Add,N/A,N/A,1790932582166269.666	,6.180,0.832000,0
7,aclnnRsqrt_RsqrtAiCore_Rsqrt,N/A,N/A,1790932582166275.886	,7.201,0.070000,0
7,aclnnMul_MulAiCore_Mul,N/A,N/A,1790932582166283.107	,452.809,0.000000,0
7,aclnnInplaceCopy_CastAiCore_Cast,N/A,N/A,1790932582166735.956	,595.932,0.191000,0
7,aclnnMul_MulAiCore_Mul,N/A,N/A,1790932582167331.908	,258.485,0.068000,0
7,aclnnMatmul_MatMulV3Common_MatMulV3,N/A,N/A,1790932582167590.413	,12586.011,0.015000,0
7,aclnnSilu_SliceAiCore_Slice,N/A,N/A,1790932582180176.444	,1198.104,0.000000,0
7,aclnnSilu_SiluAiCore_Swish,N/A,N/A,1790932582181374.568	,1240.965,0.000000,0
7,aclnnMul_SliceAiCore_Slice,N/A,N/A,1790932582182615.553	,1199.724,0.035000,0
7,aclnnMul_MulAiCore_Mul,N/A,N/A,1790932582183815.297	,1930.618,0.026000,0
7,aclnnMatmul_MatMulV3Common_MatMulV3,N/A,N/A,1790932582185745.935	,6661.734,0.132000,0
7,aclnnAdd_AddAiCore_Add,N/A,N/A,1790932582192407.689	,491.809,0.016000,0
7,aclnnInplaceCopy_CastAiCore_Cast,N/A,N/A,1790932582192899.518	,412.489,0.000000,0
7,aclnnPowTensorScalar_PowsAiCore_Pows,N/A,N/A,1790932582193312.027	,658.033,0.011000,0
7,aclnnMean_ReduceMeanAiCore_ReduceMean,N/A,N/A,1790932582193971.520	,428.188,1.467000,0
7,aclnnAdds_AddAiCore_Add,N/A,N/A,1790932582194400.528	,6.101,0.812000,0
7,aclnnRsqrt_RsqrtAiCore_Rsqrt,N/A,N/A,1790932582194406.649	,7.200,0.149000,0
7,aclnnMul_MulAiCore_Mul,N/A,N/A,1790932582194413.889	,464.969,0.050000,0
7,aclnnInplaceCopy_CastAiCore_Cast,N/A,N/A,1790932582194878.898	,599.412,0.031000,0
7,aclnnMul_MulAiCore_Mul,N/A,N/A,1790932582195478.330	,264.045,0.000000,0
7,aclnnMatmul_MatMulV3Common_MatMulV3,N/A,N/A,1790932582195742.415	,3915.538,0.205000,0
7,aclnnInplaceCopy_SliceAiCore_Slice,N/A,N/A,1790932582199657.973	,524.731,0.000000,0
7,aclnnInplaceCopy_CastAiCore_Cast,N/A,N/A,1790932582200182.724	,704.974,0.019000,0
7,aclnnPowTensorScalar_PowsAiCore_Pows,N/A,N/A,1790932582200887.718	,1029.581,0.026000,0
7,aclnnMean_ReduceMeanAiCore_ReduceMean,N/A,N/A,1790932582201918.699	,586.631,1.419000,0
7,aclnnAdds_AddAiCore_Add,N/A,N/A,1790932582202506.510	,10.481,1.119000,0
7,aclnnRsqrt_RsqrtAiCore_Rsqrt,N/A,N/A,1790932582202517.011	,9.900,0.019000,0
7,aclnnMul_MulAiCore_Mul,N/A,N/A,1790932582202526.931	,834.716,0.100000,0
7,aclnnInplaceCopy_CastAiCore_Cast,N/A,N/A,1790932582203361.667	,875.898,0.034000,0
7,aclnnMul_MulAiCore_Mul,N/A,N/A,1790932582204237.585	,438.469,0.000000,0
7,aclnnInplaceCopy_SliceAiCore_Slice,N/A,N/A,1790932582204676.074	,120.422,0.031000,0
7,aclnnInplaceCopy_CastAiCore_Cast,N/A,N/A,1790932582204796.516	,73.362,0.078000,0
7,aclnnPowTensorScalar_PowsAiCore_Pows,N/A,N/A,1790932582204869.898	,133.902,0.138000,0
7,aclnnMean_ReduceMeanAiCore_ReduceMean,N/A,N/A,1790932582205005.040	,95.682,1.098000,0
7,aclnnAdds_AddAiCore_Add,N/A,N/A,1790932582205101.742	,7.860,1.068000,0
7,aclnnRsqrt_RsqrtAiCore_Rsqrt,N/A,N/A,1790932582205109.642	,8.621,0.140000,0
7,aclnnMul_MulAiCore_Mul,N/A,N/A,1790932582205118.303	,110.482,0.000000,0
7,aclnnInplaceCopy_CastAiCore_Cast,N/A,N/A,1790932582205228.825	,63.761,0.018000,0
7,aclnnMul_MulAiCore_Mul,N/A,N/A,1790932582205292.606	,61.221,0.000000,0
7,aclnnMul_TransposeAiCore_Transpose,N/A,N/A,1790932582205353.847	,917.119,0.029000,0
7,aclnnMul_MulAiCore_Mul,N/A,N/A,1790932582206270.986	,457.589,0.131000,0
7,aclnnNeg_AsStridedAiCore_AsStrided,N/A,N/A,1790932582206728.595	,402.028,0.000000,0
7,aclnnNeg_NegAiCore_Neg,N/A,N/A,1790932582207130.643	,202.184,0.222000,0
7,aclnnCat_AsStridedAiCore_AsStrided,N/A,N/A,1790932582207332.847	,444.149,0.000000,0
7,aclnnCat_ConcatD_ConcatD,N/A,N/A,1790932582207777.016	,465.249,0.101000,0
7,aclnnMul_MulAiCore_Mul,N/A,N/A,1790932582208242.285	,434.749,0.001000,0
7,aclnnAdd_AddAiCore_Add,N/A,N/A,1790932582208677.054	,816.076,0.001000,0
7,aclnnMul_TransposeAiCore_Transpose,N/A,N/A,1790932582209493.150	,132.383,0.174000,0
7,aclnnMul_MulAiCore_Mul,N/A,N/A,1790932582209625.573	,56.281,0.000000,0
7,aclnnNeg_AsStridedAiCore_AsStrided,N/A,N/A,1790932582209681.874	,121.582,0.000000,0
7,aclnnNeg_NegAiCore_Neg,N/A,N/A,1790932582209803.496	,29.881,0.168000,0
7,aclnnCat_AsStridedAiCore_AsStrided,N/A,N/A,1790932582209833.397	,47.801,0.119000,0
7,aclnnCat_ConcatD_ConcatD,N/A,N/A,1790932582209881.218	,41.381,0.000000,0
7,aclnnMul_MulAiCore_Mul,N/A,N/A,1790932582209922.619	,60.321,0.000000,0
7,aclnnAdd_AddAiCore_Add,N/A,N/A,1790932582209982.960	,163.463,0.179000,0
7,aclnnInplaceCopy_AsStridedAiCore_AsStrided,N/A,N/A,1790932582210146.443	,148.603,0.037000,0
7,InnerPromptFlashAttention_PromptFlashAttention_PromptFlashAttention,N/A,N/A,1790932582210296.246	,7289.386,1.147000,0
7,aclnnInplaceCopy_TransposeAiCore_Transpose,N/A,N/A,1790932582217586.772	,1256.145,1.114000,0
7,aclnnMatmul_MatMulV3Common_MatMulV3,N/A,N/A,1790932582218842.937	,2890.418,0.105000,0
7,aclnnAdd_AddAiCore_Add,N/A,N/A,1790932582221733.375	,505.910,0.082000,0
7,aclnnInplaceCopy_CastAiCore_Cast,N/A,N/A,1790932582222239.305	,413.308,0.000000,0
7,aclnnPowTensorScalar_PowsAiCore_Pows,N/A,N/A,1790932582222652.633	,656.873,0.192000,0
7,aclnnMean_ReduceMeanAiCore_ReduceMean,N/A,N/A,1790932582223310.486	,429.129,0.877000,0
7,aclnnAdds_AddAiCore_Add,N/A,N/A,1790932582223740.635	,5.960,1.121000,0
7,aclnnRsqrt_RsqrtAiCore_Rsqrt,N/A,N/A,1790932582223746.635	,7.060,0.040000,0
7,aclnnMul_MulAiCore_Mul,N/A,N/A,1790932582223753.715	,461.069,0.000000,0
7,aclnnInplaceCopy_CastAiCore_Cast,N/A,N/A,1790932582224214.804	,595.452,0.000000,0
7,aclnnMul_MulAiCore_Mul,N/A,N/A,1790932582224810.276	,259.525,0.048000,0
7,aclnnMatmul_MatMulV3Common_MatMulV3,N/A,N/A,1790932582225069.821	,12552.451,0.000000,0
7,aclnnSilu_SliceAiCore_Slice,N/A,N/A,1790932582237622.292	,1198.604,0.049000,0
7,aclnnSilu_SiluAiCore_Swish,N/A,N/A,1790932582238820.916	,1261.825,0.146000,0
7,aclnnMul_SliceAiCore_Slice,N/A,N/A,1790932582240082.781	,1192.384,0.000000,0
7,aclnnMul_MulAiCore_Mul,N/A,N/A,1790932582241275.185	,1914.538,0.116000,0
7,aclnnMatmul_MatMulV3Common_MatMulV3,N/A,N/A,1790932582243189.743	,6685.454,0.000000,0
7,aclnnAdd_AddAiCore_Add,N/A,N/A,1790932582249875.217	,490.610,0.046000,0
7,aclnnInplaceCopy_CastAiCore_Cast,N/A,N/A,1790932582250365.847	,411.988,0.000000,0
7,aclnnPowTensorScalar_PowsAiCore_Pows,N/A,N/A,1790932582250777.855	,660.053,0.012000,0
7,aclnnMean_ReduceMeanAiCore_ReduceMean,N/A,N/A,1790932582251439.128	,427.949,1.447000,0
7,aclnnAdds_AddAiCore_Add,N/A,N/A,1790932582251867.937	,5.740,0.801000,0
7,aclnnRsqrt_RsqrtAiCore_Rsqrt,N/A,N/A,1790932582251873.717	,7.040,0.010000,0
7,aclnnMul_MulAiCore_Mul,N/A,N/A,1790932582251880.777	,459.369,0.000000,0
7,aclnnInplaceCopy_CastAiCore_Cast,N/A,N/A,1790932582252340.166	,599.352,0.131000,0
7,aclnnMul_MulAiCore_Mul,N/A,N/A,1790932582252939.538	,264.865,0.000000,0
7,aclnnMatmul_MatMulV3Common_MatMulV3,N/A,N/A,1790932582253204.423	,3973.640,0.135000,0
7,aclnnInplaceCopy_SliceAiCore_Slice,N/A,N/A,1790932582257178.103	,520.910,0.000000,0
7,aclnnInplaceCopy_CastAiCore_Cast,N/A,N/A,1790932582257699.033	,703.574,0.090000,0
7,aclnnPowTensorScalar_PowsAiCore_Pows,N/A,N/A,1790932582258402.627	,1033.001,0.176000,0
7,aclnnMean_ReduceMeanAiCore_ReduceMean,N/A,N/A,1790932582259436.608	,574.151,0.749000,0
7,aclnnAdds_AddAiCore_Add,N/A,N/A,1790932582260011.579	,10.301,0.849000,0
7,aclnnRsqrt_RsqrtAiCore_Rsqrt,N/A,N/A,1790932582260021.900	,10.060,0.199000,0
7,aclnnMul_MulAiCore_Mul,N/A,N/A,1790932582260031.980	,834.776,0.000000,0
7,aclnnInplaceCopy_CastAiCore_Cast,N/A,N/A,1790932582260866.776	,876.918,0.000000,0
7,aclnnMul_MulAiCore_Mul,N/A,N/A,1790932582261743.714	,437.349,0.082000,0
7,aclnnInplaceCopy_SliceAiCore_Slice,N/A,N/A,1790932582262181.083	,119.222,0.000000,0
7,aclnnInplaceCopy_CastAiCore_Cast,N/A,N/A,1790932582262300.325	,72.021,0.028000,0
7,aclnnPowTensorScalar_PowsAiCore_Pows,N/A,N/A,1790932582262372.366	,131.763,0.000000,0
7,aclnnMean_ReduceMeanAiCore_ReduceMean,N/A,N/A,1790932582262505.189	,89.862,1.237000,0
7,aclnnAdds_AddAiCore_Add,N/A,N/A,1790932582262595.811	,8.160,0.638000,0
7,aclnnRsqrt_RsqrtAiCore_Rsqrt,N/A,N/A,1790932582262603.991	,8.680,0.090000,0
7,aclnnMul_MulAiCore_Mul,N/A,N/A,1790932582262612.691	,109.122,0.070000,0
7,aclnnInplaceCopy_CastAiCore_Cast,N/A,N/A,1790932582262721.833	,63.542,0.000000,0
7,aclnnMul_MulAiCore_Mul,N/A,N/A,1790932582262785.395	,62.441,0.208000,0
7,aclnnMul_TransposeAiCore_Transpose,N/A,N/A,1790932582262847.876	,916.978,0.059000,0
7,aclnnMul_MulAiCore_Mul,N/A,N/A,1790932582263764.874	,456.109,0.000000,0
7,aclnnNeg_AsStridedAiCore_AsStrided,N/A,N/A,1790932582264221.003	,403.488,0.141000,0
7,aclnnNeg_NegAiCore_Neg,N/A,N/A,1790932582264624.511	,205.845,0.012000,0
7,aclnnCat_AsStridedAiCore_AsStrided,N/A,N/A,1790932582264830.376	,442.848,0.155000,0
7,aclnnCat_ConcatD_ConcatD,N/A,N/A,1790932582265273.244	,463.690,0.000000,0
7,aclnnMul_MulAiCore_Mul,N/A,N/A,1790932582265736.954	,437.148,0.060000,0
7,aclnnAdd_AddAiCore_Add,N/A,N/A,1790932582266174.122	,815.917,0.000000,0
7,aclnnMul_TransposeAiCore_Transpose,N/A,N/A,1790932582266990.059	,127.702,0.083000,0
7,aclnnMul_MulAiCore_Mul,N/A,N/A,1790932582267117.781	,56.641,0.048000,0
7,aclnnNeg_AsStridedAiCore_AsStrided,N/A,N/A,1790932582267174.442	,122.123,0.109000,0
7,aclnnNeg_NegAiCore_Neg,N/A,N/A,1790932582267296.585	,28.720,0.000000,0
7,aclnnCat_AsStridedAiCore_AsStrided,N/A,N/A,1790932582267325.325	,47.341,0.030000,0
7,aclnnCat_ConcatD_ConcatD,N/A,N/A,1790932582267372.686	,41.601,0.159000,0
7,aclnnMul_MulAiCore_Mul,N/A,N/A,1790932582267414.307	,62.521,0.000000,0
7,aclnnAdd_AddAiCore_Add,N/A,N/A,1790932582267476.848	,163.244,0.000000,0
7,aclnnInplaceCopy_AsStridedAiCore_AsStrided,N/A,N/A,1790932582267640.132	,149.043,0.256000,0
7,InnerPromptFlashAttention_PromptFlashAttention_PromptFlashAttention,N/A,N/A,1790932582267790.195	,7376.767,0.957000,0
7,aclnnInplaceCopy_TransposeAiCore_Transpose,N/A,N/A,1790932582275168.122	,1256.285,0.983000,0
7,aclnnMatmul_MatMulV3Common_MatMulV3,N/A,N/A,1790932582276424.427	,2874.198,0.215000,0
7,aclnnAdd_AddAiCore_Add,N/A,N/A,1790932582279298.645	,509.710,0.052000,0
7,aclnnInplaceCopy_CastAiCore_Cast,N/A,N/A,1790932582279808.375	,413.748,0.040000,0
7,aclnnPowTensorScalar_PowsAiCore_Pows,N/A,N/A,1790932582280222.143	,661.913,0.002000,0
7,aclnnMean_ReduceMeanAiCore_ReduceMean,N/A,N/A,1790932582280885.456	,433.769,1.337000,0
7,aclnnAdds_AddAiCore_Add,N/A,N/A,1790932582281319.965	,5.900,0.731000,0
7,aclnnRsqrt_RsqrtAiCore_Rsqrt,N/A,N/A,1790932582281325.885	,7.260,0.100000,0
7,aclnnMul_MulAiCore_Mul,N/A,N/A,1790932582281333.165	,453.489,0.000000,0
7,aclnnInplaceCopy_CastAiCore_Cast,N/A,N/A,1790932582281786.674	,594.732,0.011000,0
7,aclnnMul_MulAiCore_Mul,N/A,N/A,1790932582282381.426	,261.405,0.018000,0
7,aclnnMatmul_MatMulV3Common_MatMulV3,N/A,N/A,1790932582282642.871	,12559.271,0.000000,0
7,aclnnSilu_SliceAiCore_Slice,N/A,N/A,1790932582295202.162	,1198.804,0.229000,0
7,aclnnSilu_SiluAiCore_Swish,N/A,N/A,1790932582296401.006	,1243.965,0.000000,0
7,aclnnMul_SliceAiCore_Slice,N/A,N/A,1790932582297644.991	,1197.024,0.035000,0
7,aclnnMul_MulAiCore_Mul,N/A,N/A,1790932582298842.035	,1931.959,0.000000,0
7,aclnnMatmul_MatMulV3Common_MatMulV3,N/A,N/A,1790932582300774.014	,6677.413,0.041000,0
7,aclnnAdd_AddAiCore_Add,N/A,N/A,1790932582307451.447	,489.690,0.087000,0
7,aclnnInplaceCopy_CastAiCore_Cast,N/A,N/A,1790932582307941.157	,413.088,0.060000,0
7,aclnnPowTensorScalar_PowsAiCore_Pows,N/A,N/A,1790932582308354.265	,658.233,0.000000,0
7,aclnnMean_ReduceMeanAiCore_ReduceMean,N/A,N/A,1790932582309013.718	,431.589,1.267000,0
7,aclnnAdds_AddAiCore_Add,N/A,N/A,1790932582309446.007	,5.760,0.661000,0
7,aclnnRsqrt_RsqrtAiCore_Rsqrt,N/A,N/A,1790932582309451.787	,7.240,0.000000,0
7,aclnnMul_MulAiCore_Mul,N/A,N/A,1790932582309459.067	,453.249,0.010000,0
7,aclnnInplaceCopy_CastAiCore_Cast,N/A,N/A,1790932582309912.356	,597.512,0.001000,0
7,aclnnMul_MulAiCore_Mul,N/A,N/A,1790932582310509.888	,260.305,0.238000,0
7,aclnnMatmul_MatMulV3Common_MatMulV3,N/A,N/A,1790932582310770.233	,3956.240,0.000000,0
7,aclnnInplaceCopy_SliceAiCore_Slice,N/A,N/A,1790932582314726.513	,523.070,0.010000,0
7,aclnnInplaceCopy_CastAiCore_Cast,N/A,N/A,1790932582315249.603	,706.654,0.000000,0
7,aclnnPowTensorScalar_PowsAiCore_Pows,N/A,N/A,1790932582315956.277	,1028.881,0.096000,0
7,aclnnMean_ReduceMeanAiCore_ReduceMean,N/A,N/A,1790932582316986.518	,580.411,1.369000,0
7,aclnnAdds_AddAiCore_Add,N/A,N/A,1790932582317567.629	,10.520,0.839000,0
7,aclnnRsqrt_RsqrtAiCore_Rsqrt,N/A,N/A,1790932582317578.169	,9.921,0.000000,0
7,aclnnMul_MulAiCore_Mul,N/A,N/A,1790932582317588.110	,833.136,0.000000,0
7,aclnnInplaceCopy_CastAiCore_Cast,N/A,N/A,1790932582318421.266	,879.638,0.114000,0
7,aclnnMul_MulAiCore_Mul,N/A,N/A,1790932582319300.944	,439.129,0.112000,0
7,aclnnInplaceCopy_SliceAiCore_Slice,N/A,N/A,1790932582319740.093	,118.682,0.000000,0
7,aclnnInplaceCopy_CastAiCore_Cast,N/A,N/A,1790932582319858.795	,73.342,0.068000,0
7,aclnnPowTensorScalar_PowsAiCore_Pows,N/A,N/A,1790932582319932.157	,134.422,0.158000,0
7,aclnnMean_ReduceMeanAiCore_ReduceMean,N/A,N/A,1790932582320067.659	,90.682,1.078000,0
7,aclnnAdds_AddAiCore_Add,N/A,N/A,1790932582320159.581	,7.940,1.068000,0
7,aclnnRsqrt_RsqrtAiCore_Rsqrt,N/A,N/A,1790932582320167.541	,8.780,0.060000,0
7,aclnnMul_MulAiCore_Mul,N/A,N/A,1790932582320176.341	,108.683,0.000000,0
7,aclnnInplaceCopy_CastAiCore_Cast,N/A,N/A,1790932582320285.044	,65.421,0.067000,0
7,aclnnMul_MulAiCore_Mul,N/A,N/A,1790932582320350.485	,61.361,0.079000,0
7,aclnnMul_TransposeAiCore_Transpose,N/A,N/A,1790932582320411.886	,918.618,0.139000,0
7,aclnnMul_MulAiCore_Mul,N/A,N/A,1790932582321330.524	,455.490,0.000000,0
7,aclnnNeg_AsStridedAiCore_AsStrided,N/A,N/A,1790932582321786.034	,400.488,0.010000,0
7,aclnnNeg_NegAiCore_Neg,N/A,N/A,1790932582322186.542	,205.944,0.012000,0
7,aclnnCat_AsStridedAiCore_AsStrided,N/A,N/A,1790932582322392.506	,442.529,0.056000,0
7,aclnnCat_ConcatD_ConcatD,N/A,N/A,1790932582322835.055	,465.669,0.000000,0
7,aclnnMul_MulAiCore_Mul,N/A,N/A,1790932582323300.744	,434.889,0.081000,0
7,aclnnAdd_AddAiCore_Add,N/A,N/A,1790932582323735.653	,816.156,0.111000,0
7,aclnnMul_TransposeAiCore_Transpose,N/A,N/A,1790932582324551.849	,127.922,0.000000,0
7,aclnnMul_MulAiCore_Mul,N/A,N/A,1790932582324679.791	,55.861,0.078000,0
7,aclnnNeg_AsStridedAiCore_AsStrided,N/A,N/A,1790932582324735.672	,120.283,0.139000,0
7,aclnnNeg_NegAiCore_Neg,N/A,N/A,1790932582324855.975	,30.201,0.000000,0
7,aclnnCat_AsStridedAiCore_AsStrided,N/A,N/A,1790932582324886.196	,49.600,0.049000,0
7,aclnnCat_ConcatD_ConcatD,N/A,N/A,1790932582324935.816	,41.021,0.000000,0
7,aclnnMul_MulAiCore_Mul,N/A,N/A,1790932582324976.857	,60.642,0.000000,0
7,aclnnAdd_AddAiCore_Add,N/A,N/A,1790932582325037.519	,166.923,0.108000,0
7,aclnnInplaceCopy_AsStridedAiCore_AsStrided,N/A,N/A,1790932582325204.482	,148.163,0.077000,0
7,InnerPromptFlashAttention_PromptFlashAttention_PromptFlashAttention,N/A,N/A,1790932582325353.685	,7319.386,1.087000,0
7,aclnnInplaceCopy_TransposeAiCore_Transpose,N/A,N/A,1790932582332673.871	,1261.285,0.614000,0
7,aclnnMatmul_MatMulV3Common_MatMulV3,N/A,N/A,1790932582333935.196	,2879.138,0.215000,0
7,aclnnAdd_AddAiCore_Add,N/A,N/A,1790932582336814.354	,506.730,0.000000,0
7,aclnnInplaceCopy_CastAiCore_Cast,N/A,N/A,1790932582337321.104	,412.228,0.020000,0
7,aclnnPowTensorScalar_PowsAiCore_Pows,N/A,N/A,1790932582337733.352	,655.993,0.022000,0
7,aclnnMean_ReduceMeanAiCore_ReduceMean,N/A,N/A,1790932582338390.605	,428.589,1.257000,0
7,aclnnAdds_AddAiCore_Add,N/A,N/A,1790932582338820.014	,5.780,0.911000,0
7,aclnnRsqrt_RsqrtAiCore_Rsqrt,N/A,N/A,1790932582338825.814	,7.100,0.000000,0
7,aclnnMul_MulAiCore_Mul,N/A,N/A,1790932582338832.934	,452.709,0.150000,0
7,aclnnInplaceCopy_CastAiCore_Cast,N/A,N/A,1790932582339285.663	,597.192,0.041000,0
7,aclnnMul_MulAiCore_Mul,N/A,N/A,1790932582339882.875	,263.285,0.058000,0
7,aclnnMatmul_MatMulV3Common_MatMulV3,N/A,N/A,1790932582340146.200	,12545.991,0.000000,0
7,aclnnSilu_SliceAiCore_Slice,N/A,N/A,1790932582352692.211	,1196.744,0.009000,0
7,aclnnSilu_SiluAiCore_Swish,N/A,N/A,1790932582353888.975	,1261.165,0.006000,0
7,aclnnMul_SliceAiCore_Slice,N/A,N/A,1790932582355150.160	,1189.204,0.085000,0
7,aclnnMul_MulAiCore_Mul,N/A,N/A,1790932582356339.404	,1910.078,0.046000,0
7,aclnnMatmul_MatMulV3Common_MatMulV3,N/A,N/A,1790932582358249.502	,6680.014,0.000000,0
7,aclnnAdd_AddAiCore_Add,N/A,N/A,1790932582364929.536	,490.289,0.000000,0
7,aclnnInplaceCopy_CastAiCore_Cast,N/A,N/A,1790932582365419.845	,413.649,0.000000,0
7,aclnnPowTensorScalar_PowsAiCore_Pows,N/A,N/A,1790932582365833.514	,657.553,0.101000,0
7,aclnnMean_ReduceMeanAiCore_ReduceMean,N/A,N/A,1790932582366492.047	,430.308,0.947000,0
7,aclnnAdds_AddAiCore_Add,N/A,N/A,1790932582366923.135	,6.141,0.942000,0
7,aclnnRsqrt_RsqrtAiCore_Rsqrt,N/A,N/A,1790932582366929.296	,7.300,0.000000,0
7,aclnnMul_MulAiCore_Mul,N/A,N/A,1790932582366936.616	,454.809,0.000000,0
7,aclnnInplaceCopy_CastAiCore_Cast,N/A,N/A,1790932582367391.445	,598.432,0.191000,0
7,aclnnMul_MulAiCore_Mul,N/A,N/A,1790932582367989.897	,262.465,0.068000,0
7,aclnnMatmul_MatMulV3Common_MatMulV3,N/A,N/A,1790932582368252.382	,3941.579,0.035000,0
7,aclnnInplaceCopy_SliceAiCore_Slice,N/A,N/A,1790932582372193.981	,523.350,0.000000,0
7,aclnnInplaceCopy_CastAiCore_Cast,N/A,N/A,1790932582372717.351	,703.214,0.000000,0
7,aclnnPowTensorScalar_PowsAiCore_Pows,N/A,N/A,1790932582373420.585	,1031.081,0.036000,0
7,aclnnMean_ReduceMeanAiCore_ReduceMean,N/A,N/A,1790932582374453.046	,576.571,1.419000,0
7,aclnnAdds_AddAiCore_Add,N/A,N/A,1790932582375030.497	,10.261,0.929000,0
7,aclnnRsqrt_RsqrtAiCore_Rsqrt,N/A,N/A,1790932582375040.778	,9.980,0.000000,0
7,aclnnMul_MulAiCore_Mul,N/A,N/A,1790932582375050.778	,831.116,0.020000,0
7,aclnnInplaceCopy_CastAiCore_Cast,N/A,N/A,1790932582375881.914	,873.818,0.134000,0
7,aclnnMul_MulAiCore_Mul,N/A,N/A,1790932582376755.752	,438.149,0.000000,0
7,aclnnInplaceCopy_SliceAiCore_Slice,N/A,N/A,1790932582377193.941	,118.802,0.101000,0
7,aclnnInplaceCopy_CastAiCore_Cast,N/A,N/A,1790932582377312.783	,73.941,0.000000,0
7,aclnnPowTensorScalar_PowsAiCore_Pows,N/A,N/A,1790932582377386.744	,132.563,0.059000,0
7,aclnnMean_ReduceMeanAiCore_ReduceMean,N/A,N/A,1790932582377520.227	,90.182,0.937000,0
7,aclnnAdds_AddAiCore_Add,N/A,N/A,1790932582377611.449	,8.240,1.068000,0
7,aclnnRsqrt_RsqrtAiCore_Rsqrt,N/A,N/A,1790932582377619.729	,8.540,0.010000,0
7,aclnnMul_MulAiCore_Mul,N/A,N/A,1790932582377628.289	,108.662,0.000000,0
7,aclnnInplaceCopy_CastAiCore_Cast,N/A,N/A,1790932582377736.971	,64.662,0.088000,0
7,aclnnMul_MulAiCore_Mul,N/A,N/A,1790932582377801.673	,62.301,0.088000,0
7,aclnnMul_TransposeAiCore_Transpose,N/A,N/A,1790932582377863.994	,918.338,0.000000,0
7,aclnnMul_MulAiCore_Mul,N/A,N/A,1790932582378782.352	,454.129,0.000000,0
7,aclnnNeg_AsStridedAiCore_AsStrided,N/A,N/A,1790932582379236.501	,400.288,0.121000,0
7,aclnnNeg_NegAiCore_Neg,N/A,N/A,1790932582379636.809	,206.525,0.000000,0
7,aclnnCat_AsStridedAiCore_AsStrided,N/A,N/A,1790932582379843.354	,441.708,0.000000,0
7,aclnnCat_ConcatD_ConcatD,N/A,N/A,1790932582380285.082	,462.810,0.042000,0
7,aclnnMul_MulAiCore_Mul,N/A,N/A,1790932582380747.932	,434.368,0.190000,0
7,aclnnAdd_AddAiCore_Add,N/A,N/A,1790932582381182.320	,812.057,0.000000,0
7,aclnnMul_TransposeAiCore_Transpose,N/A,N/A,1790932582381994.397	,126.302,0.193000,0
7,aclnnMul_MulAiCore_Mul,N/A,N/A,1790932582382120.719	,55.781,0.000000,0
7,aclnnNeg_AsStridedAiCore_AsStrided,N/A,N/A,1790932582382176.520	,121.063,0.000000,0
7,aclnnNeg_NegAiCore_Neg,N/A,N/A,1790932582382297.623	,29.300,0.000000,0
7,aclnnCat_AsStridedAiCore_AsStrided,N/A,N/A,1790932582382326.943	,46.881,0.200000,0
7,aclnnCat_ConcatD_ConcatD,N/A,N/A,1790932582382373.864	,40.501,0.000000,0
7,aclnnMul_MulAiCore_Mul,N/A,N/A,1790932582382414.385	,62.081,0.249000,0
7,aclnnAdd_AddAiCore_Add,N/A,N/A,1790932582382476.486	,163.323,0.000000,0
7,aclnnInplaceCopy_AsStridedAiCore_AsStrided,N/A,N/A,1790932582382639.849	,144.523,0.000000,0
7,InnerPromptFlashAttention_PromptFlashAttention_PromptFlashAttention,N/A,N/A,1790932582382785.312	,7308.106,0.977000,0
7,aclnnInplaceCopy_TransposeAiCore_Transpose,N/A,N/A,1790932582390094.598	,1260.186,1.144000,0
7,aclnnMatmul_MatMulV3Common_MatMulV3,N/A,N/A,1790932582391354.804	,2896.357,0.064000,0
7,aclnnAdd_AddAiCore_Add,N/A,N/A,1790932582394251.181	,512.871,0.143000,0
7,aclnnInplaceCopy_CastAiCore_Cast,N/A,N/A,1790932582394764.072	,414.608,0.000000,0
7,aclnnPowTensorScalar_PowsAiCore_Pows,N/A,N/A,1790932582395178.700	,656.573,0.142000,0
7,aclnnMean_ReduceMeanAiCore_ReduceMean,N/A,N/A,1790932582395836.473	,432.469,1.177000,0
7,aclnnAdds_AddAiCore_Add,N/A,N/A,1790932582396270.182	,5.960,1.281000,0
7,aclnnRsqrt_RsqrtAiCore_Rsqrt,N/A,N/A,1790932582396276.182	,7.200,0.040000,0
7,aclnnMul_MulAiCore_Mul,N/A,N/A,1790932582396283.402	,456.169,0.050000,0
7,aclnnInplaceCopy_CastAiCore_Cast,N/A,N/A,1790932582396739.611	,595.332,0.000000,0
7,aclnnMul_MulAiCore_Mul,N/A,N/A,1790932582397334.963	,260.685,0.168000,0
7,aclnnMatmul_MatMulV3Common_MatMulV3,N/A,N/A,1790932582397595.668	,12591.732,0.065000,0
7,aclnnSilu_SliceAiCore_Slice,N/A,N/A,1790932582410187.420	,1197.464,0.018000,0
7,aclnnSilu_SiluAiCore_Swish,N/A,N/A,1790932582411384.904	,1240.905,0.036000,0
7,aclnnMul_SliceAiCore_Slice,N/A,N/A,1790932582412625.829	,1200.164,0.000000,0
7,aclnnMul_MulAiCore_Mul,N/A,N/A,1790932582413826.013	,1932.458,0.086000,0
7,aclnnMatmul_MatMulV3Common_MatMulV3,N/A,N/A,1790932582415758.491	,6667.713,0.042000,0
7,aclnnAdd_AddAiCore_Add,N/A,N/A,1790932582422426.224	,489.170,0.037000,0
7,aclnnInplaceCopy_CastAiCore_Cast,N/A,N/A,1790932582422915.414	,411.988,0.080000,0
7,aclnnPowTensorScalar_PowsAiCore_Pows,N/A,N/A,1790932582423327.422	,658.274,0.012000,0
7,aclnnMean_ReduceMeanAiCore_ReduceMean,N/A,N/A,1790932582423986.756	,429.668,0.976000,0
7,aclnnAdds_AddAiCore_Add,N/A,N/A,1790932582424417.284	,6.200,0.832000,0
7,aclnnRsqrt_RsqrtAiCore_Rsqrt,N/A,N/A,1790932582424423.504	,7.120,0.050000,0
7,aclnnMul_MulAiCore_Mul,N/A,N/A,1790932582424430.664	,457.270,0.130000,0
7,aclnnInplaceCopy_CastAiCore_Cast,N/A,N/A,1790932582424887.954	,598.291,0.000000,0
7,aclnnMul_MulAiCore_Mul,N/A,N/A,1790932582425486.265	,260.186,0.000000,0
7,aclnnMatmul_MatMulV3Common_MatMulV3,N/A,N/A,1790932582425746.471	,3932.638,0.064000,0
7,aclnnInplaceCopy_SliceAiCore_Slice,N/A,N/A,1790932582429679.129	,521.711,0.112000,0
7,aclnnInplaceCopy_CastAiCore_Cast,N/A,N/A,1790932582430200.880	,704.854,0.039000,0
7,aclnnPowTensorScalar_PowsAiCore_Pows,N/A,N/A,1790932582430905.754	,1029.020,0.000000,0
7,aclnnMean_ReduceMeanAiCore_ReduceMean,N/A,N/A,1790932582431936.054	,579.612,1.230000,0
7,aclnnAdds_AddAiCore_Add,N/A,N/A,1790932582432516.406	,13.080,0.888000,0
7,aclnnRsqrt_RsqrtAiCore_Rsqrt,N/A,N/A,1790932582432529.506	,9.760,0.000000,0
7,aclnnMul_MulAiCore_Mul,N/A,N/A,1790932582432539.286	,835.637,0.000000,0
7,aclnnInplaceCopy_CastAiCore_Cast,N/A,N/A,1790932582433374.943	,875.518,0.113000,0
7,aclnnMul_MulAiCore_Mul,N/A,N/A,1790932582434250.481	,438.368,0.000000,0
7,aclnnInplaceCopy_SliceAiCore_Slice,N/A,N/A,1790932582434688.889	,119.563,0.132000,0
7,aclnnInplaceCopy_CastAiCore_Cast,N/A,N/A,1790932582434808.472	,73.221,0.000000,0
7,aclnnPowTensorScalar_PowsAiCore_Pows,N/A,N/A,1790932582434881.713	,133.363,0.029000,0
7,aclnnMean_ReduceMeanAiCore_ReduceMean,N/A,N/A,1790932582435016.176	,89.662,1.137000,0
7,aclnnAdds_AddAiCore_Add,N/A,N/A,1790932582435106.758	,7.780,0.838000,0
7,aclnnRsqrt_RsqrtAiCore_Rsqrt,N/A,N/A,1790932582435114.558	,8.800,0.000000,0
7,aclnnMul_MulAiCore_Mul,N/A,N/A,1790932582435123.378	,109.622,0.200000,0
7,aclnnInplaceCopy_CastAiCore_Cast,N/A,N/A,1790932582435233.020	,66.842,0.000000,0
7,aclnnMul_MulAiCore_Mul,N/A,N/A,1790932582435299.882	,62.381,0.158000,0
7,aclnnMul_TransposeAiCore_Transpose,N/A,N/A,1790932582435362.283	,920.598,0.000000,0
7,aclnnMul_MulAiCore_Mul,N/A,N/A,1790932582436282.901	,458.489,0.152000,0
7,aclnnNeg_AsStridedAiCore_AsStrided,N/A,N/A,1790932582436741.410	,397.388,0.011000,0
7,aclnnNeg_NegAiCore_Neg,N/A,N/A,1790932582437138.818	,202.804,0.000000,0
7,aclnnCat_AsStridedAiCore_AsStrided,N/A,N/A,1790932582437341.642	,444.729,0.196000,0
7,aclnnCat_ConcatD_ConcatD,N/A,N/A,1790932582437786.391	,463.890,0.021000,0
7,aclnnMul_MulAiCore_Mul,N/A,N/A,1790932582438250.301	,436.168,0.000000,0
7,aclnnAdd_AddAiCore_Add,N/A,N/A,1790932582438686.489	,812.756,0.082000,0
7,aclnnMul_TransposeAiCore_Transpose,N/A,N/A,1790932582439499.265	,126.643,0.000000,0
7,aclnnMul_MulAiCore_Mul,N/A,N/A,1790932582439625.928	,56.301,0.107000,0
7,aclnnNeg_AsStridedAiCore_AsStrided,N/A,N/A,1790932582439682.249	,120.223,0.000000,0
7,aclnnNeg_NegAiCore_Neg,N/A,N/A,1790932582439802.492	,30.480,0.027000,0
7,aclnnCat_AsStridedAiCore_AsStrided,N/A,N/A,1790932582439832.992	,48.141,0.020000,0
7,aclnnCat_ConcatD_ConcatD,N/A,N/A,1790932582439881.173	,41.101,0.109000,0
7,aclnnMul_MulAiCore_Mul,N/A,N/A,1790932582439922.294	,60.161,0.000000,0
7,aclnnAdd_AddAiCore_Add,N/A,N/A,1790932582439982.475	,163.843,0.089000,0
7,aclnnInplaceCopy_AsStridedAiCore_AsStrided,N/A,N/A,1790932582440146.358	,144.743,0.000000,0
7,InnerPromptFlashAttention_PromptFlashAttention_PromptFlashAttention,N/A,N/A,1790932582440292.461	,7369.588,1.507000,0
7,aclnnInplaceCopy_TransposeAiCore_Transpose,N/A,N/A,1790932582447662.689	,1257.465,0.662000,0
7,aclnnMatmul_MatMulV3Common_MatMulV3,N/A,N/A,1790932582448920.174	,2888.777,0.035000,0
7,aclnnAdd_AddAiCore_Add,N/A,N/A,1790932582451808.991	,503.830,0.000000,0
7,aclnnInplaceCopy_CastAiCore_Cast,N/A,N/A,1790932582452312.861	,413.109,0.000000,0
7,aclnnPowTensorScalar_PowsAiCore_Pows,N/A,N/A,1790932582452725.990	,657.733,0.141000,0
7,aclnnMean_ReduceMeanAiCore_ReduceMean,N/A,N/A,1790932582453384.903	,430.829,1.267000,0
7,aclnnAdds_AddAiCore_Add,N/A,N/A,1790932582453816.772	,5.820,0.921000,0
7,aclnnRsqrt_RsqrtAiCore_Rsqrt,N/A,N/A,1790932582453822.612	,7.200,0.000000,0
7,aclnnMul_MulAiCore_Mul,N/A,N/A,1790932582453829.832	,451.789,0.050000,0
7,aclnnInplaceCopy_CastAiCore_Cast,N/A,N/A,1790932582454281.641	,595.812,0.211000,0
7,aclnnMul_MulAiCore_Mul,N/A,N/A,1790932582454877.473	,261.525,0.000000,0
7,aclnnMatmul_MatMulV3Common_MatMulV3,N/A,N/A,1790932582455139.018	,12562.911,0.000000,0
7,aclnnSilu_SliceAiCore_Slice,N/A,N/A,1790932582467701.949	,1201.004,0.089000,0
7,aclnnSilu_SiluAiCore_Swish,N/A,N/A,1790932582468902.993	,1263.225,0.000000,0
7,aclnnMul_SliceAiCore_Slice,N/A,N/A,1790932582470166.238	,1190.824,0.025000,0
7,aclnnMul_MulAiCore_Mul,N/A,N/A,1790932582471357.082	,1912.578,0.000000,0
7,aclnnMatmul_MatMulV3Common_MatMulV3,N/A,N/A,1790932582473269.680	,6685.534,0.172000,0
7,aclnnAdd_AddAiCore_Add,N/A,N/A,1790932582479955.254	,491.890,0.000000,0
7,aclnnInplaceCopy_CastAiCore_Cast,N/A,N/A,1790932582480447.184	,413.128,0.110000,0
7,aclnnPowTensorScalar_PowsAiCore_Pows,N/A,N/A,1790932582480860.332	,656.153,0.000000,0
7,aclnnMean_ReduceMeanAiCore_ReduceMean,N/A,N/A,1790932582481517.905	,428.649,1.597000,0
7,aclnnAdds_AddAiCore_Add,N/A,N/A,1790932582481947.734	,5.960,1.101000,0
7,aclnnRsqrt_RsqrtAiCore_Rsqrt,N/A,N/A,1790932582481953.714	,7.140,0.040000,0
7,aclnnMul_MulAiCore_Mul,N/A,N/A,1790932582481960.874	,460.709,0.000000,0
7,aclnnInplaceCopy_CastAiCore_Cast,N/A,N/A,1790932582482421.603	,597.032,0.041000,0
7,aclnnMul_MulAiCore_Mul,N/A,N/A,1790932582483018.655	,263.405,0.218000,0
7,aclnnMatmul_MatMulV3Common_MatMulV3,N/A,N/A,1790932582483282.080	,3979.560,0.000000,0
7,aclnnInplaceCopy_SliceAiCore_Slice,N/A,N/A,1790932582487261.680	,520.150,0.190000,0
7,aclnnInplaceCopy_CastAiCore_Cast,N/A,N/A,1790932582487781.870	,704.914,0.000000,0
7,aclnnPowTensorScalar_PowsAiCore_Pows,N/A,N/A,1790932582488486.804	,1034.281,0.086000,0
7,aclnnMean_ReduceMeanAiCore_ReduceMean,N/A,N/A,1790932582489522.505	,574.171,1.469000,0
7,aclnnAdds_AddAiCore_Add,N/A,N/A,1790932582490097.516	,10.861,0.829000,0
7,aclnnRsqrt_RsqrtAiCore_Rsqrt,N/A,N/A,1790932582490108.397	,9.900,0.139000,0
7,aclnnMul_MulAiCore_Mul,N/A,N/A,1790932582490118.317	,834.677,0.000000,0
7,aclnnInplaceCopy_CastAiCore_Cast,N/A,N/A,1790932582490953.014	,875.717,0.073000,0
7,aclnnMul_MulAiCore_Mul,N/A,N/A,1790932582491828.771	,437.829,0.033000,0
7,aclnnInplaceCopy_SliceAiCore_Slice,N/A,N/A,1790932582492266.640	,118.922,0.171000,0
7,aclnnInplaceCopy_CastAiCore_Cast,N/A,N/A,1790932582492385.582	,75.482,0.000000,0
7,aclnnPowTensorScalar_PowsAiCore_Pows,N/A,N/A,1790932582492461.084	,133.422,0.018000,0
7,aclnnMean_ReduceMeanAiCore_ReduceMean,N/A,N/A,1790932582492595.986	,89.942,1.578000,0
7,aclnnAdds_AddAiCore_Add,N/A,N/A,1790932582492687.148	,8.300,1.308000,0
7,aclnnRsqrt_RsqrtAiCore_Rsqrt,N/A,N/A,1790932582492695.468	,8.841,0.000000,0
7,aclnnMul_MulAiCore_Mul,N/A,N/A,1790932582492704.329	,109.302,0.000000,0
7,aclnnInplaceCopy_CastAiCore_Cast,N/A,N/A,1790932582492813.651	,64.301,0.198000,0
7,aclnnMul_MulAiCore_Mul,N/A,N/A,1790932582492877.972	,60.861,0.000000,0
7,aclnnMul_TransposeAiCore_Transpose,N/A,N/A,1790932582492938.853	,922.379,0.000000,0
7,aclnnMul_MulAiCore_Mul,N/A,N/A,1790932582493861.272	,456.129,0.121000,0
7,aclnnNeg_AsStridedAiCore_AsStrided,N/A,N/A,1790932582494317.421	,402.948,0.121000,0
7,aclnnNeg_NegAiCore_Neg,N/A,N/A,1790932582494720.389	,205.604,0.052000,0
7,aclnnCat_AsStridedAiCore_AsStrided,N/A,N/A,1790932582494926.013	,441.029,0.000000,0
7,aclnnCat_ConcatD_ConcatD,N/A,N/A,1790932582495367.062	,462.089,0.000000,0
7,aclnnMul_MulAiCore_Mul,N/A,N/A,1790932582495829.191	,434.069,0.161000,0
7,aclnnAdd_AddAiCore_Add,N/A,N/A,1790932582496263.280	,816.056,0.000000,0
7,aclnnMul_TransposeAiCore_Transpose,N/A,N/A,1790932582497079.356	,127.082,0.000000,0
7,aclnnMul_MulAiCore_Mul,N/A,N/A,1790932582497206.478	,55.462,0.168000,0
7,aclnnNeg_AsStridedAiCore_AsStrided,N/A,N/A,1790932582497261.960	,121.882,0.038000,0
7,aclnnNeg_NegAiCore_Neg,N/A,N/A,1790932582497383.882	,29.701,0.118000,0
7,aclnnCat_AsStridedAiCore_AsStrided,N/A,N/A,1790932582497413.603	,49.601,0.000000,0
7,aclnnCat_ConcatD_ConcatD,N/A,N/A,1790932582497463.224	,40.800,0.149000,0
7,aclnnMul_MulAiCore_Mul,N/A,N/A,1790932582497504.044	,62.042,0.000000,0
7,aclnnAdd_AddAiCore_Add,N/A,N/A,1790932582497566.126	,161.123,0.208000,0
7,aclnnInplaceCopy_AsStridedAiCore_AsStrided,N/A,N/A,1790932582497727.269	,143.423,0.000000,0
7,InnerPromptFlashAttention_PromptFlashAttention_PromptFlashAttention,N/A,N/A,1790932582497871.752	,7315.106,1.077000,0
7,aclnnInplaceCopy_TransposeAiCore_Transpose,N/A,N/A,1790932582505187.898	,1255.965,1.144000,0
7,aclnnMatmul_MatMulV3Common_MatMulV3,N/A,N/A,1790932582506443.883	,2883.578,0.035000,0
7,aclnnAdd_AddAiCore_Add,N/A,N/A,1790932582509327.481	,510.990,0.000000,0
7,aclnnInplaceCopy_CastAiCore_Cast,N/A,N/A,1790932582509838.491	,414.948,0.010000,0
7,aclnnPowTensorScalar_PowsAiCore_Pows,N/A,N/A,1790932582510253.459	,656.193,0.052000,0
7,aclnnMean_ReduceMeanAiCore_ReduceMean,N/A,N/A,1790932582510911.112	,428.989,1.307000,0
7,aclnnAdds_AddAiCore_Add,N/A,N/A,1790932582511341.101	,5.840,1.011000,0
7,aclnnRsqrt_RsqrtAiCore_Rsqrt,N/A,N/A,1790932582511346.961	,7.180,0.160000,0
7,aclnnMul_MulAiCore_Mul,N/A,N/A,1790932582511354.161	,455.209,0.070000,0
7,aclnnInplaceCopy_CastAiCore_Cast,N/A,N/A,1790932582511809.390	,594.672,0.041000,0
7,aclnnMul_MulAiCore_Mul,N/A,N/A,1790932582512404.082	,263.525,0.000000,0
7,aclnnMatmul_MatMulV3Common_MatMulV3,N/A,N/A,1790932582512667.627	,12543.791,0.225000,0
7,aclnnSilu_SliceAiCore_Slice,N/A,N/A,1790932582525211.438	,1198.124,0.000000,0
7,aclnnSilu_SiluAiCore_Swish,N/A,N/A,1790932582526409.582	,1242.385,0.000000,0
7,aclnnMul_SliceAiCore_Slice,N/A,N/A,1790932582527651.987	,1198.924,0.115000,0
7,aclnnMul_MulAiCore_Mul,N/A,N/A,1790932582528850.931	,1933.418,0.076000,0
7,aclnnMatmul_MatMulV3Common_MatMulV3,N/A,N/A,1790932582530784.369	,6662.373,0.000000,0
7,aclnnAdd_AddAiCore_Add,N/A,N/A,1790932582537446.762	,490.870,0.127000,0
7,aclnnInplaceCopy_CastAiCore_Cast,N/A,N/A,1790932582537937.672	,411.689,0.130000,0
7,aclnnPowTensorScalar_PowsAiCore_Pows,N/A,N/A,1790932582538349.381	,659.473,0.061000,0
7,aclnnMean_ReduceMeanAiCore_ReduceMean,N/A,N/A,1790932582539010.274	,431.128,1.277000,0
7,aclnnAdds_AddAiCore_Add,N/A,N/A,1790932582539442.082	,8.120,0.622000,0
7,aclnnRsqrt_RsqrtAiCore_Rsqrt,N/A,N/A,1790932582539450.222	,7.321,0.130000,0
7,aclnnMul_MulAiCore_Mul,N/A,N/A,1790932582539457.563	,459.829,0.000000,0
7,aclnnInplaceCopy_CastAiCore_Cast,N/A,N/A,1790932582539917.432	,596.552,0.171000,0
7,aclnnMul_MulAiCore_Mul,N/A,N/A,1790932582540514.004	,259.405,0.000000,0
7,aclnnMatmul_MatMulV3Common_MatMulV3,N/A,N/A,1790932582540773.429	,3926.198,0.095000,0
7,aclnnInplaceCopy_SliceAiCore_Slice,N/A,N/A,1790932582544699.647	,519.811,0.052000,0
7,aclnnInplaceCopy_CastAiCore_Cast,N/A,N/A,1790932582545219.478	,704.754,0.000000,0
7,aclnnPowTensorScalar_PowsAiCore_Pows,N/A,N/A,1790932582545924.252	,1030.280,0.000000,0
7,aclnnMean_ReduceMeanAiCore_ReduceMean,N/A,N/A,1790932582546955.752	,578.112,1.220000,0
7,aclnnAdds_AddAiCore_Add,N/A,N/A,1790932582547534.944	,10.360,1.138000,0
7,aclnnRsqrt_RsqrtAiCore_Rsqrt,N/A,N/A,1790932582547545.324	,10.000,0.000000,0
7,aclnnMul_MulAiCore_Mul,N/A,N/A,1790932582547555.344	,834.777,0.000000,0
7,aclnnInplaceCopy_CastAiCore_Cast,N/A,N/A,1790932582548390.141	,877.118,0.223000,0
7,aclnnMul_MulAiCore_Mul,N/A,N/A,1790932582549267.279	,439.708,0.000000,0
7,aclnnInplaceCopy_SliceAiCore_Slice,N/A,N/A,1790932582549707.007	,119.583,0.042000,0
7,aclnnInplaceCopy_CastAiCore_Cast,N/A,N/A,1790932582549826.610	,74.401,0.000000,0
7,aclnnPowTensorScalar_PowsAiCore_Pows,N/A,N/A,1790932582549901.031	,133.943,0.099000,0
7,aclnnMean_ReduceMeanAiCore_ReduceMean,N/A,N/A,1790932582550036.194	,91.042,1.307000,0
7,aclnnAdds_AddAiCore_Add,N/A,N/A,1790932582550128.016	,8.120,0.708000,0
7,aclnnRsqrt_RsqrtAiCore_Rsqrt,N/A,N/A,1790932582550136.156	,8.940,0.130000,0
7,aclnnMul_MulAiCore_Mul,N/A,N/A,1790932582550145.116	,109.282,0.000000,0
7,aclnnInplaceCopy_CastAiCore_Cast,N/A,N/A,1790932582550254.418	,65.282,0.218000,0
7,aclnnMul_MulAiCore_Mul,N/A,N/A,1790932582550319.720	,62.061,0.000000,0
7,aclnnMul_TransposeAiCore_Transpose,N/A,N/A,1790932582550381.801	,920.138,0.000000,0
7,aclnnMul_MulAiCore_Mul,N/A,N/A,1790932582551301.959	,458.549,0.112000,0
7,aclnnNeg_AsStridedAiCore_AsStrided,N/A,N/A,1790932582551760.528	,398.768,0.000000,0
7,aclnnNeg_NegAiCore_Neg,N/A,N/A,1790932582552159.316	,203.104,0.000000,0
7,aclnnCat_AsStridedAiCore_AsStrided,N/A,N/A,1790932582552362.440	,441.889,0.146000,0
7,aclnnCat_ConcatD_ConcatD,N/A,N/A,1790932582552804.349	,466.830,0.000000,0
7,aclnnMul_MulAiCore_Mul,N/A,N/A,1790932582553271.219	,433.668,0.170000,0
7,aclnnAdd_AddAiCore_Add,N/A,N/A,1790932582553704.907	,812.317,0.082000,0
7,aclnnMul_TransposeAiCore_Transpose,N/A,N/A,1790932582554517.244	,128.702,0.000000,0
7,aclnnMul_MulAiCore_Mul,N/A,N/A,1790932582554645.966	,55.361,0.048000,0
7,aclnnNeg_AsStridedAiCore_AsStrided,N/A,N/A,1790932582554701.347	,121.203,0.000000,0
7,aclnnNeg_NegAiCore_Neg,N/A,N/A,1790932582554822.570	,29.040,0.047000,0
7,aclnnCat_AsStridedAiCore_AsStrided,N/A,N/A,1790932582554851.630	,49.281,0.210000,0
7,aclnnCat_ConcatD_ConcatD,N/A,N/A,1790932582554900.931	,42.001,0.000000,0
7,aclnnMul_MulAiCore_Mul,N/A,N/A,1790932582554942.972	,60.441,0.000000,0
7,aclnnAdd_AddAiCore_Add,N/A,N/A,1790932582555003.453	,163.004,0.059000,0
7,aclnnInplaceCopy_AsStridedAiCore_AsStrided,N/A,N/A,1790932582555166.497	,143.562,0.000000,0
7,InnerPromptFlashAttention_PromptFlashAttention_PromptFlashAttention,N/A,N/A,1790932582555311.279	,7292.466,1.188000,0
7,aclnnInplaceCopy_TransposeAiCore_Transpose,N/A,N/A,1790932582562604.545	,1256.205,0.784000,0
7,aclnnMatmul_MatMulV3Common_MatMulV3,N/A,N/A,1790932582563860.770	,2868.818,0.045000,0
7,aclnnAdd_AddAiCore_Add,N/A,N/A,1790932582566729.608	,504.690,0.000000,0
7,aclnnInplaceCopy_CastAiCore_Cast,N/A,N/A,1790932582567234.318	,412.668,0.060000,0
7,aclnnPowTensorScalar_PowsAiCore_Pows,N/A,N/A,1790932582567647.026	,656.233,0.082000,0
7,aclnnMean_ReduceMeanAiCore_ReduceMean,N/A,N/A,1790932582568304.699	,430.409,1.517000,0
7,aclnnAdds_AddAiCore_Add,N/A,N/A,1790932582568735.848	,5.820,0.591000,0
7,aclnnRsqrt_RsqrtAiCore_Rsqrt,N/A,N/A,1790932582568741.688	,6.980,0.180000,0
7,aclnnMul_MulAiCore_Mul,N/A,N/A,1790932582568748.688	,451.309,0.020000,0
7,aclnnInplaceCopy_CastAiCore_Cast,N/A,N/A,1790932582569200.017	,596.552,0.000000,0
7,aclnnMul_MulAiCore_Mul,N/A,N/A,1790932582569796.589	,262.345,0.000000,0
7,aclnnMatmul_MatMulV3Common_MatMulV3,N/A,N/A,1790932582570058.954	,12521.670,0.155000,0
7,aclnnSilu_SliceAiCore_Slice,N/A,N/A,1790932582582580.664	,1200.084,0.080000,0
7,aclnnSilu_SiluAiCore_Swish,N/A,N/A,1790932582583780.768	,1267.026,0.000000,0
7,aclnnMul_SliceAiCore_Slice,N/A,N/A,1790932582585047.814	,1188.123,0.000000,0
7,aclnnMul_MulAiCore_Mul,N/A,N/A,1790932582586235.977	,1914.359,0.127000,0
7,aclnnMatmul_MatMulV3Common_MatMulV3,N/A,N/A,1790932582588150.356	,6685.453,0.000000,0
7,aclnnAdd_AddAiCore_Add,N/A,N/A,1790932582594835.829	,488.710,0.047000,0
7,aclnnInplaceCopy_CastAiCore_Cast,N/A,N/A,1790932582595324.559	,413.848,0.040000,0
7,aclnnPowTensorScalar_PowsAiCore_Pows,N/A,N/A,1790932582595738.427	,657.753,0.152000,0
7,aclnnMean_ReduceMeanAiCore_ReduceMean,N/A,N/A,1790932582596397.620	,432.289,1.247000,0
7,aclnnAdds_AddAiCore_Add,N/A,N/A,1790932582596830.689	,5.780,0.961000,0
7,aclnnRsqrt_RsqrtAiCore_Rsqrt,N/A,N/A,1790932582596836.489	,7.240,0.000000,0
7,aclnnMul_MulAiCore_Mul,N/A,N/A,1790932582596843.749	,458.169,0.010000,0
7,aclnnInplaceCopy_CastAiCore_Cast,N/A,N/A,1790932582597301.958	,598.112,0.081000,0
7,aclnnMul_MulAiCore_Mul,N/A,N/A,1790932582597900.090	,263.986,0.000000,0
7,aclnnMatmul_MatMulV3Common_MatMulV3,N/A,N/A,1790932582598164.116	,3950.919,0.014000,0
7,aclnnInplaceCopy_SliceAiCore_Slice,N/A,N/A,1790932582602115.055	,521.430,0.081000,0
7,aclnnInplaceCopy_CastAiCore_Cast,N/A,N/A,1790932582602636.525	,703.014,0.070000,0
7,aclnnPowTensorScalar_PowsAiCore_Pows,N/A,N/A,1790932582603339.559	,1033.181,0.000000,0
7,aclnnMean_ReduceMeanAiCore_ReduceMean,N/A,N/A,1790932582604374.000	,572.511,1.319000,0
7,aclnnAdds_AddAiCore_Add,N/A,N/A,1790932582604947.291	,10.720,0.739000,0
7,aclnnRsqrt_RsqrtAiCore_Rsqrt,N/A,N/A,1790932582604958.031	,10.021,0.030000,0
7,aclnnMul_MulAiCore_Mul,N/A,N/A,1790932582604968.072	,834.836,0.000000,0
7,aclnnInplaceCopy_CastAiCore_Cast,N/A,N/A,1790932582605802.928	,877.798,0.164000,0
7,aclnnMul_MulAiCore_Mul,N/A,N/A,1790932582606680.766	,436.088,0.000000,0
7,aclnnInplaceCopy_SliceAiCore_Slice,N/A,N/A,1790932582607116.894	,119.523,0.162000,0
7,aclnnInplaceCopy_CastAiCore_Cast,N/A,N/A,1790932582607236.437	,73.541,0.000000,0
7,aclnnPowTensorScalar_PowsAiCore_Pows,N/A,N/A,1790932582607310.018	,136.143,0.000000,0
7,aclnnMean_ReduceMeanAiCore_ReduceMean,N/A,N/A,1790932582607447.581	,89.782,1.357000,0
7,aclnnAdds_AddAiCore_Add,N/A,N/A,1790932582607538.183	,8.240,0.968000,0
7,aclnnRsqrt_RsqrtAiCore_Rsqrt,N/A,N/A,1790932582607546.443	,8.540,0.010000,0
7,aclnnMul_MulAiCore_Mul,N/A,N/A,1790932582607555.003	,109.102,0.000000,0
7,aclnnInplaceCopy_CastAiCore_Cast,N/A,N/A,1790932582607664.125	,61.922,0.000000,0
7,aclnnMul_MulAiCore_Mul,N/A,N/A,1790932582607726.087	,61.341,0.078000,0
7,aclnnMul_TransposeAiCore_Transpose,N/A,N/A,1790932582607787.448	,918.598,0.159000,0
7,aclnnMul_MulAiCore_Mul,N/A,N/A,1790932582608706.066	,458.289,0.000000,0
7,aclnnNeg_AsStridedAiCore_AsStrided,N/A,N/A,1790932582609164.375	,402.548,0.211000,0
7,aclnnNeg_NegAiCore_Neg,N/A,N/A,1790932582609566.943	,204.225,0.000000,0
7,aclnnCat_AsStridedAiCore_AsStrided,N/A,N/A,1790932582609771.208	,441.488,0.025000,0
7,aclnnCat_ConcatD_ConcatD,N/A,N/A,1790932582610212.716	,461.450,0.012000,0
7,aclnnMul_MulAiCore_Mul,N/A,N/A,1790932582610674.186	,435.088,0.050000,0
7,aclnnAdd_AddAiCore_Add,N/A,N/A,1790932582611109.314	,815.717,0.000000,0
7,aclnnMul_TransposeAiCore_Transpose,N/A,N/A,1790932582611925.051	,127.702,0.033000,0
7,aclnnMul_MulAiCore_Mul,N/A,N/A,1790932582612052.793	,52.961,0.048000,0
7,aclnnNeg_AsStridedAiCore_AsStrided,N/A,N/A,1790932582612105.774	,119.483,0.039000,0
7,aclnnNeg_NegAiCore_Neg,N/A,N/A,1790932582612225.297	,29.420,0.017000,0
7,aclnnCat_AsStridedAiCore_AsStrided,N/A,N/A,1790932582612254.757	,49.861,0.080000,0
7,aclnnCat_ConcatD_ConcatD,N/A,N/A,1790932582612304.658	,40.541,0.139000,0
7,aclnnMul_MulAiCore_Mul,N/A,N/A,1790932582612345.219	,59.261,0.000000,0
7,aclnnAdd_AddAiCore_Add,N/A,N/A,1790932582612404.500	,161.963,0.000000,0
7,aclnnInplaceCopy_AsStridedAiCore_AsStrided,N/A,N/A,1790932582612566.483	,146.803,0.037000,0
7,InnerPromptFlashAttention_PromptFlashAttention_PromptFlashAttention,N/A,N/A,1790932582612714.306	,7303.486,0.947000,0
7,aclnnInplaceCopy_TransposeAiCore_Transpose,N/A,N/A,1790932582620018.652	,1260.885,1.014000,0
7,aclnnMatmul_MatMulV3Common_MatMulV3,N/A,N/A,1790932582621279.557	,2881.418,0.000000,0
7,aclnnAdd_AddAiCore_Add,N/A,N/A,1790932582624160.995	,513.510,0.082000,0
7,aclnnInplaceCopy_CastAiCore_Cast,N/A,N/A,1790932582624674.545	,415.549,0.000000,0
7,aclnnPowTensorScalar_PowsAiCore_Pows,N/A,N/A,1790932582625090.114	,656.693,0.000000,0
7,aclnnMean_ReduceMeanAiCore_ReduceMean,N/A,N/A,1790932582625747.867	,432.408,1.057000,0
7,aclnnAdds_AddAiCore_Add,N/A,N/A,1790932582626181.135	,5.800,1.092000,0
7,aclnnRsqrt_RsqrtAiCore_Rsqrt,N/A,N/A,1790932582626186.955	,7.181,0.000000,0
7,aclnnMul_MulAiCore_Mul,N/A,N/A,1790932582626194.176	,457.449,0.069000,0
7,aclnnInplaceCopy_CastAiCore_Cast,N/A,N/A,1790932582626651.645	,594.452,0.051000,0
7,aclnnMul_MulAiCore_Mul,N/A,N/A,1790932582627246.117	,259.425,0.000000,0
7,aclnnMatmul_MatMulV3Common_MatMulV3,N/A,N/A,1790932582627505.562	,12558.951,0.075000,0
7,aclnnSilu_SliceAiCore_Slice,N/A,N/A,1790932582640064.533	,1197.924,0.049000,0
7,aclnnSilu_SiluAiCore_Swish,N/A,N/A,1790932582641262.477	,1240.124,0.076000,0
7,aclnnMul_SliceAiCore_Slice,N/A,N/A,1790932582642502.621	,1199.384,0.000000,0
7,aclnnMul_MulAiCore_Mul,N/A,N/A,1790932582643702.025	,1931.939,0.116000,0
7,aclnnMatmul_MatMulV3Common_MatMulV3,N/A,N/A,1790932582645633.984	,6679.554,0.061000,0
7,aclnnAdd_AddAiCore_Add,N/A,N/A,1790932582652313.558	,490.669,0.000000,0
7,aclnnInplaceCopy_CastAiCore_Cast,N/A,N/A,1790932582652804.247	,413.369,0.081000,0
7,aclnnPowTensorScalar_PowsAiCore_Pows,N/A,N/A,1790932582653217.636	,658.853,0.131000,0
7,aclnnMean_ReduceMeanAiCore_ReduceMean,N/A,N/A,1790932582653877.829	,429.748,1.147000,0
7,aclnnAdds_AddAiCore_Add,N/A,N/A,1790932582654308.797	,6.340,1.252000,0
7,aclnnRsqrt_RsqrtAiCore_Rsqrt,N/A,N/A,1790932582654315.157	,7.001,0.160000,0
7,aclnnMul_MulAiCore_Mul,N/A,N/A,1790932582654322.178	,452.689,0.000000,0
7,aclnnInplaceCopy_CastAiCore_Cast,N/A,N/A,1790932582654774.887	,596.592,0.061000,0
7,aclnnMul_MulAiCore_Mul,N/A,N/A,1790932582655371.499	,260.085,0.000000,0
7,aclnnMatmul_MatMulV3Common_MatMulV3,N/A,N/A,1790932582655631.604	,3924.698,0.000000,0
7,aclnnInplaceCopy_SliceAiCore_Slice,N/A,N/A,1790932582659556.342	,520.711,0.052000,0
7,aclnnInplaceCopy_CastAiCore_Cast,N/A,N/A,1790932582660077.073	,705.994,0.039000,0
7,aclnnPowTensorScalar_PowsAiCore_Pows,N/A,N/A,1790932582660783.087	,1028.860,0.006000,0
7,aclnnMean_ReduceMeanAiCore_ReduceMean,N/A,N/A,1790932582661813.007	,582.572,1.140000,0
7,aclnnAdds_AddAiCore_Add,N/A,N/A,1790932582662396.339	,9.840,0.678000,0
7,aclnnRsqrt_RsqrtAiCore_Rsqrt,N/A,N/A,1790932582662406.219	,9.840,0.160000,0
7,aclnnMul_MulAiCore_Mul,N/A,N/A,1790932582662416.079	,832.857,0.000000,0
7,aclnnInplaceCopy_CastAiCore_Cast,N/A,N/A,1790932582663248.976	,878.778,0.143000,0
7,aclnnMul_MulAiCore_Mul,N/A,N/A,1790932582664127.794	,438.688,0.000000,0
7,aclnnInplaceCopy_SliceAiCore_Slice,N/A,N/A,1790932582664566.502	,118.583,0.062000,0
7,aclnnInplaceCopy_CastAiCore_Cast,N/A,N/A,1790932582664685.105	,74.681,0.000000,0
7,aclnnPowTensorScalar_PowsAiCore_Pows,N/A,N/A,1790932582664759.806	,134.543,0.069000,0
7,aclnnMean_ReduceMeanAiCore_ReduceMean,N/A,N/A,1790932582664895.329	,95.442,0.957000,0
7,aclnnAdds_AddAiCore_Add,N/A,N/A,1790932582664991.511	,7.920,0.808000,0
7,aclnnRsqrt_RsqrtAiCore_Rsqrt,N/A,N/A,1790932582664999.471	,9.000,0.080000,0
7,aclnnMul_MulAiCore_Mul,N/A,N/A,1790932582665008.511	,109.402,0.000000,0
7,aclnnInplaceCopy_CastAiCore_Cast,N/A,N/A,1790932582665117.933	,65.102,0.098000,0
7,aclnnMul_MulAiCore_Mul,N/A,N/A,1790932582665183.055	,61.861,0.000000,0
7,aclnnMul_TransposeAiCore_Transpose,N/A,N/A,1790932582665244.936	,921.418,0.139000,0
7,aclnnMul_MulAiCore_Mul,N/A,N/A,1790932582666166.374	,455.529,0.000000,0
7,aclnnNeg_AsStridedAiCore_AsStrided,N/A,N/A,1790932582666621.923	,396.608,0.221000,0
7,aclnnNeg_NegAiCore_Neg,N/A,N/A,1790932582667018.551	,205.544,0.000000,0
7,aclnnCat_AsStridedAiCore_AsStrided,N/A,N/A,1790932582667224.115	,446.149,0.000000,0
7,aclnnCat_ConcatD_ConcatD,N/A,N/A,1790932582667670.284	,464.150,0.101000,0
7,aclnnMul_MulAiCore_Mul,N/A,N/A,1790932582668134.454	,433.428,0.100000,0
7,aclnnAdd_AddAiCore_Add,N/A,N/A,1790932582668567.902	,817.797,0.072000,0
7,aclnnMul_TransposeAiCore_Transpose,N/A,N/A,1790932582669385.739	,127.162,0.000000,0
7,aclnnMul_MulAiCore_Mul,N/A,N/A,1790932582669512.941	,56.681,0.088000,0
7,aclnnNeg_AsStridedAiCore_AsStrided,N/A,N/A,1790932582669569.662	,121.043,0.069000,0
7,aclnnNeg_NegAiCore_Neg,N/A,N/A,1790932582669690.725	,28.220,0.000000,0
7,aclnnCat_AsStridedAiCore_AsStrided,N/A,N/A,1790932582669718.965	,49.321,0.030000,0
7,aclnnCat_ConcatD_ConcatD,N/A,N/A,1790932582669768.306	,40.581,0.000000,0
7,aclnnMul_MulAiCore_Mul,N/A,N/A,1790932582669808.907	,60.741,0.169000,0
7,aclnnAdd_AddAiCore_Add,N/A,N/A,1790932582669869.668	,162.444,0.009000,0
7,aclnnInplaceCopy_AsStridedAiCore_AsStrided,N/A,N/A,1790932582670032.152	,145.642,0.056000,0
7,InnerPromptFlashAttention_PromptFlashAttention_PromptFlashAttention,N/A,N/A,1790932582670179.174	,7324.827,1.358000,0
7,aclnnInplaceCopy_TransposeAiCore_Transpose,N/A,N/A,1790932582677504.881	,1255.685,0.923000,0
7,aclnnMatmul_MatMulV3Common_MatMulV3,N/A,N/A,1790932582678760.586	,2891.018,0.000000,0
7,aclnnAdd_AddAiCore_Add,N/A,N/A,1790932582681651.644	,509.230,0.232000,0
7,aclnnInplaceCopy_CastAiCore_Cast,N/A,N/A,1790932582682160.914	,414.628,0.020000,0
7,aclnnPowTensorScalar_PowsAiCore_Pows,N/A,N/A,1790932582682575.562	,658.093,0.000000,0
7,aclnnMean_ReduceMeanAiCore_ReduceMean,N/A,N/A,1790932582683234.815	,428.389,1.157000,0
7,aclnnAdds_AddAiCore_Add,N/A,N/A,1790932582683664.304	,6.000,1.111000,0
7,aclnnRsqrt_RsqrtAiCore_Rsqrt,N/A,N/A,1790932582683670.324	,7.000,0.000000,0
7,aclnnMul_MulAiCore_Mul,N/A,N/A,1790932582683677.364	,451.669,0.000000,0
7,aclnnInplaceCopy_CastAiCore_Cast,N/A,N/A,1790932582684129.073	,597.352,0.081000,0
7,aclnnMul_MulAiCore_Mul,N/A,N/A,1790932582684726.445	,261.825,0.148000,0
7,aclnnMatmul_MatMulV3Common_MatMulV3,N/A,N/A,1790932582684988.310	,12610.712,0.000000,0
7,aclnnSilu_SliceAiCore_Slice,N/A,N/A,1790932582697599.042	,1198.484,0.038000,0
7,aclnnSilu_SiluAiCore_Swish,N/A,N/A,1790932582698797.546	,1264.346,0.016000,0
7,aclnnMul_SliceAiCore_Slice,N/A,N/A,1790932582700061.912	,1192.263,0.154000,0
7,aclnnMul_MulAiCore_Mul,N/A,N/A,1790932582701254.215	,1908.758,0.000000,0
7,aclnnMatmul_MatMulV3Common_MatMulV3,N/A,N/A,1790932582703162.993	,6662.454,0.000000,0
7,aclnnAdd_AddAiCore_Add,N/A,N/A,1790932582709825.487	,492.509,0.046000,0
7,aclnnInplaceCopy_CastAiCore_Cast,N/A,N/A,1790932582710318.016	,412.149,0.000000,0
7,aclnnPowTensorScalar_PowsAiCore_Pows,N/A,N/A,1790932582710730.205	,658.973,0.101000,0
7,aclnnMean_ReduceMeanAiCore_ReduceMean,N/A,N/A,1790932582711390.258	,429.928,1.027000,0
7,aclnnAdds_AddAiCore_Add,N/A,N/A,1790932582711820.866	,5.761,0.572000,0
7,aclnnRsqrt_RsqrtAiCore_Rsqrt,N/A,N/A,1790932582711826.647	,7.160,0.239000,0
7,aclnnMul_MulAiCore_Mul,N/A,N/A,1790932582711833.827	,457.609,0.000000,0
7,aclnnInplaceCopy_CastAiCore_Cast,N/A,N/A,1790932582712291.456	,599.992,0.141000,0
7,aclnnMul_MulAiCore_Mul,N/A,N/A,1790932582712891.468	,261.865,0.008000,0
7,aclnnMatmul_MatMulV3Common_MatMulV3,N/A,N/A,1790932582713153.373	,3971.059,0.000000,0
7,aclnnInplaceCopy_SliceAiCore_Slice,N/A,N/A,1790932582717124.452	,520.451,0.191000,0
7,aclnnInplaceCopy_CastAiCore_Cast,N/A,N/A,1790932582717644.923	,702.714,0.049000,0
7,aclnnPowTensorScalar_PowsAiCore_Pows,N/A,N/A,1790932582718347.657	,1034.341,0.036000,0
7,aclnnMean_ReduceMeanAiCore_ReduceMean,N/A,N/A,1790932582719383.178	,576.211,1.159000,0
7,aclnnAdds_AddAiCore_Add,N/A,N/A,1790932582719960.089	,9.580,0.539000,0
7,aclnnRsqrt_RsqrtAiCore_Rsqrt,N/A,N/A,1790932582719969.689	,9.920,0.170000,0
7,aclnnMul_MulAiCore_Mul,N/A,N/A,1790932582719979.629	,834.917,0.080000,0
7,aclnnInplaceCopy_CastAiCore_Cast,N/A,N/A,1790932582720814.566	,876.058,0.000000,0
7,aclnnMul_MulAiCore_Mul,N/A,N/A,1790932582721690.644	,438.208,0.192000,0
7,aclnnInplaceCopy_SliceAiCore_Slice,N/A,N/A,1790932582722128.872	,118.683,0.000000,0
7,aclnnInplaceCopy_CastAiCore_Cast,N/A,N/A,1790932582722247.575	,72.201,0.067000,0
7,aclnnPowTensorScalar_PowsAiCore_Pows,N/A,N/A,1790932582722319.796	,133.323,0.049000,0
7,aclnnMean_ReduceMeanAiCore_ReduceMean,N/A,N/A,1790932582722454.199	,89.562,1.177000,0
7,aclnnAdds_AddAiCore_Add,N/A,N/A,1790932582722544.781	,7.980,0.938000,0
7,aclnnRsqrt_RsqrtAiCore_Rsqrt,N/A,N/A,1790932582722552.801	,8.760,0.020000,0
7,aclnnMul_MulAiCore_Mul,N/A,N/A,1790932582722561.581	,110.122,0.000000,0
7,aclnnInplaceCopy_CastAiCore_Cast,N/A,N/A,1790932582722671.723	,61.541,0.128000,0
7,aclnnMul_MulAiCore_Mul,N/A,N/A,1790932582722733.284	,62.302,0.000000,0
7,aclnnMul_TransposeAiCore_Transpose,N/A,N/A,1790932582722795.606	,921.858,0.000000,0
7,aclnnMul_MulAiCore_Mul,N/A,N/A,1790932582723717.504	,457.089,0.142000,0
7,aclnnNeg_AsStridedAiCore_AsStrided,N/A,N/A,1790932582724174.613	,401.268,0.000000,0
7,aclnnNeg_NegAiCore_Neg,N/A,N/A,1790932582724575.921	,205.044,0.232000,0
7,aclnnCat_AsStridedAiCore_AsStrided,N/A,N/A,1790932582724780.985	,441.169,0.000000,0
7,aclnnCat_ConcatD_ConcatD,N/A,N/A,1790932582725222.174	,461.649,0.081000,0
7,aclnnMul_MulAiCore_Mul,N/A,N/A,1790932582725683.843	,433.009,0.000000,0
7,aclnnAdd_AddAiCore_Add,N/A,N/A,1790932582726116.872	,814.136,0.000000,0
7,aclnnMul_TransposeAiCore_Transpose,N/A,N/A,1790932582726931.028	,127.543,0.114000,0
7,aclnnMul_MulAiCore_Mul,N/A,N/A,1790932582727058.591	,55.461,0.000000,0
7,aclnnNeg_AsStridedAiCore_AsStrided,N/A,N/A,1790932582727114.092	,120.902,0.039000,0
7,aclnnNeg_NegAiCore_Neg,N/A,N/A,1790932582727235.034	,28.881,0.098000,0
7,aclnnCat_AsStridedAiCore_AsStrided,N/A,N/A,1790932582727263.935	,48.221,0.119000,0
7,aclnnCat_ConcatD_ConcatD,N/A,N/A,1790932582727312.176	,41.201,0.029000,0
7,aclnnMul_MulAiCore_Mul,N/A,N/A,1790932582727353.397	,60.361,0.049000,0
7,aclnnAdd_AddAiCore_Add,N/A,N/A,1790932582727413.778	,163.063,0.000000,0
7,aclnnInplaceCopy_AsStridedAiCore_AsStrided,N/A,N/A,1790932582727576.861	,145.563,0.000000,0
7,InnerPromptFlashAttention_PromptFlashAttention_PromptFlashAttention,N/A,N/A,1790932582727723.584	,7307.366,1.187000,0
7,aclnnInplaceCopy_TransposeAiCore_Transpose,N/A,N/A,1790932582735031.630	,1260.205,0.884000,0
7,aclnnMatmul_MatMulV3Common_MatMulV3,N/A,N/A,1790932582736291.875	,2896.038,0.045000,0
7,aclnnAdd_AddAiCore_Add,N/A,N/A,1790932582739187.933	,511.930,0.000000,0
7,aclnnInplaceCopy_CastAiCore_Cast,N/A,N/A,1790932582739699.903	,416.029,0.070000,0
7,aclnnPowTensorScalar_PowsAiCore_Pows,N/A,N/A,1790932582740115.972	,656.013,0.000000,0
7,aclnnMean_ReduceMeanAiCore_ReduceMean,N/A,N/A,1790932582740773.285	,430.629,1.237000,0
7,aclnnAdds_AddAiCore_Add,N/A,N/A,1790932582741204.974	,5.960,1.121000,0
7,aclnnRsqrt_RsqrtAiCore_Rsqrt,N/A,N/A,1790932582741210.954	,7.100,0.040000,0
7,aclnnMul_MulAiCore_Mul,N/A,N/A,1790932582741218.094	,450.209,0.000000,0
7,aclnnInplaceCopy_CastAiCore_Cast,N/A,N/A,1790932582741668.323	,594.912,0.041000,0
7,aclnnMul_MulAiCore_Mul,N/A,N/A,1790932582742263.255	,261.925,0.088000,0
7,aclnnMatmul_MatMulV3Common_MatMulV3,N/A,N/A,1790932582742525.200	,12548.231,0.075000,0
7,aclnnSilu_SliceAiCore_Slice,N/A,N/A,1790932582755073.451	,1198.204,0.019000,0
7,aclnnSilu_SiluAiCore_Swish,N/A,N/A,1790932582756271.675	,1241.964,0.046000,0
7,aclnnMul_SliceAiCore_Slice,N/A,N/A,1790932582757513.659	,1202.224,0.036000,0
7,aclnnMul_MulAiCore_Mul,N/A,N/A,1790932582758715.903	,1936.439,0.026000,0
7,aclnnMatmul_MatMulV3Common_MatMulV3,N/A,N/A,1790932582760652.362	,6646.433,0.000000,0
7,aclnnAdd_AddAiCore_Add,N/A,N/A,1790932582767298.815	,488.270,0.067000,0
7,aclnnInplaceCopy_CastAiCore_Cast,N/A,N/A,1790932582767787.125	,413.228,0.000000,0
7,aclnnPowTensorScalar_PowsAiCore_Pows,N/A,N/A,1790932582768200.373	,657.393,0.022000,0
7,aclnnMean_ReduceMeanAiCore_ReduceMean,N/A,N/A,1790932582768859.106	,432.769,1.357000,0
7,aclnnAdds_AddAiCore_Add,N/A,N/A,1790932582769292.815	,8.140,0.981000,0
7,aclnnRsqrt_RsqrtAiCore_Rsqrt,N/A,N/A,1790932582769300.975	,7.180,0.110000,0
7,aclnnMul_MulAiCore_Mul,N/A,N/A,1790932582769308.175	,455.429,0.070000,0
7,aclnnInplaceCopy_CastAiCore_Cast,N/A,N/A,1790932582769763.624	,596.952,0.000000,0
7,aclnnMul_MulAiCore_Mul,N/A,N/A,1790932582770360.596	,267.525,0.048000,0
7,aclnnMatmul_MatMulV3Common_MatMulV3,N/A,N/A,1790932582770628.161	,3956.679,0.225000,0
7,aclnnInplaceCopy_SliceAiCore_Slice,N/A,N/A,1790932582774584.860	,522.051,0.000000,0
7,aclnnInplaceCopy_CastAiCore_Cast,N/A,N/A,1790932582775106.931	,705.234,0.199000,0
7,aclnnPowTensorScalar_PowsAiCore_Pows,N/A,N/A,1790932582775812.185	,1029.481,0.016000,0
7,aclnnMean_ReduceMeanAiCore_ReduceMean,N/A,N/A,1790932582776842.846	,580.151,1.019000,0
7,aclnnAdds_AddAiCore_Add,N/A,N/A,1790932582777423.977	,10.620,1.099000,0
7,aclnnRsqrt_RsqrtAiCore_Rsqrt,N/A,N/A,1790932582777434.617	,10.081,0.000000,0
7,aclnnMul_MulAiCore_Mul,N/A,N/A,1790932582777444.738	,837.956,0.169000,0
7,aclnnInplaceCopy_CastAiCore_Cast,N/A,N/A,1790932582778282.714	,877.098,0.044000,0
7,aclnnMul_MulAiCore_Mul,N/A,N/A,1790932582779159.832	,438.489,0.000000,0
7,aclnnInplaceCopy_SliceAiCore_Slice,N/A,N/A,1790932582779598.341	,120.502,0.011000,0
7,aclnnInplaceCopy_CastAiCore_Cast,N/A,N/A,1790932582779718.863	,72.502,0.000000,0
7,aclnnPowTensorScalar_PowsAiCore_Pows,N/A,N/A,1790932582779791.405	,133.482,0.248000,0
7,aclnnMean_ReduceMeanAiCore_ReduceMean,N/A,N/A,1790932582779926.327	,90.522,1.268000,0
7,aclnnAdds_AddAiCore_Add,N/A,N/A,1790932582780017.549	,8.360,0.728000,0
7,aclnnRsqrt_RsqrtAiCore_Rsqrt,N/A,N/A,1790932582780025.929	,8.700,0.140000,0
7,aclnnMul_MulAiCore_Mul,N/A,N/A,1790932582780034.649	,110.483,0.050000,0
7,aclnnInplaceCopy_CastAiCore_Cast,N/A,N/A,1790932582780145.152	,66.201,0.017000,0
7,aclnnMul_MulAiCore_Mul,N/A,N/A,1790932582780211.373	,62.161,0.000000,0
7,aclnnMul_TransposeAiCore_Transpose,N/A,N/A,1790932582780273.554	,919.739,0.089000,0
7,aclnnMul_MulAiCore_Mul,N/A,N/A,1790932582781193.313	,457.749,0.011000,0
7,aclnnNeg_AsStridedAiCore_AsStrided,N/A,N/A,1790932582781651.082	,396.788,0.001000,0
7,aclnnNeg_NegAiCore_Neg,N/A,N/A,1790932582782047.890	,204.144,0.212000,0
7,aclnnCat_AsStridedAiCore_AsStrided,N/A,N/A,1790932582782252.054	,443.309,0.000000,0
7,aclnnCat_ConcatD_ConcatD,N/A,N/A,1790932582782695.383	,465.269,0.191000,0
7,aclnnMul_MulAiCore_Mul,N/A,N/A,1790932582783160.692	,432.528,0.000000,0
7,aclnnAdd_AddAiCore_Add,N/A,N/A,1790932582783593.240	,816.077,0.000000,0
7,aclnnMul_TransposeAiCore_Transpose,N/A,N/A,1790932582784409.337	,128.062,0.000000,0
7,aclnnMul_MulAiCore_Mul,N/A,N/A,1790932582784537.419	,56.541,0.188000,0
7,aclnnNeg_AsStridedAiCore_AsStrided,N/A,N/A,1790932582784593.980	,121.163,0.000000,0
7,aclnnNeg_NegAiCore_Neg,N/A,N/A,1790932582784715.163	,29.340,0.087000,0
7,aclnnCat_AsStridedAiCore_AsStrided,N/A,N/A,1790932582784744.523	,46.641,0.000000,0
7,aclnnCat_ConcatD_ConcatD,N/A,N/A,1790932582784791.184	,40.861,0.109000,0
7,aclnnMul_MulAiCore_Mul,N/A,N/A,1790932582784832.065	,60.301,0.000000,0
7,aclnnAdd_AddAiCore_Add,N/A,N/A,1790932582784892.386	,162.044,0.199000,0
7,aclnnInplaceCopy_AsStridedAiCore_AsStrided,N/A,N/A,1790932582785054.450	,143.403,0.000000,0
7,InnerPromptFlashAttention_PromptFlashAttention_PromptFlashAttention,N/A,N/A,1790932582785198.753	,7308.446,0.847000,0
7,aclnnInplaceCopy_TransposeAiCore_Transpose,N/A,N/A,1790932582792508.119	,1256.365,0.804000,0
7,aclnnMatmul_MatMulV3Common_MatMulV3,N/A,N/A,1790932582793764.504	,2889.397,0.135000,0
7,aclnnAdd_AddAiCore_Add,N/A,N/A,1790932582796653.921	,507.671,0.103000,0
7,aclnnInplaceCopy_CastAiCore_Cast,N/A,N/A,1790932582797161.612	,412.808,0.000000,0
7,aclnnPowTensorScalar_PowsAiCore_Pows,N/A,N/A,1790932582797574.440	,658.673,0.192000,0
7,aclnnMean_ReduceMeanAiCore_ReduceMean,N/A,N/A,1790932582798234.293	,433.829,1.077000,0
7,aclnnAdds_AddAiCore_Add,N/A,N/A,1790932582798669.262	,5.920,1.171000,0
7,aclnnRsqrt_RsqrtAiCore_Rsqrt,N/A,N/A,1790932582798675.202	,7.120,0.080000,0
7,aclnnMul_MulAiCore_Mul,N/A,N/A,1790932582798682.362	,452.069,0.000000,0
7,aclnnInplaceCopy_CastAiCore_Cast,N/A,N/A,1790932582799134.451	,597.132,0.181000,0
7,aclnnMul_MulAiCore_Mul,N/A,N/A,1790932582799731.603	,259.545,0.000000,0
7,aclnnMatmul_MatMulV3Common_MatMulV3,N/A,N/A,1790932582799991.168	,12587.172,0.205000,0
7,aclnnSilu_SliceAiCore_Slice,N/A,N/A,1790932582812578.380	,1197.544,0.078000,0
7,aclnnSilu_SiluAiCore_Swish,N/A,N/A,1790932582813775.944	,1263.245,0.000000,0
7,aclnnMul_SliceAiCore_Slice,N/A,N/A,1790932582815039.209	,1191.284,0.005000,0
7,aclnnMul_MulAiCore_Mul,N/A,N/A,1790932582816230.513	,1916.198,0.000000,0
7,aclnnMatmul_MatMulV3Common_MatMulV3,N/A,N/A,1790932582818146.731	,6683.893,0.052000,0
7,aclnnAdd_AddAiCore_Add,N/A,N/A,1790932582824830.644	,487.550,0.107000,0
7,aclnnInplaceCopy_CastAiCore_Cast,N/A,N/A,1790932582825318.214	,411.668,0.000000,0
7,aclnnPowTensorScalar_PowsAiCore_Pows,N/A,N/A,1790932582825729.902	,659.654,0.082000,0
7,aclnnMean_ReduceMeanAiCore_ReduceMean,N/A,N/A,1790932582826390.716	,431.928,1.096000,0
7,aclnnAdds_AddAiCore_Add,N/A,N/A,1790932582826823.764	,6.220,1.072000,0
7,aclnnRsqrt_RsqrtAiCore_Rsqrt,N/A,N/A,1790932582826830.004	,7.220,0.030000,0
7,aclnnMul_MulAiCore_Mul,N/A,N/A,1790932582826837.244	,458.550,0.030000,0
7,aclnnInplaceCopy_CastAiCore_Cast,N/A,N/A,1790932582827295.814	,599.152,0.000000,0
7,aclnnMul_MulAiCore_Mul,N/A,N/A,1790932582827894.986	,263.925,0.098000,0
7,aclnnMatmul_MatMulV3Common_MatMulV3,N/A,N/A,1790932582828158.931	,3947.139,0.075000,0
7,aclnnInplaceCopy_SliceAiCore_Slice,N/A,N/A,1790932582832106.090	,521.610,0.000000,0
7,aclnnInplaceCopy_CastAiCore_Cast,N/A,N/A,1790932582832627.720	,702.634,0.140000,0
7,aclnnPowTensorScalar_PowsAiCore_Pows,N/A,N/A,1790932582833330.374	,1033.181,0.000000,0
7,aclnnMean_ReduceMeanAiCore_ReduceMean,N/A,N/A,1790932582834365.015	,573.011,1.569000,0
7,aclnnAdds_AddAiCore_Add,N/A,N/A,1790932582834938.906	,9.961,0.989000,0
7,aclnnRsqrt_RsqrtAiCore_Rsqrt,N/A,N/A,1790932582834948.907	,10.020,0.039000,0
7,aclnnMul_MulAiCore_Mul,N/A,N/A,1790932582834958.947	,836.756,0.000000,0
7,aclnnInplaceCopy_CastAiCore_Cast,N/A,N/A,1790932582835795.743	,876.558,0.000000,0
7,aclnnMul_MulAiCore_Mul,N/A,N/A,1790932582836672.321	,437.809,0.000000,0
7,aclnnInplaceCopy_SliceAiCore_Slice,N/A,N/A,1790932582837110.150	,125.702,0.191000,0
7,aclnnInplaceCopy_CastAiCore_Cast,N/A,N/A,1790932582837235.872	,72.862,0.000000,0
7,aclnnPowTensorScalar_PowsAiCore_Pows,N/A,N/A,1790932582837308.754	,132.222,0.138000,0
7,aclnnMean_ReduceMeanAiCore_ReduceMean,N/A,N/A,1790932582837442.036	,89.602,1.028000,0
7,aclnnAdds_AddAiCore_Add,N/A,N/A,1790932582837532.658	,8.060,1.148000,0
7,aclnnRsqrt_RsqrtAiCore_Rsqrt,N/A,N/A,1790932582837540.738	,8.821,0.000000,0
7,aclnnMul_MulAiCore_Mul,N/A,N/A,1790932582837549.599	,109.022,0.000000,0
7,aclnnInplaceCopy_CastAiCore_Cast,N/A,N/A,1790932582837658.641	,63.361,0.228000,0
7,aclnnMul_MulAiCore_Mul,N/A,N/A,1790932582837722.022	,63.061,0.000000,0
7,aclnnMul_TransposeAiCore_Transpose,N/A,N/A,1790932582837785.103	,920.799,0.000000,0
7,aclnnMul_MulAiCore_Mul,N/A,N/A,1790932582838705.942	,457.329,0.201000,0
7,aclnnNeg_AsStridedAiCore_AsStrided,N/A,N/A,1790932582839163.291	,400.868,0.000000,0
7,aclnnNeg_NegAiCore_Neg,N/A,N/A,1790932582839564.179	,205.784,0.132000,0
7,aclnnCat_AsStridedAiCore_AsStrided,N/A,N/A,1790932582839770.003	,442.429,0.000000,0
7,aclnnCat_ConcatD_ConcatD,N/A,N/A,1790932582840212.452	,463.429,0.071000,0
7,aclnnMul_MulAiCore_Mul,N/A,N/A,1790932582840675.901	,437.609,0.071000,0
7,aclnnAdd_AddAiCore_Add,N/A,N/A,1790932582841113.530	,816.636,0.000000,0
7,aclnnMul_TransposeAiCore_Transpose,N/A,N/A,1790932582841930.186	,128.503,0.114000,0
7,aclnnMul_MulAiCore_Mul,N/A,N/A,1790932582842058.729	,54.261,0.000000,0
7,aclnnNeg_AsStridedAiCore_AsStrided,N/A,N/A,1790932582842113.030	,119.502,0.000000,0
7,aclnnNeg_NegAiCore_Neg,N/A,N/A,1790932582842232.552	,29.021,0.000000,0
7,aclnnCat_AsStridedAiCore_AsStrided,N/A,N/A,1790932582842261.613	,47.701,0.000000,0
7,aclnnCat_ConcatD_ConcatD,N/A,N/A,1790932582842309.334	,42.120,0.049000,0
7,aclnnMul_MulAiCore_Mul,N/A,N/A,1790932582842351.474	,61.362,0.130000,0
7,aclnnAdd_AddAiCore_Add,N/A,N/A,1790932582842412.856	,161.983,0.000000,0
7,aclnnInplaceCopy_AsStridedAiCore_AsStrided,N/A,N/A,1790932582842574.859	,147.603,0.017000,0
7,InnerPromptFlashAttention_PromptFlashAttention_PromptFlashAttention,N/A,N/A,1790932582842723.682	,7305.546,1.397000,0
7,aclnnInplaceCopy_TransposeAiCore_Transpose,N/A,N/A,1790932582850029.988	,1258.565,0.704000,0
7,aclnnMatmul_MatMulV3Common_MatMulV3,N/A,N/A,1790932582851288.593	,2874.437,0.000000,0
7,aclnnAdd_AddAiCore_Add,N/A,N/A,1790932582854163.050	,511.351,0.063000,0
7,aclnnInplaceCopy_CastAiCore_Cast,N/A,N/A,1790932582854674.441	,414.408,0.149000,0
7,aclnnPowTensorScalar_PowsAiCore_Pows,N/A,N/A,1790932582855088.869	,656.213,0.000000,0
7,aclnnMean_ReduceMeanAiCore_ReduceMean,N/A,N/A,1790932582855746.122	,429.509,1.037000,0
7,aclnnAdds_AddAiCore_Add,N/A,N/A,1790932582856176.351	,5.840,0.741000,0
7,aclnnRsqrt_RsqrtAiCore_Rsqrt,N/A,N/A,1790932582856182.211	,7.020,0.160000,0
7,aclnnMul_MulAiCore_Mul,N/A,N/A,1790932582856189.251	,460.709,0.000000,0
7,aclnnInplaceCopy_CastAiCore_Cast,N/A,N/A,1790932582856650.000	,595.932,0.041000,0
7,aclnnMul_MulAiCore_Mul,N/A,N/A,1790932582857245.952	,260.685,0.068000,0
7,aclnnMatmul_MatMulV3Common_MatMulV3,N/A,N/A,1790932582857506.657	,12531.891,0.065000,0
7,aclnnSilu_SliceAiCore_Slice,N/A,N/A,1790932582870038.588	,1198.604,0.000000,0
7,aclnnSilu_SiluAiCore_Swish,N/A,N/A,1790932582871237.212	,1241.544,0.146000,0
7,aclnnMul_SliceAiCore_Slice,N/A,N/A,1790932582872478.776	,1200.504,0.000000,0
7,aclnnMul_MulAiCore_Mul,N/A,N/A,1790932582873679.320	,1935.599,0.000000,0
7,aclnnMatmul_MatMulV3Common_MatMulV3,N/A,N/A,1790932582875614.939	,6670.353,0.151000,0
7,aclnnAdd_AddAiCore_Add,N/A,N/A,1790932582882285.312	,490.450,0.000000,0
7,aclnnInplaceCopy_CastAiCore_Cast,N/A,N/A,1790932582882775.782	,412.408,0.050000,0
7,aclnnPowTensorScalar_PowsAiCore_Pows,N/A,N/A,1790932582883188.210	,659.074,0.092000,0
7,aclnnMean_ReduceMeanAiCore_ReduceMean,N/A,N/A,1790932582883848.484	,429.648,1.176000,0
7,aclnnAdds_AddAiCore_Add,N/A,N/A,1790932582884279.172	,6.140,1.102000,0
7,aclnnRsqrt_RsqrtAiCore_Rsqrt,N/A,N/A,1790932582884285.332	,7.120,0.000000,0
7,aclnnMul_MulAiCore_Mul,N/A,N/A,1790932582884292.472	,456.710,0.130000,0
7,aclnnInplaceCopy_CastAiCore_Cast,N/A,N/A,1790932582884749.202	,598.272,0.040000,0
7,aclnnMul_MulAiCore_Mul,N/A,N/A,1790932582885347.494	,260.605,0.000000,0
7,aclnnMatmul_MatMulV3Common_MatMulV3,N/A,N/A,1790932582885608.119	,3935.418,0.000000,0
7,aclnnInplaceCopy_SliceAiCore_Slice,N/A,N/A,1790932582889543.557	,522.011,0.082000,0
7,aclnnInplaceCopy_CastAiCore_Cast,N/A,N/A,1790932582890065.588	,706.234,0.000000,0
7,aclnnPowTensorScalar_PowsAiCore_Pows,N/A,N/A,1790932582890771.862	,1028.400,0.016000,0
7,aclnnMean_ReduceMeanAiCore_ReduceMean,N/A,N/A,1790932582891801.322	,579.312,1.100000,0
7,aclnnAdds_AddAiCore_Add,N/A,N/A,1790932582892381.714	,12.020,1.188000,0
7,aclnnRsqrt_RsqrtAiCore_Rsqrt,N/A,N/A,1790932582892393.754	,9.921,0.000000,0
7,aclnnMul_MulAiCore_Mul,N/A,N/A,1790932582892403.695	,835.236,0.079000,0
7,aclnnInplaceCopy_CastAiCore_Cast,N/A,N/A,1790932582893238.951	,875.818,0.014000,0
7,aclnnMul_MulAiCore_Mul,N/A,N/A,1790932582894114.789	,438.268,0.000000,0
7,aclnnInplaceCopy_SliceAiCore_Slice,N/A,N/A,1790932582894553.077	,119.803,0.000000,0
7,aclnnInplaceCopy_CastAiCore_Cast,N/A,N/A,1790932582894672.920	,72.541,0.197000,0
7,aclnnPowTensorScalar_PowsAiCore_Pows,N/A,N/A,1790932582894745.481	,131.443,0.000000,0
7,aclnnMean_ReduceMeanAiCore_ReduceMean,N/A,N/A,1790932582894878.184	,90.242,1.307000,0
7,aclnnAdds_AddAiCore_Add,N/A,N/A,1790932582894969.366	,7.760,0.758000,0
7,aclnnRsqrt_RsqrtAiCore_Rsqrt,N/A,N/A,1790932582894977.146	,8.800,0.240000,0
7,aclnnMul_MulAiCore_Mul,N/A,N/A,1790932582894985.966	,110.582,0.000000,0
7,aclnnInplaceCopy_CastAiCore_Cast,N/A,N/A,1790932582895096.568	,63.282,0.000000,0
7,aclnnMul_MulAiCore_Mul,N/A,N/A,1790932582895159.870	,62.281,0.000000,0
7,aclnnMul_TransposeAiCore_Transpose,N/A,N/A,1790932582895222.171	,921.178,0.219000,0
7,aclnnMul_MulAiCore_Mul,N/A,N/A,1790932582896143.369	,457.929,0.000000,0
7,aclnnNeg_AsStridedAiCore_AsStrided,N/A,N/A,1790932582896601.318	,404.068,0.071000,0
7,aclnnNeg_NegAiCore_Neg,N/A,N/A,1790932582897005.406	,205.625,0.182000,0
7,aclnnCat_AsStridedAiCore_AsStrided,N/A,N/A,1790932582897211.051	,443.468,0.000000,0
7,aclnnCat_ConcatD_ConcatD,N/A,N/A,1790932582897654.539	,466.410,0.032000,0
7,aclnnMul_MulAiCore_Mul,N/A,N/A,1790932582898120.969	,433.968,0.090000,0
7,aclnnAdd_AddAiCore_Add,N/A,N/A,1790932582898554.977	,812.317,0.032000,0
7,aclnnMul_TransposeAiCore_Transpose,N/A,N/A,1790932582899367.314	,128.422,0.000000,0
7,aclnnMul_MulAiCore_Mul,N/A,N/A,1790932582899495.756	,56.741,0.078000,0
7,aclnnNeg_AsStridedAiCore_AsStrided,N/A,N/A,1790932582899552.517	,122.343,0.009000,0
7,aclnnNeg_NegAiCore_Neg,N/A,N/A,1790932582899674.880	,30.040,0.157000,0
7,aclnnCat_AsStridedAiCore_AsStrided,N/A,N/A,1790932582899704.940	,46.541,0.000000,0
7,aclnnCat_ConcatD_ConcatD,N/A,N/A,1790932582899751.521	,41.261,0.000000,0
7,aclnnMul_MulAiCore_Mul,N/A,N/A,1790932582899792.802	,60.281,0.000000,0
7,aclnnAdd_AddAiCore_Add,N/A,N/A,1790932582899853.103	,163.444,0.000000,0
7,aclnnInplaceCopy_AsStridedAiCore_AsStrided,N/A,N/A,1790932582900016.567	,148.183,0.056000,0
7,InnerPromptFlashAttention_PromptFlashAttention_PromptFlashAttention,N/A,N/A,1790932582900165.970	,7388.287,1.317000,0
7,aclnnInplaceCopy_TransposeAiCore_Transpose,N/A,N/A,1790932582907555.277	,1256.765,0.963000,0
7,aclnnMatmul_MatMulV3Common_MatMulV3,N/A,N/A,1790932582908812.062	,2883.998,0.000000,0
7,aclnnAdd_AddAiCore_Add,N/A,N/A,1790932582911696.080	,506.510,0.002000,0
7,aclnnInplaceCopy_CastAiCore_Cast,N/A,N/A,1790932582912202.610	,413.828,0.000000,0
7,aclnnPowTensorScalar_PowsAiCore_Pows,N/A,N/A,1790932582912616.458	,656.753,0.172000,0
7,aclnnMean_ReduceMeanAiCore_ReduceMean,N/A,N/A,1790932582913274.211	,431.249,0.997000,0
7,aclnnAdds_AddAiCore_Add,N/A,N/A,1790932582913706.100	,5.760,0.501000,0
7,aclnnRsqrt_RsqrtAiCore_Rsqrt,N/A,N/A,1790932582913711.880	,7.040,0.240000,0
7,aclnnMul_MulAiCore_Mul,N/A,N/A,1790932582913718.940	,456.850,0.000000,0
7,aclnnInplaceCopy_CastAiCore_Cast,N/A,N/A,1790932582914175.810	,596.031,0.000000,0
7,aclnnMul_MulAiCore_Mul,N/A,N/A,1790932582914771.881	,259.426,0.219000,0
7,aclnnMatmul_MatMulV3Common_MatMulV3,N/A,N/A,1790932582915031.327	,12602.431,0.000000,0
7,aclnnSilu_SliceAiCore_Slice,N/A,N/A,1790932582927633.778	,1198.224,0.069000,0
7,aclnnSilu_SiluAiCore_Swish,N/A,N/A,1790932582928832.022	,1260.066,0.026000,0
7,aclnnMul_SliceAiCore_Slice,N/A,N/A,1790932582930092.108	,1192.743,0.000000,0
7,aclnnMul_MulAiCore_Mul,N/A,N/A,1790932582931284.871	,1911.359,0.007000,0
7,aclnnMatmul_MatMulV3Common_MatMulV3,N/A,N/A,1790932582933196.250	,6686.493,0.141000,0
7,aclnnAdd_AddAiCore_Add,N/A,N/A,1790932582939882.763	,490.090,0.007000,0
7,aclnnInplaceCopy_CastAiCore_Cast,N/A,N/A,1790932582940372.893	,411.328,0.160000,0
7,aclnnPowTensorScalar_PowsAiCore_Pows,N/A,N/A,1790932582940784.241	,657.293,0.000000,0
7,aclnnMean_ReduceMeanAiCore_ReduceMean,N/A,N/A,1790932582941442.674	,430.189,1.207000,0
7,aclnnAdds_AddAiCore_Add,N/A,N/A,1790932582941873.943	,5.900,1.061000,0
7,aclnnRsqrt_RsqrtAiCore_Rsqrt,N/A,N/A,1790932582941879.863	,7.180,0.000000,0
7,aclnnMul_MulAiCore_Mul,N/A,N/A,1790932582941887.083	,454.209,0.070000,0
7,aclnnInplaceCopy_CastAiCore_Cast,N/A,N/A,1790932582942341.312	,597.252,0.041000,0
7,aclnnMul_MulAiCore_Mul,N/A,N/A,1790932582942938.584	,266.826,0.000000,0
7,aclnnMatmul_MatMulV3Common_MatMulV3,N/A,N/A,1790932582943205.430	,3974.279,0.174000,0
7,aclnnInplaceCopy_SliceAiCore_Slice,N/A,N/A,1790932582947179.729	,522.030,0.000000,0
7,aclnnInplaceCopy_CastAiCore_Cast,N/A,N/A,1790932582947701.779	,703.214,0.000000,0
7,aclnnPowTensorScalar_PowsAiCore_Pows,N/A,N/A,1790932582948405.033	,1033.401,0.036000,0
7,aclnnMean_ReduceMeanAiCore_ReduceMean,N/A,N/A,1790932582949439.774	,574.992,1.349000,0
7,aclnnAdds_AddAiCore_Add,N/A,N/A,1790932582950015.846	,10.720,1.008000,0
7,aclnnRsqrt_RsqrtAiCore_Rsqrt,N/A,N/A,1790932582950026.586	,10.160,0.030000,0
7,aclnnMul_MulAiCore_Mul,N/A,N/A,1790932582950036.766	,833.057,0.090000,0
7,aclnnInplaceCopy_CastAiCore_Cast,N/A,N/A,1790932582950869.843	,877.397,0.000000,0
7,aclnnMul_MulAiCore_Mul,N/A,N/A,1790932582951747.260	,440.329,0.103000,0
7,aclnnInplaceCopy_SliceAiCore_Slice,N/A,N/A,1790932582952187.609	,118.922,0.000000,0
7,aclnnInplaceCopy_CastAiCore_Cast,N/A,N/A,1790932582952306.551	,73.682,0.078000,0
7,aclnnPowTensorScalar_PowsAiCore_Pows,N/A,N/A,1790932582952380.253	,135.303,0.068000,0
7,aclnnMean_ReduceMeanAiCore_ReduceMean,N/A,N/A,1790932582952516.636	,89.081,1.197000,0
7,aclnnAdds_AddAiCore_Add,N/A,N/A,1790932582952606.697	,7.701,0.919000,0
7,aclnnRsqrt_RsqrtAiCore_Rsqrt,N/A,N/A,1790932582952614.418	,8.700,0.049000,0
7,aclnnMul_MulAiCore_Mul,N/A,N/A,1790932582952623.138	,112.362,0.050000,0
7,aclnnInplaceCopy_CastAiCore_Cast,N/A,N/A,1790932582952735.540	,62.101,0.000000,0
7,aclnnMul_MulAiCore_Mul,N/A,N/A,1790932582952797.661	,60.861,0.149000,0
7,aclnnMul_TransposeAiCore_Transpose,N/A,N/A,1790932582952858.562	,918.699,0.000000,0
7,aclnnMul_MulAiCore_Mul,N/A,N/A,1790932582953777.281	,457.969,0.051000,0
7,aclnnNeg_AsStridedAiCore_AsStrided,N/A,N/A,1790932582954235.270	,399.688,0.031000,0
7,aclnnNeg_NegAiCore_Neg,N/A,N/A,1790932582954634.998	,205.364,0.062000,0
7,aclnnCat_AsStridedAiCore_AsStrided,N/A,N/A,1790932582954840.382	,442.449,0.136000,0
7,aclnnCat_ConcatD_ConcatD,N/A,N/A,1790932582955282.851	,463.189,0.000000,0
7,aclnnMul_MulAiCore_Mul,N/A,N/A,1790932582955746.080	,432.589,0.061000,0
7,aclnnAdd_AddAiCore_Add,N/A,N/A,1790932582956178.689	,812.916,0.161000,0
7,aclnnMul_TransposeAiCore_Transpose,N/A,N/A,1790932582956991.625	,126.162,0.000000,0
7,aclnnMul_MulAiCore_Mul,N/A,N/A,1790932582957117.827	,55.782,0.088000,0
7,aclnnNeg_AsStridedAiCore_AsStrided,N/A,N/A,1790932582957173.629	,122.162,0.218000,0
7,aclnnNeg_NegAiCore_Neg,N/A,N/A,1790932582957295.811	,28.741,0.000000,0
7,aclnnCat_AsStridedAiCore_AsStrided,N/A,N/A,1790932582957324.572	,46.421,0.009000,0
7,aclnnCat_ConcatD_ConcatD,N/A,N/A,1790932582957371.013	,40.540,0.079000,0
7,aclnnMul_MulAiCore_Mul,N/A,N/A,1790932582957411.573	,62.122,0.000000,0
7,aclnnAdd_AddAiCore_Add,N/A,N/A,1790932582957473.715	,162.883,0.128000,0
7,aclnnInplaceCopy_AsStridedAiCore_AsStrided,N/A,N/A,1790932582957636.638	,146.003,0.117000,0
7,InnerPromptFlashAttention_PromptFlashAttention_PromptFlashAttention,N/A,N/A,1790932582957783.981	,7304.386,1.247000,0
7,aclnnInplaceCopy_TransposeAiCore_Transpose,N/A,N/A,1790932582965089.387	,1263.005,1.114000,0
7,aclnnMatmul_MatMulV3Common_MatMulV3,N/A,N/A,1790932582966352.432	,2872.397,0.000000,0
7,aclnnAdd_AddAiCore_Add,N/A,N/A,1790932582969224.849	,510.951,0.000000,0
7,aclnnInplaceCopy_CastAiCore_Cast,N/A,N/A,1790932582969735.820	,415.148,0.049000,0
7,aclnnPowTensorScalar_PowsAiCore_Pows,N/A,N/A,1790932582970150.988	,656.913,0.102000,0
7,aclnnMean_ReduceMeanAiCore_ReduceMean,N/A,N/A,1790932582970809.021	,429.209,1.087000,0
7,aclnnAdds_AddAiCore_Add,N/A,N/A,1790932582971239.110	,5.900,0.791000,0
7,aclnnRsqrt_RsqrtAiCore_Rsqrt,N/A,N/A,1790932582971245.030	,7.220,0.100000,0
7,aclnnMul_MulAiCore_Mul,N/A,N/A,1790932582971252.270	,458.389,0.030000,0
7,aclnnInplaceCopy_CastAiCore_Cast,N/A,N/A,1790932582971710.679	,595.812,0.111000,0
7,aclnnMul_MulAiCore_Mul,N/A,N/A,1790932582972306.531	,259.565,0.000000,0
7,aclnnMatmul_MatMulV3Common_MatMulV3,N/A,N/A,1790932582972566.116	,12580.392,0.000000,0
7,aclnnSilu_SliceAiCore_Slice,N/A,N/A,1790932582985146.548	,1198.423,0.108000,0
7,aclnnSilu_SiluAiCore_Swish,N/A,N/A,1790932582986345.011	,1246.505,0.077000,0
7,aclnnMul_SliceAiCore_Slice,N/A,N/A,1790932582987591.536	,1200.124,0.000000,0
7,aclnnMul_MulAiCore_Mul,N/A,N/A,1790932582988791.680	,1932.479,0.126000,0
7,aclnnMatmul_MatMulV3Common_MatMulV3,N/A,N/A,1790932582990724.179	,6672.333,0.021000,0
7,aclnnAdd_AddAiCore_Add,N/A,N/A,1790932582997396.532	,489.750,0.000000,0
7,aclnnInplaceCopy_CastAiCore_Cast,N/A,N/A,1790932582997886.302	,412.108,0.000000,0
7,aclnnPowTensorScalar_PowsAiCore_Pows,N/A,N/A,1790932582998298.430	,657.513,0.142000,0
7,aclnnMean_ReduceMeanAiCore_ReduceMean,N/A,N/A,1790932582998957.303	,430.589,1.237000,0
7,aclnnAdds_AddAiCore_Add,N/A,N/A,1790932582999389.132	,5.760,1.411000,0
7,aclnnRsqrt_RsqrtAiCore_Rsqrt,N/A,N/A,1790932582999394.912	,7.200,0.000000,0
7,aclnnMul_MulAiCore_Mul,N/A,N/A,1790932582999402.132	,454.489,0.050000,0
7,aclnnInplaceCopy_CastAiCore_Cast,N/A,N/A,1790932582999856.641	,597.952,0.011000,0
7,aclnnMul_MulAiCore_Mul,N/A,N/A,1790932583000454.613	,264.886,0.000000,0
7,aclnnMatmul_MatMulV3Common_MatMulV3,N/A,N/A,1790932583000719.519	,3956.999,0.114000,0
7,aclnnInplaceCopy_SliceAiCore_Slice,N/A,N/A,1790932583004676.538	,520.410,0.001000,0
7,aclnnInplaceCopy_CastAiCore_Cast,N/A,N/A,1790932583005196.988	,705.474,0.090000,0
7,aclnnPowTensorScalar_PowsAiCore_Pows,N/A,N/A,1790932583005902.502	,1030.661,0.026000,0
7,aclnnMean_ReduceMeanAiCore_ReduceMean,N/A,N/A,1790932583006934.263	,579.231,1.089000,0
7,aclnnAdds_AddAiCore_Add,N/A,N/A,1790932583007514.314	,10.401,0.769000,0
7,aclnnRsqrt_RsqrtAiCore_Rsqrt,N/A,N/A,1790932583007524.735	,9.820,0.099000,0
7,aclnnMul_MulAiCore_Mul,N/A,N/A,1790932583007534.575	,833.716,0.000000,0
7,aclnnInplaceCopy_CastAiCore_Cast,N/A,N/A,1790932583008368.311	,879.998,0.034000,0
7,aclnnMul_MulAiCore_Mul,N/A,N/A,1790932583009248.329	,437.809,0.002000,0
7,aclnnInplaceCopy_SliceAiCore_Slice,N/A,N/A,1790932583009686.158	,119.762,0.191000,0
7,aclnnInplaceCopy_CastAiCore_Cast,N/A,N/A,1790932583009805.960	,72.762,0.000000,0
7,aclnnPowTensorScalar_PowsAiCore_Pows,N/A,N/A,1790932583009878.742	,136.722,0.000000,0
7,aclnnMean_ReduceMeanAiCore_ReduceMean,N/A,N/A,1790932583010016.484	,90.802,1.028000,0
7,aclnnAdds_AddAiCore_Add,N/A,N/A,1790932583010108.426	,8.280,1.198000,0
7,aclnnRsqrt_RsqrtAiCore_Rsqrt,N/A,N/A,1790932583010116.746	,9.061,0.000000,0
7,aclnnMul_MulAiCore_Mul,N/A,N/A,1790932583010125.827	,110.022,0.000000,0
7,aclnnInplaceCopy_CastAiCore_Cast,N/A,N/A,1790932583010235.889	,64.661,0.228000,0
7,aclnnMul_MulAiCore_Mul,N/A,N/A,1790932583010300.570	,62.261,0.000000,0
7,aclnnMul_TransposeAiCore_Transpose,N/A,N/A,1790932583010362.871	,919.339,0.000000,0
7,aclnnMul_MulAiCore_Mul,N/A,N/A,1790932583011282.250	,457.629,0.161000,0
7,aclnnNeg_AsStridedAiCore_AsStrided,N/A,N/A,1790932583011739.919	,399.448,0.121000,0
7,aclnnNeg_NegAiCore_Neg,N/A,N/A,1790932583012139.387	,201.804,0.052000,0
7,aclnnCat_AsStridedAiCore_AsStrided,N/A,N/A,1790932583012341.231	,442.409,0.000000,0
7,aclnnCat_ConcatD_ConcatD,N/A,N/A,1790932583012783.680	,463.769,0.091000,0
7,aclnnMul_MulAiCore_Mul,N/A,N/A,1790932583013247.469	,433.289,0.000000,0
7,aclnnAdd_AddAiCore_Add,N/A,N/A,1790932583013680.778	,813.176,0.000000,0
7,aclnnMul_TransposeAiCore_Transpose,N/A,N/A,1790932583014493.974	,127.322,0.074000,0
7,aclnnMul_MulAiCore_Mul,N/A,N/A,1790932583014621.316	,56.622,0.000000,0
7,aclnnNeg_AsStridedAiCore_AsStrided,N/A,N/A,1790932583014677.978	,120.322,0.128000,0
7,aclnnNeg_NegAiCore_Neg,N/A,N/A,1790932583014798.320	,29.421,0.000000,0
7,aclnnCat_AsStridedAiCore_AsStrided,N/A,N/A,1790932583014827.761	,48.241,0.079000,0
7,aclnnCat_ConcatD_ConcatD,N/A,N/A,1790932583014876.022	,41.340,0.009000,0
7,aclnnMul_MulAiCore_Mul,N/A,N/A,1790932583014917.382	,59.942,0.160000,0
7,aclnnAdd_AddAiCore_Add,N/A,N/A,1790932583014977.364	,163.483,0.000000,0
7,aclnnInplaceCopy_AsStridedAiCore_AsStrided,N/A,N/A,1790932583015140.867	,145.683,0.017000,0
7,InnerPromptFlashAttention_PromptFlashAttention_PromptFlashAttention,N/A,N/A,1790932583015287.610	,7345.366,1.067000,0
7,aclnnInplaceCopy_TransposeAiCore_Transpose,N/A,N/A,1790932583022633.637	,1255.405,0.884000,0
7,aclnnMatmul_MatMulV3Common_MatMulV3,N/A,N/A,1790932583023889.062	,2892.537,0.000000,0
7,aclnnAdd_AddAiCore_Add,N/A,N/A,1790932583026781.619	,507.391,0.000000,0
7,aclnnInplaceCopy_CastAiCore_Cast,N/A,N/A,1790932583027289.030	,412.428,0.109000,0
7,aclnnPowTensorScalar_PowsAiCore_Pows,N/A,N/A,1790932583027701.478	,655.953,0.072000,0
7,aclnnMean_ReduceMeanAiCore_ReduceMean,N/A,N/A,1790932583028358.451	,429.608,1.047000,0
7,aclnnAdds_AddAiCore_Add,N/A,N/A,1790932583028788.999	,5.921,0.892000,0
7,aclnnRsqrt_RsqrtAiCore_Rsqrt,N/A,N/A,1790932583028794.940	,7.220,0.079000,0
7,aclnnMul_MulAiCore_Mul,N/A,N/A,1790932583028802.200	,452.909,0.030000,0
7,aclnnInplaceCopy_CastAiCore_Cast,N/A,N/A,1790932583029255.129	,597.952,0.091000,0
7,aclnnMul_MulAiCore_Mul,N/A,N/A,1790932583029853.101	,263.545,0.000000,0
7,aclnnMatmul_MatMulV3Common_MatMulV3,N/A,N/A,1790932583030116.666	,12580.131,0.205000,0
7,aclnnSilu_SliceAiCore_Slice,N/A,N/A,1790932583042696.817	,1199.584,0.000000,0
7,aclnnSilu_SiluAiCore_Swish,N/A,N/A,1790932583043896.421	,1266.906,0.166000,0
7,aclnnMul_SliceAiCore_Slice,N/A,N/A,1790932583045163.347	,1190.383,0.000000,0
7,aclnnMul_MulAiCore_Mul,N/A,N/A,1790932583046353.750	,1913.599,0.117000,0
7,aclnnMatmul_MatMulV3Common_MatMulV3,N/A,N/A,1790932583048267.389	,6686.633,0.151000,0
7,aclnnAdd_AddAiCore_Add,N/A,N/A,1790932583054954.042	,490.650,0.000000,0
7,aclnnInplaceCopy_CastAiCore_Cast,N/A,N/A,1790932583055444.712	,412.508,0.100000,0
7,aclnnPowTensorScalar_PowsAiCore_Pows,N/A,N/A,1790932583055857.260	,658.593,0.000000,0
7,aclnnMean_ReduceMeanAiCore_ReduceMean,N/A,N/A,1790932583056516.813	,429.969,0.907000,0
7,aclnnAdds_AddAiCore_Add,N/A,N/A,1790932583056947.782	,5.740,1.031000,0
7,aclnnRsqrt_RsqrtAiCore_Rsqrt,N/A,N/A,1790932583056953.542	,7.020,0.010000,0
7,aclnnMul_MulAiCore_Mul,N/A,N/A,1790932583056960.602	,451.789,0.000000,0
7,aclnnInplaceCopy_CastAiCore_Cast,N/A,N/A,1790932583057412.411	,596.252,0.211000,0
7,aclnnMul_MulAiCore_Mul,N/A,N/A,1790932583058008.683	,262.966,0.000000,0
7,aclnnAddmm_MatMulV3Common_MatMulV3,N/A,N/A,1790932583058272.029	,1747.014,0.284000,0
7,aclnnLinalgVectorNorm_LpNormV2_LpNormV2,N/A,N/A,1790932583060020.403	,225.645,1.486000,0
7,aclnnDiv_RealDivAiCore_RealDiv,N/A,N/A,1790932583060247.168	,436.129,1.105000,0
7,aclnnMul_CastAiCore_Cast,N/A,N/A,1790932583060683.317	,14.980,0.000000,0
7,aclnnMul_MulAiCore_Mul,N/A,N/A,1790932583060698.317	,203.424,0.020000,0
