OCR API ready worker_pid=4178; preparing table crops in RAM
Frozen ALL cohort: 665 tables (121 LaTeX, 544 non-LaTeX)
Scheduled 1000 Poisson arrivals at 6 QPS; request limit=1000; last scheduled arrival at 173.512s; HTTP endpoint=http://127.0.0.1:8767/v1/ocr
Writing each completion to tmp/19_table_ocr_serving/step3_b8qps6_0976fa33_20260911_cached/b8/qps6/measured/results.jsonl
[   0.025s] SEND #00001 table=page_001375_table_1 lag=   1.2ms active=1
[   0.339s] SEND #00002 table=page_000256_table_box_id_1 lag=   1.3ms active=2
[   0.536s] RECV #00002 table=page_000256_table_box_id_1 request= 0.198s scheduled= 0.199s status=ok active=1
[   0.579s] SEND #00003 table=page_000918_table_6 lag=   0.9ms active=2
[   0.628s] SEND #00004 table=page_001130_table_1 lag=   0.7ms active=3
[   0.742s] SEND #00005 table=page_000758_table_21 lag=   0.5ms active=4
[   0.795s] RECV #00003 table=page_000918_table_6 request= 0.217s scheduled= 0.218s status=ok active=3
[   0.820s] RECV #00004 table=page_001130_table_1 request= 0.193s scheduled= 0.193s status=ok active=2
[   0.831s] RECV #00005 table=page_000758_table_21 request= 0.090s scheduled= 0.090s status=ok active=1
[   0.841s] SEND #00006 table=page_001202_table_3 lag=   1.0ms active=2
[   1.018s] SEND #00007 table=page_000636_table_5 lag=   2.3ms active=3
[   1.176s] RECV #00007 table=page_000636_table_5 request= 0.157s scheduled= 0.160s status=ok active=2
[   1.276s] SEND #00008 table=page_000254_table_box_id_4 lag=   0.3ms active=3
[   1.292s] SEND #00009 table=page_000178_table_box_id_1 lag=   0.2ms active=4
[   1.297s] SEND #00010 table=page_000220_table_box_id_7 lag=   0.7ms active=5
[   1.598s] SEND #00011 table=page_000505_table_1 lag=   0.9ms active=6
[   1.693s] SEND #00012 table=page_000418_table_3 lag=   1.0ms active=7
[   1.933s] SEND #00013 table=page_000266_table_box_id_7 lag=   1.8ms active=8
[   1.934s] SEND #00014 table=page_001375_table_4 lag=   2.0ms active=9
[   1.962s] RECV #00001 table=page_001375_table_1 request= 1.937s scheduled= 1.938s status=ok active=8
[   2.031s] SEND #00015 table=page_001158_table_3 lag=   0.7ms active=9
[   2.191s] RECV #00013 table=page_000266_table_box_id_7 request= 0.258s scheduled= 0.260s status=ok active=8
[   2.245s] SEND #00016 table=page_000930_table_7 lag=   1.5ms active=9
[   2.287s] SEND #00017 table=page_001198_table_8 lag=   0.5ms active=10
[   2.473s] RECV #00006 table=page_001202_table_3 request= 1.631s scheduled= 1.632s status=ok active=9
[   2.615s] RECV #00016 table=page_000930_table_7 request= 0.370s scheduled= 0.372s status=ok active=8
[   2.688s] RECV #00015 table=page_001158_table_3 request= 0.657s scheduled= 0.658s status=ok active=7
[   2.693s] RECV #00012 table=page_000418_table_3 request= 1.000s scheduled= 1.001s status=ok active=6
[   2.702s] RECV #00008 table=page_000254_table_box_id_4 request= 1.427s scheduled= 1.427s status=ok active=5
[   2.736s] RECV #00010 table=page_000220_table_box_id_7 request= 1.439s scheduled= 1.440s status=ok active=4
[   2.771s] SEND #00018 table=page_000434_table_15 lag=   0.4ms active=5
[   3.158s] SEND #00019 table=page_000534_table_4 lag=   1.4ms active=6
[   3.163s] RECV #00011 table=page_000505_table_1 request= 1.564s scheduled= 1.565s status=ok active=5
[   3.163s] SEND #00020 table=page_001161_table_3 lag=   1.0ms active=6
[   3.167s] SEND #00021 table=page_000566_table_3 lag=   0.6ms active=7
[   3.224s] RECV #00017 table=page_001198_table_8 request= 0.937s scheduled= 0.937s status=ok active=6
[   3.258s] RECV #00009 table=page_000178_table_box_id_1 request= 1.966s scheduled= 1.967s status=ok active=5
[   3.297s] SEND #00022 table=page_001200_table_2 lag=   0.9ms active=6
[   3.638s] RECV #00018 table=page_000434_table_15 request= 0.867s scheduled= 0.867s status=ok active=5
[   3.763s] SEND #00023 table=page_000246_table_box_id_6 lag=   0.5ms active=6
[   3.843s] SEND #00024 table=page_001193_table_4 lag=   0.2ms active=7
[   3.884s] SEND #00025 table=page_001270_table_box_id_1 lag=   0.3ms active=8
[   3.976s] SEND #00026 table=page_000592_table_3 lag=   1.1ms active=9
[   3.980s] SEND #00027 table=page_000494_table_7 lag=   0.2ms active=10
[   4.023s] SEND #00028 table=page_000535_table_1 lag=   1.1ms active=11
[   4.066s] RECV #00023 table=page_000246_table_box_id_6 request= 0.303s scheduled= 0.303s status=ok active=10
[   4.119s] SEND #00029 table=page_001186_table_5 lag=   1.9ms active=11
[   4.232s] SEND #00030 table=page_001375_table_31 lag=   0.4ms active=12
[   4.277s] SEND #00031 table=page_000218_table_box_id_4 lag=   0.9ms active=13
[   4.320s] SEND #00032 table=page_001368_table_box_id_278 lag=   0.4ms active=14
[   4.327s] RECV #00019 table=page_000534_table_4 request= 1.169s scheduled= 1.170s status=ok active=13
[   4.362s] SEND #00033 table=page_001180_table_15 lag=   1.0ms active=14
[   4.465s] SEND #00034 table=page_000266_table_box_id_9 lag=   1.1ms active=15
[   4.517s] RECV #00024 table=page_001193_table_4 request= 0.674s scheduled= 0.674s status=ok active=14
[   4.521s] SEND #00035 table=page_000762_table_5 lag=   0.3ms active=15
[   4.524s] SEND #00036 table=page_000499_table_0 lag=   0.3ms active=16
[   4.686s] RECV #00021 table=page_000566_table_3 request= 1.519s scheduled= 1.519s status=ok active=15
[   4.792s] RECV #00020 table=page_001161_table_3 request= 1.629s scheduled= 1.630s status=ok active=14
[   4.827s] RECV #00029 table=page_001186_table_5 request= 0.707s scheduled= 0.709s status=ok active=13
[   4.828s] SEND #00037 table=page_000642_table_8 lag=   1.0ms active=14
[   4.946s] RECV #00027 table=page_000494_table_7 request= 0.966s scheduled= 0.966s status=ok active=13
[   4.964s] SEND #00038 table=page_000659_table_5 lag=   1.1ms active=14
[   4.976s] RECV #00030 table=page_001375_table_31 request= 0.744s scheduled= 0.745s status=ok active=13
[   5.028s] RECV #00014 table=page_001375_table_4 request= 3.094s scheduled= 3.096s status=ok active=12
[   5.111s] RECV #00032 table=page_001368_table_box_id_278 request= 0.791s scheduled= 0.791s status=ok active=11
[   5.134s] SEND #00039 table=page_001128_table_2 lag=   0.2ms active=12
[   5.169s] SEND #00040 table=page_001176_table_4 lag=   0.8ms active=13
[   5.212s] RECV #00035 table=page_000762_table_5 request= 0.691s scheduled= 0.692s status=ok active=12
[   5.365s] RECV #00034 table=page_000266_table_box_id_9 request= 0.900s scheduled= 0.901s status=ok active=11
[   5.462s] RECV #00028 table=page_000535_table_1 request= 1.439s scheduled= 1.440s status=ok active=10
[   5.499s] RECV #00033 table=page_001180_table_15 request= 1.137s scheduled= 1.138s status=ok active=9
[   5.581s] RECV #00038 table=page_000659_table_5 request= 0.618s scheduled= 0.619s status=ok active=8
[   5.976s] RECV #00036 table=page_000499_table_0 request= 1.452s scheduled= 1.452s status=ok active=7
[   5.985s] SEND #00041 table=page_001154_table_10 lag=   0.2ms active=8
[   6.008s] RECV #00031 table=page_000218_table_box_id_4 request= 1.731s scheduled= 1.732s status=ok active=7
[   6.033s] RECV #00022 table=page_001200_table_2 request= 2.735s scheduled= 2.736s status=ok active=6
[   6.194s] RECV #00025 table=page_001270_table_box_id_1 request= 2.310s scheduled= 2.310s status=ok active=5
[   6.293s] RECV #00026 table=page_000592_table_3 request= 2.317s scheduled= 2.318s status=ok active=4
[   6.312s] SEND #00042 table=page_000467_table_17 lag=   0.3ms active=5
[   6.334s] SEND #00043 table=page_000647_table_3 lag=   0.5ms active=6
[   6.403s] SEND #00044 table=page_001493_table_box_id_13 lag=   1.7ms active=7
[   6.501s] RECV #00043 table=page_000647_table_3 request= 0.167s scheduled= 0.167s status=ok active=6
[   6.615s] SEND #00045 table=page_000605_table_3 lag=   1.1ms active=7
[   6.682s] RECV #00045 table=page_000605_table_3 request= 0.067s scheduled= 0.068s status=ok active=6
[   6.730s] RECV #00041 table=page_001154_table_10 request= 0.745s scheduled= 0.745s status=ok active=5
[   6.732s] RECV #00039 table=page_001128_table_2 request= 1.598s scheduled= 1.598s status=ok active=4
[   6.821s] SEND #00046 table=page_001117_table_box_id_17 lag=   0.3ms active=5
[   6.875s] RECV #00037 table=page_000642_table_8 request= 2.047s scheduled= 2.048s status=ok active=4
[   6.887s] RECV #00044 table=page_001493_table_box_id_13 request= 0.484s scheduled= 0.486s status=ok active=3
[   6.894s] RECV #00040 table=page_001176_table_4 request= 1.725s scheduled= 1.725s status=ok active=2
[   6.953s] RECV #00046 table=page_001117_table_box_id_17 request= 0.132s scheduled= 0.132s status=ok active=1
[   7.281s] SEND #00047 table=page_000509_table_0 lag=   0.6ms active=2
[   7.372s] SEND #00048 table=page_000565_table_1 lag=   0.2ms active=3
[   7.668s] SEND #00049 table=page_000841_table_22 lag=   0.9ms active=4
[   7.750s] RECV #00049 table=page_000841_table_22 request= 0.082s scheduled= 0.083s status=ok active=3
[   7.825s] RECV #00042 table=page_000467_table_17 request= 1.513s scheduled= 1.513s status=ok active=2
[   7.853s] SEND #00050 table=page_000922_table_12 lag=   0.5ms active=3
[   7.914s] SEND #00051 table=page_001169_table_11 lag=   1.2ms active=4
[   8.061s] SEND #00052 table=page_000287_table_box_id_8 lag=   0.7ms active=5
[   8.126s] RECV #00048 table=page_000565_table_1 request= 0.754s scheduled= 0.754s status=ok active=4
[   8.280s] RECV #00051 table=page_001169_table_11 request= 0.366s scheduled= 0.367s status=ok active=3
[   8.417s] SEND #00053 table=page_000246_table_box_id_6 lag=   0.3ms active=4
[   8.483s] RECV #00050 table=page_000922_table_12 request= 0.630s scheduled= 0.631s status=ok active=3
[   8.564s] RECV #00053 table=page_000246_table_box_id_6 request= 0.147s scheduled= 0.147s status=ok active=2
[   8.730s] SEND #00054 table=page_000737_table_6 lag=   1.0ms active=3
[   8.847s] SEND #00055 table=page_000250_table_box-stnne6dt lag=   0.5ms active=4
[   8.873s] RECV #00047 table=page_000509_table_0 request= 1.592s scheduled= 1.592s status=ok active=3
[   8.995s] SEND #00056 table=page_000647_table_6 lag=   0.4ms active=4
[   9.000s] SEND #00057 table=page_000652_table_2 lag=   0.1ms active=5
[   9.047s] SEND #00058 table=page_001367_table_70 lag=   0.5ms active=6
[   9.247s] RECV #00056 table=page_000647_table_6 request= 0.252s scheduled= 0.253s status=ok active=5
[   9.251s] RECV #00054 table=page_000737_table_6 request= 0.521s scheduled= 0.522s status=ok active=4
[   9.314s] SEND #00059 table=page_001368_table_box_id_163 lag=   0.9ms active=5
[   9.376s] RECV #00059 table=page_001368_table_box_id_163 request= 0.062s scheduled= 0.063s status=ok active=4
[   9.403s] SEND #00060 table=page_000468_table_1 lag=   1.4ms active=5
[   9.434s] SEND #00061 table=page_000838_table_4 lag=   0.4ms active=6
[   9.534s] RECV #00061 table=page_000838_table_4 request= 0.101s scheduled= 0.101s status=ok active=5
[   9.567s] SEND #00062 table=page_000665_table_3 lag=   0.7ms active=6
[   9.615s] RECV #00062 table=page_000665_table_3 request= 0.049s scheduled= 0.049s status=ok active=5
[   9.618s] RECV #00060 table=page_000468_table_1 request= 0.215s scheduled= 0.217s status=ok active=4
[   9.642s] RECV #00058 table=page_001367_table_70 request= 0.595s scheduled= 0.595s status=ok active=3
[   9.656s] RECV #00057 table=page_000652_table_2 request= 0.656s scheduled= 0.656s status=ok active=2
[   9.770s] SEND #00063 table=page_001595_table_box_id_14 lag=   1.2ms active=3
[   9.957s] SEND #00064 table=page_000818_table_1 lag=   1.2ms active=4
[  10.034s] SEND #00065 table=page_000937_table_0 lag=   0.7ms active=5
[  10.130s] SEND #00066 table=page_000222_table_box_id_1 lag=   0.3ms active=6
[  10.213s] RECV #00064 table=page_000818_table_1 request= 0.256s scheduled= 0.257s status=ok active=5
[  10.250s] SEND #00067 table=page_000744_table_11 lag=   2.0ms active=6
[  10.468s] RECV #00067 table=page_000744_table_11 request= 0.218s scheduled= 0.220s status=ok active=5
[  10.501s] SEND #00068 table=page_000284_table_box_id_0 lag=   0.9ms active=6
[  10.623s] SEND #00069 table=page_000266_table_box_id_1 lag=   1.1ms active=7
[  10.647s] RECV #00065 table=page_000937_table_0 request= 0.612s scheduled= 0.613s status=ok active=6
[  10.707s] SEND #00070 table=page_001368_table_box_id_271 lag=   1.8ms active=7
[  10.818s] SEND #00071 table=page_000467_table_17 lag=   0.4ms active=8
[  10.824s] SEND #00072 table=page_000737_table_0 lag=   1.0ms active=9
[  10.831s] SEND #00073 table=page_000526_table_7 lag=   0.4ms active=10
[  10.841s] RECV #00063 table=page_001595_table_box_id_14 request= 1.071s scheduled= 1.073s status=ok active=9
[  10.901s] RECV #00066 table=page_000222_table_box_id_1 request= 0.771s scheduled= 0.771s status=ok active=8
[  11.034s] SEND #00074 table=page_001011_table_30 lag=   1.0ms active=9
[  11.122s] RECV #00070 table=page_001368_table_box_id_271 request= 0.414s scheduled= 0.416s status=ok active=8
[  11.247s] RECV #00055 table=page_000250_table_box-stnne6dt request= 2.401s scheduled= 2.401s status=ok active=7
[  11.259s] RECV #00069 table=page_000266_table_box_id_1 request= 0.636s scheduled= 0.637s status=ok active=6
[  11.361s] RECV #00073 table=page_000526_table_7 request= 0.531s scheduled= 0.531s status=ok active=5
[  11.564s] RECV #00072 table=page_000737_table_0 request= 0.740s scheduled= 0.741s status=ok active=4
[  11.714s] SEND #00075 table=page_000246_table_box_id_11 lag=   0.7ms active=5
[  11.864s] SEND #00076 table=page_000676_table_2 lag=   0.5ms active=6
[  11.947s] SEND #00077 table=page_001368_table_box_id_268 lag=   0.3ms active=7
[  11.979s] SEND #00078 table=page_000190_table_box_id_0 lag=   0.8ms active=8
[  12.003s] RECV #00075 table=page_000246_table_box_id_11 request= 0.289s scheduled= 0.290s status=ok active=7
[  12.095s] SEND #00079 table=page_001368_table_box_id_227 lag=   0.5ms active=8
[  12.242s] RECV #00077 table=page_001368_table_box_id_268 request= 0.294s scheduled= 0.295s status=ok active=7
[  12.361s] RECV #00078 table=page_000190_table_box_id_0 request= 0.382s scheduled= 0.383s status=ok active=6
[  12.385s] RECV #00074 table=page_001011_table_30 request= 1.351s scheduled= 1.352s status=ok active=5
[  12.404s] RECV #00052 table=page_000287_table_box_id_8 request= 4.343s scheduled= 4.344s status=ok active=4
[  12.508s] RECV #00071 table=page_000467_table_17 request= 1.690s scheduled= 1.690s status=ok active=3
[  12.758s] RECV #00079 table=page_001368_table_box_id_227 request= 0.663s scheduled= 0.664s status=ok active=2
[  12.765s] SEND #00080 table=page_001134_table_9 lag=   0.9ms active=3
[  13.010s] SEND #00081 table=page_000591_table_3 lag=   0.6ms active=4
[  13.140s] SEND #00082 table=page_000210_table_box_id_4 lag=   1.2ms active=5
[  13.401s] RECV #00076 table=page_000676_table_2 request= 1.537s scheduled= 1.537s status=ok active=4
[  13.427s] RECV #00082 table=page_000210_table_box_id_4 request= 0.286s scheduled= 0.287s status=ok active=3
[  13.468s] SEND #00083 table=page_000649_table_8 lag=   1.0ms active=4
[  13.512s] SEND #00084 table=page_000289_table_box_id_4 lag=   0.7ms active=5
[  13.515s] RECV #00081 table=page_000591_table_3 request= 0.504s scheduled= 0.505s status=ok active=4
[  13.632s] SEND #00085 table=page_001190_table_8 lag=   0.7ms active=5
[  13.895s] RECV #00083 table=page_000649_table_8 request= 0.427s scheduled= 0.428s status=ok active=4
[  14.032s] RECV #00068 table=page_000284_table_box_id_0 request= 3.532s scheduled= 3.533s status=ok active=3
[  14.139s] SEND #00086 table=page_000211_table_box_id_3 lag=   0.3ms active=4
[  14.157s] RECV #00080 table=page_001134_table_9 request= 1.391s scheduled= 1.392s status=ok active=3
[  14.283s] SEND #00087 table=page_001182_table_3 lag=   0.6ms active=4
[  14.386s] SEND #00088 table=page_000242_table_box-mhg591pb lag=   0.9ms active=5
[  14.438s] SEND #00089 table=page_001274_table_4 lag=   0.3ms active=6
[  14.571s] SEND #00090 table=page_001177_table_2 lag=   1.2ms active=7
[  14.856s] RECV #00085 table=page_001190_table_8 request= 1.224s scheduled= 1.225s status=ok active=6
[  15.065s] RECV #00088 table=page_000242_table_box-mhg591pb request= 0.679s scheduled= 0.680s status=ok active=5
[  15.095s] SEND #00091 table=page_001202_table_3 lag=   0.6ms active=6
[  15.096s] SEND #00092 table=page_001158_table_3 lag=   0.2ms active=7
[  15.138s] RECV #00086 table=page_000211_table_box_id_3 request= 0.998s scheduled= 0.998s status=ok active=6
[  15.146s] RECV #00087 table=page_001182_table_3 request= 0.862s scheduled= 0.863s status=ok active=5
[  15.352s] SEND #00093 table=page_000641_table_8 lag=   1.3ms active=6
[  15.461s] RECV #00090 table=page_001177_table_2 request= 0.890s scheduled= 0.891s status=ok active=5
[  15.536s] RECV #00093 table=page_000641_table_8 request= 0.184s scheduled= 0.185s status=ok active=4
[  15.628s] RECV #00092 table=page_001158_table_3 request= 0.532s scheduled= 0.532s status=ok active=3
[  15.638s] SEND #00094 table=page_000657_table_6 lag=   1.3ms active=4
[  15.688s] RECV #00094 table=page_000657_table_6 request= 0.050s scheduled= 0.051s status=ok active=3
[  16.001s] SEND #00095 table=page_000626_table_box_id_4 lag=   1.3ms active=4
[  16.225s] SEND #00096 table=page_000829_table_4 lag=   0.4ms active=5
[  16.353s] RECV #00091 table=page_001202_table_3 request= 1.258s scheduled= 1.258s status=ok active=4
[  16.458s] RECV #00096 table=page_000829_table_4 request= 0.234s scheduled= 0.234s status=ok active=3
[  16.501s] SEND #00097 table=page_000468_table_11 lag=   0.5ms active=4
[  16.622s] SEND #00098 table=page_000434_table_16 lag=   0.4ms active=5
[  16.713s] RECV #00097 table=page_000468_table_11 request= 0.213s scheduled= 0.213s status=ok active=4
[  16.760s] SEND #00099 table=page_001175_table_2 lag=   0.4ms active=5
[  16.853s] SEND #00100 table=page_001230_table_box_id_1 lag=   0.7ms active=6
[  16.862s] SEND #00101 table=page_000628_table_14 lag=   0.3ms active=7
[  16.952s] RECV #00098 table=page_000434_table_16 request= 0.330s scheduled= 0.330s status=ok active=6
[  17.203s] SEND #00102 table=page_000632_table_0 lag=   1.3ms active=7
[  17.343s] SEND #00103 table=page_001142_table_13 lag=   0.5ms active=8
[  17.381s] SEND #00104 table=page_001480_table_4 lag=   1.1ms active=9
[  17.498s] SEND #00105 table=page_000920_table_3 lag=   1.0ms active=10
[  17.570s] RECV #00100 table=page_001230_table_box_id_1 request= 0.717s scheduled= 0.718s status=ok active=9
[  17.608s] SEND #00106 table=page_001522_table_8 lag=   1.0ms active=10
[  17.679s] RECV #00101 table=page_000628_table_14 request= 0.817s scheduled= 0.818s status=ok active=9
[  17.682s] SEND #00107 table=page_000425_table_3 lag=   1.1ms active=10
[  17.752s] SEND #00108 table=page_000287_table_box_id_1 lag=   0.4ms active=11
[  17.813s] RECV #00103 table=page_001142_table_13 request= 0.470s scheduled= 0.470s status=ok active=10
[  17.881s] SEND #00109 table=page_000823_table_8 lag=   0.7ms active=11
[  17.916s] RECV #00104 table=page_001480_table_4 request= 0.535s scheduled= 0.536s status=ok active=10
[  18.042s] RECV #00105 table=page_000920_table_3 request= 0.544s scheduled= 0.545s status=ok active=9
[  18.044s] SEND #00110 table=page_001211_table_7 lag=   1.0ms active=10
[  18.202s] SEND #00111 table=page_001159_table_5 lag=   0.7ms active=11
[  18.210s] RECV #00099 table=page_001175_table_2 request= 1.450s scheduled= 1.451s status=ok active=10
[  18.279s] RECV #00109 table=page_000823_table_8 request= 0.398s scheduled= 0.398s status=ok active=9
[  18.304s] SEND #00112 table=page_000835_table_2 lag=   0.8ms active=10
[  18.309s] SEND #00113 table=page_001368_table_box_id_252 lag=   0.7ms active=11
[  18.352s] SEND #00114 table=page_001367_table_66 lag=   0.9ms active=12
[  18.385s] SEND #00115 table=page_001129_table_8 lag=   1.1ms active=13
[  18.531s] SEND #00116 table=page_000518_table_11 lag=   0.6ms active=14
[  18.540s] RECV #00110 table=page_001211_table_7 request= 0.495s scheduled= 0.496s status=ok active=13
[  18.623s] RECV #00106 table=page_001522_table_8 request= 1.015s scheduled= 1.016s status=ok active=12
[  18.721s] RECV #00112 table=page_000835_table_2 request= 0.417s scheduled= 0.418s status=ok active=11
[  18.860s] SEND #00117 table=page_001125_table_3 lag=   1.1ms active=12
[  18.920s] RECV #00113 table=page_001368_table_box_id_252 request= 0.611s scheduled= 0.612s status=ok active=11
[  19.106s] RECV #00107 table=page_000425_table_3 request= 1.424s scheduled= 1.425s status=ok active=10
[  19.127s] SEND #00118 table=page_001137_table_9 lag=   1.0ms active=11
[  19.243s] RECV #00108 table=page_000287_table_box_id_1 request= 1.491s scheduled= 1.491s status=ok active=10
[  19.320s] RECV #00111 table=page_001159_table_5 request= 1.118s scheduled= 1.119s status=ok active=9
[  19.394s] SEND #00119 table=page_000221_table_box_id_3 lag=   1.8ms active=10
[  19.588s] RECV #00116 table=page_000518_table_11 request= 1.057s scheduled= 1.057s status=ok active=9
[  19.676s] SEND #00120 table=page_000526_table_4 lag=   1.6ms active=10
[  19.724s] SEND #00121 table=page_000300_table_1 lag=   0.3ms active=11
[  19.727s] RECV #00095 table=page_000626_table_box_id_4 request= 3.726s scheduled= 3.728s status=ok active=10
[  19.875s] RECV #00114 table=page_001367_table_66 request= 1.523s scheduled= 1.524s status=ok active=9
[  19.987s] RECV #00117 table=page_001125_table_3 request= 1.126s scheduled= 1.128s status=ok active=8
[  20.031s] SEND #00122 table=page_001195_table_7 lag=   0.3ms active=9
[  20.081s] RECV #00084 table=page_000289_table_box_id_4 request= 6.569s scheduled= 6.570s status=ok active=8
[  20.160s] RECV #00121 table=page_000300_table_1 request= 0.436s scheduled= 0.436s status=ok active=7
[  20.218s] SEND #00123 table=page_000465_table_5 lag=   0.2ms active=8
[  20.232s] SEND #00124 table=page_001368_table_box_id_266 lag=   0.4ms active=9
[  20.235s] SEND #00125 table=page_000938_table_5 lag=   0.3ms active=10
[  20.238s] SEND #00126 table=page_000821_table_box_id_14 lag=   0.7ms active=11
[  20.293s] RECV #00089 table=page_001274_table_4 request= 5.855s scheduled= 5.856s status=ok active=10
[  20.406s] RECV #00124 table=page_001368_table_box_id_266 request= 0.174s scheduled= 0.174s status=ok active=9
[  20.472s] SEND #00127 table=page_000918_table_5 lag=   0.7ms active=10
[  20.515s] RECV #00120 table=page_000526_table_4 request= 0.839s scheduled= 0.840s status=ok active=9
[  20.520s] SEND #00128 table=page_000428_table_6 lag=   0.5ms active=10
[  20.540s] SEND #00129 table=page_001207_table_4 lag=   0.9ms active=11
[  20.590s] RECV #00102 table=page_000632_table_0 request= 3.387s scheduled= 3.388s status=ok active=10
[  20.684s] RECV #00126 table=page_000821_table_box_id_14 request= 0.446s scheduled= 0.447s status=ok active=9
[  20.703s] SEND #00130 table=page_001140_table_12 lag=   1.0ms active=10
[  20.773s] SEND #00131 table=page_000226_table_box_id_5 lag=   0.3ms active=11
[  20.786s] SEND #00132 table=page_001398_table_box-l1p3lf8a lag=   1.0ms active=12
[  20.814s] SEND #00133 table=page_000844_table_6 lag=   0.6ms active=13
[  20.833s] RECV #00125 table=page_000938_table_5 request= 0.598s scheduled= 0.598s status=ok active=12
[  20.834s] RECV #00127 table=page_000918_table_5 request= 0.361s scheduled= 0.362s status=ok active=11
[  20.939s] SEND #00134 table=page_000941_table_1 lag=   0.5ms active=12
[  20.970s] SEND #00135 table=page_001432_table_20 lag=   0.8ms active=13
[  21.024s] SEND #00136 table=page_001147_table_10 lag=   1.3ms active=14
[  21.045s] RECV #00128 table=page_000428_table_6 request= 0.525s scheduled= 0.526s status=ok active=13
[  21.125s] RECV #00119 table=page_000221_table_box_id_3 request= 1.731s scheduled= 1.733s status=ok active=12
[  21.172s] RECV #00123 table=page_000465_table_5 request= 0.955s scheduled= 0.955s status=ok active=11
[  21.231s] SEND #00137 table=page_000248_table_box_id_1 lag=   1.0ms active=12
[  21.331s] SEND #00138 table=page_000267_table_box_id_1 lag=   0.7ms active=13
[  21.377s] RECV #00130 table=page_001140_table_12 request= 0.673s scheduled= 0.674s status=ok active=12
[  21.396s] SEND #00139 table=page_000447_table_12 lag=   0.5ms active=13
[  21.465s] RECV #00132 table=page_001398_table_box-l1p3lf8a request= 0.679s scheduled= 0.680s status=ok active=12
[  21.504s] SEND #00140 table=page_001230_table_box_id_3 lag=   1.1ms active=13
[  21.507s] SEND #00141 table=page_001129_table_11 lag=   0.8ms active=14
[  21.557s] RECV #00115 table=page_001129_table_8 request= 3.172s scheduled= 3.174s status=ok active=13
[  21.588s] SEND #00142 table=page_001219_table_box_id_1 lag=   0.4ms active=14
[  21.626s] RECV #00129 table=page_001207_table_4 request= 1.086s scheduled= 1.087s status=ok active=13
[  21.679s] SEND #00143 table=page_001129_table_10 lag=   0.5ms active=14
[  21.714s] SEND #00144 table=page_001184_table_6 lag=   0.5ms active=15
[  21.724s] RECV #00131 table=page_000226_table_box_id_5 request= 0.951s scheduled= 0.951s status=ok active=14
[  21.734s] SEND #00145 table=page_001164_table_9 lag=   1.5ms active=15
[  21.842s] RECV #00135 table=page_001432_table_20 request= 0.872s scheduled= 0.873s status=ok active=14
[  21.914s] RECV #00133 table=page_000844_table_6 request= 1.099s scheduled= 1.100s status=ok active=13
[  22.089s] RECV #00134 table=page_000941_table_1 request= 1.150s scheduled= 1.150s status=ok active=12
[  22.117s] SEND #00146 table=page_000921_table_2 lag=   1.0ms active=13
[  22.172s] RECV #00140 table=page_001230_table_box_id_3 request= 0.668s scheduled= 0.670s status=ok active=12
[  22.236s] SEND #00147 table=page_000634_table_1 lag=   0.3ms active=13
[  22.275s] SEND #00148 table=page_000515_table_7 lag=   0.9ms active=14
[  22.408s] RECV #00139 table=page_000447_table_12 request= 1.012s scheduled= 1.013s status=ok active=13
[  22.431s] SEND #00149 table=page_000841_table_22 lag=   1.1ms active=14
[  22.583s] RECV #00137 table=page_000248_table_box_id_1 request= 1.353s scheduled= 1.354s status=ok active=13
[  22.713s] SEND #00150 table=page_000838_table_1 lag=   0.3ms active=14
[  22.717s] SEND #00151 table=page_001137_table_2 lag=   0.5ms active=15
[  22.719s] SEND #00152 table=page_000237_table_box_id_3 lag=   0.3ms active=16
[  22.727s] RECV #00144 table=page_001184_table_6 request= 1.013s scheduled= 1.013s status=ok active=15
[  22.746s] SEND #00153 table=page_001026_table_box_id_25 lag=   0.7ms active=16
[  22.846s] RECV #00118 table=page_001137_table_9 request= 3.719s scheduled= 3.720s status=ok active=15
[  22.958s] SEND #00154 table=page_000792_table_25 lag=   0.7ms active=16
[  22.986s] SEND #00155 table=page_000500_table_5 lag=   0.4ms active=17
[  23.018s] RECV #00122 table=page_001195_table_7 request= 2.987s scheduled= 2.987s status=ok active=16
[  23.128s] RECV #00146 table=page_000921_table_2 request= 1.010s scheduled= 1.011s status=ok active=15
[  23.190s] SEND #00156 table=page_000201_table_box-w2ehqidz lag=   0.8ms active=16
[  23.317s] RECV #00141 table=page_001129_table_11 request= 1.810s scheduled= 1.811s status=ok active=15
[  23.379s] SEND #00157 table=page_000291_table_box_id_0 lag=   0.4ms active=16
[  23.390s] RECV #00149 table=page_000841_table_22 request= 0.960s scheduled= 0.961s status=ok active=15
[  23.511s] SEND #00158 table=page_001137_table_11 lag=   1.6ms active=16
[  23.519s] RECV #00143 table=page_001129_table_10 request= 1.840s scheduled= 1.840s status=ok active=15
[  23.551s] SEND #00159 table=page_000716_table_0 lag=   0.2ms active=16
[  23.606s] RECV #00150 table=page_000838_table_1 request= 0.893s scheduled= 0.894s status=ok active=15
[  23.748s] RECV #00148 table=page_000515_table_7 request= 1.473s scheduled= 1.474s status=ok active=14
[  23.874s] RECV #00147 table=page_000634_table_1 request= 1.639s scheduled= 1.639s status=ok active=13
[  24.007s] RECV #00154 table=page_000792_table_25 request= 1.050s scheduled= 1.050s status=ok active=12
[  24.142s] RECV #00136 table=page_001147_table_10 request= 3.118s scheduled= 3.120s status=ok active=11
[  24.170s] SEND #00160 table=page_000242_table_box-mhg591pb lag=   0.3ms active=12
[  24.437s] SEND #00161 table=page_000945_table_4 lag=   0.8ms active=13
[  24.477s] RECV #00153 table=page_001026_table_box_id_25 request= 1.731s scheduled= 1.732s status=ok active=12
[  24.558s] SEND #00162 table=page_001035_table_28 lag=   0.5ms active=13
[  24.600s] SEND #00163 table=page_001219_table_box_id_4 lag=   0.4ms active=14
[  24.633s] RECV #00138 table=page_000267_table_box_id_1 request= 3.301s scheduled= 3.302s status=ok active=13
[  24.775s] SEND #00164 table=page_001149_table_0 lag=   0.8ms active=14
[  24.823s] RECV #00156 table=page_000201_table_box-w2ehqidz request= 1.633s scheduled= 1.634s status=ok active=13
[  24.858s] SEND #00165 table=page_000266_table_box_id_9 lag=   0.6ms active=14
[  24.943s] RECV #00159 table=page_000716_table_0 request= 1.392s scheduled= 1.392s status=ok active=13
[  25.001s] SEND #00166 table=page_001367_table_50 lag=   0.2ms active=14
[  25.050s] RECV #00151 table=page_001137_table_2 request= 2.333s scheduled= 2.334s status=ok active=13
[  25.066s] SEND #00167 table=page_000532_table_5 lag=   0.7ms active=14
[  25.232s] SEND #00168 table=page_000252_table_box_id_1 lag=   0.4ms active=15
[  25.242s] SEND #00169 table=page_001367_table_50 lag=   1.1ms active=16
[  25.279s] RECV #00142 table=page_001219_table_box_id_1 request= 3.691s scheduled= 3.691s status=ok active=15
[  25.301s] SEND #00170 table=page_000010_table_box_id_1 lag=   0.4ms active=16
[  25.400s] RECV #00152 table=page_000237_table_box_id_3 request= 2.681s scheduled= 2.681s status=ok active=15
[  25.490s] RECV #00158 table=page_001137_table_11 request= 1.979s scheduled= 1.981s status=ok active=14
[  25.611s] RECV #00161 table=page_000945_table_4 request= 1.174s scheduled= 1.175s status=ok active=13
[  25.731s] RECV #00160 table=page_000242_table_box-mhg591pb request= 1.561s scheduled= 1.561s status=ok active=12
[  25.861s] RECV #00165 table=page_000266_table_box_id_9 request= 1.003s scheduled= 1.004s status=ok active=11
[  25.874s] SEND #00171 table=page_001124_table_17 lag=   0.3ms active=12
[  25.940s] RECV #00163 table=page_001219_table_box_id_4 request= 1.340s scheduled= 1.341s status=ok active=11
[  26.058s] RECV #00155 table=page_000500_table_5 request= 3.072s scheduled= 3.072s status=ok active=10
[  26.198s] RECV #00145 table=page_001164_table_9 request= 4.463s scheduled= 4.465s status=ok active=9
[  26.221s] SEND #00172 table=page_001367_table_68 lag=   0.7ms active=10
[  26.255s] RECV #00162 table=page_001035_table_28 request= 1.697s scheduled= 1.698s status=ok active=9
[  26.283s] SEND #00173 table=page_001125_table_4 lag=   1.1ms active=10
[  26.342s] RECV #00167 table=page_000532_table_5 request= 1.276s scheduled= 1.277s status=ok active=9
[  26.382s] RECV #00164 table=page_001149_table_0 request= 1.607s scheduled= 1.608s status=ok active=8
[  26.575s] RECV #00170 table=page_000010_table_box_id_1 request= 1.274s scheduled= 1.274s status=ok active=7
[  26.608s] SEND #00174 table=page_000284_table_box_id_0 lag=   0.6ms active=8
[  26.670s] SEND #00175 table=page_000211_table_box_id_3 lag=   0.4ms active=9
[  26.774s] RECV #00166 table=page_001367_table_50 request= 1.773s scheduled= 1.774s status=ok active=8
[  26.841s] RECV #00171 table=page_001124_table_17 request= 0.967s scheduled= 0.968s status=ok active=7
[  26.969s] RECV #00168 table=page_000252_table_box_id_1 request= 1.738s scheduled= 1.738s status=ok active=6
[  27.013s] RECV #00169 table=page_001367_table_50 request= 1.771s scheduled= 1.772s status=ok active=5
[  27.137s] SEND #00176 table=page_001137_table_4 lag=   0.6ms active=6
[  27.228s] RECV #00173 table=page_001125_table_4 request= 0.945s scheduled= 0.946s status=ok active=5
[  27.238s] RECV #00172 table=page_001367_table_68 request= 1.016s scheduled= 1.017s status=ok active=4
[  27.364s] SEND #00177 table=page_000715_table_2 lag=   0.7ms active=5
[  27.454s] SEND #00178 table=page_000921_table_8 lag=   0.8ms active=6
[  27.503s] SEND #00179 table=page_000236_table_box_id_5 lag=   1.1ms active=7
[  27.503s] SEND #00180 table=page_001131_table_15 lag=   0.3ms active=8
[  27.550s] RECV #00177 table=page_000715_table_2 request= 0.186s scheduled= 0.187s status=ok active=7
[  27.683s] RECV #00175 table=page_000211_table_box_id_3 request= 1.013s scheduled= 1.014s status=ok active=6
[  27.725s] RECV #00178 table=page_000921_table_8 request= 0.271s scheduled= 0.272s status=ok active=5
[  27.856s] SEND #00181 table=page_001197_table_4 lag=   1.0ms active=6
[  27.861s] SEND #00182 table=page_000420_table_0 lag=   0.3ms active=7
[  27.880s] RECV #00180 table=page_001131_table_15 request= 0.377s scheduled= 0.377s status=ok active=6
[  28.138s] RECV #00176 table=page_001137_table_4 request= 1.001s scheduled= 1.002s status=ok active=5
[  28.140s] RECV #00179 table=page_000236_table_box_id_5 request= 0.638s scheduled= 0.639s status=ok active=4
[  28.147s] SEND #00183 table=page_000900_table_4 lag=   0.6ms active=5
[  28.269s] RECV #00183 table=page_000900_table_4 request= 0.122s scheduled= 0.122s status=ok active=4
[  28.409s] RECV #00182 table=page_000420_table_0 request= 0.548s scheduled= 0.548s status=ok active=3
[  28.693s] SEND #00184 table=page_001272_table_1 lag=   0.6ms active=4
[  28.834s] SEND #00185 table=page_001215_table_5 lag=   0.9ms active=5
[  28.865s] SEND #00186 table=page_001404_table_7 lag=   0.4ms active=6
[  29.203s] SEND #00187 table=page_000254_table_box_id_4 lag=   1.1ms active=7
[  29.288s] RECV #00181 table=page_001197_table_4 request= 1.432s scheduled= 1.433s status=ok active=6
[  29.439s] RECV #00186 table=page_001404_table_7 request= 0.574s scheduled= 0.574s status=ok active=5
[  29.810s] SEND #00188 table=page_000495_table_9 lag=   1.2ms active=6
[  29.941s] RECV #00174 table=page_000284_table_box_id_0 request= 3.333s scheduled= 3.334s status=ok active=5
[  30.012s] SEND #00189 table=page_000214_table_box_id_6 lag=   0.8ms active=6
[  30.132s] SEND #00190 table=page_000743_table_4 lag=   2.2ms active=7
[  30.200s] RECV #00187 table=page_000254_table_box_id_4 request= 0.998s scheduled= 0.999s status=ok active=6
[  30.211s] SEND #00191 table=page_001186_table_10 lag=   1.9ms active=7
[  30.281s] SEND #00192 table=page_001368_table_box_id_252 lag=   0.8ms active=8
[  30.319s] SEND #00193 table=page_001152_table_0 lag=   1.0ms active=9
[  30.439s] RECV #00190 table=page_000743_table_4 request= 0.307s scheduled= 0.309s status=ok active=8
[  30.507s] SEND #00194 table=page_000766_table_2 lag=   1.9ms active=9
[  30.601s] SEND #00195 table=page_000715_table_14 lag=   0.7ms active=10
[  30.636s] SEND #00196 table=page_001636_table_1 lag=   0.5ms active=11
[  30.656s] SEND #00197 table=page_001082_table_23 lag=   2.1ms active=12
[  30.687s] RECV #00192 table=page_001368_table_box_id_252 request= 0.406s scheduled= 0.407s status=ok active=11
[  30.739s] RECV #00191 table=page_001186_table_10 request= 0.528s scheduled= 0.530s status=ok active=10
[  30.838s] SEND #00198 table=page_000658_table_32 lag=   0.9ms active=11
[  30.897s] SEND #00199 table=page_000266_table_box_id_3 lag=   1.0ms active=12
[  30.969s] RECV #00184 table=page_001272_table_1 request= 2.276s scheduled= 2.276s status=ok active=11
[  31.011s] SEND #00200 table=page_000626_table_box_id_1 lag=   0.4ms active=12
[  31.058s] RECV #00185 table=page_001215_table_5 request= 2.224s scheduled= 2.225s status=ok active=11
[  31.078s] SEND #00201 table=page_000528_table_7 lag=   1.0ms active=12
[  31.083s] RECV #00188 table=page_000495_table_9 request= 1.273s scheduled= 1.274s status=ok active=11
[  31.293s] RECV #00157 table=page_000291_table_box_id_0 request= 7.914s scheduled= 7.915s status=ok active=10
[  31.322s] RECV #00189 table=page_000214_table_box_id_6 request= 1.310s scheduled= 1.311s status=ok active=9
[  31.420s] SEND #00202 table=page_001168_table_0 lag=   0.9ms active=10
[  31.803s] SEND #00203 table=page_000465_table_8 lag=   0.9ms active=11
[  31.805s] SEND #00204 table=page_001493_table_box_id_19 lag=   0.5ms active=12
[  31.843s] SEND #00205 table=page_000814_table_0 lag=   0.8ms active=13
[  31.909s] SEND #00206 table=page_000286_table_box_id_1 lag=   0.3ms active=14
[  32.190s] RECV #00198 table=page_000658_table_32 request= 1.352s scheduled= 1.353s status=ok active=13
[  32.259s] RECV #00195 table=page_000715_table_14 request= 1.659s scheduled= 1.659s status=ok active=12
[  32.401s] RECV #00199 table=page_000266_table_box_id_3 request= 1.505s scheduled= 1.506s status=ok active=11
[  32.485s] RECV #00201 table=page_000528_table_7 request= 1.407s scheduled= 1.409s status=ok active=10
[  32.561s] RECV #00193 table=page_001152_table_0 request= 2.241s scheduled= 2.242s status=ok active=9
[  32.634s] SEND #00207 table=page_001368_table_box_id_271 lag=   1.4ms active=10
[  32.651s] RECV #00205 table=page_000814_table_0 request= 0.808s scheduled= 0.809s status=ok active=9
[  32.750s] RECV #00204 table=page_001493_table_box_id_19 request= 0.944s scheduled= 0.945s status=ok active=8
[  32.873s] RECV #00196 table=page_001636_table_1 request= 2.237s scheduled= 2.237s status=ok active=7
[  32.888s] SEND #00208 table=page_000915_table_2 lag=   0.5ms active=8
[  32.892s] RECV #00197 table=page_001082_table_23 request= 2.236s scheduled= 2.238s status=ok active=7
[  32.957s] SEND #00209 table=page_000206_table_box_id_1 lag=   0.3ms active=8
[  32.966s] RECV #00207 table=page_001368_table_box_id_271 request= 0.331s scheduled= 0.333s status=ok active=7
[  32.997s] SEND #00210 table=page_000246_table_box_id_14 lag=   0.9ms active=8
[  33.071s] RECV #00208 table=page_000915_table_2 request= 0.183s scheduled= 0.183s status=ok active=7
[  33.093s] RECV #00203 table=page_000465_table_8 request= 1.290s scheduled= 1.291s status=ok active=6
[  33.178s] RECV #00202 table=page_001168_table_0 request= 1.758s scheduled= 1.759s status=ok active=5
[  33.184s] SEND #00211 table=page_000235_table_box_id_16 lag=   1.1ms active=6
[  33.265s] RECV #00210 table=page_000246_table_box_id_14 request= 0.268s scheduled= 0.269s status=ok active=5
[  33.487s] SEND #00212 table=page_000307_table_2 lag=   0.6ms active=6
[  33.519s] RECV #00209 table=page_000206_table_box_id_1 request= 0.562s scheduled= 0.563s status=ok active=5
[  33.533s] RECV #00211 table=page_000235_table_box_id_16 request= 0.348s scheduled= 0.349s status=ok active=4
[  33.768s] RECV #00194 table=page_000766_table_2 request= 3.261s scheduled= 3.263s status=ok active=3
[  33.936s] SEND #00213 table=page_001121_table_7 lag=   1.3ms active=4
[  34.006s] SEND #00214 table=page_000824_table_0 lag=   0.8ms active=5
[  34.322s] RECV #00213 table=page_001121_table_7 request= 0.386s scheduled= 0.387s status=ok active=4
[  34.363s] SEND #00215 table=page_000647_table_4 lag=   1.0ms active=5
[  34.427s] RECV #00215 table=page_000647_table_4 request= 0.064s scheduled= 0.065s status=ok active=4
[  34.556s] SEND #00216 table=page_000922_table_12 lag=   0.9ms active=5
[  34.596s] RECV #00214 table=page_000824_table_0 request= 0.590s scheduled= 0.591s status=ok active=4
[  34.667s] SEND #00217 table=page_001595_table_box_id_9 lag=   0.9ms active=5
[  34.857s] RECV #00217 table=page_001595_table_box_id_9 request= 0.190s scheduled= 0.191s status=ok active=4
[  34.989s] RECV #00212 table=page_000307_table_2 request= 1.502s scheduled= 1.503s status=ok active=3
[  35.089s] RECV #00216 table=page_000922_table_12 request= 0.532s scheduled= 0.533s status=ok active=2
[  35.110s] RECV #00200 table=page_000626_table_box_id_1 request= 4.098s scheduled= 4.099s status=ok active=1
[  35.373s] SEND #00218 table=page_000652_table_0 lag=   1.1ms active=2
[  35.417s] SEND #00219 table=page_000918_table_6 lag=   0.3ms active=3
[  35.585s] RECV #00219 table=page_000918_table_6 request= 0.168s scheduled= 0.168s status=ok active=2
[  35.625s] RECV #00218 table=page_000652_table_0 request= 0.253s scheduled= 0.254s status=ok active=1
[  35.632s] SEND #00220 table=page_000702_table_5 lag=   0.1ms active=2
[  35.648s] SEND #00221 table=page_001368_table_box_id_242 lag=   1.1ms active=3
[  35.678s] SEND #00222 table=page_000760_table_1 lag=   0.8ms active=4
[  35.887s] RECV #00220 table=page_000702_table_5 request= 0.255s scheduled= 0.256s status=ok active=3
[  35.932s] RECV #00222 table=page_000760_table_1 request= 0.254s scheduled= 0.255s status=ok active=2
[  35.980s] RECV #00221 table=page_001368_table_box_id_242 request= 0.333s scheduled= 0.334s status=ok active=1
[  36.082s] SEND #00223 table=page_000785_table_7 lag=   1.0ms active=2
[  36.121s] SEND #00224 table=page_001189_table_box_id_3 lag=   0.7ms active=3
[  36.301s] RECV #00223 table=page_000785_table_7 request= 0.219s scheduled= 0.220s status=ok active=2
[  36.361s] SEND #00225 table=page_000626_table_box_id_4 lag=   3.6ms active=3
[  36.512s] SEND #00226 table=page_001232_table_box_id_1 lag=   1.4ms active=4
[  36.730s] RECV #00224 table=page_001189_table_box_id_3 request= 0.609s scheduled= 0.610s status=ok active=3
[  36.819s] SEND #00227 table=page_000932_table_3 lag=   1.7ms active=4
[  36.895s] SEND #00228 table=page_000250_table_box-stnne6dt lag=   1.1ms active=5
[  36.963s] SEND #00229 table=page_000253_table_box_id_7 lag=   0.5ms active=6
[  37.021s] SEND #00230 table=page_001367_table_70 lag=   0.8ms active=7
[  37.249s] RECV #00226 table=page_001232_table_box_id_1 request= 0.737s scheduled= 0.738s status=ok active=6
[  37.355s] RECV #00227 table=page_000932_table_3 request= 0.536s scheduled= 0.538s status=ok active=5
[  37.357s] SEND #00231 table=page_000285_table_box_id_1 lag=   0.4ms active=6
[  37.359s] RECV #00229 table=page_000253_table_box_id_7 request= 0.395s scheduled= 0.396s status=ok active=5
[  37.513s] SEND #00232 table=page_000665_table_7 lag=   1.0ms active=6
[  37.596s] RECV #00230 table=page_001367_table_70 request= 0.575s scheduled= 0.576s status=ok active=5
[  37.610s] RECV #00232 table=page_000665_table_7 request= 0.097s scheduled= 0.098s status=ok active=4
[  37.890s] RECV #00206 table=page_000286_table_box_id_1 request= 5.981s scheduled= 5.982s status=ok active=3
[  38.027s] SEND #00233 table=page_000266_table_box_id_5 lag=   0.8ms active=4
[  38.314s] RECV #00233 table=page_000266_table_box_id_5 request= 0.287s scheduled= 0.288s status=ok active=3
[  38.390s] SEND #00234 table=page_000256_table_box_id_3 lag=   0.6ms active=4
[  38.415s] SEND #00235 table=page_000509_table_0 lag=   1.1ms active=5
[  38.548s] SEND #00236 table=page_001432_table_20 lag=   1.0ms active=6
[  38.566s] SEND #00237 table=page_000519_table_8 lag=   0.3ms active=7
[  38.573s] SEND #00238 table=page_001175_table_2 lag=   0.3ms active=8
[  38.586s] SEND #00239 table=page_000647_table_2 lag=   0.5ms active=9
[  38.854s] RECV #00228 table=page_000250_table_box-stnne6dt request= 1.959s scheduled= 1.960s status=ok active=8
[  38.920s] SEND #00240 table=page_001181_table_6 lag=   0.2ms active=9
[  38.924s] RECV #00239 table=page_000647_table_2 request= 0.338s scheduled= 0.339s status=ok active=8
[  39.014s] RECV #00236 table=page_001432_table_20 request= 0.466s scheduled= 0.467s status=ok active=7
[  39.180s] SEND #00241 table=page_001147_table_8 lag=   1.0ms active=8
[  39.221s] RECV #00234 table=page_000256_table_box_id_3 request= 0.831s scheduled= 0.831s status=ok active=7
[  39.370s] RECV #00237 table=page_000519_table_8 request= 0.804s scheduled= 0.805s status=ok active=6
[  39.475s] SEND #00242 table=page_001368_table_box_id_280 lag=   2.0ms active=7
[  39.523s] RECV #00242 table=page_001368_table_box_id_280 request= 0.048s scheduled= 0.050s status=ok active=6
[  39.542s] SEND #00243 table=page_001637_table_5 lag=   0.3ms active=7
[  39.658s] RECV #00243 table=page_001637_table_5 request= 0.116s scheduled= 0.116s status=ok active=6
[  39.702s] SEND #00244 table=page_001276_table_2 lag=   0.2ms active=7
[  39.721s] RECV #00238 table=page_001175_table_2 request= 1.148s scheduled= 1.148s status=ok active=6
[  39.781s] RECV #00225 table=page_000626_table_box_id_4 request= 3.420s scheduled= 3.424s status=ok active=5
[  39.957s] SEND #00245 table=page_001225_table_14 lag=   2.1ms active=6
[  40.035s] SEND #00246 table=page_001231_table_5 lag=   0.7ms active=7
[  40.091s] RECV #00231 table=page_000285_table_box_id_1 request= 2.733s scheduled= 2.734s status=ok active=6
[  40.176s] SEND #00247 table=page_000496_table_3 lag=   0.5ms active=7
[  40.219s] SEND #00248 table=page_000210_table_box_id_4 lag=   1.1ms active=8
[  40.233s] SEND #00249 table=page_000918_table_5 lag=   1.6ms active=9
[  40.284s] SEND #00250 table=page_000253_table_box_id_2 lag=   0.7ms active=10
[  40.380s] RECV #00235 table=page_000509_table_0 request= 1.965s scheduled= 1.967s status=ok active=9
[  40.508s] RECV #00245 table=page_001225_table_14 request= 0.550s scheduled= 0.553s status=ok active=8
[  40.616s] RECV #00249 table=page_000918_table_5 request= 0.383s scheduled= 0.384s status=ok active=7
[  40.620s] RECV #00241 table=page_001147_table_8 request= 1.440s scheduled= 1.441s status=ok active=6
[  40.653s] SEND #00251 table=page_000286_table_box_id_1 lag=   0.4ms active=7
[  40.670s] RECV #00248 table=page_000210_table_box_id_4 request= 0.451s scheduled= 0.452s status=ok active=6
[  40.792s] SEND #00252 table=page_001403_table_9 lag=   1.4ms active=7
[  41.111s] RECV #00252 table=page_001403_table_9 request= 0.319s scheduled= 0.321s status=ok active=6
[  41.171s] RECV #00250 table=page_000253_table_box_id_2 request= 0.886s scheduled= 0.887s status=ok active=5
[  41.177s] RECV #00240 table=page_001181_table_6 request= 2.257s scheduled= 2.257s status=ok active=4
[  41.224s] SEND #00253 table=page_000640_table_8 lag=   1.0ms active=5
[  41.326s] SEND #00254 table=page_000545_table_14 lag=   0.9ms active=6
[  41.379s] SEND #00255 table=page_000243_table_box-xkm41jlm lag=   0.5ms active=7
[  41.600s] RECV #00247 table=page_000496_table_3 request= 1.424s scheduled= 1.424s status=ok active=6
[  41.637s] SEND #00256 table=page_000223_table_box_id_4 lag=   0.4ms active=7
[  41.697s] RECV #00254 table=page_000545_table_14 request= 0.372s scheduled= 0.372s status=ok active=6
[  41.750s] RECV #00256 table=page_000223_table_box_id_4 request= 0.113s scheduled= 0.114s status=ok active=5
[  41.804s] RECV #00255 table=page_000243_table_box-xkm41jlm request= 0.425s scheduled= 0.425s status=ok active=4
[  41.931s] SEND #00257 table=page_000240_table_box_id_9 lag=   1.0ms active=5
[  41.933s] SEND #00258 table=page_000206_table_box_id_1 lag=   1.0ms active=6
[  42.118s] SEND #00259 table=page_000649_table_8 lag=   0.8ms active=7
[  42.134s] SEND #00260 table=page_000946_table_14 lag=   0.9ms active=8
[  42.154s] SEND #00261 table=page_000268_table_box_id_6 lag=   0.3ms active=9
[  42.312s] RECV #00253 table=page_000640_table_8 request= 1.088s scheduled= 1.089s status=ok active=8
[  42.491s] RECV #00260 table=page_000946_table_14 request= 0.357s scheduled= 0.358s status=ok active=7
[  42.514s] SEND #00262 table=page_000763_table_2 lag=   0.5ms active=8
[  42.521s] SEND #00263 table=page_001368_table_box_id_227 lag=   0.3ms active=9
[  42.563s] RECV #00259 table=page_000649_table_8 request= 0.445s scheduled= 0.446s status=ok active=8
[  42.567s] SEND #00264 table=page_000715_table_2 lag=   1.1ms active=9
[  42.633s] RECV #00262 table=page_000763_table_2 request= 0.119s scheduled= 0.119s status=ok active=8
[  42.719s] RECV #00261 table=page_000268_table_box_id_6 request= 0.566s scheduled= 0.566s status=ok active=7
[  42.740s] RECV #00257 table=page_000240_table_box_id_9 request= 0.809s scheduled= 0.810s status=ok active=6
[  42.767s] RECV #00264 table=page_000715_table_2 request= 0.200s scheduled= 0.201s status=ok active=5
[  42.799s] RECV #00258 table=page_000206_table_box_id_1 request= 0.866s scheduled= 0.867s status=ok active=4
[  42.884s] RECV #00246 table=page_001231_table_5 request= 2.849s scheduled= 2.850s status=ok active=3
[  43.138s] RECV #00263 table=page_001368_table_box_id_227 request= 0.617s scheduled= 0.618s status=ok active=2
[  43.307s] SEND #00265 table=page_001199_table_15 lag=   1.2ms active=3
[  43.398s] SEND #00266 table=page_001172_table_16 lag=   0.9ms active=4
[  43.417s] SEND #00267 table=page_001166_table_9 lag=   0.2ms active=5
[  43.448s] SEND #00268 table=page_001178_table_0 lag=   0.4ms active=6
[  43.495s] SEND #00269 table=page_001403_table_9 lag=   1.0ms active=7
[  43.722s] SEND #00270 table=page_000542_table_0 lag=   0.7ms active=8
[  43.739s] SEND #00271 table=page_000447_table_12 lag=   0.3ms active=9
[  43.973s] RECV #00269 table=page_001403_table_9 request= 0.478s scheduled= 0.479s status=ok active=8
[  44.042s] RECV #00267 table=page_001166_table_9 request= 0.624s scheduled= 0.624s status=ok active=7
[  44.126s] RECV #00265 table=page_001199_table_15 request= 0.819s scheduled= 0.820s status=ok active=6
[  44.138s] RECV #00266 table=page_001172_table_16 request= 0.741s scheduled= 0.742s status=ok active=5
[  44.143s] SEND #00272 table=page_001432_table_3 lag=   1.0ms active=6
[  44.221s] SEND #00273 table=page_001011_table_30 lag=   0.4ms active=7
[  44.389s] RECV #00272 table=page_001432_table_3 request= 0.246s scheduled= 0.247s status=ok active=6
[  44.459s] RECV #00271 table=page_000447_table_12 request= 0.720s scheduled= 0.720s status=ok active=5
[  44.539s] RECV #00270 table=page_000542_table_0 request= 0.818s scheduled= 0.818s status=ok active=4
[  44.807s] RECV #00244 table=page_001276_table_2 request= 5.105s scheduled= 5.106s status=ok active=3
[  44.808s] SEND #00274 table=page_000933_table_10 lag=   1.1ms active=4
[  45.026s] RECV #00274 table=page_000933_table_10 request= 0.218s scheduled= 0.219s status=ok active=3
[  45.169s] RECV #00268 table=page_001178_table_0 request= 1.721s scheduled= 1.721s status=ok active=2
[  45.207s] SEND #00275 table=page_000519_table_1 lag=   0.6ms active=3
[  45.265s] SEND #00276 table=page_001197_table_3 lag=   0.3ms active=4
[  45.300s] RECV #00273 table=page_001011_table_30 request= 1.079s scheduled= 1.079s status=ok active=3
[  45.314s] SEND #00277 table=page_000832_table_4 lag=   0.9ms active=4
[  45.422s] SEND #00278 table=page_000683_table_5 lag=   0.7ms active=5
[  45.440s] SEND #00279 table=page_000927_table_2 lag=   0.8ms active=6
[  45.617s] SEND #00280 table=page_001156_table_6 lag=   2.0ms active=7
[  45.622s] SEND #00281 table=page_000660_table_4 lag=   0.4ms active=8
[  45.624s] SEND #00282 table=page_000205_table_box_id_13 lag=   0.3ms active=9
[  45.688s] RECV #00278 table=page_000683_table_5 request= 0.266s scheduled= 0.267s status=ok active=8
[  45.873s] RECV #00277 table=page_000832_table_4 request= 0.559s scheduled= 0.560s status=ok active=7
[  45.932s] RECV #00281 table=page_000660_table_4 request= 0.310s scheduled= 0.310s status=ok active=6
[  45.963s] RECV #00279 table=page_000927_table_2 request= 0.523s scheduled= 0.524s status=ok active=5
[  46.268s] RECV #00275 table=page_000519_table_1 request= 1.061s scheduled= 1.061s status=ok active=4
[  46.299s] SEND #00283 table=page_000503_table_1 lag=   0.8ms active=5
[  46.300s] RECV #00282 table=page_000205_table_box_id_13 request= 0.676s scheduled= 0.677s status=ok active=4
[  46.358s] SEND #00284 table=page_000532_table_5 lag=   0.8ms active=5
[  46.397s] RECV #00280 table=page_001156_table_6 request= 0.780s scheduled= 0.782s status=ok active=4
[  46.420s] RECV #00251 table=page_000286_table_box_id_1 request= 5.768s scheduled= 5.768s status=ok active=3
[  46.510s] SEND #00285 table=page_000276_table_box_id_5 lag=   1.3ms active=4
[  46.609s] SEND #00286 table=page_000683_table_8 lag=   0.6ms active=5
[  46.671s] SEND #00287 table=page_000665_table_7 lag=   0.6ms active=6
[  46.682s] SEND #00288 table=page_001356_table_3 lag=   0.4ms active=7
[  46.860s] RECV #00287 table=page_000665_table_7 request= 0.189s scheduled= 0.190s status=ok active=6
[  46.911s] RECV #00286 table=page_000683_table_8 request= 0.302s scheduled= 0.303s status=ok active=5
[  46.956s] RECV #00284 table=page_000532_table_5 request= 0.598s scheduled= 0.599s status=ok active=4
[  47.035s] RECV #00288 table=page_001356_table_3 request= 0.353s scheduled= 0.353s status=ok active=3
[  47.090s] SEND #00289 table=page_001368_table_box_id_161 lag=   1.1ms active=4
[  47.355s] RECV #00283 table=page_000503_table_1 request= 1.056s scheduled= 1.056s status=ok active=3
[  47.541s] RECV #00289 table=page_001368_table_box_id_161 request= 0.451s scheduled= 0.452s status=ok active=2
[  47.673s] SEND #00290 table=page_000451_table_7 lag=   0.8ms active=3
[  48.138s] RECV #00276 table=page_001197_table_3 request= 2.873s scheduled= 2.873s status=ok active=2
[  48.258s] SEND #00291 table=page_000205_table_box_id_11 lag=   1.9ms active=3
[  48.277s] SEND #00292 table=page_001357_table_3 lag=   1.9ms active=4
[  48.316s] SEND #00293 table=page_000696_table_0 lag=   0.2ms active=5
[  48.477s] SEND #00294 table=page_000222_table_box_id_3 lag=   0.9ms active=6
[  48.680s] RECV #00292 table=page_001357_table_3 request= 0.403s scheduled= 0.405s status=ok active=5
[  48.871s] RECV #00293 table=page_000696_table_0 request= 0.555s scheduled= 0.555s status=ok active=4
[  48.941s] RECV #00291 table=page_000205_table_box_id_11 request= 0.683s scheduled= 0.685s status=ok active=3
[  49.032s] RECV #00290 table=page_000451_table_7 request= 1.358s scheduled= 1.359s status=ok active=2
[  49.039s] RECV #00294 table=page_000222_table_box_id_3 request= 0.562s scheduled= 0.563s status=ok active=1
[  49.129s] SEND #00295 table=page_000266_table_box_id_11 lag=   1.1ms active=2
[  49.259s] SEND #00296 table=page_000259_table_box_id_1 lag=   0.4ms active=3
[  49.418s] RECV #00295 table=page_000266_table_box_id_11 request= 0.289s scheduled= 0.290s status=ok active=2
[  49.453s] SEND #00297 table=page_001184_table_10 lag=   0.8ms active=3
[  49.599s] RECV #00297 table=page_001184_table_10 request= 0.146s scheduled= 0.146s status=ok active=2
[  49.633s] SEND #00298 table=page_000742_table_5 lag=   0.2ms active=3
[  49.684s] SEND #00299 table=page_001166_table_5 lag=   1.0ms active=4
[  49.814s] SEND #00300 table=page_000270_table_box_id_0 lag=   0.8ms active=5
[  49.875s] SEND #00301 table=page_000295_table_box_id_1 lag=   1.0ms active=6
[  49.922s] SEND #00302 table=page_000934_table_1 lag=   0.8ms active=7
[  49.937s] SEND #00303 table=page_000200_table_box_id_2 lag=   1.3ms active=8
[  49.992s] SEND #00304 table=page_001121_table_10 lag=   1.1ms active=9
[  50.109s] RECV #00299 table=page_001166_table_5 request= 0.424s scheduled= 0.425s status=ok active=8
[  50.482s] RECV #00302 table=page_000934_table_1 request= 0.560s scheduled= 0.561s status=ok active=7
[  50.487s] RECV #00298 table=page_000742_table_5 request= 0.853s scheduled= 0.853s status=ok active=6
[  50.674s] SEND #00305 table=page_000268_table_box_id_4 lag=   0.9ms active=7
[  50.773s] SEND #00306 table=page_000212_table_box_id_1 lag=   0.7ms active=8
[  50.822s] RECV #00303 table=page_000200_table_box_id_2 request= 0.885s scheduled= 0.886s status=ok active=7
[  50.949s] SEND #00307 table=page_000292_table_box_id_1 lag=   0.9ms active=8
[  51.090s] RECV #00296 table=page_000259_table_box_id_1 request= 1.832s scheduled= 1.832s status=ok active=7
[  51.121s] SEND #00308 table=page_000010_table_box_id_1 lag=   0.5ms active=8
[  51.298s] RECV #00305 table=page_000268_table_box_id_4 request= 0.624s scheduled= 0.625s status=ok active=7
[  51.433s] RECV #00308 table=page_000010_table_box_id_1 request= 0.312s scheduled= 0.313s status=ok active=6
[  51.559s] RECV #00304 table=page_001121_table_10 request= 1.568s scheduled= 1.569s status=ok active=5
[  51.592s] SEND #00309 table=page_001494_table_9 lag=   0.8ms active=6
[  51.675s] SEND #00310 table=page_000505_table_1 lag=   1.1ms active=7
[  51.736s] SEND #00311 table=page_001637_table_4 lag=   0.8ms active=8
[  51.801s] SEND #00312 table=page_000288_table_box_id_1 lag=   0.4ms active=9
[  51.865s] SEND #00313 table=page_001170_table_7 lag=   0.7ms active=10
[  51.898s] RECV #00309 table=page_001494_table_9 request= 0.306s scheduled= 0.307s status=ok active=9
[  51.954s] RECV #00311 table=page_001637_table_4 request= 0.218s scheduled= 0.219s status=ok active=8
[  52.178s] SEND #00314 table=page_001223_table_9 lag=   0.9ms active=9
[  52.198s] RECV #00285 table=page_000276_table_box_id_5 request= 5.688s scheduled= 5.689s status=ok active=8
[  52.435s] RECV #00313 table=page_001170_table_7 request= 0.570s scheduled= 0.570s status=ok active=7
[  52.503s] RECV #00306 table=page_000212_table_box_id_1 request= 1.730s scheduled= 1.730s status=ok active=6
[  52.551s] SEND #00315 table=page_001223_table_9 lag=   0.8ms active=7
[  52.612s] SEND #00316 table=page_000106_table_box_id_4 lag=   1.4ms active=8
[  52.679s] SEND #00317 table=page_000754_table_7 lag=   0.3ms active=9
[  52.811s] SEND #00318 table=page_001368_table_box_id_268 lag=   1.2ms active=10
[  52.842s] RECV #00316 table=page_000106_table_box_id_4 request= 0.230s scheduled= 0.231s status=ok active=9
[  52.955s] SEND #00319 table=page_000239_table_box_id_7 lag=   1.0ms active=10
[  53.031s] RECV #00317 table=page_000754_table_7 request= 0.352s scheduled= 0.353s status=ok active=9
[  53.067s] RECV #00318 table=page_001368_table_box_id_268 request= 0.256s scheduled= 0.257s status=ok active=8
[  53.105s] SEND #00320 table=page_001141_table_13 lag=   0.6ms active=9
[  53.152s] SEND #00321 table=page_000984_table_2 lag=   0.5ms active=10
[  53.156s] SEND #00322 table=page_001227_table_10 lag=   0.8ms active=11
[  53.203s] SEND #00323 table=page_001342_table_2 lag=   1.0ms active=12
[  53.215s] SEND #00324 table=page_000147_table_box_id_3 lag=   0.6ms active=13
[  53.278s] RECV #00319 table=page_000239_table_box_id_7 request= 0.323s scheduled= 0.324s status=ok active=12
[  53.348s] SEND #00325 table=page_000832_table_4 lag=   0.9ms active=13
[  53.360s] SEND #00326 table=page_000710_table_9 lag=   0.3ms active=14
[  53.366s] RECV #00300 table=page_000270_table_box_id_0 request= 3.552s scheduled= 3.553s status=ok active=13
[  53.373s] SEND #00327 table=page_000937_table_0 lag=   0.3ms active=14
[  53.430s] RECV #00310 table=page_000505_table_1 request= 1.755s scheduled= 1.756s status=ok active=13
[  53.531s] RECV #00321 table=page_000984_table_2 request= 0.378s scheduled= 0.379s status=ok active=12
[  53.542s] SEND #00328 table=page_000566_table_3 lag=   0.9ms active=13
[  53.599s] SEND #00329 table=page_001242_table_4 lag=   0.9ms active=14
[  53.861s] SEND #00330 table=page_001408_table_16 lag=   1.0ms active=15
[  53.960s] RECV #00314 table=page_001223_table_9 request= 1.781s scheduled= 1.782s status=ok active=14
[  53.974s] SEND #00331 table=page_000789_table_34 lag=   0.6ms active=15
[  54.013s] RECV #00320 table=page_001141_table_13 request= 0.908s scheduled= 0.908s status=ok active=14
[  54.047s] RECV #00324 table=page_000147_table_box_id_3 request= 0.832s scheduled= 0.833s status=ok active=13
[  54.190s] RECV #00325 table=page_000832_table_4 request= 0.841s scheduled= 0.842s status=ok active=12
[  54.280s] RECV #00326 table=page_000710_table_9 request= 0.920s scheduled= 0.920s status=ok active=11
[  54.305s] SEND #00332 table=page_000147_table_box_id_3 lag=   0.8ms active=12
[  54.333s] SEND #00333 table=page_001174_table_box_id_2 lag=   0.6ms active=13
[  54.425s] RECV #00323 table=page_001342_table_2 request= 1.222s scheduled= 1.224s status=ok active=12
[  54.449s] SEND #00334 table=page_000633_table_5 lag=   0.4ms active=13
[  54.595s] RECV #00315 table=page_001223_table_9 request= 2.043s scheduled= 2.044s status=ok active=12
[  54.647s] RECV #00330 table=page_001408_table_16 request= 0.785s scheduled= 0.786s status=ok active=11
[  54.713s] SEND #00335 table=page_001368_table_box_id_273 lag=   0.7ms active=12
[  54.718s] RECV #00331 table=page_000789_table_34 request= 0.744s scheduled= 0.745s status=ok active=11
[  54.726s] SEND #00336 table=page_000207_table_box_id_1 lag=   0.8ms active=12
[  54.755s] RECV #00327 table=page_000937_table_0 request= 1.381s scheduled= 1.382s status=ok active=11
[  54.844s] RECV #00332 table=page_000147_table_box_id_3 request= 0.539s scheduled= 0.540s status=ok active=10
[  54.945s] RECV #00329 table=page_001242_table_4 request= 1.346s scheduled= 1.347s status=ok active=9
[  55.086s] RECV #00335 table=page_001368_table_box_id_273 request= 0.373s scheduled= 0.373s status=ok active=8
[  55.223s] SEND #00337 table=page_001117_table_box_id_7 lag=   0.8ms active=9
[  55.255s] SEND #00338 table=page_001147_table_5 lag=   0.8ms active=10
[  55.306s] RECV #00333 table=page_001174_table_box_id_2 request= 0.973s scheduled= 0.974s status=ok active=9
[  55.379s] RECV #00307 table=page_000292_table_box_id_1 request= 4.430s scheduled= 4.431s status=ok active=8
[  55.504s] SEND #00339 table=page_001398_table_box-bfny2f1z lag=   0.5ms active=9
[  55.556s] RECV #00328 table=page_000566_table_3 request= 2.014s scheduled= 2.015s status=ok active=8
[  55.639s] RECV #00337 table=page_001117_table_box_id_7 request= 0.416s scheduled= 0.417s status=ok active=7
[  55.816s] RECV #00322 table=page_001227_table_10 request= 2.660s scheduled= 2.661s status=ok active=6
[  55.990s] RECV #00339 table=page_001398_table_box-bfny2f1z request= 0.485s scheduled= 0.486s status=ok active=5
[  56.204s] SEND #00340 table=page_000292_table_box_id_2 lag=   1.1ms active=6
[  56.448s] RECV #00336 table=page_000207_table_box_id_1 request= 1.721s scheduled= 1.722s status=ok active=5
[  56.490s] SEND #00341 table=page_001144_table_11 lag=   0.6ms active=6
[  56.554s] SEND #00342 table=page_000661_table_4 lag=   0.2ms active=7
[  56.574s] SEND #00343 table=page_000984_table_2 lag=   1.0ms active=8
[  56.695s] SEND #00344 table=page_001155_table_4 lag=   1.3ms active=9
[  56.704s] RECV #00342 table=page_000661_table_4 request= 0.150s scheduled= 0.150s status=ok active=8
[  56.774s] RECV #00343 table=page_000984_table_2 request= 0.200s scheduled= 0.201s status=ok active=7
[  56.852s] RECV #00344 table=page_001155_table_4 request= 0.157s scheduled= 0.159s status=ok active=6
[  57.113s] SEND #00345 table=page_001368_table_box_id_239 lag=   0.4ms active=7
[  57.171s] SEND #00346 table=page_001367_table_60 lag=   0.2ms active=8
[  57.186s] RECV #00341 table=page_001144_table_11 request= 0.695s scheduled= 0.696s status=ok active=7
[  57.214s] RECV #00334 table=page_000633_table_5 request= 2.765s scheduled= 2.766s status=ok active=6
[  57.337s] RECV #00301 table=page_000295_table_box_id_1 request= 7.462s scheduled= 7.463s status=ok active=5
[  57.399s] RECV #00345 table=page_001368_table_box_id_239 request= 0.286s scheduled= 0.286s status=ok active=4
[  57.546s] SEND #00347 table=page_000758_table_21 lag=   1.4ms active=5
[  57.571s] SEND #00348 table=page_000253_table_box_id_7 lag=   0.9ms active=6
[  57.634s] RECV #00347 table=page_000758_table_21 request= 0.088s scheduled= 0.090s status=ok active=5
[  57.846s] RECV #00338 table=page_001147_table_5 request= 2.591s scheduled= 2.591s status=ok active=4
[  57.889s] RECV #00340 table=page_000292_table_box_id_2 request= 1.685s scheduled= 1.686s status=ok active=3
[  57.911s] RECV #00348 table=page_000253_table_box_id_7 request= 0.340s scheduled= 0.341s status=ok active=2
[  57.972s] SEND #00349 table=page_000866_table_10 lag=   0.4ms active=3
[  57.978s] SEND #00350 table=page_000534_table_3 lag=   0.6ms active=4
[  58.042s] SEND #00351 table=page_000446_table_3 lag=   1.0ms active=5
[  58.102s] RECV #00349 table=page_000866_table_10 request= 0.129s scheduled= 0.130s status=ok active=4
[  58.295s] RECV #00350 table=page_000534_table_3 request= 0.317s scheduled= 0.318s status=ok active=3
[  58.431s] SEND #00352 table=page_000673_table_1 lag=   1.1ms active=4
[  58.656s] RECV #00352 table=page_000673_table_1 request= 0.225s scheduled= 0.227s status=ok active=3
[  58.702s] SEND #00353 table=page_001200_table_2 lag=   0.6ms active=4
[  58.959s] RECV #00312 table=page_000288_table_box_id_1 request= 7.158s scheduled= 7.158s status=ok active=3
[  59.099s] SEND #00354 table=page_000230_table_box_id_7 lag=   1.3ms active=4
[  59.405s] SEND #00355 table=page_001183_table_11 lag=   1.3ms active=5
[  59.632s] SEND #00356 table=page_000248_table_box_id_1 lag=   0.4ms active=6
[  59.827s] SEND #00357 table=page_000531_table_5 lag=   0.3ms active=7
[  59.860s] SEND #00358 table=page_001131_table_15 lag=   0.4ms active=8
[  59.867s] RECV #00355 table=page_001183_table_11 request= 0.462s scheduled= 0.464s status=ok active=7
[  59.956s] SEND #00359 table=page_000824_table_0 lag=   1.4ms active=8
[  59.983s] SEND #00360 table=page_000225_table_box_id_9 lag=   0.5ms active=9
[  60.193s] SEND #00361 table=page_000241_table_box_id_2 lag=   1.3ms active=10
[  60.282s] RECV #00358 table=page_001131_table_15 request= 0.422s scheduled= 0.422s status=ok active=9
[  60.376s] SEND #00362 table=page_001132_table_box_id_10 lag=   0.9ms active=10
[  60.425s] SEND #00363 table=page_001368_table_box_id_255 lag=   1.1ms active=11
[  60.436s] SEND #00364 table=page_000011_table_box_id_1 lag=   0.6ms active=12
[  60.538s] RECV #00357 table=page_000531_table_5 request= 0.711s scheduled= 0.711s status=ok active=11
[  60.627s] RECV #00360 table=page_000225_table_box_id_9 request= 0.643s scheduled= 0.644s status=ok active=10
[  60.686s] RECV #00356 table=page_000248_table_box_id_1 request= 1.054s scheduled= 1.054s status=ok active=9
[  60.730s] RECV #00359 table=page_000824_table_0 request= 0.775s scheduled= 0.776s status=ok active=8
[  60.920s] RECV #00346 table=page_001367_table_60 request= 3.749s scheduled= 3.749s status=ok active=7
[  60.987s] SEND #00365 table=page_001148_table_3 lag=   0.6ms active=8
[  60.989s] RECV #00363 table=page_001368_table_box_id_255 request= 0.564s scheduled= 0.565s status=ok active=7
[  61.018s] RECV #00353 table=page_001200_table_2 request= 2.316s scheduled= 2.316s status=ok active=6
[  61.067s] RECV #00361 table=page_000241_table_box_id_2 request= 0.874s scheduled= 0.875s status=ok active=5
[  61.181s] RECV #00354 table=page_000230_table_box_id_7 request= 2.083s scheduled= 2.084s status=ok active=4
[  61.262s] SEND #00366 table=page_001499_table_12 lag=   0.6ms active=5
[  61.395s] SEND #00367 table=page_000499_table_0 lag=   0.9ms active=6
[  61.525s] SEND #00368 table=page_001130_table_13 lag=   0.7ms active=7
[  61.669s] RECV #00362 table=page_001132_table_box_id_10 request= 1.293s scheduled= 1.294s status=ok active=6
[  61.694s] RECV #00364 table=page_000011_table_box_id_1 request= 1.258s scheduled= 1.258s status=ok active=5
[  61.720s] RECV #00351 table=page_000446_table_3 request= 3.679s scheduled= 3.679s status=ok active=4
[  61.766s] RECV #00368 table=page_001130_table_13 request= 0.241s scheduled= 0.241s status=ok active=3
[  61.842s] SEND #00369 table=page_001139_table_5 lag=   0.2ms active=4
[  61.857s] RECV #00366 table=page_001499_table_12 request= 0.595s scheduled= 0.596s status=ok active=3
[  61.944s] SEND #00370 table=page_000263_table_box_id_7 lag=   1.2ms active=4
[  62.028s] SEND #00371 table=page_000278_table_box_id_1 lag=   1.0ms active=5
[  62.096s] SEND #00372 table=page_000516_table_0 lag=   0.9ms active=6
[  62.146s] SEND #00373 table=page_001191_table_2 lag=   1.0ms active=7
[  62.150s] SEND #00374 table=page_000243_table_box-xkm41jlm lag=   0.5ms active=8
[  62.324s] SEND #00375 table=page_000298_table_5 lag=   1.0ms active=9
[  62.414s] SEND #00376 table=page_000280_table_box_id_1 lag=   1.0ms active=10
[  62.481s] RECV #00367 table=page_000499_table_0 request= 1.086s scheduled= 1.087s status=ok active=9
[  62.555s] SEND #00377 table=page_001637_table_5 lag=   1.4ms active=10
[  62.565s] SEND #00378 table=page_001368_table_box_id_220 lag=   1.3ms active=11
[  62.639s] SEND #00379 table=page_001368_table_box_id_237 lag=   1.3ms active=12
[  62.662s] SEND #00380 table=page_001167_table_8 lag=   0.1ms active=13
[  62.685s] SEND #00381 table=page_000234_table_box_id_5 lag=   0.5ms active=14
[  62.710s] RECV #00373 table=page_001191_table_2 request= 0.564s scheduled= 0.565s status=ok active=13
[  62.735s] SEND #00382 table=page_000932_table_3 lag=   0.3ms active=14
[  62.867s] RECV #00374 table=page_000243_table_box-xkm41jlm request= 0.717s scheduled= 0.718s status=ok active=13
[  62.963s] RECV #00377 table=page_001637_table_5 request= 0.408s scheduled= 0.409s status=ok active=12
[  63.029s] SEND #00383 table=page_000244_table_box_id_8 lag=   0.5ms active=13
[  63.114s] SEND #00384 table=page_000226_table_box_id_0 lag=   0.7ms active=14
[  63.120s] RECV #00375 table=page_000298_table_5 request= 0.797s scheduled= 0.798s status=ok active=13
[  63.164s] RECV #00378 table=page_001368_table_box_id_220 request= 0.598s scheduled= 0.599s status=ok active=12
[  63.199s] SEND #00385 table=page_001503_table_5 lag=   0.4ms active=13
[  63.357s] SEND #00386 table=page_001368_table_box_id_273 lag=   0.3ms active=14
[  63.383s] RECV #00365 table=page_001148_table_3 request= 2.396s scheduled= 2.397s status=ok active=13
[  63.403s] SEND #00387 table=page_000514_table_6 lag=   2.1ms active=14
[  63.403s] SEND #00388 table=page_001193_table_4 lag=   1.1ms active=15
[  63.501s] RECV #00379 table=page_001368_table_box_id_237 request= 0.862s scheduled= 0.863s status=ok active=14
[  63.528s] SEND #00389 table=page_000268_table_box_id_4 lag=   0.7ms active=15
[  63.582s] RECV #00380 table=page_001167_table_8 request= 0.920s scheduled= 0.920s status=ok active=14
[  63.644s] SEND #00390 table=page_000911_table_box_id_5 lag=   0.3ms active=15
[  63.820s] SEND #00391 table=page_000603_table_7 lag=   1.9ms active=16
[  63.848s] RECV #00382 table=page_000932_table_3 request= 1.114s scheduled= 1.114s status=ok active=15
[  63.915s] SEND #00392 table=page_001189_table_box_id_2 lag=   0.8ms active=16
[  64.000s] RECV #00372 table=page_000516_table_0 request= 1.904s scheduled= 1.905s status=ok active=15
[  64.108s] SEND #00393 table=page_000324_table_0 lag=   0.7ms active=16
[  64.113s] RECV #00383 table=page_000244_table_box_id_8 request= 1.084s scheduled= 1.084s status=ok active=15
[  64.148s] RECV #00385 table=page_001503_table_5 request= 0.949s scheduled= 0.950s status=ok active=14
[  64.327s] SEND #00394 table=page_000290_table_box_id_1 lag=   0.8ms active=15
[  64.339s] RECV #00386 table=page_001368_table_box_id_273 request= 0.982s scheduled= 0.983s status=ok active=14
[  64.373s] SEND #00395 table=page_000844_table_6 lag=   0.8ms active=15
[  64.444s] RECV #00384 table=page_000226_table_box_id_0 request= 1.330s scheduled= 1.331s status=ok active=14
[  64.486s] SEND #00396 table=page_000944_table_0 lag=   0.9ms active=15
[  64.565s] RECV #00369 table=page_001139_table_5 request= 2.723s scheduled= 2.723s status=ok active=14
[  64.595s] SEND #00397 table=page_001378_table_box_id_1 lag=   0.4ms active=15
[  64.637s] SEND #00398 table=page_000792_table_4 lag=   0.7ms active=16
[  64.726s] SEND #00399 table=page_001187_table_0 lag=   0.9ms active=17
[  64.863s] SEND #00400 table=page_000210_table_box_id_0 lag=   0.3ms active=18
[  64.878s] RECV #00388 table=page_001193_table_4 request= 1.475s scheduled= 1.476s status=ok active=17
[  64.961s] RECV #00390 table=page_000911_table_box_id_5 request= 1.318s scheduled= 1.318s status=ok active=16
[  65.023s] RECV #00389 table=page_000268_table_box_id_4 request= 1.495s scheduled= 1.495s status=ok active=15
[  65.178s] RECV #00387 table=page_000514_table_6 request= 1.775s scheduled= 1.777s status=ok active=14
[  65.258s] SEND #00401 table=page_000274_table_box_id_0 lag=   0.5ms active=15
[  65.308s] RECV #00393 table=page_000324_table_0 request= 1.200s scheduled= 1.201s status=ok active=14
[  65.476s] RECV #00391 table=page_000603_table_7 request= 1.656s scheduled= 1.658s status=ok active=13
[  65.580s] RECV #00392 table=page_001189_table_box_id_2 request= 1.666s scheduled= 1.666s status=ok active=12
[  65.667s] RECV #00381 table=page_000234_table_box_id_5 request= 2.982s scheduled= 2.983s status=ok active=11
[  65.675s] SEND #00402 table=page_000221_table_box_id_3 lag=   0.8ms active=12
[  65.729s] SEND #00403 table=page_001121_table_7 lag=   0.9ms active=13
[  65.767s] RECV #00398 table=page_000792_table_4 request= 1.129s scheduled= 1.130s status=ok active=12
[  65.902s] SEND #00404 table=page_000231_table_box_id_2 lag=   1.2ms active=13
[  65.910s] SEND #00405 table=page_000585_table_1 lag=   0.8ms active=14
[  65.922s] SEND #00406 table=page_001398_table_box-13qv1ztw lag=   0.3ms active=15
[  65.939s] RECV #00395 table=page_000844_table_6 request= 1.566s scheduled= 1.567s status=ok active=14
[  66.043s] SEND #00407 table=page_001035_table_28 lag=   2.0ms active=15
[  66.181s] RECV #00397 table=page_001378_table_box_id_1 request= 1.586s scheduled= 1.587s status=ok active=14
[  66.380s] RECV #00396 table=page_000944_table_0 request= 1.894s scheduled= 1.895s status=ok active=13
[  66.392s] SEND #00408 table=page_000283_table_box_id_1 lag=   0.9ms active=14
[  66.421s] SEND #00409 table=page_000639_table_4 lag=   0.8ms active=15
[  66.518s] RECV #00370 table=page_000263_table_box_id_7 request= 4.574s scheduled= 4.576s status=ok active=14
[  66.663s] SEND #00410 table=page_000522_table_1 lag=   1.3ms active=15
[  66.679s] RECV #00400 table=page_000210_table_box_id_0 request= 1.817s scheduled= 1.817s status=ok active=14
[  66.876s] RECV #00403 table=page_001121_table_7 request= 1.147s scheduled= 1.148s status=ok active=13
[  66.981s] RECV #00376 table=page_000280_table_box_id_1 request= 4.568s scheduled= 4.569s status=ok active=12
[  67.020s] SEND #00411 table=page_000634_table_1 lag=   0.5ms active=13
[  67.083s] SEND #00412 table=page_000641_table_8 lag=   1.1ms active=14
[  67.178s] RECV #00406 table=page_001398_table_box-13qv1ztw request= 1.256s scheduled= 1.256s status=ok active=13
[  67.279s] SEND #00413 table=page_001367_table_73 lag=   0.3ms active=14
[  67.332s] RECV #00402 table=page_000221_table_box_id_3 request= 1.657s scheduled= 1.658s status=ok active=13
[  67.594s] SEND #00414 table=page_000217_table_box_id_0 lag=   0.6ms active=14
[  67.660s] RECV #00401 table=page_000274_table_box_id_0 request= 2.401s scheduled= 2.402s status=ok active=13
[  67.671s] SEND #00415 table=page_001209_table_4 lag=   0.4ms active=14
[  67.874s] SEND #00416 table=page_000279_table_box-fy04hrwa lag=   1.1ms active=15
[  67.890s] RECV #00405 table=page_000585_table_1 request= 1.979s scheduled= 1.980s status=ok active=14
[  67.960s] RECV #00407 table=page_001035_table_28 request= 1.917s scheduled= 1.919s status=ok active=13
[  68.096s] SEND #00417 table=page_000265_table_box_id_3 lag=   1.3ms active=14
[  68.181s] RECV #00410 table=page_000522_table_1 request= 1.518s scheduled= 1.519s status=ok active=13
[  68.246s] SEND #00418 table=page_000520_table_0 lag=   0.6ms active=14
[  68.262s] RECV #00404 table=page_000231_table_box_id_2 request= 2.359s scheduled= 2.360s status=ok active=13
[  68.377s] RECV #00412 table=page_000641_table_8 request= 1.294s scheduled= 1.295s status=ok active=12
[  68.497s] RECV #00413 table=page_001367_table_73 request= 1.218s scheduled= 1.219s status=ok active=11
[  68.570s] SEND #00419 table=page_001499_table_12 lag=   1.4ms active=12
[  68.637s] RECV #00411 table=page_000634_table_1 request= 1.617s scheduled= 1.618s status=ok active=11
[  68.754s] RECV #00415 table=page_001209_table_4 request= 1.083s scheduled= 1.083s status=ok active=10
[  68.866s] RECV #00414 table=page_000217_table_box_id_0 request= 1.272s scheduled= 1.272s status=ok active=9
[  68.948s] SEND #00420 table=page_000564_table_7 lag=   0.9ms active=10
[  69.014s] RECV #00418 table=page_000520_table_0 request= 0.768s scheduled= 0.768s status=ok active=9
[  69.402s] RECV #00419 table=page_001499_table_12 request= 0.832s scheduled= 0.834s status=ok active=8
[  69.484s] RECV #00409 table=page_000639_table_4 request= 3.063s scheduled= 3.064s status=ok active=7
[  69.484s] SEND #00421 table=page_001198_table_8 lag=   0.6ms active=8
[  69.519s] RECV #00399 table=page_001187_table_0 request= 4.793s scheduled= 4.794s status=ok active=7
[  69.625s] SEND #00422 table=page_000219_table_box_id_3 lag=   0.6ms active=8
[  69.658s] SEND #00423 table=page_001011_table_35 lag=   1.0ms active=9
[  69.706s] SEND #00424 table=page_000451_table_10 lag=   0.5ms active=10
[  69.746s] SEND #00425 table=page_001406_table_8 lag=   0.4ms active=11
[  69.887s] SEND #00426 table=page_000519_table_1 lag=   0.6ms active=12
[  69.890s] RECV #00420 table=page_000564_table_7 request= 0.943s scheduled= 0.944s status=ok active=11
[  69.934s] RECV #00417 table=page_000265_table_box_id_3 request= 1.838s scheduled= 1.839s status=ok active=10
[  70.123s] SEND #00427 table=page_000201_table_box_id_3 lag=   0.7ms active=11
[  70.132s] SEND #00428 table=page_000927_table_2 lag=   0.5ms active=12
[  70.190s] RECV #00423 table=page_001011_table_35 request= 0.533s scheduled= 0.533s status=ok active=11
[  70.300s] RECV #00422 table=page_000219_table_box_id_3 request= 0.675s scheduled= 0.675s status=ok active=10
[  70.323s] SEND #00429 table=page_000514_table_6 lag=   1.0ms active=11
[  70.412s] RECV #00421 table=page_001198_table_8 request= 0.928s scheduled= 0.929s status=ok active=10
[  70.532s] RECV #00371 table=page_000278_table_box_id_1 request= 8.504s scheduled= 8.505s status=ok active=9
[  70.533s] SEND #00430 table=page_000800_table_10 lag=   0.1ms active=10
[  70.606s] SEND #00431 table=page_000465_table_9 lag=   1.5ms active=11
[  70.690s] RECV #00425 table=page_001406_table_8 request= 0.944s scheduled= 0.944s status=ok active=10
[  70.726s] SEND #00432 table=page_000940_table_1 lag=   1.1ms active=11
[  70.756s] SEND #00433 table=page_001395_table_6 lag=   0.8ms active=12
[  70.795s] RECV #00427 table=page_000201_table_box_id_3 request= 0.671s scheduled= 0.672s status=ok active=11
[  70.840s] RECV #00430 table=page_000800_table_10 request= 0.307s scheduled= 0.307s status=ok active=10
[  70.930s] RECV #00428 table=page_000927_table_2 request= 0.798s scheduled= 0.799s status=ok active=9
[  70.974s] SEND #00434 table=page_000295_table_box_id_1 lag=   0.9ms active=10
[  70.981s] SEND #00435 table=page_000677_table_23 lag=   0.7ms active=11
[  71.049s] RECV #00432 table=page_000940_table_1 request= 0.323s scheduled= 0.324s status=ok active=10
[  71.267s] RECV #00426 table=page_000519_table_1 request= 1.380s scheduled= 1.381s status=ok active=9
[  71.445s] RECV #00431 table=page_000465_table_9 request= 0.839s scheduled= 0.840s status=ok active=8
[  71.496s] RECV #00433 table=page_001395_table_6 request= 0.741s scheduled= 0.741s status=ok active=7
[  71.507s] RECV #00435 table=page_000677_table_23 request= 0.526s scheduled= 0.527s status=ok active=6
[  71.618s] RECV #00429 table=page_000514_table_6 request= 1.294s scheduled= 1.295s status=ok active=5
[  71.643s] SEND #00436 table=page_001137_table_9 lag=   0.7ms active=6
[  71.834s] RECV #00424 table=page_000451_table_10 request= 2.129s scheduled= 2.129s status=ok active=5
[  71.918s] SEND #00437 table=page_001137_table_10 lag=   0.7ms active=6
[  72.083s] SEND #00438 table=page_000982_table_16 lag=   0.8ms active=7
[  72.135s] SEND #00439 table=page_000938_table_3 lag=   0.6ms active=8
[  72.412s] RECV #00438 table=page_000982_table_16 request= 0.329s scheduled= 0.329s status=ok active=7
[  72.541s] SEND #00440 table=page_001145_table_3 lag=   0.4ms active=8
[  72.556s] RECV #00439 table=page_000938_table_3 request= 0.421s scheduled= 0.422s status=ok active=7
[  72.914s] RECV #00394 table=page_000290_table_box_id_1 request= 8.587s scheduled= 8.588s status=ok active=6
[  73.013s] RECV #00440 table=page_001145_table_3 request= 0.472s scheduled= 0.472s status=ok active=5
[  73.075s] SEND #00441 table=page_000512_table_0 lag=   0.4ms active=6
[  73.100s] SEND #00442 table=page_000536_table_4 lag=   0.1ms active=7
[  73.350s] SEND #00443 table=page_000623_table_7 lag=   0.8ms active=8
[  73.657s] SEND #00444 table=page_001368_table_box_id_229 lag=   0.5ms active=9
[  73.765s] RECV #00416 table=page_000279_table_box-fy04hrwa request= 5.892s scheduled= 5.893s status=ok active=8
[  73.803s] RECV #00436 table=page_001137_table_9 request= 2.160s scheduled= 2.160s status=ok active=7
[  73.823s] RECV #00442 table=page_000536_table_4 request= 0.723s scheduled= 0.723s status=ok active=6
[  73.838s] SEND #00445 table=page_000216_table_box_id_0 lag=   1.6ms active=7
[  74.038s] SEND #00446 table=page_000223_table_box_id_2 lag=   0.7ms active=8
[  74.136s] SEND #00447 table=page_001147_table_5 lag=   0.3ms active=9
[  74.409s] RECV #00444 table=page_001368_table_box_id_229 request= 0.752s scheduled= 0.753s status=ok active=8
[  74.567s] SEND #00448 table=page_000521_table_2 lag=   1.2ms active=9
[  74.588s] RECV #00408 table=page_000283_table_box_id_1 request= 8.196s scheduled= 8.197s status=ok active=8
[  74.638s] RECV #00443 table=page_000623_table_7 request= 1.288s scheduled= 1.289s status=ok active=7
[  74.644s] RECV #00437 table=page_001137_table_10 request= 2.726s scheduled= 2.727s status=ok active=6
[  75.051s] RECV #00441 table=page_000512_table_0 request= 1.976s scheduled= 1.976s status=ok active=5
[  75.157s] SEND #00449 table=page_000755_table_3 lag=   0.4ms active=6
[  75.238s] SEND #00450 table=page_000766_table_2 lag=   0.8ms active=7
[  75.353s] RECV #00449 table=page_000755_table_3 request= 0.196s scheduled= 0.196s status=ok active=6
[  75.482s] RECV #00446 table=page_000223_table_box_id_2 request= 1.444s scheduled= 1.444s status=ok active=5
[  75.491s] RECV #00448 table=page_000521_table_2 request= 0.924s scheduled= 0.926s status=ok active=4
[  75.509s] SEND #00451 table=page_000649_table_3 lag=   0.9ms active=5
[  75.602s] SEND #00452 table=page_000218_table_box_id_4 lag=   0.2ms active=6
[  75.633s] SEND #00453 table=page_000628_table_6 lag=   1.0ms active=7
[  75.699s] SEND #00454 table=page_000267_table_box_id_1 lag=   1.1ms active=8
[  75.721s] SEND #00455 table=page_000838_table_18 lag=   0.5ms active=9
[  76.121s] SEND #00456 table=page_000275_table_box_id_1 lag=   1.3ms active=10
[  76.655s] SEND #00457 table=page_000628_table_14 lag=   1.5ms active=11
[  76.676s] SEND #00458 table=page_000913_table_11 lag=   1.1ms active=12
[  76.829s] SEND #00459 table=page_000214_table_box_id_6 lag=   1.0ms active=13
[  76.916s] SEND #00460 table=page_001367_table_69 lag=   0.4ms active=14
[  76.937s] SEND #00461 table=page_000642_table_8 lag=   1.1ms active=15
[  76.986s] RECV #00447 table=page_001147_table_5 request= 2.850s scheduled= 2.851s status=ok active=14
[  76.997s] SEND #00462 table=page_000225_table_box_id_13 lag=   2.1ms active=15
[  77.042s] SEND #00463 table=page_001122_table_2 lag=   0.3ms active=16
[  77.070s] RECV #00455 table=page_000838_table_18 request= 1.349s scheduled= 1.350s status=ok active=15
[  77.271s] RECV #00451 table=page_000649_table_3 request= 1.762s scheduled= 1.763s status=ok active=14
[  77.273s] SEND #00464 table=page_001493_table_box_id_19 lag=   0.2ms active=15
[  77.274s] SEND #00465 table=page_001157_table_5 lag=   0.5ms active=16
[  77.309s] SEND #00466 table=page_001368_table_box_id_167 lag=   0.2ms active=17
[  77.406s] SEND #00467 table=page_000204_table_box_id_6 lag=   0.7ms active=18
[  77.409s] SEND #00468 table=page_001196_table_13 lag=   0.8ms active=19
[  77.574s] SEND #00469 table=page_001131_table_10 lag=   1.2ms active=20
[  77.616s] RECV #00434 table=page_000295_table_box_id_1 request= 6.642s scheduled= 6.643s status=ok active=19
[  77.711s] RECV #00453 table=page_000628_table_6 request= 2.078s scheduled= 2.079s status=ok active=18
[  77.729s] SEND #00470 table=page_000255_table_box_id_2 lag=   0.6ms active=19
[  77.848s] RECV #00452 table=page_000218_table_box_id_4 request= 2.245s scheduled= 2.245s status=ok active=18
[  77.889s] RECV #00457 table=page_000628_table_14 request= 1.233s scheduled= 1.235s status=ok active=17
[  77.985s] RECV #00458 table=page_000913_table_11 request= 1.309s scheduled= 1.310s status=ok active=16
[  78.029s] SEND #00471 table=page_000702_table_5 lag=   0.5ms active=17
[  78.068s] SEND #00472 table=page_000522_table_1 lag=   0.6ms active=18
[  78.124s] SEND #00473 table=page_000506_table_7 lag=   0.4ms active=19
[  78.128s] RECV #00445 table=page_000216_table_box_id_0 request= 4.290s scheduled= 4.292s status=ok active=18
[  78.254s] SEND #00474 table=page_000507_table_6 lag=   0.5ms active=19
[  78.308s] SEND #00475 table=page_001419_table_10 lag=   1.1ms active=20
[  78.390s] RECV #00460 table=page_001367_table_69 request= 1.475s scheduled= 1.475s status=ok active=19
[  78.443s] RECV #00463 table=page_001122_table_2 request= 1.401s scheduled= 1.401s status=ok active=18
[  78.454s] SEND #00476 table=page_001190_table_8 lag=   0.9ms active=19
[  78.502s] SEND #00477 table=page_001140_table_11 lag=   0.4ms active=20
[  78.592s] RECV #00464 table=page_001493_table_box_id_19 request= 1.319s scheduled= 1.319s status=ok active=19
[  78.653s] RECV #00450 table=page_000766_table_2 request= 3.415s scheduled= 3.416s status=ok active=18
[  78.694s] SEND #00478 table=page_001123_table_14 lag=   0.5ms active=19
[  78.747s] RECV #00466 table=page_001368_table_box_id_167 request= 1.438s scheduled= 1.438s status=ok active=18
[  78.956s] SEND #00479 table=page_001183_table_11 lag=   1.6ms active=19
[  79.026s] RECV #00462 table=page_000225_table_box_id_13 request= 2.029s scheduled= 2.031s status=ok active=18
[  79.110s] RECV #00465 table=page_001157_table_5 request= 1.836s scheduled= 1.836s status=ok active=17
[  79.230s] SEND #00480 table=page_000217_table_box_id_0 lag=   0.4ms active=18
[  79.240s] RECV #00467 table=page_000204_table_box_id_6 request= 1.835s scheduled= 1.835s status=ok active=17
[  79.386s] RECV #00471 table=page_000702_table_5 request= 1.357s scheduled= 1.358s status=ok active=16
[  79.450s] RECV #00459 table=page_000214_table_box_id_6 request= 2.621s scheduled= 2.622s status=ok active=15
[  79.701s] RECV #00461 table=page_000642_table_8 request= 2.763s scheduled= 2.764s status=ok active=14
[  79.791s] RECV #00472 table=page_000522_table_1 request= 1.723s scheduled= 1.723s status=ok active=13
[  79.823s] RECV #00454 table=page_000267_table_box_id_1 request= 4.124s scheduled= 4.125s status=ok active=12
[  79.838s] SEND #00481 table=page_001192_table_2 lag=   2.1ms active=13
[  79.895s] RECV #00468 table=page_001196_table_13 request= 2.486s scheduled= 2.487s status=ok active=12
[  79.969s] SEND #00482 table=page_000293_table_box_id_1 lag=   1.8ms active=13
[  80.028s] RECV #00469 table=page_001131_table_10 request= 2.454s scheduled= 2.455s status=ok active=12
[  80.080s] SEND #00483 table=page_000553_table_8 lag=   0.3ms active=13
[  80.242s] RECV #00475 table=page_001419_table_10 request= 1.934s scheduled= 1.935s status=ok active=12
[  80.403s] SEND #00484 table=page_000213_table_box_id_5 lag=   0.9ms active=13
[  80.434s] RECV #00478 table=page_001123_table_14 request= 1.740s scheduled= 1.741s status=ok active=12
[  80.648s] SEND #00485 table=page_000262_table_box_id_1 lag=   1.1ms active=13
[  80.660s] RECV #00479 table=page_001183_table_11 request= 1.704s scheduled= 1.706s status=ok active=12
[  80.789s] SEND #00486 table=page_001183_table_12 lag=   1.1ms active=13
[  80.822s] RECV #00480 table=page_000217_table_box_id_0 request= 1.592s scheduled= 1.592s status=ok active=12
[  80.869s] SEND #00487 table=page_000903_table_15 lag=   0.8ms active=13
[  80.925s] SEND #00488 table=page_001595_table_box_id_7 lag=   1.0ms active=14
[  80.945s] SEND #00489 table=page_000272_table_box_id_1 lag=   1.7ms active=15
[  80.997s] RECV #00474 table=page_000507_table_6 request= 2.743s scheduled= 2.743s status=ok active=14
[  81.072s] RECV #00473 table=page_000506_table_7 request= 2.948s scheduled= 2.949s status=ok active=13
[  81.218s] SEND #00490 table=page_000533_table_5 lag=   0.3ms active=14
[  81.226s] RECV #00476 table=page_001190_table_8 request= 2.772s scheduled= 2.772s status=ok active=13
[  81.239s] SEND #00491 table=page_000920_table_8 lag=   0.2ms active=14
[  81.459s] RECV #00477 table=page_001140_table_11 request= 2.957s scheduled= 2.957s status=ok active=13
[  81.469s] SEND #00492 table=page_001167_table_2 lag=   1.6ms active=14
[  81.600s] SEND #00493 table=page_001127_table_4 lag=   1.1ms active=15
[  81.719s] RECV #00485 table=page_000262_table_box_id_1 request= 1.071s scheduled= 1.072s status=ok active=14
[  81.873s] RECV #00484 table=page_000213_table_box_id_5 request= 1.470s scheduled= 1.471s status=ok active=13
[  81.874s] RECV #00487 table=page_000903_table_15 request= 1.005s scheduled= 1.006s status=ok active=12
[  82.160s] SEND #00494 table=page_001274_table_4 lag=   2.2ms active=13
[  82.162s] RECV #00486 table=page_001183_table_12 request= 1.373s scheduled= 1.374s status=ok active=12
[  82.397s] SEND #00495 table=page_001129_table_9 lag=   1.1ms active=13
[  82.405s] RECV #00483 table=page_000553_table_8 request= 2.325s scheduled= 2.325s status=ok active=12
[  82.522s] RECV #00490 table=page_000533_table_5 request= 1.304s scheduled= 1.304s status=ok active=11
[  82.755s] RECV #00491 table=page_000920_table_8 request= 1.516s scheduled= 1.517s status=ok active=10
[  82.849s] RECV #00470 table=page_000255_table_box_id_2 request= 5.120s scheduled= 5.121s status=ok active=9
[  82.942s] RECV #00488 table=page_001595_table_box_id_7 request= 2.017s scheduled= 2.018s status=ok active=8
[  83.003s] SEND #00496 table=page_000642_table_6 lag=   1.2ms active=9
[  83.011s] RECV #00492 table=page_001167_table_2 request= 1.541s scheduled= 1.543s status=ok active=8
[  83.026s] SEND #00497 table=page_001179_table_6 lag=   0.4ms active=9
[  83.130s] RECV #00481 table=page_001192_table_2 request= 3.292s scheduled= 3.294s status=ok active=8
[  83.142s] SEND #00498 table=page_001011_table_18 lag=   0.8ms active=9
[  83.284s] SEND #00499 table=page_000814_table_0 lag=   1.0ms active=10
[  83.346s] SEND #00500 table=page_000246_table_box_id_14 lag=   0.5ms active=11
[  83.463s] SEND #00501 table=page_001368_table_box_id_250 lag=   0.7ms active=12
[  83.491s] RECV #00495 table=page_001129_table_9 request= 1.094s scheduled= 1.095s status=ok active=11
[  83.536s] SEND #00502 table=page_000298_table_5 lag=   0.3ms active=12
[  83.561s] RECV #00493 table=page_001127_table_4 request= 1.961s scheduled= 1.962s status=ok active=11
[  83.650s] RECV #00499 table=page_000814_table_0 request= 0.366s scheduled= 0.367s status=ok active=10
[  83.662s] SEND #00503 table=page_001130_table_1 lag=   0.9ms active=11
[  83.662s] SEND #00504 table=page_001210_table_4 lag=   1.1ms active=12
[  83.759s] SEND #00505 table=page_000510_table_10 lag=   0.8ms active=13
[  83.851s] RECV #00500 table=page_000246_table_box_id_14 request= 0.505s scheduled= 0.506s status=ok active=12
[  83.859s] SEND #00506 table=page_000593_table_0 lag=   0.9ms active=13
[  83.919s] SEND #00507 table=page_000201_table_box_id_3 lag=   1.2ms active=14
[  83.933s] RECV #00498 table=page_001011_table_18 request= 0.790s scheduled= 0.791s status=ok active=13
[  84.005s] SEND #00508 table=page_001147_table_9 lag=   2.1ms active=14
[  84.150s] RECV #00501 table=page_001368_table_box_id_250 request= 0.688s scheduled= 0.689s status=ok active=13
[  84.232s] RECV #00496 table=page_000642_table_6 request= 1.229s scheduled= 1.231s status=ok active=12
[  84.260s] SEND #00509 table=page_000256_table_box_id_12 lag=   1.6ms active=13
[  84.332s] RECV #00503 table=page_001130_table_1 request= 0.670s scheduled= 0.671s status=ok active=12
[  84.452s] SEND #00510 table=page_001367_table_60 lag=   1.9ms active=13
[  84.473s] RECV #00505 table=page_000510_table_10 request= 0.714s scheduled= 0.715s status=ok active=12
[  84.563s] SEND #00511 table=page_001137_table_2 lag=   0.7ms active=13
[  84.652s] RECV #00502 table=page_000298_table_5 request= 1.116s scheduled= 1.117s status=ok active=12
[  84.738s] SEND #00512 table=page_001367_table_73 lag=   1.1ms active=13
[  84.817s] RECV #00456 table=page_000275_table_box_id_1 request= 8.696s scheduled= 8.697s status=ok active=12
[  84.818s] SEND #00513 table=page_000638_table_1 lag=   2.3ms active=13
[  84.856s] SEND #00514 table=page_000552_table_9 lag=   2.1ms active=14
[  84.856s] SEND #00515 table=page_000826_table_32 lag=   1.8ms active=15
[  84.910s] SEND #00516 table=page_000200_table_box_id_7 lag=   1.4ms active=16
[  84.952s] RECV #00507 table=page_000201_table_box_id_3 request= 1.033s scheduled= 1.034s status=ok active=15
[  85.061s] SEND #00517 table=page_000641_table_5 lag=   0.5ms active=16
[  85.309s] RECV #00509 table=page_000256_table_box_id_12 request= 1.049s scheduled= 1.051s status=ok active=15
[  85.417s] SEND #00518 table=page_001201_table_14 lag=   0.6ms active=16
[  85.488s] RECV #00506 table=page_000593_table_0 request= 1.629s scheduled= 1.630s status=ok active=15
[  85.563s] RECV #00504 table=page_001210_table_4 request= 1.901s scheduled= 1.903s status=ok active=14
[  85.642s] RECV #00482 table=page_000293_table_box_id_1 request= 5.673s scheduled= 5.675s status=ok active=13
[  85.711s] SEND #00519 table=page_001167_table_2 lag=   0.5ms active=14
[  85.713s] RECV #00497 table=page_001179_table_6 request= 2.687s scheduled= 2.687s status=ok active=13
[  85.821s] RECV #00512 table=page_001367_table_73 request= 1.083s scheduled= 1.084s status=ok active=12
[  85.831s] SEND #00520 table=page_000709_table_12 lag=   1.1ms active=13
[  85.849s] RECV #00514 table=page_000552_table_9 request= 0.993s scheduled= 0.995s status=ok active=12
[  85.993s] RECV #00515 table=page_000826_table_32 request= 1.137s scheduled= 1.139s status=ok active=11
[  86.096s] RECV #00516 table=page_000200_table_box_id_7 request= 1.186s scheduled= 1.187s status=ok active=10
[  86.258s] RECV #00517 table=page_000641_table_5 request= 1.197s scheduled= 1.197s status=ok active=9
[  86.387s] RECV #00513 table=page_000638_table_1 request= 1.570s scheduled= 1.572s status=ok active=8
[  86.457s] RECV #00520 table=page_000709_table_12 request= 0.626s scheduled= 0.627s status=ok active=7
[  86.492s] RECV #00518 table=page_001201_table_14 request= 1.075s scheduled= 1.076s status=ok active=6
[  86.555s] SEND #00521 table=page_001222_table_2 lag=   1.1ms active=7
[  86.584s] RECV #00519 table=page_001167_table_2 request= 0.873s scheduled= 0.873s status=ok active=6
[  86.658s] SEND #00522 table=page_000866_table_1 lag=   0.5ms active=7
[  86.863s] RECV #00511 table=page_001137_table_2 request= 2.299s scheduled= 2.300s status=ok active=6
[  86.957s] SEND #00523 table=page_000188_table_box_id_6 lag=   0.3ms active=7
[  87.019s] RECV #00522 table=page_000866_table_1 request= 0.361s scheduled= 0.362s status=ok active=6
[  87.034s] RECV #00508 table=page_001147_table_9 request= 3.029s scheduled= 3.031s status=ok active=5
[  87.046s] SEND #00524 table=page_000861_table_5 lag=   0.9ms active=6
[  87.273s] SEND #00525 table=page_000821_table_box_id_29 lag=   1.0ms active=7
[  87.560s] RECV #00523 table=page_000188_table_box_id_6 request= 0.602s scheduled= 0.603s status=ok active=6
[  88.003s] RECV #00525 table=page_000821_table_box_id_29 request= 0.730s scheduled= 0.731s status=ok active=5
[  88.005s] SEND #00526 table=page_000829_table_4 lag=   0.7ms active=6
[  88.065s] SEND #00527 table=page_001199_table_15 lag=   0.8ms active=7
[  88.096s] SEND #00528 table=page_000223_table_box_id_2 lag=   0.5ms active=8
[  88.258s] SEND #00529 table=page_001124_table_12 lag=   1.1ms active=9
[  88.330s] RECV #00494 table=page_001274_table_4 request= 6.171s scheduled= 6.173s status=ok active=8
[  88.385s] SEND #00530 table=page_001595_table_box_id_9 lag=   1.5ms active=9
[  88.442s] RECV #00526 table=page_000829_table_4 request= 0.438s scheduled= 0.439s status=ok active=8
[  88.458s] SEND #00531 table=page_000933_table_10 lag=   0.5ms active=9
[  88.458s] SEND #00532 table=page_000507_table_0 lag=   0.4ms active=10
[  88.540s] SEND #00533 table=page_000536_table_4 lag=   0.2ms active=11
[  88.555s] RECV #00530 table=page_001595_table_box_id_9 request= 0.170s scheduled= 0.172s status=ok active=10
[  88.629s] RECV #00524 table=page_000861_table_5 request= 1.583s scheduled= 1.584s status=ok active=9
[  88.633s] SEND #00534 table=page_000921_table_8 lag=   0.7ms active=10
[  88.707s] RECV #00529 table=page_001124_table_12 request= 0.449s scheduled= 0.450s status=ok active=9
[  88.721s] SEND #00535 table=page_001165_table_13 lag=   2.0ms active=10
[  88.860s] RECV #00531 table=page_000933_table_10 request= 0.402s scheduled= 0.402s status=ok active=9
[  88.954s] RECV #00521 table=page_001222_table_2 request= 2.399s scheduled= 2.400s status=ok active=8
[  89.024s] RECV #00527 table=page_001199_table_15 request= 0.959s scheduled= 0.959s status=ok active=7
[  89.049s] SEND #00536 table=page_001408_table_16 lag=   1.0ms active=8
[  89.056s] RECV #00534 table=page_000921_table_8 request= 0.423s scheduled= 0.423s status=ok active=7
[  89.096s] RECV #00532 table=page_000507_table_0 request= 0.638s scheduled= 0.639s status=ok active=6
[  89.107s] RECV #00536 table=page_001408_table_16 request= 0.058s scheduled= 0.059s status=ok active=5
[  89.172s] RECV #00489 table=page_000272_table_box_id_1 request= 8.227s scheduled= 8.229s status=ok active=4
[  89.195s] SEND #00537 table=page_001498_table_14 lag=   0.7ms active=5
[  89.225s] RECV #00510 table=page_001367_table_60 request= 4.774s scheduled= 4.776s status=ok active=4
[  89.251s] RECV #00535 table=page_001165_table_13 request= 0.530s scheduled= 0.532s status=ok active=3
[  89.359s] RECV #00533 table=page_000536_table_4 request= 0.819s scheduled= 0.819s status=ok active=2
[  89.416s] SEND #00538 table=page_000355_table_3 lag=   0.7ms active=3
[  89.511s] RECV #00537 table=page_001498_table_14 request= 0.316s scheduled= 0.316s status=ok active=2
[  89.554s] RECV #00538 table=page_000355_table_3 request= 0.138s scheduled= 0.138s status=ok active=1
[  89.796s] SEND #00539 table=page_000222_table_box_id_1 lag=   0.7ms active=2
[  89.853s] RECV #00528 table=page_000223_table_box_id_2 request= 1.757s scheduled= 1.757s status=ok active=1
[  90.026s] SEND #00540 table=page_000514_table_8 lag=   0.7ms active=2
[  90.139s] SEND #00541 table=page_000652_table_2 lag=   0.4ms active=3
[  90.368s] SEND #00542 table=page_000612_table_6 lag=   1.1ms active=4
[  90.385s] RECV #00539 table=page_000222_table_box_id_1 request= 0.588s scheduled= 0.589s status=ok active=3
[  90.476s] RECV #00540 table=page_000514_table_8 request= 0.450s scheduled= 0.451s status=ok active=2
[  90.538s] SEND #00543 table=page_000290_table_box_id_1 lag=   0.3ms active=3
[  90.657s] RECV #00541 table=page_000652_table_2 request= 0.518s scheduled= 0.518s status=ok active=2
[  90.712s] SEND #00544 table=page_001595_table_box_id_14 lag=   0.5ms active=3
[  90.879s] SEND #00545 table=page_001153_table_0 lag=   1.3ms active=4
[  90.965s] SEND #00546 table=page_000647_table_6 lag=   0.3ms active=5
[  91.131s] SEND #00547 table=page_000565_table_1 lag=   0.8ms active=6
[  91.193s] RECV #00542 table=page_000612_table_6 request= 0.825s scheduled= 0.826s status=ok active=5
[  91.234s] RECV #00546 table=page_000647_table_6 request= 0.269s scheduled= 0.269s status=ok active=4
[  91.298s] SEND #00548 table=page_000632_table_0 lag=   0.7ms active=5
[  91.742s] RECV #00544 table=page_001595_table_box_id_14 request= 1.029s scheduled= 1.030s status=ok active=4
[  91.759s] SEND #00549 table=page_001187_table_0 lag=   0.5ms active=5
[  91.840s] RECV #00547 table=page_000565_table_1 request= 0.709s scheduled= 0.710s status=ok active=4
[  92.014s] SEND #00550 table=page_000710_table_9 lag=   0.8ms active=5
[  92.215s] RECV #00550 table=page_000710_table_9 request= 0.201s scheduled= 0.202s status=ok active=4
[  92.325s] SEND #00551 table=page_000937_table_1 lag=   0.3ms active=5
[  92.569s] SEND #00552 table=page_001368_table_box_id_26 lag=   1.2ms active=6
[  92.700s] RECV #00551 table=page_000937_table_1 request= 0.374s scheduled= 0.375s status=ok active=5
[  92.836s] RECV #00545 table=page_001153_table_0 request= 1.957s scheduled= 1.958s status=ok active=4
[  92.851s] SEND #00553 table=page_000543_table_8 lag=   1.2ms active=5
[  93.006s] SEND #00554 table=page_000224_table_box_id_6 lag=   1.0ms active=6
[  93.076s] SEND #00555 table=page_000499_table_5 lag=   0.3ms active=7
[  93.128s] SEND #00556 table=page_000720_table_3 lag=   0.3ms active=8
[  93.187s] RECV #00553 table=page_000543_table_8 request= 0.336s scheduled= 0.337s status=ok active=7
[  93.334s] SEND #00557 table=page_001122_table_2 lag=   1.0ms active=8
[  93.363s] RECV #00552 table=page_001368_table_box_id_26 request= 0.794s scheduled= 0.795s status=ok active=7
[  93.446s] RECV #00556 table=page_000720_table_3 request= 0.318s scheduled= 0.318s status=ok active=6
[  93.529s] RECV #00555 table=page_000499_table_5 request= 0.452s scheduled= 0.452s status=ok active=5
[  93.650s] RECV #00557 table=page_001122_table_2 request= 0.316s scheduled= 0.317s status=ok active=4
[  93.678s] SEND #00558 table=page_000630_table_2 lag=   0.3ms active=5
[  93.809s] SEND #00559 table=page_000806_table_29 lag=   0.3ms active=6
[  93.837s] SEND #00560 table=page_000928_table_17 lag=   0.7ms active=7
[  93.947s] RECV #00548 table=page_000632_table_0 request= 2.649s scheduled= 2.649s status=ok active=6
[  93.996s] RECV #00554 table=page_000224_table_box_id_6 request= 0.990s scheduled= 0.991s status=ok active=5
[  94.135s] SEND #00561 table=page_000244_table_box-fkrm6qrz lag=   0.6ms active=6
[  94.246s] SEND #00562 table=page_000142_table_box_id_2 lag=   0.9ms active=7
[  94.341s] RECV #00560 table=page_000928_table_17 request= 0.504s scheduled= 0.505s status=ok active=6
[  94.352s] SEND #00563 table=page_001184_table_10 lag=   1.9ms active=7
[  94.358s] SEND #00564 table=page_001185_table_10 lag=   0.8ms active=8
[  94.381s] RECV #00559 table=page_000806_table_29 request= 0.572s scheduled= 0.572s status=ok active=7
[  94.478s] SEND #00565 table=page_000465_table_8 lag=   1.1ms active=8
[  94.512s] RECV #00562 table=page_000142_table_box_id_2 request= 0.266s scheduled= 0.267s status=ok active=7
[  94.614s] RECV #00563 table=page_001184_table_10 request= 0.262s scheduled= 0.264s status=ok active=6
[  94.705s] SEND #00566 table=page_001368_table_box_id_218 lag=   1.2ms active=7
[  94.797s] SEND #00567 table=page_001376_table_13 lag=   1.1ms active=8
[  94.817s] RECV #00561 table=page_000244_table_box-fkrm6qrz request= 0.682s scheduled= 0.683s status=ok active=7
[  94.871s] SEND #00568 table=page_000841_table_28 lag=   2.3ms active=8
[  94.999s] RECV #00568 table=page_000841_table_28 request= 0.128s scheduled= 0.130s status=ok active=7
[  95.032s] RECV #00564 table=page_001185_table_10 request= 0.674s scheduled= 0.675s status=ok active=6
[  95.048s] SEND #00569 table=page_000292_table_box_id_2 lag=   0.8ms active=7
[  95.051s] SEND #00570 table=page_000199_table_box_id_0 lag=   0.3ms active=8
[  95.057s] RECV #00565 table=page_000465_table_8 request= 0.579s scheduled= 0.580s status=ok active=7
[  95.124s] RECV #00567 table=page_001376_table_13 request= 0.327s scheduled= 0.329s status=ok active=6
[  95.169s] SEND #00571 table=page_000503_table_1 lag=   0.3ms active=7
[  95.561s] RECV #00549 table=page_001187_table_0 request= 3.802s scheduled= 3.802s status=ok active=6
[  95.603s] RECV #00566 table=page_001368_table_box_id_218 request= 0.898s scheduled= 0.899s status=ok active=5
[  95.650s] RECV #00558 table=page_000630_table_2 request= 1.972s scheduled= 1.973s status=ok active=4
[  95.656s] SEND #00572 table=page_000200_table_box_id_7 lag=   0.7ms active=5
[  95.852s] SEND #00573 table=page_000925_table_10 lag=   1.1ms active=6
[  95.908s] RECV #00572 table=page_000200_table_box_id_7 request= 0.252s scheduled= 0.253s status=ok active=5
[  95.937s] SEND #00574 table=page_001011_table_18 lag=   1.0ms active=6
[  96.132s] SEND #00575 table=page_001127_table_4 lag=   1.3ms active=7
[  96.256s] RECV #00571 table=page_000503_table_1 request= 1.087s scheduled= 1.088s status=ok active=6
[  96.286s] SEND #00576 table=page_000418_table_3 lag=   0.8ms active=7
[  96.325s] SEND #00577 table=page_001150_table_box_id_9 lag=   0.5ms active=8
[  96.364s] SEND #00578 table=page_001168_table_0 lag=   0.5ms active=9
[  96.590s] RECV #00574 table=page_001011_table_18 request= 0.652s scheduled= 0.653s status=ok active=8
[  96.714s] RECV #00573 table=page_000925_table_10 request= 0.862s scheduled= 0.863s status=ok active=7
[  96.726s] SEND #00579 table=page_000789_table_34 lag=   1.0ms active=8
[  96.778s] SEND #00580 table=page_000257_table_box_id_20 lag=   0.3ms active=9
[  96.791s] SEND #00581 table=page_000507_table_0 lag=   0.7ms active=10
[  96.810s] RECV #00579 table=page_000789_table_34 request= 0.084s scheduled= 0.085s status=ok active=9
[  97.058s] RECV #00575 table=page_001127_table_4 request= 0.926s scheduled= 0.927s status=ok active=8
[  97.089s] SEND #00582 table=page_001270_table_box_id_1 lag=   2.7ms active=9
[  97.211s] SEND #00583 table=page_000466_table_0 lag=   0.7ms active=10
[  97.228s] RECV #00569 table=page_000292_table_box_id_2 request= 2.180s scheduled= 2.180s status=ok active=9
[  97.293s] SEND #00584 table=page_000433_table_13 lag=   6.7ms active=10
[  97.403s] RECV #00577 table=page_001150_table_box_id_9 request= 1.078s scheduled= 1.078s status=ok active=9
[  97.406s] SEND #00585 table=page_000229_table_box_id_3 lag=   0.3ms active=10
[  97.598s] RECV #00570 table=page_000199_table_box_id_0 request= 2.547s scheduled= 2.547s status=ok active=9
[  97.630s] SEND #00586 table=page_001164_table_2 lag=   1.1ms active=10
[  97.648s] RECV #00581 table=page_000507_table_0 request= 0.856s scheduled= 0.857s status=ok active=9
[  97.661s] SEND #00587 table=page_001162_table_3 lag=   2.0ms active=10
[  97.728s] RECV #00576 table=page_000418_table_3 request= 1.442s scheduled= 1.442s status=ok active=9
[  97.838s] SEND #00588 table=page_000285_table_box_id_1 lag=   2.0ms active=10
[  97.838s] RECV #00578 table=page_001168_table_0 request= 1.474s scheduled= 1.475s status=ok active=9
[  98.042s] RECV #00580 table=page_000257_table_box_id_20 request= 1.264s scheduled= 1.265s status=ok active=8
[  98.045s] SEND #00589 table=page_000182_table_box_id_2 lag=   1.0ms active=9
[  98.048s] RECV #00584 table=page_000433_table_13 request= 0.755s scheduled= 0.762s status=ok active=8
[  98.326s] SEND #00590 table=page_000754_table_7 lag=   1.0ms active=9
[  98.379s] SEND #00591 table=page_001413_table_7 lag=   1.3ms active=10
[  98.383s] RECV #00585 table=page_000229_table_box_id_3 request= 0.977s scheduled= 0.977s status=ok active=9
[  98.535s] SEND #00592 table=page_000916_table_7 lag=   0.8ms active=10
[  98.579s] SEND #00593 table=page_000853_table_2 lag=   0.4ms active=11
[  98.631s] RECV #00587 table=page_001162_table_3 request= 0.969s scheduled= 0.971s status=ok active=10
[  98.662s] RECV #00590 table=page_000754_table_7 request= 0.336s scheduled= 0.337s status=ok active=9
[  98.717s] SEND #00594 table=page_001143_table_8 lag=   1.0ms active=10
[  98.748s] SEND #00595 table=page_000864_table_30 lag=   0.3ms active=11
[  98.833s] RECV #00589 table=page_000182_table_box_id_2 request= 0.788s scheduled= 0.789s status=ok active=10
[  98.896s] RECV #00543 table=page_000290_table_box_id_1 request= 8.358s scheduled= 8.358s status=ok active=9
[  99.007s] SEND #00596 table=page_001368_table_box_id_165 lag=   0.3ms active=10
[  99.076s] RECV #00591 table=page_001413_table_7 request= 0.697s scheduled= 0.699s status=ok active=9
[  99.077s] RECV #00593 table=page_000853_table_2 request= 0.498s scheduled= 0.498s status=ok active=8
[  99.175s] RECV #00595 table=page_000864_table_30 request= 0.427s scheduled= 0.428s status=ok active=7
[  99.208s] RECV #00596 table=page_001368_table_box_id_165 request= 0.201s scheduled= 0.201s status=ok active=6
[  99.270s] RECV #00592 table=page_000916_table_7 request= 0.735s scheduled= 0.736s status=ok active=5
[  99.344s] SEND #00597 table=page_000243_table_box_id_1 lag=   0.8ms active=6
[  99.410s] SEND #00598 table=page_000632_table_6 lag=   0.8ms active=7
[  99.452s] SEND #00599 table=page_000641_table_6 lag=   0.5ms active=8
[  99.674s] RECV #00582 table=page_001270_table_box_id_1 request= 2.584s scheduled= 2.587s status=ok active=7
[  99.738s] RECV #00598 table=page_000632_table_6 request= 0.327s scheduled= 0.328s status=ok active=6
[  99.810s] RECV #00594 table=page_001143_table_8 request= 1.094s scheduled= 1.094s status=ok active=5
[  99.865s] RECV #00597 table=page_000243_table_box_id_1 request= 0.521s scheduled= 0.522s status=ok active=4
[ 100.005s] SEND #00600 table=page_000769_table_3 lag=   0.5ms active=5
[ 100.048s] RECV #00599 table=page_000641_table_6 request= 0.596s scheduled= 0.597s status=ok active=4
[ 100.190s] RECV #00600 table=page_000769_table_3 request= 0.185s scheduled= 0.185s status=ok active=3
[ 100.210s] SEND #00601 table=page_000229_table_box-pug9otka lag=   0.5ms active=4
[ 100.384s] RECV #00583 table=page_000466_table_0 request= 3.173s scheduled= 3.174s status=ok active=3
[ 100.445s] RECV #00601 table=page_000229_table_box-pug9otka request= 0.235s scheduled= 0.236s status=ok active=2
[ 100.519s] SEND #00602 table=page_001306_table_1 lag=   0.9ms active=3
[ 100.524s] SEND #00603 table=page_000853_table_9 lag=   0.4ms active=4
[ 100.660s] RECV #00588 table=page_000285_table_box_id_1 request= 2.823s scheduled= 2.825s status=ok active=3
[ 100.893s] RECV #00603 table=page_000853_table_9 request= 0.368s scheduled= 0.369s status=ok active=2
[ 100.907s] SEND #00604 table=page_000593_table_0 lag=   1.0ms active=3
[ 101.071s] SEND #00605 table=page_000501_table_6 lag=   2.2ms active=4
[ 101.072s] RECV #00586 table=page_001164_table_2 request= 3.442s scheduled= 3.444s status=ok active=3
[ 101.134s] SEND #00606 table=page_001173_table_6 lag=   1.4ms active=4
[ 101.213s] RECV #00602 table=page_001306_table_1 request= 0.693s scheduled= 0.694s status=ok active=3
[ 101.227s] SEND #00607 table=page_001125_table_2 lag=   1.0ms active=4
[ 101.468s] SEND #00608 table=page_000294_table_box_id_1 lag=   2.3ms active=5
[ 101.723s] SEND #00609 table=page_000716_table_2 lag=   1.1ms active=6
[ 101.758s] SEND #00610 table=page_000930_table_7 lag=   1.0ms active=7
[ 101.871s] RECV #00609 table=page_000716_table_2 request= 0.148s scheduled= 0.149s status=ok active=6
[ 101.922s] SEND #00611 table=page_001194_table_3 lag=   0.9ms active=7
[ 101.952s] SEND #00612 table=page_000271_table_box_id_1 lag=   0.6ms active=8
[ 101.952s] RECV #00610 table=page_000930_table_7 request= 0.194s scheduled= 0.195s status=ok active=7
[ 102.210s] RECV #00607 table=page_001125_table_2 request= 0.982s scheduled= 0.983s status=ok active=6
[ 102.359s] RECV #00604 table=page_000593_table_0 request= 1.452s scheduled= 1.453s status=ok active=5
[ 102.550s] RECV #00611 table=page_001194_table_3 request= 0.628s scheduled= 0.629s status=ok active=4
[ 102.554s] SEND #00613 table=page_000776_table_4 lag=   0.2ms active=5
[ 102.652s] SEND #00614 table=page_001368_table_box_id_276 lag=   1.3ms active=6
[ 102.701s] RECV #00613 table=page_000776_table_4 request= 0.147s scheduled= 0.148s status=ok active=5
[ 102.741s] RECV #00614 table=page_001368_table_box_id_276 request= 0.088s scheduled= 0.089s status=ok active=4
[ 103.059s] SEND #00615 table=page_000543_table_8 lag=   1.1ms active=5
[ 103.183s] RECV #00605 table=page_000501_table_6 request= 2.112s scheduled= 2.114s status=ok active=4
[ 103.277s] SEND #00616 table=page_000178_table_box_id_1 lag=   1.1ms active=5
[ 103.281s] RECV #00608 table=page_000294_table_box_id_1 request= 1.813s scheduled= 1.816s status=ok active=4
[ 103.319s] RECV #00615 table=page_000543_table_8 request= 0.260s scheduled= 0.261s status=ok active=3
[ 103.432s] SEND #00617 table=page_000626_table_box_id_7 lag=   0.9ms active=4
[ 103.482s] SEND #00618 table=page_001136_table_4 lag=   0.5ms active=5
[ 103.607s] SEND #00619 table=page_001219_table_box_id_1 lag=   1.0ms active=6
[ 103.631s] SEND #00620 table=page_001174_table_box_id_2 lag=   0.2ms active=7
[ 103.656s] SEND #00621 table=page_001368_table_box_id_250 lag=   0.3ms active=8
[ 103.734s] RECV #00606 table=page_001173_table_6 request= 2.601s scheduled= 2.602s status=ok active=7
[ 103.866s] SEND #00622 table=page_000521_table_2 lag=   0.8ms active=8
[ 103.941s] SEND #00623 table=page_000647_table_2 lag=   1.0ms active=9
[ 104.173s] SEND #00624 table=page_000511_table_1 lag=   0.9ms active=10
[ 104.193s] RECV #00621 table=page_001368_table_box_id_250 request= 0.538s scheduled= 0.538s status=ok active=9
[ 104.219s] SEND #00625 table=page_001375_table_31 lag=   1.1ms active=10
[ 104.262s] RECV #00623 table=page_000647_table_2 request= 0.321s scheduled= 0.322s status=ok active=9
[ 104.282s] RECV #00618 table=page_001136_table_4 request= 0.800s scheduled= 0.800s status=ok active=8
[ 104.429s] SEND #00626 table=page_000645_table_7 lag=   0.3ms active=9
[ 104.437s] RECV #00620 table=page_001174_table_box_id_2 request= 0.806s scheduled= 0.806s status=ok active=8
[ 104.492s] RECV #00625 table=page_001375_table_31 request= 0.273s scheduled= 0.274s status=ok active=7
[ 104.613s] RECV #00626 table=page_000645_table_7 request= 0.184s scheduled= 0.184s status=ok active=6
[ 104.641s] SEND #00627 table=page_000496_table_4 lag=   0.6ms active=7
[ 104.702s] SEND #00628 table=page_000647_table_5 lag=   0.9ms active=8
[ 104.720s] SEND #00629 table=page_000634_table_11 lag=   0.5ms active=9
[ 104.805s] SEND #00630 table=page_000227_table_box_id_1 lag=   1.2ms active=10
[ 104.918s] SEND #00631 table=page_001126_table_18 lag=   0.6ms active=11
[ 104.936s] SEND #00632 table=page_000252_table_box_id_1 lag=   1.3ms active=12
[ 104.970s] SEND #00633 table=page_000417_table_3 lag=   0.7ms active=13
[ 104.979s] SEND #00634 table=page_000238_table_box_id_2 lag=   0.7ms active=14
[ 105.111s] RECV #00622 table=page_000521_table_2 request= 1.245s scheduled= 1.246s status=ok active=13
[ 105.131s] SEND #00635 table=page_000243_table_box_id_1 lag=   0.9ms active=14
[ 105.341s] RECV #00628 table=page_000647_table_5 request= 0.639s scheduled= 0.640s status=ok active=13
[ 105.498s] SEND #00636 table=page_001368_table_box_id_255 lag=   1.2ms active=14
[ 105.499s] RECV #00616 table=page_000178_table_box_id_1 request= 2.222s scheduled= 2.224s status=ok active=13
[ 105.538s] SEND #00637 table=page_001164_table_2 lag=   1.1ms active=14
[ 105.543s] SEND #00638 table=page_001209_table_4 lag=   0.4ms active=15
[ 105.677s] RECV #00631 table=page_001126_table_18 request= 0.759s scheduled= 0.760s status=ok active=14
[ 105.747s] SEND #00639 table=page_000942_table_3 lag=   1.1ms active=15
[ 105.988s] RECV #00629 table=page_000634_table_11 request= 1.268s scheduled= 1.268s status=ok active=14
[ 106.028s] SEND #00640 table=page_000577_table_3 lag=   0.7ms active=15
[ 106.443s] RECV #00624 table=page_000511_table_1 request= 2.271s scheduled= 2.271s status=ok active=14
[ 106.541s] RECV #00632 table=page_000252_table_box_id_1 request= 1.605s scheduled= 1.607s status=ok active=13
[ 106.582s] SEND #00641 table=page_001026_table_box_id_12 lag=   0.4ms active=14
[ 106.740s] SEND #00642 table=page_000249_table_box_id_4 lag=   0.7ms active=15
[ 106.761s] RECV #00619 table=page_001219_table_box_id_1 request= 3.154s scheduled= 3.155s status=ok active=14
[ 106.785s] RECV #00630 table=page_000227_table_box_id_1 request= 1.980s scheduled= 1.981s status=ok active=13
[ 106.810s] SEND #00643 table=page_001632_table_box_id_1 lag=   0.4ms active=14
[ 106.872s] RECV #00633 table=page_000417_table_3 request= 1.903s scheduled= 1.903s status=ok active=13
[ 106.998s] RECV #00634 table=page_000238_table_box_id_2 request= 2.019s scheduled= 2.019s status=ok active=12
[ 107.113s] SEND #00644 table=page_001189_table_box_id_2 lag=   0.5ms active=13
[ 107.126s] RECV #00638 table=page_001209_table_4 request= 1.583s scheduled= 1.583s status=ok active=12
[ 107.135s] SEND #00645 table=page_000637_table_6 lag=   0.9ms active=13
[ 107.234s] RECV #00635 table=page_000243_table_box_id_1 request= 2.103s scheduled= 2.104s status=ok active=12
[ 107.321s] RECV #00636 table=page_001368_table_box_id_255 request= 1.824s scheduled= 1.825s status=ok active=11
[ 107.332s] SEND #00646 table=page_000682_table_15 lag=   1.1ms active=12
[ 107.348s] SEND #00647 table=page_001159_table_5 lag=   1.0ms active=13
[ 107.410s] RECV #00617 table=page_000626_table_box_id_7 request= 3.978s scheduled= 3.979s status=ok active=12
[ 107.433s] SEND #00648 table=page_000291_table_box_id_0 lag=   0.6ms active=13
[ 107.547s] SEND #00649 table=page_000595_table_25 lag=   0.7ms active=14
[ 107.551s] RECV #00643 table=page_001632_table_box_id_1 request= 0.740s scheduled= 0.741s status=ok active=13
[ 107.626s] SEND #00650 table=page_000929_table_0 lag=   0.8ms active=14
[ 107.657s] SEND #00651 table=page_001367_table_71 lag=   1.1ms active=15
[ 107.674s] RECV #00640 table=page_000577_table_3 request= 1.647s scheduled= 1.647s status=ok active=14
[ 107.702s] SEND #00652 table=page_000419_table_4 lag=   1.8ms active=15
[ 107.825s] RECV #00639 table=page_000942_table_3 request= 2.078s scheduled= 2.079s status=ok active=14
[ 107.931s] RECV #00641 table=page_001026_table_box_id_12 request= 1.349s scheduled= 1.349s status=ok active=13
[ 107.986s] SEND #00653 table=page_001595_table_box_id_1 lag=   0.4ms active=14
[ 108.069s] RECV #00646 table=page_000682_table_15 request= 0.738s scheduled= 0.739s status=ok active=13
[ 108.090s] SEND #00654 table=page_000803_table_12 lag=   0.4ms active=14
[ 108.177s] RECV #00644 table=page_001189_table_box_id_2 request= 1.063s scheduled= 1.064s status=ok active=13
[ 108.214s] RECV #00649 table=page_000595_table_25 request= 0.667s scheduled= 0.668s status=ok active=12
[ 108.234s] SEND #00655 table=page_000500_table_3 lag=   0.4ms active=13
[ 108.274s] SEND #00656 table=page_000800_table_12 lag=   0.4ms active=14
[ 108.484s] SEND #00657 table=page_001367_table_72 lag=   1.0ms active=15
[ 108.512s] RECV #00642 table=page_000249_table_box_id_4 request= 1.771s scheduled= 1.772s status=ok active=14
[ 108.550s] SEND #00658 table=page_001035_table_31 lag=   0.9ms active=15
[ 108.589s] RECV #00650 table=page_000929_table_0 request= 0.963s scheduled= 0.964s status=ok active=14
[ 108.690s] RECV #00651 table=page_001367_table_71 request= 1.033s scheduled= 1.034s status=ok active=13
[ 108.700s] SEND #00659 table=page_000451_table_10 lag=   0.6ms active=14
[ 108.863s] RECV #00647 table=page_001159_table_5 request= 1.515s scheduled= 1.516s status=ok active=13
[ 108.933s] RECV #00654 table=page_000803_table_12 request= 0.844s scheduled= 0.844s status=ok active=12
[ 109.061s] RECV #00627 table=page_000496_table_4 request= 4.421s scheduled= 4.421s status=ok active=11
[ 109.096s] RECV #00656 table=page_000800_table_12 request= 0.822s scheduled= 0.823s status=ok active=10
[ 109.101s] SEND #00660 table=page_000600_table_1 lag=   0.8ms active=11
[ 109.221s] RECV #00657 table=page_001367_table_72 request= 0.737s scheduled= 0.738s status=ok active=10
[ 109.585s] RECV #00652 table=page_000419_table_4 request= 1.884s scheduled= 1.886s status=ok active=9
[ 109.761s] RECV #00612 table=page_000271_table_box_id_1 request= 7.810s scheduled= 7.810s status=ok active=8
[ 109.865s] RECV #00660 table=page_000600_table_1 request= 0.764s scheduled= 0.765s status=ok active=7
[ 109.878s] RECV #00655 table=page_000500_table_3 request= 1.644s scheduled= 1.644s status=ok active=6
[ 109.879s] RECV #00658 table=page_001035_table_31 request= 1.328s scheduled= 1.329s status=ok active=5
[ 109.964s] SEND #00661 table=page_001398_table_box-7mwax454 lag=   0.4ms active=6
[ 109.972s] SEND #00662 table=page_001368_table_box_id_257 lag=   0.3ms active=7
[ 110.239s] SEND #00663 table=page_000225_table_box_id_9 lag=   1.1ms active=8
[ 110.271s] RECV #00662 table=page_001368_table_box_id_257 request= 0.299s scheduled= 0.300s status=ok active=7
[ 110.449s] RECV #00637 table=page_001164_table_2 request= 4.911s scheduled= 4.912s status=ok active=6
[ 110.450s] RECV #00661 table=page_001398_table_box-7mwax454 request= 0.486s scheduled= 0.486s status=ok active=5
[ 110.554s] RECV #00663 table=page_000225_table_box_id_9 request= 0.315s scheduled= 0.316s status=ok active=4
[ 110.564s] SEND #00664 table=page_001522_table_8 lag=   1.4ms active=5
[ 110.627s] SEND #00665 table=page_001275_table_3 lag=   0.2ms active=6
[ 110.708s] SEND #00666 table=page_001160_table_6 lag=   0.8ms active=7
[ 110.854s] SEND #00667 table=page_000665_table_38 lag=   1.3ms active=8
[ 110.974s] RECV #00667 table=page_000665_table_38 request= 0.121s scheduled= 0.122s status=ok active=7
[ 111.150s] RECV #00659 table=page_000451_table_10 request= 2.449s scheduled= 2.450s status=ok active=6
[ 111.231s] RECV #00645 table=page_000637_table_6 request= 4.096s scheduled= 4.097s status=ok active=5
[ 111.272s] SEND #00668 table=page_000629_table_14 lag=   0.8ms active=6
[ 111.357s] SEND #00669 table=page_000841_table_28 lag=   0.8ms active=7
[ 111.406s] RECV #00664 table=page_001522_table_8 request= 0.841s scheduled= 0.843s status=ok active=6
[ 111.408s] RECV #00666 table=page_001160_table_6 request= 0.700s scheduled= 0.701s status=ok active=5
[ 111.441s] RECV #00669 table=page_000841_table_28 request= 0.084s scheduled= 0.085s status=ok active=4
[ 111.711s] SEND #00670 table=page_000508_table_4 lag=   1.3ms active=5
[ 111.854s] RECV #00668 table=page_000629_table_14 request= 0.582s scheduled= 0.583s status=ok active=4
[ 111.947s] SEND #00671 table=page_000775_table_2 lag=   0.4ms active=5
[ 111.975s] SEND #00672 table=page_001367_table_68 lag=   1.0ms active=6
[ 112.106s] RECV #00671 table=page_000775_table_2 request= 0.159s scheduled= 0.159s status=ok active=5
[ 112.181s] RECV #00670 table=page_000508_table_4 request= 0.470s scheduled= 0.471s status=ok active=4
[ 112.383s] SEND #00673 table=page_001167_table_8 lag=   1.4ms active=5
[ 112.385s] SEND #00674 table=page_000683_table_5 lag=   0.9ms active=6
[ 112.411s] SEND #00675 table=page_001154_table_10 lag=   0.4ms active=7
[ 112.593s] SEND #00676 table=page_001215_table_5 lag=   0.6ms active=8
[ 112.604s] SEND #00677 table=page_001368_table_box_id_220 lag=   1.5ms active=9
[ 112.631s] RECV #00674 table=page_000683_table_5 request= 0.246s scheduled= 0.247s status=ok active=8
[ 112.683s] SEND #00678 table=page_000585_table_1 lag=   0.7ms active=9
[ 112.706s] SEND #00679 table=page_000506_table_9 lag=   0.3ms active=10
[ 112.810s] SEND #00680 table=page_000518_table_11 lag=   1.4ms active=11
[ 112.886s] RECV #00672 table=page_001367_table_68 request= 0.912s scheduled= 0.913s status=ok active=10
[ 112.973s] RECV #00673 table=page_001167_table_8 request= 0.590s scheduled= 0.591s status=ok active=9
[ 113.075s] RECV #00677 table=page_001368_table_box_id_220 request= 0.471s scheduled= 0.472s status=ok active=8
[ 113.115s] SEND #00681 table=page_001137_table_10 lag=   1.2ms active=9
[ 113.159s] RECV #00665 table=page_001275_table_3 request= 2.532s scheduled= 2.532s status=ok active=8
[ 113.411s] RECV #00675 table=page_001154_table_10 request= 1.000s scheduled= 1.000s status=ok active=7
[ 113.436s] RECV #00680 table=page_000518_table_11 request= 0.626s scheduled= 0.627s status=ok active=6
[ 113.509s] SEND #00682 table=page_000628_table_6 lag=   0.9ms active=7
[ 113.515s] SEND #00683 table=page_000281_table_box_id_1 lag=   0.8ms active=8
[ 113.526s] SEND #00684 table=page_000241_table_box_id_2 lag=   1.2ms active=9
[ 113.832s] SEND #00685 table=page_000250_table_box_id_4 lag=   1.2ms active=10
[ 113.839s] SEND #00686 table=page_000744_table_11 lag=   0.9ms active=11
[ 113.893s] SEND #00687 table=page_000697_table_9 lag=   1.3ms active=12
[ 113.913s] SEND #00688 table=page_000262_table_box_id_1 lag=   0.5ms active=13
[ 113.929s] SEND #00689 table=page_000554_table_12 lag=   0.4ms active=14
[ 113.934s] SEND #00690 table=page_000244_table_box-fkrm6qrz lag=   0.4ms active=15
[ 114.056s] RECV #00678 table=page_000585_table_1 request= 1.373s scheduled= 1.374s status=ok active=14
[ 114.103s] SEND #00691 table=page_001398_table_box-1nnly5de lag=   0.5ms active=15
[ 114.269s] RECV #00679 table=page_000506_table_9 request= 1.563s scheduled= 1.563s status=ok active=14
[ 114.330s] SEND #00692 table=page_001210_table_4 lag=   0.7ms active=15
[ 114.497s] RECV #00682 table=page_000628_table_6 request= 0.987s scheduled= 0.988s status=ok active=14
[ 114.524s] SEND #00693 table=page_000499_table_5 lag=   1.1ms active=15
[ 114.533s] RECV #00684 table=page_000241_table_box_id_2 request= 1.006s scheduled= 1.008s status=ok active=14
[ 114.640s] RECV #00653 table=page_001595_table_box_id_1 request= 6.654s scheduled= 6.654s status=ok active=13
[ 114.760s] RECV #00686 table=page_000744_table_11 request= 0.921s scheduled= 0.922s status=ok active=12
[ 114.813s] RECV #00687 table=page_000697_table_9 request= 0.920s scheduled= 0.922s status=ok active=11
[ 114.835s] SEND #00694 table=page_001342_table_2 lag=   0.4ms active=12
[ 114.973s] RECV #00689 table=page_000554_table_12 request= 1.044s scheduled= 1.045s status=ok active=11
[ 115.017s] SEND #00695 table=page_001375_table_7 lag=   0.8ms active=12
[ 115.095s] RECV #00648 table=page_000291_table_box_id_0 request= 7.662s scheduled= 7.663s status=ok active=11
[ 115.099s] SEND #00696 table=page_001089_table_box_id_16 lag=   0.3ms active=12
[ 115.230s] RECV #00688 table=page_000262_table_box_id_1 request= 1.317s scheduled= 1.318s status=ok active=11
[ 115.265s] SEND #00697 table=page_000864_table_30 lag=   0.6ms active=12
[ 115.300s] RECV #00676 table=page_001215_table_5 request= 2.707s scheduled= 2.708s status=ok active=11
[ 115.464s] RECV #00690 table=page_000244_table_box-fkrm6qrz request= 1.530s scheduled= 1.531s status=ok active=10
[ 115.582s] RECV #00693 table=page_000499_table_5 request= 1.058s scheduled= 1.059s status=ok active=9
[ 115.686s] RECV #00691 table=page_001398_table_box-1nnly5de request= 1.584s scheduled= 1.584s status=ok active=8
[ 115.763s] RECV #00697 table=page_000864_table_30 request= 0.498s scheduled= 0.499s status=ok active=7
[ 115.799s] RECV #00695 table=page_001375_table_7 request= 0.782s scheduled= 0.783s status=ok active=6
[ 115.847s] SEND #00698 table=page_001134_table_10 lag=   0.7ms active=7
[ 116.018s] SEND #00699 table=page_000513_table_1 lag=   0.8ms active=8
[ 116.064s] SEND #00700 table=page_000228_table_box_id_1 lag=   0.2ms active=9
[ 116.075s] SEND #00701 table=page_001368_table_box_id_229 lag=   0.6ms active=10
[ 116.216s] RECV #00694 table=page_001342_table_2 request= 1.381s scheduled= 1.381s status=ok active=9
[ 116.336s] RECV #00696 table=page_001089_table_box_id_16 request= 1.237s scheduled= 1.238s status=ok active=8
[ 116.405s] RECV #00681 table=page_001137_table_10 request= 3.290s scheduled= 3.291s status=ok active=7
[ 116.531s] SEND #00702 table=page_001180_table_16 lag=   0.9ms active=8
[ 116.540s] RECV #00685 table=page_000250_table_box_id_4 request= 2.707s scheduled= 2.708s status=ok active=7
[ 116.553s] RECV #00692 table=page_001210_table_4 request= 2.223s scheduled= 2.223s status=ok active=6
[ 116.646s] RECV #00683 table=page_000281_table_box_id_1 request= 3.131s scheduled= 3.131s status=ok active=5
[ 116.680s] SEND #00703 table=page_000213_table_box_id_5 lag=   0.9ms active=6
[ 116.753s] SEND #00704 table=page_000532_table_4 lag=   2.3ms active=7
[ 116.906s] SEND #00705 table=page_000639_table_4 lag=   0.6ms active=8
[ 117.044s] SEND #00706 table=page_000935_table_11 lag=   0.9ms active=9
[ 117.085s] RECV #00701 table=page_001368_table_box_id_229 request= 1.010s scheduled= 1.011s status=ok active=8
[ 117.166s] RECV #00702 table=page_001180_table_16 request= 0.635s scheduled= 0.636s status=ok active=7
[ 117.166s] SEND #00707 table=page_001170_table_7 lag=   0.6ms active=8
[ 117.177s] SEND #00708 table=page_001140_table_11 lag=   1.0ms active=9
[ 117.187s] RECV #00704 table=page_000532_table_4 request= 0.434s scheduled= 0.436s status=ok active=8
[ 117.194s] RECV #00699 table=page_000513_table_1 request= 1.176s scheduled= 1.176s status=ok active=7
[ 117.249s] SEND #00709 table=page_000838_table_4 lag=   0.6ms active=8
[ 117.338s] SEND #00710 table=page_000647_table_5 lag=   0.8ms active=9
[ 117.376s] SEND #00711 table=page_000647_table_1 lag=   1.6ms active=10
[ 117.424s] RECV #00706 table=page_000935_table_11 request= 0.380s scheduled= 0.381s status=ok active=9
[ 117.475s] RECV #00709 table=page_000838_table_4 request= 0.226s scheduled= 0.227s status=ok active=8
[ 117.640s] RECV #00711 table=page_000647_table_1 request= 0.264s scheduled= 0.265s status=ok active=7
[ 117.722s] RECV #00700 table=page_000228_table_box_id_1 request= 1.658s scheduled= 1.658s status=ok active=6
[ 117.729s] SEND #00712 table=page_001146_table_11 lag=   0.6ms active=7
[ 117.744s] RECV #00698 table=page_001134_table_10 request= 1.896s scheduled= 1.897s status=ok active=6
[ 117.773s] RECV #00707 table=page_001170_table_7 request= 0.606s scheduled= 0.607s status=ok active=5
[ 117.821s] SEND #00713 table=page_000434_table_15 lag=   1.1ms active=6
[ 117.873s] RECV #00703 table=page_000213_table_box_id_5 request= 1.194s scheduled= 1.194s status=ok active=5
[ 118.002s] SEND #00714 table=page_001375_table_1 lag=   1.1ms active=6
[ 118.088s] RECV #00710 table=page_000647_table_5 request= 0.750s scheduled= 0.751s status=ok active=5
[ 118.210s] SEND #00715 table=page_001214_table_8 lag=   0.5ms active=6
[ 118.233s] RECV #00712 table=page_001146_table_11 request= 0.504s scheduled= 0.505s status=ok active=5
[ 118.437s] SEND #00716 table=page_000355_table_3 lag=   0.9ms active=6
[ 118.457s] RECV #00713 table=page_000434_table_15 request= 0.635s scheduled= 0.637s status=ok active=5
[ 118.572s] RECV #00716 table=page_000355_table_3 request= 0.135s scheduled= 0.136s status=ok active=4
[ 118.624s] RECV #00708 table=page_001140_table_11 request= 1.446s scheduled= 1.447s status=ok active=3
[ 118.649s] SEND #00717 table=page_001036_table_box_id_4 lag=   0.3ms active=4
[ 118.683s] RECV #00715 table=page_001214_table_8 request= 0.473s scheduled= 0.474s status=ok active=3
[ 118.844s] RECV #00705 table=page_000639_table_4 request= 1.937s scheduled= 1.938s status=ok active=2
[ 118.882s] SEND #00718 table=page_000665_table_3 lag=   0.9ms active=3
[ 118.930s] SEND #00719 table=page_000282_table_box_id_1 lag=   0.4ms active=4
[ 118.932s] RECV #00718 table=page_000665_table_3 request= 0.050s scheduled= 0.051s status=ok active=3
[ 119.515s] RECV #00714 table=page_001375_table_1 request= 1.513s scheduled= 1.514s status=ok active=2
[ 119.555s] SEND #00720 table=page_001144_table_11 lag=   0.9ms active=3
[ 119.583s] SEND #00721 table=page_001248_table_0 lag=   1.6ms active=4
[ 119.633s] RECV #00717 table=page_001036_table_box_id_4 request= 0.983s scheduled= 0.984s status=ok active=3
[ 120.001s] SEND #00722 table=page_000279_table_box_id_0 lag=   1.0ms active=4
[ 120.225s] RECV #00721 table=page_001248_table_0 request= 0.642s scheduled= 0.644s status=ok active=3
[ 120.311s] RECV #00720 table=page_001144_table_11 request= 0.755s scheduled= 0.756s status=ok active=2
[ 120.322s] SEND #00723 table=page_000495_table_9 lag=   1.1ms active=3
[ 120.640s] SEND #00724 table=page_000280_table_box_id_1 lag=   0.7ms active=4
[ 120.649s] SEND #00725 table=page_000277_table_box_id_1 lag=   0.3ms active=5
[ 120.665s] SEND #00726 table=page_001595_table_box_id_5 lag=   0.2ms active=6
[ 120.945s] SEND #00727 table=page_001516_table_17 lag=   1.0ms active=7
[ 121.051s] SEND #00728 table=page_000763_table_7 lag=   1.7ms active=8
[ 121.127s] SEND #00729 table=page_000466_table_0 lag=   0.6ms active=9
[ 121.249s] RECV #00728 table=page_000763_table_7 request= 0.198s scheduled= 0.200s status=ok active=8
[ 121.610s] RECV #00727 table=page_001516_table_17 request= 0.665s scheduled= 0.666s status=ok active=7
[ 121.673s] RECV #00723 table=page_000495_table_9 request= 1.351s scheduled= 1.352s status=ok active=6
[ 121.824s] SEND #00730 table=page_000715_table_10 lag=   0.7ms active=7
[ 121.831s] SEND #00731 table=page_001367_table_52 lag=   0.9ms active=8
[ 121.926s] RECV #00730 table=page_000715_table_10 request= 0.102s scheduled= 0.103s status=ok active=7
[ 121.957s] SEND #00732 table=page_000201_table_box-w2ehqidz lag=   0.4ms active=8
[ 122.055s] SEND #00733 table=page_000683_table_8 lag=   0.9ms active=9
[ 122.078s] SEND #00734 table=page_000866_table_10 lag=   1.1ms active=10
[ 122.162s] SEND #00735 table=page_000223_table_box_id_4 lag=   0.9ms active=11
[ 122.328s] RECV #00726 table=page_001595_table_box_id_5 request= 1.663s scheduled= 1.664s status=ok active=10
[ 122.367s] SEND #00736 table=page_000656_table_19 lag=   1.1ms active=11
[ 122.431s] RECV #00733 table=page_000683_table_8 request= 0.376s scheduled= 0.377s status=ok active=10
[ 122.491s] RECV #00734 table=page_000866_table_10 request= 0.413s scheduled= 0.415s status=ok active=9
[ 122.584s] RECV #00735 table=page_000223_table_box_id_4 request= 0.422s scheduled= 0.423s status=ok active=8
[ 122.621s] RECV #00736 table=page_000656_table_19 request= 0.254s scheduled= 0.256s status=ok active=7
[ 122.696s] RECV #00731 table=page_001367_table_52 request= 0.865s scheduled= 0.866s status=ok active=6
[ 122.711s] RECV #00732 table=page_000201_table_box-w2ehqidz request= 0.754s scheduled= 0.755s status=ok active=5
[ 122.723s] SEND #00737 table=page_001395_table_7 lag=   0.5ms active=6
[ 122.727s] SEND #00738 table=page_000220_table_box_id_10 lag=   0.2ms active=7
[ 122.851s] SEND #00739 table=page_000239_table_box_id_1 lag=   1.2ms active=8
[ 122.866s] SEND #00740 table=page_000233_table_box_id_2 lag=   0.4ms active=9
[ 123.137s] SEND #00741 table=page_000209_table_box_id_1 lag=   2.0ms active=10
[ 123.152s] SEND #00742 table=page_000227_table_box_id_1 lag=   2.1ms active=11
[ 123.156s] SEND #00743 table=page_000264_table_box_id_5 lag=   0.1ms active=12
[ 123.237s] SEND #00744 table=page_000763_table_2 lag=   1.1ms active=13
[ 123.285s] RECV #00738 table=page_000220_table_box_id_10 request= 0.558s scheduled= 0.558s status=ok active=12
[ 123.367s] RECV #00737 table=page_001395_table_7 request= 0.645s scheduled= 0.645s status=ok active=11
[ 123.457s] SEND #00745 table=page_001227_table_10 lag=   0.8ms active=12
[ 123.520s] SEND #00746 table=page_000261_table_box_id_3 lag=   1.2ms active=13
[ 123.542s] SEND #00747 table=page_001368_table_box_id_242 lag=   0.4ms active=14
[ 123.639s] RECV #00741 table=page_000209_table_box_id_1 request= 0.502s scheduled= 0.504s status=ok active=13
[ 123.807s] SEND #00748 table=page_001117_table_box_id_17 lag=   1.2ms active=14
[ 123.832s] RECV #00739 table=page_000239_table_box_id_1 request= 0.981s scheduled= 0.982s status=ok active=13
[ 123.948s] RECV #00729 table=page_000466_table_0 request= 2.821s scheduled= 2.821s status=ok active=12
[ 124.030s] RECV #00744 table=page_000763_table_2 request= 0.793s scheduled= 0.794s status=ok active=11
[ 124.080s] SEND #00749 table=page_000253_table_box_id_2 lag=   0.5ms active=12
[ 124.404s] SEND #00750 table=page_000635_table_0 lag=   1.1ms active=13
[ 124.424s] RECV #00724 table=page_000280_table_box_id_1 request= 3.784s scheduled= 3.784s status=ok active=12
[ 124.464s] SEND #00751 table=page_001219_table_box_id_4 lag=   0.9ms active=13
[ 124.556s] SEND #00752 table=page_000533_table_8 lag=   0.7ms active=14
[ 124.603s] SEND #00753 table=page_000833_table_4 lag=   0.9ms active=15
[ 124.739s] SEND #00754 table=page_001177_table_2 lag=   1.6ms active=16
[ 124.806s] SEND #00755 table=page_000534_table_4 lag=   1.1ms active=17
[ 124.875s] SEND #00756 table=page_000208_table_box_id_7 lag=   1.4ms active=18
[ 124.915s] RECV #00742 table=page_000227_table_box_id_1 request= 1.763s scheduled= 1.765s status=ok active=17
[ 125.130s] SEND #00757 table=page_000270_table_box_id_0 lag=   1.1ms active=18
[ 125.141s] RECV #00747 table=page_001368_table_box_id_242 request= 1.599s scheduled= 1.599s status=ok active=17
[ 125.253s] RECV #00748 table=page_001117_table_box_id_17 request= 1.446s scheduled= 1.448s status=ok active=16
[ 125.651s] SEND #00758 table=page_000520_table_6 lag=   0.8ms active=17
[ 125.705s] RECV #00719 table=page_000282_table_box_id_1 request= 6.775s scheduled= 6.775s status=ok active=16
[ 125.797s] SEND #00759 table=page_001134_table_11 lag=   0.8ms active=17
[ 125.799s] RECV #00745 table=page_001227_table_10 request= 2.342s scheduled= 2.343s status=ok active=16
[ 125.816s] SEND #00760 table=page_001125_table_4 lag=   0.8ms active=17
[ 125.913s] RECV #00749 table=page_000253_table_box_id_2 request= 1.833s scheduled= 1.833s status=ok active=16
[ 125.992s] SEND #00761 table=page_001140_table_12 lag=   0.7ms active=17
[ 126.091s] SEND #00762 table=page_000524_table_0 lag=   0.6ms active=18
[ 126.192s] RECV #00751 table=page_001219_table_box_id_4 request= 1.728s scheduled= 1.729s status=ok active=17
[ 126.313s] RECV #00740 table=page_000233_table_box_id_2 request= 3.446s scheduled= 3.447s status=ok active=16
[ 126.378s] RECV #00752 table=page_000533_table_8 request= 1.822s scheduled= 1.823s status=ok active=15
[ 126.578s] RECV #00753 table=page_000833_table_4 request= 1.975s scheduled= 1.976s status=ok active=14
[ 126.808s] RECV #00746 table=page_000261_table_box_id_3 request= 3.288s scheduled= 3.289s status=ok active=13
[ 126.829s] SEND #00763 table=page_000226_table_box_id_5 lag=   0.5ms active=14
[ 126.940s] RECV #00750 table=page_000635_table_0 request= 2.537s scheduled= 2.538s status=ok active=13
[ 127.041s] SEND #00764 table=page_001449_table_1 lag=   1.1ms active=14
[ 127.072s] RECV #00743 table=page_000264_table_box_id_5 request= 3.916s scheduled= 3.916s status=ok active=13
[ 127.186s] RECV #00756 table=page_000208_table_box_id_7 request= 2.311s scheduled= 2.312s status=ok active=12
[ 127.263s] RECV #00722 table=page_000279_table_box_id_0 request= 7.263s scheduled= 7.264s status=ok active=11
[ 127.341s] SEND #00765 table=page_001147_table_8 lag=   0.8ms active=12
[ 127.355s] RECV #00755 table=page_000534_table_4 request= 2.549s scheduled= 2.551s status=ok active=11
[ 127.487s] RECV #00754 table=page_001177_table_2 request= 2.747s scheduled= 2.749s status=ok active=10
[ 127.542s] SEND #00766 table=page_000655_table_5 lag=   1.1ms active=11
[ 127.602s] RECV #00725 table=page_000277_table_box_id_1 request= 6.953s scheduled= 6.953s status=ok active=10
[ 127.666s] RECV #00758 table=page_000520_table_6 request= 2.015s scheduled= 2.016s status=ok active=9
[ 127.670s] SEND #00767 table=page_000533_table_5 lag=   0.5ms active=10
[ 127.808s] RECV #00761 table=page_001140_table_12 request= 1.816s scheduled= 1.816s status=ok active=9
[ 127.917s] RECV #00766 table=page_000655_table_5 request= 0.375s scheduled= 0.376s status=ok active=8
[ 127.966s] RECV #00763 table=page_000226_table_box_id_5 request= 1.138s scheduled= 1.138s status=ok active=7
[ 128.029s] RECV #00764 table=page_001449_table_1 request= 0.988s scheduled= 0.989s status=ok active=6
[ 128.048s] SEND #00768 table=page_000220_table_box_id_10 lag=   0.8ms active=7
[ 128.240s] RECV #00767 table=page_000533_table_5 request= 0.570s scheduled= 0.570s status=ok active=6
[ 128.256s] RECV #00760 table=page_001125_table_4 request= 2.440s scheduled= 2.441s status=ok active=5
[ 128.346s] SEND #00769 table=page_000523_table_0 lag=   1.1ms active=6
[ 128.402s] SEND #00770 table=page_000496_table_4 lag=   0.4ms active=7
[ 128.431s] SEND #00771 table=page_001129_table_8 lag=   0.7ms active=8
[ 128.466s] RECV #00768 table=page_000220_table_box_id_10 request= 0.417s scheduled= 0.418s status=ok active=7
[ 128.508s] SEND #00772 table=page_000264_table_box_id_5 lag=   0.6ms active=8
[ 128.631s] SEND #00773 table=page_001011_table_35 lag=   0.7ms active=9
[ 128.648s] SEND #00774 table=page_000636_table_5 lag=   0.3ms active=10
[ 128.718s] SEND #00775 table=page_000920_table_3 lag=   0.3ms active=11
[ 128.808s] RECV #00759 table=page_001134_table_11 request= 3.010s scheduled= 3.011s status=ok active=10
[ 128.861s] SEND #00776 table=page_000838_table_1 lag=   0.6ms active=11
[ 128.869s] SEND #00777 table=page_000220_table_box_id_3 lag=   0.9ms active=12
[ 128.940s] RECV #00762 table=page_000524_table_0 request= 2.849s scheduled= 2.850s status=ok active=11
[ 129.066s] RECV #00774 table=page_000636_table_5 request= 0.418s scheduled= 0.419s status=ok active=10
[ 129.134s] RECV #00773 table=page_001011_table_35 request= 0.503s scheduled= 0.504s status=ok active=9
[ 129.150s] SEND #00778 table=page_000781_table_0 lag=   0.7ms active=10
[ 129.167s] RECV #00765 table=page_001147_table_8 request= 1.827s scheduled= 1.828s status=ok active=9
[ 129.304s] RECV #00769 table=page_000523_table_0 request= 0.958s scheduled= 0.959s status=ok active=8
[ 129.325s] SEND #00779 table=page_000465_table_4 lag=   0.8ms active=9
[ 129.368s] RECV #00776 table=page_000838_table_1 request= 0.507s scheduled= 0.508s status=ok active=8
[ 129.388s] SEND #00780 table=page_001135_table_6 lag=   0.4ms active=9
[ 129.423s] RECV #00775 table=page_000920_table_3 request= 0.705s scheduled= 0.705s status=ok active=8
[ 129.444s] RECV #00778 table=page_000781_table_0 request= 0.294s scheduled= 0.295s status=ok active=7
[ 129.447s] SEND #00781 table=page_000826_table_32 lag=   0.6ms active=8
[ 129.521s] SEND #00782 table=page_000300_table_1 lag=   1.8ms active=9
[ 129.585s] SEND #00783 table=page_001189_table_box_id_3 lag=   0.9ms active=10
[ 129.658s] RECV #00781 table=page_000826_table_32 request= 0.211s scheduled= 0.212s status=ok active=9
[ 129.789s] RECV #00777 table=page_000220_table_box_id_3 request= 0.921s scheduled= 0.922s status=ok active=8
[ 129.815s] SEND #00784 table=page_000629_table_14 lag=   0.4ms active=9
[ 129.863s] RECV #00782 table=page_000300_table_1 request= 0.342s scheduled= 0.344s status=ok active=8
[ 129.931s] SEND #00785 table=page_001171_table_6 lag=   0.7ms active=9
[ 130.039s] RECV #00779 table=page_000465_table_4 request= 0.714s scheduled= 0.715s status=ok active=8
[ 130.056s] SEND #00786 table=page_001368_table_box_id_244 lag=   1.0ms active=9
[ 130.083s] SEND #00787 table=page_001368_table_box_id_263 lag=   1.7ms active=10
[ 130.132s] RECV #00780 table=page_001135_table_6 request= 0.744s scheduled= 0.744s status=ok active=9
[ 130.297s] RECV #00783 table=page_001189_table_box_id_3 request= 0.712s scheduled= 0.713s status=ok active=8
[ 130.453s] RECV #00786 table=page_001368_table_box_id_244 request= 0.397s scheduled= 0.398s status=ok active=7
[ 130.454s] RECV #00784 table=page_000629_table_14 request= 0.639s scheduled= 0.639s status=ok active=6
[ 130.458s] RECV #00785 table=page_001171_table_6 request= 0.527s scheduled= 0.528s status=ok active=5
[ 130.492s] SEND #00788 table=page_000238_table_box_id_2 lag=   0.4ms active=6
[ 130.500s] RECV #00757 table=page_000270_table_box_id_0 request= 5.371s scheduled= 5.372s status=ok active=5
[ 130.545s] RECV #00771 table=page_001129_table_8 request= 2.114s scheduled= 2.114s status=ok active=4
[ 130.557s] SEND #00789 table=page_001398_table_box-5zkimf1o lag=   0.4ms active=5
[ 130.624s] SEND #00790 table=page_000202_table_box_id_0 lag=   1.0ms active=6
[ 130.635s] SEND #00791 table=page_000268_table_box_id_2 lag=   0.4ms active=7
[ 131.019s] RECV #00789 table=page_001398_table_box-5zkimf1o request= 0.461s scheduled= 0.462s status=ok active=6
[ 131.103s] RECV #00788 table=page_000238_table_box_id_2 request= 0.611s scheduled= 0.612s status=ok active=5
[ 131.179s] RECV #00790 table=page_000202_table_box_id_0 request= 0.555s scheduled= 0.556s status=ok active=4
[ 131.284s] SEND #00792 table=page_000941_table_1 lag=   1.6ms active=5
[ 131.339s] RECV #00787 table=page_001368_table_box_id_263 request= 1.255s scheduled= 1.257s status=ok active=4
[ 131.392s] SEND #00793 table=page_000106_table_box_id_2 lag=   1.0ms active=5
[ 131.799s] SEND #00794 table=page_000523_table_1 lag=   1.5ms active=6
[ 131.823s] RECV #00792 table=page_000941_table_1 request= 0.539s scheduled= 0.540s status=ok active=5
[ 132.014s] RECV #00791 table=page_000268_table_box_id_2 request= 1.379s scheduled= 1.379s status=ok active=4
[ 132.060s] RECV #00794 table=page_000523_table_1 request= 0.261s scheduled= 0.262s status=ok active=3
[ 132.119s] RECV #00772 table=page_000264_table_box_id_5 request= 3.611s scheduled= 3.612s status=ok active=2
[ 132.192s] RECV #00770 table=page_000496_table_4 request= 3.790s scheduled= 3.790s status=ok active=1
[ 132.236s] SEND #00795 table=page_001157_table_5 lag=   0.6ms active=2
[ 132.240s] RECV #00793 table=page_000106_table_box_id_2 request= 0.848s scheduled= 0.849s status=ok active=1
[ 132.680s] RECV #00795 table=page_001157_table_5 request= 0.444s scheduled= 0.445s status=ok active=0
[ 132.819s] SEND #00796 table=page_000668_table_15 lag=   0.3ms active=1
[ 132.923s] RECV #00796 table=page_000668_table_15 request= 0.104s scheduled= 0.104s status=ok active=0
[ 133.101s] SEND #00797 table=page_000277_table_box_id_1 lag=   1.0ms active=1
[ 133.535s] SEND #00798 table=page_001367_table_67 lag=   1.5ms active=2
[ 133.960s] SEND #00799 table=page_000712_table_4 lag=   0.8ms active=3
[ 134.144s] RECV #00799 table=page_000712_table_4 request= 0.184s scheduled= 0.185s status=ok active=2
[ 134.187s] RECV #00798 table=page_001367_table_67 request= 0.653s scheduled= 0.654s status=ok active=1
[ 134.229s] SEND #00800 table=page_000526_table_7 lag=   0.5ms active=2
[ 134.253s] SEND #00801 table=page_001220_table_8 lag=   1.1ms active=3
[ 134.376s] SEND #00802 table=page_001375_table_3 lag=   0.3ms active=4
[ 134.520s] SEND #00803 table=page_001197_table_5 lag=   1.2ms active=5
[ 134.649s] RECV #00802 table=page_001375_table_3 request= 0.272s scheduled= 0.273s status=ok active=4
[ 134.676s] RECV #00800 table=page_000526_table_7 request= 0.448s scheduled= 0.448s status=ok active=3
[ 135.335s] SEND #00804 table=page_001036_table_box_id_4 lag=   1.1ms active=4
[ 135.590s] SEND #00805 table=page_001119_table_box_id_2 lag=   0.7ms active=5
[ 135.792s] SEND #00806 table=page_001367_table_51 lag=   0.3ms active=6
[ 135.881s] RECV #00801 table=page_001220_table_8 request= 1.627s scheduled= 1.628s status=ok active=5
[ 135.890s] RECV #00803 table=page_001197_table_5 request= 1.370s scheduled= 1.371s status=ok active=4
[ 136.022s] SEND #00807 table=page_000668_table_15 lag=   1.2ms active=5
[ 136.097s] SEND #00808 table=page_000292_table_box_id_5 lag=   1.0ms active=6
[ 136.149s] RECV #00807 table=page_000668_table_15 request= 0.127s scheduled= 0.129s status=ok active=5
[ 136.157s] RECV #00808 table=page_000292_table_box_id_5 request= 0.061s scheduled= 0.062s status=ok active=4
[ 136.198s] RECV #00805 table=page_001119_table_box_id_2 request= 0.608s scheduled= 0.609s status=ok active=3
[ 136.337s] RECV #00804 table=page_001036_table_box_id_4 request= 1.002s scheduled= 1.003s status=ok active=2
[ 136.505s] RECV #00806 table=page_001367_table_51 request= 0.712s scheduled= 0.713s status=ok active=1
[ 136.573s] SEND #00809 table=page_000273_table_box_id_1 lag=   2.0ms active=2
[ 136.744s] SEND #00810 table=page_001193_table_8 lag=   1.1ms active=3
[ 136.830s] SEND #00811 table=page_001368_table_box_id_159 lag=   1.0ms active=4
[ 136.934s] SEND #00812 table=page_000247_table_box_id_0 lag=   1.5ms active=5
[ 137.036s] RECV #00811 table=page_001368_table_box_id_159 request= 0.206s scheduled= 0.207s status=ok active=4
[ 137.059s] RECV #00812 table=page_000247_table_box_id_0 request= 0.125s scheduled= 0.126s status=ok active=3
[ 137.386s] RECV #00810 table=page_001193_table_8 request= 0.642s scheduled= 0.643s status=ok active=2
[ 137.584s] SEND #00813 table=page_001148_table_3 lag=   1.1ms active=3
[ 137.710s] SEND #00814 table=page_000763_table_7 lag=   0.4ms active=4
[ 137.740s] SEND #00815 table=page_000206_table_box_id_9 lag=   0.4ms active=5
[ 137.768s] SEND #00816 table=page_000639_table_11 lag=   1.3ms active=6
[ 137.926s] RECV #00814 table=page_000763_table_7 request= 0.216s scheduled= 0.217s status=ok active=5
[ 137.961s] SEND #00817 table=page_000641_table_5 lag=   0.8ms active=6
[ 138.099s] SEND #00818 table=page_000220_table_box_id_7 lag=   0.7ms active=7
[ 138.280s] RECV #00817 table=page_000641_table_5 request= 0.319s scheduled= 0.320s status=ok active=6
[ 138.447s] RECV #00815 table=page_000206_table_box_id_9 request= 0.706s scheduled= 0.707s status=ok active=5
[ 138.494s] SEND #00819 table=page_001398_table_box-bfny2f1z lag=   0.2ms active=6
[ 138.529s] SEND #00820 table=page_001169_table_11 lag=   0.8ms active=7
[ 138.617s] SEND #00821 table=page_000633_table_5 lag=   1.2ms active=8
[ 138.649s] RECV #00797 table=page_000277_table_box_id_1 request= 5.547s scheduled= 5.548s status=ok active=7
[ 138.834s] SEND #00822 table=page_001271_table_4 lag=   0.8ms active=8
[ 138.842s] SEND #00823 table=page_000226_table_box_id_3 lag=   0.2ms active=9
[ 138.843s] RECV #00820 table=page_001169_table_11 request= 0.315s scheduled= 0.315s status=ok active=8
[ 138.860s] SEND #00824 table=page_000631_table_0 lag=   0.5ms active=9
[ 138.991s] SEND #00825 table=page_000356_table_1 lag=   0.8ms active=10
[ 139.043s] SEND #00826 table=page_000207_table_box_id_1 lag=   1.1ms active=11
[ 139.063s] SEND #00827 table=page_001193_table_8 lag=   2.4ms active=12
[ 139.113s] SEND #00828 table=page_001196_table_13 lag=   1.1ms active=13
[ 139.203s] RECV #00818 table=page_000220_table_box_id_7 request= 1.104s scheduled= 1.105s status=ok active=12
[ 139.279s] SEND #00829 table=page_000918_table_0 lag=   0.5ms active=13
[ 139.294s] RECV #00819 table=page_001398_table_box-bfny2f1z request= 0.799s scheduled= 0.800s status=ok active=12
[ 139.403s] SEND #00830 table=page_001368_table_box_id_165 lag=   0.3ms active=13
[ 139.418s] SEND #00831 table=page_000226_table_box_id_3 lag=   1.3ms active=14
[ 139.429s] SEND #00832 table=page_001188_table_2 lag=   0.3ms active=15
[ 139.498s] RECV #00816 table=page_000639_table_11 request= 1.730s scheduled= 1.731s status=ok active=14
[ 139.597s] RECV #00825 table=page_000356_table_1 request= 0.605s scheduled= 0.606s status=ok active=13
[ 139.746s] SEND #00833 table=page_000268_table_box_id_6 lag=   0.5ms active=14
[ 139.898s] RECV #00813 table=page_001148_table_3 request= 2.314s scheduled= 2.315s status=ok active=13
[ 139.918s] SEND #00834 table=page_000237_table_box_id_3 lag=   0.8ms active=14
[ 139.950s] SEND #00835 table=page_000913_table_11 lag=   0.9ms active=15
[ 139.983s] RECV #00823 table=page_000226_table_box_id_3 request= 1.141s scheduled= 1.141s status=ok active=14
[ 140.194s] RECV #00829 table=page_000918_table_0 request= 0.915s scheduled= 0.916s status=ok active=13
[ 140.251s] RECV #00827 table=page_001193_table_8 request= 1.187s scheduled= 1.190s status=ok active=12
[ 140.280s] SEND #00836 table=page_000245_table_box_id_0 lag=   0.8ms active=13
[ 140.284s] SEND #00837 table=page_001233_table_6 lag=   0.9ms active=14
[ 140.360s] SEND #00838 table=page_000249_table_box-gjm9bkso lag=   0.4ms active=15
[ 140.379s] RECV #00830 table=page_001368_table_box_id_165 request= 0.976s scheduled= 0.976s status=ok active=14
[ 140.674s] SEND #00839 table=page_000242_table_box_id_3 lag=   0.5ms active=15
[ 140.733s] RECV #00824 table=page_000631_table_0 request= 1.874s scheduled= 1.874s status=ok active=14
[ 140.880s] SEND #00840 table=page_000696_table_0 lag=   0.3ms active=15
[ 140.885s] RECV #00828 table=page_001196_table_13 request= 1.773s scheduled= 1.774s status=ok active=14
[ 140.936s] SEND #00841 table=page_000638_table_1 lag=   0.7ms active=15
[ 140.980s] RECV #00831 table=page_000226_table_box_id_3 request= 1.562s scheduled= 1.563s status=ok active=14
[ 141.147s] RECV #00835 table=page_000913_table_11 request= 1.197s scheduled= 1.198s status=ok active=13
[ 141.278s] RECV #00809 table=page_000273_table_box_id_1 request= 4.705s scheduled= 4.707s status=ok active=12
[ 141.306s] SEND #00842 table=page_001367_table_69 lag=   1.5ms active=13
[ 141.341s] RECV #00833 table=page_000268_table_box_id_6 request= 1.594s scheduled= 1.595s status=ok active=12
[ 141.435s] RECV #00826 table=page_000207_table_box_id_1 request= 2.391s scheduled= 2.392s status=ok active=11
[ 141.457s] SEND #00843 table=page_001132_table_box_id_18 lag=   0.3ms active=12
[ 141.792s] SEND #00844 table=page_000269_table_box_id_1 lag=   0.9ms active=13
[ 141.864s] RECV #00821 table=page_000633_table_5 request= 3.246s scheduled= 3.248s status=ok active=12
[ 142.085s] RECV #00837 table=page_001233_table_6 request= 1.801s scheduled= 1.802s status=ok active=11
[ 142.164s] SEND #00845 table=page_000793_table_8 lag=   1.1ms active=12
[ 142.221s] RECV #00840 table=page_000696_table_0 request= 1.341s scheduled= 1.341s status=ok active=11
[ 142.256s] SEND #00846 table=page_000251_table_box_id_7 lag=   0.5ms active=12
[ 142.263s] RECV #00836 table=page_000245_table_box_id_0 request= 1.983s scheduled= 1.984s status=ok active=11
[ 142.425s] RECV #00843 table=page_001132_table_box_id_18 request= 0.967s scheduled= 0.968s status=ok active=10
[ 142.444s] SEND #00847 table=page_000942_table_3 lag=   0.7ms active=11
[ 142.575s] SEND #00848 table=page_000763_table_26 lag=   0.7ms active=12
[ 142.576s] RECV #00844 table=page_000269_table_box_id_1 request= 0.784s scheduled= 0.785s status=ok active=11
[ 142.606s] RECV #00834 table=page_000237_table_box_id_3 request= 2.687s scheduled= 2.688s status=ok active=10
[ 142.690s] RECV #00842 table=page_001367_table_69 request= 1.384s scheduled= 1.385s status=ok active=9
[ 142.827s] RECV #00845 table=page_000793_table_8 request= 0.663s scheduled= 0.664s status=ok active=8
[ 142.884s] RECV #00839 table=page_000242_table_box_id_3 request= 2.211s scheduled= 2.211s status=ok active=7
[ 142.891s] RECV #00848 table=page_000763_table_26 request= 0.316s scheduled= 0.317s status=ok active=6
[ 142.918s] RECV #00841 table=page_000638_table_1 request= 1.983s scheduled= 1.983s status=ok active=5
[ 143.058s] SEND #00849 table=page_000790_table_9 lag=   1.0ms active=6
[ 143.105s] RECV #00822 table=page_001271_table_4 request= 4.271s scheduled= 4.272s status=ok active=5
[ 143.107s] RECV #00838 table=page_000249_table_box-gjm9bkso request= 2.747s scheduled= 2.748s status=ok active=4
[ 143.123s] RECV #00847 table=page_000942_table_3 request= 0.679s scheduled= 0.680s status=ok active=3
[ 143.324s] SEND #00850 table=page_001176_table_4 lag=   0.3ms active=4
[ 143.540s] SEND #00851 table=page_001368_table_box_id_159 lag=   0.7ms active=5
[ 143.588s] RECV #00849 table=page_000790_table_9 request= 0.530s scheduled= 0.531s status=ok active=4
[ 143.597s] RECV #00846 table=page_000251_table_box_id_7 request= 1.341s scheduled= 1.341s status=ok active=3
[ 143.627s] RECV #00851 table=page_001368_table_box_id_159 request= 0.087s scheduled= 0.087s status=ok active=2
[ 143.820s] SEND #00852 table=page_000534_table_3 lag=   0.5ms active=3
[ 144.036s] RECV #00852 table=page_000534_table_3 request= 0.216s scheduled= 0.217s status=ok active=2
[ 144.519s] RECV #00832 table=page_001188_table_2 request= 5.090s scheduled= 5.090s status=ok active=1
[ 144.529s] RECV #00850 table=page_001176_table_4 request= 1.205s scheduled= 1.205s status=ok active=0
[ 144.871s] SEND #00853 table=page_000623_table_7 lag=   1.3ms active=1
[ 144.920s] SEND #00854 table=page_000258_table_box_id_5 lag=   0.7ms active=2
[ 144.957s] SEND #00855 table=page_000577_table_3 lag=   1.0ms active=3
[ 145.186s] SEND #00856 table=page_001368_table_box_id_167 lag=   0.9ms active=4
[ 145.284s] RECV #00856 table=page_001368_table_box_id_167 request= 0.098s scheduled= 0.099s status=ok active=3
[ 145.392s] RECV #00854 table=page_000258_table_box_id_5 request= 0.472s scheduled= 0.473s status=ok active=2
[ 145.432s] SEND #00857 table=page_000799_table_6 lag=   1.1ms active=3
[ 145.451s] RECV #00855 table=page_000577_table_3 request= 0.494s scheduled= 0.495s status=ok active=2
[ 145.552s] SEND #00858 table=page_000465_table_9 lag=   0.9ms active=3
[ 145.662s] SEND #00859 table=page_001160_table_6 lag=   0.3ms active=4
[ 145.749s] SEND #00860 table=page_001152_table_0 lag=   0.9ms active=5
[ 145.999s] RECV #00857 table=page_000799_table_6 request= 0.568s scheduled= 0.569s status=ok active=4
[ 146.106s] SEND #00861 table=page_001164_table_9 lag=   0.5ms active=5
[ 146.150s] RECV #00858 table=page_000465_table_9 request= 0.599s scheduled= 0.599s status=ok active=4
[ 146.346s] RECV #00859 table=page_001160_table_6 request= 0.683s scheduled= 0.684s status=ok active=3
[ 146.365s] RECV #00853 table=page_000623_table_7 request= 1.494s scheduled= 1.496s status=ok active=2
[ 146.371s] SEND #00862 table=page_001191_table_2 lag=   0.2ms active=3
[ 146.518s] SEND #00863 table=page_001208_table_12 lag=   0.6ms active=4
[ 146.524s] SEND #00864 table=page_001141_table_19 lag=   0.4ms active=5
[ 146.649s] RECV #00862 table=page_001191_table_2 request= 0.278s scheduled= 0.279s status=ok active=4
[ 146.798s] RECV #00864 table=page_001141_table_19 request= 0.273s scheduled= 0.274s status=ok active=3
[ 146.842s] SEND #00865 table=page_001496_table_3 lag=   0.9ms active=4
[ 146.944s] SEND #00866 table=page_000182_table_box_id_2 lag=   0.4ms active=5
[ 146.979s] SEND #00867 table=page_000984_table_3 lag=   0.7ms active=6
[ 147.027s] RECV #00863 table=page_001208_table_12 request= 0.509s scheduled= 0.510s status=ok active=5
[ 147.038s] SEND #00868 table=page_000511_table_1 lag=   0.5ms active=6
[ 147.234s] SEND #00869 table=page_000292_table_box_id_1 lag=   0.7ms active=7
[ 147.235s] SEND #00870 table=page_001194_table_3 lag=   0.2ms active=8
[ 147.257s] SEND #00871 table=page_000605_table_3 lag=   0.8ms active=9
[ 147.317s] SEND #00872 table=page_001124_table_21 lag=   1.3ms active=10
[ 147.680s] SEND #00873 table=page_000465_table_10 lag=   0.7ms active=11
[ 147.791s] RECV #00866 table=page_000182_table_box_id_2 request= 0.847s scheduled= 0.848s status=ok active=10
[ 147.837s] RECV #00871 table=page_000605_table_3 request= 0.580s scheduled= 0.581s status=ok active=9
[ 147.910s] SEND #00874 table=page_000257_table_box_id_20 lag=   1.7ms active=10
[ 147.912s] RECV #00865 table=page_001496_table_3 request= 1.070s scheduled= 1.071s status=ok active=9
[ 148.043s] RECV #00872 table=page_001124_table_21 request= 0.726s scheduled= 0.727s status=ok active=8
[ 148.044s] RECV #00867 table=page_000984_table_3 request= 1.065s scheduled= 1.066s status=ok active=7
[ 148.130s] RECV #00860 table=page_001152_table_0 request= 2.380s scheduled= 2.381s status=ok active=6
[ 148.155s] RECV #00870 table=page_001194_table_3 request= 0.920s scheduled= 0.920s status=ok active=5
[ 148.396s] RECV #00873 table=page_000465_table_10 request= 0.715s scheduled= 0.716s status=ok active=4
[ 148.498s] SEND #00875 table=page_000861_table_17 lag=   0.5ms active=5
[ 148.603s] RECV #00874 table=page_000257_table_box_id_20 request= 0.692s scheduled= 0.694s status=ok active=4
[ 148.630s] SEND #00876 table=page_000827_table_8 lag=   1.9ms active=5
[ 148.770s] SEND #00877 table=page_001230_table_box_id_1 lag=   0.3ms active=6
[ 148.904s] SEND #00878 table=page_001197_table_4 lag=   0.5ms active=7
[ 149.029s] SEND #00879 table=page_000203_table_box_id_3 lag=   1.1ms active=8
[ 149.158s] SEND #00880 table=page_001184_table_6 lag=   0.8ms active=9
[ 149.162s] RECV #00876 table=page_000827_table_8 request= 0.532s scheduled= 0.533s status=ok active=8
[ 149.335s] RECV #00861 table=page_001164_table_9 request= 3.229s scheduled= 3.229s status=ok active=7
[ 149.400s] RECV #00880 table=page_001184_table_6 request= 0.241s scheduled= 0.242s status=ok active=6
[ 149.436s] RECV #00868 table=page_000511_table_1 request= 2.397s scheduled= 2.398s status=ok active=5
[ 149.443s] SEND #00881 table=page_001272_table_1 lag=   0.4ms active=6
[ 149.672s] RECV #00877 table=page_001230_table_box_id_1 request= 0.902s scheduled= 0.903s status=ok active=5
[ 149.770s] RECV #00875 table=page_000861_table_17 request= 1.272s scheduled= 1.272s status=ok active=4
[ 149.954s] SEND #00882 table=page_001134_table_1 lag=   0.7ms active=5
[ 150.043s] SEND #00883 table=page_000827_table_8 lag=   2.1ms active=6
[ 150.186s] RECV #00883 table=page_000827_table_8 request= 0.144s scheduled= 0.146s status=ok active=5
[ 150.207s] SEND #00884 table=page_001367_table_3 lag=   0.5ms active=6
[ 150.268s] SEND #00885 table=page_001516_table_17 lag=   0.9ms active=7
[ 150.329s] SEND #00886 table=page_000294_table_box_id_1 lag=   1.7ms active=8
[ 150.446s] SEND #00887 table=page_001082_table_23 lag=   0.8ms active=9
[ 150.593s] SEND #00888 table=page_000524_table_0 lag=   0.5ms active=10
[ 150.677s] RECV #00878 table=page_001197_table_4 request= 1.773s scheduled= 1.774s status=ok active=9
[ 150.725s] SEND #00889 table=page_001367_table_71 lag=   0.2ms active=10
[ 150.924s] RECV #00885 table=page_001516_table_17 request= 0.656s scheduled= 0.657s status=ok active=9
[ 151.170s] RECV #00887 table=page_001082_table_23 request= 0.724s scheduled= 0.725s status=ok active=8
[ 151.223s] RECV #00869 table=page_000292_table_box_id_1 request= 3.988s scheduled= 3.989s status=ok active=7
[ 151.271s] RECV #00889 table=page_001367_table_71 request= 0.546s scheduled= 0.546s status=ok active=6
[ 151.351s] SEND #00890 table=page_000938_table_5 lag=   0.6ms active=7
[ 151.381s] SEND #00891 table=page_001143_table_4 lag=   1.0ms active=8
[ 151.448s] RECV #00879 table=page_000203_table_box_id_3 request= 2.419s scheduled= 2.420s status=ok active=7
[ 151.550s] SEND #00892 table=page_000823_table_8 lag=   0.4ms active=8
[ 151.636s] RECV #00892 table=page_000823_table_8 request= 0.086s scheduled= 0.087s status=ok active=7
[ 151.768s] RECV #00881 table=page_001272_table_1 request= 2.326s scheduled= 2.326s status=ok active=6
[ 151.770s] RECV #00890 table=page_000938_table_5 request= 0.418s scheduled= 0.419s status=ok active=5
[ 151.889s] RECV #00891 table=page_001143_table_4 request= 0.508s scheduled= 0.509s status=ok active=4
[ 152.017s] RECV #00884 table=page_001367_table_3 request= 1.811s scheduled= 1.811s status=ok active=3
[ 152.044s] RECV #00888 table=page_000524_table_0 request= 1.451s scheduled= 1.451s status=ok active=2
[ 152.060s] RECV #00882 table=page_001134_table_1 request= 2.107s scheduled= 2.107s status=ok active=1
[ 152.185s] RECV #00886 table=page_000294_table_box_id_1 request= 1.856s scheduled= 1.858s status=ok active=0
[ 152.418s] SEND #00893 table=page_000516_table_0 lag=   0.7ms active=1
[ 152.640s] SEND #00894 table=page_000554_table_12 lag=   0.6ms active=2
[ 152.779s] SEND #00895 table=page_001506_table_14 lag=   0.3ms active=3
[ 152.824s] RECV #00894 table=page_000554_table_12 request= 0.184s scheduled= 0.185s status=ok active=2
[ 152.855s] SEND #00896 table=page_000205_table_box_id_11 lag=   0.3ms active=3
[ 152.941s] SEND #00897 table=page_000612_table_6 lag=   0.3ms active=4
[ 153.007s] RECV #00895 table=page_001506_table_14 request= 0.228s scheduled= 0.228s status=ok active=3
[ 153.381s] RECV #00896 table=page_000205_table_box_id_11 request= 0.526s scheduled= 0.526s status=ok active=2
[ 153.401s] SEND #00898 table=page_000532_table_4 lag=   1.0ms active=3
[ 153.542s] RECV #00897 table=page_000612_table_6 request= 0.601s scheduled= 0.601s status=ok active=2
[ 153.682s] RECV #00898 table=page_000532_table_4 request= 0.281s scheduled= 0.282s status=ok active=1
[ 153.777s] RECV #00893 table=page_000516_table_0 request= 1.358s scheduled= 1.359s status=ok active=0
[ 153.777s] SEND #00899 table=page_001419_table_10 lag=   0.5ms active=1
[ 153.962s] SEND #00900 table=page_000929_table_0 lag=   0.7ms active=2
[ 154.043s] RECV #00899 table=page_001419_table_10 request= 0.266s scheduled= 0.266s status=ok active=1
[ 154.344s] SEND #00901 table=page_001135_table_6 lag=   0.9ms active=2
[ 154.482s] RECV #00900 table=page_000929_table_0 request= 0.520s scheduled= 0.521s status=ok active=1
[ 154.776s] SEND #00902 table=page_000716_table_2 lag=   0.8ms active=2
[ 154.857s] RECV #00901 table=page_001135_table_6 request= 0.513s scheduled= 0.514s status=ok active=1
[ 154.872s] RECV #00902 table=page_000716_table_2 request= 0.097s scheduled= 0.097s status=ok active=0
[ 155.088s] SEND #00903 table=page_001398_table_box-5zkimf1o lag=   0.7ms active=1
[ 155.168s] SEND #00904 table=page_000654_table_0 lag=   0.8ms active=2
[ 155.273s] SEND #00905 table=page_001204_table_4 lag=   1.5ms active=3
[ 155.315s] RECV #00903 table=page_001398_table_box-5zkimf1o request= 0.227s scheduled= 0.228s status=ok active=2
[ 155.319s] RECV #00904 table=page_000654_table_0 request= 0.151s scheduled= 0.152s status=ok active=1
[ 155.538s] SEND #00906 table=page_000299_table_box_id_5 lag=   1.3ms active=2
[ 155.615s] SEND #00907 table=page_000745_table_2 lag=   0.3ms active=3
[ 155.845s] SEND #00908 table=page_000229_table_box_id_3 lag=   0.6ms active=4
[ 155.955s] SEND #00909 table=page_000603_table_7 lag=   0.9ms active=5
[ 156.015s] RECV #00907 table=page_000745_table_2 request= 0.401s scheduled= 0.401s status=ok active=4
[ 156.024s] SEND #00910 table=page_001133_table_3 lag=   1.1ms active=5
[ 156.125s] SEND #00911 table=page_001368_table_box_id_263 lag=   0.7ms active=6
[ 156.146s] SEND #00912 table=page_000229_table_box_id_7 lag=   0.7ms active=7
[ 156.219s] SEND #00913 table=page_000269_table_box_id_1 lag=   1.4ms active=8
[ 156.308s] SEND #00914 table=page_001128_table_2 lag=   0.7ms active=9
[ 156.311s] SEND #00915 table=page_000287_table_box_id_1 lag=   0.5ms active=10
[ 156.343s] SEND #00916 table=page_001132_table_box_id_18 lag=   1.1ms active=11
[ 156.392s] SEND #00917 table=page_000721_table_19 lag=   0.5ms active=12
[ 156.443s] RECV #00913 table=page_000269_table_box_id_1 request= 0.223s scheduled= 0.225s status=ok active=11
[ 156.614s] RECV #00912 table=page_000229_table_box_id_7 request= 0.469s scheduled= 0.469s status=ok active=10
[ 156.676s] RECV #00908 table=page_000229_table_box_id_3 request= 0.831s scheduled= 0.831s status=ok active=9
[ 156.706s] RECV #00905 table=page_001204_table_4 request= 1.433s scheduled= 1.434s status=ok active=8
[ 156.717s] SEND #00918 table=page_000236_table_box_id_1 lag=   0.3ms active=9
[ 156.752s] RECV #00909 table=page_000603_table_7 request= 0.797s scheduled= 0.798s status=ok active=8
[ 156.866s] SEND #00919 table=page_000307_table_2 lag=   0.8ms active=9
[ 156.902s] RECV #00917 table=page_000721_table_19 request= 0.509s scheduled= 0.510s status=ok active=8
[ 156.922s] SEND #00920 table=page_001166_table_9 lag=   0.2ms active=9
[ 156.958s] RECV #00916 table=page_001132_table_box_id_18 request= 0.616s scheduled= 0.617s status=ok active=8
[ 157.319s] RECV #00918 table=page_000236_table_box_id_1 request= 0.601s scheduled= 0.602s status=ok active=7
[ 157.403s] RECV #00920 table=page_001166_table_9 request= 0.481s scheduled= 0.481s status=ok active=6
[ 157.475s] RECV #00911 table=page_001368_table_box_id_263 request= 1.350s scheduled= 1.351s status=ok active=5
[ 157.570s] RECV #00906 table=page_000299_table_box_id_5 request= 2.032s scheduled= 2.033s status=ok active=4
[ 157.682s] RECV #00914 table=page_001128_table_2 request= 1.374s scheduled= 1.375s status=ok active=3
[ 157.686s] RECV #00910 table=page_001133_table_3 request= 1.663s scheduled= 1.664s status=ok active=2
[ 157.790s] RECV #00915 table=page_000287_table_box_id_1 request= 1.479s scheduled= 1.480s status=ok active=1
[ 157.938s] SEND #00921 table=page_001368_table_box_id_278 lag=   1.2ms active=2
[ 157.986s] SEND #00922 table=page_000273_table_box_id_1 lag=   0.2ms active=3
[ 158.039s] RECV #00921 table=page_001368_table_box_id_278 request= 0.102s scheduled= 0.103s status=ok active=2
[ 158.108s] SEND #00923 table=page_000236_table_box_id_5 lag=   1.5ms active=3
[ 158.317s] RECV #00919 table=page_000307_table_2 request= 1.450s scheduled= 1.451s status=ok active=2
[ 158.331s] SEND #00924 table=page_000451_table_12 lag=   0.9ms active=3
[ 158.527s] SEND #00925 table=page_000554_table_0 lag=   0.9ms active=4
[ 158.622s] SEND #00926 table=page_000946_table_14 lag=   0.8ms active=5
[ 158.674s] RECV #00923 table=page_000236_table_box_id_5 request= 0.566s scheduled= 0.568s status=ok active=4
[ 158.683s] RECV #00925 table=page_000554_table_0 request= 0.156s scheduled= 0.156s status=ok active=3
[ 158.872s] SEND #00927 table=page_000762_table_5 lag=   1.1ms active=4
[ 158.911s] RECV #00926 table=page_000946_table_14 request= 0.289s scheduled= 0.289s status=ok active=3
[ 158.981s] RECV #00927 table=page_000762_table_5 request= 0.108s scheduled= 0.110s status=ok active=2
[ 158.983s] SEND #00928 table=page_000292_table_box_id_5 lag=   1.1ms active=3
[ 159.043s] RECV #00928 table=page_000292_table_box_id_5 request= 0.060s scheduled= 0.061s status=ok active=2
[ 159.192s] SEND #00929 table=page_000224_table_box-3str9h9p lag=   0.3ms active=3
[ 159.305s] SEND #00930 table=page_000514_table_8 lag=   0.3ms active=4
[ 159.494s] RECV #00924 table=page_000451_table_12 request= 1.162s scheduled= 1.163s status=ok active=3
[ 159.666s] RECV #00930 table=page_000514_table_8 request= 0.362s scheduled= 0.362s status=ok active=2
[ 159.898s] SEND #00931 table=page_001216_table_2 lag=   0.6ms active=3
[ 160.051s] RECV #00929 table=page_000224_table_box-3str9h9p request= 0.859s scheduled= 0.859s status=ok active=2
[ 160.108s] SEND #00932 table=page_000591_table_3 lag=   0.4ms active=3
[ 160.123s] SEND #00933 table=page_000199_table_box_id_0 lag=   0.2ms active=4
[ 160.147s] SEND #00934 table=page_001163_table_0 lag=   0.8ms active=5
[ 160.713s] SEND #00935 table=page_000208_table_box_id_7 lag=   0.9ms active=6
[ 160.719s] RECV #00932 table=page_000591_table_3 request= 0.611s scheduled= 0.612s status=ok active=5
[ 160.756s] SEND #00936 table=page_000420_table_0 lag=   0.6ms active=6
[ 160.761s] SEND #00937 table=page_000680_table_11 lag=   1.0ms active=7
[ 160.810s] SEND #00938 table=page_000677_table_23 lag=   1.1ms active=8
[ 160.919s] SEND #00939 table=page_001248_table_0 lag=   1.3ms active=9
[ 161.152s] RECV #00938 table=page_000677_table_23 request= 0.342s scheduled= 0.344s status=ok active=8
[ 161.278s] RECV #00931 table=page_001216_table_2 request= 1.381s scheduled= 1.381s status=ok active=7
[ 161.425s] SEND #00940 table=page_001417_table_2 lag=   0.6ms active=8
[ 161.465s] RECV #00936 table=page_000420_table_0 request= 0.709s scheduled= 0.709s status=ok active=7
[ 161.482s] RECV #00935 table=page_000208_table_box_id_7 request= 0.769s scheduled= 0.770s status=ok active=6
[ 161.510s] SEND #00941 table=page_000507_table_6 lag=   1.1ms active=7
[ 161.569s] RECV #00940 table=page_001417_table_2 request= 0.144s scheduled= 0.145s status=ok active=6
[ 161.689s] RECV #00939 table=page_001248_table_0 request= 0.770s scheduled= 0.771s status=ok active=5
[ 161.707s] RECV #00937 table=page_000680_table_11 request= 0.946s scheduled= 0.947s status=ok active=4
[ 161.724s] SEND #00942 table=page_000182_table_box-tn22tc2f lag=   0.2ms active=5
[ 161.901s] RECV #00934 table=page_001163_table_0 request= 1.754s scheduled= 1.755s status=ok active=4
[ 161.956s] RECV #00942 table=page_000182_table_box-tn22tc2f request= 0.232s scheduled= 0.232s status=ok active=3
[ 162.024s] SEND #00943 table=page_001367_table_66 lag=   1.0ms active=4
[ 162.040s] SEND #00944 table=page_000256_table_box_id_8 lag=   1.1ms active=5
[ 162.197s] SEND #00945 table=page_000627_table_14 lag=   0.6ms active=6
[ 162.332s] RECV #00922 table=page_000273_table_box_id_1 request= 4.345s scheduled= 4.346s status=ok active=5
[ 162.382s] RECV #00933 table=page_000199_table_box_id_0 request= 2.259s scheduled= 2.259s status=ok active=4
[ 162.507s] RECV #00941 table=page_000507_table_6 request= 0.996s scheduled= 0.997s status=ok active=3
[ 162.528s] RECV #00944 table=page_000256_table_box_id_8 request= 0.488s scheduled= 0.489s status=ok active=2
[ 162.692s] RECV #00945 table=page_000627_table_14 request= 0.495s scheduled= 0.495s status=ok active=1
[ 162.746s] RECV #00943 table=page_001367_table_66 request= 0.722s scheduled= 0.723s status=ok active=0
[ 163.109s] SEND #00946 table=page_001273_table_8 lag=   1.2ms active=1
[ 163.242s] SEND #00947 table=page_001155_table_4 lag=   0.8ms active=2
[ 163.370s] SEND #00948 table=page_000632_table_6 lag=   1.2ms active=3
[ 163.440s] SEND #00949 table=page_001026_table_box_id_25 lag=   0.9ms active=4
[ 163.460s] RECV #00947 table=page_001155_table_4 request= 0.218s scheduled= 0.219s status=ok active=3
[ 163.651s] RECV #00948 table=page_000632_table_6 request= 0.282s scheduled= 0.283s status=ok active=2
[ 163.927s] SEND #00950 table=page_000225_table_box_id_13 lag=   0.9ms active=3
[ 163.975s] RECV #00949 table=page_001026_table_box_id_25 request= 0.534s scheduled= 0.535s status=ok active=2
[ 164.511s] SEND #00951 table=page_000858_table_1 lag=   2.3ms active=3
[ 164.527s] SEND #00952 table=page_001233_table_6 lag=   0.4ms active=4
[ 164.661s] SEND #00953 table=page_000242_table_box_id_3 lag=   0.6ms active=5
[ 164.699s] RECV #00951 table=page_000858_table_1 request= 0.188s scheduled= 0.191s status=ok active=4
[ 164.753s] SEND #00954 table=page_001134_table_10 lag=   1.4ms active=5
[ 164.829s] RECV #00950 table=page_000225_table_box_id_13 request= 0.902s scheduled= 0.903s status=ok active=4
[ 164.937s] SEND #00955 table=page_000861_table_17 lag=   0.3ms active=5
[ 164.959s] SEND #00956 table=page_001368_table_box_id_280 lag=   1.2ms active=6
[ 165.010s] SEND #00957 table=page_000790_table_9 lag=   0.7ms active=7
[ 165.064s] SEND #00958 table=page_000265_table_box_id_3 lag=   0.3ms active=8
[ 165.082s] RECV #00946 table=page_001273_table_8 request= 1.973s scheduled= 1.974s status=ok active=7
[ 165.173s] SEND #00959 table=page_000921_table_9 lag=   0.3ms active=8
[ 165.304s] RECV #00952 table=page_001233_table_6 request= 0.777s scheduled= 0.778s status=ok active=7
[ 165.436s] SEND #00960 table=page_000626_table_box_id_7 lag=   0.3ms active=8
[ 165.752s] RECV #00956 table=page_001368_table_box_id_280 request= 0.793s scheduled= 0.794s status=ok active=7
[ 165.763s] SEND #00961 table=page_001124_table_21 lag=   2.1ms active=8
[ 165.894s] RECV #00959 table=page_000921_table_9 request= 0.721s scheduled= 0.721s status=ok active=7
[ 165.927s] RECV #00961 table=page_001124_table_21 request= 0.165s scheduled= 0.167s status=ok active=6
[ 166.019s] SEND #00962 table=page_000554_table_0 lag=   0.9ms active=7
[ 166.025s] RECV #00957 table=page_000790_table_9 request= 1.015s scheduled= 1.016s status=ok active=6
[ 166.171s] RECV #00962 table=page_000554_table_0 request= 0.153s scheduled= 0.154s status=ok active=5
[ 166.207s] SEND #00963 table=page_000224_table_box-3str9h9p lag=   0.8ms active=6
[ 166.222s] SEND #00964 table=page_001137_table_11 lag=   0.6ms active=7
[ 166.231s] RECV #00955 table=page_000861_table_17 request= 1.294s scheduled= 1.295s status=ok active=6
[ 166.305s] SEND #00965 table=page_000643_table_4 lag=   1.6ms active=7
[ 166.411s] RECV #00953 table=page_000242_table_box_id_3 request= 1.750s scheduled= 1.750s status=ok active=6
[ 166.489s] SEND #00966 table=page_001082_table_34 lag=   0.9ms active=7
[ 166.546s] SEND #00967 table=page_000835_table_2 lag=   0.6ms active=8
[ 166.665s] SEND #00968 table=page_000276_table_box_id_5 lag=   0.6ms active=9
[ 166.690s] RECV #00954 table=page_001134_table_10 request= 1.937s scheduled= 1.939s status=ok active=8
[ 166.753s] RECV #00967 table=page_000835_table_2 request= 0.206s scheduled= 0.207s status=ok active=7
[ 166.917s] RECV #00958 table=page_000265_table_box_id_3 request= 1.852s scheduled= 1.853s status=ok active=6
[ 167.057s] SEND #00969 table=page_001138_table_1 lag=   0.8ms active=7
[ 167.078s] SEND #00970 table=page_001376_table_5 lag=   1.1ms active=8
[ 167.336s] RECV #00964 table=page_001137_table_11 request= 1.114s scheduled= 1.115s status=ok active=7
[ 167.398s] SEND #00971 table=page_000746_table_18 lag=   0.4ms active=8
[ 167.403s] RECV #00963 table=page_000224_table_box-3str9h9p request= 1.196s scheduled= 1.197s status=ok active=7
[ 167.418s] SEND #00972 table=page_000821_table_box_id_26 lag=   1.5ms active=8
[ 167.498s] SEND #00973 table=page_000195_table_box_id_0 lag=   0.8ms active=9
[ 167.500s] RECV #00970 table=page_001376_table_5 request= 0.422s scheduled= 0.423s status=ok active=8
[ 167.813s] RECV #00972 table=page_000821_table_box_id_26 request= 0.395s scheduled= 0.397s status=ok active=7
[ 167.861s] RECV #00966 table=page_001082_table_34 request= 1.372s scheduled= 1.373s status=ok active=6
[ 167.892s] SEND #00974 table=page_000215_table_box_id_4 lag=   1.3ms active=7
[ 167.930s] SEND #00975 table=page_000982_table_16 lag=   1.9ms active=8
[ 168.052s] SEND #00976 table=page_001178_table_0 lag=   1.2ms active=9
[ 168.142s] SEND #00977 table=page_001121_table_10 lag=   1.1ms active=10
[ 168.251s] RECV #00975 table=page_000982_table_16 request= 0.321s scheduled= 0.323s status=ok active=9
[ 168.445s] RECV #00974 table=page_000215_table_box_id_4 request= 0.554s scheduled= 0.555s status=ok active=8
[ 168.506s] SEND #00978 table=page_000106_table_box_id_4 lag=   0.7ms active=9
[ 168.722s] RECV #00973 table=page_000195_table_box_id_0 request= 1.223s scheduled= 1.224s status=ok active=8
[ 168.756s] RECV #00971 table=page_000746_table_18 request= 1.358s scheduled= 1.359s status=ok active=7
[ 168.829s] RECV #00978 table=page_000106_table_box_id_4 request= 0.323s scheduled= 0.324s status=ok active=6
[ 168.932s] RECV #00960 table=page_000626_table_box_id_7 request= 3.497s scheduled= 3.497s status=ok active=5
[ 169.313s] SEND #00979 table=page_000709_table_12 lag=   1.4ms active=6
[ 169.368s] SEND #00980 table=page_000793_table_8 lag=   0.4ms active=7
[ 169.416s] RECV #00979 table=page_000709_table_12 request= 0.103s scheduled= 0.104s status=ok active=6
[ 169.474s] RECV #00980 table=page_000793_table_8 request= 0.105s scheduled= 0.106s status=ok active=5
[ 169.482s] SEND #00981 table=page_000737_table_6 lag=   1.1ms active=6
[ 169.496s] RECV #00977 table=page_001121_table_10 request= 1.354s scheduled= 1.355s status=ok active=5
[ 169.608s] RECV #00969 table=page_001138_table_1 request= 2.550s scheduled= 2.551s status=ok active=4
[ 169.672s] RECV #00965 table=page_000643_table_4 request= 3.367s scheduled= 3.369s status=ok active=3
[ 169.738s] RECV #00976 table=page_001178_table_0 request= 1.686s scheduled= 1.688s status=ok active=2
[ 169.763s] RECV #00981 table=page_000737_table_6 request= 0.281s scheduled= 0.282s status=ok active=1
[ 169.858s] SEND #00982 table=page_000446_table_3 lag=   1.0ms active=2
[ 169.989s] SEND #00983 table=page_001126_table_18 lag=   0.8ms active=3
[ 170.028s] SEND #00984 table=page_000232_table_box_id_8 lag=   0.2ms active=4
[ 170.267s] SEND #00985 table=page_000715_table_14 lag=   1.4ms active=5
[ 170.303s] RECV #00983 table=page_001126_table_18 request= 0.315s scheduled= 0.315s status=ok active=4
[ 170.335s] SEND #00986 table=page_001125_table_9 lag=   0.4ms active=5
[ 170.371s] RECV #00985 table=page_000715_table_14 request= 0.104s scheduled= 0.105s status=ok active=4
[ 170.445s] SEND #00987 table=page_000866_table_14 lag=   0.2ms active=5
[ 170.447s] SEND #00988 table=page_000746_table_18 lag=   0.4ms active=6
[ 170.595s] RECV #00984 table=page_000232_table_box_id_8 request= 0.566s scheduled= 0.566s status=ok active=5
[ 170.922s] RECV #00987 table=page_000866_table_14 request= 0.476s scheduled= 0.477s status=ok active=4
[ 171.199s] SEND #00989 table=page_001595_table_box_id_7 lag=   0.7ms active=5
[ 171.377s] SEND #00990 table=page_000297_table_5 lag=   1.2ms active=6
[ 171.620s] RECV #00988 table=page_000746_table_18 request= 1.173s scheduled= 1.174s status=ok active=5
[ 171.811s] SEND #00991 table=page_000343_table_0 lag=   1.1ms active=6
[ 171.916s] RECV #00991 table=page_000343_table_0 request= 0.105s scheduled= 0.106s status=ok active=5
[ 172.030s] RECV #00968 table=page_000276_table_box_id_5 request= 5.365s scheduled= 5.366s status=ok active=4
[ 172.084s] RECV #00989 table=page_001595_table_box_id_7 request= 0.885s scheduled= 0.886s status=ok active=3
[ 172.108s] RECV #00986 table=page_001125_table_9 request= 1.774s scheduled= 1.774s status=ok active=2
[ 172.244s] RECV #00990 table=page_000297_table_5 request= 0.867s scheduled= 0.868s status=ok active=1
[ 172.389s] SEND #00992 table=page_001222_table_2 lag=   1.9ms active=2
[ 172.439s] SEND #00993 table=page_000630_table_2 lag=   0.2ms active=3
[ 172.569s] SEND #00994 table=page_000260_table_box_id_0 lag=   0.7ms active=4
[ 172.666s] SEND #00995 table=page_000239_table_box_id_7 lag=   0.3ms active=5
[ 172.905s] SEND #00996 table=page_000652_table_3 lag=   1.6ms active=6
[ 172.997s] RECV #00996 table=page_000652_table_3 request= 0.093s scheduled= 0.094s status=ok active=5
[ 173.000s] RECV #00995 table=page_000239_table_box_id_7 request= 0.335s scheduled= 0.335s status=ok active=4
[ 173.197s] RECV #00982 table=page_000446_table_3 request= 3.340s scheduled= 3.341s status=ok active=3
[ 173.212s] SEND #00997 table=page_001368_table_box_id_239 lag=   1.4ms active=4
[ 173.255s] SEND #00998 table=page_001156_table_6 lag=   0.8ms active=5
[ 173.309s] SEND #00999 table=page_000821_table_box_id_14 lag=   1.2ms active=6
[ 173.514s] SEND #01000 table=page_000468_table_11 lag=   2.4ms active=7
[ 173.560s] RECV #00997 table=page_001368_table_box_id_239 request= 0.348s scheduled= 0.349s status=ok active=6
[ 173.562s] RECV #00999 table=page_000821_table_box_id_14 request= 0.253s scheduled= 0.255s status=ok active=5
[ 173.624s] RECV #00994 table=page_000260_table_box_id_0 request= 1.055s scheduled= 1.055s status=ok active=4
[ 173.687s] RECV #01000 table=page_000468_table_11 request= 0.173s scheduled= 0.175s status=ok active=3
[ 173.966s] RECV #00998 table=page_001156_table_6 request= 0.711s scheduled= 0.712s status=ok active=2
[ 174.046s] RECV #00993 table=page_000630_table_2 request= 1.606s scheduled= 1.607s status=ok active=1
[ 174.400s] RECV #00992 table=page_001222_table_2 request= 2.011s scheduled= 2.012s status=ok active=0
DONE completed=1000 failed=0 max_active=20 p50=0.920s p95=3.791s max=8.697s
Summary: tmp/19_table_ocr_serving/step3_b8qps6_0976fa33_20260911_cached/b8/qps6/measured/summary.json
