load_or_compile=b1_s512 physical_tokens=512
/workspace/repos/paddle_ocr_vl_npu_bench_4789067/09_persistent_page_engine/scripts/vision_lab_batched_packed.py:455: UserWarning: Cannot create tensor with interal format while allow_internel_format=False, tensor will be created with base format. (Triggered internally at ../torch_npu/csrc/aten/common/TensorFactories.cpp:340.)
  warm_sin = torch.zeros_like(warm_cos)
compiled=b1_s512 cache_was_warm=False first_call_s=30.648
load_or_compile=b2_s512 physical_tokens=1024
.start compile Ascend C operator AddLayerNorm. kernel name is te_addlayernorm_6b11d56a7445aac6195e8da14386dc73803111f8aa978e5a85197f8f4175acc1
[2026-07-29 09:24:05] [WARNING] [ascend910b] cube_te In file included from /usr/local/Ascend/cann-9.0.0/opp/built-in/op_impl/ai_core/tbe/impl/ops_nn/dynamic/../ascendc/add_layer_norm/add_layer_norm.cpp:16:
In file included from /usr/local/Ascend/cann-9.0.0/opp/built-in/op_impl/ai_core/tbe/impl/ops_nn/dynamic/../ascendc/add_layer_norm/add_layer_norm_special_kernel.h:19:
In file included from /usr/local/Ascend/cann-9.0.0/opp/built-in/op_impl/ai_core/tbe/impl/ops_nn/dynamic/../ascendc/add_layer_norm/add_layer_norm_base.h:21:
/usr/local/Ascend/cann-9.0.0/aarch64-linux/asc/../tikcpp/tikcfw/impl/dav_c220/kernel_operator_reg_others_impl.h:16:9: warning: impl/basic_api/dav_c220/kernel_operator_reg_others_impl.h is an internal header file and must not be used directly. Functions or variables defined in this file may be removed in the future. Please use "#include "basic_api/kernel_operator_intf.h"" and use public functions or variables defined in interface headers files. [-W#pragma-messages]
#pragma message("impl/basic_api/dav_c220/kernel_operator_reg_others_impl.h is an internal header file and must not be used directly. Functions or variables defined in this file may be removed in the future. Please use \"#include \"basic_api/kernel_operator_intf.h\"\" and use public functions or variables defined in interface headers files.")
        ^
1 warning generated.

[2026-07-29 09:24:05] [WARNING] [ascend910b] vec_te In file included from /usr/local/Ascend/cann-9.0.0/opp/built-in/op_impl/ai_core/tbe/impl/ops_nn/dynamic/../ascendc/add_layer_norm/add_layer_norm.cpp:16:
In file included from /usr/local/Ascend/cann-9.0.0/opp/built-in/op_impl/ai_core/tbe/impl/ops_nn/dynamic/../ascendc/add_layer_norm/add_layer_norm_special_kernel.h:19:
In file included from /usr/local/Ascend/cann-9.0.0/opp/built-in/op_impl/ai_core/tbe/impl/ops_nn/dynamic/../ascendc/add_layer_norm/add_layer_norm_base.h:21:
/usr/local/Ascend/cann-9.0.0/aarch64-linux/asc/../tikcpp/tikcfw/impl/dav_c220/kernel_operator_reg_others_impl.h:16:9: warning: impl/basic_api/dav_c220/kernel_operator_reg_others_impl.h is an internal header file and must not be used directly. Functions or variables defined in this file may be removed in the future. Please use "#include "basic_api/kernel_operator_intf.h"" and use public functions or variables defined in interface headers files. [-W#pragma-messages]
#pragma message("impl/basic_api/dav_c220/kernel_operator_reg_others_impl.h is an internal header file and must not be used directly. Functions or variables defined in this file may be removed in the future. Please use \"#include \"basic_api/kernel_operator_intf.h\"\" and use public functions or variables defined in interface headers files.")
        ^
1 warning generated.

[2026-07-29 09:24:11] [WARNING] [ascend910b] 0_te In file included from /usr/local/Ascend/cann-9.0.0/opp/built-in/op_impl/ai_core/tbe/impl/ops_nn/dynamic/../ascendc/add_layer_norm/add_layer_norm.cpp:16:
In file included from /usr/local/Ascend/cann-9.0.0/opp/built-in/op_impl/ai_core/tbe/impl/ops_nn/dynamic/../ascendc/add_layer_norm/add_layer_norm_special_kernel.h:19:
In file included from /usr/local/Ascend/cann-9.0.0/opp/built-in/op_impl/ai_core/tbe/impl/ops_nn/dynamic/../ascendc/add_layer_norm/add_layer_norm_base.h:21:
/usr/local/Ascend/cann-9.0.0/aarch64-linux/asc/../tikcpp/tikcfw/impl/dav_c220/kernel_operator_reg_others_impl.h:16:9: warning: impl/basic_api/dav_c220/kernel_operator_reg_others_impl.h is an internal header file and must not be used directly. Functions or variables defined in this file may be removed in the future. Please use "#include "basic_api/kernel_operator_intf.h"" and use public functions or variables defined in interface headers files. [-W#pragma-messages]
#pragma message("impl/basic_api/dav_c220/kernel_operator_reg_others_impl.h is an internal header file and must not be used directly. Functions or variables defined in this file may be removed in the future. Please use \"#include \"basic_api/kernel_operator_intf.h\"\" and use public functions or variables defined in interface headers files.")
        ^
1 warning generated.

.[2026-07-29 09:24:15] [WARNING] [ascend910b] 0_te In file included from /usr/local/Ascend/cann-9.0.0/opp/built-in/op_impl/ai_core/tbe/impl/ops_nn/dynamic/../ascendc/add_layer_norm/add_layer_norm.cpp:16:
In file included from /usr/local/Ascend/cann-9.0.0/opp/built-in/op_impl/ai_core/tbe/impl/ops_nn/dynamic/../ascendc/add_layer_norm/add_layer_norm_special_kernel.h:19:
In file included from /usr/local/Ascend/cann-9.0.0/opp/built-in/op_impl/ai_core/tbe/impl/ops_nn/dynamic/../ascendc/add_layer_norm/add_layer_norm_base.h:21:
/usr/local/Ascend/cann-9.0.0/aarch64-linux/asc/../tikcpp/tikcfw/impl/dav_c220/kernel_operator_reg_others_impl.h:16:9: warning: impl/basic_api/dav_c220/kernel_operator_reg_others_impl.h is an internal header file and must not be used directly. Functions or variables defined in this file may be removed in the future. Please use "#include "basic_api/kernel_operator_intf.h"" and use public functions or variables defined in interface headers files. [-W#pragma-messages]
#pragma message("impl/basic_api/dav_c220/kernel_operator_reg_others_impl.h is an internal header file and must not be used directly. Functions or variables defined in this file may be removed in the future. Please use \"#include \"basic_api/kernel_operator_intf.h\"\" and use public functions or variables defined in interface headers files.")
        ^
1 warning generated.

[2026-07-29 09:24:19] [WARNING] [ascend910b] 6b11d56a7445aac6195e8da14386dc73803111f8aa978e5a85197f8f4175acc1_te In file included from /workspace/repos/paddle_ocr_vl_npu_bench_4789067/kernel_meta/kernel_meta_14447593613665382368/kernel_meta/te_addlayernorm_6b11d56a7445aac6195e8da14386dc73803111f8aa978e5a85197f8f4175acc1_607655_kernel.cpp:6:
In file included from /usr/local/Ascend/cann-9.0.0/opp/built-in/op_impl/ai_core/tbe/impl/ops_nn/dynamic/../ascendc/add_layer_norm/add_layer_norm.cpp:16:
In file included from /usr/local/Ascend/cann-9.0.0/opp/built-in/op_impl/ai_core/tbe/impl/ops_nn/dynamic/../ascendc/add_layer_norm/add_layer_norm_special_kernel.h:19:
In file included from /usr/local/Ascend/cann-9.0.0/opp/built-in/op_impl/ai_core/tbe/impl/ops_nn/dynamic/../ascendc/add_layer_norm/add_layer_norm_base.h:21:
/usr/local/Ascend/cann-9.0.0/aarch64-linux/asc/../tikcpp/tikcfw/impl/dav_c220/kernel_operator_reg_others_impl.h:16:9: warning: impl/basic_api/dav_c220/kernel_operator_reg_others_impl.h is an internal header file and must not be used directly. Functions or variables defined in this file may be removed in the future. Please use "#include "basic_api/kernel_operator_intf.h"" and use public functions or variables defined in interface headers files. [-W#pragma-messages]
#pragma message("impl/basic_api/dav_c220/kernel_operator_reg_others_impl.h is an internal header file and must not be used directly. Functions or variables defined in this file may be removed in the future. Please use \"#include \"basic_api/kernel_operator_intf.h\"\" and use public functions or variables defined in interface headers files.")
        ^
1 warning generated.

start compile Ascend C operator AddLayerNorm. kernel name is te_addlayernorm_93aee75269962acae4309db0050b42c65098e672ab6d5ea0761f2c92085f8895
[2026-07-29 09:24:20] [WARNING] [ascend910b] cube_te In file included from /usr/local/Ascend/cann-9.0.0/opp/built-in/op_impl/ai_core/tbe/impl/ops_nn/dynamic/../ascendc/add_layer_norm/add_layer_norm.cpp:16:
In file included from /usr/local/Ascend/cann-9.0.0/opp/built-in/op_impl/ai_core/tbe/impl/ops_nn/dynamic/../ascendc/add_layer_norm/add_layer_norm_special_kernel.h:19:
In file included from /usr/local/Ascend/cann-9.0.0/opp/built-in/op_impl/ai_core/tbe/impl/ops_nn/dynamic/../ascendc/add_layer_norm/add_layer_norm_base.h:21:
/usr/local/Ascend/cann-9.0.0/aarch64-linux/asc/../tikcpp/tikcfw/impl/dav_c220/kernel_operator_reg_others_impl.h:16:9: warning: impl/basic_api/dav_c220/kernel_operator_reg_others_impl.h is an internal header file and must not be used directly. Functions or variables defined in this file may be removed in the future. Please use "#include "basic_api/kernel_operator_intf.h"" and use public functions or variables defined in interface headers files. [-W#pragma-messages]
#pragma message("impl/basic_api/dav_c220/kernel_operator_reg_others_impl.h is an internal header file and must not be used directly. Functions or variables defined in this file may be removed in the future. Please use \"#include \"basic_api/kernel_operator_intf.h\"\" and use public functions or variables defined in interface headers files.")
        ^
1 warning generated.

[2026-07-29 09:24:20] [WARNING] [ascend910b] vec_te In file included from /usr/local/Ascend/cann-9.0.0/opp/built-in/op_impl/ai_core/tbe/impl/ops_nn/dynamic/../ascendc/add_layer_norm/add_layer_norm.cpp:16:
In file included from /usr/local/Ascend/cann-9.0.0/opp/built-in/op_impl/ai_core/tbe/impl/ops_nn/dynamic/../ascendc/add_layer_norm/add_layer_norm_special_kernel.h:19:
In file included from /usr/local/Ascend/cann-9.0.0/opp/built-in/op_impl/ai_core/tbe/impl/ops_nn/dynamic/../ascendc/add_layer_norm/add_layer_norm_base.h:21:
/usr/local/Ascend/cann-9.0.0/aarch64-linux/asc/../tikcpp/tikcfw/impl/dav_c220/kernel_operator_reg_others_impl.h:16:9: warning: impl/basic_api/dav_c220/kernel_operator_reg_others_impl.h is an internal header file and must not be used directly. Functions or variables defined in this file may be removed in the future. Please use "#include "basic_api/kernel_operator_intf.h"" and use public functions or variables defined in interface headers files. [-W#pragma-messages]
#pragma message("impl/basic_api/dav_c220/kernel_operator_reg_others_impl.h is an internal header file and must not be used directly. Functions or variables defined in this file may be removed in the future. Please use \"#include \"basic_api/kernel_operator_intf.h\"\" and use public functions or variables defined in interface headers files.")
        ^
1 warning generated.

.[2026-07-29 09:24:27] [WARNING] [ascend910b] 0_te In file included from /usr/local/Ascend/cann-9.0.0/opp/built-in/op_impl/ai_core/tbe/impl/ops_nn/dynamic/../ascendc/add_layer_norm/add_layer_norm.cpp:16:
In file included from /usr/local/Ascend/cann-9.0.0/opp/built-in/op_impl/ai_core/tbe/impl/ops_nn/dynamic/../ascendc/add_layer_norm/add_layer_norm_special_kernel.h:19:
In file included from /usr/local/Ascend/cann-9.0.0/opp/built-in/op_impl/ai_core/tbe/impl/ops_nn/dynamic/../ascendc/add_layer_norm/add_layer_norm_base.h:21:
/usr/local/Ascend/cann-9.0.0/aarch64-linux/asc/../tikcpp/tikcfw/impl/dav_c220/kernel_operator_reg_others_impl.h:16:9: warning: impl/basic_api/dav_c220/kernel_operator_reg_others_impl.h is an internal header file and must not be used directly. Functions or variables defined in this file may be removed in the future. Please use "#include "basic_api/kernel_operator_intf.h"" and use public functions or variables defined in interface headers files. [-W#pragma-messages]
#pragma message("impl/basic_api/dav_c220/kernel_operator_reg_others_impl.h is an internal header file and must not be used directly. Functions or variables defined in this file may be removed in the future. Please use \"#include \"basic_api/kernel_operator_intf.h\"\" and use public functions or variables defined in interface headers files.")
        ^
1 warning generated.

[2026-07-29 09:24:31] [WARNING] [ascend910b] 0_te In file included from /usr/local/Ascend/cann-9.0.0/opp/built-in/op_impl/ai_core/tbe/impl/ops_nn/dynamic/../ascendc/add_layer_norm/add_layer_norm.cpp:16:
In file included from /usr/local/Ascend/cann-9.0.0/opp/built-in/op_impl/ai_core/tbe/impl/ops_nn/dynamic/../ascendc/add_layer_norm/add_layer_norm_special_kernel.h:19:
In file included from /usr/local/Ascend/cann-9.0.0/opp/built-in/op_impl/ai_core/tbe/impl/ops_nn/dynamic/../ascendc/add_layer_norm/add_layer_norm_base.h:21:
/usr/local/Ascend/cann-9.0.0/aarch64-linux/asc/../tikcpp/tikcfw/impl/dav_c220/kernel_operator_reg_others_impl.h:16:9: warning: impl/basic_api/dav_c220/kernel_operator_reg_others_impl.h is an internal header file and must not be used directly. Functions or variables defined in this file may be removed in the future. Please use "#include "basic_api/kernel_operator_intf.h"" and use public functions or variables defined in interface headers files. [-W#pragma-messages]
#pragma message("impl/basic_api/dav_c220/kernel_operator_reg_others_impl.h is an internal header file and must not be used directly. Functions or variables defined in this file may be removed in the future. Please use \"#include \"basic_api/kernel_operator_intf.h\"\" and use public functions or variables defined in interface headers files.")
        ^
1 warning generated.

.[2026-07-29 09:24:34] [WARNING] [ascend910b] 93aee75269962acae4309db0050b42c65098e672ab6d5ea0761f2c92085f8895_te In file included from /workspace/repos/paddle_ocr_vl_npu_bench_4789067/kernel_meta/kernel_meta_14447593613665382368/kernel_meta/te_addlayernorm_93aee75269962acae4309db0050b42c65098e672ab6d5ea0761f2c92085f8895_607657_kernel.cpp:6:
In file included from /usr/local/Ascend/cann-9.0.0/opp/built-in/op_impl/ai_core/tbe/impl/ops_nn/dynamic/../ascendc/add_layer_norm/add_layer_norm.cpp:16:
In file included from /usr/local/Ascend/cann-9.0.0/opp/built-in/op_impl/ai_core/tbe/impl/ops_nn/dynamic/../ascendc/add_layer_norm/add_layer_norm_special_kernel.h:19:
In file included from /usr/local/Ascend/cann-9.0.0/opp/built-in/op_impl/ai_core/tbe/impl/ops_nn/dynamic/../ascendc/add_layer_norm/add_layer_norm_base.h:21:
/usr/local/Ascend/cann-9.0.0/aarch64-linux/asc/../tikcpp/tikcfw/impl/dav_c220/kernel_operator_reg_others_impl.h:16:9: warning: impl/basic_api/dav_c220/kernel_operator_reg_others_impl.h is an internal header file and must not be used directly. Functions or variables defined in this file may be removed in the future. Please use "#include "basic_api/kernel_operator_intf.h"" and use public functions or variables defined in interface headers files. [-W#pragma-messages]
#pragma message("impl/basic_api/dav_c220/kernel_operator_reg_others_impl.h is an internal header file and must not be used directly. Functions or variables defined in this file may be removed in the future. Please use \"#include \"basic_api/kernel_operator_intf.h\"\" and use public functions or variables defined in interface headers files.")
        ^
1 warning generated.

/usr/local/python3.12.13/lib/python3.12/site-packages/torch_npu/dynamo/torchair/inference/_cache_compiler.py:509: UserWarning: Skip cache as VisionPrefillStage.forward(prefix_hidden_states: 'torch.Tensor', rope_cos: 'torch.Tensor', rope_sin: 'torch.Tensor', attention_mask: 'torch.Tensor') -> 'torch.Tensor' recompiled, set torch._logging.set_logs(recompiles=True) for details
  warnings.warn(
compiled=b2_s512 cache_was_warm=False first_call_s=53.526
load_or_compile=b4_s512 physical_tokens=2048
.start compile Ascend C operator AddLayerNorm. kernel name is te_addlayernorm_05a0e78572a2fa128c19991d7654b656cdc8331d5df452d382a12faf757663c3
[2026-07-29 09:24:58] [WARNING] [ascend910b] cube_te In file included from /usr/local/Ascend/cann-9.0.0/opp/built-in/op_impl/ai_core/tbe/impl/ops_nn/dynamic/../ascendc/add_layer_norm/add_layer_norm.cpp:16:
In file included from /usr/local/Ascend/cann-9.0.0/opp/built-in/op_impl/ai_core/tbe/impl/ops_nn/dynamic/../ascendc/add_layer_norm/add_layer_norm_special_kernel.h:19:
In file included from /usr/local/Ascend/cann-9.0.0/opp/built-in/op_impl/ai_core/tbe/impl/ops_nn/dynamic/../ascendc/add_layer_norm/add_layer_norm_base.h:21:
/usr/local/Ascend/cann-9.0.0/aarch64-linux/asc/../tikcpp/tikcfw/impl/dav_c220/kernel_operator_reg_others_impl.h:16:9: warning: impl/basic_api/dav_c220/kernel_operator_reg_others_impl.h is an internal header file and must not be used directly. Functions or variables defined in this file may be removed in the future. Please use "#include "basic_api/kernel_operator_intf.h"" and use public functions or variables defined in interface headers files. [-W#pragma-messages]
#pragma message("impl/basic_api/dav_c220/kernel_operator_reg_others_impl.h is an internal header file and must not be used directly. Functions or variables defined in this file may be removed in the future. Please use \"#include \"basic_api/kernel_operator_intf.h\"\" and use public functions or variables defined in interface headers files.")
        ^
1 warning generated.

[2026-07-29 09:24:59] [WARNING] [ascend910b] vec_te In file included from /usr/local/Ascend/cann-9.0.0/opp/built-in/op_impl/ai_core/tbe/impl/ops_nn/dynamic/../ascendc/add_layer_norm/add_layer_norm.cpp:16:
In file included from /usr/local/Ascend/cann-9.0.0/opp/built-in/op_impl/ai_core/tbe/impl/ops_nn/dynamic/../ascendc/add_layer_norm/add_layer_norm_special_kernel.h:19:
In file included from /usr/local/Ascend/cann-9.0.0/opp/built-in/op_impl/ai_core/tbe/impl/ops_nn/dynamic/../ascendc/add_layer_norm/add_layer_norm_base.h:21:
/usr/local/Ascend/cann-9.0.0/aarch64-linux/asc/../tikcpp/tikcfw/impl/dav_c220/kernel_operator_reg_others_impl.h:16:9: warning: impl/basic_api/dav_c220/kernel_operator_reg_others_impl.h is an internal header file and must not be used directly. Functions or variables defined in this file may be removed in the future. Please use "#include "basic_api/kernel_operator_intf.h"" and use public functions or variables defined in interface headers files. [-W#pragma-messages]
#pragma message("impl/basic_api/dav_c220/kernel_operator_reg_others_impl.h is an internal header file and must not be used directly. Functions or variables defined in this file may be removed in the future. Please use \"#include \"basic_api/kernel_operator_intf.h\"\" and use public functions or variables defined in interface headers files.")
        ^
1 warning generated.

[2026-07-29 09:25:05] [WARNING] [ascend910b] 0_te In file included from /usr/local/Ascend/cann-9.0.0/opp/built-in/op_impl/ai_core/tbe/impl/ops_nn/dynamic/../ascendc/add_layer_norm/add_layer_norm.cpp:16:
In file included from /usr/local/Ascend/cann-9.0.0/opp/built-in/op_impl/ai_core/tbe/impl/ops_nn/dynamic/../ascendc/add_layer_norm/add_layer_norm_special_kernel.h:19:
In file included from /usr/local/Ascend/cann-9.0.0/opp/built-in/op_impl/ai_core/tbe/impl/ops_nn/dynamic/../ascendc/add_layer_norm/add_layer_norm_base.h:21:
/usr/local/Ascend/cann-9.0.0/aarch64-linux/asc/../tikcpp/tikcfw/impl/dav_c220/kernel_operator_reg_others_impl.h:16:9: warning: impl/basic_api/dav_c220/kernel_operator_reg_others_impl.h is an internal header file and must not be used directly. Functions or variables defined in this file may be removed in the future. Please use "#include "basic_api/kernel_operator_intf.h"" and use public functions or variables defined in interface headers files. [-W#pragma-messages]
#pragma message("impl/basic_api/dav_c220/kernel_operator_reg_others_impl.h is an internal header file and must not be used directly. Functions or variables defined in this file may be removed in the future. Please use \"#include \"basic_api/kernel_operator_intf.h\"\" and use public functions or variables defined in interface headers files.")
        ^
1 warning generated.

.[2026-07-29 09:25:09] [WARNING] [ascend910b] 0_te In file included from /usr/local/Ascend/cann-9.0.0/opp/built-in/op_impl/ai_core/tbe/impl/ops_nn/dynamic/../ascendc/add_layer_norm/add_layer_norm.cpp:16:
In file included from /usr/local/Ascend/cann-9.0.0/opp/built-in/op_impl/ai_core/tbe/impl/ops_nn/dynamic/../ascendc/add_layer_norm/add_layer_norm_special_kernel.h:19:
In file included from /usr/local/Ascend/cann-9.0.0/opp/built-in/op_impl/ai_core/tbe/impl/ops_nn/dynamic/../ascendc/add_layer_norm/add_layer_norm_base.h:21:
/usr/local/Ascend/cann-9.0.0/aarch64-linux/asc/../tikcpp/tikcfw/impl/dav_c220/kernel_operator_reg_others_impl.h:16:9: warning: impl/basic_api/dav_c220/kernel_operator_reg_others_impl.h is an internal header file and must not be used directly. Functions or variables defined in this file may be removed in the future. Please use "#include "basic_api/kernel_operator_intf.h"" and use public functions or variables defined in interface headers files. [-W#pragma-messages]
#pragma message("impl/basic_api/dav_c220/kernel_operator_reg_others_impl.h is an internal header file and must not be used directly. Functions or variables defined in this file may be removed in the future. Please use \"#include \"basic_api/kernel_operator_intf.h\"\" and use public functions or variables defined in interface headers files.")
        ^
1 warning generated.

[2026-07-29 09:25:13] [WARNING] [ascend910b] 05a0e78572a2fa128c19991d7654b656cdc8331d5df452d382a12faf757663c3_te In file included from /workspace/repos/paddle_ocr_vl_npu_bench_4789067/kernel_meta/kernel_meta_14447593613665382368/kernel_meta/te_addlayernorm_05a0e78572a2fa128c19991d7654b656cdc8331d5df452d382a12faf757663c3_607651_kernel.cpp:6:
In file included from /usr/local/Ascend/cann-9.0.0/opp/built-in/op_impl/ai_core/tbe/impl/ops_nn/dynamic/../ascendc/add_layer_norm/add_layer_norm.cpp:16:
In file included from /usr/local/Ascend/cann-9.0.0/opp/built-in/op_impl/ai_core/tbe/impl/ops_nn/dynamic/../ascendc/add_layer_norm/add_layer_norm_special_kernel.h:19:
In file included from /usr/local/Ascend/cann-9.0.0/opp/built-in/op_impl/ai_core/tbe/impl/ops_nn/dynamic/../ascendc/add_layer_norm/add_layer_norm_base.h:21:
/usr/local/Ascend/cann-9.0.0/aarch64-linux/asc/../tikcpp/tikcfw/impl/dav_c220/kernel_operator_reg_others_impl.h:16:9: warning: impl/basic_api/dav_c220/kernel_operator_reg_others_impl.h is an internal header file and must not be used directly. Functions or variables defined in this file may be removed in the future. Please use "#include "basic_api/kernel_operator_intf.h"" and use public functions or variables defined in interface headers files. [-W#pragma-messages]
#pragma message("impl/basic_api/dav_c220/kernel_operator_reg_others_impl.h is an internal header file and must not be used directly. Functions or variables defined in this file may be removed in the future. Please use \"#include \"basic_api/kernel_operator_intf.h\"\" and use public functions or variables defined in interface headers files.")
        ^
1 warning generated.

start compile Ascend C operator AddLayerNorm. kernel name is te_addlayernorm_b7b5c66b4e91feacafe35aaa1f43327e9a5c5ea222d41baa6e7469ec286cecf2
[2026-07-29 09:25:14] [WARNING] [ascend910b] cube_te In file included from /usr/local/Ascend/cann-9.0.0/opp/built-in/op_impl/ai_core/tbe/impl/ops_nn/dynamic/../ascendc/add_layer_norm/add_layer_norm.cpp:16:
In file included from /usr/local/Ascend/cann-9.0.0/opp/built-in/op_impl/ai_core/tbe/impl/ops_nn/dynamic/../ascendc/add_layer_norm/add_layer_norm_special_kernel.h:19:
In file included from /usr/local/Ascend/cann-9.0.0/opp/built-in/op_impl/ai_core/tbe/impl/ops_nn/dynamic/../ascendc/add_layer_norm/add_layer_norm_base.h:21:
/usr/local/Ascend/cann-9.0.0/aarch64-linux/asc/../tikcpp/tikcfw/impl/dav_c220/kernel_operator_reg_others_impl.h:16:9: warning: impl/basic_api/dav_c220/kernel_operator_reg_others_impl.h is an internal header file and must not be used directly. Functions or variables defined in this file may be removed in the future. Please use "#include "basic_api/kernel_operator_intf.h"" and use public functions or variables defined in interface headers files. [-W#pragma-messages]
#pragma message("impl/basic_api/dav_c220/kernel_operator_reg_others_impl.h is an internal header file and must not be used directly. Functions or variables defined in this file may be removed in the future. Please use \"#include \"basic_api/kernel_operator_intf.h\"\" and use public functions or variables defined in interface headers files.")
        ^
1 warning generated.

[2026-07-29 09:25:15] [WARNING] [ascend910b] vec_te In file included from /usr/local/Ascend/cann-9.0.0/opp/built-in/op_impl/ai_core/tbe/impl/ops_nn/dynamic/../ascendc/add_layer_norm/add_layer_norm.cpp:16:
In file included from /usr/local/Ascend/cann-9.0.0/opp/built-in/op_impl/ai_core/tbe/impl/ops_nn/dynamic/../ascendc/add_layer_norm/add_layer_norm_special_kernel.h:19:
In file included from /usr/local/Ascend/cann-9.0.0/opp/built-in/op_impl/ai_core/tbe/impl/ops_nn/dynamic/../ascendc/add_layer_norm/add_layer_norm_base.h:21:
/usr/local/Ascend/cann-9.0.0/aarch64-linux/asc/../tikcpp/tikcfw/impl/dav_c220/kernel_operator_reg_others_impl.h:16:9: warning: impl/basic_api/dav_c220/kernel_operator_reg_others_impl.h is an internal header file and must not be used directly. Functions or variables defined in this file may be removed in the future. Please use "#include "basic_api/kernel_operator_intf.h"" and use public functions or variables defined in interface headers files. [-W#pragma-messages]
#pragma message("impl/basic_api/dav_c220/kernel_operator_reg_others_impl.h is an internal header file and must not be used directly. Functions or variables defined in this file may be removed in the future. Please use \"#include \"basic_api/kernel_operator_intf.h\"\" and use public functions or variables defined in interface headers files.")
        ^
1 warning generated.

.[2026-07-29 09:25:21] [WARNING] [ascend910b] 0_te In file included from /usr/local/Ascend/cann-9.0.0/opp/built-in/op_impl/ai_core/tbe/impl/ops_nn/dynamic/../ascendc/add_layer_norm/add_layer_norm.cpp:16:
In file included from /usr/local/Ascend/cann-9.0.0/opp/built-in/op_impl/ai_core/tbe/impl/ops_nn/dynamic/../ascendc/add_layer_norm/add_layer_norm_special_kernel.h:19:
In file included from /usr/local/Ascend/cann-9.0.0/opp/built-in/op_impl/ai_core/tbe/impl/ops_nn/dynamic/../ascendc/add_layer_norm/add_layer_norm_base.h:21:
/usr/local/Ascend/cann-9.0.0/aarch64-linux/asc/../tikcpp/tikcfw/impl/dav_c220/kernel_operator_reg_others_impl.h:16:9: warning: impl/basic_api/dav_c220/kernel_operator_reg_others_impl.h is an internal header file and must not be used directly. Functions or variables defined in this file may be removed in the future. Please use "#include "basic_api/kernel_operator_intf.h"" and use public functions or variables defined in interface headers files. [-W#pragma-messages]
#pragma message("impl/basic_api/dav_c220/kernel_operator_reg_others_impl.h is an internal header file and must not be used directly. Functions or variables defined in this file may be removed in the future. Please use \"#include \"basic_api/kernel_operator_intf.h\"\" and use public functions or variables defined in interface headers files.")
        ^
1 warning generated.

[2026-07-29 09:25:25] [WARNING] [ascend910b] 0_te In file included from /usr/local/Ascend/cann-9.0.0/opp/built-in/op_impl/ai_core/tbe/impl/ops_nn/dynamic/../ascendc/add_layer_norm/add_layer_norm.cpp:16:
In file included from /usr/local/Ascend/cann-9.0.0/opp/built-in/op_impl/ai_core/tbe/impl/ops_nn/dynamic/../ascendc/add_layer_norm/add_layer_norm_special_kernel.h:19:
In file included from /usr/local/Ascend/cann-9.0.0/opp/built-in/op_impl/ai_core/tbe/impl/ops_nn/dynamic/../ascendc/add_layer_norm/add_layer_norm_base.h:21:
/usr/local/Ascend/cann-9.0.0/aarch64-linux/asc/../tikcpp/tikcfw/impl/dav_c220/kernel_operator_reg_others_impl.h:16:9: warning: impl/basic_api/dav_c220/kernel_operator_reg_others_impl.h is an internal header file and must not be used directly. Functions or variables defined in this file may be removed in the future. Please use "#include "basic_api/kernel_operator_intf.h"" and use public functions or variables defined in interface headers files. [-W#pragma-messages]
#pragma message("impl/basic_api/dav_c220/kernel_operator_reg_others_impl.h is an internal header file and must not be used directly. Functions or variables defined in this file may be removed in the future. Please use \"#include \"basic_api/kernel_operator_intf.h\"\" and use public functions or variables defined in interface headers files.")
        ^
1 warning generated.

.[2026-07-29 09:25:29] [WARNING] [ascend910b] b7b5c66b4e91feacafe35aaa1f43327e9a5c5ea222d41baa6e7469ec286cecf2_te In file included from /workspace/repos/paddle_ocr_vl_npu_bench_4789067/kernel_meta/kernel_meta_14447593613665382368/kernel_meta/te_addlayernorm_b7b5c66b4e91feacafe35aaa1f43327e9a5c5ea222d41baa6e7469ec286cecf2_607657_kernel.cpp:6:
In file included from /usr/local/Ascend/cann-9.0.0/opp/built-in/op_impl/ai_core/tbe/impl/ops_nn/dynamic/../ascendc/add_layer_norm/add_layer_norm.cpp:16:
In file included from /usr/local/Ascend/cann-9.0.0/opp/built-in/op_impl/ai_core/tbe/impl/ops_nn/dynamic/../ascendc/add_layer_norm/add_layer_norm_special_kernel.h:19:
In file included from /usr/local/Ascend/cann-9.0.0/opp/built-in/op_impl/ai_core/tbe/impl/ops_nn/dynamic/../ascendc/add_layer_norm/add_layer_norm_base.h:21:
/usr/local/Ascend/cann-9.0.0/aarch64-linux/asc/../tikcpp/tikcfw/impl/dav_c220/kernel_operator_reg_others_impl.h:16:9: warning: impl/basic_api/dav_c220/kernel_operator_reg_others_impl.h is an internal header file and must not be used directly. Functions or variables defined in this file may be removed in the future. Please use "#include "basic_api/kernel_operator_intf.h"" and use public functions or variables defined in interface headers files. [-W#pragma-messages]
#pragma message("impl/basic_api/dav_c220/kernel_operator_reg_others_impl.h is an internal header file and must not be used directly. Functions or variables defined in this file may be removed in the future. Please use \"#include \"basic_api/kernel_operator_intf.h\"\" and use public functions or variables defined in interface headers files.")
        ^
1 warning generated.

/usr/local/python3.12.13/lib/python3.12/site-packages/torch_npu/dynamo/torchair/inference/_cache_compiler.py:509: UserWarning: Skip cache as VisionPrefillStage.forward(prefix_hidden_states: 'torch.Tensor', rope_cos: 'torch.Tensor', rope_sin: 'torch.Tensor', attention_mask: 'torch.Tensor') -> 'torch.Tensor' recompiled, set torch._logging.set_logs(recompiles=True) for details
  warnings.warn(
/usr/local/python3.12.13/lib/python3.12/site-packages/torch_npu/dynamo/torchair/inference/_cache_compiler.py:509: UserWarning: Skip cache as VisionPrefillStage.forward(prefix_hidden_states: 'torch.Tensor', rope_cos: 'torch.Tensor', rope_sin: 'torch.Tensor', attention_mask: 'torch.Tensor') -> 'torch.Tensor' recompiled, set torch._logging.set_logs(recompiles=True) for details
  warnings.warn(
compiled=b4_s512 cache_was_warm=False first_call_s=54.444
load_or_compile=b1_s1024 physical_tokens=1024
.compiled=b1_s1024 cache_was_warm=True first_call_s=25.698
load_or_compile=b2_s1024 physical_tokens=2048
./usr/local/python3.12.13/lib/python3.12/site-packages/torch_npu/dynamo/torchair/inference/_cache_compiler.py:509: UserWarning: Skip cache as VisionPrefillStage.forward(prefix_hidden_states: 'torch.Tensor', rope_cos: 'torch.Tensor', rope_sin: 'torch.Tensor', attention_mask: 'torch.Tensor') -> 'torch.Tensor' recompiled, set torch._logging.set_logs(recompiles=True) for details
  warnings.warn(
compiled=b2_s1024 cache_was_warm=True first_call_s=24.510
load_or_compile=b4_s1024 physical_tokens=4096
./usr/local/python3.12.13/lib/python3.12/site-packages/torch_npu/dynamo/torchair/inference/_cache_compiler.py:509: UserWarning: Skip cache as VisionPrefillStage.forward(prefix_hidden_states: 'torch.Tensor', rope_cos: 'torch.Tensor', rope_sin: 'torch.Tensor', attention_mask: 'torch.Tensor') -> 'torch.Tensor' recompiled, set torch._logging.set_logs(recompiles=True) for details
  warnings.warn(
/usr/local/python3.12.13/lib/python3.12/site-packages/torch_npu/dynamo/torchair/inference/_cache_compiler.py:509: UserWarning: Skip cache as VisionPrefillStage.forward(prefix_hidden_states: 'torch.Tensor', rope_cos: 'torch.Tensor', rope_sin: 'torch.Tensor', attention_mask: 'torch.Tensor') -> 'torch.Tensor' recompiled, set torch._logging.set_logs(recompiles=True) for details
  warnings.warn(
compiled=b4_s1024 cache_was_warm=True first_call_s=25.087
load_or_compile=b1_s4096 physical_tokens=4096
compiled=b1_s4096 cache_was_warm=True first_call_s=0.777
load_or_compile=b2_s2048 physical_tokens=4096
compiled=b2_s2048 cache_was_warm=True first_call_s=0.751
benchmark=default:b1_s512
/usr/local/python3.12.13/lib/python3.12/site-packages/torch_npu/dynamo/torchair/inference/_cache_compiler.py:509: UserWarning: Skip cache as VisionPrefillStage.forward(prefix_hidden_states: 'torch.Tensor', rope_cos: 'torch.Tensor', rope_sin: 'torch.Tensor', attention_mask: 'torch.Tensor') -> 'torch.Tensor' recompiled, set torch._logging.set_logs(recompiles=True) for details
  warnings.warn(
/usr/local/python3.12.13/lib/python3.12/site-packages/torch_npu/dynamo/torchair/inference/_cache_compiler.py:509: UserWarning: Skip cache as VisionPrefillStage.forward(prefix_hidden_states: 'torch.Tensor', rope_cos: 'torch.Tensor', rope_sin: 'torch.Tensor', attention_mask: 'torch.Tensor') -> 'torch.Tensor' recompiled, set torch._logging.set_logs(recompiles=True) for details
  warnings.warn(
/usr/local/python3.12.13/lib/python3.12/site-packages/torch_npu/dynamo/torchair/inference/_cache_compiler.py:509: UserWarning: Skip cache as VisionPrefillStage.forward(prefix_hidden_states: 'torch.Tensor', rope_cos: 'torch.Tensor', rope_sin: 'torch.Tensor', attention_mask: 'torch.Tensor') -> 'torch.Tensor' recompiled, set torch._logging.set_logs(recompiles=True) for details
  warnings.warn(
/usr/local/python3.12.13/lib/python3.12/site-packages/torch_npu/dynamo/torchair/inference/_cache_compiler.py:509: UserWarning: Skip cache as VisionPrefillStage.forward(prefix_hidden_states: 'torch.Tensor', rope_cos: 'torch.Tensor', rope_sin: 'torch.Tensor', attention_mask: 'torch.Tensor') -> 'torch.Tensor' recompiled, set torch._logging.set_logs(recompiles=True) for details
  warnings.warn(
/usr/local/python3.12.13/lib/python3.12/site-packages/torch_npu/dynamo/torchair/inference/_cache_compiler.py:509: UserWarning: Skip cache as VisionPrefillStage.forward(prefix_hidden_states: 'torch.Tensor', rope_cos: 'torch.Tensor', rope_sin: 'torch.Tensor', attention_mask: 'torch.Tensor') -> 'torch.Tensor' recompiled, set torch._logging.set_logs(recompiles=True) for details
  warnings.warn(
/usr/local/python3.12.13/lib/python3.12/site-packages/torch_npu/dynamo/torchair/inference/_cache_compiler.py:509: UserWarning: Skip cache as VisionPrefillStage.forward(prefix_hidden_states: 'torch.Tensor', rope_cos: 'torch.Tensor', rope_sin: 'torch.Tensor', attention_mask: 'torch.Tensor') -> 'torch.Tensor' recompiled, set torch._logging.set_logs(recompiles=True) for details
  warnings.warn(
/usr/local/python3.12.13/lib/python3.12/site-packages/torch_npu/dynamo/torchair/inference/_cache_compiler.py:509: UserWarning: Skip cache as VisionPrefillStage.forward(prefix_hidden_states: 'torch.Tensor', rope_cos: 'torch.Tensor', rope_sin: 'torch.Tensor', attention_mask: 'torch.Tensor') -> 'torch.Tensor' recompiled, set torch._logging.set_logs(recompiles=True) for details
  warnings.warn(
/usr/local/python3.12.13/lib/python3.12/site-packages/torch_npu/dynamo/torchair/inference/_cache_compiler.py:509: UserWarning: Skip cache as VisionPrefillStage.forward(prefix_hidden_states: 'torch.Tensor', rope_cos: 'torch.Tensor', rope_sin: 'torch.Tensor', attention_mask: 'torch.Tensor') -> 'torch.Tensor' recompiled, set torch._logging.set_logs(recompiles=True) for details
  warnings.warn(
/usr/local/python3.12.13/lib/python3.12/site-packages/torch_npu/dynamo/torchair/inference/_cache_compiler.py:509: UserWarning: Skip cache as VisionPrefillStage.forward(prefix_hidden_states: 'torch.Tensor', rope_cos: 'torch.Tensor', rope_sin: 'torch.Tensor', attention_mask: 'torch.Tensor') -> 'torch.Tensor' recompiled, set torch._logging.set_logs(recompiles=True) for details
  warnings.warn(
/usr/local/python3.12.13/lib/python3.12/site-packages/torch_npu/dynamo/torchair/inference/_cache_compiler.py:509: UserWarning: Skip cache as VisionPrefillStage.forward(prefix_hidden_states: 'torch.Tensor', rope_cos: 'torch.Tensor', rope_sin: 'torch.Tensor', attention_mask: 'torch.Tensor') -> 'torch.Tensor' recompiled, set torch._logging.set_logs(recompiles=True) for details
  warnings.warn(
/usr/local/python3.12.13/lib/python3.12/site-packages/torch_npu/dynamo/torchair/inference/_cache_compiler.py:509: UserWarning: Skip cache as VisionPrefillStage.forward(prefix_hidden_states: 'torch.Tensor', rope_cos: 'torch.Tensor', rope_sin: 'torch.Tensor', attention_mask: 'torch.Tensor') -> 'torch.Tensor' recompiled, set torch._logging.set_logs(recompiles=True) for details
  warnings.warn(
/usr/local/python3.12.13/lib/python3.12/site-packages/torch_npu/dynamo/torchair/inference/_cache_compiler.py:509: UserWarning: Skip cache as VisionPrefillStage.forward(prefix_hidden_states: 'torch.Tensor', rope_cos: 'torch.Tensor', rope_sin: 'torch.Tensor', attention_mask: 'torch.Tensor') -> 'torch.Tensor' recompiled, set torch._logging.set_logs(recompiles=True) for details
  warnings.warn(
/usr/local/python3.12.13/lib/python3.12/site-packages/torch_npu/dynamo/torchair/inference/_cache_compiler.py:509: UserWarning: Skip cache as VisionPrefillStage.forward(prefix_hidden_states: 'torch.Tensor', rope_cos: 'torch.Tensor', rope_sin: 'torch.Tensor', attention_mask: 'torch.Tensor') -> 'torch.Tensor' recompiled, set torch._logging.set_logs(recompiles=True) for details
  warnings.warn(
/usr/local/python3.12.13/lib/python3.12/site-packages/torch_npu/dynamo/torchair/inference/_cache_compiler.py:509: UserWarning: Skip cache as VisionPrefillStage.forward(prefix_hidden_states: 'torch.Tensor', rope_cos: 'torch.Tensor', rope_sin: 'torch.Tensor', attention_mask: 'torch.Tensor') -> 'torch.Tensor' recompiled, set torch._logging.set_logs(recompiles=True) for details
  warnings.warn(
/usr/local/python3.12.13/lib/python3.12/site-packages/torch_npu/dynamo/torchair/inference/_cache_compiler.py:509: UserWarning: Skip cache as VisionPrefillStage.forward(prefix_hidden_states: 'torch.Tensor', rope_cos: 'torch.Tensor', rope_sin: 'torch.Tensor', attention_mask: 'torch.Tensor') -> 'torch.Tensor' recompiled, set torch._logging.set_logs(recompiles=True) for details
  warnings.warn(
/usr/local/python3.12.13/lib/python3.12/site-packages/torch_npu/dynamo/torchair/inference/_cache_compiler.py:509: UserWarning: Skip cache as VisionPrefillStage.forward(prefix_hidden_states: 'torch.Tensor', rope_cos: 'torch.Tensor', rope_sin: 'torch.Tensor', attention_mask: 'torch.Tensor') -> 'torch.Tensor' recompiled, set torch._logging.set_logs(recompiles=True) for details
  warnings.warn(
/usr/local/python3.12.13/lib/python3.12/site-packages/torch_npu/dynamo/torchair/inference/_cache_compiler.py:509: UserWarning: Skip cache as VisionPrefillStage.forward(prefix_hidden_states: 'torch.Tensor', rope_cos: 'torch.Tensor', rope_sin: 'torch.Tensor', attention_mask: 'torch.Tensor') -> 'torch.Tensor' recompiled, set torch._logging.set_logs(recompiles=True) for details
  warnings.warn(
/usr/local/python3.12.13/lib/python3.12/site-packages/torch_npu/dynamo/torchair/inference/_cache_compiler.py:509: UserWarning: Skip cache as VisionPrefillStage.forward(prefix_hidden_states: 'torch.Tensor', rope_cos: 'torch.Tensor', rope_sin: 'torch.Tensor', attention_mask: 'torch.Tensor') -> 'torch.Tensor' recompiled, set torch._logging.set_logs(recompiles=True) for details
  warnings.warn(
/usr/local/python3.12.13/lib/python3.12/site-packages/torch_npu/dynamo/torchair/inference/_cache_compiler.py:509: UserWarning: Skip cache as VisionPrefillStage.forward(prefix_hidden_states: 'torch.Tensor', rope_cos: 'torch.Tensor', rope_sin: 'torch.Tensor', attention_mask: 'torch.Tensor') -> 'torch.Tensor' recompiled, set torch._logging.set_logs(recompiles=True) for details
  warnings.warn(
/usr/local/python3.12.13/lib/python3.12/site-packages/torch_npu/dynamo/torchair/inference/_cache_compiler.py:509: UserWarning: Skip cache as VisionPrefillStage.forward(prefix_hidden_states: 'torch.Tensor', rope_cos: 'torch.Tensor', rope_sin: 'torch.Tensor', attention_mask: 'torch.Tensor') -> 'torch.Tensor' recompiled, set torch._logging.set_logs(recompiles=True) for details
  warnings.warn(
/usr/local/python3.12.13/lib/python3.12/site-packages/torch_npu/dynamo/torchair/inference/_cache_compiler.py:509: UserWarning: Skip cache as VisionPrefillStage.forward(prefix_hidden_states: 'torch.Tensor', rope_cos: 'torch.Tensor', rope_sin: 'torch.Tensor', attention_mask: 'torch.Tensor') -> 'torch.Tensor' recompiled, set torch._logging.set_logs(recompiles=True) for details
  warnings.warn(
/usr/local/python3.12.13/lib/python3.12/site-packages/torch_npu/dynamo/torchair/inference/_cache_compiler.py:509: UserWarning: Skip cache as VisionPrefillStage.forward(prefix_hidden_states: 'torch.Tensor', rope_cos: 'torch.Tensor', rope_sin: 'torch.Tensor', attention_mask: 'torch.Tensor') -> 'torch.Tensor' recompiled, set torch._logging.set_logs(recompiles=True) for details
  warnings.warn(
/usr/local/python3.12.13/lib/python3.12/site-packages/torch_npu/dynamo/torchair/inference/_cache_compiler.py:509: UserWarning: Skip cache as VisionPrefillStage.forward(prefix_hidden_states: 'torch.Tensor', rope_cos: 'torch.Tensor', rope_sin: 'torch.Tensor', attention_mask: 'torch.Tensor') -> 'torch.Tensor' recompiled, set torch._logging.set_logs(recompiles=True) for details
  warnings.warn(
/usr/local/python3.12.13/lib/python3.12/site-packages/torch_npu/dynamo/torchair/inference/_cache_compiler.py:509: UserWarning: Skip cache as VisionPrefillStage.forward(prefix_hidden_states: 'torch.Tensor', rope_cos: 'torch.Tensor', rope_sin: 'torch.Tensor', attention_mask: 'torch.Tensor') -> 'torch.Tensor' recompiled, set torch._logging.set_logs(recompiles=True) for details
  warnings.warn(
/usr/local/python3.12.13/lib/python3.12/site-packages/torch_npu/dynamo/torchair/inference/_cache_compiler.py:509: UserWarning: Skip cache as VisionPrefillStage.forward(prefix_hidden_states: 'torch.Tensor', rope_cos: 'torch.Tensor', rope_sin: 'torch.Tensor', attention_mask: 'torch.Tensor') -> 'torch.Tensor' recompiled, set torch._logging.set_logs(recompiles=True) for details
  warnings.warn(
/usr/local/python3.12.13/lib/python3.12/site-packages/torch_npu/dynamo/torchair/inference/_cache_compiler.py:509: UserWarning: Skip cache as VisionPrefillStage.forward(prefix_hidden_states: 'torch.Tensor', rope_cos: 'torch.Tensor', rope_sin: 'torch.Tensor', attention_mask: 'torch.Tensor') -> 'torch.Tensor' recompiled, set torch._logging.set_logs(recompiles=True) for details
  warnings.warn(
/usr/local/python3.12.13/lib/python3.12/site-packages/torch_npu/dynamo/torchair/inference/_cache_compiler.py:509: UserWarning: Skip cache as VisionPrefillStage.forward(prefix_hidden_states: 'torch.Tensor', rope_cos: 'torch.Tensor', rope_sin: 'torch.Tensor', attention_mask: 'torch.Tensor') -> 'torch.Tensor' recompiled, set torch._logging.set_logs(recompiles=True) for details
  warnings.warn(
/usr/local/python3.12.13/lib/python3.12/site-packages/torch_npu/dynamo/torchair/inference/_cache_compiler.py:509: UserWarning: Skip cache as VisionPrefillStage.forward(prefix_hidden_states: 'torch.Tensor', rope_cos: 'torch.Tensor', rope_sin: 'torch.Tensor', attention_mask: 'torch.Tensor') -> 'torch.Tensor' recompiled, set torch._logging.set_logs(recompiles=True) for details
  warnings.warn(
/usr/local/python3.12.13/lib/python3.12/site-packages/torch_npu/dynamo/torchair/inference/_cache_compiler.py:509: UserWarning: Skip cache as VisionPrefillStage.forward(prefix_hidden_states: 'torch.Tensor', rope_cos: 'torch.Tensor', rope_sin: 'torch.Tensor', attention_mask: 'torch.Tensor') -> 'torch.Tensor' recompiled, set torch._logging.set_logs(recompiles=True) for details
  warnings.warn(
/usr/local/python3.12.13/lib/python3.12/site-packages/torch_npu/dynamo/torchair/inference/_cache_compiler.py:509: UserWarning: Skip cache as VisionPrefillStage.forward(prefix_hidden_states: 'torch.Tensor', rope_cos: 'torch.Tensor', rope_sin: 'torch.Tensor', attention_mask: 'torch.Tensor') -> 'torch.Tensor' recompiled, set torch._logging.set_logs(recompiles=True) for details
  warnings.warn(
/usr/local/python3.12.13/lib/python3.12/site-packages/torch_npu/dynamo/torchair/inference/_cache_compiler.py:509: UserWarning: Skip cache as VisionPrefillStage.forward(prefix_hidden_states: 'torch.Tensor', rope_cos: 'torch.Tensor', rope_sin: 'torch.Tensor', attention_mask: 'torch.Tensor') -> 'torch.Tensor' recompiled, set torch._logging.set_logs(recompiles=True) for details
  warnings.warn(
/usr/local/python3.12.13/lib/python3.12/site-packages/torch_npu/dynamo/torchair/inference/_cache_compiler.py:509: UserWarning: Skip cache as VisionPrefillStage.forward(prefix_hidden_states: 'torch.Tensor', rope_cos: 'torch.Tensor', rope_sin: 'torch.Tensor', attention_mask: 'torch.Tensor') -> 'torch.Tensor' recompiled, set torch._logging.set_logs(recompiles=True) for details
  warnings.warn(
/usr/local/python3.12.13/lib/python3.12/site-packages/torch_npu/dynamo/torchair/inference/_cache_compiler.py:509: UserWarning: Skip cache as VisionPrefillStage.forward(prefix_hidden_states: 'torch.Tensor', rope_cos: 'torch.Tensor', rope_sin: 'torch.Tensor', attention_mask: 'torch.Tensor') -> 'torch.Tensor' recompiled, set torch._logging.set_logs(recompiles=True) for details
  warnings.warn(
/usr/local/python3.12.13/lib/python3.12/site-packages/torch_npu/dynamo/torchair/inference/_cache_compiler.py:509: UserWarning: Skip cache as VisionPrefillStage.forward(prefix_hidden_states: 'torch.Tensor', rope_cos: 'torch.Tensor', rope_sin: 'torch.Tensor', attention_mask: 'torch.Tensor') -> 'torch.Tensor' recompiled, set torch._logging.set_logs(recompiles=True) for details
  warnings.warn(
/usr/local/python3.12.13/lib/python3.12/site-packages/torch_npu/dynamo/torchair/inference/_cache_compiler.py:509: UserWarning: Skip cache as VisionPrefillStage.forward(prefix_hidden_states: 'torch.Tensor', rope_cos: 'torch.Tensor', rope_sin: 'torch.Tensor', attention_mask: 'torch.Tensor') -> 'torch.Tensor' recompiled, set torch._logging.set_logs(recompiles=True) for details
  warnings.warn(
/usr/local/python3.12.13/lib/python3.12/site-packages/torch_npu/dynamo/torchair/inference/_cache_compiler.py:509: UserWarning: Skip cache as VisionPrefillStage.forward(prefix_hidden_states: 'torch.Tensor', rope_cos: 'torch.Tensor', rope_sin: 'torch.Tensor', attention_mask: 'torch.Tensor') -> 'torch.Tensor' recompiled, set torch._logging.set_logs(recompiles=True) for details
  warnings.warn(
/usr/local/python3.12.13/lib/python3.12/site-packages/torch_npu/dynamo/torchair/inference/_cache_compiler.py:509: UserWarning: Skip cache as VisionPrefillStage.forward(prefix_hidden_states: 'torch.Tensor', rope_cos: 'torch.Tensor', rope_sin: 'torch.Tensor', attention_mask: 'torch.Tensor') -> 'torch.Tensor' recompiled, set torch._logging.set_logs(recompiles=True) for details
  warnings.warn(
/usr/local/python3.12.13/lib/python3.12/site-packages/torch_npu/dynamo/torchair/inference/_cache_compiler.py:509: UserWarning: Skip cache as VisionPrefillStage.forward(prefix_hidden_states: 'torch.Tensor', rope_cos: 'torch.Tensor', rope_sin: 'torch.Tensor', attention_mask: 'torch.Tensor') -> 'torch.Tensor' recompiled, set torch._logging.set_logs(recompiles=True) for details
  warnings.warn(
/usr/local/python3.12.13/lib/python3.12/site-packages/torch_npu/dynamo/torchair/inference/_cache_compiler.py:509: UserWarning: Skip cache as VisionPrefillStage.forward(prefix_hidden_states: 'torch.Tensor', rope_cos: 'torch.Tensor', rope_sin: 'torch.Tensor', attention_mask: 'torch.Tensor') -> 'torch.Tensor' recompiled, set torch._logging.set_logs(recompiles=True) for details
  warnings.warn(
/usr/local/python3.12.13/lib/python3.12/site-packages/torch_npu/dynamo/torchair/inference/_cache_compiler.py:509: UserWarning: Skip cache as VisionPrefillStage.forward(prefix_hidden_states: 'torch.Tensor', rope_cos: 'torch.Tensor', rope_sin: 'torch.Tensor', attention_mask: 'torch.Tensor') -> 'torch.Tensor' recompiled, set torch._logging.set_logs(recompiles=True) for details
  warnings.warn(
/usr/local/python3.12.13/lib/python3.12/site-packages/torch_npu/dynamo/torchair/inference/_cache_compiler.py:509: UserWarning: Skip cache as VisionPrefillStage.forward(prefix_hidden_states: 'torch.Tensor', rope_cos: 'torch.Tensor', rope_sin: 'torch.Tensor', attention_mask: 'torch.Tensor') -> 'torch.Tensor' recompiled, set torch._logging.set_logs(recompiles=True) for details
  warnings.warn(
/usr/local/python3.12.13/lib/python3.12/site-packages/torch_npu/dynamo/torchair/inference/_cache_compiler.py:509: UserWarning: Skip cache as VisionPrefillStage.forward(prefix_hidden_states: 'torch.Tensor', rope_cos: 'torch.Tensor', rope_sin: 'torch.Tensor', attention_mask: 'torch.Tensor') -> 'torch.Tensor' recompiled, set torch._logging.set_logs(recompiles=True) for details
  warnings.warn(
/usr/local/python3.12.13/lib/python3.12/site-packages/torch_npu/dynamo/torchair/inference/_cache_compiler.py:509: UserWarning: Skip cache as VisionPrefillStage.forward(prefix_hidden_states: 'torch.Tensor', rope_cos: 'torch.Tensor', rope_sin: 'torch.Tensor', attention_mask: 'torch.Tensor') -> 'torch.Tensor' recompiled, set torch._logging.set_logs(recompiles=True) for details
  warnings.warn(
/usr/local/python3.12.13/lib/python3.12/site-packages/torch_npu/dynamo/torchair/inference/_cache_compiler.py:509: UserWarning: Skip cache as VisionPrefillStage.forward(prefix_hidden_states: 'torch.Tensor', rope_cos: 'torch.Tensor', rope_sin: 'torch.Tensor', attention_mask: 'torch.Tensor') -> 'torch.Tensor' recompiled, set torch._logging.set_logs(recompiles=True) for details
  warnings.warn(
/usr/local/python3.12.13/lib/python3.12/site-packages/torch_npu/dynamo/torchair/inference/_cache_compiler.py:509: UserWarning: Skip cache as VisionPrefillStage.forward(prefix_hidden_states: 'torch.Tensor', rope_cos: 'torch.Tensor', rope_sin: 'torch.Tensor', attention_mask: 'torch.Tensor') -> 'torch.Tensor' recompiled, set torch._logging.set_logs(recompiles=True) for details
  warnings.warn(
/usr/local/python3.12.13/lib/python3.12/site-packages/torch_npu/dynamo/torchair/inference/_cache_compiler.py:509: UserWarning: Skip cache as VisionPrefillStage.forward(prefix_hidden_states: 'torch.Tensor', rope_cos: 'torch.Tensor', rope_sin: 'torch.Tensor', attention_mask: 'torch.Tensor') -> 'torch.Tensor' recompiled, set torch._logging.set_logs(recompiles=True) for details
  warnings.warn(
/usr/local/python3.12.13/lib/python3.12/site-packages/torch_npu/dynamo/torchair/inference/_cache_compiler.py:509: UserWarning: Skip cache as VisionPrefillStage.forward(prefix_hidden_states: 'torch.Tensor', rope_cos: 'torch.Tensor', rope_sin: 'torch.Tensor', attention_mask: 'torch.Tensor') -> 'torch.Tensor' recompiled, set torch._logging.set_logs(recompiles=True) for details
  warnings.warn(
/usr/local/python3.12.13/lib/python3.12/site-packages/torch_npu/dynamo/torchair/inference/_cache_compiler.py:509: UserWarning: Skip cache as VisionPrefillStage.forward(prefix_hidden_states: 'torch.Tensor', rope_cos: 'torch.Tensor', rope_sin: 'torch.Tensor', attention_mask: 'torch.Tensor') -> 'torch.Tensor' recompiled, set torch._logging.set_logs(recompiles=True) for details
  warnings.warn(
/usr/local/python3.12.13/lib/python3.12/site-packages/torch_npu/dynamo/torchair/inference/_cache_compiler.py:509: UserWarning: Skip cache as VisionPrefillStage.forward(prefix_hidden_states: 'torch.Tensor', rope_cos: 'torch.Tensor', rope_sin: 'torch.Tensor', attention_mask: 'torch.Tensor') -> 'torch.Tensor' recompiled, set torch._logging.set_logs(recompiles=True) for details
  warnings.warn(
/usr/local/python3.12.13/lib/python3.12/site-packages/torch_npu/dynamo/torchair/inference/_cache_compiler.py:509: UserWarning: Skip cache as VisionPrefillStage.forward(prefix_hidden_states: 'torch.Tensor', rope_cos: 'torch.Tensor', rope_sin: 'torch.Tensor', attention_mask: 'torch.Tensor') -> 'torch.Tensor' recompiled, set torch._logging.set_logs(recompiles=True) for details
  warnings.warn(
/usr/local/python3.12.13/lib/python3.12/site-packages/torch_npu/dynamo/torchair/inference/_cache_compiler.py:509: UserWarning: Skip cache as VisionPrefillStage.forward(prefix_hidden_states: 'torch.Tensor', rope_cos: 'torch.Tensor', rope_sin: 'torch.Tensor', attention_mask: 'torch.Tensor') -> 'torch.Tensor' recompiled, set torch._logging.set_logs(recompiles=True) for details
  warnings.warn(
/usr/local/python3.12.13/lib/python3.12/site-packages/torch_npu/dynamo/torchair/inference/_cache_compiler.py:509: UserWarning: Skip cache as VisionPrefillStage.forward(prefix_hidden_states: 'torch.Tensor', rope_cos: 'torch.Tensor', rope_sin: 'torch.Tensor', attention_mask: 'torch.Tensor') -> 'torch.Tensor' recompiled, set torch._logging.set_logs(recompiles=True) for details
  warnings.warn(
/usr/local/python3.12.13/lib/python3.12/site-packages/torch_npu/dynamo/torchair/inference/_cache_compiler.py:509: UserWarning: Skip cache as VisionPrefillStage.forward(prefix_hidden_states: 'torch.Tensor', rope_cos: 'torch.Tensor', rope_sin: 'torch.Tensor', attention_mask: 'torch.Tensor') -> 'torch.Tensor' recompiled, set torch._logging.set_logs(recompiles=True) for details
  warnings.warn(
/usr/local/python3.12.13/lib/python3.12/site-packages/torch_npu/dynamo/torchair/inference/_cache_compiler.py:509: UserWarning: Skip cache as VisionPrefillStage.forward(prefix_hidden_states: 'torch.Tensor', rope_cos: 'torch.Tensor', rope_sin: 'torch.Tensor', attention_mask: 'torch.Tensor') -> 'torch.Tensor' recompiled, set torch._logging.set_logs(recompiles=True) for details
  warnings.warn(
/usr/local/python3.12.13/lib/python3.12/site-packages/torch_npu/dynamo/torchair/inference/_cache_compiler.py:509: UserWarning: Skip cache as VisionPrefillStage.forward(prefix_hidden_states: 'torch.Tensor', rope_cos: 'torch.Tensor', rope_sin: 'torch.Tensor', attention_mask: 'torch.Tensor') -> 'torch.Tensor' recompiled, set torch._logging.set_logs(recompiles=True) for details
  warnings.warn(
/usr/local/python3.12.13/lib/python3.12/site-packages/torch_npu/dynamo/torchair/inference/_cache_compiler.py:509: UserWarning: Skip cache as VisionPrefillStage.forward(prefix_hidden_states: 'torch.Tensor', rope_cos: 'torch.Tensor', rope_sin: 'torch.Tensor', attention_mask: 'torch.Tensor') -> 'torch.Tensor' recompiled, set torch._logging.set_logs(recompiles=True) for details
  warnings.warn(
/usr/local/python3.12.13/lib/python3.12/site-packages/torch_npu/dynamo/torchair/inference/_cache_compiler.py:509: UserWarning: Skip cache as VisionPrefillStage.forward(prefix_hidden_states: 'torch.Tensor', rope_cos: 'torch.Tensor', rope_sin: 'torch.Tensor', attention_mask: 'torch.Tensor') -> 'torch.Tensor' recompiled, set torch._logging.set_logs(recompiles=True) for details
  warnings.warn(
/usr/local/python3.12.13/lib/python3.12/site-packages/torch_npu/dynamo/torchair/inference/_cache_compiler.py:509: UserWarning: Skip cache as VisionPrefillStage.forward(prefix_hidden_states: 'torch.Tensor', rope_cos: 'torch.Tensor', rope_sin: 'torch.Tensor', attention_mask: 'torch.Tensor') -> 'torch.Tensor' recompiled, set torch._logging.set_logs(recompiles=True) for details
  warnings.warn(
/usr/local/python3.12.13/lib/python3.12/site-packages/torch_npu/dynamo/torchair/inference/_cache_compiler.py:509: UserWarning: Skip cache as VisionPrefillStage.forward(prefix_hidden_states: 'torch.Tensor', rope_cos: 'torch.Tensor', rope_sin: 'torch.Tensor', attention_mask: 'torch.Tensor') -> 'torch.Tensor' recompiled, set torch._logging.set_logs(recompiles=True) for details
  warnings.warn(
/usr/local/python3.12.13/lib/python3.12/site-packages/torch_npu/dynamo/torchair/inference/_cache_compiler.py:509: UserWarning: Skip cache as VisionPrefillStage.forward(prefix_hidden_states: 'torch.Tensor', rope_cos: 'torch.Tensor', rope_sin: 'torch.Tensor', attention_mask: 'torch.Tensor') -> 'torch.Tensor' recompiled, set torch._logging.set_logs(recompiles=True) for details
  warnings.warn(
/usr/local/python3.12.13/lib/python3.12/site-packages/torch_npu/dynamo/torchair/inference/_cache_compiler.py:509: UserWarning: Skip cache as VisionPrefillStage.forward(prefix_hidden_states: 'torch.Tensor', rope_cos: 'torch.Tensor', rope_sin: 'torch.Tensor', attention_mask: 'torch.Tensor') -> 'torch.Tensor' recompiled, set torch._logging.set_logs(recompiles=True) for details
  warnings.warn(
/usr/local/python3.12.13/lib/python3.12/site-packages/torch_npu/dynamo/torchair/inference/_cache_compiler.py:509: UserWarning: Skip cache as VisionPrefillStage.forward(prefix_hidden_states: 'torch.Tensor', rope_cos: 'torch.Tensor', rope_sin: 'torch.Tensor', attention_mask: 'torch.Tensor') -> 'torch.Tensor' recompiled, set torch._logging.set_logs(recompiles=True) for details
  warnings.warn(
/usr/local/python3.12.13/lib/python3.12/site-packages/torch_npu/dynamo/torchair/inference/_cache_compiler.py:509: UserWarning: Skip cache as VisionPrefillStage.forward(prefix_hidden_states: 'torch.Tensor', rope_cos: 'torch.Tensor', rope_sin: 'torch.Tensor', attention_mask: 'torch.Tensor') -> 'torch.Tensor' recompiled, set torch._logging.set_logs(recompiles=True) for details
  warnings.warn(
/usr/local/python3.12.13/lib/python3.12/site-packages/torch_npu/dynamo/torchair/inference/_cache_compiler.py:509: UserWarning: Skip cache as VisionPrefillStage.forward(prefix_hidden_states: 'torch.Tensor', rope_cos: 'torch.Tensor', rope_sin: 'torch.Tensor', attention_mask: 'torch.Tensor') -> 'torch.Tensor' recompiled, set torch._logging.set_logs(recompiles=True) for details
  warnings.warn(
/usr/local/python3.12.13/lib/python3.12/site-packages/torch_npu/dynamo/torchair/inference/_cache_compiler.py:509: UserWarning: Skip cache as VisionPrefillStage.forward(prefix_hidden_states: 'torch.Tensor', rope_cos: 'torch.Tensor', rope_sin: 'torch.Tensor', attention_mask: 'torch.Tensor') -> 'torch.Tensor' recompiled, set torch._logging.set_logs(recompiles=True) for details
  warnings.warn(
/usr/local/python3.12.13/lib/python3.12/site-packages/torch_npu/dynamo/torchair/inference/_cache_compiler.py:509: UserWarning: Skip cache as VisionPrefillStage.forward(prefix_hidden_states: 'torch.Tensor', rope_cos: 'torch.Tensor', rope_sin: 'torch.Tensor', attention_mask: 'torch.Tensor') -> 'torch.Tensor' recompiled, set torch._logging.set_logs(recompiles=True) for details
  warnings.warn(
/usr/local/python3.12.13/lib/python3.12/site-packages/torch_npu/dynamo/torchair/inference/_cache_compiler.py:509: UserWarning: Skip cache as VisionPrefillStage.forward(prefix_hidden_states: 'torch.Tensor', rope_cos: 'torch.Tensor', rope_sin: 'torch.Tensor', attention_mask: 'torch.Tensor') -> 'torch.Tensor' recompiled, set torch._logging.set_logs(recompiles=True) for details
  warnings.warn(
/usr/local/python3.12.13/lib/python3.12/site-packages/torch_npu/dynamo/torchair/inference/_cache_compiler.py:509: UserWarning: Skip cache as VisionPrefillStage.forward(prefix_hidden_states: 'torch.Tensor', rope_cos: 'torch.Tensor', rope_sin: 'torch.Tensor', attention_mask: 'torch.Tensor') -> 'torch.Tensor' recompiled, set torch._logging.set_logs(recompiles=True) for details
  warnings.warn(
/usr/local/python3.12.13/lib/python3.12/site-packages/torch_npu/dynamo/torchair/inference/_cache_compiler.py:509: UserWarning: Skip cache as VisionPrefillStage.forward(prefix_hidden_states: 'torch.Tensor', rope_cos: 'torch.Tensor', rope_sin: 'torch.Tensor', attention_mask: 'torch.Tensor') -> 'torch.Tensor' recompiled, set torch._logging.set_logs(recompiles=True) for details
  warnings.warn(
/usr/local/python3.12.13/lib/python3.12/site-packages/torch_npu/dynamo/torchair/inference/_cache_compiler.py:509: UserWarning: Skip cache as VisionPrefillStage.forward(prefix_hidden_states: 'torch.Tensor', rope_cos: 'torch.Tensor', rope_sin: 'torch.Tensor', attention_mask: 'torch.Tensor') -> 'torch.Tensor' recompiled, set torch._logging.set_logs(recompiles=True) for details
  warnings.warn(
/usr/local/python3.12.13/lib/python3.12/site-packages/torch_npu/dynamo/torchair/inference/_cache_compiler.py:509: UserWarning: Skip cache as VisionPrefillStage.forward(prefix_hidden_states: 'torch.Tensor', rope_cos: 'torch.Tensor', rope_sin: 'torch.Tensor', attention_mask: 'torch.Tensor') -> 'torch.Tensor' recompiled, set torch._logging.set_logs(recompiles=True) for details
  warnings.warn(
/usr/local/python3.12.13/lib/python3.12/site-packages/torch_npu/dynamo/torchair/inference/_cache_compiler.py:509: UserWarning: Skip cache as VisionPrefillStage.forward(prefix_hidden_states: 'torch.Tensor', rope_cos: 'torch.Tensor', rope_sin: 'torch.Tensor', attention_mask: 'torch.Tensor') -> 'torch.Tensor' recompiled, set torch._logging.set_logs(recompiles=True) for details
  warnings.warn(
/usr/local/python3.12.13/lib/python3.12/site-packages/torch_npu/dynamo/torchair/inference/_cache_compiler.py:509: UserWarning: Skip cache as VisionPrefillStage.forward(prefix_hidden_states: 'torch.Tensor', rope_cos: 'torch.Tensor', rope_sin: 'torch.Tensor', attention_mask: 'torch.Tensor') -> 'torch.Tensor' recompiled, set torch._logging.set_logs(recompiles=True) for details
  warnings.warn(
/usr/local/python3.12.13/lib/python3.12/site-packages/torch_npu/dynamo/torchair/inference/_cache_compiler.py:509: UserWarning: Skip cache as VisionPrefillStage.forward(prefix_hidden_states: 'torch.Tensor', rope_cos: 'torch.Tensor', rope_sin: 'torch.Tensor', attention_mask: 'torch.Tensor') -> 'torch.Tensor' recompiled, set torch._logging.set_logs(recompiles=True) for details
  warnings.warn(
/usr/local/python3.12.13/lib/python3.12/site-packages/torch_npu/dynamo/torchair/inference/_cache_compiler.py:509: UserWarning: Skip cache as VisionPrefillStage.forward(prefix_hidden_states: 'torch.Tensor', rope_cos: 'torch.Tensor', rope_sin: 'torch.Tensor', attention_mask: 'torch.Tensor') -> 'torch.Tensor' recompiled, set torch._logging.set_logs(recompiles=True) for details
  warnings.warn(
/usr/local/python3.12.13/lib/python3.12/site-packages/torch_npu/dynamo/torchair/inference/_cache_compiler.py:509: UserWarning: Skip cache as VisionPrefillStage.forward(prefix_hidden_states: 'torch.Tensor', rope_cos: 'torch.Tensor', rope_sin: 'torch.Tensor', attention_mask: 'torch.Tensor') -> 'torch.Tensor' recompiled, set torch._logging.set_logs(recompiles=True) for details
  warnings.warn(
/usr/local/python3.12.13/lib/python3.12/site-packages/torch_npu/dynamo/torchair/inference/_cache_compiler.py:509: UserWarning: Skip cache as VisionPrefillStage.forward(prefix_hidden_states: 'torch.Tensor', rope_cos: 'torch.Tensor', rope_sin: 'torch.Tensor', attention_mask: 'torch.Tensor') -> 'torch.Tensor' recompiled, set torch._logging.set_logs(recompiles=True) for details
  warnings.warn(
/usr/local/python3.12.13/lib/python3.12/site-packages/torch_npu/dynamo/torchair/inference/_cache_compiler.py:509: UserWarning: Skip cache as VisionPrefillStage.forward(prefix_hidden_states: 'torch.Tensor', rope_cos: 'torch.Tensor', rope_sin: 'torch.Tensor', attention_mask: 'torch.Tensor') -> 'torch.Tensor' recompiled, set torch._logging.set_logs(recompiles=True) for details
  warnings.warn(
/usr/local/python3.12.13/lib/python3.12/site-packages/torch_npu/dynamo/torchair/inference/_cache_compiler.py:509: UserWarning: Skip cache as VisionPrefillStage.forward(prefix_hidden_states: 'torch.Tensor', rope_cos: 'torch.Tensor', rope_sin: 'torch.Tensor', attention_mask: 'torch.Tensor') -> 'torch.Tensor' recompiled, set torch._logging.set_logs(recompiles=True) for details
  warnings.warn(
/usr/local/python3.12.13/lib/python3.12/site-packages/torch_npu/dynamo/torchair/inference/_cache_compiler.py:509: UserWarning: Skip cache as VisionPrefillStage.forward(prefix_hidden_states: 'torch.Tensor', rope_cos: 'torch.Tensor', rope_sin: 'torch.Tensor', attention_mask: 'torch.Tensor') -> 'torch.Tensor' recompiled, set torch._logging.set_logs(recompiles=True) for details
  warnings.warn(
/usr/local/python3.12.13/lib/python3.12/site-packages/torch_npu/dynamo/torchair/inference/_cache_compiler.py:509: UserWarning: Skip cache as VisionPrefillStage.forward(prefix_hidden_states: 'torch.Tensor', rope_cos: 'torch.Tensor', rope_sin: 'torch.Tensor', attention_mask: 'torch.Tensor') -> 'torch.Tensor' recompiled, set torch._logging.set_logs(recompiles=True) for details
  warnings.warn(
/usr/local/python3.12.13/lib/python3.12/site-packages/torch_npu/dynamo/torchair/inference/_cache_compiler.py:509: UserWarning: Skip cache as VisionPrefillStage.forward(prefix_hidden_states: 'torch.Tensor', rope_cos: 'torch.Tensor', rope_sin: 'torch.Tensor', attention_mask: 'torch.Tensor') -> 'torch.Tensor' recompiled, set torch._logging.set_logs(recompiles=True) for details
  warnings.warn(
/usr/local/python3.12.13/lib/python3.12/site-packages/torch_npu/dynamo/torchair/inference/_cache_compiler.py:509: UserWarning: Skip cache as VisionPrefillStage.forward(prefix_hidden_states: 'torch.Tensor', rope_cos: 'torch.Tensor', rope_sin: 'torch.Tensor', attention_mask: 'torch.Tensor') -> 'torch.Tensor' recompiled, set torch._logging.set_logs(recompiles=True) for details
  warnings.warn(
/usr/local/python3.12.13/lib/python3.12/site-packages/torch_npu/dynamo/torchair/inference/_cache_compiler.py:509: UserWarning: Skip cache as VisionPrefillStage.forward(prefix_hidden_states: 'torch.Tensor', rope_cos: 'torch.Tensor', rope_sin: 'torch.Tensor', attention_mask: 'torch.Tensor') -> 'torch.Tensor' recompiled, set torch._logging.set_logs(recompiles=True) for details
  warnings.warn(
/usr/local/python3.12.13/lib/python3.12/site-packages/torch_npu/dynamo/torchair/inference/_cache_compiler.py:509: UserWarning: Skip cache as VisionPrefillStage.forward(prefix_hidden_states: 'torch.Tensor', rope_cos: 'torch.Tensor', rope_sin: 'torch.Tensor', attention_mask: 'torch.Tensor') -> 'torch.Tensor' recompiled, set torch._logging.set_logs(recompiles=True) for details
  warnings.warn(
/usr/local/python3.12.13/lib/python3.12/site-packages/torch_npu/dynamo/torchair/inference/_cache_compiler.py:509: UserWarning: Skip cache as VisionPrefillStage.forward(prefix_hidden_states: 'torch.Tensor', rope_cos: 'torch.Tensor', rope_sin: 'torch.Tensor', attention_mask: 'torch.Tensor') -> 'torch.Tensor' recompiled, set torch._logging.set_logs(recompiles=True) for details
  warnings.warn(
benchmark=default:b2_s512
/usr/local/python3.12.13/lib/python3.12/site-packages/torch_npu/dynamo/torchair/inference/_cache_compiler.py:509: UserWarning: Skip cache as VisionPrefillStage.forward(prefix_hidden_states: 'torch.Tensor', rope_cos: 'torch.Tensor', rope_sin: 'torch.Tensor', attention_mask: 'torch.Tensor') -> 'torch.Tensor' recompiled, set torch._logging.set_logs(recompiles=True) for details
  warnings.warn(
/usr/local/python3.12.13/lib/python3.12/site-packages/torch_npu/dynamo/torchair/inference/_cache_compiler.py:509: UserWarning: Skip cache as VisionPrefillStage.forward(prefix_hidden_states: 'torch.Tensor', rope_cos: 'torch.Tensor', rope_sin: 'torch.Tensor', attention_mask: 'torch.Tensor') -> 'torch.Tensor' recompiled, set torch._logging.set_logs(recompiles=True) for details
  warnings.warn(
/usr/local/python3.12.13/lib/python3.12/site-packages/torch_npu/dynamo/torchair/inference/_cache_compiler.py:509: UserWarning: Skip cache as VisionPrefillStage.forward(prefix_hidden_states: 'torch.Tensor', rope_cos: 'torch.Tensor', rope_sin: 'torch.Tensor', attention_mask: 'torch.Tensor') -> 'torch.Tensor' recompiled, set torch._logging.set_logs(recompiles=True) for details
  warnings.warn(
/usr/local/python3.12.13/lib/python3.12/site-packages/torch_npu/dynamo/torchair/inference/_cache_compiler.py:509: UserWarning: Skip cache as VisionPrefillStage.forward(prefix_hidden_states: 'torch.Tensor', rope_cos: 'torch.Tensor', rope_sin: 'torch.Tensor', attention_mask: 'torch.Tensor') -> 'torch.Tensor' recompiled, set torch._logging.set_logs(recompiles=True) for details
  warnings.warn(
/usr/local/python3.12.13/lib/python3.12/site-packages/torch_npu/dynamo/torchair/inference/_cache_compiler.py:509: UserWarning: Skip cache as VisionPrefillStage.forward(prefix_hidden_states: 'torch.Tensor', rope_cos: 'torch.Tensor', rope_sin: 'torch.Tensor', attention_mask: 'torch.Tensor') -> 'torch.Tensor' recompiled, set torch._logging.set_logs(recompiles=True) for details
  warnings.warn(
/usr/local/python3.12.13/lib/python3.12/site-packages/torch_npu/dynamo/torchair/inference/_cache_compiler.py:509: UserWarning: Skip cache as VisionPrefillStage.forward(prefix_hidden_states: 'torch.Tensor', rope_cos: 'torch.Tensor', rope_sin: 'torch.Tensor', attention_mask: 'torch.Tensor') -> 'torch.Tensor' recompiled, set torch._logging.set_logs(recompiles=True) for details
  warnings.warn(
/usr/local/python3.12.13/lib/python3.12/site-packages/torch_npu/dynamo/torchair/inference/_cache_compiler.py:509: UserWarning: Skip cache as VisionPrefillStage.forward(prefix_hidden_states: 'torch.Tensor', rope_cos: 'torch.Tensor', rope_sin: 'torch.Tensor', attention_mask: 'torch.Tensor') -> 'torch.Tensor' recompiled, set torch._logging.set_logs(recompiles=True) for details
  warnings.warn(
/usr/local/python3.12.13/lib/python3.12/site-packages/torch_npu/dynamo/torchair/inference/_cache_compiler.py:509: UserWarning: Skip cache as VisionPrefillStage.forward(prefix_hidden_states: 'torch.Tensor', rope_cos: 'torch.Tensor', rope_sin: 'torch.Tensor', attention_mask: 'torch.Tensor') -> 'torch.Tensor' recompiled, set torch._logging.set_logs(recompiles=True) for details
  warnings.warn(
/usr/local/python3.12.13/lib/python3.12/site-packages/torch_npu/dynamo/torchair/inference/_cache_compiler.py:509: UserWarning: Skip cache as VisionPrefillStage.forward(prefix_hidden_states: 'torch.Tensor', rope_cos: 'torch.Tensor', rope_sin: 'torch.Tensor', attention_mask: 'torch.Tensor') -> 'torch.Tensor' recompiled, set torch._logging.set_logs(recompiles=True) for details
  warnings.warn(
/usr/local/python3.12.13/lib/python3.12/site-packages/torch_npu/dynamo/torchair/inference/_cache_compiler.py:509: UserWarning: Skip cache as VisionPrefillStage.forward(prefix_hidden_states: 'torch.Tensor', rope_cos: 'torch.Tensor', rope_sin: 'torch.Tensor', attention_mask: 'torch.Tensor') -> 'torch.Tensor' recompiled, set torch._logging.set_logs(recompiles=True) for details
  warnings.warn(
/usr/local/python3.12.13/lib/python3.12/site-packages/torch_npu/dynamo/torchair/inference/_cache_compiler.py:509: UserWarning: Skip cache as VisionPrefillStage.forward(prefix_hidden_states: 'torch.Tensor', rope_cos: 'torch.Tensor', rope_sin: 'torch.Tensor', attention_mask: 'torch.Tensor') -> 'torch.Tensor' recompiled, set torch._logging.set_logs(recompiles=True) for details
  warnings.warn(
/usr/local/python3.12.13/lib/python3.12/site-packages/torch_npu/dynamo/torchair/inference/_cache_compiler.py:509: UserWarning: Skip cache as VisionPrefillStage.forward(prefix_hidden_states: 'torch.Tensor', rope_cos: 'torch.Tensor', rope_sin: 'torch.Tensor', attention_mask: 'torch.Tensor') -> 'torch.Tensor' recompiled, set torch._logging.set_logs(recompiles=True) for details
  warnings.warn(
/usr/local/python3.12.13/lib/python3.12/site-packages/torch_npu/dynamo/torchair/inference/_cache_compiler.py:509: UserWarning: Skip cache as VisionPrefillStage.forward(prefix_hidden_states: 'torch.Tensor', rope_cos: 'torch.Tensor', rope_sin: 'torch.Tensor', attention_mask: 'torch.Tensor') -> 'torch.Tensor' recompiled, set torch._logging.set_logs(recompiles=True) for details
  warnings.warn(
/usr/local/python3.12.13/lib/python3.12/site-packages/torch_npu/dynamo/torchair/inference/_cache_compiler.py:509: UserWarning: Skip cache as VisionPrefillStage.forward(prefix_hidden_states: 'torch.Tensor', rope_cos: 'torch.Tensor', rope_sin: 'torch.Tensor', attention_mask: 'torch.Tensor') -> 'torch.Tensor' recompiled, set torch._logging.set_logs(recompiles=True) for details
  warnings.warn(
/usr/local/python3.12.13/lib/python3.12/site-packages/torch_npu/dynamo/torchair/inference/_cache_compiler.py:509: UserWarning: Skip cache as VisionPrefillStage.forward(prefix_hidden_states: 'torch.Tensor', rope_cos: 'torch.Tensor', rope_sin: 'torch.Tensor', attention_mask: 'torch.Tensor') -> 'torch.Tensor' recompiled, set torch._logging.set_logs(recompiles=True) for details
  warnings.warn(
/usr/local/python3.12.13/lib/python3.12/site-packages/torch_npu/dynamo/torchair/inference/_cache_compiler.py:509: UserWarning: Skip cache as VisionPrefillStage.forward(prefix_hidden_states: 'torch.Tensor', rope_cos: 'torch.Tensor', rope_sin: 'torch.Tensor', attention_mask: 'torch.Tensor') -> 'torch.Tensor' recompiled, set torch._logging.set_logs(recompiles=True) for details
  warnings.warn(
/usr/local/python3.12.13/lib/python3.12/site-packages/torch_npu/dynamo/torchair/inference/_cache_compiler.py:509: UserWarning: Skip cache as VisionPrefillStage.forward(prefix_hidden_states: 'torch.Tensor', rope_cos: 'torch.Tensor', rope_sin: 'torch.Tensor', attention_mask: 'torch.Tensor') -> 'torch.Tensor' recompiled, set torch._logging.set_logs(recompiles=True) for details
  warnings.warn(
/usr/local/python3.12.13/lib/python3.12/site-packages/torch_npu/dynamo/torchair/inference/_cache_compiler.py:509: UserWarning: Skip cache as VisionPrefillStage.forward(prefix_hidden_states: 'torch.Tensor', rope_cos: 'torch.Tensor', rope_sin: 'torch.Tensor', attention_mask: 'torch.Tensor') -> 'torch.Tensor' recompiled, set torch._logging.set_logs(recompiles=True) for details
  warnings.warn(
/usr/local/python3.12.13/lib/python3.12/site-packages/torch_npu/dynamo/torchair/inference/_cache_compiler.py:509: UserWarning: Skip cache as VisionPrefillStage.forward(prefix_hidden_states: 'torch.Tensor', rope_cos: 'torch.Tensor', rope_sin: 'torch.Tensor', attention_mask: 'torch.Tensor') -> 'torch.Tensor' recompiled, set torch._logging.set_logs(recompiles=True) for details
  warnings.warn(
/usr/local/python3.12.13/lib/python3.12/site-packages/torch_npu/dynamo/torchair/inference/_cache_compiler.py:509: UserWarning: Skip cache as VisionPrefillStage.forward(prefix_hidden_states: 'torch.Tensor', rope_cos: 'torch.Tensor', rope_sin: 'torch.Tensor', attention_mask: 'torch.Tensor') -> 'torch.Tensor' recompiled, set torch._logging.set_logs(recompiles=True) for details
  warnings.warn(
/usr/local/python3.12.13/lib/python3.12/site-packages/torch_npu/dynamo/torchair/inference/_cache_compiler.py:509: UserWarning: Skip cache as VisionPrefillStage.forward(prefix_hidden_states: 'torch.Tensor', rope_cos: 'torch.Tensor', rope_sin: 'torch.Tensor', attention_mask: 'torch.Tensor') -> 'torch.Tensor' recompiled, set torch._logging.set_logs(recompiles=True) for details
  warnings.warn(
/usr/local/python3.12.13/lib/python3.12/site-packages/torch_npu/dynamo/torchair/inference/_cache_compiler.py:509: UserWarning: Skip cache as VisionPrefillStage.forward(prefix_hidden_states: 'torch.Tensor', rope_cos: 'torch.Tensor', rope_sin: 'torch.Tensor', attention_mask: 'torch.Tensor') -> 'torch.Tensor' recompiled, set torch._logging.set_logs(recompiles=True) for details
  warnings.warn(
/usr/local/python3.12.13/lib/python3.12/site-packages/torch_npu/dynamo/torchair/inference/_cache_compiler.py:509: UserWarning: Skip cache as VisionPrefillStage.forward(prefix_hidden_states: 'torch.Tensor', rope_cos: 'torch.Tensor', rope_sin: 'torch.Tensor', attention_mask: 'torch.Tensor') -> 'torch.Tensor' recompiled, set torch._logging.set_logs(recompiles=True) for details
  warnings.warn(
/usr/local/python3.12.13/lib/python3.12/site-packages/torch_npu/dynamo/torchair/inference/_cache_compiler.py:509: UserWarning: Skip cache as VisionPrefillStage.forward(prefix_hidden_states: 'torch.Tensor', rope_cos: 'torch.Tensor', rope_sin: 'torch.Tensor', attention_mask: 'torch.Tensor') -> 'torch.Tensor' recompiled, set torch._logging.set_logs(recompiles=True) for details
  warnings.warn(
/usr/local/python3.12.13/lib/python3.12/site-packages/torch_npu/dynamo/torchair/inference/_cache_compiler.py:509: UserWarning: Skip cache as VisionPrefillStage.forward(prefix_hidden_states: 'torch.Tensor', rope_cos: 'torch.Tensor', rope_sin: 'torch.Tensor', attention_mask: 'torch.Tensor') -> 'torch.Tensor' recompiled, set torch._logging.set_logs(recompiles=True) for details
  warnings.warn(
/usr/local/python3.12.13/lib/python3.12/site-packages/torch_npu/dynamo/torchair/inference/_cache_compiler.py:509: UserWarning: Skip cache as VisionPrefillStage.forward(prefix_hidden_states: 'torch.Tensor', rope_cos: 'torch.Tensor', rope_sin: 'torch.Tensor', attention_mask: 'torch.Tensor') -> 'torch.Tensor' recompiled, set torch._logging.set_logs(recompiles=True) for details
  warnings.warn(
/usr/local/python3.12.13/lib/python3.12/site-packages/torch_npu/dynamo/torchair/inference/_cache_compiler.py:509: UserWarning: Skip cache as VisionPrefillStage.forward(prefix_hidden_states: 'torch.Tensor', rope_cos: 'torch.Tensor', rope_sin: 'torch.Tensor', attention_mask: 'torch.Tensor') -> 'torch.Tensor' recompiled, set torch._logging.set_logs(recompiles=True) for details
  warnings.warn(
/usr/local/python3.12.13/lib/python3.12/site-packages/torch_npu/dynamo/torchair/inference/_cache_compiler.py:509: UserWarning: Skip cache as VisionPrefillStage.forward(prefix_hidden_states: 'torch.Tensor', rope_cos: 'torch.Tensor', rope_sin: 'torch.Tensor', attention_mask: 'torch.Tensor') -> 'torch.Tensor' recompiled, set torch._logging.set_logs(recompiles=True) for details
  warnings.warn(
/usr/local/python3.12.13/lib/python3.12/site-packages/torch_npu/dynamo/torchair/inference/_cache_compiler.py:509: UserWarning: Skip cache as VisionPrefillStage.forward(prefix_hidden_states: 'torch.Tensor', rope_cos: 'torch.Tensor', rope_sin: 'torch.Tensor', attention_mask: 'torch.Tensor') -> 'torch.Tensor' recompiled, set torch._logging.set_logs(recompiles=True) for details
  warnings.warn(
/usr/local/python3.12.13/lib/python3.12/site-packages/torch_npu/dynamo/torchair/inference/_cache_compiler.py:509: UserWarning: Skip cache as VisionPrefillStage.forward(prefix_hidden_states: 'torch.Tensor', rope_cos: 'torch.Tensor', rope_sin: 'torch.Tensor', attention_mask: 'torch.Tensor') -> 'torch.Tensor' recompiled, set torch._logging.set_logs(recompiles=True) for details
  warnings.warn(
/usr/local/python3.12.13/lib/python3.12/site-packages/torch_npu/dynamo/torchair/inference/_cache_compiler.py:509: UserWarning: Skip cache as VisionPrefillStage.forward(prefix_hidden_states: 'torch.Tensor', rope_cos: 'torch.Tensor', rope_sin: 'torch.Tensor', attention_mask: 'torch.Tensor') -> 'torch.Tensor' recompiled, set torch._logging.set_logs(recompiles=True) for details
  warnings.warn(
/usr/local/python3.12.13/lib/python3.12/site-packages/torch_npu/dynamo/torchair/inference/_cache_compiler.py:509: UserWarning: Skip cache as VisionPrefillStage.forward(prefix_hidden_states: 'torch.Tensor', rope_cos: 'torch.Tensor', rope_sin: 'torch.Tensor', attention_mask: 'torch.Tensor') -> 'torch.Tensor' recompiled, set torch._logging.set_logs(recompiles=True) for details
  warnings.warn(
/usr/local/python3.12.13/lib/python3.12/site-packages/torch_npu/dynamo/torchair/inference/_cache_compiler.py:509: UserWarning: Skip cache as VisionPrefillStage.forward(prefix_hidden_states: 'torch.Tensor', rope_cos: 'torch.Tensor', rope_sin: 'torch.Tensor', attention_mask: 'torch.Tensor') -> 'torch.Tensor' recompiled, set torch._logging.set_logs(recompiles=True) for details
  warnings.warn(
/usr/local/python3.12.13/lib/python3.12/site-packages/torch_npu/dynamo/torchair/inference/_cache_compiler.py:509: UserWarning: Skip cache as VisionPrefillStage.forward(prefix_hidden_states: 'torch.Tensor', rope_cos: 'torch.Tensor', rope_sin: 'torch.Tensor', attention_mask: 'torch.Tensor') -> 'torch.Tensor' recompiled, set torch._logging.set_logs(recompiles=True) for details
  warnings.warn(
/usr/local/python3.12.13/lib/python3.12/site-packages/torch_npu/dynamo/torchair/inference/_cache_compiler.py:509: UserWarning: Skip cache as VisionPrefillStage.forward(prefix_hidden_states: 'torch.Tensor', rope_cos: 'torch.Tensor', rope_sin: 'torch.Tensor', attention_mask: 'torch.Tensor') -> 'torch.Tensor' recompiled, set torch._logging.set_logs(recompiles=True) for details
  warnings.warn(
/usr/local/python3.12.13/lib/python3.12/site-packages/torch_npu/dynamo/torchair/inference/_cache_compiler.py:509: UserWarning: Skip cache as VisionPrefillStage.forward(prefix_hidden_states: 'torch.Tensor', rope_cos: 'torch.Tensor', rope_sin: 'torch.Tensor', attention_mask: 'torch.Tensor') -> 'torch.Tensor' recompiled, set torch._logging.set_logs(recompiles=True) for details
  warnings.warn(
/usr/local/python3.12.13/lib/python3.12/site-packages/torch_npu/dynamo/torchair/inference/_cache_compiler.py:509: UserWarning: Skip cache as VisionPrefillStage.forward(prefix_hidden_states: 'torch.Tensor', rope_cos: 'torch.Tensor', rope_sin: 'torch.Tensor', attention_mask: 'torch.Tensor') -> 'torch.Tensor' recompiled, set torch._logging.set_logs(recompiles=True) for details
  warnings.warn(
/usr/local/python3.12.13/lib/python3.12/site-packages/torch_npu/dynamo/torchair/inference/_cache_compiler.py:509: UserWarning: Skip cache as VisionPrefillStage.forward(prefix_hidden_states: 'torch.Tensor', rope_cos: 'torch.Tensor', rope_sin: 'torch.Tensor', attention_mask: 'torch.Tensor') -> 'torch.Tensor' recompiled, set torch._logging.set_logs(recompiles=True) for details
  warnings.warn(
/usr/local/python3.12.13/lib/python3.12/site-packages/torch_npu/dynamo/torchair/inference/_cache_compiler.py:509: UserWarning: Skip cache as VisionPrefillStage.forward(prefix_hidden_states: 'torch.Tensor', rope_cos: 'torch.Tensor', rope_sin: 'torch.Tensor', attention_mask: 'torch.Tensor') -> 'torch.Tensor' recompiled, set torch._logging.set_logs(recompiles=True) for details
  warnings.warn(
/usr/local/python3.12.13/lib/python3.12/site-packages/torch_npu/dynamo/torchair/inference/_cache_compiler.py:509: UserWarning: Skip cache as VisionPrefillStage.forward(prefix_hidden_states: 'torch.Tensor', rope_cos: 'torch.Tensor', rope_sin: 'torch.Tensor', attention_mask: 'torch.Tensor') -> 'torch.Tensor' recompiled, set torch._logging.set_logs(recompiles=True) for details
  warnings.warn(
/usr/local/python3.12.13/lib/python3.12/site-packages/torch_npu/dynamo/torchair/inference/_cache_compiler.py:509: UserWarning: Skip cache as VisionPrefillStage.forward(prefix_hidden_states: 'torch.Tensor', rope_cos: 'torch.Tensor', rope_sin: 'torch.Tensor', attention_mask: 'torch.Tensor') -> 'torch.Tensor' recompiled, set torch._logging.set_logs(recompiles=True) for details
  warnings.warn(
/usr/local/python3.12.13/lib/python3.12/site-packages/torch_npu/dynamo/torchair/inference/_cache_compiler.py:509: UserWarning: Skip cache as VisionPrefillStage.forward(prefix_hidden_states: 'torch.Tensor', rope_cos: 'torch.Tensor', rope_sin: 'torch.Tensor', attention_mask: 'torch.Tensor') -> 'torch.Tensor' recompiled, set torch._logging.set_logs(recompiles=True) for details
  warnings.warn(
/usr/local/python3.12.13/lib/python3.12/site-packages/torch_npu/dynamo/torchair/inference/_cache_compiler.py:509: UserWarning: Skip cache as VisionPrefillStage.forward(prefix_hidden_states: 'torch.Tensor', rope_cos: 'torch.Tensor', rope_sin: 'torch.Tensor', attention_mask: 'torch.Tensor') -> 'torch.Tensor' recompiled, set torch._logging.set_logs(recompiles=True) for details
  warnings.warn(
/usr/local/python3.12.13/lib/python3.12/site-packages/torch_npu/dynamo/torchair/inference/_cache_compiler.py:509: UserWarning: Skip cache as VisionPrefillStage.forward(prefix_hidden_states: 'torch.Tensor', rope_cos: 'torch.Tensor', rope_sin: 'torch.Tensor', attention_mask: 'torch.Tensor') -> 'torch.Tensor' recompiled, set torch._logging.set_logs(recompiles=True) for details
  warnings.warn(
/usr/local/python3.12.13/lib/python3.12/site-packages/torch_npu/dynamo/torchair/inference/_cache_compiler.py:509: UserWarning: Skip cache as VisionPrefillStage.forward(prefix_hidden_states: 'torch.Tensor', rope_cos: 'torch.Tensor', rope_sin: 'torch.Tensor', attention_mask: 'torch.Tensor') -> 'torch.Tensor' recompiled, set torch._logging.set_logs(recompiles=True) for details
  warnings.warn(
/usr/local/python3.12.13/lib/python3.12/site-packages/torch_npu/dynamo/torchair/inference/_cache_compiler.py:509: UserWarning: Skip cache as VisionPrefillStage.forward(prefix_hidden_states: 'torch.Tensor', rope_cos: 'torch.Tensor', rope_sin: 'torch.Tensor', attention_mask: 'torch.Tensor') -> 'torch.Tensor' recompiled, set torch._logging.set_logs(recompiles=True) for details
  warnings.warn(
benchmark=default:b4_s512
/usr/local/python3.12.13/lib/python3.12/site-packages/torch_npu/dynamo/torchair/inference/_cache_compiler.py:509: UserWarning: Skip cache as VisionPrefillStage.forward(prefix_hidden_states: 'torch.Tensor', rope_cos: 'torch.Tensor', rope_sin: 'torch.Tensor', attention_mask: 'torch.Tensor') -> 'torch.Tensor' recompiled, set torch._logging.set_logs(recompiles=True) for details
  warnings.warn(
/usr/local/python3.12.13/lib/python3.12/site-packages/torch_npu/dynamo/torchair/inference/_cache_compiler.py:509: UserWarning: Skip cache as VisionPrefillStage.forward(prefix_hidden_states: 'torch.Tensor', rope_cos: 'torch.Tensor', rope_sin: 'torch.Tensor', attention_mask: 'torch.Tensor') -> 'torch.Tensor' recompiled, set torch._logging.set_logs(recompiles=True) for details
  warnings.warn(
/usr/local/python3.12.13/lib/python3.12/site-packages/torch_npu/dynamo/torchair/inference/_cache_compiler.py:509: UserWarning: Skip cache as VisionPrefillStage.forward(prefix_hidden_states: 'torch.Tensor', rope_cos: 'torch.Tensor', rope_sin: 'torch.Tensor', attention_mask: 'torch.Tensor') -> 'torch.Tensor' recompiled, set torch._logging.set_logs(recompiles=True) for details
  warnings.warn(
/usr/local/python3.12.13/lib/python3.12/site-packages/torch_npu/dynamo/torchair/inference/_cache_compiler.py:509: UserWarning: Skip cache as VisionPrefillStage.forward(prefix_hidden_states: 'torch.Tensor', rope_cos: 'torch.Tensor', rope_sin: 'torch.Tensor', attention_mask: 'torch.Tensor') -> 'torch.Tensor' recompiled, set torch._logging.set_logs(recompiles=True) for details
  warnings.warn(
/usr/local/python3.12.13/lib/python3.12/site-packages/torch_npu/dynamo/torchair/inference/_cache_compiler.py:509: UserWarning: Skip cache as VisionPrefillStage.forward(prefix_hidden_states: 'torch.Tensor', rope_cos: 'torch.Tensor', rope_sin: 'torch.Tensor', attention_mask: 'torch.Tensor') -> 'torch.Tensor' recompiled, set torch._logging.set_logs(recompiles=True) for details
  warnings.warn(
/usr/local/python3.12.13/lib/python3.12/site-packages/torch_npu/dynamo/torchair/inference/_cache_compiler.py:509: UserWarning: Skip cache as VisionPrefillStage.forward(prefix_hidden_states: 'torch.Tensor', rope_cos: 'torch.Tensor', rope_sin: 'torch.Tensor', attention_mask: 'torch.Tensor') -> 'torch.Tensor' recompiled, set torch._logging.set_logs(recompiles=True) for details
  warnings.warn(
/usr/local/python3.12.13/lib/python3.12/site-packages/torch_npu/dynamo/torchair/inference/_cache_compiler.py:509: UserWarning: Skip cache as VisionPrefillStage.forward(prefix_hidden_states: 'torch.Tensor', rope_cos: 'torch.Tensor', rope_sin: 'torch.Tensor', attention_mask: 'torch.Tensor') -> 'torch.Tensor' recompiled, set torch._logging.set_logs(recompiles=True) for details
  warnings.warn(
/usr/local/python3.12.13/lib/python3.12/site-packages/torch_npu/dynamo/torchair/inference/_cache_compiler.py:509: UserWarning: Skip cache as VisionPrefillStage.forward(prefix_hidden_states: 'torch.Tensor', rope_cos: 'torch.Tensor', rope_sin: 'torch.Tensor', attention_mask: 'torch.Tensor') -> 'torch.Tensor' recompiled, set torch._logging.set_logs(recompiles=True) for details
  warnings.warn(
/usr/local/python3.12.13/lib/python3.12/site-packages/torch_npu/dynamo/torchair/inference/_cache_compiler.py:509: UserWarning: Skip cache as VisionPrefillStage.forward(prefix_hidden_states: 'torch.Tensor', rope_cos: 'torch.Tensor', rope_sin: 'torch.Tensor', attention_mask: 'torch.Tensor') -> 'torch.Tensor' recompiled, set torch._logging.set_logs(recompiles=True) for details
  warnings.warn(
/usr/local/python3.12.13/lib/python3.12/site-packages/torch_npu/dynamo/torchair/inference/_cache_compiler.py:509: UserWarning: Skip cache as VisionPrefillStage.forward(prefix_hidden_states: 'torch.Tensor', rope_cos: 'torch.Tensor', rope_sin: 'torch.Tensor', attention_mask: 'torch.Tensor') -> 'torch.Tensor' recompiled, set torch._logging.set_logs(recompiles=True) for details
  warnings.warn(
/usr/local/python3.12.13/lib/python3.12/site-packages/torch_npu/dynamo/torchair/inference/_cache_compiler.py:509: UserWarning: Skip cache as VisionPrefillStage.forward(prefix_hidden_states: 'torch.Tensor', rope_cos: 'torch.Tensor', rope_sin: 'torch.Tensor', attention_mask: 'torch.Tensor') -> 'torch.Tensor' recompiled, set torch._logging.set_logs(recompiles=True) for details
  warnings.warn(
/usr/local/python3.12.13/lib/python3.12/site-packages/torch_npu/dynamo/torchair/inference/_cache_compiler.py:509: UserWarning: Skip cache as VisionPrefillStage.forward(prefix_hidden_states: 'torch.Tensor', rope_cos: 'torch.Tensor', rope_sin: 'torch.Tensor', attention_mask: 'torch.Tensor') -> 'torch.Tensor' recompiled, set torch._logging.set_logs(recompiles=True) for details
  warnings.warn(
/usr/local/python3.12.13/lib/python3.12/site-packages/torch_npu/dynamo/torchair/inference/_cache_compiler.py:509: UserWarning: Skip cache as VisionPrefillStage.forward(prefix_hidden_states: 'torch.Tensor', rope_cos: 'torch.Tensor', rope_sin: 'torch.Tensor', attention_mask: 'torch.Tensor') -> 'torch.Tensor' recompiled, set torch._logging.set_logs(recompiles=True) for details
  warnings.warn(
/usr/local/python3.12.13/lib/python3.12/site-packages/torch_npu/dynamo/torchair/inference/_cache_compiler.py:509: UserWarning: Skip cache as VisionPrefillStage.forward(prefix_hidden_states: 'torch.Tensor', rope_cos: 'torch.Tensor', rope_sin: 'torch.Tensor', attention_mask: 'torch.Tensor') -> 'torch.Tensor' recompiled, set torch._logging.set_logs(recompiles=True) for details
  warnings.warn(
/usr/local/python3.12.13/lib/python3.12/site-packages/torch_npu/dynamo/torchair/inference/_cache_compiler.py:509: UserWarning: Skip cache as VisionPrefillStage.forward(prefix_hidden_states: 'torch.Tensor', rope_cos: 'torch.Tensor', rope_sin: 'torch.Tensor', attention_mask: 'torch.Tensor') -> 'torch.Tensor' recompiled, set torch._logging.set_logs(recompiles=True) for details
  warnings.warn(
/usr/local/python3.12.13/lib/python3.12/site-packages/torch_npu/dynamo/torchair/inference/_cache_compiler.py:509: UserWarning: Skip cache as VisionPrefillStage.forward(prefix_hidden_states: 'torch.Tensor', rope_cos: 'torch.Tensor', rope_sin: 'torch.Tensor', attention_mask: 'torch.Tensor') -> 'torch.Tensor' recompiled, set torch._logging.set_logs(recompiles=True) for details
  warnings.warn(
/usr/local/python3.12.13/lib/python3.12/site-packages/torch_npu/dynamo/torchair/inference/_cache_compiler.py:509: UserWarning: Skip cache as VisionPrefillStage.forward(prefix_hidden_states: 'torch.Tensor', rope_cos: 'torch.Tensor', rope_sin: 'torch.Tensor', attention_mask: 'torch.Tensor') -> 'torch.Tensor' recompiled, set torch._logging.set_logs(recompiles=True) for details
  warnings.warn(
/usr/local/python3.12.13/lib/python3.12/site-packages/torch_npu/dynamo/torchair/inference/_cache_compiler.py:509: UserWarning: Skip cache as VisionPrefillStage.forward(prefix_hidden_states: 'torch.Tensor', rope_cos: 'torch.Tensor', rope_sin: 'torch.Tensor', attention_mask: 'torch.Tensor') -> 'torch.Tensor' recompiled, set torch._logging.set_logs(recompiles=True) for details
  warnings.warn(
/usr/local/python3.12.13/lib/python3.12/site-packages/torch_npu/dynamo/torchair/inference/_cache_compiler.py:509: UserWarning: Skip cache as VisionPrefillStage.forward(prefix_hidden_states: 'torch.Tensor', rope_cos: 'torch.Tensor', rope_sin: 'torch.Tensor', attention_mask: 'torch.Tensor') -> 'torch.Tensor' recompiled, set torch._logging.set_logs(recompiles=True) for details
  warnings.warn(
/usr/local/python3.12.13/lib/python3.12/site-packages/torch_npu/dynamo/torchair/inference/_cache_compiler.py:509: UserWarning: Skip cache as VisionPrefillStage.forward(prefix_hidden_states: 'torch.Tensor', rope_cos: 'torch.Tensor', rope_sin: 'torch.Tensor', attention_mask: 'torch.Tensor') -> 'torch.Tensor' recompiled, set torch._logging.set_logs(recompiles=True) for details
  warnings.warn(
/usr/local/python3.12.13/lib/python3.12/site-packages/torch_npu/dynamo/torchair/inference/_cache_compiler.py:509: UserWarning: Skip cache as VisionPrefillStage.forward(prefix_hidden_states: 'torch.Tensor', rope_cos: 'torch.Tensor', rope_sin: 'torch.Tensor', attention_mask: 'torch.Tensor') -> 'torch.Tensor' recompiled, set torch._logging.set_logs(recompiles=True) for details
  warnings.warn(
/usr/local/python3.12.13/lib/python3.12/site-packages/torch_npu/dynamo/torchair/inference/_cache_compiler.py:509: UserWarning: Skip cache as VisionPrefillStage.forward(prefix_hidden_states: 'torch.Tensor', rope_cos: 'torch.Tensor', rope_sin: 'torch.Tensor', attention_mask: 'torch.Tensor') -> 'torch.Tensor' recompiled, set torch._logging.set_logs(recompiles=True) for details
  warnings.warn(
/usr/local/python3.12.13/lib/python3.12/site-packages/torch_npu/dynamo/torchair/inference/_cache_compiler.py:509: UserWarning: Skip cache as VisionPrefillStage.forward(prefix_hidden_states: 'torch.Tensor', rope_cos: 'torch.Tensor', rope_sin: 'torch.Tensor', attention_mask: 'torch.Tensor') -> 'torch.Tensor' recompiled, set torch._logging.set_logs(recompiles=True) for details
  warnings.warn(
/usr/local/python3.12.13/lib/python3.12/site-packages/torch_npu/dynamo/torchair/inference/_cache_compiler.py:509: UserWarning: Skip cache as VisionPrefillStage.forward(prefix_hidden_states: 'torch.Tensor', rope_cos: 'torch.Tensor', rope_sin: 'torch.Tensor', attention_mask: 'torch.Tensor') -> 'torch.Tensor' recompiled, set torch._logging.set_logs(recompiles=True) for details
  warnings.warn(
/usr/local/python3.12.13/lib/python3.12/site-packages/torch_npu/dynamo/torchair/inference/_cache_compiler.py:509: UserWarning: Skip cache as VisionPrefillStage.forward(prefix_hidden_states: 'torch.Tensor', rope_cos: 'torch.Tensor', rope_sin: 'torch.Tensor', attention_mask: 'torch.Tensor') -> 'torch.Tensor' recompiled, set torch._logging.set_logs(recompiles=True) for details
  warnings.warn(
/usr/local/python3.12.13/lib/python3.12/site-packages/torch_npu/dynamo/torchair/inference/_cache_compiler.py:509: UserWarning: Skip cache as VisionPrefillStage.forward(prefix_hidden_states: 'torch.Tensor', rope_cos: 'torch.Tensor', rope_sin: 'torch.Tensor', attention_mask: 'torch.Tensor') -> 'torch.Tensor' recompiled, set torch._logging.set_logs(recompiles=True) for details
  warnings.warn(
benchmark=default:b1_s1024
/usr/local/python3.12.13/lib/python3.12/site-packages/torch_npu/dynamo/torchair/inference/_cache_compiler.py:509: UserWarning: Skip cache as VisionPrefillStage.forward(prefix_hidden_states: 'torch.Tensor', rope_cos: 'torch.Tensor', rope_sin: 'torch.Tensor', attention_mask: 'torch.Tensor') -> 'torch.Tensor' recompiled, set torch._logging.set_logs(recompiles=True) for details
  warnings.warn(
/usr/local/python3.12.13/lib/python3.12/site-packages/torch_npu/dynamo/torchair/inference/_cache_compiler.py:509: UserWarning: Skip cache as VisionPrefillStage.forward(prefix_hidden_states: 'torch.Tensor', rope_cos: 'torch.Tensor', rope_sin: 'torch.Tensor', attention_mask: 'torch.Tensor') -> 'torch.Tensor' recompiled, set torch._logging.set_logs(recompiles=True) for details
  warnings.warn(
/usr/local/python3.12.13/lib/python3.12/site-packages/torch_npu/dynamo/torchair/inference/_cache_compiler.py:509: UserWarning: Skip cache as VisionPrefillStage.forward(prefix_hidden_states: 'torch.Tensor', rope_cos: 'torch.Tensor', rope_sin: 'torch.Tensor', attention_mask: 'torch.Tensor') -> 'torch.Tensor' recompiled, set torch._logging.set_logs(recompiles=True) for details
  warnings.warn(
/usr/local/python3.12.13/lib/python3.12/site-packages/torch_npu/dynamo/torchair/inference/_cache_compiler.py:509: UserWarning: Skip cache as VisionPrefillStage.forward(prefix_hidden_states: 'torch.Tensor', rope_cos: 'torch.Tensor', rope_sin: 'torch.Tensor', attention_mask: 'torch.Tensor') -> 'torch.Tensor' recompiled, set torch._logging.set_logs(recompiles=True) for details
  warnings.warn(
/usr/local/python3.12.13/lib/python3.12/site-packages/torch_npu/dynamo/torchair/inference/_cache_compiler.py:509: UserWarning: Skip cache as VisionPrefillStage.forward(prefix_hidden_states: 'torch.Tensor', rope_cos: 'torch.Tensor', rope_sin: 'torch.Tensor', attention_mask: 'torch.Tensor') -> 'torch.Tensor' recompiled, set torch._logging.set_logs(recompiles=True) for details
  warnings.warn(
/usr/local/python3.12.13/lib/python3.12/site-packages/torch_npu/dynamo/torchair/inference/_cache_compiler.py:509: UserWarning: Skip cache as VisionPrefillStage.forward(prefix_hidden_states: 'torch.Tensor', rope_cos: 'torch.Tensor', rope_sin: 'torch.Tensor', attention_mask: 'torch.Tensor') -> 'torch.Tensor' recompiled, set torch._logging.set_logs(recompiles=True) for details
  warnings.warn(
/usr/local/python3.12.13/lib/python3.12/site-packages/torch_npu/dynamo/torchair/inference/_cache_compiler.py:509: UserWarning: Skip cache as VisionPrefillStage.forward(prefix_hidden_states: 'torch.Tensor', rope_cos: 'torch.Tensor', rope_sin: 'torch.Tensor', attention_mask: 'torch.Tensor') -> 'torch.Tensor' recompiled, set torch._logging.set_logs(recompiles=True) for details
  warnings.warn(
/usr/local/python3.12.13/lib/python3.12/site-packages/torch_npu/dynamo/torchair/inference/_cache_compiler.py:509: UserWarning: Skip cache as VisionPrefillStage.forward(prefix_hidden_states: 'torch.Tensor', rope_cos: 'torch.Tensor', rope_sin: 'torch.Tensor', attention_mask: 'torch.Tensor') -> 'torch.Tensor' recompiled, set torch._logging.set_logs(recompiles=True) for details
  warnings.warn(
/usr/local/python3.12.13/lib/python3.12/site-packages/torch_npu/dynamo/torchair/inference/_cache_compiler.py:509: UserWarning: Skip cache as VisionPrefillStage.forward(prefix_hidden_states: 'torch.Tensor', rope_cos: 'torch.Tensor', rope_sin: 'torch.Tensor', attention_mask: 'torch.Tensor') -> 'torch.Tensor' recompiled, set torch._logging.set_logs(recompiles=True) for details
  warnings.warn(
/usr/local/python3.12.13/lib/python3.12/site-packages/torch_npu/dynamo/torchair/inference/_cache_compiler.py:509: UserWarning: Skip cache as VisionPrefillStage.forward(prefix_hidden_states: 'torch.Tensor', rope_cos: 'torch.Tensor', rope_sin: 'torch.Tensor', attention_mask: 'torch.Tensor') -> 'torch.Tensor' recompiled, set torch._logging.set_logs(recompiles=True) for details
  warnings.warn(
/usr/local/python3.12.13/lib/python3.12/site-packages/torch_npu/dynamo/torchair/inference/_cache_compiler.py:509: UserWarning: Skip cache as VisionPrefillStage.forward(prefix_hidden_states: 'torch.Tensor', rope_cos: 'torch.Tensor', rope_sin: 'torch.Tensor', attention_mask: 'torch.Tensor') -> 'torch.Tensor' recompiled, set torch._logging.set_logs(recompiles=True) for details
  warnings.warn(
/usr/local/python3.12.13/lib/python3.12/site-packages/torch_npu/dynamo/torchair/inference/_cache_compiler.py:509: UserWarning: Skip cache as VisionPrefillStage.forward(prefix_hidden_states: 'torch.Tensor', rope_cos: 'torch.Tensor', rope_sin: 'torch.Tensor', attention_mask: 'torch.Tensor') -> 'torch.Tensor' recompiled, set torch._logging.set_logs(recompiles=True) for details
  warnings.warn(
/usr/local/python3.12.13/lib/python3.12/site-packages/torch_npu/dynamo/torchair/inference/_cache_compiler.py:509: UserWarning: Skip cache as VisionPrefillStage.forward(prefix_hidden_states: 'torch.Tensor', rope_cos: 'torch.Tensor', rope_sin: 'torch.Tensor', attention_mask: 'torch.Tensor') -> 'torch.Tensor' recompiled, set torch._logging.set_logs(recompiles=True) for details
  warnings.warn(
/usr/local/python3.12.13/lib/python3.12/site-packages/torch_npu/dynamo/torchair/inference/_cache_compiler.py:509: UserWarning: Skip cache as VisionPrefillStage.forward(prefix_hidden_states: 'torch.Tensor', rope_cos: 'torch.Tensor', rope_sin: 'torch.Tensor', attention_mask: 'torch.Tensor') -> 'torch.Tensor' recompiled, set torch._logging.set_logs(recompiles=True) for details
  warnings.warn(
/usr/local/python3.12.13/lib/python3.12/site-packages/torch_npu/dynamo/torchair/inference/_cache_compiler.py:509: UserWarning: Skip cache as VisionPrefillStage.forward(prefix_hidden_states: 'torch.Tensor', rope_cos: 'torch.Tensor', rope_sin: 'torch.Tensor', attention_mask: 'torch.Tensor') -> 'torch.Tensor' recompiled, set torch._logging.set_logs(recompiles=True) for details
  warnings.warn(
/usr/local/python3.12.13/lib/python3.12/site-packages/torch_npu/dynamo/torchair/inference/_cache_compiler.py:509: UserWarning: Skip cache as VisionPrefillStage.forward(prefix_hidden_states: 'torch.Tensor', rope_cos: 'torch.Tensor', rope_sin: 'torch.Tensor', attention_mask: 'torch.Tensor') -> 'torch.Tensor' recompiled, set torch._logging.set_logs(recompiles=True) for details
  warnings.warn(
/usr/local/python3.12.13/lib/python3.12/site-packages/torch_npu/dynamo/torchair/inference/_cache_compiler.py:509: UserWarning: Skip cache as VisionPrefillStage.forward(prefix_hidden_states: 'torch.Tensor', rope_cos: 'torch.Tensor', rope_sin: 'torch.Tensor', attention_mask: 'torch.Tensor') -> 'torch.Tensor' recompiled, set torch._logging.set_logs(recompiles=True) for details
  warnings.warn(
/usr/local/python3.12.13/lib/python3.12/site-packages/torch_npu/dynamo/torchair/inference/_cache_compiler.py:509: UserWarning: Skip cache as VisionPrefillStage.forward(prefix_hidden_states: 'torch.Tensor', rope_cos: 'torch.Tensor', rope_sin: 'torch.Tensor', attention_mask: 'torch.Tensor') -> 'torch.Tensor' recompiled, set torch._logging.set_logs(recompiles=True) for details
  warnings.warn(
/usr/local/python3.12.13/lib/python3.12/site-packages/torch_npu/dynamo/torchair/inference/_cache_compiler.py:509: UserWarning: Skip cache as VisionPrefillStage.forward(prefix_hidden_states: 'torch.Tensor', rope_cos: 'torch.Tensor', rope_sin: 'torch.Tensor', attention_mask: 'torch.Tensor') -> 'torch.Tensor' recompiled, set torch._logging.set_logs(recompiles=True) for details
  warnings.warn(
/usr/local/python3.12.13/lib/python3.12/site-packages/torch_npu/dynamo/torchair/inference/_cache_compiler.py:509: UserWarning: Skip cache as VisionPrefillStage.forward(prefix_hidden_states: 'torch.Tensor', rope_cos: 'torch.Tensor', rope_sin: 'torch.Tensor', attention_mask: 'torch.Tensor') -> 'torch.Tensor' recompiled, set torch._logging.set_logs(recompiles=True) for details
  warnings.warn(
/usr/local/python3.12.13/lib/python3.12/site-packages/torch_npu/dynamo/torchair/inference/_cache_compiler.py:509: UserWarning: Skip cache as VisionPrefillStage.forward(prefix_hidden_states: 'torch.Tensor', rope_cos: 'torch.Tensor', rope_sin: 'torch.Tensor', attention_mask: 'torch.Tensor') -> 'torch.Tensor' recompiled, set torch._logging.set_logs(recompiles=True) for details
  warnings.warn(
/usr/local/python3.12.13/lib/python3.12/site-packages/torch_npu/dynamo/torchair/inference/_cache_compiler.py:509: UserWarning: Skip cache as VisionPrefillStage.forward(prefix_hidden_states: 'torch.Tensor', rope_cos: 'torch.Tensor', rope_sin: 'torch.Tensor', attention_mask: 'torch.Tensor') -> 'torch.Tensor' recompiled, set torch._logging.set_logs(recompiles=True) for details
  warnings.warn(
/usr/local/python3.12.13/lib/python3.12/site-packages/torch_npu/dynamo/torchair/inference/_cache_compiler.py:509: UserWarning: Skip cache as VisionPrefillStage.forward(prefix_hidden_states: 'torch.Tensor', rope_cos: 'torch.Tensor', rope_sin: 'torch.Tensor', attention_mask: 'torch.Tensor') -> 'torch.Tensor' recompiled, set torch._logging.set_logs(recompiles=True) for details
  warnings.warn(
/usr/local/python3.12.13/lib/python3.12/site-packages/torch_npu/dynamo/torchair/inference/_cache_compiler.py:509: UserWarning: Skip cache as VisionPrefillStage.forward(prefix_hidden_states: 'torch.Tensor', rope_cos: 'torch.Tensor', rope_sin: 'torch.Tensor', attention_mask: 'torch.Tensor') -> 'torch.Tensor' recompiled, set torch._logging.set_logs(recompiles=True) for details
  warnings.warn(
/usr/local/python3.12.13/lib/python3.12/site-packages/torch_npu/dynamo/torchair/inference/_cache_compiler.py:509: UserWarning: Skip cache as VisionPrefillStage.forward(prefix_hidden_states: 'torch.Tensor', rope_cos: 'torch.Tensor', rope_sin: 'torch.Tensor', attention_mask: 'torch.Tensor') -> 'torch.Tensor' recompiled, set torch._logging.set_logs(recompiles=True) for details
  warnings.warn(
/usr/local/python3.12.13/lib/python3.12/site-packages/torch_npu/dynamo/torchair/inference/_cache_compiler.py:509: UserWarning: Skip cache as VisionPrefillStage.forward(prefix_hidden_states: 'torch.Tensor', rope_cos: 'torch.Tensor', rope_sin: 'torch.Tensor', attention_mask: 'torch.Tensor') -> 'torch.Tensor' recompiled, set torch._logging.set_logs(recompiles=True) for details
  warnings.warn(
/usr/local/python3.12.13/lib/python3.12/site-packages/torch_npu/dynamo/torchair/inference/_cache_compiler.py:509: UserWarning: Skip cache as VisionPrefillStage.forward(prefix_hidden_states: 'torch.Tensor', rope_cos: 'torch.Tensor', rope_sin: 'torch.Tensor', attention_mask: 'torch.Tensor') -> 'torch.Tensor' recompiled, set torch._logging.set_logs(recompiles=True) for details
  warnings.warn(
/usr/local/python3.12.13/lib/python3.12/site-packages/torch_npu/dynamo/torchair/inference/_cache_compiler.py:509: UserWarning: Skip cache as VisionPrefillStage.forward(prefix_hidden_states: 'torch.Tensor', rope_cos: 'torch.Tensor', rope_sin: 'torch.Tensor', attention_mask: 'torch.Tensor') -> 'torch.Tensor' recompiled, set torch._logging.set_logs(recompiles=True) for details
  warnings.warn(
/usr/local/python3.12.13/lib/python3.12/site-packages/torch_npu/dynamo/torchair/inference/_cache_compiler.py:509: UserWarning: Skip cache as VisionPrefillStage.forward(prefix_hidden_states: 'torch.Tensor', rope_cos: 'torch.Tensor', rope_sin: 'torch.Tensor', attention_mask: 'torch.Tensor') -> 'torch.Tensor' recompiled, set torch._logging.set_logs(recompiles=True) for details
  warnings.warn(
/usr/local/python3.12.13/lib/python3.12/site-packages/torch_npu/dynamo/torchair/inference/_cache_compiler.py:509: UserWarning: Skip cache as VisionPrefillStage.forward(prefix_hidden_states: 'torch.Tensor', rope_cos: 'torch.Tensor', rope_sin: 'torch.Tensor', attention_mask: 'torch.Tensor') -> 'torch.Tensor' recompiled, set torch._logging.set_logs(recompiles=True) for details
  warnings.warn(
/usr/local/python3.12.13/lib/python3.12/site-packages/torch_npu/dynamo/torchair/inference/_cache_compiler.py:509: UserWarning: Skip cache as VisionPrefillStage.forward(prefix_hidden_states: 'torch.Tensor', rope_cos: 'torch.Tensor', rope_sin: 'torch.Tensor', attention_mask: 'torch.Tensor') -> 'torch.Tensor' recompiled, set torch._logging.set_logs(recompiles=True) for details
  warnings.warn(
/usr/local/python3.12.13/lib/python3.12/site-packages/torch_npu/dynamo/torchair/inference/_cache_compiler.py:509: UserWarning: Skip cache as VisionPrefillStage.forward(prefix_hidden_states: 'torch.Tensor', rope_cos: 'torch.Tensor', rope_sin: 'torch.Tensor', attention_mask: 'torch.Tensor') -> 'torch.Tensor' recompiled, set torch._logging.set_logs(recompiles=True) for details
  warnings.warn(
/usr/local/python3.12.13/lib/python3.12/site-packages/torch_npu/dynamo/torchair/inference/_cache_compiler.py:509: UserWarning: Skip cache as VisionPrefillStage.forward(prefix_hidden_states: 'torch.Tensor', rope_cos: 'torch.Tensor', rope_sin: 'torch.Tensor', attention_mask: 'torch.Tensor') -> 'torch.Tensor' recompiled, set torch._logging.set_logs(recompiles=True) for details
  warnings.warn(
/usr/local/python3.12.13/lib/python3.12/site-packages/torch_npu/dynamo/torchair/inference/_cache_compiler.py:509: UserWarning: Skip cache as VisionPrefillStage.forward(prefix_hidden_states: 'torch.Tensor', rope_cos: 'torch.Tensor', rope_sin: 'torch.Tensor', attention_mask: 'torch.Tensor') -> 'torch.Tensor' recompiled, set torch._logging.set_logs(recompiles=True) for details
  warnings.warn(
/usr/local/python3.12.13/lib/python3.12/site-packages/torch_npu/dynamo/torchair/inference/_cache_compiler.py:509: UserWarning: Skip cache as VisionPrefillStage.forward(prefix_hidden_states: 'torch.Tensor', rope_cos: 'torch.Tensor', rope_sin: 'torch.Tensor', attention_mask: 'torch.Tensor') -> 'torch.Tensor' recompiled, set torch._logging.set_logs(recompiles=True) for details
  warnings.warn(
/usr/local/python3.12.13/lib/python3.12/site-packages/torch_npu/dynamo/torchair/inference/_cache_compiler.py:509: UserWarning: Skip cache as VisionPrefillStage.forward(prefix_hidden_states: 'torch.Tensor', rope_cos: 'torch.Tensor', rope_sin: 'torch.Tensor', attention_mask: 'torch.Tensor') -> 'torch.Tensor' recompiled, set torch._logging.set_logs(recompiles=True) for details
  warnings.warn(
/usr/local/python3.12.13/lib/python3.12/site-packages/torch_npu/dynamo/torchair/inference/_cache_compiler.py:509: UserWarning: Skip cache as VisionPrefillStage.forward(prefix_hidden_states: 'torch.Tensor', rope_cos: 'torch.Tensor', rope_sin: 'torch.Tensor', attention_mask: 'torch.Tensor') -> 'torch.Tensor' recompiled, set torch._logging.set_logs(recompiles=True) for details
  warnings.warn(
/usr/local/python3.12.13/lib/python3.12/site-packages/torch_npu/dynamo/torchair/inference/_cache_compiler.py:509: UserWarning: Skip cache as VisionPrefillStage.forward(prefix_hidden_states: 'torch.Tensor', rope_cos: 'torch.Tensor', rope_sin: 'torch.Tensor', attention_mask: 'torch.Tensor') -> 'torch.Tensor' recompiled, set torch._logging.set_logs(recompiles=True) for details
  warnings.warn(
/usr/local/python3.12.13/lib/python3.12/site-packages/torch_npu/dynamo/torchair/inference/_cache_compiler.py:509: UserWarning: Skip cache as VisionPrefillStage.forward(prefix_hidden_states: 'torch.Tensor', rope_cos: 'torch.Tensor', rope_sin: 'torch.Tensor', attention_mask: 'torch.Tensor') -> 'torch.Tensor' recompiled, set torch._logging.set_logs(recompiles=True) for details
  warnings.warn(
/usr/local/python3.12.13/lib/python3.12/site-packages/torch_npu/dynamo/torchair/inference/_cache_compiler.py:509: UserWarning: Skip cache as VisionPrefillStage.forward(prefix_hidden_states: 'torch.Tensor', rope_cos: 'torch.Tensor', rope_sin: 'torch.Tensor', attention_mask: 'torch.Tensor') -> 'torch.Tensor' recompiled, set torch._logging.set_logs(recompiles=True) for details
  warnings.warn(
/usr/local/python3.12.13/lib/python3.12/site-packages/torch_npu/dynamo/torchair/inference/_cache_compiler.py:509: UserWarning: Skip cache as VisionPrefillStage.forward(prefix_hidden_states: 'torch.Tensor', rope_cos: 'torch.Tensor', rope_sin: 'torch.Tensor', attention_mask: 'torch.Tensor') -> 'torch.Tensor' recompiled, set torch._logging.set_logs(recompiles=True) for details
  warnings.warn(
/usr/local/python3.12.13/lib/python3.12/site-packages/torch_npu/dynamo/torchair/inference/_cache_compiler.py:509: UserWarning: Skip cache as VisionPrefillStage.forward(prefix_hidden_states: 'torch.Tensor', rope_cos: 'torch.Tensor', rope_sin: 'torch.Tensor', attention_mask: 'torch.Tensor') -> 'torch.Tensor' recompiled, set torch._logging.set_logs(recompiles=True) for details
  warnings.warn(
/usr/local/python3.12.13/lib/python3.12/site-packages/torch_npu/dynamo/torchair/inference/_cache_compiler.py:509: UserWarning: Skip cache as VisionPrefillStage.forward(prefix_hidden_states: 'torch.Tensor', rope_cos: 'torch.Tensor', rope_sin: 'torch.Tensor', attention_mask: 'torch.Tensor') -> 'torch.Tensor' recompiled, set torch._logging.set_logs(recompiles=True) for details
  warnings.warn(
/usr/local/python3.12.13/lib/python3.12/site-packages/torch_npu/dynamo/torchair/inference/_cache_compiler.py:509: UserWarning: Skip cache as VisionPrefillStage.forward(prefix_hidden_states: 'torch.Tensor', rope_cos: 'torch.Tensor', rope_sin: 'torch.Tensor', attention_mask: 'torch.Tensor') -> 'torch.Tensor' recompiled, set torch._logging.set_logs(recompiles=True) for details
  warnings.warn(
/usr/local/python3.12.13/lib/python3.12/site-packages/torch_npu/dynamo/torchair/inference/_cache_compiler.py:509: UserWarning: Skip cache as VisionPrefillStage.forward(prefix_hidden_states: 'torch.Tensor', rope_cos: 'torch.Tensor', rope_sin: 'torch.Tensor', attention_mask: 'torch.Tensor') -> 'torch.Tensor' recompiled, set torch._logging.set_logs(recompiles=True) for details
  warnings.warn(
/usr/local/python3.12.13/lib/python3.12/site-packages/torch_npu/dynamo/torchair/inference/_cache_compiler.py:509: UserWarning: Skip cache as VisionPrefillStage.forward(prefix_hidden_states: 'torch.Tensor', rope_cos: 'torch.Tensor', rope_sin: 'torch.Tensor', attention_mask: 'torch.Tensor') -> 'torch.Tensor' recompiled, set torch._logging.set_logs(recompiles=True) for details
  warnings.warn(
/usr/local/python3.12.13/lib/python3.12/site-packages/torch_npu/dynamo/torchair/inference/_cache_compiler.py:509: UserWarning: Skip cache as VisionPrefillStage.forward(prefix_hidden_states: 'torch.Tensor', rope_cos: 'torch.Tensor', rope_sin: 'torch.Tensor', attention_mask: 'torch.Tensor') -> 'torch.Tensor' recompiled, set torch._logging.set_logs(recompiles=True) for details
  warnings.warn(
/usr/local/python3.12.13/lib/python3.12/site-packages/torch_npu/dynamo/torchair/inference/_cache_compiler.py:509: UserWarning: Skip cache as VisionPrefillStage.forward(prefix_hidden_states: 'torch.Tensor', rope_cos: 'torch.Tensor', rope_sin: 'torch.Tensor', attention_mask: 'torch.Tensor') -> 'torch.Tensor' recompiled, set torch._logging.set_logs(recompiles=True) for details
  warnings.warn(
/usr/local/python3.12.13/lib/python3.12/site-packages/torch_npu/dynamo/torchair/inference/_cache_compiler.py:509: UserWarning: Skip cache as VisionPrefillStage.forward(prefix_hidden_states: 'torch.Tensor', rope_cos: 'torch.Tensor', rope_sin: 'torch.Tensor', attention_mask: 'torch.Tensor') -> 'torch.Tensor' recompiled, set torch._logging.set_logs(recompiles=True) for details
  warnings.warn(
/usr/local/python3.12.13/lib/python3.12/site-packages/torch_npu/dynamo/torchair/inference/_cache_compiler.py:509: UserWarning: Skip cache as VisionPrefillStage.forward(prefix_hidden_states: 'torch.Tensor', rope_cos: 'torch.Tensor', rope_sin: 'torch.Tensor', attention_mask: 'torch.Tensor') -> 'torch.Tensor' recompiled, set torch._logging.set_logs(recompiles=True) for details
  warnings.warn(
/usr/local/python3.12.13/lib/python3.12/site-packages/torch_npu/dynamo/torchair/inference/_cache_compiler.py:509: UserWarning: Skip cache as VisionPrefillStage.forward(prefix_hidden_states: 'torch.Tensor', rope_cos: 'torch.Tensor', rope_sin: 'torch.Tensor', attention_mask: 'torch.Tensor') -> 'torch.Tensor' recompiled, set torch._logging.set_logs(recompiles=True) for details
  warnings.warn(
/usr/local/python3.12.13/lib/python3.12/site-packages/torch_npu/dynamo/torchair/inference/_cache_compiler.py:509: UserWarning: Skip cache as VisionPrefillStage.forward(prefix_hidden_states: 'torch.Tensor', rope_cos: 'torch.Tensor', rope_sin: 'torch.Tensor', attention_mask: 'torch.Tensor') -> 'torch.Tensor' recompiled, set torch._logging.set_logs(recompiles=True) for details
  warnings.warn(
/usr/local/python3.12.13/lib/python3.12/site-packages/torch_npu/dynamo/torchair/inference/_cache_compiler.py:509: UserWarning: Skip cache as VisionPrefillStage.forward(prefix_hidden_states: 'torch.Tensor', rope_cos: 'torch.Tensor', rope_sin: 'torch.Tensor', attention_mask: 'torch.Tensor') -> 'torch.Tensor' recompiled, set torch._logging.set_logs(recompiles=True) for details
  warnings.warn(
/usr/local/python3.12.13/lib/python3.12/site-packages/torch_npu/dynamo/torchair/inference/_cache_compiler.py:509: UserWarning: Skip cache as VisionPrefillStage.forward(prefix_hidden_states: 'torch.Tensor', rope_cos: 'torch.Tensor', rope_sin: 'torch.Tensor', attention_mask: 'torch.Tensor') -> 'torch.Tensor' recompiled, set torch._logging.set_logs(recompiles=True) for details
  warnings.warn(
/usr/local/python3.12.13/lib/python3.12/site-packages/torch_npu/dynamo/torchair/inference/_cache_compiler.py:509: UserWarning: Skip cache as VisionPrefillStage.forward(prefix_hidden_states: 'torch.Tensor', rope_cos: 'torch.Tensor', rope_sin: 'torch.Tensor', attention_mask: 'torch.Tensor') -> 'torch.Tensor' recompiled, set torch._logging.set_logs(recompiles=True) for details
  warnings.warn(
/usr/local/python3.12.13/lib/python3.12/site-packages/torch_npu/dynamo/torchair/inference/_cache_compiler.py:509: UserWarning: Skip cache as VisionPrefillStage.forward(prefix_hidden_states: 'torch.Tensor', rope_cos: 'torch.Tensor', rope_sin: 'torch.Tensor', attention_mask: 'torch.Tensor') -> 'torch.Tensor' recompiled, set torch._logging.set_logs(recompiles=True) for details
  warnings.warn(
/usr/local/python3.12.13/lib/python3.12/site-packages/torch_npu/dynamo/torchair/inference/_cache_compiler.py:509: UserWarning: Skip cache as VisionPrefillStage.forward(prefix_hidden_states: 'torch.Tensor', rope_cos: 'torch.Tensor', rope_sin: 'torch.Tensor', attention_mask: 'torch.Tensor') -> 'torch.Tensor' recompiled, set torch._logging.set_logs(recompiles=True) for details
  warnings.warn(
/usr/local/python3.12.13/lib/python3.12/site-packages/torch_npu/dynamo/torchair/inference/_cache_compiler.py:509: UserWarning: Skip cache as VisionPrefillStage.forward(prefix_hidden_states: 'torch.Tensor', rope_cos: 'torch.Tensor', rope_sin: 'torch.Tensor', attention_mask: 'torch.Tensor') -> 'torch.Tensor' recompiled, set torch._logging.set_logs(recompiles=True) for details
  warnings.warn(
/usr/local/python3.12.13/lib/python3.12/site-packages/torch_npu/dynamo/torchair/inference/_cache_compiler.py:509: UserWarning: Skip cache as VisionPrefillStage.forward(prefix_hidden_states: 'torch.Tensor', rope_cos: 'torch.Tensor', rope_sin: 'torch.Tensor', attention_mask: 'torch.Tensor') -> 'torch.Tensor' recompiled, set torch._logging.set_logs(recompiles=True) for details
  warnings.warn(
/usr/local/python3.12.13/lib/python3.12/site-packages/torch_npu/dynamo/torchair/inference/_cache_compiler.py:509: UserWarning: Skip cache as VisionPrefillStage.forward(prefix_hidden_states: 'torch.Tensor', rope_cos: 'torch.Tensor', rope_sin: 'torch.Tensor', attention_mask: 'torch.Tensor') -> 'torch.Tensor' recompiled, set torch._logging.set_logs(recompiles=True) for details
  warnings.warn(
/usr/local/python3.12.13/lib/python3.12/site-packages/torch_npu/dynamo/torchair/inference/_cache_compiler.py:509: UserWarning: Skip cache as VisionPrefillStage.forward(prefix_hidden_states: 'torch.Tensor', rope_cos: 'torch.Tensor', rope_sin: 'torch.Tensor', attention_mask: 'torch.Tensor') -> 'torch.Tensor' recompiled, set torch._logging.set_logs(recompiles=True) for details
  warnings.warn(
/usr/local/python3.12.13/lib/python3.12/site-packages/torch_npu/dynamo/torchair/inference/_cache_compiler.py:509: UserWarning: Skip cache as VisionPrefillStage.forward(prefix_hidden_states: 'torch.Tensor', rope_cos: 'torch.Tensor', rope_sin: 'torch.Tensor', attention_mask: 'torch.Tensor') -> 'torch.Tensor' recompiled, set torch._logging.set_logs(recompiles=True) for details
  warnings.warn(
/usr/local/python3.12.13/lib/python3.12/site-packages/torch_npu/dynamo/torchair/inference/_cache_compiler.py:509: UserWarning: Skip cache as VisionPrefillStage.forward(prefix_hidden_states: 'torch.Tensor', rope_cos: 'torch.Tensor', rope_sin: 'torch.Tensor', attention_mask: 'torch.Tensor') -> 'torch.Tensor' recompiled, set torch._logging.set_logs(recompiles=True) for details
  warnings.warn(
/usr/local/python3.12.13/lib/python3.12/site-packages/torch_npu/dynamo/torchair/inference/_cache_compiler.py:509: UserWarning: Skip cache as VisionPrefillStage.forward(prefix_hidden_states: 'torch.Tensor', rope_cos: 'torch.Tensor', rope_sin: 'torch.Tensor', attention_mask: 'torch.Tensor') -> 'torch.Tensor' recompiled, set torch._logging.set_logs(recompiles=True) for details
  warnings.warn(
/usr/local/python3.12.13/lib/python3.12/site-packages/torch_npu/dynamo/torchair/inference/_cache_compiler.py:509: UserWarning: Skip cache as VisionPrefillStage.forward(prefix_hidden_states: 'torch.Tensor', rope_cos: 'torch.Tensor', rope_sin: 'torch.Tensor', attention_mask: 'torch.Tensor') -> 'torch.Tensor' recompiled, set torch._logging.set_logs(recompiles=True) for details
  warnings.warn(
/usr/local/python3.12.13/lib/python3.12/site-packages/torch_npu/dynamo/torchair/inference/_cache_compiler.py:509: UserWarning: Skip cache as VisionPrefillStage.forward(prefix_hidden_states: 'torch.Tensor', rope_cos: 'torch.Tensor', rope_sin: 'torch.Tensor', attention_mask: 'torch.Tensor') -> 'torch.Tensor' recompiled, set torch._logging.set_logs(recompiles=True) for details
  warnings.warn(
/usr/local/python3.12.13/lib/python3.12/site-packages/torch_npu/dynamo/torchair/inference/_cache_compiler.py:509: UserWarning: Skip cache as VisionPrefillStage.forward(prefix_hidden_states: 'torch.Tensor', rope_cos: 'torch.Tensor', rope_sin: 'torch.Tensor', attention_mask: 'torch.Tensor') -> 'torch.Tensor' recompiled, set torch._logging.set_logs(recompiles=True) for details
  warnings.warn(
/usr/local/python3.12.13/lib/python3.12/site-packages/torch_npu/dynamo/torchair/inference/_cache_compiler.py:509: UserWarning: Skip cache as VisionPrefillStage.forward(prefix_hidden_states: 'torch.Tensor', rope_cos: 'torch.Tensor', rope_sin: 'torch.Tensor', attention_mask: 'torch.Tensor') -> 'torch.Tensor' recompiled, set torch._logging.set_logs(recompiles=True) for details
  warnings.warn(
/usr/local/python3.12.13/lib/python3.12/site-packages/torch_npu/dynamo/torchair/inference/_cache_compiler.py:509: UserWarning: Skip cache as VisionPrefillStage.forward(prefix_hidden_states: 'torch.Tensor', rope_cos: 'torch.Tensor', rope_sin: 'torch.Tensor', attention_mask: 'torch.Tensor') -> 'torch.Tensor' recompiled, set torch._logging.set_logs(recompiles=True) for details
  warnings.warn(
/usr/local/python3.12.13/lib/python3.12/site-packages/torch_npu/dynamo/torchair/inference/_cache_compiler.py:509: UserWarning: Skip cache as VisionPrefillStage.forward(prefix_hidden_states: 'torch.Tensor', rope_cos: 'torch.Tensor', rope_sin: 'torch.Tensor', attention_mask: 'torch.Tensor') -> 'torch.Tensor' recompiled, set torch._logging.set_logs(recompiles=True) for details
  warnings.warn(
/usr/local/python3.12.13/lib/python3.12/site-packages/torch_npu/dynamo/torchair/inference/_cache_compiler.py:509: UserWarning: Skip cache as VisionPrefillStage.forward(prefix_hidden_states: 'torch.Tensor', rope_cos: 'torch.Tensor', rope_sin: 'torch.Tensor', attention_mask: 'torch.Tensor') -> 'torch.Tensor' recompiled, set torch._logging.set_logs(recompiles=True) for details
  warnings.warn(
/usr/local/python3.12.13/lib/python3.12/site-packages/torch_npu/dynamo/torchair/inference/_cache_compiler.py:509: UserWarning: Skip cache as VisionPrefillStage.forward(prefix_hidden_states: 'torch.Tensor', rope_cos: 'torch.Tensor', rope_sin: 'torch.Tensor', attention_mask: 'torch.Tensor') -> 'torch.Tensor' recompiled, set torch._logging.set_logs(recompiles=True) for details
  warnings.warn(
/usr/local/python3.12.13/lib/python3.12/site-packages/torch_npu/dynamo/torchair/inference/_cache_compiler.py:509: UserWarning: Skip cache as VisionPrefillStage.forward(prefix_hidden_states: 'torch.Tensor', rope_cos: 'torch.Tensor', rope_sin: 'torch.Tensor', attention_mask: 'torch.Tensor') -> 'torch.Tensor' recompiled, set torch._logging.set_logs(recompiles=True) for details
  warnings.warn(
/usr/local/python3.12.13/lib/python3.12/site-packages/torch_npu/dynamo/torchair/inference/_cache_compiler.py:509: UserWarning: Skip cache as VisionPrefillStage.forward(prefix_hidden_states: 'torch.Tensor', rope_cos: 'torch.Tensor', rope_sin: 'torch.Tensor', attention_mask: 'torch.Tensor') -> 'torch.Tensor' recompiled, set torch._logging.set_logs(recompiles=True) for details
  warnings.warn(
/usr/local/python3.12.13/lib/python3.12/site-packages/torch_npu/dynamo/torchair/inference/_cache_compiler.py:509: UserWarning: Skip cache as VisionPrefillStage.forward(prefix_hidden_states: 'torch.Tensor', rope_cos: 'torch.Tensor', rope_sin: 'torch.Tensor', attention_mask: 'torch.Tensor') -> 'torch.Tensor' recompiled, set torch._logging.set_logs(recompiles=True) for details
  warnings.warn(
/usr/local/python3.12.13/lib/python3.12/site-packages/torch_npu/dynamo/torchair/inference/_cache_compiler.py:509: UserWarning: Skip cache as VisionPrefillStage.forward(prefix_hidden_states: 'torch.Tensor', rope_cos: 'torch.Tensor', rope_sin: 'torch.Tensor', attention_mask: 'torch.Tensor') -> 'torch.Tensor' recompiled, set torch._logging.set_logs(recompiles=True) for details
  warnings.warn(
/usr/local/python3.12.13/lib/python3.12/site-packages/torch_npu/dynamo/torchair/inference/_cache_compiler.py:509: UserWarning: Skip cache as VisionPrefillStage.forward(prefix_hidden_states: 'torch.Tensor', rope_cos: 'torch.Tensor', rope_sin: 'torch.Tensor', attention_mask: 'torch.Tensor') -> 'torch.Tensor' recompiled, set torch._logging.set_logs(recompiles=True) for details
  warnings.warn(
/usr/local/python3.12.13/lib/python3.12/site-packages/torch_npu/dynamo/torchair/inference/_cache_compiler.py:509: UserWarning: Skip cache as VisionPrefillStage.forward(prefix_hidden_states: 'torch.Tensor', rope_cos: 'torch.Tensor', rope_sin: 'torch.Tensor', attention_mask: 'torch.Tensor') -> 'torch.Tensor' recompiled, set torch._logging.set_logs(recompiles=True) for details
  warnings.warn(
/usr/local/python3.12.13/lib/python3.12/site-packages/torch_npu/dynamo/torchair/inference/_cache_compiler.py:509: UserWarning: Skip cache as VisionPrefillStage.forward(prefix_hidden_states: 'torch.Tensor', rope_cos: 'torch.Tensor', rope_sin: 'torch.Tensor', attention_mask: 'torch.Tensor') -> 'torch.Tensor' recompiled, set torch._logging.set_logs(recompiles=True) for details
  warnings.warn(
/usr/local/python3.12.13/lib/python3.12/site-packages/torch_npu/dynamo/torchair/inference/_cache_compiler.py:509: UserWarning: Skip cache as VisionPrefillStage.forward(prefix_hidden_states: 'torch.Tensor', rope_cos: 'torch.Tensor', rope_sin: 'torch.Tensor', attention_mask: 'torch.Tensor') -> 'torch.Tensor' recompiled, set torch._logging.set_logs(recompiles=True) for details
  warnings.warn(
/usr/local/python3.12.13/lib/python3.12/site-packages/torch_npu/dynamo/torchair/inference/_cache_compiler.py:509: UserWarning: Skip cache as VisionPrefillStage.forward(prefix_hidden_states: 'torch.Tensor', rope_cos: 'torch.Tensor', rope_sin: 'torch.Tensor', attention_mask: 'torch.Tensor') -> 'torch.Tensor' recompiled, set torch._logging.set_logs(recompiles=True) for details
  warnings.warn(
/usr/local/python3.12.13/lib/python3.12/site-packages/torch_npu/dynamo/torchair/inference/_cache_compiler.py:509: UserWarning: Skip cache as VisionPrefillStage.forward(prefix_hidden_states: 'torch.Tensor', rope_cos: 'torch.Tensor', rope_sin: 'torch.Tensor', attention_mask: 'torch.Tensor') -> 'torch.Tensor' recompiled, set torch._logging.set_logs(recompiles=True) for details
  warnings.warn(
/usr/local/python3.12.13/lib/python3.12/site-packages/torch_npu/dynamo/torchair/inference/_cache_compiler.py:509: UserWarning: Skip cache as VisionPrefillStage.forward(prefix_hidden_states: 'torch.Tensor', rope_cos: 'torch.Tensor', rope_sin: 'torch.Tensor', attention_mask: 'torch.Tensor') -> 'torch.Tensor' recompiled, set torch._logging.set_logs(recompiles=True) for details
  warnings.warn(
/usr/local/python3.12.13/lib/python3.12/site-packages/torch_npu/dynamo/torchair/inference/_cache_compiler.py:509: UserWarning: Skip cache as VisionPrefillStage.forward(prefix_hidden_states: 'torch.Tensor', rope_cos: 'torch.Tensor', rope_sin: 'torch.Tensor', attention_mask: 'torch.Tensor') -> 'torch.Tensor' recompiled, set torch._logging.set_logs(recompiles=True) for details
  warnings.warn(
/usr/local/python3.12.13/lib/python3.12/site-packages/torch_npu/dynamo/torchair/inference/_cache_compiler.py:509: UserWarning: Skip cache as VisionPrefillStage.forward(prefix_hidden_states: 'torch.Tensor', rope_cos: 'torch.Tensor', rope_sin: 'torch.Tensor', attention_mask: 'torch.Tensor') -> 'torch.Tensor' recompiled, set torch._logging.set_logs(recompiles=True) for details
  warnings.warn(
/usr/local/python3.12.13/lib/python3.12/site-packages/torch_npu/dynamo/torchair/inference/_cache_compiler.py:509: UserWarning: Skip cache as VisionPrefillStage.forward(prefix_hidden_states: 'torch.Tensor', rope_cos: 'torch.Tensor', rope_sin: 'torch.Tensor', attention_mask: 'torch.Tensor') -> 'torch.Tensor' recompiled, set torch._logging.set_logs(recompiles=True) for details
  warnings.warn(
/usr/local/python3.12.13/lib/python3.12/site-packages/torch_npu/dynamo/torchair/inference/_cache_compiler.py:509: UserWarning: Skip cache as VisionPrefillStage.forward(prefix_hidden_states: 'torch.Tensor', rope_cos: 'torch.Tensor', rope_sin: 'torch.Tensor', attention_mask: 'torch.Tensor') -> 'torch.Tensor' recompiled, set torch._logging.set_logs(recompiles=True) for details
  warnings.warn(
/usr/local/python3.12.13/lib/python3.12/site-packages/torch_npu/dynamo/torchair/inference/_cache_compiler.py:509: UserWarning: Skip cache as VisionPrefillStage.forward(prefix_hidden_states: 'torch.Tensor', rope_cos: 'torch.Tensor', rope_sin: 'torch.Tensor', attention_mask: 'torch.Tensor') -> 'torch.Tensor' recompiled, set torch._logging.set_logs(recompiles=True) for details
  warnings.warn(
/usr/local/python3.12.13/lib/python3.12/site-packages/torch_npu/dynamo/torchair/inference/_cache_compiler.py:509: UserWarning: Skip cache as VisionPrefillStage.forward(prefix_hidden_states: 'torch.Tensor', rope_cos: 'torch.Tensor', rope_sin: 'torch.Tensor', attention_mask: 'torch.Tensor') -> 'torch.Tensor' recompiled, set torch._logging.set_logs(recompiles=True) for details
  warnings.warn(
/usr/local/python3.12.13/lib/python3.12/site-packages/torch_npu/dynamo/torchair/inference/_cache_compiler.py:509: UserWarning: Skip cache as VisionPrefillStage.forward(prefix_hidden_states: 'torch.Tensor', rope_cos: 'torch.Tensor', rope_sin: 'torch.Tensor', attention_mask: 'torch.Tensor') -> 'torch.Tensor' recompiled, set torch._logging.set_logs(recompiles=True) for details
  warnings.warn(
/usr/local/python3.12.13/lib/python3.12/site-packages/torch_npu/dynamo/torchair/inference/_cache_compiler.py:509: UserWarning: Skip cache as VisionPrefillStage.forward(prefix_hidden_states: 'torch.Tensor', rope_cos: 'torch.Tensor', rope_sin: 'torch.Tensor', attention_mask: 'torch.Tensor') -> 'torch.Tensor' recompiled, set torch._logging.set_logs(recompiles=True) for details
  warnings.warn(
/usr/local/python3.12.13/lib/python3.12/site-packages/torch_npu/dynamo/torchair/inference/_cache_compiler.py:509: UserWarning: Skip cache as VisionPrefillStage.forward(prefix_hidden_states: 'torch.Tensor', rope_cos: 'torch.Tensor', rope_sin: 'torch.Tensor', attention_mask: 'torch.Tensor') -> 'torch.Tensor' recompiled, set torch._logging.set_logs(recompiles=True) for details
  warnings.warn(
/usr/local/python3.12.13/lib/python3.12/site-packages/torch_npu/dynamo/torchair/inference/_cache_compiler.py:509: UserWarning: Skip cache as VisionPrefillStage.forward(prefix_hidden_states: 'torch.Tensor', rope_cos: 'torch.Tensor', rope_sin: 'torch.Tensor', attention_mask: 'torch.Tensor') -> 'torch.Tensor' recompiled, set torch._logging.set_logs(recompiles=True) for details
  warnings.warn(
/usr/local/python3.12.13/lib/python3.12/site-packages/torch_npu/dynamo/torchair/inference/_cache_compiler.py:509: UserWarning: Skip cache as VisionPrefillStage.forward(prefix_hidden_states: 'torch.Tensor', rope_cos: 'torch.Tensor', rope_sin: 'torch.Tensor', attention_mask: 'torch.Tensor') -> 'torch.Tensor' recompiled, set torch._logging.set_logs(recompiles=True) for details
  warnings.warn(
/usr/local/python3.12.13/lib/python3.12/site-packages/torch_npu/dynamo/torchair/inference/_cache_compiler.py:509: UserWarning: Skip cache as VisionPrefillStage.forward(prefix_hidden_states: 'torch.Tensor', rope_cos: 'torch.Tensor', rope_sin: 'torch.Tensor', attention_mask: 'torch.Tensor') -> 'torch.Tensor' recompiled, set torch._logging.set_logs(recompiles=True) for details
  warnings.warn(
/usr/local/python3.12.13/lib/python3.12/site-packages/torch_npu/dynamo/torchair/inference/_cache_compiler.py:509: UserWarning: Skip cache as VisionPrefillStage.forward(prefix_hidden_states: 'torch.Tensor', rope_cos: 'torch.Tensor', rope_sin: 'torch.Tensor', attention_mask: 'torch.Tensor') -> 'torch.Tensor' recompiled, set torch._logging.set_logs(recompiles=True) for details
  warnings.warn(
/usr/local/python3.12.13/lib/python3.12/site-packages/torch_npu/dynamo/torchair/inference/_cache_compiler.py:509: UserWarning: Skip cache as VisionPrefillStage.forward(prefix_hidden_states: 'torch.Tensor', rope_cos: 'torch.Tensor', rope_sin: 'torch.Tensor', attention_mask: 'torch.Tensor') -> 'torch.Tensor' recompiled, set torch._logging.set_logs(recompiles=True) for details
  warnings.warn(
/usr/local/python3.12.13/lib/python3.12/site-packages/torch_npu/dynamo/torchair/inference/_cache_compiler.py:509: UserWarning: Skip cache as VisionPrefillStage.forward(prefix_hidden_states: 'torch.Tensor', rope_cos: 'torch.Tensor', rope_sin: 'torch.Tensor', attention_mask: 'torch.Tensor') -> 'torch.Tensor' recompiled, set torch._logging.set_logs(recompiles=True) for details
  warnings.warn(
/usr/local/python3.12.13/lib/python3.12/site-packages/torch_npu/dynamo/torchair/inference/_cache_compiler.py:509: UserWarning: Skip cache as VisionPrefillStage.forward(prefix_hidden_states: 'torch.Tensor', rope_cos: 'torch.Tensor', rope_sin: 'torch.Tensor', attention_mask: 'torch.Tensor') -> 'torch.Tensor' recompiled, set torch._logging.set_logs(recompiles=True) for details
  warnings.warn(
/usr/local/python3.12.13/lib/python3.12/site-packages/torch_npu/dynamo/torchair/inference/_cache_compiler.py:509: UserWarning: Skip cache as VisionPrefillStage.forward(prefix_hidden_states: 'torch.Tensor', rope_cos: 'torch.Tensor', rope_sin: 'torch.Tensor', attention_mask: 'torch.Tensor') -> 'torch.Tensor' recompiled, set torch._logging.set_logs(recompiles=True) for details
  warnings.warn(
/usr/local/python3.12.13/lib/python3.12/site-packages/torch_npu/dynamo/torchair/inference/_cache_compiler.py:509: UserWarning: Skip cache as VisionPrefillStage.forward(prefix_hidden_states: 'torch.Tensor', rope_cos: 'torch.Tensor', rope_sin: 'torch.Tensor', attention_mask: 'torch.Tensor') -> 'torch.Tensor' recompiled, set torch._logging.set_logs(recompiles=True) for details
  warnings.warn(
/usr/local/python3.12.13/lib/python3.12/site-packages/torch_npu/dynamo/torchair/inference/_cache_compiler.py:509: UserWarning: Skip cache as VisionPrefillStage.forward(prefix_hidden_states: 'torch.Tensor', rope_cos: 'torch.Tensor', rope_sin: 'torch.Tensor', attention_mask: 'torch.Tensor') -> 'torch.Tensor' recompiled, set torch._logging.set_logs(recompiles=True) for details
  warnings.warn(
/usr/local/python3.12.13/lib/python3.12/site-packages/torch_npu/dynamo/torchair/inference/_cache_compiler.py:509: UserWarning: Skip cache as VisionPrefillStage.forward(prefix_hidden_states: 'torch.Tensor', rope_cos: 'torch.Tensor', rope_sin: 'torch.Tensor', attention_mask: 'torch.Tensor') -> 'torch.Tensor' recompiled, set torch._logging.set_logs(recompiles=True) for details
  warnings.warn(
/usr/local/python3.12.13/lib/python3.12/site-packages/torch_npu/dynamo/torchair/inference/_cache_compiler.py:509: UserWarning: Skip cache as VisionPrefillStage.forward(prefix_hidden_states: 'torch.Tensor', rope_cos: 'torch.Tensor', rope_sin: 'torch.Tensor', attention_mask: 'torch.Tensor') -> 'torch.Tensor' recompiled, set torch._logging.set_logs(recompiles=True) for details
  warnings.warn(
/usr/local/python3.12.13/lib/python3.12/site-packages/torch_npu/dynamo/torchair/inference/_cache_compiler.py:509: UserWarning: Skip cache as VisionPrefillStage.forward(prefix_hidden_states: 'torch.Tensor', rope_cos: 'torch.Tensor', rope_sin: 'torch.Tensor', attention_mask: 'torch.Tensor') -> 'torch.Tensor' recompiled, set torch._logging.set_logs(recompiles=True) for details
  warnings.warn(
/usr/local/python3.12.13/lib/python3.12/site-packages/torch_npu/dynamo/torchair/inference/_cache_compiler.py:509: UserWarning: Skip cache as VisionPrefillStage.forward(prefix_hidden_states: 'torch.Tensor', rope_cos: 'torch.Tensor', rope_sin: 'torch.Tensor', attention_mask: 'torch.Tensor') -> 'torch.Tensor' recompiled, set torch._logging.set_logs(recompiles=True) for details
  warnings.warn(
/usr/local/python3.12.13/lib/python3.12/site-packages/torch_npu/dynamo/torchair/inference/_cache_compiler.py:509: UserWarning: Skip cache as VisionPrefillStage.forward(prefix_hidden_states: 'torch.Tensor', rope_cos: 'torch.Tensor', rope_sin: 'torch.Tensor', attention_mask: 'torch.Tensor') -> 'torch.Tensor' recompiled, set torch._logging.set_logs(recompiles=True) for details
  warnings.warn(
/usr/local/python3.12.13/lib/python3.12/site-packages/torch_npu/dynamo/torchair/inference/_cache_compiler.py:509: UserWarning: Skip cache as VisionPrefillStage.forward(prefix_hidden_states: 'torch.Tensor', rope_cos: 'torch.Tensor', rope_sin: 'torch.Tensor', attention_mask: 'torch.Tensor') -> 'torch.Tensor' recompiled, set torch._logging.set_logs(recompiles=True) for details
  warnings.warn(
/usr/local/python3.12.13/lib/python3.12/site-packages/torch_npu/dynamo/torchair/inference/_cache_compiler.py:509: UserWarning: Skip cache as VisionPrefillStage.forward(prefix_hidden_states: 'torch.Tensor', rope_cos: 'torch.Tensor', rope_sin: 'torch.Tensor', attention_mask: 'torch.Tensor') -> 'torch.Tensor' recompiled, set torch._logging.set_logs(recompiles=True) for details
  warnings.warn(
/usr/local/python3.12.13/lib/python3.12/site-packages/torch_npu/dynamo/torchair/inference/_cache_compiler.py:509: UserWarning: Skip cache as VisionPrefillStage.forward(prefix_hidden_states: 'torch.Tensor', rope_cos: 'torch.Tensor', rope_sin: 'torch.Tensor', attention_mask: 'torch.Tensor') -> 'torch.Tensor' recompiled, set torch._logging.set_logs(recompiles=True) for details
  warnings.warn(
/usr/local/python3.12.13/lib/python3.12/site-packages/torch_npu/dynamo/torchair/inference/_cache_compiler.py:509: UserWarning: Skip cache as VisionPrefillStage.forward(prefix_hidden_states: 'torch.Tensor', rope_cos: 'torch.Tensor', rope_sin: 'torch.Tensor', attention_mask: 'torch.Tensor') -> 'torch.Tensor' recompiled, set torch._logging.set_logs(recompiles=True) for details
  warnings.warn(
/usr/local/python3.12.13/lib/python3.12/site-packages/torch_npu/dynamo/torchair/inference/_cache_compiler.py:509: UserWarning: Skip cache as VisionPrefillStage.forward(prefix_hidden_states: 'torch.Tensor', rope_cos: 'torch.Tensor', rope_sin: 'torch.Tensor', attention_mask: 'torch.Tensor') -> 'torch.Tensor' recompiled, set torch._logging.set_logs(recompiles=True) for details
  warnings.warn(
/usr/local/python3.12.13/lib/python3.12/site-packages/torch_npu/dynamo/torchair/inference/_cache_compiler.py:509: UserWarning: Skip cache as VisionPrefillStage.forward(prefix_hidden_states: 'torch.Tensor', rope_cos: 'torch.Tensor', rope_sin: 'torch.Tensor', attention_mask: 'torch.Tensor') -> 'torch.Tensor' recompiled, set torch._logging.set_logs(recompiles=True) for details
  warnings.warn(
/usr/local/python3.12.13/lib/python3.12/site-packages/torch_npu/dynamo/torchair/inference/_cache_compiler.py:509: UserWarning: Skip cache as VisionPrefillStage.forward(prefix_hidden_states: 'torch.Tensor', rope_cos: 'torch.Tensor', rope_sin: 'torch.Tensor', attention_mask: 'torch.Tensor') -> 'torch.Tensor' recompiled, set torch._logging.set_logs(recompiles=True) for details
  warnings.warn(
/usr/local/python3.12.13/lib/python3.12/site-packages/torch_npu/dynamo/torchair/inference/_cache_compiler.py:509: UserWarning: Skip cache as VisionPrefillStage.forward(prefix_hidden_states: 'torch.Tensor', rope_cos: 'torch.Tensor', rope_sin: 'torch.Tensor', attention_mask: 'torch.Tensor') -> 'torch.Tensor' recompiled, set torch._logging.set_logs(recompiles=True) for details
  warnings.warn(
/usr/local/python3.12.13/lib/python3.12/site-packages/torch_npu/dynamo/torchair/inference/_cache_compiler.py:509: UserWarning: Skip cache as VisionPrefillStage.forward(prefix_hidden_states: 'torch.Tensor', rope_cos: 'torch.Tensor', rope_sin: 'torch.Tensor', attention_mask: 'torch.Tensor') -> 'torch.Tensor' recompiled, set torch._logging.set_logs(recompiles=True) for details
  warnings.warn(
/usr/local/python3.12.13/lib/python3.12/site-packages/torch_npu/dynamo/torchair/inference/_cache_compiler.py:509: UserWarning: Skip cache as VisionPrefillStage.forward(prefix_hidden_states: 'torch.Tensor', rope_cos: 'torch.Tensor', rope_sin: 'torch.Tensor', attention_mask: 'torch.Tensor') -> 'torch.Tensor' recompiled, set torch._logging.set_logs(recompiles=True) for details
  warnings.warn(
/usr/local/python3.12.13/lib/python3.12/site-packages/torch_npu/dynamo/torchair/inference/_cache_compiler.py:509: UserWarning: Skip cache as VisionPrefillStage.forward(prefix_hidden_states: 'torch.Tensor', rope_cos: 'torch.Tensor', rope_sin: 'torch.Tensor', attention_mask: 'torch.Tensor') -> 'torch.Tensor' recompiled, set torch._logging.set_logs(recompiles=True) for details
  warnings.warn(
/usr/local/python3.12.13/lib/python3.12/site-packages/torch_npu/dynamo/torchair/inference/_cache_compiler.py:509: UserWarning: Skip cache as VisionPrefillStage.forward(prefix_hidden_states: 'torch.Tensor', rope_cos: 'torch.Tensor', rope_sin: 'torch.Tensor', attention_mask: 'torch.Tensor') -> 'torch.Tensor' recompiled, set torch._logging.set_logs(recompiles=True) for details
  warnings.warn(
/usr/local/python3.12.13/lib/python3.12/site-packages/torch_npu/dynamo/torchair/inference/_cache_compiler.py:509: UserWarning: Skip cache as VisionPrefillStage.forward(prefix_hidden_states: 'torch.Tensor', rope_cos: 'torch.Tensor', rope_sin: 'torch.Tensor', attention_mask: 'torch.Tensor') -> 'torch.Tensor' recompiled, set torch._logging.set_logs(recompiles=True) for details
  warnings.warn(
/usr/local/python3.12.13/lib/python3.12/site-packages/torch_npu/dynamo/torchair/inference/_cache_compiler.py:509: UserWarning: Skip cache as VisionPrefillStage.forward(prefix_hidden_states: 'torch.Tensor', rope_cos: 'torch.Tensor', rope_sin: 'torch.Tensor', attention_mask: 'torch.Tensor') -> 'torch.Tensor' recompiled, set torch._logging.set_logs(recompiles=True) for details
  warnings.warn(
/usr/local/python3.12.13/lib/python3.12/site-packages/torch_npu/dynamo/torchair/inference/_cache_compiler.py:509: UserWarning: Skip cache as VisionPrefillStage.forward(prefix_hidden_states: 'torch.Tensor', rope_cos: 'torch.Tensor', rope_sin: 'torch.Tensor', attention_mask: 'torch.Tensor') -> 'torch.Tensor' recompiled, set torch._logging.set_logs(recompiles=True) for details
  warnings.warn(
/usr/local/python3.12.13/lib/python3.12/site-packages/torch_npu/dynamo/torchair/inference/_cache_compiler.py:509: UserWarning: Skip cache as VisionPrefillStage.forward(prefix_hidden_states: 'torch.Tensor', rope_cos: 'torch.Tensor', rope_sin: 'torch.Tensor', attention_mask: 'torch.Tensor') -> 'torch.Tensor' recompiled, set torch._logging.set_logs(recompiles=True) for details
  warnings.warn(
/usr/local/python3.12.13/lib/python3.12/site-packages/torch_npu/dynamo/torchair/inference/_cache_compiler.py:509: UserWarning: Skip cache as VisionPrefillStage.forward(prefix_hidden_states: 'torch.Tensor', rope_cos: 'torch.Tensor', rope_sin: 'torch.Tensor', attention_mask: 'torch.Tensor') -> 'torch.Tensor' recompiled, set torch._logging.set_logs(recompiles=True) for details
  warnings.warn(
/usr/local/python3.12.13/lib/python3.12/site-packages/torch_npu/dynamo/torchair/inference/_cache_compiler.py:509: UserWarning: Skip cache as VisionPrefillStage.forward(prefix_hidden_states: 'torch.Tensor', rope_cos: 'torch.Tensor', rope_sin: 'torch.Tensor', attention_mask: 'torch.Tensor') -> 'torch.Tensor' recompiled, set torch._logging.set_logs(recompiles=True) for details
  warnings.warn(
/usr/local/python3.12.13/lib/python3.12/site-packages/torch_npu/dynamo/torchair/inference/_cache_compiler.py:509: UserWarning: Skip cache as VisionPrefillStage.forward(prefix_hidden_states: 'torch.Tensor', rope_cos: 'torch.Tensor', rope_sin: 'torch.Tensor', attention_mask: 'torch.Tensor') -> 'torch.Tensor' recompiled, set torch._logging.set_logs(recompiles=True) for details
  warnings.warn(
benchmark=default:b2_s1024
/usr/local/python3.12.13/lib/python3.12/site-packages/torch_npu/dynamo/torchair/inference/_cache_compiler.py:509: UserWarning: Skip cache as VisionPrefillStage.forward(prefix_hidden_states: 'torch.Tensor', rope_cos: 'torch.Tensor', rope_sin: 'torch.Tensor', attention_mask: 'torch.Tensor') -> 'torch.Tensor' recompiled, set torch._logging.set_logs(recompiles=True) for details
  warnings.warn(
/usr/local/python3.12.13/lib/python3.12/site-packages/torch_npu/dynamo/torchair/inference/_cache_compiler.py:509: UserWarning: Skip cache as VisionPrefillStage.forward(prefix_hidden_states: 'torch.Tensor', rope_cos: 'torch.Tensor', rope_sin: 'torch.Tensor', attention_mask: 'torch.Tensor') -> 'torch.Tensor' recompiled, set torch._logging.set_logs(recompiles=True) for details
  warnings.warn(
/usr/local/python3.12.13/lib/python3.12/site-packages/torch_npu/dynamo/torchair/inference/_cache_compiler.py:509: UserWarning: Skip cache as VisionPrefillStage.forward(prefix_hidden_states: 'torch.Tensor', rope_cos: 'torch.Tensor', rope_sin: 'torch.Tensor', attention_mask: 'torch.Tensor') -> 'torch.Tensor' recompiled, set torch._logging.set_logs(recompiles=True) for details
  warnings.warn(
/usr/local/python3.12.13/lib/python3.12/site-packages/torch_npu/dynamo/torchair/inference/_cache_compiler.py:509: UserWarning: Skip cache as VisionPrefillStage.forward(prefix_hidden_states: 'torch.Tensor', rope_cos: 'torch.Tensor', rope_sin: 'torch.Tensor', attention_mask: 'torch.Tensor') -> 'torch.Tensor' recompiled, set torch._logging.set_logs(recompiles=True) for details
  warnings.warn(
/usr/local/python3.12.13/lib/python3.12/site-packages/torch_npu/dynamo/torchair/inference/_cache_compiler.py:509: UserWarning: Skip cache as VisionPrefillStage.forward(prefix_hidden_states: 'torch.Tensor', rope_cos: 'torch.Tensor', rope_sin: 'torch.Tensor', attention_mask: 'torch.Tensor') -> 'torch.Tensor' recompiled, set torch._logging.set_logs(recompiles=True) for details
  warnings.warn(
/usr/local/python3.12.13/lib/python3.12/site-packages/torch_npu/dynamo/torchair/inference/_cache_compiler.py:509: UserWarning: Skip cache as VisionPrefillStage.forward(prefix_hidden_states: 'torch.Tensor', rope_cos: 'torch.Tensor', rope_sin: 'torch.Tensor', attention_mask: 'torch.Tensor') -> 'torch.Tensor' recompiled, set torch._logging.set_logs(recompiles=True) for details
  warnings.warn(
/usr/local/python3.12.13/lib/python3.12/site-packages/torch_npu/dynamo/torchair/inference/_cache_compiler.py:509: UserWarning: Skip cache as VisionPrefillStage.forward(prefix_hidden_states: 'torch.Tensor', rope_cos: 'torch.Tensor', rope_sin: 'torch.Tensor', attention_mask: 'torch.Tensor') -> 'torch.Tensor' recompiled, set torch._logging.set_logs(recompiles=True) for details
  warnings.warn(
/usr/local/python3.12.13/lib/python3.12/site-packages/torch_npu/dynamo/torchair/inference/_cache_compiler.py:509: UserWarning: Skip cache as VisionPrefillStage.forward(prefix_hidden_states: 'torch.Tensor', rope_cos: 'torch.Tensor', rope_sin: 'torch.Tensor', attention_mask: 'torch.Tensor') -> 'torch.Tensor' recompiled, set torch._logging.set_logs(recompiles=True) for details
  warnings.warn(
/usr/local/python3.12.13/lib/python3.12/site-packages/torch_npu/dynamo/torchair/inference/_cache_compiler.py:509: UserWarning: Skip cache as VisionPrefillStage.forward(prefix_hidden_states: 'torch.Tensor', rope_cos: 'torch.Tensor', rope_sin: 'torch.Tensor', attention_mask: 'torch.Tensor') -> 'torch.Tensor' recompiled, set torch._logging.set_logs(recompiles=True) for details
  warnings.warn(
/usr/local/python3.12.13/lib/python3.12/site-packages/torch_npu/dynamo/torchair/inference/_cache_compiler.py:509: UserWarning: Skip cache as VisionPrefillStage.forward(prefix_hidden_states: 'torch.Tensor', rope_cos: 'torch.Tensor', rope_sin: 'torch.Tensor', attention_mask: 'torch.Tensor') -> 'torch.Tensor' recompiled, set torch._logging.set_logs(recompiles=True) for details
  warnings.warn(
/usr/local/python3.12.13/lib/python3.12/site-packages/torch_npu/dynamo/torchair/inference/_cache_compiler.py:509: UserWarning: Skip cache as VisionPrefillStage.forward(prefix_hidden_states: 'torch.Tensor', rope_cos: 'torch.Tensor', rope_sin: 'torch.Tensor', attention_mask: 'torch.Tensor') -> 'torch.Tensor' recompiled, set torch._logging.set_logs(recompiles=True) for details
  warnings.warn(
/usr/local/python3.12.13/lib/python3.12/site-packages/torch_npu/dynamo/torchair/inference/_cache_compiler.py:509: UserWarning: Skip cache as VisionPrefillStage.forward(prefix_hidden_states: 'torch.Tensor', rope_cos: 'torch.Tensor', rope_sin: 'torch.Tensor', attention_mask: 'torch.Tensor') -> 'torch.Tensor' recompiled, set torch._logging.set_logs(recompiles=True) for details
  warnings.warn(
/usr/local/python3.12.13/lib/python3.12/site-packages/torch_npu/dynamo/torchair/inference/_cache_compiler.py:509: UserWarning: Skip cache as VisionPrefillStage.forward(prefix_hidden_states: 'torch.Tensor', rope_cos: 'torch.Tensor', rope_sin: 'torch.Tensor', attention_mask: 'torch.Tensor') -> 'torch.Tensor' recompiled, set torch._logging.set_logs(recompiles=True) for details
  warnings.warn(
/usr/local/python3.12.13/lib/python3.12/site-packages/torch_npu/dynamo/torchair/inference/_cache_compiler.py:509: UserWarning: Skip cache as VisionPrefillStage.forward(prefix_hidden_states: 'torch.Tensor', rope_cos: 'torch.Tensor', rope_sin: 'torch.Tensor', attention_mask: 'torch.Tensor') -> 'torch.Tensor' recompiled, set torch._logging.set_logs(recompiles=True) for details
  warnings.warn(
/usr/local/python3.12.13/lib/python3.12/site-packages/torch_npu/dynamo/torchair/inference/_cache_compiler.py:509: UserWarning: Skip cache as VisionPrefillStage.forward(prefix_hidden_states: 'torch.Tensor', rope_cos: 'torch.Tensor', rope_sin: 'torch.Tensor', attention_mask: 'torch.Tensor') -> 'torch.Tensor' recompiled, set torch._logging.set_logs(recompiles=True) for details
  warnings.warn(
/usr/local/python3.12.13/lib/python3.12/site-packages/torch_npu/dynamo/torchair/inference/_cache_compiler.py:509: UserWarning: Skip cache as VisionPrefillStage.forward(prefix_hidden_states: 'torch.Tensor', rope_cos: 'torch.Tensor', rope_sin: 'torch.Tensor', attention_mask: 'torch.Tensor') -> 'torch.Tensor' recompiled, set torch._logging.set_logs(recompiles=True) for details
  warnings.warn(
/usr/local/python3.12.13/lib/python3.12/site-packages/torch_npu/dynamo/torchair/inference/_cache_compiler.py:509: UserWarning: Skip cache as VisionPrefillStage.forward(prefix_hidden_states: 'torch.Tensor', rope_cos: 'torch.Tensor', rope_sin: 'torch.Tensor', attention_mask: 'torch.Tensor') -> 'torch.Tensor' recompiled, set torch._logging.set_logs(recompiles=True) for details
  warnings.warn(
/usr/local/python3.12.13/lib/python3.12/site-packages/torch_npu/dynamo/torchair/inference/_cache_compiler.py:509: UserWarning: Skip cache as VisionPrefillStage.forward(prefix_hidden_states: 'torch.Tensor', rope_cos: 'torch.Tensor', rope_sin: 'torch.Tensor', attention_mask: 'torch.Tensor') -> 'torch.Tensor' recompiled, set torch._logging.set_logs(recompiles=True) for details
  warnings.warn(
/usr/local/python3.12.13/lib/python3.12/site-packages/torch_npu/dynamo/torchair/inference/_cache_compiler.py:509: UserWarning: Skip cache as VisionPrefillStage.forward(prefix_hidden_states: 'torch.Tensor', rope_cos: 'torch.Tensor', rope_sin: 'torch.Tensor', attention_mask: 'torch.Tensor') -> 'torch.Tensor' recompiled, set torch._logging.set_logs(recompiles=True) for details
  warnings.warn(
/usr/local/python3.12.13/lib/python3.12/site-packages/torch_npu/dynamo/torchair/inference/_cache_compiler.py:509: UserWarning: Skip cache as VisionPrefillStage.forward(prefix_hidden_states: 'torch.Tensor', rope_cos: 'torch.Tensor', rope_sin: 'torch.Tensor', attention_mask: 'torch.Tensor') -> 'torch.Tensor' recompiled, set torch._logging.set_logs(recompiles=True) for details
  warnings.warn(
/usr/local/python3.12.13/lib/python3.12/site-packages/torch_npu/dynamo/torchair/inference/_cache_compiler.py:509: UserWarning: Skip cache as VisionPrefillStage.forward(prefix_hidden_states: 'torch.Tensor', rope_cos: 'torch.Tensor', rope_sin: 'torch.Tensor', attention_mask: 'torch.Tensor') -> 'torch.Tensor' recompiled, set torch._logging.set_logs(recompiles=True) for details
  warnings.warn(
/usr/local/python3.12.13/lib/python3.12/site-packages/torch_npu/dynamo/torchair/inference/_cache_compiler.py:509: UserWarning: Skip cache as VisionPrefillStage.forward(prefix_hidden_states: 'torch.Tensor', rope_cos: 'torch.Tensor', rope_sin: 'torch.Tensor', attention_mask: 'torch.Tensor') -> 'torch.Tensor' recompiled, set torch._logging.set_logs(recompiles=True) for details
  warnings.warn(
/usr/local/python3.12.13/lib/python3.12/site-packages/torch_npu/dynamo/torchair/inference/_cache_compiler.py:509: UserWarning: Skip cache as VisionPrefillStage.forward(prefix_hidden_states: 'torch.Tensor', rope_cos: 'torch.Tensor', rope_sin: 'torch.Tensor', attention_mask: 'torch.Tensor') -> 'torch.Tensor' recompiled, set torch._logging.set_logs(recompiles=True) for details
  warnings.warn(
/usr/local/python3.12.13/lib/python3.12/site-packages/torch_npu/dynamo/torchair/inference/_cache_compiler.py:509: UserWarning: Skip cache as VisionPrefillStage.forward(prefix_hidden_states: 'torch.Tensor', rope_cos: 'torch.Tensor', rope_sin: 'torch.Tensor', attention_mask: 'torch.Tensor') -> 'torch.Tensor' recompiled, set torch._logging.set_logs(recompiles=True) for details
  warnings.warn(
/usr/local/python3.12.13/lib/python3.12/site-packages/torch_npu/dynamo/torchair/inference/_cache_compiler.py:509: UserWarning: Skip cache as VisionPrefillStage.forward(prefix_hidden_states: 'torch.Tensor', rope_cos: 'torch.Tensor', rope_sin: 'torch.Tensor', attention_mask: 'torch.Tensor') -> 'torch.Tensor' recompiled, set torch._logging.set_logs(recompiles=True) for details
  warnings.warn(
/usr/local/python3.12.13/lib/python3.12/site-packages/torch_npu/dynamo/torchair/inference/_cache_compiler.py:509: UserWarning: Skip cache as VisionPrefillStage.forward(prefix_hidden_states: 'torch.Tensor', rope_cos: 'torch.Tensor', rope_sin: 'torch.Tensor', attention_mask: 'torch.Tensor') -> 'torch.Tensor' recompiled, set torch._logging.set_logs(recompiles=True) for details
  warnings.warn(
/usr/local/python3.12.13/lib/python3.12/site-packages/torch_npu/dynamo/torchair/inference/_cache_compiler.py:509: UserWarning: Skip cache as VisionPrefillStage.forward(prefix_hidden_states: 'torch.Tensor', rope_cos: 'torch.Tensor', rope_sin: 'torch.Tensor', attention_mask: 'torch.Tensor') -> 'torch.Tensor' recompiled, set torch._logging.set_logs(recompiles=True) for details
  warnings.warn(
/usr/local/python3.12.13/lib/python3.12/site-packages/torch_npu/dynamo/torchair/inference/_cache_compiler.py:509: UserWarning: Skip cache as VisionPrefillStage.forward(prefix_hidden_states: 'torch.Tensor', rope_cos: 'torch.Tensor', rope_sin: 'torch.Tensor', attention_mask: 'torch.Tensor') -> 'torch.Tensor' recompiled, set torch._logging.set_logs(recompiles=True) for details
  warnings.warn(
/usr/local/python3.12.13/lib/python3.12/site-packages/torch_npu/dynamo/torchair/inference/_cache_compiler.py:509: UserWarning: Skip cache as VisionPrefillStage.forward(prefix_hidden_states: 'torch.Tensor', rope_cos: 'torch.Tensor', rope_sin: 'torch.Tensor', attention_mask: 'torch.Tensor') -> 'torch.Tensor' recompiled, set torch._logging.set_logs(recompiles=True) for details
  warnings.warn(
/usr/local/python3.12.13/lib/python3.12/site-packages/torch_npu/dynamo/torchair/inference/_cache_compiler.py:509: UserWarning: Skip cache as VisionPrefillStage.forward(prefix_hidden_states: 'torch.Tensor', rope_cos: 'torch.Tensor', rope_sin: 'torch.Tensor', attention_mask: 'torch.Tensor') -> 'torch.Tensor' recompiled, set torch._logging.set_logs(recompiles=True) for details
  warnings.warn(
/usr/local/python3.12.13/lib/python3.12/site-packages/torch_npu/dynamo/torchair/inference/_cache_compiler.py:509: UserWarning: Skip cache as VisionPrefillStage.forward(prefix_hidden_states: 'torch.Tensor', rope_cos: 'torch.Tensor', rope_sin: 'torch.Tensor', attention_mask: 'torch.Tensor') -> 'torch.Tensor' recompiled, set torch._logging.set_logs(recompiles=True) for details
  warnings.warn(
/usr/local/python3.12.13/lib/python3.12/site-packages/torch_npu/dynamo/torchair/inference/_cache_compiler.py:509: UserWarning: Skip cache as VisionPrefillStage.forward(prefix_hidden_states: 'torch.Tensor', rope_cos: 'torch.Tensor', rope_sin: 'torch.Tensor', attention_mask: 'torch.Tensor') -> 'torch.Tensor' recompiled, set torch._logging.set_logs(recompiles=True) for details
  warnings.warn(
/usr/local/python3.12.13/lib/python3.12/site-packages/torch_npu/dynamo/torchair/inference/_cache_compiler.py:509: UserWarning: Skip cache as VisionPrefillStage.forward(prefix_hidden_states: 'torch.Tensor', rope_cos: 'torch.Tensor', rope_sin: 'torch.Tensor', attention_mask: 'torch.Tensor') -> 'torch.Tensor' recompiled, set torch._logging.set_logs(recompiles=True) for details
  warnings.warn(
/usr/local/python3.12.13/lib/python3.12/site-packages/torch_npu/dynamo/torchair/inference/_cache_compiler.py:509: UserWarning: Skip cache as VisionPrefillStage.forward(prefix_hidden_states: 'torch.Tensor', rope_cos: 'torch.Tensor', rope_sin: 'torch.Tensor', attention_mask: 'torch.Tensor') -> 'torch.Tensor' recompiled, set torch._logging.set_logs(recompiles=True) for details
  warnings.warn(
/usr/local/python3.12.13/lib/python3.12/site-packages/torch_npu/dynamo/torchair/inference/_cache_compiler.py:509: UserWarning: Skip cache as VisionPrefillStage.forward(prefix_hidden_states: 'torch.Tensor', rope_cos: 'torch.Tensor', rope_sin: 'torch.Tensor', attention_mask: 'torch.Tensor') -> 'torch.Tensor' recompiled, set torch._logging.set_logs(recompiles=True) for details
  warnings.warn(
/usr/local/python3.12.13/lib/python3.12/site-packages/torch_npu/dynamo/torchair/inference/_cache_compiler.py:509: UserWarning: Skip cache as VisionPrefillStage.forward(prefix_hidden_states: 'torch.Tensor', rope_cos: 'torch.Tensor', rope_sin: 'torch.Tensor', attention_mask: 'torch.Tensor') -> 'torch.Tensor' recompiled, set torch._logging.set_logs(recompiles=True) for details
  warnings.warn(
/usr/local/python3.12.13/lib/python3.12/site-packages/torch_npu/dynamo/torchair/inference/_cache_compiler.py:509: UserWarning: Skip cache as VisionPrefillStage.forward(prefix_hidden_states: 'torch.Tensor', rope_cos: 'torch.Tensor', rope_sin: 'torch.Tensor', attention_mask: 'torch.Tensor') -> 'torch.Tensor' recompiled, set torch._logging.set_logs(recompiles=True) for details
  warnings.warn(
/usr/local/python3.12.13/lib/python3.12/site-packages/torch_npu/dynamo/torchair/inference/_cache_compiler.py:509: UserWarning: Skip cache as VisionPrefillStage.forward(prefix_hidden_states: 'torch.Tensor', rope_cos: 'torch.Tensor', rope_sin: 'torch.Tensor', attention_mask: 'torch.Tensor') -> 'torch.Tensor' recompiled, set torch._logging.set_logs(recompiles=True) for details
  warnings.warn(
/usr/local/python3.12.13/lib/python3.12/site-packages/torch_npu/dynamo/torchair/inference/_cache_compiler.py:509: UserWarning: Skip cache as VisionPrefillStage.forward(prefix_hidden_states: 'torch.Tensor', rope_cos: 'torch.Tensor', rope_sin: 'torch.Tensor', attention_mask: 'torch.Tensor') -> 'torch.Tensor' recompiled, set torch._logging.set_logs(recompiles=True) for details
  warnings.warn(
/usr/local/python3.12.13/lib/python3.12/site-packages/torch_npu/dynamo/torchair/inference/_cache_compiler.py:509: UserWarning: Skip cache as VisionPrefillStage.forward(prefix_hidden_states: 'torch.Tensor', rope_cos: 'torch.Tensor', rope_sin: 'torch.Tensor', attention_mask: 'torch.Tensor') -> 'torch.Tensor' recompiled, set torch._logging.set_logs(recompiles=True) for details
  warnings.warn(
/usr/local/python3.12.13/lib/python3.12/site-packages/torch_npu/dynamo/torchair/inference/_cache_compiler.py:509: UserWarning: Skip cache as VisionPrefillStage.forward(prefix_hidden_states: 'torch.Tensor', rope_cos: 'torch.Tensor', rope_sin: 'torch.Tensor', attention_mask: 'torch.Tensor') -> 'torch.Tensor' recompiled, set torch._logging.set_logs(recompiles=True) for details
  warnings.warn(
/usr/local/python3.12.13/lib/python3.12/site-packages/torch_npu/dynamo/torchair/inference/_cache_compiler.py:509: UserWarning: Skip cache as VisionPrefillStage.forward(prefix_hidden_states: 'torch.Tensor', rope_cos: 'torch.Tensor', rope_sin: 'torch.Tensor', attention_mask: 'torch.Tensor') -> 'torch.Tensor' recompiled, set torch._logging.set_logs(recompiles=True) for details
  warnings.warn(
/usr/local/python3.12.13/lib/python3.12/site-packages/torch_npu/dynamo/torchair/inference/_cache_compiler.py:509: UserWarning: Skip cache as VisionPrefillStage.forward(prefix_hidden_states: 'torch.Tensor', rope_cos: 'torch.Tensor', rope_sin: 'torch.Tensor', attention_mask: 'torch.Tensor') -> 'torch.Tensor' recompiled, set torch._logging.set_logs(recompiles=True) for details
  warnings.warn(
/usr/local/python3.12.13/lib/python3.12/site-packages/torch_npu/dynamo/torchair/inference/_cache_compiler.py:509: UserWarning: Skip cache as VisionPrefillStage.forward(prefix_hidden_states: 'torch.Tensor', rope_cos: 'torch.Tensor', rope_sin: 'torch.Tensor', attention_mask: 'torch.Tensor') -> 'torch.Tensor' recompiled, set torch._logging.set_logs(recompiles=True) for details
  warnings.warn(
/usr/local/python3.12.13/lib/python3.12/site-packages/torch_npu/dynamo/torchair/inference/_cache_compiler.py:509: UserWarning: Skip cache as VisionPrefillStage.forward(prefix_hidden_states: 'torch.Tensor', rope_cos: 'torch.Tensor', rope_sin: 'torch.Tensor', attention_mask: 'torch.Tensor') -> 'torch.Tensor' recompiled, set torch._logging.set_logs(recompiles=True) for details
  warnings.warn(
/usr/local/python3.12.13/lib/python3.12/site-packages/torch_npu/dynamo/torchair/inference/_cache_compiler.py:509: UserWarning: Skip cache as VisionPrefillStage.forward(prefix_hidden_states: 'torch.Tensor', rope_cos: 'torch.Tensor', rope_sin: 'torch.Tensor', attention_mask: 'torch.Tensor') -> 'torch.Tensor' recompiled, set torch._logging.set_logs(recompiles=True) for details
  warnings.warn(
/usr/local/python3.12.13/lib/python3.12/site-packages/torch_npu/dynamo/torchair/inference/_cache_compiler.py:509: UserWarning: Skip cache as VisionPrefillStage.forward(prefix_hidden_states: 'torch.Tensor', rope_cos: 'torch.Tensor', rope_sin: 'torch.Tensor', attention_mask: 'torch.Tensor') -> 'torch.Tensor' recompiled, set torch._logging.set_logs(recompiles=True) for details
  warnings.warn(
/usr/local/python3.12.13/lib/python3.12/site-packages/torch_npu/dynamo/torchair/inference/_cache_compiler.py:509: UserWarning: Skip cache as VisionPrefillStage.forward(prefix_hidden_states: 'torch.Tensor', rope_cos: 'torch.Tensor', rope_sin: 'torch.Tensor', attention_mask: 'torch.Tensor') -> 'torch.Tensor' recompiled, set torch._logging.set_logs(recompiles=True) for details
  warnings.warn(
/usr/local/python3.12.13/lib/python3.12/site-packages/torch_npu/dynamo/torchair/inference/_cache_compiler.py:509: UserWarning: Skip cache as VisionPrefillStage.forward(prefix_hidden_states: 'torch.Tensor', rope_cos: 'torch.Tensor', rope_sin: 'torch.Tensor', attention_mask: 'torch.Tensor') -> 'torch.Tensor' recompiled, set torch._logging.set_logs(recompiles=True) for details
  warnings.warn(
/usr/local/python3.12.13/lib/python3.12/site-packages/torch_npu/dynamo/torchair/inference/_cache_compiler.py:509: UserWarning: Skip cache as VisionPrefillStage.forward(prefix_hidden_states: 'torch.Tensor', rope_cos: 'torch.Tensor', rope_sin: 'torch.Tensor', attention_mask: 'torch.Tensor') -> 'torch.Tensor' recompiled, set torch._logging.set_logs(recompiles=True) for details
  warnings.warn(
/usr/local/python3.12.13/lib/python3.12/site-packages/torch_npu/dynamo/torchair/inference/_cache_compiler.py:509: UserWarning: Skip cache as VisionPrefillStage.forward(prefix_hidden_states: 'torch.Tensor', rope_cos: 'torch.Tensor', rope_sin: 'torch.Tensor', attention_mask: 'torch.Tensor') -> 'torch.Tensor' recompiled, set torch._logging.set_logs(recompiles=True) for details
  warnings.warn(
/usr/local/python3.12.13/lib/python3.12/site-packages/torch_npu/dynamo/torchair/inference/_cache_compiler.py:509: UserWarning: Skip cache as VisionPrefillStage.forward(prefix_hidden_states: 'torch.Tensor', rope_cos: 'torch.Tensor', rope_sin: 'torch.Tensor', attention_mask: 'torch.Tensor') -> 'torch.Tensor' recompiled, set torch._logging.set_logs(recompiles=True) for details
  warnings.warn(
/usr/local/python3.12.13/lib/python3.12/site-packages/torch_npu/dynamo/torchair/inference/_cache_compiler.py:509: UserWarning: Skip cache as VisionPrefillStage.forward(prefix_hidden_states: 'torch.Tensor', rope_cos: 'torch.Tensor', rope_sin: 'torch.Tensor', attention_mask: 'torch.Tensor') -> 'torch.Tensor' recompiled, set torch._logging.set_logs(recompiles=True) for details
  warnings.warn(
/usr/local/python3.12.13/lib/python3.12/site-packages/torch_npu/dynamo/torchair/inference/_cache_compiler.py:509: UserWarning: Skip cache as VisionPrefillStage.forward(prefix_hidden_states: 'torch.Tensor', rope_cos: 'torch.Tensor', rope_sin: 'torch.Tensor', attention_mask: 'torch.Tensor') -> 'torch.Tensor' recompiled, set torch._logging.set_logs(recompiles=True) for details
  warnings.warn(
/usr/local/python3.12.13/lib/python3.12/site-packages/torch_npu/dynamo/torchair/inference/_cache_compiler.py:509: UserWarning: Skip cache as VisionPrefillStage.forward(prefix_hidden_states: 'torch.Tensor', rope_cos: 'torch.Tensor', rope_sin: 'torch.Tensor', attention_mask: 'torch.Tensor') -> 'torch.Tensor' recompiled, set torch._logging.set_logs(recompiles=True) for details
  warnings.warn(
/usr/local/python3.12.13/lib/python3.12/site-packages/torch_npu/dynamo/torchair/inference/_cache_compiler.py:509: UserWarning: Skip cache as VisionPrefillStage.forward(prefix_hidden_states: 'torch.Tensor', rope_cos: 'torch.Tensor', rope_sin: 'torch.Tensor', attention_mask: 'torch.Tensor') -> 'torch.Tensor' recompiled, set torch._logging.set_logs(recompiles=True) for details
  warnings.warn(
/usr/local/python3.12.13/lib/python3.12/site-packages/torch_npu/dynamo/torchair/inference/_cache_compiler.py:509: UserWarning: Skip cache as VisionPrefillStage.forward(prefix_hidden_states: 'torch.Tensor', rope_cos: 'torch.Tensor', rope_sin: 'torch.Tensor', attention_mask: 'torch.Tensor') -> 'torch.Tensor' recompiled, set torch._logging.set_logs(recompiles=True) for details
  warnings.warn(
/usr/local/python3.12.13/lib/python3.12/site-packages/torch_npu/dynamo/torchair/inference/_cache_compiler.py:509: UserWarning: Skip cache as VisionPrefillStage.forward(prefix_hidden_states: 'torch.Tensor', rope_cos: 'torch.Tensor', rope_sin: 'torch.Tensor', attention_mask: 'torch.Tensor') -> 'torch.Tensor' recompiled, set torch._logging.set_logs(recompiles=True) for details
  warnings.warn(
/usr/local/python3.12.13/lib/python3.12/site-packages/torch_npu/dynamo/torchair/inference/_cache_compiler.py:509: UserWarning: Skip cache as VisionPrefillStage.forward(prefix_hidden_states: 'torch.Tensor', rope_cos: 'torch.Tensor', rope_sin: 'torch.Tensor', attention_mask: 'torch.Tensor') -> 'torch.Tensor' recompiled, set torch._logging.set_logs(recompiles=True) for details
  warnings.warn(
/usr/local/python3.12.13/lib/python3.12/site-packages/torch_npu/dynamo/torchair/inference/_cache_compiler.py:509: UserWarning: Skip cache as VisionPrefillStage.forward(prefix_hidden_states: 'torch.Tensor', rope_cos: 'torch.Tensor', rope_sin: 'torch.Tensor', attention_mask: 'torch.Tensor') -> 'torch.Tensor' recompiled, set torch._logging.set_logs(recompiles=True) for details
  warnings.warn(
/usr/local/python3.12.13/lib/python3.12/site-packages/torch_npu/dynamo/torchair/inference/_cache_compiler.py:509: UserWarning: Skip cache as VisionPrefillStage.forward(prefix_hidden_states: 'torch.Tensor', rope_cos: 'torch.Tensor', rope_sin: 'torch.Tensor', attention_mask: 'torch.Tensor') -> 'torch.Tensor' recompiled, set torch._logging.set_logs(recompiles=True) for details
  warnings.warn(
/usr/local/python3.12.13/lib/python3.12/site-packages/torch_npu/dynamo/torchair/inference/_cache_compiler.py:509: UserWarning: Skip cache as VisionPrefillStage.forward(prefix_hidden_states: 'torch.Tensor', rope_cos: 'torch.Tensor', rope_sin: 'torch.Tensor', attention_mask: 'torch.Tensor') -> 'torch.Tensor' recompiled, set torch._logging.set_logs(recompiles=True) for details
  warnings.warn(
/usr/local/python3.12.13/lib/python3.12/site-packages/torch_npu/dynamo/torchair/inference/_cache_compiler.py:509: UserWarning: Skip cache as VisionPrefillStage.forward(prefix_hidden_states: 'torch.Tensor', rope_cos: 'torch.Tensor', rope_sin: 'torch.Tensor', attention_mask: 'torch.Tensor') -> 'torch.Tensor' recompiled, set torch._logging.set_logs(recompiles=True) for details
  warnings.warn(
/usr/local/python3.12.13/lib/python3.12/site-packages/torch_npu/dynamo/torchair/inference/_cache_compiler.py:509: UserWarning: Skip cache as VisionPrefillStage.forward(prefix_hidden_states: 'torch.Tensor', rope_cos: 'torch.Tensor', rope_sin: 'torch.Tensor', attention_mask: 'torch.Tensor') -> 'torch.Tensor' recompiled, set torch._logging.set_logs(recompiles=True) for details
  warnings.warn(
/usr/local/python3.12.13/lib/python3.12/site-packages/torch_npu/dynamo/torchair/inference/_cache_compiler.py:509: UserWarning: Skip cache as VisionPrefillStage.forward(prefix_hidden_states: 'torch.Tensor', rope_cos: 'torch.Tensor', rope_sin: 'torch.Tensor', attention_mask: 'torch.Tensor') -> 'torch.Tensor' recompiled, set torch._logging.set_logs(recompiles=True) for details
  warnings.warn(
/usr/local/python3.12.13/lib/python3.12/site-packages/torch_npu/dynamo/torchair/inference/_cache_compiler.py:509: UserWarning: Skip cache as VisionPrefillStage.forward(prefix_hidden_states: 'torch.Tensor', rope_cos: 'torch.Tensor', rope_sin: 'torch.Tensor', attention_mask: 'torch.Tensor') -> 'torch.Tensor' recompiled, set torch._logging.set_logs(recompiles=True) for details
  warnings.warn(
benchmark=default:b4_s1024
/usr/local/python3.12.13/lib/python3.12/site-packages/torch_npu/dynamo/torchair/inference/_cache_compiler.py:509: UserWarning: Skip cache as VisionPrefillStage.forward(prefix_hidden_states: 'torch.Tensor', rope_cos: 'torch.Tensor', rope_sin: 'torch.Tensor', attention_mask: 'torch.Tensor') -> 'torch.Tensor' recompiled, set torch._logging.set_logs(recompiles=True) for details
  warnings.warn(
/usr/local/python3.12.13/lib/python3.12/site-packages/torch_npu/dynamo/torchair/inference/_cache_compiler.py:509: UserWarning: Skip cache as VisionPrefillStage.forward(prefix_hidden_states: 'torch.Tensor', rope_cos: 'torch.Tensor', rope_sin: 'torch.Tensor', attention_mask: 'torch.Tensor') -> 'torch.Tensor' recompiled, set torch._logging.set_logs(recompiles=True) for details
  warnings.warn(
/usr/local/python3.12.13/lib/python3.12/site-packages/torch_npu/dynamo/torchair/inference/_cache_compiler.py:509: UserWarning: Skip cache as VisionPrefillStage.forward(prefix_hidden_states: 'torch.Tensor', rope_cos: 'torch.Tensor', rope_sin: 'torch.Tensor', attention_mask: 'torch.Tensor') -> 'torch.Tensor' recompiled, set torch._logging.set_logs(recompiles=True) for details
  warnings.warn(
/usr/local/python3.12.13/lib/python3.12/site-packages/torch_npu/dynamo/torchair/inference/_cache_compiler.py:509: UserWarning: Skip cache as VisionPrefillStage.forward(prefix_hidden_states: 'torch.Tensor', rope_cos: 'torch.Tensor', rope_sin: 'torch.Tensor', attention_mask: 'torch.Tensor') -> 'torch.Tensor' recompiled, set torch._logging.set_logs(recompiles=True) for details
  warnings.warn(
/usr/local/python3.12.13/lib/python3.12/site-packages/torch_npu/dynamo/torchair/inference/_cache_compiler.py:509: UserWarning: Skip cache as VisionPrefillStage.forward(prefix_hidden_states: 'torch.Tensor', rope_cos: 'torch.Tensor', rope_sin: 'torch.Tensor', attention_mask: 'torch.Tensor') -> 'torch.Tensor' recompiled, set torch._logging.set_logs(recompiles=True) for details
  warnings.warn(
/usr/local/python3.12.13/lib/python3.12/site-packages/torch_npu/dynamo/torchair/inference/_cache_compiler.py:509: UserWarning: Skip cache as VisionPrefillStage.forward(prefix_hidden_states: 'torch.Tensor', rope_cos: 'torch.Tensor', rope_sin: 'torch.Tensor', attention_mask: 'torch.Tensor') -> 'torch.Tensor' recompiled, set torch._logging.set_logs(recompiles=True) for details
  warnings.warn(
/usr/local/python3.12.13/lib/python3.12/site-packages/torch_npu/dynamo/torchair/inference/_cache_compiler.py:509: UserWarning: Skip cache as VisionPrefillStage.forward(prefix_hidden_states: 'torch.Tensor', rope_cos: 'torch.Tensor', rope_sin: 'torch.Tensor', attention_mask: 'torch.Tensor') -> 'torch.Tensor' recompiled, set torch._logging.set_logs(recompiles=True) for details
  warnings.warn(
/usr/local/python3.12.13/lib/python3.12/site-packages/torch_npu/dynamo/torchair/inference/_cache_compiler.py:509: UserWarning: Skip cache as VisionPrefillStage.forward(prefix_hidden_states: 'torch.Tensor', rope_cos: 'torch.Tensor', rope_sin: 'torch.Tensor', attention_mask: 'torch.Tensor') -> 'torch.Tensor' recompiled, set torch._logging.set_logs(recompiles=True) for details
  warnings.warn(
/usr/local/python3.12.13/lib/python3.12/site-packages/torch_npu/dynamo/torchair/inference/_cache_compiler.py:509: UserWarning: Skip cache as VisionPrefillStage.forward(prefix_hidden_states: 'torch.Tensor', rope_cos: 'torch.Tensor', rope_sin: 'torch.Tensor', attention_mask: 'torch.Tensor') -> 'torch.Tensor' recompiled, set torch._logging.set_logs(recompiles=True) for details
  warnings.warn(
/usr/local/python3.12.13/lib/python3.12/site-packages/torch_npu/dynamo/torchair/inference/_cache_compiler.py:509: UserWarning: Skip cache as VisionPrefillStage.forward(prefix_hidden_states: 'torch.Tensor', rope_cos: 'torch.Tensor', rope_sin: 'torch.Tensor', attention_mask: 'torch.Tensor') -> 'torch.Tensor' recompiled, set torch._logging.set_logs(recompiles=True) for details
  warnings.warn(
/usr/local/python3.12.13/lib/python3.12/site-packages/torch_npu/dynamo/torchair/inference/_cache_compiler.py:509: UserWarning: Skip cache as VisionPrefillStage.forward(prefix_hidden_states: 'torch.Tensor', rope_cos: 'torch.Tensor', rope_sin: 'torch.Tensor', attention_mask: 'torch.Tensor') -> 'torch.Tensor' recompiled, set torch._logging.set_logs(recompiles=True) for details
  warnings.warn(
/usr/local/python3.12.13/lib/python3.12/site-packages/torch_npu/dynamo/torchair/inference/_cache_compiler.py:509: UserWarning: Skip cache as VisionPrefillStage.forward(prefix_hidden_states: 'torch.Tensor', rope_cos: 'torch.Tensor', rope_sin: 'torch.Tensor', attention_mask: 'torch.Tensor') -> 'torch.Tensor' recompiled, set torch._logging.set_logs(recompiles=True) for details
  warnings.warn(
/usr/local/python3.12.13/lib/python3.12/site-packages/torch_npu/dynamo/torchair/inference/_cache_compiler.py:509: UserWarning: Skip cache as VisionPrefillStage.forward(prefix_hidden_states: 'torch.Tensor', rope_cos: 'torch.Tensor', rope_sin: 'torch.Tensor', attention_mask: 'torch.Tensor') -> 'torch.Tensor' recompiled, set torch._logging.set_logs(recompiles=True) for details
  warnings.warn(
/usr/local/python3.12.13/lib/python3.12/site-packages/torch_npu/dynamo/torchair/inference/_cache_compiler.py:509: UserWarning: Skip cache as VisionPrefillStage.forward(prefix_hidden_states: 'torch.Tensor', rope_cos: 'torch.Tensor', rope_sin: 'torch.Tensor', attention_mask: 'torch.Tensor') -> 'torch.Tensor' recompiled, set torch._logging.set_logs(recompiles=True) for details
  warnings.warn(
/usr/local/python3.12.13/lib/python3.12/site-packages/torch_npu/dynamo/torchair/inference/_cache_compiler.py:509: UserWarning: Skip cache as VisionPrefillStage.forward(prefix_hidden_states: 'torch.Tensor', rope_cos: 'torch.Tensor', rope_sin: 'torch.Tensor', attention_mask: 'torch.Tensor') -> 'torch.Tensor' recompiled, set torch._logging.set_logs(recompiles=True) for details
  warnings.warn(
/usr/local/python3.12.13/lib/python3.12/site-packages/torch_npu/dynamo/torchair/inference/_cache_compiler.py:509: UserWarning: Skip cache as VisionPrefillStage.forward(prefix_hidden_states: 'torch.Tensor', rope_cos: 'torch.Tensor', rope_sin: 'torch.Tensor', attention_mask: 'torch.Tensor') -> 'torch.Tensor' recompiled, set torch._logging.set_logs(recompiles=True) for details
  warnings.warn(
/usr/local/python3.12.13/lib/python3.12/site-packages/torch_npu/dynamo/torchair/inference/_cache_compiler.py:509: UserWarning: Skip cache as VisionPrefillStage.forward(prefix_hidden_states: 'torch.Tensor', rope_cos: 'torch.Tensor', rope_sin: 'torch.Tensor', attention_mask: 'torch.Tensor') -> 'torch.Tensor' recompiled, set torch._logging.set_logs(recompiles=True) for details
  warnings.warn(
/usr/local/python3.12.13/lib/python3.12/site-packages/torch_npu/dynamo/torchair/inference/_cache_compiler.py:509: UserWarning: Skip cache as VisionPrefillStage.forward(prefix_hidden_states: 'torch.Tensor', rope_cos: 'torch.Tensor', rope_sin: 'torch.Tensor', attention_mask: 'torch.Tensor') -> 'torch.Tensor' recompiled, set torch._logging.set_logs(recompiles=True) for details
  warnings.warn(
/usr/local/python3.12.13/lib/python3.12/site-packages/torch_npu/dynamo/torchair/inference/_cache_compiler.py:509: UserWarning: Skip cache as VisionPrefillStage.forward(prefix_hidden_states: 'torch.Tensor', rope_cos: 'torch.Tensor', rope_sin: 'torch.Tensor', attention_mask: 'torch.Tensor') -> 'torch.Tensor' recompiled, set torch._logging.set_logs(recompiles=True) for details
  warnings.warn(
/usr/local/python3.12.13/lib/python3.12/site-packages/torch_npu/dynamo/torchair/inference/_cache_compiler.py:509: UserWarning: Skip cache as VisionPrefillStage.forward(prefix_hidden_states: 'torch.Tensor', rope_cos: 'torch.Tensor', rope_sin: 'torch.Tensor', attention_mask: 'torch.Tensor') -> 'torch.Tensor' recompiled, set torch._logging.set_logs(recompiles=True) for details
  warnings.warn(
/usr/local/python3.12.13/lib/python3.12/site-packages/torch_npu/dynamo/torchair/inference/_cache_compiler.py:509: UserWarning: Skip cache as VisionPrefillStage.forward(prefix_hidden_states: 'torch.Tensor', rope_cos: 'torch.Tensor', rope_sin: 'torch.Tensor', attention_mask: 'torch.Tensor') -> 'torch.Tensor' recompiled, set torch._logging.set_logs(recompiles=True) for details
  warnings.warn(
/usr/local/python3.12.13/lib/python3.12/site-packages/torch_npu/dynamo/torchair/inference/_cache_compiler.py:509: UserWarning: Skip cache as VisionPrefillStage.forward(prefix_hidden_states: 'torch.Tensor', rope_cos: 'torch.Tensor', rope_sin: 'torch.Tensor', attention_mask: 'torch.Tensor') -> 'torch.Tensor' recompiled, set torch._logging.set_logs(recompiles=True) for details
  warnings.warn(
/usr/local/python3.12.13/lib/python3.12/site-packages/torch_npu/dynamo/torchair/inference/_cache_compiler.py:509: UserWarning: Skip cache as VisionPrefillStage.forward(prefix_hidden_states: 'torch.Tensor', rope_cos: 'torch.Tensor', rope_sin: 'torch.Tensor', attention_mask: 'torch.Tensor') -> 'torch.Tensor' recompiled, set torch._logging.set_logs(recompiles=True) for details
  warnings.warn(
/usr/local/python3.12.13/lib/python3.12/site-packages/torch_npu/dynamo/torchair/inference/_cache_compiler.py:509: UserWarning: Skip cache as VisionPrefillStage.forward(prefix_hidden_states: 'torch.Tensor', rope_cos: 'torch.Tensor', rope_sin: 'torch.Tensor', attention_mask: 'torch.Tensor') -> 'torch.Tensor' recompiled, set torch._logging.set_logs(recompiles=True) for details
  warnings.warn(
/usr/local/python3.12.13/lib/python3.12/site-packages/torch_npu/dynamo/torchair/inference/_cache_compiler.py:509: UserWarning: Skip cache as VisionPrefillStage.forward(prefix_hidden_states: 'torch.Tensor', rope_cos: 'torch.Tensor', rope_sin: 'torch.Tensor', attention_mask: 'torch.Tensor') -> 'torch.Tensor' recompiled, set torch._logging.set_logs(recompiles=True) for details
  warnings.warn(
/usr/local/python3.12.13/lib/python3.12/site-packages/torch_npu/dynamo/torchair/inference/_cache_compiler.py:509: UserWarning: Skip cache as VisionPrefillStage.forward(prefix_hidden_states: 'torch.Tensor', rope_cos: 'torch.Tensor', rope_sin: 'torch.Tensor', attention_mask: 'torch.Tensor') -> 'torch.Tensor' recompiled, set torch._logging.set_logs(recompiles=True) for details
  warnings.warn(
/usr/local/python3.12.13/lib/python3.12/site-packages/torch_npu/dynamo/torchair/inference/_cache_compiler.py:509: UserWarning: Skip cache as VisionPrefillStage.forward(prefix_hidden_states: 'torch.Tensor', rope_cos: 'torch.Tensor', rope_sin: 'torch.Tensor', attention_mask: 'torch.Tensor') -> 'torch.Tensor' recompiled, set torch._logging.set_logs(recompiles=True) for details
  warnings.warn(
/usr/local/python3.12.13/lib/python3.12/site-packages/torch_npu/dynamo/torchair/inference/_cache_compiler.py:509: UserWarning: Skip cache as VisionPrefillStage.forward(prefix_hidden_states: 'torch.Tensor', rope_cos: 'torch.Tensor', rope_sin: 'torch.Tensor', attention_mask: 'torch.Tensor') -> 'torch.Tensor' recompiled, set torch._logging.set_logs(recompiles=True) for details
  warnings.warn(
/usr/local/python3.12.13/lib/python3.12/site-packages/torch_npu/dynamo/torchair/inference/_cache_compiler.py:509: UserWarning: Skip cache as VisionPrefillStage.forward(prefix_hidden_states: 'torch.Tensor', rope_cos: 'torch.Tensor', rope_sin: 'torch.Tensor', attention_mask: 'torch.Tensor') -> 'torch.Tensor' recompiled, set torch._logging.set_logs(recompiles=True) for details
  warnings.warn(
/usr/local/python3.12.13/lib/python3.12/site-packages/torch_npu/dynamo/torchair/inference/_cache_compiler.py:509: UserWarning: Skip cache as VisionPrefillStage.forward(prefix_hidden_states: 'torch.Tensor', rope_cos: 'torch.Tensor', rope_sin: 'torch.Tensor', attention_mask: 'torch.Tensor') -> 'torch.Tensor' recompiled, set torch._logging.set_logs(recompiles=True) for details
  warnings.warn(
/usr/local/python3.12.13/lib/python3.12/site-packages/torch_npu/dynamo/torchair/inference/_cache_compiler.py:509: UserWarning: Skip cache as VisionPrefillStage.forward(prefix_hidden_states: 'torch.Tensor', rope_cos: 'torch.Tensor', rope_sin: 'torch.Tensor', attention_mask: 'torch.Tensor') -> 'torch.Tensor' recompiled, set torch._logging.set_logs(recompiles=True) for details
  warnings.warn(
/usr/local/python3.12.13/lib/python3.12/site-packages/torch_npu/dynamo/torchair/inference/_cache_compiler.py:509: UserWarning: Skip cache as VisionPrefillStage.forward(prefix_hidden_states: 'torch.Tensor', rope_cos: 'torch.Tensor', rope_sin: 'torch.Tensor', attention_mask: 'torch.Tensor') -> 'torch.Tensor' recompiled, set torch._logging.set_logs(recompiles=True) for details
  warnings.warn(
/usr/local/python3.12.13/lib/python3.12/site-packages/torch_npu/dynamo/torchair/inference/_cache_compiler.py:509: UserWarning: Skip cache as VisionPrefillStage.forward(prefix_hidden_states: 'torch.Tensor', rope_cos: 'torch.Tensor', rope_sin: 'torch.Tensor', attention_mask: 'torch.Tensor') -> 'torch.Tensor' recompiled, set torch._logging.set_logs(recompiles=True) for details
  warnings.warn(
/usr/local/python3.12.13/lib/python3.12/site-packages/torch_npu/dynamo/torchair/inference/_cache_compiler.py:509: UserWarning: Skip cache as VisionPrefillStage.forward(prefix_hidden_states: 'torch.Tensor', rope_cos: 'torch.Tensor', rope_sin: 'torch.Tensor', attention_mask: 'torch.Tensor') -> 'torch.Tensor' recompiled, set torch._logging.set_logs(recompiles=True) for details
  warnings.warn(
/usr/local/python3.12.13/lib/python3.12/site-packages/torch_npu/dynamo/torchair/inference/_cache_compiler.py:509: UserWarning: Skip cache as VisionPrefillStage.forward(prefix_hidden_states: 'torch.Tensor', rope_cos: 'torch.Tensor', rope_sin: 'torch.Tensor', attention_mask: 'torch.Tensor') -> 'torch.Tensor' recompiled, set torch._logging.set_logs(recompiles=True) for details
  warnings.warn(
/usr/local/python3.12.13/lib/python3.12/site-packages/torch_npu/dynamo/torchair/inference/_cache_compiler.py:509: UserWarning: Skip cache as VisionPrefillStage.forward(prefix_hidden_states: 'torch.Tensor', rope_cos: 'torch.Tensor', rope_sin: 'torch.Tensor', attention_mask: 'torch.Tensor') -> 'torch.Tensor' recompiled, set torch._logging.set_logs(recompiles=True) for details
  warnings.warn(
/usr/local/python3.12.13/lib/python3.12/site-packages/torch_npu/dynamo/torchair/inference/_cache_compiler.py:509: UserWarning: Skip cache as VisionPrefillStage.forward(prefix_hidden_states: 'torch.Tensor', rope_cos: 'torch.Tensor', rope_sin: 'torch.Tensor', attention_mask: 'torch.Tensor') -> 'torch.Tensor' recompiled, set torch._logging.set_logs(recompiles=True) for details
  warnings.warn(
/usr/local/python3.12.13/lib/python3.12/site-packages/torch_npu/dynamo/torchair/inference/_cache_compiler.py:509: UserWarning: Skip cache as VisionPrefillStage.forward(prefix_hidden_states: 'torch.Tensor', rope_cos: 'torch.Tensor', rope_sin: 'torch.Tensor', attention_mask: 'torch.Tensor') -> 'torch.Tensor' recompiled, set torch._logging.set_logs(recompiles=True) for details
  warnings.warn(
/usr/local/python3.12.13/lib/python3.12/site-packages/torch_npu/dynamo/torchair/inference/_cache_compiler.py:509: UserWarning: Skip cache as VisionPrefillStage.forward(prefix_hidden_states: 'torch.Tensor', rope_cos: 'torch.Tensor', rope_sin: 'torch.Tensor', attention_mask: 'torch.Tensor') -> 'torch.Tensor' recompiled, set torch._logging.set_logs(recompiles=True) for details
  warnings.warn(
/usr/local/python3.12.13/lib/python3.12/site-packages/torch_npu/dynamo/torchair/inference/_cache_compiler.py:509: UserWarning: Skip cache as VisionPrefillStage.forward(prefix_hidden_states: 'torch.Tensor', rope_cos: 'torch.Tensor', rope_sin: 'torch.Tensor', attention_mask: 'torch.Tensor') -> 'torch.Tensor' recompiled, set torch._logging.set_logs(recompiles=True) for details
  warnings.warn(
/usr/local/python3.12.13/lib/python3.12/site-packages/torch_npu/dynamo/torchair/inference/_cache_compiler.py:509: UserWarning: Skip cache as VisionPrefillStage.forward(prefix_hidden_states: 'torch.Tensor', rope_cos: 'torch.Tensor', rope_sin: 'torch.Tensor', attention_mask: 'torch.Tensor') -> 'torch.Tensor' recompiled, set torch._logging.set_logs(recompiles=True) for details
  warnings.warn(
/usr/local/python3.12.13/lib/python3.12/site-packages/torch_npu/dynamo/torchair/inference/_cache_compiler.py:509: UserWarning: Skip cache as VisionPrefillStage.forward(prefix_hidden_states: 'torch.Tensor', rope_cos: 'torch.Tensor', rope_sin: 'torch.Tensor', attention_mask: 'torch.Tensor') -> 'torch.Tensor' recompiled, set torch._logging.set_logs(recompiles=True) for details
  warnings.warn(
/usr/local/python3.12.13/lib/python3.12/site-packages/torch_npu/dynamo/torchair/inference/_cache_compiler.py:509: UserWarning: Skip cache as VisionPrefillStage.forward(prefix_hidden_states: 'torch.Tensor', rope_cos: 'torch.Tensor', rope_sin: 'torch.Tensor', attention_mask: 'torch.Tensor') -> 'torch.Tensor' recompiled, set torch._logging.set_logs(recompiles=True) for details
  warnings.warn(
/usr/local/python3.12.13/lib/python3.12/site-packages/torch_npu/dynamo/torchair/inference/_cache_compiler.py:509: UserWarning: Skip cache as VisionPrefillStage.forward(prefix_hidden_states: 'torch.Tensor', rope_cos: 'torch.Tensor', rope_sin: 'torch.Tensor', attention_mask: 'torch.Tensor') -> 'torch.Tensor' recompiled, set torch._logging.set_logs(recompiles=True) for details
  warnings.warn(
/usr/local/python3.12.13/lib/python3.12/site-packages/torch_npu/dynamo/torchair/inference/_cache_compiler.py:509: UserWarning: Skip cache as VisionPrefillStage.forward(prefix_hidden_states: 'torch.Tensor', rope_cos: 'torch.Tensor', rope_sin: 'torch.Tensor', attention_mask: 'torch.Tensor') -> 'torch.Tensor' recompiled, set torch._logging.set_logs(recompiles=True) for details
  warnings.warn(
/usr/local/python3.12.13/lib/python3.12/site-packages/torch_npu/dynamo/torchair/inference/_cache_compiler.py:509: UserWarning: Skip cache as VisionPrefillStage.forward(prefix_hidden_states: 'torch.Tensor', rope_cos: 'torch.Tensor', rope_sin: 'torch.Tensor', attention_mask: 'torch.Tensor') -> 'torch.Tensor' recompiled, set torch._logging.set_logs(recompiles=True) for details
  warnings.warn(
benchmark=default:b1_s4096
benchmark=default:b2_s2048
benchmark=synthetic_repeat:b1_s512
/usr/local/python3.12.13/lib/python3.12/site-packages/torch_npu/dynamo/torchair/inference/_cache_compiler.py:509: UserWarning: Skip cache as VisionPrefillStage.forward(prefix_hidden_states: 'torch.Tensor', rope_cos: 'torch.Tensor', rope_sin: 'torch.Tensor', attention_mask: 'torch.Tensor') -> 'torch.Tensor' recompiled, set torch._logging.set_logs(recompiles=True) for details
  warnings.warn(
/usr/local/python3.12.13/lib/python3.12/site-packages/torch_npu/dynamo/torchair/inference/_cache_compiler.py:509: UserWarning: Skip cache as VisionPrefillStage.forward(prefix_hidden_states: 'torch.Tensor', rope_cos: 'torch.Tensor', rope_sin: 'torch.Tensor', attention_mask: 'torch.Tensor') -> 'torch.Tensor' recompiled, set torch._logging.set_logs(recompiles=True) for details
  warnings.warn(
/usr/local/python3.12.13/lib/python3.12/site-packages/torch_npu/dynamo/torchair/inference/_cache_compiler.py:509: UserWarning: Skip cache as VisionPrefillStage.forward(prefix_hidden_states: 'torch.Tensor', rope_cos: 'torch.Tensor', rope_sin: 'torch.Tensor', attention_mask: 'torch.Tensor') -> 'torch.Tensor' recompiled, set torch._logging.set_logs(recompiles=True) for details
  warnings.warn(
/usr/local/python3.12.13/lib/python3.12/site-packages/torch_npu/dynamo/torchair/inference/_cache_compiler.py:509: UserWarning: Skip cache as VisionPrefillStage.forward(prefix_hidden_states: 'torch.Tensor', rope_cos: 'torch.Tensor', rope_sin: 'torch.Tensor', attention_mask: 'torch.Tensor') -> 'torch.Tensor' recompiled, set torch._logging.set_logs(recompiles=True) for details
  warnings.warn(
/usr/local/python3.12.13/lib/python3.12/site-packages/torch_npu/dynamo/torchair/inference/_cache_compiler.py:509: UserWarning: Skip cache as VisionPrefillStage.forward(prefix_hidden_states: 'torch.Tensor', rope_cos: 'torch.Tensor', rope_sin: 'torch.Tensor', attention_mask: 'torch.Tensor') -> 'torch.Tensor' recompiled, set torch._logging.set_logs(recompiles=True) for details
  warnings.warn(
/usr/local/python3.12.13/lib/python3.12/site-packages/torch_npu/dynamo/torchair/inference/_cache_compiler.py:509: UserWarning: Skip cache as VisionPrefillStage.forward(prefix_hidden_states: 'torch.Tensor', rope_cos: 'torch.Tensor', rope_sin: 'torch.Tensor', attention_mask: 'torch.Tensor') -> 'torch.Tensor' recompiled, set torch._logging.set_logs(recompiles=True) for details
  warnings.warn(
/usr/local/python3.12.13/lib/python3.12/site-packages/torch_npu/dynamo/torchair/inference/_cache_compiler.py:509: UserWarning: Skip cache as VisionPrefillStage.forward(prefix_hidden_states: 'torch.Tensor', rope_cos: 'torch.Tensor', rope_sin: 'torch.Tensor', attention_mask: 'torch.Tensor') -> 'torch.Tensor' recompiled, set torch._logging.set_logs(recompiles=True) for details
  warnings.warn(
/usr/local/python3.12.13/lib/python3.12/site-packages/torch_npu/dynamo/torchair/inference/_cache_compiler.py:509: UserWarning: Skip cache as VisionPrefillStage.forward(prefix_hidden_states: 'torch.Tensor', rope_cos: 'torch.Tensor', rope_sin: 'torch.Tensor', attention_mask: 'torch.Tensor') -> 'torch.Tensor' recompiled, set torch._logging.set_logs(recompiles=True) for details
  warnings.warn(
/usr/local/python3.12.13/lib/python3.12/site-packages/torch_npu/dynamo/torchair/inference/_cache_compiler.py:509: UserWarning: Skip cache as VisionPrefillStage.forward(prefix_hidden_states: 'torch.Tensor', rope_cos: 'torch.Tensor', rope_sin: 'torch.Tensor', attention_mask: 'torch.Tensor') -> 'torch.Tensor' recompiled, set torch._logging.set_logs(recompiles=True) for details
  warnings.warn(
/usr/local/python3.12.13/lib/python3.12/site-packages/torch_npu/dynamo/torchair/inference/_cache_compiler.py:509: UserWarning: Skip cache as VisionPrefillStage.forward(prefix_hidden_states: 'torch.Tensor', rope_cos: 'torch.Tensor', rope_sin: 'torch.Tensor', attention_mask: 'torch.Tensor') -> 'torch.Tensor' recompiled, set torch._logging.set_logs(recompiles=True) for details
  warnings.warn(
/usr/local/python3.12.13/lib/python3.12/site-packages/torch_npu/dynamo/torchair/inference/_cache_compiler.py:509: UserWarning: Skip cache as VisionPrefillStage.forward(prefix_hidden_states: 'torch.Tensor', rope_cos: 'torch.Tensor', rope_sin: 'torch.Tensor', attention_mask: 'torch.Tensor') -> 'torch.Tensor' recompiled, set torch._logging.set_logs(recompiles=True) for details
  warnings.warn(
/usr/local/python3.12.13/lib/python3.12/site-packages/torch_npu/dynamo/torchair/inference/_cache_compiler.py:509: UserWarning: Skip cache as VisionPrefillStage.forward(prefix_hidden_states: 'torch.Tensor', rope_cos: 'torch.Tensor', rope_sin: 'torch.Tensor', attention_mask: 'torch.Tensor') -> 'torch.Tensor' recompiled, set torch._logging.set_logs(recompiles=True) for details
  warnings.warn(
/usr/local/python3.12.13/lib/python3.12/site-packages/torch_npu/dynamo/torchair/inference/_cache_compiler.py:509: UserWarning: Skip cache as VisionPrefillStage.forward(prefix_hidden_states: 'torch.Tensor', rope_cos: 'torch.Tensor', rope_sin: 'torch.Tensor', attention_mask: 'torch.Tensor') -> 'torch.Tensor' recompiled, set torch._logging.set_logs(recompiles=True) for details
  warnings.warn(
/usr/local/python3.12.13/lib/python3.12/site-packages/torch_npu/dynamo/torchair/inference/_cache_compiler.py:509: UserWarning: Skip cache as VisionPrefillStage.forward(prefix_hidden_states: 'torch.Tensor', rope_cos: 'torch.Tensor', rope_sin: 'torch.Tensor', attention_mask: 'torch.Tensor') -> 'torch.Tensor' recompiled, set torch._logging.set_logs(recompiles=True) for details
  warnings.warn(
/usr/local/python3.12.13/lib/python3.12/site-packages/torch_npu/dynamo/torchair/inference/_cache_compiler.py:509: UserWarning: Skip cache as VisionPrefillStage.forward(prefix_hidden_states: 'torch.Tensor', rope_cos: 'torch.Tensor', rope_sin: 'torch.Tensor', attention_mask: 'torch.Tensor') -> 'torch.Tensor' recompiled, set torch._logging.set_logs(recompiles=True) for details
  warnings.warn(
/usr/local/python3.12.13/lib/python3.12/site-packages/torch_npu/dynamo/torchair/inference/_cache_compiler.py:509: UserWarning: Skip cache as VisionPrefillStage.forward(prefix_hidden_states: 'torch.Tensor', rope_cos: 'torch.Tensor', rope_sin: 'torch.Tensor', attention_mask: 'torch.Tensor') -> 'torch.Tensor' recompiled, set torch._logging.set_logs(recompiles=True) for details
  warnings.warn(
/usr/local/python3.12.13/lib/python3.12/site-packages/torch_npu/dynamo/torchair/inference/_cache_compiler.py:509: UserWarning: Skip cache as VisionPrefillStage.forward(prefix_hidden_states: 'torch.Tensor', rope_cos: 'torch.Tensor', rope_sin: 'torch.Tensor', attention_mask: 'torch.Tensor') -> 'torch.Tensor' recompiled, set torch._logging.set_logs(recompiles=True) for details
  warnings.warn(
/usr/local/python3.12.13/lib/python3.12/site-packages/torch_npu/dynamo/torchair/inference/_cache_compiler.py:509: UserWarning: Skip cache as VisionPrefillStage.forward(prefix_hidden_states: 'torch.Tensor', rope_cos: 'torch.Tensor', rope_sin: 'torch.Tensor', attention_mask: 'torch.Tensor') -> 'torch.Tensor' recompiled, set torch._logging.set_logs(recompiles=True) for details
  warnings.warn(
/usr/local/python3.12.13/lib/python3.12/site-packages/torch_npu/dynamo/torchair/inference/_cache_compiler.py:509: UserWarning: Skip cache as VisionPrefillStage.forward(prefix_hidden_states: 'torch.Tensor', rope_cos: 'torch.Tensor', rope_sin: 'torch.Tensor', attention_mask: 'torch.Tensor') -> 'torch.Tensor' recompiled, set torch._logging.set_logs(recompiles=True) for details
  warnings.warn(
/usr/local/python3.12.13/lib/python3.12/site-packages/torch_npu/dynamo/torchair/inference/_cache_compiler.py:509: UserWarning: Skip cache as VisionPrefillStage.forward(prefix_hidden_states: 'torch.Tensor', rope_cos: 'torch.Tensor', rope_sin: 'torch.Tensor', attention_mask: 'torch.Tensor') -> 'torch.Tensor' recompiled, set torch._logging.set_logs(recompiles=True) for details
  warnings.warn(
/usr/local/python3.12.13/lib/python3.12/site-packages/torch_npu/dynamo/torchair/inference/_cache_compiler.py:509: UserWarning: Skip cache as VisionPrefillStage.forward(prefix_hidden_states: 'torch.Tensor', rope_cos: 'torch.Tensor', rope_sin: 'torch.Tensor', attention_mask: 'torch.Tensor') -> 'torch.Tensor' recompiled, set torch._logging.set_logs(recompiles=True) for details
  warnings.warn(
/usr/local/python3.12.13/lib/python3.12/site-packages/torch_npu/dynamo/torchair/inference/_cache_compiler.py:509: UserWarning: Skip cache as VisionPrefillStage.forward(prefix_hidden_states: 'torch.Tensor', rope_cos: 'torch.Tensor', rope_sin: 'torch.Tensor', attention_mask: 'torch.Tensor') -> 'torch.Tensor' recompiled, set torch._logging.set_logs(recompiles=True) for details
  warnings.warn(
/usr/local/python3.12.13/lib/python3.12/site-packages/torch_npu/dynamo/torchair/inference/_cache_compiler.py:509: UserWarning: Skip cache as VisionPrefillStage.forward(prefix_hidden_states: 'torch.Tensor', rope_cos: 'torch.Tensor', rope_sin: 'torch.Tensor', attention_mask: 'torch.Tensor') -> 'torch.Tensor' recompiled, set torch._logging.set_logs(recompiles=True) for details
  warnings.warn(
/usr/local/python3.12.13/lib/python3.12/site-packages/torch_npu/dynamo/torchair/inference/_cache_compiler.py:509: UserWarning: Skip cache as VisionPrefillStage.forward(prefix_hidden_states: 'torch.Tensor', rope_cos: 'torch.Tensor', rope_sin: 'torch.Tensor', attention_mask: 'torch.Tensor') -> 'torch.Tensor' recompiled, set torch._logging.set_logs(recompiles=True) for details
  warnings.warn(
/usr/local/python3.12.13/lib/python3.12/site-packages/torch_npu/dynamo/torchair/inference/_cache_compiler.py:509: UserWarning: Skip cache as VisionPrefillStage.forward(prefix_hidden_states: 'torch.Tensor', rope_cos: 'torch.Tensor', rope_sin: 'torch.Tensor', attention_mask: 'torch.Tensor') -> 'torch.Tensor' recompiled, set torch._logging.set_logs(recompiles=True) for details
  warnings.warn(
/usr/local/python3.12.13/lib/python3.12/site-packages/torch_npu/dynamo/torchair/inference/_cache_compiler.py:509: UserWarning: Skip cache as VisionPrefillStage.forward(prefix_hidden_states: 'torch.Tensor', rope_cos: 'torch.Tensor', rope_sin: 'torch.Tensor', attention_mask: 'torch.Tensor') -> 'torch.Tensor' recompiled, set torch._logging.set_logs(recompiles=True) for details
  warnings.warn(
/usr/local/python3.12.13/lib/python3.12/site-packages/torch_npu/dynamo/torchair/inference/_cache_compiler.py:509: UserWarning: Skip cache as VisionPrefillStage.forward(prefix_hidden_states: 'torch.Tensor', rope_cos: 'torch.Tensor', rope_sin: 'torch.Tensor', attention_mask: 'torch.Tensor') -> 'torch.Tensor' recompiled, set torch._logging.set_logs(recompiles=True) for details
  warnings.warn(
/usr/local/python3.12.13/lib/python3.12/site-packages/torch_npu/dynamo/torchair/inference/_cache_compiler.py:509: UserWarning: Skip cache as VisionPrefillStage.forward(prefix_hidden_states: 'torch.Tensor', rope_cos: 'torch.Tensor', rope_sin: 'torch.Tensor', attention_mask: 'torch.Tensor') -> 'torch.Tensor' recompiled, set torch._logging.set_logs(recompiles=True) for details
  warnings.warn(
/usr/local/python3.12.13/lib/python3.12/site-packages/torch_npu/dynamo/torchair/inference/_cache_compiler.py:509: UserWarning: Skip cache as VisionPrefillStage.forward(prefix_hidden_states: 'torch.Tensor', rope_cos: 'torch.Tensor', rope_sin: 'torch.Tensor', attention_mask: 'torch.Tensor') -> 'torch.Tensor' recompiled, set torch._logging.set_logs(recompiles=True) for details
  warnings.warn(
/usr/local/python3.12.13/lib/python3.12/site-packages/torch_npu/dynamo/torchair/inference/_cache_compiler.py:509: UserWarning: Skip cache as VisionPrefillStage.forward(prefix_hidden_states: 'torch.Tensor', rope_cos: 'torch.Tensor', rope_sin: 'torch.Tensor', attention_mask: 'torch.Tensor') -> 'torch.Tensor' recompiled, set torch._logging.set_logs(recompiles=True) for details
  warnings.warn(
/usr/local/python3.12.13/lib/python3.12/site-packages/torch_npu/dynamo/torchair/inference/_cache_compiler.py:509: UserWarning: Skip cache as VisionPrefillStage.forward(prefix_hidden_states: 'torch.Tensor', rope_cos: 'torch.Tensor', rope_sin: 'torch.Tensor', attention_mask: 'torch.Tensor') -> 'torch.Tensor' recompiled, set torch._logging.set_logs(recompiles=True) for details
  warnings.warn(
/usr/local/python3.12.13/lib/python3.12/site-packages/torch_npu/dynamo/torchair/inference/_cache_compiler.py:509: UserWarning: Skip cache as VisionPrefillStage.forward(prefix_hidden_states: 'torch.Tensor', rope_cos: 'torch.Tensor', rope_sin: 'torch.Tensor', attention_mask: 'torch.Tensor') -> 'torch.Tensor' recompiled, set torch._logging.set_logs(recompiles=True) for details
  warnings.warn(
/usr/local/python3.12.13/lib/python3.12/site-packages/torch_npu/dynamo/torchair/inference/_cache_compiler.py:509: UserWarning: Skip cache as VisionPrefillStage.forward(prefix_hidden_states: 'torch.Tensor', rope_cos: 'torch.Tensor', rope_sin: 'torch.Tensor', attention_mask: 'torch.Tensor') -> 'torch.Tensor' recompiled, set torch._logging.set_logs(recompiles=True) for details
  warnings.warn(
/usr/local/python3.12.13/lib/python3.12/site-packages/torch_npu/dynamo/torchair/inference/_cache_compiler.py:509: UserWarning: Skip cache as VisionPrefillStage.forward(prefix_hidden_states: 'torch.Tensor', rope_cos: 'torch.Tensor', rope_sin: 'torch.Tensor', attention_mask: 'torch.Tensor') -> 'torch.Tensor' recompiled, set torch._logging.set_logs(recompiles=True) for details
  warnings.warn(
/usr/local/python3.12.13/lib/python3.12/site-packages/torch_npu/dynamo/torchair/inference/_cache_compiler.py:509: UserWarning: Skip cache as VisionPrefillStage.forward(prefix_hidden_states: 'torch.Tensor', rope_cos: 'torch.Tensor', rope_sin: 'torch.Tensor', attention_mask: 'torch.Tensor') -> 'torch.Tensor' recompiled, set torch._logging.set_logs(recompiles=True) for details
  warnings.warn(
/usr/local/python3.12.13/lib/python3.12/site-packages/torch_npu/dynamo/torchair/inference/_cache_compiler.py:509: UserWarning: Skip cache as VisionPrefillStage.forward(prefix_hidden_states: 'torch.Tensor', rope_cos: 'torch.Tensor', rope_sin: 'torch.Tensor', attention_mask: 'torch.Tensor') -> 'torch.Tensor' recompiled, set torch._logging.set_logs(recompiles=True) for details
  warnings.warn(
/usr/local/python3.12.13/lib/python3.12/site-packages/torch_npu/dynamo/torchair/inference/_cache_compiler.py:509: UserWarning: Skip cache as VisionPrefillStage.forward(prefix_hidden_states: 'torch.Tensor', rope_cos: 'torch.Tensor', rope_sin: 'torch.Tensor', attention_mask: 'torch.Tensor') -> 'torch.Tensor' recompiled, set torch._logging.set_logs(recompiles=True) for details
  warnings.warn(
/usr/local/python3.12.13/lib/python3.12/site-packages/torch_npu/dynamo/torchair/inference/_cache_compiler.py:509: UserWarning: Skip cache as VisionPrefillStage.forward(prefix_hidden_states: 'torch.Tensor', rope_cos: 'torch.Tensor', rope_sin: 'torch.Tensor', attention_mask: 'torch.Tensor') -> 'torch.Tensor' recompiled, set torch._logging.set_logs(recompiles=True) for details
  warnings.warn(
/usr/local/python3.12.13/lib/python3.12/site-packages/torch_npu/dynamo/torchair/inference/_cache_compiler.py:509: UserWarning: Skip cache as VisionPrefillStage.forward(prefix_hidden_states: 'torch.Tensor', rope_cos: 'torch.Tensor', rope_sin: 'torch.Tensor', attention_mask: 'torch.Tensor') -> 'torch.Tensor' recompiled, set torch._logging.set_logs(recompiles=True) for details
  warnings.warn(
/usr/local/python3.12.13/lib/python3.12/site-packages/torch_npu/dynamo/torchair/inference/_cache_compiler.py:509: UserWarning: Skip cache as VisionPrefillStage.forward(prefix_hidden_states: 'torch.Tensor', rope_cos: 'torch.Tensor', rope_sin: 'torch.Tensor', attention_mask: 'torch.Tensor') -> 'torch.Tensor' recompiled, set torch._logging.set_logs(recompiles=True) for details
  warnings.warn(
/usr/local/python3.12.13/lib/python3.12/site-packages/torch_npu/dynamo/torchair/inference/_cache_compiler.py:509: UserWarning: Skip cache as VisionPrefillStage.forward(prefix_hidden_states: 'torch.Tensor', rope_cos: 'torch.Tensor', rope_sin: 'torch.Tensor', attention_mask: 'torch.Tensor') -> 'torch.Tensor' recompiled, set torch._logging.set_logs(recompiles=True) for details
  warnings.warn(
/usr/local/python3.12.13/lib/python3.12/site-packages/torch_npu/dynamo/torchair/inference/_cache_compiler.py:509: UserWarning: Skip cache as VisionPrefillStage.forward(prefix_hidden_states: 'torch.Tensor', rope_cos: 'torch.Tensor', rope_sin: 'torch.Tensor', attention_mask: 'torch.Tensor') -> 'torch.Tensor' recompiled, set torch._logging.set_logs(recompiles=True) for details
  warnings.warn(
/usr/local/python3.12.13/lib/python3.12/site-packages/torch_npu/dynamo/torchair/inference/_cache_compiler.py:509: UserWarning: Skip cache as VisionPrefillStage.forward(prefix_hidden_states: 'torch.Tensor', rope_cos: 'torch.Tensor', rope_sin: 'torch.Tensor', attention_mask: 'torch.Tensor') -> 'torch.Tensor' recompiled, set torch._logging.set_logs(recompiles=True) for details
  warnings.warn(
/usr/local/python3.12.13/lib/python3.12/site-packages/torch_npu/dynamo/torchair/inference/_cache_compiler.py:509: UserWarning: Skip cache as VisionPrefillStage.forward(prefix_hidden_states: 'torch.Tensor', rope_cos: 'torch.Tensor', rope_sin: 'torch.Tensor', attention_mask: 'torch.Tensor') -> 'torch.Tensor' recompiled, set torch._logging.set_logs(recompiles=True) for details
  warnings.warn(
/usr/local/python3.12.13/lib/python3.12/site-packages/torch_npu/dynamo/torchair/inference/_cache_compiler.py:509: UserWarning: Skip cache as VisionPrefillStage.forward(prefix_hidden_states: 'torch.Tensor', rope_cos: 'torch.Tensor', rope_sin: 'torch.Tensor', attention_mask: 'torch.Tensor') -> 'torch.Tensor' recompiled, set torch._logging.set_logs(recompiles=True) for details
  warnings.warn(
/usr/local/python3.12.13/lib/python3.12/site-packages/torch_npu/dynamo/torchair/inference/_cache_compiler.py:509: UserWarning: Skip cache as VisionPrefillStage.forward(prefix_hidden_states: 'torch.Tensor', rope_cos: 'torch.Tensor', rope_sin: 'torch.Tensor', attention_mask: 'torch.Tensor') -> 'torch.Tensor' recompiled, set torch._logging.set_logs(recompiles=True) for details
  warnings.warn(
/usr/local/python3.12.13/lib/python3.12/site-packages/torch_npu/dynamo/torchair/inference/_cache_compiler.py:509: UserWarning: Skip cache as VisionPrefillStage.forward(prefix_hidden_states: 'torch.Tensor', rope_cos: 'torch.Tensor', rope_sin: 'torch.Tensor', attention_mask: 'torch.Tensor') -> 'torch.Tensor' recompiled, set torch._logging.set_logs(recompiles=True) for details
  warnings.warn(
/usr/local/python3.12.13/lib/python3.12/site-packages/torch_npu/dynamo/torchair/inference/_cache_compiler.py:509: UserWarning: Skip cache as VisionPrefillStage.forward(prefix_hidden_states: 'torch.Tensor', rope_cos: 'torch.Tensor', rope_sin: 'torch.Tensor', attention_mask: 'torch.Tensor') -> 'torch.Tensor' recompiled, set torch._logging.set_logs(recompiles=True) for details
  warnings.warn(
/usr/local/python3.12.13/lib/python3.12/site-packages/torch_npu/dynamo/torchair/inference/_cache_compiler.py:509: UserWarning: Skip cache as VisionPrefillStage.forward(prefix_hidden_states: 'torch.Tensor', rope_cos: 'torch.Tensor', rope_sin: 'torch.Tensor', attention_mask: 'torch.Tensor') -> 'torch.Tensor' recompiled, set torch._logging.set_logs(recompiles=True) for details
  warnings.warn(
/usr/local/python3.12.13/lib/python3.12/site-packages/torch_npu/dynamo/torchair/inference/_cache_compiler.py:509: UserWarning: Skip cache as VisionPrefillStage.forward(prefix_hidden_states: 'torch.Tensor', rope_cos: 'torch.Tensor', rope_sin: 'torch.Tensor', attention_mask: 'torch.Tensor') -> 'torch.Tensor' recompiled, set torch._logging.set_logs(recompiles=True) for details
  warnings.warn(
/usr/local/python3.12.13/lib/python3.12/site-packages/torch_npu/dynamo/torchair/inference/_cache_compiler.py:509: UserWarning: Skip cache as VisionPrefillStage.forward(prefix_hidden_states: 'torch.Tensor', rope_cos: 'torch.Tensor', rope_sin: 'torch.Tensor', attention_mask: 'torch.Tensor') -> 'torch.Tensor' recompiled, set torch._logging.set_logs(recompiles=True) for details
  warnings.warn(
/usr/local/python3.12.13/lib/python3.12/site-packages/torch_npu/dynamo/torchair/inference/_cache_compiler.py:509: UserWarning: Skip cache as VisionPrefillStage.forward(prefix_hidden_states: 'torch.Tensor', rope_cos: 'torch.Tensor', rope_sin: 'torch.Tensor', attention_mask: 'torch.Tensor') -> 'torch.Tensor' recompiled, set torch._logging.set_logs(recompiles=True) for details
  warnings.warn(
/usr/local/python3.12.13/lib/python3.12/site-packages/torch_npu/dynamo/torchair/inference/_cache_compiler.py:509: UserWarning: Skip cache as VisionPrefillStage.forward(prefix_hidden_states: 'torch.Tensor', rope_cos: 'torch.Tensor', rope_sin: 'torch.Tensor', attention_mask: 'torch.Tensor') -> 'torch.Tensor' recompiled, set torch._logging.set_logs(recompiles=True) for details
  warnings.warn(
/usr/local/python3.12.13/lib/python3.12/site-packages/torch_npu/dynamo/torchair/inference/_cache_compiler.py:509: UserWarning: Skip cache as VisionPrefillStage.forward(prefix_hidden_states: 'torch.Tensor', rope_cos: 'torch.Tensor', rope_sin: 'torch.Tensor', attention_mask: 'torch.Tensor') -> 'torch.Tensor' recompiled, set torch._logging.set_logs(recompiles=True) for details
  warnings.warn(
/usr/local/python3.12.13/lib/python3.12/site-packages/torch_npu/dynamo/torchair/inference/_cache_compiler.py:509: UserWarning: Skip cache as VisionPrefillStage.forward(prefix_hidden_states: 'torch.Tensor', rope_cos: 'torch.Tensor', rope_sin: 'torch.Tensor', attention_mask: 'torch.Tensor') -> 'torch.Tensor' recompiled, set torch._logging.set_logs(recompiles=True) for details
  warnings.warn(
/usr/local/python3.12.13/lib/python3.12/site-packages/torch_npu/dynamo/torchair/inference/_cache_compiler.py:509: UserWarning: Skip cache as VisionPrefillStage.forward(prefix_hidden_states: 'torch.Tensor', rope_cos: 'torch.Tensor', rope_sin: 'torch.Tensor', attention_mask: 'torch.Tensor') -> 'torch.Tensor' recompiled, set torch._logging.set_logs(recompiles=True) for details
  warnings.warn(
/usr/local/python3.12.13/lib/python3.12/site-packages/torch_npu/dynamo/torchair/inference/_cache_compiler.py:509: UserWarning: Skip cache as VisionPrefillStage.forward(prefix_hidden_states: 'torch.Tensor', rope_cos: 'torch.Tensor', rope_sin: 'torch.Tensor', attention_mask: 'torch.Tensor') -> 'torch.Tensor' recompiled, set torch._logging.set_logs(recompiles=True) for details
  warnings.warn(
/usr/local/python3.12.13/lib/python3.12/site-packages/torch_npu/dynamo/torchair/inference/_cache_compiler.py:509: UserWarning: Skip cache as VisionPrefillStage.forward(prefix_hidden_states: 'torch.Tensor', rope_cos: 'torch.Tensor', rope_sin: 'torch.Tensor', attention_mask: 'torch.Tensor') -> 'torch.Tensor' recompiled, set torch._logging.set_logs(recompiles=True) for details
  warnings.warn(
/usr/local/python3.12.13/lib/python3.12/site-packages/torch_npu/dynamo/torchair/inference/_cache_compiler.py:509: UserWarning: Skip cache as VisionPrefillStage.forward(prefix_hidden_states: 'torch.Tensor', rope_cos: 'torch.Tensor', rope_sin: 'torch.Tensor', attention_mask: 'torch.Tensor') -> 'torch.Tensor' recompiled, set torch._logging.set_logs(recompiles=True) for details
  warnings.warn(
/usr/local/python3.12.13/lib/python3.12/site-packages/torch_npu/dynamo/torchair/inference/_cache_compiler.py:509: UserWarning: Skip cache as VisionPrefillStage.forward(prefix_hidden_states: 'torch.Tensor', rope_cos: 'torch.Tensor', rope_sin: 'torch.Tensor', attention_mask: 'torch.Tensor') -> 'torch.Tensor' recompiled, set torch._logging.set_logs(recompiles=True) for details
  warnings.warn(
/usr/local/python3.12.13/lib/python3.12/site-packages/torch_npu/dynamo/torchair/inference/_cache_compiler.py:509: UserWarning: Skip cache as VisionPrefillStage.forward(prefix_hidden_states: 'torch.Tensor', rope_cos: 'torch.Tensor', rope_sin: 'torch.Tensor', attention_mask: 'torch.Tensor') -> 'torch.Tensor' recompiled, set torch._logging.set_logs(recompiles=True) for details
  warnings.warn(
/usr/local/python3.12.13/lib/python3.12/site-packages/torch_npu/dynamo/torchair/inference/_cache_compiler.py:509: UserWarning: Skip cache as VisionPrefillStage.forward(prefix_hidden_states: 'torch.Tensor', rope_cos: 'torch.Tensor', rope_sin: 'torch.Tensor', attention_mask: 'torch.Tensor') -> 'torch.Tensor' recompiled, set torch._logging.set_logs(recompiles=True) for details
  warnings.warn(
/usr/local/python3.12.13/lib/python3.12/site-packages/torch_npu/dynamo/torchair/inference/_cache_compiler.py:509: UserWarning: Skip cache as VisionPrefillStage.forward(prefix_hidden_states: 'torch.Tensor', rope_cos: 'torch.Tensor', rope_sin: 'torch.Tensor', attention_mask: 'torch.Tensor') -> 'torch.Tensor' recompiled, set torch._logging.set_logs(recompiles=True) for details
  warnings.warn(
/usr/local/python3.12.13/lib/python3.12/site-packages/torch_npu/dynamo/torchair/inference/_cache_compiler.py:509: UserWarning: Skip cache as VisionPrefillStage.forward(prefix_hidden_states: 'torch.Tensor', rope_cos: 'torch.Tensor', rope_sin: 'torch.Tensor', attention_mask: 'torch.Tensor') -> 'torch.Tensor' recompiled, set torch._logging.set_logs(recompiles=True) for details
  warnings.warn(
/usr/local/python3.12.13/lib/python3.12/site-packages/torch_npu/dynamo/torchair/inference/_cache_compiler.py:509: UserWarning: Skip cache as VisionPrefillStage.forward(prefix_hidden_states: 'torch.Tensor', rope_cos: 'torch.Tensor', rope_sin: 'torch.Tensor', attention_mask: 'torch.Tensor') -> 'torch.Tensor' recompiled, set torch._logging.set_logs(recompiles=True) for details
  warnings.warn(
/usr/local/python3.12.13/lib/python3.12/site-packages/torch_npu/dynamo/torchair/inference/_cache_compiler.py:509: UserWarning: Skip cache as VisionPrefillStage.forward(prefix_hidden_states: 'torch.Tensor', rope_cos: 'torch.Tensor', rope_sin: 'torch.Tensor', attention_mask: 'torch.Tensor') -> 'torch.Tensor' recompiled, set torch._logging.set_logs(recompiles=True) for details
  warnings.warn(
/usr/local/python3.12.13/lib/python3.12/site-packages/torch_npu/dynamo/torchair/inference/_cache_compiler.py:509: UserWarning: Skip cache as VisionPrefillStage.forward(prefix_hidden_states: 'torch.Tensor', rope_cos: 'torch.Tensor', rope_sin: 'torch.Tensor', attention_mask: 'torch.Tensor') -> 'torch.Tensor' recompiled, set torch._logging.set_logs(recompiles=True) for details
  warnings.warn(
/usr/local/python3.12.13/lib/python3.12/site-packages/torch_npu/dynamo/torchair/inference/_cache_compiler.py:509: UserWarning: Skip cache as VisionPrefillStage.forward(prefix_hidden_states: 'torch.Tensor', rope_cos: 'torch.Tensor', rope_sin: 'torch.Tensor', attention_mask: 'torch.Tensor') -> 'torch.Tensor' recompiled, set torch._logging.set_logs(recompiles=True) for details
  warnings.warn(
/usr/local/python3.12.13/lib/python3.12/site-packages/torch_npu/dynamo/torchair/inference/_cache_compiler.py:509: UserWarning: Skip cache as VisionPrefillStage.forward(prefix_hidden_states: 'torch.Tensor', rope_cos: 'torch.Tensor', rope_sin: 'torch.Tensor', attention_mask: 'torch.Tensor') -> 'torch.Tensor' recompiled, set torch._logging.set_logs(recompiles=True) for details
  warnings.warn(
/usr/local/python3.12.13/lib/python3.12/site-packages/torch_npu/dynamo/torchair/inference/_cache_compiler.py:509: UserWarning: Skip cache as VisionPrefillStage.forward(prefix_hidden_states: 'torch.Tensor', rope_cos: 'torch.Tensor', rope_sin: 'torch.Tensor', attention_mask: 'torch.Tensor') -> 'torch.Tensor' recompiled, set torch._logging.set_logs(recompiles=True) for details
  warnings.warn(
/usr/local/python3.12.13/lib/python3.12/site-packages/torch_npu/dynamo/torchair/inference/_cache_compiler.py:509: UserWarning: Skip cache as VisionPrefillStage.forward(prefix_hidden_states: 'torch.Tensor', rope_cos: 'torch.Tensor', rope_sin: 'torch.Tensor', attention_mask: 'torch.Tensor') -> 'torch.Tensor' recompiled, set torch._logging.set_logs(recompiles=True) for details
  warnings.warn(
/usr/local/python3.12.13/lib/python3.12/site-packages/torch_npu/dynamo/torchair/inference/_cache_compiler.py:509: UserWarning: Skip cache as VisionPrefillStage.forward(prefix_hidden_states: 'torch.Tensor', rope_cos: 'torch.Tensor', rope_sin: 'torch.Tensor', attention_mask: 'torch.Tensor') -> 'torch.Tensor' recompiled, set torch._logging.set_logs(recompiles=True) for details
  warnings.warn(
/usr/local/python3.12.13/lib/python3.12/site-packages/torch_npu/dynamo/torchair/inference/_cache_compiler.py:509: UserWarning: Skip cache as VisionPrefillStage.forward(prefix_hidden_states: 'torch.Tensor', rope_cos: 'torch.Tensor', rope_sin: 'torch.Tensor', attention_mask: 'torch.Tensor') -> 'torch.Tensor' recompiled, set torch._logging.set_logs(recompiles=True) for details
  warnings.warn(
/usr/local/python3.12.13/lib/python3.12/site-packages/torch_npu/dynamo/torchair/inference/_cache_compiler.py:509: UserWarning: Skip cache as VisionPrefillStage.forward(prefix_hidden_states: 'torch.Tensor', rope_cos: 'torch.Tensor', rope_sin: 'torch.Tensor', attention_mask: 'torch.Tensor') -> 'torch.Tensor' recompiled, set torch._logging.set_logs(recompiles=True) for details
  warnings.warn(
/usr/local/python3.12.13/lib/python3.12/site-packages/torch_npu/dynamo/torchair/inference/_cache_compiler.py:509: UserWarning: Skip cache as VisionPrefillStage.forward(prefix_hidden_states: 'torch.Tensor', rope_cos: 'torch.Tensor', rope_sin: 'torch.Tensor', attention_mask: 'torch.Tensor') -> 'torch.Tensor' recompiled, set torch._logging.set_logs(recompiles=True) for details
  warnings.warn(
/usr/local/python3.12.13/lib/python3.12/site-packages/torch_npu/dynamo/torchair/inference/_cache_compiler.py:509: UserWarning: Skip cache as VisionPrefillStage.forward(prefix_hidden_states: 'torch.Tensor', rope_cos: 'torch.Tensor', rope_sin: 'torch.Tensor', attention_mask: 'torch.Tensor') -> 'torch.Tensor' recompiled, set torch._logging.set_logs(recompiles=True) for details
  warnings.warn(
/usr/local/python3.12.13/lib/python3.12/site-packages/torch_npu/dynamo/torchair/inference/_cache_compiler.py:509: UserWarning: Skip cache as VisionPrefillStage.forward(prefix_hidden_states: 'torch.Tensor', rope_cos: 'torch.Tensor', rope_sin: 'torch.Tensor', attention_mask: 'torch.Tensor') -> 'torch.Tensor' recompiled, set torch._logging.set_logs(recompiles=True) for details
  warnings.warn(
/usr/local/python3.12.13/lib/python3.12/site-packages/torch_npu/dynamo/torchair/inference/_cache_compiler.py:509: UserWarning: Skip cache as VisionPrefillStage.forward(prefix_hidden_states: 'torch.Tensor', rope_cos: 'torch.Tensor', rope_sin: 'torch.Tensor', attention_mask: 'torch.Tensor') -> 'torch.Tensor' recompiled, set torch._logging.set_logs(recompiles=True) for details
  warnings.warn(
/usr/local/python3.12.13/lib/python3.12/site-packages/torch_npu/dynamo/torchair/inference/_cache_compiler.py:509: UserWarning: Skip cache as VisionPrefillStage.forward(prefix_hidden_states: 'torch.Tensor', rope_cos: 'torch.Tensor', rope_sin: 'torch.Tensor', attention_mask: 'torch.Tensor') -> 'torch.Tensor' recompiled, set torch._logging.set_logs(recompiles=True) for details
  warnings.warn(
/usr/local/python3.12.13/lib/python3.12/site-packages/torch_npu/dynamo/torchair/inference/_cache_compiler.py:509: UserWarning: Skip cache as VisionPrefillStage.forward(prefix_hidden_states: 'torch.Tensor', rope_cos: 'torch.Tensor', rope_sin: 'torch.Tensor', attention_mask: 'torch.Tensor') -> 'torch.Tensor' recompiled, set torch._logging.set_logs(recompiles=True) for details
  warnings.warn(
/usr/local/python3.12.13/lib/python3.12/site-packages/torch_npu/dynamo/torchair/inference/_cache_compiler.py:509: UserWarning: Skip cache as VisionPrefillStage.forward(prefix_hidden_states: 'torch.Tensor', rope_cos: 'torch.Tensor', rope_sin: 'torch.Tensor', attention_mask: 'torch.Tensor') -> 'torch.Tensor' recompiled, set torch._logging.set_logs(recompiles=True) for details
  warnings.warn(
/usr/local/python3.12.13/lib/python3.12/site-packages/torch_npu/dynamo/torchair/inference/_cache_compiler.py:509: UserWarning: Skip cache as VisionPrefillStage.forward(prefix_hidden_states: 'torch.Tensor', rope_cos: 'torch.Tensor', rope_sin: 'torch.Tensor', attention_mask: 'torch.Tensor') -> 'torch.Tensor' recompiled, set torch._logging.set_logs(recompiles=True) for details
  warnings.warn(
/usr/local/python3.12.13/lib/python3.12/site-packages/torch_npu/dynamo/torchair/inference/_cache_compiler.py:509: UserWarning: Skip cache as VisionPrefillStage.forward(prefix_hidden_states: 'torch.Tensor', rope_cos: 'torch.Tensor', rope_sin: 'torch.Tensor', attention_mask: 'torch.Tensor') -> 'torch.Tensor' recompiled, set torch._logging.set_logs(recompiles=True) for details
  warnings.warn(
/usr/local/python3.12.13/lib/python3.12/site-packages/torch_npu/dynamo/torchair/inference/_cache_compiler.py:509: UserWarning: Skip cache as VisionPrefillStage.forward(prefix_hidden_states: 'torch.Tensor', rope_cos: 'torch.Tensor', rope_sin: 'torch.Tensor', attention_mask: 'torch.Tensor') -> 'torch.Tensor' recompiled, set torch._logging.set_logs(recompiles=True) for details
  warnings.warn(
/usr/local/python3.12.13/lib/python3.12/site-packages/torch_npu/dynamo/torchair/inference/_cache_compiler.py:509: UserWarning: Skip cache as VisionPrefillStage.forward(prefix_hidden_states: 'torch.Tensor', rope_cos: 'torch.Tensor', rope_sin: 'torch.Tensor', attention_mask: 'torch.Tensor') -> 'torch.Tensor' recompiled, set torch._logging.set_logs(recompiles=True) for details
  warnings.warn(
/usr/local/python3.12.13/lib/python3.12/site-packages/torch_npu/dynamo/torchair/inference/_cache_compiler.py:509: UserWarning: Skip cache as VisionPrefillStage.forward(prefix_hidden_states: 'torch.Tensor', rope_cos: 'torch.Tensor', rope_sin: 'torch.Tensor', attention_mask: 'torch.Tensor') -> 'torch.Tensor' recompiled, set torch._logging.set_logs(recompiles=True) for details
  warnings.warn(
benchmark=synthetic_repeat:b2_s512
/usr/local/python3.12.13/lib/python3.12/site-packages/torch_npu/dynamo/torchair/inference/_cache_compiler.py:509: UserWarning: Skip cache as VisionPrefillStage.forward(prefix_hidden_states: 'torch.Tensor', rope_cos: 'torch.Tensor', rope_sin: 'torch.Tensor', attention_mask: 'torch.Tensor') -> 'torch.Tensor' recompiled, set torch._logging.set_logs(recompiles=True) for details
  warnings.warn(
/usr/local/python3.12.13/lib/python3.12/site-packages/torch_npu/dynamo/torchair/inference/_cache_compiler.py:509: UserWarning: Skip cache as VisionPrefillStage.forward(prefix_hidden_states: 'torch.Tensor', rope_cos: 'torch.Tensor', rope_sin: 'torch.Tensor', attention_mask: 'torch.Tensor') -> 'torch.Tensor' recompiled, set torch._logging.set_logs(recompiles=True) for details
  warnings.warn(
/usr/local/python3.12.13/lib/python3.12/site-packages/torch_npu/dynamo/torchair/inference/_cache_compiler.py:509: UserWarning: Skip cache as VisionPrefillStage.forward(prefix_hidden_states: 'torch.Tensor', rope_cos: 'torch.Tensor', rope_sin: 'torch.Tensor', attention_mask: 'torch.Tensor') -> 'torch.Tensor' recompiled, set torch._logging.set_logs(recompiles=True) for details
  warnings.warn(
/usr/local/python3.12.13/lib/python3.12/site-packages/torch_npu/dynamo/torchair/inference/_cache_compiler.py:509: UserWarning: Skip cache as VisionPrefillStage.forward(prefix_hidden_states: 'torch.Tensor', rope_cos: 'torch.Tensor', rope_sin: 'torch.Tensor', attention_mask: 'torch.Tensor') -> 'torch.Tensor' recompiled, set torch._logging.set_logs(recompiles=True) for details
  warnings.warn(
/usr/local/python3.12.13/lib/python3.12/site-packages/torch_npu/dynamo/torchair/inference/_cache_compiler.py:509: UserWarning: Skip cache as VisionPrefillStage.forward(prefix_hidden_states: 'torch.Tensor', rope_cos: 'torch.Tensor', rope_sin: 'torch.Tensor', attention_mask: 'torch.Tensor') -> 'torch.Tensor' recompiled, set torch._logging.set_logs(recompiles=True) for details
  warnings.warn(
/usr/local/python3.12.13/lib/python3.12/site-packages/torch_npu/dynamo/torchair/inference/_cache_compiler.py:509: UserWarning: Skip cache as VisionPrefillStage.forward(prefix_hidden_states: 'torch.Tensor', rope_cos: 'torch.Tensor', rope_sin: 'torch.Tensor', attention_mask: 'torch.Tensor') -> 'torch.Tensor' recompiled, set torch._logging.set_logs(recompiles=True) for details
  warnings.warn(
/usr/local/python3.12.13/lib/python3.12/site-packages/torch_npu/dynamo/torchair/inference/_cache_compiler.py:509: UserWarning: Skip cache as VisionPrefillStage.forward(prefix_hidden_states: 'torch.Tensor', rope_cos: 'torch.Tensor', rope_sin: 'torch.Tensor', attention_mask: 'torch.Tensor') -> 'torch.Tensor' recompiled, set torch._logging.set_logs(recompiles=True) for details
  warnings.warn(
/usr/local/python3.12.13/lib/python3.12/site-packages/torch_npu/dynamo/torchair/inference/_cache_compiler.py:509: UserWarning: Skip cache as VisionPrefillStage.forward(prefix_hidden_states: 'torch.Tensor', rope_cos: 'torch.Tensor', rope_sin: 'torch.Tensor', attention_mask: 'torch.Tensor') -> 'torch.Tensor' recompiled, set torch._logging.set_logs(recompiles=True) for details
  warnings.warn(
/usr/local/python3.12.13/lib/python3.12/site-packages/torch_npu/dynamo/torchair/inference/_cache_compiler.py:509: UserWarning: Skip cache as VisionPrefillStage.forward(prefix_hidden_states: 'torch.Tensor', rope_cos: 'torch.Tensor', rope_sin: 'torch.Tensor', attention_mask: 'torch.Tensor') -> 'torch.Tensor' recompiled, set torch._logging.set_logs(recompiles=True) for details
  warnings.warn(
/usr/local/python3.12.13/lib/python3.12/site-packages/torch_npu/dynamo/torchair/inference/_cache_compiler.py:509: UserWarning: Skip cache as VisionPrefillStage.forward(prefix_hidden_states: 'torch.Tensor', rope_cos: 'torch.Tensor', rope_sin: 'torch.Tensor', attention_mask: 'torch.Tensor') -> 'torch.Tensor' recompiled, set torch._logging.set_logs(recompiles=True) for details
  warnings.warn(
/usr/local/python3.12.13/lib/python3.12/site-packages/torch_npu/dynamo/torchair/inference/_cache_compiler.py:509: UserWarning: Skip cache as VisionPrefillStage.forward(prefix_hidden_states: 'torch.Tensor', rope_cos: 'torch.Tensor', rope_sin: 'torch.Tensor', attention_mask: 'torch.Tensor') -> 'torch.Tensor' recompiled, set torch._logging.set_logs(recompiles=True) for details
  warnings.warn(
/usr/local/python3.12.13/lib/python3.12/site-packages/torch_npu/dynamo/torchair/inference/_cache_compiler.py:509: UserWarning: Skip cache as VisionPrefillStage.forward(prefix_hidden_states: 'torch.Tensor', rope_cos: 'torch.Tensor', rope_sin: 'torch.Tensor', attention_mask: 'torch.Tensor') -> 'torch.Tensor' recompiled, set torch._logging.set_logs(recompiles=True) for details
  warnings.warn(
/usr/local/python3.12.13/lib/python3.12/site-packages/torch_npu/dynamo/torchair/inference/_cache_compiler.py:509: UserWarning: Skip cache as VisionPrefillStage.forward(prefix_hidden_states: 'torch.Tensor', rope_cos: 'torch.Tensor', rope_sin: 'torch.Tensor', attention_mask: 'torch.Tensor') -> 'torch.Tensor' recompiled, set torch._logging.set_logs(recompiles=True) for details
  warnings.warn(
/usr/local/python3.12.13/lib/python3.12/site-packages/torch_npu/dynamo/torchair/inference/_cache_compiler.py:509: UserWarning: Skip cache as VisionPrefillStage.forward(prefix_hidden_states: 'torch.Tensor', rope_cos: 'torch.Tensor', rope_sin: 'torch.Tensor', attention_mask: 'torch.Tensor') -> 'torch.Tensor' recompiled, set torch._logging.set_logs(recompiles=True) for details
  warnings.warn(
/usr/local/python3.12.13/lib/python3.12/site-packages/torch_npu/dynamo/torchair/inference/_cache_compiler.py:509: UserWarning: Skip cache as VisionPrefillStage.forward(prefix_hidden_states: 'torch.Tensor', rope_cos: 'torch.Tensor', rope_sin: 'torch.Tensor', attention_mask: 'torch.Tensor') -> 'torch.Tensor' recompiled, set torch._logging.set_logs(recompiles=True) for details
  warnings.warn(
/usr/local/python3.12.13/lib/python3.12/site-packages/torch_npu/dynamo/torchair/inference/_cache_compiler.py:509: UserWarning: Skip cache as VisionPrefillStage.forward(prefix_hidden_states: 'torch.Tensor', rope_cos: 'torch.Tensor', rope_sin: 'torch.Tensor', attention_mask: 'torch.Tensor') -> 'torch.Tensor' recompiled, set torch._logging.set_logs(recompiles=True) for details
  warnings.warn(
/usr/local/python3.12.13/lib/python3.12/site-packages/torch_npu/dynamo/torchair/inference/_cache_compiler.py:509: UserWarning: Skip cache as VisionPrefillStage.forward(prefix_hidden_states: 'torch.Tensor', rope_cos: 'torch.Tensor', rope_sin: 'torch.Tensor', attention_mask: 'torch.Tensor') -> 'torch.Tensor' recompiled, set torch._logging.set_logs(recompiles=True) for details
  warnings.warn(
/usr/local/python3.12.13/lib/python3.12/site-packages/torch_npu/dynamo/torchair/inference/_cache_compiler.py:509: UserWarning: Skip cache as VisionPrefillStage.forward(prefix_hidden_states: 'torch.Tensor', rope_cos: 'torch.Tensor', rope_sin: 'torch.Tensor', attention_mask: 'torch.Tensor') -> 'torch.Tensor' recompiled, set torch._logging.set_logs(recompiles=True) for details
  warnings.warn(
/usr/local/python3.12.13/lib/python3.12/site-packages/torch_npu/dynamo/torchair/inference/_cache_compiler.py:509: UserWarning: Skip cache as VisionPrefillStage.forward(prefix_hidden_states: 'torch.Tensor', rope_cos: 'torch.Tensor', rope_sin: 'torch.Tensor', attention_mask: 'torch.Tensor') -> 'torch.Tensor' recompiled, set torch._logging.set_logs(recompiles=True) for details
  warnings.warn(
/usr/local/python3.12.13/lib/python3.12/site-packages/torch_npu/dynamo/torchair/inference/_cache_compiler.py:509: UserWarning: Skip cache as VisionPrefillStage.forward(prefix_hidden_states: 'torch.Tensor', rope_cos: 'torch.Tensor', rope_sin: 'torch.Tensor', attention_mask: 'torch.Tensor') -> 'torch.Tensor' recompiled, set torch._logging.set_logs(recompiles=True) for details
  warnings.warn(
/usr/local/python3.12.13/lib/python3.12/site-packages/torch_npu/dynamo/torchair/inference/_cache_compiler.py:509: UserWarning: Skip cache as VisionPrefillStage.forward(prefix_hidden_states: 'torch.Tensor', rope_cos: 'torch.Tensor', rope_sin: 'torch.Tensor', attention_mask: 'torch.Tensor') -> 'torch.Tensor' recompiled, set torch._logging.set_logs(recompiles=True) for details
  warnings.warn(
/usr/local/python3.12.13/lib/python3.12/site-packages/torch_npu/dynamo/torchair/inference/_cache_compiler.py:509: UserWarning: Skip cache as VisionPrefillStage.forward(prefix_hidden_states: 'torch.Tensor', rope_cos: 'torch.Tensor', rope_sin: 'torch.Tensor', attention_mask: 'torch.Tensor') -> 'torch.Tensor' recompiled, set torch._logging.set_logs(recompiles=True) for details
  warnings.warn(
/usr/local/python3.12.13/lib/python3.12/site-packages/torch_npu/dynamo/torchair/inference/_cache_compiler.py:509: UserWarning: Skip cache as VisionPrefillStage.forward(prefix_hidden_states: 'torch.Tensor', rope_cos: 'torch.Tensor', rope_sin: 'torch.Tensor', attention_mask: 'torch.Tensor') -> 'torch.Tensor' recompiled, set torch._logging.set_logs(recompiles=True) for details
  warnings.warn(
/usr/local/python3.12.13/lib/python3.12/site-packages/torch_npu/dynamo/torchair/inference/_cache_compiler.py:509: UserWarning: Skip cache as VisionPrefillStage.forward(prefix_hidden_states: 'torch.Tensor', rope_cos: 'torch.Tensor', rope_sin: 'torch.Tensor', attention_mask: 'torch.Tensor') -> 'torch.Tensor' recompiled, set torch._logging.set_logs(recompiles=True) for details
  warnings.warn(
/usr/local/python3.12.13/lib/python3.12/site-packages/torch_npu/dynamo/torchair/inference/_cache_compiler.py:509: UserWarning: Skip cache as VisionPrefillStage.forward(prefix_hidden_states: 'torch.Tensor', rope_cos: 'torch.Tensor', rope_sin: 'torch.Tensor', attention_mask: 'torch.Tensor') -> 'torch.Tensor' recompiled, set torch._logging.set_logs(recompiles=True) for details
  warnings.warn(
/usr/local/python3.12.13/lib/python3.12/site-packages/torch_npu/dynamo/torchair/inference/_cache_compiler.py:509: UserWarning: Skip cache as VisionPrefillStage.forward(prefix_hidden_states: 'torch.Tensor', rope_cos: 'torch.Tensor', rope_sin: 'torch.Tensor', attention_mask: 'torch.Tensor') -> 'torch.Tensor' recompiled, set torch._logging.set_logs(recompiles=True) for details
  warnings.warn(
/usr/local/python3.12.13/lib/python3.12/site-packages/torch_npu/dynamo/torchair/inference/_cache_compiler.py:509: UserWarning: Skip cache as VisionPrefillStage.forward(prefix_hidden_states: 'torch.Tensor', rope_cos: 'torch.Tensor', rope_sin: 'torch.Tensor', attention_mask: 'torch.Tensor') -> 'torch.Tensor' recompiled, set torch._logging.set_logs(recompiles=True) for details
  warnings.warn(
/usr/local/python3.12.13/lib/python3.12/site-packages/torch_npu/dynamo/torchair/inference/_cache_compiler.py:509: UserWarning: Skip cache as VisionPrefillStage.forward(prefix_hidden_states: 'torch.Tensor', rope_cos: 'torch.Tensor', rope_sin: 'torch.Tensor', attention_mask: 'torch.Tensor') -> 'torch.Tensor' recompiled, set torch._logging.set_logs(recompiles=True) for details
  warnings.warn(
/usr/local/python3.12.13/lib/python3.12/site-packages/torch_npu/dynamo/torchair/inference/_cache_compiler.py:509: UserWarning: Skip cache as VisionPrefillStage.forward(prefix_hidden_states: 'torch.Tensor', rope_cos: 'torch.Tensor', rope_sin: 'torch.Tensor', attention_mask: 'torch.Tensor') -> 'torch.Tensor' recompiled, set torch._logging.set_logs(recompiles=True) for details
  warnings.warn(
/usr/local/python3.12.13/lib/python3.12/site-packages/torch_npu/dynamo/torchair/inference/_cache_compiler.py:509: UserWarning: Skip cache as VisionPrefillStage.forward(prefix_hidden_states: 'torch.Tensor', rope_cos: 'torch.Tensor', rope_sin: 'torch.Tensor', attention_mask: 'torch.Tensor') -> 'torch.Tensor' recompiled, set torch._logging.set_logs(recompiles=True) for details
  warnings.warn(
/usr/local/python3.12.13/lib/python3.12/site-packages/torch_npu/dynamo/torchair/inference/_cache_compiler.py:509: UserWarning: Skip cache as VisionPrefillStage.forward(prefix_hidden_states: 'torch.Tensor', rope_cos: 'torch.Tensor', rope_sin: 'torch.Tensor', attention_mask: 'torch.Tensor') -> 'torch.Tensor' recompiled, set torch._logging.set_logs(recompiles=True) for details
  warnings.warn(
/usr/local/python3.12.13/lib/python3.12/site-packages/torch_npu/dynamo/torchair/inference/_cache_compiler.py:509: UserWarning: Skip cache as VisionPrefillStage.forward(prefix_hidden_states: 'torch.Tensor', rope_cos: 'torch.Tensor', rope_sin: 'torch.Tensor', attention_mask: 'torch.Tensor') -> 'torch.Tensor' recompiled, set torch._logging.set_logs(recompiles=True) for details
  warnings.warn(
/usr/local/python3.12.13/lib/python3.12/site-packages/torch_npu/dynamo/torchair/inference/_cache_compiler.py:509: UserWarning: Skip cache as VisionPrefillStage.forward(prefix_hidden_states: 'torch.Tensor', rope_cos: 'torch.Tensor', rope_sin: 'torch.Tensor', attention_mask: 'torch.Tensor') -> 'torch.Tensor' recompiled, set torch._logging.set_logs(recompiles=True) for details
  warnings.warn(
/usr/local/python3.12.13/lib/python3.12/site-packages/torch_npu/dynamo/torchair/inference/_cache_compiler.py:509: UserWarning: Skip cache as VisionPrefillStage.forward(prefix_hidden_states: 'torch.Tensor', rope_cos: 'torch.Tensor', rope_sin: 'torch.Tensor', attention_mask: 'torch.Tensor') -> 'torch.Tensor' recompiled, set torch._logging.set_logs(recompiles=True) for details
  warnings.warn(
/usr/local/python3.12.13/lib/python3.12/site-packages/torch_npu/dynamo/torchair/inference/_cache_compiler.py:509: UserWarning: Skip cache as VisionPrefillStage.forward(prefix_hidden_states: 'torch.Tensor', rope_cos: 'torch.Tensor', rope_sin: 'torch.Tensor', attention_mask: 'torch.Tensor') -> 'torch.Tensor' recompiled, set torch._logging.set_logs(recompiles=True) for details
  warnings.warn(
/usr/local/python3.12.13/lib/python3.12/site-packages/torch_npu/dynamo/torchair/inference/_cache_compiler.py:509: UserWarning: Skip cache as VisionPrefillStage.forward(prefix_hidden_states: 'torch.Tensor', rope_cos: 'torch.Tensor', rope_sin: 'torch.Tensor', attention_mask: 'torch.Tensor') -> 'torch.Tensor' recompiled, set torch._logging.set_logs(recompiles=True) for details
  warnings.warn(
/usr/local/python3.12.13/lib/python3.12/site-packages/torch_npu/dynamo/torchair/inference/_cache_compiler.py:509: UserWarning: Skip cache as VisionPrefillStage.forward(prefix_hidden_states: 'torch.Tensor', rope_cos: 'torch.Tensor', rope_sin: 'torch.Tensor', attention_mask: 'torch.Tensor') -> 'torch.Tensor' recompiled, set torch._logging.set_logs(recompiles=True) for details
  warnings.warn(
/usr/local/python3.12.13/lib/python3.12/site-packages/torch_npu/dynamo/torchair/inference/_cache_compiler.py:509: UserWarning: Skip cache as VisionPrefillStage.forward(prefix_hidden_states: 'torch.Tensor', rope_cos: 'torch.Tensor', rope_sin: 'torch.Tensor', attention_mask: 'torch.Tensor') -> 'torch.Tensor' recompiled, set torch._logging.set_logs(recompiles=True) for details
  warnings.warn(
/usr/local/python3.12.13/lib/python3.12/site-packages/torch_npu/dynamo/torchair/inference/_cache_compiler.py:509: UserWarning: Skip cache as VisionPrefillStage.forward(prefix_hidden_states: 'torch.Tensor', rope_cos: 'torch.Tensor', rope_sin: 'torch.Tensor', attention_mask: 'torch.Tensor') -> 'torch.Tensor' recompiled, set torch._logging.set_logs(recompiles=True) for details
  warnings.warn(
/usr/local/python3.12.13/lib/python3.12/site-packages/torch_npu/dynamo/torchair/inference/_cache_compiler.py:509: UserWarning: Skip cache as VisionPrefillStage.forward(prefix_hidden_states: 'torch.Tensor', rope_cos: 'torch.Tensor', rope_sin: 'torch.Tensor', attention_mask: 'torch.Tensor') -> 'torch.Tensor' recompiled, set torch._logging.set_logs(recompiles=True) for details
  warnings.warn(
/usr/local/python3.12.13/lib/python3.12/site-packages/torch_npu/dynamo/torchair/inference/_cache_compiler.py:509: UserWarning: Skip cache as VisionPrefillStage.forward(prefix_hidden_states: 'torch.Tensor', rope_cos: 'torch.Tensor', rope_sin: 'torch.Tensor', attention_mask: 'torch.Tensor') -> 'torch.Tensor' recompiled, set torch._logging.set_logs(recompiles=True) for details
  warnings.warn(
/usr/local/python3.12.13/lib/python3.12/site-packages/torch_npu/dynamo/torchair/inference/_cache_compiler.py:509: UserWarning: Skip cache as VisionPrefillStage.forward(prefix_hidden_states: 'torch.Tensor', rope_cos: 'torch.Tensor', rope_sin: 'torch.Tensor', attention_mask: 'torch.Tensor') -> 'torch.Tensor' recompiled, set torch._logging.set_logs(recompiles=True) for details
  warnings.warn(
/usr/local/python3.12.13/lib/python3.12/site-packages/torch_npu/dynamo/torchair/inference/_cache_compiler.py:509: UserWarning: Skip cache as VisionPrefillStage.forward(prefix_hidden_states: 'torch.Tensor', rope_cos: 'torch.Tensor', rope_sin: 'torch.Tensor', attention_mask: 'torch.Tensor') -> 'torch.Tensor' recompiled, set torch._logging.set_logs(recompiles=True) for details
  warnings.warn(
/usr/local/python3.12.13/lib/python3.12/site-packages/torch_npu/dynamo/torchair/inference/_cache_compiler.py:509: UserWarning: Skip cache as VisionPrefillStage.forward(prefix_hidden_states: 'torch.Tensor', rope_cos: 'torch.Tensor', rope_sin: 'torch.Tensor', attention_mask: 'torch.Tensor') -> 'torch.Tensor' recompiled, set torch._logging.set_logs(recompiles=True) for details
  warnings.warn(
/usr/local/python3.12.13/lib/python3.12/site-packages/torch_npu/dynamo/torchair/inference/_cache_compiler.py:509: UserWarning: Skip cache as VisionPrefillStage.forward(prefix_hidden_states: 'torch.Tensor', rope_cos: 'torch.Tensor', rope_sin: 'torch.Tensor', attention_mask: 'torch.Tensor') -> 'torch.Tensor' recompiled, set torch._logging.set_logs(recompiles=True) for details
  warnings.warn(
/usr/local/python3.12.13/lib/python3.12/site-packages/torch_npu/dynamo/torchair/inference/_cache_compiler.py:509: UserWarning: Skip cache as VisionPrefillStage.forward(prefix_hidden_states: 'torch.Tensor', rope_cos: 'torch.Tensor', rope_sin: 'torch.Tensor', attention_mask: 'torch.Tensor') -> 'torch.Tensor' recompiled, set torch._logging.set_logs(recompiles=True) for details
  warnings.warn(
benchmark=synthetic_repeat:b4_s512
/usr/local/python3.12.13/lib/python3.12/site-packages/torch_npu/dynamo/torchair/inference/_cache_compiler.py:509: UserWarning: Skip cache as VisionPrefillStage.forward(prefix_hidden_states: 'torch.Tensor', rope_cos: 'torch.Tensor', rope_sin: 'torch.Tensor', attention_mask: 'torch.Tensor') -> 'torch.Tensor' recompiled, set torch._logging.set_logs(recompiles=True) for details
  warnings.warn(
/usr/local/python3.12.13/lib/python3.12/site-packages/torch_npu/dynamo/torchair/inference/_cache_compiler.py:509: UserWarning: Skip cache as VisionPrefillStage.forward(prefix_hidden_states: 'torch.Tensor', rope_cos: 'torch.Tensor', rope_sin: 'torch.Tensor', attention_mask: 'torch.Tensor') -> 'torch.Tensor' recompiled, set torch._logging.set_logs(recompiles=True) for details
  warnings.warn(
/usr/local/python3.12.13/lib/python3.12/site-packages/torch_npu/dynamo/torchair/inference/_cache_compiler.py:509: UserWarning: Skip cache as VisionPrefillStage.forward(prefix_hidden_states: 'torch.Tensor', rope_cos: 'torch.Tensor', rope_sin: 'torch.Tensor', attention_mask: 'torch.Tensor') -> 'torch.Tensor' recompiled, set torch._logging.set_logs(recompiles=True) for details
  warnings.warn(
/usr/local/python3.12.13/lib/python3.12/site-packages/torch_npu/dynamo/torchair/inference/_cache_compiler.py:509: UserWarning: Skip cache as VisionPrefillStage.forward(prefix_hidden_states: 'torch.Tensor', rope_cos: 'torch.Tensor', rope_sin: 'torch.Tensor', attention_mask: 'torch.Tensor') -> 'torch.Tensor' recompiled, set torch._logging.set_logs(recompiles=True) for details
  warnings.warn(
/usr/local/python3.12.13/lib/python3.12/site-packages/torch_npu/dynamo/torchair/inference/_cache_compiler.py:509: UserWarning: Skip cache as VisionPrefillStage.forward(prefix_hidden_states: 'torch.Tensor', rope_cos: 'torch.Tensor', rope_sin: 'torch.Tensor', attention_mask: 'torch.Tensor') -> 'torch.Tensor' recompiled, set torch._logging.set_logs(recompiles=True) for details
  warnings.warn(
/usr/local/python3.12.13/lib/python3.12/site-packages/torch_npu/dynamo/torchair/inference/_cache_compiler.py:509: UserWarning: Skip cache as VisionPrefillStage.forward(prefix_hidden_states: 'torch.Tensor', rope_cos: 'torch.Tensor', rope_sin: 'torch.Tensor', attention_mask: 'torch.Tensor') -> 'torch.Tensor' recompiled, set torch._logging.set_logs(recompiles=True) for details
  warnings.warn(
/usr/local/python3.12.13/lib/python3.12/site-packages/torch_npu/dynamo/torchair/inference/_cache_compiler.py:509: UserWarning: Skip cache as VisionPrefillStage.forward(prefix_hidden_states: 'torch.Tensor', rope_cos: 'torch.Tensor', rope_sin: 'torch.Tensor', attention_mask: 'torch.Tensor') -> 'torch.Tensor' recompiled, set torch._logging.set_logs(recompiles=True) for details
  warnings.warn(
/usr/local/python3.12.13/lib/python3.12/site-packages/torch_npu/dynamo/torchair/inference/_cache_compiler.py:509: UserWarning: Skip cache as VisionPrefillStage.forward(prefix_hidden_states: 'torch.Tensor', rope_cos: 'torch.Tensor', rope_sin: 'torch.Tensor', attention_mask: 'torch.Tensor') -> 'torch.Tensor' recompiled, set torch._logging.set_logs(recompiles=True) for details
  warnings.warn(
/usr/local/python3.12.13/lib/python3.12/site-packages/torch_npu/dynamo/torchair/inference/_cache_compiler.py:509: UserWarning: Skip cache as VisionPrefillStage.forward(prefix_hidden_states: 'torch.Tensor', rope_cos: 'torch.Tensor', rope_sin: 'torch.Tensor', attention_mask: 'torch.Tensor') -> 'torch.Tensor' recompiled, set torch._logging.set_logs(recompiles=True) for details
  warnings.warn(
/usr/local/python3.12.13/lib/python3.12/site-packages/torch_npu/dynamo/torchair/inference/_cache_compiler.py:509: UserWarning: Skip cache as VisionPrefillStage.forward(prefix_hidden_states: 'torch.Tensor', rope_cos: 'torch.Tensor', rope_sin: 'torch.Tensor', attention_mask: 'torch.Tensor') -> 'torch.Tensor' recompiled, set torch._logging.set_logs(recompiles=True) for details
  warnings.warn(
/usr/local/python3.12.13/lib/python3.12/site-packages/torch_npu/dynamo/torchair/inference/_cache_compiler.py:509: UserWarning: Skip cache as VisionPrefillStage.forward(prefix_hidden_states: 'torch.Tensor', rope_cos: 'torch.Tensor', rope_sin: 'torch.Tensor', attention_mask: 'torch.Tensor') -> 'torch.Tensor' recompiled, set torch._logging.set_logs(recompiles=True) for details
  warnings.warn(
/usr/local/python3.12.13/lib/python3.12/site-packages/torch_npu/dynamo/torchair/inference/_cache_compiler.py:509: UserWarning: Skip cache as VisionPrefillStage.forward(prefix_hidden_states: 'torch.Tensor', rope_cos: 'torch.Tensor', rope_sin: 'torch.Tensor', attention_mask: 'torch.Tensor') -> 'torch.Tensor' recompiled, set torch._logging.set_logs(recompiles=True) for details
  warnings.warn(
/usr/local/python3.12.13/lib/python3.12/site-packages/torch_npu/dynamo/torchair/inference/_cache_compiler.py:509: UserWarning: Skip cache as VisionPrefillStage.forward(prefix_hidden_states: 'torch.Tensor', rope_cos: 'torch.Tensor', rope_sin: 'torch.Tensor', attention_mask: 'torch.Tensor') -> 'torch.Tensor' recompiled, set torch._logging.set_logs(recompiles=True) for details
  warnings.warn(
/usr/local/python3.12.13/lib/python3.12/site-packages/torch_npu/dynamo/torchair/inference/_cache_compiler.py:509: UserWarning: Skip cache as VisionPrefillStage.forward(prefix_hidden_states: 'torch.Tensor', rope_cos: 'torch.Tensor', rope_sin: 'torch.Tensor', attention_mask: 'torch.Tensor') -> 'torch.Tensor' recompiled, set torch._logging.set_logs(recompiles=True) for details
  warnings.warn(
/usr/local/python3.12.13/lib/python3.12/site-packages/torch_npu/dynamo/torchair/inference/_cache_compiler.py:509: UserWarning: Skip cache as VisionPrefillStage.forward(prefix_hidden_states: 'torch.Tensor', rope_cos: 'torch.Tensor', rope_sin: 'torch.Tensor', attention_mask: 'torch.Tensor') -> 'torch.Tensor' recompiled, set torch._logging.set_logs(recompiles=True) for details
  warnings.warn(
/usr/local/python3.12.13/lib/python3.12/site-packages/torch_npu/dynamo/torchair/inference/_cache_compiler.py:509: UserWarning: Skip cache as VisionPrefillStage.forward(prefix_hidden_states: 'torch.Tensor', rope_cos: 'torch.Tensor', rope_sin: 'torch.Tensor', attention_mask: 'torch.Tensor') -> 'torch.Tensor' recompiled, set torch._logging.set_logs(recompiles=True) for details
  warnings.warn(
/usr/local/python3.12.13/lib/python3.12/site-packages/torch_npu/dynamo/torchair/inference/_cache_compiler.py:509: UserWarning: Skip cache as VisionPrefillStage.forward(prefix_hidden_states: 'torch.Tensor', rope_cos: 'torch.Tensor', rope_sin: 'torch.Tensor', attention_mask: 'torch.Tensor') -> 'torch.Tensor' recompiled, set torch._logging.set_logs(recompiles=True) for details
  warnings.warn(
/usr/local/python3.12.13/lib/python3.12/site-packages/torch_npu/dynamo/torchair/inference/_cache_compiler.py:509: UserWarning: Skip cache as VisionPrefillStage.forward(prefix_hidden_states: 'torch.Tensor', rope_cos: 'torch.Tensor', rope_sin: 'torch.Tensor', attention_mask: 'torch.Tensor') -> 'torch.Tensor' recompiled, set torch._logging.set_logs(recompiles=True) for details
  warnings.warn(
/usr/local/python3.12.13/lib/python3.12/site-packages/torch_npu/dynamo/torchair/inference/_cache_compiler.py:509: UserWarning: Skip cache as VisionPrefillStage.forward(prefix_hidden_states: 'torch.Tensor', rope_cos: 'torch.Tensor', rope_sin: 'torch.Tensor', attention_mask: 'torch.Tensor') -> 'torch.Tensor' recompiled, set torch._logging.set_logs(recompiles=True) for details
  warnings.warn(
/usr/local/python3.12.13/lib/python3.12/site-packages/torch_npu/dynamo/torchair/inference/_cache_compiler.py:509: UserWarning: Skip cache as VisionPrefillStage.forward(prefix_hidden_states: 'torch.Tensor', rope_cos: 'torch.Tensor', rope_sin: 'torch.Tensor', attention_mask: 'torch.Tensor') -> 'torch.Tensor' recompiled, set torch._logging.set_logs(recompiles=True) for details
  warnings.warn(
/usr/local/python3.12.13/lib/python3.12/site-packages/torch_npu/dynamo/torchair/inference/_cache_compiler.py:509: UserWarning: Skip cache as VisionPrefillStage.forward(prefix_hidden_states: 'torch.Tensor', rope_cos: 'torch.Tensor', rope_sin: 'torch.Tensor', attention_mask: 'torch.Tensor') -> 'torch.Tensor' recompiled, set torch._logging.set_logs(recompiles=True) for details
  warnings.warn(
/usr/local/python3.12.13/lib/python3.12/site-packages/torch_npu/dynamo/torchair/inference/_cache_compiler.py:509: UserWarning: Skip cache as VisionPrefillStage.forward(prefix_hidden_states: 'torch.Tensor', rope_cos: 'torch.Tensor', rope_sin: 'torch.Tensor', attention_mask: 'torch.Tensor') -> 'torch.Tensor' recompiled, set torch._logging.set_logs(recompiles=True) for details
  warnings.warn(
/usr/local/python3.12.13/lib/python3.12/site-packages/torch_npu/dynamo/torchair/inference/_cache_compiler.py:509: UserWarning: Skip cache as VisionPrefillStage.forward(prefix_hidden_states: 'torch.Tensor', rope_cos: 'torch.Tensor', rope_sin: 'torch.Tensor', attention_mask: 'torch.Tensor') -> 'torch.Tensor' recompiled, set torch._logging.set_logs(recompiles=True) for details
  warnings.warn(
/usr/local/python3.12.13/lib/python3.12/site-packages/torch_npu/dynamo/torchair/inference/_cache_compiler.py:509: UserWarning: Skip cache as VisionPrefillStage.forward(prefix_hidden_states: 'torch.Tensor', rope_cos: 'torch.Tensor', rope_sin: 'torch.Tensor', attention_mask: 'torch.Tensor') -> 'torch.Tensor' recompiled, set torch._logging.set_logs(recompiles=True) for details
  warnings.warn(
/usr/local/python3.12.13/lib/python3.12/site-packages/torch_npu/dynamo/torchair/inference/_cache_compiler.py:509: UserWarning: Skip cache as VisionPrefillStage.forward(prefix_hidden_states: 'torch.Tensor', rope_cos: 'torch.Tensor', rope_sin: 'torch.Tensor', attention_mask: 'torch.Tensor') -> 'torch.Tensor' recompiled, set torch._logging.set_logs(recompiles=True) for details
  warnings.warn(
/usr/local/python3.12.13/lib/python3.12/site-packages/torch_npu/dynamo/torchair/inference/_cache_compiler.py:509: UserWarning: Skip cache as VisionPrefillStage.forward(prefix_hidden_states: 'torch.Tensor', rope_cos: 'torch.Tensor', rope_sin: 'torch.Tensor', attention_mask: 'torch.Tensor') -> 'torch.Tensor' recompiled, set torch._logging.set_logs(recompiles=True) for details
  warnings.warn(
benchmark=synthetic_repeat:b1_s1024
/usr/local/python3.12.13/lib/python3.12/site-packages/torch_npu/dynamo/torchair/inference/_cache_compiler.py:509: UserWarning: Skip cache as VisionPrefillStage.forward(prefix_hidden_states: 'torch.Tensor', rope_cos: 'torch.Tensor', rope_sin: 'torch.Tensor', attention_mask: 'torch.Tensor') -> 'torch.Tensor' recompiled, set torch._logging.set_logs(recompiles=True) for details
  warnings.warn(
/usr/local/python3.12.13/lib/python3.12/site-packages/torch_npu/dynamo/torchair/inference/_cache_compiler.py:509: UserWarning: Skip cache as VisionPrefillStage.forward(prefix_hidden_states: 'torch.Tensor', rope_cos: 'torch.Tensor', rope_sin: 'torch.Tensor', attention_mask: 'torch.Tensor') -> 'torch.Tensor' recompiled, set torch._logging.set_logs(recompiles=True) for details
  warnings.warn(
/usr/local/python3.12.13/lib/python3.12/site-packages/torch_npu/dynamo/torchair/inference/_cache_compiler.py:509: UserWarning: Skip cache as VisionPrefillStage.forward(prefix_hidden_states: 'torch.Tensor', rope_cos: 'torch.Tensor', rope_sin: 'torch.Tensor', attention_mask: 'torch.Tensor') -> 'torch.Tensor' recompiled, set torch._logging.set_logs(recompiles=True) for details
  warnings.warn(
/usr/local/python3.12.13/lib/python3.12/site-packages/torch_npu/dynamo/torchair/inference/_cache_compiler.py:509: UserWarning: Skip cache as VisionPrefillStage.forward(prefix_hidden_states: 'torch.Tensor', rope_cos: 'torch.Tensor', rope_sin: 'torch.Tensor', attention_mask: 'torch.Tensor') -> 'torch.Tensor' recompiled, set torch._logging.set_logs(recompiles=True) for details
  warnings.warn(
/usr/local/python3.12.13/lib/python3.12/site-packages/torch_npu/dynamo/torchair/inference/_cache_compiler.py:509: UserWarning: Skip cache as VisionPrefillStage.forward(prefix_hidden_states: 'torch.Tensor', rope_cos: 'torch.Tensor', rope_sin: 'torch.Tensor', attention_mask: 'torch.Tensor') -> 'torch.Tensor' recompiled, set torch._logging.set_logs(recompiles=True) for details
  warnings.warn(
/usr/local/python3.12.13/lib/python3.12/site-packages/torch_npu/dynamo/torchair/inference/_cache_compiler.py:509: UserWarning: Skip cache as VisionPrefillStage.forward(prefix_hidden_states: 'torch.Tensor', rope_cos: 'torch.Tensor', rope_sin: 'torch.Tensor', attention_mask: 'torch.Tensor') -> 'torch.Tensor' recompiled, set torch._logging.set_logs(recompiles=True) for details
  warnings.warn(
/usr/local/python3.12.13/lib/python3.12/site-packages/torch_npu/dynamo/torchair/inference/_cache_compiler.py:509: UserWarning: Skip cache as VisionPrefillStage.forward(prefix_hidden_states: 'torch.Tensor', rope_cos: 'torch.Tensor', rope_sin: 'torch.Tensor', attention_mask: 'torch.Tensor') -> 'torch.Tensor' recompiled, set torch._logging.set_logs(recompiles=True) for details
  warnings.warn(
/usr/local/python3.12.13/lib/python3.12/site-packages/torch_npu/dynamo/torchair/inference/_cache_compiler.py:509: UserWarning: Skip cache as VisionPrefillStage.forward(prefix_hidden_states: 'torch.Tensor', rope_cos: 'torch.Tensor', rope_sin: 'torch.Tensor', attention_mask: 'torch.Tensor') -> 'torch.Tensor' recompiled, set torch._logging.set_logs(recompiles=True) for details
  warnings.warn(
/usr/local/python3.12.13/lib/python3.12/site-packages/torch_npu/dynamo/torchair/inference/_cache_compiler.py:509: UserWarning: Skip cache as VisionPrefillStage.forward(prefix_hidden_states: 'torch.Tensor', rope_cos: 'torch.Tensor', rope_sin: 'torch.Tensor', attention_mask: 'torch.Tensor') -> 'torch.Tensor' recompiled, set torch._logging.set_logs(recompiles=True) for details
  warnings.warn(
/usr/local/python3.12.13/lib/python3.12/site-packages/torch_npu/dynamo/torchair/inference/_cache_compiler.py:509: UserWarning: Skip cache as VisionPrefillStage.forward(prefix_hidden_states: 'torch.Tensor', rope_cos: 'torch.Tensor', rope_sin: 'torch.Tensor', attention_mask: 'torch.Tensor') -> 'torch.Tensor' recompiled, set torch._logging.set_logs(recompiles=True) for details
  warnings.warn(
/usr/local/python3.12.13/lib/python3.12/site-packages/torch_npu/dynamo/torchair/inference/_cache_compiler.py:509: UserWarning: Skip cache as VisionPrefillStage.forward(prefix_hidden_states: 'torch.Tensor', rope_cos: 'torch.Tensor', rope_sin: 'torch.Tensor', attention_mask: 'torch.Tensor') -> 'torch.Tensor' recompiled, set torch._logging.set_logs(recompiles=True) for details
  warnings.warn(
/usr/local/python3.12.13/lib/python3.12/site-packages/torch_npu/dynamo/torchair/inference/_cache_compiler.py:509: UserWarning: Skip cache as VisionPrefillStage.forward(prefix_hidden_states: 'torch.Tensor', rope_cos: 'torch.Tensor', rope_sin: 'torch.Tensor', attention_mask: 'torch.Tensor') -> 'torch.Tensor' recompiled, set torch._logging.set_logs(recompiles=True) for details
  warnings.warn(
/usr/local/python3.12.13/lib/python3.12/site-packages/torch_npu/dynamo/torchair/inference/_cache_compiler.py:509: UserWarning: Skip cache as VisionPrefillStage.forward(prefix_hidden_states: 'torch.Tensor', rope_cos: 'torch.Tensor', rope_sin: 'torch.Tensor', attention_mask: 'torch.Tensor') -> 'torch.Tensor' recompiled, set torch._logging.set_logs(recompiles=True) for details
  warnings.warn(
/usr/local/python3.12.13/lib/python3.12/site-packages/torch_npu/dynamo/torchair/inference/_cache_compiler.py:509: UserWarning: Skip cache as VisionPrefillStage.forward(prefix_hidden_states: 'torch.Tensor', rope_cos: 'torch.Tensor', rope_sin: 'torch.Tensor', attention_mask: 'torch.Tensor') -> 'torch.Tensor' recompiled, set torch._logging.set_logs(recompiles=True) for details
  warnings.warn(
/usr/local/python3.12.13/lib/python3.12/site-packages/torch_npu/dynamo/torchair/inference/_cache_compiler.py:509: UserWarning: Skip cache as VisionPrefillStage.forward(prefix_hidden_states: 'torch.Tensor', rope_cos: 'torch.Tensor', rope_sin: 'torch.Tensor', attention_mask: 'torch.Tensor') -> 'torch.Tensor' recompiled, set torch._logging.set_logs(recompiles=True) for details
  warnings.warn(
/usr/local/python3.12.13/lib/python3.12/site-packages/torch_npu/dynamo/torchair/inference/_cache_compiler.py:509: UserWarning: Skip cache as VisionPrefillStage.forward(prefix_hidden_states: 'torch.Tensor', rope_cos: 'torch.Tensor', rope_sin: 'torch.Tensor', attention_mask: 'torch.Tensor') -> 'torch.Tensor' recompiled, set torch._logging.set_logs(recompiles=True) for details
  warnings.warn(
/usr/local/python3.12.13/lib/python3.12/site-packages/torch_npu/dynamo/torchair/inference/_cache_compiler.py:509: UserWarning: Skip cache as VisionPrefillStage.forward(prefix_hidden_states: 'torch.Tensor', rope_cos: 'torch.Tensor', rope_sin: 'torch.Tensor', attention_mask: 'torch.Tensor') -> 'torch.Tensor' recompiled, set torch._logging.set_logs(recompiles=True) for details
  warnings.warn(
/usr/local/python3.12.13/lib/python3.12/site-packages/torch_npu/dynamo/torchair/inference/_cache_compiler.py:509: UserWarning: Skip cache as VisionPrefillStage.forward(prefix_hidden_states: 'torch.Tensor', rope_cos: 'torch.Tensor', rope_sin: 'torch.Tensor', attention_mask: 'torch.Tensor') -> 'torch.Tensor' recompiled, set torch._logging.set_logs(recompiles=True) for details
  warnings.warn(
/usr/local/python3.12.13/lib/python3.12/site-packages/torch_npu/dynamo/torchair/inference/_cache_compiler.py:509: UserWarning: Skip cache as VisionPrefillStage.forward(prefix_hidden_states: 'torch.Tensor', rope_cos: 'torch.Tensor', rope_sin: 'torch.Tensor', attention_mask: 'torch.Tensor') -> 'torch.Tensor' recompiled, set torch._logging.set_logs(recompiles=True) for details
  warnings.warn(
/usr/local/python3.12.13/lib/python3.12/site-packages/torch_npu/dynamo/torchair/inference/_cache_compiler.py:509: UserWarning: Skip cache as VisionPrefillStage.forward(prefix_hidden_states: 'torch.Tensor', rope_cos: 'torch.Tensor', rope_sin: 'torch.Tensor', attention_mask: 'torch.Tensor') -> 'torch.Tensor' recompiled, set torch._logging.set_logs(recompiles=True) for details
  warnings.warn(
/usr/local/python3.12.13/lib/python3.12/site-packages/torch_npu/dynamo/torchair/inference/_cache_compiler.py:509: UserWarning: Skip cache as VisionPrefillStage.forward(prefix_hidden_states: 'torch.Tensor', rope_cos: 'torch.Tensor', rope_sin: 'torch.Tensor', attention_mask: 'torch.Tensor') -> 'torch.Tensor' recompiled, set torch._logging.set_logs(recompiles=True) for details
  warnings.warn(
/usr/local/python3.12.13/lib/python3.12/site-packages/torch_npu/dynamo/torchair/inference/_cache_compiler.py:509: UserWarning: Skip cache as VisionPrefillStage.forward(prefix_hidden_states: 'torch.Tensor', rope_cos: 'torch.Tensor', rope_sin: 'torch.Tensor', attention_mask: 'torch.Tensor') -> 'torch.Tensor' recompiled, set torch._logging.set_logs(recompiles=True) for details
  warnings.warn(
/usr/local/python3.12.13/lib/python3.12/site-packages/torch_npu/dynamo/torchair/inference/_cache_compiler.py:509: UserWarning: Skip cache as VisionPrefillStage.forward(prefix_hidden_states: 'torch.Tensor', rope_cos: 'torch.Tensor', rope_sin: 'torch.Tensor', attention_mask: 'torch.Tensor') -> 'torch.Tensor' recompiled, set torch._logging.set_logs(recompiles=True) for details
  warnings.warn(
/usr/local/python3.12.13/lib/python3.12/site-packages/torch_npu/dynamo/torchair/inference/_cache_compiler.py:509: UserWarning: Skip cache as VisionPrefillStage.forward(prefix_hidden_states: 'torch.Tensor', rope_cos: 'torch.Tensor', rope_sin: 'torch.Tensor', attention_mask: 'torch.Tensor') -> 'torch.Tensor' recompiled, set torch._logging.set_logs(recompiles=True) for details
  warnings.warn(
/usr/local/python3.12.13/lib/python3.12/site-packages/torch_npu/dynamo/torchair/inference/_cache_compiler.py:509: UserWarning: Skip cache as VisionPrefillStage.forward(prefix_hidden_states: 'torch.Tensor', rope_cos: 'torch.Tensor', rope_sin: 'torch.Tensor', attention_mask: 'torch.Tensor') -> 'torch.Tensor' recompiled, set torch._logging.set_logs(recompiles=True) for details
  warnings.warn(
/usr/local/python3.12.13/lib/python3.12/site-packages/torch_npu/dynamo/torchair/inference/_cache_compiler.py:509: UserWarning: Skip cache as VisionPrefillStage.forward(prefix_hidden_states: 'torch.Tensor', rope_cos: 'torch.Tensor', rope_sin: 'torch.Tensor', attention_mask: 'torch.Tensor') -> 'torch.Tensor' recompiled, set torch._logging.set_logs(recompiles=True) for details
  warnings.warn(
/usr/local/python3.12.13/lib/python3.12/site-packages/torch_npu/dynamo/torchair/inference/_cache_compiler.py:509: UserWarning: Skip cache as VisionPrefillStage.forward(prefix_hidden_states: 'torch.Tensor', rope_cos: 'torch.Tensor', rope_sin: 'torch.Tensor', attention_mask: 'torch.Tensor') -> 'torch.Tensor' recompiled, set torch._logging.set_logs(recompiles=True) for details
  warnings.warn(
/usr/local/python3.12.13/lib/python3.12/site-packages/torch_npu/dynamo/torchair/inference/_cache_compiler.py:509: UserWarning: Skip cache as VisionPrefillStage.forward(prefix_hidden_states: 'torch.Tensor', rope_cos: 'torch.Tensor', rope_sin: 'torch.Tensor', attention_mask: 'torch.Tensor') -> 'torch.Tensor' recompiled, set torch._logging.set_logs(recompiles=True) for details
  warnings.warn(
/usr/local/python3.12.13/lib/python3.12/site-packages/torch_npu/dynamo/torchair/inference/_cache_compiler.py:509: UserWarning: Skip cache as VisionPrefillStage.forward(prefix_hidden_states: 'torch.Tensor', rope_cos: 'torch.Tensor', rope_sin: 'torch.Tensor', attention_mask: 'torch.Tensor') -> 'torch.Tensor' recompiled, set torch._logging.set_logs(recompiles=True) for details
  warnings.warn(
/usr/local/python3.12.13/lib/python3.12/site-packages/torch_npu/dynamo/torchair/inference/_cache_compiler.py:509: UserWarning: Skip cache as VisionPrefillStage.forward(prefix_hidden_states: 'torch.Tensor', rope_cos: 'torch.Tensor', rope_sin: 'torch.Tensor', attention_mask: 'torch.Tensor') -> 'torch.Tensor' recompiled, set torch._logging.set_logs(recompiles=True) for details
  warnings.warn(
/usr/local/python3.12.13/lib/python3.12/site-packages/torch_npu/dynamo/torchair/inference/_cache_compiler.py:509: UserWarning: Skip cache as VisionPrefillStage.forward(prefix_hidden_states: 'torch.Tensor', rope_cos: 'torch.Tensor', rope_sin: 'torch.Tensor', attention_mask: 'torch.Tensor') -> 'torch.Tensor' recompiled, set torch._logging.set_logs(recompiles=True) for details
  warnings.warn(
/usr/local/python3.12.13/lib/python3.12/site-packages/torch_npu/dynamo/torchair/inference/_cache_compiler.py:509: UserWarning: Skip cache as VisionPrefillStage.forward(prefix_hidden_states: 'torch.Tensor', rope_cos: 'torch.Tensor', rope_sin: 'torch.Tensor', attention_mask: 'torch.Tensor') -> 'torch.Tensor' recompiled, set torch._logging.set_logs(recompiles=True) for details
  warnings.warn(
/usr/local/python3.12.13/lib/python3.12/site-packages/torch_npu/dynamo/torchair/inference/_cache_compiler.py:509: UserWarning: Skip cache as VisionPrefillStage.forward(prefix_hidden_states: 'torch.Tensor', rope_cos: 'torch.Tensor', rope_sin: 'torch.Tensor', attention_mask: 'torch.Tensor') -> 'torch.Tensor' recompiled, set torch._logging.set_logs(recompiles=True) for details
  warnings.warn(
/usr/local/python3.12.13/lib/python3.12/site-packages/torch_npu/dynamo/torchair/inference/_cache_compiler.py:509: UserWarning: Skip cache as VisionPrefillStage.forward(prefix_hidden_states: 'torch.Tensor', rope_cos: 'torch.Tensor', rope_sin: 'torch.Tensor', attention_mask: 'torch.Tensor') -> 'torch.Tensor' recompiled, set torch._logging.set_logs(recompiles=True) for details
  warnings.warn(
/usr/local/python3.12.13/lib/python3.12/site-packages/torch_npu/dynamo/torchair/inference/_cache_compiler.py:509: UserWarning: Skip cache as VisionPrefillStage.forward(prefix_hidden_states: 'torch.Tensor', rope_cos: 'torch.Tensor', rope_sin: 'torch.Tensor', attention_mask: 'torch.Tensor') -> 'torch.Tensor' recompiled, set torch._logging.set_logs(recompiles=True) for details
  warnings.warn(
/usr/local/python3.12.13/lib/python3.12/site-packages/torch_npu/dynamo/torchair/inference/_cache_compiler.py:509: UserWarning: Skip cache as VisionPrefillStage.forward(prefix_hidden_states: 'torch.Tensor', rope_cos: 'torch.Tensor', rope_sin: 'torch.Tensor', attention_mask: 'torch.Tensor') -> 'torch.Tensor' recompiled, set torch._logging.set_logs(recompiles=True) for details
  warnings.warn(
/usr/local/python3.12.13/lib/python3.12/site-packages/torch_npu/dynamo/torchair/inference/_cache_compiler.py:509: UserWarning: Skip cache as VisionPrefillStage.forward(prefix_hidden_states: 'torch.Tensor', rope_cos: 'torch.Tensor', rope_sin: 'torch.Tensor', attention_mask: 'torch.Tensor') -> 'torch.Tensor' recompiled, set torch._logging.set_logs(recompiles=True) for details
  warnings.warn(
/usr/local/python3.12.13/lib/python3.12/site-packages/torch_npu/dynamo/torchair/inference/_cache_compiler.py:509: UserWarning: Skip cache as VisionPrefillStage.forward(prefix_hidden_states: 'torch.Tensor', rope_cos: 'torch.Tensor', rope_sin: 'torch.Tensor', attention_mask: 'torch.Tensor') -> 'torch.Tensor' recompiled, set torch._logging.set_logs(recompiles=True) for details
  warnings.warn(
/usr/local/python3.12.13/lib/python3.12/site-packages/torch_npu/dynamo/torchair/inference/_cache_compiler.py:509: UserWarning: Skip cache as VisionPrefillStage.forward(prefix_hidden_states: 'torch.Tensor', rope_cos: 'torch.Tensor', rope_sin: 'torch.Tensor', attention_mask: 'torch.Tensor') -> 'torch.Tensor' recompiled, set torch._logging.set_logs(recompiles=True) for details
  warnings.warn(
/usr/local/python3.12.13/lib/python3.12/site-packages/torch_npu/dynamo/torchair/inference/_cache_compiler.py:509: UserWarning: Skip cache as VisionPrefillStage.forward(prefix_hidden_states: 'torch.Tensor', rope_cos: 'torch.Tensor', rope_sin: 'torch.Tensor', attention_mask: 'torch.Tensor') -> 'torch.Tensor' recompiled, set torch._logging.set_logs(recompiles=True) for details
  warnings.warn(
/usr/local/python3.12.13/lib/python3.12/site-packages/torch_npu/dynamo/torchair/inference/_cache_compiler.py:509: UserWarning: Skip cache as VisionPrefillStage.forward(prefix_hidden_states: 'torch.Tensor', rope_cos: 'torch.Tensor', rope_sin: 'torch.Tensor', attention_mask: 'torch.Tensor') -> 'torch.Tensor' recompiled, set torch._logging.set_logs(recompiles=True) for details
  warnings.warn(
/usr/local/python3.12.13/lib/python3.12/site-packages/torch_npu/dynamo/torchair/inference/_cache_compiler.py:509: UserWarning: Skip cache as VisionPrefillStage.forward(prefix_hidden_states: 'torch.Tensor', rope_cos: 'torch.Tensor', rope_sin: 'torch.Tensor', attention_mask: 'torch.Tensor') -> 'torch.Tensor' recompiled, set torch._logging.set_logs(recompiles=True) for details
  warnings.warn(
/usr/local/python3.12.13/lib/python3.12/site-packages/torch_npu/dynamo/torchair/inference/_cache_compiler.py:509: UserWarning: Skip cache as VisionPrefillStage.forward(prefix_hidden_states: 'torch.Tensor', rope_cos: 'torch.Tensor', rope_sin: 'torch.Tensor', attention_mask: 'torch.Tensor') -> 'torch.Tensor' recompiled, set torch._logging.set_logs(recompiles=True) for details
  warnings.warn(
/usr/local/python3.12.13/lib/python3.12/site-packages/torch_npu/dynamo/torchair/inference/_cache_compiler.py:509: UserWarning: Skip cache as VisionPrefillStage.forward(prefix_hidden_states: 'torch.Tensor', rope_cos: 'torch.Tensor', rope_sin: 'torch.Tensor', attention_mask: 'torch.Tensor') -> 'torch.Tensor' recompiled, set torch._logging.set_logs(recompiles=True) for details
  warnings.warn(
/usr/local/python3.12.13/lib/python3.12/site-packages/torch_npu/dynamo/torchair/inference/_cache_compiler.py:509: UserWarning: Skip cache as VisionPrefillStage.forward(prefix_hidden_states: 'torch.Tensor', rope_cos: 'torch.Tensor', rope_sin: 'torch.Tensor', attention_mask: 'torch.Tensor') -> 'torch.Tensor' recompiled, set torch._logging.set_logs(recompiles=True) for details
  warnings.warn(
/usr/local/python3.12.13/lib/python3.12/site-packages/torch_npu/dynamo/torchair/inference/_cache_compiler.py:509: UserWarning: Skip cache as VisionPrefillStage.forward(prefix_hidden_states: 'torch.Tensor', rope_cos: 'torch.Tensor', rope_sin: 'torch.Tensor', attention_mask: 'torch.Tensor') -> 'torch.Tensor' recompiled, set torch._logging.set_logs(recompiles=True) for details
  warnings.warn(
/usr/local/python3.12.13/lib/python3.12/site-packages/torch_npu/dynamo/torchair/inference/_cache_compiler.py:509: UserWarning: Skip cache as VisionPrefillStage.forward(prefix_hidden_states: 'torch.Tensor', rope_cos: 'torch.Tensor', rope_sin: 'torch.Tensor', attention_mask: 'torch.Tensor') -> 'torch.Tensor' recompiled, set torch._logging.set_logs(recompiles=True) for details
  warnings.warn(
/usr/local/python3.12.13/lib/python3.12/site-packages/torch_npu/dynamo/torchair/inference/_cache_compiler.py:509: UserWarning: Skip cache as VisionPrefillStage.forward(prefix_hidden_states: 'torch.Tensor', rope_cos: 'torch.Tensor', rope_sin: 'torch.Tensor', attention_mask: 'torch.Tensor') -> 'torch.Tensor' recompiled, set torch._logging.set_logs(recompiles=True) for details
  warnings.warn(
/usr/local/python3.12.13/lib/python3.12/site-packages/torch_npu/dynamo/torchair/inference/_cache_compiler.py:509: UserWarning: Skip cache as VisionPrefillStage.forward(prefix_hidden_states: 'torch.Tensor', rope_cos: 'torch.Tensor', rope_sin: 'torch.Tensor', attention_mask: 'torch.Tensor') -> 'torch.Tensor' recompiled, set torch._logging.set_logs(recompiles=True) for details
  warnings.warn(
/usr/local/python3.12.13/lib/python3.12/site-packages/torch_npu/dynamo/torchair/inference/_cache_compiler.py:509: UserWarning: Skip cache as VisionPrefillStage.forward(prefix_hidden_states: 'torch.Tensor', rope_cos: 'torch.Tensor', rope_sin: 'torch.Tensor', attention_mask: 'torch.Tensor') -> 'torch.Tensor' recompiled, set torch._logging.set_logs(recompiles=True) for details
  warnings.warn(
/usr/local/python3.12.13/lib/python3.12/site-packages/torch_npu/dynamo/torchair/inference/_cache_compiler.py:509: UserWarning: Skip cache as VisionPrefillStage.forward(prefix_hidden_states: 'torch.Tensor', rope_cos: 'torch.Tensor', rope_sin: 'torch.Tensor', attention_mask: 'torch.Tensor') -> 'torch.Tensor' recompiled, set torch._logging.set_logs(recompiles=True) for details
  warnings.warn(
/usr/local/python3.12.13/lib/python3.12/site-packages/torch_npu/dynamo/torchair/inference/_cache_compiler.py:509: UserWarning: Skip cache as VisionPrefillStage.forward(prefix_hidden_states: 'torch.Tensor', rope_cos: 'torch.Tensor', rope_sin: 'torch.Tensor', attention_mask: 'torch.Tensor') -> 'torch.Tensor' recompiled, set torch._logging.set_logs(recompiles=True) for details
  warnings.warn(
/usr/local/python3.12.13/lib/python3.12/site-packages/torch_npu/dynamo/torchair/inference/_cache_compiler.py:509: UserWarning: Skip cache as VisionPrefillStage.forward(prefix_hidden_states: 'torch.Tensor', rope_cos: 'torch.Tensor', rope_sin: 'torch.Tensor', attention_mask: 'torch.Tensor') -> 'torch.Tensor' recompiled, set torch._logging.set_logs(recompiles=True) for details
  warnings.warn(
/usr/local/python3.12.13/lib/python3.12/site-packages/torch_npu/dynamo/torchair/inference/_cache_compiler.py:509: UserWarning: Skip cache as VisionPrefillStage.forward(prefix_hidden_states: 'torch.Tensor', rope_cos: 'torch.Tensor', rope_sin: 'torch.Tensor', attention_mask: 'torch.Tensor') -> 'torch.Tensor' recompiled, set torch._logging.set_logs(recompiles=True) for details
  warnings.warn(
/usr/local/python3.12.13/lib/python3.12/site-packages/torch_npu/dynamo/torchair/inference/_cache_compiler.py:509: UserWarning: Skip cache as VisionPrefillStage.forward(prefix_hidden_states: 'torch.Tensor', rope_cos: 'torch.Tensor', rope_sin: 'torch.Tensor', attention_mask: 'torch.Tensor') -> 'torch.Tensor' recompiled, set torch._logging.set_logs(recompiles=True) for details
  warnings.warn(
/usr/local/python3.12.13/lib/python3.12/site-packages/torch_npu/dynamo/torchair/inference/_cache_compiler.py:509: UserWarning: Skip cache as VisionPrefillStage.forward(prefix_hidden_states: 'torch.Tensor', rope_cos: 'torch.Tensor', rope_sin: 'torch.Tensor', attention_mask: 'torch.Tensor') -> 'torch.Tensor' recompiled, set torch._logging.set_logs(recompiles=True) for details
  warnings.warn(
/usr/local/python3.12.13/lib/python3.12/site-packages/torch_npu/dynamo/torchair/inference/_cache_compiler.py:509: UserWarning: Skip cache as VisionPrefillStage.forward(prefix_hidden_states: 'torch.Tensor', rope_cos: 'torch.Tensor', rope_sin: 'torch.Tensor', attention_mask: 'torch.Tensor') -> 'torch.Tensor' recompiled, set torch._logging.set_logs(recompiles=True) for details
  warnings.warn(
/usr/local/python3.12.13/lib/python3.12/site-packages/torch_npu/dynamo/torchair/inference/_cache_compiler.py:509: UserWarning: Skip cache as VisionPrefillStage.forward(prefix_hidden_states: 'torch.Tensor', rope_cos: 'torch.Tensor', rope_sin: 'torch.Tensor', attention_mask: 'torch.Tensor') -> 'torch.Tensor' recompiled, set torch._logging.set_logs(recompiles=True) for details
  warnings.warn(
/usr/local/python3.12.13/lib/python3.12/site-packages/torch_npu/dynamo/torchair/inference/_cache_compiler.py:509: UserWarning: Skip cache as VisionPrefillStage.forward(prefix_hidden_states: 'torch.Tensor', rope_cos: 'torch.Tensor', rope_sin: 'torch.Tensor', attention_mask: 'torch.Tensor') -> 'torch.Tensor' recompiled, set torch._logging.set_logs(recompiles=True) for details
  warnings.warn(
/usr/local/python3.12.13/lib/python3.12/site-packages/torch_npu/dynamo/torchair/inference/_cache_compiler.py:509: UserWarning: Skip cache as VisionPrefillStage.forward(prefix_hidden_states: 'torch.Tensor', rope_cos: 'torch.Tensor', rope_sin: 'torch.Tensor', attention_mask: 'torch.Tensor') -> 'torch.Tensor' recompiled, set torch._logging.set_logs(recompiles=True) for details
  warnings.warn(
/usr/local/python3.12.13/lib/python3.12/site-packages/torch_npu/dynamo/torchair/inference/_cache_compiler.py:509: UserWarning: Skip cache as VisionPrefillStage.forward(prefix_hidden_states: 'torch.Tensor', rope_cos: 'torch.Tensor', rope_sin: 'torch.Tensor', attention_mask: 'torch.Tensor') -> 'torch.Tensor' recompiled, set torch._logging.set_logs(recompiles=True) for details
  warnings.warn(
/usr/local/python3.12.13/lib/python3.12/site-packages/torch_npu/dynamo/torchair/inference/_cache_compiler.py:509: UserWarning: Skip cache as VisionPrefillStage.forward(prefix_hidden_states: 'torch.Tensor', rope_cos: 'torch.Tensor', rope_sin: 'torch.Tensor', attention_mask: 'torch.Tensor') -> 'torch.Tensor' recompiled, set torch._logging.set_logs(recompiles=True) for details
  warnings.warn(
/usr/local/python3.12.13/lib/python3.12/site-packages/torch_npu/dynamo/torchair/inference/_cache_compiler.py:509: UserWarning: Skip cache as VisionPrefillStage.forward(prefix_hidden_states: 'torch.Tensor', rope_cos: 'torch.Tensor', rope_sin: 'torch.Tensor', attention_mask: 'torch.Tensor') -> 'torch.Tensor' recompiled, set torch._logging.set_logs(recompiles=True) for details
  warnings.warn(
/usr/local/python3.12.13/lib/python3.12/site-packages/torch_npu/dynamo/torchair/inference/_cache_compiler.py:509: UserWarning: Skip cache as VisionPrefillStage.forward(prefix_hidden_states: 'torch.Tensor', rope_cos: 'torch.Tensor', rope_sin: 'torch.Tensor', attention_mask: 'torch.Tensor') -> 'torch.Tensor' recompiled, set torch._logging.set_logs(recompiles=True) for details
  warnings.warn(
/usr/local/python3.12.13/lib/python3.12/site-packages/torch_npu/dynamo/torchair/inference/_cache_compiler.py:509: UserWarning: Skip cache as VisionPrefillStage.forward(prefix_hidden_states: 'torch.Tensor', rope_cos: 'torch.Tensor', rope_sin: 'torch.Tensor', attention_mask: 'torch.Tensor') -> 'torch.Tensor' recompiled, set torch._logging.set_logs(recompiles=True) for details
  warnings.warn(
/usr/local/python3.12.13/lib/python3.12/site-packages/torch_npu/dynamo/torchair/inference/_cache_compiler.py:509: UserWarning: Skip cache as VisionPrefillStage.forward(prefix_hidden_states: 'torch.Tensor', rope_cos: 'torch.Tensor', rope_sin: 'torch.Tensor', attention_mask: 'torch.Tensor') -> 'torch.Tensor' recompiled, set torch._logging.set_logs(recompiles=True) for details
  warnings.warn(
/usr/local/python3.12.13/lib/python3.12/site-packages/torch_npu/dynamo/torchair/inference/_cache_compiler.py:509: UserWarning: Skip cache as VisionPrefillStage.forward(prefix_hidden_states: 'torch.Tensor', rope_cos: 'torch.Tensor', rope_sin: 'torch.Tensor', attention_mask: 'torch.Tensor') -> 'torch.Tensor' recompiled, set torch._logging.set_logs(recompiles=True) for details
  warnings.warn(
/usr/local/python3.12.13/lib/python3.12/site-packages/torch_npu/dynamo/torchair/inference/_cache_compiler.py:509: UserWarning: Skip cache as VisionPrefillStage.forward(prefix_hidden_states: 'torch.Tensor', rope_cos: 'torch.Tensor', rope_sin: 'torch.Tensor', attention_mask: 'torch.Tensor') -> 'torch.Tensor' recompiled, set torch._logging.set_logs(recompiles=True) for details
  warnings.warn(
/usr/local/python3.12.13/lib/python3.12/site-packages/torch_npu/dynamo/torchair/inference/_cache_compiler.py:509: UserWarning: Skip cache as VisionPrefillStage.forward(prefix_hidden_states: 'torch.Tensor', rope_cos: 'torch.Tensor', rope_sin: 'torch.Tensor', attention_mask: 'torch.Tensor') -> 'torch.Tensor' recompiled, set torch._logging.set_logs(recompiles=True) for details
  warnings.warn(
/usr/local/python3.12.13/lib/python3.12/site-packages/torch_npu/dynamo/torchair/inference/_cache_compiler.py:509: UserWarning: Skip cache as VisionPrefillStage.forward(prefix_hidden_states: 'torch.Tensor', rope_cos: 'torch.Tensor', rope_sin: 'torch.Tensor', attention_mask: 'torch.Tensor') -> 'torch.Tensor' recompiled, set torch._logging.set_logs(recompiles=True) for details
  warnings.warn(
/usr/local/python3.12.13/lib/python3.12/site-packages/torch_npu/dynamo/torchair/inference/_cache_compiler.py:509: UserWarning: Skip cache as VisionPrefillStage.forward(prefix_hidden_states: 'torch.Tensor', rope_cos: 'torch.Tensor', rope_sin: 'torch.Tensor', attention_mask: 'torch.Tensor') -> 'torch.Tensor' recompiled, set torch._logging.set_logs(recompiles=True) for details
  warnings.warn(
/usr/local/python3.12.13/lib/python3.12/site-packages/torch_npu/dynamo/torchair/inference/_cache_compiler.py:509: UserWarning: Skip cache as VisionPrefillStage.forward(prefix_hidden_states: 'torch.Tensor', rope_cos: 'torch.Tensor', rope_sin: 'torch.Tensor', attention_mask: 'torch.Tensor') -> 'torch.Tensor' recompiled, set torch._logging.set_logs(recompiles=True) for details
  warnings.warn(
/usr/local/python3.12.13/lib/python3.12/site-packages/torch_npu/dynamo/torchair/inference/_cache_compiler.py:509: UserWarning: Skip cache as VisionPrefillStage.forward(prefix_hidden_states: 'torch.Tensor', rope_cos: 'torch.Tensor', rope_sin: 'torch.Tensor', attention_mask: 'torch.Tensor') -> 'torch.Tensor' recompiled, set torch._logging.set_logs(recompiles=True) for details
  warnings.warn(
/usr/local/python3.12.13/lib/python3.12/site-packages/torch_npu/dynamo/torchair/inference/_cache_compiler.py:509: UserWarning: Skip cache as VisionPrefillStage.forward(prefix_hidden_states: 'torch.Tensor', rope_cos: 'torch.Tensor', rope_sin: 'torch.Tensor', attention_mask: 'torch.Tensor') -> 'torch.Tensor' recompiled, set torch._logging.set_logs(recompiles=True) for details
  warnings.warn(
/usr/local/python3.12.13/lib/python3.12/site-packages/torch_npu/dynamo/torchair/inference/_cache_compiler.py:509: UserWarning: Skip cache as VisionPrefillStage.forward(prefix_hidden_states: 'torch.Tensor', rope_cos: 'torch.Tensor', rope_sin: 'torch.Tensor', attention_mask: 'torch.Tensor') -> 'torch.Tensor' recompiled, set torch._logging.set_logs(recompiles=True) for details
  warnings.warn(
/usr/local/python3.12.13/lib/python3.12/site-packages/torch_npu/dynamo/torchair/inference/_cache_compiler.py:509: UserWarning: Skip cache as VisionPrefillStage.forward(prefix_hidden_states: 'torch.Tensor', rope_cos: 'torch.Tensor', rope_sin: 'torch.Tensor', attention_mask: 'torch.Tensor') -> 'torch.Tensor' recompiled, set torch._logging.set_logs(recompiles=True) for details
  warnings.warn(
/usr/local/python3.12.13/lib/python3.12/site-packages/torch_npu/dynamo/torchair/inference/_cache_compiler.py:509: UserWarning: Skip cache as VisionPrefillStage.forward(prefix_hidden_states: 'torch.Tensor', rope_cos: 'torch.Tensor', rope_sin: 'torch.Tensor', attention_mask: 'torch.Tensor') -> 'torch.Tensor' recompiled, set torch._logging.set_logs(recompiles=True) for details
  warnings.warn(
/usr/local/python3.12.13/lib/python3.12/site-packages/torch_npu/dynamo/torchair/inference/_cache_compiler.py:509: UserWarning: Skip cache as VisionPrefillStage.forward(prefix_hidden_states: 'torch.Tensor', rope_cos: 'torch.Tensor', rope_sin: 'torch.Tensor', attention_mask: 'torch.Tensor') -> 'torch.Tensor' recompiled, set torch._logging.set_logs(recompiles=True) for details
  warnings.warn(
/usr/local/python3.12.13/lib/python3.12/site-packages/torch_npu/dynamo/torchair/inference/_cache_compiler.py:509: UserWarning: Skip cache as VisionPrefillStage.forward(prefix_hidden_states: 'torch.Tensor', rope_cos: 'torch.Tensor', rope_sin: 'torch.Tensor', attention_mask: 'torch.Tensor') -> 'torch.Tensor' recompiled, set torch._logging.set_logs(recompiles=True) for details
  warnings.warn(
/usr/local/python3.12.13/lib/python3.12/site-packages/torch_npu/dynamo/torchair/inference/_cache_compiler.py:509: UserWarning: Skip cache as VisionPrefillStage.forward(prefix_hidden_states: 'torch.Tensor', rope_cos: 'torch.Tensor', rope_sin: 'torch.Tensor', attention_mask: 'torch.Tensor') -> 'torch.Tensor' recompiled, set torch._logging.set_logs(recompiles=True) for details
  warnings.warn(
/usr/local/python3.12.13/lib/python3.12/site-packages/torch_npu/dynamo/torchair/inference/_cache_compiler.py:509: UserWarning: Skip cache as VisionPrefillStage.forward(prefix_hidden_states: 'torch.Tensor', rope_cos: 'torch.Tensor', rope_sin: 'torch.Tensor', attention_mask: 'torch.Tensor') -> 'torch.Tensor' recompiled, set torch._logging.set_logs(recompiles=True) for details
  warnings.warn(
/usr/local/python3.12.13/lib/python3.12/site-packages/torch_npu/dynamo/torchair/inference/_cache_compiler.py:509: UserWarning: Skip cache as VisionPrefillStage.forward(prefix_hidden_states: 'torch.Tensor', rope_cos: 'torch.Tensor', rope_sin: 'torch.Tensor', attention_mask: 'torch.Tensor') -> 'torch.Tensor' recompiled, set torch._logging.set_logs(recompiles=True) for details
  warnings.warn(
/usr/local/python3.12.13/lib/python3.12/site-packages/torch_npu/dynamo/torchair/inference/_cache_compiler.py:509: UserWarning: Skip cache as VisionPrefillStage.forward(prefix_hidden_states: 'torch.Tensor', rope_cos: 'torch.Tensor', rope_sin: 'torch.Tensor', attention_mask: 'torch.Tensor') -> 'torch.Tensor' recompiled, set torch._logging.set_logs(recompiles=True) for details
  warnings.warn(
/usr/local/python3.12.13/lib/python3.12/site-packages/torch_npu/dynamo/torchair/inference/_cache_compiler.py:509: UserWarning: Skip cache as VisionPrefillStage.forward(prefix_hidden_states: 'torch.Tensor', rope_cos: 'torch.Tensor', rope_sin: 'torch.Tensor', attention_mask: 'torch.Tensor') -> 'torch.Tensor' recompiled, set torch._logging.set_logs(recompiles=True) for details
  warnings.warn(
/usr/local/python3.12.13/lib/python3.12/site-packages/torch_npu/dynamo/torchair/inference/_cache_compiler.py:509: UserWarning: Skip cache as VisionPrefillStage.forward(prefix_hidden_states: 'torch.Tensor', rope_cos: 'torch.Tensor', rope_sin: 'torch.Tensor', attention_mask: 'torch.Tensor') -> 'torch.Tensor' recompiled, set torch._logging.set_logs(recompiles=True) for details
  warnings.warn(
/usr/local/python3.12.13/lib/python3.12/site-packages/torch_npu/dynamo/torchair/inference/_cache_compiler.py:509: UserWarning: Skip cache as VisionPrefillStage.forward(prefix_hidden_states: 'torch.Tensor', rope_cos: 'torch.Tensor', rope_sin: 'torch.Tensor', attention_mask: 'torch.Tensor') -> 'torch.Tensor' recompiled, set torch._logging.set_logs(recompiles=True) for details
  warnings.warn(
/usr/local/python3.12.13/lib/python3.12/site-packages/torch_npu/dynamo/torchair/inference/_cache_compiler.py:509: UserWarning: Skip cache as VisionPrefillStage.forward(prefix_hidden_states: 'torch.Tensor', rope_cos: 'torch.Tensor', rope_sin: 'torch.Tensor', attention_mask: 'torch.Tensor') -> 'torch.Tensor' recompiled, set torch._logging.set_logs(recompiles=True) for details
  warnings.warn(
/usr/local/python3.12.13/lib/python3.12/site-packages/torch_npu/dynamo/torchair/inference/_cache_compiler.py:509: UserWarning: Skip cache as VisionPrefillStage.forward(prefix_hidden_states: 'torch.Tensor', rope_cos: 'torch.Tensor', rope_sin: 'torch.Tensor', attention_mask: 'torch.Tensor') -> 'torch.Tensor' recompiled, set torch._logging.set_logs(recompiles=True) for details
  warnings.warn(
/usr/local/python3.12.13/lib/python3.12/site-packages/torch_npu/dynamo/torchair/inference/_cache_compiler.py:509: UserWarning: Skip cache as VisionPrefillStage.forward(prefix_hidden_states: 'torch.Tensor', rope_cos: 'torch.Tensor', rope_sin: 'torch.Tensor', attention_mask: 'torch.Tensor') -> 'torch.Tensor' recompiled, set torch._logging.set_logs(recompiles=True) for details
  warnings.warn(
/usr/local/python3.12.13/lib/python3.12/site-packages/torch_npu/dynamo/torchair/inference/_cache_compiler.py:509: UserWarning: Skip cache as VisionPrefillStage.forward(prefix_hidden_states: 'torch.Tensor', rope_cos: 'torch.Tensor', rope_sin: 'torch.Tensor', attention_mask: 'torch.Tensor') -> 'torch.Tensor' recompiled, set torch._logging.set_logs(recompiles=True) for details
  warnings.warn(
/usr/local/python3.12.13/lib/python3.12/site-packages/torch_npu/dynamo/torchair/inference/_cache_compiler.py:509: UserWarning: Skip cache as VisionPrefillStage.forward(prefix_hidden_states: 'torch.Tensor', rope_cos: 'torch.Tensor', rope_sin: 'torch.Tensor', attention_mask: 'torch.Tensor') -> 'torch.Tensor' recompiled, set torch._logging.set_logs(recompiles=True) for details
  warnings.warn(
/usr/local/python3.12.13/lib/python3.12/site-packages/torch_npu/dynamo/torchair/inference/_cache_compiler.py:509: UserWarning: Skip cache as VisionPrefillStage.forward(prefix_hidden_states: 'torch.Tensor', rope_cos: 'torch.Tensor', rope_sin: 'torch.Tensor', attention_mask: 'torch.Tensor') -> 'torch.Tensor' recompiled, set torch._logging.set_logs(recompiles=True) for details
  warnings.warn(
/usr/local/python3.12.13/lib/python3.12/site-packages/torch_npu/dynamo/torchair/inference/_cache_compiler.py:509: UserWarning: Skip cache as VisionPrefillStage.forward(prefix_hidden_states: 'torch.Tensor', rope_cos: 'torch.Tensor', rope_sin: 'torch.Tensor', attention_mask: 'torch.Tensor') -> 'torch.Tensor' recompiled, set torch._logging.set_logs(recompiles=True) for details
  warnings.warn(
/usr/local/python3.12.13/lib/python3.12/site-packages/torch_npu/dynamo/torchair/inference/_cache_compiler.py:509: UserWarning: Skip cache as VisionPrefillStage.forward(prefix_hidden_states: 'torch.Tensor', rope_cos: 'torch.Tensor', rope_sin: 'torch.Tensor', attention_mask: 'torch.Tensor') -> 'torch.Tensor' recompiled, set torch._logging.set_logs(recompiles=True) for details
  warnings.warn(
/usr/local/python3.12.13/lib/python3.12/site-packages/torch_npu/dynamo/torchair/inference/_cache_compiler.py:509: UserWarning: Skip cache as VisionPrefillStage.forward(prefix_hidden_states: 'torch.Tensor', rope_cos: 'torch.Tensor', rope_sin: 'torch.Tensor', attention_mask: 'torch.Tensor') -> 'torch.Tensor' recompiled, set torch._logging.set_logs(recompiles=True) for details
  warnings.warn(
/usr/local/python3.12.13/lib/python3.12/site-packages/torch_npu/dynamo/torchair/inference/_cache_compiler.py:509: UserWarning: Skip cache as VisionPrefillStage.forward(prefix_hidden_states: 'torch.Tensor', rope_cos: 'torch.Tensor', rope_sin: 'torch.Tensor', attention_mask: 'torch.Tensor') -> 'torch.Tensor' recompiled, set torch._logging.set_logs(recompiles=True) for details
  warnings.warn(
/usr/local/python3.12.13/lib/python3.12/site-packages/torch_npu/dynamo/torchair/inference/_cache_compiler.py:509: UserWarning: Skip cache as VisionPrefillStage.forward(prefix_hidden_states: 'torch.Tensor', rope_cos: 'torch.Tensor', rope_sin: 'torch.Tensor', attention_mask: 'torch.Tensor') -> 'torch.Tensor' recompiled, set torch._logging.set_logs(recompiles=True) for details
  warnings.warn(
/usr/local/python3.12.13/lib/python3.12/site-packages/torch_npu/dynamo/torchair/inference/_cache_compiler.py:509: UserWarning: Skip cache as VisionPrefillStage.forward(prefix_hidden_states: 'torch.Tensor', rope_cos: 'torch.Tensor', rope_sin: 'torch.Tensor', attention_mask: 'torch.Tensor') -> 'torch.Tensor' recompiled, set torch._logging.set_logs(recompiles=True) for details
  warnings.warn(
/usr/local/python3.12.13/lib/python3.12/site-packages/torch_npu/dynamo/torchair/inference/_cache_compiler.py:509: UserWarning: Skip cache as VisionPrefillStage.forward(prefix_hidden_states: 'torch.Tensor', rope_cos: 'torch.Tensor', rope_sin: 'torch.Tensor', attention_mask: 'torch.Tensor') -> 'torch.Tensor' recompiled, set torch._logging.set_logs(recompiles=True) for details
  warnings.warn(
/usr/local/python3.12.13/lib/python3.12/site-packages/torch_npu/dynamo/torchair/inference/_cache_compiler.py:509: UserWarning: Skip cache as VisionPrefillStage.forward(prefix_hidden_states: 'torch.Tensor', rope_cos: 'torch.Tensor', rope_sin: 'torch.Tensor', attention_mask: 'torch.Tensor') -> 'torch.Tensor' recompiled, set torch._logging.set_logs(recompiles=True) for details
  warnings.warn(
/usr/local/python3.12.13/lib/python3.12/site-packages/torch_npu/dynamo/torchair/inference/_cache_compiler.py:509: UserWarning: Skip cache as VisionPrefillStage.forward(prefix_hidden_states: 'torch.Tensor', rope_cos: 'torch.Tensor', rope_sin: 'torch.Tensor', attention_mask: 'torch.Tensor') -> 'torch.Tensor' recompiled, set torch._logging.set_logs(recompiles=True) for details
  warnings.warn(
/usr/local/python3.12.13/lib/python3.12/site-packages/torch_npu/dynamo/torchair/inference/_cache_compiler.py:509: UserWarning: Skip cache as VisionPrefillStage.forward(prefix_hidden_states: 'torch.Tensor', rope_cos: 'torch.Tensor', rope_sin: 'torch.Tensor', attention_mask: 'torch.Tensor') -> 'torch.Tensor' recompiled, set torch._logging.set_logs(recompiles=True) for details
  warnings.warn(
/usr/local/python3.12.13/lib/python3.12/site-packages/torch_npu/dynamo/torchair/inference/_cache_compiler.py:509: UserWarning: Skip cache as VisionPrefillStage.forward(prefix_hidden_states: 'torch.Tensor', rope_cos: 'torch.Tensor', rope_sin: 'torch.Tensor', attention_mask: 'torch.Tensor') -> 'torch.Tensor' recompiled, set torch._logging.set_logs(recompiles=True) for details
  warnings.warn(
/usr/local/python3.12.13/lib/python3.12/site-packages/torch_npu/dynamo/torchair/inference/_cache_compiler.py:509: UserWarning: Skip cache as VisionPrefillStage.forward(prefix_hidden_states: 'torch.Tensor', rope_cos: 'torch.Tensor', rope_sin: 'torch.Tensor', attention_mask: 'torch.Tensor') -> 'torch.Tensor' recompiled, set torch._logging.set_logs(recompiles=True) for details
  warnings.warn(
/usr/local/python3.12.13/lib/python3.12/site-packages/torch_npu/dynamo/torchair/inference/_cache_compiler.py:509: UserWarning: Skip cache as VisionPrefillStage.forward(prefix_hidden_states: 'torch.Tensor', rope_cos: 'torch.Tensor', rope_sin: 'torch.Tensor', attention_mask: 'torch.Tensor') -> 'torch.Tensor' recompiled, set torch._logging.set_logs(recompiles=True) for details
  warnings.warn(
/usr/local/python3.12.13/lib/python3.12/site-packages/torch_npu/dynamo/torchair/inference/_cache_compiler.py:509: UserWarning: Skip cache as VisionPrefillStage.forward(prefix_hidden_states: 'torch.Tensor', rope_cos: 'torch.Tensor', rope_sin: 'torch.Tensor', attention_mask: 'torch.Tensor') -> 'torch.Tensor' recompiled, set torch._logging.set_logs(recompiles=True) for details
  warnings.warn(
/usr/local/python3.12.13/lib/python3.12/site-packages/torch_npu/dynamo/torchair/inference/_cache_compiler.py:509: UserWarning: Skip cache as VisionPrefillStage.forward(prefix_hidden_states: 'torch.Tensor', rope_cos: 'torch.Tensor', rope_sin: 'torch.Tensor', attention_mask: 'torch.Tensor') -> 'torch.Tensor' recompiled, set torch._logging.set_logs(recompiles=True) for details
  warnings.warn(
/usr/local/python3.12.13/lib/python3.12/site-packages/torch_npu/dynamo/torchair/inference/_cache_compiler.py:509: UserWarning: Skip cache as VisionPrefillStage.forward(prefix_hidden_states: 'torch.Tensor', rope_cos: 'torch.Tensor', rope_sin: 'torch.Tensor', attention_mask: 'torch.Tensor') -> 'torch.Tensor' recompiled, set torch._logging.set_logs(recompiles=True) for details
  warnings.warn(
/usr/local/python3.12.13/lib/python3.12/site-packages/torch_npu/dynamo/torchair/inference/_cache_compiler.py:509: UserWarning: Skip cache as VisionPrefillStage.forward(prefix_hidden_states: 'torch.Tensor', rope_cos: 'torch.Tensor', rope_sin: 'torch.Tensor', attention_mask: 'torch.Tensor') -> 'torch.Tensor' recompiled, set torch._logging.set_logs(recompiles=True) for details
  warnings.warn(
/usr/local/python3.12.13/lib/python3.12/site-packages/torch_npu/dynamo/torchair/inference/_cache_compiler.py:509: UserWarning: Skip cache as VisionPrefillStage.forward(prefix_hidden_states: 'torch.Tensor', rope_cos: 'torch.Tensor', rope_sin: 'torch.Tensor', attention_mask: 'torch.Tensor') -> 'torch.Tensor' recompiled, set torch._logging.set_logs(recompiles=True) for details
  warnings.warn(
/usr/local/python3.12.13/lib/python3.12/site-packages/torch_npu/dynamo/torchair/inference/_cache_compiler.py:509: UserWarning: Skip cache as VisionPrefillStage.forward(prefix_hidden_states: 'torch.Tensor', rope_cos: 'torch.Tensor', rope_sin: 'torch.Tensor', attention_mask: 'torch.Tensor') -> 'torch.Tensor' recompiled, set torch._logging.set_logs(recompiles=True) for details
  warnings.warn(
/usr/local/python3.12.13/lib/python3.12/site-packages/torch_npu/dynamo/torchair/inference/_cache_compiler.py:509: UserWarning: Skip cache as VisionPrefillStage.forward(prefix_hidden_states: 'torch.Tensor', rope_cos: 'torch.Tensor', rope_sin: 'torch.Tensor', attention_mask: 'torch.Tensor') -> 'torch.Tensor' recompiled, set torch._logging.set_logs(recompiles=True) for details
  warnings.warn(
/usr/local/python3.12.13/lib/python3.12/site-packages/torch_npu/dynamo/torchair/inference/_cache_compiler.py:509: UserWarning: Skip cache as VisionPrefillStage.forward(prefix_hidden_states: 'torch.Tensor', rope_cos: 'torch.Tensor', rope_sin: 'torch.Tensor', attention_mask: 'torch.Tensor') -> 'torch.Tensor' recompiled, set torch._logging.set_logs(recompiles=True) for details
  warnings.warn(
/usr/local/python3.12.13/lib/python3.12/site-packages/torch_npu/dynamo/torchair/inference/_cache_compiler.py:509: UserWarning: Skip cache as VisionPrefillStage.forward(prefix_hidden_states: 'torch.Tensor', rope_cos: 'torch.Tensor', rope_sin: 'torch.Tensor', attention_mask: 'torch.Tensor') -> 'torch.Tensor' recompiled, set torch._logging.set_logs(recompiles=True) for details
  warnings.warn(
/usr/local/python3.12.13/lib/python3.12/site-packages/torch_npu/dynamo/torchair/inference/_cache_compiler.py:509: UserWarning: Skip cache as VisionPrefillStage.forward(prefix_hidden_states: 'torch.Tensor', rope_cos: 'torch.Tensor', rope_sin: 'torch.Tensor', attention_mask: 'torch.Tensor') -> 'torch.Tensor' recompiled, set torch._logging.set_logs(recompiles=True) for details
  warnings.warn(
/usr/local/python3.12.13/lib/python3.12/site-packages/torch_npu/dynamo/torchair/inference/_cache_compiler.py:509: UserWarning: Skip cache as VisionPrefillStage.forward(prefix_hidden_states: 'torch.Tensor', rope_cos: 'torch.Tensor', rope_sin: 'torch.Tensor', attention_mask: 'torch.Tensor') -> 'torch.Tensor' recompiled, set torch._logging.set_logs(recompiles=True) for details
  warnings.warn(
/usr/local/python3.12.13/lib/python3.12/site-packages/torch_npu/dynamo/torchair/inference/_cache_compiler.py:509: UserWarning: Skip cache as VisionPrefillStage.forward(prefix_hidden_states: 'torch.Tensor', rope_cos: 'torch.Tensor', rope_sin: 'torch.Tensor', attention_mask: 'torch.Tensor') -> 'torch.Tensor' recompiled, set torch._logging.set_logs(recompiles=True) for details
  warnings.warn(
/usr/local/python3.12.13/lib/python3.12/site-packages/torch_npu/dynamo/torchair/inference/_cache_compiler.py:509: UserWarning: Skip cache as VisionPrefillStage.forward(prefix_hidden_states: 'torch.Tensor', rope_cos: 'torch.Tensor', rope_sin: 'torch.Tensor', attention_mask: 'torch.Tensor') -> 'torch.Tensor' recompiled, set torch._logging.set_logs(recompiles=True) for details
  warnings.warn(
/usr/local/python3.12.13/lib/python3.12/site-packages/torch_npu/dynamo/torchair/inference/_cache_compiler.py:509: UserWarning: Skip cache as VisionPrefillStage.forward(prefix_hidden_states: 'torch.Tensor', rope_cos: 'torch.Tensor', rope_sin: 'torch.Tensor', attention_mask: 'torch.Tensor') -> 'torch.Tensor' recompiled, set torch._logging.set_logs(recompiles=True) for details
  warnings.warn(
/usr/local/python3.12.13/lib/python3.12/site-packages/torch_npu/dynamo/torchair/inference/_cache_compiler.py:509: UserWarning: Skip cache as VisionPrefillStage.forward(prefix_hidden_states: 'torch.Tensor', rope_cos: 'torch.Tensor', rope_sin: 'torch.Tensor', attention_mask: 'torch.Tensor') -> 'torch.Tensor' recompiled, set torch._logging.set_logs(recompiles=True) for details
  warnings.warn(
/usr/local/python3.12.13/lib/python3.12/site-packages/torch_npu/dynamo/torchair/inference/_cache_compiler.py:509: UserWarning: Skip cache as VisionPrefillStage.forward(prefix_hidden_states: 'torch.Tensor', rope_cos: 'torch.Tensor', rope_sin: 'torch.Tensor', attention_mask: 'torch.Tensor') -> 'torch.Tensor' recompiled, set torch._logging.set_logs(recompiles=True) for details
  warnings.warn(
/usr/local/python3.12.13/lib/python3.12/site-packages/torch_npu/dynamo/torchair/inference/_cache_compiler.py:509: UserWarning: Skip cache as VisionPrefillStage.forward(prefix_hidden_states: 'torch.Tensor', rope_cos: 'torch.Tensor', rope_sin: 'torch.Tensor', attention_mask: 'torch.Tensor') -> 'torch.Tensor' recompiled, set torch._logging.set_logs(recompiles=True) for details
  warnings.warn(
/usr/local/python3.12.13/lib/python3.12/site-packages/torch_npu/dynamo/torchair/inference/_cache_compiler.py:509: UserWarning: Skip cache as VisionPrefillStage.forward(prefix_hidden_states: 'torch.Tensor', rope_cos: 'torch.Tensor', rope_sin: 'torch.Tensor', attention_mask: 'torch.Tensor') -> 'torch.Tensor' recompiled, set torch._logging.set_logs(recompiles=True) for details
  warnings.warn(
/usr/local/python3.12.13/lib/python3.12/site-packages/torch_npu/dynamo/torchair/inference/_cache_compiler.py:509: UserWarning: Skip cache as VisionPrefillStage.forward(prefix_hidden_states: 'torch.Tensor', rope_cos: 'torch.Tensor', rope_sin: 'torch.Tensor', attention_mask: 'torch.Tensor') -> 'torch.Tensor' recompiled, set torch._logging.set_logs(recompiles=True) for details
  warnings.warn(
/usr/local/python3.12.13/lib/python3.12/site-packages/torch_npu/dynamo/torchair/inference/_cache_compiler.py:509: UserWarning: Skip cache as VisionPrefillStage.forward(prefix_hidden_states: 'torch.Tensor', rope_cos: 'torch.Tensor', rope_sin: 'torch.Tensor', attention_mask: 'torch.Tensor') -> 'torch.Tensor' recompiled, set torch._logging.set_logs(recompiles=True) for details
  warnings.warn(
/usr/local/python3.12.13/lib/python3.12/site-packages/torch_npu/dynamo/torchair/inference/_cache_compiler.py:509: UserWarning: Skip cache as VisionPrefillStage.forward(prefix_hidden_states: 'torch.Tensor', rope_cos: 'torch.Tensor', rope_sin: 'torch.Tensor', attention_mask: 'torch.Tensor') -> 'torch.Tensor' recompiled, set torch._logging.set_logs(recompiles=True) for details
  warnings.warn(
benchmark=synthetic_repeat:b2_s1024
/usr/local/python3.12.13/lib/python3.12/site-packages/torch_npu/dynamo/torchair/inference/_cache_compiler.py:509: UserWarning: Skip cache as VisionPrefillStage.forward(prefix_hidden_states: 'torch.Tensor', rope_cos: 'torch.Tensor', rope_sin: 'torch.Tensor', attention_mask: 'torch.Tensor') -> 'torch.Tensor' recompiled, set torch._logging.set_logs(recompiles=True) for details
  warnings.warn(
/usr/local/python3.12.13/lib/python3.12/site-packages/torch_npu/dynamo/torchair/inference/_cache_compiler.py:509: UserWarning: Skip cache as VisionPrefillStage.forward(prefix_hidden_states: 'torch.Tensor', rope_cos: 'torch.Tensor', rope_sin: 'torch.Tensor', attention_mask: 'torch.Tensor') -> 'torch.Tensor' recompiled, set torch._logging.set_logs(recompiles=True) for details
  warnings.warn(
/usr/local/python3.12.13/lib/python3.12/site-packages/torch_npu/dynamo/torchair/inference/_cache_compiler.py:509: UserWarning: Skip cache as VisionPrefillStage.forward(prefix_hidden_states: 'torch.Tensor', rope_cos: 'torch.Tensor', rope_sin: 'torch.Tensor', attention_mask: 'torch.Tensor') -> 'torch.Tensor' recompiled, set torch._logging.set_logs(recompiles=True) for details
  warnings.warn(
/usr/local/python3.12.13/lib/python3.12/site-packages/torch_npu/dynamo/torchair/inference/_cache_compiler.py:509: UserWarning: Skip cache as VisionPrefillStage.forward(prefix_hidden_states: 'torch.Tensor', rope_cos: 'torch.Tensor', rope_sin: 'torch.Tensor', attention_mask: 'torch.Tensor') -> 'torch.Tensor' recompiled, set torch._logging.set_logs(recompiles=True) for details
  warnings.warn(
/usr/local/python3.12.13/lib/python3.12/site-packages/torch_npu/dynamo/torchair/inference/_cache_compiler.py:509: UserWarning: Skip cache as VisionPrefillStage.forward(prefix_hidden_states: 'torch.Tensor', rope_cos: 'torch.Tensor', rope_sin: 'torch.Tensor', attention_mask: 'torch.Tensor') -> 'torch.Tensor' recompiled, set torch._logging.set_logs(recompiles=True) for details
  warnings.warn(
/usr/local/python3.12.13/lib/python3.12/site-packages/torch_npu/dynamo/torchair/inference/_cache_compiler.py:509: UserWarning: Skip cache as VisionPrefillStage.forward(prefix_hidden_states: 'torch.Tensor', rope_cos: 'torch.Tensor', rope_sin: 'torch.Tensor', attention_mask: 'torch.Tensor') -> 'torch.Tensor' recompiled, set torch._logging.set_logs(recompiles=True) for details
  warnings.warn(
/usr/local/python3.12.13/lib/python3.12/site-packages/torch_npu/dynamo/torchair/inference/_cache_compiler.py:509: UserWarning: Skip cache as VisionPrefillStage.forward(prefix_hidden_states: 'torch.Tensor', rope_cos: 'torch.Tensor', rope_sin: 'torch.Tensor', attention_mask: 'torch.Tensor') -> 'torch.Tensor' recompiled, set torch._logging.set_logs(recompiles=True) for details
  warnings.warn(
/usr/local/python3.12.13/lib/python3.12/site-packages/torch_npu/dynamo/torchair/inference/_cache_compiler.py:509: UserWarning: Skip cache as VisionPrefillStage.forward(prefix_hidden_states: 'torch.Tensor', rope_cos: 'torch.Tensor', rope_sin: 'torch.Tensor', attention_mask: 'torch.Tensor') -> 'torch.Tensor' recompiled, set torch._logging.set_logs(recompiles=True) for details
  warnings.warn(
/usr/local/python3.12.13/lib/python3.12/site-packages/torch_npu/dynamo/torchair/inference/_cache_compiler.py:509: UserWarning: Skip cache as VisionPrefillStage.forward(prefix_hidden_states: 'torch.Tensor', rope_cos: 'torch.Tensor', rope_sin: 'torch.Tensor', attention_mask: 'torch.Tensor') -> 'torch.Tensor' recompiled, set torch._logging.set_logs(recompiles=True) for details
  warnings.warn(
/usr/local/python3.12.13/lib/python3.12/site-packages/torch_npu/dynamo/torchair/inference/_cache_compiler.py:509: UserWarning: Skip cache as VisionPrefillStage.forward(prefix_hidden_states: 'torch.Tensor', rope_cos: 'torch.Tensor', rope_sin: 'torch.Tensor', attention_mask: 'torch.Tensor') -> 'torch.Tensor' recompiled, set torch._logging.set_logs(recompiles=True) for details
  warnings.warn(
/usr/local/python3.12.13/lib/python3.12/site-packages/torch_npu/dynamo/torchair/inference/_cache_compiler.py:509: UserWarning: Skip cache as VisionPrefillStage.forward(prefix_hidden_states: 'torch.Tensor', rope_cos: 'torch.Tensor', rope_sin: 'torch.Tensor', attention_mask: 'torch.Tensor') -> 'torch.Tensor' recompiled, set torch._logging.set_logs(recompiles=True) for details
  warnings.warn(
/usr/local/python3.12.13/lib/python3.12/site-packages/torch_npu/dynamo/torchair/inference/_cache_compiler.py:509: UserWarning: Skip cache as VisionPrefillStage.forward(prefix_hidden_states: 'torch.Tensor', rope_cos: 'torch.Tensor', rope_sin: 'torch.Tensor', attention_mask: 'torch.Tensor') -> 'torch.Tensor' recompiled, set torch._logging.set_logs(recompiles=True) for details
  warnings.warn(
/usr/local/python3.12.13/lib/python3.12/site-packages/torch_npu/dynamo/torchair/inference/_cache_compiler.py:509: UserWarning: Skip cache as VisionPrefillStage.forward(prefix_hidden_states: 'torch.Tensor', rope_cos: 'torch.Tensor', rope_sin: 'torch.Tensor', attention_mask: 'torch.Tensor') -> 'torch.Tensor' recompiled, set torch._logging.set_logs(recompiles=True) for details
  warnings.warn(
/usr/local/python3.12.13/lib/python3.12/site-packages/torch_npu/dynamo/torchair/inference/_cache_compiler.py:509: UserWarning: Skip cache as VisionPrefillStage.forward(prefix_hidden_states: 'torch.Tensor', rope_cos: 'torch.Tensor', rope_sin: 'torch.Tensor', attention_mask: 'torch.Tensor') -> 'torch.Tensor' recompiled, set torch._logging.set_logs(recompiles=True) for details
  warnings.warn(
/usr/local/python3.12.13/lib/python3.12/site-packages/torch_npu/dynamo/torchair/inference/_cache_compiler.py:509: UserWarning: Skip cache as VisionPrefillStage.forward(prefix_hidden_states: 'torch.Tensor', rope_cos: 'torch.Tensor', rope_sin: 'torch.Tensor', attention_mask: 'torch.Tensor') -> 'torch.Tensor' recompiled, set torch._logging.set_logs(recompiles=True) for details
  warnings.warn(
/usr/local/python3.12.13/lib/python3.12/site-packages/torch_npu/dynamo/torchair/inference/_cache_compiler.py:509: UserWarning: Skip cache as VisionPrefillStage.forward(prefix_hidden_states: 'torch.Tensor', rope_cos: 'torch.Tensor', rope_sin: 'torch.Tensor', attention_mask: 'torch.Tensor') -> 'torch.Tensor' recompiled, set torch._logging.set_logs(recompiles=True) for details
  warnings.warn(
/usr/local/python3.12.13/lib/python3.12/site-packages/torch_npu/dynamo/torchair/inference/_cache_compiler.py:509: UserWarning: Skip cache as VisionPrefillStage.forward(prefix_hidden_states: 'torch.Tensor', rope_cos: 'torch.Tensor', rope_sin: 'torch.Tensor', attention_mask: 'torch.Tensor') -> 'torch.Tensor' recompiled, set torch._logging.set_logs(recompiles=True) for details
  warnings.warn(
/usr/local/python3.12.13/lib/python3.12/site-packages/torch_npu/dynamo/torchair/inference/_cache_compiler.py:509: UserWarning: Skip cache as VisionPrefillStage.forward(prefix_hidden_states: 'torch.Tensor', rope_cos: 'torch.Tensor', rope_sin: 'torch.Tensor', attention_mask: 'torch.Tensor') -> 'torch.Tensor' recompiled, set torch._logging.set_logs(recompiles=True) for details
  warnings.warn(
/usr/local/python3.12.13/lib/python3.12/site-packages/torch_npu/dynamo/torchair/inference/_cache_compiler.py:509: UserWarning: Skip cache as VisionPrefillStage.forward(prefix_hidden_states: 'torch.Tensor', rope_cos: 'torch.Tensor', rope_sin: 'torch.Tensor', attention_mask: 'torch.Tensor') -> 'torch.Tensor' recompiled, set torch._logging.set_logs(recompiles=True) for details
  warnings.warn(
/usr/local/python3.12.13/lib/python3.12/site-packages/torch_npu/dynamo/torchair/inference/_cache_compiler.py:509: UserWarning: Skip cache as VisionPrefillStage.forward(prefix_hidden_states: 'torch.Tensor', rope_cos: 'torch.Tensor', rope_sin: 'torch.Tensor', attention_mask: 'torch.Tensor') -> 'torch.Tensor' recompiled, set torch._logging.set_logs(recompiles=True) for details
  warnings.warn(
/usr/local/python3.12.13/lib/python3.12/site-packages/torch_npu/dynamo/torchair/inference/_cache_compiler.py:509: UserWarning: Skip cache as VisionPrefillStage.forward(prefix_hidden_states: 'torch.Tensor', rope_cos: 'torch.Tensor', rope_sin: 'torch.Tensor', attention_mask: 'torch.Tensor') -> 'torch.Tensor' recompiled, set torch._logging.set_logs(recompiles=True) for details
  warnings.warn(
/usr/local/python3.12.13/lib/python3.12/site-packages/torch_npu/dynamo/torchair/inference/_cache_compiler.py:509: UserWarning: Skip cache as VisionPrefillStage.forward(prefix_hidden_states: 'torch.Tensor', rope_cos: 'torch.Tensor', rope_sin: 'torch.Tensor', attention_mask: 'torch.Tensor') -> 'torch.Tensor' recompiled, set torch._logging.set_logs(recompiles=True) for details
  warnings.warn(
/usr/local/python3.12.13/lib/python3.12/site-packages/torch_npu/dynamo/torchair/inference/_cache_compiler.py:509: UserWarning: Skip cache as VisionPrefillStage.forward(prefix_hidden_states: 'torch.Tensor', rope_cos: 'torch.Tensor', rope_sin: 'torch.Tensor', attention_mask: 'torch.Tensor') -> 'torch.Tensor' recompiled, set torch._logging.set_logs(recompiles=True) for details
  warnings.warn(
/usr/local/python3.12.13/lib/python3.12/site-packages/torch_npu/dynamo/torchair/inference/_cache_compiler.py:509: UserWarning: Skip cache as VisionPrefillStage.forward(prefix_hidden_states: 'torch.Tensor', rope_cos: 'torch.Tensor', rope_sin: 'torch.Tensor', attention_mask: 'torch.Tensor') -> 'torch.Tensor' recompiled, set torch._logging.set_logs(recompiles=True) for details
  warnings.warn(
/usr/local/python3.12.13/lib/python3.12/site-packages/torch_npu/dynamo/torchair/inference/_cache_compiler.py:509: UserWarning: Skip cache as VisionPrefillStage.forward(prefix_hidden_states: 'torch.Tensor', rope_cos: 'torch.Tensor', rope_sin: 'torch.Tensor', attention_mask: 'torch.Tensor') -> 'torch.Tensor' recompiled, set torch._logging.set_logs(recompiles=True) for details
  warnings.warn(
/usr/local/python3.12.13/lib/python3.12/site-packages/torch_npu/dynamo/torchair/inference/_cache_compiler.py:509: UserWarning: Skip cache as VisionPrefillStage.forward(prefix_hidden_states: 'torch.Tensor', rope_cos: 'torch.Tensor', rope_sin: 'torch.Tensor', attention_mask: 'torch.Tensor') -> 'torch.Tensor' recompiled, set torch._logging.set_logs(recompiles=True) for details
  warnings.warn(
/usr/local/python3.12.13/lib/python3.12/site-packages/torch_npu/dynamo/torchair/inference/_cache_compiler.py:509: UserWarning: Skip cache as VisionPrefillStage.forward(prefix_hidden_states: 'torch.Tensor', rope_cos: 'torch.Tensor', rope_sin: 'torch.Tensor', attention_mask: 'torch.Tensor') -> 'torch.Tensor' recompiled, set torch._logging.set_logs(recompiles=True) for details
  warnings.warn(
/usr/local/python3.12.13/lib/python3.12/site-packages/torch_npu/dynamo/torchair/inference/_cache_compiler.py:509: UserWarning: Skip cache as VisionPrefillStage.forward(prefix_hidden_states: 'torch.Tensor', rope_cos: 'torch.Tensor', rope_sin: 'torch.Tensor', attention_mask: 'torch.Tensor') -> 'torch.Tensor' recompiled, set torch._logging.set_logs(recompiles=True) for details
  warnings.warn(
/usr/local/python3.12.13/lib/python3.12/site-packages/torch_npu/dynamo/torchair/inference/_cache_compiler.py:509: UserWarning: Skip cache as VisionPrefillStage.forward(prefix_hidden_states: 'torch.Tensor', rope_cos: 'torch.Tensor', rope_sin: 'torch.Tensor', attention_mask: 'torch.Tensor') -> 'torch.Tensor' recompiled, set torch._logging.set_logs(recompiles=True) for details
  warnings.warn(
/usr/local/python3.12.13/lib/python3.12/site-packages/torch_npu/dynamo/torchair/inference/_cache_compiler.py:509: UserWarning: Skip cache as VisionPrefillStage.forward(prefix_hidden_states: 'torch.Tensor', rope_cos: 'torch.Tensor', rope_sin: 'torch.Tensor', attention_mask: 'torch.Tensor') -> 'torch.Tensor' recompiled, set torch._logging.set_logs(recompiles=True) for details
  warnings.warn(
/usr/local/python3.12.13/lib/python3.12/site-packages/torch_npu/dynamo/torchair/inference/_cache_compiler.py:509: UserWarning: Skip cache as VisionPrefillStage.forward(prefix_hidden_states: 'torch.Tensor', rope_cos: 'torch.Tensor', rope_sin: 'torch.Tensor', attention_mask: 'torch.Tensor') -> 'torch.Tensor' recompiled, set torch._logging.set_logs(recompiles=True) for details
  warnings.warn(
/usr/local/python3.12.13/lib/python3.12/site-packages/torch_npu/dynamo/torchair/inference/_cache_compiler.py:509: UserWarning: Skip cache as VisionPrefillStage.forward(prefix_hidden_states: 'torch.Tensor', rope_cos: 'torch.Tensor', rope_sin: 'torch.Tensor', attention_mask: 'torch.Tensor') -> 'torch.Tensor' recompiled, set torch._logging.set_logs(recompiles=True) for details
  warnings.warn(
/usr/local/python3.12.13/lib/python3.12/site-packages/torch_npu/dynamo/torchair/inference/_cache_compiler.py:509: UserWarning: Skip cache as VisionPrefillStage.forward(prefix_hidden_states: 'torch.Tensor', rope_cos: 'torch.Tensor', rope_sin: 'torch.Tensor', attention_mask: 'torch.Tensor') -> 'torch.Tensor' recompiled, set torch._logging.set_logs(recompiles=True) for details
  warnings.warn(
/usr/local/python3.12.13/lib/python3.12/site-packages/torch_npu/dynamo/torchair/inference/_cache_compiler.py:509: UserWarning: Skip cache as VisionPrefillStage.forward(prefix_hidden_states: 'torch.Tensor', rope_cos: 'torch.Tensor', rope_sin: 'torch.Tensor', attention_mask: 'torch.Tensor') -> 'torch.Tensor' recompiled, set torch._logging.set_logs(recompiles=True) for details
  warnings.warn(
/usr/local/python3.12.13/lib/python3.12/site-packages/torch_npu/dynamo/torchair/inference/_cache_compiler.py:509: UserWarning: Skip cache as VisionPrefillStage.forward(prefix_hidden_states: 'torch.Tensor', rope_cos: 'torch.Tensor', rope_sin: 'torch.Tensor', attention_mask: 'torch.Tensor') -> 'torch.Tensor' recompiled, set torch._logging.set_logs(recompiles=True) for details
  warnings.warn(
/usr/local/python3.12.13/lib/python3.12/site-packages/torch_npu/dynamo/torchair/inference/_cache_compiler.py:509: UserWarning: Skip cache as VisionPrefillStage.forward(prefix_hidden_states: 'torch.Tensor', rope_cos: 'torch.Tensor', rope_sin: 'torch.Tensor', attention_mask: 'torch.Tensor') -> 'torch.Tensor' recompiled, set torch._logging.set_logs(recompiles=True) for details
  warnings.warn(
/usr/local/python3.12.13/lib/python3.12/site-packages/torch_npu/dynamo/torchair/inference/_cache_compiler.py:509: UserWarning: Skip cache as VisionPrefillStage.forward(prefix_hidden_states: 'torch.Tensor', rope_cos: 'torch.Tensor', rope_sin: 'torch.Tensor', attention_mask: 'torch.Tensor') -> 'torch.Tensor' recompiled, set torch._logging.set_logs(recompiles=True) for details
  warnings.warn(
/usr/local/python3.12.13/lib/python3.12/site-packages/torch_npu/dynamo/torchair/inference/_cache_compiler.py:509: UserWarning: Skip cache as VisionPrefillStage.forward(prefix_hidden_states: 'torch.Tensor', rope_cos: 'torch.Tensor', rope_sin: 'torch.Tensor', attention_mask: 'torch.Tensor') -> 'torch.Tensor' recompiled, set torch._logging.set_logs(recompiles=True) for details
  warnings.warn(
/usr/local/python3.12.13/lib/python3.12/site-packages/torch_npu/dynamo/torchair/inference/_cache_compiler.py:509: UserWarning: Skip cache as VisionPrefillStage.forward(prefix_hidden_states: 'torch.Tensor', rope_cos: 'torch.Tensor', rope_sin: 'torch.Tensor', attention_mask: 'torch.Tensor') -> 'torch.Tensor' recompiled, set torch._logging.set_logs(recompiles=True) for details
  warnings.warn(
/usr/local/python3.12.13/lib/python3.12/site-packages/torch_npu/dynamo/torchair/inference/_cache_compiler.py:509: UserWarning: Skip cache as VisionPrefillStage.forward(prefix_hidden_states: 'torch.Tensor', rope_cos: 'torch.Tensor', rope_sin: 'torch.Tensor', attention_mask: 'torch.Tensor') -> 'torch.Tensor' recompiled, set torch._logging.set_logs(recompiles=True) for details
  warnings.warn(
/usr/local/python3.12.13/lib/python3.12/site-packages/torch_npu/dynamo/torchair/inference/_cache_compiler.py:509: UserWarning: Skip cache as VisionPrefillStage.forward(prefix_hidden_states: 'torch.Tensor', rope_cos: 'torch.Tensor', rope_sin: 'torch.Tensor', attention_mask: 'torch.Tensor') -> 'torch.Tensor' recompiled, set torch._logging.set_logs(recompiles=True) for details
  warnings.warn(
/usr/local/python3.12.13/lib/python3.12/site-packages/torch_npu/dynamo/torchair/inference/_cache_compiler.py:509: UserWarning: Skip cache as VisionPrefillStage.forward(prefix_hidden_states: 'torch.Tensor', rope_cos: 'torch.Tensor', rope_sin: 'torch.Tensor', attention_mask: 'torch.Tensor') -> 'torch.Tensor' recompiled, set torch._logging.set_logs(recompiles=True) for details
  warnings.warn(
/usr/local/python3.12.13/lib/python3.12/site-packages/torch_npu/dynamo/torchair/inference/_cache_compiler.py:509: UserWarning: Skip cache as VisionPrefillStage.forward(prefix_hidden_states: 'torch.Tensor', rope_cos: 'torch.Tensor', rope_sin: 'torch.Tensor', attention_mask: 'torch.Tensor') -> 'torch.Tensor' recompiled, set torch._logging.set_logs(recompiles=True) for details
  warnings.warn(
/usr/local/python3.12.13/lib/python3.12/site-packages/torch_npu/dynamo/torchair/inference/_cache_compiler.py:509: UserWarning: Skip cache as VisionPrefillStage.forward(prefix_hidden_states: 'torch.Tensor', rope_cos: 'torch.Tensor', rope_sin: 'torch.Tensor', attention_mask: 'torch.Tensor') -> 'torch.Tensor' recompiled, set torch._logging.set_logs(recompiles=True) for details
  warnings.warn(
/usr/local/python3.12.13/lib/python3.12/site-packages/torch_npu/dynamo/torchair/inference/_cache_compiler.py:509: UserWarning: Skip cache as VisionPrefillStage.forward(prefix_hidden_states: 'torch.Tensor', rope_cos: 'torch.Tensor', rope_sin: 'torch.Tensor', attention_mask: 'torch.Tensor') -> 'torch.Tensor' recompiled, set torch._logging.set_logs(recompiles=True) for details
  warnings.warn(
/usr/local/python3.12.13/lib/python3.12/site-packages/torch_npu/dynamo/torchair/inference/_cache_compiler.py:509: UserWarning: Skip cache as VisionPrefillStage.forward(prefix_hidden_states: 'torch.Tensor', rope_cos: 'torch.Tensor', rope_sin: 'torch.Tensor', attention_mask: 'torch.Tensor') -> 'torch.Tensor' recompiled, set torch._logging.set_logs(recompiles=True) for details
  warnings.warn(
/usr/local/python3.12.13/lib/python3.12/site-packages/torch_npu/dynamo/torchair/inference/_cache_compiler.py:509: UserWarning: Skip cache as VisionPrefillStage.forward(prefix_hidden_states: 'torch.Tensor', rope_cos: 'torch.Tensor', rope_sin: 'torch.Tensor', attention_mask: 'torch.Tensor') -> 'torch.Tensor' recompiled, set torch._logging.set_logs(recompiles=True) for details
  warnings.warn(
/usr/local/python3.12.13/lib/python3.12/site-packages/torch_npu/dynamo/torchair/inference/_cache_compiler.py:509: UserWarning: Skip cache as VisionPrefillStage.forward(prefix_hidden_states: 'torch.Tensor', rope_cos: 'torch.Tensor', rope_sin: 'torch.Tensor', attention_mask: 'torch.Tensor') -> 'torch.Tensor' recompiled, set torch._logging.set_logs(recompiles=True) for details
  warnings.warn(
/usr/local/python3.12.13/lib/python3.12/site-packages/torch_npu/dynamo/torchair/inference/_cache_compiler.py:509: UserWarning: Skip cache as VisionPrefillStage.forward(prefix_hidden_states: 'torch.Tensor', rope_cos: 'torch.Tensor', rope_sin: 'torch.Tensor', attention_mask: 'torch.Tensor') -> 'torch.Tensor' recompiled, set torch._logging.set_logs(recompiles=True) for details
  warnings.warn(
/usr/local/python3.12.13/lib/python3.12/site-packages/torch_npu/dynamo/torchair/inference/_cache_compiler.py:509: UserWarning: Skip cache as VisionPrefillStage.forward(prefix_hidden_states: 'torch.Tensor', rope_cos: 'torch.Tensor', rope_sin: 'torch.Tensor', attention_mask: 'torch.Tensor') -> 'torch.Tensor' recompiled, set torch._logging.set_logs(recompiles=True) for details
  warnings.warn(
/usr/local/python3.12.13/lib/python3.12/site-packages/torch_npu/dynamo/torchair/inference/_cache_compiler.py:509: UserWarning: Skip cache as VisionPrefillStage.forward(prefix_hidden_states: 'torch.Tensor', rope_cos: 'torch.Tensor', rope_sin: 'torch.Tensor', attention_mask: 'torch.Tensor') -> 'torch.Tensor' recompiled, set torch._logging.set_logs(recompiles=True) for details
  warnings.warn(
/usr/local/python3.12.13/lib/python3.12/site-packages/torch_npu/dynamo/torchair/inference/_cache_compiler.py:509: UserWarning: Skip cache as VisionPrefillStage.forward(prefix_hidden_states: 'torch.Tensor', rope_cos: 'torch.Tensor', rope_sin: 'torch.Tensor', attention_mask: 'torch.Tensor') -> 'torch.Tensor' recompiled, set torch._logging.set_logs(recompiles=True) for details
  warnings.warn(
/usr/local/python3.12.13/lib/python3.12/site-packages/torch_npu/dynamo/torchair/inference/_cache_compiler.py:509: UserWarning: Skip cache as VisionPrefillStage.forward(prefix_hidden_states: 'torch.Tensor', rope_cos: 'torch.Tensor', rope_sin: 'torch.Tensor', attention_mask: 'torch.Tensor') -> 'torch.Tensor' recompiled, set torch._logging.set_logs(recompiles=True) for details
  warnings.warn(
/usr/local/python3.12.13/lib/python3.12/site-packages/torch_npu/dynamo/torchair/inference/_cache_compiler.py:509: UserWarning: Skip cache as VisionPrefillStage.forward(prefix_hidden_states: 'torch.Tensor', rope_cos: 'torch.Tensor', rope_sin: 'torch.Tensor', attention_mask: 'torch.Tensor') -> 'torch.Tensor' recompiled, set torch._logging.set_logs(recompiles=True) for details
  warnings.warn(
/usr/local/python3.12.13/lib/python3.12/site-packages/torch_npu/dynamo/torchair/inference/_cache_compiler.py:509: UserWarning: Skip cache as VisionPrefillStage.forward(prefix_hidden_states: 'torch.Tensor', rope_cos: 'torch.Tensor', rope_sin: 'torch.Tensor', attention_mask: 'torch.Tensor') -> 'torch.Tensor' recompiled, set torch._logging.set_logs(recompiles=True) for details
  warnings.warn(
/usr/local/python3.12.13/lib/python3.12/site-packages/torch_npu/dynamo/torchair/inference/_cache_compiler.py:509: UserWarning: Skip cache as VisionPrefillStage.forward(prefix_hidden_states: 'torch.Tensor', rope_cos: 'torch.Tensor', rope_sin: 'torch.Tensor', attention_mask: 'torch.Tensor') -> 'torch.Tensor' recompiled, set torch._logging.set_logs(recompiles=True) for details
  warnings.warn(
/usr/local/python3.12.13/lib/python3.12/site-packages/torch_npu/dynamo/torchair/inference/_cache_compiler.py:509: UserWarning: Skip cache as VisionPrefillStage.forward(prefix_hidden_states: 'torch.Tensor', rope_cos: 'torch.Tensor', rope_sin: 'torch.Tensor', attention_mask: 'torch.Tensor') -> 'torch.Tensor' recompiled, set torch._logging.set_logs(recompiles=True) for details
  warnings.warn(
/usr/local/python3.12.13/lib/python3.12/site-packages/torch_npu/dynamo/torchair/inference/_cache_compiler.py:509: UserWarning: Skip cache as VisionPrefillStage.forward(prefix_hidden_states: 'torch.Tensor', rope_cos: 'torch.Tensor', rope_sin: 'torch.Tensor', attention_mask: 'torch.Tensor') -> 'torch.Tensor' recompiled, set torch._logging.set_logs(recompiles=True) for details
  warnings.warn(
/usr/local/python3.12.13/lib/python3.12/site-packages/torch_npu/dynamo/torchair/inference/_cache_compiler.py:509: UserWarning: Skip cache as VisionPrefillStage.forward(prefix_hidden_states: 'torch.Tensor', rope_cos: 'torch.Tensor', rope_sin: 'torch.Tensor', attention_mask: 'torch.Tensor') -> 'torch.Tensor' recompiled, set torch._logging.set_logs(recompiles=True) for details
  warnings.warn(
/usr/local/python3.12.13/lib/python3.12/site-packages/torch_npu/dynamo/torchair/inference/_cache_compiler.py:509: UserWarning: Skip cache as VisionPrefillStage.forward(prefix_hidden_states: 'torch.Tensor', rope_cos: 'torch.Tensor', rope_sin: 'torch.Tensor', attention_mask: 'torch.Tensor') -> 'torch.Tensor' recompiled, set torch._logging.set_logs(recompiles=True) for details
  warnings.warn(
/usr/local/python3.12.13/lib/python3.12/site-packages/torch_npu/dynamo/torchair/inference/_cache_compiler.py:509: UserWarning: Skip cache as VisionPrefillStage.forward(prefix_hidden_states: 'torch.Tensor', rope_cos: 'torch.Tensor', rope_sin: 'torch.Tensor', attention_mask: 'torch.Tensor') -> 'torch.Tensor' recompiled, set torch._logging.set_logs(recompiles=True) for details
  warnings.warn(
/usr/local/python3.12.13/lib/python3.12/site-packages/torch_npu/dynamo/torchair/inference/_cache_compiler.py:509: UserWarning: Skip cache as VisionPrefillStage.forward(prefix_hidden_states: 'torch.Tensor', rope_cos: 'torch.Tensor', rope_sin: 'torch.Tensor', attention_mask: 'torch.Tensor') -> 'torch.Tensor' recompiled, set torch._logging.set_logs(recompiles=True) for details
  warnings.warn(
/usr/local/python3.12.13/lib/python3.12/site-packages/torch_npu/dynamo/torchair/inference/_cache_compiler.py:509: UserWarning: Skip cache as VisionPrefillStage.forward(prefix_hidden_states: 'torch.Tensor', rope_cos: 'torch.Tensor', rope_sin: 'torch.Tensor', attention_mask: 'torch.Tensor') -> 'torch.Tensor' recompiled, set torch._logging.set_logs(recompiles=True) for details
  warnings.warn(
/usr/local/python3.12.13/lib/python3.12/site-packages/torch_npu/dynamo/torchair/inference/_cache_compiler.py:509: UserWarning: Skip cache as VisionPrefillStage.forward(prefix_hidden_states: 'torch.Tensor', rope_cos: 'torch.Tensor', rope_sin: 'torch.Tensor', attention_mask: 'torch.Tensor') -> 'torch.Tensor' recompiled, set torch._logging.set_logs(recompiles=True) for details
  warnings.warn(
/usr/local/python3.12.13/lib/python3.12/site-packages/torch_npu/dynamo/torchair/inference/_cache_compiler.py:509: UserWarning: Skip cache as VisionPrefillStage.forward(prefix_hidden_states: 'torch.Tensor', rope_cos: 'torch.Tensor', rope_sin: 'torch.Tensor', attention_mask: 'torch.Tensor') -> 'torch.Tensor' recompiled, set torch._logging.set_logs(recompiles=True) for details
  warnings.warn(
/usr/local/python3.12.13/lib/python3.12/site-packages/torch_npu/dynamo/torchair/inference/_cache_compiler.py:509: UserWarning: Skip cache as VisionPrefillStage.forward(prefix_hidden_states: 'torch.Tensor', rope_cos: 'torch.Tensor', rope_sin: 'torch.Tensor', attention_mask: 'torch.Tensor') -> 'torch.Tensor' recompiled, set torch._logging.set_logs(recompiles=True) for details
  warnings.warn(
benchmark=synthetic_repeat:b4_s1024
/usr/local/python3.12.13/lib/python3.12/site-packages/torch_npu/dynamo/torchair/inference/_cache_compiler.py:509: UserWarning: Skip cache as VisionPrefillStage.forward(prefix_hidden_states: 'torch.Tensor', rope_cos: 'torch.Tensor', rope_sin: 'torch.Tensor', attention_mask: 'torch.Tensor') -> 'torch.Tensor' recompiled, set torch._logging.set_logs(recompiles=True) for details
  warnings.warn(
/usr/local/python3.12.13/lib/python3.12/site-packages/torch_npu/dynamo/torchair/inference/_cache_compiler.py:509: UserWarning: Skip cache as VisionPrefillStage.forward(prefix_hidden_states: 'torch.Tensor', rope_cos: 'torch.Tensor', rope_sin: 'torch.Tensor', attention_mask: 'torch.Tensor') -> 'torch.Tensor' recompiled, set torch._logging.set_logs(recompiles=True) for details
  warnings.warn(
/usr/local/python3.12.13/lib/python3.12/site-packages/torch_npu/dynamo/torchair/inference/_cache_compiler.py:509: UserWarning: Skip cache as VisionPrefillStage.forward(prefix_hidden_states: 'torch.Tensor', rope_cos: 'torch.Tensor', rope_sin: 'torch.Tensor', attention_mask: 'torch.Tensor') -> 'torch.Tensor' recompiled, set torch._logging.set_logs(recompiles=True) for details
  warnings.warn(
/usr/local/python3.12.13/lib/python3.12/site-packages/torch_npu/dynamo/torchair/inference/_cache_compiler.py:509: UserWarning: Skip cache as VisionPrefillStage.forward(prefix_hidden_states: 'torch.Tensor', rope_cos: 'torch.Tensor', rope_sin: 'torch.Tensor', attention_mask: 'torch.Tensor') -> 'torch.Tensor' recompiled, set torch._logging.set_logs(recompiles=True) for details
  warnings.warn(
/usr/local/python3.12.13/lib/python3.12/site-packages/torch_npu/dynamo/torchair/inference/_cache_compiler.py:509: UserWarning: Skip cache as VisionPrefillStage.forward(prefix_hidden_states: 'torch.Tensor', rope_cos: 'torch.Tensor', rope_sin: 'torch.Tensor', attention_mask: 'torch.Tensor') -> 'torch.Tensor' recompiled, set torch._logging.set_logs(recompiles=True) for details
  warnings.warn(
/usr/local/python3.12.13/lib/python3.12/site-packages/torch_npu/dynamo/torchair/inference/_cache_compiler.py:509: UserWarning: Skip cache as VisionPrefillStage.forward(prefix_hidden_states: 'torch.Tensor', rope_cos: 'torch.Tensor', rope_sin: 'torch.Tensor', attention_mask: 'torch.Tensor') -> 'torch.Tensor' recompiled, set torch._logging.set_logs(recompiles=True) for details
  warnings.warn(
/usr/local/python3.12.13/lib/python3.12/site-packages/torch_npu/dynamo/torchair/inference/_cache_compiler.py:509: UserWarning: Skip cache as VisionPrefillStage.forward(prefix_hidden_states: 'torch.Tensor', rope_cos: 'torch.Tensor', rope_sin: 'torch.Tensor', attention_mask: 'torch.Tensor') -> 'torch.Tensor' recompiled, set torch._logging.set_logs(recompiles=True) for details
  warnings.warn(
/usr/local/python3.12.13/lib/python3.12/site-packages/torch_npu/dynamo/torchair/inference/_cache_compiler.py:509: UserWarning: Skip cache as VisionPrefillStage.forward(prefix_hidden_states: 'torch.Tensor', rope_cos: 'torch.Tensor', rope_sin: 'torch.Tensor', attention_mask: 'torch.Tensor') -> 'torch.Tensor' recompiled, set torch._logging.set_logs(recompiles=True) for details
  warnings.warn(
/usr/local/python3.12.13/lib/python3.12/site-packages/torch_npu/dynamo/torchair/inference/_cache_compiler.py:509: UserWarning: Skip cache as VisionPrefillStage.forward(prefix_hidden_states: 'torch.Tensor', rope_cos: 'torch.Tensor', rope_sin: 'torch.Tensor', attention_mask: 'torch.Tensor') -> 'torch.Tensor' recompiled, set torch._logging.set_logs(recompiles=True) for details
  warnings.warn(
/usr/local/python3.12.13/lib/python3.12/site-packages/torch_npu/dynamo/torchair/inference/_cache_compiler.py:509: UserWarning: Skip cache as VisionPrefillStage.forward(prefix_hidden_states: 'torch.Tensor', rope_cos: 'torch.Tensor', rope_sin: 'torch.Tensor', attention_mask: 'torch.Tensor') -> 'torch.Tensor' recompiled, set torch._logging.set_logs(recompiles=True) for details
  warnings.warn(
/usr/local/python3.12.13/lib/python3.12/site-packages/torch_npu/dynamo/torchair/inference/_cache_compiler.py:509: UserWarning: Skip cache as VisionPrefillStage.forward(prefix_hidden_states: 'torch.Tensor', rope_cos: 'torch.Tensor', rope_sin: 'torch.Tensor', attention_mask: 'torch.Tensor') -> 'torch.Tensor' recompiled, set torch._logging.set_logs(recompiles=True) for details
  warnings.warn(
/usr/local/python3.12.13/lib/python3.12/site-packages/torch_npu/dynamo/torchair/inference/_cache_compiler.py:509: UserWarning: Skip cache as VisionPrefillStage.forward(prefix_hidden_states: 'torch.Tensor', rope_cos: 'torch.Tensor', rope_sin: 'torch.Tensor', attention_mask: 'torch.Tensor') -> 'torch.Tensor' recompiled, set torch._logging.set_logs(recompiles=True) for details
  warnings.warn(
/usr/local/python3.12.13/lib/python3.12/site-packages/torch_npu/dynamo/torchair/inference/_cache_compiler.py:509: UserWarning: Skip cache as VisionPrefillStage.forward(prefix_hidden_states: 'torch.Tensor', rope_cos: 'torch.Tensor', rope_sin: 'torch.Tensor', attention_mask: 'torch.Tensor') -> 'torch.Tensor' recompiled, set torch._logging.set_logs(recompiles=True) for details
  warnings.warn(
/usr/local/python3.12.13/lib/python3.12/site-packages/torch_npu/dynamo/torchair/inference/_cache_compiler.py:509: UserWarning: Skip cache as VisionPrefillStage.forward(prefix_hidden_states: 'torch.Tensor', rope_cos: 'torch.Tensor', rope_sin: 'torch.Tensor', attention_mask: 'torch.Tensor') -> 'torch.Tensor' recompiled, set torch._logging.set_logs(recompiles=True) for details
  warnings.warn(
/usr/local/python3.12.13/lib/python3.12/site-packages/torch_npu/dynamo/torchair/inference/_cache_compiler.py:509: UserWarning: Skip cache as VisionPrefillStage.forward(prefix_hidden_states: 'torch.Tensor', rope_cos: 'torch.Tensor', rope_sin: 'torch.Tensor', attention_mask: 'torch.Tensor') -> 'torch.Tensor' recompiled, set torch._logging.set_logs(recompiles=True) for details
  warnings.warn(
/usr/local/python3.12.13/lib/python3.12/site-packages/torch_npu/dynamo/torchair/inference/_cache_compiler.py:509: UserWarning: Skip cache as VisionPrefillStage.forward(prefix_hidden_states: 'torch.Tensor', rope_cos: 'torch.Tensor', rope_sin: 'torch.Tensor', attention_mask: 'torch.Tensor') -> 'torch.Tensor' recompiled, set torch._logging.set_logs(recompiles=True) for details
  warnings.warn(
/usr/local/python3.12.13/lib/python3.12/site-packages/torch_npu/dynamo/torchair/inference/_cache_compiler.py:509: UserWarning: Skip cache as VisionPrefillStage.forward(prefix_hidden_states: 'torch.Tensor', rope_cos: 'torch.Tensor', rope_sin: 'torch.Tensor', attention_mask: 'torch.Tensor') -> 'torch.Tensor' recompiled, set torch._logging.set_logs(recompiles=True) for details
  warnings.warn(
/usr/local/python3.12.13/lib/python3.12/site-packages/torch_npu/dynamo/torchair/inference/_cache_compiler.py:509: UserWarning: Skip cache as VisionPrefillStage.forward(prefix_hidden_states: 'torch.Tensor', rope_cos: 'torch.Tensor', rope_sin: 'torch.Tensor', attention_mask: 'torch.Tensor') -> 'torch.Tensor' recompiled, set torch._logging.set_logs(recompiles=True) for details
  warnings.warn(
/usr/local/python3.12.13/lib/python3.12/site-packages/torch_npu/dynamo/torchair/inference/_cache_compiler.py:509: UserWarning: Skip cache as VisionPrefillStage.forward(prefix_hidden_states: 'torch.Tensor', rope_cos: 'torch.Tensor', rope_sin: 'torch.Tensor', attention_mask: 'torch.Tensor') -> 'torch.Tensor' recompiled, set torch._logging.set_logs(recompiles=True) for details
  warnings.warn(
/usr/local/python3.12.13/lib/python3.12/site-packages/torch_npu/dynamo/torchair/inference/_cache_compiler.py:509: UserWarning: Skip cache as VisionPrefillStage.forward(prefix_hidden_states: 'torch.Tensor', rope_cos: 'torch.Tensor', rope_sin: 'torch.Tensor', attention_mask: 'torch.Tensor') -> 'torch.Tensor' recompiled, set torch._logging.set_logs(recompiles=True) for details
  warnings.warn(
/usr/local/python3.12.13/lib/python3.12/site-packages/torch_npu/dynamo/torchair/inference/_cache_compiler.py:509: UserWarning: Skip cache as VisionPrefillStage.forward(prefix_hidden_states: 'torch.Tensor', rope_cos: 'torch.Tensor', rope_sin: 'torch.Tensor', attention_mask: 'torch.Tensor') -> 'torch.Tensor' recompiled, set torch._logging.set_logs(recompiles=True) for details
  warnings.warn(
/usr/local/python3.12.13/lib/python3.12/site-packages/torch_npu/dynamo/torchair/inference/_cache_compiler.py:509: UserWarning: Skip cache as VisionPrefillStage.forward(prefix_hidden_states: 'torch.Tensor', rope_cos: 'torch.Tensor', rope_sin: 'torch.Tensor', attention_mask: 'torch.Tensor') -> 'torch.Tensor' recompiled, set torch._logging.set_logs(recompiles=True) for details
  warnings.warn(
/usr/local/python3.12.13/lib/python3.12/site-packages/torch_npu/dynamo/torchair/inference/_cache_compiler.py:509: UserWarning: Skip cache as VisionPrefillStage.forward(prefix_hidden_states: 'torch.Tensor', rope_cos: 'torch.Tensor', rope_sin: 'torch.Tensor', attention_mask: 'torch.Tensor') -> 'torch.Tensor' recompiled, set torch._logging.set_logs(recompiles=True) for details
  warnings.warn(
/usr/local/python3.12.13/lib/python3.12/site-packages/torch_npu/dynamo/torchair/inference/_cache_compiler.py:509: UserWarning: Skip cache as VisionPrefillStage.forward(prefix_hidden_states: 'torch.Tensor', rope_cos: 'torch.Tensor', rope_sin: 'torch.Tensor', attention_mask: 'torch.Tensor') -> 'torch.Tensor' recompiled, set torch._logging.set_logs(recompiles=True) for details
  warnings.warn(
/usr/local/python3.12.13/lib/python3.12/site-packages/torch_npu/dynamo/torchair/inference/_cache_compiler.py:509: UserWarning: Skip cache as VisionPrefillStage.forward(prefix_hidden_states: 'torch.Tensor', rope_cos: 'torch.Tensor', rope_sin: 'torch.Tensor', attention_mask: 'torch.Tensor') -> 'torch.Tensor' recompiled, set torch._logging.set_logs(recompiles=True) for details
  warnings.warn(
/usr/local/python3.12.13/lib/python3.12/site-packages/torch_npu/dynamo/torchair/inference/_cache_compiler.py:509: UserWarning: Skip cache as VisionPrefillStage.forward(prefix_hidden_states: 'torch.Tensor', rope_cos: 'torch.Tensor', rope_sin: 'torch.Tensor', attention_mask: 'torch.Tensor') -> 'torch.Tensor' recompiled, set torch._logging.set_logs(recompiles=True) for details
  warnings.warn(
/usr/local/python3.12.13/lib/python3.12/site-packages/torch_npu/dynamo/torchair/inference/_cache_compiler.py:509: UserWarning: Skip cache as VisionPrefillStage.forward(prefix_hidden_states: 'torch.Tensor', rope_cos: 'torch.Tensor', rope_sin: 'torch.Tensor', attention_mask: 'torch.Tensor') -> 'torch.Tensor' recompiled, set torch._logging.set_logs(recompiles=True) for details
  warnings.warn(
/usr/local/python3.12.13/lib/python3.12/site-packages/torch_npu/dynamo/torchair/inference/_cache_compiler.py:509: UserWarning: Skip cache as VisionPrefillStage.forward(prefix_hidden_states: 'torch.Tensor', rope_cos: 'torch.Tensor', rope_sin: 'torch.Tensor', attention_mask: 'torch.Tensor') -> 'torch.Tensor' recompiled, set torch._logging.set_logs(recompiles=True) for details
  warnings.warn(
/usr/local/python3.12.13/lib/python3.12/site-packages/torch_npu/dynamo/torchair/inference/_cache_compiler.py:509: UserWarning: Skip cache as VisionPrefillStage.forward(prefix_hidden_states: 'torch.Tensor', rope_cos: 'torch.Tensor', rope_sin: 'torch.Tensor', attention_mask: 'torch.Tensor') -> 'torch.Tensor' recompiled, set torch._logging.set_logs(recompiles=True) for details
  warnings.warn(
/usr/local/python3.12.13/lib/python3.12/site-packages/torch_npu/dynamo/torchair/inference/_cache_compiler.py:509: UserWarning: Skip cache as VisionPrefillStage.forward(prefix_hidden_states: 'torch.Tensor', rope_cos: 'torch.Tensor', rope_sin: 'torch.Tensor', attention_mask: 'torch.Tensor') -> 'torch.Tensor' recompiled, set torch._logging.set_logs(recompiles=True) for details
  warnings.warn(
/usr/local/python3.12.13/lib/python3.12/site-packages/torch_npu/dynamo/torchair/inference/_cache_compiler.py:509: UserWarning: Skip cache as VisionPrefillStage.forward(prefix_hidden_states: 'torch.Tensor', rope_cos: 'torch.Tensor', rope_sin: 'torch.Tensor', attention_mask: 'torch.Tensor') -> 'torch.Tensor' recompiled, set torch._logging.set_logs(recompiles=True) for details
  warnings.warn(
/usr/local/python3.12.13/lib/python3.12/site-packages/torch_npu/dynamo/torchair/inference/_cache_compiler.py:509: UserWarning: Skip cache as VisionPrefillStage.forward(prefix_hidden_states: 'torch.Tensor', rope_cos: 'torch.Tensor', rope_sin: 'torch.Tensor', attention_mask: 'torch.Tensor') -> 'torch.Tensor' recompiled, set torch._logging.set_logs(recompiles=True) for details
  warnings.warn(
/usr/local/python3.12.13/lib/python3.12/site-packages/torch_npu/dynamo/torchair/inference/_cache_compiler.py:509: UserWarning: Skip cache as VisionPrefillStage.forward(prefix_hidden_states: 'torch.Tensor', rope_cos: 'torch.Tensor', rope_sin: 'torch.Tensor', attention_mask: 'torch.Tensor') -> 'torch.Tensor' recompiled, set torch._logging.set_logs(recompiles=True) for details
  warnings.warn(
/usr/local/python3.12.13/lib/python3.12/site-packages/torch_npu/dynamo/torchair/inference/_cache_compiler.py:509: UserWarning: Skip cache as VisionPrefillStage.forward(prefix_hidden_states: 'torch.Tensor', rope_cos: 'torch.Tensor', rope_sin: 'torch.Tensor', attention_mask: 'torch.Tensor') -> 'torch.Tensor' recompiled, set torch._logging.set_logs(recompiles=True) for details
  warnings.warn(
/usr/local/python3.12.13/lib/python3.12/site-packages/torch_npu/dynamo/torchair/inference/_cache_compiler.py:509: UserWarning: Skip cache as VisionPrefillStage.forward(prefix_hidden_states: 'torch.Tensor', rope_cos: 'torch.Tensor', rope_sin: 'torch.Tensor', attention_mask: 'torch.Tensor') -> 'torch.Tensor' recompiled, set torch._logging.set_logs(recompiles=True) for details
  warnings.warn(
/usr/local/python3.12.13/lib/python3.12/site-packages/torch_npu/dynamo/torchair/inference/_cache_compiler.py:509: UserWarning: Skip cache as VisionPrefillStage.forward(prefix_hidden_states: 'torch.Tensor', rope_cos: 'torch.Tensor', rope_sin: 'torch.Tensor', attention_mask: 'torch.Tensor') -> 'torch.Tensor' recompiled, set torch._logging.set_logs(recompiles=True) for details
  warnings.warn(
/usr/local/python3.12.13/lib/python3.12/site-packages/torch_npu/dynamo/torchair/inference/_cache_compiler.py:509: UserWarning: Skip cache as VisionPrefillStage.forward(prefix_hidden_states: 'torch.Tensor', rope_cos: 'torch.Tensor', rope_sin: 'torch.Tensor', attention_mask: 'torch.Tensor') -> 'torch.Tensor' recompiled, set torch._logging.set_logs(recompiles=True) for details
  warnings.warn(
/usr/local/python3.12.13/lib/python3.12/site-packages/torch_npu/dynamo/torchair/inference/_cache_compiler.py:509: UserWarning: Skip cache as VisionPrefillStage.forward(prefix_hidden_states: 'torch.Tensor', rope_cos: 'torch.Tensor', rope_sin: 'torch.Tensor', attention_mask: 'torch.Tensor') -> 'torch.Tensor' recompiled, set torch._logging.set_logs(recompiles=True) for details
  warnings.warn(
/usr/local/python3.12.13/lib/python3.12/site-packages/torch_npu/dynamo/torchair/inference/_cache_compiler.py:509: UserWarning: Skip cache as VisionPrefillStage.forward(prefix_hidden_states: 'torch.Tensor', rope_cos: 'torch.Tensor', rope_sin: 'torch.Tensor', attention_mask: 'torch.Tensor') -> 'torch.Tensor' recompiled, set torch._logging.set_logs(recompiles=True) for details
  warnings.warn(
/usr/local/python3.12.13/lib/python3.12/site-packages/torch_npu/dynamo/torchair/inference/_cache_compiler.py:509: UserWarning: Skip cache as VisionPrefillStage.forward(prefix_hidden_states: 'torch.Tensor', rope_cos: 'torch.Tensor', rope_sin: 'torch.Tensor', attention_mask: 'torch.Tensor') -> 'torch.Tensor' recompiled, set torch._logging.set_logs(recompiles=True) for details
  warnings.warn(
/usr/local/python3.12.13/lib/python3.12/site-packages/torch_npu/dynamo/torchair/inference/_cache_compiler.py:509: UserWarning: Skip cache as VisionPrefillStage.forward(prefix_hidden_states: 'torch.Tensor', rope_cos: 'torch.Tensor', rope_sin: 'torch.Tensor', attention_mask: 'torch.Tensor') -> 'torch.Tensor' recompiled, set torch._logging.set_logs(recompiles=True) for details
  warnings.warn(
/usr/local/python3.12.13/lib/python3.12/site-packages/torch_npu/dynamo/torchair/inference/_cache_compiler.py:509: UserWarning: Skip cache as VisionPrefillStage.forward(prefix_hidden_states: 'torch.Tensor', rope_cos: 'torch.Tensor', rope_sin: 'torch.Tensor', attention_mask: 'torch.Tensor') -> 'torch.Tensor' recompiled, set torch._logging.set_logs(recompiles=True) for details
  warnings.warn(
/usr/local/python3.12.13/lib/python3.12/site-packages/torch_npu/dynamo/torchair/inference/_cache_compiler.py:509: UserWarning: Skip cache as VisionPrefillStage.forward(prefix_hidden_states: 'torch.Tensor', rope_cos: 'torch.Tensor', rope_sin: 'torch.Tensor', attention_mask: 'torch.Tensor') -> 'torch.Tensor' recompiled, set torch._logging.set_logs(recompiles=True) for details
  warnings.warn(
/usr/local/python3.12.13/lib/python3.12/site-packages/torch_npu/dynamo/torchair/inference/_cache_compiler.py:509: UserWarning: Skip cache as VisionPrefillStage.forward(prefix_hidden_states: 'torch.Tensor', rope_cos: 'torch.Tensor', rope_sin: 'torch.Tensor', attention_mask: 'torch.Tensor') -> 'torch.Tensor' recompiled, set torch._logging.set_logs(recompiles=True) for details
  warnings.warn(
/usr/local/python3.12.13/lib/python3.12/site-packages/torch_npu/dynamo/torchair/inference/_cache_compiler.py:509: UserWarning: Skip cache as VisionPrefillStage.forward(prefix_hidden_states: 'torch.Tensor', rope_cos: 'torch.Tensor', rope_sin: 'torch.Tensor', attention_mask: 'torch.Tensor') -> 'torch.Tensor' recompiled, set torch._logging.set_logs(recompiles=True) for details
  warnings.warn(
/usr/local/python3.12.13/lib/python3.12/site-packages/torch_npu/dynamo/torchair/inference/_cache_compiler.py:509: UserWarning: Skip cache as VisionPrefillStage.forward(prefix_hidden_states: 'torch.Tensor', rope_cos: 'torch.Tensor', rope_sin: 'torch.Tensor', attention_mask: 'torch.Tensor') -> 'torch.Tensor' recompiled, set torch._logging.set_logs(recompiles=True) for details
  warnings.warn(
benchmark=synthetic_repeat:b1_s4096
benchmark=synthetic_repeat:b2_s2048
output=/workspace/repos/paddle_ocr_vl_npu_bench_4789067/tmp/09_persistent_page_engine/vision_lab/910b_saturation_4789067/graph_saturation_matrix.json
corpus | shape | supported | raw_tok_s | effective_tok_s | useful | tower_s
default | b1_s512 | True | 32236.290920535772 | 32236.290920535772 | 1.0 | 0.06353088216781616
default | b2_s512 | True | 49763.45109257596 | 49763.45109257596 | 1.0 | 0.041154701995849606
default | b4_s512 | True | 75680.4273044966 | 75680.4273044966 | 1.0 | 0.027061157989501955
default | b1_s1024 | True | 47096.928100692145 | 47096.928100692145 | 1.0 | 0.13045436820983886
default | b2_s1024 | True | 70423.4974654464 | 70423.4974654464 | 1.0 | 0.08724360790252686
default | b4_s1024 | True | 87639.53332040027 | 65729.6499903002 | 0.75 | 0.09347379760742187
default | b1_s4096 | True | 64275.75507981352 | 60258.520387325174 | 0.9375 | 0.5098034236907959
default | b2_s2048 | True | 79046.25256724445 | 69165.47099633889 | 0.875 | 0.20727105293273926
synthetic_repeat | b1_s512 | True | 32120.163609199175 | 32120.163609199175 | 1.0 | 0.06376057186126709
synthetic_repeat | b2_s512 | True | 49682.34860973271 | 49682.34860973271 | 1.0 | 0.04122188377380371
synthetic_repeat | b4_s512 | True | 75537.85518653617 | 75537.85518653617 | 1.0 | 0.02711223392486572
synthetic_repeat | b1_s1024 | True | 47086.44870454871 | 47086.44870454871 | 1.0 | 0.13048340167999267
synthetic_repeat | b2_s1024 | True | 70441.61223331865 | 70441.61223331865 | 1.0 | 0.08722117233276368
synthetic_repeat | b4_s1024 | True | 87708.87150725657 | 65781.65363044242 | 0.75 | 0.09339990196228026
synthetic_repeat | b1_s4096 | True | 64336.32471734338 | 60315.30442250942 | 0.9375 | 0.5093234676361084
synthetic_repeat | b2_s2048 | True | 79144.19920493435 | 69251.17430431757 | 0.875 | 0.20701454010009765
