b7c7 API ready worker_pid=2568728; preloading 665 distinct crops for 1000 requests
b7c7 crops preloaded 50/665
b7c7 crops preloaded 100/665
b7c7 crops preloaded 150/665
b7c7 crops preloaded 200/665
b7c7 crops preloaded 250/665
b7c7 crops preloaded 300/665
b7c7 crops preloaded 350/665
b7c7 crops preloaded 400/665
b7c7 crops preloaded 450/665
b7c7 crops preloaded 500/665
b7c7 crops preloaded 550/665
b7c7 crops preloaded 600/665
b7c7 crops preloaded 650/665
b7c7 crops preloaded 665/665
b7c7 payloads ready bytes=206256404
SEND b7c7 01/1000 table=page_000600_table_1 active=1
SEND b7c7 02/1000 table=page_001368_table_box_id_244 active=2
SEND b7c7 03/1000 table=page_001220_table_8 active=3
SEND b7c7 04/1000 table=page_000284_table_box_id_0 active=4
SEND b7c7 05/1000 table=page_000900_table_4 active=5
SEND b7c7 06/1000 table=page_001368_table_box_id_280 active=6
SEND b7c7 07/1000 table=page_001153_table_0 active=7
RECV b7c7 06/1000 rank=661 id=page_001368_table_box_id_280 latency=0.4243s status=ok active=6
SEND b7c7 08/1000 table=page_001417_table_2 active=7
RECV b7c7 05/1000 rank=602 id=page_000900_table_4 latency=0.4850s status=ok active=6
SEND b7c7 09/1000 table=page_001368_table_box_id_159 active=7
RECV b7c7 01/1000 rank=582 id=page_000600_table_1 latency=0.5228s status=ok active=6
SEND b7c7 10/1000 table=page_000238_table_box_id_2 active=7
RECV b7c7 09/1000 rank=630 id=page_001368_table_box_id_159 latency=0.0840s status=ok active=6
SEND b7c7 11/1000 table=page_001375_table_3 active=7
RECV b7c7 08/1000 rank=587 id=page_001417_table_2 latency=0.1623s status=ok active=6
SEND b7c7 12/1000 table=page_000200_table_box_id_2 active=7
RECV b7c7 02/1000 rank=444 id=page_001368_table_box_id_244 latency=0.8944s status=ok active=6
SEND b7c7 13/1000 table=page_001147_table_10 active=7
RECV b7c7 11/1000 rank=565 id=page_001375_table_3 latency=0.3401s status=ok active=6
SEND b7c7 14/1000 table=page_000638_table_1 active=7
RECV b7c7 10/1000 rank=345 id=page_000238_table_box_id_2 latency=0.6332s status=ok active=6
SEND b7c7 15/1000 table=page_001231_table_5 active=7
RECV b7c7 12/1000 rank=291 id=page_000200_table_box_id_2 latency=0.7570s status=ok active=6
SEND b7c7 16/1000 table=page_000591_table_3 active=7
RECV b7c7 14/1000 rank=254 id=page_000638_table_1 latency=0.7765s status=ok active=6
SEND b7c7 17/1000 table=page_000509_table_0 active=7
RECV b7c7 16/1000 rank=322 id=page_000591_table_3 latency=0.4390s status=ok active=6
SEND b7c7 18/1000 table=page_001148_table_3 active=7
RECV b7c7 03/1000 rank=94 id=page_001220_table_8 latency=2.2529s status=ok active=6
SEND b7c7 19/1000 table=page_001215_table_5 active=7
RECV b7c7 07/1000 rank=91 id=page_001153_table_0 latency=2.2700s status=ok active=6
SEND b7c7 20/1000 table=page_001230_table_box_id_1 active=7
RECV b7c7 20/1000 rank=365 id=page_001230_table_box_id_1 latency=0.5027s status=ok active=6
SEND b7c7 21/1000 table=page_001155_table_4 active=7
RECV b7c7 13/1000 rank=90 id=page_001147_table_10 latency=1.8984s status=ok active=6
SEND b7c7 22/1000 table=page_000940_table_1 active=7
RECV b7c7 22/1000 rank=564 id=page_000940_table_1 latency=0.1602s status=ok active=6
SEND b7c7 23/1000 table=page_000343_table_0 active=7
RECV b7c7 21/1000 rank=558 id=page_001155_table_4 latency=0.1934s status=ok active=6
SEND b7c7 24/1000 table=page_000577_table_3 active=7
RECV b7c7 23/1000 rank=615 id=page_000343_table_0 latency=0.1894s status=ok active=6
SEND b7c7 25/1000 table=page_000355_table_3 active=7
RECV b7c7 25/1000 rank=586 id=page_000355_table_3 latency=0.1321s status=ok active=6
SEND b7c7 26/1000 table=page_001194_table_3 active=7
RECV b7c7 17/1000 rank=117 id=page_000509_table_0 latency=1.6070s status=ok active=6
SEND b7c7 27/1000 table=page_000933_table_10 active=7
RECV b7c7 24/1000 rank=382 id=page_000577_table_3 latency=0.5207s status=ok active=6
SEND b7c7 28/1000 table=page_000201_table_box_id_3 active=7
RECV b7c7 27/1000 rank=504 id=page_000933_table_10 latency=0.3006s status=ok active=6
SEND b7c7 29/1000 table=page_000236_table_box_id_5 active=7
RECV b7c7 18/1000 rank=88 id=page_001148_table_3 latency=2.0201s status=ok active=6
SEND b7c7 30/1000 table=page_000433_table_13 active=7
RECV b7c7 28/1000 rank=463 id=page_000201_table_box_id_3 latency=0.3331s status=ok active=6
SEND b7c7 31/1000 table=page_001368_table_box_id_242 active=7
RECV b7c7 15/1000 rank=56 id=page_001231_table_5 latency=2.7589s status=ok active=6
SEND b7c7 32/1000 table=page_000222_table_box_id_3 active=7
RECV b7c7 26/1000 rank=269 id=page_001194_table_3 latency=0.8235s status=ok active=6
SEND b7c7 33/1000 table=page_000702_table_5 active=7
RECV b7c7 30/1000 rank=525 id=page_000433_table_13 latency=0.3025s status=ok active=6
SEND b7c7 34/1000 table=page_000213_table_box_id_5 active=7
RECV b7c7 04/1000 rank=30 id=page_000284_table_box_id_0 latency=4.1709s status=ok active=6
SEND b7c7 35/1000 table=page_000645_table_7 active=7
RECV b7c7 29/1000 rank=349 id=page_000236_table_box_id_5 latency=0.7246s status=ok active=6
SEND b7c7 36/1000 table=page_001152_table_0 active=7
RECV b7c7 31/1000 rank=497 id=page_001368_table_box_id_242 latency=0.5013s status=ok active=6
SEND b7c7 37/1000 table=page_001368_table_box_id_255 active=7
RECV b7c7 33/1000 rank=552 id=page_000702_table_5 latency=0.2938s status=ok active=6
SEND b7c7 38/1000 table=page_000929_table_0 active=7
RECV b7c7 35/1000 rank=533 id=page_000645_table_7 latency=0.4767s status=ok active=6
SEND b7c7 39/1000 table=page_001125_table_4 active=7
RECV b7c7 37/1000 rank=496 id=page_001368_table_box_id_255 latency=0.5436s status=ok active=6
SEND b7c7 40/1000 table=page_000938_table_5 active=7
RECV b7c7 32/1000 rank=258 id=page_000222_table_box_id_3 latency=0.9726s status=ok active=6
SEND b7c7 41/1000 table=page_001367_table_71 active=7
RECV b7c7 19/1000 rank=68 id=page_001215_table_5 latency=2.6500s status=ok active=6
SEND b7c7 42/1000 table=page_001134_table_11 active=7
RECV b7c7 38/1000 rank=307 id=page_000929_table_0 latency=0.5525s status=ok active=6
SEND b7c7 43/1000 table=page_000287_table_box_id_8 active=7
RECV b7c7 41/1000 rank=612 id=page_001367_table_71 latency=0.3909s status=ok active=6
SEND b7c7 44/1000 table=page_000864_table_30 active=7
RECV b7c7 34/1000 rank=215 id=page_000213_table_box_id_5 latency=1.2443s status=ok active=6
SEND b7c7 45/1000 table=page_000258_table_box_id_5 active=7
RECV b7c7 44/1000 rank=620 id=page_000864_table_30 latency=0.0988s status=ok active=6
SEND b7c7 46/1000 table=page_000218_table_box_id_4 active=7
RECV b7c7 40/1000 rank=402 id=page_000938_table_5 latency=0.5936s status=ok active=6
SEND b7c7 47/1000 table=page_000289_table_box_id_4 active=7
RECV b7c7 45/1000 rank=470 id=page_000258_table_box_id_5 latency=0.4221s status=ok active=6
SEND b7c7 48/1000 table=page_001171_table_6 active=7
RECV b7c7 39/1000 rank=218 id=page_001125_table_4 latency=1.2123s status=ok active=6
SEND b7c7 49/1000 table=page_000533_table_5 active=7
RECV b7c7 49/1000 rank=441 id=page_000533_table_5 latency=0.2843s status=ok active=6
SEND b7c7 50/1000 table=page_000637_table_6 active=7
RECV b7c7 48/1000 rank=374 id=page_001171_table_6 latency=0.4331s status=ok active=6
SEND b7c7 51/1000 table=page_001129_table_10 active=7
RECV b7c7 46/1000 rank=180 id=page_000218_table_box_id_4 latency=1.1008s status=ok active=6
SEND b7c7 52/1000 table=page_001398_table_box-5zkimf1o active=7
RECV b7c7 42/1000 rank=149 id=page_001134_table_11 latency=1.6477s status=ok active=6
SEND b7c7 53/1000 table=page_001122_table_2 active=7
RECV b7c7 52/1000 rank=518 id=page_001398_table_box-5zkimf1o latency=0.2662s status=ok active=6
SEND b7c7 54/1000 table=page_001183_table_11 active=7
RECV b7c7 36/1000 rank=78 id=page_001152_table_0 latency=2.4708s status=ok active=6
SEND b7c7 55/1000 table=page_000928_table_17 active=7
RECV b7c7 55/1000 rank=607 id=page_000928_table_17 latency=0.1530s status=ok active=6
SEND b7c7 56/1000 table=page_001367_table_66 active=7
RECV b7c7 53/1000 rank=426 id=page_001122_table_2 latency=0.4421s status=ok active=6
SEND b7c7 57/1000 table=page_000829_table_4 active=7
RECV b7c7 57/1000 rank=491 id=page_000829_table_4 latency=0.2224s status=ok active=6
SEND b7c7 58/1000 table=page_001204_table_4 active=7
RECV b7c7 54/1000 rank=395 id=page_001183_table_11 latency=0.4806s status=ok active=6
SEND b7c7 59/1000 table=page_001368_table_box_id_218 active=7
RECV b7c7 51/1000 rank=192 id=page_001129_table_10 latency=1.1694s status=ok active=6
SEND b7c7 60/1000 table=page_001011_table_18 active=7
RECV b7c7 56/1000 rank=253 id=page_001367_table_66 latency=0.7554s status=ok active=6
SEND b7c7 61/1000 table=page_001368_table_box_id_167 active=7
RECV b7c7 60/1000 rank=387 id=page_001011_table_18 latency=0.3878s status=ok active=6
SEND b7c7 62/1000 table=page_001419_table_10 active=7
RECV b7c7 61/1000 rank=644 id=page_001368_table_box_id_167 latency=0.0720s status=ok active=6
SEND b7c7 63/1000 table=page_000793_table_8 active=7
RECV b7c7 63/1000 rank=616 id=page_000793_table_8 latency=0.1187s status=ok active=6
SEND b7c7 64/1000 table=page_000211_table_box_id_3 active=7
RECV b7c7 59/1000 rank=251 id=page_001368_table_box_id_218 latency=0.8787s status=ok active=6
SEND b7c7 65/1000 table=page_000652_table_0 active=7
RECV b7c7 62/1000 rank=464 id=page_001419_table_10 latency=0.4228s status=ok active=6
SEND b7c7 66/1000 table=page_000447_table_12 active=7
RECV b7c7 58/1000 rank=196 id=page_001204_table_4 latency=1.0736s status=ok active=6
SEND b7c7 67/1000 table=page_000766_table_2 active=7
RECV b7c7 65/1000 rank=505 id=page_000652_table_0 latency=0.2878s status=ok active=6
SEND b7c7 68/1000 table=page_001216_table_2 active=7
RECV b7c7 66/1000 rank=371 id=page_000447_table_12 latency=0.4322s status=ok active=6
SEND b7c7 69/1000 table=page_001367_table_68 active=7
RECV b7c7 64/1000 rank=201 id=page_000211_table_box_id_3 latency=0.8450s status=ok active=6
SEND b7c7 70/1000 table=page_001367_table_51 active=7
RECV b7c7 43/1000 rank=24 id=page_000287_table_box_id_8 latency=4.0557s status=ok active=6
SEND b7c7 71/1000 table=page_000265_table_box_id_3 active=7
RECV b7c7 50/1000 rank=33 id=page_000637_table_6 latency=3.2044s status=ok active=6
SEND b7c7 72/1000 table=page_000526_table_4 active=7
RECV b7c7 72/1000 rank=410 id=page_000526_table_4 latency=0.7114s status=ok active=6
SEND b7c7 73/1000 table=page_001395_table_7 active=7
RECV b7c7 73/1000 rank=357 id=page_001395_table_7 latency=0.3984s status=ok active=6
SEND b7c7 74/1000 table=page_000642_table_6 active=7
RECV b7c7 69/1000 rank=235 id=page_001367_table_68 latency=1.8617s status=ok active=6
SEND b7c7 75/1000 table=page_000658_table_32 active=7
RECV b7c7 70/1000 rank=65 id=page_001367_table_51 latency=1.7801s status=ok active=6
SEND b7c7 76/1000 table=page_000279_table_box_id_0 active=7
RECV b7c7 75/1000 rank=658 id=page_000658_table_32 latency=0.1347s status=ok active=6
SEND b7c7 77/1000 table=page_000236_table_box_id_1 active=7
RECV b7c7 68/1000 rank=186 id=page_001216_table_2 latency=2.2789s status=ok active=6
SEND b7c7 78/1000 table=page_001161_table_3 active=7
RECV b7c7 71/1000 rank=165 id=page_000265_table_box_id_3 latency=1.9323s status=ok active=6
SEND b7c7 79/1000 table=page_001163_table_0 active=7
RECV b7c7 77/1000 rank=324 id=page_000236_table_box_id_1 latency=0.6536s status=ok active=6
SEND b7c7 80/1000 table=page_000253_table_box_id_2 active=7
RECV b7c7 67/1000 rank=35 id=page_000766_table_2 latency=3.0332s status=ok active=6
SEND b7c7 81/1000 table=page_000821_table_box_id_14 active=7
RECV b7c7 81/1000 rank=585 id=page_000821_table_box_id_14 latency=0.2030s status=ok active=6
SEND b7c7 82/1000 table=page_000239_table_box_id_1 active=7
RECV b7c7 47/1000 rank=14 id=page_000289_table_box_id_4 latency=6.1121s status=ok active=6
SEND b7c7 83/1000 table=page_001035_table_28 active=7
RECV b7c7 74/1000 rank=170 id=page_000642_table_6 latency=1.4755s status=ok active=6
SEND b7c7 84/1000 table=page_001432_table_3 active=7
RECV b7c7 78/1000 rank=168 id=page_001161_table_3 latency=1.3473s status=ok active=6
SEND b7c7 85/1000 table=page_000205_table_box_id_11 active=7
RECV b7c7 80/1000 rank=236 id=page_000253_table_box_id_2 latency=0.8043s status=ok active=6
SEND b7c7 86/1000 table=page_000676_table_2 active=7
RECV b7c7 84/1000 rank=559 id=page_001432_table_3 latency=0.2325s status=ok active=6
SEND b7c7 87/1000 table=page_001378_table_box_id_1 active=7
RECV b7c7 83/1000 rank=230 id=page_001035_table_28 latency=0.9031s status=ok active=6
SEND b7c7 88/1000 table=page_001089_table_box_id_16 active=7
RECV b7c7 79/1000 rank=126 id=page_001163_table_0 latency=1.5854s status=ok active=6
SEND b7c7 89/1000 table=page_000273_table_box_id_1 active=7
RECV b7c7 82/1000 rank=204 id=page_000239_table_box_id_1 latency=1.0044s status=ok active=6
SEND b7c7 90/1000 table=page_000223_table_box_id_4 active=7
RECV b7c7 85/1000 rank=317 id=page_000205_table_box_id_11 latency=0.8007s status=ok active=6
SEND b7c7 91/1000 table=page_000224_table_box_id_6 active=7
RECV b7c7 90/1000 rank=606 id=page_000223_table_box_id_4 latency=0.3170s status=ok active=6
SEND b7c7 92/1000 table=page_000918_table_5 active=7
RECV b7c7 87/1000 rank=398 id=page_001378_table_box_id_1 latency=0.8774s status=ok active=6
SEND b7c7 93/1000 table=page_000781_table_0 active=7
RECV b7c7 92/1000 rank=513 id=page_000918_table_5 latency=0.2952s status=ok active=6
SEND b7c7 94/1000 table=page_001498_table_14 active=7
RECV b7c7 93/1000 rank=619 id=page_000781_table_0 latency=0.0996s status=ok active=6
SEND b7c7 95/1000 table=page_000652_table_3 active=7
RECV b7c7 95/1000 rank=626 id=page_000652_table_3 latency=0.2242s status=ok active=6
SEND b7c7 96/1000 table=page_001181_table_6 active=7
RECV b7c7 88/1000 rank=256 id=page_001089_table_box_id_16 latency=0.9358s status=ok active=6
SEND b7c7 97/1000 table=page_000593_table_0 active=7
RECV b7c7 94/1000 rank=443 id=page_001498_table_14 latency=0.3059s status=ok active=6
SEND b7c7 98/1000 table=page_001375_table_1 active=7
RECV b7c7 91/1000 rank=202 id=page_000224_table_box_id_6 latency=1.1072s status=ok active=6
SEND b7c7 99/1000 table=page_000720_table_3 active=7
RECV b7c7 99/1000 rank=574 id=page_000720_table_3 latency=0.1406s status=ok active=6
SEND b7c7 100/1000 table=page_000182_table_box_id_2 active=7
RECV b7c7 86/1000 rank=112 id=page_000676_table_2 latency=2.0012s status=ok active=6
SEND b7c7 101/1000 table=page_000245_table_box_id_0 active=7
RECV b7c7 100/1000 rank=297 id=page_000182_table_box_id_2 latency=0.5318s status=ok active=6
SEND b7c7 102/1000 table=page_000266_table_box_id_7 active=7
RECV b7c7 97/1000 rank=158 id=page_000593_table_0 latency=1.2081s status=ok active=6
SEND b7c7 103/1000 table=page_001208_table_12 active=7
RECV b7c7 102/1000 rank=509 id=page_000266_table_box_id_7 latency=0.2406s status=ok active=6
SEND b7c7 104/1000 table=page_000214_table_box_id_6 active=7
RECV b7c7 103/1000 rank=388 id=page_001208_table_12 latency=0.4783s status=ok active=6
SEND b7c7 105/1000 table=page_000514_table_8 active=7
RECV b7c7 101/1000 rank=177 id=page_000245_table_box_id_0 latency=1.0313s status=ok active=6
SEND b7c7 106/1000 table=page_001398_table_box-13qv1ztw active=7
RECV b7c7 98/1000 rank=111 id=page_001375_table_1 latency=1.8797s status=ok active=6
SEND b7c7 107/1000 table=page_000668_table_15 active=7
RECV b7c7 106/1000 rank=511 id=page_001398_table_box-13qv1ztw latency=0.3198s status=ok active=6
SEND b7c7 108/1000 table=page_000641_table_8 active=7
RECV b7c7 107/1000 rank=613 id=page_000668_table_15 latency=0.1023s status=ok active=6
SEND b7c7 109/1000 table=page_000419_table_4 active=7
RECV b7c7 105/1000 rank=411 id=page_000514_table_8 latency=0.4091s status=ok active=6
SEND b7c7 110/1000 table=page_001398_table_box-l1p3lf8a active=7
RECV b7c7 96/1000 rank=72 id=page_001181_table_6 latency=2.1527s status=ok active=6
SEND b7c7 111/1000 table=page_000800_table_12 active=7
RECV b7c7 108/1000 rank=539 id=page_000641_table_8 latency=0.3132s status=ok active=6
SEND b7c7 112/1000 table=page_000742_table_5 active=7
RECV b7c7 111/1000 rank=655 id=page_000800_table_12 latency=0.2249s status=ok active=6
SEND b7c7 113/1000 table=page_000844_table_6 active=7
RECV b7c7 110/1000 rank=534 id=page_001398_table_box-l1p3lf8a latency=0.5267s status=ok active=6
SEND b7c7 114/1000 table=page_000291_table_box_id_0 active=7
RECV b7c7 112/1000 rank=327 id=page_000742_table_5 latency=0.5894s status=ok active=6
SEND b7c7 115/1000 table=page_001274_table_4 active=7
RECV b7c7 113/1000 rank=341 id=page_000844_table_6 latency=0.5912s status=ok active=6
SEND b7c7 116/1000 table=page_000918_table_6 active=7
RECV b7c7 104/1000 rank=141 id=page_000214_table_box_id_6 latency=1.5267s status=ok active=6
SEND b7c7 117/1000 table=page_001142_table_13 active=7
RECV b7c7 116/1000 rank=577 id=page_000918_table_6 latency=0.3688s status=ok active=6
SEND b7c7 118/1000 table=page_001192_table_2 active=7
RECV b7c7 109/1000 rank=160 id=page_000419_table_4 latency=1.3604s status=ok active=6
SEND b7c7 119/1000 table=page_001368_table_box_id_257 active=7
RECV b7c7 117/1000 rank=459 id=page_001142_table_13 latency=0.4463s status=ok active=6
SEND b7c7 120/1000 table=page_000264_table_box_id_5 active=7
RECV b7c7 89/1000 rank=22 id=page_000273_table_box_id_1 latency=4.6720s status=ok active=6
SEND b7c7 121/1000 table=page_001368_table_box_id_263 active=7
RECV b7c7 119/1000 rank=473 id=page_001368_table_box_id_257 latency=0.4725s status=ok active=6
SEND b7c7 122/1000 table=page_000647_table_5 active=7
RECV b7c7 122/1000 rank=302 id=page_000647_table_5 latency=0.4466s status=ok active=6
SEND b7c7 123/1000 table=page_001127_table_4 active=7
RECV b7c7 121/1000 rank=191 id=page_001368_table_box_id_263 latency=0.8885s status=ok active=6
SEND b7c7 124/1000 table=page_001637_table_5 active=7
RECV b7c7 76/1000 rank=01 id=page_000279_table_box_id_0 latency=7.5905s status=ok active=6
SEND b7c7 125/1000 table=page_001368_table_box_id_268 active=7
RECV b7c7 125/1000 rank=665 id=page_001368_table_box_id_268 latency=0.0802s status=ok active=6
SEND b7c7 126/1000 table=page_001130_table_13 active=7
RECV b7c7 124/1000 rank=603 id=page_001637_table_5 latency=0.1890s status=ok active=6
SEND b7c7 127/1000 table=page_001368_table_box_id_273 active=7
RECV b7c7 123/1000 rank=273 id=page_001127_table_4 latency=0.6511s status=ok active=6
SEND b7c7 128/1000 table=page_001193_table_4 active=7
RECV b7c7 126/1000 rank=531 id=page_001130_table_13 latency=0.1986s status=ok active=6
SEND b7c7 129/1000 table=page_000710_table_9 active=7
RECV b7c7 127/1000 rank=570 id=page_001368_table_box_id_273 latency=0.2738s status=ok active=6
SEND b7c7 130/1000 table=page_001368_table_box_id_165 active=7
RECV b7c7 129/1000 rank=514 id=page_000710_table_9 latency=0.2654s status=ok active=6
SEND b7c7 131/1000 table=page_000195_table_box_id_0 active=7
RECV b7c7 130/1000 rank=604 id=page_001368_table_box_id_165 latency=0.1181s status=ok active=6
SEND b7c7 132/1000 table=page_001342_table_2 active=7
RECV b7c7 118/1000 rank=81 id=page_001192_table_2 latency=2.0151s status=ok active=6
SEND b7c7 133/1000 table=page_000743_table_4 active=7
RECV b7c7 128/1000 rank=342 id=page_001193_table_4 latency=0.7242s status=ok active=6
SEND b7c7 134/1000 table=page_001367_table_3 active=7
RECV b7c7 133/1000 rank=581 id=page_000743_table_4 latency=0.3840s status=ok active=6
SEND b7c7 135/1000 table=page_001209_table_4 active=7
RECV b7c7 135/1000 rank=524 id=page_001209_table_4 latency=0.2540s status=ok active=6
SEND b7c7 136/1000 table=page_000287_table_box_id_1 active=7
RECV b7c7 132/1000 rank=185 id=page_001342_table_2 latency=1.0471s status=ok active=6
SEND b7c7 137/1000 table=page_000233_table_box_id_2 active=7
RECV b7c7 131/1000 rank=169 id=page_000195_table_box_id_0 latency=1.1363s status=ok active=6
SEND b7c7 138/1000 table=page_000789_table_34 active=7
RECV b7c7 138/1000 rank=639 id=page_000789_table_34 latency=0.2106s status=ok active=6
SEND b7c7 139/1000 table=page_001147_table_5 active=7
RECV b7c7 120/1000 rank=36 id=page_000264_table_box_id_5 latency=3.2602s status=ok active=6
SEND b7c7 140/1000 table=page_000833_table_4 active=7
RECV b7c7 140/1000 rank=352 id=page_000833_table_4 latency=0.3996s status=ok active=6
SEND b7c7 141/1000 table=page_001186_table_10 active=7
RECV b7c7 136/1000 rank=154 id=page_000287_table_box_id_1 latency=1.2779s status=ok active=6
SEND b7c7 142/1000 table=page_001271_table_4 active=7
RECV b7c7 134/1000 rank=101 id=page_001367_table_3 latency=1.8120s status=ok active=6
SEND b7c7 143/1000 table=page_001167_table_2 active=7
RECV b7c7 141/1000 rank=372 id=page_001186_table_10 latency=0.5010s status=ok active=6
SEND b7c7 144/1000 table=page_000206_table_box_id_1 active=7
RECV b7c7 143/1000 rank=422 id=page_001167_table_2 latency=0.3597s status=ok active=6
SEND b7c7 145/1000 table=page_000234_table_box_id_5 active=7
RECV b7c7 144/1000 rank=309 id=page_000206_table_box_id_1 latency=0.5433s status=ok active=6
SEND b7c7 146/1000 table=page_000205_table_box_id_13 active=7
RECV b7c7 115/1000 rank=17 id=page_001274_table_4 latency=5.4057s status=ok active=6
SEND b7c7 147/1000 table=page_001595_table_box_id_14 active=7
RECV b7c7 146/1000 rank=282 id=page_000205_table_box_id_13 latency=0.5942s status=ok active=6
SEND b7c7 148/1000 table=page_000632_table_0 active=7
RECV b7c7 147/1000 rank=214 id=page_001595_table_box_id_14 latency=0.7218s status=ok active=6
SEND b7c7 149/1000 table=page_001140_table_12 active=7
RECV b7c7 139/1000 rank=47 id=page_001147_table_5 latency=2.6784s status=ok active=6
SEND b7c7 150/1000 table=page_000683_table_8 active=7
RECV b7c7 137/1000 rank=38 id=page_000233_table_box_id_2 latency=3.0959s status=ok active=6
SEND b7c7 151/1000 table=page_000755_table_3 active=7
RECV b7c7 150/1000 rank=589 id=page_000683_table_8 latency=0.1329s status=ok active=6
SEND b7c7 152/1000 table=page_000495_table_9 active=7
RECV b7c7 114/1000 rank=07 id=page_000291_table_box_id_0 latency=6.8025s status=ok active=6
SEND b7c7 153/1000 table=page_000861_table_17 active=7
RECV b7c7 149/1000 rank=401 id=page_001140_table_12 latency=0.5165s status=ok active=6
SEND b7c7 154/1000 table=page_000503_table_1 active=7
RECV b7c7 145/1000 rank=97 id=page_000234_table_box_id_5 latency=1.7463s status=ok active=6
SEND b7c7 155/1000 table=page_000420_table_0 active=7
RECV b7c7 151/1000 rank=553 id=page_000755_table_3 latency=0.2469s status=ok active=6
SEND b7c7 156/1000 table=page_000920_table_8 active=7
RECV b7c7 156/1000 rank=368 id=page_000920_table_8 latency=0.7774s status=ok active=6
SEND b7c7 157/1000 table=page_001176_table_4 active=7
RECV b7c7 155/1000 rank=305 id=page_000420_table_0 latency=0.8474s status=ok active=6
SEND b7c7 158/1000 table=page_001123_table_14 active=7
RECV b7c7 153/1000 rank=156 id=page_000861_table_17 latency=1.2756s status=ok active=6
SEND b7c7 159/1000 table=page_000683_table_5 active=7
RECV b7c7 152/1000 rank=164 id=page_000495_table_9 latency=1.3346s status=ok active=6
SEND b7c7 160/1000 table=page_000286_table_box_id_1 active=7
RECV b7c7 142/1000 rank=27 id=page_001271_table_4 latency=3.5599s status=ok active=6
SEND b7c7 161/1000 table=page_000324_table_0 active=7
RECV b7c7 159/1000 rank=596 id=page_000683_table_5 latency=0.1308s status=ok active=6
SEND b7c7 162/1000 table=page_000937_table_1 active=7
RECV b7c7 154/1000 rank=206 id=page_000503_table_1 latency=1.6409s status=ok active=6
SEND b7c7 163/1000 table=page_000507_table_6 active=7
RECV b7c7 158/1000 rank=413 id=page_001123_table_14 latency=0.7674s status=ok active=6
SEND b7c7 164/1000 table=page_000227_table_box_id_1 active=7
RECV b7c7 161/1000 rank=414 id=page_000324_table_0 latency=0.6052s status=ok active=6
SEND b7c7 165/1000 table=page_001368_table_box_id_250 active=7
RECV b7c7 162/1000 rank=415 id=page_000937_table_1 latency=0.7205s status=ok active=6
SEND b7c7 166/1000 table=page_001011_table_30 active=7
RECV b7c7 148/1000 rank=55 id=page_000632_table_0 latency=3.0646s status=ok active=6
SEND b7c7 167/1000 table=page_001506_table_14 active=7
RECV b7c7 165/1000 rank=486 id=page_001368_table_box_id_250 latency=0.4098s status=ok active=6
SEND b7c7 168/1000 table=page_001164_table_9 active=7
RECV b7c7 167/1000 rank=549 id=page_001506_table_14 latency=0.2467s status=ok active=6
SEND b7c7 169/1000 table=page_001376_table_5 active=7
RECV b7c7 169/1000 rank=437 id=page_001376_table_5 latency=0.2885s status=ok active=6
SEND b7c7 170/1000 table=page_000814_table_0 active=7
RECV b7c7 157/1000 rank=122 id=page_001176_table_4 latency=1.9375s status=ok active=6
SEND b7c7 171/1000 table=page_000866_table_1 active=7
RECV b7c7 170/1000 rank=614 id=page_000814_table_0 latency=0.1516s status=ok active=6
SEND b7c7 172/1000 table=page_001522_table_8 active=7
RECV b7c7 163/1000 rank=176 id=page_000507_table_6 latency=1.2530s status=ok active=6
SEND b7c7 173/1000 table=page_000418_table_3 active=7
RECV b7c7 171/1000 rank=434 id=page_000866_table_1 latency=0.4697s status=ok active=6
SEND b7c7 174/1000 table=page_000631_table_0 active=7
RECV b7c7 164/1000 rank=124 id=page_000227_table_box_id_1 latency=1.7760s status=ok active=6
SEND b7c7 175/1000 table=page_000267_table_box_id_1 active=7
RECV b7c7 166/1000 rank=142 id=page_001011_table_30 latency=1.4862s status=ok active=6
SEND b7c7 176/1000 table=page_001368_table_box_id_239 active=7
RECV b7c7 172/1000 rank=234 id=page_001522_table_8 latency=0.8421s status=ok active=6
SEND b7c7 177/1000 table=page_000946_table_14 active=7
RECV b7c7 176/1000 rank=512 id=page_001368_table_box_id_239 latency=0.4188s status=ok active=6
SEND b7c7 178/1000 table=page_001375_table_7 active=7
RECV b7c7 173/1000 rank=205 id=page_000418_table_3 latency=1.0273s status=ok active=6
SEND b7c7 179/1000 table=page_000274_table_box_id_0 active=7
RECV b7c7 177/1000 rank=461 id=page_000946_table_14 latency=0.3711s status=ok active=6
SEND b7c7 180/1000 table=page_001637_table_4 active=7
RECV b7c7 180/1000 rank=599 id=page_001637_table_4 latency=0.1157s status=ok active=6
SEND b7c7 181/1000 table=page_000256_table_box_id_3 active=7
RECV b7c7 178/1000 rank=458 id=page_001375_table_7 latency=0.3612s status=ok active=6
SEND b7c7 182/1000 table=page_001413_table_7 active=7
RECV b7c7 182/1000 rank=484 id=page_001413_table_7 latency=0.3060s status=ok active=6
SEND b7c7 183/1000 table=page_001368_table_box_id_276 active=7
RECV b7c7 183/1000 rank=638 id=page_001368_table_box_id_276 latency=0.0780s status=ok active=6
SEND b7c7 184/1000 table=page_000763_table_7 active=7
RECV b7c7 174/1000 rank=147 id=page_000631_table_0 latency=1.3845s status=ok active=6
SEND b7c7 185/1000 table=page_000826_table_32 active=7
RECV b7c7 181/1000 rank=353 id=page_000256_table_box_id_3 latency=0.5060s status=ok active=6
SEND b7c7 186/1000 table=page_000225_table_box_id_13 active=7
RECV b7c7 184/1000 rank=647 id=page_000763_table_7 latency=0.0941s status=ok active=6
SEND b7c7 187/1000 table=page_000226_table_box_id_5 active=7
RECV b7c7 185/1000 rank=578 id=page_000826_table_32 latency=0.2974s status=ok active=6
SEND b7c7 188/1000 table=page_000697_table_9 active=7
RECV b7c7 188/1000 rank=489 id=page_000697_table_9 latency=0.2225s status=ok active=6
SEND b7c7 189/1000 table=page_000434_table_15 active=7
RECV b7c7 187/1000 rank=405 id=page_000226_table_box_id_5 latency=0.5850s status=ok active=6
SEND b7c7 190/1000 table=page_000451_table_12 active=7
RECV b7c7 168/1000 rank=45 id=page_001164_table_9 latency=3.2363s status=ok active=6
SEND b7c7 191/1000 table=page_000799_table_6 active=7
RECV b7c7 179/1000 rank=139 id=page_000274_table_box_id_0 latency=1.5876s status=ok active=6
SEND b7c7 192/1000 table=page_001117_table_box_id_7 active=7
RECV b7c7 192/1000 rank=483 id=page_001117_table_box_id_7 latency=0.2952s status=ok active=6
SEND b7c7 193/1000 table=page_000268_table_box_id_2 active=7
RECV b7c7 186/1000 rank=200 id=page_000225_table_box_id_13 latency=1.0896s status=ok active=6
SEND b7c7 194/1000 table=page_000534_table_4 active=7
RECV b7c7 189/1000 rank=267 id=page_000434_table_15 latency=0.6906s status=ok active=6
SEND b7c7 195/1000 table=page_000984_table_3 active=7
RECV b7c7 191/1000 rank=400 id=page_000799_table_6 latency=0.4036s status=ok active=6
SEND b7c7 196/1000 table=page_001125_table_2 active=7
RECV b7c7 175/1000 rank=62 id=page_000267_table_box_id_1 latency=2.8983s status=ok active=6
SEND b7c7 197/1000 table=page_000250_table_box_id_4 active=7
RECV b7c7 190/1000 rank=74 id=page_000451_table_12 latency=1.3226s status=ok active=6
SEND b7c7 198/1000 table=page_000220_table_box_id_10 active=7
RECV b7c7 195/1000 rank=238 id=page_000984_table_3 latency=0.8268s status=ok active=6
SEND b7c7 199/1000 table=page_000465_table_8 active=7
RECV b7c7 196/1000 rank=261 id=page_001125_table_2 latency=0.9380s status=ok active=6
SEND b7c7 200/1000 table=page_000903_table_15 active=7
RECV b7c7 194/1000 rank=221 id=page_000534_table_4 latency=1.0103s status=ok active=6
SEND b7c7 201/1000 table=page_001493_table_box_id_19 active=7
RECV b7c7 200/1000 rank=522 id=page_000903_table_15 latency=0.2311s status=ok active=6
SEND b7c7 202/1000 table=page_000266_table_box_id_9 active=7
RECV b7c7 201/1000 rank=536 id=page_001493_table_box_id_19 latency=0.2314s status=ok active=6
SEND b7c7 203/1000 table=page_001133_table_3 active=7
RECV b7c7 198/1000 rank=406 id=page_000220_table_box_id_10 latency=0.5400s status=ok active=6
SEND b7c7 204/1000 table=page_001164_table_2 active=7
RECV b7c7 199/1000 rank=331 id=page_000465_table_8 latency=0.7563s status=ok active=6
SEND b7c7 205/1000 table=page_000552_table_9 active=7
RECV b7c7 202/1000 rank=479 id=page_000266_table_box_id_9 latency=0.4129s status=ok active=6
SEND b7c7 206/1000 table=page_000288_table_box_id_1 active=7
RECV b7c7 193/1000 rank=133 id=page_000268_table_box_id_2 latency=1.8580s status=ok active=6
SEND b7c7 207/1000 table=page_000268_table_box_id_4 active=7
RECV b7c7 205/1000 rank=579 id=page_000552_table_9 latency=0.2251s status=ok active=6
SEND b7c7 208/1000 table=page_000937_table_0 active=7
RECV b7c7 160/1000 rank=15 id=page_000286_table_box_id_1 latency=6.8546s status=ok active=6
SEND b7c7 209/1000 table=page_001189_table_box_id_2 active=7
RECV b7c7 208/1000 rank=350 id=page_000937_table_0 latency=0.4962s status=ok active=6
SEND b7c7 210/1000 table=page_000202_table_box_id_0 active=7
RECV b7c7 207/1000 rank=361 id=page_000268_table_box_id_4 latency=0.5490s status=ok active=6
SEND b7c7 211/1000 table=page_000641_table_5 active=7
RECV b7c7 209/1000 rank=423 id=page_001189_table_box_id_2 latency=0.4345s status=ok active=6
SEND b7c7 212/1000 table=page_000256_table_box_id_12 active=7
RECV b7c7 211/1000 rank=485 id=page_000641_table_5 latency=0.3914s status=ok active=6
SEND b7c7 213/1000 table=page_000425_table_3 active=7
RECV b7c7 197/1000 rank=86 id=page_000250_table_box_id_4 latency=2.3081s status=ok active=6
SEND b7c7 214/1000 table=page_000984_table_2 active=7
RECV b7c7 210/1000 rank=326 id=page_000202_table_box_id_0 latency=0.5240s status=ok active=6
SEND b7c7 215/1000 table=page_001119_table_box_id_2 active=7
RECV b7c7 203/1000 rank=123 id=page_001133_table_3 latency=1.8689s status=ok active=6
SEND b7c7 216/1000 table=page_001121_table_7 active=7
RECV b7c7 214/1000 rank=625 id=page_000984_table_2 latency=0.3342s status=ok active=6
SEND b7c7 217/1000 table=page_000661_table_4 active=7
RECV b7c7 217/1000 rank=663 id=page_000661_table_4 latency=0.0897s status=ok active=6
SEND b7c7 218/1000 table=page_000255_table_box_id_2 active=7
RECV b7c7 212/1000 rank=369 id=page_000256_table_box_id_12 latency=0.6502s status=ok active=6
SEND b7c7 219/1000 table=page_001128_table_2 active=7
RECV b7c7 216/1000 rank=427 id=page_001121_table_7 latency=0.4969s status=ok active=6
SEND b7c7 220/1000 table=page_000292_table_box_id_1 active=7
RECV b7c7 215/1000 rank=272 id=page_001119_table_box_id_2 latency=0.9449s status=ok active=6
SEND b7c7 221/1000 table=page_000465_table_10 active=7
RECV b7c7 221/1000 rank=339 id=page_000465_table_10 latency=0.4195s status=ok active=6
SEND b7c7 222/1000 table=page_001132_table_box_id_10 active=7
RECV b7c7 213/1000 rank=138 id=page_000425_table_3 latency=1.4662s status=ok active=6
SEND b7c7 223/1000 table=page_001082_table_23 active=7
RECV b7c7 219/1000 rank=144 id=page_001128_table_2 latency=1.2167s status=ok active=6
SEND b7c7 224/1000 table=page_000758_table_21 active=7
RECV b7c7 224/1000 rank=636 id=page_000758_table_21 latency=0.0785s status=ok active=6
SEND b7c7 225/1000 table=page_001219_table_box_id_1 active=7
RECV b7c7 223/1000 rank=316 id=page_001082_table_23 latency=0.5680s status=ok active=6
SEND b7c7 226/1000 table=page_000982_table_16 active=7
RECV b7c7 204/1000 rank=40 id=page_001164_table_2 latency=3.4693s status=ok active=6
SEND b7c7 227/1000 table=page_001233_table_6 active=7
RECV b7c7 226/1000 rank=495 id=page_000982_table_16 latency=0.2669s status=ok active=6
SEND b7c7 228/1000 table=page_000466_table_0 active=7
RECV b7c7 222/1000 rank=227 id=page_001132_table_box_id_10 latency=0.8911s status=ok active=6
SEND b7c7 229/1000 table=page_000677_table_23 active=7
RECV b7c7 229/1000 rank=642 id=page_000677_table_23 latency=0.2267s status=ok active=6
SEND b7c7 230/1000 table=page_000237_table_box_id_3 active=7
RECV b7c7 227/1000 rank=241 id=page_001233_table_6 latency=0.8142s status=ok active=6
SEND b7c7 231/1000 table=page_000526_table_7 active=7
RECV b7c7 231/1000 rank=438 id=page_000526_table_7 latency=0.2885s status=ok active=6
SEND b7c7 232/1000 table=page_000298_table_5 active=7
RECV b7c7 218/1000 rank=42 id=page_000255_table_box_id_2 latency=2.9428s status=ok active=6
SEND b7c7 233/1000 table=page_001499_table_12 active=7
RECV b7c7 232/1000 rank=274 id=page_000298_table_5 latency=0.5992s status=ok active=6
SEND b7c7 234/1000 table=page_001432_table_20 active=7
RECV b7c7 233/1000 rank=321 id=page_001499_table_12 latency=0.4662s status=ok active=6
SEND b7c7 235/1000 table=page_001136_table_4 active=7
RECV b7c7 234/1000 rank=560 id=page_001432_table_20 latency=0.1974s status=ok active=6
SEND b7c7 236/1000 table=page_001368_table_box_id_237 active=7
RECV b7c7 230/1000 rank=108 id=page_000237_table_box_id_3 latency=1.4837s status=ok active=6
SEND b7c7 237/1000 table=page_000467_table_17 active=7
RECV b7c7 236/1000 rank=468 id=page_001368_table_box_id_237 latency=0.2953s status=ok active=6
SEND b7c7 238/1000 table=page_000745_table_2 active=7
RECV b7c7 235/1000 rank=407 id=page_001136_table_4 latency=0.4262s status=ok active=6
SEND b7c7 239/1000 table=page_000523_table_1 active=7
RECV b7c7 220/1000 rank=25 id=page_000292_table_box_id_1 latency=3.5121s status=ok active=6
SEND b7c7 240/1000 table=page_000297_table_5 active=7
RECV b7c7 225/1000 rank=50 id=page_001219_table_box_id_1 latency=2.6711s status=ok active=6
SEND b7c7 241/1000 table=page_000524_table_0 active=7
RECV b7c7 238/1000 rank=455 id=page_000745_table_2 latency=0.4755s status=ok active=6
SEND b7c7 242/1000 table=page_000657_table_6 active=7
RECV b7c7 242/1000 rank=659 id=page_000657_table_6 latency=0.0480s status=ok active=6
SEND b7c7 243/1000 table=page_000520_table_6 active=7
RECV b7c7 239/1000 rank=471 id=page_000523_table_1 latency=0.6296s status=ok active=6
SEND b7c7 244/1000 table=page_000203_table_box_id_3 active=7
RECV b7c7 228/1000 rank=51 id=page_000466_table_0 latency=2.8312s status=ok active=6
SEND b7c7 245/1000 table=page_000522_table_1 active=7
RECV b7c7 243/1000 rank=378 id=page_000520_table_6 latency=0.5154s status=ok active=6
SEND b7c7 246/1000 table=page_000246_table_box_id_6 active=7
RECV b7c7 246/1000 rank=575 id=page_000246_table_box_id_6 latency=0.1419s status=ok active=6
SEND b7c7 247/1000 table=page_000261_table_box_id_3 active=7
RECV b7c7 245/1000 rank=452 id=page_000522_table_1 latency=0.3070s status=ok active=6
SEND b7c7 248/1000 table=page_000106_table_box_id_2 active=7
RECV b7c7 240/1000 rank=175 id=page_000297_table_5 latency=1.1635s status=ok active=6
SEND b7c7 249/1000 table=page_000603_table_7 active=7
RECV b7c7 237/1000 rank=120 id=page_000467_table_17 latency=1.9136s status=ok active=6
SEND b7c7 250/1000 table=page_000721_table_19 active=7
RECV b7c7 241/1000 rank=140 id=page_000524_table_0 latency=1.5139s status=ok active=6
SEND b7c7 251/1000 table=page_000634_table_11 active=7
RECV b7c7 249/1000 rank=403 id=page_000603_table_7 latency=0.6427s status=ok active=6
SEND b7c7 252/1000 table=page_001149_table_0 active=7
RECV b7c7 250/1000 rank=583 id=page_000721_table_19 latency=0.2049s status=ok active=6
SEND b7c7 253/1000 table=page_001368_table_box_id_220 active=7
RECV b7c7 206/1000 rank=08 id=page_000288_table_box_id_1 latency=7.3483s status=ok active=6
SEND b7c7 254/1000 table=page_000841_table_28 active=7
RECV b7c7 254/1000 rank=633 id=page_000841_table_28 latency=0.1904s status=ok active=6
SEND b7c7 255/1000 table=page_001158_table_3 active=7
RECV b7c7 253/1000 rank=530 id=page_001368_table_box_id_220 latency=0.3946s status=ok active=6
SEND b7c7 256/1000 table=page_000201_table_box-w2ehqidz active=7
RECV b7c7 248/1000 rank=208 id=page_000106_table_box_id_2 latency=1.3408s status=ok active=6
SEND b7c7 257/1000 table=page_000913_table_11 active=7
RECV b7c7 251/1000 rank=225 id=page_000634_table_11 latency=0.9822s status=ok active=6
SEND b7c7 258/1000 table=page_000554_table_0 active=7
RECV b7c7 255/1000 rank=325 id=page_001158_table_3 latency=0.5791s status=ok active=6
SEND b7c7 259/1000 table=page_001190_table_8 active=7
RECV b7c7 257/1000 rank=510 id=page_000913_table_11 latency=0.2110s status=ok active=6
SEND b7c7 260/1000 table=page_000785_table_7 active=7
RECV b7c7 252/1000 rank=223 id=page_001149_table_0 latency=0.9811s status=ok active=6
SEND b7c7 261/1000 table=page_000915_table_2 active=7
RECV b7c7 258/1000 rank=566 id=page_000554_table_0 latency=0.2553s status=ok active=6
SEND b7c7 262/1000 table=page_001172_table_16 active=7
RECV b7c7 261/1000 rank=611 id=page_000915_table_2 latency=0.1059s status=ok active=6
SEND b7c7 263/1000 table=page_000295_table_box_id_1 active=7
RECV b7c7 260/1000 rank=545 id=page_000785_table_7 latency=0.2753s status=ok active=6
SEND b7c7 264/1000 table=page_000647_table_6 active=7
RECV b7c7 264/1000 rank=563 id=page_000647_table_6 latency=0.3187s status=ok active=6
SEND b7c7 265/1000 table=page_001129_table_9 active=7
RECV b7c7 256/1000 rank=228 id=page_000201_table_box-w2ehqidz latency=1.0326s status=ok active=6
SEND b7c7 266/1000 table=page_000268_table_box_id_6 active=7
RECV b7c7 244/1000 rank=64 id=page_000203_table_box_id_3 latency=2.9099s status=ok active=6
SEND b7c7 267/1000 table=page_000216_table_box_id_0 active=7
RECV b7c7 262/1000 rank=337 id=page_001172_table_16 latency=0.6926s status=ok active=6
SEND b7c7 268/1000 table=page_001125_table_9 active=7
RECV b7c7 266/1000 rank=375 id=page_000268_table_box_id_6 latency=0.5647s status=ok active=6
SEND b7c7 269/1000 table=page_000294_table_box_id_1 active=7
RECV b7c7 265/1000 rank=362 id=page_001129_table_9 latency=0.6423s status=ok active=6
SEND b7c7 270/1000 table=page_001134_table_10 active=7
RECV b7c7 259/1000 rank=193 id=page_001190_table_8 latency=1.4691s status=ok active=6
SEND b7c7 271/1000 table=page_000277_table_box_id_1 active=7
RECV b7c7 247/1000 rank=54 id=page_000261_table_box_id_3 latency=3.2976s status=ok active=6
SEND b7c7 272/1000 table=page_000206_table_box_id_9 active=7
RECV b7c7 272/1000 rank=293 id=page_000206_table_box_id_9 latency=0.4867s status=ok active=6
SEND b7c7 273/1000 table=page_001375_table_31 active=7
RECV b7c7 273/1000 rank=631 id=page_001375_table_31 latency=0.0819s status=ok active=6
SEND b7c7 274/1000 table=page_000823_table_8 active=7
RECV b7c7 274/1000 rank=637 id=page_000823_table_8 latency=0.0772s status=ok active=6
SEND b7c7 275/1000 table=page_000635_table_0 active=7
RECV b7c7 270/1000 rank=134 id=page_001134_table_10 latency=1.3458s status=ok active=6
SEND b7c7 276/1000 table=page_000260_table_box_id_0 active=7
RECV b7c7 268/1000 rank=89 id=page_001125_table_9 latency=1.8293s status=ok active=6
SEND b7c7 277/1000 table=page_000532_table_5 active=7
RECV b7c7 269/1000 rank=84 id=page_000294_table_box_id_1 latency=1.8675s status=ok active=6
SEND b7c7 278/1000 table=page_000665_table_7 active=7
RECV b7c7 278/1000 rank=664 id=page_000665_table_7 latency=0.0482s status=ok active=6
SEND b7c7 279/1000 table=page_000208_table_box_id_7 active=7
RECV b7c7 277/1000 rank=404 id=page_000532_table_5 latency=0.3779s status=ok active=6
SEND b7c7 280/1000 table=page_000178_table_box_id_1 active=7
RECV b7c7 275/1000 rank=179 id=page_000635_table_0 latency=1.1196s status=ok active=6
SEND b7c7 281/1000 table=page_000612_table_6 active=7
RECV b7c7 276/1000 rank=183 id=page_000260_table_box_id_0 latency=1.0706s status=ok active=6
SEND b7c7 282/1000 table=page_000942_table_3 active=7
RECV b7c7 279/1000 rank=292 id=page_000208_table_box_id_7 latency=0.6071s status=ok active=6
SEND b7c7 283/1000 table=page_001166_table_5 active=7
RECV b7c7 283/1000 rank=472 id=page_001166_table_5 latency=0.3503s status=ok active=6
SEND b7c7 284/1000 table=page_000250_table_box-stnne6dt active=7
RECV b7c7 281/1000 rank=295 id=page_000612_table_6 latency=0.6184s status=ok active=6
SEND b7c7 285/1000 table=page_001270_table_box_id_1 active=7
RECV b7c7 282/1000 rank=279 id=page_000942_table_3 latency=0.7046s status=ok active=6
SEND b7c7 286/1000 table=page_001169_table_11 active=7
RECV b7c7 286/1000 rank=521 id=page_001169_table_11 latency=0.1955s status=ok active=6
SEND b7c7 287/1000 table=page_001154_table_10 active=7
RECV b7c7 280/1000 rank=103 id=page_000178_table_box_id_1 latency=1.7208s status=ok active=6
SEND b7c7 288/1000 table=page_000938_table_3 active=7
RECV b7c7 267/1000 rank=23 id=page_000216_table_box_id_0 latency=4.1001s status=ok active=6
SEND b7c7 289/1000 table=page_000190_table_box_id_0 active=7
RECV b7c7 289/1000 rank=430 id=page_000190_table_box_id_0 latency=0.2922s status=ok active=6
SEND b7c7 290/1000 table=page_000640_table_8 active=7
RECV b7c7 287/1000 rank=245 id=page_001154_table_10 latency=0.7955s status=ok active=6
SEND b7c7 291/1000 table=page_000643_table_4 active=7
RECV b7c7 288/1000 rank=347 id=page_000938_table_3 latency=0.5524s status=ok active=6
SEND b7c7 292/1000 table=page_001368_table_box_id_161 active=7
RECV b7c7 285/1000 rank=95 id=page_001270_table_box_id_1 latency=1.7719s status=ok active=6
SEND b7c7 293/1000 table=page_000210_table_box_id_0 active=7
RECV b7c7 284/1000 rank=93 id=page_000250_table_box-stnne6dt latency=1.8654s status=ok active=6
SEND b7c7 294/1000 table=page_000715_table_14 active=7
RECV b7c7 292/1000 rank=332 id=page_001368_table_box_id_161 latency=0.5228s status=ok active=6
SEND b7c7 295/1000 table=page_000230_table_box_id_7 active=7
RECV b7c7 290/1000 rank=211 id=page_000640_table_8 latency=0.9077s status=ok active=6
SEND b7c7 296/1000 table=page_000934_table_1 active=7
RECV b7c7 294/1000 rank=618 id=page_000715_table_14 latency=0.3915s status=ok active=6
SEND b7c7 297/1000 table=page_001367_table_73 active=7
RECV b7c7 296/1000 rank=567 id=page_000934_table_1 latency=0.2231s status=ok active=6
SEND b7c7 298/1000 table=page_000280_table_box_id_1 active=7
RECV b7c7 297/1000 rank=555 id=page_001367_table_73 latency=0.1617s status=ok active=6
SEND b7c7 299/1000 table=page_000647_table_4 active=7
RECV b7c7 299/1000 rank=650 id=page_000647_table_4 latency=0.1570s status=ok active=6
SEND b7c7 300/1000 table=page_001166_table_9 active=7
RECV b7c7 293/1000 rank=222 id=page_000210_table_box_id_0 latency=0.9644s status=ok active=6
SEND b7c7 301/1000 table=page_001398_table_box-1nnly5de active=7
RECV b7c7 300/1000 rank=436 id=page_001166_table_9 latency=0.3308s status=ok active=6
SEND b7c7 302/1000 table=page_000494_table_7 active=7
RECV b7c7 263/1000 rank=10 id=page_000295_table_box_id_1 latency=6.9928s status=ok active=6
SEND b7c7 303/1000 table=page_000945_table_4 active=7
RECV b7c7 301/1000 rank=386 id=page_001398_table_box-1nnly5de latency=0.4332s status=ok active=6
SEND b7c7 304/1000 table=page_000921_table_2 active=7
RECV b7c7 302/1000 rank=354 id=page_000494_table_7 latency=0.5696s status=ok active=6
SEND b7c7 305/1000 table=page_001183_table_12 active=7
RECV b7c7 304/1000 rank=439 id=page_000921_table_2 latency=0.3948s status=ok active=6
SEND b7c7 306/1000 table=page_001367_table_70 active=7
RECV b7c7 271/1000 rank=13 id=page_000277_table_box_id_1 latency=6.3126s status=ok active=6
SEND b7c7 307/1000 table=page_001376_table_13 active=7
RECV b7c7 303/1000 rank=306 id=page_000945_table_4 latency=0.6693s status=ok active=6
SEND b7c7 308/1000 table=page_000916_table_7 active=7
RECV b7c7 295/1000 rank=87 id=page_000230_table_box_id_7 latency=1.9859s status=ok active=6
SEND b7c7 309/1000 table=page_001182_table_3 active=7
RECV b7c7 307/1000 rank=449 id=page_001376_table_13 latency=0.4148s status=ok active=6
SEND b7c7 310/1000 table=page_000290_table_box_id_1 active=7
RECV b7c7 305/1000 rank=285 id=page_001183_table_12 latency=0.7286s status=ok active=6
SEND b7c7 311/1000 table=page_001404_table_7 active=7
RECV b7c7 306/1000 rank=392 id=page_001367_table_70 latency=0.5769s status=ok active=6
SEND b7c7 312/1000 table=page_000106_table_box_id_4 active=7
RECV b7c7 312/1000 rank=598 id=page_000106_table_box_id_4 latency=0.2715s status=ok active=6
SEND b7c7 313/1000 table=page_000626_table_box_id_4 active=7
RECV b7c7 308/1000 rank=265 id=page_000916_table_7 latency=0.7871s status=ok active=6
SEND b7c7 314/1000 table=page_001493_table_box_id_13 active=7
RECV b7c7 311/1000 rank=445 id=page_001404_table_7 latency=0.5749s status=ok active=6
SEND b7c7 315/1000 table=page_000659_table_5 active=7
RECV b7c7 291/1000 rank=39 id=page_000643_table_4 latency=3.5128s status=ok active=6
SEND b7c7 316/1000 table=page_000516_table_0 active=7
RECV b7c7 315/1000 rank=657 id=page_000659_table_5 latency=0.0523s status=ok active=6
SEND b7c7 317/1000 table=page_001210_table_4 active=7
RECV b7c7 309/1000 rank=250 id=page_001182_table_3 latency=0.9747s status=ok active=6
SEND b7c7 318/1000 table=page_001121_table_10 active=7
RECV b7c7 314/1000 rank=384 id=page_001493_table_box_id_13 latency=0.6292s status=ok active=6
SEND b7c7 319/1000 table=page_001367_table_72 active=7
RECV b7c7 319/1000 rank=590 id=page_001367_table_72 latency=0.1278s status=ok active=6
SEND b7c7 320/1000 table=page_001449_table_1 active=7
RECV b7c7 320/1000 rank=418 id=page_001449_table_1 latency=0.3189s status=ok active=6
SEND b7c7 321/1000 table=page_000716_table_2 active=7
RECV b7c7 321/1000 rank=623 id=page_000716_table_2 latency=0.0942s status=ok active=6
SEND b7c7 322/1000 table=page_001636_table_1 active=7
RECV b7c7 298/1000 rank=29 id=page_000280_table_box_id_1 latency=3.6221s status=ok active=6
SEND b7c7 323/1000 table=page_000639_table_4 active=7
RECV b7c7 317/1000 rank=152 id=page_001210_table_4 latency=1.3289s status=ok active=6
SEND b7c7 324/1000 table=page_001368_table_box_id_26 active=7
RECV b7c7 318/1000 rank=135 id=page_001121_table_10 latency=1.4103s status=ok active=6
SEND b7c7 325/1000 table=page_000209_table_box_id_1 active=7
RECV b7c7 316/1000 rank=125 id=page_000516_table_0 latency=1.5545s status=ok active=6
SEND b7c7 326/1000 table=page_000595_table_25 active=7
RECV b7c7 326/1000 rank=654 id=page_000595_table_25 latency=0.0480s status=ok active=6
SEND b7c7 327/1000 table=page_000434_table_16 active=7
RECV b7c7 322/1000 rank=252 id=page_001636_table_1 latency=0.7761s status=ok active=6
SEND b7c7 328/1000 table=page_000010_table_box_id_1 active=7
RECV b7c7 325/1000 rank=432 id=page_000209_table_box_id_1 latency=0.3913s status=ok active=6
SEND b7c7 329/1000 table=page_000210_table_box_id_4 active=7
RECV b7c7 327/1000 rank=482 id=page_000434_table_16 latency=0.2601s status=ok active=6
SEND b7c7 330/1000 table=page_001214_table_8 active=7
RECV b7c7 328/1000 rank=48 id=page_000010_table_box_id_1 latency=0.3484s status=ok active=6
SEND b7c7 331/1000 table=page_000925_table_10 active=7
RECV b7c7 329/1000 rank=466 id=page_000210_table_box_id_4 latency=0.2985s status=ok active=6
SEND b7c7 332/1000 table=page_000235_table_box_id_16 active=7
RECV b7c7 324/1000 rank=259 id=page_001368_table_box_id_26 latency=0.7886s status=ok active=6
SEND b7c7 333/1000 table=page_000803_table_12 active=7
RECV b7c7 333/1000 rank=632 id=page_000803_table_12 latency=0.2728s status=ok active=6
SEND b7c7 334/1000 table=page_000217_table_box_id_0 active=7
RECV b7c7 330/1000 rank=359 id=page_001214_table_8 latency=0.5789s status=ok active=6
SEND b7c7 335/1000 table=page_000623_table_7 active=7
RECV b7c7 332/1000 rank=417 id=page_000235_table_box_id_16 latency=0.6729s status=ok active=6
SEND b7c7 336/1000 table=page_000944_table_0 active=7
RECV b7c7 331/1000 rank=278 id=page_000925_table_10 latency=0.7280s status=ok active=6
SEND b7c7 337/1000 table=page_000223_table_box_id_2 active=7
RECV b7c7 334/1000 rank=391 id=page_000217_table_box_id_0 latency=0.4424s status=ok active=6
SEND b7c7 338/1000 table=page_000636_table_5 active=7
RECV b7c7 323/1000 rank=110 id=page_000639_table_4 latency=2.0643s status=ok active=6
SEND b7c7 339/1000 table=page_000911_table_box_id_5 active=7
RECV b7c7 338/1000 rank=569 id=page_000636_table_5 latency=0.3656s status=ok active=6
SEND b7c7 340/1000 table=page_000626_table_box_id_7 active=7
RECV b7c7 313/1000 rank=37 id=page_000626_table_box_id_4 latency=3.7690s status=ok active=6
SEND b7c7 341/1000 table=page_001132_table_box_id_18 active=7
RECV b7c7 341/1000 rank=546 id=page_001132_table_box_id_18 latency=0.1670s status=ok active=6
SEND b7c7 342/1000 table=page_000246_table_box_id_11 active=7
RECV b7c7 339/1000 rank=356 id=page_000911_table_box_id_5 latency=0.5663s status=ok active=6
SEND b7c7 343/1000 table=page_001117_table_box_id_17 active=7
RECV b7c7 336/1000 rank=213 id=page_000944_table_0 latency=1.0422s status=ok active=6
SEND b7c7 344/1000 table=page_001242_table_4 active=7
RECV b7c7 343/1000 rank=146 id=page_001117_table_box_id_17 latency=0.1218s status=ok active=6
SEND b7c7 345/1000 table=page_000468_table_1 active=7
RECV b7c7 342/1000 rank=451 id=page_000246_table_box_id_11 latency=0.3090s status=ok active=6
SEND b7c7 346/1000 table=page_000510_table_10 active=7
RECV b7c7 335/1000 rank=143 id=page_000623_table_7 latency=1.6328s status=ok active=6
SEND b7c7 347/1000 table=page_000512_table_0 active=7
RECV b7c7 346/1000 rank=548 id=page_000510_table_10 latency=0.2433s status=ok active=6
SEND b7c7 348/1000 table=page_001357_table_3 active=7
RECV b7c7 345/1000 rank=544 id=page_000468_table_1 latency=0.3145s status=ok active=6
SEND b7c7 349/1000 table=page_001595_table_box_id_5 active=7
RECV b7c7 344/1000 rank=376 id=page_001242_table_4 latency=0.6433s status=ok active=6
SEND b7c7 350/1000 table=page_000499_table_5 active=7
RECV b7c7 348/1000 rank=557 id=page_001357_table_3 latency=0.3357s status=ok active=6
SEND b7c7 351/1000 table=page_001170_table_7 active=7
RECV b7c7 350/1000 rank=448 id=page_000499_table_5 latency=0.3338s status=ok active=6
SEND b7c7 352/1000 table=page_001137_table_10 active=7
RECV b7c7 337/1000 rank=114 id=page_000223_table_box_id_2 latency=2.0313s status=ok active=6
SEND b7c7 353/1000 table=page_000451_table_7 active=7
RECV b7c7 351/1000 rank=394 id=page_001170_table_7 latency=0.4106s status=ok active=6
SEND b7c7 354/1000 table=page_000532_table_4 active=7
RECV b7c7 354/1000 rank=447 id=page_000532_table_4 latency=0.4009s status=ok active=6
SEND b7c7 355/1000 table=page_000763_table_26 active=7
RECV b7c7 355/1000 rank=645 id=page_000763_table_26 latency=0.0713s status=ok active=6
SEND b7c7 356/1000 table=page_000821_table_box_id_29 active=7
RECV b7c7 356/1000 rank=490 id=page_000821_table_box_id_29 latency=0.2250s status=ok active=6
SEND b7c7 357/1000 table=page_000652_table_2 active=7
RECV b7c7 349/1000 rank=129 id=page_001595_table_box_id_5 latency=1.5737s status=ok active=6
SEND b7c7 358/1000 table=page_000011_table_box_id_1 active=7
RECV b7c7 357/1000 rank=319 id=page_000652_table_2 latency=0.5330s status=ok active=6
SEND b7c7 359/1000 table=page_000507_table_0 active=7
RECV b7c7 347/1000 rank=85 id=page_000512_table_0 latency=2.0762s status=ok active=6
SEND b7c7 360/1000 table=page_001180_table_15 active=7
RECV b7c7 353/1000 rank=136 id=page_000451_table_7 latency=1.4393s status=ok active=6
SEND b7c7 361/1000 table=page_001368_table_box_id_271 active=7
RECV b7c7 361/1000 rank=528 id=page_001368_table_box_id_271 latency=0.1785s status=ok active=6
SEND b7c7 362/1000 table=page_000253_table_box_id_7 active=7
RECV b7c7 360/1000 rank=457 id=page_001180_table_15 latency=0.3729s status=ok active=6
SEND b7c7 363/1000 table=page_001201_table_14 active=7
RECV b7c7 340/1000 rank=43 id=page_000626_table_box_id_7 latency=3.3304s status=ok active=6
SEND b7c7 364/1000 table=page_000506_table_7 active=7
RECV b7c7 359/1000 rank=396 id=page_000507_table_0 latency=0.5858s status=ok active=6
SEND b7c7 365/1000 table=page_000565_table_1 active=7
RECV b7c7 358/1000 rank=194 id=page_000011_table_box_id_1 latency=0.9956s status=ok active=6
SEND b7c7 366/1000 table=page_001200_table_2 active=7
RECV b7c7 362/1000 rank=421 id=page_000253_table_box_id_7 latency=0.6002s status=ok active=6
SEND b7c7 367/1000 table=page_000696_table_0 active=7
RECV b7c7 310/1000 rank=02 id=page_000290_table_box_id_1 latency=7.8551s status=ok active=6
SEND b7c7 368/1000 table=page_001184_table_6 active=7
RECV b7c7 363/1000 rank=393 id=page_001201_table_14 latency=0.6544s status=ok active=6
SEND b7c7 369/1000 table=page_001174_table_box_id_2 active=7
RECV b7c7 368/1000 rank=542 id=page_001184_table_6 latency=0.3123s status=ok active=6
SEND b7c7 370/1000 table=page_001177_table_2 active=7
RECV b7c7 365/1000 rank=248 id=page_000565_table_1 latency=0.8975s status=ok active=6
SEND b7c7 371/1000 table=page_000505_table_1 active=7
RECV b7c7 367/1000 rank=355 id=page_000696_table_0 latency=0.5696s status=ok active=6
SEND b7c7 372/1000 table=page_000629_table_14 active=7
RECV b7c7 369/1000 rank=363 id=page_001174_table_box_id_2 latency=0.6901s status=ok active=6
SEND b7c7 373/1000 table=page_001207_table_4 active=7
RECV b7c7 352/1000 rank=49 id=page_001137_table_10 latency=3.1612s status=ok active=6
SEND b7c7 374/1000 table=page_001124_table_21 active=7
RECV b7c7 364/1000 rank=155 id=page_000506_table_7 latency=1.5858s status=ok active=6
SEND b7c7 375/1000 table=page_001082_table_34 active=7
RECV b7c7 374/1000 rank=554 id=page_001124_table_21 latency=0.1627s status=ok active=6
SEND b7c7 376/1000 table=page_001141_table_19 active=7
RECV b7c7 373/1000 rank=383 id=page_001207_table_4 latency=0.5229s status=ok active=6
SEND b7c7 377/1000 table=page_000188_table_box_id_6 active=7
RECV b7c7 370/1000 rank=229 id=page_001177_table_2 latency=0.9387s status=ok active=6
SEND b7c7 378/1000 table=page_000927_table_2 active=7
RECV b7c7 372/1000 rank=288 id=page_000629_table_14 latency=0.8015s status=ok active=6
SEND b7c7 379/1000 table=page_001137_table_4 active=7
RECV b7c7 376/1000 rank=480 id=page_001141_table_19 latency=0.3590s status=ok active=6
SEND b7c7 380/1000 table=page_001375_table_4 active=7
RECV b7c7 377/1000 rank=240 id=page_000188_table_box_id_6 latency=0.7325s status=ok active=6
SEND b7c7 381/1000 table=page_001150_table_box_id_9 active=7
RECV b7c7 378/1000 rank=429 id=page_000927_table_2 latency=0.7145s status=ok active=6
SEND b7c7 382/1000 table=page_000818_table_1 active=7
RECV b7c7 366/1000 rank=73 id=page_001200_table_2 latency=2.4133s status=ok active=6
SEND b7c7 383/1000 table=page_000528_table_7 active=7
RECV b7c7 371/1000 rank=121 id=page_000505_table_1 latency=1.7309s status=ok active=6
SEND b7c7 384/1000 table=page_001143_table_4 active=7
RECV b7c7 382/1000 rank=551 id=page_000818_table_1 latency=0.3249s status=ok active=6
SEND b7c7 385/1000 table=page_000531_table_5 active=7
RECV b7c7 375/1000 rank=171 id=page_001082_table_34 latency=1.3386s status=ok active=6
SEND b7c7 386/1000 table=page_001124_table_17 active=7
RECV b7c7 383/1000 rank=519 id=page_000528_table_7 latency=0.3053s status=ok active=6
SEND b7c7 387/1000 table=page_000200_table_box_id_7 active=7
RECV b7c7 387/1000 rank=477 id=page_000200_table_box_id_7 latency=0.3876s status=ok active=6
SEND b7c7 388/1000 table=page_000446_table_3 active=7
RECV b7c7 384/1000 rank=397 id=page_001143_table_4 latency=0.5285s status=ok active=6
SEND b7c7 389/1000 table=page_000930_table_7 active=7
RECV b7c7 379/1000 rank=212 id=page_001137_table_4 latency=1.4555s status=ok active=6
SEND b7c7 390/1000 table=page_000285_table_box_id_1 active=7
RECV b7c7 381/1000 rank=255 id=page_001150_table_box_id_9 latency=1.0845s status=ok active=6
SEND b7c7 391/1000 table=page_000832_table_4 active=7
RECV b7c7 389/1000 rank=523 id=page_000930_table_7 latency=0.4124s status=ok active=6
SEND b7c7 392/1000 table=page_001131_table_15 active=7
RECV b7c7 386/1000 rank=364 id=page_001124_table_17 latency=0.8272s status=ok active=6
SEND b7c7 393/1000 table=page_001195_table_7 active=7
RECV b7c7 385/1000 rank=263 id=page_000531_table_5 latency=0.8908s status=ok active=6
SEND b7c7 394/1000 table=page_001134_table_1 active=7
RECV b7c7 391/1000 rank=593 id=page_000832_table_4 latency=0.1723s status=ok active=6
SEND b7c7 395/1000 table=page_000506_table_9 active=7
RECV b7c7 392/1000 rank=469 id=page_001131_table_15 latency=0.4795s status=ok active=6
SEND b7c7 396/1000 table=page_000229_table_box_id_3 active=7
RECV b7c7 396/1000 rank=370 id=page_000229_table_box_id_3 latency=0.3836s status=ok active=6
SEND b7c7 397/1000 table=page_001403_table_9 active=7
RECV b7c7 397/1000 rank=487 id=page_001403_table_9 latency=0.2271s status=ok active=6
SEND b7c7 398/1000 table=page_001147_table_8 active=7
RECV b7c7 395/1000 rank=157 id=page_000506_table_9 latency=1.1660s status=ok active=6
SEND b7c7 399/1000 table=page_001223_table_9 active=7
RECV b7c7 380/1000 rank=60 id=page_001375_table_4 latency=3.2862s status=ok active=6
SEND b7c7 400/1000 table=page_000866_table_10 active=7
RECV b7c7 400/1000 rank=629 id=page_000866_table_10 latency=0.0818s status=ok active=6
SEND b7c7 401/1000 table=page_000242_table_box-mhg591pb active=7
RECV b7c7 393/1000 rank=82 id=page_001195_table_7 latency=1.9106s status=ok active=6
SEND b7c7 402/1000 table=page_000272_table_box_id_1 active=7
RECV b7c7 394/1000 rank=77 id=page_001134_table_1 latency=1.9080s status=ok active=6
SEND b7c7 403/1000 table=page_001011_table_35 active=7
RECV b7c7 401/1000 rank=277 id=page_000242_table_box-mhg591pb latency=0.6358s status=ok active=6
SEND b7c7 404/1000 table=page_000665_table_38 active=7
RECV b7c7 404/1000 rank=660 id=page_000665_table_38 latency=0.0486s status=ok active=6
SEND b7c7 405/1000 table=page_000224_table_box-3str9h9p active=7
RECV b7c7 398/1000 rank=162 id=page_001147_table_8 latency=1.2329s status=ok active=6
SEND b7c7 406/1000 table=page_000226_table_box_id_0 active=7
RECV b7c7 390/1000 rank=52 id=page_000285_table_box_id_1 latency=2.8025s status=ok active=6
SEND b7c7 407/1000 table=page_000641_table_6 active=7
RECV b7c7 403/1000 rank=465 id=page_001011_table_35 latency=0.5953s status=ok active=6
SEND b7c7 408/1000 table=page_000682_table_15 active=7
RECV b7c7 408/1000 rank=507 id=page_000682_table_15 latency=0.2013s status=ok active=6
SEND b7c7 409/1000 table=page_000199_table_box_id_0 active=7
RECV b7c7 406/1000 rank=367 id=page_000226_table_box_id_0 latency=0.6673s status=ok active=6
SEND b7c7 410/1000 table=page_000853_table_2 active=7
RECV b7c7 399/1000 rank=106 id=page_001223_table_9 latency=1.8535s status=ok active=6
SEND b7c7 411/1000 table=page_001137_table_9 active=7
RECV b7c7 407/1000 rank=281 id=page_000641_table_6 latency=0.7396s status=ok active=6
SEND b7c7 412/1000 table=page_000647_table_1 active=7
RECV b7c7 410/1000 rank=529 id=page_000853_table_2 latency=0.1849s status=ok active=6
SEND b7c7 413/1000 table=page_000838_table_18 active=7
RECV b7c7 388/1000 rank=32 id=page_000446_table_3 latency=3.8077s status=ok active=6
SEND b7c7 414/1000 table=page_001368_table_box_id_266 active=7
RECV b7c7 412/1000 rank=597 id=page_000647_table_1 latency=0.2078s status=ok active=6
SEND b7c7 415/1000 table=page_000790_table_9 active=7
RECV b7c7 413/1000 rank=627 id=page_000838_table_18 latency=0.2439s status=ok active=6
SEND b7c7 416/1000 table=page_001368_table_box_id_227 active=7
RECV b7c7 414/1000 rank=648 id=page_001368_table_box_id_266 latency=0.0661s status=ok active=6
SEND b7c7 417/1000 table=page_001139_table_5 active=7
RECV b7c7 405/1000 rank=203 id=page_000224_table_box-3str9h9p latency=1.3825s status=ok active=6
SEND b7c7 418/1000 table=page_000275_table_box_id_1 active=7
RECV b7c7 415/1000 rank=346 id=page_000790_table_9 latency=0.6000s status=ok active=6
SEND b7c7 419/1000 table=page_001368_table_box_id_278 active=7
RECV b7c7 419/1000 rank=621 id=page_001368_table_box_id_278 latency=0.0977s status=ok active=6
SEND b7c7 420/1000 table=page_000468_table_11 active=7
RECV b7c7 420/1000 rank=547 id=page_000468_table_11 latency=0.1642s status=ok active=6
SEND b7c7 421/1000 table=page_001198_table_8 active=7
RECV b7c7 416/1000 rank=264 id=page_001368_table_box_id_227 latency=0.8553s status=ok active=6
SEND b7c7 422/1000 table=page_000242_table_box_id_3 active=7
RECV b7c7 421/1000 rank=260 id=page_001198_table_8 latency=0.6230s status=ok active=6
SEND b7c7 423/1000 table=page_001196_table_13 active=7
RECV b7c7 409/1000 rank=80 id=page_000199_table_box_id_0 latency=2.1225s status=ok active=6
SEND b7c7 424/1000 table=page_000244_table_box_id_8 active=7
RECV b7c7 417/1000 rank=79 id=page_001139_table_5 latency=1.8559s status=ok active=6
SEND b7c7 425/1000 table=page_000806_table_29 active=7
RECV b7c7 411/1000 rank=67 id=page_001137_table_9 latency=2.2425s status=ok active=6
SEND b7c7 426/1000 table=page_001141_table_13 active=7
RECV b7c7 424/1000 rank=348 id=page_000244_table_box_id_8 latency=0.5122s status=ok active=6
SEND b7c7 427/1000 table=page_000655_table_5 active=7
RECV b7c7 422/1000 rank=132 id=page_000242_table_box_id_3 latency=1.1868s status=ok active=6
SEND b7c7 428/1000 table=page_001494_table_9 active=7
RECV b7c7 427/1000 rank=562 id=page_000655_table_5 latency=0.4313s status=ok active=6
SEND b7c7 429/1000 table=page_000292_table_box_id_5 active=7
RECV b7c7 425/1000 rank=320 id=page_000806_table_29 latency=0.5546s status=ok active=6
SEND b7c7 430/1000 table=page_000281_table_box_id_1 active=7
RECV b7c7 423/1000 rank=199 id=page_001196_table_13 latency=1.0139s status=ok active=6
SEND b7c7 431/1000 table=page_000715_table_10 active=7
RECV b7c7 428/1000 rank=532 id=page_001494_table_9 latency=0.4282s status=ok active=6
SEND b7c7 432/1000 table=page_000496_table_3 active=7
RECV b7c7 429/1000 rank=646 id=page_000292_table_box_id_5 latency=0.0648s status=ok active=6
SEND b7c7 433/1000 table=page_000827_table_8 active=7
RECV b7c7 431/1000 rank=643 id=page_000715_table_10 latency=0.3570s status=ok active=6
SEND b7c7 434/1000 table=page_000920_table_3 active=7
RECV b7c7 433/1000 rank=635 id=page_000827_table_8 latency=0.3465s status=ok active=6
SEND b7c7 435/1000 table=page_001211_table_7 active=7
RECV b7c7 434/1000 rank=478 id=page_000920_table_3 latency=0.2689s status=ok active=6
SEND b7c7 436/1000 table=page_000841_table_22 active=7
RECV b7c7 426/1000 rank=280 id=page_001141_table_13 latency=1.1932s status=ok active=6
SEND b7c7 437/1000 table=page_001137_table_11 active=7
RECV b7c7 436/1000 rank=640 id=page_000841_table_22 latency=0.1194s status=ok active=6
SEND b7c7 438/1000 table=page_001137_table_2 active=7
RECV b7c7 435/1000 rank=462 id=page_001211_table_7 latency=0.4185s status=ok active=6
SEND b7c7 439/1000 table=page_001406_table_8 active=7
RECV b7c7 439/1000 rank=380 id=page_001406_table_8 latency=0.3757s status=ok active=6
SEND b7c7 440/1000 table=page_000921_table_8 active=7
RECV b7c7 440/1000 rank=541 id=page_000921_table_8 latency=0.1668s status=ok active=6
SEND b7c7 441/1000 table=page_000248_table_box_id_1 active=7
RECV b7c7 432/1000 rank=163 id=page_000496_table_3 latency=1.5048s status=ok active=6
SEND b7c7 442/1000 table=page_001129_table_8 active=7
RECV b7c7 437/1000 rank=243 id=page_001137_table_11 latency=0.8568s status=ok active=6
SEND b7c7 443/1000 table=page_000566_table_3 active=7
RECV b7c7 438/1000 rank=151 id=page_001137_table_2 latency=1.3160s status=ok active=6
SEND b7c7 444/1000 table=page_001275_table_3 active=7
RECV b7c7 441/1000 rank=119 id=page_000248_table_box_id_1 latency=0.8244s status=ok active=6
SEND b7c7 445/1000 table=page_000861_table_5 active=7
RECV b7c7 443/1000 rank=167 id=page_000566_table_3 latency=1.0144s status=ok active=6
SEND b7c7 446/1000 table=page_000204_table_box_id_6 active=7
RECV b7c7 430/1000 rank=57 id=page_000281_table_box_id_1 latency=2.8242s status=ok active=6
SEND b7c7 447/1000 table=page_000554_table_12 active=7
RECV b7c7 447/1000 rank=538 id=page_000554_table_12 latency=0.1741s status=ok active=6
SEND b7c7 448/1000 table=page_000533_table_8 active=7
RECV b7c7 446/1000 rank=344 id=page_000204_table_box_id_6 latency=0.5793s status=ok active=6
SEND b7c7 449/1000 table=page_001273_table_8 active=7
RECV b7c7 442/1000 rank=107 id=page_001129_table_8 latency=1.6429s status=ok active=6
SEND b7c7 450/1000 table=page_000642_table_8 active=7
RECV b7c7 402/1000 rank=09 id=page_000272_table_box_id_1 latency=7.3756s status=ok active=6
SEND b7c7 451/1000 table=page_001408_table_16 active=7
RECV b7c7 451/1000 rank=652 id=page_001408_table_16 latency=0.0573s status=ok active=6
SEND b7c7 452/1000 table=page_000417_table_3 active=7
RECV b7c7 445/1000 rank=153 id=page_000861_table_5 latency=1.3223s status=ok active=6
SEND b7c7 453/1000 table=page_000737_table_6 active=7
RECV b7c7 448/1000 rank=399 id=page_000533_table_8 latency=0.5608s status=ok active=6
SEND b7c7 454/1000 table=page_000632_table_6 active=7
RECV b7c7 453/1000 rank=454 id=page_000737_table_6 latency=0.4753s status=ok active=6
SEND b7c7 455/1000 table=page_000259_table_box_id_1 active=7
RECV b7c7 454/1000 rank=501 id=page_000632_table_6 latency=0.4231s status=ok active=6
SEND b7c7 456/1000 table=page_000769_table_3 active=7
RECV b7c7 456/1000 rank=540 id=page_000769_table_3 latency=0.2673s status=ok active=6
SEND b7c7 457/1000 table=page_000256_table_box_id_1 active=7
RECV b7c7 418/1000 rank=12 id=page_000275_table_box_id_1 latency=6.4845s status=ok active=6
SEND b7c7 458/1000 table=page_001138_table_1 active=7
RECV b7c7 457/1000 rank=527 id=page_000256_table_box_id_1 latency=0.2755s status=ok active=6
SEND b7c7 459/1000 table=page_001186_table_5 active=7
RECV b7c7 452/1000 rank=189 id=page_000417_table_3 latency=1.1001s status=ok active=6
SEND b7c7 460/1000 table=page_000252_table_box_id_1 active=7
RECV b7c7 459/1000 rank=595 id=page_001186_table_5 latency=0.1281s status=ok active=6
SEND b7c7 461/1000 table=page_001129_table_11 active=7
RECV b7c7 444/1000 rank=63 id=page_001275_table_3 latency=2.7786s status=ok active=6
SEND b7c7 462/1000 table=page_000266_table_box_id_1 active=7
RECV b7c7 450/1000 rank=128 id=page_000642_table_8 latency=1.8276s status=ok active=6
SEND b7c7 463/1000 table=page_000680_table_11 active=7
RECV b7c7 462/1000 rank=420 id=page_000266_table_box_id_1 latency=0.3893s status=ok active=6
SEND b7c7 464/1000 table=page_000256_table_box_id_8 active=7
RECV b7c7 449/1000 rank=76 id=page_001273_table_8 latency=2.3635s status=ok active=6
SEND b7c7 465/1000 table=page_000279_table_box-fy04hrwa active=7
RECV b7c7 460/1000 rank=197 id=page_000252_table_box_id_1 latency=0.9868s status=ok active=6
SEND b7c7 466/1000 table=page_000232_table_box_id_8 active=7
RECV b7c7 463/1000 rank=271 id=page_000680_table_11 latency=0.5873s status=ok active=6
SEND b7c7 467/1000 table=page_001202_table_3 active=7
RECV b7c7 455/1000 rank=127 id=page_000259_table_box_id_1 latency=1.8501s status=ok active=6
SEND b7c7 468/1000 table=page_000545_table_14 active=7
RECV b7c7 461/1000 rank=181 id=page_001129_table_11 latency=1.2654s status=ok active=6
SEND b7c7 469/1000 table=page_000221_table_box_id_3 active=7
RECV b7c7 464/1000 rank=336 id=page_000256_table_box_id_8 latency=0.6784s status=ok active=6
SEND b7c7 470/1000 table=page_001595_table_box_id_1 active=7
RECV b7c7 468/1000 rank=488 id=page_000545_table_14 latency=0.3255s status=ok active=6
SEND b7c7 471/1000 table=page_001356_table_3 active=7
RECV b7c7 466/1000 rank=379 id=page_000232_table_box_id_8 latency=0.6070s status=ok active=6
SEND b7c7 472/1000 table=page_000293_table_box_id_1 active=7
RECV b7c7 471/1000 rank=433 id=page_001356_table_3 latency=0.7512s status=ok active=6
SEND b7c7 473/1000 table=page_001168_table_0 active=7
RECV b7c7 469/1000 rank=190 id=page_000221_table_box_id_3 latency=0.9991s status=ok active=6
SEND b7c7 474/1000 table=page_000626_table_box_id_1 active=7
RECV b7c7 458/1000 rank=59 id=page_001138_table_1 latency=2.9225s status=ok active=6
SEND b7c7 475/1000 table=page_000283_table_box_id_1 active=7
RECV b7c7 467/1000 rank=145 id=page_001202_table_3 latency=1.6243s status=ok active=6
SEND b7c7 476/1000 table=page_000465_table_9 active=7
RECV b7c7 473/1000 rank=216 id=page_001168_table_0 latency=0.8542s status=ok active=6
SEND b7c7 477/1000 table=page_000762_table_5 active=7
RECV b7c7 476/1000 rank=335 id=page_000465_table_9 latency=0.5973s status=ok active=6
SEND b7c7 478/1000 table=page_000220_table_box_id_7 active=7
RECV b7c7 477/1000 rank=610 id=page_000762_table_5 latency=0.1101s status=ok active=6
SEND b7c7 479/1000 table=page_001146_table_11 active=7
RECV b7c7 479/1000 rank=385 id=page_001146_table_11 latency=0.4170s status=ok active=6
SEND b7c7 480/1000 table=page_001026_table_box_id_12 active=7
RECV b7c7 480/1000 rank=373 id=page_001026_table_box_id_12 latency=0.3754s status=ok active=6
SEND b7c7 481/1000 table=page_000220_table_box_id_3 active=7
RECV b7c7 478/1000 rank=187 id=page_000220_table_box_id_7 latency=0.8744s status=ok active=6
SEND b7c7 482/1000 table=page_001368_table_box_id_252 active=7
RECV b7c7 482/1000 rank=520 id=page_001368_table_box_id_252 latency=0.2707s status=ok active=6
SEND b7c7 483/1000 table=page_000207_table_box_id_1 active=7
RECV b7c7 481/1000 rank=358 id=page_000220_table_box_id_3 latency=0.4414s status=ok active=6
SEND b7c7 484/1000 table=page_000800_table_10 active=7
RECV b7c7 484/1000 rank=653 id=page_000800_table_10 latency=0.1501s status=ok active=6
SEND b7c7 485/1000 table=page_000501_table_6 active=7
RECV b7c7 474/1000 rank=44 id=page_000626_table_box_id_1 latency=2.8407s status=ok active=6
SEND b7c7 486/1000 table=page_000605_table_3 active=7
RECV b7c7 486/1000 rank=649 id=page_000605_table_3 latency=0.0637s status=ok active=6
SEND b7c7 487/1000 table=page_001130_table_1 active=7
RECV b7c7 487/1000 rank=572 id=page_001130_table_1 latency=0.1418s status=ok active=6
SEND b7c7 488/1000 table=page_000835_table_2 active=7
RECV b7c7 488/1000 rank=601 id=page_000835_table_2 latency=0.1143s status=ok active=6
SEND b7c7 489/1000 table=page_000299_table_box_id_5 active=7
RECV b7c7 465/1000 rank=19 id=page_000279_table_box-fy04hrwa latency=4.8144s status=ok active=6
SEND b7c7 490/1000 table=page_000634_table_1 active=7
RECV b7c7 483/1000 rank=102 id=page_000207_table_box_id_1 latency=1.5844s status=ok active=6
SEND b7c7 491/1000 table=page_000932_table_3 active=7
RECV b7c7 472/1000 rank=21 id=page_000293_table_box_id_1 latency=4.3999s status=ok active=6
SEND b7c7 492/1000 table=page_001367_table_52 active=7
RECV b7c7 491/1000 rank=381 id=page_000932_table_3 latency=0.3855s status=ok active=6
SEND b7c7 493/1000 table=page_000633_table_5 active=7
RECV b7c7 490/1000 rank=276 id=page_000634_table_1 latency=0.6445s status=ok active=6
SEND b7c7 494/1000 table=page_000219_table_box_id_3 active=7
RECV b7c7 485/1000 rank=83 id=page_000501_table_6 latency=1.9693s status=ok active=6
SEND b7c7 495/1000 table=page_001124_table_12 active=7
RECV b7c7 495/1000 rank=481 id=page_001124_table_12 latency=0.2353s status=ok active=6
SEND b7c7 496/1000 table=page_000282_table_box_id_1 active=7
RECV b7c7 492/1000 rank=231 id=page_001367_table_52 latency=0.9401s status=ok active=6
SEND b7c7 497/1000 table=page_000744_table_11 active=7
RECV b7c7 494/1000 rank=300 id=page_000219_table_box_id_3 latency=0.6052s status=ok active=6
SEND b7c7 498/1000 table=page_000231_table_box_id_2 active=7
RECV b7c7 489/1000 rank=116 id=page_000299_table_box_id_5 latency=1.7441s status=ok active=6
SEND b7c7 499/1000 table=page_001144_table_11 active=7
RECV b7c7 497/1000 rank=594 id=page_000744_table_11 latency=0.3304s status=ok active=6
SEND b7c7 500/1000 table=page_000243_table_box-xkm41jlm active=7
RECV b7c7 500/1000 rank=389 id=page_000243_table_box-xkm41jlm latency=0.4171s status=ok active=6
SEND b7c7 501/1000 table=page_000511_table_1 active=7
RECV b7c7 470/1000 rank=11 id=page_001595_table_box_id_1 latency=6.4564s status=ok active=6
SEND b7c7 502/1000 table=page_000307_table_2 active=7
RECV b7c7 499/1000 rank=242 id=page_001144_table_11 latency=0.7526s status=ok active=6
SEND b7c7 503/1000 table=page_001145_table_3 active=7
RECV b7c7 503/1000 rank=323 id=page_001145_table_3 latency=0.5018s status=ok active=6
SEND b7c7 504/1000 table=page_000428_table_6 active=7
RECV b7c7 498/1000 rank=105 id=page_000231_table_box_id_2 latency=1.7253s status=ok active=6
SEND b7c7 505/1000 table=page_000465_table_5 active=7
RECV b7c7 504/1000 rank=416 id=page_000428_table_6 latency=0.3797s status=ok active=6
SEND b7c7 506/1000 table=page_000792_table_25 active=7
RECV b7c7 506/1000 rank=498 id=page_000792_table_25 latency=0.2093s status=ok active=6
SEND b7c7 507/1000 table=page_001272_table_1 active=7
RECV b7c7 493/1000 rank=53 id=page_000633_table_5 latency=2.8247s status=ok active=6
SEND b7c7 508/1000 table=page_000147_table_box_id_3 active=7
RECV b7c7 505/1000 rank=340 id=page_000465_table_5 latency=0.6463s status=ok active=6
SEND b7c7 509/1000 table=page_001175_table_2 active=7
RECV b7c7 508/1000 rank=641 id=page_000147_table_box_id_3 latency=0.1904s status=ok active=6
SEND b7c7 510/1000 table=page_000824_table_0 active=7
RECV b7c7 502/1000 rank=109 id=page_000307_table_2 latency=1.6060s status=ok active=6
SEND b7c7 511/1000 table=page_000858_table_1 active=7
RECV b7c7 475/1000 rank=03 id=page_000283_table_box_id_1 latency=6.8162s status=ok active=6
SEND b7c7 512/1000 table=page_000226_table_box_id_3 active=7
RECV b7c7 511/1000 rank=592 id=page_000858_table_1 latency=0.3709s status=ok active=6
SEND b7c7 513/1000 table=page_001199_table_15 active=7
RECV b7c7 501/1000 rank=71 id=page_000511_table_1 latency=2.3793s status=ok active=6
SEND b7c7 514/1000 table=page_001167_table_8 active=7
RECV b7c7 512/1000 rank=244 id=page_000226_table_box_id_3 latency=0.8018s status=ok active=6
SEND b7c7 515/1000 table=page_000254_table_box_id_4 active=7
RECV b7c7 510/1000 rank=268 id=page_000824_table_0 latency=0.8724s status=ok active=6
SEND b7c7 516/1000 table=page_000628_table_14 active=7
RECV b7c7 513/1000 rank=290 id=page_001199_table_15 latency=0.5360s status=ok active=6
SEND b7c7 517/1000 table=page_000247_table_box_id_0 active=7
RECV b7c7 514/1000 rank=450 id=page_001167_table_8 latency=0.4868s status=ok active=6
SEND b7c7 518/1000 table=page_000838_table_1 active=7
RECV b7c7 517/1000 rank=609 id=page_000247_table_box_id_0 latency=0.2977s status=ok active=6
SEND b7c7 519/1000 table=page_000649_table_8 active=7
RECV b7c7 509/1000 rank=178 id=page_001175_table_2 latency=1.3675s status=ok active=6
SEND b7c7 520/1000 table=page_000515_table_7 active=7
RECV b7c7 518/1000 rank=556 id=page_000838_table_1 latency=0.2166s status=ok active=6
SEND b7c7 521/1000 table=page_001368_table_box_id_229 active=7
RECV b7c7 519/1000 rank=442 id=page_000649_table_8 latency=0.3963s status=ok active=6
SEND b7c7 522/1000 table=page_000639_table_11 active=7
RECV b7c7 516/1000 rank=286 id=page_000628_table_14 latency=0.8290s status=ok active=6
SEND b7c7 523/1000 table=page_000271_table_box_id_1 active=7
RECV b7c7 520/1000 rank=301 id=page_000515_table_7 latency=0.6417s status=ok active=6
SEND b7c7 524/1000 table=page_001232_table_box_id_1 active=7
RECV b7c7 521/1000 rank=310 id=page_001368_table_box_id_229 latency=0.7506s status=ok active=6
SEND b7c7 525/1000 table=page_001134_table_9 active=7
RECV b7c7 515/1000 rank=174 id=page_000254_table_box_id_4 latency=1.3336s status=ok active=6
SEND b7c7 526/1000 table=page_001035_table_31 active=7
RECV b7c7 507/1000 rank=66 id=page_001272_table_1 latency=2.7526s status=ok active=6
SEND b7c7 527/1000 table=page_000499_table_0 active=7
RECV b7c7 524/1000 rank=313 id=page_001232_table_box_id_1 latency=0.6713s status=ok active=6
SEND b7c7 528/1000 table=page_001193_table_8 active=7
RECV b7c7 526/1000 rank=247 id=page_001035_table_31 latency=0.7898s status=ok active=6
SEND b7c7 529/1000 table=page_000592_table_3 active=7
RECV b7c7 527/1000 rank=246 id=page_000499_table_0 latency=0.7480s status=ok active=6
SEND b7c7 530/1000 table=page_000853_table_9 active=7
RECV b7c7 522/1000 rank=130 id=page_000639_table_11 latency=1.6592s status=ok active=6
SEND b7c7 531/1000 table=page_000921_table_9 active=7
RECV b7c7 528/1000 rank=262 id=page_001193_table_8 latency=0.6733s status=ok active=6
SEND b7c7 532/1000 table=page_000922_table_12 active=7
RECV b7c7 530/1000 rank=584 id=page_000853_table_9 latency=0.1442s status=ok active=6
SEND b7c7 533/1000 table=page_001219_table_box_id_4 active=7
RECV b7c7 531/1000 rank=460 id=page_000921_table_9 latency=0.3768s status=ok active=6
SEND b7c7 534/1000 table=page_000709_table_12 active=7
RECV b7c7 525/1000 rank=137 id=page_001134_table_9 latency=1.6038s status=ok active=6
SEND b7c7 535/1000 table=page_001367_table_69 active=7
RECV b7c7 534/1000 rank=634 id=page_000709_table_12 latency=0.0827s status=ok active=6
SEND b7c7 536/1000 table=page_000225_table_box_id_9 active=7
RECV b7c7 533/1000 rank=408 id=page_001219_table_box_id_4 latency=0.5883s status=ok active=6
SEND b7c7 537/1000 table=page_000647_table_3 active=7
RECV b7c7 532/1000 rank=294 id=page_000922_table_12 latency=0.6906s status=ok active=6
SEND b7c7 538/1000 table=page_000763_table_2 active=7
RECV b7c7 537/1000 rank=608 id=page_000647_table_3 latency=0.1306s status=ok active=6
SEND b7c7 539/1000 table=page_001157_table_5 active=7
RECV b7c7 538/1000 rank=624 id=page_000763_table_2 latency=0.1396s status=ok active=6
SEND b7c7 540/1000 table=page_001026_table_box_id_25 active=7
RECV b7c7 536/1000 rank=431 id=page_000225_table_box_id_9 latency=0.4302s status=ok active=6
SEND b7c7 541/1000 table=page_001368_table_box_id_163 active=7
RECV b7c7 535/1000 rank=446 id=page_001367_table_69 latency=0.5625s status=ok active=6
SEND b7c7 542/1000 table=page_001140_table_11 active=7
RECV b7c7 541/1000 rank=651 id=page_001368_table_box_id_163 latency=0.1425s status=ok active=6
SEND b7c7 543/1000 table=page_000266_table_box_id_5 active=7
RECV b7c7 543/1000 rank=453 id=page_000266_table_box_id_5 latency=0.3860s status=ok active=6
SEND b7c7 544/1000 table=page_000142_table_box_id_2 active=7
RECV b7c7 539/1000 rank=333 id=page_001157_table_5 latency=0.6486s status=ok active=6
SEND b7c7 545/1000 table=page_001135_table_6 active=7
RECV b7c7 544/1000 rank=580 id=page_000142_table_box_id_2 latency=0.2075s status=ok active=6
SEND b7c7 546/1000 table=page_001189_table_box_id_3 active=7
RECV b7c7 540/1000 rank=275 id=page_001026_table_box_id_25 latency=0.7695s status=ok active=6
SEND b7c7 547/1000 table=page_001227_table_10 active=7
RECV b7c7 529/1000 rank=92 id=page_000592_table_3 latency=2.2651s status=ok active=6
SEND b7c7 548/1000 table=page_001225_table_14 active=7
RECV b7c7 545/1000 rank=299 id=page_001135_table_6 latency=0.6726s status=ok active=6
SEND b7c7 549/1000 table=page_001230_table_box_id_3 active=7
RECV b7c7 496/1000 rank=06 id=page_000282_table_box_id_1 latency=7.9302s status=ok active=6
SEND b7c7 550/1000 table=page_001143_table_8 active=7
RECV b7c7 546/1000 rank=338 id=page_001189_table_box_id_3 latency=0.7097s status=ok active=6
SEND b7c7 551/1000 table=page_001180_table_16 active=7
RECV b7c7 548/1000 rank=428 id=page_001225_table_14 latency=0.5172s status=ok active=6
SEND b7c7 552/1000 table=page_000278_table_box_id_1 active=7
RECV b7c7 549/1000 rank=499 id=page_001230_table_box_id_3 latency=0.3847s status=ok active=6
SEND b7c7 553/1000 table=page_000228_table_box_id_1 active=7
RECV b7c7 542/1000 rank=148 id=page_001140_table_11 latency=1.4890s status=ok active=6
SEND b7c7 554/1000 table=page_000673_table_1 active=7
RECV b7c7 551/1000 rank=390 id=page_001180_table_16 latency=0.5928s status=ok active=6
SEND b7c7 555/1000 table=page_001197_table_4 active=7
RECV b7c7 554/1000 rank=493 id=page_000673_table_1 latency=0.4252s status=ok active=6
SEND b7c7 556/1000 table=page_001197_table_5 active=7
RECV b7c7 550/1000 rank=188 id=page_001143_table_8 latency=1.1933s status=ok active=6
SEND b7c7 557/1000 table=page_001162_table_3 active=7
RECV b7c7 553/1000 rank=150 id=page_000228_table_box_id_1 latency=1.2621s status=ok active=6
SEND b7c7 558/1000 table=page_000536_table_4 active=7
RECV b7c7 547/1000 rank=75 id=page_001227_table_10 latency=2.2578s status=ok active=6
SEND b7c7 559/1000 table=page_001125_table_3 active=7
RECV b7c7 557/1000 rank=257 id=page_001162_table_3 latency=0.6107s status=ok active=6
SEND b7c7 560/1000 table=page_000215_table_box_id_4 active=7
RECV b7c7 555/1000 rank=131 id=page_001197_table_4 latency=1.4138s status=ok active=6
SEND b7c7 561/1000 table=page_000465_table_4 active=7
RECV b7c7 560/1000 rank=343 id=page_000215_table_box_id_4 latency=0.4178s status=ok active=6
SEND b7c7 562/1000 table=page_001306_table_1 active=7
RECV b7c7 558/1000 rank=303 id=page_000536_table_4 latency=0.6272s status=ok active=6
SEND b7c7 563/1000 table=page_001276_table_2 active=7
RECV b7c7 556/1000 rank=118 id=page_001197_table_5 latency=1.5761s status=ok active=6
SEND b7c7 564/1000 table=page_000229_table_box-pug9otka active=7
RECV b7c7 559/1000 rank=308 id=page_001125_table_3 latency=0.6134s status=ok active=6
SEND b7c7 565/1000 table=page_000243_table_box_id_1 active=7
RECV b7c7 564/1000 rank=503 id=page_000229_table_box-pug9otka latency=0.4746s status=ok active=6
SEND b7c7 566/1000 table=page_000918_table_0 active=7
RECV b7c7 561/1000 rank=328 id=page_000465_table_4 latency=0.8084s status=ok active=6
SEND b7c7 567/1000 table=page_000535_table_1 active=7
RECV b7c7 562/1000 rank=270 id=page_001306_table_1 latency=0.8012s status=ok active=6
SEND b7c7 568/1000 table=page_001126_table_18 active=7
RECV b7c7 565/1000 rank=330 id=page_000243_table_box_id_1 latency=0.6874s status=ok active=6
SEND b7c7 569/1000 table=page_000776_table_4 active=7
RECV b7c7 566/1000 rank=456 id=page_000918_table_0 latency=0.4278s status=ok active=6
SEND b7c7 570/1000 table=page_000821_table_box_id_26 active=7
RECV b7c7 569/1000 rank=600 id=page_000776_table_4 latency=0.2714s status=ok active=6
SEND b7c7 571/1000 table=page_000222_table_box_id_1 active=7
RECV b7c7 570/1000 rank=617 id=page_000821_table_box_id_26 latency=0.1064s status=ok active=6
SEND b7c7 572/1000 table=page_000520_table_0 active=7
RECV b7c7 568/1000 rank=543 id=page_001126_table_18 latency=0.5064s status=ok active=6
SEND b7c7 573/1000 table=page_000523_table_0 active=7
RECV b7c7 572/1000 rank=550 id=page_000520_table_0 latency=0.2998s status=ok active=6
SEND b7c7 574/1000 table=page_001156_table_6 active=7
RECV b7c7 567/1000 rank=239 id=page_000535_table_1 latency=0.9388s status=ok active=6
SEND b7c7 575/1000 table=page_001185_table_10 active=7
RECV b7c7 571/1000 rank=311 id=page_000222_table_box_id_1 latency=0.6304s status=ok active=6
SEND b7c7 576/1000 table=page_000585_table_1 active=7
RECV b7c7 573/1000 rank=312 id=page_000523_table_0 latency=0.7107s status=ok active=6
SEND b7c7 577/1000 table=page_001188_table_2 active=7
RECV b7c7 523/1000 rank=04 id=page_000271_table_box_id_1 latency=8.0212s status=ok active=6
SEND b7c7 578/1000 table=page_000665_table_3 active=7
RECV b7c7 578/1000 rank=662 id=page_000665_table_3 latency=0.2264s status=ok active=6
SEND b7c7 579/1000 table=page_000521_table_2 active=7
RECV b7c7 574/1000 rank=217 id=page_001156_table_6 latency=0.9357s status=ok active=6
SEND b7c7 580/1000 table=page_000276_table_box_id_5 active=7
RECV b7c7 575/1000 rank=304 id=page_001185_table_10 latency=0.7836s status=ok active=6
SEND b7c7 581/1000 table=page_000737_table_0 active=7
RECV b7c7 576/1000 rank=159 id=page_000585_table_1 latency=1.3211s status=ok active=6
SEND b7c7 582/1000 table=page_000760_table_1 active=7
RECV b7c7 581/1000 rank=249 id=page_000737_table_0 latency=0.7066s status=ok active=6
SEND b7c7 583/1000 table=page_000239_table_box_id_7 active=7
RECV b7c7 582/1000 rank=475 id=page_000760_table_1 latency=0.2817s status=ok active=6
SEND b7c7 584/1000 table=page_000647_table_2 active=7
RECV b7c7 579/1000 rank=173 id=page_000521_table_2 latency=1.1563s status=ok active=6
SEND b7c7 585/1000 table=page_000300_table_1 active=7
RECV b7c7 584/1000 rank=622 id=page_000647_table_2 latency=0.0997s status=ok active=6
SEND b7c7 586/1000 table=page_001178_table_0 active=7
RECV b7c7 583/1000 rank=494 id=page_000239_table_box_id_7 latency=0.2731s status=ok active=6
SEND b7c7 587/1000 table=page_000518_table_11 active=7
RECV b7c7 585/1000 rank=467 id=page_000300_table_1 latency=0.3769s status=ok active=6
SEND b7c7 588/1000 table=page_001222_table_2 active=7
RECV b7c7 587/1000 rank=424 id=page_000518_table_11 latency=0.5341s status=ok active=6
SEND b7c7 589/1000 table=page_000935_table_11 active=7
RECV b7c7 589/1000 rank=516 id=page_000935_table_11 latency=0.1993s status=ok active=6
SEND b7c7 590/1000 table=page_000229_table_box_id_7 active=7
RECV b7c7 590/1000 rank=474 id=page_000229_table_box_id_7 latency=0.2457s status=ok active=6
SEND b7c7 591/1000 table=page_001367_table_60 active=7
RECV b7c7 586/1000 rank=98 id=page_001178_table_0 latency=1.6560s status=ok active=6
SEND b7c7 592/1000 table=page_000270_table_box_id_0 active=7
RECV b7c7 563/1000 rank=18 id=page_001276_table_2 latency=5.4441s status=ok active=6
SEND b7c7 593/1000 table=page_001159_table_5 active=7
RECV b7c7 552/1000 rank=05 id=page_000278_table_box_id_1 latency=7.3852s status=ok active=6
SEND b7c7 594/1000 table=page_000257_table_box_id_20 active=7
RECV b7c7 588/1000 rank=70 id=page_001222_table_2 latency=1.9709s status=ok active=6
SEND b7c7 595/1000 table=page_001173_table_6 active=7
RECV b7c7 594/1000 rank=226 id=page_000257_table_box_id_20 latency=0.7353s status=ok active=6
SEND b7c7 596/1000 table=page_000240_table_box_id_9 active=7
RECV b7c7 593/1000 rank=224 id=page_001159_table_5 latency=0.7810s status=ok active=6
SEND b7c7 597/1000 table=page_000519_table_8 active=7
RECV b7c7 577/1000 rank=20 id=page_001188_table_2 latency=4.2652s status=ok active=6
SEND b7c7 598/1000 table=page_000263_table_box_id_7 active=7
RECV b7c7 597/1000 rank=289 id=page_000519_table_8 latency=0.6363s status=ok active=6
SEND b7c7 599/1000 table=page_000500_table_3 active=7
RECV b7c7 596/1000 rank=266 id=page_000240_table_box_id_9 latency=0.6688s status=ok active=6
SEND b7c7 600/1000 table=page_001165_table_13 active=7
RECV b7c7 600/1000 rank=425 id=page_001165_table_13 latency=0.3477s status=ok active=6
SEND b7c7 601/1000 table=page_001367_table_50 active=7
RECV b7c7 580/1000 rank=16 id=page_000276_table_box_id_5 latency=5.2875s status=ok active=6
SEND b7c7 602/1000 table=page_001248_table_0 active=7
RECV b7c7 599/1000 rank=182 id=page_000500_table_3 latency=0.8647s status=ok active=6
SEND b7c7 603/1000 table=page_001516_table_17 active=7
RECV b7c7 591/1000 rank=26 id=page_001367_table_60 latency=3.2775s status=ok active=6
SEND b7c7 604/1000 table=page_000628_table_6 active=7
RECV b7c7 601/1000 rank=233 id=page_001367_table_50 latency=0.8618s status=ok active=6
SEND b7c7 605/1000 table=page_001197_table_3 active=7
RECV b7c7 592/1000 rank=41 id=page_000270_table_box_id_0 latency=3.0868s status=ok active=6
SEND b7c7 606/1000 table=page_001496_table_3 active=7
RECV b7c7 595/1000 rank=58 id=page_001173_table_6 latency=2.4089s status=ok active=6
SEND b7c7 607/1000 table=page_001398_table_box-bfny2f1z active=7
RECV b7c7 603/1000 rank=314 id=page_001516_table_17 latency=0.7646s status=ok active=6
SEND b7c7 608/1000 table=page_000534_table_3 active=7
RECV b7c7 602/1000 rank=287 id=page_001248_table_0 latency=0.9037s status=ok active=6
SEND b7c7 609/1000 table=page_001595_table_box_id_9 active=7
RECV b7c7 609/1000 rank=561 id=page_001595_table_box_id_9 latency=0.1451s status=ok active=6
SEND b7c7 610/1000 table=page_001036_table_box_id_4 active=7
RECV b7c7 608/1000 rank=508 id=page_000534_table_3 latency=0.2580s status=ok active=6
SEND b7c7 611/1000 table=page_000649_table_3 active=7
RECV b7c7 604/1000 rank=207 id=page_000628_table_6 latency=1.2162s status=ok active=6
SEND b7c7 612/1000 table=page_001395_table_6 active=7
RECV b7c7 607/1000 rank=329 id=page_001398_table_box-bfny2f1z latency=0.8163s status=ok active=6
SEND b7c7 613/1000 table=page_001503_table_5 active=7
RECV b7c7 606/1000 rank=232 id=page_001496_table_3 latency=1.0271s status=ok active=6
SEND b7c7 614/1000 table=page_000508_table_4 active=7
RECV b7c7 613/1000 rank=526 id=page_001503_table_5 latency=0.2349s status=ok active=6
SEND b7c7 615/1000 table=page_000941_table_1 active=7
RECV b7c7 611/1000 rank=412 id=page_000649_table_3 latency=0.7305s status=ok active=6
SEND b7c7 616/1000 table=page_000249_table_box_id_4 active=7
RECV b7c7 612/1000 rank=351 id=page_001395_table_6 latency=0.6928s status=ok active=6
SEND b7c7 617/1000 table=page_000266_table_box_id_11 active=7
RECV b7c7 614/1000 rank=366 id=page_000508_table_4 latency=0.6288s status=ok active=6
SEND b7c7 618/1000 table=page_000246_table_box_id_14 active=7
RECV b7c7 615/1000 rank=298 id=page_000941_table_1 latency=0.6020s status=ok active=6
SEND b7c7 619/1000 table=page_001160_table_6 active=7
RECV b7c7 617/1000 rank=500 id=page_000266_table_box_id_11 latency=0.3309s status=ok active=6
SEND b7c7 620/1000 table=page_000519_table_1 active=7
RECV b7c7 618/1000 rank=502 id=page_000246_table_box_id_14 latency=0.3725s status=ok active=6
SEND b7c7 621/1000 table=page_001131_table_10 active=7
RECV b7c7 598/1000 rank=31 id=page_000263_table_box_id_7 latency=3.9466s status=ok active=6
SEND b7c7 622/1000 table=page_001147_table_9 active=7
RECV b7c7 610/1000 rank=172 id=page_001036_table_box_id_4 latency=1.5045s status=ok active=6
SEND b7c7 623/1000 table=page_001367_table_67 active=7
RECV b7c7 616/1000 rank=210 id=page_000249_table_box_id_4 latency=1.0866s status=ok active=6
SEND b7c7 624/1000 table=page_000542_table_0 active=7
RECV b7c7 619/1000 rank=284 id=page_001160_table_6 latency=0.7529s status=ok active=6
SEND b7c7 625/1000 table=page_000627_table_14 active=7
RECV b7c7 620/1000 rank=220 id=page_000519_table_1 latency=0.8942s status=ok active=6
SEND b7c7 626/1000 table=page_000654_table_0 active=7
RECV b7c7 621/1000 rank=283 id=page_001131_table_10 latency=0.7444s status=ok active=6
SEND b7c7 627/1000 table=page_000754_table_7 active=7
RECV b7c7 626/1000 rank=568 id=page_000654_table_0 latency=0.1547s status=ok active=6
SEND b7c7 628/1000 table=page_000269_table_box_id_1 active=7
RECV b7c7 623/1000 rank=237 id=page_001367_table_67 latency=0.9988s status=ok active=6
SEND b7c7 629/1000 table=page_000251_table_box_id_7 active=7
RECV b7c7 628/1000 rank=537 id=page_000269_table_box_id_1 latency=0.2365s status=ok active=6
SEND b7c7 630/1000 table=page_000500_table_5 active=7
RECV b7c7 627/1000 rank=435 id=page_000754_table_7 latency=0.3271s status=ok active=6
SEND b7c7 631/1000 table=page_000712_table_4 active=7
RECV b7c7 625/1000 rank=318 id=page_000627_table_14 latency=0.6870s status=ok active=6
SEND b7c7 632/1000 table=page_000356_table_1 active=7
RECV b7c7 624/1000 rank=219 id=page_000542_table_0 latency=1.1410s status=ok active=6
SEND b7c7 633/1000 table=page_000249_table_box-gjm9bkso active=7
RECV b7c7 631/1000 rank=535 id=page_000712_table_4 latency=0.4626s status=ok active=6
SEND b7c7 634/1000 table=page_000212_table_box_id_1 active=7
RECV b7c7 632/1000 rank=409 id=page_000356_table_1 latency=0.4681s status=ok active=6
SEND b7c7 635/1000 table=page_000716_table_0 active=7
RECV b7c7 605/1000 rank=46 id=page_001197_table_3 latency=3.7120s status=ok active=6
SEND b7c7 636/1000 table=page_000543_table_8 active=7
RECV b7c7 635/1000 rank=588 id=page_000716_table_0 latency=0.4169s status=ok active=6
SEND b7c7 637/1000 table=page_001179_table_6 active=7
RECV b7c7 636/1000 rank=476 id=page_000543_table_8 latency=0.4519s status=ok active=6
SEND b7c7 638/1000 table=page_001595_table_box_id_7 active=7
RECV b7c7 629/1000 rank=184 id=page_000251_table_box_id_7 latency=1.3940s status=ok active=6
SEND b7c7 639/1000 table=page_000792_table_4 active=7
RECV b7c7 639/1000 rank=506 id=page_000792_table_4 latency=0.1969s status=ok active=6
SEND b7c7 640/1000 table=page_000564_table_7 active=7
RECV b7c7 622/1000 rank=69 id=page_001147_table_9 latency=2.8153s status=ok active=6
SEND b7c7 641/1000 table=page_000553_table_8 active=7
RECV b7c7 638/1000 rank=195 id=page_001595_table_box_id_7 latency=0.9778s status=ok active=6
SEND b7c7 642/1000 table=page_000775_table_2 active=7
RECV b7c7 640/1000 rank=334 id=page_000564_table_7 latency=0.5178s status=ok active=6
SEND b7c7 643/1000 table=page_001632_table_box_id_1 active=7
RECV b7c7 642/1000 rank=591 id=page_000775_table_2 latency=0.1353s status=ok active=6
SEND b7c7 644/1000 table=page_000496_table_4 active=7
RECV b7c7 630/1000 rank=96 id=page_000500_table_5 latency=2.3478s status=ok active=6
SEND b7c7 645/1000 table=page_000746_table_18 active=7
RECV b7c7 643/1000 rank=517 id=page_001632_table_box_id_1 latency=0.2877s status=ok active=6
SEND b7c7 646/1000 table=page_000838_table_4 active=7
RECV b7c7 634/1000 rank=113 id=page_000212_table_box_id_1 latency=1.9127s status=ok active=6
SEND b7c7 647/1000 table=page_000513_table_1 active=7
RECV b7c7 633/1000 rank=100 id=page_000249_table_box-gjm9bkso latency=2.2694s status=ok active=6
SEND b7c7 648/1000 table=page_001398_table_box-7mwax454 active=7
RECV b7c7 646/1000 rank=628 id=page_000838_table_4 latency=0.3735s status=ok active=6
SEND b7c7 649/1000 table=page_000182_table_box-tn22tc2f active=7
RECV b7c7 649/1000 rank=492 id=page_000182_table_box-tn22tc2f latency=0.2201s status=ok active=6
SEND b7c7 650/1000 table=page_001480_table_4 active=7
RECV b7c7 641/1000 rank=166 id=page_000553_table_8 latency=1.4419s status=ok active=6
SEND b7c7 651/1000 table=page_000292_table_box_id_2 active=7
RECV b7c7 648/1000 rank=377 id=page_001398_table_box-7mwax454 latency=0.5175s status=ok active=6
SEND b7c7 652/1000 table=page_000514_table_6 active=7
RECV b7c7 650/1000 rank=440 id=page_001480_table_4 latency=0.2829s status=ok active=6
SEND b7c7 653/1000 table=page_001184_table_10 active=7
RECV b7c7 653/1000 rank=573 id=page_001184_table_10 latency=0.3219s status=ok active=6
SEND b7c7 654/1000 table=page_000451_table_10 active=7
RECV b7c7 647/1000 rank=198 id=page_000513_table_1 latency=1.2146s status=ok active=6
SEND b7c7 655/1000 table=page_000244_table_box-fkrm6qrz active=7
RECV b7c7 645/1000 rank=161 id=page_000746_table_18 latency=1.4833s status=ok active=6
SEND b7c7 656/1000 table=page_000715_table_2 active=7
RECV b7c7 637/1000 rank=61 id=page_001179_table_6 latency=3.0269s status=ok active=6
SEND b7c7 657/1000 table=page_000262_table_box_id_1 active=7
RECV b7c7 656/1000 rank=576 id=page_000715_table_2 latency=0.1497s status=ok active=6
SEND b7c7 658/1000 table=page_000241_table_box_id_2 active=7
RECV b7c7 655/1000 rank=360 id=page_000244_table_box-fkrm6qrz latency=0.6469s status=ok active=6
SEND b7c7 659/1000 table=page_000866_table_14 active=7
RECV b7c7 652/1000 rank=209 id=page_000514_table_6 latency=1.1304s status=ok active=6
SEND b7c7 660/1000 table=page_000656_table_19 active=7
RECV b7c7 660/1000 rank=656 id=page_000656_table_19 latency=0.0476s status=ok active=6
SEND b7c7 661/1000 table=page_000630_table_2 active=7
RECV b7c7 658/1000 rank=315 id=page_000241_table_box_id_2 latency=0.6100s status=ok active=6
SEND b7c7 662/1000 table=page_000660_table_4 active=7
RECV b7c7 657/1000 rank=296 id=page_000262_table_box_id_1 latency=0.7313s status=ok active=6
SEND b7c7 663/1000 table=page_001187_table_0 active=7
RECV b7c7 662/1000 rank=605 id=page_000660_table_4 latency=0.1189s status=ok active=6
SEND b7c7 664/1000 table=page_000266_table_box_id_3 active=7
RECV b7c7 659/1000 rank=419 id=page_000866_table_14 latency=0.4743s status=ok active=6
SEND b7c7 665/1000 table=page_001191_table_2 active=7
RECV b7c7 664/1000 rank=571 id=page_000266_table_box_id_3 latency=0.2815s status=ok active=6
SEND b7c7 666/1000 table=page_000833_table_4 active=7
RECV b7c7 665/1000 rank=515 id=page_001191_table_2 latency=0.3633s status=ok active=6
SEND b7c7 667/1000 table=page_001174_table_box_id_2 active=7
RECV b7c7 651/1000 rank=99 id=page_000292_table_box_id_2 latency=2.2139s status=ok active=6
SEND b7c7 668/1000 table=page_000268_table_box_id_2 active=7
RECV b7c7 666/1000 rank=352 id=page_000833_table_4 latency=0.4658s status=ok active=6
SEND b7c7 669/1000 table=page_000355_table_3 active=7
RECV b7c7 654/1000 rank=115 id=page_000451_table_10 latency=1.9135s status=ok active=6
SEND b7c7 670/1000 table=page_000647_table_4 active=7
RECV b7c7 670/1000 rank=650 id=page_000647_table_4 latency=0.1877s status=ok active=6
SEND b7c7 671/1000 table=page_001368_table_box_id_239 active=7
RECV b7c7 669/1000 rank=586 id=page_000355_table_3 latency=0.2728s status=ok active=6
SEND b7c7 672/1000 table=page_000261_table_box_id_3 active=7
RECV b7c7 667/1000 rank=363 id=page_001174_table_box_id_2 latency=0.6899s status=ok active=6
SEND b7c7 673/1000 table=page_000268_table_box_id_4 active=7
RECV b7c7 671/1000 rank=512 id=page_001368_table_box_id_239 latency=0.2173s status=ok active=6
SEND b7c7 674/1000 table=page_001342_table_2 active=7
RECV b7c7 644/1000 rank=34 id=page_000496_table_4 latency=4.2117s status=ok active=6
SEND b7c7 675/1000 table=page_001636_table_1 active=7
RECV b7c7 661/1000 rank=104 id=page_000630_table_2 latency=2.0132s status=ok active=6
SEND b7c7 676/1000 table=page_000503_table_1 active=7
RECV b7c7 673/1000 rank=361 id=page_000268_table_box_id_4 latency=0.6654s status=ok active=6
SEND b7c7 677/1000 table=page_000507_table_6 active=7
RECV b7c7 674/1000 rank=185 id=page_001342_table_2 latency=1.0279s status=ok active=6
SEND b7c7 678/1000 table=page_001367_table_3 active=7
RECV b7c7 675/1000 rank=252 id=page_001636_table_1 latency=0.7411s status=ok active=6
SEND b7c7 679/1000 table=page_001117_table_box_id_7 active=7
RECV b7c7 668/1000 rank=133 id=page_000268_table_box_id_2 latency=1.6671s status=ok active=6
SEND b7c7 680/1000 table=page_000934_table_1 active=7
RECV b7c7 680/1000 rank=567 id=page_000934_table_1 latency=0.1755s status=ok active=6
SEND b7c7 681/1000 table=page_000282_table_box_id_1 active=7
RECV b7c7 679/1000 rank=483 id=page_001117_table_box_id_7 latency=0.2809s status=ok active=6
SEND b7c7 682/1000 table=page_001368_table_box_id_244 active=7
RECV b7c7 677/1000 rank=176 id=page_000507_table_6 latency=1.1125s status=ok active=6
SEND b7c7 683/1000 table=page_001375_table_7 active=7
RECV b7c7 676/1000 rank=206 id=page_000503_table_1 latency=1.1418s status=ok active=6
SEND b7c7 684/1000 table=page_000298_table_5 active=7
RECV b7c7 682/1000 rank=444 id=page_001368_table_box_id_244 latency=0.4998s status=ok active=6
SEND b7c7 685/1000 table=page_000941_table_1 active=7
RECV b7c7 683/1000 rank=458 id=page_001375_table_7 latency=0.3257s status=ok active=6
SEND b7c7 686/1000 table=page_000511_table_1 active=7
RECV b7c7 684/1000 rank=274 id=page_000298_table_5 latency=0.7239s status=ok active=6
SEND b7c7 687/1000 table=page_001220_table_8 active=7
RECV b7c7 685/1000 rank=298 id=page_000941_table_1 latency=0.6347s status=ok active=6
SEND b7c7 688/1000 table=page_001197_table_5 active=7
RECV b7c7 672/1000 rank=54 id=page_000261_table_box_id_3 latency=2.9151s status=ok active=6
SEND b7c7 689/1000 table=page_000465_table_10 active=7
RECV b7c7 663/1000 rank=28 id=page_001187_table_0 latency=4.0301s status=ok active=6
SEND b7c7 690/1000 table=page_001367_table_51 active=7
RECV b7c7 678/1000 rank=101 id=page_001367_table_3 latency=1.9802s status=ok active=6
SEND b7c7 691/1000 table=page_000496_table_3 active=7
RECV b7c7 689/1000 rank=339 id=page_000465_table_10 latency=0.5203s status=ok active=6
SEND b7c7 692/1000 table=page_000519_table_8 active=7
RECV b7c7 690/1000 rank=65 id=page_001367_table_51 latency=0.8222s status=ok active=6
SEND b7c7 693/1000 table=page_000631_table_0 active=7
RECV b7c7 692/1000 rank=289 id=page_000519_table_8 latency=0.5444s status=ok active=6
SEND b7c7 694/1000 table=page_000900_table_4 active=7
RECV b7c7 694/1000 rank=602 id=page_000900_table_4 latency=0.1141s status=ok active=6
SEND b7c7 695/1000 table=page_000676_table_2 active=7
RECV b7c7 686/1000 rank=71 id=page_000511_table_1 latency=2.0787s status=ok active=6
SEND b7c7 696/1000 table=page_000212_table_box_id_1 active=7
RECV b7c7 691/1000 rank=163 id=page_000496_table_3 latency=1.0841s status=ok active=6
SEND b7c7 697/1000 table=page_001134_table_11 active=7
RECV b7c7 688/1000 rank=118 id=page_001197_table_5 latency=1.5139s status=ok active=6
SEND b7c7 698/1000 table=page_001011_table_18 active=7
RECV b7c7 687/1000 rank=94 id=page_001220_table_8 latency=1.8127s status=ok active=6
SEND b7c7 699/1000 table=page_000922_table_12 active=7
RECV b7c7 698/1000 rank=387 id=page_001011_table_18 latency=0.6740s status=ok active=6
SEND b7c7 700/1000 table=page_000744_table_11 active=7
RECV b7c7 699/1000 rank=294 id=page_000922_table_12 latency=0.6174s status=ok active=6
SEND b7c7 701/1000 table=page_001232_table_box_id_1 active=7
RECV b7c7 700/1000 rank=594 id=page_000744_table_11 latency=0.1713s status=ok active=6
SEND b7c7 702/1000 table=page_001368_table_box_id_165 active=7
RECV b7c7 702/1000 rank=604 id=page_001368_table_box_id_165 latency=0.1101s status=ok active=6
SEND b7c7 703/1000 table=page_000720_table_3 active=7
RECV b7c7 693/1000 rank=147 id=page_000631_table_0 latency=1.5035s status=ok active=6
SEND b7c7 704/1000 table=page_001637_table_4 active=7
RECV b7c7 704/1000 rank=599 id=page_001637_table_4 latency=0.1120s status=ok active=6
SEND b7c7 705/1000 table=page_001198_table_8 active=7
RECV b7c7 703/1000 rank=574 id=page_000720_table_3 latency=0.1807s status=ok active=6
SEND b7c7 706/1000 table=page_000696_table_0 active=7
RECV b7c7 701/1000 rank=313 id=page_001232_table_box_id_1 latency=0.7075s status=ok active=6
SEND b7c7 707/1000 table=page_001163_table_0 active=7
RECV b7c7 697/1000 rank=149 id=page_001134_table_11 latency=1.6458s status=ok active=6
SEND b7c7 708/1000 table=page_001398_table_box-13qv1ztw active=7
RECV b7c7 706/1000 rank=355 id=page_000696_table_0 latency=0.5618s status=ok active=6
SEND b7c7 709/1000 table=page_001368_table_box_id_273 active=7
RECV b7c7 695/1000 rank=112 id=page_000676_table_2 latency=1.8702s status=ok active=6
SEND b7c7 710/1000 table=page_000508_table_4 active=7
RECV b7c7 696/1000 rank=113 id=page_000212_table_box_id_1 latency=1.8641s status=ok active=6
SEND b7c7 711/1000 table=page_000106_table_box_id_2 active=7
RECV b7c7 709/1000 rank=570 id=page_001368_table_box_id_273 latency=0.2657s status=ok active=6
SEND b7c7 712/1000 table=page_000266_table_box_id_7 active=7
RECV b7c7 708/1000 rank=511 id=page_001398_table_box-13qv1ztw latency=0.3495s status=ok active=6
SEND b7c7 713/1000 table=page_000591_table_3 active=7
RECV b7c7 705/1000 rank=260 id=page_001198_table_8 latency=1.0268s status=ok active=6
SEND b7c7 714/1000 table=page_001168_table_0 active=7
RECV b7c7 712/1000 rank=509 id=page_000266_table_box_id_7 latency=0.3858s status=ok active=6
SEND b7c7 715/1000 table=page_000467_table_17 active=7
RECV b7c7 710/1000 rank=366 id=page_000508_table_4 latency=0.7586s status=ok active=6
SEND b7c7 716/1000 table=page_001195_table_7 active=7
RECV b7c7 713/1000 rank=322 id=page_000591_table_3 latency=0.6920s status=ok active=6
SEND b7c7 717/1000 table=page_001142_table_13 active=7
RECV b7c7 717/1000 rank=459 id=page_001142_table_13 latency=0.2619s status=ok active=6
SEND b7c7 718/1000 table=page_000515_table_7 active=7
RECV b7c7 711/1000 rank=208 id=page_000106_table_box_id_2 latency=1.1089s status=ok active=6
SEND b7c7 719/1000 table=page_001449_table_1 active=7
RECV b7c7 714/1000 rank=216 id=page_001168_table_0 latency=0.9579s status=ok active=6
SEND b7c7 720/1000 table=page_001199_table_15 active=7
RECV b7c7 707/1000 rank=126 id=page_001163_table_0 latency=1.8760s status=ok active=6
SEND b7c7 721/1000 table=page_000526_table_4 active=7
RECV b7c7 719/1000 rank=418 id=page_001449_table_1 latency=0.5681s status=ok active=6
SEND b7c7 722/1000 table=page_000219_table_box_id_3 active=7
RECV b7c7 718/1000 rank=301 id=page_000515_table_7 latency=0.7456s status=ok active=6
SEND b7c7 723/1000 table=page_001177_table_2 active=7
RECV b7c7 721/1000 rank=410 id=page_000526_table_4 latency=0.4992s status=ok active=6
SEND b7c7 724/1000 table=page_001134_table_1 active=7
RECV b7c7 720/1000 rank=290 id=page_001199_table_15 latency=0.7118s status=ok active=6
SEND b7c7 725/1000 table=page_001522_table_8 active=7
RECV b7c7 722/1000 rank=300 id=page_000219_table_box_id_3 latency=0.7026s status=ok active=6
SEND b7c7 726/1000 table=page_001357_table_3 active=7
RECV b7c7 715/1000 rank=120 id=page_000467_table_17 latency=1.8801s status=ok active=6
SEND b7c7 727/1000 table=page_000657_table_6 active=7
RECV b7c7 727/1000 rank=659 id=page_000657_table_6 latency=0.0873s status=ok active=6
SEND b7c7 728/1000 table=page_000356_table_1 active=7
RECV b7c7 726/1000 rank=557 id=page_001357_table_3 latency=0.1811s status=ok active=6
SEND b7c7 729/1000 table=page_000288_table_box_id_1 active=7
RECV b7c7 723/1000 rank=229 id=page_001177_table_2 latency=1.0404s status=ok active=6
SEND b7c7 730/1000 table=page_001147_table_8 active=7
RECV b7c7 725/1000 rank=234 id=page_001522_table_8 latency=0.8891s status=ok active=6
SEND b7c7 731/1000 table=page_000253_table_box_id_2 active=7
RECV b7c7 728/1000 rank=409 id=page_000356_table_1 latency=0.4125s status=ok active=6
SEND b7c7 732/1000 table=page_000226_table_box_id_3 active=7
RECV b7c7 716/1000 rank=82 id=page_001195_table_7 latency=2.5616s status=ok active=6
SEND b7c7 733/1000 table=page_000209_table_box_id_1 active=7
RECV b7c7 681/1000 rank=06 id=page_000282_table_box_id_1 latency=7.9771s status=ok active=6
SEND b7c7 734/1000 table=page_000844_table_6 active=7
RECV b7c7 733/1000 rank=432 id=page_000209_table_box_id_1 latency=0.3988s status=ok active=6
SEND b7c7 735/1000 table=page_001368_table_box_id_278 active=7
RECV b7c7 735/1000 rank=621 id=page_001368_table_box_id_278 latency=0.0975s status=ok active=6
SEND b7c7 736/1000 table=page_001182_table_3 active=7
RECV b7c7 732/1000 rank=244 id=page_000226_table_box_id_3 latency=0.8268s status=ok active=6
SEND b7c7 737/1000 table=page_000246_table_box_id_6 active=7
RECV b7c7 731/1000 rank=236 id=page_000253_table_box_id_2 latency=0.9562s status=ok active=6
SEND b7c7 738/1000 table=page_001175_table_2 active=7
RECV b7c7 737/1000 rank=575 id=page_000246_table_box_id_6 latency=0.1921s status=ok active=6
SEND b7c7 739/1000 table=page_001211_table_7 active=7
RECV b7c7 734/1000 rank=341 id=page_000844_table_6 latency=0.6394s status=ok active=6
SEND b7c7 740/1000 table=page_000204_table_box_id_6 active=7
RECV b7c7 739/1000 rank=462 id=page_001211_table_7 latency=0.4307s status=ok active=6
SEND b7c7 741/1000 table=page_000800_table_12 active=7
RECV b7c7 741/1000 rank=655 id=page_000800_table_12 latency=0.0488s status=ok active=6
SEND b7c7 742/1000 table=page_000762_table_5 active=7
RECV b7c7 730/1000 rank=162 id=page_001147_table_8 latency=1.5712s status=ok active=6
SEND b7c7 743/1000 table=page_000775_table_2 active=7
RECV b7c7 724/1000 rank=77 id=page_001134_table_1 latency=2.5556s status=ok active=6
SEND b7c7 744/1000 table=page_000821_table_box_id_14 active=7
RECV b7c7 742/1000 rank=610 id=page_000762_table_5 latency=0.1367s status=ok active=6
SEND b7c7 745/1000 table=page_000287_table_box_id_8 active=7
RECV b7c7 740/1000 rank=344 id=page_000204_table_box_id_6 latency=0.4888s status=ok active=6
SEND b7c7 746/1000 table=page_000247_table_box_id_0 active=7
RECV b7c7 736/1000 rank=250 id=page_001182_table_3 latency=0.9130s status=ok active=6
SEND b7c7 747/1000 table=page_000216_table_box_id_0 active=7
RECV b7c7 743/1000 rank=591 id=page_000775_table_2 latency=0.1702s status=ok active=6
SEND b7c7 748/1000 table=page_000246_table_box_id_14 active=7
RECV b7c7 744/1000 rank=585 id=page_000821_table_box_id_14 latency=0.3732s status=ok active=6
SEND b7c7 749/1000 table=page_000818_table_1 active=7
RECV b7c7 746/1000 rank=609 id=page_000247_table_box_id_0 latency=0.3831s status=ok active=6
SEND b7c7 750/1000 table=page_000521_table_2 active=7
RECV b7c7 748/1000 rank=502 id=page_000246_table_box_id_14 latency=0.5309s status=ok active=6
SEND b7c7 751/1000 table=page_000236_table_box_id_1 active=7
RECV b7c7 749/1000 rank=551 id=page_000818_table_1 latency=0.2564s status=ok active=6
SEND b7c7 752/1000 table=page_000516_table_0 active=7
RECV b7c7 738/1000 rank=178 id=page_001175_table_2 latency=1.5429s status=ok active=6
SEND b7c7 753/1000 table=page_001130_table_13 active=7
RECV b7c7 753/1000 rank=531 id=page_001130_table_13 latency=0.1740s status=ok active=6
SEND b7c7 754/1000 table=page_000536_table_4 active=7
RECV b7c7 751/1000 rank=324 id=page_000236_table_box_id_1 latency=0.6267s status=ok active=6
SEND b7c7 755/1000 table=page_001164_table_2 active=7
RECV b7c7 754/1000 rank=303 id=page_000536_table_4 latency=0.5529s status=ok active=6
SEND b7c7 756/1000 table=page_001398_table_box-7mwax454 active=7
RECV b7c7 750/1000 rank=173 id=page_000521_table_2 latency=1.2065s status=ok active=6
SEND b7c7 757/1000 table=page_000266_table_box_id_9 active=7
RECV b7c7 757/1000 rank=479 id=page_000266_table_box_id_9 latency=0.2502s status=ok active=6
SEND b7c7 758/1000 table=page_000222_table_box_id_3 active=7
RECV b7c7 756/1000 rank=377 id=page_001398_table_box-7mwax454 latency=0.5072s status=ok active=6
SEND b7c7 759/1000 table=page_001026_table_box_id_12 active=7
RECV b7c7 752/1000 rank=125 id=page_000516_table_0 latency=1.4929s status=ok active=6
SEND b7c7 760/1000 table=page_001368_table_box_id_26 active=7
RECV b7c7 758/1000 rank=258 id=page_000222_table_box_id_3 latency=0.6398s status=ok active=6
SEND b7c7 761/1000 table=page_000518_table_11 active=7
RECV b7c7 759/1000 rank=373 id=page_001026_table_box_id_12 latency=0.4200s status=ok active=6
SEND b7c7 762/1000 table=page_000434_table_15 active=7
RECV b7c7 760/1000 rank=259 id=page_001368_table_box_id_26 latency=0.7281s status=ok active=6
SEND b7c7 763/1000 table=page_001498_table_14 active=7
RECV b7c7 761/1000 rank=424 id=page_000518_table_11 latency=0.3915s status=ok active=6
SEND b7c7 764/1000 table=page_001378_table_box_id_1 active=7
RECV b7c7 763/1000 rank=443 id=page_001498_table_14 latency=0.3057s status=ok active=6
SEND b7c7 765/1000 table=page_001152_table_0 active=7
RECV b7c7 762/1000 rank=267 id=page_000434_table_15 latency=0.6671s status=ok active=6
SEND b7c7 766/1000 table=page_000239_table_box_id_7 active=7
RECV b7c7 764/1000 rank=398 id=page_001378_table_box_id_1 latency=0.5758s status=ok active=6
SEND b7c7 767/1000 table=page_001210_table_4 active=7
RECV b7c7 766/1000 rank=494 id=page_000239_table_box_id_7 latency=0.4309s status=ok active=6
SEND b7c7 768/1000 table=page_001123_table_14 active=7
RECV b7c7 768/1000 rank=413 id=page_001123_table_14 latency=0.3349s status=ok active=6
SEND b7c7 769/1000 table=page_000523_table_1 active=7
RECV b7c7 769/1000 rank=471 id=page_000523_table_1 latency=0.2440s status=ok active=6
SEND b7c7 770/1000 table=page_001166_table_5 active=7
RECV b7c7 745/1000 rank=24 id=page_000287_table_box_id_8 latency=4.2093s status=ok active=6
SEND b7c7 771/1000 table=page_000712_table_4 active=7
RECV b7c7 755/1000 rank=40 id=page_001164_table_2 latency=3.0817s status=ok active=6
SEND b7c7 772/1000 table=page_000206_table_box_id_9 active=7
RECV b7c7 747/1000 rank=23 id=page_000216_table_box_id_0 latency=4.3581s status=ok active=6
SEND b7c7 773/1000 table=page_001145_table_3 active=7
RECV b7c7 771/1000 rank=535 id=page_000712_table_4 latency=0.3205s status=ok active=6
SEND b7c7 774/1000 table=page_001140_table_11 active=7
RECV b7c7 770/1000 rank=472 id=page_001166_table_5 latency=0.3701s status=ok active=6
SEND b7c7 775/1000 table=page_000946_table_14 active=7
RECV b7c7 767/1000 rank=152 id=page_001210_table_4 latency=1.3244s status=ok active=6
SEND b7c7 776/1000 table=page_001130_table_1 active=7
RECV b7c7 776/1000 rank=572 id=page_001130_table_1 latency=0.1432s status=ok active=6
SEND b7c7 777/1000 table=page_000499_table_5 active=7
RECV b7c7 775/1000 rank=461 id=page_000946_table_14 latency=0.3854s status=ok active=6
SEND b7c7 778/1000 table=page_001139_table_5 active=7
RECV b7c7 772/1000 rank=293 id=page_000206_table_box_id_9 latency=0.8916s status=ok active=6
SEND b7c7 779/1000 table=page_000220_table_box_id_3 active=7
RECV b7c7 773/1000 rank=323 id=page_001145_table_3 latency=0.7997s status=ok active=6
SEND b7c7 780/1000 table=page_000635_table_0 active=7
RECV b7c7 777/1000 rank=448 id=page_000499_table_5 latency=0.4971s status=ok active=6
SEND b7c7 781/1000 table=page_000866_table_14 active=7
RECV b7c7 765/1000 rank=78 id=page_001152_table_0 latency=2.2841s status=ok active=6
SEND b7c7 782/1000 table=page_000903_table_15 active=7
RECV b7c7 782/1000 rank=522 id=page_000903_table_15 latency=0.2103s status=ok active=6
SEND b7c7 783/1000 table=page_001135_table_6 active=7
RECV b7c7 779/1000 rank=358 id=page_000220_table_box_id_3 latency=0.6329s status=ok active=6
SEND b7c7 784/1000 table=page_001368_table_box_id_257 active=7
RECV b7c7 781/1000 rank=419 id=page_000866_table_14 latency=0.4324s status=ok active=6
SEND b7c7 785/1000 table=page_000853_table_9 active=7
RECV b7c7 729/1000 rank=08 id=page_000288_table_box_id_1 latency=7.9242s status=ok active=6
SEND b7c7 786/1000 table=page_001219_table_box_id_1 active=7
RECV b7c7 785/1000 rank=584 id=page_000853_table_9 latency=0.1499s status=ok active=6
SEND b7c7 787/1000 table=page_000545_table_14 active=7
RECV b7c7 774/1000 rank=148 id=page_001140_table_11 latency=1.6914s status=ok active=6
SEND b7c7 788/1000 table=page_001375_table_1 active=7
RECV b7c7 784/1000 rank=473 id=page_001368_table_box_id_257 latency=0.4582s status=ok active=6
SEND b7c7 789/1000 table=page_000524_table_0 active=7
RECV b7c7 783/1000 rank=299 id=page_001135_table_6 latency=0.7077s status=ok active=6
SEND b7c7 790/1000 table=page_000637_table_6 active=7
RECV b7c7 787/1000 rank=488 id=page_000545_table_14 latency=0.3682s status=ok active=6
SEND b7c7 791/1000 table=page_001404_table_7 active=7
RECV b7c7 780/1000 rank=179 id=page_000635_table_0 latency=1.4116s status=ok active=6
SEND b7c7 792/1000 table=page_000294_table_box_id_1 active=7
RECV b7c7 791/1000 rank=445 id=page_001404_table_7 latency=0.5630s status=ok active=6
SEND b7c7 793/1000 table=page_001368_table_box_id_268 active=7
RECV b7c7 793/1000 rank=665 id=page_001368_table_box_id_268 latency=0.0468s status=ok active=6
SEND b7c7 794/1000 table=page_000512_table_0 active=7
RECV b7c7 778/1000 rank=79 id=page_001139_table_5 latency=2.4039s status=ok active=6
SEND b7c7 795/1000 table=page_000428_table_6 active=7
RECV b7c7 795/1000 rank=416 id=page_000428_table_6 latency=0.3187s status=ok active=6
SEND b7c7 796/1000 table=page_001376_table_13 active=7
RECV b7c7 789/1000 rank=140 id=page_000524_table_0 latency=1.3988s status=ok active=6
SEND b7c7 797/1000 table=page_000206_table_box_id_1 active=7
RECV b7c7 796/1000 rank=449 id=page_001376_table_13 latency=0.3080s status=ok active=6
SEND b7c7 798/1000 table=page_001419_table_10 active=7
RECV b7c7 788/1000 rank=111 id=page_001375_table_1 latency=1.7707s status=ok active=6
SEND b7c7 799/1000 table=page_000984_table_2 active=7
RECV b7c7 799/1000 rank=625 id=page_000984_table_2 latency=0.1076s status=ok active=6
SEND b7c7 800/1000 table=page_001180_table_16 active=7
RECV b7c7 798/1000 rank=464 id=page_001419_table_10 latency=0.3522s status=ok active=6
SEND b7c7 801/1000 table=page_000465_table_8 active=7
RECV b7c7 797/1000 rank=309 id=page_000206_table_box_id_1 latency=0.6250s status=ok active=6
SEND b7c7 802/1000 table=page_000210_table_box_id_4 active=7
RECV b7c7 800/1000 rank=390 id=page_001180_table_16 latency=0.4569s status=ok active=6
SEND b7c7 803/1000 table=page_000292_table_box_id_1 active=7
RECV b7c7 792/1000 rank=84 id=page_000294_table_box_id_1 latency=1.9379s status=ok active=6
SEND b7c7 804/1000 table=page_000266_table_box_id_11 active=7
RECV b7c7 802/1000 rank=466 id=page_000210_table_box_id_4 latency=0.2994s status=ok active=6
SEND b7c7 805/1000 table=page_001189_table_box_id_3 active=7
RECV b7c7 786/1000 rank=50 id=page_001219_table_box_id_1 latency=2.9527s status=ok active=6
SEND b7c7 806/1000 table=page_001133_table_3 active=7
RECV b7c7 804/1000 rank=500 id=page_000266_table_box_id_11 latency=0.3845s status=ok active=6
SEND b7c7 807/1000 table=page_001167_table_8 active=7
RECV b7c7 794/1000 rank=85 id=page_000512_table_0 latency=1.9931s status=ok active=6
SEND b7c7 808/1000 table=page_001516_table_17 active=7
RECV b7c7 801/1000 rank=331 id=page_000465_table_8 latency=0.6710s status=ok active=6
SEND b7c7 809/1000 table=page_000233_table_box_id_2 active=7
RECV b7c7 805/1000 rank=338 id=page_001189_table_box_id_3 latency=0.8376s status=ok active=6
SEND b7c7 810/1000 table=page_001193_table_4 active=7
RECV b7c7 807/1000 rank=450 id=page_001167_table_8 latency=0.5442s status=ok active=6
SEND b7c7 811/1000 table=page_000982_table_16 active=7
RECV b7c7 808/1000 rank=314 id=page_001516_table_17 latency=0.7356s status=ok active=6
SEND b7c7 812/1000 table=page_001207_table_4 active=7
RECV b7c7 811/1000 rank=495 id=page_000982_table_16 latency=0.2902s status=ok active=6
SEND b7c7 813/1000 table=page_000746_table_18 active=7
RECV b7c7 810/1000 rank=342 id=page_001193_table_4 latency=0.5837s status=ok active=6
SEND b7c7 814/1000 table=page_001398_table_box-5zkimf1o active=7
RECV b7c7 790/1000 rank=33 id=page_000637_table_6 latency=3.7759s status=ok active=6
SEND b7c7 815/1000 table=page_000215_table_box_id_4 active=7
RECV b7c7 812/1000 rank=383 id=page_001207_table_4 latency=0.4894s status=ok active=6
SEND b7c7 816/1000 table=page_000226_table_box_id_5 active=7
RECV b7c7 814/1000 rank=518 id=page_001398_table_box-5zkimf1o latency=0.3492s status=ok active=6
SEND b7c7 817/1000 table=page_000603_table_7 active=7
RECV b7c7 816/1000 rank=405 id=page_000226_table_box_id_5 latency=0.4538s status=ok active=6
SEND b7c7 818/1000 table=page_001183_table_11 active=7
RECV b7c7 806/1000 rank=123 id=page_001133_table_3 latency=1.7558s status=ok active=6
SEND b7c7 819/1000 table=page_000220_table_box_id_10 active=7
RECV b7c7 815/1000 rank=343 id=page_000215_table_box_id_4 latency=0.5382s status=ok active=6
SEND b7c7 820/1000 table=page_001368_table_box_id_266 active=7
RECV b7c7 820/1000 rank=648 id=page_001368_table_box_id_266 latency=0.2142s status=ok active=6
SEND b7c7 821/1000 table=page_000628_table_6 active=7
RECV b7c7 817/1000 rank=403 id=page_000603_table_7 latency=0.5007s status=ok active=6
SEND b7c7 822/1000 table=page_000200_table_box_id_2 active=7
RECV b7c7 813/1000 rank=161 id=page_000746_table_18 latency=1.4239s status=ok active=6
SEND b7c7 823/1000 table=page_001138_table_1 active=7
RECV b7c7 818/1000 rank=395 id=page_001183_table_11 latency=0.6076s status=ok active=6
SEND b7c7 824/1000 table=page_001162_table_3 active=7
RECV b7c7 819/1000 rank=406 id=page_000220_table_box_id_10 latency=0.6128s status=ok active=6
SEND b7c7 825/1000 table=page_001132_table_box_id_18 active=7
RECV b7c7 822/1000 rank=291 id=page_000200_table_box_id_2 latency=0.7308s status=ok active=6
SEND b7c7 826/1000 table=page_001187_table_0 active=7
RECV b7c7 825/1000 rank=546 id=page_001132_table_box_id_18 latency=0.3710s status=ok active=6
SEND b7c7 827/1000 table=page_000275_table_box_id_1 active=7
RECV b7c7 821/1000 rank=207 id=page_000628_table_6 latency=1.1271s status=ok active=6
SEND b7c7 828/1000 table=page_000225_table_box_id_9 active=7
RECV b7c7 824/1000 rank=257 id=page_001162_table_3 latency=0.8745s status=ok active=6
SEND b7c7 829/1000 table=page_001368_table_box_id_271 active=7
RECV b7c7 829/1000 rank=528 id=page_001368_table_box_id_271 latency=0.1775s status=ok active=6
SEND b7c7 830/1000 table=page_000595_table_25 active=7
RECV b7c7 828/1000 rank=431 id=page_000225_table_box_id_9 latency=0.3442s status=ok active=6
SEND b7c7 831/1000 table=page_000256_table_box_id_12 active=7
RECV b7c7 830/1000 rank=654 id=page_000595_table_25 latency=0.0499s status=ok active=6
SEND b7c7 832/1000 table=page_000249_table_box_id_4 active=7
RECV b7c7 809/1000 rank=38 id=page_000233_table_box_id_2 latency=3.7354s status=ok active=6
SEND b7c7 833/1000 table=page_000451_table_12 active=7
RECV b7c7 831/1000 rank=369 id=page_000256_table_box_id_12 latency=0.5366s status=ok active=6
SEND b7c7 834/1000 table=page_000721_table_19 active=7
RECV b7c7 834/1000 rank=583 id=page_000721_table_19 latency=0.1369s status=ok active=6
SEND b7c7 835/1000 table=page_000231_table_box_id_2 active=7
RECV b7c7 803/1000 rank=25 id=page_000292_table_box_id_1 latency=4.4863s status=ok active=6
SEND b7c7 836/1000 table=page_001375_table_4 active=7
RECV b7c7 832/1000 rank=210 id=page_000249_table_box_id_4 latency=0.9554s status=ok active=6
SEND b7c7 837/1000 table=page_001140_table_12 active=7
RECV b7c7 837/1000 rank=401 id=page_001140_table_12 latency=0.3465s status=ok active=6
SEND b7c7 838/1000 table=page_000235_table_box_id_16 active=7
RECV b7c7 833/1000 rank=74 id=page_000451_table_12 latency=1.1036s status=ok active=6
SEND b7c7 839/1000 table=page_000683_table_5 active=7
RECV b7c7 823/1000 rank=59 id=page_001138_table_1 latency=2.6197s status=ok active=6
SEND b7c7 840/1000 table=page_001395_table_7 active=7
RECV b7c7 839/1000 rank=596 id=page_000683_table_5 latency=0.2080s status=ok active=6
SEND b7c7 841/1000 table=page_001191_table_2 active=7
RECV b7c7 838/1000 rank=417 id=page_000235_table_box_id_16 latency=0.4822s status=ok active=6
SEND b7c7 842/1000 table=page_000861_table_17 active=7
RECV b7c7 841/1000 rank=515 id=page_001191_table_2 latency=0.2103s status=ok active=6
SEND b7c7 843/1000 table=page_000297_table_5 active=7
RECV b7c7 840/1000 rank=357 id=page_001395_table_7 latency=0.4600s status=ok active=6
SEND b7c7 844/1000 table=page_000290_table_box_id_1 active=7
RECV b7c7 835/1000 rank=105 id=page_000231_table_box_id_2 latency=1.6334s status=ok active=6
SEND b7c7 845/1000 table=page_000937_table_1 active=7
RECV b7c7 845/1000 rank=415 id=page_000937_table_1 latency=0.5117s status=ok active=6
SEND b7c7 846/1000 table=page_001149_table_0 active=7
RECV b7c7 826/1000 rank=28 id=page_001187_table_0 latency=3.6194s status=ok active=6
SEND b7c7 847/1000 table=page_000585_table_1 active=7
RECV b7c7 842/1000 rank=156 id=page_000861_table_17 latency=1.2524s status=ok active=6
SEND b7c7 848/1000 table=page_000938_table_5 active=7
RECV b7c7 843/1000 rank=175 id=page_000297_table_5 latency=1.5073s status=ok active=6
SEND b7c7 849/1000 table=page_001147_table_5 active=7
RECV b7c7 848/1000 rank=402 id=page_000938_table_5 latency=0.4227s status=ok active=6
SEND b7c7 850/1000 table=page_000324_table_0 active=7
RECV b7c7 836/1000 rank=60 id=page_001375_table_4 latency=3.0089s status=ok active=6
SEND b7c7 851/1000 table=page_000626_table_box_id_7 active=7
RECV b7c7 846/1000 rank=223 id=page_001149_table_0 latency=1.0510s status=ok active=6
SEND b7c7 852/1000 table=page_000279_table_box_id_0 active=7
RECV b7c7 850/1000 rank=414 id=page_000324_table_0 latency=0.4215s status=ok active=6
SEND b7c7 853/1000 table=page_000654_table_0 active=7
RECV b7c7 853/1000 rank=568 id=page_000654_table_0 latency=0.2869s status=ok active=6
SEND b7c7 854/1000 table=page_000287_table_box_id_1 active=7
RECV b7c7 847/1000 rank=159 id=page_000585_table_1 latency=1.4106s status=ok active=6
SEND b7c7 855/1000 table=page_000201_table_box_id_3 active=7
RECV b7c7 855/1000 rank=463 id=page_000201_table_box_id_3 latency=0.2563s status=ok active=6
SEND b7c7 856/1000 table=page_001180_table_15 active=7
RECV b7c7 856/1000 rank=457 id=page_001180_table_15 latency=0.2613s status=ok active=6
SEND b7c7 857/1000 table=page_001186_table_10 active=7
RECV b7c7 857/1000 rank=372 id=page_001186_table_10 latency=0.3694s status=ok active=6
SEND b7c7 858/1000 table=page_000743_table_4 active=7
RECV b7c7 854/1000 rank=154 id=page_000287_table_box_id_1 latency=1.1024s status=ok active=6
SEND b7c7 859/1000 table=page_000466_table_0 active=7
RECV b7c7 858/1000 rank=581 id=page_000743_table_4 latency=0.1398s status=ok active=6
SEND b7c7 860/1000 table=page_001194_table_3 active=7
RECV b7c7 827/1000 rank=12 id=page_000275_table_box_id_1 latency=6.5169s status=ok active=6
SEND b7c7 861/1000 table=page_000224_table_box-3str9h9p active=7
RECV b7c7 860/1000 rank=269 id=page_001194_table_3 latency=0.7103s status=ok active=6
SEND b7c7 862/1000 table=page_000211_table_box_id_3 active=7
RECV b7c7 849/1000 rank=47 id=page_001147_table_5 latency=2.7553s status=ok active=6
SEND b7c7 863/1000 table=page_000806_table_29 active=7
RECV b7c7 851/1000 rank=43 id=page_000626_table_box_id_7 latency=2.8808s status=ok active=6
SEND b7c7 864/1000 table=page_000533_table_5 active=7
RECV b7c7 863/1000 rank=320 id=page_000806_table_29 latency=0.4403s status=ok active=6
SEND b7c7 865/1000 table=page_000223_table_box_id_4 active=7
RECV b7c7 865/1000 rank=606 id=page_000223_table_box_id_4 latency=0.1431s status=ok active=6
SEND b7c7 866/1000 table=page_000682_table_15 active=7
RECV b7c7 861/1000 rank=203 id=page_000224_table_box-3str9h9p latency=0.9677s status=ok active=6
SEND b7c7 867/1000 table=page_000716_table_2 active=7
RECV b7c7 867/1000 rank=623 id=page_000716_table_2 latency=0.1602s status=ok active=6
SEND b7c7 868/1000 table=page_000011_table_box_id_1 active=7
RECV b7c7 866/1000 rank=507 id=page_000682_table_15 latency=0.2280s status=ok active=6
SEND b7c7 869/1000 table=page_000227_table_box_id_1 active=7
RECV b7c7 864/1000 rank=441 id=page_000533_table_5 latency=0.4147s status=ok active=6
SEND b7c7 870/1000 table=page_001432_table_20 active=7
RECV b7c7 862/1000 rank=201 id=page_000211_table_box_id_3 latency=1.0628s status=ok active=6
SEND b7c7 871/1000 table=page_000803_table_12 active=7
RECV b7c7 871/1000 rank=632 id=page_000803_table_12 latency=0.2024s status=ok active=6
SEND b7c7 872/1000 table=page_000224_table_box_id_6 active=7
RECV b7c7 870/1000 rank=560 id=page_001432_table_20 latency=0.4783s status=ok active=6
SEND b7c7 873/1000 table=page_000188_table_box_id_6 active=7
RECV b7c7 868/1000 rank=194 id=page_000011_table_box_id_1 latency=1.0331s status=ok active=6
SEND b7c7 874/1000 table=page_000250_table_box-stnne6dt active=7
RECV b7c7 873/1000 rank=240 id=page_000188_table_box_id_6 latency=0.6845s status=ok active=6
SEND b7c7 875/1000 table=page_000632_table_0 active=7
RECV b7c7 859/1000 rank=51 id=page_000466_table_0 latency=2.9028s status=ok active=6
SEND b7c7 876/1000 table=page_000203_table_box_id_3 active=7
RECV b7c7 872/1000 rank=202 id=page_000224_table_box_id_6 latency=0.9216s status=ok active=6
SEND b7c7 877/1000 table=page_000612_table_6 active=7
RECV b7c7 869/1000 rank=124 id=page_000227_table_box_id_1 latency=1.6907s status=ok active=6
SEND b7c7 878/1000 table=page_000210_table_box_id_0 active=7
RECV b7c7 877/1000 rank=295 id=page_000612_table_6 latency=0.7632s status=ok active=6
SEND b7c7 879/1000 table=page_000256_table_box_id_8 active=7
RECV b7c7 878/1000 rank=222 id=page_000210_table_box_id_0 latency=0.6948s status=ok active=6
SEND b7c7 880/1000 table=page_000769_table_3 active=7
RECV b7c7 879/1000 rank=336 id=page_000256_table_box_id_8 latency=0.4504s status=ok active=6
SEND b7c7 881/1000 table=page_000634_table_1 active=7
RECV b7c7 880/1000 rank=540 id=page_000769_table_3 latency=0.2209s status=ok active=6
SEND b7c7 882/1000 table=page_000451_table_10 active=7
RECV b7c7 844/1000 rank=02 id=page_000290_table_box_id_1 latency=7.6413s status=ok active=6
SEND b7c7 883/1000 table=page_001595_table_box_id_7 active=7
RECV b7c7 874/1000 rank=93 id=page_000250_table_box-stnne6dt latency=1.9511s status=ok active=6
SEND b7c7 884/1000 table=page_000920_table_3 active=7
RECV b7c7 884/1000 rank=478 id=page_000920_table_3 latency=0.2433s status=ok active=6
SEND b7c7 885/1000 table=page_001178_table_0 active=7
RECV b7c7 881/1000 rank=276 id=page_000634_table_1 latency=0.7593s status=ok active=6
SEND b7c7 886/1000 table=page_001192_table_2 active=7
RECV b7c7 883/1000 rank=195 id=page_001595_table_box_id_7 latency=1.0220s status=ok active=6
SEND b7c7 887/1000 table=page_001201_table_14 active=7
RECV b7c7 876/1000 rank=64 id=page_000203_table_box_id_3 latency=2.4358s status=ok active=6
SEND b7c7 888/1000 table=page_000605_table_3 active=7
RECV b7c7 888/1000 rank=649 id=page_000605_table_3 latency=0.1247s status=ok active=6
SEND b7c7 889/1000 table=page_000468_table_1 active=7
RECV b7c7 875/1000 rank=55 id=page_000632_table_0 latency=2.7251s status=ok active=6
SEND b7c7 890/1000 table=page_000776_table_4 active=7
RECV b7c7 852/1000 rank=01 id=page_000279_table_box_id_0 latency=7.0124s status=ok active=6
SEND b7c7 891/1000 table=page_000202_table_box_id_0 active=7
RECV b7c7 889/1000 rank=544 id=page_000468_table_1 latency=0.2149s status=ok active=6
SEND b7c7 892/1000 table=page_001375_table_3 active=7
RECV b7c7 890/1000 rank=600 id=page_000776_table_4 latency=0.2266s status=ok active=6
SEND b7c7 893/1000 table=page_001368_table_box_id_229 active=7
RECV b7c7 887/1000 rank=393 id=page_001201_table_14 latency=0.6028s status=ok active=6
SEND b7c7 894/1000 table=page_000918_table_0 active=7
RECV b7c7 892/1000 rank=565 id=page_001375_table_3 latency=0.2769s status=ok active=6
SEND b7c7 895/1000 table=page_000710_table_9 active=7
RECV b7c7 895/1000 rank=514 id=page_000710_table_9 latency=0.2505s status=ok active=6
SEND b7c7 896/1000 table=page_001275_table_3 active=7
RECV b7c7 882/1000 rank=115 id=page_000451_table_10 latency=1.9141s status=ok active=6
SEND b7c7 897/1000 table=page_000514_table_6 active=7
RECV b7c7 891/1000 rank=326 id=page_000202_table_box_id_0 latency=0.6267s status=ok active=6
SEND b7c7 898/1000 table=page_000223_table_box_id_2 active=7
RECV b7c7 894/1000 rank=456 id=page_000918_table_0 latency=0.3417s status=ok active=6
SEND b7c7 899/1000 table=page_000299_table_box_id_5 active=7
RECV b7c7 893/1000 rank=310 id=page_001368_table_box_id_229 latency=0.9413s status=ok active=6
SEND b7c7 900/1000 table=page_000256_table_box_id_1 active=7
RECV b7c7 900/1000 rank=527 id=page_000256_table_box_id_1 latency=0.1805s status=ok active=6
SEND b7c7 901/1000 table=page_000522_table_1 active=7
RECV b7c7 885/1000 rank=98 id=page_001178_table_0 latency=2.2233s status=ok active=6
SEND b7c7 902/1000 table=page_000230_table_box_id_7 active=7
RECV b7c7 901/1000 rank=452 id=page_000522_table_1 latency=0.2881s status=ok active=6
SEND b7c7 903/1000 table=page_000633_table_5 active=7
RECV b7c7 886/1000 rank=81 id=page_001192_table_2 latency=2.4073s status=ok active=6
SEND b7c7 904/1000 table=page_001167_table_2 active=7
RECV b7c7 897/1000 rank=209 id=page_000514_table_6 latency=1.1741s status=ok active=6
SEND b7c7 905/1000 table=page_000647_table_1 active=7
RECV b7c7 905/1000 rank=597 id=page_000647_table_1 latency=0.2322s status=ok active=6
SEND b7c7 906/1000 table=page_000465_table_4 active=7
RECV b7c7 904/1000 rank=422 id=page_001167_table_2 latency=0.5485s status=ok active=6
SEND b7c7 907/1000 table=page_000643_table_4 active=7
RECV b7c7 906/1000 rank=328 id=page_000465_table_4 latency=0.5269s status=ok active=6
SEND b7c7 908/1000 table=page_001136_table_4 active=7
RECV b7c7 898/1000 rank=114 id=page_000223_table_box_id_2 latency=1.9387s status=ok active=6
SEND b7c7 909/1000 table=page_000932_table_3 active=7
RECV b7c7 899/1000 rank=116 id=page_000299_table_box_id_5 latency=1.9546s status=ok active=6
SEND b7c7 910/1000 table=page_001408_table_16 active=7
RECV b7c7 910/1000 rank=652 id=page_001408_table_16 latency=0.1522s status=ok active=6
SEND b7c7 911/1000 table=page_000252_table_box_id_1 active=7
RECV b7c7 909/1000 rank=381 id=page_000932_table_3 latency=0.4751s status=ok active=6
SEND b7c7 912/1000 table=page_001197_table_4 active=7
RECV b7c7 908/1000 rank=407 id=page_001136_table_4 latency=0.6237s status=ok active=6
SEND b7c7 913/1000 table=page_001209_table_4 active=7
RECV b7c7 913/1000 rank=524 id=page_001209_table_4 latency=0.1899s status=ok active=6
SEND b7c7 914/1000 table=page_000510_table_10 active=7
RECV b7c7 896/1000 rank=63 id=page_001275_table_3 latency=2.8640s status=ok active=6
SEND b7c7 915/1000 table=page_000649_table_8 active=7
RECV b7c7 902/1000 rank=87 id=page_000230_table_box_id_7 latency=2.0072s status=ok active=6
SEND b7c7 916/1000 table=page_001413_table_7 active=7
RECV b7c7 914/1000 rank=548 id=page_000510_table_10 latency=0.2441s status=ok active=6
SEND b7c7 917/1000 table=page_001121_table_10 active=7
RECV b7c7 911/1000 rank=197 id=page_000252_table_box_id_1 latency=1.0428s status=ok active=6
SEND b7c7 918/1000 table=page_000499_table_0 active=7
RECV b7c7 915/1000 rank=442 id=page_000649_table_8 latency=0.4070s status=ok active=6
SEND b7c7 919/1000 table=page_000945_table_4 active=7
RECV b7c7 916/1000 rank=484 id=page_001413_table_7 latency=0.3795s status=ok active=6
SEND b7c7 920/1000 table=page_000523_table_0 active=7
RECV b7c7 919/1000 rank=306 id=page_000945_table_4 latency=0.5335s status=ok active=6
SEND b7c7 921/1000 table=page_000534_table_4 active=7
RECV b7c7 920/1000 rank=312 id=page_000523_table_0 latency=0.6996s status=ok active=6
SEND b7c7 922/1000 table=page_000269_table_box_id_1 active=7
RECV b7c7 918/1000 rank=246 id=page_000499_table_0 latency=0.7893s status=ok active=6
SEND b7c7 923/1000 table=page_000542_table_0 active=7
RECV b7c7 903/1000 rank=53 id=page_000633_table_5 latency=3.1539s status=ok active=6
SEND b7c7 924/1000 table=page_000933_table_10 active=7
RECV b7c7 912/1000 rank=131 id=page_001197_table_4 latency=1.7535s status=ok active=6
SEND b7c7 925/1000 table=page_000829_table_4 active=7
RECV b7c7 922/1000 rank=537 id=page_000269_table_box_id_1 latency=0.3444s status=ok active=6
SEND b7c7 926/1000 table=page_001186_table_5 active=7
RECV b7c7 926/1000 rank=595 id=page_001186_table_5 latency=0.1215s status=ok active=6
SEND b7c7 927/1000 table=page_001196_table_13 active=7
RECV b7c7 924/1000 rank=504 id=page_000933_table_10 latency=0.2843s status=ok active=6
SEND b7c7 928/1000 table=page_001367_table_68 active=7
RECV b7c7 925/1000 rank=491 id=page_000829_table_4 latency=0.2896s status=ok active=6
SEND b7c7 929/1000 table=page_000250_table_box_id_4 active=7
RECV b7c7 917/1000 rank=135 id=page_001121_table_10 latency=1.7688s status=ok active=6
SEND b7c7 930/1000 table=page_001117_table_box_id_17 active=7
RECV b7c7 930/1000 rank=146 id=page_001117_table_box_id_17 latency=0.1215s status=ok active=6
SEND b7c7 931/1000 table=page_001368_table_box_id_163 active=7
RECV b7c7 921/1000 rank=221 id=page_000534_table_4 latency=1.1231s status=ok active=6
SEND b7c7 932/1000 table=page_000918_table_6 active=7
RECV b7c7 931/1000 rank=651 id=page_001368_table_box_id_163 latency=0.0641s status=ok active=6
SEND b7c7 933/1000 table=page_001124_table_17 active=7
RECV b7c7 932/1000 rank=577 id=page_000918_table_6 latency=0.1757s status=ok active=6
SEND b7c7 934/1000 table=page_000838_table_1 active=7
RECV b7c7 923/1000 rank=219 id=page_000542_table_0 latency=1.1000s status=ok active=6
SEND b7c7 935/1000 table=page_000824_table_0 active=7
RECV b7c7 934/1000 rank=556 id=page_000838_table_1 latency=0.2232s status=ok active=6
SEND b7c7 936/1000 table=page_001368_table_box_id_263 active=7
RECV b7c7 907/1000 rank=39 id=page_000643_table_4 latency=3.8267s status=ok active=6
SEND b7c7 937/1000 table=page_000626_table_box_id_4 active=7
RECV b7c7 928/1000 rank=235 id=page_001367_table_68 latency=1.0682s status=ok active=6
SEND b7c7 938/1000 table=page_000205_table_box_id_13 active=7
RECV b7c7 933/1000 rank=364 id=page_001124_table_17 latency=0.5827s status=ok active=6
SEND b7c7 939/1000 table=page_000245_table_box_id_0 active=7
RECV b7c7 927/1000 rank=199 id=page_001196_table_13 latency=1.0987s status=ok active=6
SEND b7c7 940/1000 table=page_001134_table_10 active=7
RECV b7c7 935/1000 rank=268 id=page_000824_table_0 latency=0.8460s status=ok active=6
SEND b7c7 941/1000 table=page_000929_table_0 active=7
RECV b7c7 938/1000 rank=282 id=page_000205_table_box_id_13 latency=0.8020s status=ok active=6
SEND b7c7 942/1000 table=page_001125_table_9 active=7
RECV b7c7 941/1000 rank=307 id=page_000929_table_0 latency=0.4541s status=ok active=6
SEND b7c7 943/1000 table=page_000195_table_box_id_0 active=7
RECV b7c7 936/1000 rank=191 id=page_001368_table_box_id_263 latency=1.2146s status=ok active=6
SEND b7c7 944/1000 table=page_001368_table_box_id_161 active=7
RECV b7c7 939/1000 rank=177 id=page_000245_table_box_id_0 latency=1.2404s status=ok active=6
SEND b7c7 945/1000 table=page_001141_table_19 active=7
RECV b7c7 929/1000 rank=86 id=page_000250_table_box_id_4 latency=2.2979s status=ok active=6
SEND b7c7 946/1000 table=page_000821_table_box_id_29 active=7
RECV b7c7 946/1000 rank=490 id=page_000821_table_box_id_29 latency=0.2556s status=ok active=6
SEND b7c7 947/1000 table=page_000800_table_10 active=7
RECV b7c7 945/1000 rank=480 id=page_001141_table_19 latency=0.2970s status=ok active=6
SEND b7c7 948/1000 table=page_000781_table_0 active=7
RECV b7c7 947/1000 rank=653 id=page_000800_table_10 latency=0.0525s status=ok active=6
SEND b7c7 949/1000 table=page_000225_table_box_id_13 active=7
RECV b7c7 948/1000 rank=619 id=page_000781_table_0 latency=0.1849s status=ok active=6
SEND b7c7 950/1000 table=page_000433_table_13 active=7
RECV b7c7 944/1000 rank=332 id=page_001368_table_box_id_161 latency=0.7204s status=ok active=6
SEND b7c7 951/1000 table=page_000273_table_box_id_1 active=7
RECV b7c7 940/1000 rank=134 id=page_001134_table_10 latency=1.7265s status=ok active=6
SEND b7c7 952/1000 table=page_000697_table_9 active=7
RECV b7c7 950/1000 rank=525 id=page_000433_table_13 latency=0.3434s status=ok active=6
SEND b7c7 953/1000 table=page_000758_table_21 active=7
RECV b7c7 952/1000 rank=489 id=page_000697_table_9 latency=0.3996s status=ok active=6
SEND b7c7 954/1000 table=page_001189_table_box_id_2 active=7
RECV b7c7 953/1000 rank=636 id=page_000758_table_21 latency=0.0815s status=ok active=6
SEND b7c7 955/1000 table=page_000715_table_14 active=7
RECV b7c7 943/1000 rank=169 id=page_000195_table_box_id_0 latency=1.3888s status=ok active=6
SEND b7c7 956/1000 table=page_000207_table_box_id_1 active=7
RECV b7c7 955/1000 rank=618 id=page_000715_table_14 latency=0.1502s status=ok active=6
SEND b7c7 957/1000 table=page_000552_table_9 active=7
RECV b7c7 954/1000 rank=423 id=page_001189_table_box_id_2 latency=0.4755s status=ok active=6
SEND b7c7 958/1000 table=page_001150_table_box_id_9 active=7
RECV b7c7 957/1000 rank=579 id=page_000552_table_9 latency=0.3195s status=ok active=6
SEND b7c7 959/1000 table=page_000763_table_2 active=7
RECV b7c7 949/1000 rank=200 id=page_000225_table_box_id_13 latency=1.2231s status=ok active=6
SEND b7c7 960/1000 table=page_001164_table_9 active=7
RECV b7c7 959/1000 rank=624 id=page_000763_table_2 latency=0.1957s status=ok active=6
SEND b7c7 961/1000 table=page_001184_table_10 active=7
RECV b7c7 961/1000 rank=573 id=page_001184_table_10 latency=0.2476s status=ok active=6
SEND b7c7 962/1000 table=page_000010_table_box_id_1 active=7
RECV b7c7 942/1000 rank=89 id=page_001125_table_9 latency=2.3640s status=ok active=6
SEND b7c7 963/1000 table=page_000218_table_box_id_4 active=7
RECV b7c7 962/1000 rank=48 id=page_000010_table_box_id_1 latency=0.3497s status=ok active=6
SEND b7c7 964/1000 table=page_000258_table_box_id_5 active=7
RECV b7c7 958/1000 rank=255 id=page_001150_table_box_id_9 latency=0.8363s status=ok active=6
SEND b7c7 965/1000 table=page_001356_table_3 active=7
RECV b7c7 964/1000 rank=470 id=page_000258_table_box_id_5 latency=0.3145s status=ok active=6
SEND b7c7 966/1000 table=page_001137_table_9 active=7
RECV b7c7 965/1000 rank=433 id=page_001356_table_3 latency=0.3333s status=ok active=6
SEND b7c7 967/1000 table=page_000465_table_5 active=7
RECV b7c7 937/1000 rank=37 id=page_000626_table_box_id_4 latency=3.8459s status=ok active=6
SEND b7c7 968/1000 table=page_000658_table_32 active=7
RECV b7c7 968/1000 rank=658 id=page_000658_table_32 latency=0.1652s status=ok active=6
SEND b7c7 969/1000 table=page_000419_table_4 active=7
RECV b7c7 956/1000 rank=102 id=page_000207_table_box_id_1 latency=1.9909s status=ok active=6
SEND b7c7 970/1000 table=page_000229_table_box_id_7 active=7
RECV b7c7 963/1000 rank=180 id=page_000218_table_box_id_4 latency=1.1798s status=ok active=6
SEND b7c7 971/1000 table=page_000861_table_5 active=7
RECV b7c7 967/1000 rank=340 id=page_000465_table_5 latency=0.6563s status=ok active=6
SEND b7c7 972/1000 table=page_000221_table_box_id_3 active=7
RECV b7c7 970/1000 rank=474 id=page_000229_table_box_id_7 latency=0.2671s status=ok active=6
SEND b7c7 973/1000 table=page_000763_table_7 active=7
RECV b7c7 973/1000 rank=647 id=page_000763_table_7 latency=0.4911s status=ok active=6
SEND b7c7 974/1000 table=page_000266_table_box_id_1 active=7
RECV b7c7 969/1000 rank=160 id=page_000419_table_4 latency=1.2318s status=ok active=6
SEND b7c7 975/1000 table=page_001368_table_box_id_276 active=7
RECV b7c7 975/1000 rank=638 id=page_001368_table_box_id_276 latency=0.0762s status=ok active=6
SEND b7c7 976/1000 table=page_001367_table_69 active=7
RECV b7c7 974/1000 rank=420 id=page_000266_table_box_id_1 latency=0.3688s status=ok active=6
SEND b7c7 977/1000 table=page_000864_table_30 active=7
RECV b7c7 977/1000 rank=620 id=page_000864_table_30 latency=0.0957s status=ok active=6
SEND b7c7 978/1000 table=page_000921_table_8 active=7
RECV b7c7 971/1000 rank=153 id=page_000861_table_5 latency=1.1587s status=ok active=6
SEND b7c7 979/1000 table=page_001367_table_73 active=7
RECV b7c7 976/1000 rank=446 id=page_001367_table_69 latency=0.3708s status=ok active=6
SEND b7c7 980/1000 table=page_000242_table_box-mhg591pb active=7
RECV b7c7 978/1000 rank=541 id=page_000921_table_8 latency=0.1911s status=ok active=6
SEND b7c7 981/1000 table=page_000673_table_1 active=7
RECV b7c7 979/1000 rank=555 id=page_001367_table_73 latency=0.1982s status=ok active=6
SEND b7c7 982/1000 table=page_000147_table_box_id_3 active=7
RECV b7c7 972/1000 rank=190 id=page_000221_table_box_id_3 latency=1.4042s status=ok active=6
SEND b7c7 983/1000 table=page_000229_table_box-pug9otka active=7
RECV b7c7 982/1000 rank=641 id=page_000147_table_box_id_3 latency=0.2119s status=ok active=6
SEND b7c7 984/1000 table=page_000942_table_3 active=7
RECV b7c7 960/1000 rank=45 id=page_001164_table_9 latency=3.1988s status=ok active=6
SEND b7c7 985/1000 table=page_000295_table_box_id_1 active=7
RECV b7c7 981/1000 rank=493 id=page_000673_table_1 latency=0.4384s status=ok active=6
SEND b7c7 986/1000 table=page_000265_table_box_id_3 active=7
RECV b7c7 983/1000 rank=503 id=page_000229_table_box-pug9otka latency=0.4716s status=ok active=6
SEND b7c7 987/1000 table=page_001169_table_11 active=7
RECV b7c7 966/1000 rank=67 id=page_001137_table_9 latency=2.6512s status=ok active=6
SEND b7c7 988/1000 table=page_001148_table_3 active=7
RECV b7c7 987/1000 rank=521 id=page_001169_table_11 latency=0.2799s status=ok active=6
SEND b7c7 989/1000 table=page_000636_table_5 active=7
RECV b7c7 951/1000 rank=22 id=page_000273_table_box_id_1 latency=4.8898s status=ok active=6
SEND b7c7 990/1000 table=page_001193_table_8 active=7
RECV b7c7 980/1000 rank=277 id=page_000242_table_box-mhg591pb latency=1.0299s status=ok active=6
SEND b7c7 991/1000 table=page_000632_table_6 active=7
RECV b7c7 984/1000 rank=279 id=page_000942_table_3 latency=0.9319s status=ok active=6
SEND b7c7 992/1000 table=page_000709_table_12 active=7
RECV b7c7 989/1000 rank=569 id=page_000636_table_5 latency=0.2880s status=ok active=6
SEND b7c7 993/1000 table=page_000911_table_box_id_5 active=7
RECV b7c7 992/1000 rank=634 id=page_000709_table_12 latency=0.0834s status=ok active=6
SEND b7c7 994/1000 table=page_001082_table_23 active=7
RECV b7c7 991/1000 rank=501 id=page_000632_table_6 latency=0.4455s status=ok active=6
SEND b7c7 995/1000 table=page_001132_table_box_id_10 active=7
RECV b7c7 993/1000 rank=356 id=page_000911_table_box_id_5 latency=0.5045s status=ok active=6
SEND b7c7 996/1000 table=page_000918_table_5 active=7
RECV b7c7 990/1000 rank=262 id=page_001193_table_8 latency=0.7837s status=ok active=6
SEND b7c7 997/1000 table=page_001368_table_box_id_218 active=7
RECV b7c7 986/1000 rank=165 id=page_000265_table_box_id_3 latency=1.4387s status=ok active=6
SEND b7c7 998/1000 table=page_001276_table_2 active=7
RECV b7c7 994/1000 rank=316 id=page_001082_table_23 latency=0.6358s status=ok active=6
SEND b7c7 999/1000 table=page_001176_table_4 active=7
RECV b7c7 996/1000 rank=513 id=page_000918_table_5 latency=0.2327s status=ok active=6
SEND b7c7 1000/1000 table=page_001398_table_box-1nnly5de active=7
RECV b7c7 995/1000 rank=227 id=page_001132_table_box_id_10 latency=0.9049s status=ok active=6
RECV b7c7 1000/1000 rank=386 id=page_001398_table_box-1nnly5de latency=0.5440s status=ok active=5
RECV b7c7 997/1000 rank=251 id=page_001368_table_box_id_218 latency=0.8324s status=ok active=4
RECV b7c7 988/1000 rank=88 id=page_001148_table_3 latency=2.0226s status=ok active=3
RECV b7c7 999/1000 rank=122 id=page_001176_table_4 latency=1.1879s status=ok active=2
RECV b7c7 998/1000 rank=18 id=page_001276_table_2 latency=3.4574s status=ok active=1
RECV b7c7 985/1000 rank=10 id=page_000295_table_box_id_1 latency=5.4326s status=ok active=0
DONE b7c7 requests=1000 failures=0 max_in_flight=7 wall=153.6542s qps=6.5081 p50=0.6179s p95=3.4715s max=8.0212s
