[npu] jit_compile=False; Conv3D NPU inference patch enabled
[setup] shard=0/1 pages=32 model=/workspace/models/MinerU2.5-Pro-2605-1.2B
[warmup] START pages=2 dataset_indices=[0, 1]
[W806 07:09:50.244927390 OpInterface.cpp:19419] Warning: torch_npu.npu_conv3d is deprecated and will be removed in future version. Use torch.nn.functional.conv3d instead. (function operator())
2026-08-06 07:10:07.417 | DEBUG    | mineru_vl_utils.mineru_client:parse_layout_output:239 - Layout raw output: 
<|box_start|>111 073 131 084<|box_end|><|ref_start|>page_number<|ref_end|><|rotate_up|>
<|box_start|>133 073 144 084<|box_end|><|ref_start|>page_number<|ref_end|><|rotate_up|>
<|box_start|>146 073 157 084<|box_end|><|ref_start|>page_number<|ref_end|><|rotate_up|>
<|box_start|>160 073 171 084<|box_end|><|ref_start|>page_number<|ref_end|><|rotate_up|>
<|box_start|>173 073 184 084<|box_end|><|ref_start|>page_number<|ref_end|><|rotate_up|>
<|box_start|>186 073 197 084<|box_end|><|ref_start|>page_number<|ref_end|><|rotate_up|>
<|box_start|>200 073 211 084<|box_end|><|ref_start|>page_number<|ref_end|><|rotate_up|>
<|box_start|>213 073 224 084<|box_end|><|ref_start|>page_number<|ref_end|><|rotate_up|>
<|box_start|>226 073 237 084<|box_end|><|ref_start|>page_number<|ref_end|><|rotate_up|>
<|box_start|>240 073 251 084<|box_end|><|ref_start|>page_number<|ref_end|><|rotate_up|>
<|box_start|>253 073 264 084<|box_end|><|ref_start|>page_number<|ref_end|><|rotate_up|>
<|box_start|>266 073 277 084<|box_end|><|ref_start|>page_number<|ref_end|><|rotate_up|>
<|box_start|>280 073 291 084<|box_end|><|ref_start|>page_number<|ref_end|><|rotate_up|>
<|box_start|>300 073 311 084<|box_end|><|ref_start|>page_number<|ref_end|><|rotate_up|>
<|box_start|>313 073 324 084<|box_end|><|ref_start|>page_number<|ref_end|><|rotate_up|>
<|box_start|>326 073 337 084<|box_end|><|ref_start|>page_number<|ref_end|><|rotate_up|>
<|box_start|>340 073 351 084<|box_end|><|ref_start|>page_number<|ref_end|><|rotate_up|>
<|box_start|>353 073 364 084<|box_end|><|ref_start|>page_number<|ref_end|><|rotate_up|>
<|box_start|>366 073 377 084<|box_end|><|ref_start|>page_number<|ref_end|><|rotate_up|>
<|box_start|>380 073 391 084<|box_end|><|ref_start|>page_number<|ref_end|><|rotate_up|>
<|box_start|>400 073 411 084<|box_end|><|ref_start|>page_number<|ref_end|><|rotate_up|>
<|box_start|>413 073 424 084<|box_end|><|ref_start|>page_number<|ref_end|><|rotate_up|>
<|box_start|>426 073 437 084<|box_end|><|ref_start|>page_number<|ref_end|><|rotate_up|>
<|box_start|>440 073 451 084<|box_end|><|ref_start|>page_number<|ref_end|><|rotate_up|>
<|box_start|>453 073 464 084<|box_end|><|ref_start|>page_number<|ref_end|><|rotate_up|>
<|box_start|>470 073 481 084<|box_end|><|ref_start|>page_number<|ref_end|><|rotate_up|>
<|box_start|>483 073 494 084<|box_end|><|ref_start|>page_number<|ref_end|><|rotate_up|>
<|box_start|>500 073 511 084<|box_end|><|ref_start|>page_number<|ref_end|><|rotate_up|>
<|box_start|>513 073 524 084<|box_end|><|ref_start|>page_number<|ref_end|><|rotate_up|>
<|box_start|>526 073 537 084<|box_end|><|ref_start|>page_number<|ref_end|><|rotate_up|>
<|box_start|>540 073 551 084<|box_end|><|ref_start|>page_number<|ref_end|><|rotate_up|>
<|box_start|>553 073 564 084<|box_end|><|ref_start|>page_number<|ref_end|><|rotate_up|>
<|box_start|>570 073 581 084<|box_end|><|ref_start|>page_number<|ref_end|><|rotate_up|>
<|box_start|>583 073 594 084<|box_end|><|ref_start|>page_number<|ref_end|><|rotate_up|>
<|box_start|>600 073 611 084<|box_end|><|ref_start|>page_number<|ref_end|><|rotate_up|>
<|box_start|>613 073 624 084<|box_end|><|ref_start|>page_number<|ref_end|><|rotate_up|>
<|box_start|>626 073 637 084<|box_end|><|ref_start|>page_number<|ref_end|><|rotate_up|>
<|box_start|>640 073 651 084<|box_end|><|ref_start|>page_number<|ref_end|><|rotate_up|>
<|box_start|>653 073 664 084<|box_end|><|ref_start|>page_number<|ref_end|><|rotate_up|>
<|box_start|>670 073 681 084<|box_end|><|ref_start|>page_number<|ref_end|><|rotate_up|>
<|box_start|>683 073 694 084<|box_end|><|ref_start|>page_number<|ref_end|><|rotate_up|>
<|box_start|>700 073 711 084<|box_end|><|ref_start|>page_number<|ref_end|><|rotate_up|>
<|box_start|>713 073 724 084<|box_end|><|ref_start|>page_number<|ref_end|><|rotate_up|>
<|box_start|>726 073 737 084<|box_end|><|ref_start|>page_number<|ref_end|><|rotate_up|>
<|box_start|>740 073 751 084<|box_end|><|ref_start|>page_number<|ref_end|><|rotate_up|>
<|box_start|>753 073 764 084<|box_end|><|ref_start|>page_number<|ref_end|><|rotate_up|>
<|box_start|>770 073 781 084<|box_end|><|ref_start|>page_number<|ref_end|><|rotate_up|>
<|box_start|>783 073 794 084<|box_end|><|ref_start|>page_number<|ref_end|><|rotate_up|>
<|box_start|>800 073 811 084<|box_end|><|ref_start|>page_number<|ref_end|><|rotate_up|>
<|box_start|>813 073 824 084<|box_end|><|ref_start|>page_number<|ref_end|><|rotate_up|>
<|box_start|>826 073 837 084<|box_end|><|ref_start|>page_number<|ref_end|><|rotate_up|>
<|box_start|>840 073 851 084<|box_end|><|ref_start|>page_number<|ref_end|><|rotate_up|>
<|box_start|>853 073 864 084<|box_end|><|ref_start|>page_number<|ref_end|><|rotate_up|>
<|box_start|>870 073 881 084<|box_end|><|ref_start|>page_number<|ref_end|><|rotate_up|>
<|box_start|>883 073 894 084<|box_end|><|ref_start|>page_number<|ref_end|><|rotate_up|>
<|box_start|>900 073 911 084<|box_end|><|ref_start|>page_number<|ref_end|><|rotate_up|>
<|box_start|>913 073 924 084<|box_end|><|ref_start|>page_number<|ref_end|><|rotate_up|>
<|box_start|>926 073 937 084<|box_end|><|ref_start|>page_number<|ref_end|><|rotate_up|>
<|box_start|>940 073 951 084<|box_end|><|ref_start|>page_number<|ref_end|><|rotate_up|>
<|box_start|>953 073 964 084<|box_end|><|ref_start|>page_number<|ref_end|><|rotate_up|>
<|box_start|>970 073 981 084<|box_end|><|ref_start|>page_number<|ref_end|><|rotate_up|>
<|box_start|>983 073 994 084<|box_end|><|ref_start|>page_number<|ref_end|><|rotate_up|>
<|box_start|>997 073 108 084<|box_end|><|ref_start|>page_number<|ref_end|><|rotate_up|>
<|box_start|>110 073 121 084<|box_end|><|ref_start|>page_number<|ref_end|><|rotate_up|>
<|box_start|>123 073 134 084<|box_end|><|ref_start|>page_number<|ref_end|><|rotate_up|>
<|box_start|>136 073 147 084<|box_end|><|ref_start|>page_number<|ref_end|><|rotate_up|>
<|box_start|>150 073 161 084<|box_end|><|ref_start|>page_number<|ref_end|><|rotate_up|>
<|box_start|>163 073 174 084<|box_end|><|ref_start|>page_number<|ref_end|><|rotate_up|>
<|box_start|>176 073 187 084<|box_end|><|ref_start|>page_number<|ref_end|><|rotate_up|>
<|box_start|>190 073 201 084<|box_end|><|ref_start|>page_number<|ref_end|><|rotate_up|>
<|box_start|>203 073 214 084<|box_end|><|ref_start|>page_number<|ref_end|><|rotate_up|>
<|box_start|>216 073 227 084<|box_end|><|ref_start|>page_number<|ref_end|><|rotate_up|>
<|box_start|>230 073 241 084<|box_end|><|ref_start|>page_number<|ref_end|><|rotate_up|>
<|box_start|>243 073 254 084<|box_end|><|ref_start|>page_number<|ref_end|><|rotate_up|>
<|box_start|>256 073 267 084<|box_end|><|ref_start|>page_number<|ref_end|><|rotate_up|>
<|box_start|>270 073 281 084<|box_end|><|ref_start|>page_number<|ref_end|><|rotate_up|>
<|box_start|>283 073 294 084<|box_end|><|ref_start|>page_number<|ref_end|><|rotate_up|>
<|box_start|>300 073 311 084<|box_end|><|ref_start|>page_number<|ref_end|><|rotate_up|>
<|box_start|>313 073 324 084<|box_end|><|ref_start|>page_number<|ref_end|><|rotate_up|>
<|box_start|>326 073 337 084<|box_end|><|ref_start|>page_number<|ref_end|><|rotate_up|>
<|box_start|>340 073 351 084<|box_end|><|ref_start|>page_number<|ref_end|><|rotate_up|>
<|box_start|>353 073 364 084<|box_end|><|ref_start|>page_number<|ref_end|><|rotate_up|>
<|box_start|>370 073 381 084<|box_end|><|ref_start|>page_number<|ref_end|><|rotate_up|>
<|box_start|>383 073 394 084<|box_end|><|ref_start|>page_number<|ref_end|><|rotate_up|>
<|box_start|>400 073 411 084<|box_end|><|ref_start|>page_number<|ref_end|><|rotate_up|>
<|box_start|>413 073 424 084<|box_end|><|ref_start|>page_number<|ref_end|><|rotate_up|>
<|box_start|>426 073 437 084<|box_end|><|ref_start|>page_number<|ref_end|><|rotate_up|>
<|box_start|>440 073 451 084<|box_end|><|ref_start|>page_number<|ref_end|><|rotate_up|>
<|box_start|>453 073 464 084<|box_end|><|ref_start|>page_number<|ref_end|><|rotate_up|>
<|box_start|>470 073 481 084<|box_end|><|ref_start|>page_number<|ref_end|><|rotate_up|>
<|box_start|>483 073 494 084<|box_end|><|ref_start|>page_number<|ref_end|><|rotate_up|>
<|box_start|>500 073 511 084<|box_end|><|ref_start|>page_number<|ref_end|><|rotate_up|>
<|box_start|>513 073 524 084<|box_end|><|ref_start|>page_number<|ref_end|><|rotate_up|>
<|box_start|>526 073 537 084<|box_end|><|ref_start|>page_number<|ref_end|><|rotate_up|>
<|box_start|>540 073 551 084<|box_end|><|ref_start|>page_number<|ref_end|><|rotate_up|>
<|box_start|>553 073 564 084<|box_end|><|ref_start|>page_number<|ref_end|><|rotate_up|>
<|box_start|>570 073 581 084<|box_end|><|ref_start|>page_number<|ref_end|><|rotate_up|>
<|box_start|>583 073 594 084<|box_end|><|ref_start|>page_number<|ref_end|><|rotate_up|>
<|box_start|>600 073 611 084<|box_end|><|ref_start|>page_number<|ref_end|><|rotate_up|>
<|box_start|>613 073 624 084<|box_end|><|ref_start|>page_number<|ref_end|><|rotate_up|>
<|box_start|>626 073 637 084<|box_end|><|ref_start|>page_number<|ref_end|><|rotate_up|>
<|box_start|>640 073 651 084<|box_end|><|ref_start|>page_number<|ref_end|><|rotate_up|>
<|box_start|>653 073 664 084<|box_end|><|ref_start|>page_number<|ref_end|><|rotate_up|>
<|box_start|>670 073 681 084<|box_end|><|ref_start|>page_number<|ref_end|><|rotate_up|>
<|box_start|>683 073 694 084<|box_end|><|ref_start|>page_number<|ref_end|><|rotate_up|>
<|box_start|>700 073 711 084<|box_end|><|ref_start|>page_number<|ref_end|><|rotate_up|>
<|box_start|>713 073 724 084<|box_end|><|ref_start|>page_number<|ref_end|><|rotate_up|>
<|box_start|>726 073 737 084<|box_end|><|ref_start|>page_number<|ref_end|><|rotate_up|>
<|box_start|>740 073 751 084<|box_end|><|ref_start|>page_number<|ref_end|><|rotate_up|>
<|box_start|>753 073 764 084<|box_end|><|ref_start|>page_number<|ref_end|><|rotate_up|>
<|box_start|>770 073 781 084<|box_end|><|ref_start|>page_number<|ref_end|><|rotate_up|>
<|box_start|>783 073 794 084<|box_end|><|ref_start|>page_number<|ref_end|><|rotate_up|>
<|box_start|>800 073 811 084<|box_end|><|ref_start|>page_number<|ref_end|><|rotate_up|>
<|box_start|>813 073 824 084<|box_end|><|ref_start|>page_number<|ref_end|><|rotate_up|>
<|box_start|>826 073 837 084<|box_end|><|ref_start|>page_number<|ref_end|><|rotate_up|>
<|box_start|>840 073 851 084<|box_end|><|ref_start|>page_number<|ref_end|><|rotate_up|>
<|box_start|>853 073 864 084<|box_end|><|ref_start|>page_number<|ref_end|><|rotate_up|>
<|box_start|>870 073 881 084<|box_end|><|ref_start|>page_number<|ref_end|><|rotate_up|>
<|box_start|>883 073 894 084<|box_end|><|ref_start|>page_number<|ref_end|><|rotate_up|>
<|box_start|>900 073 911 084<|box_end|><|ref_start|>page_number<|ref_end|><|rotate_up|>
<|box_start|>913 073 924 084<|box_end|><|ref_start|>page_number<|ref_end|><|rotate_up|>
<|box_start|>926 073 937 084<|box_end|><|ref_start|>page_number<|ref_end|><|rotate_up|>
<|box_start|>940 073 951 084<|box_end|><|ref_start|>page_number<|ref_end|><|rotate_up|>
<|box_start|>953 073 964 084<|box_end|><|ref_start|>page_number<|ref_end|><|rotate_up|>
<|box_start|>970 073 981 084<|box_end|><|ref_start|>page_number<|ref_end|><|rotate_up|>
<|box_start|>983 073 994 084<|box_end|><|ref_start|>page_number<|ref_end|><|rotate_up|>
<|box_start|>997 073 108 084<|box_end|><|ref_start|>page_number<|ref_end|><|rotate_up|>
<|box_start|>110 073 121 084<|box_end|><|ref_start|>page_number<|ref_end|><|rotate_up|>
<|box_start|>123 073 134 084<|box_end|><|ref_start|>page_number<|ref_end|><|rotate_up|>
<|box_start|>136 073 147 084<|box_end|><|ref_start|>page_number<|ref_end|><|rotate_up|>
<|box_start|>150 073 161 084<|box_end|><|ref_start|>page_number<|ref_end|><|rotate_up|>
<|box_start|>163 073 174 084<|box_end|><|ref_start|>page_number<|ref_end|><|rotate_up|>
<|box_start|>176 073 187 084<|box_end|><|ref_start|>page_number<|ref_end|><|rotate_up|>
<|box_start|>190 073 201 084<|box_end|><|ref_start|>page_number<|ref_end|><|rotate_up|>
<|box_start|>203 073 214 084<|box_end|><|ref_start|>page_number<|ref_end|><|rotate_up|>
<|box_start|>216 073 227 084<|box_end|><|ref_start|>page_number<|ref_end|><|rotate_up|>
<|box_start|>229 073 241 084<|box_end|><|ref_start|>page_number<|ref_end|><|rotate_up|>
<|box_start|>243 073 254 084<|box_end|><|ref_start|>page_number<|ref_end|><|rotate_up|>
<|box_start|>256 073 267 084<|box_end|><|ref_start|>page_number<|ref_end|><|rotate_up|>
<|box_start|>270 073 281 084<|box_end|><|ref_start|>page_number<|ref_end|><|rotate_up|>
<|box_start|>283 073 294 084<|box_end|><|ref_start|>page_number<|ref_end|><|rotate_up|>
<|box_start|>296 073 307 084<|box_end|><|ref_start|>page_number<|ref_end|><|rotate_up|>
<|box_start|>310 073 321 084<|box_end|><|ref_start|>page_number<|ref_end|><|rotate_up|>
<|box_start|>323 073 334 084<|box_end|><|ref_start|>page_number<|ref_end|><|rotate_up|>
<|box_start|>336 073 347 084<|box_end|><|ref_start|>page_number<|ref_end|><|rotate_up|>
<|box_start|>350 07
2026-08-06 07:10:07.421 | DEBUG    | mineru_vl_utils.mineru_client:parse_layout_output:239 - Layout raw output: 
<|box_start|>130 021 140 031<|box_end|><|ref_start|>page_number<|ref_end|><|rotate_up|>
<|box_start|>141 021 150 031<|box_end|><|ref_start|>page_number<|ref_end|><|rotate_up|>
<|box_start|>151 021 160 031<|box_end|><|ref_start|>page_number<|ref_end|><|rotate_up|>
<|box_start|>161 021 170 031<|box_end|><|ref_start|>page_number<|ref_end|><|rotate_up|>
<|box_start|>171 021 180 031<|box_end|><|ref_start|>page_number<|ref_end|><|rotate_up|>
<|box_start|>181 021 190 031<|box_end|><|ref_start|>page_number<|ref_end|><|rotate_up|>
<|box_start|>191 021 200 031<|box_end|><|ref_start|>page_number<|ref_end|><|rotate_up|>
<|box_start|>201 021 210 031<|box_end|><|ref_start|>page_number<|ref_end|><|rotate_up|>
<|box_start|>211 021 220 031<|box_end|><|ref_start|>page_number<|ref_end|><|rotate_up|>
<|box_start|>221 021 230 031<|box_end|><|ref_start|>page_number<|ref_end|><|rotate_up|>
<|box_start|>231 021 240 031<|box_end|><|ref_start|>page_number<|ref_end|><|rotate_up|>
<|box_start|>241 021 250 031<|box_end|><|ref_start|>page_number<|ref_end|><|rotate_up|>
<|box_start|>251 021 260 031<|box_end|><|ref_start|>page_number<|ref_end|><|rotate_up|>
<|box_start|>261 021 270 031<|box_end|><|ref_start|>page_number<|ref_end|><|rotate_up|>
<|box_start|>271 021 280 031<|box_end|><|ref_start|>page_number<|ref_end|><|rotate_up|>
<|box_start|>281 021 290 031<|box_end|><|ref_start|>page_number<|ref_end|><|rotate_up|>
<|box_start|>291 021 300 031<|box_end|><|ref_start|>page_number<|ref_end|><|rotate_up|>
<|box_start|>301 021 310 031<|box_end|><|ref_start|>page_number<|ref_end|><|rotate_up|>
<|box_start|>311 021 320 031<|box_end|><|ref_start|>page_number<|ref_end|><|rotate_up|>
<|box_start|>321 021 330 031<|box_end|><|ref_start|>page_number<|ref_end|><|rotate_up|>
<|box_start|>331 021 340 031<|box_end|><|ref_start|>page_number<|ref_end|><|rotate_up|>
<|box_start|>341 021 350 031<|box_end|><|ref_start|>page_number<|ref_end|><|rotate_up|>
<|box_start|>351 021 360 031<|box_end|><|ref_start|>page_number<|ref_end|><|rotate_up|>
<|box_start|>361 021 370 031<|box_end|><|ref_start|>page_number<|ref_end|><|rotate_up|>
<|box_start|>371 021 380 031<|box_end|><|ref_start|>page_number<|ref_end|><|rotate_up|>
<|box_start|>381 021 390 031<|box_end|><|ref_start|>page_number<|ref_end|><|rotate_up|>
<|box_start|>391 021 400 031<|box_end|><|ref_start|>page_number<|ref_end|><|rotate_up|>
<|box_start|>401 021 410 031<|box_end|><|ref_start|>page_number<|ref_end|><|rotate_up|>
<|box_start|>411 021 420 031<|box_end|><|ref_start|>page_number<|ref_end|><|rotate_up|>
<|box_start|>421 021 430 031<|box_end|><|ref_start|>page_number<|ref_end|><|rotate_up|>
<|box_start|>431 021 440 031<|box_end|><|ref_start|>page_number<|ref_end|><|rotate_up|>
<|box_start|>441 021 450 031<|box_end|><|ref_start|>page_number<|ref_end|><|rotate_up|>
<|box_start|>451 021 460 031<|box_end|><|ref_start|>page_number<|ref_end|><|rotate_up|>
<|box_start|>461 021 470 031<|box_end|><|ref_start|>page_number<|ref_end|><|rotate_up|>
<|box_start|>471 021 480 031<|box_end|><|ref_start|>page_number<|ref_end|><|rotate_up|>
<|box_start|>481 021 490 031<|box_end|><|ref_start|>page_number<|ref_end|><|rotate_up|>
<|box_start|>491 021 500 031<|box_end|><|ref_start|>page_number<|ref_end|><|rotate_up|>
<|box_start|>501 021 510 031<|box_end|><|ref_start|>page_number<|ref_end|><|rotate_up|>
<|box_start|>511 021 520 031<|box_end|><|ref_start|>page_number<|ref_end|><|rotate_up|>
<|box_start|>521 021 530 031<|box_end|><|ref_start|>page_number<|ref_end|><|rotate_up|>
<|box_start|>531 021 540 031<|box_end|><|ref_start|>page_number<|ref_end|><|rotate_up|>
<|box_start|>541 021 550 031<|box_end|><|ref_start|>page_number<|ref_end|><|rotate_up|>
<|box_start|>551 021 560 031<|box_end|><|ref_start|>page_number<|ref_end|><|rotate_up|>
<|box_start|>561 021 570 031<|box_end|><|ref_start|>page_number<|ref_end|><|rotate_up|>
<|box_start|>571 021 580 031<|box_end|><|ref_start|>page_number<|ref_end|><|rotate_up|>
<|box_start|>581 021 590 031<|box_end|><|ref_start|>page_number<|ref_end|><|rotate_up|>
<|box_start|>591 021 600 031<|box_end|><|ref_start|>page_number<|ref_end|><|rotate_up|>
<|box_start|>601 021 610 031<|box_end|><|ref_start|>page_number<|ref_end|><|rotate_up|>
<|box_start|>611 021 620 031<|box_end|><|ref_start|>page_number<|ref_end|><|rotate_up|>
<|box_start|>621 021 630 031<|box_end|><|ref_start|>page_number<|ref_end|><|rotate_up|>
<|box_start|>631 021 640 031<|box_end|><|ref_start|>page_number<|ref_end|><|rotate_up|>
<|box_start|>641 021 650 031<|box_end|><|ref_start|>page_number<|ref_end|><|rotate_up|>
<|box_start|>651 021 660 031<|box_end|><|ref_start|>page_number<|ref_end|><|rotate_up|>
<|box_start|>661 021 670 031<|box_end|><|ref_start|>page_number<|ref_end|><|rotate_up|>
<|box_start|>671 021 680 031<|box_end|><|ref_start|>page_number<|ref_end|><|rotate_up|>
<|box_start|>681 021 690 031<|box_end|><|ref_start|>page_number<|ref_end|><|rotate_up|>
<|box_start|>691 021 700 031<|box_end|><|ref_start|>page_number<|ref_end|><|rotate_up|>
<|box_start|>701 021 710 031<|box_end|><|ref_start|>page_number<|ref_end|><|rotate_up|>
<|box_start|>711 021 720 031<|box_end|><|ref_start|>page_number<|ref_end|><|rotate_up|>
<|box_start|>721 021 730 031<|box_end|><|ref_start|>page_number<|ref_end|><|rotate_up|>
<|box_start|>731 021 740 031<|box_end|><|ref_start|>page_number<|ref_end|><|rotate_up|>
<|box_start|>741 021 750 031<|box_end|><|ref_start|>page_number<|ref_end|><|rotate_up|>
<|box_start|>751 021 760 031<|box_end|><|ref_start|>page_number<|ref_end|><|rotate_up|>
<|box_start|>761 021 770 031<|box_end|><|ref_start|>page_number<|ref_end|><|rotate_up|>
<|box_start|>771 021 780 031<|box_end|><|ref_start|>page_number<|ref_end|><|rotate_up|>
<|box_start|>781 021 790 031<|box_end|><|ref_start|>page_number<|ref_end|><|rotate_up|>
<|box_start|>791 021 800 031<|box_end|><|ref_start|>page_number<|ref_end|><|rotate_up|>
<|box_start|>801 021 810 031<|box_end|><|ref_start|>page_number<|ref_end|><|rotate_up|>
<|box_start|>811 021 820 031<|box_end|><|ref_start|>page_number<|ref_end|><|rotate_up|>
<|box_start|>821 021 830 031<|box_end|><|ref_start|>page_number<|ref_end|><|rotate_up|>
<|box_start|>831 021 840 031<|box_end|><|ref_start|>page_number<|ref_end|><|rotate_up|>
<|box_start|>841 021 850 031<|box_end|><|ref_start|>page_number<|ref_end|><|rotate_up|>
<|box_start|>851 021 860 031<|box_end|><|ref_start|>page_number<|ref_end|><|rotate_up|>
<|box_start|>861 021 870 031<|box_end|><|ref_start|>page_number<|ref_end|><|rotate_up|>
<|box_start|>871 021 880 031<|box_end|><|ref_start|>page_number<|ref_end|><|rotate_up|>
<|box_start|>881 021 890 031<|box_end|><|ref_start|>page_number<|ref_end|><|rotate_up|>
<|box_start|>891 021 900 031<|box_end|><|ref_start|>page_number<|ref_end|><|rotate_up|>
<|box_start|>901 021 910 031<|box_end|><|ref_start|>page_number<|ref_end|><|rotate_up|>
<|box_start|>911 021 920 031<|box_end|><|ref_start|>page_number<|ref_end|><|rotate_up|>
<|box_start|>921 021 930 031<|box_end|><|ref_start|>page_number<|ref_end|><|rotate_up|>
<|box_start|>931 021 940 031<|box_end|><|ref_start|>page_number<|ref_end|><|rotate_up|>
<|box_start|>941 021 950 031<|box_end|><|ref_start|>page_number<|ref_end|><|rotate_up|>
<|box_start|>951 021 960 031<|box_end|><|ref_start|>page_number<|ref_end|><|rotate_up|>
<|box_start|>961 021 970 031<|box_end|><|ref_start|>page_number<|ref_end|><|rotate_up|>
<|box_start|>971 021 980 031<|box_end|><|ref_start|>page_number<|ref_end|><|rotate_up|>
<|box_start|>981 021 990 031<|box_end|><|ref_start|>page_number<|ref_end|><|rotate_up|>
<|box_start|>130 031 140 032<|box_end|><|ref_start|>page_number<|ref_end|><|rotate_up|>
<|box_start|>141 031 150 032<|box_end|><|ref_start|>page_number<|ref_end|><|rotate_up|>
<|box_start|>151 031 160 032<|box_end|><|ref_start|>page_number<|ref_end|><|rotate_up|>
<|box_start|>161 031 170 032<|box_end|><|ref_start|>page_number<|ref_end|><|rotate_up|>
<|box_start|>171 031 180 032<|box_end|><|ref_start|>page_number<|ref_end|><|rotate_up|>
<|box_start|>181 031 190 032<|box_end|><|ref_start|>page_number<|ref_end|><|rotate_up|>
<|box_start|>191 031 200 032<|box_end|><|ref_start|>page_number<|ref_end|><|rotate_up|>
<|box_start|>201 031 210 032<|box_end|><|ref_start|>page_number<|ref_end|><|rotate_up|>
<|box_start|>211 031 220 032<|box_end|><|ref_start|>page_number<|ref_end|><|rotate_up|>
<|box_start|>221 031 230 032<|box_end|><|ref_start|>page_number<|ref_end|><|rotate_up|>
<|box_start|>231 031 240 032<|box_end|><|ref_start|>page_number<|ref_end|><|rotate_up|>
<|box_start|>241 031 250 032<|box_end|><|ref_start|>page_number<|ref_end|><|rotate_up|>
<|box_start|>251 031 260 032<|box_end|><|ref_start|>page_number<|ref_end|><|rotate_up|>
<|box_start|>261 031 270 032<|box_end|><|ref_start|>page_number<|ref_end|><|rotate_up|>
<|box_start|>271 031 280 032<|box_end|><|ref_start|>page_number<|ref_end|><|rotate_up|>
<|box_start|>281 031 290 032<|box_end|><|ref_start|>page_number<|ref_end|><|rotate_up|>
<|box_start|>291 031 300 032<|box_end|><|ref_start|>page_number<|ref_end|><|rotate_up|>
<|box_start|>301 031 310 032<|box_end|><|ref_start|>page_number<|ref_end|><|rotate_up|>
<|box_start|>311 031 320 032<|box_end|><|ref_start|>page_number<|ref_end|><|rotate_up|>
<|box_start|>321 031 330 032<|box_end|><|ref_start|>page_number<|ref_end|><|rotate_up|>
<|box_start|>331 031 340 032<|box_end|><|ref_start|>page_number<|ref_end|><|rotate_up|>
<|box_start|>341 031 350 032<|box_end|><|ref_start|>page_number<|ref_end|><|rotate_up|>
<|box_start|>351 031 360 032<|box_end|><|ref_start|>page_number<|ref_end|><|rotate_up|>
<|box_start|>361 031 370 032<|box_end|><|ref_start|>page_number<|ref_end|><|rotate_up|>
<|box_start|>371 031 380 032<|box_end|><|ref_start|>page_number<|ref_end|><|rotate_up|>
<|box_start|>381 031 390 032<|box_end|><|ref_start|>page_number<|ref_end|><|rotate_up|>
<|box_start|>391 031 400 032<|box_end|><|ref_start|>page_number<|ref_end|><|rotate_up|>
<|box_start|>401 031 410 032<|box_end|><|ref_start|>page_number<|ref_end|><|rotate_up|>
<|box_start|>411 031 420 032<|box_end|><|ref_start|>page_number<|ref_end|><|rotate_up|>
<|box_start|>421 031 430 032<|box_end|><|ref_start|>page_number<|ref_end|><|rotate_up|>
<|box_start|>431 031 440 032<|box_end|><|ref_start|>page_number<|ref_end|><|rotate_up|>
<|box_start|>441 031 450 032<|box_end|><|ref_start|>page_number<|ref_end|><|rotate_up|>
<|box_start|>451 031 460 032<|box_end|><|ref_start|>page_number<|ref_end|><|rotate_up|>
<|box_start|>461 031 470 032<|box_end|><|ref_start|>page_number<|ref_end|><|rotate_up|>
<|box_start|>471 031 480 032<|box_end|><|ref_start|>page_number<|ref_end|><|rotate_up|>
<|box_start|>481 031 490 032<|box_end|><|ref_start|>page_number<|ref_end|><|rotate_up|>
<|box_start|>491 031 500 032<|box_end|><|ref_start|>page_number<|ref_end|><|rotate_up|>
<|box_start|>501 031 510 032<|box_end|><|ref_start|>page_number<|ref_end|><|rotate_up|>
<|box_start|>511 031 520 032<|box_end|><|ref_start|>page_number<|ref_end|><|rotate_up|>
<|box_start|>521 031 530 032<|box_end|><|ref_start|>page_number<|ref_end|><|rotate_up|>
<|box_start|>531 031 540 032<|box_end|><|ref_start|>page_number<|ref_end|><|rotate_up|>
<|box_start|>541 031 550 032<|box_end|><|ref_start|>page_number<|ref_end|><|rotate_up|>
<|box_start|>551 031 560 032<|box_end|><|ref_start|>page_number<|ref_end|><|rotate_up|>
<|box_start|>561 031 570 032<|box_end|><|ref_start|>page_number<|ref_end|><|rotate_up|>
<|box_start|>571 031 580 032<|box_end|><|ref_start|>page_number<|ref_end|><|rotate_up|>
<|box_start|>581 031 590 032<|box_end|><|ref_start|>page_number<|ref_end|><|rotate_up|>
<|box_start|>591 031 600 032<|box_end|><|ref_start|>page_number<|ref_end|><|rotate_up|>
<|box_start|>601 031 610 032<|box_end|><|ref_start|>page_number<|ref_end|><|rotate_up|>
<|box_start|>611 031 620 032<|box_end|><|ref_start|>page_number<|ref_end|><|rotate_up|>
<|box_start|>621 031 630 032<|box_end|><|ref_start|>page_number<|ref_end|><|rotate_up|>
<|box_start|>631 031 640 032<|box_end|><|ref_start|>page_number<|ref_end|><|rotate_up|>
<|box_start|>641 031 650 032<|box_end|><|ref_start|>page_number<|ref_end|><|rotate_up|>
<|box_start|>651 031 660 032<|box_end|><|ref_start|>page_number<|ref_end|><|rotate_up|>
<|box_start|>661 031 670 032<|box_end|><|ref_start|>page_number<|ref_end|><|rotate_up|>
<|box_start|>671 031 680 032<|box_end|><|ref_start|>page_number<|ref_end|><|rotate_up|>
<|box_start|>681 031 690 032<|box_end|><|ref_start|>page_number<|ref_end|><|rotate_up|>
<|box_start|>691 031 700 032<|box_end|><|ref_start|>page_number<|ref_end|><|rotate_up|>
<|box_start|>701 031 710 032<|box_end|><|ref_start|>page_number<|ref_end|><|rotate_up|>
<|box_start|>711 031 720 032<|box_end|><|ref_start|>page_number<|ref_end|><|rotate_up|>
<|box_start|>721 03
[warmup] DONE pages=2 elapsed_s=24.447; outputs discarded; measurement counters reset
[setup] complete elapsed_s=27.316
[group 1/1] START pages=32 dataset_indices=[0, 1, 2, 3, 4, 5, 6, 7, 8, 9, 10, 11, 12, 13, 14, 15, 16, 17, 18, 19, 20, 21, 22, 23, 24, 25, 26, 27, 28, 29, 30, 31]
2026-08-06 07:10:43.648 | DEBUG    | mineru_vl_utils.mineru_client:parse_layout_output:239 - Layout raw output: 
<|box_start|>111 073 131 084<|box_end|><|ref_start|>page_number<|ref_end|><|rotate_up|>
<|box_start|>133 073 144 084<|box_end|><|ref_start|>page_number<|ref_end|><|rotate_up|>
<|box_start|>146 073 157 084<|box_end|><|ref_start|>page_number<|ref_end|><|rotate_up|>
<|box_start|>160 073 171 084<|box_end|><|ref_start|>page_number<|ref_end|><|rotate_up|>
<|box_start|>173 073 184 084<|box_end|><|ref_start|>page_number<|ref_end|><|rotate_up|>
<|box_start|>186 073 197 084<|box_end|><|ref_start|>page_number<|ref_end|><|rotate_up|>
<|box_start|>200 073 211 084<|box_end|><|ref_start|>page_number<|ref_end|><|rotate_up|>
<|box_start|>213 073 224 084<|box_end|><|ref_start|>page_number<|ref_end|><|rotate_up|>
<|box_start|>226 073 237 084<|box_end|><|ref_start|>page_number<|ref_end|><|rotate_up|>
<|box_start|>240 073 251 084<|box_end|><|ref_start|>page_number<|ref_end|><|rotate_up|>
<|box_start|>253 073 264 084<|box_end|><|ref_start|>page_number<|ref_end|><|rotate_up|>
<|box_start|>266 073 277 084<|box_end|><|ref_start|>page_number<|ref_end|><|rotate_up|>
<|box_start|>280 073 291 084<|box_end|><|ref_start|>page_number<|ref_end|><|rotate_up|>
<|box_start|>300 073 311 084<|box_end|><|ref_start|>page_number<|ref_end|><|rotate_up|>
<|box_start|>313 073 324 084<|box_end|><|ref_start|>page_number<|ref_end|><|rotate_up|>
<|box_start|>326 073 337 084<|box_end|><|ref_start|>page_number<|ref_end|><|rotate_up|>
<|box_start|>340 073 351 084<|box_end|><|ref_start|>page_number<|ref_end|><|rotate_up|>
<|box_start|>353 073 364 084<|box_end|><|ref_start|>page_number<|ref_end|><|rotate_up|>
<|box_start|>366 073 377 084<|box_end|><|ref_start|>page_number<|ref_end|><|rotate_up|>
<|box_start|>380 073 391 084<|box_end|><|ref_start|>page_number<|ref_end|><|rotate_up|>
<|box_start|>400 073 411 084<|box_end|><|ref_start|>page_number<|ref_end|><|rotate_up|>
<|box_start|>413 073 424 084<|box_end|><|ref_start|>page_number<|ref_end|><|rotate_up|>
<|box_start|>426 073 437 084<|box_end|><|ref_start|>page_number<|ref_end|><|rotate_up|>
<|box_start|>440 073 451 084<|box_end|><|ref_start|>page_number<|ref_end|><|rotate_up|>
<|box_start|>453 073 464 084<|box_end|><|ref_start|>page_number<|ref_end|><|rotate_up|>
<|box_start|>470 073 481 084<|box_end|><|ref_start|>page_number<|ref_end|><|rotate_up|>
<|box_start|>483 073 494 084<|box_end|><|ref_start|>page_number<|ref_end|><|rotate_up|>
<|box_start|>500 073 511 084<|box_end|><|ref_start|>page_number<|ref_end|><|rotate_up|>
<|box_start|>513 073 524 084<|box_end|><|ref_start|>page_number<|ref_end|><|rotate_up|>
<|box_start|>526 073 537 084<|box_end|><|ref_start|>page_number<|ref_end|><|rotate_up|>
<|box_start|>540 073 551 084<|box_end|><|ref_start|>page_number<|ref_end|><|rotate_up|>
<|box_start|>553 073 564 084<|box_end|><|ref_start|>page_number<|ref_end|><|rotate_up|>
<|box_start|>570 073 581 084<|box_end|><|ref_start|>page_number<|ref_end|><|rotate_up|>
<|box_start|>583 073 594 084<|box_end|><|ref_start|>page_number<|ref_end|><|rotate_up|>
<|box_start|>600 073 611 084<|box_end|><|ref_start|>page_number<|ref_end|><|rotate_up|>
<|box_start|>613 073 624 084<|box_end|><|ref_start|>page_number<|ref_end|><|rotate_up|>
<|box_start|>626 073 637 084<|box_end|><|ref_start|>page_number<|ref_end|><|rotate_up|>
<|box_start|>640 073 651 084<|box_end|><|ref_start|>page_number<|ref_end|><|rotate_up|>
<|box_start|>653 073 664 084<|box_end|><|ref_start|>page_number<|ref_end|><|rotate_up|>
<|box_start|>670 073 681 084<|box_end|><|ref_start|>page_number<|ref_end|><|rotate_up|>
<|box_start|>683 073 694 084<|box_end|><|ref_start|>page_number<|ref_end|><|rotate_up|>
<|box_start|>700 073 711 084<|box_end|><|ref_start|>page_number<|ref_end|><|rotate_up|>
<|box_start|>713 073 724 084<|box_end|><|ref_start|>page_number<|ref_end|><|rotate_up|>
<|box_start|>726 073 737 084<|box_end|><|ref_start|>page_number<|ref_end|><|rotate_up|>
<|box_start|>740 073 751 084<|box_end|><|ref_start|>page_number<|ref_end|><|rotate_up|>
<|box_start|>753 073 764 084<|box_end|><|ref_start|>page_number<|ref_end|><|rotate_up|>
<|box_start|>770 073 781 084<|box_end|><|ref_start|>page_number<|ref_end|><|rotate_up|>
<|box_start|>783 073 794 084<|box_end|><|ref_start|>page_number<|ref_end|><|rotate_up|>
<|box_start|>800 073 811 084<|box_end|><|ref_start|>page_number<|ref_end|><|rotate_up|>
<|box_start|>813 073 824 084<|box_end|><|ref_start|>page_number<|ref_end|><|rotate_up|>
<|box_start|>826 073 837 084<|box_end|><|ref_start|>page_number<|ref_end|><|rotate_up|>
<|box_start|>840 073 851 084<|box_end|><|ref_start|>page_number<|ref_end|><|rotate_up|>
<|box_start|>853 073 864 084<|box_end|><|ref_start|>page_number<|ref_end|><|rotate_up|>
<|box_start|>870 073 881 084<|box_end|><|ref_start|>page_number<|ref_end|><|rotate_up|>
<|box_start|>883 073 894 084<|box_end|><|ref_start|>page_number<|ref_end|><|rotate_up|>
<|box_start|>900 073 911 084<|box_end|><|ref_start|>page_number<|ref_end|><|rotate_up|>
<|box_start|>913 073 924 084<|box_end|><|ref_start|>page_number<|ref_end|><|rotate_up|>
<|box_start|>926 073 937 084<|box_end|><|ref_start|>page_number<|ref_end|><|rotate_up|>
<|box_start|>940 073 951 084<|box_end|><|ref_start|>page_number<|ref_end|><|rotate_up|>
<|box_start|>953 073 964 084<|box_end|><|ref_start|>page_number<|ref_end|><|rotate_up|>
<|box_start|>970 073 981 084<|box_end|><|ref_start|>page_number<|ref_end|><|rotate_up|>
<|box_start|>983 073 994 084<|box_end|><|ref_start|>page_number<|ref_end|><|rotate_up|>
<|box_start|>997 073 108 084<|box_end|><|ref_start|>page_number<|ref_end|><|rotate_up|>
<|box_start|>110 073 121 084<|box_end|><|ref_start|>page_number<|ref_end|><|rotate_up|>
<|box_start|>123 073 134 084<|box_end|><|ref_start|>page_number<|ref_end|><|rotate_up|>
<|box_start|>136 073 147 084<|box_end|><|ref_start|>page_number<|ref_end|><|rotate_up|>
<|box_start|>150 073 161 084<|box_end|><|ref_start|>page_number<|ref_end|><|rotate_up|>
<|box_start|>163 073 174 084<|box_end|><|ref_start|>page_number<|ref_end|><|rotate_up|>
<|box_start|>176 073 187 084<|box_end|><|ref_start|>page_number<|ref_end|><|rotate_up|>
<|box_start|>190 073 201 084<|box_end|><|ref_start|>page_number<|ref_end|><|rotate_up|>
<|box_start|>203 073 214 084<|box_end|><|ref_start|>page_number<|ref_end|><|rotate_up|>
<|box_start|>216 073 227 084<|box_end|><|ref_start|>page_number<|ref_end|><|rotate_up|>
<|box_start|>230 073 241 084<|box_end|><|ref_start|>page_number<|ref_end|><|rotate_up|>
<|box_start|>243 073 254 084<|box_end|><|ref_start|>page_number<|ref_end|><|rotate_up|>
<|box_start|>256 073 267 084<|box_end|><|ref_start|>page_number<|ref_end|><|rotate_up|>
<|box_start|>270 073 281 084<|box_end|><|ref_start|>page_number<|ref_end|><|rotate_up|>
<|box_start|>283 073 294 084<|box_end|><|ref_start|>page_number<|ref_end|><|rotate_up|>
<|box_start|>300 073 311 084<|box_end|><|ref_start|>page_number<|ref_end|><|rotate_up|>
<|box_start|>313 073 324 084<|box_end|><|ref_start|>page_number<|ref_end|><|rotate_up|>
<|box_start|>326 073 337 084<|box_end|><|ref_start|>page_number<|ref_end|><|rotate_up|>
<|box_start|>340 073 351 084<|box_end|><|ref_start|>page_number<|ref_end|><|rotate_up|>
<|box_start|>353 073 364 084<|box_end|><|ref_start|>page_number<|ref_end|><|rotate_up|>
<|box_start|>370 073 381 084<|box_end|><|ref_start|>page_number<|ref_end|><|rotate_up|>
<|box_start|>383 073 394 084<|box_end|><|ref_start|>page_number<|ref_end|><|rotate_up|>
<|box_start|>400 073 411 084<|box_end|><|ref_start|>page_number<|ref_end|><|rotate_up|>
<|box_start|>413 073 424 084<|box_end|><|ref_start|>page_number<|ref_end|><|rotate_up|>
<|box_start|>426 073 437 084<|box_end|><|ref_start|>page_number<|ref_end|><|rotate_up|>
<|box_start|>440 073 451 084<|box_end|><|ref_start|>page_number<|ref_end|><|rotate_up|>
<|box_start|>453 073 464 084<|box_end|><|ref_start|>page_number<|ref_end|><|rotate_up|>
<|box_start|>470 073 481 084<|box_end|><|ref_start|>page_number<|ref_end|><|rotate_up|>
<|box_start|>483 073 494 084<|box_end|><|ref_start|>page_number<|ref_end|><|rotate_up|>
<|box_start|>500 073 511 084<|box_end|><|ref_start|>page_number<|ref_end|><|rotate_up|>
<|box_start|>513 073 524 084<|box_end|><|ref_start|>page_number<|ref_end|><|rotate_up|>
<|box_start|>526 073 537 084<|box_end|><|ref_start|>page_number<|ref_end|><|rotate_up|>
<|box_start|>540 073 551 084<|box_end|><|ref_start|>page_number<|ref_end|><|rotate_up|>
<|box_start|>553 073 564 084<|box_end|><|ref_start|>page_number<|ref_end|><|rotate_up|>
<|box_start|>570 073 581 084<|box_end|><|ref_start|>page_number<|ref_end|><|rotate_up|>
<|box_start|>583 073 594 084<|box_end|><|ref_start|>page_number<|ref_end|><|rotate_up|>
<|box_start|>600 073 611 084<|box_end|><|ref_start|>page_number<|ref_end|><|rotate_up|>
<|box_start|>613 073 624 084<|box_end|><|ref_start|>page_number<|ref_end|><|rotate_up|>
<|box_start|>626 073 637 084<|box_end|><|ref_start|>page_number<|ref_end|><|rotate_up|>
<|box_start|>640 073 651 084<|box_end|><|ref_start|>page_number<|ref_end|><|rotate_up|>
<|box_start|>653 073 664 084<|box_end|><|ref_start|>page_number<|ref_end|><|rotate_up|>
<|box_start|>670 073 681 084<|box_end|><|ref_start|>page_number<|ref_end|><|rotate_up|>
<|box_start|>683 073 694 084<|box_end|><|ref_start|>page_number<|ref_end|><|rotate_up|>
<|box_start|>700 073 711 084<|box_end|><|ref_start|>page_number<|ref_end|><|rotate_up|>
<|box_start|>713 073 724 084<|box_end|><|ref_start|>page_number<|ref_end|><|rotate_up|>
<|box_start|>726 073 737 084<|box_end|><|ref_start|>page_number<|ref_end|><|rotate_up|>
<|box_start|>740 073 751 084<|box_end|><|ref_start|>page_number<|ref_end|><|rotate_up|>
<|box_start|>753 073 764 084<|box_end|><|ref_start|>page_number<|ref_end|><|rotate_up|>
<|box_start|>770 073 781 084<|box_end|><|ref_start|>page_number<|ref_end|><|rotate_up|>
<|box_start|>783 073 794 084<|box_end|><|ref_start|>page_number<|ref_end|><|rotate_up|>
<|box_start|>800 073 811 084<|box_end|><|ref_start|>page_number<|ref_end|><|rotate_up|>
<|box_start|>813 073 824 084<|box_end|><|ref_start|>page_number<|ref_end|><|rotate_up|>
<|box_start|>826 073 837 084<|box_end|><|ref_start|>page_number<|ref_end|><|rotate_up|>
<|box_start|>840 073 851 084<|box_end|><|ref_start|>page_number<|ref_end|><|rotate_up|>
<|box_start|>853 073 864 084<|box_end|><|ref_start|>page_number<|ref_end|><|rotate_up|>
<|box_start|>870 073 881 084<|box_end|><|ref_start|>page_number<|ref_end|><|rotate_up|>
<|box_start|>883 073 894 084<|box_end|><|ref_start|>page_number<|ref_end|><|rotate_up|>
<|box_start|>900 073 911 084<|box_end|><|ref_start|>page_number<|ref_end|><|rotate_up|>
<|box_start|>913 073 924 084<|box_end|><|ref_start|>page_number<|ref_end|><|rotate_up|>
<|box_start|>926 073 937 084<|box_end|><|ref_start|>page_number<|ref_end|><|rotate_up|>
<|box_start|>940 073 951 084<|box_end|><|ref_start|>page_number<|ref_end|><|rotate_up|>
<|box_start|>953 073 964 084<|box_end|><|ref_start|>page_number<|ref_end|><|rotate_up|>
<|box_start|>970 073 981 084<|box_end|><|ref_start|>page_number<|ref_end|><|rotate_up|>
<|box_start|>983 073 994 084<|box_end|><|ref_start|>page_number<|ref_end|><|rotate_up|>
<|box_start|>997 073 108 084<|box_end|><|ref_start|>page_number<|ref_end|><|rotate_up|>
<|box_start|>110 073 121 084<|box_end|><|ref_start|>page_number<|ref_end|><|rotate_up|>
<|box_start|>123 073 134 084<|box_end|><|ref_start|>page_number<|ref_end|><|rotate_up|>
<|box_start|>136 073 147 084<|box_end|><|ref_start|>page_number<|ref_end|><|rotate_up|>
<|box_start|>150 073 161 084<|box_end|><|ref_start|>page_number<|ref_end|><|rotate_up|>
<|box_start|>163 073 174 084<|box_end|><|ref_start|>page_number<|ref_end|><|rotate_up|>
<|box_start|>176 073 187 084<|box_end|><|ref_start|>page_number<|ref_end|><|rotate_up|>
<|box_start|>190 073 201 084<|box_end|><|ref_start|>page_number<|ref_end|><|rotate_up|>
<|box_start|>203 073 214 084<|box_end|><|ref_start|>page_number<|ref_end|><|rotate_up|>
<|box_start|>216 073 227 084<|box_end|><|ref_start|>page_number<|ref_end|><|rotate_up|>
<|box_start|>229 073 241 084<|box_end|><|ref_start|>page_number<|ref_end|><|rotate_up|>
<|box_start|>243 073 254 084<|box_end|><|ref_start|>page_number<|ref_end|><|rotate_up|>
<|box_start|>256 073 267 084<|box_end|><|ref_start|>page_number<|ref_end|><|rotate_up|>
<|box_start|>270 073 281 084<|box_end|><|ref_start|>page_number<|ref_end|><|rotate_up|>
<|box_start|>283 073 294 084<|box_end|><|ref_start|>page_number<|ref_end|><|rotate_up|>
<|box_start|>296 073 307 084<|box_end|><|ref_start|>page_number<|ref_end|><|rotate_up|>
<|box_start|>310 073 321 084<|box_end|><|ref_start|>page_number<|ref_end|><|rotate_up|>
<|box_start|>323 073 334 084<|box_end|><|ref_start|>page_number<|ref_end|><|rotate_up|>
<|box_start|>336 073 347 084<|box_end|><|ref_start|>page_number<|ref_end|><|rotate_up|>
<|box_start|>350 07
2026-08-06 07:10:43.651 | DEBUG    | mineru_vl_utils.mineru_client:parse_layout_output:239 - Layout raw output: 
<|box_start|>130 021 140 031<|box_end|><|ref_start|>page_number<|ref_end|><|rotate_up|>
<|box_start|>141 021 150 031<|box_end|><|ref_start|>page_number<|ref_end|><|rotate_up|>
<|box_start|>151 021 160 031<|box_end|><|ref_start|>page_number<|ref_end|><|rotate_up|>
<|box_start|>161 021 170 031<|box_end|><|ref_start|>page_number<|ref_end|><|rotate_up|>
<|box_start|>171 021 180 031<|box_end|><|ref_start|>page_number<|ref_end|><|rotate_up|>
<|box_start|>181 021 190 031<|box_end|><|ref_start|>page_number<|ref_end|><|rotate_up|>
<|box_start|>191 021 200 031<|box_end|><|ref_start|>page_number<|ref_end|><|rotate_up|>
<|box_start|>201 021 210 031<|box_end|><|ref_start|>page_number<|ref_end|><|rotate_up|>
<|box_start|>211 021 220 031<|box_end|><|ref_start|>page_number<|ref_end|><|rotate_up|>
<|box_start|>221 021 230 031<|box_end|><|ref_start|>page_number<|ref_end|><|rotate_up|>
<|box_start|>231 021 240 031<|box_end|><|ref_start|>page_number<|ref_end|><|rotate_up|>
<|box_start|>241 021 250 031<|box_end|><|ref_start|>page_number<|ref_end|><|rotate_up|>
<|box_start|>251 021 260 031<|box_end|><|ref_start|>page_number<|ref_end|><|rotate_up|>
<|box_start|>261 021 270 031<|box_end|><|ref_start|>page_number<|ref_end|><|rotate_up|>
<|box_start|>271 021 280 031<|box_end|><|ref_start|>page_number<|ref_end|><|rotate_up|>
<|box_start|>281 021 290 031<|box_end|><|ref_start|>page_number<|ref_end|><|rotate_up|>
<|box_start|>291 021 300 031<|box_end|><|ref_start|>page_number<|ref_end|><|rotate_up|>
<|box_start|>301 021 310 031<|box_end|><|ref_start|>page_number<|ref_end|><|rotate_up|>
<|box_start|>311 021 320 031<|box_end|><|ref_start|>page_number<|ref_end|><|rotate_up|>
<|box_start|>321 021 330 031<|box_end|><|ref_start|>page_number<|ref_end|><|rotate_up|>
<|box_start|>331 021 340 031<|box_end|><|ref_start|>page_number<|ref_end|><|rotate_up|>
<|box_start|>341 021 350 031<|box_end|><|ref_start|>page_number<|ref_end|><|rotate_up|>
<|box_start|>351 021 360 031<|box_end|><|ref_start|>page_number<|ref_end|><|rotate_up|>
<|box_start|>361 021 370 031<|box_end|><|ref_start|>page_number<|ref_end|><|rotate_up|>
<|box_start|>371 021 380 031<|box_end|><|ref_start|>page_number<|ref_end|><|rotate_up|>
<|box_start|>381 021 390 031<|box_end|><|ref_start|>page_number<|ref_end|><|rotate_up|>
<|box_start|>391 021 400 031<|box_end|><|ref_start|>page_number<|ref_end|><|rotate_up|>
<|box_start|>401 021 410 031<|box_end|><|ref_start|>page_number<|ref_end|><|rotate_up|>
<|box_start|>411 021 420 031<|box_end|><|ref_start|>page_number<|ref_end|><|rotate_up|>
<|box_start|>421 021 430 031<|box_end|><|ref_start|>page_number<|ref_end|><|rotate_up|>
<|box_start|>431 021 440 031<|box_end|><|ref_start|>page_number<|ref_end|><|rotate_up|>
<|box_start|>441 021 450 031<|box_end|><|ref_start|>page_number<|ref_end|><|rotate_up|>
<|box_start|>451 021 460 031<|box_end|><|ref_start|>page_number<|ref_end|><|rotate_up|>
<|box_start|>461 021 470 031<|box_end|><|ref_start|>page_number<|ref_end|><|rotate_up|>
<|box_start|>471 021 480 031<|box_end|><|ref_start|>page_number<|ref_end|><|rotate_up|>
<|box_start|>481 021 490 031<|box_end|><|ref_start|>page_number<|ref_end|><|rotate_up|>
<|box_start|>491 021 500 031<|box_end|><|ref_start|>page_number<|ref_end|><|rotate_up|>
<|box_start|>501 021 510 031<|box_end|><|ref_start|>page_number<|ref_end|><|rotate_up|>
<|box_start|>511 021 520 031<|box_end|><|ref_start|>page_number<|ref_end|><|rotate_up|>
<|box_start|>521 021 530 031<|box_end|><|ref_start|>page_number<|ref_end|><|rotate_up|>
<|box_start|>531 021 540 031<|box_end|><|ref_start|>page_number<|ref_end|><|rotate_up|>
<|box_start|>541 021 550 031<|box_end|><|ref_start|>page_number<|ref_end|><|rotate_up|>
<|box_start|>551 021 560 031<|box_end|><|ref_start|>page_number<|ref_end|><|rotate_up|>
<|box_start|>561 021 570 031<|box_end|><|ref_start|>page_number<|ref_end|><|rotate_up|>
<|box_start|>571 021 580 031<|box_end|><|ref_start|>page_number<|ref_end|><|rotate_up|>
<|box_start|>581 021 590 031<|box_end|><|ref_start|>page_number<|ref_end|><|rotate_up|>
<|box_start|>591 021 600 031<|box_end|><|ref_start|>page_number<|ref_end|><|rotate_up|>
<|box_start|>601 021 610 031<|box_end|><|ref_start|>page_number<|ref_end|><|rotate_up|>
<|box_start|>611 021 620 031<|box_end|><|ref_start|>page_number<|ref_end|><|rotate_up|>
<|box_start|>621 021 630 031<|box_end|><|ref_start|>page_number<|ref_end|><|rotate_up|>
<|box_start|>631 021 640 031<|box_end|><|ref_start|>page_number<|ref_end|><|rotate_up|>
<|box_start|>641 021 650 031<|box_end|><|ref_start|>page_number<|ref_end|><|rotate_up|>
<|box_start|>651 021 660 031<|box_end|><|ref_start|>page_number<|ref_end|><|rotate_up|>
<|box_start|>661 021 670 031<|box_end|><|ref_start|>page_number<|ref_end|><|rotate_up|>
<|box_start|>671 021 680 031<|box_end|><|ref_start|>page_number<|ref_end|><|rotate_up|>
<|box_start|>681 021 690 031<|box_end|><|ref_start|>page_number<|ref_end|><|rotate_up|>
<|box_start|>691 021 700 031<|box_end|><|ref_start|>page_number<|ref_end|><|rotate_up|>
<|box_start|>701 021 710 031<|box_end|><|ref_start|>page_number<|ref_end|><|rotate_up|>
<|box_start|>711 021 720 031<|box_end|><|ref_start|>page_number<|ref_end|><|rotate_up|>
<|box_start|>721 021 730 031<|box_end|><|ref_start|>page_number<|ref_end|><|rotate_up|>
<|box_start|>731 021 740 031<|box_end|><|ref_start|>page_number<|ref_end|><|rotate_up|>
<|box_start|>741 021 750 031<|box_end|><|ref_start|>page_number<|ref_end|><|rotate_up|>
<|box_start|>751 021 760 031<|box_end|><|ref_start|>page_number<|ref_end|><|rotate_up|>
<|box_start|>761 021 770 031<|box_end|><|ref_start|>page_number<|ref_end|><|rotate_up|>
<|box_start|>771 021 780 031<|box_end|><|ref_start|>page_number<|ref_end|><|rotate_up|>
<|box_start|>781 021 790 031<|box_end|><|ref_start|>page_number<|ref_end|><|rotate_up|>
<|box_start|>791 021 800 031<|box_end|><|ref_start|>page_number<|ref_end|><|rotate_up|>
<|box_start|>801 021 810 031<|box_end|><|ref_start|>page_number<|ref_end|><|rotate_up|>
<|box_start|>811 021 820 031<|box_end|><|ref_start|>page_number<|ref_end|><|rotate_up|>
<|box_start|>821 021 830 031<|box_end|><|ref_start|>page_number<|ref_end|><|rotate_up|>
<|box_start|>831 021 840 031<|box_end|><|ref_start|>page_number<|ref_end|><|rotate_up|>
<|box_start|>841 021 850 031<|box_end|><|ref_start|>page_number<|ref_end|><|rotate_up|>
<|box_start|>851 021 860 031<|box_end|><|ref_start|>page_number<|ref_end|><|rotate_up|>
<|box_start|>861 021 870 031<|box_end|><|ref_start|>page_number<|ref_end|><|rotate_up|>
<|box_start|>871 021 880 031<|box_end|><|ref_start|>page_number<|ref_end|><|rotate_up|>
<|box_start|>881 021 890 031<|box_end|><|ref_start|>page_number<|ref_end|><|rotate_up|>
<|box_start|>891 021 900 031<|box_end|><|ref_start|>page_number<|ref_end|><|rotate_up|>
<|box_start|>901 021 910 031<|box_end|><|ref_start|>page_number<|ref_end|><|rotate_up|>
<|box_start|>911 021 920 031<|box_end|><|ref_start|>page_number<|ref_end|><|rotate_up|>
<|box_start|>921 021 930 031<|box_end|><|ref_start|>page_number<|ref_end|><|rotate_up|>
<|box_start|>931 021 940 031<|box_end|><|ref_start|>page_number<|ref_end|><|rotate_up|>
<|box_start|>941 021 950 031<|box_end|><|ref_start|>page_number<|ref_end|><|rotate_up|>
<|box_start|>951 021 960 031<|box_end|><|ref_start|>page_number<|ref_end|><|rotate_up|>
<|box_start|>961 021 970 031<|box_end|><|ref_start|>page_number<|ref_end|><|rotate_up|>
<|box_start|>971 021 980 031<|box_end|><|ref_start|>page_number<|ref_end|><|rotate_up|>
<|box_start|>981 021 990 031<|box_end|><|ref_start|>page_number<|ref_end|><|rotate_up|>
<|box_start|>130 031 140 032<|box_end|><|ref_start|>page_number<|ref_end|><|rotate_up|>
<|box_start|>141 031 150 032<|box_end|><|ref_start|>page_number<|ref_end|><|rotate_up|>
<|box_start|>151 031 160 032<|box_end|><|ref_start|>page_number<|ref_end|><|rotate_up|>
<|box_start|>161 031 170 032<|box_end|><|ref_start|>page_number<|ref_end|><|rotate_up|>
<|box_start|>171 031 180 032<|box_end|><|ref_start|>page_number<|ref_end|><|rotate_up|>
<|box_start|>181 031 190 032<|box_end|><|ref_start|>page_number<|ref_end|><|rotate_up|>
<|box_start|>191 031 200 032<|box_end|><|ref_start|>page_number<|ref_end|><|rotate_up|>
<|box_start|>201 031 210 032<|box_end|><|ref_start|>page_number<|ref_end|><|rotate_up|>
<|box_start|>211 031 220 032<|box_end|><|ref_start|>page_number<|ref_end|><|rotate_up|>
<|box_start|>221 031 230 032<|box_end|><|ref_start|>page_number<|ref_end|><|rotate_up|>
<|box_start|>231 031 240 032<|box_end|><|ref_start|>page_number<|ref_end|><|rotate_up|>
<|box_start|>241 031 250 032<|box_end|><|ref_start|>page_number<|ref_end|><|rotate_up|>
<|box_start|>251 031 260 032<|box_end|><|ref_start|>page_number<|ref_end|><|rotate_up|>
<|box_start|>261 031 270 032<|box_end|><|ref_start|>page_number<|ref_end|><|rotate_up|>
<|box_start|>271 031 280 032<|box_end|><|ref_start|>page_number<|ref_end|><|rotate_up|>
<|box_start|>281 031 290 032<|box_end|><|ref_start|>page_number<|ref_end|><|rotate_up|>
<|box_start|>291 031 300 032<|box_end|><|ref_start|>page_number<|ref_end|><|rotate_up|>
<|box_start|>301 031 310 032<|box_end|><|ref_start|>page_number<|ref_end|><|rotate_up|>
<|box_start|>311 031 320 032<|box_end|><|ref_start|>page_number<|ref_end|><|rotate_up|>
<|box_start|>321 031 330 032<|box_end|><|ref_start|>page_number<|ref_end|><|rotate_up|>
<|box_start|>331 031 340 032<|box_end|><|ref_start|>page_number<|ref_end|><|rotate_up|>
<|box_start|>341 031 350 032<|box_end|><|ref_start|>page_number<|ref_end|><|rotate_up|>
<|box_start|>351 031 360 032<|box_end|><|ref_start|>page_number<|ref_end|><|rotate_up|>
<|box_start|>361 031 370 032<|box_end|><|ref_start|>page_number<|ref_end|><|rotate_up|>
<|box_start|>371 031 380 032<|box_end|><|ref_start|>page_number<|ref_end|><|rotate_up|>
<|box_start|>381 031 390 032<|box_end|><|ref_start|>page_number<|ref_end|><|rotate_up|>
<|box_start|>391 031 400 032<|box_end|><|ref_start|>page_number<|ref_end|><|rotate_up|>
<|box_start|>401 031 410 032<|box_end|><|ref_start|>page_number<|ref_end|><|rotate_up|>
<|box_start|>411 031 420 032<|box_end|><|ref_start|>page_number<|ref_end|><|rotate_up|>
<|box_start|>421 031 430 032<|box_end|><|ref_start|>page_number<|ref_end|><|rotate_up|>
<|box_start|>431 031 440 032<|box_end|><|ref_start|>page_number<|ref_end|><|rotate_up|>
<|box_start|>441 031 450 032<|box_end|><|ref_start|>page_number<|ref_end|><|rotate_up|>
<|box_start|>451 031 460 032<|box_end|><|ref_start|>page_number<|ref_end|><|rotate_up|>
<|box_start|>461 031 470 032<|box_end|><|ref_start|>page_number<|ref_end|><|rotate_up|>
<|box_start|>471 031 480 032<|box_end|><|ref_start|>page_number<|ref_end|><|rotate_up|>
<|box_start|>481 031 490 032<|box_end|><|ref_start|>page_number<|ref_end|><|rotate_up|>
<|box_start|>491 031 500 032<|box_end|><|ref_start|>page_number<|ref_end|><|rotate_up|>
<|box_start|>501 031 510 032<|box_end|><|ref_start|>page_number<|ref_end|><|rotate_up|>
<|box_start|>511 031 520 032<|box_end|><|ref_start|>page_number<|ref_end|><|rotate_up|>
<|box_start|>521 031 530 032<|box_end|><|ref_start|>page_number<|ref_end|><|rotate_up|>
<|box_start|>531 031 540 032<|box_end|><|ref_start|>page_number<|ref_end|><|rotate_up|>
<|box_start|>541 031 550 032<|box_end|><|ref_start|>page_number<|ref_end|><|rotate_up|>
<|box_start|>551 031 560 032<|box_end|><|ref_start|>page_number<|ref_end|><|rotate_up|>
<|box_start|>561 031 570 032<|box_end|><|ref_start|>page_number<|ref_end|><|rotate_up|>
<|box_start|>571 031 580 032<|box_end|><|ref_start|>page_number<|ref_end|><|rotate_up|>
<|box_start|>581 031 590 032<|box_end|><|ref_start|>page_number<|ref_end|><|rotate_up|>
<|box_start|>591 031 600 032<|box_end|><|ref_start|>page_number<|ref_end|><|rotate_up|>
<|box_start|>601 031 610 032<|box_end|><|ref_start|>page_number<|ref_end|><|rotate_up|>
<|box_start|>611 031 620 032<|box_end|><|ref_start|>page_number<|ref_end|><|rotate_up|>
<|box_start|>621 031 630 032<|box_end|><|ref_start|>page_number<|ref_end|><|rotate_up|>
<|box_start|>631 031 640 032<|box_end|><|ref_start|>page_number<|ref_end|><|rotate_up|>
<|box_start|>641 031 650 032<|box_end|><|ref_start|>page_number<|ref_end|><|rotate_up|>
<|box_start|>651 031 660 032<|box_end|><|ref_start|>page_number<|ref_end|><|rotate_up|>
<|box_start|>661 031 670 032<|box_end|><|ref_start|>page_number<|ref_end|><|rotate_up|>
<|box_start|>671 031 680 032<|box_end|><|ref_start|>page_number<|ref_end|><|rotate_up|>
<|box_start|>681 031 690 032<|box_end|><|ref_start|>page_number<|ref_end|><|rotate_up|>
<|box_start|>691 031 700 032<|box_end|><|ref_start|>page_number<|ref_end|><|rotate_up|>
<|box_start|>701 031 710 032<|box_end|><|ref_start|>page_number<|ref_end|><|rotate_up|>
<|box_start|>711 031 720 032<|box_end|><|ref_start|>page_number<|ref_end|><|rotate_up|>
<|box_start|>721 03
2026-08-06 07:10:43.654 | DEBUG    | mineru_vl_utils.mineru_client:parse_layout_output:239 - Layout raw output: 
<|box_start|>299 000 999 014<|box_end|><|ref_start|>header<|ref_end|><|rotate_up|>
<|box_start|>299 014 999 029<|box_end|><|ref_start|>header<|ref_end|><|rotate_up|>
<|box_start|>299 029 999 044<|box_end|><|ref_start|>header<|ref_end|><|rotate_up|>
<|box_start|>299 044 999 059<|box_end|><|ref_start|>header<|ref_end|><|rotate_up|>
<|box_start|>299 059 999 074<|box_end|><|ref_start|>header<|ref_end|><|rotate_up|>
<|box_start|>299 074 999 089<|box_end|><|ref_start|>header<|ref_end|><|rotate_up|>
<|box_start|>299 089 999 104<|box_end|><|ref_start|>header<|ref_end|><|rotate_up|>
<|box_start|>299 104 999 119<|box_end|><|ref_start|>header<|ref_end|><|rotate_up|>
<|box_start|>299 119 999 134<|box_end|><|ref_start|>header<|ref_end|><|rotate_up|>
<|box_start|>299 134 999 148<|box_end|><|ref_start|>header<|ref_end|><|rotate_up|>
<|box_start|>299 148 999 163<|box_end|><|ref_start|>header<|ref_end|><|rotate_up|>
<|box_start|>299 163 999 178<|box_end|><|ref_start|>header<|ref_end|><|rotate_up|>
<|box_start|>299 178 999 193<|box_end|><|ref_start|>header<|ref_end|><|rotate_up|>
<|box_start|>299 193 999 208<|box_end|><|ref_start|>header<|ref_end|><|rotate_up|>
<|box_start|>299 208 999 223<|box_end|><|ref_start|>header<|ref_end|><|rotate_up|>
<|box_start|>299 223 999 238<|box_end|><|ref_start|>header<|ref_end|><|rotate_up|>
<|box_start|>299 238 999 253<|box_end|><|ref_start|>header<|ref_end|><|rotate_up|>
<|box_start|>299 253 999 268<|box_end|><|ref_start|>header<|ref_end|><|rotate_up|>
<|box_start|>299 268 999 283<|box_end|><|ref_start|>header<|ref_end|><|rotate_up|>
<|box_start|>299 283 999 298<|box_end|><|ref_start|>header<|ref_end|><|rotate_up|>
<|box_start|>299 298 999 313<|box_end|><|ref_start|>header<|ref_end|><|rotate_up|>
<|box_start|>299 313 999 328<|box_end|><|ref_start|>header<|ref_end|><|rotate_up|>
<|box_start|>299 328 999 343<|box_end|><|ref_start|>header<|ref_end|><|rotate_up|>
<|box_start|>299 343 999 358<|box_end|><|ref_start|>header<|ref_end|><|rotate_up|>
<|box_start|>299 358 999 373<|box_end|><|ref_start|>header<|ref_end|><|rotate_up|>
<|box_start|>299 373 999 388<|box_end|><|ref_start|>header<|ref_end|><|rotate_up|>
<|box_start|>299 388 999 403<|box_end|><|ref_start|>header<|ref_end|><|rotate_up|>
<|box_start|>299 403 999 418<|box_end|><|ref_start|>header<|ref_end|><|rotate_up|>
<|box_start|>299 418 999 433<|box_end|><|ref_start|>header<|ref_end|><|rotate_up|>
<|box_start|>299 433 999 448<|box_end|><|ref_start|>header<|ref_end|><|rotate_up|>
<|box_start|>299 448 999 463<|box_end|><|ref_start|>header<|ref_end|><|rotate_up|>
<|box_start|>299 463 999 478<|box_end|><|ref_start|>header<|ref_end|><|rotate_up|>
<|box_start|>299 478 999 493<|box_end|><|ref_start|>header<|ref_end|><|rotate_up|>
<|box_start|>299 493 999 508<|box_end|><|ref_start|>header<|ref_end|><|rotate_up|>
<|box_start|>299 508 999 523<|box_end|><|ref_start|>header<|ref_end|><|rotate_up|>
<|box_start|>299 523 999 538<|box_end|><|ref_start|>header<|ref_end|><|rotate_up|>
<|box_start|>299 538 999 553<|box_end|><|ref_start|>header<|ref_end|><|rotate_up|>
<|box_start|>299 553 999 568<|box_end|><|ref_start|>header<|ref_end|><|rotate_up|>
<|box_start|>299 568 999 583<|box_end|><|ref_start|>header<|ref_end|><|rotate_up|>
<|box_start|>299 583 999 598<|box_end|><|ref_start|>header<|ref_end|><|rotate_up|>
<|box_start|>299 598 999 613<|box_end|><|ref_start|>header<|ref_end|><|rotate_up|>
<|box_start|>299 613 999 628<|box_end|><|ref_start|>header<|ref_end|><|rotate_up|>
<|box_start|>299 628 999 643<|box_end|><|ref_start|>header<|ref_end|><|rotate_up|>
<|box_start|>299 643 999 658<|box_end|><|ref_start|>header<|ref_end|><|rotate_up|>
<|box_start|>299 658 999 673<|box_end|><|ref_start|>header<|ref_end|><|rotate_up|>
<|box_start|>299 673 999 688<|box_end|><|ref_start|>header<|ref_end|><|rotate_up|>
<|box_start|>299 688 999 703<|box_end|><|ref_start|>header<|ref_end|><|rotate_up|>
<|box_start|>299 703 999 718<|box_end|><|ref_start|>header<|ref_end|><|rotate_up|>
<|box_start|>299 718 999 733<|box_end|><|ref_start|>header<|ref_end|><|rotate_up|>
<|box_start|>299 733 999 748<|box_end|><|ref_start|>header<|ref_end|><|rotate_up|>
<|box_start|>299 748 999 763<|box_end|><|ref_start|>header<|ref_end|><|rotate_up|>
<|box_start|>299 763 999 778<|box_end|><|ref_start|>header<|ref_end|><|rotate_up|>
<|box_start|>299 778 999 793<|box_end|><|ref_start|>header<|ref_end|><|rotate_up|>
<|box_start|>299 793 999 808<|box_end|><|ref_start|>header<|ref_end|><|rotate_up|>
<|box_start|>299 808 999 823<|box_end|><|ref_start|>header<|ref_end|><|rotate_up|>
<|box_start|>299 823 999 838<|box_end|><|ref_start|>header<|ref_end|><|rotate_up|>
<|box_start|>299 838 999 853<|box_end|><|ref_start|>header<|ref_end|><|rotate_up|>
<|box_start|>299 853 999 868<|box_end|><|ref_start|>header<|ref_end|><|rotate_up|>
<|box_start|>299 868 999 883<|box_end|><|ref_start|>header<|ref_end|><|rotate_up|>
<|box_start|>299 883 999 898<|box_end|><|ref_start|>header<|ref_end|><|rotate_up|>
<|box_start|>299 898 999 913<|box_end|><|ref_start|>header<|ref_end|><|rotate_up|>
<|box_start|>299 913 999 928<|box_end|><|ref_start|>header<|ref_end|><|rotate_up|>
<|box_start|>299 928 999 943<|box_end|><|ref_start|>header<|ref_end|><|rotate_up|>
<|box_start|>299 943 999 958<|box_end|><|ref_start|>header<|ref_end|><|rotate_up|>
<|box_start|>299 958 999 973<|box_end|><|ref_start|>header<|ref_end|><|rotate_up|>
<|box_start|>299 973 999 988<|box_end|><|ref_start|>header<|ref_end|><|rotate_up|>
<|box_start|>299 988 999 993<|box_end|><|ref_start|>header<|ref_end|><|rotate_up|>
<|box_start|>299 993 999 108<|box_end|><|ref_start|>header<|ref_end|><|rotate_up|>
<|box_start|>299 108 999 123<|box_end|><|ref_start|>header<|ref_end|><|rotate_up|>
<|box_start|>299 123 999 138<|box_end|><|ref_start|>header<|ref_end|><|rotate_up|>
<|box_start|>299 138 999 153<|box_end|><|ref_start|>header<|ref_end|><|rotate_up|>
<|box_start|>299 153 999 168<|box_end|><|ref_start|>header<|ref_end|><|rotate_up|>
<|box_start|>299 168 999 183<|box_end|><|ref_start|>header<|ref_end|><|rotate_up|>
<|box_start|>299 183 999 198<|box_end|><|ref_start|>header<|ref_end|><|rotate_up|>
<|box_start|>299 198 999 213<|box_end|><|ref_start|>header<|ref_end|><|rotate_up|>
<|box_start|>299 213 999 228<|box_end|><|ref_start|>header<|ref_end|><|rotate_up|>
<|box_start|>299 228 999 243<|box_end|><|ref_start|>header<|ref_end|><|rotate_up|>
<|box_start|>299 243 999 258<|box_end|><|ref_start|>header<|ref_end|><|rotate_up|>
<|box_start|>299 258 999 273<|box_end|><|ref_start|>header<|ref_end|><|rotate_up|>
<|box_start|>299 273 999 288<|box_end|><|ref_start|>header<|ref_end|><|rotate_up|>
<|box_start|>299 288 999 303<|box_end|><|ref_start|>header<|ref_end|><|rotate_up|>
<|box_start|>299 303 999 318<|box_end|><|ref_start|>header<|ref_end|><|rotate_up|>
<|box_start|>299 318 999 333<|box_end|><|ref_start|>header<|ref_end|><|rotate_up|>
<|box_start|>299 333 999 348<|box_end|><|ref_start|>header<|ref_end|><|rotate_up|>
<|box_start|>299 348 999 363<|box_end|><|ref_start|>header<|ref_end|><|rotate_up|>
<|box_start|>299 363 999 378<|box_end|><|ref_start|>header<|ref_end|><|rotate_up|>
<|box_start|>299 378 999 393<|box_end|><|ref_start|>header<|ref_end|><|rotate_up|>
<|box_start|>299 393 999 408<|box_end|><|ref_start|>header<|ref_end|><|rotate_up|>
<|box_start|>299 408 999 423<|box_end|><|ref_start|>header<|ref_end|><|rotate_up|>
<|box_start|>299 423 999 438<|box_end|><|ref_start|>header<|ref_end|><|rotate_up|>
<|box_start|>299 438 999 453<|box_end|><|ref_start|>header<|ref_end|><|rotate_up|>
<|box_start|>299 453 999 468<|box_end|><|ref_start|>header<|ref_end|><|rotate_up|>
<|box_start|>299 468 999 483<|box_end|><|ref_start|>header<|ref_end|><|rotate_up|>
<|box_start|>299 483 999 498<|box_end|><|ref_start|>header<|ref_end|><|rotate_up|>
<|box_start|>299 498 999 513<|box_end|><|ref_start|>header<|ref_end|><|rotate_up|>
<|box_start|>299 513 999 528<|box_end|><|ref_start|>header<|ref_end|><|rotate_up|>
<|box_start|>299 528 999 543<|box_end|><|ref_start|>header<|ref_end|><|rotate_up|>
<|box_start|>299 543 999 558<|box_end|><|ref_start|>header<|ref_end|><|rotate_up|>
<|box_start|>299 558 999 573<|box_end|><|ref_start|>header<|ref_end|><|rotate_up|>
<|box_start|>299 573 999 588<|box_end|><|ref_start|>header<|ref_end|><|rotate_up|>
<|box_start|>299 588 999 603<|box_end|><|ref_start|>header<|ref_end|><|rotate_up|>
<|box_start|>299 603 999 618<|box_end|><|ref_start|>header<|ref_end|><|rotate_up|>
<|box_start|>299 618 999 633<|box_end|><|ref_start|>header<|ref_end|><|rotate_up|>
<|box_start|>299 633 999 648<|box_end|><|ref_start|>header<|ref_end|><|rotate_up|>
<|box_start|>299 648 999 663<|box_end|><|ref_start|>header<|ref_end|><|rotate_up|>
<|box_start|>299 663 999 678<|box_end|><|ref_start|>header<|ref_end|><|rotate_up|>
<|box_start|>299 678 999 693<|box_end|><|ref_start|>header<|ref_end|><|rotate_up|>
<|box_start|>299 693 999 708<|box_end|><|ref_start|>header<|ref_end|><|rotate_up|>
<|box_start|>299 708 999 723<|box_end|><|ref_start|>header<|ref_end|><|rotate_up|>
<|box_start|>299 723 999 738<|box_end|><|ref_start|>header<|ref_end|><|rotate_up|>
<|box_start|>299 738 999 753<|box_end|><|ref_start|>header<|ref_end|><|rotate_up|>
<|box_start|>299 753 999 768<|box_end|><|ref_start|>header<|ref_end|><|rotate_up|>
<|box_start|>299 768 999 783<|box_end|><|ref_start|>header<|ref_end|><|rotate_up|>
<|box_start|>299 783 999 798<|box_end|><|ref_start|>header<|ref_end|><|rotate_up|>
<|box_start|>299 798 999 813<|box_end|><|ref_start|>header<|ref_end|><|rotate_up|>
<|box_start|>299 813 999 828<|box_end|><|ref_start|>header<|ref_end|><|rotate_up|>
<|box_start|>299 828 999 843<|box_end|><|ref_start|>header<|ref_end|><|rotate_up|>
<|box_start|>299 843 999 858<|box_end|><|ref_start|>header<|ref_end|><|rotate_up|>
<|box_start|>299 858 999 873<|box_end|><|ref_start|>header<|ref_end|><|rotate_up|>
<|box_start|>299 873 999 888<|box_end|><|ref_start|>header<|ref_end|><|rotate_up|>
<|box_start|>299 888 999 903<|box_end|><|ref_start|>header<|ref_end|><|rotate_up|>
<|box_start|>299 903 999 918<|box_end|><|ref_start|>header<|ref_end|><|rotate_up|>
<|box_start|>299 918 999 933<|box_end|><|ref_start|>header<|ref_end|><|rotate_up|>
<|box_start|>299 933 999 948<|box_end|><|ref_start|>header<|ref_end|><|rotate_up|>
<|box_start|>299 948 999 963<|box_end|><|ref_start|>header<|ref_end|><|rotate_up|>
<|box_start|>299 963 999 978<|box_end|><|ref_start|>header<|ref_end|><|rotate_up|>
<|box_start|>299 978 999 993<|box_end|><|ref_start|>header<|ref_end|><|rotate_up|>
<|box_start|>299 993 999 108<|box_end|><|ref_start|>header<|ref_end|><|rotate_up|>
<|box_start|>299 108 999 123<|box_end|><|ref_start|>header<|ref_end|><|rotate_up|>
<|box_start|>299 123 999 138<|box_end|><|ref_start|>header<|ref_end|><|rotate_up|>
<|box_start|>299 138 999 153<|box_end|><|ref_start|>header<|ref_end|><|rotate_up|>
<|box_start|>299 153 999 168<|box_end|><|ref_start|>header<|ref_end|><|rotate_up|>
<|box_start|>299 168 999 183<|box_end|><|ref_start|>header<|ref_end|><|rotate_up|>
<|box_start|>299 183 999 198<|box_end|><|ref_start|>header<|ref_end|><|rotate_up|>
<|box_start|>299 198 999 213<|box_end|><|ref_start|>header<|ref_end|><|rotate_up|>
<|box_start|>299 213 999 228<|box_end|><|ref_start|>header<|ref_end|><|rotate_up|>
<|box_start|>299 228 999 243<|box_end|><|ref_start|>header<|ref_end|><|rotate_up|>
<|box_start|>299 243 999 258<|box_end|><|ref_start|>header<|ref_end|><|rotate_up|>
<|box_start|>299 258 999 273<|box_end|><|ref_start|>header<|ref_end|><|rotate_up|>
<|box_start|>299 273 999 288<|box_end|><|ref_start|>header<|ref_end|><|rotate_up|>
<|box_start|>299 288 999 303<|box_end|><|ref_start|>header<|ref_end|><|rotate_up|>
<|box_start|>299 303 999 318<|box_end|><|ref_start|>header<|ref_end|><|rotate_up|>
<|box_start|>299 318 999 333<|box_end|><|ref_start|>header<|ref_end|><|rotate_up|>
<|box_start|>299 333 999 348<|box_end|><|ref_start|>header<|ref_end|><|rotate_up|>
<|box_start|>299 348 999 363<|box_end|><|ref_start|>header<|ref_end|><|rotate_up|>
<|box_start|>299 363 999 378<|box_end|><|ref_start|>header<|ref_end|><|rotate_up|>
<|box_start|>299 378 999 393<|box_end|><|ref_start|>header<|ref_end|><|rotate_up|>
<|box_start|>299 393 999 408<|box_end|><|ref_start|>header<|ref_end|><|rotate_up|>
<|box_start|>299 408 999 423<|box_end|><|ref_start|>header<|ref_end|><|rotate_up|>
<|box_start|>299 423 999 438<|box_end|><|ref_start|>header<|ref_end|><|rotate_up|>
<|box_start|>299 438 999 453<|box_end|><|ref_start|>header<|ref_end|><|rotate_up|>
<|box_start|>299 453 999 468<|box_end|><|ref_start|>header<|ref_end|>
2026-08-06 07:10:43.656 | WARNING  | mineru_vl_utils.mineru_client:parse_layout_output:261 - No angle found in layout output line: <|box_start|>299 453 999 468<|box_end|><|ref_start|>header<|ref_end|>
2026-08-06 07:10:43.656 | DEBUG    | mineru_vl_utils.mineru_client:parse_layout_output:239 - Layout raw output: 
<|box_start|>000 000 999 000<|box_end|><|ref_start|>header<|ref_end|><|rotate_up|>
<|box_start|>000 000 999 000<|box_end|><|ref_start|>header<|ref_end|><|rotate_up|>
<|box_start|>000 000 999 000<|box_end|><|ref_start|>header<|ref_end|><|rotate_up|>
<|box_start|>000 000 999 000<|box_end|><|ref_start|>header<|ref_end|><|rotate_up|>
<|box_start|>000 000 999 000<|box_end|><|ref_start|>header<|ref_end|><|rotate_up|>
<|box_start|>000 000 999 000<|box_end|><|ref_start|>header<|ref_end|><|rotate_up|>
<|box_start|>000 000 999 000<|box_end|><|ref_start|>header<|ref_end|><|rotate_up|>
<|box_start|>000 000 999 000<|box_end|><|ref_start|>header<|ref_end|><|rotate_up|>
<|box_start|>000 000 999 000<|box_end|><|ref_start|>header<|ref_end|><|rotate_up|>
<|box_start|>000 000 999 000<|box_end|><|ref_start|>header<|ref_end|><|rotate_up|>
<|box_start|>000 000 999 000<|box_end|><|ref_start|>header<|ref_end|><|rotate_up|>
<|box_start|>000 000 999 000<|box_end|><|ref_start|>header<|ref_end|><|rotate_up|>
<|box_start|>000 000 999 000<|box_end|><|ref_start|>header<|ref_end|><|rotate_up|>
<|box_start|>000 000 999 000<|box_end|><|ref_start|>header<|ref_end|><|rotate_up|>
<|box_start|>000 000 999 000<|box_end|><|ref_start|>header<|ref_end|><|rotate_up|>
<|box_start|>000 000 999 000<|box_end|><|ref_start|>header<|ref_end|><|rotate_up|>
<|box_start|>000 000 999 000<|box_end|><|ref_start|>header<|ref_end|><|rotate_up|>
<|box_start|>000 000 999 000<|box_end|><|ref_start|>header<|ref_end|><|rotate_up|>
<|box_start|>000 000 999 000<|box_end|><|ref_start|>header<|ref_end|><|rotate_up|>
<|box_start|>000 000 999 000<|box_end|><|ref_start|>header<|ref_end|><|rotate_up|>
<|box_start|>000 000 999 000<|box_end|><|ref_start|>header<|ref_end|><|rotate_up|>
<|box_start|>000 000 999 000<|box_end|><|ref_start|>header<|ref_end|><|rotate_up|>
<|box_start|>000 000 999 000<|box_end|><|ref_start|>header<|ref_end|><|rotate_up|>
<|box_start|>000 000 999 000<|box_end|><|ref_start|>header<|ref_end|><|rotate_up|>
<|box_start|>000 000 999 000<|box_end|><|ref_start|>header<|ref_end|><|rotate_up|>
<|box_start|>000 000 999 000<|box_end|><|ref_start|>header<|ref_end|><|rotate_up|>
<|box_start|>000 000 999 000<|box_end|><|ref_start|>header<|ref_end|><|rotate_up|>
<|box_start|>000 000 999 000<|box_end|><|ref_start|>header<|ref_end|><|rotate_up|>
<|box_start|>000 000 999 000<|box_end|><|ref_start|>header<|ref_end|><|rotate_up|>
<|box_start|>000 000 999 000<|box_end|><|ref_start|>header<|ref_end|><|rotate_up|>
<|box_start|>000 000 999 000<|box_end|><|ref_start|>header<|ref_end|><|rotate_up|>
<|box_start|>000 000 999 000<|box_end|><|ref_start|>header<|ref_end|><|rotate_up|>
<|box_start|>000 000 999 000<|box_end|><|ref_start|>header<|ref_end|><|rotate_up|>
<|box_start|>000 000 999 000<|box_end|><|ref_start|>header<|ref_end|><|rotate_up|>
<|box_start|>000 000 999 000<|box_end|><|ref_start|>header<|ref_end|><|rotate_up|>
<|box_start|>000 000 999 000<|box_end|><|ref_start|>header<|ref_end|><|rotate_up|>
<|box_start|>000 000 999 000<|box_end|><|ref_start|>header<|ref_end|><|rotate_up|>
<|box_start|>000 000 999 000<|box_end|><|ref_start|>header<|ref_end|><|rotate_up|>
<|box_start|>000 000 999 000<|box_end|><|ref_start|>header<|ref_end|><|rotate_up|>
<|box_start|>000 000 999 000<|box_end|><|ref_start|>header<|ref_end|><|rotate_up|>
<|box_start|>000 000 999 000<|box_end|><|ref_start|>header<|ref_end|><|rotate_up|>
<|box_start|>000 000 999 000<|box_end|><|ref_start|>header<|ref_end|><|rotate_up|>
<|box_start|>000 000 999 000<|box_end|><|ref_start|>header<|ref_end|><|rotate_up|>
<|box_start|>000 000 999 000<|box_end|><|ref_start|>header<|ref_end|><|rotate_up|>
<|box_start|>000 000 999 000<|box_end|><|ref_start|>header<|ref_end|><|rotate_up|>
<|box_start|>000 000 999 000<|box_end|><|ref_start|>header<|ref_end|><|rotate_up|>
<|box_start|>000 000 999 000<|box_end|><|ref_start|>header<|ref_end|><|rotate_up|>
<|box_start|>000 000 999 000<|box_end|><|ref_start|>header<|ref_end|><|rotate_up|>
<|box_start|>000 000 999 000<|box_end|><|ref_start|>header<|ref_end|><|rotate_up|>
<|box_start|>000 000 999 000<|box_end|><|ref_start|>header<|ref_end|><|rotate_up|>
<|box_start|>000 000 999 000<|box_end|><|ref_start|>header<|ref_end|><|rotate_up|>
<|box_start|>000 000 999 000<|box_end|><|ref_start|>header<|ref_end|><|rotate_up|>
<|box_start|>000 000 999 000<|box_end|><|ref_start|>header<|ref_end|><|rotate_up|>
<|box_start|>000 000 999 000<|box_end|><|ref_start|>header<|ref_end|><|rotate_up|>
<|box_start|>000 000 999 000<|box_end|><|ref_start|>header<|ref_end|><|rotate_up|>
<|box_start|>000 000 999 000<|box_end|><|ref_start|>header<|ref_end|><|rotate_up|>
<|box_start|>000 000 999 000<|box_end|><|ref_start|>header<|ref_end|><|rotate_up|>
<|box_start|>000 000 999 000<|box_end|><|ref_start|>header<|ref_end|><|rotate_up|>
<|box_start|>000 000 999 000<|box_end|><|ref_start|>header<|ref_end|><|rotate_up|>
<|box_start|>000 000 999 000<|box_end|><|ref_start|>header<|ref_end|><|rotate_up|>
<|box_start|>000 000 999 000<|box_end|><|ref_start|>header<|ref_end|><|rotate_up|>
<|box_start|>000 000 999 000<|box_end|><|ref_start|>header<|ref_end|><|rotate_up|>
<|box_start|>000 000 999 000<|box_end|><|ref_start|>header<|ref_end|><|rotate_up|>
<|box_start|>000 000 999 000<|box_end|><|ref_start|>header<|ref_end|><|rotate_up|>
<|box_start|>000 000 999 000<|box_end|><|ref_start|>header<|ref_end|><|rotate_up|>
<|box_start|>000 000 999 000<|box_end|><|ref_start|>header<|ref_end|><|rotate_up|>
<|box_start|>000 000 999 000<|box_end|><|ref_start|>header<|ref_end|><|rotate_up|>
<|box_start|>000 000 999 000<|box_end|><|ref_start|>header<|ref_end|><|rotate_up|>
<|box_start|>000 000 999 000<|box_end|><|ref_start|>header<|ref_end|><|rotate_up|>
<|box_start|>000 000 999 000<|box_end|><|ref_start|>header<|ref_end|><|rotate_up|>
<|box_start|>000 000 999 000<|box_end|><|ref_start|>header<|ref_end|><|rotate_up|>
<|box_start|>000 000 999 000<|box_end|><|ref_start|>header<|ref_end|><|rotate_up|>
<|box_start|>000 000 999 000<|box_end|><|ref_start|>header<|ref_end|><|rotate_up|>
<|box_start|>000 000 999 000<|box_end|><|ref_start|>header<|ref_end|><|rotate_up|>
<|box_start|>000 000 999 000<|box_end|><|ref_start|>header<|ref_end|><|rotate_up|>
<|box_start|>000 000 999 000<|box_end|><|ref_start|>header<|ref_end|><|rotate_up|>
<|box_start|>000 000 999 000<|box_end|><|ref_start|>header<|ref_end|><|rotate_up|>
<|box_start|>000 000 999 000<|box_end|><|ref_start|>header<|ref_end|><|rotate_up|>
<|box_start|>000 000 999 000<|box_end|><|ref_start|>header<|ref_end|><|rotate_up|>
<|box_start|>000 000 999 000<|box_end|><|ref_start|>header<|ref_end|><|rotate_up|>
<|box_start|>000 000 999 000<|box_end|><|ref_start|>header<|ref_end|><|rotate_up|>
<|box_start|>000 000 999 000<|box_end|><|ref_start|>header<|ref_end|><|rotate_up|>
<|box_start|>000 000 999 000<|box_end|><|ref_start|>header<|ref_end|><|rotate_up|>
<|box_start|>000 000 999 000<|box_end|><|ref_start|>header<|ref_end|><|rotate_up|>
<|box_start|>000 000 999 000<|box_end|><|ref_start|>header<|ref_end|><|rotate_up|>
<|box_start|>000 000 999 000<|box_end|><|ref_start|>header<|ref_end|><|rotate_up|>
<|box_start|>000 000 999 000<|box_end|><|ref_start|>header<|ref_end|><|rotate_up|>
<|box_start|>000 000 999 000<|box_end|><|ref_start|>header<|ref_end|><|rotate_up|>
<|box_start|>000 000 999 000<|box_end|><|ref_start|>header<|ref_end|><|rotate_up|>
<|box_start|>000 000 999 000<|box_end|><|ref_start|>header<|ref_end|><|rotate_up|>
<|box_start|>000 000 999 000<|box_end|><|ref_start|>header<|ref_end|><|rotate_up|>
<|box_start|>000 000 999 000<|box_end|><|ref_start|>header<|ref_end|><|rotate_up|>
<|box_start|>000 000 999 000<|box_end|><|ref_start|>header<|ref_end|><|rotate_up|>
<|box_start|>000 000 999 000<|box_end|><|ref_start|>header<|ref_end|><|rotate_up|>
<|box_start|>000 000 999 000<|box_end|><|ref_start|>header<|ref_end|><|rotate_up|>
<|box_start|>000 000 999 000<|box_end|><|ref_start|>header<|ref_end|><|rotate_up|>
<|box_start|>000 000 999 000<|box_end|><|ref_start|>header<|ref_end|><|rotate_up|>
<|box_start|>000 000 999 000<|box_end|><|ref_start|>header<|ref_end|><|rotate_up|>
<|box_start|>000 000 999 000<|box_end|><|ref_start|>header<|ref_end|><|rotate_up|>
<|box_start|>000 000 999 000<|box_end|><|ref_start|>header<|ref_end|><|rotate_up|>
<|box_start|>000 000 999 000<|box_end|><|ref_start|>header<|ref_end|><|rotate_up|>
<|box_start|>000 000 999 000<|box_end|><|ref_start|>header<|ref_end|><|rotate_up|>
<|box_start|>000 000 999 000<|box_end|><|ref_start|>header<|ref_end|><|rotate_up|>
<|box_start|>000 000 999 000<|box_end|><|ref_start|>header<|ref_end|><|rotate_up|>
<|box_start|>000 000 999 000<|box_end|><|ref_start|>header<|ref_end|><|rotate_up|>
<|box_start|>000 000 999 000<|box_end|><|ref_start|>header<|ref_end|><|rotate_up|>
<|box_start|>000 000 999 000<|box_end|><|ref_start|>header<|ref_end|><|rotate_up|>
<|box_start|>000 000 999 000<|box_end|><|ref_start|>header<|ref_end|><|rotate_up|>
<|box_start|>000 000 999 000<|box_end|><|ref_start|>header<|ref_end|><|rotate_up|>
<|box_start|>000 000 999 000<|box_end|><|ref_start|>header<|ref_end|><|rotate_up|>
<|box_start|>000 000 999 000<|box_end|><|ref_start|>header<|ref_end|><|rotate_up|>
<|box_start|>000 000 999 000<|box_end|><|ref_start|>header<|ref_end|><|rotate_up|>
<|box_start|>000 000 999 000<|box_end|><|ref_start|>header<|ref_end|><|rotate_up|>
<|box_start|>000 000 999 000<|box_end|><|ref_start|>header<|ref_end|><|rotate_up|>
<|box_start|>000 000 999 000<|box_end|><|ref_start|>header<|ref_end|><|rotate_up|>
<|box_start|>000 000 999 000<|box_end|><|ref_start|>header<|ref_end|><|rotate_up|>
<|box_start|>000 000 999 000<|box_end|><|ref_start|>header<|ref_end|><|rotate_up|>
<|box_start|>000 000 999 000<|box_end|><|ref_start|>header<|ref_end|><|rotate_up|>
<|box_start|>000 000 999 000<|box_end|><|ref_start|>header<|ref_end|><|rotate_up|>
<|box_start|>000 000 999 000<|box_end|><|ref_start|>header<|ref_end|><|rotate_up|>
<|box_start|>000 000 999 000<|box_end|><|ref_start|>header<|ref_end|><|rotate_up|>
<|box_start|>000 000 999 000<|box_end|><|ref_start|>header<|ref_end|><|rotate_up|>
<|box_start|>000 000 999 000<|box_end|><|ref_start|>header<|ref_end|><|rotate_up|>
<|box_start|>000 000 999 000<|box_end|><|ref_start|>header<|ref_end|><|rotate_up|>
<|box_start|>000 000 999 000<|box_end|><|ref_start|>header<|ref_end|><|rotate_up|>
<|box_start|>000 000 999 000<|box_end|><|ref_start|>header<|ref_end|><|rotate_up|>
<|box_start|>000 000 999 000<|box_end|><|ref_start|>header<|ref_end|><|rotate_up|>
<|box_start|>000 000 999 000<|box_end|><|ref_start|>header<|ref_end|><|rotate_up|>
<|box_start|>000 000 999 000<|box_end|><|ref_start|>header<|ref_end|><|rotate_up|>
<|box_start|>000 000 999 000<|box_end|><|ref_start|>header<|ref_end|><|rotate_up|>
<|box_start|>000 000 999 000<|box_end|><|ref_start|>header<|ref_end|><|rotate_up|>
<|box_start|>000 000 999 000<|box_end|><|ref_start|>header<|ref_end|><|rotate_up|>
<|box_start|>000 000 999 000<|box_end|><|ref_start|>header<|ref_end|><|rotate_up|>
<|box_start|>000 000 999 000<|box_end|><|ref_start|>header<|ref_end|><|rotate_up|>
<|box_start|>000 000 999 000<|box_end|><|ref_start|>header<|ref_end|><|rotate_up|>
<|box_start|>000 000 999 000<|box_end|><|ref_start|>header<|ref_end|><|rotate_up|>
<|box_start|>000 000 999 000<|box_end|><|ref_start|>header<|ref_end|><|rotate_up|>
<|box_start|>000 000 999 000<|box_end|><|ref_start|>header<|ref_end|><|rotate_up|>
<|box_start|>000 000 999 000<|box_end|><|ref_start|>header<|ref_end|><|rotate_up|>
<|box_start|>000 000 999 000<|box_end|><|ref_start|>header<|ref_end|><|rotate_up|>
<|box_start|>000 000 999 000<|box_end|><|ref_start|>header<|ref_end|><|rotate_up|>
<|box_start|>000 000 999 000<|box_end|><|ref_start|>header<|ref_end|><|rotate_up|>
<|box_start|>000 000 999 000<|box_end|><|ref_start|>header<|ref_end|><|rotate_up|>
<|box_start|>000 000 999 000<|box_end|><|ref_start|>header<|ref_end|><|rotate_up|>
<|box_start|>000 000 999 000<|box_end|><|ref_start|>header<|ref_end|><|rotate_up|>
<|box_start|>000 000 999 000<|box_end|><|ref_start|>header<|ref_end|><|rotate_up|>
<|box_start|>000 000 999 000<|box_end|><|ref_start|>header<|ref_end|><|rotate_up|>
<|box_start|>000 000 999 000<|box_end|><|ref_start|>header<|ref_end|><|rotate_up|>
<|box_start|>000 000 999 000<|box_end|><|ref_start|>header<|ref_end|><|rotate_up|>
<|box_start|>000 000 999 000<|box_end|><|ref_start|>header<|ref_end|><|rotate_up|>
<|box_start|>000 000 999 000<|box_end|><|ref_start|>header<|ref_end|><|rotate_up|>
<|box_start|>000 000 999 000<|box_end|><|ref_start|>header<|ref_end|>
2026-08-06 07:10:43.657 | WARNING  | mineru_vl_utils.mineru_client:parse_layout_output:247 - Invalid bbox in layout output line: <|box_start|>000 000 999 000<|box_end|><|ref_start|>header<|ref_end|><|rotate_up|>

2026-08-06 07:10:43.657 | WARNING  | mineru_vl_utils.mineru_client:parse_layout_output:247 - Invalid bbox in layout output line: <|box_start|>000 000 999 000<|box_end|><|ref_start|>header<|ref_end|><|rotate_up|>

2026-08-06 07:10:43.657 | WARNING  | mineru_vl_utils.mineru_client:parse_layout_output:247 - Invalid bbox in layout output line: <|box_start|>000 000 999 000<|box_end|><|ref_start|>header<|ref_end|><|rotate_up|>

2026-08-06 07:10:43.657 | WARNING  | mineru_vl_utils.mineru_client:parse_layout_output:247 - Invalid bbox in layout output line: <|box_start|>000 000 999 000<|box_end|><|ref_start|>header<|ref_end|><|rotate_up|>

2026-08-06 07:10:43.657 | WARNING  | mineru_vl_utils.mineru_client:parse_layout_output:247 - Invalid bbox in layout output line: <|box_start|>000 000 999 000<|box_end|><|ref_start|>header<|ref_end|><|rotate_up|>

2026-08-06 07:10:43.657 | WARNING  | mineru_vl_utils.mineru_client:parse_layout_output:247 - Invalid bbox in layout output line: <|box_start|>000 000 999 000<|box_end|><|ref_start|>header<|ref_end|><|rotate_up|>

2026-08-06 07:10:43.657 | WARNING  | mineru_vl_utils.mineru_client:parse_layout_output:247 - Invalid bbox in layout output line: <|box_start|>000 000 999 000<|box_end|><|ref_start|>header<|ref_end|><|rotate_up|>

2026-08-06 07:10:43.657 | WARNING  | mineru_vl_utils.mineru_client:parse_layout_output:247 - Invalid bbox in layout output line: <|box_start|>000 000 999 000<|box_end|><|ref_start|>header<|ref_end|><|rotate_up|>

2026-08-06 07:10:43.657 | WARNING  | mineru_vl_utils.mineru_client:parse_layout_output:247 - Invalid bbox in layout output line: <|box_start|>000 000 999 000<|box_end|><|ref_start|>header<|ref_end|><|rotate_up|>

2026-08-06 07:10:43.657 | WARNING  | mineru_vl_utils.mineru_client:parse_layout_output:247 - Invalid bbox in layout output line: <|box_start|>000 000 999 000<|box_end|><|ref_start|>header<|ref_end|><|rotate_up|>

2026-08-06 07:10:43.657 | WARNING  | mineru_vl_utils.mineru_client:parse_layout_output:247 - Invalid bbox in layout output line: <|box_start|>000 000 999 000<|box_end|><|ref_start|>header<|ref_end|><|rotate_up|>

2026-08-06 07:10:43.657 | WARNING  | mineru_vl_utils.mineru_client:parse_layout_output:247 - Invalid bbox in layout output line: <|box_start|>000 000 999 000<|box_end|><|ref_start|>header<|ref_end|><|rotate_up|>

2026-08-06 07:10:43.657 | WARNING  | mineru_vl_utils.mineru_client:parse_layout_output:247 - Invalid bbox in layout output line: <|box_start|>000 000 999 000<|box_end|><|ref_start|>header<|ref_end|><|rotate_up|>

2026-08-06 07:10:43.657 | WARNING  | mineru_vl_utils.mineru_client:parse_layout_output:247 - Invalid bbox in layout output line: <|box_start|>000 000 999 000<|box_end|><|ref_start|>header<|ref_end|><|rotate_up|>

2026-08-06 07:10:43.657 | WARNING  | mineru_vl_utils.mineru_client:parse_layout_output:247 - Invalid bbox in layout output line: <|box_start|>000 000 999 000<|box_end|><|ref_start|>header<|ref_end|><|rotate_up|>

2026-08-06 07:10:43.658 | WARNING  | mineru_vl_utils.mineru_client:parse_layout_output:247 - Invalid bbox in layout output line: <|box_start|>000 000 999 000<|box_end|><|ref_start|>header<|ref_end|><|rotate_up|>

2026-08-06 07:10:43.658 | WARNING  | mineru_vl_utils.mineru_client:parse_layout_output:247 - Invalid bbox in layout output line: <|box_start|>000 000 999 000<|box_end|><|ref_start|>header<|ref_end|><|rotate_up|>

2026-08-06 07:10:43.658 | WARNING  | mineru_vl_utils.mineru_client:parse_layout_output:247 - Invalid bbox in layout output line: <|box_start|>000 000 999 000<|box_end|><|ref_start|>header<|ref_end|><|rotate_up|>

2026-08-06 07:10:43.658 | WARNING  | mineru_vl_utils.mineru_client:parse_layout_output:247 - Invalid bbox in layout output line: <|box_start|>000 000 999 000<|box_end|><|ref_start|>header<|ref_end|><|rotate_up|>

2026-08-06 07:10:43.658 | WARNING  | mineru_vl_utils.mineru_client:parse_layout_output:247 - Invalid bbox in layout output line: <|box_start|>000 000 999 000<|box_end|><|ref_start|>header<|ref_end|><|rotate_up|>

2026-08-06 07:10:43.658 | WARNING  | mineru_vl_utils.mineru_client:parse_layout_output:247 - Invalid bbox in layout output line: <|box_start|>000 000 999 000<|box_end|><|ref_start|>header<|ref_end|><|rotate_up|>

2026-08-06 07:10:43.658 | WARNING  | mineru_vl_utils.mineru_client:parse_layout_output:247 - Invalid bbox in layout output line: <|box_start|>000 000 999 000<|box_end|><|ref_start|>header<|ref_end|><|rotate_up|>

2026-08-06 07:10:43.658 | WARNING  | mineru_vl_utils.mineru_client:parse_layout_output:247 - Invalid bbox in layout output line: <|box_start|>000 000 999 000<|box_end|><|ref_start|>header<|ref_end|><|rotate_up|>

2026-08-06 07:10:43.658 | WARNING  | mineru_vl_utils.mineru_client:parse_layout_output:247 - Invalid bbox in layout output line: <|box_start|>000 000 999 000<|box_end|><|ref_start|>header<|ref_end|><|rotate_up|>

2026-08-06 07:10:43.658 | WARNING  | mineru_vl_utils.mineru_client:parse_layout_output:247 - Invalid bbox in layout output line: <|box_start|>000 000 999 000<|box_end|><|ref_start|>header<|ref_end|><|rotate_up|>

2026-08-06 07:10:43.658 | WARNING  | mineru_vl_utils.mineru_client:parse_layout_output:247 - Invalid bbox in layout output line: <|box_start|>000 000 999 000<|box_end|><|ref_start|>header<|ref_end|><|rotate_up|>

2026-08-06 07:10:43.658 | WARNING  | mineru_vl_utils.mineru_client:parse_layout_output:247 - Invalid bbox in layout output line: <|box_start|>000 000 999 000<|box_end|><|ref_start|>header<|ref_end|><|rotate_up|>

2026-08-06 07:10:43.658 | WARNING  | mineru_vl_utils.mineru_client:parse_layout_output:247 - Invalid bbox in layout output line: <|box_start|>000 000 999 000<|box_end|><|ref_start|>header<|ref_end|><|rotate_up|>

2026-08-06 07:10:43.658 | WARNING  | mineru_vl_utils.mineru_client:parse_layout_output:247 - Invalid bbox in layout output line: <|box_start|>000 000 999 000<|box_end|><|ref_start|>header<|ref_end|><|rotate_up|>

2026-08-06 07:10:43.658 | WARNING  | mineru_vl_utils.mineru_client:parse_layout_output:247 - Invalid bbox in layout output line: <|box_start|>000 000 999 000<|box_end|><|ref_start|>header<|ref_end|><|rotate_up|>

2026-08-06 07:10:43.659 | WARNING  | mineru_vl_utils.mineru_client:parse_layout_output:247 - Invalid bbox in layout output line: <|box_start|>000 000 999 000<|box_end|><|ref_start|>header<|ref_end|><|rotate_up|>

2026-08-06 07:10:43.659 | WARNING  | mineru_vl_utils.mineru_client:parse_layout_output:247 - Invalid bbox in layout output line: <|box_start|>000 000 999 000<|box_end|><|ref_start|>header<|ref_end|><|rotate_up|>

2026-08-06 07:10:43.659 | WARNING  | mineru_vl_utils.mineru_client:parse_layout_output:247 - Invalid bbox in layout output line: <|box_start|>000 000 999 000<|box_end|><|ref_start|>header<|ref_end|><|rotate_up|>

2026-08-06 07:10:43.659 | WARNING  | mineru_vl_utils.mineru_client:parse_layout_output:247 - Invalid bbox in layout output line: <|box_start|>000 000 999 000<|box_end|><|ref_start|>header<|ref_end|><|rotate_up|>

2026-08-06 07:10:43.659 | WARNING  | mineru_vl_utils.mineru_client:parse_layout_output:247 - Invalid bbox in layout output line: <|box_start|>000 000 999 000<|box_end|><|ref_start|>header<|ref_end|><|rotate_up|>

2026-08-06 07:10:43.659 | WARNING  | mineru_vl_utils.mineru_client:parse_layout_output:247 - Invalid bbox in layout output line: <|box_start|>000 000 999 000<|box_end|><|ref_start|>header<|ref_end|><|rotate_up|>

2026-08-06 07:10:43.659 | WARNING  | mineru_vl_utils.mineru_client:parse_layout_output:247 - Invalid bbox in layout output line: <|box_start|>000 000 999 000<|box_end|><|ref_start|>header<|ref_end|><|rotate_up|>

2026-08-06 07:10:43.659 | WARNING  | mineru_vl_utils.mineru_client:parse_layout_output:247 - Invalid bbox in layout output line: <|box_start|>000 000 999 000<|box_end|><|ref_start|>header<|ref_end|><|rotate_up|>

2026-08-06 07:10:43.659 | WARNING  | mineru_vl_utils.mineru_client:parse_layout_output:247 - Invalid bbox in layout output line: <|box_start|>000 000 999 000<|box_end|><|ref_start|>header<|ref_end|><|rotate_up|>

2026-08-06 07:10:43.659 | WARNING  | mineru_vl_utils.mineru_client:parse_layout_output:247 - Invalid bbox in layout output line: <|box_start|>000 000 999 000<|box_end|><|ref_start|>header<|ref_end|><|rotate_up|>

2026-08-06 07:10:43.659 | WARNING  | mineru_vl_utils.mineru_client:parse_layout_output:247 - Invalid bbox in layout output line: <|box_start|>000 000 999 000<|box_end|><|ref_start|>header<|ref_end|><|rotate_up|>

2026-08-06 07:10:43.659 | WARNING  | mineru_vl_utils.mineru_client:parse_layout_output:247 - Invalid bbox in layout output line: <|box_start|>000 000 999 000<|box_end|><|ref_start|>header<|ref_end|><|rotate_up|>

2026-08-06 07:10:43.659 | WARNING  | mineru_vl_utils.mineru_client:parse_layout_output:247 - Invalid bbox in layout output line: <|box_start|>000 000 999 000<|box_end|><|ref_start|>header<|ref_end|><|rotate_up|>

2026-08-06 07:10:43.659 | WARNING  | mineru_vl_utils.mineru_client:parse_layout_output:247 - Invalid bbox in layout output line: <|box_start|>000 000 999 000<|box_end|><|ref_start|>header<|ref_end|><|rotate_up|>

2026-08-06 07:10:43.659 | WARNING  | mineru_vl_utils.mineru_client:parse_layout_output:247 - Invalid bbox in layout output line: <|box_start|>000 000 999 000<|box_end|><|ref_start|>header<|ref_end|><|rotate_up|>

2026-08-06 07:10:43.659 | WARNING  | mineru_vl_utils.mineru_client:parse_layout_output:247 - Invalid bbox in layout output line: <|box_start|>000 000 999 000<|box_end|><|ref_start|>header<|ref_end|><|rotate_up|>

2026-08-06 07:10:43.660 | WARNING  | mineru_vl_utils.mineru_client:parse_layout_output:247 - Invalid bbox in layout output line: <|box_start|>000 000 999 000<|box_end|><|ref_start|>header<|ref_end|><|rotate_up|>

2026-08-06 07:10:43.660 | WARNING  | mineru_vl_utils.mineru_client:parse_layout_output:247 - Invalid bbox in layout output line: <|box_start|>000 000 999 000<|box_end|><|ref_start|>header<|ref_end|><|rotate_up|>

2026-08-06 07:10:43.660 | WARNING  | mineru_vl_utils.mineru_client:parse_layout_output:247 - Invalid bbox in layout output line: <|box_start|>000 000 999 000<|box_end|><|ref_start|>header<|ref_end|><|rotate_up|>

2026-08-06 07:10:43.660 | WARNING  | mineru_vl_utils.mineru_client:parse_layout_output:247 - Invalid bbox in layout output line: <|box_start|>000 000 999 000<|box_end|><|ref_start|>header<|ref_end|><|rotate_up|>

2026-08-06 07:10:43.660 | WARNING  | mineru_vl_utils.mineru_client:parse_layout_output:247 - Invalid bbox in layout output line: <|box_start|>000 000 999 000<|box_end|><|ref_start|>header<|ref_end|><|rotate_up|>

2026-08-06 07:10:43.660 | WARNING  | mineru_vl_utils.mineru_client:parse_layout_output:247 - Invalid bbox in layout output line: <|box_start|>000 000 999 000<|box_end|><|ref_start|>header<|ref_end|><|rotate_up|>

2026-08-06 07:10:43.660 | WARNING  | mineru_vl_utils.mineru_client:parse_layout_output:247 - Invalid bbox in layout output line: <|box_start|>000 000 999 000<|box_end|><|ref_start|>header<|ref_end|><|rotate_up|>

2026-08-06 07:10:43.660 | WARNING  | mineru_vl_utils.mineru_client:parse_layout_output:247 - Invalid bbox in layout output line: <|box_start|>000 000 999 000<|box_end|><|ref_start|>header<|ref_end|><|rotate_up|>

2026-08-06 07:10:43.660 | WARNING  | mineru_vl_utils.mineru_client:parse_layout_output:247 - Invalid bbox in layout output line: <|box_start|>000 000 999 000<|box_end|><|ref_start|>header<|ref_end|><|rotate_up|>

2026-08-06 07:10:43.660 | WARNING  | mineru_vl_utils.mineru_client:parse_layout_output:247 - Invalid bbox in layout output line: <|box_start|>000 000 999 000<|box_end|><|ref_start|>header<|ref_end|><|rotate_up|>

2026-08-06 07:10:43.660 | WARNING  | mineru_vl_utils.mineru_client:parse_layout_output:247 - Invalid bbox in layout output line: <|box_start|>000 000 999 000<|box_end|><|ref_start|>header<|ref_end|><|rotate_up|>

2026-08-06 07:10:43.660 | WARNING  | mineru_vl_utils.mineru_client:parse_layout_output:247 - Invalid bbox in layout output line: <|box_start|>000 000 999 000<|box_end|><|ref_start|>header<|ref_end|><|rotate_up|>

2026-08-06 07:10:43.660 | WARNING  | mineru_vl_utils.mineru_client:parse_layout_output:247 - Invalid bbox in layout output line: <|box_start|>000 000 999 000<|box_end|><|ref_start|>header<|ref_end|><|rotate_up|>

2026-08-06 07:10:43.660 | WARNING  | mineru_vl_utils.mineru_client:parse_layout_output:247 - Invalid bbox in layout output line: <|box_start|>000 000 999 000<|box_end|><|ref_start|>header<|ref_end|><|rotate_up|>

2026-08-06 07:10:43.660 | WARNING  | mineru_vl_utils.mineru_client:parse_layout_output:247 - Invalid bbox in layout output line: <|box_start|>000 000 999 000<|box_end|><|ref_start|>header<|ref_end|><|rotate_up|>

2026-08-06 07:10:43.660 | WARNING  | mineru_vl_utils.mineru_client:parse_layout_output:247 - Invalid bbox in layout output line: <|box_start|>000 000 999 000<|box_end|><|ref_start|>header<|ref_end|><|rotate_up|>

2026-08-06 07:10:43.661 | WARNING  | mineru_vl_utils.mineru_client:parse_layout_output:247 - Invalid bbox in layout output line: <|box_start|>000 000 999 000<|box_end|><|ref_start|>header<|ref_end|><|rotate_up|>

2026-08-06 07:10:43.661 | WARNING  | mineru_vl_utils.mineru_client:parse_layout_output:247 - Invalid bbox in layout output line: <|box_start|>000 000 999 000<|box_end|><|ref_start|>header<|ref_end|><|rotate_up|>

2026-08-06 07:10:43.661 | WARNING  | mineru_vl_utils.mineru_client:parse_layout_output:247 - Invalid bbox in layout output line: <|box_start|>000 000 999 000<|box_end|><|ref_start|>header<|ref_end|><|rotate_up|>

2026-08-06 07:10:43.661 | WARNING  | mineru_vl_utils.mineru_client:parse_layout_output:247 - Invalid bbox in layout output line: <|box_start|>000 000 999 000<|box_end|><|ref_start|>header<|ref_end|><|rotate_up|>

2026-08-06 07:10:43.661 | WARNING  | mineru_vl_utils.mineru_client:parse_layout_output:247 - Invalid bbox in layout output line: <|box_start|>000 000 999 000<|box_end|><|ref_start|>header<|ref_end|><|rotate_up|>

2026-08-06 07:10:43.661 | WARNING  | mineru_vl_utils.mineru_client:parse_layout_output:247 - Invalid bbox in layout output line: <|box_start|>000 000 999 000<|box_end|><|ref_start|>header<|ref_end|><|rotate_up|>

2026-08-06 07:10:43.661 | WARNING  | mineru_vl_utils.mineru_client:parse_layout_output:247 - Invalid bbox in layout output line: <|box_start|>000 000 999 000<|box_end|><|ref_start|>header<|ref_end|><|rotate_up|>

2026-08-06 07:10:43.661 | WARNING  | mineru_vl_utils.mineru_client:parse_layout_output:247 - Invalid bbox in layout output line: <|box_start|>000 000 999 000<|box_end|><|ref_start|>header<|ref_end|><|rotate_up|>

2026-08-06 07:10:43.661 | WARNING  | mineru_vl_utils.mineru_client:parse_layout_output:247 - Invalid bbox in layout output line: <|box_start|>000 000 999 000<|box_end|><|ref_start|>header<|ref_end|><|rotate_up|>

2026-08-06 07:10:43.661 | WARNING  | mineru_vl_utils.mineru_client:parse_layout_output:247 - Invalid bbox in layout output line: <|box_start|>000 000 999 000<|box_end|><|ref_start|>header<|ref_end|><|rotate_up|>

2026-08-06 07:10:43.661 | WARNING  | mineru_vl_utils.mineru_client:parse_layout_output:247 - Invalid bbox in layout output line: <|box_start|>000 000 999 000<|box_end|><|ref_start|>header<|ref_end|><|rotate_up|>

2026-08-06 07:10:43.661 | WARNING  | mineru_vl_utils.mineru_client:parse_layout_output:247 - Invalid bbox in layout output line: <|box_start|>000 000 999 000<|box_end|><|ref_start|>header<|ref_end|><|rotate_up|>

2026-08-06 07:10:43.661 | WARNING  | mineru_vl_utils.mineru_client:parse_layout_output:247 - Invalid bbox in layout output line: <|box_start|>000 000 999 000<|box_end|><|ref_start|>header<|ref_end|><|rotate_up|>

2026-08-06 07:10:43.661 | WARNING  | mineru_vl_utils.mineru_client:parse_layout_output:247 - Invalid bbox in layout output line: <|box_start|>000 000 999 000<|box_end|><|ref_start|>header<|ref_end|><|rotate_up|>

2026-08-06 07:10:43.662 | WARNING  | mineru_vl_utils.mineru_client:parse_layout_output:247 - Invalid bbox in layout output line: <|box_start|>000 000 999 000<|box_end|><|ref_start|>header<|ref_end|><|rotate_up|>

2026-08-06 07:10:43.662 | WARNING  | mineru_vl_utils.mineru_client:parse_layout_output:247 - Invalid bbox in layout output line: <|box_start|>000 000 999 000<|box_end|><|ref_start|>header<|ref_end|><|rotate_up|>

2026-08-06 07:10:43.662 | WARNING  | mineru_vl_utils.mineru_client:parse_layout_output:247 - Invalid bbox in layout output line: <|box_start|>000 000 999 000<|box_end|><|ref_start|>header<|ref_end|><|rotate_up|>

2026-08-06 07:10:43.662 | WARNING  | mineru_vl_utils.mineru_client:parse_layout_output:247 - Invalid bbox in layout output line: <|box_start|>000 000 999 000<|box_end|><|ref_start|>header<|ref_end|><|rotate_up|>

2026-08-06 07:10:43.662 | WARNING  | mineru_vl_utils.mineru_client:parse_layout_output:247 - Invalid bbox in layout output line: <|box_start|>000 000 999 000<|box_end|><|ref_start|>header<|ref_end|><|rotate_up|>

2026-08-06 07:10:43.662 | WARNING  | mineru_vl_utils.mineru_client:parse_layout_output:247 - Invalid bbox in layout output line: <|box_start|>000 000 999 000<|box_end|><|ref_start|>header<|ref_end|><|rotate_up|>

2026-08-06 07:10:43.662 | WARNING  | mineru_vl_utils.mineru_client:parse_layout_output:247 - Invalid bbox in layout output line: <|box_start|>000 000 999 000<|box_end|><|ref_start|>header<|ref_end|><|rotate_up|>

2026-08-06 07:10:43.662 | WARNING  | mineru_vl_utils.mineru_client:parse_layout_output:247 - Invalid bbox in layout output line: <|box_start|>000 000 999 000<|box_end|><|ref_start|>header<|ref_end|><|rotate_up|>

2026-08-06 07:10:43.662 | WARNING  | mineru_vl_utils.mineru_client:parse_layout_output:247 - Invalid bbox in layout output line: <|box_start|>000 000 999 000<|box_end|><|ref_start|>header<|ref_end|><|rotate_up|>

2026-08-06 07:10:43.662 | WARNING  | mineru_vl_utils.mineru_client:parse_layout_output:247 - Invalid bbox in layout output line: <|box_start|>000 000 999 000<|box_end|><|ref_start|>header<|ref_end|><|rotate_up|>

2026-08-06 07:10:43.662 | WARNING  | mineru_vl_utils.mineru_client:parse_layout_output:247 - Invalid bbox in layout output line: <|box_start|>000 000 999 000<|box_end|><|ref_start|>header<|ref_end|><|rotate_up|>

2026-08-06 07:10:43.662 | WARNING  | mineru_vl_utils.mineru_client:parse_layout_output:247 - Invalid bbox in layout output line: <|box_start|>000 000 999 000<|box_end|><|ref_start|>header<|ref_end|><|rotate_up|>

2026-08-06 07:10:43.662 | WARNING  | mineru_vl_utils.mineru_client:parse_layout_output:247 - Invalid bbox in layout output line: <|box_start|>000 000 999 000<|box_end|><|ref_start|>header<|ref_end|><|rotate_up|>

2026-08-06 07:10:43.662 | WARNING  | mineru_vl_utils.mineru_client:parse_layout_output:247 - Invalid bbox in layout output line: <|box_start|>000 000 999 000<|box_end|><|ref_start|>header<|ref_end|><|rotate_up|>

2026-08-06 07:10:43.662 | WARNING  | mineru_vl_utils.mineru_client:parse_layout_output:247 - Invalid bbox in layout output line: <|box_start|>000 000 999 000<|box_end|><|ref_start|>header<|ref_end|><|rotate_up|>

2026-08-06 07:10:43.662 | WARNING  | mineru_vl_utils.mineru_client:parse_layout_output:247 - Invalid bbox in layout output line: <|box_start|>000 000 999 000<|box_end|><|ref_start|>header<|ref_end|><|rotate_up|>

2026-08-06 07:10:43.663 | WARNING  | mineru_vl_utils.mineru_client:parse_layout_output:247 - Invalid bbox in layout output line: <|box_start|>000 000 999 000<|box_end|><|ref_start|>header<|ref_end|><|rotate_up|>

2026-08-06 07:10:43.663 | WARNING  | mineru_vl_utils.mineru_client:parse_layout_output:247 - Invalid bbox in layout output line: <|box_start|>000 000 999 000<|box_end|><|ref_start|>header<|ref_end|><|rotate_up|>

2026-08-06 07:10:43.663 | WARNING  | mineru_vl_utils.mineru_client:parse_layout_output:247 - Invalid bbox in layout output line: <|box_start|>000 000 999 000<|box_end|><|ref_start|>header<|ref_end|><|rotate_up|>

2026-08-06 07:10:43.663 | WARNING  | mineru_vl_utils.mineru_client:parse_layout_output:247 - Invalid bbox in layout output line: <|box_start|>000 000 999 000<|box_end|><|ref_start|>header<|ref_end|><|rotate_up|>

2026-08-06 07:10:43.663 | WARNING  | mineru_vl_utils.mineru_client:parse_layout_output:247 - Invalid bbox in layout output line: <|box_start|>000 000 999 000<|box_end|><|ref_start|>header<|ref_end|><|rotate_up|>

2026-08-06 07:10:43.663 | WARNING  | mineru_vl_utils.mineru_client:parse_layout_output:247 - Invalid bbox in layout output line: <|box_start|>000 000 999 000<|box_end|><|ref_start|>header<|ref_end|><|rotate_up|>

2026-08-06 07:10:43.663 | WARNING  | mineru_vl_utils.mineru_client:parse_layout_output:247 - Invalid bbox in layout output line: <|box_start|>000 000 999 000<|box_end|><|ref_start|>header<|ref_end|><|rotate_up|>

2026-08-06 07:10:43.663 | WARNING  | mineru_vl_utils.mineru_client:parse_layout_output:247 - Invalid bbox in layout output line: <|box_start|>000 000 999 000<|box_end|><|ref_start|>header<|ref_end|><|rotate_up|>

2026-08-06 07:10:43.663 | WARNING  | mineru_vl_utils.mineru_client:parse_layout_output:247 - Invalid bbox in layout output line: <|box_start|>000 000 999 000<|box_end|><|ref_start|>header<|ref_end|><|rotate_up|>

2026-08-06 07:10:43.663 | WARNING  | mineru_vl_utils.mineru_client:parse_layout_output:247 - Invalid bbox in layout output line: <|box_start|>000 000 999 000<|box_end|><|ref_start|>header<|ref_end|><|rotate_up|>

2026-08-06 07:10:43.663 | WARNING  | mineru_vl_utils.mineru_client:parse_layout_output:247 - Invalid bbox in layout output line: <|box_start|>000 000 999 000<|box_end|><|ref_start|>header<|ref_end|><|rotate_up|>

2026-08-06 07:10:43.663 | WARNING  | mineru_vl_utils.mineru_client:parse_layout_output:247 - Invalid bbox in layout output line: <|box_start|>000 000 999 000<|box_end|><|ref_start|>header<|ref_end|><|rotate_up|>

2026-08-06 07:10:43.663 | WARNING  | mineru_vl_utils.mineru_client:parse_layout_output:247 - Invalid bbox in layout output line: <|box_start|>000 000 999 000<|box_end|><|ref_start|>header<|ref_end|><|rotate_up|>

2026-08-06 07:10:43.663 | WARNING  | mineru_vl_utils.mineru_client:parse_layout_output:247 - Invalid bbox in layout output line: <|box_start|>000 000 999 000<|box_end|><|ref_start|>header<|ref_end|><|rotate_up|>

2026-08-06 07:10:43.663 | WARNING  | mineru_vl_utils.mineru_client:parse_layout_output:247 - Invalid bbox in layout output line: <|box_start|>000 000 999 000<|box_end|><|ref_start|>header<|ref_end|><|rotate_up|>

2026-08-06 07:10:43.663 | WARNING  | mineru_vl_utils.mineru_client:parse_layout_output:247 - Invalid bbox in layout output line: <|box_start|>000 000 999 000<|box_end|><|ref_start|>header<|ref_end|><|rotate_up|>

2026-08-06 07:10:43.664 | WARNING  | mineru_vl_utils.mineru_client:parse_layout_output:247 - Invalid bbox in layout output line: <|box_start|>000 000 999 000<|box_end|><|ref_start|>header<|ref_end|><|rotate_up|>

2026-08-06 07:10:43.664 | WARNING  | mineru_vl_utils.mineru_client:parse_layout_output:247 - Invalid bbox in layout output line: <|box_start|>000 000 999 000<|box_end|><|ref_start|>header<|ref_end|><|rotate_up|>

2026-08-06 07:10:43.664 | WARNING  | mineru_vl_utils.mineru_client:parse_layout_output:247 - Invalid bbox in layout output line: <|box_start|>000 000 999 000<|box_end|><|ref_start|>header<|ref_end|><|rotate_up|>

2026-08-06 07:10:43.664 | WARNING  | mineru_vl_utils.mineru_client:parse_layout_output:247 - Invalid bbox in layout output line: <|box_start|>000 000 999 000<|box_end|><|ref_start|>header<|ref_end|><|rotate_up|>

2026-08-06 07:10:43.664 | WARNING  | mineru_vl_utils.mineru_client:parse_layout_output:247 - Invalid bbox in layout output line: <|box_start|>000 000 999 000<|box_end|><|ref_start|>header<|ref_end|><|rotate_up|>

2026-08-06 07:10:43.664 | WARNING  | mineru_vl_utils.mineru_client:parse_layout_output:247 - Invalid bbox in layout output line: <|box_start|>000 000 999 000<|box_end|><|ref_start|>header<|ref_end|><|rotate_up|>

2026-08-06 07:10:43.664 | WARNING  | mineru_vl_utils.mineru_client:parse_layout_output:247 - Invalid bbox in layout output line: <|box_start|>000 000 999 000<|box_end|><|ref_start|>header<|ref_end|><|rotate_up|>

2026-08-06 07:10:43.664 | WARNING  | mineru_vl_utils.mineru_client:parse_layout_output:247 - Invalid bbox in layout output line: <|box_start|>000 000 999 000<|box_end|><|ref_start|>header<|ref_end|><|rotate_up|>

2026-08-06 07:10:43.664 | WARNING  | mineru_vl_utils.mineru_client:parse_layout_output:247 - Invalid bbox in layout output line: <|box_start|>000 000 999 000<|box_end|><|ref_start|>header<|ref_end|><|rotate_up|>

2026-08-06 07:10:43.664 | WARNING  | mineru_vl_utils.mineru_client:parse_layout_output:247 - Invalid bbox in layout output line: <|box_start|>000 000 999 000<|box_end|><|ref_start|>header<|ref_end|><|rotate_up|>

2026-08-06 07:10:43.664 | WARNING  | mineru_vl_utils.mineru_client:parse_layout_output:247 - Invalid bbox in layout output line: <|box_start|>000 000 999 000<|box_end|><|ref_start|>header<|ref_end|><|rotate_up|>

2026-08-06 07:10:43.664 | WARNING  | mineru_vl_utils.mineru_client:parse_layout_output:247 - Invalid bbox in layout output line: <|box_start|>000 000 999 000<|box_end|><|ref_start|>header<|ref_end|><|rotate_up|>

2026-08-06 07:10:43.664 | WARNING  | mineru_vl_utils.mineru_client:parse_layout_output:247 - Invalid bbox in layout output line: <|box_start|>000 000 999 000<|box_end|><|ref_start|>header<|ref_end|><|rotate_up|>

2026-08-06 07:10:43.664 | WARNING  | mineru_vl_utils.mineru_client:parse_layout_output:247 - Invalid bbox in layout output line: <|box_start|>000 000 999 000<|box_end|><|ref_start|>header<|ref_end|><|rotate_up|>

2026-08-06 07:10:43.664 | WARNING  | mineru_vl_utils.mineru_client:parse_layout_output:247 - Invalid bbox in layout output line: <|box_start|>000 000 999 000<|box_end|><|ref_start|>header<|ref_end|><|rotate_up|>

2026-08-06 07:10:43.664 | WARNING  | mineru_vl_utils.mineru_client:parse_layout_output:247 - Invalid bbox in layout output line: <|box_start|>000 000 999 000<|box_end|><|ref_start|>header<|ref_end|><|rotate_up|>

2026-08-06 07:10:43.665 | WARNING  | mineru_vl_utils.mineru_client:parse_layout_output:247 - Invalid bbox in layout output line: <|box_start|>000 000 999 000<|box_end|><|ref_start|>header<|ref_end|><|rotate_up|>

2026-08-06 07:10:43.665 | WARNING  | mineru_vl_utils.mineru_client:parse_layout_output:247 - Invalid bbox in layout output line: <|box_start|>000 000 999 000<|box_end|><|ref_start|>header<|ref_end|><|rotate_up|>

2026-08-06 07:10:43.665 | WARNING  | mineru_vl_utils.mineru_client:parse_layout_output:247 - Invalid bbox in layout output line: <|box_start|>000 000 999 000<|box_end|><|ref_start|>header<|ref_end|><|rotate_up|>

2026-08-06 07:10:43.665 | WARNING  | mineru_vl_utils.mineru_client:parse_layout_output:247 - Invalid bbox in layout output line: <|box_start|>000 000 999 000<|box_end|><|ref_start|>header<|ref_end|><|rotate_up|>

2026-08-06 07:10:43.665 | WARNING  | mineru_vl_utils.mineru_client:parse_layout_output:247 - Invalid bbox in layout output line: <|box_start|>000 000 999 000<|box_end|><|ref_start|>header<|ref_end|><|rotate_up|>

2026-08-06 07:10:43.665 | WARNING  | mineru_vl_utils.mineru_client:parse_layout_output:247 - Invalid bbox in layout output line: <|box_start|>000 000 999 000<|box_end|><|ref_start|>header<|ref_end|><|rotate_up|>

2026-08-06 07:10:43.665 | WARNING  | mineru_vl_utils.mineru_client:parse_layout_output:247 - Invalid bbox in layout output line: <|box_start|>000 000 999 000<|box_end|><|ref_start|>header<|ref_end|><|rotate_up|>

2026-08-06 07:10:43.665 | WARNING  | mineru_vl_utils.mineru_client:parse_layout_output:247 - Invalid bbox in layout output line: <|box_start|>000 000 999 000<|box_end|><|ref_start|>header<|ref_end|><|rotate_up|>

2026-08-06 07:10:43.665 | WARNING  | mineru_vl_utils.mineru_client:parse_layout_output:247 - Invalid bbox in layout output line: <|box_start|>000 000 999 000<|box_end|><|ref_start|>header<|ref_end|><|rotate_up|>

2026-08-06 07:10:43.665 | WARNING  | mineru_vl_utils.mineru_client:parse_layout_output:247 - Invalid bbox in layout output line: <|box_start|>000 000 999 000<|box_end|><|ref_start|>header<|ref_end|><|rotate_up|>

2026-08-06 07:10:43.665 | WARNING  | mineru_vl_utils.mineru_client:parse_layout_output:247 - Invalid bbox in layout output line: <|box_start|>000 000 999 000<|box_end|><|ref_start|>header<|ref_end|><|rotate_up|>

2026-08-06 07:10:43.665 | WARNING  | mineru_vl_utils.mineru_client:parse_layout_output:247 - Invalid bbox in layout output line: <|box_start|>000 000 999 000<|box_end|><|ref_start|>header<|ref_end|><|rotate_up|>

2026-08-06 07:10:43.665 | WARNING  | mineru_vl_utils.mineru_client:parse_layout_output:247 - Invalid bbox in layout output line: <|box_start|>000 000 999 000<|box_end|><|ref_start|>header<|ref_end|><|rotate_up|>

2026-08-06 07:10:43.665 | WARNING  | mineru_vl_utils.mineru_client:parse_layout_output:247 - Invalid bbox in layout output line: <|box_start|>000 000 999 000<|box_end|><|ref_start|>header<|ref_end|><|rotate_up|>

2026-08-06 07:10:43.665 | WARNING  | mineru_vl_utils.mineru_client:parse_layout_output:247 - Invalid bbox in layout output line: <|box_start|>000 000 999 000<|box_end|><|ref_start|>header<|ref_end|><|rotate_up|>

2026-08-06 07:10:43.665 | WARNING  | mineru_vl_utils.mineru_client:parse_layout_output:247 - Invalid bbox in layout output line: <|box_start|>000 000 999 000<|box_end|><|ref_start|>header<|ref_end|><|rotate_up|>

2026-08-06 07:10:43.666 | WARNING  | mineru_vl_utils.mineru_client:parse_layout_output:247 - Invalid bbox in layout output line: <|box_start|>000 000 999 000<|box_end|><|ref_start|>header<|ref_end|><|rotate_up|>

2026-08-06 07:10:43.666 | WARNING  | mineru_vl_utils.mineru_client:parse_layout_output:247 - Invalid bbox in layout output line: <|box_start|>000 000 999 000<|box_end|><|ref_start|>header<|ref_end|><|rotate_up|>

2026-08-06 07:10:43.666 | WARNING  | mineru_vl_utils.mineru_client:parse_layout_output:247 - Invalid bbox in layout output line: <|box_start|>000 000 999 000<|box_end|><|ref_start|>header<|ref_end|><|rotate_up|>

2026-08-06 07:10:43.666 | WARNING  | mineru_vl_utils.mineru_client:parse_layout_output:247 - Invalid bbox in layout output line: <|box_start|>000 000 999 000<|box_end|><|ref_start|>header<|ref_end|><|rotate_up|>

2026-08-06 07:10:43.666 | WARNING  | mineru_vl_utils.mineru_client:parse_layout_output:247 - Invalid bbox in layout output line: <|box_start|>000 000 999 000<|box_end|><|ref_start|>header<|ref_end|><|rotate_up|>

2026-08-06 07:10:43.666 | WARNING  | mineru_vl_utils.mineru_client:parse_layout_output:247 - Invalid bbox in layout output line: <|box_start|>000 000 999 000<|box_end|><|ref_start|>header<|ref_end|><|rotate_up|>

2026-08-06 07:10:43.666 | WARNING  | mineru_vl_utils.mineru_client:parse_layout_output:247 - Invalid bbox in layout output line: <|box_start|>000 000 999 000<|box_end|><|ref_start|>header<|ref_end|><|rotate_up|>

2026-08-06 07:10:43.666 | WARNING  | mineru_vl_utils.mineru_client:parse_layout_output:247 - Invalid bbox in layout output line: <|box_start|>000 000 999 000<|box_end|><|ref_start|>header<|ref_end|><|rotate_up|>

2026-08-06 07:10:43.666 | WARNING  | mineru_vl_utils.mineru_client:parse_layout_output:247 - Invalid bbox in layout output line: <|box_start|>000 000 999 000<|box_end|><|ref_start|>header<|ref_end|><|rotate_up|>

2026-08-06 07:10:43.666 | WARNING  | mineru_vl_utils.mineru_client:parse_layout_output:247 - Invalid bbox in layout output line: <|box_start|>000 000 999 000<|box_end|><|ref_start|>header<|ref_end|><|rotate_up|>

2026-08-06 07:10:43.666 | WARNING  | mineru_vl_utils.mineru_client:parse_layout_output:247 - Invalid bbox in layout output line: <|box_start|>000 000 999 000<|box_end|><|ref_start|>header<|ref_end|><|rotate_up|>

2026-08-06 07:10:43.666 | WARNING  | mineru_vl_utils.mineru_client:parse_layout_output:247 - Invalid bbox in layout output line: <|box_start|>000 000 999 000<|box_end|><|ref_start|>header<|ref_end|>
2026-08-06 07:10:43.666 | DEBUG    | mineru_vl_utils.mineru_client:parse_layout_output:239 - Layout raw output: 
<|box_start|>040 016 060 040<|box_end|><|ref_start|>image<|ref_end|><|rotate_up|>
<|box_start|>061 016 080 040<|box_end|><|ref_start|>image<|ref_end|><|rotate_up|>
<|box_start|>081 016 100 040<|box_end|><|ref_start|>image<|ref_end|><|rotate_up|>
<|box_start|>101 016 120 040<|box_end|><|ref_start|>image<|ref_end|><|rotate_up|>
<|box_start|>121 016 140 040<|box_end|><|ref_start|>image<|ref_end|><|rotate_up|>
<|box_start|>141 016 160 040<|box_end|><|ref_start|>image<|ref_end|><|rotate_up|>
<|box_start|>161 016 180 040<|box_end|><|ref_start|>image<|ref_end|><|rotate_up|>
<|box_start|>181 016 200 040<|box_end|><|ref_start|>image<|ref_end|><|rotate_up|>
<|box_start|>201 016 220 040<|box_end|><|ref_start|>image<|ref_end|><|rotate_up|>
<|box_start|>221 016 240 040<|box_end|><|ref_start|>image<|ref_end|><|rotate_up|>
<|box_start|>241 016 260 040<|box_end|><|ref_start|>image<|ref_end|><|rotate_up|>
<|box_start|>261 016 280 040<|box_end|><|ref_start|>image<|ref_end|><|rotate_up|>
<|box_start|>281 016 300 040<|box_end|><|ref_start|>image<|ref_end|><|rotate_up|>
<|box_start|>301 016 320 040<|box_end|><|ref_start|>image<|ref_end|><|rotate_up|>
<|box_start|>321 016 340 040<|box_end|><|ref_start|>image<|ref_end|><|rotate_up|>
<|box_start|>341 016 360 040<|box_end|><|ref_start|>image<|ref_end|><|rotate_up|>
<|box_start|>361 016 380 040<|box_end|><|ref_start|>image<|ref_end|><|rotate_up|>
<|box_start|>381 016 400 040<|box_end|><|ref_start|>image<|ref_end|><|rotate_up|>
<|box_start|>401 016 420 040<|box_end|><|ref_start|>image<|ref_end|><|rotate_up|>
<|box_start|>421 016 440 040<|box_end|><|ref_start|>image<|ref_end|><|rotate_up|>
<|box_start|>441 016 460 040<|box_end|><|ref_start|>image<|ref_end|><|rotate_up|>
<|box_start|>461 016 480 040<|box_end|><|ref_start|>image<|ref_end|><|rotate_up|>
<|box_start|>481 016 500 040<|box_end|><|ref_start|>image<|ref_end|><|rotate_up|>
<|box_start|>501 016 520 040<|box_end|><|ref_start|>image<|ref_end|><|rotate_up|>
<|box_start|>521 016 540 040<|box_end|><|ref_start|>image<|ref_end|><|rotate_up|>
<|box_start|>541 016 560 040<|box_end|><|ref_start|>image<|ref_end|><|rotate_up|>
<|box_start|>561 016 580 040<|box_end|><|ref_start|>image<|ref_end|><|rotate_up|>
<|box_start|>581 016 600 040<|box_end|><|ref_start|>image<|ref_end|><|rotate_up|>
<|box_start|>601 016 620 040<|box_end|><|ref_start|>image<|ref_end|><|rotate_up|>
<|box_start|>621 016 640 040<|box_end|><|ref_start|>image<|ref_end|><|rotate_up|>
<|box_start|>641 016 660 040<|box_end|><|ref_start|>image<|ref_end|><|rotate_up|>
<|box_start|>661 016 680 040<|box_end|><|ref_start|>image<|ref_end|><|rotate_up|>
<|box_start|>681 016 700 040<|box_end|><|ref_start|>image<|ref_end|><|rotate_up|>
<|box_start|>701 016 720 040<|box_end|><|ref_start|>image<|ref_end|><|rotate_up|>
<|box_start|>721 016 740 040<|box_end|><|ref_start|>image<|ref_end|><|rotate_up|>
<|box_start|>741 016 760 040<|box_end|><|ref_start|>image<|ref_end|><|rotate_up|>
<|box_start|>761 016 780 040<|box_end|><|ref_start|>image<|ref_end|><|rotate_up|>
<|box_start|>781 016 800 040<|box_end|><|ref_start|>image<|ref_end|><|rotate_up|>
<|box_start|>801 016 820 040<|box_end|><|ref_start|>image<|ref_end|><|rotate_up|>
<|box_start|>821 016 840 040<|box_end|><|ref_start|>image<|ref_end|><|rotate_up|>
<|box_start|>841 016 860 040<|box_end|><|ref_start|>image<|ref_end|><|rotate_up|>
<|box_start|>861 016 880 040<|box_end|><|ref_start|>image<|ref_end|><|rotate_up|>
<|box_start|>881 016 900 040<|box_end|><|ref_start|>image<|ref_end|><|rotate_up|>
<|box_start|>901 016 920 040<|box_end|><|ref_start|>image<|ref_end|><|rotate_up|>
<|box_start|>921 016 940 040<|box_end|><|ref_start|>image<|ref_end|><|rotate_up|>
<|box_start|>941 016 960 040<|box_end|><|ref_start|>image<|ref_end|><|rotate_up|>
<|box_start|>961 016 980 040<|box_end|><|ref_start|>image<|ref_end|><|rotate_up|>
<|box_start|>981 016 990 040<|box_end|><|ref_start|>image<|ref_end|><|rotate_up|>
<|box_start|>991 016 110 040<|box_end|><|ref_start|>image<|ref_end|><|rotate_up|>
<|box_start|>111 016 130 040<|box_end|><|ref_start|>image<|ref_end|><|rotate_up|>
<|box_start|>131 016 150 040<|box_end|><|ref_start|>image<|ref_end|><|rotate_up|>
<|box_start|>151 016 170 040<|box_end|><|ref_start|>image<|ref_end|><|rotate_up|>
<|box_start|>171 016 190 040<|box_end|><|ref_start|>image<|ref_end|><|rotate_up|>
<|box_start|>191 016 210 040<|box_end|><|ref_start|>image<|ref_end|><|rotate_up|>
<|box_start|>211 016 230 040<|box_end|><|ref_start|>image<|ref_end|><|rotate_up|>
<|box_start|>231 016 250 040<|box_end|><|ref_start|>image<|ref_end|><|rotate_up|>
<|box_start|>251 016 270 040<|box_end|><|ref_start|>image<|ref_end|><|rotate_up|>
<|box_start|>271 016 290 040<|box_end|><|ref_start|>image<|ref_end|><|rotate_up|>
<|box_start|>291 016 310 040<|box_end|><|ref_start|>image<|ref_end|><|rotate_up|>
<|box_start|>311 016 330 040<|box_end|><|ref_start|>image<|ref_end|><|rotate_up|>
<|box_start|>331 016 350 040<|box_end|><|ref_start|>image<|ref_end|><|rotate_up|>
<|box_start|>351 016 370 040<|box_end|><|ref_start|>image<|ref_end|><|rotate_up|>
<|box_start|>371 016 390 040<|box_end|><|ref_start|>image<|ref_end|><|rotate_up|>
<|box_start|>391 016 410 040<|box_end|><|ref_start|>image<|ref_end|><|rotate_up|>
<|box_start|>411 016 430 040<|box_end|><|ref_start|>image<|ref_end|><|rotate_up|>
<|box_start|>431 016 450 040<|box_end|><|ref_start|>image<|ref_end|><|rotate_up|>
<|box_start|>451 016 470 040<|box_end|><|ref_start|>image<|ref_end|><|rotate_up|>
<|box_start|>471 016 490 040<|box_end|><|ref_start|>image<|ref_end|><|rotate_up|>
<|box_start|>491 016 510 040<|box_end|><|ref_start|>image<|ref_end|><|rotate_up|>
<|box_start|>511 016 530 040<|box_end|><|ref_start|>image<|ref_end|><|rotate_up|>
<|box_start|>531 016 550 040<|box_end|><|ref_start|>image<|ref_end|><|rotate_up|>
<|box_start|>551 016 570 040<|box_end|><|ref_start|>image<|ref_end|><|rotate_up|>
<|box_start|>571 016 590 040<|box_end|><|ref_start|>image<|ref_end|><|rotate_up|>
<|box_start|>591 016 610 040<|box_end|><|ref_start|>image<|ref_end|><|rotate_up|>
<|box_start|>611 016 630 040<|box_end|><|ref_start|>image<|ref_end|><|rotate_up|>
<|box_start|>631 016 650 040<|box_end|><|ref_start|>image<|ref_end|><|rotate_up|>
<|box_start|>651 016 670 040<|box_end|><|ref_start|>image<|ref_end|><|rotate_up|>
<|box_start|>671 016 690 040<|box_end|><|ref_start|>image<|ref_end|><|rotate_up|>
<|box_start|>691 016 710 040<|box_end|><|ref_start|>image<|ref_end|><|rotate_up|>
<|box_start|>711 016 730 040<|box_end|><|ref_start|>image<|ref_end|><|rotate_up|>
<|box_start|>731 016 750 040<|box_end|><|ref_start|>image<|ref_end|><|rotate_up|>
<|box_start|>751 016 770 040<|box_end|><|ref_start|>image<|ref_end|><|rotate_up|>
<|box_start|>771 016 790 040<|box_end|><|ref_start|>image<|ref_end|><|rotate_up|>
<|box_start|>791 016 810 040<|box_end|><|ref_start|>image<|ref_end|><|rotate_up|>
<|box_start|>811 016 830 040<|box_end|><|ref_start|>image<|ref_end|><|rotate_up|>
<|box_start|>831 016 850 040<|box_end|><|ref_start|>image<|ref_end|><|rotate_up|>
<|box_start|>851 016 870 040<|box_end|><|ref_start|>image<|ref_end|><|rotate_up|>
<|box_start|>871 016 890 040<|box_end|><|ref_start|>image<|ref_end|><|rotate_up|>
<|box_start|>891 016 910 040<|box_end|><|ref_start|>image<|ref_end|><|rotate_up|>
<|box_start|>911 016 930 040<|box_end|><|ref_start|>image<|ref_end|><|rotate_up|>
<|box_start|>931 016 950 040<|box_end|><|ref_start|>image<|ref_end|><|rotate_up|>
<|box_start|>951 016 970 040<|box_end|><|ref_start|>image<|ref_end|><|rotate_up|>
<|box_start|>971 016 990 040<|box_end|><|ref_start|>image<|ref_end|><|rotate_up|>
<|box_start|>991 016 999 040<|box_end|><|ref_start|>image<|ref_end|><|rotate_up|>
<|box_start|>999 016 110 040<|box_end|><|ref_start|>image<|ref_end|><|rotate_up|>
<|box_start|>111 016 130 040<|box_end|><|ref_start|>image<|ref_end|><|rotate_up|>
<|box_start|>131 016 150 040<|box_end|><|ref_start|>image<|ref_end|><|rotate_up|>
<|box_start|>151 016 170 040<|box_end|><|ref_start|>image<|ref_end|><|rotate_up|>
<|box_start|>171 016 190 040<|box_end|><|ref_start|>image<|ref_end|><|rotate_up|>
<|box_start|>191 016 210 040<|box_end|><|ref_start|>image<|ref_end|><|rotate_up|>
<|box_start|>211 016 230 040<|box_end|><|ref_start|>image<|ref_end|><|rotate_up|>
<|box_start|>231 016 250 040<|box_end|><|ref_start|>image<|ref_end|><|rotate_up|>
<|box_start|>251 016 270 040<|box_end|><|ref_start|>image<|ref_end|><|rotate_up|>
<|box_start|>271 016 290 040<|box_end|><|ref_start|>image<|ref_end|><|rotate_up|>
<|box_start|>291 016 310 040<|box_end|><|ref_start|>image<|ref_end|><|rotate_up|>
<|box_start|>311 016 330 040<|box_end|><|ref_start|>image<|ref_end|><|rotate_up|>
<|box_start|>331 016 350 040<|box_end|><|ref_start|>image<|ref_end|><|rotate_up|>
<|box_start|>351 016 370 040<|box_end|><|ref_start|>image<|ref_end|><|rotate_up|>
<|box_start|>371 016 390 040<|box_end|><|ref_start|>image<|ref_end|><|rotate_up|>
<|box_start|>391 016 410 040<|box_end|><|ref_start|>image<|ref_end|><|rotate_up|>
<|box_start|>411 016 430 040<|box_end|><|ref_start|>image<|ref_end|><|rotate_up|>
<|box_start|>431 016 450 040<|box_end|><|ref_start|>image<|ref_end|><|rotate_up|>
<|box_start|>451 016 470 040<|box_end|><|ref_start|>image<|ref_end|><|rotate_up|>
<|box_start|>471 016 490 040<|box_end|><|ref_start|>image<|ref_end|><|rotate_up|>
<|box_start|>491 016 510 040<|box_end|><|ref_start|>image<|ref_end|><|rotate_up|>
<|box_start|>511 016 530 040<|box_end|><|ref_start|>image<|ref_end|><|rotate_up|>
<|box_start|>531 016 550 040<|box_end|><|ref_start|>image<|ref_end|><|rotate_up|>
<|box_start|>551 016 570 040<|box_end|><|ref_start|>image<|ref_end|><|rotate_up|>
<|box_start|>571 016 590 040<|box_end|><|ref_start|>image<|ref_end|><|rotate_up|>
<|box_start|>591 016 610 040<|box_end|><|ref_start|>image<|ref_end|><|rotate_up|>
<|box_start|>611 016 630 040<|box_end|><|ref_start|>image<|ref_end|><|rotate_up|>
<|box_start|>631 016 650 040<|box_end|><|ref_start|>image<|ref_end|><|rotate_up|>
<|box_start|>651 016 670 040<|box_end|><|ref_start|>image<|ref_end|><|rotate_up|>
<|box_start|>671 016 690 040<|box_end|><|ref_start|>image<|ref_end|><|rotate_up|>
<|box_start|>691 016 710 040<|box_end|><|ref_start|>image<|ref_end|><|rotate_up|>
<|box_start|>711 016 730 040<|box_end|><|ref_start|>image<|ref_end|><|rotate_up|>
<|box_start|>731 016 750 040<|box_end|><|ref_start|>image<|ref_end|><|rotate_up|>
<|box_start|>751 016 770 040<|box_end|><|ref_start|>image<|ref_end|><|rotate_up|>
<|box_start|>771 016 790 040<|box_end|><|ref_start|>image<|ref_end|><|rotate_up|>
<|box_start|>791 016 810 040<|box_end|><|ref_start|>image<|ref_end|><|rotate_up|>
<|box_start|>811 016 830 040<|box_end|><|ref_start|>image<|ref_end|><|rotate_up|>
<|box_start|>831 016 850 040<|box_end|><|ref_start|>image<|ref_end|><|rotate_up|>
<|box_start|>851 016 870 040<|box_end|><|ref_start|>image<|ref_end|><|rotate_up|>
<|box_start|>871 016 890 040<|box_end|><|ref_start|>image<|ref_end|><|rotate_up|>
<|box_start|>891 016 910 040<|box_end|><|ref_start|>image<|ref_end|><|rotate_up|>
<|box_start|>911 016 930 040<|box_end|><|ref_start|>image<|ref_end|><|rotate_up|>
<|box_start|>931 016 950 040<|box_end|><|ref_start|>image<|ref_end|><|rotate_up|>
<|box_start|>951 016 970 040<|box_end|><|ref_start|>image<|ref_end|><|rotate_up|>
<|box_start|>971 016 990 040<|box_end|><|ref_start|>image<|ref_end|><|rotate_up|>
<|box_start|>991 016 999 040<|box_end|><|ref_start|>image<|ref_end|><|rotate_up|>
<|box_start|>999 016 110 040<|box_end|><|ref_start|>image<|ref_end|><|rotate_up|>
<|box_start|>111 016 130 040<|box_end|><|ref_start|>image<|ref_end|><|rotate_up|>
<|box_start|>131 016 150 040<|box_end|><|ref_start|>image<|ref_end|><|rotate_up|>
<|box_start|>151 016 170 040<|box_end|><|ref_start|>image<|ref_end|><|rotate_up|>
<|box_start|>171 016 190 040<|box_end|><|ref_start|>image<|ref_end|><|rotate_up|>
<|box_start|>191 016 210 040<|box_end|><|ref_start|>image<|ref_end|><|rotate_up|>
<|box_start|>211 016 230 040<|box_end|><|ref_start|>image<|ref_end|><|rotate_up|>
<|box_start|>231 016 250 040<|box_end|><|ref_start|>image<|ref_end|><|rotate_up|>
<|box_start|>251 016 270 040<|box_end|><|ref_start|>image<|ref_end|><|rotate_up|>
<|box_start|>271 016 290 040<|box_end|><|ref_start|>image<|ref_end|><|rotate_up|>
<|box_start|>291 016 310 040<|box_end|><|ref_start|>image<|ref_end|><|rotate_up|>
<|box_start|>311 016 330 040<|box_end|><|ref_start|>image<|ref_end|>
2026-08-06 07:10:43.668 | WARNING  | mineru_vl_utils.mineru_client:parse_layout_output:261 - No angle found in layout output line: <|box_start|>311 016 330 040<|box_end|><|ref_start|>image<|ref_end|>
2026-08-06 07:10:43.669 | DEBUG    | mineru_vl_utils.mineru_client:parse_layout_output:239 - Layout raw output: 
<|box_start|>3.3.2.3【轴心加单调类型】
▲适用题型：已知对称轴和对称中心以及单调性，求ω范围的题目，并且（不论开闭）区间不含0，比如[π/4, π/3]；
▲方法原理：
y = sin(wx + φ)对称轴x = p，对称中心(t, 0)，在(a, b)单调，则w范围；
1.法一：卡形式卡范围再讨论
{ (1)卡形式：轴x = p, 心(t, 0) ⇒ { |p - t| = (2n-1)T/4 = (2n-1)2π/4 w [常写成(2n+1)T/4, n ∈ N]
{ (2)卡范围：|b - a| ≤ T/2 ⇒ |b - a| ≤ 1/2.2π/w ⇒ w ≤ π/b - a}
{ (3)讨论验证：{w = (2n-1)π/2|p - t| w ≤ π/b - a} ⇒ 逐个讨论w{ (1)w取一个符合的值
{ (2)对称中心(t, 0) ⇒ w + φ = kπ/2} ⇒ φ
{ (3)验证单调性是否符合题意
{ (4)按以上步骤循环讨论验证直至求出答案}
注意：以上结论无需记忆，重在理解；
举例说明：(浙江·杭十四中高二期末)f(x) = sin(ωx + φ)(ω > 0, |φ| ≤ π/2)，若x = π/8是函数f(x)
的零点，x = π/8是函数f(x)的对称轴，f(x)在区间(π/5, π/4)上单调，则ω的最大值是？
{ (1)卡形式：轴x = π/8, 心(-π/8, 0) ⇒ { |π/8 - (-π/8) = (2n+1)T/4 = (2n+1)2π/w
{ (2)卡范围：π/4, π/5 ≤ T/2 ⇒ { π/20 ≤ 1/2, π/w ⇒ w ≤ 20}
{ (3)讨论验证：{w = 4n + 2(n ∈ N)
w ≤ 20}
逐个讨论w{ (1)ω = 18
{ (2)对称中心(-π/8, 0) ⇒ 18 × (-π/8) + φ = kπ, k ∈ Z, |φ| ≤ π/2 ⇒ φ = π/4
{ (3)验证f(x) = sin(18x + π/4)在(π/5, π/4)不单调，ω = 18 含
{ (4)同理ω = 14. 算得φ = -π/4验证f(x) = sin(14x - π/4)在(π/5, π/4)单调故ωmax = 14}
394<|txt_contd_src|>
\]<|txt_contd_tgt|>
2026-08-06 07:10:43.669 | WARNING  | mineru_vl_utils.mineru_client:parse_layout_output:268 - Layout output does not match expected format: <|box_start|>3.3.2.3【轴心加单调类型】
▲适用题型：已知对称轴和对称中心以及单调性，求ω范围的题目，并且（不论开闭）区间不含0，比如[π/4, π/3]；
▲方法原理：
y = sin(wx + φ)对称轴x = p，对称中心(t, 0)，在(a, b)单调，则w范围；
1.法一：卡形式卡范围再讨论
{ (1)卡形式：轴x = p, 心(t, 0) ⇒ { |p - t| = (2n-1)T/4 = (2n-1)2π/4 w [常写成(2n+1)T/4, n ∈ N]
{ (2)卡范围：|b - a| ≤ T/2 ⇒ |b - a| ≤ 1/2.2π/w ⇒ w ≤ π/b - a}
{ (3)讨论验证：{w = (2n-1)π/2|p - t| w ≤ π/b - a} ⇒ 逐个讨论w{ (1)w取一个符合的值
{ (2)对称中心(t, 0) ⇒ w + φ = kπ/2} ⇒ φ
{ (3)验证单调性是否符合题意
{ (4)按以上步骤循环讨论验证直至求出答案}
注意：以上结论无需记忆，重在理解；
举例说明：(浙江·杭十四中高二期末)f(x) = sin(ωx + φ)(ω > 0, |φ| ≤ π/2)，若x = π/8是函数f(x)
的零点，x = π/8是函数f(x)的对称轴，f(x)在区间(π/5, π/4)上单调，则ω的最大值是？
{ (1)卡形式：轴x = π/8, 心(-π/8, 0) ⇒ { |π/8 - (-π/8) = (2n+1)T/4 = (2n+1)2π/w
{ (2)卡范围：π/4, π/5 ≤ T/2 ⇒ { π/20 ≤ 1/2, π/w ⇒ w ≤ 20}
{ (3)讨论验证：{w = 4n + 2(n ∈ N)
w ≤ 20}
逐个讨论w{ (1)ω = 18
{ (2)对称中心(-π/8, 0) ⇒ 18 × (-π/8) + φ = kπ, k ∈ Z, |φ| ≤ π/2 ⇒ φ = π/4
{ (3)验证f(x) = sin(18x + π/4)在(π/5, π/4)不单调，ω = 18 含
{ (4)同理ω = 14. 算得φ = -π/4验证f(x) = sin(14x - π/4)在(π/5, π/4)单调故ωmax = 14}
394<|txt_contd_src|>
\]<|txt_contd_tgt|>
2026-08-06 07:10:43.669 | DEBUG    | mineru_vl_utils.mineru_client:parse_layout_output:239 - Layout raw output: 
<fcel>Q_D,U,s)两结点系统共有12个变量,但只有4个实数方程。因而必须根据运行条件给定其中8个变量,即每个结点给定4个变量方能有解。虽然非线性方程组具有解的多值性,但只有一个解是稳定解。<lcel><nl><fcel>①将式的前两式与后两式分别相加得到全网有功功率和无功功率的平衡方程,因而该系统的有功功率损耗与无功功率损耗分别为<lcel><nl><fcel>ΔP=y(U_i^2+U_j^2)sinα_s-2y_mU_1U_2sinα_mcos(δ_i-δ_j)<lcel><nl><fcel>ΔQ=y(U_i^2+U_j^2)cosα_s-2y_mU_1U_2cosα_mcos(δ_i-δ_j)<lcel><nl><fcel>它们也都是结点电压相量的非线性函数。<lcel><nl><fcel>(二)n母线系统<lcel><nl><fcel>n母线功率方程是这类方程的一般形式。由式并用结点注入功率代替结点电流后可得<lcel><nl><fcel>式中P_i、Q_i分别为结点i的注入有功功率和注入无功功率,因而有<lcel><nl><fcel>使U_i=U_ie^{\delta_i},Y_{ij}=G_{ij}+jB_{ij}则有<lcel><nl><fcel>P_i-jQ_i=U_i e^{-j\delta_i\sum_{j=1}^n}(G_{ij}+jB_{ij})U_i e^{\delta_j}=U_i\sum_{j=1}^n(G_{ij}+jB_{ij})U_i e^{-k\delta_i- \delta_j}<lcel><nl><fcel>i=12,...,n<lcel><nl><fcel>由于<fcel>e^{-k\delta_i- \delta_j}=cos(\delta_i- \delta_j)-jsin(\delta_i- \delta_j)<nl><fcel>故有<lcel><nl><fcel>将上式的实部、虚部分开,则有<lcel><nl><fcel>对节点i,<fcel>P_i=P_{G_i}-P_{D_k},Q_i=Q_{G_i}-Q_{D_k}<nl><fcel>因而有<lcel><nl><fcel>上式即为n母线系统的极坐标功率方程。如前所述,一个结点有6个变量,那么n个结点就有6n个变量,上式只有2n个方程,因而必须给定4n个变量,方能有解。<lcel><nl><fcel>按照控制理论的概念,结点电压相量U_i、\delta_i称为状态变量,负荷功率P_{D_k}、Q_{D_k}称为扰动变量(不可控变<lcel><nl>
2026-08-06 07:10:43.669 | WARNING  | mineru_vl_utils.mineru_client:parse_layout_output:268 - Layout output does not match expected format: <fcel>Q_D,U,s)两结点系统共有12个变量,但只有4个实数方程。因而必须根据运行条件给定其中8个变量,即每个结点给定4个变量方能有解。虽然非线性方程组具有解的多值性,但只有一个解是稳定解。<lcel><nl><fcel>①将式的前两式与后两式分别相加得到全网有功功率和无功功率的平衡方程,因而该系统的有功功率损耗与无功功率损耗分别为<lcel><nl><fcel>ΔP=y(U_i^2+U_j^2)sinα_s-2y_mU_1U_2sinα_mcos(δ_i-δ_j)<lcel><nl><fcel>ΔQ=y(U_i^2+U_j^2)cosα_s-2y_mU_1U_2cosα_mcos(δ_i-δ_j)<lcel><nl><fcel>它们也都是结点电压相量的非线性函数。<lcel><nl><fcel>(二)n母线系统<lcel><nl><fcel>n母线功率方程是这类方程的一般形式。由式并用结点注入功率代替结点电流后可得<lcel><nl><fcel>式中P_i、Q_i分别为结点i的注入有功功率和注入无功功率,因而有<lcel><nl><fcel>使U_i=U_ie^{\delta_i},Y_{ij}=G_{ij}+jB_{ij}则有<lcel><nl><fcel>P_i-jQ_i=U_i e^{-j\delta_i\sum_{j=1}^n}(G_{ij}+jB_{ij})U_i e^{\delta_j}=U_i\sum_{j=1}^n(G_{ij}+jB_{ij})U_i e^{-k\delta_i- \delta_j}<lcel><nl><fcel>i=12,...,n<lcel><nl><fcel>由于<fcel>e^{-k\delta_i- \delta_j}=cos(\delta_i- \delta_j)-jsin(\delta_i- \delta_j)<nl><fcel>故有<lcel><nl><fcel>将上式的实部、虚部分开,则有<lcel><nl><fcel>对节点i,<fcel>P_i=P_{G_i}-P_{D_k},Q_i=Q_{G_i}-Q_{D_k}<nl><fcel>因而有<lcel><nl><fcel>上式即为n母线系统的极坐标功率方程。如前所述,一个结点有6个变量,那么n个结点就有6n个变量,上式只有2n个方程,因而必须给定4n个变量,方能有解。<lcel><nl><fcel>按照控制理论的概念,结点电压相量U_i、\delta_i称为状态变量,负荷功率P_{D_k}、Q_{D_k}称为扰动变量(不可控变<lcel><nl>
2026-08-06 07:10:43.669 | DEBUG    | mineru_vl_utils.mineru_client:parse_layout_output:239 - Layout raw output: 
<|box_start|>199 000 999 019<|box_end|><|ref_start|>header<|ref_end|><|rotate_up|>
<|box_start|>199 020 999 039<|box_end|><|ref_start|>header<|ref_end|><|rotate_up|>
<|box_start|>199 040 999 059<|box_end|><|ref_start|>header<|ref_end|><|rotate_up|>
<|box_start|>199 060 999 079<|box_end|><|ref_start|>header<|ref_end|><|rotate_up|>
<|box_start|>199 080 999 099<|box_end|><|ref_start|>header<|ref_end|><|rotate_up|>
<|box_start|>199 100 999 119<|box_end|><|ref_start|>header<|ref_end|><|rotate_up|>
<|box_start|>199 120 999 139<|box_end|><|ref_start|>header<|ref_end|><|rotate_up|>
<|box_start|>199 140 999 159<|box_end|><|ref_start|>header<|ref_end|><|rotate_up|>
<|box_start|>199 160 999 179<|box_end|><|ref_start|>header<|ref_end|><|rotate_up|>
<|box_start|>199 180 999 199<|box_end|><|ref_start|>header<|ref_end|><|rotate_up|>
<|box_start|>199 200 999 219<|box_end|><|ref_start|>header<|ref_end|><|rotate_up|>
<|box_start|>199 220 999 239<|box_end|><|ref_start|>header<|ref_end|><|rotate_up|>
<|box_start|>199 240 999 259<|box_end|><|ref_start|>header<|ref_end|><|rotate_up|>
<|box_start|>199 260 999 279<|box_end|><|ref_start|>header<|ref_end|><|rotate_up|>
<|box_start|>199 280 999 299<|box_end|><|ref_start|>header<|ref_end|><|rotate_up|>
<|box_start|>199 300 999 319<|box_end|><|ref_start|>header<|ref_end|><|rotate_up|>
<|box_start|>199 320 999 339<|box_end|><|ref_start|>header<|ref_end|><|rotate_up|>
<|box_start|>199 340 999 359<|box_end|><|ref_start|>header<|ref_end|><|rotate_up|>
<|box_start|>199 360 999 379<|box_end|><|ref_start|>header<|ref_end|><|rotate_up|>
<|box_start|>199 380 999 399<|box_end|><|ref_start|>header<|ref_end|><|rotate_up|>
<|box_start|>199 400 999 419<|box_end|><|ref_start|>header<|ref_end|><|rotate_up|>
<|box_start|>199 420 999 439<|box_end|><|ref_start|>header<|ref_end|><|rotate_up|>
<|box_start|>199 440 999 459<|box_end|><|ref_start|>header<|ref_end|><|rotate_up|>
<|box_start|>199 460 999 479<|box_end|><|ref_start|>header<|ref_end|><|rotate_up|>
<|box_start|>199 480 999 499<|box_end|><|ref_start|>header<|ref_end|><|rotate_up|>
<|box_start|>199 500 999 519<|box_end|><|ref_start|>header<|ref_end|><|rotate_up|>
<|box_start|>199 520 999 539<|box_end|><|ref_start|>header<|ref_end|><|rotate_up|>
<|box_start|>199 540 999 559<|box_end|><|ref_start|>header<|ref_end|><|rotate_up|>
<|box_start|>199 560 999 579<|box_end|><|ref_start|>header<|ref_end|><|rotate_up|>
<|box_start|>199 580 999 599<|box_end|><|ref_start|>header<|ref_end|><|rotate_up|>
<|box_start|>199 600 999 619<|box_end|><|ref_start|>header<|ref_end|><|rotate_up|>
<|box_start|>199 620 999 639<|box_end|><|ref_start|>header<|ref_end|><|rotate_up|>
<|box_start|>199 640 999 659<|box_end|><|ref_start|>header<|ref_end|><|rotate_up|>
<|box_start|>199 660 999 679<|box_end|><|ref_start|>header<|ref_end|><|rotate_up|>
<|box_start|>199 680 999 699<|box_end|><|ref_start|>header<|ref_end|><|rotate_up|>
<|box_start|>199 700 999 719<|box_end|><|ref_start|>header<|ref_end|><|rotate_up|>
<|box_start|>199 720 999 739<|box_end|><|ref_start|>header<|ref_end|><|rotate_up|>
<|box_start|>199 740 999 759<|box_end|><|ref_start|>header<|ref_end|><|rotate_up|>
<|box_start|>199 760 999 779<|box_end|><|ref_start|>header<|ref_end|><|rotate_up|>
<|box_start|>199 780 999 799<|box_end|><|ref_start|>header<|ref_end|><|rotate_up|>
<|box_start|>199 800 999 819<|box_end|><|ref_start|>header<|ref_end|><|rotate_up|>
<|box_start|>199 820 999 839<|box_end|><|ref_start|>header<|ref_end|><|rotate_up|>
<|box_start|>199 840 999 859<|box_end|><|ref_start|>header<|ref_end|><|rotate_up|>
<|box_start|>199 860 999 879<|box_end|><|ref_start|>header<|ref_end|><|rotate_up|>
<|box_start|>199 880 999 899<|box_end|><|ref_start|>header<|ref_end|><|rotate_up|>
<|box_start|>199 900 999 919<|box_end|><|ref_start|>header<|ref_end|><|rotate_up|>
<|box_start|>199 920 999 939<|box_end|><|ref_start|>header<|ref_end|><|rotate_up|>
<|box_start|>199 940 999 959<|box_end|><|ref_start|>header<|ref_end|><|rotate_up|>
<|box_start|>199 960 999 979<|box_end|><|ref_start|>header<|ref_end|><|rotate_up|>
<|box_start|>199 980 999 999<|box_end|><|ref_start|>header<|ref_end|><|rotate_up|>
<|box_start|>199 000 999 999<|box_end|><|ref_start|>list<|ref_end|><|rotate_up|>
<|box_start|>199 000 999 019<|box_end|><|ref_start|>header<|ref_end|><|rotate_up|>
<|box_start|>199 020 999 039<|box_end|><|ref_start|>header<|ref_end|><|rotate_up|>
<|box_start|>199 040 999 059<|box_end|><|ref_start|>header<|ref_end|><|rotate_up|>
<|box_start|>199 060 999 079<|box_end|><|ref_start|>header<|ref_end|><|rotate_up|>
<|box_start|>199 080 999 099<|box_end|><|ref_start|>header<|ref_end|><|rotate_up|>
<|box_start|>199 100 999 119<|box_end|><|ref_start|>header<|ref_end|><|rotate_up|>
<|box_start|>199 120 999 139<|box_end|><|ref_start|>header<|ref_end|><|rotate_up|>
<|box_start|>199 140 999 159<|box_end|><|ref_start|>header<|ref_end|><|rotate_up|>
<|box_start|>199 160 999 179<|box_end|><|ref_start|>header<|ref_end|><|rotate_up|>
<|box_start|>199 180 999 199<|box_end|><|ref_start|>header<|ref_end|><|rotate_up|>
<|box_start|>199 200 999 219<|box_end|><|ref_start|>header<|ref_end|><|rotate_up|>
<|box_start|>199 220 999 239<|box_end|><|ref_start|>header<|ref_end|><|rotate_up|>
<|box_start|>199 240 999 259<|box_end|><|ref_start|>header<|ref_end|><|rotate_up|>
<|box_start|>199 260 999 279<|box_end|><|ref_start|>header<|ref_end|><|rotate_up|>
<|box_start|>199 280 999 299<|box_end|><|ref_start|>header<|ref_end|><|rotate_up|>
<|box_start|>199 300 999 319<|box_end|><|ref_start|>header<|ref_end|><|rotate_up|>
<|box_start|>199 320 999 339<|box_end|><|ref_start|>header<|ref_end|><|rotate_up|>
<|box_start|>199 340 999 359<|box_end|><|ref_start|>header<|ref_end|><|rotate_up|>
<|box_start|>199 360 999 379<|box_end|><|ref_start|>header<|ref_end|><|rotate_up|>
<|box_start|>199 380 999 399<|box_end|><|ref_start|>header<|ref_end|><|rotate_up|>
<|box_start|>199 400 999 419<|box_end|><|ref_start|>header<|ref_end|><|rotate_up|>
<|box_start|>199 420 999 439<|box_end|><|ref_start|>header<|ref_end|><|rotate_up|>
<|box_start|>199 440 999 459<|box_end|><|ref_start|>header<|ref_end|><|rotate_up|>
<|box_start|>199 460 999 479<|box_end|><|ref_start|>header<|ref_end|><|rotate_up|>
<|box_start|>199 480 999 499<|box_end|><|ref_start|>header<|ref_end|><|rotate_up|>
<|box_start|>199 500 999 519<|box_end|><|ref_start|>header<|ref_end|><|rotate_up|>
<|box_start|>199 520 999 539<|box_end|><|ref_start|>header<|ref_end|><|rotate_up|>
<|box_start|>199 540 999 559<|box_end|><|ref_start|>header<|ref_end|><|rotate_up|>
<|box_start|>199 560 999 579<|box_end|><|ref_start|>header<|ref_end|><|rotate_up|>
<|box_start|>199 580 999 599<|box_end|><|ref_start|>header<|ref_end|><|rotate_up|>
<|box_start|>199 600 999 619<|box_end|><|ref_start|>header<|ref_end|><|rotate_up|>
<|box_start|>199 620 999 639<|box_end|><|ref_start|>header<|ref_end|><|rotate_up|>
<|box_start|>199 640 999 659<|box_end|><|ref_start|>header<|ref_end|><|rotate_up|>
<|box_start|>199 660 999 679<|box_end|><|ref_start|>header<|ref_end|><|rotate_up|>
<|box_start|>199 680 999 699<|box_end|><|ref_start|>header<|ref_end|><|rotate_up|>
<|box_start|>199 700 999 719<|box_end|><|ref_start|>header<|ref_end|><|rotate_up|>
<|box_start|>199 720 999 739<|box_end|><|ref_start|>header<|ref_end|><|rotate_up|>
<|box_start|>199 740 999 759<|box_end|><|ref_start|>header<|ref_end|><|rotate_up|>
<|box_start|>199 760 999 779<|box_end|><|ref_start|>header<|ref_end|><|rotate_up|>
<|box_start|>199 780 999 799<|box_end|><|ref_start|>header<|ref_end|><|rotate_up|>
<|box_start|>199 800 999 819<|box_end|><|ref_start|>header<|ref_end|><|rotate_up|>
<|box_start|>199 820 999 839<|box_end|><|ref_start|>header<|ref_end|><|rotate_up|>
<|box_start|>199 840 999 859<|box_end|><|ref_start|>header<|ref_end|><|rotate_up|>
<|box_start|>199 860 999 879<|box_end|><|ref_start|>header<|ref_end|><|rotate_up|>
<|box_start|>199 880 999 899<|box_end|><|ref_start|>header<|ref_end|><|rotate_up|>
<|box_start|>199 900 999 919<|box_end|><|ref_start|>header<|ref_end|><|rotate_up|>
<|box_start|>199 920 999 939<|box_end|><|ref_start|>header<|ref_end|><|rotate_up|>
<|box_start|>199 940 999 959<|box_end|><|ref_start|>header<|ref_end|><|rotate_up|>
<|box_start|>199 960 999 979<|box_end|><|ref_start|>header<|ref_end|><|rotate_up|>
<|box_start|>199 980 999 999<|box_end|><|ref_start|>header<|ref_end|><|rotate_up|>
<|box_start|>199 000 999 999<|box_end|><|ref_start|>list<|ref_end|><|rotate_up|>
<|box_start|>199 000 999 019<|box_end|><|ref_start|>header<|ref_end|><|rotate_up|>
<|box_start|>199 020 999 039<|box_end|><|ref_start|>header<|ref_end|><|rotate_up|>
<|box_start|>199 040 999 059<|box_end|><|ref_start|>header<|ref_end|><|rotate_up|>
<|box_start|>199 060 999 079<|box_end|><|ref_start|>header<|ref_end|><|rotate_up|>
<|box_start|>199 080 999 099<|box_end|><|ref_start|>header<|ref_end|><|rotate_up|>
<|box_start|>199 100 999 119<|box_end|><|ref_start|>header<|ref_end|><|rotate_up|>
<|box_start|>199 120 999 139<|box_end|><|ref_start|>header<|ref_end|><|rotate_up|>
<|box_start|>199 140 999 159<|box_end|><|ref_start|>header<|ref_end|><|rotate_up|>
<|box_start|>199 160 999 179<|box_end|><|ref_start|>header<|ref_end|><|rotate_up|>
<|box_start|>199 180 999 199<|box_end|><|ref_start|>header<|ref_end|><|rotate_up|>
<|box_start|>199 200 999 219<|box_end|><|ref_start|>header<|ref_end|><|rotate_up|>
<|box_start|>199 220 999 239<|box_end|><|ref_start|>header<|ref_end|><|rotate_up|>
<|box_start|>199 240 999 259<|box_end|><|ref_start|>header<|ref_end|><|rotate_up|>
<|box_start|>199 260 999 279<|box_end|><|ref_start|>header<|ref_end|><|rotate_up|>
<|box_start|>199 280 999 299<|box_end|><|ref_start|>header<|ref_end|><|rotate_up|>
<|box_start|>199 300 999 319<|box_end|><|ref_start|>header<|ref_end|><|rotate_up|>
<|box_start|>199 320 999 339<|box_end|><|ref_start|>header<|ref_end|><|rotate_up|>
<|box_start|>199 340 999 359<|box_end|><|ref_start|>header<|ref_end|><|rotate_up|>
<|box_start|>199 360 999 379<|box_end|><|ref_start|>header<|ref_end|><|rotate_up|>
<|box_start|>199 380 999 399<|box_end|><|ref_start|>header<|ref_end|><|rotate_up|>
<|box_start|>199 400 999 419<|box_end|><|ref_start|>header<|ref_end|><|rotate_up|>
<|box_start|>199 420 999 439<|box_end|><|ref_start|>header<|ref_end|><|rotate_up|>
<|box_start|>199 440 999 459<|box_end|><|ref_start|>header<|ref_end|><|rotate_up|>
<|box_start|>199 460 999 479<|box_end|><|ref_start|>header<|ref_end|><|rotate_up|>
<|box_start|>199 480 999 499<|box_end|><|ref_start|>header<|ref_end|><|rotate_up|>
<|box_start|>199 500 999 519<|box_end|><|ref_start|>header<|ref_end|><|rotate_up|>
<|box_start|>199 520 999 539<|box_end|><|ref_start|>header<|ref_end|><|rotate_up|>
<|box_start|>199 540 999 559<|box_end|><|ref_start|>header<|ref_end|><|rotate_up|>
<|box_start|>199 560 999 579<|box_end|><|ref_start|>header<|ref_end|><|rotate_up|>
<|box_start|>199 580 999 599<|box_end|><|ref_start|>header<|ref_end|><|rotate_up|>
<|box_start|>199 600 999 619<|box_end|><|ref_start|>header<|ref_end|><|rotate_up|>
<|box_start|>199 620 999 639<|box_end|><|ref_start|>header<|ref_end|><|rotate_up|>
<|box_start|>199 640 999 659<|box_end|><|ref_start|>header<|ref_end|><|rotate_up|>
<|box_start|>199 660 999 679<|box_end|><|ref_start|>header<|ref_end|><|rotate_up|>
<|box_start|>199 680 999 699<|box_end|><|ref_start|>header<|ref_end|><|rotate_up|>
<|box_start|>199 700 999 719<|box_end|><|ref_start|>header<|ref_end|><|rotate_up|>
<|box_start|>199 720 999 739<|box_end|><|ref_start|>header<|ref_end|><|rotate_up|>
<|box_start|>199 740 999 759<|box_end|><|ref_start|>header<|ref_end|><|rotate_up|>
<|box_start|>199 760 999 779<|box_end|><|ref_start|>header<|ref_end|><|rotate_up|>
<|box_start|>199 780 999 799<|box_end|><|ref_start|>header<|ref_end|><|rotate_up|>
<|box_start|>199 800 999 819<|box_end|><|ref_start|>header<|ref_end|><|rotate_up|>
<|box_start|>199 820 999 839<|box_end|><|ref_start|>header<|ref_end|><|rotate_up|>
<|box_start|>199 840 999 859<|box_end|><|ref_start|>header<|ref_end|><|rotate_up|>
<|box_start|>199 860 999 879<|box_end|><|ref_start|>header<|ref_end|><|rotate_up|>
<|box_start|>199 880 999 899<|box_end|><|ref_start|>header<|ref_end|><|rotate_up|>
<|box_start|>199 900 999 919<|box_end|><|ref_start|>header<|ref_end|><|rotate_up|>
<|box_start|>199 920 999 939<|box_end|><|ref_start|>header<|ref_end|><|rotate_up|>
<|box_start|>199 940 999 959<|box_end|><|ref_start|>header<|ref_end|><|rotate_up|>
<|box_start|>199 960 999 979<|box_end|><|ref_start|>header<|ref_end|><|rotate_up|>
<|box_start|>199 980 999 999<|box_end|><|ref_start|>header<|ref_end|>
2026-08-06 07:10:43.676 | WARNING  | mineru_vl_utils.mineru_client:parse_layout_output:261 - No angle found in layout output line: <|box_start|>199 980 999 999<|box_end|><|ref_start|>header<|ref_end|>
2026-08-06 07:10:43.676 | DEBUG    | mineru_vl_utils.mineru_client:parse_layout_output:239 - Layout raw output: 
<|box_start|>SEC. 4.4 NEWTON POLYNOMIALS 223
Hence \( a_1 \) is the slope of the secant line passing through the two points \( (x_0, f(x_0)) \) and \( (x_1, f(x_1)) \).The coefficients \( a_0 \) and \( a_1 \) are the same for both \( P_1(x) \) and \( P_2(x) \). Evaluating (2) at the node \( x_2 \), we find that(11) \( f(x_2) = P_2(x_2) = a_0 + a_1(x_2 - x_0) + a_2(x_2 - x_0)(x_2 - x_1) \).The values for \( a_0 \) and \( a_1 \) in (9) and (10) can be used in (11) to obtain(12) For computational purposes we prefer to write this last quantity as\( a_2 = \left( \frac{f(x_2)}{x_2} - \frac{a_0}{x_0} - \frac{a_1(x_2)}{x_1} \right) \)\( = \left( \frac{f(x_2)}{x_2} - \frac{f(x_0)}{x_0} - \frac{f(x_1)}{x_1} - \frac{f(x_0)}{x_0} \right) / (x_2 - x_1) \).The two formulas for \( a_2 \) can be shown to be equivalent by writing the quotients over the common denominator \( (x_2 - x_1)(x_2 - x_0)(x_1 - x_0) \). The details are left for the reader. The numerator in (12) is the difference between the first-order divided differences. In order to proceed, we need to introduce the idea of divided differences.Definition 4.1 (Divided Differences). The divided differences for a function \( f(x) \) are defined as follows:\[ \begin{array}{cccc} f(x_k) & = & f(x_k), & \\ & f[x_k - 1, x_k] & = & \frac{f[x_k]}{x_k} - \frac{f[x_k - 1]}{x_k - 1}, \\ & f[x_k - 2, x_k - 1, x_k] & = & \frac{f[x_k - 1, x_k]}{x_k} - \frac{f[x_k - 2, x_k - 1]}{x_k - 2}, \\ & f[x_k - 3, x_k - 2, x_k - 1, x_k] & = & \frac{f[x_k - 2, x_k - 1, x_k]}{x_k} - \frac{f[x_k - 3, x_k - 2, x_k - 1]}{x_k - 3}. \\ & & & \end{array} \] The recursive rule for constructing higher-order divided differences is(13) (14) \( f[x_k - j, x_k - j+1, \ldots, x_k] = \frac{f[x_k - j+1, \ldots, x_k]}{x_k - j} - \frac{f[x_k - j, \ldots, x_k - 1]}{x_k - j} \) and is used to construct the divided differences in Table 4.8.The coefficients \( a_k \) of \( P_N(x) \) depend on the values \( f(x_j) \), for \( j = 0, 1, \ldots, k \). The next theorem shows that \( a_k \) can be computed using divided differences:(15) \( a_k = f[x_0, x_1, \ldots, x_k] \).
2026-08-06 07:10:43.676 | WARNING  | mineru_vl_utils.mineru_client:parse_layout_output:268 - Layout output does not match expected format: <|box_start|>SEC. 4.4 NEWTON POLYNOMIALS 223
Hence \( a_1 \) is the slope of the secant line passing through the two points \( (x_0, f(x_0)) \) and \( (x_1, f(x_1)) \).The coefficients \( a_0 \) and \( a_1 \) are the same for both \( P_1(x) \) and \( P_2(x) \). Evaluating (2) at the node \( x_2 \), we find that(11) \( f(x_2) = P_2(x_2) = a_0 + a_1(x_2 - x_0) + a_2(x_2 - x_0)(x_2 - x_1) \).The values for \( a_0 \) and \( a_1 \) in (9) and (10) can be used in (11) to obtain(12) For computational purposes we prefer to write this last quantity as\( a_2 = \left( \frac{f(x_2)}{x_2} - \frac{a_0}{x_0} - \frac{a_1(x_2)}{x_1} \right) \)\( = \left( \frac{f(x_2)}{x_2} - \frac{f(x_0)}{x_0} - \frac{f(x_1)}{x_1} - \frac{f(x_0)}{x_0} \right) / (x_2 - x_1) \).The two formulas for \( a_2 \) can be shown to be equivalent by writing the quotients over the common denominator \( (x_2 - x_1)(x_2 - x_0)(x_1 - x_0) \). The details are left for the reader. The numerator in (12) is the difference between the first-order divided differences. In order to proceed, we need to introduce the idea of divided differences.Definition 4.1 (Divided Differences). The divided differences for a function \( f(x) \) are defined as follows:\[ \begin{array}{cccc} f(x_k) & = & f(x_k), & \\ & f[x_k - 1, x_k] & = & \frac{f[x_k]}{x_k} - \frac{f[x_k - 1]}{x_k - 1}, \\ & f[x_k - 2, x_k - 1, x_k] & = & \frac{f[x_k - 1, x_k]}{x_k} - \frac{f[x_k - 2, x_k - 1]}{x_k - 2}, \\ & f[x_k - 3, x_k - 2, x_k - 1, x_k] & = & \frac{f[x_k - 2, x_k - 1, x_k]}{x_k} - \frac{f[x_k - 3, x_k - 2, x_k - 1]}{x_k - 3}. \\ & & & \end{array} \] The recursive rule for constructing higher-order divided differences is(13) (14) \( f[x_k - j, x_k - j+1, \ldots, x_k] = \frac{f[x_k - j+1, \ldots, x_k]}{x_k - j} - \frac{f[x_k - j, \ldots, x_k - 1]}{x_k - j} \) and is used to construct the divided differences in Table 4.8.The coefficients \( a_k \) of \( P_N(x) \) depend on the values \( f(x_j) \), for \( j = 0, 1, \ldots, k \). The next theorem shows that \( a_k \) can be computed using divided differences:(15) \( a_k = f[x_0, x_1, \ldots, x_k] \).
2026-08-06 07:10:43.676 | DEBUG    | mineru_vl_utils.mineru_client:parse_layout_output:239 - Layout raw output: 
<fcel>测以及成品及半成品的拆解决策四个主要阶段。问题目标是通过合理设计检测与回收策略,最大化系统的期望利润,期望利润的需要考虑成品销售收益、零件回收收益,以及系统在检测、装配、拆解中的相关成本。为此,我们将问题转化为一个多阶段决策问题,建立状态-决策模型,并通过动态规划算法来求解最优策略。<lcel><nl>
<fcel>7.1模型建立<lcel><nl>
<fcel>7.1.1状态变量与决策变量定义<lcel><nl>
<fcel>为了构建状态-决策模型,首先需要明确该问题背景下不同阶段的状态变量与决策变量定义。<lcel><nl>
<fcel>(1)状态变量定义<lcel><nl>
<fcel>系统的状态S描述了当前零件、半成品和成品的质量状况及其检测结果。具体而言,状态变量包括:<lcel><nl>
<fcel>①零件状态<lcel><nl>
<fcel>对于每个零件i,其状态由以下两个维度构成<lcel><nl>
<fcel>●检测状态d1:零件是否已检测<lcel><nl>
<fcel>d1={0,未检测1,检测<lcel><nl>
<fcel>●质量状态q1:零件i是否为次品,0表示合格,1表示次品。未检测时,零件状态通过次品率p0=0.1进行描述,检测后其状态变为确定的质量状态。<lcel><nl>
<fcel>q1={0,合格1,次品<lcel><nl>
<fcel>最终有零件状态变量Spart1=(d1,q1)<lcel><nl>
<fcel>②半成品和成品状态<lcel><nl>
<fcel>半成品和成品的状态同样由检测状态和质量状态构成。与零件类似,未检测的半成品或成品状态由其次品率表示,检测后状态转变为确定值。<lcel><nl>
<fcel>半成品状态:Ssemi1={dsemi1,rsemi1,rsemi2}:对于每个半成品j,若dsemi1=0,且组成零件均合格,次品率为psemi1=0.1;若dsemi1=1,次品状态qsemi1确定为0(合格)或1(次品);rsemi1∈{0.1},其中,1表示拆解操作,0表示未拆解。<lcel><nl>
<fcel>成品状态:Sfinal={dfinal,qfinal,rfinal}:对于每个成品,若dfinal=0,且组成半成品均合格,次品率为pfinal=0.1;若dfinal=1,次品状态qfinal确定为0(合格)或1(次品);rfinal∈{0.1},其中,1表示拆解操作,0表示未拆解。<lcel><nl>
<fcel>③状态变量总结<lcel><nl>
<fcel>S={Spart1,...,Spart2,rsemi1,rsemi2,rsemi3,Sfinal}<lcel><nl>
<fcel>(2)决策变量定义<lcel><nl>
<fcel>决策变量用于描述企业在每个阶段的操作选择,包括是否检测零件、半成品和成品,以及是否拆解不合格的半成品或成品。<lcel><nl>
<fcel>①检测决策变量<lcel><nl>
<fcel>●零件检测决策变量x1:是否对零件i进行检测。<lcel><nl>

2026-08-06 07:10:43.676 | WARNING  | mineru_vl_utils.mineru_client:parse_layout_output:268 - Layout output does not match expected format: <fcel>测以及成品及半成品的拆解决策四个主要阶段。问题目标是通过合理设计检测与回收策略,最大化系统的期望利润,期望利润的需要考虑成品销售收益、零件回收收益,以及系统在检测、装配、拆解中的相关成本。为此,我们将问题转化为一个多阶段决策问题,建立状态-决策模型,并通过动态规划算法来求解最优策略。<lcel><nl>
<fcel>7.1模型建立<lcel><nl>
<fcel>7.1.1状态变量与决策变量定义<lcel><nl>
<fcel>为了构建状态-决策模型,首先需要明确该问题背景下不同阶段的状态变量与决策变量定义。<lcel><nl>
<fcel>(1)状态变量定义<lcel><nl>
<fcel>系统的状态S描述了当前零件、半成品和成品的质量状况及其检测结果。具体而言,状态变量包括:<lcel><nl>
<fcel>①零件状态<lcel><nl>
<fcel>对于每个零件i,其状态由以下两个维度构成<lcel><nl>
<fcel>●检测状态d1:零件是否已检测<lcel><nl>
<fcel>d1={0,未检测1,检测<lcel><nl>
<fcel>●质量状态q1:零件i是否为次品,0表示合格,1表示次品。未检测时,零件状态通过次品率p0=0.1进行描述,检测后其状态变为确定的质量状态。<lcel><nl>
<fcel>q1={0,合格1,次品<lcel><nl>
<fcel>最终有零件状态变量Spart1=(d1,q1)<lcel><nl>
<fcel>②半成品和成品状态<lcel><nl>
<fcel>半成品和成品的状态同样由检测状态和质量状态构成。与零件类似,未检测的半成品或成品状态由其次品率表示,检测后状态转变为确定值。<lcel><nl>
<fcel>半成品状态:Ssemi1={dsemi1,rsemi1,rsemi2}:对于每个半成品j,若dsemi1=0,且组成零件均合格,次品率为psemi1=0.1;若dsemi1=1,次品状态qsemi1确定为0(合格)或1(次品);rsemi1∈{0.1},其中,1表示拆解操作,0表示未拆解。<lcel><nl>
<fcel>成品状态:Sfinal={dfinal,qfinal,rfinal}:对于每个成品,若dfinal=0,且组成半成品均合格,次品率为pfinal=0.1;若dfinal=1,次品状态qfinal确定为0(合格)或1(次品);rfinal∈{0.1},其中,1表示拆解操作,0表示未拆解。<lcel><nl>
<fcel>③状态变量总结<lcel><nl>
<fcel>S={Spart1,...,Spart2,rsemi1,rsemi2,rsemi3,Sfinal}<lcel><nl>
<fcel>(2)决策变量定义<lcel><nl>
<fcel>决策变量用于描述企业在每个阶段的操作选择,包括是否检测零件、半成品和成品,以及是否拆解不合格的半成品或成品。<lcel><nl>
<fcel>①检测决策变量<lcel><nl>
<fcel>●零件检测决策变量x1:是否对零件i进行检测。<lcel><nl>

2026-08-06 07:10:43.677 | DEBUG    | mineru_vl_utils.mineru_client:parse_layout_output:239 - Layout raw output: 
<fcel>RWKV-7 uses four low-rank MLPs for decay w, value residual v, in-context learning rate a and gate g respectively. The intermediate dimensions are listed in Table 16. These values are based on our mere speculation of how much information can be passed through.<lcel><lcel><lcel><lcel><lcel><lcel><nl>
<fcel>Dimension (D)<fcel>dw<fcel>dp<fcel>df<fcel>dg<ecel><ecel><nl>
<fcel>768<fcel>64<fcel>64<fcel>32<fcel>128<ecel><ecel><nl>
<fcel>1024<fcel>64<fcel>64<fcel>32<fcel>128<ecel><ecel><nl>
<fcel>2048<fcel>96<fcel>96<fcel>64<fcel>256<ecel><ecel><nl>
<fcel>2560<fcel>96<fcel>96<fcel>64<fcel>320<ecel><ecel><nl>
<fcel>4096<fcel>128<fcel>128<fcel>96<fcel>480<ecel><ecel><nl>
<fcel>6144<fcel>128<fcel>128<fcel>96<fcel>640<ecel><ecel><nl>

2026-08-06 07:10:43.677 | WARNING  | mineru_vl_utils.mineru_client:parse_layout_output:268 - Layout output does not match expected format: <fcel>RWKV-7 uses four low-rank MLPs for decay w, value residual v, in-context learning rate a and gate g respectively. The intermediate dimensions are listed in Table 16. These values are based on our mere speculation of how much information can be passed through.<lcel><lcel><lcel><lcel><lcel><lcel><nl>
<fcel>Dimension (D)<fcel>dw<fcel>dp<fcel>df<fcel>dg<ecel><ecel><nl>
<fcel>768<fcel>64<fcel>64<fcel>32<fcel>128<ecel><ecel><nl>
<fcel>1024<fcel>64<fcel>64<fcel>32<fcel>128<ecel><ecel><nl>
<fcel>2048<fcel>96<fcel>96<fcel>64<fcel>256<ecel><ecel><nl>
<fcel>2560<fcel>96<fcel>96<fcel>64<fcel>320<ecel><ecel><nl>
<fcel>4096<fcel>128<fcel>128<fcel>96<fcel>480<ecel><ecel><nl>
<fcel>6144<fcel>128<fcel>128<fcel>96<fcel>640<ecel><ecel><nl>

2026-08-06 07:10:43.677 | DEBUG    | mineru_vl_utils.mineru_client:parse_layout_output:239 - Layout raw output: 
<fcel>Table 5.8 End-point Constraints for a Cubic Spline<lcel><lcel><nl>
<fcel>Description of the strategy<fcel>Equations involving m0 and mN<lcel><nl>
<fcel>(i) Clamped cubic spline: specify S'(x0), S'(xN) (the "best choice" if the derivatives are known)<fcel>m0 = 3/h03(d0, S'(x0)) m1/2<lcel><nl>
<ucel><fcel>mN = hN-1(S'(xN) dN-1) mN-1/2<lcel><nl>
<fcel>(ii) Natural cubic spline (a "relaxed curve")<fcel>m0 = 0, mN = 0<lcel><nl>
<fcel>(iii) Extrapolate S''(x) to the endpoints<fcel>m0 = m1 h0(m2 m1)/h1<lcel><nl>
<ucel><fcel>mN = mN-1 + hN-1(mN-1 mN-2)/hN-2<lcel><nl>
<fcel>(iv) S''(x) is constant near the endpoints<fcel>m0 = m1, mN = mN-1<lcel><nl>
<fcel>(v) Specify S''(X) at each endpoint<fcel>m0 = S''(x0), mN = S''(xN)<lcel><nl>

2026-08-06 07:10:43.677 | WARNING  | mineru_vl_utils.mineru_client:parse_layout_output:268 - Layout output does not match expected format: <fcel>Table 5.8 End-point Constraints for a Cubic Spline<lcel><lcel><nl>
<fcel>Description of the strategy<fcel>Equations involving m0 and mN<lcel><nl>
<fcel>(i) Clamped cubic spline: specify S'(x0), S'(xN) (the "best choice" if the derivatives are known)<fcel>m0 = 3/h03(d0, S'(x0)) m1/2<lcel><nl>
<ucel><fcel>mN = hN-1(S'(xN) dN-1) mN-1/2<lcel><nl>
<fcel>(ii) Natural cubic spline (a "relaxed curve")<fcel>m0 = 0, mN = 0<lcel><nl>
<fcel>(iii) Extrapolate S''(x) to the endpoints<fcel>m0 = m1 h0(m2 m1)/h1<lcel><nl>
<ucel><fcel>mN = mN-1 + hN-1(mN-1 mN-2)/hN-2<lcel><nl>
<fcel>(iv) S''(x) is constant near the endpoints<fcel>m0 = m1, mN = mN-1<lcel><nl>
<fcel>(v) Specify S''(X) at each endpoint<fcel>m0 = S''(x0), mN = S''(xN)<lcel><nl>

2026-08-06 07:10:43.677 | DEBUG    | mineru_vl_utils.mineru_client:parse_layout_output:239 - Layout raw output: 
<|box_start|>1.1.9【因式分解双换元类型】
▲适用题型:
双变量条件等式能因式分解的时候可以考虑双换元,整理成更容易利用不等式的结构:
▲方法原理:
比如: \[\begin{array}{l}a^{2}-b^{2}=1\Rightarrow(a+b)(a-b)=1\Rightarrow\begin{cases}a+b=m\\a-b=\frac{1}{m}\end{cases}\\\Rightarrow\begin{cases}a=\frac{1}{2}(m+\frac{1}{m})\\b=\frac{1}{2}(m-\frac{1}{m})\end{cases}\\\Rightarrow 2a+b=\left(m+\frac{1}{m}\right)+\frac{1}{2}\left(m-\frac{1}{m}\right)=\frac{3m}{2}+\frac{1}{2m}\end{cases}\]关键在于观察条件等式能否因式分解,除了常见的初中所学的因式分解,还有一些可以配凑分解,比如: \(\begin{array}{l}ab+a+b=3\Rightarrow ab+a+b=a(b+1)+b+1-1\\=(a+1)(b+1)-1=3\Rightarrow(a+1)(b+1)=4\end{array}\)例题1.(辽宁·高二期末)若实数\(a,b\)满足\(4a^{2}-b^{2}=4\),则\(5a^{2}+2ab\)的最小值为____.
例题2.(全国·高一单元测试)已知正实数\(a,b\)满足\(ab+a+b=3\),则\(2a+b\)的最小值为____.
例题3.(山东德州·高二期末)若\(a>2,b>-1\),且满足\(ab+a-2b=6\),则\(\frac{1}{a-2}+\frac{9}{b+1}\)的最小值为____.
练习1.(全国·高一单元测试)已知正实数\(x,y\)满足:\(x^{2}+xy+\frac{2x}{y}=2\),则\(3x+2y+\frac{2y}{y}\)的最小值为____.
24<|content_end|>
2026-08-06 07:10:43.677 | WARNING  | mineru_vl_utils.mineru_client:parse_layout_output:268 - Layout output does not match expected format: <|box_start|>1.1.9【因式分解双换元类型】
▲适用题型:
双变量条件等式能因式分解的时候可以考虑双换元,整理成更容易利用不等式的结构:
▲方法原理:
比如: \[\begin{array}{l}a^{2}-b^{2}=1\Rightarrow(a+b)(a-b)=1\Rightarrow\begin{cases}a+b=m\\a-b=\frac{1}{m}\end{cases}\\\Rightarrow\begin{cases}a=\frac{1}{2}(m+\frac{1}{m})\\b=\frac{1}{2}(m-\frac{1}{m})\end{cases}\\\Rightarrow 2a+b=\left(m+\frac{1}{m}\right)+\frac{1}{2}\left(m-\frac{1}{m}\right)=\frac{3m}{2}+\frac{1}{2m}\end{cases}\]关键在于观察条件等式能否因式分解,除了常见的初中所学的因式分解,还有一些可以配凑分解,比如: \(\begin{array}{l}ab+a+b=3\Rightarrow ab+a+b=a(b+1)+b+1-1\\=(a+1)(b+1)-1=3\Rightarrow(a+1)(b+1)=4\end{array}\)例题1.(辽宁·高二期末)若实数\(a,b\)满足\(4a^{2}-b^{2}=4\),则\(5a^{2}+2ab\)的最小值为____.
例题2.(全国·高一单元测试)已知正实数\(a,b\)满足\(ab+a+b=3\),则\(2a+b\)的最小值为____.
例题3.(山东德州·高二期末)若\(a>2,b>-1\),且满足\(ab+a-2b=6\),则\(\frac{1}{a-2}+\frac{9}{b+1}\)的最小值为____.
练习1.(全国·高一单元测试)已知正实数\(x,y\)满足:\(x^{2}+xy+\frac{2x}{y}=2\),则\(3x+2y+\frac{2y}{y}\)的最小值为____.
24<|content_end|>
2026-08-06 07:10:43.677 | DEBUG    | mineru_vl_utils.mineru_client:parse_layout_output:239 - Layout raw output: 
<|box_start|>120 029 140 042<|box_end|><|ref_start|>page_number<|ref_end|><|rotate_up|>
<|box_start|>141 029 160 042<|box_end|><|ref_start|>page_number<|ref_end|><|rotate_up|>
<|box_start|>161 029 180 042<|box_end|><|ref_start|>page_number<|ref_end|><|rotate_up|>
<|box_start|>181 029 200 042<|box_end|><|ref_start|>page_number<|ref_end|><|rotate_up|>
<|box_start|>201 029 220 042<|box_end|><|ref_start|>page_number<|ref_end|><|rotate_up|>
<|box_start|>221 029 240 042<|box_end|><|ref_start|>page_number<|ref_end|><|rotate_up|>
<|box_start|>241 029 260 042<|box_end|><|ref_start|>page_number<|ref_end|><|rotate_up|>
<|box_start|>261 029 280 042<|box_end|><|ref_start|>page_number<|ref_end|><|rotate_up|>
<|box_start|>281 029 300 042<|box_end|><|ref_start|>page_number<|ref_end|><|rotate_up|>
<|box_start|>301 029 320 042<|box_end|><|ref_start|>page_number<|ref_end|><|rotate_up|>
<|box_start|>321 029 340 042<|box_end|><|ref_start|>page_number<|ref_end|><|rotate_up|>
<|box_start|>341 029 360 042<|box_end|><|ref_start|>page_number<|ref_end|><|rotate_up|>
<|box_start|>361 029 380 042<|box_end|><|ref_start|>page_number<|ref_end|><|rotate_up|>
<|box_start|>381 029 400 042<|box_end|><|ref_start|>page_number<|ref_end|><|rotate_up|>
<|box_start|>401 029 420 042<|box_end|><|ref_start|>page_number<|ref_end|><|rotate_up|>
<|box_start|>421 029 440 042<|box_end|><|ref_start|>page_number<|ref_end|><|rotate_up|>
<|box_start|>441 029 460 042<|box_end|><|ref_start|>page_number<|ref_end|><|rotate_up|>
<|box_start|>461 029 480 042<|box_end|><|ref_start|>page_number<|ref_end|><|rotate_up|>
<|box_start|>481 029 500 042<|box_end|><|ref_start|>page_number<|ref_end|><|rotate_up|>
<|box_start|>501 029 520 042<|box_end|><|ref_start|>page_number<|ref_end|><|rotate_up|>
<|box_start|>521 029 540 042<|box_end|><|ref_start|>page_number<|ref_end|><|rotate_up|>
<|box_start|>541 029 560 042<|box_end|><|ref_start|>page_number<|ref_end|><|rotate_up|>
<|box_start|>561 029 580 042<|box_end|><|ref_start|>page_number<|ref_end|><|rotate_up|>
<|box_start|>581 029 600 042<|box_end|><|ref_start|>page_number<|ref_end|><|rotate_up|>
<|box_start|>601 029 620 042<|box_end|><|ref_start|>page_number<|ref_end|><|rotate_up|>
<|box_start|>621 029 640 042<|box_end|><|ref_start|>page_number<|ref_end|><|rotate_up|>
<|box_start|>641 029 660 042<|box_end|><|ref_start|>page_number<|ref_end|><|rotate_up|>
<|box_start|>661 029 680 042<|box_end|><|ref_start|>page_number<|ref_end|><|rotate_up|>
<|box_start|>681 029 700 042<|box_end|><|ref_start|>page_number<|ref_end|><|rotate_up|>
<|box_start|>701 029 720 042<|box_end|><|ref_start|>page_number<|ref_end|><|rotate_up|>
<|box_start|>721 029 740 042<|box_end|><|ref_start|>page_number<|ref_end|><|rotate_up|>
<|box_start|>741 029 760 042<|box_end|><|ref_start|>page_number<|ref_end|><|rotate_up|>
<|box_start|>761 029 780 042<|box_end|><|ref_start|>page_number<|ref_end|><|rotate_up|>
<|box_start|>781 029 800 042<|box_end|><|ref_start|>page_number<|ref_end|><|rotate_up|>
<|box_start|>801 029 820 042<|box_end|><|ref_start|>page_number<|ref_end|><|rotate_up|>
<|box_start|>821 029 840 042<|box_end|><|ref_start|>page_number<|ref_end|><|rotate_up|>
<|box_start|>841 029 860 042<|box_end|><|ref_start|>page_number<|ref_end|><|rotate_up|>
<|box_start|>861 029 880 042<|box_end|><|ref_start|>page_number<|ref_end|><|rotate_up|>
<|box_start|>881 029 900 042<|box_end|><|ref_start|>page_number<|ref_end|><|rotate_up|>
<|box_start|>901 029 920 042<|box_end|><|ref_start|>page_number<|ref_end|><|rotate_up|>
<|box_start|>921 029 940 042<|box_end|><|ref_start|>page_number<|ref_end|><|rotate_up|>
<|box_start|>941 029 960 042<|box_end|><|ref_start|>page_number<|ref_end|><|rotate_up|>
<|box_start|>961 029 980 042<|box_end|><|ref_start|>page_number<|ref_end|><|rotate_up|>
<|box_start|>981 029 999 042<|box_end|><|ref_start|>page_number<|ref_end|><|rotate_up|>
<|box_start|>999 029 118 042<|box_end|><|ref_start|>page_number<|ref_end|><|rotate_up|>
<|box_start|>119 029 140 042<|box_end|><|ref_start|>page_number<|ref_end|><|rotate_up|>
<|box_start|>141 029 160 042<|box_end|><|ref_start|>page_number<|ref_end|><|rotate_up|>
<|box_start|>161 029 180 042<|box_end|><|ref_start|>page_number<|ref_end|><|rotate_up|>
<|box_start|>181 029 200 042<|box_end|><|ref_start|>page_number<|ref_end|><|rotate_up|>
<|box_start|>201 029 220 042<|box_end|><|ref_start|>page_number<|ref_end|><|rotate_up|>
<|box_start|>221 029 240 042<|box_end|><|ref_start|>page_number<|ref_end|><|rotate_up|>
<|box_start|>241 029 260 042<|box_end|><|ref_start|>page_number<|ref_end|><|rotate_up|>
<|box_start|>261 029 280 042<|box_end|><|ref_start|>page_number<|ref_end|><|rotate_up|>
<|box_start|>281 029 300 042<|box_end|><|ref_start|>page_number<|ref_end|><|rotate_up|>
<|box_start|>301 029 320 042<|box_end|><|ref_start|>page_number<|ref_end|><|rotate_up|>
<|box_start|>321 029 340 042<|box_end|><|ref_start|>page_number<|ref_end|><|rotate_up|>
<|box_start|>341 029 360 042<|box_end|><|ref_start|>page_number<|ref_end|><|rotate_up|>
<|box_start|>361 029 380 042<|box_end|><|ref_start|>page_number<|ref_end|><|rotate_up|>
<|box_start|>381 029 400 042<|box_end|><|ref_start|>page_number<|ref_end|><|rotate_up|>
<|box_start|>401 029 420 042<|box_end|><|ref_start|>page_number<|ref_end|><|rotate_up|>
<|box_start|>421 029 440 042<|box_end|><|ref_start|>page_number<|ref_end|><|rotate_up|>
<|box_start|>441 029 460 042<|box_end|><|ref_start|>page_number<|ref_end|><|rotate_up|>
<|box_start|>461 029 480 042<|box_end|><|ref_start|>page_number<|ref_end|><|rotate_up|>
<|box_start|>481 029 500 042<|box_end|><|ref_start|>page_number<|ref_end|><|rotate_up|>
<|box_start|>501 029 520 042<|box_end|><|ref_start|>page_number<|ref_end|><|rotate_up|>
<|box_start|>521 029 540 042<|box_end|><|ref_start|>page_number<|ref_end|><|rotate_up|>
<|box_start|>541 029 560 042<|box_end|><|ref_start|>page_number<|ref_end|><|rotate_up|>
<|box_start|>561 029 580 042<|box_end|><|ref_start|>page_number<|ref_end|><|rotate_up|>
<|box_start|>581 029 600 042<|box_end|><|ref_start|>page_number<|ref_end|><|rotate_up|>
<|box_start|>601 029 620 042<|box_end|><|ref_start|>page_number<|ref_end|><|rotate_up|>
<|box_start|>621 029 640 042<|box_end|><|ref_start|>page_number<|ref_end|><|rotate_up|>
<|box_start|>641 029 660 042<|box_end|><|ref_start|>page_number<|ref_end|><|rotate_up|>
<|box_start|>661 029 680 042<|box_end|><|ref_start|>page_number<|ref_end|><|rotate_up|>
<|box_start|>681 029 700 042<|box_end|><|ref_start|>page_number<|ref_end|><|rotate_up|>
<|box_start|>701 029 720 042<|box_end|><|ref_start|>page_number<|ref_end|><|rotate_up|>
<|box_start|>721 029 740 042<|box_end|><|ref_start|>page_number<|ref_end|><|rotate_up|>
<|box_start|>741 029 760 042<|box_end|><|ref_start|>page_number<|ref_end|><|rotate_up|>
<|box_start|>761 029 780 042<|box_end|><|ref_start|>page_number<|ref_end|><|rotate_up|>
<|box_start|>781 029 800 042<|box_end|><|ref_start|>page_number<|ref_end|><|rotate_up|>
<|box_start|>801 029 820 042<|box_end|><|ref_start|>page_number<|ref_end|><|rotate_up|>
<|box_start|>821 029 840 042<|box_end|><|ref_start|>page_number<|ref_end|><|rotate_up|>
<|box_start|>841 029 860 042<|box_end|><|ref_start|>page_number<|ref_end|><|rotate_up|>
<|box_start|>861 029 880 042<|box_end|><|ref_start|>page_number<|ref_end|><|rotate_up|>
<|box_start|>881 029 900 042<|box_end|><|ref_start|>page_number<|ref_end|><|rotate_up|>
<|box_start|>901 029 920 042<|box_end|><|ref_start|>page_number<|ref_end|><|rotate_up|>
<|box_start|>921 029 940 042<|box_end|><|ref_start|>page_number<|ref_end|><|rotate_up|>
<|box_start|>941 029 960 042<|box_end|><|ref_start|>page_number<|ref_end|><|rotate_up|>
<|box_start|>961 029 980 042<|box_end|><|ref_start|>page_number<|ref_end|><|rotate_up|>
<|box_start|>981 029 999 042<|box_end|><|ref_start|>page_number<|ref_end|><|rotate_up|>
<|box_start|>999 029 118 042<|box_end|><|ref_start|>page_number<|ref_end|><|rotate_up|>
<|box_start|>119 029 140 042<|box_end|><|ref_start|>page_number<|ref_end|><|rotate_up|>
<|box_start|>141 029 160 042<|box_end|><|ref_start|>page_number<|ref_end|><|rotate_up|>
<|box_start|>161 029 180 042<|box_end|><|ref_start|>page_number<|ref_end|><|rotate_up|>
<|box_start|>181 029 200 042<|box_end|><|ref_start|>page_number<|ref_end|><|rotate_up|>
<|box_start|>201 029 220 042<|box_end|><|ref_start|>page_number<|ref_end|><|rotate_up|>
<|box_start|>221 029 240 042<|box_end|><|ref_start|>page_number<|ref_end|><|rotate_up|>
<|box_start|>241 029 260 042<|box_end|><|ref_start|>page_number<|ref_end|><|rotate_up|>
<|box_start|>261 029 280 042<|box_end|><|ref_start|>page_number<|ref_end|><|rotate_up|>
<|box_start|>281 029 300 042<|box_end|><|ref_start|>page_number<|ref_end|><|rotate_up|>
<|box_start|>301 029 320 042<|box_end|><|ref_start|>page_number<|ref_end|><|rotate_up|>
<|box_start|>321 029 340 042<|box_end|><|ref_start|>page_number<|ref_end|><|rotate_up|>
<|box_start|>341 029 360 042<|box_end|><|ref_start|>page_number<|ref_end|><|rotate_up|>
<|box_start|>361 029 380 042<|box_end|><|ref_start|>page_number<|ref_end|><|rotate_up|>
<|box_start|>381 029 400 042<|box_end|><|ref_start|>page_number<|ref_end|><|rotate_up|>
<|box_start|>401 029 420 042<|box_end|><|ref_start|>page_number<|ref_end|><|rotate_up|>
<|box_start|>421 029 440 042<|box_end|><|ref_start|>page_number<|ref_end|><|rotate_up|>
<|box_start|>441 029 460 042<|box_end|><|ref_start|>page_number<|ref_end|><|rotate_up|>
<|box_start|>461 029 480 042<|box_end|><|ref_start|>page_number<|ref_end|><|rotate_up|>
<|box_start|>481 029 500 042<|box_end|><|ref_start|>page_number<|ref_end|><|rotate_up|>
<|box_start|>501 029 520 042<|box_end|><|ref_start|>page_number<|ref_end|><|rotate_up|>
<|box_start|>521 029 540 042<|box_end|><|ref_start|>page_number<|ref_end|><|rotate_up|>
<|box_start|>541 029 560 042<|box_end|><|ref_start|>page_number<|ref_end|><|rotate_up|>
<|box_start|>561 029 580 042<|box_end|><|ref_start|>page_number<|ref_end|><|rotate_up|>
<|box_start|>581 029 600 042<|box_end|><|ref_start|>page_number<|ref_end|><|rotate_up|>
<|box_start|>601 029 620 042<|box_end|><|ref_start|>page_number<|ref_end|><|rotate_up|>
<|box_start|>621 029 640 042<|box_end|><|ref_start|>page_number<|ref_end|><|rotate_up|>
<|box_start|>641 029 660 042<|box_end|><|ref_start|>page_number<|ref_end|><|rotate_up|>
<|box_start|>661 029 680 042<|box_end|><|ref_start|>page_number<|ref_end|><|rotate_up|>
<|box_start|>681 029 700 042<|box_end|><|ref_start|>page_number<|ref_end|><|rotate_up|>
<|box_start|>701 029 720 042<|box_end|><|ref_start|>page_number<|ref_end|><|rotate_up|>
<|box_start|>721 029 740 042<|box_end|><|ref_start|>page_number<|ref_end|><|rotate_up|>
<|box_start|>741 029 760 042<|box_end|><|ref_start|>page_number<|ref_end|><|rotate_up|>
<|box_start|>761 029 780 042<|box_end|><|ref_start|>page_number<|ref_end|><|rotate_up|>
<|box_start|>781 029 800 042<|box_end|><|ref_start|>page_number<|ref_end|><|rotate_up|>
<|box_start|>801 029 820 042<|box_end|><|ref_start|>page_number<|ref_end|><|rotate_up|>
<|box_start|>821 029 840 042<|box_end|><|ref_start|>page_number<|ref_end|><|rotate_up|>
<|box_start|>841 029 860 042<|box_end|><|ref_start|>page_number<|ref_end|><|rotate_up|>
<|box_start|>861 029 880 042<|box_end|><|ref_start|>page_number<|ref_end|><|rotate_up|>
<|box_start|>881 029 900 042<|box_end|><|ref_start|>page_number<|ref_end|><|rotate_up|>
<|box_start|>901 029 920 042<|box_end|><|ref_start|>page_number<|ref_end|><|rotate_up|>
<|box_start|>921 029 940 042<|box_end|><|ref_start|>page_number<|ref_end|><|rotate_up|>
<|box_start|>941 029 960 042<|box_end|><|ref_start|>page_number<|ref_end|><|rotate_up|>
<|box_start|>961 029 980 042<|box_end|><|ref_start|>page_number<|ref_end|><|rotate_up|>
<|box_start|>981 029 999 042<|box_end|><|ref_start|>page_number<|ref_end|><|rotate_up|>
<|box_start|>999 029 118 042<|box_end|><|ref_start|>page_number<|ref_end|><|rotate_up|>
<|box_start|>119 029 140 042<|box_end|><|ref_start|>page_number<|ref_end|><|rotate_up|>
<|box_start|>141 029 160 042<|box_end|><|ref_start|>page_number<|ref_end|><|rotate_up|>
<|box_start|>161 029 180 042<|box_end|><|ref_start|>page_number<|ref_end|><|rotate_up|>
<|box_start|>181 029 200 042<|box_end|><|ref_start|>page_number<|ref_end|><|rotate_up|>
<|box_start|>201 029 220 042<|box_end|><|ref_start|>page_number<|ref_end|><|rotate_up|>
<|box_start|>221 029 240 042<|box_end|><|ref_start|>page_number<|ref_end|><|rotate_up|>
<|box_start|>241 029 260 042<|box_end|><|ref_start|>page_number<|ref_end|><|rotate_up|>
<|box_start|>261 029 280 042<|box_end|><|ref_start|>page_number<|ref_end|><|rotate_up|>
<|box_start|>281 029 300 042<|box_end|><|ref_start|>page_number<|ref_end|><|rotate_up|>
<|box_start|>301 029 320 042<|box_end|><|ref_start|>page_number<|ref_end|><|rotate_up|>
<|box_start|>321 02
2026-08-06 07:10:43.679 | DEBUG    | mineru_vl_utils.mineru_client:parse_layout_output:239 - Layout raw output: 
<|box_start|>098 010 900 090<|box_end|><|ref_start|>equation_block<|ref_end|><|rotate_up|>
<|box_start|>098 010 900 090<|box_end|><|ref_start|>equation_block<|ref_end|><|rotate_up|>
<|box_start|>098 010 900 090<|box_end|><|ref_start|>equation_block<|ref_end|><|rotate_up|>
<|box_start|>098 010 900 090<|box_end|><|ref_start|>equation_block<|ref_end|><|rotate_up|>
<|box_start|>098 010 900 090<|box_end|><|ref_start|>equation_block<|ref_end|><|rotate_up|>
<|box_start|>098 010 900 090<|box_end|><|ref_start|>equation_block<|ref_end|><|rotate_up|>
<|box_start|>098 010 900 090<|box_end|><|ref_start|>equation_block<|ref_end|><|rotate_up|>
<|box_start|>098 010 900 090<|box_end|><|ref_start|>equation_block<|ref_end|><|rotate_up|>
<|box_start|>098 010 900 090<|box_end|><|ref_start|>equation_block<|ref_end|><|rotate_up|>
<|box_start|>098 010 900 090<|box_end|><|ref_start|>equation_block<|ref_end|><|rotate_up|>
<|box_start|>098 010 900 090<|box_end|><|ref_start|>equation_block<|ref_end|><|rotate_up|>
<|box_start|>098 010 900 090<|box_end|><|ref_start|>equation_block<|ref_end|><|rotate_up|>
<|box_start|>098 010 900 090<|box_end|><|ref_start|>equation_block<|ref_end|><|rotate_up|>
<|box_start|>098 010 900 090<|box_end|><|ref_start|>equation_block<|ref_end|><|rotate_up|>
<|box_start|>098 010 900 090<|box_end|><|ref_start|>equation_block<|ref_end|><|rotate_up|>
<|box_start|>098 010 900 090<|box_end|><|ref_start|>equation_block<|ref_end|><|rotate_up|>
<|box_start|>098 010 900 090<|box_end|><|ref_start|>equation_block<|ref_end|><|rotate_up|>
<|box_start|>098 010 900 090<|box_end|><|ref_start|>equation_block<|ref_end|><|rotate_up|>
<|box_start|>098 010 900 090<|box_end|><|ref_start|>equation_block<|ref_end|><|rotate_up|>
<|box_start|>098 010 900 090<|box_end|><|ref_start|>equation_block<|ref_end|><|rotate_up|>
<|box_start|>098 010 900 090<|box_end|><|ref_start|>equation_block<|ref_end|><|rotate_up|>
<|box_start|>098 010 900 090<|box_end|><|ref_start|>equation_block<|ref_end|><|rotate_up|>
<|box_start|>098 010 900 090<|box_end|><|ref_start|>equation_block<|ref_end|><|rotate_up|>
<|box_start|>098 010 900 090<|box_end|><|ref_start|>equation_block<|ref_end|><|rotate_up|>
<|box_start|>098 010 900 090<|box_end|><|ref_start|>equation_block<|ref_end|><|rotate_up|>
<|box_start|>098 010 900 090<|box_end|><|ref_start|>equation_block<|ref_end|><|rotate_up|>
<|box_start|>098 010 900 090<|box_end|><|ref_start|>equation_block<|ref_end|><|rotate_up|>
<|box_start|>098 010 900 090<|box_end|><|ref_start|>equation_block<|ref_end|><|rotate_up|>
<|box_start|>098 010 900 090<|box_end|><|ref_start|>equation_block<|ref_end|><|rotate_up|>
<|box_start|>098 010 900 090<|box_end|><|ref_start|>equation_block<|ref_end|><|rotate_up|>
<|box_start|>098 010 900 090<|box_end|><|ref_start|>equation_block<|ref_end|><|rotate_up|>
<|box_start|>098 010 900 090<|box_end|><|ref_start|>equation_block<|ref_end|><|rotate_up|>
<|box_start|>098 010 900 090<|box_end|><|ref_start|>equation_block<|ref_end|><|rotate_up|>
<|box_start|>098 010 900 090<|box_end|><|ref_start|>equation_block<|ref_end|><|rotate_up|>
<|box_start|>098 010 900 090<|box_end|><|ref_start|>equation_block<|ref_end|><|rotate_up|>
<|box_start|>098 010 900 090<|box_end|><|ref_start|>equation_block<|ref_end|><|rotate_up|>
<|box_start|>098 010 900 090<|box_end|><|ref_start|>equation_block<|ref_end|><|rotate_up|>
<|box_start|>098 010 900 090<|box_end|><|ref_start|>equation_block<|ref_end|><|rotate_up|>
<|box_start|>098 010 900 090<|box_end|><|ref_start|>equation_block<|ref_end|><|rotate_up|>
<|box_start|>098 010 900 090<|box_end|><|ref_start|>equation_block<|ref_end|><|rotate_up|>
<|box_start|>098 010 900 090<|box_end|><|ref_start|>equation_block<|ref_end|><|rotate_up|>
<|box_start|>098 010 900 090<|box_end|><|ref_start|>equation_block<|ref_end|><|rotate_up|>
<|box_start|>098 010 900 090<|box_end|><|ref_start|>equation_block<|ref_end|><|rotate_up|>
<|box_start|>098 010 900 090<|box_end|><|ref_start|>equation_block<|ref_end|><|rotate_up|>
<|box_start|>098 010 900 090<|box_end|><|ref_start|>equation_block<|ref_end|><|rotate_up|>
<|box_start|>098 010 900 090<|box_end|><|ref_start|>equation_block<|ref_end|><|rotate_up|>
<|box_start|>098 010 900 090<|box_end|><|ref_start|>equation_block<|ref_end|><|rotate_up|>
<|box_start|>098 010 900 090<|box_end|><|ref_start|>equation_block<|ref_end|><|rotate_up|>
<|box_start|>098 010 900 090<|box_end|><|ref_start|>equation_block<|ref_end|><|rotate_up|>
<|box_start|>098 010 900 090<|box_end|><|ref_start|>equation_block<|ref_end|><|rotate_up|>
<|box_start|>098 010 900 090<|box_end|><|ref_start|>equation_block<|ref_end|><|rotate_up|>
<|box_start|>098 010 900 090<|box_end|><|ref_start|>equation_block<|ref_end|><|rotate_up|>
<|box_start|>098 010 900 090<|box_end|><|ref_start|>equation_block<|ref_end|><|rotate_up|>
<|box_start|>098 010 900 090<|box_end|><|ref_start|>equation_block<|ref_end|><|rotate_up|>
<|box_start|>098 010 900 090<|box_end|><|ref_start|>equation_block<|ref_end|><|rotate_up|>
<|box_start|>098 010 900 090<|box_end|><|ref_start|>equation_block<|ref_end|><|rotate_up|>
<|box_start|>098 010 900 090<|box_end|><|ref_start|>equation_block<|ref_end|><|rotate_up|>
<|box_start|>098 010 900 090<|box_end|><|ref_start|>equation_block<|ref_end|><|rotate_up|>
<|box_start|>098 010 900 090<|box_end|><|ref_start|>equation_block<|ref_end|><|rotate_up|>
<|box_start|>098 010 900 090<|box_end|><|ref_start|>equation_block<|ref_end|><|rotate_up|>
<|box_start|>098 010 900 090<|box_end|><|ref_start|>equation_block<|ref_end|><|rotate_up|>
<|box_start|>098 010 900 090<|box_end|><|ref_start|>equation_block<|ref_end|><|rotate_up|>
<|box_start|>098 010 900 090<|box_end|><|ref_start|>equation_block<|ref_end|><|rotate_up|>
<|box_start|>098 010 900 090<|box_end|><|ref_start|>equation_block<|ref_end|><|rotate_up|>
<|box_start|>098 010 900 090<|box_end|><|ref_start|>equation_block<|ref_end|><|rotate_up|>
<|box_start|>098 010 900 090<|box_end|><|ref_start|>equation_block<|ref_end|><|rotate_up|>
<|box_start|>098 010 900 090<|box_end|><|ref_start|>equation_block<|ref_end|><|rotate_up|>
<|box_start|>098 010 900 090<|box_end|><|ref_start|>equation_block<|ref_end|><|rotate_up|>
<|box_start|>098 010 900 090<|box_end|><|ref_start|>equation_block<|ref_end|><|rotate_up|>
<|box_start|>098 010 900 090<|box_end|><|ref_start|>equation_block<|ref_end|><|rotate_up|>
<|box_start|>098 010 900 090<|box_end|><|ref_start|>equation_block<|ref_end|><|rotate_up|>
<|box_start|>098 010 900 090<|box_end|><|ref_start|>equation_block<|ref_end|><|rotate_up|>
<|box_start|>098 010 900 090<|box_end|><|ref_start|>equation_block<|ref_end|><|rotate_up|>
<|box_start|>098 010 900 090<|box_end|><|ref_start|>equation_block<|ref_end|><|rotate_up|>
<|box_start|>098 010 900 090<|box_end|><|ref_start|>equation_block<|ref_end|><|rotate_up|>
<|box_start|>098 010 900 090<|box_end|><|ref_start|>equation_block<|ref_end|><|rotate_up|>
<|box_start|>098 010 900 090<|box_end|><|ref_start|>equation_block<|ref_end|><|rotate_up|>
<|box_start|>098 010 900 090<|box_end|><|ref_start|>equation_block<|ref_end|><|rotate_up|>
<|box_start|>098 010 900 090<|box_end|><|ref_start|>equation_block<|ref_end|><|rotate_up|>
<|box_start|>098 010 900 090<|box_end|><|ref_start|>equation_block<|ref_end|><|rotate_up|>
<|box_start|>098 010 900 090<|box_end|><|ref_start|>equation_block<|ref_end|><|rotate_up|>
<|box_start|>098 010 900 090<|box_end|><|ref_start|>equation_block<|ref_end|><|rotate_up|>
<|box_start|>098 010 900 090<|box_end|><|ref_start|>equation_block<|ref_end|><|rotate_up|>
<|box_start|>098 010 900 090<|box_end|><|ref_start|>equation_block<|ref_end|><|rotate_up|>
<|box_start|>098 010 900 090<|box_end|><|ref_start|>equation_block<|ref_end|><|rotate_up|>
<|box_start|>098 010 900 090<|box_end|><|ref_start|>equation_block<|ref_end|><|rotate_up|>
<|box_start|>098 010 900 090<|box_end|><|ref_start|>equation_block<|ref_end|><|rotate_up|>
<|box_start|>098 010 900 090<|box_end|><|ref_start|>equation_block<|ref_end|><|rotate_up|>
<|box_start|>098 010 900 090<|box_end|><|ref_start|>equation_block<|ref_end|><|rotate_up|>
<|box_start|>098 010 900 090<|box_end|><|ref_start|>equation_block<|ref_end|><|rotate_up|>
<|box_start|>098 010 900 090<|box_end|><|ref_start|>equation_block<|ref_end|><|rotate_up|>
<|box_start|>098 010 900 090<|box_end|><|ref_start|>equation_block<|ref_end|><|rotate_up|>
<|box_start|>098 010 900 090<|box_end|><|ref_start|>equation_block<|ref_end|><|rotate_up|>
<|box_start|>098 010 900 090<|box_end|><|ref_start|>equation_block<|ref_end|><|rotate_up|>
<|box_start|>098 010 900 090<|box_end|><|ref_start|>equation_block<|ref_end|><|rotate_up|>
<|box_start|>098 010 900 090<|box_end|><|ref_start|>equation_block<|ref_end|><|rotate_up|>
<|box_start|>098 010 900 090<|box_end|><|ref_start|>equation_block<|ref_end|><|rotate_up|>
<|box_start|>098 010 900 090<|box_end|><|ref_start|>equation_block<|ref_end|><|rotate_up|>
<|box_start|>098 010 900 090<|box_end|><|ref_start|>equation_block<|ref_end|><|rotate_up|>
<|box_start|>098 010 900 090<|box_end|><|ref_start|>equation_block<|ref_end|><|rotate_up|>
<|box_start|>098 010 900 090<|box_end|><|ref_start|>equation_block<|ref_end|><|rotate_up|>
<|box_start|>098 010 900 090<|box_end|><|ref_start|>equation_block<|ref_end|><|rotate_up|>
<|box_start|>098 010 900 090<|box_end|><|ref_start|>equation_block<|ref_end|><|rotate_up|>
<|box_start|>098 010 900 090<|box_end|><|ref_start|>equation_block<|ref_end|><|rotate_up|>
<|box_start|>098 010 900 090<|box_end|><|ref_start|>equation_block<|ref_end|><|rotate_up|>
<|box_start|>098 010 900 090<|box_end|><|ref_start|>equation_block<|ref_end|><|rotate_up|>
<|box_start|>098 010 900 090<|box_end|><|ref_start|>equation_block<|ref_end|><|rotate_up|>
<|box_start|>098 010 900 090<|box_end|><|ref_start|>equation_block<|ref_end|><|rotate_up|>
<|box_start|>098 010 900 090<|box_end|><|ref_start|>equation_block<|ref_end|><|rotate_up|>
<|box_start|>098 010 900 090<|box_end|><|ref_start|>equation_block<|ref_end|><|rotate_up|>
<|box_start|>098 010 900 090<|box_end|><|ref_start|>equation_block<|ref_end|><|rotate_up|>
<|box_start|>098 010 900 090<|box_end|><|ref_start|>equation_block<|ref_end|><|rotate_up|>
<|box_start|>098 010 900 090<|box_end|><|ref_start|>equation_block<|ref_end|><|rotate_up|>
<|box_start|>098 010 900 090<|box_end|><|ref_start|>equation_block<|ref_end|><|rotate_up|>
<|box_start|>098 010 900 090<|box_end|><|ref_start|>equation_block<|ref_end|><|rotate_up|>
<|box_start|>098 010 900 090<|box_end|><|ref_start|>equation_block<|ref_end|><|rotate_up|>
<|box_start|>098 010 900 090<|box_end|><|ref_start|>equation_block<|ref_end|><|rotate_up|>
<|box_start|>098 010 900 090<|box_end|><|ref_start|>equation_block<|ref_end|><|rotate_up|>
<|box_start|>098 010 900 090<|box_end|><|ref_start|>equation_block<|ref_end|><|rotate_up|>
<|box_start|>098 010 900 090<|box_end|><|ref_start|>equation_block<|ref_end|><|rotate_up|>
<|box_start|>098 010 900 090<|box_end|><|ref_start|>equation_block<|ref_end|><|rotate_up|>
<|box_start|>098 010 900 090<|box_end|><|ref_start|>equation_block<|ref_end|><|rotate_up|>
<|box_start|>098 010 900 090<|box_end|><|ref_start|>equation_block<|ref_end|><|rotate_up|>
<|box_start|>098 010 900 090<|box_end|><|ref_start|>equation_block<|ref_end|><|rotate_up|>
<|box_start|>098 010 900 090<|box_end|><|ref_start|>equation_block<|ref_end|><|rotate_up|>
<|box_start|>098 010 900 090<|box_end|><|ref_start|>equation_block<|ref_end|><|rotate_up|>
<|box_start|>098 010 900 090<|box_end|><|ref_start|>equation_block<|ref_end|><|rotate_up|>
<|box_start|>098 010 900 090<|box_end|><|ref_start|>equation_block<|ref_end|><|rotate_up|>
<|box_start|>098 010 900 090<|box_end|><|ref_start|>equation_block<|ref_end|><|rotate_up|>
<|box_start|>098 010 900 090<|box_end|><|ref_start|>equation_block<|ref_end|><|rotate_up|>
<|box_start|>098 010 900 090<|box_end|><|ref_start|>equation_block<|ref_end|><|rotate_up|>
<|box_start|>098 010 900 090<|box_end|><|ref_start|>equation_block<|ref_end|><|rotate_up|>
<|box_start|>098 010 900 090<|box_end|><|ref_start|>equation_block<|ref_end|><|rotate_up|>
<|box_start|>098 010 900 090<|box_end|><|ref_start|>equation_block<|ref_end|><|rotate_up|>
<|box_start|>098 010 900 090<|box_end|><|ref_start|>equation_block<|ref_end|><|rotate_up|>
<|box_start|>098 010 900 090<|box_end|><|ref_start|>equation_block<|ref_end|><|rotate_up|>
<|box_start|>098 010 900 090<|box_end|><|ref_start|>equation_block<|ref_end|><|rotate_up|>
<|box_start|>098 010 900 090<|box_end|><|ref_start|>equation_block<|ref_end|><|rotate_up|>
<|box_start|>098 010 900 090<|box_end|><|ref_start|>equation_block<|ref_end|><|rotate_up|>
<|box_start|>098 0
2026-08-06 07:10:43.681 | DEBUG    | mineru_vl_utils.mineru_client:parse_layout_output:239 - Layout raw output: 
<|box_start|>090 011 900 090<|box_end|><|ref_start|>equation_block<|ref_end|><|rotate_up|>
<|box_start|>090 011 900 090<|box_end|><|ref_start|>equation_block<|ref_end|><|rotate_up|>
<|box_start|>090 011 900 090<|box_end|><|ref_start|>equation_block<|ref_end|><|rotate_up|>
<|box_start|>090 011 900 090<|box_end|><|ref_start|>equation_block<|ref_end|><|rotate_up|>
<|box_start|>090 011 900 090<|box_end|><|ref_start|>equation_block<|ref_end|><|rotate_up|>
<|box_start|>090 011 900 090<|box_end|><|ref_start|>equation_block<|ref_end|><|rotate_up|>
<|box_start|>090 011 900 090<|box_end|><|ref_start|>equation_block<|ref_end|><|rotate_up|>
<|box_start|>090 011 900 090<|box_end|><|ref_start|>equation_block<|ref_end|><|rotate_up|>
<|box_start|>090 011 900 090<|box_end|><|ref_start|>equation_block<|ref_end|><|rotate_up|>
<|box_start|>090 011 900 090<|box_end|><|ref_start|>equation_block<|ref_end|><|rotate_up|>
<|box_start|>090 011 900 090<|box_end|><|ref_start|>equation_block<|ref_end|><|rotate_up|>
<|box_start|>090 011 900 090<|box_end|><|ref_start|>equation_block<|ref_end|><|rotate_up|>
<|box_start|>090 011 900 090<|box_end|><|ref_start|>equation_block<|ref_end|><|rotate_up|>
<|box_start|>090 011 900 090<|box_end|><|ref_start|>equation_block<|ref_end|><|rotate_up|>
<|box_start|>090 011 900 090<|box_end|><|ref_start|>equation_block<|ref_end|><|rotate_up|>
<|box_start|>090 011 900 090<|box_end|><|ref_start|>equation_block<|ref_end|><|rotate_up|>
<|box_start|>090 011 900 090<|box_end|><|ref_start|>equation_block<|ref_end|><|rotate_up|>
<|box_start|>090 011 900 090<|box_end|><|ref_start|>equation_block<|ref_end|><|rotate_up|>
<|box_start|>090 011 900 090<|box_end|><|ref_start|>equation_block<|ref_end|><|rotate_up|>
<|box_start|>090 011 900 090<|box_end|><|ref_start|>equation_block<|ref_end|><|rotate_up|>
<|box_start|>090 011 900 090<|box_end|><|ref_start|>equation_block<|ref_end|><|rotate_up|>
<|box_start|>090 011 900 090<|box_end|><|ref_start|>equation_block<|ref_end|><|rotate_up|>
<|box_start|>090 011 900 090<|box_end|><|ref_start|>equation_block<|ref_end|><|rotate_up|>
<|box_start|>090 011 900 090<|box_end|><|ref_start|>equation_block<|ref_end|><|rotate_up|>
<|box_start|>090 011 900 090<|box_end|><|ref_start|>equation_block<|ref_end|><|rotate_up|>
<|box_start|>090 011 900 090<|box_end|><|ref_start|>equation_block<|ref_end|><|rotate_up|>
<|box_start|>090 011 900 090<|box_end|><|ref_start|>equation_block<|ref_end|><|rotate_up|>
<|box_start|>090 011 900 090<|box_end|><|ref_start|>equation_block<|ref_end|><|rotate_up|>
<|box_start|>090 011 900 090<|box_end|><|ref_start|>equation_block<|ref_end|><|rotate_up|>
<|box_start|>090 011 900 090<|box_end|><|ref_start|>equation_block<|ref_end|><|rotate_up|>
<|box_start|>090 011 900 090<|box_end|><|ref_start|>equation_block<|ref_end|><|rotate_up|>
<|box_start|>090 011 900 090<|box_end|><|ref_start|>equation_block<|ref_end|><|rotate_up|>
<|box_start|>090 011 900 090<|box_end|><|ref_start|>equation_block<|ref_end|><|rotate_up|>
<|box_start|>090 011 900 090<|box_end|><|ref_start|>equation_block<|ref_end|><|rotate_up|>
<|box_start|>090 011 900 090<|box_end|><|ref_start|>equation_block<|ref_end|><|rotate_up|>
<|box_start|>090 011 900 090<|box_end|><|ref_start|>equation_block<|ref_end|><|rotate_up|>
<|box_start|>090 011 900 090<|box_end|><|ref_start|>equation_block<|ref_end|><|rotate_up|>
<|box_start|>090 011 900 090<|box_end|><|ref_start|>equation_block<|ref_end|><|rotate_up|>
<|box_start|>090 011 900 090<|box_end|><|ref_start|>equation_block<|ref_end|><|rotate_up|>
<|box_start|>090 011 900 090<|box_end|><|ref_start|>equation_block<|ref_end|><|rotate_up|>
<|box_start|>090 011 900 090<|box_end|><|ref_start|>equation_block<|ref_end|><|rotate_up|>
<|box_start|>090 011 900 090<|box_end|><|ref_start|>equation_block<|ref_end|><|rotate_up|>
<|box_start|>090 011 900 090<|box_end|><|ref_start|>equation_block<|ref_end|><|rotate_up|>
<|box_start|>090 011 900 090<|box_end|><|ref_start|>equation_block<|ref_end|><|rotate_up|>
<|box_start|>090 011 900 090<|box_end|><|ref_start|>equation_block<|ref_end|><|rotate_up|>
<|box_start|>090 011 900 090<|box_end|><|ref_start|>equation_block<|ref_end|><|rotate_up|>
<|box_start|>090 011 900 090<|box_end|><|ref_start|>equation_block<|ref_end|><|rotate_up|>
<|box_start|>090 011 900 090<|box_end|><|ref_start|>equation_block<|ref_end|><|rotate_up|>
<|box_start|>090 011 900 090<|box_end|><|ref_start|>equation_block<|ref_end|><|rotate_up|>
<|box_start|>090 011 900 090<|box_end|><|ref_start|>equation_block<|ref_end|><|rotate_up|>
<|box_start|>090 011 900 090<|box_end|><|ref_start|>equation_block<|ref_end|><|rotate_up|>
<|box_start|>090 011 900 090<|box_end|><|ref_start|>equation_block<|ref_end|><|rotate_up|>
<|box_start|>090 011 900 090<|box_end|><|ref_start|>equation_block<|ref_end|><|rotate_up|>
<|box_start|>090 011 900 090<|box_end|><|ref_start|>equation_block<|ref_end|><|rotate_up|>
<|box_start|>090 011 900 090<|box_end|><|ref_start|>equation_block<|ref_end|><|rotate_up|>
<|box_start|>090 011 900 090<|box_end|><|ref_start|>equation_block<|ref_end|><|rotate_up|>
<|box_start|>090 011 900 090<|box_end|><|ref_start|>equation_block<|ref_end|><|rotate_up|>
<|box_start|>090 011 900 090<|box_end|><|ref_start|>equation_block<|ref_end|><|rotate_up|>
<|box_start|>090 011 900 090<|box_end|><|ref_start|>equation_block<|ref_end|><|rotate_up|>
<|box_start|>090 011 900 090<|box_end|><|ref_start|>equation_block<|ref_end|><|rotate_up|>
<|box_start|>090 011 900 090<|box_end|><|ref_start|>equation_block<|ref_end|><|rotate_up|>
<|box_start|>090 011 900 090<|box_end|><|ref_start|>equation_block<|ref_end|><|rotate_up|>
<|box_start|>090 011 900 090<|box_end|><|ref_start|>equation_block<|ref_end|><|rotate_up|>
<|box_start|>090 011 900 090<|box_end|><|ref_start|>equation_block<|ref_end|><|rotate_up|>
<|box_start|>090 011 900 090<|box_end|><|ref_start|>equation_block<|ref_end|><|rotate_up|>
<|box_start|>090 011 900 090<|box_end|><|ref_start|>equation_block<|ref_end|><|rotate_up|>
<|box_start|>090 011 900 090<|box_end|><|ref_start|>equation_block<|ref_end|><|rotate_up|>
<|box_start|>090 011 900 090<|box_end|><|ref_start|>equation_block<|ref_end|><|rotate_up|>
<|box_start|>090 011 900 090<|box_end|><|ref_start|>equation_block<|ref_end|><|rotate_up|>
<|box_start|>090 011 900 090<|box_end|><|ref_start|>equation_block<|ref_end|><|rotate_up|>
<|box_start|>090 011 900 090<|box_end|><|ref_start|>equation_block<|ref_end|><|rotate_up|>
<|box_start|>090 011 900 090<|box_end|><|ref_start|>equation_block<|ref_end|><|rotate_up|>
<|box_start|>090 011 900 090<|box_end|><|ref_start|>equation_block<|ref_end|><|rotate_up|>
<|box_start|>090 011 900 090<|box_end|><|ref_start|>equation_block<|ref_end|><|rotate_up|>
<|box_start|>090 011 900 090<|box_end|><|ref_start|>equation_block<|ref_end|><|rotate_up|>
<|box_start|>090 011 900 090<|box_end|><|ref_start|>equation_block<|ref_end|><|rotate_up|>
<|box_start|>090 011 900 090<|box_end|><|ref_start|>equation_block<|ref_end|><|rotate_up|>
<|box_start|>090 011 900 090<|box_end|><|ref_start|>equation_block<|ref_end|><|rotate_up|>
<|box_start|>090 011 900 090<|box_end|><|ref_start|>equation_block<|ref_end|><|rotate_up|>
<|box_start|>090 011 900 090<|box_end|><|ref_start|>equation_block<|ref_end|><|rotate_up|>
<|box_start|>090 011 900 090<|box_end|><|ref_start|>equation_block<|ref_end|><|rotate_up|>
<|box_start|>090 011 900 090<|box_end|><|ref_start|>equation_block<|ref_end|><|rotate_up|>
<|box_start|>090 011 900 090<|box_end|><|ref_start|>equation_block<|ref_end|><|rotate_up|>
<|box_start|>090 011 900 090<|box_end|><|ref_start|>equation_block<|ref_end|><|rotate_up|>
<|box_start|>090 011 900 090<|box_end|><|ref_start|>equation_block<|ref_end|><|rotate_up|>
<|box_start|>090 011 900 090<|box_end|><|ref_start|>equation_block<|ref_end|><|rotate_up|>
<|box_start|>090 011 900 090<|box_end|><|ref_start|>equation_block<|ref_end|><|rotate_up|>
<|box_start|>090 011 900 090<|box_end|><|ref_start|>equation_block<|ref_end|><|rotate_up|>
<|box_start|>090 011 900 090<|box_end|><|ref_start|>equation_block<|ref_end|><|rotate_up|>
<|box_start|>090 011 900 090<|box_end|><|ref_start|>equation_block<|ref_end|><|rotate_up|>
<|box_start|>090 011 900 090<|box_end|><|ref_start|>equation_block<|ref_end|><|rotate_up|>
<|box_start|>090 011 900 090<|box_end|><|ref_start|>equation_block<|ref_end|><|rotate_up|>
<|box_start|>090 011 900 090<|box_end|><|ref_start|>equation_block<|ref_end|><|rotate_up|>
<|box_start|>090 011 900 090<|box_end|><|ref_start|>equation_block<|ref_end|><|rotate_up|>
<|box_start|>090 011 900 090<|box_end|><|ref_start|>equation_block<|ref_end|><|rotate_up|>
<|box_start|>090 011 900 090<|box_end|><|ref_start|>equation_block<|ref_end|><|rotate_up|>
<|box_start|>090 011 900 090<|box_end|><|ref_start|>equation_block<|ref_end|><|rotate_up|>
<|box_start|>090 011 900 090<|box_end|><|ref_start|>equation_block<|ref_end|><|rotate_up|>
<|box_start|>090 011 900 090<|box_end|><|ref_start|>equation_block<|ref_end|><|rotate_up|>
<|box_start|>090 011 900 090<|box_end|><|ref_start|>equation_block<|ref_end|><|rotate_up|>
<|box_start|>090 011 900 090<|box_end|><|ref_start|>equation_block<|ref_end|><|rotate_up|>
<|box_start|>090 011 900 090<|box_end|><|ref_start|>equation_block<|ref_end|><|rotate_up|>
<|box_start|>090 011 900 090<|box_end|><|ref_start|>equation_block<|ref_end|><|rotate_up|>
<|box_start|>090 011 900 090<|box_end|><|ref_start|>equation_block<|ref_end|><|rotate_up|>
<|box_start|>090 011 900 090<|box_end|><|ref_start|>equation_block<|ref_end|><|rotate_up|>
<|box_start|>090 011 900 090<|box_end|><|ref_start|>equation_block<|ref_end|><|rotate_up|>
<|box_start|>090 011 900 090<|box_end|><|ref_start|>equation_block<|ref_end|><|rotate_up|>
<|box_start|>090 011 900 090<|box_end|><|ref_start|>equation_block<|ref_end|><|rotate_up|>
<|box_start|>090 011 900 090<|box_end|><|ref_start|>equation_block<|ref_end|><|rotate_up|>
<|box_start|>090 011 900 090<|box_end|><|ref_start|>equation_block<|ref_end|><|rotate_up|>
<|box_start|>090 011 900 090<|box_end|><|ref_start|>equation_block<|ref_end|><|rotate_up|>
<|box_start|>090 011 900 090<|box_end|><|ref_start|>equation_block<|ref_end|><|rotate_up|>
<|box_start|>090 011 900 090<|box_end|><|ref_start|>equation_block<|ref_end|><|rotate_up|>
<|box_start|>090 011 900 090<|box_end|><|ref_start|>equation_block<|ref_end|><|rotate_up|>
<|box_start|>090 011 900 090<|box_end|><|ref_start|>equation_block<|ref_end|><|rotate_up|>
<|box_start|>090 011 900 090<|box_end|><|ref_start|>equation_block<|ref_end|><|rotate_up|>
<|box_start|>090 011 900 090<|box_end|><|ref_start|>equation_block<|ref_end|><|rotate_up|>
<|box_start|>090 011 900 090<|box_end|><|ref_start|>equation_block<|ref_end|><|rotate_up|>
<|box_start|>090 011 900 090<|box_end|><|ref_start|>equation_block<|ref_end|><|rotate_up|>
<|box_start|>090 011 900 090<|box_end|><|ref_start|>equation_block<|ref_end|><|rotate_up|>
<|box_start|>090 011 900 090<|box_end|><|ref_start|>equation_block<|ref_end|><|rotate_up|>
<|box_start|>090 011 900 090<|box_end|><|ref_start|>equation_block<|ref_end|><|rotate_up|>
<|box_start|>090 011 900 090<|box_end|><|ref_start|>equation_block<|ref_end|><|rotate_up|>
<|box_start|>090 011 900 090<|box_end|><|ref_start|>equation_block<|ref_end|><|rotate_up|>
<|box_start|>090 011 900 090<|box_end|><|ref_start|>equation_block<|ref_end|><|rotate_up|>
<|box_start|>090 011 900 090<|box_end|><|ref_start|>equation_block<|ref_end|><|rotate_up|>
<|box_start|>090 011 900 090<|box_end|><|ref_start|>equation_block<|ref_end|><|rotate_up|>
<|box_start|>090 011 900 090<|box_end|><|ref_start|>equation_block<|ref_end|><|rotate_up|>
<|box_start|>090 011 900 090<|box_end|><|ref_start|>equation_block<|ref_end|><|rotate_up|>
<|box_start|>090 011 900 090<|box_end|><|ref_start|>equation_block<|ref_end|><|rotate_up|>
<|box_start|>090 011 900 090<|box_end|><|ref_start|>equation_block<|ref_end|><|rotate_up|>
<|box_start|>090 011 900 090<|box_end|><|ref_start|>equation_block<|ref_end|><|rotate_up|>
<|box_start|>090 011 900 090<|box_end|><|ref_start|>equation_block<|ref_end|><|rotate_up|>
<|box_start|>090 011 900 090<|box_end|><|ref_start|>equation_block<|ref_end|><|rotate_up|>
<|box_start|>090 011 900 090<|box_end|><|ref_start|>equation_block<|ref_end|><|rotate_up|>
<|box_start|>090 011 900 090<|box_end|><|ref_start|>equation_block<|ref_end|><|rotate_up|>
<|box_start|>090 011 900 090<|box_end|><|ref_start|>equation_block<|ref_end|><|rotate_up|>
<|box_start|>090 011 900 090<|box_end|><|ref_start|>equation_block<|ref_end|><|rotate_up|>
<|box_start|>090 011 900 090<|box_end|><|ref_start|>equation_block<|ref_end|><|rotate_up|>
<|box_start|>090 0
2026-08-06 07:10:43.683 | DEBUG    | mineru_vl_utils.mineru_client:parse_layout_output:239 - Layout raw output: 
<|box_start|>GB 19577-2024
式中:
Q_c(t_j)——机组各负荷制冷量,单位为千瓦(kW);
n_j——制冷季节中制冷的各温度下工作时间,单位为小时(h)。
机组各负荷制冷量Q_c(t_j)按公式(A.3)或公式(A.4)计算。
a) 当室外温度在24℃(0负荷点)~35℃(A点)之间时:
Q_c(t_j)=L_c(t_j)........(A.3)
b) 当室外温度在35℃(A点)~43℃之间时:
Q_c(t_j)=min[L_c(t_j),φ_c(t_j)]........(A.4)
式中:
φ_c(t_j)——机组各负荷实测制冷量,单位为千瓦(kW)。
其中,机组各负荷的实测制冷量φ_c(t_j)按公式(A.5)计算。
φ_c(t_j)=φ_c(t_A)+φ_c(t_A)-φ_c(t_B)/t_A-t_B×(t_j-t_A),t_A≤t_j≤43........(A.5)
A.4.2 制冷季节耗电量
制冷季节耗电量CSTE按公式(A.6)计算。
CSTE = ∑_{j=1}^{n_j} \left[ \frac{Q_c(t_j)}{COP_{\text{bin}}(t_j)} \right] × n_j..............(A.6)
式中:
COP_{\text{bin}}(t_j)——各工作温度下的制冷性能系数:
COP_{\text{bin}}(t_j)——通过测试并按公式(A.7)~公式(A.11)计算获得。
a) 当室外温度在43℃~35℃(A点)之间时:
COP_{\text{bin}}(t_j)=COP_{\text{bin}}(t_A)+\frac{COP_{\text{bin}}(43)-COP_{\text{bin}}(t_A)}{43-t_A}×(t_j-t_A),t_A≤t_j≤t_A..............(A.7)
b) 当室外温度在35℃(A点)~32.3℃(B点)之间时:
COP_{\text{bin}}(t_j)=COP_{\text{bin}}(t_B)+\frac{COP_{\text{bin}}(t_A)-COP_{\text{bin}}(t_B)}{t_A-t_B}×(t_j-t_B),t_B≤t_j≤t_A..............(A.8)
c) 当室外温度在32.3℃(B点)~29.5℃(C点)之间时:
COP_{\text{bin}}(t_j)=COP_{\text{bin}}(t_C)+\frac{COP_{\text{bin}}(t_B)-COP_{\text{bin}}(t_C)}{t_B-t_C}×(t_j-t_C),t_C≤t_j≤t_B..............(A.9)
d) 当室外温度在29.5℃(C点)~26.8℃(D点)之间时:
COP_{\text{bin}}(t_j)=COP_{\text{bin}}(t_D)+\frac{COP_{\text{bin}}(t_C)-COP_{\text{bin}}(t_D)}{t_C-t_D}×(t_j-t_D),t_D≤t_j≤t_C..............(A.10)
e) 当室外温度在26.8℃(D点)~24℃(0负荷点)之间时:
COP_{\text{bin}}(t_j)=COP_{\text{bin}}(t_D)-0.0289×COP_{\text{bin}}(t_D)×(t_j-t_D),24≤t_j≤t_D..............(A.11)
在B,C,D工况试验中,若机组的制冷量超过要求额定负荷的102%时,COP_{\text{bin}}(t_B,t_C,t_D)的计算按以下规定进行。
a) 对于使用单台定频/定速压缩机的机组,COP_{\text{bin}}(t_B,t_C,t_D)按公式(A.12)计算。
COP_{\text{bin}}(t_B,t_C,t_D)=\frac{COP_{\text{bin}}(t_B,t_C,t_D)}{C_D}..............(A.12)
式中:
COP_{\text{DC}}——B,C,D工况下连续制冷运行时测得的制冷性能系数:
C_D——衰减系数,通过测试获得,按公式(A.13)进行计算。
C_D=(-0.13·LF)+1.13..............(A.13)
10<|content_end|>
2026-08-06 07:10:43.684 | WARNING  | mineru_vl_utils.mineru_client:parse_layout_output:268 - Layout output does not match expected format: <|box_start|>GB 19577-2024
式中:
Q_c(t_j)——机组各负荷制冷量,单位为千瓦(kW);
n_j——制冷季节中制冷的各温度下工作时间,单位为小时(h)。
机组各负荷制冷量Q_c(t_j)按公式(A.3)或公式(A.4)计算。
a) 当室外温度在24℃(0负荷点)~35℃(A点)之间时:
Q_c(t_j)=L_c(t_j)........(A.3)
b) 当室外温度在35℃(A点)~43℃之间时:
Q_c(t_j)=min[L_c(t_j),φ_c(t_j)]........(A.4)
式中:
φ_c(t_j)——机组各负荷实测制冷量,单位为千瓦(kW)。
其中,机组各负荷的实测制冷量φ_c(t_j)按公式(A.5)计算。
φ_c(t_j)=φ_c(t_A)+φ_c(t_A)-φ_c(t_B)/t_A-t_B×(t_j-t_A),t_A≤t_j≤43........(A.5)
A.4.2 制冷季节耗电量
制冷季节耗电量CSTE按公式(A.6)计算。
CSTE = ∑_{j=1}^{n_j} \left[ \frac{Q_c(t_j)}{COP_{\text{bin}}(t_j)} \right] × n_j..............(A.6)
式中:
COP_{\text{bin}}(t_j)——各工作温度下的制冷性能系数:
COP_{\text{bin}}(t_j)——通过测试并按公式(A.7)~公式(A.11)计算获得。
a) 当室外温度在43℃~35℃(A点)之间时:
COP_{\text{bin}}(t_j)=COP_{\text{bin}}(t_A)+\frac{COP_{\text{bin}}(43)-COP_{\text{bin}}(t_A)}{43-t_A}×(t_j-t_A),t_A≤t_j≤t_A..............(A.7)
b) 当室外温度在35℃(A点)~32.3℃(B点)之间时:
COP_{\text{bin}}(t_j)=COP_{\text{bin}}(t_B)+\frac{COP_{\text{bin}}(t_A)-COP_{\text{bin}}(t_B)}{t_A-t_B}×(t_j-t_B),t_B≤t_j≤t_A..............(A.8)
c) 当室外温度在32.3℃(B点)~29.5℃(C点)之间时:
COP_{\text{bin}}(t_j)=COP_{\text{bin}}(t_C)+\frac{COP_{\text{bin}}(t_B)-COP_{\text{bin}}(t_C)}{t_B-t_C}×(t_j-t_C),t_C≤t_j≤t_B..............(A.9)
d) 当室外温度在29.5℃(C点)~26.8℃(D点)之间时:
COP_{\text{bin}}(t_j)=COP_{\text{bin}}(t_D)+\frac{COP_{\text{bin}}(t_C)-COP_{\text{bin}}(t_D)}{t_C-t_D}×(t_j-t_D),t_D≤t_j≤t_C..............(A.10)
e) 当室外温度在26.8℃(D点)~24℃(0负荷点)之间时:
COP_{\text{bin}}(t_j)=COP_{\text{bin}}(t_D)-0.0289×COP_{\text{bin}}(t_D)×(t_j-t_D),24≤t_j≤t_D..............(A.11)
在B,C,D工况试验中,若机组的制冷量超过要求额定负荷的102%时,COP_{\text{bin}}(t_B,t_C,t_D)的计算按以下规定进行。
a) 对于使用单台定频/定速压缩机的机组,COP_{\text{bin}}(t_B,t_C,t_D)按公式(A.12)计算。
COP_{\text{bin}}(t_B,t_C,t_D)=\frac{COP_{\text{bin}}(t_B,t_C,t_D)}{C_D}..............(A.12)
式中:
COP_{\text{DC}}——B,C,D工况下连续制冷运行时测得的制冷性能系数:
C_D——衰减系数,通过测试获得,按公式(A.13)进行计算。
C_D=(-0.13·LF)+1.13..............(A.13)
10<|content_end|>
2026-08-06 07:10:43.684 | DEBUG    | mineru_vl_utils.mineru_client:parse_layout_output:239 - Layout raw output: 
<|box_start|>南方区域电力市场现货电能量交易实施细则（试行V3.0）<lcel><nl>
<fcel>min<fcel>\(\left\{\sum_{i=1}^{N}\sum_{t=t_{start}}^{T}\left[C_{i,t}(P_{i,t})d_{i}\right]+\sum_{i=1}^{n}\sum_{t=t_{start}}^{T}P_{gwf}[P_{i,t,i}d_{i}]+\sum_{i=1}^{NL}\sum_{t=t_{start}}^{T}M_{1}[SL_{i}^{+}+SL_{i}^{-}]\right.\)<nl>
<ucel><fcel>\(\left.\left.\left.\left.\left.\left.\left.\left.\left.\left.\left.\left.\left.\left.\left.\left.\left.\left.\left.\left.\left.\left.\left.\left.\left.\left.\left.\left.\left.\left.\left.\left.\left.\left.\left.\left.\left.\left.\left.\left.\left.\left.\left.\left.\left.\left.\left.\left.\left.\left.\left.\left.\left.\left.\left.\left.\left.\left.\left.\left.\left.\left.\left.\left.\left.\left.\left.\left.\left.\left.\left.\left.\left.\left.\left.\left.\left.\left.\left.\left.\left.\left.\left.\left.\left.\left.\left.\left.\left.\left.\left.\left.\left.\left.\left.\left.\left.\left.\left.\left.\left.\left.\left.\left.\left.\left.\left.\left.\left.\left.\left.\left.\left.\left.\left.\left.\left.\left.\left.\left.\left.\left.\left.\left.\left.\left.\left.\left.\left.\left.\left.\left.\left.\left.\left.\left.\left.\left.\left.\left.\left.\left.\left.\left.\left.\left.\left.\left.\left.\left.\left.\left.\left.\left.\left.\left.\left.\left.\left.\left.\left.\left.\left.\left.\left.\left.\left.\left.\left.\left.\left.\left.\left.\left.\left.\left.\left.\left.\left.\left.\left.\left.\left.\left.\left.\left.\left.\left.\left.\left.\left.\left.\left.\left.\left.\left.\left.\left.\left.\left.\left.\left.\left.\left.\left.\left.\left.\left.\left.\left.\left.\left.\left.\left.\left.\left.\left.\left.\left.\left.\left.\left.\left.\left.\left.\left.\left.\left.\left.\left.\left.\left.\left.\left.\left.\left.\left.\left.\left.\left.\left.\left.\left.\left.\left.\left.\left.\left.\left.\left.\left.\left.\left.\left.\left.\left.\left.\left.\left.\left.\left.\left.\left.\left.\left.\left.\left.\left.\left.\left.\left.\left.\left.\left.\left.\left.\left.\left.\left.\left.\left.\left.\left.\left.\left.\left.\left.\left.\left.\left.\left.\left.\left.\left.\left.\left.\left.\left.\left.\left.\left.\left.\left.\left.\left.\left.\left.\left.\left.\left.\left.\left.\left.\left.\left.\left.\left.\left.\left.\left.\left.\left.\left.\left.\left.\left.\left.\left.\left.\left.\left.\left.\left.\left.\left.\left.\left.\left.\left.\left.\left.\left.\left.\left.\left.\left.\left.\left.\left.\left.\left.\left.\left.\left.\left.\left.\left.\left.\left.\left.\left.\left.\left.\left.\left.\left.\left.\left.\left.\left.\left.\left.\left.\left.\left.\left.\left.\left.\left.\left.\left.\left.\left.\left.\left.\left.\left.\left.\left.\left.\left.\left.\left.\left.\left.\left.\left.\left.\left.\left.\left.\left.\left.\left.\left.\left.\left.\left.\left.\left.\left.\left.\left.\left.\left.\left.\left.\left.\left.\left.\left.\left.\left.\left.\left.\left.\left.\left.\left.\left.\left.\left.\left.\left.\left.\left.\left.\left.\left.\left.\left.\left.\left.\left.\left.\left.\left.\left.\left.\left.\left.\left.\left.\left.\left.\left.\left.\left.\left.\left.\left.\left.\left.\left.\left.\left.\left.\left.\left.\left.\left.\left.\left.\left.\left.\left.\left.\left.\left.\left.\left.\left.\left.\left.\left.\left.\left.\left.\left.\left.\left.\left.\left.\left.\left.\left.\left.\left.\left.\left.\left.\left.\left.\left.\left.\left.\left.\left.\left.\left.\left.\left.\left.\left.\left.\left.\left.\left.\left.\left.\left.\left.\left.\left.\left.\left.\left.\left.\left.\left.\left.\left.\left.\left.\left.\left.\left.\left.\left.\left.\left.\left.\left.\left.\left.\left.\left.\left.\left.\left.\left.\left.\left.\left.\left.\left.\left.\left.\left.\left.\left.\left.\left.\left.\left.\left.\left.\left.\left.\left.\left.\left.\left.\left.\left.\left.\left.\left.\left.\left.\left.\left.\left.\left.\left.\left.\left.\left.\left.\left.\left.\left.\left.\left.\left.\left.\left.\left.\left.\left.\left.\left.\left.\left.\left.\left.\left.\left.\left.\left.\left.\left.\left.\left.\left.\left.\left.\left.\left.\left.\left.\left.\left.\left.\left.\left.\left.\left.\left.\left.\left.\left.\left.\left.\left.\left.\left.\left.\left.\left.\left.\left.\left.\left.\left.\left.\left.\left.\left.\left.\left.\left.\left.\left.\left.\left.\left.\left.\left.\left.\left.\left.\left.\left.\left.\left.\left.\left.\left.\left.\left.\left.\left.\left.\left.\left.\left.\left.\left.\left.\left.\left.\left.\left.\left.\left.\left.\left.\left.\left.\left.\left.\left.\left.\left.\left.\left.\left.\left.\left.\left.\left.\left.\left.\left.\left.\left.\left.\left.\left.\left.\left.\left.\left.\left.\left.\left.\left.\left.\left.\left.\left.\left.\left.\left.\left.\left.\left.\left.\left.\left.\left.\left.\left.\left.\left.\left.\left.\left.\left.\left.\left.\left.\left.\left.\left.\left.\left.\left.\left.\left.\left.\left.\left.\left.\left.\left.\left.\left.\left.\left.\left.\left.\left.\left.\left.\left.\left.\left.\left.\left.\left.\left.\left.\left.\left.\left.\left.\left.\left.\left.\left.\left.\left.\left.\left.\left.\left.\left.\left.\left.\left.\left.\left.\left.\left.\left.\left.\left.\left.\left.\left.\left.\left.\left.\left.\left.\left.\left.\left.\left.\left.\left.\left.\left.\left.\left.\left.\left.\left.\left.\left.\left.\left.\left.\left.\left.\left.\left.\left.\left.\left.\left.\left.\left.\left.\left.\left.\left.\left.\left.\left.\left.\left.\left.\left.\left.\left.\left.\left.\left.\left.\left.\left.\left.\left.\left.\left.\left.\left.\left.\left.\left.\left.\left.\left.\left.\left.\left.\left.\left.\left.\left.\left.\left.\left.\left.\left.\left.\left.\left.\left.\left.\left.\left.\left.\left.\left.\left.\left.\left.\left.\left.\left.\left.\left.\left.\left.\left.\left.\left.\left.\left.\left.\left.\left.\left.\left.\left.\left.\left.\left.\left.\left.\left.\left.\left.\left.\left.\left.\left.\left.\left.\left.\left.\left.\left.\left.\left.\left.\left.\left.\left.\left.\left.\left.\left.\left.\left.\left.\left.\left.\left.\left.\left.\left.\left.\left.\left.\left.\left.\left.\left.\left.\left.\left.\left.\left.\left.\left.\left.\left.\left.\left.\left.\left.\left.\left.\left.\left.\left.\left.\left.\left.\left.\left.\left.\left.\left.\left.\left.\left.\left.\left.\left.\left.\left.\left.\left.\left.\left.\left.\left.\left.\left.\left.\left.\left.\left.\left.\left.\left.\left.\left.\left.\left.\left.\left.\left.\left.\left.\left.\left.\left.\left.\left.\left.\left.\left.\left.\left.\left.\left.\left.\left.\left.\left.\left.\left.\left.\left.\left.\left.\left.\left.\left.\left.\left.\left.\left.\left.\left.\left.\left.\left.\left.\left.\left.\left.\left.\left.\left.\left.\left.\left.\left.\left.\left.\left.\left.\left.\left.\left.\left.\left.\left.\left.\left.\left.\left.\left.\left.\left.\left.\left.\left.\left.\left.\left.\left.\left.\left.\left.\left.\left.\left.\left.\left.\left.\left.\left.\left.\left.\left.\left.\left.\left.\left.\left.\left.\left.\left.\left.\left.\left.\left.\left.\left.\left.\left.\left.\left.\left.\left.\left.\left.\left.\left.\left.\left.\left.\left.\left.\left.\left.\left.\left.\left.\left.\left.\left.\left.\left.\left.\left.\left.\left.\left.\left.\left.\left.\left.\left.\left.\left.\left.\left.\left.\left.\left.\left.\left.\left.\left.\left.\left.\left.\left.\left.\left.\left.\left.\left.\left.\left.\left.\left.\left.\left.\left.\left.\left.\left.\left.\left.\left.\left.\left.\left.\left.\left.\left.\left.\left.\left.\left.\left.\left.\left.\left.\left.\left.\left.\left.\left.\left.\left.\left.\left.\left.\left.\left.\left.\left.\left.\left.\left.\left.\left.\left.\left.\left.\left.\left.\left.\left.\left.\left.\left.\left.\left.\left.\left.\left.\left.\left.\left.\left.\left.\left.\left.\left.\left.\left.\left.\left.\left.\left.\left.\left.\left.\left.\left.\left.\left.\left.\left.\left.\left.\left.\left.\left.\left.\left.\left.\left.\left.\left.\left.\left.\left.\left.\left.\left.\left.\left.\left.\left.\left.\left.\left.\left.\left.\left.\left.\left.\left.\left.\left.\left.\left.\left.\left.\left.\left.\left.\left.\left.\left.\left.\left.\left.\left.\left.\left.\left.\left.\left.\left.\left.\left.\left.\left.\left.\left.\left.\left.\left.\left.\left.\left.\left.\left.\left.\left.\left.\left.\left.\left.\left.\left.\left.\left.\left.\left.\left.\left.\left.\left.\left.\left.\left.\left.\left.\left.\left.\left.\left.\left.\left.\left.\left.\left.\left.\left.\left.\left.\left.\left.\left.\left.\left.\left.\left.\left.\left.\left.\left.\left.\left.\left.\left.\left.\left.\left.\left.\left.\left.\left.\left.\left.\left.\left.\left.\left.\left.\left.\left.\left.\left.\left.\left.\left.\left.\left.\left.\left.\left.\left.\left.\left.\left.\left.\left.\left.\left.\left.\left.\left.\left.\left.\left.\left.\left.\left.\left.\left.\left.\left.\left.\left.\left.\left.\left.\left.\left.\left.\left.\left.\left.\left.\left.\left.\left.\left.\left.\left.\left.\left.\left.\left.\left.\left.\left.\left.\left.\left.\left.\left.\left.\left.\left.\left.\left.\left.\left.\left.\left.\left.\left.\left.\left.\left.\left.\left.\left.\left.\left.\left.\left.\left.\left.\left.\left.\left.\left.\left.\left.\left.\left.\left.\left.\left.\left.\left.\left.\left.\left.\left.\left.\left.\left.\left.\left.\left.\left.\left.\left.\left.\left.\left.\left.\left.\left.\left.\left.\left.\left.\left.\left.\left.\left.\left.\left.\left.\left.\left.\left.\left.\left.\left.\left.\left.\left.\left.\left.\left.\left.\left.\left.\left.\left.\left.\left.\left.\left.\left.\left.\left.\left.\left.\left.\left.\left.\left.\left.\left.\left.\left.\left.\left.\left.\left.\left.\left.\left.\left.\left.\left.\left.\left.\left.\left.\left.\left.\left.\left.\left.\left.\left.\left.\left.\left.\left.\left.\left.\left.\left.\left.\left.\left.\left.\left.\left.\left.\left.\left.\left.\left.\left.\left.\left.\left.\left.\left.\left.\left.\left.\left.\left.\left.\left.\left.\left.\left.\left.\left.\left.\
2026-08-06 07:10:43.684 | WARNING  | mineru_vl_utils.mineru_client:parse_layout_output:268 - Layout output does not match expected format: <|box_start|>南方区域电力市场现货电能量交易实施细则（试行V3.0）<lcel><nl>
<fcel>min<fcel>\(\left\{\sum_{i=1}^{N}\sum_{t=t_{start}}^{T}\left[C_{i,t}(P_{i,t})d_{i}\right]+\sum_{i=1}^{n}\sum_{t=t_{start}}^{T}P_{gwf}[P_{i,t,i}d_{i}]+\sum_{i=1}^{NL}\sum_{t=t_{start}}^{T}M_{1}[SL_{i}^{+}+SL_{i}^{-}]\right.\)<nl>
<ucel><fcel>\(\left.\left.\left.\left.\left.\left.\left.\left.\left.\left.\left.\left.\left.\left.\left.\left.\left.\left.\left.\left.\left.\left.\left.\left.\left.\left.\left.\left.\left.\left.\left.\left.\left.\left.\left.\left.\left.\left.\left.\left.\left.\left.\left.\left.\left.\left.\left.\left.\left.\left.\left.\left.\left.\left.\left.\left.\left.\left.\left.\left.\left.\left.\left.\left.\left.\left.\left.\left.\left.\left.\left.\left.\left.\left.\left.\left.\left.\left.\left.\left.\left.\left.\left.\left.\left.\left.\left.\left.\left.\left.\left.\left.\left.\left.\left.\left.\left.\left.\left.\left.\left.\left.\left.\left.\left.\left.\left.\left.\left.\left.\left.\left.\left.\left.\left.\left.\left.\left.\left.\left.\left.\left.\left.\left.\left.\left.\left.\left.\left.\left.\left.\left.\left.\left.\left.\left.\left.\left.\left.\left.\left.\left.\left.\left.\left.\left.\left.\left.\left.\left.\left.\left.\left.\left.\left.\left.\left.\left.\left.\left.\left.\left.\left.\left.\left.\left.\left.\left.\left.\left.\left.\left.\left.\left.\left.\left.\left.\left.\left.\left.\left.\left.\left.\left.\left.\left.\left.\left.\left.\left.\left.\left.\left.\left.\left.\left.\left.\left.\left.\left.\left.\left.\left.\left.\left.\left.\left.\left.\left.\left.\left.\left.\left.\left.\left.\left.\left.\left.\left.\left.\left.\left.\left.\left.\left.\left.\left.\left.\left.\left.\left.\left.\left.\left.\left.\left.\left.\left.\left.\left.\left.\left.\left.\left.\left.\left.\left.\left.\left.\left.\left.\left.\left.\left.\left.\left.\left.\left.\left.\left.\left.\left.\left.\left.\left.\left.\left.\left.\left.\left.\left.\left.\left.\left.\left.\left.\left.\left.\left.\left.\left.\left.\left.\left.\left.\left.\left.\left.\left.\left.\left.\left.\left.\left.\left.\left.\left.\left.\left.\left.\left.\left.\left.\left.\left.\left.\left.\left.\left.\left.\left.\left.\left.\left.\left.\left.\left.\left.\left.\left.\left.\left.\left.\left.\left.\left.\left.\left.\left.\left.\left.\left.\left.\left.\left.\left.\left.\left.\left.\left.\left.\left.\left.\left.\left.\left.\left.\left.\left.\left.\left.\left.\left.\left.\left.\left.\left.\left.\left.\left.\left.\left.\left.\left.\left.\left.\left.\left.\left.\left.\left.\left.\left.\left.\left.\left.\left.\left.\left.\left.\left.\left.\left.\left.\left.\left.\left.\left.\left.\left.\left.\left.\left.\left.\left.\left.\left.\left.\left.\left.\left.\left.\left.\left.\left.\left.\left.\left.\left.\left.\left.\left.\left.\left.\left.\left.\left.\left.\left.\left.\left.\left.\left.\left.\left.\left.\left.\left.\left.\left.\left.\left.\left.\left.\left.\left.\left.\left.\left.\left.\left.\left.\left.\left.\left.\left.\left.\left.\left.\left.\left.\left.\left.\left.\left.\left.\left.\left.\left.\left.\left.\left.\left.\left.\left.\left.\left.\left.\left.\left.\left.\left.\left.\left.\left.\left.\left.\left.\left.\left.\left.\left.\left.\left.\left.\left.\left.\left.\left.\left.\left.\left.\left.\left.\left.\left.\left.\left.\left.\left.\left.\left.\left.\left.\left.\left.\left.\left.\left.\left.\left.\left.\left.\left.\left.\left.\left.\left.\left.\left.\left.\left.\left.\left.\left.\left.\left.\left.\left.\left.\left.\left.\left.\left.\left.\left.\left.\left.\left.\left.\left.\left.\left.\left.\left.\left.\left.\left.\left.\left.\left.\left.\left.\left.\left.\left.\left.\left.\left.\left.\left.\left.\left.\left.\left.\left.\left.\left.\left.\left.\left.\left.\left.\left.\left.\left.\left.\left.\left.\left.\left.\left.\left.\left.\left.\left.\left.\left.\left.\left.\left.\left.\left.\left.\left.\left.\left.\left.\left.\left.\left.\left.\left.\left.\left.\left.\left.\left.\left.\left.\left.\left.\left.\left.\left.\left.\left.\left.\left.\left.\left.\left.\left.\left.\left.\left.\left.\left.\left.\left.\left.\left.\left.\left.\left.\left.\left.\left.\left.\left.\left.\left.\left.\left.\left.\left.\left.\left.\left.\left.\left.\left.\left.\left.\left.\left.\left.\left.\left.\left.\left.\left.\left.\left.\left.\left.\left.\left.\left.\left.\left.\left.\left.\left.\left.\left.\left.\left.\left.\left.\left.\left.\left.\left.\left.\left.\left.\left.\left.\left.\left.\left.\left.\left.\left.\left.\left.\left.\left.\left.\left.\left.\left.\left.\left.\left.\left.\left.\left.\left.\left.\left.\left.\left.\left.\left.\left.\left.\left.\left.\left.\left.\left.\left.\left.\left.\left.\left.\left.\left.\left.\left.\left.\left.\left.\left.\left.\left.\left.\left.\left.\left.\left.\left.\left.\left.\left.\left.\left.\left.\left.\left.\left.\left.\left.\left.\left.\left.\left.\left.\left.\left.\left.\left.\left.\left.\left.\left.\left.\left.\left.\left.\left.\left.\left.\left.\left.\left.\left.\left.\left.\left.\left.\left.\left.\left.\left.\left.\left.\left.\left.\left.\left.\left.\left.\left.\left.\left.\left.\left.\left.\left.\left.\left.\left.\left.\left.\left.\left.\left.\left.\left.\left.\left.\left.\left.\left.\left.\left.\left.\left.\left.\left.\left.\left.\left.\left.\left.\left.\left.\left.\left.\left.\left.\left.\left.\left.\left.\left.\left.\left.\left.\left.\left.\left.\left.\left.\left.\left.\left.\left.\left.\left.\left.\left.\left.\left.\left.\left.\left.\left.\left.\left.\left.\left.\left.\left.\left.\left.\left.\left.\left.\left.\left.\left.\left.\left.\left.\left.\left.\left.\left.\left.\left.\left.\left.\left.\left.\left.\left.\left.\left.\left.\left.\left.\left.\left.\left.\left.\left.\left.\left.\left.\left.\left.\left.\left.\left.\left.\left.\left.\left.\left.\left.\left.\left.\left.\left.\left.\left.\left.\left.\left.\left.\left.\left.\left.\left.\left.\left.\left.\left.\left.\left.\left.\left.\left.\left.\left.\left.\left.\left.\left.\left.\left.\left.\left.\left.\left.\left.\left.\left.\left.\left.\left.\left.\left.\left.\left.\left.\left.\left.\left.\left.\left.\left.\left.\left.\left.\left.\left.\left.\left.\left.\left.\left.\left.\left.\left.\left.\left.\left.\left.\left.\left.\left.\left.\left.\left.\left.\left.\left.\left.\left.\left.\left.\left.\left.\left.\left.\left.\left.\left.\left.\left.\left.\left.\left.\left.\left.\left.\left.\left.\left.\left.\left.\left.\left.\left.\left.\left.\left.\left.\left.\left.\left.\left.\left.\left.\left.\left.\left.\left.\left.\left.\left.\left.\left.\left.\left.\left.\left.\left.\left.\left.\left.\left.\left.\left.\left.\left.\left.\left.\left.\left.\left.\left.\left.\left.\left.\left.\left.\left.\left.\left.\left.\left.\left.\left.\left.\left.\left.\left.\left.\left.\left.\left.\left.\left.\left.\left.\left.\left.\left.\left.\left.\left.\left.\left.\left.\left.\left.\left.\left.\left.\left.\left.\left.\left.\left.\left.\left.\left.\left.\left.\left.\left.\left.\left.\left.\left.\left.\left.\left.\left.\left.\left.\left.\left.\left.\left.\left.\left.\left.\left.\left.\left.\left.\left.\left.\left.\left.\left.\left.\left.\left.\left.\left.\left.\left.\left.\left.\left.\left.\left.\left.\left.\left.\left.\left.\left.\left.\left.\left.\left.\left.\left.\left.\left.\left.\left.\left.\left.\left.\left.\left.\left.\left.\left.\left.\left.\left.\left.\left.\left.\left.\left.\left.\left.\left.\left.\left.\left.\left.\left.\left.\left.\left.\left.\left.\left.\left.\left.\left.\left.\left.\left.\left.\left.\left.\left.\left.\left.\left.\left.\left.\left.\left.\left.\left.\left.\left.\left.\left.\left.\left.\left.\left.\left.\left.\left.\left.\left.\left.\left.\left.\left.\left.\left.\left.\left.\left.\left.\left.\left.\left.\left.\left.\left.\left.\left.\left.\left.\left.\left.\left.\left.\left.\left.\left.\left.\left.\left.\left.\left.\left.\left.\left.\left.\left.\left.\left.\left.\left.\left.\left.\left.\left.\left.\left.\left.\left.\left.\left.\left.\left.\left.\left.\left.\left.\left.\left.\left.\left.\left.\left.\left.\left.\left.\left.\left.\left.\left.\left.\left.\left.\left.\left.\left.\left.\left.\left.\left.\left.\left.\left.\left.\left.\left.\left.\left.\left.\left.\left.\left.\left.\left.\left.\left.\left.\left.\left.\left.\left.\left.\left.\left.\left.\left.\left.\left.\left.\left.\left.\left.\left.\left.\left.\left.\left.\left.\left.\left.\left.\left.\left.\left.\left.\left.\left.\left.\left.\left.\left.\left.\left.\left.\left.\left.\left.\left.\left.\left.\left.\left.\left.\left.\left.\left.\left.\left.\left.\left.\left.\left.\left.\left.\left.\left.\left.\left.\left.\left.\left.\left.\left.\left.\left.\left.\left.\left.\left.\left.\left.\left.\left.\left.\left.\left.\left.\left.\left.\left.\left.\left.\left.\left.\left.\left.\left.\left.\left.\left.\left.\left.\left.\left.\left.\left.\left.\left.\left.\left.\left.\left.\left.\left.\left.\left.\left.\left.\left.\left.\left.\left.\left.\left.\left.\left.\left.\left.\left.\left.\left.\left.\left.\left.\left.\left.\left.\left.\left.\left.\left.\left.\left.\left.\left.\left.\left.\left.\left.\left.\left.\left.\left.\left.\left.\left.\left.\left.\left.\left.\left.\left.\left.\left.\left.\left.\left.\left.\left.\left.\left.\left.\left.\left.\left.\left.\left.\left.\left.\left.\left.\left.\left.\left.\left.\left.\left.\left.\left.\left.\left.\left.\left.\left.\left.\left.\left.\left.\left.\left.\left.\left.\left.\left.\left.\left.\left.\left.\left.\left.\left.\left.\left.\left.\left.\left.\left.\left.\left.\left.\left.\left.\left.\left.\left.\left.\left.\left.\left.\left.\left.\left.\left.\left.\left.\left.\left.\left.\left.\left.\left.\left.\left.\left.\left.\left.\left.\left.\left.\left.\left.\left.\left.\left.\left.\left.\left.\left.\left.\left.\left.\left.\left.\left.\left.\left.\left.\left.\left.\left.\left.\left.\left.\left.\left.\left.\left.\left.\left.\left.\left.\left.\left.\left.\left.\
2026-08-06 07:10:43.684 | DEBUG    | mineru_vl_utils.mineru_client:parse_layout_output:239 - Layout raw output: 
<|box_start|>100 010 119 021<|box_end|><|ref_start|>page_number<|ref_end|><|rotate_up|>
<|box_start|>120 010 138 021<|box_end|><|ref_start|>page_number<|ref_end|><|rotate_up|>
<|box_start|>140 010 158 021<|box_end|><|ref_start|>page_number<|ref_end|><|rotate_up|>
<|box_start|>160 010 178 021<|box_end|><|ref_start|>page_number<|ref_end|><|rotate_up|>
<|box_start|>180 010 198 021<|box_end|><|ref_start|>page_number<|ref_end|><|rotate_up|>
<|box_start|>200 010 218 021<|box_end|><|ref_start|>page_number<|ref_end|><|rotate_up|>
<|box_start|>220 010 238 021<|box_end|><|ref_start|>page_number<|ref_end|><|rotate_up|>
<|box_start|>240 010 258 021<|box_end|><|ref_start|>page_number<|ref_end|><|rotate_up|>
<|box_start|>260 010 278 021<|box_end|><|ref_start|>page_number<|ref_end|><|rotate_up|>
<|box_start|>280 010 298 021<|box_end|><|ref_start|>page_number<|ref_end|><|rotate_up|>
<|box_start|>300 010 318 021<|box_end|><|ref_start|>page_number<|ref_end|><|rotate_up|>
<|box_start|>320 010 338 021<|box_end|><|ref_start|>page_number<|ref_end|><|rotate_up|>
<|box_start|>340 010 358 021<|box_end|><|ref_start|>page_number<|ref_end|><|rotate_up|>
<|box_start|>360 010 378 021<|box_end|><|ref_start|>page_number<|ref_end|><|rotate_up|>
<|box_start|>380 010 398 021<|box_end|><|ref_start|>page_number<|ref_end|><|rotate_up|>
<|box_start|>400 010 418 021<|box_end|><|ref_start|>page_number<|ref_end|><|rotate_up|>
<|box_start|>420 010 438 021<|box_end|><|ref_start|>page_number<|ref_end|><|rotate_up|>
<|box_start|>440 010 458 021<|box_end|><|ref_start|>page_number<|ref_end|><|rotate_up|>
<|box_start|>460 010 478 021<|box_end|><|ref_start|>page_number<|ref_end|><|rotate_up|>
<|box_start|>480 010 498 021<|box_end|><|ref_start|>page_number<|ref_end|><|rotate_up|>
<|box_start|>500 010 518 021<|box_end|><|ref_start|>page_number<|ref_end|><|rotate_up|>
<|box_start|>520 010 538 021<|box_end|><|ref_start|>page_number<|ref_end|><|rotate_up|>
<|box_start|>540 010 558 021<|box_end|><|ref_start|>page_number<|ref_end|><|rotate_up|>
<|box_start|>560 010 578 021<|box_end|><|ref_start|>page_number<|ref_end|><|rotate_up|>
<|box_start|>580 010 598 021<|box_end|><|ref_start|>page_number<|ref_end|><|rotate_up|>
<|box_start|>600 010 618 021<|box_end|><|ref_start|>page_number<|ref_end|><|rotate_up|>
<|box_start|>620 010 638 021<|box_end|><|ref_start|>page_number<|ref_end|><|rotate_up|>
<|box_start|>640 010 658 021<|box_end|><|ref_start|>page_number<|ref_end|><|rotate_up|>
<|box_start|>660 010 678 021<|box_end|><|ref_start|>page_number<|ref_end|><|rotate_up|>
<|box_start|>680 010 698 021<|box_end|><|ref_start|>page_number<|ref_end|><|rotate_up|>
<|box_start|>700 010 718 021<|box_end|><|ref_start|>page_number<|ref_end|><|rotate_up|>
<|box_start|>720 010 738 021<|box_end|><|ref_start|>page_number<|ref_end|><|rotate_up|>
<|box_start|>740 010 758 021<|box_end|><|ref_start|>page_number<|ref_end|><|rotate_up|>
<|box_start|>760 010 778 021<|box_end|><|ref_start|>page_number<|ref_end|><|rotate_up|>
<|box_start|>780 010 798 021<|box_end|><|ref_start|>page_number<|ref_end|><|rotate_up|>
<|box_start|>800 010 818 021<|box_end|><|ref_start|>page_number<|ref_end|><|rotate_up|>
<|box_start|>820 010 838 021<|box_end|><|ref_start|>page_number<|ref_end|><|rotate_up|>
<|box_start|>840 010 858 021<|box_end|><|ref_start|>page_number<|ref_end|><|rotate_up|>
<|box_start|>860 010 878 021<|box_end|><|ref_start|>page_number<|ref_end|><|rotate_up|>
<|box_start|>880 010 898 021<|box_end|><|ref_start|>page_number<|ref_end|><|rotate_up|>
<|box_start|>900 010 918 021<|box_end|><|ref_start|>page_number<|ref_end|><|rotate_up|>
<|box_start|>920 010 938 021<|box_end|><|ref_start|>page_number<|ref_end|><|rotate_up|>
<|box_start|>940 010 958 021<|box_end|><|ref_start|>page_number<|ref_end|><|rotate_up|>
<|box_start|>960 010 978 021<|box_end|><|ref_start|>page_number<|ref_end|><|rotate_up|>
<|box_start|>980 010 998 021<|box_end|><|ref_start|>page_number<|ref_end|><|rotate_up|>
<|box_start|>100 021 119 022<|box_end|><|ref_start|>page_number<|ref_end|><|rotate_up|>
<|box_start|>120 021 138 022<|box_end|><|ref_start|>page_number<|ref_end|><|rotate_up|>
<|box_start|>140 021 158 022<|box_end|><|ref_start|>page_number<|ref_end|><|rotate_up|>
<|box_start|>160 021 178 022<|box_end|><|ref_start|>page_number<|ref_end|><|rotate_up|>
<|box_start|>180 021 198 022<|box_end|><|ref_start|>page_number<|ref_end|><|rotate_up|>
<|box_start|>200 021 218 022<|box_end|><|ref_start|>page_number<|ref_end|><|rotate_up|>
<|box_start|>220 021 238 022<|box_end|><|ref_start|>page_number<|ref_end|><|rotate_up|>
<|box_start|>240 021 258 022<|box_end|><|ref_start|>page_number<|ref_end|><|rotate_up|>
<|box_start|>260 021 278 022<|box_end|><|ref_start|>page_number<|ref_end|><|rotate_up|>
<|box_start|>280 021 298 022<|box_end|><|ref_start|>page_number<|ref_end|><|rotate_up|>
<|box_start|>300 021 318 022<|box_end|><|ref_start|>page_number<|ref_end|><|rotate_up|>
<|box_start|>320 021 338 022<|box_end|><|ref_start|>page_number<|ref_end|><|rotate_up|>
<|box_start|>340 021 358 022<|box_end|><|ref_start|>page_number<|ref_end|><|rotate_up|>
<|box_start|>360 021 378 022<|box_end|><|ref_start|>page_number<|ref_end|><|rotate_up|>
<|box_start|>380 021 398 022<|box_end|><|ref_start|>page_number<|ref_end|><|rotate_up|>
<|box_start|>400 021 418 022<|box_end|><|ref_start|>page_number<|ref_end|><|rotate_up|>
<|box_start|>420 021 438 022<|box_end|><|ref_start|>page_number<|ref_end|><|rotate_up|>
<|box_start|>440 021 458 022<|box_end|><|ref_start|>page_number<|ref_end|><|rotate_up|>
<|box_start|>460 021 478 022<|box_end|><|ref_start|>page_number<|ref_end|><|rotate_up|>
<|box_start|>480 021 498 022<|box_end|><|ref_start|>page_number<|ref_end|><|rotate_up|>
<|box_start|>500 021 518 022<|box_end|><|ref_start|>page_number<|ref_end|><|rotate_up|>
<|box_start|>520 021 538 022<|box_end|><|ref_start|>page_number<|ref_end|><|rotate_up|>
<|box_start|>540 021 558 022<|box_end|><|ref_start|>page_number<|ref_end|><|rotate_up|>
<|box_start|>560 021 578 022<|box_end|><|ref_start|>page_number<|ref_end|><|rotate_up|>
<|box_start|>580 021 598 022<|box_end|><|ref_start|>page_number<|ref_end|><|rotate_up|>
<|box_start|>600 021 618 022<|box_end|><|ref_start|>page_number<|ref_end|><|rotate_up|>
<|box_start|>620 021 638 022<|box_end|><|ref_start|>page_number<|ref_end|><|rotate_up|>
<|box_start|>640 021 658 022<|box_end|><|ref_start|>page_number<|ref_end|><|rotate_up|>
<|box_start|>660 021 678 022<|box_end|><|ref_start|>page_number<|ref_end|><|rotate_up|>
<|box_start|>680 021 698 022<|box_end|><|ref_start|>page_number<|ref_end|><|rotate_up|>
<|box_start|>700 021 718 022<|box_end|><|ref_start|>page_number<|ref_end|><|rotate_up|>
<|box_start|>720 021 738 022<|box_end|><|ref_start|>page_number<|ref_end|><|rotate_up|>
<|box_start|>740 021 758 022<|box_end|><|ref_start|>page_number<|ref_end|><|rotate_up|>
<|box_start|>760 021 778 022<|box_end|><|ref_start|>page_number<|ref_end|><|rotate_up|>
<|box_start|>780 021 798 022<|box_end|><|ref_start|>page_number<|ref_end|><|rotate_up|>
<|box_start|>800 021 818 022<|box_end|><|ref_start|>page_number<|ref_end|><|rotate_up|>
<|box_start|>820 021 838 022<|box_end|><|ref_start|>page_number<|ref_end|><|rotate_up|>
<|box_start|>840 021 858 022<|box_end|><|ref_start|>page_number<|ref_end|><|rotate_up|>
<|box_start|>860 021 878 022<|box_end|><|ref_start|>page_number<|ref_end|><|rotate_up|>
<|box_start|>880 021 898 022<|box_end|><|ref_start|>page_number<|ref_end|><|rotate_up|>
<|box_start|>900 021 918 022<|box_end|><|ref_start|>page_number<|ref_end|><|rotate_up|>
<|box_start|>920 021 938 022<|box_end|><|ref_start|>page_number<|ref_end|><|rotate_up|>
<|box_start|>940 021 958 022<|box_end|><|ref_start|>page_number<|ref_end|><|rotate_up|>
<|box_start|>960 021 978 022<|box_end|><|ref_start|>page_number<|ref_end|><|rotate_up|>
<|box_start|>980 021 998 022<|box_end|><|ref_start|>page_number<|ref_end|><|rotate_up|>
<|box_start|>100 022 119 023<|box_end|><|ref_start|>page_number<|ref_end|><|rotate_up|>
<|box_start|>120 022 138 023<|box_end|><|ref_start|>page_number<|ref_end|><|rotate_up|>
<|box_start|>140 022 158 023<|box_end|><|ref_start|>page_number<|ref_end|><|rotate_up|>
<|box_start|>160 022 178 023<|box_end|><|ref_start|>page_number<|ref_end|><|rotate_up|>
<|box_start|>180 022 198 023<|box_end|><|ref_start|>page_number<|ref_end|><|rotate_up|>
<|box_start|>200 022 218 023<|box_end|><|ref_start|>page_number<|ref_end|><|rotate_up|>
<|box_start|>220 022 238 023<|box_end|><|ref_start|>page_number<|ref_end|><|rotate_up|>
<|box_start|>240 022 258 023<|box_end|><|ref_start|>page_number<|ref_end|><|rotate_up|>
<|box_start|>260 022 278 023<|box_end|><|ref_start|>page_number<|ref_end|><|rotate_up|>
<|box_start|>280 022 298 023<|box_end|><|ref_start|>page_number<|ref_end|><|rotate_up|>
<|box_start|>300 022 318 023<|box_end|><|ref_start|>page_number<|ref_end|><|rotate_up|>
<|box_start|>320 022 338 023<|box_end|><|ref_start|>page_number<|ref_end|><|rotate_up|>
<|box_start|>340 022 358 023<|box_end|><|ref_start|>page_number<|ref_end|><|rotate_up|>
<|box_start|>360 022 378 023<|box_end|><|ref_start|>page_number<|ref_end|><|rotate_up|>
<|box_start|>380 022 398 023<|box_end|><|ref_start|>page_number<|ref_end|><|rotate_up|>
<|box_start|>400 022 418 023<|box_end|><|ref_start|>page_number<|ref_end|><|rotate_up|>
<|box_start|>420 022 438 023<|box_end|><|ref_start|>page_number<|ref_end|><|rotate_up|>
<|box_start|>440 022 458 023<|box_end|><|ref_start|>page_number<|ref_end|><|rotate_up|>
<|box_start|>460 022 478 023<|box_end|><|ref_start|>page_number<|ref_end|><|rotate_up|>
<|box_start|>480 022 498 023<|box_end|><|ref_start|>page_number<|ref_end|><|rotate_up|>
<|box_start|>500 022 518 023<|box_end|><|ref_start|>page_number<|ref_end|><|rotate_up|>
<|box_start|>520 022 538 023<|box_end|><|ref_start|>page_number<|ref_end|><|rotate_up|>
<|box_start|>540 022 558 023<|box_end|><|ref_start|>page_number<|ref_end|><|rotate_up|>
<|box_start|>560 022 578 023<|box_end|><|ref_start|>page_number<|ref_end|><|rotate_up|>
<|box_start|>580 022 598 023<|box_end|><|ref_start|>page_number<|ref_end|><|rotate_up|>
<|box_start|>600 022 618 023<|box_end|><|ref_start|>page_number<|ref_end|><|rotate_up|>
<|box_start|>620 022 638 023<|box_end|><|ref_start|>page_number<|ref_end|><|rotate_up|>
<|box_start|>640 022 658 023<|box_end|><|ref_start|>page_number<|ref_end|><|rotate_up|>
<|box_start|>660 022 678 023<|box_end|><|ref_start|>page_number<|ref_end|><|rotate_up|>
<|box_start|>680 022 698 023<|box_end|><|ref_start|>page_number<|ref_end|><|rotate_up|>
<|box_start|>700 022 718 023<|box_end|><|ref_start|>page_number<|ref_end|><|rotate_up|>
<|box_start|>720 022 738 023<|box_end|><|ref_start|>page_number<|ref_end|><|rotate_up|>
<|box_start|>740 022 758 023<|box_end|><|ref_start|>page_number<|ref_end|><|rotate_up|>
<|box_start|>760 022 778 023<|box_end|><|ref_start|>page_number<|ref_end|><|rotate_up|>
<|box_start|>780 022 798 023<|box_end|><|ref_start|>page_number<|ref_end|><|rotate_up|>
<|box_start|>800 022 818 023<|box_end|><|ref_start|>page_number<|ref_end|><|rotate_up|>
<|box_start|>820 022 838 023<|box_end|><|ref_start|>page_number<|ref_end|><|rotate_up|>
<|box_start|>840 022 858 023<|box_end|><|ref_start|>page_number<|ref_end|><|rotate_up|>
<|box_start|>860 022 878 023<|box_end|><|ref_start|>page_number<|ref_end|><|rotate_up|>
<|box_start|>880 022 898 023<|box_end|><|ref_start|>page_number<|ref_end|><|rotate_up|>
<|box_start|>900 022 918 023<|box_end|><|ref_start|>page_number<|ref_end|><|rotate_up|>
<|box_start|>920 022 938 023<|box_end|><|ref_start|>page_number<|ref_end|><|rotate_up|>
<|box_start|>940 022 958 023<|box_end|><|ref_start|>page_number<|ref_end|><|rotate_up|>
<|box_start|>960 022 978 023<|box_end|><|ref_start|>page_number<|ref_end|><|rotate_up|>
<|box_start|>100 022 119 023<|box_end|><|ref_start|>page_number<|ref_end|><|rotate_up|>
<|box_start|>120 022 138 023<|box_end|><|ref_start|>page_number<|ref_end|><|rotate_up|>
<|box_start|>140 022 158 023<|box_end|><|ref_start|>page_number<|ref_end|><|rotate_up|>
<|box_start|>160 022 178 023<|box_end|><|ref_start|>page_number<|ref_end|><|rotate_up|>
<|box_start|>180 022 198 023<|box_end|><|ref_start|>page_number<|ref_end|><|rotate_up|>
<|box_start|>200 022 218 023<|box_end|><|ref_start|>page_number<|ref_end|><|rotate_up|>
<|box_start|>220 022 238 023<|box_end|><|ref_start|>page_number<|ref_end|><|rotate_up|>
<|box_start|>240 022 258 023<|box_end|><|ref_start|>page_number<|ref_end|><|rotate_up|>
<|box_start|>260 022 278 023<|box_end|><|ref_start|>page_number<|ref_end|><|rotate_up|>
<|box_start|>280 022 298 023<|box_end|><|ref_start|>page_number<|ref_end|><|rotate_up|>
<|box_start|>300 022 318 023<|box_end|><|ref_start|>page_number<|ref_end|><|rotate_up|>
<|box_start|>320 02
2026-08-06 07:10:43.686 | DEBUG    | mineru_vl_utils.mineru_client:parse_layout_output:239 - Layout raw output: 
<|box_start|>000 000 999 090<|box_end|><|ref_start|>header<|ref_end|><|rotate_up|>
<|box_start|>000 090 999 100<|box_end|><|ref_start|>header<|ref_end|><|rotate_up|>
<|box_start|>000 100 999 110<|box_end|><|ref_start|>header<|ref_end|><|rotate_up|>
<|box_start|>000 110 999 120<|box_end|><|ref_start|>header<|ref_end|><|rotate_up|>
<|box_start|>000 120 999 130<|box_end|><|ref_start|>header<|ref_end|><|rotate_up|>
<|box_start|>000 130 999 140<|box_end|><|ref_start|>header<|ref_end|><|rotate_up|>
<|box_start|>000 140 999 150<|box_end|><|ref_start|>header<|ref_end|><|rotate_up|>
<|box_start|>000 150 999 160<|box_end|><|ref_start|>header<|ref_end|><|rotate_up|>
<|box_start|>000 160 999 170<|box_end|><|ref_start|>header<|ref_end|><|rotate_up|>
<|box_start|>000 170 999 180<|box_end|><|ref_start|>header<|ref_end|><|rotate_up|>
<|box_start|>000 180 999 190<|box_end|><|ref_start|>header<|ref_end|><|rotate_up|>
<|box_start|>000 190 999 200<|box_end|><|ref_start|>header<|ref_end|><|rotate_up|>
<|box_start|>000 200 999 210<|box_end|><|ref_start|>header<|ref_end|><|rotate_up|>
<|box_start|>000 210 999 220<|box_end|><|ref_start|>header<|ref_end|><|rotate_up|>
<|box_start|>000 220 999 230<|box_end|><|ref_start|>header<|ref_end|><|rotate_up|>
<|box_start|>000 230 999 240<|box_end|><|ref_start|>header<|ref_end|><|rotate_up|>
<|box_start|>000 240 999 250<|box_end|><|ref_start|>header<|ref_end|><|rotate_up|>
<|box_start|>000 250 999 260<|box_end|><|ref_start|>header<|ref_end|><|rotate_up|>
<|box_start|>000 260 999 270<|box_end|><|ref_start|>header<|ref_end|><|rotate_up|>
<|box_start|>000 270 999 280<|box_end|><|ref_start|>header<|ref_end|><|rotate_up|>
<|box_start|>000 280 999 290<|box_end|><|ref_start|>header<|ref_end|><|rotate_up|>
<|box_start|>000 290 999 300<|box_end|><|ref_start|>header<|ref_end|><|rotate_up|>
<|box_start|>000 300 999 310<|box_end|><|ref_start|>header<|ref_end|><|rotate_up|>
<|box_start|>000 310 999 320<|box_end|><|ref_start|>header<|ref_end|><|rotate_up|>
<|box_start|>000 320 999 330<|box_end|><|ref_start|>header<|ref_end|><|rotate_up|>
<|box_start|>000 330 999 340<|box_end|><|ref_start|>header<|ref_end|><|rotate_up|>
<|box_start|>000 340 999 350<|box_end|><|ref_start|>header<|ref_end|><|rotate_up|>
<|box_start|>000 350 999 360<|box_end|><|ref_start|>header<|ref_end|><|rotate_up|>
<|box_start|>000 360 999 370<|box_end|><|ref_start|>header<|ref_end|><|rotate_up|>
<|box_start|>000 370 999 380<|box_end|><|ref_start|>header<|ref_end|><|rotate_up|>
<|box_start|>000 380 999 390<|box_end|><|ref_start|>header<|ref_end|><|rotate_up|>
<|box_start|>000 390 999 400<|box_end|><|ref_start|>header<|ref_end|><|rotate_up|>
<|box_start|>000 400 999 410<|box_end|><|ref_start|>header<|ref_end|><|rotate_up|>
<|box_start|>000 410 999 420<|box_end|><|ref_start|>header<|ref_end|><|rotate_up|>
<|box_start|>000 420 999 430<|box_end|><|ref_start|>header<|ref_end|><|rotate_up|>
<|box_start|>000 430 999 440<|box_end|><|ref_start|>header<|ref_end|><|rotate_up|>
<|box_start|>000 440 999 450<|box_end|><|ref_start|>header<|ref_end|><|rotate_up|>
<|box_start|>000 450 999 460<|box_end|><|ref_start|>header<|ref_end|><|rotate_up|>
<|box_start|>000 460 999 470<|box_end|><|ref_start|>header<|ref_end|><|rotate_up|>
<|box_start|>000 470 999 480<|box_end|><|ref_start|>header<|ref_end|><|rotate_up|>
<|box_start|>000 480 999 490<|box_end|><|ref_start|>header<|ref_end|><|rotate_up|>
<|box_start|>000 490 999 500<|box_end|><|ref_start|>header<|ref_end|><|rotate_up|>
<|box_start|>000 500 999 510<|box_end|><|ref_start|>header<|ref_end|><|rotate_up|>
<|box_start|>000 510 999 520<|box_end|><|ref_start|>header<|ref_end|><|rotate_up|>
<|box_start|>000 520 999 530<|box_end|><|ref_start|>header<|ref_end|><|rotate_up|>
<|box_start|>000 530 999 540<|box_end|><|ref_start|>header<|ref_end|><|rotate_up|>
<|box_start|>000 540 999 550<|box_end|><|ref_start|>header<|ref_end|><|rotate_up|>
<|box_start|>000 550 999 560<|box_end|><|ref_start|>header<|ref_end|><|rotate_up|>
<|box_start|>000 560 999 570<|box_end|><|ref_start|>header<|ref_end|><|rotate_up|>
<|box_start|>000 570 999 580<|box_end|><|ref_start|>header<|ref_end|><|rotate_up|>
<|box_start|>000 580 999 590<|box_end|><|ref_start|>header<|ref_end|><|rotate_up|>
<|box_start|>000 590 999 600<|box_end|><|ref_start|>header<|ref_end|><|rotate_up|>
<|box_start|>000 600 999 610<|box_end|><|ref_start|>header<|ref_end|><|rotate_up|>
<|box_start|>000 610 999 620<|box_end|><|ref_start|>header<|ref_end|><|rotate_up|>
<|box_start|>000 620 999 630<|box_end|><|ref_start|>header<|ref_end|><|rotate_up|>
<|box_start|>000 630 999 640<|box_end|><|ref_start|>header<|ref_end|><|rotate_up|>
<|box_start|>000 640 999 650<|box_end|><|ref_start|>header<|ref_end|><|rotate_up|>
<|box_start|>000 650 999 660<|box_end|><|ref_start|>header<|ref_end|><|rotate_up|>
<|box_start|>000 660 999 670<|box_end|><|ref_start|>header<|ref_end|><|rotate_up|>
<|box_start|>000 670 999 680<|box_end|><|ref_start|>header<|ref_end|><|rotate_up|>
<|box_start|>000 680 999 690<|box_end|><|ref_start|>header<|ref_end|><|rotate_up|>
<|box_start|>000 690 999 700<|box_end|><|ref_start|>header<|ref_end|><|rotate_up|>
<|box_start|>000 700 999 710<|box_end|><|ref_start|>header<|ref_end|><|rotate_up|>
<|box_start|>000 710 999 720<|box_end|><|ref_start|>header<|ref_end|><|rotate_up|>
<|box_start|>000 720 999 730<|box_end|><|ref_start|>header<|ref_end|><|rotate_up|>
<|box_start|>000 730 999 740<|box_end|><|ref_start|>header<|ref_end|><|rotate_up|>
<|box_start|>000 740 999 750<|box_end|><|ref_start|>header<|ref_end|><|rotate_up|>
<|box_start|>000 750 999 760<|box_end|><|ref_start|>header<|ref_end|><|rotate_up|>
<|box_start|>000 760 999 770<|box_end|><|ref_start|>header<|ref_end|><|rotate_up|>
<|box_start|>000 770 999 780<|box_end|><|ref_start|>header<|ref_end|><|rotate_up|>
<|box_start|>000 780 999 790<|box_end|><|ref_start|>header<|ref_end|><|rotate_up|>
<|box_start|>000 790 999 800<|box_end|><|ref_start|>header<|ref_end|><|rotate_up|>
<|box_start|>000 800 999 810<|box_end|><|ref_start|>header<|ref_end|><|rotate_up|>
<|box_start|>000 810 999 820<|box_end|><|ref_start|>header<|ref_end|><|rotate_up|>
<|box_start|>000 820 999 830<|box_end|><|ref_start|>header<|ref_end|><|rotate_up|>
<|box_start|>000 830 999 840<|box_end|><|ref_start|>header<|ref_end|><|rotate_up|>
<|box_start|>000 840 999 850<|box_end|><|ref_start|>header<|ref_end|><|rotate_up|>
<|box_start|>000 850 999 860<|box_end|><|ref_start|>header<|ref_end|><|rotate_up|>
<|box_start|>000 860 999 870<|box_end|><|ref_start|>header<|ref_end|><|rotate_up|>
<|box_start|>000 870 999 880<|box_end|><|ref_start|>header<|ref_end|><|rotate_up|>
<|box_start|>000 880 999 890<|box_end|><|ref_start|>header<|ref_end|><|rotate_up|>
<|box_start|>000 890 999 900<|box_end|><|ref_start|>header<|ref_end|><|rotate_up|>
<|box_start|>000 900 999 910<|box_end|><|ref_start|>header<|ref_end|><|rotate_up|>
<|box_start|>000 910 999 920<|box_end|><|ref_start|>header<|ref_end|><|rotate_up|>
<|box_start|>000 920 999 930<|box_end|><|ref_start|>header<|ref_end|><|rotate_up|>
<|box_start|>000 930 999 940<|box_end|><|ref_start|>header<|ref_end|><|rotate_up|>
<|box_start|>000 940 999 950<|box_end|><|ref_start|>header<|ref_end|><|rotate_up|>
<|box_start|>000 950 999 960<|box_end|><|ref_start|>header<|ref_end|><|rotate_up|>
<|box_start|>000 960 999 970<|box_end|><|ref_start|>header<|ref_end|><|rotate_up|>
<|box_start|>000 970 999 980<|box_end|><|ref_start|>header<|ref_end|><|rotate_up|>
<|box_start|>000 980 999 990<|box_end|><|ref_start|>header<|ref_end|><|rotate_up|>
<|box_start|>000 990 999 100<|box_end|><|ref_start|>header<|ref_end|><|rotate_up|>
<|box_start|>000 100 999 110<|box_end|><|ref_start|>header<|ref_end|><|rotate_up|>
<|box_start|>000 110 999 120<|box_end|><|ref_start|>header<|ref_end|><|rotate_up|>
<|box_start|>000 120 999 130<|box_end|><|ref_start|>header<|ref_end|><|rotate_up|>
<|box_start|>000 130 999 140<|box_end|><|ref_start|>header<|ref_end|><|rotate_up|>
<|box_start|>000 140 999 150<|box_end|><|ref_start|>header<|ref_end|><|rotate_up|>
<|box_start|>000 150 999 160<|box_end|><|ref_start|>header<|ref_end|><|rotate_up|>
<|box_start|>000 160 999 170<|box_end|><|ref_start|>header<|ref_end|><|rotate_up|>
<|box_start|>000 170 999 180<|box_end|><|ref_start|>header<|ref_end|><|rotate_up|>
<|box_start|>000 180 999 190<|box_end|><|ref_start|>header<|ref_end|><|rotate_up|>
<|box_start|>000 190 999 200<|box_end|><|ref_start|>header<|ref_end|><|rotate_up|>
<|box_start|>000 200 999 210<|box_end|><|ref_start|>header<|ref_end|><|rotate_up|>
<|box_start|>000 210 999 220<|box_end|><|ref_start|>header<|ref_end|><|rotate_up|>
<|box_start|>000 220 999 230<|box_end|><|ref_start|>header<|ref_end|><|rotate_up|>
<|box_start|>000 230 999 240<|box_end|><|ref_start|>header<|ref_end|><|rotate_up|>
<|box_start|>000 240 999 250<|box_end|><|ref_start|>header<|ref_end|><|rotate_up|>
<|box_start|>000 250 999 260<|box_end|><|ref_start|>header<|ref_end|><|rotate_up|>
<|box_start|>000 260 999 270<|box_end|><|ref_start|>header<|ref_end|><|rotate_up|>
<|box_start|>000 270 999 280<|box_end|><|ref_start|>header<|ref_end|><|rotate_up|>
<|box_start|>000 280 999 290<|box_end|><|ref_start|>header<|ref_end|><|rotate_up|>
<|box_start|>000 290 999 300<|box_end|><|ref_start|>header<|ref_end|><|rotate_up|>
<|box_start|>000 300 999 310<|box_end|><|ref_start|>header<|ref_end|><|rotate_up|>
<|box_start|>000 310 999 320<|box_end|><|ref_start|>header<|ref_end|><|rotate_up|>
<|box_start|>000 320 999 330<|box_end|><|ref_start|>header<|ref_end|><|rotate_up|>
<|box_start|>000 330 999 340<|box_end|><|ref_start|>header<|ref_end|><|rotate_up|>
<|box_start|>000 340 999 350<|box_end|><|ref_start|>header<|ref_end|><|rotate_up|>
<|box_start|>000 350 999 360<|box_end|><|ref_start|>header<|ref_end|><|rotate_up|>
<|box_start|>000 360 999 370<|box_end|><|ref_start|>header<|ref_end|><|rotate_up|>
<|box_start|>000 370 999 380<|box_end|><|ref_start|>header<|ref_end|><|rotate_up|>
<|box_start|>000 380 999 390<|box_end|><|ref_start|>header<|ref_end|><|rotate_up|>
<|box_start|>000 390 999 400<|box_end|><|ref_start|>header<|ref_end|><|rotate_up|>
<|box_start|>000 400 999 410<|box_end|><|ref_start|>header<|ref_end|><|rotate_up|>
<|box_start|>000 410 999 420<|box_end|><|ref_start|>header<|ref_end|><|rotate_up|>
<|box_start|>000 420 999 430<|box_end|><|ref_start|>header<|ref_end|><|rotate_up|>
<|box_start|>000 430 999 440<|box_end|><|ref_start|>header<|ref_end|><|rotate_up|>
<|box_start|>000 440 999 450<|box_end|><|ref_start|>header<|ref_end|><|rotate_up|>
<|box_start|>000 450 999 460<|box_end|><|ref_start|>header<|ref_end|><|rotate_up|>
<|box_start|>000 460 999 470<|box_end|><|ref_start|>header<|ref_end|><|rotate_up|>
<|box_start|>000 470 999 480<|box_end|><|ref_start|>header<|ref_end|><|rotate_up|>
<|box_start|>000 480 999 490<|box_end|><|ref_start|>header<|ref_end|><|rotate_up|>
<|box_start|>000 490 999 500<|box_end|><|ref_start|>header<|ref_end|><|rotate_up|>
<|box_start|>000 500 999 510<|box_end|><|ref_start|>header<|ref_end|><|rotate_up|>
<|box_start|>000 510 999 520<|box_end|><|ref_start|>header<|ref_end|><|rotate_up|>
<|box_start|>000 520 999 530<|box_end|><|ref_start|>header<|ref_end|><|rotate_up|>
<|box_start|>000 530 999 540<|box_end|><|ref_start|>header<|ref_end|><|rotate_up|>
<|box_start|>000 540 999 550<|box_end|><|ref_start|>header<|ref_end|><|rotate_up|>
<|box_start|>000 550 999 560<|box_end|><|ref_start|>header<|ref_end|><|rotate_up|>
<|box_start|>000 560 999 570<|box_end|><|ref_start|>header<|ref_end|><|rotate_up|>
<|box_start|>000 570 999 580<|box_end|><|ref_start|>header<|ref_end|><|rotate_up|>
<|box_start|>000 580 999 590<|box_end|><|ref_start|>header<|ref_end|><|rotate_up|>
<|box_start|>000 590 999 600<|box_end|><|ref_start|>header<|ref_end|><|rotate_up|>
<|box_start|>000 600 999 610<|box_end|><|ref_start|>header<|ref_end|><|rotate_up|>
<|box_start|>000 610 999 620<|box_end|><|ref_start|>header<|ref_end|><|rotate_up|>
<|box_start|>000 620 999 630<|box_end|><|ref_start|>header<|ref_end|><|rotate_up|>
<|box_start|>000 630 999 640<|box_end|><|ref_start|>header<|ref_end|><|rotate_up|>
<|box_start|>000 640 999 650<|box_end|><|ref_start|>header<|ref_end|><|rotate_up|>
<|box_start|>000 650 999 660<|box_end|><|ref_start|>header<|ref_end|><|rotate_up|>
<|box_start|>000 660 999 670<|box_end|><|ref_start|>header<|ref_end|><|rotate_up|>
<|box_start|>000 670 999 680<|box_end|><|ref_start|>header<|ref_end|><|rotate_up|>
<|box_start|>000 680 999 690<|box_end|><|ref_start|>header<|ref_end|><|rotate_up|>
<|box_start|>000 690 999 700<|box_end|><|ref_start|>header<|ref_end|>
2026-08-06 07:10:43.688 | WARNING  | mineru_vl_utils.mineru_client:parse_layout_output:261 - No angle found in layout output line: <|box_start|>000 690 999 700<|box_end|><|ref_start|>header<|ref_end|>
2026-08-06 07:10:43.689 | DEBUG    | mineru_vl_utils.mineru_client:parse_layout_output:239 - Layout raw output: 
<|box_start|>428 029 440 039<|box_end|><|ref_start|>page_number<|ref_end|><|rotate_up|>
<|box_start|>441 029 450 039<|box_end|><|ref_start|>page_number<|ref_end|><|rotate_up|>
<|box_start|>451 029 460 039<|box_end|><|ref_start|>page_number<|ref_end|><|rotate_up|>
<|box_start|>461 029 470 039<|box_end|><|ref_start|>page_number<|ref_end|><|rotate_up|>
<|box_start|>471 029 480 039<|box_end|><|ref_start|>page_number<|ref_end|><|rotate_up|>
<|box_start|>481 029 490 039<|box_end|><|ref_start|>page_number<|ref_end|><|rotate_up|>
<|box_start|>491 029 500 039<|box_end|><|ref_start|>page_number<|ref_end|><|rotate_up|>
<|box_start|>501 029 510 039<|box_end|><|ref_start|>page_number<|ref_end|><|rotate_up|>
<|box_start|>511 029 520 039<|box_end|><|ref_start|>page_number<|ref_end|><|rotate_up|>
<|box_start|>521 029 530 039<|box_end|><|ref_start|>page_number<|ref_end|><|rotate_up|>
<|box_start|>531 029 540 039<|box_end|><|ref_start|>page_number<|ref_end|><|rotate_up|>
<|box_start|>541 029 550 039<|box_end|><|ref_start|>page_number<|ref_end|><|rotate_up|>
<|box_start|>551 029 560 039<|box_end|><|ref_start|>page_number<|ref_end|><|rotate_up|>
<|box_start|>561 029 570 039<|box_end|><|ref_start|>page_number<|ref_end|><|rotate_up|>
<|box_start|>571 029 580 039<|box_end|><|ref_start|>page_number<|ref_end|><|rotate_up|>
<|box_start|>581 029 590 039<|box_end|><|ref_start|>page_number<|ref_end|><|rotate_up|>
<|box_start|>591 029 600 039<|box_end|><|ref_start|>page_number<|ref_end|><|rotate_up|>
<|box_start|>601 029 610 039<|box_end|><|ref_start|>page_number<|ref_end|><|rotate_up|>
<|box_start|>611 029 620 039<|box_end|><|ref_start|>page_number<|ref_end|><|rotate_up|>
<|box_start|>621 029 630 039<|box_end|><|ref_start|>page_number<|ref_end|><|rotate_up|>
<|box_start|>631 029 640 039<|box_end|><|ref_start|>page_number<|ref_end|><|rotate_up|>
<|box_start|>641 029 650 039<|box_end|><|ref_start|>page_number<|ref_end|><|rotate_up|>
<|box_start|>651 029 660 039<|box_end|><|ref_start|>page_number<|ref_end|><|rotate_up|>
<|box_start|>661 029 670 039<|box_end|><|ref_start|>page_number<|ref_end|><|rotate_up|>
<|box_start|>671 029 680 039<|box_end|><|ref_start|>page_number<|ref_end|><|rotate_up|>
<|box_start|>681 029 690 039<|box_end|><|ref_start|>page_number<|ref_end|><|rotate_up|>
<|box_start|>691 029 700 039<|box_end|><|ref_start|>page_number<|ref_end|><|rotate_up|>
<|box_start|>701 029 710 039<|box_end|><|ref_start|>page_number<|ref_end|><|rotate_up|>
<|box_start|>711 029 720 039<|box_end|><|ref_start|>page_number<|ref_end|><|rotate_up|>
<|box_start|>721 029 730 039<|box_end|><|ref_start|>page_number<|ref_end|><|rotate_up|>
<|box_start|>731 029 740 039<|box_end|><|ref_start|>page_number<|ref_end|><|rotate_up|>
<|box_start|>741 029 750 039<|box_end|><|ref_start|>page_number<|ref_end|><|rotate_up|>
<|box_start|>751 029 760 039<|box_end|><|ref_start|>page_number<|ref_end|><|rotate_up|>
<|box_start|>761 029 770 039<|box_end|><|ref_start|>page_number<|ref_end|><|rotate_up|>
<|box_start|>771 029 780 039<|box_end|><|ref_start|>page_number<|ref_end|><|rotate_up|>
<|box_start|>781 029 790 039<|box_end|><|ref_start|>page_number<|ref_end|><|rotate_up|>
<|box_start|>791 029 800 039<|box_end|><|ref_start|>page_number<|ref_end|><|rotate_up|>
<|box_start|>801 029 810 039<|box_end|><|ref_start|>page_number<|ref_end|><|rotate_up|>
<|box_start|>811 029 820 039<|box_end|><|ref_start|>page_number<|ref_end|><|rotate_up|>
<|box_start|>821 029 830 039<|box_end|><|ref_start|>page_number<|ref_end|><|rotate_up|>
<|box_start|>831 029 840 039<|box_end|><|ref_start|>page_number<|ref_end|><|rotate_up|>
<|box_start|>841 029 850 039<|box_end|><|ref_start|>page_number<|ref_end|><|rotate_up|>
<|box_start|>851 029 860 039<|box_end|><|ref_start|>page_number<|ref_end|><|rotate_up|>
<|box_start|>861 029 870 039<|box_end|><|ref_start|>page_number<|ref_end|><|rotate_up|>
<|box_start|>871 029 880 039<|box_end|><|ref_start|>page_number<|ref_end|><|rotate_up|>
<|box_start|>881 029 890 039<|box_end|><|ref_start|>page_number<|ref_end|><|rotate_up|>
<|box_start|>891 029 900 039<|box_end|><|ref_start|>page_number<|ref_end|><|rotate_up|>
<|box_start|>901 029 910 039<|box_end|><|ref_start|>page_number<|ref_end|><|rotate_up|>
<|box_start|>911 029 920 039<|box_end|><|ref_start|>page_number<|ref_end|><|rotate_up|>
<|box_start|>921 029 930 039<|box_end|><|ref_start|>page_number<|ref_end|><|rotate_up|>
<|box_start|>931 029 940 039<|box_end|><|ref_start|>page_number<|ref_end|><|rotate_up|>
<|box_start|>941 029 950 039<|box_end|><|ref_start|>page_number<|ref_end|><|rotate_up|>
<|box_start|>951 029 960 039<|box_end|><|ref_start|>page_number<|ref_end|><|rotate_up|>
<|box_start|>961 029 970 039<|box_end|><|ref_start|>page_number<|ref_end|><|rotate_up|>
<|box_start|>971 029 980 039<|box_end|><|ref_start|>page_number<|ref_end|><|rotate_up|>
<|box_start|>981 029 990 039<|box_end|><|ref_start|>page_number<|ref_end|><|rotate_up|>
<|box_start|>991 029 100 039<|box_end|><|ref_start|>page_number<|ref_end|><|rotate_up|>
<|box_start|>101 029 110 039<|box_end|><|ref_start|>page_number<|ref_end|><|rotate_up|>
<|box_start|>111 029 120 039<|box_end|><|ref_start|>page_number<|ref_end|><|rotate_up|>
<|box_start|>121 029 130 039<|box_end|><|ref_start|>page_number<|ref_end|><|rotate_up|>
<|box_start|>131 029 140 039<|box_end|><|ref_start|>page_number<|ref_end|><|rotate_up|>
<|box_start|>141 029 150 039<|box_end|><|ref_start|>page_number<|ref_end|><|rotate_up|>
<|box_start|>151 029 160 039<|box_end|><|ref_start|>page_number<|ref_end|><|rotate_up|>
<|box_start|>161 029 170 039<|box_end|><|ref_start|>page_number<|ref_end|><|rotate_up|>
<|box_start|>171 029 180 039<|box_end|><|ref_start|>page_number<|ref_end|><|rotate_up|>
<|box_start|>181 029 190 039<|box_end|><|ref_start|>page_number<|ref_end|><|rotate_up|>
<|box_start|>191 029 200 039<|box_end|><|ref_start|>page_number<|ref_end|><|rotate_up|>
<|box_start|>201 029 210 039<|box_end|><|ref_start|>page_number<|ref_end|><|rotate_up|>
<|box_start|>211 029 220 039<|box_end|><|ref_start|>page_number<|ref_end|><|rotate_up|>
<|box_start|>221 029 230 039<|box_end|><|ref_start|>page_number<|ref_end|><|rotate_up|>
<|box_start|>231 029 240 039<|box_end|><|ref_start|>page_number<|ref_end|><|rotate_up|>
<|box_start|>241 029 250 039<|box_end|><|ref_start|>page_number<|ref_end|><|rotate_up|>
<|box_start|>251 029 260 039<|box_end|><|ref_start|>page_number<|ref_end|><|rotate_up|>
<|box_start|>261 029 270 039<|box_end|><|ref_start|>page_number<|ref_end|><|rotate_up|>
<|box_start|>271 029 280 039<|box_end|><|ref_start|>page_number<|ref_end|><|rotate_up|>
<|box_start|>281 029 290 039<|box_end|><|ref_start|>page_number<|ref_end|><|rotate_up|>
<|box_start|>291 029 300 039<|box_end|><|ref_start|>page_number<|ref_end|><|rotate_up|>
<|box_start|>301 029 310 039<|box_end|><|ref_start|>page_number<|ref_end|><|rotate_up|>
<|box_start|>311 029 320 039<|box_end|><|ref_start|>page_number<|ref_end|><|rotate_up|>
<|box_start|>321 029 330 039<|box_end|><|ref_start|>page_number<|ref_end|><|rotate_up|>
<|box_start|>331 029 340 039<|box_end|><|ref_start|>page_number<|ref_end|><|rotate_up|>
<|box_start|>341 029 350 039<|box_end|><|ref_start|>page_number<|ref_end|><|rotate_up|>
<|box_start|>351 029 360 039<|box_end|><|ref_start|>page_number<|ref_end|><|rotate_up|>
<|box_start|>361 029 370 039<|box_end|><|ref_start|>page_number<|ref_end|><|rotate_up|>
<|box_start|>371 029 380 039<|box_end|><|ref_start|>page_number<|ref_end|><|rotate_up|>
<|box_start|>381 029 390 039<|box_end|><|ref_start|>page_number<|ref_end|><|rotate_up|>
<|box_start|>391 029 400 039<|box_end|><|ref_start|>page_number<|ref_end|><|rotate_up|>
<|box_start|>401 029 410 039<|box_end|><|ref_start|>page_number<|ref_end|><|rotate_up|>
<|box_start|>411 029 420 039<|box_end|><|ref_start|>page_number<|ref_end|><|rotate_up|>
<|box_start|>421 029 430 039<|box_end|><|ref_start|>page_number<|ref_end|><|rotate_up|>
<|box_start|>431 029 440 039<|box_end|><|ref_start|>page_number<|ref_end|><|rotate_up|>
<|box_start|>441 029 450 039<|box_end|><|ref_start|>page_number<|ref_end|><|rotate_up|>
<|box_start|>451 029 460 039<|box_end|><|ref_start|>page_number<|ref_end|><|rotate_up|>
<|box_start|>461 029 470 039<|box_end|><|ref_start|>page_number<|ref_end|><|rotate_up|>
<|box_start|>471 029 480 039<|box_end|><|ref_start|>page_number<|ref_end|><|rotate_up|>
<|box_start|>481 029 490 039<|box_end|><|ref_start|>page_number<|ref_end|><|rotate_up|>
<|box_start|>491 029 500 039<|box_end|><|ref_start|>page_number<|ref_end|><|rotate_up|>
<|box_start|>501 029 510 039<|box_end|><|ref_start|>page_number<|ref_end|><|rotate_up|>
<|box_start|>511 029 520 039<|box_end|><|ref_start|>page_number<|ref_end|><|rotate_up|>
<|box_start|>521 029 530 039<|box_end|><|ref_start|>page_number<|ref_end|><|rotate_up|>
<|box_start|>531 029 540 039<|box_end|><|ref_start|>page_number<|ref_end|><|rotate_up|>
<|box_start|>541 029 550 039<|box_end|><|ref_start|>page_number<|ref_end|><|rotate_up|>
<|box_start|>551 029 560 039<|box_end|><|ref_start|>page_number<|ref_end|><|rotate_up|>
<|box_start|>561 029 570 039<|box_end|><|ref_start|>page_number<|ref_end|><|rotate_up|>
<|box_start|>571 029 580 039<|box_end|><|ref_start|>page_number<|ref_end|><|rotate_up|>
<|box_start|>581 029 590 039<|box_end|><|ref_start|>page_number<|ref_end|><|rotate_up|>
<|box_start|>591 029 600 039<|box_end|><|ref_start|>page_number<|ref_end|><|rotate_up|>
<|box_start|>601 029 610 039<|box_end|><|ref_start|>page_number<|ref_end|><|rotate_up|>
<|box_start|>611 029 620 039<|box_end|><|ref_start|>page_number<|ref_end|><|rotate_up|>
<|box_start|>621 029 630 039<|box_end|><|ref_start|>page_number<|ref_end|><|rotate_up|>
<|box_start|>631 029 640 039<|box_end|><|ref_start|>page_number<|ref_end|><|rotate_up|>
<|box_start|>641 029 650 039<|box_end|><|ref_start|>page_number<|ref_end|><|rotate_up|>
<|box_start|>651 029 660 039<|box_end|><|ref_start|>page_number<|ref_end|><|rotate_up|>
<|box_start|>661 029 670 039<|box_end|><|ref_start|>page_number<|ref_end|><|rotate_up|>
<|box_start|>671 029 680 039<|box_end|><|ref_start|>page_number<|ref_end|><|rotate_up|>
<|box_start|>681 029 690 039<|box_end|><|ref_start|>page_number<|ref_end|><|rotate_up|>
<|box_start|>691 029 700 039<|box_end|><|ref_start|>page_number<|ref_end|><|rotate_up|>
<|box_start|>701 029 710 039<|box_end|><|ref_start|>page_number<|ref_end|><|rotate_up|>
<|box_start|>711 029 720 039<|box_end|><|ref_start|>page_number<|ref_end|><|rotate_up|>
<|box_start|>721 029 730 039<|box_end|><|ref_start|>page_number<|ref_end|><|rotate_up|>
<|box_start|>731 029 740 039<|box_end|><|ref_start|>page_number<|ref_end|><|rotate_up|>
<|box_start|>741 029 750 039<|box_end|><|ref_start|>page_number<|ref_end|><|rotate_up|>
<|box_start|>751 029 760 039<|box_end|><|ref_start|>page_number<|ref_end|><|rotate_up|>
<|box_start|>761 029 770 039<|box_end|><|ref_start|>page_number<|ref_end|><|rotate_up|>
<|box_start|>771 029 780 039<|box_end|><|ref_start|>page_number<|ref_end|><|rotate_up|>
<|box_start|>781 029 790 039<|box_end|><|ref_start|>page_number<|ref_end|><|rotate_up|>
<|box_start|>791 029 800 039<|box_end|><|ref_start|>page_number<|ref_end|><|rotate_up|>
<|box_start|>801 029 810 039<|box_end|><|ref_start|>page_number<|ref_end|><|rotate_up|>
<|box_start|>811 029 820 039<|box_end|><|ref_start|>page_number<|ref_end|><|rotate_up|>
<|box_start|>821 029 830 039<|box_end|><|ref_start|>page_number<|ref_end|><|rotate_up|>
<|box_start|>831 029 840 039<|box_end|><|ref_start|>page_number<|ref_end|><|rotate_up|>
<|box_start|>841 029 850 039<|box_end|><|ref_start|>page_number<|ref_end|><|rotate_up|>
<|box_start|>851 029 860 039<|box_end|><|ref_start|>page_number<|ref_end|><|rotate_up|>
<|box_start|>861 029 870 039<|box_end|><|ref_start|>page_number<|ref_end|><|rotate_up|>
<|box_start|>871 029 880 039<|box_end|><|ref_start|>page_number<|ref_end|><|rotate_up|>
<|box_start|>881 029 890 039<|box_end|><|ref_start|>page_number<|ref_end|><|rotate_up|>
<|box_start|>891 029 900 039<|box_end|><|ref_start|>page_number<|ref_end|><|rotate_up|>
<|box_start|>901 029 910 039<|box_end|><|ref_start|>page_number<|ref_end|><|rotate_up|>
<|box_start|>911 029 920 039<|box_end|><|ref_start|>page_number<|ref_end|><|rotate_up|>
<|box_start|>921 029 930 039<|box_end|><|ref_start|>page_number<|ref_end|><|rotate_up|>
<|box_start|>931 029 940 039<|box_end|><|ref_start|>page_number<|ref_end|><|rotate_up|>
<|box_start|>941 029 950 039<|box_end|><|ref_start|>page_number<|ref_end|><|rotate_up|>
<|box_start|>951 029 960 039<|box_end|><|ref_start|>page_number<|ref_end|><|rotate_up|>
<|box_start|>961 029 970 039<|box_end|><|ref_start|>page_number<|ref_end|><|rotate_up|>
<|box_start|>971 029 980 039<|box_end|><|ref_start|>page_number<|ref_end|><|rotate_up|>
<|box_start|>981 02
2026-08-06 07:10:43.691 | DEBUG    | mineru_vl_utils.mineru_client:parse_layout_output:239 - Layout raw output: 
<fcel>SEC. 10.1 HYPERBOLIC EQUATIONS<fcel>825<nl>
<fcel>Exercises for Hyperbolic Equations<lcel><nl>
<fcel>1. (a) Verify by direct substitution that u(x,t) = sin(nπx)cos(2nπt) is a solution to the wave equation u_{it}(x,t) = 4u_{xx}(x,t) for each positive integer n = 1, 2, ..., (b) Verify by direct substitution that u(x,t) = sin(nπx)cos(cπt) is a solution to the wave equation u_{it}(x,t) = c^2u_{xx}(x,t) for each positive integer n = 1, 2, ...,<fcel>2. Assume that the initial position and velocity are u(x,0) = f(x) and u_{it}(x,0) = 0, respectively. Show that the d'Alembert solution for this case is<nl>
<fcel>3. Obtain a simplified form of the difference equation (7) in the case h = 2ck. In Exercises 4 and 5, use the finite-difference method to calculate the first three rows of the approximate solution for the given wave equation. Carry your calculations by hand (calculator).<lcel><nl>
<fcel>4. u_{it}(x,t) = 4u_{xx}(x,t), for 0 ≤ x ≤ 1 and 0 ≤ t ≤ 0.5, with the boundary conditions<lcel><nl>
<fcel>u(0,t) = 0 and u(1,t) = 0 for 0 ≤ t ≤ 0.5, u(x,0) = f(x) = sin(πx) for 0 ≤ x ≤ 1, u_{it}(x,0) = g(x) = 0 for 0 ≤ x ≤ 1.<lcel><nl>
<fcel>Let h = 0.2, k = 0.1, and r = 1.<lcel><nl>
<fcel>5. u_{it}(x,t) = 4u_{xx}(x,t), for 0 ≤ x ≤ 1 and 0 ≤ t ≤ 0.5, with the boundary conditions<lcel><nl>
<fcel>u(0,t) = 0 and u(1,t) = 0 for 0 ≤ t ≤ 0.5, u(x,0) = f(x) = {5x/2 for 0 < x ≤ 3, 15/4 for 3/5 ≤ x ≤ 1, u_{it}(x,0) = g(x) = 0 for 0 < x < 1.<lcel><nl>
<fcel>Let h = 0.2, k = 0.1, and r = 1.<lcel><nl>
<fcel>6. Assume that the initial position and velocity are u(x,0) = f(x) and u_{it}(x,0) = g(x), respectively. Show that the d'Alembert solution for this case is<lcel><nl>
<fcel>u(x,t) = f(x + ct) + f(x - ct) + 1/2c ∫_{x = ct}^{x + ct} g(s) ds.<lcel><nl>
<fcel>7. For the equation u_{it}(x,t) = 9u_{xx}(x,t), what relationship between h and k must occur in order to produce the difference equation u_{i,t+1} = u_{i+1,j} + u_{i-1,j} - u_{i,j} - 1?<lcel><nl>
<fcel>8. What difficulty might occur when trying to use the finite-difference method to solve u_{it}(x,t) = 4u_{xx}(x,t) with the choice k = 0.02 and h = 0.03?<lcel><nl>

2026-08-06 07:10:43.691 | WARNING  | mineru_vl_utils.mineru_client:parse_layout_output:268 - Layout output does not match expected format: <fcel>SEC. 10.1 HYPERBOLIC EQUATIONS<fcel>825<nl>
<fcel>Exercises for Hyperbolic Equations<lcel><nl>
<fcel>1. (a) Verify by direct substitution that u(x,t) = sin(nπx)cos(2nπt) is a solution to the wave equation u_{it}(x,t) = 4u_{xx}(x,t) for each positive integer n = 1, 2, ..., (b) Verify by direct substitution that u(x,t) = sin(nπx)cos(cπt) is a solution to the wave equation u_{it}(x,t) = c^2u_{xx}(x,t) for each positive integer n = 1, 2, ...,<fcel>2. Assume that the initial position and velocity are u(x,0) = f(x) and u_{it}(x,0) = 0, respectively. Show that the d'Alembert solution for this case is<nl>
<fcel>3. Obtain a simplified form of the difference equation (7) in the case h = 2ck. In Exercises 4 and 5, use the finite-difference method to calculate the first three rows of the approximate solution for the given wave equation. Carry your calculations by hand (calculator).<lcel><nl>
<fcel>4. u_{it}(x,t) = 4u_{xx}(x,t), for 0 ≤ x ≤ 1 and 0 ≤ t ≤ 0.5, with the boundary conditions<lcel><nl>
<fcel>u(0,t) = 0 and u(1,t) = 0 for 0 ≤ t ≤ 0.5, u(x,0) = f(x) = sin(πx) for 0 ≤ x ≤ 1, u_{it}(x,0) = g(x) = 0 for 0 ≤ x ≤ 1.<lcel><nl>
<fcel>Let h = 0.2, k = 0.1, and r = 1.<lcel><nl>
<fcel>5. u_{it}(x,t) = 4u_{xx}(x,t), for 0 ≤ x ≤ 1 and 0 ≤ t ≤ 0.5, with the boundary conditions<lcel><nl>
<fcel>u(0,t) = 0 and u(1,t) = 0 for 0 ≤ t ≤ 0.5, u(x,0) = f(x) = {5x/2 for 0 < x ≤ 3, 15/4 for 3/5 ≤ x ≤ 1, u_{it}(x,0) = g(x) = 0 for 0 < x < 1.<lcel><nl>
<fcel>Let h = 0.2, k = 0.1, and r = 1.<lcel><nl>
<fcel>6. Assume that the initial position and velocity are u(x,0) = f(x) and u_{it}(x,0) = g(x), respectively. Show that the d'Alembert solution for this case is<lcel><nl>
<fcel>u(x,t) = f(x + ct) + f(x - ct) + 1/2c ∫_{x = ct}^{x + ct} g(s) ds.<lcel><nl>
<fcel>7. For the equation u_{it}(x,t) = 9u_{xx}(x,t), what relationship between h and k must occur in order to produce the difference equation u_{i,t+1} = u_{i+1,j} + u_{i-1,j} - u_{i,j} - 1?<lcel><nl>
<fcel>8. What difficulty might occur when trying to use the finite-difference method to solve u_{it}(x,t) = 4u_{xx}(x,t) with the choice k = 0.02 and h = 0.03?<lcel><nl>

2026-08-06 07:10:43.691 | DEBUG    | mineru_vl_utils.mineru_client:parse_layout_output:239 - Layout raw output: 
<|box_start|>2.7 Instructions for Making Decisions
99
The following code segment, f, g, h, i, and j are variables. If the five variables f through j correspond to the five registers x19 through x23, what is the compiled RISC-V code for this C if statement?
if (i == j) f = g + h; else f = g - h;
Figure 2.9 shows a flowchart of what the RISC-V code should do. The first expression compares for equality between two variables in registers. It would seem that we would want to branch if I and j are equal (beq). In general, the code will be more efficient if we test for the opposite condition to branch over the code that branches if the values are not equal (bne). Here is the code:
bne x22, x23, Else // go to Else if i ≠ j
The next assignment statement performs a single operation, and if all the operands are allocated to registers, it is just one instruction:
add x19, x20, x21 // f = g + h (skipped if i ≠ j)
We now need to go to the end of the if statement. This example introduces another kind of branch, often called an unconditional branch. This instruction says that the processor always follows the branch. One way to express an unconditional branch in RISC-V is to use a conditional branch whose condition is always true:
beq x0, x0, Exit // if 0 == 0, go to Exit
The assignment statement in the else portion of the if statement can again be compiled into a single instruction. We just need to append the label Else to this instruction. We also show the label Exit that is after this instruction, showing the end of the if-then-else compiled code:
Else:sub x19, x20, x21 // f = g - h (skipped if i = j)
Exit:
Notice that the assembler relieves the compiler and the assembly language programmer from the tedium of calculating addresses for branches, just as it does for calculating data addresses for loads and stores (see Section 2.12).
2026-08-06 07:10:43.691 | WARNING  | mineru_vl_utils.mineru_client:parse_layout_output:268 - Layout output does not match expected format: <|box_start|>2.7 Instructions for Making Decisions
99
The following code segment, f, g, h, i, and j are variables. If the five variables f through j correspond to the five registers x19 through x23, what is the compiled RISC-V code for this C if statement?
if (i == j) f = g + h; else f = g - h;
Figure 2.9 shows a flowchart of what the RISC-V code should do. The first expression compares for equality between two variables in registers. It would seem that we would want to branch if I and j are equal (beq). In general, the code will be more efficient if we test for the opposite condition to branch over the code that branches if the values are not equal (bne). Here is the code:
bne x22, x23, Else // go to Else if i ≠ j
The next assignment statement performs a single operation, and if all the operands are allocated to registers, it is just one instruction:
add x19, x20, x21 // f = g + h (skipped if i ≠ j)
We now need to go to the end of the if statement. This example introduces another kind of branch, often called an unconditional branch. This instruction says that the processor always follows the branch. One way to express an unconditional branch in RISC-V is to use a conditional branch whose condition is always true:
beq x0, x0, Exit // if 0 == 0, go to Exit
The assignment statement in the else portion of the if statement can again be compiled into a single instruction. We just need to append the label Else to this instruction. We also show the label Exit that is after this instruction, showing the end of the if-then-else compiled code:
Else:sub x19, x20, x21 // f = g - h (skipped if i = j)
Exit:
Notice that the assembler relieves the compiler and the assembly language programmer from the tedium of calculating addresses for branches, just as it does for calculating data addresses for loads and stores (see Section 2.12).
2026-08-06 07:10:43.691 | DEBUG    | mineru_vl_utils.mineru_client:parse_layout_output:239 - Layout raw output: 
<|box_start|>100 010 119 022<|box_end|><|ref_start|>page_number<|ref_end|><|rotate_up|>
<|box_start|>120 010 138 022<|box_end|><|ref_start|>page_number<|ref_end|><|rotate_up|>
<|box_start|>140 010 158 022<|box_end|><|ref_start|>page_number<|ref_end|><|rotate_up|>
<|box_start|>160 010 178 022<|box_end|><|ref_start|>page_number<|ref_end|><|rotate_up|>
<|box_start|>180 010 198 022<|box_end|><|ref_start|>page_number<|ref_end|><|rotate_up|>
<|box_start|>200 010 218 022<|box_end|><|ref_start|>page_number<|ref_end|><|rotate_up|>
<|box_start|>220 010 238 022<|box_end|><|ref_start|>page_number<|ref_end|><|rotate_up|>
<|box_start|>240 010 258 022<|box_end|><|ref_start|>page_number<|ref_end|><|rotate_up|>
<|box_start|>260 010 278 022<|box_end|><|ref_start|>page_number<|ref_end|><|rotate_up|>
<|box_start|>280 010 298 022<|box_end|><|ref_start|>page_number<|ref_end|><|rotate_up|>
<|box_start|>300 010 318 022<|box_end|><|ref_start|>page_number<|ref_end|><|rotate_up|>
<|box_start|>320 010 338 022<|box_end|><|ref_start|>page_number<|ref_end|><|rotate_up|>
<|box_start|>340 010 358 022<|box_end|><|ref_start|>page_number<|ref_end|><|rotate_up|>
<|box_start|>360 010 378 022<|box_end|><|ref_start|>page_number<|ref_end|><|rotate_up|>
<|box_start|>380 010 398 022<|box_end|><|ref_start|>page_number<|ref_end|><|rotate_up|>
<|box_start|>400 010 418 022<|box_end|><|ref_start|>page_number<|ref_end|><|rotate_up|>
<|box_start|>420 010 438 022<|box_end|><|ref_start|>page_number<|ref_end|><|rotate_up|>
<|box_start|>440 010 458 022<|box_end|><|ref_start|>page_number<|ref_end|><|rotate_up|>
<|box_start|>460 010 478 022<|box_end|><|ref_start|>page_number<|ref_end|><|rotate_up|>
<|box_start|>480 010 498 022<|box_end|><|ref_start|>page_number<|ref_end|><|rotate_up|>
<|box_start|>500 010 518 022<|box_end|><|ref_start|>page_number<|ref_end|><|rotate_up|>
<|box_start|>520 010 538 022<|box_end|><|ref_start|>page_number<|ref_end|><|rotate_up|>
<|box_start|>540 010 558 022<|box_end|><|ref_start|>page_number<|ref_end|><|rotate_up|>
<|box_start|>560 010 578 022<|box_end|><|ref_start|>page_number<|ref_end|><|rotate_up|>
<|box_start|>580 010 598 022<|box_end|><|ref_start|>page_number<|ref_end|><|rotate_up|>
<|box_start|>600 010 618 022<|box_end|><|ref_start|>page_number<|ref_end|><|rotate_up|>
<|box_start|>620 010 638 022<|box_end|><|ref_start|>page_number<|ref_end|><|rotate_up|>
<|box_start|>640 010 658 022<|box_end|><|ref_start|>page_number<|ref_end|><|rotate_up|>
<|box_start|>660 010 678 022<|box_end|><|ref_start|>page_number<|ref_end|><|rotate_up|>
<|box_start|>680 010 698 022<|box_end|><|ref_start|>page_number<|ref_end|><|rotate_up|>
<|box_start|>700 010 718 022<|box_end|><|ref_start|>page_number<|ref_end|><|rotate_up|>
<|box_start|>720 010 738 022<|box_end|><|ref_start|>page_number<|ref_end|><|rotate_up|>
<|box_start|>740 010 758 022<|box_end|><|ref_start|>page_number<|ref_end|><|rotate_up|>
<|box_start|>760 010 778 022<|box_end|><|ref_start|>page_number<|ref_end|><|rotate_up|>
<|box_start|>780 010 798 022<|box_end|><|ref_start|>page_number<|ref_end|><|rotate_up|>
<|box_start|>800 010 818 022<|box_end|><|ref_start|>page_number<|ref_end|><|rotate_up|>
<|box_start|>820 010 838 022<|box_end|><|ref_start|>page_number<|ref_end|><|rotate_up|>
<|box_start|>840 010 858 022<|box_end|><|ref_start|>page_number<|ref_end|><|rotate_up|>
<|box_start|>860 010 878 022<|box_end|><|ref_start|>page_number<|ref_end|><|rotate_up|>
<|box_start|>880 010 898 022<|box_end|><|ref_start|>page_number<|ref_end|><|rotate_up|>
<|box_start|>900 010 918 022<|box_end|><|ref_start|>page_number<|ref_end|><|rotate_up|>
<|box_start|>920 010 938 022<|box_end|><|ref_start|>page_number<|ref_end|><|rotate_up|>
<|box_start|>940 010 958 022<|box_end|><|ref_start|>page_number<|ref_end|><|rotate_up|>
<|box_start|>960 010 978 022<|box_end|><|ref_start|>page_number<|ref_end|><|rotate_up|>
<|box_start|>980 010 998 022<|box_end|><|ref_start|>page_number<|ref_end|><|rotate_up|>
<|box_start|>100 022 119 034<|box_end|><|ref_start|>page_number<|ref_end|><|rotate_up|>
<|box_start|>120 022 138 034<|box_end|><|ref_start|>page_number<|ref_end|><|rotate_up|>
<|box_start|>140 022 158 034<|box_end|><|ref_start|>page_number<|ref_end|><|rotate_up|>
<|box_start|>160 022 178 034<|box_end|><|ref_start|>page_number<|ref_end|><|rotate_up|>
<|box_start|>180 022 198 034<|box_end|><|ref_start|>page_number<|ref_end|><|rotate_up|>
<|box_start|>200 022 218 034<|box_end|><|ref_start|>page_number<|ref_end|><|rotate_up|>
<|box_start|>220 022 238 034<|box_end|><|ref_start|>page_number<|ref_end|><|rotate_up|>
<|box_start|>240 022 258 034<|box_end|><|ref_start|>page_number<|ref_end|><|rotate_up|>
<|box_start|>260 022 278 034<|box_end|><|ref_start|>page_number<|ref_end|><|rotate_up|>
<|box_start|>280 022 298 034<|box_end|><|ref_start|>page_number<|ref_end|><|rotate_up|>
<|box_start|>300 022 318 034<|box_end|><|ref_start|>page_number<|ref_end|><|rotate_up|>
<|box_start|>320 022 338 034<|box_end|><|ref_start|>page_number<|ref_end|><|rotate_up|>
<|box_start|>340 022 358 034<|box_end|><|ref_start|>page_number<|ref_end|><|rotate_up|>
<|box_start|>360 022 378 034<|box_end|><|ref_start|>page_number<|ref_end|><|rotate_up|>
<|box_start|>380 022 398 034<|box_end|><|ref_start|>page_number<|ref_end|><|rotate_up|>
<|box_start|>400 022 418 034<|box_end|><|ref_start|>page_number<|ref_end|><|rotate_up|>
<|box_start|>420 022 438 034<|box_end|><|ref_start|>page_number<|ref_end|><|rotate_up|>
<|box_start|>440 022 458 034<|box_end|><|ref_start|>page_number<|ref_end|><|rotate_up|>
<|box_start|>460 022 478 034<|box_end|><|ref_start|>page_number<|ref_end|><|rotate_up|>
<|box_start|>480 022 498 034<|box_end|><|ref_start|>page_number<|ref_end|><|rotate_up|>
<|box_start|>500 022 518 034<|box_end|><|ref_start|>page_number<|ref_end|><|rotate_up|>
<|box_start|>520 022 538 034<|box_end|><|ref_start|>page_number<|ref_end|><|rotate_up|>
<|box_start|>540 022 558 034<|box_end|><|ref_start|>page_number<|ref_end|><|rotate_up|>
<|box_start|>560 022 578 034<|box_end|><|ref_start|>page_number<|ref_end|><|rotate_up|>
<|box_start|>580 022 598 034<|box_end|><|ref_start|>page_number<|ref_end|><|rotate_up|>
<|box_start|>600 022 618 034<|box_end|><|ref_start|>page_number<|ref_end|><|rotate_up|>
<|box_start|>620 022 638 034<|box_end|><|ref_start|>page_number<|ref_end|><|rotate_up|>
<|box_start|>640 022 658 034<|box_end|><|ref_start|>page_number<|ref_end|><|rotate_up|>
<|box_start|>660 022 678 034<|box_end|><|ref_start|>page_number<|ref_end|><|rotate_up|>
<|box_start|>680 022 698 034<|box_end|><|ref_start|>page_number<|ref_end|><|rotate_up|>
<|box_start|>700 022 718 034<|box_end|><|ref_start|>page_number<|ref_end|><|rotate_up|>
<|box_start|>720 022 738 034<|box_end|><|ref_start|>page_number<|ref_end|><|rotate_up|>
<|box_start|>740 022 758 034<|box_end|><|ref_start|>page_number<|ref_end|><|rotate_up|>
<|box_start|>760 022 778 034<|box_end|><|ref_start|>page_number<|ref_end|><|rotate_up|>
<|box_start|>780 022 798 034<|box_end|><|ref_start|>page_number<|ref_end|><|rotate_up|>
<|box_start|>800 022 818 034<|box_end|><|ref_start|>page_number<|ref_end|><|rotate_up|>
<|box_start|>820 022 838 034<|box_end|><|ref_start|>page_number<|ref_end|><|rotate_up|>
<|box_start|>840 022 858 034<|box_end|><|ref_start|>page_number<|ref_end|><|rotate_up|>
<|box_start|>860 022 878 034<|box_end|><|ref_start|>page_number<|ref_end|><|rotate_up|>
<|box_start|>880 022 898 034<|box_end|><|ref_start|>page_number<|ref_end|><|rotate_up|>
<|box_start|>900 022 918 034<|box_end|><|ref_start|>page_number<|ref_end|><|rotate_up|>
<|box_start|>920 022 938 034<|box_end|><|ref_start|>page_number<|ref_end|><|rotate_up|>
<|box_start|>940 022 958 034<|box_end|><|ref_start|>page_number<|ref_end|><|rotate_up|>
<|box_start|>960 022 978 034<|box_end|><|ref_start|>page_number<|ref_end|><|rotate_up|>
<|box_start|>980 022 998 034<|box_end|><|ref_start|>page_number<|ref_end|><|rotate_up|>
<|box_start|>100 034 119 046<|box_end|><|ref_start|>page_number<|ref_end|><|rotate_up|>
<|box_start|>120 034 138 046<|box_end|><|ref_start|>page_number<|ref_end|><|rotate_up|>
<|box_start|>140 034 158 046<|box_end|><|ref_start|>page_number<|ref_end|><|rotate_up|>
<|box_start|>160 034 178 046<|box_end|><|ref_start|>page_number<|ref_end|><|rotate_up|>
<|box_start|>180 034 198 046<|box_end|><|ref_start|>page_number<|ref_end|><|rotate_up|>
<|box_start|>200 034 218 046<|box_end|><|ref_start|>page_number<|ref_end|><|rotate_up|>
<|box_start|>220 034 238 046<|box_end|><|ref_start|>page_number<|ref_end|><|rotate_up|>
<|box_start|>240 034 258 046<|box_end|><|ref_start|>page_number<|ref_end|><|rotate_up|>
<|box_start|>260 034 278 046<|box_end|><|ref_start|>page_number<|ref_end|><|rotate_up|>
<|box_start|>280 034 298 046<|box_end|><|ref_start|>page_number<|ref_end|><|rotate_up|>
<|box_start|>300 034 318 046<|box_end|><|ref_start|>page_number<|ref_end|><|rotate_up|>
<|box_start|>320 034 338 046<|box_end|><|ref_start|>page_number<|ref_end|><|rotate_up|>
<|box_start|>340 034 358 046<|box_end|><|ref_start|>page_number<|ref_end|><|rotate_up|>
<|box_start|>360 034 378 046<|box_end|><|ref_start|>page_number<|ref_end|><|rotate_up|>
<|box_start|>380 034 398 046<|box_end|><|ref_start|>page_number<|ref_end|><|rotate_up|>
<|box_start|>400 034 418 046<|box_end|><|ref_start|>page_number<|ref_end|><|rotate_up|>
<|box_start|>420 034 438 046<|box_end|><|ref_start|>page_number<|ref_end|><|rotate_up|>
<|box_start|>440 034 458 046<|box_end|><|ref_start|>page_number<|ref_end|><|rotate_up|>
<|box_start|>460 034 478 046<|box_end|><|ref_start|>page_number<|ref_end|><|rotate_up|>
<|box_start|>480 034 498 046<|box_end|><|ref_start|>page_number<|ref_end|><|rotate_up|>
<|box_start|>500 034 518 046<|box_end|><|ref_start|>page_number<|ref_end|><|rotate_up|>
<|box_start|>520 034 538 046<|box_end|><|ref_start|>page_number<|ref_end|><|rotate_up|>
<|box_start|>540 034 558 046<|box_end|><|ref_start|>page_number<|ref_end|><|rotate_up|>
<|box_start|>560 034 578 046<|box_end|><|ref_start|>page_number<|ref_end|><|rotate_up|>
<|box_start|>580 034 598 046<|box_end|><|ref_start|>page_number<|ref_end|><|rotate_up|>
<|box_start|>600 034 618 046<|box_end|><|ref_start|>page_number<|ref_end|><|rotate_up|>
<|box_start|>620 034 638 046<|box_end|><|ref_start|>page_number<|ref_end|><|rotate_up|>
<|box_start|>640 034 658 046<|box_end|><|ref_start|>page_number<|ref_end|><|rotate_up|>
<|box_start|>660 034 678 046<|box_end|><|ref_start|>page_number<|ref_end|><|rotate_up|>
<|box_start|>680 034 698 046<|box_end|><|ref_start|>page_number<|ref_end|><|rotate_up|>
<|box_start|>700 034 718 046<|box_end|><|ref_start|>page_number<|ref_end|><|rotate_up|>
<|box_start|>720 034 738 046<|box_end|><|ref_start|>page_number<|ref_end|><|rotate_up|>
<|box_start|>740 034 758 046<|box_end|><|ref_start|>page_number<|ref_end|><|rotate_up|>
<|box_start|>760 034 778 046<|box_end|><|ref_start|>page_number<|ref_end|><|rotate_up|>
<|box_start|>780 034 798 046<|box_end|><|ref_start|>page_number<|ref_end|><|rotate_up|>
<|box_start|>800 034 818 046<|box_end|><|ref_start|>page_number<|ref_end|><|rotate_up|>
<|box_start|>820 034 838 046<|box_end|><|ref_start|>page_number<|ref_end|><|rotate_up|>
<|box_start|>840 034 858 046<|box_end|><|ref_start|>page_number<|ref_end|><|rotate_up|>
<|box_start|>860 034 878 046<|box_end|><|ref_start|>page_number<|ref_end|><|rotate_up|>
<|box_start|>880 034 898 046<|box_end|><|ref_start|>page_number<|ref_end|><|rotate_up|>
<|box_start|>900 034 918 046<|box_end|><|ref_start|>page_number<|ref_end|><|rotate_up|>
<|box_start|>920 034 938 046<|box_end|><|ref_start|>page_number<|ref_end|><|rotate_up|>
<|box_start|>940 034 958 046<|box_end|><|ref_start|>page_number<|ref_end|><|rotate_up|>
<|box_start|>960 034 978 046<|box_end|><|ref_start|>page_number<|ref_end|><|rotate_up|>
<|box_start|>100 046 119 058<|box_end|><|ref_start|>page_number<|ref_end|><|rotate_up|>
<|box_start|>120 046 138 058<|box_end|><|ref_start|>page_number<|ref_end|><|rotate_up|>
<|box_start|>140 046 158 058<|box_end|><|ref_start|>page_number<|ref_end|><|rotate_up|>
<|box_start|>160 046 178 058<|box_end|><|ref_start|>page_number<|ref_end|><|rotate_up|>
<|box_start|>180 046 198 058<|box_end|><|ref_start|>page_number<|ref_end|><|rotate_up|>
<|box_start|>200 046 218 058<|box_end|><|ref_start|>page_number<|ref_end|><|rotate_up|>
<|box_start|>220 046 238 058<|box_end|><|ref_start|>page_number<|ref_end|><|rotate_up|>
<|box_start|>240 046 258 058<|box_end|><|ref_start|>page_number<|ref_end|><|rotate_up|>
<|box_start|>260 046 278 058<|box_end|><|ref_start|>page_number<|ref_end|><|rotate_up|>
<|box_start|>280 046 298 058<|box_end|><|ref_start|>page_number<|ref_end|><|rotate_up|>
<|box_start|>300 046 318 058<|box_end|><|ref_start|>page_number<|ref_end|><|rotate_up|>
<|box_start|>320 04
2026-08-06 07:10:43.693 | DEBUG    | mineru_vl_utils.mineru_client:parse_layout_output:239 - Layout raw output: 
<|box_start|>244 066 454 079<|box_end|><|ref_start|>title<|ref_end|><|rotate_up|>
<|box_start|>135 086 153 099<|box_end|><|ref_start|>image<|ref_end|><|rotate_up|>
<|box_start|>155 086 173 099<|box_end|><|ref_start|>image<|ref_end|><|rotate_up|>
<|box_start|>175 086 193 099<|box_end|><|ref_start|>image<|ref_end|><|rotate_up|>
<|box_start|>195 086 213 099<|box_end|><|ref_start|>image<|ref_end|><|rotate_up|>
<|box_start|>215 086 233 099<|box_end|><|ref_start|>image<|ref_end|><|rotate_up|>
<|box_start|>235 086 253 099<|box_end|><|ref_start|>image<|ref_end|><|rotate_up|>
<|box_start|>255 086 273 099<|box_end|><|ref_start|>image<|ref_end|><|rotate_up|>
<|box_start|>275 086 293 099<|box_end|><|ref_start|>image<|ref_end|><|rotate_up|>
<|box_start|>295 086 313 099<|box_end|><|ref_start|>image<|ref_end|><|rotate_up|>
<|box_start|>315 086 333 099<|box_end|><|ref_start|>image<|ref_end|><|rotate_up|>
<|box_start|>335 086 353 099<|box_end|><|ref_start|>image<|ref_end|><|rotate_up|>
<|box_start|>355 086 373 099<|box_end|><|ref_start|>image<|ref_end|><|rotate_up|>
<|box_start|>375 086 393 099<|box_end|><|ref_start|>image<|ref_end|><|rotate_up|>
<|box_start|>395 086 413 099<|box_end|><|ref_start|>image<|ref_end|><|rotate_up|>
<|box_start|>415 086 433 099<|box_end|><|ref_start|>image<|ref_end|><|rotate_up|>
<|box_start|>435 086 453 099<|box_end|><|ref_start|>image<|ref_end|><|rotate_up|>
<|box_start|>455 086 473 099<|box_end|><|ref_start|>image<|ref_end|><|rotate_up|>
<|box_start|>475 086 493 099<|box_end|><|ref_start|>image<|ref_end|><|rotate_up|>
<|box_start|>495 086 513 099<|box_end|><|ref_start|>image<|ref_end|><|rotate_up|>
<|box_start|>515 086 533 099<|box_end|><|ref_start|>image<|ref_end|><|rotate_up|>
<|box_start|>535 086 553 099<|box_end|><|ref_start|>image<|ref_end|><|rotate_up|>
<|box_start|>555 086 573 099<|box_end|><|ref_start|>image<|ref_end|><|rotate_up|>
<|box_start|>575 086 593 099<|box_end|><|ref_start|>image<|ref_end|><|rotate_up|>
<|box_start|>595 086 613 099<|box_end|><|ref_start|>image<|ref_end|><|rotate_up|>
<|box_start|>615 086 633 099<|box_end|><|ref_start|>image<|ref_end|><|rotate_up|>
<|box_start|>635 086 653 099<|box_end|><|ref_start|>image<|ref_end|><|rotate_up|>
<|box_start|>655 086 673 099<|box_end|><|ref_start|>image<|ref_end|><|rotate_up|>
<|box_start|>675 086 693 099<|box_end|><|ref_start|>image<|ref_end|><|rotate_up|>
<|box_start|>695 086 713 099<|box_end|><|ref_start|>image<|ref_end|><|rotate_up|>
<|box_start|>715 086 733 099<|box_end|><|ref_start|>image<|ref_end|><|rotate_up|>
<|box_start|>735 086 753 099<|box_end|><|ref_start|>image<|ref_end|><|rotate_up|>
<|box_start|>755 086 773 099<|box_end|><|ref_start|>image<|ref_end|><|rotate_up|>
<|box_start|>775 086 793 099<|box_end|><|ref_start|>image<|ref_end|><|rotate_up|>
<|box_start|>795 086 813 099<|box_end|><|ref_start|>image<|ref_end|><|rotate_up|>
<|box_start|>815 086 833 099<|box_end|><|ref_start|>image<|ref_end|><|rotate_up|>
<|box_start|>835 086 853 099<|box_end|><|ref_start|>image<|ref_end|><|rotate_up|>
<|box_start|>855 086 873 099<|box_end|><|ref_start|>image<|ref_end|><|rotate_up|>
<|box_start|>875 086 893 099<|box_end|><|ref_start|>image<|ref_end|><|rotate_up|>
<|box_start|>895 086 913 099<|box_end|><|ref_start|>image<|ref_end|><|rotate_up|>
<|box_start|>915 086 933 099<|box_end|><|ref_start|>image<|ref_end|><|rotate_up|>
<|box_start|>935 086 953 099<|box_end|><|ref_start|>image<|ref_end|><|rotate_up|>
<|box_start|>955 086 973 099<|box_end|><|ref_start|>image<|ref_end|><|rotate_up|>
<|box_start|>975 086 993 099<|box_end|><|ref_start|>image<|ref_end|><|rotate_up|>
<|box_start|>135 099 153 112<|box_end|><|ref_start|>image<|ref_end|><|rotate_up|>
<|box_start|>155 099 173 112<|box_end|><|ref_start|>image<|ref_end|><|rotate_up|>
<|box_start|>175 099 193 112<|box_end|><|ref_start|>image<|ref_end|><|rotate_up|>
<|box_start|>195 099 213 112<|box_end|><|ref_start|>image<|ref_end|><|rotate_up|>
<|box_start|>215 099 233 112<|box_end|><|ref_start|>image<|ref_end|><|rotate_up|>
<|box_start|>235 099 253 112<|box_end|><|ref_start|>image<|ref_end|><|rotate_up|>
<|box_start|>255 099 273 112<|box_end|><|ref_start|>image<|ref_end|><|rotate_up|>
<|box_start|>275 099 293 112<|box_end|><|ref_start|>image<|ref_end|><|rotate_up|>
<|box_start|>295 099 313 112<|box_end|><|ref_start|>image<|ref_end|><|rotate_up|>
<|box_start|>315 099 333 112<|box_end|><|ref_start|>image<|ref_end|><|rotate_up|>
<|box_start|>335 099 353 112<|box_end|><|ref_start|>image<|ref_end|><|rotate_up|>
<|box_start|>355 099 373 112<|box_end|><|ref_start|>image<|ref_end|><|rotate_up|>
<|box_start|>375 099 393 112<|box_end|><|ref_start|>image<|ref_end|><|rotate_up|>
<|box_start|>395 099 413 112<|box_end|><|ref_start|>image<|ref_end|><|rotate_up|>
<|box_start|>415 099 433 112<|box_end|><|ref_start|>image<|ref_end|><|rotate_up|>
<|box_start|>435 099 453 112<|box_end|><|ref_start|>image<|ref_end|><|rotate_up|>
<|box_start|>455 099 473 112<|box_end|><|ref_start|>image<|ref_end|><|rotate_up|>
<|box_start|>475 099 493 112<|box_end|><|ref_start|>image<|ref_end|><|rotate_up|>
<|box_start|>495 099 513 112<|box_end|><|ref_start|>image<|ref_end|><|rotate_up|>
<|box_start|>515 099 533 112<|box_end|><|ref_start|>image<|ref_end|><|rotate_up|>
<|box_start|>535 099 553 112<|box_end|><|ref_start|>image<|ref_end|><|rotate_up|>
<|box_start|>555 099 573 112<|box_end|><|ref_start|>image<|ref_end|><|rotate_up|>
<|box_start|>575 099 593 112<|box_end|><|ref_start|>image<|ref_end|><|rotate_up|>
<|box_start|>595 099 613 112<|box_end|><|ref_start|>image<|ref_end|><|rotate_up|>
<|box_start|>615 099 633 112<|box_end|><|ref_start|>image<|ref_end|><|rotate_up|>
<|box_start|>635 099 653 112<|box_end|><|ref_start|>image<|ref_end|><|rotate_up|>
<|box_start|>655 099 673 112<|box_end|><|ref_start|>image<|ref_end|><|rotate_up|>
<|box_start|>675 099 693 112<|box_end|><|ref_start|>image<|ref_end|><|rotate_up|>
<|box_start|>695 099 713 112<|box_end|><|ref_start|>image<|ref_end|><|rotate_up|>
<|box_start|>715 099 733 112<|box_end|><|ref_start|>image<|ref_end|><|rotate_up|>
<|box_start|>735 099 753 112<|box_end|><|ref_start|>image<|ref_end|><|rotate_up|>
<|box_start|>755 099 773 112<|box_end|><|ref_start|>image<|ref_end|><|rotate_up|>
<|box_start|>775 099 793 112<|box_end|><|ref_start|>image<|ref_end|><|rotate_up|>
<|box_start|>795 099 813 112<|box_end|><|ref_start|>image<|ref_end|><|rotate_up|>
<|box_start|>815 099 833 112<|box_end|><|ref_start|>image<|ref_end|><|rotate_up|>
<|box_start|>835 099 853 112<|box_end|><|ref_start|>image<|ref_end|><|rotate_up|>
<|box_start|>855 099 873 112<|box_end|><|ref_start|>image<|ref_end|><|rotate_up|>
<|box_start|>875 099 893 112<|box_end|><|ref_start|>image<|ref_end|><|rotate_up|>
<|box_start|>895 099 913 112<|box_end|><|ref_start|>image<|ref_end|><|rotate_up|>
<|box_start|>915 099 933 112<|box_end|><|ref_start|>image<|ref_end|><|rotate_up|>
<|box_start|>935 099 953 112<|box_end|><|ref_start|>image<|ref_end|><|rotate_up|>
<|box_start|>955 099 973 112<|box_end|><|ref_start|>image<|ref_end|><|rotate_up|>
<|box_start|>975 099 993 112<|box_end|><|ref_start|>image<|ref_end|><|rotate_up|>
<|box_start|>135 112 153 125<|box_end|><|ref_start|>image<|ref_end|><|rotate_up|>
<|box_start|>155 112 173 125<|box_end|><|ref_start|>image<|ref_end|><|rotate_up|>
<|box_start|>175 112 193 125<|box_end|><|ref_start|>image<|ref_end|><|rotate_up|>
<|box_start|>195 112 213 125<|box_end|><|ref_start|>image<|ref_end|><|rotate_up|>
<|box_start|>215 112 233 125<|box_end|><|ref_start|>image<|ref_end|><|rotate_up|>
<|box_start|>235 112 253 125<|box_end|><|ref_start|>image<|ref_end|><|rotate_up|>
<|box_start|>255 112 273 125<|box_end|><|ref_start|>image<|ref_end|><|rotate_up|>
<|box_start|>275 112 293 125<|box_end|><|ref_start|>image<|ref_end|><|rotate_up|>
<|box_start|>295 112 313 125<|box_end|><|ref_start|>image<|ref_end|><|rotate_up|>
<|box_start|>315 112 333 125<|box_end|><|ref_start|>image<|ref_end|><|rotate_up|>
<|box_start|>335 112 353 125<|box_end|><|ref_start|>image<|ref_end|><|rotate_up|>
<|box_start|>355 112 373 125<|box_end|><|ref_start|>image<|ref_end|><|rotate_up|>
<|box_start|>375 112 393 125<|box_end|><|ref_start|>image<|ref_end|><|rotate_up|>
<|box_start|>395 112 413 125<|box_end|><|ref_start|>image<|ref_end|><|rotate_up|>
<|box_start|>415 112 433 125<|box_end|><|ref_start|>image<|ref_end|><|rotate_up|>
<|box_start|>435 112 453 125<|box_end|><|ref_start|>image<|ref_end|><|rotate_up|>
<|box_start|>455 112 473 125<|box_end|><|ref_start|>image<|ref_end|><|rotate_up|>
<|box_start|>475 112 493 125<|box_end|><|ref_start|>image<|ref_end|><|rotate_up|>
<|box_start|>495 112 513 125<|box_end|><|ref_start|>image<|ref_end|><|rotate_up|>
<|box_start|>515 112 533 125<|box_end|><|ref_start|>image<|ref_end|><|rotate_up|>
<|box_start|>535 112 553 125<|box_end|><|ref_start|>image<|ref_end|><|rotate_up|>
<|box_start|>555 112 573 125<|box_end|><|ref_start|>image<|ref_end|><|rotate_up|>
<|box_start|>575 112 593 125<|box_end|><|ref_start|>image<|ref_end|><|rotate_up|>
<|box_start|>595 112 613 125<|box_end|><|ref_start|>image<|ref_end|><|rotate_up|>
<|box_start|>615 112 633 125<|box_end|><|ref_start|>image<|ref_end|><|rotate_up|>
<|box_start|>635 112 653 125<|box_end|><|ref_start|>image<|ref_end|><|rotate_up|>
<|box_start|>655 112 673 125<|box_end|><|ref_start|>image<|ref_end|><|rotate_up|>
<|box_start|>675 112 693 125<|box_end|><|ref_start|>image<|ref_end|><|rotate_up|>
<|box_start|>695 112 713 125<|box_end|><|ref_start|>image<|ref_end|><|rotate_up|>
<|box_start|>715 112 733 125<|box_end|><|ref_start|>image<|ref_end|><|rotate_up|>
<|box_start|>735 112 753 125<|box_end|><|ref_start|>image<|ref_end|><|rotate_up|>
<|box_start|>755 112 773 125<|box_end|><|ref_start|>image<|ref_end|><|rotate_up|>
<|box_start|>775 112 793 125<|box_end|><|ref_start|>image<|ref_end|><|rotate_up|>
<|box_start|>795 112 813 125<|box_end|><|ref_start|>image<|ref_end|><|rotate_up|>
<|box_start|>815 112 833 125<|box_end|><|ref_start|>image<|ref_end|><|rotate_up|>
<|box_start|>835 112 853 125<|box_end|><|ref_start|>image<|ref_end|><|rotate_up|>
<|box_start|>855 112 873 125<|box_end|><|ref_start|>image<|ref_end|><|rotate_up|>
<|box_start|>875 112 893 125<|box_end|><|ref_start|>image<|ref_end|><|rotate_up|>
<|box_start|>895 112 913 125<|box_end|><|ref_start|>image<|ref_end|><|rotate_up|>
<|box_start|>915 112 933 125<|box_end|><|ref_start|>image<|ref_end|><|rotate_up|>
<|box_start|>935 112 953 125<|box_end|><|ref_start|>image<|ref_end|><|rotate_up|>
<|box_start|>955 112 973 125<|box_end|><|ref_start|>image<|ref_end|><|rotate_up|>
<|box_start|>975 112 993 125<|box_end|><|ref_start|>image<|ref_end|><|rotate_up|>
<|box_start|>135 125 153 138<|box_end|><|ref_start|>image<|ref_end|><|rotate_up|>
<|box_start|>155 125 173 138<|box_end|><|ref_start|>image<|ref_end|><|rotate_up|>
<|box_start|>175 125 193 138<|box_end|><|ref_start|>image<|ref_end|><|rotate_up|>
<|box_start|>195 125 213 138<|box_end|><|ref_start|>image<|ref_end|><|rotate_up|>
<|box_start|>215 125 233 138<|box_end|><|ref_start|>image<|ref_end|><|rotate_up|>
<|box_start|>235 125 253 138<|box_end|><|ref_start|>image<|ref_end|><|rotate_up|>
<|box_start|>255 125 273 138<|box_end|><|ref_start|>image<|ref_end|><|rotate_up|>
<|box_start|>275 125 293 138<|box_end|><|ref_start|>image<|ref_end|><|rotate_up|>
<|box_start|>295 125 313 138<|box_end|><|ref_start|>image<|ref_end|><|rotate_up|>
<|box_start|>315 125 333 138<|box_end|><|ref_start|>image<|ref_end|><|rotate_up|>
<|box_start|>335 125 353 138<|box_end|><|ref_start|>image<|ref_end|><|rotate_up|>
<|box_start|>355 125 373 138<|box_end|><|ref_start|>image<|ref_end|><|rotate_up|>
<|box_start|>375 125 393 138<|box_end|><|ref_start|>image<|ref_end|><|rotate_up|>
<|box_start|>395 125 413 138<|box_end|><|ref_start|>image<|ref_end|><|rotate_up|>
<|box_start|>415 125 433 138<|box_end|><|ref_start|>image<|ref_end|><|rotate_up|>
<|box_start|>435 125 453 138<|box_end|><|ref_start|>image<|ref_end|><|rotate_up|>
<|box_start|>455 125 473 138<|box_end|><|ref_start|>image<|ref_end|><|rotate_up|>
<|box_start|>475 125 493 138<|box_end|><|ref_start|>image<|ref_end|><|rotate_up|>
<|box_start|>495 125 513 138<|box_end|><|ref_start|>image<|ref_end|><|rotate_up|>
<|box_start|>515 125 533 138<|box_end|><|ref_start|>image<|ref_end|><|rotate_up|>
<|box_start|>535 125 553 138<|box_end|><|ref_start|>image<|ref_end|><|rotate_up|>
<|box_start|>555 125 573 138<|box_end|><|ref_start|>image<|ref_end|>
2026-08-06 07:10:43.695 | WARNING  | mineru_vl_utils.mineru_client:parse_layout_output:261 - No angle found in layout output line: <|box_start|>555 125 573 138<|box_end|><|ref_start|>image<|ref_end|>
2026-08-06 07:10:43.696 | DEBUG    | mineru_vl_utils.mineru_client:parse_layout_output:239 - Layout raw output: 
<|box_start|>2.3.13【数形结合法之圆】
▲适用题型
常见于含有√(r²-(x-a)²) + b结构的题型；
▲方法原理
令y = √(r² - (x - a)²) ⇒ y = √(r² - (x - a)²) ⇒ 0 ⇒ {y ≥ 0
(x - a)² + y² = r² 即得到半圆，
1.若是分式类型，常将问题转换为斜率问题，比如 f(x) = √(4 - (x - 3)² - 2
x + 2，
(1) 令y = √(4 - (x - 3)²) ⇒ y = √(4 - (x - 3)²) ⇒ 0 ⇒ {y ≥ 0
(x - 3)² + y² = 4
(2) ⇒ {f(x) = √(4 - (x - 3)² - 2 - x - 2) / (x - 2) / (x - 2) / (x - 2) / (x - 2) / (x - 2) / (x - 2) / (x - 2) / (x - 2) / (x - 2) / (x - 2) / (x - 2) / (x - 2) / (x - 2) / (x - 2) / (x - 2) / (x - 2) / (x - 2) / (x - 2) / (x - 2) / (x - 2) / (x - 2) / (x - 2) / (x - 2) / (x - 2) / (x - 2) / (x - 2) / (x - 2) / (x - 2) / (x - 2) / (x - 2) / (x - 2) / (x - 2) / (x - 2) / (x - 2) / (x - 2) / (x - 2) / (x - 2) / (x - 2) / (x - 2) / (x - 2) / (x - 2) / (x - 2) / (x - 2) / (x - 2) / (x - 2) / (x - 2) / (x - 2) / (x - 2) / (x - 2) / (x - 2) / (x - 2) / (x - 2) / (x - 2) / (x - 2) / (x - 2) / (x - 2) / (x - 2) / (x - 2) / (x - 2) / (x - 2) / (x - 2) / (x - 2) / (x - 2) / (x - 2) / (x - 2) / (x - 2) / (x - 2) / (x - 2) / (x - 2) / (x - 2) / (x - 2) / (x - 2) / (x - 2) / (x - 2) / (x - 2) / (x - 2) / (x - 2) / (x - 2) / (x - 2) / (x - 2) / (x - 2) / (x - 2) / (x - 2) / (x - 2) / (x - 2) / (x - 2) / (x - 2) / (x - 2) / (x - 2) / (x - 2) / (x - 2) / (x - 2) / (x - 2) / (x - 2) / (x - 2) / (x - 2) / (x - 2) / (x - 2) / (x - 2) / (x - 2) / (x - 2) / (x - 2) / (x - 2) / (x - 2) / (x - 2) / (x - 2) / (x - 2) / (x - 2) / (x - 2) / (x - 2) / (x - 2) / (x - 2) / (x - 2) / (x - 2) / (x - 2) / (x - 2) / (x - 2) / (x - 2) / (x - 2) / (x - 2) / (x - 2) / (x - 2) / (x - 2) / (x - 2) / (x - 2) / (x - 2) / (x - 2) / (x - 2) / (x - 2) / (x - 2) / (x - 2) / (x - 2) / (x - 2) / (x - 2) / (x - 2) / (x - 2) / (x - 2) / (x - 2) / (x - 2) / (x - 2) / (x - 2) / (x - 2) / (x - 2) / (x - 2) / (x - 2) / (x - 2) / (x - 2) / (x - 2) / (x - 2) / (x - 2) / (x - 2) / (x - 2) / (x - 2) / (x - 2) / (x - 2) / (x - 2) / (x - 2) / (x - 2) / (x - 2) / (x - 2) / (x - 2) / (x - 2) / (x - 2) / (x - 2) / (x - 2) / (x - 2) / (x - 2) / (x - 2) / (x - 2) / (x - 2) / (x - 2) / (x - 2) / (x - 2) / (x - 2) / (x - 2) / (x - 2) / (x - 2) / (x - 2) / (x - 2) / (x - 2) / (x - 2) / (x - 2) / (x - 2) / (x - 2) / (x - 2) / (x - 2) / (x - 2) / (x - 2) / (x - 2) / (x - 2) / (x - 2) / (x - 2) / (x - 2) / (x - 2) / (x - 2) / (x - 2) / (x - 2) / (x - 2) / (x - 2) / (x - 2) / (x - 2) / (x - 2) / (x - 2) / (x - 2) / (x - 2) / (x - 2) / (x - 2) / (x - 2) / (x - 2) / (x - 2) / (x - 2) / (x - 2) / (x - 2) / (x - 2) / (x - 2) / (x - 2) / (x - 2) / (x - 2) / (x - 2) / (x - 2) / (x - 2) / (x - 2) / (x - 2) / (x - 2) / (x - 2) / (x - 2) / (x - 2) / (x - 2) / (x - 2) / (x - 2) / (x - 2) / (x - 2) / (x - 2) / (x - 2) / (x - 2) / (x - 2) / (x - 2) / (x - 2) / (x - 2) / (x - 2) / (x - 2) / (x - 2) / (x - 2) / (x - 2) / (x - 2) / (x - 2) / (x - 2) / (x - 2) / (x - 2) / (x - 2) / (x - 2) / (x - 2) / (x - 2) / (x - 2) / (x - 2) / (x - 2) / (x - 2) / (x - 2) / (x - 2) / (x - 2) / (x - 2) / (x - 2) / (x - 2) / (x - 2) / (x - 2) / (x - 2) / (x - 2) / (x - 2) / (x - 2) / (x - 2) / (x - 2) / (x - 2) / (x - 2) / (x - 2) / (x - 2) / (x - 2) / (x - 2) / (x - 2) / (x - 2) / (x - 2) / (x - 2) / (x - 2) / (x - 2) / (x - 2) / (x - 2) / (x - 2) / (x - 2) / (x - 2) / (x - 2) / (x - 2) / (x - 2) / (x - 2) / (x - 2) / (x - 2) / (x - 2) / (x - 2) / (x - 2) / (x - 2) / (x - 2) / (x - 2) / (x - 2) / (x - 2) / (x - 2) / (x - 2) / (x - 2) / (x - 2) / (x - 2) / (x - 2) / (x - 2) / (x - 2) / (x - 2) / (x - 2) / (x - 2) / (x - 2) / (x - 2) / (x - 2) / (x - 2) / (x - 2) / (x - 2) / (x - 2) / (x - 2) / (x - 2) / (x - 2) / (x - 2) / (x - 2) / (x - 2) / (x - 2) / (x - 2) / (x - 2) / (x - 2) / (x - 2) / (x - 2) / (x - 2) / (x - 2) / (x - 2) / (x - 2) / (x - 2) / (x - 2) / (x - 2) / (x - 2) / (x - 2) / (x - 2) / (x - 2) / (x - 2) / (x - 2) / (x - 2) / (x - 2) / (x - 2) / (x - 2) / (x - 2) / (x - 2) / (x - 2) / (x - 2) / (x - 2) / (x - 2) / (x - 2) / (x - 2) / (x - 2) / (x - 2) / (x - 2) / (x - 2) / (x - 2) / (x - 2) / (x - 2) / (x - 2) / (x - 2) / (x - 2) / (x - 2) / (x - 2) / (x - 2) / (x - 2) / (x - 2) / (x - 2) / (x - 2) / (x - 2) / (x - 2) / (x - 2) / (x - 2) / (x - 2) / (x - 2) / (x - 2) / (x - 2) / (x - 2) / (x - 2) / (x - 2) / (x - 2) / (x - 2) / (x - 2) / (x - 2) / (x - 2) / (x - 2) / (x - 2) / (x - 2) / (x - 2) / (x - 2) / (x - 2) / (x - 2) / (x - 2) / (x - 2) / (x - 2) / (x - 2) / (x - 2) / (x - 2) / (x - 2) / (x - 2) / (x - 2) / (x - 2) / (x - 2) / (x - 2) / (x - 2) / (x - 2) / (x - 2) / (x - 2) / (x - 2) / (x - 2) / (x - 2) / (x - 2) / (x - 2) / (x - 2) / (x - 2) / (x - 2) / (x - 2) / (x - 2) / (x - 2) / (x - 2) / (x - 2) / (x - 2) / (x - 2) / (x - 2) / (x - 2) / (x - 2) / (x - 2) / (x - 2) / (x - 2) / (x - 2) / (x - 2) / (x - 2) / (x - 2) / (x - 2) / (x - 2) / (x - 2) / (x - 2) / (x - 2) / (x - 2
2026-08-06 07:10:43.696 | WARNING  | mineru_vl_utils.mineru_client:parse_layout_output:268 - Layout output does not match expected format: <|box_start|>2.3.13【数形结合法之圆】
▲适用题型
常见于含有√(r²-(x-a)²) + b结构的题型；
▲方法原理
令y = √(r² - (x - a)²) ⇒ y = √(r² - (x - a)²) ⇒ 0 ⇒ {y ≥ 0
(x - a)² + y² = r² 即得到半圆，
1.若是分式类型，常将问题转换为斜率问题，比如 f(x) = √(4 - (x - 3)² - 2
x + 2，
(1) 令y = √(4 - (x - 3)²) ⇒ y = √(4 - (x - 3)²) ⇒ 0 ⇒ {y ≥ 0
(x - 3)² + y² = 4
(2) ⇒ {f(x) = √(4 - (x - 3)² - 2 - x - 2) / (x - 2) / (x - 2) / (x - 2) / (x - 2) / (x - 2) / (x - 2) / (x - 2) / (x - 2) / (x - 2) / (x - 2) / (x - 2) / (x - 2) / (x - 2) / (x - 2) / (x - 2) / (x - 2) / (x - 2) / (x - 2) / (x - 2) / (x - 2) / (x - 2) / (x - 2) / (x - 2) / (x - 2) / (x - 2) / (x - 2) / (x - 2) / (x - 2) / (x - 2) / (x - 2) / (x - 2) / (x - 2) / (x - 2) / (x - 2) / (x - 2) / (x - 2) / (x - 2) / (x - 2) / (x - 2) / (x - 2) / (x - 2) / (x - 2) / (x - 2) / (x - 2) / (x - 2) / (x - 2) / (x - 2) / (x - 2) / (x - 2) / (x - 2) / (x - 2) / (x - 2) / (x - 2) / (x - 2) / (x - 2) / (x - 2) / (x - 2) / (x - 2) / (x - 2) / (x - 2) / (x - 2) / (x - 2) / (x - 2) / (x - 2) / (x - 2) / (x - 2) / (x - 2) / (x - 2) / (x - 2) / (x - 2) / (x - 2) / (x - 2) / (x - 2) / (x - 2) / (x - 2) / (x - 2) / (x - 2) / (x - 2) / (x - 2) / (x - 2) / (x - 2) / (x - 2) / (x - 2) / (x - 2) / (x - 2) / (x - 2) / (x - 2) / (x - 2) / (x - 2) / (x - 2) / (x - 2) / (x - 2) / (x - 2) / (x - 2) / (x - 2) / (x - 2) / (x - 2) / (x - 2) / (x - 2) / (x - 2) / (x - 2) / (x - 2) / (x - 2) / (x - 2) / (x - 2) / (x - 2) / (x - 2) / (x - 2) / (x - 2) / (x - 2) / (x - 2) / (x - 2) / (x - 2) / (x - 2) / (x - 2) / (x - 2) / (x - 2) / (x - 2) / (x - 2) / (x - 2) / (x - 2) / (x - 2) / (x - 2) / (x - 2) / (x - 2) / (x - 2) / (x - 2) / (x - 2) / (x - 2) / (x - 2) / (x - 2) / (x - 2) / (x - 2) / (x - 2) / (x - 2) / (x - 2) / (x - 2) / (x - 2) / (x - 2) / (x - 2) / (x - 2) / (x - 2) / (x - 2) / (x - 2) / (x - 2) / (x - 2) / (x - 2) / (x - 2) / (x - 2) / (x - 2) / (x - 2) / (x - 2) / (x - 2) / (x - 2) / (x - 2) / (x - 2) / (x - 2) / (x - 2) / (x - 2) / (x - 2) / (x - 2) / (x - 2) / (x - 2) / (x - 2) / (x - 2) / (x - 2) / (x - 2) / (x - 2) / (x - 2) / (x - 2) / (x - 2) / (x - 2) / (x - 2) / (x - 2) / (x - 2) / (x - 2) / (x - 2) / (x - 2) / (x - 2) / (x - 2) / (x - 2) / (x - 2) / (x - 2) / (x - 2) / (x - 2) / (x - 2) / (x - 2) / (x - 2) / (x - 2) / (x - 2) / (x - 2) / (x - 2) / (x - 2) / (x - 2) / (x - 2) / (x - 2) / (x - 2) / (x - 2) / (x - 2) / (x - 2) / (x - 2) / (x - 2) / (x - 2) / (x - 2) / (x - 2) / (x - 2) / (x - 2) / (x - 2) / (x - 2) / (x - 2) / (x - 2) / (x - 2) / (x - 2) / (x - 2) / (x - 2) / (x - 2) / (x - 2) / (x - 2) / (x - 2) / (x - 2) / (x - 2) / (x - 2) / (x - 2) / (x - 2) / (x - 2) / (x - 2) / (x - 2) / (x - 2) / (x - 2) / (x - 2) / (x - 2) / (x - 2) / (x - 2) / (x - 2) / (x - 2) / (x - 2) / (x - 2) / (x - 2) / (x - 2) / (x - 2) / (x - 2) / (x - 2) / (x - 2) / (x - 2) / (x - 2) / (x - 2) / (x - 2) / (x - 2) / (x - 2) / (x - 2) / (x - 2) / (x - 2) / (x - 2) / (x - 2) / (x - 2) / (x - 2) / (x - 2) / (x - 2) / (x - 2) / (x - 2) / (x - 2) / (x - 2) / (x - 2) / (x - 2) / (x - 2) / (x - 2) / (x - 2) / (x - 2) / (x - 2) / (x - 2) / (x - 2) / (x - 2) / (x - 2) / (x - 2) / (x - 2) / (x - 2) / (x - 2) / (x - 2) / (x - 2) / (x - 2) / (x - 2) / (x - 2) / (x - 2) / (x - 2) / (x - 2) / (x - 2) / (x - 2) / (x - 2) / (x - 2) / (x - 2) / (x - 2) / (x - 2) / (x - 2) / (x - 2) / (x - 2) / (x - 2) / (x - 2) / (x - 2) / (x - 2) / (x - 2) / (x - 2) / (x - 2) / (x - 2) / (x - 2) / (x - 2) / (x - 2) / (x - 2) / (x - 2) / (x - 2) / (x - 2) / (x - 2) / (x - 2) / (x - 2) / (x - 2) / (x - 2) / (x - 2) / (x - 2) / (x - 2) / (x - 2) / (x - 2) / (x - 2) / (x - 2) / (x - 2) / (x - 2) / (x - 2) / (x - 2) / (x - 2) / (x - 2) / (x - 2) / (x - 2) / (x - 2) / (x - 2) / (x - 2) / (x - 2) / (x - 2) / (x - 2) / (x - 2) / (x - 2) / (x - 2) / (x - 2) / (x - 2) / (x - 2) / (x - 2) / (x - 2) / (x - 2) / (x - 2) / (x - 2) / (x - 2) / (x - 2) / (x - 2) / (x - 2) / (x - 2) / (x - 2) / (x - 2) / (x - 2) / (x - 2) / (x - 2) / (x - 2) / (x - 2) / (x - 2) / (x - 2) / (x - 2) / (x - 2) / (x - 2) / (x - 2) / (x - 2) / (x - 2) / (x - 2) / (x - 2) / (x - 2) / (x - 2) / (x - 2) / (x - 2) / (x - 2) / (x - 2) / (x - 2) / (x - 2) / (x - 2) / (x - 2) / (x - 2) / (x - 2) / (x - 2) / (x - 2) / (x - 2) / (x - 2) / (x - 2) / (x - 2) / (x - 2) / (x - 2) / (x - 2) / (x - 2) / (x - 2) / (x - 2) / (x - 2) / (x - 2) / (x - 2) / (x - 2) / (x - 2) / (x - 2) / (x - 2) / (x - 2) / (x - 2) / (x - 2) / (x - 2) / (x - 2) / (x - 2) / (x - 2) / (x - 2) / (x - 2) / (x - 2) / (x - 2) / (x - 2) / (x - 2) / (x - 2) / (x - 2) / (x - 2) / (x - 2) / (x - 2) / (x - 2) / (x - 2) / (x - 2) / (x - 2) / (x - 2) / (x - 2) / (x - 2) / (x - 2) / (x - 2) / (x - 2) / (x - 2) / (x - 2) / (x - 2) / (x - 2) / (x - 2) / (x - 2) / (x - 2) / (x - 2) / (x - 2) / (x - 2) / (x - 2) / (x - 2) / (x - 2) / (x - 2) / (x - 2) / (x - 2
2026-08-06 07:10:43.696 | DEBUG    | mineru_vl_utils.mineru_client:parse_layout_output:239 - Layout raw output: 
<|box_start|>200 068 219 081<|box_end|><|ref_start|>page_number<|ref_end|><|rotate_up|>
<|box_start|>220 068 239 081<|box_end|><|ref_start|>page_number<|ref_end|><|rotate_up|>
<|box_start|>240 068 259 081<|box_end|><|ref_start|>page_number<|ref_end|><|rotate_up|>
<|box_start|>260 068 279 081<|box_end|><|ref_start|>page_number<|ref_end|><|rotate_up|>
<|box_start|>280 068 299 081<|box_end|><|ref_start|>page_number<|ref_end|><|rotate_up|>
<|box_start|>300 068 319 081<|box_end|><|ref_start|>page_number<|ref_end|><|rotate_up|>
<|box_start|>320 068 339 081<|box_end|><|ref_start|>page_number<|ref_end|><|rotate_up|>
<|box_start|>340 068 359 081<|box_end|><|ref_start|>page_number<|ref_end|><|rotate_up|>
<|box_start|>360 068 379 081<|box_end|><|ref_start|>page_number<|ref_end|><|rotate_up|>
<|box_start|>380 068 400 081<|box_end|><|ref_start|>page_number<|ref_end|><|rotate_up|>
<|box_start|>401 068 419 081<|box_end|><|ref_start|>page_number<|ref_end|><|rotate_up|>
<|box_start|>420 068 439 081<|box_end|><|ref_start|>page_number<|ref_end|><|rotate_up|>
<|box_start|>440 068 459 081<|box_end|><|ref_start|>page_number<|ref_end|><|rotate_up|>
<|box_start|>460 068 479 081<|box_end|><|ref_start|>page_number<|ref_end|><|rotate_up|>
<|box_start|>480 068 500 081<|box_end|><|ref_start|>page_number<|ref_end|><|rotate_up|>
<|box_start|>501 068 519 081<|box_end|><|ref_start|>page_number<|ref_end|><|rotate_up|>
<|box_start|>520 068 539 081<|box_end|><|ref_start|>page_number<|ref_end|><|rotate_up|>
<|box_start|>540 068 559 081<|box_end|><|ref_start|>page_number<|ref_end|><|rotate_up|>
<|box_start|>560 068 579 081<|box_end|><|ref_start|>page_number<|ref_end|><|rotate_up|>
<|box_start|>580 068 600 081<|box_end|><|ref_start|>page_number<|ref_end|><|rotate_up|>
<|box_start|>601 068 619 081<|box_end|><|ref_start|>page_number<|ref_end|><|rotate_up|>
<|box_start|>620 068 639 081<|box_end|><|ref_start|>page_number<|ref_end|><|rotate_up|>
<|box_start|>640 068 659 081<|box_end|><|ref_start|>page_number<|ref_end|><|rotate_up|>
<|box_start|>660 068 679 081<|box_end|><|ref_start|>page_number<|ref_end|><|rotate_up|>
<|box_start|>680 068 700 081<|box_end|><|ref_start|>page_number<|ref_end|><|rotate_up|>
<|box_start|>701 068 719 081<|box_end|><|ref_start|>page_number<|ref_end|><|rotate_up|>
<|box_start|>720 068 739 081<|box_end|><|ref_start|>page_number<|ref_end|><|rotate_up|>
<|box_start|>740 068 759 081<|box_end|><|ref_start|>page_number<|ref_end|><|rotate_up|>
<|box_start|>760 068 779 081<|box_end|><|ref_start|>page_number<|ref_end|><|rotate_up|>
<|box_start|>780 068 800 081<|box_end|><|ref_start|>page_number<|ref_end|><|rotate_up|>
<|box_start|>801 068 819 081<|box_end|><|ref_start|>page_number<|ref_end|><|rotate_up|>
<|box_start|>820 068 839 081<|box_end|><|ref_start|>page_number<|ref_end|><|rotate_up|>
<|box_start|>840 068 859 081<|box_end|><|ref_start|>page_number<|ref_end|><|rotate_up|>
<|box_start|>860 068 879 081<|box_end|><|ref_start|>page_number<|ref_end|><|rotate_up|>
<|box_start|>880 068 899 081<|box_end|><|ref_start|>page_number<|ref_end|><|rotate_up|>
<|box_start|>900 068 919 081<|box_end|><|ref_start|>page_number<|ref_end|><|rotate_up|>
<|box_start|>920 068 939 081<|box_end|><|ref_start|>page_number<|ref_end|><|rotate_up|>
<|box_start|>940 068 959 081<|box_end|><|ref_start|>page_number<|ref_end|><|rotate_up|>
<|box_start|>960 068 979 081<|box_end|><|ref_start|>page_number<|ref_end|><|rotate_up|>
<|box_start|>980 068 999 081<|box_end|><|ref_start|>page_number<|ref_end|><|rotate_up|>
<|box_start|>200 081 219 084<|box_end|><|ref_start|>page_number<|ref_end|><|rotate_up|>
<|box_start|>220 081 239 084<|box_end|><|ref_start|>page_number<|ref_end|><|rotate_up|>
<|box_start|>240 081 259 084<|box_end|><|ref_start|>page_number<|ref_end|><|rotate_up|>
<|box_start|>260 081 279 084<|box_end|><|ref_start|>page_number<|ref_end|><|rotate_up|>
<|box_start|>280 081 300 084<|box_end|><|ref_start|>page_number<|ref_end|><|rotate_up|>
<|box_start|>301 081 319 084<|box_end|><|ref_start|>page_number<|ref_end|><|rotate_up|>
<|box_start|>320 081 339 084<|box_end|><|ref_start|>page_number<|ref_end|><|rotate_up|>
<|box_start|>340 081 359 084<|box_end|><|ref_start|>page_number<|ref_end|><|rotate_up|>
<|box_start|>360 081 379 084<|box_end|><|ref_start|>page_number<|ref_end|><|rotate_up|>
<|box_start|>380 081 400 084<|box_end|><|ref_start|>page_number<|ref_end|><|rotate_up|>
<|box_start|>401 081 419 084<|box_end|><|ref_start|>page_number<|ref_end|><|rotate_up|>
<|box_start|>420 081 439 084<|box_end|><|ref_start|>page_number<|ref_end|><|rotate_up|>
<|box_start|>440 081 459 084<|box_end|><|ref_start|>page_number<|ref_end|><|rotate_up|>
<|box_start|>460 081 479 084<|box_end|><|ref_start|>page_number<|ref_end|><|rotate_up|>
<|box_start|>480 081 500 084<|box_end|><|ref_start|>page_number<|ref_end|><|rotate_up|>
<|box_start|>501 081 519 084<|box_end|><|ref_start|>page_number<|ref_end|><|rotate_up|>
<|box_start|>520 081 539 084<|box_end|><|ref_start|>page_number<|ref_end|><|rotate_up|>
<|box_start|>540 081 559 084<|box_end|><|ref_start|>page_number<|ref_end|><|rotate_up|>
<|box_start|>560 081 579 084<|box_end|><|ref_start|>page_number<|ref_end|><|rotate_up|>
<|box_start|>580 081 600 084<|box_end|><|ref_start|>page_number<|ref_end|><|rotate_up|>
<|box_start|>601 081 619 084<|box_end|><|ref_start|>page_number<|ref_end|><|rotate_up|>
<|box_start|>620 081 639 084<|box_end|><|ref_start|>page_number<|ref_end|><|rotate_up|>
<|box_start|>640 081 659 084<|box_end|><|ref_start|>page_number<|ref_end|><|rotate_up|>
<|box_start|>660 081 679 084<|box_end|><|ref_start|>page_number<|ref_end|><|rotate_up|>
<|box_start|>680 081 700 084<|box_end|><|ref_start|>page_number<|ref_end|><|rotate_up|>
<|box_start|>701 081 719 084<|box_end|><|ref_start|>page_number<|ref_end|><|rotate_up|>
<|box_start|>720 081 739 084<|box_end|><|ref_start|>page_number<|ref_end|><|rotate_up|>
<|box_start|>740 081 759 084<|box_end|><|ref_start|>page_number<|ref_end|><|rotate_up|>
<|box_start|>760 081 779 084<|box_end|><|ref_start|>page_number<|ref_end|><|rotate_up|>
<|box_start|>780 081 800 084<|box_end|><|ref_start|>page_number<|ref_end|><|rotate_up|>
<|box_start|>801 081 819 084<|box_end|><|ref_start|>page_number<|ref_end|><|rotate_up|>
<|box_start|>820 081 839 084<|box_end|><|ref_start|>page_number<|ref_end|><|rotate_up|>
<|box_start|>840 081 859 084<|box_end|><|ref_start|>page_number<|ref_end|><|rotate_up|>
<|box_start|>860 081 879 084<|box_end|><|ref_start|>page_number<|ref_end|><|rotate_up|>
<|box_start|>880 081 899 084<|box_end|><|ref_start|>page_number<|ref_end|><|rotate_up|>
<|box_start|>900 081 919 084<|box_end|><|ref_start|>page_number<|ref_end|><|rotate_up|>
<|box_start|>920 081 939 084<|box_end|><|ref_start|>page_number<|ref_end|><|rotate_up|>
<|box_start|>940 081 959 084<|box_end|><|ref_start|>page_number<|ref_end|><|rotate_up|>
<|box_start|>960 081 979 084<|box_end|><|ref_start|>page_number<|ref_end|><|rotate_up|>
<|box_start|>980 081 999 084<|box_end|><|ref_start|>page_number<|ref_end|><|rotate_up|>
<|box_start|>200 084 219 087<|box_end|><|ref_start|>page_number<|ref_end|><|rotate_up|>
<|box_start|>220 084 239 087<|box_end|><|ref_start|>page_number<|ref_end|><|rotate_up|>
<|box_start|>240 084 259 087<|box_end|><|ref_start|>page_number<|ref_end|><|rotate_up|>
<|box_start|>260 084 279 087<|box_end|><|ref_start|>page_number<|ref_end|><|rotate_up|>
<|box_start|>280 084 300 087<|box_end|><|ref_start|>page_number<|ref_end|><|rotate_up|>
<|box_start|>301 084 319 087<|box_end|><|ref_start|>page_number<|ref_end|><|rotate_up|>
<|box_start|>320 084 339 087<|box_end|><|ref_start|>page_number<|ref_end|><|rotate_up|>
<|box_start|>340 084 359 087<|box_end|><|ref_start|>page_number<|ref_end|><|rotate_up|>
<|box_start|>360 084 379 087<|box_end|><|ref_start|>page_number<|ref_end|><|rotate_up|>
<|box_start|>380 084 400 087<|box_end|><|ref_start|>page_number<|ref_end|><|rotate_up|>
<|box_start|>401 084 419 087<|box_end|><|ref_start|>page_number<|ref_end|><|rotate_up|>
<|box_start|>420 084 439 087<|box_end|><|ref_start|>page_number<|ref_end|><|rotate_up|>
<|box_start|>440 084 459 087<|box_end|><|ref_start|>page_number<|ref_end|><|rotate_up|>
<|box_start|>460 084 479 087<|box_end|><|ref_start|>page_number<|ref_end|><|rotate_up|>
<|box_start|>480 084 500 087<|box_end|><|ref_start|>page_number<|ref_end|><|rotate_up|>
<|box_start|>501 084 519 087<|box_end|><|ref_start|>page_number<|ref_end|><|rotate_up|>
<|box_start|>520 084 539 087<|box_end|><|ref_start|>page_number<|ref_end|><|rotate_up|>
<|box_start|>540 084 559 087<|box_end|><|ref_start|>page_number<|ref_end|><|rotate_up|>
<|box_start|>560 084 579 087<|box_end|><|ref_start|>page_number<|ref_end|><|rotate_up|>
<|box_start|>580 084 600 087<|box_end|><|ref_start|>page_number<|ref_end|><|rotate_up|>
<|box_start|>601 084 619 087<|box_end|><|ref_start|>page_number<|ref_end|><|rotate_up|>
<|box_start|>620 084 639 087<|box_end|><|ref_start|>page_number<|ref_end|><|rotate_up|>
<|box_start|>640 084 659 087<|box_end|><|ref_start|>page_number<|ref_end|><|rotate_up|>
<|box_start|>660 084 679 087<|box_end|><|ref_start|>page_number<|ref_end|><|rotate_up|>
<|box_start|>680 084 700 087<|box_end|><|ref_start|>page_number<|ref_end|><|rotate_up|>
<|box_start|>701 084 719 087<|box_end|><|ref_start|>page_number<|ref_end|><|rotate_up|>
<|box_start|>720 084 739 087<|box_end|><|ref_start|>page_number<|ref_end|><|rotate_up|>
<|box_start|>740 084 759 087<|box_end|><|ref_start|>page_number<|ref_end|><|rotate_up|>
<|box_start|>760 084 779 087<|box_end|><|ref_start|>page_number<|ref_end|><|rotate_up|>
<|box_start|>780 084 800 087<|box_end|><|ref_start|>page_number<|ref_end|><|rotate_up|>
<|box_start|>801 084 819 087<|box_end|><|ref_start|>page_number<|ref_end|><|rotate_up|>
<|box_start|>820 084 839 087<|box_end|><|ref_start|>page_number<|ref_end|><|rotate_up|>
<|box_start|>840 084 859 087<|box_end|><|ref_start|>page_number<|ref_end|><|rotate_up|>
<|box_start|>860 084 879 087<|box_end|><|ref_start|>page_number<|ref_end|><|rotate_up|>
<|box_start|>880 084 899 087<|box_end|><|ref_start|>page_number<|ref_end|><|rotate_up|>
<|box_start|>900 084 919 087<|box_end|><|ref_start|>page_number<|ref_end|><|rotate_up|>
<|box_start|>920 084 939 087<|box_end|><|ref_start|>page_number<|ref_end|><|rotate_up|>
<|box_start|>940 084 959 087<|box_end|><|ref_start|>page_number<|ref_end|><|rotate_up|>
<|box_start|>200 087 219 089<|box_end|><|ref_start|>page_number<|ref_end|><|rotate_up|>
<|box_start|>220 087 239 089<|box_end|><|ref_start|>page_number<|ref_end|><|rotate_up|>
<|box_start|>240 087 259 089<|box_end|><|ref_start|>page_number<|ref_end|><|rotate_up|>
<|box_start|>260 087 279 089<|box_end|><|ref_start|>page_number<|ref_end|><|rotate_up|>
<|box_start|>280 087 300 089<|box_end|><|ref_start|>page_number<|ref_end|><|rotate_up|>
<|box_start|>301 087 319 089<|box_end|><|ref_start|>page_number<|ref_end|><|rotate_up|>
<|box_start|>320 087 339 089<|box_end|><|ref_start|>page_number<|ref_end|><|rotate_up|>
<|box_start|>340 087 359 089<|box_end|><|ref_start|>page_number<|ref_end|><|rotate_up|>
<|box_start|>360 087 379 089<|box_end|><|ref_start|>page_number<|ref_end|><|rotate_up|>
<|box_start|>380 087 400 089<|box_end|><|ref_start|>page_number<|ref_end|><|rotate_up|>
<|box_start|>401 087 419 089<|box_end|><|ref_start|>page_number<|ref_end|><|rotate_up|>
<|box_start|>420 087 439 089<|box_end|><|ref_start|>page_number<|ref_end|><|rotate_up|>
<|box_start|>440 087 459 089<|box_end|><|ref_start|>page_number<|ref_end|><|rotate_up|>
<|box_start|>460 087 479 089<|box_end|><|ref_start|>page_number<|ref_end|><|rotate_up|>
<|box_start|>480 087 500 089<|box_end|><|ref_start|>page_number<|ref_end|><|rotate_up|>
<|box_start|>501 087 519 089<|box_end|><|ref_start|>page_number<|ref_end|><|rotate_up|>
<|box_start|>520 087 539 089<|box_end|><|ref_start|>page_number<|ref_end|><|rotate_up|>
<|box_start|>540 087 559 089<|box_end|><|ref_start|>page_number<|ref_end|><|rotate_up|>
<|box_start|>560 087 579 089<|box_end|><|ref_start|>page_number<|ref_end|><|rotate_up|>
<|box_start|>580 087 600 089<|box_end|><|ref_start|>page_number<|ref_end|><|rotate_up|>
<|box_start|>601 087 619 089<|box_end|><|ref_start|>page_number<|ref_end|><|rotate_up|>
<|box_start|>620 087 639 089<|box_end|><|ref_start|>page_number<|ref_end|><|rotate_up|>
<|box_start|>640 087 659 089<|box_end|><|ref_start|>page_number<|ref_end|><|rotate_up|>
<|box_start|>660 087 679 089<|box_end|><|ref_start|>page_number<|ref_end|><|rotate_up|>
<|box_start|>680 087 700 089<|box_end|><|ref_start|>page_number<|ref_end|><|rotate_up|>
<|box_start|>701 087 719 089<|box_end|><|ref_start|>page_number<|ref_end|><|rotate_up|>
<|box_start|>720 087 739 089<|box_end|><|ref_start|>page_number<|ref_end|><|rotate_up|>
<|box_start|>740 08
2026-08-06 07:10:43.698 | DEBUG    | mineru_vl_utils.mineru_client:parse_layout_output:239 - Layout raw output: 
<|box_start|>250 063 457 079<|box_end|><|ref_start|>title<|ref_end|><|rotate_up|>
<|box_start|>136 085 199 099<|box_end|><|ref_start|>title<|ref_end|><|rotate_up|>
<|box_start|>133 106 299 121<|box_end|><|ref_start|>text<|ref_end|><|rotate_up|>
<|box_start|>133 123 299 138<|box_end|><|ref_start|>text<|ref_end|><|rotate_up|>
<|box_start|>133 140 299 154<|box_end|><|ref_start|>text<|ref_end|><|rotate_up|>
<|box_start|>133 156 299 170<|box_end|><|ref_start|>text<|ref_end|><|rotate_up|>
<|box_start|>133 172 299 186<|box_end|><|ref_start|>text<|ref_end|><|rotate_up|>
<|box_start|>133 188 299 202<|box_end|><|ref_start|>text<|ref_end|><|rotate_up|>
<|box_start|>133 204 299 218<|box_end|><|ref_start|>text<|ref_end|><|rotate_up|>
<|box_start|>133 220 299 234<|box_end|><|ref_start|>text<|ref_end|><|rotate_up|>
<|box_start|>133 236 299 250<|box_end|><|ref_start|>text<|ref_end|><|rotate_up|>
<|box_start|>133 252 299 266<|box_end|><|ref_start|>text<|ref_end|><|rotate_up|>
<|box_start|>133 268 299 282<|box_end|><|ref_start|>text<|ref_end|><|rotate_up|>
<|box_start|>133 284 299 298<|box_end|><|ref_start|>text<|ref_end|><|rotate_up|>
<|box_start|>133 300 299 314<|box_end|><|ref_start|>text<|ref_end|><|rotate_up|>
<|box_start|>133 316 299 330<|box_end|><|ref_start|>text<|ref_end|><|rotate_up|>
<|box_start|>133 332 299 346<|box_end|><|ref_start|>text<|ref_end|><|rotate_up|>
<|box_start|>133 348 299 362<|box_end|><|ref_start|>text<|ref_end|><|rotate_up|>
<|box_start|>133 364 299 378<|box_end|><|ref_start|>text<|ref_end|><|rotate_up|>
<|box_start|>133 380 299 394<|box_end|><|ref_start|>text<|ref_end|><|rotate_up|>
<|box_start|>133 396 299 410<|box_end|><|ref_start|>text<|ref_end|><|rotate_up|>
<|box_start|>133 412 299 426<|box_end|><|ref_start|>text<|ref_end|><|rotate_up|>
<|box_start|>133 428 299 442<|box_end|><|ref_start|>text<|ref_end|><|rotate_up|>
<|box_start|>133 444 299 458<|box_end|><|ref_start|>text<|ref_end|><|rotate_up|>
<|box_start|>133 460 299 474<|box_end|><|ref_start|>text<|ref_end|><|rotate_up|>
<|box_start|>133 476 299 490<|box_end|><|ref_start|>text<|ref_end|><|rotate_up|>
<|box_start|>133 492 299 506<|box_end|><|ref_start|>text<|ref_end|><|rotate_up|>
<|box_start|>133 508 299 522<|box_end|><|ref_start|>text<|ref_end|><|rotate_up|>
<|box_start|>133 524 299 538<|box_end|><|ref_start|>text<|ref_end|><|rotate_up|>
<|box_start|>133 540 299 554<|box_end|><|ref_start|>text<|ref_end|><|rotate_up|>
<|box_start|>133 556 299 570<|box_end|><|ref_start|>text<|ref_end|><|rotate_up|>
<|box_start|>133 572 299 586<|box_end|><|ref_start|>text<|ref_end|><|rotate_up|>
<|box_start|>133 588 299 602<|box_end|><|ref_start|>text<|ref_end|><|rotate_up|>
<|box_start|>133 604 299 618<|box_end|><|ref_start|>text<|ref_end|><|rotate_up|>
<|box_start|>133 620 299 634<|box_end|><|ref_start|>text<|ref_end|><|rotate_up|>
<|box_start|>133 636 299 650<|box_end|><|ref_start|>text<|ref_end|><|rotate_up|>
<|box_start|>133 652 299 666<|box_end|><|ref_start|>text<|ref_end|><|rotate_up|>
<|box_start|>133 668 299 682<|box_end|><|ref_start|>text<|ref_end|><|rotate_up|>
<|box_start|>133 684 299 698<|box_end|><|ref_start|>text<|ref_end|><|rotate_up|>
<|box_start|>133 700 299 714<|box_end|><|ref_start|>text<|ref_end|><|rotate_up|>
<|box_start|>133 716 299 730<|box_end|><|ref_start|>text<|ref_end|><|rotate_up|>
<|box_start|>133 732 299 746<|box_end|><|ref_start|>text<|ref_end|><|rotate_up|>
<|box_start|>133 748 299 762<|box_end|><|ref_start|>text<|ref_end|><|rotate_up|>
<|box_start|>133 764 299 778<|box_end|><|ref_start|>text<|ref_end|><|rotate_up|>
<|box_start|>133 780 299 794<|box_end|><|ref_start|>text<|ref_end|><|rotate_up|>
<|box_start|>133 796 299 810<|box_end|><|ref_start|>text<|ref_end|><|rotate_up|>
<|box_start|>133 812 299 826<|box_end|><|ref_start|>text<|ref_end|><|rotate_up|>
<|box_start|>133 828 299 842<|box_end|><|ref_start|>text<|ref_end|><|rotate_up|>
<|box_start|>133 844 299 858<|box_end|><|ref_start|>text<|ref_end|><|rotate_up|>
<|box_start|>133 860 299 874<|box_end|><|ref_start|>text<|ref_end|><|rotate_up|>
<|box_start|>133 876 299 890<|box_end|><|ref_start|>text<|ref_end|><|rotate_up|>
<|box_start|>133 892 299 906<|box_end|><|ref_start|>text<|ref_end|><|rotate_up|>
<|box_start|>133 908 299 922<|box_end|><|ref_start|>text<|ref_end|><|rotate_up|>
<|box_start|>133 924 299 938<|box_end|><|ref_start|>text<|ref_end|><|rotate_up|>
<|box_start|>133 940 299 954<|box_end|><|ref_start|>text<|ref_end|><|rotate_up|>
<|box_start|>133 956 299 970<|box_end|><|ref_start|>text<|ref_end|><|rotate_up|>
<|box_start|>133 972 299 986<|box_end|><|ref_start|>text<|ref_end|><|rotate_up|>
<|box_start|>133 988 299 102<|box_end|><|ref_start|>text<|ref_end|><|rotate_up|>
<|box_start|>133 104 299 118<|box_end|><|ref_start|>text<|ref_end|><|rotate_up|>
<|box_start|>133 120 299 134<|box_end|><|ref_start|>text<|ref_end|><|rotate_up|>
<|box_start|>133 136 299 150<|box_end|><|ref_start|>text<|ref_end|><|rotate_up|>
<|box_start|>133 152 299 166<|box_end|><|ref_start|>text<|ref_end|><|rotate_up|>
<|box_start|>133 168 299 182<|box_end|><|ref_start|>text<|ref_end|><|rotate_up|>
<|box_start|>133 184 299 198<|box_end|><|ref_start|>text<|ref_end|><|rotate_up|>
<|box_start|>133 200 299 214<|box_end|><|ref_start|>text<|ref_end|><|rotate_up|>
<|box_start|>133 216 299 230<|box_end|><|ref_start|>text<|ref_end|><|rotate_up|>
<|box_start|>133 232 299 246<|box_end|><|ref_start|>text<|ref_end|><|rotate_up|>
<|box_start|>133 248 299 262<|box_end|><|ref_start|>text<|ref_end|><|rotate_up|>
<|box_start|>133 264 299 278<|box_end|><|ref_start|>text<|ref_end|><|rotate_up|>
<|box_start|>133 280 299 294<|box_end|><|ref_start|>text<|ref_end|><|rotate_up|>
<|box_start|>133 296 299 310<|box_end|><|ref_start|>text<|ref_end|><|rotate_up|>
<|box_start|>133 312 299 326<|box_end|><|ref_start|>text<|ref_end|><|rotate_up|>
<|box_start|>133 328 299 342<|box_end|><|ref_start|>text<|ref_end|><|rotate_up|>
<|box_start|>133 344 299 358<|box_end|><|ref_start|>text<|ref_end|><|rotate_up|>
<|box_start|>133 360 299 374<|box_end|><|ref_start|>text<|ref_end|><|rotate_up|>
<|box_start|>133 376 299 390<|box_end|><|ref_start|>text<|ref_end|><|rotate_up|>
<|box_start|>133 392 299 406<|box_end|><|ref_start|>text<|ref_end|><|rotate_up|>
<|box_start|>133 408 299 422<|box_end|><|ref_start|>text<|ref_end|><|rotate_up|>
<|box_start|>133 424 299 438<|box_end|><|ref_start|>text<|ref_end|><|rotate_up|>
<|box_start|>133 440 299 454<|box_end|><|ref_start|>text<|ref_end|><|rotate_up|>
<|box_start|>133 456 299 470<|box_end|><|ref_start|>text<|ref_end|><|rotate_up|>
<|box_start|>133 472 299 486<|box_end|><|ref_start|>text<|ref_end|><|rotate_up|>
<|box_start|>133 488 299 502<|box_end|><|ref_start|>text<|ref_end|><|rotate_up|>
<|box_start|>133 504 299 518<|box_end|><|ref_start|>text<|ref_end|><|rotate_up|>
<|box_start|>133 520 299 534<|box_end|><|ref_start|>text<|ref_end|><|rotate_up|>
<|box_start|>133 536 299 550<|box_end|><|ref_start|>text<|ref_end|><|rotate_up|>
<|box_start|>133 552 299 566<|box_end|><|ref_start|>text<|ref_end|><|rotate_up|>
<|box_start|>133 568 299 582<|box_end|><|ref_start|>text<|ref_end|><|rotate_up|>
<|box_start|>133 584 299 598<|box_end|><|ref_start|>text<|ref_end|><|rotate_up|>
<|box_start|>133 600 299 614<|box_end|><|ref_start|>text<|ref_end|><|rotate_up|>
<|box_start|>133 616 299 630<|box_end|><|ref_start|>text<|ref_end|><|rotate_up|>
<|box_start|>133 632 299 646<|box_end|><|ref_start|>text<|ref_end|><|rotate_up|>
<|box_start|>133 648 299 662<|box_end|><|ref_start|>text<|ref_end|><|rotate_up|>
<|box_start|>133 664 299 678<|box_end|><|ref_start|>text<|ref_end|><|rotate_up|>
<|box_start|>133 680 299 694<|box_end|><|ref_start|>text<|ref_end|><|rotate_up|>
<|box_start|>133 696 299 710<|box_end|><|ref_start|>text<|ref_end|><|rotate_up|>
<|box_start|>133 712 299 726<|box_end|><|ref_start|>text<|ref_end|><|rotate_up|>
<|box_start|>133 728 299 742<|box_end|><|ref_start|>text<|ref_end|><|rotate_up|>
<|box_start|>133 744 299 758<|box_end|><|ref_start|>text<|ref_end|><|rotate_up|>
<|box_start|>133 760 299 774<|box_end|><|ref_start|>text<|ref_end|><|rotate_up|>
<|box_start|>133 776 299 790<|box_end|><|ref_start|>text<|ref_end|><|rotate_up|>
<|box_start|>133 792 299 806<|box_end|><|ref_start|>text<|ref_end|><|rotate_up|>
<|box_start|>133 808 299 822<|box_end|><|ref_start|>text<|ref_end|><|rotate_up|>
<|box_start|>133 824 299 838<|box_end|><|ref_start|>text<|ref_end|><|rotate_up|>
<|box_start|>133 840 299 854<|box_end|><|ref_start|>text<|ref_end|><|rotate_up|>
<|box_start|>133 856 299 870<|box_end|><|ref_start|>text<|ref_end|><|rotate_up|>
<|box_start|>133 872 299 886<|box_end|><|ref_start|>text<|ref_end|><|rotate_up|>
<|box_start|>133 888 299 902<|box_end|><|ref_start|>text<|ref_end|><|rotate_up|>
<|box_start|>133 904 299 918<|box_end|><|ref_start|>text<|ref_end|><|rotate_up|>
<|box_start|>133 920 299 934<|box_end|><|ref_start|>text<|ref_end|><|rotate_up|>
<|box_start|>133 936 299 950<|box_end|><|ref_start|>text<|ref_end|><|rotate_up|>
<|box_start|>133 952 299 966<|box_end|><|ref_start|>text<|ref_end|><|rotate_up|>
<|box_start|>133 968 299 982<|box_end|><|ref_start|>text<|ref_end|><|rotate_up|>
<|box_start|>133 984 299 998<|box_end|><|ref_start|>text<|ref_end|><|rotate_up|>
<|box_start|>250 999 299 999<|box_end|><|ref_start|>page_number<|ref_end|><|rotate_up|>
<|box_start|>250 999 299 999<|box_end|><|ref_start|>page_number<|ref_end|><|rotate_up|>
<|box_start|>250 999 299 999<|box_end|><|ref_start|>page_number<|ref_end|><|rotate_up|>
<|box_start|>250 999 299 999<|box_end|><|ref_start|>page_number<|ref_end|><|rotate_up|>
<|box_start|>250 999 299 999<|box_end|><|ref_start|>page_number<|ref_end|><|rotate_up|>
<|box_start|>250 999 299 999<|box_end|><|ref_start|>page_number<|ref_end|><|rotate_up|>
<|box_start|>250 999 299 999<|box_end|><|ref_start|>page_number<|ref_end|><|rotate_up|>
<|box_start|>250 999 299 999<|box_end|><|ref_start|>page_number<|ref_end|><|rotate_up|>
<|box_start|>250 999 299 999<|box_end|><|ref_start|>page_number<|ref_end|><|rotate_up|>
<|box_start|>250 999 299 999<|box_end|><|ref_start|>page_number<|ref_end|><|rotate_up|>
<|box_start|>250 999 299 999<|box_end|><|ref_start|>page_number<|ref_end|><|rotate_up|>
<|box_start|>250 999 299 999<|box_end|><|ref_start|>page_number<|ref_end|><|rotate_up|>
<|box_start|>250 999 299 999<|box_end|><|ref_start|>page_number<|ref_end|><|rotate_up|>
<|box_start|>250 999 299 999<|box_end|><|ref_start|>page_number<|ref_end|><|rotate_up|>
<|box_start|>250 999 299 999<|box_end|><|ref_start|>page_number<|ref_end|><|rotate_up|>
<|box_start|>250 999 299 999<|box_end|><|ref_start|>page_number<|ref_end|><|rotate_up|>
<|box_start|>250 999 299 999<|box_end|><|ref_start|>page_number<|ref_end|><|rotate_up|>
<|box_start|>250 999 299 999<|box_end|><|ref_start|>page_number<|ref_end|><|rotate_up|>
<|box_start|>250 999 299 999<|box_end|><|ref_start|>page_number<|ref_end|><|rotate_up|>
<|box_start|>250 999 299 999<|box_end|><|ref_start|>page_number<|ref_end|><|rotate_up|>
<|box_start|>250 999 299 999<|box_end|><|ref_start|>page_number<|ref_end|><|rotate_up|>
<|box_start|>250 999 299 999<|box_end|><|ref_start|>page_number<|ref_end|><|rotate_up|>
<|box_start|>250 999 299 999<|box_end|><|ref_start|>page_number<|ref_end|><|rotate_up|>
<|box_start|>250 999 299 999<|box_end|><|ref_start|>page_number<|ref_end|><|rotate_up|>
<|box_start|>250 999 299 999<|box_end|><|ref_start|>page_number<|ref_end|><|rotate_up|>
<|box_start|>250 999 299 999<|box_end|><|ref_start|>page_number<|ref_end|><|rotate_up|>
<|box_start|>250 999 299 999<|box_end|><|ref_start|>page_number<|ref_end|><|rotate_up|>
<|box_start|>250 999 299 999<|box_end|><|ref_start|>page_number<|ref_end|><|rotate_up|>
<|box_start|>250 999 299 999<|box_end|><|ref_start|>page_number<|ref_end|><|rotate_up|>
<|box_start|>250 999 299 999<|box_end|><|ref_start|>page_number<|ref_end|><|rotate_up|>
<|box_start|>250 999 299 999<|box_end|><|ref_start|>page_number<|ref_end|><|rotate_up|>
<|box_start|>250 999 299 999<|box_end|><|ref_start|>page_number<|ref_end|><|rotate_up|>
<|box_start|>250 999 299 999<|box_end|><|ref_start|>page_number<|ref_end|><|rotate_up|>
<|box_start|>250 999 299 999<|box_end|><|ref_start|>page_number<|ref_end|><|rotate_up|>
<|box_start|>250 999 299 999<|box_end|><|ref_start|>page_number<|ref_end|><|rotate_up|>
<|box_start|>250 999 299 999<|box_end|><|ref_start|>page_number<|ref_end|><|rotate_up|>
<|box_start|>250 9
2026-08-06 07:10:43.700 | WARNING  | mineru_vl_utils.mineru_client:parse_layout_output:247 - Invalid bbox in layout output line: <|box_start|>250 999 299 999<|box_end|><|ref_start|>page_number<|ref_end|><|rotate_up|>

2026-08-06 07:10:43.700 | WARNING  | mineru_vl_utils.mineru_client:parse_layout_output:247 - Invalid bbox in layout output line: <|box_start|>250 999 299 999<|box_end|><|ref_start|>page_number<|ref_end|><|rotate_up|>

2026-08-06 07:10:43.700 | WARNING  | mineru_vl_utils.mineru_client:parse_layout_output:247 - Invalid bbox in layout output line: <|box_start|>250 999 299 999<|box_end|><|ref_start|>page_number<|ref_end|><|rotate_up|>

2026-08-06 07:10:43.700 | WARNING  | mineru_vl_utils.mineru_client:parse_layout_output:247 - Invalid bbox in layout output line: <|box_start|>250 999 299 999<|box_end|><|ref_start|>page_number<|ref_end|><|rotate_up|>

2026-08-06 07:10:43.700 | WARNING  | mineru_vl_utils.mineru_client:parse_layout_output:247 - Invalid bbox in layout output line: <|box_start|>250 999 299 999<|box_end|><|ref_start|>page_number<|ref_end|><|rotate_up|>

2026-08-06 07:10:43.700 | WARNING  | mineru_vl_utils.mineru_client:parse_layout_output:247 - Invalid bbox in layout output line: <|box_start|>250 999 299 999<|box_end|><|ref_start|>page_number<|ref_end|><|rotate_up|>

2026-08-06 07:10:43.700 | WARNING  | mineru_vl_utils.mineru_client:parse_layout_output:247 - Invalid bbox in layout output line: <|box_start|>250 999 299 999<|box_end|><|ref_start|>page_number<|ref_end|><|rotate_up|>

2026-08-06 07:10:43.700 | WARNING  | mineru_vl_utils.mineru_client:parse_layout_output:247 - Invalid bbox in layout output line: <|box_start|>250 999 299 999<|box_end|><|ref_start|>page_number<|ref_end|><|rotate_up|>

2026-08-06 07:10:43.700 | WARNING  | mineru_vl_utils.mineru_client:parse_layout_output:247 - Invalid bbox in layout output line: <|box_start|>250 999 299 999<|box_end|><|ref_start|>page_number<|ref_end|><|rotate_up|>

2026-08-06 07:10:43.700 | WARNING  | mineru_vl_utils.mineru_client:parse_layout_output:247 - Invalid bbox in layout output line: <|box_start|>250 999 299 999<|box_end|><|ref_start|>page_number<|ref_end|><|rotate_up|>

2026-08-06 07:10:43.701 | WARNING  | mineru_vl_utils.mineru_client:parse_layout_output:247 - Invalid bbox in layout output line: <|box_start|>250 999 299 999<|box_end|><|ref_start|>page_number<|ref_end|><|rotate_up|>

2026-08-06 07:10:43.701 | WARNING  | mineru_vl_utils.mineru_client:parse_layout_output:247 - Invalid bbox in layout output line: <|box_start|>250 999 299 999<|box_end|><|ref_start|>page_number<|ref_end|><|rotate_up|>

2026-08-06 07:10:43.701 | WARNING  | mineru_vl_utils.mineru_client:parse_layout_output:247 - Invalid bbox in layout output line: <|box_start|>250 999 299 999<|box_end|><|ref_start|>page_number<|ref_end|><|rotate_up|>

2026-08-06 07:10:43.701 | WARNING  | mineru_vl_utils.mineru_client:parse_layout_output:247 - Invalid bbox in layout output line: <|box_start|>250 999 299 999<|box_end|><|ref_start|>page_number<|ref_end|><|rotate_up|>

2026-08-06 07:10:43.701 | WARNING  | mineru_vl_utils.mineru_client:parse_layout_output:247 - Invalid bbox in layout output line: <|box_start|>250 999 299 999<|box_end|><|ref_start|>page_number<|ref_end|><|rotate_up|>

2026-08-06 07:10:43.701 | WARNING  | mineru_vl_utils.mineru_client:parse_layout_output:247 - Invalid bbox in layout output line: <|box_start|>250 999 299 999<|box_end|><|ref_start|>page_number<|ref_end|><|rotate_up|>

2026-08-06 07:10:43.701 | WARNING  | mineru_vl_utils.mineru_client:parse_layout_output:247 - Invalid bbox in layout output line: <|box_start|>250 999 299 999<|box_end|><|ref_start|>page_number<|ref_end|><|rotate_up|>

2026-08-06 07:10:43.701 | WARNING  | mineru_vl_utils.mineru_client:parse_layout_output:247 - Invalid bbox in layout output line: <|box_start|>250 999 299 999<|box_end|><|ref_start|>page_number<|ref_end|><|rotate_up|>

2026-08-06 07:10:43.701 | WARNING  | mineru_vl_utils.mineru_client:parse_layout_output:247 - Invalid bbox in layout output line: <|box_start|>250 999 299 999<|box_end|><|ref_start|>page_number<|ref_end|><|rotate_up|>

2026-08-06 07:10:43.701 | WARNING  | mineru_vl_utils.mineru_client:parse_layout_output:247 - Invalid bbox in layout output line: <|box_start|>250 999 299 999<|box_end|><|ref_start|>page_number<|ref_end|><|rotate_up|>

2026-08-06 07:10:43.701 | WARNING  | mineru_vl_utils.mineru_client:parse_layout_output:247 - Invalid bbox in layout output line: <|box_start|>250 999 299 999<|box_end|><|ref_start|>page_number<|ref_end|><|rotate_up|>

2026-08-06 07:10:43.701 | WARNING  | mineru_vl_utils.mineru_client:parse_layout_output:247 - Invalid bbox in layout output line: <|box_start|>250 999 299 999<|box_end|><|ref_start|>page_number<|ref_end|><|rotate_up|>

2026-08-06 07:10:43.701 | WARNING  | mineru_vl_utils.mineru_client:parse_layout_output:247 - Invalid bbox in layout output line: <|box_start|>250 999 299 999<|box_end|><|ref_start|>page_number<|ref_end|><|rotate_up|>

2026-08-06 07:10:43.701 | WARNING  | mineru_vl_utils.mineru_client:parse_layout_output:247 - Invalid bbox in layout output line: <|box_start|>250 999 299 999<|box_end|><|ref_start|>page_number<|ref_end|><|rotate_up|>

2026-08-06 07:10:43.701 | WARNING  | mineru_vl_utils.mineru_client:parse_layout_output:247 - Invalid bbox in layout output line: <|box_start|>250 999 299 999<|box_end|><|ref_start|>page_number<|ref_end|><|rotate_up|>

2026-08-06 07:10:43.702 | WARNING  | mineru_vl_utils.mineru_client:parse_layout_output:247 - Invalid bbox in layout output line: <|box_start|>250 999 299 999<|box_end|><|ref_start|>page_number<|ref_end|><|rotate_up|>

2026-08-06 07:10:43.702 | WARNING  | mineru_vl_utils.mineru_client:parse_layout_output:247 - Invalid bbox in layout output line: <|box_start|>250 999 299 999<|box_end|><|ref_start|>page_number<|ref_end|><|rotate_up|>

2026-08-06 07:10:43.702 | WARNING  | mineru_vl_utils.mineru_client:parse_layout_output:247 - Invalid bbox in layout output line: <|box_start|>250 999 299 999<|box_end|><|ref_start|>page_number<|ref_end|><|rotate_up|>

2026-08-06 07:10:43.702 | WARNING  | mineru_vl_utils.mineru_client:parse_layout_output:247 - Invalid bbox in layout output line: <|box_start|>250 999 299 999<|box_end|><|ref_start|>page_number<|ref_end|><|rotate_up|>

2026-08-06 07:10:43.702 | WARNING  | mineru_vl_utils.mineru_client:parse_layout_output:247 - Invalid bbox in layout output line: <|box_start|>250 999 299 999<|box_end|><|ref_start|>page_number<|ref_end|><|rotate_up|>

2026-08-06 07:10:43.702 | WARNING  | mineru_vl_utils.mineru_client:parse_layout_output:247 - Invalid bbox in layout output line: <|box_start|>250 999 299 999<|box_end|><|ref_start|>page_number<|ref_end|><|rotate_up|>

2026-08-06 07:10:43.702 | WARNING  | mineru_vl_utils.mineru_client:parse_layout_output:247 - Invalid bbox in layout output line: <|box_start|>250 999 299 999<|box_end|><|ref_start|>page_number<|ref_end|><|rotate_up|>

2026-08-06 07:10:43.702 | WARNING  | mineru_vl_utils.mineru_client:parse_layout_output:247 - Invalid bbox in layout output line: <|box_start|>250 999 299 999<|box_end|><|ref_start|>page_number<|ref_end|><|rotate_up|>

2026-08-06 07:10:43.702 | WARNING  | mineru_vl_utils.mineru_client:parse_layout_output:247 - Invalid bbox in layout output line: <|box_start|>250 999 299 999<|box_end|><|ref_start|>page_number<|ref_end|><|rotate_up|>

2026-08-06 07:10:43.702 | WARNING  | mineru_vl_utils.mineru_client:parse_layout_output:247 - Invalid bbox in layout output line: <|box_start|>250 999 299 999<|box_end|><|ref_start|>page_number<|ref_end|><|rotate_up|>

2026-08-06 07:10:43.702 | WARNING  | mineru_vl_utils.mineru_client:parse_layout_output:247 - Invalid bbox in layout output line: <|box_start|>250 999 299 999<|box_end|><|ref_start|>page_number<|ref_end|><|rotate_up|>

2026-08-06 07:10:43.702 | DEBUG    | mineru_vl_utils.mineru_client:parse_layout_output:239 - Layout raw output: 
<|box_start|>374 009 400 024<|box_end|><|ref_start|>text<|ref_end|><|rotate_up|>
<|box_start|>400 009 430 024<|box_end|><|ref_start|>text<|ref_end|><|rotate_up|>
<|box_start|>430 009 460 024<|box_end|><|ref_start|>text<|ref_end|><|rotate_up|>
<|box_start|>460 009 490 024<|box_end|><|ref_start|>text<|ref_end|><|rotate_up|>
<|box_start|>500 009 530 024<|box_end|><|ref_start|>text<|ref_end|><|rotate_up|>
<|box_start|>530 009 560 024<|box_end|><|ref_start|>text<|ref_end|><|rotate_up|>
<|box_start|>560 009 590 024<|box_end|><|ref_start|>text<|ref_end|><|rotate_up|>
<|box_start|>600 009 630 024<|box_end|><|ref_start|>text<|ref_end|><|rotate_up|>
<|box_start|>630 009 660 024<|box_end|><|ref_start|>text<|ref_end|><|rotate_up|>
<|box_start|>660 009 690 024<|box_end|><|ref_start|>text<|ref_end|><|rotate_up|>
<|box_start|>700 009 730 024<|box_end|><|ref_start|>text<|ref_end|><|rotate_up|>
<|box_start|>730 009 760 024<|box_end|><|ref_start|>text<|ref_end|><|rotate_up|>
<|box_start|>760 009 790 024<|box_end|><|ref_start|>text<|ref_end|><|rotate_up|>
<|box_start|>800 009 830 024<|box_end|><|ref_start|>text<|ref_end|><|rotate_up|>
<|box_start|>830 009 860 024<|box_end|><|ref_start|>text<|ref_end|><|rotate_up|>
<|box_start|>860 009 890 024<|box_end|><|ref_start|>text<|ref_end|><|rotate_up|>
<|box_start|>900 009 930 024<|box_end|><|ref_start|>text<|ref_end|><|rotate_up|>
<|box_start|>930 009 960 024<|box_end|><|ref_start|>text<|ref_end|><|rotate_up|>
<|box_start|>960 009 990 024<|box_end|><|ref_start|>text<|ref_end|><|rotate_up|>
<|box_start|>374 024 400 039<|box_end|><|ref_start|>text<|ref_end|><|rotate_up|>
<|box_start|>400 024 430 039<|box_end|><|ref_start|>text<|ref_end|><|rotate_up|>
<|box_start|>430 024 460 039<|box_end|><|ref_start|>text<|ref_end|><|rotate_up|>
<|box_start|>460 024 490 039<|box_end|><|ref_start|>text<|ref_end|><|rotate_up|>
<|box_start|>500 024 530 039<|box_end|><|ref_start|>text<|ref_end|><|rotate_up|>
<|box_start|>530 024 560 039<|box_end|><|ref_start|>text<|ref_end|><|rotate_up|>
<|box_start|>560 024 590 039<|box_end|><|ref_start|>text<|ref_end|><|rotate_up|>
<|box_start|>600 024 630 039<|box_end|><|ref_start|>text<|ref_end|><|rotate_up|>
<|box_start|>630 024 660 039<|box_end|><|ref_start|>text<|ref_end|><|rotate_up|>
<|box_start|>660 024 690 039<|box_end|><|ref_start|>text<|ref_end|><|rotate_up|>
<|box_start|>700 024 730 039<|box_end|><|ref_start|>text<|ref_end|><|rotate_up|>
<|box_start|>730 024 760 039<|box_end|><|ref_start|>text<|ref_end|><|rotate_up|>
<|box_start|>760 024 790 039<|box_end|><|ref_start|>text<|ref_end|><|rotate_up|>
<|box_start|>800 024 830 039<|box_end|><|ref_start|>text<|ref_end|><|rotate_up|>
<|box_start|>830 024 860 039<|box_end|><|ref_start|>text<|ref_end|><|rotate_up|>
<|box_start|>860 024 890 039<|box_end|><|ref_start|>text<|ref_end|><|rotate_up|>
<|box_start|>900 024 930 039<|box_end|><|ref_start|>text<|ref_end|><|rotate_up|>
<|box_start|>930 024 960 039<|box_end|><|ref_start|>text<|ref_end|><|rotate_up|>
<|box_start|>374 039 400 054<|box_end|><|ref_start|>text<|ref_end|><|rotate_up|>
<|box_start|>400 039 430 054<|box_end|><|ref_start|>text<|ref_end|><|rotate_up|>
<|box_start|>430 039 460 054<|box_end|><|ref_start|>text<|ref_end|><|rotate_up|>
<|box_start|>460 039 490 054<|box_end|><|ref_start|>text<|ref_end|><|rotate_up|>
<|box_start|>500 039 530 054<|box_end|><|ref_start|>text<|ref_end|><|rotate_up|>
<|box_start|>530 039 560 054<|box_end|><|ref_start|>text<|ref_end|><|rotate_up|>
<|box_start|>560 039 590 054<|box_end|><|ref_start|>text<|ref_end|><|rotate_up|>
<|box_start|>600 039 630 054<|box_end|><|ref_start|>text<|ref_end|><|rotate_up|>
<|box_start|>630 039 660 054<|box_end|><|ref_start|>text<|ref_end|><|rotate_up|>
<|box_start|>660 039 690 054<|box_end|><|ref_start|>text<|ref_end|><|rotate_up|>
<|box_start|>700 039 730 054<|box_end|><|ref_start|>text<|ref_end|><|rotate_up|>
<|box_start|>730 039 760 054<|box_end|><|ref_start|>text<|ref_end|><|rotate_up|>
<|box_start|>760 039 790 054<|box_end|><|ref_start|>text<|ref_end|><|rotate_up|>
<|box_start|>800 039 830 054<|box_end|><|ref_start|>text<|ref_end|><|rotate_up|>
<|box_start|>830 039 860 054<|box_end|><|ref_start|>text<|ref_end|><|rotate_up|>
<|box_start|>860 039 890 054<|box_end|><|ref_start|>text<|ref_end|><|rotate_up|>
<|box_start|>900 039 930 054<|box_end|><|ref_start|>text<|ref_end|><|rotate_up|>
<|box_start|>374 039 400 054<|box_end|><|ref_start|>text<|ref_end|><|rotate_up|>
<|box_start|>400 039 430 054<|box_end|><|ref_start|>text<|ref_end|><|rotate_up|>
<|box_start|>430 039 460 054<|box_end|><|ref_start|>text<|ref_end|><|rotate_up|>
<|box_start|>460 039 490 054<|box_end|><|ref_start|>text<|ref_end|><|rotate_up|>
<|box_start|>500 039 530 054<|box_end|><|ref_start|>text<|ref_end|><|rotate_up|>
<|box_start|>530 039 560 054<|box_end|><|ref_start|>text<|ref_end|><|rotate_up|>
<|box_start|>560 039 590 054<|box_end|><|ref_start|>text<|ref_end|><|rotate_up|>
<|box_start|>600 039 630 054<|box_end|><|ref_start|>text<|ref_end|><|rotate_up|>
<|box_start|>630 039 660 054<|box_end|><|ref_start|>text<|ref_end|><|rotate_up|>
<|box_start|>660 039 690 054<|box_end|><|ref_start|>text<|ref_end|><|rotate_up|>
<|box_start|>700 039 730 054<|box_end|><|ref_start|>text<|ref_end|><|rotate_up|>
<|box_start|>730 039 760 054<|box_end|><|ref_start|>text<|ref_end|><|rotate_up|>
<|box_start|>760 039 790 054<|box_end|><|ref_start|>text<|ref_end|><|rotate_up|>
<|box_start|>800 039 830 054<|box_end|><|ref_start|>text<|ref_end|><|rotate_up|>
<|box_start|>830 039 860 054<|box_end|><|ref_start|>text<|ref_end|><|rotate_up|>
<|box_start|>860 039 890 054<|box_end|><|ref_start|>text<|ref_end|><|rotate_up|>
<|box_start|>900 039 930 054<|box_end|><|ref_start|>text<|ref_end|><|rotate_up|>
<|box_start|>374 039 400 054<|box_end|><|ref_start|>text<|ref_end|><|rotate_up|>
<|box_start|>400 039 430 054<|box_end|><|ref_start|>text<|ref_end|><|rotate_up|>
<|box_start|>430 039 460 054<|box_end|><|ref_start|>text<|ref_end|><|rotate_up|>
<|box_start|>460 039 490 054<|box_end|><|ref_start|>text<|ref_end|><|rotate_up|>
<|box_start|>500 039 530 054<|box_end|><|ref_start|>text<|ref_end|><|rotate_up|>
<|box_start|>530 039 560 054<|box_end|><|ref_start|>text<|ref_end|><|rotate_up|>
<|box_start|>560 039 590 054<|box_end|><|ref_start|>text<|ref_end|><|rotate_up|>
<|box_start|>600 039 630 054<|box_end|><|ref_start|>text<|ref_end|><|rotate_up|>
<|box_start|>630 039 660 054<|box_end|><|ref_start|>text<|ref_end|><|rotate_up|>
<|box_start|>660 039 690 054<|box_end|><|ref_start|>text<|ref_end|><|rotate_up|>
<|box_start|>700 039 730 054<|box_end|><|ref_start|>text<|ref_end|><|rotate_up|>
<|box_start|>730 039 760 054<|box_end|><|ref_start|>text<|ref_end|><|rotate_up|>
<|box_start|>760 039 790 054<|box_end|><|ref_start|>text<|ref_end|><|rotate_up|>
<|box_start|>800 039 830 054<|box_end|><|ref_start|>text<|ref_end|><|rotate_up|>
<|box_start|>830 039 860 054<|box_end|><|ref_start|>text<|ref_end|><|rotate_up|>
<|box_start|>860 039 890 054<|box_end|><|ref_start|>text<|ref_end|><|rotate_up|>
<|box_start|>900 039 930 054<|box_end|><|ref_start|>text<|ref_end|><|rotate_up|>
<|box_start|>374 039 400 054<|box_end|><|ref_start|>text<|ref_end|><|rotate_up|>
<|box_start|>400 039 430 054<|box_end|><|ref_start|>text<|ref_end|><|rotate_up|>
<|box_start|>430 039 460 054<|box_end|><|ref_start|>text<|ref_end|><|rotate_up|>
<|box_start|>460 039 490 054<|box_end|><|ref_start|>text<|ref_end|><|rotate_up|>
<|box_start|>500 039 530 054<|box_end|><|ref_start|>text<|ref_end|><|rotate_up|>
<|box_start|>530 039 560 054<|box_end|><|ref_start|>text<|ref_end|><|rotate_up|>
<|box_start|>560 039 590 054<|box_end|><|ref_start|>text<|ref_end|><|rotate_up|>
<|box_start|>600 039 630 054<|box_end|><|ref_start|>text<|ref_end|><|rotate_up|>
<|box_start|>630 039 660 054<|box_end|><|ref_start|>text<|ref_end|><|rotate_up|>
<|box_start|>660 039 690 054<|box_end|><|ref_start|>text<|ref_end|><|rotate_up|>
<|box_start|>700 039 730 054<|box_end|><|ref_start|>text<|ref_end|><|rotate_up|>
<|box_start|>730 039 760 054<|box_end|><|ref_start|>text<|ref_end|><|rotate_up|>
<|box_start|>760 039 790 054<|box_end|><|ref_start|>text<|ref_end|><|rotate_up|>
<|box_start|>800 039 830 054<|box_end|><|ref_start|>text<|ref_end|><|rotate_up|>
<|box_start|>830 039 860 054<|box_end|><|ref_start|>text<|ref_end|><|rotate_up|>
<|box_start|>860 039 890 054<|box_end|><|ref_start|>text<|ref_end|><|rotate_up|>
<|box_start|>900 039 930 054<|box_end|><|ref_start|>text<|ref_end|><|rotate_up|>
<|box_start|>374 039 400 054<|box_end|><|ref_start|>text<|ref_end|><|rotate_up|>
<|box_start|>400 039 430 054<|box_end|><|ref_start|>text<|ref_end|><|rotate_up|>
<|box_start|>430 039 460 054<|box_end|><|ref_start|>text<|ref_end|><|rotate_up|>
<|box_start|>460 039 490 054<|box_end|><|ref_start|>text<|ref_end|><|rotate_up|>
<|box_start|>500 039 530 054<|box_end|><|ref_start|>text<|ref_end|><|rotate_up|>
<|box_start|>530 039 560 054<|box_end|><|ref_start|>text<|ref_end|><|rotate_up|>
<|box_start|>560 039 590 054<|box_end|><|ref_start|>text<|ref_end|><|rotate_up|>
<|box_start|>600 039 630 054<|box_end|><|ref_start|>text<|ref_end|><|rotate_up|>
<|box_start|>630 039 660 054<|box_end|><|ref_start|>text<|ref_end|><|rotate_up|>
<|box_start|>660 039 690 054<|box_end|><|ref_start|>text<|ref_end|><|rotate_up|>
<|box_start|>700 039 730 054<|box_end|><|ref_start|>text<|ref_end|><|rotate_up|>
<|box_start|>730 039 760 054<|box_end|><|ref_start|>text<|ref_end|><|rotate_up|>
<|box_start|>760 039 790 054<|box_end|><|ref_start|>text<|ref_end|><|rotate_up|>
<|box_start|>800 039 830 054<|box_end|><|ref_start|>text<|ref_end|><|rotate_up|>
<|box_start|>830 039 860 054<|box_end|><|ref_start|>text<|ref_end|><|rotate_up|>
<|box_start|>860 039 890 054<|box_end|><|ref_start|>text<|ref_end|><|rotate_up|>
<|box_start|>900 039 930 054<|box_end|><|ref_start|>text<|ref_end|><|rotate_up|>
<|box_start|>374 039 400 054<|box_end|><|ref_start|>text<|ref_end|><|rotate_up|>
<|box_start|>400 039 430 054<|box_end|><|ref_start|>text<|ref_end|><|rotate_up|>
<|box_start|>430 039 460 054<|box_end|><|ref_start|>text<|ref_end|><|rotate_up|>
<|box_start|>460 039 490 054<|box_end|><|ref_start|>text<|ref_end|><|rotate_up|>
<|box_start|>500 039 530 054<|box_end|><|ref_start|>text<|ref_end|><|rotate_up|>
<|box_start|>530 039 560 054<|box_end|><|ref_start|>text<|ref_end|><|rotate_up|>
<|box_start|>560 039 590 054<|box_end|><|ref_start|>text<|ref_end|><|rotate_up|>
<|box_start|>600 039 630 054<|box_end|><|ref_start|>text<|ref_end|><|rotate_up|>
<|box_start|>630 039 660 054<|box_end|><|ref_start|>text<|ref_end|><|rotate_up|>
<|box_start|>660 039 690 054<|box_end|><|ref_start|>text<|ref_end|><|rotate_up|>
<|box_start|>700 039 730 054<|box_end|><|ref_start|>text<|ref_end|><|rotate_up|>
<|box_start|>730 039 760 054<|box_end|><|ref_start|>text<|ref_end|><|rotate_up|>
<|box_start|>760 039 790 054<|box_end|><|ref_start|>text<|ref_end|><|rotate_up|>
<|box_start|>800 039 830 054<|box_end|><|ref_start|>text<|ref_end|><|rotate_up|>
<|box_start|>830 039 860 054<|box_end|><|ref_start|>text<|ref_end|><|rotate_up|>
<|box_start|>860 039 890 054<|box_end|><|ref_start|>text<|ref_end|><|rotate_up|>
<|box_start|>900 039 930 054<|box_end|><|ref_start|>text<|ref_end|><|rotate_up|>
<|box_start|>374 039 400 054<|box_end|><|ref_start|>text<|ref_end|><|rotate_up|>
<|box_start|>400 039 430 054<|box_end|><|ref_start|>text<|ref_end|><|rotate_up|>
<|box_start|>430 039 460 054<|box_end|><|ref_start|>text<|ref_end|><|rotate_up|>
<|box_start|>460 039 490 054<|box_end|><|ref_start|>text<|ref_end|><|rotate_up|>
<|box_start|>500 039 530 054<|box_end|><|ref_start|>text<|ref_end|><|rotate_up|>
<|box_start|>530 039 560 054<|box_end|><|ref_start|>text<|ref_end|><|rotate_up|>
<|box_start|>560 039 590 054<|box_end|><|ref_start|>text<|ref_end|><|rotate_up|>
<|box_start|>600 039 630 054<|box_end|><|ref_start|>text<|ref_end|><|rotate_up|>
<|box_start|>630 039 660 054<|box_end|><|ref_start|>text<|ref_end|><|rotate_up|>
<|box_start|>660 039 690 054<|box_end|><|ref_start|>text<|ref_end|><|rotate_up|>
<|box_start|>700 039 730 054<|box_end|><|ref_start|>text<|ref_end|><|rotate_up|>
<|box_start|>730 039 760 054<|box_end|><|ref_start|>text<|ref_end|><|rotate_up|>
<|box_start|>760 039 790 054<|box_end|><|ref_start|>text<|ref_end|>
2026-08-06 07:10:43.705 | WARNING  | mineru_vl_utils.mineru_client:parse_layout_output:261 - No angle found in layout output line: <|box_start|>760 039 790 054<|box_end|><|ref_start|>text<|ref_end|>
2026-08-06 07:10:43.705 | DEBUG    | mineru_vl_utils.mineru_client:parse_layout_output:239 - Layout raw output: 
<|box_start|>000 000 999 030<|box_end|><|ref_start|>header<|ref_end|><|rotate_up|>
<|box_start|>000 030 999 060<|box_end|><|ref_start|>header<|ref_end|><|rotate_up|>
<|box_start|>000 060 999 090<|box_end|><|ref_start|>header<|ref_end|><|rotate_up|>
<|box_start|>000 090 999 120<|box_end|><|ref_start|>header<|ref_end|><|rotate_up|>
<|box_start|>000 120 999 150<|box_end|><|ref_start|>header<|ref_end|><|rotate_up|>
<|box_start|>000 150 999 180<|box_end|><|ref_start|>header<|ref_end|><|rotate_up|>
<|box_start|>000 180 999 210<|box_end|><|ref_start|>header<|ref_end|><|rotate_up|>
<|box_start|>000 210 999 240<|box_end|><|ref_start|>header<|ref_end|><|rotate_up|>
<|box_start|>000 240 999 270<|box_end|><|ref_start|>header<|ref_end|><|rotate_up|>
<|box_start|>000 270 999 300<|box_end|><|ref_start|>header<|ref_end|><|rotate_up|>
<|box_start|>000 300 999 330<|box_end|><|ref_start|>header<|ref_end|><|rotate_up|>
<|box_start|>000 330 999 360<|box_end|><|ref_start|>header<|ref_end|><|rotate_up|>
<|box_start|>000 360 999 390<|box_end|><|ref_start|>header<|ref_end|><|rotate_up|>
<|box_start|>000 390 999 420<|box_end|><|ref_start|>header<|ref_end|><|rotate_up|>
<|box_start|>000 420 999 450<|box_end|><|ref_start|>header<|ref_end|><|rotate_up|>
<|box_start|>000 450 999 480<|box_end|><|ref_start|>header<|ref_end|><|rotate_up|>
<|box_start|>000 480 999 510<|box_end|><|ref_start|>header<|ref_end|><|rotate_up|>
<|box_start|>000 510 999 540<|box_end|><|ref_start|>header<|ref_end|><|rotate_up|>
<|box_start|>000 540 999 570<|box_end|><|ref_start|>header<|ref_end|><|rotate_up|>
<|box_start|>000 570 999 600<|box_end|><|ref_start|>header<|ref_end|><|rotate_up|>
<|box_start|>000 600 999 630<|box_end|><|ref_start|>header<|ref_end|><|rotate_up|>
<|box_start|>000 630 999 660<|box_end|><|ref_start|>header<|ref_end|><|rotate_up|>
<|box_start|>000 660 999 690<|box_end|><|ref_start|>header<|ref_end|><|rotate_up|>
<|box_start|>000 690 999 720<|box_end|><|ref_start|>header<|ref_end|><|rotate_up|>
<|box_start|>000 720 999 750<|box_end|><|ref_start|>header<|ref_end|><|rotate_up|>
<|box_start|>000 750 999 780<|box_end|><|ref_start|>header<|ref_end|><|rotate_up|>
<|box_start|>000 780 999 810<|box_end|><|ref_start|>header<|ref_end|><|rotate_up|>
<|box_start|>000 810 999 840<|box_end|><|ref_start|>header<|ref_end|><|rotate_up|>
<|box_start|>000 840 999 870<|box_end|><|ref_start|>header<|ref_end|><|rotate_up|>
<|box_start|>000 870 999 900<|box_end|><|ref_start|>header<|ref_end|><|rotate_up|>
<|box_start|>000 900 999 930<|box_end|><|ref_start|>header<|ref_end|><|rotate_up|>
<|box_start|>000 930 999 960<|box_end|><|ref_start|>header<|ref_end|><|rotate_up|>
<|box_start|>000 960 999 990<|box_end|><|ref_start|>header<|ref_end|><|rotate_up|>
<|box_start|>000 030 999 990<|box_end|><|ref_start|>list<|ref_end|><|rotate_up|>
<|box_start|>000 030 999 060<|box_end|><|ref_start|>header<|ref_end|><|rotate_up|>
<|box_start|>000 060 999 090<|box_end|><|ref_start|>header<|ref_end|><|rotate_up|>
<|box_start|>000 090 999 120<|box_end|><|ref_start|>header<|ref_end|><|rotate_up|>
<|box_start|>000 120 999 150<|box_end|><|ref_start|>header<|ref_end|><|rotate_up|>
<|box_start|>000 150 999 180<|box_end|><|ref_start|>header<|ref_end|><|rotate_up|>
<|box_start|>000 180 999 210<|box_end|><|ref_start|>header<|ref_end|><|rotate_up|>
<|box_start|>000 210 999 240<|box_end|><|ref_start|>header<|ref_end|><|rotate_up|>
<|box_start|>000 240 999 270<|box_end|><|ref_start|>header<|ref_end|><|rotate_up|>
<|box_start|>000 270 999 300<|box_end|><|ref_start|>header<|ref_end|><|rotate_up|>
<|box_start|>000 300 999 330<|box_end|><|ref_start|>header<|ref_end|><|rotate_up|>
<|box_start|>000 330 999 360<|box_end|><|ref_start|>header<|ref_end|><|rotate_up|>
<|box_start|>000 360 999 390<|box_end|><|ref_start|>header<|ref_end|><|rotate_up|>
<|box_start|>000 390 999 420<|box_end|><|ref_start|>header<|ref_end|><|rotate_up|>
<|box_start|>000 420 999 450<|box_end|><|ref_start|>header<|ref_end|><|rotate_up|>
<|box_start|>000 450 999 480<|box_end|><|ref_start|>header<|ref_end|><|rotate_up|>
<|box_start|>000 480 999 510<|box_end|><|ref_start|>header<|ref_end|><|rotate_up|>
<|box_start|>000 510 999 540<|box_end|><|ref_start|>header<|ref_end|><|rotate_up|>
<|box_start|>000 540 999 570<|box_end|><|ref_start|>header<|ref_end|><|rotate_up|>
<|box_start|>000 570 999 600<|box_end|><|ref_start|>header<|ref_end|><|rotate_up|>
<|box_start|>000 600 999 630<|box_end|><|ref_start|>header<|ref_end|><|rotate_up|>
<|box_start|>000 630 999 660<|box_end|><|ref_start|>header<|ref_end|><|rotate_up|>
<|box_start|>000 660 999 690<|box_end|><|ref_start|>header<|ref_end|><|rotate_up|>
<|box_start|>000 690 999 720<|box_end|><|ref_start|>header<|ref_end|><|rotate_up|>
<|box_start|>000 720 999 750<|box_end|><|ref_start|>header<|ref_end|><|rotate_up|>
<|box_start|>000 750 999 780<|box_end|><|ref_start|>header<|ref_end|><|rotate_up|>
<|box_start|>000 780 999 810<|box_end|><|ref_start|>header<|ref_end|><|rotate_up|>
<|box_start|>000 810 999 840<|box_end|><|ref_start|>header<|ref_end|><|rotate_up|>
<|box_start|>000 840 999 870<|box_end|><|ref_start|>header<|ref_end|><|rotate_up|>
<|box_start|>000 870 999 900<|box_end|><|ref_start|>header<|ref_end|><|rotate_up|>
<|box_start|>000 900 999 930<|box_end|><|ref_start|>header<|ref_end|><|rotate_up|>
<|box_start|>000 930 999 960<|box_end|><|ref_start|>header<|ref_end|><|rotate_up|>
<|box_start|>000 960 999 990<|box_end|><|ref_start|>header<|ref_end|><|rotate_up|>
<|box_start|>000 030 999 990<|box_end|><|ref_start|>list<|ref_end|><|rotate_up|>
<|box_start|>000 030 999 990<|box_end|><|ref_start|>list<|ref_end|><|rotate_up|>
<|box_start|>000 030 999 060<|box_end|><|ref_start|>header<|ref_end|><|rotate_up|>
<|box_start|>000 060 999 090<|box_end|><|ref_start|>header<|ref_end|><|rotate_up|>
<|box_start|>000 090 999 120<|box_end|><|ref_start|>header<|ref_end|><|rotate_up|>
<|box_start|>000 120 999 150<|box_end|><|ref_start|>header<|ref_end|><|rotate_up|>
<|box_start|>000 150 999 180<|box_end|><|ref_start|>header<|ref_end|><|rotate_up|>
<|box_start|>000 180 999 210<|box_end|><|ref_start|>header<|ref_end|><|rotate_up|>
<|box_start|>000 210 999 240<|box_end|><|ref_start|>header<|ref_end|><|rotate_up|>
<|box_start|>000 240 999 270<|box_end|><|ref_start|>header<|ref_end|><|rotate_up|>
<|box_start|>000 270 999 300<|box_end|><|ref_start|>header<|ref_end|><|rotate_up|>
<|box_start|>000 300 999 330<|box_end|><|ref_start|>header<|ref_end|><|rotate_up|>
<|box_start|>000 330 999 360<|box_end|><|ref_start|>header<|ref_end|><|rotate_up|>
<|box_start|>000 360 999 390<|box_end|><|ref_start|>header<|ref_end|><|rotate_up|>
<|box_start|>000 390 999 420<|box_end|><|ref_start|>header<|ref_end|><|rotate_up|>
<|box_start|>000 420 999 450<|box_end|><|ref_start|>header<|ref_end|><|rotate_up|>
<|box_start|>000 450 999 480<|box_end|><|ref_start|>header<|ref_end|><|rotate_up|>
<|box_start|>000 480 999 510<|box_end|><|ref_start|>header<|ref_end|><|rotate_up|>
<|box_start|>000 510 999 540<|box_end|><|ref_start|>header<|ref_end|><|rotate_up|>
<|box_start|>000 540 999 570<|box_end|><|ref_start|>header<|ref_end|><|rotate_up|>
<|box_start|>000 570 999 600<|box_end|><|ref_start|>header<|ref_end|><|rotate_up|>
<|box_start|>000 600 999 630<|box_end|><|ref_start|>header<|ref_end|><|rotate_up|>
<|box_start|>000 630 999 660<|box_end|><|ref_start|>header<|ref_end|><|rotate_up|>
<|box_start|>000 660 999 690<|box_end|><|ref_start|>header<|ref_end|><|rotate_up|>
<|box_start|>000 690 999 720<|box_end|><|ref_start|>header<|ref_end|><|rotate_up|>
<|box_start|>000 720 999 750<|box_end|><|ref_start|>header<|ref_end|><|rotate_up|>
<|box_start|>000 750 999 780<|box_end|><|ref_start|>header<|ref_end|><|rotate_up|>
<|box_start|>000 780 999 810<|box_end|><|ref_start|>header<|ref_end|><|rotate_up|>
<|box_start|>000 810 999 840<|box_end|><|ref_start|>header<|ref_end|><|rotate_up|>
<|box_start|>000 840 999 870<|box_end|><|ref_start|>header<|ref_end|><|rotate_up|>
<|box_start|>000 870 999 900<|box_end|><|ref_start|>header<|ref_end|><|rotate_up|>
<|box_start|>000 900 999 930<|box_end|><|ref_start|>header<|ref_end|><|rotate_up|>
<|box_start|>000 930 999 960<|box_end|><|ref_start|>header<|ref_end|><|rotate_up|>
<|box_start|>000 960 999 990<|box_end|><|ref_start|>header<|ref_end|><|rotate_up|>
<|box_start|>000 030 999 990<|box_end|><|ref_start|>list<|ref_end|><|rotate_up|>
<|box_start|>000 030 999 990<|box_end|><|ref_start|>list<|ref_end|><|rotate_up|>
<|box_start|>000 030 999 060<|box_end|><|ref_start|>header<|ref_end|><|rotate_up|>
<|box_start|>000 060 999 090<|box_end|><|ref_start|>header<|ref_end|><|rotate_up|>
<|box_start|>000 090 999 120<|box_end|><|ref_start|>header<|ref_end|><|rotate_up|>
<|box_start|>000 120 999 150<|box_end|><|ref_start|>header<|ref_end|><|rotate_up|>
<|box_start|>000 150 999 180<|box_end|><|ref_start|>header<|ref_end|><|rotate_up|>
<|box_start|>000 180 999 210<|box_end|><|ref_start|>header<|ref_end|><|rotate_up|>
<|box_start|>000 210 999 240<|box_end|><|ref_start|>header<|ref_end|><|rotate_up|>
<|box_start|>000 240 999 270<|box_end|><|ref_start|>header<|ref_end|><|rotate_up|>
<|box_start|>000 270 999 300<|box_end|><|ref_start|>header<|ref_end|><|rotate_up|>
<|box_start|>000 300 999 330<|box_end|><|ref_start|>header<|ref_end|><|rotate_up|>
<|box_start|>000 330 999 360<|box_end|><|ref_start|>header<|ref_end|><|rotate_up|>
<|box_start|>000 360 999 390<|box_end|><|ref_start|>header<|ref_end|><|rotate_up|>
<|box_start|>000 390 999 420<|box_end|><|ref_start|>header<|ref_end|><|rotate_up|>
<|box_start|>000 420 999 450<|box_end|><|ref_start|>header<|ref_end|><|rotate_up|>
<|box_start|>000 450 999 480<|box_end|><|ref_start|>header<|ref_end|><|rotate_up|>
<|box_start|>000 480 999 510<|box_end|><|ref_start|>header<|ref_end|><|rotate_up|>
<|box_start|>000 510 999 540<|box_end|><|ref_start|>header<|ref_end|><|rotate_up|>
<|box_start|>000 540 999 570<|box_end|><|ref_start|>header<|ref_end|><|rotate_up|>
<|box_start|>000 570 999 600<|box_end|><|ref_start|>header<|ref_end|><|rotate_up|>
<|box_start|>000 600 999 630<|box_end|><|ref_start|>header<|ref_end|><|rotate_up|>
<|box_start|>000 630 999 660<|box_end|><|ref_start|>header<|ref_end|><|rotate_up|>
<|box_start|>000 660 999 690<|box_end|><|ref_start|>header<|ref_end|><|rotate_up|>
<|box_start|>000 690 999 720<|box_end|><|ref_start|>header<|ref_end|><|rotate_up|>
<|box_start|>000 720 999 750<|box_end|><|ref_start|>header<|ref_end|><|rotate_up|>
<|box_start|>000 750 999 780<|box_end|><|ref_start|>header<|ref_end|><|rotate_up|>
<|box_start|>000 780 999 810<|box_end|><|ref_start|>header<|ref_end|><|rotate_up|>
<|box_start|>000 810 999 840<|box_end|><|ref_start|>header<|ref_end|><|rotate_up|>
<|box_start|>000 840 999 870<|box_end|><|ref_start|>header<|ref_end|><|rotate_up|>
<|box_start|>000 870 999 900<|box_end|><|ref_start|>header<|ref_end|><|rotate_up|>
<|box_start|>000 900 999 930<|box_end|><|ref_start|>header<|ref_end|><|rotate_up|>
<|box_start|>000 930 999 960<|box_end|><|ref_start|>header<|ref_end|><|rotate_up|>
<|box_start|>000 960 999 990<|box_end|><|ref_start|>header<|ref_end|><|rotate_up|>
<|box_start|>000 030 999 990<|box_end|><|ref_start|>list<|ref_end|><|rotate_up|>
<|box_start|>000 030 999 990<|box_end|><|ref_start|>list<|ref_end|><|rotate_up|>
<|box_start|>000 030 999 060<|box_end|><|ref_start|>header<|ref_end|><|rotate_up|>
<|box_start|>000 060 999 090<|box_end|><|ref_start|>header<|ref_end|><|rotate_up|>
<|box_start|>000 090 999 120<|box_end|><|ref_start|>header<|ref_end|><|rotate_up|>
<|box_start|>000 120 999 150<|box_end|><|ref_start|>header<|ref_end|><|rotate_up|>
<|box_start|>000 150 999 180<|box_end|><|ref_start|>header<|ref_end|><|rotate_up|>
<|box_start|>000 180 999 210<|box_end|><|ref_start|>header<|ref_end|><|rotate_up|>
<|box_start|>000 210 999 240<|box_end|><|ref_start|>header<|ref_end|><|rotate_up|>
<|box_start|>000 240 999 270<|box_end|><|ref_start|>header<|ref_end|><|rotate_up|>
<|box_start|>000 270 999 300<|box_end|><|ref_start|>header<|ref_end|><|rotate_up|>
<|box_start|>000 300 999 330<|box_end|><|ref_start|>header<|ref_end|><|rotate_up|>
<|box_start|>000 330 999 360<|box_end|><|ref_start|>header<|ref_end|><|rotate_up|>
<|box_start|>000 360 999 390<|box_end|><|ref_start|>header<|ref_end|><|rotate_up|>
<|box_start|>000 390 999 420<|box_end|><|ref_start|>header<|ref_end|><|rotate_up|>
<|box_start|>000 420 999 450<|box_end|><|ref_start|>header<|ref_end|><|rotate_up|>
<|box_start|>000 450 999 480<|box_end|><|ref_start|>header<|ref_end|><|rotate_up|>
<|box_start|>000 480 999 510<|box_end|><|ref_start|>header<|ref_end|>
2026-08-06 07:10:43.707 | WARNING  | mineru_vl_utils.mineru_client:parse_layout_output:261 - No angle found in layout output line: <|box_start|>000 480 999 510<|box_end|><|ref_start|>header<|ref_end|>
2026-08-06 07:10:43.707 | DEBUG    | mineru_vl_utils.mineru_client:parse_layout_output:239 - Layout raw output: 

2026-08-06 07:10:43.707 | DEBUG    | mineru_vl_utils.mineru_client:parse_layout_output:239 - Layout raw output: 
<|box_start|>239 000 250 007<|box_end|><|ref_start|>page_number<|ref_end|><|rotate_up|>
<|box_start|>251 000 261 007<|box_end|><|ref_start|>page_number<|ref_end|><|rotate_up|>
<|box_start|>262 000 273 007<|box_end|><|ref_start|>page_number<|ref_end|><|rotate_up|>
<|box_start|>274 000 285 007<|box_end|><|ref_start|>page_number<|ref_end|><|rotate_up|>
<|box_start|>286 000 297 007<|box_end|><|ref_start|>page_number<|ref_end|><|rotate_up|>
<|box_start|>298 000 309 007<|box_end|><|ref_start|>page_number<|ref_end|><|rotate_up|>
<|box_start|>310 000 321 007<|box_end|><|ref_start|>page_number<|ref_end|><|rotate_up|>
<|box_start|>322 000 333 007<|box_end|><|ref_start|>page_number<|ref_end|><|rotate_up|>
<|box_start|>334 000 345 007<|box_end|><|ref_start|>page_number<|ref_end|><|rotate_up|>
<|box_start|>346 000 357 007<|box_end|><|ref_start|>page_number<|ref_end|><|rotate_up|>
<|box_start|>358 000 369 007<|box_end|><|ref_start|>page_number<|ref_end|><|rotate_up|>
<|box_start|>370 000 381 007<|box_end|><|ref_start|>page_number<|ref_end|><|rotate_up|>
<|box_start|>382 000 393 007<|box_end|><|ref_start|>page_number<|ref_end|><|rotate_up|>
<|box_start|>394 000 405 007<|box_end|><|ref_start|>page_number<|ref_end|><|rotate_up|>
<|box_start|>406 000 417 007<|box_end|><|ref_start|>page_number<|ref_end|><|rotate_up|>
<|box_start|>418 000 429 007<|box_end|><|ref_start|>page_number<|ref_end|><|rotate_up|>
<|box_start|>430 000 441 007<|box_end|><|ref_start|>page_number<|ref_end|><|rotate_up|>
<|box_start|>442 000 453 007<|box_end|><|ref_start|>page_number<|ref_end|><|rotate_up|>
<|box_start|>454 000 465 007<|box_end|><|ref_start|>page_number<|ref_end|><|rotate_up|>
<|box_start|>466 000 477 007<|box_end|><|ref_start|>page_number<|ref_end|><|rotate_up|>
<|box_start|>478 000 489 007<|box_end|><|ref_start|>page_number<|ref_end|><|rotate_up|>
<|box_start|>490 000 501 007<|box_end|><|ref_start|>page_number<|ref_end|><|rotate_up|>
<|box_start|>502 000 513 007<|box_end|><|ref_start|>page_number<|ref_end|><|rotate_up|>
<|box_start|>514 000 525 007<|box_end|><|ref_start|>page_number<|ref_end|><|rotate_up|>
<|box_start|>526 000 537 007<|box_end|><|ref_start|>page_number<|ref_end|><|rotate_up|>
<|box_start|>538 000 549 007<|box_end|><|ref_start|>page_number<|ref_end|><|rotate_up|>
<|box_start|>550 000 561 007<|box_end|><|ref_start|>page_number<|ref_end|><|rotate_up|>
<|box_start|>562 000 573 007<|box_end|><|ref_start|>page_number<|ref_end|><|rotate_up|>
<|box_start|>574 000 585 007<|box_end|><|ref_start|>page_number<|ref_end|><|rotate_up|>
<|box_start|>586 000 597 007<|box_end|><|ref_start|>page_number<|ref_end|><|rotate_up|>
<|box_start|>598 000 609 007<|box_end|><|ref_start|>page_number<|ref_end|><|rotate_up|>
<|box_start|>610 000 621 007<|box_end|><|ref_start|>page_number<|ref_end|><|rotate_up|>
<|box_start|>622 000 633 007<|box_end|><|ref_start|>page_number<|ref_end|><|rotate_up|>
<|box_start|>634 000 645 007<|box_end|><|ref_start|>page_number<|ref_end|><|rotate_up|>
<|box_start|>646 000 657 007<|box_end|><|ref_start|>page_number<|ref_end|><|rotate_up|>
<|box_start|>658 000 669 007<|box_end|><|ref_start|>page_number<|ref_end|><|rotate_up|>
<|box_start|>670 000 681 007<|box_end|><|ref_start|>page_number<|ref_end|><|rotate_up|>
<|box_start|>682 000 693 007<|box_end|><|ref_start|>page_number<|ref_end|><|rotate_up|>
<|box_start|>694 000 705 007<|box_end|><|ref_start|>page_number<|ref_end|><|rotate_up|>
<|box_start|>706 000 717 007<|box_end|><|ref_start|>page_number<|ref_end|><|rotate_up|>
<|box_start|>718 000 729 007<|box_end|><|ref_start|>page_number<|ref_end|><|rotate_up|>
<|box_start|>730 000 741 007<|box_end|><|ref_start|>page_number<|ref_end|><|rotate_up|>
<|box_start|>742 000 753 007<|box_end|><|ref_start|>page_number<|ref_end|><|rotate_up|>
<|box_start|>754 000 765 007<|box_end|><|ref_start|>page_number<|ref_end|><|rotate_up|>
<|box_start|>766 000 777 007<|box_end|><|ref_start|>page_number<|ref_end|><|rotate_up|>
<|box_start|>778 000 789 007<|box_end|><|ref_start|>page_number<|ref_end|><|rotate_up|>
<|box_start|>790 000 801 007<|box_end|><|ref_start|>page_number<|ref_end|><|rotate_up|>
<|box_start|>802 000 813 007<|box_end|><|ref_start|>page_number<|ref_end|><|rotate_up|>
<|box_start|>814 000 825 007<|box_end|><|ref_start|>page_number<|ref_end|><|rotate_up|>
<|box_start|>826 000 837 007<|box_end|><|ref_start|>page_number<|ref_end|><|rotate_up|>
<|box_start|>838 000 849 007<|box_end|><|ref_start|>page_number<|ref_end|><|rotate_up|>
<|box_start|>850 000 861 007<|box_end|><|ref_start|>page_number<|ref_end|><|rotate_up|>
<|box_start|>862 000 873 007<|box_end|><|ref_start|>page_number<|ref_end|><|rotate_up|>
<|box_start|>874 000 885 007<|box_end|><|ref_start|>page_number<|ref_end|><|rotate_up|>
<|box_start|>886 000 897 007<|box_end|><|ref_start|>page_number<|ref_end|><|rotate_up|>
<|box_start|>898 000 909 007<|box_end|><|ref_start|>page_number<|ref_end|><|rotate_up|>
<|box_start|>910 000 921 007<|box_end|><|ref_start|>page_number<|ref_end|><|rotate_up|>
<|box_start|>922 000 933 007<|box_end|><|ref_start|>page_number<|ref_end|><|rotate_up|>
<|box_start|>934 000 945 007<|box_end|><|ref_start|>page_number<|ref_end|><|rotate_up|>
<|box_start|>946 000 957 007<|box_end|><|ref_start|>page_number<|ref_end|><|rotate_up|>
<|box_start|>958 000 969 007<|box_end|><|ref_start|>page_number<|ref_end|><|rotate_up|>
<|box_start|>970 000 981 007<|box_end|><|ref_start|>page_number<|ref_end|><|rotate_up|>
<|box_start|>982 000 993 007<|box_end|><|ref_start|>page_number<|ref_end|><|rotate_up|>
<|box_start|>994 000 999 007<|box_end|><|ref_start|>page_number<|ref_end|><|rotate_up|>
<|box_start|>999 000 999 007<|box_end|><|ref_start|>page_number<|ref_end|><|rotate_up|>
<|box_start|>999 000 999 007<|box_end|><|ref_start|>page_number<|ref_end|><|rotate_up|>
<|box_start|>999 000 999 007<|box_end|><|ref_start|>page_number<|ref_end|><|rotate_up|>
<|box_start|>999 000 999 007<|box_end|><|ref_start|>page_number<|ref_end|><|rotate_up|>
<|box_start|>999 000 999 007<|box_end|><|ref_start|>page_number<|ref_end|><|rotate_up|>
<|box_start|>999 000 999 007<|box_end|><|ref_start|>page_number<|ref_end|><|rotate_up|>
<|box_start|>999 000 999 007<|box_end|><|ref_start|>page_number<|ref_end|><|rotate_up|>
<|box_start|>999 000 999 007<|box_end|><|ref_start|>page_number<|ref_end|><|rotate_up|>
<|box_start|>999 000 999 007<|box_end|><|ref_start|>page_number<|ref_end|><|rotate_up|>
<|box_start|>999 000 999 007<|box_end|><|ref_start|>page_number<|ref_end|><|rotate_up|>
<|box_start|>999 000 999 007<|box_end|><|ref_start|>page_number<|ref_end|><|rotate_up|>
<|box_start|>999 000 999 007<|box_end|><|ref_start|>page_number<|ref_end|><|rotate_up|>
<|box_start|>999 000 999 007<|box_end|><|ref_start|>page_number<|ref_end|><|rotate_up|>
<|box_start|>999 000 999 007<|box_end|><|ref_start|>page_number<|ref_end|><|rotate_up|>
<|box_start|>999 000 999 007<|box_end|><|ref_start|>page_number<|ref_end|><|rotate_up|>
<|box_start|>999 000 999 007<|box_end|><|ref_start|>page_number<|ref_end|><|rotate_up|>
<|box_start|>999 000 999 007<|box_end|><|ref_start|>page_number<|ref_end|><|rotate_up|>
<|box_start|>999 000 999 007<|box_end|><|ref_start|>page_number<|ref_end|><|rotate_up|>
<|box_start|>999 000 999 007<|box_end|><|ref_start|>page_number<|ref_end|><|rotate_up|>
<|box_start|>999 000 999 007<|box_end|><|ref_start|>page_number<|ref_end|><|rotate_up|>
<|box_start|>999 000 999 007<|box_end|><|ref_start|>page_number<|ref_end|><|rotate_up|>
<|box_start|>999 000 999 007<|box_end|><|ref_start|>page_number<|ref_end|><|rotate_up|>
<|box_start|>999 000 999 007<|box_end|><|ref_start|>page_number<|ref_end|><|rotate_up|>
<|box_start|>999 000 999 007<|box_end|><|ref_start|>page_number<|ref_end|><|rotate_up|>
<|box_start|>999 000 999 007<|box_end|><|ref_start|>page_number<|ref_end|><|rotate_up|>
<|box_start|>999 000 999 007<|box_end|><|ref_start|>page_number<|ref_end|><|rotate_up|>
<|box_start|>999 000 999 007<|box_end|><|ref_start|>page_number<|ref_end|><|rotate_up|>
<|box_start|>999 000 999 007<|box_end|><|ref_start|>page_number<|ref_end|><|rotate_up|>
<|box_start|>999 000 999 007<|box_end|><|ref_start|>page_number<|ref_end|><|rotate_up|>
<|box_start|>999 000 999 007<|box_end|><|ref_start|>page_number<|ref_end|><|rotate_up|>
<|box_start|>999 000 999 007<|box_end|><|ref_start|>page_number<|ref_end|><|rotate_up|>
<|box_start|>999 000 999 007<|box_end|><|ref_start|>page_number<|ref_end|><|rotate_up|>
<|box_start|>999 000 999 007<|box_end|><|ref_start|>page_number<|ref_end|><|rotate_up|>
<|box_start|>999 000 999 007<|box_end|><|ref_start|>page_number<|ref_end|><|rotate_up|>
<|box_start|>999 000 999 007<|box_end|><|ref_start|>page_number<|ref_end|><|rotate_up|>
<|box_start|>999 000 999 007<|box_end|><|ref_start|>page_number<|ref_end|><|rotate_up|>
<|box_start|>999 000 999 007<|box_end|><|ref_start|>page_number<|ref_end|><|rotate_up|>
<|box_start|>999 000 999 007<|box_end|><|ref_start|>page_number<|ref_end|><|rotate_up|>
<|box_start|>999 000 999 007<|box_end|><|ref_start|>page_number<|ref_end|><|rotate_up|>
<|box_start|>999 000 999 007<|box_end|><|ref_start|>page_number<|ref_end|><|rotate_up|>
<|box_start|>999 000 999 007<|box_end|><|ref_start|>page_number<|ref_end|><|rotate_up|>
<|box_start|>999 000 999 007<|box_end|><|ref_start|>page_number<|ref_end|><|rotate_up|>
<|box_start|>999 000 999 007<|box_end|><|ref_start|>page_number<|ref_end|><|rotate_up|>
<|box_start|>999 000 999 007<|box_end|><|ref_start|>page_number<|ref_end|><|rotate_up|>
<|box_start|>999 000 999 007<|box_end|><|ref_start|>page_number<|ref_end|><|rotate_up|>
<|box_start|>999 000 999 007<|box_end|><|ref_start|>page_number<|ref_end|><|rotate_up|>
<|box_start|>999 000 999 007<|box_end|><|ref_start|>page_number<|ref_end|><|rotate_up|>
<|box_start|>999 000 999 007<|box_end|><|ref_start|>page_number<|ref_end|><|rotate_up|>
<|box_start|>999 000 999 007<|box_end|><|ref_start|>page_number<|ref_end|><|rotate_up|>
<|box_start|>999 000 999 007<|box_end|><|ref_start|>page_number<|ref_end|><|rotate_up|>
<|box_start|>999 000 999 007<|box_end|><|ref_start|>page_number<|ref_end|><|rotate_up|>
<|box_start|>999 000 999 007<|box_end|><|ref_start|>page_number<|ref_end|><|rotate_up|>
<|box_start|>999 000 999 007<|box_end|><|ref_start|>page_number<|ref_end|><|rotate_up|>
<|box_start|>999 000 999 007<|box_end|><|ref_start|>page_number<|ref_end|><|rotate_up|>
<|box_start|>999 000 999 007<|box_end|><|ref_start|>page_number<|ref_end|><|rotate_up|>
<|box_start|>999 000 999 007<|box_end|><|ref_start|>page_number<|ref_end|><|rotate_up|>
<|box_start|>999 000 999 007<|box_end|><|ref_start|>page_number<|ref_end|><|rotate_up|>
<|box_start|>999 000 999 007<|box_end|><|ref_start|>page_number<|ref_end|><|rotate_up|>
<|box_start|>999 000 999 007<|box_end|><|ref_start|>page_number<|ref_end|><|rotate_up|>
<|box_start|>999 000 999 007<|box_end|><|ref_start|>page_number<|ref_end|><|rotate_up|>
<|box_start|>999 000 999 007<|box_end|><|ref_start|>page_number<|ref_end|><|rotate_up|>
<|box_start|>999 000 999 007<|box_end|><|ref_start|>page_number<|ref_end|><|rotate_up|>
<|box_start|>999 000 999 007<|box_end|><|ref_start|>page_number<|ref_end|><|rotate_up|>
<|box_start|>999 000 999 007<|box_end|><|ref_start|>page_number<|ref_end|><|rotate_up|>
<|box_start|>999 000 999 007<|box_end|><|ref_start|>page_number<|ref_end|><|rotate_up|>
<|box_start|>999 000 999 007<|box_end|><|ref_start|>page_number<|ref_end|><|rotate_up|>
<|box_start|>999 000 999 007<|box_end|><|ref_start|>page_number<|ref_end|><|rotate_up|>
<|box_start|>999 000 999 007<|box_end|><|ref_start|>page_number<|ref_end|><|rotate_up|>
<|box_start|>999 000 999 007<|box_end|><|ref_start|>page_number<|ref_end|><|rotate_up|>
<|box_start|>999 000 999 007<|box_end|><|ref_start|>page_number<|ref_end|><|rotate_up|>
<|box_start|>999 000 999 007<|box_end|><|ref_start|>page_number<|ref_end|><|rotate_up|>
<|box_start|>999 000 999 007<|box_end|><|ref_start|>page_number<|ref_end|><|rotate_up|>
<|box_start|>999 000 999 007<|box_end|><|ref_start|>page_number<|ref_end|><|rotate_up|>
<|box_start|>999 000 999 007<|box_end|><|ref_start|>page_number<|ref_end|><|rotate_up|>
<|box_start|>999 000 999 007<|box_end|><|ref_start|>page_number<|ref_end|><|rotate_up|>
<|box_start|>999 000 999 007<|box_end|><|ref_start|>page_number<|ref_end|><|rotate_up|>
<|box_start|>999 000 999 007<|box_end|><|ref_start|>page_number<|ref_end|><|rotate_up|>
<|box_start|>999 000 999 007<|box_end|><|ref_start|>page_number<|ref_end|><|rotate_up|>
<|box_start|>999 000 999 007<|box_end|><|ref_start|>page_number<|ref_end|><|rotate_up|>
<|box_start|>999 000 999 007<|box_end|><|ref_start|>page_number<|ref_end|><|rotate_up|>
<|box_start|>999 000 999 007<|box_end|><|ref_start|>page_number<|ref_end|><|rotate_up|>
<|box_start|>999 00
2026-08-06 07:10:43.708 | WARNING  | mineru_vl_utils.mineru_client:parse_layout_output:247 - Invalid bbox in layout output line: <|box_start|>999 000 999 007<|box_end|><|ref_start|>page_number<|ref_end|><|rotate_up|>

2026-08-06 07:10:43.708 | WARNING  | mineru_vl_utils.mineru_client:parse_layout_output:247 - Invalid bbox in layout output line: <|box_start|>999 000 999 007<|box_end|><|ref_start|>page_number<|ref_end|><|rotate_up|>

2026-08-06 07:10:43.708 | WARNING  | mineru_vl_utils.mineru_client:parse_layout_output:247 - Invalid bbox in layout output line: <|box_start|>999 000 999 007<|box_end|><|ref_start|>page_number<|ref_end|><|rotate_up|>

2026-08-06 07:10:43.709 | WARNING  | mineru_vl_utils.mineru_client:parse_layout_output:247 - Invalid bbox in layout output line: <|box_start|>999 000 999 007<|box_end|><|ref_start|>page_number<|ref_end|><|rotate_up|>

2026-08-06 07:10:43.709 | WARNING  | mineru_vl_utils.mineru_client:parse_layout_output:247 - Invalid bbox in layout output line: <|box_start|>999 000 999 007<|box_end|><|ref_start|>page_number<|ref_end|><|rotate_up|>

2026-08-06 07:10:43.709 | WARNING  | mineru_vl_utils.mineru_client:parse_layout_output:247 - Invalid bbox in layout output line: <|box_start|>999 000 999 007<|box_end|><|ref_start|>page_number<|ref_end|><|rotate_up|>

2026-08-06 07:10:43.709 | WARNING  | mineru_vl_utils.mineru_client:parse_layout_output:247 - Invalid bbox in layout output line: <|box_start|>999 000 999 007<|box_end|><|ref_start|>page_number<|ref_end|><|rotate_up|>

2026-08-06 07:10:43.709 | WARNING  | mineru_vl_utils.mineru_client:parse_layout_output:247 - Invalid bbox in layout output line: <|box_start|>999 000 999 007<|box_end|><|ref_start|>page_number<|ref_end|><|rotate_up|>

2026-08-06 07:10:43.709 | WARNING  | mineru_vl_utils.mineru_client:parse_layout_output:247 - Invalid bbox in layout output line: <|box_start|>999 000 999 007<|box_end|><|ref_start|>page_number<|ref_end|><|rotate_up|>

2026-08-06 07:10:43.709 | WARNING  | mineru_vl_utils.mineru_client:parse_layout_output:247 - Invalid bbox in layout output line: <|box_start|>999 000 999 007<|box_end|><|ref_start|>page_number<|ref_end|><|rotate_up|>

2026-08-06 07:10:43.709 | WARNING  | mineru_vl_utils.mineru_client:parse_layout_output:247 - Invalid bbox in layout output line: <|box_start|>999 000 999 007<|box_end|><|ref_start|>page_number<|ref_end|><|rotate_up|>

2026-08-06 07:10:43.709 | WARNING  | mineru_vl_utils.mineru_client:parse_layout_output:247 - Invalid bbox in layout output line: <|box_start|>999 000 999 007<|box_end|><|ref_start|>page_number<|ref_end|><|rotate_up|>

2026-08-06 07:10:43.709 | WARNING  | mineru_vl_utils.mineru_client:parse_layout_output:247 - Invalid bbox in layout output line: <|box_start|>999 000 999 007<|box_end|><|ref_start|>page_number<|ref_end|><|rotate_up|>

2026-08-06 07:10:43.709 | WARNING  | mineru_vl_utils.mineru_client:parse_layout_output:247 - Invalid bbox in layout output line: <|box_start|>999 000 999 007<|box_end|><|ref_start|>page_number<|ref_end|><|rotate_up|>

2026-08-06 07:10:43.709 | WARNING  | mineru_vl_utils.mineru_client:parse_layout_output:247 - Invalid bbox in layout output line: <|box_start|>999 000 999 007<|box_end|><|ref_start|>page_number<|ref_end|><|rotate_up|>

2026-08-06 07:10:43.709 | WARNING  | mineru_vl_utils.mineru_client:parse_layout_output:247 - Invalid bbox in layout output line: <|box_start|>999 000 999 007<|box_end|><|ref_start|>page_number<|ref_end|><|rotate_up|>

2026-08-06 07:10:43.709 | WARNING  | mineru_vl_utils.mineru_client:parse_layout_output:247 - Invalid bbox in layout output line: <|box_start|>999 000 999 007<|box_end|><|ref_start|>page_number<|ref_end|><|rotate_up|>

2026-08-06 07:10:43.710 | WARNING  | mineru_vl_utils.mineru_client:parse_layout_output:247 - Invalid bbox in layout output line: <|box_start|>999 000 999 007<|box_end|><|ref_start|>page_number<|ref_end|><|rotate_up|>

2026-08-06 07:10:43.710 | WARNING  | mineru_vl_utils.mineru_client:parse_layout_output:247 - Invalid bbox in layout output line: <|box_start|>999 000 999 007<|box_end|><|ref_start|>page_number<|ref_end|><|rotate_up|>

2026-08-06 07:10:43.710 | WARNING  | mineru_vl_utils.mineru_client:parse_layout_output:247 - Invalid bbox in layout output line: <|box_start|>999 000 999 007<|box_end|><|ref_start|>page_number<|ref_end|><|rotate_up|>

2026-08-06 07:10:43.710 | WARNING  | mineru_vl_utils.mineru_client:parse_layout_output:247 - Invalid bbox in layout output line: <|box_start|>999 000 999 007<|box_end|><|ref_start|>page_number<|ref_end|><|rotate_up|>

2026-08-06 07:10:43.710 | WARNING  | mineru_vl_utils.mineru_client:parse_layout_output:247 - Invalid bbox in layout output line: <|box_start|>999 000 999 007<|box_end|><|ref_start|>page_number<|ref_end|><|rotate_up|>

2026-08-06 07:10:43.710 | WARNING  | mineru_vl_utils.mineru_client:parse_layout_output:247 - Invalid bbox in layout output line: <|box_start|>999 000 999 007<|box_end|><|ref_start|>page_number<|ref_end|><|rotate_up|>

2026-08-06 07:10:43.710 | WARNING  | mineru_vl_utils.mineru_client:parse_layout_output:247 - Invalid bbox in layout output line: <|box_start|>999 000 999 007<|box_end|><|ref_start|>page_number<|ref_end|><|rotate_up|>

2026-08-06 07:10:43.710 | WARNING  | mineru_vl_utils.mineru_client:parse_layout_output:247 - Invalid bbox in layout output line: <|box_start|>999 000 999 007<|box_end|><|ref_start|>page_number<|ref_end|><|rotate_up|>

2026-08-06 07:10:43.710 | WARNING  | mineru_vl_utils.mineru_client:parse_layout_output:247 - Invalid bbox in layout output line: <|box_start|>999 000 999 007<|box_end|><|ref_start|>page_number<|ref_end|><|rotate_up|>

2026-08-06 07:10:43.710 | WARNING  | mineru_vl_utils.mineru_client:parse_layout_output:247 - Invalid bbox in layout output line: <|box_start|>999 000 999 007<|box_end|><|ref_start|>page_number<|ref_end|><|rotate_up|>

2026-08-06 07:10:43.710 | WARNING  | mineru_vl_utils.mineru_client:parse_layout_output:247 - Invalid bbox in layout output line: <|box_start|>999 000 999 007<|box_end|><|ref_start|>page_number<|ref_end|><|rotate_up|>

2026-08-06 07:10:43.710 | WARNING  | mineru_vl_utils.mineru_client:parse_layout_output:247 - Invalid bbox in layout output line: <|box_start|>999 000 999 007<|box_end|><|ref_start|>page_number<|ref_end|><|rotate_up|>

2026-08-06 07:10:43.710 | WARNING  | mineru_vl_utils.mineru_client:parse_layout_output:247 - Invalid bbox in layout output line: <|box_start|>999 000 999 007<|box_end|><|ref_start|>page_number<|ref_end|><|rotate_up|>

2026-08-06 07:10:43.710 | WARNING  | mineru_vl_utils.mineru_client:parse_layout_output:247 - Invalid bbox in layout output line: <|box_start|>999 000 999 007<|box_end|><|ref_start|>page_number<|ref_end|><|rotate_up|>

2026-08-06 07:10:43.710 | WARNING  | mineru_vl_utils.mineru_client:parse_layout_output:247 - Invalid bbox in layout output line: <|box_start|>999 000 999 007<|box_end|><|ref_start|>page_number<|ref_end|><|rotate_up|>

2026-08-06 07:10:43.711 | WARNING  | mineru_vl_utils.mineru_client:parse_layout_output:247 - Invalid bbox in layout output line: <|box_start|>999 000 999 007<|box_end|><|ref_start|>page_number<|ref_end|><|rotate_up|>

2026-08-06 07:10:43.711 | WARNING  | mineru_vl_utils.mineru_client:parse_layout_output:247 - Invalid bbox in layout output line: <|box_start|>999 000 999 007<|box_end|><|ref_start|>page_number<|ref_end|><|rotate_up|>

2026-08-06 07:10:43.711 | WARNING  | mineru_vl_utils.mineru_client:parse_layout_output:247 - Invalid bbox in layout output line: <|box_start|>999 000 999 007<|box_end|><|ref_start|>page_number<|ref_end|><|rotate_up|>

2026-08-06 07:10:43.711 | WARNING  | mineru_vl_utils.mineru_client:parse_layout_output:247 - Invalid bbox in layout output line: <|box_start|>999 000 999 007<|box_end|><|ref_start|>page_number<|ref_end|><|rotate_up|>

2026-08-06 07:10:43.711 | WARNING  | mineru_vl_utils.mineru_client:parse_layout_output:247 - Invalid bbox in layout output line: <|box_start|>999 000 999 007<|box_end|><|ref_start|>page_number<|ref_end|><|rotate_up|>

2026-08-06 07:10:43.711 | WARNING  | mineru_vl_utils.mineru_client:parse_layout_output:247 - Invalid bbox in layout output line: <|box_start|>999 000 999 007<|box_end|><|ref_start|>page_number<|ref_end|><|rotate_up|>

2026-08-06 07:10:43.711 | WARNING  | mineru_vl_utils.mineru_client:parse_layout_output:247 - Invalid bbox in layout output line: <|box_start|>999 000 999 007<|box_end|><|ref_start|>page_number<|ref_end|><|rotate_up|>

2026-08-06 07:10:43.711 | WARNING  | mineru_vl_utils.mineru_client:parse_layout_output:247 - Invalid bbox in layout output line: <|box_start|>999 000 999 007<|box_end|><|ref_start|>page_number<|ref_end|><|rotate_up|>

2026-08-06 07:10:43.711 | WARNING  | mineru_vl_utils.mineru_client:parse_layout_output:247 - Invalid bbox in layout output line: <|box_start|>999 000 999 007<|box_end|><|ref_start|>page_number<|ref_end|><|rotate_up|>

2026-08-06 07:10:43.711 | WARNING  | mineru_vl_utils.mineru_client:parse_layout_output:247 - Invalid bbox in layout output line: <|box_start|>999 000 999 007<|box_end|><|ref_start|>page_number<|ref_end|><|rotate_up|>

2026-08-06 07:10:43.711 | WARNING  | mineru_vl_utils.mineru_client:parse_layout_output:247 - Invalid bbox in layout output line: <|box_start|>999 000 999 007<|box_end|><|ref_start|>page_number<|ref_end|><|rotate_up|>

2026-08-06 07:10:43.711 | WARNING  | mineru_vl_utils.mineru_client:parse_layout_output:247 - Invalid bbox in layout output line: <|box_start|>999 000 999 007<|box_end|><|ref_start|>page_number<|ref_end|><|rotate_up|>

2026-08-06 07:10:43.711 | WARNING  | mineru_vl_utils.mineru_client:parse_layout_output:247 - Invalid bbox in layout output line: <|box_start|>999 000 999 007<|box_end|><|ref_start|>page_number<|ref_end|><|rotate_up|>

2026-08-06 07:10:43.712 | WARNING  | mineru_vl_utils.mineru_client:parse_layout_output:247 - Invalid bbox in layout output line: <|box_start|>999 000 999 007<|box_end|><|ref_start|>page_number<|ref_end|><|rotate_up|>

2026-08-06 07:10:43.712 | WARNING  | mineru_vl_utils.mineru_client:parse_layout_output:247 - Invalid bbox in layout output line: <|box_start|>999 000 999 007<|box_end|><|ref_start|>page_number<|ref_end|><|rotate_up|>

2026-08-06 07:10:43.712 | WARNING  | mineru_vl_utils.mineru_client:parse_layout_output:247 - Invalid bbox in layout output line: <|box_start|>999 000 999 007<|box_end|><|ref_start|>page_number<|ref_end|><|rotate_up|>

2026-08-06 07:10:43.712 | WARNING  | mineru_vl_utils.mineru_client:parse_layout_output:247 - Invalid bbox in layout output line: <|box_start|>999 000 999 007<|box_end|><|ref_start|>page_number<|ref_end|><|rotate_up|>

2026-08-06 07:10:43.712 | WARNING  | mineru_vl_utils.mineru_client:parse_layout_output:247 - Invalid bbox in layout output line: <|box_start|>999 000 999 007<|box_end|><|ref_start|>page_number<|ref_end|><|rotate_up|>

2026-08-06 07:10:43.712 | WARNING  | mineru_vl_utils.mineru_client:parse_layout_output:247 - Invalid bbox in layout output line: <|box_start|>999 000 999 007<|box_end|><|ref_start|>page_number<|ref_end|><|rotate_up|>

2026-08-06 07:10:43.712 | WARNING  | mineru_vl_utils.mineru_client:parse_layout_output:247 - Invalid bbox in layout output line: <|box_start|>999 000 999 007<|box_end|><|ref_start|>page_number<|ref_end|><|rotate_up|>

2026-08-06 07:10:43.712 | WARNING  | mineru_vl_utils.mineru_client:parse_layout_output:247 - Invalid bbox in layout output line: <|box_start|>999 000 999 007<|box_end|><|ref_start|>page_number<|ref_end|><|rotate_up|>

2026-08-06 07:10:43.712 | WARNING  | mineru_vl_utils.mineru_client:parse_layout_output:247 - Invalid bbox in layout output line: <|box_start|>999 000 999 007<|box_end|><|ref_start|>page_number<|ref_end|><|rotate_up|>

2026-08-06 07:10:43.712 | WARNING  | mineru_vl_utils.mineru_client:parse_layout_output:247 - Invalid bbox in layout output line: <|box_start|>999 000 999 007<|box_end|><|ref_start|>page_number<|ref_end|><|rotate_up|>

2026-08-06 07:10:43.712 | WARNING  | mineru_vl_utils.mineru_client:parse_layout_output:247 - Invalid bbox in layout output line: <|box_start|>999 000 999 007<|box_end|><|ref_start|>page_number<|ref_end|><|rotate_up|>

2026-08-06 07:10:43.712 | WARNING  | mineru_vl_utils.mineru_client:parse_layout_output:247 - Invalid bbox in layout output line: <|box_start|>999 000 999 007<|box_end|><|ref_start|>page_number<|ref_end|><|rotate_up|>

2026-08-06 07:10:43.712 | WARNING  | mineru_vl_utils.mineru_client:parse_layout_output:247 - Invalid bbox in layout output line: <|box_start|>999 000 999 007<|box_end|><|ref_start|>page_number<|ref_end|><|rotate_up|>

2026-08-06 07:10:43.712 | WARNING  | mineru_vl_utils.mineru_client:parse_layout_output:247 - Invalid bbox in layout output line: <|box_start|>999 000 999 007<|box_end|><|ref_start|>page_number<|ref_end|><|rotate_up|>

2026-08-06 07:10:43.712 | WARNING  | mineru_vl_utils.mineru_client:parse_layout_output:247 - Invalid bbox in layout output line: <|box_start|>999 000 999 007<|box_end|><|ref_start|>page_number<|ref_end|><|rotate_up|>

2026-08-06 07:10:43.713 | WARNING  | mineru_vl_utils.mineru_client:parse_layout_output:247 - Invalid bbox in layout output line: <|box_start|>999 000 999 007<|box_end|><|ref_start|>page_number<|ref_end|><|rotate_up|>

2026-08-06 07:10:43.713 | WARNING  | mineru_vl_utils.mineru_client:parse_layout_output:247 - Invalid bbox in layout output line: <|box_start|>999 000 999 007<|box_end|><|ref_start|>page_number<|ref_end|><|rotate_up|>

2026-08-06 07:10:43.713 | WARNING  | mineru_vl_utils.mineru_client:parse_layout_output:247 - Invalid bbox in layout output line: <|box_start|>999 000 999 007<|box_end|><|ref_start|>page_number<|ref_end|><|rotate_up|>

2026-08-06 07:10:43.713 | WARNING  | mineru_vl_utils.mineru_client:parse_layout_output:247 - Invalid bbox in layout output line: <|box_start|>999 000 999 007<|box_end|><|ref_start|>page_number<|ref_end|><|rotate_up|>

2026-08-06 07:10:43.713 | WARNING  | mineru_vl_utils.mineru_client:parse_layout_output:247 - Invalid bbox in layout output line: <|box_start|>999 000 999 007<|box_end|><|ref_start|>page_number<|ref_end|><|rotate_up|>

2026-08-06 07:10:43.713 | WARNING  | mineru_vl_utils.mineru_client:parse_layout_output:247 - Invalid bbox in layout output line: <|box_start|>999 000 999 007<|box_end|><|ref_start|>page_number<|ref_end|><|rotate_up|>

2026-08-06 07:10:43.713 | WARNING  | mineru_vl_utils.mineru_client:parse_layout_output:247 - Invalid bbox in layout output line: <|box_start|>999 000 999 007<|box_end|><|ref_start|>page_number<|ref_end|><|rotate_up|>

2026-08-06 07:10:43.713 | WARNING  | mineru_vl_utils.mineru_client:parse_layout_output:247 - Invalid bbox in layout output line: <|box_start|>999 000 999 007<|box_end|><|ref_start|>page_number<|ref_end|><|rotate_up|>

2026-08-06 07:10:43.713 | WARNING  | mineru_vl_utils.mineru_client:parse_layout_output:247 - Invalid bbox in layout output line: <|box_start|>999 000 999 007<|box_end|><|ref_start|>page_number<|ref_end|><|rotate_up|>

2026-08-06 07:10:43.713 | WARNING  | mineru_vl_utils.mineru_client:parse_layout_output:247 - Invalid bbox in layout output line: <|box_start|>999 000 999 007<|box_end|><|ref_start|>page_number<|ref_end|><|rotate_up|>

2026-08-06 07:10:43.713 | WARNING  | mineru_vl_utils.mineru_client:parse_layout_output:247 - Invalid bbox in layout output line: <|box_start|>999 000 999 007<|box_end|><|ref_start|>page_number<|ref_end|><|rotate_up|>

2026-08-06 07:10:43.713 | WARNING  | mineru_vl_utils.mineru_client:parse_layout_output:247 - Invalid bbox in layout output line: <|box_start|>999 000 999 007<|box_end|><|ref_start|>page_number<|ref_end|><|rotate_up|>

2026-08-06 07:10:43.713 | WARNING  | mineru_vl_utils.mineru_client:parse_layout_output:247 - Invalid bbox in layout output line: <|box_start|>999 000 999 007<|box_end|><|ref_start|>page_number<|ref_end|><|rotate_up|>

2026-08-06 07:10:43.713 | WARNING  | mineru_vl_utils.mineru_client:parse_layout_output:247 - Invalid bbox in layout output line: <|box_start|>999 000 999 007<|box_end|><|ref_start|>page_number<|ref_end|><|rotate_up|>

2026-08-06 07:10:43.713 | WARNING  | mineru_vl_utils.mineru_client:parse_layout_output:247 - Invalid bbox in layout output line: <|box_start|>999 000 999 007<|box_end|><|ref_start|>page_number<|ref_end|><|rotate_up|>

2026-08-06 07:10:43.714 | WARNING  | mineru_vl_utils.mineru_client:parse_layout_output:247 - Invalid bbox in layout output line: <|box_start|>999 000 999 007<|box_end|><|ref_start|>page_number<|ref_end|><|rotate_up|>

2026-08-06 07:10:43.714 | WARNING  | mineru_vl_utils.mineru_client:parse_layout_output:247 - Invalid bbox in layout output line: <|box_start|>999 000 999 007<|box_end|><|ref_start|>page_number<|ref_end|><|rotate_up|>

2026-08-06 07:10:43.714 | WARNING  | mineru_vl_utils.mineru_client:parse_layout_output:247 - Invalid bbox in layout output line: <|box_start|>999 000 999 007<|box_end|><|ref_start|>page_number<|ref_end|><|rotate_up|>

2026-08-06 07:10:43.714 | WARNING  | mineru_vl_utils.mineru_client:parse_layout_output:247 - Invalid bbox in layout output line: <|box_start|>999 000 999 007<|box_end|><|ref_start|>page_number<|ref_end|><|rotate_up|>

2026-08-06 07:10:43.714 | WARNING  | mineru_vl_utils.mineru_client:parse_layout_output:247 - Invalid bbox in layout output line: <|box_start|>999 000 999 007<|box_end|><|ref_start|>page_number<|ref_end|><|rotate_up|>

2026-08-06 07:10:43.714 | WARNING  | mineru_vl_utils.mineru_client:parse_layout_output:247 - Invalid bbox in layout output line: <|box_start|>999 000 999 007<|box_end|><|ref_start|>page_number<|ref_end|><|rotate_up|>

[group 1/1] DONE pages=32 elapsed_s=30.648 pages_per_s=1.04413 eta_s=0.0
[summary] {"schema_version": 1, "created_at": "2026-08-06T07:10:13.056825+00:00", "git_commit": "812503a4b3c17282e3f7baf899ed4648c5a12954", "backend": "official_mineru_local-continuous-client", "model": "/workspace/models/MinerU2.5-Pro-2605-1.2B", "dataset_json": "/workspace/datasets/OmniDocBench/OmniDocBench.json", "images_dir": "/workspace/datasets/OmniDocBench/images", "model_hashes": {"config.json": "22097df08750242647a513043636a8dff16820a09757e9271e220bdea378df28"}, "torch": "2.10.0+cpu", "torch_npu": "2.10.0", "transformers": "4.57.6", "mineru_vl_utils": "1.0.5", "dtype": "float16", "attention": "prompt_flash_attention-torchair-prefill-torchair-static-decode", "processor_fast": true, "processor_min_pixels": 25088, "npu_jit_compile": false, "image_analysis": false, "batch_size": 32, "page_batch_size": 32, "layout_image_size": [756, 756], "layout_only": true, "local_compiled_cache_length": 4096, "local_decode_attention": "increfa", "local_decode_weight_format": "decode_nz", "local_decode_rotary_impl": "npu_apply", "local_decode_setup": {"packed_projections": {"enabled": true, "layer_count": 24, "created_qkv": 24, "created_gate_up": 24}, "weight_format": {"requested_mode": "decode_nz", "effective_mode": "decode_nz", "target_format": "FRACTAL_NZ", "target_format_id": 29, "decoder_linear_count": 96, "converted_decoder_linear_count": 96, "already_nz_decoder_linear_count": 0, "lm_head_copy": {"source": "model.embed_tokens.weight", "reason": "tied LM head needs NZ matmul weight, but embedding lookup must keep the original ND table", "source_format_before": 2, "copy_format_after": 29, "copy_is_target_format": true, "shape": [151936, 896], "dtype": "torch.float16", "device": "npu:0"}, "skipped_reason": null, "packed_decode_projections": true, "converted_decoder_linear_names": ["model.layers.0.self_attn.decode_qkv_proj", "model.layers.0.self_attn.o_proj", "model.layers.0.mlp.decode_gate_up_proj", "model.layers.0.mlp.down_proj", "model.layers.1.self_attn.decode_qkv_proj", "model.layers.1.self_attn.o_proj", "model.layers.1.mlp.decode_gate_up_proj", "model.layers.1.mlp.down_proj", "model.layers.2.self_attn.decode_qkv_proj", "model.layers.2.self_attn.o_proj", "model.layers.2.mlp.decode_gate_up_proj", "model.layers.2.mlp.down_proj", "model.layers.3.self_attn.decode_qkv_proj", "model.layers.3.self_attn.o_proj", "model.layers.3.mlp.decode_gate_up_proj", "model.layers.3.mlp.down_proj", "model.layers.4.self_attn.decode_qkv_proj", "model.layers.4.self_attn.o_proj", "model.layers.4.mlp.decode_gate_up_proj", "model.layers.4.mlp.down_proj", "model.layers.5.self_attn.decode_qkv_proj", "model.layers.5.self_attn.o_proj", "model.layers.5.mlp.decode_gate_up_proj", "model.layers.5.mlp.down_proj", "model.layers.6.self_attn.decode_qkv_proj", "model.layers.6.self_attn.o_proj", "model.layers.6.mlp.decode_gate_up_proj", "model.layers.6.mlp.down_proj", "model.layers.7.self_attn.decode_qkv_proj", "model.layers.7.self_attn.o_proj", "model.layers.7.mlp.decode_gate_up_proj", "model.layers.7.mlp.down_proj", "model.layers.8.self_attn.decode_qkv_proj", "model.layers.8.self_attn.o_proj", "model.layers.8.mlp.decode_gate_up_proj", "model.layers.8.mlp.down_proj", "model.layers.9.self_attn.decode_qkv_proj", "model.layers.9.self_attn.o_proj", "model.layers.9.mlp.decode_gate_up_proj", "model.layers.9.mlp.down_proj", "model.layers.10.self_attn.decode_qkv_proj", "model.layers.10.self_attn.o_proj", "model.layers.10.mlp.decode_gate_up_proj", "model.layers.10.mlp.down_proj", "model.layers.11.self_attn.decode_qkv_proj", "model.layers.11.self_attn.o_proj", "model.layers.11.mlp.decode_gate_up_proj", "model.layers.11.mlp.down_proj", "model.layers.12.self_attn.decode_qkv_proj", "model.layers.12.self_attn.o_proj", "model.layers.12.mlp.decode_gate_up_proj", "model.layers.12.mlp.down_proj", "model.layers.13.self_attn.decode_qkv_proj", "model.layers.13.self_attn.o_proj", "model.layers.13.mlp.decode_gate_up_proj", "model.layers.13.mlp.down_proj", "model.layers.14.self_attn.decode_qkv_proj", "model.layers.14.self_attn.o_proj", "model.layers.14.mlp.decode_gate_up_proj", "model.layers.14.mlp.down_proj", "model.layers.15.self_attn.decode_qkv_proj", "model.layers.15.self_attn.o_proj", "model.layers.15.mlp.decode_gate_up_proj", "model.layers.15.mlp.down_proj", "model.layers.16.self_attn.decode_qkv_proj", "model.layers.16.self_attn.o_proj", "model.layers.16.mlp.decode_gate_up_proj", "model.layers.16.mlp.down_proj", "model.layers.17.self_attn.decode_qkv_proj", "model.layers.17.self_attn.o_proj", "model.layers.17.mlp.decode_gate_up_proj", "model.layers.17.mlp.down_proj", "model.layers.18.self_attn.decode_qkv_proj", "model.layers.18.self_attn.o_proj", "model.layers.18.mlp.decode_gate_up_proj", "model.layers.18.mlp.down_proj", "model.layers.19.self_attn.decode_qkv_proj", "model.layers.19.self_attn.o_proj", "model.layers.19.mlp.decode_gate_up_proj", "model.layers.19.mlp.down_proj", "model.layers.20.self_attn.decode_qkv_proj", "model.layers.20.self_attn.o_proj", "model.layers.20.mlp.decode_gate_up_proj", "model.layers.20.mlp.down_proj", "model.layers.21.self_attn.decode_qkv_proj", "model.layers.21.self_attn.o_proj", "model.layers.21.mlp.decode_gate_up_proj", "model.layers.21.mlp.down_proj", "model.layers.22.self_attn.decode_qkv_proj", "model.layers.22.self_attn.o_proj", "model.layers.22.mlp.decode_gate_up_proj", "model.layers.22.mlp.down_proj", "model.layers.23.self_attn.decode_qkv_proj", "model.layers.23.self_attn.o_proj", "model.layers.23.mlp.decode_gate_up_proj", "model.layers.23.mlp.down_proj"], "already_nz_decoder_linear_names": [], "before_formats": {"model.layers.0.self_attn.decode_qkv_proj": 2, "model.layers.0.self_attn.o_proj": 2, "model.layers.0.mlp.decode_gate_up_proj": 2, "model.layers.0.mlp.down_proj": 2, "model.layers.1.self_attn.decode_qkv_proj": 2, "model.layers.1.self_attn.o_proj": 2, "model.layers.1.mlp.decode_gate_up_proj": 2, "model.layers.1.mlp.down_proj": 2, "model.layers.2.self_attn.decode_qkv_proj": 2, "model.layers.2.self_attn.o_proj": 2, "model.layers.2.mlp.decode_gate_up_proj": 2, "model.layers.2.mlp.down_proj": 2, "model.layers.3.self_attn.decode_qkv_proj": 2, "model.layers.3.self_attn.o_proj": 2, "model.layers.3.mlp.decode_gate_up_proj": 2, "model.layers.3.mlp.down_proj": 2, "model.layers.4.self_attn.decode_qkv_proj": 2, "model.layers.4.self_attn.o_proj": 2, "model.layers.4.mlp.decode_gate_up_proj": 2, "model.layers.4.mlp.down_proj": 2, "model.layers.5.self_attn.decode_qkv_proj": 2, "model.layers.5.self_attn.o_proj": 2, "model.layers.5.mlp.decode_gate_up_proj": 2, "model.layers.5.mlp.down_proj": 2, "model.layers.6.self_attn.decode_qkv_proj": 2, "model.layers.6.self_attn.o_proj": 2, "model.layers.6.mlp.decode_gate_up_proj": 2, "model.layers.6.mlp.down_proj": 2, "model.layers.7.self_attn.decode_qkv_proj": 2, "model.layers.7.self_attn.o_proj": 2, "model.layers.7.mlp.decode_gate_up_proj": 2, "model.layers.7.mlp.down_proj": 2, "model.layers.8.self_attn.decode_qkv_proj": 2, "model.layers.8.self_attn.o_proj": 2, "model.layers.8.mlp.decode_gate_up_proj": 2, "model.layers.8.mlp.down_proj": 2, "model.layers.9.self_attn.decode_qkv_proj": 2, "model.layers.9.self_attn.o_proj": 2, "model.layers.9.mlp.decode_gate_up_proj": 2, "model.layers.9.mlp.down_proj": 2, "model.layers.10.self_attn.decode_qkv_proj": 2, "model.layers.10.self_attn.o_proj": 2, "model.layers.10.mlp.decode_gate_up_proj": 2, "model.layers.10.mlp.down_proj": 2, "model.layers.11.self_attn.decode_qkv_proj": 2, "model.layers.11.self_attn.o_proj": 2, "model.layers.11.mlp.decode_gate_up_proj": 2, "model.layers.11.mlp.down_proj": 2, "model.layers.12.self_attn.decode_qkv_proj": 2, "model.layers.12.self_attn.o_proj": 2, "model.layers.12.mlp.decode_gate_up_proj": 2, "model.layers.12.mlp.down_proj": 2, "model.layers.13.self_attn.decode_qkv_proj": 2, "model.layers.13.self_attn.o_proj": 2, "model.layers.13.mlp.decode_gate_up_proj": 2, "model.layers.13.mlp.down_proj": 2, "model.layers.14.self_attn.decode_qkv_proj": 2, "model.layers.14.self_attn.o_proj": 2, "model.layers.14.mlp.decode_gate_up_proj": 2, "model.layers.14.mlp.down_proj": 2, "model.layers.15.self_attn.decode_qkv_proj": 2, "model.layers.15.self_attn.o_proj": 2, "model.layers.15.mlp.decode_gate_up_proj": 2, "model.layers.15.mlp.down_proj": 2, "model.layers.16.self_attn.decode_qkv_proj": 2, "model.layers.16.self_attn.o_proj": 2, "model.layers.16.mlp.decode_gate_up_proj": 2, "model.layers.16.mlp.down_proj": 2, "model.layers.17.self_attn.decode_qkv_proj": 2, "model.layers.17.self_attn.o_proj": 2, "model.layers.17.mlp.decode_gate_up_proj": 2, "model.layers.17.mlp.down_proj": 2, "model.layers.18.self_attn.decode_qkv_proj": 2, "model.layers.18.self_attn.o_proj": 2, "model.layers.18.mlp.decode_gate_up_proj": 2, "model.layers.18.mlp.down_proj": 2, "model.layers.19.self_attn.decode_qkv_proj": 2, "model.layers.19.self_attn.o_proj": 2, "model.layers.19.mlp.decode_gate_up_proj": 2, "model.layers.19.mlp.down_proj": 2, "model.layers.20.self_attn.decode_qkv_proj": 2, "model.layers.20.self_attn.o_proj": 2, "model.layers.20.mlp.decode_gate_up_proj": 2, "model.layers.20.mlp.down_proj": 2, "model.layers.21.self_attn.decode_qkv_proj": 2, "model.layers.21.self_attn.o_proj": 2, "model.layers.21.mlp.decode_gate_up_proj": 2, "model.layers.21.mlp.down_proj": 2, "model.layers.22.self_attn.decode_qkv_proj": 2, "model.layers.22.self_attn.o_proj": 2, "model.layers.22.mlp.decode_gate_up_proj": 2, "model.layers.22.mlp.down_proj": 2, "model.layers.23.self_attn.decode_qkv_proj": 2, "model.layers.23.self_attn.o_proj": 2, "model.layers.23.mlp.decode_gate_up_proj": 2, "model.layers.23.mlp.down_proj": 2}, "after_formats": {"model.layers.0.self_attn.decode_qkv_proj": 29, "model.layers.0.self_attn.o_proj": 29, "model.layers.0.mlp.decode_gate_up_proj": 29, "model.layers.0.mlp.down_proj": 29, "model.layers.1.self_attn.decode_qkv_proj": 29, "model.layers.1.self_attn.o_proj": 29, "model.layers.1.mlp.decode_gate_up_proj": 29, "model.layers.1.mlp.down_proj": 29, "model.layers.2.self_attn.decode_qkv_proj": 29, "model.layers.2.self_attn.o_proj": 29, "model.layers.2.mlp.decode_gate_up_proj": 29, "model.layers.2.mlp.down_proj": 29, "model.layers.3.self_attn.decode_qkv_proj": 29, "model.layers.3.self_attn.o_proj": 29, "model.layers.3.mlp.decode_gate_up_proj": 29, "model.layers.3.mlp.down_proj": 29, "model.layers.4.self_attn.decode_qkv_proj": 29, "model.layers.4.self_attn.o_proj": 29, "model.layers.4.mlp.decode_gate_up_proj": 29, "model.layers.4.mlp.down_proj": 29, "model.layers.5.self_attn.decode_qkv_proj": 29, "model.layers.5.self_attn.o_proj": 29, "model.layers.5.mlp.decode_gate_up_proj": 29, "model.layers.5.mlp.down_proj": 29, "model.layers.6.self_attn.decode_qkv_proj": 29, "model.layers.6.self_attn.o_proj": 29, "model.layers.6.mlp.decode_gate_up_proj": 29, "model.layers.6.mlp.down_proj": 29, "model.layers.7.self_attn.decode_qkv_proj": 29, "model.layers.7.self_attn.o_proj": 29, "model.layers.7.mlp.decode_gate_up_proj": 29, "model.layers.7.mlp.down_proj": 29, "model.layers.8.self_attn.decode_qkv_proj": 29, "model.layers.8.self_attn.o_proj": 29, "model.layers.8.mlp.decode_gate_up_proj": 29, "model.layers.8.mlp.down_proj": 29, "model.layers.9.self_attn.decode_qkv_proj": 29, "model.layers.9.self_attn.o_proj": 29, "model.layers.9.mlp.decode_gate_up_proj": 29, "model.layers.9.mlp.down_proj": 29, "model.layers.10.self_attn.decode_qkv_proj": 29, "model.layers.10.self_attn.o_proj": 29, "model.layers.10.mlp.decode_gate_up_proj": 29, "model.layers.10.mlp.down_proj": 29, "model.layers.11.self_attn.decode_qkv_proj": 29, "model.layers.11.self_attn.o_proj": 29, "model.layers.11.mlp.decode_gate_up_proj": 29, "model.layers.11.mlp.down_proj": 29, "model.layers.12.self_attn.decode_qkv_proj": 29, "model.layers.12.self_attn.o_proj": 29, "model.layers.12.mlp.decode_gate_up_proj": 29, "model.layers.12.mlp.down_proj": 29, "model.layers.13.self_attn.decode_qkv_proj": 29, "model.layers.13.self_attn.o_proj": 29, "model.layers.13.mlp.decode_gate_up_proj": 29, "model.layers.13.mlp.down_proj": 29, "model.layers.14.self_attn.decode_qkv_proj": 29, "model.layers.14.self_attn.o_proj": 29, "model.layers.14.mlp.decode_gate_up_proj": 29, "model.layers.14.mlp.down_proj": 29, "model.layers.15.self_attn.decode_qkv_proj": 29, "model.layers.15.self_attn.o_proj": 29, "model.layers.15.mlp.decode_gate_up_proj": 29, "model.layers.15.mlp.down_proj": 29, "model.layers.16.self_attn.decode_qkv_proj": 29, "model.layers.16.self_attn.o_proj": 29, "model.layers.16.mlp.decode_gate_up_proj": 29, "model.layers.16.mlp.down_proj": 29, "model.layers.17.self_attn.decode_qkv_proj": 29, "model.layers.17.self_attn.o_proj": 29, "model.layers.17.mlp.decode_gate_up_proj": 29, "model.layers.17.mlp.down_proj": 29, "model.layers.18.self_attn.decode_qkv_proj": 29, "model.layers.18.self_attn.o_proj": 29, "model.layers.18.mlp.decode_gate_up_proj": 29, "model.layers.18.mlp.down_proj": 29, "model.layers.19.self_attn.decode_qkv_proj": 29, "model.layers.19.self_attn.o_proj": 29, "model.layers.19.mlp.decode_gate_up_proj": 29, "model.layers.19.mlp.down_proj": 29, "model.layers.20.self_attn.decode_qkv_proj": 29, "model.layers.20.self_attn.o_proj": 29, "model.layers.20.mlp.decode_gate_up_proj": 29, "model.layers.20.mlp.down_proj": 29, "model.layers.21.self_attn.decode_qkv_proj": 29, "model.layers.21.self_attn.o_proj": 29, "model.layers.21.mlp.decode_gate_up_proj": 29, "model.layers.21.mlp.down_proj": 29, "model.layers.22.self_attn.decode_qkv_proj": 29, "model.layers.22.self_attn.o_proj": 29, "model.layers.22.mlp.decode_gate_up_proj": 29, "model.layers.22.mlp.down_proj": 29, "model.layers.23.self_attn.decode_qkv_proj": 29, "model.layers.23.self_attn.o_proj": 29, "model.layers.23.mlp.decode_gate_up_proj": 29, "model.layers.23.mlp.down_proj": 29}, "all_decoder_linears_nz": true}, "rotary_impl": {"requested_mode": "npu_apply", "effective_mode": "npu_apply", "rotary_mode": "half", "scope": "decode_static_only", "prefill_rotary_impl": "manual", "updated_attention_layers": 24, "skipped_reason": null}, "attention": {"requested_mode": "increfa", "effective_mode": "increfa", "scope": "decode_static_only", "updated_attention_layers": 24}, "setup_s": 5.7763927730266005}, "local_prepare_prefetch_depth": 16, "local_prefill_metrics": true, "local_text_backend": "torchair-packed", "local_text_buckets": "128,256,512,1024", "local_text_max_members": 32, "local_text_torchair_cache_dir": ".runtime_cache/11_mineru_2_5_pro_inference/text_prefill_packed_fp16", "local_vision_attention": "prompt_flash_attention", "local_vision_backend": "torchair", "local_vision_buckets": "384,512,768,1024,1536,2048,3072,4224,5632", "local_vision_torchair_cache_dir": ".runtime_cache/11_mineru_2_5_pro_inference/vision_prefill_b1_fp16_9511b2e", "local_torchair_cache_dir": ".runtime_cache/11_mineru_2_5_pro_inference/native_compiled_decode_b1_k8192_fp16", "vllm_enforce_eager": null, "vllm_gpu_memory_utilization": null, "vllm_max_model_len": null, "vllm_max_num_seqs": null, "vllm_max_num_batched_tokens": null, "vllm_full_decode_only": null, "vllm_cudagraph_capture_sizes": null, "vllm_force_tied_embeddings": false, "vllm_raw_multimodal_prompts": false, "offset": 0, "limit": 32, "shard_count": 1, "shard_index": 0, "selected_pages": 32, "shard_pages": 32, "setup_s": 27.3160278450232, "warmup": {"requested_pages": 2, "executed_pages": 2, "dataset_indices": [0, 1], "wall_s": 24.44661039696075, "measurement_counters_reset": true, "real_page_wall_s": 18.814461585134268, "static_bucket_warmup": {"vision": {"384": {"source": "real_page_tensor_replay", "first_call_s": 0.665291537065059}, "512": {"source": "real_page_tensor_replay", "first_call_s": 0.6588064869865775}, "768": {"source": "real_page_tensor_replay", "first_call_s": 0.6893199258483946}, "1024": {"source": "real_page_tensor_replay", "first_call_s": 0.685749274911359}, "1536": {"source": "real_page_tensor_replay", "first_call_s": 0.6993748561944813}, "2048": {"source": "real_page_tensor_replay", "first_call_s": 0.6725829509086907}, "3072": {"source": "real_page_execution", "first_call_s": 0.7101078690029681}, "4224": {"source": "real_page_tensor_replay", "first_call_s": 0.7162015528883785}, "5632": {"source": "real_page_tensor_replay", "first_call_s": 0.745889037149027}}}, "static_bucket_wall_s": 5.632096921093762, "generation_calls": 1, "vision_runtime": {"backend": "torchair", "boundary": "32_vision_transformer_blocks", "batch_size": 1, "attention": "prompt_flash_attention", "mask_sparse_mode": 1, "padding": "bucket", "buckets": [384, 512, 768, 1024, 1536, 2048, 3072, 4224, 5632], "overflow": "eager_unpadded", "route_counts": {"3072": 3}, "real_tokens": 8748, "physical_tokens": 9216, "useful_token_fraction": 0.94921875, "compile_records": {"3072": {"compile_wrapper_s": 0.00011616176925599575, "first_call_s": 0.7102341409772635, "cache_dir": "/workspace/repos/paddle_ocr_vl_npu/.runtime_cache/11_mineru_2_5_pro_inference/vision_prefill_b1_fp16_9511b2e/mineru_vision_blocks_promptfa_mask_sparse1_bs1_seq3072_dtypefloat16_model22097df08750_torch2.10.0+cpu_torchnpu2.10.0_src2910a67c2383"}, "384": {"compile_wrapper_s": 0.00013924320228397846, "first_call_s": 0.665291537065059, "cache_dir": "/workspace/repos/paddle_ocr_vl_npu/.runtime_cache/11_mineru_2_5_pro_inference/vision_prefill_b1_fp16_9511b2e/mineru_vision_blocks_promptfa_mask_sparse1_bs1_seq384_dtypefloat16_model22097df08750_torch2.10.0+cpu_torchnpu2.10.0_src2910a67c2383"}, "512": {"compile_wrapper_s": 0.00012077204883098602, "first_call_s": 0.6588064869865775, "cache_dir": "/workspace/repos/paddle_ocr_vl_npu/.runtime_cache/11_mineru_2_5_pro_inference/vision_prefill_b1_fp16_9511b2e/mineru_vision_blocks_promptfa_mask_sparse1_bs1_seq512_dtypefloat16_model22097df08750_torch2.10.0+cpu_torchnpu2.10.0_src2910a67c2383"}, "768": {"compile_wrapper_s": 8.063088171184063e-05, "first_call_s": 0.6893199258483946, "cache_dir": "/workspace/repos/paddle_ocr_vl_npu/.runtime_cache/11_mineru_2_5_pro_inference/vision_prefill_b1_fp16_9511b2e/mineru_vision_blocks_promptfa_mask_sparse1_bs1_seq768_dtypefloat16_model22097df08750_torch2.10.0+cpu_torchnpu2.10.0_src2910a67c2383"}, "1024": {"compile_wrapper_s": 0.0002206629142165184, "first_call_s": 0.685749274911359, "cache_dir": "/workspace/repos/paddle_ocr_vl_npu/.runtime_cache/11_mineru_2_5_pro_inference/vision_prefill_b1_fp16_9511b2e/mineru_vision_blocks_promptfa_mask_sparse1_bs1_seq1024_dtypefloat16_model22097df08750_torch2.10.0+cpu_torchnpu2.10.0_src2910a67c2383"}, "1536": {"compile_wrapper_s": 0.00016092299483716488, "first_call_s": 0.6993748561944813, "cache_dir": "/workspace/repos/paddle_ocr_vl_npu/.runtime_cache/11_mineru_2_5_pro_inference/vision_prefill_b1_fp16_9511b2e/mineru_vision_blocks_promptfa_mask_sparse1_bs1_seq1536_dtypefloat16_model22097df08750_torch2.10.0+cpu_torchnpu2.10.0_src2910a67c2383"}, "2048": {"compile_wrapper_s": 8.790218271315098e-05, "first_call_s": 0.6725829509086907, "cache_dir": "/workspace/repos/paddle_ocr_vl_npu/.runtime_cache/11_mineru_2_5_pro_inference/vision_prefill_b1_fp16_9511b2e/mineru_vision_blocks_promptfa_mask_sparse1_bs1_seq2048_dtypefloat16_model22097df08750_torch2.10.0+cpu_torchnpu2.10.0_src2910a67c2383"}, "4224": {"compile_wrapper_s": 8.184090256690979e-05, "first_call_s": 0.7162015528883785, "cache_dir": "/workspace/repos/paddle_ocr_vl_npu/.runtime_cache/11_mineru_2_5_pro_inference/vision_prefill_b1_fp16_9511b2e/mineru_vision_blocks_promptfa_mask_sparse1_bs1_seq4224_dtypefloat16_model22097df08750_torch2.10.0+cpu_torchnpu2.10.0_src2910a67c2383"}, "5632": {"compile_wrapper_s": 8.440110832452774e-05, "first_call_s": 0.745889037149027, "cache_dir": "/workspace/repos/paddle_ocr_vl_npu/.runtime_cache/11_mineru_2_5_pro_inference/vision_prefill_b1_fp16_9511b2e/mineru_vision_blocks_promptfa_mask_sparse1_bs1_seq5632_dtypefloat16_model22097df08750_torch2.10.0+cpu_torchnpu2.10.0_src2910a67c2383"}}}, "text_runtime": {"enabled": true, "boundary": "packed_block_diagonal_text_transformer", "buckets": [128, 256, 512, 1024], "max_members": 32, "packed_qkv": false, "packed_gate_up": false, "attention": "manual_block_diagonal_causal", "route_counts": {}, "pack_count": 0, "real_tokens": 0, "physical_tokens": 0, "useful_token_fraction": null, "cache_copy_bytes": 0, "compile_records": {}}}, "ascend_rt_visible_devices": "6", "pipeline_wall_s": 30.73081857105717, "completed": 32, "skipped": 0, "failed": 0, "measured_page_mean_s": null, "measured_pages_per_s": null, "measured_group_count": 1, "measured_group_wall_s": 30.647642557974905, "measured_group_pages_per_s": 1.044125985855744, "local_compiled_vision": {"backend": "torchair", "boundary": "32_vision_transformer_blocks", "batch_size": 1, "attention": "prompt_flash_attention", "mask_sparse_mode": 1, "padding": "bucket", "buckets": [384, 512, 768, 1024, 1536, 2048, 3072, 4224, 5632], "overflow": "eager_unpadded", "route_counts": {"3072": 32}, "real_tokens": 93312, "physical_tokens": 98304, "useful_token_fraction": 0.94921875, "compile_records": {"3072": {"compile_wrapper_s": 0.00011616176925599575, "first_call_s": 0.7102341409772635, "cache_dir": "/workspace/repos/paddle_ocr_vl_npu/.runtime_cache/11_mineru_2_5_pro_inference/vision_prefill_b1_fp16_9511b2e/mineru_vision_blocks_promptfa_mask_sparse1_bs1_seq3072_dtypefloat16_model22097df08750_torch2.10.0+cpu_torchnpu2.10.0_src2910a67c2383"}, "384": {"compile_wrapper_s": 0.00013924320228397846, "first_call_s": 0.665291537065059, "cache_dir": "/workspace/repos/paddle_ocr_vl_npu/.runtime_cache/11_mineru_2_5_pro_inference/vision_prefill_b1_fp16_9511b2e/mineru_vision_blocks_promptfa_mask_sparse1_bs1_seq384_dtypefloat16_model22097df08750_torch2.10.0+cpu_torchnpu2.10.0_src2910a67c2383"}, "512": {"compile_wrapper_s": 0.00012077204883098602, "first_call_s": 0.6588064869865775, "cache_dir": "/workspace/repos/paddle_ocr_vl_npu/.runtime_cache/11_mineru_2_5_pro_inference/vision_prefill_b1_fp16_9511b2e/mineru_vision_blocks_promptfa_mask_sparse1_bs1_seq512_dtypefloat16_model22097df08750_torch2.10.0+cpu_torchnpu2.10.0_src2910a67c2383"}, "768": {"compile_wrapper_s": 8.063088171184063e-05, "first_call_s": 0.6893199258483946, "cache_dir": "/workspace/repos/paddle_ocr_vl_npu/.runtime_cache/11_mineru_2_5_pro_inference/vision_prefill_b1_fp16_9511b2e/mineru_vision_blocks_promptfa_mask_sparse1_bs1_seq768_dtypefloat16_model22097df08750_torch2.10.0+cpu_torchnpu2.10.0_src2910a67c2383"}, "1024": {"compile_wrapper_s": 0.0002206629142165184, "first_call_s": 0.685749274911359, "cache_dir": "/workspace/repos/paddle_ocr_vl_npu/.runtime_cache/11_mineru_2_5_pro_inference/vision_prefill_b1_fp16_9511b2e/mineru_vision_blocks_promptfa_mask_sparse1_bs1_seq1024_dtypefloat16_model22097df08750_torch2.10.0+cpu_torchnpu2.10.0_src2910a67c2383"}, "1536": {"compile_wrapper_s": 0.00016092299483716488, "first_call_s": 0.6993748561944813, "cache_dir": "/workspace/repos/paddle_ocr_vl_npu/.runtime_cache/11_mineru_2_5_pro_inference/vision_prefill_b1_fp16_9511b2e/mineru_vision_blocks_promptfa_mask_sparse1_bs1_seq1536_dtypefloat16_model22097df08750_torch2.10.0+cpu_torchnpu2.10.0_src2910a67c2383"}, "2048": {"compile_wrapper_s": 8.790218271315098e-05, "first_call_s": 0.6725829509086907, "cache_dir": "/workspace/repos/paddle_ocr_vl_npu/.runtime_cache/11_mineru_2_5_pro_inference/vision_prefill_b1_fp16_9511b2e/mineru_vision_blocks_promptfa_mask_sparse1_bs1_seq2048_dtypefloat16_model22097df08750_torch2.10.0+cpu_torchnpu2.10.0_src2910a67c2383"}, "4224": {"compile_wrapper_s": 8.184090256690979e-05, "first_call_s": 0.7162015528883785, "cache_dir": "/workspace/repos/paddle_ocr_vl_npu/.runtime_cache/11_mineru_2_5_pro_inference/vision_prefill_b1_fp16_9511b2e/mineru_vision_blocks_promptfa_mask_sparse1_bs1_seq4224_dtypefloat16_model22097df08750_torch2.10.0+cpu_torchnpu2.10.0_src2910a67c2383"}, "5632": {"compile_wrapper_s": 8.440110832452774e-05, "first_call_s": 0.745889037149027, "cache_dir": "/workspace/repos/paddle_ocr_vl_npu/.runtime_cache/11_mineru_2_5_pro_inference/vision_prefill_b1_fp16_9511b2e/mineru_vision_blocks_promptfa_mask_sparse1_bs1_seq5632_dtypefloat16_model22097df08750_torch2.10.0+cpu_torchnpu2.10.0_src2910a67c2383"}}}, "local_compiled_text_prefill": {"enabled": true, "boundary": "packed_block_diagonal_text_transformer", "buckets": [128, 256, 512, 1024], "max_members": 32, "packed_qkv": false, "packed_gate_up": false, "attention": "manual_block_diagonal_causal", "route_counts": {"1024": 32}, "pack_count": 32, "real_tokens": 24128, "physical_tokens": 32768, "useful_token_fraction": 0.736328125, "cache_copy_bytes": 296484864, "compile_records": {"1024": {"cache_dir": "/workspace/repos/paddle_ocr_vl_npu/.runtime_cache/11_mineru_2_5_pro_inference/text_prefill_packed_fp16/mineru_text_packed_block_causal_stock_projections_bs1_seq1024_members32_dtypefloat16_model22097df08750_torch2.10.0+cpu_torchnpu2.10.0_srccd1623e68379", "cache_was_warm": true, "compile_wrapper_s": 0.001178879989311099, "first_call_s": 0.8745935240294784}}}, "local_compiled_generation": {"calls": 1, "decode_calls": 76414, "raw_decode_token_slots": 106912, "active_decode_token_slots": 76414, "idle_decode_token_slots": 30498, "active_slot_fraction": 0.7147373540856031, "refill_count": 31, "prepare_prefetch_depth": 16, "cpu_prepare_worker_s": 0.7191522896755487, "cpu_prepare_wait_s": 0.6000731091480702, "request_h2d_submit_s": 0.11225618910975754, "decode_s": 14.947521926602349, "decode_tok_s": 5112.151724895934, "raw_decode_tok_s": 7152.489926087813, "prefill_s": 3.9551811411511153, "generation_wall_s": 25.294676691060886, "compile_wrapper_s": 0, "compiled_first_call_s": 0, "prefill_metrics": {"request_count": 32, "raw_vision_tokens": 93312, "merged_vision_tokens": 23328, "text_prefill_tokens": 24128, "physical_text_prefill_tokens": 32768, "text_prefill_pack_count": 32, "text_prefill_overflow_count": 0, "text_kv_redistribute_bytes": 296484864, "token_embedding": 0.003763459995388985, "vision_patch_embed": 0.9361173610687256, "vision_position_prepare": 0.04613563990592958, "vision_transformer_blocks": 1.4648403167724606, "vision_merger": 0.007365480050444602, "image_embed_scatter": 0.017375619947910308, "mrope_prepare": 0.06331477963924408, "text_transformer_prefill": 1.365124090194702, "text_kv_redistribute": 0.018228659868240352, "prefill_lm_head": 0.012060440063476561, "raw_vision_tok_s": 0.0, "merged_vision_tok_s": 0.0, "text_prefill_tok_s": 17674.58370510385, "physical_text_prefill_tok_s": 24003.67866581743}, "prefill_calls": [{"call_index": 0, "request_count": 32, "prefill_s": 3.9551811411511153, "prefill_metrics": {"request_count": 32, "raw_vision_tokens": 93312, "merged_vision_tokens": 23328, "text_prefill_tokens": 24128, "physical_text_prefill_tokens": 32768, "text_prefill_pack_count": 32, "text_prefill_overflow_count": 0, "text_kv_redistribute_bytes": 296484864, "token_embedding": 0.003763459995388985, "vision_patch_embed": 0.9361173610687256, "vision_position_prepare": 0.04613563990592958, "vision_transformer_blocks": 1.4648403167724606, "vision_merger": 0.007365480050444602, "image_embed_scatter": 0.017375619947910308, "mrope_prepare": 0.06331477963924408, "text_transformer_prefill": 1.365124090194702, "text_kv_redistribute": 0.018228659868240352, "prefill_lm_head": 0.012060440063476561}}]}}
