Device_id,Model ID,Task ID,Stream ID,Op Name,OP Type,OP State,Task Type,Task Start Time(us),Task Duration(us),Task Wait Time(us),Block Num,Mix Block Num,HF32 Eligible,Input Shapes,Input Data Types,Input Formats,Output Shapes,Output Data Types,Output Formats,Context ID,aicore_time(us),aic_total_cycles,aic_mac_time(us),aic_mac_ratio,aic_scalar_time(us),aic_scalar_ratio,aic_mte1_time(us),aic_mte1_ratio,aic_mte2_time(us),aic_mte2_ratio,aic_fixpipe_time(us),aic_fixpipe_ratio,aic_icache_miss_rate,aiv_time(us),aiv_total_cycles,aiv_vec_time(us),aiv_vec_ratio,aiv_scalar_time(us),aiv_scalar_ratio,aiv_mte2_time(us),aiv_mte2_ratio,aiv_mte3_time(us),aiv_mte3_ratio,aiv_icache_miss_rate,cube_utilization(%)
2,2,837,3,UpdateModelParam_static_bin,Data,dynamic,AI_VECTOR_CORE,1784812101645074.910	,5.560,0,1,0,NO,N/A,N/A,N/A,N/A,N/A,N/A,N/A,0.0,0,0.0,0.0,0.0,0.0,0.0,0.0,0.0,0.0,0.0,0.0,0.0,5.063,9113,0.981,0.194,2.783,0.55,0.881,0.174,0.169,0.033,0.148,0.000
2,2,0,6,Range,Range,static,AI_VECTOR_CORE,1784812101645144.570	,9.260,63.940000,48,0,NO,""";;""",INT32;FLOAT;INT32,NCHW;NCHW;NCHW,"""1024""",FLOAT,NCHW,N/A,0.0,0,0.0,0.0,0.0,0.0,0.0,0.0,0.0,0.0,0.0,0.0,0.0,6.303,544537,0.07,0.011,1.506,0.239,0.001,0.0,0.926,0.147,0.209,0.000
2,2,1,6,Cast,Cast,static,AI_VECTOR_CORE,1784812101645153.850	,1.340,0.000000,2,0,NO,"""1024""",FLOAT,NCHW,"""1024""",INT64,NCHW,N/A,0.0,0,0.0,0.0,0.0,0.0,0.0,0.0,0.0,0.0,0.0,0.0,0.0,0.799,2878,0.031,0.039,0.114,0.143,0.111,0.139,0.268,0.336,0.28,0.000
2,2,2,6,GatherV2,GatherV2,static,AI_VECTOR_CORE,1784812101645155.210	,6.860,0.160000,32,0,NO,"""103424,1024;64,1;1""",FLOAT16;INT64;INT64,ND;ND;ND,"""64,1,1024""",FLOAT16,ND,N/A,0.0,0,0.0,0.0,0.0,0.0,0.0,0.0,0.0,0.0,0.0,0.0,0.0,4.229,243618,0.049,0.012,0.157,0.037,1.112,0.263,0.363,0.086,0.177,0.000
2,2,3,6,RmsNorm,RmsNorm,static,AI_VECTOR_CORE,1784812101645162.090	,13.360,0.000000,32,0,NO,"""64,1,1024;1024""",FLOAT16;FLOAT16,ND;ND,"""64,1,1024;64,1,1""",FLOAT16;FLOAT,ND;ND,N/A,0.0,0,0.0,0.0,0.0,0.0,0.0,0.0,0.0,0.0,0.0,0.0,0.0,10.055,579170,0.854,0.085,4.411,0.439,0.606,0.06,0.424,0.042,0.166,0.000
2,2,4,6,MatMul,MatMul,static,AI_CORE,1784812101645175.470	,11.120,0.140000,23,0,NO,"""64,1024;2560,1024""",FLOAT16;FLOAT16,ND;ND,"""64,2560""",FLOAT16,ND,N/A,8.906,368688,1.175,0.132,0.365,0.041,1.537,0.173,5.441,0.611,0.793,0.089,0.172,0.0,0,0.0,0.0,0.0,0.0,0.0,0.0,0.0,0.0,0.0,76.749
2,2,5,6,SplitV_2,SplitVD,static,AI_VECTOR_CORE,1784812101645186.610	,4.000,0.000000,2,0,NO,"""64,1,2560""",FLOAT16,ND,"""64,1,2048;64,1,256;64,1,256""",FLOAT16;FLOAT16;FLOAT16,ND;ND;ND,N/A,0.0,0,0.0,0.0,0.0,0.0,0.0,0.0,0.0,0.0,0.0,0.0,0.0,3.32,11952,0.008,0.002,0.143,0.043,1.139,0.343,1.751,0.527,0.231,0.000
2,2,6,6,Add,Add,static,AI_VECTOR_CORE,1784812101645190.630	,1.520,0.250000,1,0,NO,"""64,1;64,1""",INT64;INT64,NCHW;NCHW,"""64,1""",INT64,NCHW,N/A,0.0,0,0.0,0.0,0.0,0.0,0.0,0.0,0.0,0.0,0.0,0.0,0.0,0.953,1716,0.193,0.203,0.129,0.135,0.252,0.264,0.135,0.142,0.217,0.000
2,2,7,6,BroadcastTo,BroadcastTo,static,AI_VECTOR_CORE,1784812101645192.170	,1.180,0.000000,1,0,NO,"""1,64,1;3""",INT64;INT64,NCHW;NCHW,"""3,64,1""",INT64,NCHW,N/A,0.0,0,0.0,0.0,0.0,0.0,0.0,0.0,0.0,0.0,0.0,0.0,0.0,0.633,1139,0.019,0.031,0.147,0.232,0.121,0.191,0.116,0.183,0.238,0.000
2,2,8,6,Cast_1,Cast,static,AI_VECTOR_CORE,1784812101645193.370	,1.340,0.000000,1,0,NO,"""3,64,1,1""",INT64,NCHW,"""3,64,1,1""",FLOAT,NCHW,N/A,0.0,0,0.0,0.0,0.0,0.0,0.0,0.0,0.0,0.0,0.0,0.0,0.0,0.784,1412,0.021,0.027,0.107,0.137,0.115,0.147,0.155,0.198,0.263,0.000
2,2,9,6,Scatter_1,Scatter,static,AI_VECTOR_CORE,1784812101645194.730	,6.940,0.160000,43,0,NO,"""64,2,1024,128;64;64,2,1,128""",FLOAT16;INT64;FLOAT16,NCHW;NCHW;NCHW,"""64,2,1024,128""",FLOAT16,NCHW,N/A,0.0,0,0.0,0.0,0.0,0.0,0.0,0.0,0.0,0.0,0.0,0.0,0.0,3.584,277398,0.008,0.002,0.169,0.047,0.116,0.032,0.458,0.128,0.265,0.000
2,2,10,6,BroadcastTo_1,BroadcastTo,static,AI_VECTOR_CORE,1784812101645201.690	,7.320,0.060000,48,0,NO,"""1,1,64,1;4""",FLOAT;INT64,NCHW;NCHW,"""3,64,64,1""",FLOAT,NCHW,N/A,0.0,0,0.0,0.0,0.0,0.0,0.0,0.0,0.0,0.0,0.0,0.0,0.0,3.534,305335,0.023,0.007,0.121,0.034,0.111,0.031,0.244,0.069,0.257,0.000
2,2,11,6,Mul,Mul,static,AI_VECTOR_CORE,1784812101645209.030	,7.200,0.000000,48,0,NO,"""3,64,64,1;3,64,1,1""",FLOAT;FLOAT,NCHW;NCHW,"""3,64,64,1""",FLOAT,NCHW,N/A,0.0,0,0.0,0.0,0.0,0.0,0.0,0.0,0.0,0.0,0.0,0.0,0.0,3.678,317776,0.048,0.013,0.124,0.034,0.198,0.054,0.22,0.06,0.199,0.000
2,2,12,6,ConcatV2,ConcatV2D,static,AI_VECTOR_CORE,1784812101645216.250	,2.120,0.050000,1,0,NO,"""3,64,1,64;3,64,1,64""",FLOAT;FLOAT,NCHW;NCHW,"""3,64,1,128""",FLOAT,NCHW,N/A,0.0,0,0.0,0.0,0.0,0.0,0.0,0.0,0.0,0.0,0.0,0.0,0.0,1.588,2858,0.241,0.152,0.126,0.079,0.547,0.345,0.583,0.367,0.261,0.000
2,2,13,6,Cos,Cos,static,AI_VECTOR_CORE,1784812101645218.390	,6.000,0.130000,24,0,NO,"""3,64,1,128""",FLOAT,NCHW,"""3,64,1,128""",FLOAT,NCHW,N/A,0.0,0,0.0,0.0,0.0,0.0,0.0,0.0,0.0,0.0,0.0,0.0,0.0,3.718,160609,0.989,0.266,0.153,0.041,0.212,0.057,0.154,0.041,0.197,0.000
2,2,14,6,Mul_1Cast_5,Mul,static,AI_VECTOR_CORE,1784812101645224.430	,5.060,0.000000,24,0,NO,"""3,64,1,128;""",FLOAT;FLOAT,NCHW;NCHW,"""3,64,1,128""",FLOAT16,NCHW,N/A,0.0,0,0.0,0.0,0.0,0.0,0.0,0.0,0.0,0.0,0.0,0.0,0.0,2.783,120247,0.048,0.017,0.137,0.049,0.31,0.111,0.266,0.095,0.192,0.000
2,2,15,6,Sin,Sin,static,AI_VECTOR_CORE,1784812101645229.510	,5.780,0.000000,24,0,NO,"""3,64,1,128""",FLOAT,NCHW,"""3,64,1,128""",FLOAT,NCHW,N/A,0.0,0,0.0,0.0,0.0,0.0,0.0,0.0,0.0,0.0,0.0,0.0,0.0,3.485,150563,0.932,0.267,0.178,0.051,0.236,0.068,0.161,0.046,0.192,0.000
2,2,16,6,Mul_2Cast_6,Mul,static,AI_VECTOR_CORE,1784812101645235.310	,1.920,0.000000,24,0,NO,"""3,64,1,128;""",FLOAT;FLOAT,NCHW;NCHW,"""3,64,1,128""",FLOAT16,NCHW,N/A,0.0,0,0.0,0.0,0.0,0.0,0.0,0.0,0.0,0.0,0.0,0.0,0.0,0.777,33545,0.047,0.06,0.379,0.488,0.186,0.24,0.132,0.17,0.0,0.000
2,2,17,6,SplitV,SplitVD,static,AI_VECTOR_CORE,1784812101645237.250	,4.140,0.080000,1,0,NO,"""3,64,1,128""",FLOAT16,NCHW,"""3,64,1,16;3,64,1,24;3,64,1,24;3,64,1,16;3,64,1,24;3,64,1,24""",FLOAT16;FLOAT16;FLOAT16;FLOAT16;FLOAT16;FLOAT16,NCHW;NCHW;NCHW;NCHW;NCHW;NCHW,N/A,0.0,0,0.0,0.0,0.0,0.0,0.0,0.0,0.0,0.0,0.0,0.0,0.0,3.598,6477,2.234,0.621,0.297,0.083,0.327,0.091,0.893,0.248,0.177,0.000
2,2,18,6,GatherV2_1,GatherV2,static,AI_VECTOR_CORE,1784812101645241.410	,7.460,0.110000,47,0,NO,"""3,64,1,16;;1""",FLOAT16;INT64;INT64,NCHW;NCHW;NCHW,"""64,1,16""",FLOAT16,NCHW,N/A,0.0,0,0.0,0.0,0.0,0.0,0.0,0.0,0.0,0.0,0.0,0.0,0.0,3.7,313012,0.049,0.013,0.156,0.042,0.212,0.057,0.147,0.04,0.174,0.000
2,2,19,6,GatherV2_4,GatherV2,static,AI_VECTOR_CORE,1784812101645248.890	,5.520,0.040000,47,0,NO,"""3,64,1,16;;1""",FLOAT16;INT64;INT64,NCHW;NCHW;NCHW,"""64,1,16""",FLOAT16,NCHW,N/A,0.0,0,0.0,0.0,0.0,0.0,0.0,0.0,0.0,0.0,0.0,0.0,0.0,3.553,300557,0.049,0.014,1.417,0.399,1.794,0.505,0.28,0.079,0.004,0.000
2,2,20,6,GatherV2_2,GatherV2,static,AI_VECTOR_CORE,1784812101645254.430	,7.420,0.000000,48,0,NO,"""3,64,1,24;;1""",FLOAT16;INT64;INT64,NCHW;NCHW;NCHW,"""64,1,24""",FLOAT16,NCHW,N/A,0.0,0,0.0,0.0,0.0,0.0,0.0,0.0,0.0,0.0,0.0,0.0,0.0,3.634,313981,0.058,0.016,0.155,0.043,0.206,0.057,0.123,0.034,0.167,0.000
2,2,21,6,GatherV2_3,GatherV2,static,AI_VECTOR_CORE,1784812101645261.870	,4.100,0.000000,48,0,NO,"""3,64,1,24;;1""",FLOAT16;INT64;INT64,NCHW;NCHW;NCHW,"""64,1,24""",FLOAT16,NCHW,N/A,0.0,0,0.0,0.0,0.0,0.0,0.0,0.0,0.0,0.0,0.0,0.0,0.0,1.76,152090,0.058,0.033,1.422,0.808,0.127,0.072,0.112,0.063,0.0,0.000
2,2,22,6,GatherV2_5,GatherV2,static,AI_VECTOR_CORE,1784812101645265.990	,2.800,0.150000,48,0,NO,"""3,64,1,24;;1""",FLOAT16;INT64;INT64,NCHW;NCHW;NCHW,"""64,1,24""",FLOAT16,NCHW,N/A,0.0,0,0.0,0.0,0.0,0.0,0.0,0.0,0.0,0.0,0.0,0.0,0.0,1.155,99790,0.058,0.05,0.634,0.549,0.296,0.257,0.122,0.106,0.0,0.000
2,2,23,6,GatherV2_6,GatherV2,static,AI_VECTOR_CORE,1784812101645268.810	,4.080,0.000000,48,0,NO,"""3,64,1,24;;1""",FLOAT16;INT64;INT64,NCHW;NCHW;NCHW,"""64,1,24""",FLOAT16,NCHW,N/A,0.0,0,0.0,0.0,0.0,0.0,0.0,0.0,0.0,0.0,0.0,0.0,0.0,1.765,152539,0.058,0.033,1.426,0.808,0.117,0.066,0.121,0.069,0.0,0.000
2,2,24,6,SplitV_1,SplitVD,static,AI_VECTOR_CORE,1784812101645272.910	,4.020,0.170000,1,0,NO,"""3,64,1,128""",FLOAT16,NCHW,"""3,64,1,16;3,64,1,24;3,64,1,24;3,64,1,16;3,64,1,24;3,64,1,24""",FLOAT16;FLOAT16;FLOAT16;FLOAT16;FLOAT16;FLOAT16,NCHW;NCHW;NCHW;NCHW;NCHW;NCHW,N/A,0.0,0,0.0,0.0,0.0,0.0,0.0,0.0,0.0,0.0,0.0,0.0,0.0,3.505,6309,2.234,0.637,0.304,0.087,0.324,0.093,0.885,0.252,0.164,0.000
2,2,25,6,GatherV2_10,GatherV2,static,AI_VECTOR_CORE,1784812101645276.950	,3.020,0.000000,47,0,NO,"""3,64,1,16;;1""",FLOAT16;INT64;INT64,NCHW;NCHW;NCHW,"""64,1,16""",FLOAT16,NCHW,N/A,0.0,0,0.0,0.0,0.0,0.0,0.0,0.0,0.0,0.0,0.0,0.0,0.0,1.253,105964,0.049,0.039,0.627,0.5,0.307,0.245,0.225,0.18,0.0,0.000
2,2,26,6,GatherV2_7,GatherV2,static,AI_VECTOR_CORE,1784812101645279.990	,4.120,0.000000,47,0,NO,"""3,64,1,16;;1""",FLOAT16;INT64;INT64,NCHW;NCHW;NCHW,"""64,1,16""",FLOAT16,NCHW,N/A,0.0,0,0.0,0.0,0.0,0.0,0.0,0.0,0.0,0.0,0.0,0.0,0.0,1.875,158649,0.049,0.026,1.405,0.749,0.216,0.115,0.162,0.087,0.0,0.000
2,2,27,6,GatherV2_11,GatherV2,static,AI_VECTOR_CORE,1784812101645284.130	,2.780,0.130000,48,0,NO,"""3,64,1,24;;1""",FLOAT16;INT64;INT64,NCHW;NCHW;NCHW,"""64,1,24""",FLOAT16,NCHW,N/A,0.0,0,0.0,0.0,0.0,0.0,0.0,0.0,0.0,0.0,0.0,0.0,0.0,1.11,95864,0.058,0.052,0.629,0.567,0.237,0.214,0.141,0.127,0.0,0.000
2,2,28,6,GatherV2_12,GatherV2,static,AI_VECTOR_CORE,1784812101645286.930	,4.040,0.000000,48,0,NO,"""3,64,1,24;;1""",FLOAT16;INT64;INT64,NCHW;NCHW;NCHW,"""64,1,24""",FLOAT16,NCHW,N/A,0.0,0,0.0,0.0,0.0,0.0,0.0,0.0,0.0,0.0,0.0,0.0,0.0,1.922,166024,0.058,0.03,1.422,0.74,0.283,0.147,0.116,0.06,0.0,0.000
2,2,29,6,GatherV2_8,GatherV2,static,AI_VECTOR_CORE,1784812101645290.990	,2.780,0.000000,48,0,NO,"""3,64,1,24;;1""",FLOAT16;INT64;INT64,NCHW;NCHW;NCHW,"""64,1,24""",FLOAT16,NCHW,N/A,0.0,0,0.0,0.0,0.0,0.0,0.0,0.0,0.0,0.0,0.0,0.0,0.0,1.106,95563,0.058,0.052,0.629,0.568,0.238,0.215,0.137,0.124,0.0,0.000
2,2,30,6,GatherV2_9,GatherV2,static,AI_VECTOR_CORE,1784812101645293.790	,4.080,0.000000,48,0,NO,"""3,64,1,24;;1""",FLOAT16;INT64;INT64,NCHW;NCHW;NCHW,"""64,1,24""",FLOAT16,NCHW,N/A,0.0,0,0.0,0.0,0.0,0.0,0.0,0.0,0.0,0.0,0.0,0.0,0.0,2.092,180713,0.058,0.028,1.425,0.681,0.373,0.178,0.198,0.095,0.0,0.000
2,2,31,6,ConcatV2_1,ConcatV2D,static,AI_VECTOR_CORE,1784812101645297.890	,3.800,0.170000,1,0,NO,"""64,1,16;64,1,24;64,1,24;64,1,16;64,1,24;64,1,24""",FLOAT16;FLOAT16;FLOAT16;FLOAT16;FLOAT16;FLOAT16,NCHW;NCHW;NCHW;NCHW;NCHW;NCHW,"""64,1,128""",FLOAT16,NCHW,N/A,0.0,0,0.0,0.0,0.0,0.0,0.0,0.0,0.0,0.0,0.0,0.0,0.0,3.281,5905,2.39,0.729,0.259,0.079,0.17,0.052,0.358,0.109,0.185,0.000
2,2,32,6,ConcatV2_2,ConcatV2D,static,AI_VECTOR_CORE,1784812101645301.710	,3.540,0.000000,1,0,NO,"""64,1,16;64,1,24;64,1,24;64,1,16;64,1,24;64,1,24""",FLOAT16;FLOAT16;FLOAT16;FLOAT16;FLOAT16;FLOAT16,NCHW;NCHW;NCHW;NCHW;NCHW;NCHW,"""64,1,128""",FLOAT16,NCHW,N/A,0.0,0,0.0,0.0,0.0,0.0,0.0,0.0,0.0,0.0,0.0,0.0,0.0,3.005,5409,2.39,0.795,0.261,0.087,0.165,0.055,0.171,0.057,0.178,0.000
2,2,33,6,ApplyRotaryPosEmb,ApplyRotaryPosEmb,static,AI_VECTOR_CORE,1784812101645305.290	,10.480,0.000000,32,0,NO,"""64,1,16,128;64,1,2,128;64,1,1,128;64,1,1,128""",FLOAT16;FLOAT16;FLOAT16;FLOAT16,NCHW;NCHW;NCHW;NCHW,"""64,1,16,128;64,1,2,128""",FLOAT16;FLOAT16,NCHW;NCHW,N/A,0.0,0,0.0,0.0,0.0,0.0,0.0,0.0,0.0,0.0,0.0,0.0,0.0,7.608,438239,0.258,0.034,1.783,0.234,0.446,0.059,0.222,0.029,0.149,0.000
2,2,34,6,Scatter,Scatter,static,AI_VECTOR_CORE,1784812101645315.790	,6.800,0.020000,43,0,NO,"""64,2,1024,128;64;64,2,1,128""",FLOAT16;INT64;FLOAT16,NCHW;NCHW;NCHW,"""64,2,1024,128""",FLOAT16,NCHW,N/A,0.0,0,0.0,0.0,0.0,0.0,0.0,0.0,0.0,0.0,0.0,0.0,0.0,3.413,264154,0.008,0.002,0.168,0.049,0.211,0.062,0.445,0.13,0.208,0.000
2,2,35,6,Greater,Greater,static,AI_VECTOR_CORE,1784812101645322.610	,10.200,0.000000,32,0,NO,"""1,1024;64,1""",INT64;INT64,NCHW;NCHW,"""64,1024""",BOOL,NCHW,N/A,0.0,0,0.0,0.0,0.0,0.0,0.0,0.0,0.0,0.0,0.0,0.0,0.0,7.272,418867,3.986,0.548,0.761,0.105,0.43,0.059,0.337,0.046,0.06,0.000
2,2,36,6,IncreFlashAttention,IncreFlashAttention,static,MIX_AIC,1784812101645334.150	,81.040,1.550000,24,48,NO,"""64,16,1,128;64,2,1024,128;64,2,1024,128;64,1,1,1024""",FLOAT16;FLOAT16;FLOAT16;BOOL,NCHW;NCHW;NCHW;NCHW,"""64,16,1,128""",FLOAT16,NCHW,0,75.816,3275272,5.736,0.076,42.155,0.556,14.372,0.19,48.314,0.637,17.902,0.236,0.013,69.029,5964084,3.726,0.054,6.784,0.098,1.949,0.028,1.958,0.028,0.07,93.554
2,2,37,6,MatMul_1,MatMul,static,AI_CORE,1784812101645415.870	,10.160,0.460000,22,0,NO,"""64,2048;1024,2048""",FLOAT16;FLOAT16,ND;ND,"""64,1024""",FLOAT16,ND,N/A,8.314,329231,1.116,0.134,0.198,0.024,1.609,0.194,5.491,0.66,0.414,0.05,0.152,0.0,0,0.0,0.0,0.0,0.0,0.0,0.0,0.0,0.0,0.0,75.011
2,2,38,6,InplaceAddRmsNorm,InplaceAddRmsNorm,static,AI_VECTOR_CORE,1784812101645426.050	,10.880,0.090000,32,0,NO,"""64,1,1024;64,1,1024;1024""",FLOAT16;FLOAT16;FLOAT16,ND;ND;ND,"""64,1,1024;64,1,1;64,1,1024""",FLOAT16;FLOAT;FLOAT16,ND;ND;ND,N/A,0.0,0,0.0,0.0,0.0,0.0,0.0,0.0,0.0,0.0,0.0,0.0,0.0,7.87,453304,0.572,0.073,1.968,0.25,0.437,0.055,0.507,0.064,0.164,0.000
2,2,39,6,MatMul_2,MatMul,static,AI_CORE,1784812101645436.950	,11.040,0.120000,24,0,NO,"""64,1024;3072,1024""",FLOAT16;FLOAT16,ND;ND,"""64,3072""",FLOAT16,ND,N/A,9.193,397121,1.344,0.146,0.164,0.018,1.643,0.179,6.135,0.667,0.282,0.031,0.175,0.0,0,0.0,0.0,0.0,0.0,0.0,0.0,0.0,0.0,0.0,83.266
2,2,40,6,MatMul_3,MatMul,static,AI_CORE,1784812101645448.010	,8.900,0.000000,24,0,NO,"""64,1024;3072,1024""",FLOAT16;FLOAT16,ND;ND,"""64,3072""",FLOAT16,ND,N/A,6.899,298049,1.353,0.196,0.471,0.068,1.674,0.243,5.648,0.819,0.278,0.04,0.0,0.0,0,0.0,0.0,0.0,0.0,0.0,0.0,0.0,0.0,0.0,77.520
2,2,41,6,SwishMul_3,AutomaticBufferFusionOp,static,AI_VECTOR_CORE,1784812101645456.950	,8.380,0.100000,48,0,NO,"""64,1,3072;64,1,3072""",FLOAT16;FLOAT16,ND;ND,"""64,1,3072""",FLOAT16,ND,N/A,0.0,0,0.0,0.0,0.0,0.0,0.0,0.0,0.0,0.0,0.0,0.0,0.0,6.201,535755,0.404,0.065,0.126,0.02,1.64,0.264,0.689,0.111,0.21,0.000
2,2,42,6,MatMul_4,MatMul,static,AI_CORE,1784812101645465.350	,12.800,0.000000,22,0,NO,"""64,3072;1024,3072""",FLOAT16;FLOAT16,ND;ND,"""64,1024""",FLOAT16,ND,N/A,10.686,423178,1.678,0.157,0.365,0.034,2.462,0.23,7.977,0.746,0.384,0.036,0.053,0.0,0,0.0,0.0,0.0,0.0,0.0,0.0,0.0,0.0,0.0,76.530
2,2,43,6,InplaceAddRmsNorm_1,InplaceAddRmsNorm,static,AI_VECTOR_CORE,1784812101645478.170	,7.180,0.200000,32,0,NO,"""64,1,1024;64,1,1024;1024""",FLOAT16;FLOAT16;FLOAT16,ND;ND;ND,"""64,1,1024;64,1,1;64,1,1024""",FLOAT16;FLOAT;FLOAT16,ND;ND;ND,N/A,0.0,0,0.0,0.0,0.0,0.0,0.0,0.0,0.0,0.0,0.0,0.0,0.0,3.896,224391,0.547,0.14,2.295,0.589,0.363,0.093,0.427,0.109,0.092,0.000
2,2,44,6,MatMul_5,MatMul,static,AI_CORE,1784812101645485.370	,12.260,0.000000,23,0,NO,"""64,1024;2560,1024""",FLOAT16;FLOAT16,ND;ND,"""64,2560""",FLOAT16,ND,N/A,9.916,410503,1.183,0.119,0.164,0.017,1.544,0.156,7.067,0.713,0.659,0.066,0.165,0.0,0,0.0,0.0,0.0,0.0,0.0,0.0,0.0,0.0,0.0,77.507
2,2,45,6,SplitV_3,SplitVD,static,AI_VECTOR_CORE,1784812101645497.650	,3.700,0.240000,2,0,NO,"""64,1,2560""",FLOAT16,ND,"""64,1,2048;64,1,256;64,1,256""",FLOAT16;FLOAT16;FLOAT16,ND;ND;ND,N/A,0.0,0,0.0,0.0,0.0,0.0,0.0,0.0,0.0,0.0,0.0,0.0,0.0,3.089,11119,0.008,0.003,0.139,0.045,1.085,0.351,1.654,0.535,0.2,0.000
2,2,46,6,Scatter_3,Scatter,static,AI_VECTOR_CORE,1784812101645501.390	,6.700,0.050000,43,0,NO,"""64,2,1024,128;64;64,2,1,128""",FLOAT16;INT64;FLOAT16,NCHW;NCHW;NCHW,"""64,2,1024,128""",FLOAT16,NCHW,N/A,0.0,0,0.0,0.0,0.0,0.0,0.0,0.0,0.0,0.0,0.0,0.0,0.0,3.487,269867,0.008,0.002,0.166,0.048,0.318,0.091,0.432,0.124,0.257,0.000
2,2,47,6,ApplyRotaryPosEmb_1,ApplyRotaryPosEmb,static,AI_VECTOR_CORE,1784812101645508.110	,10.280,0.000000,32,0,NO,"""64,1,16,128;64,1,2,128;64,1,1,128;64,1,1,128""",FLOAT16;FLOAT16;FLOAT16;FLOAT16,NCHW;NCHW;NCHW;NCHW,"""64,1,16,128;64,1,2,128""",FLOAT16;FLOAT16,NCHW;NCHW,N/A,0.0,0,0.0,0.0,0.0,0.0,0.0,0.0,0.0,0.0,0.0,0.0,0.0,7.955,458199,0.259,0.033,1.4,0.176,1.02,0.128,0.454,0.057,0.141,0.000
2,2,48,6,Scatter_2,Scatter,static,AI_VECTOR_CORE,1784812101645518.410	,4.460,0.220000,43,0,NO,"""64,2,1024,128;64;64,2,1,128""",FLOAT16;INT64;FLOAT16,NCHW;NCHW;NCHW,"""64,2,1024,128""",FLOAT16,NCHW,N/A,0.0,0,0.0,0.0,0.0,0.0,0.0,0.0,0.0,0.0,0.0,0.0,0.0,2.271,175765,0.008,0.003,1.489,0.656,0.174,0.077,0.548,0.241,0.041,0.000
2,2,49,6,IncreFlashAttention_1,IncreFlashAttention,static,MIX_AIC,1784812101645524.190	,78.860,1.290000,24,48,NO,"""64,16,1,128;64,2,1024,128;64,2,1024,128;64,1,1,1024""",FLOAT16;FLOAT16;FLOAT16;BOOL,NCHW;NCHW;NCHW;NCHW,"""64,16,1,128""",FLOAT16,NCHW,0,73.484,3174491,5.736,0.078,40.811,0.555,14.37,0.196,51.888,0.706,20.052,0.273,0.002,65.797,5684845,3.728,0.057,5.758,0.088,2.172,0.033,1.945,0.03,0.037,93.182
2,2,50,6,MatMul_6,MatMul,static,AI_CORE,1784812101645604.110	,11.060,0.890000,22,0,NO,"""64,2048;1024,2048""",FLOAT16;FLOAT16,ND;ND,"""64,1024""",FLOAT16,ND,N/A,8.463,335115,1.126,0.133,0.861,0.102,1.613,0.191,6.89,0.814,0.422,0.05,0.016,0.0,0,0.0,0.0,0.0,0.0,0.0,0.0,0.0,0.0,0.0,70.138
2,2,51,6,InplaceAddRmsNorm_2,InplaceAddRmsNorm,static,AI_VECTOR_CORE,1784812101645615.190	,8.340,0.190000,32,0,NO,"""64,1,1024;64,1,1024;1024""",FLOAT16;FLOAT16;FLOAT16,ND;ND;ND,"""64,1,1024;64,1,1;64,1,1024""",FLOAT16;FLOAT;FLOAT16,ND;ND;ND,N/A,0.0,0,0.0,0.0,0.0,0.0,0.0,0.0,0.0,0.0,0.0,0.0,0.0,5.452,314054,0.535,0.098,1.823,0.334,0.594,0.109,0.749,0.137,0.102,0.000
2,2,52,6,MatMul_7,MatMul,static,AI_CORE,1784812101645623.550	,12.380,0.000000,24,0,NO,"""64,1024;3072,1024""",FLOAT16;FLOAT16,ND;ND,"""64,3072""",FLOAT16,ND,N/A,10.544,455515,1.344,0.127,0.166,0.016,1.645,0.156,8.314,0.788,0.288,0.027,0.156,0.0,0,0.0,0.0,0.0,0.0,0.0,0.0,0.0,0.0,0.0,85.172
2,2,53,6,MatMul_8,MatMul,static,AI_CORE,1784812101645635.950	,11.900,0.120000,24,0,NO,"""64,1024;3072,1024""",FLOAT16;FLOAT16,ND;ND,"""64,3072""",FLOAT16,ND,N/A,10.016,432704,1.324,0.132,0.462,0.046,1.624,0.162,8.767,0.875,0.278,0.028,0.0,0.0,0,0.0,0.0,0.0,0.0,0.0,0.0,0.0,0.0,0.0,84.171
2,2,54,6,Swish_1Mul_4,AutomaticBufferFusionOp,static,AI_VECTOR_CORE,1784812101645647.870	,8.160,0.000000,48,0,NO,"""64,1,3072;64,1,3072""",FLOAT16;FLOAT16,ND;ND,"""64,1,3072""",FLOAT16,ND,N/A,0.0,0,0.0,0.0,0.0,0.0,0.0,0.0,0.0,0.0,0.0,0.0,0.0,6.029,520884,0.403,0.067,0.125,0.021,1.774,0.294,0.677,0.112,0.213,0.000
2,2,55,6,MatMul_9,MatMul,static,AI_CORE,1784812101645656.050	,18.340,0.090000,22,0,NO,"""64,3072;1024,3072""",FLOAT16;FLOAT16,ND;ND,"""64,1024""",FLOAT16,ND,N/A,15.727,622778,1.692,0.108,0.313,0.02,2.421,0.154,13.45,0.855,0.391,0.025,0.054,0.0,0,0.0,0.0,0.0,0.0,0.0,0.0,0.0,0.0,0.0,78.605
2,2,56,6,InplaceAddRmsNorm_3,InplaceAddRmsNorm,static,AI_VECTOR_CORE,1784812101645674.410	,6.940,0.160000,32,0,NO,"""64,1,1024;64,1,1024;1024""",FLOAT16;FLOAT16;FLOAT16,ND;ND;ND,"""64,1,1024;64,1,1;64,1,1024""",FLOAT16;FLOAT;FLOAT16,ND;ND;ND,N/A,0.0,0,0.0,0.0,0.0,0.0,0.0,0.0,0.0,0.0,0.0,0.0,0.0,3.791,218383,0.534,0.141,2.241,0.591,0.369,0.097,0.456,0.12,0.074,0.000
2,2,57,6,MatMul_10,MatMul,static,AI_CORE,1784812101645681.370	,13.960,0.000000,23,0,NO,"""64,1024;2560,1024""",FLOAT16;FLOAT16,ND;ND,"""64,2560""",FLOAT16,ND,N/A,11.149,461568,1.171,0.105,0.164,0.015,1.497,0.134,8.309,0.745,0.666,0.06,0.163,0.0,0,0.0,0.0,0.0,0.0,0.0,0.0,0.0,0.0,0.0,76.536
2,2,58,6,SplitV_4,SplitVD,static,AI_VECTOR_CORE,1784812101645695.370	,3.640,0.040000,2,0,NO,"""64,1,2560""",FLOAT16,ND,"""64,1,2048;64,1,256;64,1,256""",FLOAT16;FLOAT16;FLOAT16,ND;ND;ND,N/A,0.0,0,0.0,0.0,0.0,0.0,0.0,0.0,0.0,0.0,0.0,0.0,0.0,2.898,10432,0.008,0.003,0.148,0.051,1.103,0.38,1.481,0.511,0.231,0.000
2,2,59,6,Scatter_5,Scatter,static,AI_VECTOR_CORE,1784812101645699.030	,6.640,0.110000,43,0,NO,"""64,2,1024,128;64;64,2,1,128""",FLOAT16;INT64;FLOAT16,NCHW;NCHW;NCHW,"""64,2,1024,128""",FLOAT16,NCHW,N/A,0.0,0,0.0,0.0,0.0,0.0,0.0,0.0,0.0,0.0,0.0,0.0,0.0,3.5,270906,0.008,0.002,0.166,0.048,0.311,0.089,0.446,0.127,0.258,0.000
2,2,60,6,ApplyRotaryPosEmb_2,ApplyRotaryPosEmb,static,AI_VECTOR_CORE,1784812101645705.690	,10.200,0.110000,32,0,NO,"""64,1,16,128;64,1,2,128;64,1,1,128;64,1,1,128""",FLOAT16;FLOAT16;FLOAT16;FLOAT16,NCHW;NCHW;NCHW;NCHW,"""64,1,16,128;64,1,2,128""",FLOAT16;FLOAT16,NCHW;NCHW,N/A,0.0,0,0.0,0.0,0.0,0.0,0.0,0.0,0.0,0.0,0.0,0.0,0.0,8.123,467865,0.259,0.032,1.365,0.168,1.005,0.124,0.494,0.061,0.136,0.000
2,2,61,6,Scatter_4,Scatter,static,AI_VECTOR_CORE,1784812101645715.910	,4.000,0.050000,43,0,NO,"""64,2,1024,128;64;64,2,1,128""",FLOAT16;INT64;FLOAT16,NCHW;NCHW;NCHW,"""64,2,1024,128""",FLOAT16,NCHW,N/A,0.0,0,0.0,0.0,0.0,0.0,0.0,0.0,0.0,0.0,0.0,0.0,0.0,1.891,146379,0.008,0.004,0.691,0.365,0.129,0.068,1.017,0.538,0.041,0.000
2,2,62,6,IncreFlashAttention_2,IncreFlashAttention,static,MIX_AIC,1784812101645721.270	,81.160,1.250000,24,48,NO,"""64,16,1,128;64,2,1024,128;64,2,1024,128;64,1,1,1024""",FLOAT16;FLOAT16;FLOAT16;BOOL,NCHW;NCHW;NCHW;NCHW,"""64,16,1,128""",FLOAT16,NCHW,0,74.497,3218251,5.736,0.077,40.909,0.549,14.369,0.193,51.552,0.692,18.234,0.245,0.001,68.567,5924185,3.735,0.054,7.389,0.108,2.556,0.037,1.925,0.028,0.033,91.790
2,2,63,6,MatMul_11,MatMul,static,AI_CORE,1784812101645803.650	,8.540,1.340000,22,0,NO,"""64,2048;1024,2048""",FLOAT16;FLOAT16,ND;ND,"""64,1024""",FLOAT16,ND,N/A,6.335,250850,1.117,0.176,0.536,0.085,1.609,0.254,5.097,0.805,0.416,0.066,0.0,0.0,0,0.0,0.0,0.0,0.0,0.0,0.0,0.0,0.0,0.0,67.994
2,2,64,6,InplaceAddRmsNorm_4,InplaceAddRmsNorm,static,AI_VECTOR_CORE,1784812101645812.210	,8.460,0.000000,32,0,NO,"""64,1,1024;64,1,1024;1024""",FLOAT16;FLOAT16;FLOAT16,ND;ND;ND,"""64,1,1024;64,1,1;64,1,1024""",FLOAT16;FLOAT;FLOAT16,ND;ND;ND,N/A,0.0,0,0.0,0.0,0.0,0.0,0.0,0.0,0.0,0.0,0.0,0.0,0.0,5.463,314696,0.53,0.097,1.85,0.339,0.651,0.119,0.739,0.135,0.099,0.000
2,2,65,6,MatMul_12,MatMul,static,AI_CORE,1784812101645820.690	,11.760,0.040000,24,0,NO,"""64,1024;3072,1024""",FLOAT16;FLOAT16,ND;ND,"""64,3072""",FLOAT16,ND,N/A,9.279,400846,1.36,0.147,0.168,0.018,1.712,0.185,6.991,0.753,0.278,0.03,0.152,0.0,0,0.0,0.0,0.0,0.0,0.0,0.0,0.0,0.0,0.0,78.902
2,2,66,6,MatMul_13,MatMul,static,AI_CORE,1784812101645832.470	,10.800,0.000000,24,0,NO,"""64,1024;3072,1024""",FLOAT16;FLOAT16,ND;ND,"""64,3072""",FLOAT16,ND,N/A,7.97,344317,1.37,0.172,0.917,0.115,1.691,0.212,6.262,0.786,0.288,0.036,0.0,0.0,0,0.0,0.0,0.0,0.0,0.0,0.0,0.0,0.0,0.0,73.799
2,2,67,6,Swish_2Mul_5,AutomaticBufferFusionOp,static,AI_VECTOR_CORE,1784812101645843.290	,8.140,0.000000,48,0,NO,"""64,1,3072;64,1,3072""",FLOAT16;FLOAT16,ND;ND,"""64,1,3072""",FLOAT16,ND,N/A,0.0,0,0.0,0.0,0.0,0.0,0.0,0.0,0.0,0.0,0.0,0.0,0.0,6.062,523758,0.404,0.067,0.127,0.021,1.694,0.279,0.807,0.133,0.209,0.000
2,2,68,6,MatMul_14,MatMul,static,AI_CORE,1784812101645851.450	,14.040,0.110000,22,0,NO,"""64,3072;1024,3072""",FLOAT16;FLOAT16,ND;ND,"""64,1024""",FLOAT16,ND,N/A,11.723,464242,1.681,0.143,0.317,0.027,2.435,0.208,9.423,0.804,0.424,0.036,0.053,0.0,0,0.0,0.0,0.0,0.0,0.0,0.0,0.0,0.0,0.0,76.541
2,2,69,6,InplaceAddRmsNorm_5,InplaceAddRmsNorm,static,AI_VECTOR_CORE,1784812101645865.510	,6.020,0.000000,32,0,NO,"""64,1,1024;64,1,1024;1024""",FLOAT16;FLOAT16;FLOAT16,ND;ND;ND,"""64,1,1024;64,1,1;64,1,1024""",FLOAT16;FLOAT;FLOAT16,ND;ND;ND,N/A,0.0,0,0.0,0.0,0.0,0.0,0.0,0.0,0.0,0.0,0.0,0.0,0.0,3.267,188203,0.535,0.164,1.772,0.542,0.429,0.131,0.427,0.131,0.072,0.000
2,2,70,6,MatMul_15,MatMul,static,AI_CORE,1784812101645871.550	,10.840,0.000000,23,0,NO,"""64,1024;2560,1024""",FLOAT16;FLOAT16,ND;ND,"""64,2560""",FLOAT16,ND,N/A,8.445,349612,1.184,0.14,0.166,0.02,1.56,0.185,5.325,0.631,0.621,0.074,0.166,0.0,0,0.0,0.0,0.0,0.0,0.0,0.0,0.0,0.0,0.0,74.657
2,2,71,6,SplitV_5,SplitVD,static,AI_VECTOR_CORE,1784812101645882.410	,3.780,0.160000,2,0,NO,"""64,1,2560""",FLOAT16,ND,"""64,1,2048;64,1,256;64,1,256""",FLOAT16;FLOAT16;FLOAT16,ND;ND;ND,N/A,0.0,0,0.0,0.0,0.0,0.0,0.0,0.0,0.0,0.0,0.0,0.0,0.0,3.054,10993,0.008,0.003,0.15,0.049,1.108,0.363,1.508,0.494,0.231,0.000
2,2,72,6,Scatter_7,Scatter,static,AI_VECTOR_CORE,1784812101645886.210	,10.040,0.000000,43,0,NO,"""64,2,1024,128;64;64,2,1,128""",FLOAT16;INT64;FLOAT16,NCHW;NCHW;NCHW,"""64,2,1024,128""",FLOAT16,NCHW,N/A,0.0,0,0.0,0.0,0.0,0.0,0.0,0.0,0.0,0.0,0.0,0.0,0.0,6.895,533691,0.008,0.001,2.578,0.374,0.177,0.026,0.922,0.134,0.25,0.000
2,2,73,6,ApplyRotaryPosEmb_3,ApplyRotaryPosEmb,static,AI_VECTOR_CORE,1784812101645896.270	,9.780,0.000000,32,0,NO,"""64,1,16,128;64,1,2,128;64,1,1,128;64,1,1,128""",FLOAT16;FLOAT16;FLOAT16;FLOAT16,NCHW;NCHW;NCHW;NCHW,"""64,1,16,128;64,1,2,128""",FLOAT16;FLOAT16,NCHW;NCHW,N/A,0.0,0,0.0,0.0,0.0,0.0,0.0,0.0,0.0,0.0,0.0,0.0,0.0,6.945,400004,0.259,0.037,1.39,0.2,0.436,0.063,0.203,0.029,0.137,0.000
2,2,74,6,Scatter_6,Scatter,static,AI_VECTOR_CORE,1784812101645906.090	,3.900,0.000000,43,0,NO,"""64,2,1024,128;64;64,2,1,128""",FLOAT16;INT64;FLOAT16,NCHW;NCHW;NCHW,"""64,2,1024,128""",FLOAT16,NCHW,N/A,0.0,0,0.0,0.0,0.0,0.0,0.0,0.0,0.0,0.0,0.0,0.0,0.0,1.813,140354,0.008,0.004,0.537,0.296,0.131,0.072,1.09,0.601,0.041,0.000
2,2,75,6,IncreFlashAttention_3,IncreFlashAttention,static,MIX_AIC,1784812101645911.150	,70.520,1.350000,24,48,NO,"""64,16,1,128;64,2,1024,128;64,2,1024,128;64,1,1,1024""",FLOAT16;FLOAT16;FLOAT16;BOOL,NCHW;NCHW;NCHW;NCHW,"""64,16,1,128""",FLOAT16,NCHW,0,64.808,2799704,5.736,0.089,38.398,0.592,14.37,0.222,41.951,0.647,17.138,0.264,0.001,58.993,5097009,3.728,0.063,7.088,0.12,1.851,0.031,1.94,0.033,0.033,91.900
2,2,76,6,MatMul_16,MatMul,static,AI_CORE,1784812101645982.470	,8.440,0.730000,22,0,NO,"""64,2048;1024,2048""",FLOAT16;FLOAT16,ND;ND,"""64,1024""",FLOAT16,ND,N/A,6.261,247933,1.123,0.179,0.49,0.078,1.604,0.256,5.109,0.816,0.385,0.062,0.0,0.0,0,0.0,0.0,0.0,0.0,0.0,0.0,0.0,0.0,0.0,68.000
2,2,77,6,InplaceAddRmsNorm_6,InplaceAddRmsNorm,static,AI_VECTOR_CORE,1784812101645990.930	,9.740,0.060000,32,0,NO,"""64,1,1024;64,1,1024;1024""",FLOAT16;FLOAT16;FLOAT16,ND;ND;ND,"""64,1,1024;64,1,1;64,1,1024""",FLOAT16;FLOAT;FLOAT16,ND;ND;ND,N/A,0.0,0,0.0,0.0,0.0,0.0,0.0,0.0,0.0,0.0,0.0,0.0,0.0,6.786,390902,0.529,0.078,1.895,0.279,1.182,0.174,0.656,0.097,0.101,0.000
2,2,78,6,MatMul_17,MatMul,static,AI_CORE,1784812101646000.690	,10.340,0.010000,24,0,NO,"""64,1024;3072,1024""",FLOAT16;FLOAT16,ND;ND,"""64,3072""",FLOAT16,ND,N/A,8.436,364433,1.342,0.159,0.161,0.019,1.66,0.197,5.659,0.671,0.281,0.033,0.155,0.0,0,0.0,0.0,0.0,0.0,0.0,0.0,0.0,0.0,0.0,81.586
2,2,79,6,MatMul_18,MatMul,static,AI_CORE,1784812101646011.050	,10.140,0.000000,24,0,NO,"""64,1024;3072,1024""",FLOAT16;FLOAT16,ND;ND,"""64,3072""",FLOAT16,ND,N/A,7.391,319274,1.352,0.183,0.793,0.107,1.705,0.231,5.812,0.786,0.279,0.038,0.0,0.0,0,0.0,0.0,0.0,0.0,0.0,0.0,0.0,0.0,0.0,72.886
2,2,80,6,Swish_3Mul_6,AutomaticBufferFusionOp,static,AI_VECTOR_CORE,1784812101646021.210	,8.420,0.110000,48,0,NO,"""64,1,3072;64,1,3072""",FLOAT16;FLOAT16,ND;ND,"""64,1,3072""",FLOAT16,ND,N/A,0.0,0,0.0,0.0,0.0,0.0,0.0,0.0,0.0,0.0,0.0,0.0,0.0,6.095,526594,0.403,0.066,0.125,0.021,1.618,0.265,0.74,0.121,0.212,0.000
2,2,81,6,MatMul_19,MatMul,static,AI_CORE,1784812101646029.650	,12.420,0.080000,22,0,NO,"""64,3072;1024,3072""",FLOAT16;FLOAT16,ND;ND,"""64,1024""",FLOAT16,ND,N/A,10.032,397257,1.689,0.168,0.317,0.032,2.434,0.243,7.634,0.761,0.361,0.036,0.052,0.0,0,0.0,0.0,0.0,0.0,0.0,0.0,0.0,0.0,0.0,74.040
2,2,82,6,InplaceAddRmsNorm_7,InplaceAddRmsNorm,static,AI_VECTOR_CORE,1784812101646042.110	,6.660,0.000000,32,0,NO,"""64,1,1024;64,1,1024;1024""",FLOAT16;FLOAT16;FLOAT16,ND;ND;ND,"""64,1,1024;64,1,1;64,1,1024""",FLOAT16;FLOAT;FLOAT16,ND;ND;ND,N/A,0.0,0,0.0,0.0,0.0,0.0,0.0,0.0,0.0,0.0,0.0,0.0,0.0,3.819,219987,0.533,0.14,2.128,0.557,0.513,0.134,0.449,0.118,0.071,0.000
2,2,83,6,MatMul_20,MatMul,static,AI_CORE,1784812101646048.790	,12.120,0.090000,23,0,NO,"""64,1024;2560,1024""",FLOAT16;FLOAT16,ND;ND,"""64,2560""",FLOAT16,ND,N/A,9.642,399191,1.183,0.123,0.16,0.017,1.558,0.162,6.754,0.7,0.699,0.072,0.167,0.0,0,0.0,0.0,0.0,0.0,0.0,0.0,0.0,0.0,0.0,76.242
2,2,84,6,SplitV_6,SplitVD,static,AI_VECTOR_CORE,1784812101646060.950	,3.820,0.130000,2,0,NO,"""64,1,2560""",FLOAT16,ND,"""64,1,2048;64,1,256;64,1,256""",FLOAT16;FLOAT16;FLOAT16,ND;ND;ND,N/A,0.0,0,0.0,0.0,0.0,0.0,0.0,0.0,0.0,0.0,0.0,0.0,0.0,3.071,11057,0.008,0.003,0.117,0.038,1.116,0.363,1.601,0.521,0.2,0.000
2,2,85,6,Scatter_9,Scatter,static,AI_VECTOR_CORE,1784812101646064.790	,6.580,0.000000,43,0,NO,"""64,2,1024,128;64;64,2,1,128""",FLOAT16;INT64;FLOAT16,NCHW;NCHW;NCHW,"""64,2,1024,128""",FLOAT16,NCHW,N/A,0.0,0,0.0,0.0,0.0,0.0,0.0,0.0,0.0,0.0,0.0,0.0,0.0,3.456,267483,0.008,0.002,0.162,0.047,0.32,0.093,0.432,0.125,0.26,0.000
2,2,86,6,ApplyRotaryPosEmb_4,ApplyRotaryPosEmb,static,AI_VECTOR_CORE,1784812101646071.410	,10.200,0.170000,32,0,NO,"""64,1,16,128;64,1,2,128;64,1,1,128;64,1,1,128""",FLOAT16;FLOAT16;FLOAT16;FLOAT16,NCHW;NCHW;NCHW;NCHW,"""64,1,16,128;64,1,2,128""",FLOAT16;FLOAT16,NCHW;NCHW,N/A,0.0,0,0.0,0.0,0.0,0.0,0.0,0.0,0.0,0.0,0.0,0.0,0.0,8.173,470776,0.259,0.032,1.344,0.164,1.019,0.125,0.49,0.06,0.138,0.000
2,2,87,6,Scatter_8,Scatter,static,AI_VECTOR_CORE,1784812101646081.630	,4.120,0.050000,43,0,NO,"""64,2,1024,128;64;64,2,1,128""",FLOAT16;INT64;FLOAT16,NCHW;NCHW;NCHW,"""64,2,1024,128""",FLOAT16,NCHW,N/A,0.0,0,0.0,0.0,0.0,0.0,0.0,0.0,0.0,0.0,0.0,0.0,0.0,1.921,148711,0.008,0.004,0.566,0.294,0.15,0.078,1.143,0.595,0.041,0.000
2,2,88,6,IncreFlashAttention_4,IncreFlashAttention,static,MIX_AIC,1784812101646087.110	,69.520,1.130000,24,48,NO,"""64,16,1,128;64,2,1024,128;64,2,1024,128;64,1,1,1024""",FLOAT16;FLOAT16;FLOAT16;BOOL,NCHW;NCHW;NCHW;NCHW,"""64,16,1,128""",FLOAT16,NCHW,0,64.244,2775355,5.736,0.089,38.239,0.595,14.372,0.224,41.429,0.645,16.875,0.263,0.001,58.476,5052317,3.732,0.064,7.135,0.122,2.048,0.035,1.94,0.033,0.033,92.411
2,2,89,6,MatMul_21,MatMul,static,AI_CORE,1784812101646157.830	,8.500,1.230000,22,0,NO,"""64,2048;1024,2048""",FLOAT16;FLOAT16,ND;ND,"""64,1024""",FLOAT16,ND,N/A,6.449,255361,1.119,0.174,0.409,0.063,1.61,0.25,5.36,0.831,0.396,0.061,0.0,0.0,0,0.0,0.0,0.0,0.0,0.0,0.0,0.0,0.0,0.0,69.543
2,2,90,6,InplaceAddRmsNorm_8,InplaceAddRmsNorm,static,AI_VECTOR_CORE,1784812101646166.350	,11.980,0.000000,32,0,NO,"""64,1,1024;64,1,1024;1024""",FLOAT16;FLOAT16;FLOAT16,ND;ND;ND,"""64,1,1024;64,1,1;64,1,1024""",FLOAT16;FLOAT;FLOAT16,ND;ND;ND,N/A,0.0,0,0.0,0.0,0.0,0.0,0.0,0.0,0.0,0.0,0.0,0.0,0.0,8.785,506005,0.526,0.06,4.067,0.463,1.211,0.138,0.701,0.08,0.098,0.000
2,2,91,6,MatMul_22,MatMul,static,AI_CORE,1784812101646178.350	,12.280,0.020000,24,0,NO,"""64,1024;3072,1024""",FLOAT16;FLOAT16,ND;ND,"""64,3072""",FLOAT16,ND,N/A,10.004,432181,1.358,0.136,0.162,0.016,1.688,0.169,7.464,0.746,0.28,0.028,0.16,0.0,0,0.0,0.0,0.0,0.0,0.0,0.0,0.0,0.0,0.0,81.467
2,2,92,6,MatMul_23,MatMul,static,AI_CORE,1784812101646190.650	,9.060,0.220000,24,0,NO,"""64,1024;3072,1024""",FLOAT16;FLOAT16,ND;ND,"""64,3072""",FLOAT16,ND,N/A,6.595,284924,1.36,0.206,0.411,0.062,1.697,0.257,5.395,0.818,0.28,0.042,0.0,0.0,0,0.0,0.0,0.0,0.0,0.0,0.0,0.0,0.0,0.0,72.798
2,2,93,6,Swish_4Mul_7,AutomaticBufferFusionOp,static,AI_VECTOR_CORE,1784812101646199.730	,8.040,0.000000,48,0,NO,"""64,1,3072;64,1,3072""",FLOAT16;FLOAT16,ND;ND,"""64,1,3072""",FLOAT16,ND,N/A,0.0,0,0.0,0.0,0.0,0.0,0.0,0.0,0.0,0.0,0.0,0.0,0.0,6.016,519746,0.404,0.067,0.174,0.029,1.637,0.272,0.806,0.134,0.203,0.000
2,2,94,6,MatMul_24,MatMul,static,AI_CORE,1784812101646207.790	,13.380,0.000000,22,0,NO,"""64,3072;1024,3072""",FLOAT16;FLOAT16,ND;ND,"""64,1024""",FLOAT16,ND,N/A,11.442,453104,1.686,0.147,0.315,0.028,2.436,0.213,9.267,0.81,0.403,0.035,0.055,0.0,0,0.0,0.0,0.0,0.0,0.0,0.0,0.0,0.0,0.0,78.390
2,2,95,6,InplaceAddRmsNorm_9,InplaceAddRmsNorm,static,AI_VECTOR_CORE,1784812101646221.190	,8.080,0.120000,32,0,NO,"""64,1,1024;64,1,1024;1024""",FLOAT16;FLOAT16;FLOAT16,ND;ND;ND,"""64,1,1024;64,1,1;64,1,1024""",FLOAT16;FLOAT;FLOAT16,ND;ND;ND,N/A,0.0,0,0.0,0.0,0.0,0.0,0.0,0.0,0.0,0.0,0.0,0.0,0.0,5.054,291110,0.533,0.105,3.437,0.68,0.377,0.075,0.501,0.099,0.07,0.000
2,2,96,6,MatMul_25,MatMul,static,AI_CORE,1784812101646229.290	,11.940,0.000000,23,0,NO,"""64,1024;2560,1024""",FLOAT16;FLOAT16,ND;ND,"""64,2560""",FLOAT16,ND,N/A,9.61,397862,1.188,0.124,0.18,0.019,1.545,0.161,6.743,0.702,0.667,0.069,0.168,0.0,0,0.0,0.0,0.0,0.0,0.0,0.0,0.0,0.0,0.0,77.134
2,2,97,6,SplitV_7,SplitVD,static,AI_VECTOR_CORE,1784812101646241.270	,3.680,0.060000,2,0,NO,"""64,1,2560""",FLOAT16,ND,"""64,1,2048;64,1,256;64,1,256""",FLOAT16;FLOAT16;FLOAT16,ND;ND;ND,N/A,0.0,0,0.0,0.0,0.0,0.0,0.0,0.0,0.0,0.0,0.0,0.0,0.0,2.949,10618,0.008,0.003,0.113,0.038,1.135,0.385,1.495,0.507,0.216,0.000
2,2,98,6,Scatter_11,Scatter,static,AI_VECTOR_CORE,1784812101646244.970	,6.840,0.070000,43,0,NO,"""64,2,1024,128;64;64,2,1,128""",FLOAT16;INT64;FLOAT16,NCHW;NCHW;NCHW,"""64,2,1024,128""",FLOAT16,NCHW,N/A,0.0,0,0.0,0.0,0.0,0.0,0.0,0.0,0.0,0.0,0.0,0.0,0.0,3.486,269794,0.008,0.002,0.168,0.048,0.309,0.089,0.463,0.133,0.259,0.000
2,2,99,6,ApplyRotaryPosEmb_5,ApplyRotaryPosEmb,static,AI_VECTOR_CORE,1784812101646251.830	,9.740,0.000000,32,0,NO,"""64,1,16,128;64,1,2,128;64,1,1,128;64,1,1,128""",FLOAT16;FLOAT16;FLOAT16;FLOAT16,NCHW;NCHW;NCHW;NCHW,"""64,1,16,128;64,1,2,128""",FLOAT16;FLOAT16,NCHW;NCHW,N/A,0.0,0,0.0,0.0,0.0,0.0,0.0,0.0,0.0,0.0,0.0,0.0,0.0,7.205,415032,0.259,0.036,1.412,0.196,0.459,0.064,0.229,0.032,0.137,0.000
2,2,100,6,Scatter_10,Scatter,static,AI_VECTOR_CORE,1784812101646261.610	,3.880,0.010000,43,0,NO,"""64,2,1024,128;64;64,2,1,128""",FLOAT16;INT64;FLOAT16,NCHW;NCHW;NCHW,"""64,2,1024,128""",FLOAT16,NCHW,N/A,0.0,0,0.0,0.0,0.0,0.0,0.0,0.0,0.0,0.0,0.0,0.0,0.0,1.934,149655,0.008,0.004,0.575,0.297,0.145,0.075,1.157,0.598,0.039,0.000
2,2,101,6,IncreFlashAttention_5,IncreFlashAttention,static,MIX_AIC,1784812101646266.630	,71.000,1.370000,24,48,NO,"""64,16,1,128;64,2,1024,128;64,2,1024,128;64,1,1,1024""",FLOAT16;FLOAT16;FLOAT16;BOOL,NCHW;NCHW;NCHW;NCHW,"""64,16,1,128""",FLOAT16,NCHW,0,64.861,2802015,5.736,0.088,38.097,0.587,14.372,0.222,41.519,0.64,16.865,0.26,0.001,59.555,5145535,3.728,0.063,7.177,0.121,1.829,0.031,1.929,0.032,0.034,91.354
2,2,102,6,MatMul_26,MatMul,static,AI_CORE,1784812101646338.550	,8.900,0.750000,22,0,NO,"""64,2048;1024,2048""",FLOAT16;FLOAT16,ND;ND,"""64,1024""",FLOAT16,ND,N/A,6.599,261326,1.12,0.17,0.406,0.062,1.615,0.245,5.509,0.835,0.404,0.061,0.0,0.0,0,0.0,0.0,0.0,0.0,0.0,0.0,0.0,0.0,0.0,67.969
2,2,103,6,InplaceAddRmsNorm_10,InplaceAddRmsNorm,static,AI_VECTOR_CORE,1784812101646347.470	,8.640,0.100000,32,0,NO,"""64,1,1024;64,1,1024;1024""",FLOAT16;FLOAT16;FLOAT16,ND;ND;ND,"""64,1,1024;64,1,1;64,1,1024""",FLOAT16;FLOAT;FLOAT16,ND;ND;ND,N/A,0.0,0,0.0,0.0,0.0,0.0,0.0,0.0,0.0,0.0,0.0,0.0,0.0,5.615,323407,0.535,0.095,1.775,0.316,0.457,0.081,0.541,0.096,0.101,0.000
2,2,104,6,MatMul_27,MatMul,static,AI_CORE,1784812101646356.130	,10.300,0.110000,24,0,NO,"""64,1024;3072,1024""",FLOAT16;FLOAT16,ND;ND,"""64,3072""",FLOAT16,ND,N/A,8.447,364904,1.35,0.16,0.178,0.021,1.667,0.197,5.54,0.656,0.277,0.033,0.151,0.0,0,0.0,0.0,0.0,0.0,0.0,0.0,0.0,0.0,0.0,82.008
2,2,105,6,MatMul_28,MatMul,static,AI_CORE,1784812101646366.450	,8.920,0.000000,24,0,NO,"""64,1024;3072,1024""",FLOAT16;FLOAT16,ND;ND,"""64,3072""",FLOAT16,ND,N/A,6.615,285784,1.353,0.204,0.47,0.071,1.699,0.257,5.353,0.809,0.279,0.042,0.0,0.0,0,0.0,0.0,0.0,0.0,0.0,0.0,0.0,0.0,0.0,74.163
2,2,106,6,Swish_5Mul_8,AutomaticBufferFusionOp,static,AI_VECTOR_CORE,1784812101646375.390	,8.100,0.080000,48,0,NO,"""64,1,3072;64,1,3072""",FLOAT16;FLOAT16,ND;ND,"""64,1,3072""",FLOAT16,ND,N/A,0.0,0,0.0,0.0,0.0,0.0,0.0,0.0,0.0,0.0,0.0,0.0,0.0,6.115,528305,0.403,0.066,0.125,0.02,1.861,0.304,0.685,0.112,0.212,0.000
2,2,107,6,MatMul_29,MatMul,static,AI_CORE,1784812101646383.510	,13.700,0.000000,22,0,NO,"""64,3072;1024,3072""",FLOAT16;FLOAT16,ND;ND,"""64,1024""",FLOAT16,ND,N/A,11.294,447228,1.689,0.15,0.321,0.028,2.435,0.216,9.119,0.807,0.403,0.036,0.054,0.0,0,0.0,0.0,0.0,0.0,0.0,0.0,0.0,0.0,0.0,75.566
2,2,108,6,InplaceAddRmsNorm_11,InplaceAddRmsNorm,static,AI_VECTOR_CORE,1784812101646397.230	,6.560,0.050000,32,0,NO,"""64,1,1024;64,1,1024;1024""",FLOAT16;FLOAT16;FLOAT16,ND;ND;ND,"""64,1,1024;64,1,1;64,1,1024""",FLOAT16;FLOAT;FLOAT16,ND;ND;ND,N/A,0.0,0,0.0,0.0,0.0,0.0,0.0,0.0,0.0,0.0,0.0,0.0,0.0,3.579,206159,0.532,0.149,2.192,0.612,0.341,0.095,0.439,0.123,0.073,0.000
2,2,109,6,MatMul_30,MatMul,static,AI_CORE,1784812101646403.830	,10.320,0.000000,23,0,NO,"""64,1024;2560,1024""",FLOAT16;FLOAT16,ND;ND,"""64,2560""",FLOAT16,ND,N/A,8.234,340886,1.186,0.144,0.209,0.025,1.537,0.187,5.0,0.607,0.61,0.074,0.16,0.0,0,0.0,0.0,0.0,0.0,0.0,0.0,0.0,0.0,0.0,76.462
2,2,110,6,SplitV_8,SplitVD,static,AI_VECTOR_CORE,1784812101646414.170	,3.840,0.180000,2,0,NO,"""64,1,2560""",FLOAT16,ND,"""64,1,2048;64,1,256;64,1,256""",FLOAT16;FLOAT16;FLOAT16,ND;ND;ND,N/A,0.0,0,0.0,0.0,0.0,0.0,0.0,0.0,0.0,0.0,0.0,0.0,0.0,3.045,10963,0.008,0.003,0.122,0.04,1.142,0.375,1.492,0.49,0.231,0.000
2,2,111,6,Scatter_13,Scatter,static,AI_VECTOR_CORE,1784812101646418.050	,6.980,0.000000,43,0,NO,"""64,2,1024,128;64;64,2,1,128""",FLOAT16;INT64;FLOAT16,NCHW;NCHW;NCHW,"""64,2,1024,128""",FLOAT16,NCHW,N/A,0.0,0,0.0,0.0,0.0,0.0,0.0,0.0,0.0,0.0,0.0,0.0,0.0,3.754,290534,0.008,0.002,0.238,0.064,0.184,0.049,0.441,0.118,0.259,0.000
2,2,112,6,ApplyRotaryPosEmb_6,ApplyRotaryPosEmb,static,AI_VECTOR_CORE,1784812101646425.050	,10.180,0.020000,32,0,NO,"""64,1,16,128;64,1,2,128;64,1,1,128;64,1,1,128""",FLOAT16;FLOAT16;FLOAT16;FLOAT16,NCHW;NCHW;NCHW;NCHW,"""64,1,16,128;64,1,2,128""",FLOAT16;FLOAT16,NCHW;NCHW,N/A,0.0,0,0.0,0.0,0.0,0.0,0.0,0.0,0.0,0.0,0.0,0.0,0.0,8.088,465887,0.259,0.032,1.408,0.174,0.945,0.117,0.468,0.058,0.135,0.000
2,2,113,6,Scatter_12,Scatter,static,AI_VECTOR_CORE,1784812101646435.250	,3.900,0.070000,43,0,NO,"""64,2,1024,128;64;64,2,1,128""",FLOAT16;INT64;FLOAT16,NCHW;NCHW;NCHW,"""64,2,1024,128""",FLOAT16,NCHW,N/A,0.0,0,0.0,0.0,0.0,0.0,0.0,0.0,0.0,0.0,0.0,0.0,0.0,1.908,147672,0.008,0.004,0.645,0.338,0.143,0.075,1.057,0.554,0.038,0.000
2,2,114,6,IncreFlashAttention_6,IncreFlashAttention,static,MIX_AIC,1784812101646440.290	,68.860,1.100000,24,48,NO,"""64,16,1,128;64,2,1024,128;64,2,1024,128;64,1,1,1024""",FLOAT16;FLOAT16;FLOAT16;BOOL,NCHW;NCHW;NCHW;NCHW,"""64,16,1,128""",FLOAT16,NCHW,0,64.241,2775190,5.736,0.089,37.705,0.587,14.371,0.224,41.416,0.645,17.105,0.266,0.001,58.685,5070422,3.731,0.064,5.923,0.101,2.042,0.035,1.952,0.033,0.037,93.291
2,2,115,6,MatMul_31,MatMul,static,AI_CORE,1784812101646510.410	,7.820,1.390000,22,0,NO,"""64,2048;1024,2048""",FLOAT16;FLOAT16,ND;ND,"""64,1024""",FLOAT16,ND,N/A,5.93,234820,1.121,0.189,0.604,0.102,1.599,0.27,4.608,0.777,0.44,0.074,0.0,0.0,0,0.0,0.0,0.0,0.0,0.0,0.0,0.0,0.0,0.0,69.510
2,2,116,6,InplaceAddRmsNorm_12,InplaceAddRmsNorm,static,AI_VECTOR_CORE,1784812101646518.250	,8.060,0.000000,32,0,NO,"""64,1,1024;64,1,1024;1024""",FLOAT16;FLOAT16;FLOAT16,ND;ND;ND,"""64,1,1024;64,1,1;64,1,1024""",FLOAT16;FLOAT;FLOAT16,ND;ND;ND,N/A,0.0,0,0.0,0.0,0.0,0.0,0.0,0.0,0.0,0.0,0.0,0.0,0.0,5.248,302299,0.535,0.102,1.829,0.348,0.468,0.089,0.804,0.153,0.1,0.000
2,2,117,6,MatMul_32,MatMul,static,AI_CORE,1784812101646526.350	,12.980,0.000000,24,0,NO,"""64,1024;3072,1024""",FLOAT16;FLOAT16,ND;ND,"""64,3072""",FLOAT16,ND,N/A,10.083,435586,1.357,0.135,0.202,0.02,1.697,0.168,7.504,0.744,0.29,0.029,0.145,0.0,0,0.0,0.0,0.0,0.0,0.0,0.0,0.0,0.0,0.0,77.681
2,2,118,6,MatMul_33,MatMul,static,AI_CORE,1784812101646539.350	,9.600,0.020000,24,0,NO,"""64,1024;3072,1024""",FLOAT16;FLOAT16,ND;ND,"""64,3072""",FLOAT16,ND,N/A,6.976,301365,1.353,0.194,0.455,0.065,1.691,0.242,5.727,0.821,0.285,0.041,0.0,0.0,0,0.0,0.0,0.0,0.0,0.0,0.0,0.0,0.0,0.0,72.667
2,2,119,6,Swish_6Mul_9,AutomaticBufferFusionOp,static,AI_VECTOR_CORE,1784812101646548.970	,8.420,0.150000,48,0,NO,"""64,1,3072;64,1,3072""",FLOAT16;FLOAT16,ND;ND,"""64,1,3072""",FLOAT16,ND,N/A,0.0,0,0.0,0.0,0.0,0.0,0.0,0.0,0.0,0.0,0.0,0.0,0.0,5.963,515164,0.404,0.068,0.126,0.021,1.622,0.272,0.568,0.095,0.181,0.000
2,2,120,6,MatMul_34,MatMul,static,AI_CORE,1784812101646557.430	,12.540,0.080000,22,0,NO,"""64,3072;1024,3072""",FLOAT16;FLOAT16,ND;ND,"""64,1024""",FLOAT16,ND,N/A,9.897,391914,1.688,0.171,0.321,0.032,2.434,0.246,7.469,0.755,0.399,0.04,0.053,0.0,0,0.0,0.0,0.0,0.0,0.0,0.0,0.0,0.0,0.0,72.345
2,2,121,6,InplaceAddRmsNorm_13,InplaceAddRmsNorm,static,AI_VECTOR_CORE,1784812101646569.990	,6.380,0.000000,32,0,NO,"""64,1,1024;64,1,1024;1024""",FLOAT16;FLOAT16;FLOAT16,ND;ND;ND,"""64,1,1024;64,1,1;64,1,1024""",FLOAT16;FLOAT;FLOAT16,ND;ND;ND,N/A,0.0,0,0.0,0.0,0.0,0.0,0.0,0.0,0.0,0.0,0.0,0.0,0.0,3.419,196945,0.533,0.156,1.795,0.525,0.417,0.122,0.449,0.131,0.073,0.000
2,2,122,6,MatMul_35,MatMul,static,AI_CORE,1784812101646576.390	,11.600,0.120000,23,0,NO,"""64,1024;2560,1024""",FLOAT16;FLOAT16,ND;ND,"""64,2560""",FLOAT16,ND,N/A,9.428,390332,1.185,0.126,0.163,0.017,1.558,0.165,6.588,0.699,0.666,0.071,0.167,0.0,0,0.0,0.0,0.0,0.0,0.0,0.0,0.0,0.0,0.0,77.892
2,2,123,6,SplitV_9,SplitVD,static,AI_VECTOR_CORE,1784812101646588.010	,3.720,0.000000,2,0,NO,"""64,1,2560""",FLOAT16,ND,"""64,1,2048;64,1,256;64,1,256""",FLOAT16;FLOAT16;FLOAT16,ND;ND;ND,N/A,0.0,0,0.0,0.0,0.0,0.0,0.0,0.0,0.0,0.0,0.0,0.0,0.0,3.091,11127,0.008,0.003,0.108,0.035,1.093,0.353,1.651,0.534,0.2,0.000
2,2,124,6,Scatter_15,Scatter,static,AI_VECTOR_CORE,1784812101646591.770	,6.760,0.030000,43,0,NO,"""64,2,1024,128;64;64,2,1,128""",FLOAT16;INT64;FLOAT16,NCHW;NCHW;NCHW,"""64,2,1024,128""",FLOAT16,NCHW,N/A,0.0,0,0.0,0.0,0.0,0.0,0.0,0.0,0.0,0.0,0.0,0.0,0.0,3.599,278538,0.008,0.002,0.165,0.046,0.32,0.089,0.545,0.152,0.26,0.000
2,2,125,6,ApplyRotaryPosEmb_7,ApplyRotaryPosEmb,static,AI_VECTOR_CORE,1784812101646598.550	,10.300,0.000000,32,0,NO,"""64,1,16,128;64,1,2,128;64,1,1,128;64,1,1,128""",FLOAT16;FLOAT16;FLOAT16;FLOAT16,NCHW;NCHW;NCHW;NCHW,"""64,1,16,128;64,1,2,128""",FLOAT16;FLOAT16,NCHW;NCHW,N/A,0.0,0,0.0,0.0,0.0,0.0,0.0,0.0,0.0,0.0,0.0,0.0,0.0,8.282,477028,0.259,0.031,1.387,0.168,1.051,0.127,0.53,0.064,0.132,0.000
2,2,126,6,Scatter_14,Scatter,static,AI_VECTOR_CORE,1784812101646608.870	,3.760,0.000000,43,0,NO,"""64,2,1024,128;64;64,2,1,128""",FLOAT16;INT64;FLOAT16,NCHW;NCHW;NCHW,"""64,2,1024,128""",FLOAT16,NCHW,N/A,0.0,0,0.0,0.0,0.0,0.0,0.0,0.0,0.0,0.0,0.0,0.0,0.0,1.781,137838,0.008,0.004,0.647,0.363,0.132,0.074,0.93,0.522,0.039,0.000
2,2,127,6,IncreFlashAttention_7,IncreFlashAttention,static,MIX_AIC,1784812101646613.890	,70.020,1.490000,24,48,NO,"""64,16,1,128;64,2,1024,128;64,2,1024,128;64,1,1,1024""",FLOAT16;FLOAT16;FLOAT16;BOOL,NCHW;NCHW;NCHW;NCHW,"""64,16,1,128""",FLOAT16,NCHW,0,64.732,2796414,5.735,0.089,37.874,0.585,14.373,0.222,41.705,0.644,17.034,0.263,0.001,59.314,5124731,3.728,0.063,6.201,0.105,1.915,0.032,1.933,0.033,0.037,92.448
2,2,128,6,MatMul_36,MatMul,static,AI_CORE,1784812101646684.670	,8.940,0.730000,22,0,NO,"""64,2048;1024,2048""",FLOAT16;FLOAT16,ND;ND,"""64,1024""",FLOAT16,ND,N/A,6.502,257478,1.119,0.172,0.442,0.068,1.601,0.246,5.41,0.832,0.373,0.057,0.0,0.0,0,0.0,0.0,0.0,0.0,0.0,0.0,0.0,0.0,0.0,66.668
2,2,129,6,InplaceAddRmsNorm_14,InplaceAddRmsNorm,static,AI_VECTOR_CORE,1784812101646693.630	,8.240,0.060000,32,0,NO,"""64,1,1024;64,1,1024;1024""",FLOAT16;FLOAT16;FLOAT16,ND;ND;ND,"""64,1,1024;64,1,1;64,1,1024""",FLOAT16;FLOAT;FLOAT16,ND;ND;ND,N/A,0.0,0,0.0,0.0,0.0,0.0,0.0,0.0,0.0,0.0,0.0,0.0,0.0,5.389,310409,0.533,0.099,1.788,0.332,0.566,0.105,0.791,0.147,0.1,0.000
2,2,130,6,MatMul_37,MatMul,static,AI_CORE,1784812101646701.890	,12.440,0.010000,24,0,NO,"""64,1024;3072,1024""",FLOAT16;FLOAT16,ND;ND,"""64,3072""",FLOAT16,ND,N/A,9.992,431641,1.354,0.136,0.164,0.016,1.703,0.17,7.426,0.743,0.288,0.029,0.152,0.0,0,0.0,0.0,0.0,0.0,0.0,0.0,0.0,0.0,0.0,80.319
2,2,131,6,MatMul_38,MatMul,static,AI_CORE,1784812101646714.350	,9.020,0.000000,24,0,NO,"""64,1024;3072,1024""",FLOAT16;FLOAT16,ND;ND,"""64,3072""",FLOAT16,ND,N/A,6.734,290923,1.355,0.201,0.476,0.071,1.707,0.253,5.47,0.812,0.277,0.041,0.0,0.0,0,0.0,0.0,0.0,0.0,0.0,0.0,0.0,0.0,0.0,74.660
2,2,132,6,Swish_7Mul_10,AutomaticBufferFusionOp,static,AI_VECTOR_CORE,1784812101646723.390	,8.220,0.230000,48,0,NO,"""64,1,3072;64,1,3072""",FLOAT16;FLOAT16,ND;ND,"""64,1,3072""",FLOAT16,ND,N/A,0.0,0,0.0,0.0,0.0,0.0,0.0,0.0,0.0,0.0,0.0,0.0,0.0,6.121,528819,0.403,0.066,0.16,0.026,1.816,0.297,0.673,0.11,0.204,0.000
2,2,133,6,MatMul_39,MatMul,static,AI_CORE,1784812101646731.630	,13.540,0.030000,22,0,NO,"""64,3072;1024,3072""",FLOAT16;FLOAT16,ND;ND,"""64,1024""",FLOAT16,ND,N/A,11.349,449411,1.689,0.149,0.356,0.031,2.417,0.213,9.173,0.808,0.365,0.032,0.052,0.0,0,0.0,0.0,0.0,0.0,0.0,0.0,0.0,0.0,0.0,76.832
2,2,134,6,InplaceAddRmsNorm_15,InplaceAddRmsNorm,static,AI_VECTOR_CORE,1784812101646745.190	,8.400,0.000000,32,0,NO,"""64,1,1024;64,1,1024;1024""",FLOAT16;FLOAT16;FLOAT16,ND;ND;ND,"""64,1,1024;64,1,1;64,1,1024""",FLOAT16;FLOAT;FLOAT16,ND;ND;ND,N/A,0.0,0,0.0,0.0,0.0,0.0,0.0,0.0,0.0,0.0,0.0,0.0,0.0,4.358,251027,0.536,0.123,1.788,0.41,0.289,0.066,0.427,0.098,0.073,0.000
2,2,135,6,MatMul_40,MatMul,static,AI_CORE,1784812101646753.630	,12.880,0.100000,23,0,NO,"""64,1024;2560,1024""",FLOAT16;FLOAT16,ND;ND,"""64,2560""",FLOAT16,ND,N/A,10.05,416055,1.179,0.117,0.17,0.017,1.557,0.155,7.159,0.712,0.678,0.067,0.163,0.0,0,0.0,0.0,0.0,0.0,0.0,0.0,0.0,0.0,0.0,74.774
2,2,136,6,SplitV_10,SplitVD,static,AI_VECTOR_CORE,1784812101646766.530	,3.680,0.000000,2,0,NO,"""64,1,2560""",FLOAT16,ND,"""64,1,2048;64,1,256;64,1,256""",FLOAT16;FLOAT16;FLOAT16,ND;ND;ND,N/A,0.0,0,0.0,0.0,0.0,0.0,0.0,0.0,0.0,0.0,0.0,0.0,0.0,3.019,10869,0.008,0.003,0.122,0.04,1.077,0.357,1.601,0.53,0.2,0.000
2,2,137,6,Scatter_17,Scatter,static,AI_VECTOR_CORE,1784812101646770.230	,6.780,0.070000,43,0,NO,"""64,2,1024,128;64;64,2,1,128""",FLOAT16;INT64;FLOAT16,NCHW;NCHW;NCHW,"""64,2,1024,128""",FLOAT16,NCHW,N/A,0.0,0,0.0,0.0,0.0,0.0,0.0,0.0,0.0,0.0,0.0,0.0,0.0,3.5,270918,0.008,0.002,0.167,0.048,0.311,0.089,0.444,0.127,0.26,0.000
2,2,138,6,ApplyRotaryPosEmb_8,ApplyRotaryPosEmb,static,AI_VECTOR_CORE,1784812101646777.030	,9.880,0.000000,32,0,NO,"""64,1,16,128;64,1,2,128;64,1,1,128;64,1,1,128""",FLOAT16;FLOAT16;FLOAT16;FLOAT16,NCHW;NCHW;NCHW;NCHW,"""64,1,16,128;64,1,2,128""",FLOAT16;FLOAT16,NCHW;NCHW,N/A,0.0,0,0.0,0.0,0.0,0.0,0.0,0.0,0.0,0.0,0.0,0.0,0.0,7.245,417313,0.259,0.036,1.414,0.195,0.486,0.067,0.23,0.032,0.134,0.000
2,2,139,6,Scatter_16,Scatter,static,AI_VECTOR_CORE,1784812101646786.930	,4.520,0.120000,43,0,NO,"""64,2,1024,128;64;64,2,1,128""",FLOAT16;INT64;FLOAT16,NCHW;NCHW;NCHW,"""64,2,1024,128""",FLOAT16,NCHW,N/A,0.0,0,0.0,0.0,0.0,0.0,0.0,0.0,0.0,0.0,0.0,0.0,0.0,2.154,166694,0.008,0.004,1.513,0.703,0.166,0.077,0.448,0.208,0.037,0.000
2,2,140,6,IncreFlashAttention_8,IncreFlashAttention,static,MIX_AIC,1784812101646792.810	,69.360,1.230000,24,48,NO,"""64,16,1,128;64,2,1024,128;64,2,1024,128;64,1,1,1024""",FLOAT16;FLOAT16;FLOAT16;BOOL,NCHW;NCHW;NCHW;NCHW,"""64,16,1,128""",FLOAT16,NCHW,0,63.555,2745565,5.736,0.09,37.68,0.593,14.37,0.226,41.625,0.655,16.953,0.267,0.001,58.018,5012790,3.731,0.064,7.129,0.123,1.94,0.033,1.937,0.033,0.034,91.630
2,2,141,6,MatMul_41,MatMul,static,AI_CORE,1784812101646862.950	,8.440,0.890000,22,0,NO,"""64,2048;1024,2048""",FLOAT16;FLOAT16,ND;ND,"""64,1024""",FLOAT16,ND,N/A,6.231,246753,1.121,0.18,0.585,0.094,1.609,0.258,5.073,0.814,0.428,0.069,0.0,0.0,0,0.0,0.0,0.0,0.0,0.0,0.0,0.0,0.0,0.0,67.676
2,2,142,6,InplaceAddRmsNorm_16,InplaceAddRmsNorm,static,AI_VECTOR_CORE,1784812101646871.410	,10.160,0.060000,32,0,NO,"""64,1,1024;64,1,1024;1024""",FLOAT16;FLOAT16;FLOAT16,ND;ND;ND,"""64,1,1024;64,1,1;64,1,1024""",FLOAT16;FLOAT;FLOAT16,ND;ND;ND,N/A,0.0,0,0.0,0.0,0.0,0.0,0.0,0.0,0.0,0.0,0.0,0.0,0.0,7.337,422629,0.524,0.071,1.773,0.242,1.886,0.257,0.921,0.125,0.1,0.000
2,2,143,6,MatMul_42,MatMul,static,AI_CORE,1784812101646881.590	,11.160,0.000000,24,0,NO,"""64,1024;3072,1024""",FLOAT16;FLOAT16,ND;ND,"""64,3072""",FLOAT16,ND,N/A,8.53,368495,1.357,0.159,0.163,0.019,1.686,0.198,5.591,0.655,0.283,0.033,0.149,0.0,0,0.0,0.0,0.0,0.0,0.0,0.0,0.0,0.0,0.0,76.433
2,2,144,6,MatMul_43,MatMul,static,AI_CORE,1784812101646892.770	,8.720,0.090000,24,0,NO,"""64,1024;3072,1024""",FLOAT16;FLOAT16,ND;ND,"""64,3072""",FLOAT16,ND,N/A,6.377,275506,1.365,0.214,0.387,0.061,1.701,0.267,5.206,0.816,0.279,0.044,0.0,0.0,0,0.0,0.0,0.0,0.0,0.0,0.0,0.0,0.0,0.0,73.136
2,2,145,6,Swish_8Mul_11,AutomaticBufferFusionOp,static,AI_VECTOR_CORE,1784812101646901.510	,8.140,0.030000,48,0,NO,"""64,1,3072;64,1,3072""",FLOAT16;FLOAT16,ND;ND,"""64,1,3072""",FLOAT16,ND,N/A,0.0,0,0.0,0.0,0.0,0.0,0.0,0.0,0.0,0.0,0.0,0.0,0.0,6.005,518870,0.404,0.067,0.125,0.021,1.652,0.275,0.802,0.134,0.212,0.000
2,2,146,6,MatMul_44,MatMul,static,AI_CORE,1784812101646909.670	,13.840,0.110000,22,0,NO,"""64,3072;1024,3072""",FLOAT16;FLOAT16,ND;ND,"""64,1024""",FLOAT16,ND,N/A,11.655,461552,1.684,0.145,0.336,0.029,2.435,0.209,9.435,0.809,0.41,0.035,0.053,0.0,0,0.0,0.0,0.0,0.0,0.0,0.0,0.0,0.0,0.0,77.197
2,2,147,6,InplaceAddRmsNorm_17,InplaceAddRmsNorm,static,AI_VECTOR_CORE,1784812101646923.530	,6.540,0.000000,32,0,NO,"""64,1,1024;64,1,1024;1024""",FLOAT16;FLOAT16;FLOAT16,ND;ND;ND,"""64,1,1024;64,1,1;64,1,1024""",FLOAT16;FLOAT;FLOAT16,ND;ND;ND,N/A,0.0,0,0.0,0.0,0.0,0.0,0.0,0.0,0.0,0.0,0.0,0.0,0.0,3.927,226175,0.531,0.135,2.026,0.516,0.904,0.23,0.428,0.109,0.072,0.000
2,2,148,6,MatMul_45,MatMul,static,AI_CORE,1784812101646930.090	,10.680,0.000000,23,0,NO,"""64,1024;2560,1024""",FLOAT16;FLOAT16,ND;ND,"""64,2560""",FLOAT16,ND,N/A,8.273,342519,1.185,0.143,0.163,0.02,1.554,0.188,5.019,0.607,0.651,0.079,0.157,0.0,0,0.0,0.0,0.0,0.0,0.0,0.0,0.0,0.0,0.0,74.239
2,2,149,6,SplitV_11,SplitVD,static,AI_VECTOR_CORE,1784812101646940.790	,3.760,0.070000,2,0,NO,"""64,1,2560""",FLOAT16,ND,"""64,1,2048;64,1,256;64,1,256""",FLOAT16;FLOAT16;FLOAT16,ND;ND;ND,N/A,0.0,0,0.0,0.0,0.0,0.0,0.0,0.0,0.0,0.0,0.0,0.0,0.0,3.013,10845,0.008,0.003,0.127,0.042,1.11,0.368,1.506,0.5,0.231,0.000
2,2,150,6,Scatter_19,Scatter,static,AI_VECTOR_CORE,1784812101646944.570	,6.920,0.000000,43,0,NO,"""64,2,1024,128;64;64,2,1,128""",FLOAT16;INT64;FLOAT16,NCHW;NCHW;NCHW,"""64,2,1024,128""",FLOAT16,NCHW,N/A,0.0,0,0.0,0.0,0.0,0.0,0.0,0.0,0.0,0.0,0.0,0.0,0.0,3.621,280280,0.008,0.002,0.164,0.045,0.127,0.035,0.443,0.122,0.26,0.000
2,2,151,6,ApplyRotaryPosEmb_9,ApplyRotaryPosEmb,static,AI_VECTOR_CORE,1784812101646951.510	,10.180,0.080000,32,0,NO,"""64,1,16,128;64,1,2,128;64,1,1,128;64,1,1,128""",FLOAT16;FLOAT16;FLOAT16;FLOAT16,NCHW;NCHW;NCHW;NCHW,"""64,1,16,128;64,1,2,128""",FLOAT16;FLOAT16,NCHW;NCHW,N/A,0.0,0,0.0,0.0,0.0,0.0,0.0,0.0,0.0,0.0,0.0,0.0,0.0,8.189,471715,0.258,0.032,1.363,0.166,0.969,0.118,0.458,0.056,0.134,0.000
2,2,152,6,Scatter_18,Scatter,static,AI_VECTOR_CORE,1784812101646961.710	,5.720,0.070000,43,0,NO,"""64,2,1024,128;64;64,2,1,128""",FLOAT16;INT64;FLOAT16,NCHW;NCHW;NCHW,"""64,2,1024,128""",FLOAT16,NCHW,N/A,0.0,0,0.0,0.0,0.0,0.0,0.0,0.0,0.0,0.0,0.0,0.0,0.0,3.588,277695,0.008,0.002,1.204,0.336,1.227,0.342,1.099,0.306,0.039,0.000
2,2,153,6,IncreFlashAttention_9,IncreFlashAttention,static,MIX_AIC,1784812101646968.890	,69.320,1.530000,24,48,NO,"""64,16,1,128;64,2,1024,128;64,2,1024,128;64,1,1,1024""",FLOAT16;FLOAT16;FLOAT16;BOOL,NCHW;NCHW;NCHW;NCHW,"""64,16,1,128""",FLOAT16,NCHW,0,63.362,2737227,5.736,0.091,37.193,0.587,14.373,0.227,41.616,0.657,16.86,0.266,0.001,57.843,4997612,3.729,0.064,5.287,0.091,1.811,0.031,1.949,0.034,0.035,91.405
2,2,154,6,MatMul_46,MatMul,static,AI_CORE,1784812101647039.030	,9.180,0.680000,22,0,NO,"""64,2048;1024,2048""",FLOAT16;FLOAT16,ND;ND,"""64,1024""",FLOAT16,ND,N/A,7.086,280612,1.121,0.158,0.764,0.108,1.609,0.227,5.664,0.799,0.397,0.056,0.0,0.0,0,0.0,0.0,0.0,0.0,0.0,0.0,0.0,0.0,0.0,70.759
2,2,155,6,InplaceAddRmsNorm_18,InplaceAddRmsNorm,static,AI_VECTOR_CORE,1784812101647048.230	,8.180,0.070000,32,0,NO,"""64,1,1024;64,1,1024;1024""",FLOAT16;FLOAT16;FLOAT16,ND;ND;ND,"""64,1,1024;64,1,1;64,1,1024""",FLOAT16;FLOAT;FLOAT16,ND;ND;ND,N/A,0.0,0,0.0,0.0,0.0,0.0,0.0,0.0,0.0,0.0,0.0,0.0,0.0,5.369,309237,0.531,0.099,1.949,0.363,0.522,0.097,0.769,0.143,0.1,0.000
2,2,156,6,MatMul_47,MatMul,static,AI_CORE,1784812101647056.430	,12.080,0.070000,24,0,NO,"""64,1024;3072,1024""",FLOAT16;FLOAT16,ND;ND,"""64,3072""",FLOAT16,ND,N/A,9.907,427963,1.366,0.138,0.161,0.016,1.694,0.171,7.388,0.746,0.279,0.028,0.157,0.0,0,0.0,0.0,0.0,0.0,0.0,0.0,0.0,0.0,0.0,82.008
2,2,157,6,MatMul_48,MatMul,static,AI_CORE,1784812101647068.530	,8.920,0.000000,24,0,NO,"""64,1024;3072,1024""",FLOAT16;FLOAT16,ND;ND,"""64,3072""",FLOAT16,ND,N/A,6.509,281184,1.355,0.208,0.384,0.059,1.694,0.26,5.342,0.821,0.278,0.043,0.0,0.0,0,0.0,0.0,0.0,0.0,0.0,0.0,0.0,0.0,0.0,72.970
2,2,158,6,Swish_9Mul_12,AutomaticBufferFusionOp,static,AI_VECTOR_CORE,1784812101647077.490	,8.420,0.080000,48,0,NO,"""64,1,3072;64,1,3072""",FLOAT16;FLOAT16,ND;ND,"""64,1,3072""",FLOAT16,ND,N/A,0.0,0,0.0,0.0,0.0,0.0,0.0,0.0,0.0,0.0,0.0,0.0,0.0,6.127,529393,0.403,0.066,0.125,0.02,1.631,0.266,0.745,0.122,0.211,0.000
2,2,159,6,MatMul_49,MatMul,static,AI_CORE,1784812101647085.930	,12.720,0.080000,22,0,NO,"""64,3072;1024,3072""",FLOAT16;FLOAT16,ND;ND,"""64,1024""",FLOAT16,ND,N/A,10.3,407868,1.682,0.163,0.32,0.031,2.437,0.237,7.687,0.746,0.436,0.042,0.055,0.0,0,0.0,0.0,0.0,0.0,0.0,0.0,0.0,0.0,0.0,74.225
2,2,160,6,InplaceAddRmsNorm_19,InplaceAddRmsNorm,static,AI_VECTOR_CORE,1784812101647098.690	,6.540,0.030000,32,0,NO,"""64,1,1024;64,1,1024;1024""",FLOAT16;FLOAT16;FLOAT16,ND;ND;ND,"""64,1,1024;64,1,1;64,1,1024""",FLOAT16;FLOAT;FLOAT16,ND;ND;ND,N/A,0.0,0,0.0,0.0,0.0,0.0,0.0,0.0,0.0,0.0,0.0,0.0,0.0,3.626,208884,0.533,0.147,2.097,0.578,0.391,0.108,0.434,0.12,0.071,0.000
2,2,161,6,MatMul_50,MatMul,static,AI_CORE,1784812101647105.250	,12.060,0.000000,23,0,NO,"""64,1024;2560,1024""",FLOAT16;FLOAT16,ND;ND,"""64,2560""",FLOAT16,ND,N/A,9.757,403948,1.186,0.122,0.164,0.017,1.554,0.159,6.88,0.705,0.683,0.07,0.166,0.0,0,0.0,0.0,0.0,0.0,0.0,0.0,0.0,0.0,0.0,77.534
2,2,162,6,SplitV_12,SplitVD,static,AI_VECTOR_CORE,1784812101647117.330	,3.800,0.000000,2,0,NO,"""64,1,2560""",FLOAT16,ND,"""64,1,2048;64,1,256;64,1,256""",FLOAT16;FLOAT16;FLOAT16,ND;ND;ND,N/A,0.0,0,0.0,0.0,0.0,0.0,0.0,0.0,0.0,0.0,0.0,0.0,0.0,3.022,10879,0.008,0.003,0.152,0.05,1.153,0.382,1.529,0.506,0.216,0.000
2,2,163,6,Scatter_21,Scatter,static,AI_VECTOR_CORE,1784812101647121.150	,6.660,0.200000,43,0,NO,"""64,2,1024,128;64;64,2,1,128""",FLOAT16;INT64;FLOAT16,NCHW;NCHW;NCHW,"""64,2,1024,128""",FLOAT16,NCHW,N/A,0.0,0,0.0,0.0,0.0,0.0,0.0,0.0,0.0,0.0,0.0,0.0,0.0,3.468,268417,0.008,0.002,0.165,0.048,0.32,0.092,0.44,0.127,0.257,0.000
2,2,164,6,ApplyRotaryPosEmb_10,ApplyRotaryPosEmb,static,AI_VECTOR_CORE,1784812101647127.830	,9.680,0.000000,32,0,NO,"""64,1,16,128;64,1,2,128;64,1,1,128;64,1,1,128""",FLOAT16;FLOAT16;FLOAT16;FLOAT16,NCHW;NCHW;NCHW;NCHW,"""64,1,16,128;64,1,2,128""",FLOAT16;FLOAT16,NCHW;NCHW,N/A,0.0,0,0.0,0.0,0.0,0.0,0.0,0.0,0.0,0.0,0.0,0.0,0.0,7.043,405679,0.259,0.037,1.367,0.194,0.372,0.053,0.226,0.032,0.135,0.000
2,2,165,6,Scatter_20,Scatter,static,AI_VECTOR_CORE,1784812101647137.530	,3.740,0.070000,43,0,NO,"""64,2,1024,128;64;64,2,1,128""",FLOAT16;INT64;FLOAT16,NCHW;NCHW;NCHW,"""64,2,1024,128""",FLOAT16,NCHW,N/A,0.0,0,0.0,0.0,0.0,0.0,0.0,0.0,0.0,0.0,0.0,0.0,0.0,1.648,127585,0.008,0.005,0.549,0.333,0.148,0.09,0.889,0.539,0.037,0.000
2,2,166,6,IncreFlashAttention_10,IncreFlashAttention,static,MIX_AIC,1784812101647142.470	,70.060,1.260000,24,48,NO,"""64,16,1,128;64,2,1024,128;64,2,1024,128;64,1,1,1024""",FLOAT16;FLOAT16;FLOAT16;BOOL,NCHW;NCHW;NCHW;NCHW,"""64,16,1,128""",FLOAT16,NCHW,0,63.964,2763236,5.736,0.09,38.281,0.598,14.37,0.225,40.998,0.641,16.798,0.263,0.001,58.186,5027278,3.729,0.064,6.298,0.108,1.863,0.032,1.951,0.034,0.035,91.299
2,2,167,6,MatMul_51,MatMul,static,AI_CORE,1784812101647213.810	,8.860,1.190000,22,0,NO,"""64,2048;1024,2048""",FLOAT16;FLOAT16,ND;ND,"""64,1024""",FLOAT16,ND,N/A,6.342,251155,1.126,0.177,0.392,0.062,1.604,0.253,5.308,0.837,0.37,0.058,0.0,0.0,0,0.0,0.0,0.0,0.0,0.0,0.0,0.0,0.0,0.0,65.618
2,2,168,6,InplaceAddRmsNorm_20,InplaceAddRmsNorm,static,AI_VECTOR_CORE,1784812101647222.690	,8.440,0.140000,32,0,NO,"""64,1,1024;64,1,1024;1024""",FLOAT16;FLOAT16;FLOAT16,ND;ND;ND,"""64,1,1024;64,1,1;64,1,1024""",FLOAT16;FLOAT;FLOAT16,ND;ND;ND,N/A,0.0,0,0.0,0.0,0.0,0.0,0.0,0.0,0.0,0.0,0.0,0.0,0.0,5.4,311049,0.535,0.099,1.862,0.345,0.345,0.064,0.519,0.096,0.1,0.000
2,2,169,6,MatMul_52,MatMul,static,AI_CORE,1784812101647231.150	,12.720,0.060000,24,0,NO,"""64,1024;3072,1024""",FLOAT16;FLOAT16,ND;ND,"""64,3072""",FLOAT16,ND,N/A,9.935,429198,1.368,0.138,0.164,0.017,1.709,0.172,7.411,0.746,0.278,0.028,0.149,0.0,0,0.0,0.0,0.0,0.0,0.0,0.0,0.0,0.0,0.0,78.106
2,2,170,6,MatMul_53,MatMul,static,AI_CORE,1784812101647243.890	,9.500,0.030000,24,0,NO,"""64,1024;3072,1024""",FLOAT16;FLOAT16,ND;ND,"""64,3072""",FLOAT16,ND,N/A,6.579,284201,1.374,0.209,0.586,0.089,1.694,0.258,5.395,0.82,0.282,0.043,0.0,0.0,0,0.0,0.0,0.0,0.0,0.0,0.0,0.0,0.0,0.0,69.250
2,2,171,6,Swish_10Mul_13,AutomaticBufferFusionOp,static,AI_VECTOR_CORE,1784812101647253.430	,8.060,0.000000,48,0,NO,"""64,1,3072;64,1,3072""",FLOAT16;FLOAT16,ND;ND,"""64,1,3072""",FLOAT16,ND,N/A,0.0,0,0.0,0.0,0.0,0.0,0.0,0.0,0.0,0.0,0.0,0.0,0.0,6.046,522342,0.404,0.067,0.127,0.021,1.688,0.279,0.806,0.133,0.211,0.000
2,2,172,6,MatMul_54,MatMul,static,AI_CORE,1784812101647261.530	,13.460,0.000000,22,0,NO,"""64,3072;1024,3072""",FLOAT16;FLOAT16,ND;ND,"""64,1024""",FLOAT16,ND,N/A,11.272,446389,1.69,0.15,0.317,0.028,2.436,0.216,9.018,0.8,0.49,0.043,0.054,0.0,0,0.0,0.0,0.0,0.0,0.0,0.0,0.0,0.0,0.0,76.769
2,2,173,6,InplaceAddRmsNorm_21,InplaceAddRmsNorm,static,AI_VECTOR_CORE,1784812101647275.030	,6.540,0.040000,32,0,NO,"""64,1,1024;64,1,1024;1024""",FLOAT16;FLOAT16;FLOAT16,ND;ND;ND,"""64,1,1024;64,1,1;64,1,1024""",FLOAT16;FLOAT;FLOAT16,ND;ND;ND,N/A,0.0,0,0.0,0.0,0.0,0.0,0.0,0.0,0.0,0.0,0.0,0.0,0.0,3.625,208778,0.534,0.147,2.058,0.568,0.39,0.108,0.461,0.127,0.073,0.000
2,2,174,6,MatMul_55,MatMul,static,AI_CORE,1784812101647281.590	,12.900,0.000000,23,0,NO,"""64,1024;2560,1024""",FLOAT16;FLOAT16,ND;ND,"""64,2560""",FLOAT16,ND,N/A,9.857,408060,1.19,0.121,0.162,0.016,1.555,0.158,6.971,0.707,0.684,0.069,0.166,0.0,0,0.0,0.0,0.0,0.0,0.0,0.0,0.0,0.0,0.0,73.224
2,2,175,6,SplitV_13,SplitVD,static,AI_VECTOR_CORE,1784812101647294.530	,3.680,0.100000,2,0,NO,"""64,1,2560""",FLOAT16,ND,"""64,1,2048;64,1,256;64,1,256""",FLOAT16;FLOAT16;FLOAT16,ND;ND;ND,N/A,0.0,0,0.0,0.0,0.0,0.0,0.0,0.0,0.0,0.0,0.0,0.0,0.0,2.962,10663,0.008,0.003,0.149,0.05,1.144,0.386,1.486,0.502,0.216,0.000
2,2,176,6,Scatter_23,Scatter,static,AI_VECTOR_CORE,1784812101647298.230	,6.780,0.070000,43,0,NO,"""64,2,1024,128;64;64,2,1,128""",FLOAT16;INT64;FLOAT16,NCHW;NCHW;NCHW,"""64,2,1024,128""",FLOAT16,NCHW,N/A,0.0,0,0.0,0.0,0.0,0.0,0.0,0.0,0.0,0.0,0.0,0.0,0.0,3.48,269374,0.008,0.002,0.162,0.047,0.311,0.089,0.443,0.127,0.258,0.000
2,2,177,6,ApplyRotaryPosEmb_11,ApplyRotaryPosEmb,static,AI_VECTOR_CORE,1784812101647305.030	,10.120,0.000000,32,0,NO,"""64,1,16,128;64,1,2,128;64,1,1,128;64,1,1,128""",FLOAT16;FLOAT16;FLOAT16;FLOAT16,NCHW;NCHW;NCHW;NCHW,"""64,1,16,128;64,1,2,128""",FLOAT16;FLOAT16,NCHW;NCHW,N/A,0.0,0,0.0,0.0,0.0,0.0,0.0,0.0,0.0,0.0,0.0,0.0,0.0,8.135,468567,0.258,0.032,1.362,0.167,0.96,0.118,0.499,0.061,0.137,0.000
2,2,178,6,Scatter_22,Scatter,static,AI_VECTOR_CORE,1784812101647315.170	,3.900,0.130000,43,0,NO,"""64,2,1024,128;64;64,2,1,128""",FLOAT16;INT64;FLOAT16,NCHW;NCHW;NCHW,"""64,2,1024,128""",FLOAT16,NCHW,N/A,0.0,0,0.0,0.0,0.0,0.0,0.0,0.0,0.0,0.0,0.0,0.0,0.0,1.908,147651,0.008,0.004,0.557,0.292,0.142,0.075,1.155,0.605,0.038,0.000
2,2,179,6,IncreFlashAttention_11,IncreFlashAttention,static,MIX_AIC,1784812101647320.190	,69.840,1.100000,24,48,NO,"""64,16,1,128;64,2,1024,128;64,2,1024,128;64,1,1,1024""",FLOAT16;FLOAT16;FLOAT16;BOOL,NCHW;NCHW;NCHW;NCHW,"""64,16,1,128""",FLOAT16,NCHW,0,64.297,2777616,5.736,0.089,38.423,0.598,14.372,0.224,41.252,0.642,16.807,0.261,0.001,58.331,5039782,3.729,0.064,7.157,0.123,1.797,0.031,1.948,0.033,0.033,92.063
2,2,180,6,MatMul_56,MatMul,static,AI_CORE,1784812101647390.910	,8.340,0.910000,22,0,NO,"""64,2048;1024,2048""",FLOAT16;FLOAT16,ND;ND,"""64,1024""",FLOAT16,ND,N/A,6.198,245424,1.121,0.181,0.547,0.088,1.602,0.258,4.985,0.804,0.383,0.062,0.0,0.0,0,0.0,0.0,0.0,0.0,0.0,0.0,0.0,0.0,0.0,68.119
2,2,181,6,InplaceAddRmsNorm_22,InplaceAddRmsNorm,static,AI_VECTOR_CORE,1784812101647399.270	,8.180,0.000000,32,0,NO,"""64,1,1024;64,1,1024;1024""",FLOAT16;FLOAT16;FLOAT16,ND;ND;ND,"""64,1,1024;64,1,1;64,1,1024""",FLOAT16;FLOAT;FLOAT16,ND;ND;ND,N/A,0.0,0,0.0,0.0,0.0,0.0,0.0,0.0,0.0,0.0,0.0,0.0,0.0,5.315,306123,0.534,0.1,1.824,0.343,0.538,0.101,0.785,0.148,0.098,0.000
2,2,182,6,MatMul_57,MatMul,static,AI_CORE,1784812101647407.470	,11.440,0.070000,24,0,NO,"""64,1024;3072,1024""",FLOAT16;FLOAT16,ND;ND,"""64,3072""",FLOAT16,ND,N/A,8.727,377020,1.364,0.156,0.165,0.019,1.692,0.194,5.936,0.68,0.277,0.032,0.151,0.0,0,0.0,0.0,0.0,0.0,0.0,0.0,0.0,0.0,0.0,76.288
2,2,183,6,MatMul_58,MatMul,static,AI_CORE,1784812101647418.930	,10.640,0.060000,24,0,NO,"""64,1024;3072,1024""",FLOAT16;FLOAT16,ND;ND,"""64,3072""",FLOAT16,ND,N/A,7.934,342762,1.37,0.173,0.906,0.114,1.689,0.213,6.248,0.787,0.278,0.035,0.0,0.0,0,0.0,0.0,0.0,0.0,0.0,0.0,0.0,0.0,0.0,74.571
2,2,184,6,Swish_11Mul_14,AutomaticBufferFusionOp,static,AI_VECTOR_CORE,1784812101647429.590	,8.120,0.000000,48,0,NO,"""64,1,3072;64,1,3072""",FLOAT16;FLOAT16,ND;ND,"""64,1,3072""",FLOAT16,ND,N/A,0.0,0,0.0,0.0,0.0,0.0,0.0,0.0,0.0,0.0,0.0,0.0,0.0,6.119,528663,0.403,0.066,0.125,0.021,1.858,0.304,0.684,0.112,0.212,0.000
2,2,185,6,MatMul_59,MatMul,static,AI_CORE,1784812101647437.730	,13.220,0.130000,22,0,NO,"""64,3072;1024,3072""",FLOAT16;FLOAT16,ND;ND,"""64,1024""",FLOAT16,ND,N/A,11.172,442402,1.689,0.151,0.319,0.029,2.431,0.218,9.002,0.806,0.399,0.036,0.054,0.0,0,0.0,0.0,0.0,0.0,0.0,0.0,0.0,0.0,0.0,77.464
2,2,186,6,InplaceAddRmsNorm_23,InplaceAddRmsNorm,static,AI_VECTOR_CORE,1784812101647450.970	,6.600,0.030000,32,0,NO,"""64,1,1024;64,1,1024;1024""",FLOAT16;FLOAT16;FLOAT16,ND;ND;ND,"""64,1,1024;64,1,1;64,1,1024""",FLOAT16;FLOAT;FLOAT16,ND;ND;ND,N/A,0.0,0,0.0,0.0,0.0,0.0,0.0,0.0,0.0,0.0,0.0,0.0,0.0,3.628,208954,0.532,0.147,2.158,0.595,0.355,0.098,0.459,0.127,0.072,0.000
2,2,187,6,MatMul_60,MatMul,static,AI_CORE,1784812101647457.610	,10.660,0.000000,23,0,NO,"""64,1024;2560,1024""",FLOAT16;FLOAT16,ND;ND,"""64,2560""",FLOAT16,ND,N/A,8.28,342791,1.175,0.142,0.166,0.02,1.562,0.189,4.931,0.596,0.632,0.076,0.163,0.0,0,0.0,0.0,0.0,0.0,0.0,0.0,0.0,0.0,0.0,74.437
2,2,188,6,SplitV_14,SplitVD,static,AI_VECTOR_CORE,1784812101647468.310	,3.880,0.090000,2,0,NO,"""64,1,2560""",FLOAT16,ND,"""64,1,2048;64,1,256;64,1,256""",FLOAT16;FLOAT16;FLOAT16,ND;ND;ND,N/A,0.0,0,0.0,0.0,0.0,0.0,0.0,0.0,0.0,0.0,0.0,0.0,0.0,3.115,11213,0.008,0.002,0.126,0.04,1.17,0.376,1.536,0.493,0.231,0.000
2,2,189,6,Scatter_25,Scatter,static,AI_VECTOR_CORE,1784812101647472.210	,6.980,0.120000,43,0,NO,"""64,2,1024,128;64;64,2,1,128""",FLOAT16;INT64;FLOAT16,NCHW;NCHW;NCHW,"""64,2,1024,128""",FLOAT16,NCHW,N/A,0.0,0,0.0,0.0,0.0,0.0,0.0,0.0,0.0,0.0,0.0,0.0,0.0,3.721,288024,0.008,0.002,0.164,0.044,0.188,0.05,0.451,0.121,0.245,0.000
2,2,190,6,ApplyRotaryPosEmb_12,ApplyRotaryPosEmb,static,AI_VECTOR_CORE,1784812101647479.210	,9.900,0.020000,32,0,NO,"""64,1,16,128;64,1,2,128;64,1,1,128;64,1,1,128""",FLOAT16;FLOAT16;FLOAT16;FLOAT16,NCHW;NCHW;NCHW;NCHW,"""64,1,16,128;64,1,2,128""",FLOAT16;FLOAT16,NCHW;NCHW,N/A,0.0,0,0.0,0.0,0.0,0.0,0.0,0.0,0.0,0.0,0.0,0.0,0.0,7.012,403889,0.259,0.037,1.391,0.198,0.435,0.062,0.207,0.03,0.136,0.000
2,2,191,6,Scatter_24,Scatter,static,AI_VECTOR_CORE,1784812101647489.130	,4.160,0.100000,43,0,NO,"""64,2,1024,128;64;64,2,1,128""",FLOAT16;INT64;FLOAT16,NCHW;NCHW;NCHW,"""64,2,1024,128""",FLOAT16,NCHW,N/A,0.0,0,0.0,0.0,0.0,0.0,0.0,0.0,0.0,0.0,0.0,0.0,0.0,2.024,156644,0.008,0.004,0.63,0.311,0.118,0.059,1.215,0.6,0.04,0.000
2,2,192,6,IncreFlashAttention_12,IncreFlashAttention,static,MIX_AIC,1784812101647494.430	,69.900,1.090000,24,48,NO,"""64,16,1,128;64,2,1024,128;64,2,1024,128;64,1,1,1024""",FLOAT16;FLOAT16;FLOAT16;BOOL,NCHW;NCHW;NCHW;NCHW,"""64,16,1,128""",FLOAT16,NCHW,0,64.526,2787526,5.736,0.089,37.677,0.584,14.371,0.223,41.177,0.638,16.744,0.259,0.001,58.687,5070574,3.728,0.064,6.243,0.106,1.807,0.031,1.938,0.033,0.037,92.312
2,2,193,6,MatMul_61,MatMul,static,AI_CORE,1784812101647565.190	,8.620,0.850000,22,0,NO,"""64,2048;1024,2048""",FLOAT16;FLOAT16,ND;ND,"""64,1024""",FLOAT16,ND,N/A,6.266,248148,1.12,0.179,0.428,0.068,1.606,0.256,5.102,0.814,0.444,0.071,0.0,0.0,0,0.0,0.0,0.0,0.0,0.0,0.0,0.0,0.0,0.0,66.638
2,2,194,6,InplaceAddRmsNorm_24,InplaceAddRmsNorm,static,AI_VECTOR_CORE,1784812101647573.830	,8.400,0.000000,32,0,NO,"""64,1,1024;64,1,1024;1024""",FLOAT16;FLOAT16;FLOAT16,ND;ND;ND,"""64,1,1024;64,1,1;64,1,1024""",FLOAT16;FLOAT;FLOAT16,ND;ND;ND,N/A,0.0,0,0.0,0.0,0.0,0.0,0.0,0.0,0.0,0.0,0.0,0.0,0.0,5.434,313009,0.534,0.098,1.769,0.325,0.343,0.063,0.568,0.105,0.1,0.000
2,2,195,6,MatMul_62,MatMul,static,AI_CORE,1784812101647582.250	,11.940,0.100000,24,0,NO,"""64,1024;3072,1024""",FLOAT16;FLOAT16,ND;ND,"""64,3072""",FLOAT16,ND,N/A,9.794,423105,1.364,0.139,0.164,0.017,1.707,0.174,7.258,0.741,0.28,0.029,0.153,0.0,0,0.0,0.0,0.0,0.0,0.0,0.0,0.0,0.0,0.0,82.028
2,2,196,6,MatMul_63,MatMul,static,AI_CORE,1784812101647594.210	,8.820,0.060000,24,0,NO,"""64,1024;3072,1024""",FLOAT16;FLOAT16,ND;ND,"""64,3072""",FLOAT16,ND,N/A,6.391,276081,1.362,0.213,0.464,0.073,1.692,0.265,5.142,0.805,0.276,0.043,0.0,0.0,0,0.0,0.0,0.0,0.0,0.0,0.0,0.0,0.0,0.0,72.458
2,2,197,6,Swish_12Mul_15,AutomaticBufferFusionOp,static,AI_VECTOR_CORE,1784812101647603.050	,8.480,0.000000,48,0,NO,"""64,1,3072;64,1,3072""",FLOAT16;FLOAT16,ND;ND,"""64,1,3072""",FLOAT16,ND,N/A,0.0,0,0.0,0.0,0.0,0.0,0.0,0.0,0.0,0.0,0.0,0.0,0.0,6.08,525350,0.404,0.066,0.13,0.021,1.645,0.271,0.579,0.095,0.211,0.000
2,2,198,6,MatMul_64,MatMul,static,AI_CORE,1784812101647611.550	,11.600,0.020000,22,0,NO,"""64,3072;1024,3072""",FLOAT16;FLOAT16,ND;ND,"""64,1024""",FLOAT16,ND,N/A,9.753,386228,1.687,0.173,0.322,0.033,2.424,0.249,7.162,0.734,0.431,0.044,0.052,0.0,0,0.0,0.0,0.0,0.0,0.0,0.0,0.0,0.0,0.0,77.073
2,2,199,6,InplaceAddRmsNorm_25,InplaceAddRmsNorm,static,AI_VECTOR_CORE,1784812101647623.170	,6.840,0.150000,32,0,NO,"""64,1,1024;64,1,1024;1024""",FLOAT16;FLOAT16;FLOAT16,ND;ND;ND,"""64,1,1024;64,1,1;64,1,1024""",FLOAT16;FLOAT;FLOAT16,ND;ND;ND,N/A,0.0,0,0.0,0.0,0.0,0.0,0.0,0.0,0.0,0.0,0.0,0.0,0.0,3.847,221612,0.533,0.139,2.187,0.568,0.493,0.128,0.447,0.116,0.073,0.000
2,2,200,6,MatMul_65,MatMul,static,AI_CORE,1784812101647630.030	,11.760,0.000000,23,0,NO,"""64,1024;2560,1024""",FLOAT16;FLOAT16,ND;ND,"""64,2560""",FLOAT16,ND,N/A,9.675,400528,1.195,0.123,0.173,0.018,1.558,0.161,6.782,0.701,0.71,0.073,0.166,0.0,0,0.0,0.0,0.0,0.0,0.0,0.0,0.0,0.0,0.0,78.839
2,2,201,6,SplitV_15,SplitVD,static,AI_VECTOR_CORE,1784812101647641.810	,3.760,0.000000,2,0,NO,"""64,1,2560""",FLOAT16,ND,"""64,1,2048;64,1,256;64,1,256""",FLOAT16;FLOAT16;FLOAT16,ND;ND;ND,N/A,0.0,0,0.0,0.0,0.0,0.0,0.0,0.0,0.0,0.0,0.0,0.0,0.0,3.008,10829,0.008,0.003,0.149,0.05,1.141,0.379,1.546,0.514,0.216,0.000
2,2,202,6,Scatter_27,Scatter,static,AI_VECTOR_CORE,1784812101647645.590	,6.640,0.000000,43,0,NO,"""64,2,1024,128;64;64,2,1,128""",FLOAT16;INT64;FLOAT16,NCHW;NCHW;NCHW,"""64,2,1024,128""",FLOAT16,NCHW,N/A,0.0,0,0.0,0.0,0.0,0.0,0.0,0.0,0.0,0.0,0.0,0.0,0.0,3.486,269824,0.008,0.002,0.214,0.061,0.317,0.091,0.428,0.123,0.26,0.000
2,2,203,6,ApplyRotaryPosEmb_13,ApplyRotaryPosEmb,static,AI_VECTOR_CORE,1784812101647652.250	,10.300,0.110000,32,0,NO,"""64,1,16,128;64,1,2,128;64,1,1,128;64,1,1,128""",FLOAT16;FLOAT16;FLOAT16;FLOAT16,NCHW;NCHW;NCHW;NCHW,"""64,1,16,128;64,1,2,128""",FLOAT16;FLOAT16,NCHW;NCHW,N/A,0.0,0,0.0,0.0,0.0,0.0,0.0,0.0,0.0,0.0,0.0,0.0,0.0,8.314,478880,0.258,0.031,1.424,0.171,1.052,0.127,0.475,0.057,0.135,0.000
2,2,204,6,Scatter_26,Scatter,static,AI_VECTOR_CORE,1784812101647662.590	,3.580,0.000000,43,0,NO,"""64,2,1024,128;64;64,2,1,128""",FLOAT16;INT64;FLOAT16,NCHW;NCHW;NCHW,"""64,2,1024,128""",FLOAT16,NCHW,N/A,0.0,0,0.0,0.0,0.0,0.0,0.0,0.0,0.0,0.0,0.0,0.0,0.0,1.658,128317,0.008,0.005,0.636,0.383,0.117,0.071,0.846,0.51,0.04,0.000
2,2,205,6,IncreFlashAttention_13,IncreFlashAttention,static,MIX_AIC,1784812101647667.430	,68.900,1.420000,24,48,NO,"""64,16,1,128;64,2,1024,128;64,2,1024,128;64,1,1,1024""",FLOAT16;FLOAT16;FLOAT16;BOOL,NCHW;NCHW;NCHW;NCHW,"""64,16,1,128""",FLOAT16,NCHW,0,64.76,2797643,5.736,0.089,39.977,0.617,14.373,0.222,40.975,0.633,16.742,0.259,0.001,59.194,5114390,3.73,0.063,10.585,0.179,1.816,0.031,1.948,0.033,0.033,93.992
2,2,206,6,MatMul_66,MatMul,static,AI_CORE,1784812101647737.590	,8.540,1.100000,22,0,NO,"""64,2048;1024,2048""",FLOAT16;FLOAT16,ND;ND,"""64,1024""",FLOAT16,ND,N/A,6.606,261611,1.118,0.169,0.438,0.066,1.608,0.243,5.493,0.832,0.397,0.06,0.0,0.0,0,0.0,0.0,0.0,0.0,0.0,0.0,0.0,0.0,0.0,70.911
2,2,207,6,InplaceAddRmsNorm_26,InplaceAddRmsNorm,static,AI_VECTOR_CORE,1784812101647746.150	,8.240,0.210000,32,0,NO,"""64,1,1024;64,1,1024;1024""",FLOAT16;FLOAT16;FLOAT16,ND;ND;ND,"""64,1,1024;64,1,1;64,1,1024""",FLOAT16;FLOAT;FLOAT16,ND;ND;ND,N/A,0.0,0,0.0,0.0,0.0,0.0,0.0,0.0,0.0,0.0,0.0,0.0,0.0,5.379,309843,0.532,0.099,1.791,0.333,0.59,0.11,0.754,0.14,0.101,0.000
2,2,208,6,MatMul_67,MatMul,static,AI_CORE,1784812101647754.410	,11.620,0.010000,24,0,NO,"""64,1024;3072,1024""",FLOAT16;FLOAT16,ND;ND,"""64,3072""",FLOAT16,ND,N/A,9.598,414655,1.364,0.142,0.182,0.019,1.695,0.177,7.051,0.735,0.281,0.029,0.151,0.0,0,0.0,0.0,0.0,0.0,0.0,0.0,0.0,0.0,0.0,82.603
2,2,209,6,MatMul_68,MatMul,static,AI_CORE,1784812101647766.070	,8.920,0.000000,24,0,NO,"""64,1024;3072,1024""",FLOAT16;FLOAT16,ND;ND,"""64,3072""",FLOAT16,ND,N/A,6.513,281365,1.365,0.21,0.461,0.071,1.706,0.262,5.261,0.808,0.281,0.043,0.0,0.0,0,0.0,0.0,0.0,0.0,0.0,0.0,0.0,0.0,0.0,73.017
2,2,210,6,Swish_13Mul_16,AutomaticBufferFusionOp,static,AI_VECTOR_CORE,1784812101647775.030	,8.180,0.080000,48,0,NO,"""64,1,3072;64,1,3072""",FLOAT16;FLOAT16,ND;ND,"""64,1,3072""",FLOAT16,ND,N/A,0.0,0,0.0,0.0,0.0,0.0,0.0,0.0,0.0,0.0,0.0,0.0,0.0,6.08,525272,0.403,0.066,0.129,0.021,1.799,0.296,0.68,0.112,0.207,0.000
2,2,211,6,MatMul_69,MatMul,static,AI_CORE,1784812101647783.230	,13.300,0.070000,22,0,NO,"""64,3072;1024,3072""",FLOAT16;FLOAT16,ND;ND,"""64,1024""",FLOAT16,ND,N/A,11.34,449075,1.681,0.148,0.32,0.028,2.442,0.215,9.085,0.801,0.451,0.04,0.054,0.0,0,0.0,0.0,0.0,0.0,0.0,0.0,0.0,0.0,0.0,78.160
2,2,212,6,InplaceAddRmsNorm_27,InplaceAddRmsNorm,static,AI_VECTOR_CORE,1784812101647796.550	,7.100,0.000000,32,0,NO,"""64,1,1024;64,1,1024;1024""",FLOAT16;FLOAT16;FLOAT16,ND;ND;ND,"""64,1,1024;64,1,1;64,1,1024""",FLOAT16;FLOAT;FLOAT16,ND;ND;ND,N/A,0.0,0,0.0,0.0,0.0,0.0,0.0,0.0,0.0,0.0,0.0,0.0,0.0,3.947,227365,0.533,0.135,2.229,0.565,0.501,0.127,0.462,0.117,0.072,0.000
2,2,213,6,MatMul_70,MatMul,static,AI_CORE,1784812101647803.670	,12.120,0.150000,23,0,NO,"""64,1024;2560,1024""",FLOAT16;FLOAT16,ND;ND,"""64,2560""",FLOAT16,ND,N/A,9.691,401225,1.18,0.122,0.202,0.021,1.543,0.159,6.809,0.703,0.65,0.067,0.159,0.0,0,0.0,0.0,0.0,0.0,0.0,0.0,0.0,0.0,0.0,76.630
2,2,214,6,SplitV_16,SplitVD,static,AI_VECTOR_CORE,1784812101647815.810	,3.680,0.000000,2,0,NO,"""64,1,2560""",FLOAT16,ND,"""64,1,2048;64,1,256;64,1,256""",FLOAT16;FLOAT16;FLOAT16,ND;ND;ND,N/A,0.0,0,0.0,0.0,0.0,0.0,0.0,0.0,0.0,0.0,0.0,0.0,0.0,2.998,10791,0.008,0.003,0.107,0.036,1.083,0.361,1.589,0.53,0.2,0.000
2,2,215,6,Scatter_29,Scatter,static,AI_VECTOR_CORE,1784812101647819.510	,6.800,0.070000,43,0,NO,"""64,2,1024,128;64;64,2,1,128""",FLOAT16;INT64;FLOAT16,NCHW;NCHW;NCHW,"""64,2,1024,128""",FLOAT16,NCHW,N/A,0.0,0,0.0,0.0,0.0,0.0,0.0,0.0,0.0,0.0,0.0,0.0,0.0,3.52,272431,0.008,0.002,0.206,0.059,0.31,0.088,0.443,0.126,0.258,0.000
2,2,216,6,ApplyRotaryPosEmb_14,ApplyRotaryPosEmb,static,AI_VECTOR_CORE,1784812101647826.330	,10.200,0.000000,32,0,NO,"""64,1,16,128;64,1,2,128;64,1,1,128;64,1,1,128""",FLOAT16;FLOAT16;FLOAT16;FLOAT16,NCHW;NCHW;NCHW;NCHW,"""64,1,16,128;64,1,2,128""",FLOAT16;FLOAT16,NCHW;NCHW,N/A,0.0,0,0.0,0.0,0.0,0.0,0.0,0.0,0.0,0.0,0.0,0.0,0.0,8.21,472901,0.259,0.032,1.394,0.17,0.978,0.119,0.471,0.057,0.133,0.000
2,2,217,6,Scatter_28,Scatter,static,AI_VECTOR_CORE,1784812101647836.550	,4.000,0.050000,43,0,NO,"""64,2,1024,128;64;64,2,1,128""",FLOAT16;INT64;FLOAT16,NCHW;NCHW;NCHW,"""64,2,1024,128""",FLOAT16,NCHW,N/A,0.0,0,0.0,0.0,0.0,0.0,0.0,0.0,0.0,0.0,0.0,0.0,0.0,1.878,145393,0.008,0.004,0.666,0.355,0.116,0.062,1.042,0.555,0.039,0.000
2,2,218,6,IncreFlashAttention_14,IncreFlashAttention,static,MIX_AIC,1784812101647841.750	,69.660,1.250000,24,48,NO,"""64,16,1,128;64,2,1024,128;64,2,1024,128;64,1,1,1024""",FLOAT16;FLOAT16;FLOAT16;BOOL,NCHW;NCHW;NCHW;NCHW,"""64,16,1,128""",FLOAT16,NCHW,0,63.713,2752415,5.736,0.09,37.957,0.596,14.372,0.226,41.542,0.652,16.741,0.263,0.001,57.929,5005108,3.728,0.064,6.203,0.107,1.894,0.033,1.952,0.034,0.033,91.463
2,2,219,6,MatMul_71,MatMul,static,AI_CORE,1784812101647912.490	,8.900,1.090000,22,0,NO,"""64,2048;1024,2048""",FLOAT16;FLOAT16,ND;ND,"""64,1024""",FLOAT16,ND,N/A,6.352,251539,1.121,0.177,0.379,0.06,1.597,0.251,5.338,0.84,0.364,0.057,0.0,0.0,0,0.0,0.0,0.0,0.0,0.0,0.0,0.0,0.0,0.0,65.423
2,2,220,6,InplaceAddRmsNorm_28,InplaceAddRmsNorm,static,AI_VECTOR_CORE,1784812101647921.410	,8.340,0.100000,32,0,NO,"""64,1,1024;64,1,1024;1024""",FLOAT16;FLOAT16;FLOAT16,ND;ND;ND,"""64,1,1024;64,1,1;64,1,1024""",FLOAT16;FLOAT;FLOAT16,ND;ND;ND,N/A,0.0,0,0.0,0.0,0.0,0.0,0.0,0.0,0.0,0.0,0.0,0.0,0.0,5.434,313010,0.53,0.098,1.814,0.334,0.646,0.119,0.739,0.136,0.1,0.000
2,2,221,6,MatMul_72,MatMul,static,AI_CORE,1784812101647929.770	,11.660,0.000000,24,0,NO,"""64,1024;3072,1024""",FLOAT16;FLOAT16,ND;ND,"""64,3072""",FLOAT16,ND,N/A,8.675,374761,1.371,0.158,0.193,0.022,1.7,0.196,5.742,0.662,0.281,0.032,0.148,0.0,0,0.0,0.0,0.0,0.0,0.0,0.0,0.0,0.0,0.0,74.400
2,2,222,6,MatMul_73,MatMul,static,AI_CORE,1784812101647941.450	,9.340,0.090000,24,0,NO,"""64,1024;3072,1024""",FLOAT16;FLOAT16,ND;ND,"""64,3072""",FLOAT16,ND,N/A,6.645,287083,1.369,0.206,0.397,0.06,1.69,0.254,5.453,0.82,0.283,0.043,0.0,0.0,0,0.0,0.0,0.0,0.0,0.0,0.0,0.0,0.0,0.0,71.150
2,2,223,6,Swish_14Mul_17,AutomaticBufferFusionOp,static,AI_VECTOR_CORE,1784812101647950.810	,8.040,0.000000,48,0,NO,"""64,1,3072;64,1,3072""",FLOAT16;FLOAT16,ND;ND,"""64,1,3072""",FLOAT16,ND,N/A,0.0,0,0.0,0.0,0.0,0.0,0.0,0.0,0.0,0.0,0.0,0.0,0.0,5.99,517565,0.404,0.067,0.129,0.022,1.639,0.274,0.807,0.135,0.21,0.000
2,2,224,6,MatMul_74,MatMul,static,AI_CORE,1784812101647958.870	,13.580,0.000000,22,0,NO,"""64,3072;1024,3072""",FLOAT16;FLOAT16,ND;ND,"""64,1024""",FLOAT16,ND,N/A,11.501,455420,1.687,0.147,0.314,0.027,2.437,0.212,9.315,0.81,0.407,0.035,0.054,0.0,0,0.0,0.0,0.0,0.0,0.0,0.0,0.0,0.0,0.0,77.630
2,2,225,6,InplaceAddRmsNorm_29,InplaceAddRmsNorm,static,AI_VECTOR_CORE,1784812101647972.470	,7.780,0.170000,32,0,NO,"""64,1,1024;64,1,1024;1024""",FLOAT16;FLOAT16;FLOAT16,ND;ND;ND,"""64,1,1024;64,1,1;64,1,1024""",FLOAT16;FLOAT;FLOAT16,ND;ND;ND,N/A,0.0,0,0.0,0.0,0.0,0.0,0.0,0.0,0.0,0.0,0.0,0.0,0.0,4.129,237855,0.536,0.13,1.699,0.411,0.416,0.101,0.408,0.099,0.071,0.000
2,2,226,6,MatMul_75,MatMul,static,AI_CORE,1784812101647980.270	,10.700,0.000000,23,0,NO,"""64,1024;2560,1024""",FLOAT16;FLOAT16,ND;ND,"""64,2560""",FLOAT16,ND,N/A,8.268,342283,1.18,0.143,0.163,0.02,1.553,0.188,5.138,0.621,0.685,0.083,0.167,0.0,0,0.0,0.0,0.0,0.0,0.0,0.0,0.0,0.0,0.0,74.049
2,2,227,6,SplitV_17,SplitVD,static,AI_VECTOR_CORE,1784812101647990.990	,3.740,0.050000,2,0,NO,"""64,1,2560""",FLOAT16,ND,"""64,1,2048;64,1,256;64,1,256""",FLOAT16;FLOAT16;FLOAT16,ND;ND;ND,N/A,0.0,0,0.0,0.0,0.0,0.0,0.0,0.0,0.0,0.0,0.0,0.0,0.0,3.023,10884,0.008,0.003,0.113,0.037,1.114,0.368,1.507,0.498,0.231,0.000
2,2,228,6,Scatter_31,Scatter,static,AI_VECTOR_CORE,1784812101647994.750	,6.900,0.010000,43,0,NO,"""64,2,1024,128;64;64,2,1,128""",FLOAT16;INT64;FLOAT16,NCHW;NCHW;NCHW,"""64,2,1024,128""",FLOAT16,NCHW,N/A,0.0,0,0.0,0.0,0.0,0.0,0.0,0.0,0.0,0.0,0.0,0.0,0.0,3.557,275329,0.008,0.002,0.163,0.046,0.127,0.036,0.43,0.121,0.26,0.000
2,2,229,6,ApplyRotaryPosEmb_15,ApplyRotaryPosEmb,static,AI_VECTOR_CORE,1784812101648001.670	,9.680,0.100000,32,0,NO,"""64,1,16,128;64,1,2,128;64,1,1,128;64,1,1,128""",FLOAT16;FLOAT16;FLOAT16;FLOAT16,NCHW;NCHW;NCHW;NCHW,"""64,1,16,128;64,1,2,128""",FLOAT16;FLOAT16,NCHW;NCHW,N/A,0.0,0,0.0,0.0,0.0,0.0,0.0,0.0,0.0,0.0,0.0,0.0,0.0,6.944,399953,0.259,0.037,1.383,0.199,0.49,0.071,0.22,0.032,0.135,0.000
2,2,230,6,Scatter_30,Scatter,static,AI_VECTOR_CORE,1784812101648011.370	,2.880,0.000000,43,0,NO,"""64,2,1024,128;64;64,2,1,128""",FLOAT16;INT64;FLOAT16,NCHW;NCHW;NCHW,"""64,2,1024,128""",FLOAT16,NCHW,N/A,0.0,0,0.0,0.0,0.0,0.0,0.0,0.0,0.0,0.0,0.0,0.0,0.0,1.457,112742,0.008,0.005,0.513,0.352,0.137,0.094,0.749,0.514,0.04,0.000
2,2,231,6,IncreFlashAttention_15,IncreFlashAttention,static,MIX_AIC,1784812101648015.330	,69.420,1.120000,24,48,NO,"""64,16,1,128;64,2,1024,128;64,2,1024,128;64,1,1,1024""",FLOAT16;FLOAT16;FLOAT16;BOOL,NCHW;NCHW;NCHW;NCHW,"""64,16,1,128""",FLOAT16,NCHW,0,64.839,2801028,5.736,0.088,37.238,0.574,14.374,0.222,41.928,0.647,16.664,0.257,0.001,59.01,5098495,3.731,0.063,5.61,0.095,2.134,0.036,1.94,0.033,0.038,93.400
2,2,232,6,MatMul_76,MatMul,static,AI_CORE,1784812101648085.450	,8.800,0.830000,22,0,NO,"""64,2048;1024,2048""",FLOAT16;FLOAT16,ND;ND,"""64,1024""",FLOAT16,ND,N/A,6.441,255058,1.115,0.173,0.386,0.06,1.608,0.25,5.401,0.839,0.373,0.058,0.0,0.0,0,0.0,0.0,0.0,0.0,0.0,0.0,0.0,0.0,0.0,67.092
2,2,233,6,InplaceAddRmsNorm_30,InplaceAddRmsNorm,static,AI_VECTOR_CORE,1784812101648094.270	,8.400,0.000000,32,0,NO,"""64,1,1024;64,1,1024;1024""",FLOAT16;FLOAT16;FLOAT16,ND;ND;ND,"""64,1,1024;64,1,1;64,1,1024""",FLOAT16;FLOAT;FLOAT16,ND;ND;ND,N/A,0.0,0,0.0,0.0,0.0,0.0,0.0,0.0,0.0,0.0,0.0,0.0,0.0,5.525,318238,0.533,0.096,1.935,0.35,0.508,0.092,0.689,0.125,0.101,0.000
2,2,234,6,MatMul_77,MatMul,static,AI_CORE,1784812101648102.690	,11.940,0.100000,24,0,NO,"""64,1024;3072,1024""",FLOAT16;FLOAT16,ND;ND,"""64,3072""",FLOAT16,ND,N/A,9.465,408873,1.359,0.144,0.161,0.017,1.704,0.18,6.919,0.731,0.279,0.029,0.148,0.0,0,0.0,0.0,0.0,0.0,0.0,0.0,0.0,0.0,0.0,79.268
2,2,235,6,MatMul_78,MatMul,static,AI_CORE,1784812101648114.670	,9.640,0.060000,24,0,NO,"""64,1024;3072,1024""",FLOAT16;FLOAT16,ND;ND,"""64,3072""",FLOAT16,ND,N/A,6.438,278113,1.352,0.21,0.374,0.058,1.724,0.268,5.278,0.82,0.28,0.043,0.0,0.0,0,0.0,0.0,0.0,0.0,0.0,0.0,0.0,0.0,0.0,66.782
2,2,236,6,Swish_15Mul_18,AutomaticBufferFusionOp,static,AI_VECTOR_CORE,1784812101648124.350	,8.460,0.000000,48,0,NO,"""64,1,3072;64,1,3072""",FLOAT16;FLOAT16,ND;ND,"""64,1,3072""",FLOAT16,ND,N/A,0.0,0,0.0,0.0,0.0,0.0,0.0,0.0,0.0,0.0,0.0,0.0,0.0,6.108,527768,0.403,0.066,0.189,0.031,1.484,0.243,0.71,0.116,0.206,0.000
2,2,237,6,MatMul_79,MatMul,static,AI_CORE,1784812101648132.830	,11.920,0.040000,22,0,NO,"""64,3072;1024,3072""",FLOAT16;FLOAT16,ND;ND,"""64,1024""",FLOAT16,ND,N/A,9.858,390375,1.696,0.172,0.333,0.034,2.425,0.246,7.327,0.743,0.384,0.039,0.053,0.0,0,0.0,0.0,0.0,0.0,0.0,0.0,0.0,0.0,0.0,75.809
2,2,238,6,InplaceAddRmsNorm_31,InplaceAddRmsNorm,static,AI_VECTOR_CORE,1784812101648144.770	,6.400,0.080000,32,0,NO,"""64,1,1024;64,1,1024;1024""",FLOAT16;FLOAT16;FLOAT16,ND;ND;ND,"""64,1,1024;64,1,1;64,1,1024""",FLOAT16;FLOAT;FLOAT16,ND;ND;ND,N/A,0.0,0,0.0,0.0,0.0,0.0,0.0,0.0,0.0,0.0,0.0,0.0,0.0,3.954,227728,0.531,0.134,1.848,0.467,1.088,0.275,0.405,0.102,0.073,0.000
2,2,239,6,MatMul_80,MatMul,static,AI_CORE,1784812101648151.210	,11.940,0.100000,23,0,NO,"""64,1024;2560,1024""",FLOAT16;FLOAT16,ND;ND,"""64,2560""",FLOAT16,ND,N/A,9.431,390427,1.185,0.126,0.165,0.018,1.553,0.165,6.566,0.696,0.656,0.07,0.165,0.0,0,0.0,0.0,0.0,0.0,0.0,0.0,0.0,0.0,0.0,75.692
2,2,240,6,SplitV_18,SplitVD,static,AI_VECTOR_CORE,1784812101648163.170	,3.800,0.060000,2,0,NO,"""64,1,2560""",FLOAT16,ND,"""64,1,2048;64,1,256;64,1,256""",FLOAT16;FLOAT16;FLOAT16,ND;ND;ND,N/A,0.0,0,0.0,0.0,0.0,0.0,0.0,0.0,0.0,0.0,0.0,0.0,0.0,3.069,11048,0.008,0.003,0.094,0.031,1.126,0.367,1.612,0.525,0.2,0.000
2,2,241,6,Scatter_33,Scatter,static,AI_VECTOR_CORE,1784812101648166.990	,6.520,0.000000,43,0,NO,"""64,2,1024,128;64;64,2,1,128""",FLOAT16;INT64;FLOAT16,NCHW;NCHW;NCHW,"""64,2,1024,128""",FLOAT16,NCHW,N/A,0.0,0,0.0,0.0,0.0,0.0,0.0,0.0,0.0,0.0,0.0,0.0,0.0,3.437,266059,0.008,0.002,0.168,0.049,0.32,0.093,0.431,0.125,0.26,0.000
2,2,242,6,ApplyRotaryPosEmb_16,ApplyRotaryPosEmb,static,AI_VECTOR_CORE,1784812101648173.550	,10.320,0.000000,32,0,NO,"""64,1,16,128;64,1,2,128;64,1,1,128;64,1,1,128""",FLOAT16;FLOAT16;FLOAT16;FLOAT16,NCHW;NCHW;NCHW;NCHW,"""64,1,16,128;64,1,2,128""",FLOAT16;FLOAT16,NCHW;NCHW,N/A,0.0,0,0.0,0.0,0.0,0.0,0.0,0.0,0.0,0.0,0.0,0.0,0.0,8.274,476557,0.259,0.031,1.387,0.168,0.983,0.119,0.491,0.059,0.134,0.000
2,2,243,6,Scatter_32,Scatter,static,AI_VECTOR_CORE,1784812101648183.890	,4.320,0.180000,43,0,NO,"""64,2,1024,128;64;64,2,1,128""",FLOAT16;INT64;FLOAT16,NCHW;NCHW;NCHW,"""64,2,1024,128""",FLOAT16,NCHW,N/A,0.0,0,0.0,0.0,0.0,0.0,0.0,0.0,0.0,0.0,0.0,0.0,0.0,2.026,156797,0.008,0.004,1.237,0.611,0.141,0.07,0.617,0.304,0.038,0.000
2,2,244,6,IncreFlashAttention_16,IncreFlashAttention,static,MIX_AIC,1784812101648189.490	,69.060,1.180000,24,48,NO,"""64,16,1,128;64,2,1024,128;64,2,1024,128;64,1,1,1024""",FLOAT16;FLOAT16;FLOAT16;BOOL,NCHW;NCHW;NCHW;NCHW,"""64,16,1,128""",FLOAT16,NCHW,0,63.62,2748366,5.736,0.09,37.448,0.589,14.372,0.226,41.824,0.657,17.113,0.269,0.001,57.636,4979751,3.728,0.065,5.949,0.103,1.777,0.031,1.949,0.034,0.033,92.122
2,2,245,6,MatMul_81,MatMul,static,AI_CORE,1784812101648259.650	,9.040,1.190000,22,0,NO,"""64,2048;1024,2048""",FLOAT16;FLOAT16,ND;ND,"""64,1024""",FLOAT16,ND,N/A,6.615,261942,1.122,0.17,0.849,0.128,1.616,0.244,5.164,0.781,0.355,0.054,0.0,0.0,0,0.0,0.0,0.0,0.0,0.0,0.0,0.0,0.0,0.0,67.074
2,2,246,6,InplaceAddRmsNorm_32,InplaceAddRmsNorm,static,AI_VECTOR_CORE,1784812101648268.710	,8.260,0.000000,32,0,NO,"""64,1,1024;64,1,1024;1024""",FLOAT16;FLOAT16;FLOAT16,ND;ND;ND,"""64,1,1024;64,1,1;64,1,1024""",FLOAT16;FLOAT;FLOAT16,ND;ND;ND,N/A,0.0,0,0.0,0.0,0.0,0.0,0.0,0.0,0.0,0.0,0.0,0.0,0.0,5.385,310157,0.531,0.099,1.853,0.344,0.565,0.105,0.72,0.134,0.098,0.000
2,2,247,6,MatMul_82,MatMul,static,AI_CORE,1784812101648276.990	,11.000,0.000000,24,0,NO,"""64,1024;3072,1024""",FLOAT16;FLOAT16,ND;ND,"""64,3072""",FLOAT16,ND,N/A,8.624,372569,1.358,0.157,0.162,0.019,1.704,0.198,5.835,0.677,0.282,0.033,0.152,0.0,0,0.0,0.0,0.0,0.0,0.0,0.0,0.0,0.0,0.0,78.403
2,2,248,6,MatMul_83,MatMul,static,AI_CORE,1784812101648288.010	,9.320,0.000000,24,0,NO,"""64,1024;3072,1024""",FLOAT16;FLOAT16,ND;ND,"""64,3072""",FLOAT16,ND,N/A,6.77,292464,1.346,0.199,0.366,0.054,1.701,0.251,5.616,0.83,0.287,0.042,0.0,0.0,0,0.0,0.0,0.0,0.0,0.0,0.0,0.0,0.0,0.0,72.639
2,2,249,6,Swish_16Mul_19,AutomaticBufferFusionOp,static,AI_VECTOR_CORE,1784812101648297.350	,8.120,0.000000,48,0,NO,"""64,1,3072;64,1,3072""",FLOAT16;FLOAT16,ND;ND,"""64,1,3072""",FLOAT16,ND,N/A,0.0,0,0.0,0.0,0.0,0.0,0.0,0.0,0.0,0.0,0.0,0.0,0.0,6.009,519169,0.404,0.067,0.129,0.022,1.632,0.272,0.806,0.134,0.204,0.000
2,2,250,6,MatMul_84,MatMul,static,AI_CORE,1784812101648305.510	,13.860,0.130000,22,0,NO,"""64,3072;1024,3072""",FLOAT16;FLOAT16,ND;ND,"""64,1024""",FLOAT16,ND,N/A,11.622,460245,1.684,0.145,0.337,0.029,2.442,0.21,9.434,0.812,0.386,0.033,0.051,0.0,0,0.0,0.0,0.0,0.0,0.0,0.0,0.0,0.0,0.0,76.867
2,2,251,6,InplaceAddRmsNorm_33,InplaceAddRmsNorm,static,AI_VECTOR_CORE,1784812101648319.390	,8.360,0.140000,32,0,NO,"""64,1,1024;64,1,1024;1024""",FLOAT16;FLOAT16;FLOAT16,ND;ND;ND,"""64,1,1024;64,1,1;64,1,1024""",FLOAT16;FLOAT;FLOAT16,ND;ND;ND,N/A,0.0,0,0.0,0.0,0.0,0.0,0.0,0.0,0.0,0.0,0.0,0.0,0.0,4.506,259535,0.538,0.119,1.959,0.435,0.32,0.071,0.469,0.104,0.07,0.000
2,2,252,6,MatMul_85,MatMul,static,AI_CORE,1784812101648327.790	,10.880,0.000000,23,0,NO,"""64,1024;2560,1024""",FLOAT16;FLOAT16,ND;ND,"""64,2560""",FLOAT16,ND,N/A,8.427,348892,1.185,0.141,0.165,0.02,1.554,0.184,5.239,0.622,0.668,0.079,0.166,0.0,0,0.0,0.0,0.0,0.0,0.0,0.0,0.0,0.0,0.0,74.230
2,2,253,6,SplitV_19,SplitVD,static,AI_VECTOR_CORE,1784812101648338.690	,3.820,0.120000,2,0,NO,"""64,1,2560""",FLOAT16,ND,"""64,1,2048;64,1,256;64,1,256""",FLOAT16;FLOAT16;FLOAT16,ND;ND;ND,N/A,0.0,0,0.0,0.0,0.0,0.0,0.0,0.0,0.0,0.0,0.0,0.0,0.0,3.098,11154,0.008,0.003,0.129,0.042,1.196,0.386,1.491,0.481,0.231,0.000
2,2,254,6,Scatter_35,Scatter,static,AI_VECTOR_CORE,1784812101648342.550	,6.940,0.000000,43,0,NO,"""64,2,1024,128;64;64,2,1,128""",FLOAT16;INT64;FLOAT16,NCHW;NCHW;NCHW,"""64,2,1024,128""",FLOAT16,NCHW,N/A,0.0,0,0.0,0.0,0.0,0.0,0.0,0.0,0.0,0.0,0.0,0.0,0.0,3.532,273397,0.008,0.002,0.163,0.046,0.119,0.034,0.438,0.124,0.257,0.000
2,2,255,6,ApplyRotaryPosEmb_17,ApplyRotaryPosEmb,static,AI_VECTOR_CORE,1784812101648349.510	,10.420,0.060000,32,0,NO,"""64,1,16,128;64,1,2,128;64,1,1,128;64,1,1,128""",FLOAT16;FLOAT16;FLOAT16;FLOAT16,NCHW;NCHW;NCHW;NCHW,"""64,1,16,128;64,1,2,128""",FLOAT16;FLOAT16,NCHW;NCHW,N/A,0.0,0,0.0,0.0,0.0,0.0,0.0,0.0,0.0,0.0,0.0,0.0,0.0,7.219,415808,0.259,0.036,1.379,0.191,0.541,0.075,0.244,0.034,0.135,0.000
2,2,256,6,Scatter_34,Scatter,static,AI_VECTOR_CORE,1784812101648359.950	,3.880,0.080000,43,0,NO,"""64,2,1024,128;64;64,2,1,128""",FLOAT16;INT64;FLOAT16,NCHW;NCHW;NCHW,"""64,2,1024,128""",FLOAT16,NCHW,N/A,0.0,0,0.0,0.0,0.0,0.0,0.0,0.0,0.0,0.0,0.0,0.0,0.0,1.976,152936,0.008,0.004,1.241,0.628,0.131,0.066,0.543,0.275,0.038,0.000
2,2,257,6,IncreFlashAttention_17,IncreFlashAttention,static,MIX_AIC,1784812101648365.150	,70.880,1.370000,24,48,NO,"""64,16,1,128;64,2,1024,128;64,2,1024,128;64,1,1,1024""",FLOAT16;FLOAT16;FLOAT16;BOOL,NCHW;NCHW;NCHW;NCHW,"""64,16,1,128""",FLOAT16,NCHW,0,64.403,2782221,5.736,0.089,36.711,0.57,14.373,0.223,42.1,0.654,17.075,0.265,0.001,58.564,5059909,3.731,0.064,4.697,0.08,1.937,0.033,1.952,0.033,0.037,90.862
2,2,258,6,MatMul_86,MatMul,static,AI_CORE,1784812101648437.150	,9.740,1.120000,22,0,NO,"""64,2048;1024,2048""",FLOAT16;FLOAT16,ND;ND,"""64,1024""",FLOAT16,ND,N/A,7.598,300877,1.121,0.147,0.871,0.115,1.611,0.212,6.014,0.791,0.437,0.057,0.0,0.0,0,0.0,0.0,0.0,0.0,0.0,0.0,0.0,0.0,0.0,71.507
2,2,259,6,InplaceAddRmsNorm_34,InplaceAddRmsNorm,static,AI_VECTOR_CORE,1784812101648446.910	,8.180,0.010000,32,0,NO,"""64,1,1024;64,1,1024;1024""",FLOAT16;FLOAT16;FLOAT16,ND;ND;ND,"""64,1,1024;64,1,1;64,1,1024""",FLOAT16;FLOAT;FLOAT16,ND;ND;ND,N/A,0.0,0,0.0,0.0,0.0,0.0,0.0,0.0,0.0,0.0,0.0,0.0,0.0,5.303,305428,0.535,0.101,1.857,0.35,0.531,0.1,0.775,0.146,0.1,0.000
2,2,260,6,MatMul_87,MatMul,static,AI_CORE,1784812101648455.110	,12.580,0.000000,24,0,NO,"""64,1024;3072,1024""",FLOAT16;FLOAT16,ND;ND,"""64,3072""",FLOAT16,ND,N/A,9.969,430669,1.346,0.135,0.162,0.016,1.701,0.171,7.408,0.743,0.283,0.028,0.148,0.0,0,0.0,0.0,0.0,0.0,0.0,0.0,0.0,0.0,0.0,79.246
2,2,261,6,MatMul_88,MatMul,static,AI_CORE,1784812101648467.710	,8.780,0.170000,24,0,NO,"""64,1024;3072,1024""",FLOAT16;FLOAT16,ND;ND,"""64,3072""",FLOAT16,ND,N/A,6.515,281453,1.362,0.209,0.45,0.069,1.711,0.263,5.274,0.81,0.28,0.043,0.0,0.0,0,0.0,0.0,0.0,0.0,0.0,0.0,0.0,0.0,0.0,74.204
2,2,262,6,Swish_17Mul_20,AutomaticBufferFusionOp,static,AI_VECTOR_CORE,1784812101648476.510	,8.380,0.000000,48,0,NO,"""64,1,3072;64,1,3072""",FLOAT16;FLOAT16,ND;ND,"""64,1,3072""",FLOAT16,ND,N/A,0.0,0,0.0,0.0,0.0,0.0,0.0,0.0,0.0,0.0,0.0,0.0,0.0,6.17,533084,0.403,0.065,0.129,0.021,1.538,0.249,0.749,0.121,0.208,0.000
2,2,263,6,MatMul_89,MatMul,static,AI_CORE,1784812101648484.930	,12.060,0.120000,22,0,NO,"""64,3072;1024,3072""",FLOAT16;FLOAT16,ND;ND,"""64,1024""",FLOAT16,ND,N/A,9.865,390672,1.673,0.17,0.321,0.033,2.44,0.247,7.429,0.753,0.392,0.04,0.05,0.0,0,0.0,0.0,0.0,0.0,0.0,0.0,0.0,0.0,0.0,74.986
2,2,264,6,InplaceAddRmsNorm_35,InplaceAddRmsNorm,static,AI_VECTOR_CORE,1784812101648497.010	,11.120,0.000000,32,0,NO,"""64,1,1024;64,1,1024;1024""",FLOAT16;FLOAT16;FLOAT16,ND;ND;ND,"""64,1,1024;64,1,1;64,1,1024""",FLOAT16;FLOAT;FLOAT16,ND;ND;ND,N/A,0.0,0,0.0,0.0,0.0,0.0,0.0,0.0,0.0,0.0,0.0,0.0,0.0,8.321,479273,0.571,0.069,1.906,0.229,0.548,0.066,0.782,0.094,0.164,0.000
2,2,265,6,MatMul_90,MatMul,static,AI_CORE,1784812101648508.150	,158.260,0.130000,24,0,NO,"""64,1024;103424,1024""",FLOAT16;FLOAT16,ND;ND,"""64,103424""",FLOAT16,ND,N/A,151.505,6545000,43.568,0.288,3.322,0.022,47.228,0.312,148.462,0.98,9.029,0.06,0.006,0.0,0,0.0,0.0,0.0,0.0,0.0,0.0,0.0,0.0,0.0,95.731
2,4294967295,842,3,aclnnInplaceCopy_CastAiCore_Cast,Cast,dynamic,AI_VECTOR_CORE,1784812101648686.950	,13.180,20.490000,48,0,NO,"""64,103424""",FLOAT16,ND,"""64,103424""",FLOAT,ND,N/A,0.0,0,0.0,0.0,0.0,0.0,0.0,0.0,0.0,0.0,0.0,0.0,0.0,11.545,997481,1.432,0.124,0.739,0.064,6.282,0.544,7.194,0.623,0.043,0.000
2,4294967295,843,3,aclnnArgMax_ArgMaxV2AiCore_ArgMaxV2,ArgMaxV2,dynamic,AI_VECTOR_CORE,1784812101648700.150	,31.420,0.070000,32,0,NO,"""64,103424;""",FLOAT;INT64,ND;ND,"""64,1""",INT32,ND,N/A,0.0,0,0.0,0.0,0.0,0.0,0.0,0.0,0.0,0.0,0.0,0.0,0.0,28.694,1652746,14.755,0.514,3.342,0.116,8.659,0.302,0.121,0.004,0.037,0.000
2,4294967295,844,3,aclnnArgMax_CastAiCore_Cast,Cast,dynamic,AI_VECTOR_CORE,1784812101648731.590	,1.260,0.000000,1,0,NO,"""64,1""",INT32,ND,"""64,1""",INT64,ND,N/A,0.0,0,0.0,0.0,0.0,0.0,0.0,0.0,0.0,0.0,0.0,0.0,0.0,0.742,1336,0.023,0.031,0.259,0.35,0.098,0.132,0.137,0.185,0.185,0.000
2,4294967295,846,3,aclnnInplaceFillScalar_FillAiCore_Fill,Fill,dynamic,AI_VECTOR_CORE,1784812101648733.030	,2.000,0.240000,1,0,NO,"""2;""",INT64;INT64,ND;ND,"""64,1""",INT64,ND,N/A,0.0,0,0.0,0.0,0.0,0.0,0.0,0.0,0.0,0.0,0.0,0.0,0.0,1.473,2652,0.128,0.087,0.457,0.31,0.25,0.17,0.12,0.081,0.134,0.000
2,4294967295,847,3,aclnnSWhere_SelectV2AiCore_SelectV2,SelectV2,dynamic,AI_VECTOR_CORE,1784812101648735.050	,2.240,0.000000,1,0,NO,"""64,1;64,1;64,1""",BOOL;INT64;INT64,ND;ND;ND,"""64,1""",INT64,ND,N/A,0.0,0,0.0,0.0,0.0,0.0,0.0,0.0,0.0,0.0,0.0,0.0,0.0,1.72,3096,0.117,0.068,0.433,0.252,0.424,0.247,0.121,0.07,0.205,0.000
2,4294967295,848,3,aclnnAdds_AddAiCore_Add,Add,dynamic,AI_VECTOR_CORE,1784812101648737.310	,3.000,0.010000,1,0,NO,"""64;""",INT64;INT64,ND;ND,"""64""",INT64,ND,N/A,0.0,0,0.0,0.0,0.0,0.0,0.0,0.0,0.0,0.0,0.0,0.0,0.0,2.446,4402,0.363,0.149,0.6,0.245,0.646,0.264,0.117,0.048,0.169,0.000
2,4294967295,849,3,aclnnInplaceZero_ZerosLikeAiCore_ZerosLike,ZerosLike,dynamic,AI_VECTOR_CORE,1784812101648740.470	,1.960,0.250000,1,0,NO,"""64""",INT64,ND,"""64""",INT64,ND,N/A,0.0,0,0.0,0.0,0.0,0.0,0.0,0.0,0.0,0.0,0.0,0.0,0.0,1.401,2522,0.091,0.065,0.371,0.264,0.001,0.001,0.117,0.084,0.172,0.000
2,4294967295,850,3,aclnnSWhere_SelectV2AiCore_SelectV2,SelectV2,dynamic,AI_VECTOR_CORE,1784812101648742.450	,1.740,0.040000,1,0,NO,"""64;64;64""",BOOL;INT64;INT64,ND;ND;ND,"""64""",INT64,ND,N/A,0.0,0,0.0,0.0,0.0,0.0,0.0,0.0,0.0,0.0,0.0,0.0,0.0,1.172,2109,0.11,0.094,0.403,0.344,0.297,0.253,0.112,0.095,0.208,0.000
2,2,853,3,UpdateModelParam_static_bin,Data,dynamic,AI_VECTOR_CORE,1784812101648746.950	,4.020,2.760000,1,0,NO,N/A,N/A,N/A,N/A,N/A,N/A,N/A,0.0,0,0.0,0.0,0.0,0.0,0.0,0.0,0.0,0.0,0.0,0.0,0.0,3.439,6190,0.981,0.285,1.647,0.479,0.582,0.169,0.173,0.05,0.149,0.000
2,2,0,6,Range,Range,static,AI_VECTOR_CORE,1784812101648768.330	,8.260,17.230000,48,0,NO,""";;""",INT32;FLOAT;INT32,NCHW;NCHW;NCHW,"""1024""",FLOAT,NCHW,N/A,0.0,0,0.0,0.0,0.0,0.0,0.0,0.0,0.0,0.0,0.0,0.0,0.0,4.156,359104,0.071,0.017,0.295,0.071,0.001,0.0,0.155,0.037,0.214,0.000
2,2,1,6,Cast,Cast,static,AI_VECTOR_CORE,1784812101648776.610	,1.380,0.000000,2,0,NO,"""1024""",FLOAT,NCHW,"""1024""",INT64,NCHW,N/A,0.0,0,0.0,0.0,0.0,0.0,0.0,0.0,0.0,0.0,0.0,0.0,0.0,0.711,2561,0.031,0.044,0.125,0.176,0.116,0.163,0.143,0.201,0.28,0.000
2,2,2,6,GatherV2,GatherV2,static,AI_VECTOR_CORE,1784812101648778.010	,6.260,0.120000,32,0,NO,"""103424,1024;64,1;1""",FLOAT16;INT64;INT64,ND;ND;ND,"""64,1,1024""",FLOAT16,ND,N/A,0.0,0,0.0,0.0,0.0,0.0,0.0,0.0,0.0,0.0,0.0,0.0,0.0,3.506,201970,0.049,0.014,0.162,0.046,0.48,0.137,0.424,0.121,0.19,0.000
2,2,3,6,RmsNorm,RmsNorm,static,AI_VECTOR_CORE,1784812101648784.310	,9.580,0.000000,32,0,NO,"""64,1,1024;1024""",FLOAT16;FLOAT16,ND;ND,"""64,1,1024;64,1,1""",FLOAT16;FLOAT,ND;ND,N/A,0.0,0,0.0,0.0,0.0,0.0,0.0,0.0,0.0,0.0,0.0,0.0,0.0,6.927,399013,0.862,0.124,1.862,0.269,0.294,0.042,0.264,0.038,0.17,0.000
2,2,4,6,MatMul,MatMul,static,AI_CORE,1784812101648793.910	,10.960,0.170000,23,0,NO,"""64,1024;2560,1024""",FLOAT16;FLOAT16,ND;ND,"""64,2560""",FLOAT16,ND,N/A,8.977,371636,1.164,0.13,0.168,0.019,1.506,0.168,5.709,0.636,0.75,0.084,0.196,0.0,0,0.0,0.0,0.0,0.0,0.0,0.0,0.0,0.0,0.0,78.492
2,2,5,6,SplitV_2,SplitVD,static,AI_VECTOR_CORE,1784812101648804.890	,2.900,0.040000,2,0,NO,"""64,1,2560""",FLOAT16,ND,"""64,1,2048;64,1,256;64,1,256""",FLOAT16;FLOAT16;FLOAT16,ND;ND;ND,N/A,0.0,0,0.0,0.0,0.0,0.0,0.0,0.0,0.0,0.0,0.0,0.0,0.0,2.173,7821,0.008,0.004,0.137,0.063,0.826,0.38,0.914,0.421,0.231,0.000
2,2,6,6,Add,Add,static,AI_VECTOR_CORE,1784812101648807.810	,1.480,0.000000,1,0,NO,"""64,1;64,1""",INT64;INT64,NCHW;NCHW,"""64,1""",INT64,NCHW,N/A,0.0,0,0.0,0.0,0.0,0.0,0.0,0.0,0.0,0.0,0.0,0.0,0.0,0.954,1718,0.193,0.203,0.141,0.148,0.243,0.254,0.126,0.132,0.217,0.000
2,2,7,6,BroadcastTo,BroadcastTo,static,AI_VECTOR_CORE,1784812101648809.310	,1.160,0.020000,1,0,NO,"""1,64,1;3""",INT64;INT64,NCHW;NCHW,"""3,64,1""",INT64,NCHW,N/A,0.0,0,0.0,0.0,0.0,0.0,0.0,0.0,0.0,0.0,0.0,0.0,0.0,0.612,1102,0.019,0.032,0.128,0.21,0.121,0.197,0.109,0.178,0.238,0.000
2,2,8,6,Cast_1,Cast,static,AI_VECTOR_CORE,1784812101648810.490	,1.140,0.090000,1,0,NO,"""3,64,1,1""",INT64,NCHW,"""3,64,1,1""",FLOAT,NCHW,N/A,0.0,0,0.0,0.0,0.0,0.0,0.0,0.0,0.0,0.0,0.0,0.0,0.0,0.607,1092,0.021,0.035,0.094,0.155,0.109,0.179,0.143,0.236,0.263,0.000
2,2,9,6,Scatter_1,Scatter,static,AI_VECTOR_CORE,1784812101648811.650	,6.980,0.110000,43,0,NO,"""64,2,1024,128;64;64,2,1,128""",FLOAT16;INT64;FLOAT16,NCHW;NCHW;NCHW,"""64,2,1024,128""",FLOAT16,NCHW,N/A,0.0,0,0.0,0.0,0.0,0.0,0.0,0.0,0.0,0.0,0.0,0.0,0.0,3.75,290278,0.008,0.002,0.168,0.045,0.249,0.066,0.405,0.108,0.264,0.000
2,2,10,6,BroadcastTo_1,BroadcastTo,static,AI_VECTOR_CORE,1784812101648818.650	,7.380,0.020000,48,0,NO,"""1,1,64,1;4""",FLOAT;INT64,NCHW;NCHW,"""3,64,64,1""",FLOAT,NCHW,N/A,0.0,0,0.0,0.0,0.0,0.0,0.0,0.0,0.0,0.0,0.0,0.0,0.0,3.723,321634,0.023,0.006,0.121,0.033,0.109,0.029,0.319,0.086,0.253,0.000
2,2,11,6,Mul,Mul,static,AI_VECTOR_CORE,1784812101648826.050	,7.300,0.000000,48,0,NO,"""3,64,64,1;3,64,1,1""",FLOAT;FLOAT,NCHW;NCHW,"""3,64,64,1""",FLOAT,NCHW,N/A,0.0,0,0.0,0.0,0.0,0.0,0.0,0.0,0.0,0.0,0.0,0.0,0.0,3.643,314735,0.048,0.013,0.125,0.034,0.205,0.056,0.228,0.062,0.221,0.000
2,2,12,6,ConcatV2,ConcatV2D,static,AI_VECTOR_CORE,1784812101648833.370	,2.060,0.000000,1,0,NO,"""3,64,1,64;3,64,1,64""",FLOAT;FLOAT,NCHW;NCHW,"""3,64,1,128""",FLOAT,NCHW,N/A,0.0,0,0.0,0.0,0.0,0.0,0.0,0.0,0.0,0.0,0.0,0.0,0.0,1.573,2832,0.241,0.153,0.122,0.077,0.543,0.345,0.587,0.373,0.261,0.000
2,2,13,6,Cos,Cos,static,AI_VECTOR_CORE,1784812101648835.450	,5.920,0.190000,24,0,NO,"""3,64,1,128""",FLOAT,NCHW,"""3,64,1,128""",FLOAT,NCHW,N/A,0.0,0,0.0,0.0,0.0,0.0,0.0,0.0,0.0,0.0,0.0,0.0,0.0,3.556,153600,0.989,0.278,0.151,0.043,0.294,0.083,0.155,0.043,0.194,0.000
2,2,14,6,Mul_1Cast_5,Mul,static,AI_VECTOR_CORE,1784812101648841.390	,4.860,0.080000,24,0,NO,"""3,64,1,128;""",FLOAT;FLOAT,NCHW;NCHW,"""3,64,1,128""",FLOAT16,NCHW,N/A,0.0,0,0.0,0.0,0.0,0.0,0.0,0.0,0.0,0.0,0.0,0.0,0.0,2.65,114488,0.048,0.018,0.137,0.052,0.314,0.118,0.21,0.079,0.193,0.000
2,2,15,6,Sin,Sin,static,AI_VECTOR_CORE,1784812101648846.270	,5.680,0.000000,24,0,NO,"""3,64,1,128""",FLOAT,NCHW,"""3,64,1,128""",FLOAT,NCHW,N/A,0.0,0,0.0,0.0,0.0,0.0,0.0,0.0,0.0,0.0,0.0,0.0,0.0,3.46,149481,0.932,0.269,0.173,0.05,0.234,0.068,0.168,0.048,0.206,0.000
2,2,16,6,Mul_2Cast_6,Mul,static,AI_VECTOR_CORE,1784812101648851.970	,1.900,0.070000,24,0,NO,"""3,64,1,128;""",FLOAT;FLOAT,NCHW;NCHW,"""3,64,1,128""",FLOAT16,NCHW,N/A,0.0,0,0.0,0.0,0.0,0.0,0.0,0.0,0.0,0.0,0.0,0.0,0.0,0.745,32185,0.047,0.063,0.367,0.492,0.165,0.221,0.133,0.179,0.0,0.000
2,2,17,6,SplitV,SplitVD,static,AI_VECTOR_CORE,1784812101648853.890	,4.140,0.100000,1,0,NO,"""3,64,1,128""",FLOAT16,NCHW,"""3,64,1,16;3,64,1,24;3,64,1,24;3,64,1,16;3,64,1,24;3,64,1,24""",FLOAT16;FLOAT16;FLOAT16;FLOAT16;FLOAT16;FLOAT16,NCHW;NCHW;NCHW;NCHW;NCHW;NCHW,N/A,0.0,0,0.0,0.0,0.0,0.0,0.0,0.0,0.0,0.0,0.0,0.0,0.0,3.627,6529,2.234,0.616,0.319,0.088,0.342,0.094,0.88,0.243,0.171,0.000
2,2,18,6,GatherV2_1,GatherV2,static,AI_VECTOR_CORE,1784812101648858.070	,7.420,0.000000,47,0,NO,"""3,64,1,16;;1""",FLOAT16;INT64;INT64,NCHW;NCHW;NCHW,"""64,1,16""",FLOAT16,NCHW,N/A,0.0,0,0.0,0.0,0.0,0.0,0.0,0.0,0.0,0.0,0.0,0.0,0.0,3.568,301835,0.049,0.014,0.156,0.044,0.216,0.061,0.158,0.044,0.174,0.000
2,2,19,6,GatherV2_4,GatherV2,static,AI_VECTOR_CORE,1784812101648865.530	,5.400,0.080000,47,0,NO,"""3,64,1,16;;1""",FLOAT16;INT64;INT64,NCHW;NCHW;NCHW,"""64,1,16""",FLOAT16,NCHW,N/A,0.0,0,0.0,0.0,0.0,0.0,0.0,0.0,0.0,0.0,0.0,0.0,0.0,3.537,299268,0.049,0.014,1.431,0.404,1.799,0.508,0.26,0.074,0.004,0.000
2,2,20,6,GatherV2_2,GatherV2,static,AI_VECTOR_CORE,1784812101648870.950	,7.280,0.100000,48,0,NO,"""3,64,1,24;;1""",FLOAT16;INT64;INT64,NCHW;NCHW;NCHW,"""64,1,24""",FLOAT16,NCHW,N/A,0.0,0,0.0,0.0,0.0,0.0,0.0,0.0,0.0,0.0,0.0,0.0,0.0,3.657,315936,0.058,0.016,0.154,0.042,0.168,0.046,0.122,0.033,0.172,0.000
2,2,21,6,GatherV2_3,GatherV2,static,AI_VECTOR_CORE,1784812101648878.250	,4.100,0.000000,48,0,NO,"""3,64,1,24;;1""",FLOAT16;INT64;INT64,NCHW;NCHW;NCHW,"""64,1,24""",FLOAT16,NCHW,N/A,0.0,0,0.0,0.0,0.0,0.0,0.0,0.0,0.0,0.0,0.0,0.0,0.0,1.754,151546,0.058,0.033,1.407,0.802,0.134,0.076,0.114,0.065,0.0,0.000
2,2,22,6,GatherV2_5,GatherV2,static,AI_VECTOR_CORE,1784812101648882.370	,2.860,0.000000,48,0,NO,"""3,64,1,24;;1""",FLOAT16;INT64;INT64,NCHW;NCHW;NCHW,"""64,1,24""",FLOAT16,NCHW,N/A,0.0,0,0.0,0.0,0.0,0.0,0.0,0.0,0.0,0.0,0.0,0.0,0.0,1.126,97324,0.058,0.051,0.617,0.548,0.284,0.252,0.123,0.11,0.0,0.000
2,2,23,6,GatherV2_6,GatherV2,static,AI_VECTOR_CORE,1784812101648885.250	,4.120,0.140000,48,0,NO,"""3,64,1,24;;1""",FLOAT16;INT64;INT64,NCHW;NCHW;NCHW,"""64,1,24""",FLOAT16,NCHW,N/A,0.0,0,0.0,0.0,0.0,0.0,0.0,0.0,0.0,0.0,0.0,0.0,0.0,1.743,150638,0.058,0.033,1.406,0.806,0.125,0.071,0.117,0.067,0.0,0.000
2,2,24,6,SplitV_1,SplitVD,static,AI_VECTOR_CORE,1784812101648889.390	,4.060,0.130000,1,0,NO,"""3,64,1,128""",FLOAT16,NCHW,"""3,64,1,16;3,64,1,24;3,64,1,24;3,64,1,16;3,64,1,24;3,64,1,24""",FLOAT16;FLOAT16;FLOAT16;FLOAT16;FLOAT16;FLOAT16,NCHW;NCHW;NCHW;NCHW;NCHW;NCHW,N/A,0.0,0,0.0,0.0,0.0,0.0,0.0,0.0,0.0,0.0,0.0,0.0,0.0,3.541,6373,2.234,0.631,0.308,0.087,0.322,0.091,0.919,0.26,0.171,0.000
2,2,25,6,GatherV2_10,GatherV2,static,AI_VECTOR_CORE,1784812101648893.470	,3.100,0.000000,47,0,NO,"""3,64,1,16;;1""",FLOAT16;INT64;INT64,NCHW;NCHW;NCHW,"""64,1,16""",FLOAT16,NCHW,N/A,0.0,0,0.0,0.0,0.0,0.0,0.0,0.0,0.0,0.0,0.0,0.0,0.0,1.253,106046,0.049,0.039,0.622,0.497,0.301,0.24,0.236,0.188,0.0,0.000
2,2,26,6,GatherV2_7,GatherV2,static,AI_VECTOR_CORE,1784812101648896.610	,4.180,0.000000,47,0,NO,"""3,64,1,16;;1""",FLOAT16;INT64;INT64,NCHW;NCHW;NCHW,"""64,1,16""",FLOAT16,NCHW,N/A,0.0,0,0.0,0.0,0.0,0.0,0.0,0.0,0.0,0.0,0.0,0.0,0.0,1.86,157377,0.049,0.026,1.392,0.748,0.213,0.114,0.165,0.089,0.0,0.000
2,2,27,6,GatherV2_11,GatherV2,static,AI_VECTOR_CORE,1784812101648900.810	,2.840,0.070000,48,0,NO,"""3,64,1,24;;1""",FLOAT16;INT64;INT64,NCHW;NCHW;NCHW,"""64,1,24""",FLOAT16,NCHW,N/A,0.0,0,0.0,0.0,0.0,0.0,0.0,0.0,0.0,0.0,0.0,0.0,0.0,1.09,94176,0.058,0.053,0.628,0.576,0.235,0.216,0.125,0.114,0.0,0.000
2,2,28,6,GatherV2_12,GatherV2,static,AI_VECTOR_CORE,1784812101648903.670	,4.080,0.160000,48,0,NO,"""3,64,1,24;;1""",FLOAT16;INT64;INT64,NCHW;NCHW;NCHW,"""64,1,24""",FLOAT16,NCHW,N/A,0.0,0,0.0,0.0,0.0,0.0,0.0,0.0,0.0,0.0,0.0,0.0,0.0,1.909,164955,0.058,0.03,1.417,0.742,0.28,0.147,0.114,0.06,0.0,0.000
2,2,29,6,GatherV2_8,GatherV2,static,AI_VECTOR_CORE,1784812101648907.770	,2.820,0.000000,48,0,NO,"""3,64,1,24;;1""",FLOAT16;INT64;INT64,NCHW;NCHW;NCHW,"""64,1,24""",FLOAT16,NCHW,N/A,0.0,0,0.0,0.0,0.0,0.0,0.0,0.0,0.0,0.0,0.0,0.0,0.0,1.102,95207,0.058,0.052,0.621,0.564,0.246,0.223,0.133,0.121,0.0,0.000
2,2,30,6,GatherV2_9,GatherV2,static,AI_VECTOR_CORE,1784812101648910.610	,4.100,0.000000,48,0,NO,"""3,64,1,24;;1""",FLOAT16;INT64;INT64,NCHW;NCHW;NCHW,"""64,1,24""",FLOAT16,NCHW,N/A,0.0,0,0.0,0.0,0.0,0.0,0.0,0.0,0.0,0.0,0.0,0.0,0.0,2.089,180509,0.058,0.028,1.415,0.677,0.371,0.177,0.206,0.099,0.0,0.000
2,2,31,6,ConcatV2_1,ConcatV2D,static,AI_VECTOR_CORE,1784812101648914.730	,3.600,0.150000,1,0,NO,"""64,1,16;64,1,24;64,1,24;64,1,16;64,1,24;64,1,24""",FLOAT16;FLOAT16;FLOAT16;FLOAT16;FLOAT16;FLOAT16,NCHW;NCHW;NCHW;NCHW;NCHW;NCHW,"""64,1,128""",FLOAT16,NCHW,N/A,0.0,0,0.0,0.0,0.0,0.0,0.0,0.0,0.0,0.0,0.0,0.0,0.0,3.106,5591,2.39,0.769,0.276,0.089,0.164,0.053,0.177,0.057,0.185,0.000
2,2,32,6,ConcatV2_2,ConcatV2D,static,AI_VECTOR_CORE,1784812101648918.370	,3.480,0.000000,1,0,NO,"""64,1,16;64,1,24;64,1,24;64,1,16;64,1,24;64,1,24""",FLOAT16;FLOAT16;FLOAT16;FLOAT16;FLOAT16;FLOAT16,NCHW;NCHW;NCHW;NCHW;NCHW;NCHW,"""64,1,128""",FLOAT16,NCHW,N/A,0.0,0,0.0,0.0,0.0,0.0,0.0,0.0,0.0,0.0,0.0,0.0,0.0,2.993,5387,2.39,0.799,0.248,0.083,0.178,0.059,0.17,0.057,0.178,0.000
2,2,33,6,ApplyRotaryPosEmb,ApplyRotaryPosEmb,static,AI_VECTOR_CORE,1784812101648921.870	,10.020,0.020000,32,0,NO,"""64,1,16,128;64,1,2,128;64,1,1,128;64,1,1,128""",FLOAT16;FLOAT16;FLOAT16;FLOAT16,NCHW;NCHW;NCHW;NCHW,"""64,1,16,128;64,1,2,128""",FLOAT16;FLOAT16,NCHW;NCHW,N/A,0.0,0,0.0,0.0,0.0,0.0,0.0,0.0,0.0,0.0,0.0,0.0,0.0,7.046,405837,0.258,0.037,1.523,0.216,0.354,0.05,0.176,0.025,0.145,0.000
2,2,34,6,Scatter,Scatter,static,AI_VECTOR_CORE,1784812101648931.910	,6.480,0.230000,43,0,NO,"""64,2,1024,128;64;64,2,1,128""",FLOAT16;INT64;FLOAT16,NCHW;NCHW;NCHW,"""64,2,1024,128""",FLOAT16,NCHW,N/A,0.0,0,0.0,0.0,0.0,0.0,0.0,0.0,0.0,0.0,0.0,0.0,0.0,3.314,256475,0.008,0.002,0.167,0.05,0.194,0.058,0.389,0.117,0.208,0.000
2,2,35,6,Greater,Greater,static,AI_VECTOR_CORE,1784812101648938.410	,10.320,0.020000,32,0,NO,"""1,1024;64,1""",INT64;INT64,NCHW;NCHW,"""64,1024""",BOOL,NCHW,N/A,0.0,0,0.0,0.0,0.0,0.0,0.0,0.0,0.0,0.0,0.0,0.0,0.0,7.476,430642,3.986,0.533,0.779,0.104,0.261,0.035,0.306,0.041,0.059,0.000
2,2,36,6,IncreFlashAttention,IncreFlashAttention,static,MIX_AIC,1784812101648949.770	,79.820,0.930000,24,48,NO,"""64,16,1,128;64,2,1024,128;64,2,1024,128;64,1,1,1024""",FLOAT16;FLOAT16;FLOAT16;BOOL,NCHW;NCHW;NCHW;NCHW,"""64,16,1,128""",FLOAT16,NCHW,0,73.106,3158190,5.736,0.078,39.358,0.538,14.371,0.197,47.948,0.656,17.694,0.242,0.013,66.81,5772376,3.726,0.056,6.991,0.105,1.977,0.03,1.956,0.029,0.071,91.589
2,2,37,6,MatMul_1,MatMul,static,AI_CORE,1784812101649030.870	,9.500,1.180000,22,0,NO,"""64,2048;1024,2048""",FLOAT16;FLOAT16,ND;ND,"""64,1024""",FLOAT16,ND,N/A,8.01,317206,1.118,0.14,0.208,0.026,1.614,0.201,5.229,0.653,0.488,0.061,0.15,0.0,0,0.0,0.0,0.0,0.0,0.0,0.0,0.0,0.0,0.0,77.292
2,2,38,6,InplaceAddRmsNorm,InplaceAddRmsNorm,static,AI_VECTOR_CORE,1784812101649040.390	,11.920,0.250000,32,0,NO,"""64,1,1024;64,1,1024;1024""",FLOAT16;FLOAT16;FLOAT16,ND;ND;ND,"""64,1,1024;64,1,1;64,1,1024""",FLOAT16;FLOAT;FLOAT16,ND;ND;ND,N/A,0.0,0,0.0,0.0,0.0,0.0,0.0,0.0,0.0,0.0,0.0,0.0,0.0,8.879,511413,0.574,0.065,1.935,0.218,0.431,0.048,0.534,0.06,0.164,0.000
2,2,39,6,MatMul_2,MatMul,static,AI_CORE,1784812101649052.330	,11.000,0.000000,24,0,NO,"""64,1024;3072,1024""",FLOAT16;FLOAT16,ND;ND,"""64,3072""",FLOAT16,ND,N/A,9.428,407285,1.345,0.143,0.168,0.018,1.626,0.172,6.313,0.67,0.281,0.03,0.169,0.0,0,0.0,0.0,0.0,0.0,0.0,0.0,0.0,0.0,0.0,85.708
2,2,40,6,MatMul_3,MatMul,static,AI_CORE,1784812101649063.370	,8.720,0.000000,24,0,NO,"""64,1024;3072,1024""",FLOAT16;FLOAT16,ND;ND,"""64,3072""",FLOAT16,ND,N/A,6.721,290344,1.348,0.201,0.475,0.071,1.667,0.248,5.458,0.812,0.284,0.042,0.0,0.0,0,0.0,0.0,0.0,0.0,0.0,0.0,0.0,0.0,0.0,77.075
2,2,41,6,SwishMul_3,AutomaticBufferFusionOp,static,AI_VECTOR_CORE,1784812101649072.110	,8.280,0.030000,48,0,NO,"""64,1,3072;64,1,3072""",FLOAT16;FLOAT16,ND;ND,"""64,1,3072""",FLOAT16,ND,N/A,0.0,0,0.0,0.0,0.0,0.0,0.0,0.0,0.0,0.0,0.0,0.0,0.0,5.959,514859,0.404,0.068,0.126,0.021,1.605,0.269,0.708,0.119,0.214,0.000
2,2,42,6,MatMul_4,MatMul,static,AI_CORE,1784812101649080.410	,12.400,0.220000,22,0,NO,"""64,3072;1024,3072""",FLOAT16;FLOAT16,ND;ND,"""64,1024""",FLOAT16,ND,N/A,10.776,426746,1.675,0.155,0.349,0.032,2.464,0.229,7.892,0.732,0.451,0.042,0.054,0.0,0,0.0,0.0,0.0,0.0,0.0,0.0,0.0,0.0,0.0,79.664
2,2,43,6,InplaceAddRmsNorm_1,InplaceAddRmsNorm,static,AI_VECTOR_CORE,1784812101649092.850	,7.080,0.000000,32,0,NO,"""64,1,1024;64,1,1024;1024""",FLOAT16;FLOAT16;FLOAT16,ND;ND;ND,"""64,1,1024;64,1,1;64,1,1024""",FLOAT16;FLOAT;FLOAT16,ND;ND;ND,N/A,0.0,0,0.0,0.0,0.0,0.0,0.0,0.0,0.0,0.0,0.0,0.0,0.0,3.769,217072,0.547,0.145,2.276,0.604,0.338,0.09,0.407,0.108,0.092,0.000
2,2,44,6,MatMul_5,MatMul,static,AI_CORE,1784812101649099.950	,11.740,0.170000,23,0,NO,"""64,1024;2560,1024""",FLOAT16;FLOAT16,ND;ND,"""64,2560""",FLOAT16,ND,N/A,10.013,414558,1.171,0.117,0.165,0.017,1.526,0.152,7.092,0.708,0.716,0.071,0.166,0.0,0,0.0,0.0,0.0,0.0,0.0,0.0,0.0,0.0,0.0,81.740
2,2,45,6,SplitV_3,SplitVD,static,AI_VECTOR_CORE,1784812101649111.710	,2.840,0.010000,2,0,NO,"""64,1,2560""",FLOAT16,ND,"""64,1,2048;64,1,256;64,1,256""",FLOAT16;FLOAT16;FLOAT16,ND;ND;ND,N/A,0.0,0,0.0,0.0,0.0,0.0,0.0,0.0,0.0,0.0,0.0,0.0,0.0,2.094,7540,0.008,0.004,0.151,0.072,0.828,0.395,0.936,0.447,0.216,0.000
2,2,46,6,Scatter_3,Scatter,static,AI_VECTOR_CORE,1784812101649114.590	,6.680,0.000000,43,0,NO,"""64,2,1024,128;64;64,2,1,128""",FLOAT16;INT64;FLOAT16,NCHW;NCHW;NCHW,"""64,2,1024,128""",FLOAT16,NCHW,N/A,0.0,0,0.0,0.0,0.0,0.0,0.0,0.0,0.0,0.0,0.0,0.0,0.0,3.467,268376,0.008,0.002,0.168,0.048,0.324,0.093,0.4,0.115,0.258,0.000
2,2,47,6,ApplyRotaryPosEmb_1,ApplyRotaryPosEmb,static,AI_VECTOR_CORE,1784812101649121.310	,10.200,0.070000,32,0,NO,"""64,1,16,128;64,1,2,128;64,1,1,128;64,1,1,128""",FLOAT16;FLOAT16;FLOAT16;FLOAT16,NCHW;NCHW;NCHW;NCHW,"""64,1,16,128;64,1,2,128""",FLOAT16;FLOAT16,NCHW;NCHW,N/A,0.0,0,0.0,0.0,0.0,0.0,0.0,0.0,0.0,0.0,0.0,0.0,0.0,7.957,458322,0.259,0.032,1.396,0.175,1.053,0.132,0.487,0.061,0.142,0.000
2,2,48,6,Scatter_2,Scatter,static,AI_VECTOR_CORE,1784812101649131.530	,4.420,0.050000,43,0,NO,"""64,2,1024,128;64;64,2,1,128""",FLOAT16;INT64;FLOAT16,NCHW;NCHW;NCHW,"""64,2,1024,128""",FLOAT16,NCHW,N/A,0.0,0,0.0,0.0,0.0,0.0,0.0,0.0,0.0,0.0,0.0,0.0,0.0,2.183,168981,0.008,0.004,1.481,0.678,0.173,0.079,0.466,0.213,0.039,0.000
2,2,49,6,IncreFlashAttention_1,IncreFlashAttention,static,MIX_AIC,1784812101649137.390	,80.000,1.580000,24,48,NO,"""64,16,1,128;64,2,1024,128;64,2,1024,128;64,1,1,1024""",FLOAT16;FLOAT16;FLOAT16;BOOL,NCHW;NCHW;NCHW;NCHW,"""64,16,1,128""",FLOAT16,NCHW,0,74.186,3204825,5.736,0.077,40.932,0.552,14.37,0.194,52.506,0.708,20.134,0.271,0.002,66.519,5747240,3.728,0.056,5.758,0.087,2.075,0.031,1.948,0.029,0.036,92.732
2,2,50,6,MatMul_6,MatMul,static,AI_CORE,1784812101649218.470	,9.600,1.000000,22,0,NO,"""64,2048;1024,2048""",FLOAT16;FLOAT16,ND;ND,"""64,1024""",FLOAT16,ND,N/A,7.9,312849,1.12,0.142,0.868,0.11,1.612,0.204,6.291,0.796,0.428,0.054,0.014,0.0,0,0.0,0.0,0.0,0.0,0.0,0.0,0.0,0.0,0.0,75.436
2,2,51,6,InplaceAddRmsNorm_2,InplaceAddRmsNorm,static,AI_VECTOR_CORE,1784812101649228.090	,8.360,0.000000,32,0,NO,"""64,1,1024;64,1,1024;1024""",FLOAT16;FLOAT16;FLOAT16,ND;ND;ND,"""64,1,1024;64,1,1;64,1,1024""",FLOAT16;FLOAT;FLOAT16,ND;ND;ND,N/A,0.0,0,0.0,0.0,0.0,0.0,0.0,0.0,0.0,0.0,0.0,0.0,0.0,5.424,312440,0.535,0.099,1.805,0.333,0.615,0.113,0.808,0.149,0.102,0.000
2,2,52,6,MatMul_7,MatMul,static,AI_CORE,1784812101649236.470	,12.660,0.140000,24,0,NO,"""64,1024;3072,1024""",FLOAT16;FLOAT16,ND;ND,"""64,3072""",FLOAT16,ND,N/A,10.657,460384,1.326,0.124,0.167,0.016,1.63,0.153,8.412,0.789,0.28,0.026,0.154,0.0,0,0.0,0.0,0.0,0.0,0.0,0.0,0.0,0.0,0.0,84.179
2,2,53,6,MatMul_8,MatMul,static,AI_CORE,1784812101649249.150	,11.320,0.090000,24,0,NO,"""64,1024;3072,1024""",FLOAT16;FLOAT16,ND;ND,"""64,3072""",FLOAT16,ND,N/A,9.655,417115,1.331,0.138,0.477,0.049,1.626,0.168,8.386,0.869,0.281,0.029,0.0,0.0,0,0.0,0.0,0.0,0.0,0.0,0.0,0.0,0.0,0.0,85.295
2,2,54,6,Swish_1Mul_4,AutomaticBufferFusionOp,static,AI_VECTOR_CORE,1784812101649260.490	,7.980,0.000000,48,0,NO,"""64,1,3072;64,1,3072""",FLOAT16;FLOAT16,ND;ND,"""64,1,3072""",FLOAT16,ND,N/A,0.0,0,0.0,0.0,0.0,0.0,0.0,0.0,0.0,0.0,0.0,0.0,0.0,6.074,524767,0.403,0.066,0.125,0.021,1.818,0.299,0.675,0.111,0.21,0.000
2,2,55,6,MatMul_9,MatMul,static,AI_CORE,1784812101649268.510	,17.820,0.020000,22,0,NO,"""64,3072;1024,3072""",FLOAT16;FLOAT16,ND;ND,"""64,1024""",FLOAT16,ND,N/A,15.804,625840,1.689,0.107,0.315,0.02,2.434,0.154,13.508,0.855,0.358,0.023,0.055,0.0,0,0.0,0.0,0.0,0.0,0.0,0.0,0.0,0.0,0.0,81.297
2,2,56,6,InplaceAddRmsNorm_3,InplaceAddRmsNorm,static,AI_VECTOR_CORE,1784812101649286.370	,6.700,0.000000,32,0,NO,"""64,1,1024;64,1,1024;1024""",FLOAT16;FLOAT16;FLOAT16,ND;ND;ND,"""64,1,1024;64,1,1;64,1,1024""",FLOAT16;FLOAT;FLOAT16,ND;ND;ND,N/A,0.0,0,0.0,0.0,0.0,0.0,0.0,0.0,0.0,0.0,0.0,0.0,0.0,3.626,208879,0.534,0.147,2.156,0.595,0.363,0.1,0.428,0.118,0.072,0.000
2,2,57,6,MatMul_10,MatMul,static,AI_CORE,1784812101649293.090	,13.600,0.050000,23,0,NO,"""64,1024;2560,1024""",FLOAT16;FLOAT16,ND;ND,"""64,2560""",FLOAT16,ND,N/A,11.303,467964,1.169,0.103,0.163,0.014,1.503,0.133,8.507,0.753,0.629,0.056,0.162,0.0,0,0.0,0.0,0.0,0.0,0.0,0.0,0.0,0.0,0.0,79.651
2,2,58,6,SplitV_4,SplitVD,static,AI_VECTOR_CORE,1784812101649306.710	,2.820,0.150000,2,0,NO,"""64,1,2560""",FLOAT16,ND,"""64,1,2048;64,1,256;64,1,256""",FLOAT16;FLOAT16;FLOAT16,ND;ND;ND,N/A,0.0,0,0.0,0.0,0.0,0.0,0.0,0.0,0.0,0.0,0.0,0.0,0.0,2.098,7551,0.008,0.004,0.159,0.076,0.822,0.392,0.94,0.448,0.216,0.000
2,2,59,6,Scatter_5,Scatter,static,AI_VECTOR_CORE,1784812101649309.550	,6.620,0.000000,43,0,NO,"""64,2,1024,128;64;64,2,1,128""",FLOAT16;INT64;FLOAT16,NCHW;NCHW;NCHW,"""64,2,1024,128""",FLOAT16,NCHW,N/A,0.0,0,0.0,0.0,0.0,0.0,0.0,0.0,0.0,0.0,0.0,0.0,0.0,3.487,269859,0.008,0.002,0.165,0.047,0.322,0.092,0.422,0.121,0.259,0.000
2,2,60,6,ApplyRotaryPosEmb_2,ApplyRotaryPosEmb,static,AI_VECTOR_CORE,1784812101649316.190	,10.160,0.130000,32,0,NO,"""64,1,16,128;64,1,2,128;64,1,1,128;64,1,1,128""",FLOAT16;FLOAT16;FLOAT16;FLOAT16,NCHW;NCHW;NCHW;NCHW,"""64,1,16,128;64,1,2,128""",FLOAT16;FLOAT16,NCHW;NCHW,N/A,0.0,0,0.0,0.0,0.0,0.0,0.0,0.0,0.0,0.0,0.0,0.0,0.0,8.106,466906,0.259,0.032,1.362,0.168,1.026,0.127,0.477,0.059,0.136,0.000
2,2,61,6,Scatter_4,Scatter,static,AI_VECTOR_CORE,1784812101649326.370	,3.500,0.000000,43,0,NO,"""64,2,1024,128;64;64,2,1,128""",FLOAT16;INT64;FLOAT16,NCHW;NCHW;NCHW,"""64,2,1024,128""",FLOAT16,NCHW,N/A,0.0,0,0.0,0.0,0.0,0.0,0.0,0.0,0.0,0.0,0.0,0.0,0.0,1.604,124124,0.008,0.005,0.685,0.427,0.149,0.093,0.712,0.444,0.037,0.000
2,2,62,6,IncreFlashAttention_2,IncreFlashAttention,static,MIX_AIC,1784812101649330.810	,79.980,1.000000,24,48,NO,"""64,16,1,128;64,2,1024,128;64,2,1024,128;64,1,1,1024""",FLOAT16;FLOAT16;FLOAT16;BOOL,NCHW;NCHW;NCHW;NCHW,"""64,16,1,128""",FLOAT16,NCHW,0,74.258,3207941,5.736,0.077,41.402,0.558,14.37,0.194,51.155,0.689,18.599,0.25,0.001,68.468,5915596,3.734,0.055,7.507,0.11,2.418,0.035,1.96,0.029,0.032,92.846
2,2,63,6,MatMul_11,MatMul,static,AI_CORE,1784812101649411.910	,7.840,1.270000,22,0,NO,"""64,2048;1024,2048""",FLOAT16;FLOAT16,ND;ND,"""64,1024""",FLOAT16,ND,N/A,5.825,230664,1.12,0.192,0.563,0.097,1.606,0.276,4.595,0.789,0.371,0.064,0.0,0.0,0,0.0,0.0,0.0,0.0,0.0,0.0,0.0,0.0,0.0,68.105
2,2,64,6,InplaceAddRmsNorm_4,InplaceAddRmsNorm,static,AI_VECTOR_CORE,1784812101649419.770	,8.180,0.000000,32,0,NO,"""64,1,1024;64,1,1024;1024""",FLOAT16;FLOAT16;FLOAT16,ND;ND;ND,"""64,1,1024;64,1,1;64,1,1024""",FLOAT16;FLOAT;FLOAT16,ND;ND;ND,N/A,0.0,0,0.0,0.0,0.0,0.0,0.0,0.0,0.0,0.0,0.0,0.0,0.0,5.359,308706,0.53,0.099,1.799,0.336,0.56,0.104,0.794,0.148,0.099,0.000
2,2,65,6,MatMul_12,MatMul,static,AI_CORE,1784812101649427.970	,11.460,0.070000,24,0,NO,"""64,1024;3072,1024""",FLOAT16;FLOAT16,ND;ND,"""64,3072""",FLOAT16,ND,N/A,9.635,416226,1.352,0.14,0.165,0.017,1.688,0.175,7.236,0.751,0.286,0.03,0.154,0.0,0,0.0,0.0,0.0,0.0,0.0,0.0,0.0,0.0,0.0,84.074
2,2,66,6,MatMul_13,MatMul,static,AI_CORE,1784812101649439.450	,10.460,0.040000,24,0,NO,"""64,1024;3072,1024""",FLOAT16;FLOAT16,ND;ND,"""64,3072""",FLOAT16,ND,N/A,7.699,332598,1.358,0.176,0.912,0.118,1.693,0.22,6.002,0.78,0.28,0.036,0.0,0.0,0,0.0,0.0,0.0,0.0,0.0,0.0,0.0,0.0,0.0,73.604
2,2,67,6,Swish_2Mul_5,AutomaticBufferFusionOp,static,AI_VECTOR_CORE,1784812101649449.930	,8.140,0.040000,48,0,NO,"""64,1,3072;64,1,3072""",FLOAT16;FLOAT16,ND;ND,"""64,1,3072""",FLOAT16,ND,N/A,0.0,0,0.0,0.0,0.0,0.0,0.0,0.0,0.0,0.0,0.0,0.0,0.0,6.062,523797,0.404,0.067,0.128,0.021,1.696,0.28,0.79,0.13,0.212,0.000
2,2,68,6,MatMul_14,MatMul,static,AI_CORE,1784812101649458.110	,13.380,0.000000,22,0,NO,"""64,3072;1024,3072""",FLOAT16;FLOAT16,ND;ND,"""64,1024""",FLOAT16,ND,N/A,11.257,445771,1.689,0.15,0.318,0.028,2.418,0.215,8.885,0.789,0.464,0.041,0.05,0.0,0,0.0,0.0,0.0,0.0,0.0,0.0,0.0,0.0,0.0,77.121
2,2,69,6,InplaceAddRmsNorm_5,InplaceAddRmsNorm,static,AI_VECTOR_CORE,1784812101649471.510	,6.360,0.120000,32,0,NO,"""64,1,1024;64,1,1024;1024""",FLOAT16;FLOAT16;FLOAT16,ND;ND;ND,"""64,1,1024;64,1,1;64,1,1024""",FLOAT16;FLOAT;FLOAT16,ND;ND;ND,N/A,0.0,0,0.0,0.0,0.0,0.0,0.0,0.0,0.0,0.0,0.0,0.0,0.0,3.42,196988,0.533,0.156,1.776,0.519,0.491,0.144,0.428,0.125,0.072,0.000
2,2,70,6,MatMul_15,MatMul,static,AI_CORE,1784812101649477.890	,9.980,0.140000,23,0,NO,"""64,1024;2560,1024""",FLOAT16;FLOAT16,ND;ND,"""64,2560""",FLOAT16,ND,N/A,7.967,329853,1.178,0.148,0.167,0.021,1.547,0.194,4.863,0.61,0.645,0.081,0.169,0.0,0,0.0,0.0,0.0,0.0,0.0,0.0,0.0,0.0,0.0,76.508
2,2,71,6,SplitV_5,SplitVD,static,AI_VECTOR_CORE,1784812101649487.890	,2.880,0.020000,2,0,NO,"""64,1,2560""",FLOAT16,ND,"""64,1,2048;64,1,256;64,1,256""",FLOAT16;FLOAT16;FLOAT16,ND;ND;ND,N/A,0.0,0,0.0,0.0,0.0,0.0,0.0,0.0,0.0,0.0,0.0,0.0,0.0,2.193,7894,0.008,0.004,0.138,0.063,0.828,0.377,0.926,0.422,0.231,0.000
2,2,72,6,Scatter_7,Scatter,static,AI_VECTOR_CORE,1784812101649490.790	,10.080,0.000000,43,0,NO,"""64,2,1024,128;64;64,2,1,128""",FLOAT16;INT64;FLOAT16,NCHW;NCHW;NCHW,"""64,2,1024,128""",FLOAT16,NCHW,N/A,0.0,0,0.0,0.0,0.0,0.0,0.0,0.0,0.0,0.0,0.0,0.0,0.0,6.743,521923,0.008,0.001,2.42,0.359,0.256,0.038,0.531,0.079,0.259,0.000
2,2,73,6,ApplyRotaryPosEmb_3,ApplyRotaryPosEmb,static,AI_VECTOR_CORE,1784812101649500.890	,9.940,0.170000,32,0,NO,"""64,1,16,128;64,1,2,128;64,1,1,128;64,1,1,128""",FLOAT16;FLOAT16;FLOAT16;FLOAT16,NCHW;NCHW;NCHW;NCHW,"""64,1,16,128;64,1,2,128""",FLOAT16;FLOAT16,NCHW;NCHW,N/A,0.0,0,0.0,0.0,0.0,0.0,0.0,0.0,0.0,0.0,0.0,0.0,0.0,7.157,412250,0.259,0.036,1.381,0.193,0.405,0.057,0.234,0.033,0.135,0.000
2,2,74,6,Scatter_6,Scatter,static,AI_VECTOR_CORE,1784812101649510.850	,3.120,0.000000,43,0,NO,"""64,2,1024,128;64;64,2,1,128""",FLOAT16;INT64;FLOAT16,NCHW;NCHW;NCHW,"""64,2,1024,128""",FLOAT16,NCHW,N/A,0.0,0,0.0,0.0,0.0,0.0,0.0,0.0,0.0,0.0,0.0,0.0,0.0,1.481,114591,0.008,0.005,0.56,0.378,0.265,0.179,0.601,0.406,0.039,0.000
2,2,75,6,IncreFlashAttention_3,IncreFlashAttention,static,MIX_AIC,1784812101649515.330	,69.600,1.380000,24,48,NO,"""64,16,1,128;64,2,1024,128;64,2,1024,128;64,1,1,1024""",FLOAT16;FLOAT16;FLOAT16;BOOL,NCHW;NCHW;NCHW;NCHW,"""64,16,1,128""",FLOAT16,NCHW,0,65.155,2814690,5.736,0.088,38.526,0.591,14.37,0.221,41.891,0.643,17.249,0.265,0.001,59.565,5146395,3.728,0.063,7.297,0.123,1.651,0.028,1.945,0.033,0.033,93.613
2,2,76,6,MatMul_16,MatMul,static,AI_CORE,1784812101649586.450	,7.420,1.650000,22,0,NO,"""64,2048;1024,2048""",FLOAT16;FLOAT16,ND;ND,"""64,1024""",FLOAT16,ND,N/A,5.937,235090,1.121,0.189,0.47,0.079,1.603,0.27,4.776,0.805,0.404,0.068,0.0,0.0,0,0.0,0.0,0.0,0.0,0.0,0.0,0.0,0.0,0.0,73.341
2,2,77,6,InplaceAddRmsNorm_6,InplaceAddRmsNorm,static,AI_VECTOR_CORE,1784812101649593.890	,9.800,0.080000,32,0,NO,"""64,1,1024;64,1,1024;1024""",FLOAT16;FLOAT16;FLOAT16,ND;ND;ND,"""64,1,1024;64,1,1;64,1,1024""",FLOAT16;FLOAT;FLOAT16,ND;ND;ND,N/A,0.0,0,0.0,0.0,0.0,0.0,0.0,0.0,0.0,0.0,0.0,0.0,0.0,6.793,391257,0.526,0.077,1.848,0.272,0.982,0.145,0.664,0.098,0.101,0.000
2,2,78,6,MatMul_17,MatMul,static,AI_CORE,1784812101649603.710	,10.840,0.000000,24,0,NO,"""64,1024;3072,1024""",FLOAT16;FLOAT16,ND;ND,"""64,3072""",FLOAT16,ND,N/A,8.823,381146,1.344,0.152,0.161,0.018,1.681,0.191,5.902,0.669,0.287,0.033,0.162,0.0,0,0.0,0.0,0.0,0.0,0.0,0.0,0.0,0.0,0.0,81.391
2,2,79,6,MatMul_18,MatMul,static,AI_CORE,1784812101649614.590	,10.080,0.000000,24,0,NO,"""64,1024;3072,1024""",FLOAT16;FLOAT16,ND;ND,"""64,3072""",FLOAT16,ND,N/A,7.129,307976,1.358,0.191,0.783,0.11,1.7,0.238,5.558,0.78,0.28,0.039,0.0,0.0,0,0.0,0.0,0.0,0.0,0.0,0.0,0.0,0.0,0.0,70.725
2,2,80,6,Swish_3Mul_6,AutomaticBufferFusionOp,static,AI_VECTOR_CORE,1784812101649624.710	,8.300,0.170000,48,0,NO,"""64,1,3072;64,1,3072""",FLOAT16;FLOAT16,ND;ND,"""64,1,3072""",FLOAT16,ND,N/A,0.0,0,0.0,0.0,0.0,0.0,0.0,0.0,0.0,0.0,0.0,0.0,0.0,5.951,514207,0.403,0.068,0.126,0.021,1.619,0.272,0.685,0.115,0.213,0.000
2,2,81,6,MatMul_19,MatMul,static,AI_CORE,1784812101649633.030	,11.760,0.000000,22,0,NO,"""64,3072;1024,3072""",FLOAT16;FLOAT16,ND;ND,"""64,1024""",FLOAT16,ND,N/A,9.828,389195,1.69,0.172,0.317,0.032,2.432,0.247,7.304,0.743,0.445,0.045,0.052,0.0,0,0.0,0.0,0.0,0.0,0.0,0.0,0.0,0.0,0.0,76.608
2,2,82,6,InplaceAddRmsNorm_7,InplaceAddRmsNorm,static,AI_VECTOR_CORE,1784812101649644.830	,6.400,0.000000,32,0,NO,"""64,1,1024;64,1,1024;1024""",FLOAT16;FLOAT16;FLOAT16,ND;ND;ND,"""64,1,1024;64,1,1;64,1,1024""",FLOAT16;FLOAT;FLOAT16,ND;ND;ND,N/A,0.0,0,0.0,0.0,0.0,0.0,0.0,0.0,0.0,0.0,0.0,0.0,0.0,3.655,210545,0.533,0.146,2.099,0.574,0.501,0.137,0.432,0.118,0.071,0.000
2,2,83,6,MatMul_20,MatMul,static,AI_CORE,1784812101649651.250	,11.960,0.100000,23,0,NO,"""64,1024;2560,1024""",FLOAT16;FLOAT16,ND;ND,"""64,2560""",FLOAT16,ND,N/A,9.566,396023,1.186,0.124,0.162,0.017,1.55,0.162,6.707,0.701,0.665,0.07,0.165,0.0,0,0.0,0.0,0.0,0.0,0.0,0.0,0.0,0.0,0.0,76.649
2,2,84,6,SplitV_6,SplitVD,static,AI_VECTOR_CORE,1784812101649663.230	,2.820,0.040000,2,0,NO,"""64,1,2560""",FLOAT16,ND,"""64,1,2048;64,1,256;64,1,256""",FLOAT16;FLOAT16;FLOAT16,ND;ND;ND,N/A,0.0,0,0.0,0.0,0.0,0.0,0.0,0.0,0.0,0.0,0.0,0.0,0.0,2.06,7416,0.008,0.004,0.11,0.053,0.829,0.402,0.916,0.444,0.231,0.000
2,2,85,6,Scatter_9,Scatter,static,AI_VECTOR_CORE,1784812101649666.070	,6.720,0.000000,43,0,NO,"""64,2,1024,128;64;64,2,1,128""",FLOAT16;INT64;FLOAT16,NCHW;NCHW;NCHW,"""64,2,1024,128""",FLOAT16,NCHW,N/A,0.0,0,0.0,0.0,0.0,0.0,0.0,0.0,0.0,0.0,0.0,0.0,0.0,3.474,268904,0.008,0.002,0.163,0.047,0.313,0.09,0.428,0.123,0.259,0.000
2,2,86,6,ApplyRotaryPosEmb_4,ApplyRotaryPosEmb,static,AI_VECTOR_CORE,1784812101649672.810	,10.200,0.030000,32,0,NO,"""64,1,16,128;64,1,2,128;64,1,1,128;64,1,1,128""",FLOAT16;FLOAT16;FLOAT16;FLOAT16,NCHW;NCHW;NCHW;NCHW,"""64,1,16,128;64,1,2,128""",FLOAT16;FLOAT16,NCHW;NCHW,N/A,0.0,0,0.0,0.0,0.0,0.0,0.0,0.0,0.0,0.0,0.0,0.0,0.0,8.199,472287,0.259,0.032,1.358,0.166,0.966,0.118,0.516,0.063,0.138,0.000
2,2,87,6,Scatter_8,Scatter,static,AI_VECTOR_CORE,1784812101649683.030	,3.220,0.050000,43,0,NO,"""64,2,1024,128;64;64,2,1,128""",FLOAT16;INT64;FLOAT16,NCHW;NCHW;NCHW,"""64,2,1024,128""",FLOAT16,NCHW,N/A,0.0,0,0.0,0.0,0.0,0.0,0.0,0.0,0.0,0.0,0.0,0.0,0.0,1.486,114984,0.008,0.005,0.558,0.376,0.266,0.179,0.599,0.403,0.039,0.000
2,2,88,6,IncreFlashAttention_4,IncreFlashAttention,static,MIX_AIC,1784812101649687.490	,68.560,1.280000,24,48,NO,"""64,16,1,128;64,2,1024,128;64,2,1024,128;64,1,1,1024""",FLOAT16;FLOAT16;FLOAT16;BOOL,NCHW;NCHW;NCHW;NCHW,"""64,16,1,128""",FLOAT16,NCHW,0,64.098,2769017,5.736,0.089,38.002,0.593,14.369,0.224,41.34,0.645,16.864,0.263,0.001,58.412,5046791,3.73,0.064,7.127,0.122,1.804,0.031,1.949,0.033,0.033,93.491
2,2,89,6,MatMul_21,MatMul,static,AI_CORE,1784812101649756.970	,7.440,0.940000,22,0,NO,"""64,2048;1024,2048""",FLOAT16;FLOAT16,ND;ND,"""64,1024""",FLOAT16,ND,N/A,5.785,229096,1.126,0.195,0.388,0.067,1.6,0.277,4.691,0.811,0.431,0.075,0.0,0.0,0,0.0,0.0,0.0,0.0,0.0,0.0,0.0,0.0,0.0,71.279
2,2,90,6,InplaceAddRmsNorm_8,InplaceAddRmsNorm,static,AI_VECTOR_CORE,1784812101649764.430	,11.640,0.060000,32,0,NO,"""64,1,1024;64,1,1024;1024""",FLOAT16;FLOAT16;FLOAT16,ND;ND;ND,"""64,1,1024;64,1,1;64,1,1024""",FLOAT16;FLOAT;FLOAT16,ND;ND;ND,N/A,0.0,0,0.0,0.0,0.0,0.0,0.0,0.0,0.0,0.0,0.0,0.0,0.0,8.47,487850,0.527,0.062,4.086,0.482,1.129,0.133,0.619,0.073,0.098,0.000
2,2,91,6,MatMul_22,MatMul,static,AI_CORE,1784812101649776.110	,12.200,0.000000,24,0,NO,"""64,1024;3072,1024""",FLOAT16;FLOAT16,ND;ND,"""64,3072""",FLOAT16,ND,N/A,9.859,425905,1.363,0.138,0.162,0.016,1.683,0.171,7.324,0.743,0.289,0.029,0.15,0.0,0,0.0,0.0,0.0,0.0,0.0,0.0,0.0,0.0,0.0,80.811
2,2,92,6,MatMul_23,MatMul,static,AI_CORE,1784812101649788.350	,9.060,0.050000,24,0,NO,"""64,1024;3072,1024""",FLOAT16;FLOAT16,ND;ND,"""64,3072""",FLOAT16,ND,N/A,6.166,266386,1.362,0.221,0.385,0.062,1.714,0.278,4.996,0.81,0.279,0.045,0.0,0.0,0,0.0,0.0,0.0,0.0,0.0,0.0,0.0,0.0,0.0,68.061
2,2,93,6,Swish_4Mul_7,AutomaticBufferFusionOp,static,AI_VECTOR_CORE,1784812101649797.430	,8.100,0.190000,48,0,NO,"""64,1,3072;64,1,3072""",FLOAT16;FLOAT16,ND;ND,"""64,1,3072""",FLOAT16,ND,N/A,0.0,0,0.0,0.0,0.0,0.0,0.0,0.0,0.0,0.0,0.0,0.0,0.0,6.036,521550,0.404,0.067,0.164,0.027,1.681,0.278,0.796,0.132,0.205,0.000
2,2,94,6,MatMul_24,MatMul,static,AI_CORE,1784812101649805.550	,13.720,0.000000,22,0,NO,"""64,3072;1024,3072""",FLOAT16;FLOAT16,ND;ND,"""64,1024""",FLOAT16,ND,N/A,11.444,453171,1.685,0.147,0.318,0.028,2.444,0.214,9.243,0.808,0.42,0.037,0.054,0.0,0,0.0,0.0,0.0,0.0,0.0,0.0,0.0,0.0,0.0,76.458
2,2,95,6,InplaceAddRmsNorm_9,InplaceAddRmsNorm,static,AI_VECTOR_CORE,1784812101649819.290	,8.000,0.030000,32,0,NO,"""64,1,1024;64,1,1024;1024""",FLOAT16;FLOAT16;FLOAT16,ND;ND;ND,"""64,1,1024;64,1,1;64,1,1024""",FLOAT16;FLOAT;FLOAT16,ND;ND;ND,N/A,0.0,0,0.0,0.0,0.0,0.0,0.0,0.0,0.0,0.0,0.0,0.0,0.0,5.056,291225,0.531,0.105,3.547,0.702,0.398,0.079,0.483,0.096,0.071,0.000
2,2,96,6,MatMul_25,MatMul,static,AI_CORE,1784812101649827.330	,11.700,0.000000,23,0,NO,"""64,1024;2560,1024""",FLOAT16;FLOAT16,ND;ND,"""64,2560""",FLOAT16,ND,N/A,9.493,393028,1.18,0.124,0.179,0.019,1.554,0.164,6.624,0.698,0.686,0.072,0.166,0.0,0,0.0,0.0,0.0,0.0,0.0,0.0,0.0,0.0,0.0,77.760
2,2,97,6,SplitV_7,SplitVD,static,AI_VECTOR_CORE,1784812101649839.050	,2.840,0.050000,2,0,NO,"""64,1,2560""",FLOAT16,ND,"""64,1,2048;64,1,256;64,1,256""",FLOAT16;FLOAT16;FLOAT16,ND;ND;ND,N/A,0.0,0,0.0,0.0,0.0,0.0,0.0,0.0,0.0,0.0,0.0,0.0,0.0,2.101,7563,0.008,0.004,0.129,0.061,0.822,0.391,0.961,0.457,0.216,0.000
2,2,98,6,Scatter_11,Scatter,static,AI_VECTOR_CORE,1784812101649841.930	,6.660,0.160000,43,0,NO,"""64,2,1024,128;64;64,2,1,128""",FLOAT16;INT64;FLOAT16,NCHW;NCHW;NCHW,"""64,2,1024,128""",FLOAT16,NCHW,N/A,0.0,0,0.0,0.0,0.0,0.0,0.0,0.0,0.0,0.0,0.0,0.0,0.0,3.457,267592,0.008,0.002,0.168,0.048,0.322,0.093,0.429,0.124,0.257,0.000
2,2,99,6,ApplyRotaryPosEmb_5,ApplyRotaryPosEmb,static,AI_VECTOR_CORE,1784812101649848.610	,9.780,0.000000,32,0,NO,"""64,1,16,128;64,1,2,128;64,1,1,128;64,1,1,128""",FLOAT16;FLOAT16;FLOAT16;FLOAT16,NCHW;NCHW;NCHW;NCHW,"""64,1,16,128;64,1,2,128""",FLOAT16;FLOAT16,NCHW;NCHW,N/A,0.0,0,0.0,0.0,0.0,0.0,0.0,0.0,0.0,0.0,0.0,0.0,0.0,6.966,401250,0.259,0.037,1.395,0.2,0.481,0.069,0.198,0.028,0.136,0.000
2,2,100,6,Scatter_10,Scatter,static,AI_VECTOR_CORE,1784812101649858.410	,3.440,0.220000,43,0,NO,"""64,2,1024,128;64;64,2,1,128""",FLOAT16;INT64;FLOAT16,NCHW;NCHW;NCHW,"""64,2,1024,128""",FLOAT16,NCHW,N/A,0.0,0,0.0,0.0,0.0,0.0,0.0,0.0,0.0,0.0,0.0,0.0,0.0,1.574,121823,0.008,0.005,0.563,0.358,0.256,0.162,0.693,0.44,0.039,0.000
2,2,101,6,IncreFlashAttention_5,IncreFlashAttention,static,MIX_AIC,1784812101649862.750	,70.480,0.810000,24,48,NO,"""64,16,1,128;64,2,1024,128;64,2,1024,128;64,1,1,1024""",FLOAT16;FLOAT16;FLOAT16;BOOL,NCHW;NCHW;NCHW;NCHW,"""64,16,1,128""",FLOAT16,NCHW,0,63.957,2762938,5.736,0.09,37.876,0.592,14.37,0.225,40.863,0.639,16.797,0.263,0.001,58.658,5068022,3.728,0.064,6.98,0.119,1.712,0.029,1.942,0.033,0.033,90.745
2,2,102,6,MatMul_26,MatMul,static,AI_CORE,1784812101649934.110	,8.040,0.770000,22,0,NO,"""64,2048;1024,2048""",FLOAT16;FLOAT16,ND;ND,"""64,1024""",FLOAT16,ND,N/A,6.08,240758,1.12,0.184,0.408,0.067,1.614,0.265,4.958,0.816,0.443,0.073,0.0,0.0,0,0.0,0.0,0.0,0.0,0.0,0.0,0.0,0.0,0.0,69.317
2,2,103,6,InplaceAddRmsNorm_10,InplaceAddRmsNorm,static,AI_VECTOR_CORE,1784812101649942.170	,8.520,0.210000,32,0,NO,"""64,1,1024;64,1,1024;1024""",FLOAT16;FLOAT16;FLOAT16,ND;ND;ND,"""64,1,1024;64,1,1;64,1,1024""",FLOAT16;FLOAT;FLOAT16,ND;ND;ND,N/A,0.0,0,0.0,0.0,0.0,0.0,0.0,0.0,0.0,0.0,0.0,0.0,0.0,5.594,322238,0.534,0.095,1.791,0.32,0.418,0.075,0.498,0.089,0.1,0.000
2,2,104,6,MatMul_27,MatMul,static,AI_CORE,1784812101649950.710	,10.420,0.000000,24,0,NO,"""64,1024;3072,1024""",FLOAT16;FLOAT16,ND;ND,"""64,3072""",FLOAT16,ND,N/A,8.321,359463,1.356,0.163,0.178,0.021,1.68,0.202,5.463,0.657,0.28,0.034,0.15,0.0,0,0.0,0.0,0.0,0.0,0.0,0.0,0.0,0.0,0.0,79.855
2,2,105,6,MatMul_28,MatMul,static,AI_CORE,1784812101649961.150	,8.640,0.080000,24,0,NO,"""64,1024;3072,1024""",FLOAT16;FLOAT16,ND;ND,"""64,3072""",FLOAT16,ND,N/A,6.412,277013,1.352,0.211,0.473,0.074,1.702,0.265,5.147,0.803,0.278,0.043,0.0,0.0,0,0.0,0.0,0.0,0.0,0.0,0.0,0.0,0.0,0.0,74.217
2,2,106,6,Swish_5Mul_8,AutomaticBufferFusionOp,static,AI_VECTOR_CORE,1784812101649969.810	,8.100,0.000000,48,0,NO,"""64,1,3072;64,1,3072""",FLOAT16;FLOAT16,ND;ND,"""64,1,3072""",FLOAT16,ND,N/A,0.0,0,0.0,0.0,0.0,0.0,0.0,0.0,0.0,0.0,0.0,0.0,0.0,6.053,522975,0.403,0.067,0.125,0.021,1.791,0.296,0.673,0.111,0.209,0.000
2,2,107,6,MatMul_29,MatMul,static,AI_CORE,1784812101649977.930	,13.000,0.150000,22,0,NO,"""64,3072;1024,3072""",FLOAT16;FLOAT16,ND;ND,"""64,1024""",FLOAT16,ND,N/A,11.176,442583,1.689,0.151,0.32,0.029,2.445,0.219,8.905,0.797,0.483,0.043,0.053,0.0,0,0.0,0.0,0.0,0.0,0.0,0.0,0.0,0.0,0.0,78.808
2,2,108,6,InplaceAddRmsNorm_11,InplaceAddRmsNorm,static,AI_VECTOR_CORE,1784812101649990.950	,6.640,0.000000,32,0,NO,"""64,1,1024;64,1,1024;1024""",FLOAT16;FLOAT16;FLOAT16,ND;ND;ND,"""64,1,1024;64,1,1;64,1,1024""",FLOAT16;FLOAT;FLOAT16,ND;ND;ND,N/A,0.0,0,0.0,0.0,0.0,0.0,0.0,0.0,0.0,0.0,0.0,0.0,0.0,3.622,208635,0.533,0.147,2.198,0.607,0.334,0.092,0.446,0.123,0.073,0.000
2,2,109,6,MatMul_30,MatMul,static,AI_CORE,1784812101649997.610	,10.180,0.000000,23,0,NO,"""64,1024;2560,1024""",FLOAT16;FLOAT16,ND;ND,"""64,2560""",FLOAT16,ND,N/A,8.382,347023,1.163,0.139,0.21,0.025,1.528,0.182,5.19,0.619,0.68,0.081,0.159,0.0,0,0.0,0.0,0.0,0.0,0.0,0.0,0.0,0.0,0.0,78.909
2,2,110,6,SplitV_8,SplitVD,static,AI_VECTOR_CORE,1784812101650007.810	,2.900,0.070000,2,0,NO,"""64,1,2560""",FLOAT16,ND,"""64,1,2048;64,1,256;64,1,256""",FLOAT16;FLOAT16;FLOAT16,ND;ND;ND,N/A,0.0,0,0.0,0.0,0.0,0.0,0.0,0.0,0.0,0.0,0.0,0.0,0.0,2.15,7741,0.008,0.004,0.115,0.053,0.829,0.385,0.911,0.424,0.231,0.000
2,2,111,6,Scatter_13,Scatter,static,AI_VECTOR_CORE,1784812101650010.750	,7.080,0.100000,43,0,NO,"""64,2,1024,128;64;64,2,1,128""",FLOAT16;INT64;FLOAT16,NCHW;NCHW;NCHW,"""64,2,1024,128""",FLOAT16,NCHW,N/A,0.0,0,0.0,0.0,0.0,0.0,0.0,0.0,0.0,0.0,0.0,0.0,0.0,3.894,301427,0.008,0.002,0.223,0.057,0.264,0.068,0.415,0.107,0.238,0.000
2,2,112,6,ApplyRotaryPosEmb_6,ApplyRotaryPosEmb,static,AI_VECTOR_CORE,1784812101650017.850	,10.160,0.000000,32,0,NO,"""64,1,16,128;64,1,2,128;64,1,1,128;64,1,1,128""",FLOAT16;FLOAT16;FLOAT16;FLOAT16,NCHW;NCHW;NCHW;NCHW,"""64,1,16,128;64,1,2,128""",FLOAT16;FLOAT16,NCHW;NCHW,N/A,0.0,0,0.0,0.0,0.0,0.0,0.0,0.0,0.0,0.0,0.0,0.0,0.0,8.166,470372,0.259,0.032,1.412,0.173,0.973,0.119,0.463,0.057,0.135,0.000
2,2,113,6,Scatter_12,Scatter,static,AI_VECTOR_CORE,1784812101650028.050	,3.080,0.090000,43,0,NO,"""64,2,1024,128;64;64,2,1,128""",FLOAT16;INT64;FLOAT16,NCHW;NCHW;NCHW,"""64,2,1024,128""",FLOAT16,NCHW,N/A,0.0,0,0.0,0.0,0.0,0.0,0.0,0.0,0.0,0.0,0.0,0.0,0.0,1.43,110654,0.008,0.005,0.669,0.468,0.158,0.111,0.537,0.375,0.039,0.000
2,2,114,6,IncreFlashAttention_6,IncreFlashAttention,static,MIX_AIC,1784812101650032.130	,71.340,1.170000,24,48,NO,"""64,16,1,128;64,2,1024,128;64,2,1024,128;64,1,1,1024""",FLOAT16;FLOAT16;FLOAT16;BOOL,NCHW;NCHW;NCHW;NCHW,"""64,16,1,128""",FLOAT16,NCHW,0,64.797,2799224,5.735,0.089,38.144,0.589,14.371,0.222,41.63,0.642,17.245,0.266,0.001,59.053,5102144,3.732,0.063,6.096,0.103,2.051,0.035,1.949,0.033,0.036,90.828
2,2,115,6,MatMul_31,MatMul,static,AI_CORE,1784812101650104.710	,7.200,1.160000,22,0,NO,"""64,2048;1024,2048""",FLOAT16;FLOAT16,ND;ND,"""64,1024""",FLOAT16,ND,N/A,5.623,222664,1.127,0.2,0.561,0.1,1.602,0.285,4.337,0.771,0.443,0.079,0.0,0.0,0,0.0,0.0,0.0,0.0,0.0,0.0,0.0,0.0,0.0,71.587
2,2,116,6,InplaceAddRmsNorm_12,InplaceAddRmsNorm,static,AI_VECTOR_CORE,1784812101650111.930	,8.200,0.050000,32,0,NO,"""64,1,1024;64,1,1024;1024""",FLOAT16;FLOAT16;FLOAT16,ND;ND;ND,"""64,1,1024;64,1,1;64,1,1024""",FLOAT16;FLOAT;FLOAT16,ND;ND;ND,N/A,0.0,0,0.0,0.0,0.0,0.0,0.0,0.0,0.0,0.0,0.0,0.0,0.0,5.344,307816,0.531,0.099,1.823,0.341,0.631,0.118,0.789,0.148,0.1,0.000
2,2,117,6,MatMul_32,MatMul,static,AI_CORE,1784812101650120.150	,12.300,0.050000,24,0,NO,"""64,1024;3072,1024""",FLOAT16;FLOAT16,ND;ND,"""64,3072""",FLOAT16,ND,N/A,9.967,430575,1.36,0.136,0.203,0.02,1.697,0.17,7.398,0.742,0.28,0.028,0.151,0.0,0,0.0,0.0,0.0,0.0,0.0,0.0,0.0,0.0,0.0,81.033
2,2,118,6,MatMul_33,MatMul,static,AI_CORE,1784812101650132.470	,8.780,0.000000,24,0,NO,"""64,1024;3072,1024""",FLOAT16;FLOAT16,ND;ND,"""64,3072""",FLOAT16,ND,N/A,6.397,276347,1.357,0.212,0.473,0.074,1.696,0.265,5.137,0.803,0.282,0.044,0.0,0.0,0,0.0,0.0,0.0,0.0,0.0,0.0,0.0,0.0,0.0,72.858
2,2,119,6,Swish_6Mul_9,AutomaticBufferFusionOp,static,AI_VECTOR_CORE,1784812101650141.290	,8.220,0.000000,48,0,NO,"""64,1,3072;64,1,3072""",FLOAT16;FLOAT16,ND;ND,"""64,1,3072""",FLOAT16,ND,N/A,0.0,0,0.0,0.0,0.0,0.0,0.0,0.0,0.0,0.0,0.0,0.0,0.0,5.979,516624,0.404,0.068,0.125,0.021,1.626,0.272,0.71,0.119,0.211,0.000
2,2,120,6,MatMul_34,MatMul,static,AI_CORE,1784812101650149.530	,12.940,0.030000,22,0,NO,"""64,3072;1024,3072""",FLOAT16;FLOAT16,ND;ND,"""64,1024""",FLOAT16,ND,N/A,9.757,386366,1.686,0.173,0.321,0.033,2.416,0.248,7.297,0.748,0.43,0.044,0.053,0.0,0,0.0,0.0,0.0,0.0,0.0,0.0,0.0,0.0,0.0,69.116
2,2,121,6,InplaceAddRmsNorm_13,InplaceAddRmsNorm,static,AI_VECTOR_CORE,1784812101650162.490	,6.180,0.060000,32,0,NO,"""64,1,1024;64,1,1024;1024""",FLOAT16;FLOAT16;FLOAT16,ND;ND;ND,"""64,1,1024;64,1,1;64,1,1024""",FLOAT16;FLOAT;FLOAT16,ND;ND;ND,N/A,0.0,0,0.0,0.0,0.0,0.0,0.0,0.0,0.0,0.0,0.0,0.0,0.0,3.324,191445,0.533,0.16,1.805,0.543,0.374,0.112,0.459,0.138,0.072,0.000
2,2,122,6,MatMul_35,MatMul,static,AI_CORE,1784812101650168.690	,11.040,0.070000,23,0,NO,"""64,1024;2560,1024""",FLOAT16;FLOAT16,ND;ND,"""64,2560""",FLOAT16,ND,N/A,9.191,380504,1.187,0.129,0.165,0.018,1.568,0.171,6.333,0.689,0.663,0.072,0.165,0.0,0,0.0,0.0,0.0,0.0,0.0,0.0,0.0,0.0,0.0,79.782
2,2,123,6,SplitV_9,SplitVD,static,AI_VECTOR_CORE,1784812101650179.750	,2.820,0.000000,2,0,NO,"""64,1,2560""",FLOAT16,ND,"""64,1,2048;64,1,256;64,1,256""",FLOAT16;FLOAT16;FLOAT16,ND;ND;ND,N/A,0.0,0,0.0,0.0,0.0,0.0,0.0,0.0,0.0,0.0,0.0,0.0,0.0,2.111,7601,0.008,0.004,0.119,0.056,0.828,0.392,0.944,0.447,0.2,0.000
2,2,124,6,Scatter_15,Scatter,static,AI_VECTOR_CORE,1784812101650182.590	,6.620,0.000000,43,0,NO,"""64,2,1024,128;64;64,2,1,128""",FLOAT16;INT64;FLOAT16,NCHW;NCHW;NCHW,"""64,2,1024,128""",FLOAT16,NCHW,N/A,0.0,0,0.0,0.0,0.0,0.0,0.0,0.0,0.0,0.0,0.0,0.0,0.0,3.469,268496,0.008,0.002,0.164,0.047,0.323,0.093,0.411,0.118,0.261,0.000
2,2,125,6,ApplyRotaryPosEmb_7,ApplyRotaryPosEmb,static,AI_VECTOR_CORE,1784812101650189.230	,10.320,0.130000,32,0,NO,"""64,1,16,128;64,1,2,128;64,1,1,128;64,1,1,128""",FLOAT16;FLOAT16;FLOAT16;FLOAT16,NCHW;NCHW;NCHW;NCHW,"""64,1,16,128;64,1,2,128""",FLOAT16;FLOAT16,NCHW;NCHW,N/A,0.0,0,0.0,0.0,0.0,0.0,0.0,0.0,0.0,0.0,0.0,0.0,0.0,8.274,476575,0.258,0.031,1.41,0.17,1.003,0.121,0.524,0.063,0.134,0.000
2,2,126,6,Scatter_14,Scatter,static,AI_VECTOR_CORE,1784812101650199.590	,3.380,0.000000,43,0,NO,"""64,2,1024,128;64;64,2,1,128""",FLOAT16;INT64;FLOAT16,NCHW;NCHW;NCHW,"""64,2,1024,128""",FLOAT16,NCHW,N/A,0.0,0,0.0,0.0,0.0,0.0,0.0,0.0,0.0,0.0,0.0,0.0,0.0,1.482,114678,0.008,0.005,0.642,0.433,0.16,0.108,0.611,0.412,0.037,0.000
2,2,127,6,IncreFlashAttention_7,IncreFlashAttention,static,MIX_AIC,1784812101650204.090	,69.740,1.120000,24,48,NO,"""64,16,1,128;64,2,1024,128;64,2,1024,128;64,1,1,1024""",FLOAT16;FLOAT16;FLOAT16;BOOL,NCHW;NCHW;NCHW;NCHW,"""64,16,1,128""",FLOAT16,NCHW,0,64.887,2803102,5.736,0.088,38.353,0.591,14.373,0.222,41.601,0.641,17.193,0.265,0.001,58.935,5092026,3.728,0.063,6.181,0.105,1.832,0.031,1.942,0.033,0.037,93.041
2,2,128,6,MatMul_36,MatMul,static,AI_CORE,1784812101650274.830	,8.000,1.010000,22,0,NO,"""64,2048;1024,2048""",FLOAT16;FLOAT16,ND;ND,"""64,1024""",FLOAT16,ND,N/A,6.07,240385,1.124,0.185,0.436,0.072,1.601,0.264,4.907,0.808,0.463,0.076,0.0,0.0,0,0.0,0.0,0.0,0.0,0.0,0.0,0.0,0.0,0.0,69.556
2,2,129,6,InplaceAddRmsNorm_14,InplaceAddRmsNorm,static,AI_VECTOR_CORE,1784812101650282.870	,8.300,0.000000,32,0,NO,"""64,1,1024;64,1,1024;1024""",FLOAT16;FLOAT16;FLOAT16,ND;ND;ND,"""64,1,1024;64,1,1;64,1,1024""",FLOAT16;FLOAT;FLOAT16,ND;ND;ND,N/A,0.0,0,0.0,0.0,0.0,0.0,0.0,0.0,0.0,0.0,0.0,0.0,0.0,5.426,312520,0.531,0.098,1.764,0.325,0.609,0.112,0.782,0.144,0.099,0.000
2,2,130,6,MatMul_37,MatMul,static,AI_CORE,1784812101650291.190	,12.600,0.200000,24,0,NO,"""64,1024;3072,1024""",FLOAT16;FLOAT16,ND;ND,"""64,3072""",FLOAT16,ND,N/A,9.731,420368,1.366,0.14,0.164,0.017,1.696,0.174,7.198,0.74,0.284,0.029,0.156,0.0,0,0.0,0.0,0.0,0.0,0.0,0.0,0.0,0.0,0.0,77.228
2,2,131,6,MatMul_38,MatMul,static,AI_CORE,1784812101650303.810	,8.620,0.000000,24,0,NO,"""64,1024;3072,1024""",FLOAT16;FLOAT16,ND;ND,"""64,3072""",FLOAT16,ND,N/A,6.274,271030,1.358,0.216,0.464,0.074,1.689,0.269,5.025,0.801,0.277,0.044,0.0,0.0,0,0.0,0.0,0.0,0.0,0.0,0.0,0.0,0.0,0.0,72.782
2,2,132,6,Swish_7Mul_10,AutomaticBufferFusionOp,static,AI_VECTOR_CORE,1784812101650312.450	,8.100,0.130000,48,0,NO,"""64,1,3072;64,1,3072""",FLOAT16;FLOAT16,ND;ND,"""64,1,3072""",FLOAT16,ND,N/A,0.0,0,0.0,0.0,0.0,0.0,0.0,0.0,0.0,0.0,0.0,0.0,0.0,6.083,525601,0.403,0.066,0.164,0.027,1.799,0.296,0.67,0.11,0.207,0.000
2,2,133,6,MatMul_39,MatMul,static,AI_CORE,1784812101650320.570	,13.120,0.000000,22,0,NO,"""64,3072;1024,3072""",FLOAT16;FLOAT16,ND;ND,"""64,1024""",FLOAT16,ND,N/A,10.828,428788,1.69,0.156,0.356,0.033,2.434,0.225,8.608,0.795,0.411,0.038,0.052,0.0,0,0.0,0.0,0.0,0.0,0.0,0.0,0.0,0.0,0.0,75.653
2,2,134,6,InplaceAddRmsNorm_15,InplaceAddRmsNorm,static,AI_VECTOR_CORE,1784812101650333.710	,8.160,0.130000,32,0,NO,"""64,1,1024;64,1,1024;1024""",FLOAT16;FLOAT16;FLOAT16,ND;ND;ND,"""64,1,1024;64,1,1;64,1,1024""",FLOAT16;FLOAT;FLOAT16,ND;ND;ND,N/A,0.0,0,0.0,0.0,0.0,0.0,0.0,0.0,0.0,0.0,0.0,0.0,0.0,4.263,245545,0.539,0.126,1.778,0.417,0.3,0.07,0.444,0.104,0.072,0.000
2,2,135,6,MatMul_40,MatMul,static,AI_CORE,1784812101650341.890	,12.000,0.090000,23,0,NO,"""64,1024;2560,1024""",FLOAT16;FLOAT16,ND;ND,"""64,2560""",FLOAT16,ND,N/A,9.502,393402,1.191,0.125,0.172,0.018,1.55,0.163,6.628,0.698,0.682,0.072,0.165,0.0,0,0.0,0.0,0.0,0.0,0.0,0.0,0.0,0.0,0.0,75.888
2,2,136,6,SplitV_10,SplitVD,static,AI_VECTOR_CORE,1784812101650353.910	,2.820,0.000000,2,0,NO,"""64,1,2560""",FLOAT16,ND,"""64,1,2048;64,1,256;64,1,256""",FLOAT16;FLOAT16;FLOAT16,ND;ND;ND,N/A,0.0,0,0.0,0.0,0.0,0.0,0.0,0.0,0.0,0.0,0.0,0.0,0.0,2.098,7553,0.008,0.004,0.127,0.061,0.825,0.393,0.939,0.448,0.216,0.000
2,2,137,6,Scatter_17,Scatter,static,AI_VECTOR_CORE,1784812101650356.750	,6.600,0.000000,43,0,NO,"""64,2,1024,128;64;64,2,1,128""",FLOAT16;INT64;FLOAT16,NCHW;NCHW;NCHW,"""64,2,1024,128""",FLOAT16,NCHW,N/A,0.0,0,0.0,0.0,0.0,0.0,0.0,0.0,0.0,0.0,0.0,0.0,0.0,3.457,267568,0.008,0.002,0.167,0.048,0.322,0.093,0.4,0.116,0.258,0.000
2,2,138,6,ApplyRotaryPosEmb_8,ApplyRotaryPosEmb,static,AI_VECTOR_CORE,1784812101650363.370	,9.840,0.000000,32,0,NO,"""64,1,16,128;64,1,2,128;64,1,1,128;64,1,1,128""",FLOAT16;FLOAT16;FLOAT16;FLOAT16,NCHW;NCHW;NCHW;NCHW,"""64,1,16,128;64,1,2,128""",FLOAT16;FLOAT16,NCHW;NCHW,N/A,0.0,0,0.0,0.0,0.0,0.0,0.0,0.0,0.0,0.0,0.0,0.0,0.0,7.073,407391,0.259,0.037,1.441,0.204,0.428,0.061,0.253,0.036,0.133,0.000
2,2,139,6,Scatter_16,Scatter,static,AI_VECTOR_CORE,1784812101650373.250	,4.380,0.160000,43,0,NO,"""64,2,1024,128;64;64,2,1,128""",FLOAT16;INT64;FLOAT16,NCHW;NCHW;NCHW,"""64,2,1024,128""",FLOAT16,NCHW,N/A,0.0,0,0.0,0.0,0.0,0.0,0.0,0.0,0.0,0.0,0.0,0.0,0.0,2.093,161980,0.008,0.004,1.523,0.728,0.159,0.076,0.397,0.19,0.04,0.000
2,2,140,6,IncreFlashAttention_8,IncreFlashAttention,static,MIX_AIC,1784812101650378.830	,69.040,1.120000,24,48,NO,"""64,16,1,128;64,2,1024,128;64,2,1024,128;64,1,1,1024""",FLOAT16;FLOAT16;FLOAT16;BOOL,NCHW;NCHW;NCHW;NCHW,"""64,16,1,128""",FLOAT16,NCHW,0,63.528,2744403,5.736,0.09,37.66,0.593,14.37,0.226,41.508,0.653,17.023,0.268,0.001,58.061,5016449,3.731,0.064,7.264,0.125,1.934,0.033,1.948,0.034,0.033,92.016
2,2,141,6,MatMul_41,MatMul,static,AI_CORE,1784812101650449.010	,7.480,1.210000,22,0,NO,"""64,2048;1024,2048""",FLOAT16;FLOAT16,ND;ND,"""64,1024""",FLOAT16,ND,N/A,5.765,228306,1.12,0.194,0.554,0.096,1.608,0.279,4.583,0.795,0.467,0.081,0.0,0.0,0,0.0,0.0,0.0,0.0,0.0,0.0,0.0,0.0,0.0,70.653
2,2,142,6,InplaceAddRmsNorm_16,InplaceAddRmsNorm,static,AI_VECTOR_CORE,1784812101650456.510	,10.200,0.020000,32,0,NO,"""64,1,1024;64,1,1024;1024""",FLOAT16;FLOAT16;FLOAT16,ND;ND;ND,"""64,1,1024;64,1,1;64,1,1024""",FLOAT16;FLOAT;FLOAT16,ND;ND;ND,N/A,0.0,0,0.0,0.0,0.0,0.0,0.0,0.0,0.0,0.0,0.0,0.0,0.0,7.345,423048,0.525,0.071,1.757,0.239,1.887,0.257,0.881,0.12,0.099,0.000
2,2,143,6,MatMul_42,MatMul,static,AI_CORE,1784812101650466.730	,10.680,0.050000,24,0,NO,"""64,1024;3072,1024""",FLOAT16;FLOAT16,ND;ND,"""64,3072""",FLOAT16,ND,N/A,8.446,364853,1.368,0.162,0.162,0.019,1.695,0.201,5.516,0.653,0.28,0.033,0.151,0.0,0,0.0,0.0,0.0,0.0,0.0,0.0,0.0,0.0,0.0,79.079
2,2,144,6,MatMul_43,MatMul,static,AI_CORE,1784812101650477.430	,8.200,0.070000,24,0,NO,"""64,1024;3072,1024""",FLOAT16;FLOAT16,ND;ND,"""64,3072""",FLOAT16,ND,N/A,6.04,260946,1.348,0.223,0.375,0.062,1.678,0.278,4.87,0.806,0.281,0.047,0.0,0.0,0,0.0,0.0,0.0,0.0,0.0,0.0,0.0,0.0,0.0,73.664
2,2,145,6,Swish_8Mul_11,AutomaticBufferFusionOp,static,AI_VECTOR_CORE,1784812101650485.650	,8.100,0.050000,48,0,NO,"""64,1,3072;64,1,3072""",FLOAT16;FLOAT16,ND;ND,"""64,1,3072""",FLOAT16,ND,N/A,0.0,0,0.0,0.0,0.0,0.0,0.0,0.0,0.0,0.0,0.0,0.0,0.0,6.063,523849,0.404,0.067,0.125,0.021,1.689,0.279,0.793,0.131,0.209,0.000
2,2,146,6,MatMul_44,MatMul,static,AI_CORE,1784812101650493.770	,13.680,0.000000,22,0,NO,"""64,3072;1024,3072""",FLOAT16;FLOAT16,ND;ND,"""64,1024""",FLOAT16,ND,N/A,11.317,448147,1.692,0.15,0.339,0.03,2.427,0.214,9.045,0.799,0.455,0.04,0.051,0.0,0,0.0,0.0,0.0,0.0,0.0,0.0,0.0,0.0,0.0,75.832
2,2,147,6,InplaceAddRmsNorm_17,InplaceAddRmsNorm,static,AI_VECTOR_CORE,1784812101650507.470	,6.660,0.070000,32,0,NO,"""64,1,1024;64,1,1024;1024""",FLOAT16;FLOAT16;FLOAT16,ND;ND;ND,"""64,1,1024;64,1,1;64,1,1024""",FLOAT16;FLOAT;FLOAT16,ND;ND;ND,N/A,0.0,0,0.0,0.0,0.0,0.0,0.0,0.0,0.0,0.0,0.0,0.0,0.0,3.972,228794,0.53,0.133,2.007,0.505,0.931,0.234,0.427,0.108,0.071,0.000
2,2,148,6,MatMul_45,MatMul,static,AI_CORE,1784812101650514.150	,10.620,0.090000,23,0,NO,"""64,1024;2560,1024""",FLOAT16;FLOAT16,ND;ND,"""64,2560""",FLOAT16,ND,N/A,8.162,337907,1.178,0.144,0.163,0.02,1.536,0.188,5.022,0.615,0.615,0.075,0.159,0.0,0,0.0,0.0,0.0,0.0,0.0,0.0,0.0,0.0,0.0,73.653
2,2,149,6,SplitV_11,SplitVD,static,AI_VECTOR_CORE,1784812101650524.790	,2.860,0.000000,2,0,NO,"""64,1,2560""",FLOAT16,ND,"""64,1,2048;64,1,256;64,1,256""",FLOAT16;FLOAT16;FLOAT16,ND;ND;ND,N/A,0.0,0,0.0,0.0,0.0,0.0,0.0,0.0,0.0,0.0,0.0,0.0,0.0,2.16,7777,0.008,0.004,0.125,0.058,0.832,0.385,0.925,0.428,0.231,0.000
2,2,150,6,Scatter_19,Scatter,static,AI_VECTOR_CORE,1784812101650527.670	,7.120,0.140000,43,0,NO,"""64,2,1024,128;64;64,2,1,128""",FLOAT16;INT64;FLOAT16,NCHW;NCHW;NCHW,"""64,2,1024,128""",FLOAT16,NCHW,N/A,0.0,0,0.0,0.0,0.0,0.0,0.0,0.0,0.0,0.0,0.0,0.0,0.0,3.621,280236,0.008,0.002,0.163,0.045,0.148,0.041,0.411,0.113,0.258,0.000
2,2,151,6,ApplyRotaryPosEmb_9,ApplyRotaryPosEmb,static,AI_VECTOR_CORE,1784812101650534.810	,10.280,0.000000,32,0,NO,"""64,1,16,128;64,1,2,128;64,1,1,128;64,1,1,128""",FLOAT16;FLOAT16;FLOAT16;FLOAT16,NCHW;NCHW;NCHW;NCHW,"""64,1,16,128;64,1,2,128""",FLOAT16;FLOAT16,NCHW;NCHW,N/A,0.0,0,0.0,0.0,0.0,0.0,0.0,0.0,0.0,0.0,0.0,0.0,0.0,8.315,478937,0.259,0.031,1.356,0.163,1.001,0.12,0.479,0.058,0.134,0.000
2,2,152,6,Scatter_18,Scatter,static,AI_VECTOR_CORE,1784812101650545.110	,3.840,0.000000,43,0,NO,"""64,2,1024,128;64;64,2,1,128""",FLOAT16;INT64;FLOAT16,NCHW;NCHW;NCHW,"""64,2,1024,128""",FLOAT16,NCHW,N/A,0.0,0,0.0,0.0,0.0,0.0,0.0,0.0,0.0,0.0,0.0,0.0,0.0,1.868,144600,0.008,0.004,1.225,0.656,0.144,0.077,0.44,0.235,0.037,0.000
2,2,153,6,IncreFlashAttention_9,IncreFlashAttention,static,MIX_AIC,1784812101650550.150	,68.040,1.410000,24,48,NO,"""64,16,1,128;64,2,1024,128;64,2,1024,128;64,1,1,1024""",FLOAT16;FLOAT16;FLOAT16;BOOL,NCHW;NCHW;NCHW;NCHW,"""64,16,1,128""",FLOAT16,NCHW,0,63.493,2742898,5.736,0.09,37.252,0.587,14.372,0.226,41.773,0.658,16.753,0.264,0.001,57.611,4977633,3.729,0.065,5.21,0.09,1.841,0.032,1.982,0.034,0.035,93.317
2,2,154,6,MatMul_46,MatMul,static,AI_CORE,1784812101650619.030	,8.200,0.710000,22,0,NO,"""64,2048;1024,2048""",FLOAT16;FLOAT16,ND;ND,"""64,1024""",FLOAT16,ND,N/A,6.576,260391,1.12,0.17,0.724,0.11,1.603,0.244,5.1,0.776,0.487,0.074,0.0,0.0,0,0.0,0.0,0.0,0.0,0.0,0.0,0.0,0.0,0.0,73.507
2,2,155,6,InplaceAddRmsNorm_18,InplaceAddRmsNorm,static,AI_VECTOR_CORE,1784812101650627.250	,8.320,0.050000,32,0,NO,"""64,1,1024;64,1,1024;1024""",FLOAT16;FLOAT16;FLOAT16,ND;ND;ND,"""64,1,1024;64,1,1;64,1,1024""",FLOAT16;FLOAT;FLOAT16,ND;ND;ND,N/A,0.0,0,0.0,0.0,0.0,0.0,0.0,0.0,0.0,0.0,0.0,0.0,0.0,5.436,313136,0.532,0.098,1.901,0.35,0.464,0.085,0.744,0.137,0.098,0.000
2,2,156,6,MatMul_47,MatMul,static,AI_CORE,1784812101650635.590	,12.180,0.000000,24,0,NO,"""64,1024;3072,1024""",FLOAT16;FLOAT16,ND;ND,"""64,3072""",FLOAT16,ND,N/A,9.872,426454,1.361,0.138,0.162,0.016,1.693,0.171,7.333,0.743,0.285,0.029,0.153,0.0,0,0.0,0.0,0.0,0.0,0.0,0.0,0.0,0.0,0.0,81.048
2,2,157,6,MatMul_48,MatMul,static,AI_CORE,1784812101650647.790	,8.280,0.070000,24,0,NO,"""64,1024;3072,1024""",FLOAT16;FLOAT16,ND;ND,"""64,3072""",FLOAT16,ND,N/A,6.192,267482,1.362,0.22,0.368,0.06,1.679,0.271,5.027,0.812,0.28,0.045,0.0,0.0,0,0.0,0.0,0.0,0.0,0.0,0.0,0.0,0.0,0.0,74.779
2,2,158,6,Swish_9Mul_12,AutomaticBufferFusionOp,static,AI_VECTOR_CORE,1784812101650656.090	,8.300,0.000000,48,0,NO,"""64,1,3072;64,1,3072""",FLOAT16;FLOAT16,ND;ND,"""64,1,3072""",FLOAT16,ND,N/A,0.0,0,0.0,0.0,0.0,0.0,0.0,0.0,0.0,0.0,0.0,0.0,0.0,5.98,516651,0.403,0.067,0.125,0.021,1.655,0.277,0.685,0.115,0.213,0.000
2,2,159,6,MatMul_49,MatMul,static,AI_CORE,1784812101650664.410	,12.560,0.200000,22,0,NO,"""64,3072;1024,3072""",FLOAT16;FLOAT16,ND;ND,"""64,1024""",FLOAT16,ND,N/A,9.936,393485,1.69,0.17,0.321,0.032,2.42,0.244,7.527,0.758,0.362,0.036,0.053,0.0,0,0.0,0.0,0.0,0.0,0.0,0.0,0.0,0.0,0.0,72.519
2,2,160,6,InplaceAddRmsNorm_19,InplaceAddRmsNorm,static,AI_VECTOR_CORE,1784812101650676.990	,6.400,0.000000,32,0,NO,"""64,1,1024;64,1,1024;1024""",FLOAT16;FLOAT16;FLOAT16,ND;ND;ND,"""64,1,1024;64,1,1;64,1,1024""",FLOAT16;FLOAT;FLOAT16,ND;ND;ND,N/A,0.0,0,0.0,0.0,0.0,0.0,0.0,0.0,0.0,0.0,0.0,0.0,0.0,3.527,203150,0.532,0.151,2.078,0.589,0.392,0.111,0.443,0.126,0.071,0.000
2,2,161,6,MatMul_50,MatMul,static,AI_CORE,1784812101650683.410	,11.420,0.100000,23,0,NO,"""64,1024;2560,1024""",FLOAT16;FLOAT16,ND;ND,"""64,2560""",FLOAT16,ND,N/A,9.454,391378,1.18,0.125,0.163,0.017,1.547,0.164,6.535,0.691,0.702,0.074,0.166,0.0,0,0.0,0.0,0.0,0.0,0.0,0.0,0.0,0.0,0.0,79.332
2,2,162,6,SplitV_12,SplitVD,static,AI_VECTOR_CORE,1784812101650694.850	,2.820,0.000000,2,0,NO,"""64,1,2560""",FLOAT16,ND,"""64,1,2048;64,1,256;64,1,256""",FLOAT16;FLOAT16;FLOAT16,ND;ND;ND,N/A,0.0,0,0.0,0.0,0.0,0.0,0.0,0.0,0.0,0.0,0.0,0.0,0.0,2.101,7564,0.008,0.004,0.144,0.068,0.822,0.391,0.915,0.435,0.216,0.000
2,2,163,6,Scatter_21,Scatter,static,AI_VECTOR_CORE,1784812101650697.690	,6.720,0.180000,43,0,NO,"""64,2,1024,128;64;64,2,1,128""",FLOAT16;INT64;FLOAT16,NCHW;NCHW;NCHW,"""64,2,1024,128""",FLOAT16,NCHW,N/A,0.0,0,0.0,0.0,0.0,0.0,0.0,0.0,0.0,0.0,0.0,0.0,0.0,3.451,267105,0.008,0.002,0.166,0.048,0.32,0.093,0.411,0.119,0.262,0.000
2,2,164,6,ApplyRotaryPosEmb_10,ApplyRotaryPosEmb,static,AI_VECTOR_CORE,1784812101650704.450	,9.640,0.030000,32,0,NO,"""64,1,16,128;64,1,2,128;64,1,1,128;64,1,1,128""",FLOAT16;FLOAT16;FLOAT16;FLOAT16,NCHW;NCHW;NCHW;NCHW,"""64,1,16,128;64,1,2,128""",FLOAT16;FLOAT16,NCHW;NCHW,N/A,0.0,0,0.0,0.0,0.0,0.0,0.0,0.0,0.0,0.0,0.0,0.0,0.0,6.963,401085,0.258,0.037,1.367,0.196,0.375,0.054,0.257,0.037,0.134,0.000
2,2,165,6,Scatter_20,Scatter,static,AI_VECTOR_CORE,1784812101650714.110	,3.300,0.000000,43,0,NO,"""64,2,1024,128;64;64,2,1,128""",FLOAT16;INT64;FLOAT16,NCHW;NCHW;NCHW,"""64,2,1024,128""",FLOAT16,NCHW,N/A,0.0,0,0.0,0.0,0.0,0.0,0.0,0.0,0.0,0.0,0.0,0.0,0.0,1.447,111963,0.008,0.005,0.55,0.38,0.284,0.196,0.555,0.384,0.04,0.000
2,2,166,6,IncreFlashAttention_10,IncreFlashAttention,static,MIX_AIC,1784812101650718.370	,70.680,0.950000,24,48,NO,"""64,16,1,128;64,2,1024,128;64,2,1024,128;64,1,1,1024""",FLOAT16;FLOAT16;FLOAT16;BOOL,NCHW;NCHW;NCHW;NCHW,"""64,16,1,128""",FLOAT16,NCHW,0,63.918,2761238,5.736,0.09,38.034,0.595,14.37,0.225,41.222,0.645,16.934,0.265,0.001,58.464,5051297,3.73,0.064,6.19,0.106,1.921,0.033,1.955,0.033,0.036,90.432
2,2,167,6,MatMul_51,MatMul,static,AI_CORE,1784812101650790.330	,7.820,1.320000,22,0,NO,"""64,2048;1024,2048""",FLOAT16;FLOAT16,ND;ND,"""64,1024""",FLOAT16,ND,N/A,6.102,241646,1.122,0.184,0.402,0.066,1.602,0.263,4.844,0.794,0.563,0.092,0.0,0.0,0,0.0,0.0,0.0,0.0,0.0,0.0,0.0,0.0,0.0,71.530
2,2,168,6,InplaceAddRmsNorm_20,InplaceAddRmsNorm,static,AI_VECTOR_CORE,1784812101650798.170	,8.420,0.180000,32,0,NO,"""64,1,1024;64,1,1024;1024""",FLOAT16;FLOAT16;FLOAT16,ND;ND;ND,"""64,1,1024;64,1,1;64,1,1024""",FLOAT16;FLOAT;FLOAT16,ND;ND;ND,N/A,0.0,0,0.0,0.0,0.0,0.0,0.0,0.0,0.0,0.0,0.0,0.0,0.0,5.452,314047,0.538,0.099,1.82,0.334,0.342,0.063,0.495,0.091,0.101,0.000
2,2,169,6,MatMul_52,MatMul,static,AI_CORE,1784812101650806.630	,12.260,0.080000,24,0,NO,"""64,1024;3072,1024""",FLOAT16;FLOAT16,ND;ND,"""64,3072""",FLOAT16,ND,N/A,9.645,416655,1.361,0.141,0.165,0.017,1.722,0.179,7.118,0.738,0.281,0.029,0.152,0.0,0,0.0,0.0,0.0,0.0,0.0,0.0,0.0,0.0,0.0,78.669
2,2,170,6,MatMul_53,MatMul,static,AI_CORE,1784812101650818.910	,9.260,0.000000,24,0,NO,"""64,1024;3072,1024""",FLOAT16;FLOAT16,ND;ND,"""64,3072""",FLOAT16,ND,N/A,6.441,278256,1.368,0.212,0.627,0.097,1.68,0.261,5.241,0.814,0.28,0.043,0.0,0.0,0,0.0,0.0,0.0,0.0,0.0,0.0,0.0,0.0,0.0,69.558
2,2,171,6,Swish_10Mul_13,AutomaticBufferFusionOp,static,AI_VECTOR_CORE,1784812101650828.190	,8.080,0.000000,48,0,NO,"""64,1,3072;64,1,3072""",FLOAT16;FLOAT16,ND;ND,"""64,1,3072""",FLOAT16,ND,N/A,0.0,0,0.0,0.0,0.0,0.0,0.0,0.0,0.0,0.0,0.0,0.0,0.0,6.037,521588,0.404,0.067,0.127,0.021,1.686,0.279,0.798,0.132,0.209,0.000
2,2,172,6,MatMul_54,MatMul,static,AI_CORE,1784812101650836.310	,12.840,0.000000,22,0,NO,"""64,3072;1024,3072""",FLOAT16;FLOAT16,ND;ND,"""64,1024""",FLOAT16,ND,N/A,11.062,438059,1.685,0.152,0.316,0.029,2.42,0.219,8.859,0.801,0.44,0.04,0.053,0.0,0,0.0,0.0,0.0,0.0,0.0,0.0,0.0,0.0,0.0,78.974
2,2,173,6,InplaceAddRmsNorm_21,InplaceAddRmsNorm,static,AI_VECTOR_CORE,1784812101650849.190	,6.520,0.160000,32,0,NO,"""64,1,1024;64,1,1024;1024""",FLOAT16;FLOAT16;FLOAT16,ND;ND;ND,"""64,1,1024;64,1,1;64,1,1024""",FLOAT16;FLOAT;FLOAT16,ND;ND;ND,N/A,0.0,0,0.0,0.0,0.0,0.0,0.0,0.0,0.0,0.0,0.0,0.0,0.0,3.518,202639,0.534,0.152,2.001,0.569,0.396,0.113,0.427,0.121,0.073,0.000
2,2,174,6,MatMul_55,MatMul,static,AI_CORE,1784812101650855.730	,11.840,0.000000,23,0,NO,"""64,1024;2560,1024""",FLOAT16;FLOAT16,ND;ND,"""64,2560""",FLOAT16,ND,N/A,9.469,392026,1.18,0.125,0.161,0.017,1.556,0.164,6.521,0.689,0.755,0.08,0.165,0.0,0,0.0,0.0,0.0,0.0,0.0,0.0,0.0,0.0,0.0,76.644
2,2,175,6,SplitV_13,SplitVD,static,AI_VECTOR_CORE,1784812101650867.590	,2.880,0.000000,2,0,NO,"""64,1,2560""",FLOAT16,ND,"""64,1,2048;64,1,256;64,1,256""",FLOAT16;FLOAT16;FLOAT16,ND;ND;ND,N/A,0.0,0,0.0,0.0,0.0,0.0,0.0,0.0,0.0,0.0,0.0,0.0,0.0,2.151,7743,0.008,0.004,0.151,0.07,0.82,0.381,0.959,0.446,0.216,0.000
2,2,176,6,Scatter_23,Scatter,static,AI_VECTOR_CORE,1784812101650870.490	,6.700,0.120000,43,0,NO,"""64,2,1024,128;64;64,2,1,128""",FLOAT16;INT64;FLOAT16,NCHW;NCHW;NCHW,"""64,2,1024,128""",FLOAT16,NCHW,N/A,0.0,0,0.0,0.0,0.0,0.0,0.0,0.0,0.0,0.0,0.0,0.0,0.0,3.456,267480,0.008,0.002,0.161,0.047,0.323,0.093,0.426,0.123,0.259,0.000
2,2,177,6,ApplyRotaryPosEmb_11,ApplyRotaryPosEmb,static,AI_VECTOR_CORE,1784812101650877.210	,10.140,0.050000,32,0,NO,"""64,1,16,128;64,1,2,128;64,1,1,128;64,1,1,128""",FLOAT16;FLOAT16;FLOAT16;FLOAT16,NCHW;NCHW;NCHW;NCHW,"""64,1,16,128;64,1,2,128""",FLOAT16;FLOAT16,NCHW;NCHW,N/A,0.0,0,0.0,0.0,0.0,0.0,0.0,0.0,0.0,0.0,0.0,0.0,0.0,8.144,469122,0.259,0.032,1.359,0.167,1.029,0.126,0.507,0.062,0.136,0.000
2,2,178,6,Scatter_22,Scatter,static,AI_VECTOR_CORE,1784812101650887.370	,3.620,0.000000,43,0,NO,"""64,2,1024,128;64;64,2,1,128""",FLOAT16;INT64;FLOAT16,NCHW;NCHW;NCHW,"""64,2,1024,128""",FLOAT16,NCHW,N/A,0.0,0,0.0,0.0,0.0,0.0,0.0,0.0,0.0,0.0,0.0,0.0,0.0,1.591,123169,0.008,0.005,0.542,0.34,0.271,0.17,0.721,0.453,0.041,0.000
2,2,179,6,IncreFlashAttention_11,IncreFlashAttention,static,MIX_AIC,1784812101650892.010	,70.640,1.130000,24,48,NO,"""64,16,1,128;64,2,1024,128;64,2,1024,128;64,1,1,1024""",FLOAT16;FLOAT16;FLOAT16;BOOL,NCHW;NCHW;NCHW;NCHW,"""64,16,1,128""",FLOAT16,NCHW,0,64.548,2788491,5.736,0.089,38.09,0.59,14.371,0.223,41.743,0.647,16.825,0.261,0.001,58.993,5097020,3.73,0.063,7.29,0.124,1.816,0.031,1.954,0.033,0.034,91.377
2,2,180,6,MatMul_56,MatMul,static,AI_CORE,1784812101650963.350	,8.040,0.610000,22,0,NO,"""64,2048;1024,2048""",FLOAT16;FLOAT16,ND;ND,"""64,1024""",FLOAT16,ND,N/A,5.745,227503,1.121,0.195,0.567,0.099,1.599,0.278,4.484,0.781,0.417,0.073,0.0,0.0,0,0.0,0.0,0.0,0.0,0.0,0.0,0.0,0.0,0.0,65.501
2,2,181,6,InplaceAddRmsNorm_22,InplaceAddRmsNorm,static,AI_VECTOR_CORE,1784812101650971.410	,8.380,0.210000,32,0,NO,"""64,1,1024;64,1,1024;1024""",FLOAT16;FLOAT16;FLOAT16,ND;ND;ND,"""64,1,1024;64,1,1;64,1,1024""",FLOAT16;FLOAT;FLOAT16,ND;ND;ND,N/A,0.0,0,0.0,0.0,0.0,0.0,0.0,0.0,0.0,0.0,0.0,0.0,0.0,5.457,314347,0.531,0.097,1.827,0.335,0.652,0.119,0.728,0.133,0.099,0.000
2,2,182,6,MatMul_57,MatMul,static,AI_CORE,1784812101650979.810	,11.240,0.000000,24,0,NO,"""64,1024;3072,1024""",FLOAT16;FLOAT16,ND;ND,"""64,3072""",FLOAT16,ND,N/A,8.556,369611,1.363,0.159,0.164,0.019,1.698,0.198,5.574,0.651,0.278,0.033,0.149,0.0,0,0.0,0.0,0.0,0.0,0.0,0.0,0.0,0.0,0.0,76.119
2,2,183,6,MatMul_58,MatMul,static,AI_CORE,1784812101650991.070	,10.240,0.010000,24,0,NO,"""64,1024;3072,1024""",FLOAT16;FLOAT16,ND;ND,"""64,3072""",FLOAT16,ND,N/A,7.547,326021,1.364,0.181,0.923,0.122,1.719,0.228,5.846,0.775,0.281,0.037,0.0,0.0,0,0.0,0.0,0.0,0.0,0.0,0.0,0.0,0.0,0.0,73.699
2,2,184,6,Swish_11Mul_14,AutomaticBufferFusionOp,static,AI_VECTOR_CORE,1784812101651001.330	,8.120,0.010000,48,0,NO,"""64,1,3072;64,1,3072""",FLOAT16;FLOAT16,ND;ND,"""64,1,3072""",FLOAT16,ND,N/A,0.0,0,0.0,0.0,0.0,0.0,0.0,0.0,0.0,0.0,0.0,0.0,0.0,6.057,523297,0.403,0.067,0.125,0.021,1.794,0.296,0.671,0.111,0.209,0.000
2,2,185,6,MatMul_59,MatMul,static,AI_CORE,1784812101651009.470	,13.140,0.130000,22,0,NO,"""64,3072;1024,3072""",FLOAT16;FLOAT16,ND;ND,"""64,1024""",FLOAT16,ND,N/A,11.315,448077,1.688,0.149,0.315,0.028,2.439,0.216,9.023,0.797,0.438,0.039,0.054,0.0,0,0.0,0.0,0.0,0.0,0.0,0.0,0.0,0.0,0.0,78.936
2,2,186,6,InplaceAddRmsNorm_23,InplaceAddRmsNorm,static,AI_VECTOR_CORE,1784812101651022.630	,6.640,0.110000,32,0,NO,"""64,1,1024;64,1,1024;1024""",FLOAT16;FLOAT16;FLOAT16,ND;ND;ND,"""64,1,1024;64,1,1;64,1,1024""",FLOAT16;FLOAT;FLOAT16,ND;ND;ND,N/A,0.0,0,0.0,0.0,0.0,0.0,0.0,0.0,0.0,0.0,0.0,0.0,0.0,3.693,212740,0.533,0.144,2.145,0.581,0.365,0.099,0.466,0.126,0.071,0.000
2,2,187,6,MatMul_60,MatMul,static,AI_CORE,1784812101651029.290	,10.140,0.000000,23,0,NO,"""64,1024;2560,1024""",FLOAT16;FLOAT16,ND;ND,"""64,2560""",FLOAT16,ND,N/A,8.064,333854,1.185,0.147,0.164,0.02,1.536,0.19,4.924,0.611,0.647,0.08,0.165,0.0,0,0.0,0.0,0.0,0.0,0.0,0.0,0.0,0.0,0.0,76.214
2,2,188,6,SplitV_14,SplitVD,static,AI_VECTOR_CORE,1784812101651039.470	,2.900,0.110000,2,0,NO,"""64,1,2560""",FLOAT16,ND,"""64,1,2048;64,1,256;64,1,256""",FLOAT16;FLOAT16;FLOAT16,ND;ND;ND,N/A,0.0,0,0.0,0.0,0.0,0.0,0.0,0.0,0.0,0.0,0.0,0.0,0.0,2.136,7691,0.008,0.004,0.112,0.052,0.831,0.389,0.91,0.426,0.231,0.000
2,2,189,6,Scatter_25,Scatter,static,AI_VECTOR_CORE,1784812101651042.390	,7.000,0.100000,43,0,NO,"""64,2,1024,128;64;64,2,1,128""",FLOAT16;INT64;FLOAT16,NCHW;NCHW;NCHW,"""64,2,1024,128""",FLOAT16,NCHW,N/A,0.0,0,0.0,0.0,0.0,0.0,0.0,0.0,0.0,0.0,0.0,0.0,0.0,3.812,295065,0.008,0.002,0.169,0.044,0.284,0.075,0.421,0.11,0.257,0.000
2,2,190,6,ApplyRotaryPosEmb_12,ApplyRotaryPosEmb,static,AI_VECTOR_CORE,1784812101651049.410	,9.820,0.000000,32,0,NO,"""64,1,16,128;64,1,2,128;64,1,1,128;64,1,1,128""",FLOAT16;FLOAT16;FLOAT16;FLOAT16,NCHW;NCHW;NCHW;NCHW,"""64,1,16,128;64,1,2,128""",FLOAT16;FLOAT16,NCHW;NCHW,N/A,0.0,0,0.0,0.0,0.0,0.0,0.0,0.0,0.0,0.0,0.0,0.0,0.0,7.102,409099,0.259,0.036,1.381,0.194,0.411,0.058,0.264,0.037,0.136,0.000
2,2,191,6,Scatter_24,Scatter,static,AI_VECTOR_CORE,1784812101651059.250	,3.400,0.000000,43,0,NO,"""64,2,1024,128;64;64,2,1,128""",FLOAT16;INT64;FLOAT16,NCHW;NCHW;NCHW,"""64,2,1024,128""",FLOAT16,NCHW,N/A,0.0,0,0.0,0.0,0.0,0.0,0.0,0.0,0.0,0.0,0.0,0.0,0.0,1.489,115247,0.008,0.005,0.643,0.432,0.17,0.114,0.6,0.403,0.034,0.000
2,2,192,6,IncreFlashAttention_12,IncreFlashAttention,static,MIX_AIC,1784812101651063.790	,72.780,1.100000,24,48,NO,"""64,16,1,128;64,2,1024,128;64,2,1024,128;64,1,1,1024""",FLOAT16;FLOAT16;FLOAT16;BOOL,NCHW;NCHW;NCHW;NCHW,"""64,16,1,128""",FLOAT16,NCHW,0,65.95,2849048,5.736,0.087,38.591,0.585,14.37,0.218,42.549,0.645,17.198,0.261,0.001,60.875,5259588,3.73,0.061,6.813,0.112,2.1,0.034,2.031,0.033,0.037,90.616
2,2,193,6,MatMul_61,MatMul,static,AI_CORE,1784812101651137.550	,9.500,0.970000,22,0,NO,"""64,2048;1024,2048""",FLOAT16;FLOAT16,ND;ND,"""64,1024""",FLOAT16,ND,N/A,6.81,269683,1.122,0.165,1.35,0.198,1.598,0.235,4.765,0.7,0.423,0.062,0.0,0.0,0,0.0,0.0,0.0,0.0,0.0,0.0,0.0,0.0,0.0,65.712
2,2,194,6,InplaceAddRmsNorm_24,InplaceAddRmsNorm,static,AI_VECTOR_CORE,1784812101651147.070	,8.840,0.000000,32,0,NO,"""64,1,1024;64,1,1024;1024""",FLOAT16;FLOAT16;FLOAT16,ND;ND;ND,"""64,1,1024;64,1,1;64,1,1024""",FLOAT16;FLOAT;FLOAT16,ND;ND;ND,N/A,0.0,0,0.0,0.0,0.0,0.0,0.0,0.0,0.0,0.0,0.0,0.0,0.0,5.716,329219,0.535,0.094,2.15,0.376,0.528,0.092,0.449,0.079,0.098,0.000
2,2,195,6,MatMul_62,MatMul,static,AI_CORE,1784812101651155.930	,9.580,0.160000,24,0,NO,"""64,1024;3072,1024""",FLOAT16;FLOAT16,ND;ND,"""64,3072""",FLOAT16,ND,N/A,7.303,315486,1.367,0.187,0.178,0.024,1.701,0.233,3.991,0.547,0.352,0.048,0.145,0.0,0,0.0,0.0,0.0,0.0,0.0,0.0,0.0,0.0,0.0,76.231
2,2,196,6,MatMul_63,MatMul,static,AI_CORE,1784812101651165.530	,8.740,0.000000,24,0,NO,"""64,1024;3072,1024""",FLOAT16;FLOAT16,ND;ND,"""64,3072""",FLOAT16,ND,N/A,6.468,279437,1.365,0.211,0.456,0.071,1.694,0.262,5.224,0.808,0.28,0.043,0.0,0.0,0,0.0,0.0,0.0,0.0,0.0,0.0,0.0,0.0,0.0,74.010
2,2,197,6,Swish_12Mul_15,AutomaticBufferFusionOp,static,AI_VECTOR_CORE,1784812101651174.290	,8.500,0.010000,48,0,NO,"""64,1,3072;64,1,3072""",FLOAT16;FLOAT16,ND;ND,"""64,1,3072""",FLOAT16,ND,N/A,0.0,0,0.0,0.0,0.0,0.0,0.0,0.0,0.0,0.0,0.0,0.0,0.0,5.954,514467,0.404,0.068,0.199,0.033,1.233,0.207,0.796,0.134,0.19,0.000
2,2,198,6,MatMul_64,MatMul,static,AI_CORE,1784812101651182.810	,12.180,0.000000,22,0,NO,"""64,3072;1024,3072""",FLOAT16;FLOAT16,ND;ND,"""64,1024""",FLOAT16,ND,N/A,9.996,395834,1.69,0.169,0.325,0.032,2.44,0.244,7.308,0.731,0.398,0.04,0.054,0.0,0,0.0,0.0,0.0,0.0,0.0,0.0,0.0,0.0,0.0,75.228
2,2,199,6,InplaceAddRmsNorm_25,InplaceAddRmsNorm,static,AI_VECTOR_CORE,1784812101651195.010	,6.740,0.070000,32,0,NO,"""64,1,1024;64,1,1024;1024""",FLOAT16;FLOAT16;FLOAT16,ND;ND;ND,"""64,1,1024;64,1,1;64,1,1024""",FLOAT16;FLOAT;FLOAT16,ND;ND;ND,N/A,0.0,0,0.0,0.0,0.0,0.0,0.0,0.0,0.0,0.0,0.0,0.0,0.0,3.829,220531,0.532,0.139,2.167,0.566,0.655,0.171,0.423,0.111,0.074,0.000
2,2,200,6,MatMul_65,MatMul,static,AI_CORE,1784812101651201.770	,12.340,0.010000,23,0,NO,"""64,1024;2560,1024""",FLOAT16;FLOAT16,ND;ND,"""64,2560""",FLOAT16,ND,N/A,9.814,406304,1.18,0.12,0.176,0.018,1.571,0.16,6.974,0.711,0.657,0.067,0.164,0.0,0,0.0,0.0,0.0,0.0,0.0,0.0,0.0,0.0,0.0,76.217
2,2,201,6,SplitV_15,SplitVD,static,AI_VECTOR_CORE,1784812101651214.130	,2.820,0.160000,2,0,NO,"""64,1,2560""",FLOAT16,ND,"""64,1,2048;64,1,256;64,1,256""",FLOAT16;FLOAT16;FLOAT16,ND;ND;ND,N/A,0.0,0,0.0,0.0,0.0,0.0,0.0,0.0,0.0,0.0,0.0,0.0,0.0,2.074,7466,0.008,0.004,0.104,0.05,0.826,0.398,0.939,0.453,0.2,0.000
2,2,202,6,Scatter_27,Scatter,static,AI_VECTOR_CORE,1784812101651216.990	,6.760,0.000000,43,0,NO,"""64,2,1024,128;64;64,2,1,128""",FLOAT16;INT64;FLOAT16,NCHW;NCHW;NCHW,"""64,2,1024,128""",FLOAT16,NCHW,N/A,0.0,0,0.0,0.0,0.0,0.0,0.0,0.0,0.0,0.0,0.0,0.0,0.0,3.751,290326,0.008,0.002,0.223,0.059,0.325,0.087,0.689,0.184,0.261,0.000
2,2,203,6,ApplyRotaryPosEmb_13,ApplyRotaryPosEmb,static,AI_VECTOR_CORE,1784812101651223.790	,10.320,0.000000,32,0,NO,"""64,1,16,128;64,1,2,128;64,1,1,128;64,1,1,128""",FLOAT16;FLOAT16;FLOAT16;FLOAT16,NCHW;NCHW;NCHW;NCHW,"""64,1,16,128;64,1,2,128""",FLOAT16;FLOAT16,NCHW;NCHW,N/A,0.0,0,0.0,0.0,0.0,0.0,0.0,0.0,0.0,0.0,0.0,0.0,0.0,8.255,475494,0.259,0.031,1.41,0.171,1.025,0.124,0.518,0.063,0.134,0.000
2,2,204,6,Scatter_26,Scatter,static,AI_VECTOR_CORE,1784812101651234.150	,3.580,0.180000,43,0,NO,"""64,2,1024,128;64;64,2,1,128""",FLOAT16;INT64;FLOAT16,NCHW;NCHW;NCHW,"""64,2,1024,128""",FLOAT16,NCHW,N/A,0.0,0,0.0,0.0,0.0,0.0,0.0,0.0,0.0,0.0,0.0,0.0,0.0,1.795,138908,0.008,0.004,0.635,0.354,0.168,0.094,0.933,0.52,0.039,0.000
2,2,205,6,IncreFlashAttention_13,IncreFlashAttention,static,MIX_AIC,1784812101651238.850	,68.380,0.920000,24,48,NO,"""64,16,1,128;64,2,1024,128;64,2,1024,128;64,1,1,1024""",FLOAT16;FLOAT16;FLOAT16;BOOL,NCHW;NCHW;NCHW;NCHW,"""64,16,1,128""",FLOAT16,NCHW,0,64.901,2803710,5.736,0.088,40.211,0.62,14.371,0.221,41.43,0.638,16.891,0.26,0.001,59.044,5101367,3.73,0.063,7.362,0.125,2.086,0.035,1.955,0.033,0.033,94.912
2,2,206,6,MatMul_66,MatMul,static,AI_CORE,1784812101651308.190	,8.520,1.120000,22,0,NO,"""64,2048;1024,2048""",FLOAT16;FLOAT16,ND;ND,"""64,1024""",FLOAT16,ND,N/A,6.597,261244,1.125,0.17,0.43,0.065,1.604,0.243,5.511,0.835,0.373,0.057,0.0,0.0,0,0.0,0.0,0.0,0.0,0.0,0.0,0.0,0.0,0.0,70.978
2,2,207,6,InplaceAddRmsNorm_26,InplaceAddRmsNorm,static,AI_VECTOR_CORE,1784812101651316.730	,8.460,0.000000,32,0,NO,"""64,1,1024;64,1,1024;1024""",FLOAT16;FLOAT16;FLOAT16,ND;ND;ND,"""64,1,1024;64,1,1;64,1,1024""",FLOAT16;FLOAT;FLOAT16,ND;ND;ND,N/A,0.0,0,0.0,0.0,0.0,0.0,0.0,0.0,0.0,0.0,0.0,0.0,0.0,5.507,317228,0.531,0.096,1.764,0.32,0.629,0.114,0.778,0.141,0.099,0.000
2,2,208,6,MatMul_67,MatMul,static,AI_CORE,1784812101651325.210	,12.140,0.040000,24,0,NO,"""64,1024;3072,1024""",FLOAT16;FLOAT16,ND;ND,"""64,3072""",FLOAT16,ND,N/A,9.851,425584,1.355,0.137,0.186,0.019,1.68,0.171,7.318,0.743,0.278,0.028,0.16,0.0,0,0.0,0.0,0.0,0.0,0.0,0.0,0.0,0.0,0.0,81.149
2,2,209,6,MatMul_68,MatMul,static,AI_CORE,1784812101651337.370	,8.640,0.000000,24,0,NO,"""64,1024;3072,1024""",FLOAT16;FLOAT16,ND;ND,"""64,3072""",FLOAT16,ND,N/A,6.523,281807,1.36,0.208,0.462,0.071,1.692,0.259,5.272,0.808,0.279,0.043,0.0,0.0,0,0.0,0.0,0.0,0.0,0.0,0.0,0.0,0.0,0.0,75.501
2,2,210,6,Swish_13Mul_16,AutomaticBufferFusionOp,static,AI_VECTOR_CORE,1784812101651346.030	,8.040,0.110000,48,0,NO,"""64,1,3072;64,1,3072""",FLOAT16;FLOAT16,ND;ND,"""64,1,3072""",FLOAT16,ND,N/A,0.0,0,0.0,0.0,0.0,0.0,0.0,0.0,0.0,0.0,0.0,0.0,0.0,6.02,520116,0.403,0.067,0.129,0.021,1.773,0.295,0.67,0.111,0.211,0.000
2,2,211,6,MatMul_69,MatMul,static,AI_CORE,1784812101651354.090	,13.740,0.000000,22,0,NO,"""64,3072;1024,3072""",FLOAT16;FLOAT16,ND;ND,"""64,1024""",FLOAT16,ND,N/A,11.643,461069,1.691,0.145,0.316,0.027,2.447,0.21,9.406,0.808,0.442,0.038,0.053,0.0,0,0.0,0.0,0.0,0.0,0.0,0.0,0.0,0.0,0.0,77.678
2,2,212,6,InplaceAddRmsNorm_27,InplaceAddRmsNorm,static,AI_VECTOR_CORE,1784812101651367.870	,6.700,0.010000,32,0,NO,"""64,1,1024;64,1,1024;1024""",FLOAT16;FLOAT16;FLOAT16,ND;ND;ND,"""64,1,1024;64,1,1;64,1,1024""",FLOAT16;FLOAT;FLOAT16,ND;ND;ND,N/A,0.0,0,0.0,0.0,0.0,0.0,0.0,0.0,0.0,0.0,0.0,0.0,0.0,3.817,219882,0.533,0.14,2.2,0.576,0.502,0.132,0.436,0.114,0.071,0.000
2,2,213,6,MatMul_70,MatMul,static,AI_CORE,1784812101651374.610	,12.280,0.050000,23,0,NO,"""64,1024;2560,1024""",FLOAT16;FLOAT16,ND;ND,"""64,2560""",FLOAT16,ND,N/A,10.005,414219,1.18,0.118,0.204,0.02,1.556,0.155,7.138,0.713,0.625,0.063,0.159,0.0,0,0.0,0.0,0.0,0.0,0.0,0.0,0.0,0.0,0.0,78.081
2,2,214,6,SplitV_16,SplitVD,static,AI_VECTOR_CORE,1784812101651386.910	,2.800,0.220000,2,0,NO,"""64,1,2560""",FLOAT16,ND,"""64,1,2048;64,1,256;64,1,256""",FLOAT16;FLOAT16;FLOAT16,ND;ND;ND,N/A,0.0,0,0.0,0.0,0.0,0.0,0.0,0.0,0.0,0.0,0.0,0.0,0.0,2.075,7470,0.008,0.004,0.124,0.06,0.823,0.396,0.937,0.452,0.231,0.000
2,2,215,6,Scatter_29,Scatter,static,AI_VECTOR_CORE,1784812101651389.730	,6.520,0.000000,43,0,NO,"""64,2,1024,128;64;64,2,1,128""",FLOAT16;INT64;FLOAT16,NCHW;NCHW;NCHW,"""64,2,1024,128""",FLOAT16,NCHW,N/A,0.0,0,0.0,0.0,0.0,0.0,0.0,0.0,0.0,0.0,0.0,0.0,0.0,3.571,276409,0.008,0.002,0.207,0.058,0.321,0.09,0.508,0.142,0.258,0.000
2,2,216,6,ApplyRotaryPosEmb_14,ApplyRotaryPosEmb,static,AI_VECTOR_CORE,1784812101651396.270	,10.240,0.000000,32,0,NO,"""64,1,16,128;64,1,2,128;64,1,1,128;64,1,1,128""",FLOAT16;FLOAT16;FLOAT16;FLOAT16,NCHW;NCHW;NCHW;NCHW,"""64,1,16,128;64,1,2,128""",FLOAT16;FLOAT16,NCHW;NCHW,N/A,0.0,0,0.0,0.0,0.0,0.0,0.0,0.0,0.0,0.0,0.0,0.0,0.0,8.362,481653,0.259,0.031,1.403,0.168,0.992,0.119,0.497,0.059,0.135,0.000
2,2,217,6,Scatter_28,Scatter,static,AI_VECTOR_CORE,1784812101651406.550	,3.800,0.010000,43,0,NO,"""64,2,1024,128;64;64,2,1,128""",FLOAT16;INT64;FLOAT16,NCHW;NCHW;NCHW,"""64,2,1024,128""",FLOAT16,NCHW,N/A,0.0,0,0.0,0.0,0.0,0.0,0.0,0.0,0.0,0.0,0.0,0.0,0.0,1.703,131797,0.008,0.005,0.659,0.387,0.162,0.095,0.823,0.483,0.037,0.000
2,2,218,6,IncreFlashAttention_14,IncreFlashAttention,static,MIX_AIC,1784812101651411.750	,70.020,1.450000,24,48,NO,"""64,16,1,128;64,2,1024,128;64,2,1024,128;64,1,1,1024""",FLOAT16;FLOAT16;FLOAT16;BOOL,NCHW;NCHW;NCHW;NCHW,"""64,16,1,128""",FLOAT16,NCHW,0,64.0,2764813,5.736,0.09,37.829,0.591,14.372,0.225,41.993,0.656,16.946,0.265,0.001,58.307,5037726,3.729,0.064,6.102,0.105,2.042,0.035,1.938,0.033,0.034,91.403
2,2,219,6,MatMul_71,MatMul,static,AI_CORE,1784812101651482.450	,8.380,0.730000,22,0,NO,"""64,2048;1024,2048""",FLOAT16;FLOAT16,ND;ND,"""64,1024""",FLOAT16,ND,N/A,6.27,248279,1.121,0.179,0.352,0.056,1.599,0.255,5.22,0.833,0.43,0.069,0.0,0.0,0,0.0,0.0,0.0,0.0,0.0,0.0,0.0,0.0,0.0,68.582
2,2,220,6,InplaceAddRmsNorm_28,InplaceAddRmsNorm,static,AI_VECTOR_CORE,1784812101651490.870	,8.060,0.000000,32,0,NO,"""64,1,1024;64,1,1024;1024""",FLOAT16;FLOAT16;FLOAT16,ND;ND;ND,"""64,1,1024;64,1,1;64,1,1024""",FLOAT16;FLOAT;FLOAT16,ND;ND;ND,N/A,0.0,0,0.0,0.0,0.0,0.0,0.0,0.0,0.0,0.0,0.0,0.0,0.0,5.284,304355,0.532,0.101,1.783,0.337,0.532,0.101,0.794,0.15,0.1,0.000
2,2,221,6,MatMul_72,MatMul,static,AI_CORE,1784812101651498.950	,11.280,0.190000,24,0,NO,"""64,1024;3072,1024""",FLOAT16;FLOAT16,ND;ND,"""64,3072""",FLOAT16,ND,N/A,8.729,377097,1.366,0.156,0.191,0.022,1.709,0.196,5.808,0.665,0.282,0.032,0.149,0.0,0,0.0,0.0,0.0,0.0,0.0,0.0,0.0,0.0,0.0,77.386
2,2,222,6,MatMul_73,MatMul,static,AI_CORE,1784812101651510.250	,9.160,0.000000,24,0,NO,"""64,1024;3072,1024""",FLOAT16;FLOAT16,ND;ND,"""64,3072""",FLOAT16,ND,N/A,6.627,286293,1.354,0.204,0.382,0.058,1.69,0.255,5.454,0.823,0.281,0.042,0.0,0.0,0,0.0,0.0,0.0,0.0,0.0,0.0,0.0,0.0,0.0,72.349
2,2,223,6,Swish_14Mul_17,AutomaticBufferFusionOp,static,AI_VECTOR_CORE,1784812101651519.430	,8.200,0.090000,48,0,NO,"""64,1,3072;64,1,3072""",FLOAT16;FLOAT16,ND;ND,"""64,1,3072""",FLOAT16,ND,N/A,0.0,0,0.0,0.0,0.0,0.0,0.0,0.0,0.0,0.0,0.0,0.0,0.0,6.057,523301,0.404,0.067,0.129,0.021,1.685,0.278,0.789,0.13,0.205,0.000
2,2,224,6,MatMul_74,MatMul,static,AI_CORE,1784812101651527.650	,14.040,0.050000,22,0,NO,"""64,3072;1024,3072""",FLOAT16;FLOAT16,ND;ND,"""64,1024""",FLOAT16,ND,N/A,11.773,466225,1.69,0.144,0.314,0.027,2.433,0.207,9.591,0.815,0.413,0.035,0.055,0.0,0,0.0,0.0,0.0,0.0,0.0,0.0,0.0,0.0,0.0,76.868
2,2,225,6,InplaceAddRmsNorm_29,InplaceAddRmsNorm,static,AI_VECTOR_CORE,1784812101651541.710	,8.060,0.000000,32,0,NO,"""64,1,1024;64,1,1024;1024""",FLOAT16;FLOAT16;FLOAT16,ND;ND;ND,"""64,1,1024;64,1,1;64,1,1024""",FLOAT16;FLOAT;FLOAT16,ND;ND;ND,N/A,0.0,0,0.0,0.0,0.0,0.0,0.0,0.0,0.0,0.0,0.0,0.0,0.0,4.251,244834,0.538,0.127,1.704,0.401,0.4,0.094,0.418,0.098,0.072,0.000
2,2,226,6,MatMul_75,MatMul,static,AI_CORE,1784812101651549.790	,10.680,0.000000,23,0,NO,"""64,1024;2560,1024""",FLOAT16;FLOAT16,ND;ND,"""64,2560""",FLOAT16,ND,N/A,8.573,354929,1.184,0.138,0.162,0.019,1.545,0.18,5.368,0.626,0.671,0.078,0.165,0.0,0,0.0,0.0,0.0,0.0,0.0,0.0,0.0,0.0,0.0,76.928
2,2,227,6,SplitV_17,SplitVD,static,AI_VECTOR_CORE,1784812101651560.490	,2.860,0.070000,2,0,NO,"""64,1,2560""",FLOAT16,ND,"""64,1,2048;64,1,256;64,1,256""",FLOAT16;FLOAT16;FLOAT16,ND;ND;ND,N/A,0.0,0,0.0,0.0,0.0,0.0,0.0,0.0,0.0,0.0,0.0,0.0,0.0,2.159,7771,0.008,0.004,0.104,0.048,0.829,0.384,0.925,0.428,0.231,0.000
2,2,228,6,Scatter_31,Scatter,static,AI_VECTOR_CORE,1784812101651563.370	,6.960,0.000000,43,0,NO,"""64,2,1024,128;64;64,2,1,128""",FLOAT16;INT64;FLOAT16,NCHW;NCHW;NCHW,"""64,2,1024,128""",FLOAT16,NCHW,N/A,0.0,0,0.0,0.0,0.0,0.0,0.0,0.0,0.0,0.0,0.0,0.0,0.0,3.658,283158,0.008,0.002,0.163,0.045,0.141,0.039,0.443,0.121,0.258,0.000
2,2,229,6,ApplyRotaryPosEmb_15,ApplyRotaryPosEmb,static,AI_VECTOR_CORE,1784812101651570.350	,9.700,0.040000,32,0,NO,"""64,1,16,128;64,1,2,128;64,1,1,128;64,1,1,128""",FLOAT16;FLOAT16;FLOAT16;FLOAT16,NCHW;NCHW;NCHW;NCHW,"""64,1,16,128;64,1,2,128""",FLOAT16;FLOAT16,NCHW;NCHW,N/A,0.0,0,0.0,0.0,0.0,0.0,0.0,0.0,0.0,0.0,0.0,0.0,0.0,7.061,406686,0.259,0.037,1.38,0.195,0.5,0.071,0.25,0.035,0.134,0.000
2,2,230,6,Scatter_30,Scatter,static,AI_VECTOR_CORE,1784812101651580.070	,3.120,0.050000,43,0,NO,"""64,2,1024,128;64;64,2,1,128""",FLOAT16;INT64;FLOAT16,NCHW;NCHW;NCHW,"""64,2,1024,128""",FLOAT16,NCHW,N/A,0.0,0,0.0,0.0,0.0,0.0,0.0,0.0,0.0,0.0,0.0,0.0,0.0,1.483,114771,0.008,0.005,0.538,0.363,0.277,0.186,0.607,0.41,0.04,0.000
2,2,231,6,IncreFlashAttention_15,IncreFlashAttention,static,MIX_AIC,1784812101651584.590	,69.800,1.380000,24,48,NO,"""64,16,1,128;64,2,1024,128;64,2,1024,128;64,1,1,1024""",FLOAT16;FLOAT16;FLOAT16;BOOL,NCHW;NCHW;NCHW;NCHW,"""64,16,1,128""",FLOAT16,NCHW,0,64.28,2776900,5.736,0.089,36.823,0.573,14.373,0.224,41.702,0.649,16.708,0.26,0.001,58.643,5066716,3.731,0.064,5.431,0.093,2.115,0.036,1.95,0.033,0.038,92.092
2,2,232,6,MatMul_76,MatMul,static,AI_CORE,1784812101651655.310	,8.840,0.950000,22,0,NO,"""64,2048;1024,2048""",FLOAT16;FLOAT16,ND;ND,"""64,1024""",FLOAT16,ND,N/A,6.625,262349,1.115,0.168,0.395,0.06,1.614,0.244,5.512,0.832,0.442,0.067,0.0,0.0,0,0.0,0.0,0.0,0.0,0.0,0.0,0.0,0.0,0.0,68.698
2,2,233,6,InplaceAddRmsNorm_30,InplaceAddRmsNorm,static,AI_VECTOR_CORE,1784812101651664.190	,8.200,0.160000,32,0,NO,"""64,1,1024;64,1,1024;1024""",FLOAT16;FLOAT16;FLOAT16,ND;ND;ND,"""64,1,1024;64,1,1;64,1,1024""",FLOAT16;FLOAT;FLOAT16,ND;ND;ND,N/A,0.0,0,0.0,0.0,0.0,0.0,0.0,0.0,0.0,0.0,0.0,0.0,0.0,5.363,308933,0.531,0.099,1.895,0.353,0.491,0.092,0.758,0.141,0.1,0.000
2,2,234,6,MatMul_77,MatMul,static,AI_CORE,1784812101651672.410	,12.360,0.050000,24,0,NO,"""64,1024;3072,1024""",FLOAT16;FLOAT16,ND;ND,"""64,3072""",FLOAT16,ND,N/A,9.524,411435,1.355,0.142,0.163,0.017,1.723,0.181,7.003,0.735,0.283,0.03,0.153,0.0,0,0.0,0.0,0.0,0.0,0.0,0.0,0.0,0.0,0.0,77.055
2,2,235,6,MatMul_78,MatMul,static,AI_CORE,1784812101651684.810	,9.040,0.000000,24,0,NO,"""64,1024;3072,1024""",FLOAT16;FLOAT16,ND;ND,"""64,3072""",FLOAT16,ND,N/A,6.263,270566,1.368,0.218,0.386,0.062,1.693,0.27,5.089,0.813,0.278,0.044,0.0,0.0,0,0.0,0.0,0.0,0.0,0.0,0.0,0.0,0.0,0.0,69.282
2,2,236,6,Swish_15Mul_18,AutomaticBufferFusionOp,static,AI_VECTOR_CORE,1784812101651693.870	,8.220,0.000000,48,0,NO,"""64,1,3072;64,1,3072""",FLOAT16;FLOAT16,ND;ND,"""64,1,3072""",FLOAT16,ND,N/A,0.0,0,0.0,0.0,0.0,0.0,0.0,0.0,0.0,0.0,0.0,0.0,0.0,5.98,516640,0.403,0.067,0.181,0.03,1.601,0.268,0.67,0.112,0.207,0.000
2,2,237,6,MatMul_79,MatMul,static,AI_CORE,1784812101651702.110	,12.420,0.030000,22,0,NO,"""64,3072;1024,3072""",FLOAT16;FLOAT16,ND;ND,"""64,1024""",FLOAT16,ND,N/A,10.278,407006,1.688,0.164,0.331,0.032,2.449,0.238,7.802,0.759,0.394,0.038,0.052,0.0,0,0.0,0.0,0.0,0.0,0.0,0.0,0.0,0.0,0.0,75.857
2,2,238,6,InplaceAddRmsNorm_31,InplaceAddRmsNorm,static,AI_VECTOR_CORE,1784812101651714.570	,6.680,0.080000,32,0,NO,"""64,1,1024;64,1,1024;1024""",FLOAT16;FLOAT16;FLOAT16,ND;ND;ND,"""64,1,1024;64,1,1;64,1,1024""",FLOAT16;FLOAT;FLOAT16,ND;ND;ND,N/A,0.0,0,0.0,0.0,0.0,0.0,0.0,0.0,0.0,0.0,0.0,0.0,0.0,4.116,237078,0.53,0.129,1.817,0.442,1.191,0.289,0.415,0.101,0.073,0.000
2,2,239,6,MatMul_80,MatMul,static,AI_CORE,1784812101651721.270	,11.760,0.070000,23,0,NO,"""64,1024;2560,1024""",FLOAT16;FLOAT16,ND;ND,"""64,2560""",FLOAT16,ND,N/A,9.504,393466,1.189,0.125,0.166,0.017,1.566,0.165,6.648,0.7,0.654,0.069,0.167,0.0,0,0.0,0.0,0.0,0.0,0.0,0.0,0.0,0.0,0.0,77.449
2,2,240,6,SplitV_18,SplitVD,static,AI_VECTOR_CORE,1784812101651733.050	,2.800,0.000000,2,0,NO,"""64,1,2560""",FLOAT16,ND,"""64,1,2048;64,1,256;64,1,256""",FLOAT16;FLOAT16;FLOAT16,ND;ND;ND,N/A,0.0,0,0.0,0.0,0.0,0.0,0.0,0.0,0.0,0.0,0.0,0.0,0.0,2.038,7338,0.008,0.004,0.105,0.051,0.823,0.404,0.914,0.448,0.216,0.000
2,2,241,6,Scatter_33,Scatter,static,AI_VECTOR_CORE,1784812101651735.870	,6.680,0.000000,43,0,NO,"""64,2,1024,128;64;64,2,1,128""",FLOAT16;INT64;FLOAT16,NCHW;NCHW;NCHW,"""64,2,1024,128""",FLOAT16,NCHW,N/A,0.0,0,0.0,0.0,0.0,0.0,0.0,0.0,0.0,0.0,0.0,0.0,0.0,3.498,270720,0.008,0.002,0.167,0.048,0.327,0.093,0.443,0.127,0.257,0.000
2,2,242,6,ApplyRotaryPosEmb_16,ApplyRotaryPosEmb,static,AI_VECTOR_CORE,1784812101651742.570	,10.280,0.070000,32,0,NO,"""64,1,16,128;64,1,2,128;64,1,1,128;64,1,1,128""",FLOAT16;FLOAT16;FLOAT16;FLOAT16,NCHW;NCHW;NCHW;NCHW,"""64,1,16,128;64,1,2,128""",FLOAT16;FLOAT16,NCHW;NCHW,N/A,0.0,0,0.0,0.0,0.0,0.0,0.0,0.0,0.0,0.0,0.0,0.0,0.0,8.333,479963,0.259,0.031,1.412,0.169,0.931,0.112,0.489,0.059,0.135,0.000
2,2,243,6,Scatter_32,Scatter,static,AI_VECTOR_CORE,1784812101651752.870	,4.100,0.000000,43,0,NO,"""64,2,1024,128;64;64,2,1,128""",FLOAT16;INT64;FLOAT16,NCHW;NCHW;NCHW,"""64,2,1024,128""",FLOAT16,NCHW,N/A,0.0,0,0.0,0.0,0.0,0.0,0.0,0.0,0.0,0.0,0.0,0.0,0.0,1.943,150373,0.008,0.004,1.221,0.628,0.139,0.071,0.541,0.278,0.035,0.000
2,2,244,6,IncreFlashAttention_16,IncreFlashAttention,static,MIX_AIC,1784812101651758.110	,68.160,1.150000,24,48,NO,"""64,16,1,128;64,2,1024,128;64,2,1024,128;64,1,1,1024""",FLOAT16;FLOAT16;FLOAT16;BOOL,NCHW;NCHW;NCHW;NCHW,"""64,16,1,128""",FLOAT16,NCHW,0,63.885,2759814,5.736,0.09,36.753,0.575,14.371,0.225,42.139,0.66,16.828,0.263,0.001,58.243,5032219,3.729,0.064,5.927,0.102,1.837,0.032,1.948,0.033,0.033,93.727
2,2,245,6,MatMul_81,MatMul,static,AI_CORE,1784812101651826.990	,8.820,0.840000,22,0,NO,"""64,2048;1024,2048""",FLOAT16;FLOAT16,ND;ND,"""64,1024""",FLOAT16,ND,N/A,6.359,251807,1.127,0.177,0.916,0.144,1.598,0.251,4.814,0.757,0.392,0.062,0.0,0.0,0,0.0,0.0,0.0,0.0,0.0,0.0,0.0,0.0,0.0,66.087
2,2,246,6,InplaceAddRmsNorm_32,InplaceAddRmsNorm,static,AI_VECTOR_CORE,1784812101651835.830	,8.460,0.000000,32,0,NO,"""64,1,1024;64,1,1024;1024""",FLOAT16;FLOAT16;FLOAT16,ND;ND;ND,"""64,1,1024;64,1,1;64,1,1024""",FLOAT16;FLOAT;FLOAT16,ND;ND;ND,N/A,0.0,0,0.0,0.0,0.0,0.0,0.0,0.0,0.0,0.0,0.0,0.0,0.0,5.569,320784,0.532,0.095,1.838,0.33,0.557,0.1,0.683,0.123,0.099,0.000
2,2,247,6,MatMul_82,MatMul,static,AI_CORE,1784812101651844.310	,10.920,0.040000,24,0,NO,"""64,1024;3072,1024""",FLOAT16;FLOAT16,ND;ND,"""64,3072""",FLOAT16,ND,N/A,8.639,373218,1.349,0.156,0.162,0.019,1.701,0.197,5.881,0.681,0.276,0.032,0.154,0.0,0,0.0,0.0,0.0,0.0,0.0,0.0,0.0,0.0,0.0,79.115
2,2,248,6,MatMul_83,MatMul,static,AI_CORE,1784812101651855.250	,8.860,0.080000,24,0,NO,"""64,1024;3072,1024""",FLOAT16;FLOAT16,ND;ND,"""64,3072""",FLOAT16,ND,N/A,6.511,281264,1.364,0.21,0.387,0.06,1.699,0.261,5.335,0.819,0.281,0.043,0.0,0.0,0,0.0,0.0,0.0,0.0,0.0,0.0,0.0,0.0,0.0,73.485
2,2,249,6,Swish_16Mul_19,AutomaticBufferFusionOp,static,AI_VECTOR_CORE,1784812101651864.130	,8.100,0.140000,48,0,NO,"""64,1,3072;64,1,3072""",FLOAT16;FLOAT16,ND;ND,"""64,1,3072""",FLOAT16,ND,N/A,0.0,0,0.0,0.0,0.0,0.0,0.0,0.0,0.0,0.0,0.0,0.0,0.0,6.011,519364,0.404,0.067,0.129,0.021,1.659,0.276,0.798,0.133,0.211,0.000
2,2,250,6,MatMul_84,MatMul,static,AI_CORE,1784812101651872.270	,13.860,0.000000,22,0,NO,"""64,3072;1024,3072""",FLOAT16;FLOAT16,ND;ND,"""64,1024""",FLOAT16,ND,N/A,11.886,470673,1.691,0.142,0.337,0.028,2.439,0.205,9.669,0.813,0.39,0.033,0.052,0.0,0,0.0,0.0,0.0,0.0,0.0,0.0,0.0,0.0,0.0,78.609
2,2,251,6,InplaceAddRmsNorm_33,InplaceAddRmsNorm,static,AI_VECTOR_CORE,1784812101651886.150	,8.560,0.140000,32,0,NO,"""64,1,1024;64,1,1024;1024""",FLOAT16;FLOAT16;FLOAT16,ND;ND;ND,"""64,1,1024;64,1,1;64,1,1024""",FLOAT16;FLOAT;FLOAT16,ND;ND;ND,N/A,0.0,0,0.0,0.0,0.0,0.0,0.0,0.0,0.0,0.0,0.0,0.0,0.0,4.606,265282,0.537,0.117,1.984,0.431,0.328,0.071,0.446,0.097,0.07,0.000
2,2,252,6,MatMul_85,MatMul,static,AI_CORE,1784812101651894.730	,11.220,0.000000,23,0,NO,"""64,1024;2560,1024""",FLOAT16;FLOAT16,ND;ND,"""64,2560""",FLOAT16,ND,N/A,8.3,343619,1.182,0.142,0.164,0.02,1.553,0.187,5.178,0.624,0.664,0.08,0.168,0.0,0,0.0,0.0,0.0,0.0,0.0,0.0,0.0,0.0,0.0,70.893
2,2,253,6,SplitV_19,SplitVD,static,AI_VECTOR_CORE,1784812101651905.970	,2.960,0.030000,2,0,NO,"""64,1,2560""",FLOAT16,ND,"""64,1,2048;64,1,256;64,1,256""",FLOAT16;FLOAT16;FLOAT16,ND;ND;ND,N/A,0.0,0,0.0,0.0,0.0,0.0,0.0,0.0,0.0,0.0,0.0,0.0,0.0,2.233,8038,0.008,0.003,0.153,0.069,0.821,0.368,0.963,0.431,0.231,0.000
2,2,254,6,Scatter_35,Scatter,static,AI_VECTOR_CORE,1784812101651908.950	,6.920,0.040000,43,0,NO,"""64,2,1024,128;64;64,2,1,128""",FLOAT16;INT64;FLOAT16,NCHW;NCHW;NCHW,"""64,2,1024,128""",FLOAT16,NCHW,N/A,0.0,0,0.0,0.0,0.0,0.0,0.0,0.0,0.0,0.0,0.0,0.0,0.0,3.489,270019,0.008,0.002,0.162,0.047,0.123,0.035,0.453,0.13,0.259,0.000
2,2,255,6,ApplyRotaryPosEmb_17,ApplyRotaryPosEmb,static,AI_VECTOR_CORE,1784812101651915.910	,9.820,0.080000,32,0,NO,"""64,1,16,128;64,1,2,128;64,1,1,128;64,1,1,128""",FLOAT16;FLOAT16;FLOAT16;FLOAT16,NCHW;NCHW;NCHW;NCHW,"""64,1,16,128;64,1,2,128""",FLOAT16;FLOAT16,NCHW;NCHW,N/A,0.0,0,0.0,0.0,0.0,0.0,0.0,0.0,0.0,0.0,0.0,0.0,0.0,7.105,409276,0.258,0.036,1.389,0.195,0.467,0.066,0.244,0.034,0.137,0.000
2,2,256,6,Scatter_34,Scatter,static,AI_VECTOR_CORE,1784812101651925.750	,4.100,0.000000,43,0,NO,"""64,2,1024,128;64;64,2,1,128""",FLOAT16;INT64;FLOAT16,NCHW;NCHW;NCHW,"""64,2,1024,128""",FLOAT16,NCHW,N/A,0.0,0,0.0,0.0,0.0,0.0,0.0,0.0,0.0,0.0,0.0,0.0,0.0,2.28,176437,0.008,0.003,1.232,0.541,0.137,0.06,0.853,0.374,0.04,0.000
2,2,257,6,IncreFlashAttention_17,IncreFlashAttention,static,MIX_AIC,1784812101651930.970	,69.260,1.150000,24,48,NO,"""64,16,1,128;64,2,1024,128;64,2,1024,128;64,1,1,1024""",FLOAT16;FLOAT16;FLOAT16;BOOL,NCHW;NCHW;NCHW;NCHW,"""64,16,1,128""",FLOAT16,NCHW,0,64.232,2774835,5.736,0.089,36.516,0.568,14.373,0.224,41.988,0.654,16.93,0.264,0.001,58.617,5064468,3.731,0.064,4.756,0.081,2.121,0.036,1.955,0.033,0.037,92.741
2,2,258,6,MatMul_86,MatMul,static,AI_CORE,1784812101652001.110	,9.660,0.740000,22,0,NO,"""64,2048;1024,2048""",FLOAT16;FLOAT16,ND;ND,"""64,1024""",FLOAT16,ND,N/A,7.634,302314,1.124,0.147,0.871,0.114,1.598,0.209,6.111,0.8,0.406,0.053,0.0,0.0,0,0.0,0.0,0.0,0.0,0.0,0.0,0.0,0.0,0.0,72.443
2,2,259,6,InplaceAddRmsNorm_34,InplaceAddRmsNorm,static,AI_VECTOR_CORE,1784812101652010.810	,8.300,0.090000,32,0,NO,"""64,1,1024;64,1,1024;1024""",FLOAT16;FLOAT16;FLOAT16,ND;ND;ND,"""64,1,1024;64,1,1;64,1,1024""",FLOAT16;FLOAT;FLOAT16,ND;ND;ND,N/A,0.0,0,0.0,0.0,0.0,0.0,0.0,0.0,0.0,0.0,0.0,0.0,0.0,5.421,312268,0.531,0.098,1.848,0.341,0.683,0.126,0.748,0.138,0.099,0.000
2,2,260,6,MatMul_87,MatMul,static,AI_CORE,1784812101652019.130	,11.400,0.200000,24,0,NO,"""64,1024;3072,1024""",FLOAT16;FLOAT16,ND;ND,"""64,3072""",FLOAT16,ND,N/A,9.64,416436,1.357,0.141,0.162,0.017,1.711,0.178,7.118,0.738,0.285,0.03,0.158,0.0,0,0.0,0.0,0.0,0.0,0.0,0.0,0.0,0.0,0.0,84.559
2,2,261,6,MatMul_88,MatMul,static,AI_CORE,1784812101652030.550	,8.980,0.000000,24,0,NO,"""64,1024;3072,1024""",FLOAT16;FLOAT16,ND;ND,"""64,3072""",FLOAT16,ND,N/A,6.49,280353,1.369,0.211,0.432,0.067,1.706,0.263,5.27,0.812,0.278,0.043,0.0,0.0,0,0.0,0.0,0.0,0.0,0.0,0.0,0.0,0.0,0.0,72.268
2,2,262,6,Swish_17Mul_20,AutomaticBufferFusionOp,static,AI_VECTOR_CORE,1784812101652039.550	,8.460,0.020000,48,0,NO,"""64,1,3072;64,1,3072""",FLOAT16;FLOAT16,ND;ND,"""64,1,3072""",FLOAT16,ND,N/A,0.0,0,0.0,0.0,0.0,0.0,0.0,0.0,0.0,0.0,0.0,0.0,0.0,5.878,507840,0.403,0.069,0.129,0.022,1.443,0.246,0.632,0.107,0.209,0.000
2,2,263,6,MatMul_89,MatMul,static,AI_CORE,1784812101652048.030	,11.940,0.040000,22,0,NO,"""64,3072;1024,3072""",FLOAT16;FLOAT16,ND;ND,"""64,1024""",FLOAT16,ND,N/A,9.951,394061,1.684,0.169,0.318,0.032,2.435,0.245,7.45,0.749,0.435,0.044,0.052,0.0,0,0.0,0.0,0.0,0.0,0.0,0.0,0.0,0.0,0.0,76.397
2,2,264,6,InplaceAddRmsNorm_35,InplaceAddRmsNorm,static,AI_VECTOR_CORE,1784812101652059.990	,10.760,0.060000,32,0,NO,"""64,1,1024;64,1,1024;1024""",FLOAT16;FLOAT16;FLOAT16,ND;ND;ND,"""64,1,1024;64,1,1;64,1,1024""",FLOAT16;FLOAT;FLOAT16,ND;ND;ND,N/A,0.0,0,0.0,0.0,0.0,0.0,0.0,0.0,0.0,0.0,0.0,0.0,0.0,7.873,453483,0.57,0.072,1.897,0.241,0.498,0.063,0.602,0.076,0.167,0.000
2,2,265,6,MatMul_90,MatMul,static,AI_CORE,1784812101652070.770	,158.360,0.000000,24,0,NO,"""64,1024;103424,1024""",FLOAT16;FLOAT16,ND;ND,"""64,103424""",FLOAT16,ND,N/A,149.993,6479719,43.559,0.29,3.324,0.022,47.208,0.315,146.925,0.98,9.102,0.061,0.006,0.0,0,0.0,0.0,0.0,0.0,0.0,0.0,0.0,0.0,0.0,94.717
2,4294967295,858,3,aclnnInplaceCopy_CastAiCore_Cast,Cast,dynamic,AI_VECTOR_CORE,1784812101652246.350	,14.520,17.140000,48,0,NO,"""64,103424""",FLOAT16,ND,"""64,103424""",FLOAT,ND,N/A,0.0,0,0.0,0.0,0.0,0.0,0.0,0.0,0.0,0.0,0.0,0.0,0.0,12.711,1098211,1.432,0.113,2.391,0.188,5.854,0.461,7.232,0.569,0.043,0.000
2,4294967295,859,3,aclnnArgMax_ArgMaxV2AiCore_ArgMaxV2,ArgMaxV2,dynamic,AI_VECTOR_CORE,1784812101652260.890	,31.060,0.230000,32,0,NO,"""64,103424;""",FLOAT;INT64,ND;ND,"""64,1""",INT32,ND,N/A,0.0,0,0.0,0.0,0.0,0.0,0.0,0.0,0.0,0.0,0.0,0.0,0.0,28.411,1636500,14.756,0.519,3.182,0.112,8.164,0.287,0.142,0.005,0.037,0.000
2,4294967295,860,3,aclnnArgMax_CastAiCore_Cast,Cast,dynamic,AI_VECTOR_CORE,1784812101652291.970	,1.240,0.000000,1,0,NO,"""64,1""",INT32,ND,"""64,1""",INT64,ND,N/A,0.0,0,0.0,0.0,0.0,0.0,0.0,0.0,0.0,0.0,0.0,0.0,0.0,0.76,1368,0.023,0.031,0.278,0.366,0.098,0.129,0.132,0.173,0.162,0.000
2,4294967295,862,3,aclnnInplaceFillScalar_FillAiCore_Fill,Fill,dynamic,AI_VECTOR_CORE,1784812101652293.390	,2.080,0.260000,1,0,NO,"""2;""",INT64;INT64,ND;ND,"""64,1""",INT64,ND,N/A,0.0,0,0.0,0.0,0.0,0.0,0.0,0.0,0.0,0.0,0.0,0.0,0.0,1.568,2823,0.128,0.082,0.482,0.307,0.264,0.168,0.131,0.083,0.134,0.000
2,4294967295,863,3,aclnnSWhere_SelectV2AiCore_SelectV2,SelectV2,dynamic,AI_VECTOR_CORE,1784812101652295.490	,2.180,0.000000,1,0,NO,"""64,1;64,1;64,1""",BOOL;INT64;INT64,ND;ND;ND,"""64,1""",INT64,ND,N/A,0.0,0,0.0,0.0,0.0,0.0,0.0,0.0,0.0,0.0,0.0,0.0,0.0,1.701,3061,0.117,0.069,0.417,0.245,0.418,0.246,0.126,0.074,0.205,0.000
2,4294967295,864,3,aclnnAdds_AddAiCore_Add,Add,dynamic,AI_VECTOR_CORE,1784812101652297.710	,2.900,0.070000,1,0,NO,"""64;""",INT64;INT64,ND;ND,"""64""",INT64,ND,N/A,0.0,0,0.0,0.0,0.0,0.0,0.0,0.0,0.0,0.0,0.0,0.0,0.0,2.389,4301,0.37,0.155,0.604,0.253,0.486,0.203,0.137,0.057,0.167,0.000
2,4294967295,865,3,aclnnInplaceZero_ZerosLikeAiCore_ZerosLike,ZerosLike,dynamic,AI_VECTOR_CORE,1784812101652300.770	,1.860,0.100000,1,0,NO,"""64""",INT64,ND,"""64""",INT64,ND,N/A,0.0,0,0.0,0.0,0.0,0.0,0.0,0.0,0.0,0.0,0.0,0.0,0.0,1.368,2462,0.091,0.067,0.35,0.256,0.001,0.001,0.119,0.087,0.172,0.000
2,4294967295,866,3,aclnnSWhere_SelectV2AiCore_SelectV2,SelectV2,dynamic,AI_VECTOR_CORE,1784812101652302.650	,1.760,0.140000,1,0,NO,"""64;64;64""",BOOL;INT64;INT64,ND;ND;ND,"""64""",INT64,ND,N/A,0.0,0,0.0,0.0,0.0,0.0,0.0,0.0,0.0,0.0,0.0,0.0,0.0,1.234,2221,0.11,0.089,0.456,0.37,0.315,0.255,0.118,0.095,0.205,0.000
2,2,869,3,UpdateModelParam_static_bin,Data,dynamic,AI_VECTOR_CORE,1784812101652307.470	,3.880,2.990000,1,0,NO,N/A,N/A,N/A,N/A,N/A,N/A,N/A,0.0,0,0.0,0.0,0.0,0.0,0.0,0.0,0.0,0.0,0.0,0.0,0.0,3.376,6077,0.981,0.291,1.646,0.488,0.582,0.172,0.176,0.052,0.151,0.000
2,2,0,6,Range,Range,static,AI_VECTOR_CORE,1784812101652328.390	,8.320,17.120000,48,0,NO,""";;""",INT32;FLOAT;INT32,NCHW;NCHW;NCHW,"""1024""",FLOAT,NCHW,N/A,0.0,0,0.0,0.0,0.0,0.0,0.0,0.0,0.0,0.0,0.0,0.0,0.0,4.352,376006,0.071,0.016,0.296,0.068,0.001,0.0,0.151,0.035,0.218,0.000
2,2,1,6,Cast,Cast,static,AI_VECTOR_CORE,1784812101652336.730	,1.380,0.000000,2,0,NO,"""1024""",FLOAT,NCHW,"""1024""",INT64,NCHW,N/A,0.0,0,0.0,0.0,0.0,0.0,0.0,0.0,0.0,0.0,0.0,0.0,0.0,0.704,2536,0.031,0.044,0.123,0.175,0.108,0.153,0.134,0.191,0.28,0.000
2,2,2,6,GatherV2,GatherV2,static,AI_VECTOR_CORE,1784812101652338.130	,6.540,0.120000,32,0,NO,"""103424,1024;64,1;1""",FLOAT16;INT64;INT64,ND;ND;ND,"""64,1,1024""",FLOAT16,ND,N/A,0.0,0,0.0,0.0,0.0,0.0,0.0,0.0,0.0,0.0,0.0,0.0,0.0,3.708,213590,0.049,0.013,0.162,0.044,0.682,0.184,0.375,0.101,0.186,0.000
2,2,3,6,RmsNorm,RmsNorm,static,AI_VECTOR_CORE,1784812101652344.690	,10.020,0.000000,32,0,NO,"""64,1,1024;1024""",FLOAT16;FLOAT16,ND;ND,"""64,1,1024;64,1,1""",FLOAT16;FLOAT,ND;ND,N/A,0.0,0,0.0,0.0,0.0,0.0,0.0,0.0,0.0,0.0,0.0,0.0,0.0,7.22,415885,0.861,0.119,1.833,0.254,0.3,0.041,0.295,0.041,0.168,0.000
2,2,4,6,MatMul,MatMul,static,AI_CORE,1784812101652354.730	,11.040,0.000000,23,0,NO,"""64,1024;2560,1024""",FLOAT16;FLOAT16,ND;ND,"""64,2560""",FLOAT16,ND,N/A,9.187,380357,1.177,0.128,0.17,0.019,1.526,0.166,5.936,0.646,0.767,0.083,0.197,0.0,0,0.0,0.0,0.0,0.0,0.0,0.0,0.0,0.0,0.0,79.751
2,2,5,6,SplitV_2,SplitVD,static,AI_VECTOR_CORE,1784812101652365.790	,3.860,0.000000,2,0,NO,"""64,1,2560""",FLOAT16,ND,"""64,1,2048;64,1,256;64,1,256""",FLOAT16;FLOAT16;FLOAT16,ND;ND;ND,N/A,0.0,0,0.0,0.0,0.0,0.0,0.0,0.0,0.0,0.0,0.0,0.0,0.0,3.15,11339,0.008,0.002,0.152,0.048,1.124,0.357,1.578,0.501,0.231,0.000
2,2,6,6,Add,Add,static,AI_VECTOR_CORE,1784812101652369.690	,1.460,0.140000,1,0,NO,"""64,1;64,1""",INT64;INT64,NCHW;NCHW,"""64,1""",INT64,NCHW,N/A,0.0,0,0.0,0.0,0.0,0.0,0.0,0.0,0.0,0.0,0.0,0.0,0.0,0.953,1715,0.193,0.203,0.157,0.165,0.235,0.247,0.119,0.125,0.217,0.000
2,2,7,6,BroadcastTo,BroadcastTo,static,AI_VECTOR_CORE,1784812101652371.170	,1.120,0.040000,1,0,NO,"""1,64,1;3""",INT64;INT64,NCHW;NCHW,"""3,64,1""",INT64,NCHW,N/A,0.0,0,0.0,0.0,0.0,0.0,0.0,0.0,0.0,0.0,0.0,0.0,0.0,0.607,1093,0.019,0.032,0.124,0.204,0.112,0.184,0.112,0.184,0.238,0.000
2,2,8,6,Cast_1,Cast,static,AI_VECTOR_CORE,1784812101652372.310	,1.140,0.000000,1,0,NO,"""3,64,1,1""",INT64,NCHW,"""3,64,1,1""",FLOAT,NCHW,N/A,0.0,0,0.0,0.0,0.0,0.0,0.0,0.0,0.0,0.0,0.0,0.0,0.0,0.616,1109,0.021,0.034,0.104,0.17,0.106,0.171,0.144,0.234,0.263,0.000
2,2,9,6,Scatter_1,Scatter,static,AI_VECTOR_CORE,1784812101652373.470	,7.000,0.110000,43,0,NO,"""64,2,1024,128;64;64,2,1,128""",FLOAT16;INT64;FLOAT16,NCHW;NCHW;NCHW,"""64,2,1024,128""",FLOAT16,NCHW,N/A,0.0,0,0.0,0.0,0.0,0.0,0.0,0.0,0.0,0.0,0.0,0.0,0.0,3.773,292038,0.008,0.002,0.167,0.044,0.114,0.03,0.543,0.144,0.251,0.000
2,2,10,6,BroadcastTo_1,BroadcastTo,static,AI_VECTOR_CORE,1784812101652380.490	,7.040,0.000000,48,0,NO,"""1,1,64,1;4""",FLOAT;INT64,NCHW;NCHW,"""3,64,64,1""",FLOAT,NCHW,N/A,0.0,0,0.0,0.0,0.0,0.0,0.0,0.0,0.0,0.0,0.0,0.0,0.0,3.532,305173,0.023,0.007,0.121,0.034,0.109,0.031,0.338,0.096,0.258,0.000
2,2,11,6,Mul,Mul,static,AI_VECTOR_CORE,1784812101652387.550	,7.240,0.000000,48,0,NO,"""3,64,64,1;3,64,1,1""",FLOAT;FLOAT,NCHW;NCHW,"""3,64,64,1""",FLOAT,NCHW,N/A,0.0,0,0.0,0.0,0.0,0.0,0.0,0.0,0.0,0.0,0.0,0.0,0.0,3.703,319916,0.048,0.013,0.124,0.034,0.223,0.06,0.32,0.086,0.223,0.000
2,2,12,6,ConcatV2,ConcatV2D,static,AI_VECTOR_CORE,1784812101652394.810	,2.100,0.010000,1,0,NO,"""3,64,1,64;3,64,1,64""",FLOAT;FLOAT,NCHW;NCHW,"""3,64,1,128""",FLOAT,NCHW,N/A,0.0,0,0.0,0.0,0.0,0.0,0.0,0.0,0.0,0.0,0.0,0.0,0.0,1.612,2902,0.241,0.149,0.133,0.082,0.554,0.344,0.598,0.371,0.261,0.000
2,2,13,6,Cos,Cos,static,AI_VECTOR_CORE,1784812101652396.930	,5.940,0.150000,24,0,NO,"""3,64,1,128""",FLOAT,NCHW,"""3,64,1,128""",FLOAT,NCHW,N/A,0.0,0,0.0,0.0,0.0,0.0,0.0,0.0,0.0,0.0,0.0,0.0,0.0,3.446,148883,0.989,0.287,0.149,0.043,0.225,0.065,0.144,0.042,0.203,0.000
2,2,14,6,Mul_1Cast_5,Mul,static,AI_VECTOR_CORE,1784812101652402.890	,5.000,0.060000,24,0,NO,"""3,64,1,128;""",FLOAT;FLOAT,NCHW;NCHW,"""3,64,1,128""",FLOAT16,NCHW,N/A,0.0,0,0.0,0.0,0.0,0.0,0.0,0.0,0.0,0.0,0.0,0.0,0.0,2.578,111382,0.048,0.019,0.138,0.054,0.286,0.111,0.233,0.09,0.197,0.000
2,2,15,6,Sin,Sin,static,AI_VECTOR_CORE,1784812101652407.910	,5.740,0.000000,24,0,NO,"""3,64,1,128""",FLOAT,NCHW,"""3,64,1,128""",FLOAT,NCHW,N/A,0.0,0,0.0,0.0,0.0,0.0,0.0,0.0,0.0,0.0,0.0,0.0,0.0,3.4,146869,0.932,0.274,0.172,0.051,0.244,0.072,0.19,0.056,0.2,0.000
2,2,16,6,Mul_2Cast_6,Mul,static,AI_VECTOR_CORE,1784812101652413.670	,1.820,0.010000,24,0,NO,"""3,64,1,128;""",FLOAT;FLOAT,NCHW;NCHW,"""3,64,1,128""",FLOAT16,NCHW,N/A,0.0,0,0.0,0.0,0.0,0.0,0.0,0.0,0.0,0.0,0.0,0.0,0.0,0.72,31083,0.047,0.065,0.35,0.487,0.158,0.22,0.131,0.182,0.0,0.000
2,2,17,6,SplitV,SplitVD,static,AI_VECTOR_CORE,1784812101652415.530	,4.140,0.000000,1,0,NO,"""3,64,1,128""",FLOAT16,NCHW,"""3,64,1,16;3,64,1,24;3,64,1,24;3,64,1,16;3,64,1,24;3,64,1,24""",FLOAT16;FLOAT16;FLOAT16;FLOAT16;FLOAT16;FLOAT16,NCHW;NCHW;NCHW;NCHW;NCHW;NCHW,N/A,0.0,0,0.0,0.0,0.0,0.0,0.0,0.0,0.0,0.0,0.0,0.0,0.0,3.674,6613,2.234,0.608,0.308,0.084,0.341,0.093,0.948,0.258,0.171,0.000
2,2,18,6,GatherV2_1,GatherV2,static,AI_VECTOR_CORE,1784812101652419.690	,7.320,0.110000,47,0,NO,"""3,64,1,16;;1""",FLOAT16;INT64;INT64,NCHW;NCHW;NCHW,"""64,1,16""",FLOAT16,NCHW,N/A,0.0,0,0.0,0.0,0.0,0.0,0.0,0.0,0.0,0.0,0.0,0.0,0.0,3.671,310585,0.049,0.013,0.156,0.043,0.218,0.059,0.146,0.04,0.175,0.000
2,2,19,6,GatherV2_4,GatherV2,static,AI_VECTOR_CORE,1784812101652427.030	,5.380,0.000000,47,0,NO,"""3,64,1,16;;1""",FLOAT16;INT64;INT64,NCHW;NCHW;NCHW,"""64,1,16""",FLOAT16,NCHW,N/A,0.0,0,0.0,0.0,0.0,0.0,0.0,0.0,0.0,0.0,0.0,0.0,0.0,3.43,290156,0.049,0.014,1.389,0.405,1.735,0.506,0.24,0.07,0.004,0.000
2,2,20,6,GatherV2_2,GatherV2,static,AI_VECTOR_CORE,1784812101652432.430	,7.220,0.120000,48,0,NO,"""3,64,1,24;;1""",FLOAT16;INT64;INT64,NCHW;NCHW;NCHW,"""64,1,24""",FLOAT16,NCHW,N/A,0.0,0,0.0,0.0,0.0,0.0,0.0,0.0,0.0,0.0,0.0,0.0,0.0,3.458,298783,0.058,0.017,0.154,0.044,0.17,0.049,0.121,0.035,0.171,0.000
2,2,21,6,GatherV2_3,GatherV2,static,AI_VECTOR_CORE,1784812101652439.690	,4.060,0.030000,48,0,NO,"""3,64,1,24;;1""",FLOAT16;INT64;INT64,NCHW;NCHW;NCHW,"""64,1,24""",FLOAT16,NCHW,N/A,0.0,0,0.0,0.0,0.0,0.0,0.0,0.0,0.0,0.0,0.0,0.0,0.0,1.736,150031,0.058,0.033,1.398,0.805,0.126,0.073,0.112,0.064,0.0,0.000
2,2,22,6,GatherV2_5,GatherV2,static,AI_VECTOR_CORE,1784812101652443.770	,2.860,0.000000,48,0,NO,"""3,64,1,24;;1""",FLOAT16;INT64;INT64,NCHW;NCHW;NCHW,"""64,1,24""",FLOAT16,NCHW,N/A,0.0,0,0.0,0.0,0.0,0.0,0.0,0.0,0.0,0.0,0.0,0.0,0.0,1.127,97333,0.058,0.051,0.608,0.54,0.293,0.26,0.123,0.109,0.0,0.000
2,2,23,6,GatherV2_6,GatherV2,static,AI_VECTOR_CORE,1784812101652446.650	,4.080,0.140000,48,0,NO,"""3,64,1,24;;1""",FLOAT16;INT64;INT64,NCHW;NCHW;NCHW,"""64,1,24""",FLOAT16,NCHW,N/A,0.0,0,0.0,0.0,0.0,0.0,0.0,0.0,0.0,0.0,0.0,0.0,0.0,1.732,149620,0.058,0.033,1.396,0.806,0.123,0.071,0.113,0.065,0.0,0.000
2,2,24,6,SplitV_1,SplitVD,static,AI_VECTOR_CORE,1784812101652450.750	,4.060,0.000000,1,0,NO,"""3,64,1,128""",FLOAT16,NCHW,"""3,64,1,16;3,64,1,24;3,64,1,24;3,64,1,16;3,64,1,24;3,64,1,24""",FLOAT16;FLOAT16;FLOAT16;FLOAT16;FLOAT16;FLOAT16,NCHW;NCHW;NCHW;NCHW;NCHW;NCHW,N/A,0.0,0,0.0,0.0,0.0,0.0,0.0,0.0,0.0,0.0,0.0,0.0,0.0,3.556,6401,2.234,0.628,0.311,0.087,0.324,0.091,0.941,0.264,0.164,0.000
2,2,25,6,GatherV2_10,GatherV2,static,AI_VECTOR_CORE,1784812101652454.830	,3.020,0.000000,47,0,NO,"""3,64,1,16;;1""",FLOAT16;INT64;INT64,NCHW;NCHW;NCHW,"""64,1,16""",FLOAT16,NCHW,N/A,0.0,0,0.0,0.0,0.0,0.0,0.0,0.0,0.0,0.0,0.0,0.0,0.0,1.213,102628,0.049,0.04,0.607,0.5,0.287,0.237,0.224,0.185,0.0,0.000
2,2,26,6,GatherV2_7,GatherV2,static,AI_VECTOR_CORE,1784812101652457.870	,4.240,0.000000,47,0,NO,"""3,64,1,16;;1""",FLOAT16;INT64;INT64,NCHW;NCHW;NCHW,"""64,1,16""",FLOAT16,NCHW,N/A,0.0,0,0.0,0.0,0.0,0.0,0.0,0.0,0.0,0.0,0.0,0.0,0.0,1.858,157217,0.049,0.026,1.384,0.745,0.217,0.117,0.168,0.09,0.0,0.000
2,2,27,6,GatherV2_11,GatherV2,static,AI_VECTOR_CORE,1784812101652462.130	,2.840,0.260000,48,0,NO,"""3,64,1,24;;1""",FLOAT16;INT64;INT64,NCHW;NCHW;NCHW,"""64,1,24""",FLOAT16,NCHW,N/A,0.0,0,0.0,0.0,0.0,0.0,0.0,0.0,0.0,0.0,0.0,0.0,0.0,1.106,95589,0.058,0.052,0.624,0.564,0.244,0.22,0.136,0.123,0.0,0.000
2,2,28,6,GatherV2_12,GatherV2,static,AI_VECTOR_CORE,1784812101652464.990	,4.100,0.000000,48,0,NO,"""3,64,1,24;;1""",FLOAT16;INT64;INT64,NCHW;NCHW;NCHW,"""64,1,24""",FLOAT16,NCHW,N/A,0.0,0,0.0,0.0,0.0,0.0,0.0,0.0,0.0,0.0,0.0,0.0,0.0,1.917,165605,0.058,0.03,1.418,0.74,0.286,0.149,0.11,0.057,0.0,0.000
2,2,29,6,GatherV2_8,GatherV2,static,AI_VECTOR_CORE,1784812101652469.110	,2.860,0.000000,48,0,NO,"""3,64,1,24;;1""",FLOAT16;INT64;INT64,NCHW;NCHW;NCHW,"""64,1,24""",FLOAT16,NCHW,N/A,0.0,0,0.0,0.0,0.0,0.0,0.0,0.0,0.0,0.0,0.0,0.0,0.0,1.124,97137,0.058,0.051,0.624,0.555,0.245,0.218,0.153,0.136,0.0,0.000
2,2,30,6,GatherV2_9,GatherV2,static,AI_VECTOR_CORE,1784812101652471.990	,4.120,0.140000,48,0,NO,"""3,64,1,24;;1""",FLOAT16;INT64;INT64,NCHW;NCHW;NCHW,"""64,1,24""",FLOAT16,NCHW,N/A,0.0,0,0.0,0.0,0.0,0.0,0.0,0.0,0.0,0.0,0.0,0.0,0.0,2.11,182262,0.058,0.027,1.432,0.679,0.375,0.178,0.206,0.097,0.0,0.000
2,2,31,6,ConcatV2_1,ConcatV2D,static,AI_VECTOR_CORE,1784812101652476.150	,3.720,0.130000,1,0,NO,"""64,1,16;64,1,24;64,1,24;64,1,16;64,1,24;64,1,24""",FLOAT16;FLOAT16;FLOAT16;FLOAT16;FLOAT16;FLOAT16,NCHW;NCHW;NCHW;NCHW;NCHW;NCHW,"""64,1,128""",FLOAT16,NCHW,N/A,0.0,0,0.0,0.0,0.0,0.0,0.0,0.0,0.0,0.0,0.0,0.0,0.0,3.226,5807,2.39,0.741,0.294,0.091,0.172,0.053,0.196,0.061,0.185,0.000
2,2,32,6,ConcatV2_2,ConcatV2D,static,AI_VECTOR_CORE,1784812101652479.890	,3.500,0.030000,1,0,NO,"""64,1,16;64,1,24;64,1,24;64,1,16;64,1,24;64,1,24""",FLOAT16;FLOAT16;FLOAT16;FLOAT16;FLOAT16;FLOAT16,NCHW;NCHW;NCHW;NCHW;NCHW;NCHW,"""64,1,128""",FLOAT16,NCHW,N/A,0.0,0,0.0,0.0,0.0,0.0,0.0,0.0,0.0,0.0,0.0,0.0,0.0,2.991,5384,2.39,0.799,0.251,0.084,0.181,0.06,0.172,0.057,0.185,0.000
2,2,33,6,ApplyRotaryPosEmb,ApplyRotaryPosEmb,static,AI_VECTOR_CORE,1784812101652483.410	,10.020,0.000000,32,0,NO,"""64,1,16,128;64,1,2,128;64,1,1,128;64,1,1,128""",FLOAT16;FLOAT16;FLOAT16;FLOAT16,NCHW;NCHW;NCHW;NCHW,"""64,1,16,128;64,1,2,128""",FLOAT16;FLOAT16,NCHW;NCHW,N/A,0.0,0,0.0,0.0,0.0,0.0,0.0,0.0,0.0,0.0,0.0,0.0,0.0,7.108,409431,0.259,0.036,1.537,0.216,0.405,0.057,0.18,0.025,0.145,0.000
2,2,34,6,Scatter,Scatter,static,AI_VECTOR_CORE,1784812101652493.450	,6.660,0.000000,43,0,NO,"""64,2,1024,128;64;64,2,1,128""",FLOAT16;INT64;FLOAT16,NCHW;NCHW;NCHW,"""64,2,1024,128""",FLOAT16,NCHW,N/A,0.0,0,0.0,0.0,0.0,0.0,0.0,0.0,0.0,0.0,0.0,0.0,0.0,3.378,261476,0.008,0.002,0.164,0.049,0.214,0.063,0.437,0.129,0.213,0.000
2,2,35,6,Greater,Greater,static,AI_VECTOR_CORE,1784812101652500.130	,10.220,0.090000,32,0,NO,"""1,1024;64,1""",INT64;INT64,NCHW;NCHW,"""64,1024""",BOOL,NCHW,N/A,0.0,0,0.0,0.0,0.0,0.0,0.0,0.0,0.0,0.0,0.0,0.0,0.0,7.218,415782,3.985,0.552,0.769,0.106,0.416,0.058,0.299,0.041,0.059,0.000
2,2,36,6,IncreFlashAttention,IncreFlashAttention,static,MIX_AIC,1784812101652511.270	,81.060,0.780000,24,48,NO,"""64,16,1,128;64,2,1024,128;64,2,1024,128;64,1,1,1024""",FLOAT16;FLOAT16;FLOAT16;BOOL,NCHW;NCHW;NCHW;NCHW,"""64,16,1,128""",FLOAT16,NCHW,0,74.339,3211456,5.736,0.077,39.597,0.533,14.37,0.193,48.421,0.651,17.713,0.238,0.013,68.204,5892820,3.725,0.055,7.148,0.105,1.888,0.028,1.939,0.028,0.072,91.709
2,2,37,6,MatMul_1,MatMul,static,AI_CORE,1784812101652593.610	,10.120,1.190000,22,0,NO,"""64,2048;1024,2048""",FLOAT16;FLOAT16,ND;ND,"""64,1024""",FLOAT16,ND,N/A,8.176,323776,1.12,0.137,0.199,0.024,1.609,0.197,5.299,0.648,0.468,0.057,0.149,0.0,0,0.0,0.0,0.0,0.0,0.0,0.0,0.0,0.0,0.0,74.059
2,2,38,6,InplaceAddRmsNorm,InplaceAddRmsNorm,static,AI_VECTOR_CORE,1784812101652603.750	,11.260,0.130000,32,0,NO,"""64,1,1024;64,1,1024;1024""",FLOAT16;FLOAT16;FLOAT16,ND;ND;ND,"""64,1,1024;64,1,1;64,1,1024""",FLOAT16;FLOAT;FLOAT16,ND;ND;ND,N/A,0.0,0,0.0,0.0,0.0,0.0,0.0,0.0,0.0,0.0,0.0,0.0,0.0,8.255,475466,0.572,0.069,1.994,0.242,0.42,0.051,0.527,0.064,0.164,0.000
2,2,39,6,MatMul_2,MatMul,static,AI_CORE,1784812101652615.030	,11.300,0.000000,24,0,NO,"""64,1024;3072,1024""",FLOAT16;FLOAT16,ND;ND,"""64,3072""",FLOAT16,ND,N/A,9.562,413096,1.357,0.142,0.166,0.017,1.648,0.172,6.485,0.678,0.279,0.029,0.174,0.0,0,0.0,0.0,0.0,0.0,0.0,0.0,0.0,0.0,0.0,84.623
2,2,40,6,MatMul_3,MatMul,static,AI_CORE,1784812101652626.350	,9.100,0.000000,24,0,NO,"""64,1024;3072,1024""",FLOAT16;FLOAT16,ND;ND,"""64,3072""",FLOAT16,ND,N/A,6.861,296398,1.355,0.198,0.474,0.069,1.682,0.245,5.602,0.816,0.276,0.04,0.0,0.0,0,0.0,0.0,0.0,0.0,0.0,0.0,0.0,0.0,0.0,75.396
2,2,41,6,SwishMul_3,AutomaticBufferFusionOp,static,AI_VECTOR_CORE,1784812101652635.470	,8.400,0.150000,48,0,NO,"""64,1,3072;64,1,3072""",FLOAT16;FLOAT16,ND;ND,"""64,1,3072""",FLOAT16,ND,N/A,0.0,0,0.0,0.0,0.0,0.0,0.0,0.0,0.0,0.0,0.0,0.0,0.0,6.099,526956,0.404,0.066,0.126,0.021,1.665,0.273,0.702,0.115,0.21,0.000
2,2,42,6,MatMul_4,MatMul,static,AI_CORE,1784812101652643.910	,13.440,0.100000,22,0,NO,"""64,3072;1024,3072""",FLOAT16;FLOAT16,ND;ND,"""64,1024""",FLOAT16,ND,N/A,10.913,432172,1.681,0.154,0.353,0.032,2.458,0.225,8.282,0.759,0.366,0.034,0.055,0.0,0,0.0,0.0,0.0,0.0,0.0,0.0,0.0,0.0,0.0,74.434
2,2,43,6,InplaceAddRmsNorm_1,InplaceAddRmsNorm,static,AI_VECTOR_CORE,1784812101652657.370	,7.520,0.000000,32,0,NO,"""64,1,1024;64,1,1024;1024""",FLOAT16;FLOAT16;FLOAT16,ND;ND;ND,"""64,1,1024;64,1,1;64,1,1024""",FLOAT16;FLOAT;FLOAT16,ND;ND;ND,N/A,0.0,0,0.0,0.0,0.0,0.0,0.0,0.0,0.0,0.0,0.0,0.0,0.0,4.036,232466,0.547,0.135,2.335,0.579,0.356,0.088,0.433,0.107,0.092,0.000
2,2,44,6,MatMul_5,MatMul,static,AI_CORE,1784812101652664.930	,12.160,0.230000,23,0,NO,"""64,1024;2560,1024""",FLOAT16;FLOAT16,ND;ND,"""64,2560""",FLOAT16,ND,N/A,10.186,421716,1.172,0.115,0.165,0.016,1.532,0.15,7.352,0.722,0.651,0.064,0.167,0.0,0,0.0,0.0,0.0,0.0,0.0,0.0,0.0,0.0,0.0,80.279
2,2,45,6,SplitV_3,SplitVD,static,AI_VECTOR_CORE,1784812101652677.110	,3.700,0.000000,2,0,NO,"""64,1,2560""",FLOAT16,ND,"""64,1,2048;64,1,256;64,1,256""",FLOAT16;FLOAT16;FLOAT16,ND;ND;ND,N/A,0.0,0,0.0,0.0,0.0,0.0,0.0,0.0,0.0,0.0,0.0,0.0,0.0,2.948,10611,0.008,0.003,0.144,0.049,1.134,0.385,1.523,0.517,0.216,0.000
2,2,46,6,Scatter_3,Scatter,static,AI_VECTOR_CORE,1784812101652680.850	,6.620,0.050000,43,0,NO,"""64,2,1024,128;64;64,2,1,128""",FLOAT16;INT64;FLOAT16,NCHW;NCHW;NCHW,"""64,2,1024,128""",FLOAT16,NCHW,N/A,0.0,0,0.0,0.0,0.0,0.0,0.0,0.0,0.0,0.0,0.0,0.0,0.0,3.509,271568,0.008,0.002,0.167,0.048,0.321,0.091,0.424,0.121,0.26,0.000
2,2,47,6,ApplyRotaryPosEmb_1,ApplyRotaryPosEmb,static,AI_VECTOR_CORE,1784812101652687.490	,10.540,0.130000,32,0,NO,"""64,1,16,128;64,1,2,128;64,1,1,128;64,1,1,128""",FLOAT16;FLOAT16;FLOAT16;FLOAT16,NCHW;NCHW;NCHW;NCHW,"""64,1,16,128;64,1,2,128""",FLOAT16;FLOAT16,NCHW;NCHW,N/A,0.0,0,0.0,0.0,0.0,0.0,0.0,0.0,0.0,0.0,0.0,0.0,0.0,7.96,458472,0.259,0.033,1.388,0.174,1.052,0.132,0.482,0.061,0.142,0.000
2,2,48,6,Scatter_2,Scatter,static,AI_VECTOR_CORE,1784812101652698.050	,4.400,0.000000,43,0,NO,"""64,2,1024,128;64;64,2,1,128""",FLOAT16;INT64;FLOAT16,NCHW;NCHW;NCHW,"""64,2,1024,128""",FLOAT16,NCHW,N/A,0.0,0,0.0,0.0,0.0,0.0,0.0,0.0,0.0,0.0,0.0,0.0,0.0,2.276,176161,0.008,0.003,1.515,0.665,0.181,0.08,0.524,0.23,0.04,0.000
2,2,49,6,IncreFlashAttention_1,IncreFlashAttention,static,MIX_AIC,1784812101652703.570	,77.880,1.100000,24,48,NO,"""64,16,1,128;64,2,1024,128;64,2,1024,128;64,1,1,1024""",FLOAT16;FLOAT16;FLOAT16;BOOL,NCHW;NCHW;NCHW;NCHW,"""64,16,1,128""",FLOAT16,NCHW,0,73.48,3174335,5.735,0.078,40.707,0.554,14.37,0.196,51.758,0.704,19.785,0.269,0.002,65.622,5669770,3.728,0.057,5.791,0.088,1.941,0.03,1.923,0.029,0.037,94.350
2,2,50,6,MatMul_6,MatMul,static,AI_CORE,1784812101652782.210	,10.700,0.870000,22,0,NO,"""64,2048;1024,2048""",FLOAT16;FLOAT16,ND;ND,"""64,1024""",FLOAT16,ND,N/A,8.404,332786,1.116,0.133,0.868,0.103,1.622,0.193,6.842,0.814,0.394,0.047,0.014,0.0,0,0.0,0.0,0.0,0.0,0.0,0.0,0.0,0.0,0.0,71.994
2,2,51,6,InplaceAddRmsNorm_2,InplaceAddRmsNorm,static,AI_VECTOR_CORE,1784812101652792.930	,8.520,0.050000,32,0,NO,"""64,1,1024;64,1,1024;1024""",FLOAT16;FLOAT16;FLOAT16,ND;ND;ND,"""64,1,1024;64,1,1;64,1,1024""",FLOAT16;FLOAT;FLOAT16,ND;ND;ND,N/A,0.0,0,0.0,0.0,0.0,0.0,0.0,0.0,0.0,0.0,0.0,0.0,0.0,5.586,321772,0.531,0.095,1.841,0.33,0.645,0.116,0.687,0.123,0.101,0.000
2,2,52,6,MatMul_7,MatMul,static,AI_CORE,1784812101652801.490	,12.360,0.000000,24,0,NO,"""64,1024;3072,1024""",FLOAT16;FLOAT16,ND;ND,"""64,3072""",FLOAT16,ND,N/A,10.397,449163,1.337,0.129,0.166,0.016,1.652,0.159,8.153,0.784,0.277,0.027,0.156,0.0,0,0.0,0.0,0.0,0.0,0.0,0.0,0.0,0.0,0.0,84.120
2,2,53,6,MatMul_8,MatMul,static,AI_CORE,1784812101652813.890	,11.720,0.140000,24,0,NO,"""64,1024;3072,1024""",FLOAT16;FLOAT16,ND;ND,"""64,3072""",FLOAT16,ND,N/A,9.814,423963,1.337,0.136,0.475,0.048,1.627,0.166,8.546,0.871,0.285,0.029,0.0,0.0,0,0.0,0.0,0.0,0.0,0.0,0.0,0.0,0.0,0.0,83.737
2,2,54,6,Swish_1Mul_4,AutomaticBufferFusionOp,static,AI_VECTOR_CORE,1784812101652825.650	,8.040,0.030000,48,0,NO,"""64,1,3072;64,1,3072""",FLOAT16;FLOAT16,ND;ND,"""64,1,3072""",FLOAT16,ND,N/A,0.0,0,0.0,0.0,0.0,0.0,0.0,0.0,0.0,0.0,0.0,0.0,0.0,6.055,523175,0.403,0.067,0.125,0.021,1.798,0.297,0.68,0.112,0.211,0.000
2,2,55,6,MatMul_9,MatMul,static,AI_CORE,1784812101652833.710	,18.780,0.000000,22,0,NO,"""64,3072;1024,3072""",FLOAT16;FLOAT16,ND;ND,"""64,1024""",FLOAT16,ND,N/A,16.117,638243,1.692,0.105,0.32,0.02,2.43,0.151,13.8,0.856,0.414,0.026,0.055,0.0,0,0.0,0.0,0.0,0.0,0.0,0.0,0.0,0.0,0.0,78.670
2,2,56,6,InplaceAddRmsNorm_3,InplaceAddRmsNorm,static,AI_VECTOR_CORE,1784812101652852.510	,7.000,0.000000,32,0,NO,"""64,1,1024;64,1,1024;1024""",FLOAT16;FLOAT16;FLOAT16,ND;ND;ND,"""64,1,1024;64,1,1;64,1,1024""",FLOAT16;FLOAT;FLOAT16,ND;ND;ND,N/A,0.0,0,0.0,0.0,0.0,0.0,0.0,0.0,0.0,0.0,0.0,0.0,0.0,3.707,213550,0.533,0.144,2.231,0.602,0.355,0.096,0.442,0.119,0.073,0.000
2,2,57,6,MatMul_10,MatMul,static,AI_CORE,1784812101652859.550	,14.100,0.000000,23,0,NO,"""64,1024;2560,1024""",FLOAT16;FLOAT16,ND;ND,"""64,2560""",FLOAT16,ND,N/A,11.202,463775,1.173,0.105,0.165,0.015,1.508,0.135,8.295,0.74,0.701,0.063,0.166,0.0,0,0.0,0.0,0.0,0.0,0.0,0.0,0.0,0.0,0.0,76.139
2,2,58,6,SplitV_4,SplitVD,static,AI_VECTOR_CORE,1784812101652873.670	,3.740,0.150000,2,0,NO,"""64,1,2560""",FLOAT16,ND,"""64,1,2048;64,1,256;64,1,256""",FLOAT16;FLOAT16;FLOAT16,ND;ND;ND,N/A,0.0,0,0.0,0.0,0.0,0.0,0.0,0.0,0.0,0.0,0.0,0.0,0.0,2.998,10794,0.008,0.003,0.161,0.054,1.149,0.383,1.512,0.504,0.231,0.000
2,2,59,6,Scatter_5,Scatter,static,AI_VECTOR_CORE,1784812101652877.430	,6.720,0.010000,43,0,NO,"""64,2,1024,128;64;64,2,1,128""",FLOAT16;INT64;FLOAT16,NCHW;NCHW;NCHW,"""64,2,1024,128""",FLOAT16,NCHW,N/A,0.0,0,0.0,0.0,0.0,0.0,0.0,0.0,0.0,0.0,0.0,0.0,0.0,3.475,268986,0.008,0.002,0.165,0.047,0.322,0.093,0.445,0.128,0.26,0.000
2,2,60,6,ApplyRotaryPosEmb_2,ApplyRotaryPosEmb,static,AI_VECTOR_CORE,1784812101652884.170	,10.140,0.030000,32,0,NO,"""64,1,16,128;64,1,2,128;64,1,1,128;64,1,1,128""",FLOAT16;FLOAT16;FLOAT16;FLOAT16,NCHW;NCHW;NCHW;NCHW,"""64,1,16,128;64,1,2,128""",FLOAT16;FLOAT16,NCHW;NCHW,N/A,0.0,0,0.0,0.0,0.0,0.0,0.0,0.0,0.0,0.0,0.0,0.0,0.0,8.02,461966,0.259,0.032,1.365,0.17,0.959,0.12,0.467,0.058,0.137,0.000
2,2,61,6,Scatter_4,Scatter,static,AI_VECTOR_CORE,1784812101652894.350	,3.840,0.000000,43,0,NO,"""64,2,1024,128;64;64,2,1,128""",FLOAT16;INT64;FLOAT16,NCHW;NCHW;NCHW,"""64,2,1024,128""",FLOAT16,NCHW,N/A,0.0,0,0.0,0.0,0.0,0.0,0.0,0.0,0.0,0.0,0.0,0.0,0.0,1.856,143638,0.008,0.004,0.672,0.362,0.131,0.07,0.985,0.531,0.039,0.000
2,2,62,6,IncreFlashAttention_2,IncreFlashAttention,static,MIX_AIC,1784812101652899.310	,80.860,1.160000,24,48,NO,"""64,16,1,128;64,2,1024,128;64,2,1024,128;64,1,1,1024""",FLOAT16;FLOAT16;FLOAT16;BOOL,NCHW;NCHW;NCHW;NCHW,"""64,16,1,128""",FLOAT16,NCHW,0,74.649,3224856,5.736,0.077,41.16,0.551,14.37,0.192,51.849,0.695,18.543,0.248,0.001,69.372,5993727,3.735,0.054,7.705,0.111,2.531,0.036,1.931,0.028,0.033,92.319
2,2,63,6,MatMul_11,MatMul,static,AI_CORE,1784812101652981.030	,8.220,0.890000,22,0,NO,"""64,2048;1024,2048""",FLOAT16;FLOAT16,ND;ND,"""64,1024""",FLOAT16,ND,N/A,6.256,247757,1.117,0.179,0.563,0.09,1.613,0.258,5.059,0.809,0.356,0.057,0.0,0.0,0,0.0,0.0,0.0,0.0,0.0,0.0,0.0,0.0,0.0,69.770
2,2,64,6,InplaceAddRmsNorm_4,InplaceAddRmsNorm,static,AI_VECTOR_CORE,1784812101652989.270	,8.520,0.030000,32,0,NO,"""64,1,1024;64,1,1024;1024""",FLOAT16;FLOAT16;FLOAT16,ND;ND;ND,"""64,1,1024;64,1,1;64,1,1024""",FLOAT16;FLOAT;FLOAT16,ND;ND;ND,N/A,0.0,0,0.0,0.0,0.0,0.0,0.0,0.0,0.0,0.0,0.0,0.0,0.0,5.595,322255,0.53,0.095,1.94,0.347,0.671,0.12,0.709,0.127,0.099,0.000
2,2,65,6,MatMul_12,MatMul,static,AI_CORE,1784812101652997.810	,12.020,0.000000,24,0,NO,"""64,1024;3072,1024""",FLOAT16;FLOAT16,ND;ND,"""64,3072""",FLOAT16,ND,N/A,9.875,426609,1.361,0.138,0.166,0.017,1.702,0.172,7.5,0.759,0.281,0.028,0.155,0.0,0,0.0,0.0,0.0,0.0,0.0,0.0,0.0,0.0,0.0,82.156
2,2,66,6,MatMul_13,MatMul,static,AI_CORE,1784812101653009.850	,11.060,0.000000,24,0,NO,"""64,1024;3072,1024""",FLOAT16;FLOAT16,ND;ND,"""64,3072""",FLOAT16,ND,N/A,8.018,346381,1.365,0.17,0.929,0.116,1.711,0.213,6.319,0.788,0.281,0.035,0.0,0.0,0,0.0,0.0,0.0,0.0,0.0,0.0,0.0,0.0,0.0,72.496
2,2,67,6,Swish_2Mul_5,AutomaticBufferFusionOp,static,AI_VECTOR_CORE,1784812101653020.930	,8.140,0.190000,48,0,NO,"""64,1,3072;64,1,3072""",FLOAT16;FLOAT16,ND;ND,"""64,1,3072""",FLOAT16,ND,N/A,0.0,0,0.0,0.0,0.0,0.0,0.0,0.0,0.0,0.0,0.0,0.0,0.0,6.008,519090,0.404,0.067,0.127,0.021,1.628,0.271,0.807,0.134,0.211,0.000
2,2,68,6,MatMul_14,MatMul,static,AI_CORE,1784812101653029.090	,13.360,0.000000,22,0,NO,"""64,3072;1024,3072""",FLOAT16;FLOAT16,ND;ND,"""64,1024""",FLOAT16,ND,N/A,11.691,462982,1.687,0.144,0.319,0.027,2.426,0.208,9.354,0.8,0.44,0.038,0.053,0.0,0,0.0,0.0,0.0,0.0,0.0,0.0,0.0,0.0,0.0,80.218
2,2,69,6,InplaceAddRmsNorm_5,InplaceAddRmsNorm,static,AI_VECTOR_CORE,1784812101653042.470	,6.080,0.140000,32,0,NO,"""64,1,1024;64,1,1024;1024""",FLOAT16;FLOAT16;FLOAT16,ND;ND;ND,"""64,1,1024;64,1,1;64,1,1024""",FLOAT16;FLOAT;FLOAT16,ND;ND;ND,N/A,0.0,0,0.0,0.0,0.0,0.0,0.0,0.0,0.0,0.0,0.0,0.0,0.0,3.383,194859,0.533,0.157,1.903,0.562,0.422,0.125,0.418,0.124,0.071,0.000
2,2,70,6,MatMul_15,MatMul,static,AI_CORE,1784812101653048.590	,10.940,0.000000,23,0,NO,"""64,1024;2560,1024""",FLOAT16;FLOAT16,ND;ND,"""64,2560""",FLOAT16,ND,N/A,8.324,344610,1.188,0.143,0.165,0.02,1.552,0.186,5.163,0.62,0.601,0.072,0.166,0.0,0,0.0,0.0,0.0,0.0,0.0,0.0,0.0,0.0,0.0,72.917
2,2,71,6,SplitV_5,SplitVD,static,AI_VECTOR_CORE,1784812101653059.570	,3.960,0.060000,2,0,NO,"""64,1,2560""",FLOAT16,ND,"""64,1,2048;64,1,256;64,1,256""",FLOAT16;FLOAT16;FLOAT16,ND;ND;ND,N/A,0.0,0,0.0,0.0,0.0,0.0,0.0,0.0,0.0,0.0,0.0,0.0,0.0,3.261,11739,0.008,0.002,0.136,0.042,1.119,0.343,1.541,0.473,0.231,0.000
2,2,72,6,Scatter_7,Scatter,static,AI_VECTOR_CORE,1784812101653063.550	,10.040,0.040000,43,0,NO,"""64,2,1024,128;64;64,2,1,128""",FLOAT16;INT64;FLOAT16,NCHW;NCHW;NCHW,"""64,2,1024,128""",FLOAT16,NCHW,N/A,0.0,0,0.0,0.0,0.0,0.0,0.0,0.0,0.0,0.0,0.0,0.0,0.0,6.687,517612,0.008,0.001,2.478,0.371,0.182,0.027,0.843,0.126,0.26,0.000
2,2,73,6,ApplyRotaryPosEmb_3,ApplyRotaryPosEmb,static,AI_VECTOR_CORE,1784812101653073.610	,9.960,0.000000,32,0,NO,"""64,1,16,128;64,1,2,128;64,1,1,128;64,1,1,128""",FLOAT16;FLOAT16;FLOAT16;FLOAT16,NCHW;NCHW;NCHW;NCHW,"""64,1,16,128;64,1,2,128""",FLOAT16;FLOAT16,NCHW;NCHW,N/A,0.0,0,0.0,0.0,0.0,0.0,0.0,0.0,0.0,0.0,0.0,0.0,0.0,7.135,410956,0.259,0.036,1.383,0.194,0.471,0.066,0.262,0.037,0.135,0.000
2,2,74,6,Scatter_6,Scatter,static,AI_VECTOR_CORE,1784812101653083.590	,4.080,0.040000,43,0,NO,"""64,2,1024,128;64;64,2,1,128""",FLOAT16;INT64;FLOAT16,NCHW;NCHW;NCHW,"""64,2,1024,128""",FLOAT16,NCHW,N/A,0.0,0,0.0,0.0,0.0,0.0,0.0,0.0,0.0,0.0,0.0,0.0,0.0,1.991,154071,0.008,0.004,0.585,0.294,0.139,0.07,1.211,0.608,0.041,0.000
2,2,75,6,IncreFlashAttention_3,IncreFlashAttention,static,MIX_AIC,1784812101653088.610	,69.560,0.920000,24,48,NO,"""64,16,1,128;64,2,1024,128;64,2,1024,128;64,1,1,1024""",FLOAT16;FLOAT16;FLOAT16;BOOL,NCHW;NCHW;NCHW;NCHW,"""64,16,1,128""",FLOAT16,NCHW,0,64.663,2793426,5.736,0.089,38.487,0.595,14.372,0.222,41.362,0.64,17.066,0.264,0.001,59.009,5098381,3.728,0.063,7.29,0.124,1.704,0.029,1.95,0.033,0.033,92.960
2,2,76,6,MatMul_16,MatMul,static,AI_CORE,1784812101653159.370	,8.520,1.190000,22,0,NO,"""64,2048;1024,2048""",FLOAT16;FLOAT16,ND;ND,"""64,1024""",FLOAT16,ND,N/A,6.352,251552,1.117,0.176,0.511,0.081,1.604,0.252,5.193,0.817,0.374,0.059,0.0,0.0,0,0.0,0.0,0.0,0.0,0.0,0.0,0.0,0.0,0.0,68.345
2,2,77,6,InplaceAddRmsNorm_6,InplaceAddRmsNorm,static,AI_VECTOR_CORE,1784812101653167.910	,9.700,0.230000,32,0,NO,"""64,1,1024;64,1,1024;1024""",FLOAT16;FLOAT16;FLOAT16,ND;ND;ND,"""64,1,1024;64,1,1;64,1,1024""",FLOAT16;FLOAT;FLOAT16,ND;ND;ND,N/A,0.0,0,0.0,0.0,0.0,0.0,0.0,0.0,0.0,0.0,0.0,0.0,0.0,6.886,396653,0.528,0.077,1.881,0.273,1.145,0.166,0.769,0.112,0.101,0.000
2,2,78,6,MatMul_17,MatMul,static,AI_CORE,1784812101653177.650	,10.760,0.050000,24,0,NO,"""64,1024;3072,1024""",FLOAT16;FLOAT16,ND;ND,"""64,3072""",FLOAT16,ND,N/A,8.454,365207,1.354,0.16,0.161,0.019,1.707,0.202,5.704,0.675,0.277,0.033,0.163,0.0,0,0.0,0.0,0.0,0.0,0.0,0.0,0.0,0.0,0.0,78.568
2,2,79,6,MatMul_18,MatMul,static,AI_CORE,1784812101653188.430	,9.620,0.000000,24,0,NO,"""64,1024;3072,1024""",FLOAT16;FLOAT16,ND;ND,"""64,3072""",FLOAT16,ND,N/A,7.41,320114,1.357,0.183,0.799,0.108,1.69,0.228,5.825,0.786,0.28,0.038,0.0,0.0,0,0.0,0.0,0.0,0.0,0.0,0.0,0.0,0.0,0.0,77.028
2,2,80,6,Swish_3Mul_6,AutomaticBufferFusionOp,static,AI_VECTOR_CORE,1784812101653198.070	,8.380,0.000000,48,0,NO,"""64,1,3072;64,1,3072""",FLOAT16;FLOAT16,ND;ND,"""64,1,3072""",FLOAT16,ND,N/A,0.0,0,0.0,0.0,0.0,0.0,0.0,0.0,0.0,0.0,0.0,0.0,0.0,6.103,527311,0.403,0.066,0.125,0.021,1.512,0.248,0.714,0.117,0.209,0.000
2,2,81,6,MatMul_19,MatMul,static,AI_CORE,1784812101653206.470	,12.200,0.120000,22,0,NO,"""64,3072;1024,3072""",FLOAT16;FLOAT16,ND;ND,"""64,1024""",FLOAT16,ND,N/A,9.963,394520,1.684,0.169,0.323,0.032,2.436,0.245,7.54,0.757,0.37,0.037,0.053,0.0,0,0.0,0.0,0.0,0.0,0.0,0.0,0.0,0.0,0.0,74.856
2,2,82,6,InplaceAddRmsNorm_7,InplaceAddRmsNorm,static,AI_VECTOR_CORE,1784812101653218.710	,6.520,0.050000,32,0,NO,"""64,1,1024;64,1,1024;1024""",FLOAT16;FLOAT16;FLOAT16,ND;ND;ND,"""64,1,1024;64,1,1;64,1,1024""",FLOAT16;FLOAT;FLOAT16,ND;ND;ND,N/A,0.0,0,0.0,0.0,0.0,0.0,0.0,0.0,0.0,0.0,0.0,0.0,0.0,3.752,216121,0.532,0.142,2.063,0.55,0.53,0.141,0.463,0.123,0.071,0.000
2,2,83,6,MatMul_20,MatMul,static,AI_CORE,1784812101653225.270	,11.840,0.000000,23,0,NO,"""64,1024;2560,1024""",FLOAT16;FLOAT16,ND;ND,"""64,2560""",FLOAT16,ND,N/A,9.55,395386,1.181,0.124,0.162,0.017,1.545,0.162,6.705,0.702,0.67,0.07,0.168,0.0,0,0.0,0.0,0.0,0.0,0.0,0.0,0.0,0.0,0.0,77.301
2,2,84,6,SplitV_6,SplitVD,static,AI_VECTOR_CORE,1784812101653237.150	,3.700,0.160000,2,0,NO,"""64,1,2560""",FLOAT16,ND,"""64,1,2048;64,1,256;64,1,256""",FLOAT16;FLOAT16;FLOAT16,ND;ND;ND,N/A,0.0,0,0.0,0.0,0.0,0.0,0.0,0.0,0.0,0.0,0.0,0.0,0.0,2.994,10780,0.008,0.003,0.095,0.032,1.123,0.375,1.534,0.512,0.2,0.000
2,2,85,6,Scatter_9,Scatter,static,AI_VECTOR_CORE,1784812101653240.870	,6.740,0.000000,43,0,NO,"""64,2,1024,128;64;64,2,1,128""",FLOAT16;INT64;FLOAT16,NCHW;NCHW;NCHW,"""64,2,1024,128""",FLOAT16,NCHW,N/A,0.0,0,0.0,0.0,0.0,0.0,0.0,0.0,0.0,0.0,0.0,0.0,0.0,3.471,268624,0.008,0.002,0.163,0.047,0.298,0.086,0.441,0.127,0.259,0.000
2,2,86,6,ApplyRotaryPosEmb_4,ApplyRotaryPosEmb,static,AI_VECTOR_CORE,1784812101653247.630	,10.200,0.260000,32,0,NO,"""64,1,16,128;64,1,2,128;64,1,1,128;64,1,1,128""",FLOAT16;FLOAT16;FLOAT16;FLOAT16,NCHW;NCHW;NCHW;NCHW,"""64,1,16,128;64,1,2,128""",FLOAT16;FLOAT16,NCHW;NCHW,N/A,0.0,0,0.0,0.0,0.0,0.0,0.0,0.0,0.0,0.0,0.0,0.0,0.0,8.123,467863,0.259,0.032,1.354,0.167,0.996,0.123,0.475,0.059,0.138,0.000
2,2,87,6,Scatter_8,Scatter,static,AI_VECTOR_CORE,1784812101653257.850	,4.160,0.000000,43,0,NO,"""64,2,1024,128;64;64,2,1,128""",FLOAT16;INT64;FLOAT16,NCHW;NCHW;NCHW,"""64,2,1024,128""",FLOAT16,NCHW,N/A,0.0,0,0.0,0.0,0.0,0.0,0.0,0.0,0.0,0.0,0.0,0.0,0.0,1.973,152738,0.008,0.004,0.56,0.284,0.15,0.076,1.202,0.609,0.035,0.000
2,2,88,6,IncreFlashAttention_4,IncreFlashAttention,static,MIX_AIC,1784812101653263.370	,70.480,1.340000,24,48,NO,"""64,16,1,128;64,2,1024,128;64,2,1024,128;64,1,1,1024""",FLOAT16;FLOAT16;FLOAT16;BOOL,NCHW;NCHW;NCHW;NCHW,"""64,16,1,128""",FLOAT16,NCHW,0,64.256,2775840,5.736,0.089,37.722,0.587,14.37,0.224,41.662,0.648,16.85,0.262,0.001,58.778,5078389,3.731,0.063,6.998,0.119,1.998,0.034,1.94,0.033,0.033,91.168
2,2,89,6,MatMul_21,MatMul,static,AI_CORE,1784812101653334.730	,8.480,1.020000,22,0,NO,"""64,2048;1024,2048""",FLOAT16;FLOAT16,ND;ND,"""64,1024""",FLOAT16,ND,N/A,6.432,254703,1.125,0.175,0.374,0.058,1.607,0.25,5.283,0.821,0.487,0.076,0.0,0.0,0,0.0,0.0,0.0,0.0,0.0,0.0,0.0,0.0,0.0,69.527
2,2,90,6,InplaceAddRmsNorm_8,InplaceAddRmsNorm,static,AI_VECTOR_CORE,1784812101653343.250	,12.200,0.020000,32,0,NO,"""64,1,1024;64,1,1024;1024""",FLOAT16;FLOAT16;FLOAT16,ND;ND;ND,"""64,1,1024;64,1,1;64,1,1024""",FLOAT16;FLOAT;FLOAT16,ND;ND;ND,N/A,0.0,0,0.0,0.0,0.0,0.0,0.0,0.0,0.0,0.0,0.0,0.0,0.0,8.98,517257,0.526,0.059,4.213,0.469,1.21,0.135,0.709,0.079,0.098,0.000
2,2,91,6,MatMul_22,MatMul,static,AI_CORE,1784812101653355.470	,12.340,0.050000,24,0,NO,"""64,1024;3072,1024""",FLOAT16;FLOAT16,ND;ND,"""64,3072""",FLOAT16,ND,N/A,10.067,434900,1.359,0.135,0.162,0.016,1.713,0.17,7.532,0.748,0.28,0.028,0.157,0.0,0,0.0,0.0,0.0,0.0,0.0,0.0,0.0,0.0,0.0,81.581
2,2,92,6,MatMul_23,MatMul,static,AI_CORE,1784812101653367.830	,9.700,0.000000,24,0,NO,"""64,1024;3072,1024""",FLOAT16;FLOAT16,ND;ND,"""64,3072""",FLOAT16,ND,N/A,6.701,289474,1.356,0.202,0.375,0.056,1.706,0.255,5.54,0.827,0.281,0.042,0.0,0.0,0,0.0,0.0,0.0,0.0,0.0,0.0,0.0,0.0,0.0,69.080
2,2,93,6,Swish_4Mul_7,AutomaticBufferFusionOp,static,AI_VECTOR_CORE,1784812101653377.550	,8.100,0.050000,48,0,NO,"""64,1,3072;64,1,3072""",FLOAT16;FLOAT16,ND;ND,"""64,1,3072""",FLOAT16,ND,N/A,0.0,0,0.0,0.0,0.0,0.0,0.0,0.0,0.0,0.0,0.0,0.0,0.0,6.034,521372,0.404,0.067,0.177,0.029,1.698,0.281,0.793,0.131,0.205,0.000
2,2,94,6,MatMul_24,MatMul,static,AI_CORE,1784812101653385.670	,13.860,0.150000,22,0,NO,"""64,3072;1024,3072""",FLOAT16;FLOAT16,ND;ND,"""64,1024""",FLOAT16,ND,N/A,11.665,461932,1.686,0.145,0.317,0.027,2.431,0.208,9.47,0.812,0.422,0.036,0.054,0.0,0,0.0,0.0,0.0,0.0,0.0,0.0,0.0,0.0,0.0,77.149
2,2,95,6,InplaceAddRmsNorm_9,InplaceAddRmsNorm,static,AI_VECTOR_CORE,1784812101653399.570	,7.980,0.000000,32,0,NO,"""64,1,1024;64,1,1024;1024""",FLOAT16;FLOAT16;FLOAT16,ND;ND;ND,"""64,1,1024;64,1,1;64,1,1024""",FLOAT16;FLOAT;FLOAT16,ND;ND;ND,N/A,0.0,0,0.0,0.0,0.0,0.0,0.0,0.0,0.0,0.0,0.0,0.0,0.0,5.065,291742,0.531,0.105,3.523,0.696,0.39,0.077,0.504,0.099,0.07,0.000
2,2,96,6,MatMul_25,MatMul,static,AI_CORE,1784812101653407.570	,12.060,0.020000,23,0,NO,"""64,1024;2560,1024""",FLOAT16;FLOAT16,ND;ND,"""64,2560""",FLOAT16,ND,N/A,9.764,404225,1.197,0.123,0.18,0.018,1.551,0.159,6.898,0.706,0.668,0.068,0.167,0.0,0,0.0,0.0,0.0,0.0,0.0,0.0,0.0,0.0,0.0,77.588
2,2,97,6,SplitV_7,SplitVD,static,AI_VECTOR_CORE,1784812101653419.650	,3.840,0.190000,2,0,NO,"""64,1,2560""",FLOAT16,ND,"""64,1,2048;64,1,256;64,1,256""",FLOAT16;FLOAT16;FLOAT16,ND;ND;ND,N/A,0.0,0,0.0,0.0,0.0,0.0,0.0,0.0,0.0,0.0,0.0,0.0,0.0,3.099,11156,0.008,0.003,0.125,0.04,1.134,0.366,1.62,0.523,0.2,0.000
2,2,98,6,Scatter_11,Scatter,static,AI_VECTOR_CORE,1784812101653423.530	,6.560,0.000000,43,0,NO,"""64,2,1024,128;64;64,2,1,128""",FLOAT16;INT64;FLOAT16,NCHW;NCHW;NCHW,"""64,2,1024,128""",FLOAT16,NCHW,N/A,0.0,0,0.0,0.0,0.0,0.0,0.0,0.0,0.0,0.0,0.0,0.0,0.0,3.471,268658,0.008,0.002,0.17,0.049,0.322,0.093,0.433,0.125,0.26,0.000
2,2,99,6,ApplyRotaryPosEmb_5,ApplyRotaryPosEmb,static,AI_VECTOR_CORE,1784812101653430.110	,9.660,0.000000,32,0,NO,"""64,1,16,128;64,1,2,128;64,1,1,128;64,1,1,128""",FLOAT16;FLOAT16;FLOAT16;FLOAT16,NCHW;NCHW;NCHW;NCHW,"""64,1,16,128;64,1,2,128""",FLOAT16;FLOAT16,NCHW;NCHW,N/A,0.0,0,0.0,0.0,0.0,0.0,0.0,0.0,0.0,0.0,0.0,0.0,0.0,7.056,406416,0.259,0.037,1.409,0.2,0.453,0.064,0.25,0.035,0.136,0.000
2,2,100,6,Scatter_10,Scatter,static,AI_VECTOR_CORE,1784812101653439.810	,4.120,0.090000,43,0,NO,"""64,2,1024,128;64;64,2,1,128""",FLOAT16;INT64;FLOAT16,NCHW;NCHW;NCHW,"""64,2,1024,128""",FLOAT16,NCHW,N/A,0.0,0,0.0,0.0,0.0,0.0,0.0,0.0,0.0,0.0,0.0,0.0,0.0,2.047,158409,0.008,0.004,0.555,0.271,0.145,0.071,1.288,0.629,0.041,0.000
2,2,101,6,IncreFlashAttention_5,IncreFlashAttention,static,MIX_AIC,1784812101653445.270	,72.100,1.380000,24,48,NO,"""64,16,1,128;64,2,1024,128;64,2,1024,128;64,1,1,1024""",FLOAT16;FLOAT16;FLOAT16;BOOL,NCHW;NCHW;NCHW;NCHW,"""64,16,1,128""",FLOAT16,NCHW,0,65.335,2822482,5.736,0.088,38.195,0.585,14.372,0.22,42.133,0.645,17.023,0.261,0.001,59.746,5162055,3.728,0.062,6.82,0.114,1.847,0.031,1.933,0.032,0.033,90.618
2,2,102,6,MatMul_26,MatMul,static,AI_CORE,1784812101653518.430	,8.780,1.150000,22,0,NO,"""64,2048;1024,2048""",FLOAT16;FLOAT16,ND;ND,"""64,1024""",FLOAT16,ND,N/A,6.53,258597,1.115,0.171,0.391,0.06,1.598,0.245,5.409,0.828,0.451,0.069,0.0,0.0,0,0.0,0.0,0.0,0.0,0.0,0.0,0.0,0.0,0.0,68.178
2,2,103,6,InplaceAddRmsNorm_10,InplaceAddRmsNorm,static,AI_VECTOR_CORE,1784812101653527.230	,8.460,0.000000,32,0,NO,"""64,1,1024;64,1,1024;1024""",FLOAT16;FLOAT16;FLOAT16,ND;ND;ND,"""64,1,1024;64,1,1;64,1,1024""",FLOAT16;FLOAT;FLOAT16,ND;ND;ND,N/A,0.0,0,0.0,0.0,0.0,0.0,0.0,0.0,0.0,0.0,0.0,0.0,0.0,5.344,307814,0.534,0.1,1.821,0.341,0.377,0.071,0.535,0.1,0.1,0.000
2,2,104,6,MatMul_27,MatMul,static,AI_CORE,1784812101653535.710	,10.920,0.040000,24,0,NO,"""64,1024;3072,1024""",FLOAT16;FLOAT16,ND;ND,"""64,3072""",FLOAT16,ND,N/A,8.618,372314,1.362,0.158,0.179,0.021,1.674,0.194,5.822,0.676,0.278,0.032,0.151,0.0,0,0.0,0.0,0.0,0.0,0.0,0.0,0.0,0.0,0.0,78.923
2,2,105,6,MatMul_28,MatMul,static,AI_CORE,1784812101653546.650	,8.660,0.080000,24,0,NO,"""64,1024;3072,1024""",FLOAT16;FLOAT16,ND;ND,"""64,3072""",FLOAT16,ND,N/A,6.552,283027,1.357,0.207,0.465,0.071,1.688,0.258,5.297,0.809,0.277,0.042,0.0,0.0,0,0.0,0.0,0.0,0.0,0.0,0.0,0.0,0.0,0.0,75.653
2,2,106,6,Swish_5Mul_8,AutomaticBufferFusionOp,static,AI_VECTOR_CORE,1784812101653555.330	,8.120,0.000000,48,0,NO,"""64,1,3072;64,1,3072""",FLOAT16;FLOAT16,ND;ND,"""64,1,3072""",FLOAT16,ND,N/A,0.0,0,0.0,0.0,0.0,0.0,0.0,0.0,0.0,0.0,0.0,0.0,0.0,6.059,523473,0.403,0.067,0.125,0.021,1.806,0.298,0.684,0.113,0.209,0.000
2,2,107,6,MatMul_29,MatMul,static,AI_CORE,1784812101653563.470	,14.060,0.130000,22,0,NO,"""64,3072;1024,3072""",FLOAT16;FLOAT16,ND;ND,"""64,1024""",FLOAT16,ND,N/A,11.634,460723,1.685,0.145,0.316,0.027,2.43,0.209,9.437,0.811,0.399,0.034,0.053,0.0,0,0.0,0.0,0.0,0.0,0.0,0.0,0.0,0.0,0.0,75.853
2,2,108,6,InplaceAddRmsNorm_11,InplaceAddRmsNorm,static,AI_VECTOR_CORE,1784812101653577.550	,6.860,0.000000,32,0,NO,"""64,1,1024;64,1,1024;1024""",FLOAT16;FLOAT16;FLOAT16,ND;ND;ND,"""64,1,1024;64,1,1;64,1,1024""",FLOAT16;FLOAT;FLOAT16,ND;ND;ND,N/A,0.0,0,0.0,0.0,0.0,0.0,0.0,0.0,0.0,0.0,0.0,0.0,0.0,3.818,219926,0.533,0.14,2.267,0.594,0.345,0.09,0.455,0.119,0.072,0.000
2,2,109,6,MatMul_30,MatMul,static,AI_CORE,1784812101653584.450	,10.300,0.140000,23,0,NO,"""64,1024;2560,1024""",FLOAT16;FLOAT16,ND;ND,"""64,2560""",FLOAT16,ND,N/A,8.39,347346,1.19,0.142,0.227,0.027,1.544,0.184,5.216,0.622,0.644,0.077,0.161,0.0,0,0.0,0.0,0.0,0.0,0.0,0.0,0.0,0.0,0.0,78.062
2,2,110,6,SplitV_8,SplitVD,static,AI_VECTOR_CORE,1784812101653594.770	,3.820,0.000000,2,0,NO,"""64,1,2560""",FLOAT16,ND,"""64,1,2048;64,1,256;64,1,256""",FLOAT16;FLOAT16;FLOAT16,ND;ND;ND,N/A,0.0,0,0.0,0.0,0.0,0.0,0.0,0.0,0.0,0.0,0.0,0.0,0.0,3.108,11190,0.008,0.003,0.113,0.036,1.167,0.375,1.546,0.497,0.216,0.000
2,2,111,6,Scatter_13,Scatter,static,AI_VECTOR_CORE,1784812101653598.630	,6.980,0.180000,43,0,NO,"""64,2,1024,128;64;64,2,1,128""",FLOAT16;INT64;FLOAT16,NCHW;NCHW;NCHW,"""64,2,1024,128""",FLOAT16,NCHW,N/A,0.0,0,0.0,0.0,0.0,0.0,0.0,0.0,0.0,0.0,0.0,0.0,0.0,3.731,288778,0.008,0.002,0.214,0.057,0.214,0.057,0.42,0.113,0.257,0.000
2,2,112,6,ApplyRotaryPosEmb_6,ApplyRotaryPosEmb,static,AI_VECTOR_CORE,1784812101653605.630	,10.180,0.020000,32,0,NO,"""64,1,16,128;64,1,2,128;64,1,1,128;64,1,1,128""",FLOAT16;FLOAT16;FLOAT16;FLOAT16,NCHW;NCHW;NCHW;NCHW,"""64,1,16,128;64,1,2,128""",FLOAT16;FLOAT16,NCHW;NCHW,N/A,0.0,0,0.0,0.0,0.0,0.0,0.0,0.0,0.0,0.0,0.0,0.0,0.0,8.078,465320,0.26,0.032,1.399,0.173,1.044,0.129,0.446,0.055,0.134,0.000
2,2,113,6,Scatter_12,Scatter,static,AI_VECTOR_CORE,1784812101653615.830	,4.100,0.000000,43,0,NO,"""64,2,1024,128;64;64,2,1,128""",FLOAT16;INT64;FLOAT16,NCHW;NCHW;NCHW,"""64,2,1024,128""",FLOAT16,NCHW,N/A,0.0,0,0.0,0.0,0.0,0.0,0.0,0.0,0.0,0.0,0.0,0.0,0.0,2.017,156119,0.008,0.004,0.657,0.326,0.141,0.07,1.15,0.57,0.037,0.000
2,2,114,6,IncreFlashAttention_6,IncreFlashAttention,static,MIX_AIC,1784812101653621.230	,70.000,1.400000,24,48,NO,"""64,16,1,128;64,2,1024,128;64,2,1024,128;64,1,1,1024""",FLOAT16;FLOAT16;FLOAT16;BOOL,NCHW;NCHW;NCHW;NCHW,"""64,16,1,128""",FLOAT16,NCHW,0,65.234,2818107,5.736,0.088,38.121,0.584,14.37,0.22,42.005,0.644,17.158,0.263,0.001,59.464,5137655,3.731,0.063,6.05,0.102,1.964,0.033,1.942,0.033,0.037,93.191
2,2,115,6,MatMul_31,MatMul,static,AI_CORE,1784812101653691.910	,7.680,0.750000,22,0,NO,"""64,2048;1024,2048""",FLOAT16;FLOAT16,ND;ND,"""64,1024""",FLOAT16,ND,N/A,5.913,234171,1.125,0.19,0.559,0.095,1.607,0.272,4.71,0.797,0.378,0.064,0.0,0.0,0,0.0,0.0,0.0,0.0,0.0,0.0,0.0,0.0,0.0,70.581
2,2,116,6,InplaceAddRmsNorm_12,InplaceAddRmsNorm,static,AI_VECTOR_CORE,1784812101653699.610	,8.560,0.000000,32,0,NO,"""64,1,1024;64,1,1024;1024""",FLOAT16;FLOAT16;FLOAT16,ND;ND;ND,"""64,1,1024;64,1,1;64,1,1024""",FLOAT16;FLOAT;FLOAT16,ND;ND;ND,N/A,0.0,0,0.0,0.0,0.0,0.0,0.0,0.0,0.0,0.0,0.0,0.0,0.0,5.581,321474,0.531,0.095,1.813,0.325,0.628,0.112,0.724,0.13,0.1,0.000
2,2,117,6,MatMul_32,MatMul,static,AI_CORE,1784812101653708.210	,12.680,0.190000,24,0,NO,"""64,1024;3072,1024""",FLOAT16;FLOAT16,ND;ND,"""64,3072""",FLOAT16,ND,N/A,9.887,427105,1.373,0.139,0.206,0.021,1.711,0.173,7.315,0.74,0.283,0.029,0.156,0.0,0,0.0,0.0,0.0,0.0,0.0,0.0,0.0,0.0,0.0,77.971
2,2,118,6,MatMul_33,MatMul,static,AI_CORE,1784812101653720.910	,9.720,0.070000,24,0,NO,"""64,1024;3072,1024""",FLOAT16;FLOAT16,ND;ND,"""64,3072""",FLOAT16,ND,N/A,6.694,289193,1.363,0.204,0.476,0.071,1.701,0.254,5.432,0.811,0.282,0.042,0.0,0.0,0,0.0,0.0,0.0,0.0,0.0,0.0,0.0,0.0,0.0,68.871
2,2,119,6,Swish_6Mul_9,AutomaticBufferFusionOp,static,AI_VECTOR_CORE,1784812101653730.650	,8.320,0.030000,48,0,NO,"""64,1,3072;64,1,3072""",FLOAT16;FLOAT16,ND;ND,"""64,1,3072""",FLOAT16,ND,N/A,0.0,0,0.0,0.0,0.0,0.0,0.0,0.0,0.0,0.0,0.0,0.0,0.0,6.084,525637,0.404,0.066,0.126,0.021,1.66,0.273,0.705,0.116,0.209,0.000
2,2,120,6,MatMul_34,MatMul,static,AI_CORE,1784812101653738.990	,12.820,0.000000,22,0,NO,"""64,3072;1024,3072""",FLOAT16;FLOAT16,ND;ND,"""64,1024""",FLOAT16,ND,N/A,10.052,398061,1.689,0.168,0.322,0.032,2.436,0.242,7.478,0.744,0.366,0.036,0.052,0.0,0,0.0,0.0,0.0,0.0,0.0,0.0,0.0,0.0,0.0,71.875
2,2,121,6,InplaceAddRmsNorm_13,InplaceAddRmsNorm,static,AI_VECTOR_CORE,1784812101653751.830	,6.400,0.000000,32,0,NO,"""64,1,1024;64,1,1024;1024""",FLOAT16;FLOAT16;FLOAT16,ND;ND;ND,"""64,1,1024;64,1,1;64,1,1024""",FLOAT16;FLOAT;FLOAT16,ND;ND;ND,N/A,0.0,0,0.0,0.0,0.0,0.0,0.0,0.0,0.0,0.0,0.0,0.0,0.0,3.426,197319,0.533,0.156,1.84,0.537,0.424,0.124,0.48,0.14,0.073,0.000
2,2,122,6,MatMul_35,MatMul,static,AI_CORE,1784812101653758.270	,11.760,0.100000,23,0,NO,"""64,1024;2560,1024""",FLOAT16;FLOAT16,ND;ND,"""64,2560""",FLOAT16,ND,N/A,9.645,399284,1.185,0.123,0.165,0.017,1.555,0.161,6.748,0.7,0.695,0.072,0.165,0.0,0,0.0,0.0,0.0,0.0,0.0,0.0,0.0,0.0,0.0,78.594
2,2,123,6,SplitV_9,SplitVD,static,AI_VECTOR_CORE,1784812101653770.050	,3.660,0.000000,2,0,NO,"""64,1,2560""",FLOAT16,ND,"""64,1,2048;64,1,256;64,1,256""",FLOAT16;FLOAT16;FLOAT16,ND;ND;ND,N/A,0.0,0,0.0,0.0,0.0,0.0,0.0,0.0,0.0,0.0,0.0,0.0,0.0,2.896,10425,0.008,0.003,0.128,0.044,1.125,0.388,1.481,0.512,0.216,0.000
2,2,124,6,Scatter_15,Scatter,static,AI_VECTOR_CORE,1784812101653773.730	,6.820,0.090000,43,0,NO,"""64,2,1024,128;64;64,2,1,128""",FLOAT16;INT64;FLOAT16,NCHW;NCHW;NCHW,"""64,2,1024,128""",FLOAT16,NCHW,N/A,0.0,0,0.0,0.0,0.0,0.0,0.0,0.0,0.0,0.0,0.0,0.0,0.0,3.643,281952,0.008,0.002,0.165,0.045,0.302,0.083,0.528,0.145,0.255,0.000
2,2,125,6,ApplyRotaryPosEmb_7,ApplyRotaryPosEmb,static,AI_VECTOR_CORE,1784812101653780.570	,10.220,0.000000,32,0,NO,"""64,1,16,128;64,1,2,128;64,1,1,128;64,1,1,128""",FLOAT16;FLOAT16;FLOAT16;FLOAT16,NCHW;NCHW;NCHW;NCHW,"""64,1,16,128;64,1,2,128""",FLOAT16;FLOAT16,NCHW;NCHW,N/A,0.0,0,0.0,0.0,0.0,0.0,0.0,0.0,0.0,0.0,0.0,0.0,0.0,8.208,472794,0.259,0.032,1.398,0.17,0.994,0.121,0.508,0.062,0.134,0.000
2,2,126,6,Scatter_14,Scatter,static,AI_VECTOR_CORE,1784812101653790.810	,4.100,0.030000,43,0,NO,"""64,2,1024,128;64;64,2,1,128""",FLOAT16;INT64;FLOAT16,NCHW;NCHW;NCHW,"""64,2,1024,128""",FLOAT16,NCHW,N/A,0.0,0,0.0,0.0,0.0,0.0,0.0,0.0,0.0,0.0,0.0,0.0,0.0,2.12,164072,0.008,0.004,0.683,0.322,0.134,0.063,1.245,0.587,0.036,0.000
2,2,127,6,IncreFlashAttention_7,IncreFlashAttention,static,MIX_AIC,1784812101653796.110	,70.140,1.150000,24,48,NO,"""64,16,1,128;64,2,1024,128;64,2,1024,128;64,1,1,1024""",FLOAT16;FLOAT16;FLOAT16;BOOL,NCHW;NCHW;NCHW;NCHW,"""64,16,1,128""",FLOAT16,NCHW,0,65.604,2834103,5.735,0.087,38.179,0.582,14.372,0.219,42.328,0.645,17.166,0.262,0.001,59.875,5173240,3.728,0.062,6.241,0.104,1.9,0.032,1.936,0.032,0.036,93.533
2,2,128,6,MatMul_36,MatMul,static,AI_CORE,1784812101653867.490	,8.460,1.360000,22,0,NO,"""64,2048;1024,2048""",FLOAT16;FLOAT16,ND;ND,"""64,1024""",FLOAT16,ND,N/A,6.576,260398,1.112,0.169,0.442,0.067,1.614,0.245,5.467,0.831,0.379,0.058,0.0,0.0,0,0.0,0.0,0.0,0.0,0.0,0.0,0.0,0.0,0.0,71.250
2,2,129,6,InplaceAddRmsNorm_14,InplaceAddRmsNorm,static,AI_VECTOR_CORE,1784812101653875.970	,8.500,0.040000,32,0,NO,"""64,1,1024;64,1,1024;1024""",FLOAT16;FLOAT16;FLOAT16,ND;ND;ND,"""64,1,1024;64,1,1;64,1,1024""",FLOAT16;FLOAT;FLOAT16,ND;ND;ND,N/A,0.0,0,0.0,0.0,0.0,0.0,0.0,0.0,0.0,0.0,0.0,0.0,0.0,5.566,320574,0.529,0.095,1.785,0.321,0.66,0.119,0.768,0.138,0.099,0.000
2,2,130,6,MatMul_37,MatMul,static,AI_CORE,1784812101653884.490	,12.340,0.000000,24,0,NO,"""64,1024;3072,1024""",FLOAT16;FLOAT16,ND;ND,"""64,3072""",FLOAT16,ND,N/A,9.724,420062,1.365,0.14,0.164,0.017,1.687,0.173,7.19,0.739,0.282,0.029,0.156,0.0,0,0.0,0.0,0.0,0.0,0.0,0.0,0.0,0.0,0.0,78.798
2,2,131,6,MatMul_38,MatMul,static,AI_CORE,1784812101653896.850	,9.560,0.000000,24,0,NO,"""64,1024;3072,1024""",FLOAT16;FLOAT16,ND;ND,"""64,3072""",FLOAT16,ND,N/A,6.717,290181,1.355,0.202,0.48,0.071,1.706,0.254,5.454,0.812,0.278,0.041,0.0,0.0,0,0.0,0.0,0.0,0.0,0.0,0.0,0.0,0.0,0.0,70.263
2,2,132,6,Swish_7Mul_10,AutomaticBufferFusionOp,static,AI_VECTOR_CORE,1784812101653906.430	,8.120,0.190000,48,0,NO,"""64,1,3072;64,1,3072""",FLOAT16;FLOAT16,ND;ND,"""64,1,3072""",FLOAT16,ND,N/A,0.0,0,0.0,0.0,0.0,0.0,0.0,0.0,0.0,0.0,0.0,0.0,0.0,6.105,527482,0.403,0.066,0.163,0.027,1.82,0.298,0.68,0.111,0.207,0.000
2,2,133,6,MatMul_39,MatMul,static,AI_CORE,1784812101653914.570	,13.160,0.000000,22,0,NO,"""64,3072;1024,3072""",FLOAT16;FLOAT16,ND;ND,"""64,1024""",FLOAT16,ND,N/A,11.197,443420,1.688,0.151,0.354,0.032,2.436,0.218,8.957,0.8,0.416,0.037,0.052,0.0,0,0.0,0.0,0.0,0.0,0.0,0.0,0.0,0.0,0.0,77.997
2,2,134,6,InplaceAddRmsNorm_15,InplaceAddRmsNorm,static,AI_VECTOR_CORE,1784812101653927.750	,7.640,0.090000,32,0,NO,"""64,1,1024;64,1,1024;1024""",FLOAT16;FLOAT16;FLOAT16,ND;ND;ND,"""64,1,1024;64,1,1;64,1,1024""",FLOAT16;FLOAT;FLOAT16,ND;ND;ND,N/A,0.0,0,0.0,0.0,0.0,0.0,0.0,0.0,0.0,0.0,0.0,0.0,0.0,4.039,232637,0.538,0.133,1.789,0.443,0.315,0.078,0.441,0.109,0.072,0.000
2,2,135,6,MatMul_40,MatMul,static,AI_CORE,1784812101653935.410	,12.060,0.110000,23,0,NO,"""64,1024;2560,1024""",FLOAT16;FLOAT16,ND;ND,"""64,2560""",FLOAT16,ND,N/A,9.818,406466,1.183,0.121,0.172,0.018,1.56,0.159,6.972,0.71,0.645,0.066,0.165,0.0,0,0.0,0.0,0.0,0.0,0.0,0.0,0.0,0.0,0.0,78.018
2,2,136,6,SplitV_10,SplitVD,static,AI_VECTOR_CORE,1784812101653947.490	,3.800,0.000000,2,0,NO,"""64,1,2560""",FLOAT16,ND,"""64,1,2048;64,1,256;64,1,256""",FLOAT16;FLOAT16;FLOAT16,ND;ND;ND,N/A,0.0,0,0.0,0.0,0.0,0.0,0.0,0.0,0.0,0.0,0.0,0.0,0.0,3.112,11202,0.008,0.002,0.119,0.038,1.158,0.372,1.599,0.514,0.2,0.000
2,2,137,6,Scatter_17,Scatter,static,AI_VECTOR_CORE,1784812101653951.310	,6.780,0.000000,43,0,NO,"""64,2,1024,128;64;64,2,1,128""",FLOAT16;INT64;FLOAT16,NCHW;NCHW;NCHW,"""64,2,1024,128""",FLOAT16,NCHW,N/A,0.0,0,0.0,0.0,0.0,0.0,0.0,0.0,0.0,0.0,0.0,0.0,0.0,3.481,269428,0.008,0.002,0.167,0.048,0.322,0.092,0.439,0.126,0.259,0.000
2,2,138,6,ApplyRotaryPosEmb_8,ApplyRotaryPosEmb,static,AI_VECTOR_CORE,1784812101653958.130	,9.660,0.220000,32,0,NO,"""64,1,16,128;64,1,2,128;64,1,1,128;64,1,1,128""",FLOAT16;FLOAT16;FLOAT16;FLOAT16,NCHW;NCHW;NCHW;NCHW,"""64,1,16,128;64,1,2,128""",FLOAT16;FLOAT16,NCHW;NCHW,N/A,0.0,0,0.0,0.0,0.0,0.0,0.0,0.0,0.0,0.0,0.0,0.0,0.0,6.939,399675,0.258,0.037,1.42,0.205,0.4,0.058,0.234,0.034,0.135,0.000
2,2,139,6,Scatter_16,Scatter,static,AI_VECTOR_CORE,1784812101653967.810	,4.540,0.000000,43,0,NO,"""64,2,1024,128;64;64,2,1,128""",FLOAT16;INT64;FLOAT16,NCHW;NCHW;NCHW,"""64,2,1024,128""",FLOAT16,NCHW,N/A,0.0,0,0.0,0.0,0.0,0.0,0.0,0.0,0.0,0.0,0.0,0.0,0.0,2.149,166322,0.008,0.004,1.495,0.696,0.162,0.076,0.465,0.216,0.039,0.000
2,2,140,6,IncreFlashAttention_8,IncreFlashAttention,static,MIX_AIC,1784812101653973.390	,68.800,1.210000,24,48,NO,"""64,16,1,128;64,2,1024,128;64,2,1024,128;64,1,1,1024""",FLOAT16;FLOAT16;FLOAT16;BOOL,NCHW;NCHW;NCHW;NCHW,"""64,16,1,128""",FLOAT16,NCHW,0,63.832,2757557,5.736,0.09,37.939,0.594,14.371,0.225,41.718,0.654,17.065,0.267,0.001,58.204,5028783,3.731,0.064,7.34,0.126,2.06,0.035,1.925,0.033,0.034,92.780
2,2,141,6,MatMul_41,MatMul,static,AI_CORE,1784812101654042.890	,8.080,0.700000,22,0,NO,"""64,2048;1024,2048""",FLOAT16;FLOAT16,ND;ND,"""64,1024""",FLOAT16,ND,N/A,6.309,249840,1.122,0.178,0.613,0.097,1.6,0.254,5.175,0.82,0.412,0.065,0.0,0.0,0,0.0,0.0,0.0,0.0,0.0,0.0,0.0,0.0,0.0,71.576
2,2,142,6,InplaceAddRmsNorm_16,InplaceAddRmsNorm,static,AI_VECTOR_CORE,1784812101654051.010	,10.220,0.000000,32,0,NO,"""64,1,1024;64,1,1024;1024""",FLOAT16;FLOAT16;FLOAT16,ND;ND;ND,"""64,1,1024;64,1,1;64,1,1024""",FLOAT16;FLOAT;FLOAT16,ND;ND;ND,N/A,0.0,0,0.0,0.0,0.0,0.0,0.0,0.0,0.0,0.0,0.0,0.0,0.0,7.389,425583,0.522,0.071,1.919,0.26,1.827,0.247,0.916,0.124,0.099,0.000
2,2,143,6,MatMul_42,MatMul,static,AI_CORE,1784812101654061.270	,11.340,0.030000,24,0,NO,"""64,1024;3072,1024""",FLOAT16;FLOAT16,ND;ND,"""64,3072""",FLOAT16,ND,N/A,8.564,369977,1.369,0.16,0.161,0.019,1.717,0.201,5.68,0.663,0.278,0.032,0.152,0.0,0,0.0,0.0,0.0,0.0,0.0,0.0,0.0,0.0,0.0,75.523
2,2,144,6,MatMul_43,MatMul,static,AI_CORE,1784812101654072.630	,9.040,0.160000,24,0,NO,"""64,1024;3072,1024""",FLOAT16;FLOAT16,ND;ND,"""64,3072""",FLOAT16,ND,N/A,6.544,282698,1.362,0.208,0.384,0.059,1.703,0.26,5.38,0.822,0.277,0.042,0.0,0.0,0,0.0,0.0,0.0,0.0,0.0,0.0,0.0,0.0,0.0,72.389
2,2,145,6,Swish_8Mul_11,AutomaticBufferFusionOp,static,AI_VECTOR_CORE,1784812101654081.690	,8.120,0.000000,48,0,NO,"""64,1,3072;64,1,3072""",FLOAT16;FLOAT16,ND;ND,"""64,1,3072""",FLOAT16,ND,N/A,0.0,0,0.0,0.0,0.0,0.0,0.0,0.0,0.0,0.0,0.0,0.0,0.0,6.045,522262,0.404,0.067,0.125,0.021,1.665,0.276,0.806,0.133,0.211,0.000
2,2,146,6,MatMul_44,MatMul,static,AI_CORE,1784812101654089.830	,13.460,0.000000,22,0,NO,"""64,3072;1024,3072""",FLOAT16;FLOAT16,ND;ND,"""64,1024""",FLOAT16,ND,N/A,11.389,451015,1.691,0.149,0.343,0.03,2.434,0.214,9.204,0.808,0.4,0.035,0.052,0.0,0,0.0,0.0,0.0,0.0,0.0,0.0,0.0,0.0,0.0,77.564
2,2,147,6,InplaceAddRmsNorm_17,InplaceAddRmsNorm,static,AI_VECTOR_CORE,1784812101654103.310	,6.740,0.040000,32,0,NO,"""64,1,1024;64,1,1024;1024""",FLOAT16;FLOAT16;FLOAT16,ND;ND;ND,"""64,1,1024;64,1,1;64,1,1024""",FLOAT16;FLOAT;FLOAT16,ND;ND;ND,N/A,0.0,0,0.0,0.0,0.0,0.0,0.0,0.0,0.0,0.0,0.0,0.0,0.0,4.036,232459,0.534,0.132,2.158,0.535,0.779,0.193,0.438,0.109,0.072,0.000
2,2,148,6,MatMul_45,MatMul,static,AI_CORE,1784812101654110.070	,11.080,0.010000,23,0,NO,"""64,1024;2560,1024""",FLOAT16;FLOAT16,ND;ND,"""64,2560""",FLOAT16,ND,N/A,8.351,345717,1.182,0.142,0.164,0.02,1.553,0.186,5.283,0.633,0.628,0.075,0.166,0.0,0,0.0,0.0,0.0,0.0,0.0,0.0,0.0,0.0,0.0,72.227
2,2,149,6,SplitV_11,SplitVD,static,AI_VECTOR_CORE,1784812101654121.190	,3.740,0.170000,2,0,NO,"""64,1,2560""",FLOAT16,ND,"""64,1,2048;64,1,256;64,1,256""",FLOAT16;FLOAT16;FLOAT16,ND;ND;ND,N/A,0.0,0,0.0,0.0,0.0,0.0,0.0,0.0,0.0,0.0,0.0,0.0,0.0,3.048,10973,0.008,0.003,0.134,0.044,1.096,0.36,1.542,0.506,0.231,0.000
2,2,150,6,Scatter_19,Scatter,static,AI_VECTOR_CORE,1784812101654124.950	,6.740,0.010000,43,0,NO,"""64,2,1024,128;64;64,2,1,128""",FLOAT16;INT64;FLOAT16,NCHW;NCHW;NCHW,"""64,2,1024,128""",FLOAT16,NCHW,N/A,0.0,0,0.0,0.0,0.0,0.0,0.0,0.0,0.0,0.0,0.0,0.0,0.0,3.451,267120,0.008,0.002,0.163,0.047,0.125,0.036,0.444,0.129,0.263,0.000
2,2,151,6,ApplyRotaryPosEmb_9,ApplyRotaryPosEmb,static,AI_VECTOR_CORE,1784812101654131.710	,10.200,0.010000,32,0,NO,"""64,1,16,128;64,1,2,128;64,1,1,128;64,1,1,128""",FLOAT16;FLOAT16;FLOAT16;FLOAT16,NCHW;NCHW;NCHW;NCHW,"""64,1,16,128;64,1,2,128""",FLOAT16;FLOAT16,NCHW;NCHW,N/A,0.0,0,0.0,0.0,0.0,0.0,0.0,0.0,0.0,0.0,0.0,0.0,0.0,8.32,479232,0.258,0.031,1.363,0.164,1.02,0.123,0.507,0.061,0.135,0.000
2,2,152,6,Scatter_18,Scatter,static,AI_VECTOR_CORE,1784812101654141.950	,5.760,0.050000,43,0,NO,"""64,2,1024,128;64;64,2,1,128""",FLOAT16;INT64;FLOAT16,NCHW;NCHW;NCHW,"""64,2,1024,128""",FLOAT16,NCHW,N/A,0.0,0,0.0,0.0,0.0,0.0,0.0,0.0,0.0,0.0,0.0,0.0,0.0,3.66,283283,0.008,0.002,1.243,0.34,1.317,0.36,1.044,0.285,0.039,0.000
2,2,153,6,IncreFlashAttention_9,IncreFlashAttention,static,MIX_AIC,1784812101654148.810	,68.460,0.990000,24,48,NO,"""64,16,1,128;64,2,1024,128;64,2,1024,128;64,1,1,1024""",FLOAT16;FLOAT16;FLOAT16;BOOL,NCHW;NCHW;NCHW;NCHW,"""64,16,1,128""",FLOAT16,NCHW,0,64.135,2770653,5.736,0.089,37.56,0.586,14.37,0.224,42.224,0.658,16.956,0.264,0.001,58.498,5054248,3.729,0.064,5.183,0.089,1.868,0.032,1.967,0.034,0.035,93.683
2,2,154,6,MatMul_46,MatMul,static,AI_CORE,1784812101654218.330	,9.200,1.040000,22,0,NO,"""64,2048;1024,2048""",FLOAT16;FLOAT16,ND;ND,"""64,1024""",FLOAT16,ND,N/A,7.11,281566,1.12,0.158,0.718,0.101,1.606,0.226,5.726,0.805,0.403,0.057,0.0,0.0,0,0.0,0.0,0.0,0.0,0.0,0.0,0.0,0.0,0.0,70.845
2,2,155,6,InplaceAddRmsNorm_18,InplaceAddRmsNorm,static,AI_VECTOR_CORE,1784812101654227.550	,8.400,0.050000,32,0,NO,"""64,1,1024;64,1,1024;1024""",FLOAT16;FLOAT16;FLOAT16,ND;ND;ND,"""64,1,1024;64,1,1;64,1,1024""",FLOAT16;FLOAT;FLOAT16,ND;ND;ND,N/A,0.0,0,0.0,0.0,0.0,0.0,0.0,0.0,0.0,0.0,0.0,0.0,0.0,5.502,316909,0.531,0.096,1.89,0.344,0.657,0.119,0.724,0.132,0.099,0.000
2,2,156,6,MatMul_47,MatMul,static,AI_CORE,1784812101654235.970	,12.000,0.100000,24,0,NO,"""64,1024;3072,1024""",FLOAT16;FLOAT16,ND;ND,"""64,3072""",FLOAT16,ND,N/A,9.925,428761,1.361,0.137,0.162,0.016,1.703,0.172,7.412,0.747,0.278,0.028,0.158,0.0,0,0.0,0.0,0.0,0.0,0.0,0.0,0.0,0.0,0.0,82.709
2,2,157,6,MatMul_48,MatMul,static,AI_CORE,1784812101654248.010	,8.540,0.000000,24,0,NO,"""64,1024;3072,1024""",FLOAT16;FLOAT16,ND;ND,"""64,3072""",FLOAT16,ND,N/A,6.293,271850,1.359,0.216,0.364,0.058,1.691,0.269,5.15,0.818,0.279,0.044,0.0,0.0,0,0.0,0.0,0.0,0.0,0.0,0.0,0.0,0.0,0.0,73.686
2,2,158,6,Swish_9Mul_12,AutomaticBufferFusionOp,static,AI_VECTOR_CORE,1784812101654256.570	,8.460,0.000000,48,0,NO,"""64,1,3072;64,1,3072""",FLOAT16;FLOAT16,ND;ND,"""64,1,3072""",FLOAT16,ND,N/A,0.0,0,0.0,0.0,0.0,0.0,0.0,0.0,0.0,0.0,0.0,0.0,0.0,6.075,524898,0.403,0.066,0.126,0.021,1.635,0.269,0.718,0.118,0.212,0.000
2,2,159,6,MatMul_49,MatMul,static,AI_CORE,1784812101654265.050	,12.660,0.040000,22,0,NO,"""64,3072;1024,3072""",FLOAT16;FLOAT16,ND;ND,"""64,1024""",FLOAT16,ND,N/A,10.12,400757,1.693,0.167,0.323,0.032,2.43,0.24,7.831,0.774,0.405,0.04,0.054,0.0,0,0.0,0.0,0.0,0.0,0.0,0.0,0.0,0.0,0.0,73.276
2,2,160,6,InplaceAddRmsNorm_19,InplaceAddRmsNorm,static,AI_VECTOR_CORE,1784812101654277.750	,6.580,0.090000,32,0,NO,"""64,1,1024;64,1,1024;1024""",FLOAT16;FLOAT16;FLOAT16,ND;ND;ND,"""64,1,1024;64,1,1;64,1,1024""",FLOAT16;FLOAT;FLOAT16,ND;ND;ND,N/A,0.0,0,0.0,0.0,0.0,0.0,0.0,0.0,0.0,0.0,0.0,0.0,0.0,3.638,209549,0.534,0.147,2.057,0.566,0.397,0.109,0.475,0.131,0.072,0.000
2,2,161,6,MatMul_50,MatMul,static,AI_CORE,1784812101654284.350	,12.180,0.000000,23,0,NO,"""64,1024;2560,1024""",FLOAT16;FLOAT16,ND;ND,"""64,2560""",FLOAT16,ND,N/A,9.766,404296,1.189,0.122,0.165,0.017,1.552,0.159,6.891,0.706,0.678,0.069,0.169,0.0,0,0.0,0.0,0.0,0.0,0.0,0.0,0.0,0.0,0.0,76.837
2,2,162,6,SplitV_12,SplitVD,static,AI_VECTOR_CORE,1784812101654296.570	,3.660,0.070000,2,0,NO,"""64,1,2560""",FLOAT16,ND,"""64,1,2048;64,1,256;64,1,256""",FLOAT16;FLOAT16;FLOAT16,ND;ND;ND,N/A,0.0,0,0.0,0.0,0.0,0.0,0.0,0.0,0.0,0.0,0.0,0.0,0.0,2.93,10547,0.008,0.003,0.143,0.049,1.117,0.381,1.474,0.503,0.231,0.000
2,2,163,6,Scatter_21,Scatter,static,AI_VECTOR_CORE,1784812101654300.250	,6.840,0.090000,43,0,NO,"""64,2,1024,128;64;64,2,1,128""",FLOAT16;INT64;FLOAT16,NCHW;NCHW;NCHW,"""64,2,1024,128""",FLOAT16,NCHW,N/A,0.0,0,0.0,0.0,0.0,0.0,0.0,0.0,0.0,0.0,0.0,0.0,0.0,3.476,269035,0.008,0.002,0.166,0.048,0.298,0.086,0.451,0.13,0.258,0.000
2,2,164,6,ApplyRotaryPosEmb_10,ApplyRotaryPosEmb,static,AI_VECTOR_CORE,1784812101654307.130	,10.180,0.160000,32,0,NO,"""64,1,16,128;64,1,2,128;64,1,1,128;64,1,1,128""",FLOAT16;FLOAT16;FLOAT16;FLOAT16,NCHW;NCHW;NCHW;NCHW,"""64,1,16,128;64,1,2,128""",FLOAT16;FLOAT16,NCHW;NCHW,N/A,0.0,0,0.0,0.0,0.0,0.0,0.0,0.0,0.0,0.0,0.0,0.0,0.0,7.136,411047,0.259,0.036,1.384,0.194,0.455,0.064,0.229,0.032,0.136,0.000
2,2,165,6,Scatter_20,Scatter,static,AI_VECTOR_CORE,1784812101654317.330	,3.720,0.000000,43,0,NO,"""64,2,1024,128;64;64,2,1,128""",FLOAT16;INT64;FLOAT16,NCHW;NCHW;NCHW,"""64,2,1024,128""",FLOAT16,NCHW,N/A,0.0,0,0.0,0.0,0.0,0.0,0.0,0.0,0.0,0.0,0.0,0.0,0.0,1.735,134325,0.008,0.004,0.558,0.321,0.143,0.082,0.982,0.566,0.041,0.000
2,2,166,6,IncreFlashAttention_10,IncreFlashAttention,static,MIX_AIC,1784812101654322.310	,69.660,1.280000,24,48,NO,"""64,16,1,128;64,2,1024,128;64,2,1024,128;64,1,1,1024""",FLOAT16;FLOAT16;FLOAT16;BOOL,NCHW;NCHW;NCHW;NCHW,"""64,16,1,128""",FLOAT16,NCHW,0,63.869,2759161,5.736,0.09,38.022,0.595,14.371,0.225,41.183,0.645,16.891,0.264,0.001,58.458,5050782,3.729,0.064,6.207,0.106,1.801,0.031,1.917,0.033,0.035,91.687
2,2,167,6,MatMul_51,MatMul,static,AI_CORE,1784812101654393.090	,8.800,1.090000,22,0,NO,"""64,2048;1024,2048""",FLOAT16;FLOAT16,ND;ND,"""64,1024""",FLOAT16,ND,N/A,6.264,248061,1.119,0.179,0.376,0.06,1.609,0.257,5.244,0.837,0.364,0.058,0.0,0.0,0,0.0,0.0,0.0,0.0,0.0,0.0,0.0,0.0,0.0,65.252
2,2,168,6,InplaceAddRmsNorm_20,InplaceAddRmsNorm,static,AI_VECTOR_CORE,1784812101654401.910	,8.560,0.200000,32,0,NO,"""64,1,1024;64,1,1024;1024""",FLOAT16;FLOAT16;FLOAT16,ND;ND;ND,"""64,1,1024;64,1,1;64,1,1024""",FLOAT16;FLOAT;FLOAT16,ND;ND;ND,N/A,0.0,0,0.0,0.0,0.0,0.0,0.0,0.0,0.0,0.0,0.0,0.0,0.0,5.579,321371,0.533,0.096,1.86,0.333,0.413,0.074,0.477,0.086,0.1,0.000
2,2,169,6,MatMul_52,MatMul,static,AI_CORE,1784812101654410.510	,12.580,0.000000,24,0,NO,"""64,1024;3072,1024""",FLOAT16;FLOAT16,ND;ND,"""64,3072""",FLOAT16,ND,N/A,10.038,433639,1.369,0.136,0.164,0.016,1.703,0.17,7.491,0.746,0.285,0.028,0.157,0.0,0,0.0,0.0,0.0,0.0,0.0,0.0,0.0,0.0,0.0,79.793
2,2,170,6,MatMul_53,MatMul,static,AI_CORE,1784812101654423.110	,8.960,0.000000,24,0,NO,"""64,1024;3072,1024""",FLOAT16;FLOAT16,ND;ND,"""64,3072""",FLOAT16,ND,N/A,6.575,284024,1.378,0.21,0.571,0.087,1.69,0.257,5.411,0.823,0.281,0.043,0.0,0.0,0,0.0,0.0,0.0,0.0,0.0,0.0,0.0,0.0,0.0,73.378
2,2,171,6,Swish_10Mul_13,AutomaticBufferFusionOp,static,AI_VECTOR_CORE,1784812101654432.090	,8.080,0.040000,48,0,NO,"""64,1,3072;64,1,3072""",FLOAT16;FLOAT16,ND;ND,"""64,1,3072""",FLOAT16,ND,N/A,0.0,0,0.0,0.0,0.0,0.0,0.0,0.0,0.0,0.0,0.0,0.0,0.0,6.036,521553,0.404,0.067,0.127,0.021,1.688,0.28,0.797,0.132,0.21,0.000
2,2,172,6,MatMul_54,MatMul,static,AI_CORE,1784812101654440.190	,13.520,0.170000,22,0,NO,"""64,3072;1024,3072""",FLOAT16;FLOAT16,ND;ND,"""64,1024""",FLOAT16,ND,N/A,11.595,459148,1.691,0.146,0.316,0.027,2.425,0.209,9.374,0.808,0.434,0.037,0.053,0.0,0,0.0,0.0,0.0,0.0,0.0,0.0,0.0,0.0,0.0,78.613
2,2,173,6,InplaceAddRmsNorm_21,InplaceAddRmsNorm,static,AI_VECTOR_CORE,1784812101654453.730	,6.600,0.000000,32,0,NO,"""64,1,1024;64,1,1024;1024""",FLOAT16;FLOAT16;FLOAT16,ND;ND;ND,"""64,1,1024;64,1,1;64,1,1024""",FLOAT16;FLOAT;FLOAT16,ND;ND;ND,N/A,0.0,0,0.0,0.0,0.0,0.0,0.0,0.0,0.0,0.0,0.0,0.0,0.0,3.514,202427,0.533,0.152,2.032,0.578,0.385,0.109,0.442,0.126,0.073,0.000
2,2,174,6,MatMul_55,MatMul,static,AI_CORE,1784812101654460.350	,12.040,0.000000,23,0,NO,"""64,1024;2560,1024""",FLOAT16;FLOAT16,ND;ND,"""64,2560""",FLOAT16,ND,N/A,9.714,402177,1.177,0.121,0.162,0.017,1.568,0.161,6.84,0.704,0.678,0.07,0.166,0.0,0,0.0,0.0,0.0,0.0,0.0,0.0,0.0,0.0,0.0,77.323
2,2,175,6,SplitV_13,SplitVD,static,AI_VECTOR_CORE,1784812101654472.410	,3.900,0.210000,2,0,NO,"""64,1,2560""",FLOAT16,ND,"""64,1,2048;64,1,256;64,1,256""",FLOAT16;FLOAT16;FLOAT16,ND;ND;ND,N/A,0.0,0,0.0,0.0,0.0,0.0,0.0,0.0,0.0,0.0,0.0,0.0,0.0,3.146,11326,0.008,0.002,0.16,0.051,1.13,0.359,1.639,0.521,0.2,0.000
2,2,176,6,Scatter_23,Scatter,static,AI_VECTOR_CORE,1784812101654476.330	,6.640,0.000000,43,0,NO,"""64,2,1024,128;64;64,2,1,128""",FLOAT16;INT64;FLOAT16,NCHW;NCHW;NCHW,"""64,2,1024,128""",FLOAT16,NCHW,N/A,0.0,0,0.0,0.0,0.0,0.0,0.0,0.0,0.0,0.0,0.0,0.0,0.0,3.477,269124,0.008,0.002,0.161,0.046,0.323,0.093,0.431,0.124,0.26,0.000
2,2,177,6,ApplyRotaryPosEmb_11,ApplyRotaryPosEmb,static,AI_VECTOR_CORE,1784812101654482.990	,10.140,0.110000,32,0,NO,"""64,1,16,128;64,1,2,128;64,1,1,128;64,1,1,128""",FLOAT16;FLOAT16;FLOAT16;FLOAT16,NCHW;NCHW;NCHW;NCHW,"""64,1,16,128;64,1,2,128""",FLOAT16;FLOAT16,NCHW;NCHW,N/A,0.0,0,0.0,0.0,0.0,0.0,0.0,0.0,0.0,0.0,0.0,0.0,0.0,8.235,474350,0.259,0.031,1.366,0.166,1.029,0.125,0.57,0.069,0.137,0.000
2,2,178,6,Scatter_22,Scatter,static,AI_VECTOR_CORE,1784812101654493.170	,4.060,0.110000,43,0,NO,"""64,2,1024,128;64;64,2,1,128""",FLOAT16;INT64;FLOAT16,NCHW;NCHW;NCHW,"""64,2,1024,128""",FLOAT16,NCHW,N/A,0.0,0,0.0,0.0,0.0,0.0,0.0,0.0,0.0,0.0,0.0,0.0,0.0,2.107,163113,0.008,0.004,0.524,0.249,0.138,0.065,1.381,0.655,0.038,0.000
2,2,179,6,IncreFlashAttention_11,IncreFlashAttention,static,MIX_AIC,1784812101654498.290	,69.340,0.940000,24,48,NO,"""64,16,1,128;64,2,1024,128;64,2,1024,128;64,1,1,1024""",FLOAT16;FLOAT16;FLOAT16;BOOL,NCHW;NCHW;NCHW;NCHW,"""64,16,1,128""",FLOAT16,NCHW,0,64.655,2793082,5.736,0.089,38.52,0.596,14.373,0.222,41.57,0.643,16.858,0.261,0.001,58.66,5068210,3.73,0.064,7.226,0.123,1.96,0.033,1.951,0.033,0.033,93.243
2,2,180,6,MatMul_56,MatMul,static,AI_CORE,1784812101654568.390	,8.380,0.910000,22,0,NO,"""64,2048;1024,2048""",FLOAT16;FLOAT16,ND;ND,"""64,1024""",FLOAT16,ND,N/A,6.276,248510,1.118,0.178,0.554,0.088,1.616,0.257,5.02,0.8,0.406,0.065,0.0,0.0,0,0.0,0.0,0.0,0.0,0.0,0.0,0.0,0.0,0.0,68.646
2,2,181,6,InplaceAddRmsNorm_22,InplaceAddRmsNorm,static,AI_VECTOR_CORE,1784812101654576.790	,8.300,0.000000,32,0,NO,"""64,1,1024;64,1,1024;1024""",FLOAT16;FLOAT16;FLOAT16,ND;ND;ND,"""64,1,1024;64,1,1;64,1,1024""",FLOAT16;FLOAT;FLOAT16,ND;ND;ND,N/A,0.0,0,0.0,0.0,0.0,0.0,0.0,0.0,0.0,0.0,0.0,0.0,0.0,5.409,311567,0.532,0.098,1.88,0.348,0.594,0.11,0.727,0.134,0.099,0.000
2,2,182,6,MatMul_57,MatMul,static,AI_CORE,1784812101654585.110	,11.760,0.000000,24,0,NO,"""64,1024;3072,1024""",FLOAT16;FLOAT16,ND;ND,"""64,3072""",FLOAT16,ND,N/A,9.181,396639,1.358,0.148,0.166,0.018,1.703,0.185,6.299,0.686,0.283,0.031,0.159,0.0,0,0.0,0.0,0.0,0.0,0.0,0.0,0.0,0.0,0.0,78.074
2,2,183,6,MatMul_58,MatMul,static,AI_CORE,1784812101654596.910	,10.780,0.240000,24,0,NO,"""64,1024;3072,1024""",FLOAT16;FLOAT16,ND;ND,"""64,3072""",FLOAT16,ND,N/A,8.007,345919,1.37,0.171,0.919,0.115,1.707,0.213,6.305,0.787,0.279,0.035,0.0,0.0,0,0.0,0.0,0.0,0.0,0.0,0.0,0.0,0.0,0.0,74.280
2,2,184,6,Swish_11Mul_14,AutomaticBufferFusionOp,static,AI_VECTOR_CORE,1784812101654607.710	,8.120,0.000000,48,0,NO,"""64,1,3072;64,1,3072""",FLOAT16;FLOAT16,ND;ND,"""64,1,3072""",FLOAT16,ND,N/A,0.0,0,0.0,0.0,0.0,0.0,0.0,0.0,0.0,0.0,0.0,0.0,0.0,6.075,524906,0.403,0.066,0.125,0.021,1.815,0.299,0.678,0.112,0.211,0.000
2,2,185,6,MatMul_59,MatMul,static,AI_CORE,1784812101654615.850	,13.240,0.000000,22,0,NO,"""64,3072;1024,3072""",FLOAT16;FLOAT16,ND;ND,"""64,1024""",FLOAT16,ND,N/A,11.137,441026,1.688,0.152,0.318,0.029,2.427,0.218,8.871,0.797,0.475,0.043,0.054,0.0,0,0.0,0.0,0.0,0.0,0.0,0.0,0.0,0.0,0.0,77.107
2,2,186,6,InplaceAddRmsNorm_23,InplaceAddRmsNorm,static,AI_VECTOR_CORE,1784812101654629.130	,7.000,0.260000,32,0,NO,"""64,1,1024;64,1,1024;1024""",FLOAT16;FLOAT16;FLOAT16,ND;ND;ND,"""64,1,1024;64,1,1;64,1,1024""",FLOAT16;FLOAT;FLOAT16,ND;ND;ND,N/A,0.0,0,0.0,0.0,0.0,0.0,0.0,0.0,0.0,0.0,0.0,0.0,0.0,3.937,226777,0.533,0.135,2.23,0.566,0.404,0.103,0.464,0.118,0.071,0.000
2,2,187,6,MatMul_60,MatMul,static,AI_CORE,1784812101654636.150	,11.460,0.000000,23,0,NO,"""64,1024;2560,1024""",FLOAT16;FLOAT16,ND;ND,"""64,2560""",FLOAT16,ND,N/A,8.346,345530,1.192,0.143,0.167,0.02,1.55,0.186,5.04,0.604,0.661,0.079,0.166,0.0,0,0.0,0.0,0.0,0.0,0.0,0.0,0.0,0.0,0.0,69.794
2,2,188,6,SplitV_14,SplitVD,static,AI_VECTOR_CORE,1784812101654647.630	,3.780,0.040000,2,0,NO,"""64,1,2560""",FLOAT16,ND,"""64,1,2048;64,1,256;64,1,256""",FLOAT16;FLOAT16;FLOAT16,ND;ND;ND,N/A,0.0,0,0.0,0.0,0.0,0.0,0.0,0.0,0.0,0.0,0.0,0.0,0.0,3.029,10904,0.008,0.003,0.104,0.034,1.158,0.382,1.485,0.49,0.231,0.000
2,2,189,6,Scatter_25,Scatter,static,AI_VECTOR_CORE,1784812101654651.450	,7.260,0.000000,43,0,NO,"""64,2,1024,128;64;64,2,1,128""",FLOAT16;INT64;FLOAT16,NCHW;NCHW;NCHW,"""64,2,1024,128""",FLOAT16,NCHW,N/A,0.0,0,0.0,0.0,0.0,0.0,0.0,0.0,0.0,0.0,0.0,0.0,0.0,3.618,280027,0.008,0.002,0.167,0.046,0.117,0.032,0.424,0.117,0.258,0.000
2,2,190,6,ApplyRotaryPosEmb_12,ApplyRotaryPosEmb,static,AI_VECTOR_CORE,1784812101654658.730	,10.220,0.000000,32,0,NO,"""64,1,16,128;64,1,2,128;64,1,1,128;64,1,1,128""",FLOAT16;FLOAT16;FLOAT16;FLOAT16,NCHW;NCHW;NCHW;NCHW,"""64,1,16,128;64,1,2,128""",FLOAT16;FLOAT16,NCHW;NCHW,N/A,0.0,0,0.0,0.0,0.0,0.0,0.0,0.0,0.0,0.0,0.0,0.0,0.0,6.99,402619,0.259,0.037,1.386,0.198,0.422,0.06,0.198,0.028,0.137,0.000
2,2,191,6,Scatter_24,Scatter,static,AI_VECTOR_CORE,1784812101654668.970	,3.760,0.030000,43,0,NO,"""64,2,1024,128;64;64,2,1,128""",FLOAT16;INT64;FLOAT16,NCHW;NCHW;NCHW,"""64,2,1024,128""",FLOAT16,NCHW,N/A,0.0,0,0.0,0.0,0.0,0.0,0.0,0.0,0.0,0.0,0.0,0.0,0.0,1.794,138823,0.008,0.004,0.635,0.354,0.118,0.066,0.978,0.545,0.04,0.000
2,2,192,6,IncreFlashAttention_12,IncreFlashAttention,static,MIX_AIC,1784812101654673.870	,70.240,0.990000,24,48,NO,"""64,16,1,128;64,2,1024,128;64,2,1024,128;64,1,1,1024""",FLOAT16;FLOAT16;FLOAT16;BOOL,NCHW;NCHW;NCHW;NCHW,"""64,16,1,128""",FLOAT16,NCHW,0,64.408,2782432,5.736,0.089,37.575,0.583,14.371,0.223,41.05,0.637,16.719,0.26,0.001,58.588,5062040,3.728,0.064,6.192,0.106,1.762,0.03,1.946,0.033,0.037,91.697
2,2,193,6,MatMul_61,MatMul,static,AI_CORE,1784812101654745.250	,7.400,1.260000,22,0,NO,"""64,2048;1024,2048""",FLOAT16;FLOAT16,ND;ND,"""64,1024""",FLOAT16,ND,N/A,5.861,232105,1.116,0.19,0.431,0.074,1.605,0.274,4.645,0.792,0.504,0.086,0.0,0.0,0,0.0,0.0,0.0,0.0,0.0,0.0,0.0,0.0,0.0,72.605
2,2,194,6,InplaceAddRmsNorm_24,InplaceAddRmsNorm,static,AI_VECTOR_CORE,1784812101654752.670	,8.380,0.100000,32,0,NO,"""64,1,1024;64,1,1024;1024""",FLOAT16;FLOAT16;FLOAT16,ND;ND;ND,"""64,1,1024;64,1,1;64,1,1024""",FLOAT16;FLOAT;FLOAT16,ND;ND;ND,N/A,0.0,0,0.0,0.0,0.0,0.0,0.0,0.0,0.0,0.0,0.0,0.0,0.0,5.433,312930,0.536,0.099,1.775,0.327,0.398,0.073,0.524,0.097,0.101,0.000
2,2,195,6,MatMul_62,MatMul,static,AI_CORE,1784812101654761.070	,11.420,0.000000,24,0,NO,"""64,1024;3072,1024""",FLOAT16;FLOAT16,ND;ND,"""64,3072""",FLOAT16,ND,N/A,9.57,413404,1.353,0.141,0.164,0.017,1.694,0.177,7.044,0.736,0.281,0.029,0.154,0.0,0,0.0,0.0,0.0,0.0,0.0,0.0,0.0,0.0,0.0,83.796
2,2,196,6,MatMul_63,MatMul,static,AI_CORE,1784812101654772.510	,8.000,0.080000,24,0,NO,"""64,1024;3072,1024""",FLOAT16;FLOAT16,ND;ND,"""64,3072""",FLOAT16,ND,N/A,6.044,261113,1.361,0.225,0.467,0.077,1.696,0.281,4.782,0.791,0.282,0.047,0.0,0.0,0,0.0,0.0,0.0,0.0,0.0,0.0,0.0,0.0,0.0,75.554
2,2,197,6,Swish_12Mul_15,AutomaticBufferFusionOp,static,AI_VECTOR_CORE,1784812101654780.530	,8.400,0.000000,48,0,NO,"""64,1,3072;64,1,3072""",FLOAT16;FLOAT16,ND;ND,"""64,1,3072""",FLOAT16,ND,N/A,0.0,0,0.0,0.0,0.0,0.0,0.0,0.0,0.0,0.0,0.0,0.0,0.0,6.086,525807,0.404,0.066,0.13,0.021,1.537,0.253,0.701,0.115,0.209,0.000
2,2,198,6,MatMul_64,MatMul,static,AI_CORE,1784812101654788.950	,11.460,0.100000,22,0,NO,"""64,3072;1024,3072""",FLOAT16;FLOAT16,ND;ND,"""64,1024""",FLOAT16,ND,N/A,9.525,377197,1.692,0.178,0.324,0.034,2.436,0.256,7.053,0.74,0.447,0.047,0.054,0.0,0,0.0,0.0,0.0,0.0,0.0,0.0,0.0,0.0,0.0,76.190
2,2,199,6,InplaceAddRmsNorm_25,InplaceAddRmsNorm,static,AI_VECTOR_CORE,1784812101654800.430	,6.840,0.040000,32,0,NO,"""64,1,1024;64,1,1024;1024""",FLOAT16;FLOAT16;FLOAT16,ND;ND;ND,"""64,1,1024;64,1,1;64,1,1024""",FLOAT16;FLOAT;FLOAT16,ND;ND;ND,N/A,0.0,0,0.0,0.0,0.0,0.0,0.0,0.0,0.0,0.0,0.0,0.0,0.0,3.92,225778,0.534,0.136,2.217,0.565,0.512,0.131,0.471,0.12,0.073,0.000
2,2,200,6,MatMul_65,MatMul,static,AI_CORE,1784812101654807.290	,11.740,0.000000,23,0,NO,"""64,1024;2560,1024""",FLOAT16;FLOAT16,ND;ND,"""64,2560""",FLOAT16,ND,N/A,9.23,382123,1.186,0.128,0.176,0.019,1.548,0.168,6.388,0.692,0.613,0.066,0.157,0.0,0,0.0,0.0,0.0,0.0,0.0,0.0,0.0,0.0,0.0,75.344
2,2,201,6,SplitV_15,SplitVD,static,AI_VECTOR_CORE,1784812101654819.050	,3.700,0.010000,2,0,NO,"""64,1,2560""",FLOAT16,ND,"""64,1,2048;64,1,256;64,1,256""",FLOAT16;FLOAT16;FLOAT16,ND;ND;ND,N/A,0.0,0,0.0,0.0,0.0,0.0,0.0,0.0,0.0,0.0,0.0,0.0,0.0,2.885,10387,0.008,0.003,0.122,0.042,1.118,0.387,1.484,0.514,0.231,0.000
2,2,202,6,Scatter_27,Scatter,static,AI_VECTOR_CORE,1784812101654822.770	,6.760,0.050000,43,0,NO,"""64,2,1024,128;64;64,2,1,128""",FLOAT16;INT64;FLOAT16,NCHW;NCHW;NCHW,"""64,2,1024,128""",FLOAT16,NCHW,N/A,0.0,0,0.0,0.0,0.0,0.0,0.0,0.0,0.0,0.0,0.0,0.0,0.0,3.483,269616,0.008,0.002,0.212,0.061,0.297,0.085,0.408,0.117,0.256,0.000
2,2,203,6,ApplyRotaryPosEmb_13,ApplyRotaryPosEmb,static,AI_VECTOR_CORE,1784812101654829.570	,10.320,0.000000,32,0,NO,"""64,1,16,128;64,1,2,128;64,1,1,128;64,1,1,128""",FLOAT16;FLOAT16;FLOAT16;FLOAT16,NCHW;NCHW;NCHW;NCHW,"""64,1,16,128;64,1,2,128""",FLOAT16;FLOAT16,NCHW;NCHW,N/A,0.0,0,0.0,0.0,0.0,0.0,0.0,0.0,0.0,0.0,0.0,0.0,0.0,8.283,477120,0.259,0.031,1.408,0.17,1.041,0.126,0.529,0.064,0.134,0.000
2,2,204,6,Scatter_26,Scatter,static,AI_VECTOR_CORE,1784812101654839.910	,3.320,0.180000,43,0,NO,"""64,2,1024,128;64;64,2,1,128""",FLOAT16;INT64;FLOAT16,NCHW;NCHW;NCHW,"""64,2,1024,128""",FLOAT16,NCHW,N/A,0.0,0,0.0,0.0,0.0,0.0,0.0,0.0,0.0,0.0,0.0,0.0,0.0,1.573,121717,0.008,0.005,0.667,0.424,0.117,0.074,0.73,0.464,0.038,0.000
2,2,205,6,IncreFlashAttention_13,IncreFlashAttention,static,MIX_AIC,1784812101654844.330	,70.040,0.930000,24,48,NO,"""64,16,1,128;64,2,1024,128;64,2,1024,128;64,1,1,1024""",FLOAT16;FLOAT16;FLOAT16;BOOL,NCHW;NCHW;NCHW;NCHW,"""64,16,1,128""",FLOAT16,NCHW,0,65.427,2826455,5.736,0.088,39.795,0.608,14.373,0.22,41.712,0.638,16.813,0.257,0.001,60.177,5199257,3.73,0.062,10.688,0.178,1.864,0.031,1.969,0.033,0.033,93.414
2,2,206,6,MatMul_66,MatMul,static,AI_CORE,1784812101654915.070	,7.720,0.710000,22,0,NO,"""64,2048;1024,2048""",FLOAT16;FLOAT16,ND;ND,"""64,1024""",FLOAT16,ND,N/A,6.046,239430,1.122,0.186,0.424,0.07,1.61,0.266,4.858,0.803,0.479,0.079,0.0,0.0,0,0.0,0.0,0.0,0.0,0.0,0.0,0.0,0.0,0.0,71.792
2,2,207,6,InplaceAddRmsNorm_26,InplaceAddRmsNorm,static,AI_VECTOR_CORE,1784812101654922.810	,8.500,0.030000,32,0,NO,"""64,1,1024;64,1,1024;1024""",FLOAT16;FLOAT16;FLOAT16,ND;ND;ND,"""64,1,1024;64,1,1;64,1,1024""",FLOAT16;FLOAT;FLOAT16,ND;ND;ND,N/A,0.0,0,0.0,0.0,0.0,0.0,0.0,0.0,0.0,0.0,0.0,0.0,0.0,5.569,320759,0.53,0.095,1.823,0.327,0.665,0.119,0.772,0.139,0.1,0.000
2,2,208,6,MatMul_67,MatMul,static,AI_CORE,1784812101654931.330	,11.480,0.000000,24,0,NO,"""64,1024;3072,1024""",FLOAT16;FLOAT16,ND;ND,"""64,3072""",FLOAT16,ND,N/A,9.516,411084,1.357,0.143,0.2,0.021,1.675,0.176,6.988,0.734,0.28,0.029,0.153,0.0,0,0.0,0.0,0.0,0.0,0.0,0.0,0.0,0.0,0.0,82.891
2,2,209,6,MatMul_68,MatMul,static,AI_CORE,1784812101654942.830	,8.340,0.020000,24,0,NO,"""64,1024;3072,1024""",FLOAT16;FLOAT16,ND;ND,"""64,3072""",FLOAT16,ND,N/A,6.086,262926,1.356,0.223,0.452,0.074,1.707,0.28,4.848,0.797,0.279,0.046,0.0,0.0,0,0.0,0.0,0.0,0.0,0.0,0.0,0.0,0.0,0.0,72.977
2,2,210,6,Swish_13Mul_16,AutomaticBufferFusionOp,static,AI_VECTOR_CORE,1784812101654951.190	,8.040,0.160000,48,0,NO,"""64,1,3072;64,1,3072""",FLOAT16;FLOAT16,ND;ND,"""64,1,3072""",FLOAT16,ND,N/A,0.0,0,0.0,0.0,0.0,0.0,0.0,0.0,0.0,0.0,0.0,0.0,0.0,6.054,523063,0.403,0.067,0.129,0.021,1.793,0.296,0.692,0.114,0.208,0.000
2,2,211,6,MatMul_69,MatMul,static,AI_CORE,1784812101654959.250	,12.720,0.000000,22,0,NO,"""64,3072;1024,3072""",FLOAT16;FLOAT16,ND;ND,"""64,1024""",FLOAT16,ND,N/A,10.934,432968,1.685,0.154,0.316,0.029,2.444,0.224,8.668,0.793,0.477,0.044,0.053,0.0,0,0.0,0.0,0.0,0.0,0.0,0.0,0.0,0.0,0.0,78.793
2,2,212,6,InplaceAddRmsNorm_27,InplaceAddRmsNorm,static,AI_VECTOR_CORE,1784812101654971.990	,6.680,0.030000,32,0,NO,"""64,1,1024;64,1,1024;1024""",FLOAT16;FLOAT16;FLOAT16,ND;ND;ND,"""64,1,1024;64,1,1;64,1,1024""",FLOAT16;FLOAT;FLOAT16,ND;ND;ND,N/A,0.0,0,0.0,0.0,0.0,0.0,0.0,0.0,0.0,0.0,0.0,0.0,0.0,3.824,220286,0.534,0.14,2.167,0.567,0.501,0.131,0.475,0.124,0.073,0.000
2,2,213,6,MatMul_70,MatMul,static,AI_CORE,1784812101654978.710	,11.840,0.070000,23,0,NO,"""64,1024;2560,1024""",FLOAT16;FLOAT16,ND;ND,"""64,2560""",FLOAT16,ND,N/A,9.329,386203,1.183,0.127,0.2,0.021,1.545,0.166,6.47,0.694,0.642,0.069,0.162,0.0,0,0.0,0.0,0.0,0.0,0.0,0.0,0.0,0.0,0.0,75.506
2,2,214,6,SplitV_16,SplitVD,static,AI_VECTOR_CORE,1784812101654990.570	,3.760,0.000000,2,0,NO,"""64,1,2560""",FLOAT16,ND,"""64,1,2048;64,1,256;64,1,256""",FLOAT16;FLOAT16;FLOAT16,ND;ND;ND,N/A,0.0,0,0.0,0.0,0.0,0.0,0.0,0.0,0.0,0.0,0.0,0.0,0.0,3.057,11006,0.008,0.003,0.149,0.049,1.166,0.381,1.565,0.512,0.216,0.000
2,2,215,6,Scatter_29,Scatter,static,AI_VECTOR_CORE,1784812101654994.350	,6.780,0.000000,43,0,NO,"""64,2,1024,128;64;64,2,1,128""",FLOAT16;INT64;FLOAT16,NCHW;NCHW;NCHW,"""64,2,1024,128""",FLOAT16,NCHW,N/A,0.0,0,0.0,0.0,0.0,0.0,0.0,0.0,0.0,0.0,0.0,0.0,0.0,3.472,268717,0.008,0.002,0.209,0.06,0.322,0.093,0.406,0.117,0.259,0.000
2,2,216,6,ApplyRotaryPosEmb_14,ApplyRotaryPosEmb,static,AI_VECTOR_CORE,1784812101655001.170	,10.180,0.220000,32,0,NO,"""64,1,16,128;64,1,2,128;64,1,1,128;64,1,1,128""",FLOAT16;FLOAT16;FLOAT16;FLOAT16,NCHW;NCHW;NCHW;NCHW,"""64,1,16,128;64,1,2,128""",FLOAT16;FLOAT16,NCHW;NCHW,N/A,0.0,0,0.0,0.0,0.0,0.0,0.0,0.0,0.0,0.0,0.0,0.0,0.0,8.193,471936,0.259,0.032,1.392,0.17,0.966,0.118,0.477,0.058,0.134,0.000
2,2,217,6,Scatter_28,Scatter,static,AI_VECTOR_CORE,1784812101655011.370	,3.360,0.000000,43,0,NO,"""64,2,1024,128;64;64,2,1,128""",FLOAT16;INT64;FLOAT16,NCHW;NCHW;NCHW,"""64,2,1024,128""",FLOAT16,NCHW,N/A,0.0,0,0.0,0.0,0.0,0.0,0.0,0.0,0.0,0.0,0.0,0.0,0.0,1.504,116405,0.008,0.005,0.647,0.43,0.117,0.078,0.683,0.454,0.04,0.000
2,2,218,6,IncreFlashAttention_14,IncreFlashAttention,static,MIX_AIC,1784812101655016.190	,66.620,1.640000,24,48,NO,"""64,16,1,128;64,2,1024,128;64,2,1024,128;64,1,1,1024""",FLOAT16;FLOAT16;FLOAT16;BOOL,NCHW;NCHW;NCHW;NCHW,"""64,16,1,128""",FLOAT16,NCHW,0,63.379,2737955,5.736,0.091,37.9,0.598,14.369,0.227,41.343,0.652,16.955,0.268,0.001,57.931,5005234,3.728,0.064,6.132,0.106,1.76,0.03,1.954,0.034,0.033,95.134
2,2,219,6,MatMul_71,MatMul,static,AI_CORE,1784812101655083.850	,7.640,0.880000,22,0,NO,"""64,2048;1024,2048""",FLOAT16;FLOAT16,ND;ND,"""64,1024""",FLOAT16,ND,N/A,5.7,225730,1.121,0.197,0.346,0.061,1.604,0.281,4.677,0.82,0.402,0.071,0.0,0.0,0,0.0,0.0,0.0,0.0,0.0,0.0,0.0,0.0,0.0,68.393
2,2,220,6,InplaceAddRmsNorm_28,InplaceAddRmsNorm,static,AI_VECTOR_CORE,1784812101655091.510	,8.320,0.110000,32,0,NO,"""64,1,1024;64,1,1024;1024""",FLOAT16;FLOAT16;FLOAT16,ND;ND;ND,"""64,1,1024;64,1,1;64,1,1024""",FLOAT16;FLOAT;FLOAT16,ND;ND;ND,N/A,0.0,0,0.0,0.0,0.0,0.0,0.0,0.0,0.0,0.0,0.0,0.0,0.0,5.484,315863,0.531,0.097,1.962,0.358,0.655,0.119,0.74,0.135,0.1,0.000
2,2,221,6,MatMul_72,MatMul,static,AI_CORE,1784812101655099.850	,11.240,0.000000,24,0,NO,"""64,1024;3072,1024""",FLOAT16;FLOAT16,ND;ND,"""64,3072""",FLOAT16,ND,N/A,8.492,366852,1.354,0.159,0.195,0.023,1.726,0.203,5.721,0.674,0.281,0.033,0.155,0.0,0,0.0,0.0,0.0,0.0,0.0,0.0,0.0,0.0,0.0,75.551
2,2,222,6,MatMul_73,MatMul,static,AI_CORE,1784812101655111.110	,8.820,0.010000,24,0,NO,"""64,1024;3072,1024""",FLOAT16;FLOAT16,ND;ND,"""64,3072""",FLOAT16,ND,N/A,6.001,259254,1.365,0.227,0.379,0.063,1.684,0.281,4.838,0.806,0.279,0.046,0.0,0.0,0,0.0,0.0,0.0,0.0,0.0,0.0,0.0,0.0,0.0,68.041
2,2,223,6,Swish_14Mul_17,AutomaticBufferFusionOp,static,AI_VECTOR_CORE,1784812101655119.950	,8.140,0.180000,48,0,NO,"""64,1,3072;64,1,3072""",FLOAT16;FLOAT16,ND;ND,"""64,1,3072""",FLOAT16,ND,N/A,0.0,0,0.0,0.0,0.0,0.0,0.0,0.0,0.0,0.0,0.0,0.0,0.0,6.046,522379,0.404,0.067,0.129,0.021,1.667,0.276,0.806,0.133,0.21,0.000
2,2,224,6,MatMul_74,MatMul,static,AI_CORE,1784812101655128.110	,14.060,0.000000,22,0,NO,"""64,3072;1024,3072""",FLOAT16;FLOAT16,ND;ND,"""64,1024""",FLOAT16,ND,N/A,12.235,484507,1.685,0.138,0.312,0.026,2.451,0.2,9.988,0.816,0.431,0.035,0.053,0.0,0,0.0,0.0,0.0,0.0,0.0,0.0,0.0,0.0,0.0,79.768
2,2,225,6,InplaceAddRmsNorm_29,InplaceAddRmsNorm,static,AI_VECTOR_CORE,1784812101655142.190	,7.960,0.190000,32,0,NO,"""64,1,1024;64,1,1024;1024""",FLOAT16;FLOAT16;FLOAT16,ND;ND;ND,"""64,1,1024;64,1,1;64,1,1024""",FLOAT16;FLOAT;FLOAT16,ND;ND;ND,N/A,0.0,0,0.0,0.0,0.0,0.0,0.0,0.0,0.0,0.0,0.0,0.0,0.0,4.202,242008,0.54,0.129,1.753,0.417,0.344,0.082,0.438,0.104,0.072,0.000
2,2,226,6,MatMul_75,MatMul,static,AI_CORE,1784812101655150.170	,10.460,0.040000,23,0,NO,"""64,1024;2560,1024""",FLOAT16;FLOAT16,ND;ND,"""64,2560""",FLOAT16,ND,N/A,8.007,331479,1.182,0.148,0.163,0.02,1.544,0.193,4.697,0.587,0.667,0.083,0.159,0.0,0,0.0,0.0,0.0,0.0,0.0,0.0,0.0,0.0,0.0,73.357
2,2,227,6,SplitV_17,SplitVD,static,AI_VECTOR_CORE,1784812101655160.650	,3.820,0.040000,2,0,NO,"""64,1,2560""",FLOAT16,ND,"""64,1,2048;64,1,256;64,1,256""",FLOAT16;FLOAT16;FLOAT16,ND;ND;ND,N/A,0.0,0,0.0,0.0,0.0,0.0,0.0,0.0,0.0,0.0,0.0,0.0,0.0,3.145,11322,0.008,0.002,0.109,0.035,1.122,0.357,1.615,0.514,0.231,0.000
2,2,228,6,Scatter_31,Scatter,static,AI_VECTOR_CORE,1784812101655164.490	,6.760,0.000000,43,0,NO,"""64,2,1024,128;64;64,2,1,128""",FLOAT16;INT64;FLOAT16,NCHW;NCHW;NCHW,"""64,2,1024,128""",FLOAT16,NCHW,N/A,0.0,0,0.0,0.0,0.0,0.0,0.0,0.0,0.0,0.0,0.0,0.0,0.0,3.428,265349,0.008,0.002,0.163,0.048,0.137,0.04,0.425,0.124,0.258,0.000
2,2,229,6,ApplyRotaryPosEmb_15,ApplyRotaryPosEmb,static,AI_VECTOR_CORE,1784812101655171.290	,9.780,0.000000,32,0,NO,"""64,1,16,128;64,1,2,128;64,1,1,128;64,1,1,128""",FLOAT16;FLOAT16;FLOAT16;FLOAT16,NCHW;NCHW;NCHW;NCHW,"""64,1,16,128;64,1,2,128""",FLOAT16;FLOAT16,NCHW;NCHW,N/A,0.0,0,0.0,0.0,0.0,0.0,0.0,0.0,0.0,0.0,0.0,0.0,0.0,6.985,402344,0.258,0.037,1.39,0.199,0.431,0.062,0.231,0.033,0.136,0.000
2,2,230,6,Scatter_30,Scatter,static,AI_VECTOR_CORE,1784812101655181.090	,2.740,0.000000,43,0,NO,"""64,2,1024,128;64;64,2,1,128""",FLOAT16;INT64;FLOAT16,NCHW;NCHW;NCHW,"""64,2,1024,128""",FLOAT16,NCHW,N/A,0.0,0,0.0,0.0,0.0,0.0,0.0,0.0,0.0,0.0,0.0,0.0,0.0,1.266,98023,0.008,0.006,0.56,0.442,0.148,0.117,0.503,0.397,0.037,0.000
2,2,231,6,IncreFlashAttention_15,IncreFlashAttention,static,MIX_AIC,1784812101655184.970	,70.180,1.260000,24,48,NO,"""64,16,1,128;64,2,1024,128;64,2,1024,128;64,1,1,1024""",FLOAT16;FLOAT16;FLOAT16;BOOL,NCHW;NCHW;NCHW;NCHW,"""64,16,1,128""",FLOAT16,NCHW,0,64.225,2774526,5.736,0.089,37.187,0.579,14.372,0.224,41.12,0.64,16.799,0.262,0.001,58.538,5057703,3.73,0.064,5.57,0.095,1.94,0.033,1.946,0.033,0.038,91.515
2,2,232,6,MatMul_76,MatMul,static,AI_CORE,1784812101655256.330	,8.060,1.070000,22,0,NO,"""64,2048;1024,2048""",FLOAT16;FLOAT16,ND;ND,"""64,1024""",FLOAT16,ND,N/A,5.926,234686,1.115,0.188,0.362,0.061,1.606,0.271,4.849,0.818,0.423,0.071,0.0,0.0,0,0.0,0.0,0.0,0.0,0.0,0.0,0.0,0.0,0.0,67.401
2,2,233,6,InplaceAddRmsNorm_30,InplaceAddRmsNorm,static,AI_VECTOR_CORE,1784812101655264.410	,8.480,0.190000,32,0,NO,"""64,1,1024;64,1,1024;1024""",FLOAT16;FLOAT16;FLOAT16,ND;ND;ND,"""64,1,1024;64,1,1;64,1,1024""",FLOAT16;FLOAT;FLOAT16,ND;ND;ND,N/A,0.0,0,0.0,0.0,0.0,0.0,0.0,0.0,0.0,0.0,0.0,0.0,0.0,5.585,321720,0.531,0.095,1.912,0.342,0.665,0.119,0.729,0.131,0.1,0.000
2,2,234,6,MatMul_77,MatMul,static,AI_CORE,1784812101655272.910	,11.820,0.020000,24,0,NO,"""64,1024;3072,1024""",FLOAT16;FLOAT16,ND;ND,"""64,3072""",FLOAT16,ND,N/A,9.642,416542,1.361,0.141,0.163,0.017,1.714,0.178,7.115,0.738,0.279,0.029,0.151,0.0,0,0.0,0.0,0.0,0.0,0.0,0.0,0.0,0.0,0.0,81.575
2,2,235,6,MatMul_78,MatMul,static,AI_CORE,1784812101655284.750	,9.180,0.000000,24,0,NO,"""64,1024;3072,1024""",FLOAT16;FLOAT16,ND;ND,"""64,3072""",FLOAT16,ND,N/A,6.168,266439,1.358,0.22,0.378,0.061,1.703,0.276,5.002,0.811,0.278,0.045,0.0,0.0,0,0.0,0.0,0.0,0.0,0.0,0.0,0.0,0.0,0.0,67.185
2,2,236,6,Swish_15Mul_18,AutomaticBufferFusionOp,static,AI_VECTOR_CORE,1784812101655293.950	,8.420,0.070000,48,0,NO,"""64,1,3072;64,1,3072""",FLOAT16;FLOAT16,ND;ND,"""64,1,3072""",FLOAT16,ND,N/A,0.0,0,0.0,0.0,0.0,0.0,0.0,0.0,0.0,0.0,0.0,0.0,0.0,6.117,528547,0.403,0.066,0.182,0.03,1.491,0.244,0.709,0.116,0.206,0.000
2,2,237,6,MatMul_79,MatMul,static,AI_CORE,1784812101655302.390	,11.820,0.080000,22,0,NO,"""64,3072;1024,3072""",FLOAT16;FLOAT16,ND;ND,"""64,1024""",FLOAT16,ND,N/A,9.841,389694,1.688,0.171,0.333,0.034,2.427,0.247,7.273,0.739,0.421,0.043,0.053,0.0,0,0.0,0.0,0.0,0.0,0.0,0.0,0.0,0.0,0.0,76.317
2,2,238,6,InplaceAddRmsNorm_31,InplaceAddRmsNorm,static,AI_VECTOR_CORE,1784812101655314.230	,6.340,0.000000,32,0,NO,"""64,1,1024;64,1,1024;1024""",FLOAT16;FLOAT16;FLOAT16,ND;ND;ND,"""64,1,1024;64,1,1;64,1,1024""",FLOAT16;FLOAT;FLOAT16,ND;ND;ND,N/A,0.0,0,0.0,0.0,0.0,0.0,0.0,0.0,0.0,0.0,0.0,0.0,0.0,3.9,224612,0.531,0.136,1.804,0.463,1.111,0.285,0.416,0.107,0.074,0.000
2,2,239,6,MatMul_80,MatMul,static,AI_CORE,1784812101655320.590	,11.860,0.000000,23,0,NO,"""64,1024;2560,1024""",FLOAT16;FLOAT16,ND;ND,"""64,2560""",FLOAT16,ND,N/A,9.529,394488,1.184,0.124,0.165,0.017,1.555,0.163,6.626,0.695,0.694,0.073,0.166,0.0,0,0.0,0.0,0.0,0.0,0.0,0.0,0.0,0.0,0.0,76.996
2,2,240,6,SplitV_18,SplitVD,static,AI_VECTOR_CORE,1784812101655332.470	,3.700,0.140000,2,0,NO,"""64,1,2560""",FLOAT16,ND,"""64,1,2048;64,1,256;64,1,256""",FLOAT16;FLOAT16;FLOAT16,ND;ND;ND,N/A,0.0,0,0.0,0.0,0.0,0.0,0.0,0.0,0.0,0.0,0.0,0.0,0.0,2.974,10706,0.008,0.003,0.114,0.038,1.092,0.367,1.524,0.512,0.2,0.000
2,2,241,6,Scatter_33,Scatter,static,AI_VECTOR_CORE,1784812101655336.190	,6.860,0.050000,43,0,NO,"""64,2,1024,128;64;64,2,1,128""",FLOAT16;INT64;FLOAT16,NCHW;NCHW;NCHW,"""64,2,1024,128""",FLOAT16,NCHW,N/A,0.0,0,0.0,0.0,0.0,0.0,0.0,0.0,0.0,0.0,0.0,0.0,0.0,3.454,267303,0.008,0.002,0.166,0.048,0.299,0.087,0.421,0.122,0.26,0.000
2,2,242,6,ApplyRotaryPosEmb_16,ApplyRotaryPosEmb,static,AI_VECTOR_CORE,1784812101655343.090	,10.220,0.000000,32,0,NO,"""64,1,16,128;64,1,2,128;64,1,1,128;64,1,1,128""",FLOAT16;FLOAT16;FLOAT16;FLOAT16,NCHW;NCHW;NCHW;NCHW,"""64,1,16,128;64,1,2,128""",FLOAT16;FLOAT16,NCHW;NCHW,N/A,0.0,0,0.0,0.0,0.0,0.0,0.0,0.0,0.0,0.0,0.0,0.0,0.0,8.273,476549,0.259,0.031,1.414,0.171,0.924,0.112,0.456,0.055,0.136,0.000
2,2,243,6,Scatter_32,Scatter,static,AI_VECTOR_CORE,1784812101655353.330	,3.860,0.030000,43,0,NO,"""64,2,1024,128;64;64,2,1,128""",FLOAT16;INT64;FLOAT16,NCHW;NCHW;NCHW,"""64,2,1024,128""",FLOAT16,NCHW,N/A,0.0,0,0.0,0.0,0.0,0.0,0.0,0.0,0.0,0.0,0.0,0.0,0.0,1.837,142166,0.008,0.004,1.242,0.676,0.134,0.073,0.436,0.238,0.041,0.000
2,2,244,6,IncreFlashAttention_16,IncreFlashAttention,static,MIX_AIC,1784812101655358.670	,69.160,1.640000,24,48,NO,"""64,16,1,128;64,2,1024,128;64,2,1024,128;64,1,1,1024""",FLOAT16;FLOAT16;FLOAT16;BOOL,NCHW;NCHW;NCHW;NCHW,"""64,16,1,128""",FLOAT16,NCHW,0,63.756,2754260,5.736,0.09,37.232,0.584,14.372,0.225,41.961,0.658,16.965,0.266,0.001,57.973,5008864,3.728,0.064,6.015,0.104,1.727,0.03,1.917,0.033,0.033,92.186
2,2,245,6,MatMul_81,MatMul,static,AI_CORE,1784812101655428.750	,7.540,0.840000,22,0,NO,"""64,2048;1024,2048""",FLOAT16;FLOAT16,ND;ND,"""64,1024""",FLOAT16,ND,N/A,5.946,235471,1.115,0.188,1.198,0.201,1.601,0.269,4.101,0.69,0.431,0.072,0.0,0.0,0,0.0,0.0,0.0,0.0,0.0,0.0,0.0,0.0,0.0,72.291
2,2,246,6,InplaceAddRmsNorm_32,InplaceAddRmsNorm,static,AI_VECTOR_CORE,1784812101655436.310	,8.500,0.000000,32,0,NO,"""64,1,1024;64,1,1024;1024""",FLOAT16;FLOAT16;FLOAT16,ND;ND;ND,"""64,1,1024;64,1,1;64,1,1024""",FLOAT16;FLOAT;FLOAT16,ND;ND;ND,N/A,0.0,0,0.0,0.0,0.0,0.0,0.0,0.0,0.0,0.0,0.0,0.0,0.0,5.547,319488,0.531,0.096,1.905,0.343,0.626,0.113,0.705,0.127,0.099,0.000
2,2,247,6,MatMul_82,MatMul,static,AI_CORE,1784812101655444.830	,10.420,0.000000,24,0,NO,"""64,1024;3072,1024""",FLOAT16;FLOAT16,ND;ND,"""64,3072""",FLOAT16,ND,N/A,8.36,361159,1.363,0.163,0.163,0.019,1.679,0.201,5.401,0.646,0.281,0.034,0.155,0.0,0,0.0,0.0,0.0,0.0,0.0,0.0,0.0,0.0,0.0,80.232
2,2,248,6,MatMul_83,MatMul,static,AI_CORE,1784812101655455.270	,8.320,0.080000,24,0,NO,"""64,1024;3072,1024""",FLOAT16;FLOAT16,ND;ND,"""64,3072""",FLOAT16,ND,N/A,6.157,265978,1.351,0.22,0.399,0.065,1.698,0.276,4.96,0.806,0.282,0.046,0.0,0.0,0,0.0,0.0,0.0,0.0,0.0,0.0,0.0,0.0,0.0,74.001
2,2,249,6,Swish_16Mul_19,AutomaticBufferFusionOp,static,AI_VECTOR_CORE,1784812101655463.610	,8.080,0.000000,48,0,NO,"""64,1,3072;64,1,3072""",FLOAT16;FLOAT16,ND;ND,"""64,1,3072""",FLOAT16,ND,N/A,0.0,0,0.0,0.0,0.0,0.0,0.0,0.0,0.0,0.0,0.0,0.0,0.0,6.0,518369,0.404,0.067,0.128,0.021,1.655,0.276,0.795,0.132,0.21,0.000
2,2,250,6,MatMul_84,MatMul,static,AI_CORE,1784812101655471.710	,13.540,0.170000,22,0,NO,"""64,3072;1024,3072""",FLOAT16;FLOAT16,ND;ND,"""64,1024""",FLOAT16,ND,N/A,11.851,469306,1.682,0.142,0.338,0.029,2.434,0.205,9.597,0.81,0.413,0.035,0.051,0.0,0,0.0,0.0,0.0,0.0,0.0,0.0,0.0,0.0,0.0,80.233
2,2,251,6,InplaceAddRmsNorm_33,InplaceAddRmsNorm,static,AI_VECTOR_CORE,1784812101655485.270	,8.480,0.000000,32,0,NO,"""64,1,1024;64,1,1024;1024""",FLOAT16;FLOAT16;FLOAT16,ND;ND;ND,"""64,1,1024;64,1,1;64,1,1024""",FLOAT16;FLOAT;FLOAT16,ND;ND;ND,N/A,0.0,0,0.0,0.0,0.0,0.0,0.0,0.0,0.0,0.0,0.0,0.0,0.0,4.574,263474,0.535,0.117,1.967,0.43,0.312,0.068,0.46,0.101,0.069,0.000
2,2,252,6,MatMul_85,MatMul,static,AI_CORE,1784812101655493.770	,10.720,0.020000,23,0,NO,"""64,1024;2560,1024""",FLOAT16;FLOAT16,ND;ND,"""64,2560""",FLOAT16,ND,N/A,7.905,327286,1.183,0.15,0.165,0.021,1.557,0.197,4.545,0.575,0.708,0.09,0.162,0.0,0,0.0,0.0,0.0,0.0,0.0,0.0,0.0,0.0,0.0,70.672
2,2,253,6,SplitV_19,SplitVD,static,AI_VECTOR_CORE,1784812101655504.510	,4.120,0.030000,2,0,NO,"""64,1,2560""",FLOAT16,ND,"""64,1,2048;64,1,256;64,1,256""",FLOAT16;FLOAT16;FLOAT16,ND;ND;ND,N/A,0.0,0,0.0,0.0,0.0,0.0,0.0,0.0,0.0,0.0,0.0,0.0,0.0,3.3,11880,0.008,0.002,0.144,0.044,1.141,0.346,1.576,0.478,0.231,0.000
2,2,254,6,Scatter_35,Scatter,static,AI_VECTOR_CORE,1784812101655508.650	,6.800,0.130000,43,0,NO,"""64,2,1024,128;64;64,2,1,128""",FLOAT16;INT64;FLOAT16,NCHW;NCHW;NCHW,"""64,2,1024,128""",FLOAT16,NCHW,N/A,0.0,0,0.0,0.0,0.0,0.0,0.0,0.0,0.0,0.0,0.0,0.0,0.0,3.497,270651,0.008,0.002,0.162,0.046,0.123,0.035,0.397,0.114,0.258,0.000
2,2,255,6,ApplyRotaryPosEmb_17,ApplyRotaryPosEmb,static,AI_VECTOR_CORE,1784812101655515.470	,9.720,0.000000,32,0,NO,"""64,1,16,128;64,1,2,128;64,1,1,128;64,1,1,128""",FLOAT16;FLOAT16;FLOAT16;FLOAT16,NCHW;NCHW;NCHW;NCHW,"""64,1,16,128;64,1,2,128""",FLOAT16;FLOAT16,NCHW;NCHW,N/A,0.0,0,0.0,0.0,0.0,0.0,0.0,0.0,0.0,0.0,0.0,0.0,0.0,7.034,405183,0.258,0.037,1.382,0.196,0.473,0.067,0.241,0.034,0.135,0.000
2,2,256,6,Scatter_34,Scatter,static,AI_VECTOR_CORE,1784812101655525.230	,4.020,0.030000,43,0,NO,"""64,2,1024,128;64;64,2,1,128""",FLOAT16;INT64;FLOAT16,NCHW;NCHW;NCHW,"""64,2,1024,128""",FLOAT16,NCHW,N/A,0.0,0,0.0,0.0,0.0,0.0,0.0,0.0,0.0,0.0,0.0,0.0,0.0,2.231,172648,0.008,0.003,1.217,0.545,0.132,0.059,0.819,0.367,0.041,0.000
2,2,257,6,IncreFlashAttention_17,IncreFlashAttention,static,MIX_AIC,1784812101655530.390	,70.200,1.230000,24,48,NO,"""64,16,1,128;64,2,1024,128;64,2,1024,128;64,1,1,1024""",FLOAT16;FLOAT16;FLOAT16;BOOL,NCHW;NCHW;NCHW;NCHW,"""64,16,1,128""",FLOAT16,NCHW,0,63.764,2754590,5.735,0.09,36.465,0.572,14.372,0.225,41.761,0.655,16.969,0.266,0.001,58.216,5029861,3.731,0.064,4.646,0.08,2.148,0.037,1.94,0.033,0.037,90.831
2,2,258,6,MatMul_86,MatMul,static,AI_CORE,1784812101655601.710	,8.560,1.050000,22,0,NO,"""64,2048;1024,2048""",FLOAT16;FLOAT16,ND;ND,"""64,1024""",FLOAT16,ND,N/A,6.987,276694,1.117,0.16,0.889,0.127,1.605,0.23,5.449,0.78,0.397,0.057,0.0,0.0,0,0.0,0.0,0.0,0.0,0.0,0.0,0.0,0.0,0.0,74.824
2,2,259,6,InplaceAddRmsNorm_34,InplaceAddRmsNorm,static,AI_VECTOR_CORE,1784812101655610.290	,8.360,0.000000,32,0,NO,"""64,1,1024;64,1,1024;1024""",FLOAT16;FLOAT16;FLOAT16,ND;ND;ND,"""64,1,1024;64,1,1;64,1,1024""",FLOAT16;FLOAT;FLOAT16,ND;ND;ND,N/A,0.0,0,0.0,0.0,0.0,0.0,0.0,0.0,0.0,0.0,0.0,0.0,0.0,5.486,316010,0.535,0.097,1.913,0.349,0.62,0.113,0.735,0.134,0.1,0.000
2,2,260,6,MatMul_87,MatMul,static,AI_CORE,1784812101655618.690	,11.780,0.140000,24,0,NO,"""64,1024;3072,1024""",FLOAT16;FLOAT16,ND;ND,"""64,3072""",FLOAT16,ND,N/A,9.65,416866,1.361,0.141,0.162,0.017,1.708,0.177,7.122,0.738,0.278,0.029,0.152,0.0,0,0.0,0.0,0.0,0.0,0.0,0.0,0.0,0.0,0.0,81.916
2,2,261,6,MatMul_88,MatMul,static,AI_CORE,1784812101655630.490	,8.540,0.000000,24,0,NO,"""64,1024;3072,1024""",FLOAT16;FLOAT16,ND;ND,"""64,3072""",FLOAT16,ND,N/A,6.122,264472,1.349,0.22,0.456,0.074,1.681,0.275,4.875,0.796,0.281,0.046,0.0,0.0,0,0.0,0.0,0.0,0.0,0.0,0.0,0.0,0.0,0.0,71.687
2,2,262,6,Swish_17Mul_20,AutomaticBufferFusionOp,static,AI_VECTOR_CORE,1784812101655639.050	,8.460,0.000000,48,0,NO,"""64,1,3072;64,1,3072""",FLOAT16;FLOAT16,ND;ND,"""64,1,3072""",FLOAT16,ND,N/A,0.0,0,0.0,0.0,0.0,0.0,0.0,0.0,0.0,0.0,0.0,0.0,0.0,6.096,526710,0.403,0.066,0.13,0.021,1.515,0.248,0.716,0.117,0.21,0.000
2,2,263,6,MatMul_89,MatMul,static,AI_CORE,1784812101655647.530	,11.760,0.040000,22,0,NO,"""64,3072;1024,3072""",FLOAT16;FLOAT16,ND;ND,"""64,1024""",FLOAT16,ND,N/A,9.891,391697,1.681,0.17,0.325,0.033,2.435,0.246,7.376,0.746,0.444,0.045,0.053,0.0,0,0.0,0.0,0.0,0.0,0.0,0.0,0.0,0.0,0.0,77.101
2,2,264,6,InplaceAddRmsNorm_35,InplaceAddRmsNorm,static,AI_VECTOR_CORE,1784812101655659.330	,10.780,0.000000,32,0,NO,"""64,1,1024;64,1,1024;1024""",FLOAT16;FLOAT16;FLOAT16,ND;ND;ND,"""64,1,1024;64,1,1;64,1,1024""",FLOAT16;FLOAT;FLOAT16,ND;ND;ND,N/A,0.0,0,0.0,0.0,0.0,0.0,0.0,0.0,0.0,0.0,0.0,0.0,0.0,7.942,457452,0.569,0.072,1.895,0.239,0.477,0.06,0.492,0.062,0.166,0.000
2,2,265,6,MatMul_90,MatMul,static,AI_CORE,1784812101655670.150	,158.400,0.220000,24,0,NO,"""64,1024;103424,1024""",FLOAT16;FLOAT16,ND;ND,"""64,103424""",FLOAT16,ND,N/A,151.76,6556017,43.549,0.287,3.322,0.022,47.203,0.311,148.67,0.98,5.645,0.037,0.006,0.0,0,0.0,0.0,0.0,0.0,0.0,0.0,0.0,0.0,0.0,95.808
2,4294967295,874,3,aclnnInplaceCopy_CastAiCore_Cast,Cast,dynamic,AI_VECTOR_CORE,1784812101655846.510	,12.800,17.850000,48,0,NO,"""64,103424""",FLOAT16,ND,"""64,103424""",FLOAT,ND,N/A,0.0,0,0.0,0.0,0.0,0.0,0.0,0.0,0.0,0.0,0.0,0.0,0.0,11.351,980737,1.432,0.126,0.45,0.04,6.734,0.593,6.976,0.615,0.044,0.000
2,4294967295,875,3,aclnnArgMax_ArgMaxV2AiCore_ArgMaxV2,ArgMaxV2,dynamic,AI_VECTOR_CORE,1784812101655859.330	,32.060,0.000000,32,0,NO,"""64,103424;""",FLOAT;INT64,ND;ND,"""64,1""",INT32,ND,N/A,0.0,0,0.0,0.0,0.0,0.0,0.0,0.0,0.0,0.0,0.0,0.0,0.0,29.704,1710937,14.756,0.497,3.539,0.119,9.958,0.335,0.136,0.005,0.037,0.000
2,4294967295,876,3,aclnnArgMax_CastAiCore_Cast,Cast,dynamic,AI_VECTOR_CORE,1784812101655891.410	,1.300,0.190000,1,0,NO,"""64,1""",INT32,ND,"""64,1""",INT64,ND,N/A,0.0,0,0.0,0.0,0.0,0.0,0.0,0.0,0.0,0.0,0.0,0.0,0.0,0.764,1375,0.023,0.031,0.27,0.353,0.083,0.109,0.137,0.18,0.179,0.000
2,4294967295,878,3,aclnnInplaceFillScalar_FillAiCore_Fill,Fill,dynamic,AI_VECTOR_CORE,1784812101655892.910	,1.880,0.200000,1,0,NO,"""2;""",INT64;INT64,ND;ND,"""64,1""",INT64,ND,N/A,0.0,0,0.0,0.0,0.0,0.0,0.0,0.0,0.0,0.0,0.0,0.0,0.0,1.365,2457,0.128,0.094,0.478,0.35,0.099,0.072,0.107,0.079,0.137,0.000
2,4294967295,879,3,aclnnSWhere_SelectV2AiCore_SelectV2,SelectV2,dynamic,AI_VECTOR_CORE,1784812101655894.810	,2.260,0.000000,1,0,NO,"""64,1;64,1;64,1""",BOOL;INT64;INT64,ND;ND;ND,"""64,1""",INT64,ND,N/A,0.0,0,0.0,0.0,0.0,0.0,0.0,0.0,0.0,0.0,0.0,0.0,0.0,1.766,3179,0.117,0.066,0.488,0.277,0.411,0.233,0.118,0.067,0.205,0.000
2,4294967295,880,3,aclnnAdds_AddAiCore_Add,Add,dynamic,AI_VECTOR_CORE,1784812101655897.090	,2.880,0.000000,1,0,NO,"""64;""",INT64;INT64,ND;ND,"""64""",INT64,ND,N/A,0.0,0,0.0,0.0,0.0,0.0,0.0,0.0,0.0,0.0,0.0,0.0,0.0,2.382,4288,0.367,0.154,0.604,0.254,0.326,0.137,0.132,0.056,0.173,0.000
2,4294967295,881,3,aclnnInplaceZero_ZerosLikeAiCore_ZerosLike,ZerosLike,dynamic,AI_VECTOR_CORE,1784812101655900.110	,1.880,0.120000,1,0,NO,"""64""",INT64,ND,"""64""",INT64,ND,N/A,0.0,0,0.0,0.0,0.0,0.0,0.0,0.0,0.0,0.0,0.0,0.0,0.0,1.372,2470,0.091,0.066,0.342,0.249,0.001,0.001,0.125,0.091,0.172,0.000
2,4294967295,882,3,aclnnSWhere_SelectV2AiCore_SelectV2,SelectV2,dynamic,AI_VECTOR_CORE,1784812101655902.010	,1.740,0.120000,1,0,NO,"""64;64;64""",BOOL;INT64;INT64,ND;ND;ND,"""64""",INT64,ND,N/A,0.0,0,0.0,0.0,0.0,0.0,0.0,0.0,0.0,0.0,0.0,0.0,0.0,1.226,2206,0.11,0.09,0.454,0.371,0.312,0.254,0.122,0.1,0.2,0.000
