Step Id,Device_id,Model ID,Task ID,Stream ID,Name,Type,OP State,Accelerator Core,Start Time(us),Duration(us),Wait Time(us),Block Num,Mix Block Num,HF32 Eligible,Input Shapes,Input Data Types,Input Formats,Output Shapes,Output Data Types,Output Formats,Context ID,aicore_time(us),aic_total_cycles,aic_mac_time(us),aic_mac_ratio,aic_scalar_time(us),aic_scalar_ratio,aic_mte1_time(us),aic_mte1_ratio,aic_mte2_time(us),aic_mte2_ratio,aic_fixpipe_time(us),aic_fixpipe_ratio,aic_icache_miss_rate,aiv_time(us),aiv_total_cycles,aiv_vec_time(us),aiv_vec_ratio,aiv_scalar_time(us),aiv_scalar_ratio,aiv_mte2_time(us),aiv_mte2_ratio,aiv_mte3_time(us),aiv_mte3_ratio,aiv_icache_miss_rate,cube_utilization(%)
0,6,2,1016,3,UpdateModelParam_static_bin,Data,dynamic,AI_VECTOR_CORE,1786102259963614.320	,5.600,0,1,0,NO,N/A,N/A,N/A,N/A,N/A,N/A,N/A,0.0,0,0.0,0.0,0.0,0.0,0.0,0.0,0.0,0.0,0.0,0.0,0.0,5.071,9127,0.983,0.194,2.604,0.514,0.812,0.16,0.178,0.035,0.157,0.000
0,6,2,0,6,Range,Range,static,AI_VECTOR_CORE,1786102259963668.360	,11.300,48.400000,48,0,NO,""";;""",INT32;FLOAT;INT32,NCHW;NCHW;NCHW,"""1024""",FLOAT,NCHW,N/A,0.0,0,0.0,0.0,0.0,0.0,0.0,0.0,0.0,0.0,0.0,0.0,0.0,9.165,791833,0.07,0.008,4.201,0.458,0.001,0.0,1.088,0.119,0.221,0.000
0,6,2,1,6,Cast,Cast,static,AI_VECTOR_CORE,1786102259963679.680	,1.380,0.200000,2,0,NO,"""1024""",FLOAT,NCHW,"""1024""",INT64,NCHW,N/A,0.0,0,0.0,0.0,0.0,0.0,0.0,0.0,0.0,0.0,0.0,0.0,0.0,0.852,3068,0.031,0.037,0.123,0.144,0.123,0.144,0.281,0.33,0.261,0.000
0,6,2,2,6,GatherV2,GatherV2,static,AI_VECTOR_CORE,1786102259963681.080	,7.640,0.000000,47,0,NO,"""103424,1024;1,1;1""",FLOAT16;INT64;INT64,ND;ND;ND,"""1,1,1024""",FLOAT16,ND,N/A,0.0,0,0.0,0.0,0.0,0.0,0.0,0.0,0.0,0.0,0.0,0.0,0.0,4.353,368304,0.049,0.011,0.16,0.037,0.835,0.192,0.354,0.081,0.176,0.000
0,6,2,3,6,RmsNorm,RmsNorm,static,AI_VECTOR_CORE,1786102259963688.740	,5.880,0.110000,1,0,NO,"""1,1,1024;1024""",FLOAT16;FLOAT16,ND;ND,"""1,1,1024;1,1,1""",FLOAT16;FLOAT,ND;ND,N/A,0.0,0,0.0,0.0,0.0,0.0,0.0,0.0,0.0,0.0,0.0,0.0,0.0,5.392,9705,0.798,0.148,2.668,0.495,0.347,0.064,0.264,0.049,0.187,0.000
0,6,2,4,6,MatMul,MatMul,static,AI_CORE,1786102259963694.660	,9.540,0.120000,23,0,NO,"""1,1024;64,160,16,16""",FLOAT16;FLOAT16,ND;FRACTAL_NZ,"""1,2560""",FLOAT16,ND,N/A,6.616,273889,0.527,0.08,0.382,0.058,1.14,0.172,4.068,0.615,2.709,0.41,0.24,0.0,0,0.0,0.0,0.0,0.0,0.0,0.0,0.0,0.0,0.0,66.457
0,6,2,5,6,SplitV_2,SplitVD,static,AI_VECTOR_CORE,1786102259963704.220	,1.340,0.000000,1,0,NO,"""1,1,2560""",FLOAT16,ND,"""1,1,2048;1,1,256;1,1,256""",FLOAT16;FLOAT16;FLOAT16,ND;ND;ND,N/A,0.0,0,0.0,0.0,0.0,0.0,0.0,0.0,0.0,0.0,0.0,0.0,0.0,0.829,1493,0.008,0.009,0.164,0.198,0.123,0.148,0.333,0.401,0.263,0.000
0,6,2,6,6,Add,Add,static,AI_VECTOR_CORE,1786102259963705.600	,1.380,0.000000,1,0,NO,"""1,1;1,1""",INT64;INT64,NCHW;NCHW,"""1,1""",INT64,NCHW,N/A,0.0,0,0.0,0.0,0.0,0.0,0.0,0.0,0.0,0.0,0.0,0.0,0.0,0.865,1557,0.082,0.094,0.188,0.217,0.291,0.337,0.115,0.133,0.156,0.000
0,6,2,7,6,BroadcastTo,BroadcastTo,static,AI_VECTOR_CORE,1786102259963707.000	,1.220,0.120000,1,0,NO,"""1,1,1;3""",INT64;INT64,NCHW;NCHW,"""3,1,1""",INT64,NCHW,N/A,0.0,0,0.0,0.0,0.0,0.0,0.0,0.0,0.0,0.0,0.0,0.0,0.0,0.709,1276,0.082,0.115,0.184,0.259,0.092,0.129,0.118,0.167,0.167,0.000
0,6,2,8,6,Cast_1,Cast,static,AI_VECTOR_CORE,1786102259963708.240	,1.140,0.030000,1,0,NO,"""3,1,1,1""",INT64,NCHW,"""3,1,1,1""",FLOAT,NCHW,N/A,0.0,0,0.0,0.0,0.0,0.0,0.0,0.0,0.0,0.0,0.0,0.0,0.0,0.628,1131,0.058,0.093,0.134,0.213,0.101,0.16,0.117,0.187,0.185,0.000
0,6,2,9,6,Scatter_1,Scatter,static,AI_VECTOR_CORE,1786102259963709.420	,1.300,0.110000,2,0,NO,"""1,2,1024,128;1;1,2,1,128""",FLOAT16;INT64;FLOAT16,NCHW;NCHW;NCHW,"""1,2,1024,128""",FLOAT16,NCHW,N/A,0.0,0,0.0,0.0,0.0,0.0,0.0,0.0,0.0,0.0,0.0,0.0,0.0,0.746,2684,0.008,0.01,0.138,0.185,0.099,0.133,0.199,0.267,0.222,0.000
0,6,2,10,6,BroadcastTo_1,BroadcastTo,static,AI_VECTOR_CORE,1786102259963710.740	,1.200,0.000000,1,0,NO,"""1,1,64,1;4""",FLOAT;INT64,NCHW;NCHW,"""3,1,64,1""",FLOAT,NCHW,N/A,0.0,0,0.0,0.0,0.0,0.0,0.0,0.0,0.0,0.0,0.0,0.0,0.0,0.662,1191,0.018,0.027,0.114,0.172,0.184,0.278,0.132,0.199,0.238,0.000
0,6,2,11,6,Mul,Mul,static,AI_VECTOR_CORE,1786102259963711.960	,1.200,0.050000,1,0,NO,"""3,1,64,1;3,1,1,1""",FLOAT;FLOAT,NCHW;NCHW,"""3,1,64,1""",FLOAT,NCHW,N/A,0.0,0,0.0,0.0,0.0,0.0,0.0,0.0,0.0,0.0,0.0,0.0,0.0,0.634,1142,0.042,0.066,0.133,0.21,0.116,0.182,0.128,0.202,0.217,0.000
0,6,2,12,6,ConcatV2,ConcatV2D,static,AI_VECTOR_CORE,1786102259963713.180	,3.960,0.050000,1,0,NO,"""3,1,1,64;3,1,1,64""",FLOAT;FLOAT,NCHW;NCHW,"""3,1,1,128""",FLOAT,NCHW,N/A,0.0,0,0.0,0.0,0.0,0.0,0.0,0.0,0.0,0.0,0.0,0.0,0.0,3.398,6117,2.717,0.8,0.223,0.066,0.154,0.045,0.137,0.04,0.186,0.000
0,6,2,13,6,Cos,Cos,static,AI_VECTOR_CORE,1786102259963717.160	,1.940,0.040000,1,0,NO,"""3,1,1,128""",FLOAT,NCHW,"""3,1,1,128""",FLOAT,NCHW,N/A,0.0,0,0.0,0.0,0.0,0.0,0.0,0.0,0.0,0.0,0.0,0.0,0.0,1.354,2438,0.652,0.481,0.168,0.124,0.126,0.093,0.135,0.1,0.175,0.000
0,6,2,14,6,Mul_1Cast_5,Mul,static,AI_VECTOR_CORE,1786102259963719.120	,1.240,0.000000,1,0,NO,"""3,1,1,128;""",FLOAT;FLOAT,NCHW;NCHW,"""3,1,1,128""",FLOAT16,NCHW,N/A,0.0,0,0.0,0.0,0.0,0.0,0.0,0.0,0.0,0.0,0.0,0.0,0.0,0.737,1326,0.033,0.045,0.142,0.193,0.209,0.284,0.126,0.171,0.208,0.000
0,6,2,15,6,Sin,Sin,static,AI_VECTOR_CORE,1786102259963720.380	,1.860,0.260000,1,0,NO,"""3,1,1,128""",FLOAT,NCHW,"""3,1,1,128""",FLOAT,NCHW,N/A,0.0,0,0.0,0.0,0.0,0.0,0.0,0.0,0.0,0.0,0.0,0.0,0.0,1.34,2412,0.612,0.456,0.173,0.129,0.126,0.094,0.119,0.089,0.185,0.000
0,6,2,16,6,Mul_2Cast_6,Mul,static,AI_VECTOR_CORE,1786102259963722.260	,1.060,0.000000,1,0,NO,"""3,1,1,128;""",FLOAT;FLOAT,NCHW;NCHW,"""3,1,1,128""",FLOAT16,NCHW,N/A,0.0,0,0.0,0.0,0.0,0.0,0.0,0.0,0.0,0.0,0.0,0.0,0.0,0.524,943,0.033,0.064,0.132,0.252,0.11,0.21,0.122,0.233,0.208,0.000
0,6,2,17,6,SplitV,SplitVD,static,AI_VECTOR_CORE,1786102259963723.340	,3.940,0.000000,1,0,NO,"""3,1,1,128""",FLOAT16,NCHW,"""3,1,1,16;3,1,1,24;3,1,1,24;3,1,1,16;3,1,1,24;3,1,1,24""",FLOAT16;FLOAT16;FLOAT16;FLOAT16;FLOAT16;FLOAT16,NCHW;NCHW;NCHW;NCHW;NCHW;NCHW,N/A,0.0,0,0.0,0.0,0.0,0.0,0.0,0.0,0.0,0.0,0.0,0.0,0.0,3.406,6130,2.234,0.656,0.342,0.1,0.104,0.031,0.867,0.255,0.177,0.000
0,6,2,18,6,GatherV2_1,GatherV2,static,AI_VECTOR_CORE,1786102259963727.300	,1.340,0.060000,1,0,NO,"""3,1,1,16;;1""",FLOAT16;INT64;INT64,NCHW;NCHW;NCHW,"""1,1,16""",FLOAT16,NCHW,N/A,0.0,0,0.0,0.0,0.0,0.0,0.0,0.0,0.0,0.0,0.0,0.0,0.0,0.792,1426,0.057,0.072,0.168,0.212,0.207,0.262,0.123,0.156,0.182,0.000
0,6,2,19,6,GatherV2_4,GatherV2,static,AI_VECTOR_CORE,1786102259963728.660	,1.180,0.160000,1,0,NO,"""3,1,1,16;;1""",FLOAT16;INT64;INT64,NCHW;NCHW;NCHW,"""1,1,16""",FLOAT16,NCHW,N/A,0.0,0,0.0,0.0,0.0,0.0,0.0,0.0,0.0,0.0,0.0,0.0,0.0,0.63,1134,0.057,0.09,0.207,0.328,0.12,0.19,0.112,0.177,0.182,0.000
0,6,2,20,6,GatherV2_2,GatherV2,static,AI_VECTOR_CORE,1786102259963729.860	,2.020,0.000000,1,0,NO,"""3,1,1,24;;1""",FLOAT16;INT64;INT64,NCHW;NCHW;NCHW,"""1,1,24""",FLOAT16,NCHW,N/A,0.0,0,0.0,0.0,0.0,0.0,0.0,0.0,0.0,0.0,0.0,0.0,0.0,1.449,2609,0.418,0.288,0.302,0.208,0.302,0.208,0.125,0.086,0.195,0.000
0,6,2,21,6,GatherV2_3,GatherV2,static,AI_VECTOR_CORE,1786102259963731.900	,1.900,0.230000,1,0,NO,"""3,1,1,24;;1""",FLOAT16;INT64;INT64,NCHW;NCHW;NCHW,"""1,1,24""",FLOAT16,NCHW,N/A,0.0,0,0.0,0.0,0.0,0.0,0.0,0.0,0.0,0.0,0.0,0.0,0.0,1.319,2374,0.418,0.317,0.336,0.254,0.346,0.262,0.124,0.094,0.195,0.000
0,6,2,22,6,GatherV2_5,GatherV2,static,AI_VECTOR_CORE,1786102259963733.820	,1.760,0.000000,1,0,NO,"""3,1,1,24;;1""",FLOAT16;INT64;INT64,NCHW;NCHW;NCHW,"""1,1,24""",FLOAT16,NCHW,N/A,0.0,0,0.0,0.0,0.0,0.0,0.0,0.0,0.0,0.0,0.0,0.0,0.0,1.178,2121,0.418,0.355,0.321,0.272,0.207,0.175,0.114,0.097,0.195,0.000
0,6,2,23,6,GatherV2_6,GatherV2,static,AI_VECTOR_CORE,1786102259963735.600	,1.760,0.000000,1,0,NO,"""3,1,1,24;;1""",FLOAT16;INT64;INT64,NCHW;NCHW;NCHW,"""1,1,24""",FLOAT16,NCHW,N/A,0.0,0,0.0,0.0,0.0,0.0,0.0,0.0,0.0,0.0,0.0,0.0,0.0,1.209,2176,0.418,0.346,0.355,0.294,0.238,0.197,0.117,0.097,0.195,0.000
0,6,2,24,6,SplitV_1,SplitVD,static,AI_VECTOR_CORE,1786102259963737.400	,4.060,0.240000,1,0,NO,"""3,1,1,128""",FLOAT16,NCHW,"""3,1,1,16;3,1,1,24;3,1,1,24;3,1,1,16;3,1,1,24;3,1,1,24""",FLOAT16;FLOAT16;FLOAT16;FLOAT16;FLOAT16;FLOAT16,NCHW;NCHW;NCHW;NCHW;NCHW;NCHW,N/A,0.0,0,0.0,0.0,0.0,0.0,0.0,0.0,0.0,0.0,0.0,0.0,0.0,3.495,6291,2.234,0.639,0.371,0.106,0.131,0.038,0.971,0.278,0.177,0.000
0,6,2,25,6,GatherV2_10,GatherV2,static,AI_VECTOR_CORE,1786102259963741.480	,1.220,0.000000,1,0,NO,"""3,1,1,16;;1""",FLOAT16;INT64;INT64,NCHW;NCHW;NCHW,"""1,1,16""",FLOAT16,NCHW,N/A,0.0,0,0.0,0.0,0.0,0.0,0.0,0.0,0.0,0.0,0.0,0.0,0.0,0.656,1181,0.057,0.086,0.166,0.252,0.126,0.192,0.143,0.218,0.182,0.000
0,6,2,26,6,GatherV2_7,GatherV2,static,AI_VECTOR_CORE,1786102259963742.740	,1.080,0.030000,1,0,NO,"""3,1,1,16;;1""",FLOAT16;INT64;INT64,NCHW;NCHW;NCHW,"""1,1,16""",FLOAT16,NCHW,N/A,0.0,0,0.0,0.0,0.0,0.0,0.0,0.0,0.0,0.0,0.0,0.0,0.0,0.619,1115,0.057,0.091,0.204,0.33,0.114,0.185,0.116,0.187,0.182,0.000
0,6,2,27,6,GatherV2_11,GatherV2,static,AI_VECTOR_CORE,1786102259963743.840	,1.680,0.000000,1,0,NO,"""3,1,1,24;;1""",FLOAT16;INT64;INT64,NCHW;NCHW;NCHW,"""1,1,24""",FLOAT16,NCHW,N/A,0.0,0,0.0,0.0,0.0,0.0,0.0,0.0,0.0,0.0,0.0,0.0,0.0,1.213,2184,0.418,0.344,0.312,0.257,0.232,0.191,0.135,0.111,0.195,0.000
0,6,2,28,6,GatherV2_12,GatherV2,static,AI_VECTOR_CORE,1786102259963745.540	,1.720,0.070000,1,0,NO,"""3,1,1,24;;1""",FLOAT16;INT64;INT64,NCHW;NCHW;NCHW,"""1,1,24""",FLOAT16,NCHW,N/A,0.0,0,0.0,0.0,0.0,0.0,0.0,0.0,0.0,0.0,0.0,0.0,0.0,1.245,2241,0.418,0.336,0.328,0.263,0.258,0.207,0.147,0.118,0.195,0.000
0,6,2,29,6,GatherV2_8,GatherV2,static,AI_VECTOR_CORE,1786102259963747.300	,1.580,0.030000,1,0,NO,"""3,1,1,24;;1""",FLOAT16;INT64;INT64,NCHW;NCHW;NCHW,"""1,1,24""",FLOAT16,NCHW,N/A,0.0,0,0.0,0.0,0.0,0.0,0.0,0.0,0.0,0.0,0.0,0.0,0.0,1.107,1993,0.418,0.377,0.291,0.262,0.206,0.186,0.098,0.089,0.195,0.000
0,6,2,30,6,GatherV2_9,GatherV2,static,AI_VECTOR_CORE,1786102259963748.900	,1.720,0.170000,1,0,NO,"""3,1,1,24;;1""",FLOAT16;INT64;INT64,NCHW;NCHW;NCHW,"""1,1,24""",FLOAT16,NCHW,N/A,0.0,0,0.0,0.0,0.0,0.0,0.0,0.0,0.0,0.0,0.0,0.0,0.0,1.222,2200,0.418,0.342,0.332,0.272,0.238,0.195,0.134,0.11,0.195,0.000
0,6,2,31,6,ConcatV2_1,ConcatV2D,static,AI_VECTOR_CORE,1786102259963750.640	,1.540,0.030000,1,0,NO,"""1,1,16;1,1,24;1,1,24;1,1,16;1,1,24;1,1,24""",FLOAT16;FLOAT16;FLOAT16;FLOAT16;FLOAT16;FLOAT16,NCHW;NCHW;NCHW;NCHW;NCHW;NCHW,"""1,1,128""",FLOAT16,NCHW,N/A,0.0,0,0.0,0.0,0.0,0.0,0.0,0.0,0.0,0.0,0.0,0.0,0.0,1.034,1861,0.008,0.008,0.162,0.156,0.143,0.139,0.6,0.58,0.231,0.000
0,6,2,32,6,ConcatV2_2,ConcatV2D,static,AI_VECTOR_CORE,1786102259963752.200	,1.460,0.000000,1,0,NO,"""1,1,16;1,1,24;1,1,24;1,1,16;1,1,24;1,1,24""",FLOAT16;FLOAT16;FLOAT16;FLOAT16;FLOAT16;FLOAT16,NCHW;NCHW;NCHW;NCHW;NCHW;NCHW,"""1,1,128""",FLOAT16,NCHW,N/A,0.0,0,0.0,0.0,0.0,0.0,0.0,0.0,0.0,0.0,0.0,0.0,0.0,0.938,1689,0.008,0.008,0.134,0.143,0.141,0.15,0.603,0.642,0.231,0.000
0,6,2,33,6,ApplyRotaryPosEmb,ApplyRotaryPosEmb,static,AI_VECTOR_CORE,1786102259963753.680	,3.460,0.040000,1,0,NO,"""1,1,16,128;1,1,2,128;1,1,1,128;1,1,1,128""",FLOAT16;FLOAT16;FLOAT16;FLOAT16,NCHW;NCHW;NCHW;NCHW,"""1,1,16,128;1,1,2,128""",FLOAT16;FLOAT16,NCHW;NCHW,N/A,0.0,0,0.0,0.0,0.0,0.0,0.0,0.0,0.0,0.0,0.0,0.0,0.0,2.939,5291,0.153,0.052,2.147,0.73,0.151,0.051,0.147,0.05,0.154,0.000
0,6,2,34,6,Scatter,Scatter,static,AI_VECTOR_CORE,1786102259963757.160	,1.300,0.040000,2,0,NO,"""1,2,1024,128;1;1,2,1,128""",FLOAT16;INT64;FLOAT16,NCHW;NCHW;NCHW,"""1,2,1024,128""",FLOAT16,NCHW,N/A,0.0,0,0.0,0.0,0.0,0.0,0.0,0.0,0.0,0.0,0.0,0.0,0.0,0.69,2483,0.008,0.011,0.143,0.208,0.098,0.143,0.193,0.279,0.161,0.000
0,6,2,35,6,Greater,Greater,static,AI_VECTOR_CORE,1786102259963758.480	,2.440,0.000000,2,0,NO,"""1,1024;1,1""",INT64;INT64,NCHW;NCHW,"""1,1024""",BOOL,NCHW,N/A,0.0,0,0.0,0.0,0.0,0.0,0.0,0.0,0.0,0.0,0.0,0.0,0.0,1.85,6660,0.781,0.422,0.305,0.165,0.232,0.125,0.238,0.129,0.164,0.000
0,6,2,36,6,IncreFlashAttention,IncreFlashAttention,static,MIX_AIC,1786102259963761.820	,21.200,0.810000,2,4,NO,"""1,16,1,128;1,2,1024,128;1,2,1024,128;1,1,1,1024""",FLOAT16;FLOAT16;FLOAT16;BOOL,NCHW;NCHW;NCHW;NCHW,"""1,16,1,128""",FLOAT16,NCHW,0,20.703,74529,1.076,0.052,15.015,0.725,2.701,0.13,7.302,0.353,2.983,0.144,0.055,11.942,85981,0.72,0.06,2.688,0.225,0.266,0.022,0.44,0.037,0.128,8.138
0,6,2,37,6,MatMul_1,MatMul,static,AI_CORE,1786102259963783.760	,7.340,0.800000,22,0,NO,"""1,2048;128,64,16,16""",FLOAT16;FLOAT16,ND;FRACTAL_NZ,"""1,1024""",FLOAT16,ND,N/A,5.25,207901,0.489,0.093,0.218,0.042,1.099,0.209,2.908,0.554,2.062,0.393,0.219,0.0,0,0.0,0.0,0.0,0.0,0.0,0.0,0.0,0.0,0.0,65.566
0,6,2,38,6,InplaceAddRmsNorm,InplaceAddRmsNorm,static,AI_VECTOR_CORE,1786102259963791.120	,2.620,0.000000,1,0,NO,"""1,1,1024;1,1,1024;1024""",FLOAT16;FLOAT16;FLOAT16,ND;ND;ND,"""1,1,1024;1,1,1;1,1,1024""",FLOAT16;FLOAT;FLOAT16,ND;ND;ND,N/A,0.0,0,0.0,0.0,0.0,0.0,0.0,0.0,0.0,0.0,0.0,0.0,0.0,2.151,3871,0.282,0.131,1.239,0.576,0.362,0.168,0.368,0.171,0.23,0.000
0,6,2,39,6,MatMul_2,MatMul,static,AI_CORE,1786102259963793.780	,9.620,0.130000,24,0,NO,"""1,1024;64,192,16,16""",FLOAT16;FLOAT16,ND;FRACTAL_NZ,"""1,3072""",FLOAT16,ND,N/A,7.276,314306,0.538,0.074,0.159,0.022,1.286,0.177,4.834,0.664,3.424,0.471,0.203,0.0,0,0.0,0.0,0.0,0.0,0.0,0.0,0.0,0.0,0.0,75.630
0,6,2,40,6,MatMul_3,MatMul,static,AI_CORE,1786102259963803.440	,7.360,0.130000,24,0,NO,"""1,1024;64,192,16,16""",FLOAT16;FLOAT16,ND;FRACTAL_NZ,"""1,3072""",FLOAT16,ND,N/A,5.42,234149,0.538,0.099,0.5,0.092,1.286,0.237,4.475,0.826,3.673,0.678,0.0,0.0,0,0.0,0.0,0.0,0.0,0.0,0.0,0.0,0.0,0.0,73.643
0,6,2,41,6,SwishMul_3,AutomaticBufferFusionOp,static,AI_VECTOR_CORE,1786102259963810.820	,1.580,0.000000,3,0,NO,"""1,1,3072;1,1,3072""",FLOAT16;FLOAT16,ND;ND,"""1,1,3072""",FLOAT16,ND,N/A,0.0,0,0.0,0.0,0.0,0.0,0.0,0.0,0.0,0.0,0.0,0.0,0.0,0.89,4804,0.163,0.184,0.12,0.135,0.131,0.147,0.135,0.152,0.23,0.000
0,6,2,42,6,MatMul_4,MatMul,static,AI_CORE,1786102259963812.420	,9.260,0.170000,22,0,NO,"""1,3072;192,64,16,16""",FLOAT16;FLOAT16,ND;FRACTAL_NZ,"""1,1024""",FLOAT16,ND,N/A,7.22,285907,0.731,0.101,0.232,0.032,1.649,0.228,5.115,0.709,3.122,0.432,0.219,0.0,0,0.0,0.0,0.0,0.0,0.0,0.0,0.0,0.0,0.0,71.471
0,6,2,43,6,InplaceAddRmsNorm_1,InplaceAddRmsNorm,static,AI_VECTOR_CORE,1786102259963821.700	,2.380,0.000000,1,0,NO,"""1,1,1024;1,1,1024;1024""",FLOAT16;FLOAT16;FLOAT16,ND;ND;ND,"""1,1,1024;1,1,1;1,1,1024""",FLOAT16;FLOAT;FLOAT16,ND;ND;ND,N/A,0.0,0,0.0,0.0,0.0,0.0,0.0,0.0,0.0,0.0,0.0,0.0,0.0,1.864,3356,0.282,0.151,1.264,0.678,0.369,0.198,0.362,0.194,0.214,0.000
0,6,2,44,6,MatMul_5,MatMul,static,AI_CORE,1786102259963824.100	,6.580,0.000000,23,0,NO,"""1,1024;64,160,16,16""",FLOAT16;FLOAT16,ND;FRACTAL_NZ,"""1,2560""",FLOAT16,ND,N/A,4.522,187202,0.527,0.117,0.515,0.114,1.145,0.253,3.534,0.782,1.785,0.395,0.028,0.0,0,0.0,0.0,0.0,0.0,0.0,0.0,0.0,0.0,0.0,65.857
0,6,2,45,6,SplitV_3,SplitVD,static,AI_VECTOR_CORE,1786102259963830.720	,1.000,0.170000,1,0,NO,"""1,1,2560""",FLOAT16,ND,"""1,1,2048;1,1,256;1,1,256""",FLOAT16;FLOAT16;FLOAT16,ND;ND;ND,N/A,0.0,0,0.0,0.0,0.0,0.0,0.0,0.0,0.0,0.0,0.0,0.0,0.0,0.497,894,0.008,0.016,0.152,0.305,0.119,0.239,0.143,0.287,0.263,0.000
0,6,2,46,6,Scatter_3,Scatter,static,AI_VECTOR_CORE,1786102259963831.760	,1.280,0.000000,2,0,NO,"""1,2,1024,128;1;1,2,1,128""",FLOAT16;INT64;FLOAT16,NCHW;NCHW;NCHW,"""1,2,1024,128""",FLOAT16,NCHW,N/A,0.0,0,0.0,0.0,0.0,0.0,0.0,0.0,0.0,0.0,0.0,0.0,0.0,0.628,2259,0.008,0.012,0.148,0.236,0.122,0.195,0.116,0.185,0.192,0.000
0,6,2,47,6,ApplyRotaryPosEmb_1,ApplyRotaryPosEmb,static,AI_VECTOR_CORE,1786102259963833.080	,2.540,0.000000,1,0,NO,"""1,1,16,128;1,1,2,128;1,1,1,128;1,1,1,128""",FLOAT16;FLOAT16;FLOAT16;FLOAT16,NCHW;NCHW;NCHW;NCHW,"""1,1,16,128;1,1,2,128""",FLOAT16;FLOAT16,NCHW;NCHW,N/A,0.0,0,0.0,0.0,0.0,0.0,0.0,0.0,0.0,0.0,0.0,0.0,0.0,2.038,3669,0.153,0.075,1.528,0.75,0.153,0.075,0.147,0.072,0.178,0.000
0,6,2,48,6,Scatter_2,Scatter,static,AI_VECTOR_CORE,1786102259963835.640	,1.120,0.210000,2,0,NO,"""1,2,1024,128;1;1,2,1,128""",FLOAT16;INT64;FLOAT16,NCHW;NCHW;NCHW,"""1,2,1024,128""",FLOAT16,NCHW,N/A,0.0,0,0.0,0.0,0.0,0.0,0.0,0.0,0.0,0.0,0.0,0.0,0.0,0.549,1975,0.008,0.014,0.166,0.302,0.109,0.198,0.115,0.209,0.214,0.000
0,6,2,49,6,IncreFlashAttention_1,IncreFlashAttention,static,MIX_AIC,1786102259963837.940	,19.980,1.130000,2,4,NO,"""1,16,1,128;1,2,1024,128;1,2,1024,128;1,1,1,1024""",FLOAT16;FLOAT16;FLOAT16;BOOL,NCHW;NCHW;NCHW;NCHW,"""1,16,1,128""",FLOAT16,NCHW,0,19.406,69862,1.076,0.055,14.723,0.759,2.703,0.139,6.959,0.359,2.844,0.147,0.053,11.351,81729,0.72,0.063,2.737,0.241,0.188,0.017,0.448,0.039,0.124,8.094
0,6,2,50,6,MatMul_6,MatMul,static,AI_CORE,1786102259963858.660	,8.360,0.770000,22,0,NO,"""1,2048;128,64,16,16""",FLOAT16;FLOAT16,ND;FRACTAL_NZ,"""1,1024""",FLOAT16,ND,N/A,6.123,242489,0.489,0.08,1.018,0.166,1.096,0.179,4.87,0.795,3.663,0.598,0.029,0.0,0,0.0,0.0,0.0,0.0,0.0,0.0,0.0,0.0,0.0,67.143
0,6,2,51,6,InplaceAddRmsNorm_2,InplaceAddRmsNorm,static,AI_VECTOR_CORE,1786102259963867.040	,1.920,0.000000,1,0,NO,"""1,1,1024;1,1,1024;1024""",FLOAT16;FLOAT16;FLOAT16,ND;ND;ND,"""1,1,1024;1,1,1;1,1,1024""",FLOAT16;FLOAT;FLOAT16,ND;ND;ND,N/A,0.0,0,0.0,0.0,0.0,0.0,0.0,0.0,0.0,0.0,0.0,0.0,0.0,1.388,2499,0.282,0.203,0.778,0.56,0.368,0.265,0.358,0.258,0.218,0.000
0,6,2,52,6,MatMul_7,MatMul,static,AI_CORE,1786102259963868.980	,7.140,0.080000,24,0,NO,"""1,1024;64,192,16,16""",FLOAT16;FLOAT16,ND;FRACTAL_NZ,"""1,3072""",FLOAT16,ND,N/A,4.774,206237,0.538,0.113,0.527,0.11,1.291,0.27,3.788,0.793,1.949,0.408,0.006,0.0,0,0.0,0.0,0.0,0.0,0.0,0.0,0.0,0.0,0.0,66.863
0,6,2,53,6,MatMul_8,MatMul,static,AI_CORE,1786102259963876.140	,6.180,0.110000,24,0,NO,"""1,1024;64,192,16,16""",FLOAT16;FLOAT16,ND;FRACTAL_NZ,"""1,3072""",FLOAT16,ND,N/A,4.57,197428,0.538,0.118,0.529,0.116,1.288,0.282,3.606,0.789,2.523,0.552,0.0,0.0,0,0.0,0.0,0.0,0.0,0.0,0.0,0.0,0.0,0.0,73.950
0,6,2,54,6,Swish_1Mul_4,AutomaticBufferFusionOp,static,AI_VECTOR_CORE,1786102259963882.340	,1.500,0.000000,3,0,NO,"""1,1,3072;1,1,3072""",FLOAT16;FLOAT16,ND;ND,"""1,1,3072""",FLOAT16,ND,N/A,0.0,0,0.0,0.0,0.0,0.0,0.0,0.0,0.0,0.0,0.0,0.0,0.0,0.809,4368,0.163,0.201,0.128,0.158,0.13,0.161,0.133,0.164,0.176,0.000
0,6,2,55,6,MatMul_9,MatMul,static,AI_CORE,1786102259963883.860	,7.660,0.000000,22,0,NO,"""1,3072;192,64,16,16""",FLOAT16;FLOAT16,ND;FRACTAL_NZ,"""1,1024""",FLOAT16,ND,N/A,5.888,233150,0.734,0.125,0.491,0.083,1.659,0.282,5.212,0.885,2.55,0.433,0.031,0.0,0,0.0,0.0,0.0,0.0,0.0,0.0,0.0,0.0,0.0,70.457
0,6,2,56,6,InplaceAddRmsNorm_3,InplaceAddRmsNorm,static,AI_VECTOR_CORE,1786102259963891.540	,2.660,0.090000,1,0,NO,"""1,1,1024;1,1,1024;1024""",FLOAT16;FLOAT16;FLOAT16,ND;ND;ND,"""1,1,1024;1,1,1;1,1,1024""",FLOAT16;FLOAT;FLOAT16,ND;ND;ND,N/A,0.0,0,0.0,0.0,0.0,0.0,0.0,0.0,0.0,0.0,0.0,0.0,0.0,2.075,3735,0.282,0.136,1.267,0.611,0.383,0.185,0.377,0.182,0.2,0.000
0,6,2,57,6,MatMul_10,MatMul,static,AI_CORE,1786102259963894.220	,6.080,0.090000,23,0,NO,"""1,1024;64,160,16,16""",FLOAT16;FLOAT16,ND;FRACTAL_NZ,"""1,2560""",FLOAT16,ND,N/A,4.51,186711,0.527,0.117,0.479,0.106,1.14,0.253,3.547,0.786,2.64,0.585,0.022,0.0,0,0.0,0.0,0.0,0.0,0.0,0.0,0.0,0.0,0.0,71.086
0,6,2,58,6,SplitV_4,SplitVD,static,AI_VECTOR_CORE,1786102259963900.340	,1.100,0.000000,1,0,NO,"""1,1,2560""",FLOAT16,ND,"""1,1,2048;1,1,256;1,1,256""",FLOAT16;FLOAT16;FLOAT16,ND;ND;ND,N/A,0.0,0,0.0,0.0,0.0,0.0,0.0,0.0,0.0,0.0,0.0,0.0,0.0,0.602,1084,0.008,0.013,0.157,0.26,0.133,0.22,0.157,0.26,0.263,0.000
0,6,2,59,6,Scatter_5,Scatter,static,AI_VECTOR_CORE,1786102259963901.460	,1.240,0.150000,2,0,NO,"""1,2,1024,128;1;1,2,1,128""",FLOAT16;INT64;FLOAT16,NCHW;NCHW;NCHW,"""1,2,1024,128""",FLOAT16,NCHW,N/A,0.0,0,0.0,0.0,0.0,0.0,0.0,0.0,0.0,0.0,0.0,0.0,0.0,0.65,2340,0.008,0.012,0.135,0.207,0.107,0.165,0.258,0.396,0.214,0.000
0,6,2,60,6,ApplyRotaryPosEmb_2,ApplyRotaryPosEmb,static,AI_VECTOR_CORE,1786102259963902.720	,2.880,0.010000,1,0,NO,"""1,1,16,128;1,1,2,128;1,1,1,128;1,1,1,128""",FLOAT16;FLOAT16;FLOAT16;FLOAT16,NCHW;NCHW;NCHW;NCHW,"""1,1,16,128;1,1,2,128""",FLOAT16;FLOAT16,NCHW;NCHW,N/A,0.0,0,0.0,0.0,0.0,0.0,0.0,0.0,0.0,0.0,0.0,0.0,0.0,2.348,4226,0.153,0.065,1.903,0.81,0.167,0.071,0.152,0.065,0.148,0.000
0,6,2,61,6,Scatter_4,Scatter,static,AI_VECTOR_CORE,1786102259963905.620	,1.240,0.000000,2,0,NO,"""1,2,1024,128;1;1,2,1,128""",FLOAT16;INT64;FLOAT16,NCHW;NCHW;NCHW,"""1,2,1024,128""",FLOAT16,NCHW,N/A,0.0,0,0.0,0.0,0.0,0.0,0.0,0.0,0.0,0.0,0.0,0.0,0.0,0.568,2044,0.008,0.014,0.128,0.225,0.114,0.2,0.094,0.166,0.169,0.000
0,6,2,62,6,IncreFlashAttention_2,IncreFlashAttention,static,MIX_AIC,1786102259963908.080	,20.380,1.260000,2,4,NO,"""1,16,1,128;1,2,1024,128;1,2,1024,128;1,1,1,1024""",FLOAT16;FLOAT16;FLOAT16;BOOL,NCHW;NCHW;NCHW;NCHW,"""1,16,1,128""",FLOAT16,NCHW,0,19.566,70437,1.076,0.055,14.784,0.756,2.704,0.138,6.972,0.356,2.888,0.148,0.052,11.289,81281,0.721,0.064,2.392,0.212,0.192,0.017,0.438,0.039,0.131,8.000
0,6,2,63,6,MatMul_11,MatMul,static,AI_CORE,1786102259963929.400	,4.680,1.120000,22,0,NO,"""1,2048;128,64,16,16""",FLOAT16;FLOAT16,ND;FRACTAL_NZ,"""1,1024""",FLOAT16,ND,N/A,3.542,140278,0.488,0.138,0.504,0.142,1.1,0.31,2.725,0.769,2.353,0.664,0.002,0.0,0,0.0,0.0,0.0,0.0,0.0,0.0,0.0,0.0,0.0,69.384
0,6,2,64,6,InplaceAddRmsNorm_4,InplaceAddRmsNorm,static,AI_VECTOR_CORE,1786102259963934.100	,2.560,0.000000,1,0,NO,"""1,1,1024;1,1,1024;1024""",FLOAT16;FLOAT16;FLOAT16,ND;ND;ND,"""1,1,1024;1,1,1;1,1,1024""",FLOAT16;FLOAT;FLOAT16,ND;ND;ND,N/A,0.0,0,0.0,0.0,0.0,0.0,0.0,0.0,0.0,0.0,0.0,0.0,0.0,1.969,3545,0.282,0.143,1.157,0.588,0.363,0.184,0.373,0.19,0.208,0.000
0,6,2,65,6,MatMul_12,MatMul,static,AI_CORE,1786102259963936.680	,7.580,0.190000,24,0,NO,"""1,1024;64,192,16,16""",FLOAT16;FLOAT16,ND;FRACTAL_NZ,"""1,3072""",FLOAT16,ND,N/A,5.184,223936,0.538,0.104,0.51,0.098,1.291,0.249,4.226,0.815,1.915,0.369,0.009,0.0,0,0.0,0.0,0.0,0.0,0.0,0.0,0.0,0.0,0.0,68.387
0,6,2,66,6,MatMul_13,MatMul,static,AI_CORE,1786102259963944.280	,8.620,0.000000,24,0,NO,"""1,1024;64,192,16,16""",FLOAT16;FLOAT16,ND;FRACTAL_NZ,"""1,3072""",FLOAT16,ND,N/A,6.41,276899,0.538,0.084,1.026,0.16,1.287,0.201,4.939,0.771,3.317,0.518,0.0,0.0,0,0.0,0.0,0.0,0.0,0.0,0.0,0.0,0.0,0.0,74.358
0,6,2,67,6,Swish_2Mul_5,AutomaticBufferFusionOp,static,AI_VECTOR_CORE,1786102259963952.940	,1.560,0.130000,3,0,NO,"""1,1,3072;1,1,3072""",FLOAT16;FLOAT16,ND;ND,"""1,1,3072""",FLOAT16,ND,N/A,0.0,0,0.0,0.0,0.0,0.0,0.0,0.0,0.0,0.0,0.0,0.0,0.0,0.886,4785,0.163,0.184,0.148,0.167,0.142,0.16,0.142,0.161,0.157,0.000
0,6,2,68,6,MatMul_14,MatMul,static,AI_CORE,1786102259963954.520	,7.880,0.000000,22,0,NO,"""1,3072;192,64,16,16""",FLOAT16;FLOAT16,ND;FRACTAL_NZ,"""1,1024""",FLOAT16,ND,N/A,5.849,231614,0.732,0.125,0.532,0.091,1.627,0.278,5.112,0.874,3.323,0.568,0.013,0.0,0,0.0,0.0,0.0,0.0,0.0,0.0,0.0,0.0,0.0,68.039
0,6,2,69,6,InplaceAddRmsNorm_5,InplaceAddRmsNorm,static,AI_VECTOR_CORE,1786102259963962.420	,1.840,0.120000,1,0,NO,"""1,1,1024;1,1,1024;1024""",FLOAT16;FLOAT16;FLOAT16,ND;ND;ND,"""1,1,1024;1,1,1;1,1,1024""",FLOAT16;FLOAT;FLOAT16,ND;ND;ND,N/A,0.0,0,0.0,0.0,0.0,0.0,0.0,0.0,0.0,0.0,0.0,0.0,0.0,1.333,2400,0.282,0.212,0.738,0.554,0.388,0.291,0.376,0.282,0.208,0.000
0,6,2,70,6,MatMul_15,MatMul,static,AI_CORE,1786102259963964.280	,7.160,0.000000,23,0,NO,"""1,1024;64,160,16,16""",FLOAT16;FLOAT16,ND;FRACTAL_NZ,"""1,2560""",FLOAT16,ND,N/A,4.61,190862,0.527,0.114,0.448,0.097,1.139,0.247,3.674,0.797,1.842,0.399,0.021,0.0,0,0.0,0.0,0.0,0.0,0.0,0.0,0.0,0.0,0.0,61.705
0,6,2,71,6,SplitV_5,SplitVD,static,AI_VECTOR_CORE,1786102259963971.460	,1.040,0.090000,1,0,NO,"""1,1,2560""",FLOAT16,ND,"""1,1,2048;1,1,256;1,1,256""",FLOAT16;FLOAT16;FLOAT16,ND;ND;ND,N/A,0.0,0,0.0,0.0,0.0,0.0,0.0,0.0,0.0,0.0,0.0,0.0,0.0,0.557,1003,0.008,0.014,0.13,0.233,0.134,0.241,0.161,0.289,0.263,0.000
0,6,2,72,6,Scatter_7,Scatter,static,AI_VECTOR_CORE,1786102259963972.540	,1.260,0.000000,2,0,NO,"""1,2,1024,128;1;1,2,1,128""",FLOAT16;INT64;FLOAT16,NCHW;NCHW;NCHW,"""1,2,1024,128""",FLOAT16,NCHW,N/A,0.0,0,0.0,0.0,0.0,0.0,0.0,0.0,0.0,0.0,0.0,0.0,0.0,0.691,2486,0.008,0.011,0.117,0.17,0.103,0.149,0.228,0.329,0.169,0.000
0,6,2,73,6,ApplyRotaryPosEmb_3,ApplyRotaryPosEmb,static,AI_VECTOR_CORE,1786102259963973.820	,2.860,0.000000,1,0,NO,"""1,1,16,128;1,1,2,128;1,1,1,128;1,1,1,128""",FLOAT16;FLOAT16;FLOAT16;FLOAT16,NCHW;NCHW;NCHW;NCHW,"""1,1,16,128;1,1,2,128""",FLOAT16;FLOAT16,NCHW;NCHW,N/A,0.0,0,0.0,0.0,0.0,0.0,0.0,0.0,0.0,0.0,0.0,0.0,0.0,2.327,4189,0.156,0.067,1.636,0.703,0.152,0.065,0.147,0.063,0.175,0.000
0,6,2,74,6,Scatter_6,Scatter,static,AI_VECTOR_CORE,1786102259963976.700	,1.240,0.140000,2,0,NO,"""1,2,1024,128;1;1,2,1,128""",FLOAT16;INT64;FLOAT16,NCHW;NCHW;NCHW,"""1,2,1024,128""",FLOAT16,NCHW,N/A,0.0,0,0.0,0.0,0.0,0.0,0.0,0.0,0.0,0.0,0.0,0.0,0.0,0.639,2301,0.008,0.012,0.123,0.193,0.103,0.16,0.329,0.515,0.107,0.000
0,6,2,75,6,IncreFlashAttention_3,IncreFlashAttention,static,MIX_AIC,1786102259963979.400	,19.900,1.510000,2,4,NO,"""1,16,1,128;1,2,1024,128;1,2,1024,128;1,1,1,1024""",FLOAT16;FLOAT16;FLOAT16;BOOL,NCHW;NCHW;NCHW;NCHW,"""1,16,1,128""",FLOAT16,NCHW,0,18.765,67553,1.076,0.057,14.192,0.756,2.698,0.144,7.083,0.377,2.893,0.154,0.054,10.734,77288,0.718,0.067,2.48,0.231,0.198,0.018,0.434,0.04,0.104,7.858
0,6,2,76,6,MatMul_16,MatMul,static,AI_CORE,1786102259964000.120	,6.280,0.600000,22,0,NO,"""1,2048;128,64,16,16""",FLOAT16;FLOAT16,ND;FRACTAL_NZ,"""1,1024""",FLOAT16,ND,N/A,4.315,170875,0.488,0.113,0.439,0.102,1.107,0.256,3.653,0.847,1.999,0.463,0.002,0.0,0,0.0,0.0,0.0,0.0,0.0,0.0,0.0,0.0,0.0,62.985
0,6,2,77,6,InplaceAddRmsNorm_6,InplaceAddRmsNorm,static,AI_VECTOR_CORE,1786102259964006.420	,1.600,0.220000,1,0,NO,"""1,1,1024;1,1,1024;1024""",FLOAT16;FLOAT16;FLOAT16,ND;ND;ND,"""1,1,1024;1,1,1;1,1,1024""",FLOAT16;FLOAT;FLOAT16,ND;ND;ND,N/A,0.0,0,0.0,0.0,0.0,0.0,0.0,0.0,0.0,0.0,0.0,0.0,0.0,1.043,1877,0.282,0.271,0.414,0.397,0.408,0.392,0.401,0.384,0.224,0.000
0,6,2,78,6,MatMul_17,MatMul,static,AI_CORE,1786102259964008.040	,9.260,0.000000,24,0,NO,"""1,1024;64,192,16,16""",FLOAT16;FLOAT16,ND;FRACTAL_NZ,"""1,3072""",FLOAT16,ND,N/A,7.098,306642,0.538,0.076,0.46,0.065,1.288,0.181,6.186,0.871,4.186,0.59,0.009,0.0,0,0.0,0.0,0.0,0.0,0.0,0.0,0.0,0.0,0.0,76.654
0,6,2,79,6,MatMul_18,MatMul,static,AI_CORE,1786102259964017.320	,7.380,0.000000,24,0,NO,"""1,1024;64,192,16,16""",FLOAT16;FLOAT16,ND;FRACTAL_NZ,"""1,3072""",FLOAT16,ND,N/A,5.36,231542,0.538,0.1,0.938,0.175,1.287,0.24,3.937,0.735,2.287,0.427,0.0,0.0,0,0.0,0.0,0.0,0.0,0.0,0.0,0.0,0.0,0.0,72.626
0,6,2,80,6,Swish_3Mul_6,AutomaticBufferFusionOp,static,AI_VECTOR_CORE,1786102259964024.740	,1.460,0.120000,3,0,NO,"""1,1,3072;1,1,3072""",FLOAT16;FLOAT16,ND;ND,"""1,1,3072""",FLOAT16,ND,N/A,0.0,0,0.0,0.0,0.0,0.0,0.0,0.0,0.0,0.0,0.0,0.0,0.0,0.809,4371,0.163,0.201,0.129,0.159,0.13,0.161,0.133,0.164,0.185,0.000
0,6,2,81,6,MatMul_19,MatMul,static,AI_CORE,1786102259964026.220	,9.220,0.040000,22,0,NO,"""1,3072;192,64,16,16""",FLOAT16;FLOAT16,ND;FRACTAL_NZ,"""1,1024""",FLOAT16,ND,N/A,7.123,282090,0.731,0.103,0.463,0.065,1.645,0.231,6.488,0.911,2.101,0.295,0.013,0.0,0,0.0,0.0,0.0,0.0,0.0,0.0,0.0,0.0,0.0,70.823
0,6,2,82,6,InplaceAddRmsNorm_7,InplaceAddRmsNorm,static,AI_VECTOR_CORE,1786102259964035.460	,1.820,0.030000,1,0,NO,"""1,1,1024;1,1,1024;1024""",FLOAT16;FLOAT16;FLOAT16,ND;ND;ND,"""1,1,1024;1,1,1;1,1,1024""",FLOAT16;FLOAT;FLOAT16,ND;ND;ND,N/A,0.0,0,0.0,0.0,0.0,0.0,0.0,0.0,0.0,0.0,0.0,0.0,0.0,1.334,2402,0.282,0.211,0.728,0.546,0.376,0.282,0.372,0.279,0.222,0.000
0,6,2,83,6,MatMul_20,MatMul,static,AI_CORE,1786102259964037.300	,8.040,0.000000,23,0,NO,"""1,1024;64,160,16,16""",FLOAT16;FLOAT16,ND;FRACTAL_NZ,"""1,2560""",FLOAT16,ND,N/A,6.139,254155,0.527,0.086,0.417,0.068,1.142,0.186,5.249,0.855,3.541,0.577,0.021,0.0,0,0.0,0.0,0.0,0.0,0.0,0.0,0.0,0.0,0.0,73.174
0,6,2,84,6,SplitV_6,SplitVD,static,AI_VECTOR_CORE,1786102259964045.360	,0.980,0.000000,1,0,NO,"""1,1,2560""",FLOAT16,ND,"""1,1,2048;1,1,256;1,1,256""",FLOAT16;FLOAT16;FLOAT16,ND;ND;ND,N/A,0.0,0,0.0,0.0,0.0,0.0,0.0,0.0,0.0,0.0,0.0,0.0,0.0,0.49,882,0.008,0.016,0.099,0.203,0.12,0.245,0.141,0.288,0.286,0.000
0,6,2,85,6,Scatter_9,Scatter,static,AI_VECTOR_CORE,1786102259964046.360	,1.260,0.020000,2,0,NO,"""1,2,1024,128;1;1,2,1,128""",FLOAT16;INT64;FLOAT16,NCHW;NCHW;NCHW,"""1,2,1024,128""",FLOAT16,NCHW,N/A,0.0,0,0.0,0.0,0.0,0.0,0.0,0.0,0.0,0.0,0.0,0.0,0.0,0.678,2442,0.008,0.011,0.122,0.179,0.111,0.163,0.289,0.427,0.233,0.000
0,6,2,86,6,ApplyRotaryPosEmb_4,ApplyRotaryPosEmb,static,AI_VECTOR_CORE,1786102259964047.640	,2.620,0.240000,1,0,NO,"""1,1,16,128;1,1,2,128;1,1,1,128;1,1,1,128""",FLOAT16;FLOAT16;FLOAT16;FLOAT16,NCHW;NCHW;NCHW;NCHW,"""1,1,16,128;1,1,2,128""",FLOAT16;FLOAT16,NCHW;NCHW,N/A,0.0,0,0.0,0.0,0.0,0.0,0.0,0.0,0.0,0.0,0.0,0.0,0.0,2.123,3821,0.153,0.072,1.47,0.692,0.151,0.071,0.141,0.066,0.169,0.000
0,6,2,87,6,Scatter_8,Scatter,static,AI_VECTOR_CORE,1786102259964050.300	,1.120,0.000000,2,0,NO,"""1,2,1024,128;1;1,2,1,128""",FLOAT16;INT64;FLOAT16,NCHW;NCHW;NCHW,"""1,2,1024,128""",FLOAT16,NCHW,N/A,0.0,0,0.0,0.0,0.0,0.0,0.0,0.0,0.0,0.0,0.0,0.0,0.0,0.57,2053,0.008,0.014,0.129,0.226,0.105,0.184,0.292,0.512,0.0,0.000
0,6,2,88,6,IncreFlashAttention_4,IncreFlashAttention,static,MIX_AIC,1786102259964052.540	,19.120,1.130000,2,4,NO,"""1,16,1,128;1,2,1024,128;1,2,1024,128;1,1,1,1024""",FLOAT16;FLOAT16;FLOAT16;BOOL,NCHW;NCHW;NCHW;NCHW,"""1,16,1,128""",FLOAT16,NCHW,0,18.556,66802,1.076,0.058,13.888,0.748,2.698,0.145,7.172,0.387,2.845,0.153,0.052,10.431,75106,0.72,0.069,2.003,0.192,0.194,0.019,0.421,0.04,0.105,8.088
0,6,2,89,6,MatMul_21,MatMul,static,AI_CORE,1786102259964072.680	,6.140,1.130000,22,0,NO,"""1,2048;128,64,16,16""",FLOAT16;FLOAT16,ND;FRACTAL_NZ,"""1,1024""",FLOAT16,ND,N/A,4.265,168897,0.489,0.115,0.439,0.103,1.113,0.261,3.591,0.842,3.126,0.733,0.002,0.0,0,0.0,0.0,0.0,0.0,0.0,0.0,0.0,0.0,0.0,63.675
0,6,2,90,6,InplaceAddRmsNorm_8,InplaceAddRmsNorm,static,AI_VECTOR_CORE,1786102259964078.840	,1.580,0.000000,1,0,NO,"""1,1,1024;1,1,1024;1024""",FLOAT16;FLOAT16;FLOAT16,ND;ND;ND,"""1,1,1024;1,1,1;1,1,1024""",FLOAT16;FLOAT;FLOAT16,ND;ND;ND,N/A,0.0,0,0.0,0.0,0.0,0.0,0.0,0.0,0.0,0.0,0.0,0.0,0.0,1.066,1919,0.282,0.265,0.473,0.444,0.367,0.344,0.361,0.339,0.214,0.000
0,6,2,91,6,MatMul_22,MatMul,static,AI_CORE,1786102259964080.440	,7.320,0.170000,24,0,NO,"""1,1024;64,192,16,16""",FLOAT16;FLOAT16,ND;FRACTAL_NZ,"""1,3072""",FLOAT16,ND,N/A,5.361,231590,0.538,0.1,0.443,0.083,1.283,0.239,4.432,0.827,3.574,0.667,0.009,0.0,0,0.0,0.0,0.0,0.0,0.0,0.0,0.0,0.0,0.0,73.236
0,6,2,92,6,MatMul_23,MatMul,static,AI_CORE,1786102259964087.780	,7.300,0.000000,24,0,NO,"""1,1024;64,192,16,16""",FLOAT16;FLOAT16,ND;FRACTAL_NZ,"""1,3072""",FLOAT16,ND,N/A,4.907,211983,0.538,0.11,0.444,0.09,1.288,0.263,4.013,0.818,2.031,0.414,0.0,0.0,0,0.0,0.0,0.0,0.0,0.0,0.0,0.0,0.0,0.0,67.219
0,6,2,93,6,Swish_4Mul_7,AutomaticBufferFusionOp,static,AI_VECTOR_CORE,1786102259964095.100	,1.460,0.000000,3,0,NO,"""1,1,3072;1,1,3072""",FLOAT16;FLOAT16,ND;ND,"""1,1,3072""",FLOAT16,ND,N/A,0.0,0,0.0,0.0,0.0,0.0,0.0,0.0,0.0,0.0,0.0,0.0,0.0,0.758,4092,0.163,0.216,0.154,0.204,0.15,0.198,0.13,0.172,0.191,0.000
0,6,2,94,6,MatMul_24,MatMul,static,AI_CORE,1786102259964096.580	,7.920,0.040000,22,0,NO,"""1,3072;192,64,16,16""",FLOAT16;FLOAT16,ND;FRACTAL_NZ,"""1,1024""",FLOAT16,ND,N/A,5.681,224961,0.731,0.129,0.46,0.081,1.656,0.291,5.044,0.888,2.125,0.374,0.013,0.0,0,0.0,0.0,0.0,0.0,0.0,0.0,0.0,0.0,0.0,65.750
0,6,2,95,6,InplaceAddRmsNorm_9,InplaceAddRmsNorm,static,AI_VECTOR_CORE,1786102259964104.520	,1.880,0.080000,1,0,NO,"""1,1,1024;1,1,1024;1024""",FLOAT16;FLOAT16;FLOAT16,ND;ND;ND,"""1,1,1024;1,1,1;1,1,1024""",FLOAT16;FLOAT;FLOAT16,ND;ND;ND,N/A,0.0,0,0.0,0.0,0.0,0.0,0.0,0.0,0.0,0.0,0.0,0.0,0.0,1.313,2364,0.282,0.215,0.719,0.547,0.354,0.269,0.363,0.276,0.2,0.000
0,6,2,96,6,MatMul_25,MatMul,static,AI_CORE,1786102259964106.420	,6.820,0.120000,23,0,NO,"""1,1024;64,160,16,16""",FLOAT16;FLOAT16,ND;FRACTAL_NZ,"""1,2560""",FLOAT16,ND,N/A,4.711,195022,0.527,0.112,0.872,0.185,1.139,0.242,3.377,0.717,1.776,0.377,0.021,0.0,0,0.0,0.0,0.0,0.0,0.0,0.0,0.0,0.0,0.0,66.194
0,6,2,97,6,SplitV_7,SplitVD,static,AI_VECTOR_CORE,1786102259964113.260	,1.080,0.000000,1,0,NO,"""1,1,2560""",FLOAT16,ND,"""1,1,2048;1,1,256;1,1,256""",FLOAT16;FLOAT16;FLOAT16,ND;ND;ND,N/A,0.0,0,0.0,0.0,0.0,0.0,0.0,0.0,0.0,0.0,0.0,0.0,0.0,0.527,948,0.008,0.015,0.115,0.218,0.124,0.235,0.149,0.284,0.263,0.000
0,6,2,98,6,Scatter_11,Scatter,static,AI_VECTOR_CORE,1786102259964114.380	,1.280,0.170000,2,0,NO,"""1,2,1024,128;1;1,2,1,128""",FLOAT16;INT64;FLOAT16,NCHW;NCHW;NCHW,"""1,2,1024,128""",FLOAT16,NCHW,N/A,0.0,0,0.0,0.0,0.0,0.0,0.0,0.0,0.0,0.0,0.0,0.0,0.0,0.673,2423,0.008,0.012,0.131,0.194,0.113,0.168,0.219,0.325,0.222,0.000
0,6,2,99,6,ApplyRotaryPosEmb_5,ApplyRotaryPosEmb,static,AI_VECTOR_CORE,1786102259964115.680	,2.660,0.000000,1,0,NO,"""1,1,16,128;1,1,2,128;1,1,1,128;1,1,1,128""",FLOAT16;FLOAT16;FLOAT16;FLOAT16,NCHW;NCHW;NCHW;NCHW,"""1,1,16,128;1,1,2,128""",FLOAT16;FLOAT16,NCHW;NCHW,N/A,0.0,0,0.0,0.0,0.0,0.0,0.0,0.0,0.0,0.0,0.0,0.0,0.0,2.166,3898,0.153,0.071,1.589,0.734,0.161,0.074,0.166,0.076,0.172,0.000
0,6,2,100,6,Scatter_10,Scatter,static,AI_VECTOR_CORE,1786102259964118.380	,1.180,0.090000,2,0,NO,"""1,2,1024,128;1;1,2,1,128""",FLOAT16;INT64;FLOAT16,NCHW;NCHW;NCHW,"""1,2,1024,128""",FLOAT16,NCHW,N/A,0.0,0,0.0,0.0,0.0,0.0,0.0,0.0,0.0,0.0,0.0,0.0,0.0,0.628,2261,0.008,0.012,0.166,0.264,0.121,0.193,0.304,0.484,0.0,0.000
0,6,2,101,6,IncreFlashAttention_5,IncreFlashAttention,static,MIX_AIC,1786102259964120.900	,19.600,1.320000,2,4,NO,"""1,16,1,128;1,2,1024,128;1,2,1024,128;1,1,1,1024""",FLOAT16;FLOAT16;FLOAT16;BOOL,NCHW;NCHW;NCHW;NCHW,"""1,16,1,128""",FLOAT16,NCHW,0,19.082,68695,1.076,0.056,14.413,0.755,2.697,0.141,6.954,0.364,2.956,0.155,0.054,10.996,79170,0.719,0.065,2.245,0.204,0.192,0.017,0.42,0.038,0.103,8.113
0,6,2,102,6,MatMul_26,MatMul,static,AI_CORE,1786102259964141.640	,7.640,1.150000,22,0,NO,"""1,2048;128,64,16,16""",FLOAT16;FLOAT16,ND;FRACTAL_NZ,"""1,1024""",FLOAT16,ND,N/A,5.409,214200,0.487,0.09,0.433,0.08,1.108,0.205,4.758,0.88,3.149,0.582,0.002,0.0,0,0.0,0.0,0.0,0.0,0.0,0.0,0.0,0.0,0.0,64.900
0,6,2,103,6,InplaceAddRmsNorm_10,InplaceAddRmsNorm,static,AI_VECTOR_CORE,1786102259964149.300	,1.600,0.000000,1,0,NO,"""1,1,1024;1,1,1024;1024""",FLOAT16;FLOAT16;FLOAT16,ND;ND;ND,"""1,1,1024;1,1,1;1,1,1024""",FLOAT16;FLOAT;FLOAT16,ND;ND;ND,N/A,0.0,0,0.0,0.0,0.0,0.0,0.0,0.0,0.0,0.0,0.0,0.0,0.0,1.062,1911,0.282,0.266,0.439,0.413,0.377,0.355,0.363,0.342,0.214,0.000
0,6,2,104,6,MatMul_27,MatMul,static,AI_CORE,1786102259964150.920	,9.280,0.150000,24,0,NO,"""1,1024;64,192,16,16""",FLOAT16;FLOAT16,ND;FRACTAL_NZ,"""1,3072""",FLOAT16,ND,N/A,6.943,299950,0.538,0.077,0.502,0.072,1.29,0.186,6.048,0.871,4.308,0.621,0.009,0.0,0,0.0,0.0,0.0,0.0,0.0,0.0,0.0,0.0,0.0,74.820
0,6,2,105,6,MatMul_28,MatMul,static,AI_CORE,1786102259964160.220	,7.300,0.000000,24,0,NO,"""1,1024;64,192,16,16""",FLOAT16;FLOAT16,ND;FRACTAL_NZ,"""1,3072""",FLOAT16,ND,N/A,5.047,218023,0.538,0.107,0.513,0.102,1.291,0.256,4.06,0.805,2.016,0.399,0.0,0.0,0,0.0,0.0,0.0,0.0,0.0,0.0,0.0,0.0,0.0,69.135
0,6,2,106,6,Swish_5Mul_8,AutomaticBufferFusionOp,static,AI_VECTOR_CORE,1786102259964167.540	,1.560,0.000000,3,0,NO,"""1,1,3072;1,1,3072""",FLOAT16;FLOAT16,ND;ND,"""1,1,3072""",FLOAT16,ND,N/A,0.0,0,0.0,0.0,0.0,0.0,0.0,0.0,0.0,0.0,0.0,0.0,0.0,0.819,4421,0.163,0.199,0.133,0.163,0.139,0.169,0.133,0.163,0.185,0.000
0,6,2,107,6,MatMul_29,MatMul,static,AI_CORE,1786102259964169.120	,8.120,0.000000,22,0,NO,"""1,3072;192,64,16,16""",FLOAT16;FLOAT16,ND;FRACTAL_NZ,"""1,1024""",FLOAT16,ND,N/A,5.979,236766,0.731,0.122,0.503,0.084,1.652,0.276,5.282,0.883,2.688,0.45,0.014,0.0,0,0.0,0.0,0.0,0.0,0.0,0.0,0.0,0.0,0.0,67.496
0,6,2,108,6,InplaceAddRmsNorm_11,InplaceAddRmsNorm,static,AI_VECTOR_CORE,1786102259964177.260	,2.080,0.130000,1,0,NO,"""1,1,1024;1,1,1024;1024""",FLOAT16;FLOAT16;FLOAT16,ND;ND;ND,"""1,1,1024;1,1,1;1,1,1024""",FLOAT16;FLOAT;FLOAT16,ND;ND;ND,N/A,0.0,0,0.0,0.0,0.0,0.0,0.0,0.0,0.0,0.0,0.0,0.0,0.0,1.522,2739,0.282,0.185,0.702,0.461,0.383,0.252,0.377,0.248,0.22,0.000
0,6,2,109,6,MatMul_30,MatMul,static,AI_CORE,1786102259964179.380	,9.540,0.170000,23,0,NO,"""1,1024;64,160,16,16""",FLOAT16;FLOAT16,ND;FRACTAL_NZ,"""1,2560""",FLOAT16,ND,N/A,7.526,311560,0.527,0.07,0.988,0.131,1.142,0.152,6.085,0.809,3.903,0.519,0.021,0.0,0,0.0,0.0,0.0,0.0,0.0,0.0,0.0,0.0,0.0,75.598
0,6,2,110,6,SplitV_8,SplitVD,static,AI_VECTOR_CORE,1786102259964188.960	,1.000,0.000000,1,0,NO,"""1,1,2560""",FLOAT16,ND,"""1,1,2048;1,1,256;1,1,256""",FLOAT16;FLOAT16;FLOAT16,ND;ND;ND,N/A,0.0,0,0.0,0.0,0.0,0.0,0.0,0.0,0.0,0.0,0.0,0.0,0.0,0.547,985,0.008,0.014,0.107,0.195,0.132,0.242,0.156,0.285,0.286,0.000
0,6,2,111,6,Scatter_13,Scatter,static,AI_VECTOR_CORE,1786102259964189.980	,1.460,0.000000,2,0,NO,"""1,2,1024,128;1;1,2,1,128""",FLOAT16;INT64;FLOAT16,NCHW;NCHW;NCHW,"""1,2,1024,128""",FLOAT16,NCHW,N/A,0.0,0,0.0,0.0,0.0,0.0,0.0,0.0,0.0,0.0,0.0,0.0,0.0,0.826,2974,0.008,0.009,0.169,0.204,0.108,0.131,0.307,0.372,0.18,0.000
0,6,2,112,6,ApplyRotaryPosEmb_6,ApplyRotaryPosEmb,static,AI_VECTOR_CORE,1786102259964191.460	,2.760,0.040000,1,0,NO,"""1,1,16,128;1,1,2,128;1,1,1,128;1,1,1,128""",FLOAT16;FLOAT16;FLOAT16;FLOAT16,NCHW;NCHW;NCHW;NCHW,"""1,1,16,128;1,1,2,128""",FLOAT16;FLOAT16,NCHW;NCHW,N/A,0.0,0,0.0,0.0,0.0,0.0,0.0,0.0,0.0,0.0,0.0,0.0,0.0,2.272,4089,0.153,0.067,1.581,0.696,0.165,0.073,0.158,0.07,0.166,0.000
0,6,2,113,6,Scatter_12,Scatter,static,AI_VECTOR_CORE,1786102259964194.260	,1.080,0.000000,2,0,NO,"""1,2,1024,128;1;1,2,1,128""",FLOAT16;INT64;FLOAT16,NCHW;NCHW;NCHW,"""1,2,1024,128""",FLOAT16,NCHW,N/A,0.0,0,0.0,0.0,0.0,0.0,0.0,0.0,0.0,0.0,0.0,0.0,0.0,0.548,1972,0.008,0.014,0.145,0.265,0.101,0.185,0.274,0.501,0.0,0.000
0,6,2,114,6,IncreFlashAttention_6,IncreFlashAttention,static,MIX_AIC,1786102259964196.380	,19.540,1.170000,2,4,NO,"""1,16,1,128;1,2,1024,128;1,2,1024,128;1,1,1,1024""",FLOAT16;FLOAT16;FLOAT16;BOOL,NCHW;NCHW;NCHW;NCHW,"""1,16,1,128""",FLOAT16,NCHW,0,18.949,68218,1.076,0.057,14.01,0.739,2.699,0.142,7.017,0.37,2.844,0.15,0.054,10.629,76530,0.72,0.068,1.887,0.177,0.197,0.018,0.443,0.042,0.1,8.081
0,6,2,115,6,MatMul_31,MatMul,static,AI_CORE,1786102259964217.080	,4.820,0.960000,22,0,NO,"""1,2048;128,64,16,16""",FLOAT16;FLOAT16,ND;FRACTAL_NZ,"""1,1024""",FLOAT16,ND,N/A,3.476,137641,0.487,0.14,0.466,0.134,1.112,0.32,2.726,0.784,2.255,0.649,0.002,0.0,0,0.0,0.0,0.0,0.0,0.0,0.0,0.0,0.0,0.0,66.102
0,6,2,116,6,InplaceAddRmsNorm_12,InplaceAddRmsNorm,static,AI_VECTOR_CORE,1786102259964221.920	,1.900,0.180000,1,0,NO,"""1,1,1024;1,1,1024;1024""",FLOAT16;FLOAT16;FLOAT16,ND;ND;ND,"""1,1,1024;1,1,1;1,1,1024""",FLOAT16;FLOAT;FLOAT16,ND;ND;ND,N/A,0.0,0,0.0,0.0,0.0,0.0,0.0,0.0,0.0,0.0,0.0,0.0,0.0,1.353,2436,0.282,0.209,0.471,0.348,0.376,0.278,0.387,0.286,0.214,0.000
0,6,2,117,6,MatMul_32,MatMul,static,AI_CORE,1786102259964223.840	,9.920,0.000000,24,0,NO,"""1,1024;64,192,16,16""",FLOAT16;FLOAT16,ND;FRACTAL_NZ,"""1,3072""",FLOAT16,ND,N/A,7.658,330828,0.538,0.07,1.052,0.137,1.278,0.167,6.117,0.799,4.672,0.61,0.009,0.0,0,0.0,0.0,0.0,0.0,0.0,0.0,0.0,0.0,0.0,77.198
0,6,2,118,6,MatMul_33,MatMul,static,AI_CORE,1786102259964233.780	,7.500,0.080000,24,0,NO,"""1,1024;64,192,16,16""",FLOAT16;FLOAT16,ND;FRACTAL_NZ,"""1,3072""",FLOAT16,ND,N/A,5.275,227866,0.538,0.102,0.5,0.095,1.285,0.244,4.294,0.814,2.112,0.4,0.0,0.0,0,0.0,0.0,0.0,0.0,0.0,0.0,0.0,0.0,0.0,70.329
0,6,2,119,6,Swish_6Mul_9,AutomaticBufferFusionOp,static,AI_VECTOR_CORE,1786102259964241.300	,1.600,0.000000,3,0,NO,"""1,1,3072;1,1,3072""",FLOAT16;FLOAT16,ND;ND,"""1,1,3072""",FLOAT16,ND,N/A,0.0,0,0.0,0.0,0.0,0.0,0.0,0.0,0.0,0.0,0.0,0.0,0.0,0.883,4769,0.163,0.185,0.116,0.131,0.13,0.148,0.146,0.165,0.167,0.000
0,6,2,120,6,MatMul_34,MatMul,static,AI_CORE,1786102259964242.920	,9.600,0.150000,22,0,NO,"""1,3072;192,64,16,16""",FLOAT16;FLOAT16,ND;FRACTAL_NZ,"""1,1024""",FLOAT16,ND,N/A,7.626,302005,0.734,0.096,0.492,0.064,1.634,0.214,6.889,0.903,2.375,0.311,0.014,0.0,0,0.0,0.0,0.0,0.0,0.0,0.0,0.0,0.0,0.0,72.821
0,6,2,121,6,InplaceAddRmsNorm_13,InplaceAddRmsNorm,static,AI_VECTOR_CORE,1786102259964252.540	,1.540,0.000000,1,0,NO,"""1,1,1024;1,1,1024;1024""",FLOAT16;FLOAT16;FLOAT16,ND;ND;ND,"""1,1,1024;1,1,1;1,1,1024""",FLOAT16;FLOAT;FLOAT16,ND;ND;ND,N/A,0.0,0,0.0,0.0,0.0,0.0,0.0,0.0,0.0,0.0,0.0,0.0,0.0,1.092,1965,0.282,0.259,0.493,0.452,0.391,0.358,0.382,0.35,0.215,0.000
0,6,2,122,6,MatMul_35,MatMul,static,AI_CORE,1786102259964254.100	,8.460,0.000000,23,0,NO,"""1,1024;64,160,16,16""",FLOAT16;FLOAT16,ND;FRACTAL_NZ,"""1,2560""",FLOAT16,ND,N/A,6.469,267812,0.527,0.082,0.495,0.076,1.143,0.177,5.498,0.85,4.94,0.764,0.021,0.0,0,0.0,0.0,0.0,0.0,0.0,0.0,0.0,0.0,0.0,73.278
0,6,2,123,6,SplitV_9,SplitVD,static,AI_VECTOR_CORE,1786102259964262.580	,1.280,0.040000,1,0,NO,"""1,1,2560""",FLOAT16,ND,"""1,1,2048;1,1,256;1,1,256""",FLOAT16;FLOAT16;FLOAT16,ND;ND;ND,N/A,0.0,0,0.0,0.0,0.0,0.0,0.0,0.0,0.0,0.0,0.0,0.0,0.0,0.826,1486,0.008,0.009,0.114,0.139,0.131,0.158,0.154,0.186,0.263,0.000
0,6,2,124,6,Scatter_15,Scatter,static,AI_VECTOR_CORE,1786102259964263.880	,1.340,0.220000,2,0,NO,"""1,2,1024,128;1;1,2,1,128""",FLOAT16;INT64;FLOAT16,NCHW;NCHW;NCHW,"""1,2,1024,128""",FLOAT16,NCHW,N/A,0.0,0,0.0,0.0,0.0,0.0,0.0,0.0,0.0,0.0,0.0,0.0,0.0,0.825,2971,0.008,0.009,0.137,0.166,0.139,0.169,0.253,0.306,0.213,0.000
0,6,2,125,6,ApplyRotaryPosEmb_7,ApplyRotaryPosEmb,static,AI_VECTOR_CORE,1786102259964265.240	,3.180,0.000000,1,0,NO,"""1,1,16,128;1,1,2,128;1,1,1,128;1,1,1,128""",FLOAT16;FLOAT16;FLOAT16;FLOAT16,NCHW;NCHW;NCHW;NCHW,"""1,1,16,128;1,1,2,128""",FLOAT16;FLOAT16,NCHW;NCHW,N/A,0.0,0,0.0,0.0,0.0,0.0,0.0,0.0,0.0,0.0,0.0,0.0,0.0,2.698,4856,0.159,0.059,1.548,0.574,0.203,0.075,0.161,0.06,0.155,0.000
0,6,2,126,6,Scatter_14,Scatter,static,AI_VECTOR_CORE,1786102259964268.460	,1.140,0.070000,2,0,NO,"""1,2,1024,128;1;1,2,1,128""",FLOAT16;INT64;FLOAT16,NCHW;NCHW;NCHW,"""1,2,1024,128""",FLOAT16,NCHW,N/A,0.0,0,0.0,0.0,0.0,0.0,0.0,0.0,0.0,0.0,0.0,0.0,0.0,0.59,2123,0.008,0.013,0.147,0.25,0.102,0.173,0.306,0.518,0.0,0.000
0,6,2,127,6,IncreFlashAttention_7,IncreFlashAttention,static,MIX_AIC,1786102259964270.700	,21.260,1.110000,2,4,NO,"""1,16,1,128;1,2,1024,128;1,2,1024,128;1,1,1,1024""",FLOAT16;FLOAT16;FLOAT16;BOOL,NCHW;NCHW;NCHW;NCHW,"""1,16,1,128""",FLOAT16,NCHW,0,20.848,75052,1.076,0.052,14.502,0.696,2.699,0.129,7.09,0.34,2.849,0.137,0.056,11.907,85730,0.721,0.061,1.923,0.161,0.211,0.018,0.463,0.039,0.113,8.172
0,6,2,128,6,MatMul_36,MatMul,static,AI_CORE,1786102259964293.240	,5.560,1.240000,22,0,NO,"""1,2048;128,64,16,16""",FLOAT16;FLOAT16,ND;FRACTAL_NZ,"""1,1024""",FLOAT16,ND,N/A,3.821,151311,0.489,0.128,0.488,0.128,1.103,0.289,3.111,0.814,2.565,0.671,0.002,0.0,0,0.0,0.0,0.0,0.0,0.0,0.0,0.0,0.0,0.0,62.996
0,6,2,129,6,InplaceAddRmsNorm_14,InplaceAddRmsNorm,static,AI_VECTOR_CORE,1786102259964298.820	,1.560,0.000000,1,0,NO,"""1,1,1024;1,1,1024;1024""",FLOAT16;FLOAT16;FLOAT16,ND;ND;ND,"""1,1,1024;1,1,1;1,1,1024""",FLOAT16;FLOAT;FLOAT16,ND;ND;ND,N/A,0.0,0,0.0,0.0,0.0,0.0,0.0,0.0,0.0,0.0,0.0,0.0,0.0,1.101,1981,0.282,0.256,0.479,0.435,0.383,0.348,0.384,0.349,0.214,0.000
0,6,2,130,6,MatMul_37,MatMul,static,AI_CORE,1786102259964300.400	,7.600,0.190000,24,0,NO,"""1,1024;64,192,16,16""",FLOAT16;FLOAT16,ND;FRACTAL_NZ,"""1,3072""",FLOAT16,ND,N/A,5.549,239703,0.538,0.097,0.529,0.095,1.284,0.231,4.547,0.819,3.616,0.652,0.009,0.0,0,0.0,0.0,0.0,0.0,0.0,0.0,0.0,0.0,0.0,73.009
0,6,2,131,6,MatMul_38,MatMul,static,AI_CORE,1786102259964308.020	,7.340,0.000000,24,0,NO,"""1,1024;64,192,16,16""",FLOAT16;FLOAT16,ND;FRACTAL_NZ,"""1,3072""",FLOAT16,ND,N/A,5.014,216605,0.538,0.107,0.636,0.127,1.295,0.258,3.933,0.784,1.908,0.38,0.0,0.0,0,0.0,0.0,0.0,0.0,0.0,0.0,0.0,0.0,0.0,68.311
0,6,2,132,6,Swish_7Mul_10,AutomaticBufferFusionOp,static,AI_VECTOR_CORE,1786102259964315.400	,1.620,0.160000,3,0,NO,"""1,1,3072;1,1,3072""",FLOAT16;FLOAT16,ND;ND,"""1,1,3072""",FLOAT16,ND,N/A,0.0,0,0.0,0.0,0.0,0.0,0.0,0.0,0.0,0.0,0.0,0.0,0.0,0.973,5253,0.163,0.167,0.204,0.21,0.128,0.131,0.13,0.134,0.194,0.000
0,6,2,133,6,MatMul_39,MatMul,static,AI_CORE,1786102259964317.040	,9.100,0.000000,22,0,NO,"""1,3072;192,64,16,16""",FLOAT16;FLOAT16,ND;FRACTAL_NZ,"""1,1024""",FLOAT16,ND,N/A,7.035,278574,0.73,0.104,0.97,0.138,1.647,0.234,5.909,0.84,2.018,0.287,0.014,0.0,0,0.0,0.0,0.0,0.0,0.0,0.0,0.0,0.0,0.0,70.862
0,6,2,134,6,InplaceAddRmsNorm_15,InplaceAddRmsNorm,static,AI_VECTOR_CORE,1786102259964326.180	,1.700,0.150000,1,0,NO,"""1,1,1024;1,1,1024;1024""",FLOAT16;FLOAT16;FLOAT16,ND;ND;ND,"""1,1,1024;1,1,1;1,1,1024""",FLOAT16;FLOAT;FLOAT16,ND;ND;ND,N/A,0.0,0,0.0,0.0,0.0,0.0,0.0,0.0,0.0,0.0,0.0,0.0,0.0,1.206,2171,0.282,0.234,0.463,0.384,0.544,0.451,0.386,0.32,0.215,0.000
0,6,2,135,6,MatMul_40,MatMul,static,AI_CORE,1786102259964327.920	,8.880,0.050000,23,0,NO,"""1,1024;64,160,16,16""",FLOAT16;FLOAT16,ND;FRACTAL_NZ,"""1,2560""",FLOAT16,ND,N/A,6.593,272950,0.527,0.08,0.692,0.105,1.141,0.173,5.426,0.823,3.756,0.57,0.021,0.0,0,0.0,0.0,0.0,0.0,0.0,0.0,0.0,0.0,0.0,71.152
0,6,2,136,6,SplitV_10,SplitVD,static,AI_VECTOR_CORE,1786102259964336.820	,1.060,0.000000,1,0,NO,"""1,1,2560""",FLOAT16,ND,"""1,1,2048;1,1,256;1,1,256""",FLOAT16;FLOAT16;FLOAT16,ND;ND;ND,N/A,0.0,0,0.0,0.0,0.0,0.0,0.0,0.0,0.0,0.0,0.0,0.0,0.0,0.504,908,0.008,0.015,0.108,0.214,0.118,0.233,0.142,0.282,0.263,0.000
0,6,2,137,6,Scatter_17,Scatter,static,AI_VECTOR_CORE,1786102259964337.900	,1.220,0.190000,2,0,NO,"""1,2,1024,128;1;1,2,1,128""",FLOAT16;INT64;FLOAT16,NCHW;NCHW;NCHW,"""1,2,1024,128""",FLOAT16,NCHW,N/A,0.0,0,0.0,0.0,0.0,0.0,0.0,0.0,0.0,0.0,0.0,0.0,0.0,0.593,2136,0.008,0.013,0.124,0.21,0.108,0.181,0.268,0.452,0.12,0.000
0,6,2,138,6,ApplyRotaryPosEmb_8,ApplyRotaryPosEmb,static,AI_VECTOR_CORE,1786102259964339.140	,2.640,0.030000,1,0,NO,"""1,1,16,128;1,1,2,128;1,1,1,128;1,1,1,128""",FLOAT16;FLOAT16;FLOAT16;FLOAT16,NCHW;NCHW;NCHW;NCHW,"""1,1,16,128;1,1,2,128""",FLOAT16;FLOAT16,NCHW;NCHW,N/A,0.0,0,0.0,0.0,0.0,0.0,0.0,0.0,0.0,0.0,0.0,0.0,0.0,2.089,3760,0.159,0.076,1.428,0.684,0.155,0.074,0.146,0.07,0.153,0.000
0,6,2,139,6,Scatter_16,Scatter,static,AI_VECTOR_CORE,1786102259964341.800	,1.160,0.000000,2,0,NO,"""1,2,1024,128;1;1,2,1,128""",FLOAT16;INT64;FLOAT16,NCHW;NCHW;NCHW,"""1,2,1024,128""",FLOAT16,NCHW,N/A,0.0,0,0.0,0.0,0.0,0.0,0.0,0.0,0.0,0.0,0.0,0.0,0.0,0.541,1946,0.008,0.014,0.183,0.339,0.121,0.224,0.229,0.424,0.0,0.000
0,6,2,140,6,IncreFlashAttention_8,IncreFlashAttention,static,MIX_AIC,1786102259964343.900	,17.180,1.090000,2,4,NO,"""1,16,1,128;1,2,1024,128;1,2,1024,128;1,1,1,1024""",FLOAT16;FLOAT16;FLOAT16;BOOL,NCHW;NCHW;NCHW;NCHW,"""1,16,1,128""",FLOAT16,NCHW,0,16.681,60053,1.076,0.064,12.703,0.761,2.698,0.162,7.527,0.451,3.036,0.182,0.009,9.299,66955,0.718,0.077,2.055,0.221,0.197,0.021,0.417,0.045,0.108,8.091
0,6,2,141,6,MatMul_41,MatMul,static,AI_CORE,1786102259964362.160	,6.220,1.070000,22,0,NO,"""1,2048;128,64,16,16""",FLOAT16;FLOAT16,ND;FRACTAL_NZ,"""1,1024""",FLOAT16,ND,N/A,4.324,171220,0.488,0.113,0.645,0.149,1.099,0.254,3.621,0.837,3.098,0.716,0.0,0.0,0,0.0,0.0,0.0,0.0,0.0,0.0,0.0,0.0,0.0,63.721
0,6,2,142,6,InplaceAddRmsNorm_16,InplaceAddRmsNorm,static,AI_VECTOR_CORE,1786102259964368.400	,1.660,0.030000,1,0,NO,"""1,1,1024;1,1,1024;1024""",FLOAT16;FLOAT16;FLOAT16,ND;ND;ND,"""1,1,1024;1,1,1;1,1,1024""",FLOAT16;FLOAT;FLOAT16,ND;ND;ND,N/A,0.0,0,0.0,0.0,0.0,0.0,0.0,0.0,0.0,0.0,0.0,0.0,0.0,1.12,2016,0.282,0.252,0.498,0.444,0.392,0.35,0.372,0.332,0.214,0.000
0,6,2,143,6,MatMul_42,MatMul,static,AI_CORE,1786102259964370.080	,8.580,0.000000,24,0,NO,"""1,1024;64,192,16,16""",FLOAT16;FLOAT16,ND;FRACTAL_NZ,"""1,3072""",FLOAT16,ND,N/A,6.491,280424,0.538,0.083,0.408,0.063,1.288,0.198,5.634,0.868,4.768,0.735,0.01,0.0,0,0.0,0.0,0.0,0.0,0.0,0.0,0.0,0.0,0.0,75.656
0,6,2,144,6,MatMul_43,MatMul,static,AI_CORE,1786102259964378.680	,7.880,0.170000,24,0,NO,"""1,1024;64,192,16,16""",FLOAT16;FLOAT16,ND;FRACTAL_NZ,"""1,3072""",FLOAT16,ND,N/A,4.979,215092,0.538,0.108,0.413,0.083,1.291,0.259,4.12,0.828,1.92,0.386,0.0,0.0,0,0.0,0.0,0.0,0.0,0.0,0.0,0.0,0.0,0.0,63.185
0,6,2,145,6,Swish_8Mul_11,AutomaticBufferFusionOp,static,AI_VECTOR_CORE,1786102259964386.580	,1.560,0.000000,3,0,NO,"""1,1,3072;1,1,3072""",FLOAT16;FLOAT16,ND;ND,"""1,1,3072""",FLOAT16,ND,N/A,0.0,0,0.0,0.0,0.0,0.0,0.0,0.0,0.0,0.0,0.0,0.0,0.0,0.876,4733,0.163,0.186,0.143,0.163,0.128,0.146,0.134,0.153,0.167,0.000
0,6,2,146,6,MatMul_44,MatMul,static,AI_CORE,1786102259964388.180	,9.340,0.190000,22,0,NO,"""1,3072;192,64,16,16""",FLOAT16;FLOAT16,ND;FRACTAL_NZ,"""1,1024""",FLOAT16,ND,N/A,7.173,284047,0.734,0.102,0.845,0.118,1.649,0.23,6.175,0.861,2.052,0.286,0.013,0.0,0,0.0,0.0,0.0,0.0,0.0,0.0,0.0,0.0,0.0,70.398
0,6,2,147,6,InplaceAddRmsNorm_17,InplaceAddRmsNorm,static,AI_VECTOR_CORE,1786102259964397.560	,1.940,0.000000,1,0,NO,"""1,1,1024;1,1,1024;1024""",FLOAT16;FLOAT16;FLOAT16,ND;ND;ND,"""1,1,1024;1,1,1;1,1,1024""",FLOAT16;FLOAT;FLOAT16,ND;ND;ND,N/A,0.0,0,0.0,0.0,0.0,0.0,0.0,0.0,0.0,0.0,0.0,0.0,0.0,1.367,2461,0.282,0.206,0.748,0.547,0.386,0.282,0.363,0.266,0.215,0.000
0,6,2,148,6,MatMul_45,MatMul,static,AI_CORE,1786102259964399.520	,7.040,0.060000,23,0,NO,"""1,1024;64,160,16,16""",FLOAT16;FLOAT16,ND;FRACTAL_NZ,"""1,2560""",FLOAT16,ND,N/A,4.472,185160,0.527,0.118,0.431,0.096,1.143,0.256,3.572,0.799,1.803,0.403,0.022,0.0,0,0.0,0.0,0.0,0.0,0.0,0.0,0.0,0.0,0.0,60.882
0,6,2,149,6,SplitV_11,SplitVD,static,AI_VECTOR_CORE,1786102259964406.580	,1.140,0.000000,1,0,NO,"""1,1,2560""",FLOAT16,ND,"""1,1,2048;1,1,256;1,1,256""",FLOAT16;FLOAT16;FLOAT16,ND;ND;ND,N/A,0.0,0,0.0,0.0,0.0,0.0,0.0,0.0,0.0,0.0,0.0,0.0,0.0,0.575,1035,0.008,0.014,0.169,0.294,0.133,0.231,0.154,0.269,0.263,0.000
0,6,2,150,6,Scatter_19,Scatter,static,AI_VECTOR_CORE,1786102259964407.740	,1.360,0.110000,2,0,NO,"""1,2,1024,128;1;1,2,1,128""",FLOAT16;INT64;FLOAT16,NCHW;NCHW;NCHW,"""1,2,1024,128""",FLOAT16,NCHW,N/A,0.0,0,0.0,0.0,0.0,0.0,0.0,0.0,0.0,0.0,0.0,0.0,0.0,0.701,2522,0.008,0.011,0.149,0.213,0.117,0.167,0.172,0.246,0.182,0.000
0,6,2,151,6,ApplyRotaryPosEmb_9,ApplyRotaryPosEmb,static,AI_VECTOR_CORE,1786102259964409.120	,2.540,0.000000,1,0,NO,"""1,1,16,128;1,1,2,128;1,1,1,128;1,1,1,128""",FLOAT16;FLOAT16;FLOAT16;FLOAT16,NCHW;NCHW;NCHW;NCHW,"""1,1,16,128;1,1,2,128""",FLOAT16;FLOAT16,NCHW;NCHW,N/A,0.0,0,0.0,0.0,0.0,0.0,0.0,0.0,0.0,0.0,0.0,0.0,0.0,2.063,3714,0.153,0.074,1.6,0.775,0.159,0.077,0.152,0.074,0.163,0.000
0,6,2,152,6,Scatter_18,Scatter,static,AI_VECTOR_CORE,1786102259964411.680	,0.960,0.210000,2,0,NO,"""1,2,1024,128;1;1,2,1,128""",FLOAT16;INT64;FLOAT16,NCHW;NCHW;NCHW,"""1,2,1024,128""",FLOAT16,NCHW,N/A,0.0,0,0.0,0.0,0.0,0.0,0.0,0.0,0.0,0.0,0.0,0.0,0.0,0.447,1608,0.008,0.017,0.196,0.44,0.103,0.231,0.11,0.246,0.0,0.000
0,6,2,153,6,IncreFlashAttention_9,IncreFlashAttention,static,MIX_AIC,1786102259964414.040	,16.640,1.290000,2,4,NO,"""1,16,1,128;1,2,1024,128;1,2,1024,128;1,1,1,1024""",FLOAT16;FLOAT16;FLOAT16;BOOL,NCHW;NCHW;NCHW;NCHW,"""1,16,1,128""",FLOAT16,NCHW,0,16.134,58084,1.076,0.067,12.494,0.774,2.7,0.167,6.952,0.431,2.81,0.174,0.01,9.088,65433,0.717,0.079,2.032,0.224,0.201,0.022,0.42,0.046,0.103,8.080
0,6,2,154,6,MatMul_46,MatMul,static,AI_CORE,1786102259964431.700	,6.020,1.110000,22,0,NO,"""1,2048;128,64,16,16""",FLOAT16;FLOAT16,ND;FRACTAL_NZ,"""1,1024""",FLOAT16,ND,N/A,4.295,170095,0.487,0.113,0.814,0.19,1.103,0.257,3.239,0.754,2.041,0.475,0.0,0.0,0,0.0,0.0,0.0,0.0,0.0,0.0,0.0,0.0,0.0,65.405
0,6,2,155,6,InplaceAddRmsNorm_18,InplaceAddRmsNorm,static,AI_VECTOR_CORE,1786102259964437.740	,1.640,0.000000,1,0,NO,"""1,1,1024;1,1,1024;1024""",FLOAT16;FLOAT16;FLOAT16,ND;ND;ND,"""1,1,1024;1,1,1;1,1,1024""",FLOAT16;FLOAT;FLOAT16,ND;ND;ND,N/A,0.0,0,0.0,0.0,0.0,0.0,0.0,0.0,0.0,0.0,0.0,0.0,0.0,1.134,2041,0.282,0.249,0.515,0.454,0.439,0.387,0.406,0.358,0.214,0.000
0,6,2,156,6,MatMul_47,MatMul,static,AI_CORE,1786102259964439.400	,6.500,0.110000,24,0,NO,"""1,1024;64,192,16,16""",FLOAT16;FLOAT16,ND;FRACTAL_NZ,"""1,3072""",FLOAT16,ND,N/A,4.689,202567,0.538,0.115,0.439,0.094,1.287,0.275,3.794,0.809,2.952,0.629,0.011,0.0,0,0.0,0.0,0.0,0.0,0.0,0.0,0.0,0.0,0.0,72.139
0,6,2,157,6,MatMul_48,MatMul,static,AI_CORE,1786102259964445.920	,9.440,0.000000,24,0,NO,"""1,1024;64,192,16,16""",FLOAT16;FLOAT16,ND;FRACTAL_NZ,"""1,3072""",FLOAT16,ND,N/A,7.079,305813,0.538,0.076,0.445,0.063,1.289,0.182,6.196,0.875,5.412,0.765,0.0,0.0,0,0.0,0.0,0.0,0.0,0.0,0.0,0.0,0.0,0.0,74.989
0,6,2,158,6,Swish_9Mul_12,AutomaticBufferFusionOp,static,AI_VECTOR_CORE,1786102259964455.380	,1.520,0.060000,3,0,NO,"""1,1,3072;1,1,3072""",FLOAT16;FLOAT16,ND;ND,"""1,1,3072""",FLOAT16,ND,N/A,0.0,0,0.0,0.0,0.0,0.0,0.0,0.0,0.0,0.0,0.0,0.0,0.0,0.83,4482,0.163,0.196,0.117,0.141,0.134,0.162,0.119,0.143,0.157,0.000
0,6,2,159,6,MatMul_49,MatMul,static,AI_CORE,1786102259964456.920	,8.960,0.000000,22,0,NO,"""1,3072;192,64,16,16""",FLOAT16;FLOAT16,ND;FRACTAL_NZ,"""1,1024""",FLOAT16,ND,N/A,7.064,279744,0.729,0.103,0.427,0.06,1.651,0.234,6.475,0.917,3.594,0.509,0.014,0.0,0,0.0,0.0,0.0,0.0,0.0,0.0,0.0,0.0,0.0,72.272
0,6,2,160,6,InplaceAddRmsNorm_19,InplaceAddRmsNorm,static,AI_VECTOR_CORE,1786102259964465.900	,1.760,0.040000,1,0,NO,"""1,1,1024;1,1,1024;1024""",FLOAT16;FLOAT16;FLOAT16,ND;ND;ND,"""1,1,1024;1,1,1;1,1,1024""",FLOAT16;FLOAT;FLOAT16,ND;ND;ND,N/A,0.0,0,0.0,0.0,0.0,0.0,0.0,0.0,0.0,0.0,0.0,0.0,0.0,1.193,2148,0.282,0.236,0.559,0.468,0.443,0.371,0.426,0.357,0.215,0.000
0,6,2,161,6,MatMul_50,MatMul,static,AI_CORE,1786102259964467.680	,8.020,0.000000,23,0,NO,"""1,1024;64,160,16,16""",FLOAT16;FLOAT16,ND;FRACTAL_NZ,"""1,2560""",FLOAT16,ND,N/A,6.032,249738,0.527,0.087,0.408,0.068,1.144,0.19,5.15,0.854,3.408,0.565,0.025,0.0,0,0.0,0.0,0.0,0.0,0.0,0.0,0.0,0.0,0.0,72.082
0,6,2,162,6,SplitV_12,SplitVD,static,AI_VECTOR_CORE,1786102259964475.720	,1.140,0.000000,1,0,NO,"""1,1,2560""",FLOAT16,ND,"""1,1,2048;1,1,256;1,1,256""",FLOAT16;FLOAT16;FLOAT16,ND;ND;ND,N/A,0.0,0,0.0,0.0,0.0,0.0,0.0,0.0,0.0,0.0,0.0,0.0,0.0,0.559,1007,0.008,0.014,0.151,0.269,0.134,0.239,0.157,0.281,0.263,0.000
0,6,2,163,6,Scatter_21,Scatter,static,AI_VECTOR_CORE,1786102259964476.880	,1.400,0.110000,2,0,NO,"""1,2,1024,128;1;1,2,1,128""",FLOAT16;INT64;FLOAT16,NCHW;NCHW;NCHW,"""1,2,1024,128""",FLOAT16,NCHW,N/A,0.0,0,0.0,0.0,0.0,0.0,0.0,0.0,0.0,0.0,0.0,0.0,0.0,0.737,2654,0.008,0.011,0.126,0.171,0.114,0.154,0.314,0.425,0.211,0.000
0,6,2,164,6,ApplyRotaryPosEmb_10,ApplyRotaryPosEmb,static,AI_VECTOR_CORE,1786102259964478.300	,2.400,0.000000,1,0,NO,"""1,1,16,128;1,1,2,128;1,1,1,128;1,1,1,128""",FLOAT16;FLOAT16;FLOAT16;FLOAT16,NCHW;NCHW;NCHW;NCHW,"""1,1,16,128;1,1,2,128""",FLOAT16;FLOAT16,NCHW;NCHW,N/A,0.0,0,0.0,0.0,0.0,0.0,0.0,0.0,0.0,0.0,0.0,0.0,0.0,1.928,3470,0.153,0.079,1.432,0.743,0.158,0.082,0.152,0.079,0.171,0.000
0,6,2,165,6,Scatter_20,Scatter,static,AI_VECTOR_CORE,1786102259964480.720	,1.060,0.100000,2,0,NO,"""1,2,1024,128;1;1,2,1,128""",FLOAT16;INT64;FLOAT16,NCHW;NCHW;NCHW,"""1,2,1024,128""",FLOAT16,NCHW,N/A,0.0,0,0.0,0.0,0.0,0.0,0.0,0.0,0.0,0.0,0.0,0.0,0.0,0.553,1991,0.008,0.014,0.138,0.25,0.108,0.195,0.283,0.511,0.0,0.000
0,6,2,166,6,IncreFlashAttention_10,IncreFlashAttention,static,MIX_AIC,1786102259964482.940	,16.700,1.190000,2,4,NO,"""1,16,1,128;1,2,1024,128;1,2,1024,128;1,1,1,1024""",FLOAT16;FLOAT16;FLOAT16;BOOL,NCHW;NCHW;NCHW;NCHW,"""1,16,1,128""",FLOAT16,NCHW,0,16.229,58423,1.076,0.066,12.439,0.767,2.701,0.166,7.015,0.432,2.774,0.171,0.01,9.141,65815,0.72,0.079,1.896,0.207,0.189,0.021,0.44,0.048,0.107,8.098
0,6,2,167,6,MatMul_51,MatMul,static,AI_CORE,1786102259964500.600	,6.300,0.800000,22,0,NO,"""1,2048;128,64,16,16""",FLOAT16;FLOAT16,ND;FRACTAL_NZ,"""1,1024""",FLOAT16,ND,N/A,4.331,171527,0.486,0.112,0.43,0.099,1.097,0.253,3.67,0.847,3.208,0.741,0.0,0.0,0,0.0,0.0,0.0,0.0,0.0,0.0,0.0,0.0,0.0,63.024
0,6,2,168,6,InplaceAddRmsNorm_20,InplaceAddRmsNorm,static,AI_VECTOR_CORE,1786102259964506.920	,1.540,0.200000,1,0,NO,"""1,1,1024;1,1,1024;1024""",FLOAT16;FLOAT16;FLOAT16,ND;ND;ND,"""1,1,1024;1,1,1;1,1,1024""",FLOAT16;FLOAT;FLOAT16,ND;ND;ND,N/A,0.0,0,0.0,0.0,0.0,0.0,0.0,0.0,0.0,0.0,0.0,0.0,0.0,1.021,1838,0.282,0.276,0.438,0.429,0.366,0.359,0.374,0.366,0.214,0.000
0,6,2,169,6,MatMul_52,MatMul,static,AI_CORE,1786102259964508.480	,7.300,0.000000,24,0,NO,"""1,1024;64,192,16,16""",FLOAT16;FLOAT16,ND;FRACTAL_NZ,"""1,3072""",FLOAT16,ND,N/A,5.104,220499,0.538,0.105,0.467,0.091,1.286,0.252,4.173,0.818,3.243,0.635,0.015,0.0,0,0.0,0.0,0.0,0.0,0.0,0.0,0.0,0.0,0.0,69.920
0,6,2,170,6,MatMul_53,MatMul,static,AI_CORE,1786102259964515.800	,9.020,0.000000,24,0,NO,"""1,1024;64,192,16,16""",FLOAT16;FLOAT16,ND;FRACTAL_NZ,"""1,3072""",FLOAT16,ND,N/A,6.824,294811,0.538,0.079,0.669,0.098,1.288,0.189,5.938,0.87,4.296,0.63,0.0,0.0,0,0.0,0.0,0.0,0.0,0.0,0.0,0.0,0.0,0.0,75.658
0,6,2,171,6,Swish_10Mul_13,AutomaticBufferFusionOp,static,AI_VECTOR_CORE,1786102259964524.840	,1.420,0.000000,3,0,NO,"""1,1,3072;1,1,3072""",FLOAT16;FLOAT16,ND;ND,"""1,1,3072""",FLOAT16,ND,N/A,0.0,0,0.0,0.0,0.0,0.0,0.0,0.0,0.0,0.0,0.0,0.0,0.0,0.815,4403,0.163,0.2,0.13,0.16,0.131,0.16,0.143,0.176,0.185,0.000
0,6,2,172,6,MatMul_54,MatMul,static,AI_CORE,1786102259964526.280	,9.120,0.080000,22,0,NO,"""1,3072;192,64,16,16""",FLOAT16;FLOAT16,ND;FRACTAL_NZ,"""1,1024""",FLOAT16,ND,N/A,7.199,285085,0.732,0.102,0.459,0.064,1.641,0.228,6.549,0.91,3.716,0.516,0.013,0.0,0,0.0,0.0,0.0,0.0,0.0,0.0,0.0,0.0,0.0,72.360
0,6,2,173,6,InplaceAddRmsNorm_21,InplaceAddRmsNorm,static,AI_VECTOR_CORE,1786102259964535.420	,1.580,0.130000,1,0,NO,"""1,1,1024;1,1,1024;1024""",FLOAT16;FLOAT16;FLOAT16,ND;ND;ND,"""1,1,1024;1,1,1;1,1,1024""",FLOAT16;FLOAT;FLOAT16,ND;ND;ND,N/A,0.0,0,0.0,0.0,0.0,0.0,0.0,0.0,0.0,0.0,0.0,0.0,0.0,1.071,1927,0.282,0.264,0.463,0.432,0.369,0.345,0.372,0.348,0.215,0.000
0,6,2,174,6,MatMul_55,MatMul,static,AI_CORE,1786102259964537.020	,6.460,0.000000,23,0,NO,"""1,1024;64,160,16,16""",FLOAT16;FLOAT16,ND;FRACTAL_NZ,"""1,2560""",FLOAT16,ND,N/A,4.413,182713,0.527,0.119,0.421,0.095,1.141,0.259,3.503,0.794,1.83,0.415,0.027,0.0,0,0.0,0.0,0.0,0.0,0.0,0.0,0.0,0.0,0.0,65.472
0,6,2,175,6,SplitV_13,SplitVD,static,AI_VECTOR_CORE,1786102259964543.500	,1.060,0.040000,1,0,NO,"""1,1,2560""",FLOAT16,ND,"""1,1,2048;1,1,256;1,1,256""",FLOAT16;FLOAT16;FLOAT16,ND;ND;ND,N/A,0.0,0,0.0,0.0,0.0,0.0,0.0,0.0,0.0,0.0,0.0,0.0,0.0,0.566,1018,0.008,0.014,0.158,0.28,0.123,0.217,0.142,0.251,0.263,0.000
0,6,2,176,6,Scatter_23,Scatter,static,AI_VECTOR_CORE,1786102259964544.600	,1.220,0.000000,2,0,NO,"""1,2,1024,128;1;1,2,1,128""",FLOAT16;INT64;FLOAT16,NCHW;NCHW;NCHW,"""1,2,1024,128""",FLOAT16,NCHW,N/A,0.0,0,0.0,0.0,0.0,0.0,0.0,0.0,0.0,0.0,0.0,0.0,0.0,0.644,2319,0.008,0.012,0.129,0.2,0.105,0.163,0.182,0.283,0.182,0.000
0,6,2,177,6,ApplyRotaryPosEmb_11,ApplyRotaryPosEmb,static,AI_VECTOR_CORE,1786102259964545.840	,2.300,0.030000,1,0,NO,"""1,1,16,128;1,1,2,128;1,1,1,128;1,1,1,128""",FLOAT16;FLOAT16;FLOAT16;FLOAT16,NCHW;NCHW;NCHW;NCHW,"""1,1,16,128;1,1,2,128""",FLOAT16;FLOAT16,NCHW;NCHW,N/A,0.0,0,0.0,0.0,0.0,0.0,0.0,0.0,0.0,0.0,0.0,0.0,0.0,1.768,3182,0.153,0.086,1.309,0.74,0.151,0.085,0.14,0.079,0.178,0.000
0,6,2,178,6,Scatter_22,Scatter,static,AI_VECTOR_CORE,1786102259964548.160	,1.200,0.200000,2,0,NO,"""1,2,1024,128;1;1,2,1,128""",FLOAT16;INT64;FLOAT16,NCHW;NCHW;NCHW,"""1,2,1024,128""",FLOAT16,NCHW,N/A,0.0,0,0.0,0.0,0.0,0.0,0.0,0.0,0.0,0.0,0.0,0.0,0.0,0.594,2137,0.008,0.013,0.135,0.227,0.12,0.203,0.298,0.502,0.0,0.000
0,6,2,179,6,IncreFlashAttention_11,IncreFlashAttention,static,MIX_AIC,1786102259964550.580	,16.700,1.050000,2,4,NO,"""1,16,1,128;1,2,1024,128;1,2,1024,128;1,1,1,1024""",FLOAT16;FLOAT16;FLOAT16;BOOL,NCHW;NCHW;NCHW;NCHW,"""1,16,1,128""",FLOAT16,NCHW,0,16.143,58114,1.076,0.067,12.726,0.788,2.698,0.167,6.804,0.421,2.911,0.18,0.01,8.958,64501,0.718,0.08,1.93,0.215,0.192,0.021,0.481,0.054,0.103,8.055
0,6,2,180,6,MatMul_56,MatMul,static,AI_CORE,1786102259964568.240	,7.600,1.050000,22,0,NO,"""1,2048;128,64,16,16""",FLOAT16;FLOAT16,ND;FRACTAL_NZ,"""1,1024""",FLOAT16,ND,N/A,5.778,228806,0.489,0.085,0.572,0.099,1.098,0.19,4.978,0.862,3.589,0.621,0.0,0.0,0,0.0,0.0,0.0,0.0,0.0,0.0,0.0,0.0,0.0,69.690
0,6,2,181,6,InplaceAddRmsNorm_22,InplaceAddRmsNorm,static,AI_VECTOR_CORE,1786102259964575.860	,1.620,0.000000,1,0,NO,"""1,1,1024;1,1,1024;1024""",FLOAT16;FLOAT16;FLOAT16,ND;ND;ND,"""1,1,1024;1,1,1;1,1,1024""",FLOAT16;FLOAT;FLOAT16,ND;ND;ND,N/A,0.0,0,0.0,0.0,0.0,0.0,0.0,0.0,0.0,0.0,0.0,0.0,0.0,1.139,2050,0.282,0.248,0.494,0.434,0.397,0.349,0.397,0.348,0.214,0.000
0,6,2,182,6,MatMul_57,MatMul,static,AI_CORE,1786102259964577.500	,7.260,0.130000,24,0,NO,"""1,1024;64,192,16,16""",FLOAT16;FLOAT16,ND;FRACTAL_NZ,"""1,3072""",FLOAT16,ND,N/A,4.673,201869,0.538,0.115,0.496,0.106,1.292,0.276,3.733,0.799,1.951,0.417,0.01,0.0,0,0.0,0.0,0.0,0.0,0.0,0.0,0.0,0.0,0.0,64.365
0,6,2,183,6,MatMul_58,MatMul,static,AI_CORE,1786102259964584.780	,7.340,0.000000,24,0,NO,"""1,1024;64,192,16,16""",FLOAT16;FLOAT16,ND;FRACTAL_NZ,"""1,3072""",FLOAT16,ND,N/A,5.379,232388,0.537,0.1,1.028,0.191,1.282,0.238,3.885,0.722,2.611,0.485,0.0,0.0,0,0.0,0.0,0.0,0.0,0.0,0.0,0.0,0.0,0.0,73.288
0,6,2,184,6,Swish_11Mul_14,AutomaticBufferFusionOp,static,AI_VECTOR_CORE,1786102259964592.140	,1.540,0.160000,3,0,NO,"""1,1,3072;1,1,3072""",FLOAT16;FLOAT16,ND;ND,"""1,1,3072""",FLOAT16,ND,N/A,0.0,0,0.0,0.0,0.0,0.0,0.0,0.0,0.0,0.0,0.0,0.0,0.0,0.803,4338,0.163,0.203,0.144,0.179,0.16,0.2,0.131,0.163,0.176,0.000
0,6,2,185,6,MatMul_59,MatMul,static,AI_CORE,1786102259964593.720	,8.420,0.000000,22,0,NO,"""1,3072;192,64,16,16""",FLOAT16;FLOAT16,ND;FRACTAL_NZ,"""1,1024""",FLOAT16,ND,N/A,6.325,250456,0.73,0.115,0.486,0.077,1.644,0.26,5.68,0.898,2.889,0.457,0.013,0.0,0,0.0,0.0,0.0,0.0,0.0,0.0,0.0,0.0,0.0,68.855
0,6,2,186,6,InplaceAddRmsNorm_23,InplaceAddRmsNorm,static,AI_VECTOR_CORE,1786102259964602.160	,1.720,0.080000,1,0,NO,"""1,1,1024;1,1,1024;1024""",FLOAT16;FLOAT16;FLOAT16,ND;ND;ND,"""1,1,1024;1,1,1;1,1,1024""",FLOAT16;FLOAT;FLOAT16,ND;ND;ND,N/A,0.0,0,0.0,0.0,0.0,0.0,0.0,0.0,0.0,0.0,0.0,0.0,0.0,1.167,2100,0.282,0.242,0.545,0.467,0.384,0.33,0.37,0.317,0.215,0.000
0,6,2,187,6,MatMul_60,MatMul,static,AI_CORE,1786102259964603.920	,8.180,0.030000,23,0,NO,"""1,1024;64,160,16,16""",FLOAT16;FLOAT16,ND;FRACTAL_NZ,"""1,2560""",FLOAT16,ND,N/A,5.706,236210,0.527,0.092,0.452,0.079,1.143,0.2,4.777,0.837,2.914,0.511,0.021,0.0,0,0.0,0.0,0.0,0.0,0.0,0.0,0.0,0.0,0.0,66.844
0,6,2,188,6,SplitV_14,SplitVD,static,AI_VECTOR_CORE,1786102259964612.120	,1.080,0.000000,1,0,NO,"""1,1,2560""",FLOAT16,ND,"""1,1,2048;1,1,256;1,1,256""",FLOAT16;FLOAT16;FLOAT16,ND;ND;ND,N/A,0.0,0,0.0,0.0,0.0,0.0,0.0,0.0,0.0,0.0,0.0,0.0,0.0,0.519,934,0.008,0.015,0.103,0.199,0.124,0.239,0.146,0.281,0.263,0.000
0,6,2,189,6,Scatter_25,Scatter,static,AI_VECTOR_CORE,1786102259964613.220	,1.320,0.170000,2,0,NO,"""1,2,1024,128;1;1,2,1,128""",FLOAT16;INT64;FLOAT16,NCHW;NCHW;NCHW,"""1,2,1024,128""",FLOAT16,NCHW,N/A,0.0,0,0.0,0.0,0.0,0.0,0.0,0.0,0.0,0.0,0.0,0.0,0.0,0.669,2408,0.008,0.012,0.129,0.193,0.116,0.173,0.243,0.363,0.211,0.000
0,6,2,190,6,ApplyRotaryPosEmb_12,ApplyRotaryPosEmb,static,AI_VECTOR_CORE,1786102259964614.560	,2.400,0.000000,1,0,NO,"""1,1,16,128;1,1,2,128;1,1,1,128;1,1,1,128""",FLOAT16;FLOAT16;FLOAT16;FLOAT16,NCHW;NCHW;NCHW;NCHW,"""1,1,16,128;1,1,2,128""",FLOAT16;FLOAT16,NCHW;NCHW,N/A,0.0,0,0.0,0.0,0.0,0.0,0.0,0.0,0.0,0.0,0.0,0.0,0.0,1.81,3258,0.163,0.09,1.32,0.729,0.164,0.091,0.153,0.084,0.171,0.000
0,6,2,191,6,Scatter_24,Scatter,static,AI_VECTOR_CORE,1786102259964616.980	,1.160,0.100000,2,0,NO,"""1,2,1024,128;1;1,2,1,128""",FLOAT16;INT64;FLOAT16,NCHW;NCHW;NCHW,"""1,2,1024,128""",FLOAT16,NCHW,N/A,0.0,0,0.0,0.0,0.0,0.0,0.0,0.0,0.0,0.0,0.0,0.0,0.0,0.549,1976,0.008,0.014,0.137,0.25,0.129,0.235,0.229,0.417,0.0,0.000
0,6,2,192,6,IncreFlashAttention_12,IncreFlashAttention,static,MIX_AIC,1786102259964619.420	,16.460,1.340000,2,4,NO,"""1,16,1,128;1,2,1024,128;1,2,1024,128;1,1,1,1024""",FLOAT16;FLOAT16;FLOAT16;BOOL,NCHW;NCHW;NCHW;NCHW,"""1,16,1,128""",FLOAT16,NCHW,0,16.007,57625,1.076,0.067,12.775,0.798,2.697,0.169,6.856,0.428,2.901,0.181,0.01,9.027,64995,0.718,0.08,2.163,0.24,0.195,0.022,0.45,0.05,0.101,8.104
0,6,2,193,6,MatMul_61,MatMul,static,AI_CORE,1786102259964637.080	,6.280,1.040000,22,0,NO,"""1,2048;128,64,16,16""",FLOAT16;FLOAT16,ND;FRACTAL_NZ,"""1,1024""",FLOAT16,ND,N/A,4.339,171811,0.486,0.112,0.471,0.109,1.111,0.256,3.642,0.84,3.165,0.73,0.0,0.0,0,0.0,0.0,0.0,0.0,0.0,0.0,0.0,0.0,0.0,63.330
0,6,2,194,6,InplaceAddRmsNorm_24,InplaceAddRmsNorm,static,AI_VECTOR_CORE,1786102259964643.380	,1.520,0.220000,1,0,NO,"""1,1,1024;1,1,1024;1024""",FLOAT16;FLOAT16;FLOAT16,ND;ND;ND,"""1,1,1024;1,1,1;1,1,1024""",FLOAT16;FLOAT;FLOAT16,ND;ND;ND,N/A,0.0,0,0.0,0.0,0.0,0.0,0.0,0.0,0.0,0.0,0.0,0.0,0.0,1.021,1837,0.282,0.277,0.434,0.426,0.399,0.391,0.369,0.361,0.214,0.000
0,6,2,195,6,MatMul_62,MatMul,static,AI_CORE,1786102259964644.920	,6.660,0.000000,24,0,NO,"""1,1024;64,192,16,16""",FLOAT16;FLOAT16,ND;FRACTAL_NZ,"""1,3072""",FLOAT16,ND,N/A,4.76,205628,0.538,0.113,0.514,0.108,1.286,0.27,3.791,0.796,2.848,0.598,0.014,0.0,0,0.0,0.0,0.0,0.0,0.0,0.0,0.0,0.0,0.0,71.470
0,6,2,196,6,MatMul_63,MatMul,static,AI_CORE,1786102259964651.600	,8.740,0.000000,24,0,NO,"""1,1024;64,192,16,16""",FLOAT16;FLOAT16,ND;FRACTAL_NZ,"""1,3072""",FLOAT16,ND,N/A,6.681,288630,0.538,0.08,0.474,0.071,1.286,0.192,5.76,0.862,3.811,0.57,0.0,0.0,0,0.0,0.0,0.0,0.0,0.0,0.0,0.0,0.0,0.0,76.445
0,6,2,197,6,Swish_12Mul_15,AutomaticBufferFusionOp,static,AI_VECTOR_CORE,1786102259964660.360	,1.500,0.010000,3,0,NO,"""1,1,3072;1,1,3072""",FLOAT16;FLOAT16,ND;ND,"""1,1,3072""",FLOAT16,ND,N/A,0.0,0,0.0,0.0,0.0,0.0,0.0,0.0,0.0,0.0,0.0,0.0,0.0,0.821,4433,0.163,0.199,0.161,0.196,0.164,0.2,0.14,0.171,0.167,0.000
0,6,2,198,6,MatMul_64,MatMul,static,AI_CORE,1786102259964661.880	,7.580,0.250000,22,0,NO,"""1,3072;192,64,16,16""",FLOAT16;FLOAT16,ND;FRACTAL_NZ,"""1,1024""",FLOAT16,ND,N/A,5.733,227017,0.732,0.128,0.5,0.087,1.659,0.289,5.056,0.882,3.374,0.589,0.015,0.0,0,0.0,0.0,0.0,0.0,0.0,0.0,0.0,0.0,0.0,69.327
0,6,2,199,6,InplaceAddRmsNorm_25,InplaceAddRmsNorm,static,AI_VECTOR_CORE,1786102259964669.480	,1.840,0.000000,1,0,NO,"""1,1,1024;1,1,1024;1024""",FLOAT16;FLOAT16;FLOAT16,ND;ND;ND,"""1,1,1024;1,1,1;1,1,1024""",FLOAT16;FLOAT;FLOAT16,ND;ND;ND,N/A,0.0,0,0.0,0.0,0.0,0.0,0.0,0.0,0.0,0.0,0.0,0.0,0.0,1.301,2342,0.282,0.217,0.443,0.341,0.389,0.299,0.377,0.29,0.223,0.000
0,6,2,200,6,MatMul_65,MatMul,static,AI_CORE,1786102259964671.340	,7.840,0.000000,23,0,NO,"""1,1024;64,160,16,16""",FLOAT16;FLOAT16,ND;FRACTAL_NZ,"""1,2560""",FLOAT16,ND,N/A,5.809,240481,0.527,0.091,0.643,0.111,1.142,0.197,4.872,0.839,3.338,0.575,0.022,0.0,0,0.0,0.0,0.0,0.0,0.0,0.0,0.0,0.0,0.0,71.004
0,6,2,201,6,SplitV_15,SplitVD,static,AI_VECTOR_CORE,1786102259964679.220	,1.320,0.160000,1,0,NO,"""1,1,2560""",FLOAT16,ND,"""1,1,2048;1,1,256;1,1,256""",FLOAT16;FLOAT16;FLOAT16,ND;ND;ND,N/A,0.0,0,0.0,0.0,0.0,0.0,0.0,0.0,0.0,0.0,0.0,0.0,0.0,0.802,1443,0.008,0.01,0.13,0.162,0.127,0.159,0.147,0.184,0.263,0.000
0,6,2,202,6,Scatter_27,Scatter,static,AI_VECTOR_CORE,1786102259964680.560	,1.360,0.000000,2,0,NO,"""1,2,1024,128;1;1,2,1,128""",FLOAT16;INT64;FLOAT16,NCHW;NCHW;NCHW,"""1,2,1024,128""",FLOAT16,NCHW,N/A,0.0,0,0.0,0.0,0.0,0.0,0.0,0.0,0.0,0.0,0.0,0.0,0.0,0.769,2767,0.008,0.01,0.168,0.219,0.128,0.167,0.197,0.256,0.211,0.000
0,6,2,203,6,ApplyRotaryPosEmb_13,ApplyRotaryPosEmb,static,AI_VECTOR_CORE,1786102259964681.940	,3.060,0.140000,1,0,NO,"""1,1,16,128;1,1,2,128;1,1,1,128;1,1,1,128""",FLOAT16;FLOAT16;FLOAT16;FLOAT16,NCHW;NCHW;NCHW;NCHW,"""1,1,16,128;1,1,2,128""",FLOAT16;FLOAT16,NCHW;NCHW,N/A,0.0,0,0.0,0.0,0.0,0.0,0.0,0.0,0.0,0.0,0.0,0.0,0.0,2.484,4472,0.156,0.063,1.468,0.591,0.158,0.064,0.157,0.063,0.181,0.000
0,6,2,204,6,Scatter_26,Scatter,static,AI_VECTOR_CORE,1786102259964685.020	,1.240,0.000000,2,0,NO,"""1,2,1024,128;1;1,2,1,128""",FLOAT16;INT64;FLOAT16,NCHW;NCHW;NCHW,"""1,2,1024,128""",FLOAT16,NCHW,N/A,0.0,0,0.0,0.0,0.0,0.0,0.0,0.0,0.0,0.0,0.0,0.0,0.0,0.62,2233,0.008,0.013,0.142,0.228,0.106,0.171,0.335,0.541,0.0,0.000
0,6,2,205,6,IncreFlashAttention_13,IncreFlashAttention,static,MIX_AIC,1786102259964687.700	,15.960,1.510000,2,4,NO,"""1,16,1,128;1,2,1024,128;1,2,1024,128;1,1,1,1024""",FLOAT16;FLOAT16;FLOAT16;BOOL,NCHW;NCHW;NCHW;NCHW,"""1,16,1,128""",FLOAT16,NCHW,0,15.555,55999,1.076,0.069,12.184,0.783,2.697,0.173,6.604,0.425,2.737,0.176,0.01,8.801,63368,0.72,0.082,1.81,0.206,0.188,0.021,0.425,0.048,0.096,8.122
0,6,2,206,6,MatMul_66,MatMul,static,AI_CORE,1786102259964704.760	,7.320,1.040000,22,0,NO,"""1,2048;128,64,16,16""",FLOAT16;FLOAT16,ND;FRACTAL_NZ,"""1,1024""",FLOAT16,ND,N/A,5.396,213692,0.489,0.091,0.465,0.086,1.096,0.203,4.694,0.87,3.198,0.593,0.0,0.0,0,0.0,0.0,0.0,0.0,0.0,0.0,0.0,0.0,0.0,67.576
0,6,2,207,6,InplaceAddRmsNorm_26,InplaceAddRmsNorm,static,AI_VECTOR_CORE,1786102259964712.100	,1.620,0.000000,1,0,NO,"""1,1,1024;1,1,1024;1024""",FLOAT16;FLOAT16;FLOAT16,ND;ND;ND,"""1,1,1024;1,1,1;1,1,1024""",FLOAT16;FLOAT;FLOAT16,ND;ND;ND,N/A,0.0,0,0.0,0.0,0.0,0.0,0.0,0.0,0.0,0.0,0.0,0.0,0.0,1.137,2047,0.282,0.248,0.562,0.494,0.368,0.324,0.361,0.318,0.206,0.000
0,6,2,208,6,MatMul_67,MatMul,static,AI_CORE,1786102259964713.740	,7.340,0.130000,24,0,NO,"""1,1024;64,192,16,16""",FLOAT16;FLOAT16,ND;FRACTAL_NZ,"""1,3072""",FLOAT16,ND,N/A,5.374,232157,0.538,0.1,0.964,0.179,1.286,0.239,3.92,0.729,2.286,0.425,0.007,0.0,0,0.0,0.0,0.0,0.0,0.0,0.0,0.0,0.0,0.0,73.215
0,6,2,209,6,MatMul_68,MatMul,static,AI_CORE,1786102259964721.100	,7.340,0.000000,24,0,NO,"""1,1024;64,192,16,16""",FLOAT16;FLOAT16,ND;FRACTAL_NZ,"""1,3072""",FLOAT16,ND,N/A,4.853,209669,0.538,0.111,0.483,0.099,1.292,0.266,3.922,0.808,1.901,0.392,0.0,0.0,0,0.0,0.0,0.0,0.0,0.0,0.0,0.0,0.0,0.0,66.123
0,6,2,210,6,Swish_13Mul_16,AutomaticBufferFusionOp,static,AI_VECTOR_CORE,1786102259964728.460	,1.420,0.160000,3,0,NO,"""1,1,3072;1,1,3072""",FLOAT16;FLOAT16,ND;ND,"""1,1,3072""",FLOAT16,ND,N/A,0.0,0,0.0,0.0,0.0,0.0,0.0,0.0,0.0,0.0,0.0,0.0,0.0,0.763,4118,0.163,0.213,0.121,0.158,0.129,0.17,0.123,0.161,0.194,0.000
0,6,2,211,6,MatMul_69,MatMul,static,AI_CORE,1786102259964729.900	,7.740,0.080000,22,0,NO,"""1,3072;192,64,16,16""",FLOAT16;FLOAT16,ND;FRACTAL_NZ,"""1,1024""",FLOAT16,ND,N/A,5.557,220041,0.734,0.132,0.489,0.088,1.653,0.298,4.897,0.881,2.118,0.381,0.013,0.0,0,0.0,0.0,0.0,0.0,0.0,0.0,0.0,0.0,0.0,65.808
0,6,2,212,6,InplaceAddRmsNorm_27,InplaceAddRmsNorm,static,AI_VECTOR_CORE,1786102259964737.660	,1.660,0.010000,1,0,NO,"""1,1,1024;1,1,1024;1024""",FLOAT16;FLOAT16;FLOAT16,ND;ND;ND,"""1,1,1024;1,1,1;1,1,1024""",FLOAT16;FLOAT;FLOAT16,ND;ND;ND,N/A,0.0,0,0.0,0.0,0.0,0.0,0.0,0.0,0.0,0.0,0.0,0.0,0.0,1.149,2069,0.282,0.246,0.551,0.479,0.411,0.357,0.388,0.337,0.215,0.000
0,6,2,213,6,MatMul_70,MatMul,static,AI_CORE,1786102259964739.340	,6.760,0.000000,23,0,NO,"""1,1024;64,160,16,16""",FLOAT16;FLOAT16,ND;FRACTAL_NZ,"""1,2560""",FLOAT16,ND,N/A,4.819,199525,0.527,0.109,0.953,0.198,1.135,0.235,3.353,0.696,1.898,0.394,0.018,0.0,0,0.0,0.0,0.0,0.0,0.0,0.0,0.0,0.0,0.0,68.323
0,6,2,214,6,SplitV_16,SplitVD,static,AI_VECTOR_CORE,1786102259964746.120	,1.020,0.000000,1,0,NO,"""1,1,2560""",FLOAT16,ND,"""1,1,2048;1,1,256;1,1,256""",FLOAT16;FLOAT16;FLOAT16,ND;ND;ND,N/A,0.0,0,0.0,0.0,0.0,0.0,0.0,0.0,0.0,0.0,0.0,0.0,0.0,0.542,976,0.008,0.014,0.116,0.213,0.126,0.233,0.151,0.279,0.263,0.000
0,6,2,215,6,Scatter_29,Scatter,static,AI_VECTOR_CORE,1786102259964747.160	,1.300,0.230000,2,0,NO,"""1,2,1024,128;1;1,2,1,128""",FLOAT16;INT64;FLOAT16,NCHW;NCHW;NCHW,"""1,2,1024,128""",FLOAT16,NCHW,N/A,0.0,0,0.0,0.0,0.0,0.0,0.0,0.0,0.0,0.0,0.0,0.0,0.0,0.735,2645,0.008,0.011,0.18,0.245,0.101,0.138,0.303,0.412,0.211,0.000
0,6,2,216,6,ApplyRotaryPosEmb_14,ApplyRotaryPosEmb,static,AI_VECTOR_CORE,1786102259964748.480	,2.360,0.000000,1,0,NO,"""1,1,16,128;1,1,2,128;1,1,1,128;1,1,1,128""",FLOAT16;FLOAT16;FLOAT16;FLOAT16,NCHW;NCHW;NCHW;NCHW,"""1,1,16,128;1,1,2,128""",FLOAT16;FLOAT16,NCHW;NCHW,N/A,0.0,0,0.0,0.0,0.0,0.0,0.0,0.0,0.0,0.0,0.0,0.0,0.0,1.846,3322,0.153,0.083,1.378,0.747,0.206,0.112,0.146,0.079,0.168,0.000
0,6,2,217,6,Scatter_28,Scatter,static,AI_VECTOR_CORE,1786102259964750.860	,1.080,0.000000,2,0,NO,"""1,2,1024,128;1;1,2,1,128""",FLOAT16;INT64;FLOAT16,NCHW;NCHW;NCHW,"""1,2,1024,128""",FLOAT16,NCHW,N/A,0.0,0,0.0,0.0,0.0,0.0,0.0,0.0,0.0,0.0,0.0,0.0,0.0,0.533,1917,0.008,0.015,0.125,0.235,0.1,0.188,0.26,0.488,0.0,0.000
0,6,2,218,6,IncreFlashAttention_14,IncreFlashAttention,static,MIX_AIC,1786102259964753.000	,16.300,1.170000,2,4,NO,"""1,16,1,128;1,2,1024,128;1,2,1024,128;1,1,1,1024""",FLOAT16;FLOAT16;FLOAT16;BOOL,NCHW;NCHW;NCHW;NCHW,"""1,16,1,128""",FLOAT16,NCHW,0,15.783,56817,1.076,0.068,12.481,0.791,2.697,0.171,6.731,0.426,2.853,0.181,0.01,8.748,62984,0.72,0.082,1.721,0.197,0.211,0.024,0.444,0.051,0.086,8.069
0,6,2,219,6,MatMul_71,MatMul,static,AI_CORE,1786102259964770.020	,7.780,0.700000,22,0,NO,"""1,2048;128,64,16,16""",FLOAT16;FLOAT16,ND;FRACTAL_NZ,"""1,1024""",FLOAT16,ND,N/A,5.879,232789,0.487,0.083,0.383,0.065,1.1,0.187,5.274,0.897,3.738,0.636,0.0,0.0,0,0.0,0.0,0.0,0.0,0.0,0.0,0.0,0.0,0.0,69.263
0,6,2,220,6,InplaceAddRmsNorm_28,InplaceAddRmsNorm,static,AI_VECTOR_CORE,1786102259964777.820	,1.620,0.000000,1,0,NO,"""1,1,1024;1,1,1024;1024""",FLOAT16;FLOAT16;FLOAT16,ND;ND;ND,"""1,1,1024;1,1,1;1,1,1024""",FLOAT16;FLOAT;FLOAT16,ND;ND;ND,N/A,0.0,0,0.0,0.0,0.0,0.0,0.0,0.0,0.0,0.0,0.0,0.0,0.0,1.052,1893,0.282,0.268,0.433,0.412,0.374,0.356,0.374,0.356,0.214,0.000
0,6,2,221,6,MatMul_72,MatMul,static,AI_CORE,1786102259964779.460	,7.620,0.130000,24,0,NO,"""1,1024;64,192,16,16""",FLOAT16;FLOAT16,ND;FRACTAL_NZ,"""1,3072""",FLOAT16,ND,N/A,5.183,223903,0.538,0.104,0.866,0.167,1.291,0.249,3.87,0.747,1.971,0.38,0.016,0.0,0,0.0,0.0,0.0,0.0,0.0,0.0,0.0,0.0,0.0,68.018
0,6,2,222,6,MatMul_73,MatMul,static,AI_CORE,1786102259964787.100	,8.380,0.000000,24,0,NO,"""1,1024;64,192,16,16""",FLOAT16;FLOAT16,ND;FRACTAL_NZ,"""1,3072""",FLOAT16,ND,N/A,6.308,272493,0.538,0.085,0.404,0.064,1.289,0.204,5.463,0.866,3.681,0.584,0.0,0.0,0,0.0,0.0,0.0,0.0,0.0,0.0,0.0,0.0,0.0,75.271
0,6,2,223,6,Swish_14Mul_17,AutomaticBufferFusionOp,static,AI_VECTOR_CORE,1786102259964795.520	,1.660,0.120000,3,0,NO,"""1,1,3072;1,1,3072""",FLOAT16;FLOAT16,ND;ND,"""1,1,3072""",FLOAT16,ND,N/A,0.0,0,0.0,0.0,0.0,0.0,0.0,0.0,0.0,0.0,0.0,0.0,0.0,0.936,5053,0.163,0.175,0.145,0.155,0.14,0.15,0.142,0.152,0.202,0.000
0,6,2,224,6,MatMul_74,MatMul,static,AI_CORE,1786102259964797.200	,7.640,0.090000,22,0,NO,"""1,3072;192,64,16,16""",FLOAT16;FLOAT16,ND;FRACTAL_NZ,"""1,1024""",FLOAT16,ND,N/A,5.478,216923,0.731,0.133,0.411,0.075,1.657,0.303,4.876,0.89,3.2,0.584,0.014,0.0,0,0.0,0.0,0.0,0.0,0.0,0.0,0.0,0.0,0.0,65.725
0,6,2,225,6,InplaceAddRmsNorm_29,InplaceAddRmsNorm,static,AI_VECTOR_CORE,1786102259964804.860	,1.740,0.000000,1,0,NO,"""1,1,1024;1,1,1024;1024""",FLOAT16;FLOAT16;FLOAT16,ND;ND;ND,"""1,1,1024;1,1,1;1,1,1024""",FLOAT16;FLOAT;FLOAT16,ND;ND;ND,N/A,0.0,0,0.0,0.0,0.0,0.0,0.0,0.0,0.0,0.0,0.0,0.0,0.0,1.229,2213,0.282,0.23,0.597,0.485,0.381,0.31,0.382,0.311,0.215,0.000
0,6,2,226,6,MatMul_75,MatMul,static,AI_CORE,1786102259964806.620	,6.700,0.010000,23,0,NO,"""1,1024;64,160,16,16""",FLOAT16;FLOAT16,ND;FRACTAL_NZ,"""1,2560""",FLOAT16,ND,N/A,4.521,187187,0.527,0.117,0.402,0.089,1.144,0.253,3.651,0.807,1.778,0.393,0.026,0.0,0,0.0,0.0,0.0,0.0,0.0,0.0,0.0,0.0,0.0,64.672
0,6,2,227,6,SplitV_17,SplitVD,static,AI_VECTOR_CORE,1786102259964813.340	,1.080,0.050000,1,0,NO,"""1,1,2560""",FLOAT16,ND,"""1,1,2048;1,1,256;1,1,256""",FLOAT16;FLOAT16;FLOAT16,ND;ND;ND,N/A,0.0,0,0.0,0.0,0.0,0.0,0.0,0.0,0.0,0.0,0.0,0.0,0.0,0.548,986,0.008,0.014,0.126,0.229,0.123,0.225,0.147,0.269,0.263,0.000
0,6,2,228,6,Scatter_31,Scatter,static,AI_VECTOR_CORE,1786102259964814.440	,1.280,0.170000,2,0,NO,"""1,2,1024,128;1;1,2,1,128""",FLOAT16;INT64;FLOAT16,NCHW;NCHW;NCHW,"""1,2,1024,128""",FLOAT16,NCHW,N/A,0.0,0,0.0,0.0,0.0,0.0,0.0,0.0,0.0,0.0,0.0,0.0,0.0,0.701,2524,0.008,0.011,0.131,0.187,0.16,0.228,0.233,0.332,0.211,0.000
0,6,2,229,6,ApplyRotaryPosEmb_15,ApplyRotaryPosEmb,static,AI_VECTOR_CORE,1786102259964815.740	,2.600,0.000000,1,0,NO,"""1,1,16,128;1,1,2,128;1,1,1,128;1,1,1,128""",FLOAT16;FLOAT16;FLOAT16;FLOAT16,NCHW;NCHW;NCHW;NCHW,"""1,1,16,128;1,1,2,128""",FLOAT16;FLOAT16,NCHW;NCHW,N/A,0.0,0,0.0,0.0,0.0,0.0,0.0,0.0,0.0,0.0,0.0,0.0,0.0,2.021,3637,0.157,0.078,1.544,0.764,0.162,0.08,0.143,0.071,0.175,0.000
0,6,2,230,6,Scatter_30,Scatter,static,AI_VECTOR_CORE,1786102259964818.360	,1.240,0.000000,2,0,NO,"""1,2,1024,128;1;1,2,1,128""",FLOAT16;INT64;FLOAT16,NCHW;NCHW;NCHW,"""1,2,1024,128""",FLOAT16,NCHW,N/A,0.0,0,0.0,0.0,0.0,0.0,0.0,0.0,0.0,0.0,0.0,0.0,0.0,0.611,2199,0.008,0.013,0.154,0.253,0.126,0.207,0.282,0.462,0.0,0.000
0,6,2,231,6,IncreFlashAttention_15,IncreFlashAttention,static,MIX_AIC,1786102259964820.660	,17.080,1.260000,2,4,NO,"""1,16,1,128;1,2,1024,128;1,2,1024,128;1,1,1,1024""",FLOAT16;FLOAT16;FLOAT16;BOOL,NCHW;NCHW;NCHW;NCHW,"""1,16,1,128""",FLOAT16,NCHW,0,16.304,58695,1.076,0.066,12.819,0.786,2.698,0.165,7.057,0.433,2.984,0.183,0.009,9.008,64859,0.72,0.08,1.846,0.205,0.196,0.022,0.448,0.05,0.084,7.955
0,6,2,232,6,MatMul_76,MatMul,static,AI_CORE,1786102259964838.940	,6.660,1.170000,22,0,NO,"""1,2048;128,64,16,16""",FLOAT16;FLOAT16,ND;FRACTAL_NZ,"""1,1024""",FLOAT16,ND,N/A,4.268,169004,0.489,0.115,0.396,0.093,1.111,0.26,3.649,0.855,2.02,0.473,0.0,0.0,0,0.0,0.0,0.0,0.0,0.0,0.0,0.0,0.0,0.0,58.741
0,6,2,233,6,InplaceAddRmsNorm_30,InplaceAddRmsNorm,static,AI_VECTOR_CORE,1786102259964845.620	,1.580,0.000000,1,0,NO,"""1,1,1024;1,1,1024;1024""",FLOAT16;FLOAT16;FLOAT16,ND;ND;ND,"""1,1,1024;1,1,1;1,1,1024""",FLOAT16;FLOAT;FLOAT16,ND;ND;ND,N/A,0.0,0,0.0,0.0,0.0,0.0,0.0,0.0,0.0,0.0,0.0,0.0,0.0,1.128,2030,0.282,0.25,0.494,0.438,0.386,0.342,0.394,0.349,0.214,0.000
0,6,2,234,6,MatMul_77,MatMul,static,AI_CORE,1786102259964847.220	,7.900,0.170000,24,0,NO,"""1,1024;64,192,16,16""",FLOAT16;FLOAT16,ND;FRACTAL_NZ,"""1,3072""",FLOAT16,ND,N/A,5.321,229854,0.538,0.101,0.423,0.079,1.289,0.242,4.441,0.835,2.596,0.488,0.01,0.0,0,0.0,0.0,0.0,0.0,0.0,0.0,0.0,0.0,0.0,67.351
0,6,2,235,6,MatMul_78,MatMul,static,AI_CORE,1786102259964855.140	,7.280,0.100000,24,0,NO,"""1,1024;64,192,16,16""",FLOAT16;FLOAT16,ND;FRACTAL_NZ,"""1,3072""",FLOAT16,ND,N/A,4.711,203507,0.538,0.114,0.425,0.09,1.289,0.274,3.844,0.816,1.973,0.419,0.0,0.0,0,0.0,0.0,0.0,0.0,0.0,0.0,0.0,0.0,0.0,64.709
0,6,2,236,6,Swish_15Mul_18,AutomaticBufferFusionOp,static,AI_VECTOR_CORE,1786102259964862.440	,1.400,0.000000,3,0,NO,"""1,1,3072;1,1,3072""",FLOAT16;FLOAT16,ND;ND,"""1,1,3072""",FLOAT16,ND,N/A,0.0,0,0.0,0.0,0.0,0.0,0.0,0.0,0.0,0.0,0.0,0.0,0.0,0.809,4369,0.163,0.201,0.18,0.223,0.148,0.183,0.129,0.159,0.185,0.000
0,6,2,237,6,MatMul_79,MatMul,static,AI_CORE,1786102259964863.880	,7.900,0.100000,22,0,NO,"""1,3072;192,64,16,16""",FLOAT16;FLOAT16,ND;FRACTAL_NZ,"""1,1024""",FLOAT16,ND,N/A,5.697,225603,0.73,0.128,0.625,0.11,1.654,0.29,5.115,0.898,2.119,0.372,0.016,0.0,0,0.0,0.0,0.0,0.0,0.0,0.0,0.0,0.0,0.0,66.105
0,6,2,238,6,InplaceAddRmsNorm_31,InplaceAddRmsNorm,static,AI_VECTOR_CORE,1786102259964871.800	,1.600,0.000000,1,0,NO,"""1,1,1024;1,1,1024;1024""",FLOAT16;FLOAT16;FLOAT16,ND;ND;ND,"""1,1,1024;1,1,1;1,1,1024""",FLOAT16;FLOAT;FLOAT16,ND;ND;ND,N/A,0.0,0,0.0,0.0,0.0,0.0,0.0,0.0,0.0,0.0,0.0,0.0,0.0,1.113,2003,0.282,0.254,0.525,0.472,0.382,0.343,0.373,0.335,0.215,0.000
0,6,2,239,6,MatMul_80,MatMul,static,AI_CORE,1786102259964873.440	,6.720,0.150000,23,0,NO,"""1,1024;64,160,16,16""",FLOAT16;FLOAT16,ND;FRACTAL_NZ,"""1,2560""",FLOAT16,ND,N/A,4.373,181029,0.527,0.121,0.384,0.088,1.146,0.262,3.516,0.804,1.78,0.407,0.024,0.0,0,0.0,0.0,0.0,0.0,0.0,0.0,0.0,0.0,0.0,62.358
0,6,2,240,6,SplitV_18,SplitVD,static,AI_VECTOR_CORE,1786102259964880.180	,1.040,0.030000,1,0,NO,"""1,1,2560""",FLOAT16,ND,"""1,1,2048;1,1,256;1,1,256""",FLOAT16;FLOAT16;FLOAT16,ND;ND;ND,N/A,0.0,0,0.0,0.0,0.0,0.0,0.0,0.0,0.0,0.0,0.0,0.0,0.0,0.519,935,0.008,0.015,0.111,0.214,0.127,0.245,0.152,0.292,0.263,0.000
0,6,2,241,6,Scatter_33,Scatter,static,AI_VECTOR_CORE,1786102259964881.240	,1.420,0.000000,2,0,NO,"""1,2,1024,128;1;1,2,1,128""",FLOAT16;INT64;FLOAT16,NCHW;NCHW;NCHW,"""1,2,1024,128""",FLOAT16,NCHW,N/A,0.0,0,0.0,0.0,0.0,0.0,0.0,0.0,0.0,0.0,0.0,0.0,0.0,0.772,2779,0.008,0.01,0.122,0.158,0.115,0.149,0.302,0.392,0.196,0.000
0,6,2,242,6,ApplyRotaryPosEmb_16,ApplyRotaryPosEmb,static,AI_VECTOR_CORE,1786102259964882.680	,2.400,0.080000,1,0,NO,"""1,1,16,128;1,1,2,128;1,1,1,128;1,1,1,128""",FLOAT16;FLOAT16;FLOAT16;FLOAT16,NCHW;NCHW;NCHW;NCHW,"""1,1,16,128;1,1,2,128""",FLOAT16;FLOAT16,NCHW;NCHW,N/A,0.0,0,0.0,0.0,0.0,0.0,0.0,0.0,0.0,0.0,0.0,0.0,0.0,1.857,3342,0.153,0.082,1.356,0.73,0.157,0.084,0.145,0.078,0.168,0.000
0,6,2,243,6,Scatter_32,Scatter,static,AI_VECTOR_CORE,1786102259964885.100	,1.160,0.000000,2,0,NO,"""1,2,1024,128;1;1,2,1,128""",FLOAT16;INT64;FLOAT16,NCHW;NCHW;NCHW,"""1,2,1024,128""",FLOAT16,NCHW,N/A,0.0,0,0.0,0.0,0.0,0.0,0.0,0.0,0.0,0.0,0.0,0.0,0.0,0.562,2023,0.008,0.014,0.168,0.299,0.102,0.182,0.271,0.483,0.0,0.000
0,6,2,244,6,IncreFlashAttention_16,IncreFlashAttention,static,MIX_AIC,1786102259964887.180	,16.740,1.090000,2,4,NO,"""1,16,1,128;1,2,1024,128;1,2,1024,128;1,1,1,1024""",FLOAT16;FLOAT16;FLOAT16;BOOL,NCHW;NCHW;NCHW;NCHW,"""1,16,1,128""",FLOAT16,NCHW,0,16.143,58115,1.076,0.067,12.63,0.782,2.702,0.167,7.093,0.439,2.981,0.185,0.006,8.827,63551,0.72,0.082,1.754,0.199,0.195,0.022,0.433,0.049,0.021,8.036
0,6,2,245,6,MatMul_81,MatMul,static,AI_CORE,1786102259964904.820	,6.720,0.760000,22,0,NO,"""1,2048;128,64,16,16""",FLOAT16;FLOAT16,ND;FRACTAL_NZ,"""1,1024""",FLOAT16,ND,N/A,4.418,174951,0.487,0.11,1.217,0.275,1.111,0.252,3.02,0.684,2.026,0.459,0.0,0.0,0,0.0,0.0,0.0,0.0,0.0,0.0,0.0,0.0,0.0,60.265
0,6,2,246,6,InplaceAddRmsNorm_32,InplaceAddRmsNorm,static,AI_VECTOR_CORE,1786102259964911.560	,1.540,0.030000,1,0,NO,"""1,1,1024;1,1,1024;1024""",FLOAT16;FLOAT16;FLOAT16,ND;ND;ND,"""1,1,1024;1,1,1;1,1,1024""",FLOAT16;FLOAT;FLOAT16,ND;ND;ND,N/A,0.0,0,0.0,0.0,0.0,0.0,0.0,0.0,0.0,0.0,0.0,0.0,0.0,1.056,1900,0.282,0.267,0.467,0.442,0.362,0.343,0.368,0.348,0.058,0.000
0,6,2,247,6,MatMul_82,MatMul,static,AI_CORE,1786102259964913.120	,9.380,0.000000,24,0,NO,"""1,1024;64,192,16,16""",FLOAT16;FLOAT16,ND;FRACTAL_NZ,"""1,3072""",FLOAT16,ND,N/A,7.085,306085,0.538,0.076,0.414,0.058,1.29,0.182,6.219,0.878,4.412,0.623,0.01,0.0,0,0.0,0.0,0.0,0.0,0.0,0.0,0.0,0.0,0.0,75.536
0,6,2,248,6,MatMul_83,MatMul,static,AI_CORE,1786102259964922.520	,7.640,0.120000,24,0,NO,"""1,1024;64,192,16,16""",FLOAT16;FLOAT16,ND;FRACTAL_NZ,"""1,3072""",FLOAT16,ND,N/A,5.043,217853,0.538,0.107,0.419,0.083,1.29,0.256,4.175,0.828,1.98,0.393,0.0,0.0,0,0.0,0.0,0.0,0.0,0.0,0.0,0.0,0.0,0.0,66.006
0,6,2,249,6,Swish_16Mul_19,AutomaticBufferFusionOp,static,AI_VECTOR_CORE,1786102259964930.180	,1.480,0.110000,3,0,NO,"""1,1,3072;1,1,3072""",FLOAT16;FLOAT16,ND;ND,"""1,1,3072""",FLOAT16,ND,N/A,0.0,0,0.0,0.0,0.0,0.0,0.0,0.0,0.0,0.0,0.0,0.0,0.0,0.846,4571,0.163,0.193,0.129,0.152,0.131,0.154,0.136,0.16,0.157,0.000
0,6,2,250,6,MatMul_84,MatMul,static,AI_CORE,1786102259964931.680	,8.340,0.020000,22,0,NO,"""1,3072;192,64,16,16""",FLOAT16;FLOAT16,ND;FRACTAL_NZ,"""1,1024""",FLOAT16,ND,N/A,5.682,225019,0.73,0.128,0.846,0.149,1.647,0.29,4.681,0.824,2.071,0.364,0.016,0.0,0,0.0,0.0,0.0,0.0,0.0,0.0,0.0,0.0,0.0,62.455
0,6,2,251,6,InplaceAddRmsNorm_33,InplaceAddRmsNorm,static,AI_VECTOR_CORE,1786102259964940.040	,1.680,0.000000,1,0,NO,"""1,1,1024;1,1,1024;1024""",FLOAT16;FLOAT16;FLOAT16,ND;ND;ND,"""1,1,1024;1,1,1;1,1,1024""",FLOAT16;FLOAT;FLOAT16,ND;ND;ND,N/A,0.0,0,0.0,0.0,0.0,0.0,0.0,0.0,0.0,0.0,0.0,0.0,0.0,1.152,2073,0.282,0.245,0.558,0.484,0.376,0.326,0.362,0.314,0.064,0.000
0,6,2,252,6,MatMul_85,MatMul,static,AI_CORE,1786102259964941.740	,6.960,0.070000,23,0,NO,"""1,1024;64,160,16,16""",FLOAT16;FLOAT16,ND;FRACTAL_NZ,"""1,2560""",FLOAT16,ND,N/A,4.6,190440,0.527,0.115,0.438,0.095,1.144,0.249,3.704,0.805,1.742,0.379,0.016,0.0,0,0.0,0.0,0.0,0.0,0.0,0.0,0.0,0.0,0.0,63.338
0,6,2,253,6,SplitV_19,SplitVD,static,AI_VECTOR_CORE,1786102259964948.740	,1.000,0.040000,1,0,NO,"""1,1,2560""",FLOAT16,ND,"""1,1,2048;1,1,256;1,1,256""",FLOAT16;FLOAT16;FLOAT16,ND;ND;ND,N/A,0.0,0,0.0,0.0,0.0,0.0,0.0,0.0,0.0,0.0,0.0,0.0,0.0,0.483,870,0.008,0.016,0.129,0.267,0.121,0.251,0.143,0.295,0.263,0.000
0,6,2,254,6,Scatter_35,Scatter,static,AI_VECTOR_CORE,1786102259964949.760	,1.300,0.000000,2,0,NO,"""1,2,1024,128;1;1,2,1,128""",FLOAT16;INT64;FLOAT16,NCHW;NCHW;NCHW,"""1,2,1024,128""",FLOAT16,NCHW,N/A,0.0,0,0.0,0.0,0.0,0.0,0.0,0.0,0.0,0.0,0.0,0.0,0.0,0.693,2494,0.008,0.011,0.12,0.173,0.123,0.177,0.209,0.301,0.182,0.000
0,6,2,255,6,ApplyRotaryPosEmb_17,ApplyRotaryPosEmb,static,AI_VECTOR_CORE,1786102259964951.080	,1.800,0.000000,1,0,NO,"""1,1,16,128;1,1,2,128;1,1,1,128;1,1,1,128""",FLOAT16;FLOAT16;FLOAT16;FLOAT16,NCHW;NCHW;NCHW;NCHW,"""1,1,16,128;1,1,2,128""",FLOAT16;FLOAT16,NCHW;NCHW,N/A,0.0,0,0.0,0.0,0.0,0.0,0.0,0.0,0.0,0.0,0.0,0.0,0.0,1.3,2340,0.153,0.118,1.026,0.789,0.132,0.102,0.146,0.112,0.019,0.000
0,6,2,256,6,Scatter_34,Scatter,static,AI_VECTOR_CORE,1786102259964952.900	,1.400,0.200000,2,0,NO,"""1,2,1024,128;1;1,2,1,128""",FLOAT16;INT64;FLOAT16,NCHW;NCHW;NCHW,"""1,2,1024,128""",FLOAT16,NCHW,N/A,0.0,0,0.0,0.0,0.0,0.0,0.0,0.0,0.0,0.0,0.0,0.0,0.0,0.836,3008,0.008,0.009,0.201,0.241,0.109,0.13,0.491,0.588,0.0,0.000
0,6,2,257,6,IncreFlashAttention_17,IncreFlashAttention,static,MIX_AIC,1786102259964955.400	,16.980,1.100000,2,4,NO,"""1,16,1,128;1,2,1024,128;1,2,1024,128;1,1,1,1024""",FLOAT16;FLOAT16;FLOAT16;BOOL,NCHW;NCHW;NCHW;NCHW,"""1,16,1,128""",FLOAT16,NCHW,0,16.381,58972,1.076,0.066,12.871,0.786,2.703,0.165,7.049,0.43,2.871,0.175,0.007,9.046,65133,0.72,0.08,1.856,0.205,0.189,0.021,0.441,0.049,0.028,8.039
0,6,2,258,6,MatMul_86,MatMul,static,AI_CORE,1786102259964973.080	,6.680,0.520000,22,0,NO,"""1,2048;128,64,16,16""",FLOAT16;FLOAT16,ND;FRACTAL_NZ,"""1,1024""",FLOAT16,ND,N/A,4.683,185464,0.488,0.104,0.96,0.205,1.103,0.235,3.472,0.741,2.106,0.45,0.0,0.0,0,0.0,0.0,0.0,0.0,0.0,0.0,0.0,0.0,0.0,64.269
0,6,2,259,6,InplaceAddRmsNorm_34,InplaceAddRmsNorm,static,AI_VECTOR_CORE,1786102259964979.780	,1.620,0.070000,1,0,NO,"""1,1,1024;1,1,1024;1024""",FLOAT16;FLOAT16;FLOAT16,ND;ND;ND,"""1,1,1024;1,1,1;1,1,1024""",FLOAT16;FLOAT;FLOAT16,ND;ND;ND,N/A,0.0,0,0.0,0.0,0.0,0.0,0.0,0.0,0.0,0.0,0.0,0.0,0.0,1.091,1964,0.282,0.259,0.488,0.448,0.371,0.34,0.357,0.327,0.047,0.000
0,6,2,260,6,MatMul_87,MatMul,static,AI_CORE,1786102259964981.420	,6.960,0.130000,24,0,NO,"""1,1024;64,192,16,16""",FLOAT16;FLOAT16,ND;FRACTAL_NZ,"""1,3072""",FLOAT16,ND,N/A,4.977,214990,0.538,0.108,0.501,0.101,1.288,0.259,4.013,0.806,3.234,0.65,0.01,0.0,0,0.0,0.0,0.0,0.0,0.0,0.0,0.0,0.0,0.0,71.503
0,6,2,261,6,MatMul_88,MatMul,static,AI_CORE,1786102259964988.420	,9.300,0.040000,24,0,NO,"""1,1024;64,192,16,16""",FLOAT16;FLOAT16,ND;FRACTAL_NZ,"""1,3072""",FLOAT16,ND,N/A,6.969,301073,0.538,0.077,0.504,0.072,1.289,0.185,6.027,0.865,4.211,0.604,0.0,0.0,0,0.0,0.0,0.0,0.0,0.0,0.0,0.0,0.0,0.0,74.939
0,6,2,262,6,Swish_17Mul_20,AutomaticBufferFusionOp,static,AI_VECTOR_CORE,1786102259964997.740	,1.540,0.000000,3,0,NO,"""1,1,3072;1,1,3072""",FLOAT16;FLOAT16,ND;ND,"""1,1,3072""",FLOAT16,ND,N/A,0.0,0,0.0,0.0,0.0,0.0,0.0,0.0,0.0,0.0,0.0,0.0,0.0,0.829,4475,0.163,0.196,0.124,0.15,0.13,0.157,0.133,0.16,0.185,0.000
0,6,2,263,6,MatMul_89,MatMul,static,AI_CORE,1786102259964999.300	,8.380,0.000000,22,0,NO,"""1,3072;192,64,16,16""",FLOAT16;FLOAT16,ND;FRACTAL_NZ,"""1,1024""",FLOAT16,ND,N/A,5.648,223665,0.731,0.129,0.486,0.086,1.67,0.296,5.012,0.887,2.043,0.362,0.017,0.0,0,0.0,0.0,0.0,0.0,0.0,0.0,0.0,0.0,0.0,61.783
0,6,2,264,6,InplaceAddRmsNorm_35,InplaceAddRmsNorm,static,AI_VECTOR_CORE,1786102259965007.700	,2.120,0.120000,1,0,NO,"""1,1,1024;1,1,1024;1024""",FLOAT16;FLOAT16;FLOAT16,ND;ND;ND,"""1,1,1024;1,1,1;1,1,1024""",FLOAT16;FLOAT;FLOAT16,ND;ND;ND,N/A,0.0,0,0.0,0.0,0.0,0.0,0.0,0.0,0.0,0.0,0.0,0.0,0.0,1.541,2773,0.282,0.183,0.542,0.352,0.377,0.245,0.377,0.245,0.215,0.000
0,6,2,265,6,MatMul_90,MatMul,static,AI_CORE,1786102259965009.840	,171.860,0.000000,24,0,NO,"""1,1024;64,6464,16,16""",FLOAT16;FLOAT16,ND;FRACTAL_NZ,"""1,103424""",FLOAT16,ND,N/A,149.362,6452459,18.105,0.121,3.28,0.022,44.673,0.299,146.023,0.978,37.93,0.254,0.02,0.0,0,0.0,0.0,0.0,0.0,0.0,0.0,0.0,0.0,0.0,86.909
0,6,4294967295,1021,3,aclnnInplaceCopy_CastAiCore_Cast,Cast,dynamic,AI_VECTOR_CORE,1786102259965200.400	,8.580,18.890000,48,0,NO,"""1,103424""",FLOAT16,ND,"""1,103424""",FLOAT,ND,N/A,0.0,0,0.0,0.0,0.0,0.0,0.0,0.0,0.0,0.0,0.0,0.0,0.0,5.484,473790,0.041,0.007,0.453,0.083,0.712,0.13,0.75,0.137,0.205,0.000
0,6,4294967295,1022,3,aclnnArgMax_ArgMaxV2AiCore_ArgMaxV2,ArgMaxV2,dynamic,AI_VECTOR_CORE,1786102259965209.000	,13.840,0.000000,1,0,NO,"""1,103424;""",FLOAT;INT64,ND;ND,"""1,1""",INT32,ND,N/A,0.0,0,0.0,0.0,0.0,0.0,0.0,0.0,0.0,0.0,0.0,0.0,0.0,13.338,24008,7.384,0.554,1.846,0.138,3.661,0.274,0.12,0.009,0.053,0.000
0,6,4294967295,1023,3,aclnnArgMax_CastAiCore_Cast,Cast,dynamic,AI_VECTOR_CORE,1786102259965222.860	,1.360,0.000000,1,0,NO,"""1,1""",INT32,ND,"""1,1""",INT64,ND,N/A,0.0,0,0.0,0.0,0.0,0.0,0.0,0.0,0.0,0.0,0.0,0.0,0.0,0.854,1537,0.026,0.031,0.267,0.312,0.102,0.12,0.106,0.124,0.21,0.000
0,6,4294967295,1025,3,aclnnInplaceFillScalar_FillAiCore_Fill,Fill,dynamic,AI_VECTOR_CORE,1786102259965389.640	,1.640,165.640000,1,0,NO,"""2;""",INT64;INT64,ND;ND,"""1,1""",INT64,ND,N/A,0.0,0,0.0,0.0,0.0,0.0,0.0,0.0,0.0,0.0,0.0,0.0,0.0,1.119,2015,0.049,0.044,0.382,0.341,0.308,0.275,0.136,0.122,0.133,0.000
0,6,4294967295,1026,3,aclnnSWhere_SelectV2AiCore_SelectV2,SelectV2,dynamic,AI_VECTOR_CORE,1786102259965499.720	,2.020,108.360000,1,0,NO,"""1,1;1,1;1,1""",BOOL;INT64;INT64,ND;ND;ND,"""1,1""",INT64,ND,N/A,0.0,0,0.0,0.0,0.0,0.0,0.0,0.0,0.0,0.0,0.0,0.0,0.0,1.512,2722,0.193,0.128,0.432,0.286,0.397,0.262,0.103,0.068,0.161,0.000
0,6,4294967295,1027,3,aclnnAdds_AddAiCore_Add,Add,dynamic,AI_VECTOR_CORE,1786102259965662.700	,3.000,160.980000,1,0,NO,"""1;""",INT64;INT64,ND;ND,"""1""",INT64,ND,N/A,0.0,0,0.0,0.0,0.0,0.0,0.0,0.0,0.0,0.0,0.0,0.0,0.0,2.458,4425,0.293,0.119,0.498,0.202,0.489,0.199,0.14,0.057,0.206,0.000
0,6,4294967295,1028,3,aclnnInplaceZero_ZerosLikeAiCore_ZerosLike,ZerosLike,dynamic,AI_VECTOR_CORE,1786102259965786.700	,1.860,121.000000,1,0,NO,"""1""",INT64,ND,"""1""",INT64,ND,N/A,0.0,0,0.0,0.0,0.0,0.0,0.0,0.0,0.0,0.0,0.0,0.0,0.0,1.321,2378,0.061,0.046,0.327,0.248,0.001,0.001,0.108,0.082,0.238,0.000
0,6,4294967295,1029,3,aclnnSWhere_SelectV2AiCore_SelectV2,SelectV2,dynamic,AI_VECTOR_CORE,1786102259965869.880	,1.780,81.390000,1,0,NO,"""1;1;1""",BOOL;INT64;INT64,ND;ND;ND,"""1""",INT64,ND,N/A,0.0,0,0.0,0.0,0.0,0.0,0.0,0.0,0.0,0.0,0.0,0.0,0.0,1.233,2219,0.193,0.157,0.487,0.395,0.314,0.255,0.102,0.083,0.167,0.000
0,6,2,1032,3,UpdateModelParam_static_bin,Data,dynamic,AI_VECTOR_CORE,1786102259967094.860	,4.500,1222.970000,1,0,NO,N/A,N/A,N/A,N/A,N/A,N/A,N/A,0.0,0,0.0,0.0,0.0,0.0,0.0,0.0,0.0,0.0,0.0,0.0,0.0,3.931,7075,0.983,0.25,1.677,0.427,0.679,0.173,0.177,0.045,0.156,0.000
0,6,2,0,6,Range,Range,static,AI_VECTOR_CORE,1786102259967121.840	,9.340,22.500000,48,0,NO,""";;""",INT32;FLOAT;INT32,NCHW;NCHW;NCHW,"""1024""",FLOAT,NCHW,N/A,0.0,0,0.0,0.0,0.0,0.0,0.0,0.0,0.0,0.0,0.0,0.0,0.0,7.3,630719,0.071,0.01,3.43,0.47,0.001,0.0,0.231,0.032,0.23,0.000
0,6,2,1,6,Cast,Cast,static,AI_VECTOR_CORE,1786102259967131.220	,1.380,0.160000,2,0,NO,"""1024""",FLOAT,NCHW,"""1024""",INT64,NCHW,N/A,0.0,0,0.0,0.0,0.0,0.0,0.0,0.0,0.0,0.0,0.0,0.0,0.0,0.735,2646,0.031,0.042,0.142,0.193,0.113,0.153,0.153,0.208,0.261,0.000
0,6,2,2,6,GatherV2,GatherV2,static,AI_VECTOR_CORE,1786102259967132.620	,7.260,0.000000,47,0,NO,"""103424,1024;1,1;1""",FLOAT16;INT64;INT64,ND;ND;ND,"""1,1,1024""",FLOAT16,ND,N/A,0.0,0,0.0,0.0,0.0,0.0,0.0,0.0,0.0,0.0,0.0,0.0,0.0,3.668,310288,0.049,0.013,0.158,0.043,0.383,0.104,0.159,0.043,0.178,0.000
0,6,2,3,6,RmsNorm,RmsNorm,static,AI_VECTOR_CORE,1786102259967139.900	,5.720,0.240000,1,0,NO,"""1,1,1024;1024""",FLOAT16;FLOAT16,ND;ND,"""1,1,1024;1,1,1""",FLOAT16;FLOAT,ND;ND,N/A,0.0,0,0.0,0.0,0.0,0.0,0.0,0.0,0.0,0.0,0.0,0.0,0.0,5.154,9278,0.801,0.155,1.973,0.383,0.353,0.069,0.225,0.044,0.188,0.000
0,6,2,4,6,MatMul,MatMul,static,AI_CORE,1786102259967145.640	,7.180,0.030000,23,0,NO,"""1,1024;64,160,16,16""",FLOAT16;FLOAT16,ND;FRACTAL_NZ,"""1,2560""",FLOAT16,ND,N/A,5.227,216402,0.527,0.101,0.169,0.032,1.138,0.218,2.758,0.528,1.906,0.365,0.25,0.0,0,0.0,0.0,0.0,0.0,0.0,0.0,0.0,0.0,0.0,69.767
0,6,2,5,6,SplitV_2,SplitVD,static,AI_VECTOR_CORE,1786102259967152.840	,1.260,0.000000,1,0,NO,"""1,1,2560""",FLOAT16,ND,"""1,1,2048;1,1,256;1,1,256""",FLOAT16;FLOAT16;FLOAT16,ND;ND;ND,N/A,0.0,0,0.0,0.0,0.0,0.0,0.0,0.0,0.0,0.0,0.0,0.0,0.0,0.654,1178,0.008,0.012,0.153,0.233,0.134,0.205,0.156,0.239,0.263,0.000
0,6,2,6,6,Add,Add,static,AI_VECTOR_CORE,1786102259967154.120	,1.520,0.000000,1,0,NO,"""1,1;1,1""",INT64;INT64,NCHW;NCHW,"""1,1""",INT64,NCHW,N/A,0.0,0,0.0,0.0,0.0,0.0,0.0,0.0,0.0,0.0,0.0,0.0,0.0,0.91,1638,0.082,0.09,0.176,0.194,0.291,0.32,0.136,0.15,0.156,0.000
0,6,2,7,6,BroadcastTo,BroadcastTo,static,AI_VECTOR_CORE,1786102259967155.660	,1.220,0.230000,1,0,NO,"""1,1,1;3""",INT64;INT64,NCHW;NCHW,"""3,1,1""",INT64,NCHW,N/A,0.0,0,0.0,0.0,0.0,0.0,0.0,0.0,0.0,0.0,0.0,0.0,0.0,0.722,1299,0.082,0.113,0.196,0.271,0.103,0.143,0.117,0.162,0.167,0.000
0,6,2,8,6,Cast_1,Cast,static,AI_VECTOR_CORE,1786102259967156.900	,1.160,0.030000,1,0,NO,"""3,1,1,1""",INT64,NCHW,"""3,1,1,1""",FLOAT,NCHW,N/A,0.0,0,0.0,0.0,0.0,0.0,0.0,0.0,0.0,0.0,0.0,0.0,0.0,0.658,1185,0.058,0.089,0.145,0.22,0.097,0.147,0.134,0.203,0.185,0.000
0,6,2,9,6,Scatter_1,Scatter,static,AI_VECTOR_CORE,1786102259967158.080	,1.280,0.000000,2,0,NO,"""1,2,1024,128;1;1,2,1,128""",FLOAT16;INT64;FLOAT16,NCHW;NCHW;NCHW,"""1,2,1024,128""",FLOAT16,NCHW,N/A,0.0,0,0.0,0.0,0.0,0.0,0.0,0.0,0.0,0.0,0.0,0.0,0.0,0.68,2447,0.008,0.011,0.133,0.196,0.107,0.157,0.139,0.205,0.203,0.000
0,6,2,10,6,BroadcastTo_1,BroadcastTo,static,AI_VECTOR_CORE,1786102259967159.380	,1.220,0.220000,1,0,NO,"""1,1,64,1;4""",FLOAT;INT64,NCHW;NCHW,"""3,1,64,1""",FLOAT,NCHW,N/A,0.0,0,0.0,0.0,0.0,0.0,0.0,0.0,0.0,0.0,0.0,0.0,0.0,0.703,1265,0.018,0.025,0.124,0.176,0.231,0.329,0.096,0.136,0.238,0.000
0,6,2,11,6,Mul,Mul,static,AI_VECTOR_CORE,1786102259967160.620	,1.120,0.000000,1,0,NO,"""3,1,64,1;3,1,1,1""",FLOAT;FLOAT,NCHW;NCHW,"""3,1,64,1""",FLOAT,NCHW,N/A,0.0,0,0.0,0.0,0.0,0.0,0.0,0.0,0.0,0.0,0.0,0.0,0.0,0.599,1078,0.042,0.07,0.102,0.17,0.092,0.153,0.128,0.213,0.217,0.000
0,6,2,12,6,ConcatV2,ConcatV2D,static,AI_VECTOR_CORE,1786102259967161.760	,3.880,0.130000,1,0,NO,"""3,1,1,64;3,1,1,64""",FLOAT;FLOAT,NCHW;NCHW,"""3,1,1,128""",FLOAT,NCHW,N/A,0.0,0,0.0,0.0,0.0,0.0,0.0,0.0,0.0,0.0,0.0,0.0,0.0,3.36,6048,2.717,0.809,0.204,0.061,0.148,0.044,0.102,0.03,0.186,0.000
0,6,2,13,6,Cos,Cos,static,AI_VECTOR_CORE,1786102259967165.660	,1.840,0.120000,1,0,NO,"""3,1,1,128""",FLOAT,NCHW,"""3,1,1,128""",FLOAT,NCHW,N/A,0.0,0,0.0,0.0,0.0,0.0,0.0,0.0,0.0,0.0,0.0,0.0,0.0,1.336,2404,0.652,0.488,0.152,0.114,0.102,0.076,0.135,0.101,0.19,0.000
0,6,2,14,6,Mul_1Cast_5,Mul,static,AI_VECTOR_CORE,1786102259967167.520	,1.180,0.000000,1,0,NO,"""3,1,1,128;""",FLOAT;FLOAT,NCHW;NCHW,"""3,1,1,128""",FLOAT16,NCHW,N/A,0.0,0,0.0,0.0,0.0,0.0,0.0,0.0,0.0,0.0,0.0,0.0,0.0,0.647,1165,0.033,0.052,0.114,0.177,0.181,0.279,0.106,0.164,0.208,0.000
0,6,2,15,6,Sin,Sin,static,AI_VECTOR_CORE,1786102259967168.720	,1.780,0.070000,1,0,NO,"""3,1,1,128""",FLOAT,NCHW,"""3,1,1,128""",FLOAT,NCHW,N/A,0.0,0,0.0,0.0,0.0,0.0,0.0,0.0,0.0,0.0,0.0,0.0,0.0,1.25,2250,0.612,0.489,0.153,0.122,0.102,0.082,0.138,0.11,0.2,0.000
0,6,2,16,6,Mul_2Cast_6,Mul,static,AI_VECTOR_CORE,1786102259967170.520	,1.080,0.000000,1,0,NO,"""3,1,1,128;""",FLOAT;FLOAT,NCHW;NCHW,"""3,1,1,128""",FLOAT16,NCHW,N/A,0.0,0,0.0,0.0,0.0,0.0,0.0,0.0,0.0,0.0,0.0,0.0,0.0,0.534,961,0.033,0.062,0.134,0.251,0.122,0.228,0.112,0.209,0.208,0.000
0,6,2,17,6,SplitV,SplitVD,static,AI_VECTOR_CORE,1786102259967171.620	,4.180,0.000000,1,0,NO,"""3,1,1,128""",FLOAT16,NCHW,"""3,1,1,16;3,1,1,24;3,1,1,24;3,1,1,16;3,1,1,24;3,1,1,24""",FLOAT16;FLOAT16;FLOAT16;FLOAT16;FLOAT16;FLOAT16,NCHW;NCHW;NCHW;NCHW;NCHW;NCHW,N/A,0.0,0,0.0,0.0,0.0,0.0,0.0,0.0,0.0,0.0,0.0,0.0,0.0,3.639,6551,2.234,0.614,0.343,0.094,0.106,0.029,0.931,0.256,0.177,0.000
0,6,2,18,6,GatherV2_1,GatherV2,static,AI_VECTOR_CORE,1786102259967175.820	,1.280,0.070000,1,0,NO,"""3,1,1,16;;1""",FLOAT16;INT64;INT64,NCHW;NCHW;NCHW,"""1,1,16""",FLOAT16,NCHW,N/A,0.0,0,0.0,0.0,0.0,0.0,0.0,0.0,0.0,0.0,0.0,0.0,0.0,0.738,1329,0.057,0.077,0.149,0.202,0.199,0.27,0.098,0.133,0.182,0.000
0,6,2,19,6,GatherV2_4,GatherV2,static,AI_VECTOR_CORE,1786102259967177.140	,1.100,0.220000,1,0,NO,"""3,1,1,16;;1""",FLOAT16;INT64;INT64,NCHW;NCHW;NCHW,"""1,1,16""",FLOAT16,NCHW,N/A,0.0,0,0.0,0.0,0.0,0.0,0.0,0.0,0.0,0.0,0.0,0.0,0.0,0.562,1012,0.057,0.101,0.186,0.33,0.107,0.19,0.076,0.135,0.182,0.000
0,6,2,20,6,GatherV2_2,GatherV2,static,AI_VECTOR_CORE,1786102259967178.280	,1.880,0.000000,1,0,NO,"""3,1,1,24;;1""",FLOAT16;INT64;INT64,NCHW;NCHW;NCHW,"""1,1,24""",FLOAT16,NCHW,N/A,0.0,0,0.0,0.0,0.0,0.0,0.0,0.0,0.0,0.0,0.0,0.0,0.0,1.416,2549,0.418,0.295,0.291,0.205,0.294,0.208,0.125,0.088,0.195,0.000
0,6,2,21,6,GatherV2_3,GatherV2,static,AI_VECTOR_CORE,1786102259967180.180	,1.720,0.120000,1,0,NO,"""3,1,1,24;;1""",FLOAT16;INT64;INT64,NCHW;NCHW;NCHW,"""1,1,24""",FLOAT16,NCHW,N/A,0.0,0,0.0,0.0,0.0,0.0,0.0,0.0,0.0,0.0,0.0,0.0,0.0,1.249,2249,0.418,0.334,0.325,0.26,0.335,0.268,0.108,0.087,0.195,0.000
0,6,2,22,6,GatherV2_5,GatherV2,static,AI_VECTOR_CORE,1786102259967181.920	,1.600,0.030000,1,0,NO,"""3,1,1,24;;1""",FLOAT16;INT64;INT64,NCHW;NCHW;NCHW,"""1,1,24""",FLOAT16,NCHW,N/A,0.0,0,0.0,0.0,0.0,0.0,0.0,0.0,0.0,0.0,0.0,0.0,0.0,1.105,1989,0.418,0.378,0.281,0.254,0.188,0.17,0.119,0.108,0.195,0.000
0,6,2,23,6,GatherV2_6,GatherV2,static,AI_VECTOR_CORE,1786102259967183.540	,1.640,0.000000,1,0,NO,"""3,1,1,24;;1""",FLOAT16;INT64;INT64,NCHW;NCHW;NCHW,"""1,1,24""",FLOAT16,NCHW,N/A,0.0,0,0.0,0.0,0.0,0.0,0.0,0.0,0.0,0.0,0.0,0.0,0.0,1.154,2077,0.418,0.362,0.314,0.272,0.239,0.208,0.119,0.103,0.195,0.000
0,6,2,24,6,SplitV_1,SplitVD,static,AI_VECTOR_CORE,1786102259967185.200	,3.820,0.110000,1,0,NO,"""3,1,1,128""",FLOAT16,NCHW,"""3,1,1,16;3,1,1,24;3,1,1,24;3,1,1,16;3,1,1,24;3,1,1,24""",FLOAT16;FLOAT16;FLOAT16;FLOAT16;FLOAT16;FLOAT16,NCHW;NCHW;NCHW;NCHW;NCHW;NCHW,N/A,0.0,0,0.0,0.0,0.0,0.0,0.0,0.0,0.0,0.0,0.0,0.0,0.0,3.33,5994,2.234,0.671,0.316,0.095,0.092,0.028,0.959,0.288,0.177,0.000
0,6,2,25,6,GatherV2_10,GatherV2,static,AI_VECTOR_CORE,1786102259967189.060	,1.020,0.000000,1,0,NO,"""3,1,1,16;;1""",FLOAT16;INT64;INT64,NCHW;NCHW;NCHW,"""1,1,16""",FLOAT16,NCHW,N/A,0.0,0,0.0,0.0,0.0,0.0,0.0,0.0,0.0,0.0,0.0,0.0,0.0,0.529,953,0.057,0.107,0.141,0.267,0.108,0.205,0.111,0.209,0.182,0.000
0,6,2,26,6,GatherV2_7,GatherV2,static,AI_VECTOR_CORE,1786102259967190.100	,1.080,0.000000,1,0,NO,"""3,1,1,16;;1""",FLOAT16;INT64;INT64,NCHW;NCHW;NCHW,"""1,1,16""",FLOAT16,NCHW,N/A,0.0,0,0.0,0.0,0.0,0.0,0.0,0.0,0.0,0.0,0.0,0.0,0.0,0.566,1019,0.057,0.1,0.181,0.319,0.093,0.165,0.112,0.198,0.182,0.000
0,6,2,27,6,GatherV2_11,GatherV2,static,AI_VECTOR_CORE,1786102259967191.200	,1.600,0.170000,1,0,NO,"""3,1,1,24;;1""",FLOAT16;INT64;INT64,NCHW;NCHW;NCHW,"""1,1,24""",FLOAT16,NCHW,N/A,0.0,0,0.0,0.0,0.0,0.0,0.0,0.0,0.0,0.0,0.0,0.0,0.0,1.084,1951,0.418,0.385,0.286,0.263,0.182,0.168,0.104,0.096,0.195,0.000
0,6,2,28,6,GatherV2_12,GatherV2,static,AI_VECTOR_CORE,1786102259967192.820	,1.700,0.000000,1,0,NO,"""3,1,1,24;;1""",FLOAT16;INT64;INT64,NCHW;NCHW;NCHW,"""1,1,24""",FLOAT16,NCHW,N/A,0.0,0,0.0,0.0,0.0,0.0,0.0,0.0,0.0,0.0,0.0,0.0,0.0,1.172,2110,0.418,0.356,0.318,0.271,0.225,0.192,0.118,0.1,0.195,0.000
0,6,2,29,6,GatherV2_8,GatherV2,static,AI_VECTOR_CORE,1786102259967194.560	,1.620,0.050000,1,0,NO,"""3,1,1,24;;1""",FLOAT16;INT64;INT64,NCHW;NCHW;NCHW,"""1,1,24""",FLOAT16,NCHW,N/A,0.0,0,0.0,0.0,0.0,0.0,0.0,0.0,0.0,0.0,0.0,0.0,0.0,1.106,1990,0.418,0.378,0.279,0.253,0.201,0.181,0.114,0.103,0.195,0.000
0,6,2,30,6,GatherV2_9,GatherV2,static,AI_VECTOR_CORE,1786102259967196.220	,1.720,0.130000,1,0,NO,"""3,1,1,24;;1""",FLOAT16;INT64;INT64,NCHW;NCHW;NCHW,"""1,1,24""",FLOAT16,NCHW,N/A,0.0,0,0.0,0.0,0.0,0.0,0.0,0.0,0.0,0.0,0.0,0.0,0.0,1.244,2239,0.418,0.336,0.343,0.276,0.246,0.198,0.125,0.1,0.195,0.000
0,6,2,31,6,ConcatV2_1,ConcatV2D,static,AI_VECTOR_CORE,1786102259967197.980	,1.440,0.030000,1,0,NO,"""1,1,16;1,1,24;1,1,24;1,1,16;1,1,24;1,1,24""",FLOAT16;FLOAT16;FLOAT16;FLOAT16;FLOAT16;FLOAT16,NCHW;NCHW;NCHW;NCHW;NCHW;NCHW,"""1,1,128""",FLOAT16,NCHW,N/A,0.0,0,0.0,0.0,0.0,0.0,0.0,0.0,0.0,0.0,0.0,0.0,0.0,0.949,1709,0.008,0.008,0.174,0.184,0.126,0.132,0.452,0.476,0.231,0.000
0,6,2,32,6,ConcatV2_2,ConcatV2D,static,AI_VECTOR_CORE,1786102259967199.440	,1.320,0.060000,1,0,NO,"""1,1,16;1,1,24;1,1,24;1,1,16;1,1,24;1,1,24""",FLOAT16;FLOAT16;FLOAT16;FLOAT16;FLOAT16;FLOAT16,NCHW;NCHW;NCHW;NCHW;NCHW;NCHW,"""1,1,128""",FLOAT16,NCHW,N/A,0.0,0,0.0,0.0,0.0,0.0,0.0,0.0,0.0,0.0,0.0,0.0,0.0,0.811,1459,0.008,0.01,0.144,0.178,0.113,0.139,0.438,0.541,0.231,0.000
0,6,2,33,6,ApplyRotaryPosEmb,ApplyRotaryPosEmb,static,AI_VECTOR_CORE,1786102259967200.780	,2.680,0.000000,1,0,NO,"""1,1,16,128;1,1,2,128;1,1,1,128;1,1,1,128""",FLOAT16;FLOAT16;FLOAT16;FLOAT16,NCHW;NCHW;NCHW;NCHW,"""1,1,16,128;1,1,2,128""",FLOAT16;FLOAT16,NCHW;NCHW,N/A,0.0,0,0.0,0.0,0.0,0.0,0.0,0.0,0.0,0.0,0.0,0.0,0.0,2.154,3877,0.153,0.071,1.386,0.644,0.156,0.072,0.153,0.071,0.154,0.000
0,6,2,34,6,Scatter,Scatter,static,AI_VECTOR_CORE,1786102259967203.480	,1.180,0.070000,2,0,NO,"""1,2,1024,128;1;1,2,1,128""",FLOAT16;INT64;FLOAT16,NCHW;NCHW;NCHW,"""1,2,1024,128""",FLOAT16,NCHW,N/A,0.0,0,0.0,0.0,0.0,0.0,0.0,0.0,0.0,0.0,0.0,0.0,0.0,0.627,2256,0.008,0.012,0.135,0.215,0.121,0.194,0.209,0.333,0.222,0.000
0,6,2,35,6,Greater,Greater,static,AI_VECTOR_CORE,1786102259967204.700	,2.380,0.070000,2,0,NO,"""1,1024;1,1""",INT64;INT64,NCHW;NCHW,"""1,1024""",BOOL,NCHW,N/A,0.0,0,0.0,0.0,0.0,0.0,0.0,0.0,0.0,0.0,0.0,0.0,0.0,1.744,6278,0.781,0.448,0.279,0.16,0.221,0.127,0.13,0.075,0.164,0.000
0,6,2,36,6,IncreFlashAttention,IncreFlashAttention,static,MIX_AIC,1786102259967208.260	,20.460,1.120000,2,4,NO,"""1,16,1,128;1,2,1024,128;1,2,1024,128;1,1,1,1024""",FLOAT16;FLOAT16;FLOAT16;BOOL,NCHW;NCHW;NCHW;NCHW,"""1,16,1,128""",FLOAT16,NCHW,0,19.911,71678,1.076,0.054,13.101,0.658,2.701,0.136,7.183,0.361,2.896,0.145,0.056,10.828,77963,0.72,0.066,2.022,0.187,0.194,0.018,0.466,0.043,0.131,8.110
0,6,2,37,6,MatMul_1,MatMul,static,AI_CORE,1786102259967229.560	,7.320,0.790000,22,0,NO,"""1,2048;128,64,16,16""",FLOAT16;FLOAT16,ND;FRACTAL_NZ,"""1,1024""",FLOAT16,ND,N/A,5.159,204297,0.488,0.095,0.217,0.042,1.099,0.213,2.734,0.53,2.023,0.392,0.219,0.0,0,0.0,0.0,0.0,0.0,0.0,0.0,0.0,0.0,0.0,64.605
0,6,2,38,6,InplaceAddRmsNorm,InplaceAddRmsNorm,static,AI_VECTOR_CORE,1786102259967236.900	,2.080,0.180000,1,0,NO,"""1,1,1024;1,1,1024;1024""",FLOAT16;FLOAT16;FLOAT16,ND;ND;ND,"""1,1,1024;1,1,1;1,1,1024""",FLOAT16;FLOAT;FLOAT16,ND;ND;ND,N/A,0.0,0,0.0,0.0,0.0,0.0,0.0,0.0,0.0,0.0,0.0,0.0,0.0,1.567,2820,0.282,0.18,0.537,0.343,0.46,0.294,0.396,0.252,0.222,0.000
0,6,2,39,6,MatMul_2,MatMul,static,AI_CORE,1786102259967239.000	,7.480,0.000000,24,0,NO,"""1,1024;64,192,16,16""",FLOAT16;FLOAT16,ND;FRACTAL_NZ,"""1,3072""",FLOAT16,ND,N/A,5.628,243122,0.538,0.096,0.159,0.028,1.288,0.229,3.259,0.579,2.139,0.38,0.202,0.0,0,0.0,0.0,0.0,0.0,0.0,0.0,0.0,0.0,0.0,75.238
0,6,2,40,6,MatMul_3,MatMul,static,AI_CORE,1786102259967246.500	,5.400,0.020000,24,0,NO,"""1,1024;64,192,16,16""",FLOAT16;FLOAT16,ND;FRACTAL_NZ,"""1,3072""",FLOAT16,ND,N/A,4.341,187512,0.538,0.124,0.505,0.116,1.285,0.296,3.39,0.781,2.594,0.598,0.0,0.0,0,0.0,0.0,0.0,0.0,0.0,0.0,0.0,0.0,0.0,80.381
0,6,2,41,6,SwishMul_3,AutomaticBufferFusionOp,static,AI_VECTOR_CORE,1786102259967251.920	,1.640,0.100000,3,0,NO,"""1,1,3072;1,1,3072""",FLOAT16;FLOAT16,ND;ND,"""1,1,3072""",FLOAT16,ND,N/A,0.0,0,0.0,0.0,0.0,0.0,0.0,0.0,0.0,0.0,0.0,0.0,0.0,0.924,4988,0.163,0.177,0.148,0.161,0.134,0.145,0.139,0.151,0.206,0.000
0,6,2,42,6,MatMul_4,MatMul,static,AI_CORE,1786102259967253.580	,8.500,0.000000,22,0,NO,"""1,3072;192,64,16,16""",FLOAT16;FLOAT16,ND;FRACTAL_NZ,"""1,1024""",FLOAT16,ND,N/A,6.167,244195,0.732,0.119,0.235,0.038,1.656,0.269,3.841,0.623,2.102,0.341,0.214,0.0,0,0.0,0.0,0.0,0.0,0.0,0.0,0.0,0.0,0.0,66.502
0,6,2,43,6,InplaceAddRmsNorm_1,InplaceAddRmsNorm,static,AI_VECTOR_CORE,1786102259967262.100	,1.780,0.000000,1,0,NO,"""1,1,1024;1,1,1024;1024""",FLOAT16;FLOAT16;FLOAT16,ND;ND;ND,"""1,1,1024;1,1,1;1,1,1024""",FLOAT16;FLOAT;FLOAT16,ND;ND;ND,N/A,0.0,0,0.0,0.0,0.0,0.0,0.0,0.0,0.0,0.0,0.0,0.0,0.0,1.24,2232,0.282,0.228,0.618,0.498,0.371,0.299,0.37,0.298,0.2,0.000
0,6,2,44,6,MatMul_5,MatMul,static,AI_CORE,1786102259967263.900	,4.940,0.220000,23,0,NO,"""1,1024;64,160,16,16""",FLOAT16;FLOAT16,ND;FRACTAL_NZ,"""1,2560""",FLOAT16,ND,N/A,3.903,161601,0.527,0.135,0.509,0.13,1.138,0.291,2.888,0.74,2.268,0.581,0.029,0.0,0,0.0,0.0,0.0,0.0,0.0,0.0,0.0,0.0,0.0,75.724
0,6,2,45,6,SplitV_3,SplitVD,static,AI_VECTOR_CORE,1786102259967268.860	,1.100,0.000000,1,0,NO,"""1,1,2560""",FLOAT16,ND,"""1,1,2048;1,1,256;1,1,256""",FLOAT16;FLOAT16;FLOAT16,ND;ND;ND,N/A,0.0,0,0.0,0.0,0.0,0.0,0.0,0.0,0.0,0.0,0.0,0.0,0.0,0.544,979,0.008,0.014,0.154,0.283,0.131,0.24,0.143,0.264,0.263,0.000
0,6,2,46,6,Scatter_3,Scatter,static,AI_VECTOR_CORE,1786102259967269.980	,1.280,0.150000,2,0,NO,"""1,2,1024,128;1;1,2,1,128""",FLOAT16;INT64;FLOAT16,NCHW;NCHW;NCHW,"""1,2,1024,128""",FLOAT16,NCHW,N/A,0.0,0,0.0,0.0,0.0,0.0,0.0,0.0,0.0,0.0,0.0,0.0,0.0,0.58,2088,0.008,0.013,0.121,0.208,0.115,0.199,0.089,0.153,0.192,0.000
0,6,2,47,6,ApplyRotaryPosEmb_1,ApplyRotaryPosEmb,static,AI_VECTOR_CORE,1786102259967271.280	,2.440,0.000000,1,0,NO,"""1,1,16,128;1,1,2,128;1,1,1,128;1,1,1,128""",FLOAT16;FLOAT16;FLOAT16;FLOAT16,NCHW;NCHW;NCHW;NCHW,"""1,1,16,128;1,1,2,128""",FLOAT16;FLOAT16,NCHW;NCHW,N/A,0.0,0,0.0,0.0,0.0,0.0,0.0,0.0,0.0,0.0,0.0,0.0,0.0,1.88,3384,0.163,0.087,1.299,0.691,0.154,0.082,0.173,0.092,0.175,0.000
0,6,2,48,6,Scatter_2,Scatter,static,AI_VECTOR_CORE,1786102259967273.760	,1.540,0.060000,2,0,NO,"""1,2,1024,128;1;1,2,1,128""",FLOAT16;INT64;FLOAT16,NCHW;NCHW;NCHW,"""1,2,1024,128""",FLOAT16,NCHW,N/A,0.0,0,0.0,0.0,0.0,0.0,0.0,0.0,0.0,0.0,0.0,0.0,0.0,0.743,2675,0.008,0.01,0.179,0.24,0.122,0.164,0.196,0.264,0.169,0.000
0,6,2,49,6,IncreFlashAttention_1,IncreFlashAttention,static,MIX_AIC,1786102259967276.660	,18.300,1.460000,2,4,NO,"""1,16,1,128;1,2,1024,128;1,2,1024,128;1,1,1,1024""",FLOAT16;FLOAT16;FLOAT16;BOOL,NCHW;NCHW;NCHW;NCHW,"""1,16,1,128""",FLOAT16,NCHW,0,17.71,63755,1.076,0.061,13.097,0.74,2.697,0.152,7.165,0.405,2.917,0.165,0.053,9.774,70374,0.721,0.074,1.924,0.197,0.197,0.02,0.45,0.046,0.123,8.065
0,6,2,50,6,MatMul_6,MatMul,static,AI_CORE,1786102259967296.140	,5.240,1.200000,22,0,NO,"""1,2048;128,64,16,16""",FLOAT16;FLOAT16,ND;FRACTAL_NZ,"""1,1024""",FLOAT16,ND,N/A,4.075,161353,0.487,0.12,1.017,0.249,1.095,0.269,2.818,0.692,2.079,0.51,0.029,0.0,0,0.0,0.0,0.0,0.0,0.0,0.0,0.0,0.0,0.0,71.279
0,6,2,51,6,InplaceAddRmsNorm_2,InplaceAddRmsNorm,static,AI_VECTOR_CORE,1786102259967301.400	,1.800,0.010000,1,0,NO,"""1,1,1024;1,1,1024;1024""",FLOAT16;FLOAT16;FLOAT16,ND;ND;ND,"""1,1,1024;1,1,1;1,1,1024""",FLOAT16;FLOAT;FLOAT16,ND;ND;ND,N/A,0.0,0,0.0,0.0,0.0,0.0,0.0,0.0,0.0,0.0,0.0,0.0,0.0,1.314,2365,0.282,0.215,0.628,0.478,0.506,0.385,0.432,0.329,0.222,0.000
0,6,2,52,6,MatMul_7,MatMul,static,AI_CORE,1786102259967303.220	,5.440,0.000000,24,0,NO,"""1,1024;64,192,16,16""",FLOAT16;FLOAT16,ND;FRACTAL_NZ,"""1,3072""",FLOAT16,ND,N/A,4.427,191253,0.538,0.121,0.523,0.118,1.286,0.29,3.454,0.78,2.563,0.579,0.004,0.0,0,0.0,0.0,0.0,0.0,0.0,0.0,0.0,0.0,0.0,81.381
0,6,2,53,6,MatMul_8,MatMul,static,AI_CORE,1786102259967308.680	,5.440,0.060000,24,0,NO,"""1,1024;64,192,16,16""",FLOAT16;FLOAT16,ND;FRACTAL_NZ,"""1,3072""",FLOAT16,ND,N/A,4.365,188560,0.538,0.123,0.526,0.121,1.287,0.295,3.389,0.776,2.588,0.593,0.0,0.0,0,0.0,0.0,0.0,0.0,0.0,0.0,0.0,0.0,0.0,80.236
0,6,2,54,6,Swish_1Mul_4,AutomaticBufferFusionOp,static,AI_VECTOR_CORE,1786102259967314.140	,1.420,0.060000,3,0,NO,"""1,1,3072;1,1,3072""",FLOAT16;FLOAT16,ND;ND,"""1,1,3072""",FLOAT16,ND,N/A,0.0,0,0.0,0.0,0.0,0.0,0.0,0.0,0.0,0.0,0.0,0.0,0.0,0.77,4156,0.163,0.212,0.122,0.159,0.143,0.186,0.123,0.16,0.185,0.000
0,6,2,55,6,MatMul_9,MatMul,static,AI_CORE,1786102259967315.580	,5.780,0.000000,22,0,NO,"""1,3072;192,64,16,16""",FLOAT16;FLOAT16,ND;FRACTAL_NZ,"""1,1024""",FLOAT16,ND,N/A,4.569,180943,0.733,0.16,0.504,0.11,1.673,0.366,3.868,0.846,2.215,0.485,0.033,0.0,0,0.0,0.0,0.0,0.0,0.0,0.0,0.0,0.0,0.0,72.465
0,6,2,56,6,InplaceAddRmsNorm_3,InplaceAddRmsNorm,static,AI_VECTOR_CORE,1786102259967321.380	,1.720,0.220000,1,0,NO,"""1,1,1024;1,1,1024;1024""",FLOAT16;FLOAT16;FLOAT16,ND;ND;ND,"""1,1,1024;1,1,1;1,1,1024""",FLOAT16;FLOAT;FLOAT16,ND;ND;ND,N/A,0.0,0,0.0,0.0,0.0,0.0,0.0,0.0,0.0,0.0,0.0,0.0,0.0,1.167,2100,0.282,0.242,0.586,0.502,0.387,0.331,0.373,0.32,0.2,0.000
0,6,2,57,6,MatMul_10,MatMul,static,AI_CORE,1786102259967323.120	,5.040,0.000000,23,0,NO,"""1,1024;64,160,16,16""",FLOAT16;FLOAT16,ND;FRACTAL_NZ,"""1,2560""",FLOAT16,ND,N/A,3.928,162601,0.527,0.134,0.491,0.125,1.135,0.289,2.923,0.744,2.323,0.592,0.021,0.0,0,0.0,0.0,0.0,0.0,0.0,0.0,0.0,0.0,0.0,74.681
0,6,2,58,6,SplitV_4,SplitVD,static,AI_VECTOR_CORE,1786102259967328.200	,1.100,0.210000,1,0,NO,"""1,1,2560""",FLOAT16,ND,"""1,1,2048;1,1,256;1,1,256""",FLOAT16;FLOAT16;FLOAT16,ND;ND;ND,N/A,0.0,0,0.0,0.0,0.0,0.0,0.0,0.0,0.0,0.0,0.0,0.0,0.0,0.563,1014,0.008,0.014,0.172,0.306,0.126,0.223,0.147,0.26,0.263,0.000
0,6,2,59,6,Scatter_5,Scatter,static,AI_VECTOR_CORE,1786102259967329.320	,1.520,0.000000,2,0,NO,"""1,2,1024,128;1;1,2,1,128""",FLOAT16;INT64;FLOAT16,NCHW;NCHW;NCHW,"""1,2,1024,128""",FLOAT16,NCHW,N/A,0.0,0,0.0,0.0,0.0,0.0,0.0,0.0,0.0,0.0,0.0,0.0,0.0,0.735,2645,0.008,0.011,0.14,0.191,0.12,0.164,0.218,0.297,0.169,0.000
0,6,2,60,6,ApplyRotaryPosEmb_2,ApplyRotaryPosEmb,static,AI_VECTOR_CORE,1786102259967330.860	,2.400,0.000000,1,0,NO,"""1,1,16,128;1,1,2,128;1,1,1,128;1,1,1,128""",FLOAT16;FLOAT16;FLOAT16;FLOAT16,NCHW;NCHW;NCHW;NCHW,"""1,1,16,128;1,1,2,128""",FLOAT16;FLOAT16,NCHW;NCHW,N/A,0.0,0,0.0,0.0,0.0,0.0,0.0,0.0,0.0,0.0,0.0,0.0,0.0,1.858,3345,0.158,0.085,1.402,0.755,0.153,0.082,0.152,0.082,0.144,0.000
0,6,2,61,6,Scatter_4,Scatter,static,AI_VECTOR_CORE,1786102259967333.280	,1.220,0.100000,2,0,NO,"""1,2,1024,128;1;1,2,1,128""",FLOAT16;INT64;FLOAT16,NCHW;NCHW;NCHW,"""1,2,1024,128""",FLOAT16,NCHW,N/A,0.0,0,0.0,0.0,0.0,0.0,0.0,0.0,0.0,0.0,0.0,0.0,0.0,0.638,2298,0.008,0.012,0.137,0.214,0.112,0.175,0.181,0.283,0.214,0.000
0,6,2,62,6,IncreFlashAttention_2,IncreFlashAttention,static,MIX_AIC,1786102259967335.460	,18.100,1.030000,2,4,NO,"""1,16,1,128;1,2,1024,128;1,2,1024,128;1,1,1,1024""",FLOAT16;FLOAT16;FLOAT16;BOOL,NCHW;NCHW;NCHW;NCHW,"""1,16,1,128""",FLOAT16,NCHW,0,17.546,63167,1.076,0.061,13.025,0.742,2.697,0.154,6.801,0.388,2.843,0.162,0.051,9.65,69479,0.72,0.075,2.029,0.21,0.195,0.02,0.426,0.044,0.123,8.078
0,6,2,63,6,MatMul_11,MatMul,static,AI_CORE,1786102259967354.320	,4.500,0.650000,22,0,NO,"""1,2048;128,64,16,16""",FLOAT16;FLOAT16,ND;FRACTAL_NZ,"""1,1024""",FLOAT16,ND,N/A,3.513,139102,0.489,0.139,0.495,0.141,1.108,0.315,2.729,0.777,2.365,0.673,0.002,0.0,0,0.0,0.0,0.0,0.0,0.0,0.0,0.0,0.0,0.0,71.555
0,6,2,64,6,InplaceAddRmsNorm_4,InplaceAddRmsNorm,static,AI_VECTOR_CORE,1786102259967358.840	,1.620,0.000000,1,0,NO,"""1,1,1024;1,1,1024;1024""",FLOAT16;FLOAT16;FLOAT16,ND;ND;ND,"""1,1,1024;1,1,1;1,1,1024""",FLOAT16;FLOAT;FLOAT16,ND;ND;ND,N/A,0.0,0,0.0,0.0,0.0,0.0,0.0,0.0,0.0,0.0,0.0,0.0,0.0,1.132,2038,0.282,0.249,0.559,0.494,0.376,0.332,0.358,0.316,0.219,0.000
0,6,2,65,6,MatMul_12,MatMul,static,AI_CORE,1786102259967360.480	,5.740,0.130000,24,0,NO,"""1,1024;64,192,16,16""",FLOAT16;FLOAT16,ND;FRACTAL_NZ,"""1,3072""",FLOAT16,ND,N/A,4.338,187422,0.538,0.124,0.512,0.118,1.284,0.296,3.319,0.765,2.227,0.513,0.009,0.0,0,0.0,0.0,0.0,0.0,0.0,0.0,0.0,0.0,0.0,75.583
0,6,2,66,6,MatMul_13,MatMul,static,AI_CORE,1786102259967366.240	,7.400,0.010000,24,0,NO,"""1,1024;64,192,16,16""",FLOAT16;FLOAT16,ND;FRACTAL_NZ,"""1,3072""",FLOAT16,ND,N/A,5.495,237395,0.538,0.098,1.046,0.19,1.286,0.234,3.974,0.723,2.517,0.458,0.0,0.0,0,0.0,0.0,0.0,0.0,0.0,0.0,0.0,0.0,0.0,74.260
0,6,2,67,6,Swish_2Mul_5,AutomaticBufferFusionOp,static,AI_VECTOR_CORE,1786102259967373.660	,1.420,0.100000,3,0,NO,"""1,1,3072;1,1,3072""",FLOAT16;FLOAT16,ND;ND,"""1,1,3072""",FLOAT16,ND,N/A,0.0,0,0.0,0.0,0.0,0.0,0.0,0.0,0.0,0.0,0.0,0.0,0.0,0.775,4186,0.163,0.211,0.117,0.151,0.124,0.16,0.134,0.173,0.202,0.000
0,6,2,68,6,MatMul_14,MatMul,static,AI_CORE,1786102259967375.100	,6.440,0.000000,22,0,NO,"""1,3072;192,64,16,16""",FLOAT16;FLOAT16,ND;FRACTAL_NZ,"""1,1024""",FLOAT16,ND,N/A,4.903,194165,0.731,0.149,0.521,0.106,1.621,0.331,4.082,0.832,2.356,0.48,0.013,0.0,0,0.0,0.0,0.0,0.0,0.0,0.0,0.0,0.0,0.0,69.791
0,6,2,69,6,InplaceAddRmsNorm_5,InplaceAddRmsNorm,static,AI_VECTOR_CORE,1786102259967381.560	,1.680,0.060000,1,0,NO,"""1,1,1024;1,1,1024;1024""",FLOAT16;FLOAT16;FLOAT16,ND;ND;ND,"""1,1,1024;1,1,1;1,1,1024""",FLOAT16;FLOAT;FLOAT16,ND;ND;ND,N/A,0.0,0,0.0,0.0,0.0,0.0,0.0,0.0,0.0,0.0,0.0,0.0,0.0,1.147,2064,0.282,0.246,0.56,0.488,0.381,0.332,0.375,0.327,0.2,0.000
0,6,2,70,6,MatMul_15,MatMul,static,AI_CORE,1786102259967383.260	,5.020,0.070000,23,0,NO,"""1,1024;64,160,16,16""",FLOAT16;FLOAT16,ND;FRACTAL_NZ,"""1,2560""",FLOAT16,ND,N/A,3.904,161627,0.527,0.135,0.422,0.108,1.136,0.291,2.981,0.764,2.371,0.607,0.021,0.0,0,0.0,0.0,0.0,0.0,0.0,0.0,0.0,0.0,0.0,74.529
0,6,2,71,6,SplitV_5,SplitVD,static,AI_VECTOR_CORE,1786102259967388.300	,1.080,0.000000,1,0,NO,"""1,1,2560""",FLOAT16,ND,"""1,1,2048;1,1,256;1,1,256""",FLOAT16;FLOAT16;FLOAT16,ND;ND;ND,N/A,0.0,0,0.0,0.0,0.0,0.0,0.0,0.0,0.0,0.0,0.0,0.0,0.0,0.544,979,0.008,0.014,0.152,0.279,0.119,0.219,0.151,0.278,0.263,0.000
0,6,2,72,6,Scatter_7,Scatter,static,AI_VECTOR_CORE,1786102259967389.400	,1.220,0.170000,2,0,NO,"""1,2,1024,128;1;1,2,1,128""",FLOAT16;INT64;FLOAT16,NCHW;NCHW;NCHW,"""1,2,1024,128""",FLOAT16,NCHW,N/A,0.0,0,0.0,0.0,0.0,0.0,0.0,0.0,0.0,0.0,0.0,0.0,0.0,0.597,2150,0.008,0.013,0.126,0.21,0.11,0.184,0.126,0.21,0.169,0.000
0,6,2,73,6,ApplyRotaryPosEmb_3,ApplyRotaryPosEmb,static,AI_VECTOR_CORE,1786102259967390.640	,2.340,0.030000,1,0,NO,"""1,1,16,128;1,1,2,128;1,1,1,128;1,1,1,128""",FLOAT16;FLOAT16;FLOAT16;FLOAT16,NCHW;NCHW;NCHW;NCHW,"""1,1,16,128;1,1,2,128""",FLOAT16;FLOAT16,NCHW;NCHW,N/A,0.0,0,0.0,0.0,0.0,0.0,0.0,0.0,0.0,0.0,0.0,0.0,0.0,1.865,3357,0.153,0.082,1.313,0.704,0.152,0.081,0.157,0.084,0.172,0.000
0,6,2,74,6,Scatter_6,Scatter,static,AI_VECTOR_CORE,1786102259967393.020	,1.060,0.000000,2,0,NO,"""1,2,1024,128;1;1,2,1,128""",FLOAT16;INT64;FLOAT16,NCHW;NCHW;NCHW,"""1,2,1024,128""",FLOAT16,NCHW,N/A,0.0,0,0.0,0.0,0.0,0.0,0.0,0.0,0.0,0.0,0.0,0.0,0.0,0.508,1828,0.008,0.015,0.132,0.259,0.106,0.208,0.186,0.366,0.107,0.000
0,6,2,75,6,IncreFlashAttention_3,IncreFlashAttention,static,MIX_AIC,1786102259967395.460	,18.320,1.440000,2,4,NO,"""1,16,1,128;1,2,1024,128;1,2,1024,128;1,1,1,1024""",FLOAT16;FLOAT16;FLOAT16;BOOL,NCHW;NCHW;NCHW;NCHW,"""1,16,1,128""",FLOAT16,NCHW,0,17.756,63920,1.076,0.061,13.114,0.739,2.698,0.152,6.875,0.387,2.859,0.161,0.055,9.637,69387,0.718,0.075,2.011,0.209,0.193,0.02,0.448,0.046,0.104,8.077
0,6,2,76,6,MatMul_16,MatMul,static,AI_CORE,1786102259967414.960	,5.020,1.180000,22,0,NO,"""1,2048;128,64,16,16""",FLOAT16;FLOAT16,ND;FRACTAL_NZ,"""1,1024""",FLOAT16,ND,N/A,3.371,133497,0.489,0.145,0.428,0.127,1.103,0.327,2.66,0.789,2.23,0.662,0.002,0.0,0,0.0,0.0,0.0,0.0,0.0,0.0,0.0,0.0,0.0,61.558
0,6,2,77,6,InplaceAddRmsNorm_6,InplaceAddRmsNorm,static,AI_VECTOR_CORE,1786102259967420.000	,1.620,0.000000,1,0,NO,"""1,1,1024;1,1,1024;1024""",FLOAT16;FLOAT16;FLOAT16,ND;ND;ND,"""1,1,1024;1,1,1;1,1,1024""",FLOAT16;FLOAT;FLOAT16,ND;ND;ND,N/A,0.0,0,0.0,0.0,0.0,0.0,0.0,0.0,0.0,0.0,0.0,0.0,0.0,1.044,1879,0.282,0.27,0.451,0.432,0.357,0.342,0.364,0.349,0.214,0.000
0,6,2,78,6,MatMul_17,MatMul,static,AI_CORE,1786102259967421.640	,5.680,0.130000,24,0,NO,"""1,1024;64,192,16,16""",FLOAT16;FLOAT16,ND;FRACTAL_NZ,"""1,3072""",FLOAT16,ND,N/A,4.549,196511,0.538,0.118,0.437,0.096,1.283,0.282,3.631,0.798,2.71,0.596,0.009,0.0,0,0.0,0.0,0.0,0.0,0.0,0.0,0.0,0.0,0.0,80.086
0,6,2,79,6,MatMul_18,MatMul,static,AI_CORE,1786102259967427.340	,6.700,0.000000,24,0,NO,"""1,1024;64,192,16,16""",FLOAT16;FLOAT16,ND;FRACTAL_NZ,"""1,3072""",FLOAT16,ND,N/A,5.317,229680,0.538,0.101,0.93,0.175,1.284,0.241,3.918,0.737,2.6,0.489,0.0,0.0,0,0.0,0.0,0.0,0.0,0.0,0.0,0.0,0.0,0.0,79.353
0,6,2,80,6,Swish_3Mul_6,AutomaticBufferFusionOp,static,AI_VECTOR_CORE,1786102259967434.060	,1.600,0.050000,3,0,NO,"""1,1,3072;1,1,3072""",FLOAT16;FLOAT16,ND;ND,"""1,1,3072""",FLOAT16,ND,N/A,0.0,0,0.0,0.0,0.0,0.0,0.0,0.0,0.0,0.0,0.0,0.0,0.0,0.846,4567,0.163,0.192,0.139,0.164,0.136,0.16,0.139,0.164,0.167,0.000
0,6,2,81,6,MatMul_19,MatMul,static,AI_CORE,1786102259967435.680	,5.940,0.150000,22,0,NO,"""1,3072;192,64,16,16""",FLOAT16;FLOAT16,ND;FRACTAL_NZ,"""1,1024""",FLOAT16,ND,N/A,4.549,180148,0.734,0.161,0.453,0.1,1.651,0.363,3.886,0.854,2.237,0.492,0.014,0.0,0,0.0,0.0,0.0,0.0,0.0,0.0,0.0,0.0,0.0,70.204
0,6,2,82,6,InplaceAddRmsNorm_7,InplaceAddRmsNorm,static,AI_VECTOR_CORE,1786102259967441.640	,1.780,0.060000,1,0,NO,"""1,1,1024;1,1,1024;1024""",FLOAT16;FLOAT16;FLOAT16,ND;ND;ND,"""1,1,1024;1,1,1;1,1,1024""",FLOAT16;FLOAT;FLOAT16,ND;ND;ND,N/A,0.0,0,0.0,0.0,0.0,0.0,0.0,0.0,0.0,0.0,0.0,0.0,0.0,1.254,2257,0.282,0.225,0.612,0.488,0.378,0.302,0.396,0.316,0.2,0.000
0,6,2,83,6,MatMul_20,MatMul,static,AI_CORE,1786102259967443.440	,5.220,0.000000,23,0,NO,"""1,1024;64,160,16,16""",FLOAT16;FLOAT16,ND;FRACTAL_NZ,"""1,2560""",FLOAT16,ND,N/A,4.013,166158,0.527,0.131,0.392,0.098,1.138,0.284,3.121,0.778,2.454,0.612,0.02,0.0,0,0.0,0.0,0.0,0.0,0.0,0.0,0.0,0.0,0.0,73.683
0,6,2,84,6,SplitV_6,SplitVD,static,AI_VECTOR_CORE,1786102259967448.700	,1.060,0.030000,1,0,NO,"""1,1,2560""",FLOAT16,ND,"""1,1,2048;1,1,256;1,1,256""",FLOAT16;FLOAT16;FLOAT16,ND;ND;ND,N/A,0.0,0,0.0,0.0,0.0,0.0,0.0,0.0,0.0,0.0,0.0,0.0,0.0,0.552,993,0.008,0.014,0.127,0.23,0.123,0.223,0.152,0.276,0.286,0.000
0,6,2,85,6,Scatter_9,Scatter,static,AI_VECTOR_CORE,1786102259967449.780	,1.260,0.000000,2,0,NO,"""1,2,1024,128;1;1,2,1,128""",FLOAT16;INT64;FLOAT16,NCHW;NCHW;NCHW,"""1,2,1024,128""",FLOAT16,NCHW,N/A,0.0,0,0.0,0.0,0.0,0.0,0.0,0.0,0.0,0.0,0.0,0.0,0.0,0.597,2148,0.008,0.013,0.138,0.231,0.114,0.191,0.175,0.293,0.233,0.000
0,6,2,86,6,ApplyRotaryPosEmb_4,ApplyRotaryPosEmb,static,AI_VECTOR_CORE,1786102259967451.060	,2.320,0.000000,1,0,NO,"""1,1,16,128;1,1,2,128;1,1,1,128;1,1,1,128""",FLOAT16;FLOAT16;FLOAT16;FLOAT16,NCHW;NCHW;NCHW;NCHW,"""1,1,16,128;1,1,2,128""",FLOAT16;FLOAT16,NCHW;NCHW,N/A,0.0,0,0.0,0.0,0.0,0.0,0.0,0.0,0.0,0.0,0.0,0.0,0.0,1.78,3204,0.163,0.092,1.295,0.728,0.155,0.087,0.147,0.083,0.167,0.000
0,6,2,87,6,Scatter_8,Scatter,static,AI_VECTOR_CORE,1786102259967453.400	,1.200,0.180000,2,0,NO,"""1,2,1024,128;1;1,2,1,128""",FLOAT16;INT64;FLOAT16,NCHW;NCHW;NCHW,"""1,2,1024,128""",FLOAT16,NCHW,N/A,0.0,0,0.0,0.0,0.0,0.0,0.0,0.0,0.0,0.0,0.0,0.0,0.0,0.638,2297,0.008,0.012,0.153,0.24,0.128,0.2,0.314,0.492,0.0,0.000
0,6,2,88,6,IncreFlashAttention_4,IncreFlashAttention,static,MIX_AIC,1786102259967456.080	,18.780,1.300000,2,4,NO,"""1,16,1,128;1,2,1024,128;1,2,1024,128;1,1,1,1024""",FLOAT16;FLOAT16;FLOAT16;BOOL,NCHW;NCHW;NCHW;NCHW,"""1,16,1,128""",FLOAT16,NCHW,0,18.321,65955,1.076,0.059,13.423,0.733,2.7,0.147,7.076,0.386,2.961,0.162,0.053,9.89,71207,0.72,0.073,1.91,0.193,0.193,0.02,0.454,0.046,0.109,8.130
0,6,2,89,6,MatMul_21,MatMul,static,AI_CORE,1786102259967475.580	,4.860,0.720000,22,0,NO,"""1,2048;128,64,16,16""",FLOAT16;FLOAT16,ND;FRACTAL_NZ,"""1,1024""",FLOAT16,ND,N/A,3.282,129954,0.487,0.148,0.413,0.126,1.113,0.339,2.601,0.793,2.218,0.676,0.002,0.0,0,0.0,0.0,0.0,0.0,0.0,0.0,0.0,0.0,0.0,61.897
0,6,2,90,6,InplaceAddRmsNorm_8,InplaceAddRmsNorm,static,AI_VECTOR_CORE,1786102259967480.460	,1.620,0.140000,1,0,NO,"""1,1,1024;1,1,1024;1024""",FLOAT16;FLOAT16;FLOAT16,ND;ND;ND,"""1,1,1024;1,1,1;1,1,1024""",FLOAT16;FLOAT;FLOAT16,ND;ND;ND,N/A,0.0,0,0.0,0.0,0.0,0.0,0.0,0.0,0.0,0.0,0.0,0.0,0.0,1.142,2055,0.282,0.247,0.511,0.447,0.394,0.345,0.391,0.342,0.214,0.000
0,6,2,91,6,MatMul_22,MatMul,static,AI_CORE,1786102259967482.120	,5.920,0.000000,24,0,NO,"""1,1024;64,192,16,16""",FLOAT16;FLOAT16,ND;FRACTAL_NZ,"""1,3072""",FLOAT16,ND,N/A,4.478,193445,0.538,0.12,0.455,0.102,1.281,0.286,3.521,0.786,2.742,0.612,0.009,0.0,0,0.0,0.0,0.0,0.0,0.0,0.0,0.0,0.0,0.0,75.640
0,6,2,92,6,MatMul_23,MatMul,static,AI_CORE,1786102259967488.060	,6.120,0.080000,24,0,NO,"""1,1024;64,192,16,16""",FLOAT16;FLOAT16,ND;FRACTAL_NZ,"""1,3072""",FLOAT16,ND,N/A,4.435,191594,0.538,0.121,0.44,0.099,1.283,0.289,3.528,0.796,2.765,0.623,0.0,0.0,0,0.0,0.0,0.0,0.0,0.0,0.0,0.0,0.0,0.0,72.468
0,6,2,93,6,Swish_4Mul_7,AutomaticBufferFusionOp,static,AI_VECTOR_CORE,1786102259967494.200	,1.460,0.130000,3,0,NO,"""1,1,3072;1,1,3072""",FLOAT16;FLOAT16,ND;ND,"""1,1,3072""",FLOAT16,ND,N/A,0.0,0,0.0,0.0,0.0,0.0,0.0,0.0,0.0,0.0,0.0,0.0,0.0,0.817,4412,0.163,0.2,0.156,0.19,0.16,0.196,0.147,0.18,0.177,0.000
0,6,2,94,6,MatMul_24,MatMul,static,AI_CORE,1786102259967495.680	,5.880,0.040000,22,0,NO,"""1,3072;192,64,16,16""",FLOAT16;FLOAT16,ND;FRACTAL_NZ,"""1,1024""",FLOAT16,ND,N/A,4.688,185649,0.731,0.156,0.437,0.093,1.637,0.349,3.998,0.853,2.338,0.499,0.014,0.0,0,0.0,0.0,0.0,0.0,0.0,0.0,0.0,0.0,0.0,73.086
0,6,2,95,6,InplaceAddRmsNorm_9,InplaceAddRmsNorm,static,AI_VECTOR_CORE,1786102259967501.580	,1.620,0.000000,1,0,NO,"""1,1,1024;1,1,1024;1024""",FLOAT16;FLOAT16;FLOAT16,ND;ND;ND,"""1,1,1024;1,1,1;1,1,1024""",FLOAT16;FLOAT;FLOAT16,ND;ND;ND,N/A,0.0,0,0.0,0.0,0.0,0.0,0.0,0.0,0.0,0.0,0.0,0.0,0.0,1.109,1996,0.282,0.255,0.522,0.471,0.382,0.345,0.37,0.334,0.2,0.000
0,6,2,96,6,MatMul_25,MatMul,static,AI_CORE,1786102259967503.220	,5.900,0.130000,23,0,NO,"""1,1024;64,160,16,16""",FLOAT16;FLOAT16,ND;FRACTAL_NZ,"""1,2560""",FLOAT16,ND,N/A,4.661,192955,0.527,0.113,0.881,0.189,1.134,0.243,3.234,0.694,2.192,0.47,0.021,0.0,0,0.0,0.0,0.0,0.0,0.0,0.0,0.0,0.0,0.0,75.704
0,6,2,97,6,SplitV_7,SplitVD,static,AI_VECTOR_CORE,1786102259967509.140	,1.000,0.100000,1,0,NO,"""1,1,2560""",FLOAT16,ND,"""1,1,2048;1,1,256;1,1,256""",FLOAT16;FLOAT16;FLOAT16,ND;ND;ND,N/A,0.0,0,0.0,0.0,0.0,0.0,0.0,0.0,0.0,0.0,0.0,0.0,0.0,0.508,914,0.008,0.015,0.104,0.206,0.124,0.245,0.155,0.305,0.263,0.000
0,6,2,98,6,Scatter_11,Scatter,static,AI_VECTOR_CORE,1786102259967510.160	,1.240,0.000000,2,0,NO,"""1,2,1024,128;1;1,2,1,128""",FLOAT16;INT64;FLOAT16,NCHW;NCHW;NCHW,"""1,2,1024,128""",FLOAT16,NCHW,N/A,0.0,0,0.0,0.0,0.0,0.0,0.0,0.0,0.0,0.0,0.0,0.0,0.0,0.68,2448,0.008,0.011,0.129,0.19,0.118,0.173,0.198,0.291,0.192,0.000
0,6,2,99,6,ApplyRotaryPosEmb_5,ApplyRotaryPosEmb,static,AI_VECTOR_CORE,1786102259967511.420	,2.580,0.010000,1,0,NO,"""1,1,16,128;1,1,2,128;1,1,1,128;1,1,1,128""",FLOAT16;FLOAT16;FLOAT16;FLOAT16,NCHW;NCHW;NCHW;NCHW,"""1,1,16,128;1,1,2,128""",FLOAT16;FLOAT16,NCHW;NCHW,N/A,0.0,0,0.0,0.0,0.0,0.0,0.0,0.0,0.0,0.0,0.0,0.0,0.0,2.051,3691,0.153,0.075,1.488,0.726,0.153,0.075,0.144,0.07,0.172,0.000
0,6,2,100,6,Scatter_10,Scatter,static,AI_VECTOR_CORE,1786102259967514.020	,1.200,0.000000,2,0,NO,"""1,2,1024,128;1;1,2,1,128""",FLOAT16;INT64;FLOAT16,NCHW;NCHW;NCHW,"""1,2,1024,128""",FLOAT16,NCHW,N/A,0.0,0,0.0,0.0,0.0,0.0,0.0,0.0,0.0,0.0,0.0,0.0,0.0,0.621,2234,0.008,0.013,0.126,0.203,0.105,0.169,0.356,0.573,0.0,0.000
0,6,2,101,6,IncreFlashAttention_5,IncreFlashAttention,static,MIX_AIC,1786102259967516.680	,18.440,1.550000,2,4,NO,"""1,16,1,128;1,2,1024,128;1,2,1024,128;1,1,1,1024""",FLOAT16;FLOAT16;FLOAT16;BOOL,NCHW;NCHW;NCHW;NCHW,"""1,16,1,128""",FLOAT16,NCHW,0,17.824,64167,1.076,0.06,13.23,0.742,2.697,0.151,6.941,0.389,2.912,0.163,0.053,9.709,69902,0.72,0.074,1.815,0.187,0.199,0.02,0.467,0.048,0.104,8.055
0,6,2,102,6,MatMul_26,MatMul,static,AI_CORE,1786102259967536.180	,4.900,1.060000,22,0,NO,"""1,2048;128,64,16,16""",FLOAT16;FLOAT16,ND;FRACTAL_NZ,"""1,1024""",FLOAT16,ND,N/A,3.46,137029,0.489,0.141,0.429,0.124,1.101,0.318,2.734,0.79,2.375,0.686,0.002,0.0,0,0.0,0.0,0.0,0.0,0.0,0.0,0.0,0.0,0.0,64.734
0,6,2,103,6,InplaceAddRmsNorm_10,InplaceAddRmsNorm,static,AI_VECTOR_CORE,1786102259967541.100	,1.540,0.000000,1,0,NO,"""1,1,1024;1,1,1024;1024""",FLOAT16;FLOAT16;FLOAT16,ND;ND;ND,"""1,1,1024;1,1,1;1,1,1024""",FLOAT16;FLOAT;FLOAT16,ND;ND;ND,N/A,0.0,0,0.0,0.0,0.0,0.0,0.0,0.0,0.0,0.0,0.0,0.0,0.0,1.074,1934,0.282,0.263,0.476,0.443,0.386,0.359,0.383,0.356,0.214,0.000
0,6,2,104,6,MatMul_27,MatMul,static,AI_CORE,1786102259967542.680	,5.640,0.210000,24,0,NO,"""1,1024;64,192,16,16""",FLOAT16;FLOAT16,ND;FRACTAL_NZ,"""1,3072""",FLOAT16,ND,N/A,4.56,196994,0.538,0.118,0.505,0.111,1.284,0.282,3.64,0.798,2.764,0.606,0.009,0.0,0,0.0,0.0,0.0,0.0,0.0,0.0,0.0,0.0,0.0,80.852
0,6,2,105,6,MatMul_28,MatMul,static,AI_CORE,1786102259967548.340	,6.140,0.000000,24,0,NO,"""1,1024;64,192,16,16""",FLOAT16;FLOAT16,ND;FRACTAL_NZ,"""1,3072""",FLOAT16,ND,N/A,4.545,196328,0.538,0.118,0.53,0.117,1.282,0.282,3.529,0.777,2.702,0.594,0.0,0.0,0,0.0,0.0,0.0,0.0,0.0,0.0,0.0,0.0,0.0,74.017
0,6,2,106,6,Swish_5Mul_8,AutomaticBufferFusionOp,static,AI_VECTOR_CORE,1786102259967554.500	,1.400,0.110000,3,0,NO,"""1,1,3072;1,1,3072""",FLOAT16;FLOAT16,ND;ND,"""1,1,3072""",FLOAT16,ND,N/A,0.0,0,0.0,0.0,0.0,0.0,0.0,0.0,0.0,0.0,0.0,0.0,0.0,0.799,4314,0.163,0.204,0.125,0.156,0.131,0.164,0.127,0.159,0.167,0.000
0,6,2,107,6,MatMul_29,MatMul,static,AI_CORE,1786102259967555.940	,5.940,0.100000,22,0,NO,"""1,3072;192,64,16,16""",FLOAT16;FLOAT16,ND;FRACTAL_NZ,"""1,1024""",FLOAT16,ND,N/A,4.558,180505,0.734,0.161,0.507,0.111,1.678,0.368,3.849,0.844,2.215,0.486,0.013,0.0,0,0.0,0.0,0.0,0.0,0.0,0.0,0.0,0.0,0.0,70.343
0,6,2,108,6,InplaceAddRmsNorm_11,InplaceAddRmsNorm,static,AI_VECTOR_CORE,1786102259967561.900	,1.660,0.060000,1,0,NO,"""1,1,1024;1,1,1024;1024""",FLOAT16;FLOAT16;FLOAT16,ND;ND;ND,"""1,1,1024;1,1,1;1,1,1024""",FLOAT16;FLOAT;FLOAT16,ND;ND;ND,N/A,0.0,0,0.0,0.0,0.0,0.0,0.0,0.0,0.0,0.0,0.0,0.0,0.0,1.161,2090,0.282,0.243,0.588,0.507,0.359,0.31,0.362,0.311,0.208,0.000
0,6,2,109,6,MatMul_30,MatMul,static,AI_CORE,1786102259967563.580	,7.160,0.000000,23,0,NO,"""1,1024;64,160,16,16""",FLOAT16;FLOAT16,ND;FRACTAL_NZ,"""1,2560""",FLOAT16,ND,N/A,4.827,199838,0.527,0.109,1.009,0.209,1.133,0.235,3.288,0.681,2.145,0.444,0.021,0.0,0,0.0,0.0,0.0,0.0,0.0,0.0,0.0,0.0,0.0,64.607
0,6,2,110,6,SplitV_8,SplitVD,static,AI_VECTOR_CORE,1786102259967570.760	,1.020,0.090000,1,0,NO,"""1,1,2560""",FLOAT16,ND,"""1,1,2048;1,1,256;1,1,256""",FLOAT16;FLOAT16;FLOAT16,ND;ND;ND,N/A,0.0,0,0.0,0.0,0.0,0.0,0.0,0.0,0.0,0.0,0.0,0.0,0.0,0.512,922,0.008,0.015,0.128,0.251,0.12,0.234,0.142,0.277,0.286,0.000
0,6,2,111,6,Scatter_13,Scatter,static,AI_VECTOR_CORE,1786102259967571.800	,1.360,0.000000,2,0,NO,"""1,2,1024,128;1;1,2,1,128""",FLOAT16;INT64;FLOAT16,NCHW;NCHW;NCHW,"""1,2,1024,128""",FLOAT16,NCHW,N/A,0.0,0,0.0,0.0,0.0,0.0,0.0,0.0,0.0,0.0,0.0,0.0,0.0,0.676,2435,0.008,0.011,0.185,0.274,0.115,0.17,0.209,0.308,0.224,0.000
0,6,2,112,6,ApplyRotaryPosEmb_6,ApplyRotaryPosEmb,static,AI_VECTOR_CORE,1786102259967573.180	,2.460,0.140000,1,0,NO,"""1,1,16,128;1,1,2,128;1,1,1,128;1,1,1,128""",FLOAT16;FLOAT16;FLOAT16;FLOAT16,NCHW;NCHW;NCHW;NCHW,"""1,1,16,128;1,1,2,128""",FLOAT16;FLOAT16,NCHW;NCHW,N/A,0.0,0,0.0,0.0,0.0,0.0,0.0,0.0,0.0,0.0,0.0,0.0,0.0,1.948,3506,0.158,0.081,1.47,0.755,0.149,0.076,0.145,0.074,0.155,0.000
0,6,2,113,6,Scatter_12,Scatter,static,AI_VECTOR_CORE,1786102259967575.660	,1.020,0.040000,2,0,NO,"""1,2,1024,128;1;1,2,1,128""",FLOAT16;INT64;FLOAT16,NCHW;NCHW;NCHW,"""1,2,1024,128""",FLOAT16,NCHW,N/A,0.0,0,0.0,0.0,0.0,0.0,0.0,0.0,0.0,0.0,0.0,0.0,0.0,0.526,1892,0.008,0.015,0.122,0.233,0.114,0.217,0.247,0.469,0.0,0.000
0,6,2,114,6,IncreFlashAttention_6,IncreFlashAttention,static,MIX_AIC,1786102259967577.880	,18.860,1.230000,2,4,NO,"""1,16,1,128;1,2,1024,128;1,2,1024,128;1,1,1,1024""",FLOAT16;FLOAT16;FLOAT16;BOOL,NCHW;NCHW;NCHW;NCHW,"""1,16,1,128""",FLOAT16,NCHW,0,18.375,66151,1.076,0.059,13.453,0.732,2.701,0.147,7.051,0.384,3.008,0.164,0.055,9.901,71285,0.72,0.073,1.701,0.172,0.192,0.019,0.435,0.044,0.102,8.119
0,6,2,115,6,MatMul_31,MatMul,static,AI_CORE,1786102259967597.980	,4.520,1.140000,22,0,NO,"""1,2048;128,64,16,16""",FLOAT16;FLOAT16,ND;FRACTAL_NZ,"""1,1024""",FLOAT16,ND,N/A,3.409,135014,0.489,0.143,0.486,0.143,1.108,0.325,2.635,0.773,2.26,0.663,0.002,0.0,0,0.0,0.0,0.0,0.0,0.0,0.0,0.0,0.0,0.0,69.144
0,6,2,116,6,InplaceAddRmsNorm_12,InplaceAddRmsNorm,static,AI_VECTOR_CORE,1786102259967602.520	,2.120,0.000000,1,0,NO,"""1,1,1024;1,1,1024;1024""",FLOAT16;FLOAT16;FLOAT16,ND;ND;ND,"""1,1,1024;1,1,1;1,1,1024""",FLOAT16;FLOAT;FLOAT16,ND;ND;ND,N/A,0.0,0,0.0,0.0,0.0,0.0,0.0,0.0,0.0,0.0,0.0,0.0,0.0,1.581,2845,0.282,0.179,0.456,0.289,0.38,0.24,0.355,0.225,0.214,0.000
0,6,2,117,6,MatMul_32,MatMul,static,AI_CORE,1786102259967604.660	,7.360,0.130000,24,0,NO,"""1,1024;64,192,16,16""",FLOAT16;FLOAT16,ND;FRACTAL_NZ,"""1,3072""",FLOAT16,ND,N/A,5.425,234347,0.538,0.099,1.041,0.192,1.283,0.236,3.852,0.71,2.518,0.464,0.009,0.0,0,0.0,0.0,0.0,0.0,0.0,0.0,0.0,0.0,0.0,73.705
0,6,2,118,6,MatMul_33,MatMul,static,AI_CORE,1786102259967612.060	,5.880,0.000000,24,0,NO,"""1,1024;64,192,16,16""",FLOAT16;FLOAT16,ND;FRACTAL_NZ,"""1,3072""",FLOAT16,ND,N/A,4.786,206754,0.538,0.112,0.499,0.104,1.284,0.268,3.833,0.801,2.925,0.611,0.0,0.0,0,0.0,0.0,0.0,0.0,0.0,0.0,0.0,0.0,0.0,81.394
0,6,2,119,6,Swish_6Mul_9,AutomaticBufferFusionOp,static,AI_VECTOR_CORE,1786102259967617.960	,1.560,0.120000,3,0,NO,"""1,1,3072;1,1,3072""",FLOAT16;FLOAT16,ND;ND,"""1,1,3072""",FLOAT16,ND,N/A,0.0,0,0.0,0.0,0.0,0.0,0.0,0.0,0.0,0.0,0.0,0.0,0.0,0.782,4224,0.163,0.209,0.124,0.159,0.129,0.165,0.135,0.172,0.194,0.000
0,6,2,120,6,MatMul_34,MatMul,static,AI_CORE,1786102259967619.540	,6.740,0.000000,22,0,NO,"""1,3072;192,64,16,16""",FLOAT16;FLOAT16,ND;FRACTAL_NZ,"""1,1024""",FLOAT16,ND,N/A,5.469,216590,0.729,0.133,0.518,0.095,1.639,0.3,4.714,0.862,3.083,0.564,0.014,0.0,0,0.0,0.0,0.0,0.0,0.0,0.0,0.0,0.0,0.0,74.387
0,6,2,121,6,InplaceAddRmsNorm_13,InplaceAddRmsNorm,static,AI_VECTOR_CORE,1786102259967626.300	,1.620,0.010000,1,0,NO,"""1,1,1024;1,1,1024;1024""",FLOAT16;FLOAT16;FLOAT16,ND;ND;ND,"""1,1,1024;1,1,1;1,1,1024""",FLOAT16;FLOAT;FLOAT16,ND;ND;ND,N/A,0.0,0,0.0,0.0,0.0,0.0,0.0,0.0,0.0,0.0,0.0,0.0,0.0,1.043,1877,0.282,0.271,0.423,0.405,0.376,0.361,0.373,0.357,0.215,0.000
0,6,2,122,6,MatMul_35,MatMul,static,AI_CORE,1786102259967627.940	,5.040,0.130000,23,0,NO,"""1,1024;64,160,16,16""",FLOAT16;FLOAT16,ND;FRACTAL_NZ,"""1,2560""",FLOAT16,ND,N/A,3.943,163249,0.527,0.134,0.51,0.129,1.135,0.288,2.931,0.743,2.268,0.575,0.021,0.0,0,0.0,0.0,0.0,0.0,0.0,0.0,0.0,0.0,0.0,74.978
0,6,2,123,6,SplitV_9,SplitVD,static,AI_VECTOR_CORE,1786102259967633.000	,1.200,0.000000,1,0,NO,"""1,1,2560""",FLOAT16,ND,"""1,1,2048;1,1,256;1,1,256""",FLOAT16;FLOAT16;FLOAT16,ND;ND;ND,N/A,0.0,0,0.0,0.0,0.0,0.0,0.0,0.0,0.0,0.0,0.0,0.0,0.0,0.638,1148,0.008,0.012,0.122,0.192,0.129,0.203,0.151,0.236,0.263,0.000
0,6,2,124,6,Scatter_15,Scatter,static,AI_VECTOR_CORE,1786102259967634.240	,1.320,0.050000,2,0,NO,"""1,2,1024,128;1;1,2,1,128""",FLOAT16;INT64;FLOAT16,NCHW;NCHW;NCHW,"""1,2,1024,128""",FLOAT16,NCHW,N/A,0.0,0,0.0,0.0,0.0,0.0,0.0,0.0,0.0,0.0,0.0,0.0,0.0,0.812,2923,0.008,0.01,0.122,0.15,0.168,0.207,0.231,0.284,0.213,0.000
0,6,2,125,6,ApplyRotaryPosEmb_7,ApplyRotaryPosEmb,static,AI_VECTOR_CORE,1786102259967635.580	,3.060,0.000000,1,0,NO,"""1,1,16,128;1,1,2,128;1,1,1,128;1,1,1,128""",FLOAT16;FLOAT16;FLOAT16;FLOAT16,NCHW;NCHW;NCHW;NCHW,"""1,1,16,128;1,1,2,128""",FLOAT16;FLOAT16,NCHW;NCHW,N/A,0.0,0,0.0,0.0,0.0,0.0,0.0,0.0,0.0,0.0,0.0,0.0,0.0,2.563,4614,0.159,0.062,1.388,0.541,0.211,0.082,0.175,0.068,0.155,0.000
0,6,2,126,6,Scatter_14,Scatter,static,AI_VECTOR_CORE,1786102259967638.660	,1.180,0.190000,2,0,NO,"""1,2,1024,128;1;1,2,1,128""",FLOAT16;INT64;FLOAT16,NCHW;NCHW;NCHW,"""1,2,1024,128""",FLOAT16,NCHW,N/A,0.0,0,0.0,0.0,0.0,0.0,0.0,0.0,0.0,0.0,0.0,0.0,0.0,0.59,2124,0.008,0.013,0.131,0.223,0.12,0.203,0.293,0.496,0.0,0.000
0,6,2,127,6,IncreFlashAttention_7,IncreFlashAttention,static,MIX_AIC,1786102259967640.860	,20.540,0.820000,2,4,NO,"""1,16,1,128;1,2,1024,128;1,2,1024,128;1,1,1,1024""",FLOAT16;FLOAT16;FLOAT16;BOOL,NCHW;NCHW;NCHW;NCHW,"""1,16,1,128""",FLOAT16,NCHW,0,19.812,71323,1.076,0.054,13.285,0.671,2.701,0.136,7.06,0.356,2.955,0.149,0.059,10.766,77517,0.719,0.067,1.717,0.159,0.209,0.019,0.429,0.04,0.113,8.038
0,6,2,128,6,MatMul_36,MatMul,static,AI_CORE,1786102259967662.180	,4.480,0.960000,22,0,NO,"""1,2048;128,64,16,16""",FLOAT16;FLOAT16,ND;FRACTAL_NZ,"""1,1024""",FLOAT16,ND,N/A,3.349,132622,0.488,0.146,0.493,0.147,1.116,0.333,2.603,0.777,2.192,0.655,0.002,0.0,0,0.0,0.0,0.0,0.0,0.0,0.0,0.0,0.0,0.0,68.526
0,6,2,129,6,InplaceAddRmsNorm_14,InplaceAddRmsNorm,static,AI_VECTOR_CORE,1786102259967666.680	,1.620,0.020000,1,0,NO,"""1,1,1024;1,1,1024;1024""",FLOAT16;FLOAT16;FLOAT16,ND;ND;ND,"""1,1,1024;1,1,1;1,1,1024""",FLOAT16;FLOAT;FLOAT16,ND;ND;ND,N/A,0.0,0,0.0,0.0,0.0,0.0,0.0,0.0,0.0,0.0,0.0,0.0,0.0,1.065,1917,0.282,0.265,0.444,0.417,0.384,0.36,0.363,0.341,0.214,0.000
0,6,2,130,6,MatMul_37,MatMul,static,AI_CORE,1786102259967668.320	,5.640,0.000000,24,0,NO,"""1,1024;64,192,16,16""",FLOAT16;FLOAT16,ND;FRACTAL_NZ,"""1,3072""",FLOAT16,ND,N/A,4.607,199011,0.538,0.117,0.526,0.114,1.285,0.279,3.618,0.785,2.763,0.6,0.009,0.0,0,0.0,0.0,0.0,0.0,0.0,0.0,0.0,0.0,0.0,81.680
0,6,2,131,6,MatMul_38,MatMul,static,AI_CORE,1786102259967673.980	,5.580,0.110000,24,0,NO,"""1,1024;64,192,16,16""",FLOAT16;FLOAT16,ND;FRACTAL_NZ,"""1,3072""",FLOAT16,ND,N/A,4.437,191661,0.538,0.121,0.658,0.148,1.285,0.29,3.34,0.753,2.566,0.578,0.0,0.0,0,0.0,0.0,0.0,0.0,0.0,0.0,0.0,0.0,0.0,79.509
0,6,2,132,6,Swish_7Mul_10,AutomaticBufferFusionOp,static,AI_VECTOR_CORE,1786102259967679.580	,1.740,0.000000,3,0,NO,"""1,1,3072;1,1,3072""",FLOAT16;FLOAT16,ND;ND,"""1,1,3072""",FLOAT16,ND,N/A,0.0,0,0.0,0.0,0.0,0.0,0.0,0.0,0.0,0.0,0.0,0.0,0.0,0.996,5379,0.163,0.163,0.209,0.21,0.139,0.14,0.137,0.138,0.194,0.000
0,6,2,133,6,MatMul_39,MatMul,static,AI_CORE,1786102259967681.340	,6.660,0.010000,22,0,NO,"""1,3072;192,64,16,16""",FLOAT16;FLOAT16,ND;FRACTAL_NZ,"""1,1024""",FLOAT16,ND,N/A,5.303,209983,0.733,0.138,0.977,0.184,1.658,0.313,4.147,0.782,2.155,0.406,0.014,0.0,0,0.0,0.0,0.0,0.0,0.0,0.0,0.0,0.0,0.0,72.984
0,6,2,134,6,InplaceAddRmsNorm_15,InplaceAddRmsNorm,static,AI_VECTOR_CORE,1786102259967688.020	,1.760,0.090000,1,0,NO,"""1,1,1024;1,1,1024;1024""",FLOAT16;FLOAT16;FLOAT16,ND;ND;ND,"""1,1,1024;1,1,1;1,1,1024""",FLOAT16;FLOAT;FLOAT16,ND;ND;ND,N/A,0.0,0,0.0,0.0,0.0,0.0,0.0,0.0,0.0,0.0,0.0,0.0,0.0,1.262,2272,0.282,0.224,0.605,0.479,0.432,0.342,0.417,0.331,0.215,0.000
0,6,2,135,6,MatMul_40,MatMul,static,AI_CORE,1786102259967689.800	,6.200,0.000000,23,0,NO,"""1,1024;64,160,16,16""",FLOAT16;FLOAT16,ND;FRACTAL_NZ,"""1,2560""",FLOAT16,ND,N/A,4.114,170310,0.527,0.128,0.591,0.144,1.134,0.276,3.015,0.733,2.359,0.574,0.021,0.0,0,0.0,0.0,0.0,0.0,0.0,0.0,0.0,0.0,0.0,63.586
0,6,2,136,6,SplitV_10,SplitVD,static,AI_VECTOR_CORE,1786102259967696.020	,1.080,0.050000,1,0,NO,"""1,1,2560""",FLOAT16,ND,"""1,1,2048;1,1,256;1,1,256""",FLOAT16;FLOAT16;FLOAT16,ND;ND;ND,N/A,0.0,0,0.0,0.0,0.0,0.0,0.0,0.0,0.0,0.0,0.0,0.0,0.0,0.571,1028,0.008,0.014,0.143,0.25,0.134,0.235,0.163,0.285,0.263,0.000
0,6,2,137,6,Scatter_17,Scatter,static,AI_VECTOR_CORE,1786102259967697.120	,1.200,0.000000,2,0,NO,"""1,2,1024,128;1;1,2,1,128""",FLOAT16;INT64;FLOAT16,NCHW;NCHW;NCHW,"""1,2,1024,128""",FLOAT16,NCHW,N/A,0.0,0,0.0,0.0,0.0,0.0,0.0,0.0,0.0,0.0,0.0,0.0,0.0,0.542,1951,0.008,0.014,0.154,0.285,0.105,0.194,0.197,0.364,0.12,0.000
0,6,2,138,6,ApplyRotaryPosEmb_8,ApplyRotaryPosEmb,static,AI_VECTOR_CORE,1786102259967698.340	,2.380,0.050000,1,0,NO,"""1,1,16,128;1,1,2,128;1,1,1,128;1,1,1,128""",FLOAT16;FLOAT16;FLOAT16;FLOAT16,NCHW;NCHW;NCHW;NCHW,"""1,1,16,128;1,1,2,128""",FLOAT16;FLOAT16,NCHW;NCHW,N/A,0.0,0,0.0,0.0,0.0,0.0,0.0,0.0,0.0,0.0,0.0,0.0,0.0,1.853,3335,0.153,0.082,1.359,0.734,0.155,0.084,0.154,0.083,0.163,0.000
0,6,2,139,6,Scatter_16,Scatter,static,AI_VECTOR_CORE,1786102259967700.740	,1.000,0.120000,2,0,NO,"""1,2,1024,128;1;1,2,1,128""",FLOAT16;INT64;FLOAT16,NCHW;NCHW;NCHW,"""1,2,1024,128""",FLOAT16,NCHW,N/A,0.0,0,0.0,0.0,0.0,0.0,0.0,0.0,0.0,0.0,0.0,0.0,0.0,0.418,1503,0.008,0.019,0.216,0.518,0.092,0.22,0.112,0.267,0.0,0.000
0,6,2,140,6,IncreFlashAttention_8,IncreFlashAttention,static,MIX_AIC,1786102259967702.720	,16.360,1.000000,2,4,NO,"""1,16,1,128;1,2,1024,128;1,2,1024,128;1,1,1,1024""",FLOAT16;FLOAT16;FLOAT16;BOOL,NCHW;NCHW;NCHW;NCHW,"""1,16,1,128""",FLOAT16,NCHW,0,15.76,56735,1.076,0.068,12.462,0.791,2.702,0.171,6.897,0.438,2.967,0.188,0.009,8.683,62519,0.719,0.083,1.931,0.222,0.194,0.022,0.435,0.05,0.106,8.028
0,6,2,141,6,MatMul_41,MatMul,static,AI_CORE,1786102259967720.380	,4.500,1.390000,22,0,NO,"""1,2048;128,64,16,16""",FLOAT16;FLOAT16,ND;FRACTAL_NZ,"""1,1024""",FLOAT16,ND,N/A,3.312,131144,0.488,0.147,0.688,0.208,1.12,0.338,2.582,0.78,2.141,0.646,0.0,0.0,0,0.0,0.0,0.0,0.0,0.0,0.0,0.0,0.0,0.0,67.461
0,6,2,142,6,InplaceAddRmsNorm_16,InplaceAddRmsNorm,static,AI_VECTOR_CORE,1786102259967724.900	,1.620,0.000000,1,0,NO,"""1,1,1024;1,1,1024;1024""",FLOAT16;FLOAT16;FLOAT16,ND;ND;ND,"""1,1,1024;1,1,1;1,1,1024""",FLOAT16;FLOAT;FLOAT16,ND;ND;ND,N/A,0.0,0,0.0,0.0,0.0,0.0,0.0,0.0,0.0,0.0,0.0,0.0,0.0,1.041,1874,0.282,0.271,0.415,0.399,0.407,0.391,0.399,0.384,0.214,0.000
0,6,2,143,6,MatMul_42,MatMul,static,AI_CORE,1786102259967726.540	,5.360,0.000000,24,0,NO,"""1,1024;64,192,16,16""",FLOAT16;FLOAT16,ND;FRACTAL_NZ,"""1,3072""",FLOAT16,ND,N/A,4.343,187631,0.538,0.124,0.433,0.1,1.291,0.297,3.457,0.796,2.599,0.598,0.01,0.0,0,0.0,0.0,0.0,0.0,0.0,0.0,0.0,0.0,0.0,81.032
0,6,2,144,6,MatMul_43,MatMul,static,AI_CORE,1786102259967731.920	,5.440,0.140000,24,0,NO,"""1,1024;64,192,16,16""",FLOAT16;FLOAT16,ND;FRACTAL_NZ,"""1,3072""",FLOAT16,ND,N/A,4.392,189754,0.538,0.122,0.43,0.098,1.289,0.294,3.514,0.8,2.655,0.604,0.0,0.0,0,0.0,0.0,0.0,0.0,0.0,0.0,0.0,0.0,0.0,80.744
0,6,2,145,6,Swish_8Mul_11,AutomaticBufferFusionOp,static,AI_VECTOR_CORE,1786102259967737.380	,1.480,0.060000,3,0,NO,"""1,1,3072;1,1,3072""",FLOAT16;FLOAT16,ND;ND,"""1,1,3072""",FLOAT16,ND,N/A,0.0,0,0.0,0.0,0.0,0.0,0.0,0.0,0.0,0.0,0.0,0.0,0.0,0.8,4320,0.163,0.204,0.125,0.156,0.132,0.165,0.147,0.184,0.176,0.000
0,6,2,146,6,MatMul_44,MatMul,static,AI_CORE,1786102259967738.880	,6.780,0.020000,22,0,NO,"""1,3072;192,64,16,16""",FLOAT16;FLOAT16,ND;FRACTAL_NZ,"""1,1024""",FLOAT16,ND,N/A,5.099,201917,0.734,0.144,0.875,0.172,1.652,0.324,4.067,0.798,2.15,0.422,0.014,0.0,0,0.0,0.0,0.0,0.0,0.0,0.0,0.0,0.0,0.0,68.938
0,6,2,147,6,InplaceAddRmsNorm_17,InplaceAddRmsNorm,static,AI_VECTOR_CORE,1786102259967745.680	,1.680,0.000000,1,0,NO,"""1,1,1024;1,1,1024;1024""",FLOAT16;FLOAT16;FLOAT16,ND;ND;ND,"""1,1,1024;1,1,1;1,1,1024""",FLOAT16;FLOAT;FLOAT16,ND;ND;ND,N/A,0.0,0,0.0,0.0,0.0,0.0,0.0,0.0,0.0,0.0,0.0,0.0,0.0,1.179,2123,0.282,0.239,0.594,0.504,0.362,0.307,0.371,0.315,0.215,0.000
0,6,2,148,6,MatMul_45,MatMul,static,AI_CORE,1786102259967747.380	,5.080,0.070000,23,0,NO,"""1,1024;64,160,16,16""",FLOAT16;FLOAT16,ND;FRACTAL_NZ,"""1,2560""",FLOAT16,ND,N/A,3.969,164322,0.527,0.133,0.43,0.108,1.144,0.288,3.013,0.759,2.404,0.606,0.025,0.0,0,0.0,0.0,0.0,0.0,0.0,0.0,0.0,0.0,0.0,74.877
0,6,2,149,6,SplitV_11,SplitVD,static,AI_VECTOR_CORE,1786102259967752.500	,0.980,0.000000,1,0,NO,"""1,1,2560""",FLOAT16,ND,"""1,1,2048;1,1,256;1,1,256""",FLOAT16;FLOAT16;FLOAT16,ND;ND;ND,N/A,0.0,0,0.0,0.0,0.0,0.0,0.0,0.0,0.0,0.0,0.0,0.0,0.0,0.49,882,0.008,0.016,0.129,0.264,0.118,0.241,0.148,0.303,0.263,0.000
0,6,2,150,6,Scatter_19,Scatter,static,AI_VECTOR_CORE,1786102259967753.500	,1.240,0.020000,2,0,NO,"""1,2,1024,128;1;1,2,1,128""",FLOAT16;INT64;FLOAT16,NCHW;NCHW;NCHW,"""1,2,1024,128""",FLOAT16,NCHW,N/A,0.0,0,0.0,0.0,0.0,0.0,0.0,0.0,0.0,0.0,0.0,0.0,0.0,0.663,2385,0.008,0.012,0.12,0.181,0.112,0.169,0.205,0.309,0.182,0.000
0,6,2,151,6,ApplyRotaryPosEmb_9,ApplyRotaryPosEmb,static,AI_VECTOR_CORE,1786102259967754.760	,2.140,0.010000,1,0,NO,"""1,1,16,128;1,1,2,128;1,1,1,128;1,1,1,128""",FLOAT16;FLOAT16;FLOAT16;FLOAT16,NCHW;NCHW;NCHW;NCHW,"""1,1,16,128;1,1,2,128""",FLOAT16;FLOAT16,NCHW;NCHW,N/A,0.0,0,0.0,0.0,0.0,0.0,0.0,0.0,0.0,0.0,0.0,0.0,0.0,1.617,2910,0.153,0.095,1.218,0.753,0.148,0.092,0.139,0.086,0.167,0.000
0,6,2,152,6,Scatter_18,Scatter,static,AI_VECTOR_CORE,1786102259967756.920	,1.200,0.110000,2,0,NO,"""1,2,1024,128;1;1,2,1,128""",FLOAT16;INT64;FLOAT16,NCHW;NCHW;NCHW,"""1,2,1024,128""",FLOAT16,NCHW,N/A,0.0,0,0.0,0.0,0.0,0.0,0.0,0.0,0.0,0.0,0.0,0.0,0.0,0.621,2235,0.008,0.013,0.181,0.291,0.107,0.173,0.301,0.485,0.0,0.000
0,6,2,153,6,IncreFlashAttention_9,IncreFlashAttention,static,MIX_AIC,1786102259967759.080	,16.440,0.800000,2,4,NO,"""1,16,1,128;1,2,1024,128;1,2,1024,128;1,1,1,1024""",FLOAT16;FLOAT16;FLOAT16;BOOL,NCHW;NCHW;NCHW;NCHW,"""1,16,1,128""",FLOAT16,NCHW,0,15.929,57343,1.076,0.068,12.437,0.781,2.697,0.169,6.814,0.428,2.79,0.175,0.009,8.866,63834,0.72,0.081,1.772,0.2,0.191,0.022,0.445,0.05,0.107,8.074
0,6,2,154,6,MatMul_46,MatMul,static,AI_CORE,1786102259967776.760	,5.160,1.310000,22,0,NO,"""1,2048;128,64,16,16""",FLOAT16;FLOAT16,ND;FRACTAL_NZ,"""1,1024""",FLOAT16,ND,N/A,3.967,157088,0.486,0.123,0.84,0.212,1.095,0.276,2.869,0.723,2.158,0.544,0.0,0.0,0,0.0,0.0,0.0,0.0,0.0,0.0,0.0,0.0,0.0,70.471
0,6,2,155,6,InplaceAddRmsNorm_18,InplaceAddRmsNorm,static,AI_VECTOR_CORE,1786102259967781.940	,1.740,0.090000,1,0,NO,"""1,1,1024;1,1,1024;1024""",FLOAT16;FLOAT16;FLOAT16,ND;ND;ND,"""1,1,1024;1,1,1;1,1,1024""",FLOAT16;FLOAT;FLOAT16,ND;ND;ND,N/A,0.0,0,0.0,0.0,0.0,0.0,0.0,0.0,0.0,0.0,0.0,0.0,0.0,1.243,2237,0.282,0.227,0.512,0.412,0.515,0.414,0.406,0.326,0.214,0.000
0,6,2,156,6,MatMul_47,MatMul,static,AI_CORE,1786102259967783.720	,5.400,0.010000,24,0,NO,"""1,1024;64,192,16,16""",FLOAT16;FLOAT16,ND;FRACTAL_NZ,"""1,3072""",FLOAT16,ND,N/A,4.384,189387,0.538,0.123,0.44,0.1,1.296,0.296,3.484,0.795,2.642,0.603,0.013,0.0,0,0.0,0.0,0.0,0.0,0.0,0.0,0.0,0.0,0.0,81.184
0,6,2,157,6,MatMul_48,MatMul,static,AI_CORE,1786102259967789.140	,5.520,0.100000,24,0,NO,"""1,1024;64,192,16,16""",FLOAT16;FLOAT16,ND;FRACTAL_NZ,"""1,3072""",FLOAT16,ND,N/A,4.431,191418,0.538,0.121,0.444,0.1,1.287,0.29,3.532,0.797,2.724,0.615,0.0,0.0,0,0.0,0.0,0.0,0.0,0.0,0.0,0.0,0.0,0.0,80.271
0,6,2,158,6,Swish_9Mul_12,AutomaticBufferFusionOp,static,AI_VECTOR_CORE,1786102259967794.700	,1.520,0.000000,3,0,NO,"""1,1,3072;1,1,3072""",FLOAT16;FLOAT16,ND;ND,"""1,1,3072""",FLOAT16,ND,N/A,0.0,0,0.0,0.0,0.0,0.0,0.0,0.0,0.0,0.0,0.0,0.0,0.0,0.794,4285,0.163,0.205,0.128,0.161,0.13,0.164,0.125,0.158,0.185,0.000
0,6,2,159,6,MatMul_49,MatMul,static,AI_CORE,1786102259967796.240	,5.800,0.000000,22,0,NO,"""1,3072;192,64,16,16""",FLOAT16;FLOAT16,ND;FRACTAL_NZ,"""1,1024""",FLOAT16,ND,N/A,4.445,176032,0.731,0.164,0.44,0.099,1.665,0.375,3.812,0.858,2.209,0.497,0.011,0.0,0,0.0,0.0,0.0,0.0,0.0,0.0,0.0,0.0,0.0,70.255
0,6,2,160,6,InplaceAddRmsNorm_19,InplaceAddRmsNorm,static,AI_VECTOR_CORE,1786102259967802.060	,1.700,0.000000,1,0,NO,"""1,1,1024;1,1,1024;1024""",FLOAT16;FLOAT16;FLOAT16,ND;ND;ND,"""1,1,1024;1,1,1;1,1,1024""",FLOAT16;FLOAT;FLOAT16,ND;ND;ND,N/A,0.0,0,0.0,0.0,0.0,0.0,0.0,0.0,0.0,0.0,0.0,0.0,0.0,1.15,2070,0.282,0.245,0.555,0.483,0.37,0.322,0.358,0.311,0.215,0.000
0,6,2,161,6,MatMul_50,MatMul,static,AI_CORE,1786102259967803.780	,6.300,0.050000,23,0,NO,"""1,1024;64,160,16,16""",FLOAT16;FLOAT16,ND;FRACTAL_NZ,"""1,2560""",FLOAT16,ND,N/A,4.414,182746,0.527,0.119,0.405,0.092,1.137,0.258,3.508,0.795,2.792,0.633,0.026,0.0,0,0.0,0.0,0.0,0.0,0.0,0.0,0.0,0.0,0.0,67.147
0,6,2,162,6,SplitV_12,SplitVD,static,AI_VECTOR_CORE,1786102259967810.100	,1.140,0.000000,1,0,NO,"""1,1,2560""",FLOAT16,ND,"""1,1,2048;1,1,256;1,1,256""",FLOAT16;FLOAT16;FLOAT16,ND;ND;ND,N/A,0.0,0,0.0,0.0,0.0,0.0,0.0,0.0,0.0,0.0,0.0,0.0,0.0,0.575,1035,0.008,0.014,0.164,0.286,0.123,0.214,0.15,0.261,0.263,0.000
0,6,2,163,6,Scatter_21,Scatter,static,AI_VECTOR_CORE,1786102259967811.260	,1.520,0.110000,2,0,NO,"""1,2,1024,128;1;1,2,1,128""",FLOAT16;INT64;FLOAT16,NCHW;NCHW;NCHW,"""1,2,1024,128""",FLOAT16,NCHW,N/A,0.0,0,0.0,0.0,0.0,0.0,0.0,0.0,0.0,0.0,0.0,0.0,0.0,0.704,2534,0.008,0.011,0.148,0.21,0.114,0.162,0.19,0.27,0.182,0.000
0,6,2,164,6,ApplyRotaryPosEmb_10,ApplyRotaryPosEmb,static,AI_VECTOR_CORE,1786102259967812.800	,2.480,0.000000,1,0,NO,"""1,1,16,128;1,1,2,128;1,1,1,128;1,1,1,128""",FLOAT16;FLOAT16;FLOAT16;FLOAT16,NCHW;NCHW;NCHW;NCHW,"""1,1,16,128;1,1,2,128""",FLOAT16;FLOAT16,NCHW;NCHW,N/A,0.0,0,0.0,0.0,0.0,0.0,0.0,0.0,0.0,0.0,0.0,0.0,0.0,1.913,3444,0.159,0.083,1.419,0.742,0.156,0.082,0.153,0.08,0.171,0.000
0,6,2,165,6,Scatter_20,Scatter,static,AI_VECTOR_CORE,1786102259967815.300	,0.940,0.020000,2,0,NO,"""1,2,1024,128;1;1,2,1,128""",FLOAT16;INT64;FLOAT16,NCHW;NCHW;NCHW,"""1,2,1024,128""",FLOAT16,NCHW,N/A,0.0,0,0.0,0.0,0.0,0.0,0.0,0.0,0.0,0.0,0.0,0.0,0.0,0.417,1501,0.008,0.019,0.156,0.374,0.119,0.284,0.099,0.238,0.0,0.000
0,6,2,166,6,IncreFlashAttention_10,IncreFlashAttention,static,MIX_AIC,1786102259967817.220	,16.700,1.060000,2,4,NO,"""1,16,1,128;1,2,1024,128;1,2,1024,128;1,1,1,1024""",FLOAT16;FLOAT16;FLOAT16;BOOL,NCHW;NCHW;NCHW;NCHW,"""1,16,1,128""",FLOAT16,NCHW,0,16.194,58297,1.076,0.066,12.732,0.786,2.697,0.167,7.051,0.435,3.035,0.187,0.01,9.015,64908,0.72,0.08,1.902,0.211,0.191,0.021,0.411,0.046,0.109,8.081
0,6,2,167,6,MatMul_51,MatMul,static,AI_CORE,1786102259967834.920	,4.560,1.050000,22,0,NO,"""1,2048;128,64,16,16""",FLOAT16;FLOAT16,ND;FRACTAL_NZ,"""1,1024""",FLOAT16,ND,N/A,3.392,134307,0.488,0.144,0.416,0.123,1.102,0.325,2.694,0.794,2.266,0.668,0.0,0.0,0,0.0,0.0,0.0,0.0,0.0,0.0,0.0,0.0,0.0,68.179
0,6,2,168,6,InplaceAddRmsNorm_20,InplaceAddRmsNorm,static,AI_VECTOR_CORE,1786102259967839.500	,1.660,0.000000,1,0,NO,"""1,1,1024;1,1,1024;1024""",FLOAT16;FLOAT16;FLOAT16,ND;ND;ND,"""1,1,1024;1,1,1;1,1,1024""",FLOAT16;FLOAT;FLOAT16,ND;ND;ND,N/A,0.0,0,0.0,0.0,0.0,0.0,0.0,0.0,0.0,0.0,0.0,0.0,0.0,1.109,1997,0.282,0.254,0.489,0.441,0.381,0.344,0.363,0.327,0.214,0.000
0,6,2,169,6,MatMul_52,MatMul,static,AI_CORE,1786102259967841.200	,5.440,0.090000,24,0,NO,"""1,1024;64,192,16,16""",FLOAT16;FLOAT16,ND;FRACTAL_NZ,"""1,3072""",FLOAT16,ND,N/A,4.403,190200,0.538,0.122,0.455,0.103,1.287,0.292,3.495,0.794,2.627,0.597,0.011,0.0,0,0.0,0.0,0.0,0.0,0.0,0.0,0.0,0.0,0.0,80.933
0,6,2,170,6,MatMul_53,MatMul,static,AI_CORE,1786102259967846.660	,5.300,0.060000,24,0,NO,"""1,1024;64,192,16,16""",FLOAT16;FLOAT16,ND;FRACTAL_NZ,"""1,3072""",FLOAT16,ND,N/A,4.335,187255,0.538,0.124,0.612,0.141,1.29,0.298,3.465,0.799,2.638,0.609,0.0,0.0,0,0.0,0.0,0.0,0.0,0.0,0.0,0.0,0.0,0.0,81.785
0,6,2,171,6,Swish_10Mul_13,AutomaticBufferFusionOp,static,AI_VECTOR_CORE,1786102259967852.000	,1.500,0.000000,3,0,NO,"""1,1,3072;1,1,3072""",FLOAT16;FLOAT16,ND;ND,"""1,1,3072""",FLOAT16,ND,N/A,0.0,0,0.0,0.0,0.0,0.0,0.0,0.0,0.0,0.0,0.0,0.0,0.0,0.769,4150,0.163,0.213,0.136,0.176,0.138,0.179,0.136,0.178,0.202,0.000
0,6,2,172,6,MatMul_54,MatMul,static,AI_CORE,1786102259967853.520	,5.860,0.000000,22,0,NO,"""1,3072;192,64,16,16""",FLOAT16;FLOAT16,ND;FRACTAL_NZ,"""1,1024""",FLOAT16,ND,N/A,4.567,180844,0.734,0.161,0.439,0.096,1.657,0.363,3.865,0.846,2.286,0.501,0.014,0.0,0,0.0,0.0,0.0,0.0,0.0,0.0,0.0,0.0,0.0,71.437
0,6,2,173,6,InplaceAddRmsNorm_21,InplaceAddRmsNorm,static,AI_VECTOR_CORE,1786102259967859.400	,1.820,0.140000,1,0,NO,"""1,1,1024;1,1,1024;1024""",FLOAT16;FLOAT16;FLOAT16,ND;ND;ND,"""1,1,1024;1,1,1;1,1,1024""",FLOAT16;FLOAT;FLOAT16,ND;ND;ND,N/A,0.0,0,0.0,0.0,0.0,0.0,0.0,0.0,0.0,0.0,0.0,0.0,0.0,1.222,2199,0.282,0.231,0.503,0.412,0.484,0.396,0.395,0.323,0.215,0.000
0,6,2,174,6,MatMul_55,MatMul,static,AI_CORE,1786102259967861.240	,4.880,0.000000,23,0,NO,"""1,1024;64,160,16,16""",FLOAT16;FLOAT16,ND;FRACTAL_NZ,"""1,2560""",FLOAT16,ND,N/A,3.842,159056,0.527,0.137,0.394,0.102,1.141,0.297,2.952,0.768,2.294,0.597,0.027,0.0,0,0.0,0.0,0.0,0.0,0.0,0.0,0.0,0.0,0.0,75.448
0,6,2,175,6,SplitV_13,SplitVD,static,AI_VECTOR_CORE,1786102259967866.160	,1.200,0.120000,1,0,NO,"""1,1,2560""",FLOAT16,ND,"""1,1,2048;1,1,256;1,1,256""",FLOAT16;FLOAT16;FLOAT16,ND;ND;ND,N/A,0.0,0,0.0,0.0,0.0,0.0,0.0,0.0,0.0,0.0,0.0,0.0,0.0,0.596,1073,0.008,0.013,0.161,0.269,0.134,0.226,0.157,0.264,0.263,0.000
0,6,2,176,6,Scatter_23,Scatter,static,AI_VECTOR_CORE,1786102259967867.380	,1.220,0.050000,2,0,NO,"""1,2,1024,128;1;1,2,1,128""",FLOAT16;INT64;FLOAT16,NCHW;NCHW;NCHW,"""1,2,1024,128""",FLOAT16,NCHW,N/A,0.0,0,0.0,0.0,0.0,0.0,0.0,0.0,0.0,0.0,0.0,0.0,0.0,0.699,2518,0.008,0.011,0.146,0.208,0.115,0.165,0.201,0.287,0.182,0.000
0,6,2,177,6,ApplyRotaryPosEmb_11,ApplyRotaryPosEmb,static,AI_VECTOR_CORE,1786102259967868.620	,2.300,0.000000,1,0,NO,"""1,1,16,128;1,1,2,128;1,1,1,128;1,1,1,128""",FLOAT16;FLOAT16;FLOAT16;FLOAT16,NCHW;NCHW;NCHW;NCHW,"""1,1,16,128;1,1,2,128""",FLOAT16;FLOAT16,NCHW;NCHW,N/A,0.0,0,0.0,0.0,0.0,0.0,0.0,0.0,0.0,0.0,0.0,0.0,0.0,1.815,3267,0.153,0.084,1.312,0.723,0.16,0.088,0.157,0.087,0.175,0.000
0,6,2,178,6,Scatter_22,Scatter,static,AI_VECTOR_CORE,1786102259967870.940	,1.180,0.200000,2,0,NO,"""1,2,1024,128;1;1,2,1,128""",FLOAT16;INT64;FLOAT16,NCHW;NCHW;NCHW,"""1,2,1024,128""",FLOAT16,NCHW,N/A,0.0,0,0.0,0.0,0.0,0.0,0.0,0.0,0.0,0.0,0.0,0.0,0.0,0.633,2280,0.008,0.012,0.136,0.215,0.103,0.163,0.353,0.557,0.0,0.000
0,6,2,179,6,IncreFlashAttention_11,IncreFlashAttention,static,MIX_AIC,1786102259967873.040	,16.620,0.820000,2,4,NO,"""1,16,1,128;1,2,1024,128;1,2,1024,128;1,1,1,1024""",FLOAT16;FLOAT16;FLOAT16;BOOL,NCHW;NCHW;NCHW;NCHW,"""1,16,1,128""",FLOAT16,NCHW,0,15.873,57142,1.076,0.068,12.419,0.782,2.698,0.17,6.993,0.441,2.857,0.18,0.01,8.767,63125,0.72,0.082,1.843,0.21,0.199,0.023,0.431,0.049,0.107,7.959
0,6,2,180,6,MatMul_56,MatMul,static,AI_CORE,1786102259967890.700	,4.900,1.130000,22,0,NO,"""1,2048;128,64,16,16""",FLOAT16;FLOAT16,ND;FRACTAL_NZ,"""1,1024""",FLOAT16,ND,N/A,3.43,135827,0.487,0.142,0.564,0.165,1.107,0.323,2.631,0.767,2.201,0.642,0.0,0.0,0,0.0,0.0,0.0,0.0,0.0,0.0,0.0,0.0,0.0,64.166
0,6,2,181,6,InplaceAddRmsNorm_22,InplaceAddRmsNorm,static,AI_VECTOR_CORE,1786102259967895.620	,1.740,0.000000,1,0,NO,"""1,1,1024;1,1,1024;1024""",FLOAT16;FLOAT16;FLOAT16,ND;ND;ND,"""1,1,1024;1,1,1;1,1,1024""",FLOAT16;FLOAT;FLOAT16,ND;ND;ND,N/A,0.0,0,0.0,0.0,0.0,0.0,0.0,0.0,0.0,0.0,0.0,0.0,0.0,1.196,2153,0.282,0.236,0.471,0.394,0.526,0.44,0.413,0.346,0.214,0.000
0,6,2,182,6,MatMul_57,MatMul,static,AI_CORE,1786102259967897.380	,7.180,0.260000,24,0,NO,"""1,1024;64,192,16,16""",FLOAT16;FLOAT16,ND;FRACTAL_NZ,"""1,3072""",FLOAT16,ND,N/A,4.5,194380,0.538,0.12,0.477,0.106,1.287,0.286,3.566,0.792,2.155,0.479,0.011,0.0,0,0.0,0.0,0.0,0.0,0.0,0.0,0.0,0.0,0.0,62.668
0,6,2,183,6,MatMul_58,MatMul,static,AI_CORE,1786102259967904.580	,6.500,0.000000,24,0,NO,"""1,1024;64,192,16,16""",FLOAT16;FLOAT16,ND;FRACTAL_NZ,"""1,3072""",FLOAT16,ND,N/A,5.217,225371,0.538,0.103,1.016,0.195,1.284,0.246,3.706,0.71,2.441,0.468,0.0,0.0,0,0.0,0.0,0.0,0.0,0.0,0.0,0.0,0.0,0.0,80.260
0,6,2,184,6,Swish_11Mul_14,AutomaticBufferFusionOp,static,AI_VECTOR_CORE,1786102259967911.120	,1.560,0.000000,3,0,NO,"""1,1,3072;1,1,3072""",FLOAT16;FLOAT16,ND;ND,"""1,1,3072""",FLOAT16,ND,N/A,0.0,0,0.0,0.0,0.0,0.0,0.0,0.0,0.0,0.0,0.0,0.0,0.0,0.837,4520,0.163,0.194,0.111,0.132,0.134,0.16,0.125,0.149,0.185,0.000
0,6,2,185,6,MatMul_59,MatMul,static,AI_CORE,1786102259967912.700	,5.780,0.190000,22,0,NO,"""1,3072;192,64,16,16""",FLOAT16;FLOAT16,ND;FRACTAL_NZ,"""1,1024""",FLOAT16,ND,N/A,4.65,184149,0.731,0.157,0.485,0.104,1.672,0.359,3.951,0.85,2.244,0.483,0.013,0.0,0,0.0,0.0,0.0,0.0,0.0,0.0,0.0,0.0,0.0,73.749
0,6,2,186,6,InplaceAddRmsNorm_23,InplaceAddRmsNorm,static,AI_VECTOR_CORE,1786102259967918.520	,1.660,0.000000,1,0,NO,"""1,1,1024;1,1,1024;1024""",FLOAT16;FLOAT16;FLOAT16,ND;ND;ND,"""1,1,1024;1,1,1;1,1,1024""",FLOAT16;FLOAT;FLOAT16,ND;ND;ND,N/A,0.0,0,0.0,0.0,0.0,0.0,0.0,0.0,0.0,0.0,0.0,0.0,0.0,1.093,1968,0.282,0.258,0.433,0.396,0.45,0.412,0.43,0.393,0.215,0.000
0,6,2,187,6,MatMul_60,MatMul,static,AI_CORE,1786102259967920.200	,4.940,0.090000,23,0,NO,"""1,1024;64,160,16,16""",FLOAT16;FLOAT16,ND;FRACTAL_NZ,"""1,2560""",FLOAT16,ND,N/A,3.824,158317,0.527,0.138,0.44,0.115,1.135,0.297,2.861,0.748,2.212,0.578,0.027,0.0,0,0.0,0.0,0.0,0.0,0.0,0.0,0.0,0.0,0.0,74.185
0,6,2,188,6,SplitV_14,SplitVD,static,AI_VECTOR_CORE,1786102259967925.160	,1.000,0.060000,1,0,NO,"""1,1,2560""",FLOAT16,ND,"""1,1,2048;1,1,256;1,1,256""",FLOAT16;FLOAT16;FLOAT16,ND;ND;ND,N/A,0.0,0,0.0,0.0,0.0,0.0,0.0,0.0,0.0,0.0,0.0,0.0,0.0,0.534,962,0.008,0.015,0.119,0.223,0.128,0.24,0.152,0.285,0.263,0.000
0,6,2,189,6,Scatter_25,Scatter,static,AI_VECTOR_CORE,1786102259967926.180	,1.260,0.000000,2,0,NO,"""1,2,1024,128;1;1,2,1,128""",FLOAT16;INT64;FLOAT16,NCHW;NCHW;NCHW,"""1,2,1024,128""",FLOAT16,NCHW,N/A,0.0,0,0.0,0.0,0.0,0.0,0.0,0.0,0.0,0.0,0.0,0.0,0.0,0.718,2585,0.008,0.011,0.13,0.181,0.101,0.141,0.313,0.436,0.211,0.000
0,6,2,190,6,ApplyRotaryPosEmb_12,ApplyRotaryPosEmb,static,AI_VECTOR_CORE,1786102259967927.460	,2.280,0.000000,1,0,NO,"""1,1,16,128;1,1,2,128;1,1,1,128;1,1,1,128""",FLOAT16;FLOAT16;FLOAT16;FLOAT16,NCHW;NCHW;NCHW;NCHW,"""1,1,16,128;1,1,2,128""",FLOAT16;FLOAT16,NCHW;NCHW,N/A,0.0,0,0.0,0.0,0.0,0.0,0.0,0.0,0.0,0.0,0.0,0.0,0.0,1.799,3239,0.153,0.085,1.329,0.739,0.149,0.083,0.147,0.082,0.168,0.000
0,6,2,191,6,Scatter_24,Scatter,static,AI_VECTOR_CORE,1786102259967929.760	,0.920,0.000000,2,0,NO,"""1,2,1024,128;1;1,2,1,128""",FLOAT16;INT64;FLOAT16,NCHW;NCHW;NCHW,"""1,2,1024,128""",FLOAT16,NCHW,N/A,0.0,0,0.0,0.0,0.0,0.0,0.0,0.0,0.0,0.0,0.0,0.0,0.0,0.389,1402,0.008,0.02,0.146,0.374,0.097,0.248,0.108,0.278,0.0,0.000
0,6,2,192,6,IncreFlashAttention_12,IncreFlashAttention,static,MIX_AIC,1786102259967931.820	,16.580,1.080000,2,4,NO,"""1,16,1,128;1,2,1024,128;1,2,1024,128;1,1,1,1024""",FLOAT16;FLOAT16;FLOAT16;BOOL,NCHW;NCHW;NCHW;NCHW,"""1,16,1,128""",FLOAT16,NCHW,0,16.083,57898,1.076,0.067,12.548,0.78,2.697,0.168,6.981,0.434,2.948,0.183,0.009,8.906,64123,0.718,0.081,2.034,0.228,0.193,0.022,0.448,0.05,0.105,8.083
0,6,2,193,6,MatMul_61,MatMul,static,AI_CORE,1786102259967949.460	,4.460,1.170000,22,0,NO,"""1,2048;128,64,16,16""",FLOAT16;FLOAT16,ND;FRACTAL_NZ,"""1,1024""",FLOAT16,ND,N/A,3.331,131923,0.488,0.147,0.454,0.136,1.098,0.329,2.629,0.789,2.208,0.663,0.0,0.0,0,0.0,0.0,0.0,0.0,0.0,0.0,0.0,0.0,0.0,68.470
0,6,2,194,6,InplaceAddRmsNorm_24,InplaceAddRmsNorm,static,AI_VECTOR_CORE,1786102259967953.940	,1.600,0.040000,1,0,NO,"""1,1,1024;1,1,1024;1024""",FLOAT16;FLOAT16;FLOAT16,ND;ND;ND,"""1,1,1024;1,1,1;1,1,1024""",FLOAT16;FLOAT;FLOAT16,ND;ND;ND,N/A,0.0,0,0.0,0.0,0.0,0.0,0.0,0.0,0.0,0.0,0.0,0.0,0.0,1.093,1967,0.282,0.258,0.474,0.434,0.382,0.349,0.382,0.35,0.214,0.000
0,6,2,195,6,MatMul_62,MatMul,static,AI_CORE,1786102259967955.560	,5.520,0.000000,24,0,NO,"""1,1024;64,192,16,16""",FLOAT16;FLOAT16,ND;FRACTAL_NZ,"""1,3072""",FLOAT16,ND,N/A,4.428,191287,0.538,0.121,0.494,0.112,1.286,0.291,3.478,0.785,2.586,0.584,0.014,0.0,0,0.0,0.0,0.0,0.0,0.0,0.0,0.0,0.0,0.0,80.216
0,6,2,196,6,MatMul_63,MatMul,static,AI_CORE,1786102259967961.100	,5.520,0.000000,24,0,NO,"""1,1024;64,192,16,16""",FLOAT16;FLOAT16,ND;FRACTAL_NZ,"""1,3072""",FLOAT16,ND,N/A,4.367,188670,0.538,0.123,0.475,0.109,1.286,0.294,3.441,0.788,2.594,0.594,0.0,0.0,0,0.0,0.0,0.0,0.0,0.0,0.0,0.0,0.0,0.0,79.119
0,6,2,197,6,Swish_12Mul_15,AutomaticBufferFusionOp,static,AI_VECTOR_CORE,1786102259967966.660	,1.520,0.230000,3,0,NO,"""1,1,3072;1,1,3072""",FLOAT16;FLOAT16,ND;ND,"""1,1,3072""",FLOAT16,ND,N/A,0.0,0,0.0,0.0,0.0,0.0,0.0,0.0,0.0,0.0,0.0,0.0,0.0,0.837,4521,0.163,0.195,0.171,0.205,0.16,0.191,0.14,0.167,0.157,0.000
0,6,2,198,6,MatMul_64,MatMul,static,AI_CORE,1786102259967968.200	,5.980,0.000000,22,0,NO,"""1,3072;192,64,16,16""",FLOAT16;FLOAT16,ND;FRACTAL_NZ,"""1,1024""",FLOAT16,ND,N/A,4.598,182065,0.733,0.159,0.479,0.104,1.659,0.361,3.884,0.845,2.283,0.497,0.014,0.0,0,0.0,0.0,0.0,0.0,0.0,0.0,0.0,0.0,0.0,70.476
0,6,2,199,6,InplaceAddRmsNorm_25,InplaceAddRmsNorm,static,AI_VECTOR_CORE,1786102259967974.200	,2.020,0.020000,1,0,NO,"""1,1,1024;1,1,1024;1024""",FLOAT16;FLOAT16;FLOAT16,ND;ND;ND,"""1,1,1024;1,1,1;1,1,1024""",FLOAT16;FLOAT;FLOAT16,ND;ND;ND,N/A,0.0,0,0.0,0.0,0.0,0.0,0.0,0.0,0.0,0.0,0.0,0.0,0.0,1.495,2691,0.282,0.189,0.566,0.379,0.482,0.323,0.386,0.258,0.215,0.000
0,6,2,200,6,MatMul_65,MatMul,static,AI_CORE,1786102259967976.260	,5.340,0.000000,23,0,NO,"""1,1024;64,160,16,16""",FLOAT16;FLOAT16,ND;FRACTAL_NZ,"""1,2560""",FLOAT16,ND,N/A,3.927,162561,0.527,0.134,0.686,0.175,1.14,0.29,2.92,0.744,2.168,0.552,0.025,0.0,0,0.0,0.0,0.0,0.0,0.0,0.0,0.0,0.0,0.0,70.468
0,6,2,201,6,SplitV_15,SplitVD,static,AI_VECTOR_CORE,1786102259967981.640	,1.120,0.160000,1,0,NO,"""1,1,2560""",FLOAT16,ND,"""1,1,2048;1,1,256;1,1,256""",FLOAT16;FLOAT16;FLOAT16,ND;ND;ND,N/A,0.0,0,0.0,0.0,0.0,0.0,0.0,0.0,0.0,0.0,0.0,0.0,0.0,0.613,1103,0.008,0.013,0.111,0.181,0.119,0.194,0.142,0.232,0.263,0.000
0,6,2,202,6,Scatter_27,Scatter,static,AI_VECTOR_CORE,1786102259967982.780	,1.260,0.000000,2,0,NO,"""1,2,1024,128;1;1,2,1,128""",FLOAT16;INT64;FLOAT16,NCHW;NCHW;NCHW,"""1,2,1024,128""",FLOAT16,NCHW,N/A,0.0,0,0.0,0.0,0.0,0.0,0.0,0.0,0.0,0.0,0.0,0.0,0.0,0.704,2536,0.008,0.011,0.169,0.239,0.1,0.142,0.169,0.239,0.211,0.000
0,6,2,203,6,ApplyRotaryPosEmb_13,ApplyRotaryPosEmb,static,AI_VECTOR_CORE,1786102259967984.060	,2.960,0.000000,1,0,NO,"""1,1,16,128;1,1,2,128;1,1,1,128;1,1,1,128""",FLOAT16;FLOAT16;FLOAT16;FLOAT16,NCHW;NCHW;NCHW;NCHW,"""1,1,16,128;1,1,2,128""",FLOAT16;FLOAT16,NCHW;NCHW,N/A,0.0,0,0.0,0.0,0.0,0.0,0.0,0.0,0.0,0.0,0.0,0.0,0.0,2.428,4371,0.159,0.066,1.484,0.611,0.145,0.06,0.143,0.059,0.172,0.000
0,6,2,204,6,Scatter_26,Scatter,static,AI_VECTOR_CORE,1786102259967987.060	,1.200,0.040000,2,0,NO,"""1,2,1024,128;1;1,2,1,128""",FLOAT16;INT64;FLOAT16,NCHW;NCHW;NCHW,"""1,2,1024,128""",FLOAT16,NCHW,N/A,0.0,0,0.0,0.0,0.0,0.0,0.0,0.0,0.0,0.0,0.0,0.0,0.0,0.586,2111,0.008,0.013,0.128,0.219,0.115,0.197,0.301,0.514,0.0,0.000
0,6,2,205,6,IncreFlashAttention_13,IncreFlashAttention,static,MIX_AIC,1786102259967989.320	,16.860,1.050000,2,4,NO,"""1,16,1,128;1,2,1024,128;1,2,1024,128;1,1,1,1024""",FLOAT16;FLOAT16;FLOAT16;BOOL,NCHW;NCHW;NCHW;NCHW,"""1,16,1,128""",FLOAT16,NCHW,0,16.163,58188,1.076,0.067,12.732,0.788,2.697,0.167,6.793,0.42,2.937,0.182,0.01,9.047,65141,0.72,0.08,1.766,0.195,0.193,0.021,0.449,0.05,0.099,7.989
0,6,2,206,6,MatMul_66,MatMul,static,AI_CORE,1786102259968006.940	,4.460,0.890000,22,0,NO,"""1,2048;128,64,16,16""",FLOAT16;FLOAT16,ND;FRACTAL_NZ,"""1,1024""",FLOAT16,ND,N/A,3.439,136177,0.489,0.142,0.472,0.137,1.114,0.324,2.685,0.781,2.255,0.656,0.0,0.0,0,0.0,0.0,0.0,0.0,0.0,0.0,0.0,0.0,0.0,70.678
0,6,2,207,6,InplaceAddRmsNorm_26,InplaceAddRmsNorm,static,AI_VECTOR_CORE,1786102259968011.420	,1.720,0.040000,1,0,NO,"""1,1,1024;1,1,1024;1024""",FLOAT16;FLOAT16;FLOAT16,ND;ND;ND,"""1,1,1024;1,1,1;1,1,1024""",FLOAT16;FLOAT;FLOAT16,ND;ND;ND,N/A,0.0,0,0.0,0.0,0.0,0.0,0.0,0.0,0.0,0.0,0.0,0.0,0.0,1.204,2168,0.282,0.234,0.569,0.473,0.391,0.324,0.384,0.319,0.214,0.000
0,6,2,208,6,MatMul_67,MatMul,static,AI_CORE,1786102259968013.180	,6.300,0.030000,24,0,NO,"""1,1024;64,192,16,16""",FLOAT16;FLOAT16,ND;FRACTAL_NZ,"""1,3072""",FLOAT16,ND,N/A,5.23,225948,0.538,0.103,1.006,0.192,1.285,0.246,3.768,0.72,2.439,0.466,0.016,0.0,0,0.0,0.0,0.0,0.0,0.0,0.0,0.0,0.0,0.0,83.020
0,6,2,209,6,MatMul_68,MatMul,static,AI_CORE,1786102259968019.520	,5.540,0.000000,24,0,NO,"""1,1024;64,192,16,16""",FLOAT16;FLOAT16,ND;FRACTAL_NZ,"""1,3072""",FLOAT16,ND,N/A,4.52,195244,0.538,0.119,0.5,0.111,1.284,0.284,3.564,0.788,2.691,0.595,0.0,0.0,0,0.0,0.0,0.0,0.0,0.0,0.0,0.0,0.0,0.0,81.580
0,6,2,210,6,Swish_13Mul_16,AutomaticBufferFusionOp,static,AI_VECTOR_CORE,1786102259968025.080	,1.580,0.000000,3,0,NO,"""1,1,3072;1,1,3072""",FLOAT16;FLOAT16,ND;ND,"""1,1,3072""",FLOAT16,ND,N/A,0.0,0,0.0,0.0,0.0,0.0,0.0,0.0,0.0,0.0,0.0,0.0,0.0,0.804,4340,0.163,0.203,0.142,0.176,0.144,0.179,0.126,0.157,0.185,0.000
0,6,2,211,6,MatMul_69,MatMul,static,AI_CORE,1786102259968026.680	,5.780,0.170000,22,0,NO,"""1,3072;192,64,16,16""",FLOAT16;FLOAT16,ND;FRACTAL_NZ,"""1,1024""",FLOAT16,ND,N/A,4.541,179804,0.733,0.161,0.491,0.108,1.689,0.372,3.852,0.848,2.185,0.481,0.011,0.0,0,0.0,0.0,0.0,0.0,0.0,0.0,0.0,0.0,0.0,72.009
0,6,2,212,6,InplaceAddRmsNorm_27,InplaceAddRmsNorm,static,AI_VECTOR_CORE,1786102259968032.500	,1.680,0.000000,1,0,NO,"""1,1,1024;1,1,1024;1024""",FLOAT16;FLOAT16;FLOAT16,ND;ND;ND,"""1,1,1024;1,1,1;1,1,1024""",FLOAT16;FLOAT;FLOAT16,ND;ND;ND,N/A,0.0,0,0.0,0.0,0.0,0.0,0.0,0.0,0.0,0.0,0.0,0.0,0.0,1.146,2062,0.282,0.246,0.522,0.456,0.372,0.325,0.364,0.318,0.215,0.000
0,6,2,213,6,MatMul_70,MatMul,static,AI_CORE,1786102259968034.220	,5.840,0.070000,23,0,NO,"""1,1024;64,160,16,16""",FLOAT16;FLOAT16,ND;FRACTAL_NZ,"""1,2560""",FLOAT16,ND,N/A,4.657,192803,0.527,0.113,0.96,0.206,1.134,0.244,3.149,0.676,2.081,0.447,0.027,0.0,0,0.0,0.0,0.0,0.0,0.0,0.0,0.0,0.0,0.0,76.422
0,6,2,214,6,SplitV_16,SplitVD,static,AI_VECTOR_CORE,1786102259968040.100	,1.100,0.000000,1,0,NO,"""1,1,2560""",FLOAT16,ND,"""1,1,2048;1,1,256;1,1,256""",FLOAT16;FLOAT16;FLOAT16,ND;ND;ND,N/A,0.0,0,0.0,0.0,0.0,0.0,0.0,0.0,0.0,0.0,0.0,0.0,0.0,0.539,971,0.008,0.014,0.098,0.182,0.133,0.246,0.158,0.294,0.263,0.000
0,6,2,215,6,Scatter_29,Scatter,static,AI_VECTOR_CORE,1786102259968041.220	,1.520,0.150000,2,0,NO,"""1,2,1024,128;1;1,2,1,128""",FLOAT16;INT64;FLOAT16,NCHW;NCHW;NCHW,"""1,2,1024,128""",FLOAT16,NCHW,N/A,0.0,0,0.0,0.0,0.0,0.0,0.0,0.0,0.0,0.0,0.0,0.0,0.0,0.707,2544,0.008,0.011,0.161,0.227,0.114,0.161,0.176,0.25,0.182,0.000
0,6,2,216,6,ApplyRotaryPosEmb_14,ApplyRotaryPosEmb,static,AI_VECTOR_CORE,1786102259968042.760	,2.380,0.000000,1,0,NO,"""1,1,16,128;1,1,2,128;1,1,1,128;1,1,1,128""",FLOAT16;FLOAT16;FLOAT16;FLOAT16,NCHW;NCHW;NCHW;NCHW,"""1,1,16,128;1,1,2,128""",FLOAT16;FLOAT16,NCHW;NCHW,N/A,0.0,0,0.0,0.0,0.0,0.0,0.0,0.0,0.0,0.0,0.0,0.0,0.0,1.799,3239,0.153,0.085,1.299,0.722,0.39,0.217,0.161,0.089,0.171,0.000
0,6,2,217,6,Scatter_28,Scatter,static,AI_VECTOR_CORE,1786102259968045.180	,1.080,0.120000,2,0,NO,"""1,2,1024,128;1;1,2,1,128""",FLOAT16;INT64;FLOAT16,NCHW;NCHW;NCHW,"""1,2,1024,128""",FLOAT16,NCHW,N/A,0.0,0,0.0,0.0,0.0,0.0,0.0,0.0,0.0,0.0,0.0,0.0,0.0,0.594,2137,0.008,0.013,0.141,0.238,0.116,0.195,0.296,0.498,0.0,0.000
0,6,2,218,6,IncreFlashAttention_14,IncreFlashAttention,static,MIX_AIC,1786102259968047.320	,17.060,0.920000,2,4,NO,"""1,16,1,128;1,2,1024,128;1,2,1024,128;1,1,1,1024""",FLOAT16;FLOAT16;FLOAT16;BOOL,NCHW;NCHW;NCHW;NCHW,"""1,16,1,128""",FLOAT16,NCHW,0,16.424,59128,1.076,0.065,12.773,0.778,2.7,0.164,7.304,0.445,3.064,0.187,0.01,8.998,64784,0.719,0.08,1.793,0.199,0.219,0.024,0.432,0.048,0.084,8.023
0,6,2,219,6,MatMul_71,MatMul,static,AI_CORE,1786102259968065.120	,4.400,0.690000,22,0,NO,"""1,2048;128,64,16,16""",FLOAT16;FLOAT16,ND;FRACTAL_NZ,"""1,1024""",FLOAT16,ND,N/A,3.232,128002,0.489,0.151,0.391,0.121,1.117,0.345,2.597,0.804,2.179,0.674,0.0,0.0,0,0.0,0.0,0.0,0.0,0.0,0.0,0.0,0.0,0.0,67.341
0,6,2,220,6,InplaceAddRmsNorm_28,InplaceAddRmsNorm,static,AI_VECTOR_CORE,1786102259968069.540	,1.680,0.100000,1,0,NO,"""1,1,1024;1,1,1024;1024""",FLOAT16;FLOAT16;FLOAT16,ND;ND;ND,"""1,1,1024;1,1,1;1,1,1024""",FLOAT16;FLOAT;FLOAT16,ND;ND;ND,N/A,0.0,0,0.0,0.0,0.0,0.0,0.0,0.0,0.0,0.0,0.0,0.0,0.0,1.137,2046,0.282,0.248,0.417,0.367,0.541,0.476,0.411,0.361,0.214,0.000
0,6,2,221,6,MatMul_72,MatMul,static,AI_CORE,1786102259968071.240	,6.360,0.070000,24,0,NO,"""1,1024;64,192,16,16""",FLOAT16;FLOAT16,ND;FRACTAL_NZ,"""1,3072""",FLOAT16,ND,N/A,5.08,219471,0.538,0.106,0.865,0.17,1.288,0.254,3.771,0.742,2.483,0.489,0.011,0.0,0,0.0,0.0,0.0,0.0,0.0,0.0,0.0,0.0,0.0,79.880
0,6,2,222,6,MatMul_73,MatMul,static,AI_CORE,1786102259968077.620	,5.440,0.000000,24,0,NO,"""1,1024;64,192,16,16""",FLOAT16;FLOAT16,ND;FRACTAL_NZ,"""1,3072""",FLOAT16,ND,N/A,4.316,186441,0.538,0.125,0.416,0.096,1.297,0.301,3.445,0.798,2.602,0.603,0.0,0.0,0,0.0,0.0,0.0,0.0,0.0,0.0,0.0,0.0,0.0,79.334
0,6,2,223,6,Swish_14Mul_17,AutomaticBufferFusionOp,static,AI_VECTOR_CORE,1786102259968083.080	,1.660,0.060000,3,0,NO,"""1,1,3072;1,1,3072""",FLOAT16;FLOAT16,ND;ND,"""1,1,3072""",FLOAT16,ND,N/A,0.0,0,0.0,0.0,0.0,0.0,0.0,0.0,0.0,0.0,0.0,0.0,0.0,0.914,4936,0.163,0.179,0.121,0.132,0.13,0.142,0.137,0.15,0.219,0.000
0,6,2,224,6,MatMul_74,MatMul,static,AI_CORE,1786102259968084.760	,5.480,0.090000,22,0,NO,"""1,3072;192,64,16,16""",FLOAT16;FLOAT16,ND;FRACTAL_NZ,"""1,1024""",FLOAT16,ND,N/A,4.467,176878,0.732,0.164,0.409,0.091,1.654,0.37,3.838,0.859,2.194,0.491,0.014,0.0,0,0.0,0.0,0.0,0.0,0.0,0.0,0.0,0.0,0.0,74.715
0,6,2,225,6,InplaceAddRmsNorm_29,InplaceAddRmsNorm,static,AI_VECTOR_CORE,1786102259968090.260	,1.780,0.020000,1,0,NO,"""1,1,1024;1,1,1024;1024""",FLOAT16;FLOAT16;FLOAT16,ND;ND;ND,"""1,1,1024;1,1,1;1,1,1024""",FLOAT16;FLOAT;FLOAT16,ND;ND;ND,N/A,0.0,0,0.0,0.0,0.0,0.0,0.0,0.0,0.0,0.0,0.0,0.0,0.0,1.235,2223,0.282,0.229,0.551,0.446,0.495,0.401,0.422,0.342,0.215,0.000
0,6,2,226,6,MatMul_75,MatMul,static,AI_CORE,1786102259968092.060	,4.820,0.000000,23,0,NO,"""1,1024;64,160,16,16""",FLOAT16;FLOAT16,ND;FRACTAL_NZ,"""1,2560""",FLOAT16,ND,N/A,3.858,159732,0.527,0.137,0.426,0.11,1.14,0.295,2.925,0.758,2.318,0.601,0.022,0.0,0,0.0,0.0,0.0,0.0,0.0,0.0,0.0,0.0,0.0,76.712
0,6,2,227,6,SplitV_17,SplitVD,static,AI_VECTOR_CORE,1786102259968096.900	,1.040,0.180000,1,0,NO,"""1,1,2560""",FLOAT16,ND,"""1,1,2048;1,1,256;1,1,256""",FLOAT16;FLOAT16;FLOAT16,ND;ND;ND,N/A,0.0,0,0.0,0.0,0.0,0.0,0.0,0.0,0.0,0.0,0.0,0.0,0.0,0.501,901,0.008,0.016,0.103,0.205,0.123,0.245,0.152,0.304,0.263,0.000
0,6,2,228,6,Scatter_31,Scatter,static,AI_VECTOR_CORE,1786102259968097.980	,1.340,0.000000,2,0,NO,"""1,2,1024,128;1;1,2,1,128""",FLOAT16;INT64;FLOAT16,NCHW;NCHW;NCHW,"""1,2,1024,128""",FLOAT16,NCHW,N/A,0.0,0,0.0,0.0,0.0,0.0,0.0,0.0,0.0,0.0,0.0,0.0,0.0,0.655,2359,0.008,0.012,0.13,0.199,0.153,0.234,0.1,0.153,0.182,0.000
0,6,2,229,6,ApplyRotaryPosEmb_15,ApplyRotaryPosEmb,static,AI_VECTOR_CORE,1786102259968099.340	,2.400,0.000000,1,0,NO,"""1,1,16,128;1,1,2,128;1,1,1,128;1,1,1,128""",FLOAT16;FLOAT16;FLOAT16;FLOAT16,NCHW;NCHW;NCHW;NCHW,"""1,1,16,128;1,1,2,128""",FLOAT16;FLOAT16,NCHW;NCHW,N/A,0.0,0,0.0,0.0,0.0,0.0,0.0,0.0,0.0,0.0,0.0,0.0,0.0,1.932,3477,0.153,0.079,1.441,0.746,0.153,0.079,0.151,0.078,0.178,0.000
0,6,2,230,6,Scatter_30,Scatter,static,AI_VECTOR_CORE,1786102259968101.760	,1.080,0.100000,2,0,NO,"""1,2,1024,128;1;1,2,1,128""",FLOAT16;INT64;FLOAT16,NCHW;NCHW;NCHW,"""1,2,1024,128""",FLOAT16,NCHW,N/A,0.0,0,0.0,0.0,0.0,0.0,0.0,0.0,0.0,0.0,0.0,0.0,0.0,0.489,1759,0.008,0.016,0.125,0.256,0.105,0.215,0.219,0.449,0.0,0.000
0,6,2,231,6,IncreFlashAttention_15,IncreFlashAttention,static,MIX_AIC,1786102259968103.820	,16.080,0.920000,2,4,NO,"""1,16,1,128;1,2,1024,128;1,2,1024,128;1,1,1,1024""",FLOAT16;FLOAT16;FLOAT16;BOOL,NCHW;NCHW;NCHW;NCHW,"""1,16,1,128""",FLOAT16,NCHW,0,15.595,56142,1.076,0.069,12.264,0.786,2.697,0.173,6.684,0.429,2.806,0.18,0.009,8.659,62343,0.72,0.083,1.654,0.191,0.192,0.022,0.424,0.049,0.084,8.082
0,6,2,232,6,MatMul_76,MatMul,static,AI_CORE,1786102259968120.900	,4.340,1.170000,22,0,NO,"""1,2048;128,64,16,16""",FLOAT16;FLOAT16,ND;FRACTAL_NZ,"""1,1024""",FLOAT16,ND,N/A,3.216,127337,0.487,0.151,0.403,0.125,1.112,0.346,2.57,0.799,2.13,0.662,0.0,0.0,0,0.0,0.0,0.0,0.0,0.0,0.0,0.0,0.0,0.0,67.917
0,6,2,233,6,InplaceAddRmsNorm_30,InplaceAddRmsNorm,static,AI_VECTOR_CORE,1786102259968125.260	,1.520,0.000000,1,0,NO,"""1,1,1024;1,1,1024;1024""",FLOAT16;FLOAT16;FLOAT16,ND;ND;ND,"""1,1,1024;1,1,1;1,1,1024""",FLOAT16;FLOAT;FLOAT16,ND;ND;ND,N/A,0.0,0,0.0,0.0,0.0,0.0,0.0,0.0,0.0,0.0,0.0,0.0,0.0,1.028,1850,0.282,0.275,0.438,0.426,0.375,0.365,0.366,0.356,0.214,0.000
0,6,2,234,6,MatMul_77,MatMul,static,AI_CORE,1786102259968126.800	,5.440,0.000000,24,0,NO,"""1,1024;64,192,16,16""",FLOAT16;FLOAT16,ND;FRACTAL_NZ,"""1,3072""",FLOAT16,ND,N/A,4.311,186247,0.538,0.125,0.442,0.103,1.286,0.298,3.417,0.793,2.6,0.603,0.011,0.0,0,0.0,0.0,0.0,0.0,0.0,0.0,0.0,0.0,0.0,79.251
0,6,2,235,6,MatMul_78,MatMul,static,AI_CORE,1786102259968132.260	,5.400,0.060000,24,0,NO,"""1,1024;64,192,16,16""",FLOAT16;FLOAT16,ND;FRACTAL_NZ,"""1,3072""",FLOAT16,ND,N/A,4.317,186481,0.538,0.125,0.448,0.104,1.287,0.298,3.428,0.794,2.625,0.608,0.0,0.0,0,0.0,0.0,0.0,0.0,0.0,0.0,0.0,0.0,0.0,79.939
0,6,2,236,6,Swish_15Mul_18,AutomaticBufferFusionOp,static,AI_VECTOR_CORE,1786102259968137.680	,1.520,0.100000,3,0,NO,"""1,1,3072;1,1,3072""",FLOAT16;FLOAT16,ND;ND,"""1,1,3072""",FLOAT16,ND,N/A,0.0,0,0.0,0.0,0.0,0.0,0.0,0.0,0.0,0.0,0.0,0.0,0.0,0.84,4534,0.163,0.194,0.16,0.191,0.128,0.152,0.133,0.158,0.167,0.000
0,6,2,237,6,MatMul_79,MatMul,static,AI_CORE,1786102259968139.220	,6.140,0.000000,22,0,NO,"""1,3072;192,64,16,16""",FLOAT16;FLOAT16,ND;FRACTAL_NZ,"""1,1024""",FLOAT16,ND,N/A,4.48,177418,0.731,0.163,0.652,0.145,1.667,0.372,3.848,0.859,2.173,0.485,0.014,0.0,0,0.0,0.0,0.0,0.0,0.0,0.0,0.0,0.0,0.0,66.888
0,6,2,238,6,InplaceAddRmsNorm_31,InplaceAddRmsNorm,static,AI_VECTOR_CORE,1786102259968145.400	,1.720,0.110000,1,0,NO,"""1,1,1024;1,1,1024;1024""",FLOAT16;FLOAT16;FLOAT16,ND;ND;ND,"""1,1,1024;1,1,1;1,1,1024""",FLOAT16;FLOAT;FLOAT16,ND;ND;ND,N/A,0.0,0,0.0,0.0,0.0,0.0,0.0,0.0,0.0,0.0,0.0,0.0,0.0,1.228,2211,0.282,0.23,0.607,0.494,0.391,0.318,0.386,0.314,0.215,0.000
0,6,2,239,6,MatMul_80,MatMul,static,AI_CORE,1786102259968147.140	,5.560,0.030000,23,0,NO,"""1,1024;64,160,16,16""",FLOAT16;FLOAT16,ND;FRACTAL_NZ,"""1,2560""",FLOAT16,ND,N/A,4.024,166596,0.527,0.131,0.418,0.104,1.136,0.282,3.044,0.756,2.394,0.595,0.025,0.0,0,0.0,0.0,0.0,0.0,0.0,0.0,0.0,0.0,0.0,69.360
0,6,2,240,6,SplitV_18,SplitVD,static,AI_VECTOR_CORE,1786102259968152.720	,1.060,0.000000,1,0,NO,"""1,1,2560""",FLOAT16,ND,"""1,1,2048;1,1,256;1,1,256""",FLOAT16;FLOAT16;FLOAT16,ND;ND;ND,N/A,0.0,0,0.0,0.0,0.0,0.0,0.0,0.0,0.0,0.0,0.0,0.0,0.0,0.536,965,0.008,0.015,0.127,0.237,0.121,0.225,0.147,0.274,0.263,0.000
0,6,2,241,6,Scatter_33,Scatter,static,AI_VECTOR_CORE,1786102259968153.800	,1.380,0.000000,2,0,NO,"""1,2,1024,128;1;1,2,1,128""",FLOAT16;INT64;FLOAT16,NCHW;NCHW;NCHW,"""1,2,1024,128""",FLOAT16,NCHW,N/A,0.0,0,0.0,0.0,0.0,0.0,0.0,0.0,0.0,0.0,0.0,0.0,0.0,0.66,2375,0.008,0.012,0.142,0.216,0.108,0.163,0.188,0.284,0.196,0.000
0,6,2,242,6,ApplyRotaryPosEmb_16,ApplyRotaryPosEmb,static,AI_VECTOR_CORE,1786102259968155.220	,2.360,0.120000,1,0,NO,"""1,1,16,128;1,1,2,128;1,1,1,128;1,1,1,128""",FLOAT16;FLOAT16;FLOAT16;FLOAT16,NCHW;NCHW;NCHW;NCHW,"""1,1,16,128;1,1,2,128""",FLOAT16;FLOAT16,NCHW;NCHW,N/A,0.0,0,0.0,0.0,0.0,0.0,0.0,0.0,0.0,0.0,0.0,0.0,0.0,1.834,3302,0.157,0.086,1.359,0.741,0.148,0.081,0.142,0.077,0.171,0.000
0,6,2,243,6,Scatter_32,Scatter,static,AI_VECTOR_CORE,1786102259968157.600	,1.120,0.000000,2,0,NO,"""1,2,1024,128;1;1,2,1,128""",FLOAT16;INT64;FLOAT16,NCHW;NCHW;NCHW,"""1,2,1024,128""",FLOAT16,NCHW,N/A,0.0,0,0.0,0.0,0.0,0.0,0.0,0.0,0.0,0.0,0.0,0.0,0.0,0.548,1973,0.008,0.014,0.183,0.334,0.121,0.22,0.243,0.442,0.0,0.000
0,6,2,244,6,IncreFlashAttention_16,IncreFlashAttention,static,MIX_AIC,1786102259968159.640	,16.700,1.130000,2,4,NO,"""1,16,1,128;1,2,1024,128;1,2,1024,128;1,1,1,1024""",FLOAT16;FLOAT16;FLOAT16;BOOL,NCHW;NCHW;NCHW;NCHW,"""1,16,1,128""",FLOAT16,NCHW,0,16.238,58455,1.076,0.066,12.651,0.779,2.704,0.167,7.237,0.446,2.961,0.182,0.007,8.856,63762,0.72,0.081,1.811,0.204,0.183,0.021,0.454,0.051,0.021,8.103
0,6,2,245,6,MatMul_81,MatMul,static,AI_CORE,1786102259968177.280	,5.360,0.800000,22,0,NO,"""1,2048;128,64,16,16""",FLOAT16;FLOAT16,ND;FRACTAL_NZ,"""1,1024""",FLOAT16,ND,N/A,3.742,148184,0.488,0.13,1.057,0.282,1.105,0.295,2.5,0.668,2.072,0.554,0.0,0.0,0,0.0,0.0,0.0,0.0,0.0,0.0,0.0,0.0,0.0,63.996
0,6,2,246,6,InplaceAddRmsNorm_32,InplaceAddRmsNorm,static,AI_VECTOR_CORE,1786102259968182.660	,1.620,0.140000,1,0,NO,"""1,1,1024;1,1,1024;1024""",FLOAT16;FLOAT16;FLOAT16,ND;ND;ND,"""1,1,1024;1,1,1;1,1,1024""",FLOAT16;FLOAT;FLOAT16,ND;ND;ND,N/A,0.0,0,0.0,0.0,0.0,0.0,0.0,0.0,0.0,0.0,0.0,0.0,0.0,1.121,2018,0.282,0.252,0.474,0.423,0.407,0.363,0.395,0.352,0.058,0.000
0,6,2,247,6,MatMul_82,MatMul,static,AI_CORE,1786102259968184.320	,5.400,0.000000,24,0,NO,"""1,1024;64,192,16,16""",FLOAT16;FLOAT16,ND;FRACTAL_NZ,"""1,3072""",FLOAT16,ND,N/A,4.469,193055,0.538,0.12,0.465,0.104,1.286,0.288,3.541,0.792,2.642,0.591,0.01,0.0,0,0.0,0.0,0.0,0.0,0.0,0.0,0.0,0.0,0.0,82.757
0,6,2,248,6,MatMul_83,MatMul,static,AI_CORE,1786102259968189.740	,5.660,0.100000,24,0,NO,"""1,1024;64,192,16,16""",FLOAT16;FLOAT16,ND;FRACTAL_NZ,"""1,3072""",FLOAT16,ND,N/A,4.418,190879,0.538,0.122,0.432,0.098,1.286,0.291,3.533,0.8,2.639,0.597,0.0,0.0,0,0.0,0.0,0.0,0.0,0.0,0.0,0.0,0.0,0.0,78.065
0,6,2,249,6,Swish_16Mul_19,AutomaticBufferFusionOp,static,AI_VECTOR_CORE,1786102259968195.420	,1.560,0.090000,3,0,NO,"""1,1,3072;1,1,3072""",FLOAT16;FLOAT16,ND;ND,"""1,1,3072""",FLOAT16,ND,N/A,0.0,0,0.0,0.0,0.0,0.0,0.0,0.0,0.0,0.0,0.0,0.0,0.0,0.839,4528,0.163,0.195,0.156,0.186,0.134,0.16,0.14,0.167,0.167,0.000
0,6,2,250,6,MatMul_84,MatMul,static,AI_CORE,1786102259968197.000	,7.020,0.000000,22,0,NO,"""1,3072;192,64,16,16""",FLOAT16;FLOAT16,ND;FRACTAL_NZ,"""1,1024""",FLOAT16,ND,N/A,5.292,209547,0.73,0.138,0.85,0.161,1.656,0.313,4.281,0.809,2.411,0.456,0.017,0.0,0,0.0,0.0,0.0,0.0,0.0,0.0,0.0,0.0,0.0,69.097
0,6,2,251,6,InplaceAddRmsNorm_33,InplaceAddRmsNorm,static,AI_VECTOR_CORE,1786102259968204.040	,1.800,0.000000,1,0,NO,"""1,1,1024;1,1,1024;1024""",FLOAT16;FLOAT16;FLOAT16,ND;ND;ND,"""1,1,1024;1,1,1;1,1,1024""",FLOAT16;FLOAT;FLOAT16,ND;ND;ND,N/A,0.0,0,0.0,0.0,0.0,0.0,0.0,0.0,0.0,0.0,0.0,0.0,0.0,1.252,2254,0.282,0.225,0.622,0.496,0.368,0.294,0.37,0.295,0.064,0.000
0,6,2,252,6,MatMul_85,MatMul,static,AI_CORE,1786102259968205.860	,5.020,0.000000,23,0,NO,"""1,1024;64,160,16,16""",FLOAT16;FLOAT16,ND;FRACTAL_NZ,"""1,2560""",FLOAT16,ND,N/A,3.93,162695,0.527,0.134,0.428,0.109,1.137,0.289,2.981,0.759,2.328,0.592,0.019,0.0,0,0.0,0.0,0.0,0.0,0.0,0.0,0.0,0.0,0.0,75.022
0,6,2,253,6,SplitV_19,SplitVD,static,AI_VECTOR_CORE,1786102259968210.900	,1.120,0.230000,1,0,NO,"""1,1,2560""",FLOAT16,ND,"""1,1,2048;1,1,256;1,1,256""",FLOAT16;FLOAT16;FLOAT16,ND;ND;ND,N/A,0.0,0,0.0,0.0,0.0,0.0,0.0,0.0,0.0,0.0,0.0,0.0,0.0,0.564,1016,0.008,0.014,0.165,0.292,0.131,0.232,0.144,0.256,0.263,0.000
0,6,2,254,6,Scatter_35,Scatter,static,AI_VECTOR_CORE,1786102259968212.040	,1.300,0.000000,2,0,NO,"""1,2,1024,128;1;1,2,1,128""",FLOAT16;INT64;FLOAT16,NCHW;NCHW;NCHW,"""1,2,1024,128""",FLOAT16,NCHW,N/A,0.0,0,0.0,0.0,0.0,0.0,0.0,0.0,0.0,0.0,0.0,0.0,0.0,0.599,2158,0.008,0.013,0.132,0.22,0.116,0.194,0.095,0.159,0.182,0.000
0,6,2,255,6,ApplyRotaryPosEmb_17,ApplyRotaryPosEmb,static,AI_VECTOR_CORE,1786102259968213.360	,1.880,0.000000,1,0,NO,"""1,1,16,128;1,1,2,128;1,1,1,128;1,1,1,128""",FLOAT16;FLOAT16;FLOAT16;FLOAT16,NCHW;NCHW;NCHW;NCHW,"""1,1,16,128;1,1,2,128""",FLOAT16;FLOAT16,NCHW;NCHW,N/A,0.0,0,0.0,0.0,0.0,0.0,0.0,0.0,0.0,0.0,0.0,0.0,0.0,1.293,2327,0.153,0.118,0.99,0.766,0.134,0.104,0.149,0.116,0.019,0.000
0,6,2,256,6,Scatter_34,Scatter,static,AI_VECTOR_CORE,1786102259968215.260	,1.200,0.120000,2,0,NO,"""1,2,1024,128;1;1,2,1,128""",FLOAT16;INT64;FLOAT16,NCHW;NCHW;NCHW,"""1,2,1024,128""",FLOAT16,NCHW,N/A,0.0,0,0.0,0.0,0.0,0.0,0.0,0.0,0.0,0.0,0.0,0.0,0.0,0.531,1913,0.008,0.015,0.197,0.371,0.122,0.229,0.17,0.319,0.0,0.000
0,6,2,257,6,IncreFlashAttention_17,IncreFlashAttention,static,MIX_AIC,1786102259968217.800	,17.100,1.300000,2,4,NO,"""1,16,1,128;1,2,1024,128;1,2,1024,128;1,1,1,1024""",FLOAT16;FLOAT16;FLOAT16;BOOL,NCHW;NCHW;NCHW;NCHW,"""1,16,1,128""",FLOAT16,NCHW,0,16.52,59473,1.076,0.065,12.723,0.77,2.698,0.163,7.331,0.444,2.888,0.175,0.007,9.088,65437,0.72,0.079,1.749,0.192,0.195,0.021,0.473,0.052,0.024,8.051
0,6,2,258,6,MatMul_86,MatMul,static,AI_CORE,1786102259968236.060	,5.420,1.150000,22,0,NO,"""1,2048;128,64,16,16""",FLOAT16;FLOAT16,ND;FRACTAL_NZ,"""1,1024""",FLOAT16,ND,N/A,4.259,168653,0.488,0.115,0.945,0.222,1.087,0.255,3.032,0.712,2.128,0.5,0.0,0.0,0,0.0,0.0,0.0,0.0,0.0,0.0,0.0,0.0,0.0,72.030
0,6,2,259,6,InplaceAddRmsNorm_34,InplaceAddRmsNorm,static,AI_VECTOR_CORE,1786102259968241.500	,1.580,0.080000,1,0,NO,"""1,1,1024;1,1,1024;1024""",FLOAT16;FLOAT16;FLOAT16,ND;ND;ND,"""1,1,1024;1,1,1;1,1,1024""",FLOAT16;FLOAT;FLOAT16,ND;ND;ND,N/A,0.0,0,0.0,0.0,0.0,0.0,0.0,0.0,0.0,0.0,0.0,0.0,0.0,1.113,2004,0.282,0.253,0.512,0.46,0.404,0.363,0.379,0.341,0.035,0.000
0,6,2,260,6,MatMul_87,MatMul,static,AI_CORE,1786102259968243.120	,5.560,0.000000,24,0,NO,"""1,1024;64,192,16,16""",FLOAT16;FLOAT16,ND;FRACTAL_NZ,"""1,3072""",FLOAT16,ND,N/A,4.427,191229,0.538,0.121,0.499,0.113,1.285,0.29,3.463,0.782,2.623,0.593,0.008,0.0,0,0.0,0.0,0.0,0.0,0.0,0.0,0.0,0.0,0.0,79.615
0,6,2,261,6,MatMul_88,MatMul,static,AI_CORE,1786102259968248.700	,5.440,0.190000,24,0,NO,"""1,1024;64,192,16,16""",FLOAT16;FLOAT16,ND;FRACTAL_NZ,"""1,3072""",FLOAT16,ND,N/A,4.36,188360,0.538,0.123,0.502,0.115,1.285,0.295,3.408,0.782,2.648,0.607,0.0,0.0,0,0.0,0.0,0.0,0.0,0.0,0.0,0.0,0.0,0.0,80.150
0,6,2,262,6,Swish_17Mul_20,AutomaticBufferFusionOp,static,AI_VECTOR_CORE,1786102259968254.180	,1.540,0.060000,3,0,NO,"""1,1,3072;1,1,3072""",FLOAT16;FLOAT16,ND;ND,"""1,1,3072""",FLOAT16,ND,N/A,0.0,0,0.0,0.0,0.0,0.0,0.0,0.0,0.0,0.0,0.0,0.0,0.0,0.824,4448,0.163,0.198,0.129,0.156,0.136,0.165,0.123,0.149,0.185,0.000
0,6,2,263,6,MatMul_89,MatMul,static,AI_CORE,1786102259968255.740	,5.580,0.000000,22,0,NO,"""1,3072;192,64,16,16""",FLOAT16;FLOAT16,ND;FRACTAL_NZ,"""1,1024""",FLOAT16,ND,N/A,4.485,177608,0.733,0.163,0.484,0.108,1.681,0.375,3.816,0.851,2.173,0.485,0.017,0.0,0,0.0,0.0,0.0,0.0,0.0,0.0,0.0,0.0,0.0,73.679
0,6,2,264,6,InplaceAddRmsNorm_35,InplaceAddRmsNorm,static,AI_VECTOR_CORE,1786102259968261.340	,2.000,0.000000,1,0,NO,"""1,1,1024;1,1,1024;1024""",FLOAT16;FLOAT16;FLOAT16,ND;ND;ND,"""1,1,1024;1,1,1;1,1,1024""",FLOAT16;FLOAT;FLOAT16,ND;ND;ND,N/A,0.0,0,0.0,0.0,0.0,0.0,0.0,0.0,0.0,0.0,0.0,0.0,0.0,1.471,2647,0.282,0.192,0.581,0.395,0.379,0.258,0.373,0.254,0.215,0.000
0,6,2,265,6,MatMul_90,MatMul,static,AI_CORE,1786102259968263.380	,154.920,0.250000,24,0,NO,"""1,1024;64,6464,16,16""",FLOAT16;FLOAT16,ND;FRACTAL_NZ,"""1,103424""",FLOAT16,ND,N/A,143.925,6217564,18.104,0.126,3.274,0.023,44.136,0.307,140.361,0.975,40.784,0.283,0.02,0.0,0,0.0,0.0,0.0,0.0,0.0,0.0,0.0,0.0,0.0,92.903
0,6,4294967295,1037,3,aclnnInplaceCopy_CastAiCore_Cast,Cast,dynamic,AI_VECTOR_CORE,1786102259968437.180	,8.220,18.830000,48,0,NO,"""1,103424""",FLOAT16,ND,"""1,103424""",FLOAT,ND,N/A,0.0,0,0.0,0.0,0.0,0.0,0.0,0.0,0.0,0.0,0.0,0.0,0.0,5.017,433456,0.041,0.008,0.168,0.034,0.705,0.141,0.485,0.097,0.224,0.000
0,6,4294967295,1038,3,aclnnArgMax_ArgMaxV2AiCore_ArgMaxV2,ArgMaxV2,dynamic,AI_VECTOR_CORE,1786102259968445.420	,13.800,0.030000,1,0,NO,"""1,103424;""",FLOAT;INT64,ND;ND,"""1,1""",INT32,ND,N/A,0.0,0,0.0,0.0,0.0,0.0,0.0,0.0,0.0,0.0,0.0,0.0,0.0,13.258,23864,7.387,0.557,1.791,0.135,3.539,0.267,0.27,0.02,0.061,0.000
0,6,4294967295,1039,3,aclnnArgMax_CastAiCore_Cast,Cast,dynamic,AI_VECTOR_CORE,1786102259968459.240	,1.300,0.000000,1,0,NO,"""1,1""",INT32,ND,"""1,1""",INT64,ND,N/A,0.0,0,0.0,0.0,0.0,0.0,0.0,0.0,0.0,0.0,0.0,0.0,0.0,0.777,1398,0.026,0.034,0.27,0.348,0.106,0.136,0.103,0.133,0.2,0.000
0,6,4294967295,1041,3,aclnnInplaceFillScalar_FillAiCore_Fill,Fill,dynamic,AI_VECTOR_CORE,1786102259968588.860	,1.780,128.200000,1,0,NO,"""2;""",INT64;INT64,ND;ND,"""1,1""",INT64,ND,N/A,0.0,0,0.0,0.0,0.0,0.0,0.0,0.0,0.0,0.0,0.0,0.0,0.0,1.247,2245,0.049,0.039,0.376,0.302,0.264,0.212,0.291,0.233,0.167,0.000
0,6,4294967295,1042,3,aclnnSWhere_SelectV2AiCore_SelectV2,SelectV2,dynamic,AI_VECTOR_CORE,1786102259968668.300	,2.160,77.720000,1,0,NO,"""1,1;1,1;1,1""",BOOL;INT64;INT64,ND;ND;ND,"""1,1""",INT64,ND,N/A,0.0,0,0.0,0.0,0.0,0.0,0.0,0.0,0.0,0.0,0.0,0.0,0.0,1.628,2931,0.198,0.122,0.495,0.304,0.414,0.255,0.093,0.057,0.182,0.000
0,6,4294967295,1043,3,aclnnAdds_AddAiCore_Add,Add,dynamic,AI_VECTOR_CORE,1786102259968793.820	,3.400,123.340000,1,0,NO,"""1;""",INT64;INT64,ND;ND,"""1""",INT64,ND,N/A,0.0,0,0.0,0.0,0.0,0.0,0.0,0.0,0.0,0.0,0.0,0.0,0.0,2.847,5125,0.293,0.103,0.571,0.201,0.618,0.217,0.111,0.039,0.232,0.000
0,6,4294967295,1044,3,aclnnInplaceZero_ZerosLikeAiCore_ZerosLike,ZerosLike,dynamic,AI_VECTOR_CORE,1786102259968909.140	,1.980,112.100000,1,0,NO,"""1""",INT64,ND,"""1""",INT64,ND,N/A,0.0,0,0.0,0.0,0.0,0.0,0.0,0.0,0.0,0.0,0.0,0.0,0.0,1.414,2545,0.063,0.045,0.303,0.214,0.001,0.001,0.123,0.087,0.297,0.000
0,6,4294967295,1045,3,aclnnSWhere_SelectV2AiCore_SelectV2,SelectV2,dynamic,AI_VECTOR_CORE,1786102259968989.140	,1.980,78.020000,1,0,NO,"""1;1;1""",BOOL;INT64;INT64,ND;ND;ND,"""1""",INT64,ND,N/A,0.0,0,0.0,0.0,0.0,0.0,0.0,0.0,0.0,0.0,0.0,0.0,0.0,1.537,2766,0.2,0.13,0.46,0.299,0.536,0.349,0.092,0.06,0.193,0.000
0,6,2,1048,3,UpdateModelParam_static_bin,Data,dynamic,AI_VECTOR_CORE,1786102259970166.140	,5.660,1175.020000,1,0,NO,N/A,N/A,N/A,N/A,N/A,N/A,N/A,0.0,0,0.0,0.0,0.0,0.0,0.0,0.0,0.0,0.0,0.0,0.0,0.0,5.198,9356,0.983,0.189,2.579,0.496,0.782,0.15,0.179,0.035,0.157,0.000
0,6,2,0,6,Range,Range,static,AI_VECTOR_CORE,1786102259970196.160	,11.360,24.340000,48,0,NO,""";;""",INT32;FLOAT;INT32,NCHW;NCHW;NCHW,"""1024""",FLOAT,NCHW,N/A,0.0,0,0.0,0.0,0.0,0.0,0.0,0.0,0.0,0.0,0.0,0.0,0.0,9.163,791718,0.07,0.008,4.247,0.463,0.001,0.0,1.057,0.115,0.222,0.000
0,6,2,1,6,Cast,Cast,static,AI_VECTOR_CORE,1786102259970207.540	,1.280,0.000000,2,0,NO,"""1024""",FLOAT,NCHW,"""1024""",INT64,NCHW,N/A,0.0,0,0.0,0.0,0.0,0.0,0.0,0.0,0.0,0.0,0.0,0.0,0.0,0.776,2792,0.031,0.04,0.102,0.131,0.111,0.143,0.256,0.33,0.261,0.000
0,6,2,2,6,GatherV2,GatherV2,static,AI_VECTOR_CORE,1786102259970208.840	,7.760,0.000000,47,0,NO,"""103424,1024;1,1;1""",FLOAT16;INT64;INT64,ND;ND;ND,"""1,1,1024""",FLOAT16,ND,N/A,0.0,0,0.0,0.0,0.0,0.0,0.0,0.0,0.0,0.0,0.0,0.0,0.0,4.292,363142,0.049,0.011,0.158,0.037,0.883,0.206,0.315,0.073,0.178,0.000
0,6,2,3,6,RmsNorm,RmsNorm,static,AI_VECTOR_CORE,1786102259970216.620	,6.040,0.000000,1,0,NO,"""1,1,1024;1024""",FLOAT16;FLOAT16,ND;ND,"""1,1,1024;1,1,1""",FLOAT16;FLOAT,ND;ND,N/A,0.0,0,0.0,0.0,0.0,0.0,0.0,0.0,0.0,0.0,0.0,0.0,0.0,5.561,10010,0.797,0.143,2.648,0.476,0.348,0.063,0.256,0.046,0.186,0.000
0,6,2,4,6,MatMul,MatMul,static,AI_CORE,1786102259970222.700	,9.280,0.210000,23,0,NO,"""1,1024;64,160,16,16""",FLOAT16;FLOAT16,ND;FRACTAL_NZ,"""1,2560""",FLOAT16,ND,N/A,6.623,274199,0.527,0.08,0.361,0.055,1.141,0.172,4.097,0.619,2.799,0.423,0.247,0.0,0,0.0,0.0,0.0,0.0,0.0,0.0,0.0,0.0,0.0,68.397
0,6,2,5,6,SplitV_2,SplitVD,static,AI_VECTOR_CORE,1786102259970232.000	,1.320,0.000000,1,0,NO,"""1,1,2560""",FLOAT16,ND,"""1,1,2048;1,1,256;1,1,256""",FLOAT16;FLOAT16;FLOAT16,ND;ND;ND,N/A,0.0,0,0.0,0.0,0.0,0.0,0.0,0.0,0.0,0.0,0.0,0.0,0.0,0.828,1490,0.008,0.009,0.147,0.177,0.121,0.146,0.334,0.403,0.263,0.000
0,6,2,6,6,Add,Add,static,AI_VECTOR_CORE,1786102259970233.360	,1.320,0.000000,1,0,NO,"""1,1;1,1""",INT64;INT64,NCHW;NCHW,"""1,1""",INT64,NCHW,N/A,0.0,0,0.0,0.0,0.0,0.0,0.0,0.0,0.0,0.0,0.0,0.0,0.0,0.845,1521,0.082,0.097,0.166,0.196,0.288,0.341,0.104,0.124,0.156,0.000
0,6,2,7,6,BroadcastTo,BroadcastTo,static,AI_VECTOR_CORE,1786102259970234.720	,1.200,0.180000,1,0,NO,"""1,1,1;3""",INT64;INT64,NCHW;NCHW,"""3,1,1""",INT64,NCHW,N/A,0.0,0,0.0,0.0,0.0,0.0,0.0,0.0,0.0,0.0,0.0,0.0,0.0,0.703,1266,0.082,0.116,0.173,0.246,0.089,0.127,0.113,0.161,0.167,0.000
0,6,2,8,6,Cast_1,Cast,static,AI_VECTOR_CORE,1786102259970235.940	,1.120,0.050000,1,0,NO,"""3,1,1,1""",INT64,NCHW,"""3,1,1,1""",FLOAT,NCHW,N/A,0.0,0,0.0,0.0,0.0,0.0,0.0,0.0,0.0,0.0,0.0,0.0,0.0,0.618,1112,0.058,0.094,0.123,0.199,0.099,0.161,0.104,0.169,0.185,0.000
0,6,2,9,6,Scatter_1,Scatter,static,AI_VECTOR_CORE,1786102259970237.080	,1.320,0.000000,2,0,NO,"""1,2,1024,128;1;1,2,1,128""",FLOAT16;INT64;FLOAT16,NCHW;NCHW;NCHW,"""1,2,1024,128""",FLOAT16,NCHW,N/A,0.0,0,0.0,0.0,0.0,0.0,0.0,0.0,0.0,0.0,0.0,0.0,0.0,0.781,2813,0.008,0.01,0.115,0.147,0.123,0.157,0.24,0.307,0.222,0.000
0,6,2,10,6,BroadcastTo_1,BroadcastTo,static,AI_VECTOR_CORE,1786102259970238.440	,1.160,0.180000,1,0,NO,"""1,1,64,1;4""",FLOAT;INT64,NCHW;NCHW,"""3,1,64,1""",FLOAT,NCHW,N/A,0.0,0,0.0,0.0,0.0,0.0,0.0,0.0,0.0,0.0,0.0,0.0,0.0,0.704,1268,0.018,0.025,0.137,0.194,0.21,0.298,0.119,0.17,0.238,0.000
0,6,2,11,6,Mul,Mul,static,AI_VECTOR_CORE,1786102259970239.640	,1.080,0.090000,1,0,NO,"""3,1,64,1;3,1,1,1""",FLOAT;FLOAT,NCHW;NCHW,"""3,1,64,1""",FLOAT,NCHW,N/A,0.0,0,0.0,0.0,0.0,0.0,0.0,0.0,0.0,0.0,0.0,0.0,0.0,0.623,1121,0.042,0.067,0.128,0.206,0.117,0.188,0.116,0.186,0.217,0.000
0,6,2,12,6,ConcatV2,ConcatV2D,static,AI_VECTOR_CORE,1786102259970240.760	,3.840,0.000000,1,0,NO,"""3,1,1,64;3,1,1,64""",FLOAT;FLOAT,NCHW;NCHW,"""3,1,1,128""",FLOAT,NCHW,N/A,0.0,0,0.0,0.0,0.0,0.0,0.0,0.0,0.0,0.0,0.0,0.0,0.0,3.359,6047,2.717,0.809,0.204,0.061,0.138,0.041,0.126,0.037,0.186,0.000
0,6,2,13,6,Cos,Cos,static,AI_VECTOR_CORE,1786102259970244.640	,1.800,0.160000,1,0,NO,"""3,1,1,128""",FLOAT,NCHW,"""3,1,1,128""",FLOAT,NCHW,N/A,0.0,0,0.0,0.0,0.0,0.0,0.0,0.0,0.0,0.0,0.0,0.0,0.0,1.319,2374,0.652,0.494,0.153,0.116,0.109,0.083,0.123,0.094,0.19,0.000
0,6,2,14,6,Mul_1Cast_5,Mul,static,AI_VECTOR_CORE,1786102259970246.460	,1.220,0.000000,1,0,NO,"""3,1,1,128;""",FLOAT;FLOAT,NCHW;NCHW,"""3,1,1,128""",FLOAT16,NCHW,N/A,0.0,0,0.0,0.0,0.0,0.0,0.0,0.0,0.0,0.0,0.0,0.0,0.0,0.715,1287,0.033,0.047,0.131,0.183,0.197,0.276,0.121,0.169,0.208,0.000
0,6,2,15,6,Sin,Sin,static,AI_VECTOR_CORE,1786102259970247.700	,1.780,0.030000,1,0,NO,"""3,1,1,128""",FLOAT,NCHW,"""3,1,1,128""",FLOAT,NCHW,N/A,0.0,0,0.0,0.0,0.0,0.0,0.0,0.0,0.0,0.0,0.0,0.0,0.0,1.272,2289,0.612,0.481,0.161,0.127,0.107,0.084,0.119,0.093,0.2,0.000
0,6,2,16,6,Mul_2Cast_6,Mul,static,AI_VECTOR_CORE,1786102259970249.500	,1.040,0.000000,1,0,NO,"""3,1,1,128;""",FLOAT;FLOAT,NCHW;NCHW,"""3,1,1,128""",FLOAT16,NCHW,N/A,0.0,0,0.0,0.0,0.0,0.0,0.0,0.0,0.0,0.0,0.0,0.0,0.0,0.533,959,0.033,0.063,0.13,0.244,0.111,0.208,0.125,0.235,0.208,0.000
0,6,2,17,6,SplitV,SplitVD,static,AI_VECTOR_CORE,1786102259970250.560	,3.980,0.000000,1,0,NO,"""3,1,1,128""",FLOAT16,NCHW,"""3,1,1,16;3,1,1,24;3,1,1,24;3,1,1,16;3,1,1,24;3,1,1,24""",FLOAT16;FLOAT16;FLOAT16;FLOAT16;FLOAT16;FLOAT16,NCHW;NCHW;NCHW;NCHW;NCHW;NCHW,N/A,0.0,0,0.0,0.0,0.0,0.0,0.0,0.0,0.0,0.0,0.0,0.0,0.0,3.414,6145,2.234,0.654,0.338,0.099,0.107,0.031,0.887,0.26,0.177,0.000
0,6,2,18,6,GatherV2_1,GatherV2,static,AI_VECTOR_CORE,1786102259970254.560	,1.340,0.020000,1,0,NO,"""3,1,1,16;;1""",FLOAT16;INT64;INT64,NCHW;NCHW;NCHW,"""1,1,16""",FLOAT16,NCHW,N/A,0.0,0,0.0,0.0,0.0,0.0,0.0,0.0,0.0,0.0,0.0,0.0,0.0,0.787,1417,0.057,0.072,0.163,0.207,0.21,0.267,0.112,0.143,0.182,0.000
0,6,2,19,6,GatherV2_4,GatherV2,static,AI_VECTOR_CORE,1786102259970255.940	,1.160,0.160000,1,0,NO,"""3,1,1,16;;1""",FLOAT16;INT64;INT64,NCHW;NCHW;NCHW,"""1,1,16""",FLOAT16,NCHW,N/A,0.0,0,0.0,0.0,0.0,0.0,0.0,0.0,0.0,0.0,0.0,0.0,0.0,0.617,1110,0.057,0.092,0.201,0.325,0.121,0.196,0.097,0.158,0.182,0.000
0,6,2,20,6,GatherV2_2,GatherV2,static,AI_VECTOR_CORE,1786102259970257.140	,2.020,0.090000,1,0,NO,"""3,1,1,24;;1""",FLOAT16;INT64;INT64,NCHW;NCHW;NCHW,"""1,1,24""",FLOAT16,NCHW,N/A,0.0,0,0.0,0.0,0.0,0.0,0.0,0.0,0.0,0.0,0.0,0.0,0.0,1.443,2598,0.418,0.289,0.308,0.213,0.303,0.21,0.112,0.077,0.195,0.000
0,6,2,21,6,GatherV2_3,GatherV2,static,AI_VECTOR_CORE,1786102259970259.180	,1.900,0.000000,1,0,NO,"""3,1,1,24;;1""",FLOAT16;INT64;INT64,NCHW;NCHW;NCHW,"""1,1,24""",FLOAT16,NCHW,N/A,0.0,0,0.0,0.0,0.0,0.0,0.0,0.0,0.0,0.0,0.0,0.0,0.0,1.321,2378,0.418,0.316,0.342,0.259,0.344,0.26,0.129,0.098,0.195,0.000
0,6,2,22,6,GatherV2_5,GatherV2,static,AI_VECTOR_CORE,1786102259970261.100	,1.700,0.000000,1,0,NO,"""3,1,1,24;;1""",FLOAT16;INT64;INT64,NCHW;NCHW;NCHW,"""1,1,24""",FLOAT16,NCHW,N/A,0.0,0,0.0,0.0,0.0,0.0,0.0,0.0,0.0,0.0,0.0,0.0,0.0,1.176,2116,0.418,0.355,0.307,0.261,0.232,0.198,0.097,0.082,0.195,0.000
0,6,2,23,6,GatherV2_6,GatherV2,static,AI_VECTOR_CORE,1786102259970262.820	,1.720,0.050000,1,0,NO,"""3,1,1,24;;1""",FLOAT16;INT64;INT64,NCHW;NCHW;NCHW,"""1,1,24""",FLOAT16,NCHW,N/A,0.0,0,0.0,0.0,0.0,0.0,0.0,0.0,0.0,0.0,0.0,0.0,0.0,1.211,2180,0.418,0.345,0.341,0.281,0.269,0.222,0.098,0.081,0.195,0.000
0,6,2,24,6,SplitV_1,SplitVD,static,AI_VECTOR_CORE,1786102259970264.560	,3.920,0.030000,1,0,NO,"""3,1,1,128""",FLOAT16,NCHW,"""3,1,1,16;3,1,1,24;3,1,1,24;3,1,1,16;3,1,1,24;3,1,1,24""",FLOAT16;FLOAT16;FLOAT16;FLOAT16;FLOAT16;FLOAT16,NCHW;NCHW;NCHW;NCHW;NCHW;NCHW,N/A,0.0,0,0.0,0.0,0.0,0.0,0.0,0.0,0.0,0.0,0.0,0.0,0.0,3.393,6108,2.234,0.658,0.363,0.107,0.112,0.033,0.939,0.277,0.177,0.000
0,6,2,25,6,GatherV2_10,GatherV2,static,AI_VECTOR_CORE,1786102259970268.500	,1.120,0.080000,1,0,NO,"""3,1,1,16;;1""",FLOAT16;INT64;INT64,NCHW;NCHW;NCHW,"""1,1,16""",FLOAT16,NCHW,N/A,0.0,0,0.0,0.0,0.0,0.0,0.0,0.0,0.0,0.0,0.0,0.0,0.0,0.598,1076,0.057,0.095,0.175,0.293,0.104,0.175,0.119,0.2,0.182,0.000
0,6,2,26,6,GatherV2_7,GatherV2,static,AI_VECTOR_CORE,1786102259970269.640	,1.160,0.130000,1,0,NO,"""3,1,1,16;;1""",FLOAT16;INT64;INT64,NCHW;NCHW;NCHW,"""1,1,16""",FLOAT16,NCHW,N/A,0.0,0,0.0,0.0,0.0,0.0,0.0,0.0,0.0,0.0,0.0,0.0,0.0,0.629,1133,0.057,0.09,0.193,0.306,0.12,0.191,0.124,0.198,0.182,0.000
0,6,2,27,6,GatherV2_11,GatherV2,static,AI_VECTOR_CORE,1786102259970270.820	,1.720,0.000000,1,0,NO,"""3,1,1,24;;1""",FLOAT16;INT64;INT64,NCHW;NCHW;NCHW,"""1,1,24""",FLOAT16,NCHW,N/A,0.0,0,0.0,0.0,0.0,0.0,0.0,0.0,0.0,0.0,0.0,0.0,0.0,1.177,2119,0.418,0.355,0.301,0.255,0.219,0.186,0.124,0.106,0.195,0.000
0,6,2,28,6,GatherV2_12,GatherV2,static,AI_VECTOR_CORE,1786102259970272.560	,1.780,0.030000,1,0,NO,"""3,1,1,24;;1""",FLOAT16;INT64;INT64,NCHW;NCHW;NCHW,"""1,1,24""",FLOAT16,NCHW,N/A,0.0,0,0.0,0.0,0.0,0.0,0.0,0.0,0.0,0.0,0.0,0.0,0.0,1.228,2210,0.418,0.34,0.35,0.285,0.224,0.183,0.105,0.086,0.195,0.000
0,6,2,29,6,GatherV2_8,GatherV2,static,AI_VECTOR_CORE,1786102259970274.360	,1.720,0.000000,1,0,NO,"""3,1,1,24;;1""",FLOAT16;INT64;INT64,NCHW;NCHW;NCHW,"""1,1,24""",FLOAT16,NCHW,N/A,0.0,0,0.0,0.0,0.0,0.0,0.0,0.0,0.0,0.0,0.0,0.0,0.0,1.179,2123,0.418,0.354,0.314,0.266,0.185,0.157,0.124,0.105,0.195,0.000
0,6,2,30,6,GatherV2_9,GatherV2,static,AI_VECTOR_CORE,1786102259970276.100	,1.760,0.030000,1,0,NO,"""3,1,1,24;;1""",FLOAT16;INT64;INT64,NCHW;NCHW;NCHW,"""1,1,24""",FLOAT16,NCHW,N/A,0.0,0,0.0,0.0,0.0,0.0,0.0,0.0,0.0,0.0,0.0,0.0,0.0,1.203,2165,0.418,0.347,0.334,0.278,0.234,0.195,0.099,0.082,0.195,0.000
0,6,2,31,6,ConcatV2_1,ConcatV2D,static,AI_VECTOR_CORE,1786102259970277.880	,1.680,0.240000,1,0,NO,"""1,1,16;1,1,24;1,1,24;1,1,16;1,1,24;1,1,24""",FLOAT16;FLOAT16;FLOAT16;FLOAT16;FLOAT16;FLOAT16,NCHW;NCHW;NCHW;NCHW;NCHW;NCHW,"""1,1,128""",FLOAT16,NCHW,N/A,0.0,0,0.0,0.0,0.0,0.0,0.0,0.0,0.0,0.0,0.0,0.0,0.0,1.118,2013,0.008,0.007,0.157,0.14,0.144,0.129,0.635,0.568,0.231,0.000
0,6,2,32,6,ConcatV2_2,ConcatV2D,static,AI_VECTOR_CORE,1786102259970279.580	,1.640,0.000000,1,0,NO,"""1,1,16;1,1,24;1,1,24;1,1,16;1,1,24;1,1,24""",FLOAT16;FLOAT16;FLOAT16;FLOAT16;FLOAT16;FLOAT16,NCHW;NCHW;NCHW;NCHW;NCHW;NCHW,"""1,1,128""",FLOAT16,NCHW,N/A,0.0,0,0.0,0.0,0.0,0.0,0.0,0.0,0.0,0.0,0.0,0.0,0.0,1.054,1898,0.008,0.007,0.132,0.125,0.133,0.126,0.649,0.615,0.231,0.000
0,6,2,33,6,ApplyRotaryPosEmb,ApplyRotaryPosEmb,static,AI_VECTOR_CORE,1786102259970281.240	,3.500,0.110000,1,0,NO,"""1,1,16,128;1,1,2,128;1,1,1,128;1,1,1,128""",FLOAT16;FLOAT16;FLOAT16;FLOAT16,NCHW;NCHW;NCHW;NCHW,"""1,1,16,128;1,1,2,128""",FLOAT16;FLOAT16,NCHW;NCHW,N/A,0.0,0,0.0,0.0,0.0,0.0,0.0,0.0,0.0,0.0,0.0,0.0,0.0,2.911,5239,0.159,0.055,2.024,0.696,0.168,0.058,0.157,0.054,0.154,0.000
0,6,2,34,6,Scatter,Scatter,static,AI_VECTOR_CORE,1786102259970284.760	,1.180,0.000000,2,0,NO,"""1,2,1024,128;1;1,2,1,128""",FLOAT16;INT64;FLOAT16,NCHW;NCHW;NCHW,"""1,2,1024,128""",FLOAT16,NCHW,N/A,0.0,0,0.0,0.0,0.0,0.0,0.0,0.0,0.0,0.0,0.0,0.0,0.0,0.666,2399,0.008,0.012,0.123,0.184,0.131,0.196,0.246,0.369,0.203,0.000
0,6,2,35,6,Greater,Greater,static,AI_VECTOR_CORE,1786102259970285.960	,2.360,0.070000,2,0,NO,"""1,1024;1,1""",INT64;INT64,NCHW;NCHW,"""1,1024""",BOOL,NCHW,N/A,0.0,0,0.0,0.0,0.0,0.0,0.0,0.0,0.0,0.0,0.0,0.0,0.0,1.842,6630,0.781,0.424,0.279,0.152,0.224,0.122,0.268,0.146,0.164,0.000
0,6,2,36,6,IncreFlashAttention,IncreFlashAttention,static,MIX_AIC,1786102259970289.500	,21.660,1.140000,2,4,NO,"""1,16,1,128;1,2,1024,128;1,2,1024,128;1,1,1,1024""",FLOAT16;FLOAT16;FLOAT16;BOOL,NCHW;NCHW;NCHW;NCHW,"""1,16,1,128""",FLOAT16,NCHW,0,21.204,76333,1.076,0.051,14.693,0.693,2.697,0.127,7.363,0.347,3.076,0.145,0.056,12.233,88080,0.721,0.059,2.852,0.233,0.284,0.023,0.416,0.034,0.127,8.158
0,6,2,37,6,MatMul_1,MatMul,static,AI_CORE,1786102259970312.060	,7.440,0.840000,22,0,NO,"""1,2048;128,64,16,16""",FLOAT16;FLOAT16,ND;FRACTAL_NZ,"""1,1024""",FLOAT16,ND,N/A,5.306,210136,0.489,0.092,0.22,0.042,1.104,0.208,2.774,0.523,2.054,0.387,0.22,0.0,0,0.0,0.0,0.0,0.0,0.0,0.0,0.0,0.0,0.0,65.380
0,6,2,38,6,InplaceAddRmsNorm,InplaceAddRmsNorm,static,AI_VECTOR_CORE,1786102259970319.520	,2.680,0.060000,1,0,NO,"""1,1,1024;1,1,1024;1024""",FLOAT16;FLOAT16;FLOAT16,ND;ND;ND,"""1,1,1024;1,1,1;1,1,1024""",FLOAT16;FLOAT;FLOAT16,ND;ND;ND,N/A,0.0,0,0.0,0.0,0.0,0.0,0.0,0.0,0.0,0.0,0.0,0.0,0.0,2.151,3871,0.282,0.131,1.268,0.59,0.369,0.172,0.374,0.174,0.23,0.000
0,6,2,39,6,MatMul_2,MatMul,static,AI_CORE,1786102259970322.220	,9.180,0.070000,24,0,NO,"""1,1024;64,192,16,16""",FLOAT16;FLOAT16,ND;FRACTAL_NZ,"""1,3072""",FLOAT16,ND,N/A,7.114,307309,0.538,0.076,0.158,0.022,1.287,0.181,4.732,0.665,3.396,0.477,0.214,0.0,0,0.0,0.0,0.0,0.0,0.0,0.0,0.0,0.0,0.0,77.491
0,6,2,40,6,MatMul_3,MatMul,static,AI_CORE,1786102259970331.440	,7.580,0.070000,24,0,NO,"""1,1024;64,192,16,16""",FLOAT16;FLOAT16,ND;FRACTAL_NZ,"""1,3072""",FLOAT16,ND,N/A,5.705,246436,0.538,0.094,0.502,0.088,1.286,0.225,4.752,0.833,4.002,0.702,0.0,0.0,0,0.0,0.0,0.0,0.0,0.0,0.0,0.0,0.0,0.0,75.258
0,6,2,41,6,SwishMul_3,AutomaticBufferFusionOp,static,AI_VECTOR_CORE,1786102259970339.040	,1.840,0.000000,3,0,NO,"""1,1,3072;1,1,3072""",FLOAT16;FLOAT16,ND;ND,"""1,1,3072""",FLOAT16,ND,N/A,0.0,0,0.0,0.0,0.0,0.0,0.0,0.0,0.0,0.0,0.0,0.0,0.0,1.109,5986,0.163,0.147,0.113,0.102,0.134,0.121,0.139,0.126,0.23,0.000
0,6,2,42,6,MatMul_4,MatMul,static,AI_CORE,1786102259970340.900	,9.260,0.160000,22,0,NO,"""1,3072;192,64,16,16""",FLOAT16;FLOAT16,ND;FRACTAL_NZ,"""1,1024""",FLOAT16,ND,N/A,7.132,282424,0.73,0.102,0.23,0.032,1.653,0.232,5.072,0.711,2.936,0.412,0.218,0.0,0,0.0,0.0,0.0,0.0,0.0,0.0,0.0,0.0,0.0,70.600
0,6,2,43,6,InplaceAddRmsNorm_1,InplaceAddRmsNorm,static,AI_VECTOR_CORE,1786102259970350.180	,2.720,0.000000,1,0,NO,"""1,1,1024;1,1,1024;1024""",FLOAT16;FLOAT16;FLOAT16,ND;ND;ND,"""1,1,1024;1,1,1;1,1,1024""",FLOAT16;FLOAT;FLOAT16,ND;ND;ND,N/A,0.0,0,0.0,0.0,0.0,0.0,0.0,0.0,0.0,0.0,0.0,0.0,0.0,2.158,3884,0.282,0.131,1.327,0.615,0.397,0.184,0.399,0.185,0.214,0.000
0,6,2,44,6,MatMul_5,MatMul,static,AI_CORE,1786102259970352.920	,6.560,0.030000,23,0,NO,"""1,1024;64,160,16,16""",FLOAT16;FLOAT16,ND;FRACTAL_NZ,"""1,2560""",FLOAT16,ND,N/A,4.429,183367,0.527,0.119,0.485,0.11,1.142,0.258,3.465,0.782,1.818,0.41,0.029,0.0,0,0.0,0.0,0.0,0.0,0.0,0.0,0.0,0.0,0.0,64.704
0,6,2,45,6,SplitV_3,SplitVD,static,AI_VECTOR_CORE,1786102259970359.520	,1.120,0.000000,1,0,NO,"""1,1,2560""",FLOAT16,ND,"""1,1,2048;1,1,256;1,1,256""",FLOAT16;FLOAT16;FLOAT16,ND;ND;ND,N/A,0.0,0,0.0,0.0,0.0,0.0,0.0,0.0,0.0,0.0,0.0,0.0,0.0,0.541,974,0.008,0.014,0.17,0.314,0.133,0.246,0.158,0.293,0.263,0.000
0,6,2,46,6,Scatter_3,Scatter,static,AI_VECTOR_CORE,1786102259970360.660	,1.200,0.130000,2,0,NO,"""1,2,1024,128;1;1,2,1,128""",FLOAT16;INT64;FLOAT16,NCHW;NCHW;NCHW,"""1,2,1024,128""",FLOAT16,NCHW,N/A,0.0,0,0.0,0.0,0.0,0.0,0.0,0.0,0.0,0.0,0.0,0.0,0.0,0.608,2190,0.008,0.013,0.136,0.224,0.1,0.165,0.138,0.227,0.192,0.000
0,6,2,47,6,ApplyRotaryPosEmb_1,ApplyRotaryPosEmb,static,AI_VECTOR_CORE,1786102259970361.900	,2.720,0.050000,1,0,NO,"""1,1,16,128;1,1,2,128;1,1,1,128;1,1,1,128""",FLOAT16;FLOAT16;FLOAT16;FLOAT16,NCHW;NCHW;NCHW;NCHW,"""1,1,16,128;1,1,2,128""",FLOAT16;FLOAT16,NCHW;NCHW,N/A,0.0,0,0.0,0.0,0.0,0.0,0.0,0.0,0.0,0.0,0.0,0.0,0.0,2.246,4043,0.153,0.068,1.501,0.668,0.154,0.069,0.147,0.066,0.159,0.000
0,6,2,48,6,Scatter_2,Scatter,static,AI_VECTOR_CORE,1786102259970364.660	,1.260,0.030000,2,0,NO,"""1,2,1024,128;1;1,2,1,128""",FLOAT16;INT64;FLOAT16,NCHW;NCHW;NCHW,"""1,2,1024,128""",FLOAT16,NCHW,N/A,0.0,0,0.0,0.0,0.0,0.0,0.0,0.0,0.0,0.0,0.0,0.0,0.0,0.636,2289,0.008,0.012,0.176,0.276,0.119,0.187,0.13,0.204,0.169,0.000
0,6,2,49,6,IncreFlashAttention_1,IncreFlashAttention,static,MIX_AIC,1786102259970367.360	,19.360,1.240000,2,4,NO,"""1,16,1,128;1,2,1024,128;1,2,1024,128;1,1,1,1024""",FLOAT16;FLOAT16;FLOAT16;BOOL,NCHW;NCHW;NCHW;NCHW,"""1,16,1,128""",FLOAT16,NCHW,0,18.749,67498,1.076,0.057,14.137,0.754,2.698,0.144,6.796,0.362,2.821,0.15,0.053,10.854,78150,0.721,0.066,2.577,0.237,0.195,0.018,0.438,0.04,0.125,8.071
0,6,2,50,6,MatMul_6,MatMul,static,AI_CORE,1786102259970387.480	,8.520,0.890000,22,0,NO,"""1,2048;128,64,16,16""",FLOAT16;FLOAT16,ND;FRACTAL_NZ,"""1,1024""",FLOAT16,ND,N/A,6.136,242981,0.489,0.08,0.981,0.16,1.095,0.178,4.92,0.802,3.703,0.603,0.029,0.0,0,0.0,0.0,0.0,0.0,0.0,0.0,0.0,0.0,0.0,66.016
0,6,2,51,6,InplaceAddRmsNorm_2,InplaceAddRmsNorm,static,AI_VECTOR_CORE,1786102259970396.020	,1.980,0.000000,1,0,NO,"""1,1,1024;1,1,1024;1024""",FLOAT16;FLOAT16;FLOAT16,ND;ND;ND,"""1,1,1024;1,1,1;1,1,1024""",FLOAT16;FLOAT;FLOAT16,ND;ND;ND,N/A,0.0,0,0.0,0.0,0.0,0.0,0.0,0.0,0.0,0.0,0.0,0.0,0.0,1.447,2605,0.282,0.195,0.847,0.585,0.364,0.252,0.376,0.26,0.222,0.000
0,6,2,52,6,MatMul_7,MatMul,static,AI_CORE,1786102259970398.020	,7.300,0.020000,24,0,NO,"""1,1024;64,192,16,16""",FLOAT16;FLOAT16,ND;FRACTAL_NZ,"""1,3072""",FLOAT16,ND,N/A,4.839,209045,0.538,0.111,0.507,0.105,1.293,0.267,3.871,0.8,1.906,0.394,0.006,0.0,0,0.0,0.0,0.0,0.0,0.0,0.0,0.0,0.0,0.0,66.288
0,6,2,53,6,MatMul_8,MatMul,static,AI_CORE,1786102259970405.340	,6.380,0.000000,24,0,NO,"""1,1024;64,192,16,16""",FLOAT16;FLOAT16,ND;FRACTAL_NZ,"""1,3072""",FLOAT16,ND,N/A,4.705,203241,0.538,0.114,0.51,0.108,1.287,0.274,3.743,0.796,2.77,0.589,0.0,0.0,0,0.0,0.0,0.0,0.0,0.0,0.0,0.0,0.0,0.0,73.741
0,6,2,54,6,Swish_1Mul_4,AutomaticBufferFusionOp,static,AI_VECTOR_CORE,1786102259970411.740	,1.380,0.120000,3,0,NO,"""1,1,3072;1,1,3072""",FLOAT16;FLOAT16,ND;ND,"""1,1,3072""",FLOAT16,ND,N/A,0.0,0,0.0,0.0,0.0,0.0,0.0,0.0,0.0,0.0,0.0,0.0,0.0,0.758,4095,0.163,0.215,0.141,0.186,0.129,0.171,0.136,0.179,0.194,0.000
0,6,2,55,6,MatMul_9,MatMul,static,AI_CORE,1786102259970413.140	,7.760,0.120000,22,0,NO,"""1,3072;192,64,16,16""",FLOAT16;FLOAT16,ND;FRACTAL_NZ,"""1,1024""",FLOAT16,ND,N/A,5.898,233576,0.734,0.124,0.496,0.084,1.647,0.279,5.222,0.885,2.567,0.435,0.033,0.0,0,0.0,0.0,0.0,0.0,0.0,0.0,0.0,0.0,0.0,69.676
0,6,2,56,6,InplaceAddRmsNorm_3,InplaceAddRmsNorm,static,AI_VECTOR_CORE,1786102259970420.920	,2.160,0.000000,1,0,NO,"""1,1,1024;1,1,1024;1024""",FLOAT16;FLOAT16;FLOAT16,ND;ND;ND,"""1,1,1024;1,1,1;1,1,1024""",FLOAT16;FLOAT;FLOAT16,ND;ND;ND,N/A,0.0,0,0.0,0.0,0.0,0.0,0.0,0.0,0.0,0.0,0.0,0.0,0.0,1.658,2985,0.282,0.17,0.772,0.466,0.361,0.217,0.373,0.225,0.2,0.000
0,6,2,57,6,MatMul_10,MatMul,static,AI_CORE,1786102259970423.100	,6.180,0.000000,23,0,NO,"""1,1024;64,160,16,16""",FLOAT16;FLOAT16,ND;FRACTAL_NZ,"""1,2560""",FLOAT16,ND,N/A,4.553,188503,0.527,0.116,0.474,0.104,1.14,0.25,3.622,0.795,2.765,0.607,0.023,0.0,0,0.0,0.0,0.0,0.0,0.0,0.0,0.0,0.0,0.0,70.607
0,6,2,58,6,SplitV_4,SplitVD,static,AI_VECTOR_CORE,1786102259970429.300	,1.060,0.070000,1,0,NO,"""1,1,2560""",FLOAT16,ND,"""1,1,2048;1,1,256;1,1,256""",FLOAT16;FLOAT16;FLOAT16,ND;ND;ND,N/A,0.0,0,0.0,0.0,0.0,0.0,0.0,0.0,0.0,0.0,0.0,0.0,0.0,0.549,988,0.008,0.014,0.146,0.266,0.118,0.216,0.14,0.255,0.263,0.000
0,6,2,59,6,Scatter_5,Scatter,static,AI_VECTOR_CORE,1786102259970430.380	,1.340,0.190000,2,0,NO,"""1,2,1024,128;1;1,2,1,128""",FLOAT16;INT64;FLOAT16,NCHW;NCHW;NCHW,"""1,2,1024,128""",FLOAT16,NCHW,N/A,0.0,0,0.0,0.0,0.0,0.0,0.0,0.0,0.0,0.0,0.0,0.0,0.0,0.707,2545,0.008,0.011,0.126,0.179,0.103,0.145,0.271,0.383,0.19,0.000
0,6,2,60,6,ApplyRotaryPosEmb_2,ApplyRotaryPosEmb,static,AI_VECTOR_CORE,1786102259970431.760	,3.000,0.000000,1,0,NO,"""1,1,16,128;1,1,2,128;1,1,1,128;1,1,1,128""",FLOAT16;FLOAT16;FLOAT16;FLOAT16,NCHW;NCHW;NCHW;NCHW,"""1,1,16,128;1,1,2,128""",FLOAT16;FLOAT16,NCHW;NCHW,N/A,0.0,0,0.0,0.0,0.0,0.0,0.0,0.0,0.0,0.0,0.0,0.0,0.0,2.472,4449,0.153,0.062,1.884,0.762,0.151,0.061,0.141,0.057,0.151,0.000
0,6,2,61,6,Scatter_4,Scatter,static,AI_VECTOR_CORE,1786102259970434.780	,1.220,0.000000,2,0,NO,"""1,2,1024,128;1;1,2,1,128""",FLOAT16;INT64;FLOAT16,NCHW;NCHW;NCHW,"""1,2,1024,128""",FLOAT16,NCHW,N/A,0.0,0,0.0,0.0,0.0,0.0,0.0,0.0,0.0,0.0,0.0,0.0,0.0,0.645,2322,0.008,0.012,0.117,0.182,0.112,0.173,0.223,0.345,0.214,0.000
0,6,2,62,6,IncreFlashAttention_2,IncreFlashAttention,static,MIX_AIC,1786102259970436.980	,19.600,1.030000,2,4,NO,"""1,16,1,128;1,2,1024,128;1,2,1024,128;1,1,1,1024""",FLOAT16;FLOAT16;FLOAT16;BOOL,NCHW;NCHW;NCHW;NCHW,"""1,16,1,128""",FLOAT16,NCHW,0,18.577,66876,1.076,0.058,13.952,0.751,2.697,0.145,7.075,0.381,2.865,0.154,0.051,10.84,78047,0.72,0.066,2.859,0.264,0.194,0.018,0.43,0.04,0.126,7.898
0,6,2,63,6,MatMul_11,MatMul,static,AI_CORE,1786102259970457.680	,4.480,1.150000,22,0,NO,"""1,2048;128,64,16,16""",FLOAT16;FLOAT16,ND;FRACTAL_NZ,"""1,1024""",FLOAT16,ND,N/A,3.556,140828,0.487,0.137,0.48,0.135,1.11,0.312,2.777,0.781,2.405,0.676,0.002,0.0,0,0.0,0.0,0.0,0.0,0.0,0.0,0.0,0.0,0.0,72.766
0,6,2,64,6,InplaceAddRmsNorm_4,InplaceAddRmsNorm,static,AI_VECTOR_CORE,1786102259970462.180	,2.640,0.020000,1,0,NO,"""1,1,1024;1,1,1024;1024""",FLOAT16;FLOAT16;FLOAT16,ND;ND;ND,"""1,1,1024;1,1,1;1,1,1024""",FLOAT16;FLOAT;FLOAT16,ND;ND;ND,N/A,0.0,0,0.0,0.0,0.0,0.0,0.0,0.0,0.0,0.0,0.0,0.0,0.0,2.096,3772,0.282,0.135,1.448,0.691,0.375,0.179,0.382,0.182,0.2,0.000
0,6,2,65,6,MatMul_12,MatMul,static,AI_CORE,1786102259970464.840	,7.760,0.000000,24,0,NO,"""1,1024;64,192,16,16""",FLOAT16;FLOAT16,ND;FRACTAL_NZ,"""1,3072""",FLOAT16,ND,N/A,5.184,223965,0.538,0.104,0.527,0.102,1.295,0.25,4.215,0.813,1.891,0.365,0.009,0.0,0,0.0,0.0,0.0,0.0,0.0,0.0,0.0,0.0,0.0,66.809
0,6,2,66,6,MatMul_13,MatMul,static,AI_CORE,1786102259970472.620	,8.480,0.000000,24,0,NO,"""1,1024;64,192,16,16""",FLOAT16;FLOAT16,ND;FRACTAL_NZ,"""1,3072""",FLOAT16,ND,N/A,6.388,275982,0.538,0.084,1.031,0.161,1.286,0.201,4.908,0.768,3.263,0.511,0.0,0.0,0,0.0,0.0,0.0,0.0,0.0,0.0,0.0,0.0,0.0,75.336
0,6,2,67,6,Swish_2Mul_5,AutomaticBufferFusionOp,static,AI_VECTOR_CORE,1786102259970481.120	,1.460,0.020000,3,0,NO,"""1,1,3072;1,1,3072""",FLOAT16;FLOAT16,ND;ND,"""1,1,3072""",FLOAT16,ND,N/A,0.0,0,0.0,0.0,0.0,0.0,0.0,0.0,0.0,0.0,0.0,0.0,0.0,0.792,4276,0.163,0.206,0.139,0.176,0.136,0.172,0.135,0.17,0.185,0.000
0,6,2,68,6,MatMul_14,MatMul,static,AI_CORE,1786102259970482.600	,7.960,0.040000,22,0,NO,"""1,3072;192,64,16,16""",FLOAT16;FLOAT16,ND;FRACTAL_NZ,"""1,1024""",FLOAT16,ND,N/A,5.854,231801,0.733,0.125,0.503,0.086,1.626,0.278,5.145,0.879,3.353,0.573,0.014,0.0,0,0.0,0.0,0.0,0.0,0.0,0.0,0.0,0.0,0.0,67.409
0,6,2,69,6,InplaceAddRmsNorm_5,InplaceAddRmsNorm,static,AI_VECTOR_CORE,1786102259970490.600	,2.420,0.040000,1,0,NO,"""1,1,1024;1,1,1024;1024""",FLOAT16;FLOAT16;FLOAT16,ND;ND;ND,"""1,1,1024;1,1,1;1,1,1024""",FLOAT16;FLOAT;FLOAT16,ND;ND;ND,N/A,0.0,0,0.0,0.0,0.0,0.0,0.0,0.0,0.0,0.0,0.0,0.0,0.0,1.884,3392,0.282,0.15,1.242,0.659,0.383,0.203,0.363,0.193,0.2,0.000
0,6,2,70,6,MatMul_15,MatMul,static,AI_CORE,1786102259970493.040	,6.960,0.080000,23,0,NO,"""1,1024;64,160,16,16""",FLOAT16;FLOAT16,ND;FRACTAL_NZ,"""1,2560""",FLOAT16,ND,N/A,4.508,186641,0.527,0.117,0.432,0.096,1.142,0.253,3.595,0.797,1.791,0.397,0.021,0.0,0,0.0,0.0,0.0,0.0,0.0,0.0,0.0,0.0,0.0,62.075
0,6,2,71,6,SplitV_5,SplitVD,static,AI_VECTOR_CORE,1786102259970500.020	,1.140,0.040000,1,0,NO,"""1,1,2560""",FLOAT16,ND,"""1,1,2048;1,1,256;1,1,256""",FLOAT16;FLOAT16;FLOAT16,ND;ND;ND,N/A,0.0,0,0.0,0.0,0.0,0.0,0.0,0.0,0.0,0.0,0.0,0.0,0.0,0.588,1059,0.008,0.013,0.172,0.293,0.124,0.212,0.145,0.246,0.263,0.000
0,6,2,72,6,Scatter_7,Scatter,static,AI_VECTOR_CORE,1786102259970501.180	,1.340,0.110000,2,0,NO,"""1,2,1024,128;1;1,2,1,128""",FLOAT16;INT64;FLOAT16,NCHW;NCHW;NCHW,"""1,2,1024,128""",FLOAT16,NCHW,N/A,0.0,0,0.0,0.0,0.0,0.0,0.0,0.0,0.0,0.0,0.0,0.0,0.0,0.742,2671,0.008,0.01,0.151,0.203,0.122,0.165,0.219,0.295,0.169,0.000
0,6,2,73,6,ApplyRotaryPosEmb_3,ApplyRotaryPosEmb,static,AI_VECTOR_CORE,1786102259970502.560	,2.640,0.000000,1,0,NO,"""1,1,16,128;1,1,2,128;1,1,1,128;1,1,1,128""",FLOAT16;FLOAT16;FLOAT16;FLOAT16,NCHW;NCHW;NCHW;NCHW,"""1,1,16,128;1,1,2,128""",FLOAT16;FLOAT16,NCHW;NCHW,N/A,0.0,0,0.0,0.0,0.0,0.0,0.0,0.0,0.0,0.0,0.0,0.0,0.0,2.075,3735,0.159,0.077,1.482,0.714,0.166,0.08,0.174,0.084,0.168,0.000
0,6,2,74,6,Scatter_6,Scatter,static,AI_VECTOR_CORE,1786102259970505.240	,1.260,0.110000,2,0,NO,"""1,2,1024,128;1;1,2,1,128""",FLOAT16;INT64;FLOAT16,NCHW;NCHW;NCHW,"""1,2,1024,128""",FLOAT16,NCHW,N/A,0.0,0,0.0,0.0,0.0,0.0,0.0,0.0,0.0,0.0,0.0,0.0,0.0,0.631,2271,0.008,0.012,0.146,0.232,0.119,0.189,0.277,0.439,0.107,0.000
0,6,2,75,6,IncreFlashAttention_3,IncreFlashAttention,static,MIX_AIC,1786102259970507.680	,19.940,1.240000,2,4,NO,"""1,16,1,128;1,2,1024,128;1,2,1024,128;1,1,1,1024""",FLOAT16;FLOAT16;FLOAT16;BOOL,NCHW;NCHW;NCHW;NCHW,"""1,16,1,128""",FLOAT16,NCHW,0,19.211,69160,1.076,0.056,14.323,0.746,2.698,0.14,7.156,0.373,2.952,0.154,0.054,10.841,78058,0.717,0.066,2.651,0.245,0.196,0.018,0.444,0.041,0.1,8.029
0,6,2,76,6,MatMul_16,MatMul,static,AI_CORE,1786102259970528.400	,6.720,0.810000,22,0,NO,"""1,2048;128,64,16,16""",FLOAT16;FLOAT16,ND;FRACTAL_NZ,"""1,1024""",FLOAT16,ND,N/A,4.329,171427,0.489,0.113,0.418,0.097,1.104,0.255,3.676,0.849,2.027,0.468,0.002,0.0,0,0.0,0.0,0.0,0.0,0.0,0.0,0.0,0.0,0.0,59.051
0,6,2,77,6,InplaceAddRmsNorm_6,InplaceAddRmsNorm,static,AI_VECTOR_CORE,1786102259970535.160	,1.520,0.030000,1,0,NO,"""1,1,1024;1,1,1024;1024""",FLOAT16;FLOAT16;FLOAT16,ND;ND;ND,"""1,1,1024;1,1,1;1,1,1024""",FLOAT16;FLOAT;FLOAT16,ND;ND;ND,N/A,0.0,0,0.0,0.0,0.0,0.0,0.0,0.0,0.0,0.0,0.0,0.0,0.0,1.013,1823,0.282,0.279,0.423,0.418,0.39,0.385,0.371,0.366,0.214,0.000
0,6,2,78,6,MatMul_17,MatMul,static,AI_CORE,1786102259970536.700	,8.980,0.000000,24,0,NO,"""1,1024;64,192,16,16""",FLOAT16;FLOAT16,ND;FRACTAL_NZ,"""1,3072""",FLOAT16,ND,N/A,6.941,299866,0.538,0.077,0.442,0.064,1.284,0.185,6.047,0.871,4.114,0.593,0.009,0.0,0,0.0,0.0,0.0,0.0,0.0,0.0,0.0,0.0,0.0,77.298
0,6,2,79,6,MatMul_18,MatMul,static,AI_CORE,1786102259970545.700	,7.480,0.020000,24,0,NO,"""1,1024;64,192,16,16""",FLOAT16;FLOAT16,ND;FRACTAL_NZ,"""1,3072""",FLOAT16,ND,N/A,5.283,228209,0.538,0.102,0.933,0.177,1.284,0.243,3.885,0.735,2.225,0.421,0.0,0.0,0,0.0,0.0,0.0,0.0,0.0,0.0,0.0,0.0,0.0,70.623
0,6,2,80,6,Swish_3Mul_6,AutomaticBufferFusionOp,static,AI_VECTOR_CORE,1786102259970553.200	,1.440,0.020000,3,0,NO,"""1,1,3072;1,1,3072""",FLOAT16;FLOAT16,ND;ND,"""1,1,3072""",FLOAT16,ND,N/A,0.0,0,0.0,0.0,0.0,0.0,0.0,0.0,0.0,0.0,0.0,0.0,0.0,0.759,4096,0.163,0.215,0.114,0.151,0.158,0.209,0.117,0.155,0.194,0.000
0,6,2,81,6,MatMul_19,MatMul,static,AI_CORE,1786102259970554.660	,9.280,0.060000,22,0,NO,"""1,3072;192,64,16,16""",FLOAT16;FLOAT16,ND;FRACTAL_NZ,"""1,1024""",FLOAT16,ND,N/A,6.94,274827,0.731,0.105,0.434,0.063,1.65,0.238,6.331,0.912,2.008,0.289,0.012,0.0,0,0.0,0.0,0.0,0.0,0.0,0.0,0.0,0.0,0.0,68.553
0,6,2,82,6,InplaceAddRmsNorm_7,InplaceAddRmsNorm,static,AI_VECTOR_CORE,1786102259970563.960	,1.880,0.000000,1,0,NO,"""1,1,1024;1,1,1024;1024""",FLOAT16;FLOAT16;FLOAT16,ND;ND;ND,"""1,1,1024;1,1,1;1,1,1024""",FLOAT16;FLOAT;FLOAT16,ND;ND;ND,N/A,0.0,0,0.0,0.0,0.0,0.0,0.0,0.0,0.0,0.0,0.0,0.0,0.0,1.342,2416,0.282,0.21,0.723,0.539,0.389,0.29,0.376,0.28,0.222,0.000
0,6,2,83,6,MatMul_20,MatMul,static,AI_CORE,1786102259970565.860	,8.040,0.000000,23,0,NO,"""1,1024;64,160,16,16""",FLOAT16;FLOAT16,ND;FRACTAL_NZ,"""1,2560""",FLOAT16,ND,N/A,6.18,255833,0.527,0.085,0.396,0.064,1.14,0.185,5.307,0.859,3.563,0.577,0.021,0.0,0,0.0,0.0,0.0,0.0,0.0,0.0,0.0,0.0,0.0,73.657
0,6,2,84,6,SplitV_6,SplitVD,static,AI_VECTOR_CORE,1786102259970573.920	,1.060,0.210000,1,0,NO,"""1,1,2560""",FLOAT16,ND,"""1,1,2048;1,1,256;1,1,256""",FLOAT16;FLOAT16;FLOAT16,ND;ND;ND,N/A,0.0,0,0.0,0.0,0.0,0.0,0.0,0.0,0.0,0.0,0.0,0.0,0.0,0.502,903,0.008,0.016,0.103,0.206,0.121,0.241,0.155,0.309,0.286,0.000
0,6,2,85,6,Scatter_9,Scatter,static,AI_VECTOR_CORE,1786102259970575.000	,1.540,0.000000,2,0,NO,"""1,2,1024,128;1;1,2,1,128""",FLOAT16;INT64;FLOAT16,NCHW;NCHW;NCHW,"""1,2,1024,128""",FLOAT16,NCHW,N/A,0.0,0,0.0,0.0,0.0,0.0,0.0,0.0,0.0,0.0,0.0,0.0,0.0,0.826,2973,0.008,0.009,0.126,0.152,0.127,0.154,0.311,0.376,0.177,0.000
0,6,2,86,6,ApplyRotaryPosEmb_4,ApplyRotaryPosEmb,static,AI_VECTOR_CORE,1786102259970576.560	,2.920,0.000000,1,0,NO,"""1,1,16,128;1,1,2,128;1,1,1,128;1,1,1,128""",FLOAT16;FLOAT16;FLOAT16;FLOAT16,NCHW;NCHW;NCHW;NCHW,"""1,1,16,128;1,1,2,128""",FLOAT16;FLOAT16,NCHW;NCHW,N/A,0.0,0,0.0,0.0,0.0,0.0,0.0,0.0,0.0,0.0,0.0,0.0,0.0,2.356,4241,0.153,0.065,1.473,0.625,0.165,0.07,0.158,0.067,0.169,0.000
0,6,2,87,6,Scatter_8,Scatter,static,AI_VECTOR_CORE,1786102259970579.500	,1.040,0.080000,2,0,NO,"""1,2,1024,128;1;1,2,1,128""",FLOAT16;INT64;FLOAT16,NCHW;NCHW;NCHW,"""1,2,1024,128""",FLOAT16,NCHW,N/A,0.0,0,0.0,0.0,0.0,0.0,0.0,0.0,0.0,0.0,0.0,0.0,0.0,0.537,1933,0.008,0.014,0.123,0.23,0.101,0.188,0.281,0.524,0.0,0.000
0,6,2,88,6,IncreFlashAttention_4,IncreFlashAttention,static,MIX_AIC,1786102259970581.980	,19.660,1.460000,2,4,NO,"""1,16,1,128;1,2,1024,128;1,2,1024,128;1,1,1,1024""",FLOAT16;FLOAT16;FLOAT16;BOOL,NCHW;NCHW;NCHW;NCHW,"""1,16,1,128""",FLOAT16,NCHW,0,19.128,68862,1.076,0.056,14.071,0.736,2.699,0.141,7.238,0.378,2.835,0.148,0.055,10.821,77914,0.72,0.067,1.811,0.167,0.192,0.018,0.437,0.04,0.097,8.108
0,6,2,89,6,MatMul_21,MatMul,static,AI_CORE,1786102259970602.700	,6.120,1.090000,22,0,NO,"""1,2048;128,64,16,16""",FLOAT16;FLOAT16,ND;FRACTAL_NZ,"""1,1024""",FLOAT16,ND,N/A,4.132,163635,0.488,0.118,0.419,0.101,1.122,0.271,3.492,0.845,3.007,0.728,0.002,0.0,0,0.0,0.0,0.0,0.0,0.0,0.0,0.0,0.0,0.0,61.893
0,6,2,90,6,InplaceAddRmsNorm_8,InplaceAddRmsNorm,static,AI_VECTOR_CORE,1786102259970608.840	,1.560,0.000000,1,0,NO,"""1,1,1024;1,1,1024;1024""",FLOAT16;FLOAT16;FLOAT16,ND;ND;ND,"""1,1,1024;1,1,1;1,1,1024""",FLOAT16;FLOAT;FLOAT16,ND;ND;ND,N/A,0.0,0,0.0,0.0,0.0,0.0,0.0,0.0,0.0,0.0,0.0,0.0,0.0,1.024,1843,0.282,0.276,0.438,0.428,0.371,0.362,0.362,0.353,0.214,0.000
0,6,2,91,6,MatMul_22,MatMul,static,AI_CORE,1786102259970610.420	,7.640,0.190000,24,0,NO,"""1,1024;64,192,16,16""",FLOAT16;FLOAT16,ND;FRACTAL_NZ,"""1,3072""",FLOAT16,ND,N/A,5.539,239290,0.538,0.097,0.441,0.08,1.283,0.232,4.625,0.835,3.802,0.686,0.009,0.0,0,0.0,0.0,0.0,0.0,0.0,0.0,0.0,0.0,0.0,72.502
0,6,2,92,6,MatMul_23,MatMul,static,AI_CORE,1786102259970618.080	,7.220,0.000000,24,0,NO,"""1,1024;64,192,16,16""",FLOAT16;FLOAT16,ND;FRACTAL_NZ,"""1,3072""",FLOAT16,ND,N/A,4.847,209394,0.538,0.111,0.443,0.091,1.29,0.266,3.968,0.819,1.949,0.402,0.0,0.0,0,0.0,0.0,0.0,0.0,0.0,0.0,0.0,0.0,0.0,67.134
0,6,2,93,6,Swish_4Mul_7,AutomaticBufferFusionOp,static,AI_VECTOR_CORE,1786102259970625.320	,1.540,0.030000,3,0,NO,"""1,1,3072;1,1,3072""",FLOAT16;FLOAT16,ND;ND,"""1,1,3072""",FLOAT16,ND,N/A,0.0,0,0.0,0.0,0.0,0.0,0.0,0.0,0.0,0.0,0.0,0.0,0.0,0.865,4673,0.163,0.189,0.155,0.179,0.154,0.178,0.138,0.16,0.151,0.000
0,6,2,94,6,MatMul_24,MatMul,static,AI_CORE,1786102259970626.880	,7.620,0.210000,22,0,NO,"""1,3072;192,64,16,16""",FLOAT16;FLOAT16,ND;FRACTAL_NZ,"""1,1024""",FLOAT16,ND,N/A,5.843,231398,0.734,0.126,0.445,0.076,1.653,0.283,5.171,0.885,2.329,0.399,0.014,0.0,0,0.0,0.0,0.0,0.0,0.0,0.0,0.0,0.0,0.0,70.294
0,6,2,95,6,InplaceAddRmsNorm_9,InplaceAddRmsNorm,static,AI_VECTOR_CORE,1786102259970634.520	,1.940,0.000000,1,0,NO,"""1,1,1024;1,1,1024;1024""",FLOAT16;FLOAT16;FLOAT16,ND;ND;ND,"""1,1,1024;1,1,1;1,1,1024""",FLOAT16;FLOAT;FLOAT16,ND;ND;ND,N/A,0.0,0,0.0,0.0,0.0,0.0,0.0,0.0,0.0,0.0,0.0,0.0,0.0,1.45,2610,0.282,0.195,0.795,0.548,0.436,0.301,0.415,0.286,0.2,0.000
0,6,2,96,6,MatMul_25,MatMul,static,AI_CORE,1786102259970636.480	,6.800,0.060000,23,0,NO,"""1,1024;64,160,16,16""",FLOAT16;FLOAT16,ND;FRACTAL_NZ,"""1,2560""",FLOAT16,ND,N/A,4.697,194468,0.527,0.112,0.904,0.192,1.14,0.243,3.348,0.713,1.762,0.375,0.021,0.0,0,0.0,0.0,0.0,0.0,0.0,0.0,0.0,0.0,0.0,66.200
0,6,2,97,6,SplitV_7,SplitVD,static,AI_VECTOR_CORE,1786102259970643.300	,1.040,0.000000,1,0,NO,"""1,1,2560""",FLOAT16,ND,"""1,1,2048;1,1,256;1,1,256""",FLOAT16;FLOAT16;FLOAT16,ND;ND;ND,N/A,0.0,0,0.0,0.0,0.0,0.0,0.0,0.0,0.0,0.0,0.0,0.0,0.0,0.555,999,0.008,0.014,0.131,0.235,0.127,0.228,0.147,0.265,0.263,0.000
0,6,2,98,6,Scatter_11,Scatter,static,AI_VECTOR_CORE,1786102259970644.360	,1.140,0.000000,2,0,NO,"""1,2,1024,128;1;1,2,1,128""",FLOAT16;INT64;FLOAT16,NCHW;NCHW;NCHW,"""1,2,1024,128""",FLOAT16,NCHW,N/A,0.0,0,0.0,0.0,0.0,0.0,0.0,0.0,0.0,0.0,0.0,0.0,0.0,0.606,2182,0.008,0.013,0.142,0.234,0.094,0.156,0.191,0.315,0.222,0.000
0,6,2,99,6,ApplyRotaryPosEmb_5,ApplyRotaryPosEmb,static,AI_VECTOR_CORE,1786102259970645.520	,3.260,0.110000,1,0,NO,"""1,1,16,128;1,1,2,128;1,1,1,128;1,1,1,128""",FLOAT16;FLOAT16;FLOAT16;FLOAT16,NCHW;NCHW;NCHW;NCHW,"""1,1,16,128;1,1,2,128""",FLOAT16;FLOAT16,NCHW;NCHW,N/A,0.0,0,0.0,0.0,0.0,0.0,0.0,0.0,0.0,0.0,0.0,0.0,0.0,2.754,4957,0.156,0.057,2.043,0.742,0.148,0.054,0.154,0.056,0.168,0.000
0,6,2,100,6,Scatter_10,Scatter,static,AI_VECTOR_CORE,1786102259970648.800	,1.240,0.000000,2,0,NO,"""1,2,1024,128;1;1,2,1,128""",FLOAT16;INT64;FLOAT16,NCHW;NCHW;NCHW,"""1,2,1024,128""",FLOAT16,NCHW,N/A,0.0,0,0.0,0.0,0.0,0.0,0.0,0.0,0.0,0.0,0.0,0.0,0.0,0.633,2278,0.008,0.012,0.148,0.234,0.116,0.183,0.327,0.517,0.0,0.000
0,6,2,101,6,IncreFlashAttention_5,IncreFlashAttention,static,MIX_AIC,1786102259970650.940	,19.580,1.010000,2,4,NO,"""1,16,1,128;1,2,1024,128;1,2,1024,128;1,1,1,1024""",FLOAT16;FLOAT16;FLOAT16;BOOL,NCHW;NCHW;NCHW;NCHW,"""1,16,1,128""",FLOAT16,NCHW,0,18.981,68331,1.076,0.057,14.356,0.756,2.697,0.142,7.07,0.372,2.921,0.154,0.054,10.829,77966,0.72,0.066,2.068,0.191,0.196,0.018,0.444,0.041,0.099,8.078
0,6,2,102,6,MatMul_26,MatMul,static,AI_CORE,1786102259970671.660	,7.720,1.170000,22,0,NO,"""1,2048;128,64,16,16""",FLOAT16;FLOAT16,ND;FRACTAL_NZ,"""1,1024""",FLOAT16,ND,N/A,5.774,228648,0.489,0.085,0.437,0.076,1.105,0.191,5.129,0.888,3.662,0.634,0.002,0.0,0,0.0,0.0,0.0,0.0,0.0,0.0,0.0,0.0,0.0,68.559
0,6,2,103,6,InplaceAddRmsNorm_10,InplaceAddRmsNorm,static,AI_VECTOR_CORE,1786102259970679.400	,1.640,0.030000,1,0,NO,"""1,1,1024;1,1,1024;1024""",FLOAT16;FLOAT16;FLOAT16,ND;ND;ND,"""1,1,1024;1,1,1;1,1,1024""",FLOAT16;FLOAT;FLOAT16,ND;ND;ND,N/A,0.0,0,0.0,0.0,0.0,0.0,0.0,0.0,0.0,0.0,0.0,0.0,0.0,1.058,1905,0.282,0.267,0.437,0.413,0.386,0.364,0.376,0.355,0.214,0.000
0,6,2,104,6,MatMul_27,MatMul,static,AI_CORE,1786102259970681.060	,9.200,0.000000,24,0,NO,"""1,1024;64,192,16,16""",FLOAT16;FLOAT16,ND;FRACTAL_NZ,"""1,3072""",FLOAT16,ND,N/A,7.021,303310,0.538,0.077,0.522,0.074,1.289,0.184,6.089,0.867,4.28,0.61,0.009,0.0,0,0.0,0.0,0.0,0.0,0.0,0.0,0.0,0.0,0.0,76.316
0,6,2,105,6,MatMul_28,MatMul,static,AI_CORE,1786102259970690.280	,7.320,0.050000,24,0,NO,"""1,1024;64,192,16,16""",FLOAT16;FLOAT16,ND;FRACTAL_NZ,"""1,3072""",FLOAT16,ND,N/A,5.043,217855,0.538,0.107,0.531,0.105,1.287,0.255,4.055,0.804,2.065,0.41,0.0,0.0,0,0.0,0.0,0.0,0.0,0.0,0.0,0.0,0.0,0.0,68.893
0,6,2,106,6,Swish_5Mul_8,AutomaticBufferFusionOp,static,AI_VECTOR_CORE,1786102259970697.620	,1.540,0.000000,3,0,NO,"""1,1,3072;1,1,3072""",FLOAT16;FLOAT16,ND;ND,"""1,1,3072""",FLOAT16,ND,N/A,0.0,0,0.0,0.0,0.0,0.0,0.0,0.0,0.0,0.0,0.0,0.0,0.0,0.813,4391,0.163,0.2,0.147,0.181,0.139,0.171,0.137,0.169,0.185,0.000
0,6,2,107,6,MatMul_29,MatMul,static,AI_CORE,1786102259970699.180	,8.040,0.210000,22,0,NO,"""1,3072;192,64,16,16""",FLOAT16;FLOAT16,ND;FRACTAL_NZ,"""1,1024""",FLOAT16,ND,N/A,5.916,234264,0.733,0.124,0.503,0.085,1.659,0.28,5.242,0.886,2.502,0.423,0.013,0.0,0,0.0,0.0,0.0,0.0,0.0,0.0,0.0,0.0,0.0,67.447
0,6,2,108,6,InplaceAddRmsNorm_11,InplaceAddRmsNorm,static,AI_VECTOR_CORE,1786102259970707.240	,2.240,0.000000,1,0,NO,"""1,1,1024;1,1,1024;1024""",FLOAT16;FLOAT16;FLOAT16,ND;ND;ND,"""1,1,1024;1,1,1;1,1,1024""",FLOAT16;FLOAT;FLOAT16,ND;ND;ND,N/A,0.0,0,0.0,0.0,0.0,0.0,0.0,0.0,0.0,0.0,0.0,0.0,0.0,1.712,3081,0.282,0.165,0.919,0.537,0.399,0.233,0.383,0.224,0.22,0.000
0,6,2,109,6,MatMul_30,MatMul,static,AI_CORE,1786102259970709.500	,9.740,0.010000,23,0,NO,"""1,1024;64,160,16,16""",FLOAT16;FLOAT16,ND;FRACTAL_NZ,"""1,2560""",FLOAT16,ND,N/A,7.541,312203,0.527,0.07,1.005,0.133,1.143,0.152,6.061,0.804,3.862,0.512,0.021,0.0,0,0.0,0.0,0.0,0.0,0.0,0.0,0.0,0.0,0.0,74.198
0,6,2,110,6,SplitV_8,SplitVD,static,AI_VECTOR_CORE,1786102259970719.260	,1.080,0.010000,1,0,NO,"""1,1,2560""",FLOAT16,ND,"""1,1,2048;1,1,256;1,1,256""",FLOAT16;FLOAT16;FLOAT16,ND;ND;ND,N/A,0.0,0,0.0,0.0,0.0,0.0,0.0,0.0,0.0,0.0,0.0,0.0,0.0,0.539,970,0.008,0.014,0.106,0.197,0.129,0.239,0.147,0.273,0.286,0.000
0,6,2,111,6,Scatter_13,Scatter,static,AI_VECTOR_CORE,1786102259970720.360	,1.640,0.000000,2,0,NO,"""1,2,1024,128;1;1,2,1,128""",FLOAT16;INT64;FLOAT16,NCHW;NCHW;NCHW,"""1,2,1024,128""",FLOAT16,NCHW,N/A,0.0,0,0.0,0.0,0.0,0.0,0.0,0.0,0.0,0.0,0.0,0.0,0.0,0.894,3218,0.008,0.009,0.412,0.461,0.112,0.125,0.211,0.236,0.232,0.000
0,6,2,112,6,ApplyRotaryPosEmb_6,ApplyRotaryPosEmb,static,AI_VECTOR_CORE,1786102259970722.020	,2.640,0.110000,1,0,NO,"""1,1,16,128;1,1,2,128;1,1,1,128;1,1,1,128""",FLOAT16;FLOAT16;FLOAT16;FLOAT16,NCHW;NCHW;NCHW;NCHW,"""1,1,16,128;1,1,2,128""",FLOAT16;FLOAT16,NCHW;NCHW,N/A,0.0,0,0.0,0.0,0.0,0.0,0.0,0.0,0.0,0.0,0.0,0.0,0.0,2.098,3777,0.157,0.075,1.555,0.741,0.159,0.076,0.164,0.078,0.16,0.000
0,6,2,113,6,Scatter_12,Scatter,static,AI_VECTOR_CORE,1786102259970724.700	,1.020,0.110000,2,0,NO,"""1,2,1024,128;1;1,2,1,128""",FLOAT16;INT64;FLOAT16,NCHW;NCHW;NCHW,"""1,2,1024,128""",FLOAT16,NCHW,N/A,0.0,0,0.0,0.0,0.0,0.0,0.0,0.0,0.0,0.0,0.0,0.0,0.0,0.399,1438,0.008,0.019,0.139,0.349,0.127,0.318,0.075,0.188,0.0,0.000
0,6,2,114,6,IncreFlashAttention_6,IncreFlashAttention,static,MIX_AIC,1786102259970727.060	,19.560,1.230000,2,4,NO,"""1,16,1,128;1,2,1024,128;1,2,1024,128;1,1,1,1024""",FLOAT16;FLOAT16;FLOAT16;BOOL,NCHW;NCHW;NCHW;NCHW,"""1,16,1,128""",FLOAT16,NCHW,0,18.987,68353,1.076,0.057,14.114,0.743,2.703,0.142,7.043,0.371,2.926,0.154,0.054,10.725,77220,0.72,0.067,1.882,0.175,0.228,0.021,0.456,0.043,0.107,8.089
0,6,2,115,6,MatMul_31,MatMul,static,AI_CORE,1786102259970747.760	,4.720,1.190000,22,0,NO,"""1,2048;128,64,16,16""",FLOAT16;FLOAT16,ND;FRACTAL_NZ,"""1,1024""",FLOAT16,ND,N/A,3.395,134448,0.49,0.144,0.494,0.146,1.109,0.327,2.65,0.78,2.175,0.641,0.002,0.0,0,0.0,0.0,0.0,0.0,0.0,0.0,0.0,0.0,0.0,65.937
0,6,2,116,6,InplaceAddRmsNorm_12,InplaceAddRmsNorm,static,AI_VECTOR_CORE,1786102259970752.500	,1.840,0.030000,1,0,NO,"""1,1,1024;1,1,1024;1024""",FLOAT16;FLOAT16;FLOAT16,ND;ND;ND,"""1,1,1024;1,1,1;1,1,1024""",FLOAT16;FLOAT;FLOAT16,ND;ND;ND,N/A,0.0,0,0.0,0.0,0.0,0.0,0.0,0.0,0.0,0.0,0.0,0.0,0.0,1.342,2416,0.282,0.21,0.467,0.348,0.529,0.394,0.433,0.323,0.214,0.000
0,6,2,117,6,MatMul_32,MatMul,static,AI_CORE,1786102259970754.360	,9.540,0.000000,24,0,NO,"""1,1024;64,192,16,16""",FLOAT16;FLOAT16,ND;FRACTAL_NZ,"""1,3072""",FLOAT16,ND,N/A,7.169,309719,0.538,0.075,1.037,0.145,1.282,0.179,5.635,0.786,4.214,0.588,0.009,0.0,0,0.0,0.0,0.0,0.0,0.0,0.0,0.0,0.0,0.0,75.151
0,6,2,118,6,MatMul_33,MatMul,static,AI_CORE,1786102259970763.920	,8.140,0.210000,24,0,NO,"""1,1024;64,192,16,16""",FLOAT16;FLOAT16,ND;FRACTAL_NZ,"""1,3072""",FLOAT16,ND,N/A,5.583,241178,0.538,0.096,0.503,0.09,1.287,0.231,4.58,0.82,2.363,0.423,0.0,0.0,0,0.0,0.0,0.0,0.0,0.0,0.0,0.0,0.0,0.0,68.585
0,6,2,119,6,Swish_6Mul_9,AutomaticBufferFusionOp,static,AI_VECTOR_CORE,1786102259970772.080	,1.480,0.000000,3,0,NO,"""1,1,3072;1,1,3072""",FLOAT16;FLOAT16,ND;ND,"""1,1,3072""",FLOAT16,ND,N/A,0.0,0,0.0,0.0,0.0,0.0,0.0,0.0,0.0,0.0,0.0,0.0,0.0,0.816,4404,0.163,0.2,0.126,0.154,0.135,0.166,0.146,0.179,0.185,0.000
0,6,2,120,6,MatMul_34,MatMul,static,AI_CORE,1786102259970773.580	,9.880,0.020000,22,0,NO,"""1,3072;192,64,16,16""",FLOAT16;FLOAT16,ND;FRACTAL_NZ,"""1,1024""",FLOAT16,ND,N/A,8.005,317006,0.734,0.092,0.522,0.065,1.639,0.205,7.262,0.907,2.536,0.317,0.014,0.0,0,0.0,0.0,0.0,0.0,0.0,0.0,0.0,0.0,0.0,74.272
0,6,2,121,6,InplaceAddRmsNorm_13,InplaceAddRmsNorm,static,AI_VECTOR_CORE,1786102259970783.480	,1.540,0.120000,1,0,NO,"""1,1,1024;1,1,1024;1024""",FLOAT16;FLOAT16;FLOAT16,ND;ND;ND,"""1,1,1024;1,1,1;1,1,1024""",FLOAT16;FLOAT;FLOAT16,ND;ND;ND,N/A,0.0,0,0.0,0.0,0.0,0.0,0.0,0.0,0.0,0.0,0.0,0.0,0.0,1.023,1841,0.282,0.276,0.441,0.431,0.387,0.379,0.368,0.36,0.215,0.000
0,6,2,122,6,MatMul_35,MatMul,static,AI_CORE,1786102259970785.040	,8.740,0.000000,23,0,NO,"""1,1024;64,160,16,16""",FLOAT16;FLOAT16,ND;FRACTAL_NZ,"""1,2560""",FLOAT16,ND,N/A,6.599,273199,0.527,0.08,0.499,0.076,1.143,0.173,5.608,0.85,5.012,0.76,0.021,0.0,0,0.0,0.0,0.0,0.0,0.0,0.0,0.0,0.0,0.0,72.358
0,6,2,123,6,SplitV_9,SplitVD,static,AI_VECTOR_CORE,1786102259970793.800	,1.120,0.010000,1,0,NO,"""1,1,2560""",FLOAT16,ND,"""1,1,2048;1,1,256;1,1,256""",FLOAT16;FLOAT16;FLOAT16,ND;ND;ND,N/A,0.0,0,0.0,0.0,0.0,0.0,0.0,0.0,0.0,0.0,0.0,0.0,0.0,0.622,1120,0.008,0.013,0.116,0.187,0.128,0.205,0.152,0.245,0.263,0.000
0,6,2,124,6,Scatter_15,Scatter,static,AI_VECTOR_CORE,1786102259970794.940	,1.600,0.130000,2,0,NO,"""1,2,1024,128;1;1,2,1,128""",FLOAT16;INT64;FLOAT16,NCHW;NCHW;NCHW,"""1,2,1024,128""",FLOAT16,NCHW,N/A,0.0,0,0.0,0.0,0.0,0.0,0.0,0.0,0.0,0.0,0.0,0.0,0.0,1.045,3763,0.008,0.007,0.151,0.144,0.143,0.137,0.259,0.248,0.23,0.000
0,6,2,125,6,ApplyRotaryPosEmb_7,ApplyRotaryPosEmb,static,AI_VECTOR_CORE,1786102259970796.560	,4.200,0.000000,1,0,NO,"""1,1,16,128;1,1,2,128;1,1,1,128;1,1,1,128""",FLOAT16;FLOAT16;FLOAT16;FLOAT16,NCHW;NCHW;NCHW;NCHW,"""1,1,16,128;1,1,2,128""",FLOAT16;FLOAT16,NCHW;NCHW,N/A,0.0,0,0.0,0.0,0.0,0.0,0.0,0.0,0.0,0.0,0.0,0.0,0.0,3.633,6540,0.159,0.044,2.283,0.628,0.207,0.057,0.162,0.045,0.151,0.000
0,6,2,126,6,Scatter_14,Scatter,static,AI_VECTOR_CORE,1786102259970800.780	,1.280,0.050000,2,0,NO,"""1,2,1024,128;1;1,2,1,128""",FLOAT16;INT64;FLOAT16,NCHW;NCHW;NCHW,"""1,2,1024,128""",FLOAT16,NCHW,N/A,0.0,0,0.0,0.0,0.0,0.0,0.0,0.0,0.0,0.0,0.0,0.0,0.0,0.65,2340,0.008,0.012,0.156,0.241,0.107,0.165,0.34,0.523,0.0,0.000
0,6,2,127,6,IncreFlashAttention_7,IncreFlashAttention,static,MIX_AIC,1786102259970803.180	,21.380,1.220000,2,4,NO,"""1,16,1,128;1,2,1024,128;1,2,1024,128;1,1,1,1024""",FLOAT16;FLOAT16;FLOAT16;BOOL,NCHW;NCHW;NCHW;NCHW,"""1,16,1,128""",FLOAT16,NCHW,0,20.888,75197,1.076,0.051,14.214,0.681,2.698,0.129,7.041,0.337,2.952,0.141,0.057,11.76,84672,0.719,0.061,1.939,0.165,0.218,0.019,0.444,0.038,0.115,8.142
0,6,2,128,6,MatMul_36,MatMul,static,AI_CORE,1786102259970825.740	,6.040,1.120000,22,0,NO,"""1,2048;128,64,16,16""",FLOAT16;FLOAT16,ND;FRACTAL_NZ,"""1,1024""",FLOAT16,ND,N/A,4.101,162409,0.487,0.119,0.499,0.122,1.101,0.268,3.358,0.819,2.832,0.691,0.002,0.0,0,0.0,0.0,0.0,0.0,0.0,0.0,0.0,0.0,0.0,62.243
0,6,2,129,6,InplaceAddRmsNorm_14,InplaceAddRmsNorm,static,AI_VECTOR_CORE,1786102259970831.820	,1.540,0.000000,1,0,NO,"""1,1,1024;1,1,1024;1024""",FLOAT16;FLOAT16;FLOAT16,ND;ND;ND,"""1,1,1024;1,1,1;1,1,1024""",FLOAT16;FLOAT;FLOAT16,ND;ND;ND,N/A,0.0,0,0.0,0.0,0.0,0.0,0.0,0.0,0.0,0.0,0.0,0.0,0.0,1.072,1930,0.282,0.263,0.483,0.451,0.366,0.341,0.371,0.346,0.214,0.000
0,6,2,130,6,MatMul_37,MatMul,static,AI_CORE,1786102259970833.380	,7.520,0.210000,24,0,NO,"""1,1024;64,192,16,16""",FLOAT16;FLOAT16,ND;FRACTAL_NZ,"""1,3072""",FLOAT16,ND,N/A,5.452,235527,0.538,0.099,0.521,0.096,1.281,0.235,4.432,0.813,3.528,0.647,0.009,0.0,0,0.0,0.0,0.0,0.0,0.0,0.0,0.0,0.0,0.0,72.500
0,6,2,131,6,MatMul_38,MatMul,static,AI_CORE,1786102259970840.920	,7.540,0.000000,24,0,NO,"""1,1024;64,192,16,16""",FLOAT16;FLOAT16,ND;FRACTAL_NZ,"""1,3072""",FLOAT16,ND,N/A,5.091,219944,0.538,0.106,0.638,0.125,1.291,0.254,4.005,0.787,1.925,0.378,0.0,0.0,0,0.0,0.0,0.0,0.0,0.0,0.0,0.0,0.0,0.0,67.524
0,6,2,132,6,Swish_7Mul_10,AutomaticBufferFusionOp,static,AI_VECTOR_CORE,1786102259970848.480	,1.540,0.000000,3,0,NO,"""1,1,3072;1,1,3072""",FLOAT16;FLOAT16,ND;ND,"""1,1,3072""",FLOAT16,ND,N/A,0.0,0,0.0,0.0,0.0,0.0,0.0,0.0,0.0,0.0,0.0,0.0,0.0,0.936,5053,0.163,0.174,0.187,0.2,0.132,0.141,0.121,0.13,0.211,0.000
0,6,2,133,6,MatMul_39,MatMul,static,AI_CORE,1786102259970850.040	,9.020,0.000000,22,0,NO,"""1,3072;192,64,16,16""",FLOAT16;FLOAT16,ND;FRACTAL_NZ,"""1,1024""",FLOAT16,ND,N/A,6.996,277046,0.731,0.105,0.979,0.14,1.64,0.234,5.859,0.838,2.047,0.293,0.014,0.0,0,0.0,0.0,0.0,0.0,0.0,0.0,0.0,0.0,0.0,71.099
0,6,2,134,6,InplaceAddRmsNorm_15,InplaceAddRmsNorm,static,AI_VECTOR_CORE,1786102259970859.080	,1.620,0.000000,1,0,NO,"""1,1,1024;1,1,1024;1024""",FLOAT16;FLOAT16;FLOAT16,ND;ND;ND,"""1,1,1024;1,1,1;1,1,1024""",FLOAT16;FLOAT;FLOAT16,ND;ND;ND,N/A,0.0,0,0.0,0.0,0.0,0.0,0.0,0.0,0.0,0.0,0.0,0.0,0.0,1.121,2017,0.282,0.252,0.536,0.478,0.371,0.331,0.364,0.325,0.215,0.000
0,6,2,135,6,MatMul_40,MatMul,static,AI_CORE,1786102259970860.740	,8.800,0.130000,23,0,NO,"""1,1024;64,160,16,16""",FLOAT16;FLOAT16,ND;FRACTAL_NZ,"""1,2560""",FLOAT16,ND,N/A,6.418,265724,0.527,0.082,0.91,0.142,1.144,0.178,5.037,0.785,3.215,0.501,0.021,0.0,0,0.0,0.0,0.0,0.0,0.0,0.0,0.0,0.0,0.0,69.898
0,6,2,136,6,SplitV_10,SplitVD,static,AI_VECTOR_CORE,1786102259970869.560	,1.020,0.000000,1,0,NO,"""1,1,2560""",FLOAT16,ND,"""1,1,2048;1,1,256;1,1,256""",FLOAT16;FLOAT16;FLOAT16,ND;ND;ND,N/A,0.0,0,0.0,0.0,0.0,0.0,0.0,0.0,0.0,0.0,0.0,0.0,0.0,0.504,907,0.008,0.015,0.117,0.232,0.118,0.234,0.146,0.29,0.263,0.000
0,6,2,137,6,Scatter_17,Scatter,static,AI_VECTOR_CORE,1786102259970870.600	,1.200,0.000000,2,0,NO,"""1,2,1024,128;1;1,2,1,128""",FLOAT16;INT64;FLOAT16,NCHW;NCHW;NCHW,"""1,2,1024,128""",FLOAT16,NCHW,N/A,0.0,0,0.0,0.0,0.0,0.0,0.0,0.0,0.0,0.0,0.0,0.0,0.0,0.63,2268,0.008,0.012,0.14,0.223,0.114,0.181,0.298,0.473,0.125,0.000
0,6,2,138,6,ApplyRotaryPosEmb_8,ApplyRotaryPosEmb,static,AI_VECTOR_CORE,1786102259970871.820	,2.840,0.050000,1,0,NO,"""1,1,16,128;1,1,2,128;1,1,1,128;1,1,1,128""",FLOAT16;FLOAT16;FLOAT16;FLOAT16,NCHW;NCHW;NCHW;NCHW,"""1,1,16,128;1,1,2,128""",FLOAT16;FLOAT16,NCHW;NCHW,N/A,0.0,0,0.0,0.0,0.0,0.0,0.0,0.0,0.0,0.0,0.0,0.0,0.0,2.327,4189,0.153,0.066,1.622,0.697,0.156,0.067,0.161,0.069,0.162,0.000
0,6,2,139,6,Scatter_16,Scatter,static,AI_VECTOR_CORE,1786102259970874.680	,1.080,0.160000,2,0,NO,"""1,2,1024,128;1;1,2,1,128""",FLOAT16;INT64;FLOAT16,NCHW;NCHW;NCHW,"""1,2,1024,128""",FLOAT16,NCHW,N/A,0.0,0,0.0,0.0,0.0,0.0,0.0,0.0,0.0,0.0,0.0,0.0,0.0,0.531,1913,0.008,0.015,0.202,0.38,0.113,0.212,0.228,0.428,0.0,0.000
0,6,2,140,6,IncreFlashAttention_8,IncreFlashAttention,static,MIX_AIC,1786102259970877.000	,16.540,1.170000,2,4,NO,"""1,16,1,128;1,2,1024,128;1,2,1024,128;1,1,1,1024""",FLOAT16;FLOAT16;FLOAT16;BOOL,NCHW;NCHW;NCHW;NCHW,"""1,16,1,128""",FLOAT16,NCHW,0,16.015,57653,1.076,0.067,12.365,0.772,2.697,0.168,7.074,0.442,2.88,0.18,0.009,8.902,64094,0.717,0.081,1.95,0.219,0.192,0.022,0.426,0.048,0.106,8.069
0,6,2,141,6,MatMul_41,MatMul,static,AI_CORE,1786102259970894.680	,6.240,1.210000,22,0,NO,"""1,2048;128,64,16,16""",FLOAT16;FLOAT16,ND;FRACTAL_NZ,"""1,1024""",FLOAT16,ND,N/A,4.307,170576,0.488,0.113,0.686,0.159,1.097,0.255,3.581,0.831,3.082,0.715,0.0,0.0,0,0.0,0.0,0.0,0.0,0.0,0.0,0.0,0.0,0.0,63.278
0,6,2,142,6,InplaceAddRmsNorm_16,InplaceAddRmsNorm,static,AI_VECTOR_CORE,1786102259970900.940	,1.580,0.010000,1,0,NO,"""1,1,1024;1,1,1024;1024""",FLOAT16;FLOAT16;FLOAT16,ND;ND;ND,"""1,1,1024;1,1,1;1,1,1024""",FLOAT16;FLOAT;FLOAT16,ND;ND;ND,N/A,0.0,0,0.0,0.0,0.0,0.0,0.0,0.0,0.0,0.0,0.0,0.0,0.0,1.032,1857,0.282,0.274,0.44,0.426,0.359,0.348,0.362,0.351,0.214,0.000
0,6,2,143,6,MatMul_42,MatMul,static,AI_CORE,1786102259970902.540	,8.900,0.000000,24,0,NO,"""1,1024;64,192,16,16""",FLOAT16;FLOAT16,ND;FRACTAL_NZ,"""1,3072""",FLOAT16,ND,N/A,6.739,291143,0.538,0.08,0.425,0.063,1.288,0.191,5.866,0.87,4.973,0.738,0.01,0.0,0,0.0,0.0,0.0,0.0,0.0,0.0,0.0,0.0,0.0,75.724
0,6,2,144,6,MatMul_43,MatMul,static,AI_CORE,1786102259970911.460	,7.400,0.100000,24,0,NO,"""1,1024;64,192,16,16""",FLOAT16;FLOAT16,ND;FRACTAL_NZ,"""1,3072""",FLOAT16,ND,N/A,4.897,211554,0.538,0.11,0.413,0.084,1.29,0.263,4.033,0.824,1.938,0.396,0.0,0.0,0,0.0,0.0,0.0,0.0,0.0,0.0,0.0,0.0,0.0,66.177
0,6,2,145,6,Swish_8Mul_11,AutomaticBufferFusionOp,static,AI_VECTOR_CORE,1786102259970918.900	,1.580,0.100000,3,0,NO,"""1,1,3072;1,1,3072""",FLOAT16;FLOAT16,ND;ND,"""1,1,3072""",FLOAT16,ND,N/A,0.0,0,0.0,0.0,0.0,0.0,0.0,0.0,0.0,0.0,0.0,0.0,0.0,0.861,4651,0.163,0.19,0.131,0.152,0.133,0.154,0.141,0.163,0.167,0.000
0,6,2,146,6,MatMul_44,MatMul,static,AI_CORE,1786102259970920.500	,9.380,0.000000,22,0,NO,"""1,3072;192,64,16,16""",FLOAT16;FLOAT16,ND;FRACTAL_NZ,"""1,1024""",FLOAT16,ND,N/A,7.111,281578,0.731,0.103,0.865,0.122,1.648,0.232,6.064,0.853,2.082,0.293,0.013,0.0,0,0.0,0.0,0.0,0.0,0.0,0.0,0.0,0.0,0.0,69.488
0,6,2,147,6,InplaceAddRmsNorm_17,InplaceAddRmsNorm,static,AI_VECTOR_CORE,1786102259970929.900	,1.740,0.120000,1,0,NO,"""1,1,1024;1,1,1024;1024""",FLOAT16;FLOAT16;FLOAT16,ND;ND;ND,"""1,1,1024;1,1,1;1,1,1024""",FLOAT16;FLOAT;FLOAT16,ND;ND;ND,N/A,0.0,0,0.0,0.0,0.0,0.0,0.0,0.0,0.0,0.0,0.0,0.0,0.0,1.236,2224,0.282,0.228,0.597,0.483,0.394,0.319,0.394,0.319,0.215,0.000
0,6,2,148,6,MatMul_45,MatMul,static,AI_CORE,1786102259970931.660	,6.860,0.010000,23,0,NO,"""1,1024;64,160,16,16""",FLOAT16;FLOAT16,ND;FRACTAL_NZ,"""1,2560""",FLOAT16,ND,N/A,4.456,184459,0.527,0.118,0.39,0.088,1.144,0.257,3.591,0.806,1.746,0.392,0.026,0.0,0,0.0,0.0,0.0,0.0,0.0,0.0,0.0,0.0,0.0,62.243
0,6,2,149,6,SplitV_11,SplitVD,static,AI_VECTOR_CORE,1786102259970938.540	,1.080,0.000000,1,0,NO,"""1,1,2560""",FLOAT16,ND,"""1,1,2048;1,1,256;1,1,256""",FLOAT16;FLOAT16;FLOAT16,ND;ND;ND,N/A,0.0,0,0.0,0.0,0.0,0.0,0.0,0.0,0.0,0.0,0.0,0.0,0.0,0.569,1025,0.008,0.014,0.156,0.274,0.134,0.236,0.153,0.268,0.263,0.000
0,6,2,150,6,Scatter_19,Scatter,static,AI_VECTOR_CORE,1786102259970939.640	,1.280,0.170000,2,0,NO,"""1,2,1024,128;1;1,2,1,128""",FLOAT16;INT64;FLOAT16,NCHW;NCHW;NCHW,"""1,2,1024,128""",FLOAT16,NCHW,N/A,0.0,0,0.0,0.0,0.0,0.0,0.0,0.0,0.0,0.0,0.0,0.0,0.0,0.669,2408,0.008,0.012,0.132,0.198,0.101,0.151,0.196,0.293,0.182,0.000
0,6,2,151,6,ApplyRotaryPosEmb_9,ApplyRotaryPosEmb,static,AI_VECTOR_CORE,1786102259970940.940	,3.260,0.000000,1,0,NO,"""1,1,16,128;1,1,2,128;1,1,1,128;1,1,1,128""",FLOAT16;FLOAT16;FLOAT16;FLOAT16,NCHW;NCHW;NCHW;NCHW,"""1,1,16,128;1,1,2,128""",FLOAT16;FLOAT16,NCHW;NCHW,N/A,0.0,0,0.0,0.0,0.0,0.0,0.0,0.0,0.0,0.0,0.0,0.0,0.0,2.705,4869,0.164,0.061,2.096,0.775,0.158,0.059,0.143,0.053,0.158,0.000
0,6,2,152,6,Scatter_18,Scatter,static,AI_VECTOR_CORE,1786102259970944.220	,1.240,0.000000,2,0,NO,"""1,2,1024,128;1;1,2,1,128""",FLOAT16;INT64;FLOAT16,NCHW;NCHW;NCHW,"""1,2,1024,128""",FLOAT16,NCHW,N/A,0.0,0,0.0,0.0,0.0,0.0,0.0,0.0,0.0,0.0,0.0,0.0,0.0,0.641,2309,0.008,0.012,0.2,0.312,0.12,0.187,0.277,0.432,0.0,0.000
0,6,2,153,6,IncreFlashAttention_9,IncreFlashAttention,static,MIX_AIC,1786102259970946.400	,16.360,1.010000,2,4,NO,"""1,16,1,128;1,2,1024,128;1,2,1024,128;1,1,1,1024""",FLOAT16;FLOAT16;FLOAT16;BOOL,NCHW;NCHW;NCHW;NCHW,"""1,16,1,128""",FLOAT16,NCHW,0,15.838,57017,1.076,0.068,12.396,0.783,2.698,0.17,6.743,0.426,2.814,0.178,0.009,8.881,63942,0.717,0.081,1.977,0.223,0.197,0.022,0.443,0.05,0.104,8.067
0,6,2,154,6,MatMul_46,MatMul,static,AI_CORE,1786102259970963.460	,6.400,0.640000,22,0,NO,"""1,2048;128,64,16,16""",FLOAT16;FLOAT16,ND;FRACTAL_NZ,"""1,1024""",FLOAT16,ND,N/A,4.437,175687,0.486,0.11,0.813,0.183,1.1,0.248,3.358,0.757,2.078,0.468,0.0,0.0,0,0.0,0.0,0.0,0.0,0.0,0.0,0.0,0.0,0.0,63.544
0,6,2,155,6,InplaceAddRmsNorm_18,InplaceAddRmsNorm,static,AI_VECTOR_CORE,1786102259970969.880	,1.720,0.100000,1,0,NO,"""1,1,1024;1,1,1024;1024""",FLOAT16;FLOAT16;FLOAT16,ND;ND;ND,"""1,1,1024;1,1,1;1,1,1024""",FLOAT16;FLOAT;FLOAT16,ND;ND;ND,N/A,0.0,0,0.0,0.0,0.0,0.0,0.0,0.0,0.0,0.0,0.0,0.0,0.0,1.129,2032,0.282,0.25,0.474,0.42,0.42,0.372,0.394,0.349,0.214,0.000
0,6,2,156,6,MatMul_47,MatMul,static,AI_CORE,1786102259970971.640	,6.860,0.030000,24,0,NO,"""1,1024;64,192,16,16""",FLOAT16;FLOAT16,ND;FRACTAL_NZ,"""1,3072""",FLOAT16,ND,N/A,4.903,211820,0.538,0.11,0.412,0.084,1.292,0.263,4.038,0.824,3.196,0.652,0.01,0.0,0,0.0,0.0,0.0,0.0,0.0,0.0,0.0,0.0,0.0,71.476
0,6,2,157,6,MatMul_48,MatMul,static,AI_CORE,1786102259970978.520	,8.980,0.000000,24,0,NO,"""1,1024;64,192,16,16""",FLOAT16;FLOAT16,ND;FRACTAL_NZ,"""1,3072""",FLOAT16,ND,N/A,6.501,280853,0.538,0.083,0.42,0.065,1.286,0.198,5.64,0.868,4.847,0.746,0.0,0.0,0,0.0,0.0,0.0,0.0,0.0,0.0,0.0,0.0,0.0,72.397
0,6,2,158,6,Swish_9Mul_12,AutomaticBufferFusionOp,static,AI_VECTOR_CORE,1786102259970987.520	,1.500,0.020000,3,0,NO,"""1,1,3072;1,1,3072""",FLOAT16;FLOAT16,ND;ND,"""1,1,3072""",FLOAT16,ND,N/A,0.0,0,0.0,0.0,0.0,0.0,0.0,0.0,0.0,0.0,0.0,0.0,0.0,0.809,4367,0.163,0.201,0.137,0.17,0.161,0.199,0.135,0.167,0.176,0.000
0,6,2,159,6,MatMul_49,MatMul,static,AI_CORE,1786102259970989.040	,9.120,0.000000,22,0,NO,"""1,3072;192,64,16,16""",FLOAT16;FLOAT16,ND;FRACTAL_NZ,"""1,1024""",FLOAT16,ND,N/A,7.102,281250,0.731,0.103,0.432,0.061,1.647,0.232,6.483,0.913,3.691,0.52,0.013,0.0,0,0.0,0.0,0.0,0.0,0.0,0.0,0.0,0.0,0.0,71.386
0,6,2,160,6,InplaceAddRmsNorm_19,InplaceAddRmsNorm,static,AI_VECTOR_CORE,1786102259970998.200	,1.620,0.130000,1,0,NO,"""1,1,1024;1,1,1024;1024""",FLOAT16;FLOAT16;FLOAT16,ND;ND;ND,"""1,1,1024;1,1,1;1,1,1024""",FLOAT16;FLOAT;FLOAT16,ND;ND;ND,N/A,0.0,0,0.0,0.0,0.0,0.0,0.0,0.0,0.0,0.0,0.0,0.0,0.0,1.14,2052,0.282,0.248,0.547,0.48,0.41,0.36,0.378,0.332,0.207,0.000
0,6,2,161,6,MatMul_50,MatMul,static,AI_CORE,1786102259970999.860	,7.900,0.000000,23,0,NO,"""1,1024;64,160,16,16""",FLOAT16;FLOAT16,ND;FRACTAL_NZ,"""1,2560""",FLOAT16,ND,N/A,5.81,240520,0.527,0.091,0.376,0.065,1.144,0.197,4.982,0.858,3.288,0.566,0.027,0.0,0,0.0,0.0,0.0,0.0,0.0,0.0,0.0,0.0,0.0,70.476
0,6,2,162,6,SplitV_12,SplitVD,static,AI_VECTOR_CORE,1786102259971007.780	,1.020,0.100000,1,0,NO,"""1,1,2560""",FLOAT16,ND,"""1,1,2048;1,1,256;1,1,256""",FLOAT16;FLOAT16;FLOAT16,ND;ND;ND,N/A,0.0,0,0.0,0.0,0.0,0.0,0.0,0.0,0.0,0.0,0.0,0.0,0.0,0.53,954,0.008,0.015,0.126,0.238,0.123,0.233,0.157,0.297,0.263,0.000
0,6,2,163,6,Scatter_21,Scatter,static,AI_VECTOR_CORE,1786102259971008.820	,1.400,0.000000,2,0,NO,"""1,2,1024,128;1;1,2,1,128""",FLOAT16;INT64;FLOAT16,NCHW;NCHW;NCHW,"""1,2,1024,128""",FLOAT16,NCHW,N/A,0.0,0,0.0,0.0,0.0,0.0,0.0,0.0,0.0,0.0,0.0,0.0,0.0,0.769,2770,0.008,0.01,0.116,0.151,0.11,0.143,0.32,0.416,0.196,0.000
0,6,2,164,6,ApplyRotaryPosEmb_10,ApplyRotaryPosEmb,static,AI_VECTOR_CORE,1786102259971010.240	,2.460,0.100000,1,0,NO,"""1,1,16,128;1,1,2,128;1,1,1,128;1,1,1,128""",FLOAT16;FLOAT16;FLOAT16;FLOAT16,NCHW;NCHW;NCHW;NCHW,"""1,1,16,128;1,1,2,128""",FLOAT16;FLOAT16,NCHW;NCHW,N/A,0.0,0,0.0,0.0,0.0,0.0,0.0,0.0,0.0,0.0,0.0,0.0,0.0,1.949,3509,0.158,0.081,1.448,0.743,0.157,0.081,0.147,0.075,0.168,0.000
0,6,2,165,6,Scatter_20,Scatter,static,AI_VECTOR_CORE,1786102259971012.720	,1.120,0.040000,2,0,NO,"""1,2,1024,128;1;1,2,1,128""",FLOAT16;INT64;FLOAT16,NCHW;NCHW;NCHW,"""1,2,1024,128""",FLOAT16,NCHW,N/A,0.0,0,0.0,0.0,0.0,0.0,0.0,0.0,0.0,0.0,0.0,0.0,0.0,0.556,2003,0.008,0.014,0.126,0.226,0.113,0.204,0.284,0.511,0.0,0.000
0,6,2,166,6,IncreFlashAttention_10,IncreFlashAttention,static,MIX_AIC,1786102259971014.740	,16.760,0.880000,2,4,NO,"""1,16,1,128;1,2,1024,128;1,2,1024,128;1,1,1,1024""",FLOAT16;FLOAT16;FLOAT16;BOOL,NCHW;NCHW;NCHW;NCHW,"""1,16,1,128""",FLOAT16,NCHW,0,16.276,58595,1.076,0.066,12.683,0.779,2.699,0.166,6.999,0.43,3.01,0.185,0.01,9.108,65576,0.72,0.079,1.889,0.207,0.195,0.021,0.449,0.049,0.104,8.093
0,6,2,167,6,MatMul_51,MatMul,static,AI_CORE,1786102259971032.420	,5.840,0.990000,22,0,NO,"""1,2048;128,64,16,16""",FLOAT16;FLOAT16,ND;FRACTAL_NZ,"""1,1024""",FLOAT16,ND,N/A,4.058,160710,0.488,0.12,0.397,0.098,1.113,0.274,3.407,0.839,2.967,0.731,0.0,0.0,0,0.0,0.0,0.0,0.0,0.0,0.0,0.0,0.0,0.0,63.701
0,6,2,168,6,InplaceAddRmsNorm_20,InplaceAddRmsNorm,static,AI_VECTOR_CORE,1786102259971038.300	,1.560,0.000000,1,0,NO,"""1,1,1024;1,1,1024;1024""",FLOAT16;FLOAT16;FLOAT16,ND;ND;ND,"""1,1,1024;1,1,1;1,1,1024""",FLOAT16;FLOAT;FLOAT16,ND;ND;ND,N/A,0.0,0,0.0,0.0,0.0,0.0,0.0,0.0,0.0,0.0,0.0,0.0,0.0,1.114,2006,0.282,0.253,0.499,0.448,0.424,0.38,0.401,0.359,0.214,0.000
0,6,2,169,6,MatMul_52,MatMul,static,AI_CORE,1786102259971039.900	,7.300,0.190000,24,0,NO,"""1,1024;64,192,16,16""",FLOAT16;FLOAT16,ND;FRACTAL_NZ,"""1,3072""",FLOAT16,ND,N/A,5.286,228347,0.538,0.102,0.428,0.081,1.291,0.244,4.411,0.835,3.496,0.661,0.014,0.0,0,0.0,0.0,0.0,0.0,0.0,0.0,0.0,0.0,0.0,72.408
0,6,2,170,6,MatMul_53,MatMul,static,AI_CORE,1786102259971047.240	,9.040,0.000000,24,0,NO,"""1,1024;64,192,16,16""",FLOAT16;FLOAT16,ND;FRACTAL_NZ,"""1,3072""",FLOAT16,ND,N/A,6.645,287080,0.538,0.081,0.592,0.089,1.29,0.194,5.792,0.872,3.864,0.581,0.0,0.0,0,0.0,0.0,0.0,0.0,0.0,0.0,0.0,0.0,0.0,73.511
0,6,2,171,6,Swish_10Mul_13,AutomaticBufferFusionOp,static,AI_VECTOR_CORE,1786102259971056.300	,1.460,0.000000,3,0,NO,"""1,1,3072;1,1,3072""",FLOAT16;FLOAT16,ND;ND,"""1,1,3072""",FLOAT16,ND,N/A,0.0,0,0.0,0.0,0.0,0.0,0.0,0.0,0.0,0.0,0.0,0.0,0.0,0.802,4331,0.163,0.204,0.128,0.16,0.129,0.161,0.142,0.177,0.185,0.000
0,6,2,172,6,MatMul_54,MatMul,static,AI_CORE,1786102259971057.780	,9.160,0.040000,22,0,NO,"""1,3072;192,64,16,16""",FLOAT16;FLOAT16,ND;FRACTAL_NZ,"""1,1024""",FLOAT16,ND,N/A,7.112,281618,0.733,0.103,0.415,0.058,1.647,0.232,6.523,0.917,3.669,0.516,0.015,0.0,0,0.0,0.0,0.0,0.0,0.0,0.0,0.0,0.0,0.0,71.167
0,6,2,173,6,InplaceAddRmsNorm_21,InplaceAddRmsNorm,static,AI_VECTOR_CORE,1786102259971066.960	,1.580,0.090000,1,0,NO,"""1,1,1024;1,1,1024;1024""",FLOAT16;FLOAT16;FLOAT16,ND;ND;ND,"""1,1,1024;1,1,1;1,1,1024""",FLOAT16;FLOAT;FLOAT16,ND;ND;ND,N/A,0.0,0,0.0,0.0,0.0,0.0,0.0,0.0,0.0,0.0,0.0,0.0,0.0,1.112,2002,0.282,0.254,0.54,0.486,0.376,0.338,0.359,0.323,0.215,0.000
0,6,2,174,6,MatMul_55,MatMul,static,AI_CORE,1786102259971068.580	,6.600,0.000000,23,0,NO,"""1,1024;64,160,16,16""",FLOAT16;FLOAT16,ND;FRACTAL_NZ,"""1,2560""",FLOAT16,ND,N/A,4.395,181963,0.527,0.12,0.398,0.09,1.14,0.259,3.526,0.802,1.804,0.41,0.026,0.0,0,0.0,0.0,0.0,0.0,0.0,0.0,0.0,0.0,0.0,63.820
0,6,2,175,6,SplitV_13,SplitVD,static,AI_VECTOR_CORE,1786102259971075.200	,1.020,0.150000,1,0,NO,"""1,1,2560""",FLOAT16,ND,"""1,1,2048;1,1,256;1,1,256""",FLOAT16;FLOAT16;FLOAT16,ND;ND;ND,N/A,0.0,0,0.0,0.0,0.0,0.0,0.0,0.0,0.0,0.0,0.0,0.0,0.0,0.531,955,0.008,0.015,0.136,0.257,0.121,0.227,0.146,0.275,0.263,0.000
0,6,2,176,6,Scatter_23,Scatter,static,AI_VECTOR_CORE,1786102259971076.240	,1.200,0.000000,2,0,NO,"""1,2,1024,128;1;1,2,1,128""",FLOAT16;INT64;FLOAT16,NCHW;NCHW;NCHW,"""1,2,1024,128""",FLOAT16,NCHW,N/A,0.0,0,0.0,0.0,0.0,0.0,0.0,0.0,0.0,0.0,0.0,0.0,0.0,0.661,2378,0.008,0.012,0.121,0.183,0.108,0.163,0.196,0.297,0.182,0.000
0,6,2,177,6,ApplyRotaryPosEmb_11,ApplyRotaryPosEmb,static,AI_VECTOR_CORE,1786102259971077.460	,2.320,0.050000,1,0,NO,"""1,1,16,128;1,1,2,128;1,1,1,128;1,1,1,128""",FLOAT16;FLOAT16;FLOAT16;FLOAT16,NCHW;NCHW;NCHW;NCHW,"""1,1,16,128;1,1,2,128""",FLOAT16;FLOAT16,NCHW;NCHW,N/A,0.0,0,0.0,0.0,0.0,0.0,0.0,0.0,0.0,0.0,0.0,0.0,0.0,1.799,3239,0.159,0.088,1.318,0.733,0.153,0.085,0.146,0.081,0.167,0.000
0,6,2,178,6,Scatter_22,Scatter,static,AI_VECTOR_CORE,1786102259971079.800	,1.140,0.000000,2,0,NO,"""1,2,1024,128;1;1,2,1,128""",FLOAT16;INT64;FLOAT16,NCHW;NCHW;NCHW,"""1,2,1024,128""",FLOAT16,NCHW,N/A,0.0,0,0.0,0.0,0.0,0.0,0.0,0.0,0.0,0.0,0.0,0.0,0.0,0.599,2155,0.008,0.013,0.146,0.245,0.108,0.18,0.303,0.506,0.0,0.000
0,6,2,179,6,IncreFlashAttention_11,IncreFlashAttention,static,MIX_AIC,1786102259971081.860	,17.080,0.860000,2,4,NO,"""1,16,1,128;1,2,1024,128;1,2,1024,128;1,1,1,1024""",FLOAT16;FLOAT16;FLOAT16;BOOL,NCHW;NCHW;NCHW;NCHW,"""1,16,1,128""",FLOAT16,NCHW,0,16.326,58775,1.076,0.066,12.637,0.774,2.697,0.165,7.292,0.447,3.012,0.184,0.009,9.095,65487,0.718,0.079,1.992,0.219,0.196,0.022,0.435,0.048,0.107,7.966
0,6,2,180,6,MatMul_56,MatMul,static,AI_CORE,1786102259971100.120	,7.620,1.170000,22,0,NO,"""1,2048;128,64,16,16""",FLOAT16;FLOAT16,ND;FRACTAL_NZ,"""1,1024""",FLOAT16,ND,N/A,5.829,230821,0.488,0.084,0.572,0.098,1.104,0.189,5.034,0.864,3.653,0.627,0.0,0.0,0,0.0,0.0,0.0,0.0,0.0,0.0,0.0,0.0,0.0,70.119
0,6,2,181,6,InplaceAddRmsNorm_22,InplaceAddRmsNorm,static,AI_VECTOR_CORE,1786102259971107.760	,1.600,0.130000,1,0,NO,"""1,1,1024;1,1,1024;1024""",FLOAT16;FLOAT16;FLOAT16,ND;ND;ND,"""1,1,1024;1,1,1;1,1,1024""",FLOAT16;FLOAT;FLOAT16,ND;ND;ND,N/A,0.0,0,0.0,0.0,0.0,0.0,0.0,0.0,0.0,0.0,0.0,0.0,0.0,1.056,1901,0.282,0.267,0.462,0.438,0.382,0.362,0.362,0.342,0.214,0.000
0,6,2,182,6,MatMul_57,MatMul,static,AI_CORE,1786102259971109.380	,7.500,0.150000,24,0,NO,"""1,1024;64,192,16,16""",FLOAT16;FLOAT16,ND;FRACTAL_NZ,"""1,3072""",FLOAT16,ND,N/A,4.918,212455,0.538,0.109,0.495,0.101,1.288,0.262,3.966,0.806,1.991,0.405,0.011,0.0,0,0.0,0.0,0.0,0.0,0.0,0.0,0.0,0.0,0.0,65.573
0,6,2,183,6,MatMul_58,MatMul,static,AI_CORE,1786102259971116.900	,7.400,0.000000,24,0,NO,"""1,1024;64,192,16,16""",FLOAT16;FLOAT16,ND;FRACTAL_NZ,"""1,3072""",FLOAT16,ND,N/A,5.506,237843,0.538,0.098,1.029,0.187,1.285,0.233,3.985,0.724,2.633,0.478,0.0,0.0,0,0.0,0.0,0.0,0.0,0.0,0.0,0.0,0.0,0.0,74.400
0,6,2,184,6,Swish_11Mul_14,AutomaticBufferFusionOp,static,AI_VECTOR_CORE,1786102259971124.320	,1.480,0.000000,3,0,NO,"""1,1,3072;1,1,3072""",FLOAT16;FLOAT16,ND;ND,"""1,1,3072""",FLOAT16,ND,N/A,0.0,0,0.0,0.0,0.0,0.0,0.0,0.0,0.0,0.0,0.0,0.0,0.0,0.802,4329,0.163,0.203,0.128,0.159,0.13,0.162,0.126,0.157,0.167,0.000
0,6,2,185,6,MatMul_59,MatMul,static,AI_CORE,1786102259971125.820	,8.400,0.020000,22,0,NO,"""1,3072;192,64,16,16""",FLOAT16;FLOAT16,ND;FRACTAL_NZ,"""1,1024""",FLOAT16,ND,N/A,6.333,250800,0.729,0.115,0.481,0.076,1.646,0.26,5.691,0.899,2.869,0.453,0.014,0.0,0,0.0,0.0,0.0,0.0,0.0,0.0,0.0,0.0,0.0,69.114
0,6,2,186,6,InplaceAddRmsNorm_23,InplaceAddRmsNorm,static,AI_VECTOR_CORE,1786102259971134.240	,1.820,0.100000,1,0,NO,"""1,1,1024;1,1,1024;1024""",FLOAT16;FLOAT16;FLOAT16,ND;ND;ND,"""1,1,1024;1,1,1;1,1,1024""",FLOAT16;FLOAT;FLOAT16,ND;ND;ND,N/A,0.0,0,0.0,0.0,0.0,0.0,0.0,0.0,0.0,0.0,0.0,0.0,0.0,1.272,2289,0.282,0.222,0.553,0.435,0.519,0.408,0.388,0.305,0.215,0.000
0,6,2,187,6,MatMul_60,MatMul,static,AI_CORE,1786102259971136.080	,8.100,0.000000,23,0,NO,"""1,1024;64,160,16,16""",FLOAT16;FLOAT16,ND;FRACTAL_NZ,"""1,2560""",FLOAT16,ND,N/A,6.089,252098,0.527,0.087,0.455,0.075,1.146,0.188,5.163,0.848,3.499,0.575,0.025,0.0,0,0.0,0.0,0.0,0.0,0.0,0.0,0.0,0.0,0.0,72.044
0,6,2,188,6,SplitV_14,SplitVD,static,AI_VECTOR_CORE,1786102259971144.200	,1.100,0.150000,1,0,NO,"""1,1,2560""",FLOAT16,ND,"""1,1,2048;1,1,256;1,1,256""",FLOAT16;FLOAT16;FLOAT16,ND;ND;ND,N/A,0.0,0,0.0,0.0,0.0,0.0,0.0,0.0,0.0,0.0,0.0,0.0,0.0,0.529,953,0.008,0.015,0.117,0.22,0.128,0.242,0.151,0.285,0.263,0.000
0,6,2,189,6,Scatter_25,Scatter,static,AI_VECTOR_CORE,1786102259971145.320	,1.400,0.000000,2,0,NO,"""1,2,1024,128;1;1,2,1,128""",FLOAT16;INT64;FLOAT16,NCHW;NCHW;NCHW,"""1,2,1024,128""",FLOAT16,NCHW,N/A,0.0,0,0.0,0.0,0.0,0.0,0.0,0.0,0.0,0.0,0.0,0.0,0.0,0.732,2635,0.008,0.011,0.131,0.179,0.113,0.154,0.291,0.397,0.196,0.000
0,6,2,190,6,ApplyRotaryPosEmb_12,ApplyRotaryPosEmb,static,AI_VECTOR_CORE,1786102259971146.740	,2.340,0.100000,1,0,NO,"""1,1,16,128;1,1,2,128;1,1,1,128;1,1,1,128""",FLOAT16;FLOAT16;FLOAT16;FLOAT16,NCHW;NCHW;NCHW;NCHW,"""1,1,16,128;1,1,2,128""",FLOAT16;FLOAT16,NCHW;NCHW,N/A,0.0,0,0.0,0.0,0.0,0.0,0.0,0.0,0.0,0.0,0.0,0.0,0.0,1.836,3304,0.153,0.083,1.341,0.73,0.164,0.09,0.157,0.086,0.171,0.000
0,6,2,191,6,Scatter_24,Scatter,static,AI_VECTOR_CORE,1786102259971149.100	,1.060,0.000000,2,0,NO,"""1,2,1024,128;1;1,2,1,128""",FLOAT16;INT64;FLOAT16,NCHW;NCHW;NCHW,"""1,2,1024,128""",FLOAT16,NCHW,N/A,0.0,0,0.0,0.0,0.0,0.0,0.0,0.0,0.0,0.0,0.0,0.0,0.0,0.518,1863,0.008,0.015,0.12,0.231,0.118,0.228,0.246,0.475,0.0,0.000
0,6,2,192,6,IncreFlashAttention_12,IncreFlashAttention,static,MIX_AIC,1786102259971151.300	,17.060,1.190000,2,4,NO,"""1,16,1,128;1,2,1024,128;1,2,1024,128;1,1,1,1024""",FLOAT16;FLOAT16;FLOAT16;BOOL,NCHW;NCHW;NCHW;NCHW,"""1,16,1,128""",FLOAT16,NCHW,0,16.609,59791,1.076,0.065,12.856,0.774,2.699,0.163,7.263,0.437,3.036,0.183,0.01,9.228,66438,0.718,0.078,2.059,0.223,0.196,0.021,0.428,0.046,0.102,8.113
0,6,2,193,6,MatMul_61,MatMul,static,AI_CORE,1786102259971169.580	,6.320,1.190000,22,0,NO,"""1,2048;128,64,16,16""",FLOAT16;FLOAT16,ND;FRACTAL_NZ,"""1,1024""",FLOAT16,ND,N/A,4.323,171176,0.488,0.113,0.469,0.109,1.097,0.254,3.641,0.842,3.142,0.727,0.0,0.0,0,0.0,0.0,0.0,0.0,0.0,0.0,0.0,0.0,0.0,62.696
0,6,2,194,6,InplaceAddRmsNorm_24,InplaceAddRmsNorm,static,AI_VECTOR_CORE,1786102259971175.940	,1.720,0.180000,1,0,NO,"""1,1,1024;1,1,1024;1024""",FLOAT16;FLOAT16;FLOAT16,ND;ND;ND,"""1,1,1024;1,1,1;1,1,1024""",FLOAT16;FLOAT;FLOAT16,ND;ND;ND,N/A,0.0,0,0.0,0.0,0.0,0.0,0.0,0.0,0.0,0.0,0.0,0.0,0.0,1.156,2081,0.282,0.244,0.424,0.367,0.517,0.447,0.377,0.326,0.214,0.000
0,6,2,195,6,MatMul_62,MatMul,static,AI_CORE,1786102259971177.680	,6.720,0.030000,24,0,NO,"""1,1024;64,192,16,16""",FLOAT16;FLOAT16,ND;FRACTAL_NZ,"""1,3072""",FLOAT16,ND,N/A,4.754,205383,0.538,0.113,0.465,0.098,1.289,0.271,3.841,0.808,2.95,0.621,0.009,0.0,0,0.0,0.0,0.0,0.0,0.0,0.0,0.0,0.0,0.0,70.748
0,6,2,196,6,MatMul_63,MatMul,static,AI_CORE,1786102259971184.420	,8.840,0.030000,24,0,NO,"""1,1024;64,192,16,16""",FLOAT16;FLOAT16,ND;FRACTAL_NZ,"""1,3072""",FLOAT16,ND,N/A,6.621,286006,0.538,0.081,0.471,0.071,1.287,0.194,5.708,0.862,3.842,0.58,0.0,0.0,0,0.0,0.0,0.0,0.0,0.0,0.0,0.0,0.0,0.0,74.893
0,6,2,197,6,Swish_12Mul_15,AutomaticBufferFusionOp,static,AI_VECTOR_CORE,1786102259971193.300	,1.620,0.000000,3,0,NO,"""1,1,3072;1,1,3072""",FLOAT16;FLOAT16,ND;ND,"""1,1,3072""",FLOAT16,ND,N/A,0.0,0,0.0,0.0,0.0,0.0,0.0,0.0,0.0,0.0,0.0,0.0,0.0,0.87,4700,0.163,0.188,0.168,0.193,0.168,0.193,0.141,0.162,0.157,0.000
0,6,2,198,6,MatMul_64,MatMul,static,AI_CORE,1786102259971194.940	,7.460,0.130000,22,0,NO,"""1,3072;192,64,16,16""",FLOAT16;FLOAT16,ND;FRACTAL_NZ,"""1,1024""",FLOAT16,ND,N/A,5.604,221932,0.732,0.131,0.491,0.088,1.657,0.296,4.944,0.882,3.265,0.583,0.014,0.0,0,0.0,0.0,0.0,0.0,0.0,0.0,0.0,0.0,0.0,68.865
0,6,2,199,6,InplaceAddRmsNorm_25,InplaceAddRmsNorm,static,AI_VECTOR_CORE,1786102259971202.420	,2.000,0.040000,1,0,NO,"""1,1,1024;1,1,1024;1024""",FLOAT16;FLOAT16;FLOAT16,ND;ND;ND,"""1,1,1024;1,1,1;1,1,1024""",FLOAT16;FLOAT;FLOAT16,ND;ND;ND,N/A,0.0,0,0.0,0.0,0.0,0.0,0.0,0.0,0.0,0.0,0.0,0.0,0.0,1.539,2771,0.282,0.183,0.581,0.377,0.384,0.25,0.393,0.255,0.223,0.000
0,6,2,200,6,MatMul_65,MatMul,static,AI_CORE,1786102259971204.440	,8.540,0.000000,23,0,NO,"""1,1024;64,160,16,16""",FLOAT16;FLOAT16,ND;FRACTAL_NZ,"""1,2560""",FLOAT16,ND,N/A,6.131,253831,0.527,0.086,0.693,0.113,1.143,0.186,5.162,0.842,3.559,0.58,0.025,0.0,0,0.0,0.0,0.0,0.0,0.0,0.0,0.0,0.0,0.0,68.802
0,6,2,201,6,SplitV_15,SplitVD,static,AI_VECTOR_CORE,1786102259971213.000	,1.140,0.000000,1,0,NO,"""1,1,2560""",FLOAT16,ND,"""1,1,2048;1,1,256;1,1,256""",FLOAT16;FLOAT16;FLOAT16,ND;ND;ND,N/A,0.0,0,0.0,0.0,0.0,0.0,0.0,0.0,0.0,0.0,0.0,0.0,0.0,0.672,1209,0.008,0.012,0.128,0.191,0.132,0.197,0.156,0.232,0.263,0.000
0,6,2,202,6,Scatter_27,Scatter,static,AI_VECTOR_CORE,1786102259971214.160	,1.300,0.110000,2,0,NO,"""1,2,1024,128;1;1,2,1,128""",FLOAT16;INT64;FLOAT16,NCHW;NCHW;NCHW,"""1,2,1024,128""",FLOAT16,NCHW,N/A,0.0,0,0.0,0.0,0.0,0.0,0.0,0.0,0.0,0.0,0.0,0.0,0.0,0.789,2839,0.008,0.01,0.191,0.242,0.106,0.135,0.232,0.294,0.211,0.000
0,6,2,203,6,ApplyRotaryPosEmb_13,ApplyRotaryPosEmb,static,AI_VECTOR_CORE,1786102259971215.480	,3.080,0.000000,1,0,NO,"""1,1,16,128;1,1,2,128;1,1,1,128;1,1,1,128""",FLOAT16;FLOAT16;FLOAT16;FLOAT16,NCHW;NCHW;NCHW;NCHW,"""1,1,16,128;1,1,2,128""",FLOAT16;FLOAT16,NCHW;NCHW,N/A,0.0,0,0.0,0.0,0.0,0.0,0.0,0.0,0.0,0.0,0.0,0.0,0.0,2.594,4670,0.153,0.059,1.615,0.622,0.166,0.064,0.153,0.059,0.168,0.000
0,6,2,204,6,Scatter_26,Scatter,static,AI_VECTOR_CORE,1786102259971218.580	,1.200,0.000000,2,0,NO,"""1,2,1024,128;1;1,2,1,128""",FLOAT16;INT64;FLOAT16,NCHW;NCHW;NCHW,"""1,2,1024,128""",FLOAT16,NCHW,N/A,0.0,0,0.0,0.0,0.0,0.0,0.0,0.0,0.0,0.0,0.0,0.0,0.0,0.636,2289,0.008,0.012,0.161,0.253,0.104,0.163,0.338,0.531,0.0,0.000
0,6,2,205,6,IncreFlashAttention_13,IncreFlashAttention,static,MIX_AIC,1786102259971220.820	,17.120,1.050000,2,4,NO,"""1,16,1,128;1,2,1024,128;1,2,1024,128;1,1,1,1024""",FLOAT16;FLOAT16;FLOAT16;BOOL,NCHW;NCHW;NCHW;NCHW,"""1,16,1,128""",FLOAT16,NCHW,0,16.474,59306,1.076,0.065,12.603,0.765,2.7,0.164,6.994,0.425,2.892,0.176,0.009,9.365,67426,0.72,0.077,1.794,0.192,0.2,0.021,0.453,0.048,0.09,8.019
0,6,2,206,6,MatMul_66,MatMul,static,AI_CORE,1786102259971239.060	,7.420,1.130000,22,0,NO,"""1,2048;128,64,16,16""",FLOAT16;FLOAT16,ND;FRACTAL_NZ,"""1,1024""",FLOAT16,ND,N/A,5.42,214633,0.487,0.09,0.468,0.086,1.093,0.202,4.742,0.875,3.075,0.567,0.0,0.0,0,0.0,0.0,0.0,0.0,0.0,0.0,0.0,0.0,0.0,66.959
0,6,2,207,6,InplaceAddRmsNorm_26,InplaceAddRmsNorm,static,AI_VECTOR_CORE,1786102259971246.500	,1.720,0.080000,1,0,NO,"""1,1,1024;1,1,1024;1024""",FLOAT16;FLOAT16;FLOAT16,ND;ND;ND,"""1,1,1024;1,1,1;1,1,1024""",FLOAT16;FLOAT;FLOAT16,ND;ND;ND,N/A,0.0,0,0.0,0.0,0.0,0.0,0.0,0.0,0.0,0.0,0.0,0.0,0.0,1.159,2087,0.282,0.243,0.563,0.486,0.393,0.339,0.389,0.336,0.214,0.000
0,6,2,208,6,MatMul_67,MatMul,static,AI_CORE,1786102259971248.240	,7.140,0.030000,24,0,NO,"""1,1024;64,192,16,16""",FLOAT16;FLOAT16,ND;FRACTAL_NZ,"""1,3072""",FLOAT16,ND,N/A,5.347,231008,0.538,0.101,0.997,0.186,1.286,0.24,3.915,0.732,2.202,0.412,0.011,0.0,0,0.0,0.0,0.0,0.0,0.0,0.0,0.0,0.0,0.0,74.894
0,6,2,209,6,MatMul_68,MatMul,static,AI_CORE,1786102259971255.400	,7.580,0.110000,24,0,NO,"""1,1024;64,192,16,16""",FLOAT16;FLOAT16,ND;FRACTAL_NZ,"""1,3072""",FLOAT16,ND,N/A,4.859,209930,0.538,0.111,0.499,0.103,1.292,0.266,3.928,0.808,1.894,0.39,0.0,0.0,0,0.0,0.0,0.0,0.0,0.0,0.0,0.0,0.0,0.0,64.109
0,6,2,210,6,Swish_13Mul_16,AutomaticBufferFusionOp,static,AI_VECTOR_CORE,1786102259971263.000	,1.540,0.000000,3,0,NO,"""1,1,3072;1,1,3072""",FLOAT16;FLOAT16,ND;ND,"""1,1,3072""",FLOAT16,ND,N/A,0.0,0,0.0,0.0,0.0,0.0,0.0,0.0,0.0,0.0,0.0,0.0,0.0,0.792,4279,0.163,0.205,0.119,0.15,0.139,0.175,0.132,0.167,0.176,0.000
0,6,2,211,6,MatMul_69,MatMul,static,AI_CORE,1786102259971264.580	,8.160,0.000000,22,0,NO,"""1,3072;192,64,16,16""",FLOAT16;FLOAT16,ND;FRACTAL_NZ,"""1,1024""",FLOAT16,ND,N/A,5.768,228398,0.732,0.127,0.489,0.085,1.657,0.287,5.112,0.886,2.07,0.359,0.013,0.0,0,0.0,0.0,0.0,0.0,0.0,0.0,0.0,0.0,0.0,64.792
0,6,2,212,6,InplaceAddRmsNorm_27,InplaceAddRmsNorm,static,AI_VECTOR_CORE,1786102259971272.780	,1.720,0.090000,1,0,NO,"""1,1,1024;1,1,1024;1024""",FLOAT16;FLOAT16;FLOAT16,ND;ND;ND,"""1,1,1024;1,1,1;1,1,1024""",FLOAT16;FLOAT;FLOAT16,ND;ND;ND,N/A,0.0,0,0.0,0.0,0.0,0.0,0.0,0.0,0.0,0.0,0.0,0.0,0.0,1.277,2298,0.282,0.221,0.568,0.445,0.516,0.404,0.432,0.339,0.215,0.000
0,6,2,213,6,MatMul_70,MatMul,static,AI_CORE,1786102259971274.520	,6.740,0.030000,23,0,NO,"""1,1024;64,160,16,16""",FLOAT16;FLOAT16,ND;FRACTAL_NZ,"""1,2560""",FLOAT16,ND,N/A,4.963,205448,0.527,0.106,0.972,0.196,1.133,0.228,3.458,0.697,2.045,0.412,0.026,0.0,0,0.0,0.0,0.0,0.0,0.0,0.0,0.0,0.0,0.0,70.560
0,6,2,214,6,SplitV_16,SplitVD,static,AI_VECTOR_CORE,1786102259971281.280	,0.980,0.010000,1,0,NO,"""1,1,2560""",FLOAT16,ND,"""1,1,2048;1,1,256;1,1,256""",FLOAT16;FLOAT16;FLOAT16,ND;ND;ND,N/A,0.0,0,0.0,0.0,0.0,0.0,0.0,0.0,0.0,0.0,0.0,0.0,0.0,0.52,936,0.008,0.015,0.13,0.25,0.117,0.225,0.147,0.283,0.263,0.000
0,6,2,215,6,Scatter_29,Scatter,static,AI_VECTOR_CORE,1786102259971282.300	,1.280,0.020000,2,0,NO,"""1,2,1024,128;1;1,2,1,128""",FLOAT16;INT64;FLOAT16,NCHW;NCHW;NCHW,"""1,2,1024,128""",FLOAT16,NCHW,N/A,0.0,0,0.0,0.0,0.0,0.0,0.0,0.0,0.0,0.0,0.0,0.0,0.0,0.748,2692,0.008,0.01,0.184,0.247,0.104,0.139,0.318,0.426,0.211,0.000
0,6,2,216,6,ApplyRotaryPosEmb_14,ApplyRotaryPosEmb,static,AI_VECTOR_CORE,1786102259971283.600	,2.320,0.000000,1,0,NO,"""1,1,16,128;1,1,2,128;1,1,1,128;1,1,1,128""",FLOAT16;FLOAT16;FLOAT16;FLOAT16,NCHW;NCHW;NCHW;NCHW,"""1,1,16,128;1,1,2,128""",FLOAT16;FLOAT16,NCHW;NCHW,N/A,0.0,0,0.0,0.0,0.0,0.0,0.0,0.0,0.0,0.0,0.0,0.0,0.0,1.843,3317,0.154,0.084,1.364,0.74,0.202,0.109,0.141,0.076,0.168,0.000
0,6,2,217,6,Scatter_28,Scatter,static,AI_VECTOR_CORE,1786102259971285.940	,1.100,0.180000,2,0,NO,"""1,2,1024,128;1;1,2,1,128""",FLOAT16;INT64;FLOAT16,NCHW;NCHW;NCHW,"""1,2,1024,128""",FLOAT16,NCHW,N/A,0.0,0,0.0,0.0,0.0,0.0,0.0,0.0,0.0,0.0,0.0,0.0,0.0,0.56,2017,0.008,0.014,0.144,0.257,0.113,0.202,0.273,0.487,0.0,0.000
0,6,2,218,6,IncreFlashAttention_14,IncreFlashAttention,static,MIX_AIC,1786102259971288.460	,16.720,1.400000,2,4,NO,"""1,16,1,128;1,2,1024,128;1,2,1024,128;1,1,1,1024""",FLOAT16;FLOAT16;FLOAT16;BOOL,NCHW;NCHW;NCHW;NCHW,"""1,16,1,128""",FLOAT16,NCHW,0,16.219,58389,1.076,0.066,12.681,0.782,2.701,0.167,7.127,0.439,2.936,0.181,0.009,8.977,64633,0.72,0.08,1.744,0.194,0.208,0.023,0.425,0.047,0.078,8.084
0,6,2,219,6,MatMul_71,MatMul,static,AI_CORE,1786102259971306.100	,7.680,0.780000,22,0,NO,"""1,2048;128,64,16,16""",FLOAT16;FLOAT16,ND;FRACTAL_NZ,"""1,1024""",FLOAT16,ND,N/A,5.759,228073,0.487,0.085,0.424,0.074,1.095,0.19,5.119,0.889,3.62,0.628,0.0,0.0,0,0.0,0.0,0.0,0.0,0.0,0.0,0.0,0.0,0.0,68.743
0,6,2,220,6,InplaceAddRmsNorm_28,InplaceAddRmsNorm,static,AI_VECTOR_CORE,1786102259971313.800	,1.560,0.070000,1,0,NO,"""1,1,1024;1,1,1024;1024""",FLOAT16;FLOAT16;FLOAT16,ND;ND;ND,"""1,1,1024;1,1,1;1,1,1024""",FLOAT16;FLOAT;FLOAT16,ND;ND;ND,N/A,0.0,0,0.0,0.0,0.0,0.0,0.0,0.0,0.0,0.0,0.0,0.0,0.0,1.059,1906,0.282,0.267,0.451,0.426,0.371,0.35,0.372,0.351,0.214,0.000
0,6,2,221,6,MatMul_72,MatMul,static,AI_CORE,1786102259971315.380	,8.420,0.190000,24,0,NO,"""1,1024;64,192,16,16""",FLOAT16;FLOAT16,ND;FRACTAL_NZ,"""1,3072""",FLOAT16,ND,N/A,5.33,230268,0.538,0.101,0.901,0.169,1.292,0.242,3.971,0.745,2.035,0.382,0.011,0.0,0,0.0,0.0,0.0,0.0,0.0,0.0,0.0,0.0,0.0,63.305
0,6,2,222,6,MatMul_73,MatMul,static,AI_CORE,1786102259971323.820	,8.360,0.000000,24,0,NO,"""1,1024;64,192,16,16""",FLOAT16;FLOAT16,ND;FRACTAL_NZ,"""1,3072""",FLOAT16,ND,N/A,6.299,272123,0.538,0.085,0.429,0.068,1.287,0.204,5.423,0.861,3.706,0.588,0.0,0.0,0,0.0,0.0,0.0,0.0,0.0,0.0,0.0,0.0,0.0,75.349
0,6,2,223,6,Swish_14Mul_17,AutomaticBufferFusionOp,static,AI_VECTOR_CORE,1786102259971332.200	,1.600,0.140000,3,0,NO,"""1,1,3072;1,1,3072""",FLOAT16;FLOAT16,ND;ND,"""1,1,3072""",FLOAT16,ND,N/A,0.0,0,0.0,0.0,0.0,0.0,0.0,0.0,0.0,0.0,0.0,0.0,0.0,0.908,4904,0.163,0.18,0.138,0.152,0.128,0.141,0.132,0.145,0.211,0.000
0,6,2,224,6,MatMul_74,MatMul,static,AI_CORE,1786102259971333.820	,7.280,0.000000,22,0,NO,"""1,3072;192,64,16,16""",FLOAT16;FLOAT16,ND;FRACTAL_NZ,"""1,1024""",FLOAT16,ND,N/A,5.492,217477,0.732,0.133,0.442,0.08,1.656,0.302,4.874,0.888,3.234,0.589,0.015,0.0,0,0.0,0.0,0.0,0.0,0.0,0.0,0.0,0.0,0.0,69.151
0,6,2,225,6,InplaceAddRmsNorm_29,InplaceAddRmsNorm,static,AI_VECTOR_CORE,1786102259971341.140	,1.560,0.220000,1,0,NO,"""1,1,1024;1,1,1024;1024""",FLOAT16;FLOAT16;FLOAT16,ND;ND;ND,"""1,1,1024;1,1,1;1,1,1024""",FLOAT16;FLOAT;FLOAT16,ND;ND;ND,N/A,0.0,0,0.0,0.0,0.0,0.0,0.0,0.0,0.0,0.0,0.0,0.0,0.0,1.063,1913,0.282,0.266,0.45,0.423,0.412,0.388,0.373,0.351,0.207,0.000
0,6,2,226,6,MatMul_75,MatMul,static,AI_CORE,1786102259971342.740	,6.780,0.000000,23,0,NO,"""1,1024;64,160,16,16""",FLOAT16;FLOAT16,ND;FRACTAL_NZ,"""1,2560""",FLOAT16,ND,N/A,4.548,188304,0.527,0.116,0.417,0.092,1.144,0.252,3.637,0.8,1.805,0.397,0.026,0.0,0,0.0,0.0,0.0,0.0,0.0,0.0,0.0,0.0,0.0,64.290
0,6,2,227,6,SplitV_17,SplitVD,static,AI_VECTOR_CORE,1786102259971349.540	,1.040,0.000000,1,0,NO,"""1,1,2560""",FLOAT16,ND,"""1,1,2048;1,1,256;1,1,256""",FLOAT16;FLOAT16;FLOAT16,ND;ND;ND,N/A,0.0,0,0.0,0.0,0.0,0.0,0.0,0.0,0.0,0.0,0.0,0.0,0.0,0.515,927,0.008,0.015,0.117,0.228,0.119,0.231,0.143,0.277,0.263,0.000
0,6,2,228,6,Scatter_31,Scatter,static,AI_VECTOR_CORE,1786102259971350.600	,1.300,0.000000,2,0,NO,"""1,2,1024,128;1;1,2,1,128""",FLOAT16;INT64;FLOAT16,NCHW;NCHW;NCHW,"""1,2,1024,128""",FLOAT16,NCHW,N/A,0.0,0,0.0,0.0,0.0,0.0,0.0,0.0,0.0,0.0,0.0,0.0,0.0,0.75,2701,0.008,0.01,0.135,0.18,0.161,0.214,0.207,0.276,0.182,0.000
0,6,2,229,6,ApplyRotaryPosEmb_15,ApplyRotaryPosEmb,static,AI_VECTOR_CORE,1786102259971351.920	,2.480,0.200000,1,0,NO,"""1,1,16,128;1,1,2,128;1,1,1,128;1,1,1,128""",FLOAT16;FLOAT16;FLOAT16;FLOAT16,NCHW;NCHW;NCHW;NCHW,"""1,1,16,128;1,1,2,128""",FLOAT16;FLOAT16,NCHW;NCHW,N/A,0.0,0,0.0,0.0,0.0,0.0,0.0,0.0,0.0,0.0,0.0,0.0,0.0,1.898,3416,0.159,0.084,1.408,0.742,0.161,0.085,0.149,0.078,0.171,0.000
0,6,2,230,6,Scatter_30,Scatter,static,AI_VECTOR_CORE,1786102259971354.440	,1.160,0.020000,2,0,NO,"""1,2,1024,128;1;1,2,1,128""",FLOAT16;INT64;FLOAT16,NCHW;NCHW;NCHW,"""1,2,1024,128""",FLOAT16,NCHW,N/A,0.0,0,0.0,0.0,0.0,0.0,0.0,0.0,0.0,0.0,0.0,0.0,0.0,0.492,1772,0.008,0.016,0.142,0.289,0.117,0.238,0.187,0.38,0.0,0.000
0,6,2,231,6,IncreFlashAttention_15,IncreFlashAttention,static,MIX_AIC,1786102259971356.680	,16.620,1.090000,2,4,NO,"""1,16,1,128;1,2,1024,128;1,2,1024,128;1,1,1,1024""",FLOAT16;FLOAT16;FLOAT16;BOOL,NCHW;NCHW;NCHW;NCHW,"""1,16,1,128""",FLOAT16,NCHW,0,15.892,57211,1.076,0.068,12.516,0.788,2.697,0.17,6.829,0.43,2.879,0.181,0.009,8.887,63988,0.72,0.081,1.774,0.2,0.198,0.022,0.423,0.048,0.082,7.968
0,6,2,232,6,MatMul_76,MatMul,static,AI_CORE,1786102259971374.340	,6.600,0.880000,22,0,NO,"""1,2048;128,64,16,16""",FLOAT16;FLOAT16,ND;FRACTAL_NZ,"""1,1024""",FLOAT16,ND,N/A,4.243,168019,0.487,0.115,0.418,0.098,1.111,0.262,3.61,0.851,2.014,0.475,0.0,0.0,0,0.0,0.0,0.0,0.0,0.0,0.0,0.0,0.0,0.0,58.929
0,6,2,233,6,InplaceAddRmsNorm_30,InplaceAddRmsNorm,static,AI_VECTOR_CORE,1786102259971380.960	,1.620,0.150000,1,0,NO,"""1,1,1024;1,1,1024;1024""",FLOAT16;FLOAT16;FLOAT16,ND;ND;ND,"""1,1,1024;1,1,1;1,1,1024""",FLOAT16;FLOAT;FLOAT16,ND;ND;ND,N/A,0.0,0,0.0,0.0,0.0,0.0,0.0,0.0,0.0,0.0,0.0,0.0,0.0,1.077,1938,0.282,0.262,0.453,0.421,0.396,0.368,0.371,0.345,0.214,0.000
0,6,2,234,6,MatMul_77,MatMul,static,AI_CORE,1786102259971382.600	,7.980,0.000000,24,0,NO,"""1,1024;64,192,16,16""",FLOAT16;FLOAT16,ND;FRACTAL_NZ,"""1,3072""",FLOAT16,ND,N/A,5.454,235599,0.538,0.099,0.44,0.081,1.289,0.236,4.564,0.837,2.727,0.5,0.013,0.0,0,0.0,0.0,0.0,0.0,0.0,0.0,0.0,0.0,0.0,68.342
0,6,2,235,6,MatMul_78,MatMul,static,AI_CORE,1786102259971390.600	,7.340,0.020000,24,0,NO,"""1,1024;64,192,16,16""",FLOAT16;FLOAT16,ND;FRACTAL_NZ,"""1,3072""",FLOAT16,ND,N/A,4.819,208173,0.538,0.112,0.441,0.092,1.288,0.267,3.933,0.816,1.984,0.412,0.0,0.0,0,0.0,0.0,0.0,0.0,0.0,0.0,0.0,0.0,0.0,65.651
0,6,2,236,6,Swish_15Mul_18,AutomaticBufferFusionOp,static,AI_VECTOR_CORE,1786102259971397.980	,1.460,0.160000,3,0,NO,"""1,1,3072;1,1,3072""",FLOAT16;FLOAT16,ND;ND,"""1,1,3072""",FLOAT16,ND,N/A,0.0,0,0.0,0.0,0.0,0.0,0.0,0.0,0.0,0.0,0.0,0.0,0.0,0.804,4343,0.163,0.202,0.183,0.227,0.137,0.171,0.127,0.157,0.185,0.000
0,6,2,237,6,MatMul_79,MatMul,static,AI_CORE,1786102259971399.460	,7.500,0.040000,22,0,NO,"""1,3072;192,64,16,16""",FLOAT16;FLOAT16,ND;FRACTAL_NZ,"""1,1024""",FLOAT16,ND,N/A,5.566,220399,0.729,0.131,0.667,0.12,1.65,0.297,4.94,0.888,2.06,0.37,0.014,0.0,0,0.0,0.0,0.0,0.0,0.0,0.0,0.0,0.0,0.0,68.024
0,6,2,238,6,InplaceAddRmsNorm_31,InplaceAddRmsNorm,static,AI_VECTOR_CORE,1786102259971406.980	,1.740,0.000000,1,0,NO,"""1,1,1024;1,1,1024;1024""",FLOAT16;FLOAT16;FLOAT16,ND;ND;ND,"""1,1,1024;1,1,1;1,1,1024""",FLOAT16;FLOAT;FLOAT16,ND;ND;ND,N/A,0.0,0,0.0,0.0,0.0,0.0,0.0,0.0,0.0,0.0,0.0,0.0,0.0,1.171,2107,0.282,0.241,0.557,0.476,0.359,0.307,0.366,0.312,0.215,0.000
0,6,2,239,6,MatMul_80,MatMul,static,AI_CORE,1786102259971408.740	,7.160,0.010000,23,0,NO,"""1,1024;64,160,16,16""",FLOAT16;FLOAT16,ND;FRACTAL_NZ,"""1,2560""",FLOAT16,ND,N/A,4.509,186686,0.527,0.117,0.409,0.091,1.141,0.253,3.628,0.805,1.803,0.4,0.026,0.0,0,0.0,0.0,0.0,0.0,0.0,0.0,0.0,0.0,0.0,60.355
0,6,2,240,6,SplitV_18,SplitVD,static,AI_VECTOR_CORE,1786102259971415.920	,1.120,0.090000,1,0,NO,"""1,1,2560""",FLOAT16,ND,"""1,1,2048;1,1,256;1,1,256""",FLOAT16;FLOAT16;FLOAT16,ND;ND;ND,N/A,0.0,0,0.0,0.0,0.0,0.0,0.0,0.0,0.0,0.0,0.0,0.0,0.0,0.551,991,0.008,0.014,0.113,0.206,0.132,0.24,0.162,0.294,0.263,0.000
0,6,2,241,6,Scatter_33,Scatter,static,AI_VECTOR_CORE,1786102259971417.060	,1.240,0.000000,2,0,NO,"""1,2,1024,128;1;1,2,1,128""",FLOAT16;INT64;FLOAT16,NCHW;NCHW;NCHW,"""1,2,1024,128""",FLOAT16,NCHW,N/A,0.0,0,0.0,0.0,0.0,0.0,0.0,0.0,0.0,0.0,0.0,0.0,0.0,0.651,2343,0.008,0.012,0.145,0.222,0.115,0.177,0.298,0.458,0.105,0.000
0,6,2,242,6,ApplyRotaryPosEmb_16,ApplyRotaryPosEmb,static,AI_VECTOR_CORE,1786102259971418.340	,2.400,0.010000,1,0,NO,"""1,1,16,128;1,1,2,128;1,1,1,128;1,1,1,128""",FLOAT16;FLOAT16;FLOAT16;FLOAT16,NCHW;NCHW;NCHW;NCHW,"""1,1,16,128;1,1,2,128""",FLOAT16;FLOAT16,NCHW;NCHW,N/A,0.0,0,0.0,0.0,0.0,0.0,0.0,0.0,0.0,0.0,0.0,0.0,0.0,1.921,3457,0.153,0.08,1.412,0.735,0.161,0.084,0.156,0.081,0.171,0.000
0,6,2,243,6,Scatter_32,Scatter,static,AI_VECTOR_CORE,1786102259971420.760	,1.100,0.100000,2,0,NO,"""1,2,1024,128;1;1,2,1,128""",FLOAT16;INT64;FLOAT16,NCHW;NCHW;NCHW,"""1,2,1024,128""",FLOAT16,NCHW,N/A,0.0,0,0.0,0.0,0.0,0.0,0.0,0.0,0.0,0.0,0.0,0.0,0.0,0.584,2103,0.008,0.013,0.19,0.325,0.097,0.165,0.299,0.512,0.0,0.000
0,6,2,244,6,IncreFlashAttention_16,IncreFlashAttention,static,MIX_AIC,1786102259971423.180	,16.280,1.400000,2,4,NO,"""1,16,1,128;1,2,1024,128;1,2,1024,128;1,1,1,1024""",FLOAT16;FLOAT16;FLOAT16;BOOL,NCHW;NCHW;NCHW;NCHW,"""1,16,1,128""",FLOAT16,NCHW,0,15.772,56778,1.076,0.068,12.271,0.778,2.698,0.171,6.931,0.439,2.861,0.181,0.007,8.635,62169,0.72,0.083,1.78,0.206,0.198,0.023,0.427,0.049,0.02,8.073
0,6,2,245,6,MatMul_81,MatMul,static,AI_CORE,1786102259971440.220	,6.500,0.720000,22,0,NO,"""1,2048;128,64,16,16""",FLOAT16;FLOAT16,ND;FRACTAL_NZ,"""1,1024""",FLOAT16,ND,N/A,4.394,174009,0.49,0.112,0.974,0.222,1.115,0.254,3.26,0.742,2.024,0.461,0.0,0.0,0,0.0,0.0,0.0,0.0,0.0,0.0,0.0,0.0,0.0,61.969
0,6,2,246,6,InplaceAddRmsNorm_32,InplaceAddRmsNorm,static,AI_VECTOR_CORE,1786102259971446.740	,1.520,0.000000,1,0,NO,"""1,1,1024;1,1,1024;1024""",FLOAT16;FLOAT16;FLOAT16,ND;ND;ND,"""1,1,1024;1,1,1;1,1,1024""",FLOAT16;FLOAT;FLOAT16,ND;ND;ND,N/A,0.0,0,0.0,0.0,0.0,0.0,0.0,0.0,0.0,0.0,0.0,0.0,0.0,1.016,1828,0.282,0.278,0.404,0.398,0.391,0.385,0.374,0.368,0.058,0.000
0,6,2,247,6,MatMul_82,MatMul,static,AI_CORE,1786102259971448.300	,9.020,0.000000,24,0,NO,"""1,1024;64,192,16,16""",FLOAT16;FLOAT16,ND;FRACTAL_NZ,"""1,3072""",FLOAT16,ND,N/A,6.905,298294,0.538,0.078,0.451,0.065,1.289,0.187,6.001,0.869,4.266,0.618,0.01,0.0,0,0.0,0.0,0.0,0.0,0.0,0.0,0.0,0.0,0.0,76.552
0,6,2,248,6,MatMul_83,MatMul,static,AI_CORE,1786102259971457.340	,7.540,0.000000,24,0,NO,"""1,1024;64,192,16,16""",FLOAT16;FLOAT16,ND;FRACTAL_NZ,"""1,3072""",FLOAT16,ND,N/A,4.889,211208,0.538,0.11,0.42,0.086,1.293,0.264,4.019,0.822,1.915,0.392,0.0,0.0,0,0.0,0.0,0.0,0.0,0.0,0.0,0.0,0.0,0.0,64.842
0,6,2,249,6,Swish_16Mul_19,AutomaticBufferFusionOp,static,AI_VECTOR_CORE,1786102259971464.900	,1.460,0.210000,3,0,NO,"""1,1,3072;1,1,3072""",FLOAT16;FLOAT16,ND;ND,"""1,1,3072""",FLOAT16,ND,N/A,0.0,0,0.0,0.0,0.0,0.0,0.0,0.0,0.0,0.0,0.0,0.0,0.0,0.764,4128,0.163,0.214,0.112,0.147,0.136,0.178,0.14,0.183,0.202,0.000
0,6,2,250,6,MatMul_84,MatMul,static,AI_CORE,1786102259971466.380	,8.340,0.040000,22,0,NO,"""1,3072;192,64,16,16""",FLOAT16;FLOAT16,ND;FRACTAL_NZ,"""1,1024""",FLOAT16,ND,N/A,5.743,227428,0.733,0.128,0.811,0.141,1.656,0.288,4.757,0.828,2.092,0.364,0.015,0.0,0,0.0,0.0,0.0,0.0,0.0,0.0,0.0,0.0,0.0,63.124
0,6,2,251,6,InplaceAddRmsNorm_33,InplaceAddRmsNorm,static,AI_VECTOR_CORE,1786102259971474.740	,1.700,0.000000,1,0,NO,"""1,1,1024;1,1,1024;1024""",FLOAT16;FLOAT16;FLOAT16,ND;ND;ND,"""1,1,1024;1,1,1;1,1,1024""",FLOAT16;FLOAT;FLOAT16,ND;ND;ND,N/A,0.0,0,0.0,0.0,0.0,0.0,0.0,0.0,0.0,0.0,0.0,0.0,0.0,1.156,2081,0.282,0.244,0.521,0.45,0.407,0.352,0.398,0.345,0.064,0.000
0,6,2,252,6,MatMul_85,MatMul,static,AI_CORE,1786102259971476.460	,6.700,0.050000,23,0,NO,"""1,1024;64,160,16,16""",FLOAT16;FLOAT16,ND;FRACTAL_NZ,"""1,2560""",FLOAT16,ND,N/A,4.423,183104,0.527,0.119,0.392,0.089,1.141,0.258,3.546,0.802,1.842,0.417,0.021,0.0,0,0.0,0.0,0.0,0.0,0.0,0.0,0.0,0.0,0.0,63.261
0,6,2,253,6,SplitV_19,SplitVD,static,AI_VECTOR_CORE,1786102259971483.200	,1.040,0.050000,1,0,NO,"""1,1,2560""",FLOAT16,ND,"""1,1,2048;1,1,256;1,1,256""",FLOAT16;FLOAT16;FLOAT16,ND;ND;ND,N/A,0.0,0,0.0,0.0,0.0,0.0,0.0,0.0,0.0,0.0,0.0,0.0,0.0,0.509,916,0.008,0.015,0.129,0.253,0.135,0.265,0.159,0.312,0.263,0.000
0,6,2,254,6,Scatter_35,Scatter,static,AI_VECTOR_CORE,1786102259971484.280	,1.180,0.000000,2,0,NO,"""1,2,1024,128;1;1,2,1,128""",FLOAT16;INT64;FLOAT16,NCHW;NCHW;NCHW,"""1,2,1024,128""",FLOAT16,NCHW,N/A,0.0,0,0.0,0.0,0.0,0.0,0.0,0.0,0.0,0.0,0.0,0.0,0.0,0.699,2517,0.008,0.011,0.136,0.194,0.101,0.144,0.227,0.325,0.182,0.000
0,6,2,255,6,ApplyRotaryPosEmb_17,ApplyRotaryPosEmb,static,AI_VECTOR_CORE,1786102259971485.480	,1.920,0.070000,1,0,NO,"""1,1,16,128;1,1,2,128;1,1,1,128;1,1,1,128""",FLOAT16;FLOAT16;FLOAT16;FLOAT16,NCHW;NCHW;NCHW;NCHW,"""1,1,16,128;1,1,2,128""",FLOAT16;FLOAT16,NCHW;NCHW,N/A,0.0,0,0.0,0.0,0.0,0.0,0.0,0.0,0.0,0.0,0.0,0.0,0.0,1.461,2629,0.153,0.105,1.187,0.812,0.133,0.091,0.147,0.1,0.019,0.000
0,6,2,256,6,Scatter_34,Scatter,static,AI_VECTOR_CORE,1786102259971487.420	,1.160,0.080000,2,0,NO,"""1,2,1024,128;1;1,2,1,128""",FLOAT16;INT64;FLOAT16,NCHW;NCHW;NCHW,"""1,2,1024,128""",FLOAT16,NCHW,N/A,0.0,0,0.0,0.0,0.0,0.0,0.0,0.0,0.0,0.0,0.0,0.0,0.0,0.625,2250,0.008,0.012,0.184,0.294,0.098,0.157,0.31,0.496,0.0,0.000
0,6,2,257,6,IncreFlashAttention_17,IncreFlashAttention,static,MIX_AIC,1786102259971489.640	,16.400,1.090000,2,4,NO,"""1,16,1,128;1,2,1024,128;1,2,1024,128;1,1,1,1024""",FLOAT16;FLOAT16;FLOAT16;BOOL,NCHW;NCHW;NCHW;NCHW,"""1,16,1,128""",FLOAT16,NCHW,0,15.755,56717,1.076,0.068,12.41,0.788,2.697,0.171,6.742,0.428,2.825,0.179,0.007,8.649,62272,0.72,0.083,1.706,0.197,0.195,0.023,0.458,0.053,0.026,8.005
0,6,2,258,6,MatMul_86,MatMul,static,AI_CORE,1786102259971507.280	,6.620,1.100000,22,0,NO,"""1,2048;128,64,16,16""",FLOAT16;FLOAT16,ND;FRACTAL_NZ,"""1,1024""",FLOAT16,ND,N/A,4.57,180975,0.488,0.107,0.935,0.204,1.095,0.24,3.361,0.735,2.121,0.464,0.0,0.0,0,0.0,0.0,0.0,0.0,0.0,0.0,0.0,0.0,0.0,63.282
0,6,2,259,6,InplaceAddRmsNorm_34,InplaceAddRmsNorm,static,AI_VECTOR_CORE,1786102259971513.920	,1.560,0.130000,1,0,NO,"""1,1,1024;1,1,1024;1024""",FLOAT16;FLOAT16;FLOAT16,ND;ND;ND,"""1,1,1024;1,1,1;1,1,1024""",FLOAT16;FLOAT;FLOAT16,ND;ND;ND,N/A,0.0,0,0.0,0.0,0.0,0.0,0.0,0.0,0.0,0.0,0.0,0.0,0.0,1.018,1832,0.282,0.277,0.492,0.483,0.379,0.373,0.377,0.37,0.0,0.000
0,6,2,260,6,MatMul_87,MatMul,static,AI_CORE,1786102259971515.500	,7.180,0.000000,24,0,NO,"""1,1024;64,192,16,16""",FLOAT16;FLOAT16,ND;FRACTAL_NZ,"""1,3072""",FLOAT16,ND,N/A,5.287,228415,0.538,0.102,0.503,0.095,1.289,0.244,4.324,0.818,3.586,0.678,0.006,0.0,0,0.0,0.0,0.0,0.0,0.0,0.0,0.0,0.0,0.0,73.640
0,6,2,261,6,MatMul_88,MatMul,static,AI_CORE,1786102259971522.720	,8.940,0.070000,24,0,NO,"""1,1024;64,192,16,16""",FLOAT16;FLOAT16,ND;FRACTAL_NZ,"""1,3072""",FLOAT16,ND,N/A,6.525,281892,0.538,0.082,0.481,0.074,1.289,0.197,5.603,0.859,3.793,0.581,0.0,0.0,0,0.0,0.0,0.0,0.0,0.0,0.0,0.0,0.0,0.0,72.990
0,6,2,262,6,Swish_17Mul_20,AutomaticBufferFusionOp,static,AI_VECTOR_CORE,1786102259971531.680	,1.320,0.060000,3,0,NO,"""1,1,3072;1,1,3072""",FLOAT16;FLOAT16,ND;ND,"""1,1,3072""",FLOAT16,ND,N/A,0.0,0,0.0,0.0,0.0,0.0,0.0,0.0,0.0,0.0,0.0,0.0,0.0,0.741,4002,0.163,0.22,0.147,0.199,0.13,0.175,0.136,0.184,0.211,0.000
0,6,2,263,6,MatMul_89,MatMul,static,AI_CORE,1786102259971533.020	,8.140,0.000000,22,0,NO,"""1,3072;192,64,16,16""",FLOAT16;FLOAT16,ND;FRACTAL_NZ,"""1,1024""",FLOAT16,ND,N/A,5.675,224723,0.729,0.128,0.484,0.085,1.667,0.294,5.016,0.884,2.126,0.375,0.016,0.0,0,0.0,0.0,0.0,0.0,0.0,0.0,0.0,0.0,0.0,63.906
0,6,2,264,6,InplaceAddRmsNorm_35,InplaceAddRmsNorm,static,AI_VECTOR_CORE,1786102259971541.180	,1.940,0.110000,1,0,NO,"""1,1,1024;1,1,1024;1024""",FLOAT16;FLOAT16;FLOAT16,ND;ND;ND,"""1,1,1024;1,1,1;1,1,1024""",FLOAT16;FLOAT;FLOAT16,ND;ND;ND,N/A,0.0,0,0.0,0.0,0.0,0.0,0.0,0.0,0.0,0.0,0.0,0.0,0.0,1.423,2562,0.282,0.198,0.482,0.339,0.371,0.26,0.374,0.263,0.215,0.000
0,6,2,265,6,MatMul_90,MatMul,static,AI_CORE,1786102259971543.140	,172.240,0.060000,24,0,NO,"""1,1024;64,6464,16,16""",FLOAT16;FLOAT16,ND;FRACTAL_NZ,"""1,103424""",FLOAT16,ND,N/A,149.807,6471650,18.105,0.121,3.28,0.022,44.8,0.299,146.515,0.978,37.13,0.248,0.02,0.0,0,0.0,0.0,0.0,0.0,0.0,0.0,0.0,0.0,0.0,86.976
0,6,4294967295,1053,3,aclnnInplaceCopy_CastAiCore_Cast,Cast,dynamic,AI_VECTOR_CORE,1786102259971732.180	,8.360,16.760000,48,0,NO,"""1,103424""",FLOAT16,ND,"""1,103424""",FLOAT,ND,N/A,0.0,0,0.0,0.0,0.0,0.0,0.0,0.0,0.0,0.0,0.0,0.0,0.0,5.609,484575,0.041,0.007,0.47,0.084,0.774,0.138,0.761,0.136,0.22,0.000
0,6,4294967295,1054,3,aclnnArgMax_ArgMaxV2AiCore_ArgMaxV2,ArgMaxV2,dynamic,AI_VECTOR_CORE,1786102259971740.560	,14.100,0.000000,1,0,NO,"""1,103424;""",FLOAT;INT64,ND;ND,"""1,1""",INT32,ND,N/A,0.0,0,0.0,0.0,0.0,0.0,0.0,0.0,0.0,0.0,0.0,0.0,0.0,13.513,24323,7.387,0.547,1.783,0.132,3.744,0.277,0.299,0.022,0.062,0.000
0,6,4294967295,1055,3,aclnnArgMax_CastAiCore_Cast,Cast,dynamic,AI_VECTOR_CORE,1786102259971754.680	,1.320,0.150000,1,0,NO,"""1,1""",INT32,ND,"""1,1""",INT64,ND,N/A,0.0,0,0.0,0.0,0.0,0.0,0.0,0.0,0.0,0.0,0.0,0.0,0.0,0.802,1444,0.026,0.033,0.248,0.31,0.103,0.128,0.103,0.129,0.2,0.000
0,6,4294967295,1057,3,aclnnInplaceFillScalar_FillAiCore_Fill,Fill,dynamic,AI_VECTOR_CORE,1786102259971756.200	,1.760,0.180000,1,0,NO,"""2;""",INT64;INT64,ND;ND,"""1,1""",INT64,ND,N/A,0.0,0,0.0,0.0,0.0,0.0,0.0,0.0,0.0,0.0,0.0,0.0,0.0,1.245,2241,0.049,0.039,0.372,0.299,0.265,0.213,0.318,0.256,0.165,0.000
0,6,4294967295,1058,3,aclnnSWhere_SelectV2AiCore_SelectV2,SelectV2,dynamic,AI_VECTOR_CORE,1786102259971758.000	,2.540,0.000000,1,0,NO,"""1,1;1,1;1,1""",BOOL;INT64;INT64,ND;ND;ND,"""1,1""",INT64,ND,N/A,0.0,0,0.0,0.0,0.0,0.0,0.0,0.0,0.0,0.0,0.0,0.0,0.0,2.007,3613,0.2,0.1,0.489,0.244,0.391,0.195,0.102,0.051,0.209,0.000
0,6,4294967295,1059,3,aclnnAdds_AddAiCore_Add,Add,dynamic,AI_VECTOR_CORE,1786102259971800.900	,3.320,40.460000,1,0,NO,"""1;""",INT64;INT64,ND;ND,"""1""",INT64,ND,N/A,0.0,0,0.0,0.0,0.0,0.0,0.0,0.0,0.0,0.0,0.0,0.0,0.0,2.779,5003,0.293,0.105,0.504,0.181,0.655,0.236,0.144,0.052,0.232,0.000
0,6,4294967295,1060,3,aclnnInplaceZero_ZerosLikeAiCore_ZerosLike,ZerosLike,dynamic,AI_VECTOR_CORE,1786102259971919.660	,1.920,115.430000,1,0,NO,"""1""",INT64,ND,"""1""",INT64,ND,N/A,0.0,0,0.0,0.0,0.0,0.0,0.0,0.0,0.0,0.0,0.0,0.0,0.0,1.367,2461,0.063,0.046,0.327,0.239,0.001,0.001,0.113,0.083,0.281,0.000
0,6,4294967295,1061,3,aclnnSWhere_SelectV2AiCore_SelectV2,SelectV2,dynamic,AI_VECTOR_CORE,1786102259972010.840	,2.160,89.080000,1,0,NO,"""1;1;1""",BOOL;INT64;INT64,ND;ND;ND,"""1""",INT64,ND,N/A,0.0,0,0.0,0.0,0.0,0.0,0.0,0.0,0.0,0.0,0.0,0.0,0.0,1.587,2856,0.2,0.126,0.459,0.29,0.511,0.322,0.102,0.064,0.199,0.000
0,6,2,1064,3,UpdateModelParam_static_bin,Data,dynamic,AI_VECTOR_CORE,1786102259973124.140	,4.600,1111.340000,1,0,NO,N/A,N/A,N/A,N/A,N/A,N/A,N/A,0.0,0,0.0,0.0,0.0,0.0,0.0,0.0,0.0,0.0,0.0,0.0,0.0,4.017,7231,0.983,0.245,1.653,0.412,0.648,0.161,0.186,0.046,0.157,0.000
0,6,2,0,6,Range,Range,static,AI_VECTOR_CORE,1786102259973154.260	,9.080,25.400000,48,0,NO,""";;""",INT32;FLOAT;INT32,NCHW;NCHW;NCHW,"""1024""",FLOAT,NCHW,N/A,0.0,0,0.0,0.0,0.0,0.0,0.0,0.0,0.0,0.0,0.0,0.0,0.0,7.208,622749,0.071,0.01,3.494,0.485,0.001,0.0,0.236,0.033,0.231,0.000
0,6,2,1,6,Cast,Cast,static,AI_VECTOR_CORE,1786102259973163.360	,1.340,0.000000,2,0,NO,"""1024""",FLOAT,NCHW,"""1024""",INT64,NCHW,N/A,0.0,0,0.0,0.0,0.0,0.0,0.0,0.0,0.0,0.0,0.0,0.0,0.0,0.749,2695,0.031,0.042,0.128,0.171,0.128,0.17,0.161,0.214,0.261,0.000
0,6,2,2,6,GatherV2,GatherV2,static,AI_VECTOR_CORE,1786102259973164.720	,7.280,0.160000,47,0,NO,"""103424,1024;1,1;1""",FLOAT16;INT64;INT64,ND;ND;ND,"""1,1,1024""",FLOAT16,ND,N/A,0.0,0,0.0,0.0,0.0,0.0,0.0,0.0,0.0,0.0,0.0,0.0,0.0,3.613,305692,0.049,0.014,0.158,0.044,0.361,0.1,0.153,0.042,0.179,0.000
0,6,2,3,6,RmsNorm,RmsNorm,static,AI_VECTOR_CORE,1786102259973172.040	,5.300,0.000000,1,0,NO,"""1,1,1024;1024""",FLOAT16;FLOAT16,ND;ND,"""1,1,1024;1,1,1""",FLOAT16;FLOAT,ND;ND,N/A,0.0,0,0.0,0.0,0.0,0.0,0.0,0.0,0.0,0.0,0.0,0.0,0.0,4.783,8609,0.794,0.166,2.018,0.422,0.347,0.073,0.262,0.055,0.183,0.000
0,6,2,4,6,MatMul,MatMul,static,AI_CORE,1786102259973177.360	,7.360,0.000000,23,0,NO,"""1,1024;64,160,16,16""",FLOAT16;FLOAT16,ND;FRACTAL_NZ,"""1,2560""",FLOAT16,ND,N/A,5.164,213788,0.527,0.102,0.172,0.033,1.136,0.22,2.74,0.531,1.827,0.354,0.247,0.0,0,0.0,0.0,0.0,0.0,0.0,0.0,0.0,0.0,0.0,67.239
0,6,2,5,6,SplitV_2,SplitVD,static,AI_VECTOR_CORE,1786102259973184.740	,1.200,0.140000,1,0,NO,"""1,1,2560""",FLOAT16,ND,"""1,1,2048;1,1,256;1,1,256""",FLOAT16;FLOAT16;FLOAT16,ND;ND;ND,N/A,0.0,0,0.0,0.0,0.0,0.0,0.0,0.0,0.0,0.0,0.0,0.0,0.0,0.677,1218,0.008,0.011,0.176,0.26,0.122,0.18,0.158,0.234,0.263,0.000
0,6,2,6,6,Add,Add,static,AI_VECTOR_CORE,1786102259973185.980	,1.380,0.050000,1,0,NO,"""1,1;1,1""",INT64;INT64,NCHW;NCHW,"""1,1""",INT64,NCHW,N/A,0.0,0,0.0,0.0,0.0,0.0,0.0,0.0,0.0,0.0,0.0,0.0,0.0,0.884,1592,0.082,0.092,0.199,0.225,0.306,0.346,0.118,0.134,0.156,0.000
0,6,2,7,6,BroadcastTo,BroadcastTo,static,AI_VECTOR_CORE,1786102259973187.380	,1.260,0.120000,1,0,NO,"""1,1,1;3""",INT64;INT64,NCHW;NCHW,"""3,1,1""",INT64,NCHW,N/A,0.0,0,0.0,0.0,0.0,0.0,0.0,0.0,0.0,0.0,0.0,0.0,0.0,0.738,1329,0.082,0.111,0.201,0.272,0.097,0.132,0.126,0.17,0.167,0.000
0,6,2,8,6,Cast_1,Cast,static,AI_VECTOR_CORE,1786102259973188.660	,1.180,0.000000,1,0,NO,"""3,1,1,1""",INT64,NCHW,"""3,1,1,1""",FLOAT,NCHW,N/A,0.0,0,0.0,0.0,0.0,0.0,0.0,0.0,0.0,0.0,0.0,0.0,0.0,0.663,1194,0.058,0.088,0.15,0.226,0.107,0.161,0.123,0.185,0.185,0.000
0,6,2,9,6,Scatter_1,Scatter,static,AI_VECTOR_CORE,1786102259973189.880	,1.340,0.070000,2,0,NO,"""1,2,1024,128;1;1,2,1,128""",FLOAT16;INT64;FLOAT16,NCHW;NCHW;NCHW,"""1,2,1024,128""",FLOAT16,NCHW,N/A,0.0,0,0.0,0.0,0.0,0.0,0.0,0.0,0.0,0.0,0.0,0.0,0.0,0.785,2827,0.008,0.01,0.149,0.189,0.115,0.147,0.216,0.275,0.222,0.000
0,6,2,10,6,BroadcastTo_1,BroadcastTo,static,AI_VECTOR_CORE,1786102259973191.240	,1.320,0.000000,1,0,NO,"""1,1,64,1;4""",FLOAT;INT64,NCHW;NCHW,"""3,1,64,1""",FLOAT,NCHW,N/A,0.0,0,0.0,0.0,0.0,0.0,0.0,0.0,0.0,0.0,0.0,0.0,0.0,0.76,1368,0.018,0.023,0.119,0.157,0.267,0.351,0.137,0.181,0.238,0.000
0,6,2,11,6,Mul,Mul,static,AI_VECTOR_CORE,1786102259973192.580	,1.200,0.000000,1,0,NO,"""3,1,64,1;3,1,1,1""",FLOAT;FLOAT,NCHW;NCHW,"""3,1,64,1""",FLOAT,NCHW,N/A,0.0,0,0.0,0.0,0.0,0.0,0.0,0.0,0.0,0.0,0.0,0.0,0.0,0.648,1166,0.042,0.064,0.147,0.226,0.121,0.187,0.119,0.184,0.217,0.000
0,6,2,12,6,ConcatV2,ConcatV2D,static,AI_VECTOR_CORE,1786102259973193.800	,3.980,0.050000,1,0,NO,"""3,1,1,64;3,1,1,64""",FLOAT;FLOAT,NCHW;NCHW,"""3,1,1,128""",FLOAT,NCHW,N/A,0.0,0,0.0,0.0,0.0,0.0,0.0,0.0,0.0,0.0,0.0,0.0,0.0,3.399,6119,2.717,0.799,0.229,0.067,0.152,0.045,0.142,0.042,0.186,0.000
0,6,2,13,6,Cos,Cos,static,AI_VECTOR_CORE,1786102259973197.800	,1.920,0.020000,1,0,NO,"""3,1,1,128""",FLOAT,NCHW,"""3,1,1,128""",FLOAT,NCHW,N/A,0.0,0,0.0,0.0,0.0,0.0,0.0,0.0,0.0,0.0,0.0,0.0,0.0,1.349,2429,0.652,0.483,0.175,0.13,0.132,0.098,0.124,0.092,0.175,0.000
0,6,2,14,6,Mul_1Cast_5,Mul,static,AI_VECTOR_CORE,1786102259973199.740	,1.200,0.080000,1,0,NO,"""3,1,1,128;""",FLOAT;FLOAT,NCHW;NCHW,"""3,1,1,128""",FLOAT16,NCHW,N/A,0.0,0,0.0,0.0,0.0,0.0,0.0,0.0,0.0,0.0,0.0,0.0,0.0,0.727,1309,0.033,0.046,0.142,0.195,0.206,0.283,0.124,0.171,0.208,0.000
0,6,2,15,6,Sin,Sin,static,AI_VECTOR_CORE,1786102259973200.980	,1.780,0.050000,1,0,NO,"""3,1,1,128""",FLOAT,NCHW,"""3,1,1,128""",FLOAT,NCHW,N/A,0.0,0,0.0,0.0,0.0,0.0,0.0,0.0,0.0,0.0,0.0,0.0,0.0,1.307,2353,0.612,0.468,0.173,0.133,0.125,0.096,0.134,0.102,0.185,0.000
0,6,2,16,6,Mul_2Cast_6,Mul,static,AI_VECTOR_CORE,1786102259973202.780	,0.960,0.000000,1,0,NO,"""3,1,1,128;""",FLOAT;FLOAT,NCHW;NCHW,"""3,1,1,128""",FLOAT16,NCHW,N/A,0.0,0,0.0,0.0,0.0,0.0,0.0,0.0,0.0,0.0,0.0,0.0,0.0,0.476,856,0.033,0.07,0.119,0.25,0.125,0.263,0.099,0.208,0.208,0.000
0,6,2,17,6,SplitV,SplitVD,static,AI_VECTOR_CORE,1786102259973203.760	,3.920,0.040000,1,0,NO,"""3,1,1,128""",FLOAT16,NCHW,"""3,1,1,16;3,1,1,24;3,1,1,24;3,1,1,16;3,1,1,24;3,1,1,24""",FLOAT16;FLOAT16;FLOAT16;FLOAT16;FLOAT16;FLOAT16,NCHW;NCHW;NCHW;NCHW;NCHW;NCHW,N/A,0.0,0,0.0,0.0,0.0,0.0,0.0,0.0,0.0,0.0,0.0,0.0,0.0,3.428,6171,2.234,0.652,0.318,0.093,0.088,0.026,0.968,0.282,0.177,0.000
0,6,2,18,6,GatherV2_1,GatherV2,static,AI_VECTOR_CORE,1786102259973207.700	,1.180,0.080000,1,0,NO,"""3,1,1,16;;1""",FLOAT16;INT64;INT64,NCHW;NCHW;NCHW,"""1,1,16""",FLOAT16,NCHW,N/A,0.0,0,0.0,0.0,0.0,0.0,0.0,0.0,0.0,0.0,0.0,0.0,0.0,0.673,1212,0.057,0.084,0.132,0.196,0.179,0.266,0.104,0.154,0.182,0.000
0,6,2,19,6,GatherV2_4,GatherV2,static,AI_VECTOR_CORE,1786102259973208.900	,1.040,0.070000,1,0,NO,"""3,1,1,16;;1""",FLOAT16;INT64;INT64,NCHW;NCHW;NCHW,"""1,1,16""",FLOAT16,NCHW,N/A,0.0,0,0.0,0.0,0.0,0.0,0.0,0.0,0.0,0.0,0.0,0.0,0.0,0.529,952,0.057,0.107,0.167,0.316,0.096,0.182,0.094,0.178,0.182,0.000
0,6,2,20,6,GatherV2_2,GatherV2,static,AI_VECTOR_CORE,1786102259973209.960	,1.900,0.000000,1,0,NO,"""3,1,1,24;;1""",FLOAT16;INT64;INT64,NCHW;NCHW;NCHW,"""1,1,24""",FLOAT16,NCHW,N/A,0.0,0,0.0,0.0,0.0,0.0,0.0,0.0,0.0,0.0,0.0,0.0,0.0,1.373,2472,0.418,0.304,0.289,0.211,0.287,0.209,0.104,0.076,0.195,0.000
0,6,2,21,6,GatherV2_3,GatherV2,static,AI_VECTOR_CORE,1786102259973211.880	,1.760,0.100000,1,0,NO,"""3,1,1,24;;1""",FLOAT16;INT64;INT64,NCHW;NCHW;NCHW,"""1,1,24""",FLOAT16,NCHW,N/A,0.0,0,0.0,0.0,0.0,0.0,0.0,0.0,0.0,0.0,0.0,0.0,0.0,1.224,2204,0.418,0.341,0.325,0.265,0.333,0.272,0.095,0.078,0.195,0.000
0,6,2,22,6,GatherV2_5,GatherV2,static,AI_VECTOR_CORE,1786102259973213.660	,1.620,0.000000,1,0,NO,"""3,1,1,24;;1""",FLOAT16;INT64;INT64,NCHW;NCHW;NCHW,"""1,1,24""",FLOAT16,NCHW,N/A,0.0,0,0.0,0.0,0.0,0.0,0.0,0.0,0.0,0.0,0.0,0.0,0.0,1.102,1983,0.418,0.379,0.279,0.254,0.167,0.151,0.135,0.123,0.195,0.000
0,6,2,23,6,GatherV2_6,GatherV2,static,AI_VECTOR_CORE,1786102259973215.300	,1.680,0.000000,1,0,NO,"""3,1,1,24;;1""",FLOAT16;INT64;INT64,NCHW;NCHW;NCHW,"""1,1,24""",FLOAT16,NCHW,N/A,0.0,0,0.0,0.0,0.0,0.0,0.0,0.0,0.0,0.0,0.0,0.0,0.0,1.153,2076,0.418,0.362,0.312,0.271,0.219,0.19,0.136,0.118,0.195,0.000
0,6,2,24,6,SplitV_1,SplitVD,static,AI_VECTOR_CORE,1786102259973217.000	,3.920,0.070000,1,0,NO,"""3,1,1,128""",FLOAT16,NCHW,"""3,1,1,16;3,1,1,24;3,1,1,24;3,1,1,16;3,1,1,24;3,1,1,24""",FLOAT16;FLOAT16;FLOAT16;FLOAT16;FLOAT16;FLOAT16,NCHW;NCHW;NCHW;NCHW;NCHW;NCHW,N/A,0.0,0,0.0,0.0,0.0,0.0,0.0,0.0,0.0,0.0,0.0,0.0,0.0,3.385,6093,2.234,0.66,0.321,0.095,0.097,0.029,0.983,0.29,0.177,0.000
0,6,2,25,6,GatherV2_10,GatherV2,static,AI_VECTOR_CORE,1786102259973220.940	,1.080,0.080000,1,0,NO,"""3,1,1,16;;1""",FLOAT16;INT64;INT64,NCHW;NCHW;NCHW,"""1,1,16""",FLOAT16,NCHW,N/A,0.0,0,0.0,0.0,0.0,0.0,0.0,0.0,0.0,0.0,0.0,0.0,0.0,0.537,967,0.057,0.105,0.133,0.247,0.112,0.209,0.111,0.207,0.182,0.000
0,6,2,26,6,GatherV2_7,GatherV2,static,AI_VECTOR_CORE,1786102259973222.040	,1.160,0.000000,1,0,NO,"""3,1,1,16;;1""",FLOAT16;INT64;INT64,NCHW;NCHW;NCHW,"""1,1,16""",FLOAT16,NCHW,N/A,0.0,0,0.0,0.0,0.0,0.0,0.0,0.0,0.0,0.0,0.0,0.0,0.0,0.594,1070,0.057,0.095,0.18,0.303,0.105,0.177,0.115,0.193,0.182,0.000
0,6,2,27,6,GatherV2_11,GatherV2,static,AI_VECTOR_CORE,1786102259973223.220	,1.660,0.090000,1,0,NO,"""3,1,1,24;;1""",FLOAT16;INT64;INT64,NCHW;NCHW;NCHW,"""1,1,24""",FLOAT16,NCHW,N/A,0.0,0,0.0,0.0,0.0,0.0,0.0,0.0,0.0,0.0,0.0,0.0,0.0,1.085,1953,0.418,0.385,0.285,0.263,0.179,0.165,0.098,0.091,0.195,0.000
0,6,2,28,6,GatherV2_12,GatherV2,static,AI_VECTOR_CORE,1786102259973224.900	,1.700,0.090000,1,0,NO,"""3,1,1,24;;1""",FLOAT16;INT64;INT64,NCHW;NCHW;NCHW,"""1,1,24""",FLOAT16,NCHW,N/A,0.0,0,0.0,0.0,0.0,0.0,0.0,0.0,0.0,0.0,0.0,0.0,0.0,1.245,2241,0.418,0.336,0.331,0.266,0.259,0.208,0.141,0.113,0.195,0.000
0,6,2,29,6,GatherV2_8,GatherV2,static,AI_VECTOR_CORE,1786102259973226.620	,1.580,0.000000,1,0,NO,"""3,1,1,24;;1""",FLOAT16;INT64;INT64,NCHW;NCHW;NCHW,"""1,1,24""",FLOAT16,NCHW,N/A,0.0,0,0.0,0.0,0.0,0.0,0.0,0.0,0.0,0.0,0.0,0.0,0.0,1.127,2029,0.418,0.371,0.296,0.262,0.207,0.184,0.109,0.097,0.195,0.000
0,6,2,30,6,GatherV2_9,GatherV2,static,AI_VECTOR_CORE,1786102259973228.220	,1.700,0.170000,1,0,NO,"""3,1,1,24;;1""",FLOAT16;INT64;INT64,NCHW;NCHW;NCHW,"""1,1,24""",FLOAT16,NCHW,N/A,0.0,0,0.0,0.0,0.0,0.0,0.0,0.0,0.0,0.0,0.0,0.0,0.0,1.221,2197,0.418,0.342,0.333,0.273,0.241,0.198,0.129,0.106,0.195,0.000
0,6,2,31,6,ConcatV2_1,ConcatV2D,static,AI_VECTOR_CORE,1786102259973229.960	,1.340,0.050000,1,0,NO,"""1,1,16;1,1,24;1,1,24;1,1,16;1,1,24;1,1,24""",FLOAT16;FLOAT16;FLOAT16;FLOAT16;FLOAT16;FLOAT16,NCHW;NCHW;NCHW;NCHW;NCHW;NCHW,"""1,1,128""",FLOAT16,NCHW,N/A,0.0,0,0.0,0.0,0.0,0.0,0.0,0.0,0.0,0.0,0.0,0.0,0.0,0.869,1565,0.008,0.009,0.163,0.187,0.136,0.157,0.42,0.483,0.231,0.000
0,6,2,32,6,ConcatV2_2,ConcatV2D,static,AI_VECTOR_CORE,1786102259973231.320	,1.280,0.000000,1,0,NO,"""1,1,16;1,1,24;1,1,24;1,1,16;1,1,24;1,1,24""",FLOAT16;FLOAT16;FLOAT16;FLOAT16;FLOAT16;FLOAT16,NCHW;NCHW;NCHW;NCHW;NCHW;NCHW,"""1,1,128""",FLOAT16,NCHW,N/A,0.0,0,0.0,0.0,0.0,0.0,0.0,0.0,0.0,0.0,0.0,0.0,0.0,0.769,1384,0.008,0.01,0.129,0.168,0.123,0.16,0.432,0.562,0.231,0.000
0,6,2,33,6,ApplyRotaryPosEmb,ApplyRotaryPosEmb,static,AI_VECTOR_CORE,1786102259973232.620	,3.400,0.000000,1,0,NO,"""1,1,16,128;1,1,2,128;1,1,1,128;1,1,1,128""",FLOAT16;FLOAT16;FLOAT16;FLOAT16,NCHW;NCHW;NCHW;NCHW,"""1,1,16,128;1,1,2,128""",FLOAT16;FLOAT16,NCHW;NCHW,N/A,0.0,0,0.0,0.0,0.0,0.0,0.0,0.0,0.0,0.0,0.0,0.0,0.0,2.897,5215,0.159,0.055,1.523,0.526,0.193,0.067,0.175,0.06,0.165,0.000
0,6,2,34,6,Scatter,Scatter,static,AI_VECTOR_CORE,1786102259973236.040	,1.180,0.100000,2,0,NO,"""1,2,1024,128;1;1,2,1,128""",FLOAT16;INT64;FLOAT16,NCHW;NCHW;NCHW,"""1,2,1024,128""",FLOAT16,NCHW,N/A,0.0,0,0.0,0.0,0.0,0.0,0.0,0.0,0.0,0.0,0.0,0.0,0.0,0.625,2249,0.008,0.012,0.136,0.218,0.101,0.162,0.201,0.322,0.222,0.000
0,6,2,35,6,Greater,Greater,static,AI_VECTOR_CORE,1786102259973237.240	,2.380,0.070000,2,0,NO,"""1,1024;1,1""",INT64;INT64,NCHW;NCHW,"""1,1024""",BOOL,NCHW,N/A,0.0,0,0.0,0.0,0.0,0.0,0.0,0.0,0.0,0.0,0.0,0.0,0.0,1.732,6234,0.781,0.451,0.302,0.174,0.206,0.119,0.139,0.08,0.164,0.000
0,6,2,36,6,IncreFlashAttention,IncreFlashAttention,static,MIX_AIC,1786102259973240.620	,19.620,0.870000,2,4,NO,"""1,16,1,128;1,2,1024,128;1,2,1024,128;1,1,1,1024""",FLOAT16;FLOAT16;FLOAT16;BOOL,NCHW;NCHW;NCHW;NCHW,"""1,16,1,128""",FLOAT16,NCHW,0,19.221,69194,1.076,0.056,12.819,0.667,2.698,0.14,7.06,0.367,2.817,0.147,0.055,10.585,76209,0.717,0.068,1.941,0.183,0.194,0.018,0.421,0.04,0.128,8.164
0,6,2,37,6,MatMul_1,MatMul,static,AI_CORE,1786102259973261.320	,7.160,1.130000,22,0,NO,"""1,2048;128,64,16,16""",FLOAT16;FLOAT16,ND;FRACTAL_NZ,"""1,1024""",FLOAT16,ND,N/A,5.04,199599,0.488,0.097,0.216,0.043,1.106,0.219,2.708,0.537,2.019,0.401,0.221,0.0,0,0.0,0.0,0.0,0.0,0.0,0.0,0.0,0.0,0.0,64.530
0,6,2,38,6,InplaceAddRmsNorm,InplaceAddRmsNorm,static,AI_VECTOR_CORE,1786102259973268.500	,2.020,0.090000,1,0,NO,"""1,1,1024;1,1,1024;1024""",FLOAT16;FLOAT16;FLOAT16,ND;ND;ND,"""1,1,1024;1,1,1;1,1,1024""",FLOAT16;FLOAT;FLOAT16,ND;ND;ND,N/A,0.0,0,0.0,0.0,0.0,0.0,0.0,0.0,0.0,0.0,0.0,0.0,0.0,1.516,2729,0.282,0.186,0.568,0.374,0.517,0.341,0.385,0.254,0.222,0.000
0,6,2,39,6,MatMul_2,MatMul,static,AI_CORE,1786102259973270.540	,7.500,0.000000,24,0,NO,"""1,1024;64,192,16,16""",FLOAT16;FLOAT16,ND;FRACTAL_NZ,"""1,3072""",FLOAT16,ND,N/A,5.615,242547,0.538,0.096,0.16,0.028,1.286,0.229,3.292,0.586,2.144,0.382,0.207,0.0,0,0.0,0.0,0.0,0.0,0.0,0.0,0.0,0.0,0.0,74.860
0,6,2,40,6,MatMul_3,MatMul,static,AI_CORE,1786102259973278.060	,5.480,0.000000,24,0,NO,"""1,1024;64,192,16,16""",FLOAT16;FLOAT16,ND;FRACTAL_NZ,"""1,3072""",FLOAT16,ND,N/A,4.333,187169,0.538,0.124,0.502,0.116,1.285,0.297,3.396,0.784,2.586,0.597,0.0,0.0,0,0.0,0.0,0.0,0.0,0.0,0.0,0.0,0.0,0.0,79.062
0,6,2,41,6,SwishMul_3,AutomaticBufferFusionOp,static,AI_VECTOR_CORE,1786102259973283.560	,1.600,0.020000,3,0,NO,"""1,1,3072;1,1,3072""",FLOAT16;FLOAT16,ND;ND,"""1,1,3072""",FLOAT16,ND,N/A,0.0,0,0.0,0.0,0.0,0.0,0.0,0.0,0.0,0.0,0.0,0.0,0.0,0.901,4868,0.163,0.181,0.128,0.142,0.124,0.137,0.131,0.145,0.23,0.000
0,6,2,42,6,MatMul_4,MatMul,static,AI_CORE,1786102259973285.200	,8.420,0.150000,22,0,NO,"""1,3072;192,64,16,16""",FLOAT16;FLOAT16,ND;FRACTAL_NZ,"""1,1024""",FLOAT16,ND,N/A,6.403,253558,0.732,0.114,0.234,0.037,1.645,0.257,4.022,0.628,2.328,0.364,0.214,0.0,0,0.0,0.0,0.0,0.0,0.0,0.0,0.0,0.0,0.0,69.708
0,6,2,43,6,InplaceAddRmsNorm_1,InplaceAddRmsNorm,static,AI_VECTOR_CORE,1786102259973293.640	,1.940,0.080000,1,0,NO,"""1,1,1024;1,1,1024;1024""",FLOAT16;FLOAT16;FLOAT16,ND;ND;ND,"""1,1,1024;1,1,1;1,1,1024""",FLOAT16;FLOAT;FLOAT16,ND;ND;ND,N/A,0.0,0,0.0,0.0,0.0,0.0,0.0,0.0,0.0,0.0,0.0,0.0,0.0,1.382,2488,0.282,0.204,0.678,0.49,0.504,0.365,0.384,0.278,0.214,0.000
0,6,2,44,6,MatMul_5,MatMul,static,AI_CORE,1786102259973295.600	,4.980,0.000000,23,0,NO,"""1,1024;64,160,16,16""",FLOAT16;FLOAT16,ND;FRACTAL_NZ,"""1,2560""",FLOAT16,ND,N/A,3.909,161825,0.527,0.135,0.505,0.129,1.136,0.291,2.911,0.745,2.197,0.562,0.029,0.0,0,0.0,0.0,0.0,0.0,0.0,0.0,0.0,0.0,0.0,75.220
0,6,2,45,6,SplitV_3,SplitVD,static,AI_VECTOR_CORE,1786102259973300.600	,1.100,0.020000,1,0,NO,"""1,1,2560""",FLOAT16,ND,"""1,1,2048;1,1,256;1,1,256""",FLOAT16;FLOAT16;FLOAT16,ND;ND;ND,N/A,0.0,0,0.0,0.0,0.0,0.0,0.0,0.0,0.0,0.0,0.0,0.0,0.0,0.53,954,0.008,0.015,0.162,0.305,0.124,0.235,0.145,0.274,0.263,0.000
0,6,2,46,6,Scatter_3,Scatter,static,AI_VECTOR_CORE,1786102259973301.720	,1.300,0.150000,2,0,NO,"""1,2,1024,128;1;1,2,1,128""",FLOAT16;INT64;FLOAT16,NCHW;NCHW;NCHW,"""1,2,1024,128""",FLOAT16,NCHW,N/A,0.0,0,0.0,0.0,0.0,0.0,0.0,0.0,0.0,0.0,0.0,0.0,0.0,0.687,2472,0.008,0.011,0.134,0.195,0.113,0.165,0.183,0.266,0.192,0.000
0,6,2,47,6,ApplyRotaryPosEmb_1,ApplyRotaryPosEmb,static,AI_VECTOR_CORE,1786102259973303.060	,2.280,0.000000,1,0,NO,"""1,1,16,128;1,1,2,128;1,1,1,128;1,1,1,128""",FLOAT16;FLOAT16;FLOAT16;FLOAT16,NCHW;NCHW;NCHW;NCHW,"""1,1,16,128;1,1,2,128""",FLOAT16;FLOAT16,NCHW;NCHW,N/A,0.0,0,0.0,0.0,0.0,0.0,0.0,0.0,0.0,0.0,0.0,0.0,0.0,1.793,3227,0.153,0.085,1.221,0.681,0.161,0.09,0.164,0.092,0.167,0.000
0,6,2,48,6,Scatter_2,Scatter,static,AI_VECTOR_CORE,1786102259973305.380	,1.320,0.220000,2,0,NO,"""1,2,1024,128;1;1,2,1,128""",FLOAT16;INT64;FLOAT16,NCHW;NCHW;NCHW,"""1,2,1024,128""",FLOAT16,NCHW,N/A,0.0,0,0.0,0.0,0.0,0.0,0.0,0.0,0.0,0.0,0.0,0.0,0.0,0.753,2710,0.008,0.01,0.166,0.22,0.119,0.158,0.318,0.422,0.214,0.000
0,6,2,49,6,IncreFlashAttention_1,IncreFlashAttention,static,MIX_AIC,1786102259973307.760	,18.400,0.930000,2,4,NO,"""1,16,1,128;1,2,1024,128;1,2,1024,128;1,1,1,1024""",FLOAT16;FLOAT16;FLOAT16;BOOL,NCHW;NCHW;NCHW;NCHW,"""1,16,1,128""",FLOAT16,NCHW,0,17.761,63938,1.076,0.061,12.935,0.728,2.698,0.152,7.096,0.4,2.834,0.16,0.054,9.786,70461,0.72,0.074,1.869,0.191,0.197,0.02,0.42,0.043,0.128,8.044
0,6,2,50,6,MatMul_6,MatMul,static,AI_CORE,1786102259973327.280	,5.540,1.100000,22,0,NO,"""1,2048;128,64,16,16""",FLOAT16;FLOAT16,ND;FRACTAL_NZ,"""1,1024""",FLOAT16,ND,N/A,4.105,162564,0.488,0.119,1.024,0.249,1.093,0.266,2.82,0.687,2.112,0.514,0.029,0.0,0,0.0,0.0,0.0,0.0,0.0,0.0,0.0,0.0,0.0,67.925
0,6,2,51,6,InplaceAddRmsNorm_2,InplaceAddRmsNorm,static,AI_VECTOR_CORE,1786102259973332.840	,1.740,0.000000,1,0,NO,"""1,1,1024;1,1,1024;1024""",FLOAT16;FLOAT16;FLOAT16,ND;ND;ND,"""1,1,1024;1,1,1;1,1,1024""",FLOAT16;FLOAT;FLOAT16,ND;ND;ND,N/A,0.0,0,0.0,0.0,0.0,0.0,0.0,0.0,0.0,0.0,0.0,0.0,0.0,1.192,2146,0.282,0.237,0.571,0.479,0.378,0.317,0.363,0.305,0.222,0.000
0,6,2,52,6,MatMul_7,MatMul,static,AI_CORE,1786102259973334.600	,5.380,0.010000,24,0,NO,"""1,1024;64,192,16,16""",FLOAT16;FLOAT16,ND;FRACTAL_NZ,"""1,3072""",FLOAT16,ND,N/A,4.435,191590,0.538,0.121,0.522,0.118,1.285,0.29,3.448,0.778,2.605,0.587,0.006,0.0,0,0.0,0.0,0.0,0.0,0.0,0.0,0.0,0.0,0.0,82.434
0,6,2,53,6,MatMul_8,MatMul,static,AI_CORE,1786102259973340.000	,5.520,0.120000,24,0,NO,"""1,1024;64,192,16,16""",FLOAT16;FLOAT16,ND;FRACTAL_NZ,"""1,3072""",FLOAT16,ND,N/A,4.319,186596,0.538,0.125,0.528,0.122,1.286,0.298,3.346,0.775,2.603,0.603,0.0,0.0,0,0.0,0.0,0.0,0.0,0.0,0.0,0.0,0.0,0.0,78.249
0,6,2,54,6,Swish_1Mul_4,AutomaticBufferFusionOp,static,AI_VECTOR_CORE,1786102259973345.560	,1.580,0.000000,3,0,NO,"""1,1,3072;1,1,3072""",FLOAT16;FLOAT16,ND;ND,"""1,1,3072""",FLOAT16,ND,N/A,0.0,0,0.0,0.0,0.0,0.0,0.0,0.0,0.0,0.0,0.0,0.0,0.0,0.806,4351,0.163,0.202,0.133,0.165,0.136,0.169,0.133,0.165,0.176,0.000
0,6,2,55,6,MatMul_9,MatMul,static,AI_CORE,1786102259973347.160	,5.700,0.170000,22,0,NO,"""1,3072;192,64,16,16""",FLOAT16;FLOAT16,ND;FRACTAL_NZ,"""1,1024""",FLOAT16,ND,N/A,4.567,180846,0.73,0.16,0.508,0.111,1.669,0.365,3.862,0.846,2.177,0.477,0.033,0.0,0,0.0,0.0,0.0,0.0,0.0,0.0,0.0,0.0,0.0,73.443
0,6,2,56,6,InplaceAddRmsNorm_3,InplaceAddRmsNorm,static,AI_VECTOR_CORE,1786102259973352.880	,1.740,0.050000,1,0,NO,"""1,1,1024;1,1,1024;1024""",FLOAT16;FLOAT16;FLOAT16,ND;ND;ND,"""1,1,1024;1,1,1;1,1,1024""",FLOAT16;FLOAT;FLOAT16,ND;ND;ND,N/A,0.0,0,0.0,0.0,0.0,0.0,0.0,0.0,0.0,0.0,0.0,0.0,0.0,1.137,2046,0.282,0.248,0.501,0.44,0.399,0.351,0.376,0.331,0.2,0.000
0,6,2,57,6,MatMul_10,MatMul,static,AI_CORE,1786102259973354.640	,5.000,0.010000,23,0,NO,"""1,1024;64,160,16,16""",FLOAT16;FLOAT16,ND;FRACTAL_NZ,"""1,2560""",FLOAT16,ND,N/A,3.897,161326,0.527,0.135,0.488,0.125,1.137,0.292,2.91,0.747,2.307,0.592,0.023,0.0,0,0.0,0.0,0.0,0.0,0.0,0.0,0.0,0.0,0.0,74.688
0,6,2,58,6,SplitV_4,SplitVD,static,AI_VECTOR_CORE,1786102259973359.660	,1.080,0.000000,1,0,NO,"""1,1,2560""",FLOAT16,ND,"""1,1,2048;1,1,256;1,1,256""",FLOAT16;FLOAT16;FLOAT16,ND;ND;ND,N/A,0.0,0,0.0,0.0,0.0,0.0,0.0,0.0,0.0,0.0,0.0,0.0,0.0,0.607,1093,0.008,0.013,0.164,0.271,0.134,0.22,0.155,0.255,0.263,0.000
0,6,2,59,6,Scatter_5,Scatter,static,AI_VECTOR_CORE,1786102259973360.780	,1.340,0.000000,2,0,NO,"""1,2,1024,128;1;1,2,1,128""",FLOAT16;INT64;FLOAT16,NCHW;NCHW;NCHW,"""1,2,1024,128""",FLOAT16,NCHW,N/A,0.0,0,0.0,0.0,0.0,0.0,0.0,0.0,0.0,0.0,0.0,0.0,0.0,0.674,2428,0.008,0.012,0.143,0.213,0.11,0.163,0.212,0.314,0.208,0.000
0,6,2,60,6,ApplyRotaryPosEmb_2,ApplyRotaryPosEmb,static,AI_VECTOR_CORE,1786102259973362.160	,2.340,0.160000,1,0,NO,"""1,1,16,128;1,1,2,128;1,1,1,128;1,1,1,128""",FLOAT16;FLOAT16;FLOAT16;FLOAT16,NCHW;NCHW;NCHW;NCHW,"""1,1,16,128;1,1,2,128""",FLOAT16;FLOAT16,NCHW;NCHW,N/A,0.0,0,0.0,0.0,0.0,0.0,0.0,0.0,0.0,0.0,0.0,0.0,0.0,1.861,3350,0.153,0.082,1.306,0.702,0.165,0.089,0.159,0.086,0.159,0.000
0,6,2,61,6,Scatter_4,Scatter,static,AI_VECTOR_CORE,1786102259973364.520	,1.180,0.000000,2,0,NO,"""1,2,1024,128;1;1,2,1,128""",FLOAT16;INT64;FLOAT16,NCHW;NCHW;NCHW,"""1,2,1024,128""",FLOAT16,NCHW,N/A,0.0,0,0.0,0.0,0.0,0.0,0.0,0.0,0.0,0.0,0.0,0.0,0.0,0.642,2311,0.008,0.012,0.159,0.247,0.101,0.158,0.183,0.284,0.222,0.000
0,6,2,62,6,IncreFlashAttention_2,IncreFlashAttention,static,MIX_AIC,1786102259973366.620	,18.520,0.820000,2,4,NO,"""1,16,1,128;1,2,1024,128;1,2,1024,128;1,1,1,1024""",FLOAT16;FLOAT16;FLOAT16;BOOL,NCHW;NCHW;NCHW;NCHW,"""1,16,1,128""",FLOAT16,NCHW,0,17.993,64776,1.076,0.06,13.521,0.751,2.7,0.15,6.931,0.385,2.929,0.163,0.053,9.893,71226,0.72,0.073,1.941,0.196,0.197,0.02,0.444,0.045,0.122,8.096
0,6,2,63,6,MatMul_11,MatMul,static,AI_CORE,1786102259973386.120	,4.440,0.980000,22,0,NO,"""1,2048;128,64,16,16""",FLOAT16;FLOAT16,ND;FRACTAL_NZ,"""1,1024""",FLOAT16,ND,N/A,3.414,135204,0.487,0.143,0.497,0.146,1.111,0.325,2.675,0.784,2.27,0.665,0.002,0.0,0,0.0,0.0,0.0,0.0,0.0,0.0,0.0,0.0,0.0,70.489
0,6,2,64,6,InplaceAddRmsNorm_4,InplaceAddRmsNorm,static,AI_VECTOR_CORE,1786102259973390.580	,1.880,0.060000,1,0,NO,"""1,1,1024;1,1,1024;1024""",FLOAT16;FLOAT16;FLOAT16,ND;ND;ND,"""1,1,1024;1,1,1;1,1,1024""",FLOAT16;FLOAT;FLOAT16,ND;ND;ND,N/A,0.0,0,0.0,0.0,0.0,0.0,0.0,0.0,0.0,0.0,0.0,0.0,0.0,1.332,2398,0.282,0.212,0.737,0.553,0.397,0.298,0.387,0.291,0.2,0.000
0,6,2,65,6,MatMul_12,MatMul,static,AI_CORE,1786102259973392.480	,5.760,0.120000,24,0,NO,"""1,1024;64,192,16,16""",FLOAT16;FLOAT16,ND;FRACTAL_NZ,"""1,3072""",FLOAT16,ND,N/A,4.356,188160,0.538,0.123,0.506,0.116,1.285,0.295,3.351,0.769,2.345,0.538,0.009,0.0,0,0.0,0.0,0.0,0.0,0.0,0.0,0.0,0.0,0.0,75.617
0,6,2,66,6,MatMul_13,MatMul,static,AI_CORE,1786102259973398.260	,7.420,0.000000,24,0,NO,"""1,1024;64,192,16,16""",FLOAT16;FLOAT16,ND;FRACTAL_NZ,"""1,3072""",FLOAT16,ND,N/A,5.455,235654,0.537,0.099,1.033,0.189,1.283,0.235,3.906,0.716,2.451,0.449,0.0,0.0,0,0.0,0.0,0.0,0.0,0.0,0.0,0.0,0.0,0.0,73.517
0,6,2,67,6,Swish_2Mul_5,AutomaticBufferFusionOp,static,AI_VECTOR_CORE,1786102259973405.700	,1.520,0.080000,3,0,NO,"""1,1,3072;1,1,3072""",FLOAT16;FLOAT16,ND;ND,"""1,1,3072""",FLOAT16,ND,N/A,0.0,0,0.0,0.0,0.0,0.0,0.0,0.0,0.0,0.0,0.0,0.0,0.0,0.78,4214,0.163,0.209,0.115,0.147,0.13,0.167,0.146,0.187,0.202,0.000
0,6,2,68,6,MatMul_14,MatMul,static,AI_CORE,1786102259973407.240	,6.420,0.000000,22,0,NO,"""1,3072;192,64,16,16""",FLOAT16;FLOAT16,ND;FRACTAL_NZ,"""1,1024""",FLOAT16,ND,N/A,4.928,195166,0.73,0.148,0.521,0.106,1.622,0.329,4.125,0.837,2.41,0.489,0.013,0.0,0,0.0,0.0,0.0,0.0,0.0,0.0,0.0,0.0,0.0,70.370
0,6,2,69,6,InplaceAddRmsNorm_5,InplaceAddRmsNorm,static,AI_VECTOR_CORE,1786102259973413.680	,1.640,0.080000,1,0,NO,"""1,1,1024;1,1,1024;1024""",FLOAT16;FLOAT16;FLOAT16,ND;ND;ND,"""1,1,1024;1,1,1;1,1,1024""",FLOAT16;FLOAT;FLOAT16,ND;ND;ND,N/A,0.0,0,0.0,0.0,0.0,0.0,0.0,0.0,0.0,0.0,0.0,0.0,0.0,1.173,2112,0.282,0.241,0.576,0.491,0.383,0.326,0.381,0.325,0.2,0.000
0,6,2,70,6,MatMul_15,MatMul,static,AI_CORE,1786102259973415.340	,4.960,0.000000,23,0,NO,"""1,1024;64,160,16,16""",FLOAT16;FLOAT16,ND;FRACTAL_NZ,"""1,2560""",FLOAT16,ND,N/A,3.965,164144,0.527,0.133,0.451,0.114,1.137,0.287,3.027,0.763,2.34,0.59,0.021,0.0,0,0.0,0.0,0.0,0.0,0.0,0.0,0.0,0.0,0.0,76.605
0,6,2,71,6,SplitV_5,SplitVD,static,AI_VECTOR_CORE,1786102259973420.320	,1.020,0.040000,1,0,NO,"""1,1,2560""",FLOAT16,ND,"""1,1,2048;1,1,256;1,1,256""",FLOAT16;FLOAT16;FLOAT16,ND;ND;ND,N/A,0.0,0,0.0,0.0,0.0,0.0,0.0,0.0,0.0,0.0,0.0,0.0,0.0,0.552,994,0.008,0.014,0.134,0.242,0.129,0.234,0.154,0.279,0.263,0.000
0,6,2,72,6,Scatter_7,Scatter,static,AI_VECTOR_CORE,1786102259973421.360	,1.180,0.000000,2,0,NO,"""1,2,1024,128;1;1,2,1,128""",FLOAT16;INT64;FLOAT16,NCHW;NCHW;NCHW,"""1,2,1024,128""",FLOAT16,NCHW,N/A,0.0,0,0.0,0.0,0.0,0.0,0.0,0.0,0.0,0.0,0.0,0.0,0.0,0.649,2337,0.008,0.012,0.121,0.186,0.099,0.152,0.186,0.287,0.192,0.000
0,6,2,73,6,ApplyRotaryPosEmb_3,ApplyRotaryPosEmb,static,AI_VECTOR_CORE,1786102259973422.560	,2.360,0.070000,1,0,NO,"""1,1,16,128;1,1,2,128;1,1,1,128;1,1,1,128""",FLOAT16;FLOAT16;FLOAT16;FLOAT16,NCHW;NCHW;NCHW;NCHW,"""1,1,16,128;1,1,2,128""",FLOAT16;FLOAT16,NCHW;NCHW,N/A,0.0,0,0.0,0.0,0.0,0.0,0.0,0.0,0.0,0.0,0.0,0.0,0.0,1.861,3349,0.154,0.083,1.328,0.714,0.147,0.079,0.146,0.079,0.175,0.000
0,6,2,74,6,Scatter_6,Scatter,static,AI_VECTOR_CORE,1786102259973424.940	,1.180,0.140000,2,0,NO,"""1,2,1024,128;1;1,2,1,128""",FLOAT16;INT64;FLOAT16,NCHW;NCHW;NCHW,"""1,2,1024,128""",FLOAT16,NCHW,N/A,0.0,0,0.0,0.0,0.0,0.0,0.0,0.0,0.0,0.0,0.0,0.0,0.0,0.627,2257,0.008,0.012,0.128,0.203,0.101,0.162,0.321,0.513,0.107,0.000
0,6,2,75,6,IncreFlashAttention_3,IncreFlashAttention,static,MIX_AIC,1786102259973427.220	,18.500,1.070000,2,4,NO,"""1,16,1,128;1,2,1024,128;1,2,1024,128;1,1,1,1024""",FLOAT16;FLOAT16;FLOAT16;BOOL,NCHW;NCHW;NCHW;NCHW,"""1,16,1,128""",FLOAT16,NCHW,0,17.954,64635,1.076,0.06,13.203,0.735,2.697,0.15,7.119,0.397,2.935,0.163,0.054,9.798,70545,0.72,0.073,1.954,0.199,0.196,0.02,0.442,0.045,0.108,8.087
0,6,2,76,6,MatMul_16,MatMul,static,AI_CORE,1786102259973446.700	,4.460,1.000000,22,0,NO,"""1,2048;128,64,16,16""",FLOAT16;FLOAT16,ND;FRACTAL_NZ,"""1,1024""",FLOAT16,ND,N/A,3.274,129658,0.488,0.149,0.426,0.13,1.119,0.342,2.614,0.798,2.21,0.675,0.002,0.0,0,0.0,0.0,0.0,0.0,0.0,0.0,0.0,0.0,0.0,67.295
0,6,2,77,6,InplaceAddRmsNorm_6,InplaceAddRmsNorm,static,AI_VECTOR_CORE,1786102259973451.200	,1.560,0.040000,1,0,NO,"""1,1,1024;1,1,1024;1024""",FLOAT16;FLOAT16;FLOAT16,ND;ND;ND,"""1,1,1024;1,1,1;1,1,1024""",FLOAT16;FLOAT;FLOAT16,ND;ND;ND,N/A,0.0,0,0.0,0.0,0.0,0.0,0.0,0.0,0.0,0.0,0.0,0.0,0.0,1.095,1971,0.282,0.258,0.472,0.431,0.383,0.35,0.385,0.352,0.214,0.000
0,6,2,78,6,MatMul_17,MatMul,static,AI_CORE,1786102259973452.780	,5.720,0.000000,24,0,NO,"""1,1024;64,192,16,16""",FLOAT16;FLOAT16,ND;FRACTAL_NZ,"""1,3072""",FLOAT16,ND,N/A,4.536,195970,0.538,0.119,0.468,0.103,1.283,0.283,3.576,0.788,2.663,0.587,0.009,0.0,0,0.0,0.0,0.0,0.0,0.0,0.0,0.0,0.0,0.0,79.307
0,6,2,79,6,MatMul_18,MatMul,static,AI_CORE,1786102259973458.520	,6.620,0.030000,24,0,NO,"""1,1024;64,192,16,16""",FLOAT16;FLOAT16,ND;FRACTAL_NZ,"""1,3072""",FLOAT16,ND,N/A,5.261,227287,0.538,0.102,0.958,0.182,1.285,0.244,3.824,0.727,2.486,0.472,0.0,0.0,0,0.0,0.0,0.0,0.0,0.0,0.0,0.0,0.0,0.0,79.475
0,6,2,80,6,Swish_3Mul_6,AutomaticBufferFusionOp,static,AI_VECTOR_CORE,1786102259973465.160	,1.520,0.130000,3,0,NO,"""1,1,3072;1,1,3072""",FLOAT16;FLOAT16,ND;ND,"""1,1,3072""",FLOAT16,ND,N/A,0.0,0,0.0,0.0,0.0,0.0,0.0,0.0,0.0,0.0,0.0,0.0,0.0,0.83,4483,0.163,0.196,0.135,0.163,0.129,0.155,0.129,0.156,0.157,0.000
0,6,2,81,6,MatMul_19,MatMul,static,AI_CORE,1786102259973466.700	,6.120,0.000000,22,0,NO,"""1,3072;192,64,16,16""",FLOAT16;FLOAT16,ND;FRACTAL_NZ,"""1,1024""",FLOAT16,ND,N/A,4.584,181517,0.733,0.16,0.452,0.099,1.65,0.36,3.919,0.855,2.259,0.493,0.014,0.0,0,0.0,0.0,0.0,0.0,0.0,0.0,0.0,0.0,0.0,68.657
0,6,2,82,6,InplaceAddRmsNorm_7,InplaceAddRmsNorm,static,AI_VECTOR_CORE,1786102259973472.860	,1.660,0.000000,1,0,NO,"""1,1,1024;1,1,1024;1024""",FLOAT16;FLOAT16;FLOAT16,ND;ND;ND,"""1,1,1024;1,1,1;1,1,1024""",FLOAT16;FLOAT;FLOAT16,ND;ND;ND,N/A,0.0,0,0.0,0.0,0.0,0.0,0.0,0.0,0.0,0.0,0.0,0.0,0.0,1.149,2068,0.282,0.246,0.556,0.484,0.357,0.31,0.362,0.315,0.2,0.000
0,6,2,83,6,MatMul_20,MatMul,static,AI_CORE,1786102259973474.560	,4.940,0.090000,23,0,NO,"""1,1024;64,160,16,16""",FLOAT16;FLOAT16,ND;FRACTAL_NZ,"""1,2560""",FLOAT16,ND,N/A,3.983,164889,0.527,0.132,0.434,0.109,1.136,0.285,3.048,0.765,2.358,0.592,0.021,0.0,0,0.0,0.0,0.0,0.0,0.0,0.0,0.0,0.0,0.0,77.265
0,6,2,84,6,SplitV_6,SplitVD,static,AI_VECTOR_CORE,1786102259973479.540	,1.060,0.060000,1,0,NO,"""1,1,2560""",FLOAT16,ND,"""1,1,2048;1,1,256;1,1,256""",FLOAT16;FLOAT16;FLOAT16,ND;ND;ND,N/A,0.0,0,0.0,0.0,0.0,0.0,0.0,0.0,0.0,0.0,0.0,0.0,0.0,0.516,929,0.008,0.015,0.119,0.23,0.118,0.228,0.143,0.277,0.286,0.000
0,6,2,85,6,Scatter_9,Scatter,static,AI_VECTOR_CORE,1786102259973480.620	,1.340,0.000000,2,0,NO,"""1,2,1024,128;1;1,2,1,128""",FLOAT16;INT64;FLOAT16,NCHW;NCHW;NCHW,"""1,2,1024,128""",FLOAT16,NCHW,N/A,0.0,0,0.0,0.0,0.0,0.0,0.0,0.0,0.0,0.0,0.0,0.0,0.0,0.619,2229,0.008,0.013,0.136,0.219,0.108,0.174,0.187,0.302,0.241,0.000
0,6,2,86,6,ApplyRotaryPosEmb_4,ApplyRotaryPosEmb,static,AI_VECTOR_CORE,1786102259973481.980	,2.240,0.160000,1,0,NO,"""1,1,16,128;1,1,2,128;1,1,1,128;1,1,1,128""",FLOAT16;FLOAT16;FLOAT16;FLOAT16,NCHW;NCHW;NCHW;NCHW,"""1,1,16,128;1,1,2,128""",FLOAT16;FLOAT16,NCHW;NCHW,N/A,0.0,0,0.0,0.0,0.0,0.0,0.0,0.0,0.0,0.0,0.0,0.0,0.0,1.69,3042,0.159,0.094,1.22,0.722,0.156,0.092,0.147,0.087,0.159,0.000
0,6,2,87,6,Scatter_8,Scatter,static,AI_VECTOR_CORE,1786102259973484.240	,1.200,0.010000,2,0,NO,"""1,2,1024,128;1;1,2,1,128""",FLOAT16;INT64;FLOAT16,NCHW;NCHW;NCHW,"""1,2,1024,128""",FLOAT16,NCHW,N/A,0.0,0,0.0,0.0,0.0,0.0,0.0,0.0,0.0,0.0,0.0,0.0,0.0,0.588,2117,0.008,0.013,0.151,0.256,0.123,0.209,0.273,0.464,0.0,0.000
0,6,2,88,6,IncreFlashAttention_4,IncreFlashAttention,static,MIX_AIC,1786102259973486.620	,18.800,1.050000,2,4,NO,"""1,16,1,128;1,2,1024,128;1,2,1024,128;1,1,1,1024""",FLOAT16;FLOAT16;FLOAT16;BOOL,NCHW;NCHW;NCHW;NCHW,"""1,16,1,128""",FLOAT16,NCHW,0,18.354,66074,1.076,0.059,13.051,0.711,2.701,0.147,7.253,0.395,2.915,0.159,0.054,9.879,71131,0.72,0.073,1.963,0.199,0.196,0.02,0.417,0.042,0.1,8.136
0,6,2,89,6,MatMul_21,MatMul,static,AI_CORE,1786102259973506.100	,4.520,0.700000,22,0,NO,"""1,2048;128,64,16,16""",FLOAT16;FLOAT16,ND;FRACTAL_NZ,"""1,1024""",FLOAT16,ND,N/A,3.32,131463,0.489,0.147,0.45,0.135,1.123,0.338,2.63,0.792,2.203,0.664,0.002,0.0,0,0.0,0.0,0.0,0.0,0.0,0.0,0.0,0.0,0.0,67.326
0,6,2,90,6,InplaceAddRmsNorm_8,InplaceAddRmsNorm,static,AI_VECTOR_CORE,1786102259973510.640	,1.660,0.230000,1,0,NO,"""1,1,1024;1,1,1024;1024""",FLOAT16;FLOAT16;FLOAT16,ND;ND;ND,"""1,1,1024;1,1,1;1,1,1024""",FLOAT16;FLOAT;FLOAT16,ND;ND;ND,N/A,0.0,0,0.0,0.0,0.0,0.0,0.0,0.0,0.0,0.0,0.0,0.0,0.0,1.126,2026,0.282,0.251,0.503,0.447,0.383,0.34,0.371,0.329,0.214,0.000
0,6,2,91,6,MatMul_22,MatMul,static,AI_CORE,1786102259973512.320	,6.040,0.000000,24,0,NO,"""1,1024;64,192,16,16""",FLOAT16;FLOAT16,ND;FRACTAL_NZ,"""1,3072""",FLOAT16,ND,N/A,4.507,194685,0.538,0.119,0.457,0.101,1.284,0.285,3.55,0.788,2.712,0.602,0.009,0.0,0,0.0,0.0,0.0,0.0,0.0,0.0,0.0,0.0,0.0,74.613
0,6,2,92,6,MatMul_23,MatMul,static,AI_CORE,1786102259973518.380	,5.940,0.210000,24,0,NO,"""1,1024;64,192,16,16""",FLOAT16;FLOAT16,ND;FRACTAL_NZ,"""1,3072""",FLOAT16,ND,N/A,4.458,192594,0.538,0.121,0.461,0.103,1.282,0.287,3.518,0.789,2.723,0.611,0.0,0.0,0,0.0,0.0,0.0,0.0,0.0,0.0,0.0,0.0,0.0,75.054
0,6,2,93,6,Swish_4Mul_7,AutomaticBufferFusionOp,static,AI_VECTOR_CORE,1786102259973524.340	,1.440,0.000000,3,0,NO,"""1,1,3072;1,1,3072""",FLOAT16;FLOAT16,ND;ND,"""1,1,3072""",FLOAT16,ND,N/A,0.0,0,0.0,0.0,0.0,0.0,0.0,0.0,0.0,0.0,0.0,0.0,0.0,0.795,4291,0.163,0.206,0.171,0.215,0.147,0.185,0.134,0.169,0.191,0.000
0,6,2,94,6,MatMul_24,MatMul,static,AI_CORE,1786102259973525.800	,5.920,0.060000,22,0,NO,"""1,3072;192,64,16,16""",FLOAT16;FLOAT16,ND;FRACTAL_NZ,"""1,1024""",FLOAT16,ND,N/A,4.69,185732,0.73,0.156,0.474,0.101,1.641,0.35,3.997,0.852,2.361,0.503,0.013,0.0,0,0.0,0.0,0.0,0.0,0.0,0.0,0.0,0.0,0.0,72.624
0,6,2,95,6,InplaceAddRmsNorm_9,InplaceAddRmsNorm,static,AI_VECTOR_CORE,1786102259973531.740	,1.720,0.080000,1,0,NO,"""1,1,1024;1,1,1024;1024""",FLOAT16;FLOAT16;FLOAT16,ND;ND;ND,"""1,1,1024;1,1,1;1,1,1024""",FLOAT16;FLOAT;FLOAT16,ND;ND;ND,N/A,0.0,0,0.0,0.0,0.0,0.0,0.0,0.0,0.0,0.0,0.0,0.0,0.0,1.155,2079,0.282,0.244,0.531,0.459,0.357,0.309,0.366,0.316,0.2,0.000
0,6,2,96,6,MatMul_25,MatMul,static,AI_CORE,1786102259973533.480	,5.880,0.030000,23,0,NO,"""1,1024;64,160,16,16""",FLOAT16;FLOAT16,ND;FRACTAL_NZ,"""1,2560""",FLOAT16,ND,N/A,4.768,197387,0.527,0.111,0.891,0.187,1.135,0.238,3.318,0.696,2.217,0.465,0.021,0.0,0,0.0,0.0,0.0,0.0,0.0,0.0,0.0,0.0,0.0,77.707
0,6,2,97,6,SplitV_7,SplitVD,static,AI_VECTOR_CORE,1786102259973539.380	,1.120,0.120000,1,0,NO,"""1,1,2560""",FLOAT16,ND,"""1,1,2048;1,1,256;1,1,256""",FLOAT16;FLOAT16;FLOAT16,ND;ND;ND,N/A,0.0,0,0.0,0.0,0.0,0.0,0.0,0.0,0.0,0.0,0.0,0.0,0.0,0.561,1010,0.008,0.014,0.127,0.227,0.133,0.238,0.151,0.269,0.263,0.000
0,6,2,98,6,Scatter_11,Scatter,static,AI_VECTOR_CORE,1786102259973540.540	,1.340,0.000000,2,0,NO,"""1,2,1024,128;1;1,2,1,128""",FLOAT16;INT64;FLOAT16,NCHW;NCHW;NCHW,"""1,2,1024,128""",FLOAT16,NCHW,N/A,0.0,0,0.0,0.0,0.0,0.0,0.0,0.0,0.0,0.0,0.0,0.0,0.0,0.684,2464,0.008,0.011,0.138,0.201,0.113,0.164,0.173,0.252,0.192,0.000
0,6,2,99,6,ApplyRotaryPosEmb_5,ApplyRotaryPosEmb,static,AI_VECTOR_CORE,1786102259973541.900	,2.520,0.160000,1,0,NO,"""1,1,16,128;1,1,2,128;1,1,1,128;1,1,1,128""",FLOAT16;FLOAT16;FLOAT16;FLOAT16,NCHW;NCHW;NCHW;NCHW,"""1,1,16,128;1,1,2,128""",FLOAT16;FLOAT16,NCHW;NCHW,N/A,0.0,0,0.0,0.0,0.0,0.0,0.0,0.0,0.0,0.0,0.0,0.0,0.0,2.033,3660,0.153,0.075,1.421,0.699,0.158,0.078,0.152,0.075,0.172,0.000
0,6,2,100,6,Scatter_10,Scatter,static,AI_VECTOR_CORE,1786102259973544.440	,0.920,0.000000,2,0,NO,"""1,2,1024,128;1;1,2,1,128""",FLOAT16;INT64;FLOAT16,NCHW;NCHW;NCHW,"""1,2,1024,128""",FLOAT16,NCHW,N/A,0.0,0,0.0,0.0,0.0,0.0,0.0,0.0,0.0,0.0,0.0,0.0,0.0,0.422,1519,0.008,0.018,0.166,0.393,0.121,0.286,0.101,0.24,0.0,0.000
0,6,2,101,6,IncreFlashAttention_5,IncreFlashAttention,static,MIX_AIC,1786102259973546.620	,18.360,1.080000,2,4,NO,"""1,16,1,128;1,2,1024,128;1,2,1024,128;1,1,1,1024""",FLOAT16;FLOAT16;FLOAT16;BOOL,NCHW;NCHW;NCHW;NCHW,"""1,16,1,128""",FLOAT16,NCHW,0,17.774,63987,1.076,0.061,13.075,0.736,2.698,0.152,6.999,0.394,2.878,0.162,0.055,9.711,69916,0.72,0.074,1.772,0.182,0.2,0.021,0.418,0.043,0.107,8.067
0,6,2,102,6,MatMul_26,MatMul,static,AI_CORE,1786102259973566.120	,4.760,1.140000,22,0,NO,"""1,2048;128,64,16,16""",FLOAT16;FLOAT16,ND;FRACTAL_NZ,"""1,1024""",FLOAT16,ND,N/A,3.521,139420,0.487,0.138,0.451,0.128,1.1,0.312,2.823,0.802,2.363,0.671,0.002,0.0,0,0.0,0.0,0.0,0.0,0.0,0.0,0.0,0.0,0.0,67.801
0,6,2,103,6,InplaceAddRmsNorm_10,InplaceAddRmsNorm,static,AI_VECTOR_CORE,1786102259973570.900	,1.720,0.240000,1,0,NO,"""1,1,1024;1,1,1024;1024""",FLOAT16;FLOAT16;FLOAT16,ND;ND;ND,"""1,1,1024;1,1,1;1,1,1024""",FLOAT16;FLOAT;FLOAT16,ND;ND;ND,N/A,0.0,0,0.0,0.0,0.0,0.0,0.0,0.0,0.0,0.0,0.0,0.0,0.0,1.201,2162,0.282,0.235,0.488,0.406,0.533,0.444,0.412,0.343,0.214,0.000
0,6,2,104,6,MatMul_27,MatMul,static,AI_CORE,1786102259973572.640	,5.660,0.030000,24,0,NO,"""1,1024;64,192,16,16""",FLOAT16;FLOAT16,ND;FRACTAL_NZ,"""1,3072""",FLOAT16,ND,N/A,4.613,199290,0.538,0.117,0.529,0.115,1.283,0.278,3.669,0.795,2.667,0.578,0.009,0.0,0,0.0,0.0,0.0,0.0,0.0,0.0,0.0,0.0,0.0,81.505
0,6,2,105,6,MatMul_28,MatMul,static,AI_CORE,1786102259973578.320	,5.840,0.000000,24,0,NO,"""1,1024;64,192,16,16""",FLOAT16;FLOAT16,ND;FRACTAL_NZ,"""1,3072""",FLOAT16,ND,N/A,4.559,196946,0.538,0.118,0.534,0.117,1.282,0.281,3.542,0.777,2.702,0.593,0.0,0.0,0,0.0,0.0,0.0,0.0,0.0,0.0,0.0,0.0,0.0,78.064
0,6,2,106,6,Swish_5Mul_8,AutomaticBufferFusionOp,static,AI_VECTOR_CORE,1786102259973584.200	,1.560,0.160000,3,0,NO,"""1,1,3072;1,1,3072""",FLOAT16;FLOAT16,ND;ND,"""1,1,3072""",FLOAT16,ND,N/A,0.0,0,0.0,0.0,0.0,0.0,0.0,0.0,0.0,0.0,0.0,0.0,0.0,0.831,4487,0.163,0.196,0.117,0.141,0.135,0.162,0.119,0.143,0.185,0.000
0,6,2,107,6,MatMul_29,MatMul,static,AI_CORE,1786102259973585.780	,5.720,0.000000,22,0,NO,"""1,3072;192,64,16,16""",FLOAT16;FLOAT16,ND;FRACTAL_NZ,"""1,1024""",FLOAT16,ND,N/A,4.548,180113,0.732,0.161,0.519,0.114,1.681,0.37,3.85,0.846,2.179,0.479,0.013,0.0,0,0.0,0.0,0.0,0.0,0.0,0.0,0.0,0.0,0.0,72.890
0,6,2,108,6,InplaceAddRmsNorm_11,InplaceAddRmsNorm,static,AI_VECTOR_CORE,1786102259973591.520	,1.720,0.030000,1,0,NO,"""1,1,1024;1,1,1024;1024""",FLOAT16;FLOAT16;FLOAT16,ND;ND;ND,"""1,1,1024;1,1,1;1,1,1024""",FLOAT16;FLOAT;FLOAT16,ND;ND;ND,N/A,0.0,0,0.0,0.0,0.0,0.0,0.0,0.0,0.0,0.0,0.0,0.0,0.0,1.177,2119,0.282,0.24,0.579,0.492,0.394,0.335,0.389,0.331,0.208,0.000
0,6,2,109,6,MatMul_30,MatMul,static,AI_CORE,1786102259973593.260	,7.100,0.030000,23,0,NO,"""1,1024;64,160,16,16""",FLOAT16;FLOAT16,ND;FRACTAL_NZ,"""1,2560""",FLOAT16,ND,N/A,4.83,199945,0.527,0.109,1.019,0.211,1.134,0.235,3.269,0.677,2.101,0.435,0.021,0.0,0,0.0,0.0,0.0,0.0,0.0,0.0,0.0,0.0,0.0,65.188
0,6,2,110,6,SplitV_8,SplitVD,static,AI_VECTOR_CORE,1786102259973600.380	,1.120,0.150000,1,0,NO,"""1,1,2560""",FLOAT16,ND,"""1,1,2048;1,1,256;1,1,256""",FLOAT16;FLOAT16;FLOAT16,ND;ND;ND,N/A,0.0,0,0.0,0.0,0.0,0.0,0.0,0.0,0.0,0.0,0.0,0.0,0.0,0.551,991,0.008,0.014,0.143,0.26,0.133,0.241,0.158,0.287,0.286,0.000
0,6,2,111,6,Scatter_13,Scatter,static,AI_VECTOR_CORE,1786102259973601.520	,1.460,0.000000,2,0,NO,"""1,2,1024,128;1;1,2,1,128""",FLOAT16;INT64;FLOAT16,NCHW;NCHW;NCHW,"""1,2,1024,128""",FLOAT16,NCHW,N/A,0.0,0,0.0,0.0,0.0,0.0,0.0,0.0,0.0,0.0,0.0,0.0,0.0,0.788,2837,0.008,0.01,0.184,0.234,0.114,0.145,0.306,0.388,0.224,0.000
0,6,2,112,6,ApplyRotaryPosEmb_6,ApplyRotaryPosEmb,static,AI_VECTOR_CORE,1786102259973603.020	,2.400,0.040000,1,0,NO,"""1,1,16,128;1,1,2,128;1,1,1,128;1,1,1,128""",FLOAT16;FLOAT16;FLOAT16;FLOAT16,NCHW;NCHW;NCHW;NCHW,"""1,1,16,128;1,1,2,128""",FLOAT16;FLOAT16,NCHW;NCHW,N/A,0.0,0,0.0,0.0,0.0,0.0,0.0,0.0,0.0,0.0,0.0,0.0,0.0,1.942,3495,0.153,0.079,1.401,0.722,0.159,0.082,0.153,0.079,0.163,0.000
0,6,2,113,6,Scatter_12,Scatter,static,AI_VECTOR_CORE,1786102259973605.440	,1.060,0.100000,2,0,NO,"""1,2,1024,128;1;1,2,1,128""",FLOAT16;INT64;FLOAT16,NCHW;NCHW;NCHW,"""1,2,1024,128""",FLOAT16,NCHW,N/A,0.0,0,0.0,0.0,0.0,0.0,0.0,0.0,0.0,0.0,0.0,0.0,0.0,0.551,1983,0.008,0.014,0.139,0.253,0.106,0.192,0.266,0.484,0.0,0.000
0,6,2,114,6,IncreFlashAttention_6,IncreFlashAttention,static,MIX_AIC,1786102259973607.800	,18.360,1.190000,2,4,NO,"""1,16,1,128;1,2,1024,128;1,2,1024,128;1,1,1,1024""",FLOAT16;FLOAT16;FLOAT16;BOOL,NCHW;NCHW;NCHW;NCHW,"""1,16,1,128""",FLOAT16,NCHW,0,17.918,64504,1.076,0.06,13.246,0.739,2.7,0.151,6.897,0.385,3.003,0.168,0.055,9.714,69943,0.722,0.074,1.743,0.179,0.193,0.02,0.444,0.046,0.097,8.133
0,6,2,115,6,MatMul_31,MatMul,static,AI_CORE,1786102259973627.300	,4.560,1.140000,22,0,NO,"""1,2048;128,64,16,16""",FLOAT16;FLOAT16,ND;FRACTAL_NZ,"""1,1024""",FLOAT16,ND,N/A,3.405,134848,0.487,0.143,0.487,0.143,1.117,0.328,2.631,0.773,2.219,0.652,0.002,0.0,0,0.0,0.0,0.0,0.0,0.0,0.0,0.0,0.0,0.0,68.454
0,6,2,116,6,InplaceAddRmsNorm_12,InplaceAddRmsNorm,static,AI_VECTOR_CORE,1786102259973631.880	,1.860,0.190000,1,0,NO,"""1,1,1024;1,1,1024;1024""",FLOAT16;FLOAT16;FLOAT16,ND;ND;ND,"""1,1,1024;1,1,1;1,1,1024""",FLOAT16;FLOAT;FLOAT16,ND;ND;ND,N/A,0.0,0,0.0,0.0,0.0,0.0,0.0,0.0,0.0,0.0,0.0,0.0,0.0,1.347,2424,0.282,0.21,0.459,0.341,0.374,0.278,0.376,0.279,0.214,0.000
0,6,2,117,6,MatMul_32,MatMul,static,AI_CORE,1786102259973633.760	,6.620,0.000000,24,0,NO,"""1,1024;64,192,16,16""",FLOAT16;FLOAT16,ND;FRACTAL_NZ,"""1,3072""",FLOAT16,ND,N/A,5.474,236456,0.538,0.098,1.062,0.194,1.284,0.235,3.918,0.716,2.516,0.46,0.009,0.0,0,0.0,0.0,0.0,0.0,0.0,0.0,0.0,0.0,0.0,82.682
0,6,2,118,6,MatMul_33,MatMul,static,AI_CORE,1786102259973640.400	,5.840,0.130000,24,0,NO,"""1,1024;64,192,16,16""",FLOAT16;FLOAT16,ND;FRACTAL_NZ,"""1,3072""",FLOAT16,ND,N/A,4.629,199979,0.538,0.116,0.5,0.108,1.284,0.277,3.669,0.793,2.8,0.605,0.0,0.0,0,0.0,0.0,0.0,0.0,0.0,0.0,0.0,0.0,0.0,79.266
0,6,2,119,6,Swish_6Mul_9,AutomaticBufferFusionOp,static,AI_VECTOR_CORE,1786102259973646.260	,1.420,0.000000,3,0,NO,"""1,1,3072;1,1,3072""",FLOAT16;FLOAT16,ND;ND,"""1,1,3072""",FLOAT16,ND,N/A,0.0,0,0.0,0.0,0.0,0.0,0.0,0.0,0.0,0.0,0.0,0.0,0.0,0.814,4396,0.163,0.201,0.13,0.16,0.13,0.16,0.143,0.176,0.176,0.000
0,6,2,120,6,MatMul_34,MatMul,static,AI_CORE,1786102259973647.700	,6.780,0.080000,22,0,NO,"""1,3072;192,64,16,16""",FLOAT16;FLOAT16,ND;FRACTAL_NZ,"""1,1024""",FLOAT16,ND,N/A,5.576,220795,0.731,0.131,0.519,0.093,1.642,0.294,4.828,0.866,3.11,0.558,0.014,0.0,0,0.0,0.0,0.0,0.0,0.0,0.0,0.0,0.0,0.0,75.383
0,6,2,121,6,InplaceAddRmsNorm_13,InplaceAddRmsNorm,static,AI_VECTOR_CORE,1786102259973654.520	,1.560,0.000000,1,0,NO,"""1,1,1024;1,1,1024;1024""",FLOAT16;FLOAT16;FLOAT16,ND;ND;ND,"""1,1,1024;1,1,1;1,1,1024""",FLOAT16;FLOAT;FLOAT16,ND;ND;ND,N/A,0.0,0,0.0,0.0,0.0,0.0,0.0,0.0,0.0,0.0,0.0,0.0,0.0,1.062,1912,0.282,0.266,0.453,0.427,0.359,0.338,0.372,0.35,0.215,0.000
0,6,2,122,6,MatMul_35,MatMul,static,AI_CORE,1786102259973656.100	,5.060,0.000000,23,0,NO,"""1,1024;64,160,16,16""",FLOAT16;FLOAT16,ND;FRACTAL_NZ,"""1,2560""",FLOAT16,ND,N/A,3.906,161723,0.527,0.135,0.473,0.121,1.137,0.291,2.917,0.747,2.262,0.579,0.021,0.0,0,0.0,0.0,0.0,0.0,0.0,0.0,0.0,0.0,0.0,73.984
0,6,2,123,6,SplitV_9,SplitVD,static,AI_VECTOR_CORE,1786102259973661.180	,1.300,0.190000,1,0,NO,"""1,1,2560""",FLOAT16,ND,"""1,1,2048;1,1,256;1,1,256""",FLOAT16;FLOAT16;FLOAT16,ND;ND;ND,N/A,0.0,0,0.0,0.0,0.0,0.0,0.0,0.0,0.0,0.0,0.0,0.0,0.0,0.777,1399,0.008,0.01,0.114,0.147,0.148,0.191,0.142,0.182,0.263,0.000
0,6,2,124,6,Scatter_15,Scatter,static,AI_VECTOR_CORE,1786102259973662.500	,1.360,0.000000,2,0,NO,"""1,2,1024,128;1;1,2,1,128""",FLOAT16;INT64;FLOAT16,NCHW;NCHW;NCHW,"""1,2,1024,128""",FLOAT16,NCHW,N/A,0.0,0,0.0,0.0,0.0,0.0,0.0,0.0,0.0,0.0,0.0,0.0,0.0,0.801,2885,0.008,0.01,0.118,0.147,0.153,0.19,0.24,0.299,0.213,0.000
0,6,2,125,6,ApplyRotaryPosEmb_7,ApplyRotaryPosEmb,static,AI_VECTOR_CORE,1786102259973663.880	,3.060,0.140000,1,0,NO,"""1,1,16,128;1,1,2,128;1,1,1,128;1,1,1,128""",FLOAT16;FLOAT16;FLOAT16;FLOAT16,NCHW;NCHW;NCHW;NCHW,"""1,1,16,128;1,1,2,128""",FLOAT16;FLOAT16,NCHW;NCHW,N/A,0.0,0,0.0,0.0,0.0,0.0,0.0,0.0,0.0,0.0,0.0,0.0,0.0,2.504,4508,0.159,0.064,1.363,0.544,0.216,0.086,0.174,0.069,0.158,0.000
0,6,2,126,6,Scatter_14,Scatter,static,AI_VECTOR_CORE,1786102259973666.960	,0.980,0.000000,2,0,NO,"""1,2,1024,128;1;1,2,1,128""",FLOAT16;INT64;FLOAT16,NCHW;NCHW;NCHW,"""1,2,1024,128""",FLOAT16,NCHW,N/A,0.0,0,0.0,0.0,0.0,0.0,0.0,0.0,0.0,0.0,0.0,0.0,0.0,0.395,1423,0.008,0.02,0.143,0.363,0.121,0.306,0.096,0.242,0.0,0.000
0,6,2,127,6,IncreFlashAttention_7,IncreFlashAttention,static,MIX_AIC,1786102259973668.980	,19.880,1.020000,2,4,NO,"""1,16,1,128;1,2,1024,128;1,2,1024,128;1,1,1,1024""",FLOAT16;FLOAT16;FLOAT16;BOOL,NCHW;NCHW;NCHW;NCHW,"""1,16,1,128""",FLOAT16,NCHW,0,19.428,69942,1.076,0.055,13.243,0.682,2.7,0.139,7.18,0.37,2.978,0.153,0.058,10.579,76172,0.719,0.068,1.743,0.165,0.206,0.02,0.473,0.045,0.109,8.144
0,6,2,128,6,MatMul_36,MatMul,static,AI_CORE,1786102259973689.700	,4.560,0.870000,22,0,NO,"""1,2048;128,64,16,16""",FLOAT16;FLOAT16,ND;FRACTAL_NZ,"""1,1024""",FLOAT16,ND,N/A,3.411,135076,0.487,0.143,0.488,0.143,1.117,0.327,2.65,0.777,2.256,0.661,0.002,0.0,0,0.0,0.0,0.0,0.0,0.0,0.0,0.0,0.0,0.0,68.569
0,6,2,129,6,InplaceAddRmsNorm_14,InplaceAddRmsNorm,static,AI_VECTOR_CORE,1786102259973694.280	,1.780,0.000000,1,0,NO,"""1,1,1024;1,1,1024;1024""",FLOAT16;FLOAT16;FLOAT16,ND;ND;ND,"""1,1,1024;1,1,1;1,1,1024""",FLOAT16;FLOAT;FLOAT16,ND;ND;ND,N/A,0.0,0,0.0,0.0,0.0,0.0,0.0,0.0,0.0,0.0,0.0,0.0,0.0,1.277,2299,0.282,0.221,0.507,0.397,0.538,0.421,0.426,0.333,0.214,0.000
0,6,2,130,6,MatMul_37,MatMul,static,AI_CORE,1786102259973696.080	,5.600,0.000000,24,0,NO,"""1,1024;64,192,16,16""",FLOAT16;FLOAT16,ND;FRACTAL_NZ,"""1,3072""",FLOAT16,ND,N/A,4.561,197055,0.538,0.118,0.509,0.112,1.285,0.282,3.587,0.786,2.795,0.613,0.009,0.0,0,0.0,0.0,0.0,0.0,0.0,0.0,0.0,0.0,0.0,81.455
0,6,2,131,6,MatMul_38,MatMul,static,AI_CORE,1786102259973701.700	,5.540,0.150000,24,0,NO,"""1,1024;64,192,16,16""",FLOAT16;FLOAT16,ND;FRACTAL_NZ,"""1,3072""",FLOAT16,ND,N/A,4.403,190202,0.538,0.122,0.62,0.141,1.285,0.292,3.337,0.758,2.61,0.593,0.0,0.0,0,0.0,0.0,0.0,0.0,0.0,0.0,0.0,0.0,0.0,79.473
0,6,2,132,6,Swish_7Mul_10,AutomaticBufferFusionOp,static,AI_VECTOR_CORE,1786102259973707.260	,1.660,0.000000,3,0,NO,"""1,1,3072;1,1,3072""",FLOAT16;FLOAT16,ND;ND,"""1,1,3072""",FLOAT16,ND,N/A,0.0,0,0.0,0.0,0.0,0.0,0.0,0.0,0.0,0.0,0.0,0.0,0.0,0.979,5286,0.163,0.166,0.213,0.218,0.134,0.137,0.131,0.134,0.194,0.000
0,6,2,133,6,MatMul_39,MatMul,static,AI_CORE,1786102259973708.940	,6.520,0.090000,22,0,NO,"""1,3072;192,64,16,16""",FLOAT16;FLOAT16,ND;FRACTAL_NZ,"""1,1024""",FLOAT16,ND,N/A,5.36,212263,0.73,0.136,0.989,0.185,1.661,0.31,4.187,0.781,2.171,0.405,0.014,0.0,0,0.0,0.0,0.0,0.0,0.0,0.0,0.0,0.0,0.0,75.360
0,6,2,134,6,InplaceAddRmsNorm_15,InplaceAddRmsNorm,static,AI_VECTOR_CORE,1786102259973715.480	,1.720,0.000000,1,0,NO,"""1,1,1024;1,1,1024;1024""",FLOAT16;FLOAT16;FLOAT16,ND;ND;ND,"""1,1,1024;1,1,1;1,1,1024""",FLOAT16;FLOAT;FLOAT16,ND;ND;ND,N/A,0.0,0,0.0,0.0,0.0,0.0,0.0,0.0,0.0,0.0,0.0,0.0,0.0,1.166,2098,0.282,0.242,0.547,0.469,0.374,0.321,0.371,0.318,0.215,0.000
0,6,2,135,6,MatMul_40,MatMul,static,AI_CORE,1786102259973717.220	,5.600,0.030000,23,0,NO,"""1,1024;64,160,16,16""",FLOAT16;FLOAT16,ND;FRACTAL_NZ,"""1,2560""",FLOAT16,ND,N/A,3.891,161067,0.527,0.136,0.568,0.146,1.136,0.292,2.831,0.728,2.241,0.576,0.021,0.0,0,0.0,0.0,0.0,0.0,0.0,0.0,0.0,0.0,0.0,66.579
0,6,2,136,6,SplitV_10,SplitVD,static,AI_VECTOR_CORE,1786102259973722.840	,1.100,0.000000,1,0,NO,"""1,1,2560""",FLOAT16,ND,"""1,1,2048;1,1,256;1,1,256""",FLOAT16;FLOAT16;FLOAT16,ND;ND;ND,N/A,0.0,0,0.0,0.0,0.0,0.0,0.0,0.0,0.0,0.0,0.0,0.0,0.0,0.522,940,0.008,0.015,0.107,0.204,0.124,0.237,0.147,0.281,0.263,0.000
0,6,2,137,6,Scatter_17,Scatter,static,AI_VECTOR_CORE,1786102259973723.960	,1.200,0.150000,2,0,NO,"""1,2,1024,128;1;1,2,1,128""",FLOAT16;INT64;FLOAT16,NCHW;NCHW;NCHW,"""1,2,1024,128""",FLOAT16,NCHW,N/A,0.0,0,0.0,0.0,0.0,0.0,0.0,0.0,0.0,0.0,0.0,0.0,0.0,0.495,1783,0.008,0.016,0.123,0.249,0.115,0.232,0.168,0.338,0.125,0.000
0,6,2,138,6,ApplyRotaryPosEmb_8,ApplyRotaryPosEmb,static,AI_VECTOR_CORE,1786102259973725.180	,2.520,0.050000,1,0,NO,"""1,1,16,128;1,1,2,128;1,1,1,128;1,1,1,128""",FLOAT16;FLOAT16;FLOAT16;FLOAT16,NCHW;NCHW;NCHW;NCHW,"""1,1,16,128;1,1,2,128""",FLOAT16;FLOAT16,NCHW;NCHW,N/A,0.0,0,0.0,0.0,0.0,0.0,0.0,0.0,0.0,0.0,0.0,0.0,0.0,1.933,3480,0.164,0.085,1.396,0.722,0.165,0.085,0.172,0.089,0.158,0.000
0,6,2,139,6,Scatter_16,Scatter,static,AI_VECTOR_CORE,1786102259973727.720	,1.180,0.000000,2,0,NO,"""1,2,1024,128;1;1,2,1,128""",FLOAT16;INT64;FLOAT16,NCHW;NCHW;NCHW,"""1,2,1024,128""",FLOAT16,NCHW,N/A,0.0,0,0.0,0.0,0.0,0.0,0.0,0.0,0.0,0.0,0.0,0.0,0.0,0.578,2079,0.008,0.013,0.181,0.313,0.128,0.221,0.265,0.458,0.0,0.000
0,6,2,140,6,IncreFlashAttention_8,IncreFlashAttention,static,MIX_AIC,1786102259973730.220	,16.960,1.320000,2,4,NO,"""1,16,1,128;1,2,1024,128;1,2,1024,128;1,1,1,1024""",FLOAT16;FLOAT16;FLOAT16;BOOL,NCHW;NCHW;NCHW;NCHW,"""1,16,1,128""",FLOAT16,NCHW,0,16.471,59297,1.076,0.065,12.619,0.766,2.697,0.164,7.368,0.447,2.963,0.18,0.009,9.145,65844,0.718,0.079,1.985,0.217,0.195,0.021,0.47,0.051,0.109,8.093
0,6,2,141,6,MatMul_41,MatMul,static,AI_CORE,1786102259973747.880	,4.480,0.790000,22,0,NO,"""1,2048;128,64,16,16""",FLOAT16;FLOAT16,ND;FRACTAL_NZ,"""1,1024""",FLOAT16,ND,N/A,3.35,132666,0.486,0.145,0.775,0.231,1.107,0.33,2.614,0.78,2.197,0.656,0.0,0.0,0,0.0,0.0,0.0,0.0,0.0,0.0,0.0,0.0,0.0,68.548
0,6,2,142,6,InplaceAddRmsNorm_16,InplaceAddRmsNorm,static,AI_VECTOR_CORE,1786102259973752.380	,1.560,0.020000,1,0,NO,"""1,1,1024;1,1,1024;1024""",FLOAT16;FLOAT16;FLOAT16,ND;ND;ND,"""1,1,1024;1,1,1;1,1,1024""",FLOAT16;FLOAT;FLOAT16,ND;ND;ND,N/A,0.0,0,0.0,0.0,0.0,0.0,0.0,0.0,0.0,0.0,0.0,0.0,0.0,1.073,1931,0.282,0.263,0.412,0.384,0.475,0.443,0.416,0.388,0.214,0.000
0,6,2,143,6,MatMul_42,MatMul,static,AI_CORE,1786102259973753.960	,5.500,0.000000,24,0,NO,"""1,1024;64,192,16,16""",FLOAT16;FLOAT16,ND;FRACTAL_NZ,"""1,3072""",FLOAT16,ND,N/A,4.367,188643,0.538,0.123,0.422,0.097,1.288,0.295,3.492,0.8,2.622,0.6,0.01,0.0,0,0.0,0.0,0.0,0.0,0.0,0.0,0.0,0.0,0.0,79.395
0,6,2,144,6,MatMul_43,MatMul,static,AI_CORE,1786102259973759.480	,5.320,0.000000,24,0,NO,"""1,1024;64,192,16,16""",FLOAT16;FLOAT16,ND;FRACTAL_NZ,"""1,3072""",FLOAT16,ND,N/A,4.278,184813,0.538,0.126,0.412,0.096,1.29,0.302,3.424,0.8,2.583,0.604,0.0,0.0,0,0.0,0.0,0.0,0.0,0.0,0.0,0.0,0.0,0.0,80.415
0,6,2,145,6,Swish_8Mul_11,AutomaticBufferFusionOp,static,AI_VECTOR_CORE,1786102259973764.820	,1.480,0.000000,3,0,NO,"""1,1,3072;1,1,3072""",FLOAT16;FLOAT16,ND;ND,"""1,1,3072""",FLOAT16,ND,N/A,0.0,0,0.0,0.0,0.0,0.0,0.0,0.0,0.0,0.0,0.0,0.0,0.0,0.821,4432,0.163,0.199,0.116,0.142,0.137,0.167,0.141,0.171,0.167,0.000
0,6,2,146,6,MatMul_44,MatMul,static,AI_CORE,1786102259973766.320	,6.380,0.020000,22,0,NO,"""1,3072;192,64,16,16""",FLOAT16;FLOAT16,ND;FRACTAL_NZ,"""1,1024""",FLOAT16,ND,N/A,5.116,202584,0.734,0.144,0.822,0.161,1.657,0.324,4.098,0.801,2.209,0.432,0.013,0.0,0,0.0,0.0,0.0,0.0,0.0,0.0,0.0,0.0,0.0,73.502
0,6,2,147,6,InplaceAddRmsNorm_17,InplaceAddRmsNorm,static,AI_VECTOR_CORE,1786102259973772.720	,1.700,0.120000,1,0,NO,"""1,1,1024;1,1,1024;1024""",FLOAT16;FLOAT16;FLOAT16,ND;ND;ND,"""1,1,1024;1,1,1;1,1,1024""",FLOAT16;FLOAT;FLOAT16,ND;ND;ND,N/A,0.0,0,0.0,0.0,0.0,0.0,0.0,0.0,0.0,0.0,0.0,0.0,0.0,1.152,2073,0.282,0.245,0.548,0.476,0.37,0.321,0.375,0.326,0.215,0.000
0,6,2,148,6,MatMul_45,MatMul,static,AI_CORE,1786102259973774.440	,4.920,0.050000,23,0,NO,"""1,1024;64,160,16,16""",FLOAT16;FLOAT16,ND;FRACTAL_NZ,"""1,2560""",FLOAT16,ND,N/A,3.814,157911,0.527,0.138,0.402,0.105,1.145,0.3,2.905,0.762,2.249,0.59,0.025,0.0,0,0.0,0.0,0.0,0.0,0.0,0.0,0.0,0.0,0.0,74.296
0,6,2,149,6,SplitV_11,SplitVD,static,AI_VECTOR_CORE,1786102259973779.400	,1.020,0.080000,1,0,NO,"""1,1,2560""",FLOAT16,ND,"""1,1,2048;1,1,256;1,1,256""",FLOAT16;FLOAT16;FLOAT16,ND;ND;ND,N/A,0.0,0,0.0,0.0,0.0,0.0,0.0,0.0,0.0,0.0,0.0,0.0,0.0,0.488,879,0.008,0.016,0.129,0.265,0.127,0.259,0.147,0.301,0.263,0.000
0,6,2,150,6,Scatter_19,Scatter,static,AI_VECTOR_CORE,1786102259973780.460	,1.320,0.000000,2,0,NO,"""1,2,1024,128;1;1,2,1,128""",FLOAT16;INT64;FLOAT16,NCHW;NCHW;NCHW,"""1,2,1024,128""",FLOAT16,NCHW,N/A,0.0,0,0.0,0.0,0.0,0.0,0.0,0.0,0.0,0.0,0.0,0.0,0.0,0.718,2586,0.008,0.011,0.132,0.184,0.128,0.179,0.208,0.289,0.182,0.000
0,6,2,151,6,ApplyRotaryPosEmb_9,ApplyRotaryPosEmb,static,AI_VECTOR_CORE,1786102259973781.800	,2.240,0.000000,1,0,NO,"""1,1,16,128;1,1,2,128;1,1,1,128;1,1,1,128""",FLOAT16;FLOAT16;FLOAT16;FLOAT16,NCHW;NCHW;NCHW;NCHW,"""1,1,16,128;1,1,2,128""",FLOAT16;FLOAT16,NCHW;NCHW,N/A,0.0,0,0.0,0.0,0.0,0.0,0.0,0.0,0.0,0.0,0.0,0.0,0.0,1.657,2983,0.154,0.093,1.208,0.729,0.159,0.096,0.157,0.095,0.167,0.000
0,6,2,152,6,Scatter_18,Scatter,static,AI_VECTOR_CORE,1786102259973784.060	,1.020,0.010000,2,0,NO,"""1,2,1024,128;1;1,2,1,128""",FLOAT16;INT64;FLOAT16,NCHW;NCHW;NCHW,"""1,2,1024,128""",FLOAT16,NCHW,N/A,0.0,0,0.0,0.0,0.0,0.0,0.0,0.0,0.0,0.0,0.0,0.0,0.0,0.423,1521,0.008,0.018,0.17,0.402,0.124,0.293,0.108,0.255,0.0,0.000
0,6,2,153,6,IncreFlashAttention_9,IncreFlashAttention,static,MIX_AIC,1786102259973785.980	,16.780,0.980000,2,4,NO,"""1,16,1,128;1,2,1024,128;1,2,1024,128;1,1,1,1024""",FLOAT16;FLOAT16;FLOAT16;BOOL,NCHW;NCHW;NCHW;NCHW,"""1,16,1,128""",FLOAT16,NCHW,0,16.088,57915,1.076,0.067,12.526,0.779,2.697,0.168,7.073,0.44,2.929,0.182,0.009,8.937,64345,0.72,0.081,1.755,0.196,0.194,0.022,0.432,0.048,0.106,7.989
0,6,2,154,6,MatMul_46,MatMul,static,AI_CORE,1786102259973803.660	,5.100,0.970000,22,0,NO,"""1,2048;128,64,16,16""",FLOAT16;FLOAT16,ND;FRACTAL_NZ,"""1,1024""",FLOAT16,ND,N/A,3.844,152225,0.487,0.127,0.815,0.212,1.098,0.286,2.811,0.731,2.107,0.548,0.0,0.0,0,0.0,0.0,0.0,0.0,0.0,0.0,0.0,0.0,0.0,69.093
0,6,2,155,6,InplaceAddRmsNorm_18,InplaceAddRmsNorm,static,AI_VECTOR_CORE,1786102259973808.780	,1.580,0.000000,1,0,NO,"""1,1,1024;1,1,1024;1024""",FLOAT16;FLOAT16;FLOAT16,ND;ND;ND,"""1,1,1024;1,1,1;1,1,1024""",FLOAT16;FLOAT;FLOAT16,ND;ND;ND,N/A,0.0,0,0.0,0.0,0.0,0.0,0.0,0.0,0.0,0.0,0.0,0.0,0.0,1.087,1957,0.282,0.26,0.489,0.45,0.421,0.387,0.386,0.355,0.214,0.000
0,6,2,156,6,MatMul_47,MatMul,static,AI_CORE,1786102259973810.380	,5.420,0.170000,24,0,NO,"""1,1024;64,192,16,16""",FLOAT16;FLOAT16,ND;FRACTAL_NZ,"""1,3072""",FLOAT16,ND,N/A,4.309,186134,0.538,0.125,0.425,0.099,1.287,0.299,3.419,0.793,2.645,0.614,0.015,0.0,0,0.0,0.0,0.0,0.0,0.0,0.0,0.0,0.0,0.0,79.496
0,6,2,157,6,MatMul_48,MatMul,static,AI_CORE,1786102259973815.840	,5.340,0.000000,24,0,NO,"""1,1024;64,192,16,16""",FLOAT16;FLOAT16,ND;FRACTAL_NZ,"""1,3072""",FLOAT16,ND,N/A,4.313,186343,0.538,0.125,0.424,0.098,1.287,0.298,3.444,0.799,2.657,0.616,0.0,0.0,0,0.0,0.0,0.0,0.0,0.0,0.0,0.0,0.0,0.0,80.777
0,6,2,158,6,Swish_9Mul_12,AutomaticBufferFusionOp,static,AI_VECTOR_CORE,1786102259973821.200	,1.520,0.160000,3,0,NO,"""1,1,3072;1,1,3072""",FLOAT16;FLOAT16,ND;ND,"""1,1,3072""",FLOAT16,ND,N/A,0.0,0,0.0,0.0,0.0,0.0,0.0,0.0,0.0,0.0,0.0,0.0,0.0,0.806,4353,0.163,0.202,0.116,0.144,0.13,0.161,0.123,0.153,0.185,0.000
0,6,2,159,6,MatMul_49,MatMul,static,AI_CORE,1786102259973822.760	,5.740,0.000000,22,0,NO,"""1,3072;192,64,16,16""",FLOAT16;FLOAT16,ND;FRACTAL_NZ,"""1,1024""",FLOAT16,ND,N/A,4.419,174975,0.733,0.166,0.424,0.096,1.667,0.377,3.814,0.863,2.183,0.494,0.013,0.0,0,0.0,0.0,0.0,0.0,0.0,0.0,0.0,0.0,0.0,70.564
0,6,2,160,6,InplaceAddRmsNorm_19,InplaceAddRmsNorm,static,AI_VECTOR_CORE,1786102259973828.520	,1.680,0.010000,1,0,NO,"""1,1,1024;1,1,1024;1024""",FLOAT16;FLOAT16;FLOAT16,ND;ND;ND,"""1,1,1024;1,1,1;1,1,1024""",FLOAT16;FLOAT;FLOAT16,ND;ND;ND,N/A,0.0,0,0.0,0.0,0.0,0.0,0.0,0.0,0.0,0.0,0.0,0.0,0.0,1.147,2064,0.282,0.246,0.564,0.492,0.367,0.32,0.377,0.329,0.215,0.000
0,6,2,161,6,MatMul_50,MatMul,static,AI_CORE,1786102259973830.220	,5.940,0.070000,23,0,NO,"""1,1024;64,160,16,16""",FLOAT16;FLOAT16,ND;FRACTAL_NZ,"""1,2560""",FLOAT16,ND,N/A,4.272,176879,0.527,0.123,0.372,0.087,1.136,0.266,3.41,0.798,2.727,0.638,0.024,0.0,0,0.0,0.0,0.0,0.0,0.0,0.0,0.0,0.0,0.0,68.930
0,6,2,162,6,SplitV_12,SplitVD,static,AI_VECTOR_CORE,1786102259973836.200	,1.060,0.060000,1,0,NO,"""1,1,2560""",FLOAT16,ND,"""1,1,2048;1,1,256;1,1,256""",FLOAT16;FLOAT16;FLOAT16,ND;ND;ND,N/A,0.0,0,0.0,0.0,0.0,0.0,0.0,0.0,0.0,0.0,0.0,0.0,0.0,0.577,1038,0.008,0.013,0.148,0.256,0.126,0.218,0.152,0.264,0.263,0.000
0,6,2,163,6,Scatter_21,Scatter,static,AI_VECTOR_CORE,1786102259973837.280	,1.300,0.000000,2,0,NO,"""1,2,1024,128;1;1,2,1,128""",FLOAT16;INT64;FLOAT16,NCHW;NCHW;NCHW,"""1,2,1024,128""",FLOAT16,NCHW,N/A,0.0,0,0.0,0.0,0.0,0.0,0.0,0.0,0.0,0.0,0.0,0.0,0.0,0.636,2288,0.008,0.012,0.127,0.2,0.111,0.175,0.209,0.329,0.211,0.000
0,6,2,164,6,ApplyRotaryPosEmb_10,ApplyRotaryPosEmb,static,AI_VECTOR_CORE,1786102259973838.620	,2.420,0.000000,1,0,NO,"""1,1,16,128;1,1,2,128;1,1,1,128;1,1,1,128""",FLOAT16;FLOAT16;FLOAT16;FLOAT16,NCHW;NCHW;NCHW;NCHW,"""1,1,16,128;1,1,2,128""",FLOAT16;FLOAT16,NCHW;NCHW,N/A,0.0,0,0.0,0.0,0.0,0.0,0.0,0.0,0.0,0.0,0.0,0.0,0.0,1.907,3432,0.153,0.08,1.438,0.754,0.156,0.082,0.146,0.077,0.168,0.000
0,6,2,165,6,Scatter_20,Scatter,static,AI_VECTOR_CORE,1786102259973841.060	,1.080,0.080000,2,0,NO,"""1,2,1024,128;1;1,2,1,128""",FLOAT16;INT64;FLOAT16,NCHW;NCHW;NCHW,"""1,2,1024,128""",FLOAT16,NCHW,N/A,0.0,0,0.0,0.0,0.0,0.0,0.0,0.0,0.0,0.0,0.0,0.0,0.0,0.544,1959,0.008,0.014,0.137,0.252,0.104,0.191,0.261,0.48,0.0,0.000
0,6,2,166,6,IncreFlashAttention_10,IncreFlashAttention,static,MIX_AIC,1786102259973843.600	,16.820,1.420000,2,4,NO,"""1,16,1,128;1,2,1024,128;1,2,1024,128;1,1,1,1024""",FLOAT16;FLOAT16;FLOAT16;BOOL,NCHW;NCHW;NCHW;NCHW,"""1,16,1,128""",FLOAT16,NCHW,0,16.367,58920,1.076,0.066,12.786,0.781,2.699,0.165,7.003,0.428,2.988,0.183,0.01,9.002,64815,0.72,0.08,1.847,0.205,0.194,0.022,0.454,0.05,0.106,8.109
0,6,2,167,6,MatMul_51,MatMul,static,AI_CORE,1786102259973861.240	,4.600,0.930000,22,0,NO,"""1,2048;128,64,16,16""",FLOAT16;FLOAT16,ND;FRACTAL_NZ,"""1,1024""",FLOAT16,ND,N/A,3.29,130297,0.486,0.148,0.399,0.121,1.097,0.334,2.597,0.789,2.218,0.674,0.0,0.0,0,0.0,0.0,0.0,0.0,0.0,0.0,0.0,0.0,0.0,65.568
0,6,2,168,6,InplaceAddRmsNorm_20,InplaceAddRmsNorm,static,AI_VECTOR_CORE,1786102259973865.860	,1.600,0.000000,1,0,NO,"""1,1,1024;1,1,1024;1024""",FLOAT16;FLOAT16;FLOAT16,ND;ND;ND,"""1,1,1024;1,1,1;1,1,1024""",FLOAT16;FLOAT;FLOAT16,ND;ND;ND,N/A,0.0,0,0.0,0.0,0.0,0.0,0.0,0.0,0.0,0.0,0.0,0.0,0.0,1.036,1864,0.282,0.273,0.416,0.401,0.384,0.371,0.374,0.362,0.214,0.000
0,6,2,169,6,MatMul_52,MatMul,static,AI_CORE,1786102259973867.480	,5.460,0.150000,24,0,NO,"""1,1024;64,192,16,16""",FLOAT16;FLOAT16,ND;FRACTAL_NZ,"""1,3072""",FLOAT16,ND,N/A,4.336,187319,0.538,0.124,0.437,0.101,1.293,0.298,3.445,0.794,2.636,0.608,0.011,0.0,0,0.0,0.0,0.0,0.0,0.0,0.0,0.0,0.0,0.0,79.416
0,6,2,170,6,MatMul_53,MatMul,static,AI_CORE,1786102259973872.980	,5.460,0.040000,24,0,NO,"""1,1024;64,192,16,16""",FLOAT16;FLOAT16,ND;FRACTAL_NZ,"""1,3072""",FLOAT16,ND,N/A,4.319,186582,0.538,0.125,0.625,0.145,1.29,0.299,3.455,0.8,2.621,0.607,0.0,0.0,0,0.0,0.0,0.0,0.0,0.0,0.0,0.0,0.0,0.0,79.103
0,6,2,171,6,Swish_10Mul_13,AutomaticBufferFusionOp,static,AI_VECTOR_CORE,1786102259973878.460	,1.600,0.040000,3,0,NO,"""1,1,3072;1,1,3072""",FLOAT16;FLOAT16,ND;ND,"""1,1,3072""",FLOAT16,ND,N/A,0.0,0,0.0,0.0,0.0,0.0,0.0,0.0,0.0,0.0,0.0,0.0,0.0,0.814,4396,0.163,0.201,0.142,0.174,0.14,0.172,0.142,0.174,0.185,0.000
0,6,2,172,6,MatMul_54,MatMul,static,AI_CORE,1786102259973880.080	,5.500,0.000000,22,0,NO,"""1,3072;192,64,16,16""",FLOAT16;FLOAT16,ND;FRACTAL_NZ,"""1,1024""",FLOAT16,ND,N/A,4.446,176045,0.731,0.164,0.421,0.095,1.649,0.371,3.833,0.862,2.212,0.497,0.016,0.0,0,0.0,0.0,0.0,0.0,0.0,0.0,0.0,0.0,0.0,74.093
0,6,2,173,6,InplaceAddRmsNorm_21,InplaceAddRmsNorm,static,AI_VECTOR_CORE,1786102259973885.600	,1.780,0.000000,1,0,NO,"""1,1,1024;1,1,1024;1024""",FLOAT16;FLOAT16;FLOAT16,ND;ND;ND,"""1,1,1024;1,1,1;1,1,1024""",FLOAT16;FLOAT;FLOAT16,ND;ND;ND,N/A,0.0,0,0.0,0.0,0.0,0.0,0.0,0.0,0.0,0.0,0.0,0.0,0.0,1.241,2233,0.282,0.227,0.607,0.489,0.377,0.304,0.383,0.309,0.215,0.000
0,6,2,174,6,MatMul_55,MatMul,static,AI_CORE,1786102259973887.400	,5.340,0.220000,23,0,NO,"""1,1024;64,160,16,16""",FLOAT16;FLOAT16,ND;FRACTAL_NZ,"""1,2560""",FLOAT16,ND,N/A,3.915,162086,0.527,0.135,0.436,0.111,1.138,0.291,2.977,0.761,2.35,0.6,0.025,0.0,0,0.0,0.0,0.0,0.0,0.0,0.0,0.0,0.0,0.0,70.262
0,6,2,175,6,SplitV_13,SplitVD,static,AI_VECTOR_CORE,1786102259973892.760	,1.120,0.000000,1,0,NO,"""1,1,2560""",FLOAT16,ND,"""1,1,2048;1,1,256;1,1,256""",FLOAT16;FLOAT16;FLOAT16,ND;ND;ND,N/A,0.0,0,0.0,0.0,0.0,0.0,0.0,0.0,0.0,0.0,0.0,0.0,0.0,0.593,1067,0.008,0.013,0.169,0.286,0.123,0.208,0.149,0.251,0.263,0.000
0,6,2,176,6,Scatter_23,Scatter,static,AI_VECTOR_CORE,1786102259973893.920	,1.240,0.130000,2,0,NO,"""1,2,1024,128;1;1,2,1,128""",FLOAT16;INT64;FLOAT16,NCHW;NCHW;NCHW,"""1,2,1024,128""",FLOAT16,NCHW,N/A,0.0,0,0.0,0.0,0.0,0.0,0.0,0.0,0.0,0.0,0.0,0.0,0.0,0.651,2344,0.008,0.012,0.135,0.207,0.104,0.16,0.179,0.274,0.182,0.000
0,6,2,177,6,ApplyRotaryPosEmb_11,ApplyRotaryPosEmb,static,AI_VECTOR_CORE,1786102259973895.200	,2.400,0.010000,1,0,NO,"""1,1,16,128;1,1,2,128;1,1,1,128;1,1,1,128""",FLOAT16;FLOAT16;FLOAT16;FLOAT16,NCHW;NCHW;NCHW;NCHW,"""1,1,16,128;1,1,2,128""",FLOAT16;FLOAT16,NCHW;NCHW,N/A,0.0,0,0.0,0.0,0.0,0.0,0.0,0.0,0.0,0.0,0.0,0.0,0.0,1.835,3303,0.156,0.085,1.354,0.738,0.159,0.087,0.143,0.078,0.175,0.000
0,6,2,178,6,Scatter_22,Scatter,static,AI_VECTOR_CORE,1786102259973897.620	,1.260,0.000000,2,0,NO,"""1,2,1024,128;1;1,2,1,128""",FLOAT16;INT64;FLOAT16,NCHW;NCHW;NCHW,"""1,2,1024,128""",FLOAT16,NCHW,N/A,0.0,0,0.0,0.0,0.0,0.0,0.0,0.0,0.0,0.0,0.0,0.0,0.0,0.64,2304,0.008,0.012,0.147,0.229,0.131,0.205,0.319,0.498,0.0,0.000
0,6,2,179,6,IncreFlashAttention_11,IncreFlashAttention,static,MIX_AIC,1786102259973899.940	,16.960,1.240000,2,4,NO,"""1,16,1,128;1,2,1024,128;1,2,1024,128;1,1,1,1024""",FLOAT16;FLOAT16;FLOAT16;BOOL,NCHW;NCHW;NCHW;NCHW,"""1,16,1,128""",FLOAT16,NCHW,0,16.254,58515,1.076,0.066,12.728,0.783,2.701,0.166,6.966,0.429,2.898,0.178,0.01,9.004,64828,0.72,0.08,1.914,0.213,0.196,0.022,0.462,0.051,0.108,7.987
0,6,2,180,6,MatMul_56,MatMul,static,AI_CORE,1786102259973917.580	,4.780,0.540000,22,0,NO,"""1,2048;128,64,16,16""",FLOAT16;FLOAT16,ND;FRACTAL_NZ,"""1,1024""",FLOAT16,ND,N/A,3.383,133955,0.489,0.145,0.592,0.175,1.113,0.329,2.555,0.755,2.143,0.633,0.0,0.0,0,0.0,0.0,0.0,0.0,0.0,0.0,0.0,0.0,0.0,64.871
0,6,2,181,6,InplaceAddRmsNorm_22,InplaceAddRmsNorm,static,AI_VECTOR_CORE,1786102259973922.380	,1.600,0.220000,1,0,NO,"""1,1,1024;1,1,1024;1024""",FLOAT16;FLOAT16;FLOAT16,ND;ND;ND,"""1,1,1024;1,1,1;1,1,1024""",FLOAT16;FLOAT;FLOAT16,ND;ND;ND,N/A,0.0,0,0.0,0.0,0.0,0.0,0.0,0.0,0.0,0.0,0.0,0.0,0.0,1.128,2030,0.282,0.25,0.491,0.435,0.395,0.35,0.394,0.349,0.214,0.000
0,6,2,182,6,MatMul_57,MatMul,static,AI_CORE,1786102259973924.000	,7.420,0.000000,24,0,NO,"""1,1024;64,192,16,16""",FLOAT16;FLOAT16,ND;FRACTAL_NZ,"""1,3072""",FLOAT16,ND,N/A,4.686,202455,0.538,0.115,0.496,0.106,1.289,0.275,3.722,0.794,2.321,0.495,0.01,0.0,0,0.0,0.0,0.0,0.0,0.0,0.0,0.0,0.0,0.0,63.160
0,6,2,183,6,MatMul_58,MatMul,static,AI_CORE,1786102259973931.440	,6.480,0.080000,24,0,NO,"""1,1024;64,192,16,16""",FLOAT16;FLOAT16,ND;FRACTAL_NZ,"""1,3072""",FLOAT16,ND,N/A,5.294,228709,0.538,0.102,1.032,0.195,1.288,0.243,3.818,0.721,2.452,0.463,0.0,0.0,0,0.0,0.0,0.0,0.0,0.0,0.0,0.0,0.0,0.0,81.700
0,6,2,184,6,Swish_11Mul_14,AutomaticBufferFusionOp,static,AI_VECTOR_CORE,1786102259973937.940	,1.420,0.020000,3,0,NO,"""1,1,3072;1,1,3072""",FLOAT16;FLOAT16,ND;ND,"""1,1,3072""",FLOAT16,ND,N/A,0.0,0,0.0,0.0,0.0,0.0,0.0,0.0,0.0,0.0,0.0,0.0,0.0,0.776,4190,0.163,0.21,0.125,0.161,0.168,0.216,0.128,0.165,0.176,0.000
0,6,2,185,6,MatMul_59,MatMul,static,AI_CORE,1786102259973939.380	,5.840,0.080000,22,0,NO,"""1,3072;192,64,16,16""",FLOAT16;FLOAT16,ND;FRACTAL_NZ,"""1,1024""",FLOAT16,ND,N/A,4.576,181225,0.73,0.16,0.486,0.106,1.673,0.366,3.908,0.854,2.188,0.478,0.016,0.0,0,0.0,0.0,0.0,0.0,0.0,0.0,0.0,0.0,0.0,71.833
0,6,2,186,6,InplaceAddRmsNorm_23,InplaceAddRmsNorm,static,AI_VECTOR_CORE,1786102259973945.240	,1.760,0.000000,1,0,NO,"""1,1,1024;1,1,1024;1024""",FLOAT16;FLOAT16;FLOAT16,ND;ND;ND,"""1,1,1024;1,1,1;1,1,1024""",FLOAT16;FLOAT;FLOAT16,ND;ND;ND,N/A,0.0,0,0.0,0.0,0.0,0.0,0.0,0.0,0.0,0.0,0.0,0.0,0.0,1.272,2290,0.282,0.222,0.529,0.416,0.557,0.438,0.419,0.33,0.215,0.000
0,6,2,187,6,MatMul_60,MatMul,static,AI_CORE,1786102259973947.020	,4.980,0.000000,23,0,NO,"""1,1024;64,160,16,16""",FLOAT16;FLOAT16,ND;FRACTAL_NZ,"""1,2560""",FLOAT16,ND,N/A,3.885,160824,0.527,0.136,0.457,0.118,1.137,0.293,2.922,0.752,2.269,0.584,0.024,0.0,0,0.0,0.0,0.0,0.0,0.0,0.0,0.0,0.0,0.0,74.755
0,6,2,188,6,SplitV_14,SplitVD,static,AI_VECTOR_CORE,1786102259973952.020	,1.040,0.020000,1,0,NO,"""1,1,2560""",FLOAT16,ND,"""1,1,2048;1,1,256;1,1,256""",FLOAT16;FLOAT16;FLOAT16,ND;ND;ND,N/A,0.0,0,0.0,0.0,0.0,0.0,0.0,0.0,0.0,0.0,0.0,0.0,0.0,0.532,957,0.008,0.015,0.128,0.241,0.127,0.239,0.147,0.276,0.263,0.000
0,6,2,189,6,Scatter_25,Scatter,static,AI_VECTOR_CORE,1786102259973953.080	,1.120,0.000000,2,0,NO,"""1,2,1024,128;1;1,2,1,128""",FLOAT16;INT64;FLOAT16,NCHW;NCHW;NCHW,"""1,2,1024,128""",FLOAT16,NCHW,N/A,0.0,0,0.0,0.0,0.0,0.0,0.0,0.0,0.0,0.0,0.0,0.0,0.0,0.527,1898,0.008,0.015,0.14,0.266,0.116,0.219,0.094,0.179,0.211,0.000
0,6,2,190,6,ApplyRotaryPosEmb_12,ApplyRotaryPosEmb,static,AI_VECTOR_CORE,1786102259973954.220	,2.380,0.130000,1,0,NO,"""1,1,16,128;1,1,2,128;1,1,1,128;1,1,1,128""",FLOAT16;FLOAT16;FLOAT16;FLOAT16,NCHW;NCHW;NCHW;NCHW,"""1,1,16,128;1,1,2,128""",FLOAT16;FLOAT16,NCHW;NCHW,N/A,0.0,0,0.0,0.0,0.0,0.0,0.0,0.0,0.0,0.0,0.0,0.0,0.0,1.836,3304,0.153,0.083,1.338,0.729,0.157,0.085,0.145,0.079,0.168,0.000
0,6,2,191,6,Scatter_24,Scatter,static,AI_VECTOR_CORE,1786102259973956.620	,1.160,0.000000,2,0,NO,"""1,2,1024,128;1;1,2,1,128""",FLOAT16;INT64;FLOAT16,NCHW;NCHW;NCHW,"""1,2,1024,128""",FLOAT16,NCHW,N/A,0.0,0,0.0,0.0,0.0,0.0,0.0,0.0,0.0,0.0,0.0,0.0,0.0,0.575,2069,0.008,0.014,0.158,0.275,0.106,0.184,0.274,0.478,0.0,0.000
0,6,2,192,6,IncreFlashAttention_12,IncreFlashAttention,static,MIX_AIC,1786102259973959.260	,16.720,1.590000,2,4,NO,"""1,16,1,128;1,2,1024,128;1,2,1024,128;1,1,1,1024""",FLOAT16;FLOAT16;FLOAT16;BOOL,NCHW;NCHW;NCHW;NCHW,"""1,16,1,128""",FLOAT16,NCHW,0,16.086,57909,1.076,0.067,12.622,0.785,2.702,0.168,6.926,0.431,2.832,0.176,0.01,8.939,64361,0.72,0.081,1.933,0.216,0.195,0.022,0.457,0.051,0.096,8.017
0,6,2,193,6,MatMul_61,MatMul,static,AI_CORE,1786102259973976.900	,4.700,1.030000,22,0,NO,"""1,2048;128,64,16,16""",FLOAT16;FLOAT16,ND;FRACTAL_NZ,"""1,1024""",FLOAT16,ND,N/A,3.456,136873,0.486,0.141,0.479,0.138,1.096,0.317,2.696,0.78,2.269,0.656,0.0,0.0,0,0.0,0.0,0.0,0.0,0.0,0.0,0.0,0.0,0.0,67.412
0,6,2,194,6,InplaceAddRmsNorm_24,InplaceAddRmsNorm,static,AI_VECTOR_CORE,1786102259973981.620	,1.520,0.000000,1,0,NO,"""1,1,1024;1,1,1024;1024""",FLOAT16;FLOAT16;FLOAT16,ND;ND;ND,"""1,1,1024;1,1,1;1,1,1024""",FLOAT16;FLOAT;FLOAT16,ND;ND;ND,N/A,0.0,0,0.0,0.0,0.0,0.0,0.0,0.0,0.0,0.0,0.0,0.0,0.0,1.061,1909,0.282,0.266,0.474,0.447,0.38,0.358,0.371,0.35,0.214,0.000
0,6,2,195,6,MatMul_62,MatMul,static,AI_CORE,1786102259973983.160	,5.440,0.230000,24,0,NO,"""1,1024;64,192,16,16""",FLOAT16;FLOAT16,ND;FRACTAL_NZ,"""1,3072""",FLOAT16,ND,N/A,4.419,190914,0.538,0.122,0.523,0.118,1.285,0.291,3.438,0.778,2.546,0.576,0.011,0.0,0,0.0,0.0,0.0,0.0,0.0,0.0,0.0,0.0,0.0,81.237
0,6,2,196,6,MatMul_63,MatMul,static,AI_CORE,1786102259973988.620	,5.520,0.000000,24,0,NO,"""1,1024;64,192,16,16""",FLOAT16;FLOAT16,ND;FRACTAL_NZ,"""1,3072""",FLOAT16,ND,N/A,4.382,189297,0.538,0.123,0.478,0.109,1.288,0.294,3.447,0.787,2.597,0.593,0.0,0.0,0,0.0,0.0,0.0,0.0,0.0,0.0,0.0,0.0,0.0,79.382
0,6,2,197,6,Swish_12Mul_15,AutomaticBufferFusionOp,static,AI_VECTOR_CORE,1786102259973994.180	,1.440,0.230000,3,0,NO,"""1,1,3072;1,1,3072""",FLOAT16;FLOAT16,ND;ND,"""1,1,3072""",FLOAT16,ND,N/A,0.0,0,0.0,0.0,0.0,0.0,0.0,0.0,0.0,0.0,0.0,0.0,0.0,0.818,4416,0.163,0.2,0.151,0.184,0.161,0.197,0.136,0.166,0.157,0.000
0,6,2,198,6,MatMul_64,MatMul,static,AI_CORE,1786102259973995.640	,5.620,0.060000,22,0,NO,"""1,3072;192,64,16,16""",FLOAT16;FLOAT16,ND;FRACTAL_NZ,"""1,1024""",FLOAT16,ND,N/A,4.536,179622,0.729,0.161,0.508,0.112,1.668,0.368,3.807,0.839,2.175,0.479,0.016,0.0,0,0.0,0.0,0.0,0.0,0.0,0.0,0.0,0.0,0.0,73.984
0,6,2,199,6,InplaceAddRmsNorm_25,InplaceAddRmsNorm,static,AI_VECTOR_CORE,1786102259974001.280	,1.860,0.000000,1,0,NO,"""1,1,1024;1,1,1024;1024""",FLOAT16;FLOAT16;FLOAT16,ND;ND;ND,"""1,1,1024;1,1,1;1,1,1024""",FLOAT16;FLOAT;FLOAT16,ND;ND;ND,N/A,0.0,0,0.0,0.0,0.0,0.0,0.0,0.0,0.0,0.0,0.0,0.0,0.0,1.374,2474,0.282,0.205,0.457,0.332,0.438,0.319,0.364,0.265,0.207,0.000
0,6,2,200,6,MatMul_65,MatMul,static,AI_CORE,1786102259974003.180	,5.060,0.140000,23,0,NO,"""1,1024;64,160,16,16""",FLOAT16;FLOAT16,ND;FRACTAL_NZ,"""1,2560""",FLOAT16,ND,N/A,3.919,162241,0.527,0.135,0.684,0.174,1.142,0.291,2.945,0.751,2.27,0.579,0.026,0.0,0,0.0,0.0,0.0,0.0,0.0,0.0,0.0,0.0,0.0,74.221
0,6,2,201,6,SplitV_15,SplitVD,static,AI_VECTOR_CORE,1786102259974008.260	,1.100,0.000000,1,0,NO,"""1,1,2560""",FLOAT16,ND,"""1,1,2048;1,1,256;1,1,256""",FLOAT16;FLOAT16;FLOAT16,ND;ND;ND,N/A,0.0,0,0.0,0.0,0.0,0.0,0.0,0.0,0.0,0.0,0.0,0.0,0.0,0.613,1103,0.008,0.013,0.122,0.199,0.121,0.198,0.147,0.239,0.263,0.000
0,6,2,202,6,Scatter_27,Scatter,static,AI_VECTOR_CORE,1786102259974009.380	,1.300,0.150000,2,0,NO,"""1,2,1024,128;1;1,2,1,128""",FLOAT16;INT64;FLOAT16,NCHW;NCHW;NCHW,"""1,2,1024,128""",FLOAT16,NCHW,N/A,0.0,0,0.0,0.0,0.0,0.0,0.0,0.0,0.0,0.0,0.0,0.0,0.0,0.735,2645,0.008,0.011,0.161,0.219,0.122,0.166,0.186,0.254,0.211,0.000
0,6,2,203,6,ApplyRotaryPosEmb_13,ApplyRotaryPosEmb,static,AI_VECTOR_CORE,1786102259974010.700	,3.100,0.000000,1,0,NO,"""1,1,16,128;1,1,2,128;1,1,1,128;1,1,1,128""",FLOAT16;FLOAT16;FLOAT16;FLOAT16,NCHW;NCHW;NCHW;NCHW,"""1,1,16,128;1,1,2,128""",FLOAT16;FLOAT16,NCHW;NCHW,N/A,0.0,0,0.0,0.0,0.0,0.0,0.0,0.0,0.0,0.0,0.0,0.0,0.0,2.614,4706,0.158,0.06,1.551,0.593,0.146,0.056,0.147,0.056,0.181,0.000
0,6,2,204,6,Scatter_26,Scatter,static,AI_VECTOR_CORE,1786102259974013.820	,1.180,0.000000,2,0,NO,"""1,2,1024,128;1;1,2,1,128""",FLOAT16;INT64;FLOAT16,NCHW;NCHW;NCHW,"""1,2,1024,128""",FLOAT16,NCHW,N/A,0.0,0,0.0,0.0,0.0,0.0,0.0,0.0,0.0,0.0,0.0,0.0,0.0,0.622,2239,0.008,0.013,0.151,0.243,0.112,0.18,0.316,0.507,0.0,0.000
0,6,2,205,6,IncreFlashAttention_13,IncreFlashAttention,static,MIX_AIC,1786102259974016.200	,16.780,1.320000,2,4,NO,"""1,16,1,128;1,2,1024,128;1,2,1024,128;1,1,1,1024""",FLOAT16;FLOAT16;FLOAT16;BOOL,NCHW;NCHW;NCHW;NCHW,"""1,16,1,128""",FLOAT16,NCHW,0,16.135,58086,1.076,0.067,12.586,0.78,2.697,0.167,6.924,0.429,2.941,0.182,0.009,9.016,64917,0.72,0.08,1.727,0.192,0.192,0.021,0.426,0.047,0.1,8.013
0,6,2,206,6,MatMul_66,MatMul,static,AI_CORE,1786102259974033.860	,4.480,0.720000,22,0,NO,"""1,2048;128,64,16,16""",FLOAT16;FLOAT16,ND;FRACTAL_NZ,"""1,1024""",FLOAT16,ND,N/A,3.347,132552,0.486,0.145,0.476,0.142,1.102,0.329,2.646,0.79,2.127,0.635,0.0,0.0,0,0.0,0.0,0.0,0.0,0.0,0.0,0.0,0.0,0.0,68.490
0,6,2,207,6,InplaceAddRmsNorm_26,InplaceAddRmsNorm,static,AI_VECTOR_CORE,1786102259974038.360	,1.660,0.020000,1,0,NO,"""1,1,1024;1,1,1024;1024""",FLOAT16;FLOAT16;FLOAT16,ND;ND;ND,"""1,1,1024;1,1,1;1,1,1024""",FLOAT16;FLOAT;FLOAT16,ND;ND;ND,N/A,0.0,0,0.0,0.0,0.0,0.0,0.0,0.0,0.0,0.0,0.0,0.0,0.0,1.136,2045,0.282,0.248,0.539,0.475,0.367,0.323,0.356,0.313,0.214,0.000
0,6,2,208,6,MatMul_67,MatMul,static,AI_CORE,1786102259974040.040	,6.560,0.090000,24,0,NO,"""1,1024;64,192,16,16""",FLOAT16;FLOAT16,ND;FRACTAL_NZ,"""1,3072""",FLOAT16,ND,N/A,5.298,228886,0.538,0.102,0.997,0.188,1.285,0.242,3.825,0.722,2.416,0.456,0.014,0.0,0,0.0,0.0,0.0,0.0,0.0,0.0,0.0,0.0,0.0,80.767
0,6,2,209,6,MatMul_68,MatMul,static,AI_CORE,1786102259974046.620	,5.460,0.000000,24,0,NO,"""1,1024;64,192,16,16""",FLOAT16;FLOAT16,ND;FRACTAL_NZ,"""1,3072""",FLOAT16,ND,N/A,4.375,189004,0.538,0.123,0.497,0.114,1.285,0.294,3.429,0.784,2.598,0.594,0.0,0.0,0,0.0,0.0,0.0,0.0,0.0,0.0,0.0,0.0,0.0,80.130
0,6,2,210,6,Swish_13Mul_16,AutomaticBufferFusionOp,static,AI_VECTOR_CORE,1786102259974052.120	,1.480,0.040000,3,0,NO,"""1,1,3072;1,1,3072""",FLOAT16;FLOAT16,ND;ND,"""1,1,3072""",FLOAT16,ND,N/A,0.0,0,0.0,0.0,0.0,0.0,0.0,0.0,0.0,0.0,0.0,0.0,0.0,0.823,4442,0.163,0.198,0.13,0.158,0.13,0.158,0.132,0.161,0.167,0.000
0,6,2,211,6,MatMul_69,MatMul,static,AI_CORE,1786102259974053.620	,5.720,0.020000,22,0,NO,"""1,3072;192,64,16,16""",FLOAT16;FLOAT16,ND;FRACTAL_NZ,"""1,1024""",FLOAT16,ND,N/A,4.574,181111,0.731,0.16,0.492,0.108,1.681,0.368,3.895,0.852,2.187,0.478,0.012,0.0,0,0.0,0.0,0.0,0.0,0.0,0.0,0.0,0.0,0.0,73.293
0,6,2,212,6,InplaceAddRmsNorm_27,InplaceAddRmsNorm,static,AI_VECTOR_CORE,1786102259974059.360	,1.720,0.030000,1,0,NO,"""1,1,1024;1,1,1024;1024""",FLOAT16;FLOAT16;FLOAT16,ND;ND;ND,"""1,1,1024;1,1,1;1,1,1024""",FLOAT16;FLOAT;FLOAT16,ND;ND;ND,N/A,0.0,0,0.0,0.0,0.0,0.0,0.0,0.0,0.0,0.0,0.0,0.0,0.0,1.151,2071,0.282,0.245,0.532,0.462,0.383,0.333,0.376,0.327,0.215,0.000
0,6,2,213,6,MatMul_70,MatMul,static,AI_CORE,1786102259974061.100	,5.860,0.030000,23,0,NO,"""1,1024;64,160,16,16""",FLOAT16;FLOAT16,ND;FRACTAL_NZ,"""1,2560""",FLOAT16,ND,N/A,4.672,193402,0.527,0.113,0.955,0.204,1.135,0.243,3.167,0.678,2.041,0.437,0.027,0.0,0,0.0,0.0,0.0,0.0,0.0,0.0,0.0,0.0,0.0,76.398
0,6,2,214,6,SplitV_16,SplitVD,static,AI_VECTOR_CORE,1786102259974066.980	,1.080,0.140000,1,0,NO,"""1,1,2560""",FLOAT16,ND,"""1,1,2048;1,1,256;1,1,256""",FLOAT16;FLOAT16;FLOAT16,ND;ND;ND,N/A,0.0,0,0.0,0.0,0.0,0.0,0.0,0.0,0.0,0.0,0.0,0.0,0.0,0.561,1009,0.008,0.014,0.114,0.203,0.132,0.236,0.157,0.28,0.263,0.000
0,6,2,215,6,Scatter_29,Scatter,static,AI_VECTOR_CORE,1786102259974068.080	,1.300,0.000000,2,0,NO,"""1,2,1024,128;1;1,2,1,128""",FLOAT16;INT64;FLOAT16,NCHW;NCHW;NCHW,"""1,2,1024,128""",FLOAT16,NCHW,N/A,0.0,0,0.0,0.0,0.0,0.0,0.0,0.0,0.0,0.0,0.0,0.0,0.0,0.639,2299,0.008,0.012,0.173,0.271,0.121,0.19,0.1,0.156,0.182,0.000
0,6,2,216,6,ApplyRotaryPosEmb_14,ApplyRotaryPosEmb,static,AI_VECTOR_CORE,1786102259974069.400	,2.380,0.200000,1,0,NO,"""1,1,16,128;1,1,2,128;1,1,1,128;1,1,1,128""",FLOAT16;FLOAT16;FLOAT16;FLOAT16,NCHW;NCHW;NCHW;NCHW,"""1,1,16,128;1,1,2,128""",FLOAT16;FLOAT16,NCHW;NCHW,N/A,0.0,0,0.0,0.0,0.0,0.0,0.0,0.0,0.0,0.0,0.0,0.0,0.0,1.857,3343,0.153,0.082,1.369,0.737,0.214,0.115,0.152,0.082,0.168,0.000
0,6,2,217,6,Scatter_28,Scatter,static,AI_VECTOR_CORE,1786102259974071.820	,1.120,0.000000,2,0,NO,"""1,2,1024,128;1;1,2,1,128""",FLOAT16;INT64;FLOAT16,NCHW;NCHW;NCHW,"""1,2,1024,128""",FLOAT16,NCHW,N/A,0.0,0,0.0,0.0,0.0,0.0,0.0,0.0,0.0,0.0,0.0,0.0,0.0,0.56,2017,0.008,0.014,0.123,0.22,0.109,0.194,0.277,0.495,0.0,0.000
0,6,2,218,6,IncreFlashAttention_14,IncreFlashAttention,static,MIX_AIC,1786102259974074.380	,16.680,1.630000,2,4,NO,"""1,16,1,128;1,2,1024,128;1,2,1024,128;1,1,1,1024""",FLOAT16;FLOAT16;FLOAT16;BOOL,NCHW;NCHW;NCHW;NCHW,"""1,16,1,128""",FLOAT16,NCHW,0,16.11,57997,1.076,0.067,12.778,0.793,2.697,0.167,6.938,0.431,2.986,0.185,0.01,8.885,63975,0.72,0.081,1.714,0.193,0.214,0.024,0.432,0.049,0.081,8.049
0,6,2,219,6,MatMul_71,MatMul,static,AI_CORE,1786102259974092.020	,5.000,0.820000,22,0,NO,"""1,2048;128,64,16,16""",FLOAT16;FLOAT16,ND;FRACTAL_NZ,"""1,1024""",FLOAT16,ND,N/A,3.274,129643,0.489,0.149,0.409,0.125,1.109,0.339,2.587,0.79,2.183,0.667,0.0,0.0,0,0.0,0.0,0.0,0.0,0.0,0.0,0.0,0.0,0.0,60.020
0,6,2,220,6,InplaceAddRmsNorm_28,InplaceAddRmsNorm,static,AI_VECTOR_CORE,1786102259974097.040	,1.760,0.000000,1,0,NO,"""1,1,1024;1,1,1024;1024""",FLOAT16;FLOAT16;FLOAT16,ND;ND;ND,"""1,1,1024;1,1,1;1,1,1024""",FLOAT16;FLOAT;FLOAT16,ND;ND;ND,N/A,0.0,0,0.0,0.0,0.0,0.0,0.0,0.0,0.0,0.0,0.0,0.0,0.0,1.191,2144,0.282,0.237,0.425,0.357,0.533,0.448,0.391,0.328,0.214,0.000
0,6,2,221,6,MatMul_72,MatMul,static,AI_CORE,1786102259974098.820	,6.240,0.000000,24,0,NO,"""1,1024;64,192,16,16""",FLOAT16;FLOAT16,ND;FRACTAL_NZ,"""1,3072""",FLOAT16,ND,N/A,5.096,220156,0.538,0.106,0.859,0.169,1.287,0.253,3.773,0.74,2.473,0.485,0.007,0.0,0,0.0,0.0,0.0,0.0,0.0,0.0,0.0,0.0,0.0,81.670
0,6,2,222,6,MatMul_73,MatMul,static,AI_CORE,1786102259974105.080	,5.300,0.010000,24,0,NO,"""1,1024;64,192,16,16""",FLOAT16;FLOAT16,ND;FRACTAL_NZ,"""1,3072""",FLOAT16,ND,N/A,4.324,186811,0.538,0.124,0.418,0.097,1.291,0.298,3.46,0.8,2.632,0.609,0.0,0.0,0,0.0,0.0,0.0,0.0,0.0,0.0,0.0,0.0,0.0,81.591
0,6,2,223,6,Swish_14Mul_17,AutomaticBufferFusionOp,static,AI_VECTOR_CORE,1786102259974110.400	,1.660,0.200000,3,0,NO,"""1,1,3072;1,1,3072""",FLOAT16;FLOAT16,ND;ND,"""1,1,3072""",FLOAT16,ND,N/A,0.0,0,0.0,0.0,0.0,0.0,0.0,0.0,0.0,0.0,0.0,0.0,0.0,0.936,5054,0.163,0.175,0.145,0.155,0.142,0.152,0.143,0.153,0.202,0.000
0,6,2,224,6,MatMul_74,MatMul,static,AI_CORE,1786102259974112.080	,5.740,0.000000,22,0,NO,"""1,3072;192,64,16,16""",FLOAT16;FLOAT16,ND;FRACTAL_NZ,"""1,1024""",FLOAT16,ND,N/A,4.448,176160,0.732,0.165,0.429,0.096,1.646,0.37,3.823,0.859,2.201,0.495,0.012,0.0,0,0.0,0.0,0.0,0.0,0.0,0.0,0.0,0.0,0.0,71.041
0,6,2,225,6,InplaceAddRmsNorm_29,InplaceAddRmsNorm,static,AI_VECTOR_CORE,1786102259974117.840	,1.520,0.010000,1,0,NO,"""1,1,1024;1,1,1024;1024""",FLOAT16;FLOAT16;FLOAT16,ND;ND;ND,"""1,1,1024;1,1,1;1,1,1024""",FLOAT16;FLOAT;FLOAT16,ND;ND;ND,N/A,0.0,0,0.0,0.0,0.0,0.0,0.0,0.0,0.0,0.0,0.0,0.0,0.0,1.033,1860,0.282,0.273,0.442,0.427,0.387,0.375,0.377,0.365,0.215,0.000
0,6,2,226,6,MatMul_75,MatMul,static,AI_CORE,1786102259974119.380	,4.860,0.230000,23,0,NO,"""1,1024;64,160,16,16""",FLOAT16;FLOAT16,ND;FRACTAL_NZ,"""1,2560""",FLOAT16,ND,N/A,3.833,158688,0.527,0.138,0.391,0.102,1.137,0.297,2.944,0.768,2.344,0.611,0.021,0.0,0,0.0,0.0,0.0,0.0,0.0,0.0,0.0,0.0,0.0,75.583
0,6,2,227,6,SplitV_17,SplitVD,static,AI_VECTOR_CORE,1786102259974124.260	,1.000,0.000000,1,0,NO,"""1,1,2560""",FLOAT16,ND,"""1,1,2048;1,1,256;1,1,256""",FLOAT16;FLOAT16;FLOAT16,ND;ND;ND,N/A,0.0,0,0.0,0.0,0.0,0.0,0.0,0.0,0.0,0.0,0.0,0.0,0.0,0.523,942,0.008,0.015,0.098,0.187,0.136,0.259,0.158,0.303,0.263,0.000
0,6,2,228,6,Scatter_31,Scatter,static,AI_VECTOR_CORE,1786102259974125.300	,1.240,0.000000,2,0,NO,"""1,2,1024,128;1;1,2,1,128""",FLOAT16;INT64;FLOAT16,NCHW;NCHW;NCHW,"""1,2,1024,128""",FLOAT16,NCHW,N/A,0.0,0,0.0,0.0,0.0,0.0,0.0,0.0,0.0,0.0,0.0,0.0,0.0,0.719,2587,0.008,0.011,0.119,0.166,0.144,0.201,0.256,0.356,0.211,0.000
0,6,2,229,6,ApplyRotaryPosEmb_15,ApplyRotaryPosEmb,static,AI_VECTOR_CORE,1786102259974126.560	,2.420,0.010000,1,0,NO,"""1,1,16,128;1,1,2,128;1,1,1,128;1,1,1,128""",FLOAT16;FLOAT16;FLOAT16;FLOAT16,NCHW;NCHW;NCHW;NCHW,"""1,1,16,128;1,1,2,128""",FLOAT16;FLOAT16,NCHW;NCHW,N/A,0.0,0,0.0,0.0,0.0,0.0,0.0,0.0,0.0,0.0,0.0,0.0,0.0,1.887,3397,0.155,0.082,1.391,0.737,0.152,0.081,0.147,0.078,0.175,0.000
0,6,2,230,6,Scatter_30,Scatter,static,AI_VECTOR_CORE,1786102259974129.000	,1.200,0.080000,2,0,NO,"""1,2,1024,128;1;1,2,1,128""",FLOAT16;INT64;FLOAT16,NCHW;NCHW;NCHW,"""1,2,1024,128""",FLOAT16,NCHW,N/A,0.0,0,0.0,0.0,0.0,0.0,0.0,0.0,0.0,0.0,0.0,0.0,0.0,0.61,2195,0.008,0.013,0.132,0.216,0.1,0.164,0.338,0.554,0.0,0.000
0,6,2,231,6,IncreFlashAttention_15,IncreFlashAttention,static,MIX_AIC,1786102259974131.320	,16.640,1.050000,2,4,NO,"""1,16,1,128;1,2,1024,128;1,2,1024,128;1,1,1,1024""",FLOAT16;FLOAT16;FLOAT16;BOOL,NCHW;NCHW;NCHW;NCHW,"""1,16,1,128""",FLOAT16,NCHW,0,15.765,56754,1.076,0.068,12.417,0.788,2.698,0.171,6.687,0.424,2.861,0.181,0.009,8.734,62885,0.719,0.082,1.706,0.195,0.199,0.023,0.458,0.052,0.088,7.895
0,6,2,232,6,MatMul_76,MatMul,static,AI_CORE,1786102259974149.000	,4.400,1.110000,22,0,NO,"""1,2048;128,64,16,16""",FLOAT16;FLOAT16,ND;FRACTAL_NZ,"""1,1024""",FLOAT16,ND,N/A,3.323,131597,0.486,0.146,0.405,0.122,1.113,0.335,2.641,0.795,2.214,0.666,0.0,0.0,0,0.0,0.0,0.0,0.0,0.0,0.0,0.0,0.0,0.0,69.232
0,6,2,233,6,InplaceAddRmsNorm_30,InplaceAddRmsNorm,static,AI_VECTOR_CORE,1786102259974153.420	,1.700,0.100000,1,0,NO,"""1,1,1024;1,1,1024;1024""",FLOAT16;FLOAT16;FLOAT16,ND;ND;ND,"""1,1,1024;1,1,1;1,1,1024""",FLOAT16;FLOAT;FLOAT16,ND;ND;ND,N/A,0.0,0,0.0,0.0,0.0,0.0,0.0,0.0,0.0,0.0,0.0,0.0,0.0,1.139,2051,0.282,0.248,0.419,0.368,0.509,0.447,0.443,0.389,0.224,0.000
0,6,2,234,6,MatMul_77,MatMul,static,AI_CORE,1786102259974155.160	,5.360,0.050000,24,0,NO,"""1,1024;64,192,16,16""",FLOAT16;FLOAT16,ND;FRACTAL_NZ,"""1,3072""",FLOAT16,ND,N/A,4.356,188179,0.538,0.123,0.413,0.095,1.295,0.297,3.476,0.798,2.65,0.608,0.011,0.0,0,0.0,0.0,0.0,0.0,0.0,0.0,0.0,0.0,0.0,81.269
0,6,2,235,6,MatMul_78,MatMul,static,AI_CORE,1786102259974160.560	,5.780,0.000000,24,0,NO,"""1,1024;64,192,16,16""",FLOAT16;FLOAT16,ND;FRACTAL_NZ,"""1,3072""",FLOAT16,ND,N/A,4.361,188399,0.538,0.123,0.416,0.095,1.285,0.295,3.485,0.799,2.696,0.618,0.0,0.0,0,0.0,0.0,0.0,0.0,0.0,0.0,0.0,0.0,0.0,75.451
0,6,2,236,6,Swish_15Mul_18,AutomaticBufferFusionOp,static,AI_VECTOR_CORE,1786102259974166.360	,1.400,0.000000,3,0,NO,"""1,1,3072;1,1,3072""",FLOAT16;FLOAT16,ND;ND,"""1,1,3072""",FLOAT16,ND,N/A,0.0,0,0.0,0.0,0.0,0.0,0.0,0.0,0.0,0.0,0.0,0.0,0.0,0.8,4322,0.163,0.203,0.171,0.213,0.132,0.165,0.132,0.165,0.194,0.000
0,6,2,237,6,MatMul_79,MatMul,static,AI_CORE,1786102259974167.780	,5.680,0.100000,22,0,NO,"""1,3072;192,64,16,16""",FLOAT16;FLOAT16,ND;FRACTAL_NZ,"""1,1024""",FLOAT16,ND,N/A,4.487,177693,0.731,0.163,0.634,0.141,1.66,0.37,3.845,0.857,2.166,0.483,0.013,0.0,0,0.0,0.0,0.0,0.0,0.0,0.0,0.0,0.0,0.0,72.417
0,6,2,238,6,InplaceAddRmsNorm_31,InplaceAddRmsNorm,static,AI_VECTOR_CORE,1786102259974173.480	,1.720,0.070000,1,0,NO,"""1,1,1024;1,1,1024;1024""",FLOAT16;FLOAT16;FLOAT16,ND;ND;ND,"""1,1,1024;1,1,1;1,1,1024""",FLOAT16;FLOAT;FLOAT16,ND;ND;ND,N/A,0.0,0,0.0,0.0,0.0,0.0,0.0,0.0,0.0,0.0,0.0,0.0,0.0,1.233,2220,0.282,0.229,0.573,0.464,0.469,0.381,0.414,0.336,0.215,0.000
0,6,2,239,6,MatMul_80,MatMul,static,AI_CORE,1786102259974175.240	,5.280,0.030000,23,0,NO,"""1,1024;64,160,16,16""",FLOAT16;FLOAT16,ND;FRACTAL_NZ,"""1,2560""",FLOAT16,ND,N/A,3.962,164039,0.527,0.133,0.389,0.098,1.135,0.286,3.037,0.766,2.435,0.614,0.027,0.0,0,0.0,0.0,0.0,0.0,0.0,0.0,0.0,0.0,0.0,71.917
0,6,2,240,6,SplitV_18,SplitVD,static,AI_VECTOR_CORE,1786102259974180.560	,1.000,0.000000,1,0,NO,"""1,1,2560""",FLOAT16,ND,"""1,1,2048;1,1,256;1,1,256""",FLOAT16;FLOAT16;FLOAT16,ND;ND;ND,N/A,0.0,0,0.0,0.0,0.0,0.0,0.0,0.0,0.0,0.0,0.0,0.0,0.0,0.503,906,0.008,0.015,0.113,0.225,0.121,0.24,0.142,0.281,0.263,0.000
0,6,2,241,6,Scatter_33,Scatter,static,AI_VECTOR_CORE,1786102259974181.600	,0.980,0.000000,2,0,NO,"""1,2,1024,128;1;1,2,1,128""",FLOAT16;INT64;FLOAT16,NCHW;NCHW;NCHW,"""1,2,1024,128""",FLOAT16,NCHW,N/A,0.0,0,0.0,0.0,0.0,0.0,0.0,0.0,0.0,0.0,0.0,0.0,0.0,0.422,1518,0.008,0.018,0.126,0.298,0.11,0.261,0.111,0.262,0.105,0.000
0,6,2,242,6,ApplyRotaryPosEmb_16,ApplyRotaryPosEmb,static,AI_VECTOR_CORE,1786102259974182.600	,2.320,0.020000,1,0,NO,"""1,1,16,128;1,1,2,128;1,1,1,128;1,1,1,128""",FLOAT16;FLOAT16;FLOAT16;FLOAT16,NCHW;NCHW;NCHW;NCHW,"""1,1,16,128;1,1,2,128""",FLOAT16;FLOAT16,NCHW;NCHW,N/A,0.0,0,0.0,0.0,0.0,0.0,0.0,0.0,0.0,0.0,0.0,0.0,0.0,1.803,3246,0.153,0.085,1.337,0.741,0.151,0.084,0.14,0.078,0.171,0.000
0,6,2,243,6,Scatter_32,Scatter,static,AI_VECTOR_CORE,1786102259974184.940	,1.080,0.180000,2,0,NO,"""1,2,1024,128;1;1,2,1,128""",FLOAT16;INT64;FLOAT16,NCHW;NCHW;NCHW,"""1,2,1024,128""",FLOAT16,NCHW,N/A,0.0,0,0.0,0.0,0.0,0.0,0.0,0.0,0.0,0.0,0.0,0.0,0.0,0.523,1883,0.008,0.015,0.17,0.325,0.103,0.196,0.249,0.475,0.0,0.000
0,6,2,244,6,IncreFlashAttention_16,IncreFlashAttention,static,MIX_AIC,1786102259974187.180	,16.660,1.170000,2,4,NO,"""1,16,1,128;1,2,1024,128;1,2,1024,128;1,1,1,1024""",FLOAT16;FLOAT16;FLOAT16;BOOL,NCHW;NCHW;NCHW;NCHW,"""1,16,1,128""",FLOAT16,NCHW,0,15.88,57169,1.076,0.068,12.388,0.78,2.7,0.17,6.889,0.434,2.859,0.18,0.007,8.741,62938,0.72,0.082,1.791,0.205,0.192,0.022,0.428,0.049,0.026,7.943
0,6,2,245,6,MatMul_81,MatMul,static,AI_CORE,1786102259974204.820	,5.300,0.840000,22,0,NO,"""1,2048;128,64,16,16""",FLOAT16;FLOAT16,ND;FRACTAL_NZ,"""1,1024""",FLOAT16,ND,N/A,3.76,148911,0.487,0.13,0.897,0.239,1.099,0.292,2.671,0.71,2.13,0.566,0.0,0.0,0,0.0,0.0,0.0,0.0,0.0,0.0,0.0,0.0,0.0,65.038
0,6,2,246,6,InplaceAddRmsNorm_32,InplaceAddRmsNorm,static,AI_VECTOR_CORE,1786102259974210.140	,1.580,0.200000,1,0,NO,"""1,1,1024;1,1,1024;1024""",FLOAT16;FLOAT16;FLOAT16,ND;ND;ND,"""1,1,1024;1,1,1;1,1,1024""",FLOAT16;FLOAT;FLOAT16,ND;ND;ND,N/A,0.0,0,0.0,0.0,0.0,0.0,0.0,0.0,0.0,0.0,0.0,0.0,0.0,1.065,1917,0.282,0.265,0.467,0.438,0.375,0.352,0.358,0.336,0.058,0.000
0,6,2,247,6,MatMul_82,MatMul,static,AI_CORE,1786102259974211.740	,5.360,0.000000,24,0,NO,"""1,1024;64,192,16,16""",FLOAT16;FLOAT16,ND;FRACTAL_NZ,"""1,3072""",FLOAT16,ND,N/A,4.326,186864,0.538,0.124,0.428,0.099,1.29,0.298,3.448,0.797,2.601,0.601,0.009,0.0,0,0.0,0.0,0.0,0.0,0.0,0.0,0.0,0.0,0.0,80.701
0,6,2,248,6,MatMul_83,MatMul,static,AI_CORE,1786102259974217.120	,5.280,0.000000,24,0,NO,"""1,1024;64,192,16,16""",FLOAT16;FLOAT16,ND;FRACTAL_NZ,"""1,3072""",FLOAT16,ND,N/A,4.277,184773,0.538,0.126,0.412,0.096,1.288,0.301,3.424,0.801,2.609,0.61,0.0,0.0,0,0.0,0.0,0.0,0.0,0.0,0.0,0.0,0.0,0.0,81.007
0,6,2,249,6,Swish_16Mul_19,AutomaticBufferFusionOp,static,AI_VECTOR_CORE,1786102259974222.420	,1.520,0.220000,3,0,NO,"""1,1,3072;1,1,3072""",FLOAT16;FLOAT16,ND;ND,"""1,1,3072""",FLOAT16,ND,N/A,0.0,0,0.0,0.0,0.0,0.0,0.0,0.0,0.0,0.0,0.0,0.0,0.0,0.834,4503,0.163,0.196,0.134,0.161,0.123,0.148,0.131,0.157,0.167,0.000
0,6,2,250,6,MatMul_84,MatMul,static,AI_CORE,1786102259974223.960	,7.020,0.000000,22,0,NO,"""1,3072;192,64,16,16""",FLOAT16;FLOAT16,ND;FRACTAL_NZ,"""1,1024""",FLOAT16,ND,N/A,5.275,208892,0.734,0.139,0.839,0.159,1.661,0.315,4.278,0.811,2.403,0.456,0.016,0.0,0,0.0,0.0,0.0,0.0,0.0,0.0,0.0,0.0,0.0,68.881
0,6,2,251,6,InplaceAddRmsNorm_33,InplaceAddRmsNorm,static,AI_VECTOR_CORE,1786102259974231.020	,1.720,0.000000,1,0,NO,"""1,1,1024;1,1,1024;1024""",FLOAT16;FLOAT16;FLOAT16,ND;ND;ND,"""1,1,1024;1,1,1;1,1,1024""",FLOAT16;FLOAT;FLOAT16,ND;ND;ND,N/A,0.0,0,0.0,0.0,0.0,0.0,0.0,0.0,0.0,0.0,0.0,0.0,0.0,1.168,2103,0.282,0.242,0.565,0.484,0.367,0.314,0.364,0.311,0.064,0.000
0,6,2,252,6,MatMul_85,MatMul,static,AI_CORE,1786102259974232.760	,4.940,0.030000,23,0,NO,"""1,1024;64,160,16,16""",FLOAT16;FLOAT16,ND;FRACTAL_NZ,"""1,2560""",FLOAT16,ND,N/A,3.807,157629,0.527,0.139,0.406,0.107,1.143,0.3,2.926,0.768,2.271,0.596,0.018,0.0,0,0.0,0.0,0.0,0.0,0.0,0.0,0.0,0.0,0.0,73.863
0,6,2,253,6,SplitV_19,SplitVD,static,AI_VECTOR_CORE,1786102259974237.720	,1.080,0.060000,1,0,NO,"""1,1,2560""",FLOAT16,ND,"""1,1,2048;1,1,256;1,1,256""",FLOAT16;FLOAT16;FLOAT16,ND;ND;ND,N/A,0.0,0,0.0,0.0,0.0,0.0,0.0,0.0,0.0,0.0,0.0,0.0,0.0,0.518,933,0.008,0.015,0.146,0.281,0.123,0.238,0.144,0.279,0.263,0.000
0,6,2,254,6,Scatter_35,Scatter,static,AI_VECTOR_CORE,1786102259974238.820	,1.320,0.000000,2,0,NO,"""1,2,1024,128;1;1,2,1,128""",FLOAT16;INT64;FLOAT16,NCHW;NCHW;NCHW,"""1,2,1024,128""",FLOAT16,NCHW,N/A,0.0,0,0.0,0.0,0.0,0.0,0.0,0.0,0.0,0.0,0.0,0.0,0.0,0.695,2502,0.008,0.011,0.131,0.189,0.113,0.162,0.192,0.276,0.182,0.000
0,6,2,255,6,ApplyRotaryPosEmb_17,ApplyRotaryPosEmb,static,AI_VECTOR_CORE,1786102259974240.160	,1.780,0.180000,1,0,NO,"""1,1,16,128;1,1,2,128;1,1,1,128;1,1,1,128""",FLOAT16;FLOAT16;FLOAT16;FLOAT16,NCHW;NCHW;NCHW;NCHW,"""1,1,16,128;1,1,2,128""",FLOAT16;FLOAT16,NCHW;NCHW,N/A,0.0,0,0.0,0.0,0.0,0.0,0.0,0.0,0.0,0.0,0.0,0.0,0.0,1.273,2291,0.153,0.12,0.991,0.778,0.139,0.109,0.15,0.118,0.019,0.000
0,6,2,256,6,Scatter_34,Scatter,static,AI_VECTOR_CORE,1786102259974241.960	,1.260,0.000000,2,0,NO,"""1,2,1024,128;1;1,2,1,128""",FLOAT16;INT64;FLOAT16,NCHW;NCHW;NCHW,"""1,2,1024,128""",FLOAT16,NCHW,N/A,0.0,0,0.0,0.0,0.0,0.0,0.0,0.0,0.0,0.0,0.0,0.0,0.0,0.687,2474,0.008,0.011,0.208,0.303,0.121,0.176,0.311,0.453,0.0,0.000
0,6,2,257,6,IncreFlashAttention_17,IncreFlashAttention,static,MIX_AIC,1786102259974244.160	,16.600,0.990000,2,4,NO,"""1,16,1,128;1,2,1024,128;1,2,1024,128;1,1,1,1024""",FLOAT16;FLOAT16;FLOAT16;BOOL,NCHW;NCHW;NCHW;NCHW,"""1,16,1,128""",FLOAT16,NCHW,0,16.196,58307,1.076,0.066,12.478,0.77,2.698,0.167,7.22,0.446,2.863,0.177,0.007,8.909,64148,0.72,0.081,1.662,0.187,0.196,0.022,0.435,0.049,0.027,8.131
0,6,2,258,6,MatMul_86,MatMul,static,AI_CORE,1786102259974261.820	,5.440,0.900000,22,0,NO,"""1,2048;128,64,16,16""",FLOAT16;FLOAT16,ND;FRACTAL_NZ,"""1,1024""",FLOAT16,ND,N/A,4.199,166283,0.488,0.116,0.939,0.224,1.09,0.259,2.948,0.702,2.174,0.518,0.0,0.0,0,0.0,0.0,0.0,0.0,0.0,0.0,0.0,0.0,0.0,70.756
0,6,2,259,6,InplaceAddRmsNorm_34,InplaceAddRmsNorm,static,AI_VECTOR_CORE,1786102259974267.300	,1.760,0.060000,1,0,NO,"""1,1,1024;1,1,1024;1024""",FLOAT16;FLOAT16;FLOAT16,ND;ND;ND,"""1,1,1024;1,1,1;1,1,1024""",FLOAT16;FLOAT;FLOAT16,ND;ND;ND,N/A,0.0,0,0.0,0.0,0.0,0.0,0.0,0.0,0.0,0.0,0.0,0.0,0.0,1.222,2200,0.282,0.231,0.465,0.38,0.523,0.428,0.379,0.31,0.047,0.000
0,6,2,260,6,MatMul_87,MatMul,static,AI_CORE,1786102259974269.080	,5.440,0.000000,24,0,NO,"""1,1024;64,192,16,16""",FLOAT16;FLOAT16,ND;FRACTAL_NZ,"""1,3072""",FLOAT16,ND,N/A,4.396,189906,0.538,0.122,0.499,0.113,1.285,0.292,3.427,0.779,2.66,0.605,0.01,0.0,0,0.0,0.0,0.0,0.0,0.0,0.0,0.0,0.0,0.0,80.808
0,6,2,261,6,MatMul_88,MatMul,static,AI_CORE,1786102259974274.540	,5.380,0.060000,24,0,NO,"""1,1024;64,192,16,16""",FLOAT16;FLOAT16,ND;FRACTAL_NZ,"""1,3072""",FLOAT16,ND,N/A,4.38,189201,0.537,0.123,0.503,0.115,1.284,0.293,3.433,0.784,2.615,0.597,0.0,0.0,0,0.0,0.0,0.0,0.0,0.0,0.0,0.0,0.0,0.0,81.406
0,6,2,262,6,Swish_17Mul_20,AutomaticBufferFusionOp,static,AI_VECTOR_CORE,1786102259974279.940	,1.580,0.120000,3,0,NO,"""1,1,3072;1,1,3072""",FLOAT16;FLOAT16,ND;ND,"""1,1,3072""",FLOAT16,ND,N/A,0.0,0,0.0,0.0,0.0,0.0,0.0,0.0,0.0,0.0,0.0,0.0,0.0,0.817,4410,0.163,0.199,0.131,0.161,0.14,0.171,0.133,0.163,0.185,0.000
0,6,2,263,6,MatMul_89,MatMul,static,AI_CORE,1786102259974281.560	,5.620,0.000000,22,0,NO,"""1,3072;192,64,16,16""",FLOAT16;FLOAT16,ND;FRACTAL_NZ,"""1,1024""",FLOAT16,ND,N/A,4.469,176968,0.733,0.164,0.481,0.108,1.688,0.378,3.801,0.851,2.148,0.481,0.016,0.0,0,0.0,0.0,0.0,0.0,0.0,0.0,0.0,0.0,0.0,72.891
0,6,2,264,6,InplaceAddRmsNorm_35,InplaceAddRmsNorm,static,AI_VECTOR_CORE,1786102259974287.200	,2.040,0.130000,1,0,NO,"""1,1,1024;1,1,1024;1024""",FLOAT16;FLOAT16;FLOAT16,ND;ND;ND,"""1,1,1024;1,1,1;1,1,1024""",FLOAT16;FLOAT;FLOAT16,ND;ND;ND,N/A,0.0,0,0.0,0.0,0.0,0.0,0.0,0.0,0.0,0.0,0.0,0.0,0.0,1.421,2557,0.282,0.199,0.418,0.294,0.471,0.332,0.394,0.278,0.223,0.000
0,6,2,265,6,MatMul_90,MatMul,static,AI_CORE,1786102259974289.260	,155.920,0.000000,24,0,NO,"""1,1024;64,6464,16,16""",FLOAT16;FLOAT16,ND;FRACTAL_NZ,"""1,103424""",FLOAT16,ND,N/A,146.044,6309089,18.105,0.124,3.28,0.022,43.816,0.3,142.493,0.976,39.372,0.27,0.02,0.0,0,0.0,0.0,0.0,0.0,0.0,0.0,0.0,0.0,0.0,93.666
0,6,4294967295,1069,3,aclnnInplaceCopy_CastAiCore_Cast,Cast,dynamic,AI_VECTOR_CORE,1786102259974459.320	,8.000,14.080000,48,0,NO,"""1,103424""",FLOAT16,ND,"""1,103424""",FLOAT,ND,N/A,0.0,0,0.0,0.0,0.0,0.0,0.0,0.0,0.0,0.0,0.0,0.0,0.0,5.309,458662,0.041,0.008,0.165,0.031,0.967,0.182,0.751,0.142,0.225,0.000
0,6,4294967295,1070,3,aclnnArgMax_ArgMaxV2AiCore_ArgMaxV2,ArgMaxV2,dynamic,AI_VECTOR_CORE,1786102259974467.340	,13.800,0.000000,1,0,NO,"""1,103424;""",FLOAT;INT64,ND;ND,"""1,1""",INT32,ND,N/A,0.0,0,0.0,0.0,0.0,0.0,0.0,0.0,0.0,0.0,0.0,0.0,0.0,13.318,23972,7.387,0.555,1.799,0.135,3.688,0.277,0.123,0.009,0.063,0.000
0,6,4294967295,1071,3,aclnnArgMax_CastAiCore_Cast,Cast,dynamic,AI_VECTOR_CORE,1786102259974481.160	,1.360,0.200000,1,0,NO,"""1,1""",INT32,ND,"""1,1""",INT64,ND,N/A,0.0,0,0.0,0.0,0.0,0.0,0.0,0.0,0.0,0.0,0.0,0.0,0.0,0.866,1559,0.026,0.03,0.279,0.322,0.115,0.133,0.116,0.133,0.21,0.000
0,6,4294967295,1073,3,aclnnInplaceFillScalar_FillAiCore_Fill,Fill,dynamic,AI_VECTOR_CORE,1786102259974529.620	,1.620,46.890000,1,0,NO,"""2;""",INT64;INT64,ND;ND,"""1,1""",INT64,ND,N/A,0.0,0,0.0,0.0,0.0,0.0,0.0,0.0,0.0,0.0,0.0,0.0,0.0,1.124,2023,0.049,0.043,0.367,0.327,0.289,0.258,0.149,0.133,0.167,0.000
0,6,4294967295,1074,3,aclnnSWhere_SelectV2AiCore_SelectV2,SelectV2,dynamic,AI_VECTOR_CORE,1786102259974621.860	,2.120,90.630000,1,0,NO,"""1,1;1,1;1,1""",BOOL;INT64;INT64,ND;ND;ND,"""1,1""",INT64,ND,N/A,0.0,0,0.0,0.0,0.0,0.0,0.0,0.0,0.0,0.0,0.0,0.0,0.0,1.657,2982,0.193,0.117,0.633,0.382,0.432,0.261,0.076,0.046,0.171,0.000
0,6,4294967295,1075,3,aclnnAdds_AddAiCore_Add,Add,dynamic,AI_VECTOR_CORE,1786102259974752.420	,2.980,128.630000,1,0,NO,"""1;""",INT64;INT64,ND;ND,"""1""",INT64,ND,N/A,0.0,0,0.0,0.0,0.0,0.0,0.0,0.0,0.0,0.0,0.0,0.0,0.0,2.485,4473,0.293,0.118,0.474,0.191,0.452,0.182,0.129,0.052,0.234,0.000
0,6,4294967295,1076,3,aclnnInplaceZero_ZerosLikeAiCore_ZerosLike,ZerosLike,dynamic,AI_VECTOR_CORE,1786102259974882.120	,1.940,126.520000,1,0,NO,"""1""",INT64,ND,"""1""",INT64,ND,N/A,0.0,0,0.0,0.0,0.0,0.0,0.0,0.0,0.0,0.0,0.0,0.0,0.0,1.448,2606,0.063,0.044,0.338,0.233,0.001,0.001,0.142,0.098,0.289,0.000
0,6,4294967295,1077,3,aclnnSWhere_SelectV2AiCore_SelectV2,SelectV2,dynamic,AI_VECTOR_CORE,1786102259974953.840	,1.860,69.810000,1,0,NO,"""1;1;1""",BOOL;INT64;INT64,ND;ND;ND,"""1""",INT64,ND,N/A,0.0,0,0.0,0.0,0.0,0.0,0.0,0.0,0.0,0.0,0.0,0.0,0.0,1.357,2442,0.2,0.147,0.504,0.371,0.348,0.256,0.077,0.057,0.198,0.000
