nohup: ignoring input
2026-09-06T09:01:15+08:00
	NPU ID                         : 6
	Chip Count                     : 1

	No process in device.
	Chip ID                        : 0

	NPU ID                         : 6
	Chip Count                     : 1

	Chip ID                        : 0
	Memory Usage Rate(%)           : 0
	HBM Usage Rate(%)              : 5
	Aicore Usage Rate(%)           : 0
	Aicore Freq(MHZ)               : 1800
	Aicore curFreq(MHZ)            : 1800
	Aicore Count                   : 24
	Temperature(C)                 : 48
	NPU Real-time Power(W)         : 110.6

	Chip Name                      : mcu
	Temperature(C)                 : 43
2026-09-06T09:01:22+08:00
	NPU ID                         : 6
	Chip Count                     : 1

	No process in device.
	Chip ID                        : 0

	NPU ID                         : 6
	Chip Count                     : 1

	Chip ID                        : 0
	Memory Usage Rate(%)           : 0
	HBM Usage Rate(%)              : 5
	Aicore Usage Rate(%)           : 0
	Aicore Freq(MHZ)               : 1800
	Aicore curFreq(MHZ)            : 1800
	Aicore Count                   : 24
	Temperature(C)                 : 48
	NPU Real-time Power(W)         : 110.8

	Chip Name                      : mcu
	Temperature(C)                 : 43
2026-09-06T09:01:28+08:00
	NPU ID                         : 6
	Chip Count                     : 1

	No process in device.
	Chip ID                        : 0

	NPU ID                         : 6
	Chip Count                     : 1

	Chip ID                        : 0
	Memory Usage Rate(%)           : 0
	HBM Usage Rate(%)              : 5
	Aicore Usage Rate(%)           : 0
	Aicore Freq(MHZ)               : 1800
	Aicore curFreq(MHZ)            : 1800
	Aicore Count                   : 24
	Temperature(C)                 : 48
	NPU Real-time Power(W)         : 110.4

	Chip Name                      : mcu
	Temperature(C)                 : 43
2026-09-06T09:01:34+08:00
	NPU ID                         : 6
	Chip Count                     : 1

	No process in device.
	Chip ID                        : 0

	NPU ID                         : 6
	Chip Count                     : 1

	Chip ID                        : 0
	Memory Usage Rate(%)           : 0
	HBM Usage Rate(%)              : 5
	Aicore Usage Rate(%)           : 0
	Aicore Freq(MHZ)               : 1800
	Aicore curFreq(MHZ)            : 1800
	Aicore Count                   : 24
	Temperature(C)                 : 48
	NPU Real-time Power(W)         : 110.5

	Chip Name                      : mcu
	Temperature(C)                 : 43
2026-09-06T09:01:40+08:00
	NPU ID                         : 6
	Chip Count                     : 1

	No process in device.
	Chip ID                        : 0

	NPU ID                         : 6
	Chip Count                     : 1

	Chip ID                        : 0
	Memory Usage Rate(%)           : 0
	HBM Usage Rate(%)              : 5
	Aicore Usage Rate(%)           : 0
	Aicore Freq(MHZ)               : 1800
	Aicore curFreq(MHZ)            : 1800
	Aicore Count                   : 24
	Temperature(C)                 : 48
	NPU Real-time Power(W)         : 110.7

	Chip Name                      : mcu
	Temperature(C)                 : 43
2026-09-06T09:01:46+08:00
	NPU ID                         : 6
	Chip Count                     : 1

	No process in device.
	Chip ID                        : 0

	NPU ID                         : 6
	Chip Count                     : 1

	Chip ID                        : 0
	Memory Usage Rate(%)           : 0
	HBM Usage Rate(%)              : 5
	Aicore Usage Rate(%)           : 0
	Aicore Freq(MHZ)               : 1800
	Aicore curFreq(MHZ)            : 1800
	Aicore Count                   : 24
	Temperature(C)                 : 48
	NPU Real-time Power(W)         : 110.5

	Chip Name                      : mcu
	Temperature(C)                 : 43
2026-09-06T09:01:52+08:00
	NPU ID                         : 6
	Chip Count                     : 1

	Process id:2029433 Process name:python            Process memory(MB):105
	Chip ID                        : 0

	NPU ID                         : 6
	Chip Count                     : 1

	Chip ID                        : 0
	Memory Usage Rate(%)           : 0
	HBM Usage Rate(%)              : 5
	Aicore Usage Rate(%)           : 0
	Aicore Freq(MHZ)               : 1800
	Aicore curFreq(MHZ)            : 1800
	Aicore Count                   : 24
	Temperature(C)                 : 49
	NPU Real-time Power(W)         : 111.0

	Chip Name                      : mcu
	Temperature(C)                 : 43
2026-09-06T09:01:58+08:00
	NPU ID                         : 6
	Chip Count                     : 1

	Process id:2029433 Process name:python            Process memory(MB):105
	Chip ID                        : 0

	NPU ID                         : 6
	Chip Count                     : 1

	Chip ID                        : 0
	Memory Usage Rate(%)           : 0
	HBM Usage Rate(%)              : 5
	Aicore Usage Rate(%)           : 0
	Aicore Freq(MHZ)               : 1800
	Aicore curFreq(MHZ)            : 1800
	Aicore Count                   : 24
	Temperature(C)                 : 49
	NPU Real-time Power(W)         : 111.2

	Chip Name                      : mcu
	Temperature(C)                 : 43
2026-09-06T09:02:04+08:00
	NPU ID                         : 6
	Chip Count                     : 1

	Process id:2029433 Process name:python            Process memory(MB):3855
	Chip ID                        : 0

	NPU ID                         : 6
	Chip Count                     : 1

	Chip ID                        : 0
	Memory Usage Rate(%)           : 0
	HBM Usage Rate(%)              : 11
	Aicore Usage Rate(%)           : 0
	Aicore Freq(MHZ)               : 1800
	Aicore curFreq(MHZ)            : 1800
	Aicore Count                   : 24
	Temperature(C)                 : 50
	NPU Real-time Power(W)         : 111.0

	Chip Name                      : mcu
	Temperature(C)                 : 43
2026-09-06T09:02:10+08:00
	NPU ID                         : 6
	Chip Count                     : 1

	Process id:2029433 Process name:python            Process memory(MB):3855
	Chip ID                        : 0

	NPU ID                         : 6
	Chip Count                     : 1

	Chip ID                        : 0
	Memory Usage Rate(%)           : 0
	HBM Usage Rate(%)              : 11
	Aicore Usage Rate(%)           : 0
	Aicore Freq(MHZ)               : 1800
	Aicore curFreq(MHZ)            : 1800
	Aicore Count                   : 24
	Temperature(C)                 : 50
	NPU Real-time Power(W)         : 111.1

	Chip Name                      : mcu
	Temperature(C)                 : 43
2026-09-06T09:02:16+08:00
	NPU ID                         : 6
	Chip Count                     : 1

	Process id:2029433 Process name:python            Process memory(MB):4169
	Chip ID                        : 0

	NPU ID                         : 6
	Chip Count                     : 1

	Chip ID                        : 0
	Memory Usage Rate(%)           : 0
	HBM Usage Rate(%)              : 11
	Aicore Usage Rate(%)           : 0
	Aicore Freq(MHZ)               : 1800
	Aicore curFreq(MHZ)            : 1800
	Aicore Count                   : 24
	Temperature(C)                 : 50
	NPU Real-time Power(W)         : 111.5

	Chip Name                      : mcu
	Temperature(C)                 : 43
2026-09-06T09:02:23+08:00
	NPU ID                         : 6
	Chip Count                     : 1

	Process id:2029433 Process name:python            Process memory(MB):7039
	Chip ID                        : 0

	NPU ID                         : 6
	Chip Count                     : 1

	Chip ID                        : 0
	Memory Usage Rate(%)           : 0
	HBM Usage Rate(%)              : 15
	Aicore Usage Rate(%)           : 0
	Aicore Freq(MHZ)               : 1800
	Aicore curFreq(MHZ)            : 1800
	Aicore Count                   : 24
	Temperature(C)                 : 50
	NPU Real-time Power(W)         : 110.9

	Chip Name                      : mcu
	Temperature(C)                 : 43
2026-09-06T09:02:29+08:00
	NPU ID                         : 6
	Chip Count                     : 1

	Process id:2029433 Process name:python            Process memory(MB):7039
	Chip ID                        : 0

	NPU ID                         : 6
	Chip Count                     : 1

	Chip ID                        : 0
	Memory Usage Rate(%)           : 0
	HBM Usage Rate(%)              : 15
	Aicore Usage Rate(%)           : 0
	Aicore Freq(MHZ)               : 1800
	Aicore curFreq(MHZ)            : 1800
	Aicore Count                   : 24
	Temperature(C)                 : 49
	NPU Real-time Power(W)         : 110.7

	Chip Name                      : mcu
	Temperature(C)                 : 43
2026-09-06T09:02:35+08:00
	NPU ID                         : 6
	Chip Count                     : 1

	Process id:2029433 Process name:python            Process memory(MB):7039
	Chip ID                        : 0

	NPU ID                         : 6
	Chip Count                     : 1

	Chip ID                        : 0
	Memory Usage Rate(%)           : 0
	HBM Usage Rate(%)              : 15
	Aicore Usage Rate(%)           : 0
	Aicore Freq(MHZ)               : 1800
	Aicore curFreq(MHZ)            : 1800
	Aicore Count                   : 24
	Temperature(C)                 : 49
	NPU Real-time Power(W)         : 110.6

	Chip Name                      : mcu
	Temperature(C)                 : 43
2026-09-06T09:02:41+08:00
	NPU ID                         : 6
	Chip Count                     : 1

	Process id:2029433 Process name:python            Process memory(MB):7039
	Chip ID                        : 0

	NPU ID                         : 6
	Chip Count                     : 1

	Chip ID                        : 0
	Memory Usage Rate(%)           : 0
	HBM Usage Rate(%)              : 15
	Aicore Usage Rate(%)           : 0
	Aicore Freq(MHZ)               : 1800
	Aicore curFreq(MHZ)            : 1800
	Aicore Count                   : 24
	Temperature(C)                 : 49
	NPU Real-time Power(W)         : 110.7

	Chip Name                      : mcu
	Temperature(C)                 : 43
2026-09-06T09:02:47+08:00
	NPU ID                         : 6
	Chip Count                     : 1

	Process id:2029433 Process name:python            Process memory(MB):7039
	Chip ID                        : 0

	NPU ID                         : 6
	Chip Count                     : 1

	Chip ID                        : 0
	Memory Usage Rate(%)           : 0
	HBM Usage Rate(%)              : 15
	Aicore Usage Rate(%)           : 57
	Aicore Freq(MHZ)               : 1800
	Aicore curFreq(MHZ)            : 1800
	Aicore Count                   : 24
	Temperature(C)                 : 50
	NPU Real-time Power(W)         : 197.5

	Chip Name                      : mcu
	Temperature(C)                 : 43
2026-09-06T09:02:53+08:00
	NPU ID                         : 6
	Chip Count                     : 1

	Process id:2029433 Process name:python            Process memory(MB):7071
	Chip ID                        : 0

	NPU ID                         : 6
	Chip Count                     : 1

	Chip ID                        : 0
	Memory Usage Rate(%)           : 0
	HBM Usage Rate(%)              : 15
	Aicore Usage Rate(%)           : 0
	Aicore Freq(MHZ)               : 1800
	Aicore curFreq(MHZ)            : 1800
	Aicore Count                   : 24
	Temperature(C)                 : 48
	NPU Real-time Power(W)         : 110.1

	Chip Name                      : mcu
	Temperature(C)                 : 43
2026-09-06T09:02:59+08:00
	NPU ID                         : 6
	Chip Count                     : 1

	Process id:2029433 Process name:python            Process memory(MB):7071
	Chip ID                        : 0

	NPU ID                         : 6
	Chip Count                     : 1

	Chip ID                        : 0
	Memory Usage Rate(%)           : 0
	HBM Usage Rate(%)              : 15
	Aicore Usage Rate(%)           : 0
	Aicore Freq(MHZ)               : 1800
	Aicore curFreq(MHZ)            : 1800
	Aicore Count                   : 24
	Temperature(C)                 : 48
	NPU Real-time Power(W)         : 110.6

	Chip Name                      : mcu
	Temperature(C)                 : 43
2026-09-06T09:03:05+08:00
	NPU ID                         : 6
	Chip Count                     : 1

	Process id:2029433 Process name:python            Process memory(MB):7075
	Chip ID                        : 0

	NPU ID                         : 6
	Chip Count                     : 1

	Chip ID                        : 0
	Memory Usage Rate(%)           : 0
	HBM Usage Rate(%)              : 15
	Aicore Usage Rate(%)           : 0
	Aicore Freq(MHZ)               : 1800
	Aicore curFreq(MHZ)            : 1800
	Aicore Count                   : 24
	Temperature(C)                 : 48
	NPU Real-time Power(W)         : 110.6

	Chip Name                      : mcu
	Temperature(C)                 : 43
2026-09-06T09:03:11+08:00
	NPU ID                         : 6
	Chip Count                     : 1

	Process id:2029433 Process name:python            Process memory(MB):7075
	Chip ID                        : 0

	NPU ID                         : 6
	Chip Count                     : 1

	Chip ID                        : 0
	Memory Usage Rate(%)           : 0
	HBM Usage Rate(%)              : 15
	Aicore Usage Rate(%)           : 0
	Aicore Freq(MHZ)               : 1800
	Aicore curFreq(MHZ)            : 1800
	Aicore Count                   : 24
	Temperature(C)                 : 47
	NPU Real-time Power(W)         : 110.5

	Chip Name                      : mcu
	Temperature(C)                 : 43
2026-09-06T09:03:17+08:00
	NPU ID                         : 6
	Chip Count                     : 1

	Process id:2029433 Process name:python            Process memory(MB):7075
	Chip ID                        : 0

	NPU ID                         : 6
	Chip Count                     : 1

	Chip ID                        : 0
	Memory Usage Rate(%)           : 0
	HBM Usage Rate(%)              : 15
	Aicore Usage Rate(%)           : 57
	Aicore Freq(MHZ)               : 1800
	Aicore curFreq(MHZ)            : 1800
	Aicore Count                   : 24
	Temperature(C)                 : 51
	NPU Real-time Power(W)         : 202.1

	Chip Name                      : mcu
	Temperature(C)                 : 43
2026-09-06T09:03:23+08:00
	NPU ID                         : 6
	Chip Count                     : 1

	Process id:2029433 Process name:python            Process memory(MB):7075
	Chip ID                        : 0

	NPU ID                         : 6
	Chip Count                     : 1

	Chip ID                        : 0
	Memory Usage Rate(%)           : 0
	HBM Usage Rate(%)              : 15
	Aicore Usage Rate(%)           : 49
	Aicore Freq(MHZ)               : 1800
	Aicore curFreq(MHZ)            : 1800
	Aicore Count                   : 24
	Temperature(C)                 : 51
	NPU Real-time Power(W)         : 232.3

	Chip Name                      : mcu
	Temperature(C)                 : 44
2026-09-06T09:03:30+08:00
	NPU ID                         : 6
	Chip Count                     : 1

	Process id:2029433 Process name:python            Process memory(MB):7075
	Chip ID                        : 0

	NPU ID                         : 6
	Chip Count                     : 1

	Chip ID                        : 0
	Memory Usage Rate(%)           : 0
	HBM Usage Rate(%)              : 15
	Aicore Usage Rate(%)           : 54
	Aicore Freq(MHZ)               : 1800
	Aicore curFreq(MHZ)            : 1800
	Aicore Count                   : 24
	Temperature(C)                 : 51
	NPU Real-time Power(W)         : 199.4

	Chip Name                      : mcu
	Temperature(C)                 : 44
2026-09-06T09:03:36+08:00
	NPU ID                         : 6
	Chip Count                     : 1

	Process id:2029433 Process name:python            Process memory(MB):7075
	Chip ID                        : 0

	NPU ID                         : 6
	Chip Count                     : 1

	Chip ID                        : 0
	Memory Usage Rate(%)           : 0
	HBM Usage Rate(%)              : 15
	Aicore Usage Rate(%)           : 0
	Aicore Freq(MHZ)               : 1800
	Aicore curFreq(MHZ)            : 1800
	Aicore Count                   : 24
	Temperature(C)                 : 48
	NPU Real-time Power(W)         : 110.5

	Chip Name                      : mcu
	Temperature(C)                 : 45
2026-09-06T09:03:42+08:00
	NPU ID                         : 6
	Chip Count                     : 1

	Process id:2029433 Process name:python            Process memory(MB):7075
	Chip ID                        : 0

	NPU ID                         : 6
	Chip Count                     : 1

	Chip ID                        : 0
	Memory Usage Rate(%)           : 0
	HBM Usage Rate(%)              : 15
	Aicore Usage Rate(%)           : 0
	Aicore Freq(MHZ)               : 1800
	Aicore curFreq(MHZ)            : 1800
	Aicore Count                   : 24
	Temperature(C)                 : 47
	NPU Real-time Power(W)         : 110.3

	Chip Name                      : mcu
	Temperature(C)                 : 45
2026-09-06T09:03:48+08:00
	NPU ID                         : 6
	Chip Count                     : 1

	Process id:2029433 Process name:python            Process memory(MB):7075
	Chip ID                        : 0

	NPU ID                         : 6
	Chip Count                     : 1

	Chip ID                        : 0
	Memory Usage Rate(%)           : 0
	HBM Usage Rate(%)              : 15
	Aicore Usage Rate(%)           : 0
	Aicore Freq(MHZ)               : 1800
	Aicore curFreq(MHZ)            : 1800
	Aicore Count                   : 24
	Temperature(C)                 : 47
	NPU Real-time Power(W)         : 111.0

	Chip Name                      : mcu
	Temperature(C)                 : 44
2026-09-06T09:03:54+08:00
	NPU ID                         : 6
	Chip Count                     : 1

	Process id:2029433 Process name:python            Process memory(MB):7075
	Chip ID                        : 0

	NPU ID                         : 6
	Chip Count                     : 1

	Chip ID                        : 0
	Memory Usage Rate(%)           : 0
	HBM Usage Rate(%)              : 15
	Aicore Usage Rate(%)           : 0
	Aicore Freq(MHZ)               : 1800
	Aicore curFreq(MHZ)            : 1800
	Aicore Count                   : 24
	Temperature(C)                 : 48
	NPU Real-time Power(W)         : 110.5

	Chip Name                      : mcu
	Temperature(C)                 : 44
2026-09-06T09:04:00+08:00
	NPU ID                         : 6
	Chip Count                     : 1

	Process id:2029433 Process name:python            Process memory(MB):7075
	Chip ID                        : 0

	NPU ID                         : 6
	Chip Count                     : 1

	Chip ID                        : 0
	Memory Usage Rate(%)           : 0
	HBM Usage Rate(%)              : 15
	Aicore Usage Rate(%)           : 0
	Aicore Freq(MHZ)               : 1800
	Aicore curFreq(MHZ)            : 1800
	Aicore Count                   : 24
	Temperature(C)                 : 48
	NPU Real-time Power(W)         : 110.9

	Chip Name                      : mcu
	Temperature(C)                 : 44
2026-09-06T09:04:06+08:00
	NPU ID                         : 6
	Chip Count                     : 1

	Process id:2029433 Process name:python            Process memory(MB):7075
	Chip ID                        : 0

	NPU ID                         : 6
	Chip Count                     : 1

	Chip ID                        : 0
	Memory Usage Rate(%)           : 0
	HBM Usage Rate(%)              : 15
	Aicore Usage Rate(%)           : 0
	Aicore Freq(MHZ)               : 1800
	Aicore curFreq(MHZ)            : 1800
	Aicore Count                   : 24
	Temperature(C)                 : 48
	NPU Real-time Power(W)         : 111.1

	Chip Name                      : mcu
	Temperature(C)                 : 44
2026-09-06T09:04:12+08:00
	NPU ID                         : 6
	Chip Count                     : 1

	Process id:2029433 Process name:python            Process memory(MB):7075
	Chip ID                        : 0

	NPU ID                         : 6
	Chip Count                     : 1

	Chip ID                        : 0
	Memory Usage Rate(%)           : 0
	HBM Usage Rate(%)              : 15
	Aicore Usage Rate(%)           : 0
	Aicore Freq(MHZ)               : 1800
	Aicore curFreq(MHZ)            : 1800
	Aicore Count                   : 24
	Temperature(C)                 : 48
	NPU Real-time Power(W)         : 111.0

	Chip Name                      : mcu
	Temperature(C)                 : 44
2026-09-06T09:04:18+08:00
	NPU ID                         : 6
	Chip Count                     : 1

	Process id:2029433 Process name:python            Process memory(MB):7075
	Chip ID                        : 0

	NPU ID                         : 6
	Chip Count                     : 1

	Chip ID                        : 0
	Memory Usage Rate(%)           : 0
	HBM Usage Rate(%)              : 15
	Aicore Usage Rate(%)           : 0
	Aicore Freq(MHZ)               : 1800
	Aicore curFreq(MHZ)            : 1800
	Aicore Count                   : 24
	Temperature(C)                 : 49
	NPU Real-time Power(W)         : 111.0

	Chip Name                      : mcu
	Temperature(C)                 : 44
2026-09-06T09:04:24+08:00
	NPU ID                         : 6
	Chip Count                     : 1

	Process id:2029433 Process name:python            Process memory(MB):7075
	Chip ID                        : 0

	NPU ID                         : 6
	Chip Count                     : 1

	Chip ID                        : 0
	Memory Usage Rate(%)           : 0
	HBM Usage Rate(%)              : 15
	Aicore Usage Rate(%)           : 0
	Aicore Freq(MHZ)               : 1800
	Aicore curFreq(MHZ)            : 1800
	Aicore Count                   : 24
	Temperature(C)                 : 48
	NPU Real-time Power(W)         : 110.6

	Chip Name                      : mcu
	Temperature(C)                 : 44
2026-09-06T09:04:31+08:00
	NPU ID                         : 6
	Chip Count                     : 1

	Process id:2029433 Process name:python            Process memory(MB):6831
	Chip ID                        : 0

	NPU ID                         : 6
	Chip Count                     : 1

	Chip ID                        : 0
	Memory Usage Rate(%)           : 0
	HBM Usage Rate(%)              : 5
	Aicore Usage Rate(%)           : 0
	Aicore Freq(MHZ)               : 1800
	Aicore curFreq(MHZ)            : 1800
	Aicore Count                   : 24
	Temperature(C)                 : 49
	NPU Real-time Power(W)         : 111.2

	Chip Name                      : mcu
	Temperature(C)                 : 43
2026-09-06T09:04:37+08:00
	NPU ID                         : 6
	Chip Count                     : 1

	No process in device.
	Chip ID                        : 0

	NPU ID                         : 6
	Chip Count                     : 1

	Chip ID                        : 0
	Memory Usage Rate(%)           : 0
	HBM Usage Rate(%)              : 5
	Aicore Usage Rate(%)           : 0
	Aicore Freq(MHZ)               : 1800
	Aicore curFreq(MHZ)            : 1800
	Aicore Count                   : 24
	Temperature(C)                 : 48
	NPU Real-time Power(W)         : 111.2

	Chip Name                      : mcu
	Temperature(C)                 : 43
2026-09-06T09:04:43+08:00
	NPU ID                         : 6
	Chip Count                     : 1

	No process in device.
	Chip ID                        : 0

	NPU ID                         : 6
	Chip Count                     : 1

	Chip ID                        : 0
	Memory Usage Rate(%)           : 0
	HBM Usage Rate(%)              : 5
	Aicore Usage Rate(%)           : 0
	Aicore Freq(MHZ)               : 1800
	Aicore curFreq(MHZ)            : 1800
	Aicore Count                   : 24
	Temperature(C)                 : 49
	NPU Real-time Power(W)         : 110.7

	Chip Name                      : mcu
	Temperature(C)                 : 43
2026-09-06T09:04:49+08:00
	NPU ID                         : 6
	Chip Count                     : 1

	No process in device.
	Chip ID                        : 0

	NPU ID                         : 6
	Chip Count                     : 1

	Chip ID                        : 0
	Memory Usage Rate(%)           : 0
	HBM Usage Rate(%)              : 5
	Aicore Usage Rate(%)           : 0
	Aicore Freq(MHZ)               : 1800
	Aicore curFreq(MHZ)            : 1800
	Aicore Count                   : 24
	Temperature(C)                 : 50
	NPU Real-time Power(W)         : 111.1

	Chip Name                      : mcu
	Temperature(C)                 : 43
2026-09-06T09:04:55+08:00
	NPU ID                         : 6
	Chip Count                     : 1

	No process in device.
	Chip ID                        : 0

	NPU ID                         : 6
	Chip Count                     : 1

	Chip ID                        : 0
	Memory Usage Rate(%)           : 0
	HBM Usage Rate(%)              : 5
	Aicore Usage Rate(%)           : 0
	Aicore Freq(MHZ)               : 1800
	Aicore curFreq(MHZ)            : 1800
	Aicore Count                   : 24
	Temperature(C)                 : 49
	NPU Real-time Power(W)         : 111.3

	Chip Name                      : mcu
	Temperature(C)                 : 43
2026-09-06T09:05:01+08:00
	NPU ID                         : 6
	Chip Count                     : 1

	No process in device.
	Chip ID                        : 0

	NPU ID                         : 6
	Chip Count                     : 1

	Chip ID                        : 0
	Memory Usage Rate(%)           : 0
	HBM Usage Rate(%)              : 5
	Aicore Usage Rate(%)           : 0
	Aicore Freq(MHZ)               : 1800
	Aicore curFreq(MHZ)            : 1800
	Aicore Count                   : 24
	Temperature(C)                 : 49
	NPU Real-time Power(W)         : 111.2

	Chip Name                      : mcu
	Temperature(C)                 : 43
2026-09-06T09:05:07+08:00
	NPU ID                         : 6
	Chip Count                     : 1

	No process in device.
	Chip ID                        : 0

	NPU ID                         : 6
	Chip Count                     : 1

	Chip ID                        : 0
	Memory Usage Rate(%)           : 0
	HBM Usage Rate(%)              : 5
	Aicore Usage Rate(%)           : 0
	Aicore Freq(MHZ)               : 1800
	Aicore curFreq(MHZ)            : 1800
	Aicore Count                   : 24
	Temperature(C)                 : 49
	NPU Real-time Power(W)         : 111.2

	Chip Name                      : mcu
	Temperature(C)                 : 43
2026-09-06T09:05:13+08:00
	NPU ID                         : 6
	Chip Count                     : 1

	No process in device.
	Chip ID                        : 0

	NPU ID                         : 6
	Chip Count                     : 1

	Chip ID                        : 0
	Memory Usage Rate(%)           : 0
	HBM Usage Rate(%)              : 5
	Aicore Usage Rate(%)           : 0
	Aicore Freq(MHZ)               : 1800
	Aicore curFreq(MHZ)            : 1800
	Aicore Count                   : 24
	Temperature(C)                 : 49
	NPU Real-time Power(W)         : 111.5

	Chip Name                      : mcu
	Temperature(C)                 : 43
2026-09-06T09:05:19+08:00
	NPU ID                         : 6
	Chip Count                     : 1

	No process in device.
	Chip ID                        : 0

	NPU ID                         : 6
	Chip Count                     : 1

	Chip ID                        : 0
	Memory Usage Rate(%)           : 0
	HBM Usage Rate(%)              : 5
	Aicore Usage Rate(%)           : 0
	Aicore Freq(MHZ)               : 1800
	Aicore curFreq(MHZ)            : 1800
	Aicore Count                   : 24
	Temperature(C)                 : 48
	NPU Real-time Power(W)         : 111.0

	Chip Name                      : mcu
	Temperature(C)                 : 43
2026-09-06T09:05:25+08:00
	NPU ID                         : 6
	Chip Count                     : 1

	No process in device.
	Chip ID                        : 0

	NPU ID                         : 6
	Chip Count                     : 1

	Chip ID                        : 0
	Memory Usage Rate(%)           : 0
	HBM Usage Rate(%)              : 5
	Aicore Usage Rate(%)           : 0
	Aicore Freq(MHZ)               : 1800
	Aicore curFreq(MHZ)            : 1800
	Aicore Count                   : 24
	Temperature(C)                 : 48
	NPU Real-time Power(W)         : 110.7

	Chip Name                      : mcu
	Temperature(C)                 : 43
2026-09-06T09:05:31+08:00
	NPU ID                         : 6
	Chip Count                     : 1

	Process id:2033442 Process name:python            Process memory(MB):105
	Chip ID                        : 0

	NPU ID                         : 6
	Chip Count                     : 1

	Chip ID                        : 0
	Memory Usage Rate(%)           : 0
	HBM Usage Rate(%)              : 5
	Aicore Usage Rate(%)           : 0
	Aicore Freq(MHZ)               : 1800
	Aicore curFreq(MHZ)            : 1800
	Aicore Count                   : 24
	Temperature(C)                 : 48
	NPU Real-time Power(W)         : 110.7

	Chip Name                      : mcu
	Temperature(C)                 : 43
2026-09-06T09:05:38+08:00
	NPU ID                         : 6
	Chip Count                     : 1

	Process id:2033442 Process name:python            Process memory(MB):105
	Chip ID                        : 0

	NPU ID                         : 6
	Chip Count                     : 1

	Chip ID                        : 0
	Memory Usage Rate(%)           : 0
	HBM Usage Rate(%)              : 5
	Aicore Usage Rate(%)           : 0
	Aicore Freq(MHZ)               : 1800
	Aicore curFreq(MHZ)            : 1800
	Aicore Count                   : 24
	Temperature(C)                 : 48
	NPU Real-time Power(W)         : 111.0

	Chip Name                      : mcu
	Temperature(C)                 : 43
2026-09-06T09:05:44+08:00
	NPU ID                         : 6
	Chip Count                     : 1

	Process id:2033442 Process name:python            Process memory(MB):3855
	Chip ID                        : 0

	NPU ID                         : 6
	Chip Count                     : 1

	Chip ID                        : 0
	Memory Usage Rate(%)           : 0
	HBM Usage Rate(%)              : 11
	Aicore Usage Rate(%)           : 0
	Aicore Freq(MHZ)               : 1800
	Aicore curFreq(MHZ)            : 1800
	Aicore Count                   : 24
	Temperature(C)                 : 48
	NPU Real-time Power(W)         : 110.7

	Chip Name                      : mcu
	Temperature(C)                 : 43
2026-09-06T09:05:50+08:00
	NPU ID                         : 6
	Chip Count                     : 1

	Process id:2033442 Process name:python            Process memory(MB):3869
	Chip ID                        : 0

	NPU ID                         : 6
	Chip Count                     : 1

	Chip ID                        : 0
	Memory Usage Rate(%)           : 0
	HBM Usage Rate(%)              : 11
	Aicore Usage Rate(%)           : 0
	Aicore Freq(MHZ)               : 1800
	Aicore curFreq(MHZ)            : 1800
	Aicore Count                   : 24
	Temperature(C)                 : 49
	NPU Real-time Power(W)         : 110.6

	Chip Name                      : mcu
	Temperature(C)                 : 43
2026-09-06T09:05:56+08:00
	NPU ID                         : 6
	Chip Count                     : 1

	Process id:2033442 Process name:python            Process memory(MB):4175
	Chip ID                        : 0

	NPU ID                         : 6
	Chip Count                     : 1

	Chip ID                        : 0
	Memory Usage Rate(%)           : 0
	HBM Usage Rate(%)              : 11
	Aicore Usage Rate(%)           : 0
	Aicore Freq(MHZ)               : 1800
	Aicore curFreq(MHZ)            : 1800
	Aicore Count                   : 24
	Temperature(C)                 : 49
	NPU Real-time Power(W)         : 110.7

	Chip Name                      : mcu
	Temperature(C)                 : 43
2026-09-06T09:06:02+08:00
	NPU ID                         : 6
	Chip Count                     : 1

	Process id:2033442 Process name:python            Process memory(MB):7327
	Chip ID                        : 0

	NPU ID                         : 6
	Chip Count                     : 1

	Chip ID                        : 0
	Memory Usage Rate(%)           : 0
	HBM Usage Rate(%)              : 16
	Aicore Usage Rate(%)           : 0
	Aicore Freq(MHZ)               : 1800
	Aicore curFreq(MHZ)            : 1800
	Aicore Count                   : 24
	Temperature(C)                 : 49
	NPU Real-time Power(W)         : 110.9

	Chip Name                      : mcu
	Temperature(C)                 : 43
2026-09-06T09:06:08+08:00
	NPU ID                         : 6
	Chip Count                     : 1

	Process id:2033442 Process name:python            Process memory(MB):7327
	Chip ID                        : 0

	NPU ID                         : 6
	Chip Count                     : 1

	Chip ID                        : 0
	Memory Usage Rate(%)           : 0
	HBM Usage Rate(%)              : 16
	Aicore Usage Rate(%)           : 0
	Aicore Freq(MHZ)               : 1800
	Aicore curFreq(MHZ)            : 1800
	Aicore Count                   : 24
	Temperature(C)                 : 48
	NPU Real-time Power(W)         : 110.9

	Chip Name                      : mcu
	Temperature(C)                 : 43
2026-09-06T09:06:14+08:00
	NPU ID                         : 6
	Chip Count                     : 1

	Process id:2033442 Process name:python            Process memory(MB):7327
	Chip ID                        : 0

	NPU ID                         : 6
	Chip Count                     : 1

	Chip ID                        : 0
	Memory Usage Rate(%)           : 0
	HBM Usage Rate(%)              : 16
	Aicore Usage Rate(%)           : 0
	Aicore Freq(MHZ)               : 1800
	Aicore curFreq(MHZ)            : 1800
	Aicore Count                   : 24
	Temperature(C)                 : 47
	NPU Real-time Power(W)         : 110.4

	Chip Name                      : mcu
	Temperature(C)                 : 43
2026-09-06T09:06:20+08:00
	NPU ID                         : 6
	Chip Count                     : 1

	Process id:2033442 Process name:python            Process memory(MB):7355
	Chip ID                        : 0

	NPU ID                         : 6
	Chip Count                     : 1

	Chip ID                        : 0
	Memory Usage Rate(%)           : 0
	HBM Usage Rate(%)              : 16
	Aicore Usage Rate(%)           : 58
	Aicore Freq(MHZ)               : 1800
	Aicore curFreq(MHZ)            : 1800
	Aicore Count                   : 24
	Temperature(C)                 : 51
	NPU Real-time Power(W)         : 197.3

	Chip Name                      : mcu
	Temperature(C)                 : 43
2026-09-06T09:06:26+08:00
	NPU ID                         : 6
	Chip Count                     : 1

	Process id:2033442 Process name:python            Process memory(MB):7359
	Chip ID                        : 0

	NPU ID                         : 6
	Chip Count                     : 1

	Chip ID                        : 0
	Memory Usage Rate(%)           : 0
	HBM Usage Rate(%)              : 16
	Aicore Usage Rate(%)           : 0
	Aicore Freq(MHZ)               : 1800
	Aicore curFreq(MHZ)            : 1800
	Aicore Count                   : 24
	Temperature(C)                 : 48
	NPU Real-time Power(W)         : 110.4

	Chip Name                      : mcu
	Temperature(C)                 : 43
2026-09-06T09:06:32+08:00
	NPU ID                         : 6
	Chip Count                     : 1

	Process id:2033442 Process name:python            Process memory(MB):7359
	Chip ID                        : 0

	NPU ID                         : 6
	Chip Count                     : 1

	Chip ID                        : 0
	Memory Usage Rate(%)           : 0
	HBM Usage Rate(%)              : 16
	Aicore Usage Rate(%)           : 0
	Aicore Freq(MHZ)               : 1800
	Aicore curFreq(MHZ)            : 1800
	Aicore Count                   : 24
	Temperature(C)                 : 48
	NPU Real-time Power(W)         : 110.5

	Chip Name                      : mcu
	Temperature(C)                 : 43
2026-09-06T09:06:39+08:00
	NPU ID                         : 6
	Chip Count                     : 1

	Process id:2033442 Process name:python            Process memory(MB):7364
	Chip ID                        : 0

	NPU ID                         : 6
	Chip Count                     : 1

	Chip ID                        : 0
	Memory Usage Rate(%)           : 0
	HBM Usage Rate(%)              : 16
	Aicore Usage Rate(%)           : 0
	Aicore Freq(MHZ)               : 1800
	Aicore curFreq(MHZ)            : 1800
	Aicore Count                   : 24
	Temperature(C)                 : 48
	NPU Real-time Power(W)         : 110.4

	Chip Name                      : mcu
	Temperature(C)                 : 43
2026-09-06T09:06:45+08:00
	NPU ID                         : 6
	Chip Count                     : 1

	Process id:2033442 Process name:python            Process memory(MB):7364
	Chip ID                        : 0

	NPU ID                         : 6
	Chip Count                     : 1

	Chip ID                        : 0
	Memory Usage Rate(%)           : 0
	HBM Usage Rate(%)              : 16
	Aicore Usage Rate(%)           : 0
	Aicore Freq(MHZ)               : 1800
	Aicore curFreq(MHZ)            : 1800
	Aicore Count                   : 24
	Temperature(C)                 : 48
	NPU Real-time Power(W)         : 110.8

	Chip Name                      : mcu
	Temperature(C)                 : 43
2026-09-06T09:06:51+08:00
	NPU ID                         : 6
	Chip Count                     : 1

	Process id:2033442 Process name:python            Process memory(MB):7364
	Chip ID                        : 0

	NPU ID                         : 6
	Chip Count                     : 1

	Chip ID                        : 0
	Memory Usage Rate(%)           : 0
	HBM Usage Rate(%)              : 16
	Aicore Usage Rate(%)           : 56
	Aicore Freq(MHZ)               : 1800
	Aicore curFreq(MHZ)            : 1800
	Aicore Count                   : 24
	Temperature(C)                 : 51
	NPU Real-time Power(W)         : 200.5

	Chip Name                      : mcu
	Temperature(C)                 : 43
2026-09-06T09:06:57+08:00
	NPU ID                         : 6
	Chip Count                     : 1

	Process id:2033442 Process name:python            Process memory(MB):7364
	Chip ID                        : 0

	NPU ID                         : 6
	Chip Count                     : 1

	Chip ID                        : 0
	Memory Usage Rate(%)           : 0
	HBM Usage Rate(%)              : 16
	Aicore Usage Rate(%)           : 58
	Aicore Freq(MHZ)               : 1800
	Aicore curFreq(MHZ)            : 1800
	Aicore Count                   : 24
	Temperature(C)                 : 52
	NPU Real-time Power(W)         : 227.2

	Chip Name                      : mcu
	Temperature(C)                 : 44
2026-09-06T09:07:03+08:00
	NPU ID                         : 6
	Chip Count                     : 1

	Process id:2033442 Process name:python            Process memory(MB):7364
	Chip ID                        : 0

	NPU ID                         : 6
	Chip Count                     : 1

	Chip ID                        : 0
	Memory Usage Rate(%)           : 0
	HBM Usage Rate(%)              : 16
	Aicore Usage Rate(%)           : 48
	Aicore Freq(MHZ)               : 1800
	Aicore curFreq(MHZ)            : 1800
	Aicore Count                   : 24
	Temperature(C)                 : 50
	NPU Real-time Power(W)         : 234.1

	Chip Name                      : mcu
	Temperature(C)                 : 44
2026-09-06T09:07:09+08:00
	NPU ID                         : 6
	Chip Count                     : 1

	Process id:2033442 Process name:python            Process memory(MB):7364
	Chip ID                        : 0

	NPU ID                         : 6
	Chip Count                     : 1

	Chip ID                        : 0
	Memory Usage Rate(%)           : 0
	HBM Usage Rate(%)              : 16
	Aicore Usage Rate(%)           : 0
	Aicore Freq(MHZ)               : 1800
	Aicore curFreq(MHZ)            : 1800
	Aicore Count                   : 24
	Temperature(C)                 : 49
	NPU Real-time Power(W)         : 110.8

	Chip Name                      : mcu
	Temperature(C)                 : 45
2026-09-06T09:07:15+08:00
	NPU ID                         : 6
	Chip Count                     : 1

	Process id:2033442 Process name:python            Process memory(MB):7364
	Chip ID                        : 0

	NPU ID                         : 6
	Chip Count                     : 1

	Chip ID                        : 0
	Memory Usage Rate(%)           : 0
	HBM Usage Rate(%)              : 16
	Aicore Usage Rate(%)           : 0
	Aicore Freq(MHZ)               : 1800
	Aicore curFreq(MHZ)            : 1800
	Aicore Count                   : 24
	Temperature(C)                 : 48
	NPU Real-time Power(W)         : 111.0

	Chip Name                      : mcu
	Temperature(C)                 : 45
2026-09-06T09:07:21+08:00
	NPU ID                         : 6
	Chip Count                     : 1

	Process id:2033442 Process name:python            Process memory(MB):7364
	Chip ID                        : 0

	NPU ID                         : 6
	Chip Count                     : 1

	Chip ID                        : 0
	Memory Usage Rate(%)           : 0
	HBM Usage Rate(%)              : 16
	Aicore Usage Rate(%)           : 0
	Aicore Freq(MHZ)               : 1800
	Aicore curFreq(MHZ)            : 1800
	Aicore Count                   : 24
	Temperature(C)                 : 48
	NPU Real-time Power(W)         : 110.9

	Chip Name                      : mcu
	Temperature(C)                 : 45
2026-09-06T09:07:27+08:00
	NPU ID                         : 6
	Chip Count                     : 1

	Process id:2033442 Process name:python            Process memory(MB):7364
	Chip ID                        : 0

	NPU ID                         : 6
	Chip Count                     : 1

	Chip ID                        : 0
	Memory Usage Rate(%)           : 0
	HBM Usage Rate(%)              : 16
	Aicore Usage Rate(%)           : 0
	Aicore Freq(MHZ)               : 1800
	Aicore curFreq(MHZ)            : 1800
	Aicore Count                   : 24
	Temperature(C)                 : 48
	NPU Real-time Power(W)         : 110.8

	Chip Name                      : mcu
	Temperature(C)                 : 44
2026-09-06T09:07:33+08:00
	NPU ID                         : 6
	Chip Count                     : 1

	Process id:2033442 Process name:python            Process memory(MB):7364
	Chip ID                        : 0

	NPU ID                         : 6
	Chip Count                     : 1

	Chip ID                        : 0
	Memory Usage Rate(%)           : 0
	HBM Usage Rate(%)              : 16
	Aicore Usage Rate(%)           : 0
	Aicore Freq(MHZ)               : 1800
	Aicore curFreq(MHZ)            : 1800
	Aicore Count                   : 24
	Temperature(C)                 : 48
	NPU Real-time Power(W)         : 110.6

	Chip Name                      : mcu
	Temperature(C)                 : 44
2026-09-06T09:07:39+08:00
	NPU ID                         : 6
	Chip Count                     : 1

	Process id:2033442 Process name:python            Process memory(MB):7364
	Chip ID                        : 0

	NPU ID                         : 6
	Chip Count                     : 1

	Chip ID                        : 0
	Memory Usage Rate(%)           : 0
	HBM Usage Rate(%)              : 16
	Aicore Usage Rate(%)           : 0
	Aicore Freq(MHZ)               : 1800
	Aicore curFreq(MHZ)            : 1800
	Aicore Count                   : 24
	Temperature(C)                 : 48
	NPU Real-time Power(W)         : 110.6

	Chip Name                      : mcu
	Temperature(C)                 : 44
2026-09-06T09:07:46+08:00
	NPU ID                         : 6
	Chip Count                     : 1

	No process in device.
	Chip ID                        : 0

	NPU ID                         : 6
	Chip Count                     : 1

	Chip ID                        : 0
	Memory Usage Rate(%)           : 0
	HBM Usage Rate(%)              : 5
	Aicore Usage Rate(%)           : 0
	Aicore Freq(MHZ)               : 1800
	Aicore curFreq(MHZ)            : 1800
	Aicore Count                   : 24
	Temperature(C)                 : 48
	NPU Real-time Power(W)         : 111.1

	Chip Name                      : mcu
	Temperature(C)                 : 44
2026-09-06T09:07:52+08:00
	NPU ID                         : 6
	Chip Count                     : 1

	No process in device.
	Chip ID                        : 0

	NPU ID                         : 6
	Chip Count                     : 1

	Chip ID                        : 0
	Memory Usage Rate(%)           : 0
	HBM Usage Rate(%)              : 5
	Aicore Usage Rate(%)           : 0
	Aicore Freq(MHZ)               : 1800
	Aicore curFreq(MHZ)            : 1800
	Aicore Count                   : 24
	Temperature(C)                 : 48
	NPU Real-time Power(W)         : 110.9

	Chip Name                      : mcu
	Temperature(C)                 : 44
2026-09-06T09:07:58+08:00
	NPU ID                         : 6
	Chip Count                     : 1

	No process in device.
	Chip ID                        : 0

	NPU ID                         : 6
	Chip Count                     : 1

	Chip ID                        : 0
	Memory Usage Rate(%)           : 0
	HBM Usage Rate(%)              : 5
	Aicore Usage Rate(%)           : 0
	Aicore Freq(MHZ)               : 1800
	Aicore curFreq(MHZ)            : 1800
	Aicore Count                   : 24
	Temperature(C)                 : 48
	NPU Real-time Power(W)         : 110.9

	Chip Name                      : mcu
	Temperature(C)                 : 44
2026-09-06T09:08:04+08:00
	NPU ID                         : 6
	Chip Count                     : 1

	No process in device.
	Chip ID                        : 0

	NPU ID                         : 6
	Chip Count                     : 1

	Chip ID                        : 0
	Memory Usage Rate(%)           : 0
	HBM Usage Rate(%)              : 5
	Aicore Usage Rate(%)           : 0
	Aicore Freq(MHZ)               : 1800
	Aicore curFreq(MHZ)            : 1800
	Aicore Count                   : 24
	Temperature(C)                 : 48
	NPU Real-time Power(W)         : 110.8

	Chip Name                      : mcu
	Temperature(C)                 : 44
2026-09-06T09:08:10+08:00
	NPU ID                         : 6
	Chip Count                     : 1

	No process in device.
	Chip ID                        : 0

	NPU ID                         : 6
	Chip Count                     : 1

	Chip ID                        : 0
	Memory Usage Rate(%)           : 0
	HBM Usage Rate(%)              : 5
	Aicore Usage Rate(%)           : 0
	Aicore Freq(MHZ)               : 1800
	Aicore curFreq(MHZ)            : 1800
	Aicore Count                   : 24
	Temperature(C)                 : 49
	NPU Real-time Power(W)         : 110.9

	Chip Name                      : mcu
	Temperature(C)                 : 43
2026-09-06T09:08:16+08:00
	NPU ID                         : 6
	Chip Count                     : 1

	No process in device.
	Chip ID                        : 0

	NPU ID                         : 6
	Chip Count                     : 1

	Chip ID                        : 0
	Memory Usage Rate(%)           : 0
	HBM Usage Rate(%)              : 5
	Aicore Usage Rate(%)           : 0
	Aicore Freq(MHZ)               : 1800
	Aicore curFreq(MHZ)            : 1800
	Aicore Count                   : 24
	Temperature(C)                 : 49
	NPU Real-time Power(W)         : 111.1

	Chip Name                      : mcu
	Temperature(C)                 : 43
2026-09-06T09:08:22+08:00
	NPU ID                         : 6
	Chip Count                     : 1

	No process in device.
	Chip ID                        : 0

	NPU ID                         : 6
	Chip Count                     : 1

	Chip ID                        : 0
	Memory Usage Rate(%)           : 0
	HBM Usage Rate(%)              : 5
	Aicore Usage Rate(%)           : 0
	Aicore Freq(MHZ)               : 1800
	Aicore curFreq(MHZ)            : 1800
	Aicore Count                   : 24
	Temperature(C)                 : 48
	NPU Real-time Power(W)         : 110.3

	Chip Name                      : mcu
	Temperature(C)                 : 43
2026-09-06T09:08:28+08:00
	NPU ID                         : 6
	Chip Count                     : 1

	No process in device.
	Chip ID                        : 0

	NPU ID                         : 6
	Chip Count                     : 1

	Chip ID                        : 0
	Memory Usage Rate(%)           : 0
	HBM Usage Rate(%)              : 5
	Aicore Usage Rate(%)           : 0
	Aicore Freq(MHZ)               : 1800
	Aicore curFreq(MHZ)            : 1800
	Aicore Count                   : 24
	Temperature(C)                 : 48
	NPU Real-time Power(W)         : 110.6

	Chip Name                      : mcu
	Temperature(C)                 : 43
2026-09-06T09:08:34+08:00
	NPU ID                         : 6
	Chip Count                     : 1

	No process in device.
	Chip ID                        : 0

	NPU ID                         : 6
	Chip Count                     : 1

	Chip ID                        : 0
	Memory Usage Rate(%)           : 0
	HBM Usage Rate(%)              : 5
	Aicore Usage Rate(%)           : 0
	Aicore Freq(MHZ)               : 1800
	Aicore curFreq(MHZ)            : 1800
	Aicore Count                   : 24
	Temperature(C)                 : 48
	NPU Real-time Power(W)         : 110.6

	Chip Name                      : mcu
	Temperature(C)                 : 43
2026-09-06T09:08:40+08:00
	NPU ID                         : 6
	Chip Count                     : 1

	No process in device.
	Chip ID                        : 0

	NPU ID                         : 6
	Chip Count                     : 1

	Chip ID                        : 0
	Memory Usage Rate(%)           : 0
	HBM Usage Rate(%)              : 5
	Aicore Usage Rate(%)           : 0
	Aicore Freq(MHZ)               : 1800
	Aicore curFreq(MHZ)            : 1800
	Aicore Count                   : 24
	Temperature(C)                 : 48
	NPU Real-time Power(W)         : 110.9

	Chip Name                      : mcu
	Temperature(C)                 : 43
2026-09-06T09:08:47+08:00
	NPU ID                         : 6
	Chip Count                     : 1

	Process id:2037247 Process name:python            Process memory(MB):105
	Chip ID                        : 0

	NPU ID                         : 6
	Chip Count                     : 1

	Chip ID                        : 0
	Memory Usage Rate(%)           : 0
	HBM Usage Rate(%)              : 5
	Aicore Usage Rate(%)           : 0
	Aicore Freq(MHZ)               : 1800
	Aicore curFreq(MHZ)            : 1800
	Aicore Count                   : 24
	Temperature(C)                 : 48
	NPU Real-time Power(W)         : 110.3

	Chip Name                      : mcu
	Temperature(C)                 : 43
2026-09-06T09:08:53+08:00
	NPU ID                         : 6
	Chip Count                     : 1

	Process id:2037247 Process name:python            Process memory(MB):3855
	Chip ID                        : 0

	NPU ID                         : 6
	Chip Count                     : 1

	Chip ID                        : 0
	Memory Usage Rate(%)           : 0
	HBM Usage Rate(%)              : 11
	Aicore Usage Rate(%)           : 0
	Aicore Freq(MHZ)               : 1800
	Aicore curFreq(MHZ)            : 1800
	Aicore Count                   : 24
	Temperature(C)                 : 48
	NPU Real-time Power(W)         : 110.6

	Chip Name                      : mcu
	Temperature(C)                 : 43
2026-09-06T09:08:59+08:00
	NPU ID                         : 6
	Chip Count                     : 1

	Process id:2037247 Process name:python            Process memory(MB):3855
	Chip ID                        : 0

	NPU ID                         : 6
	Chip Count                     : 1

	Chip ID                        : 0
	Memory Usage Rate(%)           : 0
	HBM Usage Rate(%)              : 11
	Aicore Usage Rate(%)           : 0
	Aicore Freq(MHZ)               : 1800
	Aicore curFreq(MHZ)            : 1800
	Aicore Count                   : 24
	Temperature(C)                 : 48
	NPU Real-time Power(W)         : 111.0

	Chip Name                      : mcu
	Temperature(C)                 : 43
2026-09-06T09:09:05+08:00
	NPU ID                         : 6
	Chip Count                     : 1

	Process id:2037247 Process name:python            Process memory(MB):4169
	Chip ID                        : 0

	NPU ID                         : 6
	Chip Count                     : 1

	Chip ID                        : 0
	Memory Usage Rate(%)           : 0
	HBM Usage Rate(%)              : 11
	Aicore Usage Rate(%)           : 0
	Aicore Freq(MHZ)               : 1800
	Aicore curFreq(MHZ)            : 1800
	Aicore Count                   : 24
	Temperature(C)                 : 48
	NPU Real-time Power(W)         : 111.6

	Chip Name                      : mcu
	Temperature(C)                 : 43
2026-09-06T09:09:11+08:00
	NPU ID                         : 6
	Chip Count                     : 1

	Process id:2037247 Process name:python            Process memory(MB):4363
	Chip ID                        : 0

	NPU ID                         : 6
	Chip Count                     : 1

	Chip ID                        : 0
	Memory Usage Rate(%)           : 0
	HBM Usage Rate(%)              : 11
	Aicore Usage Rate(%)           : 0
	Aicore Freq(MHZ)               : 1800
	Aicore curFreq(MHZ)            : 1800
	Aicore Count                   : 24
	Temperature(C)                 : 49
	NPU Real-time Power(W)         : 110.7

	Chip Name                      : mcu
	Temperature(C)                 : 43
2026-09-06T09:09:17+08:00
	NPU ID                         : 6
	Chip Count                     : 1

	Process id:2037247 Process name:python            Process memory(MB):4363
	Chip ID                        : 0

	NPU ID                         : 6
	Chip Count                     : 1

	Chip ID                        : 0
	Memory Usage Rate(%)           : 0
	HBM Usage Rate(%)              : 11
	Aicore Usage Rate(%)           : 0
	Aicore Freq(MHZ)               : 1800
	Aicore curFreq(MHZ)            : 1800
	Aicore Count                   : 24
	Temperature(C)                 : 49
	NPU Real-time Power(W)         : 110.3

	Chip Name                      : mcu
	Temperature(C)                 : 43
2026-09-06T09:09:23+08:00
	NPU ID                         : 6
	Chip Count                     : 1

	Process id:2037247 Process name:python            Process memory(MB):4363
	Chip ID                        : 0

	NPU ID                         : 6
	Chip Count                     : 1

	Chip ID                        : 0
	Memory Usage Rate(%)           : 0
	HBM Usage Rate(%)              : 11
	Aicore Usage Rate(%)           : 0
	Aicore Freq(MHZ)               : 1800
	Aicore curFreq(MHZ)            : 1800
	Aicore Count                   : 24
	Temperature(C)                 : 48
	NPU Real-time Power(W)         : 110.3

	Chip Name                      : mcu
	Temperature(C)                 : 43
2026-09-06T09:09:29+08:00
	NPU ID                         : 6
	Chip Count                     : 1

	Process id:2037247 Process name:python            Process memory(MB):4363
	Chip ID                        : 0

	NPU ID                         : 6
	Chip Count                     : 1

	Chip ID                        : 0
	Memory Usage Rate(%)           : 0
	HBM Usage Rate(%)              : 11
	Aicore Usage Rate(%)           : 0
	Aicore Freq(MHZ)               : 1800
	Aicore curFreq(MHZ)            : 1800
	Aicore Count                   : 24
	Temperature(C)                 : 48
	NPU Real-time Power(W)         : 110.2

	Chip Name                      : mcu
	Temperature(C)                 : 43
2026-09-06T09:09:35+08:00
	NPU ID                         : 6
	Chip Count                     : 1

	Process id:2037247 Process name:python            Process memory(MB):4363
	Chip ID                        : 0

	NPU ID                         : 6
	Chip Count                     : 1

	Chip ID                        : 0
	Memory Usage Rate(%)           : 0
	HBM Usage Rate(%)              : 11
	Aicore Usage Rate(%)           : 0
	Aicore Freq(MHZ)               : 1800
	Aicore curFreq(MHZ)            : 1800
	Aicore Count                   : 24
	Temperature(C)                 : 48
	NPU Real-time Power(W)         : 110.4

	Chip Name                      : mcu
	Temperature(C)                 : 43
2026-09-06T09:09:41+08:00
	NPU ID                         : 6
	Chip Count                     : 1

	Process id:2037247 Process name:python            Process memory(MB):4363
	Chip ID                        : 0

	NPU ID                         : 6
	Chip Count                     : 1

	Chip ID                        : 0
	Memory Usage Rate(%)           : 0
	HBM Usage Rate(%)              : 11
	Aicore Usage Rate(%)           : 0
	Aicore Freq(MHZ)               : 1800
	Aicore curFreq(MHZ)            : 1800
	Aicore Count                   : 24
	Temperature(C)                 : 48
	NPU Real-time Power(W)         : 110.5

	Chip Name                      : mcu
	Temperature(C)                 : 43
2026-09-06T09:09:48+08:00
	NPU ID                         : 6
	Chip Count                     : 1

	Process id:2037247 Process name:python            Process memory(MB):4363
	Chip ID                        : 0

	NPU ID                         : 6
	Chip Count                     : 1

	Chip ID                        : 0
	Memory Usage Rate(%)           : 0
	HBM Usage Rate(%)              : 11
	Aicore Usage Rate(%)           : 0
	Aicore Freq(MHZ)               : 1800
	Aicore curFreq(MHZ)            : 1800
	Aicore Count                   : 24
	Temperature(C)                 : 47
	NPU Real-time Power(W)         : 110.3

	Chip Name                      : mcu
	Temperature(C)                 : 43
2026-09-06T09:09:54+08:00
	NPU ID                         : 6
	Chip Count                     : 1

	Process id:2037247 Process name:python            Process memory(MB):4363
	Chip ID                        : 0

	NPU ID                         : 6
	Chip Count                     : 1

	Chip ID                        : 0
	Memory Usage Rate(%)           : 0
	HBM Usage Rate(%)              : 11
	Aicore Usage Rate(%)           : 0
	Aicore Freq(MHZ)               : 1800
	Aicore curFreq(MHZ)            : 1800
	Aicore Count                   : 24
	Temperature(C)                 : 49
	NPU Real-time Power(W)         : 110.6

	Chip Name                      : mcu
	Temperature(C)                 : 43
2026-09-06T09:10:00+08:00
	NPU ID                         : 6
	Chip Count                     : 1

	Process id:2037247 Process name:python            Process memory(MB):4365
	Chip ID                        : 0

	NPU ID                         : 6
	Chip Count                     : 1

	Chip ID                        : 0
	Memory Usage Rate(%)           : 0
	HBM Usage Rate(%)              : 15
	Aicore Usage Rate(%)           : 0
	Aicore Freq(MHZ)               : 1800
	Aicore curFreq(MHZ)            : 1800
	Aicore Count                   : 24
	Temperature(C)                 : 49
	NPU Real-time Power(W)         : 110.6

	Chip Name                      : mcu
	Temperature(C)                 : 43
2026-09-06T09:10:06+08:00
	NPU ID                         : 6
	Chip Count                     : 1

	Process id:2037247 Process name:python            Process memory(MB):7111
	Chip ID                        : 0

	NPU ID                         : 6
	Chip Count                     : 1

	Chip ID                        : 0
	Memory Usage Rate(%)           : 0
	HBM Usage Rate(%)              : 15
	Aicore Usage Rate(%)           : 0
	Aicore Freq(MHZ)               : 1800
	Aicore curFreq(MHZ)            : 1800
	Aicore Count                   : 24
	Temperature(C)                 : 49
	NPU Real-time Power(W)         : 110.4

	Chip Name                      : mcu
	Temperature(C)                 : 43
2026-09-06T09:10:12+08:00
	NPU ID                         : 6
	Chip Count                     : 1

	Process id:2037247 Process name:python            Process memory(MB):7111
	Chip ID                        : 0

	NPU ID                         : 6
	Chip Count                     : 1

	Chip ID                        : 0
	Memory Usage Rate(%)           : 0
	HBM Usage Rate(%)              : 15
	Aicore Usage Rate(%)           : 0
	Aicore Freq(MHZ)               : 1800
	Aicore curFreq(MHZ)            : 1800
	Aicore Count                   : 24
	Temperature(C)                 : 49
	NPU Real-time Power(W)         : 110.1

	Chip Name                      : mcu
	Temperature(C)                 : 43
2026-09-06T09:10:18+08:00
	NPU ID                         : 6
	Chip Count                     : 1

	Process id:2037247 Process name:python            Process memory(MB):7111
	Chip ID                        : 0

	NPU ID                         : 6
	Chip Count                     : 1

	Chip ID                        : 0
	Memory Usage Rate(%)           : 0
	HBM Usage Rate(%)              : 15
	Aicore Usage Rate(%)           : 0
	Aicore Freq(MHZ)               : 1800
	Aicore curFreq(MHZ)            : 1800
	Aicore Count                   : 24
	Temperature(C)                 : 49
	NPU Real-time Power(W)         : 110.6

	Chip Name                      : mcu
	Temperature(C)                 : 43
2026-09-06T09:10:24+08:00
	NPU ID                         : 6
	Chip Count                     : 1

	Process id:2037247 Process name:python            Process memory(MB):7111
	Chip ID                        : 0

	NPU ID                         : 6
	Chip Count                     : 1

	Chip ID                        : 0
	Memory Usage Rate(%)           : 0
	HBM Usage Rate(%)              : 15
	Aicore Usage Rate(%)           : 0
	Aicore Freq(MHZ)               : 1800
	Aicore curFreq(MHZ)            : 1800
	Aicore Count                   : 24
	Temperature(C)                 : 49
	NPU Real-time Power(W)         : 110.8

	Chip Name                      : mcu
	Temperature(C)                 : 43
2026-09-06T09:10:30+08:00
	NPU ID                         : 6
	Chip Count                     : 1

	Process id:2037247 Process name:python            Process memory(MB):7111
	Chip ID                        : 0

	NPU ID                         : 6
	Chip Count                     : 1

	Chip ID                        : 0
	Memory Usage Rate(%)           : 0
	HBM Usage Rate(%)              : 15
	Aicore Usage Rate(%)           : 0
	Aicore Freq(MHZ)               : 1800
	Aicore curFreq(MHZ)            : 1800
	Aicore Count                   : 24
	Temperature(C)                 : 49
	NPU Real-time Power(W)         : 110.6

	Chip Name                      : mcu
	Temperature(C)                 : 43
2026-09-06T09:10:36+08:00
	NPU ID                         : 6
	Chip Count                     : 1

	Process id:2037247 Process name:python            Process memory(MB):7111
	Chip ID                        : 0

	NPU ID                         : 6
	Chip Count                     : 1

	Chip ID                        : 0
	Memory Usage Rate(%)           : 0
	HBM Usage Rate(%)              : 15
	Aicore Usage Rate(%)           : 0
	Aicore Freq(MHZ)               : 1800
	Aicore curFreq(MHZ)            : 1800
	Aicore Count                   : 24
	Temperature(C)                 : 49
	NPU Real-time Power(W)         : 110.4

	Chip Name                      : mcu
	Temperature(C)                 : 43
2026-09-06T09:10:43+08:00
	NPU ID                         : 6
	Chip Count                     : 1

	Process id:2037247 Process name:python            Process memory(MB):7111
	Chip ID                        : 0

	NPU ID                         : 6
	Chip Count                     : 1

	Chip ID                        : 0
	Memory Usage Rate(%)           : 0
	HBM Usage Rate(%)              : 15
	Aicore Usage Rate(%)           : 0
	Aicore Freq(MHZ)               : 1800
	Aicore curFreq(MHZ)            : 1800
	Aicore Count                   : 24
	Temperature(C)                 : 49
	NPU Real-time Power(W)         : 110.8

	Chip Name                      : mcu
	Temperature(C)                 : 43
2026-09-06T09:10:49+08:00
	NPU ID                         : 6
	Chip Count                     : 1

	Process id:2037247 Process name:python            Process memory(MB):7111
	Chip ID                        : 0

	NPU ID                         : 6
	Chip Count                     : 1

	Chip ID                        : 0
	Memory Usage Rate(%)           : 0
	HBM Usage Rate(%)              : 15
	Aicore Usage Rate(%)           : 0
	Aicore Freq(MHZ)               : 1800
	Aicore curFreq(MHZ)            : 1800
	Aicore Count                   : 24
	Temperature(C)                 : 49
	NPU Real-time Power(W)         : 110.7

	Chip Name                      : mcu
	Temperature(C)                 : 43
2026-09-06T09:10:55+08:00
	NPU ID                         : 6
	Chip Count                     : 1

	Process id:2037247 Process name:python            Process memory(MB):7111
	Chip ID                        : 0

	NPU ID                         : 6
	Chip Count                     : 1

	Chip ID                        : 0
	Memory Usage Rate(%)           : 0
	HBM Usage Rate(%)              : 15
	Aicore Usage Rate(%)           : 0
	Aicore Freq(MHZ)               : 1800
	Aicore curFreq(MHZ)            : 1800
	Aicore Count                   : 24
	Temperature(C)                 : 49
	NPU Real-time Power(W)         : 110.7

	Chip Name                      : mcu
	Temperature(C)                 : 43
2026-09-06T09:11:01+08:00
	NPU ID                         : 6
	Chip Count                     : 1

	Process id:2037247 Process name:python            Process memory(MB):7111
	Chip ID                        : 0

	NPU ID                         : 6
	Chip Count                     : 1

	Chip ID                        : 0
	Memory Usage Rate(%)           : 0
	HBM Usage Rate(%)              : 15
	Aicore Usage Rate(%)           : 0
	Aicore Freq(MHZ)               : 1800
	Aicore curFreq(MHZ)            : 1800
	Aicore Count                   : 24
	Temperature(C)                 : 49
	NPU Real-time Power(W)         : 110.7

	Chip Name                      : mcu
	Temperature(C)                 : 43
2026-09-06T09:11:07+08:00
	NPU ID                         : 6
	Chip Count                     : 1

	Process id:2037247 Process name:python            Process memory(MB):7111
	Chip ID                        : 0

	NPU ID                         : 6
	Chip Count                     : 1

	Chip ID                        : 0
	Memory Usage Rate(%)           : 0
	HBM Usage Rate(%)              : 15
	Aicore Usage Rate(%)           : 0
	Aicore Freq(MHZ)               : 1800
	Aicore curFreq(MHZ)            : 1800
	Aicore Count                   : 24
	Temperature(C)                 : 49
	NPU Real-time Power(W)         : 110.6

	Chip Name                      : mcu
	Temperature(C)                 : 43
2026-09-06T09:11:13+08:00
	NPU ID                         : 6
	Chip Count                     : 1

	Process id:2037247 Process name:python            Process memory(MB):7111
	Chip ID                        : 0

	NPU ID                         : 6
	Chip Count                     : 1

	Chip ID                        : 0
	Memory Usage Rate(%)           : 0
	HBM Usage Rate(%)              : 15
	Aicore Usage Rate(%)           : 0
	Aicore Freq(MHZ)               : 1800
	Aicore curFreq(MHZ)            : 1800
	Aicore Count                   : 24
	Temperature(C)                 : 49
	NPU Real-time Power(W)         : 110.6

	Chip Name                      : mcu
	Temperature(C)                 : 43
2026-09-06T09:11:19+08:00
	NPU ID                         : 6
	Chip Count                     : 1

	Process id:2037247 Process name:python            Process memory(MB):7111
	Chip ID                        : 0

	NPU ID                         : 6
	Chip Count                     : 1

	Chip ID                        : 0
	Memory Usage Rate(%)           : 0
	HBM Usage Rate(%)              : 15
	Aicore Usage Rate(%)           : 0
	Aicore Freq(MHZ)               : 1800
	Aicore curFreq(MHZ)            : 1800
	Aicore Count                   : 24
	Temperature(C)                 : 49
	NPU Real-time Power(W)         : 110.3

	Chip Name                      : mcu
	Temperature(C)                 : 43
2026-09-06T09:11:25+08:00
	NPU ID                         : 6
	Chip Count                     : 1

	Process id:2037247 Process name:python            Process memory(MB):7111
	Chip ID                        : 0

	NPU ID                         : 6
	Chip Count                     : 1

	Chip ID                        : 0
	Memory Usage Rate(%)           : 0
	HBM Usage Rate(%)              : 15
	Aicore Usage Rate(%)           : 0
	Aicore Freq(MHZ)               : 1800
	Aicore curFreq(MHZ)            : 1800
	Aicore Count                   : 24
	Temperature(C)                 : 49
	NPU Real-time Power(W)         : 110.7

	Chip Name                      : mcu
	Temperature(C)                 : 43
2026-09-06T09:11:31+08:00
	NPU ID                         : 6
	Chip Count                     : 1

	Process id:2037247 Process name:python            Process memory(MB):7143
	Chip ID                        : 0

	NPU ID                         : 6
	Chip Count                     : 1

	Chip ID                        : 0
	Memory Usage Rate(%)           : 0
	HBM Usage Rate(%)              : 16
	Aicore Usage Rate(%)           : 0
	Aicore Freq(MHZ)               : 1800
	Aicore curFreq(MHZ)            : 1800
	Aicore Count                   : 24
	Temperature(C)                 : 49
	NPU Real-time Power(W)         : 111.0

	Chip Name                      : mcu
	Temperature(C)                 : 43
2026-09-06T09:11:37+08:00
	NPU ID                         : 6
	Chip Count                     : 1

	Process id:2037247 Process name:python            Process memory(MB):7143
	Chip ID                        : 0

	NPU ID                         : 6
	Chip Count                     : 1

	Chip ID                        : 0
	Memory Usage Rate(%)           : 0
	HBM Usage Rate(%)              : 16
	Aicore Usage Rate(%)           : 0
	Aicore Freq(MHZ)               : 1800
	Aicore curFreq(MHZ)            : 1800
	Aicore Count                   : 24
	Temperature(C)                 : 49
	NPU Real-time Power(W)         : 111.1

	Chip Name                      : mcu
	Temperature(C)                 : 43
2026-09-06T09:11:44+08:00
	NPU ID                         : 6
	Chip Count                     : 1

	Process id:2037247 Process name:python            Process memory(MB):7143
	Chip ID                        : 0

	NPU ID                         : 6
	Chip Count                     : 1

	Chip ID                        : 0
	Memory Usage Rate(%)           : 0
	HBM Usage Rate(%)              : 16
	Aicore Usage Rate(%)           : 0
	Aicore Freq(MHZ)               : 1800
	Aicore curFreq(MHZ)            : 1800
	Aicore Count                   : 24
	Temperature(C)                 : 49
	NPU Real-time Power(W)         : 110.5

	Chip Name                      : mcu
	Temperature(C)                 : 43
2026-09-06T09:11:50+08:00
	NPU ID                         : 6
	Chip Count                     : 1

	Process id:2037247 Process name:python            Process memory(MB):7143
	Chip ID                        : 0

	NPU ID                         : 6
	Chip Count                     : 1

	Chip ID                        : 0
	Memory Usage Rate(%)           : 0
	HBM Usage Rate(%)              : 16
	Aicore Usage Rate(%)           : 57
	Aicore Freq(MHZ)               : 1800
	Aicore curFreq(MHZ)            : 1800
	Aicore Count                   : 24
	Temperature(C)                 : 52
	NPU Real-time Power(W)         : 223.6

	Chip Name                      : mcu
	Temperature(C)                 : 43
2026-09-06T09:11:56+08:00
	NPU ID                         : 6
	Chip Count                     : 1

	Process id:2037247 Process name:python            Process memory(MB):7143
	Chip ID                        : 0

	NPU ID                         : 6
	Chip Count                     : 1

	Chip ID                        : 0
	Memory Usage Rate(%)           : 0
	HBM Usage Rate(%)              : 16
	Aicore Usage Rate(%)           : 50
	Aicore Freq(MHZ)               : 1800
	Aicore curFreq(MHZ)            : 1800
	Aicore Count                   : 24
	Temperature(C)                 : 53
	NPU Real-time Power(W)         : 198.7

	Chip Name                      : mcu
	Temperature(C)                 : 44
2026-09-06T09:12:02+08:00
	NPU ID                         : 6
	Chip Count                     : 1

	Process id:2037247 Process name:python            Process memory(MB):7143
	Chip ID                        : 0

	NPU ID                         : 6
	Chip Count                     : 1

	Chip ID                        : 0
	Memory Usage Rate(%)           : 0
	HBM Usage Rate(%)              : 16
	Aicore Usage Rate(%)           : 42
	Aicore Freq(MHZ)               : 1800
	Aicore curFreq(MHZ)            : 1800
	Aicore Count                   : 24
	Temperature(C)                 : 51
	NPU Real-time Power(W)         : 192.8

	Chip Name                      : mcu
	Temperature(C)                 : 44
2026-09-06T09:12:08+08:00
	NPU ID                         : 6
	Chip Count                     : 1

	Process id:2037247 Process name:python            Process memory(MB):7143
	Chip ID                        : 0

	NPU ID                         : 6
	Chip Count                     : 1

	Chip ID                        : 0
	Memory Usage Rate(%)           : 0
	HBM Usage Rate(%)              : 16
	Aicore Usage Rate(%)           : 0
	Aicore Freq(MHZ)               : 1800
	Aicore curFreq(MHZ)            : 1800
	Aicore Count                   : 24
	Temperature(C)                 : 49
	NPU Real-time Power(W)         : 111.0

	Chip Name                      : mcu
	Temperature(C)                 : 45
2026-09-06T09:12:14+08:00
	NPU ID                         : 6
	Chip Count                     : 1

	Process id:2037247 Process name:python            Process memory(MB):7143
	Chip ID                        : 0

	NPU ID                         : 6
	Chip Count                     : 1

	Chip ID                        : 0
	Memory Usage Rate(%)           : 0
	HBM Usage Rate(%)              : 16
	Aicore Usage Rate(%)           : 0
	Aicore Freq(MHZ)               : 1800
	Aicore curFreq(MHZ)            : 1800
	Aicore Count                   : 24
	Temperature(C)                 : 49
	NPU Real-time Power(W)         : 111.0

	Chip Name                      : mcu
	Temperature(C)                 : 45
2026-09-06T09:12:20+08:00
	NPU ID                         : 6
	Chip Count                     : 1

	Process id:2037247 Process name:python            Process memory(MB):7143
	Chip ID                        : 0

	NPU ID                         : 6
	Chip Count                     : 1

	Chip ID                        : 0
	Memory Usage Rate(%)           : 0
	HBM Usage Rate(%)              : 16
	Aicore Usage Rate(%)           : 0
	Aicore Freq(MHZ)               : 1800
	Aicore curFreq(MHZ)            : 1800
	Aicore Count                   : 24
	Temperature(C)                 : 48
	NPU Real-time Power(W)         : 110.6

	Chip Name                      : mcu
	Temperature(C)                 : 45
2026-09-06T09:12:26+08:00
	NPU ID                         : 6
	Chip Count                     : 1

	Process id:2037247 Process name:python            Process memory(MB):7143
	Chip ID                        : 0

	NPU ID                         : 6
	Chip Count                     : 1

	Chip ID                        : 0
	Memory Usage Rate(%)           : 0
	HBM Usage Rate(%)              : 16
	Aicore Usage Rate(%)           : 0
	Aicore Freq(MHZ)               : 1800
	Aicore curFreq(MHZ)            : 1800
	Aicore Count                   : 24
	Temperature(C)                 : 48
	NPU Real-time Power(W)         : 110.3

	Chip Name                      : mcu
	Temperature(C)                 : 44
2026-09-06T09:12:32+08:00
	NPU ID                         : 6
	Chip Count                     : 1

	Process id:2037247 Process name:python            Process memory(MB):7143
	Chip ID                        : 0

	NPU ID                         : 6
	Chip Count                     : 1

	Chip ID                        : 0
	Memory Usage Rate(%)           : 0
	HBM Usage Rate(%)              : 16
	Aicore Usage Rate(%)           : 0
	Aicore Freq(MHZ)               : 1800
	Aicore curFreq(MHZ)            : 1800
	Aicore Count                   : 24
	Temperature(C)                 : 48
	NPU Real-time Power(W)         : 110.7

	Chip Name                      : mcu
	Temperature(C)                 : 44
2026-09-06T09:12:38+08:00
	NPU ID                         : 6
	Chip Count                     : 1

	Process id:2037247 Process name:python            Process memory(MB):7143
	Chip ID                        : 0

	NPU ID                         : 6
	Chip Count                     : 1

	Chip ID                        : 0
	Memory Usage Rate(%)           : 0
	HBM Usage Rate(%)              : 16
	Aicore Usage Rate(%)           : 0
	Aicore Freq(MHZ)               : 1800
	Aicore curFreq(MHZ)            : 1800
	Aicore Count                   : 24
	Temperature(C)                 : 48
	NPU Real-time Power(W)         : 110.5

	Chip Name                      : mcu
	Temperature(C)                 : 44
2026-09-06T09:12:45+08:00
	NPU ID                         : 6
	Chip Count                     : 1

	Process id:2037247 Process name:python            Process memory(MB):7143
	Chip ID                        : 0

	NPU ID                         : 6
	Chip Count                     : 1

	Chip ID                        : 0
	Memory Usage Rate(%)           : 0
	HBM Usage Rate(%)              : 16
	Aicore Usage Rate(%)           : 0
	Aicore Freq(MHZ)               : 1800
	Aicore curFreq(MHZ)            : 1800
	Aicore Count                   : 24
	Temperature(C)                 : 48
	NPU Real-time Power(W)         : 110.1

	Chip Name                      : mcu
	Temperature(C)                 : 44
2026-09-06T09:12:51+08:00
	NPU ID                         : 6
	Chip Count                     : 1

	Process id:2037247 Process name:python            Process memory(MB):7143
	Chip ID                        : 0

	NPU ID                         : 6
	Chip Count                     : 1

	Chip ID                        : 0
	Memory Usage Rate(%)           : 0
	HBM Usage Rate(%)              : 16
	Aicore Usage Rate(%)           : 0
	Aicore Freq(MHZ)               : 1800
	Aicore curFreq(MHZ)            : 1800
	Aicore Count                   : 24
	Temperature(C)                 : 48
	NPU Real-time Power(W)         : 110.3

	Chip Name                      : mcu
	Temperature(C)                 : 44
2026-09-06T09:12:57+08:00
	NPU ID                         : 6
	Chip Count                     : 1

	Process id:2037247 Process name:python            Process memory(MB):7143
	Chip ID                        : 0

	NPU ID                         : 6
	Chip Count                     : 1

	Chip ID                        : 0
	Memory Usage Rate(%)           : 0
	HBM Usage Rate(%)              : 16
	Aicore Usage Rate(%)           : 0
	Aicore Freq(MHZ)               : 1800
	Aicore curFreq(MHZ)            : 1800
	Aicore Count                   : 24
	Temperature(C)                 : 48
	NPU Real-time Power(W)         : 110.3

	Chip Name                      : mcu
	Temperature(C)                 : 44
2026-09-06T09:13:03+08:00
	NPU ID                         : 6
	Chip Count                     : 1

	Process id:2037247 Process name:python            Process memory(MB):7143
	Chip ID                        : 0

	NPU ID                         : 6
	Chip Count                     : 1

	Chip ID                        : 0
	Memory Usage Rate(%)           : 0
	HBM Usage Rate(%)              : 16
	Aicore Usage Rate(%)           : 0
	Aicore Freq(MHZ)               : 1800
	Aicore curFreq(MHZ)            : 1800
	Aicore Count                   : 24
	Temperature(C)                 : 48
	NPU Real-time Power(W)         : 110.0

	Chip Name                      : mcu
	Temperature(C)                 : 43
2026-09-06T09:13:09+08:00
	NPU ID                         : 6
	Chip Count                     : 1

	Process id:2037247 Process name:python            Process memory(MB):7143
	Chip ID                        : 0

	NPU ID                         : 6
	Chip Count                     : 1

	Chip ID                        : 0
	Memory Usage Rate(%)           : 0
	HBM Usage Rate(%)              : 16
	Aicore Usage Rate(%)           : 0
	Aicore Freq(MHZ)               : 1800
	Aicore curFreq(MHZ)            : 1800
	Aicore Count                   : 24
	Temperature(C)                 : 48
	NPU Real-time Power(W)         : 110.5

	Chip Name                      : mcu
	Temperature(C)                 : 43
2026-09-06T09:13:15+08:00
	NPU ID                         : 6
	Chip Count                     : 1

	Process id:2037247 Process name:python            Process memory(MB):7143
	Chip ID                        : 0

	NPU ID                         : 6
	Chip Count                     : 1

	Chip ID                        : 0
	Memory Usage Rate(%)           : 0
	HBM Usage Rate(%)              : 16
	Aicore Usage Rate(%)           : 0
	Aicore Freq(MHZ)               : 1800
	Aicore curFreq(MHZ)            : 1800
	Aicore Count                   : 24
	Temperature(C)                 : 48
	NPU Real-time Power(W)         : 110.5

	Chip Name                      : mcu
	Temperature(C)                 : 43
2026-09-06T09:13:21+08:00
	NPU ID                         : 6
	Chip Count                     : 1

	Process id:2037247 Process name:python            Process memory(MB):7143
	Chip ID                        : 0

	NPU ID                         : 6
	Chip Count                     : 1

	Chip ID                        : 0
	Memory Usage Rate(%)           : 0
	HBM Usage Rate(%)              : 16
	Aicore Usage Rate(%)           : 0
	Aicore Freq(MHZ)               : 1800
	Aicore curFreq(MHZ)            : 1800
	Aicore Count                   : 24
	Temperature(C)                 : 49
	NPU Real-time Power(W)         : 110.5

	Chip Name                      : mcu
	Temperature(C)                 : 43
2026-09-06T09:13:27+08:00
	NPU ID                         : 6
	Chip Count                     : 1

	Process id:2037247 Process name:python            Process memory(MB):7143
	Chip ID                        : 0

	NPU ID                         : 6
	Chip Count                     : 1

	Chip ID                        : 0
	Memory Usage Rate(%)           : 0
	HBM Usage Rate(%)              : 16
	Aicore Usage Rate(%)           : 0
	Aicore Freq(MHZ)               : 1800
	Aicore curFreq(MHZ)            : 1800
	Aicore Count                   : 24
	Temperature(C)                 : 49
	NPU Real-time Power(W)         : 110.7

	Chip Name                      : mcu
	Temperature(C)                 : 43
2026-09-06T09:13:33+08:00
	NPU ID                         : 6
	Chip Count                     : 1

	Process id:2037247 Process name:python            Process memory(MB):7143
	Chip ID                        : 0

	NPU ID                         : 6
	Chip Count                     : 1

	Chip ID                        : 0
	Memory Usage Rate(%)           : 0
	HBM Usage Rate(%)              : 16
	Aicore Usage Rate(%)           : 0
	Aicore Freq(MHZ)               : 1800
	Aicore curFreq(MHZ)            : 1800
	Aicore Count                   : 24
	Temperature(C)                 : 49
	NPU Real-time Power(W)         : 110.8

	Chip Name                      : mcu
	Temperature(C)                 : 43
2026-09-06T09:13:39+08:00
	NPU ID                         : 6
	Chip Count                     : 1

	Process id:2037247 Process name:python            Process memory(MB):7143
	Chip ID                        : 0

	NPU ID                         : 6
	Chip Count                     : 1

	Chip ID                        : 0
	Memory Usage Rate(%)           : 0
	HBM Usage Rate(%)              : 16
	Aicore Usage Rate(%)           : 0
	Aicore Freq(MHZ)               : 1800
	Aicore curFreq(MHZ)            : 1800
	Aicore Count                   : 24
	Temperature(C)                 : 49
	NPU Real-time Power(W)         : 110.7

	Chip Name                      : mcu
	Temperature(C)                 : 43
2026-09-06T09:13:46+08:00
	NPU ID                         : 6
	Chip Count                     : 1

	Process id:2037247 Process name:python            Process memory(MB):7143
	Chip ID                        : 0

	NPU ID                         : 6
	Chip Count                     : 1

	Chip ID                        : 0
	Memory Usage Rate(%)           : 0
	HBM Usage Rate(%)              : 16
	Aicore Usage Rate(%)           : 0
	Aicore Freq(MHZ)               : 1800
	Aicore curFreq(MHZ)            : 1800
	Aicore Count                   : 24
	Temperature(C)                 : 49
	NPU Real-time Power(W)         : 111.0

	Chip Name                      : mcu
	Temperature(C)                 : 43
2026-09-06T09:13:52+08:00
	NPU ID                         : 6
	Chip Count                     : 1

	Process id:2037247 Process name:python            Process memory(MB):7143
	Chip ID                        : 0

	NPU ID                         : 6
	Chip Count                     : 1

	Chip ID                        : 0
	Memory Usage Rate(%)           : 0
	HBM Usage Rate(%)              : 16
	Aicore Usage Rate(%)           : 0
	Aicore Freq(MHZ)               : 1800
	Aicore curFreq(MHZ)            : 1800
	Aicore Count                   : 24
	Temperature(C)                 : 48
	NPU Real-time Power(W)         : 111.0

	Chip Name                      : mcu
	Temperature(C)                 : 43
2026-09-06T09:13:58+08:00
	NPU ID                         : 6
	Chip Count                     : 1

	Process id:2037247 Process name:python            Process memory(MB):7143
	Chip ID                        : 0

	NPU ID                         : 6
	Chip Count                     : 1

	Chip ID                        : 0
	Memory Usage Rate(%)           : 0
	HBM Usage Rate(%)              : 16
	Aicore Usage Rate(%)           : 0
	Aicore Freq(MHZ)               : 1800
	Aicore curFreq(MHZ)            : 1800
	Aicore Count                   : 24
	Temperature(C)                 : 48
	NPU Real-time Power(W)         : 111.1

	Chip Name                      : mcu
	Temperature(C)                 : 43
2026-09-06T09:14:04+08:00
	NPU ID                         : 6
	Chip Count                     : 1

	Process id:2037247 Process name:python            Process memory(MB):7143
	Chip ID                        : 0

	NPU ID                         : 6
	Chip Count                     : 1

	Chip ID                        : 0
	Memory Usage Rate(%)           : 0
	HBM Usage Rate(%)              : 16
	Aicore Usage Rate(%)           : 37
	Aicore Freq(MHZ)               : 1800
	Aicore curFreq(MHZ)            : 1800
	Aicore Count                   : 24
	Temperature(C)                 : 52
	NPU Real-time Power(W)         : 198.1

	Chip Name                      : mcu
	Temperature(C)                 : 43
2026-09-06T09:14:10+08:00
	NPU ID                         : 6
	Chip Count                     : 1

	Process id:2037247 Process name:python            Process memory(MB):7143
	Chip ID                        : 0

	NPU ID                         : 6
	Chip Count                     : 1

	Chip ID                        : 0
	Memory Usage Rate(%)           : 0
	HBM Usage Rate(%)              : 16
	Aicore Usage Rate(%)           : 56
	Aicore Freq(MHZ)               : 1800
	Aicore curFreq(MHZ)            : 1800
	Aicore Count                   : 24
	Temperature(C)                 : 52
	NPU Real-time Power(W)         : 212.2

	Chip Name                      : mcu
	Temperature(C)                 : 44
2026-09-06T09:14:16+08:00
	NPU ID                         : 6
	Chip Count                     : 1

	Process id:2037247 Process name:python            Process memory(MB):7143
	Chip ID                        : 0

	NPU ID                         : 6
	Chip Count                     : 1

	Chip ID                        : 0
	Memory Usage Rate(%)           : 0
	HBM Usage Rate(%)              : 16
	Aicore Usage Rate(%)           : 48
	Aicore Freq(MHZ)               : 1800
	Aicore curFreq(MHZ)            : 1800
	Aicore Count                   : 24
	Temperature(C)                 : 52
	NPU Real-time Power(W)         : 195.0

	Chip Name                      : mcu
	Temperature(C)                 : 45
2026-09-06T09:14:22+08:00
	NPU ID                         : 6
	Chip Count                     : 1

	Process id:2037247 Process name:python            Process memory(MB):7143
	Chip ID                        : 0

	NPU ID                         : 6
	Chip Count                     : 1

	Chip ID                        : 0
	Memory Usage Rate(%)           : 0
	HBM Usage Rate(%)              : 16
	Aicore Usage Rate(%)           : 0
	Aicore Freq(MHZ)               : 1800
	Aicore curFreq(MHZ)            : 1800
	Aicore Count                   : 24
	Temperature(C)                 : 50
	NPU Real-time Power(W)         : 110.5

	Chip Name                      : mcu
	Temperature(C)                 : 45
2026-09-06T09:14:28+08:00
	NPU ID                         : 6
	Chip Count                     : 1

	Process id:2037247 Process name:python            Process memory(MB):7143
	Chip ID                        : 0

	NPU ID                         : 6
	Chip Count                     : 1

	Chip ID                        : 0
	Memory Usage Rate(%)           : 0
	HBM Usage Rate(%)              : 16
	Aicore Usage Rate(%)           : 0
	Aicore Freq(MHZ)               : 1800
	Aicore curFreq(MHZ)            : 1800
	Aicore Count                   : 24
	Temperature(C)                 : 50
	NPU Real-time Power(W)         : 111.4

	Chip Name                      : mcu
	Temperature(C)                 : 45
2026-09-06T09:14:34+08:00
	NPU ID                         : 6
	Chip Count                     : 1

	Process id:2037247 Process name:python            Process memory(MB):7143
	Chip ID                        : 0

	NPU ID                         : 6
	Chip Count                     : 1

	Chip ID                        : 0
	Memory Usage Rate(%)           : 0
	HBM Usage Rate(%)              : 16
	Aicore Usage Rate(%)           : 0
	Aicore Freq(MHZ)               : 1800
	Aicore curFreq(MHZ)            : 1800
	Aicore Count                   : 24
	Temperature(C)                 : 50
	NPU Real-time Power(W)         : 111.0

	Chip Name                      : mcu
	Temperature(C)                 : 45
2026-09-06T09:14:40+08:00
	NPU ID                         : 6
	Chip Count                     : 1

	Process id:2037247 Process name:python            Process memory(MB):7143
	Chip ID                        : 0

	NPU ID                         : 6
	Chip Count                     : 1

	Chip ID                        : 0
	Memory Usage Rate(%)           : 0
	HBM Usage Rate(%)              : 16
	Aicore Usage Rate(%)           : 0
	Aicore Freq(MHZ)               : 1800
	Aicore curFreq(MHZ)            : 1800
	Aicore Count                   : 24
	Temperature(C)                 : 50
	NPU Real-time Power(W)         : 111.3

	Chip Name                      : mcu
	Temperature(C)                 : 44
2026-09-06T09:14:47+08:00
	NPU ID                         : 6
	Chip Count                     : 1

	Process id:2037247 Process name:python            Process memory(MB):7143
	Chip ID                        : 0

	NPU ID                         : 6
	Chip Count                     : 1

	Chip ID                        : 0
	Memory Usage Rate(%)           : 0
	HBM Usage Rate(%)              : 16
	Aicore Usage Rate(%)           : 0
	Aicore Freq(MHZ)               : 1800
	Aicore curFreq(MHZ)            : 1800
	Aicore Count                   : 24
	Temperature(C)                 : 49
	NPU Real-time Power(W)         : 111.2

	Chip Name                      : mcu
	Temperature(C)                 : 44
2026-09-06T09:14:53+08:00
	NPU ID                         : 6
	Chip Count                     : 1

	Process id:2037247 Process name:python            Process memory(MB):7143
	Chip ID                        : 0

	NPU ID                         : 6
	Chip Count                     : 1

	Chip ID                        : 0
	Memory Usage Rate(%)           : 0
	HBM Usage Rate(%)              : 16
	Aicore Usage Rate(%)           : 0
	Aicore Freq(MHZ)               : 1800
	Aicore curFreq(MHZ)            : 1800
	Aicore Count                   : 24
	Temperature(C)                 : 49
	NPU Real-time Power(W)         : 111.0

	Chip Name                      : mcu
	Temperature(C)                 : 44
2026-09-06T09:14:59+08:00
	NPU ID                         : 6
	Chip Count                     : 1

	Process id:2037247 Process name:python            Process memory(MB):7143
	Chip ID                        : 0

	NPU ID                         : 6
	Chip Count                     : 1

	Chip ID                        : 0
	Memory Usage Rate(%)           : 0
	HBM Usage Rate(%)              : 16
	Aicore Usage Rate(%)           : 0
	Aicore Freq(MHZ)               : 1800
	Aicore curFreq(MHZ)            : 1800
	Aicore Count                   : 24
	Temperature(C)                 : 49
	NPU Real-time Power(W)         : 110.5

	Chip Name                      : mcu
	Temperature(C)                 : 44
2026-09-06T09:15:05+08:00
	NPU ID                         : 6
	Chip Count                     : 1

	Process id:2037247 Process name:python            Process memory(MB):7143
	Chip ID                        : 0

	NPU ID                         : 6
	Chip Count                     : 1

	Chip ID                        : 0
	Memory Usage Rate(%)           : 0
	HBM Usage Rate(%)              : 16
	Aicore Usage Rate(%)           : 0
	Aicore Freq(MHZ)               : 1800
	Aicore curFreq(MHZ)            : 1800
	Aicore Count                   : 24
	Temperature(C)                 : 47
	NPU Real-time Power(W)         : 110.5

	Chip Name                      : mcu
	Temperature(C)                 : 44
2026-09-06T09:15:11+08:00
	NPU ID                         : 6
	Chip Count                     : 1

	Process id:2037247 Process name:python            Process memory(MB):7143
	Chip ID                        : 0

	NPU ID                         : 6
	Chip Count                     : 1

	Chip ID                        : 0
	Memory Usage Rate(%)           : 0
	HBM Usage Rate(%)              : 16
	Aicore Usage Rate(%)           : 0
	Aicore Freq(MHZ)               : 1800
	Aicore curFreq(MHZ)            : 1800
	Aicore Count                   : 24
	Temperature(C)                 : 48
	NPU Real-time Power(W)         : 110.6

	Chip Name                      : mcu
	Temperature(C)                 : 44
2026-09-06T09:15:17+08:00
	NPU ID                         : 6
	Chip Count                     : 1

	Process id:2037247 Process name:python            Process memory(MB):7143
	Chip ID                        : 0

	NPU ID                         : 6
	Chip Count                     : 1

	Chip ID                        : 0
	Memory Usage Rate(%)           : 0
	HBM Usage Rate(%)              : 16
	Aicore Usage Rate(%)           : 0
	Aicore Freq(MHZ)               : 1800
	Aicore curFreq(MHZ)            : 1800
	Aicore Count                   : 24
	Temperature(C)                 : 48
	NPU Real-time Power(W)         : 110.5

	Chip Name                      : mcu
	Temperature(C)                 : 44
2026-09-06T09:15:23+08:00
	NPU ID                         : 6
	Chip Count                     : 1

	Process id:2037247 Process name:python            Process memory(MB):7143
	Chip ID                        : 0

	NPU ID                         : 6
	Chip Count                     : 1

	Chip ID                        : 0
	Memory Usage Rate(%)           : 0
	HBM Usage Rate(%)              : 16
	Aicore Usage Rate(%)           : 0
	Aicore Freq(MHZ)               : 1800
	Aicore curFreq(MHZ)            : 1800
	Aicore Count                   : 24
	Temperature(C)                 : 48
	NPU Real-time Power(W)         : 110.3

	Chip Name                      : mcu
	Temperature(C)                 : 44
2026-09-06T09:15:29+08:00
	NPU ID                         : 6
	Chip Count                     : 1

	Process id:2037247 Process name:python            Process memory(MB):7143
	Chip ID                        : 0

	NPU ID                         : 6
	Chip Count                     : 1

	Chip ID                        : 0
	Memory Usage Rate(%)           : 0
	HBM Usage Rate(%)              : 16
	Aicore Usage Rate(%)           : 0
	Aicore Freq(MHZ)               : 1800
	Aicore curFreq(MHZ)            : 1800
	Aicore Count                   : 24
	Temperature(C)                 : 48
	NPU Real-time Power(W)         : 110.5

	Chip Name                      : mcu
	Temperature(C)                 : 44
2026-09-06T09:15:35+08:00
	NPU ID                         : 6
	Chip Count                     : 1

	Process id:2037247 Process name:python            Process memory(MB):7143
	Chip ID                        : 0

	NPU ID                         : 6
	Chip Count                     : 1

	Chip ID                        : 0
	Memory Usage Rate(%)           : 0
	HBM Usage Rate(%)              : 16
	Aicore Usage Rate(%)           : 0
	Aicore Freq(MHZ)               : 1800
	Aicore curFreq(MHZ)            : 1800
	Aicore Count                   : 24
	Temperature(C)                 : 48
	NPU Real-time Power(W)         : 110.5

	Chip Name                      : mcu
	Temperature(C)                 : 44
2026-09-06T09:15:41+08:00
	NPU ID                         : 6
	Chip Count                     : 1

	Process id:2037247 Process name:python            Process memory(MB):7143
	Chip ID                        : 0

	NPU ID                         : 6
	Chip Count                     : 1

	Chip ID                        : 0
	Memory Usage Rate(%)           : 0
	HBM Usage Rate(%)              : 16
	Aicore Usage Rate(%)           : 0
	Aicore Freq(MHZ)               : 1800
	Aicore curFreq(MHZ)            : 1800
	Aicore Count                   : 24
	Temperature(C)                 : 48
	NPU Real-time Power(W)         : 110.5

	Chip Name                      : mcu
	Temperature(C)                 : 44
2026-09-06T09:15:47+08:00
	NPU ID                         : 6
	Chip Count                     : 1

	Process id:2037247 Process name:python            Process memory(MB):7143
	Chip ID                        : 0

	NPU ID                         : 6
	Chip Count                     : 1

	Chip ID                        : 0
	Memory Usage Rate(%)           : 0
	HBM Usage Rate(%)              : 16
	Aicore Usage Rate(%)           : 0
	Aicore Freq(MHZ)               : 1800
	Aicore curFreq(MHZ)            : 1800
	Aicore Count                   : 24
	Temperature(C)                 : 48
	NPU Real-time Power(W)         : 110.5

	Chip Name                      : mcu
	Temperature(C)                 : 43
2026-09-06T09:15:54+08:00
	NPU ID                         : 6
	Chip Count                     : 1

	Process id:2037247 Process name:python            Process memory(MB):7143
	Chip ID                        : 0

	NPU ID                         : 6
	Chip Count                     : 1

	Chip ID                        : 0
	Memory Usage Rate(%)           : 0
	HBM Usage Rate(%)              : 16
	Aicore Usage Rate(%)           : 0
	Aicore Freq(MHZ)               : 1800
	Aicore curFreq(MHZ)            : 1800
	Aicore Count                   : 24
	Temperature(C)                 : 47
	NPU Real-time Power(W)         : 110.7

	Chip Name                      : mcu
	Temperature(C)                 : 43
2026-09-06T09:16:00+08:00
	NPU ID                         : 6
	Chip Count                     : 1

	Process id:2037247 Process name:python            Process memory(MB):7143
	Chip ID                        : 0

	NPU ID                         : 6
	Chip Count                     : 1

	Chip ID                        : 0
	Memory Usage Rate(%)           : 0
	HBM Usage Rate(%)              : 16
	Aicore Usage Rate(%)           : 0
	Aicore Freq(MHZ)               : 1800
	Aicore curFreq(MHZ)            : 1800
	Aicore Count                   : 24
	Temperature(C)                 : 47
	NPU Real-time Power(W)         : 110.4

	Chip Name                      : mcu
	Temperature(C)                 : 43
2026-09-06T09:16:06+08:00
	NPU ID                         : 6
	Chip Count                     : 1

	Process id:2037247 Process name:python            Process memory(MB):7143
	Chip ID                        : 0

	NPU ID                         : 6
	Chip Count                     : 1

	Chip ID                        : 0
	Memory Usage Rate(%)           : 0
	HBM Usage Rate(%)              : 16
	Aicore Usage Rate(%)           : 0
	Aicore Freq(MHZ)               : 1800
	Aicore curFreq(MHZ)            : 1800
	Aicore Count                   : 24
	Temperature(C)                 : 47
	NPU Real-time Power(W)         : 110.4

	Chip Name                      : mcu
	Temperature(C)                 : 43
2026-09-06T09:16:12+08:00
	NPU ID                         : 6
	Chip Count                     : 1

	Process id:2037247 Process name:python            Process memory(MB):7143
	Chip ID                        : 0

	NPU ID                         : 6
	Chip Count                     : 1

	Chip ID                        : 0
	Memory Usage Rate(%)           : 0
	HBM Usage Rate(%)              : 16
	Aicore Usage Rate(%)           : 0
	Aicore Freq(MHZ)               : 1800
	Aicore curFreq(MHZ)            : 1800
	Aicore Count                   : 24
	Temperature(C)                 : 47
	NPU Real-time Power(W)         : 110.3

	Chip Name                      : mcu
	Temperature(C)                 : 43
2026-09-06T09:16:18+08:00
	NPU ID                         : 6
	Chip Count                     : 1

	Process id:2037247 Process name:python            Process memory(MB):7143
	Chip ID                        : 0

	NPU ID                         : 6
	Chip Count                     : 1

	Chip ID                        : 0
	Memory Usage Rate(%)           : 0
	HBM Usage Rate(%)              : 16
	Aicore Usage Rate(%)           : 0
	Aicore Freq(MHZ)               : 1800
	Aicore curFreq(MHZ)            : 1800
	Aicore Count                   : 24
	Temperature(C)                 : 47
	NPU Real-time Power(W)         : 110.3

	Chip Name                      : mcu
	Temperature(C)                 : 43
2026-09-06T09:16:24+08:00
	NPU ID                         : 6
	Chip Count                     : 1

	Process id:2037247 Process name:python            Process memory(MB):7143
	Chip ID                        : 0

	NPU ID                         : 6
	Chip Count                     : 1

	Chip ID                        : 0
	Memory Usage Rate(%)           : 0
	HBM Usage Rate(%)              : 16
	Aicore Usage Rate(%)           : 0
	Aicore Freq(MHZ)               : 1800
	Aicore curFreq(MHZ)            : 1800
	Aicore Count                   : 24
	Temperature(C)                 : 48
	NPU Real-time Power(W)         : 110.4

	Chip Name                      : mcu
	Temperature(C)                 : 43
2026-09-06T09:16:30+08:00
	NPU ID                         : 6
	Chip Count                     : 1

	Process id:2037247 Process name:python            Process memory(MB):7143
	Chip ID                        : 0

	NPU ID                         : 6
	Chip Count                     : 1

	Chip ID                        : 0
	Memory Usage Rate(%)           : 0
	HBM Usage Rate(%)              : 16
	Aicore Usage Rate(%)           : 0
	Aicore Freq(MHZ)               : 1800
	Aicore curFreq(MHZ)            : 1800
	Aicore Count                   : 24
	Temperature(C)                 : 48
	NPU Real-time Power(W)         : 110.9

	Chip Name                      : mcu
	Temperature(C)                 : 43
2026-09-06T09:16:36+08:00
	NPU ID                         : 6
	Chip Count                     : 1

	Process id:2037247 Process name:python            Process memory(MB):7143
	Chip ID                        : 0

	NPU ID                         : 6
	Chip Count                     : 1

	Chip ID                        : 0
	Memory Usage Rate(%)           : 0
	HBM Usage Rate(%)              : 16
	Aicore Usage Rate(%)           : 0
	Aicore Freq(MHZ)               : 1800
	Aicore curFreq(MHZ)            : 1800
	Aicore Count                   : 24
	Temperature(C)                 : 48
	NPU Real-time Power(W)         : 110.8

	Chip Name                      : mcu
	Temperature(C)                 : 43
2026-09-06T09:16:42+08:00
	NPU ID                         : 6
	Chip Count                     : 1

	Process id:2037247 Process name:python            Process memory(MB):7143
	Chip ID                        : 0

	NPU ID                         : 6
	Chip Count                     : 1

	Chip ID                        : 0
	Memory Usage Rate(%)           : 0
	HBM Usage Rate(%)              : 16
	Aicore Usage Rate(%)           : 0
	Aicore Freq(MHZ)               : 1800
	Aicore curFreq(MHZ)            : 1800
	Aicore Count                   : 24
	Temperature(C)                 : 48
	NPU Real-time Power(W)         : 110.7

	Chip Name                      : mcu
	Temperature(C)                 : 43
2026-09-06T09:16:49+08:00
	NPU ID                         : 6
	Chip Count                     : 1

	Process id:2037247 Process name:python            Process memory(MB):7143
	Chip ID                        : 0

	NPU ID                         : 6
	Chip Count                     : 1

	Chip ID                        : 0
	Memory Usage Rate(%)           : 0
	HBM Usage Rate(%)              : 16
	Aicore Usage Rate(%)           : 0
	Aicore Freq(MHZ)               : 1800
	Aicore curFreq(MHZ)            : 1800
	Aicore Count                   : 24
	Temperature(C)                 : 48
	NPU Real-time Power(W)         : 110.7

	Chip Name                      : mcu
	Temperature(C)                 : 43
2026-09-06T09:16:55+08:00
	NPU ID                         : 6
	Chip Count                     : 1

	Process id:2037247 Process name:python            Process memory(MB):7143
	Chip ID                        : 0

	NPU ID                         : 6
	Chip Count                     : 1

	Chip ID                        : 0
	Memory Usage Rate(%)           : 0
	HBM Usage Rate(%)              : 16
	Aicore Usage Rate(%)           : 0
	Aicore Freq(MHZ)               : 1800
	Aicore curFreq(MHZ)            : 1800
	Aicore Count                   : 24
	Temperature(C)                 : 50
	NPU Real-time Power(W)         : 111.0

	Chip Name                      : mcu
	Temperature(C)                 : 43
2026-09-06T09:17:01+08:00
	NPU ID                         : 6
	Chip Count                     : 1

	Process id:2037247 Process name:python            Process memory(MB):7143
	Chip ID                        : 0

	NPU ID                         : 6
	Chip Count                     : 1

	Chip ID                        : 0
	Memory Usage Rate(%)           : 0
	HBM Usage Rate(%)              : 16
	Aicore Usage Rate(%)           : 0
	Aicore Freq(MHZ)               : 1800
	Aicore curFreq(MHZ)            : 1800
	Aicore Count                   : 24
	Temperature(C)                 : 49
	NPU Real-time Power(W)         : 110.9

	Chip Name                      : mcu
	Temperature(C)                 : 43
2026-09-06T09:17:07+08:00
	NPU ID                         : 6
	Chip Count                     : 1

	Process id:2037247 Process name:python            Process memory(MB):7143
	Chip ID                        : 0

	NPU ID                         : 6
	Chip Count                     : 1

	Chip ID                        : 0
	Memory Usage Rate(%)           : 0
	HBM Usage Rate(%)              : 16
	Aicore Usage Rate(%)           : 38
	Aicore Freq(MHZ)               : 1800
	Aicore curFreq(MHZ)            : 1800
	Aicore Count                   : 24
	Temperature(C)                 : 52
	NPU Real-time Power(W)         : 187.4

	Chip Name                      : mcu
	Temperature(C)                 : 43
2026-09-06T09:17:13+08:00
	NPU ID                         : 6
	Chip Count                     : 1

	Process id:2037247 Process name:python            Process memory(MB):7143
	Chip ID                        : 0

	NPU ID                         : 6
	Chip Count                     : 1

	Chip ID                        : 0
	Memory Usage Rate(%)           : 0
	HBM Usage Rate(%)              : 16
	Aicore Usage Rate(%)           : 59
	Aicore Freq(MHZ)               : 1800
	Aicore curFreq(MHZ)            : 1800
	Aicore Count                   : 24
	Temperature(C)                 : 52
	NPU Real-time Power(W)         : 221.8

	Chip Name                      : mcu
	Temperature(C)                 : 43
2026-09-06T09:17:19+08:00
	NPU ID                         : 6
	Chip Count                     : 1

	Process id:2037247 Process name:python            Process memory(MB):7143
	Chip ID                        : 0

	NPU ID                         : 6
	Chip Count                     : 1

	Chip ID                        : 0
	Memory Usage Rate(%)           : 0
	HBM Usage Rate(%)              : 16
	Aicore Usage Rate(%)           : 48
	Aicore Freq(MHZ)               : 1800
	Aicore curFreq(MHZ)            : 1800
	Aicore Count                   : 24
	Temperature(C)                 : 51
	NPU Real-time Power(W)         : 248.5

	Chip Name                      : mcu
	Temperature(C)                 : 44
2026-09-06T09:17:25+08:00
	NPU ID                         : 6
	Chip Count                     : 1

	Process id:2037247 Process name:python            Process memory(MB):7143
	Chip ID                        : 0

	NPU ID                         : 6
	Chip Count                     : 1

	Chip ID                        : 0
	Memory Usage Rate(%)           : 0
	HBM Usage Rate(%)              : 16
	Aicore Usage Rate(%)           : 46
	Aicore Freq(MHZ)               : 1800
	Aicore curFreq(MHZ)            : 1800
	Aicore Count                   : 24
	Temperature(C)                 : 52
	NPU Real-time Power(W)         : 240.6

	Chip Name                      : mcu
	Temperature(C)                 : 45
2026-09-06T09:17:31+08:00
	NPU ID                         : 6
	Chip Count                     : 1

	Process id:2037247 Process name:python            Process memory(MB):7143
	Chip ID                        : 0

	NPU ID                         : 6
	Chip Count                     : 1

	Chip ID                        : 0
	Memory Usage Rate(%)           : 0
	HBM Usage Rate(%)              : 16
	Aicore Usage Rate(%)           : 53
	Aicore Freq(MHZ)               : 1800
	Aicore curFreq(MHZ)            : 1800
	Aicore Count                   : 24
	Temperature(C)                 : 52
	NPU Real-time Power(W)         : 240.5

	Chip Name                      : mcu
	Temperature(C)                 : 45
2026-09-06T09:17:37+08:00
	NPU ID                         : 6
	Chip Count                     : 1

	Process id:2037247 Process name:python            Process memory(MB):7143
	Chip ID                        : 0

	NPU ID                         : 6
	Chip Count                     : 1

	Chip ID                        : 0
	Memory Usage Rate(%)           : 0
	HBM Usage Rate(%)              : 16
	Aicore Usage Rate(%)           : 56
	Aicore Freq(MHZ)               : 1800
	Aicore curFreq(MHZ)            : 1800
	Aicore Count                   : 24
	Temperature(C)                 : 54
	NPU Real-time Power(W)         : 207.1

	Chip Name                      : mcu
	Temperature(C)                 : 46
2026-09-06T09:17:43+08:00
	NPU ID                         : 6
	Chip Count                     : 1

	Process id:2037247 Process name:python            Process memory(MB):7143
	Chip ID                        : 0

	NPU ID                         : 6
	Chip Count                     : 1

	Chip ID                        : 0
	Memory Usage Rate(%)           : 0
	HBM Usage Rate(%)              : 16
	Aicore Usage Rate(%)           : 34
	Aicore Freq(MHZ)               : 1800
	Aicore curFreq(MHZ)            : 1800
	Aicore Count                   : 24
	Temperature(C)                 : 52
	NPU Real-time Power(W)         : 226.9

	Chip Name                      : mcu
	Temperature(C)                 : 46
2026-09-06T09:17:50+08:00
	NPU ID                         : 6
	Chip Count                     : 1

	Process id:2037247 Process name:python            Process memory(MB):7143
	Chip ID                        : 0

	NPU ID                         : 6
	Chip Count                     : 1

	Chip ID                        : 0
	Memory Usage Rate(%)           : 0
	HBM Usage Rate(%)              : 16
	Aicore Usage Rate(%)           : 44
	Aicore Freq(MHZ)               : 1800
	Aicore curFreq(MHZ)            : 1800
	Aicore Count                   : 24
	Temperature(C)                 : 53
	NPU Real-time Power(W)         : 196.8

	Chip Name                      : mcu
	Temperature(C)                 : 46
2026-09-06T09:17:56+08:00
	NPU ID                         : 6
	Chip Count                     : 1

	Process id:2037247 Process name:python            Process memory(MB):7143
	Chip ID                        : 0

	NPU ID                         : 6
	Chip Count                     : 1

	Chip ID                        : 0
	Memory Usage Rate(%)           : 0
	HBM Usage Rate(%)              : 16
	Aicore Usage Rate(%)           : 33
	Aicore Freq(MHZ)               : 1800
	Aicore curFreq(MHZ)            : 1800
	Aicore Count                   : 24
	Temperature(C)                 : 51
	NPU Real-time Power(W)         : 240.6

	Chip Name                      : mcu
	Temperature(C)                 : 47
2026-09-06T09:18:02+08:00
	NPU ID                         : 6
	Chip Count                     : 1

	Process id:2037247 Process name:python            Process memory(MB):7143
	Chip ID                        : 0

	NPU ID                         : 6
	Chip Count                     : 1

	Chip ID                        : 0
	Memory Usage Rate(%)           : 0
	HBM Usage Rate(%)              : 16
	Aicore Usage Rate(%)           : 44
	Aicore Freq(MHZ)               : 1800
	Aicore curFreq(MHZ)            : 1800
	Aicore Count                   : 24
	Temperature(C)                 : 51
	NPU Real-time Power(W)         : 211.8

	Chip Name                      : mcu
	Temperature(C)                 : 47
2026-09-06T09:18:08+08:00
	NPU ID                         : 6
	Chip Count                     : 1

	Process id:2037247 Process name:python            Process memory(MB):7143
	Chip ID                        : 0

	NPU ID                         : 6
	Chip Count                     : 1

	Chip ID                        : 0
	Memory Usage Rate(%)           : 0
	HBM Usage Rate(%)              : 16
	Aicore Usage Rate(%)           : 55
	Aicore Freq(MHZ)               : 1800
	Aicore curFreq(MHZ)            : 1800
	Aicore Count                   : 24
	Temperature(C)                 : 51
	NPU Real-time Power(W)         : 243.8

	Chip Name                      : mcu
	Temperature(C)                 : 47
2026-09-06T09:18:14+08:00
	NPU ID                         : 6
	Chip Count                     : 1

	Process id:2037247 Process name:python            Process memory(MB):7143
	Chip ID                        : 0

	NPU ID                         : 6
	Chip Count                     : 1

	Chip ID                        : 0
	Memory Usage Rate(%)           : 0
	HBM Usage Rate(%)              : 16
	Aicore Usage Rate(%)           : 59
	Aicore Freq(MHZ)               : 1800
	Aicore curFreq(MHZ)            : 1800
	Aicore Count                   : 24
	Temperature(C)                 : 53
	NPU Real-time Power(W)         : 219.4

	Chip Name                      : mcu
	Temperature(C)                 : 47
2026-09-06T09:18:20+08:00
	NPU ID                         : 6
	Chip Count                     : 1

	Process id:2037247 Process name:python            Process memory(MB):7143
	Chip ID                        : 0

	NPU ID                         : 6
	Chip Count                     : 1

	Chip ID                        : 0
	Memory Usage Rate(%)           : 0
	HBM Usage Rate(%)              : 16
	Aicore Usage Rate(%)           : 55
	Aicore Freq(MHZ)               : 1800
	Aicore curFreq(MHZ)            : 1800
	Aicore Count                   : 24
	Temperature(C)                 : 51
	NPU Real-time Power(W)         : 202.9

	Chip Name                      : mcu
	Temperature(C)                 : 48
2026-09-06T09:18:26+08:00
	NPU ID                         : 6
	Chip Count                     : 1

	Process id:2037247 Process name:python            Process memory(MB):7143
	Chip ID                        : 0

	NPU ID                         : 6
	Chip Count                     : 1

	Chip ID                        : 0
	Memory Usage Rate(%)           : 0
	HBM Usage Rate(%)              : 16
	Aicore Usage Rate(%)           : 49
	Aicore Freq(MHZ)               : 1800
	Aicore curFreq(MHZ)            : 1800
	Aicore Count                   : 24
	Temperature(C)                 : 51
	NPU Real-time Power(W)         : 223.3

	Chip Name                      : mcu
	Temperature(C)                 : 48
2026-09-06T09:18:32+08:00
	NPU ID                         : 6
	Chip Count                     : 1

	Process id:2037247 Process name:python            Process memory(MB):7143
	Chip ID                        : 0

	NPU ID                         : 6
	Chip Count                     : 1

	Chip ID                        : 0
	Memory Usage Rate(%)           : 0
	HBM Usage Rate(%)              : 16
	Aicore Usage Rate(%)           : 41
	Aicore Freq(MHZ)               : 1800
	Aicore curFreq(MHZ)            : 1800
	Aicore Count                   : 24
	Temperature(C)                 : 52
	NPU Real-time Power(W)         : 200.1

	Chip Name                      : mcu
	Temperature(C)                 : 48
2026-09-06T09:18:38+08:00
	NPU ID                         : 6
	Chip Count                     : 1

	Process id:2037247 Process name:python            Process memory(MB):7143
	Chip ID                        : 0

	NPU ID                         : 6
	Chip Count                     : 1

	Chip ID                        : 0
	Memory Usage Rate(%)           : 0
	HBM Usage Rate(%)              : 16
	Aicore Usage Rate(%)           : 43
	Aicore Freq(MHZ)               : 1800
	Aicore curFreq(MHZ)            : 1800
	Aicore Count                   : 24
	Temperature(C)                 : 52
	NPU Real-time Power(W)         : 195.0

	Chip Name                      : mcu
	Temperature(C)                 : 48
2026-09-06T09:18:44+08:00
	NPU ID                         : 6
	Chip Count                     : 1

	Process id:2037247 Process name:python            Process memory(MB):7143
	Chip ID                        : 0

	NPU ID                         : 6
	Chip Count                     : 1

	Chip ID                        : 0
	Memory Usage Rate(%)           : 0
	HBM Usage Rate(%)              : 16
	Aicore Usage Rate(%)           : 63
	Aicore Freq(MHZ)               : 1800
	Aicore curFreq(MHZ)            : 1800
	Aicore Count                   : 24
	Temperature(C)                 : 51
	NPU Real-time Power(W)         : 243.4

	Chip Name                      : mcu
	Temperature(C)                 : 48
2026-09-06T09:18:51+08:00
	NPU ID                         : 6
	Chip Count                     : 1

	Process id:2037247 Process name:python            Process memory(MB):7143
	Chip ID                        : 0

	NPU ID                         : 6
	Chip Count                     : 1

	Chip ID                        : 0
	Memory Usage Rate(%)           : 0
	HBM Usage Rate(%)              : 16
	Aicore Usage Rate(%)           : 59
	Aicore Freq(MHZ)               : 1800
	Aicore curFreq(MHZ)            : 1800
	Aicore Count                   : 24
	Temperature(C)                 : 51
	NPU Real-time Power(W)         : 209.6

	Chip Name                      : mcu
	Temperature(C)                 : 48
2026-09-06T09:18:57+08:00
	NPU ID                         : 6
	Chip Count                     : 1

	Process id:2037247 Process name:python            Process memory(MB):7143
	Chip ID                        : 0

	NPU ID                         : 6
	Chip Count                     : 1

	Chip ID                        : 0
	Memory Usage Rate(%)           : 0
	HBM Usage Rate(%)              : 16
	Aicore Usage Rate(%)           : 54
	Aicore Freq(MHZ)               : 1800
	Aicore curFreq(MHZ)            : 1800
	Aicore Count                   : 24
	Temperature(C)                 : 51
	NPU Real-time Power(W)         : 207.6

	Chip Name                      : mcu
	Temperature(C)                 : 48
2026-09-06T09:19:03+08:00
	NPU ID                         : 6
	Chip Count                     : 1

	Process id:2037247 Process name:python            Process memory(MB):7143
	Chip ID                        : 0

	NPU ID                         : 6
	Chip Count                     : 1

	Chip ID                        : 0
	Memory Usage Rate(%)           : 0
	HBM Usage Rate(%)              : 16
	Aicore Usage Rate(%)           : 45
	Aicore Freq(MHZ)               : 1800
	Aicore curFreq(MHZ)            : 1800
	Aicore Count                   : 24
	Temperature(C)                 : 51
	NPU Real-time Power(W)         : 192.6

	Chip Name                      : mcu
	Temperature(C)                 : 48
2026-09-06T09:19:09+08:00
	NPU ID                         : 6
	Chip Count                     : 1

	Process id:2037247 Process name:python            Process memory(MB):7143
	Chip ID                        : 0

	NPU ID                         : 6
	Chip Count                     : 1

	Chip ID                        : 0
	Memory Usage Rate(%)           : 0
	HBM Usage Rate(%)              : 16
	Aicore Usage Rate(%)           : 57
	Aicore Freq(MHZ)               : 1800
	Aicore curFreq(MHZ)            : 1800
	Aicore Count                   : 24
	Temperature(C)                 : 53
	NPU Real-time Power(W)         : 201.3

	Chip Name                      : mcu
	Temperature(C)                 : 48
2026-09-06T09:19:15+08:00
	NPU ID                         : 6
	Chip Count                     : 1

	Process id:2037247 Process name:python            Process memory(MB):7143
	Chip ID                        : 0

	NPU ID                         : 6
	Chip Count                     : 1

	Chip ID                        : 0
	Memory Usage Rate(%)           : 0
	HBM Usage Rate(%)              : 16
	Aicore Usage Rate(%)           : 42
	Aicore Freq(MHZ)               : 1800
	Aicore curFreq(MHZ)            : 1800
	Aicore Count                   : 24
	Temperature(C)                 : 50
	NPU Real-time Power(W)         : 222.3

	Chip Name                      : mcu
	Temperature(C)                 : 48
2026-09-06T09:19:21+08:00
	NPU ID                         : 6
	Chip Count                     : 1

	Process id:2037247 Process name:python            Process memory(MB):7143
	Chip ID                        : 0

	NPU ID                         : 6
	Chip Count                     : 1

	Chip ID                        : 0
	Memory Usage Rate(%)           : 0
	HBM Usage Rate(%)              : 16
	Aicore Usage Rate(%)           : 59
	Aicore Freq(MHZ)               : 1800
	Aicore curFreq(MHZ)            : 1800
	Aicore Count                   : 24
	Temperature(C)                 : 52
	NPU Real-time Power(W)         : 221.4

	Chip Name                      : mcu
	Temperature(C)                 : 48
2026-09-06T09:19:27+08:00
	NPU ID                         : 6
	Chip Count                     : 1

	Process id:2037247 Process name:python            Process memory(MB):7143
	Chip ID                        : 0

	NPU ID                         : 6
	Chip Count                     : 1

	Chip ID                        : 0
	Memory Usage Rate(%)           : 0
	HBM Usage Rate(%)              : 16
	Aicore Usage Rate(%)           : 42
	Aicore Freq(MHZ)               : 1800
	Aicore curFreq(MHZ)            : 1800
	Aicore Count                   : 24
	Temperature(C)                 : 51
	NPU Real-time Power(W)         : 202.6

	Chip Name                      : mcu
	Temperature(C)                 : 48
2026-09-06T09:19:33+08:00
	NPU ID                         : 6
	Chip Count                     : 1

	Process id:2037247 Process name:python            Process memory(MB):7143
	Chip ID                        : 0

	NPU ID                         : 6
	Chip Count                     : 1

	Chip ID                        : 0
	Memory Usage Rate(%)           : 0
	HBM Usage Rate(%)              : 16
	Aicore Usage Rate(%)           : 53
	Aicore Freq(MHZ)               : 1800
	Aicore curFreq(MHZ)            : 1800
	Aicore Count                   : 24
	Temperature(C)                 : 52
	NPU Real-time Power(W)         : 202.5

	Chip Name                      : mcu
	Temperature(C)                 : 48
2026-09-06T09:19:39+08:00
	NPU ID                         : 6
	Chip Count                     : 1

	Process id:2037247 Process name:python            Process memory(MB):7143
	Chip ID                        : 0

	NPU ID                         : 6
	Chip Count                     : 1

	Chip ID                        : 0
	Memory Usage Rate(%)           : 0
	HBM Usage Rate(%)              : 16
	Aicore Usage Rate(%)           : 50
	Aicore Freq(MHZ)               : 1800
	Aicore curFreq(MHZ)            : 1800
	Aicore Count                   : 24
	Temperature(C)                 : 51
	NPU Real-time Power(W)         : 248.2

	Chip Name                      : mcu
	Temperature(C)                 : 48
2026-09-06T09:19:45+08:00
	NPU ID                         : 6
	Chip Count                     : 1

	Process id:2037247 Process name:python            Process memory(MB):7143
	Chip ID                        : 0

	NPU ID                         : 6
	Chip Count                     : 1

	Chip ID                        : 0
	Memory Usage Rate(%)           : 0
	HBM Usage Rate(%)              : 16
	Aicore Usage Rate(%)           : 56
	Aicore Freq(MHZ)               : 1800
	Aicore curFreq(MHZ)            : 1800
	Aicore Count                   : 24
	Temperature(C)                 : 53
	NPU Real-time Power(W)         : 204.7

	Chip Name                      : mcu
	Temperature(C)                 : 48
2026-09-06T09:19:52+08:00
	NPU ID                         : 6
	Chip Count                     : 1

	Process id:2037247 Process name:python            Process memory(MB):7143
	Chip ID                        : 0

	NPU ID                         : 6
	Chip Count                     : 1

	Chip ID                        : 0
	Memory Usage Rate(%)           : 0
	HBM Usage Rate(%)              : 16
	Aicore Usage Rate(%)           : 47
	Aicore Freq(MHZ)               : 1800
	Aicore curFreq(MHZ)            : 1800
	Aicore Count                   : 24
	Temperature(C)                 : 52
	NPU Real-time Power(W)         : 198.6

	Chip Name                      : mcu
	Temperature(C)                 : 48
2026-09-06T09:19:58+08:00
	NPU ID                         : 6
	Chip Count                     : 1

	Process id:2037247 Process name:python            Process memory(MB):7143
	Chip ID                        : 0

	NPU ID                         : 6
	Chip Count                     : 1

	Chip ID                        : 0
	Memory Usage Rate(%)           : 0
	HBM Usage Rate(%)              : 16
	Aicore Usage Rate(%)           : 55
	Aicore Freq(MHZ)               : 1800
	Aicore curFreq(MHZ)            : 1800
	Aicore Count                   : 24
	Temperature(C)                 : 52
	NPU Real-time Power(W)         : 201.3

	Chip Name                      : mcu
	Temperature(C)                 : 48
2026-09-06T09:20:04+08:00
	NPU ID                         : 6
	Chip Count                     : 1

	Process id:2037247 Process name:python            Process memory(MB):7143
	Chip ID                        : 0

	NPU ID                         : 6
	Chip Count                     : 1

	Chip ID                        : 0
	Memory Usage Rate(%)           : 0
	HBM Usage Rate(%)              : 16
	Aicore Usage Rate(%)           : 54
	Aicore Freq(MHZ)               : 1800
	Aicore curFreq(MHZ)            : 1800
	Aicore Count                   : 24
	Temperature(C)                 : 53
	NPU Real-time Power(W)         : 200.8

	Chip Name                      : mcu
	Temperature(C)                 : 48
2026-09-06T09:20:10+08:00
	NPU ID                         : 6
	Chip Count                     : 1

	Process id:2037247 Process name:python            Process memory(MB):7143
	Chip ID                        : 0

	NPU ID                         : 6
	Chip Count                     : 1

	Chip ID                        : 0
	Memory Usage Rate(%)           : 0
	HBM Usage Rate(%)              : 16
	Aicore Usage Rate(%)           : 0
	Aicore Freq(MHZ)               : 1800
	Aicore curFreq(MHZ)            : 1800
	Aicore Count                   : 24
	Temperature(C)                 : 49
	NPU Real-time Power(W)         : 111.4

	Chip Name                      : mcu
	Temperature(C)                 : 48
2026-09-06T09:20:16+08:00
	NPU ID                         : 6
	Chip Count                     : 1

	Process id:2037247 Process name:python            Process memory(MB):7143
	Chip ID                        : 0

	NPU ID                         : 6
	Chip Count                     : 1

	Chip ID                        : 0
	Memory Usage Rate(%)           : 0
	HBM Usage Rate(%)              : 16
	Aicore Usage Rate(%)           : 0
	Aicore Freq(MHZ)               : 1800
	Aicore curFreq(MHZ)            : 1800
	Aicore Count                   : 24
	Temperature(C)                 : 49
	NPU Real-time Power(W)         : 111.4

	Chip Name                      : mcu
	Temperature(C)                 : 48
2026-09-06T09:20:22+08:00
	NPU ID                         : 6
	Chip Count                     : 1

	Process id:2037247 Process name:python            Process memory(MB):7143
	Chip ID                        : 0

	NPU ID                         : 6
	Chip Count                     : 1

	Chip ID                        : 0
	Memory Usage Rate(%)           : 0
	HBM Usage Rate(%)              : 16
	Aicore Usage Rate(%)           : 0
	Aicore Freq(MHZ)               : 1800
	Aicore curFreq(MHZ)            : 1800
	Aicore Count                   : 24
	Temperature(C)                 : 49
	NPU Real-time Power(W)         : 111.2

	Chip Name                      : mcu
	Temperature(C)                 : 47
2026-09-06T09:20:28+08:00
	NPU ID                         : 6
	Chip Count                     : 1

	Process id:2037247 Process name:python            Process memory(MB):7143
	Chip ID                        : 0

	NPU ID                         : 6
	Chip Count                     : 1

	Chip ID                        : 0
	Memory Usage Rate(%)           : 0
	HBM Usage Rate(%)              : 16
	Aicore Usage Rate(%)           : 0
	Aicore Freq(MHZ)               : 1800
	Aicore curFreq(MHZ)            : 1800
	Aicore Count                   : 24
	Temperature(C)                 : 49
	NPU Real-time Power(W)         : 111.3

	Chip Name                      : mcu
	Temperature(C)                 : 47
2026-09-06T09:20:34+08:00
	NPU ID                         : 6
	Chip Count                     : 1

	Process id:2037247 Process name:python            Process memory(MB):7143
	Chip ID                        : 0

	NPU ID                         : 6
	Chip Count                     : 1

	Chip ID                        : 0
	Memory Usage Rate(%)           : 0
	HBM Usage Rate(%)              : 16
	Aicore Usage Rate(%)           : 0
	Aicore Freq(MHZ)               : 1800
	Aicore curFreq(MHZ)            : 1800
	Aicore Count                   : 24
	Temperature(C)                 : 49
	NPU Real-time Power(W)         : 111.0

	Chip Name                      : mcu
	Temperature(C)                 : 46
2026-09-06T09:20:40+08:00
	NPU ID                         : 6
	Chip Count                     : 1

	Process id:2037247 Process name:python            Process memory(MB):7143
	Chip ID                        : 0

	NPU ID                         : 6
	Chip Count                     : 1

	Chip ID                        : 0
	Memory Usage Rate(%)           : 0
	HBM Usage Rate(%)              : 16
	Aicore Usage Rate(%)           : 0
	Aicore Freq(MHZ)               : 1800
	Aicore curFreq(MHZ)            : 1800
	Aicore Count                   : 24
	Temperature(C)                 : 49
	NPU Real-time Power(W)         : 111.1

	Chip Name                      : mcu
	Temperature(C)                 : 46
2026-09-06T09:20:47+08:00
	NPU ID                         : 6
	Chip Count                     : 1

	Process id:2037247 Process name:python            Process memory(MB):7143
	Chip ID                        : 0

	NPU ID                         : 6
	Chip Count                     : 1

	Chip ID                        : 0
	Memory Usage Rate(%)           : 0
	HBM Usage Rate(%)              : 16
	Aicore Usage Rate(%)           : 0
	Aicore Freq(MHZ)               : 1800
	Aicore curFreq(MHZ)            : 1800
	Aicore Count                   : 24
	Temperature(C)                 : 49
	NPU Real-time Power(W)         : 111.1

	Chip Name                      : mcu
	Temperature(C)                 : 46
2026-09-06T09:20:53+08:00
	NPU ID                         : 6
	Chip Count                     : 1

	Process id:2037247 Process name:python            Process memory(MB):7143
	Chip ID                        : 0

	NPU ID                         : 6
	Chip Count                     : 1

	Chip ID                        : 0
	Memory Usage Rate(%)           : 0
	HBM Usage Rate(%)              : 16
	Aicore Usage Rate(%)           : 0
	Aicore Freq(MHZ)               : 1800
	Aicore curFreq(MHZ)            : 1800
	Aicore Count                   : 24
	Temperature(C)                 : 49
	NPU Real-time Power(W)         : 111.1

	Chip Name                      : mcu
	Temperature(C)                 : 45
2026-09-06T09:20:59+08:00
	NPU ID                         : 6
	Chip Count                     : 1

	Process id:2037247 Process name:python            Process memory(MB):7143
	Chip ID                        : 0

	NPU ID                         : 6
	Chip Count                     : 1

	Chip ID                        : 0
	Memory Usage Rate(%)           : 0
	HBM Usage Rate(%)              : 16
	Aicore Usage Rate(%)           : 0
	Aicore Freq(MHZ)               : 1800
	Aicore curFreq(MHZ)            : 1800
	Aicore Count                   : 24
	Temperature(C)                 : 49
	NPU Real-time Power(W)         : 111.3

	Chip Name                      : mcu
	Temperature(C)                 : 45
2026-09-06T09:21:05+08:00
	NPU ID                         : 6
	Chip Count                     : 1

	Process id:2037247 Process name:python            Process memory(MB):7143
	Chip ID                        : 0

	NPU ID                         : 6
	Chip Count                     : 1

	Chip ID                        : 0
	Memory Usage Rate(%)           : 0
	HBM Usage Rate(%)              : 16
	Aicore Usage Rate(%)           : 0
	Aicore Freq(MHZ)               : 1800
	Aicore curFreq(MHZ)            : 1800
	Aicore Count                   : 24
	Temperature(C)                 : 49
	NPU Real-time Power(W)         : 111.3

	Chip Name                      : mcu
	Temperature(C)                 : 45
2026-09-06T09:21:11+08:00
	NPU ID                         : 6
	Chip Count                     : 1

	Process id:2037247 Process name:python            Process memory(MB):7143
	Chip ID                        : 0

	NPU ID                         : 6
	Chip Count                     : 1

	Chip ID                        : 0
	Memory Usage Rate(%)           : 0
	HBM Usage Rate(%)              : 16
	Aicore Usage Rate(%)           : 0
	Aicore Freq(MHZ)               : 1800
	Aicore curFreq(MHZ)            : 1800
	Aicore Count                   : 24
	Temperature(C)                 : 49
	NPU Real-time Power(W)         : 111.3

	Chip Name                      : mcu
	Temperature(C)                 : 45
2026-09-06T09:21:17+08:00
	NPU ID                         : 6
	Chip Count                     : 1

	Process id:2037247 Process name:python            Process memory(MB):7143
	Chip ID                        : 0

	NPU ID                         : 6
	Chip Count                     : 1

	Chip ID                        : 0
	Memory Usage Rate(%)           : 0
	HBM Usage Rate(%)              : 16
	Aicore Usage Rate(%)           : 7
	Aicore Freq(MHZ)               : 1800
	Aicore curFreq(MHZ)            : 1800
	Aicore Count                   : 24
	Temperature(C)                 : 51
	NPU Real-time Power(W)         : 168.6

	Chip Name                      : mcu
	Temperature(C)                 : 45
2026-09-06T09:21:23+08:00
	NPU ID                         : 6
	Chip Count                     : 1

	Process id:2037247 Process name:python            Process memory(MB):7143
	Chip ID                        : 0

	NPU ID                         : 6
	Chip Count                     : 1

	Chip ID                        : 0
	Memory Usage Rate(%)           : 0
	HBM Usage Rate(%)              : 16
	Aicore Usage Rate(%)           : 0
	Aicore Freq(MHZ)               : 1800
	Aicore curFreq(MHZ)            : 1800
	Aicore Count                   : 24
	Temperature(C)                 : 49
	NPU Real-time Power(W)         : 111.1

	Chip Name                      : mcu
	Temperature(C)                 : 45
2026-09-06T09:21:29+08:00
	NPU ID                         : 6
	Chip Count                     : 1

	Process id:2037247 Process name:python            Process memory(MB):7143
	Chip ID                        : 0

	NPU ID                         : 6
	Chip Count                     : 1

	Chip ID                        : 0
	Memory Usage Rate(%)           : 0
	HBM Usage Rate(%)              : 16
	Aicore Usage Rate(%)           : 0
	Aicore Freq(MHZ)               : 1800
	Aicore curFreq(MHZ)            : 1800
	Aicore Count                   : 24
	Temperature(C)                 : 49
	NPU Real-time Power(W)         : 111.1

	Chip Name                      : mcu
	Temperature(C)                 : 44
2026-09-06T09:21:35+08:00
	NPU ID                         : 6
	Chip Count                     : 1

	Process id:2037247 Process name:python            Process memory(MB):7143
	Chip ID                        : 0

	NPU ID                         : 6
	Chip Count                     : 1

	Chip ID                        : 0
	Memory Usage Rate(%)           : 0
	HBM Usage Rate(%)              : 16
	Aicore Usage Rate(%)           : 0
	Aicore Freq(MHZ)               : 1800
	Aicore curFreq(MHZ)            : 1800
	Aicore Count                   : 24
	Temperature(C)                 : 49
	NPU Real-time Power(W)         : 110.9

	Chip Name                      : mcu
	Temperature(C)                 : 44
2026-09-06T09:21:41+08:00
	NPU ID                         : 6
	Chip Count                     : 1

	Process id:2037247 Process name:python            Process memory(MB):7143
	Chip ID                        : 0

	NPU ID                         : 6
	Chip Count                     : 1

	Chip ID                        : 0
	Memory Usage Rate(%)           : 0
	HBM Usage Rate(%)              : 16
	Aicore Usage Rate(%)           : 0
	Aicore Freq(MHZ)               : 1800
	Aicore curFreq(MHZ)            : 1800
	Aicore Count                   : 24
	Temperature(C)                 : 49
	NPU Real-time Power(W)         : 110.7

	Chip Name                      : mcu
	Temperature(C)                 : 44
2026-09-06T09:21:48+08:00
	NPU ID                         : 6
	Chip Count                     : 1

	Process id:2037247 Process name:python            Process memory(MB):7143
	Chip ID                        : 0

	NPU ID                         : 6
	Chip Count                     : 1

	Chip ID                        : 0
	Memory Usage Rate(%)           : 0
	HBM Usage Rate(%)              : 16
	Aicore Usage Rate(%)           : 0
	Aicore Freq(MHZ)               : 1800
	Aicore curFreq(MHZ)            : 1800
	Aicore Count                   : 24
	Temperature(C)                 : 49
	NPU Real-time Power(W)         : 110.7

	Chip Name                      : mcu
	Temperature(C)                 : 44
2026-09-06T09:21:54+08:00
	NPU ID                         : 6
	Chip Count                     : 1

	Process id:2037247 Process name:python            Process memory(MB):7143
	Chip ID                        : 0

	NPU ID                         : 6
	Chip Count                     : 1

	Chip ID                        : 0
	Memory Usage Rate(%)           : 0
	HBM Usage Rate(%)              : 16
	Aicore Usage Rate(%)           : 0
	Aicore Freq(MHZ)               : 1800
	Aicore curFreq(MHZ)            : 1800
	Aicore Count                   : 24
	Temperature(C)                 : 49
	NPU Real-time Power(W)         : 110.8

	Chip Name                      : mcu
	Temperature(C)                 : 44
2026-09-06T09:22:00+08:00
	NPU ID                         : 6
	Chip Count                     : 1

	Process id:2037247 Process name:python            Process memory(MB):7143
	Chip ID                        : 0

	NPU ID                         : 6
	Chip Count                     : 1

	Chip ID                        : 0
	Memory Usage Rate(%)           : 0
	HBM Usage Rate(%)              : 16
	Aicore Usage Rate(%)           : 0
	Aicore Freq(MHZ)               : 1800
	Aicore curFreq(MHZ)            : 1800
	Aicore Count                   : 24
	Temperature(C)                 : 49
	NPU Real-time Power(W)         : 111.5

	Chip Name                      : mcu
	Temperature(C)                 : 44
2026-09-06T09:22:06+08:00
	NPU ID                         : 6
	Chip Count                     : 1

	Process id:2037247 Process name:python            Process memory(MB):7143
	Chip ID                        : 0

	NPU ID                         : 6
	Chip Count                     : 1

	Chip ID                        : 0
	Memory Usage Rate(%)           : 0
	HBM Usage Rate(%)              : 16
	Aicore Usage Rate(%)           : 0
	Aicore Freq(MHZ)               : 1800
	Aicore curFreq(MHZ)            : 1800
	Aicore Count                   : 24
	Temperature(C)                 : 49
	NPU Real-time Power(W)         : 110.7

	Chip Name                      : mcu
	Temperature(C)                 : 44
2026-09-06T09:22:12+08:00
	NPU ID                         : 6
	Chip Count                     : 1

	Process id:2037247 Process name:python            Process memory(MB):7143
	Chip ID                        : 0

	NPU ID                         : 6
	Chip Count                     : 1

	Chip ID                        : 0
	Memory Usage Rate(%)           : 0
	HBM Usage Rate(%)              : 16
	Aicore Usage Rate(%)           : 0
	Aicore Freq(MHZ)               : 1800
	Aicore curFreq(MHZ)            : 1800
	Aicore Count                   : 24
	Temperature(C)                 : 49
	NPU Real-time Power(W)         : 110.6

	Chip Name                      : mcu
	Temperature(C)                 : 44
2026-09-06T09:22:18+08:00
	NPU ID                         : 6
	Chip Count                     : 1

	Process id:2037247 Process name:python            Process memory(MB):7143
	Chip ID                        : 0

	NPU ID                         : 6
	Chip Count                     : 1

	Chip ID                        : 0
	Memory Usage Rate(%)           : 0
	HBM Usage Rate(%)              : 16
	Aicore Usage Rate(%)           : 0
	Aicore Freq(MHZ)               : 1800
	Aicore curFreq(MHZ)            : 1800
	Aicore Count                   : 24
	Temperature(C)                 : 48
	NPU Real-time Power(W)         : 110.3

	Chip Name                      : mcu
	Temperature(C)                 : 44
2026-09-06T09:22:24+08:00
	NPU ID                         : 6
	Chip Count                     : 1

	Process id:2037247 Process name:python            Process memory(MB):7143
	Chip ID                        : 0

	NPU ID                         : 6
	Chip Count                     : 1

	Chip ID                        : 0
	Memory Usage Rate(%)           : 0
	HBM Usage Rate(%)              : 16
	Aicore Usage Rate(%)           : 0
	Aicore Freq(MHZ)               : 1800
	Aicore curFreq(MHZ)            : 1800
	Aicore Count                   : 24
	Temperature(C)                 : 48
	NPU Real-time Power(W)         : 110.0

	Chip Name                      : mcu
	Temperature(C)                 : 44
2026-09-06T09:22:30+08:00
	NPU ID                         : 6
	Chip Count                     : 1

	Process id:2037247 Process name:python            Process memory(MB):7143
	Chip ID                        : 0

	NPU ID                         : 6
	Chip Count                     : 1

	Chip ID                        : 0
	Memory Usage Rate(%)           : 0
	HBM Usage Rate(%)              : 16
	Aicore Usage Rate(%)           : 0
	Aicore Freq(MHZ)               : 1800
	Aicore curFreq(MHZ)            : 1800
	Aicore Count                   : 24
	Temperature(C)                 : 48
	NPU Real-time Power(W)         : 110.2

	Chip Name                      : mcu
	Temperature(C)                 : 44
2026-09-06T09:22:36+08:00
	NPU ID                         : 6
	Chip Count                     : 1

	Process id:2037247 Process name:python            Process memory(MB):7143
	Chip ID                        : 0

	NPU ID                         : 6
	Chip Count                     : 1

	Chip ID                        : 0
	Memory Usage Rate(%)           : 0
	HBM Usage Rate(%)              : 16
	Aicore Usage Rate(%)           : 0
	Aicore Freq(MHZ)               : 1800
	Aicore curFreq(MHZ)            : 1800
	Aicore Count                   : 24
	Temperature(C)                 : 48
	NPU Real-time Power(W)         : 110.2

	Chip Name                      : mcu
	Temperature(C)                 : 44
2026-09-06T09:22:42+08:00
	NPU ID                         : 6
	Chip Count                     : 1

	Process id:2037247 Process name:python            Process memory(MB):7143
	Chip ID                        : 0

	NPU ID                         : 6
	Chip Count                     : 1

	Chip ID                        : 0
	Memory Usage Rate(%)           : 0
	HBM Usage Rate(%)              : 16
	Aicore Usage Rate(%)           : 0
	Aicore Freq(MHZ)               : 1800
	Aicore curFreq(MHZ)            : 1800
	Aicore Count                   : 24
	Temperature(C)                 : 48
	NPU Real-time Power(W)         : 110.5

	Chip Name                      : mcu
	Temperature(C)                 : 44
2026-09-06T09:22:48+08:00
	NPU ID                         : 6
	Chip Count                     : 1

	Process id:2037247 Process name:python            Process memory(MB):7143
	Chip ID                        : 0

	NPU ID                         : 6
	Chip Count                     : 1

	Chip ID                        : 0
	Memory Usage Rate(%)           : 0
	HBM Usage Rate(%)              : 16
	Aicore Usage Rate(%)           : 0
	Aicore Freq(MHZ)               : 1800
	Aicore curFreq(MHZ)            : 1800
	Aicore Count                   : 24
	Temperature(C)                 : 48
	NPU Real-time Power(W)         : 110.8

	Chip Name                      : mcu
	Temperature(C)                 : 43
2026-09-06T09:22:55+08:00
	NPU ID                         : 6
	Chip Count                     : 1

	Process id:2037247 Process name:python            Process memory(MB):7143
	Chip ID                        : 0

	NPU ID                         : 6
	Chip Count                     : 1

	Chip ID                        : 0
	Memory Usage Rate(%)           : 0
	HBM Usage Rate(%)              : 16
	Aicore Usage Rate(%)           : 0
	Aicore Freq(MHZ)               : 1800
	Aicore curFreq(MHZ)            : 1800
	Aicore Count                   : 24
	Temperature(C)                 : 48
	NPU Real-time Power(W)         : 110.4

	Chip Name                      : mcu
	Temperature(C)                 : 43
2026-09-06T09:23:01+08:00
	NPU ID                         : 6
	Chip Count                     : 1

	Process id:2037247 Process name:python            Process memory(MB):7143
	Chip ID                        : 0

	NPU ID                         : 6
	Chip Count                     : 1

	Chip ID                        : 0
	Memory Usage Rate(%)           : 0
	HBM Usage Rate(%)              : 16
	Aicore Usage Rate(%)           : 0
	Aicore Freq(MHZ)               : 1800
	Aicore curFreq(MHZ)            : 1800
	Aicore Count                   : 24
	Temperature(C)                 : 49
	NPU Real-time Power(W)         : 110.2

	Chip Name                      : mcu
	Temperature(C)                 : 43
2026-09-06T09:23:07+08:00
	NPU ID                         : 6
	Chip Count                     : 1

	Process id:2037247 Process name:python            Process memory(MB):7143
	Chip ID                        : 0

	NPU ID                         : 6
	Chip Count                     : 1

	Chip ID                        : 0
	Memory Usage Rate(%)           : 0
	HBM Usage Rate(%)              : 16
	Aicore Usage Rate(%)           : 0
	Aicore Freq(MHZ)               : 1800
	Aicore curFreq(MHZ)            : 1800
	Aicore Count                   : 24
	Temperature(C)                 : 47
	NPU Real-time Power(W)         : 110.6

	Chip Name                      : mcu
	Temperature(C)                 : 43
2026-09-06T09:23:13+08:00
	NPU ID                         : 6
	Chip Count                     : 1

	Process id:2037247 Process name:python            Process memory(MB):7143
	Chip ID                        : 0

	NPU ID                         : 6
	Chip Count                     : 1

	Chip ID                        : 0
	Memory Usage Rate(%)           : 0
	HBM Usage Rate(%)              : 16
	Aicore Usage Rate(%)           : 0
	Aicore Freq(MHZ)               : 1800
	Aicore curFreq(MHZ)            : 1800
	Aicore Count                   : 24
	Temperature(C)                 : 49
	NPU Real-time Power(W)         : 110.7

	Chip Name                      : mcu
	Temperature(C)                 : 43
2026-09-06T09:23:19+08:00
	NPU ID                         : 6
	Chip Count                     : 1

	Process id:2037247 Process name:python            Process memory(MB):7143
	Chip ID                        : 0

	NPU ID                         : 6
	Chip Count                     : 1

	Chip ID                        : 0
	Memory Usage Rate(%)           : 0
	HBM Usage Rate(%)              : 16
	Aicore Usage Rate(%)           : 0
	Aicore Freq(MHZ)               : 1800
	Aicore curFreq(MHZ)            : 1800
	Aicore Count                   : 24
	Temperature(C)                 : 49
	NPU Real-time Power(W)         : 110.9

	Chip Name                      : mcu
	Temperature(C)                 : 43
2026-09-06T09:23:25+08:00
	NPU ID                         : 6
	Chip Count                     : 1

	Process id:2037247 Process name:python            Process memory(MB):7143
	Chip ID                        : 0

	NPU ID                         : 6
	Chip Count                     : 1

	Chip ID                        : 0
	Memory Usage Rate(%)           : 0
	HBM Usage Rate(%)              : 16
	Aicore Usage Rate(%)           : 51
	Aicore Freq(MHZ)               : 1800
	Aicore curFreq(MHZ)            : 1800
	Aicore Count                   : 24
	Temperature(C)                 : 52
	NPU Real-time Power(W)         : 222.5

	Chip Name                      : mcu
	Temperature(C)                 : 43
2026-09-06T09:23:31+08:00
	NPU ID                         : 6
	Chip Count                     : 1

	Process id:2037247 Process name:python            Process memory(MB):7143
	Chip ID                        : 0

	NPU ID                         : 6
	Chip Count                     : 1

	Chip ID                        : 0
	Memory Usage Rate(%)           : 0
	HBM Usage Rate(%)              : 16
	Aicore Usage Rate(%)           : 59
	Aicore Freq(MHZ)               : 1800
	Aicore curFreq(MHZ)            : 1800
	Aicore Count                   : 24
	Temperature(C)                 : 51
	NPU Real-time Power(W)         : 224.7

	Chip Name                      : mcu
	Temperature(C)                 : 44
2026-09-06T09:23:37+08:00
	NPU ID                         : 6
	Chip Count                     : 1

	Process id:2037247 Process name:python            Process memory(MB):7143
	Chip ID                        : 0

	NPU ID                         : 6
	Chip Count                     : 1

	Chip ID                        : 0
	Memory Usage Rate(%)           : 0
	HBM Usage Rate(%)              : 16
	Aicore Usage Rate(%)           : 42
	Aicore Freq(MHZ)               : 1800
	Aicore curFreq(MHZ)            : 1800
	Aicore Count                   : 24
	Temperature(C)                 : 52
	NPU Real-time Power(W)         : 208.0

	Chip Name                      : mcu
	Temperature(C)                 : 44
2026-09-06T09:23:43+08:00
	NPU ID                         : 6
	Chip Count                     : 1

	Process id:2037247 Process name:python            Process memory(MB):7143
	Chip ID                        : 0

	NPU ID                         : 6
	Chip Count                     : 1

	Chip ID                        : 0
	Memory Usage Rate(%)           : 0
	HBM Usage Rate(%)              : 16
	Aicore Usage Rate(%)           : 57
	Aicore Freq(MHZ)               : 1800
	Aicore curFreq(MHZ)            : 1800
	Aicore Count                   : 24
	Temperature(C)                 : 53
	NPU Real-time Power(W)         : 213.1

	Chip Name                      : mcu
	Temperature(C)                 : 45
2026-09-06T09:23:49+08:00
	NPU ID                         : 6
	Chip Count                     : 1

	Process id:2037247 Process name:python            Process memory(MB):7143
	Chip ID                        : 0

	NPU ID                         : 6
	Chip Count                     : 1

	Chip ID                        : 0
	Memory Usage Rate(%)           : 0
	HBM Usage Rate(%)              : 16
	Aicore Usage Rate(%)           : 54
	Aicore Freq(MHZ)               : 1800
	Aicore curFreq(MHZ)            : 1800
	Aicore Count                   : 24
	Temperature(C)                 : 51
	NPU Real-time Power(W)         : 207.2

	Chip Name                      : mcu
	Temperature(C)                 : 45
2026-09-06T09:23:56+08:00
	NPU ID                         : 6
	Chip Count                     : 1

	Process id:2037247 Process name:python            Process memory(MB):7143
	Chip ID                        : 0

	NPU ID                         : 6
	Chip Count                     : 1

	Chip ID                        : 0
	Memory Usage Rate(%)           : 0
	HBM Usage Rate(%)              : 16
	Aicore Usage Rate(%)           : 62
	Aicore Freq(MHZ)               : 1800
	Aicore curFreq(MHZ)            : 1800
	Aicore Count                   : 24
	Temperature(C)                 : 51
	NPU Real-time Power(W)         : 250.7

	Chip Name                      : mcu
	Temperature(C)                 : 46
2026-09-06T09:24:02+08:00
	NPU ID                         : 6
	Chip Count                     : 1

	Process id:2037247 Process name:python            Process memory(MB):7143
	Chip ID                        : 0

	NPU ID                         : 6
	Chip Count                     : 1

	Chip ID                        : 0
	Memory Usage Rate(%)           : 0
	HBM Usage Rate(%)              : 16
	Aicore Usage Rate(%)           : 53
	Aicore Freq(MHZ)               : 1800
	Aicore curFreq(MHZ)            : 1800
	Aicore Count                   : 24
	Temperature(C)                 : 53
	NPU Real-time Power(W)         : 204.6

	Chip Name                      : mcu
	Temperature(C)                 : 46
2026-09-06T09:24:08+08:00
	NPU ID                         : 6
	Chip Count                     : 1

	Process id:2037247 Process name:python            Process memory(MB):7143
	Chip ID                        : 0

	NPU ID                         : 6
	Chip Count                     : 1

	Chip ID                        : 0
	Memory Usage Rate(%)           : 0
	HBM Usage Rate(%)              : 16
	Aicore Usage Rate(%)           : 44
	Aicore Freq(MHZ)               : 1800
	Aicore curFreq(MHZ)            : 1800
	Aicore Count                   : 24
	Temperature(C)                 : 51
	NPU Real-time Power(W)         : 229.6

	Chip Name                      : mcu
	Temperature(C)                 : 47
2026-09-06T09:24:14+08:00
	NPU ID                         : 6
	Chip Count                     : 1

	Process id:2037247 Process name:python            Process memory(MB):7143
	Chip ID                        : 0

	NPU ID                         : 6
	Chip Count                     : 1

	Chip ID                        : 0
	Memory Usage Rate(%)           : 0
	HBM Usage Rate(%)              : 16
	Aicore Usage Rate(%)           : 53
	Aicore Freq(MHZ)               : 1800
	Aicore curFreq(MHZ)            : 1800
	Aicore Count                   : 24
	Temperature(C)                 : 52
	NPU Real-time Power(W)         : 238.9

	Chip Name                      : mcu
	Temperature(C)                 : 47
2026-09-06T09:24:20+08:00
	NPU ID                         : 6
	Chip Count                     : 1

	Process id:2037247 Process name:python            Process memory(MB):7143
	Chip ID                        : 0

	NPU ID                         : 6
	Chip Count                     : 1

	Chip ID                        : 0
	Memory Usage Rate(%)           : 0
	HBM Usage Rate(%)              : 16
	Aicore Usage Rate(%)           : 50
	Aicore Freq(MHZ)               : 1800
	Aicore curFreq(MHZ)            : 1800
	Aicore Count                   : 24
	Temperature(C)                 : 53
	NPU Real-time Power(W)         : 205.4

	Chip Name                      : mcu
	Temperature(C)                 : 47
2026-09-06T09:24:26+08:00
	NPU ID                         : 6
	Chip Count                     : 1

	Process id:2037247 Process name:python            Process memory(MB):7143
	Chip ID                        : 0

	NPU ID                         : 6
	Chip Count                     : 1

	Chip ID                        : 0
	Memory Usage Rate(%)           : 0
	HBM Usage Rate(%)              : 16
	Aicore Usage Rate(%)           : 47
	Aicore Freq(MHZ)               : 1800
	Aicore curFreq(MHZ)            : 1800
	Aicore Count                   : 24
	Temperature(C)                 : 51
	NPU Real-time Power(W)         : 243.3

	Chip Name                      : mcu
	Temperature(C)                 : 47
2026-09-06T09:24:32+08:00
	NPU ID                         : 6
	Chip Count                     : 1

	Process id:2037247 Process name:python            Process memory(MB):7143
	Chip ID                        : 0

	NPU ID                         : 6
	Chip Count                     : 1

	Chip ID                        : 0
	Memory Usage Rate(%)           : 0
	HBM Usage Rate(%)              : 16
	Aicore Usage Rate(%)           : 59
	Aicore Freq(MHZ)               : 1800
	Aicore curFreq(MHZ)            : 1800
	Aicore Count                   : 24
	Temperature(C)                 : 53
	NPU Real-time Power(W)         : 209.0

	Chip Name                      : mcu
	Temperature(C)                 : 47
2026-09-06T09:24:38+08:00
	NPU ID                         : 6
	Chip Count                     : 1

	Process id:2037247 Process name:python            Process memory(MB):7143
	Chip ID                        : 0

	NPU ID                         : 6
	Chip Count                     : 1

	Chip ID                        : 0
	Memory Usage Rate(%)           : 0
	HBM Usage Rate(%)              : 16
	Aicore Usage Rate(%)           : 57
	Aicore Freq(MHZ)               : 1800
	Aicore curFreq(MHZ)            : 1800
	Aicore Count                   : 24
	Temperature(C)                 : 51
	NPU Real-time Power(W)         : 227.4

	Chip Name                      : mcu
	Temperature(C)                 : 48
2026-09-06T09:24:44+08:00
	NPU ID                         : 6
	Chip Count                     : 1

	Process id:2037247 Process name:python            Process memory(MB):7143
	Chip ID                        : 0

	NPU ID                         : 6
	Chip Count                     : 1

	Chip ID                        : 0
	Memory Usage Rate(%)           : 0
	HBM Usage Rate(%)              : 16
	Aicore Usage Rate(%)           : 57
	Aicore Freq(MHZ)               : 1800
	Aicore curFreq(MHZ)            : 1800
	Aicore Count                   : 24
	Temperature(C)                 : 54
	NPU Real-time Power(W)         : 209.8

	Chip Name                      : mcu
	Temperature(C)                 : 48
2026-09-06T09:24:50+08:00
	NPU ID                         : 6
	Chip Count                     : 1

	Process id:2037247 Process name:python            Process memory(MB):7143
	Chip ID                        : 0

	NPU ID                         : 6
	Chip Count                     : 1

	Chip ID                        : 0
	Memory Usage Rate(%)           : 0
	HBM Usage Rate(%)              : 16
	Aicore Usage Rate(%)           : 51
	Aicore Freq(MHZ)               : 1800
	Aicore curFreq(MHZ)            : 1800
	Aicore Count                   : 24
	Temperature(C)                 : 51
	NPU Real-time Power(W)         : 210.7

	Chip Name                      : mcu
	Temperature(C)                 : 48
2026-09-06T09:24:57+08:00
	NPU ID                         : 6
	Chip Count                     : 1

	Process id:2037247 Process name:python            Process memory(MB):7143
	Chip ID                        : 0

	NPU ID                         : 6
	Chip Count                     : 1

	Chip ID                        : 0
	Memory Usage Rate(%)           : 0
	HBM Usage Rate(%)              : 16
	Aicore Usage Rate(%)           : 33
	Aicore Freq(MHZ)               : 1800
	Aicore curFreq(MHZ)            : 1800
	Aicore Count                   : 24
	Temperature(C)                 : 50
	NPU Real-time Power(W)         : 199.2

	Chip Name                      : mcu
	Temperature(C)                 : 48
2026-09-06T09:25:03+08:00
	NPU ID                         : 6
	Chip Count                     : 1

	Process id:2037247 Process name:python            Process memory(MB):7143
	Chip ID                        : 0

	NPU ID                         : 6
	Chip Count                     : 1

	Chip ID                        : 0
	Memory Usage Rate(%)           : 0
	HBM Usage Rate(%)              : 16
	Aicore Usage Rate(%)           : 53
	Aicore Freq(MHZ)               : 1800
	Aicore curFreq(MHZ)            : 1800
	Aicore Count                   : 24
	Temperature(C)                 : 51
	NPU Real-time Power(W)         : 210.4

	Chip Name                      : mcu
	Temperature(C)                 : 48
2026-09-06T09:25:09+08:00
	NPU ID                         : 6
	Chip Count                     : 1

	Process id:2037247 Process name:python            Process memory(MB):7143
	Chip ID                        : 0

	NPU ID                         : 6
	Chip Count                     : 1

	Chip ID                        : 0
	Memory Usage Rate(%)           : 0
	HBM Usage Rate(%)              : 16
	Aicore Usage Rate(%)           : 48
	Aicore Freq(MHZ)               : 1800
	Aicore curFreq(MHZ)            : 1800
	Aicore Count                   : 24
	Temperature(C)                 : 51
	NPU Real-time Power(W)         : 198.3

	Chip Name                      : mcu
	Temperature(C)                 : 48
2026-09-06T09:25:15+08:00
	NPU ID                         : 6
	Chip Count                     : 1

	Process id:2037247 Process name:python            Process memory(MB):7143
	Chip ID                        : 0

	NPU ID                         : 6
	Chip Count                     : 1

	Chip ID                        : 0
	Memory Usage Rate(%)           : 0
	HBM Usage Rate(%)              : 16
	Aicore Usage Rate(%)           : 52
	Aicore Freq(MHZ)               : 1800
	Aicore curFreq(MHZ)            : 1800
	Aicore Count                   : 24
	Temperature(C)                 : 52
	NPU Real-time Power(W)         : 203.5

	Chip Name                      : mcu
	Temperature(C)                 : 48
2026-09-06T09:25:21+08:00
	NPU ID                         : 6
	Chip Count                     : 1

	Process id:2037247 Process name:python            Process memory(MB):7143
	Chip ID                        : 0

	NPU ID                         : 6
	Chip Count                     : 1

	Chip ID                        : 0
	Memory Usage Rate(%)           : 0
	HBM Usage Rate(%)              : 16
	Aicore Usage Rate(%)           : 49
	Aicore Freq(MHZ)               : 1800
	Aicore curFreq(MHZ)            : 1800
	Aicore Count                   : 24
	Temperature(C)                 : 52
	NPU Real-time Power(W)         : 199.1

	Chip Name                      : mcu
	Temperature(C)                 : 48
2026-09-06T09:25:27+08:00
	NPU ID                         : 6
	Chip Count                     : 1

	Process id:2037247 Process name:python            Process memory(MB):7143
	Chip ID                        : 0

	NPU ID                         : 6
	Chip Count                     : 1

	Chip ID                        : 0
	Memory Usage Rate(%)           : 0
	HBM Usage Rate(%)              : 16
	Aicore Usage Rate(%)           : 46
	Aicore Freq(MHZ)               : 1800
	Aicore curFreq(MHZ)            : 1800
	Aicore Count                   : 24
	Temperature(C)                 : 51
	NPU Real-time Power(W)         : 200.5

	Chip Name                      : mcu
	Temperature(C)                 : 48
2026-09-06T09:25:33+08:00
	NPU ID                         : 6
	Chip Count                     : 1

	Process id:2037247 Process name:python            Process memory(MB):7143
	Chip ID                        : 0

	NPU ID                         : 6
	Chip Count                     : 1

	Chip ID                        : 0
	Memory Usage Rate(%)           : 0
	HBM Usage Rate(%)              : 16
	Aicore Usage Rate(%)           : 57
	Aicore Freq(MHZ)               : 1800
	Aicore curFreq(MHZ)            : 1800
	Aicore Count                   : 24
	Temperature(C)                 : 51
	NPU Real-time Power(W)         : 216.7

	Chip Name                      : mcu
	Temperature(C)                 : 48
2026-09-06T09:25:39+08:00
	NPU ID                         : 6
	Chip Count                     : 1

	Process id:2037247 Process name:python            Process memory(MB):7143
	Chip ID                        : 0

	NPU ID                         : 6
	Chip Count                     : 1

	Chip ID                        : 0
	Memory Usage Rate(%)           : 0
	HBM Usage Rate(%)              : 16
	Aicore Usage Rate(%)           : 51
	Aicore Freq(MHZ)               : 1800
	Aicore curFreq(MHZ)            : 1800
	Aicore Count                   : 24
	Temperature(C)                 : 50
	NPU Real-time Power(W)         : 194.4

	Chip Name                      : mcu
	Temperature(C)                 : 48
2026-09-06T09:25:45+08:00
	NPU ID                         : 6
	Chip Count                     : 1

	Process id:2037247 Process name:python            Process memory(MB):7143
	Chip ID                        : 0

	NPU ID                         : 6
	Chip Count                     : 1

	Chip ID                        : 0
	Memory Usage Rate(%)           : 0
	HBM Usage Rate(%)              : 16
	Aicore Usage Rate(%)           : 63
	Aicore Freq(MHZ)               : 1800
	Aicore curFreq(MHZ)            : 1800
	Aicore Count                   : 24
	Temperature(C)                 : 50
	NPU Real-time Power(W)         : 248.0

	Chip Name                      : mcu
	Temperature(C)                 : 48
2026-09-06T09:25:52+08:00
	NPU ID                         : 6
	Chip Count                     : 1

	Process id:2037247 Process name:python            Process memory(MB):7140
	Chip ID                        : 0

	NPU ID                         : 6
	Chip Count                     : 1

	Chip ID                        : 0
	Memory Usage Rate(%)           : 0
	HBM Usage Rate(%)              : 16
	Aicore Usage Rate(%)           : 56
	Aicore Freq(MHZ)               : 1800
	Aicore curFreq(MHZ)            : 1800
	Aicore Count                   : 24
	Temperature(C)                 : 52
	NPU Real-time Power(W)         : 229.3

	Chip Name                      : mcu
	Temperature(C)                 : 48
2026-09-06T09:25:58+08:00
	NPU ID                         : 6
	Chip Count                     : 1

	Process id:2057079 Process name:python3           Process memory(MB):127
	Process id:2037247 Process name:python            Process memory(MB):7140
	Chip ID                        : 0

	NPU ID                         : 6
	Chip Count                     : 1

	Chip ID                        : 0
	Memory Usage Rate(%)           : 0
	HBM Usage Rate(%)              : 16
	Aicore Usage Rate(%)           : 55
	Aicore Freq(MHZ)               : 1800
	Aicore curFreq(MHZ)            : 1800
	Aicore Count                   : 24
	Temperature(C)                 : 52
	NPU Real-time Power(W)         : 230.4

	Chip Name                      : mcu
	Temperature(C)                 : 48
2026-09-06T09:26:04+08:00
	NPU ID                         : 6
	Chip Count                     : 1

	Process id:2037247 Process name:python            Process memory(MB):7140
	Chip ID                        : 0

	NPU ID                         : 6
	Chip Count                     : 1

	Chip ID                        : 0
	Memory Usage Rate(%)           : 0
	HBM Usage Rate(%)              : 16
	Aicore Usage Rate(%)           : 52
	Aicore Freq(MHZ)               : 1800
	Aicore curFreq(MHZ)            : 1800
	Aicore Count                   : 24
	Temperature(C)                 : 53
	NPU Real-time Power(W)         : 201.2

	Chip Name                      : mcu
	Temperature(C)                 : 48
2026-09-06T09:26:10+08:00
	NPU ID                         : 6
	Chip Count                     : 1

	Process id:2037247 Process name:python            Process memory(MB):7140
	Chip ID                        : 0

	NPU ID                         : 6
	Chip Count                     : 1

	Chip ID                        : 0
	Memory Usage Rate(%)           : 0
	HBM Usage Rate(%)              : 16
	Aicore Usage Rate(%)           : 57
	Aicore Freq(MHZ)               : 1800
	Aicore curFreq(MHZ)            : 1800
	Aicore Count                   : 24
	Temperature(C)                 : 51
	NPU Real-time Power(W)         : 237.3

	Chip Name                      : mcu
	Temperature(C)                 : 48
2026-09-06T09:26:16+08:00
	NPU ID                         : 6
	Chip Count                     : 1

	Process id:2059772 Process name:python3           Process memory(MB):303
	Process id:2037247 Process name:python            Process memory(MB):7140
	Chip ID                        : 0

	NPU ID                         : 6
	Chip Count                     : 1

	Chip ID                        : 0
	Memory Usage Rate(%)           : 0
	HBM Usage Rate(%)              : 16
	Aicore Usage Rate(%)           : 40
	Aicore Freq(MHZ)               : 1800
	Aicore curFreq(MHZ)            : 1800
	Aicore Count                   : 24
	Temperature(C)                 : 51
	NPU Real-time Power(W)         : 199.5

	Chip Name                      : mcu
	Temperature(C)                 : 48
2026-09-06T09:26:22+08:00
	NPU ID                         : 6
	Chip Count                     : 1

	Process id:2059772 Process name:python3           Process memory(MB):303
	Process id:2037247 Process name:python            Process memory(MB):7140
	Chip ID                        : 0

	NPU ID                         : 6
	Chip Count                     : 1

	Chip ID                        : 0
	Memory Usage Rate(%)           : 0
	HBM Usage Rate(%)              : 16
	Aicore Usage Rate(%)           : 52
	Aicore Freq(MHZ)               : 1800
	Aicore curFreq(MHZ)            : 1800
	Aicore Count                   : 24
	Temperature(C)                 : 52
	NPU Real-time Power(W)         : 196.0

	Chip Name                      : mcu
	Temperature(C)                 : 48
2026-09-06T09:26:28+08:00
	NPU ID                         : 6
	Chip Count                     : 1

	Process id:2059772 Process name:python3           Process memory(MB):303
	Process id:2037247 Process name:python            Process memory(MB):7140
	Chip ID                        : 0

	NPU ID                         : 6
	Chip Count                     : 1

	Chip ID                        : 0
	Memory Usage Rate(%)           : 0
	HBM Usage Rate(%)              : 16
	Aicore Usage Rate(%)           : 0
	Aicore Freq(MHZ)               : 1800
	Aicore curFreq(MHZ)            : 1800
	Aicore Count                   : 24
	Temperature(C)                 : 49
	NPU Real-time Power(W)         : 117.4

	Chip Name                      : mcu
	Temperature(C)                 : 48
2026-09-06T09:26:34+08:00
	NPU ID                         : 6
	Chip Count                     : 1

	Process id:2059772 Process name:python3           Process memory(MB):303
	Process id:2037247 Process name:python            Process memory(MB):7140
	Chip ID                        : 0

	NPU ID                         : 6
	Chip Count                     : 1

	Chip ID                        : 0
	Memory Usage Rate(%)           : 0
	HBM Usage Rate(%)              : 16
	Aicore Usage Rate(%)           : 0
	Aicore Freq(MHZ)               : 1800
	Aicore curFreq(MHZ)            : 1800
	Aicore Count                   : 24
	Temperature(C)                 : 49
	NPU Real-time Power(W)         : 120.0

	Chip Name                      : mcu
	Temperature(C)                 : 48
2026-09-06T09:26:40+08:00
	NPU ID                         : 6
	Chip Count                     : 1

	Process id:2059772 Process name:python3           Process memory(MB):303
	Process id:2037247 Process name:python            Process memory(MB):7140
	Chip ID                        : 0

	NPU ID                         : 6
	Chip Count                     : 1

	Chip ID                        : 0
	Memory Usage Rate(%)           : 0
	HBM Usage Rate(%)              : 16
	Aicore Usage Rate(%)           : 0
	Aicore Freq(MHZ)               : 1800
	Aicore curFreq(MHZ)            : 1800
	Aicore Count                   : 24
	Temperature(C)                 : 49
	NPU Real-time Power(W)         : 119.6

	Chip Name                      : mcu
	Temperature(C)                 : 47
2026-09-06T09:26:47+08:00
	NPU ID                         : 6
	Chip Count                     : 1

	Process id:2059772 Process name:python3           Process memory(MB):303
	Process id:2037247 Process name:python            Process memory(MB):7140
	Chip ID                        : 0

	NPU ID                         : 6
	Chip Count                     : 1

	Chip ID                        : 0
	Memory Usage Rate(%)           : 0
	HBM Usage Rate(%)              : 16
	Aicore Usage Rate(%)           : 0
	Aicore Freq(MHZ)               : 1800
	Aicore curFreq(MHZ)            : 1800
	Aicore Count                   : 24
	Temperature(C)                 : 49
	NPU Real-time Power(W)         : 114.9

	Chip Name                      : mcu
	Temperature(C)                 : 47
2026-09-06T09:26:53+08:00
	NPU ID                         : 6
	Chip Count                     : 1

	Process id:2059772 Process name:python3           Process memory(MB):109
	Process id:2037247 Process name:python            Process memory(MB):7140
	Chip ID                        : 0

	NPU ID                         : 6
	Chip Count                     : 1

	Chip ID                        : 0
	Memory Usage Rate(%)           : 0
	HBM Usage Rate(%)              : 16
	Aicore Usage Rate(%)           : 0
	Aicore Freq(MHZ)               : 1800
	Aicore curFreq(MHZ)            : 1800
	Aicore Count                   : 24
	Temperature(C)                 : 49
	NPU Real-time Power(W)         : 111.4

	Chip Name                      : mcu
	Temperature(C)                 : 46
2026-09-06T09:26:59+08:00
	NPU ID                         : 6
	Chip Count                     : 1

	Process id:2037247 Process name:python            Process memory(MB):7140
	Chip ID                        : 0

	NPU ID                         : 6
	Chip Count                     : 1

	Chip ID                        : 0
	Memory Usage Rate(%)           : 0
	HBM Usage Rate(%)              : 16
	Aicore Usage Rate(%)           : 0
	Aicore Freq(MHZ)               : 1800
	Aicore curFreq(MHZ)            : 1800
	Aicore Count                   : 24
	Temperature(C)                 : 49
	NPU Real-time Power(W)         : 111.1

	Chip Name                      : mcu
	Temperature(C)                 : 46
2026-09-06T09:27:05+08:00
	NPU ID                         : 6
	Chip Count                     : 1

	Process id:2037247 Process name:python            Process memory(MB):7140
	Chip ID                        : 0

	NPU ID                         : 6
	Chip Count                     : 1

	Chip ID                        : 0
	Memory Usage Rate(%)           : 0
	HBM Usage Rate(%)              : 16
	Aicore Usage Rate(%)           : 0
	Aicore Freq(MHZ)               : 1800
	Aicore curFreq(MHZ)            : 1800
	Aicore Count                   : 24
	Temperature(C)                 : 49
	NPU Real-time Power(W)         : 111.2

	Chip Name                      : mcu
	Temperature(C)                 : 46
2026-09-06T09:27:11+08:00
	NPU ID                         : 6
	Chip Count                     : 1

	Process id:2069506 Process name:python3           Process memory(MB):321
	Process id:2037247 Process name:python            Process memory(MB):7140
	Chip ID                        : 0

	NPU ID                         : 6
	Chip Count                     : 1

	Chip ID                        : 0
	Memory Usage Rate(%)           : 0
	HBM Usage Rate(%)              : 16
	Aicore Usage Rate(%)           : 0
	Aicore Freq(MHZ)               : 1800
	Aicore curFreq(MHZ)            : 1800
	Aicore Count                   : 24
	Temperature(C)                 : 50
	NPU Real-time Power(W)         : 111.1

	Chip Name                      : mcu
	Temperature(C)                 : 45
2026-09-06T09:27:17+08:00
	NPU ID                         : 6
	Chip Count                     : 1

	Process id:2069506 Process name:python3           Process memory(MB):321
	Process id:2037247 Process name:python            Process memory(MB):7140
	Chip ID                        : 0

	NPU ID                         : 6
	Chip Count                     : 1

	Chip ID                        : 0
	Memory Usage Rate(%)           : 0
	HBM Usage Rate(%)              : 16
	Aicore Usage Rate(%)           : 0
	Aicore Freq(MHZ)               : 1800
	Aicore curFreq(MHZ)            : 1800
	Aicore Count                   : 24
	Temperature(C)                 : 50
	NPU Real-time Power(W)         : 119.7

	Chip Name                      : mcu
	Temperature(C)                 : 45
2026-09-06T09:27:23+08:00
	NPU ID                         : 6
	Chip Count                     : 1

	Process id:2069506 Process name:python3           Process memory(MB):321
	Process id:2037247 Process name:python            Process memory(MB):7140
	Chip ID                        : 0

	NPU ID                         : 6
	Chip Count                     : 1

	Chip ID                        : 0
	Memory Usage Rate(%)           : 0
	HBM Usage Rate(%)              : 16
	Aicore Usage Rate(%)           : 0
	Aicore Freq(MHZ)               : 1800
	Aicore curFreq(MHZ)            : 1800
	Aicore Count                   : 24
	Temperature(C)                 : 49
	NPU Real-time Power(W)         : 111.0

	Chip Name                      : mcu
	Temperature(C)                 : 45
2026-09-06T09:27:29+08:00
	NPU ID                         : 6
	Chip Count                     : 1

	Process id:2069506 Process name:python3           Process memory(MB):321
	Process id:2037247 Process name:python            Process memory(MB):7140
	Chip ID                        : 0

	NPU ID                         : 6
	Chip Count                     : 1

	Chip ID                        : 0
	Memory Usage Rate(%)           : 0
	HBM Usage Rate(%)              : 16
	Aicore Usage Rate(%)           : 0
	Aicore Freq(MHZ)               : 1800
	Aicore curFreq(MHZ)            : 1800
	Aicore Count                   : 24
	Temperature(C)                 : 49
	NPU Real-time Power(W)         : 111.2

	Chip Name                      : mcu
	Temperature(C)                 : 45
2026-09-06T09:27:35+08:00
	NPU ID                         : 6
	Chip Count                     : 1

	Process id:2069506 Process name:python3           Process memory(MB):321
	Process id:2037247 Process name:python            Process memory(MB):7140
	Chip ID                        : 0

	NPU ID                         : 6
	Chip Count                     : 1

	Chip ID                        : 0
	Memory Usage Rate(%)           : 0
	HBM Usage Rate(%)              : 16
	Aicore Usage Rate(%)           : 0
	Aicore Freq(MHZ)               : 1800
	Aicore curFreq(MHZ)            : 1800
	Aicore Count                   : 24
	Temperature(C)                 : 50
	NPU Real-time Power(W)         : 111.1

	Chip Name                      : mcu
	Temperature(C)                 : 45
2026-09-06T09:27:42+08:00
	NPU ID                         : 6
	Chip Count                     : 1

	Process id:2069506 Process name:python3           Process memory(MB):321
	Process id:2037247 Process name:python            Process memory(MB):7140
	Chip ID                        : 0

	NPU ID                         : 6
	Chip Count                     : 1

	Chip ID                        : 0
	Memory Usage Rate(%)           : 0
	HBM Usage Rate(%)              : 16
	Aicore Usage Rate(%)           : 71
	Aicore Freq(MHZ)               : 1800
	Aicore curFreq(MHZ)            : 1800
	Aicore Count                   : 24
	Temperature(C)                 : 50
	NPU Real-time Power(W)         : 158.8

	Chip Name                      : mcu
	Temperature(C)                 : 45
2026-09-06T09:27:48+08:00
	NPU ID                         : 6
	Chip Count                     : 1

	Process id:2069506 Process name:python3           Process memory(MB):321
	Process id:2037247 Process name:python            Process memory(MB):7140
	Chip ID                        : 0

	NPU ID                         : 6
	Chip Count                     : 1

	Chip ID                        : 0
	Memory Usage Rate(%)           : 0
	HBM Usage Rate(%)              : 16
	Aicore Usage Rate(%)           : 0
	Aicore Freq(MHZ)               : 1800
	Aicore curFreq(MHZ)            : 1800
	Aicore Count                   : 24
	Temperature(C)                 : 49
	NPU Real-time Power(W)         : 111.3

	Chip Name                      : mcu
	Temperature(C)                 : 45
2026-09-06T09:27:54+08:00
	NPU ID                         : 6
	Chip Count                     : 1

	Process id:2069506 Process name:python3           Process memory(MB):321
	Process id:2037247 Process name:python            Process memory(MB):7140
	Chip ID                        : 0

	NPU ID                         : 6
	Chip Count                     : 1

	Chip ID                        : 0
	Memory Usage Rate(%)           : 0
	HBM Usage Rate(%)              : 16
	Aicore Usage Rate(%)           : 0
	Aicore Freq(MHZ)               : 1800
	Aicore curFreq(MHZ)            : 1800
	Aicore Count                   : 24
	Temperature(C)                 : 49
	NPU Real-time Power(W)         : 110.7

	Chip Name                      : mcu
	Temperature(C)                 : 44
2026-09-06T09:28:00+08:00
	NPU ID                         : 6
	Chip Count                     : 1

	Process id:2069506 Process name:python3           Process memory(MB):321
	Process id:2037247 Process name:python            Process memory(MB):7140
	Chip ID                        : 0

	NPU ID                         : 6
	Chip Count                     : 1

	Chip ID                        : 0
	Memory Usage Rate(%)           : 0
	HBM Usage Rate(%)              : 16
	Aicore Usage Rate(%)           : 0
	Aicore Freq(MHZ)               : 1800
	Aicore curFreq(MHZ)            : 1800
	Aicore Count                   : 24
	Temperature(C)                 : 49
	NPU Real-time Power(W)         : 110.6

	Chip Name                      : mcu
	Temperature(C)                 : 44
2026-09-06T09:28:06+08:00
	NPU ID                         : 6
	Chip Count                     : 1

	Process id:2069506 Process name:python3           Process memory(MB):321
	Process id:2037247 Process name:python            Process memory(MB):7140
	Chip ID                        : 0

	NPU ID                         : 6
	Chip Count                     : 1

	Chip ID                        : 0
	Memory Usage Rate(%)           : 0
	HBM Usage Rate(%)              : 16
	Aicore Usage Rate(%)           : 0
	Aicore Freq(MHZ)               : 1800
	Aicore curFreq(MHZ)            : 1800
	Aicore Count                   : 24
	Temperature(C)                 : 48
	NPU Real-time Power(W)         : 113.8

	Chip Name                      : mcu
	Temperature(C)                 : 44
2026-09-06T09:28:12+08:00
	NPU ID                         : 6
	Chip Count                     : 1

	Process id:2069506 Process name:python3           Process memory(MB):321
	Process id:2037247 Process name:python            Process memory(MB):7140
	Chip ID                        : 0

	NPU ID                         : 6
	Chip Count                     : 1

	Chip ID                        : 0
	Memory Usage Rate(%)           : 0
	HBM Usage Rate(%)              : 16
	Aicore Usage Rate(%)           : 0
	Aicore Freq(MHZ)               : 1800
	Aicore curFreq(MHZ)            : 1800
	Aicore Count                   : 24
	Temperature(C)                 : 47
	NPU Real-time Power(W)         : 110.6

	Chip Name                      : mcu
	Temperature(C)                 : 44
2026-09-06T09:28:18+08:00
	NPU ID                         : 6
	Chip Count                     : 1

	Process id:2069506 Process name:python3           Process memory(MB):321
	Process id:2037247 Process name:python            Process memory(MB):7140
	Chip ID                        : 0

	NPU ID                         : 6
	Chip Count                     : 1

	Chip ID                        : 0
	Memory Usage Rate(%)           : 0
	HBM Usage Rate(%)              : 16
	Aicore Usage Rate(%)           : 0
	Aicore Freq(MHZ)               : 1800
	Aicore curFreq(MHZ)            : 1800
	Aicore Count                   : 24
	Temperature(C)                 : 47
	NPU Real-time Power(W)         : 110.4

	Chip Name                      : mcu
	Temperature(C)                 : 44
2026-09-06T09:28:24+08:00
	NPU ID                         : 6
	Chip Count                     : 1

	Process id:2069506 Process name:python3           Process memory(MB):321
	Process id:2037247 Process name:python            Process memory(MB):7140
	Chip ID                        : 0

	NPU ID                         : 6
	Chip Count                     : 1

	Chip ID                        : 0
	Memory Usage Rate(%)           : 0
	HBM Usage Rate(%)              : 16
	Aicore Usage Rate(%)           : 0
	Aicore Freq(MHZ)               : 1800
	Aicore curFreq(MHZ)            : 1800
	Aicore Count                   : 24
	Temperature(C)                 : 48
	NPU Real-time Power(W)         : 110.3

	Chip Name                      : mcu
	Temperature(C)                 : 44
2026-09-06T09:28:30+08:00
	NPU ID                         : 6
	Chip Count                     : 1

	Process id:2069506 Process name:python3           Process memory(MB):321
	Process id:2037247 Process name:python            Process memory(MB):7140
	Chip ID                        : 0

	NPU ID                         : 6
	Chip Count                     : 1

	Chip ID                        : 0
	Memory Usage Rate(%)           : 0
	HBM Usage Rate(%)              : 16
	Aicore Usage Rate(%)           : 0
	Aicore Freq(MHZ)               : 1800
	Aicore curFreq(MHZ)            : 1800
	Aicore Count                   : 24
	Temperature(C)                 : 48
	NPU Real-time Power(W)         : 110.3

	Chip Name                      : mcu
	Temperature(C)                 : 44
2026-09-06T09:28:36+08:00
	NPU ID                         : 6
	Chip Count                     : 1

	Process id:2069506 Process name:python3           Process memory(MB):321
	Process id:2037247 Process name:python            Process memory(MB):7140
	Chip ID                        : 0

	NPU ID                         : 6
	Chip Count                     : 1

	Chip ID                        : 0
	Memory Usage Rate(%)           : 0
	HBM Usage Rate(%)              : 16
	Aicore Usage Rate(%)           : 0
	Aicore Freq(MHZ)               : 1800
	Aicore curFreq(MHZ)            : 1800
	Aicore Count                   : 24
	Temperature(C)                 : 47
	NPU Real-time Power(W)         : 110.6

	Chip Name                      : mcu
	Temperature(C)                 : 44
2026-09-06T09:28:43+08:00
	NPU ID                         : 6
	Chip Count                     : 1

	Process id:2069506 Process name:python3           Process memory(MB):321
	Process id:2037247 Process name:python            Process memory(MB):7140
	Chip ID                        : 0

	NPU ID                         : 6
	Chip Count                     : 1

	Chip ID                        : 0
	Memory Usage Rate(%)           : 0
	HBM Usage Rate(%)              : 16
	Aicore Usage Rate(%)           : 0
	Aicore Freq(MHZ)               : 1800
	Aicore curFreq(MHZ)            : 1800
	Aicore Count                   : 24
	Temperature(C)                 : 47
	NPU Real-time Power(W)         : 110.5

	Chip Name                      : mcu
	Temperature(C)                 : 44
2026-09-06T09:28:49+08:00
	NPU ID                         : 6
	Chip Count                     : 1

	Process id:2069506 Process name:python3           Process memory(MB):321
	Process id:2037247 Process name:python            Process memory(MB):7140
	Chip ID                        : 0

	NPU ID                         : 6
	Chip Count                     : 1

	Chip ID                        : 0
	Memory Usage Rate(%)           : 0
	HBM Usage Rate(%)              : 16
	Aicore Usage Rate(%)           : 0
	Aicore Freq(MHZ)               : 1800
	Aicore curFreq(MHZ)            : 1800
	Aicore Count                   : 24
	Temperature(C)                 : 48
	NPU Real-time Power(W)         : 110.7

	Chip Name                      : mcu
	Temperature(C)                 : 44
2026-09-06T09:28:55+08:00
	NPU ID                         : 6
	Chip Count                     : 1

	Process id:2069506 Process name:python3           Process memory(MB):321
	Process id:2037247 Process name:python            Process memory(MB):7140
	Chip ID                        : 0

	NPU ID                         : 6
	Chip Count                     : 1

	Chip ID                        : 0
	Memory Usage Rate(%)           : 0
	HBM Usage Rate(%)              : 16
	Aicore Usage Rate(%)           : 0
	Aicore Freq(MHZ)               : 1800
	Aicore curFreq(MHZ)            : 1800
	Aicore Count                   : 24
	Temperature(C)                 : 49
	NPU Real-time Power(W)         : 110.6

	Chip Name                      : mcu
	Temperature(C)                 : 44
2026-09-06T09:29:01+08:00
	NPU ID                         : 6
	Chip Count                     : 1

	Process id:2069506 Process name:python3           Process memory(MB):321
	Process id:2037247 Process name:python            Process memory(MB):7140
	Chip ID                        : 0

	NPU ID                         : 6
	Chip Count                     : 1

	Chip ID                        : 0
	Memory Usage Rate(%)           : 0
	HBM Usage Rate(%)              : 16
	Aicore Usage Rate(%)           : 0
	Aicore Freq(MHZ)               : 1800
	Aicore curFreq(MHZ)            : 1800
	Aicore Count                   : 24
	Temperature(C)                 : 49
	NPU Real-time Power(W)         : 110.7

	Chip Name                      : mcu
	Temperature(C)                 : 43
2026-09-06T09:29:07+08:00
	NPU ID                         : 6
	Chip Count                     : 1

	Process id:2069506 Process name:python3           Process memory(MB):321
	Process id:2037247 Process name:python            Process memory(MB):7140
	Chip ID                        : 0

	NPU ID                         : 6
	Chip Count                     : 1

	Chip ID                        : 0
	Memory Usage Rate(%)           : 0
	HBM Usage Rate(%)              : 16
	Aicore Usage Rate(%)           : 0
	Aicore Freq(MHZ)               : 1800
	Aicore curFreq(MHZ)            : 1800
	Aicore Count                   : 24
	Temperature(C)                 : 49
	NPU Real-time Power(W)         : 111.9

	Chip Name                      : mcu
	Temperature(C)                 : 43
2026-09-06T09:29:13+08:00
	NPU ID                         : 6
	Chip Count                     : 1

	Process id:2069506 Process name:python3           Process memory(MB):127
	Process id:2037247 Process name:python            Process memory(MB):7140
	Chip ID                        : 0

	NPU ID                         : 6
	Chip Count                     : 1

	Chip ID                        : 0
	Memory Usage Rate(%)           : 0
	HBM Usage Rate(%)              : 16
	Aicore Usage Rate(%)           : 0
	Aicore Freq(MHZ)               : 1800
	Aicore curFreq(MHZ)            : 1800
	Aicore Count                   : 24
	Temperature(C)                 : 48
	NPU Real-time Power(W)         : 111.0

	Chip Name                      : mcu
	Temperature(C)                 : 43
2026-09-06T09:29:19+08:00
	NPU ID                         : 6
	Chip Count                     : 1

	Process id:2037247 Process name:python            Process memory(MB):7140
	Chip ID                        : 0

	NPU ID                         : 6
	Chip Count                     : 1

	Chip ID                        : 0
	Memory Usage Rate(%)           : 0
	HBM Usage Rate(%)              : 16
	Aicore Usage Rate(%)           : 0
	Aicore Freq(MHZ)               : 1800
	Aicore curFreq(MHZ)            : 1800
	Aicore Count                   : 24
	Temperature(C)                 : 48
	NPU Real-time Power(W)         : 110.4

	Chip Name                      : mcu
	Temperature(C)                 : 43
2026-09-06T09:29:25+08:00
	NPU ID                         : 6
	Chip Count                     : 1

	Process id:2037247 Process name:python            Process memory(MB):7140
	Chip ID                        : 0

	NPU ID                         : 6
	Chip Count                     : 1

	Chip ID                        : 0
	Memory Usage Rate(%)           : 0
	HBM Usage Rate(%)              : 16
	Aicore Usage Rate(%)           : 0
	Aicore Freq(MHZ)               : 1800
	Aicore curFreq(MHZ)            : 1800
	Aicore Count                   : 24
	Temperature(C)                 : 48
	NPU Real-time Power(W)         : 111.3

	Chip Name                      : mcu
	Temperature(C)                 : 43
2026-09-06T09:29:32+08:00
	NPU ID                         : 6
	Chip Count                     : 1

	Process id:2087640 Process name:python3           Process memory(MB):323
	Process id:2037247 Process name:python            Process memory(MB):7140
	Chip ID                        : 0

	NPU ID                         : 6
	Chip Count                     : 1

	Chip ID                        : 0
	Memory Usage Rate(%)           : 0
	HBM Usage Rate(%)              : 16
	Aicore Usage Rate(%)           : 0
	Aicore Freq(MHZ)               : 1800
	Aicore curFreq(MHZ)            : 1800
	Aicore Count                   : 24
	Temperature(C)                 : 48
	NPU Real-time Power(W)         : 110.9

	Chip Name                      : mcu
	Temperature(C)                 : 43
2026-09-06T09:29:38+08:00
	NPU ID                         : 6
	Chip Count                     : 1

	Process id:2087640 Process name:python3           Process memory(MB):323
	Process id:2037247 Process name:python            Process memory(MB):7140
	Chip ID                        : 0

	NPU ID                         : 6
	Chip Count                     : 1

	Chip ID                        : 0
	Memory Usage Rate(%)           : 0
	HBM Usage Rate(%)              : 16
	Aicore Usage Rate(%)           : 0
	Aicore Freq(MHZ)               : 1800
	Aicore curFreq(MHZ)            : 1800
	Aicore Count                   : 24
	Temperature(C)                 : 49
	NPU Real-time Power(W)         : 110.9

	Chip Name                      : mcu
	Temperature(C)                 : 43
2026-09-06T09:29:44+08:00
	NPU ID                         : 6
	Chip Count                     : 1

	Process id:2087640 Process name:python3           Process memory(MB):323
	Process id:2037247 Process name:python            Process memory(MB):7140
	Chip ID                        : 0

	NPU ID                         : 6
	Chip Count                     : 1

	Chip ID                        : 0
	Memory Usage Rate(%)           : 0
	HBM Usage Rate(%)              : 16
	Aicore Usage Rate(%)           : 0
	Aicore Freq(MHZ)               : 1800
	Aicore curFreq(MHZ)            : 1800
	Aicore Count                   : 24
	Temperature(C)                 : 48
	NPU Real-time Power(W)         : 113.3

	Chip Name                      : mcu
	Temperature(C)                 : 43
2026-09-06T09:29:50+08:00
	NPU ID                         : 6
	Chip Count                     : 1

	Process id:2087640 Process name:python3           Process memory(MB):323
	Process id:2037247 Process name:python            Process memory(MB):7140
	Chip ID                        : 0

	NPU ID                         : 6
	Chip Count                     : 1

	Chip ID                        : 0
	Memory Usage Rate(%)           : 0
	HBM Usage Rate(%)              : 16
	Aicore Usage Rate(%)           : 0
	Aicore Freq(MHZ)               : 1800
	Aicore curFreq(MHZ)            : 1800
	Aicore Count                   : 24
	Temperature(C)                 : 49
	NPU Real-time Power(W)         : 111.0

	Chip Name                      : mcu
	Temperature(C)                 : 43
2026-09-06T09:29:56+08:00
	NPU ID                         : 6
	Chip Count                     : 1

	Process id:2087640 Process name:python3           Process memory(MB):323
	Chip ID                        : 0

	NPU ID                         : 6
	Chip Count                     : 1

	Chip ID                        : 0
	Memory Usage Rate(%)           : 0
	HBM Usage Rate(%)              : 5
	Aicore Usage Rate(%)           : 0
	Aicore Freq(MHZ)               : 1800
	Aicore curFreq(MHZ)            : 1800
	Aicore Count                   : 24
	Temperature(C)                 : 49
	NPU Real-time Power(W)         : 111.0

	Chip Name                      : mcu
	Temperature(C)                 : 43
2026-09-06T09:30:02+08:00
	NPU ID                         : 6
	Chip Count                     : 1

	Process id:2087640 Process name:python3           Process memory(MB):323
	Chip ID                        : 0

	NPU ID                         : 6
	Chip Count                     : 1

	Chip ID                        : 0
	Memory Usage Rate(%)           : 0
	HBM Usage Rate(%)              : 5
	Aicore Usage Rate(%)           : 0
	Aicore Freq(MHZ)               : 1800
	Aicore curFreq(MHZ)            : 1800
	Aicore Count                   : 24
	Temperature(C)                 : 50
	NPU Real-time Power(W)         : 111.0

	Chip Name                      : mcu
	Temperature(C)                 : 43
2026-09-06T09:30:08+08:00
	NPU ID                         : 6
	Chip Count                     : 1

	Process id:2087640 Process name:python3           Process memory(MB):323
	Chip ID                        : 0

	NPU ID                         : 6
	Chip Count                     : 1

	Chip ID                        : 0
	Memory Usage Rate(%)           : 0
	HBM Usage Rate(%)              : 5
	Aicore Usage Rate(%)           : 0
	Aicore Freq(MHZ)               : 1800
	Aicore curFreq(MHZ)            : 1800
	Aicore Count                   : 24
	Temperature(C)                 : 50
	NPU Real-time Power(W)         : 111.1

	Chip Name                      : mcu
	Temperature(C)                 : 43
2026-09-06T09:30:14+08:00
	NPU ID                         : 6
	Chip Count                     : 1

	Process id:2087640 Process name:python3           Process memory(MB):323
	Chip ID                        : 0

	NPU ID                         : 6
	Chip Count                     : 1

	Chip ID                        : 0
	Memory Usage Rate(%)           : 0
	HBM Usage Rate(%)              : 5
	Aicore Usage Rate(%)           : 0
	Aicore Freq(MHZ)               : 1800
	Aicore curFreq(MHZ)            : 1800
	Aicore Count                   : 24
	Temperature(C)                 : 50
	NPU Real-time Power(W)         : 112.3

	Chip Name                      : mcu
	Temperature(C)                 : 43
2026-09-06T09:30:20+08:00
	NPU ID                         : 6
	Chip Count                     : 1

	Process id:2087640 Process name:python3           Process memory(MB):323
	Chip ID                        : 0

	NPU ID                         : 6
	Chip Count                     : 1

	Chip ID                        : 0
	Memory Usage Rate(%)           : 0
	HBM Usage Rate(%)              : 5
	Aicore Usage Rate(%)           : 0
	Aicore Freq(MHZ)               : 1800
	Aicore curFreq(MHZ)            : 1800
	Aicore Count                   : 24
	Temperature(C)                 : 50
	NPU Real-time Power(W)         : 111.2

	Chip Name                      : mcu
	Temperature(C)                 : 43
2026-09-06T09:30:26+08:00
	NPU ID                         : 6
	Chip Count                     : 1

	Process id:2087640 Process name:python3           Process memory(MB):323
	Chip ID                        : 0

	NPU ID                         : 6
	Chip Count                     : 1

	Chip ID                        : 0
	Memory Usage Rate(%)           : 0
	HBM Usage Rate(%)              : 5
	Aicore Usage Rate(%)           : 0
	Aicore Freq(MHZ)               : 1800
	Aicore curFreq(MHZ)            : 1800
	Aicore Count                   : 24
	Temperature(C)                 : 50
	NPU Real-time Power(W)         : 110.8

	Chip Name                      : mcu
	Temperature(C)                 : 43
2026-09-06T09:30:33+08:00
	NPU ID                         : 6
	Chip Count                     : 1

	Process id:2087640 Process name:python3           Process memory(MB):323
	Chip ID                        : 0

	NPU ID                         : 6
	Chip Count                     : 1

	Chip ID                        : 0
	Memory Usage Rate(%)           : 0
	HBM Usage Rate(%)              : 5
	Aicore Usage Rate(%)           : 0
	Aicore Freq(MHZ)               : 1800
	Aicore curFreq(MHZ)            : 1800
	Aicore Count                   : 24
	Temperature(C)                 : 48
	NPU Real-time Power(W)         : 110.8

	Chip Name                      : mcu
	Temperature(C)                 : 43
2026-09-06T09:30:39+08:00
	NPU ID                         : 6
	Chip Count                     : 1

	Process id:2087640 Process name:python3           Process memory(MB):323
	Chip ID                        : 0

	NPU ID                         : 6
	Chip Count                     : 1

	Chip ID                        : 0
	Memory Usage Rate(%)           : 0
	HBM Usage Rate(%)              : 5
	Aicore Usage Rate(%)           : 0
	Aicore Freq(MHZ)               : 1800
	Aicore curFreq(MHZ)            : 1800
	Aicore Count                   : 24
	Temperature(C)                 : 48
	NPU Real-time Power(W)         : 110.7

	Chip Name                      : mcu
	Temperature(C)                 : 43
2026-09-06T09:30:45+08:00
	NPU ID                         : 6
	Chip Count                     : 1

	Process id:2087640 Process name:python3           Process memory(MB):323
	Chip ID                        : 0

	NPU ID                         : 6
	Chip Count                     : 1

	Chip ID                        : 0
	Memory Usage Rate(%)           : 0
	HBM Usage Rate(%)              : 5
	Aicore Usage Rate(%)           : 0
	Aicore Freq(MHZ)               : 1800
	Aicore curFreq(MHZ)            : 1800
	Aicore Count                   : 24
	Temperature(C)                 : 48
	NPU Real-time Power(W)         : 111.4

	Chip Name                      : mcu
	Temperature(C)                 : 43
2026-09-06T09:30:51+08:00
	NPU ID                         : 6
	Chip Count                     : 1

	Process id:2087640 Process name:python3           Process memory(MB):323
	Chip ID                        : 0

	NPU ID                         : 6
	Chip Count                     : 1

	Chip ID                        : 0
	Memory Usage Rate(%)           : 0
	HBM Usage Rate(%)              : 5
	Aicore Usage Rate(%)           : 0
	Aicore Freq(MHZ)               : 1800
	Aicore curFreq(MHZ)            : 1800
	Aicore Count                   : 24
	Temperature(C)                 : 49
	NPU Real-time Power(W)         : 110.5

	Chip Name                      : mcu
	Temperature(C)                 : 43
2026-09-06T09:30:57+08:00
	NPU ID                         : 6
	Chip Count                     : 1

	Process id:2087640 Process name:python3           Process memory(MB):323
	Chip ID                        : 0

	NPU ID                         : 6
	Chip Count                     : 1

	Chip ID                        : 0
	Memory Usage Rate(%)           : 0
	HBM Usage Rate(%)              : 5
	Aicore Usage Rate(%)           : 0
	Aicore Freq(MHZ)               : 1800
	Aicore curFreq(MHZ)            : 1800
	Aicore Count                   : 24
	Temperature(C)                 : 49
	NPU Real-time Power(W)         : 110.7

	Chip Name                      : mcu
	Temperature(C)                 : 43
2026-09-06T09:31:03+08:00
	NPU ID                         : 6
	Chip Count                     : 1

	Process id:2087640 Process name:python3           Process memory(MB):323
	Chip ID                        : 0

	NPU ID                         : 6
	Chip Count                     : 1

	Chip ID                        : 0
	Memory Usage Rate(%)           : 0
	HBM Usage Rate(%)              : 5
	Aicore Usage Rate(%)           : 0
	Aicore Freq(MHZ)               : 1800
	Aicore curFreq(MHZ)            : 1800
	Aicore Count                   : 24
	Temperature(C)                 : 49
	NPU Real-time Power(W)         : 110.8

	Chip Name                      : mcu
	Temperature(C)                 : 43
2026-09-06T09:31:09+08:00
	NPU ID                         : 6
	Chip Count                     : 1

	Process id:2087640 Process name:python3           Process memory(MB):323
	Chip ID                        : 0

	NPU ID                         : 6
	Chip Count                     : 1

	Chip ID                        : 0
	Memory Usage Rate(%)           : 0
	HBM Usage Rate(%)              : 5
	Aicore Usage Rate(%)           : 0
	Aicore Freq(MHZ)               : 1800
	Aicore curFreq(MHZ)            : 1800
	Aicore Count                   : 24
	Temperature(C)                 : 49
	NPU Real-time Power(W)         : 112.4

	Chip Name                      : mcu
	Temperature(C)                 : 43
2026-09-06T09:31:15+08:00
	NPU ID                         : 6
	Chip Count                     : 1

	Process id:2087640 Process name:python3           Process memory(MB):323
	Chip ID                        : 0

	NPU ID                         : 6
	Chip Count                     : 1

	Chip ID                        : 0
	Memory Usage Rate(%)           : 0
	HBM Usage Rate(%)              : 5
	Aicore Usage Rate(%)           : 0
	Aicore Freq(MHZ)               : 1800
	Aicore curFreq(MHZ)            : 1800
	Aicore Count                   : 24
	Temperature(C)                 : 49
	NPU Real-time Power(W)         : 110.5

	Chip Name                      : mcu
	Temperature(C)                 : 43
2026-09-06T09:31:21+08:00
	NPU ID                         : 6
	Chip Count                     : 1

	Process id:2087640 Process name:python3           Process memory(MB):323
	Chip ID                        : 0

	NPU ID                         : 6
	Chip Count                     : 1

	Chip ID                        : 0
	Memory Usage Rate(%)           : 0
	HBM Usage Rate(%)              : 5
	Aicore Usage Rate(%)           : 0
	Aicore Freq(MHZ)               : 1800
	Aicore curFreq(MHZ)            : 1800
	Aicore Count                   : 24
	Temperature(C)                 : 49
	NPU Real-time Power(W)         : 110.1

	Chip Name                      : mcu
	Temperature(C)                 : 43
