Device_id,kernel_name,kernel_type,stream_id,task_id,task_time(us),task_start(us),task_stop(us)
2,N/A,PROFILING_ENABLE,0,4,0.020,1784811950121299.025	,1784811950121299.045	
2,N/A,EVENT_RECORD,3,775,0.020,1784811950130781.465	,1784811950130781.485	
2,N/A,MEMCPY_ASYNC,3,776,2.540,1784811950131591.005	,1784811950131593.545	
2,UpdateModelParam,AI_VECTOR_CORE,3,777,5.900,1784811950131593.685	,1784811950131599.585	
2,N/A,PROFILER_TRACE_EX,3,778,0.020,1784811950131657.705	,1784811950131657.725	
2,N/A,MODEL_EXECUTE,3,779,5.720,1784811950131657.945	,1784811950131663.665	
2,te_range_84dc5a3a317b46012ced535b31ec030d4063f72b60ba6c919bb01367e91d3f11__kernel0,AI_VECTOR_CORE,6,0,9.360,1784811950131663.665	,1784811950131673.025	
2,te_cast_6d4e019e204362fae236bca25820bb865e0d06d9c5e0a479069d53db234b3084__kernel0,AI_VECTOR_CORE,6,1,1.440,1784811950131673.065	,1784811950131674.505	
2,N/A,NOTIFY_WAIT,3,780,1595.420,1784811950131674.285	,1784811950133269.705	
2,te_gatherv2_2ad3c4fcb2adc6b8e213f8d50b04c187654010192a03d5c1a50dba4862c42601__kernel0,AI_VECTOR_CORE,6,2,2.620,1784811950131674.525	,1784811950131677.145	
2,te_rmsnorm_c87c5b7e517e5ff600d6e190bbb294c67bdfd0db22b178c0460372b1e7874a31__kernel0,AI_VECTOR_CORE,6,3,6.520,1784811950131677.185	,1784811950131683.705	
2,te_matmul_adca21770e6b7812d1719f354d92d05734a73fa1b9b7bb56d4d741db7e78e3a3__kernel0,AI_CORE,6,4,9.420,1784811950131683.725	,1784811950131693.145	
2,te_splitvd_23e6d833017f5dfe76c57c5940158050e2999451c1c2823a7e115bafb94e9a2d__kernel0,AI_VECTOR_CORE,6,5,1.380,1784811950131693.165	,1784811950131694.545	
2,te_add_60a19b5fa7dfd3f191d5a508080964ef17e892b3e7bf5222a9b5b8f148b7c104__kernel0,AI_VECTOR_CORE,6,6,1.900,1784811950131694.585	,1784811950131696.485	
2,te_broadcastto_fd05c7e391c3b2fb941d52e3b6c51dc2a7cfd16ba2a9c17a00a49c92a3a76879__kernel0,AI_VECTOR_CORE,6,7,1.080,1784811950131696.525	,1784811950131697.605	
2,te_cast_a3d8f353e909fdd0ec61b8f4354c118776c818f2d1956a1d103559dc3a9173ac__kernel0,AI_VECTOR_CORE,6,8,1.120,1784811950131697.625	,1784811950131698.745	
2,te_scatter_f37d059f5c7cde2456a890d107ace370a7cc4eacc5600fe85218cf6bb0549f7a__kernel0,AI_VECTOR_CORE,6,9,2.620,1784811950131698.765	,1784811950131701.385	
2,te_broadcastto_ddb30dab3f2eedcaaa734039162b4e7d1ed6b1c17791538e8fe72a4f4d5977bc__kernel0,AI_VECTOR_CORE,6,10,1.520,1784811950131701.405	,1784811950131702.925	
2,te_mul_492433a85b87615ac95244677004a321c2d802e8f06c83e0855198c3af7f9fd4__kernel0,AI_VECTOR_CORE,6,11,1.120,1784811950131702.965	,1784811950131704.085	
2,te_concatv2d_9298eb8a956c62898870cac5bade619b7b3ff3e6c6393f52dfcb58cb1d6ec2f6__kernel0,AI_VECTOR_CORE,6,12,3.880,1784811950131704.105	,1784811950131707.985	
2,te_cos_f0a2e9cf1b9a0d79db656cffd3a63b4f724e975dcdbc51de05b51f9cda291af4__kernel0,AI_VECTOR_CORE,6,13,2.160,1784811950131708.005	,1784811950131710.165	
2,te_fused_op_mul_cast_1ca4e013841e16661a5a29bdc39fd51b1a2642ace0795dd7c83c9c175c22a4b4__kernel0,AI_VECTOR_CORE,6,14,1.640,1784811950131710.185	,1784811950131711.825	
2,te_sin_45a88304de4db3334cde016e9314c080269bf720b85e8f766bf42e5cbcf776e4__kernel0,AI_VECTOR_CORE,6,15,2.160,1784811950131711.845	,1784811950131714.005	
2,te_fused_op_mul_cast_1ca4e013841e16661a5a29bdc39fd51b1a2642ace0795dd7c83c9c175c22a4b4__kernel0,AI_VECTOR_CORE,6,16,1.480,1784811950131714.025	,1784811950131715.505	
2,te_splitvd_b367d622d158830fbf9afc9aee566383b1c169b9346b97d54ec60cdbe7d9e294__kernel0,AI_VECTOR_CORE,6,17,3.920,1784811950131715.525	,1784811950131719.445	
2,te_gatherv2_c746701ed477003cb850735c193709ce5e1bdd0b8a0913d096325550d32a9e66__kernel0,AI_VECTOR_CORE,6,18,1.640,1784811950131719.465	,1784811950131721.105	
2,te_gatherv2_c746701ed477003cb850735c193709ce5e1bdd0b8a0913d096325550d32a9e66__kernel0,AI_VECTOR_CORE,6,19,1.180,1784811950131721.125	,1784811950131722.305	
2,te_gatherv2_b2674e967c381bbe9a704c499366f7596d4314d631004147c24b28c300e3936c__kernel0,AI_VECTOR_CORE,6,20,1.740,1784811950131722.345	,1784811950131724.085	
2,te_gatherv2_b2674e967c381bbe9a704c499366f7596d4314d631004147c24b28c300e3936c__kernel0,AI_VECTOR_CORE,6,21,1.320,1784811950131724.105	,1784811950131725.425	
2,te_gatherv2_b2674e967c381bbe9a704c499366f7596d4314d631004147c24b28c300e3936c__kernel0,AI_VECTOR_CORE,6,22,1.560,1784811950131725.465	,1784811950131727.025	
2,te_gatherv2_b2674e967c381bbe9a704c499366f7596d4314d631004147c24b28c300e3936c__kernel0,AI_VECTOR_CORE,6,23,1.240,1784811950131727.045	,1784811950131728.285	
2,te_splitvd_b367d622d158830fbf9afc9aee566383b1c169b9346b97d54ec60cdbe7d9e294__kernel0,AI_VECTOR_CORE,6,24,3.860,1784811950131728.305	,1784811950131732.165	
2,te_gatherv2_c746701ed477003cb850735c193709ce5e1bdd0b8a0913d096325550d32a9e66__kernel0,AI_VECTOR_CORE,6,25,1.380,1784811950131732.205	,1784811950131733.585	
2,te_gatherv2_c746701ed477003cb850735c193709ce5e1bdd0b8a0913d096325550d32a9e66__kernel0,AI_VECTOR_CORE,6,26,1.400,1784811950131733.605	,1784811950131735.005	
2,te_gatherv2_b2674e967c381bbe9a704c499366f7596d4314d631004147c24b28c300e3936c__kernel0,AI_VECTOR_CORE,6,27,1.140,1784811950131735.025	,1784811950131736.165	
2,te_gatherv2_b2674e967c381bbe9a704c499366f7596d4314d631004147c24b28c300e3936c__kernel0,AI_VECTOR_CORE,6,28,1.520,1784811950131736.205	,1784811950131737.725	
2,te_gatherv2_b2674e967c381bbe9a704c499366f7596d4314d631004147c24b28c300e3936c__kernel0,AI_VECTOR_CORE,6,29,1.160,1784811950131737.745	,1784811950131738.905	
2,te_gatherv2_b2674e967c381bbe9a704c499366f7596d4314d631004147c24b28c300e3936c__kernel0,AI_VECTOR_CORE,6,30,1.520,1784811950131738.925	,1784811950131740.445	
2,te_concatv2d_84141715de36eeb0d876706f059295c6f3a511af433753a38f4ec0f618f64e64__kernel0,AI_VECTOR_CORE,6,31,3.780,1784811950131740.465	,1784811950131744.245	
2,te_concatv2d_84141715de36eeb0d876706f059295c6f3a511af433753a38f4ec0f618f64e64__kernel0,AI_VECTOR_CORE,6,32,3.660,1784811950131744.265	,1784811950131747.925	
2,te_applyrotaryposemb_ac7e5cf17af21838767f30aaee69ba82ba923a6f27e23095b6be2a982ee519e8__kernel0,AI_VECTOR_CORE,6,33,4.880,1784811950131747.945	,1784811950131752.825	
2,te_scatter_f37d059f5c7cde2456a890d107ace370a7cc4eacc5600fe85218cf6bb0549f7a__kernel0,AI_VECTOR_CORE,6,34,2.320,1784811950131752.865	,1784811950131755.185	
2,te_greater_6c64e1e800c2ccba2e124180d5b3bca6b7a97f4451b51490820cf5ac67d25cc6__kernel0,AI_VECTOR_CORE,6,35,6.540,1784811950131755.205	,1784811950131761.745	
2,te_increflashattention_1dd55ded62f1c3e3cd3981c6cf943e165d1d4392abd4fbc2a655a0293ae82bef,MIX_AIC,6,36,22.640,1784811950131763.045	,1784811950131785.685	
2,te_matmul_30ba1a75e047a977eb3511ad32e378d8c7b5ac206cbc688a8519a7019a3f0bfb__kernel0,AI_CORE,6,37,8.800,1784811950131786.785	,1784811950131795.585	
2,te_inplaceaddrmsnorm_d62049eac13251e9dd5ca07dab53f68969f14826454869f4d364d216becd69dd__kernel0,AI_VECTOR_CORE,6,38,3.100,1784811950131795.625	,1784811950131798.725	
2,te_matmul_4a021b5089dbff9229e2566f1994161ccc626e0b48e7694a3fd675ec7bdff61d__kernel0,AI_CORE,6,39,10.300,1784811950131798.745	,1784811950131809.045	
2,te_matmul_4a021b5089dbff9229e2566f1994161ccc626e0b48e7694a3fd675ec7bdff61d__kernel0,AI_CORE,6,40,8.420,1784811950131809.065	,1784811950131817.485	
2,te_fused_op_swish_mul_14c4f2652be9e12ed7816287cd5c287d06b515613ebc5f4d3014d3b5e43f7ed2__kernel0,AI_VECTOR_CORE,6,41,3.260,1784811950131817.505	,1784811950131820.765	
2,te_matmul_e32fb9f843923df15ad48d352f67ef3c8f820c2adfeefd3f5a8c3cfcb8d1acc0__kernel0,AI_CORE,6,42,10.280,1784811950131820.785	,1784811950131831.065	
2,te_inplaceaddrmsnorm_d62049eac13251e9dd5ca07dab53f68969f14826454869f4d364d216becd69dd__kernel0,AI_VECTOR_CORE,6,43,2.880,1784811950131831.085	,1784811950131833.965	
2,te_matmul_adca21770e6b7812d1719f354d92d05734a73fa1b9b7bb56d4d741db7e78e3a3__kernel0,AI_CORE,6,44,7.400,1784811950131833.985	,1784811950131841.385	
2,te_splitvd_23e6d833017f5dfe76c57c5940158050e2999451c1c2823a7e115bafb94e9a2d__kernel0,AI_VECTOR_CORE,6,45,1.160,1784811950131841.405	,1784811950131842.565	
2,te_scatter_f37d059f5c7cde2456a890d107ace370a7cc4eacc5600fe85218cf6bb0549f7a__kernel0,AI_VECTOR_CORE,6,46,1.980,1784811950131842.585	,1784811950131844.565	
2,te_applyrotaryposemb_ac7e5cf17af21838767f30aaee69ba82ba923a6f27e23095b6be2a982ee519e8__kernel0,AI_VECTOR_CORE,6,47,3.180,1784811950131844.585	,1784811950131847.765	
2,te_scatter_f37d059f5c7cde2456a890d107ace370a7cc4eacc5600fe85218cf6bb0549f7a__kernel0,AI_VECTOR_CORE,6,48,1.900,1784811950131847.785	,1784811950131849.685	
2,te_increflashattention_1dd55ded62f1c3e3cd3981c6cf943e165d1d4392abd4fbc2a655a0293ae82bef,MIX_AIC,6,49,19.600,1784811950131851.005	,1784811950131870.605	
2,te_matmul_30ba1a75e047a977eb3511ad32e378d8c7b5ac206cbc688a8519a7019a3f0bfb__kernel0,AI_CORE,6,50,7.200,1784811950131871.705	,1784811950131878.905	
2,te_inplaceaddrmsnorm_d62049eac13251e9dd5ca07dab53f68969f14826454869f4d364d216becd69dd__kernel0,AI_VECTOR_CORE,6,51,2.880,1784811950131878.925	,1784811950131881.805	
2,te_matmul_4a021b5089dbff9229e2566f1994161ccc626e0b48e7694a3fd675ec7bdff61d__kernel0,AI_CORE,6,52,7.820,1784811950131881.825	,1784811950131889.645	
2,te_matmul_4a021b5089dbff9229e2566f1994161ccc626e0b48e7694a3fd675ec7bdff61d__kernel0,AI_CORE,6,53,8.260,1784811950131889.665	,1784811950131897.925	
2,te_fused_op_swish_mul_14c4f2652be9e12ed7816287cd5c287d06b515613ebc5f4d3014d3b5e43f7ed2__kernel0,AI_VECTOR_CORE,6,54,2.380,1784811950131897.945	,1784811950131900.325	
2,te_matmul_e32fb9f843923df15ad48d352f67ef3c8f820c2adfeefd3f5a8c3cfcb8d1acc0__kernel0,AI_CORE,6,55,9.440,1784811950131900.345	,1784811950131909.785	
2,te_inplaceaddrmsnorm_d62049eac13251e9dd5ca07dab53f68969f14826454869f4d364d216becd69dd__kernel0,AI_VECTOR_CORE,6,56,2.900,1784811950131909.825	,1784811950131912.725	
2,te_matmul_adca21770e6b7812d1719f354d92d05734a73fa1b9b7bb56d4d741db7e78e3a3__kernel0,AI_CORE,6,57,8.060,1784811950131912.745	,1784811950131920.805	
2,te_splitvd_23e6d833017f5dfe76c57c5940158050e2999451c1c2823a7e115bafb94e9a2d__kernel0,AI_VECTOR_CORE,6,58,1.160,1784811950131920.825	,1784811950131921.985	
2,te_scatter_f37d059f5c7cde2456a890d107ace370a7cc4eacc5600fe85218cf6bb0549f7a__kernel0,AI_VECTOR_CORE,6,59,1.540,1784811950131922.025	,1784811950131923.565	
2,te_applyrotaryposemb_ac7e5cf17af21838767f30aaee69ba82ba923a6f27e23095b6be2a982ee519e8__kernel0,AI_VECTOR_CORE,6,60,2.720,1784811950131923.605	,1784811950131926.325	
2,te_scatter_f37d059f5c7cde2456a890d107ace370a7cc4eacc5600fe85218cf6bb0549f7a__kernel0,AI_VECTOR_CORE,6,61,1.680,1784811950131926.345	,1784811950131928.025	
2,te_increflashattention_1dd55ded62f1c3e3cd3981c6cf943e165d1d4392abd4fbc2a655a0293ae82bef,MIX_AIC,6,62,20.120,1784811950131929.425	,1784811950131949.545	
2,te_matmul_30ba1a75e047a977eb3511ad32e378d8c7b5ac206cbc688a8519a7019a3f0bfb__kernel0,AI_CORE,6,63,7.340,1784811950131950.745	,1784811950131958.085	
2,te_inplaceaddrmsnorm_d62049eac13251e9dd5ca07dab53f68969f14826454869f4d364d216becd69dd__kernel0,AI_VECTOR_CORE,6,64,2.700,1784811950131958.105	,1784811950131960.805	
2,te_matmul_4a021b5089dbff9229e2566f1994161ccc626e0b48e7694a3fd675ec7bdff61d__kernel0,AI_CORE,6,65,8.000,1784811950131960.825	,1784811950131968.825	
2,te_matmul_4a021b5089dbff9229e2566f1994161ccc626e0b48e7694a3fd675ec7bdff61d__kernel0,AI_CORE,6,66,8.640,1784811950131968.845	,1784811950131977.485	
2,te_fused_op_swish_mul_14c4f2652be9e12ed7816287cd5c287d06b515613ebc5f4d3014d3b5e43f7ed2__kernel0,AI_VECTOR_CORE,6,67,2.420,1784811950131977.505	,1784811950131979.925	
2,te_matmul_e32fb9f843923df15ad48d352f67ef3c8f820c2adfeefd3f5a8c3cfcb8d1acc0__kernel0,AI_CORE,6,68,9.460,1784811950131979.945	,1784811950131989.405	
2,te_inplaceaddrmsnorm_d62049eac13251e9dd5ca07dab53f68969f14826454869f4d364d216becd69dd__kernel0,AI_VECTOR_CORE,6,69,2.400,1784811950131989.425	,1784811950131991.825	
2,te_matmul_adca21770e6b7812d1719f354d92d05734a73fa1b9b7bb56d4d741db7e78e3a3__kernel0,AI_CORE,6,70,7.760,1784811950131991.865	,1784811950131999.625	
2,te_splitvd_23e6d833017f5dfe76c57c5940158050e2999451c1c2823a7e115bafb94e9a2d__kernel0,AI_VECTOR_CORE,6,71,1.280,1784811950131999.645	,1784811950132000.925	
2,te_scatter_f37d059f5c7cde2456a890d107ace370a7cc4eacc5600fe85218cf6bb0549f7a__kernel0,AI_VECTOR_CORE,6,72,1.380,1784811950132000.965	,1784811950132002.345	
2,te_applyrotaryposemb_ac7e5cf17af21838767f30aaee69ba82ba923a6f27e23095b6be2a982ee519e8__kernel0,AI_VECTOR_CORE,6,73,2.980,1784811950132002.365	,1784811950132005.345	
2,te_scatter_f37d059f5c7cde2456a890d107ace370a7cc4eacc5600fe85218cf6bb0549f7a__kernel0,AI_VECTOR_CORE,6,74,1.360,1784811950132005.365	,1784811950132006.725	
2,te_increflashattention_1dd55ded62f1c3e3cd3981c6cf943e165d1d4392abd4fbc2a655a0293ae82bef,MIX_AIC,6,75,19.940,1784811950132007.865	,1784811950132027.805	
2,te_matmul_30ba1a75e047a977eb3511ad32e378d8c7b5ac206cbc688a8519a7019a3f0bfb__kernel0,AI_CORE,6,76,7.740,1784811950132028.585	,1784811950132036.325	
2,te_inplaceaddrmsnorm_d62049eac13251e9dd5ca07dab53f68969f14826454869f4d364d216becd69dd__kernel0,AI_VECTOR_CORE,6,77,1.900,1784811950132036.365	,1784811950132038.265	
2,te_matmul_4a021b5089dbff9229e2566f1994161ccc626e0b48e7694a3fd675ec7bdff61d__kernel0,AI_CORE,6,78,7.860,1784811950132038.285	,1784811950132046.145	
2,te_matmul_4a021b5089dbff9229e2566f1994161ccc626e0b48e7694a3fd675ec7bdff61d__kernel0,AI_CORE,6,79,8.200,1784811950132046.165	,1784811950132054.365	
2,te_fused_op_swish_mul_14c4f2652be9e12ed7816287cd5c287d06b515613ebc5f4d3014d3b5e43f7ed2__kernel0,AI_VECTOR_CORE,6,80,2.400,1784811950132054.385	,1784811950132056.785	
2,te_matmul_e32fb9f843923df15ad48d352f67ef3c8f820c2adfeefd3f5a8c3cfcb8d1acc0__kernel0,AI_CORE,6,81,9.420,1784811950132056.805	,1784811950132066.225	
2,te_inplaceaddrmsnorm_d62049eac13251e9dd5ca07dab53f68969f14826454869f4d364d216becd69dd__kernel0,AI_VECTOR_CORE,6,82,2.040,1784811950132066.245	,1784811950132068.285	
2,te_matmul_adca21770e6b7812d1719f354d92d05734a73fa1b9b7bb56d4d741db7e78e3a3__kernel0,AI_CORE,6,83,7.160,1784811950132068.325	,1784811950132075.485	
2,te_splitvd_23e6d833017f5dfe76c57c5940158050e2999451c1c2823a7e115bafb94e9a2d__kernel0,AI_VECTOR_CORE,6,84,1.140,1784811950132075.505	,1784811950132076.645	
2,te_scatter_f37d059f5c7cde2456a890d107ace370a7cc4eacc5600fe85218cf6bb0549f7a__kernel0,AI_VECTOR_CORE,6,85,1.560,1784811950132076.665	,1784811950132078.225	
2,te_applyrotaryposemb_ac7e5cf17af21838767f30aaee69ba82ba923a6f27e23095b6be2a982ee519e8__kernel0,AI_VECTOR_CORE,6,86,2.880,1784811950132078.245	,1784811950132081.125	
2,te_scatter_f37d059f5c7cde2456a890d107ace370a7cc4eacc5600fe85218cf6bb0549f7a__kernel0,AI_VECTOR_CORE,6,87,1.980,1784811950132081.145	,1784811950132083.125	
2,te_increflashattention_1dd55ded62f1c3e3cd3981c6cf943e165d1d4392abd4fbc2a655a0293ae82bef,MIX_AIC,6,88,19.260,1784811950132084.545	,1784811950132103.805	
2,te_matmul_30ba1a75e047a977eb3511ad32e378d8c7b5ac206cbc688a8519a7019a3f0bfb__kernel0,AI_CORE,6,89,7.460,1784811950132104.625	,1784811950132112.085	
2,te_inplaceaddrmsnorm_d62049eac13251e9dd5ca07dab53f68969f14826454869f4d364d216becd69dd__kernel0,AI_VECTOR_CORE,6,90,1.860,1784811950132112.125	,1784811950132113.985	
2,te_matmul_4a021b5089dbff9229e2566f1994161ccc626e0b48e7694a3fd675ec7bdff61d__kernel0,AI_CORE,6,91,8.680,1784811950132114.005	,1784811950132122.685	
2,te_matmul_4a021b5089dbff9229e2566f1994161ccc626e0b48e7694a3fd675ec7bdff61d__kernel0,AI_CORE,6,92,8.680,1784811950132122.705	,1784811950132131.385	
2,te_fused_op_swish_mul_14c4f2652be9e12ed7816287cd5c287d06b515613ebc5f4d3014d3b5e43f7ed2__kernel0,AI_VECTOR_CORE,6,93,2.280,1784811950132131.425	,1784811950132133.705	
2,te_matmul_e32fb9f843923df15ad48d352f67ef3c8f820c2adfeefd3f5a8c3cfcb8d1acc0__kernel0,AI_CORE,6,94,9.680,1784811950132133.725	,1784811950132143.405	
2,te_inplaceaddrmsnorm_d62049eac13251e9dd5ca07dab53f68969f14826454869f4d364d216becd69dd__kernel0,AI_VECTOR_CORE,6,95,2.020,1784811950132143.425	,1784811950132145.445	
2,te_matmul_adca21770e6b7812d1719f354d92d05734a73fa1b9b7bb56d4d741db7e78e3a3__kernel0,AI_CORE,6,96,8.180,1784811950132145.485	,1784811950132153.665	
2,te_splitvd_23e6d833017f5dfe76c57c5940158050e2999451c1c2823a7e115bafb94e9a2d__kernel0,AI_VECTOR_CORE,6,97,1.100,1784811950132153.685	,1784811950132154.785	
2,te_scatter_f37d059f5c7cde2456a890d107ace370a7cc4eacc5600fe85218cf6bb0549f7a__kernel0,AI_VECTOR_CORE,6,98,1.360,1784811950132154.805	,1784811950132156.165	
2,te_applyrotaryposemb_ac7e5cf17af21838767f30aaee69ba82ba923a6f27e23095b6be2a982ee519e8__kernel0,AI_VECTOR_CORE,6,99,2.760,1784811950132156.185	,1784811950132158.945	
2,te_scatter_f37d059f5c7cde2456a890d107ace370a7cc4eacc5600fe85218cf6bb0549f7a__kernel0,AI_VECTOR_CORE,6,100,1.740,1784811950132158.985	,1784811950132160.725	
2,te_increflashattention_1dd55ded62f1c3e3cd3981c6cf943e165d1d4392abd4fbc2a655a0293ae82bef,MIX_AIC,6,101,19.220,1784811950132161.785	,1784811950132181.005	
2,te_matmul_30ba1a75e047a977eb3511ad32e378d8c7b5ac206cbc688a8519a7019a3f0bfb__kernel0,AI_CORE,6,102,7.520,1784811950132181.865	,1784811950132189.385	
2,te_inplaceaddrmsnorm_d62049eac13251e9dd5ca07dab53f68969f14826454869f4d364d216becd69dd__kernel0,AI_VECTOR_CORE,6,103,1.740,1784811950132189.405	,1784811950132191.145	
2,te_matmul_4a021b5089dbff9229e2566f1994161ccc626e0b48e7694a3fd675ec7bdff61d__kernel0,AI_CORE,6,104,8.580,1784811950132191.165	,1784811950132199.745	
2,te_matmul_4a021b5089dbff9229e2566f1994161ccc626e0b48e7694a3fd675ec7bdff61d__kernel0,AI_CORE,6,105,8.280,1784811950132199.765	,1784811950132208.045	
2,te_fused_op_swish_mul_14c4f2652be9e12ed7816287cd5c287d06b515613ebc5f4d3014d3b5e43f7ed2__kernel0,AI_VECTOR_CORE,6,106,2.320,1784811950132208.085	,1784811950132210.405	
2,te_matmul_e32fb9f843923df15ad48d352f67ef3c8f820c2adfeefd3f5a8c3cfcb8d1acc0__kernel0,AI_CORE,6,107,10.380,1784811950132210.425	,1784811950132220.805	
2,te_inplaceaddrmsnorm_d62049eac13251e9dd5ca07dab53f68969f14826454869f4d364d216becd69dd__kernel0,AI_VECTOR_CORE,6,108,2.200,1784811950132220.825	,1784811950132223.025	
2,te_matmul_adca21770e6b7812d1719f354d92d05734a73fa1b9b7bb56d4d741db7e78e3a3__kernel0,AI_CORE,6,109,7.740,1784811950132223.065	,1784811950132230.805	
2,te_splitvd_23e6d833017f5dfe76c57c5940158050e2999451c1c2823a7e115bafb94e9a2d__kernel0,AI_VECTOR_CORE,6,110,1.320,1784811950132230.825	,1784811950132232.145	
2,te_scatter_f37d059f5c7cde2456a890d107ace370a7cc4eacc5600fe85218cf6bb0549f7a__kernel0,AI_VECTOR_CORE,6,111,1.640,1784811950132232.165	,1784811950132233.805	
2,te_applyrotaryposemb_ac7e5cf17af21838767f30aaee69ba82ba923a6f27e23095b6be2a982ee519e8__kernel0,AI_VECTOR_CORE,6,112,3.500,1784811950132233.825	,1784811950132237.325	
2,te_scatter_f37d059f5c7cde2456a890d107ace370a7cc4eacc5600fe85218cf6bb0549f7a__kernel0,AI_VECTOR_CORE,6,113,1.640,1784811950132237.365	,1784811950132239.005	
2,te_increflashattention_1dd55ded62f1c3e3cd3981c6cf943e165d1d4392abd4fbc2a655a0293ae82bef,MIX_AIC,6,114,20.780,1784811950132240.185	,1784811950132260.965	
2,te_matmul_30ba1a75e047a977eb3511ad32e378d8c7b5ac206cbc688a8519a7019a3f0bfb__kernel0,AI_CORE,6,115,6.200,1784811950132262.125	,1784811950132268.325	
2,te_inplaceaddrmsnorm_d62049eac13251e9dd5ca07dab53f68969f14826454869f4d364d216becd69dd__kernel0,AI_VECTOR_CORE,6,116,1.840,1784811950132268.345	,1784811950132270.185	
2,te_matmul_4a021b5089dbff9229e2566f1994161ccc626e0b48e7694a3fd675ec7bdff61d__kernel0,AI_CORE,6,117,8.900,1784811950132270.205	,1784811950132279.105	
2,te_matmul_4a021b5089dbff9229e2566f1994161ccc626e0b48e7694a3fd675ec7bdff61d__kernel0,AI_CORE,6,118,8.820,1784811950132279.125	,1784811950132287.945	
2,te_fused_op_swish_mul_14c4f2652be9e12ed7816287cd5c287d06b515613ebc5f4d3014d3b5e43f7ed2__kernel0,AI_VECTOR_CORE,6,119,2.300,1784811950132287.965	,1784811950132290.265	
2,te_matmul_e32fb9f843923df15ad48d352f67ef3c8f820c2adfeefd3f5a8c3cfcb8d1acc0__kernel0,AI_CORE,6,120,9.580,1784811950132290.285	,1784811950132299.865	
2,te_inplaceaddrmsnorm_d62049eac13251e9dd5ca07dab53f68969f14826454869f4d364d216becd69dd__kernel0,AI_VECTOR_CORE,6,121,2.160,1784811950132299.885	,1784811950132302.045	
2,te_matmul_adca21770e6b7812d1719f354d92d05734a73fa1b9b7bb56d4d741db7e78e3a3__kernel0,AI_CORE,6,122,6.900,1784811950132302.065	,1784811950132308.965	
2,te_splitvd_23e6d833017f5dfe76c57c5940158050e2999451c1c2823a7e115bafb94e9a2d__kernel0,AI_VECTOR_CORE,6,123,1.240,1784811950132308.985	,1784811950132310.225	
2,te_scatter_f37d059f5c7cde2456a890d107ace370a7cc4eacc5600fe85218cf6bb0549f7a__kernel0,AI_VECTOR_CORE,6,124,1.600,1784811950132310.245	,1784811950132311.845	
2,te_applyrotaryposemb_ac7e5cf17af21838767f30aaee69ba82ba923a6f27e23095b6be2a982ee519e8__kernel0,AI_VECTOR_CORE,6,125,2.280,1784811950132311.885	,1784811950132314.165	
2,te_scatter_f37d059f5c7cde2456a890d107ace370a7cc4eacc5600fe85218cf6bb0549f7a__kernel0,AI_VECTOR_CORE,6,126,1.520,1784811950132314.185	,1784811950132315.705	
2,te_increflashattention_1dd55ded62f1c3e3cd3981c6cf943e165d1d4392abd4fbc2a655a0293ae82bef,MIX_AIC,6,127,18.620,1784811950132316.845	,1784811950132335.465	
2,te_matmul_30ba1a75e047a977eb3511ad32e378d8c7b5ac206cbc688a8519a7019a3f0bfb__kernel0,AI_CORE,6,128,7.200,1784811950132336.345	,1784811950132343.545	
2,te_inplaceaddrmsnorm_d62049eac13251e9dd5ca07dab53f68969f14826454869f4d364d216becd69dd__kernel0,AI_VECTOR_CORE,6,129,1.800,1784811950132343.565	,1784811950132345.365	
2,te_matmul_4a021b5089dbff9229e2566f1994161ccc626e0b48e7694a3fd675ec7bdff61d__kernel0,AI_CORE,6,130,8.700,1784811950132345.385	,1784811950132354.085	
2,te_matmul_4a021b5089dbff9229e2566f1994161ccc626e0b48e7694a3fd675ec7bdff61d__kernel0,AI_CORE,6,131,8.560,1784811950132354.125	,1784811950132362.685	
2,te_fused_op_swish_mul_14c4f2652be9e12ed7816287cd5c287d06b515613ebc5f4d3014d3b5e43f7ed2__kernel0,AI_VECTOR_CORE,6,132,2.940,1784811950132362.705	,1784811950132365.645	
2,te_matmul_e32fb9f843923df15ad48d352f67ef3c8f820c2adfeefd3f5a8c3cfcb8d1acc0__kernel0,AI_CORE,6,133,9.660,1784811950132365.685	,1784811950132375.345	
2,te_inplaceaddrmsnorm_d62049eac13251e9dd5ca07dab53f68969f14826454869f4d364d216becd69dd__kernel0,AI_VECTOR_CORE,6,134,2.020,1784811950132375.365	,1784811950132377.385	
2,te_matmul_adca21770e6b7812d1719f354d92d05734a73fa1b9b7bb56d4d741db7e78e3a3__kernel0,AI_CORE,6,135,8.320,1784811950132377.405	,1784811950132385.725	
2,te_splitvd_23e6d833017f5dfe76c57c5940158050e2999451c1c2823a7e115bafb94e9a2d__kernel0,AI_VECTOR_CORE,6,136,1.180,1784811950132385.745	,1784811950132386.925	
2,te_scatter_f37d059f5c7cde2456a890d107ace370a7cc4eacc5600fe85218cf6bb0549f7a__kernel0,AI_VECTOR_CORE,6,137,1.500,1784811950132386.945	,1784811950132388.445	
2,te_applyrotaryposemb_ac7e5cf17af21838767f30aaee69ba82ba923a6f27e23095b6be2a982ee519e8__kernel0,AI_VECTOR_CORE,6,138,2.700,1784811950132388.465	,1784811950132391.165	
2,te_scatter_f37d059f5c7cde2456a890d107ace370a7cc4eacc5600fe85218cf6bb0549f7a__kernel0,AI_VECTOR_CORE,6,139,1.580,1784811950132391.185	,1784811950132392.765	
2,te_increflashattention_1dd55ded62f1c3e3cd3981c6cf943e165d1d4392abd4fbc2a655a0293ae82bef,MIX_AIC,6,140,18.660,1784811950132394.045	,1784811950132412.705	
2,te_matmul_30ba1a75e047a977eb3511ad32e378d8c7b5ac206cbc688a8519a7019a3f0bfb__kernel0,AI_CORE,6,141,7.420,1784811950132413.545	,1784811950132420.965	
2,te_inplaceaddrmsnorm_d62049eac13251e9dd5ca07dab53f68969f14826454869f4d364d216becd69dd__kernel0,AI_VECTOR_CORE,6,142,1.820,1784811950132420.985	,1784811950132422.805	
2,te_matmul_4a021b5089dbff9229e2566f1994161ccc626e0b48e7694a3fd675ec7bdff61d__kernel0,AI_CORE,6,143,7.900,1784811950132422.825	,1784811950132430.725	
2,te_matmul_4a021b5089dbff9229e2566f1994161ccc626e0b48e7694a3fd675ec7bdff61d__kernel0,AI_CORE,6,144,8.480,1784811950132430.745	,1784811950132439.225	
2,te_fused_op_swish_mul_14c4f2652be9e12ed7816287cd5c287d06b515613ebc5f4d3014d3b5e43f7ed2__kernel0,AI_VECTOR_CORE,6,145,2.320,1784811950132439.245	,1784811950132441.565	
2,te_matmul_e32fb9f843923df15ad48d352f67ef3c8f820c2adfeefd3f5a8c3cfcb8d1acc0__kernel0,AI_CORE,6,146,9.820,1784811950132441.585	,1784811950132451.405	
2,te_inplaceaddrmsnorm_d62049eac13251e9dd5ca07dab53f68969f14826454869f4d364d216becd69dd__kernel0,AI_VECTOR_CORE,6,147,1.920,1784811950132451.425	,1784811950132453.345	
2,te_matmul_adca21770e6b7812d1719f354d92d05734a73fa1b9b7bb56d4d741db7e78e3a3__kernel0,AI_CORE,6,148,8.240,1784811950132453.365	,1784811950132461.605	
2,te_splitvd_23e6d833017f5dfe76c57c5940158050e2999451c1c2823a7e115bafb94e9a2d__kernel0,AI_VECTOR_CORE,6,149,1.140,1784811950132461.625	,1784811950132462.765	
2,te_scatter_f37d059f5c7cde2456a890d107ace370a7cc4eacc5600fe85218cf6bb0549f7a__kernel0,AI_VECTOR_CORE,6,150,1.440,1784811950132462.785	,1784811950132464.225	
2,te_applyrotaryposemb_ac7e5cf17af21838767f30aaee69ba82ba923a6f27e23095b6be2a982ee519e8__kernel0,AI_VECTOR_CORE,6,151,2.540,1784811950132464.245	,1784811950132466.785	
2,te_scatter_f37d059f5c7cde2456a890d107ace370a7cc4eacc5600fe85218cf6bb0549f7a__kernel0,AI_VECTOR_CORE,6,152,1.520,1784811950132466.825	,1784811950132468.345	
2,te_increflashattention_1dd55ded62f1c3e3cd3981c6cf943e165d1d4392abd4fbc2a655a0293ae82bef,MIX_AIC,6,153,18.580,1784811950132469.505	,1784811950132488.085	
2,te_matmul_30ba1a75e047a977eb3511ad32e378d8c7b5ac206cbc688a8519a7019a3f0bfb__kernel0,AI_CORE,6,154,7.460,1784811950132488.965	,1784811950132496.425	
2,te_inplaceaddrmsnorm_d62049eac13251e9dd5ca07dab53f68969f14826454869f4d364d216becd69dd__kernel0,AI_VECTOR_CORE,6,155,1.880,1784811950132496.445	,1784811950132498.325	
2,te_matmul_4a021b5089dbff9229e2566f1994161ccc626e0b48e7694a3fd675ec7bdff61d__kernel0,AI_CORE,6,156,8.200,1784811950132498.345	,1784811950132506.545	
2,te_matmul_4a021b5089dbff9229e2566f1994161ccc626e0b48e7694a3fd675ec7bdff61d__kernel0,AI_CORE,6,157,8.320,1784811950132506.565	,1784811950132514.885	
2,te_fused_op_swish_mul_14c4f2652be9e12ed7816287cd5c287d06b515613ebc5f4d3014d3b5e43f7ed2__kernel0,AI_VECTOR_CORE,6,158,2.280,1784811950132514.905	,1784811950132517.185	
2,te_matmul_e32fb9f843923df15ad48d352f67ef3c8f820c2adfeefd3f5a8c3cfcb8d1acc0__kernel0,AI_CORE,6,159,9.840,1784811950132517.205	,1784811950132527.045	
2,te_inplaceaddrmsnorm_d62049eac13251e9dd5ca07dab53f68969f14826454869f4d364d216becd69dd__kernel0,AI_VECTOR_CORE,6,160,2.020,1784811950132527.065	,1784811950132529.085	
2,te_matmul_adca21770e6b7812d1719f354d92d05734a73fa1b9b7bb56d4d741db7e78e3a3__kernel0,AI_CORE,6,161,7.260,1784811950132529.105	,1784811950132536.365	
2,te_splitvd_23e6d833017f5dfe76c57c5940158050e2999451c1c2823a7e115bafb94e9a2d__kernel0,AI_VECTOR_CORE,6,162,1.120,1784811950132536.405	,1784811950132537.525	
2,te_scatter_f37d059f5c7cde2456a890d107ace370a7cc4eacc5600fe85218cf6bb0549f7a__kernel0,AI_VECTOR_CORE,6,163,1.480,1784811950132537.545	,1784811950132539.025	
2,te_applyrotaryposemb_ac7e5cf17af21838767f30aaee69ba82ba923a6f27e23095b6be2a982ee519e8__kernel0,AI_VECTOR_CORE,6,164,2.700,1784811950132539.065	,1784811950132541.765	
2,te_scatter_f37d059f5c7cde2456a890d107ace370a7cc4eacc5600fe85218cf6bb0549f7a__kernel0,AI_VECTOR_CORE,6,165,1.680,1784811950132541.785	,1784811950132543.465	
2,te_increflashattention_1dd55ded62f1c3e3cd3981c6cf943e165d1d4392abd4fbc2a655a0293ae82bef,MIX_AIC,6,166,19.040,1784811950132544.905	,1784811950132563.945	
2,te_matmul_30ba1a75e047a977eb3511ad32e378d8c7b5ac206cbc688a8519a7019a3f0bfb__kernel0,AI_CORE,6,167,7.160,1784811950132565.005	,1784811950132572.165	
2,te_inplaceaddrmsnorm_d62049eac13251e9dd5ca07dab53f68969f14826454869f4d364d216becd69dd__kernel0,AI_VECTOR_CORE,6,168,1.680,1784811950132572.185	,1784811950132573.865	
2,te_matmul_4a021b5089dbff9229e2566f1994161ccc626e0b48e7694a3fd675ec7bdff61d__kernel0,AI_CORE,6,169,8.680,1784811950132573.885	,1784811950132582.565	
2,te_matmul_4a021b5089dbff9229e2566f1994161ccc626e0b48e7694a3fd675ec7bdff61d__kernel0,AI_CORE,6,170,8.800,1784811950132582.585	,1784811950132591.385	
2,te_fused_op_swish_mul_14c4f2652be9e12ed7816287cd5c287d06b515613ebc5f4d3014d3b5e43f7ed2__kernel0,AI_VECTOR_CORE,6,171,2.160,1784811950132591.405	,1784811950132593.565	
2,te_matmul_e32fb9f843923df15ad48d352f67ef3c8f820c2adfeefd3f5a8c3cfcb8d1acc0__kernel0,AI_CORE,6,172,9.560,1784811950132593.585	,1784811950132603.145	
2,te_inplaceaddrmsnorm_d62049eac13251e9dd5ca07dab53f68969f14826454869f4d364d216becd69dd__kernel0,AI_VECTOR_CORE,6,173,1.800,1784811950132603.165	,1784811950132604.965	
2,te_matmul_adca21770e6b7812d1719f354d92d05734a73fa1b9b7bb56d4d741db7e78e3a3__kernel0,AI_CORE,6,174,8.440,1784811950132604.985	,1784811950132613.425	
2,te_splitvd_23e6d833017f5dfe76c57c5940158050e2999451c1c2823a7e115bafb94e9a2d__kernel0,AI_VECTOR_CORE,6,175,1.200,1784811950132613.445	,1784811950132614.645	
2,te_scatter_f37d059f5c7cde2456a890d107ace370a7cc4eacc5600fe85218cf6bb0549f7a__kernel0,AI_VECTOR_CORE,6,176,1.480,1784811950132614.665	,1784811950132616.145	
2,te_applyrotaryposemb_ac7e5cf17af21838767f30aaee69ba82ba923a6f27e23095b6be2a982ee519e8__kernel0,AI_VECTOR_CORE,6,177,2.740,1784811950132616.165	,1784811950132618.905	
2,te_scatter_f37d059f5c7cde2456a890d107ace370a7cc4eacc5600fe85218cf6bb0549f7a__kernel0,AI_VECTOR_CORE,6,178,1.540,1784811950132618.925	,1784811950132620.465	
2,te_increflashattention_1dd55ded62f1c3e3cd3981c6cf943e165d1d4392abd4fbc2a655a0293ae82bef,MIX_AIC,6,179,18.640,1784811950132621.525	,1784811950132640.165	
2,te_matmul_30ba1a75e047a977eb3511ad32e378d8c7b5ac206cbc688a8519a7019a3f0bfb__kernel0,AI_CORE,6,180,7.420,1784811950132641.025	,1784811950132648.445	
2,te_inplaceaddrmsnorm_d62049eac13251e9dd5ca07dab53f68969f14826454869f4d364d216becd69dd__kernel0,AI_VECTOR_CORE,6,181,1.720,1784811950132648.485	,1784811950132650.205	
2,te_matmul_4a021b5089dbff9229e2566f1994161ccc626e0b48e7694a3fd675ec7bdff61d__kernel0,AI_CORE,6,182,8.580,1784811950132650.225	,1784811950132658.805	
2,te_matmul_4a021b5089dbff9229e2566f1994161ccc626e0b48e7694a3fd675ec7bdff61d__kernel0,AI_CORE,6,183,8.080,1784811950132658.825	,1784811950132666.905	
2,te_fused_op_swish_mul_14c4f2652be9e12ed7816287cd5c287d06b515613ebc5f4d3014d3b5e43f7ed2__kernel0,AI_VECTOR_CORE,6,184,2.320,1784811950132666.925	,1784811950132669.245	
2,te_matmul_e32fb9f843923df15ad48d352f67ef3c8f820c2adfeefd3f5a8c3cfcb8d1acc0__kernel0,AI_CORE,6,185,9.520,1784811950132669.265	,1784811950132678.785	
2,te_inplaceaddrmsnorm_d62049eac13251e9dd5ca07dab53f68969f14826454869f4d364d216becd69dd__kernel0,AI_VECTOR_CORE,6,186,1.900,1784811950132678.805	,1784811950132680.705	
2,te_matmul_adca21770e6b7812d1719f354d92d05734a73fa1b9b7bb56d4d741db7e78e3a3__kernel0,AI_CORE,6,187,7.400,1784811950132680.725	,1784811950132688.125	
2,te_splitvd_23e6d833017f5dfe76c57c5940158050e2999451c1c2823a7e115bafb94e9a2d__kernel0,AI_VECTOR_CORE,6,188,1.200,1784811950132688.165	,1784811950132689.365	
2,te_scatter_f37d059f5c7cde2456a890d107ace370a7cc4eacc5600fe85218cf6bb0549f7a__kernel0,AI_VECTOR_CORE,6,189,1.540,1784811950132689.385	,1784811950132690.925	
2,te_applyrotaryposemb_ac7e5cf17af21838767f30aaee69ba82ba923a6f27e23095b6be2a982ee519e8__kernel0,AI_VECTOR_CORE,6,190,2.720,1784811950132690.945	,1784811950132693.665	
2,te_scatter_f37d059f5c7cde2456a890d107ace370a7cc4eacc5600fe85218cf6bb0549f7a__kernel0,AI_VECTOR_CORE,6,191,1.640,1784811950132693.685	,1784811950132695.325	
2,te_increflashattention_1dd55ded62f1c3e3cd3981c6cf943e165d1d4392abd4fbc2a655a0293ae82bef,MIX_AIC,6,192,18.020,1784811950132696.385	,1784811950132714.405	
2,te_matmul_30ba1a75e047a977eb3511ad32e378d8c7b5ac206cbc688a8519a7019a3f0bfb__kernel0,AI_CORE,6,193,7.460,1784811950132715.225	,1784811950132722.685	
2,te_inplaceaddrmsnorm_d62049eac13251e9dd5ca07dab53f68969f14826454869f4d364d216becd69dd__kernel0,AI_VECTOR_CORE,6,194,1.720,1784811950132722.705	,1784811950132724.425	
2,te_matmul_4a021b5089dbff9229e2566f1994161ccc626e0b48e7694a3fd675ec7bdff61d__kernel0,AI_CORE,6,195,8.260,1784811950132724.445	,1784811950132732.705	
2,te_matmul_4a021b5089dbff9229e2566f1994161ccc626e0b48e7694a3fd675ec7bdff61d__kernel0,AI_CORE,6,196,8.120,1784811950132732.725	,1784811950132740.845	
2,te_fused_op_swish_mul_14c4f2652be9e12ed7816287cd5c287d06b515613ebc5f4d3014d3b5e43f7ed2__kernel0,AI_VECTOR_CORE,6,197,2.320,1784811950132740.865	,1784811950132743.185	
2,te_matmul_e32fb9f843923df15ad48d352f67ef3c8f820c2adfeefd3f5a8c3cfcb8d1acc0__kernel0,AI_CORE,6,198,9.240,1784811950132743.205	,1784811950132752.445	
2,te_inplaceaddrmsnorm_d62049eac13251e9dd5ca07dab53f68969f14826454869f4d364d216becd69dd__kernel0,AI_VECTOR_CORE,6,199,2.140,1784811950132752.485	,1784811950132754.625	
2,te_matmul_adca21770e6b7812d1719f354d92d05734a73fa1b9b7bb56d4d741db7e78e3a3__kernel0,AI_CORE,6,200,8.200,1784811950132754.645	,1784811950132762.845	
2,te_splitvd_23e6d833017f5dfe76c57c5940158050e2999451c1c2823a7e115bafb94e9a2d__kernel0,AI_VECTOR_CORE,6,201,1.200,1784811950132762.865	,1784811950132764.065	
2,te_scatter_f37d059f5c7cde2456a890d107ace370a7cc4eacc5600fe85218cf6bb0549f7a__kernel0,AI_VECTOR_CORE,6,202,1.660,1784811950132764.085	,1784811950132765.745	
2,te_applyrotaryposemb_ac7e5cf17af21838767f30aaee69ba82ba923a6f27e23095b6be2a982ee519e8__kernel0,AI_VECTOR_CORE,6,203,3.660,1784811950132765.785	,1784811950132769.445	
2,te_scatter_f37d059f5c7cde2456a890d107ace370a7cc4eacc5600fe85218cf6bb0549f7a__kernel0,AI_VECTOR_CORE,6,204,1.640,1784811950132769.465	,1784811950132771.105	
2,te_increflashattention_1dd55ded62f1c3e3cd3981c6cf943e165d1d4392abd4fbc2a655a0293ae82bef,MIX_AIC,6,205,18.800,1784811950132772.365	,1784811950132791.165	
2,te_matmul_30ba1a75e047a977eb3511ad32e378d8c7b5ac206cbc688a8519a7019a3f0bfb__kernel0,AI_CORE,6,206,7.120,1784811950132791.845	,1784811950132798.965	
2,te_inplaceaddrmsnorm_d62049eac13251e9dd5ca07dab53f68969f14826454869f4d364d216becd69dd__kernel0,AI_VECTOR_CORE,6,207,1.820,1784811950132798.985	,1784811950132800.805	
2,te_matmul_4a021b5089dbff9229e2566f1994161ccc626e0b48e7694a3fd675ec7bdff61d__kernel0,AI_CORE,6,208,8.260,1784811950132800.825	,1784811950132809.085	
2,te_matmul_4a021b5089dbff9229e2566f1994161ccc626e0b48e7694a3fd675ec7bdff61d__kernel0,AI_CORE,6,209,8.220,1784811950132809.105	,1784811950132817.325	
2,te_fused_op_swish_mul_14c4f2652be9e12ed7816287cd5c287d06b515613ebc5f4d3014d3b5e43f7ed2__kernel0,AI_VECTOR_CORE,6,210,2.380,1784811950132817.345	,1784811950132819.725	
2,te_matmul_e32fb9f843923df15ad48d352f67ef3c8f820c2adfeefd3f5a8c3cfcb8d1acc0__kernel0,AI_CORE,6,211,9.220,1784811950132819.745	,1784811950132828.965	
2,te_inplaceaddrmsnorm_d62049eac13251e9dd5ca07dab53f68969f14826454869f4d364d216becd69dd__kernel0,AI_VECTOR_CORE,6,212,1.900,1784811950132828.985	,1784811950132830.885	
2,te_matmul_adca21770e6b7812d1719f354d92d05734a73fa1b9b7bb56d4d741db7e78e3a3__kernel0,AI_CORE,6,213,7.840,1784811950132830.925	,1784811950132838.765	
2,te_splitvd_23e6d833017f5dfe76c57c5940158050e2999451c1c2823a7e115bafb94e9a2d__kernel0,AI_VECTOR_CORE,6,214,1.200,1784811950132838.805	,1784811950132840.005	
2,te_scatter_f37d059f5c7cde2456a890d107ace370a7cc4eacc5600fe85218cf6bb0549f7a__kernel0,AI_VECTOR_CORE,6,215,1.620,1784811950132840.025	,1784811950132841.645	
2,te_applyrotaryposemb_ac7e5cf17af21838767f30aaee69ba82ba923a6f27e23095b6be2a982ee519e8__kernel0,AI_VECTOR_CORE,6,216,2.900,1784811950132841.665	,1784811950132844.565	
2,te_scatter_f37d059f5c7cde2456a890d107ace370a7cc4eacc5600fe85218cf6bb0549f7a__kernel0,AI_VECTOR_CORE,6,217,1.440,1784811950132844.585	,1784811950132846.025	
2,te_increflashattention_1dd55ded62f1c3e3cd3981c6cf943e165d1d4392abd4fbc2a655a0293ae82bef,MIX_AIC,6,218,17.680,1784811950132847.205	,1784811950132864.885	
2,te_matmul_30ba1a75e047a977eb3511ad32e378d8c7b5ac206cbc688a8519a7019a3f0bfb__kernel0,AI_CORE,6,219,7.400,1784811950132866.085	,1784811950132873.485	
2,te_inplaceaddrmsnorm_d62049eac13251e9dd5ca07dab53f68969f14826454869f4d364d216becd69dd__kernel0,AI_VECTOR_CORE,6,220,1.760,1784811950132873.525	,1784811950132875.285	
2,te_matmul_4a021b5089dbff9229e2566f1994161ccc626e0b48e7694a3fd675ec7bdff61d__kernel0,AI_CORE,6,221,8.420,1784811950132875.325	,1784811950132883.745	
2,te_matmul_4a021b5089dbff9229e2566f1994161ccc626e0b48e7694a3fd675ec7bdff61d__kernel0,AI_CORE,6,222,8.880,1784811950132883.785	,1784811950132892.665	
2,te_fused_op_swish_mul_14c4f2652be9e12ed7816287cd5c287d06b515613ebc5f4d3014d3b5e43f7ed2__kernel0,AI_VECTOR_CORE,6,223,2.740,1784811950132892.705	,1784811950132895.445	
2,te_matmul_e32fb9f843923df15ad48d352f67ef3c8f820c2adfeefd3f5a8c3cfcb8d1acc0__kernel0,AI_CORE,6,224,10.040,1784811950132895.465	,1784811950132905.505	
2,te_inplaceaddrmsnorm_d62049eac13251e9dd5ca07dab53f68969f14826454869f4d364d216becd69dd__kernel0,AI_VECTOR_CORE,6,225,1.900,1784811950132905.545	,1784811950132907.445	
2,te_matmul_adca21770e6b7812d1719f354d92d05734a73fa1b9b7bb56d4d741db7e78e3a3__kernel0,AI_CORE,6,226,7.320,1784811950132907.465	,1784811950132914.785	
2,te_splitvd_23e6d833017f5dfe76c57c5940158050e2999451c1c2823a7e115bafb94e9a2d__kernel0,AI_VECTOR_CORE,6,227,1.160,1784811950132914.805	,1784811950132915.965	
2,te_scatter_f37d059f5c7cde2456a890d107ace370a7cc4eacc5600fe85218cf6bb0549f7a__kernel0,AI_VECTOR_CORE,6,228,1.400,1784811950132915.985	,1784811950132917.385	
2,te_applyrotaryposemb_ac7e5cf17af21838767f30aaee69ba82ba923a6f27e23095b6be2a982ee519e8__kernel0,AI_VECTOR_CORE,6,229,2.620,1784811950132917.405	,1784811950132920.025	
2,te_scatter_f37d059f5c7cde2456a890d107ace370a7cc4eacc5600fe85218cf6bb0549f7a__kernel0,AI_VECTOR_CORE,6,230,1.380,1784811950132920.045	,1784811950132921.425	
2,te_increflashattention_1dd55ded62f1c3e3cd3981c6cf943e165d1d4392abd4fbc2a655a0293ae82bef,MIX_AIC,6,231,18.200,1784811950132922.625	,1784811950132940.825	
2,te_matmul_30ba1a75e047a977eb3511ad32e378d8c7b5ac206cbc688a8519a7019a3f0bfb__kernel0,AI_CORE,6,232,7.160,1784811950132941.505	,1784811950132948.665	
2,te_inplaceaddrmsnorm_d62049eac13251e9dd5ca07dab53f68969f14826454869f4d364d216becd69dd__kernel0,AI_VECTOR_CORE,6,233,1.760,1784811950132948.685	,1784811950132950.445	
2,te_matmul_4a021b5089dbff9229e2566f1994161ccc626e0b48e7694a3fd675ec7bdff61d__kernel0,AI_CORE,6,234,8.080,1784811950132950.485	,1784811950132958.565	
2,te_matmul_4a021b5089dbff9229e2566f1994161ccc626e0b48e7694a3fd675ec7bdff61d__kernel0,AI_CORE,6,235,8.420,1784811950132958.585	,1784811950132967.005	
2,te_fused_op_swish_mul_14c4f2652be9e12ed7816287cd5c287d06b515613ebc5f4d3014d3b5e43f7ed2__kernel0,AI_VECTOR_CORE,6,236,2.400,1784811950132967.025	,1784811950132969.425	
2,te_matmul_e32fb9f843923df15ad48d352f67ef3c8f820c2adfeefd3f5a8c3cfcb8d1acc0__kernel0,AI_CORE,6,237,9.560,1784811950132969.445	,1784811950132979.005	
2,te_inplaceaddrmsnorm_d62049eac13251e9dd5ca07dab53f68969f14826454869f4d364d216becd69dd__kernel0,AI_VECTOR_CORE,6,238,1.880,1784811950132979.045	,1784811950132980.925	
2,te_matmul_adca21770e6b7812d1719f354d92d05734a73fa1b9b7bb56d4d741db7e78e3a3__kernel0,AI_CORE,6,239,6.680,1784811950132980.945	,1784811950132987.625	
2,te_splitvd_23e6d833017f5dfe76c57c5940158050e2999451c1c2823a7e115bafb94e9a2d__kernel0,AI_VECTOR_CORE,6,240,1.120,1784811950132987.645	,1784811950132988.765	
2,te_scatter_f37d059f5c7cde2456a890d107ace370a7cc4eacc5600fe85218cf6bb0549f7a__kernel0,AI_VECTOR_CORE,6,241,1.360,1784811950132988.785	,1784811950132990.145	
2,te_applyrotaryposemb_ac7e5cf17af21838767f30aaee69ba82ba923a6f27e23095b6be2a982ee519e8__kernel0,AI_VECTOR_CORE,6,242,2.740,1784811950132990.165	,1784811950132992.905	
2,te_scatter_f37d059f5c7cde2456a890d107ace370a7cc4eacc5600fe85218cf6bb0549f7a__kernel0,AI_VECTOR_CORE,6,243,1.480,1784811950132992.925	,1784811950132994.405	
2,te_increflashattention_1dd55ded62f1c3e3cd3981c6cf943e165d1d4392abd4fbc2a655a0293ae82bef,MIX_AIC,6,244,18.100,1784811950132995.705	,1784811950133013.805	
2,te_matmul_30ba1a75e047a977eb3511ad32e378d8c7b5ac206cbc688a8519a7019a3f0bfb__kernel0,AI_CORE,6,245,7.760,1784811950133014.585	,1784811950133022.345	
2,te_inplaceaddrmsnorm_d62049eac13251e9dd5ca07dab53f68969f14826454869f4d364d216becd69dd__kernel0,AI_VECTOR_CORE,6,246,1.700,1784811950133022.365	,1784811950133024.065	
2,te_matmul_4a021b5089dbff9229e2566f1994161ccc626e0b48e7694a3fd675ec7bdff61d__kernel0,AI_CORE,6,247,8.600,1784811950133024.085	,1784811950133032.685	
2,te_matmul_4a021b5089dbff9229e2566f1994161ccc626e0b48e7694a3fd675ec7bdff61d__kernel0,AI_CORE,6,248,8.160,1784811950133032.705	,1784811950133040.865	
2,te_fused_op_swish_mul_14c4f2652be9e12ed7816287cd5c287d06b515613ebc5f4d3014d3b5e43f7ed2__kernel0,AI_VECTOR_CORE,6,249,2.180,1784811950133040.885	,1784811950133043.065	
2,te_matmul_e32fb9f843923df15ad48d352f67ef3c8f820c2adfeefd3f5a8c3cfcb8d1acc0__kernel0,AI_CORE,6,250,9.880,1784811950133043.085	,1784811950133052.965	
2,te_inplaceaddrmsnorm_d62049eac13251e9dd5ca07dab53f68969f14826454869f4d364d216becd69dd__kernel0,AI_VECTOR_CORE,6,251,1.860,1784811950133052.985	,1784811950133054.845	
2,te_matmul_adca21770e6b7812d1719f354d92d05734a73fa1b9b7bb56d4d741db7e78e3a3__kernel0,AI_CORE,6,252,8.540,1784811950133054.865	,1784811950133063.405	
2,te_splitvd_23e6d833017f5dfe76c57c5940158050e2999451c1c2823a7e115bafb94e9a2d__kernel0,AI_VECTOR_CORE,6,253,1.180,1784811950133063.425	,1784811950133064.605	
2,te_scatter_f37d059f5c7cde2456a890d107ace370a7cc4eacc5600fe85218cf6bb0549f7a__kernel0,AI_VECTOR_CORE,6,254,1.480,1784811950133064.625	,1784811950133066.105	
2,te_applyrotaryposemb_ac7e5cf17af21838767f30aaee69ba82ba923a6f27e23095b6be2a982ee519e8__kernel0,AI_VECTOR_CORE,6,255,2.180,1784811950133066.125	,1784811950133068.305	
2,te_scatter_f37d059f5c7cde2456a890d107ace370a7cc4eacc5600fe85218cf6bb0549f7a__kernel0,AI_VECTOR_CORE,6,256,1.660,1784811950133068.345	,1784811950133070.005	
2,te_increflashattention_1dd55ded62f1c3e3cd3981c6cf943e165d1d4392abd4fbc2a655a0293ae82bef,MIX_AIC,6,257,17.940,1784811950133071.085	,1784811950133089.025	
2,te_matmul_30ba1a75e047a977eb3511ad32e378d8c7b5ac206cbc688a8519a7019a3f0bfb__kernel0,AI_CORE,6,258,7.800,1784811950133089.985	,1784811950133097.785	
2,te_inplaceaddrmsnorm_d62049eac13251e9dd5ca07dab53f68969f14826454869f4d364d216becd69dd__kernel0,AI_VECTOR_CORE,6,259,1.720,1784811950133097.805	,1784811950133099.525	
2,te_matmul_4a021b5089dbff9229e2566f1994161ccc626e0b48e7694a3fd675ec7bdff61d__kernel0,AI_CORE,6,260,7.480,1784811950133099.545	,1784811950133107.025	
2,te_matmul_4a021b5089dbff9229e2566f1994161ccc626e0b48e7694a3fd675ec7bdff61d__kernel0,AI_CORE,6,261,8.000,1784811950133107.045	,1784811950133115.045	
2,te_fused_op_swish_mul_14c4f2652be9e12ed7816287cd5c287d06b515613ebc5f4d3014d3b5e43f7ed2__kernel0,AI_VECTOR_CORE,6,262,2.300,1784811950133115.065	,1784811950133117.365	
2,te_matmul_e32fb9f843923df15ad48d352f67ef3c8f820c2adfeefd3f5a8c3cfcb8d1acc0__kernel0,AI_CORE,6,263,9.780,1784811950133117.405	,1784811950133127.185	
2,te_inplaceaddrmsnorm_7dbb5ddde2dcd722cd6dacb4cb3c41f3bf3d17e51a858719ef5c7b4bb571c371__kernel0,AI_VECTOR_CORE,6,264,2.380,1784811950133127.205	,1784811950133129.585	
2,te_matmul_faa340bf6f642d480419f11a45154b955c1000775e0a1119f51a7392bd4de33f__kernel0,AI_CORE,6,265,139.600,1784811950133129.605	,1784811950133269.205	
2,N/A,NOTIFY_RECORD,6,266,0.020,1784811950133269.225	,1784811950133269.245	
2,N/A,PROFILER_TRACE_EX,3,781,0.000,1784811950133286.285	,1784811950133286.285	
2,Cast_1fb1c1a33856de01862630399320fff3_high_performance_210000000,AI_VECTOR_CORE,3,782,8.260,1784811950133286.305	,1784811950133294.565	
2,ArgMaxV2_4402011f777d6374ab9f6425cb5984c4_high_performance_3,AI_VECTOR_CORE,3,783,14.160,1784811950133294.585	,1784811950133308.745	
2,Cast_e87590d11ccda8b259ab6b1ea7212319_high_performance_210000000,AI_VECTOR_CORE,3,784,1.360,1784811950133308.765	,1784811950133310.125	
2,N/A,EVENT_RECORD,3,785,0.020,1784811950133310.145	,1784811950133310.165	
2,Fill_41dadce325b0f810d03359af2a38990b_high_performance_223000000,AI_VECTOR_CORE,3,786,2.120,1784811950133332.765	,1784811950133334.885	
2,SelectV2_a32d70ed63082227463347a44bd5a08e_high_performance_210000000,AI_VECTOR_CORE,3,787,2.200,1784811950133425.225	,1784811950133427.425	
2,Add_41dadce325b0f810d03359af2a38990b_high_performance_223000000,AI_VECTOR_CORE,3,788,3.180,1784811950133584.805	,1784811950133587.985	
2,ZerosLike_1d2fd313763487259859439d7e9b41cf_high_performance_210000000,AI_VECTOR_CORE,3,789,1.900,1784811950133716.105	,1784811950133718.005	
2,SelectV2_a32d70ed63082227463347a44bd5a08e_high_performance_210000000,AI_VECTOR_CORE,3,790,1.760,1784811950133781.685	,1784811950133783.445	
2,N/A,EVENT_RECORD,3,791,0.000,1784811950134350.685	,1784811950134350.685	
2,N/A,MEMCPY_ASYNC,3,792,3.700,1784811950134919.785	,1784811950134923.485	
2,UpdateModelParam,AI_VECTOR_CORE,3,793,4.020,1784811950134923.645	,1784811950134927.665	
2,N/A,PROFILER_TRACE_EX,3,794,0.000,1784811950134940.785	,1784811950134940.785	
2,N/A,MODEL_EXECUTE,3,795,2.880,1784811950134940.805	,1784811950134943.685	
2,te_range_84dc5a3a317b46012ced535b31ec030d4063f72b60ba6c919bb01367e91d3f11__kernel0,AI_VECTOR_CORE,6,0,8.240,1784811950134943.665	,1784811950134951.905	
2,N/A,NOTIFY_WAIT,3,796,1529.680,1784811950134951.425	,1784811950136481.105	
2,te_cast_6d4e019e204362fae236bca25820bb865e0d06d9c5e0a479069d53db234b3084__kernel0,AI_VECTOR_CORE,6,1,1.300,1784811950134951.925	,1784811950134953.225	
2,te_gatherv2_2ad3c4fcb2adc6b8e213f8d50b04c187654010192a03d5c1a50dba4862c42601__kernel0,AI_VECTOR_CORE,6,2,2.060,1784811950134953.245	,1784811950134955.305	
2,te_rmsnorm_c87c5b7e517e5ff600d6e190bbb294c67bdfd0db22b178c0460372b1e7874a31__kernel0,AI_VECTOR_CORE,6,3,5.640,1784811950134955.325	,1784811950134960.965	
2,te_matmul_adca21770e6b7812d1719f354d92d05734a73fa1b9b7bb56d4d741db7e78e3a3__kernel0,AI_CORE,6,4,8.800,1784811950134960.985	,1784811950134969.785	
2,te_splitvd_23e6d833017f5dfe76c57c5940158050e2999451c1c2823a7e115bafb94e9a2d__kernel0,AI_VECTOR_CORE,6,5,1.220,1784811950134969.825	,1784811950134971.045	
2,te_add_60a19b5fa7dfd3f191d5a508080964ef17e892b3e7bf5222a9b5b8f148b7c104__kernel0,AI_VECTOR_CORE,6,6,1.440,1784811950134971.085	,1784811950134972.525	
2,te_broadcastto_fd05c7e391c3b2fb941d52e3b6c51dc2a7cfd16ba2a9c17a00a49c92a3a76879__kernel0,AI_VECTOR_CORE,6,7,1.180,1784811950134972.545	,1784811950134973.725	
2,te_cast_a3d8f353e909fdd0ec61b8f4354c118776c818f2d1956a1d103559dc3a9173ac__kernel0,AI_VECTOR_CORE,6,8,1.040,1784811950134973.745	,1784811950134974.785	
2,te_scatter_f37d059f5c7cde2456a890d107ace370a7cc4eacc5600fe85218cf6bb0549f7a__kernel0,AI_VECTOR_CORE,6,9,2.480,1784811950134974.805	,1784811950134977.285	
2,te_broadcastto_ddb30dab3f2eedcaaa734039162b4e7d1ed6b1c17791538e8fe72a4f4d5977bc__kernel0,AI_VECTOR_CORE,6,10,1.200,1784811950134977.305	,1784811950134978.505	
2,te_mul_492433a85b87615ac95244677004a321c2d802e8f06c83e0855198c3af7f9fd4__kernel0,AI_VECTOR_CORE,6,11,1.140,1784811950134978.525	,1784811950134979.665	
2,te_concatv2d_9298eb8a956c62898870cac5bade619b7b3ff3e6c6393f52dfcb58cb1d6ec2f6__kernel0,AI_VECTOR_CORE,6,12,3.920,1784811950134979.685	,1784811950134983.605	
2,te_cos_f0a2e9cf1b9a0d79db656cffd3a63b4f724e975dcdbc51de05b51f9cda291af4__kernel0,AI_VECTOR_CORE,6,13,2.200,1784811950134983.625	,1784811950134985.825	
2,te_fused_op_mul_cast_1ca4e013841e16661a5a29bdc39fd51b1a2642ace0795dd7c83c9c175c22a4b4__kernel0,AI_VECTOR_CORE,6,14,1.340,1784811950134985.845	,1784811950134987.185	
2,te_sin_45a88304de4db3334cde016e9314c080269bf720b85e8f766bf42e5cbcf776e4__kernel0,AI_VECTOR_CORE,6,15,2.160,1784811950134987.205	,1784811950134989.365	
2,te_fused_op_mul_cast_1ca4e013841e16661a5a29bdc39fd51b1a2642ace0795dd7c83c9c175c22a4b4__kernel0,AI_VECTOR_CORE,6,16,1.240,1784811950134989.385	,1784811950134990.625	
2,te_splitvd_b367d622d158830fbf9afc9aee566383b1c169b9346b97d54ec60cdbe7d9e294__kernel0,AI_VECTOR_CORE,6,17,4.040,1784811950134990.645	,1784811950134994.685	
2,te_gatherv2_c746701ed477003cb850735c193709ce5e1bdd0b8a0913d096325550d32a9e66__kernel0,AI_VECTOR_CORE,6,18,1.520,1784811950134994.705	,1784811950134996.225	
2,te_gatherv2_c746701ed477003cb850735c193709ce5e1bdd0b8a0913d096325550d32a9e66__kernel0,AI_VECTOR_CORE,6,19,1.140,1784811950134996.245	,1784811950134997.385	
2,te_gatherv2_b2674e967c381bbe9a704c499366f7596d4314d631004147c24b28c300e3936c__kernel0,AI_VECTOR_CORE,6,20,1.300,1784811950134997.405	,1784811950134998.705	
2,te_gatherv2_b2674e967c381bbe9a704c499366f7596d4314d631004147c24b28c300e3936c__kernel0,AI_VECTOR_CORE,6,21,1.260,1784811950134998.725	,1784811950134999.985	
2,te_gatherv2_b2674e967c381bbe9a704c499366f7596d4314d631004147c24b28c300e3936c__kernel0,AI_VECTOR_CORE,6,22,1.120,1784811950135000.005	,1784811950135001.125	
2,te_gatherv2_b2674e967c381bbe9a704c499366f7596d4314d631004147c24b28c300e3936c__kernel0,AI_VECTOR_CORE,6,23,1.220,1784811950135001.145	,1784811950135002.365	
2,te_splitvd_b367d622d158830fbf9afc9aee566383b1c169b9346b97d54ec60cdbe7d9e294__kernel0,AI_VECTOR_CORE,6,24,3.840,1784811950135002.385	,1784811950135006.225	
2,te_gatherv2_c746701ed477003cb850735c193709ce5e1bdd0b8a0913d096325550d32a9e66__kernel0,AI_VECTOR_CORE,6,25,1.140,1784811950135006.265	,1784811950135007.405	
2,te_gatherv2_c746701ed477003cb850735c193709ce5e1bdd0b8a0913d096325550d32a9e66__kernel0,AI_VECTOR_CORE,6,26,1.200,1784811950135007.445	,1784811950135008.645	
2,te_gatherv2_b2674e967c381bbe9a704c499366f7596d4314d631004147c24b28c300e3936c__kernel0,AI_VECTOR_CORE,6,27,1.180,1784811950135008.665	,1784811950135009.845	
2,te_gatherv2_b2674e967c381bbe9a704c499366f7596d4314d631004147c24b28c300e3936c__kernel0,AI_VECTOR_CORE,6,28,1.240,1784811950135009.885	,1784811950135011.125	
2,te_gatherv2_b2674e967c381bbe9a704c499366f7596d4314d631004147c24b28c300e3936c__kernel0,AI_VECTOR_CORE,6,29,1.240,1784811950135011.165	,1784811950135012.405	
2,te_gatherv2_b2674e967c381bbe9a704c499366f7596d4314d631004147c24b28c300e3936c__kernel0,AI_VECTOR_CORE,6,30,1.300,1784811950135012.425	,1784811950135013.725	
2,te_concatv2d_84141715de36eeb0d876706f059295c6f3a511af433753a38f4ec0f618f64e64__kernel0,AI_VECTOR_CORE,6,31,3.560,1784811950135013.745	,1784811950135017.305	
2,te_concatv2d_84141715de36eeb0d876706f059295c6f3a511af433753a38f4ec0f618f64e64__kernel0,AI_VECTOR_CORE,6,32,3.400,1784811950135017.325	,1784811950135020.725	
2,te_applyrotaryposemb_ac7e5cf17af21838767f30aaee69ba82ba923a6f27e23095b6be2a982ee519e8__kernel0,AI_VECTOR_CORE,6,33,3.880,1784811950135020.745	,1784811950135024.625	
2,te_scatter_f37d059f5c7cde2456a890d107ace370a7cc4eacc5600fe85218cf6bb0549f7a__kernel0,AI_VECTOR_CORE,6,34,2.020,1784811950135024.665	,1784811950135026.685	
2,te_greater_6c64e1e800c2ccba2e124180d5b3bca6b7a97f4451b51490820cf5ac67d25cc6__kernel0,AI_VECTOR_CORE,6,35,6.240,1784811950135026.705	,1784811950135032.945	
2,te_increflashattention_1dd55ded62f1c3e3cd3981c6cf943e165d1d4392abd4fbc2a655a0293ae82bef,MIX_AIC,6,36,21.160,1784811950135033.965	,1784811950135055.125	
2,te_matmul_30ba1a75e047a977eb3511ad32e378d8c7b5ac206cbc688a8519a7019a3f0bfb__kernel0,AI_CORE,6,37,8.080,1784811950135055.885	,1784811950135063.965	
2,te_inplaceaddrmsnorm_d62049eac13251e9dd5ca07dab53f68969f14826454869f4d364d216becd69dd__kernel0,AI_VECTOR_CORE,6,38,2.440,1784811950135064.005	,1784811950135066.445	
2,te_matmul_4a021b5089dbff9229e2566f1994161ccc626e0b48e7694a3fd675ec7bdff61d__kernel0,AI_CORE,6,39,10.600,1784811950135066.465	,1784811950135077.065	
2,te_matmul_4a021b5089dbff9229e2566f1994161ccc626e0b48e7694a3fd675ec7bdff61d__kernel0,AI_CORE,6,40,7.920,1784811950135077.085	,1784811950135085.005	
2,te_fused_op_swish_mul_14c4f2652be9e12ed7816287cd5c287d06b515613ebc5f4d3014d3b5e43f7ed2__kernel0,AI_VECTOR_CORE,6,41,3.240,1784811950135085.025	,1784811950135088.265	
2,te_matmul_e32fb9f843923df15ad48d352f67ef3c8f820c2adfeefd3f5a8c3cfcb8d1acc0__kernel0,AI_CORE,6,42,10.520,1784811950135088.285	,1784811950135098.805	
2,te_inplaceaddrmsnorm_d62049eac13251e9dd5ca07dab53f68969f14826454869f4d364d216becd69dd__kernel0,AI_VECTOR_CORE,6,43,2.060,1784811950135098.825	,1784811950135100.885	
2,te_matmul_adca21770e6b7812d1719f354d92d05734a73fa1b9b7bb56d4d741db7e78e3a3__kernel0,AI_CORE,6,44,6.800,1784811950135100.905	,1784811950135107.705	
2,te_splitvd_23e6d833017f5dfe76c57c5940158050e2999451c1c2823a7e115bafb94e9a2d__kernel0,AI_VECTOR_CORE,6,45,1.240,1784811950135107.725	,1784811950135108.965	
2,te_scatter_f37d059f5c7cde2456a890d107ace370a7cc4eacc5600fe85218cf6bb0549f7a__kernel0,AI_VECTOR_CORE,6,46,1.940,1784811950135108.985	,1784811950135110.925	
2,te_applyrotaryposemb_ac7e5cf17af21838767f30aaee69ba82ba923a6f27e23095b6be2a982ee519e8__kernel0,AI_VECTOR_CORE,6,47,3.140,1784811950135110.945	,1784811950135114.085	
2,te_scatter_f37d059f5c7cde2456a890d107ace370a7cc4eacc5600fe85218cf6bb0549f7a__kernel0,AI_VECTOR_CORE,6,48,1.780,1784811950135114.105	,1784811950135115.885	
2,te_increflashattention_1dd55ded62f1c3e3cd3981c6cf943e165d1d4392abd4fbc2a655a0293ae82bef,MIX_AIC,6,49,18.700,1784811950135117.185	,1784811950135135.885	
2,te_matmul_30ba1a75e047a977eb3511ad32e378d8c7b5ac206cbc688a8519a7019a3f0bfb__kernel0,AI_CORE,6,50,6.940,1784811950135136.665	,1784811950135143.605	
2,te_inplaceaddrmsnorm_d62049eac13251e9dd5ca07dab53f68969f14826454869f4d364d216becd69dd__kernel0,AI_VECTOR_CORE,6,51,2.000,1784811950135143.625	,1784811950135145.625	
2,te_matmul_4a021b5089dbff9229e2566f1994161ccc626e0b48e7694a3fd675ec7bdff61d__kernel0,AI_CORE,6,52,7.620,1784811950135145.645	,1784811950135153.265	
2,te_matmul_4a021b5089dbff9229e2566f1994161ccc626e0b48e7694a3fd675ec7bdff61d__kernel0,AI_CORE,6,53,7.620,1784811950135153.305	,1784811950135160.925	
2,te_fused_op_swish_mul_14c4f2652be9e12ed7816287cd5c287d06b515613ebc5f4d3014d3b5e43f7ed2__kernel0,AI_VECTOR_CORE,6,54,2.340,1784811950135160.945	,1784811950135163.285	
2,te_matmul_e32fb9f843923df15ad48d352f67ef3c8f820c2adfeefd3f5a8c3cfcb8d1acc0__kernel0,AI_CORE,6,55,8.680,1784811950135163.305	,1784811950135171.985	
2,te_inplaceaddrmsnorm_d62049eac13251e9dd5ca07dab53f68969f14826454869f4d364d216becd69dd__kernel0,AI_VECTOR_CORE,6,56,2.300,1784811950135172.005	,1784811950135174.305	
2,te_matmul_adca21770e6b7812d1719f354d92d05734a73fa1b9b7bb56d4d741db7e78e3a3__kernel0,AI_CORE,6,57,7.620,1784811950135174.325	,1784811950135181.945	
2,te_splitvd_23e6d833017f5dfe76c57c5940158050e2999451c1c2823a7e115bafb94e9a2d__kernel0,AI_VECTOR_CORE,6,58,1.240,1784811950135181.965	,1784811950135183.205	
2,te_scatter_f37d059f5c7cde2456a890d107ace370a7cc4eacc5600fe85218cf6bb0549f7a__kernel0,AI_VECTOR_CORE,6,59,1.360,1784811950135183.225	,1784811950135184.585	
2,te_applyrotaryposemb_ac7e5cf17af21838767f30aaee69ba82ba923a6f27e23095b6be2a982ee519e8__kernel0,AI_VECTOR_CORE,6,60,2.680,1784811950135184.605	,1784811950135187.285	
2,te_scatter_f37d059f5c7cde2456a890d107ace370a7cc4eacc5600fe85218cf6bb0549f7a__kernel0,AI_VECTOR_CORE,6,61,1.300,1784811950135187.305	,1784811950135188.605	
2,te_increflashattention_1dd55ded62f1c3e3cd3981c6cf943e165d1d4392abd4fbc2a655a0293ae82bef,MIX_AIC,6,62,19.620,1784811950135189.645	,1784811950135209.265	
2,te_matmul_30ba1a75e047a977eb3511ad32e378d8c7b5ac206cbc688a8519a7019a3f0bfb__kernel0,AI_CORE,6,63,6.520,1784811950135210.345	,1784811950135216.865	
2,te_inplaceaddrmsnorm_d62049eac13251e9dd5ca07dab53f68969f14826454869f4d364d216becd69dd__kernel0,AI_VECTOR_CORE,6,64,1.880,1784811950135216.885	,1784811950135218.765	
2,te_matmul_4a021b5089dbff9229e2566f1994161ccc626e0b48e7694a3fd675ec7bdff61d__kernel0,AI_CORE,6,65,7.880,1784811950135218.785	,1784811950135226.665	
2,te_matmul_4a021b5089dbff9229e2566f1994161ccc626e0b48e7694a3fd675ec7bdff61d__kernel0,AI_CORE,6,66,7.380,1784811950135226.705	,1784811950135234.085	
2,te_fused_op_swish_mul_14c4f2652be9e12ed7816287cd5c287d06b515613ebc5f4d3014d3b5e43f7ed2__kernel0,AI_VECTOR_CORE,6,67,2.400,1784811950135234.105	,1784811950135236.505	
2,te_matmul_e32fb9f843923df15ad48d352f67ef3c8f820c2adfeefd3f5a8c3cfcb8d1acc0__kernel0,AI_CORE,6,68,9.020,1784811950135236.545	,1784811950135245.565	
2,te_inplaceaddrmsnorm_d62049eac13251e9dd5ca07dab53f68969f14826454869f4d364d216becd69dd__kernel0,AI_VECTOR_CORE,6,69,1.960,1784811950135245.605	,1784811950135247.565	
2,te_matmul_adca21770e6b7812d1719f354d92d05734a73fa1b9b7bb56d4d741db7e78e3a3__kernel0,AI_CORE,6,70,7.640,1784811950135247.605	,1784811950135255.245	
2,te_splitvd_23e6d833017f5dfe76c57c5940158050e2999451c1c2823a7e115bafb94e9a2d__kernel0,AI_VECTOR_CORE,6,71,1.160,1784811950135255.265	,1784811950135256.425	
2,te_scatter_f37d059f5c7cde2456a890d107ace370a7cc4eacc5600fe85218cf6bb0549f7a__kernel0,AI_VECTOR_CORE,6,72,1.240,1784811950135256.445	,1784811950135257.685	
2,te_applyrotaryposemb_ac7e5cf17af21838767f30aaee69ba82ba923a6f27e23095b6be2a982ee519e8__kernel0,AI_VECTOR_CORE,6,73,2.900,1784811950135257.705	,1784811950135260.605	
2,te_scatter_f37d059f5c7cde2456a890d107ace370a7cc4eacc5600fe85218cf6bb0549f7a__kernel0,AI_VECTOR_CORE,6,74,1.320,1784811950135260.625	,1784811950135261.945	
2,te_increflashattention_1dd55ded62f1c3e3cd3981c6cf943e165d1d4392abd4fbc2a655a0293ae82bef,MIX_AIC,6,75,19.720,1784811950135263.365	,1784811950135283.085	
2,te_matmul_30ba1a75e047a977eb3511ad32e378d8c7b5ac206cbc688a8519a7019a3f0bfb__kernel0,AI_CORE,6,76,6.460,1784811950135284.085	,1784811950135290.545	
2,te_inplaceaddrmsnorm_d62049eac13251e9dd5ca07dab53f68969f14826454869f4d364d216becd69dd__kernel0,AI_VECTOR_CORE,6,77,1.800,1784811950135290.565	,1784811950135292.365	
2,te_matmul_4a021b5089dbff9229e2566f1994161ccc626e0b48e7694a3fd675ec7bdff61d__kernel0,AI_CORE,6,78,8.080,1784811950135292.385	,1784811950135300.465	
2,te_matmul_4a021b5089dbff9229e2566f1994161ccc626e0b48e7694a3fd675ec7bdff61d__kernel0,AI_CORE,6,79,8.320,1784811950135300.505	,1784811950135308.825	
2,te_fused_op_swish_mul_14c4f2652be9e12ed7816287cd5c287d06b515613ebc5f4d3014d3b5e43f7ed2__kernel0,AI_VECTOR_CORE,6,80,2.280,1784811950135308.865	,1784811950135311.145	
2,te_matmul_e32fb9f843923df15ad48d352f67ef3c8f820c2adfeefd3f5a8c3cfcb8d1acc0__kernel0,AI_CORE,6,81,9.220,1784811950135311.165	,1784811950135320.385	
2,te_inplaceaddrmsnorm_d62049eac13251e9dd5ca07dab53f68969f14826454869f4d364d216becd69dd__kernel0,AI_VECTOR_CORE,6,82,2.020,1784811950135320.405	,1784811950135322.425	
2,te_matmul_adca21770e6b7812d1719f354d92d05734a73fa1b9b7bb56d4d741db7e78e3a3__kernel0,AI_CORE,6,83,7.140,1784811950135322.445	,1784811950135329.585	
2,te_splitvd_23e6d833017f5dfe76c57c5940158050e2999451c1c2823a7e115bafb94e9a2d__kernel0,AI_VECTOR_CORE,6,84,1.200,1784811950135329.605	,1784811950135330.805	
2,te_scatter_f37d059f5c7cde2456a890d107ace370a7cc4eacc5600fe85218cf6bb0549f7a__kernel0,AI_VECTOR_CORE,6,85,1.120,1784811950135330.845	,1784811950135331.965	
2,te_applyrotaryposemb_ac7e5cf17af21838767f30aaee69ba82ba923a6f27e23095b6be2a982ee519e8__kernel0,AI_VECTOR_CORE,6,86,2.920,1784811950135331.985	,1784811950135334.905	
2,te_scatter_f37d059f5c7cde2456a890d107ace370a7cc4eacc5600fe85218cf6bb0549f7a__kernel0,AI_VECTOR_CORE,6,87,1.960,1784811950135334.925	,1784811950135336.885	
2,te_increflashattention_1dd55ded62f1c3e3cd3981c6cf943e165d1d4392abd4fbc2a655a0293ae82bef,MIX_AIC,6,88,19.140,1784811950135338.325	,1784811950135357.465	
2,te_matmul_30ba1a75e047a977eb3511ad32e378d8c7b5ac206cbc688a8519a7019a3f0bfb__kernel0,AI_CORE,6,89,6.540,1784811950135358.445	,1784811950135364.985	
2,te_inplaceaddrmsnorm_d62049eac13251e9dd5ca07dab53f68969f14826454869f4d364d216becd69dd__kernel0,AI_VECTOR_CORE,6,90,1.980,1784811950135365.005	,1784811950135366.985	
2,te_matmul_4a021b5089dbff9229e2566f1994161ccc626e0b48e7694a3fd675ec7bdff61d__kernel0,AI_CORE,6,91,7.260,1784811950135367.005	,1784811950135374.265	
2,te_matmul_4a021b5089dbff9229e2566f1994161ccc626e0b48e7694a3fd675ec7bdff61d__kernel0,AI_CORE,6,92,8.280,1784811950135374.285	,1784811950135382.565	
2,te_fused_op_swish_mul_14c4f2652be9e12ed7816287cd5c287d06b515613ebc5f4d3014d3b5e43f7ed2__kernel0,AI_VECTOR_CORE,6,93,2.280,1784811950135382.605	,1784811950135384.885	
2,te_matmul_e32fb9f843923df15ad48d352f67ef3c8f820c2adfeefd3f5a8c3cfcb8d1acc0__kernel0,AI_CORE,6,94,9.140,1784811950135384.905	,1784811950135394.045	
2,te_inplaceaddrmsnorm_d62049eac13251e9dd5ca07dab53f68969f14826454869f4d364d216becd69dd__kernel0,AI_VECTOR_CORE,6,95,1.840,1784811950135394.065	,1784811950135395.905	
2,te_matmul_adca21770e6b7812d1719f354d92d05734a73fa1b9b7bb56d4d741db7e78e3a3__kernel0,AI_CORE,6,96,7.660,1784811950135395.925	,1784811950135403.585	
2,te_splitvd_23e6d833017f5dfe76c57c5940158050e2999451c1c2823a7e115bafb94e9a2d__kernel0,AI_VECTOR_CORE,6,97,1.140,1784811950135403.605	,1784811950135404.745	
2,te_scatter_f37d059f5c7cde2456a890d107ace370a7cc4eacc5600fe85218cf6bb0549f7a__kernel0,AI_VECTOR_CORE,6,98,1.120,1784811950135404.765	,1784811950135405.885	
2,te_applyrotaryposemb_ac7e5cf17af21838767f30aaee69ba82ba923a6f27e23095b6be2a982ee519e8__kernel0,AI_VECTOR_CORE,6,99,2.800,1784811950135405.905	,1784811950135408.705	
2,te_scatter_f37d059f5c7cde2456a890d107ace370a7cc4eacc5600fe85218cf6bb0549f7a__kernel0,AI_VECTOR_CORE,6,100,1.680,1784811950135408.725	,1784811950135410.405	
2,te_increflashattention_1dd55ded62f1c3e3cd3981c6cf943e165d1d4392abd4fbc2a655a0293ae82bef,MIX_AIC,6,101,19.100,1784811950135411.425	,1784811950135430.525	
2,te_matmul_30ba1a75e047a977eb3511ad32e378d8c7b5ac206cbc688a8519a7019a3f0bfb__kernel0,AI_CORE,6,102,6.580,1784811950135431.505	,1784811950135438.085	
2,te_inplaceaddrmsnorm_d62049eac13251e9dd5ca07dab53f68969f14826454869f4d364d216becd69dd__kernel0,AI_VECTOR_CORE,6,103,1.700,1784811950135438.105	,1784811950135439.805	
2,te_matmul_4a021b5089dbff9229e2566f1994161ccc626e0b48e7694a3fd675ec7bdff61d__kernel0,AI_CORE,6,104,9.120,1784811950135439.825	,1784811950135448.945	
2,te_matmul_4a021b5089dbff9229e2566f1994161ccc626e0b48e7694a3fd675ec7bdff61d__kernel0,AI_CORE,6,105,8.020,1784811950135448.965	,1784811950135456.985	
2,te_fused_op_swish_mul_14c4f2652be9e12ed7816287cd5c287d06b515613ebc5f4d3014d3b5e43f7ed2__kernel0,AI_VECTOR_CORE,6,106,2.280,1784811950135457.005	,1784811950135459.285	
2,te_matmul_e32fb9f843923df15ad48d352f67ef3c8f820c2adfeefd3f5a8c3cfcb8d1acc0__kernel0,AI_CORE,6,107,10.040,1784811950135459.305	,1784811950135469.345	
2,te_inplaceaddrmsnorm_d62049eac13251e9dd5ca07dab53f68969f14826454869f4d364d216becd69dd__kernel0,AI_VECTOR_CORE,6,108,1.980,1784811950135469.365	,1784811950135471.345	
2,te_matmul_adca21770e6b7812d1719f354d92d05734a73fa1b9b7bb56d4d741db7e78e3a3__kernel0,AI_CORE,6,109,8.120,1784811950135471.385	,1784811950135479.505	
2,te_splitvd_23e6d833017f5dfe76c57c5940158050e2999451c1c2823a7e115bafb94e9a2d__kernel0,AI_VECTOR_CORE,6,110,1.400,1784811950135479.525	,1784811950135480.925	
2,te_scatter_f37d059f5c7cde2456a890d107ace370a7cc4eacc5600fe85218cf6bb0549f7a__kernel0,AI_VECTOR_CORE,6,111,1.700,1784811950135480.945	,1784811950135482.645	
2,te_applyrotaryposemb_ac7e5cf17af21838767f30aaee69ba82ba923a6f27e23095b6be2a982ee519e8__kernel0,AI_VECTOR_CORE,6,112,3.760,1784811950135482.665	,1784811950135486.425	
2,te_scatter_f37d059f5c7cde2456a890d107ace370a7cc4eacc5600fe85218cf6bb0549f7a__kernel0,AI_VECTOR_CORE,6,113,1.500,1784811950135486.445	,1784811950135487.945	
2,te_increflashattention_1dd55ded62f1c3e3cd3981c6cf943e165d1d4392abd4fbc2a655a0293ae82bef,MIX_AIC,6,114,19.660,1784811950135489.205	,1784811950135508.865	
2,te_matmul_30ba1a75e047a977eb3511ad32e378d8c7b5ac206cbc688a8519a7019a3f0bfb__kernel0,AI_CORE,6,115,6.040,1784811950135509.905	,1784811950135515.945	
2,te_inplaceaddrmsnorm_d62049eac13251e9dd5ca07dab53f68969f14826454869f4d364d216becd69dd__kernel0,AI_VECTOR_CORE,6,116,1.820,1784811950135515.965	,1784811950135517.785	
2,te_matmul_4a021b5089dbff9229e2566f1994161ccc626e0b48e7694a3fd675ec7bdff61d__kernel0,AI_CORE,6,117,8.560,1784811950135517.825	,1784811950135526.385	
2,te_matmul_4a021b5089dbff9229e2566f1994161ccc626e0b48e7694a3fd675ec7bdff61d__kernel0,AI_CORE,6,118,8.380,1784811950135526.405	,1784811950135534.785	
2,te_fused_op_swish_mul_14c4f2652be9e12ed7816287cd5c287d06b515613ebc5f4d3014d3b5e43f7ed2__kernel0,AI_VECTOR_CORE,6,119,2.380,1784811950135534.805	,1784811950135537.185	
2,te_matmul_e32fb9f843923df15ad48d352f67ef3c8f820c2adfeefd3f5a8c3cfcb8d1acc0__kernel0,AI_CORE,6,120,8.800,1784811950135537.225	,1784811950135546.025	
2,te_inplaceaddrmsnorm_d62049eac13251e9dd5ca07dab53f68969f14826454869f4d364d216becd69dd__kernel0,AI_VECTOR_CORE,6,121,1.880,1784811950135546.045	,1784811950135547.925	
2,te_matmul_adca21770e6b7812d1719f354d92d05734a73fa1b9b7bb56d4d741db7e78e3a3__kernel0,AI_CORE,6,122,6.560,1784811950135547.945	,1784811950135554.505	
2,te_splitvd_23e6d833017f5dfe76c57c5940158050e2999451c1c2823a7e115bafb94e9a2d__kernel0,AI_VECTOR_CORE,6,123,1.160,1784811950135554.525	,1784811950135555.685	
2,te_scatter_f37d059f5c7cde2456a890d107ace370a7cc4eacc5600fe85218cf6bb0549f7a__kernel0,AI_VECTOR_CORE,6,124,1.820,1784811950135555.705	,1784811950135557.525	
2,te_applyrotaryposemb_ac7e5cf17af21838767f30aaee69ba82ba923a6f27e23095b6be2a982ee519e8__kernel0,AI_VECTOR_CORE,6,125,2.220,1784811950135557.545	,1784811950135559.765	
2,te_scatter_f37d059f5c7cde2456a890d107ace370a7cc4eacc5600fe85218cf6bb0549f7a__kernel0,AI_VECTOR_CORE,6,126,1.760,1784811950135559.805	,1784811950135561.565	
2,te_increflashattention_1dd55ded62f1c3e3cd3981c6cf943e165d1d4392abd4fbc2a655a0293ae82bef,MIX_AIC,6,127,18.660,1784811950135562.845	,1784811950135581.505	
2,te_matmul_30ba1a75e047a977eb3511ad32e378d8c7b5ac206cbc688a8519a7019a3f0bfb__kernel0,AI_CORE,6,128,6.680,1784811950135582.305	,1784811950135588.985	
2,te_inplaceaddrmsnorm_d62049eac13251e9dd5ca07dab53f68969f14826454869f4d364d216becd69dd__kernel0,AI_VECTOR_CORE,6,129,1.640,1784811950135589.005	,1784811950135590.645	
2,te_matmul_4a021b5089dbff9229e2566f1994161ccc626e0b48e7694a3fd675ec7bdff61d__kernel0,AI_CORE,6,130,8.320,1784811950135590.665	,1784811950135598.985	
2,te_matmul_4a021b5089dbff9229e2566f1994161ccc626e0b48e7694a3fd675ec7bdff61d__kernel0,AI_CORE,6,131,7.600,1784811950135599.005	,1784811950135606.605	
2,te_fused_op_swish_mul_14c4f2652be9e12ed7816287cd5c287d06b515613ebc5f4d3014d3b5e43f7ed2__kernel0,AI_VECTOR_CORE,6,132,2.840,1784811950135606.645	,1784811950135609.485	
2,te_matmul_e32fb9f843923df15ad48d352f67ef3c8f820c2adfeefd3f5a8c3cfcb8d1acc0__kernel0,AI_CORE,6,133,9.000,1784811950135609.505	,1784811950135618.505	
2,te_inplaceaddrmsnorm_d62049eac13251e9dd5ca07dab53f68969f14826454869f4d364d216becd69dd__kernel0,AI_VECTOR_CORE,6,134,2.280,1784811950135618.525	,1784811950135620.805	
2,te_matmul_adca21770e6b7812d1719f354d92d05734a73fa1b9b7bb56d4d741db7e78e3a3__kernel0,AI_CORE,6,135,7.940,1784811950135620.825	,1784811950135628.765	
2,te_splitvd_23e6d833017f5dfe76c57c5940158050e2999451c1c2823a7e115bafb94e9a2d__kernel0,AI_VECTOR_CORE,6,136,1.120,1784811950135628.805	,1784811950135629.925	
2,te_scatter_f37d059f5c7cde2456a890d107ace370a7cc4eacc5600fe85218cf6bb0549f7a__kernel0,AI_VECTOR_CORE,6,137,1.300,1784811950135629.965	,1784811950135631.265	
2,te_applyrotaryposemb_ac7e5cf17af21838767f30aaee69ba82ba923a6f27e23095b6be2a982ee519e8__kernel0,AI_VECTOR_CORE,6,138,2.760,1784811950135631.285	,1784811950135634.045	
2,te_scatter_f37d059f5c7cde2456a890d107ace370a7cc4eacc5600fe85218cf6bb0549f7a__kernel0,AI_VECTOR_CORE,6,139,1.580,1784811950135634.065	,1784811950135635.645	
2,te_increflashattention_1dd55ded62f1c3e3cd3981c6cf943e165d1d4392abd4fbc2a655a0293ae82bef,MIX_AIC,6,140,18.740,1784811950135637.065	,1784811950135655.805	
2,te_matmul_30ba1a75e047a977eb3511ad32e378d8c7b5ac206cbc688a8519a7019a3f0bfb__kernel0,AI_CORE,6,141,6.780,1784811950135656.565	,1784811950135663.345	
2,te_inplaceaddrmsnorm_d62049eac13251e9dd5ca07dab53f68969f14826454869f4d364d216becd69dd__kernel0,AI_VECTOR_CORE,6,142,2.000,1784811950135663.365	,1784811950135665.365	
2,te_matmul_4a021b5089dbff9229e2566f1994161ccc626e0b48e7694a3fd675ec7bdff61d__kernel0,AI_CORE,6,143,7.780,1784811950135665.405	,1784811950135673.185	
2,te_matmul_4a021b5089dbff9229e2566f1994161ccc626e0b48e7694a3fd675ec7bdff61d__kernel0,AI_CORE,6,144,7.740,1784811950135673.205	,1784811950135680.945	
2,te_fused_op_swish_mul_14c4f2652be9e12ed7816287cd5c287d06b515613ebc5f4d3014d3b5e43f7ed2__kernel0,AI_VECTOR_CORE,6,145,2.360,1784811950135680.965	,1784811950135683.325	
2,te_matmul_e32fb9f843923df15ad48d352f67ef3c8f820c2adfeefd3f5a8c3cfcb8d1acc0__kernel0,AI_CORE,6,146,9.280,1784811950135683.345	,1784811950135692.625	
2,te_inplaceaddrmsnorm_d62049eac13251e9dd5ca07dab53f68969f14826454869f4d364d216becd69dd__kernel0,AI_VECTOR_CORE,6,147,1.940,1784811950135692.665	,1784811950135694.605	
2,te_matmul_adca21770e6b7812d1719f354d92d05734a73fa1b9b7bb56d4d741db7e78e3a3__kernel0,AI_CORE,6,148,7.500,1784811950135694.625	,1784811950135702.125	
2,te_splitvd_23e6d833017f5dfe76c57c5940158050e2999451c1c2823a7e115bafb94e9a2d__kernel0,AI_VECTOR_CORE,6,149,1.200,1784811950135702.145	,1784811950135703.345	
2,te_scatter_f37d059f5c7cde2456a890d107ace370a7cc4eacc5600fe85218cf6bb0549f7a__kernel0,AI_VECTOR_CORE,6,150,1.480,1784811950135703.365	,1784811950135704.845	
2,te_applyrotaryposemb_ac7e5cf17af21838767f30aaee69ba82ba923a6f27e23095b6be2a982ee519e8__kernel0,AI_VECTOR_CORE,6,151,2.600,1784811950135704.865	,1784811950135707.465	
2,te_scatter_f37d059f5c7cde2456a890d107ace370a7cc4eacc5600fe85218cf6bb0549f7a__kernel0,AI_VECTOR_CORE,6,152,1.640,1784811950135707.485	,1784811950135709.125	
2,te_increflashattention_1dd55ded62f1c3e3cd3981c6cf943e165d1d4392abd4fbc2a655a0293ae82bef,MIX_AIC,6,153,18.060,1784811950135710.145	,1784811950135728.205	
2,te_matmul_30ba1a75e047a977eb3511ad32e378d8c7b5ac206cbc688a8519a7019a3f0bfb__kernel0,AI_CORE,6,154,6.960,1784811950135729.065	,1784811950135736.025	
2,te_inplaceaddrmsnorm_d62049eac13251e9dd5ca07dab53f68969f14826454869f4d364d216becd69dd__kernel0,AI_VECTOR_CORE,6,155,1.720,1784811950135736.045	,1784811950135737.765	
2,te_matmul_4a021b5089dbff9229e2566f1994161ccc626e0b48e7694a3fd675ec7bdff61d__kernel0,AI_CORE,6,156,7.640,1784811950135737.785	,1784811950135745.425	
2,te_matmul_4a021b5089dbff9229e2566f1994161ccc626e0b48e7694a3fd675ec7bdff61d__kernel0,AI_CORE,6,157,7.560,1784811950135745.445	,1784811950135753.005	
2,te_fused_op_swish_mul_14c4f2652be9e12ed7816287cd5c287d06b515613ebc5f4d3014d3b5e43f7ed2__kernel0,AI_VECTOR_CORE,6,158,2.320,1784811950135753.045	,1784811950135755.365	
2,te_matmul_e32fb9f843923df15ad48d352f67ef3c8f820c2adfeefd3f5a8c3cfcb8d1acc0__kernel0,AI_CORE,6,159,8.720,1784811950135755.385	,1784811950135764.105	
2,te_inplaceaddrmsnorm_d62049eac13251e9dd5ca07dab53f68969f14826454869f4d364d216becd69dd__kernel0,AI_VECTOR_CORE,6,160,1.840,1784811950135764.125	,1784811950135765.965	
2,te_matmul_adca21770e6b7812d1719f354d92d05734a73fa1b9b7bb56d4d741db7e78e3a3__kernel0,AI_CORE,6,161,6.320,1784811950135765.985	,1784811950135772.305	
2,te_splitvd_23e6d833017f5dfe76c57c5940158050e2999451c1c2823a7e115bafb94e9a2d__kernel0,AI_VECTOR_CORE,6,162,1.160,1784811950135772.325	,1784811950135773.485	
2,te_scatter_f37d059f5c7cde2456a890d107ace370a7cc4eacc5600fe85218cf6bb0549f7a__kernel0,AI_VECTOR_CORE,6,163,1.380,1784811950135773.505	,1784811950135774.885	
2,te_applyrotaryposemb_ac7e5cf17af21838767f30aaee69ba82ba923a6f27e23095b6be2a982ee519e8__kernel0,AI_VECTOR_CORE,6,164,2.640,1784811950135774.905	,1784811950135777.545	
2,te_scatter_f37d059f5c7cde2456a890d107ace370a7cc4eacc5600fe85218cf6bb0549f7a__kernel0,AI_VECTOR_CORE,6,165,1.680,1784811950135777.585	,1784811950135779.265	
2,te_increflashattention_1dd55ded62f1c3e3cd3981c6cf943e165d1d4392abd4fbc2a655a0293ae82bef,MIX_AIC,6,166,18.640,1784811950135780.285	,1784811950135798.925	
2,te_matmul_30ba1a75e047a977eb3511ad32e378d8c7b5ac206cbc688a8519a7019a3f0bfb__kernel0,AI_CORE,6,167,6.660,1784811950135799.765	,1784811950135806.425	
2,te_inplaceaddrmsnorm_d62049eac13251e9dd5ca07dab53f68969f14826454869f4d364d216becd69dd__kernel0,AI_VECTOR_CORE,6,168,1.680,1784811950135806.465	,1784811950135808.145	
2,te_matmul_4a021b5089dbff9229e2566f1994161ccc626e0b48e7694a3fd675ec7bdff61d__kernel0,AI_CORE,6,169,7.580,1784811950135808.165	,1784811950135815.745	
2,te_matmul_4a021b5089dbff9229e2566f1994161ccc626e0b48e7694a3fd675ec7bdff61d__kernel0,AI_CORE,6,170,8.500,1784811950135815.785	,1784811950135824.285	
2,te_fused_op_swish_mul_14c4f2652be9e12ed7816287cd5c287d06b515613ebc5f4d3014d3b5e43f7ed2__kernel0,AI_VECTOR_CORE,6,171,2.300,1784811950135824.305	,1784811950135826.605	
2,te_matmul_e32fb9f843923df15ad48d352f67ef3c8f820c2adfeefd3f5a8c3cfcb8d1acc0__kernel0,AI_CORE,6,172,9.320,1784811950135826.645	,1784811950135835.965	
2,te_inplaceaddrmsnorm_d62049eac13251e9dd5ca07dab53f68969f14826454869f4d364d216becd69dd__kernel0,AI_VECTOR_CORE,6,173,1.940,1784811950135835.985	,1784811950135837.925	
2,te_matmul_adca21770e6b7812d1719f354d92d05734a73fa1b9b7bb56d4d741db7e78e3a3__kernel0,AI_CORE,6,174,7.420,1784811950135837.945	,1784811950135845.365	
2,te_splitvd_23e6d833017f5dfe76c57c5940158050e2999451c1c2823a7e115bafb94e9a2d__kernel0,AI_VECTOR_CORE,6,175,1.180,1784811950135845.385	,1784811950135846.565	
2,te_scatter_f37d059f5c7cde2456a890d107ace370a7cc4eacc5600fe85218cf6bb0549f7a__kernel0,AI_VECTOR_CORE,6,176,1.680,1784811950135846.585	,1784811950135848.265	
2,te_applyrotaryposemb_ac7e5cf17af21838767f30aaee69ba82ba923a6f27e23095b6be2a982ee519e8__kernel0,AI_VECTOR_CORE,6,177,2.600,1784811950135848.285	,1784811950135850.885	
2,te_scatter_f37d059f5c7cde2456a890d107ace370a7cc4eacc5600fe85218cf6bb0549f7a__kernel0,AI_VECTOR_CORE,6,178,1.640,1784811950135850.905	,1784811950135852.545	
2,te_increflashattention_1dd55ded62f1c3e3cd3981c6cf943e165d1d4392abd4fbc2a655a0293ae82bef,MIX_AIC,6,179,18.480,1784811950135853.865	,1784811950135872.345	
2,te_matmul_30ba1a75e047a977eb3511ad32e378d8c7b5ac206cbc688a8519a7019a3f0bfb__kernel0,AI_CORE,6,180,6.960,1784811950135873.325	,1784811950135880.285	
2,te_inplaceaddrmsnorm_d62049eac13251e9dd5ca07dab53f68969f14826454869f4d364d216becd69dd__kernel0,AI_VECTOR_CORE,6,181,1.700,1784811950135880.305	,1784811950135882.005	
2,te_matmul_4a021b5089dbff9229e2566f1994161ccc626e0b48e7694a3fd675ec7bdff61d__kernel0,AI_CORE,6,182,7.740,1784811950135882.025	,1784811950135889.765	
2,te_matmul_4a021b5089dbff9229e2566f1994161ccc626e0b48e7694a3fd675ec7bdff61d__kernel0,AI_CORE,6,183,8.040,1784811950135889.785	,1784811950135897.825	
2,te_fused_op_swish_mul_14c4f2652be9e12ed7816287cd5c287d06b515613ebc5f4d3014d3b5e43f7ed2__kernel0,AI_VECTOR_CORE,6,184,2.240,1784811950135897.845	,1784811950135900.085	
2,te_matmul_e32fb9f843923df15ad48d352f67ef3c8f820c2adfeefd3f5a8c3cfcb8d1acc0__kernel0,AI_CORE,6,185,9.500,1784811950135900.105	,1784811950135909.605	
2,te_inplaceaddrmsnorm_d62049eac13251e9dd5ca07dab53f68969f14826454869f4d364d216becd69dd__kernel0,AI_VECTOR_CORE,6,186,1.900,1784811950135909.625	,1784811950135911.525	
2,te_matmul_adca21770e6b7812d1719f354d92d05734a73fa1b9b7bb56d4d741db7e78e3a3__kernel0,AI_CORE,6,187,6.760,1784811950135911.545	,1784811950135918.305	
2,te_splitvd_23e6d833017f5dfe76c57c5940158050e2999451c1c2823a7e115bafb94e9a2d__kernel0,AI_VECTOR_CORE,6,188,1.100,1784811950135918.325	,1784811950135919.425	
2,te_scatter_f37d059f5c7cde2456a890d107ace370a7cc4eacc5600fe85218cf6bb0549f7a__kernel0,AI_VECTOR_CORE,6,189,1.440,1784811950135919.445	,1784811950135920.885	
2,te_applyrotaryposemb_ac7e5cf17af21838767f30aaee69ba82ba923a6f27e23095b6be2a982ee519e8__kernel0,AI_VECTOR_CORE,6,190,2.620,1784811950135920.905	,1784811950135923.525	
2,te_scatter_f37d059f5c7cde2456a890d107ace370a7cc4eacc5600fe85218cf6bb0549f7a__kernel0,AI_VECTOR_CORE,6,191,1.480,1784811950135923.545	,1784811950135925.025	
2,te_increflashattention_1dd55ded62f1c3e3cd3981c6cf943e165d1d4392abd4fbc2a655a0293ae82bef,MIX_AIC,6,192,18.160,1784811950135926.365	,1784811950135944.525	
2,te_matmul_30ba1a75e047a977eb3511ad32e378d8c7b5ac206cbc688a8519a7019a3f0bfb__kernel0,AI_CORE,6,193,6.020,1784811950135945.225	,1784811950135951.245	
2,te_inplaceaddrmsnorm_d62049eac13251e9dd5ca07dab53f68969f14826454869f4d364d216becd69dd__kernel0,AI_VECTOR_CORE,6,194,1.680,1784811950135951.265	,1784811950135952.945	
2,te_matmul_4a021b5089dbff9229e2566f1994161ccc626e0b48e7694a3fd675ec7bdff61d__kernel0,AI_CORE,6,195,7.720,1784811950135952.965	,1784811950135960.685	
2,te_matmul_4a021b5089dbff9229e2566f1994161ccc626e0b48e7694a3fd675ec7bdff61d__kernel0,AI_CORE,6,196,7.660,1784811950135960.705	,1784811950135968.365	
2,te_fused_op_swish_mul_14c4f2652be9e12ed7816287cd5c287d06b515613ebc5f4d3014d3b5e43f7ed2__kernel0,AI_VECTOR_CORE,6,197,2.380,1784811950135968.385	,1784811950135970.765	
2,te_matmul_e32fb9f843923df15ad48d352f67ef3c8f820c2adfeefd3f5a8c3cfcb8d1acc0__kernel0,AI_CORE,6,198,8.900,1784811950135970.785	,1784811950135979.685	
2,te_inplaceaddrmsnorm_d62049eac13251e9dd5ca07dab53f68969f14826454869f4d364d216becd69dd__kernel0,AI_VECTOR_CORE,6,199,2.280,1784811950135979.705	,1784811950135981.985	
2,te_matmul_adca21770e6b7812d1719f354d92d05734a73fa1b9b7bb56d4d741db7e78e3a3__kernel0,AI_CORE,6,200,7.060,1784811950135982.005	,1784811950135989.065	
2,te_splitvd_23e6d833017f5dfe76c57c5940158050e2999451c1c2823a7e115bafb94e9a2d__kernel0,AI_VECTOR_CORE,6,201,1.220,1784811950135989.085	,1784811950135990.305	
2,te_scatter_f37d059f5c7cde2456a890d107ace370a7cc4eacc5600fe85218cf6bb0549f7a__kernel0,AI_VECTOR_CORE,6,202,1.720,1784811950135990.325	,1784811950135992.045	
2,te_applyrotaryposemb_ac7e5cf17af21838767f30aaee69ba82ba923a6f27e23095b6be2a982ee519e8__kernel0,AI_VECTOR_CORE,6,203,3.440,1784811950135992.065	,1784811950135995.505	
2,te_scatter_f37d059f5c7cde2456a890d107ace370a7cc4eacc5600fe85218cf6bb0549f7a__kernel0,AI_VECTOR_CORE,6,204,1.500,1784811950135995.525	,1784811950135997.025	
2,te_increflashattention_1dd55ded62f1c3e3cd3981c6cf943e165d1d4392abd4fbc2a655a0293ae82bef,MIX_AIC,6,205,19.020,1784811950135998.225	,1784811950136017.245	
2,te_matmul_30ba1a75e047a977eb3511ad32e378d8c7b5ac206cbc688a8519a7019a3f0bfb__kernel0,AI_CORE,6,206,6.180,1784811950136018.325	,1784811950136024.505	
2,te_inplaceaddrmsnorm_d62049eac13251e9dd5ca07dab53f68969f14826454869f4d364d216becd69dd__kernel0,AI_VECTOR_CORE,6,207,1.820,1784811950136024.525	,1784811950136026.345	
2,te_matmul_4a021b5089dbff9229e2566f1994161ccc626e0b48e7694a3fd675ec7bdff61d__kernel0,AI_CORE,6,208,7.620,1784811950136026.365	,1784811950136033.985	
2,te_matmul_4a021b5089dbff9229e2566f1994161ccc626e0b48e7694a3fd675ec7bdff61d__kernel0,AI_CORE,6,209,8.080,1784811950136034.025	,1784811950136042.105	
2,te_fused_op_swish_mul_14c4f2652be9e12ed7816287cd5c287d06b515613ebc5f4d3014d3b5e43f7ed2__kernel0,AI_VECTOR_CORE,6,210,2.320,1784811950136042.125	,1784811950136044.445	
2,te_matmul_e32fb9f843923df15ad48d352f67ef3c8f820c2adfeefd3f5a8c3cfcb8d1acc0__kernel0,AI_CORE,6,211,9.100,1784811950136044.465	,1784811950136053.565	
2,te_inplaceaddrmsnorm_d62049eac13251e9dd5ca07dab53f68969f14826454869f4d364d216becd69dd__kernel0,AI_VECTOR_CORE,6,212,1.940,1784811950136053.585	,1784811950136055.525	
2,te_matmul_adca21770e6b7812d1719f354d92d05734a73fa1b9b7bb56d4d741db7e78e3a3__kernel0,AI_CORE,6,213,6.900,1784811950136055.545	,1784811950136062.445	
2,te_splitvd_23e6d833017f5dfe76c57c5940158050e2999451c1c2823a7e115bafb94e9a2d__kernel0,AI_VECTOR_CORE,6,214,1.240,1784811950136062.485	,1784811950136063.725	
2,te_scatter_f37d059f5c7cde2456a890d107ace370a7cc4eacc5600fe85218cf6bb0549f7a__kernel0,AI_VECTOR_CORE,6,215,1.560,1784811950136063.745	,1784811950136065.305	
2,te_applyrotaryposemb_ac7e5cf17af21838767f30aaee69ba82ba923a6f27e23095b6be2a982ee519e8__kernel0,AI_VECTOR_CORE,6,216,2.620,1784811950136065.325	,1784811950136067.945	
2,te_scatter_f37d059f5c7cde2456a890d107ace370a7cc4eacc5600fe85218cf6bb0549f7a__kernel0,AI_VECTOR_CORE,6,217,1.500,1784811950136067.965	,1784811950136069.465	
2,te_increflashattention_1dd55ded62f1c3e3cd3981c6cf943e165d1d4392abd4fbc2a655a0293ae82bef,MIX_AIC,6,218,17.700,1784811950136070.745	,1784811950136088.445	
2,te_matmul_30ba1a75e047a977eb3511ad32e378d8c7b5ac206cbc688a8519a7019a3f0bfb__kernel0,AI_CORE,6,219,6.140,1784811950136089.625	,1784811950136095.765	
2,te_inplaceaddrmsnorm_d62049eac13251e9dd5ca07dab53f68969f14826454869f4d364d216becd69dd__kernel0,AI_VECTOR_CORE,6,220,1.920,1784811950136095.785	,1784811950136097.705	
2,te_matmul_4a021b5089dbff9229e2566f1994161ccc626e0b48e7694a3fd675ec7bdff61d__kernel0,AI_CORE,6,221,7.620,1784811950136097.725	,1784811950136105.345	
2,te_matmul_4a021b5089dbff9229e2566f1994161ccc626e0b48e7694a3fd675ec7bdff61d__kernel0,AI_CORE,6,222,8.960,1784811950136105.365	,1784811950136114.325	
2,te_fused_op_swish_mul_14c4f2652be9e12ed7816287cd5c287d06b515613ebc5f4d3014d3b5e43f7ed2__kernel0,AI_VECTOR_CORE,6,223,3.080,1784811950136114.345	,1784811950136117.425	
2,te_matmul_e32fb9f843923df15ad48d352f67ef3c8f820c2adfeefd3f5a8c3cfcb8d1acc0__kernel0,AI_CORE,6,224,9.500,1784811950136117.445	,1784811950136126.945	
2,te_inplaceaddrmsnorm_d62049eac13251e9dd5ca07dab53f68969f14826454869f4d364d216becd69dd__kernel0,AI_VECTOR_CORE,6,225,1.920,1784811950136126.965	,1784811950136128.885	
2,te_matmul_adca21770e6b7812d1719f354d92d05734a73fa1b9b7bb56d4d741db7e78e3a3__kernel0,AI_CORE,6,226,7.040,1784811950136128.925	,1784811950136135.965	
2,te_splitvd_23e6d833017f5dfe76c57c5940158050e2999451c1c2823a7e115bafb94e9a2d__kernel0,AI_VECTOR_CORE,6,227,1.100,1784811950136135.985	,1784811950136137.085	
2,te_scatter_f37d059f5c7cde2456a890d107ace370a7cc4eacc5600fe85218cf6bb0549f7a__kernel0,AI_VECTOR_CORE,6,228,1.500,1784811950136137.105	,1784811950136138.605	
2,te_applyrotaryposemb_ac7e5cf17af21838767f30aaee69ba82ba923a6f27e23095b6be2a982ee519e8__kernel0,AI_VECTOR_CORE,6,229,2.600,1784811950136138.645	,1784811950136141.245	
2,te_scatter_f37d059f5c7cde2456a890d107ace370a7cc4eacc5600fe85218cf6bb0549f7a__kernel0,AI_VECTOR_CORE,6,230,1.580,1784811950136141.285	,1784811950136142.865	
2,te_increflashattention_1dd55ded62f1c3e3cd3981c6cf943e165d1d4392abd4fbc2a655a0293ae82bef,MIX_AIC,6,231,18.320,1784811950136144.425	,1784811950136162.745	
2,te_matmul_30ba1a75e047a977eb3511ad32e378d8c7b5ac206cbc688a8519a7019a3f0bfb__kernel0,AI_CORE,6,232,6.360,1784811950136163.905	,1784811950136170.265	
2,te_inplaceaddrmsnorm_d62049eac13251e9dd5ca07dab53f68969f14826454869f4d364d216becd69dd__kernel0,AI_VECTOR_CORE,6,233,1.760,1784811950136170.285	,1784811950136172.045	
2,te_matmul_4a021b5089dbff9229e2566f1994161ccc626e0b48e7694a3fd675ec7bdff61d__kernel0,AI_CORE,6,234,8.020,1784811950136172.065	,1784811950136180.085	
2,te_matmul_4a021b5089dbff9229e2566f1994161ccc626e0b48e7694a3fd675ec7bdff61d__kernel0,AI_CORE,6,235,7.800,1784811950136180.105	,1784811950136187.905	
2,te_fused_op_swish_mul_14c4f2652be9e12ed7816287cd5c287d06b515613ebc5f4d3014d3b5e43f7ed2__kernel0,AI_VECTOR_CORE,6,236,2.240,1784811950136187.925	,1784811950136190.165	
2,te_matmul_e32fb9f843923df15ad48d352f67ef3c8f820c2adfeefd3f5a8c3cfcb8d1acc0__kernel0,AI_CORE,6,237,9.240,1784811950136190.185	,1784811950136199.425	
2,te_inplaceaddrmsnorm_d62049eac13251e9dd5ca07dab53f68969f14826454869f4d364d216becd69dd__kernel0,AI_VECTOR_CORE,6,238,1.900,1784811950136199.445	,1784811950136201.345	
2,te_matmul_adca21770e6b7812d1719f354d92d05734a73fa1b9b7bb56d4d741db7e78e3a3__kernel0,AI_CORE,6,239,6.960,1784811950136201.365	,1784811950136208.325	
2,te_splitvd_23e6d833017f5dfe76c57c5940158050e2999451c1c2823a7e115bafb94e9a2d__kernel0,AI_VECTOR_CORE,6,240,1.140,1784811950136208.365	,1784811950136209.505	
2,te_scatter_f37d059f5c7cde2456a890d107ace370a7cc4eacc5600fe85218cf6bb0549f7a__kernel0,AI_VECTOR_CORE,6,241,1.300,1784811950136209.525	,1784811950136210.825	
2,te_applyrotaryposemb_ac7e5cf17af21838767f30aaee69ba82ba923a6f27e23095b6be2a982ee519e8__kernel0,AI_VECTOR_CORE,6,242,2.660,1784811950136210.845	,1784811950136213.505	
2,te_scatter_f37d059f5c7cde2456a890d107ace370a7cc4eacc5600fe85218cf6bb0549f7a__kernel0,AI_VECTOR_CORE,6,243,1.540,1784811950136213.525	,1784811950136215.065	
2,te_increflashattention_1dd55ded62f1c3e3cd3981c6cf943e165d1d4392abd4fbc2a655a0293ae82bef,MIX_AIC,6,244,18.200,1784811950136216.185	,1784811950136234.385	
2,te_matmul_30ba1a75e047a977eb3511ad32e378d8c7b5ac206cbc688a8519a7019a3f0bfb__kernel0,AI_CORE,6,245,6.480,1784811950136235.065	,1784811950136241.545	
2,te_inplaceaddrmsnorm_d62049eac13251e9dd5ca07dab53f68969f14826454869f4d364d216becd69dd__kernel0,AI_VECTOR_CORE,6,246,1.700,1784811950136241.565	,1784811950136243.265	
2,te_matmul_4a021b5089dbff9229e2566f1994161ccc626e0b48e7694a3fd675ec7bdff61d__kernel0,AI_CORE,6,247,7.460,1784811950136243.285	,1784811950136250.745	
2,te_matmul_4a021b5089dbff9229e2566f1994161ccc626e0b48e7694a3fd675ec7bdff61d__kernel0,AI_CORE,6,248,7.460,1784811950136250.765	,1784811950136258.225	
2,te_fused_op_swish_mul_14c4f2652be9e12ed7816287cd5c287d06b515613ebc5f4d3014d3b5e43f7ed2__kernel0,AI_VECTOR_CORE,6,249,2.280,1784811950136258.245	,1784811950136260.525	
2,te_matmul_e32fb9f843923df15ad48d352f67ef3c8f820c2adfeefd3f5a8c3cfcb8d1acc0__kernel0,AI_CORE,6,250,8.840,1784811950136260.545	,1784811950136269.385	
2,te_inplaceaddrmsnorm_d62049eac13251e9dd5ca07dab53f68969f14826454869f4d364d216becd69dd__kernel0,AI_VECTOR_CORE,6,251,1.980,1784811950136269.405	,1784811950136271.385	
2,te_matmul_adca21770e6b7812d1719f354d92d05734a73fa1b9b7bb56d4d741db7e78e3a3__kernel0,AI_CORE,6,252,6.700,1784811950136271.405	,1784811950136278.105	
2,te_splitvd_23e6d833017f5dfe76c57c5940158050e2999451c1c2823a7e115bafb94e9a2d__kernel0,AI_VECTOR_CORE,6,253,1.200,1784811950136278.145	,1784811950136279.345	
2,te_scatter_f37d059f5c7cde2456a890d107ace370a7cc4eacc5600fe85218cf6bb0549f7a__kernel0,AI_VECTOR_CORE,6,254,1.220,1784811950136279.365	,1784811950136280.585	
2,te_applyrotaryposemb_ac7e5cf17af21838767f30aaee69ba82ba923a6f27e23095b6be2a982ee519e8__kernel0,AI_VECTOR_CORE,6,255,2.160,1784811950136280.605	,1784811950136282.765	
2,te_scatter_f37d059f5c7cde2456a890d107ace370a7cc4eacc5600fe85218cf6bb0549f7a__kernel0,AI_VECTOR_CORE,6,256,1.500,1784811950136282.785	,1784811950136284.285	
2,te_increflashattention_1dd55ded62f1c3e3cd3981c6cf943e165d1d4392abd4fbc2a655a0293ae82bef,MIX_AIC,6,257,17.580,1784811950136285.665	,1784811950136303.245	
2,te_matmul_30ba1a75e047a977eb3511ad32e378d8c7b5ac206cbc688a8519a7019a3f0bfb__kernel0,AI_CORE,6,258,6.720,1784811950136303.925	,1784811950136310.645	
2,te_inplaceaddrmsnorm_d62049eac13251e9dd5ca07dab53f68969f14826454869f4d364d216becd69dd__kernel0,AI_VECTOR_CORE,6,259,1.720,1784811950136310.665	,1784811950136312.385	
2,te_matmul_4a021b5089dbff9229e2566f1994161ccc626e0b48e7694a3fd675ec7bdff61d__kernel0,AI_CORE,6,260,7.580,1784811950136312.405	,1784811950136319.985	
2,te_matmul_4a021b5089dbff9229e2566f1994161ccc626e0b48e7694a3fd675ec7bdff61d__kernel0,AI_CORE,6,261,7.900,1784811950136320.005	,1784811950136327.905	
2,te_fused_op_swish_mul_14c4f2652be9e12ed7816287cd5c287d06b515613ebc5f4d3014d3b5e43f7ed2__kernel0,AI_VECTOR_CORE,6,262,2.240,1784811950136327.925	,1784811950136330.165	
2,te_matmul_e32fb9f843923df15ad48d352f67ef3c8f820c2adfeefd3f5a8c3cfcb8d1acc0__kernel0,AI_CORE,6,263,8.880,1784811950136330.185	,1784811950136339.065	
2,te_inplaceaddrmsnorm_7dbb5ddde2dcd722cd6dacb4cb3c41f3bf3d17e51a858719ef5c7b4bb571c371__kernel0,AI_VECTOR_CORE,6,264,2.460,1784811950136339.085	,1784811950136341.545	
2,te_matmul_faa340bf6f642d480419f11a45154b955c1000775e0a1119f51a7392bd4de33f__kernel0,AI_CORE,6,265,139.040,1784811950136341.565	,1784811950136480.605	
2,N/A,NOTIFY_RECORD,6,266,0.020,1784811950136480.625	,1784811950136480.645	
2,N/A,PROFILER_TRACE_EX,3,797,0.000,1784811950136502.925	,1784811950136502.925	
2,Cast_1fb1c1a33856de01862630399320fff3_high_performance_210000000,AI_VECTOR_CORE,3,798,7.840,1784811950136502.945	,1784811950136510.785	
2,ArgMaxV2_4402011f777d6374ab9f6425cb5984c4_high_performance_3,AI_VECTOR_CORE,3,799,14.360,1784811950136510.805	,1784811950136525.165	
2,Cast_e87590d11ccda8b259ab6b1ea7212319_high_performance_210000000,AI_VECTOR_CORE,3,800,1.400,1784811950136525.185	,1784811950136526.585	
2,N/A,EVENT_RECORD,3,801,0.020,1784811950136526.605	,1784811950136526.625	
2,Fill_41dadce325b0f810d03359af2a38990b_high_performance_223000000,AI_VECTOR_CORE,3,802,2.200,1784811950136526.785	,1784811950136528.985	
2,SelectV2_a32d70ed63082227463347a44bd5a08e_high_performance_210000000,AI_VECTOR_CORE,3,803,2.200,1784811950136529.005	,1784811950136531.205	
2,Add_41dadce325b0f810d03359af2a38990b_high_performance_223000000,AI_VECTOR_CORE,3,804,3.280,1784811950136531.225	,1784811950136534.505	
2,ZerosLike_1d2fd313763487259859439d7e9b41cf_high_performance_210000000,AI_VECTOR_CORE,3,805,1.720,1784811950136636.925	,1784811950136638.645	
2,SelectV2_a32d70ed63082227463347a44bd5a08e_high_performance_210000000,AI_VECTOR_CORE,3,806,1.700,1784811950136712.325	,1784811950136714.025	
2,N/A,EVENT_RECORD,3,807,0.020,1784811950137266.585	,1784811950137266.605	
2,N/A,MEMCPY_ASYNC,3,808,2.380,1784811950137827.285	,1784811950137829.665	
2,UpdateModelParam,AI_VECTOR_CORE,3,809,4.040,1784811950137829.825	,1784811950137833.865	
2,N/A,PROFILER_TRACE_EX,3,810,0.020,1784811950137862.005	,1784811950137862.025	
2,N/A,MODEL_EXECUTE,3,811,2.960,1784811950137862.225	,1784811950137865.185	
2,te_range_84dc5a3a317b46012ced535b31ec030d4063f72b60ba6c919bb01367e91d3f11__kernel0,AI_VECTOR_CORE,6,0,8.440,1784811950137865.165	,1784811950137873.605	
2,te_cast_6d4e019e204362fae236bca25820bb865e0d06d9c5e0a479069d53db234b3084__kernel0,AI_VECTOR_CORE,6,1,1.340,1784811950137873.625	,1784811950137874.965	
2,N/A,NOTIFY_WAIT,3,812,1603.140,1784811950137874.545	,1784811950139477.685	
2,te_gatherv2_2ad3c4fcb2adc6b8e213f8d50b04c187654010192a03d5c1a50dba4862c42601__kernel0,AI_VECTOR_CORE,6,2,2.400,1784811950137874.985	,1784811950137877.385	
2,te_rmsnorm_c87c5b7e517e5ff600d6e190bbb294c67bdfd0db22b178c0460372b1e7874a31__kernel0,AI_VECTOR_CORE,6,3,5.920,1784811950137877.405	,1784811950137883.325	
2,te_matmul_adca21770e6b7812d1719f354d92d05734a73fa1b9b7bb56d4d741db7e78e3a3__kernel0,AI_CORE,6,4,8.560,1784811950137883.365	,1784811950137891.925	
2,te_splitvd_23e6d833017f5dfe76c57c5940158050e2999451c1c2823a7e115bafb94e9a2d__kernel0,AI_VECTOR_CORE,6,5,1.200,1784811950137891.945	,1784811950137893.145	
2,te_add_60a19b5fa7dfd3f191d5a508080964ef17e892b3e7bf5222a9b5b8f148b7c104__kernel0,AI_VECTOR_CORE,6,6,1.480,1784811950137893.165	,1784811950137894.645	
2,te_broadcastto_fd05c7e391c3b2fb941d52e3b6c51dc2a7cfd16ba2a9c17a00a49c92a3a76879__kernel0,AI_VECTOR_CORE,6,7,1.060,1784811950137894.665	,1784811950137895.725	
2,te_cast_a3d8f353e909fdd0ec61b8f4354c118776c818f2d1956a1d103559dc3a9173ac__kernel0,AI_VECTOR_CORE,6,8,1.060,1784811950137895.765	,1784811950137896.825	
2,te_scatter_f37d059f5c7cde2456a890d107ace370a7cc4eacc5600fe85218cf6bb0549f7a__kernel0,AI_VECTOR_CORE,6,9,2.340,1784811950137896.845	,1784811950137899.185	
2,te_broadcastto_ddb30dab3f2eedcaaa734039162b4e7d1ed6b1c17791538e8fe72a4f4d5977bc__kernel0,AI_VECTOR_CORE,6,10,1.220,1784811950137899.225	,1784811950137900.445	
2,te_mul_492433a85b87615ac95244677004a321c2d802e8f06c83e0855198c3af7f9fd4__kernel0,AI_VECTOR_CORE,6,11,1.180,1784811950137900.485	,1784811950137901.665	
2,te_concatv2d_9298eb8a956c62898870cac5bade619b7b3ff3e6c6393f52dfcb58cb1d6ec2f6__kernel0,AI_VECTOR_CORE,6,12,3.980,1784811950137901.685	,1784811950137905.665	
2,te_cos_f0a2e9cf1b9a0d79db656cffd3a63b4f724e975dcdbc51de05b51f9cda291af4__kernel0,AI_VECTOR_CORE,6,13,2.220,1784811950137905.705	,1784811950137907.925	
2,te_fused_op_mul_cast_1ca4e013841e16661a5a29bdc39fd51b1a2642ace0795dd7c83c9c175c22a4b4__kernel0,AI_VECTOR_CORE,6,14,1.400,1784811950137907.945	,1784811950137909.345	
2,te_sin_45a88304de4db3334cde016e9314c080269bf720b85e8f766bf42e5cbcf776e4__kernel0,AI_VECTOR_CORE,6,15,2.340,1784811950137909.365	,1784811950137911.705	
2,te_fused_op_mul_cast_1ca4e013841e16661a5a29bdc39fd51b1a2642ace0795dd7c83c9c175c22a4b4__kernel0,AI_VECTOR_CORE,6,16,1.160,1784811950137911.745	,1784811950137912.905	
2,te_splitvd_b367d622d158830fbf9afc9aee566383b1c169b9346b97d54ec60cdbe7d9e294__kernel0,AI_VECTOR_CORE,6,17,3.940,1784811950137912.925	,1784811950137916.865	
2,te_gatherv2_c746701ed477003cb850735c193709ce5e1bdd0b8a0913d096325550d32a9e66__kernel0,AI_VECTOR_CORE,6,18,1.300,1784811950137916.885	,1784811950137918.185	
2,te_gatherv2_c746701ed477003cb850735c193709ce5e1bdd0b8a0913d096325550d32a9e66__kernel0,AI_VECTOR_CORE,6,19,1.180,1784811950137918.205	,1784811950137919.385	
2,te_gatherv2_b2674e967c381bbe9a704c499366f7596d4314d631004147c24b28c300e3936c__kernel0,AI_VECTOR_CORE,6,20,1.340,1784811950137919.425	,1784811950137920.765	
2,te_gatherv2_b2674e967c381bbe9a704c499366f7596d4314d631004147c24b28c300e3936c__kernel0,AI_VECTOR_CORE,6,21,1.320,1784811950137920.785	,1784811950137922.105	
2,te_gatherv2_b2674e967c381bbe9a704c499366f7596d4314d631004147c24b28c300e3936c__kernel0,AI_VECTOR_CORE,6,22,1.260,1784811950137922.125	,1784811950137923.385	
2,te_gatherv2_b2674e967c381bbe9a704c499366f7596d4314d631004147c24b28c300e3936c__kernel0,AI_VECTOR_CORE,6,23,1.260,1784811950137923.405	,1784811950137924.665	
2,te_splitvd_b367d622d158830fbf9afc9aee566383b1c169b9346b97d54ec60cdbe7d9e294__kernel0,AI_VECTOR_CORE,6,24,3.960,1784811950137924.685	,1784811950137928.645	
2,te_gatherv2_c746701ed477003cb850735c193709ce5e1bdd0b8a0913d096325550d32a9e66__kernel0,AI_VECTOR_CORE,6,25,1.220,1784811950137928.665	,1784811950137929.885	
2,te_gatherv2_c746701ed477003cb850735c193709ce5e1bdd0b8a0913d096325550d32a9e66__kernel0,AI_VECTOR_CORE,6,26,1.100,1784811950137929.905	,1784811950137931.005	
2,te_gatherv2_b2674e967c381bbe9a704c499366f7596d4314d631004147c24b28c300e3936c__kernel0,AI_VECTOR_CORE,6,27,1.120,1784811950137931.025	,1784811950137932.145	
2,te_gatherv2_b2674e967c381bbe9a704c499366f7596d4314d631004147c24b28c300e3936c__kernel0,AI_VECTOR_CORE,6,28,1.100,1784811950137932.165	,1784811950137933.265	
2,te_gatherv2_b2674e967c381bbe9a704c499366f7596d4314d631004147c24b28c300e3936c__kernel0,AI_VECTOR_CORE,6,29,1.060,1784811950137933.285	,1784811950137934.345	
2,te_gatherv2_b2674e967c381bbe9a704c499366f7596d4314d631004147c24b28c300e3936c__kernel0,AI_VECTOR_CORE,6,30,1.120,1784811950137934.385	,1784811950137935.505	
2,te_concatv2d_84141715de36eeb0d876706f059295c6f3a511af433753a38f4ec0f618f64e64__kernel0,AI_VECTOR_CORE,6,31,3.500,1784811950137935.525	,1784811950137939.025	
2,te_concatv2d_84141715de36eeb0d876706f059295c6f3a511af433753a38f4ec0f618f64e64__kernel0,AI_VECTOR_CORE,6,32,3.400,1784811950137939.045	,1784811950137942.445	
2,te_applyrotaryposemb_ac7e5cf17af21838767f30aaee69ba82ba923a6f27e23095b6be2a982ee519e8__kernel0,AI_VECTOR_CORE,6,33,3.780,1784811950137942.485	,1784811950137946.265	
2,te_scatter_f37d059f5c7cde2456a890d107ace370a7cc4eacc5600fe85218cf6bb0549f7a__kernel0,AI_VECTOR_CORE,6,34,1.960,1784811950137946.285	,1784811950137948.245	
2,te_greater_6c64e1e800c2ccba2e124180d5b3bca6b7a97f4451b51490820cf5ac67d25cc6__kernel0,AI_VECTOR_CORE,6,35,6.420,1784811950137948.265	,1784811950137954.685	
2,te_increflashattention_1dd55ded62f1c3e3cd3981c6cf943e165d1d4392abd4fbc2a655a0293ae82bef,MIX_AIC,6,36,20.540,1784811950137956.125	,1784811950137976.665	
2,te_matmul_30ba1a75e047a977eb3511ad32e378d8c7b5ac206cbc688a8519a7019a3f0bfb__kernel0,AI_CORE,6,37,8.320,1784811950137977.445	,1784811950137985.765	
2,te_inplaceaddrmsnorm_d62049eac13251e9dd5ca07dab53f68969f14826454869f4d364d216becd69dd__kernel0,AI_VECTOR_CORE,6,38,2.400,1784811950137985.785	,1784811950137988.185	
2,te_matmul_4a021b5089dbff9229e2566f1994161ccc626e0b48e7694a3fd675ec7bdff61d__kernel0,AI_CORE,6,39,10.380,1784811950137988.205	,1784811950137998.585	
2,te_matmul_4a021b5089dbff9229e2566f1994161ccc626e0b48e7694a3fd675ec7bdff61d__kernel0,AI_CORE,6,40,7.760,1784811950137998.625	,1784811950138006.385	
2,te_fused_op_swish_mul_14c4f2652be9e12ed7816287cd5c287d06b515613ebc5f4d3014d3b5e43f7ed2__kernel0,AI_VECTOR_CORE,6,41,3.300,1784811950138006.405	,1784811950138009.705	
2,te_matmul_e32fb9f843923df15ad48d352f67ef3c8f820c2adfeefd3f5a8c3cfcb8d1acc0__kernel0,AI_CORE,6,42,10.520,1784811950138009.725	,1784811950138020.245	
2,te_inplaceaddrmsnorm_d62049eac13251e9dd5ca07dab53f68969f14826454869f4d364d216becd69dd__kernel0,AI_VECTOR_CORE,6,43,2.240,1784811950138020.265	,1784811950138022.505	
2,te_matmul_adca21770e6b7812d1719f354d92d05734a73fa1b9b7bb56d4d741db7e78e3a3__kernel0,AI_CORE,6,44,7.100,1784811950138022.545	,1784811950138029.645	
2,te_splitvd_23e6d833017f5dfe76c57c5940158050e2999451c1c2823a7e115bafb94e9a2d__kernel0,AI_VECTOR_CORE,6,45,1.140,1784811950138029.665	,1784811950138030.805	
2,te_scatter_f37d059f5c7cde2456a890d107ace370a7cc4eacc5600fe85218cf6bb0549f7a__kernel0,AI_VECTOR_CORE,6,46,1.960,1784811950138030.825	,1784811950138032.785	
2,te_applyrotaryposemb_ac7e5cf17af21838767f30aaee69ba82ba923a6f27e23095b6be2a982ee519e8__kernel0,AI_VECTOR_CORE,6,47,2.900,1784811950138032.825	,1784811950138035.725	
2,te_scatter_f37d059f5c7cde2456a890d107ace370a7cc4eacc5600fe85218cf6bb0549f7a__kernel0,AI_VECTOR_CORE,6,48,1.800,1784811950138035.745	,1784811950138037.545	
2,te_increflashattention_1dd55ded62f1c3e3cd3981c6cf943e165d1d4392abd4fbc2a655a0293ae82bef,MIX_AIC,6,49,18.840,1784811950138038.745	,1784811950138057.585	
2,te_matmul_30ba1a75e047a977eb3511ad32e378d8c7b5ac206cbc688a8519a7019a3f0bfb__kernel0,AI_CORE,6,50,7.060,1784811950138058.845	,1784811950138065.905	
2,te_inplaceaddrmsnorm_d62049eac13251e9dd5ca07dab53f68969f14826454869f4d364d216becd69dd__kernel0,AI_VECTOR_CORE,6,51,2.060,1784811950138065.925	,1784811950138067.985	
2,te_matmul_4a021b5089dbff9229e2566f1994161ccc626e0b48e7694a3fd675ec7bdff61d__kernel0,AI_CORE,6,52,7.800,1784811950138068.025	,1784811950138075.825	
2,te_matmul_4a021b5089dbff9229e2566f1994161ccc626e0b48e7694a3fd675ec7bdff61d__kernel0,AI_CORE,6,53,8.160,1784811950138075.845	,1784811950138084.005	
2,te_fused_op_swish_mul_14c4f2652be9e12ed7816287cd5c287d06b515613ebc5f4d3014d3b5e43f7ed2__kernel0,AI_VECTOR_CORE,6,54,2.380,1784811950138084.025	,1784811950138086.405	
2,te_matmul_e32fb9f843923df15ad48d352f67ef3c8f820c2adfeefd3f5a8c3cfcb8d1acc0__kernel0,AI_CORE,6,55,9.320,1784811950138086.425	,1784811950138095.745	
2,te_inplaceaddrmsnorm_d62049eac13251e9dd5ca07dab53f68969f14826454869f4d364d216becd69dd__kernel0,AI_VECTOR_CORE,6,56,2.200,1784811950138095.765	,1784811950138097.965	
2,te_matmul_adca21770e6b7812d1719f354d92d05734a73fa1b9b7bb56d4d741db7e78e3a3__kernel0,AI_CORE,6,57,7.680,1784811950138097.985	,1784811950138105.665	
2,te_splitvd_23e6d833017f5dfe76c57c5940158050e2999451c1c2823a7e115bafb94e9a2d__kernel0,AI_VECTOR_CORE,6,58,1.160,1784811950138105.705	,1784811950138106.865	
2,te_scatter_f37d059f5c7cde2456a890d107ace370a7cc4eacc5600fe85218cf6bb0549f7a__kernel0,AI_VECTOR_CORE,6,59,1.220,1784811950138106.885	,1784811950138108.105	
2,te_applyrotaryposemb_ac7e5cf17af21838767f30aaee69ba82ba923a6f27e23095b6be2a982ee519e8__kernel0,AI_VECTOR_CORE,6,60,2.720,1784811950138108.125	,1784811950138110.845	
2,te_scatter_f37d059f5c7cde2456a890d107ace370a7cc4eacc5600fe85218cf6bb0549f7a__kernel0,AI_VECTOR_CORE,6,61,1.140,1784811950138110.885	,1784811950138112.025	
2,te_increflashattention_1dd55ded62f1c3e3cd3981c6cf943e165d1d4392abd4fbc2a655a0293ae82bef,MIX_AIC,6,62,19.980,1784811950138113.025	,1784811950138133.005	
2,te_matmul_30ba1a75e047a977eb3511ad32e378d8c7b5ac206cbc688a8519a7019a3f0bfb__kernel0,AI_CORE,6,63,6.660,1784811950138133.725	,1784811950138140.385	
2,te_inplaceaddrmsnorm_d62049eac13251e9dd5ca07dab53f68969f14826454869f4d364d216becd69dd__kernel0,AI_VECTOR_CORE,6,64,1.900,1784811950138140.405	,1784811950138142.305	
2,te_matmul_4a021b5089dbff9229e2566f1994161ccc626e0b48e7694a3fd675ec7bdff61d__kernel0,AI_CORE,6,65,7.920,1784811950138142.325	,1784811950138150.245	
2,te_matmul_4a021b5089dbff9229e2566f1994161ccc626e0b48e7694a3fd675ec7bdff61d__kernel0,AI_CORE,6,66,8.840,1784811950138150.265	,1784811950138159.105	
2,te_fused_op_swish_mul_14c4f2652be9e12ed7816287cd5c287d06b515613ebc5f4d3014d3b5e43f7ed2__kernel0,AI_VECTOR_CORE,6,67,3.200,1784811950138159.125	,1784811950138162.325	
2,te_matmul_e32fb9f843923df15ad48d352f67ef3c8f820c2adfeefd3f5a8c3cfcb8d1acc0__kernel0,AI_CORE,6,68,9.640,1784811950138162.345	,1784811950138171.985	
2,te_inplaceaddrmsnorm_d62049eac13251e9dd5ca07dab53f68969f14826454869f4d364d216becd69dd__kernel0,AI_VECTOR_CORE,6,69,3.320,1784811950138172.005	,1784811950138175.325	
2,te_matmul_adca21770e6b7812d1719f354d92d05734a73fa1b9b7bb56d4d741db7e78e3a3__kernel0,AI_CORE,6,70,9.100,1784811950138175.365	,1784811950138184.465	
2,te_splitvd_23e6d833017f5dfe76c57c5940158050e2999451c1c2823a7e115bafb94e9a2d__kernel0,AI_VECTOR_CORE,6,71,2.000,1784811950138184.505	,1784811950138186.505	
2,te_scatter_f37d059f5c7cde2456a890d107ace370a7cc4eacc5600fe85218cf6bb0549f7a__kernel0,AI_VECTOR_CORE,6,72,1.860,1784811950138186.525	,1784811950138188.385	
2,te_applyrotaryposemb_ac7e5cf17af21838767f30aaee69ba82ba923a6f27e23095b6be2a982ee519e8__kernel0,AI_VECTOR_CORE,6,73,3.540,1784811950138188.405	,1784811950138191.945	
2,te_scatter_f37d059f5c7cde2456a890d107ace370a7cc4eacc5600fe85218cf6bb0549f7a__kernel0,AI_VECTOR_CORE,6,74,3.120,1784811950138191.965	,1784811950138195.085	
2,te_increflashattention_1dd55ded62f1c3e3cd3981c6cf943e165d1d4392abd4fbc2a655a0293ae82bef,MIX_AIC,6,75,22.000,1784811950138196.205	,1784811950138218.205	
2,te_matmul_30ba1a75e047a977eb3511ad32e378d8c7b5ac206cbc688a8519a7019a3f0bfb__kernel0,AI_CORE,6,76,7.840,1784811950138219.325	,1784811950138227.165	
2,te_inplaceaddrmsnorm_d62049eac13251e9dd5ca07dab53f68969f14826454869f4d364d216becd69dd__kernel0,AI_VECTOR_CORE,6,77,3.180,1784811950138227.185	,1784811950138230.365	
2,te_matmul_4a021b5089dbff9229e2566f1994161ccc626e0b48e7694a3fd675ec7bdff61d__kernel0,AI_CORE,6,78,8.240,1784811950138230.385	,1784811950138238.625	
2,te_matmul_4a021b5089dbff9229e2566f1994161ccc626e0b48e7694a3fd675ec7bdff61d__kernel0,AI_CORE,6,79,8.800,1784811950138238.645	,1784811950138247.445	
2,te_fused_op_swish_mul_14c4f2652be9e12ed7816287cd5c287d06b515613ebc5f4d3014d3b5e43f7ed2__kernel0,AI_VECTOR_CORE,6,80,2.680,1784811950138247.465	,1784811950138250.145	
2,te_matmul_e32fb9f843923df15ad48d352f67ef3c8f820c2adfeefd3f5a8c3cfcb8d1acc0__kernel0,AI_CORE,6,81,9.580,1784811950138250.165	,1784811950138259.745	
2,te_inplaceaddrmsnorm_d62049eac13251e9dd5ca07dab53f68969f14826454869f4d364d216becd69dd__kernel0,AI_VECTOR_CORE,6,82,3.480,1784811950138259.785	,1784811950138263.265	
2,te_matmul_adca21770e6b7812d1719f354d92d05734a73fa1b9b7bb56d4d741db7e78e3a3__kernel0,AI_CORE,6,83,8.580,1784811950138263.285	,1784811950138271.865	
2,te_splitvd_23e6d833017f5dfe76c57c5940158050e2999451c1c2823a7e115bafb94e9a2d__kernel0,AI_VECTOR_CORE,6,84,1.600,1784811950138271.885	,1784811950138273.485	
2,te_scatter_f37d059f5c7cde2456a890d107ace370a7cc4eacc5600fe85218cf6bb0549f7a__kernel0,AI_VECTOR_CORE,6,85,1.700,1784811950138273.505	,1784811950138275.205	
2,te_applyrotaryposemb_ac7e5cf17af21838767f30aaee69ba82ba923a6f27e23095b6be2a982ee519e8__kernel0,AI_VECTOR_CORE,6,86,3.720,1784811950138275.225	,1784811950138278.945	
2,te_scatter_f37d059f5c7cde2456a890d107ace370a7cc4eacc5600fe85218cf6bb0549f7a__kernel0,AI_VECTOR_CORE,6,87,3.200,1784811950138278.965	,1784811950138282.165	
2,te_increflashattention_1dd55ded62f1c3e3cd3981c6cf943e165d1d4392abd4fbc2a655a0293ae82bef,MIX_AIC,6,88,21.420,1784811950138283.625	,1784811950138305.045	
2,te_matmul_30ba1a75e047a977eb3511ad32e378d8c7b5ac206cbc688a8519a7019a3f0bfb__kernel0,AI_CORE,6,89,7.640,1784811950138306.165	,1784811950138313.805	
2,te_inplaceaddrmsnorm_d62049eac13251e9dd5ca07dab53f68969f14826454869f4d364d216becd69dd__kernel0,AI_VECTOR_CORE,6,90,2.940,1784811950138313.825	,1784811950138316.765	
2,te_matmul_4a021b5089dbff9229e2566f1994161ccc626e0b48e7694a3fd675ec7bdff61d__kernel0,AI_CORE,6,91,8.300,1784811950138316.805	,1784811950138325.105	
2,te_matmul_4a021b5089dbff9229e2566f1994161ccc626e0b48e7694a3fd675ec7bdff61d__kernel0,AI_CORE,6,92,9.120,1784811950138325.125	,1784811950138334.245	
2,te_fused_op_swish_mul_14c4f2652be9e12ed7816287cd5c287d06b515613ebc5f4d3014d3b5e43f7ed2__kernel0,AI_VECTOR_CORE,6,93,2.520,1784811950138334.265	,1784811950138336.785	
2,te_matmul_e32fb9f843923df15ad48d352f67ef3c8f820c2adfeefd3f5a8c3cfcb8d1acc0__kernel0,AI_CORE,6,94,9.440,1784811950138336.825	,1784811950138346.265	
2,te_inplaceaddrmsnorm_d62049eac13251e9dd5ca07dab53f68969f14826454869f4d364d216becd69dd__kernel0,AI_VECTOR_CORE,6,95,3.500,1784811950138346.285	,1784811950138349.785	
2,te_matmul_adca21770e6b7812d1719f354d92d05734a73fa1b9b7bb56d4d741db7e78e3a3__kernel0,AI_CORE,6,96,8.000,1784811950138349.825	,1784811950138357.825	
2,te_splitvd_23e6d833017f5dfe76c57c5940158050e2999451c1c2823a7e115bafb94e9a2d__kernel0,AI_VECTOR_CORE,6,97,1.660,1784811950138357.845	,1784811950138359.505	
2,te_scatter_f37d059f5c7cde2456a890d107ace370a7cc4eacc5600fe85218cf6bb0549f7a__kernel0,AI_VECTOR_CORE,6,98,1.620,1784811950138359.525	,1784811950138361.145	
2,te_applyrotaryposemb_ac7e5cf17af21838767f30aaee69ba82ba923a6f27e23095b6be2a982ee519e8__kernel0,AI_VECTOR_CORE,6,99,2.820,1784811950138361.165	,1784811950138363.985	
2,te_scatter_f37d059f5c7cde2456a890d107ace370a7cc4eacc5600fe85218cf6bb0549f7a__kernel0,AI_VECTOR_CORE,6,100,2.300,1784811950138364.005	,1784811950138366.305	
2,te_increflashattention_1dd55ded62f1c3e3cd3981c6cf943e165d1d4392abd4fbc2a655a0293ae82bef,MIX_AIC,6,101,21.180,1784811950138367.365	,1784811950138388.545	
2,te_matmul_30ba1a75e047a977eb3511ad32e378d8c7b5ac206cbc688a8519a7019a3f0bfb__kernel0,AI_CORE,6,102,7.600,1784811950138389.305	,1784811950138396.905	
2,te_inplaceaddrmsnorm_d62049eac13251e9dd5ca07dab53f68969f14826454869f4d364d216becd69dd__kernel0,AI_VECTOR_CORE,6,103,1.920,1784811950138396.925	,1784811950138398.845	
2,te_matmul_4a021b5089dbff9229e2566f1994161ccc626e0b48e7694a3fd675ec7bdff61d__kernel0,AI_CORE,6,104,9.060,1784811950138398.885	,1784811950138407.945	
2,te_matmul_4a021b5089dbff9229e2566f1994161ccc626e0b48e7694a3fd675ec7bdff61d__kernel0,AI_CORE,6,105,8.060,1784811950138407.965	,1784811950138416.025	
2,te_fused_op_swish_mul_14c4f2652be9e12ed7816287cd5c287d06b515613ebc5f4d3014d3b5e43f7ed2__kernel0,AI_VECTOR_CORE,6,106,2.320,1784811950138416.045	,1784811950138418.365	
2,te_matmul_e32fb9f843923df15ad48d352f67ef3c8f820c2adfeefd3f5a8c3cfcb8d1acc0__kernel0,AI_CORE,6,107,10.440,1784811950138418.405	,1784811950138428.845	
2,te_inplaceaddrmsnorm_d62049eac13251e9dd5ca07dab53f68969f14826454869f4d364d216becd69dd__kernel0,AI_VECTOR_CORE,6,108,2.180,1784811950138428.865	,1784811950138431.045	
2,te_matmul_adca21770e6b7812d1719f354d92d05734a73fa1b9b7bb56d4d741db7e78e3a3__kernel0,AI_CORE,6,109,7.860,1784811950138431.065	,1784811950138438.925	
2,te_splitvd_23e6d833017f5dfe76c57c5940158050e2999451c1c2823a7e115bafb94e9a2d__kernel0,AI_VECTOR_CORE,6,110,1.440,1784811950138438.945	,1784811950138440.385	
2,te_scatter_f37d059f5c7cde2456a890d107ace370a7cc4eacc5600fe85218cf6bb0549f7a__kernel0,AI_VECTOR_CORE,6,111,1.740,1784811950138440.405	,1784811950138442.145	
2,te_applyrotaryposemb_ac7e5cf17af21838767f30aaee69ba82ba923a6f27e23095b6be2a982ee519e8__kernel0,AI_VECTOR_CORE,6,112,3.480,1784811950138442.165	,1784811950138445.645	
2,te_scatter_f37d059f5c7cde2456a890d107ace370a7cc4eacc5600fe85218cf6bb0549f7a__kernel0,AI_VECTOR_CORE,6,113,1.520,1784811950138445.685	,1784811950138447.205	
2,te_increflashattention_1dd55ded62f1c3e3cd3981c6cf943e165d1d4392abd4fbc2a655a0293ae82bef,MIX_AIC,6,114,20.520,1784811950138448.245	,1784811950138468.765	
2,te_matmul_30ba1a75e047a977eb3511ad32e378d8c7b5ac206cbc688a8519a7019a3f0bfb__kernel0,AI_CORE,6,115,6.080,1784811950138469.525	,1784811950138475.605	
2,te_inplaceaddrmsnorm_d62049eac13251e9dd5ca07dab53f68969f14826454869f4d364d216becd69dd__kernel0,AI_VECTOR_CORE,6,116,1.980,1784811950138475.625	,1784811950138477.605	
2,te_matmul_4a021b5089dbff9229e2566f1994161ccc626e0b48e7694a3fd675ec7bdff61d__kernel0,AI_CORE,6,117,8.980,1784811950138477.625	,1784811950138486.605	
2,te_matmul_4a021b5089dbff9229e2566f1994161ccc626e0b48e7694a3fd675ec7bdff61d__kernel0,AI_CORE,6,118,9.340,1784811950138486.625	,1784811950138495.965	
2,te_fused_op_swish_mul_14c4f2652be9e12ed7816287cd5c287d06b515613ebc5f4d3014d3b5e43f7ed2__kernel0,AI_VECTOR_CORE,6,119,2.300,1784811950138495.985	,1784811950138498.285	
2,te_matmul_e32fb9f843923df15ad48d352f67ef3c8f820c2adfeefd3f5a8c3cfcb8d1acc0__kernel0,AI_CORE,6,120,9.780,1784811950138498.325	,1784811950138508.105	
2,te_inplaceaddrmsnorm_d62049eac13251e9dd5ca07dab53f68969f14826454869f4d364d216becd69dd__kernel0,AI_VECTOR_CORE,6,121,2.360,1784811950138508.125	,1784811950138510.485	
2,te_matmul_adca21770e6b7812d1719f354d92d05734a73fa1b9b7bb56d4d741db7e78e3a3__kernel0,AI_CORE,6,122,6.960,1784811950138510.525	,1784811950138517.485	
2,te_splitvd_23e6d833017f5dfe76c57c5940158050e2999451c1c2823a7e115bafb94e9a2d__kernel0,AI_VECTOR_CORE,6,123,1.200,1784811950138517.505	,1784811950138518.705	
2,te_scatter_f37d059f5c7cde2456a890d107ace370a7cc4eacc5600fe85218cf6bb0549f7a__kernel0,AI_VECTOR_CORE,6,124,1.560,1784811950138518.725	,1784811950138520.285	
2,te_applyrotaryposemb_ac7e5cf17af21838767f30aaee69ba82ba923a6f27e23095b6be2a982ee519e8__kernel0,AI_VECTOR_CORE,6,125,2.300,1784811950138520.305	,1784811950138522.605	
2,te_scatter_f37d059f5c7cde2456a890d107ace370a7cc4eacc5600fe85218cf6bb0549f7a__kernel0,AI_VECTOR_CORE,6,126,1.560,1784811950138522.625	,1784811950138524.185	
2,te_increflashattention_1dd55ded62f1c3e3cd3981c6cf943e165d1d4392abd4fbc2a655a0293ae82bef,MIX_AIC,6,127,19.360,1784811950138525.505	,1784811950138544.865	
2,te_matmul_30ba1a75e047a977eb3511ad32e378d8c7b5ac206cbc688a8519a7019a3f0bfb__kernel0,AI_CORE,6,128,7.340,1784811950138545.585	,1784811950138552.925	
2,te_inplaceaddrmsnorm_d62049eac13251e9dd5ca07dab53f68969f14826454869f4d364d216becd69dd__kernel0,AI_VECTOR_CORE,6,129,1.960,1784811950138552.965	,1784811950138554.925	
2,te_matmul_4a021b5089dbff9229e2566f1994161ccc626e0b48e7694a3fd675ec7bdff61d__kernel0,AI_CORE,6,130,9.140,1784811950138554.945	,1784811950138564.085	
2,te_matmul_4a021b5089dbff9229e2566f1994161ccc626e0b48e7694a3fd675ec7bdff61d__kernel0,AI_CORE,6,131,8.920,1784811950138564.105	,1784811950138573.025	
2,te_fused_op_swish_mul_14c4f2652be9e12ed7816287cd5c287d06b515613ebc5f4d3014d3b5e43f7ed2__kernel0,AI_VECTOR_CORE,6,132,2.680,1784811950138573.045	,1784811950138575.725	
2,te_matmul_e32fb9f843923df15ad48d352f67ef3c8f820c2adfeefd3f5a8c3cfcb8d1acc0__kernel0,AI_CORE,6,133,9.400,1784811950138575.745	,1784811950138585.145	
2,te_inplaceaddrmsnorm_d62049eac13251e9dd5ca07dab53f68969f14826454869f4d364d216becd69dd__kernel0,AI_VECTOR_CORE,6,134,2.220,1784811950138585.165	,1784811950138587.385	
2,te_matmul_adca21770e6b7812d1719f354d92d05734a73fa1b9b7bb56d4d741db7e78e3a3__kernel0,AI_CORE,6,135,8.040,1784811950138587.405	,1784811950138595.445	
2,te_splitvd_23e6d833017f5dfe76c57c5940158050e2999451c1c2823a7e115bafb94e9a2d__kernel0,AI_VECTOR_CORE,6,136,1.160,1784811950138595.465	,1784811950138596.625	
2,te_scatter_f37d059f5c7cde2456a890d107ace370a7cc4eacc5600fe85218cf6bb0549f7a__kernel0,AI_VECTOR_CORE,6,137,1.560,1784811950138596.645	,1784811950138598.205	
2,te_applyrotaryposemb_ac7e5cf17af21838767f30aaee69ba82ba923a6f27e23095b6be2a982ee519e8__kernel0,AI_VECTOR_CORE,6,138,2.540,1784811950138598.225	,1784811950138600.765	
2,te_scatter_f37d059f5c7cde2456a890d107ace370a7cc4eacc5600fe85218cf6bb0549f7a__kernel0,AI_VECTOR_CORE,6,139,1.600,1784811950138600.785	,1784811950138602.385	
2,te_increflashattention_1dd55ded62f1c3e3cd3981c6cf943e165d1d4392abd4fbc2a655a0293ae82bef,MIX_AIC,6,140,18.720,1784811950138603.845	,1784811950138622.565	
2,te_matmul_30ba1a75e047a977eb3511ad32e378d8c7b5ac206cbc688a8519a7019a3f0bfb__kernel0,AI_CORE,6,141,7.360,1784811950138623.325	,1784811950138630.685	
2,te_inplaceaddrmsnorm_d62049eac13251e9dd5ca07dab53f68969f14826454869f4d364d216becd69dd__kernel0,AI_VECTOR_CORE,6,142,1.860,1784811950138630.705	,1784811950138632.565	
2,te_matmul_4a021b5089dbff9229e2566f1994161ccc626e0b48e7694a3fd675ec7bdff61d__kernel0,AI_CORE,6,143,7.900,1784811950138632.585	,1784811950138640.485	
2,te_matmul_4a021b5089dbff9229e2566f1994161ccc626e0b48e7694a3fd675ec7bdff61d__kernel0,AI_CORE,6,144,8.440,1784811950138640.525	,1784811950138648.965	
2,te_fused_op_swish_mul_14c4f2652be9e12ed7816287cd5c287d06b515613ebc5f4d3014d3b5e43f7ed2__kernel0,AI_VECTOR_CORE,6,145,2.300,1784811950138648.985	,1784811950138651.285	
2,te_matmul_e32fb9f843923df15ad48d352f67ef3c8f820c2adfeefd3f5a8c3cfcb8d1acc0__kernel0,AI_CORE,6,146,9.600,1784811950138651.305	,1784811950138660.905	
2,te_inplaceaddrmsnorm_d62049eac13251e9dd5ca07dab53f68969f14826454869f4d364d216becd69dd__kernel0,AI_VECTOR_CORE,6,147,2.060,1784811950138660.925	,1784811950138662.985	
2,te_matmul_adca21770e6b7812d1719f354d92d05734a73fa1b9b7bb56d4d741db7e78e3a3__kernel0,AI_CORE,6,148,7.900,1784811950138663.005	,1784811950138670.905	
2,te_splitvd_23e6d833017f5dfe76c57c5940158050e2999451c1c2823a7e115bafb94e9a2d__kernel0,AI_VECTOR_CORE,6,149,1.100,1784811950138670.925	,1784811950138672.025	
2,te_scatter_f37d059f5c7cde2456a890d107ace370a7cc4eacc5600fe85218cf6bb0549f7a__kernel0,AI_VECTOR_CORE,6,150,1.380,1784811950138672.045	,1784811950138673.425	
2,te_applyrotaryposemb_ac7e5cf17af21838767f30aaee69ba82ba923a6f27e23095b6be2a982ee519e8__kernel0,AI_VECTOR_CORE,6,151,2.580,1784811950138673.445	,1784811950138676.025	
2,te_scatter_f37d059f5c7cde2456a890d107ace370a7cc4eacc5600fe85218cf6bb0549f7a__kernel0,AI_VECTOR_CORE,6,152,1.640,1784811950138676.045	,1784811950138677.685	
2,te_increflashattention_1dd55ded62f1c3e3cd3981c6cf943e165d1d4392abd4fbc2a655a0293ae82bef,MIX_AIC,6,153,18.300,1784811950138678.645	,1784811950138696.945	
2,te_matmul_30ba1a75e047a977eb3511ad32e378d8c7b5ac206cbc688a8519a7019a3f0bfb__kernel0,AI_CORE,6,154,6.840,1784811950138698.125	,1784811950138704.965	
2,te_inplaceaddrmsnorm_d62049eac13251e9dd5ca07dab53f68969f14826454869f4d364d216becd69dd__kernel0,AI_VECTOR_CORE,6,155,1.720,1784811950138704.985	,1784811950138706.705	
2,te_matmul_4a021b5089dbff9229e2566f1994161ccc626e0b48e7694a3fd675ec7bdff61d__kernel0,AI_CORE,6,156,8.180,1784811950138706.725	,1784811950138714.905	
2,te_matmul_4a021b5089dbff9229e2566f1994161ccc626e0b48e7694a3fd675ec7bdff61d__kernel0,AI_CORE,6,157,8.400,1784811950138714.925	,1784811950138723.325	
2,te_fused_op_swish_mul_14c4f2652be9e12ed7816287cd5c287d06b515613ebc5f4d3014d3b5e43f7ed2__kernel0,AI_VECTOR_CORE,6,158,2.340,1784811950138723.345	,1784811950138725.685	
2,te_matmul_e32fb9f843923df15ad48d352f67ef3c8f820c2adfeefd3f5a8c3cfcb8d1acc0__kernel0,AI_CORE,6,159,9.420,1784811950138725.725	,1784811950138735.145	
2,te_inplaceaddrmsnorm_d62049eac13251e9dd5ca07dab53f68969f14826454869f4d364d216becd69dd__kernel0,AI_VECTOR_CORE,6,160,1.900,1784811950138735.185	,1784811950138737.085	
2,te_matmul_adca21770e6b7812d1719f354d92d05734a73fa1b9b7bb56d4d741db7e78e3a3__kernel0,AI_CORE,6,161,7.020,1784811950138737.105	,1784811950138744.125	
2,te_splitvd_23e6d833017f5dfe76c57c5940158050e2999451c1c2823a7e115bafb94e9a2d__kernel0,AI_VECTOR_CORE,6,162,1.160,1784811950138744.145	,1784811950138745.305	
2,te_scatter_f37d059f5c7cde2456a890d107ace370a7cc4eacc5600fe85218cf6bb0549f7a__kernel0,AI_VECTOR_CORE,6,163,1.540,1784811950138745.325	,1784811950138746.865	
2,te_applyrotaryposemb_ac7e5cf17af21838767f30aaee69ba82ba923a6f27e23095b6be2a982ee519e8__kernel0,AI_VECTOR_CORE,6,164,2.960,1784811950138746.885	,1784811950138749.845	
2,te_scatter_f37d059f5c7cde2456a890d107ace370a7cc4eacc5600fe85218cf6bb0549f7a__kernel0,AI_VECTOR_CORE,6,165,1.720,1784811950138749.865	,1784811950138751.585	
2,te_increflashattention_1dd55ded62f1c3e3cd3981c6cf943e165d1d4392abd4fbc2a655a0293ae82bef,MIX_AIC,6,166,18.540,1784811950138752.885	,1784811950138771.425	
2,te_matmul_30ba1a75e047a977eb3511ad32e378d8c7b5ac206cbc688a8519a7019a3f0bfb__kernel0,AI_CORE,6,167,7.200,1784811950138772.385	,1784811950138779.585	
2,te_inplaceaddrmsnorm_d62049eac13251e9dd5ca07dab53f68969f14826454869f4d364d216becd69dd__kernel0,AI_VECTOR_CORE,6,168,1.660,1784811950138779.605	,1784811950138781.265	
2,te_matmul_4a021b5089dbff9229e2566f1994161ccc626e0b48e7694a3fd675ec7bdff61d__kernel0,AI_CORE,6,169,8.580,1784811950138781.305	,1784811950138789.885	
2,te_matmul_4a021b5089dbff9229e2566f1994161ccc626e0b48e7694a3fd675ec7bdff61d__kernel0,AI_CORE,6,170,8.780,1784811950138789.905	,1784811950138798.685	
2,te_fused_op_swish_mul_14c4f2652be9e12ed7816287cd5c287d06b515613ebc5f4d3014d3b5e43f7ed2__kernel0,AI_VECTOR_CORE,6,171,2.240,1784811950138798.705	,1784811950138800.945	
2,te_matmul_e32fb9f843923df15ad48d352f67ef3c8f820c2adfeefd3f5a8c3cfcb8d1acc0__kernel0,AI_CORE,6,172,9.360,1784811950138800.965	,1784811950138810.325	
2,te_inplaceaddrmsnorm_d62049eac13251e9dd5ca07dab53f68969f14826454869f4d364d216becd69dd__kernel0,AI_VECTOR_CORE,6,173,1.960,1784811950138810.345	,1784811950138812.305	
2,te_matmul_adca21770e6b7812d1719f354d92d05734a73fa1b9b7bb56d4d741db7e78e3a3__kernel0,AI_CORE,6,174,8.640,1784811950138812.325	,1784811950138820.965	
2,te_splitvd_23e6d833017f5dfe76c57c5940158050e2999451c1c2823a7e115bafb94e9a2d__kernel0,AI_VECTOR_CORE,6,175,1.200,1784811950138820.985	,1784811950138822.185	
2,te_scatter_f37d059f5c7cde2456a890d107ace370a7cc4eacc5600fe85218cf6bb0549f7a__kernel0,AI_VECTOR_CORE,6,176,1.380,1784811950138822.205	,1784811950138823.585	
2,te_applyrotaryposemb_ac7e5cf17af21838767f30aaee69ba82ba923a6f27e23095b6be2a982ee519e8__kernel0,AI_VECTOR_CORE,6,177,2.600,1784811950138823.605	,1784811950138826.205	
2,te_scatter_f37d059f5c7cde2456a890d107ace370a7cc4eacc5600fe85218cf6bb0549f7a__kernel0,AI_VECTOR_CORE,6,178,1.560,1784811950138826.225	,1784811950138827.785	
2,te_increflashattention_1dd55ded62f1c3e3cd3981c6cf943e165d1d4392abd4fbc2a655a0293ae82bef,MIX_AIC,6,179,18.520,1784811950138828.925	,1784811950138847.445	
2,te_matmul_30ba1a75e047a977eb3511ad32e378d8c7b5ac206cbc688a8519a7019a3f0bfb__kernel0,AI_CORE,6,180,7.680,1784811950138848.425	,1784811950138856.105	
2,te_inplaceaddrmsnorm_d62049eac13251e9dd5ca07dab53f68969f14826454869f4d364d216becd69dd__kernel0,AI_VECTOR_CORE,6,181,1.740,1784811950138856.125	,1784811950138857.865	
2,te_matmul_4a021b5089dbff9229e2566f1994161ccc626e0b48e7694a3fd675ec7bdff61d__kernel0,AI_CORE,6,182,8.500,1784811950138857.885	,1784811950138866.385	
2,te_matmul_4a021b5089dbff9229e2566f1994161ccc626e0b48e7694a3fd675ec7bdff61d__kernel0,AI_CORE,6,183,8.640,1784811950138866.425	,1784811950138875.065	
2,te_fused_op_swish_mul_14c4f2652be9e12ed7816287cd5c287d06b515613ebc5f4d3014d3b5e43f7ed2__kernel0,AI_VECTOR_CORE,6,184,2.320,1784811950138875.085	,1784811950138877.405	
2,te_matmul_e32fb9f843923df15ad48d352f67ef3c8f820c2adfeefd3f5a8c3cfcb8d1acc0__kernel0,AI_CORE,6,185,9.420,1784811950138877.425	,1784811950138886.845	
2,te_inplaceaddrmsnorm_d62049eac13251e9dd5ca07dab53f68969f14826454869f4d364d216becd69dd__kernel0,AI_VECTOR_CORE,6,186,2.040,1784811950138886.865	,1784811950138888.905	
2,te_matmul_adca21770e6b7812d1719f354d92d05734a73fa1b9b7bb56d4d741db7e78e3a3__kernel0,AI_CORE,6,187,6.960,1784811950138888.925	,1784811950138895.885	
2,te_splitvd_23e6d833017f5dfe76c57c5940158050e2999451c1c2823a7e115bafb94e9a2d__kernel0,AI_VECTOR_CORE,6,188,1.160,1784811950138895.905	,1784811950138897.065	
2,te_scatter_f37d059f5c7cde2456a890d107ace370a7cc4eacc5600fe85218cf6bb0549f7a__kernel0,AI_VECTOR_CORE,6,189,1.500,1784811950138897.085	,1784811950138898.585	
2,te_applyrotaryposemb_ac7e5cf17af21838767f30aaee69ba82ba923a6f27e23095b6be2a982ee519e8__kernel0,AI_VECTOR_CORE,6,190,2.500,1784811950138898.605	,1784811950138901.105	
2,te_scatter_f37d059f5c7cde2456a890d107ace370a7cc4eacc5600fe85218cf6bb0549f7a__kernel0,AI_VECTOR_CORE,6,191,1.540,1784811950138901.125	,1784811950138902.665	
2,te_increflashattention_1dd55ded62f1c3e3cd3981c6cf943e165d1d4392abd4fbc2a655a0293ae82bef,MIX_AIC,6,192,17.880,1784811950138903.725	,1784811950138921.605	
2,te_matmul_30ba1a75e047a977eb3511ad32e378d8c7b5ac206cbc688a8519a7019a3f0bfb__kernel0,AI_CORE,6,193,7.000,1784811950138922.605	,1784811950138929.605	
2,te_inplaceaddrmsnorm_d62049eac13251e9dd5ca07dab53f68969f14826454869f4d364d216becd69dd__kernel0,AI_VECTOR_CORE,6,194,1.840,1784811950138929.625	,1784811950138931.465	
2,te_matmul_4a021b5089dbff9229e2566f1994161ccc626e0b48e7694a3fd675ec7bdff61d__kernel0,AI_CORE,6,195,8.220,1784811950138931.485	,1784811950138939.705	
2,te_matmul_4a021b5089dbff9229e2566f1994161ccc626e0b48e7694a3fd675ec7bdff61d__kernel0,AI_CORE,6,196,8.280,1784811950138939.725	,1784811950138948.005	
2,te_fused_op_swish_mul_14c4f2652be9e12ed7816287cd5c287d06b515613ebc5f4d3014d3b5e43f7ed2__kernel0,AI_VECTOR_CORE,6,197,2.260,1784811950138948.025	,1784811950138950.285	
2,te_matmul_e32fb9f843923df15ad48d352f67ef3c8f820c2adfeefd3f5a8c3cfcb8d1acc0__kernel0,AI_CORE,6,198,8.980,1784811950138950.305	,1784811950138959.285	
2,te_inplaceaddrmsnorm_d62049eac13251e9dd5ca07dab53f68969f14826454869f4d364d216becd69dd__kernel0,AI_VECTOR_CORE,6,199,2.220,1784811950138959.305	,1784811950138961.525	
2,te_matmul_adca21770e6b7812d1719f354d92d05734a73fa1b9b7bb56d4d741db7e78e3a3__kernel0,AI_CORE,6,200,7.980,1784811950138961.545	,1784811950138969.525	
2,te_splitvd_23e6d833017f5dfe76c57c5940158050e2999451c1c2823a7e115bafb94e9a2d__kernel0,AI_VECTOR_CORE,6,201,1.140,1784811950138969.545	,1784811950138970.685	
2,te_scatter_f37d059f5c7cde2456a890d107ace370a7cc4eacc5600fe85218cf6bb0549f7a__kernel0,AI_VECTOR_CORE,6,202,1.560,1784811950138970.705	,1784811950138972.265	
2,te_applyrotaryposemb_ac7e5cf17af21838767f30aaee69ba82ba923a6f27e23095b6be2a982ee519e8__kernel0,AI_VECTOR_CORE,6,203,3.200,1784811950138972.285	,1784811950138975.485	
2,te_scatter_f37d059f5c7cde2456a890d107ace370a7cc4eacc5600fe85218cf6bb0549f7a__kernel0,AI_VECTOR_CORE,6,204,1.580,1784811950138975.505	,1784811950138977.085	
2,te_increflashattention_1dd55ded62f1c3e3cd3981c6cf943e165d1d4392abd4fbc2a655a0293ae82bef,MIX_AIC,6,205,19.020,1784811950138978.525	,1784811950138997.545	
2,te_matmul_30ba1a75e047a977eb3511ad32e378d8c7b5ac206cbc688a8519a7019a3f0bfb__kernel0,AI_CORE,6,206,7.460,1784811950138998.605	,1784811950139006.065	
2,te_inplaceaddrmsnorm_d62049eac13251e9dd5ca07dab53f68969f14826454869f4d364d216becd69dd__kernel0,AI_VECTOR_CORE,6,207,1.800,1784811950139006.085	,1784811950139007.885	
2,te_matmul_4a021b5089dbff9229e2566f1994161ccc626e0b48e7694a3fd675ec7bdff61d__kernel0,AI_CORE,6,208,8.000,1784811950139007.925	,1784811950139015.925	
2,te_matmul_4a021b5089dbff9229e2566f1994161ccc626e0b48e7694a3fd675ec7bdff61d__kernel0,AI_CORE,6,209,8.380,1784811950139015.945	,1784811950139024.325	
2,te_fused_op_swish_mul_14c4f2652be9e12ed7816287cd5c287d06b515613ebc5f4d3014d3b5e43f7ed2__kernel0,AI_VECTOR_CORE,6,210,2.340,1784811950139024.345	,1784811950139026.685	
2,te_matmul_e32fb9f843923df15ad48d352f67ef3c8f820c2adfeefd3f5a8c3cfcb8d1acc0__kernel0,AI_CORE,6,211,9.580,1784811950139026.725	,1784811950139036.305	
2,te_inplaceaddrmsnorm_d62049eac13251e9dd5ca07dab53f68969f14826454869f4d364d216becd69dd__kernel0,AI_VECTOR_CORE,6,212,1.820,1784811950139036.325	,1784811950139038.145	
2,te_matmul_adca21770e6b7812d1719f354d92d05734a73fa1b9b7bb56d4d741db7e78e3a3__kernel0,AI_CORE,6,213,8.180,1784811950139038.185	,1784811950139046.365	
2,te_splitvd_23e6d833017f5dfe76c57c5940158050e2999451c1c2823a7e115bafb94e9a2d__kernel0,AI_VECTOR_CORE,6,214,1.300,1784811950139046.385	,1784811950139047.685	
2,te_scatter_f37d059f5c7cde2456a890d107ace370a7cc4eacc5600fe85218cf6bb0549f7a__kernel0,AI_VECTOR_CORE,6,215,1.560,1784811950139047.705	,1784811950139049.265	
2,te_applyrotaryposemb_ac7e5cf17af21838767f30aaee69ba82ba923a6f27e23095b6be2a982ee519e8__kernel0,AI_VECTOR_CORE,6,216,2.820,1784811950139049.285	,1784811950139052.105	
2,te_scatter_f37d059f5c7cde2456a890d107ace370a7cc4eacc5600fe85218cf6bb0549f7a__kernel0,AI_VECTOR_CORE,6,217,1.600,1784811950139052.125	,1784811950139053.725	
2,te_increflashattention_1dd55ded62f1c3e3cd3981c6cf943e165d1d4392abd4fbc2a655a0293ae82bef,MIX_AIC,6,218,17.880,1784811950139055.125	,1784811950139073.005	
2,te_matmul_30ba1a75e047a977eb3511ad32e378d8c7b5ac206cbc688a8519a7019a3f0bfb__kernel0,AI_CORE,6,219,7.520,1784811950139073.985	,1784811950139081.505	
2,te_inplaceaddrmsnorm_d62049eac13251e9dd5ca07dab53f68969f14826454869f4d364d216becd69dd__kernel0,AI_VECTOR_CORE,6,220,1.680,1784811950139081.525	,1784811950139083.205	
2,te_matmul_4a021b5089dbff9229e2566f1994161ccc626e0b48e7694a3fd675ec7bdff61d__kernel0,AI_CORE,6,221,9.260,1784811950139083.225	,1784811950139092.485	
2,te_matmul_4a021b5089dbff9229e2566f1994161ccc626e0b48e7694a3fd675ec7bdff61d__kernel0,AI_CORE,6,222,8.820,1784811950139092.505	,1784811950139101.325	
2,te_fused_op_swish_mul_14c4f2652be9e12ed7816287cd5c287d06b515613ebc5f4d3014d3b5e43f7ed2__kernel0,AI_VECTOR_CORE,6,223,2.820,1784811950139101.345	,1784811950139104.165	
2,te_matmul_e32fb9f843923df15ad48d352f67ef3c8f820c2adfeefd3f5a8c3cfcb8d1acc0__kernel0,AI_CORE,6,224,9.640,1784811950139104.205	,1784811950139113.845	
2,te_inplaceaddrmsnorm_d62049eac13251e9dd5ca07dab53f68969f14826454869f4d364d216becd69dd__kernel0,AI_VECTOR_CORE,6,225,1.680,1784811950139113.865	,1784811950139115.545	
2,te_matmul_adca21770e6b7812d1719f354d92d05734a73fa1b9b7bb56d4d741db7e78e3a3__kernel0,AI_CORE,6,226,7.440,1784811950139115.565	,1784811950139123.005	
2,te_splitvd_23e6d833017f5dfe76c57c5940158050e2999451c1c2823a7e115bafb94e9a2d__kernel0,AI_VECTOR_CORE,6,227,1.120,1784811950139123.025	,1784811950139124.145	
2,te_scatter_f37d059f5c7cde2456a890d107ace370a7cc4eacc5600fe85218cf6bb0549f7a__kernel0,AI_VECTOR_CORE,6,228,1.360,1784811950139124.165	,1784811950139125.525	
2,te_applyrotaryposemb_ac7e5cf17af21838767f30aaee69ba82ba923a6f27e23095b6be2a982ee519e8__kernel0,AI_VECTOR_CORE,6,229,2.960,1784811950139125.545	,1784811950139128.505	
2,te_scatter_f37d059f5c7cde2456a890d107ace370a7cc4eacc5600fe85218cf6bb0549f7a__kernel0,AI_VECTOR_CORE,6,230,1.620,1784811950139128.525	,1784811950139130.145	
2,te_increflashattention_1dd55ded62f1c3e3cd3981c6cf943e165d1d4392abd4fbc2a655a0293ae82bef,MIX_AIC,6,231,17.980,1784811950139131.145	,1784811950139149.125	
2,te_matmul_30ba1a75e047a977eb3511ad32e378d8c7b5ac206cbc688a8519a7019a3f0bfb__kernel0,AI_CORE,6,232,7.900,1784811950139150.005	,1784811950139157.905	
2,te_inplaceaddrmsnorm_d62049eac13251e9dd5ca07dab53f68969f14826454869f4d364d216becd69dd__kernel0,AI_VECTOR_CORE,6,233,1.820,1784811950139157.925	,1784811950139159.745	
2,te_matmul_4a021b5089dbff9229e2566f1994161ccc626e0b48e7694a3fd675ec7bdff61d__kernel0,AI_CORE,6,234,8.160,1784811950139159.765	,1784811950139167.925	
2,te_matmul_4a021b5089dbff9229e2566f1994161ccc626e0b48e7694a3fd675ec7bdff61d__kernel0,AI_CORE,6,235,8.380,1784811950139167.965	,1784811950139176.345	
2,te_fused_op_swish_mul_14c4f2652be9e12ed7816287cd5c287d06b515613ebc5f4d3014d3b5e43f7ed2__kernel0,AI_VECTOR_CORE,6,236,2.420,1784811950139176.365	,1784811950139178.785	
2,te_matmul_e32fb9f843923df15ad48d352f67ef3c8f820c2adfeefd3f5a8c3cfcb8d1acc0__kernel0,AI_CORE,6,237,9.820,1784811950139178.805	,1784811950139188.625	
2,te_inplaceaddrmsnorm_d62049eac13251e9dd5ca07dab53f68969f14826454869f4d364d216becd69dd__kernel0,AI_VECTOR_CORE,6,238,1.880,1784811950139188.665	,1784811950139190.545	
2,te_matmul_adca21770e6b7812d1719f354d92d05734a73fa1b9b7bb56d4d741db7e78e3a3__kernel0,AI_CORE,6,239,6.640,1784811950139190.565	,1784811950139197.205	
2,te_splitvd_23e6d833017f5dfe76c57c5940158050e2999451c1c2823a7e115bafb94e9a2d__kernel0,AI_VECTOR_CORE,6,240,1.180,1784811950139197.245	,1784811950139198.425	
2,te_scatter_f37d059f5c7cde2456a890d107ace370a7cc4eacc5600fe85218cf6bb0549f7a__kernel0,AI_VECTOR_CORE,6,241,1.500,1784811950139198.445	,1784811950139199.945	
2,te_applyrotaryposemb_ac7e5cf17af21838767f30aaee69ba82ba923a6f27e23095b6be2a982ee519e8__kernel0,AI_VECTOR_CORE,6,242,2.760,1784811950139199.985	,1784811950139202.745	
2,te_scatter_f37d059f5c7cde2456a890d107ace370a7cc4eacc5600fe85218cf6bb0549f7a__kernel0,AI_VECTOR_CORE,6,243,1.560,1784811950139202.765	,1784811950139204.325	
2,te_increflashattention_1dd55ded62f1c3e3cd3981c6cf943e165d1d4392abd4fbc2a655a0293ae82bef,MIX_AIC,6,244,17.980,1784811950139205.385	,1784811950139223.365	
2,te_matmul_30ba1a75e047a977eb3511ad32e378d8c7b5ac206cbc688a8519a7019a3f0bfb__kernel0,AI_CORE,6,245,7.280,1784811950139224.225	,1784811950139231.505	
2,te_inplaceaddrmsnorm_d62049eac13251e9dd5ca07dab53f68969f14826454869f4d364d216becd69dd__kernel0,AI_VECTOR_CORE,6,246,1.600,1784811950139231.525	,1784811950139233.125	
2,te_matmul_4a021b5089dbff9229e2566f1994161ccc626e0b48e7694a3fd675ec7bdff61d__kernel0,AI_CORE,6,247,7.880,1784811950139233.145	,1784811950139241.025	
2,te_matmul_4a021b5089dbff9229e2566f1994161ccc626e0b48e7694a3fd675ec7bdff61d__kernel0,AI_CORE,6,248,8.020,1784811950139241.045	,1784811950139249.065	
2,te_fused_op_swish_mul_14c4f2652be9e12ed7816287cd5c287d06b515613ebc5f4d3014d3b5e43f7ed2__kernel0,AI_VECTOR_CORE,6,249,2.220,1784811950139249.085	,1784811950139251.305	
2,te_matmul_e32fb9f843923df15ad48d352f67ef3c8f820c2adfeefd3f5a8c3cfcb8d1acc0__kernel0,AI_CORE,6,250,9.400,1784811950139251.325	,1784811950139260.725	
2,te_inplaceaddrmsnorm_d62049eac13251e9dd5ca07dab53f68969f14826454869f4d364d216becd69dd__kernel0,AI_VECTOR_CORE,6,251,1.920,1784811950139260.745	,1784811950139262.665	
2,te_matmul_adca21770e6b7812d1719f354d92d05734a73fa1b9b7bb56d4d741db7e78e3a3__kernel0,AI_CORE,6,252,8.920,1784811950139262.685	,1784811950139271.605	
2,te_splitvd_23e6d833017f5dfe76c57c5940158050e2999451c1c2823a7e115bafb94e9a2d__kernel0,AI_VECTOR_CORE,6,253,1.160,1784811950139271.625	,1784811950139272.785	
2,te_scatter_f37d059f5c7cde2456a890d107ace370a7cc4eacc5600fe85218cf6bb0549f7a__kernel0,AI_VECTOR_CORE,6,254,1.540,1784811950139272.825	,1784811950139274.365	
2,te_applyrotaryposemb_ac7e5cf17af21838767f30aaee69ba82ba923a6f27e23095b6be2a982ee519e8__kernel0,AI_VECTOR_CORE,6,255,2.120,1784811950139274.385	,1784811950139276.505	
2,te_scatter_f37d059f5c7cde2456a890d107ace370a7cc4eacc5600fe85218cf6bb0549f7a__kernel0,AI_VECTOR_CORE,6,256,1.660,1784811950139276.545	,1784811950139278.205	
2,te_increflashattention_1dd55ded62f1c3e3cd3981c6cf943e165d1d4392abd4fbc2a655a0293ae82bef,MIX_AIC,6,257,17.600,1784811950139279.485	,1784811950139297.085	
2,te_matmul_30ba1a75e047a977eb3511ad32e378d8c7b5ac206cbc688a8519a7019a3f0bfb__kernel0,AI_CORE,6,258,7.300,1784811950139298.345	,1784811950139305.645	
2,te_inplaceaddrmsnorm_d62049eac13251e9dd5ca07dab53f68969f14826454869f4d364d216becd69dd__kernel0,AI_VECTOR_CORE,6,259,1.860,1784811950139305.665	,1784811950139307.525	
2,te_matmul_4a021b5089dbff9229e2566f1994161ccc626e0b48e7694a3fd675ec7bdff61d__kernel0,AI_CORE,6,260,7.600,1784811950139307.545	,1784811950139315.145	
2,te_matmul_4a021b5089dbff9229e2566f1994161ccc626e0b48e7694a3fd675ec7bdff61d__kernel0,AI_CORE,6,261,8.680,1784811950139315.165	,1784811950139323.845	
2,te_fused_op_swish_mul_14c4f2652be9e12ed7816287cd5c287d06b515613ebc5f4d3014d3b5e43f7ed2__kernel0,AI_VECTOR_CORE,6,262,2.320,1784811950139323.865	,1784811950139326.185	
2,te_matmul_e32fb9f843923df15ad48d352f67ef3c8f820c2adfeefd3f5a8c3cfcb8d1acc0__kernel0,AI_CORE,6,263,9.420,1784811950139326.225	,1784811950139335.645	
2,te_inplaceaddrmsnorm_7dbb5ddde2dcd722cd6dacb4cb3c41f3bf3d17e51a858719ef5c7b4bb571c371__kernel0,AI_VECTOR_CORE,6,264,2.420,1784811950139335.665	,1784811950139338.085	
2,te_matmul_faa340bf6f642d480419f11a45154b955c1000775e0a1119f51a7392bd4de33f__kernel0,AI_CORE,6,265,139.080,1784811950139338.105	,1784811950139477.185	
2,N/A,NOTIFY_RECORD,6,266,0.000,1784811950139477.225	,1784811950139477.225	
2,N/A,PROFILER_TRACE_EX,3,813,0.020,1784811950139491.885	,1784811950139491.905	
2,Cast_1fb1c1a33856de01862630399320fff3_high_performance_210000000,AI_VECTOR_CORE,3,814,8.140,1784811950139491.925	,1784811950139500.065	
2,ArgMaxV2_4402011f777d6374ab9f6425cb5984c4_high_performance_3,AI_VECTOR_CORE,3,815,14.200,1784811950139500.105	,1784811950139514.305	
2,Cast_e87590d11ccda8b259ab6b1ea7212319_high_performance_210000000,AI_VECTOR_CORE,3,816,1.300,1784811950139514.325	,1784811950139515.625	
2,N/A,EVENT_RECORD,3,817,0.000,1784811950139515.665	,1784811950139515.665	
2,Fill_41dadce325b0f810d03359af2a38990b_high_performance_223000000,AI_VECTOR_CORE,3,818,2.260,1784811950139515.825	,1784811950139518.085	
2,SelectV2_a32d70ed63082227463347a44bd5a08e_high_performance_210000000,AI_VECTOR_CORE,3,819,2.200,1784811950139518.105	,1784811950139520.305	
2,Add_41dadce325b0f810d03359af2a38990b_high_performance_223000000,AI_VECTOR_CORE,3,820,3.040,1784811950139520.325	,1784811950139523.365	
2,ZerosLike_1d2fd313763487259859439d7e9b41cf_high_performance_210000000,AI_VECTOR_CORE,3,821,1.800,1784811950139523.525	,1784811950139525.325	
2,SelectV2_a32d70ed63082227463347a44bd5a08e_high_performance_210000000,AI_VECTOR_CORE,3,822,1.780,1784811950139581.765	,1784811950139583.545	
2,N/A,PROFILING_DISABLE,0,5,0.020,1784811950155158.445	,1784811950155158.465	
