OCR API ready worker_pid=None; preparing table crops in RAM
Frozen ALL cohort: 665 tables (121 LaTeX, 544 non-LaTeX)
Scheduled 1000 Poisson arrivals at 5 QPS; request limit=1000; last scheduled arrival at 208.214s; HTTP endpoint=http://127.0.0.1:18081/v1/chat/completions
Writing each completion to tmp/09_persistent_page_engine/table_vllm_poisson1000_seq64_14qps_npu4_retry_85a90862_20260908/budget16384/qps5/measured/results.jsonl
[   0.030s] SEND #00001 table=page_001375_table_1 lag=   0.6ms active=1
[   0.406s] SEND #00002 table=page_000256_table_box_id_1 lag=   0.6ms active=2
[   0.695s] SEND #00003 table=page_000918_table_6 lag=   1.6ms active=3
[   0.753s] SEND #00004 table=page_001130_table_1 lag=   0.9ms active=4
[   0.890s] SEND #00005 table=page_000758_table_21 lag=   1.3ms active=5
[   1.011s] SEND #00006 table=page_001202_table_3 lag=   2.0ms active=6
[   1.221s] SEND #00007 table=page_000636_table_5 lag=   1.4ms active=7
[   1.531s] SEND #00008 table=page_000254_table_box_id_4 lag=   0.8ms active=8
[   1.538s] RECV #00005 table=page_000758_table_21 request= 0.647s scheduled= 0.649s status=ok active=7
[   1.552s] SEND #00009 table=page_000178_table_box_id_1 lag=   2.0ms active=8
[   1.556s] SEND #00010 table=page_000220_table_box_id_7 lag=   0.5ms active=9
[   1.672s] RECV #00002 table=page_000256_table_box_id_1 request= 1.267s scheduled= 1.267s status=ok active=8
[   1.680s] RECV #00004 table=page_001130_table_1 request= 0.927s scheduled= 0.927s status=ok active=7
[   1.705s] RECV #00003 table=page_000918_table_6 request= 1.009s scheduled= 1.011s status=ok active=6
[   1.918s] SEND #00011 table=page_000505_table_1 lag=   1.1ms active=7
[   2.032s] SEND #00012 table=page_000418_table_3 lag=   1.2ms active=8
[   2.037s] RECV #00007 table=page_000636_table_5 request= 0.816s scheduled= 0.818s status=ok active=7
[   2.319s] SEND #00013 table=page_000266_table_box_id_7 lag=   1.0ms active=8
[   2.319s] SEND #00014 table=page_001375_table_4 lag=   1.2ms active=9
[   2.437s] SEND #00015 table=page_001158_table_3 lag=   0.4ms active=10
[   2.693s] SEND #00016 table=page_000930_table_7 lag=   1.0ms active=11
[   2.744s] SEND #00017 table=page_001198_table_8 lag=   0.3ms active=12
[   3.326s] SEND #00018 table=page_000434_table_15 lag=   0.9ms active=13
[   3.789s] SEND #00019 table=page_000534_table_4 lag=   1.1ms active=14
[   3.796s] SEND #00020 table=page_001161_table_3 lag=   1.0ms active=15
[   3.800s] SEND #00021 table=page_000566_table_3 lag=   0.3ms active=16
[   3.949s] RECV #00016 table=page_000930_table_7 request= 1.256s scheduled= 1.257s status=ok active=15
[   3.957s] SEND #00022 table=page_001200_table_2 lag=   1.0ms active=16
[   4.517s] SEND #00023 table=page_000246_table_box_id_6 lag=   1.1ms active=17
[   4.613s] SEND #00024 table=page_001193_table_4 lag=   1.2ms active=18
[   4.661s] SEND #00025 table=page_001270_table_box_id_1 lag=   0.6ms active=19
[   4.771s] SEND #00026 table=page_000592_table_3 lag=   1.1ms active=20
[   4.777s] SEND #00027 table=page_000494_table_7 lag=   0.8ms active=21
[   4.826s] SEND #00028 table=page_000535_table_1 lag=   0.5ms active=22
[   4.942s] SEND #00029 table=page_001186_table_5 lag=   0.4ms active=23
[   5.079s] SEND #00030 table=page_001375_table_31 lag=   0.7ms active=24
[   5.133s] SEND #00031 table=page_000218_table_box_id_4 lag=   1.6ms active=25
[   5.185s] SEND #00032 table=page_001368_table_box_id_278 lag=   1.1ms active=26
[   5.208s] RECV #00013 table=page_000266_table_box_id_7 request= 2.889s scheduled= 2.890s status=ok active=25
[   5.235s] SEND #00033 table=page_001180_table_15 lag=   1.9ms active=26
[   5.357s] SEND #00034 table=page_000266_table_box_id_9 lag=   0.9ms active=27
[   5.426s] SEND #00035 table=page_000762_table_5 lag=   1.6ms active=28
[   5.429s] SEND #00036 table=page_000499_table_0 lag=   0.2ms active=29
[   5.794s] SEND #00037 table=page_000642_table_8 lag=   1.1ms active=30
[   5.956s] SEND #00038 table=page_000659_table_5 lag=   0.7ms active=31
[   6.163s] SEND #00039 table=page_001128_table_2 lag=   2.2ms active=32
[   6.202s] SEND #00040 table=page_001176_table_4 lag=   0.4ms active=33
[   6.707s] RECV #00038 table=page_000659_table_5 request= 0.752s scheduled= 0.752s status=ok active=32
[   6.957s] RECV #00030 table=page_001375_table_31 request= 1.878s scheduled= 1.879s status=ok active=31
[   7.102s] RECV #00023 table=page_000246_table_box_id_6 request= 2.585s scheduled= 2.587s status=ok active=30
[   7.115s] RECV #00032 table=page_001368_table_box_id_278 request= 1.930s scheduled= 1.931s status=ok active=29
[   7.166s] RECV #00035 table=page_000762_table_5 request= 1.739s scheduled= 1.741s status=ok active=28
[   7.182s] SEND #00041 table=page_001154_table_10 lag=   0.4ms active=29
[   7.243s] RECV #00029 table=page_001186_table_5 request= 2.301s scheduled= 2.301s status=ok active=28
[   7.575s] SEND #00042 table=page_000467_table_17 lag=   0.3ms active=29
[   7.601s] SEND #00043 table=page_000647_table_3 lag=   0.5ms active=30
[   7.682s] SEND #00044 table=page_001493_table_box_id_13 lag=   0.3ms active=31
[   7.938s] SEND #00045 table=page_000605_table_3 lag=   0.5ms active=32
[   8.186s] SEND #00046 table=page_001117_table_box_id_17 lag=   1.0ms active=33
[   8.395s] RECV #00043 table=page_000647_table_3 request= 0.794s scheduled= 0.794s status=ok active=32
[   8.407s] RECV #00045 table=page_000605_table_3 request= 0.469s scheduled= 0.470s status=ok active=31
[   8.556s] RECV #00015 table=page_001158_table_3 request= 6.120s scheduled= 6.120s status=ok active=30
[   8.613s] RECV #00034 table=page_000266_table_box_id_9 request= 3.256s scheduled= 3.257s status=ok active=29
[   8.737s] SEND #00047 table=page_000509_table_0 lag=   0.8ms active=30
[   8.847s] SEND #00048 table=page_000565_table_1 lag=   0.7ms active=31
[   8.987s] RECV #00046 table=page_001117_table_box_id_17 request= 0.800s scheduled= 0.801s status=ok active=30
[   9.007s] RECV #00033 table=page_001180_table_15 request= 3.772s scheduled= 3.774s status=ok active=29
[   9.202s] SEND #00049 table=page_000841_table_22 lag=   1.1ms active=30
[   9.424s] SEND #00050 table=page_000922_table_12 lag=   1.1ms active=31
[   9.497s] SEND #00051 table=page_001169_table_11 lag=   1.9ms active=32
[   9.674s] SEND #00052 table=page_000287_table_box_id_8 lag=   1.7ms active=33
[  10.044s] RECV #00018 table=page_000434_table_15 request= 6.718s scheduled= 6.719s status=ok active=32
[  10.079s] RECV #00049 table=page_000841_table_22 request= 0.877s scheduled= 0.878s status=ok active=31
[  10.101s] SEND #00053 table=page_000246_table_box_id_6 lag=   0.8ms active=32
[  10.114s] RECV #00024 table=page_001193_table_4 request= 5.502s scheduled= 5.503s status=ok active=31
[  10.387s] RECV #00017 table=page_001198_table_8 request= 7.643s scheduled= 7.644s status=ok active=30
[  10.445s] RECV #00027 table=page_000494_table_7 request= 5.669s scheduled= 5.669s status=ok active=29
[  10.476s] SEND #00054 table=page_000737_table_6 lag=   1.0ms active=30
[  10.616s] SEND #00055 table=page_000250_table_box-stnne6dt lag=   0.6ms active=31
[  10.794s] SEND #00056 table=page_000647_table_6 lag=   0.9ms active=32
[  10.801s] SEND #00057 table=page_000652_table_2 lag=   0.6ms active=33
[  10.857s] SEND #00058 table=page_001367_table_70 lag=   0.8ms active=34
[  11.176s] SEND #00059 table=page_001368_table_box_id_163 lag=   0.6ms active=35
[  11.283s] SEND #00060 table=page_000468_table_1 lag=   0.6ms active=36
[  11.321s] SEND #00061 table=page_000838_table_4 lag=   0.3ms active=37
[  11.480s] SEND #00062 table=page_000665_table_3 lag=   1.0ms active=38
[  11.723s] SEND #00063 table=page_001595_table_box_id_14 lag=   1.1ms active=39
[  11.832s] RECV #00062 table=page_000665_table_3 request= 0.352s scheduled= 0.353s status=ok active=38
[  11.844s] RECV #00059 table=page_001368_table_box_id_163 request= 0.668s scheduled= 0.669s status=ok active=37
[  11.907s] RECV #00053 table=page_000246_table_box_id_6 request= 1.806s scheduled= 1.807s status=ok active=36
[  11.947s] SEND #00064 table=page_000818_table_1 lag=   0.6ms active=37
[  12.041s] SEND #00065 table=page_000937_table_0 lag=   0.9ms active=38
[  12.157s] SEND #00066 table=page_000222_table_box_id_1 lag=   1.0ms active=39
[  12.193s] RECV #00056 table=page_000647_table_6 request= 1.399s scheduled= 1.400s status=ok active=38
[  12.299s] SEND #00067 table=page_000744_table_11 lag=   1.3ms active=39
[  12.552s] RECV #00036 table=page_000499_table_0 request= 7.123s scheduled= 7.123s status=ok active=38
[  12.553s] RECV #00012 table=page_000418_table_3 request=10.521s scheduled=10.523s status=ok active=37
[  12.601s] SEND #00068 table=page_000284_table_box_id_0 lag=   1.1ms active=38
[  12.649s] RECV #00051 table=page_001169_table_11 request= 3.152s scheduled= 3.154s status=ok active=37
[  12.662s] RECV #00061 table=page_000838_table_4 request= 1.341s scheduled= 1.341s status=ok active=36
[  12.688s] RECV #00028 table=page_000535_table_1 request= 7.862s scheduled= 7.863s status=ok active=35
[  12.701s] RECV #00019 table=page_000534_table_4 request= 8.912s scheduled= 8.913s status=ok active=34
[  12.748s] SEND #00069 table=page_000266_table_box_id_1 lag=   0.8ms active=35
[  12.848s] SEND #00070 table=page_001368_table_box_id_271 lag=   0.9ms active=36
[  12.982s] SEND #00071 table=page_000467_table_17 lag=   0.4ms active=37
[  12.988s] SEND #00072 table=page_000737_table_0 lag=   0.5ms active=38
[  12.997s] SEND #00073 table=page_000526_table_7 lag=   0.5ms active=39
[  13.227s] RECV #00010 table=page_000220_table_box_id_7 request=11.670s scheduled=11.671s status=ok active=38
[  13.241s] SEND #00074 table=page_001011_table_30 lag=   2.1ms active=39
[  13.642s] RECV #00008 table=page_000254_table_box_id_4 request=12.111s scheduled=12.112s status=ok active=38
[  13.795s] RECV #00044 table=page_001493_table_box_id_13 request= 6.113s scheduled= 6.114s status=ok active=37
[  14.027s] RECV #00060 table=page_000468_table_1 request= 2.744s scheduled= 2.745s status=ok active=36
[  14.041s] RECV #00064 table=page_000818_table_1 request= 2.094s scheduled= 2.094s status=ok active=35
[  14.057s] SEND #00075 table=page_000246_table_box_id_11 lag=   1.1ms active=36
[  14.128s] RECV #00067 table=page_000744_table_11 request= 1.829s scheduled= 1.830s status=ok active=35
[  14.141s] RECV #00054 table=page_000737_table_6 request= 3.666s scheduled= 3.667s status=ok active=34
[  14.237s] SEND #00076 table=page_000676_table_2 lag=   0.7ms active=35
[  14.337s] SEND #00077 table=page_001368_table_box_id_268 lag=   0.5ms active=36
[  14.375s] SEND #00078 table=page_000190_table_box_id_0 lag=   1.0ms active=37
[  14.509s] RECV #00041 table=page_001154_table_10 request= 7.327s scheduled= 7.328s status=ok active=36
[  14.514s] SEND #00079 table=page_001368_table_box_id_227 lag=   0.5ms active=37
[  15.164s] RECV #00077 table=page_001368_table_box_id_268 request= 0.827s scheduled= 0.827s status=ok active=36
[  15.318s] SEND #00080 table=page_001134_table_9 lag=   0.6ms active=37
[  15.408s] RECV #00070 table=page_001368_table_box_id_271 request= 2.560s scheduled= 2.561s status=ok active=36
[  15.433s] RECV #00050 table=page_000922_table_12 request= 6.009s scheduled= 6.010s status=ok active=35
[  15.612s] SEND #00081 table=page_000591_table_3 lag=   0.5ms active=36
[  15.706s] RECV #00006 table=page_001202_table_3 request=14.695s scheduled=14.697s status=ok active=35
[  15.706s] RECV #00048 table=page_000565_table_1 request= 6.859s scheduled= 6.860s status=ok active=34
[  15.754s] RECV #00031 table=page_000218_table_box_id_4 request=10.622s scheduled=10.623s status=ok active=33
[  15.769s] SEND #00082 table=page_000210_table_box_id_4 lag=   2.0ms active=34
[  15.803s] RECV #00073 table=page_000526_table_7 request= 2.806s scheduled= 2.807s status=ok active=33
[  15.841s] RECV #00021 table=page_000566_table_3 request=12.041s scheduled=12.042s status=ok active=32
[  16.161s] SEND #00083 table=page_000649_table_8 lag=   0.7ms active=33
[  16.215s] SEND #00084 table=page_000289_table_box_id_4 lag=   1.9ms active=34
[  16.253s] RECV #00069 table=page_000266_table_box_id_1 request= 3.505s scheduled= 3.506s status=ok active=33
[  16.358s] SEND #00085 table=page_001190_table_8 lag=   0.8ms active=34
[  16.377s] RECV #00065 table=page_000937_table_0 request= 4.335s scheduled= 4.336s status=ok active=33
[  16.803s] RECV #00078 table=page_000190_table_box_id_0 request= 2.428s scheduled= 2.429s status=ok active=32
[  16.896s] RECV #00075 table=page_000246_table_box_id_11 request= 2.839s scheduled= 2.840s status=ok active=31
[  16.956s] RECV #00058 table=page_001367_table_70 request= 6.099s scheduled= 6.100s status=ok active=30
[  16.967s] SEND #00086 table=page_000211_table_box_id_3 lag=   0.3ms active=31
[  17.060s] RECV #00057 table=page_000652_table_2 request= 6.259s scheduled= 6.259s status=ok active=30
[  17.095s] RECV #00066 table=page_000222_table_box_id_1 request= 4.938s scheduled= 4.939s status=ok active=29
[  17.118s] RECV #00020 table=page_001161_table_3 request=13.323s scheduled=13.324s status=ok active=28
[  17.140s] SEND #00087 table=page_001182_table_3 lag=   0.6ms active=29
[  17.263s] SEND #00088 table=page_000242_table_box-mhg591pb lag=   0.7ms active=30
[  17.326s] SEND #00089 table=page_001274_table_4 lag=   1.0ms active=31
[  17.485s] SEND #00090 table=page_001177_table_2 lag=   0.9ms active=32
[  18.116s] SEND #00091 table=page_001202_table_3 lag=   1.8ms active=33
[  18.116s] SEND #00092 table=page_001158_table_3 lag=   1.2ms active=34
[  18.151s] RECV #00001 table=page_001375_table_1 request=18.121s scheduled=18.122s status=ok active=33
[  18.216s] RECV #00011 table=page_000505_table_1 request=16.298s scheduled=16.299s status=ok active=32
[  18.423s] SEND #00093 table=page_000641_table_8 lag=   2.4ms active=33
[  18.712s] RECV #00082 table=page_000210_table_box_id_4 request= 2.943s scheduled= 2.945s status=ok active=32
[  18.765s] SEND #00094 table=page_000657_table_6 lag=   0.8ms active=33
[  18.974s] RECV #00039 table=page_001128_table_2 request=12.812s scheduled=12.814s status=ok active=32
[  18.975s] RECV #00072 table=page_000737_table_0 request= 5.987s scheduled= 5.988s status=ok active=31
[  19.060s] RECV #00094 table=page_000657_table_6 request= 0.295s scheduled= 0.295s status=ok active=30
[  19.200s] SEND #00095 table=page_000626_table_box_id_4 lag=   1.2ms active=31
[  19.211s] RECV #00083 table=page_000649_table_8 request= 3.050s scheduled= 3.050s status=ok active=30
[  19.324s] RECV #00063 table=page_001595_table_box_id_14 request= 7.600s scheduled= 7.602s status=ok active=29
[  19.335s] RECV #00009 table=page_000178_table_box_id_1 request=17.783s scheduled=17.785s status=ok active=28
[  19.471s] SEND #00096 table=page_000829_table_4 lag=   2.0ms active=29
[  19.801s] SEND #00097 table=page_000468_table_11 lag=   1.1ms active=30
[  19.947s] SEND #00098 table=page_000434_table_16 lag=   1.0ms active=31
[  20.112s] SEND #00099 table=page_001175_table_2 lag=   0.3ms active=32
[  20.223s] SEND #00100 table=page_001230_table_box_id_1 lag=   0.6ms active=33
[  20.224s] RECV #00081 table=page_000591_table_3 request= 4.612s scheduled= 4.613s status=ok active=32
[  20.235s] SEND #00101 table=page_000628_table_14 lag=   1.1ms active=33
[  20.643s] SEND #00102 table=page_000632_table_0 lag=   1.2ms active=34
[  20.680s] RECV #00093 table=page_000641_table_8 request= 2.257s scheduled= 2.259s status=ok active=33
[  20.799s] RECV #00040 table=page_001176_table_4 request=14.596s scheduled=14.597s status=ok active=32
[  20.811s] SEND #00103 table=page_001142_table_13 lag=   0.6ms active=33
[  20.856s] SEND #00104 table=page_001480_table_4 lag=   1.0ms active=34
[  20.892s] RECV #00037 table=page_000642_table_8 request=15.098s scheduled=15.099s status=ok active=33
[  20.998s] SEND #00105 table=page_000920_table_3 lag=   1.8ms active=34
[  21.129s] SEND #00106 table=page_001522_table_8 lag=   0.4ms active=35
[  21.218s] SEND #00107 table=page_000425_table_3 lag=   1.4ms active=36
[  21.303s] SEND #00108 table=page_000287_table_box_id_1 lag=   1.2ms active=37
[  21.457s] SEND #00109 table=page_000823_table_8 lag=   1.1ms active=38
[  21.653s] SEND #00110 table=page_001211_table_7 lag=   0.8ms active=39
[  21.842s] SEND #00111 table=page_001159_table_5 lag=   0.4ms active=40
[  21.965s] SEND #00112 table=page_000835_table_2 lag=   1.2ms active=41
[  21.970s] SEND #00113 table=page_001368_table_box_id_252 lag=   0.5ms active=42
[  22.024s] SEND #00114 table=page_001367_table_66 lag=   2.2ms active=43
[  22.062s] SEND #00115 table=page_001129_table_8 lag=   1.1ms active=44
[  22.238s] SEND #00116 table=page_000518_table_11 lag=   1.8ms active=45
[  22.632s] SEND #00117 table=page_001125_table_3 lag=   0.6ms active=46
[  22.909s] RECV #00109 table=page_000823_table_8 request= 1.451s scheduled= 1.452s status=ok active=45
[  22.933s] RECV #00096 table=page_000829_table_4 request= 3.462s scheduled= 3.464s status=ok active=44
[  22.953s] SEND #00118 table=page_001137_table_9 lag=   1.6ms active=45
[  23.049s] RECV #00097 table=page_000468_table_11 request= 3.247s scheduled= 3.248s status=ok active=44
[  23.271s] SEND #00119 table=page_000221_table_box_id_3 lag=   0.7ms active=45
[  23.365s] RECV #00112 table=page_000835_table_2 request= 1.400s scheduled= 1.401s status=ok active=44
[  23.406s] RECV #00079 table=page_001368_table_box_id_227 request= 8.892s scheduled= 8.893s status=ok active=43
[  23.611s] SEND #00120 table=page_000526_table_4 lag=   1.1ms active=44
[  23.669s] SEND #00121 table=page_000300_table_1 lag=   0.4ms active=45
[  23.715s] RECV #00098 table=page_000434_table_16 request= 3.768s scheduled= 3.769s status=ok active=44
[  23.728s] RECV #00104 table=page_001480_table_4 request= 2.872s scheduled= 2.873s status=ok active=43
[  24.038s] SEND #00122 table=page_001195_table_7 lag=   0.7ms active=44
[  24.087s] RECV #00105 table=page_000920_table_3 request= 3.090s scheduled= 3.091s status=ok active=43
[  24.263s] SEND #00123 table=page_000465_table_5 lag=   2.3ms active=44
[  24.278s] SEND #00124 table=page_001368_table_box_id_266 lag=   0.3ms active=45
[  24.282s] SEND #00125 table=page_000938_table_5 lag=   0.7ms active=46
[  24.285s] SEND #00126 table=page_000821_table_box_id_14 lag=   0.9ms active=47
[  24.567s] SEND #00127 table=page_000918_table_5 lag=   1.1ms active=48
[  24.625s] SEND #00128 table=page_000428_table_6 lag=   0.9ms active=49
[  24.648s] SEND #00129 table=page_001207_table_4 lag=   0.8ms active=50
[  24.843s] SEND #00130 table=page_001140_table_12 lag=   0.3ms active=51
[  24.900s] RECV #00092 table=page_001158_table_3 request= 6.784s scheduled= 6.785s status=ok active=50
[  24.928s] SEND #00131 table=page_000226_table_box_id_5 lag=   0.4ms active=51
[  24.943s] SEND #00132 table=page_001398_table_box-l1p3lf8a lag=   1.1ms active=52
[  24.978s] SEND #00133 table=page_000844_table_6 lag=   1.1ms active=53
[  25.127s] SEND #00134 table=page_000941_table_1 lag=   0.5ms active=54
[  25.165s] SEND #00135 table=page_001432_table_20 lag=   2.1ms active=55
[  25.227s] SEND #00136 table=page_001147_table_10 lag=   0.3ms active=56
[  25.477s] SEND #00137 table=page_000248_table_box_id_1 lag=   1.0ms active=57
[  25.598s] SEND #00138 table=page_000267_table_box_id_1 lag=   0.9ms active=58
[  25.675s] SEND #00139 table=page_000447_table_12 lag=   0.7ms active=59
[  25.804s] SEND #00140 table=page_001230_table_box_id_3 lag=   0.5ms active=60
[  25.808s] SEND #00141 table=page_001129_table_11 lag=   0.6ms active=61
[  25.906s] SEND #00142 table=page_001219_table_box_id_1 lag=   0.8ms active=62
[  26.016s] SEND #00143 table=page_001129_table_10 lag=   0.9ms active=63
[  26.057s] SEND #00144 table=page_001184_table_6 lag=   0.4ms active=64
[  26.080s] SEND #00145 table=page_001164_table_9 lag=   0.6ms active=65
[  26.541s] SEND #00146 table=page_000921_table_2 lag=   1.2ms active=66
[  26.683s] SEND #00147 table=page_000634_table_1 lag=   0.9ms active=67
[  26.708s] RECV #00026 table=page_000592_table_3 request=21.937s scheduled=21.938s status=ok active=66
[  26.730s] SEND #00148 table=page_000515_table_7 lag=   0.7ms active=67
[  26.844s] RECV #00088 table=page_000242_table_box-mhg591pb request= 9.581s scheduled= 9.582s status=ok active=66
[  26.917s] SEND #00149 table=page_000841_table_22 lag=   1.7ms active=67
[  26.975s] RECV #00103 table=page_001142_table_13 request= 6.163s scheduled= 6.164s status=ok active=66
[  26.975s] RECV #00124 table=page_001368_table_box_id_266 request= 2.697s scheduled= 2.697s status=ok active=65
[  27.219s] RECV #00113 table=page_001368_table_box_id_252 request= 5.249s scheduled= 5.249s status=ok active=64
[  27.256s] SEND #00150 table=page_000838_table_1 lag=   0.9ms active=65
[  27.260s] SEND #00151 table=page_001137_table_2 lag=   0.6ms active=66
[  27.264s] SEND #00152 table=page_000237_table_box_id_3 lag=   0.8ms active=67
[  27.296s] SEND #00153 table=page_001026_table_box_id_25 lag=   1.2ms active=68
[  27.355s] RECV #00025 table=page_001270_table_box_id_1 request=22.694s scheduled=22.694s status=ok active=67
[  27.469s] RECV #00121 table=page_000300_table_1 request= 3.800s scheduled= 3.800s status=ok active=66
[  27.549s] SEND #00154 table=page_000792_table_25 lag=   1.1ms active=67
[  27.584s] SEND #00155 table=page_000500_table_5 lag=   1.1ms active=68
[  27.820s] RECV #00047 table=page_000509_table_0 request=19.083s scheduled=19.084s status=ok active=67
[  27.828s] SEND #00156 table=page_000201_table_box-w2ehqidz lag=   0.9ms active=68
[  28.004s] RECV #00116 table=page_000518_table_11 request= 5.766s scheduled= 5.767s status=ok active=67
[  28.054s] SEND #00157 table=page_000291_table_box_id_0 lag=   0.5ms active=68
[  28.155s] RECV #00110 table=page_001211_table_7 request= 6.503s scheduled= 6.504s status=ok active=67
[  28.212s] SEND #00158 table=page_001137_table_11 lag=   0.6ms active=68
[  28.262s] SEND #00159 table=page_000716_table_0 lag=   0.9ms active=69
[  28.347s] RECV #00149 table=page_000841_table_22 request= 1.430s scheduled= 1.432s status=ok active=68
[  28.347s] RECV #00126 table=page_000821_table_box_id_14 request= 4.062s scheduled= 4.063s status=ok active=67
[  28.597s] RECV #00042 table=page_000467_table_17 request=21.022s scheduled=21.022s status=ok active=66
[  28.802s] RECV #00087 table=page_001182_table_3 request=11.662s scheduled=11.663s status=ok active=65
[  29.005s] SEND #00160 table=page_000242_table_box-mhg591pb lag=   1.3ms active=66
[  29.014s] RECV #00144 table=page_001184_table_6 request= 2.957s scheduled= 2.957s status=ok active=65
[  29.163s] RECV #00127 table=page_000918_table_5 request= 4.596s scheduled= 4.597s status=ok active=64
[  29.325s] SEND #00161 table=page_000945_table_4 lag=   1.2ms active=65
[  29.358s] RECV #00135 table=page_001432_table_20 request= 4.193s scheduled= 4.195s status=ok active=64
[  29.443s] RECV #00086 table=page_000211_table_box_id_3 request=12.475s scheduled=12.476s status=ok active=63
[  29.457s] RECV #00154 table=page_000792_table_25 request= 1.908s scheduled= 1.909s status=ok active=62
[  29.469s] SEND #00162 table=page_001035_table_28 lag=   0.7ms active=63
[  29.520s] SEND #00163 table=page_001219_table_box_id_4 lag=   1.2ms active=64
[  29.731s] SEND #00164 table=page_001149_table_0 lag=   2.3ms active=65
[  29.830s] SEND #00165 table=page_000266_table_box_id_9 lag=   1.2ms active=66
[  29.871s] RECV #00132 table=page_001398_table_box-l1p3lf8a request= 4.928s scheduled= 4.929s status=ok active=65
[  29.888s] RECV #00100 table=page_001230_table_box_id_1 request= 9.665s scheduled= 9.666s status=ok active=64
[  29.900s] RECV #00090 table=page_001177_table_2 request=12.416s scheduled=12.416s status=ok active=63
[  30.001s] SEND #00166 table=page_001367_table_50 lag=   0.5ms active=64
[  30.079s] SEND #00167 table=page_000532_table_5 lag=   1.0ms active=65
[  30.278s] SEND #00168 table=page_000252_table_box_id_1 lag=   0.8ms active=66
[  30.288s] RECV #00101 table=page_000628_table_14 request=10.053s scheduled=10.055s status=ok active=65
[  30.290s] SEND #00169 table=page_001367_table_50 lag=   0.6ms active=66
[  30.361s] SEND #00170 table=page_000010_table_box_id_1 lag=   0.4ms active=67
[  30.408s] RECV #00150 table=page_000838_table_1 request= 3.152s scheduled= 3.153s status=ok active=66
[  30.534s] RECV #00128 table=page_000428_table_6 request= 5.909s scheduled= 5.910s status=ok active=65
[  30.534s] RECV #00140 table=page_001230_table_box_id_3 request= 4.731s scheduled= 4.731s status=ok active=64
[  30.678s] RECV #00074 table=page_001011_table_30 request=17.437s scheduled=17.439s status=ok active=63
[  30.927s] RECV #00125 table=page_000938_table_5 request= 6.644s scheduled= 6.645s status=ok active=62
[  31.012s] RECV #00146 table=page_000921_table_2 request= 4.471s scheduled= 4.472s status=ok active=61
[  31.050s] SEND #00171 table=page_001124_table_17 lag=   1.4ms active=62
[  31.084s] RECV #00120 table=page_000526_table_4 request= 7.473s scheduled= 7.474s status=ok active=61
[  31.099s] RECV #00159 table=page_000716_table_0 request= 2.837s scheduled= 2.838s status=ok active=60
[  31.292s] RECV #00022 table=page_001200_table_2 request=27.335s scheduled=27.337s status=ok active=59
[  31.466s] SEND #00172 table=page_001367_table_68 lag=   1.2ms active=60
[  31.540s] SEND #00173 table=page_001125_table_4 lag=   2.1ms active=61
[  31.812s] RECV #00085 table=page_001190_table_8 request=15.453s scheduled=15.454s status=ok active=60
[  31.912s] RECV #00131 table=page_000226_table_box_id_5 request= 6.984s scheduled= 6.985s status=ok active=59
[  31.929s] SEND #00174 table=page_000284_table_box_id_0 lag=   0.2ms active=60
[  31.972s] RECV #00117 table=page_001125_table_3 request= 9.340s scheduled= 9.340s status=ok active=59
[  32.001s] RECV #00130 table=page_001140_table_12 request= 7.158s scheduled= 7.158s status=ok active=58
[  32.004s] SEND #00175 table=page_000211_table_box_id_3 lag=   0.9ms active=59
[  32.282s] RECV #00133 table=page_000844_table_6 request= 7.304s scheduled= 7.305s status=ok active=58
[  32.544s] RECV #00106 table=page_001522_table_8 request=11.415s scheduled=11.415s status=ok active=57
[  32.564s] SEND #00176 table=page_001137_table_4 lag=   0.4ms active=58
[  32.600s] RECV #00134 table=page_000941_table_1 request= 7.473s scheduled= 7.474s status=ok active=57
[  32.838s] SEND #00177 table=page_000715_table_2 lag=   1.7ms active=58
[  32.945s] SEND #00178 table=page_000921_table_8 lag=   1.6ms active=59
[  33.003s] SEND #00179 table=page_000236_table_box_id_5 lag=   0.5ms active=60
[  33.005s] SEND #00180 table=page_001131_table_15 lag=   0.9ms active=61
[  33.426s] SEND #00181 table=page_001197_table_4 lag=   0.9ms active=62
[  33.434s] SEND #00182 table=page_000420_table_0 lag=   0.2ms active=63
[  33.444s] RECV #00129 table=page_001207_table_4 request= 8.797s scheduled= 8.797s status=ok active=62
[  33.529s] RECV #00111 table=page_001159_table_5 request=11.687s scheduled=11.688s status=ok active=61
[  33.695s] RECV #00165 table=page_000266_table_box_id_9 request= 3.865s scheduled= 3.866s status=ok active=60
[  33.776s] SEND #00183 table=page_000900_table_4 lag=   0.5ms active=61
[  33.880s] RECV #00139 table=page_000447_table_12 request= 8.205s scheduled= 8.205s status=ok active=60
[  34.039s] RECV #00123 table=page_000465_table_5 request= 9.776s scheduled= 9.778s status=ok active=59
[  34.209s] RECV #00148 table=page_000515_table_7 request= 7.479s scheduled= 7.480s status=ok active=58
[  34.310s] RECV #00076 table=page_000676_table_2 request=20.073s scheduled=20.074s status=ok active=57
[  34.431s] SEND #00184 table=page_001272_table_1 lag=   0.3ms active=58
[  34.451s] RECV #00170 table=page_000010_table_box_id_1 request= 4.090s scheduled= 4.090s status=ok active=57
[  34.493s] RECV #00183 table=page_000900_table_4 request= 0.717s scheduled= 0.717s status=ok active=56
[  34.510s] RECV #00071 table=page_000467_table_17 request=21.529s scheduled=21.529s status=ok active=55
[  34.539s] RECV #00167 table=page_000532_table_5 request= 4.460s scheduled= 4.461s status=ok active=54
[  34.567s] RECV #00114 table=page_001367_table_66 request=12.543s scheduled=12.545s status=ok active=53
[  34.598s] RECV #00080 table=page_001134_table_9 request=19.280s scheduled=19.280s status=ok active=52
[  34.601s] SEND #00185 table=page_001215_table_5 lag=   0.9ms active=53
[  34.638s] SEND #00186 table=page_001404_table_7 lag=   0.8ms active=54
[  34.639s] RECV #00178 table=page_000921_table_8 request= 1.693s scheduled= 1.695s status=ok active=53
[  34.741s] RECV #00177 table=page_000715_table_2 request= 1.903s scheduled= 1.905s status=ok active=52
[  35.042s] SEND #00187 table=page_000254_table_box_id_4 lag=   0.5ms active=53
[  35.154s] RECV #00055 table=page_000250_table_box-stnne6dt request=24.538s scheduled=24.538s status=ok active=52
[  35.155s] RECV #00161 table=page_000945_table_4 request= 5.830s scheduled= 5.831s status=ok active=51
[  35.165s] RECV #00163 table=page_001219_table_box_id_4 request= 5.644s scheduled= 5.645s status=ok active=50
[  35.231s] RECV #00099 table=page_001175_table_2 request=15.119s scheduled=15.120s status=ok active=49
[  35.767s] RECV #00147 table=page_000634_table_1 request= 9.084s scheduled= 9.085s status=ok active=48
[  35.771s] SEND #00188 table=page_000495_table_9 lag=   0.6ms active=49
[  35.838s] RECV #00153 table=page_001026_table_box_id_25 request= 8.542s scheduled= 8.543s status=ok active=48
[  35.893s] RECV #00014 table=page_001375_table_4 request=33.573s scheduled=33.575s status=ok active=47
[  36.015s] SEND #00189 table=page_000214_table_box_id_6 lag=   1.1ms active=48
[  36.028s] RECV #00137 table=page_000248_table_box_id_1 request=10.552s scheduled=10.553s status=ok active=47
[  36.093s] RECV #00119 table=page_000221_table_box_id_3 request=12.822s scheduled=12.823s status=ok active=46
[  36.107s] RECV #00180 table=page_001131_table_15 request= 3.102s scheduled= 3.103s status=ok active=45
[  36.157s] SEND #00190 table=page_000743_table_4 lag=   1.0ms active=46
[  36.252s] SEND #00191 table=page_001186_table_10 lag=   0.9ms active=47
[  36.337s] SEND #00192 table=page_001368_table_box_id_252 lag=   0.8ms active=48
[  36.383s] SEND #00193 table=page_001152_table_0 lag=   0.6ms active=49
[  36.486s] RECV #00160 table=page_000242_table_box-mhg591pb request= 7.481s scheduled= 7.482s status=ok active=48
[  36.607s] SEND #00194 table=page_000766_table_2 lag=   0.3ms active=49
[  36.721s] SEND #00195 table=page_000715_table_14 lag=   0.7ms active=50
[  36.764s] SEND #00196 table=page_001636_table_1 lag=   0.5ms active=51
[  36.786s] SEND #00197 table=page_001082_table_23 lag=   0.9ms active=52
[  37.005s] SEND #00198 table=page_000658_table_32 lag=   1.0ms active=53
[  37.075s] SEND #00199 table=page_000266_table_box_id_3 lag=   0.8ms active=54
[  37.213s] SEND #00200 table=page_000626_table_box_id_1 lag=   0.3ms active=55
[  37.293s] SEND #00201 table=page_000528_table_7 lag=   0.8ms active=56
[  37.704s] SEND #00202 table=page_001168_table_0 lag=   1.7ms active=57
[  37.802s] RECV #00198 table=page_000658_table_32 request= 0.797s scheduled= 0.798s status=ok active=56
[  37.802s] RECV #00156 table=page_000201_table_box-w2ehqidz request= 9.974s scheduled= 9.975s status=ok active=55
[  37.826s] RECV #00091 table=page_001202_table_3 request=19.711s scheduled=19.713s status=ok active=54
[  37.839s] RECV #00171 table=page_001124_table_17 request= 6.790s scheduled= 6.791s status=ok active=53
[  38.073s] RECV #00182 table=page_000420_table_0 request= 4.639s scheduled= 4.640s status=ok active=52
[  38.163s] SEND #00203 table=page_000465_table_8 lag=   0.3ms active=53
[  38.167s] SEND #00204 table=page_001493_table_box_id_19 lag=   0.7ms active=54
[  38.176s] RECV #00190 table=page_000743_table_4 request= 2.019s scheduled= 2.020s status=ok active=53
[  38.176s] RECV #00195 table=page_000715_table_14 request= 1.455s scheduled= 1.456s status=ok active=52
[  38.211s] SEND #00205 table=page_000814_table_0 lag=   0.5ms active=53
[  38.291s] SEND #00206 table=page_000286_table_box_id_1 lag=   1.0ms active=54
[  38.370s] RECV #00199 table=page_000266_table_box_id_3 request= 1.295s scheduled= 1.296s status=ok active=53
[  38.399s] RECV #00179 table=page_000236_table_box_id_5 request= 5.396s scheduled= 5.397s status=ok active=52
[  38.415s] RECV #00158 table=page_001137_table_11 request=10.204s scheduled=10.204s status=ok active=51
[  38.416s] RECV #00164 table=page_001149_table_0 request= 8.685s scheduled= 8.687s status=ok active=50
[  39.147s] RECV #00201 table=page_000528_table_7 request= 1.854s scheduled= 1.855s status=ok active=49
[  39.161s] SEND #00207 table=page_001368_table_box_id_271 lag=   1.6ms active=50
[  39.462s] RECV #00143 table=page_001129_table_10 request=13.447s scheduled=13.448s status=ok active=49
[  39.465s] SEND #00208 table=page_000915_table_2 lag=   0.2ms active=50
[  39.492s] RECV #00162 table=page_001035_table_28 request=10.023s scheduled=10.024s status=ok active=49
[  39.534s] RECV #00107 table=page_000425_table_3 request=18.316s scheduled=18.317s status=ok active=48
[  39.549s] SEND #00209 table=page_000206_table_box_id_1 lag=   1.3ms active=49
[  39.596s] SEND #00210 table=page_000246_table_box_id_14 lag=   0.2ms active=50
[  39.821s] SEND #00211 table=page_000235_table_box_id_16 lag=   0.6ms active=51
[  40.084s] RECV #00108 table=page_000287_table_box_id_1 request=18.781s scheduled=18.782s status=ok active=50
[  40.131s] RECV #00186 table=page_001404_table_7 request= 5.493s scheduled= 5.493s status=ok active=49
[  40.131s] RECV #00141 table=page_001129_table_11 request=14.323s scheduled=14.323s status=ok active=48
[  40.185s] SEND #00212 table=page_000307_table_2 lag=   1.1ms active=49
[  40.228s] RECV #00205 table=page_000814_table_0 request= 2.016s scheduled= 2.017s status=ok active=48
[  40.311s] RECV #00192 table=page_001368_table_box_id_252 request= 3.974s scheduled= 3.975s status=ok active=47
[  40.390s] RECV #00208 table=page_000915_table_2 request= 0.925s scheduled= 0.925s status=ok active=46
[  40.723s] SEND #00213 table=page_001121_table_7 lag=   0.6ms active=47
[  40.795s] RECV #00166 table=page_001367_table_50 request=10.794s scheduled=10.795s status=ok active=46
[  40.807s] SEND #00214 table=page_000824_table_0 lag=   0.6ms active=47
[  40.824s] RECV #00204 table=page_001493_table_box_id_19 request= 2.657s scheduled= 2.658s status=ok active=46
[  40.824s] RECV #00168 table=page_000252_table_box_id_1 request=10.546s scheduled=10.547s status=ok active=45
[  41.092s] RECV #00169 table=page_001367_table_50 request=10.802s scheduled=10.802s status=ok active=44
[  41.120s] RECV #00191 table=page_001186_table_10 request= 4.868s scheduled= 4.869s status=ok active=43
[  41.235s] SEND #00215 table=page_000647_table_4 lag=   0.9ms active=44
[  41.468s] SEND #00216 table=page_000922_table_12 lag=   0.9ms active=45
[  41.539s] RECV #00173 table=page_001125_table_4 request= 9.999s scheduled=10.001s status=ok active=44
[  41.552s] RECV #00175 table=page_000211_table_box_id_3 request= 9.548s scheduled= 9.549s status=ok active=43
[  41.566s] RECV #00215 table=page_000647_table_4 request= 0.330s scheduled= 0.331s status=ok active=42
[  41.600s] SEND #00217 table=page_001595_table_box_id_9 lag=   1.0ms active=43
[  41.625s] RECV #00207 table=page_001368_table_box_id_271 request= 2.464s scheduled= 2.465s status=ok active=42
[  41.935s] RECV #00172 table=page_001367_table_68 request=10.469s scheduled=10.470s status=ok active=41
[  42.061s] RECV #00210 table=page_000246_table_box_id_14 request= 2.466s scheduled= 2.466s status=ok active=40
[  42.421s] RECV #00196 table=page_001636_table_1 request= 5.658s scheduled= 5.658s status=ok active=39
[  42.447s] SEND #00218 table=page_000652_table_0 lag=   1.2ms active=40
[  42.459s] RECV #00217 table=page_001595_table_box_id_9 request= 0.859s scheduled= 0.860s status=ok active=39
[  42.500s] SEND #00219 table=page_000918_table_6 lag=   0.6ms active=40
[  42.523s] RECV #00197 table=page_001082_table_23 request= 5.737s scheduled= 5.738s status=ok active=39
[  42.759s] SEND #00220 table=page_000702_table_5 lag=   0.8ms active=40
[  42.777s] SEND #00221 table=page_001368_table_box_id_242 lag=   1.0ms active=41
[  42.814s] SEND #00222 table=page_000760_table_1 lag=   1.5ms active=42
[  43.178s] RECV #00151 table=page_001137_table_2 request=15.918s scheduled=15.918s status=ok active=41
[  43.229s] RECV #00176 table=page_001137_table_4 request=10.665s scheduled=10.665s status=ok active=40
[  43.298s] SEND #00223 table=page_000785_table_7 lag=   1.1ms active=41
[  43.345s] SEND #00224 table=page_001189_table_box_id_3 lag=   0.2ms active=42
[  43.631s] SEND #00225 table=page_000626_table_box_id_4 lag=   1.7ms active=43
[  43.813s] SEND #00226 table=page_001232_table_box_id_1 lag=   0.6ms active=44
[  44.053s] RECV #00115 table=page_001129_table_8 request=21.992s scheduled=21.993s status=ok active=43
[  44.117s] RECV #00211 table=page_000235_table_box_id_16 request= 4.296s scheduled= 4.297s status=ok active=42
[  44.182s] SEND #00227 table=page_000932_table_3 lag=   1.0ms active=43
[  44.207s] RECV #00219 table=page_000918_table_6 request= 1.706s scheduled= 1.707s status=ok active=42
[  44.273s] SEND #00228 table=page_000250_table_box-stnne6dt lag=   0.6ms active=43
[  44.315s] RECV #00213 table=page_001121_table_7 request= 3.592s scheduled= 3.593s status=ok active=42
[  44.356s] SEND #00229 table=page_000253_table_box_id_7 lag=   0.5ms active=43
[  44.425s] SEND #00230 table=page_001367_table_70 lag=   0.7ms active=44
[  44.830s] SEND #00231 table=page_000285_table_box_id_1 lag=   1.1ms active=45
[  44.849s] RECV #00203 table=page_000465_table_8 request= 6.686s scheduled= 6.686s status=ok active=44
[  44.895s] RECV #00220 table=page_000702_table_5 request= 2.136s scheduled= 2.137s status=ok active=43
[  45.015s] SEND #00232 table=page_000665_table_7 lag=   1.6ms active=44
[  45.030s] RECV #00222 table=page_000760_table_1 request= 2.215s scheduled= 2.217s status=ok active=43
[  45.382s] RECV #00218 table=page_000652_table_0 request= 2.935s scheduled= 2.936s status=ok active=42
[  45.520s] RECV #00232 table=page_000665_table_7 request= 0.504s scheduled= 0.506s status=ok active=41
[  45.557s] RECV #00223 table=page_000785_table_7 request= 2.259s scheduled= 2.260s status=ok active=40
[  45.632s] SEND #00233 table=page_000266_table_box_id_5 lag=   0.6ms active=41
[  46.029s] RECV #00221 table=page_001368_table_box_id_242 request= 3.252s scheduled= 3.253s status=ok active=40
[  46.068s] SEND #00234 table=page_000256_table_box_id_3 lag=   0.5ms active=41
[  46.081s] RECV #00209 table=page_000206_table_box_id_1 request= 6.532s scheduled= 6.533s status=ok active=40
[  46.097s] SEND #00235 table=page_000509_table_0 lag=   0.7ms active=41
[  46.104s] RECV #00187 table=page_000254_table_box_id_4 request=11.062s scheduled=11.062s status=ok active=40
[  46.148s] RECV #00152 table=page_000237_table_box_id_3 request=18.885s scheduled=18.885s status=ok active=39
[  46.257s] SEND #00236 table=page_001432_table_20 lag=   0.4ms active=40
[  46.279s] SEND #00237 table=page_000519_table_8 lag=   0.3ms active=41
[  46.287s] SEND #00238 table=page_001175_table_2 lag=   0.2ms active=42
[  46.303s] SEND #00239 table=page_000647_table_2 lag=   0.9ms active=43
[  46.705s] SEND #00240 table=page_001181_table_6 lag=   0.7ms active=44
[  46.994s] RECV #00202 table=page_001168_table_0 request= 9.290s scheduled= 9.291s status=ok active=43
[  47.015s] SEND #00241 table=page_001147_table_8 lag=   0.8ms active=44
[  47.260s] RECV #00216 table=page_000922_table_12 request= 5.793s scheduled= 5.793s status=ok active=43
[  47.368s] SEND #00242 table=page_001368_table_box_id_280 lag=   0.5ms active=44
[  47.452s] SEND #00243 table=page_001637_table_5 lag=   1.1ms active=45
[  47.643s] SEND #00244 table=page_001276_table_2 lag=   1.2ms active=46
[  47.683s] RECV #00239 table=page_000647_table_2 request= 1.381s scheduled= 1.381s status=ok active=45
[  47.780s] RECV #00242 table=page_001368_table_box_id_280 request= 0.412s scheduled= 0.413s status=ok active=44
[  47.846s] RECV #00214 table=page_000824_table_0 request= 7.040s scheduled= 7.040s status=ok active=43
[  47.947s] SEND #00245 table=page_001225_table_14 lag=   0.9ms active=44
[  48.042s] SEND #00246 table=page_001231_table_5 lag=   1.1ms active=45
[  48.211s] SEND #00247 table=page_000496_table_3 lag=   0.4ms active=46
[  48.230s] RECV #00227 table=page_000932_table_3 request= 4.049s scheduled= 4.050s status=ok active=45
[  48.262s] SEND #00248 table=page_000210_table_box_id_4 lag=   0.9ms active=46
[  48.279s] SEND #00249 table=page_000918_table_5 lag=   0.7ms active=47
[  48.341s] SEND #00250 table=page_000253_table_box_id_2 lag=   0.6ms active=48
[  48.666s] RECV #00229 table=page_000253_table_box_id_7 request= 4.310s scheduled= 4.311s status=ok active=47
[  48.784s] SEND #00251 table=page_000286_table_box_id_1 lag=   1.1ms active=48
[  48.874s] RECV #00243 table=page_001637_table_5 request= 1.422s scheduled= 1.423s status=ok active=47
[  48.950s] SEND #00252 table=page_001403_table_9 lag=   1.1ms active=48
[  49.454s] RECV #00236 table=page_001432_table_20 request= 3.197s scheduled= 3.197s status=ok active=47
[  49.469s] SEND #00253 table=page_000640_table_8 lag=   1.2ms active=48
[  49.588s] RECV #00155 table=page_000500_table_5 request=22.004s scheduled=22.005s status=ok active=47
[  49.590s] SEND #00254 table=page_000545_table_14 lag=   0.1ms active=48
[  49.656s] SEND #00255 table=page_000243_table_box-xkm41jlm lag=   1.1ms active=49
[  49.965s] SEND #00256 table=page_000223_table_box_id_4 lag=   1.0ms active=50
[  50.289s] RECV #00233 table=page_000266_table_box_id_5 request= 4.657s scheduled= 4.658s status=ok active=49
[  50.316s] SEND #00257 table=page_000240_table_box_id_9 lag=   0.5ms active=50
[  50.319s] SEND #00258 table=page_000206_table_box_id_1 lag=   1.0ms active=51
[  50.355s] RECV #00224 table=page_001189_table_box_id_3 request= 7.010s scheduled= 7.011s status=ok active=50
[  50.541s] SEND #00259 table=page_000649_table_8 lag=   0.6ms active=51
[  50.561s] SEND #00260 table=page_000946_table_14 lag=   1.4ms active=52
[  50.585s] SEND #00261 table=page_000268_table_box_id_6 lag=   0.9ms active=53
[  51.017s] SEND #00262 table=page_000763_table_2 lag=   0.6ms active=54
[  51.025s] SEND #00263 table=page_001368_table_box_id_227 lag=   0.3ms active=55
[  51.066s] RECV #00188 table=page_000495_table_9 request=15.295s scheduled=15.296s status=ok active=54
[  51.081s] SEND #00264 table=page_000715_table_2 lag=   1.2ms active=55
[  51.436s] RECV #00122 table=page_001195_table_7 request=27.398s scheduled=27.398s status=ok active=54
[  51.464s] RECV #00136 table=page_001147_table_10 request=26.236s scheduled=26.237s status=ok active=53
[  51.591s] RECV #00249 table=page_000918_table_5 request= 3.312s scheduled= 3.313s status=ok active=52
[  51.723s] RECV #00181 table=page_001197_table_4 request=18.297s scheduled=18.298s status=ok active=51
[  51.724s] RECV #00230 table=page_001367_table_70 request= 7.299s scheduled= 7.299s status=ok active=50
[  51.737s] RECV #00256 table=page_000223_table_box_id_4 request= 1.772s scheduled= 1.773s status=ok active=49
[  51.832s] RECV #00226 table=page_001232_table_box_id_1 request= 8.019s scheduled= 8.020s status=ok active=48
[  51.939s] RECV #00262 table=page_000763_table_2 request= 0.921s scheduled= 0.922s status=ok active=47
[  51.967s] SEND #00265 table=page_001199_table_15 lag=   0.3ms active=48
[  52.076s] SEND #00266 table=page_001172_table_16 lag=   0.3ms active=49
[  52.102s] SEND #00267 table=page_001166_table_9 lag=   0.9ms active=50
[  52.108s] RECV #00118 table=page_001137_table_9 request=29.155s scheduled=29.157s status=ok active=49
[  52.109s] RECV #00189 table=page_000214_table_box_id_6 request=16.094s scheduled=16.095s status=ok active=48
[  52.138s] SEND #00268 table=page_001178_table_0 lag=   0.3ms active=49
[  52.194s] SEND #00269 table=page_001403_table_9 lag=   1.2ms active=50
[  52.466s] SEND #00270 table=page_000542_table_0 lag=   0.9ms active=51
[  52.487s] SEND #00271 table=page_000447_table_12 lag=   0.4ms active=52
[  52.500s] RECV #00248 table=page_000210_table_box_id_4 request= 4.238s scheduled= 4.239s status=ok active=51
[  52.972s] SEND #00272 table=page_001432_table_3 lag=   1.6ms active=52
[  53.066s] SEND #00273 table=page_001011_table_30 lag=   0.6ms active=53
[  53.517s] RECV #00264 table=page_000715_table_2 request= 2.436s scheduled= 2.438s status=ok active=52
[  53.625s] RECV #00234 table=page_000256_table_box_id_3 request= 7.557s scheduled= 7.557s status=ok active=51
[  53.625s] RECV #00245 table=page_001225_table_14 request= 5.678s scheduled= 5.679s status=ok active=50
[  53.691s] RECV #00252 table=page_001403_table_9 request= 4.741s scheduled= 4.742s status=ok active=49
[  53.769s] SEND #00274 table=page_000933_table_10 lag=   1.1ms active=50
[  53.827s] RECV #00260 table=page_000946_table_14 request= 3.266s scheduled= 3.267s status=ok active=49
[  53.853s] RECV #00254 table=page_000545_table_14 request= 4.263s scheduled= 4.263s status=ok active=48
[  54.217s] RECV #00237 table=page_000519_table_8 request= 7.938s scheduled= 7.938s status=ok active=47
[  54.248s] SEND #00275 table=page_000519_table_1 lag=   0.3ms active=48
[  54.318s] SEND #00276 table=page_001197_table_3 lag=   0.7ms active=49
[  54.377s] SEND #00277 table=page_000832_table_4 lag=   0.6ms active=50
[  54.389s] RECV #00259 table=page_000649_table_8 request= 3.848s scheduled= 3.849s status=ok active=49
[  54.455s] RECV #00272 table=page_001432_table_3 request= 1.483s scheduled= 1.484s status=ok active=48
[  54.470s] RECV #00255 table=page_000243_table_box-xkm41jlm request= 4.814s scheduled= 4.815s status=ok active=47
[  54.507s] SEND #00278 table=page_000683_table_5 lag=   1.5ms active=48
[  54.527s] SEND #00279 table=page_000927_table_2 lag=   0.2ms active=49
[  54.739s] SEND #00280 table=page_001156_table_6 lag=   1.3ms active=50
[  54.747s] SEND #00281 table=page_000660_table_4 lag=   0.4ms active=51
[  54.749s] SEND #00282 table=page_000205_table_box_id_13 lag=   0.9ms active=52
[  55.560s] SEND #00283 table=page_000503_table_1 lag=   1.3ms active=53
[  55.629s] SEND #00284 table=page_000532_table_5 lag=   0.3ms active=54
[  55.811s] SEND #00285 table=page_000276_table_box_id_5 lag=   0.9ms active=55
[  55.931s] SEND #00286 table=page_000683_table_8 lag=   1.7ms active=56
[  56.005s] SEND #00287 table=page_000665_table_7 lag=   0.6ms active=57
[  56.018s] SEND #00288 table=page_001356_table_3 lag=   0.6ms active=58
[  56.508s] SEND #00289 table=page_001368_table_box_id_161 lag=   1.5ms active=59
[  56.562s] RECV #00102 table=page_000632_table_0 request=35.919s scheduled=35.921s status=ok active=58
[  56.777s] RECV #00269 table=page_001403_table_9 request= 4.584s scheduled= 4.585s status=ok active=57
[  56.795s] RECV #00261 table=page_000268_table_box_id_6 request= 6.210s scheduled= 6.211s status=ok active=56
[  56.795s] RECV #00274 table=page_000933_table_10 request= 3.026s scheduled= 3.027s status=ok active=55
[  56.809s] RECV #00287 table=page_000665_table_7 request= 0.804s scheduled= 0.805s status=ok active=54
[  56.839s] RECV #00278 table=page_000683_table_5 request= 2.331s scheduled= 2.333s status=ok active=53
[  57.015s] RECV #00281 table=page_000660_table_4 request= 2.268s scheduled= 2.269s status=ok active=52
[  57.044s] RECV #00267 table=page_001166_table_9 request= 4.943s scheduled= 4.944s status=ok active=51
[  57.086s] RECV #00138 table=page_000267_table_box_id_1 request=31.488s scheduled=31.489s status=ok active=50
[  57.138s] RECV #00277 table=page_000832_table_4 request= 2.761s scheduled= 2.761s status=ok active=49
[  57.208s] SEND #00290 table=page_000451_table_7 lag=   1.0ms active=50
[  57.259s] RECV #00286 table=page_000683_table_8 request= 1.328s scheduled= 1.330s status=ok active=49
[  57.697s] RECV #00068 table=page_000284_table_box_id_0 request=45.096s scheduled=45.097s status=ok active=48
[  57.719s] RECV #00257 table=page_000240_table_box_id_9 request= 7.402s scheduled= 7.403s status=ok active=47
[  57.732s] RECV #00194 table=page_000766_table_2 request=21.126s scheduled=21.126s status=ok active=46
[  57.798s] RECV #00250 table=page_000253_table_box_id_2 request= 9.457s scheduled= 9.458s status=ok active=45
[  57.908s] SEND #00291 table=page_000205_table_box_id_11 lag=   0.8ms active=46
[  57.931s] SEND #00292 table=page_001357_table_3 lag=   0.2ms active=47
[  57.980s] SEND #00293 table=page_000696_table_0 lag=   0.5ms active=48
[  58.022s] RECV #00212 table=page_000307_table_2 request=17.837s scheduled=17.838s status=ok active=47
[  58.061s] RECV #00266 table=page_001172_table_16 request= 5.984s scheduled= 5.984s status=ok active=46
[  58.172s] SEND #00294 table=page_000222_table_box_id_3 lag=   0.9ms active=47
[  58.679s] RECV #00279 table=page_000927_table_2 request= 4.152s scheduled= 4.152s status=ok active=46
[  58.758s] RECV #00258 table=page_000206_table_box_id_1 request= 8.439s scheduled= 8.440s status=ok active=45
[  58.772s] RECV #00271 table=page_000447_table_12 request= 6.285s scheduled= 6.285s status=ok active=44
[  58.954s] SEND #00295 table=page_000266_table_box_id_11 lag=   0.4ms active=45
[  58.971s] RECV #00265 table=page_001199_table_15 request= 7.003s scheduled= 7.004s status=ok active=44
[  59.110s] SEND #00296 table=page_000259_table_box_id_1 lag=   0.3ms active=45
[  59.174s] RECV #00288 table=page_001356_table_3 request= 3.156s scheduled= 3.157s status=ok active=44
[  59.344s] SEND #00297 table=page_001184_table_10 lag=   0.9ms active=45
[  59.561s] SEND #00298 table=page_000742_table_5 lag=   1.1ms active=46
[  59.573s] RECV #00238 table=page_001175_table_2 request=13.286s scheduled=13.286s status=ok active=45
[  59.621s] SEND #00299 table=page_001166_table_5 lag=   0.8ms active=46
[  59.739s] RECV #00284 table=page_000532_table_5 request= 4.110s scheduled= 4.111s status=ok active=45
[  59.776s] SEND #00300 table=page_000270_table_box_id_0 lag=   0.6ms active=46
[  59.851s] SEND #00301 table=page_000295_table_box_id_1 lag=   1.8ms active=47
[  59.906s] SEND #00302 table=page_000934_table_1 lag=   0.2ms active=48
[  59.923s] SEND #00303 table=page_000200_table_box_id_2 lag=   0.3ms active=49
[  59.989s] SEND #00304 table=page_001121_table_10 lag=   0.2ms active=50
[  60.107s] RECV #00292 table=page_001357_table_3 request= 2.177s scheduled= 2.177s status=ok active=49
[  60.810s] SEND #00305 table=page_000268_table_box_id_4 lag=   2.4ms active=50
[  60.928s] SEND #00306 table=page_000212_table_box_id_1 lag=   0.7ms active=51
[  61.083s] RECV #00052 table=page_000287_table_box_id_8 request=51.409s scheduled=51.410s status=ok active=50
[  61.106s] RECV #00142 table=page_001219_table_box_id_1 request=35.200s scheduled=35.201s status=ok active=49
[  61.138s] SEND #00307 table=page_000292_table_box_id_1 lag=   0.4ms active=50
[  61.305s] RECV #00263 table=page_001368_table_box_id_227 request=10.280s scheduled=10.281s status=ok active=49
[  61.345s] SEND #00308 table=page_000010_table_box_id_1 lag=   0.7ms active=50
[  61.730s] RECV #00297 table=page_001184_table_10 request= 2.387s scheduled= 2.388s status=ok active=49
[  61.759s] RECV #00253 table=page_000640_table_8 request=12.291s scheduled=12.292s status=ok active=48
[  61.831s] RECV #00193 table=page_001152_table_0 request=25.448s scheduled=25.449s status=ok active=47
[  61.910s] SEND #00309 table=page_001494_table_9 lag=   0.5ms active=48
[  61.922s] RECV #00184 table=page_001272_table_1 request=27.491s scheduled=27.491s status=ok active=47
[  62.009s] SEND #00310 table=page_000505_table_1 lag=   0.7ms active=48
[  62.083s] SEND #00311 table=page_001637_table_4 lag=   1.4ms active=49
[  62.162s] SEND #00312 table=page_000288_table_box_id_1 lag=   0.9ms active=50
[  62.238s] SEND #00313 table=page_001170_table_7 lag=   0.8ms active=51
[  62.466s] RECV #00185 table=page_001215_table_5 request=27.866s scheduled=27.866s status=ok active=50
[  62.613s] SEND #00314 table=page_001223_table_9 lag=   0.4ms active=51
[  62.740s] RECV #00302 table=page_000934_table_1 request= 2.834s scheduled= 2.834s status=ok active=50
[  62.953s] RECV #00295 table=page_000266_table_box_id_11 request= 3.999s scheduled= 3.999s status=ok active=49
[  63.061s] SEND #00315 table=page_001223_table_9 lag=   0.6ms active=50
[  63.134s] SEND #00316 table=page_000106_table_box_id_4 lag=   1.5ms active=51
[  63.196s] RECV #00270 table=page_000542_table_0 request=10.730s scheduled=10.731s status=ok active=50
[  63.209s] RECV #00293 table=page_000696_table_0 request= 5.230s scheduled= 5.230s status=ok active=49
[  63.215s] SEND #00317 table=page_000754_table_7 lag=   0.6ms active=50
[  63.372s] SEND #00318 table=page_001368_table_box_id_268 lag=   0.5ms active=51
[  63.545s] SEND #00319 table=page_000239_table_box_id_7 lag=   0.5ms active=52
[  63.726s] SEND #00320 table=page_001141_table_13 lag=   0.4ms active=53
[  63.783s] SEND #00321 table=page_000984_table_2 lag=   1.1ms active=54
[  63.787s] SEND #00322 table=page_001227_table_10 lag=   1.1ms active=55
[  63.843s] SEND #00323 table=page_001342_table_2 lag=   1.1ms active=56
[  63.858s] SEND #00324 table=page_000147_table_box_id_3 lag=   1.4ms active=57
[  64.018s] SEND #00325 table=page_000832_table_4 lag=   1.0ms active=58
[  64.033s] SEND #00326 table=page_000710_table_9 lag=   1.2ms active=59
[  64.048s] SEND #00327 table=page_000937_table_0 lag=   0.2ms active=60
[  64.250s] SEND #00328 table=page_000566_table_3 lag=   0.7ms active=61
[  64.319s] SEND #00329 table=page_001242_table_4 lag=   1.3ms active=62
[  64.634s] SEND #00330 table=page_001408_table_16 lag=   1.5ms active=63
[  64.740s] RECV #00311 table=page_001637_table_4 request= 2.656s scheduled= 2.658s status=ok active=62
[  64.769s] SEND #00331 table=page_000789_table_34 lag=   0.8ms active=63
[  65.166s] SEND #00332 table=page_000147_table_box_id_3 lag=   1.0ms active=64
[  65.199s] SEND #00333 table=page_001174_table_box_id_2 lag=   0.5ms active=65
[  65.338s] SEND #00334 table=page_000633_table_5 lag=   0.4ms active=66
[  65.394s] RECV #00318 table=page_001368_table_box_id_268 request= 2.022s scheduled= 2.023s status=ok active=65
[  65.608s] RECV #00289 table=page_001368_table_box_id_161 request= 9.100s scheduled= 9.101s status=ok active=64
[  65.656s] SEND #00335 table=page_001368_table_box_id_273 lag=   1.0ms active=65
[  65.672s] SEND #00336 table=page_000207_table_box_id_1 lag=   0.9ms active=66
[  65.793s] RECV #00299 table=page_001166_table_5 request= 6.172s scheduled= 6.173s status=ok active=65
[  65.919s] RECV #00145 table=page_001164_table_9 request=39.839s scheduled=39.840s status=ok active=64
[  65.933s] RECV #00095 table=page_000626_table_box_id_4 request=46.733s scheduled=46.734s status=ok active=63
[  66.151s] RECV #00330 table=page_001408_table_16 request= 1.517s scheduled= 1.519s status=ok active=62
[  66.166s] RECV #00282 table=page_000205_table_box_id_13 request=11.417s scheduled=11.418s status=ok active=61
[  66.167s] RECV #00309 table=page_001494_table_9 request= 4.257s scheduled= 4.258s status=ok active=60
[  66.253s] RECV #00324 table=page_000147_table_box_id_3 request= 2.395s scheduled= 2.396s status=ok active=59
[  66.267s] SEND #00337 table=page_001117_table_box_id_7 lag=   0.3ms active=60
[  66.285s] RECV #00241 table=page_001147_table_8 request=19.269s scheduled=19.270s status=ok active=59
[  66.306s] SEND #00338 table=page_001147_table_5 lag=   0.5ms active=60
[  66.318s] RECV #00332 table=page_000147_table_box_id_3 request= 1.152s scheduled= 1.153s status=ok active=59
[  66.319s] RECV #00321 table=page_000984_table_2 request= 2.536s scheduled= 2.537s status=ok active=58
[  66.453s] RECV #00331 table=page_000789_table_34 request= 1.685s scheduled= 1.685s status=ok active=57
[  66.605s] SEND #00339 table=page_001398_table_box-bfny2f1z lag=   0.5ms active=58
[  66.916s] RECV #00247 table=page_000496_table_3 request=18.705s scheduled=18.706s status=ok active=57
[  66.917s] RECV #00275 table=page_000519_table_1 request=12.668s scheduled=12.669s status=ok active=56
[  67.040s] RECV #00316 table=page_000106_table_box_id_4 request= 3.905s scheduled= 3.907s status=ok active=55
[  67.084s] RECV #00280 table=page_001156_table_6 request=12.344s scheduled=12.345s status=ok active=54
[  67.164s] RECV #00326 table=page_000710_table_9 request= 3.131s scheduled= 3.132s status=ok active=53
[  67.164s] RECV #00325 table=page_000832_table_4 request= 3.146s scheduled= 3.147s status=ok active=52
[  67.282s] RECV #00317 table=page_000754_table_7 request= 4.067s scheduled= 4.068s status=ok active=51
[  67.335s] RECV #00308 table=page_000010_table_box_id_1 request= 5.990s scheduled= 5.991s status=ok active=50
[  67.376s] RECV #00298 table=page_000742_table_5 request= 7.815s scheduled= 7.816s status=ok active=49
[  67.389s] RECV #00291 table=page_000205_table_box_id_11 request= 9.482s scheduled= 9.482s status=ok active=48
[  67.444s] SEND #00340 table=page_000292_table_box_id_2 lag=   0.9ms active=49
[  67.743s] RECV #00335 table=page_001368_table_box_id_273 request= 2.087s scheduled= 2.088s status=ok active=48
[  67.757s] RECV #00294 table=page_000222_table_box_id_3 request= 9.585s scheduled= 9.586s status=ok active=47
[  67.788s] SEND #00341 table=page_001144_table_11 lag=   0.2ms active=48
[  67.865s] SEND #00342 table=page_000661_table_4 lag=   0.3ms active=49
[  67.887s] RECV #00235 table=page_000509_table_0 request=21.790s scheduled=21.791s status=ok active=48
[  67.888s] SEND #00343 table=page_000984_table_2 lag=   0.8ms active=49
[  67.943s] RECV #00319 table=page_000239_table_box_id_7 request= 4.398s scheduled= 4.399s status=ok active=48
[  68.033s] SEND #00344 table=page_001155_table_4 lag=   1.1ms active=49
[  68.536s] SEND #00345 table=page_001368_table_box_id_239 lag=   1.0ms active=50
[  68.605s] SEND #00346 table=page_001367_table_60 lag=   0.5ms active=51
[  68.871s] RECV #00342 table=page_000661_table_4 request= 1.006s scheduled= 1.006s status=ok active=50
[  68.885s] RECV #00305 table=page_000268_table_box_id_4 request= 8.074s scheduled= 8.077s status=ok active=49
[  68.941s] RECV #00313 table=page_001170_table_7 request= 6.703s scheduled= 6.704s status=ok active=48
[  69.054s] SEND #00347 table=page_000758_table_21 lag=   0.5ms active=49
[  69.085s] SEND #00348 table=page_000253_table_box_id_7 lag=   1.0ms active=50
[  69.387s] RECV #00343 table=page_000984_table_2 request= 1.499s scheduled= 1.500s status=ok active=49
[  69.454s] RECV #00329 table=page_001242_table_4 request= 5.135s scheduled= 5.136s status=ok active=48
[  69.455s] RECV #00303 table=page_000200_table_box_id_2 request= 9.532s scheduled= 9.532s status=ok active=47
[  69.505s] RECV #00337 table=page_001117_table_box_id_7 request= 3.237s scheduled= 3.238s status=ok active=46
[  69.567s] SEND #00349 table=page_000866_table_10 lag=   0.7ms active=47
[  69.574s] SEND #00350 table=page_000534_table_3 lag=   1.1ms active=48
[  69.650s] SEND #00351 table=page_000446_table_3 lag=   0.6ms active=49
[  70.059s] RECV #00327 table=page_000937_table_0 request= 6.011s scheduled= 6.011s status=ok active=48
[  70.116s] SEND #00352 table=page_000673_table_1 lag=   0.6ms active=49
[  70.126s] RECV #00283 table=page_000503_table_1 request=14.566s scheduled=14.568s status=ok active=48
[  70.155s] RECV #00347 table=page_000758_table_21 request= 1.102s scheduled= 1.102s status=ok active=47
[  70.181s] RECV #00344 table=page_001155_table_4 request= 2.148s scheduled= 2.149s status=ok active=46
[  70.209s] RECV #00228 table=page_000250_table_box-stnne6dt request=25.936s scheduled=25.937s status=ok active=45
[  70.374s] RECV #00349 table=page_000866_table_10 request= 0.807s scheduled= 0.807s status=ok active=44
[  70.442s] SEND #00353 table=page_001200_table_2 lag=   0.7ms active=45
[  70.902s] RECV #00273 table=page_001011_table_30 request=17.836s scheduled=17.837s status=ok active=44
[  70.903s] RECV #00333 table=page_001174_table_box_id_2 request= 5.704s scheduled= 5.704s status=ok active=43
[  70.917s] SEND #00354 table=page_000230_table_box_id_7 lag=   0.4ms active=44
[  71.286s] SEND #00355 table=page_001183_table_11 lag=   1.4ms active=45
[  71.411s] RECV #00345 table=page_001368_table_box_id_239 request= 2.875s scheduled= 2.876s status=ok active=44
[  71.560s] SEND #00356 table=page_000248_table_box_id_1 lag=   1.1ms active=45
[  71.793s] SEND #00357 table=page_000531_table_5 lag=   0.6ms active=46
[  71.832s] SEND #00358 table=page_001131_table_15 lag=   0.5ms active=47
[  71.901s] RECV #00350 table=page_000534_table_3 request= 2.327s scheduled= 2.329s status=ok active=46
[  71.946s] SEND #00359 table=page_000824_table_0 lag=   0.9ms active=47
[  71.980s] SEND #00360 table=page_000225_table_box_id_9 lag=   0.7ms active=48
[  72.231s] SEND #00361 table=page_000241_table_box_id_2 lag=   0.9ms active=49
[  72.451s] SEND #00362 table=page_001132_table_box_id_10 lag=   0.8ms active=50
[  72.509s] SEND #00363 table=page_001368_table_box_id_255 lag=   0.5ms active=51
[  72.522s] SEND #00364 table=page_000011_table_box_id_1 lag=   0.2ms active=52
[  73.112s] RECV #00352 table=page_000673_table_1 request= 2.996s scheduled= 2.997s status=ok active=51
[  73.186s] SEND #00365 table=page_001148_table_3 lag=   2.0ms active=52
[  73.262s] RECV #00348 table=page_000253_table_box_id_7 request= 4.177s scheduled= 4.178s status=ok active=51
[  73.515s] SEND #00366 table=page_001499_table_12 lag=   0.7ms active=52
[  73.640s] RECV #00320 table=page_001141_table_13 request= 9.914s scheduled= 9.915s status=ok active=51
[  73.674s] SEND #00367 table=page_000499_table_0 lag=   0.3ms active=52
[  73.830s] SEND #00368 table=page_001130_table_13 lag=   0.7ms active=53
[  73.837s] RECV #00339 table=page_001398_table_box-bfny2f1z request= 7.232s scheduled= 7.233s status=ok active=52
[  74.211s] SEND #00369 table=page_001139_table_5 lag=   0.7ms active=53
[  74.333s] SEND #00370 table=page_000263_table_box_id_7 lag=   1.4ms active=54
[  74.433s] SEND #00371 table=page_000278_table_box_id_1 lag=   0.6ms active=55
[  74.516s] SEND #00372 table=page_000516_table_0 lag=   1.1ms active=56
[  74.575s] SEND #00373 table=page_001191_table_2 lag=   0.7ms active=57
[  74.580s] SEND #00374 table=page_000243_table_box-xkm41jlm lag=   0.9ms active=58
[  74.789s] SEND #00375 table=page_000298_table_5 lag=   2.0ms active=59
[  74.895s] SEND #00376 table=page_000280_table_box_id_1 lag=   0.4ms active=60
[  75.065s] SEND #00377 table=page_001637_table_5 lag=   0.7ms active=61
[  75.078s] SEND #00378 table=page_001368_table_box_id_220 lag=   0.8ms active=62
[  75.167s] SEND #00379 table=page_001368_table_box_id_237 lag=   2.1ms active=63
[  75.195s] SEND #00380 table=page_001167_table_8 lag=   0.2ms active=64
[  75.223s] SEND #00381 table=page_000234_table_box_id_5 lag=   1.5ms active=65
[  75.282s] SEND #00382 table=page_000932_table_3 lag=   0.8ms active=66
[  75.636s] SEND #00383 table=page_000244_table_box_id_8 lag=   1.3ms active=67
[  75.737s] SEND #00384 table=page_000226_table_box_id_0 lag=   1.0ms active=68
[  75.839s] SEND #00385 table=page_001503_table_5 lag=   0.7ms active=69
[  76.029s] SEND #00386 table=page_001368_table_box_id_273 lag=   0.7ms active=70
[  76.048s] RECV #00323 table=page_001342_table_2 request=12.205s scheduled=12.206s status=ok active=69
[  76.082s] SEND #00387 table=page_000514_table_6 lag=   1.2ms active=70
[  76.083s] SEND #00388 table=page_001193_table_4 lag=   0.4ms active=71
[  76.234s] SEND #00389 table=page_000268_table_box_id_4 lag=   1.3ms active=72
[  76.372s] SEND #00390 table=page_000911_table_box_id_5 lag=   0.4ms active=73
[  76.415s] RECV #00377 table=page_001637_table_5 request= 1.351s scheduled= 1.351s status=ok active=72
[  76.582s] SEND #00391 table=page_000603_table_7 lag=   0.6ms active=73
[  76.594s] RECV #00368 table=page_001130_table_13 request= 2.764s scheduled= 2.764s status=ok active=72
[  76.698s] SEND #00392 table=page_001189_table_box_id_2 lag=   1.5ms active=73
[  76.836s] RECV #00240 table=page_001181_table_6 request=30.132s scheduled=30.132s status=ok active=72
[  76.929s] SEND #00393 table=page_000324_table_0 lag=   0.8ms active=73
[  77.126s] RECV #00358 table=page_001131_table_15 request= 5.294s scheduled= 5.294s status=ok active=72
[  77.126s] RECV #00360 table=page_000225_table_box_id_9 request= 5.146s scheduled= 5.147s status=ok active=71
[  77.192s] SEND #00394 table=page_000290_table_box_id_1 lag=   0.2ms active=72
[  77.247s] SEND #00395 table=page_000844_table_6 lag=   1.1ms active=73
[  77.328s] RECV #00363 table=page_001368_table_box_id_255 request= 4.819s scheduled= 4.819s status=ok active=72
[  77.384s] SEND #00396 table=page_000944_table_0 lag=   1.0ms active=73
[  77.514s] SEND #00397 table=page_001378_table_box_id_1 lag=   0.5ms active=74
[  77.553s] RECV #00341 table=page_001144_table_11 request= 9.765s scheduled= 9.765s status=ok active=73
[  77.565s] SEND #00398 table=page_000792_table_4 lag=   1.1ms active=74
[  77.671s] SEND #00399 table=page_001187_table_0 lag=   0.8ms active=75
[  77.836s] SEND #00400 table=page_000210_table_box_id_0 lag=   0.9ms active=76
[  77.865s] RECV #00355 table=page_001183_table_11 request= 6.579s scheduled= 6.581s status=ok active=75
[  78.053s] RECV #00268 table=page_001178_table_0 request=25.916s scheduled=25.916s status=ok active=74
[  78.203s] RECV #00290 table=page_000451_table_7 request=20.995s scheduled=20.996s status=ok active=73
[  78.310s] SEND #00401 table=page_000274_table_box_id_0 lag=   0.6ms active=74
[  78.565s] RECV #00385 table=page_001503_table_5 request= 2.726s scheduled= 2.726s status=ok active=73
[  78.696s] RECV #00200 table=page_000626_table_box_id_1 request=41.482s scheduled=41.483s status=ok active=72
[  78.810s] SEND #00402 table=page_000221_table_box_id_3 lag=   0.6ms active=73
[  78.854s] RECV #00378 table=page_001368_table_box_id_220 request= 3.776s scheduled= 3.777s status=ok active=72
[  78.874s] SEND #00403 table=page_001121_table_7 lag=   0.9ms active=73
[  79.075s] RECV #00373 table=page_001191_table_2 request= 4.500s scheduled= 4.501s status=ok active=72
[  79.082s] SEND #00404 table=page_000231_table_box_id_2 lag=   1.1ms active=73
[  79.092s] SEND #00405 table=page_000585_table_1 lag=   0.3ms active=74
[  79.107s] SEND #00406 table=page_001398_table_box-13qv1ztw lag=   0.5ms active=75
[  79.251s] SEND #00407 table=page_001035_table_28 lag=   1.9ms active=76
[  79.276s] RECV #00328 table=page_000566_table_3 request=15.026s scheduled=15.026s status=ok active=75
[  79.433s] RECV #00361 table=page_000241_table_box_id_2 request= 7.201s scheduled= 7.202s status=ok active=74
[  79.654s] RECV #00174 table=page_000284_table_box_id_0 request=47.725s scheduled=47.725s status=ok active=73
[  79.670s] SEND #00408 table=page_000283_table_box_id_1 lag=   0.2ms active=74
[  79.705s] SEND #00409 table=page_000639_table_4 lag=   0.5ms active=75
[  79.987s] RECV #00386 table=page_001368_table_box_id_273 request= 3.959s scheduled= 3.959s status=ok active=74
[  79.988s] RECV #00398 table=page_000792_table_4 request= 2.423s scheduled= 2.424s status=ok active=73
[  79.995s] SEND #00410 table=page_000522_table_1 lag=   0.7ms active=74
[  80.244s] RECV #00380 table=page_001167_table_8 request= 5.049s scheduled= 5.050s status=ok active=73
[  80.425s] SEND #00411 table=page_000634_table_1 lag=   1.0ms active=74
[  80.499s] SEND #00412 table=page_000641_table_8 lag=   0.3ms active=75
[  80.595s] RECV #00379 table=page_001368_table_box_id_237 request= 5.428s scheduled= 5.430s status=ok active=74
[  80.736s] SEND #00413 table=page_001367_table_73 lag=   1.2ms active=75
[  80.783s] RECV #00374 table=page_000243_table_box-xkm41jlm request= 6.203s scheduled= 6.204s status=ok active=74
[  81.113s] SEND #00414 table=page_000217_table_box_id_0 lag=   0.9ms active=75
[  81.141s] RECV #00366 table=page_001499_table_12 request= 7.626s scheduled= 7.627s status=ok active=74
[  81.206s] SEND #00415 table=page_001209_table_4 lag=   1.1ms active=75
[  81.294s] RECV #00304 table=page_001121_table_10 request=21.306s scheduled=21.306s status=ok active=74
[  81.447s] SEND #00416 table=page_000279_table_box-fy04hrwa lag=   0.5ms active=75
[  81.459s] RECV #00382 table=page_000932_table_3 request= 6.177s scheduled= 6.178s status=ok active=74
[  81.642s] RECV #00357 table=page_000531_table_5 request= 9.849s scheduled= 9.850s status=ok active=73
[  81.715s] SEND #00417 table=page_000265_table_box_id_3 lag=   1.5ms active=74
[  81.798s] RECV #00393 table=page_000324_table_0 request= 4.869s scheduled= 4.869s status=ok active=73
[  81.895s] SEND #00418 table=page_000520_table_0 lag=   0.5ms active=74
[  82.283s] SEND #00419 table=page_001499_table_12 lag=   0.9ms active=75
[  82.300s] RECV #00359 table=page_000824_table_0 request=10.354s scheduled=10.355s status=ok active=74
[  82.632s] RECV #00231 table=page_000285_table_box_id_1 request=37.803s scheduled=37.804s status=ok active=73
[  82.738s] SEND #00420 table=page_000564_table_7 lag=   1.6ms active=74
[  82.821s] RECV #00296 table=page_000259_table_box_id_1 request=23.711s scheduled=23.711s status=ok active=73
[  83.081s] RECV #00306 table=page_000212_table_box_id_1 request=22.153s scheduled=22.154s status=ok active=72
[  83.240s] RECV #00367 table=page_000499_table_0 request= 9.566s scheduled= 9.566s status=ok active=71
[  83.381s] SEND #00421 table=page_001198_table_8 lag=   1.3ms active=72
[  83.384s] RECV #00390 table=page_000911_table_box_id_5 request= 7.011s scheduled= 7.012s status=ok active=71
[  83.384s] RECV #00384 table=page_000226_table_box_id_0 request= 7.647s scheduled= 7.648s status=ok active=70
[  83.551s] SEND #00422 table=page_000219_table_box_id_3 lag=   1.2ms active=71
[  83.589s] SEND #00423 table=page_001011_table_35 lag=   0.4ms active=72
[  83.638s] RECV #00356 table=page_000248_table_box_id_1 request=12.078s scheduled=12.079s status=ok active=71
[  83.647s] SEND #00424 table=page_000451_table_10 lag=   0.5ms active=72
[  83.695s] SEND #00425 table=page_001406_table_8 lag=   0.2ms active=73
[  83.864s] SEND #00426 table=page_000519_table_1 lag=   0.6ms active=74
[  83.868s] RECV #00391 table=page_000603_table_7 request= 7.286s scheduled= 7.287s status=ok active=73
[  84.099s] RECV #00310 table=page_000505_table_1 request=22.090s scheduled=22.091s status=ok active=72
[  84.148s] SEND #00427 table=page_000201_table_box_id_3 lag=   0.9ms active=73
[  84.159s] SEND #00428 table=page_000927_table_2 lag=   1.2ms active=74
[  84.385s] RECV #00388 table=page_001193_table_4 request= 8.302s scheduled= 8.302s status=ok active=73
[  84.387s] SEND #00429 table=page_000514_table_6 lag=   0.3ms active=74
[  84.625s] RECV #00383 table=page_000244_table_box_id_8 request= 8.990s scheduled= 8.991s status=ok active=73
[  84.626s] RECV #00392 table=page_001189_table_box_id_2 request= 7.928s scheduled= 7.929s status=ok active=72
[  84.640s] SEND #00430 table=page_000800_table_10 lag=   0.8ms active=73
[  84.726s] SEND #00431 table=page_000465_table_9 lag=   1.1ms active=74
[  84.853s] RECV #00375 table=page_000298_table_5 request=10.064s scheduled=10.066s status=ok active=73
[  84.870s] SEND #00432 table=page_000940_table_1 lag=   0.3ms active=74
[  84.906s] SEND #00433 table=page_001395_table_6 lag=   0.2ms active=75
[  85.168s] SEND #00434 table=page_000295_table_box_id_1 lag=   0.4ms active=76
[  85.173s] RECV #00406 table=page_001398_table_box-13qv1ztw request= 6.067s scheduled= 6.067s status=ok active=75
[  85.174s] RECV #00395 table=page_000844_table_6 request= 7.927s scheduled= 7.928s status=ok active=74
[  85.176s] SEND #00435 table=page_000677_table_23 lag=   0.5ms active=75
[  85.523s] RECV #00389 table=page_000268_table_box_id_4 request= 9.289s scheduled= 9.290s status=ok active=74
[  85.874s] RECV #00364 table=page_000011_table_box_id_1 request=13.352s scheduled=13.352s status=ok active=73
[  85.971s] SEND #00436 table=page_001137_table_9 lag=   0.4ms active=74
[  86.093s] RECV #00403 table=page_001121_table_7 request= 7.218s scheduled= 7.219s status=ok active=73
[  86.284s] RECV #00362 table=page_001132_table_box_id_10 request=13.832s scheduled=13.833s status=ok active=72
[  86.301s] SEND #00437 table=page_001137_table_10 lag=   0.5ms active=73
[  86.500s] SEND #00438 table=page_000982_table_16 lag=   1.0ms active=74
[  86.562s] SEND #00439 table=page_000938_table_3 lag=   0.9ms active=75
[  86.579s] RECV #00397 table=page_001378_table_box_id_1 request= 9.065s scheduled= 9.066s status=ok active=74
[  86.854s] RECV #00413 table=page_001367_table_73 request= 6.119s scheduled= 6.120s status=ok active=73
[  86.855s] RECV #00246 table=page_001231_table_5 request=38.812s scheduled=38.813s status=ok active=72
[  87.050s] SEND #00440 table=page_001145_table_3 lag=   0.5ms active=73
[  87.107s] RECV #00412 table=page_000641_table_8 request= 6.608s scheduled= 6.608s status=ok active=72
[  87.247s] RECV #00418 table=page_000520_table_0 request= 5.352s scheduled= 5.353s status=ok active=71
[  87.362s] RECV #00415 table=page_001209_table_4 request= 6.156s scheduled= 6.157s status=ok active=70
[  87.645s] RECV #00430 table=page_000800_table_10 request= 3.004s scheduled= 3.005s status=ok active=69
[  87.691s] SEND #00441 table=page_000512_table_0 lag=   0.8ms active=70
[  87.721s] SEND #00442 table=page_000536_table_4 lag=   1.0ms active=71
[  87.899s] RECV #00410 table=page_000522_table_1 request= 7.903s scheduled= 7.904s status=ok active=70
[  88.020s] SEND #00443 table=page_000623_table_7 lag=   1.1ms active=71
[  88.037s] RECV #00314 table=page_001223_table_9 request=25.424s scheduled=25.424s status=ok active=70
[  88.264s] RECV #00435 table=page_000677_table_23 request= 3.087s scheduled= 3.088s status=ok active=69
[  88.389s] SEND #00444 table=page_001368_table_box_id_229 lag=   1.0ms active=70
[  88.532s] RECV #00336 table=page_000207_table_box_id_1 request=22.861s scheduled=22.861s status=ok active=69
[  88.605s] SEND #00445 table=page_000216_table_box_id_0 lag=   1.6ms active=70
[  88.820s] RECV #00315 table=page_001223_table_9 request=25.759s scheduled=25.759s status=ok active=69
[  88.845s] SEND #00446 table=page_000223_table_box_id_2 lag=   0.3ms active=70
[  88.963s] SEND #00447 table=page_001147_table_5 lag=   0.6ms active=71
[  89.069s] RECV #00414 table=page_000217_table_box_id_0 request= 7.956s scheduled= 7.956s status=ok active=70
[  89.231s] RECV #00432 table=page_000940_table_1 request= 4.361s scheduled= 4.361s status=ok active=69
[  89.480s] SEND #00448 table=page_000521_table_2 lag=   0.9ms active=70
[  89.734s] RECV #00423 table=page_001011_table_35 request= 6.145s scheduled= 6.146s status=ok active=69
[  90.033s] RECV #00387 table=page_000514_table_6 request=13.951s scheduled=13.952s status=ok active=68
[  90.034s] RECV #00396 table=page_000944_table_0 request=12.650s scheduled=12.651s status=ok active=67
[  90.189s] SEND #00449 table=page_000755_table_3 lag=   0.5ms active=68
[  90.286s] SEND #00450 table=page_000766_table_2 lag=   1.3ms active=69
[  90.462s] RECV #00428 table=page_000927_table_2 request= 6.302s scheduled= 6.304s status=ok active=68
[  90.550s] RECV #00427 table=page_000201_table_box_id_3 request= 6.402s scheduled= 6.403s status=ok active=67
[  90.611s] SEND #00451 table=page_000649_table_3 lag=   1.7ms active=68
[  90.724s] SEND #00452 table=page_000218_table_box_id_4 lag=   1.3ms active=69
[  90.759s] SEND #00453 table=page_000628_table_6 lag=   0.5ms active=70
[  90.824s] RECV #00425 table=page_001406_table_8 request= 7.129s scheduled= 7.129s status=ok active=69
[  90.839s] SEND #00454 table=page_000267_table_box_id_1 lag=   1.6ms active=70
[  90.866s] SEND #00455 table=page_000838_table_18 lag=   1.1ms active=71
[  90.974s] RECV #00400 table=page_000210_table_box_id_0 request=13.138s scheduled=13.139s status=ok active=70
[  91.257s] RECV #00420 table=page_000564_table_7 request= 8.519s scheduled= 8.521s status=ok active=69
[  91.346s] SEND #00456 table=page_000275_table_box_id_1 lag=   2.0ms active=70
[  91.465s] RECV #00438 table=page_000982_table_16 request= 4.965s scheduled= 4.966s status=ok active=69
[  91.818s] RECV #00419 table=page_001499_table_12 request= 9.534s scheduled= 9.535s status=ok active=68
[  91.985s] SEND #00457 table=page_000628_table_14 lag=   0.9ms active=69
[  92.010s] SEND #00458 table=page_000913_table_11 lag=   0.5ms active=70
[  92.123s] RECV #00225 table=page_000626_table_box_id_4 request=48.492s scheduled=48.494s status=ok active=69
[  92.194s] SEND #00459 table=page_000214_table_box_id_6 lag=   0.9ms active=70
[  92.301s] SEND #00460 table=page_001367_table_69 lag=   2.2ms active=71
[  92.305s] RECV #00089 table=page_001274_table_4 request=74.979s scheduled=74.980s status=ok active=70
[  92.325s] SEND #00461 table=page_000642_table_8 lag=   1.6ms active=71
[  92.394s] SEND #00462 table=page_000225_table_box_id_13 lag=   0.5ms active=72
[  92.451s] SEND #00463 table=page_001122_table_2 lag=   0.4ms active=73
[  92.561s] RECV #00422 table=page_000219_table_box_id_3 request= 9.010s scheduled= 9.011s status=ok active=72
[  92.729s] SEND #00464 table=page_001493_table_box_id_19 lag=   1.2ms active=73
[  92.729s] SEND #00465 table=page_001157_table_5 lag=   1.0ms active=74
[  92.771s] SEND #00466 table=page_001368_table_box_id_167 lag=   1.0ms active=75
[  92.882s] RECV #00433 table=page_001395_table_6 request= 7.976s scheduled= 7.976s status=ok active=74
[  92.886s] SEND #00467 table=page_000204_table_box_id_6 lag=   0.4ms active=75
[  92.891s] SEND #00468 table=page_001196_table_13 lag=   1.0ms active=76
[  93.027s] RECV #00449 table=page_000755_table_3 request= 2.838s scheduled= 2.839s status=ok active=75
[  93.088s] SEND #00469 table=page_001131_table_10 lag=   0.7ms active=76
[  93.275s] SEND #00470 table=page_000255_table_box_id_2 lag=   0.8ms active=77
[  93.319s] RECV #00455 table=page_000838_table_18 request= 2.454s scheduled= 2.455s status=ok active=76
[  93.582s] RECV #00402 table=page_000221_table_box_id_3 request=14.772s scheduled=14.773s status=ok active=75
[  93.636s] SEND #00471 table=page_000702_table_5 lag=   1.0ms active=76
[  93.682s] SEND #00472 table=page_000522_table_1 lag=   0.7ms active=77
[  93.733s] RECV #00407 table=page_001035_table_28 request=14.482s scheduled=14.483s status=ok active=76
[  93.749s] SEND #00473 table=page_000506_table_7 lag=   0.7ms active=77
[  93.905s] SEND #00474 table=page_000507_table_6 lag=   0.5ms active=78
[  93.910s] RECV #00411 table=page_000634_table_1 request=13.486s scheduled=13.487s status=ok active=77
[  93.969s] SEND #00475 table=page_001419_table_10 lag=   0.9ms active=78
[  94.146s] SEND #00476 table=page_001190_table_8 lag=   1.8ms active=79
[  94.160s] RECV #00439 table=page_000938_table_3 request= 7.598s scheduled= 7.599s status=ok active=78
[  94.160s] RECV #00340 table=page_000292_table_box_id_2 request=26.716s scheduled=26.717s status=ok active=77
[  94.203s] SEND #00477 table=page_001140_table_11 lag=   0.9ms active=78
[  94.434s] SEND #00478 table=page_001123_table_14 lag=   1.3ms active=79
[  94.740s] RECV #00431 table=page_000465_table_9 request=10.014s scheduled=10.015s status=ok active=78
[  94.746s] SEND #00479 table=page_001183_table_11 lag=   0.4ms active=79
[  95.023s] RECV #00322 table=page_001227_table_10 request=31.236s scheduled=31.237s status=ok active=78
[  95.077s] SEND #00480 table=page_000217_table_box_id_0 lag=   0.5ms active=79
[  95.234s] RECV #00421 table=page_001198_table_8 request=11.852s scheduled=11.853s status=ok active=78
[  95.516s] RECV #00458 table=page_000913_table_11 request= 3.505s scheduled= 3.506s status=ok active=77
[  95.793s] RECV #00466 table=page_001368_table_box_id_167 request= 3.022s scheduled= 3.023s status=ok active=76
[  95.804s] SEND #00481 table=page_001192_table_2 lag=   0.4ms active=77
[  95.962s] SEND #00482 table=page_000293_table_box_id_1 lag=   1.1ms active=78
[  96.096s] SEND #00483 table=page_000553_table_8 lag=   0.5ms active=79
[  96.108s] RECV #00426 table=page_000519_table_1 request=12.244s scheduled=12.244s status=ok active=78
[  96.306s] RECV #00372 table=page_000516_table_0 request=21.790s scheduled=21.791s status=ok active=77
[  96.484s] SEND #00484 table=page_000213_table_box_id_5 lag=   1.1ms active=78
[  96.563s] RECV #00405 table=page_000585_table_1 request=17.471s scheduled=17.472s status=ok active=77
[  96.686s] RECV #00442 table=page_000536_table_4 request= 8.965s scheduled= 8.966s status=ok active=76
[  96.777s] SEND #00485 table=page_000262_table_box_id_1 lag=   0.6ms active=77
[  96.787s] RECV #00440 table=page_001145_table_3 request= 9.737s scheduled= 9.738s status=ok active=76
[  96.943s] RECV #00451 table=page_000649_table_3 request= 6.332s scheduled= 6.334s status=ok active=75
[  96.946s] SEND #00486 table=page_001183_table_12 lag=   0.6ms active=76
[  97.043s] SEND #00487 table=page_000903_table_15 lag=   1.0ms active=77
[  97.109s] SEND #00488 table=page_001595_table_box_id_7 lag=   0.3ms active=78
[  97.129s] RECV #00464 table=page_001493_table_box_id_19 request= 4.401s scheduled= 4.402s status=ok active=77
[  97.132s] SEND #00489 table=page_000272_table_box_id_1 lag=   0.4ms active=78
[  97.364s] RECV #00354 table=page_000230_table_box_id_7 request=26.447s scheduled=26.447s status=ok active=77
[  97.462s] SEND #00490 table=page_000533_table_5 lag=   0.7ms active=78
[  97.487s] SEND #00491 table=page_000920_table_8 lag=   0.4ms active=79
[  97.510s] RECV #00276 table=page_001197_table_3 request=43.191s scheduled=43.192s status=ok active=78
[  97.762s] SEND #00492 table=page_001167_table_2 lag=   0.9ms active=79
[  97.919s] SEND #00493 table=page_001127_table_4 lag=   0.4ms active=80
[  98.032s] RECV #00463 table=page_001122_table_2 request= 5.581s scheduled= 5.581s status=ok active=79
[  98.237s] RECV #00429 table=page_000514_table_6 request=13.849s scheduled=13.850s status=ok active=78
[  98.590s] SEND #00494 table=page_001274_table_4 lag=   1.4ms active=79
[  98.774s] RECV #00460 table=page_001367_table_69 request= 6.473s scheduled= 6.475s status=ok active=78
[  98.876s] SEND #00495 table=page_001129_table_9 lag=   0.8ms active=79
[  98.932s] RECV #00471 table=page_000702_table_5 request= 5.296s scheduled= 5.297s status=ok active=78
[  99.289s] RECV #00444 table=page_001368_table_box_id_229 request=10.900s scheduled=10.901s status=ok active=77
[  99.568s] RECV #00417 table=page_000265_table_box_id_3 request=17.853s scheduled=17.855s status=ok active=76
[  99.602s] SEND #00496 table=page_000642_table_6 lag=   0.5ms active=77
[  99.631s] SEND #00497 table=page_001179_table_6 lag=   0.2ms active=78
[  99.770s] SEND #00498 table=page_001011_table_18 lag=   0.6ms active=79
[  99.888s] RECV #00457 table=page_000628_table_14 request= 7.903s scheduled= 7.904s status=ok active=78
[  99.940s] SEND #00499 table=page_000814_table_0 lag=   0.3ms active=79
[ 100.015s] SEND #00500 table=page_000246_table_box_id_14 lag=   0.9ms active=80
[ 100.155s] SEND #00501 table=page_001368_table_box_id_250 lag=   1.2ms active=81
[ 100.244s] SEND #00502 table=page_000298_table_5 lag=   1.9ms active=82
[ 100.379s] RECV #00401 table=page_000274_table_box_id_0 request=22.069s scheduled=22.069s status=ok active=81
[ 100.379s] RECV #00084 table=page_000289_table_box_id_4 request=84.164s scheduled=84.166s status=ok active=80
[ 100.393s] SEND #00503 table=page_001130_table_1 lag=   0.2ms active=81
[ 100.393s] SEND #00504 table=page_001210_table_4 lag=   0.4ms active=82
[ 100.511s] SEND #00505 table=page_000510_table_10 lag=   0.8ms active=83
[ 100.631s] SEND #00506 table=page_000593_table_0 lag=   1.4ms active=84
[ 100.704s] SEND #00507 table=page_000201_table_box_id_3 lag=   2.0ms active=85
[ 100.719s] RECV #00472 table=page_000522_table_1 request= 7.038s scheduled= 7.038s status=ok active=84
[ 100.805s] SEND #00508 table=page_001147_table_9 lag=   0.9ms active=85
[ 100.980s] RECV #00353 table=page_001200_table_2 request=30.538s scheduled=30.539s status=ok active=84
[ 101.110s] SEND #00509 table=page_000256_table_box_id_12 lag=   0.8ms active=85
[ 101.173s] RECV #00467 table=page_000204_table_box_id_6 request= 8.287s scheduled= 8.287s status=ok active=84
[ 101.340s] SEND #00510 table=page_001367_table_60 lag=   0.6ms active=85
[ 101.361s] RECV #00381 table=page_000234_table_box_id_5 request=26.138s scheduled=26.140s status=ok active=84
[ 101.476s] SEND #00511 table=page_001137_table_2 lag=   0.5ms active=85
[ 101.676s] RECV #00365 table=page_001148_table_3 request=28.491s scheduled=28.493s status=ok active=84
[ 101.684s] SEND #00512 table=page_001367_table_73 lag=   0.6ms active=85
[ 101.779s] SEND #00513 table=page_000638_table_1 lag=   0.7ms active=86
[ 101.825s] SEND #00514 table=page_000552_table_9 lag=   1.1ms active=87
[ 101.826s] SEND #00515 table=page_000826_table_32 lag=   0.9ms active=88
[ 101.891s] SEND #00516 table=page_000200_table_box_id_7 lag=   0.9ms active=89
[ 101.907s] RECV #00475 table=page_001419_table_10 request= 7.938s scheduled= 7.939s status=ok active=88
[ 102.074s] SEND #00517 table=page_000641_table_5 lag=   1.2ms active=89
[ 102.403s] RECV #00465 table=page_001157_table_5 request= 9.673s scheduled= 9.674s status=ok active=88
[ 102.500s] SEND #00518 table=page_001201_table_14 lag=   1.0ms active=89
[ 102.782s] RECV #00334 table=page_000633_table_5 request=37.443s scheduled=37.444s status=ok active=88
[ 102.855s] SEND #00519 table=page_001167_table_2 lag=   1.8ms active=89
[ 102.997s] SEND #00520 table=page_000709_table_12 lag=   0.8ms active=90
[ 103.003s] RECV #00487 table=page_000903_table_15 request= 5.961s scheduled= 5.962s status=ok active=89
[ 103.162s] RECV #00480 table=page_000217_table_box_id_0 request= 8.085s scheduled= 8.085s status=ok active=88
[ 103.385s] RECV #00479 table=page_001183_table_11 request= 8.639s scheduled= 8.640s status=ok active=87
[ 103.550s] RECV #00453 table=page_000628_table_6 request=12.790s scheduled=12.791s status=ok active=86
[ 103.866s] SEND #00521 table=page_001222_table_2 lag=   0.8ms active=87
[ 103.922s] RECV #00478 table=page_001123_table_14 request= 9.488s scheduled= 9.489s status=ok active=86
[ 103.990s] SEND #00522 table=page_000866_table_1 lag=   1.5ms active=87
[ 104.042s] RECV #00452 table=page_000218_table_box_id_4 request=13.318s scheduled=13.320s status=ok active=86
[ 104.180s] RECV #00369 table=page_001139_table_5 request=29.969s scheduled=29.970s status=ok active=85
[ 104.349s] SEND #00523 table=page_000188_table_box_id_6 lag=   0.8ms active=86
[ 104.366s] RECV #00448 table=page_000521_table_2 request=14.887s scheduled=14.888s status=ok active=85
[ 104.455s] SEND #00524 table=page_000861_table_5 lag=   1.6ms active=86
[ 104.502s] RECV #00404 table=page_000231_table_box_id_2 request=25.420s scheduled=25.421s status=ok active=85
[ 104.727s] SEND #00525 table=page_000821_table_box_id_29 lag=   0.6ms active=86
[ 105.068s] RECV #00499 table=page_000814_table_0 request= 5.128s scheduled= 5.129s status=ok active=85
[ 105.248s] RECV #00300 table=page_000270_table_box_id_0 request=45.472s scheduled=45.472s status=ok active=84
[ 105.503s] RECV #00469 table=page_001131_table_10 request=12.414s scheduled=12.415s status=ok active=83
[ 105.605s] SEND #00526 table=page_000829_table_4 lag=   0.9ms active=84
[ 105.679s] SEND #00527 table=page_001199_table_15 lag=   1.2ms active=85
[ 105.717s] SEND #00528 table=page_000223_table_box_id_2 lag=   2.2ms active=86
[ 105.751s] RECV #00462 table=page_000225_table_box_id_13 request=13.356s scheduled=13.357s status=ok active=85
[ 105.909s] SEND #00529 table=page_001124_table_12 lag=   1.0ms active=86
[ 105.939s] RECV #00503 table=page_001130_table_1 request= 5.546s scheduled= 5.547s status=ok active=85
[ 106.060s] SEND #00530 table=page_001595_table_box_id_9 lag=   0.3ms active=86
[ 106.084s] RECV #00490 table=page_000533_table_5 request= 8.623s scheduled= 8.623s status=ok active=85
[ 106.150s] SEND #00531 table=page_000933_table_10 lag=   1.1ms active=86
[ 106.151s] SEND #00532 table=page_000507_table_0 lag=   1.0ms active=87
[ 106.249s] SEND #00533 table=page_000536_table_4 lag=   0.8ms active=88
[ 106.274s] RECV #00409 table=page_000639_table_4 request=26.569s scheduled=26.570s status=ok active=87
[ 106.360s] SEND #00534 table=page_000921_table_8 lag=   0.9ms active=88
[ 106.465s] SEND #00535 table=page_001165_table_13 lag=   2.3ms active=89
[ 106.517s] RECV #00443 table=page_000623_table_7 request=18.497s scheduled=18.498s status=ok active=88
[ 106.663s] RECV #00491 table=page_000920_table_8 request= 9.177s scheduled= 9.177s status=ok active=87
[ 106.859s] SEND #00536 table=page_001408_table_16 lag=   1.3ms active=88
[ 107.035s] SEND #00537 table=page_001498_table_14 lag=   1.9ms active=89
[ 107.072s] RECV #00338 table=page_001147_table_5 request=40.766s scheduled=40.767s status=ok active=88
[ 107.299s] SEND #00538 table=page_000355_table_3 lag=   0.8ms active=89
[ 107.307s] RECV #00500 table=page_000246_table_box_id_14 request= 7.292s scheduled= 7.293s status=ok active=88
[ 107.523s] RECV #00492 table=page_001167_table_2 request= 9.761s scheduled= 9.762s status=ok active=87
[ 107.714s] RECV #00505 table=page_000510_table_10 request= 7.204s scheduled= 7.204s status=ok active=86
[ 107.756s] SEND #00539 table=page_000222_table_box_id_1 lag=   1.0ms active=87
[ 108.002s] RECV #00485 table=page_000262_table_box_id_1 request=11.225s scheduled=11.226s status=ok active=86
[ 108.032s] SEND #00540 table=page_000514_table_8 lag=   0.9ms active=87
[ 108.168s] SEND #00541 table=page_000652_table_2 lag=   1.6ms active=88
[ 108.442s] SEND #00542 table=page_000612_table_6 lag=   1.6ms active=89
[ 108.458s] RECV #00424 table=page_000451_table_10 request=24.811s scheduled=24.812s status=ok active=88
[ 108.646s] SEND #00543 table=page_000290_table_box_id_1 lag=   0.6ms active=89
[ 108.670s] RECV #00501 table=page_001368_table_box_id_250 request= 8.515s scheduled= 8.516s status=ok active=88
[ 108.855s] SEND #00544 table=page_001595_table_box_id_14 lag=   0.6ms active=89
[ 108.870s] RECV #00468 table=page_001196_table_13 request=15.979s scheduled=15.980s status=ok active=88
[ 109.054s] SEND #00545 table=page_001153_table_0 lag=   0.8ms active=89
[ 109.159s] SEND #00546 table=page_000647_table_6 lag=   1.7ms active=90
[ 109.190s] RECV #00514 table=page_000552_table_9 request= 7.365s scheduled= 7.366s status=ok active=89
[ 109.357s] SEND #00547 table=page_000565_table_1 lag=   0.7ms active=90
[ 109.546s] RECV #00512 table=page_001367_table_73 request= 7.862s scheduled= 7.862s status=ok active=89
[ 109.558s] SEND #00548 table=page_000632_table_0 lag=   0.7ms active=90
[ 109.679s] RECV #00486 table=page_001183_table_12 request=12.734s scheduled=12.734s status=ok active=89
[ 109.884s] RECV #00515 table=page_000826_table_32 request= 8.058s scheduled= 8.059s status=ok active=88
[ 109.885s] RECV #00520 table=page_000709_table_12 request= 6.888s scheduled= 6.889s status=ok active=87
[ 110.112s] SEND #00549 table=page_001187_table_0 lag=   1.4ms active=88
[ 110.330s] RECV #00507 table=page_000201_table_box_id_3 request= 9.626s scheduled= 9.628s status=ok active=87
[ 110.416s] SEND #00550 table=page_000710_table_9 lag=   0.8ms active=88
[ 110.499s] RECV #00498 table=page_001011_table_18 request=10.728s scheduled=10.729s status=ok active=87
[ 110.791s] SEND #00551 table=page_000937_table_1 lag=   0.8ms active=88
[ 110.864s] RECV #00474 table=page_000507_table_6 request=16.960s scheduled=16.960s status=ok active=87
[ 111.082s] SEND #00552 table=page_001368_table_box_id_26 lag=   0.7ms active=88
[ 111.091s] RECV #00484 table=page_000213_table_box_id_5 request=14.607s scheduled=14.608s status=ok active=87
[ 111.375s] RECV #00495 table=page_001129_table_9 request=12.498s scheduled=12.499s status=ok active=86
[ 111.420s] SEND #00553 table=page_000543_table_8 lag=   0.7ms active=87
[ 111.606s] SEND #00554 table=page_000224_table_box_id_6 lag=   1.0ms active=88
[ 111.653s] RECV #00459 table=page_000214_table_box_id_6 request=19.459s scheduled=19.460s status=ok active=87
[ 111.692s] SEND #00555 table=page_000499_table_5 lag=   0.9ms active=88
[ 111.754s] SEND #00556 table=page_000720_table_3 lag=   0.6ms active=89
[ 111.817s] RECV #00516 table=page_000200_table_box_id_7 request= 9.926s scheduled= 9.927s status=ok active=88
[ 112.000s] SEND #00557 table=page_001122_table_2 lag=   1.2ms active=89
[ 112.070s] RECV #00493 table=page_001127_table_4 request=14.150s scheduled=14.151s status=ok active=88
[ 112.291s] RECV #00476 table=page_001190_table_8 request=18.144s scheduled=18.146s status=ok active=87
[ 112.414s] SEND #00558 table=page_000630_table_2 lag=   1.1ms active=88
[ 112.426s] RECV #00517 table=page_000641_table_5 request=10.352s scheduled=10.354s status=ok active=87
[ 112.426s] RECV #00446 table=page_000223_table_box_id_2 request=23.581s scheduled=23.582s status=ok active=86
[ 112.572s] SEND #00559 table=page_000806_table_29 lag=   1.8ms active=87
[ 112.604s] SEND #00560 table=page_000928_table_17 lag=   0.3ms active=88
[ 112.786s] RECV #00530 table=page_001595_table_box_id_9 request= 6.726s scheduled= 6.727s status=ok active=87
[ 112.963s] SEND #00561 table=page_000244_table_box-fkrm6qrz lag=   1.7ms active=88
[ 112.995s] RECV #00509 table=page_000256_table_box_id_12 request=11.885s scheduled=11.886s status=ok active=87
[ 113.095s] SEND #00562 table=page_000142_table_box_id_2 lag=   1.1ms active=88
[ 113.221s] SEND #00563 table=page_001184_table_10 lag=   1.3ms active=89
[ 113.230s] SEND #00564 table=page_001185_table_10 lag=   1.0ms active=90
[ 113.237s] RECV #00536 table=page_001408_table_16 request= 6.378s scheduled= 6.379s status=ok active=89
[ 113.373s] SEND #00565 table=page_000465_table_8 lag=   0.8ms active=90
[ 113.548s] RECV #00526 table=page_000829_table_4 request= 7.943s scheduled= 7.944s status=ok active=89
[ 113.646s] SEND #00566 table=page_001368_table_box_id_218 lag=   1.1ms active=90
[ 113.728s] RECV #00523 table=page_000188_table_box_id_6 request= 9.379s scheduled= 9.380s status=ok active=89
[ 113.756s] SEND #00567 table=page_001376_table_13 lag=   1.2ms active=90
[ 113.843s] SEND #00568 table=page_000841_table_28 lag=   0.4ms active=91
[ 113.880s] RECV #00488 table=page_001595_table_box_id_7 request=16.771s scheduled=16.772s status=ok active=90
[ 114.057s] SEND #00569 table=page_000292_table_box_id_2 lag=   0.7ms active=91
[ 114.061s] SEND #00570 table=page_000199_table_box_id_0 lag=   0.7ms active=92
[ 114.118s] RECV #00502 table=page_000298_table_5 request=13.873s scheduled=13.875s status=ok active=91
[ 114.202s] SEND #00571 table=page_000503_table_1 lag=   0.3ms active=92
[ 114.281s] RECV #00525 table=page_000821_table_box_id_29 request= 9.554s scheduled= 9.555s status=ok active=91
[ 114.662s] RECV #00461 table=page_000642_table_8 request=22.337s scheduled=22.338s status=ok active=90
[ 114.787s] SEND #00572 table=page_000200_table_box_id_7 lag=   0.6ms active=91
[ 114.839s] RECV #00534 table=page_000921_table_8 request= 8.479s scheduled= 8.480s status=ok active=90
[ 114.990s] RECV #00531 table=page_000933_table_10 request= 8.840s scheduled= 8.841s status=ok active=89
[ 114.990s] RECV #00538 table=page_000355_table_3 request= 7.691s scheduled= 7.692s status=ok active=88
[ 115.022s] SEND #00573 table=page_000925_table_10 lag=   0.9ms active=89
[ 115.124s] SEND #00574 table=page_001011_table_18 lag=   0.6ms active=90
[ 115.217s] RECV #00450 table=page_000766_table_2 request=24.931s scheduled=24.932s status=ok active=89
[ 115.358s] SEND #00575 table=page_001127_table_4 lag=   0.5ms active=90
[ 115.421s] RECV #00519 table=page_001167_table_2 request=12.566s scheduled=12.568s status=ok active=89
[ 115.543s] SEND #00576 table=page_000418_table_3 lag=   0.5ms active=90
[ 115.591s] SEND #00577 table=page_001150_table_box_id_9 lag=   0.8ms active=91
[ 115.629s] RECV #00522 table=page_000866_table_1 request=11.639s scheduled=11.641s status=ok active=90
[ 115.630s] RECV #00473 table=page_000506_table_7 request=21.881s scheduled=21.882s status=ok active=89
[ 115.637s] SEND #00578 table=page_001168_table_0 lag=   0.3ms active=90
[ 115.869s] RECV #00477 table=page_001140_table_11 request=21.666s scheduled=21.667s status=ok active=89
[ 116.027s] RECV #00529 table=page_001124_table_12 request=10.118s scheduled=10.119s status=ok active=88
[ 116.071s] SEND #00579 table=page_000789_table_34 lag=   0.2ms active=89
[ 116.134s] SEND #00580 table=page_000257_table_box_id_20 lag=   0.5ms active=90
[ 116.150s] SEND #00581 table=page_000507_table_0 lag=   0.9ms active=91
[ 116.295s] RECV #00518 table=page_001201_table_14 request=13.794s scheduled=13.795s status=ok active=90
[ 116.505s] SEND #00582 table=page_001270_table_box_id_1 lag=   1.3ms active=91
[ 116.541s] RECV #00546 table=page_000647_table_6 request= 7.382s scheduled= 7.384s status=ok active=90
[ 116.653s] SEND #00583 table=page_000466_table_0 lag=   0.7ms active=91
[ 116.745s] SEND #00584 table=page_000433_table_13 lag=   0.8ms active=92
[ 116.745s] RECV #00537 table=page_001498_table_14 request= 9.710s scheduled= 9.712s status=ok active=91
[ 116.889s] SEND #00585 table=page_000229_table_box_id_3 lag=   1.8ms active=92
[ 116.939s] RECV #00441 table=page_000512_table_0 request=29.248s scheduled=29.249s status=ok active=91
[ 117.155s] SEND #00586 table=page_001164_table_2 lag=   0.9ms active=92
[ 117.191s] SEND #00587 table=page_001162_table_3 lag=   0.3ms active=93
[ 117.404s] SEND #00588 table=page_000285_table_box_id_1 lag=   0.9ms active=94
[ 117.520s] RECV #00550 table=page_000710_table_9 request= 7.104s scheduled= 7.105s status=ok active=93
[ 117.654s] SEND #00589 table=page_000182_table_box_id_2 lag=   1.3ms active=94
[ 117.754s] RECV #00535 table=page_001165_table_13 request=11.289s scheduled=11.291s status=ok active=93
[ 117.992s] SEND #00590 table=page_000754_table_7 lag=   1.5ms active=94
[ 118.008s] RECV #00483 table=page_000553_table_8 request=21.911s scheduled=21.912s status=ok active=93
[ 118.054s] SEND #00591 table=page_001413_table_7 lag=   1.0ms active=94
[ 118.196s] RECV #00532 table=page_000507_table_0 request=12.046s scheduled=12.047s status=ok active=93
[ 118.242s] SEND #00592 table=page_000916_table_7 lag=   0.7ms active=94
[ 118.295s] SEND #00593 table=page_000853_table_2 lag=   0.4ms active=95
[ 118.453s] RECV #00556 table=page_000720_table_3 request= 6.699s scheduled= 6.700s status=ok active=94
[ 118.459s] SEND #00594 table=page_001143_table_8 lag=   0.6ms active=95
[ 118.498s] SEND #00595 table=page_000864_table_30 lag=   1.0ms active=96
[ 118.726s] RECV #00560 table=page_000928_table_17 request= 6.122s scheduled= 6.123s status=ok active=95
[ 118.810s] SEND #00596 table=page_001368_table_box_id_165 lag=   1.1ms active=96
[ 118.916s] RECV #00307 table=page_000292_table_box_id_1 request=57.778s scheduled=57.778s status=ok active=95
[ 119.046s] RECV #00513 table=page_000638_table_1 request=17.266s scheduled=17.267s status=ok active=94
[ 119.212s] SEND #00597 table=page_000243_table_box_id_1 lag=   0.7ms active=95
[ 119.292s] SEND #00598 table=page_000632_table_6 lag=   0.7ms active=96
[ 119.342s] SEND #00599 table=page_000641_table_6 lag=   0.4ms active=97
[ 119.379s] RECV #00527 table=page_001199_table_15 request=13.700s scheduled=13.702s status=ok active=96
[ 119.566s] RECV #00540 table=page_000514_table_8 request=11.534s scheduled=11.535s status=ok active=95
[ 119.816s] RECV #00559 table=page_000806_table_29 request= 7.244s scheduled= 7.246s status=ok active=94
[ 119.962s] RECV #00553 table=page_000543_table_8 request= 8.541s scheduled= 8.542s status=ok active=93
[ 120.006s] SEND #00600 table=page_000769_table_3 lag=   0.4ms active=94
[ 120.122s] RECV #00551 table=page_000937_table_1 request= 9.332s scheduled= 9.333s status=ok active=93
[ 120.252s] SEND #00601 table=page_000229_table_box-pug9otka lag=   1.3ms active=94
[ 120.315s] RECV #00555 table=page_000499_table_5 request= 8.622s scheduled= 8.623s status=ok active=93
[ 120.605s] RECV #00563 table=page_001184_table_10 request= 7.384s scheduled= 7.386s status=ok active=92
[ 120.623s] SEND #00602 table=page_001306_table_1 lag=   0.7ms active=93
[ 120.629s] SEND #00603 table=page_000853_table_9 lag=   0.8ms active=94
[ 120.810s] RECV #00436 table=page_001137_table_9 request=34.838s scheduled=34.839s status=ok active=93
[ 121.049s] RECV #00562 table=page_000142_table_box_id_2 request= 7.954s scheduled= 7.955s status=ok active=92
[ 121.088s] SEND #00604 table=page_000593_table_0 lag=   0.2ms active=93
[ 121.262s] RECV #00206 table=page_000286_table_box_id_1 request=82.971s scheduled=82.972s status=ok active=92
[ 121.284s] SEND #00605 table=page_000501_table_6 lag=   1.0ms active=93
[ 121.360s] SEND #00606 table=page_001173_table_6 lag=   1.2ms active=94
[ 121.421s] RECV #00568 table=page_000841_table_28 request= 7.579s scheduled= 7.579s status=ok active=93
[ 121.473s] SEND #00607 table=page_001125_table_2 lag=   1.2ms active=94
[ 121.552s] RECV #00524 table=page_000861_table_5 request=17.097s scheduled=17.098s status=ok active=93
[ 121.760s] SEND #00608 table=page_000294_table_box_id_1 lag=   1.4ms active=94
[ 121.768s] RECV #00539 table=page_000222_table_box_id_1 request=14.012s scheduled=14.013s status=ok active=93
[ 122.016s] RECV #00351 table=page_000446_table_3 request=52.366s scheduled=52.367s status=ok active=92
[ 122.067s] SEND #00609 table=page_000716_table_2 lag=   0.7ms active=93
[ 122.109s] SEND #00610 table=page_000930_table_7 lag=   0.6ms active=94
[ 122.223s] RECV #00557 table=page_001122_table_2 request=10.223s scheduled=10.224s status=ok active=93
[ 122.306s] SEND #00611 table=page_001194_table_3 lag=   0.5ms active=94
[ 122.342s] SEND #00612 table=page_000271_table_box_id_1 lag=   0.4ms active=95
[ 122.371s] RECV #00533 table=page_000536_table_4 request=16.122s scheduled=16.123s status=ok active=94
[ 122.616s] RECV #00496 table=page_000642_table_6 request=23.014s scheduled=23.015s status=ok active=93
[ 122.889s] RECV #00579 table=page_000789_table_34 request= 6.818s scheduled= 6.819s status=ok active=92
[ 123.066s] SEND #00613 table=page_000776_table_4 lag=   1.8ms active=93
[ 123.121s] RECV #00244 table=page_001276_table_2 request=75.478s scheduled=75.479s status=ok active=92
[ 123.182s] SEND #00614 table=page_001368_table_box_id_276 lag=   1.1ms active=93
[ 123.369s] RECV #00506 table=page_000593_table_0 request=22.738s scheduled=22.740s status=ok active=92
[ 123.588s] RECV #00541 table=page_000652_table_2 request=15.419s scheduled=15.421s status=ok active=91
[ 123.670s] SEND #00615 table=page_000543_table_8 lag=   0.5ms active=92
[ 123.932s] SEND #00616 table=page_000178_table_box_id_1 lag=   1.3ms active=93
[ 124.117s] SEND #00617 table=page_000626_table_box_id_7 lag=   0.4ms active=94
[ 124.145s] RECV #00567 table=page_001376_table_13 request=10.389s scheduled=10.391s status=ok active=93
[ 124.178s] SEND #00618 table=page_001136_table_4 lag=   0.2ms active=94
[ 124.328s] SEND #00619 table=page_001219_table_box_id_1 lag=   0.8ms active=95
[ 124.357s] SEND #00620 table=page_001174_table_box_id_2 lag=   0.3ms active=96
[ 124.388s] SEND #00621 table=page_001368_table_box_id_250 lag=   0.8ms active=97
[ 124.477s] RECV #00572 table=page_000200_table_box_id_7 request= 9.691s scheduled= 9.691s status=ok active=96
[ 124.478s] RECV #00542 table=page_000612_table_6 request=16.036s scheduled=16.037s status=ok active=95
[ 124.640s] SEND #00622 table=page_000521_table_2 lag=   1.1ms active=96
[ 124.705s] RECV #00547 table=page_000565_table_1 request=15.348s scheduled=15.349s status=ok active=95
[ 124.729s] SEND #00623 table=page_000647_table_2 lag=   0.6ms active=96
[ 125.007s] SEND #00624 table=page_000511_table_1 lag=   0.4ms active=97
[ 125.038s] RECV #00346 table=page_001367_table_60 request=56.432s scheduled=56.433s status=ok active=96
[ 125.062s] SEND #00625 table=page_001375_table_31 lag=   0.4ms active=97
[ 125.316s] SEND #00626 table=page_000645_table_7 lag=   1.4ms active=98
[ 125.478s] RECV #00504 table=page_001210_table_4 request=25.084s scheduled=25.085s status=ok active=97
[ 125.569s] SEND #00627 table=page_000496_table_4 lag=   0.5ms active=98
[ 125.643s] SEND #00628 table=page_000647_table_5 lag=   1.9ms active=99
[ 125.664s] SEND #00629 table=page_000634_table_11 lag=   0.5ms active=100
[ 125.726s] RECV #00584 table=page_000433_table_13 request= 8.981s scheduled= 8.982s status=ok active=99
[ 125.726s] RECV #00544 table=page_001595_table_box_id_14 request=16.871s scheduled=16.872s status=ok active=98
[ 125.766s] SEND #00630 table=page_000227_table_box_id_1 lag=   1.0ms active=99
[ 125.902s] SEND #00631 table=page_001126_table_18 lag=   1.8ms active=100
[ 125.922s] SEND #00632 table=page_000252_table_box_id_1 lag=   0.8ms active=101
[ 125.963s] SEND #00633 table=page_000417_table_3 lag=   0.6ms active=102
[ 125.975s] SEND #00634 table=page_000238_table_box_id_2 lag=   0.8ms active=103
[ 126.137s] RECV #00561 table=page_000244_table_box-fkrm6qrz request=13.174s scheduled=13.175s status=ok active=102
[ 126.156s] SEND #00635 table=page_000243_table_box_id_1 lag=   0.2ms active=103
[ 126.481s] RECV #00590 table=page_000754_table_7 request= 8.489s scheduled= 8.491s status=ok active=102
[ 126.597s] SEND #00636 table=page_001368_table_box_id_255 lag=   1.3ms active=103
[ 126.645s] SEND #00637 table=page_001164_table_2 lag=   0.6ms active=104
[ 126.652s] SEND #00638 table=page_001209_table_4 lag=   0.9ms active=105
[ 126.736s] RECV #00595 table=page_000864_table_30 request= 8.238s scheduled= 8.239s status=ok active=104
[ 126.896s] SEND #00639 table=page_000942_table_3 lag=   0.7ms active=105
[ 126.965s] RECV #00511 table=page_001137_table_2 request=25.490s scheduled=25.490s status=ok active=104
[ 127.158s] RECV #00552 table=page_001368_table_box_id_26 request=16.076s scheduled=16.077s status=ok active=103
[ 127.233s] SEND #00640 table=page_000577_table_3 lag=   0.8ms active=104
[ 127.287s] RECV #00565 table=page_000465_table_8 request=13.915s scheduled=13.915s status=ok active=103
[ 127.504s] RECV #00581 table=page_000507_table_0 request=11.354s scheduled=11.355s status=ok active=102
[ 127.654s] RECV #00157 table=page_000291_table_box_id_0 request=99.599s scheduled=99.600s status=ok active=101
[ 127.796s] RECV #00376 table=page_000280_table_box_id_1 request=52.901s scheduled=52.901s status=ok active=100
[ 127.899s] SEND #00641 table=page_001026_table_box_id_12 lag=   1.1ms active=101
[ 127.941s] RECV #00574 table=page_001011_table_18 request=12.817s scheduled=12.817s status=ok active=100
[ 128.089s] SEND #00642 table=page_000249_table_box_id_4 lag=   0.8ms active=101
[ 128.116s] RECV #00564 table=page_001185_table_10 request=14.886s scheduled=14.887s status=ok active=100
[ 128.173s] SEND #00643 table=page_001632_table_box_id_1 lag=   1.0ms active=101
[ 128.346s] RECV #00370 table=page_000263_table_box_id_7 request=54.013s scheduled=54.014s status=ok active=100
[ 128.536s] SEND #00644 table=page_001189_table_box_id_2 lag=   0.5ms active=101
[ 128.561s] SEND #00645 table=page_000637_table_6 lag=   0.6ms active=102
[ 128.598s] RECV #00573 table=page_000925_table_10 request=13.576s scheduled=13.577s status=ok active=101
[ 128.798s] SEND #00646 table=page_000682_table_15 lag=   1.4ms active=102
[ 128.811s] RECV #00596 table=page_001368_table_box_id_165 request=10.001s scheduled=10.002s status=ok active=101
[ 128.817s] SEND #00647 table=page_001159_table_5 lag=   0.8ms active=102
[ 128.919s] SEND #00648 table=page_000291_table_box_id_0 lag=   0.4ms active=103
[ 129.010s] RECV #00593 table=page_000853_table_2 request=10.716s scheduled=10.716s status=ok active=102
[ 129.056s] SEND #00649 table=page_000595_table_25 lag=   0.4ms active=103
[ 129.151s] SEND #00650 table=page_000929_table_0 lag=   0.5ms active=104
[ 129.187s] SEND #00651 table=page_001367_table_71 lag=   0.2ms active=105
[ 129.215s] RECV #00454 table=page_000267_table_box_id_1 request=38.376s scheduled=38.377s status=ok active=104
[ 129.241s] SEND #00652 table=page_000419_table_4 lag=   0.8ms active=105
[ 129.485s] RECV #00603 table=page_000853_table_9 request= 8.856s scheduled= 8.856s status=ok active=104
[ 129.485s] RECV #00585 table=page_000229_table_box_id_3 request=12.596s scheduled=12.598s status=ok active=103
[ 129.584s] SEND #00653 table=page_001595_table_box_id_1 lag=   0.9ms active=104
[ 129.708s] SEND #00654 table=page_000803_table_12 lag=   0.5ms active=105
[ 129.796s] RECV #00481 table=page_001192_table_2 request=33.992s scheduled=33.992s status=ok active=104
[ 129.882s] SEND #00655 table=page_000500_table_3 lag=   0.9ms active=105
[ 129.929s] SEND #00656 table=page_000800_table_12 lag=   0.3ms active=106
[ 129.931s] RECV #00591 table=page_001413_table_7 request=11.877s scheduled=11.878s status=ok active=105
[ 130.093s] RECV #00437 table=page_001137_table_10 request=43.791s scheduled=43.792s status=ok active=104
[ 130.180s] SEND #00657 table=page_001367_table_72 lag=   0.4ms active=105
[ 130.260s] SEND #00658 table=page_001035_table_31 lag=   0.3ms active=106
[ 130.370s] RECV #00554 table=page_000224_table_box_id_6 request=18.763s scheduled=18.764s status=ok active=105
[ 130.441s] SEND #00659 table=page_000451_table_10 lag=   1.0ms active=106
[ 130.497s] RECV #00609 table=page_000716_table_2 request= 8.430s scheduled= 8.430s status=ok active=105
[ 130.921s] SEND #00660 table=page_000600_table_1 lag=   1.5ms active=106
[ 130.923s] RECV #00614 table=page_001368_table_box_id_276 request= 7.740s scheduled= 7.741s status=ok active=105
[ 131.113s] RECV #00613 table=page_000776_table_4 request= 8.047s scheduled= 8.049s status=ok active=104
[ 131.365s] RECV #00600 table=page_000769_table_3 request=11.359s scheduled=11.359s status=ok active=103
[ 131.365s] RECV #00610 table=page_000930_table_7 request= 9.256s scheduled= 9.257s status=ok active=102
[ 131.563s] RECV #00575 table=page_001127_table_4 request=16.206s scheduled=16.206s status=ok active=101
[ 131.800s] RECV #00598 table=page_000632_table_6 request=12.508s scheduled=12.508s status=ok active=100
[ 131.958s] SEND #00661 table=page_001398_table_box-7mwax454 lag=   1.0ms active=101
[ 131.967s] SEND #00662 table=page_001368_table_box_id_257 lag=   0.5ms active=102
[ 132.029s] RECV #00601 table=page_000229_table_box-pug9otka request=11.776s scheduled=11.778s status=ok active=101
[ 132.195s] RECV #00589 table=page_000182_table_box_id_2 request=14.541s scheduled=14.542s status=ok active=100
[ 132.286s] SEND #00663 table=page_000225_table_box_id_9 lag=   0.9ms active=101
[ 132.391s] RECV #00623 table=page_000647_table_2 request= 7.662s scheduled= 7.663s status=ok active=100
[ 132.652s] RECV #00577 table=page_001150_table_box_id_9 request=17.061s scheduled=17.062s status=ok active=99
[ 132.676s] SEND #00664 table=page_001522_table_8 lag=   1.0ms active=100
[ 132.753s] SEND #00665 table=page_001275_table_3 lag=   1.0ms active=101
[ 132.809s] RECV #00566 table=page_001368_table_box_id_218 request=19.163s scheduled=19.164s status=ok active=100
[ 132.849s] SEND #00666 table=page_001160_table_6 lag=   0.5ms active=101
[ 133.023s] SEND #00667 table=page_000665_table_38 lag=   0.9ms active=102
[ 133.184s] RECV #00587 table=page_001162_table_3 request=15.992s scheduled=15.993s status=ok active=101
[ 133.348s] RECV #00580 table=page_000257_table_box_id_20 request=17.214s scheduled=17.215s status=ok active=100
[ 133.526s] SEND #00668 table=page_000629_table_14 lag=   1.1ms active=101
[ 133.550s] RECV #00625 table=page_001375_table_31 request= 8.488s scheduled= 8.489s status=ok active=100
[ 133.627s] SEND #00669 table=page_000841_table_28 lag=   0.4ms active=101
[ 133.728s] RECV #00578 table=page_001168_table_0 request=18.091s scheduled=18.092s status=ok active=100
[ 134.046s] RECV #00592 table=page_000916_table_7 request=15.804s scheduled=15.804s status=ok active=99
[ 134.051s] SEND #00670 table=page_000508_table_4 lag=   0.3ms active=100
[ 134.338s] SEND #00671 table=page_000775_table_2 lag=   2.2ms active=101
[ 134.349s] RECV #00615 table=page_000543_table_8 request=10.679s scheduled=10.679s status=ok active=100
[ 134.369s] SEND #00672 table=page_001367_table_68 lag=   0.4ms active=101
[ 134.667s] RECV #00399 table=page_001187_table_0 request=56.996s scheduled=56.997s status=ok active=100
[ 134.859s] SEND #00673 table=page_001167_table_8 lag=   0.6ms active=101
[ 134.862s] SEND #00674 table=page_000683_table_5 lag=   0.5ms active=102
[ 134.894s] SEND #00675 table=page_001154_table_10 lag=   0.9ms active=103
[ 134.902s] RECV #00447 table=page_001147_table_5 request=45.939s scheduled=45.940s status=ok active=102
[ 135.113s] SEND #00676 table=page_001215_table_5 lag=   1.4ms active=103
[ 135.124s] SEND #00677 table=page_001368_table_box_id_220 lag=   0.8ms active=104
[ 135.142s] RECV #00602 table=page_001306_table_1 request=14.519s scheduled=14.520s status=ok active=103
[ 135.219s] SEND #00678 table=page_000585_table_1 lag=   0.6ms active=104
[ 135.247s] SEND #00679 table=page_000506_table_9 lag=   1.0ms active=105
[ 135.309s] RECV #00597 table=page_000243_table_box_id_1 request=16.097s scheduled=16.098s status=ok active=104
[ 135.371s] SEND #00680 table=page_000518_table_11 lag=   0.4ms active=105
[ 135.449s] RECV #00576 table=page_000418_table_3 request=19.906s scheduled=19.906s status=ok active=104
[ 135.739s] SEND #00681 table=page_001137_table_10 lag=   1.8ms active=105
[ 135.745s] RECV #00626 table=page_000645_table_7 request=10.429s scheduled=10.430s status=ok active=104
[ 135.909s] RECV #00251 table=page_000286_table_box_id_1 request=87.125s scheduled=87.126s status=ok active=103
[ 136.212s] SEND #00682 table=page_000628_table_6 lag=   1.2ms active=104
[ 136.219s] SEND #00683 table=page_000281_table_box_id_1 lag=   1.2ms active=105
[ 136.231s] SEND #00684 table=page_000241_table_box_id_2 lag=   0.9ms active=106
[ 136.324s] RECV #00571 table=page_000503_table_1 request=22.122s scheduled=22.122s status=ok active=105
[ 136.529s] RECV #00631 table=page_001126_table_18 request=10.626s scheduled=10.628s status=ok active=104
[ 136.598s] SEND #00685 table=page_000250_table_box_id_4 lag=   0.7ms active=105
[ 136.607s] SEND #00686 table=page_000744_table_11 lag=   1.0ms active=106
[ 136.671s] SEND #00687 table=page_000697_table_9 lag=   0.9ms active=107
[ 136.692s] RECV #00621 table=page_001368_table_box_id_250 request=12.304s scheduled=12.305s status=ok active=106
[ 136.695s] SEND #00688 table=page_000262_table_box_id_1 lag=   0.3ms active=107
[ 136.715s] SEND #00689 table=page_000554_table_12 lag=   1.2ms active=108
[ 136.720s] SEND #00690 table=page_000244_table_box-fkrm6qrz lag=   0.4ms active=109
[ 136.852s] RECV #00528 table=page_000223_table_box_id_2 request=31.135s scheduled=31.137s status=ok active=108
[ 136.925s] SEND #00691 table=page_001398_table_box-1nnly5de lag=   2.1ms active=109
[ 137.197s] SEND #00692 table=page_001210_table_4 lag=   1.4ms active=110
[ 137.401s] RECV #00618 table=page_001136_table_4 request=13.223s scheduled=13.223s status=ok active=109
[ 137.428s] SEND #00693 table=page_000499_table_5 lag=   0.3ms active=110
[ 137.673s] RECV #00638 table=page_001209_table_4 request=11.021s scheduled=11.021s status=ok active=109
[ 137.673s] RECV #00643 table=page_001632_table_box_id_1 request= 9.501s scheduled= 9.502s status=ok active=108
[ 137.802s] SEND #00694 table=page_001342_table_2 lag=   0.4ms active=109
[ 138.020s] SEND #00695 table=page_001375_table_7 lag=   1.3ms active=110
[ 138.036s] RECV #00649 table=page_000595_table_25 request= 8.980s scheduled= 8.981s status=ok active=109
[ 138.118s] SEND #00696 table=page_001089_table_box_id_16 lag=   0.6ms active=110
[ 138.220s] RECV #00620 table=page_001174_table_box_id_2 request=13.863s scheduled=13.863s status=ok active=109
[ 138.318s] SEND #00697 table=page_000864_table_30 lag=   0.5ms active=110
[ 138.421s] RECV #00646 table=page_000682_table_15 request= 9.623s scheduled= 9.625s status=ok active=109
[ 138.585s] RECV #00599 table=page_000641_table_6 request=19.242s scheduled=19.243s status=ok active=108
[ 138.919s] RECV #00636 table=page_001368_table_box_id_255 request=12.322s scheduled=12.323s status=ok active=107
[ 139.016s] SEND #00698 table=page_001134_table_10 lag=   0.5ms active=108
[ 139.102s] RECV #00634 table=page_000238_table_box_id_2 request=13.127s scheduled=13.128s status=ok active=107
[ 139.223s] SEND #00699 table=page_000513_table_1 lag=   2.1ms active=108
[ 139.277s] SEND #00700 table=page_000228_table_box_id_1 lag=   0.5ms active=109
[ 139.289s] SEND #00701 table=page_001368_table_box_id_229 lag=   0.2ms active=110
[ 139.344s] RECV #00611 table=page_001194_table_3 request=17.039s scheduled=17.039s status=ok active=109
[ 139.537s] RECV #00628 table=page_000647_table_5 request=13.894s scheduled=13.896s status=ok active=108
[ 139.718s] RECV #00607 table=page_001125_table_2 request=18.245s scheduled=18.247s status=ok active=107
[ 139.826s] RECV #00640 table=page_000577_table_3 request=12.593s scheduled=12.594s status=ok active=106
[ 139.827s] RECV #00654 table=page_000803_table_12 request=10.119s scheduled=10.120s status=ok active=105
[ 139.837s] SEND #00702 table=page_001180_table_16 lag=   0.8ms active=106
[ 140.016s] SEND #00703 table=page_000213_table_box_id_5 lag=   1.3ms active=107
[ 140.102s] SEND #00704 table=page_000532_table_4 lag=   0.6ms active=108
[ 140.198s] RECV #00656 table=page_000800_table_12 request=10.269s scheduled=10.269s status=ok active=107
[ 140.288s] SEND #00705 table=page_000639_table_4 lag=   1.1ms active=108
[ 140.403s] RECV #00651 table=page_001367_table_71 request=11.215s scheduled=11.215s status=ok active=107
[ 140.452s] SEND #00706 table=page_000935_table_11 lag=   0.7ms active=108
[ 140.600s] SEND #00707 table=page_001170_table_7 lag=   1.3ms active=109
[ 140.612s] SEND #00708 table=page_001140_table_11 lag=   0.9ms active=110
[ 140.700s] SEND #00709 table=page_000838_table_4 lag=   1.0ms active=111
[ 140.781s] RECV #00285 table=page_000276_table_box_id_5 request=84.971s scheduled=84.971s status=ok active=110
[ 140.806s] SEND #00710 table=page_000647_table_5 lag=   0.8ms active=111
[ 140.851s] SEND #00711 table=page_000647_table_1 lag=   1.1ms active=112
[ 141.153s] RECV #00594 table=page_001143_table_8 request=22.693s scheduled=22.694s status=ok active=111
[ 141.275s] SEND #00712 table=page_001146_table_11 lag=   0.7ms active=112
[ 141.332s] RECV #00635 table=page_000243_table_box_id_1 request=15.175s scheduled=15.176s status=ok active=111
[ 141.385s] SEND #00713 table=page_000434_table_15 lag=   1.3ms active=112
[ 141.520s] RECV #00660 table=page_000600_table_1 request=10.599s scheduled=10.600s status=ok active=111
[ 141.602s] SEND #00714 table=page_001375_table_1 lag=   0.3ms active=112
[ 141.852s] SEND #00715 table=page_001214_table_8 lag=   0.5ms active=113
[ 141.911s] RECV #00641 table=page_001026_table_box_id_12 request=14.012s scheduled=14.013s status=ok active=112
[ 142.046s] RECV #00657 table=page_001367_table_72 request=11.866s scheduled=11.867s status=ok active=111
[ 142.124s] SEND #00716 table=page_000355_table_3 lag=   1.2ms active=112
[ 142.244s] RECV #00644 table=page_001189_table_box_id_2 request=13.708s scheduled=13.708s status=ok active=111
[ 142.379s] SEND #00717 table=page_001036_table_box_id_4 lag=   0.5ms active=112
[ 142.415s] RECV #00639 table=page_000942_table_3 request=15.520s scheduled=15.520s status=ok active=111
[ 142.416s] RECV #00667 table=page_000665_table_38 request= 9.392s scheduled= 9.393s status=ok active=110
[ 142.658s] SEND #00718 table=page_000665_table_3 lag=   0.7ms active=111
[ 142.716s] SEND #00719 table=page_000282_table_box_id_1 lag=   0.7ms active=112
[ 142.735s] RECV #00508 table=page_001147_table_9 request=41.930s scheduled=41.931s status=ok active=111
[ 143.149s] RECV #00497 table=page_001179_table_6 request=43.518s scheduled=43.518s status=ok active=110
[ 143.298s] RECV #00669 table=page_000841_table_28 request= 9.670s scheduled= 9.671s status=ok active=109
[ 143.466s] SEND #00720 table=page_001144_table_11 lag=   1.0ms active=110
[ 143.498s] SEND #00721 table=page_001248_table_0 lag=   0.5ms active=111
[ 143.538s] RECV #00558 table=page_000630_table_2 request=31.123s scheduled=31.125s status=ok active=110
[ 143.846s] RECV #00545 table=page_001153_table_0 request=34.793s scheduled=34.793s status=ok active=109
[ 144.001s] SEND #00722 table=page_000279_table_box_id_0 lag=   1.0ms active=110
[ 144.024s] RECV #00470 table=page_000255_table_box_id_2 request=50.749s scheduled=50.750s status=ok active=109
[ 144.214s] RECV #00604 table=page_000593_table_0 request=23.126s scheduled=23.127s status=ok active=108
[ 144.215s] RECV #00671 table=page_000775_table_2 request= 9.878s scheduled= 9.880s status=ok active=107
[ 144.386s] SEND #00723 table=page_000495_table_9 lag=   0.5ms active=108
[ 144.429s] RECV #00650 table=page_000929_table_0 request=15.278s scheduled=15.279s status=ok active=107
[ 144.628s] RECV #00674 table=page_000683_table_5 request= 9.766s scheduled= 9.767s status=ok active=106
[ 144.769s] SEND #00724 table=page_000280_table_box_id_1 lag=   1.1ms active=107
[ 144.780s] SEND #00725 table=page_000277_table_box_id_1 lag=   1.5ms active=108
[ 144.798s] SEND #00726 table=page_001595_table_box_id_5 lag=   0.3ms active=109
[ 144.908s] RECV #00521 table=page_001222_table_2 request=41.043s scheduled=41.043s status=ok active=108
[ 145.133s] SEND #00727 table=page_001516_table_17 lag=   0.4ms active=109
[ 145.139s] RECV #00629 table=page_000634_table_11 request=19.475s scheduled=19.475s status=ok active=108
[ 145.260s] SEND #00728 table=page_000763_table_7 lag=   0.9ms active=109
[ 145.319s] RECV #00662 table=page_001368_table_box_id_257 request=13.352s scheduled=13.353s status=ok active=108
[ 145.319s] RECV #00663 table=page_000225_table_box_id_9 request=13.033s scheduled=13.034s status=ok active=107
[ 145.353s] SEND #00729 table=page_000466_table_0 lag=   0.9ms active=108
[ 145.874s] RECV #00633 table=page_000417_table_3 request=19.911s scheduled=19.911s status=ok active=107
[ 146.160s] RECV #00622 table=page_000521_table_2 request=21.521s scheduled=21.522s status=ok active=106
[ 146.188s] SEND #00730 table=page_000715_table_10 lag=   0.5ms active=107
[ 146.196s] SEND #00731 table=page_001367_table_52 lag=   0.3ms active=108
[ 146.348s] SEND #00732 table=page_000201_table_box-w2ehqidz lag=   0.6ms active=109
[ 146.452s] RECV #00632 table=page_000252_table_box_id_1 request=20.529s scheduled=20.530s status=ok active=108
[ 146.466s] SEND #00733 table=page_000683_table_8 lag=   1.4ms active=109
[ 146.494s] SEND #00734 table=page_000866_table_10 lag=   2.0ms active=110
[ 146.593s] SEND #00735 table=page_000223_table_box_id_4 lag=   0.5ms active=111
[ 146.839s] RECV #00686 table=page_000744_table_11 request=10.232s scheduled=10.233s status=ok active=110
[ 146.840s] SEND #00736 table=page_000656_table_19 lag=   0.8ms active=111
[ 147.128s] RECV #00677 table=page_001368_table_box_id_220 request=12.004s scheduled=12.005s status=ok active=110
[ 147.268s] SEND #00737 table=page_001395_table_7 lag=   0.8ms active=111
[ 147.273s] SEND #00738 table=page_000220_table_box_id_10 lag=   0.8ms active=112
[ 147.380s] RECV #00661 table=page_001398_table_box-7mwax454 request=15.422s scheduled=15.423s status=ok active=111
[ 147.421s] SEND #00739 table=page_000239_table_box_id_1 lag=   0.7ms active=112
[ 147.441s] SEND #00740 table=page_000233_table_box_id_2 lag=   1.8ms active=113
[ 147.631s] RECV #00569 table=page_000292_table_box_id_2 request=33.574s scheduled=33.574s status=ok active=112
[ 147.763s] SEND #00741 table=page_000209_table_box_id_1 lag=   1.1ms active=113
[ 147.780s] SEND #00742 table=page_000227_table_box_id_1 lag=   0.2ms active=114
[ 147.787s] SEND #00743 table=page_000264_table_box_id_5 lag=   0.3ms active=115
[ 147.884s] SEND #00744 table=page_000763_table_2 lag=   0.3ms active=116
[ 147.895s] RECV #00673 table=page_001167_table_8 request=13.036s scheduled=13.036s status=ok active=115
[ 148.035s] RECV #00647 table=page_001159_table_5 request=19.217s scheduled=19.218s status=ok active=114
[ 148.148s] SEND #00745 table=page_001227_table_10 lag=   1.2ms active=115
[ 148.217s] RECV #00642 table=page_000249_table_box_id_4 request=20.129s scheduled=20.130s status=ok active=114
[ 148.223s] SEND #00746 table=page_000261_table_box_id_3 lag=   0.5ms active=115
[ 148.251s] SEND #00747 table=page_001368_table_box_id_242 lag=   0.9ms active=116
[ 148.549s] RECV #00687 table=page_000697_table_9 request=11.878s scheduled=11.879s status=ok active=115
[ 148.569s] SEND #00748 table=page_001117_table_box_id_17 lag=   1.9ms active=116
[ 148.897s] SEND #00749 table=page_000253_table_box_id_2 lag=   1.3ms active=117
[ 148.901s] RECV #00680 table=page_000518_table_11 request=13.530s scheduled=13.530s status=ok active=116
[ 149.213s] RECV #00670 table=page_000508_table_4 request=15.162s scheduled=15.162s status=ok active=115
[ 149.284s] SEND #00750 table=page_000635_table_0 lag=   0.5ms active=116
[ 149.357s] SEND #00751 table=page_001219_table_box_id_4 lag=   1.3ms active=117
[ 149.467s] SEND #00752 table=page_000533_table_8 lag=   0.8ms active=118
[ 149.475s] RECV #00582 table=page_001270_table_box_id_1 request=32.970s scheduled=32.971s status=ok active=117
[ 149.523s] SEND #00753 table=page_000833_table_4 lag=   0.4ms active=118
[ 149.687s] SEND #00754 table=page_001177_table_2 lag=   1.1ms active=119
[ 149.746s] RECV #00666 table=page_001160_table_6 request=16.896s scheduled=16.897s status=ok active=118
[ 149.766s] SEND #00755 table=page_000534_table_4 lag=   0.7ms active=119
[ 149.848s] SEND #00756 table=page_000208_table_box_id_7 lag=   0.2ms active=120
[ 150.004s] RECV #00697 table=page_000864_table_30 request=11.686s scheduled=11.687s status=ok active=119
[ 150.148s] RECV #00689 table=page_000554_table_12 request=13.433s scheduled=13.434s status=ok active=118
[ 150.155s] SEND #00757 table=page_000270_table_box_id_0 lag=   0.3ms active=119
[ 150.377s] RECV #00570 table=page_000199_table_box_id_0 request=36.316s scheduled=36.317s status=ok active=118
[ 150.728s] RECV #00664 table=page_001522_table_8 request=18.052s scheduled=18.053s status=ok active=117
[ 150.782s] SEND #00758 table=page_000520_table_6 lag=   1.3ms active=118
[ 150.889s] RECV #00658 table=page_001035_table_31 request=20.629s scheduled=20.629s status=ok active=117
[ 150.957s] SEND #00759 table=page_001134_table_11 lag=   1.5ms active=118
[ 150.979s] SEND #00760 table=page_001125_table_4 lag=   0.7ms active=119
[ 151.190s] SEND #00761 table=page_001140_table_12 lag=   0.7ms active=120
[ 151.203s] RECV #00684 table=page_000241_table_box_id_2 request=14.972s scheduled=14.973s status=ok active=119
[ 151.310s] SEND #00762 table=page_000524_table_0 lag=   1.0ms active=120
[ 151.505s] RECV #00693 table=page_000499_table_5 request=14.077s scheduled=14.077s status=ok active=119
[ 151.827s] RECV #00668 table=page_000629_table_14 request=18.301s scheduled=18.302s status=ok active=118
[ 152.089s] RECV #00695 table=page_001375_table_7 request=14.069s scheduled=14.070s status=ok active=117
[ 152.194s] SEND #00763 table=page_000226_table_box_id_5 lag=   0.8ms active=118
[ 152.449s] SEND #00764 table=page_001449_table_1 lag=   1.0ms active=119
[ 152.607s] RECV #00675 table=page_001154_table_10 request=17.714s scheduled=17.714s status=ok active=118
[ 152.803s] RECV #00652 table=page_000419_table_4 request=23.562s scheduled=23.563s status=ok active=117
[ 152.809s] SEND #00765 table=page_001147_table_8 lag=   0.7ms active=118
[ 153.030s] RECV #00709 table=page_000838_table_4 request=12.330s scheduled=12.331s status=ok active=117
[ 153.050s] SEND #00766 table=page_000655_table_5 lag=   0.9ms active=118
[ 153.204s] SEND #00767 table=page_000533_table_5 lag=   0.6ms active=119
[ 153.258s] RECV #00630 table=page_000227_table_box_id_1 request=27.492s scheduled=27.493s status=ok active=118
[ 153.413s] RECV #00616 table=page_000178_table_box_id_1 request=29.481s scheduled=29.482s status=ok active=117
[ 153.556s] RECV #00688 table=page_000262_table_box_id_1 request=16.861s scheduled=16.861s status=ok active=116
[ 153.557s] RECV #00445 table=page_000216_table_box_id_0 request=64.952s scheduled=64.953s status=ok active=115
[ 153.658s] SEND #00768 table=page_000220_table_box_id_10 lag=   0.9ms active=116
[ 153.963s] RECV #00706 table=page_000935_table_11 request=13.511s scheduled=13.511s status=ok active=115
[ 154.014s] SEND #00769 table=page_000523_table_0 lag=   0.6ms active=116
[ 154.083s] SEND #00770 table=page_000496_table_4 lag=   0.8ms active=117
[ 154.118s] SEND #00771 table=page_001129_table_8 lag=   1.0ms active=118
[ 154.195s] RECV #00711 table=page_000647_table_1 request=13.344s scheduled=13.345s status=ok active=117
[ 154.210s] SEND #00772 table=page_000264_table_box_id_5 lag=   0.9ms active=118
[ 154.357s] SEND #00773 table=page_001011_table_35 lag=   0.9ms active=119
[ 154.376s] RECV #00655 table=page_000500_table_3 request=24.494s scheduled=24.495s status=ok active=118
[ 154.377s] SEND #00774 table=page_000636_table_5 lag=   0.4ms active=119
[ 154.462s] SEND #00775 table=page_000920_table_3 lag=   0.4ms active=120
[ 154.609s] RECV #00718 table=page_000665_table_3 request=11.951s scheduled=11.952s status=ok active=119
[ 154.634s] SEND #00776 table=page_000838_table_1 lag=   1.1ms active=120
[ 154.643s] SEND #00777 table=page_000220_table_box_id_3 lag=   1.0ms active=121
[ 154.736s] RECV #00704 table=page_000532_table_4 request=14.634s scheduled=14.635s status=ok active=120
[ 154.949s] RECV #00691 table=page_001398_table_box-1nnly5de request=18.025s scheduled=18.027s status=ok active=119
[ 154.980s] SEND #00778 table=page_000781_table_0 lag=   0.8ms active=120
[ 155.119s] RECV #00690 table=page_000244_table_box-fkrm6qrz request=18.399s scheduled=18.400s status=ok active=119
[ 155.190s] SEND #00779 table=page_000465_table_4 lag=   0.4ms active=120
[ 155.266s] SEND #00780 table=page_001135_table_6 lag=   1.0ms active=121
[ 155.337s] SEND #00781 table=page_000826_table_32 lag=   1.1ms active=122
[ 155.417s] RECV #00672 table=page_001367_table_68 request=21.049s scheduled=21.049s status=ok active=121
[ 155.423s] SEND #00782 table=page_000300_table_1 lag=   0.3ms active=122
[ 155.502s] SEND #00783 table=page_001189_table_box_id_3 lag=   0.6ms active=123
[ 155.603s] RECV #00716 table=page_000355_table_3 request=13.479s scheduled=13.480s status=ok active=122
[ 155.780s] SEND #00784 table=page_000629_table_14 lag=   2.3ms active=123
[ 155.809s] RECV #00548 table=page_000632_table_0 request=46.252s scheduled=46.253s status=ok active=122
[ 155.918s] SEND #00785 table=page_001171_table_6 lag=   1.1ms active=123
[ 156.067s] SEND #00786 table=page_001368_table_box_id_244 lag=   1.0ms active=124
[ 156.099s] SEND #00787 table=page_001368_table_box_id_263 lag=   0.8ms active=125
[ 156.194s] RECV #00702 table=page_001180_table_16 request=16.357s scheduled=16.358s status=ok active=124
[ 156.591s] SEND #00788 table=page_000238_table_box_id_2 lag=   1.5ms active=125
[ 156.669s] SEND #00789 table=page_001398_table_box-5zkimf1o lag=   0.8ms active=126
[ 156.699s] RECV #00707 table=page_001170_table_7 request=16.099s scheduled=16.100s status=ok active=125
[ 156.749s] SEND #00790 table=page_000202_table_box_id_0 lag=   0.8ms active=126
[ 156.764s] SEND #00791 table=page_000268_table_box_id_2 lag=   1.4ms active=127
[ 156.930s] RECV #00682 table=page_000628_table_6 request=20.719s scheduled=20.720s status=ok active=126
[ 157.189s] RECV #00608 table=page_000294_table_box_id_1 request=35.429s scheduled=35.430s status=ok active=125
[ 157.372s] RECV #00696 table=page_001089_table_box_id_16 request=19.253s scheduled=19.254s status=ok active=124
[ 157.510s] RECV #00728 table=page_000763_table_7 request=12.250s scheduled=12.251s status=ok active=123
[ 157.540s] SEND #00792 table=page_000941_table_1 lag=   0.8ms active=124
[ 157.670s] SEND #00793 table=page_000106_table_box_id_2 lag=   0.6ms active=125
[ 157.894s] RECV #00605 table=page_000501_table_6 request=36.610s scheduled=36.611s status=ok active=124
[ 158.010s] RECV #00730 table=page_000715_table_10 request=11.822s scheduled=11.822s status=ok active=123
[ 158.158s] SEND #00794 table=page_000523_table_1 lag=   1.0ms active=124
[ 158.198s] RECV #00416 table=page_000279_table_box-fy04hrwa request=76.750s scheduled=76.751s status=ok active=123
[ 158.552s] RECV #00734 table=page_000866_table_10 request=12.058s scheduled=12.060s status=ok active=122
[ 158.684s] SEND #00795 table=page_001157_table_5 lag=   0.9ms active=123
[ 158.765s] RECV #00712 table=page_001146_table_11 request=17.491s scheduled=17.491s status=ok active=122
[ 159.013s] RECV #00678 table=page_000585_table_1 request=23.794s scheduled=23.795s status=ok active=121
[ 159.014s] RECV #00736 table=page_000656_table_19 request=12.175s scheduled=12.175s status=ok active=120
[ 159.371s] RECV #00694 table=page_001342_table_2 request=21.569s scheduled=21.570s status=ok active=119
[ 159.383s] SEND #00796 table=page_000668_table_15 lag=   0.6ms active=120
[ 159.526s] RECV #00701 table=page_001368_table_box_id_229 request=20.236s scheduled=20.236s status=ok active=119
[ 159.721s] SEND #00797 table=page_000277_table_box_id_1 lag=   0.9ms active=120
[ 159.738s] RECV #00733 table=page_000683_table_8 request=13.272s scheduled=13.273s status=ok active=119
[ 159.739s] RECV #00710 table=page_000647_table_5 request=18.933s scheduled=18.934s status=ok active=118
[ 159.969s] RECV #00735 table=page_000223_table_box_id_4 request=13.376s scheduled=13.377s status=ok active=117
[ 160.241s] SEND #00798 table=page_001367_table_67 lag=   1.6ms active=118
[ 160.610s] RECV #00703 table=page_000213_table_box_id_5 request=20.594s scheduled=20.595s status=ok active=117
[ 160.751s] SEND #00799 table=page_000712_table_4 lag=   0.6ms active=118
[ 160.783s] RECV #00744 table=page_000763_table_2 request=12.900s scheduled=12.900s status=ok active=117
[ 160.960s] RECV #00715 table=page_001214_table_8 request=19.108s scheduled=19.109s status=ok active=116
[ 161.075s] SEND #00800 table=page_000526_table_7 lag=   1.5ms active=117
[ 161.104s] SEND #00801 table=page_001220_table_8 lag=   1.0ms active=118
[ 161.252s] SEND #00802 table=page_001375_table_3 lag=   0.7ms active=119
[ 161.395s] RECV #00699 table=page_000513_table_1 request=22.172s scheduled=22.174s status=ok active=118
[ 161.423s] SEND #00803 table=page_001197_table_5 lag=   0.6ms active=119
[ 161.546s] RECV #00713 table=page_000434_table_15 request=20.161s scheduled=20.162s status=ok active=118
[ 161.547s] RECV #00583 table=page_000466_table_0 request=44.894s scheduled=44.895s status=ok active=117
[ 161.548s] RECV #00679 table=page_000506_table_9 request=26.301s scheduled=26.302s status=ok active=116
[ 161.549s] RECV #00624 table=page_000511_table_1 request=36.542s scheduled=36.542s status=ok active=115
[ 162.128s] RECV #00721 table=page_001248_table_0 request=18.630s scheduled=18.630s status=ok active=114
[ 162.402s] SEND #00804 table=page_001036_table_box_id_4 lag=   1.1ms active=115
[ 162.541s] RECV #00727 table=page_001516_table_17 request=17.408s scheduled=17.408s status=ok active=114
[ 162.708s] SEND #00805 table=page_001119_table_box_id_2 lag=   0.5ms active=115
[ 162.857s] RECV #00659 table=page_000451_table_10 request=32.417s scheduled=32.418s status=ok active=114
[ 162.951s] SEND #00806 table=page_001367_table_51 lag=   0.9ms active=115
[ 163.036s] RECV #00588 table=page_000285_table_box_id_1 request=45.632s scheduled=45.633s status=ok active=114
[ 163.226s] SEND #00807 table=page_000668_table_15 lag=   1.2ms active=115
[ 163.282s] RECV #00748 table=page_001117_table_box_id_17 request=14.713s scheduled=14.715s status=ok active=114
[ 163.315s] SEND #00808 table=page_000292_table_box_id_5 lag=   0.8ms active=115
[ 163.544s] RECV #00720 table=page_001144_table_11 request=20.078s scheduled=20.079s status=ok active=114
[ 163.732s] RECV #00741 table=page_000209_table_box_id_1 request=15.969s scheduled=15.970s status=ok active=113
[ 163.886s] SEND #00809 table=page_000273_table_box_id_1 lag=   1.2ms active=114
[ 164.008s] RECV #00510 table=page_001367_table_60 request=62.668s scheduled=62.668s status=ok active=113
[ 164.092s] SEND #00810 table=page_001193_table_8 lag=   0.5ms active=114
[ 164.195s] SEND #00811 table=page_001368_table_box_id_159 lag=   0.6ms active=115
[ 164.272s] RECV #00301 table=page_000295_table_box_id_1 request=104.422s scheduled=104.423s status=ok active=114
[ 164.320s] SEND #00812 table=page_000247_table_box_id_0 lag=   0.9ms active=115
[ 164.430s] RECV #00738 table=page_000220_table_box_id_10 request=17.158s scheduled=17.158s status=ok active=114
[ 164.659s] RECV #00737 table=page_001395_table_7 request=17.392s scheduled=17.392s status=ok active=113
[ 165.005s] RECV #00747 table=page_001368_table_box_id_242 request=16.754s scheduled=16.755s status=ok active=112
[ 165.005s] RECV #00606 table=page_001173_table_6 request=43.645s scheduled=43.647s status=ok active=111
[ 165.100s] SEND #00813 table=page_001148_table_3 lag=   0.9ms active=112
[ 165.253s] SEND #00814 table=page_000763_table_7 lag=   1.2ms active=113
[ 165.288s] SEND #00815 table=page_000206_table_box_id_9 lag=   0.4ms active=114
[ 165.320s] SEND #00816 table=page_000639_table_11 lag=   0.3ms active=115
[ 165.322s] RECV #00482 table=page_000293_table_box_id_1 request=69.360s scheduled=69.361s status=ok active=114
[ 165.503s] RECV #00753 table=page_000833_table_4 request=15.980s scheduled=15.980s status=ok active=113
[ 165.554s] SEND #00817 table=page_000641_table_5 lag=   1.0ms active=114
[ 165.707s] RECV #00692 table=page_001210_table_4 request=28.510s scheduled=28.512s status=ok active=113
[ 165.719s] SEND #00818 table=page_000220_table_box_id_7 lag=   1.0ms active=114
[ 166.194s] SEND #00819 table=page_001398_table_box-bfny2f1z lag=   1.8ms active=115
[ 166.235s] SEND #00820 table=page_001169_table_11 lag=   1.0ms active=116
[ 166.341s] SEND #00821 table=page_000633_table_5 lag=   1.1ms active=117
[ 166.432s] RECV #00766 table=page_000655_table_5 request=13.382s scheduled=13.383s status=ok active=116
[ 166.433s] RECV #00700 table=page_000228_table_box_id_1 request=27.155s scheduled=27.156s status=ok active=115
[ 166.601s] SEND #00822 table=page_001271_table_4 lag=   0.8ms active=116
[ 166.612s] SEND #00823 table=page_000226_table_box_id_3 lag=   2.0ms active=117
[ 166.632s] SEND #00824 table=page_000631_table_0 lag=   1.1ms active=118
[ 166.789s] SEND #00825 table=page_000356_table_1 lag=   0.3ms active=119
[ 166.851s] SEND #00826 table=page_000207_table_box_id_1 lag=   0.9ms active=120
[ 166.874s] SEND #00827 table=page_001193_table_8 lag=   0.5ms active=121
[ 166.910s] RECV #00752 table=page_000533_table_8 request=17.443s scheduled=17.444s status=ok active=120
[ 166.935s] SEND #00828 table=page_001196_table_13 lag=   1.1ms active=121
[ 167.135s] SEND #00829 table=page_000918_table_0 lag=   1.3ms active=122
[ 167.139s] RECV #00732 table=page_000201_table_box-w2ehqidz request=20.791s scheduled=20.792s status=ok active=121
[ 167.285s] SEND #00830 table=page_001368_table_box_id_165 lag=   1.9ms active=122
[ 167.300s] SEND #00831 table=page_000226_table_box_id_3 lag=   0.5ms active=123
[ 167.315s] SEND #00832 table=page_001188_table_2 lag=   0.2ms active=124
[ 167.466s] RECV #00751 table=page_001219_table_box_id_4 request=18.109s scheduled=18.110s status=ok active=123
[ 167.696s] SEND #00833 table=page_000268_table_box_id_6 lag=   1.3ms active=124
[ 167.826s] RECV #00312 table=page_000288_table_box_id_1 request=105.664s scheduled=105.665s status=ok active=123
[ 167.902s] SEND #00834 table=page_000237_table_box_id_3 lag=   0.4ms active=124
[ 167.940s] SEND #00835 table=page_000913_table_11 lag=   0.7ms active=125
[ 168.022s] RECV #00549 table=page_001187_table_0 request=57.910s scheduled=57.911s status=ok active=124
[ 168.255s] RECV #00717 table=page_001036_table_box_id_4 request=25.876s scheduled=25.876s status=ok active=123
[ 168.336s] SEND #00836 table=page_000245_table_box_id_0 lag=   0.4ms active=124
[ 168.341s] SEND #00837 table=page_001233_table_6 lag=   1.1ms active=125
[ 168.432s] SEND #00838 table=page_000249_table_box-gjm9bkso lag=   0.3ms active=126
[ 168.445s] RECV #00708 table=page_001140_table_11 request=27.833s scheduled=27.834s status=ok active=125
[ 168.809s] SEND #00839 table=page_000242_table_box_id_3 lag=   1.0ms active=126
[ 168.843s] RECV #00761 table=page_001140_table_12 request=17.652s scheduled=17.653s status=ok active=125
[ 169.055s] RECV #00758 table=page_000520_table_6 request=18.274s scheduled=18.275s status=ok active=124
[ 169.056s] SEND #00840 table=page_000696_table_0 lag=   0.4ms active=125
[ 169.123s] SEND #00841 table=page_000638_table_1 lag=   1.1ms active=126
[ 169.184s] RECV #00763 table=page_000226_table_box_id_5 request=16.990s scheduled=16.990s status=ok active=125
[ 169.185s] RECV #00698 table=page_001134_table_10 request=30.168s scheduled=30.169s status=ok active=124
[ 169.478s] RECV #00756 table=page_000208_table_box_id_7 request=19.629s scheduled=19.630s status=ok active=123
[ 169.566s] SEND #00842 table=page_001367_table_69 lag=   0.5ms active=124
[ 169.669s] RECV #00586 table=page_001164_table_2 request=52.513s scheduled=52.514s status=ok active=123
[ 169.749s] SEND #00843 table=page_001132_table_box_id_18 lag=   0.6ms active=124
[ 169.809s] RECV #00767 table=page_000533_table_5 request=16.606s scheduled=16.607s status=ok active=123
[ 169.949s] RECV #00731 table=page_001367_table_52 request=23.753s scheduled=23.753s status=ok active=122
[ 170.151s] SEND #00844 table=page_000269_table_box_id_1 lag=   1.2ms active=123
[ 170.206s] RECV #00774 table=page_000636_table_5 request=15.829s scheduled=15.830s status=ok active=122
[ 170.337s] RECV #00619 table=page_001219_table_box_id_1 request=46.009s scheduled=46.010s status=ok active=121
[ 170.597s] SEND #00845 table=page_000793_table_8 lag=   1.3ms active=122
[ 170.608s] RECV #00764 table=page_001449_table_1 request=18.159s scheduled=18.160s status=ok active=121
[ 170.708s] SEND #00846 table=page_000251_table_box_id_7 lag=   0.9ms active=122
[ 170.885s] RECV #00768 table=page_000220_table_box_id_10 request=17.227s scheduled=17.228s status=ok active=121
[ 170.932s] SEND #00847 table=page_000942_table_3 lag=   0.2ms active=122
[ 171.041s] RECV #00778 table=page_000781_table_0 request=16.061s scheduled=16.062s status=ok active=121
[ 171.090s] SEND #00848 table=page_000763_table_26 lag=   0.2ms active=122
[ 171.242s] RECV #00739 table=page_000239_table_box_id_1 request=23.821s scheduled=23.822s status=ok active=121
[ 171.428s] RECV #00776 table=page_000838_table_1 request=16.795s scheduled=16.796s status=ok active=120
[ 171.575s] RECV #00775 table=page_000920_table_3 request=17.113s scheduled=17.113s status=ok active=119
[ 171.669s] SEND #00849 table=page_000790_table_9 lag=   1.0ms active=120
[ 171.786s] RECV #00723 table=page_000495_table_9 request=27.400s scheduled=27.401s status=ok active=119
[ 171.987s] RECV #00749 table=page_000253_table_box_id_2 request=23.090s scheduled=23.092s status=ok active=118
[ 171.989s] SEND #00850 table=page_001176_table_4 lag=   0.6ms active=119
[ 172.143s] RECV #00782 table=page_000300_table_1 request=16.720s scheduled=16.721s status=ok active=118
[ 172.249s] SEND #00851 table=page_001368_table_box_id_159 lag=   1.6ms active=119
[ 172.454s] RECV #00781 table=page_000826_table_32 request=17.117s scheduled=17.118s status=ok active=118
[ 172.584s] SEND #00852 table=page_000534_table_3 lag=   0.4ms active=119
[ 172.598s] RECV #00773 table=page_001011_table_35 request=18.240s scheduled=18.241s status=ok active=118
[ 173.147s] RECV #00685 table=page_000250_table_box_id_4 request=36.549s scheduled=36.550s status=ok active=117
[ 173.346s] RECV #00796 table=page_000668_table_15 request=13.963s scheduled=13.964s status=ok active=116
[ 173.533s] RECV #00755 table=page_000534_table_4 request=23.767s scheduled=23.768s status=ok active=115
[ 173.845s] SEND #00853 table=page_000623_table_7 lag=   1.2ms active=116
[ 173.903s] SEND #00854 table=page_000258_table_box_id_5 lag=   0.3ms active=117
[ 173.948s] SEND #00855 table=page_000577_table_3 lag=   0.3ms active=118
[ 173.998s] RECV #00754 table=page_001177_table_2 request=24.312s scheduled=24.313s status=ok active=117
[ 174.223s] SEND #00856 table=page_001368_table_box_id_167 lag=   0.9ms active=118
[ 174.239s] RECV #00726 table=page_001595_table_box_id_5 request=29.441s scheduled=29.442s status=ok active=117
[ 174.398s] RECV #00789 table=page_001398_table_box-5zkimf1o request=17.729s scheduled=17.730s status=ok active=116
[ 174.519s] SEND #00857 table=page_000799_table_6 lag=   2.2ms active=117
[ 174.637s] RECV #00665 table=page_001275_table_3 request=41.884s scheduled=41.885s status=ok active=116
[ 174.661s] SEND #00858 table=page_000465_table_9 lag=   0.3ms active=117
[ 174.795s] SEND #00859 table=page_001160_table_6 lag=   0.7ms active=118
[ 174.830s] RECV #00705 table=page_000639_table_4 request=34.542s scheduled=34.543s status=ok active=117
[ 174.831s] RECV #00769 table=page_000523_table_0 request=20.816s scheduled=20.817s status=ok active=116
[ 174.899s] SEND #00860 table=page_001152_table_0 lag=   1.2ms active=117
[ 175.126s] RECV #00617 table=page_000626_table_box_id_7 request=51.009s scheduled=51.009s status=ok active=116
[ 175.327s] SEND #00861 table=page_001164_table_9 lag=   0.9ms active=117
[ 175.363s] RECV #00676 table=page_001215_table_5 request=40.250s scheduled=40.251s status=ok active=116
[ 175.646s] SEND #00862 table=page_001191_table_2 lag=   1.4ms active=117
[ 175.666s] RECV #00808 table=page_000292_table_box_id_5 request=12.350s scheduled=12.351s status=ok active=116
[ 175.821s] SEND #00863 table=page_001208_table_12 lag=   1.0ms active=117
[ 175.829s] SEND #00864 table=page_001141_table_19 lag=   0.8ms active=118
[ 175.842s] RECV #00794 table=page_000523_table_1 request=17.683s scheduled=17.684s status=ok active=117
[ 176.003s] RECV #00777 table=page_000220_table_box_id_3 request=21.360s scheduled=21.361s status=ok active=116
[ 176.212s] SEND #00865 table=page_001496_table_3 lag=   2.3ms active=117
[ 176.289s] RECV #00786 table=page_001368_table_box_id_244 request=20.222s scheduled=20.223s status=ok active=116
[ 176.333s] SEND #00866 table=page_000182_table_box_id_2 lag=   0.9ms active=117
[ 176.375s] SEND #00867 table=page_000984_table_3 lag=   1.0ms active=118
[ 176.435s] RECV #00760 table=page_001125_table_4 request=25.456s scheduled=25.457s status=ok active=117
[ 176.446s] SEND #00868 table=page_000511_table_1 lag=   1.1ms active=118
[ 176.537s] RECV #00788 table=page_000238_table_box_id_2 request=19.945s scheduled=19.947s status=ok active=117
[ 176.682s] SEND #00869 table=page_000292_table_box_id_1 lag=   1.8ms active=118
[ 176.683s] SEND #00870 table=page_001194_table_3 lag=   1.3ms active=119
[ 176.700s] RECV #00799 table=page_000712_table_4 request=15.949s scheduled=15.949s status=ok active=118
[ 176.707s] SEND #00871 table=page_000605_table_3 lag=   0.3ms active=119
[ 176.781s] SEND #00872 table=page_001124_table_21 lag=   2.1ms active=120
[ 176.975s] RECV #00750 table=page_000635_table_0 request=27.691s scheduled=27.691s status=ok active=119
[ 177.162s] RECV #00807 table=page_000668_table_15 request=13.936s scheduled=13.937s status=ok active=118
[ 177.217s] SEND #00873 table=page_000465_table_10 lag=   1.0ms active=119
[ 177.479s] RECV #00802 table=page_001375_table_3 request=16.227s scheduled=16.228s status=ok active=118
[ 177.491s] SEND #00874 table=page_000257_table_box_id_20 lag=   0.9ms active=119
[ 177.682s] RECV #00814 table=page_000763_table_7 request=12.429s scheduled=12.430s status=ok active=118
[ 177.682s] RECV #00811 table=page_001368_table_box_id_159 request=13.487s scheduled=13.488s status=ok active=117
[ 177.916s] RECV #00790 table=page_000202_table_box_id_0 request=21.168s scheduled=21.169s status=ok active=116
[ 178.076s] RECV #00785 table=page_001171_table_6 request=22.158s scheduled=22.159s status=ok active=115
[ 178.197s] SEND #00875 table=page_000861_table_17 lag=   0.3ms active=116
[ 178.209s] RECV #00812 table=page_000247_table_box_id_0 request=13.889s scheduled=13.890s status=ok active=115
[ 178.355s] SEND #00876 table=page_000827_table_8 lag=   1.0ms active=116
[ 178.382s] RECV #00800 table=page_000526_table_7 request=17.306s scheduled=17.308s status=ok active=115
[ 178.526s] SEND #00877 table=page_001230_table_box_id_1 lag=   2.1ms active=116
[ 178.685s] SEND #00878 table=page_001197_table_4 lag=   1.0ms active=117
[ 178.756s] RECV #00792 table=page_000941_table_1 request=21.216s scheduled=21.217s status=ok active=116
[ 178.833s] SEND #00879 table=page_000203_table_box_id_3 lag=   0.4ms active=117
[ 178.964s] RECV #00779 table=page_000465_table_4 request=23.774s scheduled=23.774s status=ok active=116
[ 178.991s] SEND #00880 table=page_001184_table_6 lag=   2.1ms active=117
[ 179.215s] RECV #00783 table=page_001189_table_box_id_3 request=23.713s scheduled=23.714s status=ok active=116
[ 179.216s] RECV #00780 table=page_001135_table_6 request=23.950s scheduled=23.951s status=ok active=115
[ 179.331s] SEND #00881 table=page_001272_table_1 lag=   0.9ms active=116
[ 179.692s] RECV #00714 table=page_001375_table_1 request=38.090s scheduled=38.090s status=ok active=115
[ 179.945s] SEND #00882 table=page_001134_table_1 lag=   0.9ms active=116
[ 180.050s] SEND #00883 table=page_000827_table_8 lag=   1.4ms active=117
[ 180.059s] RECV #00742 table=page_000227_table_box_id_1 request=32.279s scheduled=32.279s status=ok active=116
[ 180.248s] SEND #00884 table=page_001367_table_3 lag=   0.5ms active=117
[ 180.322s] SEND #00885 table=page_001516_table_17 lag=   1.0ms active=118
[ 180.393s] SEND #00886 table=page_000294_table_box_id_1 lag=   0.3ms active=119
[ 180.397s] RECV #00795 table=page_001157_table_5 request=21.714s scheduled=21.715s status=ok active=118
[ 180.535s] SEND #00887 table=page_001082_table_23 lag=   0.9ms active=119
[ 180.712s] SEND #00888 table=page_000524_table_0 lag=   1.8ms active=120
[ 180.724s] RECV #00784 table=page_000629_table_14 request=24.944s scheduled=24.946s status=ok active=119
[ 180.871s] SEND #00889 table=page_001367_table_71 lag=   1.0ms active=120
[ 180.892s] RECV #00825 table=page_000356_table_1 request=14.103s scheduled=14.104s status=ok active=119
[ 181.156s] RECV #00820 table=page_001169_table_11 request=14.922s scheduled=14.923s status=ok active=118
[ 181.365s] RECV #00371 table=page_000278_table_box_id_1 request=106.932s scheduled=106.933s status=ok active=117
[ 181.366s] RECV #00830 table=page_001368_table_box_id_165 request=14.081s scheduled=14.083s status=ok active=116
[ 181.622s] SEND #00890 table=page_000938_table_5 lag=   0.9ms active=117
[ 181.657s] SEND #00891 table=page_001143_table_4 lag=   0.8ms active=118
[ 181.716s] RECV #00817 table=page_000641_table_5 request=16.163s scheduled=16.164s status=ok active=117
[ 181.861s] SEND #00892 table=page_000823_table_8 lag=   1.8ms active=118
[ 181.895s] RECV #00637 table=page_001164_table_2 request=55.250s scheduled=55.251s status=ok active=117
[ 182.180s] RECV #00683 table=page_000281_table_box_id_1 request=45.962s scheduled=45.963s status=ok active=116
[ 182.372s] RECV #00829 table=page_000918_table_0 request=15.236s scheduled=15.238s status=ok active=115
[ 182.681s] RECV #00627 table=page_000496_table_4 request=57.112s scheduled=57.113s status=ok active=114
[ 182.901s] SEND #00893 table=page_000516_table_0 lag=   0.4ms active=115
[ 183.168s] SEND #00894 table=page_000554_table_12 lag=   0.4ms active=116
[ 183.240s] RECV #00759 table=page_001134_table_11 request=32.283s scheduled=32.284s status=ok active=115
[ 183.335s] SEND #00895 table=page_001506_table_14 lag=   1.0ms active=116
[ 183.426s] SEND #00896 table=page_000205_table_box_id_11 lag=   0.4ms active=117
[ 183.530s] SEND #00897 table=page_000612_table_6 lag=   0.6ms active=118
[ 183.592s] RECV #00835 table=page_000913_table_11 request=15.652s scheduled=15.653s status=ok active=117
[ 183.724s] RECV #00762 table=page_000524_table_0 request=32.414s scheduled=32.415s status=ok active=116
[ 184.049s] RECV #00765 table=page_001147_table_8 request=31.241s scheduled=31.241s status=ok active=115
[ 184.081s] SEND #00898 table=page_000532_table_4 lag=   0.6ms active=116
[ 184.328s] RECV #00494 table=page_001274_table_4 request=85.737s scheduled=85.739s status=ok active=115
[ 184.504s] RECV #00681 table=page_001137_table_10 request=48.766s scheduled=48.767s status=ok active=114
[ 184.533s] SEND #00899 table=page_001419_table_10 lag=   1.4ms active=115
[ 184.747s] RECV #00805 table=page_001119_table_box_id_2 request=22.039s scheduled=22.040s status=ok active=114
[ 184.754s] SEND #00900 table=page_000929_table_0 lag=   0.5ms active=115
[ 185.122s] RECV #00394 table=page_000290_table_box_id_1 request=107.930s scheduled=107.930s status=ok active=114
[ 185.212s] SEND #00901 table=page_001135_table_6 lag=   0.3ms active=115
[ 185.266s] RECV #00845 table=page_000793_table_8 request=14.669s scheduled=14.670s status=ok active=114
[ 185.428s] RECV #00810 table=page_001193_table_8 request=21.336s scheduled=21.337s status=ok active=113
[ 185.635s] RECV #00798 table=page_001367_table_67 request=25.394s scheduled=25.396s status=ok active=112
[ 185.636s] RECV #00848 table=page_000763_table_26 request=14.547s scheduled=14.547s status=ok active=111
[ 185.731s] SEND #00902 table=page_000716_table_2 lag=   1.1ms active=112
[ 185.928s] RECV #00793 table=page_000106_table_box_id_2 request=28.258s scheduled=28.258s status=ok active=111
[ 186.105s] SEND #00903 table=page_001398_table_box-5zkimf1o lag=   0.4ms active=112
[ 186.202s] SEND #00904 table=page_000654_table_0 lag=   0.8ms active=113
[ 186.247s] RECV #00844 table=page_000269_table_box_id_1 request=16.096s scheduled=16.098s status=ok active=112
[ 186.327s] SEND #00905 table=page_001204_table_4 lag=   0.7ms active=113
[ 186.396s] RECV #00843 table=page_001132_table_box_id_18 request=16.647s scheduled=16.648s status=ok active=112
[ 186.559s] RECV #00819 table=page_001398_table_box-bfny2f1z request=20.364s scheduled=20.366s status=ok active=111
[ 186.645s] SEND #00906 table=page_000299_table_box_id_5 lag=   0.8ms active=112
[ 186.738s] SEND #00907 table=page_000745_table_2 lag=   1.1ms active=113
[ 186.770s] RECV #00851 table=page_001368_table_box_id_159 request=14.521s scheduled=14.522s status=ok active=112
[ 187.015s] SEND #00908 table=page_000229_table_box_id_3 lag=   0.8ms active=113
[ 187.024s] RECV #00645 table=page_000637_table_6 request=58.463s scheduled=58.463s status=ok active=112
[ 187.146s] SEND #00909 table=page_000603_table_7 lag=   1.2ms active=113
[ 187.177s] RECV #00840 table=page_000696_table_0 request=18.122s scheduled=18.122s status=ok active=112
[ 187.178s] RECV #00815 table=page_000206_table_box_id_9 request=21.890s scheduled=21.890s status=ok active=111
[ 187.228s] SEND #00910 table=page_001133_table_3 lag=   0.5ms active=112
[ 187.351s] SEND #00911 table=page_001368_table_box_id_263 lag=   2.2ms active=113
[ 187.375s] SEND #00912 table=page_000229_table_box_id_7 lag=   0.9ms active=114
[ 187.462s] SEND #00913 table=page_000269_table_box_id_1 lag=   0.6ms active=115
[ 187.489s] RECV #00856 table=page_001368_table_box_id_167 request=13.266s scheduled=13.267s status=ok active=114
[ 187.570s] SEND #00914 table=page_001128_table_2 lag=   1.1ms active=115
[ 187.573s] SEND #00915 table=page_000287_table_box_id_1 lag=   1.1ms active=116
[ 187.611s] SEND #00916 table=page_001132_table_box_id_18 lag=   1.1ms active=117
[ 187.672s] SEND #00917 table=page_000721_table_19 lag=   1.7ms active=118
[ 187.684s] RECV #00787 table=page_001368_table_box_id_263 request=31.585s scheduled=31.586s status=ok active=117
[ 187.886s] RECV #00833 table=page_000268_table_box_id_6 request=20.190s scheduled=20.191s status=ok active=116
[ 188.032s] RECV #00823 table=page_000226_table_box_id_3 request=21.420s scheduled=21.422s status=ok active=115
[ 188.061s] SEND #00918 table=page_000236_table_box_id_1 lag=   0.8ms active=116
[ 188.240s] SEND #00919 table=page_000307_table_2 lag=   1.1ms active=117
[ 188.284s] RECV #00827 table=page_001193_table_8 request=21.410s scheduled=21.411s status=ok active=116
[ 188.307s] SEND #00920 table=page_001166_table_9 lag=   0.4ms active=117
[ 188.782s] RECV #00842 table=page_001367_table_69 request=19.215s scheduled=19.216s status=ok active=116
[ 188.992s] RECV #00408 table=page_000283_table_box_id_1 request=109.323s scheduled=109.323s status=ok active=115
[ 189.137s] RECV #00852 table=page_000534_table_3 request=16.553s scheduled=16.553s status=ok active=114
[ 189.525s] SEND #00921 table=page_001368_table_box_id_278 lag=   1.5ms active=115
[ 189.584s] SEND #00922 table=page_000273_table_box_id_1 lag=   0.5ms active=116
[ 189.637s] RECV #00831 table=page_000226_table_box_id_3 request=22.337s scheduled=22.337s status=ok active=115
[ 189.729s] SEND #00923 table=page_000236_table_box_id_5 lag=   1.3ms active=116
[ 189.772s] RECV #00806 table=page_001367_table_51 request=26.821s scheduled=26.822s status=ok active=115
[ 189.998s] SEND #00924 table=page_000451_table_12 lag=   1.1ms active=116
[ 190.042s] RECV #00854 table=page_000258_table_box_id_5 request=16.139s scheduled=16.139s status=ok active=115
[ 190.232s] SEND #00925 table=page_000554_table_0 lag=   0.6ms active=116
[ 190.255s] RECV #00871 table=page_000605_table_3 request=13.548s scheduled=13.548s status=ok active=115
[ 190.346s] SEND #00926 table=page_000946_table_14 lag=   0.4ms active=116
[ 190.571s] RECV #00456 table=page_000275_table_box_id_1 request=99.226s scheduled=99.227s status=ok active=115
[ 190.646s] SEND #00927 table=page_000762_table_5 lag=   0.3ms active=116
[ 190.736s] RECV #00434 table=page_000295_table_box_id_1 request=105.568s scheduled=105.568s status=ok active=115
[ 190.779s] SEND #00928 table=page_000292_table_box_id_5 lag=   0.2ms active=116
[ 190.908s] RECV #00855 table=page_000577_table_3 request=16.961s scheduled=16.961s status=ok active=115
[ 191.030s] SEND #00929 table=page_000224_table_box-3str9h9p lag=   0.3ms active=116
[ 191.078s] RECV #00862 table=page_001191_table_2 request=15.432s scheduled=15.433s status=ok active=115
[ 191.166s] SEND #00930 table=page_000514_table_8 lag=   1.0ms active=116
[ 191.317s] RECV #00849 table=page_000790_table_9 request=19.648s scheduled=19.649s status=ok active=115
[ 191.555s] RECV #00804 table=page_001036_table_box_id_4 request=29.152s scheduled=29.154s status=ok active=114
[ 191.716s] RECV #00818 table=page_000220_table_box_id_7 request=25.997s scheduled=25.998s status=ok active=113
[ 191.878s] SEND #00931 table=page_001216_table_2 lag=   1.2ms active=114
[ 191.908s] RECV #00864 table=page_001141_table_19 request=16.078s scheduled=16.079s status=ok active=113
[ 192.119s] RECV #00876 table=page_000827_table_8 request=13.764s scheduled=13.765s status=ok active=112
[ 192.129s] SEND #00932 table=page_000591_table_3 lag=   0.5ms active=113
[ 192.149s] SEND #00933 table=page_000199_table_box_id_0 lag=   1.4ms active=114
[ 192.177s] SEND #00934 table=page_001163_table_0 lag=   1.7ms active=115
[ 192.371s] RECV #00745 table=page_001227_table_10 request=44.223s scheduled=44.224s status=ok active=114
[ 192.649s] RECV #00847 table=page_000942_table_3 request=21.717s scheduled=21.717s status=ok active=113
[ 192.840s] RECV #00857 table=page_000799_table_6 request=18.321s scheduled=18.323s status=ok active=112
[ 192.856s] SEND #00935 table=page_000208_table_box_id_7 lag=   0.8ms active=113
[ 192.908s] SEND #00936 table=page_000420_table_0 lag=   0.8ms active=114
[ 192.913s] SEND #00937 table=page_000680_table_11 lag=   0.7ms active=115
[ 192.971s] SEND #00938 table=page_000677_table_23 lag=   0.3ms active=116
[ 193.061s] RECV #00828 table=page_001196_table_13 request=26.126s scheduled=26.127s status=ok active=115
[ 193.102s] SEND #00939 table=page_001248_table_0 lag=   0.5ms active=116
[ 193.211s] RECV #00771 table=page_001129_table_8 request=39.094s scheduled=39.095s status=ok active=115
[ 193.418s] RECV #00791 table=page_000268_table_box_id_2 request=36.654s scheduled=36.656s status=ok active=114
[ 193.419s] RECV #00872 table=page_001124_table_21 request=16.637s scheduled=16.639s status=ok active=113
[ 193.667s] RECV #00883 table=page_000827_table_8 request=13.617s scheduled=13.619s status=ok active=112
[ 193.710s] SEND #00940 table=page_001417_table_2 lag=   0.6ms active=113
[ 193.800s] RECV #00841 table=page_000638_table_1 request=24.676s scheduled=24.677s status=ok active=112
[ 193.812s] SEND #00941 table=page_000507_table_6 lag=   1.1ms active=113
[ 194.070s] SEND #00942 table=page_000182_table_box-tn22tc2f lag=   1.3ms active=114
[ 194.152s] RECV #00837 table=page_001233_table_6 request=25.811s scheduled=25.812s status=ok active=113
[ 194.388s] RECV #00880 table=page_001184_table_6 request=15.396s scheduled=15.398s status=ok active=112
[ 194.428s] SEND #00943 table=page_001367_table_66 lag=   0.2ms active=113
[ 194.448s] SEND #00944 table=page_000256_table_box_id_8 lag=   1.4ms active=114
[ 194.612s] RECV #00892 table=page_000823_table_8 request=12.751s scheduled=12.753s status=ok active=113
[ 194.637s] SEND #00945 table=page_000627_table_14 lag=   0.8ms active=114
[ 195.011s] RECV #00866 table=page_000182_table_box_id_2 request=18.678s scheduled=18.679s status=ok active=113
[ 195.198s] RECV #00889 table=page_001367_table_71 request=14.327s scheduled=14.327s status=ok active=112
[ 195.512s] RECV #00858 table=page_000465_table_9 request=20.851s scheduled=20.851s status=ok active=111
[ 195.658s] RECV #00863 table=page_001208_table_12 request=19.836s scheduled=19.837s status=ok active=110
[ 195.731s] SEND #00946 table=page_001273_table_8 lag=   1.8ms active=111
[ 195.890s] SEND #00947 table=page_001155_table_4 lag=   0.8ms active=112
[ 196.043s] SEND #00948 table=page_000632_table_6 lag=   1.0ms active=113
[ 196.053s] RECV #00895 table=page_001506_table_14 request=12.717s scheduled=12.718s status=ok active=112
[ 196.128s] SEND #00949 table=page_001026_table_box_id_25 lag=   0.8ms active=113
[ 196.354s] RECV #00859 table=page_001160_table_6 request=21.559s scheduled=21.560s status=ok active=112
[ 196.712s] SEND #00950 table=page_000225_table_box_id_13 lag=   1.0ms active=113
[ 196.780s] RECV #00729 table=page_000466_table_0 request=51.427s scheduled=51.428s status=ok active=112
[ 197.037s] RECV #00836 table=page_000245_table_box_id_0 request=28.701s scheduled=28.702s status=ok active=111
[ 197.187s] RECV #00890 table=page_000938_table_5 request=15.565s scheduled=15.566s status=ok active=110
[ 197.338s] RECV #00894 table=page_000554_table_12 request=14.170s scheduled=14.170s status=ok active=109
[ 197.411s] SEND #00951 table=page_000858_table_1 lag=   1.2ms active=110
[ 197.432s] SEND #00952 table=page_001233_table_6 lag=   0.5ms active=111
[ 197.593s] SEND #00953 table=page_000242_table_box_id_3 lag=   0.7ms active=112
[ 197.703s] SEND #00954 table=page_001134_table_10 lag=   1.1ms active=113
[ 197.794s] RECV #00865 table=page_001496_table_3 request=21.582s scheduled=21.584s status=ok active=112
[ 197.925s] SEND #00955 table=page_000861_table_17 lag=   0.4ms active=113
[ 197.950s] SEND #00956 table=page_001368_table_box_id_280 lag=   0.9ms active=114
[ 198.010s] RECV #00902 table=page_000716_table_2 request=12.280s scheduled=12.281s status=ok active=113
[ 198.012s] SEND #00957 table=page_000790_table_9 lag=   0.7ms active=114
[ 198.077s] SEND #00958 table=page_000265_table_box_id_3 lag=   0.3ms active=115
[ 198.208s] SEND #00959 table=page_000921_table_9 lag=   0.8ms active=116
[ 198.220s] RECV #00873 table=page_000465_table_10 request=21.003s scheduled=21.004s status=ok active=115
[ 198.415s] RECV #00824 table=page_000631_table_0 request=31.783s scheduled=31.784s status=ok active=114
[ 198.524s] SEND #00960 table=page_000626_table_box_id_7 lag=   1.1ms active=115
[ 198.637s] RECV #00867 table=page_000984_table_3 request=22.262s scheduled=22.263s status=ok active=114
[ 198.911s] RECV #00846 table=page_000251_table_box_id_7 request=28.203s scheduled=28.204s status=ok active=113
[ 198.914s] SEND #00961 table=page_001124_table_21 lag=   0.9ms active=114
[ 199.143s] RECV #00877 table=page_001230_table_box_id_1 request=20.617s scheduled=20.619s status=ok active=113
[ 199.222s] SEND #00962 table=page_000554_table_0 lag=   0.7ms active=114
[ 199.352s] RECV #00870 table=page_001194_table_3 request=22.669s scheduled=22.670s status=ok active=113
[ 199.448s] SEND #00963 table=page_000224_table_box-3str9h9p lag=   0.4ms active=114
[ 199.466s] SEND #00964 table=page_001137_table_11 lag=   0.3ms active=115
[ 199.526s] RECV #00898 table=page_000532_table_4 request=15.445s scheduled=15.446s status=ok active=114
[ 199.565s] SEND #00965 table=page_000643_table_4 lag=   0.5ms active=115
[ 199.752s] RECV #00746 table=page_000261_table_box_id_3 request=51.529s scheduled=51.529s status=ok active=114
[ 199.786s] SEND #00966 table=page_001082_table_34 lag=   0.7ms active=115
[ 199.855s] SEND #00967 table=page_000835_table_2 lag=   0.4ms active=116
[ 199.997s] SEND #00968 table=page_000276_table_box_id_5 lag=   0.7ms active=117
[ 200.010s] RECV #00904 table=page_000654_table_0 request=13.808s scheduled=13.809s status=ok active=116
[ 200.151s] RECV #00885 table=page_001516_table_17 request=19.829s scheduled=19.830s status=ok active=115
[ 200.420s] RECV #00891 table=page_001143_table_4 request=18.762s scheduled=18.763s status=ok active=114
[ 200.468s] SEND #00969 table=page_001138_table_1 lag=   0.3ms active=115
[ 200.493s] SEND #00970 table=page_001376_table_5 lag=   1.0ms active=116
[ 200.590s] RECV #00907 table=page_000745_table_2 request=13.852s scheduled=13.853s status=ok active=115
[ 200.857s] RECV #00899 table=page_001419_table_10 request=16.324s scheduled=16.326s status=ok active=114
[ 200.878s] SEND #00971 table=page_000746_table_18 lag=   0.8ms active=115
[ 200.900s] SEND #00972 table=page_000821_table_box_id_26 lag=   0.3ms active=116
[ 200.998s] SEND #00973 table=page_000195_table_box_id_0 lag=   0.8ms active=117
[ 201.032s] RECV #00816 table=page_000639_table_11 request=35.712s scheduled=35.712s status=ok active=116
[ 201.171s] RECV #00803 table=page_001197_table_5 request=39.748s scheduled=39.749s status=ok active=115
[ 201.373s] RECV #00887 table=page_001082_table_23 request=20.838s scheduled=20.839s status=ok active=114
[ 201.469s] SEND #00974 table=page_000215_table_box_id_4 lag=   0.5ms active=115
[ 201.514s] SEND #00975 table=page_000982_table_16 lag=   0.7ms active=116
[ 201.548s] RECV #00903 table=page_001398_table_box-5zkimf1o request=15.443s scheduled=15.443s status=ok active=115
[ 201.661s] SEND #00976 table=page_001178_table_0 lag=   0.7ms active=116
[ 201.770s] SEND #00977 table=page_001121_table_10 lag=   1.1ms active=117
[ 201.775s] RECV #00875 table=page_000861_table_17 request=23.577s scheduled=23.578s status=ok active=116
[ 202.007s] RECV #00874 table=page_000257_table_box_id_20 request=24.516s scheduled=24.517s status=ok active=115
[ 202.207s] SEND #00978 table=page_000106_table_box_id_4 lag=   1.1ms active=116
[ 202.214s] RECV #00913 table=page_000269_table_box_id_1 request=14.752s scheduled=14.752s status=ok active=115
[ 202.335s] RECV #00917 table=page_000721_table_19 request=14.663s scheduled=14.664s status=ok active=114
[ 202.523s] RECV #00801 table=page_001220_table_8 request=41.419s scheduled=41.420s status=ok active=113
[ 202.841s] RECV #00900 table=page_000929_table_0 request=18.087s scheduled=18.088s status=ok active=112
[ 203.028s] RECV #00928 table=page_000292_table_box_id_5 request=12.249s scheduled=12.250s status=ok active=111
[ 203.175s] SEND #00979 table=page_000709_table_12 lag=   1.1ms active=112
[ 203.244s] SEND #00980 table=page_000793_table_8 lag=   2.0ms active=113
[ 203.303s] RECV #00921 table=page_001368_table_box_id_278 request=13.778s scheduled=13.780s status=ok active=112
[ 203.378s] SEND #00981 table=page_000737_table_6 lag=   0.6ms active=113
[ 203.608s] RECV #00826 table=page_000207_table_box_id_1 request=36.756s scheduled=36.757s status=ok active=112
[ 203.778s] RECV #00916 table=page_001132_table_box_id_18 request=16.167s scheduled=16.168s status=ok active=111
[ 203.829s] SEND #00982 table=page_000446_table_3 lag=   0.8ms active=112
[ 203.936s] RECV #00896 table=page_000205_table_box_id_11 request=20.509s scheduled=20.510s status=ok active=111
[ 203.987s] SEND #00983 table=page_001126_table_18 lag=   1.2ms active=112
[ 204.034s] SEND #00984 table=page_000232_table_box_id_8 lag=   0.5ms active=113
[ 204.193s] RECV #00927 table=page_000762_table_5 request=13.548s scheduled=13.548s status=ok active=112
[ 204.320s] SEND #00985 table=page_000715_table_14 lag=   1.2ms active=113
[ 204.357s] RECV #00839 table=page_000242_table_box_id_3 request=35.548s scheduled=35.549s status=ok active=112
[ 204.358s] RECV #00925 table=page_000554_table_0 request=14.126s scheduled=14.126s status=ok active=111
[ 204.402s] SEND #00986 table=page_001125_table_9 lag=   1.1ms active=112
[ 204.535s] SEND #00987 table=page_000866_table_14 lag=   0.7ms active=113
[ 204.537s] SEND #00988 table=page_000746_table_18 lag=   1.1ms active=114
[ 204.698s] RECV #00912 table=page_000229_table_box_id_7 request=17.324s scheduled=17.325s status=ok active=113
[ 205.135s] RECV #00938 table=page_000677_table_23 request=12.164s scheduled=12.164s status=ok active=112
[ 205.268s] RECV #00909 table=page_000603_table_7 request=18.121s scheduled=18.123s status=ok active=111
[ 205.439s] SEND #00989 table=page_001595_table_box_id_7 lag=   1.3ms active=112
[ 205.474s] RECV #00897 table=page_000612_table_6 request=21.945s scheduled=21.945s status=ok active=111
[ 205.652s] SEND #00990 table=page_000297_table_5 lag=   0.7ms active=112
[ 205.686s] RECV #00853 table=page_000623_table_7 request=31.842s scheduled=31.843s status=ok active=111
[ 205.891s] RECV #00908 table=page_000229_table_box_id_3 request=18.876s scheduled=18.877s status=ok active=110
[ 206.024s] RECV #00926 table=page_000946_table_14 request=15.678s scheduled=15.678s status=ok active=109
[ 206.149s] RECV #00901 table=page_001135_table_6 request=20.937s scheduled=20.938s status=ok active=108
[ 206.173s] SEND #00991 table=page_000343_table_0 lag=   1.0ms active=109
[ 206.431s] RECV #00834 table=page_000237_table_box_id_3 request=38.529s scheduled=38.529s status=ok active=108
[ 206.704s] RECV #00920 table=page_001166_table_9 request=18.397s scheduled=18.397s status=ok active=107
[ 206.865s] SEND #00992 table=page_001222_table_2 lag=   1.0ms active=108
[ 206.928s] SEND #00993 table=page_000630_table_2 lag=   0.9ms active=109
[ 207.083s] SEND #00994 table=page_000260_table_box_id_0 lag=   0.8ms active=110
[ 207.135s] RECV #00813 table=page_001148_table_3 request=42.035s scheduled=42.035s status=ok active=109
[ 207.199s] SEND #00995 table=page_000239_table_box_id_7 lag=   0.5ms active=110
[ 207.370s] RECV #00489 table=page_000272_table_box_id_1 request=110.238s scheduled=110.238s status=ok active=109
[ 207.485s] SEND #00996 table=page_000652_table_3 lag=   1.1ms active=110
[ 207.558s] RECV #00940 table=page_001417_table_2 request=13.848s scheduled=13.849s status=ok active=109
[ 207.854s] SEND #00997 table=page_001368_table_box_id_239 lag=   0.5ms active=110
[ 207.906s] SEND #00998 table=page_001156_table_6 lag=   0.6ms active=111
[ 207.956s] RECV #00930 table=page_000514_table_8 request=16.790s scheduled=16.791s status=ok active=110
[ 207.971s] SEND #00999 table=page_000821_table_box_id_14 lag=   1.3ms active=111
[ 208.165s] RECV #00918 table=page_000236_table_box_id_1 request=20.104s scheduled=20.105s status=ok active=110
[ 208.217s] SEND #01000 table=page_000468_table_11 lag=   2.3ms active=111
[ 208.322s] RECV #00947 table=page_001155_table_4 request=12.433s scheduled=12.433s status=ok active=110
[ 208.574s] RECV #00724 table=page_000280_table_box_id_1 request=63.806s scheduled=63.807s status=ok active=109
[ 208.830s] RECV #00740 table=page_000233_table_box_id_2 request=61.389s scheduled=61.391s status=ok active=108
[ 208.996s] RECV #00942 table=page_000182_table_box-tn22tc2f request=14.927s scheduled=14.928s status=ok active=107
[ 209.147s] RECV #00850 table=page_001176_table_4 request=37.158s scheduled=37.158s status=ok active=106
[ 209.148s] RECV #00956 table=page_001368_table_box_id_280 request=11.197s scheduled=11.198s status=ok active=105
[ 209.426s] RECV #00923 table=page_000236_table_box_id_5 request=19.697s scheduled=19.699s status=ok active=104
[ 209.655s] RECV #00838 table=page_000249_table_box-gjm9bkso request=41.224s scheduled=41.224s status=ok active=103
[ 209.969s] RECV #00951 table=page_000858_table_1 request=12.558s scheduled=12.559s status=ok active=102
[ 210.271s] RECV #00936 table=page_000420_table_0 request=17.363s scheduled=17.364s status=ok active=101
[ 210.483s] RECV #00932 table=page_000591_table_3 request=18.354s scheduled=18.354s status=ok active=100
[ 210.650s] RECV #00948 table=page_000632_table_6 request=14.607s scheduled=14.608s status=ok active=99
[ 210.945s] RECV #00743 table=page_000264_table_box_id_5 request=63.158s scheduled=63.158s status=ok active=98
[ 211.229s] RECV #00757 table=page_000270_table_box_id_0 request=61.075s scheduled=61.075s status=ok active=97
[ 211.492s] RECV #00935 table=page_000208_table_box_id_7 request=18.637s scheduled=18.637s status=ok active=96
[ 211.828s] RECV #00962 table=page_000554_table_0 request=12.606s scheduled=12.606s status=ok active=95
[ 212.055s] RECV #00959 table=page_000921_table_9 request=13.847s scheduled=13.848s status=ok active=94
[ 212.314s] RECV #00961 table=page_001124_table_21 request=13.400s scheduled=13.401s status=ok active=93
[ 212.589s] RECV #00967 table=page_000835_table_2 request=12.734s scheduled=12.734s status=ok active=92
[ 212.761s] RECV #00939 table=page_001248_table_0 request=19.659s scheduled=19.659s status=ok active=91
[ 213.147s] RECV #00944 table=page_000256_table_box_id_8 request=18.699s scheduled=18.700s status=ok active=90
[ 213.147s] RECV #00905 table=page_001204_table_4 request=26.821s scheduled=26.821s status=ok active=89
[ 213.557s] RECV #00937 table=page_000680_table_11 request=20.644s scheduled=20.645s status=ok active=88
[ 213.723s] RECV #00888 table=page_000524_table_0 request=33.011s scheduled=33.012s status=ok active=87
[ 213.973s] RECV #00972 table=page_000821_table_box_id_26 request=13.073s scheduled=13.074s status=ok active=86
[ 214.569s] RECV #00945 table=page_000627_table_14 request=19.933s scheduled=19.934s status=ok active=85
[ 214.686s] RECV #00957 table=page_000790_table_9 request=16.674s scheduled=16.675s status=ok active=84
[ 215.003s] RECV #00878 table=page_001197_table_4 request=36.318s scheduled=36.319s status=ok active=83
[ 215.306s] RECV #00978 table=page_000106_table_box_id_4 request=13.099s scheduled=13.100s status=ok active=82
[ 215.537s] RECV #00979 table=page_000709_table_12 request=12.362s scheduled=12.364s status=ok active=81
[ 215.784s] RECV #00929 table=page_000224_table_box-3str9h9p request=24.754s scheduled=24.754s status=ok active=80
[ 216.051s] RECV #00911 table=page_001368_table_box_id_263 request=28.700s scheduled=28.702s status=ok active=79
[ 216.178s] RECV #00970 table=page_001376_table_5 request=15.685s scheduled=15.686s status=ok active=78
[ 216.323s] RECV #00980 table=page_000793_table_8 request=13.079s scheduled=13.081s status=ok active=77
[ 216.474s] RECV #00975 table=page_000982_table_16 request=14.960s scheduled=14.961s status=ok active=76
[ 216.694s] RECV #00893 table=page_000516_table_0 request=33.793s scheduled=33.793s status=ok active=75
[ 216.888s] RECV #00949 table=page_001026_table_box_id_25 request=20.760s scheduled=20.761s status=ok active=74
[ 217.487s] RECV #00985 table=page_000715_table_14 request=13.167s scheduled=13.168s status=ok active=73
[ 217.679s] RECV #00943 table=page_001367_table_66 request=23.251s scheduled=23.251s status=ok active=72
[ 218.073s] RECV #00931 table=page_001216_table_2 request=26.195s scheduled=26.197s status=ok active=71
[ 218.310s] RECV #00860 table=page_001152_table_0 request=43.411s scheduled=43.413s status=ok active=70
[ 218.477s] RECV #00991 table=page_000343_table_0 request=12.304s scheduled=12.305s status=ok active=69
[ 218.700s] RECV #00955 table=page_000861_table_17 request=20.775s scheduled=20.775s status=ok active=68
[ 218.915s] RECV #00983 table=page_001126_table_18 request=14.929s scheduled=14.930s status=ok active=67
[ 219.035s] RECV #00981 table=page_000737_table_6 request=15.657s scheduled=15.658s status=ok active=66
[ 219.213s] RECV #00821 table=page_000633_table_5 request=52.872s scheduled=52.873s status=ok active=65
[ 219.341s] RECV #00974 table=page_000215_table_box_id_4 request=17.871s scheduled=17.872s status=ok active=64
[ 219.505s] RECV #00772 table=page_000264_table_box_id_5 request=65.295s scheduled=65.296s status=ok active=63
[ 219.506s] RECV #00924 table=page_000451_table_12 request=29.508s scheduled=29.509s status=ok active=62
[ 219.536s] RECV #00914 table=page_001128_table_2 request=31.966s scheduled=31.967s status=ok active=61
[ 219.570s] RECV #00915 table=page_000287_table_box_id_1 request=31.996s scheduled=31.997s status=ok active=60
[ 219.807s] RECV #00941 table=page_000507_table_6 request=25.995s scheduled=25.996s status=ok active=59
[ 219.923s] RECV #00996 table=page_000652_table_3 request=12.439s scheduled=12.440s status=ok active=58
[ 219.924s] RECV #00952 table=page_001233_table_6 request=22.492s scheduled=22.492s status=ok active=57
[ 219.924s] RECV #00770 table=page_000496_table_4 request=65.841s scheduled=65.842s status=ok active=56
[ 220.227s] RECV #00910 table=page_001133_table_3 request=32.999s scheduled=33.000s status=ok active=55
[ 220.228s] RECV #00950 table=page_000225_table_box_id_13 request=23.515s scheduled=23.516s status=ok active=54
[ 220.339s] RECV #00884 table=page_001367_table_3 request=40.091s scheduled=40.091s status=ok active=53
[ 220.399s] RECV #00999 table=page_000821_table_box_id_14 request=12.428s scheduled=12.430s status=ok active=52
[ 220.431s] RECV #00868 table=page_000511_table_1 request=43.985s scheduled=43.986s status=ok active=51
[ 220.839s] RECV #01000 table=page_000468_table_11 request=12.622s scheduled=12.624s status=ok active=50
[ 220.839s] RECV #00964 table=page_001137_table_11 request=21.373s scheduled=21.374s status=ok active=49
[ 220.853s] RECV #00984 table=page_000232_table_box_id_8 request=16.819s scheduled=16.819s status=ok active=48
[ 220.853s] RECV #00987 table=page_000866_table_14 request=16.318s scheduled=16.319s status=ok active=47
[ 221.004s] RECV #00995 table=page_000239_table_box_id_7 request=13.805s scheduled=13.805s status=ok active=46
[ 221.097s] RECV #00886 table=page_000294_table_box_id_1 request=40.704s scheduled=40.705s status=ok active=45
[ 221.153s] RECV #00906 table=page_000299_table_box_id_5 request=34.508s scheduled=34.509s status=ok active=44
[ 221.192s] RECV #00997 table=page_001368_table_box_id_239 request=13.339s scheduled=13.339s status=ok active=43
[ 221.262s] RECV #00543 table=page_000290_table_box_id_1 request=112.616s scheduled=112.617s status=ok active=42
[ 221.405s] RECV #00963 table=page_000224_table_box-3str9h9p request=21.957s scheduled=21.958s status=ok active=41
[ 221.406s] RECV #00919 table=page_000307_table_2 request=33.166s scheduled=33.167s status=ok active=40
[ 221.678s] RECV #00882 table=page_001134_table_1 request=41.733s scheduled=41.734s status=ok active=39
[ 222.006s] RECV #00958 table=page_000265_table_box_id_3 request=23.929s scheduled=23.930s status=ok active=38
[ 222.138s] RECV #00934 table=page_001163_table_0 request=29.961s scheduled=29.963s status=ok active=37
[ 222.251s] RECV #00881 table=page_001272_table_1 request=42.919s scheduled=42.920s status=ok active=36
[ 222.750s] RECV #00966 table=page_001082_table_34 request=22.964s scheduled=22.965s status=ok active=35
[ 222.889s] RECV #00879 table=page_000203_table_box_id_3 request=44.055s scheduled=44.056s status=ok active=34
[ 223.065s] RECV #00973 table=page_000195_table_box_id_0 request=22.067s scheduled=22.068s status=ok active=33
[ 223.152s] RECV #00971 table=page_000746_table_18 request=22.274s scheduled=22.275s status=ok active=32
[ 223.513s] RECV #00953 table=page_000242_table_box_id_3 request=25.919s scheduled=25.920s status=ok active=31
[ 223.609s] RECV #00989 table=page_001595_table_box_id_7 request=18.170s scheduled=18.172s status=ok active=30
[ 223.802s] RECV #00990 table=page_000297_table_5 request=18.150s scheduled=18.151s status=ok active=29
[ 223.828s] RECV #00954 table=page_001134_table_10 request=26.126s scheduled=26.127s status=ok active=28
[ 223.829s] RECV #00998 table=page_001156_table_6 request=15.923s scheduled=15.924s status=ok active=27
[ 224.333s] RECV #00653 table=page_001595_table_box_id_1 request=94.749s scheduled=94.750s status=ok active=26
[ 224.581s] RECV #00988 table=page_000746_table_18 request=20.043s scheduled=20.045s status=ok active=25
[ 224.728s] RECV #00861 table=page_001164_table_9 request=49.401s scheduled=49.402s status=ok active=24
[ 224.850s] RECV #00994 table=page_000260_table_box_id_0 request=17.767s scheduled=17.768s status=ok active=23
[ 224.863s] RECV #00822 table=page_001271_table_4 request=58.263s scheduled=58.263s status=ok active=22
[ 224.920s] RECV #00933 table=page_000199_table_box_id_0 request=32.771s scheduled=32.773s status=ok active=21
[ 225.195s] RECV #00977 table=page_001121_table_10 request=23.425s scheduled=23.426s status=ok active=20
[ 226.029s] RECV #00612 table=page_000271_table_box_id_1 request=103.687s scheduled=103.687s status=ok active=19
[ 226.172s] RECV #00946 table=page_001273_table_8 request=30.441s scheduled=30.443s status=ok active=18
[ 227.292s] RECV #00976 table=page_001178_table_0 request=25.631s scheduled=25.632s status=ok active=17
[ 227.378s] RECV #00809 table=page_000273_table_box_id_1 request=63.492s scheduled=63.493s status=ok active=16
[ 228.236s] RECV #00648 table=page_000291_table_box_id_0 request=99.317s scheduled=99.318s status=ok active=15
[ 228.337s] RECV #00993 table=page_000630_table_2 request=21.409s scheduled=21.410s status=ok active=14
[ 228.634s] RECV #00986 table=page_001125_table_9 request=24.232s scheduled=24.233s status=ok active=13
[ 229.415s] RECV #00832 table=page_001188_table_2 request=62.100s scheduled=62.101s status=ok active=12
[ 229.635s] RECV #00869 table=page_000292_table_box_id_1 request=52.953s scheduled=52.954s status=ok active=11
[ 229.993s] RECV #00969 table=page_001138_table_1 request=29.525s scheduled=29.526s status=ok active=10
[ 230.525s] RECV #00992 table=page_001222_table_2 request=23.660s scheduled=23.661s status=ok active=9
[ 230.837s] RECV #00725 table=page_000277_table_box_id_1 request=86.057s scheduled=86.059s status=ok active=8
[ 231.660s] RECV #00960 table=page_000626_table_box_id_7 request=33.137s scheduled=33.138s status=ok active=7
[ 232.659s] RECV #00965 table=page_000643_table_4 request=33.094s scheduled=33.094s status=ok active=6
[ 233.157s] RECV #00719 table=page_000282_table_box_id_1 request=90.441s scheduled=90.442s status=ok active=5
[ 233.301s] RECV #00722 table=page_000279_table_box_id_0 request=89.301s scheduled=89.302s status=ok active=4
[ 234.055s] RECV #00922 table=page_000273_table_box_id_1 request=44.471s scheduled=44.472s status=ok active=3
[ 234.716s] RECV #00982 table=page_000446_table_3 request=30.888s scheduled=30.888s status=ok active=2
[ 235.438s] RECV #00797 table=page_000277_table_box_id_1 request=75.717s scheduled=75.718s status=ok active=1
[ 241.471s] RECV #00968 table=page_000276_table_box_id_5 request=41.473s scheduled=41.474s status=ok active=0
DONE completed=1000 failed=0 max_active=127 p50=13.807s p95=51.571s max=112.617s
Summary: tmp/09_persistent_page_engine/table_vllm_poisson1000_seq64_14qps_npu4_retry_85a90862_20260908/budget16384/qps5/measured/summary.json
