b6c6 API ready worker_pid=2566041; preloading 665 distinct crops for 1000 requests
b6c6 crops preloaded 50/665
b6c6 crops preloaded 100/665
b6c6 crops preloaded 150/665
b6c6 crops preloaded 200/665
b6c6 crops preloaded 250/665
b6c6 crops preloaded 300/665
b6c6 crops preloaded 350/665
b6c6 crops preloaded 400/665
b6c6 crops preloaded 450/665
b6c6 crops preloaded 500/665
b6c6 crops preloaded 550/665
b6c6 crops preloaded 600/665
b6c6 crops preloaded 650/665
b6c6 crops preloaded 665/665
b6c6 payloads ready bytes=206256404
SEND b6c6 01/1000 table=page_000600_table_1 active=1
SEND b6c6 02/1000 table=page_001368_table_box_id_244 active=2
SEND b6c6 03/1000 table=page_001220_table_8 active=3
SEND b6c6 04/1000 table=page_000284_table_box_id_0 active=4
SEND b6c6 05/1000 table=page_000900_table_4 active=5
SEND b6c6 06/1000 table=page_001368_table_box_id_280 active=6
RECV b6c6 06/1000 rank=661 id=page_001368_table_box_id_280 latency=0.3257s status=ok active=5
SEND b6c6 07/1000 table=page_001153_table_0 active=6
RECV b6c6 05/1000 rank=602 id=page_000900_table_4 latency=0.3590s status=ok active=5
SEND b6c6 08/1000 table=page_001417_table_2 active=6
RECV b6c6 01/1000 rank=582 id=page_000600_table_1 latency=0.3691s status=ok active=5
SEND b6c6 09/1000 table=page_001368_table_box_id_159 active=6
RECV b6c6 09/1000 rank=630 id=page_001368_table_box_id_159 latency=0.2290s status=ok active=5
SEND b6c6 10/1000 table=page_000238_table_box_id_2 active=6
RECV b6c6 08/1000 rank=587 id=page_001417_table_2 latency=0.2855s status=ok active=5
SEND b6c6 11/1000 table=page_001375_table_3 active=6
RECV b6c6 02/1000 rank=444 id=page_001368_table_box_id_244 latency=0.6863s status=ok active=5
SEND b6c6 12/1000 table=page_000200_table_box_id_2 active=6
RECV b6c6 11/1000 rank=565 id=page_001375_table_3 latency=0.3380s status=ok active=5
SEND b6c6 13/1000 table=page_001147_table_10 active=6
RECV b6c6 10/1000 rank=345 id=page_000238_table_box_id_2 latency=0.5669s status=ok active=5
SEND b6c6 14/1000 table=page_000638_table_1 active=6
RECV b6c6 12/1000 rank=291 id=page_000200_table_box_id_2 latency=0.6684s status=ok active=5
SEND b6c6 15/1000 table=page_001231_table_5 active=6
RECV b6c6 14/1000 rank=254 id=page_000638_table_1 latency=0.6236s status=ok active=5
SEND b6c6 16/1000 table=page_000591_table_3 active=6
RECV b6c6 03/1000 rank=94 id=page_001220_table_8 latency=2.0304s status=ok active=5
SEND b6c6 17/1000 table=page_000509_table_0 active=6
RECV b6c6 07/1000 rank=91 id=page_001153_table_0 latency=1.8379s status=ok active=5
SEND b6c6 18/1000 table=page_001148_table_3 active=6
RECV b6c6 16/1000 rank=322 id=page_000591_table_3 latency=0.6053s status=ok active=5
SEND b6c6 19/1000 table=page_001215_table_5 active=6
RECV b6c6 13/1000 rank=90 id=page_001147_table_10 latency=1.8182s status=ok active=5
SEND b6c6 20/1000 table=page_001230_table_box_id_1 active=6
RECV b6c6 20/1000 rank=365 id=page_001230_table_box_id_1 latency=0.3864s status=ok active=5
SEND b6c6 21/1000 table=page_001155_table_4 active=6
RECV b6c6 21/1000 rank=558 id=page_001155_table_4 latency=0.1491s status=ok active=5
SEND b6c6 22/1000 table=page_000940_table_1 active=6
RECV b6c6 17/1000 rank=117 id=page_000509_table_0 latency=1.4009s status=ok active=5
SEND b6c6 23/1000 table=page_000343_table_0 active=6
RECV b6c6 23/1000 rank=615 id=page_000343_table_0 latency=0.1001s status=ok active=5
SEND b6c6 24/1000 table=page_000577_table_3 active=6
RECV b6c6 22/1000 rank=564 id=page_000940_table_1 latency=0.1947s status=ok active=5
SEND b6c6 25/1000 table=page_000355_table_3 active=6
RECV b6c6 04/1000 rank=30 id=page_000284_table_box_id_0 latency=3.5496s status=ok active=5
SEND b6c6 26/1000 table=page_001194_table_3 active=6
RECV b6c6 15/1000 rank=56 id=page_001231_table_5 latency=2.4882s status=ok active=5
SEND b6c6 27/1000 table=page_000933_table_10 active=6
RECV b6c6 25/1000 rank=586 id=page_000355_table_3 latency=0.3290s status=ok active=5
SEND b6c6 28/1000 table=page_000201_table_box_id_3 active=6
RECV b6c6 18/1000 rank=88 id=page_001148_table_3 latency=1.8746s status=ok active=5
SEND b6c6 29/1000 table=page_000236_table_box_id_5 active=6
RECV b6c6 24/1000 rank=382 id=page_000577_table_3 latency=0.5480s status=ok active=5
SEND b6c6 30/1000 table=page_000433_table_13 active=6
RECV b6c6 27/1000 rank=504 id=page_000933_table_10 latency=0.2582s status=ok active=5
SEND b6c6 31/1000 table=page_001368_table_box_id_242 active=6
RECV b6c6 28/1000 rank=463 id=page_000201_table_box_id_3 latency=0.4022s status=ok active=5
SEND b6c6 32/1000 table=page_000222_table_box_id_3 active=6
RECV b6c6 30/1000 rank=525 id=page_000433_table_13 latency=0.2832s status=ok active=5
SEND b6c6 33/1000 table=page_000702_table_5 active=6
RECV b6c6 31/1000 rank=497 id=page_001368_table_box_id_242 latency=0.4271s status=ok active=5
SEND b6c6 34/1000 table=page_000213_table_box_id_5 active=6
RECV b6c6 26/1000 rank=269 id=page_001194_table_3 latency=0.9887s status=ok active=5
SEND b6c6 35/1000 table=page_000645_table_7 active=6
RECV b6c6 33/1000 rank=552 id=page_000702_table_5 latency=0.2278s status=ok active=5
SEND b6c6 36/1000 table=page_001152_table_0 active=6
RECV b6c6 19/1000 rank=68 id=page_001215_table_5 latency=2.2150s status=ok active=5
SEND b6c6 37/1000 table=page_001368_table_box_id_255 active=6
RECV b6c6 29/1000 rank=349 id=page_000236_table_box_id_5 latency=0.8315s status=ok active=5
SEND b6c6 38/1000 table=page_000929_table_0 active=6
RECV b6c6 35/1000 rank=533 id=page_000645_table_7 latency=0.4463s status=ok active=5
SEND b6c6 39/1000 table=page_001125_table_4 active=6
RECV b6c6 37/1000 rank=496 id=page_001368_table_box_id_255 latency=0.5850s status=ok active=5
SEND b6c6 40/1000 table=page_000938_table_5 active=6
RECV b6c6 32/1000 rank=258 id=page_000222_table_box_id_3 latency=0.9759s status=ok active=5
SEND b6c6 41/1000 table=page_001367_table_71 active=6
RECV b6c6 41/1000 rank=612 id=page_001367_table_71 latency=0.2161s status=ok active=5
SEND b6c6 42/1000 table=page_001134_table_11 active=6
RECV b6c6 38/1000 rank=307 id=page_000929_table_0 latency=0.6207s status=ok active=5
SEND b6c6 43/1000 table=page_000287_table_box_id_8 active=6
RECV b6c6 40/1000 rank=402 id=page_000938_table_5 latency=0.5136s status=ok active=5
SEND b6c6 44/1000 table=page_000864_table_30 active=6
RECV b6c6 34/1000 rank=215 id=page_000213_table_box_id_5 latency=1.2030s status=ok active=5
SEND b6c6 45/1000 table=page_000258_table_box_id_5 active=6
RECV b6c6 44/1000 rank=620 id=page_000864_table_30 latency=0.1447s status=ok active=5
SEND b6c6 46/1000 table=page_000218_table_box_id_4 active=6
RECV b6c6 45/1000 rank=470 id=page_000258_table_box_id_5 latency=0.3601s status=ok active=5
SEND b6c6 47/1000 table=page_000289_table_box_id_4 active=6
RECV b6c6 39/1000 rank=218 id=page_001125_table_4 latency=1.1110s status=ok active=5
SEND b6c6 48/1000 table=page_001171_table_6 active=6
RECV b6c6 48/1000 rank=374 id=page_001171_table_6 latency=0.5296s status=ok active=5
SEND b6c6 49/1000 table=page_000533_table_5 active=6
RECV b6c6 46/1000 rank=180 id=page_000218_table_box_id_4 latency=0.9345s status=ok active=5
SEND b6c6 50/1000 table=page_000637_table_6 active=6
RECV b6c6 42/1000 rank=149 id=page_001134_table_11 latency=1.3642s status=ok active=5
SEND b6c6 51/1000 table=page_001129_table_10 active=6
RECV b6c6 36/1000 rank=78 id=page_001152_table_0 latency=2.2687s status=ok active=5
SEND b6c6 52/1000 table=page_001398_table_box-5zkimf1o active=6
RECV b6c6 49/1000 rank=441 id=page_000533_table_5 latency=0.4643s status=ok active=5
SEND b6c6 53/1000 table=page_001122_table_2 active=6
RECV b6c6 52/1000 rank=518 id=page_001398_table_box-5zkimf1o latency=0.4068s status=ok active=5
SEND b6c6 54/1000 table=page_001183_table_11 active=6
RECV b6c6 53/1000 rank=426 id=page_001122_table_2 latency=0.3674s status=ok active=5
SEND b6c6 55/1000 table=page_000928_table_17 active=6
RECV b6c6 55/1000 rank=607 id=page_000928_table_17 latency=0.1070s status=ok active=5
SEND b6c6 56/1000 table=page_001367_table_66 active=6
RECV b6c6 54/1000 rank=395 id=page_001183_table_11 latency=0.4273s status=ok active=5
SEND b6c6 57/1000 table=page_000829_table_4 active=6
RECV b6c6 51/1000 rank=192 id=page_001129_table_10 latency=1.0890s status=ok active=5
SEND b6c6 58/1000 table=page_001204_table_4 active=6
RECV b6c6 57/1000 rank=491 id=page_000829_table_4 latency=0.2240s status=ok active=5
SEND b6c6 59/1000 table=page_001368_table_box_id_218 active=6
RECV b6c6 56/1000 rank=253 id=page_001367_table_66 latency=0.6992s status=ok active=5
SEND b6c6 60/1000 table=page_001011_table_18 active=6
RECV b6c6 59/1000 rank=251 id=page_001368_table_box_id_218 latency=0.6917s status=ok active=5
SEND b6c6 61/1000 table=page_001368_table_box_id_167 active=6
RECV b6c6 60/1000 rank=387 id=page_001011_table_18 latency=0.3822s status=ok active=5
SEND b6c6 62/1000 table=page_001419_table_10 active=6
RECV b6c6 61/1000 rank=644 id=page_001368_table_box_id_167 latency=0.0958s status=ok active=5
SEND b6c6 63/1000 table=page_000793_table_8 active=6
RECV b6c6 58/1000 rank=196 id=page_001204_table_4 latency=0.8719s status=ok active=5
SEND b6c6 64/1000 table=page_000211_table_box_id_3 active=6
RECV b6c6 63/1000 rank=616 id=page_000793_table_8 latency=0.1085s status=ok active=5
SEND b6c6 65/1000 table=page_000652_table_0 active=6
RECV b6c6 62/1000 rank=464 id=page_001419_table_10 latency=0.4159s status=ok active=5
SEND b6c6 66/1000 table=page_000447_table_12 active=6
RECV b6c6 65/1000 rank=505 id=page_000652_table_0 latency=0.3887s status=ok active=5
SEND b6c6 67/1000 table=page_000766_table_2 active=6
RECV b6c6 43/1000 rank=24 id=page_000287_table_box_id_8 latency=3.8989s status=ok active=5
SEND b6c6 68/1000 table=page_001216_table_2 active=6
RECV b6c6 66/1000 rank=371 id=page_000447_table_12 latency=0.4217s status=ok active=5
SEND b6c6 69/1000 table=page_001367_table_68 active=6
RECV b6c6 64/1000 rank=201 id=page_000211_table_box_id_3 latency=0.8227s status=ok active=5
SEND b6c6 70/1000 table=page_001367_table_51 active=6
RECV b6c6 50/1000 rank=33 id=page_000637_table_6 latency=3.1077s status=ok active=5
SEND b6c6 71/1000 table=page_000265_table_box_id_3 active=6
RECV b6c6 69/1000 rank=235 id=page_001367_table_68 latency=1.8142s status=ok active=5
SEND b6c6 72/1000 table=page_000526_table_4 active=6
RECV b6c6 70/1000 rank=65 id=page_001367_table_51 latency=1.7196s status=ok active=5
SEND b6c6 73/1000 table=page_001395_table_7 active=6
RECV b6c6 68/1000 rank=186 id=page_001216_table_2 latency=2.1384s status=ok active=5
SEND b6c6 74/1000 table=page_000642_table_6 active=6
RECV b6c6 71/1000 rank=165 id=page_000265_table_box_id_3 latency=1.6770s status=ok active=5
SEND b6c6 75/1000 table=page_000658_table_32 active=6
RECV b6c6 75/1000 rank=658 id=page_000658_table_32 latency=0.1040s status=ok active=5
SEND b6c6 76/1000 table=page_000279_table_box_id_0 active=6
RECV b6c6 47/1000 rank=14 id=page_000289_table_box_id_4 latency=5.6236s status=ok active=5
SEND b6c6 77/1000 table=page_000236_table_box_id_1 active=6
RECV b6c6 72/1000 rank=410 id=page_000526_table_4 latency=0.7107s status=ok active=5
SEND b6c6 78/1000 table=page_001161_table_3 active=6
RECV b6c6 73/1000 rank=357 id=page_001395_table_7 latency=0.7142s status=ok active=5
SEND b6c6 79/1000 table=page_001163_table_0 active=6
RECV b6c6 67/1000 rank=35 id=page_000766_table_2 latency=3.1056s status=ok active=5
SEND b6c6 80/1000 table=page_000253_table_box_id_2 active=6
RECV b6c6 77/1000 rank=324 id=page_000236_table_box_id_1 latency=0.7901s status=ok active=5
SEND b6c6 81/1000 table=page_000821_table_box_id_14 active=6
RECV b6c6 81/1000 rank=585 id=page_000821_table_box_id_14 latency=0.1452s status=ok active=5
SEND b6c6 82/1000 table=page_000239_table_box_id_1 active=6
RECV b6c6 74/1000 rank=170 id=page_000642_table_6 latency=1.4451s status=ok active=5
SEND b6c6 83/1000 table=page_001035_table_28 active=6
RECV b6c6 80/1000 rank=236 id=page_000253_table_box_id_2 latency=0.7173s status=ok active=5
SEND b6c6 84/1000 table=page_001432_table_3 active=6
RECV b6c6 84/1000 rank=559 id=page_001432_table_3 latency=0.1982s status=ok active=5
SEND b6c6 85/1000 table=page_000205_table_box_id_11 active=6
RECV b6c6 78/1000 rank=168 id=page_001161_table_3 latency=1.2618s status=ok active=5
SEND b6c6 86/1000 table=page_000676_table_2 active=6
RECV b6c6 82/1000 rank=204 id=page_000239_table_box_id_1 latency=0.9328s status=ok active=5
SEND b6c6 87/1000 table=page_001378_table_box_id_1 active=6
RECV b6c6 79/1000 rank=126 id=page_001163_table_0 latency=1.5821s status=ok active=5
SEND b6c6 88/1000 table=page_001089_table_box_id_16 active=6
RECV b6c6 85/1000 rank=317 id=page_000205_table_box_id_11 latency=0.6965s status=ok active=5
SEND b6c6 89/1000 table=page_000273_table_box_id_1 active=6
RECV b6c6 83/1000 rank=230 id=page_001035_table_28 latency=0.9517s status=ok active=5
SEND b6c6 90/1000 table=page_000223_table_box_id_4 active=6
RECV b6c6 87/1000 rank=398 id=page_001378_table_box_id_1 latency=0.6149s status=ok active=5
SEND b6c6 91/1000 table=page_000224_table_box_id_6 active=6
RECV b6c6 90/1000 rank=606 id=page_000223_table_box_id_4 latency=0.3138s status=ok active=5
SEND b6c6 92/1000 table=page_000918_table_5 active=6
RECV b6c6 88/1000 rank=256 id=page_001089_table_box_id_16 latency=0.8487s status=ok active=5
SEND b6c6 93/1000 table=page_000781_table_0 active=6
RECV b6c6 92/1000 rank=513 id=page_000918_table_5 latency=0.2750s status=ok active=5
SEND b6c6 94/1000 table=page_001498_table_14 active=6
RECV b6c6 93/1000 rank=619 id=page_000781_table_0 latency=0.0988s status=ok active=5
SEND b6c6 95/1000 table=page_000652_table_3 active=6
RECV b6c6 95/1000 rank=626 id=page_000652_table_3 latency=0.1656s status=ok active=5
SEND b6c6 96/1000 table=page_001181_table_6 active=6
RECV b6c6 94/1000 rank=443 id=page_001498_table_14 latency=0.2904s status=ok active=5
SEND b6c6 97/1000 table=page_000593_table_0 active=6
RECV b6c6 86/1000 rank=112 id=page_000676_table_2 latency=1.8656s status=ok active=5
SEND b6c6 98/1000 table=page_001375_table_1 active=6
RECV b6c6 91/1000 rank=202 id=page_000224_table_box_id_6 latency=1.0679s status=ok active=5
SEND b6c6 99/1000 table=page_000720_table_3 active=6
RECV b6c6 99/1000 rank=574 id=page_000720_table_3 latency=0.1382s status=ok active=5
SEND b6c6 100/1000 table=page_000182_table_box_id_2 active=6
RECV b6c6 100/1000 rank=297 id=page_000182_table_box_id_2 latency=0.4294s status=ok active=5
SEND b6c6 101/1000 table=page_000245_table_box_id_0 active=6
RECV b6c6 97/1000 rank=158 id=page_000593_table_0 latency=1.0643s status=ok active=5
SEND b6c6 102/1000 table=page_000266_table_box_id_7 active=6
RECV b6c6 102/1000 rank=509 id=page_000266_table_box_id_7 latency=0.2789s status=ok active=5
SEND b6c6 103/1000 table=page_001208_table_12 active=6
RECV b6c6 103/1000 rank=388 id=page_001208_table_12 latency=0.3497s status=ok active=5
SEND b6c6 104/1000 table=page_000214_table_box_id_6 active=6
RECV b6c6 98/1000 rank=111 id=page_001375_table_1 latency=1.4041s status=ok active=5
SEND b6c6 105/1000 table=page_000514_table_8 active=6
RECV b6c6 96/1000 rank=72 id=page_001181_table_6 latency=1.8691s status=ok active=5
SEND b6c6 106/1000 table=page_001398_table_box-13qv1ztw active=6
RECV b6c6 101/1000 rank=177 id=page_000245_table_box_id_0 latency=1.0012s status=ok active=5
SEND b6c6 107/1000 table=page_000668_table_15 active=6
RECV b6c6 107/1000 rank=613 id=page_000668_table_15 latency=0.0980s status=ok active=5
SEND b6c6 108/1000 table=page_000641_table_8 active=6
RECV b6c6 106/1000 rank=511 id=page_001398_table_box-13qv1ztw latency=0.3723s status=ok active=5
SEND b6c6 109/1000 table=page_000419_table_4 active=6
RECV b6c6 105/1000 rank=411 id=page_000514_table_8 latency=0.4898s status=ok active=5
SEND b6c6 110/1000 table=page_001398_table_box-l1p3lf8a active=6
RECV b6c6 108/1000 rank=539 id=page_000641_table_8 latency=0.1849s status=ok active=5
SEND b6c6 111/1000 table=page_000800_table_12 active=6
RECV b6c6 111/1000 rank=655 id=page_000800_table_12 latency=0.1650s status=ok active=5
SEND b6c6 112/1000 table=page_000742_table_5 active=6
RECV b6c6 110/1000 rank=534 id=page_001398_table_box-l1p3lf8a latency=0.4601s status=ok active=5
SEND b6c6 113/1000 table=page_000844_table_6 active=6
RECV b6c6 112/1000 rank=327 id=page_000742_table_5 latency=0.5017s status=ok active=5
SEND b6c6 114/1000 table=page_000291_table_box_id_0 active=6
RECV b6c6 113/1000 rank=341 id=page_000844_table_6 latency=0.4112s status=ok active=5
SEND b6c6 115/1000 table=page_001274_table_4 active=6
RECV b6c6 104/1000 rank=141 id=page_000214_table_box_id_6 latency=1.5249s status=ok active=5
SEND b6c6 116/1000 table=page_000918_table_6 active=6
RECV b6c6 89/1000 rank=22 id=page_000273_table_box_id_1 latency=4.3195s status=ok active=5
SEND b6c6 117/1000 table=page_001142_table_13 active=6
RECV b6c6 116/1000 rank=577 id=page_000918_table_6 latency=0.2197s status=ok active=5
SEND b6c6 118/1000 table=page_001192_table_2 active=6
RECV b6c6 109/1000 rank=160 id=page_000419_table_4 latency=1.3668s status=ok active=5
SEND b6c6 119/1000 table=page_001368_table_box_id_257 active=6
RECV b6c6 117/1000 rank=459 id=page_001142_table_13 latency=0.3681s status=ok active=5
SEND b6c6 120/1000 table=page_000264_table_box_id_5 active=6
RECV b6c6 119/1000 rank=473 id=page_001368_table_box_id_257 latency=0.4500s status=ok active=5
SEND b6c6 121/1000 table=page_001368_table_box_id_263 active=6
RECV b6c6 76/1000 rank=01 id=page_000279_table_box_id_0 latency=7.3367s status=ok active=5
SEND b6c6 122/1000 table=page_000647_table_5 active=6
RECV b6c6 122/1000 rank=302 id=page_000647_table_5 latency=0.4396s status=ok active=5
SEND b6c6 123/1000 table=page_001127_table_4 active=6
RECV b6c6 121/1000 rank=191 id=page_001368_table_box_id_263 latency=0.8714s status=ok active=5
SEND b6c6 124/1000 table=page_001637_table_5 active=6
RECV b6c6 124/1000 rank=603 id=page_001637_table_5 latency=0.1151s status=ok active=5
SEND b6c6 125/1000 table=page_001368_table_box_id_268 active=6
RECV b6c6 125/1000 rank=665 id=page_001368_table_box_id_268 latency=0.0529s status=ok active=5
SEND b6c6 126/1000 table=page_001130_table_13 active=6
RECV b6c6 126/1000 rank=531 id=page_001130_table_13 latency=0.1751s status=ok active=5
SEND b6c6 127/1000 table=page_001368_table_box_id_273 active=6
RECV b6c6 123/1000 rank=273 id=page_001127_table_4 latency=0.6447s status=ok active=5
SEND b6c6 128/1000 table=page_001193_table_4 active=6
RECV b6c6 118/1000 rank=81 id=page_001192_table_2 latency=1.8580s status=ok active=5
SEND b6c6 129/1000 table=page_000710_table_9 active=6
RECV b6c6 127/1000 rank=570 id=page_001368_table_box_id_273 latency=0.2700s status=ok active=5
SEND b6c6 130/1000 table=page_001368_table_box_id_165 active=6
RECV b6c6 129/1000 rank=514 id=page_000710_table_9 latency=0.2746s status=ok active=5
SEND b6c6 131/1000 table=page_000195_table_box_id_0 active=6
RECV b6c6 130/1000 rank=604 id=page_001368_table_box_id_165 latency=0.1095s status=ok active=5
SEND b6c6 132/1000 table=page_001342_table_2 active=6
RECV b6c6 128/1000 rank=342 id=page_001193_table_4 latency=0.6684s status=ok active=5
SEND b6c6 133/1000 table=page_000743_table_4 active=6
RECV b6c6 133/1000 rank=581 id=page_000743_table_4 latency=0.1325s status=ok active=5
SEND b6c6 134/1000 table=page_001367_table_3 active=6
RECV b6c6 132/1000 rank=185 id=page_001342_table_2 latency=0.9134s status=ok active=5
SEND b6c6 135/1000 table=page_001209_table_4 active=6
RECV b6c6 131/1000 rank=169 id=page_000195_table_box_id_0 latency=1.0364s status=ok active=5
SEND b6c6 136/1000 table=page_000287_table_box_id_1 active=6
RECV b6c6 135/1000 rank=524 id=page_001209_table_4 latency=0.2547s status=ok active=5
SEND b6c6 137/1000 table=page_000233_table_box_id_2 active=6
RECV b6c6 120/1000 rank=36 id=page_000264_table_box_id_5 latency=3.0510s status=ok active=5
SEND b6c6 138/1000 table=page_000789_table_34 active=6
RECV b6c6 138/1000 rank=639 id=page_000789_table_34 latency=0.1805s status=ok active=5
SEND b6c6 139/1000 table=page_001147_table_5 active=6
RECV b6c6 134/1000 rank=101 id=page_001367_table_3 latency=1.5006s status=ok active=5
SEND b6c6 140/1000 table=page_000833_table_4 active=6
RECV b6c6 136/1000 rank=154 id=page_000287_table_box_id_1 latency=1.0819s status=ok active=5
SEND b6c6 141/1000 table=page_001186_table_10 active=6
RECV b6c6 140/1000 rank=352 id=page_000833_table_4 latency=0.4679s status=ok active=5
SEND b6c6 142/1000 table=page_001271_table_4 active=6
RECV b6c6 115/1000 rank=17 id=page_001274_table_4 latency=5.0090s status=ok active=5
SEND b6c6 143/1000 table=page_001167_table_2 active=6
RECV b6c6 141/1000 rank=372 id=page_001186_table_10 latency=0.4441s status=ok active=5
SEND b6c6 144/1000 table=page_000206_table_box_id_1 active=6
RECV b6c6 143/1000 rank=422 id=page_001167_table_2 latency=0.5046s status=ok active=5
SEND b6c6 145/1000 table=page_000234_table_box_id_5 active=6
RECV b6c6 144/1000 rank=309 id=page_000206_table_box_id_1 latency=0.7137s status=ok active=5
SEND b6c6 146/1000 table=page_000205_table_box_id_13 active=6
RECV b6c6 146/1000 rank=282 id=page_000205_table_box_id_13 latency=0.4815s status=ok active=5
SEND b6c6 147/1000 table=page_001595_table_box_id_14 active=6
RECV b6c6 114/1000 rank=07 id=page_000291_table_box_id_0 latency=6.3712s status=ok active=5
SEND b6c6 148/1000 table=page_000632_table_0 active=6
RECV b6c6 139/1000 rank=47 id=page_001147_table_5 latency=2.3783s status=ok active=5
SEND b6c6 149/1000 table=page_001140_table_12 active=6
RECV b6c6 137/1000 rank=38 id=page_000233_table_box_id_2 latency=2.9797s status=ok active=5
SEND b6c6 150/1000 table=page_000683_table_8 active=6
RECV b6c6 150/1000 rank=589 id=page_000683_table_8 latency=0.1301s status=ok active=5
SEND b6c6 151/1000 table=page_000755_table_3 active=6
RECV b6c6 149/1000 rank=401 id=page_001140_table_12 latency=0.5674s status=ok active=5
SEND b6c6 152/1000 table=page_000495_table_9 active=6
RECV b6c6 151/1000 rank=553 id=page_000755_table_3 latency=0.1614s status=ok active=5
SEND b6c6 153/1000 table=page_000861_table_17 active=6
RECV b6c6 147/1000 rank=214 id=page_001595_table_box_id_14 latency=0.9308s status=ok active=5
SEND b6c6 154/1000 table=page_000503_table_1 active=6
RECV b6c6 145/1000 rank=97 id=page_000234_table_box_id_5 latency=1.7055s status=ok active=5
SEND b6c6 155/1000 table=page_000420_table_0 active=6
RECV b6c6 155/1000 rank=305 id=page_000420_table_0 latency=0.5860s status=ok active=5
SEND b6c6 156/1000 table=page_000920_table_8 active=6
RECV b6c6 153/1000 rank=156 id=page_000861_table_17 latency=1.0978s status=ok active=5
SEND b6c6 157/1000 table=page_001176_table_4 active=6
RECV b6c6 152/1000 rank=164 id=page_000495_table_9 latency=1.1522s status=ok active=5
SEND b6c6 158/1000 table=page_001123_table_14 active=6
RECV b6c6 156/1000 rank=368 id=page_000920_table_8 latency=0.4960s status=ok active=5
SEND b6c6 159/1000 table=page_000683_table_5 active=6
RECV b6c6 154/1000 rank=206 id=page_000503_table_1 latency=1.2135s status=ok active=5
SEND b6c6 160/1000 table=page_000286_table_box_id_1 active=6
RECV b6c6 142/1000 rank=27 id=page_001271_table_4 latency=3.4576s status=ok active=5
SEND b6c6 161/1000 table=page_000324_table_0 active=6
RECV b6c6 159/1000 rank=596 id=page_000683_table_5 latency=0.1215s status=ok active=5
SEND b6c6 162/1000 table=page_000937_table_1 active=6
RECV b6c6 158/1000 rank=413 id=page_001123_table_14 latency=0.7640s status=ok active=5
SEND b6c6 163/1000 table=page_000507_table_6 active=6
RECV b6c6 161/1000 rank=414 id=page_000324_table_0 latency=0.5694s status=ok active=5
SEND b6c6 164/1000 table=page_000227_table_box_id_1 active=6
RECV b6c6 162/1000 rank=415 id=page_000937_table_1 latency=0.6224s status=ok active=5
SEND b6c6 165/1000 table=page_001368_table_box_id_250 active=6
RECV b6c6 148/1000 rank=55 id=page_000632_table_0 latency=2.9761s status=ok active=5
SEND b6c6 166/1000 table=page_001011_table_30 active=6
RECV b6c6 165/1000 rank=486 id=page_001368_table_box_id_250 latency=0.4399s status=ok active=5
SEND b6c6 167/1000 table=page_001506_table_14 active=6
RECV b6c6 167/1000 rank=549 id=page_001506_table_14 latency=0.1504s status=ok active=5
SEND b6c6 168/1000 table=page_001164_table_9 active=6
RECV b6c6 157/1000 rank=122 id=page_001176_table_4 latency=1.7950s status=ok active=5
SEND b6c6 169/1000 table=page_001376_table_5 active=6
RECV b6c6 163/1000 rank=176 id=page_000507_table_6 latency=1.1434s status=ok active=5
SEND b6c6 170/1000 table=page_000814_table_0 active=6
RECV b6c6 170/1000 rank=614 id=page_000814_table_0 latency=0.0978s status=ok active=5
SEND b6c6 171/1000 table=page_000866_table_1 active=6
RECV b6c6 169/1000 rank=437 id=page_001376_table_5 latency=0.3542s status=ok active=5
SEND b6c6 172/1000 table=page_001522_table_8 active=6
RECV b6c6 171/1000 rank=434 id=page_000866_table_1 latency=0.3688s status=ok active=5
SEND b6c6 173/1000 table=page_000418_table_3 active=6
RECV b6c6 164/1000 rank=124 id=page_000227_table_box_id_1 latency=1.5823s status=ok active=5
SEND b6c6 174/1000 table=page_000631_table_0 active=6
RECV b6c6 166/1000 rank=142 id=page_001011_table_30 latency=1.3800s status=ok active=5
SEND b6c6 175/1000 table=page_000267_table_box_id_1 active=6
RECV b6c6 172/1000 rank=234 id=page_001522_table_8 latency=0.8045s status=ok active=5
SEND b6c6 176/1000 table=page_001368_table_box_id_239 active=6
RECV b6c6 176/1000 rank=512 id=page_001368_table_box_id_239 latency=0.1865s status=ok active=5
SEND b6c6 177/1000 table=page_000946_table_14 active=6
RECV b6c6 173/1000 rank=205 id=page_000418_table_3 latency=0.8971s status=ok active=5
SEND b6c6 178/1000 table=page_001375_table_7 active=6
RECV b6c6 177/1000 rank=461 id=page_000946_table_14 latency=0.2952s status=ok active=5
SEND b6c6 179/1000 table=page_000274_table_box_id_0 active=6
RECV b6c6 178/1000 rank=458 id=page_001375_table_7 latency=0.3104s status=ok active=5
SEND b6c6 180/1000 table=page_001637_table_4 active=6
RECV b6c6 180/1000 rank=599 id=page_001637_table_4 latency=0.1171s status=ok active=5
SEND b6c6 181/1000 table=page_000256_table_box_id_3 active=6
RECV b6c6 174/1000 rank=147 id=page_000631_table_0 latency=1.2965s status=ok active=5
SEND b6c6 182/1000 table=page_001413_table_7 active=6
RECV b6c6 182/1000 rank=484 id=page_001413_table_7 latency=0.2358s status=ok active=5
SEND b6c6 183/1000 table=page_001368_table_box_id_276 active=6
RECV b6c6 183/1000 rank=638 id=page_001368_table_box_id_276 latency=0.0806s status=ok active=5
SEND b6c6 184/1000 table=page_000763_table_7 active=6
RECV b6c6 181/1000 rank=353 id=page_000256_table_box_id_3 latency=0.5012s status=ok active=5
SEND b6c6 185/1000 table=page_000826_table_32 active=6
RECV b6c6 184/1000 rank=647 id=page_000763_table_7 latency=0.1018s status=ok active=5
SEND b6c6 186/1000 table=page_000225_table_box_id_13 active=6
RECV b6c6 185/1000 rank=578 id=page_000826_table_32 latency=0.2274s status=ok active=5
SEND b6c6 187/1000 table=page_000226_table_box_id_5 active=6
RECV b6c6 168/1000 rank=45 id=page_001164_table_9 latency=2.9829s status=ok active=5
SEND b6c6 188/1000 table=page_000697_table_9 active=6
RECV b6c6 188/1000 rank=489 id=page_000697_table_9 latency=0.2282s status=ok active=5
SEND b6c6 189/1000 table=page_000434_table_15 active=6
RECV b6c6 187/1000 rank=405 id=page_000226_table_box_id_5 latency=0.4353s status=ok active=5
SEND b6c6 190/1000 table=page_000451_table_12 active=6
RECV b6c6 179/1000 rank=139 id=page_000274_table_box_id_0 latency=1.6304s status=ok active=5
SEND b6c6 191/1000 table=page_000799_table_6 active=6
RECV b6c6 175/1000 rank=62 id=page_000267_table_box_id_1 latency=2.5311s status=ok active=5
SEND b6c6 192/1000 table=page_001117_table_box_id_7 active=6
RECV b6c6 186/1000 rank=200 id=page_000225_table_box_id_13 latency=1.1218s status=ok active=5
SEND b6c6 193/1000 table=page_000268_table_box_id_2 active=6
RECV b6c6 192/1000 rank=483 id=page_001117_table_box_id_7 latency=0.2714s status=ok active=5
SEND b6c6 194/1000 table=page_000534_table_4 active=6
RECV b6c6 191/1000 rank=400 id=page_000799_table_6 latency=0.3845s status=ok active=5
SEND b6c6 195/1000 table=page_000984_table_3 active=6
RECV b6c6 189/1000 rank=267 id=page_000434_table_15 latency=0.9566s status=ok active=5
SEND b6c6 196/1000 table=page_001125_table_2 active=6
RECV b6c6 190/1000 rank=74 id=page_000451_table_12 latency=1.2975s status=ok active=5
SEND b6c6 197/1000 table=page_000250_table_box_id_4 active=6
RECV b6c6 195/1000 rank=238 id=page_000984_table_3 latency=0.7598s status=ok active=5
SEND b6c6 198/1000 table=page_000220_table_box_id_10 active=6
RECV b6c6 194/1000 rank=221 id=page_000534_table_4 latency=0.8491s status=ok active=5
SEND b6c6 199/1000 table=page_000465_table_8 active=6
RECV b6c6 196/1000 rank=261 id=page_001125_table_2 latency=0.7296s status=ok active=5
SEND b6c6 200/1000 table=page_000903_table_15 active=6
RECV b6c6 160/1000 rank=15 id=page_000286_table_box_id_1 latency=6.2017s status=ok active=5
SEND b6c6 201/1000 table=page_001493_table_box_id_19 active=6
RECV b6c6 200/1000 rank=522 id=page_000903_table_15 latency=0.2270s status=ok active=5
SEND b6c6 202/1000 table=page_000266_table_box_id_9 active=6
RECV b6c6 201/1000 rank=536 id=page_001493_table_box_id_19 latency=0.1923s status=ok active=5
SEND b6c6 203/1000 table=page_001133_table_3 active=6
RECV b6c6 198/1000 rank=406 id=page_000220_table_box_id_10 latency=0.6189s status=ok active=5
SEND b6c6 204/1000 table=page_001164_table_2 active=6
RECV b6c6 199/1000 rank=331 id=page_000465_table_8 latency=0.8597s status=ok active=5
SEND b6c6 205/1000 table=page_000552_table_9 active=6
RECV b6c6 193/1000 rank=133 id=page_000268_table_box_id_2 latency=1.8009s status=ok active=5
SEND b6c6 206/1000 table=page_000288_table_box_id_1 active=6
RECV b6c6 202/1000 rank=479 id=page_000266_table_box_id_9 latency=0.4654s status=ok active=5
SEND b6c6 207/1000 table=page_000268_table_box_id_4 active=6
RECV b6c6 205/1000 rank=579 id=page_000552_table_9 latency=0.1454s status=ok active=5
SEND b6c6 208/1000 table=page_000937_table_0 active=6
RECV b6c6 208/1000 rank=350 id=page_000937_table_0 latency=0.4862s status=ok active=5
SEND b6c6 209/1000 table=page_001189_table_box_id_2 active=6
RECV b6c6 207/1000 rank=361 id=page_000268_table_box_id_4 latency=0.6274s status=ok active=5
SEND b6c6 210/1000 table=page_000202_table_box_id_0 active=6
RECV b6c6 209/1000 rank=423 id=page_001189_table_box_id_2 latency=0.3891s status=ok active=5
SEND b6c6 211/1000 table=page_000641_table_5 active=6
RECV b6c6 210/1000 rank=326 id=page_000202_table_box_id_0 latency=0.4422s status=ok active=5
SEND b6c6 212/1000 table=page_000256_table_box_id_12 active=6
RECV b6c6 203/1000 rank=123 id=page_001133_table_3 latency=1.5723s status=ok active=5
SEND b6c6 213/1000 table=page_000425_table_3 active=6
RECV b6c6 211/1000 rank=485 id=page_000641_table_5 latency=0.2960s status=ok active=5
SEND b6c6 214/1000 table=page_000984_table_2 active=6
RECV b6c6 197/1000 rank=86 id=page_000250_table_box_id_4 latency=2.2650s status=ok active=5
SEND b6c6 215/1000 table=page_001119_table_box_id_2 active=6
RECV b6c6 214/1000 rank=625 id=page_000984_table_2 latency=0.2670s status=ok active=5
SEND b6c6 216/1000 table=page_001121_table_7 active=6
RECV b6c6 212/1000 rank=369 id=page_000256_table_box_id_12 latency=0.6208s status=ok active=5
SEND b6c6 217/1000 table=page_000661_table_4 active=6
RECV b6c6 217/1000 rank=663 id=page_000661_table_4 latency=0.0475s status=ok active=5
SEND b6c6 218/1000 table=page_000255_table_box_id_2 active=6
RECV b6c6 216/1000 rank=427 id=page_001121_table_7 latency=0.3197s status=ok active=5
SEND b6c6 219/1000 table=page_001128_table_2 active=6
RECV b6c6 215/1000 rank=272 id=page_001119_table_box_id_2 latency=0.8215s status=ok active=5
SEND b6c6 220/1000 table=page_000292_table_box_id_1 active=6
RECV b6c6 213/1000 rank=138 id=page_000425_table_3 latency=1.3896s status=ok active=5
SEND b6c6 221/1000 table=page_000465_table_10 active=6
RECV b6c6 204/1000 rank=40 id=page_001164_table_2 latency=3.1819s status=ok active=5
SEND b6c6 222/1000 table=page_001132_table_box_id_10 active=6
RECV b6c6 219/1000 rank=144 id=page_001128_table_2 latency=1.0998s status=ok active=5
SEND b6c6 223/1000 table=page_001082_table_23 active=6
RECV b6c6 221/1000 rank=339 id=page_000465_table_10 latency=0.4402s status=ok active=5
SEND b6c6 224/1000 table=page_000758_table_21 active=6
RECV b6c6 224/1000 rank=636 id=page_000758_table_21 latency=0.1338s status=ok active=5
SEND b6c6 225/1000 table=page_001219_table_box_id_1 active=6
RECV b6c6 223/1000 rank=316 id=page_001082_table_23 latency=0.5244s status=ok active=5
SEND b6c6 226/1000 table=page_000982_table_16 active=6
RECV b6c6 222/1000 rank=227 id=page_001132_table_box_id_10 latency=0.7991s status=ok active=5
SEND b6c6 227/1000 table=page_001233_table_6 active=6
RECV b6c6 226/1000 rank=495 id=page_000982_table_16 latency=0.2152s status=ok active=5
SEND b6c6 228/1000 table=page_000466_table_0 active=6
RECV b6c6 227/1000 rank=241 id=page_001233_table_6 latency=0.6338s status=ok active=5
SEND b6c6 229/1000 table=page_000677_table_23 active=6
RECV b6c6 229/1000 rank=642 id=page_000677_table_23 latency=0.0722s status=ok active=5
SEND b6c6 230/1000 table=page_000237_table_box_id_3 active=6
RECV b6c6 218/1000 rank=42 id=page_000255_table_box_id_2 latency=2.5959s status=ok active=5
SEND b6c6 231/1000 table=page_000526_table_7 active=6
RECV b6c6 231/1000 rank=438 id=page_000526_table_7 latency=0.4037s status=ok active=5
SEND b6c6 232/1000 table=page_000298_table_5 active=6
RECV b6c6 220/1000 rank=25 id=page_000292_table_box_id_1 latency=3.0973s status=ok active=5
SEND b6c6 233/1000 table=page_001499_table_12 active=6
RECV b6c6 232/1000 rank=274 id=page_000298_table_5 latency=0.5729s status=ok active=5
SEND b6c6 234/1000 table=page_001432_table_20 active=6
RECV b6c6 225/1000 rank=50 id=page_001219_table_box_id_1 latency=2.2956s status=ok active=5
SEND b6c6 235/1000 table=page_001136_table_4 active=6
RECV b6c6 234/1000 rank=560 id=page_001432_table_20 latency=0.1887s status=ok active=5
SEND b6c6 236/1000 table=page_001368_table_box_id_237 active=6
RECV b6c6 233/1000 rank=321 id=page_001499_table_12 latency=0.5100s status=ok active=5
SEND b6c6 237/1000 table=page_000467_table_17 active=6
RECV b6c6 230/1000 rank=108 id=page_000237_table_box_id_3 latency=1.4598s status=ok active=5
SEND b6c6 238/1000 table=page_000745_table_2 active=6
RECV b6c6 235/1000 rank=407 id=page_001136_table_4 latency=0.4009s status=ok active=5
SEND b6c6 239/1000 table=page_000523_table_1 active=6
RECV b6c6 236/1000 rank=468 id=page_001368_table_box_id_237 latency=0.2827s status=ok active=5
SEND b6c6 240/1000 table=page_000297_table_5 active=6
RECV b6c6 228/1000 rank=51 id=page_000466_table_0 latency=2.3711s status=ok active=5
SEND b6c6 241/1000 table=page_000524_table_0 active=6
RECV b6c6 238/1000 rank=455 id=page_000745_table_2 latency=0.4711s status=ok active=5
SEND b6c6 242/1000 table=page_000657_table_6 active=6
RECV b6c6 242/1000 rank=659 id=page_000657_table_6 latency=0.0450s status=ok active=5
SEND b6c6 243/1000 table=page_000520_table_6 active=6
RECV b6c6 239/1000 rank=471 id=page_000523_table_1 latency=0.6595s status=ok active=5
SEND b6c6 244/1000 table=page_000203_table_box_id_3 active=6
RECV b6c6 206/1000 rank=08 id=page_000288_table_box_id_1 latency=6.5426s status=ok active=5
SEND b6c6 245/1000 table=page_000522_table_1 active=6
RECV b6c6 243/1000 rank=378 id=page_000520_table_6 latency=0.5137s status=ok active=5
SEND b6c6 246/1000 table=page_000246_table_box_id_6 active=6
RECV b6c6 245/1000 rank=452 id=page_000522_table_1 latency=0.3756s status=ok active=5
SEND b6c6 247/1000 table=page_000261_table_box_id_3 active=6
RECV b6c6 246/1000 rank=575 id=page_000246_table_box_id_6 latency=0.1404s status=ok active=5
SEND b6c6 248/1000 table=page_000106_table_box_id_2 active=6
RECV b6c6 240/1000 rank=175 id=page_000297_table_5 latency=1.2236s status=ok active=5
SEND b6c6 249/1000 table=page_000603_table_7 active=6
RECV b6c6 241/1000 rank=140 id=page_000524_table_0 latency=1.4685s status=ok active=5
SEND b6c6 250/1000 table=page_000721_table_19 active=6
RECV b6c6 249/1000 rank=403 id=page_000603_table_7 latency=0.4869s status=ok active=5
SEND b6c6 251/1000 table=page_000634_table_11 active=6
RECV b6c6 237/1000 rank=120 id=page_000467_table_17 latency=1.9791s status=ok active=5
SEND b6c6 252/1000 table=page_001149_table_0 active=6
RECV b6c6 250/1000 rank=583 id=page_000721_table_19 latency=0.2027s status=ok active=5
SEND b6c6 253/1000 table=page_001368_table_box_id_220 active=6
RECV b6c6 253/1000 rank=530 id=page_001368_table_box_id_220 latency=0.2874s status=ok active=5
SEND b6c6 254/1000 table=page_000841_table_28 active=6
RECV b6c6 254/1000 rank=633 id=page_000841_table_28 latency=0.0793s status=ok active=5
SEND b6c6 255/1000 table=page_001158_table_3 active=6
RECV b6c6 248/1000 rank=208 id=page_000106_table_box_id_2 latency=1.1166s status=ok active=5
SEND b6c6 256/1000 table=page_000201_table_box-w2ehqidz active=6
RECV b6c6 251/1000 rank=225 id=page_000634_table_11 latency=0.9012s status=ok active=5
SEND b6c6 257/1000 table=page_000913_table_11 active=6
RECV b6c6 252/1000 rank=223 id=page_001149_table_0 latency=0.8525s status=ok active=5
SEND b6c6 258/1000 table=page_000554_table_0 active=6
RECV b6c6 257/1000 rank=510 id=page_000913_table_11 latency=0.2378s status=ok active=5
SEND b6c6 259/1000 table=page_001190_table_8 active=6
RECV b6c6 258/1000 rank=566 id=page_000554_table_0 latency=0.1444s status=ok active=5
SEND b6c6 260/1000 table=page_000785_table_7 active=6
RECV b6c6 255/1000 rank=325 id=page_001158_table_3 latency=0.6031s status=ok active=5
SEND b6c6 261/1000 table=page_000915_table_2 active=6
RECV b6c6 261/1000 rank=611 id=page_000915_table_2 latency=0.1711s status=ok active=5
SEND b6c6 262/1000 table=page_001172_table_16 active=6
RECV b6c6 256/1000 rank=228 id=page_000201_table_box-w2ehqidz latency=0.9082s status=ok active=5
SEND b6c6 263/1000 table=page_000295_table_box_id_1 active=6
RECV b6c6 260/1000 rank=545 id=page_000785_table_7 latency=0.3337s status=ok active=5
SEND b6c6 264/1000 table=page_000647_table_6 active=6
RECV b6c6 244/1000 rank=64 id=page_000203_table_box_id_3 latency=2.5851s status=ok active=5
SEND b6c6 265/1000 table=page_001129_table_9 active=6
RECV b6c6 264/1000 rank=563 id=page_000647_table_6 latency=0.3585s status=ok active=5
SEND b6c6 266/1000 table=page_000268_table_box_id_6 active=6
RECV b6c6 262/1000 rank=337 id=page_001172_table_16 latency=0.6907s status=ok active=5
SEND b6c6 267/1000 table=page_000216_table_box_id_0 active=6
RECV b6c6 265/1000 rank=362 id=page_001129_table_9 latency=0.7414s status=ok active=5
SEND b6c6 268/1000 table=page_001125_table_9 active=6
RECV b6c6 266/1000 rank=375 id=page_000268_table_box_id_6 latency=0.4609s status=ok active=5
SEND b6c6 269/1000 table=page_000294_table_box_id_1 active=6
RECV b6c6 247/1000 rank=54 id=page_000261_table_box_id_3 latency=2.9289s status=ok active=5
SEND b6c6 270/1000 table=page_001134_table_10 active=6
RECV b6c6 259/1000 rank=193 id=page_001190_table_8 latency=1.3194s status=ok active=5
SEND b6c6 271/1000 table=page_000277_table_box_id_1 active=6
RECV b6c6 270/1000 rank=134 id=page_001134_table_10 latency=1.2065s status=ok active=5
SEND b6c6 272/1000 table=page_000206_table_box_id_9 active=6
RECV b6c6 268/1000 rank=89 id=page_001125_table_9 latency=1.5494s status=ok active=5
SEND b6c6 273/1000 table=page_001375_table_31 active=6
RECV b6c6 269/1000 rank=84 id=page_000294_table_box_id_1 latency=1.5932s status=ok active=5
SEND b6c6 274/1000 table=page_000823_table_8 active=6
RECV b6c6 273/1000 rank=631 id=page_001375_table_31 latency=0.0840s status=ok active=5
SEND b6c6 275/1000 table=page_000635_table_0 active=6
RECV b6c6 274/1000 rank=637 id=page_000823_table_8 latency=0.1469s status=ok active=5
SEND b6c6 276/1000 table=page_000260_table_box_id_0 active=6
RECV b6c6 272/1000 rank=293 id=page_000206_table_box_id_9 latency=0.6794s status=ok active=5
SEND b6c6 277/1000 table=page_000532_table_5 active=6
RECV b6c6 277/1000 rank=404 id=page_000532_table_5 latency=0.3417s status=ok active=5
SEND b6c6 278/1000 table=page_000665_table_7 active=6
RECV b6c6 278/1000 rank=664 id=page_000665_table_7 latency=0.0463s status=ok active=5
SEND b6c6 279/1000 table=page_000208_table_box_id_7 active=6
RECV b6c6 275/1000 rank=179 id=page_000635_table_0 latency=1.0267s status=ok active=5
SEND b6c6 280/1000 table=page_000178_table_box_id_1 active=6
RECV b6c6 276/1000 rank=183 id=page_000260_table_box_id_0 latency=0.9282s status=ok active=5
SEND b6c6 281/1000 table=page_000612_table_6 active=6
RECV b6c6 279/1000 rank=292 id=page_000208_table_box_id_7 latency=0.6059s status=ok active=5
SEND b6c6 282/1000 table=page_000942_table_3 active=6
RECV b6c6 281/1000 rank=295 id=page_000612_table_6 latency=0.7126s status=ok active=5
SEND b6c6 283/1000 table=page_001166_table_5 active=6
RECV b6c6 282/1000 rank=279 id=page_000942_table_3 latency=0.4871s status=ok active=5
SEND b6c6 284/1000 table=page_000250_table_box-stnne6dt active=6
RECV b6c6 267/1000 rank=23 id=page_000216_table_box_id_0 latency=3.7039s status=ok active=5
SEND b6c6 285/1000 table=page_001270_table_box_id_1 active=6
RECV b6c6 283/1000 rank=472 id=page_001166_table_5 latency=0.4093s status=ok active=5
SEND b6c6 286/1000 table=page_001169_table_11 active=6
RECV b6c6 286/1000 rank=521 id=page_001169_table_11 latency=0.1916s status=ok active=5
SEND b6c6 287/1000 table=page_001154_table_10 active=6
RECV b6c6 280/1000 rank=103 id=page_000178_table_box_id_1 latency=1.6853s status=ok active=5
SEND b6c6 288/1000 table=page_000938_table_3 active=6
RECV b6c6 287/1000 rank=245 id=page_001154_table_10 latency=0.6916s status=ok active=5
SEND b6c6 289/1000 table=page_000190_table_box_id_0 active=6
RECV b6c6 288/1000 rank=347 id=page_000938_table_3 latency=0.5393s status=ok active=5
SEND b6c6 290/1000 table=page_000640_table_8 active=6
RECV b6c6 289/1000 rank=430 id=page_000190_table_box_id_0 latency=0.3539s status=ok active=5
SEND b6c6 291/1000 table=page_000643_table_4 active=6
RECV b6c6 285/1000 rank=95 id=page_001270_table_box_id_1 latency=1.8593s status=ok active=5
SEND b6c6 292/1000 table=page_001368_table_box_id_161 active=6
RECV b6c6 284/1000 rank=93 id=page_000250_table_box-stnne6dt latency=1.9102s status=ok active=5
SEND b6c6 293/1000 table=page_000210_table_box_id_0 active=6
RECV b6c6 263/1000 rank=10 id=page_000295_table_box_id_1 latency=6.5546s status=ok active=5
SEND b6c6 294/1000 table=page_000715_table_14 active=6
RECV b6c6 294/1000 rank=618 id=page_000715_table_14 latency=0.1205s status=ok active=5
SEND b6c6 295/1000 table=page_000230_table_box_id_7 active=6
RECV b6c6 290/1000 rank=211 id=page_000640_table_8 latency=1.0011s status=ok active=5
SEND b6c6 296/1000 table=page_000934_table_1 active=6
RECV b6c6 292/1000 rank=332 id=page_001368_table_box_id_161 latency=0.6246s status=ok active=5
SEND b6c6 297/1000 table=page_001367_table_73 active=6
RECV b6c6 271/1000 rank=13 id=page_000277_table_box_id_1 latency=5.8031s status=ok active=5
SEND b6c6 298/1000 table=page_000280_table_box_id_1 active=6
RECV b6c6 293/1000 rank=222 id=page_000210_table_box_id_0 latency=0.9715s status=ok active=5
SEND b6c6 299/1000 table=page_000647_table_4 active=6
RECV b6c6 296/1000 rank=567 id=page_000934_table_1 latency=0.4803s status=ok active=5
SEND b6c6 300/1000 table=page_001166_table_9 active=6
RECV b6c6 299/1000 rank=650 id=page_000647_table_4 latency=0.0629s status=ok active=5
SEND b6c6 301/1000 table=page_001398_table_box-1nnly5de active=6
RECV b6c6 297/1000 rank=555 id=page_001367_table_73 latency=0.5560s status=ok active=5
SEND b6c6 302/1000 table=page_000494_table_7 active=6
RECV b6c6 300/1000 rank=436 id=page_001166_table_9 latency=0.3980s status=ok active=5
SEND b6c6 303/1000 table=page_000945_table_4 active=6
RECV b6c6 301/1000 rank=386 id=page_001398_table_box-1nnly5de latency=0.5853s status=ok active=5
SEND b6c6 304/1000 table=page_000921_table_2 active=6
RECV b6c6 302/1000 rank=354 id=page_000494_table_7 latency=0.6103s status=ok active=5
SEND b6c6 305/1000 table=page_001183_table_12 active=6
RECV b6c6 304/1000 rank=439 id=page_000921_table_2 latency=0.3729s status=ok active=5
SEND b6c6 306/1000 table=page_001367_table_70 active=6
RECV b6c6 303/1000 rank=306 id=page_000945_table_4 latency=0.6672s status=ok active=5
SEND b6c6 307/1000 table=page_001376_table_13 active=6
RECV b6c6 307/1000 rank=449 id=page_001376_table_13 latency=0.2714s status=ok active=5
SEND b6c6 308/1000 table=page_000916_table_7 active=6
RECV b6c6 305/1000 rank=285 id=page_001183_table_12 latency=0.6237s status=ok active=5
SEND b6c6 309/1000 table=page_001182_table_3 active=6
RECV b6c6 306/1000 rank=392 id=page_001367_table_70 latency=0.4422s status=ok active=5
SEND b6c6 310/1000 table=page_000290_table_box_id_1 active=6
RECV b6c6 295/1000 rank=87 id=page_000230_table_box_id_7 latency=2.2110s status=ok active=5
SEND b6c6 311/1000 table=page_001404_table_7 active=6
RECV b6c6 311/1000 rank=445 id=page_001404_table_7 latency=0.2701s status=ok active=5
SEND b6c6 312/1000 table=page_000106_table_box_id_4 active=6
RECV b6c6 308/1000 rank=265 id=page_000916_table_7 latency=0.6654s status=ok active=5
SEND b6c6 313/1000 table=page_000626_table_box_id_4 active=6
RECV b6c6 312/1000 rank=598 id=page_000106_table_box_id_4 latency=0.2075s status=ok active=5
SEND b6c6 314/1000 table=page_001493_table_box_id_13 active=6
RECV b6c6 309/1000 rank=250 id=page_001182_table_3 latency=0.9274s status=ok active=5
SEND b6c6 315/1000 table=page_000659_table_5 active=6
RECV b6c6 315/1000 rank=657 id=page_000659_table_5 latency=0.0470s status=ok active=5
SEND b6c6 316/1000 table=page_000516_table_0 active=6
RECV b6c6 291/1000 rank=39 id=page_000643_table_4 latency=3.7094s status=ok active=5
SEND b6c6 317/1000 table=page_001210_table_4 active=6
RECV b6c6 314/1000 rank=384 id=page_001493_table_box_id_13 latency=0.5422s status=ok active=5
SEND b6c6 318/1000 table=page_001121_table_10 active=6
RECV b6c6 298/1000 rank=29 id=page_000280_table_box_id_1 latency=3.6311s status=ok active=5
SEND b6c6 319/1000 table=page_001367_table_72 active=6
RECV b6c6 319/1000 rank=590 id=page_001367_table_72 latency=0.1242s status=ok active=5
SEND b6c6 320/1000 table=page_001449_table_1 active=6
RECV b6c6 317/1000 rank=152 id=page_001210_table_4 latency=1.0928s status=ok active=5
SEND b6c6 321/1000 table=page_000716_table_2 active=6
RECV b6c6 321/1000 rank=623 id=page_000716_table_2 latency=0.0894s status=ok active=5
SEND b6c6 322/1000 table=page_001636_table_1 active=6
RECV b6c6 316/1000 rank=125 id=page_000516_table_0 latency=1.2933s status=ok active=5
SEND b6c6 323/1000 table=page_000639_table_4 active=6
RECV b6c6 320/1000 rank=418 id=page_001449_table_1 latency=0.3628s status=ok active=5
SEND b6c6 324/1000 table=page_001368_table_box_id_26 active=6
RECV b6c6 318/1000 rank=135 id=page_001121_table_10 latency=1.2718s status=ok active=5
SEND b6c6 325/1000 table=page_000209_table_box_id_1 active=6
RECV b6c6 322/1000 rank=252 id=page_001636_table_1 latency=0.7001s status=ok active=5
SEND b6c6 326/1000 table=page_000595_table_25 active=6
RECV b6c6 325/1000 rank=432 id=page_000209_table_box_id_1 latency=0.3109s status=ok active=5
SEND b6c6 327/1000 table=page_000434_table_16 active=6
RECV b6c6 326/1000 rank=654 id=page_000595_table_25 latency=0.0485s status=ok active=5
SEND b6c6 328/1000 table=page_000010_table_box_id_1 active=6
RECV b6c6 324/1000 rank=259 id=page_001368_table_box_id_26 latency=0.7825s status=ok active=5
SEND b6c6 329/1000 table=page_000210_table_box_id_4 active=6
RECV b6c6 327/1000 rank=482 id=page_000434_table_16 latency=0.3007s status=ok active=5
SEND b6c6 330/1000 table=page_001214_table_8 active=6
RECV b6c6 328/1000 rank=48 id=page_000010_table_box_id_1 latency=0.3903s status=ok active=5
SEND b6c6 331/1000 table=page_000925_table_10 active=6
RECV b6c6 329/1000 rank=466 id=page_000210_table_box_id_4 latency=0.3866s status=ok active=5
SEND b6c6 332/1000 table=page_000235_table_box_id_16 active=6
RECV b6c6 330/1000 rank=359 id=page_001214_table_8 latency=0.5304s status=ok active=5
SEND b6c6 333/1000 table=page_000803_table_12 active=6
RECV b6c6 313/1000 rank=37 id=page_000626_table_box_id_4 latency=3.2001s status=ok active=5
SEND b6c6 334/1000 table=page_000217_table_box_id_0 active=6
RECV b6c6 333/1000 rank=632 id=page_000803_table_12 latency=0.0895s status=ok active=5
SEND b6c6 335/1000 table=page_000623_table_7 active=6
RECV b6c6 332/1000 rank=417 id=page_000235_table_box_id_16 latency=0.3601s status=ok active=5
SEND b6c6 336/1000 table=page_000944_table_0 active=6
RECV b6c6 331/1000 rank=278 id=page_000925_table_10 latency=0.6469s status=ok active=5
SEND b6c6 337/1000 table=page_000223_table_box_id_2 active=6
RECV b6c6 323/1000 rank=110 id=page_000639_table_4 latency=2.0923s status=ok active=5
SEND b6c6 338/1000 table=page_000636_table_5 active=6
RECV b6c6 334/1000 rank=391 id=page_000217_table_box_id_0 latency=0.6469s status=ok active=5
SEND b6c6 339/1000 table=page_000911_table_box_id_5 active=6
RECV b6c6 338/1000 rank=569 id=page_000636_table_5 latency=0.1476s status=ok active=5
SEND b6c6 340/1000 table=page_000626_table_box_id_7 active=6
RECV b6c6 336/1000 rank=213 id=page_000944_table_0 latency=1.0421s status=ok active=5
SEND b6c6 341/1000 table=page_001132_table_box_id_18 active=6
RECV b6c6 339/1000 rank=356 id=page_000911_table_box_id_5 latency=0.4789s status=ok active=5
SEND b6c6 342/1000 table=page_000246_table_box_id_11 active=6
RECV b6c6 341/1000 rank=546 id=page_001132_table_box_id_18 latency=0.2371s status=ok active=5
SEND b6c6 343/1000 table=page_001117_table_box_id_17 active=6
RECV b6c6 342/1000 rank=451 id=page_000246_table_box_id_11 latency=0.3155s status=ok active=5
SEND b6c6 344/1000 table=page_001242_table_4 active=6
RECV b6c6 343/1000 rank=146 id=page_001117_table_box_id_17 latency=0.1303s status=ok active=5
SEND b6c6 345/1000 table=page_000468_table_1 active=6
RECV b6c6 335/1000 rank=143 id=page_000623_table_7 latency=1.5972s status=ok active=5
SEND b6c6 346/1000 table=page_000510_table_10 active=6
RECV b6c6 345/1000 rank=544 id=page_000468_table_1 latency=0.3106s status=ok active=5
SEND b6c6 347/1000 table=page_000512_table_0 active=6
RECV b6c6 346/1000 rank=548 id=page_000510_table_10 latency=0.1681s status=ok active=5
SEND b6c6 348/1000 table=page_001357_table_3 active=6
RECV b6c6 344/1000 rank=376 id=page_001242_table_4 latency=0.4575s status=ok active=5
SEND b6c6 349/1000 table=page_001595_table_box_id_5 active=6
RECV b6c6 337/1000 rank=114 id=page_000223_table_box_id_2 latency=1.9172s status=ok active=5
SEND b6c6 350/1000 table=page_000499_table_5 active=6
RECV b6c6 348/1000 rank=557 id=page_001357_table_3 latency=0.4718s status=ok active=5
SEND b6c6 351/1000 table=page_001170_table_7 active=6
RECV b6c6 350/1000 rank=448 id=page_000499_table_5 latency=0.3600s status=ok active=5
SEND b6c6 352/1000 table=page_001137_table_10 active=6
RECV b6c6 351/1000 rank=394 id=page_001170_table_7 latency=0.4382s status=ok active=5
SEND b6c6 353/1000 table=page_000451_table_7 active=6
RECV b6c6 349/1000 rank=129 id=page_001595_table_box_id_5 latency=1.3708s status=ok active=5
SEND b6c6 354/1000 table=page_000532_table_4 active=6
RECV b6c6 310/1000 rank=02 id=page_000290_table_box_id_1 latency=7.1992s status=ok active=5
SEND b6c6 355/1000 table=page_000763_table_26 active=6
RECV b6c6 355/1000 rank=645 id=page_000763_table_26 latency=0.0678s status=ok active=5
SEND b6c6 356/1000 table=page_000821_table_box_id_29 active=6
RECV b6c6 354/1000 rank=447 id=page_000532_table_4 latency=0.3301s status=ok active=5
SEND b6c6 357/1000 table=page_000652_table_2 active=6
RECV b6c6 347/1000 rank=85 id=page_000512_table_0 latency=1.9581s status=ok active=5
SEND b6c6 358/1000 table=page_000011_table_box_id_1 active=6
RECV b6c6 356/1000 rank=490 id=page_000821_table_box_id_29 latency=0.2813s status=ok active=5
SEND b6c6 359/1000 table=page_000507_table_0 active=6
RECV b6c6 340/1000 rank=43 id=page_000626_table_box_id_7 latency=3.1139s status=ok active=5
SEND b6c6 360/1000 table=page_001180_table_15 active=6
RECV b6c6 353/1000 rank=136 id=page_000451_table_7 latency=1.3396s status=ok active=5
SEND b6c6 361/1000 table=page_001368_table_box_id_271 active=6
RECV b6c6 360/1000 rank=457 id=page_001180_table_15 latency=0.4466s status=ok active=5
SEND b6c6 362/1000 table=page_000253_table_box_id_7 active=6
RECV b6c6 357/1000 rank=319 id=page_000652_table_2 latency=0.6321s status=ok active=5
SEND b6c6 363/1000 table=page_001201_table_14 active=6
RECV b6c6 361/1000 rank=528 id=page_001368_table_box_id_271 latency=0.1713s status=ok active=5
SEND b6c6 364/1000 table=page_000506_table_7 active=6
RECV b6c6 359/1000 rank=396 id=page_000507_table_0 latency=0.4909s status=ok active=5
SEND b6c6 365/1000 table=page_000565_table_1 active=6
RECV b6c6 362/1000 rank=421 id=page_000253_table_box_id_7 latency=0.4958s status=ok active=5
SEND b6c6 366/1000 table=page_001200_table_2 active=6
RECV b6c6 358/1000 rank=194 id=page_000011_table_box_id_1 latency=1.0438s status=ok active=5
SEND b6c6 367/1000 table=page_000696_table_0 active=6
RECV b6c6 363/1000 rank=393 id=page_001201_table_14 latency=0.5710s status=ok active=5
SEND b6c6 368/1000 table=page_001184_table_6 active=6
RECV b6c6 365/1000 rank=248 id=page_000565_table_1 latency=0.8724s status=ok active=5
SEND b6c6 369/1000 table=page_001174_table_box_id_2 active=6
RECV b6c6 368/1000 rank=542 id=page_001184_table_6 latency=0.3793s status=ok active=5
SEND b6c6 370/1000 table=page_001177_table_2 active=6
RECV b6c6 352/1000 rank=49 id=page_001137_table_10 latency=2.9232s status=ok active=5
SEND b6c6 371/1000 table=page_000505_table_1 active=6
RECV b6c6 367/1000 rank=355 id=page_000696_table_0 latency=0.6301s status=ok active=5
SEND b6c6 372/1000 table=page_000629_table_14 active=6
RECV b6c6 369/1000 rank=363 id=page_001174_table_box_id_2 latency=0.5932s status=ok active=5
SEND b6c6 373/1000 table=page_001207_table_4 active=6
RECV b6c6 364/1000 rank=155 id=page_000506_table_7 latency=1.5811s status=ok active=5
SEND b6c6 374/1000 table=page_001124_table_21 active=6
RECV b6c6 374/1000 rank=554 id=page_001124_table_21 latency=0.1522s status=ok active=5
SEND b6c6 375/1000 table=page_001082_table_34 active=6
RECV b6c6 370/1000 rank=229 id=page_001177_table_2 latency=0.9389s status=ok active=5
SEND b6c6 376/1000 table=page_001141_table_19 active=6
RECV b6c6 372/1000 rank=288 id=page_000629_table_14 latency=0.7722s status=ok active=5
SEND b6c6 377/1000 table=page_000188_table_box_id_6 active=6
RECV b6c6 373/1000 rank=383 id=page_001207_table_4 latency=0.5273s status=ok active=5
SEND b6c6 378/1000 table=page_000927_table_2 active=6
RECV b6c6 376/1000 rank=480 id=page_001141_table_19 latency=0.2526s status=ok active=5
SEND b6c6 379/1000 table=page_001137_table_4 active=6
RECV b6c6 371/1000 rank=121 id=page_000505_table_1 latency=1.5153s status=ok active=5
SEND b6c6 380/1000 table=page_001375_table_4 active=6
RECV b6c6 377/1000 rank=240 id=page_000188_table_box_id_6 latency=0.6900s status=ok active=5
SEND b6c6 381/1000 table=page_001150_table_box_id_9 active=6
RECV b6c6 378/1000 rank=429 id=page_000927_table_2 latency=0.6581s status=ok active=5
SEND b6c6 382/1000 table=page_000818_table_1 active=6
RECV b6c6 382/1000 rank=551 id=page_000818_table_1 latency=0.2360s status=ok active=5
SEND b6c6 383/1000 table=page_000528_table_7 active=6
RECV b6c6 366/1000 rank=73 id=page_001200_table_2 latency=2.4247s status=ok active=5
SEND b6c6 384/1000 table=page_001143_table_4 active=6
RECV b6c6 375/1000 rank=171 id=page_001082_table_34 latency=1.3385s status=ok active=5
SEND b6c6 385/1000 table=page_000531_table_5 active=6
RECV b6c6 383/1000 rank=519 id=page_000528_table_7 latency=0.3291s status=ok active=5
SEND b6c6 386/1000 table=page_001124_table_17 active=6
RECV b6c6 379/1000 rank=212 id=page_001137_table_4 latency=1.3112s status=ok active=5
SEND b6c6 387/1000 table=page_000200_table_box_id_7 active=6
RECV b6c6 384/1000 rank=397 id=page_001143_table_4 latency=0.5641s status=ok active=5
SEND b6c6 388/1000 table=page_000446_table_3 active=6
RECV b6c6 381/1000 rank=255 id=page_001150_table_box_id_9 latency=0.9064s status=ok active=5
SEND b6c6 389/1000 table=page_000930_table_7 active=6
RECV b6c6 389/1000 rank=523 id=page_000930_table_7 latency=0.2593s status=ok active=5
SEND b6c6 390/1000 table=page_000285_table_box_id_1 active=6
RECV b6c6 385/1000 rank=263 id=page_000531_table_5 latency=0.7635s status=ok active=5
SEND b6c6 391/1000 table=page_000832_table_4 active=6
RECV b6c6 387/1000 rank=477 id=page_000200_table_box_id_7 latency=0.3942s status=ok active=5
SEND b6c6 392/1000 table=page_001131_table_15 active=6
RECV b6c6 386/1000 rank=364 id=page_001124_table_17 latency=0.6213s status=ok active=5
SEND b6c6 393/1000 table=page_001195_table_7 active=6
RECV b6c6 391/1000 rank=593 id=page_000832_table_4 latency=0.4232s status=ok active=5
SEND b6c6 394/1000 table=page_001134_table_1 active=6
RECV b6c6 392/1000 rank=469 id=page_001131_table_15 latency=0.6163s status=ok active=5
SEND b6c6 395/1000 table=page_000506_table_9 active=6
RECV b6c6 380/1000 rank=60 id=page_001375_table_4 latency=2.6620s status=ok active=5
SEND b6c6 396/1000 table=page_000229_table_box_id_3 active=6
RECV b6c6 395/1000 rank=157 id=page_000506_table_9 latency=0.8598s status=ok active=5
SEND b6c6 397/1000 table=page_001403_table_9 active=6
RECV b6c6 393/1000 rank=82 id=page_001195_table_7 latency=1.7937s status=ok active=5
SEND b6c6 398/1000 table=page_001147_table_8 active=6
RECV b6c6 397/1000 rank=487 id=page_001403_table_9 latency=0.3284s status=ok active=5
SEND b6c6 399/1000 table=page_001223_table_9 active=6
RECV b6c6 396/1000 rank=370 id=page_000229_table_box_id_3 latency=0.4675s status=ok active=5
SEND b6c6 400/1000 table=page_000866_table_10 active=6
RECV b6c6 400/1000 rank=629 id=page_000866_table_10 latency=0.1430s status=ok active=5
SEND b6c6 401/1000 table=page_000242_table_box-mhg591pb active=6
RECV b6c6 394/1000 rank=77 id=page_001134_table_1 latency=1.8255s status=ok active=5
SEND b6c6 402/1000 table=page_000272_table_box_id_1 active=6
RECV b6c6 390/1000 rank=52 id=page_000285_table_box_id_1 latency=2.5595s status=ok active=5
SEND b6c6 403/1000 table=page_001011_table_35 active=6
RECV b6c6 401/1000 rank=277 id=page_000242_table_box-mhg591pb latency=0.6331s status=ok active=5
SEND b6c6 404/1000 table=page_000665_table_38 active=6
RECV b6c6 404/1000 rank=660 id=page_000665_table_38 latency=0.0482s status=ok active=5
SEND b6c6 405/1000 table=page_000224_table_box-3str9h9p active=6
RECV b6c6 403/1000 rank=465 id=page_001011_table_35 latency=0.2735s status=ok active=5
SEND b6c6 406/1000 table=page_000226_table_box_id_0 active=6
RECV b6c6 388/1000 rank=32 id=page_000446_table_3 latency=3.4105s status=ok active=5
SEND b6c6 407/1000 table=page_000641_table_6 active=6
RECV b6c6 398/1000 rank=162 id=page_001147_table_8 latency=1.4055s status=ok active=5
SEND b6c6 408/1000 table=page_000682_table_15 active=6
RECV b6c6 406/1000 rank=367 id=page_000226_table_box_id_0 latency=0.5461s status=ok active=5
SEND b6c6 409/1000 table=page_000199_table_box_id_0 active=6
RECV b6c6 408/1000 rank=507 id=page_000682_table_15 latency=0.2046s status=ok active=5
SEND b6c6 410/1000 table=page_000853_table_2 active=6
RECV b6c6 399/1000 rank=106 id=page_001223_table_9 latency=1.8715s status=ok active=5
SEND b6c6 411/1000 table=page_001137_table_9 active=6
RECV b6c6 410/1000 rank=529 id=page_000853_table_2 latency=0.2970s status=ok active=5
SEND b6c6 412/1000 table=page_000647_table_1 active=6
RECV b6c6 407/1000 rank=281 id=page_000641_table_6 latency=0.7020s status=ok active=5
SEND b6c6 413/1000 table=page_000838_table_18 active=6
RECV b6c6 405/1000 rank=203 id=page_000224_table_box-3str9h9p latency=1.1543s status=ok active=5
SEND b6c6 414/1000 table=page_001368_table_box_id_266 active=6
RECV b6c6 412/1000 rank=597 id=page_000647_table_1 latency=0.2581s status=ok active=5
SEND b6c6 415/1000 table=page_000790_table_9 active=6
RECV b6c6 414/1000 rank=648 id=page_001368_table_box_id_266 latency=0.0644s status=ok active=5
SEND b6c6 416/1000 table=page_001368_table_box_id_227 active=6
RECV b6c6 413/1000 rank=627 id=page_000838_table_18 latency=0.2415s status=ok active=5
SEND b6c6 417/1000 table=page_001139_table_5 active=6
RECV b6c6 415/1000 rank=346 id=page_000790_table_9 latency=0.4949s status=ok active=5
SEND b6c6 418/1000 table=page_000275_table_box_id_1 active=6
RECV b6c6 416/1000 rank=264 id=page_001368_table_box_id_227 latency=0.8067s status=ok active=5
SEND b6c6 419/1000 table=page_001368_table_box_id_278 active=6
RECV b6c6 419/1000 rank=621 id=page_001368_table_box_id_278 latency=0.0949s status=ok active=5
SEND b6c6 420/1000 table=page_000468_table_11 active=6
RECV b6c6 420/1000 rank=547 id=page_000468_table_11 latency=0.1621s status=ok active=5
SEND b6c6 421/1000 table=page_001198_table_8 active=6
RECV b6c6 409/1000 rank=80 id=page_000199_table_box_id_0 latency=1.9953s status=ok active=5
SEND b6c6 422/1000 table=page_000242_table_box_id_3 active=6
RECV b6c6 421/1000 rank=260 id=page_001198_table_8 latency=0.6177s status=ok active=5
SEND b6c6 423/1000 table=page_001196_table_13 active=6
RECV b6c6 417/1000 rank=79 id=page_001139_table_5 latency=1.7330s status=ok active=5
SEND b6c6 424/1000 table=page_000244_table_box_id_8 active=6
RECV b6c6 411/1000 rank=67 id=page_001137_table_9 latency=2.2080s status=ok active=5
SEND b6c6 425/1000 table=page_000806_table_29 active=6
RECV b6c6 424/1000 rank=348 id=page_000244_table_box_id_8 latency=0.5675s status=ok active=5
SEND b6c6 426/1000 table=page_001141_table_13 active=6
RECV b6c6 425/1000 rank=320 id=page_000806_table_29 latency=0.4399s status=ok active=5
SEND b6c6 427/1000 table=page_000655_table_5 active=6
RECV b6c6 427/1000 rank=562 id=page_000655_table_5 latency=0.1782s status=ok active=5
SEND b6c6 428/1000 table=page_001494_table_9 active=6
RECV b6c6 423/1000 rank=199 id=page_001196_table_13 latency=0.9936s status=ok active=5
SEND b6c6 429/1000 table=page_000292_table_box_id_5 active=6
RECV b6c6 428/1000 rank=532 id=page_001494_table_9 latency=0.2016s status=ok active=5
SEND b6c6 430/1000 table=page_000281_table_box_id_1 active=6
RECV b6c6 429/1000 rank=646 id=page_000292_table_box_id_5 latency=0.0644s status=ok active=5
SEND b6c6 431/1000 table=page_000715_table_10 active=6
RECV b6c6 422/1000 rank=132 id=page_000242_table_box_id_3 latency=1.4287s status=ok active=5
SEND b6c6 432/1000 table=page_000496_table_3 active=6
RECV b6c6 431/1000 rank=643 id=page_000715_table_10 latency=0.3287s status=ok active=5
SEND b6c6 433/1000 table=page_000827_table_8 active=6
RECV b6c6 426/1000 rank=280 id=page_001141_table_13 latency=0.8264s status=ok active=5
SEND b6c6 434/1000 table=page_000920_table_3 active=6
RECV b6c6 433/1000 rank=635 id=page_000827_table_8 latency=0.0834s status=ok active=5
SEND b6c6 435/1000 table=page_001211_table_7 active=6
RECV b6c6 434/1000 rank=478 id=page_000920_table_3 latency=0.2628s status=ok active=5
SEND b6c6 436/1000 table=page_000841_table_22 active=6
RECV b6c6 436/1000 rank=640 id=page_000841_table_22 latency=0.0757s status=ok active=5
SEND b6c6 437/1000 table=page_001137_table_11 active=6
RECV b6c6 435/1000 rank=462 id=page_001211_table_7 latency=0.3995s status=ok active=5
SEND b6c6 438/1000 table=page_001137_table_2 active=6
RECV b6c6 432/1000 rank=163 id=page_000496_table_3 latency=1.1984s status=ok active=5
SEND b6c6 439/1000 table=page_001406_table_8 active=6
RECV b6c6 437/1000 rank=243 id=page_001137_table_11 latency=0.6939s status=ok active=5
SEND b6c6 440/1000 table=page_000921_table_8 active=6
RECV b6c6 440/1000 rank=541 id=page_000921_table_8 latency=0.1659s status=ok active=5
SEND b6c6 441/1000 table=page_000248_table_box_id_1 active=6
RECV b6c6 439/1000 rank=380 id=page_001406_table_8 latency=0.4051s status=ok active=5
SEND b6c6 442/1000 table=page_001129_table_8 active=6
RECV b6c6 438/1000 rank=151 id=page_001137_table_2 latency=1.1809s status=ok active=5
SEND b6c6 443/1000 table=page_000566_table_3 active=6
RECV b6c6 402/1000 rank=09 id=page_000272_table_box_id_1 latency=6.7413s status=ok active=5
SEND b6c6 444/1000 table=page_001275_table_3 active=6
RECV b6c6 441/1000 rank=119 id=page_000248_table_box_id_1 latency=0.8027s status=ok active=5
SEND b6c6 445/1000 table=page_000861_table_5 active=6
RECV b6c6 430/1000 rank=57 id=page_000281_table_box_id_1 latency=2.5759s status=ok active=5
SEND b6c6 446/1000 table=page_000204_table_box_id_6 active=6
RECV b6c6 443/1000 rank=167 id=page_000566_table_3 latency=1.1017s status=ok active=5
SEND b6c6 447/1000 table=page_000554_table_12 active=6
RECV b6c6 442/1000 rank=107 id=page_001129_table_8 latency=1.5625s status=ok active=5
SEND b6c6 448/1000 table=page_000533_table_8 active=6
RECV b6c6 446/1000 rank=344 id=page_000204_table_box_id_6 latency=0.6792s status=ok active=5
SEND b6c6 449/1000 table=page_001273_table_8 active=6
RECV b6c6 447/1000 rank=538 id=page_000554_table_12 latency=0.1698s status=ok active=5
SEND b6c6 450/1000 table=page_000642_table_8 active=6
RECV b6c6 445/1000 rank=153 id=page_000861_table_5 latency=1.2227s status=ok active=5
SEND b6c6 451/1000 table=page_001408_table_16 active=6
RECV b6c6 451/1000 rank=652 id=page_001408_table_16 latency=0.0562s status=ok active=5
SEND b6c6 452/1000 table=page_000417_table_3 active=6
RECV b6c6 448/1000 rank=399 id=page_000533_table_8 latency=0.5312s status=ok active=5
SEND b6c6 453/1000 table=page_000737_table_6 active=6
RECV b6c6 418/1000 rank=12 id=page_000275_table_box_id_1 latency=6.0905s status=ok active=5
SEND b6c6 454/1000 table=page_000632_table_6 active=6
RECV b6c6 453/1000 rank=454 id=page_000737_table_6 latency=0.4012s status=ok active=5
SEND b6c6 455/1000 table=page_000259_table_box_id_1 active=6
RECV b6c6 454/1000 rank=501 id=page_000632_table_6 latency=0.3248s status=ok active=5
SEND b6c6 456/1000 table=page_000769_table_3 active=6
RECV b6c6 456/1000 rank=540 id=page_000769_table_3 latency=0.2583s status=ok active=5
SEND b6c6 457/1000 table=page_000256_table_box_id_1 active=6
RECV b6c6 457/1000 rank=527 id=page_000256_table_box_id_1 latency=0.1738s status=ok active=5
SEND b6c6 458/1000 table=page_001138_table_1 active=6
RECV b6c6 452/1000 rank=189 id=page_000417_table_3 latency=0.9584s status=ok active=5
SEND b6c6 459/1000 table=page_001186_table_5 active=6
RECV b6c6 444/1000 rank=63 id=page_001275_table_3 latency=2.4443s status=ok active=5
SEND b6c6 460/1000 table=page_000252_table_box_id_1 active=6
RECV b6c6 450/1000 rank=128 id=page_000642_table_8 latency=1.6896s status=ok active=5
SEND b6c6 461/1000 table=page_001129_table_11 active=6
RECV b6c6 459/1000 rank=595 id=page_001186_table_5 latency=0.3482s status=ok active=5
SEND b6c6 462/1000 table=page_000266_table_box_id_1 active=6
RECV b6c6 462/1000 rank=420 id=page_000266_table_box_id_1 latency=0.3488s status=ok active=5
SEND b6c6 463/1000 table=page_000680_table_11 active=6
RECV b6c6 449/1000 rank=76 id=page_001273_table_8 latency=2.2647s status=ok active=5
SEND b6c6 464/1000 table=page_000256_table_box_id_8 active=6
RECV b6c6 455/1000 rank=127 id=page_000259_table_box_id_1 latency=1.5957s status=ok active=5
SEND b6c6 465/1000 table=page_000279_table_box-fy04hrwa active=6
RECV b6c6 460/1000 rank=197 id=page_000252_table_box_id_1 latency=1.0503s status=ok active=5
SEND b6c6 466/1000 table=page_000232_table_box_id_8 active=6
RECV b6c6 461/1000 rank=181 id=page_001129_table_11 latency=1.0975s status=ok active=5
SEND b6c6 467/1000 table=page_001202_table_3 active=6
RECV b6c6 463/1000 rank=271 id=page_000680_table_11 latency=0.7210s status=ok active=5
SEND b6c6 468/1000 table=page_000545_table_14 active=6
RECV b6c6 464/1000 rank=336 id=page_000256_table_box_id_8 latency=0.6167s status=ok active=5
SEND b6c6 469/1000 table=page_000221_table_box_id_3 active=6
RECV b6c6 466/1000 rank=379 id=page_000232_table_box_id_8 latency=0.6647s status=ok active=5
SEND b6c6 470/1000 table=page_001595_table_box_id_1 active=6
RECV b6c6 468/1000 rank=488 id=page_000545_table_14 latency=0.3880s status=ok active=5
SEND b6c6 471/1000 table=page_001356_table_3 active=6
RECV b6c6 469/1000 rank=190 id=page_000221_table_box_id_3 latency=0.7576s status=ok active=5
SEND b6c6 472/1000 table=page_000293_table_box_id_1 active=6
RECV b6c6 471/1000 rank=433 id=page_001356_table_3 latency=0.8507s status=ok active=5
SEND b6c6 473/1000 table=page_001168_table_0 active=6
RECV b6c6 458/1000 rank=59 id=page_001138_table_1 latency=2.7222s status=ok active=5
SEND b6c6 474/1000 table=page_000626_table_box_id_1 active=6
RECV b6c6 467/1000 rank=145 id=page_001202_table_3 latency=1.5022s status=ok active=5
SEND b6c6 475/1000 table=page_000283_table_box_id_1 active=6
RECV b6c6 473/1000 rank=216 id=page_001168_table_0 latency=0.7781s status=ok active=5
SEND b6c6 476/1000 table=page_000465_table_9 active=6
RECV b6c6 476/1000 rank=335 id=page_000465_table_9 latency=0.4067s status=ok active=5
SEND b6c6 477/1000 table=page_000762_table_5 active=6
RECV b6c6 477/1000 rank=610 id=page_000762_table_5 latency=0.1009s status=ok active=5
SEND b6c6 478/1000 table=page_000220_table_box_id_7 active=6
RECV b6c6 478/1000 rank=187 id=page_000220_table_box_id_7 latency=0.7240s status=ok active=5
SEND b6c6 479/1000 table=page_001146_table_11 active=6
RECV b6c6 479/1000 rank=385 id=page_001146_table_11 latency=0.3581s status=ok active=5
SEND b6c6 480/1000 table=page_001026_table_box_id_12 active=6
RECV b6c6 474/1000 rank=44 id=page_000626_table_box_id_1 latency=2.4591s status=ok active=5
SEND b6c6 481/1000 table=page_000220_table_box_id_3 active=6
RECV b6c6 465/1000 rank=19 id=page_000279_table_box-fy04hrwa latency=4.2953s status=ok active=5
SEND b6c6 482/1000 table=page_001368_table_box_id_252 active=6
RECV b6c6 480/1000 rank=373 id=page_001026_table_box_id_12 latency=0.4629s status=ok active=5
SEND b6c6 483/1000 table=page_000207_table_box_id_1 active=6
RECV b6c6 481/1000 rank=358 id=page_000220_table_box_id_3 latency=0.4305s status=ok active=5
SEND b6c6 484/1000 table=page_000800_table_10 active=6
RECV b6c6 482/1000 rank=520 id=page_001368_table_box_id_252 latency=0.2058s status=ok active=5
SEND b6c6 485/1000 table=page_000501_table_6 active=6
RECV b6c6 484/1000 rank=653 id=page_000800_table_10 latency=0.2857s status=ok active=5
SEND b6c6 486/1000 table=page_000605_table_3 active=6
RECV b6c6 486/1000 rank=649 id=page_000605_table_3 latency=0.0601s status=ok active=5
SEND b6c6 487/1000 table=page_001130_table_1 active=6
RECV b6c6 472/1000 rank=21 id=page_000293_table_box_id_1 latency=3.8121s status=ok active=5
SEND b6c6 488/1000 table=page_000835_table_2 active=6
RECV b6c6 487/1000 rank=572 id=page_001130_table_1 latency=0.1426s status=ok active=5
SEND b6c6 489/1000 table=page_000299_table_box_id_5 active=6
RECV b6c6 488/1000 rank=601 id=page_000835_table_2 latency=0.1989s status=ok active=5
SEND b6c6 490/1000 table=page_000634_table_1 active=6
RECV b6c6 490/1000 rank=276 id=page_000634_table_1 latency=0.4909s status=ok active=5
SEND b6c6 491/1000 table=page_000932_table_3 active=6
RECV b6c6 483/1000 rank=102 id=page_000207_table_box_id_1 latency=1.6074s status=ok active=5
SEND b6c6 492/1000 table=page_001367_table_52 active=6
RECV b6c6 491/1000 rank=381 id=page_000932_table_3 latency=0.3529s status=ok active=5
SEND b6c6 493/1000 table=page_000633_table_5 active=6
RECV b6c6 489/1000 rank=116 id=page_000299_table_box_id_5 latency=1.3665s status=ok active=5
SEND b6c6 494/1000 table=page_000219_table_box_id_3 active=6
RECV b6c6 470/1000 rank=11 id=page_001595_table_box_id_1 latency=5.6913s status=ok active=5
SEND b6c6 495/1000 table=page_001124_table_12 active=6
RECV b6c6 485/1000 rank=83 id=page_000501_table_6 latency=2.0120s status=ok active=5
SEND b6c6 496/1000 table=page_000282_table_box_id_1 active=6
RECV b6c6 495/1000 rank=481 id=page_001124_table_12 latency=0.3936s status=ok active=5
SEND b6c6 497/1000 table=page_000744_table_11 active=6
RECV b6c6 497/1000 rank=594 id=page_000744_table_11 latency=0.1200s status=ok active=5
SEND b6c6 498/1000 table=page_000231_table_box_id_2 active=6
RECV b6c6 494/1000 rank=300 id=page_000219_table_box_id_3 latency=0.6077s status=ok active=5
SEND b6c6 499/1000 table=page_001144_table_11 active=6
RECV b6c6 492/1000 rank=231 id=page_001367_table_52 latency=0.9490s status=ok active=5
SEND b6c6 500/1000 table=page_000243_table_box-xkm41jlm active=6
RECV b6c6 500/1000 rank=389 id=page_000243_table_box-xkm41jlm latency=0.5288s status=ok active=5
SEND b6c6 501/1000 table=page_000511_table_1 active=6
RECV b6c6 499/1000 rank=242 id=page_001144_table_11 latency=0.8125s status=ok active=5
SEND b6c6 502/1000 table=page_000307_table_2 active=6
RECV b6c6 475/1000 rank=03 id=page_000283_table_box_id_1 latency=6.1156s status=ok active=5
SEND b6c6 503/1000 table=page_001145_table_3 active=6
RECV b6c6 503/1000 rank=323 id=page_001145_table_3 latency=0.4681s status=ok active=5
SEND b6c6 504/1000 table=page_000428_table_6 active=6
RECV b6c6 498/1000 rank=105 id=page_000231_table_box_id_2 latency=1.5682s status=ok active=5
SEND b6c6 505/1000 table=page_000465_table_5 active=6
RECV b6c6 493/1000 rank=53 id=page_000633_table_5 latency=2.6626s status=ok active=5
SEND b6c6 506/1000 table=page_000792_table_25 active=6
RECV b6c6 504/1000 rank=416 id=page_000428_table_6 latency=0.4532s status=ok active=5
SEND b6c6 507/1000 table=page_001272_table_1 active=6
RECV b6c6 506/1000 rank=498 id=page_000792_table_25 latency=0.2075s status=ok active=5
SEND b6c6 508/1000 table=page_000147_table_box_id_3 active=6
RECV b6c6 508/1000 rank=641 id=page_000147_table_box_id_3 latency=0.2631s status=ok active=5
SEND b6c6 509/1000 table=page_001175_table_2 active=6
RECV b6c6 505/1000 rank=340 id=page_000465_table_5 latency=0.6897s status=ok active=5
SEND b6c6 510/1000 table=page_000824_table_0 active=6
RECV b6c6 502/1000 rank=109 id=page_000307_table_2 latency=1.6868s status=ok active=5
SEND b6c6 511/1000 table=page_000858_table_1 active=6
RECV b6c6 511/1000 rank=592 id=page_000858_table_1 latency=0.1234s status=ok active=5
SEND b6c6 512/1000 table=page_000226_table_box_id_3 active=6
RECV b6c6 501/1000 rank=71 id=page_000511_table_1 latency=2.1409s status=ok active=5
SEND b6c6 513/1000 table=page_001199_table_15 active=6
RECV b6c6 510/1000 rank=268 id=page_000824_table_0 latency=0.7974s status=ok active=5
SEND b6c6 514/1000 table=page_001167_table_8 active=6
RECV b6c6 513/1000 rank=290 id=page_001199_table_15 latency=0.5505s status=ok active=5
SEND b6c6 515/1000 table=page_000254_table_box_id_4 active=6
RECV b6c6 509/1000 rank=178 id=page_001175_table_2 latency=1.0482s status=ok active=5
SEND b6c6 516/1000 table=page_000628_table_14 active=6
RECV b6c6 514/1000 rank=450 id=page_001167_table_8 latency=0.2731s status=ok active=5
SEND b6c6 517/1000 table=page_000247_table_box_id_0 active=6
RECV b6c6 512/1000 rank=244 id=page_000226_table_box_id_3 latency=0.6717s status=ok active=5
SEND b6c6 518/1000 table=page_000838_table_1 active=6
RECV b6c6 517/1000 rank=609 id=page_000247_table_box_id_0 latency=0.3178s status=ok active=5
SEND b6c6 519/1000 table=page_000649_table_8 active=6
RECV b6c6 518/1000 rank=556 id=page_000838_table_1 latency=0.4181s status=ok active=5
SEND b6c6 520/1000 table=page_000515_table_7 active=6
RECV b6c6 519/1000 rank=442 id=page_000649_table_8 latency=0.3630s status=ok active=5
SEND b6c6 521/1000 table=page_001368_table_box_id_229 active=6
RECV b6c6 516/1000 rank=286 id=page_000628_table_14 latency=0.7824s status=ok active=5
SEND b6c6 522/1000 table=page_000639_table_11 active=6
RECV b6c6 520/1000 rank=301 id=page_000515_table_7 latency=0.5369s status=ok active=5
SEND b6c6 523/1000 table=page_000271_table_box_id_1 active=6
RECV b6c6 507/1000 rank=66 id=page_001272_table_1 latency=2.4974s status=ok active=5
SEND b6c6 524/1000 table=page_001232_table_box_id_1 active=6
RECV b6c6 515/1000 rank=174 id=page_000254_table_box_id_4 latency=1.2887s status=ok active=5
SEND b6c6 525/1000 table=page_001134_table_9 active=6
RECV b6c6 521/1000 rank=310 id=page_001368_table_box_id_229 latency=0.7278s status=ok active=5
SEND b6c6 526/1000 table=page_001035_table_31 active=6
RECV b6c6 524/1000 rank=313 id=page_001232_table_box_id_1 latency=0.5604s status=ok active=5
SEND b6c6 527/1000 table=page_000499_table_0 active=6
RECV b6c6 526/1000 rank=247 id=page_001035_table_31 latency=0.6299s status=ok active=5
SEND b6c6 528/1000 table=page_001193_table_8 active=6
RECV b6c6 522/1000 rank=130 id=page_000639_table_11 latency=1.4702s status=ok active=5
SEND b6c6 529/1000 table=page_000592_table_3 active=6
RECV b6c6 527/1000 rank=246 id=page_000499_table_0 latency=0.6466s status=ok active=5
SEND b6c6 530/1000 table=page_000853_table_9 active=6
RECV b6c6 530/1000 rank=584 id=page_000853_table_9 latency=0.1890s status=ok active=5
SEND b6c6 531/1000 table=page_000921_table_9 active=6
RECV b6c6 525/1000 rank=137 id=page_001134_table_9 latency=1.3491s status=ok active=5
SEND b6c6 532/1000 table=page_000922_table_12 active=6
RECV b6c6 528/1000 rank=262 id=page_001193_table_8 latency=0.8132s status=ok active=5
SEND b6c6 533/1000 table=page_001219_table_box_id_4 active=6
RECV b6c6 531/1000 rank=460 id=page_000921_table_9 latency=0.3356s status=ok active=5
SEND b6c6 534/1000 table=page_000709_table_12 active=6
RECV b6c6 534/1000 rank=634 id=page_000709_table_12 latency=0.1235s status=ok active=5
SEND b6c6 535/1000 table=page_001367_table_69 active=6
RECV b6c6 532/1000 rank=294 id=page_000922_table_12 latency=0.5528s status=ok active=5
SEND b6c6 536/1000 table=page_000225_table_box_id_9 active=6
RECV b6c6 533/1000 rank=408 id=page_001219_table_box_id_4 latency=0.4523s status=ok active=5
SEND b6c6 537/1000 table=page_000647_table_3 active=6
RECV b6c6 535/1000 rank=446 id=page_001367_table_69 latency=0.3526s status=ok active=5
SEND b6c6 538/1000 table=page_000763_table_2 active=6
RECV b6c6 496/1000 rank=06 id=page_000282_table_box_id_1 latency=7.1214s status=ok active=5
SEND b6c6 539/1000 table=page_001157_table_5 active=6
RECV b6c6 537/1000 rank=608 id=page_000647_table_3 latency=0.1360s status=ok active=5
SEND b6c6 540/1000 table=page_001026_table_box_id_25 active=6
RECV b6c6 538/1000 rank=624 id=page_000763_table_2 latency=0.2422s status=ok active=5
SEND b6c6 541/1000 table=page_001368_table_box_id_163 active=6
RECV b6c6 536/1000 rank=431 id=page_000225_table_box_id_9 latency=0.5073s status=ok active=5
SEND b6c6 542/1000 table=page_001140_table_11 active=6
RECV b6c6 541/1000 rank=651 id=page_001368_table_box_id_163 latency=0.0604s status=ok active=5
SEND b6c6 543/1000 table=page_000266_table_box_id_5 active=6
RECV b6c6 543/1000 rank=453 id=page_000266_table_box_id_5 latency=0.3572s status=ok active=5
SEND b6c6 544/1000 table=page_000142_table_box_id_2 active=6
RECV b6c6 539/1000 rank=333 id=page_001157_table_5 latency=0.6712s status=ok active=5
SEND b6c6 545/1000 table=page_001135_table_6 active=6
RECV b6c6 544/1000 rank=580 id=page_000142_table_box_id_2 latency=0.1449s status=ok active=5
SEND b6c6 546/1000 table=page_001189_table_box_id_3 active=6
RECV b6c6 540/1000 rank=275 id=page_001026_table_box_id_25 latency=0.8305s status=ok active=5
SEND b6c6 547/1000 table=page_001227_table_10 active=6
RECV b6c6 529/1000 rank=92 id=page_000592_table_3 latency=2.2320s status=ok active=5
SEND b6c6 548/1000 table=page_001225_table_14 active=6
RECV b6c6 548/1000 rank=428 id=page_001225_table_14 latency=0.3078s status=ok active=5
SEND b6c6 549/1000 table=page_001230_table_box_id_3 active=6
RECV b6c6 546/1000 rank=338 id=page_001189_table_box_id_3 latency=0.6137s status=ok active=5
SEND b6c6 550/1000 table=page_001143_table_8 active=6
RECV b6c6 545/1000 rank=299 id=page_001135_table_6 latency=0.6728s status=ok active=5
SEND b6c6 551/1000 table=page_001180_table_16 active=6
RECV b6c6 542/1000 rank=148 id=page_001140_table_11 latency=1.4458s status=ok active=5
SEND b6c6 552/1000 table=page_000278_table_box_id_1 active=6
RECV b6c6 549/1000 rank=499 id=page_001230_table_box_id_3 latency=0.3570s status=ok active=5
SEND b6c6 553/1000 table=page_000228_table_box_id_1 active=6
RECV b6c6 551/1000 rank=390 id=page_001180_table_16 latency=0.6485s status=ok active=5
SEND b6c6 554/1000 table=page_000673_table_1 active=6
RECV b6c6 554/1000 rank=493 id=page_000673_table_1 latency=0.2140s status=ok active=5
SEND b6c6 555/1000 table=page_001197_table_4 active=6
RECV b6c6 550/1000 rank=188 id=page_001143_table_8 latency=1.0998s status=ok active=5
SEND b6c6 556/1000 table=page_001197_table_5 active=6
RECV b6c6 553/1000 rank=150 id=page_000228_table_box_id_1 latency=1.1217s status=ok active=5
SEND b6c6 557/1000 table=page_001162_table_3 active=6
RECV b6c6 547/1000 rank=75 id=page_001227_table_10 latency=2.0051s status=ok active=5
SEND b6c6 558/1000 table=page_000536_table_4 active=6
RECV b6c6 558/1000 rank=303 id=page_000536_table_4 latency=0.4871s status=ok active=5
SEND b6c6 559/1000 table=page_001125_table_3 active=6
RECV b6c6 557/1000 rank=257 id=page_001162_table_3 latency=0.5612s status=ok active=5
SEND b6c6 560/1000 table=page_000215_table_box_id_4 active=6
RECV b6c6 555/1000 rank=131 id=page_001197_table_4 latency=1.2515s status=ok active=5
SEND b6c6 561/1000 table=page_000465_table_4 active=6
RECV b6c6 560/1000 rank=343 id=page_000215_table_box_id_4 latency=0.4532s status=ok active=5
SEND b6c6 562/1000 table=page_001306_table_1 active=6
RECV b6c6 556/1000 rank=118 id=page_001197_table_5 latency=1.3994s status=ok active=5
SEND b6c6 563/1000 table=page_001276_table_2 active=6
RECV b6c6 559/1000 rank=308 id=page_001125_table_3 latency=0.5770s status=ok active=5
SEND b6c6 564/1000 table=page_000229_table_box-pug9otka active=6
RECV b6c6 561/1000 rank=328 id=page_000465_table_4 latency=0.4699s status=ok active=5
SEND b6c6 565/1000 table=page_000243_table_box_id_1 active=6
RECV b6c6 564/1000 rank=503 id=page_000229_table_box-pug9otka latency=0.5005s status=ok active=5
SEND b6c6 566/1000 table=page_000918_table_0 active=6
RECV b6c6 562/1000 rank=270 id=page_001306_table_1 latency=0.7496s status=ok active=5
SEND b6c6 567/1000 table=page_000535_table_1 active=6
RECV b6c6 565/1000 rank=330 id=page_000243_table_box_id_1 latency=0.6806s status=ok active=5
SEND b6c6 568/1000 table=page_001126_table_18 active=6
RECV b6c6 523/1000 rank=04 id=page_000271_table_box_id_1 latency=7.0966s status=ok active=5
SEND b6c6 569/1000 table=page_000776_table_4 active=6
RECV b6c6 566/1000 rank=456 id=page_000918_table_0 latency=0.4156s status=ok active=5
SEND b6c6 570/1000 table=page_000821_table_box_id_26 active=6
RECV b6c6 569/1000 rank=600 id=page_000776_table_4 latency=0.2531s status=ok active=5
SEND b6c6 571/1000 table=page_000222_table_box_id_1 active=6
RECV b6c6 570/1000 rank=617 id=page_000821_table_box_id_26 latency=0.0993s status=ok active=5
SEND b6c6 572/1000 table=page_000520_table_0 active=6
RECV b6c6 568/1000 rank=543 id=page_001126_table_18 latency=0.3404s status=ok active=5
SEND b6c6 573/1000 table=page_000523_table_0 active=6
RECV b6c6 572/1000 rank=550 id=page_000520_table_0 latency=0.2858s status=ok active=5
SEND b6c6 574/1000 table=page_001156_table_6 active=6
RECV b6c6 567/1000 rank=239 id=page_000535_table_1 latency=0.9034s status=ok active=5
SEND b6c6 575/1000 table=page_001185_table_10 active=6
RECV b6c6 571/1000 rank=311 id=page_000222_table_box_id_1 latency=0.6100s status=ok active=5
SEND b6c6 576/1000 table=page_000585_table_1 active=6
RECV b6c6 573/1000 rank=312 id=page_000523_table_0 latency=0.6746s status=ok active=5
SEND b6c6 577/1000 table=page_001188_table_2 active=6
RECV b6c6 574/1000 rank=217 id=page_001156_table_6 latency=0.8717s status=ok active=5
SEND b6c6 578/1000 table=page_000665_table_3 active=6
RECV b6c6 578/1000 rank=662 id=page_000665_table_3 latency=0.0460s status=ok active=5
SEND b6c6 579/1000 table=page_000521_table_2 active=6
RECV b6c6 575/1000 rank=304 id=page_001185_table_10 latency=0.6624s status=ok active=5
SEND b6c6 580/1000 table=page_000276_table_box_id_5 active=6
RECV b6c6 576/1000 rank=159 id=page_000585_table_1 latency=1.1874s status=ok active=5
SEND b6c6 581/1000 table=page_000737_table_0 active=6
RECV b6c6 579/1000 rank=173 id=page_000521_table_2 latency=0.9721s status=ok active=5
SEND b6c6 582/1000 table=page_000760_table_1 active=6
RECV b6c6 581/1000 rank=249 id=page_000737_table_0 latency=0.5945s status=ok active=5
SEND b6c6 583/1000 table=page_000239_table_box_id_7 active=6
RECV b6c6 582/1000 rank=475 id=page_000760_table_1 latency=0.2720s status=ok active=5
SEND b6c6 584/1000 table=page_000647_table_2 active=6
RECV b6c6 584/1000 rank=622 id=page_000647_table_2 latency=0.0944s status=ok active=5
SEND b6c6 585/1000 table=page_000300_table_1 active=6
RECV b6c6 583/1000 rank=494 id=page_000239_table_box_id_7 latency=0.2675s status=ok active=5
SEND b6c6 586/1000 table=page_001178_table_0 active=6
RECV b6c6 585/1000 rank=467 id=page_000300_table_1 latency=0.3098s status=ok active=5
SEND b6c6 587/1000 table=page_000518_table_11 active=6
RECV b6c6 587/1000 rank=424 id=page_000518_table_11 latency=0.3020s status=ok active=5
SEND b6c6 588/1000 table=page_001222_table_2 active=6
RECV b6c6 552/1000 rank=05 id=page_000278_table_box_id_1 latency=6.8323s status=ok active=5
SEND b6c6 589/1000 table=page_000935_table_11 active=6
RECV b6c6 589/1000 rank=516 id=page_000935_table_11 latency=0.1985s status=ok active=5
SEND b6c6 590/1000 table=page_000229_table_box_id_7 active=6
RECV b6c6 563/1000 rank=18 id=page_001276_table_2 latency=5.0833s status=ok active=5
SEND b6c6 591/1000 table=page_001367_table_60 active=6
RECV b6c6 590/1000 rank=474 id=page_000229_table_box_id_7 latency=0.2425s status=ok active=5
SEND b6c6 592/1000 table=page_000270_table_box_id_0 active=6
RECV b6c6 586/1000 rank=98 id=page_001178_table_0 latency=1.5711s status=ok active=5
SEND b6c6 593/1000 table=page_001159_table_5 active=6
RECV b6c6 577/1000 rank=20 id=page_001188_table_2 latency=3.9845s status=ok active=5
SEND b6c6 594/1000 table=page_000257_table_box_id_20 active=6
RECV b6c6 593/1000 rank=224 id=page_001159_table_5 latency=0.6906s status=ok active=5
SEND b6c6 595/1000 table=page_001173_table_6 active=6
RECV b6c6 588/1000 rank=70 id=page_001222_table_2 latency=2.0120s status=ok active=5
SEND b6c6 596/1000 table=page_000240_table_box_id_9 active=6
RECV b6c6 594/1000 rank=226 id=page_000257_table_box_id_20 latency=0.8102s status=ok active=5
SEND b6c6 597/1000 table=page_000519_table_8 active=6
RECV b6c6 596/1000 rank=266 id=page_000240_table_box_id_9 latency=0.5797s status=ok active=5
SEND b6c6 598/1000 table=page_000263_table_box_id_7 active=6
RECV b6c6 597/1000 rank=289 id=page_000519_table_8 latency=0.5414s status=ok active=5
SEND b6c6 599/1000 table=page_000500_table_3 active=6
RECV b6c6 580/1000 rank=16 id=page_000276_table_box_id_5 latency=5.1261s status=ok active=5
SEND b6c6 600/1000 table=page_001165_table_13 active=6
RECV b6c6 600/1000 rank=425 id=page_001165_table_13 latency=0.3006s status=ok active=5
SEND b6c6 601/1000 table=page_001367_table_50 active=6
RECV b6c6 592/1000 rank=41 id=page_000270_table_box_id_0 latency=2.8251s status=ok active=5
SEND b6c6 602/1000 table=page_001248_table_0 active=6
RECV b6c6 599/1000 rank=182 id=page_000500_table_3 latency=0.8672s status=ok active=5
SEND b6c6 603/1000 table=page_001516_table_17 active=6
RECV b6c6 595/1000 rank=58 id=page_001173_table_6 latency=2.3185s status=ok active=5
SEND b6c6 604/1000 table=page_000628_table_6 active=6
RECV b6c6 591/1000 rank=26 id=page_001367_table_60 latency=3.4796s status=ok active=5
SEND b6c6 605/1000 table=page_001197_table_3 active=6
RECV b6c6 602/1000 rank=287 id=page_001248_table_0 latency=0.6493s status=ok active=5
SEND b6c6 606/1000 table=page_001496_table_3 active=6
RECV b6c6 601/1000 rank=233 id=page_001367_table_50 latency=0.8676s status=ok active=5
SEND b6c6 607/1000 table=page_001398_table_box-bfny2f1z active=6
RECV b6c6 603/1000 rank=314 id=page_001516_table_17 latency=0.6046s status=ok active=5
SEND b6c6 608/1000 table=page_000534_table_3 active=6
RECV b6c6 608/1000 rank=508 id=page_000534_table_3 latency=0.4187s status=ok active=5
SEND b6c6 609/1000 table=page_001595_table_box_id_9 active=6
RECV b6c6 609/1000 rank=561 id=page_001595_table_box_id_9 latency=0.1429s status=ok active=5
SEND b6c6 610/1000 table=page_001036_table_box_id_4 active=6
RECV b6c6 604/1000 rank=207 id=page_000628_table_6 latency=1.0632s status=ok active=5
SEND b6c6 611/1000 table=page_000649_table_3 active=6
RECV b6c6 607/1000 rank=329 id=page_001398_table_box-bfny2f1z latency=0.8364s status=ok active=5
SEND b6c6 612/1000 table=page_001395_table_6 active=6
RECV b6c6 606/1000 rank=232 id=page_001496_table_3 latency=0.9171s status=ok active=5
SEND b6c6 613/1000 table=page_001503_table_5 active=6
RECV b6c6 613/1000 rank=526 id=page_001503_table_5 latency=0.2112s status=ok active=5
SEND b6c6 614/1000 table=page_000508_table_4 active=6
RECV b6c6 611/1000 rank=412 id=page_000649_table_3 latency=0.5281s status=ok active=5
SEND b6c6 615/1000 table=page_000941_table_1 active=6
RECV b6c6 612/1000 rank=351 id=page_001395_table_6 latency=0.5031s status=ok active=5
SEND b6c6 616/1000 table=page_000249_table_box_id_4 active=6
RECV b6c6 614/1000 rank=366 id=page_000508_table_4 latency=0.5560s status=ok active=5
SEND b6c6 617/1000 table=page_000266_table_box_id_11 active=6
RECV b6c6 598/1000 rank=31 id=page_000263_table_box_id_7 latency=3.5655s status=ok active=5
SEND b6c6 618/1000 table=page_000246_table_box_id_14 active=6
RECV b6c6 610/1000 rank=172 id=page_001036_table_box_id_4 latency=1.2567s status=ok active=5
SEND b6c6 619/1000 table=page_001160_table_6 active=6
RECV b6c6 615/1000 rank=298 id=page_000941_table_1 latency=0.6783s status=ok active=5
SEND b6c6 620/1000 table=page_000519_table_1 active=6
RECV b6c6 617/1000 rank=500 id=page_000266_table_box_id_11 latency=0.3303s status=ok active=5
SEND b6c6 621/1000 table=page_001131_table_10 active=6
RECV b6c6 618/1000 rank=502 id=page_000246_table_box_id_14 latency=0.4150s status=ok active=5
SEND b6c6 622/1000 table=page_001147_table_9 active=6
RECV b6c6 616/1000 rank=210 id=page_000249_table_box_id_4 latency=1.0891s status=ok active=5
SEND b6c6 623/1000 table=page_001367_table_67 active=6
RECV b6c6 619/1000 rank=284 id=page_001160_table_6 latency=0.7220s status=ok active=5
SEND b6c6 624/1000 table=page_000542_table_0 active=6
RECV b6c6 621/1000 rank=283 id=page_001131_table_10 latency=0.7605s status=ok active=5
SEND b6c6 625/1000 table=page_000627_table_14 active=6
RECV b6c6 620/1000 rank=220 id=page_000519_table_1 latency=0.8801s status=ok active=5
SEND b6c6 626/1000 table=page_000654_table_0 active=6
RECV b6c6 626/1000 rank=568 id=page_000654_table_0 latency=0.1413s status=ok active=5
SEND b6c6 627/1000 table=page_000754_table_7 active=6
RECV b6c6 605/1000 rank=46 id=page_001197_table_3 latency=3.2522s status=ok active=5
SEND b6c6 628/1000 table=page_000269_table_box_id_1 active=6
RECV b6c6 623/1000 rank=237 id=page_001367_table_67 latency=0.8260s status=ok active=5
SEND b6c6 629/1000 table=page_000251_table_box_id_7 active=6
RECV b6c6 627/1000 rank=435 id=page_000754_table_7 latency=0.3297s status=ok active=5
SEND b6c6 630/1000 table=page_000500_table_5 active=6
RECV b6c6 625/1000 rank=318 id=page_000627_table_14 latency=0.6230s status=ok active=5
SEND b6c6 631/1000 table=page_000712_table_4 active=6
RECV b6c6 624/1000 rank=219 id=page_000542_table_0 latency=0.9378s status=ok active=5
SEND b6c6 632/1000 table=page_000356_table_1 active=6
RECV b6c6 628/1000 rank=537 id=page_000269_table_box_id_1 latency=0.3835s status=ok active=5
SEND b6c6 633/1000 table=page_000249_table_box-gjm9bkso active=6
RECV b6c6 631/1000 rank=535 id=page_000712_table_4 latency=0.5050s status=ok active=5
SEND b6c6 634/1000 table=page_000212_table_box_id_1 active=6
RECV b6c6 632/1000 rank=409 id=page_000356_table_1 latency=0.4063s status=ok active=5
SEND b6c6 635/1000 table=page_000716_table_0 active=6
RECV b6c6 635/1000 rank=588 id=page_000716_table_0 latency=0.3172s status=ok active=5
SEND b6c6 636/1000 table=page_000543_table_8 active=6
RECV b6c6 636/1000 rank=476 id=page_000543_table_8 latency=0.2292s status=ok active=5
SEND b6c6 637/1000 table=page_001179_table_6 active=6
RECV b6c6 629/1000 rank=184 id=page_000251_table_box_id_7 latency=1.2139s status=ok active=5
SEND b6c6 638/1000 table=page_001595_table_box_id_7 active=6
RECV b6c6 622/1000 rank=69 id=page_001147_table_9 latency=2.5328s status=ok active=5
SEND b6c6 639/1000 table=page_000792_table_4 active=6
RECV b6c6 639/1000 rank=506 id=page_000792_table_4 latency=0.2027s status=ok active=5
SEND b6c6 640/1000 table=page_000564_table_7 active=6
RECV b6c6 633/1000 rank=100 id=page_000249_table_box-gjm9bkso latency=1.7486s status=ok active=5
SEND b6c6 641/1000 table=page_000553_table_8 active=6
RECV b6c6 630/1000 rank=96 id=page_000500_table_5 latency=2.0419s status=ok active=5
SEND b6c6 642/1000 table=page_000775_table_2 active=6
RECV b6c6 640/1000 rank=334 id=page_000564_table_7 latency=0.4072s status=ok active=5
SEND b6c6 643/1000 table=page_001632_table_box_id_1 active=6
RECV b6c6 638/1000 rank=195 id=page_001595_table_box_id_7 latency=1.1083s status=ok active=5
SEND b6c6 644/1000 table=page_000496_table_4 active=6
RECV b6c6 634/1000 rank=113 id=page_000212_table_box_id_1 latency=1.7004s status=ok active=5
SEND b6c6 645/1000 table=page_000746_table_18 active=6
RECV b6c6 643/1000 rank=517 id=page_001632_table_box_id_1 latency=0.2594s status=ok active=5
SEND b6c6 646/1000 table=page_000838_table_4 active=6
RECV b6c6 642/1000 rank=591 id=page_000775_table_2 latency=0.2848s status=ok active=5
SEND b6c6 647/1000 table=page_000513_table_1 active=6
RECV b6c6 646/1000 rank=628 id=page_000838_table_4 latency=0.4244s status=ok active=5
SEND b6c6 648/1000 table=page_001398_table_box-7mwax454 active=6
RECV b6c6 648/1000 rank=377 id=page_001398_table_box-7mwax454 latency=0.3541s status=ok active=5
SEND b6c6 649/1000 table=page_000182_table_box-tn22tc2f active=6
RECV b6c6 647/1000 rank=198 id=page_000513_table_1 latency=0.9487s status=ok active=5
SEND b6c6 650/1000 table=page_001480_table_4 active=6
RECV b6c6 649/1000 rank=492 id=page_000182_table_box-tn22tc2f latency=0.2211s status=ok active=5
SEND b6c6 651/1000 table=page_000292_table_box_id_2 active=6
RECV b6c6 641/1000 rank=166 id=page_000553_table_8 latency=1.2996s status=ok active=5
SEND b6c6 652/1000 table=page_000514_table_6 active=6
RECV b6c6 645/1000 rank=161 id=page_000746_table_18 latency=1.3968s status=ok active=5
SEND b6c6 653/1000 table=page_001184_table_10 active=6
RECV b6c6 650/1000 rank=440 id=page_001480_table_4 latency=0.4856s status=ok active=5
SEND b6c6 654/1000 table=page_000451_table_10 active=6
RECV b6c6 653/1000 rank=573 id=page_001184_table_10 latency=0.1443s status=ok active=5
SEND b6c6 655/1000 table=page_000244_table_box-fkrm6qrz active=6
RECV b6c6 637/1000 rank=61 id=page_001179_table_6 latency=2.9142s status=ok active=5
SEND b6c6 656/1000 table=page_000715_table_2 active=6
RECV b6c6 656/1000 rank=576 id=page_000715_table_2 latency=0.1335s status=ok active=5
SEND b6c6 657/1000 table=page_000262_table_box_id_1 active=6
RECV b6c6 655/1000 rank=360 id=page_000244_table_box-fkrm6qrz latency=0.5434s status=ok active=5
SEND b6c6 658/1000 table=page_000241_table_box_id_2 active=6
RECV b6c6 652/1000 rank=209 id=page_000514_table_6 latency=1.0455s status=ok active=5
SEND b6c6 659/1000 table=page_000866_table_14 active=6
RECV b6c6 657/1000 rank=296 id=page_000262_table_box_id_1 latency=0.5931s status=ok active=5
SEND b6c6 660/1000 table=page_000656_table_19 active=6
RECV b6c6 660/1000 rank=656 id=page_000656_table_19 latency=0.0615s status=ok active=5
SEND b6c6 661/1000 table=page_000630_table_2 active=6
RECV b6c6 659/1000 rank=419 id=page_000866_table_14 latency=0.4568s status=ok active=5
SEND b6c6 662/1000 table=page_000660_table_4 active=6
RECV b6c6 658/1000 rank=315 id=page_000241_table_box_id_2 latency=0.5225s status=ok active=5
SEND b6c6 663/1000 table=page_001187_table_0 active=6
RECV b6c6 662/1000 rank=605 id=page_000660_table_4 latency=0.3485s status=ok active=5
SEND b6c6 664/1000 table=page_000266_table_box_id_3 active=6
RECV b6c6 664/1000 rank=571 id=page_000266_table_box_id_3 latency=0.1478s status=ok active=5
SEND b6c6 665/1000 table=page_001191_table_2 active=6
RECV b6c6 651/1000 rank=99 id=page_000292_table_box_id_2 latency=2.1007s status=ok active=5
SEND b6c6 666/1000 table=page_000833_table_4 active=6
RECV b6c6 654/1000 rank=115 id=page_000451_table_10 latency=1.7279s status=ok active=5
SEND b6c6 667/1000 table=page_001174_table_box_id_2 active=6
RECV b6c6 665/1000 rank=515 id=page_001191_table_2 latency=0.1972s status=ok active=5
SEND b6c6 668/1000 table=page_000268_table_box_id_2 active=6
RECV b6c6 666/1000 rank=352 id=page_000833_table_4 latency=0.5256s status=ok active=5
SEND b6c6 669/1000 table=page_000355_table_3 active=6
RECV b6c6 644/1000 rank=34 id=page_000496_table_4 latency=3.7793s status=ok active=5
SEND b6c6 670/1000 table=page_000647_table_4 active=6
RECV b6c6 669/1000 rank=586 id=page_000355_table_3 latency=0.1574s status=ok active=5
SEND b6c6 671/1000 table=page_001368_table_box_id_239 active=6
RECV b6c6 670/1000 rank=650 id=page_000647_table_4 latency=0.0610s status=ok active=5
SEND b6c6 672/1000 table=page_000261_table_box_id_3 active=6
RECV b6c6 667/1000 rank=363 id=page_001174_table_box_id_2 latency=0.6710s status=ok active=5
SEND b6c6 673/1000 table=page_000268_table_box_id_4 active=6
RECV b6c6 671/1000 rank=512 id=page_001368_table_box_id_239 latency=0.3486s status=ok active=5
SEND b6c6 674/1000 table=page_001342_table_2 active=6
RECV b6c6 661/1000 rank=104 id=page_000630_table_2 latency=1.9358s status=ok active=5
SEND b6c6 675/1000 table=page_001636_table_1 active=6
RECV b6c6 673/1000 rank=361 id=page_000268_table_box_id_4 latency=0.6259s status=ok active=5
SEND b6c6 676/1000 table=page_000503_table_1 active=6
RECV b6c6 668/1000 rank=133 id=page_000268_table_box_id_2 latency=1.5682s status=ok active=5
SEND b6c6 677/1000 table=page_000507_table_6 active=6
RECV b6c6 674/1000 rank=185 id=page_001342_table_2 latency=0.9520s status=ok active=5
SEND b6c6 678/1000 table=page_001367_table_3 active=6
RECV b6c6 675/1000 rank=252 id=page_001636_table_1 latency=0.6852s status=ok active=5
SEND b6c6 679/1000 table=page_001117_table_box_id_7 active=6
RECV b6c6 679/1000 rank=483 id=page_001117_table_box_id_7 latency=0.2605s status=ok active=5
SEND b6c6 680/1000 table=page_000934_table_1 active=6
RECV b6c6 680/1000 rank=567 id=page_000934_table_1 latency=0.1437s status=ok active=5
SEND b6c6 681/1000 table=page_000282_table_box_id_1 active=6
RECV b6c6 676/1000 rank=206 id=page_000503_table_1 latency=1.0881s status=ok active=5
SEND b6c6 682/1000 table=page_001368_table_box_id_244 active=6
RECV b6c6 677/1000 rank=176 id=page_000507_table_6 latency=1.0198s status=ok active=5
SEND b6c6 683/1000 table=page_001375_table_7 active=6
RECV b6c6 682/1000 rank=444 id=page_001368_table_box_id_244 latency=0.4821s status=ok active=5
SEND b6c6 684/1000 table=page_000298_table_5 active=6
RECV b6c6 683/1000 rank=458 id=page_001375_table_7 latency=0.2552s status=ok active=5
SEND b6c6 685/1000 table=page_000941_table_1 active=6
RECV b6c6 663/1000 rank=28 id=page_001187_table_0 latency=3.7232s status=ok active=5
SEND b6c6 686/1000 table=page_000511_table_1 active=6
RECV b6c6 672/1000 rank=54 id=page_000261_table_box_id_3 latency=2.6361s status=ok active=5
SEND b6c6 687/1000 table=page_001220_table_8 active=6
RECV b6c6 685/1000 rank=298 id=page_000941_table_1 latency=0.6677s status=ok active=5
SEND b6c6 688/1000 table=page_001197_table_5 active=6
RECV b6c6 684/1000 rank=274 id=page_000298_table_5 latency=0.8281s status=ok active=5
SEND b6c6 689/1000 table=page_000465_table_10 active=6
RECV b6c6 678/1000 rank=101 id=page_001367_table_3 latency=1.9085s status=ok active=5
SEND b6c6 690/1000 table=page_001367_table_51 active=6
RECV b6c6 689/1000 rank=339 id=page_000465_table_10 latency=0.4386s status=ok active=5
SEND b6c6 691/1000 table=page_000496_table_3 active=6
RECV b6c6 690/1000 rank=65 id=page_001367_table_51 latency=0.6651s status=ok active=5
SEND b6c6 692/1000 table=page_000519_table_8 active=6
RECV b6c6 687/1000 rank=94 id=page_001220_table_8 latency=1.6140s status=ok active=5
SEND b6c6 693/1000 table=page_000631_table_0 active=6
RECV b6c6 688/1000 rank=118 id=page_001197_table_5 latency=1.3336s status=ok active=5
SEND b6c6 694/1000 table=page_000900_table_4 active=6
RECV b6c6 686/1000 rank=71 id=page_000511_table_1 latency=1.9504s status=ok active=5
SEND b6c6 695/1000 table=page_000676_table_2 active=6
RECV b6c6 692/1000 rank=289 id=page_000519_table_8 latency=0.5833s status=ok active=5
SEND b6c6 696/1000 table=page_000212_table_box_id_1 active=6
RECV b6c6 694/1000 rank=602 id=page_000900_table_4 latency=0.1846s status=ok active=5
SEND b6c6 697/1000 table=page_001134_table_11 active=6
RECV b6c6 691/1000 rank=163 id=page_000496_table_3 latency=1.0543s status=ok active=5
SEND b6c6 698/1000 table=page_001011_table_18 active=6
RECV b6c6 698/1000 rank=387 id=page_001011_table_18 latency=0.6087s status=ok active=5
SEND b6c6 699/1000 table=page_000922_table_12 active=6
RECV b6c6 693/1000 rank=147 id=page_000631_table_0 latency=1.3381s status=ok active=5
SEND b6c6 700/1000 table=page_000744_table_11 active=6
RECV b6c6 699/1000 rank=294 id=page_000922_table_12 latency=0.4802s status=ok active=5
SEND b6c6 701/1000 table=page_001232_table_box_id_1 active=6
RECV b6c6 700/1000 rank=594 id=page_000744_table_11 latency=0.1700s status=ok active=5
SEND b6c6 702/1000 table=page_001368_table_box_id_165 active=6
RECV b6c6 702/1000 rank=604 id=page_001368_table_box_id_165 latency=0.1094s status=ok active=5
SEND b6c6 703/1000 table=page_000720_table_3 active=6
RECV b6c6 697/1000 rank=149 id=page_001134_table_11 latency=1.4331s status=ok active=5
SEND b6c6 704/1000 table=page_001637_table_4 active=6
RECV b6c6 695/1000 rank=112 id=page_000676_table_2 latency=1.5659s status=ok active=5
SEND b6c6 705/1000 table=page_001198_table_8 active=6
RECV b6c6 704/1000 rank=599 id=page_001637_table_4 latency=0.1286s status=ok active=5
SEND b6c6 706/1000 table=page_000696_table_0 active=6
RECV b6c6 703/1000 rank=574 id=page_000720_table_3 latency=0.1828s status=ok active=5
SEND b6c6 707/1000 table=page_001163_table_0 active=6
RECV b6c6 696/1000 rank=113 id=page_000212_table_box_id_1 latency=1.6809s status=ok active=5
SEND b6c6 708/1000 table=page_001398_table_box-13qv1ztw active=6
RECV b6c6 701/1000 rank=313 id=page_001232_table_box_id_1 latency=0.7984s status=ok active=5
SEND b6c6 709/1000 table=page_001368_table_box_id_273 active=6
RECV b6c6 708/1000 rank=511 id=page_001398_table_box-13qv1ztw latency=0.3979s status=ok active=5
SEND b6c6 710/1000 table=page_000508_table_4 active=6
RECV b6c6 706/1000 rank=355 id=page_000696_table_0 latency=0.5617s status=ok active=5
SEND b6c6 711/1000 table=page_000106_table_box_id_2 active=6
RECV b6c6 709/1000 rank=570 id=page_001368_table_box_id_273 latency=0.1973s status=ok active=5
SEND b6c6 712/1000 table=page_000266_table_box_id_7 active=6
RECV b6c6 712/1000 rank=509 id=page_000266_table_box_id_7 latency=0.2390s status=ok active=5
SEND b6c6 713/1000 table=page_000591_table_3 active=6
RECV b6c6 705/1000 rank=260 id=page_001198_table_8 latency=0.8993s status=ok active=5
SEND b6c6 714/1000 table=page_001168_table_0 active=6
RECV b6c6 710/1000 rank=366 id=page_000508_table_4 latency=0.6655s status=ok active=5
SEND b6c6 715/1000 table=page_000467_table_17 active=6
RECV b6c6 713/1000 rank=322 id=page_000591_table_3 latency=0.5475s status=ok active=5
SEND b6c6 716/1000 table=page_001195_table_7 active=6
RECV b6c6 711/1000 rank=208 id=page_000106_table_box_id_2 latency=1.0631s status=ok active=5
SEND b6c6 717/1000 table=page_001142_table_13 active=6
RECV b6c6 707/1000 rank=126 id=page_001163_table_0 latency=1.7160s status=ok active=5
SEND b6c6 718/1000 table=page_000515_table_7 active=6
RECV b6c6 714/1000 rank=216 id=page_001168_table_0 latency=0.8720s status=ok active=5
SEND b6c6 719/1000 table=page_001449_table_1 active=6
RECV b6c6 717/1000 rank=459 id=page_001142_table_13 latency=0.3846s status=ok active=5
SEND b6c6 720/1000 table=page_001199_table_15 active=6
RECV b6c6 719/1000 rank=418 id=page_001449_table_1 latency=0.4807s status=ok active=5
SEND b6c6 721/1000 table=page_000526_table_4 active=6
RECV b6c6 718/1000 rank=301 id=page_000515_table_7 latency=0.6343s status=ok active=5
SEND b6c6 722/1000 table=page_000219_table_box_id_3 active=6
RECV b6c6 720/1000 rank=290 id=page_001199_table_15 latency=0.6167s status=ok active=5
SEND b6c6 723/1000 table=page_001177_table_2 active=6
RECV b6c6 721/1000 rank=410 id=page_000526_table_4 latency=0.4312s status=ok active=5
SEND b6c6 724/1000 table=page_001134_table_1 active=6
RECV b6c6 681/1000 rank=06 id=page_000282_table_box_id_1 latency=7.0700s status=ok active=5
SEND b6c6 725/1000 table=page_001522_table_8 active=6
RECV b6c6 715/1000 rank=120 id=page_000467_table_17 latency=1.8331s status=ok active=5
SEND b6c6 726/1000 table=page_001357_table_3 active=6
RECV b6c6 722/1000 rank=300 id=page_000219_table_box_id_3 latency=0.7313s status=ok active=5
SEND b6c6 727/1000 table=page_000657_table_6 active=6
RECV b6c6 727/1000 rank=659 id=page_000657_table_6 latency=0.0472s status=ok active=5
SEND b6c6 728/1000 table=page_000356_table_1 active=6
RECV b6c6 726/1000 rank=557 id=page_001357_table_3 latency=0.1782s status=ok active=5
SEND b6c6 729/1000 table=page_000288_table_box_id_1 active=6
RECV b6c6 728/1000 rank=409 id=page_000356_table_1 latency=0.4080s status=ok active=5
SEND b6c6 730/1000 table=page_001147_table_8 active=6
RECV b6c6 725/1000 rank=234 id=page_001522_table_8 latency=0.8767s status=ok active=5
SEND b6c6 731/1000 table=page_000253_table_box_id_2 active=6
RECV b6c6 723/1000 rank=229 id=page_001177_table_2 latency=1.0768s status=ok active=5
SEND b6c6 732/1000 table=page_000226_table_box_id_3 active=6
RECV b6c6 716/1000 rank=82 id=page_001195_table_7 latency=2.5091s status=ok active=5
SEND b6c6 733/1000 table=page_000209_table_box_id_1 active=6
RECV b6c6 733/1000 rank=432 id=page_000209_table_box_id_1 latency=0.2953s status=ok active=5
SEND b6c6 734/1000 table=page_000844_table_6 active=6
RECV b6c6 732/1000 rank=244 id=page_000226_table_box_id_3 latency=0.7339s status=ok active=5
SEND b6c6 735/1000 table=page_001368_table_box_id_278 active=6
RECV b6c6 731/1000 rank=236 id=page_000253_table_box_id_2 latency=0.8251s status=ok active=5
SEND b6c6 736/1000 table=page_001182_table_3 active=6
RECV b6c6 735/1000 rank=621 id=page_001368_table_box_id_278 latency=0.1032s status=ok active=5
SEND b6c6 737/1000 table=page_000246_table_box_id_6 active=6
RECV b6c6 737/1000 rank=575 id=page_000246_table_box_id_6 latency=0.1752s status=ok active=5
SEND b6c6 738/1000 table=page_001175_table_2 active=6
RECV b6c6 734/1000 rank=341 id=page_000844_table_6 latency=0.5180s status=ok active=5
SEND b6c6 739/1000 table=page_001211_table_7 active=6
RECV b6c6 730/1000 rank=162 id=page_001147_table_8 latency=1.4049s status=ok active=5
SEND b6c6 740/1000 table=page_000204_table_box_id_6 active=6
RECV b6c6 724/1000 rank=77 id=page_001134_table_1 latency=2.4838s status=ok active=5
SEND b6c6 741/1000 table=page_000800_table_12 active=6
RECV b6c6 741/1000 rank=655 id=page_000800_table_12 latency=0.0497s status=ok active=5
SEND b6c6 742/1000 table=page_000762_table_5 active=6
RECV b6c6 739/1000 rank=462 id=page_001211_table_7 latency=0.5172s status=ok active=5
SEND b6c6 743/1000 table=page_000775_table_2 active=6
RECV b6c6 742/1000 rank=610 id=page_000762_table_5 latency=0.1349s status=ok active=5
SEND b6c6 744/1000 table=page_000821_table_box_id_14 active=6
RECV b6c6 736/1000 rank=250 id=page_001182_table_3 latency=0.8746s status=ok active=5
SEND b6c6 745/1000 table=page_000287_table_box_id_8 active=6
RECV b6c6 743/1000 rank=591 id=page_000775_table_2 latency=0.1708s status=ok active=5
SEND b6c6 746/1000 table=page_000247_table_box_id_0 active=6
RECV b6c6 744/1000 rank=585 id=page_000821_table_box_id_14 latency=0.1554s status=ok active=5
SEND b6c6 747/1000 table=page_000216_table_box_id_0 active=6
RECV b6c6 740/1000 rank=344 id=page_000204_table_box_id_6 latency=0.6519s status=ok active=5
SEND b6c6 748/1000 table=page_000246_table_box_id_14 active=6
RECV b6c6 746/1000 rank=609 id=page_000247_table_box_id_0 latency=0.2410s status=ok active=5
SEND b6c6 749/1000 table=page_000818_table_1 active=6
RECV b6c6 749/1000 rank=551 id=page_000818_table_1 latency=0.2447s status=ok active=5
SEND b6c6 750/1000 table=page_000521_table_2 active=6
RECV b6c6 748/1000 rank=502 id=page_000246_table_box_id_14 latency=0.3634s status=ok active=5
SEND b6c6 751/1000 table=page_000236_table_box_id_1 active=6
RECV b6c6 738/1000 rank=178 id=page_001175_table_2 latency=1.2950s status=ok active=5
SEND b6c6 752/1000 table=page_000516_table_0 active=6
RECV b6c6 751/1000 rank=324 id=page_000236_table_box_id_1 latency=0.5627s status=ok active=5
SEND b6c6 753/1000 table=page_001130_table_13 active=6
RECV b6c6 753/1000 rank=531 id=page_001130_table_13 latency=0.1713s status=ok active=5
SEND b6c6 754/1000 table=page_000536_table_4 active=6
RECV b6c6 750/1000 rank=173 id=page_000521_table_2 latency=1.0422s status=ok active=5
SEND b6c6 755/1000 table=page_001164_table_2 active=6
RECV b6c6 754/1000 rank=303 id=page_000536_table_4 latency=0.5265s status=ok active=5
SEND b6c6 756/1000 table=page_001398_table_box-7mwax454 active=6
RECV b6c6 752/1000 rank=125 id=page_000516_table_0 latency=1.3532s status=ok active=5
SEND b6c6 757/1000 table=page_000266_table_box_id_9 active=6
RECV b6c6 757/1000 rank=479 id=page_000266_table_box_id_9 latency=0.2305s status=ok active=5
SEND b6c6 758/1000 table=page_000222_table_box_id_3 active=6
RECV b6c6 756/1000 rank=377 id=page_001398_table_box-7mwax454 latency=0.4144s status=ok active=5
SEND b6c6 759/1000 table=page_001026_table_box_id_12 active=6
RECV b6c6 759/1000 rank=373 id=page_001026_table_box_id_12 latency=0.4838s status=ok active=5
SEND b6c6 760/1000 table=page_001368_table_box_id_26 active=6
RECV b6c6 758/1000 rank=258 id=page_000222_table_box_id_3 latency=0.6899s status=ok active=5
SEND b6c6 761/1000 table=page_000518_table_11 active=6
RECV b6c6 761/1000 rank=424 id=page_000518_table_11 latency=0.3273s status=ok active=5
SEND b6c6 762/1000 table=page_000434_table_15 active=6
RECV b6c6 760/1000 rank=259 id=page_001368_table_box_id_26 latency=0.7243s status=ok active=5
SEND b6c6 763/1000 table=page_001498_table_14 active=6
RECV b6c6 763/1000 rank=443 id=page_001498_table_14 latency=0.2731s status=ok active=5
SEND b6c6 764/1000 table=page_001378_table_box_id_1 active=6
RECV b6c6 762/1000 rank=267 id=page_000434_table_15 latency=0.6453s status=ok active=5
SEND b6c6 765/1000 table=page_001152_table_0 active=6
RECV b6c6 745/1000 rank=24 id=page_000287_table_box_id_8 latency=3.9344s status=ok active=5
SEND b6c6 766/1000 table=page_000239_table_box_id_7 active=6
RECV b6c6 747/1000 rank=23 id=page_000216_table_box_id_0 latency=4.0980s status=ok active=5
SEND b6c6 767/1000 table=page_001210_table_4 active=6
RECV b6c6 764/1000 rank=398 id=page_001378_table_box_id_1 latency=0.4912s status=ok active=5
SEND b6c6 768/1000 table=page_001123_table_14 active=6
RECV b6c6 766/1000 rank=494 id=page_000239_table_box_id_7 latency=0.3551s status=ok active=5
SEND b6c6 769/1000 table=page_000523_table_1 active=6
RECV b6c6 769/1000 rank=471 id=page_000523_table_1 latency=0.3339s status=ok active=5
SEND b6c6 770/1000 table=page_001166_table_5 active=6
RECV b6c6 755/1000 rank=40 id=page_001164_table_2 latency=3.0698s status=ok active=5
SEND b6c6 771/1000 table=page_000712_table_4 active=6
RECV b6c6 768/1000 rank=413 id=page_001123_table_14 latency=0.5425s status=ok active=5
SEND b6c6 772/1000 table=page_000206_table_box_id_9 active=6
RECV b6c6 771/1000 rank=535 id=page_000712_table_4 latency=0.2993s status=ok active=5
SEND b6c6 773/1000 table=page_001145_table_3 active=6
RECV b6c6 770/1000 rank=472 id=page_001166_table_5 latency=0.3691s status=ok active=5
SEND b6c6 774/1000 table=page_001140_table_11 active=6
RECV b6c6 729/1000 rank=08 id=page_000288_table_box_id_1 latency=7.2748s status=ok active=5
SEND b6c6 775/1000 table=page_000946_table_14 active=6
RECV b6c6 775/1000 rank=461 id=page_000946_table_14 latency=0.2886s status=ok active=5
SEND b6c6 776/1000 table=page_001130_table_1 active=6
RECV b6c6 776/1000 rank=572 id=page_001130_table_1 latency=0.1351s status=ok active=5
SEND b6c6 777/1000 table=page_000499_table_5 active=6
RECV b6c6 772/1000 rank=293 id=page_000206_table_box_id_9 latency=0.7535s status=ok active=5
SEND b6c6 778/1000 table=page_001139_table_5 active=6
RECV b6c6 773/1000 rank=323 id=page_001145_table_3 latency=0.7136s status=ok active=5
SEND b6c6 779/1000 table=page_000220_table_box_id_3 active=6
RECV b6c6 767/1000 rank=152 id=page_001210_table_4 latency=1.5798s status=ok active=5
SEND b6c6 780/1000 table=page_000635_table_0 active=6
RECV b6c6 777/1000 rank=448 id=page_000499_table_5 latency=0.5031s status=ok active=5
SEND b6c6 781/1000 table=page_000866_table_14 active=6
RECV b6c6 765/1000 rank=78 id=page_001152_table_0 latency=2.3927s status=ok active=5
SEND b6c6 782/1000 table=page_000903_table_15 active=6
RECV b6c6 779/1000 rank=358 id=page_000220_table_box_id_3 latency=0.6127s status=ok active=5
SEND b6c6 783/1000 table=page_001135_table_6 active=6
RECV b6c6 781/1000 rank=419 id=page_000866_table_14 latency=0.4598s status=ok active=5
SEND b6c6 784/1000 table=page_001368_table_box_id_257 active=6
RECV b6c6 774/1000 rank=148 id=page_001140_table_11 latency=1.5521s status=ok active=5
SEND b6c6 785/1000 table=page_000853_table_9 active=6
RECV b6c6 782/1000 rank=522 id=page_000903_table_15 latency=0.3573s status=ok active=5
SEND b6c6 786/1000 table=page_001219_table_box_id_1 active=6
RECV b6c6 785/1000 rank=584 id=page_000853_table_9 latency=0.1544s status=ok active=5
SEND b6c6 787/1000 table=page_000545_table_14 active=6
RECV b6c6 784/1000 rank=473 id=page_001368_table_box_id_257 latency=0.4417s status=ok active=5
SEND b6c6 788/1000 table=page_001375_table_1 active=6
RECV b6c6 780/1000 rank=179 id=page_000635_table_0 latency=1.2196s status=ok active=5
SEND b6c6 789/1000 table=page_000524_table_0 active=6
RECV b6c6 787/1000 rank=488 id=page_000545_table_14 latency=0.3513s status=ok active=5
SEND b6c6 790/1000 table=page_000637_table_6 active=6
RECV b6c6 783/1000 rank=299 id=page_001135_table_6 latency=0.7652s status=ok active=5
SEND b6c6 791/1000 table=page_001404_table_7 active=6
RECV b6c6 791/1000 rank=445 id=page_001404_table_7 latency=0.4827s status=ok active=5
SEND b6c6 792/1000 table=page_000294_table_box_id_1 active=6
RECV b6c6 778/1000 rank=79 id=page_001139_table_5 latency=2.2608s status=ok active=5
SEND b6c6 793/1000 table=page_001368_table_box_id_268 active=6
RECV b6c6 793/1000 rank=665 id=page_001368_table_box_id_268 latency=0.0500s status=ok active=5
SEND b6c6 794/1000 table=page_000512_table_0 active=6
RECV b6c6 789/1000 rank=140 id=page_000524_table_0 latency=1.2550s status=ok active=5
SEND b6c6 795/1000 table=page_000428_table_6 active=6
RECV b6c6 788/1000 rank=111 id=page_001375_table_1 latency=1.5906s status=ok active=5
SEND b6c6 796/1000 table=page_001376_table_13 active=6
RECV b6c6 795/1000 rank=416 id=page_000428_table_6 latency=0.3777s status=ok active=5
SEND b6c6 797/1000 table=page_000206_table_box_id_1 active=6
RECV b6c6 796/1000 rank=449 id=page_001376_table_13 latency=0.3055s status=ok active=5
SEND b6c6 798/1000 table=page_001419_table_10 active=6
RECV b6c6 798/1000 rank=464 id=page_001419_table_10 latency=0.2614s status=ok active=5
SEND b6c6 799/1000 table=page_000984_table_2 active=6
RECV b6c6 786/1000 rank=50 id=page_001219_table_box_id_1 latency=2.5483s status=ok active=5
SEND b6c6 800/1000 table=page_001180_table_16 active=6
RECV b6c6 797/1000 rank=309 id=page_000206_table_box_id_1 latency=0.5299s status=ok active=5
SEND b6c6 801/1000 table=page_000465_table_8 active=6
RECV b6c6 799/1000 rank=625 id=page_000984_table_2 latency=0.1115s status=ok active=5
SEND b6c6 802/1000 table=page_000210_table_box_id_4 active=6
RECV b6c6 792/1000 rank=84 id=page_000294_table_box_id_1 latency=1.9335s status=ok active=5
SEND b6c6 803/1000 table=page_000292_table_box_id_1 active=6
RECV b6c6 802/1000 rank=466 id=page_000210_table_box_id_4 latency=0.3783s status=ok active=5
SEND b6c6 804/1000 table=page_000266_table_box_id_11 active=6
RECV b6c6 800/1000 rank=390 id=page_001180_table_16 latency=0.6082s status=ok active=5
SEND b6c6 805/1000 table=page_001189_table_box_id_3 active=6
RECV b6c6 794/1000 rank=85 id=page_000512_table_0 latency=1.9378s status=ok active=5
SEND b6c6 806/1000 table=page_001133_table_3 active=6
RECV b6c6 804/1000 rank=500 id=page_000266_table_box_id_11 latency=0.3317s status=ok active=5
SEND b6c6 807/1000 table=page_001167_table_8 active=6
RECV b6c6 801/1000 rank=331 id=page_000465_table_8 latency=0.7450s status=ok active=5
SEND b6c6 808/1000 table=page_001516_table_17 active=6
RECV b6c6 807/1000 rank=450 id=page_001167_table_8 latency=0.4481s status=ok active=5
SEND b6c6 809/1000 table=page_000233_table_box_id_2 active=6
RECV b6c6 805/1000 rank=338 id=page_001189_table_box_id_3 latency=0.6401s status=ok active=5
SEND b6c6 810/1000 table=page_001193_table_4 active=6
RECV b6c6 808/1000 rank=314 id=page_001516_table_17 latency=0.5128s status=ok active=5
SEND b6c6 811/1000 table=page_000982_table_16 active=6
RECV b6c6 790/1000 rank=33 id=page_000637_table_6 latency=3.4158s status=ok active=5
SEND b6c6 812/1000 table=page_001207_table_4 active=6
RECV b6c6 811/1000 rank=495 id=page_000982_table_16 latency=0.3945s status=ok active=5
SEND b6c6 813/1000 table=page_000746_table_18 active=6
RECV b6c6 810/1000 rank=342 id=page_001193_table_4 latency=0.6616s status=ok active=5
SEND b6c6 814/1000 table=page_001398_table_box-5zkimf1o active=6
RECV b6c6 812/1000 rank=383 id=page_001207_table_4 latency=0.6315s status=ok active=5
SEND b6c6 815/1000 table=page_000215_table_box_id_4 active=6
RECV b6c6 814/1000 rank=518 id=page_001398_table_box-5zkimf1o latency=0.2821s status=ok active=5
SEND b6c6 816/1000 table=page_000226_table_box_id_5 active=6
RECV b6c6 806/1000 rank=123 id=page_001133_table_3 latency=1.7127s status=ok active=5
SEND b6c6 817/1000 table=page_000603_table_7 active=6
RECV b6c6 815/1000 rank=343 id=page_000215_table_box_id_4 latency=0.5862s status=ok active=5
SEND b6c6 818/1000 table=page_001183_table_11 active=6
RECV b6c6 816/1000 rank=405 id=page_000226_table_box_id_5 latency=0.5903s status=ok active=5
SEND b6c6 819/1000 table=page_000220_table_box_id_10 active=6
RECV b6c6 817/1000 rank=403 id=page_000603_table_7 latency=0.6160s status=ok active=5
SEND b6c6 820/1000 table=page_001368_table_box_id_266 active=6
RECV b6c6 820/1000 rank=648 id=page_001368_table_box_id_266 latency=0.0733s status=ok active=5
SEND b6c6 821/1000 table=page_000628_table_6 active=6
RECV b6c6 818/1000 rank=395 id=page_001183_table_11 latency=0.5554s status=ok active=5
SEND b6c6 822/1000 table=page_000200_table_box_id_2 active=6
RECV b6c6 813/1000 rank=161 id=page_000746_table_18 latency=1.4515s status=ok active=5
SEND b6c6 823/1000 table=page_001138_table_1 active=6
RECV b6c6 819/1000 rank=406 id=page_000220_table_box_id_10 latency=0.6927s status=ok active=5
SEND b6c6 824/1000 table=page_001162_table_3 active=6
RECV b6c6 822/1000 rank=291 id=page_000200_table_box_id_2 latency=0.7840s status=ok active=5
SEND b6c6 825/1000 table=page_001132_table_box_id_18 active=6
RECV b6c6 825/1000 rank=546 id=page_001132_table_box_id_18 latency=0.1826s status=ok active=5
SEND b6c6 826/1000 table=page_001187_table_0 active=6
RECV b6c6 821/1000 rank=207 id=page_000628_table_6 latency=1.0583s status=ok active=5
SEND b6c6 827/1000 table=page_000275_table_box_id_1 active=6
RECV b6c6 824/1000 rank=257 id=page_001162_table_3 latency=0.6215s status=ok active=5
SEND b6c6 828/1000 table=page_000225_table_box_id_9 active=6
RECV b6c6 828/1000 rank=431 id=page_000225_table_box_id_9 latency=0.4849s status=ok active=5
SEND b6c6 829/1000 table=page_001368_table_box_id_271 active=6
RECV b6c6 829/1000 rank=528 id=page_001368_table_box_id_271 latency=0.2153s status=ok active=5
SEND b6c6 830/1000 table=page_000595_table_25 active=6
RECV b6c6 803/1000 rank=25 id=page_000292_table_box_id_1 latency=4.5784s status=ok active=5
SEND b6c6 831/1000 table=page_000256_table_box_id_12 active=6
RECV b6c6 830/1000 rank=654 id=page_000595_table_25 latency=0.0749s status=ok active=5
SEND b6c6 832/1000 table=page_000249_table_box_id_4 active=6
RECV b6c6 809/1000 rank=38 id=page_000233_table_box_id_2 latency=4.0015s status=ok active=5
SEND b6c6 833/1000 table=page_000451_table_12 active=6
RECV b6c6 831/1000 rank=369 id=page_000256_table_box_id_12 latency=0.6508s status=ok active=5
SEND b6c6 834/1000 table=page_000721_table_19 active=6
RECV b6c6 834/1000 rank=583 id=page_000721_table_19 latency=0.1364s status=ok active=5
SEND b6c6 835/1000 table=page_000231_table_box_id_2 active=6
RECV b6c6 832/1000 rank=210 id=page_000249_table_box_id_4 latency=1.0433s status=ok active=5
SEND b6c6 836/1000 table=page_001375_table_4 active=6
RECV b6c6 823/1000 rank=59 id=page_001138_table_1 latency=2.8870s status=ok active=5
SEND b6c6 837/1000 table=page_001140_table_12 active=6
RECV b6c6 833/1000 rank=74 id=page_000451_table_12 latency=1.1428s status=ok active=5
SEND b6c6 838/1000 table=page_000235_table_box_id_16 active=6
RECV b6c6 837/1000 rank=401 id=page_001140_table_12 latency=0.3955s status=ok active=5
SEND b6c6 839/1000 table=page_000683_table_5 active=6
RECV b6c6 839/1000 rank=596 id=page_000683_table_5 latency=0.1334s status=ok active=5
SEND b6c6 840/1000 table=page_001395_table_7 active=6
RECV b6c6 838/1000 rank=417 id=page_000235_table_box_id_16 latency=0.4929s status=ok active=5
SEND b6c6 841/1000 table=page_001191_table_2 active=6
RECV b6c6 840/1000 rank=357 id=page_001395_table_7 latency=0.4396s status=ok active=5
SEND b6c6 842/1000 table=page_000861_table_17 active=6
RECV b6c6 841/1000 rank=515 id=page_001191_table_2 latency=0.2076s status=ok active=5
SEND b6c6 843/1000 table=page_000297_table_5 active=6
RECV b6c6 835/1000 rank=105 id=page_000231_table_box_id_2 latency=1.5824s status=ok active=5
SEND b6c6 844/1000 table=page_000290_table_box_id_1 active=6
RECV b6c6 826/1000 rank=28 id=page_001187_table_0 latency=3.7568s status=ok active=5
SEND b6c6 845/1000 table=page_000937_table_1 active=6
RECV b6c6 845/1000 rank=415 id=page_000937_table_1 latency=0.3234s status=ok active=5
SEND b6c6 846/1000 table=page_001149_table_0 active=6
RECV b6c6 842/1000 rank=156 id=page_000861_table_17 latency=1.1530s status=ok active=5
SEND b6c6 847/1000 table=page_000585_table_1 active=6
RECV b6c6 843/1000 rank=175 id=page_000297_table_5 latency=1.5158s status=ok active=5
SEND b6c6 848/1000 table=page_000938_table_5 active=6
RECV b6c6 836/1000 rank=60 id=page_001375_table_4 latency=2.6332s status=ok active=5
SEND b6c6 849/1000 table=page_001147_table_5 active=6
RECV b6c6 848/1000 rank=402 id=page_000938_table_5 latency=0.4285s status=ok active=5
SEND b6c6 850/1000 table=page_000324_table_0 active=6
RECV b6c6 846/1000 rank=223 id=page_001149_table_0 latency=0.9257s status=ok active=5
SEND b6c6 851/1000 table=page_000626_table_box_id_7 active=6
RECV b6c6 850/1000 rank=414 id=page_000324_table_0 latency=0.4194s status=ok active=5
SEND b6c6 852/1000 table=page_000279_table_box_id_0 active=6
RECV b6c6 847/1000 rank=159 id=page_000585_table_1 latency=1.3552s status=ok active=5
SEND b6c6 853/1000 table=page_000654_table_0 active=6
RECV b6c6 853/1000 rank=568 id=page_000654_table_0 latency=0.2077s status=ok active=5
SEND b6c6 854/1000 table=page_000287_table_box_id_1 active=6
RECV b6c6 827/1000 rank=12 id=page_000275_table_box_id_1 latency=6.4053s status=ok active=5
SEND b6c6 855/1000 table=page_000201_table_box_id_3 active=6
RECV b6c6 854/1000 rank=154 id=page_000287_table_box_id_1 latency=0.9871s status=ok active=5
SEND b6c6 856/1000 table=page_001180_table_15 active=6
RECV b6c6 855/1000 rank=463 id=page_000201_table_box_id_3 latency=0.3163s status=ok active=5
SEND b6c6 857/1000 table=page_001186_table_10 active=6
RECV b6c6 856/1000 rank=457 id=page_001180_table_15 latency=0.3947s status=ok active=5
SEND b6c6 858/1000 table=page_000743_table_4 active=6
RECV b6c6 858/1000 rank=581 id=page_000743_table_4 latency=0.1694s status=ok active=5
SEND b6c6 859/1000 table=page_000466_table_0 active=6
RECV b6c6 849/1000 rank=47 id=page_001147_table_5 latency=2.7199s status=ok active=5
SEND b6c6 860/1000 table=page_001194_table_3 active=6
RECV b6c6 857/1000 rank=372 id=page_001186_table_10 latency=0.4787s status=ok active=5
SEND b6c6 861/1000 table=page_000224_table_box-3str9h9p active=6
RECV b6c6 851/1000 rank=43 id=page_000626_table_box_id_7 latency=2.8985s status=ok active=5
SEND b6c6 862/1000 table=page_000211_table_box_id_3 active=6
RECV b6c6 860/1000 rank=269 id=page_001194_table_3 latency=0.7340s status=ok active=5
SEND b6c6 863/1000 table=page_000806_table_29 active=6
RECV b6c6 861/1000 rank=203 id=page_000224_table_box-3str9h9p latency=1.0877s status=ok active=5
SEND b6c6 864/1000 table=page_000533_table_5 active=6
RECV b6c6 863/1000 rank=320 id=page_000806_table_29 latency=0.6013s status=ok active=5
SEND b6c6 865/1000 table=page_000223_table_box_id_4 active=6
RECV b6c6 865/1000 rank=606 id=page_000223_table_box_id_4 latency=0.1336s status=ok active=5
SEND b6c6 866/1000 table=page_000682_table_15 active=6
RECV b6c6 864/1000 rank=441 id=page_000533_table_5 latency=0.5202s status=ok active=5
SEND b6c6 867/1000 table=page_000716_table_2 active=6
RECV b6c6 867/1000 rank=623 id=page_000716_table_2 latency=0.1193s status=ok active=5
SEND b6c6 868/1000 table=page_000011_table_box_id_1 active=6
RECV b6c6 866/1000 rank=507 id=page_000682_table_15 latency=0.2947s status=ok active=5
SEND b6c6 869/1000 table=page_000227_table_box_id_1 active=6
RECV b6c6 862/1000 rank=201 id=page_000211_table_box_id_3 latency=1.3161s status=ok active=5
SEND b6c6 870/1000 table=page_001432_table_20 active=6
RECV b6c6 870/1000 rank=560 id=page_001432_table_20 latency=0.2476s status=ok active=5
SEND b6c6 871/1000 table=page_000803_table_12 active=6
RECV b6c6 871/1000 rank=632 id=page_000803_table_12 latency=0.0770s status=ok active=5
SEND b6c6 872/1000 table=page_000224_table_box_id_6 active=6
RECV b6c6 868/1000 rank=194 id=page_000011_table_box_id_1 latency=0.9684s status=ok active=5
SEND b6c6 873/1000 table=page_000188_table_box_id_6 active=6
RECV b6c6 859/1000 rank=51 id=page_000466_table_0 latency=3.0414s status=ok active=5
SEND b6c6 874/1000 table=page_000250_table_box-stnne6dt active=6
RECV b6c6 872/1000 rank=202 id=page_000224_table_box_id_6 latency=1.0133s status=ok active=5
SEND b6c6 875/1000 table=page_000632_table_0 active=6
RECV b6c6 869/1000 rank=124 id=page_000227_table_box_id_1 latency=1.6292s status=ok active=5
SEND b6c6 876/1000 table=page_000203_table_box_id_3 active=6
RECV b6c6 873/1000 rank=240 id=page_000188_table_box_id_6 latency=0.9656s status=ok active=5
SEND b6c6 877/1000 table=page_000612_table_6 active=6
RECV b6c6 844/1000 rank=02 id=page_000290_table_box_id_1 latency=7.8840s status=ok active=5
SEND b6c6 878/1000 table=page_000210_table_box_id_0 active=6
RECV b6c6 877/1000 rank=295 id=page_000612_table_6 latency=0.6371s status=ok active=5
SEND b6c6 879/1000 table=page_000256_table_box_id_8 active=6
RECV b6c6 878/1000 rank=222 id=page_000210_table_box_id_0 latency=0.7167s status=ok active=5
SEND b6c6 880/1000 table=page_000769_table_3 active=6
RECV b6c6 880/1000 rank=540 id=page_000769_table_3 latency=0.1648s status=ok active=5
SEND b6c6 881/1000 table=page_000634_table_1 active=6
RECV b6c6 879/1000 rank=336 id=page_000256_table_box_id_8 latency=0.4436s status=ok active=5
SEND b6c6 882/1000 table=page_000451_table_10 active=6
RECV b6c6 874/1000 rank=93 id=page_000250_table_box-stnne6dt latency=2.0599s status=ok active=5
SEND b6c6 883/1000 table=page_001595_table_box_id_7 active=6
RECV b6c6 852/1000 rank=01 id=page_000279_table_box_id_0 latency=7.2211s status=ok active=5
SEND b6c6 884/1000 table=page_000920_table_3 active=6
RECV b6c6 881/1000 rank=276 id=page_000634_table_1 latency=0.7527s status=ok active=5
SEND b6c6 885/1000 table=page_001178_table_0 active=6
RECV b6c6 884/1000 rank=478 id=page_000920_table_3 latency=0.3553s status=ok active=5
SEND b6c6 886/1000 table=page_001192_table_2 active=6
RECV b6c6 876/1000 rank=64 id=page_000203_table_box_id_3 latency=2.4083s status=ok active=5
SEND b6c6 887/1000 table=page_001201_table_14 active=6
RECV b6c6 875/1000 rank=55 id=page_000632_table_0 latency=2.7661s status=ok active=5
SEND b6c6 888/1000 table=page_000605_table_3 active=6
RECV b6c6 883/1000 rank=195 id=page_001595_table_box_id_7 latency=1.0755s status=ok active=5
SEND b6c6 889/1000 table=page_000468_table_1 active=6
RECV b6c6 888/1000 rank=649 id=page_000605_table_3 latency=0.0719s status=ok active=5
SEND b6c6 890/1000 table=page_000776_table_4 active=6
RECV b6c6 890/1000 rank=600 id=page_000776_table_4 latency=0.1293s status=ok active=5
SEND b6c6 891/1000 table=page_000202_table_box_id_0 active=6
RECV b6c6 887/1000 rank=393 id=page_001201_table_14 latency=0.5291s status=ok active=5
SEND b6c6 892/1000 table=page_001375_table_3 active=6
RECV b6c6 889/1000 rank=544 id=page_000468_table_1 latency=0.2184s status=ok active=5
SEND b6c6 893/1000 table=page_001368_table_box_id_229 active=6
RECV b6c6 882/1000 rank=115 id=page_000451_table_10 latency=1.8309s status=ok active=5
SEND b6c6 894/1000 table=page_000918_table_0 active=6
RECV b6c6 892/1000 rank=565 id=page_001375_table_3 latency=0.3019s status=ok active=5
SEND b6c6 895/1000 table=page_000710_table_9 active=6
RECV b6c6 895/1000 rank=514 id=page_000710_table_9 latency=0.2433s status=ok active=5
SEND b6c6 896/1000 table=page_001275_table_3 active=6
RECV b6c6 891/1000 rank=326 id=page_000202_table_box_id_0 latency=0.6201s status=ok active=5
SEND b6c6 897/1000 table=page_000514_table_6 active=6
RECV b6c6 894/1000 rank=456 id=page_000918_table_0 latency=0.3395s status=ok active=5
SEND b6c6 898/1000 table=page_000223_table_box_id_2 active=6
RECV b6c6 893/1000 rank=310 id=page_001368_table_box_id_229 latency=0.9561s status=ok active=5
SEND b6c6 899/1000 table=page_000299_table_box_id_5 active=6
RECV b6c6 885/1000 rank=98 id=page_001178_table_0 latency=2.1334s status=ok active=5
SEND b6c6 900/1000 table=page_000256_table_box_id_1 active=6
RECV b6c6 900/1000 rank=527 id=page_000256_table_box_id_1 latency=0.1960s status=ok active=5
SEND b6c6 901/1000 table=page_000522_table_1 active=6
RECV b6c6 897/1000 rank=209 id=page_000514_table_6 latency=1.0779s status=ok active=5
SEND b6c6 902/1000 table=page_000230_table_box_id_7 active=6
RECV b6c6 886/1000 rank=81 id=page_001192_table_2 latency=2.3427s status=ok active=5
SEND b6c6 903/1000 table=page_000633_table_5 active=6
RECV b6c6 901/1000 rank=452 id=page_000522_table_1 latency=0.4173s status=ok active=5
SEND b6c6 904/1000 table=page_001167_table_2 active=6
RECV b6c6 904/1000 rank=422 id=page_001167_table_2 latency=0.4375s status=ok active=5
SEND b6c6 905/1000 table=page_000647_table_1 active=6
RECV b6c6 898/1000 rank=114 id=page_000223_table_box_id_2 latency=1.8559s status=ok active=5
SEND b6c6 906/1000 table=page_000465_table_4 active=6
RECV b6c6 905/1000 rank=597 id=page_000647_table_1 latency=0.1369s status=ok active=5
SEND b6c6 907/1000 table=page_000643_table_4 active=6
RECV b6c6 899/1000 rank=116 id=page_000299_table_box_id_5 latency=1.7410s status=ok active=5
SEND b6c6 908/1000 table=page_001136_table_4 active=6
RECV b6c6 906/1000 rank=328 id=page_000465_table_4 latency=0.5583s status=ok active=5
SEND b6c6 909/1000 table=page_000932_table_3 active=6
RECV b6c6 908/1000 rank=407 id=page_001136_table_4 latency=0.3819s status=ok active=5
SEND b6c6 910/1000 table=page_001408_table_16 active=6
RECV b6c6 910/1000 rank=652 id=page_001408_table_16 latency=0.1354s status=ok active=5
SEND b6c6 911/1000 table=page_000252_table_box_id_1 active=6
RECV b6c6 896/1000 rank=63 id=page_001275_table_3 latency=2.7374s status=ok active=5
SEND b6c6 912/1000 table=page_001197_table_4 active=6
RECV b6c6 909/1000 rank=381 id=page_000932_table_3 latency=0.5827s status=ok active=5
SEND b6c6 913/1000 table=page_001209_table_4 active=6
RECV b6c6 902/1000 rank=87 id=page_000230_table_box_id_7 latency=2.0873s status=ok active=5
SEND b6c6 914/1000 table=page_000510_table_10 active=6
RECV b6c6 913/1000 rank=524 id=page_001209_table_4 latency=0.2925s status=ok active=5
SEND b6c6 915/1000 table=page_000649_table_8 active=6
RECV b6c6 914/1000 rank=548 id=page_000510_table_10 latency=0.1956s status=ok active=5
SEND b6c6 916/1000 table=page_001413_table_7 active=6
RECV b6c6 915/1000 rank=442 id=page_000649_table_8 latency=0.3407s status=ok active=5
SEND b6c6 917/1000 table=page_001121_table_10 active=6
RECV b6c6 916/1000 rank=484 id=page_001413_table_7 latency=0.3225s status=ok active=5
SEND b6c6 918/1000 table=page_000499_table_0 active=6
RECV b6c6 911/1000 rank=197 id=page_000252_table_box_id_1 latency=1.0771s status=ok active=5
SEND b6c6 919/1000 table=page_000945_table_4 active=6
RECV b6c6 903/1000 rank=53 id=page_000633_table_5 latency=3.1628s status=ok active=5
SEND b6c6 920/1000 table=page_000523_table_0 active=6
RECV b6c6 919/1000 rank=306 id=page_000945_table_4 latency=0.7060s status=ok active=5
SEND b6c6 921/1000 table=page_000534_table_4 active=6
RECV b6c6 912/1000 rank=131 id=page_001197_table_4 latency=1.9340s status=ok active=5
SEND b6c6 922/1000 table=page_000269_table_box_id_1 active=6
RECV b6c6 918/1000 rank=246 id=page_000499_table_0 latency=0.9669s status=ok active=5
SEND b6c6 923/1000 table=page_000542_table_0 active=6
RECV b6c6 922/1000 rank=537 id=page_000269_table_box_id_1 latency=0.2801s status=ok active=5
SEND b6c6 924/1000 table=page_000933_table_10 active=6
RECV b6c6 920/1000 rank=312 id=page_000523_table_0 latency=0.8317s status=ok active=5
SEND b6c6 925/1000 table=page_000829_table_4 active=6
RECV b6c6 924/1000 rank=504 id=page_000933_table_10 latency=0.3373s status=ok active=5
SEND b6c6 926/1000 table=page_001186_table_5 active=6
RECV b6c6 925/1000 rank=491 id=page_000829_table_4 latency=0.2989s status=ok active=5
SEND b6c6 927/1000 table=page_001196_table_13 active=6
RECV b6c6 926/1000 rank=595 id=page_001186_table_5 latency=0.1505s status=ok active=5
SEND b6c6 928/1000 table=page_001367_table_68 active=6
RECV b6c6 921/1000 rank=221 id=page_000534_table_4 latency=1.1563s status=ok active=5
SEND b6c6 929/1000 table=page_000250_table_box_id_4 active=6
RECV b6c6 917/1000 rank=135 id=page_001121_table_10 latency=1.9638s status=ok active=5
SEND b6c6 930/1000 table=page_001117_table_box_id_17 active=6
RECV b6c6 923/1000 rank=219 id=page_000542_table_0 latency=1.1694s status=ok active=5
SEND b6c6 931/1000 table=page_001368_table_box_id_163 active=6
RECV b6c6 931/1000 rank=651 id=page_001368_table_box_id_163 latency=0.0560s status=ok active=5
SEND b6c6 932/1000 table=page_000918_table_6 active=6
RECV b6c6 930/1000 rank=146 id=page_001117_table_box_id_17 latency=0.3150s status=ok active=5
SEND b6c6 933/1000 table=page_001124_table_17 active=6
RECV b6c6 907/1000 rank=39 id=page_000643_table_4 latency=4.0576s status=ok active=5
SEND b6c6 934/1000 table=page_000838_table_1 active=6
RECV b6c6 932/1000 rank=577 id=page_000918_table_6 latency=0.1987s status=ok active=5
SEND b6c6 935/1000 table=page_000824_table_0 active=6
RECV b6c6 934/1000 rank=556 id=page_000838_table_1 latency=0.2393s status=ok active=5
SEND b6c6 936/1000 table=page_001368_table_box_id_263 active=6
RECV b6c6 928/1000 rank=235 id=page_001367_table_68 latency=1.0281s status=ok active=5
SEND b6c6 937/1000 table=page_000626_table_box_id_4 active=6
RECV b6c6 933/1000 rank=364 id=page_001124_table_17 latency=0.5307s status=ok active=5
SEND b6c6 938/1000 table=page_000205_table_box_id_13 active=6
RECV b6c6 927/1000 rank=199 id=page_001196_table_13 latency=1.0825s status=ok active=5
SEND b6c6 939/1000 table=page_000245_table_box_id_0 active=6
RECV b6c6 935/1000 rank=268 id=page_000824_table_0 latency=0.7630s status=ok active=5
SEND b6c6 940/1000 table=page_001134_table_10 active=6
RECV b6c6 938/1000 rank=282 id=page_000205_table_box_id_13 latency=0.7121s status=ok active=5
SEND b6c6 941/1000 table=page_000929_table_0 active=6
RECV b6c6 936/1000 rank=191 id=page_001368_table_box_id_263 latency=1.0109s status=ok active=5
SEND b6c6 942/1000 table=page_001125_table_9 active=6
RECV b6c6 939/1000 rank=177 id=page_000245_table_box_id_0 latency=1.1020s status=ok active=5
SEND b6c6 943/1000 table=page_000195_table_box_id_0 active=6
RECV b6c6 929/1000 rank=86 id=page_000250_table_box_id_4 latency=2.0888s status=ok active=5
SEND b6c6 944/1000 table=page_001368_table_box_id_161 active=6
RECV b6c6 941/1000 rank=307 id=page_000929_table_0 latency=0.6959s status=ok active=5
SEND b6c6 945/1000 table=page_001141_table_19 active=6
RECV b6c6 945/1000 rank=480 id=page_001141_table_19 latency=0.2322s status=ok active=5
SEND b6c6 946/1000 table=page_000821_table_box_id_29 active=6
RECV b6c6 940/1000 rank=134 id=page_001134_table_10 latency=1.4379s status=ok active=5
SEND b6c6 947/1000 table=page_000800_table_10 active=6
RECV b6c6 944/1000 rank=332 id=page_001368_table_box_id_161 latency=0.5972s status=ok active=5
SEND b6c6 948/1000 table=page_000781_table_0 active=6
RECV b6c6 947/1000 rank=653 id=page_000800_table_10 latency=0.0837s status=ok active=5
SEND b6c6 949/1000 table=page_000225_table_box_id_13 active=6
RECV b6c6 946/1000 rank=490 id=page_000821_table_box_id_29 latency=0.2874s status=ok active=5
SEND b6c6 950/1000 table=page_000433_table_13 active=6
RECV b6c6 948/1000 rank=619 id=page_000781_table_0 latency=0.1236s status=ok active=5
SEND b6c6 951/1000 table=page_000273_table_box_id_1 active=6
RECV b6c6 950/1000 rank=525 id=page_000433_table_13 latency=0.3643s status=ok active=5
SEND b6c6 952/1000 table=page_000697_table_9 active=6
RECV b6c6 943/1000 rank=169 id=page_000195_table_box_id_0 latency=1.2303s status=ok active=5
SEND b6c6 953/1000 table=page_000758_table_21 active=6
RECV b6c6 953/1000 rank=636 id=page_000758_table_21 latency=0.1353s status=ok active=5
SEND b6c6 954/1000 table=page_001189_table_box_id_2 active=6
RECV b6c6 952/1000 rank=489 id=page_000697_table_9 latency=0.2899s status=ok active=5
SEND b6c6 955/1000 table=page_000715_table_14 active=6
RECV b6c6 955/1000 rank=618 id=page_000715_table_14 latency=0.1195s status=ok active=5
SEND b6c6 956/1000 table=page_000207_table_box_id_1 active=6
RECV b6c6 942/1000 rank=89 id=page_001125_table_9 latency=2.1331s status=ok active=5
SEND b6c6 957/1000 table=page_000552_table_9 active=6
RECV b6c6 954/1000 rank=423 id=page_001189_table_box_id_2 latency=0.5274s status=ok active=5
SEND b6c6 958/1000 table=page_001150_table_box_id_9 active=6
RECV b6c6 949/1000 rank=200 id=page_000225_table_box_id_13 latency=1.1575s status=ok active=5
SEND b6c6 959/1000 table=page_000763_table_2 active=6
RECV b6c6 957/1000 rank=579 id=page_000552_table_9 latency=0.3177s status=ok active=5
SEND b6c6 960/1000 table=page_001164_table_9 active=6
RECV b6c6 959/1000 rank=624 id=page_000763_table_2 latency=0.1851s status=ok active=5
SEND b6c6 961/1000 table=page_001184_table_10 active=6
RECV b6c6 961/1000 rank=573 id=page_001184_table_10 latency=0.2886s status=ok active=5
SEND b6c6 962/1000 table=page_000010_table_box_id_1 active=6
RECV b6c6 937/1000 rank=37 id=page_000626_table_box_id_4 latency=3.7568s status=ok active=5
SEND b6c6 963/1000 table=page_000218_table_box_id_4 active=6
RECV b6c6 962/1000 rank=48 id=page_000010_table_box_id_1 latency=0.2882s status=ok active=5
SEND b6c6 964/1000 table=page_000258_table_box_id_5 active=6
RECV b6c6 958/1000 rank=255 id=page_001150_table_box_id_9 latency=0.8241s status=ok active=5
SEND b6c6 965/1000 table=page_001356_table_3 active=6
RECV b6c6 964/1000 rank=470 id=page_000258_table_box_id_5 latency=0.3922s status=ok active=5
SEND b6c6 966/1000 table=page_001137_table_9 active=6
RECV b6c6 965/1000 rank=433 id=page_001356_table_3 latency=0.3888s status=ok active=5
SEND b6c6 967/1000 table=page_000465_table_5 active=6
RECV b6c6 956/1000 rank=102 id=page_000207_table_box_id_1 latency=2.0044s status=ok active=5
SEND b6c6 968/1000 table=page_000658_table_32 active=6
RECV b6c6 968/1000 rank=658 id=page_000658_table_32 latency=0.0574s status=ok active=5
SEND b6c6 969/1000 table=page_000419_table_4 active=6
RECV b6c6 967/1000 rank=340 id=page_000465_table_5 latency=0.6106s status=ok active=5
SEND b6c6 970/1000 table=page_000229_table_box_id_7 active=6
RECV b6c6 963/1000 rank=180 id=page_000218_table_box_id_4 latency=1.1431s status=ok active=5
SEND b6c6 971/1000 table=page_000861_table_5 active=6
RECV b6c6 970/1000 rank=474 id=page_000229_table_box_id_7 latency=0.4737s status=ok active=5
SEND b6c6 972/1000 table=page_000221_table_box_id_3 active=6
RECV b6c6 969/1000 rank=160 id=page_000419_table_4 latency=1.2121s status=ok active=5
SEND b6c6 973/1000 table=page_000763_table_7 active=6
RECV b6c6 971/1000 rank=153 id=page_000861_table_5 latency=1.2093s status=ok active=5
SEND b6c6 974/1000 table=page_000266_table_box_id_1 active=6
RECV b6c6 973/1000 rank=647 id=page_000763_table_7 latency=0.1049s status=ok active=5
SEND b6c6 975/1000 table=page_001368_table_box_id_276 active=6
RECV b6c6 975/1000 rank=638 id=page_001368_table_box_id_276 latency=0.2243s status=ok active=5
SEND b6c6 976/1000 table=page_001367_table_69 active=6
RECV b6c6 972/1000 rank=190 id=page_000221_table_box_id_3 latency=1.1082s status=ok active=5
SEND b6c6 977/1000 table=page_000864_table_30 active=6
RECV b6c6 960/1000 rank=45 id=page_001164_table_9 latency=3.3395s status=ok active=5
SEND b6c6 978/1000 table=page_000921_table_8 active=6
RECV b6c6 977/1000 rank=620 id=page_000864_table_30 latency=0.1418s status=ok active=5
SEND b6c6 979/1000 table=page_001367_table_73 active=6
RECV b6c6 974/1000 rank=420 id=page_000266_table_box_id_1 latency=0.5940s status=ok active=5
SEND b6c6 980/1000 table=page_000242_table_box-mhg591pb active=6
RECV b6c6 966/1000 rank=67 id=page_001137_table_9 latency=2.6464s status=ok active=5
SEND b6c6 981/1000 table=page_000673_table_1 active=6
RECV b6c6 978/1000 rank=541 id=page_000921_table_8 latency=0.3204s status=ok active=5
SEND b6c6 982/1000 table=page_000147_table_box_id_3 active=6
RECV b6c6 976/1000 rank=446 id=page_001367_table_69 latency=0.5725s status=ok active=5
SEND b6c6 983/1000 table=page_000229_table_box-pug9otka active=6
RECV b6c6 951/1000 rank=22 id=page_000273_table_box_id_1 latency=4.9450s status=ok active=5
SEND b6c6 984/1000 table=page_000942_table_3 active=6
RECV b6c6 979/1000 rank=555 id=page_001367_table_73 latency=0.4826s status=ok active=5
SEND b6c6 985/1000 table=page_000295_table_box_id_1 active=6
RECV b6c6 982/1000 rank=641 id=page_000147_table_box_id_3 latency=0.3201s status=ok active=5
SEND b6c6 986/1000 table=page_000265_table_box_id_3 active=6
RECV b6c6 981/1000 rank=493 id=page_000673_table_1 latency=0.5809s status=ok active=5
SEND b6c6 987/1000 table=page_001169_table_11 active=6
RECV b6c6 983/1000 rank=503 id=page_000229_table_box-pug9otka latency=0.5737s status=ok active=5
SEND b6c6 988/1000 table=page_001148_table_3 active=6
RECV b6c6 987/1000 rank=521 id=page_001169_table_11 latency=0.2807s status=ok active=5
SEND b6c6 989/1000 table=page_000636_table_5 active=6
RECV b6c6 984/1000 rank=279 id=page_000942_table_3 latency=0.8357s status=ok active=5
SEND b6c6 990/1000 table=page_001193_table_8 active=6
RECV b6c6 980/1000 rank=277 id=page_000242_table_box-mhg591pb latency=1.1197s status=ok active=5
SEND b6c6 991/1000 table=page_000632_table_6 active=6
RECV b6c6 989/1000 rank=569 id=page_000636_table_5 latency=0.2779s status=ok active=5
SEND b6c6 992/1000 table=page_000709_table_12 active=6
RECV b6c6 992/1000 rank=634 id=page_000709_table_12 latency=0.0894s status=ok active=5
SEND b6c6 993/1000 table=page_000911_table_box_id_5 active=6
RECV b6c6 991/1000 rank=501 id=page_000632_table_6 latency=0.3266s status=ok active=5
SEND b6c6 994/1000 table=page_001082_table_23 active=6
RECV b6c6 990/1000 rank=262 id=page_001193_table_8 latency=0.7614s status=ok active=5
SEND b6c6 995/1000 table=page_001132_table_box_id_10 active=6
RECV b6c6 986/1000 rank=165 id=page_000265_table_box_id_3 latency=1.3215s status=ok active=5
SEND b6c6 996/1000 table=page_000918_table_5 active=6
RECV b6c6 993/1000 rank=356 id=page_000911_table_box_id_5 latency=0.5551s status=ok active=5
SEND b6c6 997/1000 table=page_001368_table_box_id_218 active=6
RECV b6c6 996/1000 rank=513 id=page_000918_table_5 latency=0.2482s status=ok active=5
SEND b6c6 998/1000 table=page_001276_table_2 active=6
RECV b6c6 994/1000 rank=316 id=page_001082_table_23 latency=0.6390s status=ok active=5
SEND b6c6 999/1000 table=page_001176_table_4 active=6
RECV b6c6 995/1000 rank=227 id=page_001132_table_box_id_10 latency=0.8453s status=ok active=5
SEND b6c6 1000/1000 table=page_001398_table_box-1nnly5de active=6
RECV b6c6 997/1000 rank=251 id=page_001368_table_box_id_218 latency=0.7192s status=ok active=5
RECV b6c6 988/1000 rank=88 id=page_001148_table_3 latency=2.0617s status=ok active=4
RECV b6c6 1000/1000 rank=386 id=page_001398_table_box-1nnly5de latency=0.3747s status=ok active=3
RECV b6c6 999/1000 rank=122 id=page_001176_table_4 latency=1.1908s status=ok active=2
RECV b6c6 998/1000 rank=18 id=page_001276_table_2 latency=3.5173s status=ok active=1
RECV b6c6 985/1000 rank=10 id=page_000295_table_box_id_1 latency=5.4629s status=ok active=0
DONE b6c6 requests=1000 failures=0 max_in_flight=6 wall=168.2790s qps=5.9425 p50=0.5958s p95=3.2566s max=7.8840s
