Device_id,Name,Type,Accelerator Core,Start Time(us),Duration(us),Wait Time(us),Block Num
7,aclnnEqScalar_EqualAiCore_Equal,N/A,N/A,1790932512395153.069	,4.120,0,0
7,aclnnAll_ReduceAll_ReduceAll,N/A,N/A,1790932512395183.929	,3.100,26.880000,0
7,aclnnEqScalar_EqualAiCore_Equal,N/A,N/A,1790932512395371.053	,3.760,183.900000,0
7,aclnnAny_ReduceAny_ReduceAny,N/A,N/A,1790932512395401.434	,2.760,26.740000,0
7,aclnnEqScalar_EqualAiCore_Equal,N/A,N/A,1790932512395614.618	,3.520,210.240000,0
7,aclnnReduceSum_CastAiCore_Cast,N/A,N/A,1790932512395642.959	,2.400,24.980000,0
7,aclnnReduceSum_ReduceSumOpAiCore_ReduceSum,N/A,N/A,1790932512395654.779	,5.780,9.350000,0
7,aclnnReduceSum_CastAiCore_Cast,N/A,N/A,1790932512395666.219	,2.660,5.720000,0
7,aclnnInplaceCopy_CastAiCore_Cast,N/A,N/A,1790932512395895.144	,63.541,226.340000,0
7,aclnnAddmm_MatMulCommon_MatMulV2,N/A,N/A,1790932512395975.685	,60.361,16.959000,0
7,aclnnEmbedding_GatherV2AiCore_GatherV2,N/A,N/A,1790932512406900.804	,23.580,10864.639000,0
7,aclnnMul_MulAiCore_Mul,N/A,N/A,1790932512406958.405	,30.660,34.170000,0
7,aclnnAdd_AddAiCore_Add,N/A,N/A,1790932512407024.046	,14.040,34.840000,0
7,aclnnAdd_AddAiCore_Add,N/A,N/A,1790932512407055.207	,7.880,17.210000,0
7,aclnnAdd_AddAiCore_Add,N/A,N/A,1790932512407084.647	,7.840,21.620000,0
7,aclnnRepeat_TileAiCore_Tile,N/A,N/A,1790932512407190.289	,9.541,97.660000,0
7,aclnnInplaceCopy_TransposeAiCore_Transpose,N/A,N/A,1790932512407273.931	,15.600,74.209000,0
7,aclnnCat_TensorMoveAiCore_TensorMove,N/A,N/A,1790932512407327.012	,14.900,37.400000,0
7,aclnnArange_ArangeAiCore_Range,N/A,N/A,1790932512407699.799	,8.921,357.850000,0
7,aclnnMul_MulAiCore_Mul,N/A,N/A,1790932512407739.200	,10.320,30.579000,0
7,aclnnIndex_IndexAiCore_Index,N/A,N/A,1790932512407954.505	,108.722,204.930000,0
7,aclnnCat_ConcatD_ConcatD,N/A,N/A,1790932512408063.247	,5.260,0.028000,0
7,aclnnCos_CosAiCore_Cos,N/A,N/A,1790932512408068.527	,12.500,0.000000,0
7,aclnnSin_SinAiCore_Sin,N/A,N/A,1790932512408081.067	,12.400,0.000000,0
7,aclnnAdd_AddAiCore_Add,N/A,N/A,1790932512408979.945	,12.560,886.600000,0
7,aclnnInplaceZero_ZerosLikeAiCore_ZerosLike,N/A,N/A,1790932512409056.527	,22.200,63.940000,0
7,aclnnInplaceCopy_CastAiCore_Cast,N/A,N/A,1790932512411549.236	,12.501,2470.550000,0
7,aclnnMean_ReduceMeanAiCore_ReduceMean,N/A,N/A,1790932512411604.178	,23.720,42.499000,0
7,aclnnSub_SubAiCore_Sub,N/A,N/A,1790932512411632.918	,27.821,5.030000,0
7,aclnnPowTensorScalar_PowsAiCore_Pows,N/A,N/A,1790932512411673.119	,20.100,12.179000,0
7,aclnnMean_ReduceMeanAiCore_ReduceMean,N/A,N/A,1790932512411710.100	,22.620,16.900000,0
7,aclnnAdds_AddAiCore_Add,N/A,N/A,1790932512411750.940	,1.780,18.380000,0
7,aclnnRsqrt_RsqrtAiCore_Rsqrt,N/A,N/A,1790932512411780.321	,1.840,27.470000,0
7,aclnnMul_MulAiCore_Mul,N/A,N/A,1790932512411819.982	,26.140,37.910000,0
7,aclnnInplaceCopy_CastAiCore_Cast,N/A,N/A,1790932512411859.203	,12.640,13.110000,0
7,aclnnMul_MulAiCore_Mul,N/A,N/A,1790932512411901.723	,13.721,29.860000,0
7,aclnnAdd_AddAiCore_Add,N/A,N/A,1790932512411928.744	,14.340,13.279000,0
7,aclnnAddmm_MatMulV3Common_MatMulV3,N/A,N/A,1790932512412025.366	,106.962,82.160000,0
7,aclnnInplaceCopy_SliceAiCore_Slice,N/A,N/A,1790932512412152.028	,11.921,19.788000,0
7,aclnnInplaceCopy_CastAiCore_Cast,N/A,N/A,1790932512412163.989	,12.360,0.079000,0
7,aclnnMul_MulAiCore_Mul,N/A,N/A,1790932512412182.449	,30.841,6.140000,0
7,aclnnInplaceCopy_SliceAiCore_Slice,N/A,N/A,1790932512412213.310	,9.540,0.000000,0
7,aclnnInplaceCopy_CastAiCore_Cast,N/A,N/A,1790932512412222.870	,7.700,0.000000,0
7,aclnnNeg_SliceAiCore_Slice,N/A,N/A,1790932512412317.492	,19.260,87.050000,0
7,aclnnNeg_NegAiCore_Neg,N/A,N/A,1790932512412336.772	,10.140,0.000000,0
7,aclnnCat_SliceAiCore_Slice,N/A,N/A,1790932512412361.473	,13.880,14.610000,0
7,aclnnCat_ConcatD_ConcatD,N/A,N/A,1790932512412375.393	,19.980,0.120000,0
7,aclnnMul_MulAiCore_Mul,N/A,N/A,1790932512412395.413	,23.181,0.020000,0
7,aclnnAdd_AddAiCore_Add,N/A,N/A,1790932512412419.714	,17.080,1.069000,0
7,aclnnInplaceCopy_CastAiCore_Cast,N/A,N/A,1790932512412462.075	,12.520,25.170000,0
7,aclnnInplaceCopy_SliceAiCore_Slice,N/A,N/A,1790932512412506.896	,11.180,32.480000,0
7,aclnnInplaceCopy_CastAiCore_Cast,N/A,N/A,1790932512412518.116	,11.840,0.000000,0
7,aclnnMul_MulAiCore_Mul,N/A,N/A,1790932512412529.976	,22.120,0.160000,0
7,aclnnInplaceCopy_SliceAiCore_Slice,N/A,N/A,1790932512412562.157	,8.700,10.130000,0
7,aclnnInplaceCopy_CastAiCore_Cast,N/A,N/A,1790932512412570.877	,7.280,0.050000,0
7,aclnnNeg_SliceAiCore_Slice,N/A,N/A,1790932512412630.478	,15.640,52.220000,0
7,aclnnNeg_NegAiCore_Neg,N/A,N/A,1790932512412646.138	,9.821,0.110000,0
7,aclnnCat_SliceAiCore_Slice,N/A,N/A,1790932512412660.799	,13.560,4.679000,0
7,aclnnCat_ConcatD_ConcatD,N/A,N/A,1790932512412674.379	,11.860,0.190000,0
7,aclnnMul_MulAiCore_Mul,N/A,N/A,1790932512412688.259	,25.581,1.890000,0
7,aclnnAdd_AddAiCore_Add,N/A,N/A,1790932512412714.520	,16.580,0.669000,0
7,aclnnInplaceCopy_CastAiCore_Cast,N/A,N/A,1790932512412771.341	,12.360,40.170000,0
7,aclnnInplaceCopy_TransposeAiCore_Transpose,N/A,N/A,1790932512412906.924	,27.360,123.390000,0
7,aclnnInplaceCopy_TransposeAiCore_Transpose,N/A,N/A,1790932512412935.584	,18.380,1.140000,0
7,aclnnInplaceCopy_AsStridedAiCore_AsStrided,N/A,N/A,1790932512412963.405	,21.940,9.620000,0
7,InnerPromptFlashAttention_PromptFlashAttention_PromptFlashAttention,N/A,N/A,1790932512413661.179	,1309.486,675.810000,0
7,aclnnInplaceCopy_TransposeAiCore_Transpose,N/A,N/A,1790932512414971.765	,24.360,1.014000,0
7,aclnnAddmm_MatMulCommon_MatMulV2,N/A,N/A,1790932512414996.145	,45.201,0.140000,0
7,aclnnAdd_AddAiCore_Add,N/A,N/A,1790932512415041.386	,23.001,0.049000,0
7,aclnnInplaceCopy_CastAiCore_Cast,N/A,N/A,1790932512415064.407	,11.780,0.000000,0
7,aclnnMean_ReduceMeanAiCore_ReduceMean,N/A,N/A,1790932512415077.567	,23.560,1.220000,0
7,aclnnSub_SubAiCore_Sub,N/A,N/A,1790932512415101.847	,28.601,0.690000,0
7,aclnnPowTensorScalar_PowsAiCore_Pows,N/A,N/A,1790932512415130.468	,25.960,0.149000,0
7,aclnnMean_ReduceMeanAiCore_ReduceMean,N/A,N/A,1790932512415157.849	,22.720,1.290000,0
7,aclnnAdds_AddAiCore_Add,N/A,N/A,1790932512415181.489	,1.820,1.030000,0
7,aclnnRsqrt_RsqrtAiCore_Rsqrt,N/A,N/A,1790932512415183.329	,1.880,0.000000,0
7,aclnnMul_MulAiCore_Mul,N/A,N/A,1790932512415185.249	,26.321,0.120000,0
7,aclnnInplaceCopy_CastAiCore_Cast,N/A,N/A,1790932512415211.590	,12.320,0.000000,0
7,aclnnMul_MulAiCore_Mul,N/A,N/A,1790932512415223.930	,13.740,0.180000,0
7,aclnnAdd_AddAiCore_Add,N/A,N/A,1790932512415237.690	,13.780,0.010000,0
7,aclnnAddmm_MatMulV3Common_MatMulV3,N/A,N/A,1790932512415251.490	,145.163,0.000000,0
7,aclnnGeluV2_GeluV2_GeluV2,N/A,N/A,1790932512415396.693	,77.282,0.087000,0
7,aclnnAddmm_MatMulV3Common_MatMulV3,N/A,N/A,1790932512415474.135	,146.283,0.218000,0
7,aclnnAdd_AddAiCore_Add,N/A,N/A,1790932512415620.438	,12.500,0.000000,0
7,aclnnInplaceCopy_CastAiCore_Cast,N/A,N/A,1790932512415632.978	,11.840,0.000000,0
7,aclnnMean_ReduceMeanAiCore_ReduceMean,N/A,N/A,1790932512415646.018	,23.361,1.160000,0
7,aclnnSub_SubAiCore_Sub,N/A,N/A,1790932512415670.299	,29.200,0.889000,0
7,aclnnPowTensorScalar_PowsAiCore_Pows,N/A,N/A,1790932512415699.519	,22.061,0.050000,0
7,aclnnMean_ReduceMeanAiCore_ReduceMean,N/A,N/A,1790932512415722.780	,22.520,1.189000,0
7,aclnnAdds_AddAiCore_Add,N/A,N/A,1790932512415746.440	,1.560,1.230000,0
7,aclnnRsqrt_RsqrtAiCore_Rsqrt,N/A,N/A,1790932512415748.020	,1.640,0.000000,0
7,aclnnMul_MulAiCore_Mul,N/A,N/A,1790932512415749.680	,25.341,0.110000,0
7,aclnnInplaceCopy_CastAiCore_Cast,N/A,N/A,1790932512415775.041	,13.060,0.000000,0
7,aclnnMul_MulAiCore_Mul,N/A,N/A,1790932512415788.121	,14.140,0.000000,0
7,aclnnAdd_AddAiCore_Add,N/A,N/A,1790932512415802.281	,13.761,0.110000,0
7,aclnnAddmm_MatMulV3Common_MatMulV3,N/A,N/A,1790932512415816.062	,107.722,0.000000,0
7,aclnnInplaceCopy_SliceAiCore_Slice,N/A,N/A,1790932512415923.804	,11.340,0.028000,0
7,aclnnInplaceCopy_CastAiCore_Cast,N/A,N/A,1790932512415935.164	,11.780,0.160000,0
7,aclnnMul_MulAiCore_Mul,N/A,N/A,1790932512415946.964	,32.121,0.000000,0
7,aclnnInplaceCopy_SliceAiCore_Slice,N/A,N/A,1790932512415979.105	,8.340,0.000000,0
7,aclnnInplaceCopy_CastAiCore_Cast,N/A,N/A,1790932512415987.465	,7.180,0.160000,0
7,aclnnNeg_SliceAiCore_Slice,N/A,N/A,1790932512415994.665	,18.841,0.070000,0
7,aclnnNeg_NegAiCore_Neg,N/A,N/A,1790932512416013.526	,10.000,0.000000,0
7,aclnnCat_SliceAiCore_Slice,N/A,N/A,1790932512416023.546	,13.360,0.000000,0
7,aclnnCat_ConcatD_ConcatD,N/A,N/A,1790932512416036.946	,24.221,0.140000,0
7,aclnnMul_MulAiCore_Mul,N/A,N/A,1790932512416061.187	,25.260,0.029000,0
7,aclnnAdd_AddAiCore_Add,N/A,N/A,1790932512416086.467	,17.300,0.000000,0
7,aclnnInplaceCopy_CastAiCore_Cast,N/A,N/A,1790932512416103.787	,12.301,0.000000,0
7,aclnnInplaceCopy_SliceAiCore_Slice,N/A,N/A,1790932512416116.108	,12.500,0.000000,0
7,aclnnInplaceCopy_CastAiCore_Cast,N/A,N/A,1790932512416128.648	,11.780,0.250000,0
7,aclnnMul_MulAiCore_Mul,N/A,N/A,1790932512416140.448	,22.621,0.000000,0
7,aclnnInplaceCopy_SliceAiCore_Slice,N/A,N/A,1790932512416163.089	,8.760,0.000000,0
7,aclnnInplaceCopy_CastAiCore_Cast,N/A,N/A,1790932512416171.869	,7.420,0.000000,0
7,aclnnNeg_SliceAiCore_Slice,N/A,N/A,1790932512416179.329	,15.660,0.080000,0
7,aclnnNeg_NegAiCore_Neg,N/A,N/A,1790932512416195.009	,10.040,0.090000,0
7,aclnnCat_SliceAiCore_Slice,N/A,N/A,1790932512416205.069	,12.981,0.000000,0
7,aclnnCat_ConcatD_ConcatD,N/A,N/A,1790932512416218.090	,11.260,0.019000,0
7,aclnnMul_MulAiCore_Mul,N/A,N/A,1790932512416229.370	,23.660,0.000000,0
7,aclnnAdd_AddAiCore_Add,N/A,N/A,1790932512416253.050	,16.961,0.090000,0
7,aclnnInplaceCopy_CastAiCore_Cast,N/A,N/A,1790932512416270.031	,12.280,0.039000,0
7,aclnnInplaceCopy_TransposeAiCore_Transpose,N/A,N/A,1790932512416282.331	,26.381,0.000000,0
7,aclnnInplaceCopy_TransposeAiCore_Transpose,N/A,N/A,1790932512416308.732	,18.580,0.119000,0
7,aclnnInplaceCopy_AsStridedAiCore_AsStrided,N/A,N/A,1790932512416327.332	,19.860,0.000000,0
7,InnerPromptFlashAttention_PromptFlashAttention_PromptFlashAttention,N/A,N/A,1790932512416348.652	,1303.266,1.640000,0
7,aclnnInplaceCopy_TransposeAiCore_Transpose,N/A,N/A,1790932512417653.218	,24.841,1.234000,0
7,aclnnAddmm_MatMulCommon_MatMulV2,N/A,N/A,1790932512417678.079	,43.801,0.000000,0
7,aclnnAdd_AddAiCore_Add,N/A,N/A,1790932512417721.920	,12.400,0.199000,0
7,aclnnInplaceCopy_CastAiCore_Cast,N/A,N/A,1790932512417734.340	,11.680,0.000000,0
7,aclnnMean_ReduceMeanAiCore_ReduceMean,N/A,N/A,1790932512417747.080	,24.141,1.070000,0
7,aclnnSub_SubAiCore_Sub,N/A,N/A,1790932512417771.961	,26.240,0.859000,0
7,aclnnPowTensorScalar_PowsAiCore_Pows,N/A,N/A,1790932512417798.221	,25.201,0.010000,0
7,aclnnMean_ReduceMeanAiCore_ReduceMean,N/A,N/A,1790932512417824.442	,22.900,1.049000,0
7,aclnnAdds_AddAiCore_Add,N/A,N/A,1790932512417848.102	,1.620,0.600000,0
7,aclnnRsqrt_RsqrtAiCore_Rsqrt,N/A,N/A,1790932512417849.762	,1.820,0.130000,0
7,aclnnMul_MulAiCore_Mul,N/A,N/A,1790932512417851.602	,26.541,0.000000,0
7,aclnnInplaceCopy_CastAiCore_Cast,N/A,N/A,1790932512417878.163	,12.400,0.209000,0
7,aclnnMul_MulAiCore_Mul,N/A,N/A,1790932512417890.583	,19.080,0.000000,0
7,aclnnAdd_AddAiCore_Add,N/A,N/A,1790932512417909.683	,13.101,0.170000,0
7,aclnnAddmm_MatMulV3Common_MatMulV3,N/A,N/A,1790932512417922.824	,143.023,0.000000,0
7,aclnnGeluV2_GeluV2_GeluV2,N/A,N/A,1790932512418065.867	,77.121,0.000000,0
7,aclnnAddmm_MatMulV3Common_MatMulV3,N/A,N/A,1790932512418143.148	,144.583,0.379000,0
7,aclnnAdd_AddAiCore_Add,N/A,N/A,1790932512418287.751	,12.800,0.000000,0
7,aclnnInplaceCopy_CastAiCore_Cast,N/A,N/A,1790932512418300.571	,11.881,0.000000,0
7,aclnnMean_ReduceMeanAiCore_ReduceMean,N/A,N/A,1790932512418313.672	,23.560,1.369000,0
7,aclnnSub_SubAiCore_Sub,N/A,N/A,1790932512418337.912	,26.161,0.690000,0
7,aclnnPowTensorScalar_PowsAiCore_Pows,N/A,N/A,1790932512418364.093	,24.720,0.000000,0
7,aclnnMean_ReduceMeanAiCore_ReduceMean,N/A,N/A,1790932512418389.773	,22.581,1.030000,0
7,aclnnAdds_AddAiCore_Add,N/A,N/A,1790932512418413.454	,1.740,1.169000,0
7,aclnnRsqrt_RsqrtAiCore_Rsqrt,N/A,N/A,1790932512418415.214	,1.640,0.010000,0
7,aclnnMul_MulAiCore_Mul,N/A,N/A,1790932512418416.874	,26.320,0.000000,0
7,aclnnInplaceCopy_CastAiCore_Cast,N/A,N/A,1790932512418443.214	,14.360,0.180000,0
7,aclnnMul_MulAiCore_Mul,N/A,N/A,1790932512418457.594	,13.761,0.000000,0
7,aclnnAdd_AddAiCore_Add,N/A,N/A,1790932512418471.395	,13.820,0.239000,0
7,aclnnAddmm_MatMulV3Common_MatMulV3,N/A,N/A,1790932512418485.235	,107.302,0.000000,0
7,aclnnInplaceCopy_SliceAiCore_Slice,N/A,N/A,1790932512418592.577	,11.180,0.000000,0
7,aclnnInplaceCopy_CastAiCore_Cast,N/A,N/A,1790932512418603.777	,11.961,0.070000,0
7,aclnnMul_MulAiCore_Mul,N/A,N/A,1790932512418615.758	,31.000,0.039000,0
7,aclnnInplaceCopy_SliceAiCore_Slice,N/A,N/A,1790932512418646.778	,8.880,0.000000,0
7,aclnnInplaceCopy_CastAiCore_Cast,N/A,N/A,1790932512418655.678	,7.501,0.120000,0
7,aclnnNeg_SliceAiCore_Slice,N/A,N/A,1790932512418663.199	,19.860,0.000000,0
7,aclnnNeg_NegAiCore_Neg,N/A,N/A,1790932512418683.099	,10.020,0.000000,0
7,aclnnCat_SliceAiCore_Slice,N/A,N/A,1790932512418693.139	,13.440,0.230000,0
7,aclnnCat_ConcatD_ConcatD,N/A,N/A,1790932512418706.599	,21.701,0.000000,0
7,aclnnMul_MulAiCore_Mul,N/A,N/A,1790932512418728.320	,23.740,0.049000,0
7,aclnnAdd_AddAiCore_Add,N/A,N/A,1790932512418752.080	,17.141,0.010000,0
7,aclnnInplaceCopy_CastAiCore_Cast,N/A,N/A,1790932512418769.241	,12.640,0.109000,0
7,aclnnInplaceCopy_SliceAiCore_Slice,N/A,N/A,1790932512418781.901	,10.220,0.110000,0
7,aclnnInplaceCopy_CastAiCore_Cast,N/A,N/A,1790932512418792.141	,11.880,0.030000,0
7,aclnnMul_MulAiCore_Mul,N/A,N/A,1790932512418804.061	,22.241,0.000000,0
7,aclnnInplaceCopy_SliceAiCore_Slice,N/A,N/A,1790932512418826.322	,8.700,0.009000,0
7,aclnnInplaceCopy_CastAiCore_Cast,N/A,N/A,1790932512418835.062	,7.360,0.050000,0
7,aclnnNeg_SliceAiCore_Slice,N/A,N/A,1790932512418842.442	,15.480,0.140000,0
7,aclnnNeg_NegAiCore_Neg,N/A,N/A,1790932512418857.942	,10.081,0.020000,0
7,aclnnCat_SliceAiCore_Slice,N/A,N/A,1790932512418868.063	,14.100,0.000000,0
7,aclnnCat_ConcatD_ConcatD,N/A,N/A,1790932512418882.183	,11.740,0.150000,0
7,aclnnMul_MulAiCore_Mul,N/A,N/A,1790932512418893.943	,23.621,0.010000,0
7,aclnnAdd_AddAiCore_Add,N/A,N/A,1790932512418917.584	,16.840,0.000000,0
7,aclnnInplaceCopy_CastAiCore_Cast,N/A,N/A,1790932512418934.464	,12.420,0.160000,0
7,aclnnInplaceCopy_TransposeAiCore_Transpose,N/A,N/A,1790932512418946.904	,26.661,0.080000,0
7,aclnnInplaceCopy_TransposeAiCore_Transpose,N/A,N/A,1790932512418973.585	,18.700,0.000000,0
7,aclnnInplaceCopy_AsStridedAiCore_AsStrided,N/A,N/A,1790932512418992.325	,19.521,0.050000,0
7,InnerPromptFlashAttention_PromptFlashAttention_PromptFlashAttention,N/A,N/A,1790932512419013.046	,1298.905,1.229000,0
7,aclnnInplaceCopy_TransposeAiCore_Transpose,N/A,N/A,1790932512420313.252	,25.000,1.345000,0
7,aclnnAddmm_MatMulCommon_MatMulV2,N/A,N/A,1790932512420338.272	,43.681,0.000000,0
7,aclnnAdd_AddAiCore_Add,N/A,N/A,1790932512420381.973	,12.380,0.069000,0
7,aclnnInplaceCopy_CastAiCore_Cast,N/A,N/A,1790932512420394.393	,11.880,0.120000,0
7,aclnnMean_ReduceMeanAiCore_ReduceMean,N/A,N/A,1790932512420407.213	,24.221,0.870000,0
7,aclnnSub_SubAiCore_Sub,N/A,N/A,1790932512420432.674	,26.480,1.279000,0
7,aclnnPowTensorScalar_PowsAiCore_Pows,N/A,N/A,1790932512420459.174	,25.741,0.020000,0
7,aclnnMean_ReduceMeanAiCore_ReduceMean,N/A,N/A,1790932512420486.315	,22.540,1.259000,0
7,aclnnAdds_AddAiCore_Add,N/A,N/A,1790932512420510.015	,1.840,1.210000,0
7,aclnnRsqrt_RsqrtAiCore_Rsqrt,N/A,N/A,1790932512420511.875	,1.881,0.160000,0
7,aclnnMul_MulAiCore_Mul,N/A,N/A,1790932512420513.776	,26.200,0.000000,0
7,aclnnInplaceCopy_CastAiCore_Cast,N/A,N/A,1790932512420539.996	,12.300,0.050000,0
7,aclnnMul_MulAiCore_Mul,N/A,N/A,1790932512420552.316	,14.021,0.000000,0
7,aclnnAdd_AddAiCore_Add,N/A,N/A,1790932512420566.357	,13.260,0.000000,0
7,aclnnAddmm_MatMulV3Common_MatMulV3,N/A,N/A,1790932512420579.637	,142.323,0.240000,0
7,aclnnGeluV2_GeluV2_GeluV2,N/A,N/A,1790932512420721.980	,77.361,0.000000,0
7,aclnnAddmm_MatMulV3Common_MatMulV3,N/A,N/A,1790932512420799.501	,144.303,0.139000,0
7,aclnnAdd_AddAiCore_Add,N/A,N/A,1790932512420943.824	,12.740,0.000000,0
7,aclnnInplaceCopy_CastAiCore_Cast,N/A,N/A,1790932512420956.584	,11.701,0.010000,0
7,aclnnMean_ReduceMeanAiCore_ReduceMean,N/A,N/A,1790932512420969.705	,23.520,1.549000,0
7,aclnnSub_SubAiCore_Sub,N/A,N/A,1790932512420994.005	,26.801,0.730000,0
7,aclnnPowTensorScalar_PowsAiCore_Pows,N/A,N/A,1790932512421020.826	,23.660,0.000000,0
7,aclnnMean_ReduceMeanAiCore_ReduceMean,N/A,N/A,1790932512421045.886	,22.801,1.590000,0
7,aclnnAdds_AddAiCore_Add,N/A,N/A,1790932512421069.547	,1.760,0.699000,0
7,aclnnRsqrt_RsqrtAiCore_Rsqrt,N/A,N/A,1790932512421071.327	,1.640,0.000000,0
7,aclnnMul_MulAiCore_Mul,N/A,N/A,1790932512421072.987	,25.800,0.110000,0
7,aclnnInplaceCopy_CastAiCore_Cast,N/A,N/A,1790932512421098.807	,13.560,0.000000,0
7,aclnnMul_MulAiCore_Mul,N/A,N/A,1790932512421112.407	,14.141,0.190000,0
7,aclnnAdd_AddAiCore_Add,N/A,N/A,1790932512421126.568	,13.860,0.000000,0
7,aclnnAddmm_MatMulV3Common_MatMulV3,N/A,N/A,1790932512421140.448	,108.122,0.140000,0
7,aclnnInplaceCopy_SliceAiCore_Slice,N/A,N/A,1790932512421248.590	,11.260,0.000000,0
7,aclnnInplaceCopy_CastAiCore_Cast,N/A,N/A,1790932512421259.890	,11.741,0.240000,0
7,aclnnMul_MulAiCore_Mul,N/A,N/A,1790932512421271.651	,31.340,0.009000,0
7,aclnnInplaceCopy_SliceAiCore_Slice,N/A,N/A,1790932512421303.011	,8.560,0.000000,0
7,aclnnInplaceCopy_CastAiCore_Cast,N/A,N/A,1790932512421311.591	,7.321,0.000000,0
7,aclnnNeg_SliceAiCore_Slice,N/A,N/A,1790932512421318.932	,20.640,0.179000,0
7,aclnnNeg_NegAiCore_Neg,N/A,N/A,1790932512421339.592	,10.020,0.000000,0
7,aclnnCat_SliceAiCore_Slice,N/A,N/A,1790932512421349.632	,13.440,0.230000,0
7,aclnnCat_ConcatD_ConcatD,N/A,N/A,1790932512421363.092	,20.201,0.000000,0
7,aclnnMul_MulAiCore_Mul,N/A,N/A,1790932512421383.313	,23.660,0.049000,0
7,aclnnAdd_AddAiCore_Add,N/A,N/A,1790932512421406.993	,17.061,0.090000,0
7,aclnnInplaceCopy_CastAiCore_Cast,N/A,N/A,1790932512421424.074	,12.560,0.000000,0
7,aclnnInplaceCopy_SliceAiCore_Slice,N/A,N/A,1790932512421436.654	,10.460,0.190000,0
7,aclnnInplaceCopy_CastAiCore_Cast,N/A,N/A,1790932512421447.154	,11.680,0.040000,0
7,aclnnMul_MulAiCore_Mul,N/A,N/A,1790932512421458.854	,22.281,0.000000,0
7,aclnnInplaceCopy_SliceAiCore_Slice,N/A,N/A,1790932512421481.175	,7.940,0.219000,0
7,aclnnInplaceCopy_CastAiCore_Cast,N/A,N/A,1790932512421489.135	,7.120,0.060000,0
7,aclnnNeg_SliceAiCore_Slice,N/A,N/A,1790932512421496.275	,15.680,0.000000,0
7,aclnnNeg_NegAiCore_Neg,N/A,N/A,1790932512421511.975	,10.101,0.070000,0
7,aclnnCat_SliceAiCore_Slice,N/A,N/A,1790932512421522.116	,13.120,0.000000,0
7,aclnnCat_ConcatD_ConcatD,N/A,N/A,1790932512421535.256	,11.520,0.130000,0
7,aclnnMul_MulAiCore_Mul,N/A,N/A,1790932512421546.796	,23.801,0.000000,0
7,aclnnAdd_AddAiCore_Add,N/A,N/A,1790932512421570.617	,16.880,0.000000,0
7,aclnnInplaceCopy_CastAiCore_Cast,N/A,N/A,1790932512421587.537	,12.500,0.120000,0
7,aclnnInplaceCopy_TransposeAiCore_Transpose,N/A,N/A,1790932512421600.057	,26.321,0.000000,0
7,aclnnInplaceCopy_TransposeAiCore_Transpose,N/A,N/A,1790932512421626.418	,18.740,0.179000,0
7,aclnnInplaceCopy_AsStridedAiCore_AsStrided,N/A,N/A,1790932512421645.178	,19.141,0.010000,0
7,InnerPromptFlashAttention_PromptFlashAttention_PromptFlashAttention,N/A,N/A,1790932512421665.699	,1301.606,1.359000,0
7,aclnnInplaceCopy_TransposeAiCore_Transpose,N/A,N/A,1790932512422968.185	,25.200,0.894000,0
7,aclnnAddmm_MatMulCommon_MatMulV2,N/A,N/A,1790932512422993.405	,43.101,0.050000,0
7,aclnnAdd_AddAiCore_Add,N/A,N/A,1790932512423036.526	,14.060,0.000000,0
7,aclnnInplaceCopy_CastAiCore_Cast,N/A,N/A,1790932512423050.606	,11.720,0.000000,0
7,aclnnMean_ReduceMeanAiCore_ReduceMean,N/A,N/A,1790932512423063.326	,24.341,1.030000,0
7,aclnnSub_SubAiCore_Sub,N/A,N/A,1790932512423088.827	,26.180,1.159000,0
7,aclnnPowTensorScalar_PowsAiCore_Pows,N/A,N/A,1790932512423115.027	,25.821,0.070000,0
7,aclnnMean_ReduceMeanAiCore_ReduceMean,N/A,N/A,1790932512423141.908	,22.580,1.179000,0
7,aclnnAdds_AddAiCore_Add,N/A,N/A,1790932512423165.549	,1.820,0.920000,0
7,aclnnRsqrt_RsqrtAiCore_Rsqrt,N/A,N/A,1790932512423167.409	,1.960,0.180000,0
7,aclnnMul_MulAiCore_Mul,N/A,N/A,1790932512423169.389	,26.480,0.040000,0
7,aclnnInplaceCopy_CastAiCore_Cast,N/A,N/A,1790932512423195.889	,12.400,0.020000,0
7,aclnnMul_MulAiCore_Mul,N/A,N/A,1790932512423208.309	,13.921,0.000000,0
7,aclnnAdd_AddAiCore_Add,N/A,N/A,1790932512423222.250	,13.740,0.079000,0
7,aclnnAddmm_MatMulV3Common_MatMulV3,N/A,N/A,1790932512423236.010	,144.163,0.010000,0
7,aclnnGeluV2_GeluV2_GeluV2,N/A,N/A,1790932512423380.193	,77.041,0.087000,0
7,aclnnAddmm_MatMulV3Common_MatMulV3,N/A,N/A,1790932512423457.254	,143.383,0.000000,0
7,aclnnAdd_AddAiCore_Add,N/A,N/A,1790932512423600.657	,12.880,0.117000,0
7,aclnnInplaceCopy_CastAiCore_Cast,N/A,N/A,1790932512423613.557	,11.921,0.000000,0
7,aclnnMean_ReduceMeanAiCore_ReduceMean,N/A,N/A,1790932512423626.858	,23.520,1.329000,0
7,aclnnSub_SubAiCore_Sub,N/A,N/A,1790932512423651.118	,27.221,0.730000,0
7,aclnnPowTensorScalar_PowsAiCore_Pows,N/A,N/A,1790932512423678.359	,24.760,0.029000,0
7,aclnnMean_ReduceMeanAiCore_ReduceMean,N/A,N/A,1790932512423704.139	,22.761,1.240000,0
7,aclnnAdds_AddAiCore_Add,N/A,N/A,1790932512423727.800	,1.540,0.739000,0
7,aclnnRsqrt_RsqrtAiCore_Rsqrt,N/A,N/A,1790932512423729.380	,1.520,0.210000,0
7,aclnnMul_MulAiCore_Mul,N/A,N/A,1790932512423730.920	,26.240,0.000000,0
7,aclnnInplaceCopy_CastAiCore_Cast,N/A,N/A,1790932512423757.200	,13.961,0.010000,0
7,aclnnMul_MulAiCore_Mul,N/A,N/A,1790932512423771.181	,14.020,0.039000,0
7,aclnnAdd_AddAiCore_Add,N/A,N/A,1790932512423785.221	,14.440,0.000000,0
7,aclnnAddmm_MatMulV3Common_MatMulV3,N/A,N/A,1790932512423799.681	,107.642,0.060000,0
7,aclnnInplaceCopy_SliceAiCore_Slice,N/A,N/A,1790932512423907.343	,11.361,0.000000,0
7,aclnnInplaceCopy_CastAiCore_Cast,N/A,N/A,1790932512423918.724	,12.060,0.139000,0
7,aclnnMul_MulAiCore_Mul,N/A,N/A,1790932512423930.824	,32.500,0.000000,0
7,aclnnInplaceCopy_SliceAiCore_Slice,N/A,N/A,1790932512423963.344	,8.661,0.000000,0
7,aclnnInplaceCopy_CastAiCore_Cast,N/A,N/A,1790932512423972.025	,7.580,0.089000,0
7,aclnnNeg_SliceAiCore_Slice,N/A,N/A,1790932512423979.645	,19.500,0.170000,0
7,aclnnNeg_NegAiCore_Neg,N/A,N/A,1790932512423999.165	,10.000,0.000000,0
7,aclnnCat_SliceAiCore_Slice,N/A,N/A,1790932512424009.185	,13.721,0.000000,0
7,aclnnCat_ConcatD_ConcatD,N/A,N/A,1790932512424022.926	,22.760,0.029000,0
7,aclnnMul_MulAiCore_Mul,N/A,N/A,1790932512424045.706	,23.661,0.000000,0
7,aclnnAdd_AddAiCore_Add,N/A,N/A,1790932512424069.387	,17.160,0.089000,0
7,aclnnInplaceCopy_CastAiCore_Cast,N/A,N/A,1790932512424086.567	,12.220,0.000000,0
7,aclnnInplaceCopy_SliceAiCore_Slice,N/A,N/A,1790932512424098.807	,10.480,0.030000,0
7,aclnnInplaceCopy_CastAiCore_Cast,N/A,N/A,1790932512424109.307	,11.661,0.020000,0
7,aclnnMul_MulAiCore_Mul,N/A,N/A,1790932512424120.988	,22.400,0.089000,0
7,aclnnInplaceCopy_SliceAiCore_Slice,N/A,N/A,1790932512424143.408	,9.420,0.100000,0
7,aclnnInplaceCopy_CastAiCore_Cast,N/A,N/A,1790932512424152.848	,8.020,0.000000,0
7,aclnnNeg_SliceAiCore_Slice,N/A,N/A,1790932512424160.888	,15.461,0.230000,0
7,aclnnNeg_NegAiCore_Neg,N/A,N/A,1790932512424176.369	,10.020,0.000000,0
7,aclnnCat_SliceAiCore_Slice,N/A,N/A,1790932512424186.409	,14.420,0.230000,0
7,aclnnCat_ConcatD_ConcatD,N/A,N/A,1790932512424200.849	,12.220,0.000000,0
7,aclnnMul_MulAiCore_Mul,N/A,N/A,1790932512424213.089	,24.181,0.030000,0
7,aclnnAdd_AddAiCore_Add,N/A,N/A,1790932512424237.290	,16.800,0.069000,0
7,aclnnInplaceCopy_CastAiCore_Cast,N/A,N/A,1790932512424254.110	,12.421,0.000000,0
7,aclnnInplaceCopy_TransposeAiCore_Transpose,N/A,N/A,1790932512424266.551	,26.100,0.079000,0
7,aclnnInplaceCopy_TransposeAiCore_Transpose,N/A,N/A,1790932512424292.671	,18.540,0.150000,0
7,aclnnInplaceCopy_AsStridedAiCore_AsStrided,N/A,N/A,1790932512424311.231	,19.401,0.000000,0
7,InnerPromptFlashAttention_PromptFlashAttention_PromptFlashAttention,N/A,N/A,1790932512424331.672	,1298.966,1.099000,0
7,aclnnInplaceCopy_TransposeAiCore_Transpose,N/A,N/A,1790932512425632.018	,24.480,1.284000,0
7,aclnnAddmm_MatMulCommon_MatMulV2,N/A,N/A,1790932512425656.518	,43.581,0.020000,0
7,aclnnAdd_AddAiCore_Add,N/A,N/A,1790932512425700.119	,12.720,0.000000,0
7,aclnnInplaceCopy_CastAiCore_Cast,N/A,N/A,1790932512425712.879	,11.801,0.280000,0
7,aclnnMean_ReduceMeanAiCore_ReduceMean,N/A,N/A,1790932512425726.080	,23.820,1.199000,0
7,aclnnSub_SubAiCore_Sub,N/A,N/A,1790932512425750.980	,26.021,1.180000,0
7,aclnnPowTensorScalar_PowsAiCore_Pows,N/A,N/A,1790932512425777.021	,24.460,0.000000,0
7,aclnnMean_ReduceMeanAiCore_ReduceMean,N/A,N/A,1790932512425802.841	,23.121,1.290000,0
7,aclnnAdds_AddAiCore_Add,N/A,N/A,1790932512425827.102	,1.620,1.129000,0
7,aclnnRsqrt_RsqrtAiCore_Rsqrt,N/A,N/A,1790932512425828.742	,1.940,0.130000,0
7,aclnnMul_MulAiCore_Mul,N/A,N/A,1790932512425830.702	,26.560,0.060000,0
7,aclnnInplaceCopy_CastAiCore_Cast,N/A,N/A,1790932512425857.282	,12.341,0.000000,0
7,aclnnMul_MulAiCore_Mul,N/A,N/A,1790932512425869.643	,14.380,0.159000,0
7,aclnnAdd_AddAiCore_Add,N/A,N/A,1790932512425884.043	,13.820,0.000000,0
7,aclnnAddmm_MatMulV3Common_MatMulV3,N/A,N/A,1790932512425897.883	,144.083,0.180000,0
7,aclnnGeluV2_GeluV2_GeluV2,N/A,N/A,1790932512426041.986	,77.002,0.000000,0
7,aclnnAddmm_MatMulV3Common_MatMulV3,N/A,N/A,1790932512426119.008	,143.822,0.000000,0
7,aclnnAdd_AddAiCore_Add,N/A,N/A,1790932512426262.850	,12.521,0.000000,0
7,aclnnInplaceCopy_CastAiCore_Cast,N/A,N/A,1790932512426275.391	,11.720,0.229000,0
7,aclnnMean_ReduceMeanAiCore_ReduceMean,N/A,N/A,1790932512426288.031	,23.440,0.780000,0
7,aclnnSub_SubAiCore_Sub,N/A,N/A,1790932512426312.311	,26.621,0.810000,0
7,aclnnPowTensorScalar_PowsAiCore_Pows,N/A,N/A,1790932512426338.972	,26.220,0.129000,0
7,aclnnMean_ReduceMeanAiCore_ReduceMean,N/A,N/A,1790932512426366.552	,22.481,1.280000,0
7,aclnnAdds_AddAiCore_Add,N/A,N/A,1790932512426390.193	,1.840,1.269000,0
7,aclnnRsqrt_RsqrtAiCore_Rsqrt,N/A,N/A,1790932512426392.053	,1.760,0.000000,0
7,aclnnMul_MulAiCore_Mul,N/A,N/A,1790932512426393.833	,26.721,0.000000,0
7,aclnnInplaceCopy_CastAiCore_Cast,N/A,N/A,1790932512426420.574	,17.460,0.029000,0
7,aclnnMul_MulAiCore_Mul,N/A,N/A,1790932512426438.054	,14.340,0.040000,0
7,aclnnAdd_AddAiCore_Add,N/A,N/A,1790932512426452.414	,13.480,0.160000,0
7,aclnnAddmm_MatMulV3Common_MatMulV3,N/A,N/A,1790932512426465.914	,108.143,0.020000,0
7,aclnnInplaceCopy_SliceAiCore_Slice,N/A,N/A,1790932512426574.077	,10.960,0.000000,0
7,aclnnInplaceCopy_CastAiCore_Cast,N/A,N/A,1790932512426585.057	,11.840,0.040000,0
7,aclnnMul_MulAiCore_Mul,N/A,N/A,1790932512426596.917	,31.201,0.160000,0
7,aclnnInplaceCopy_SliceAiCore_Slice,N/A,N/A,1790932512426628.158	,8.540,0.049000,0
7,aclnnInplaceCopy_CastAiCore_Cast,N/A,N/A,1790932512426636.718	,7.900,0.000000,0
7,aclnnNeg_SliceAiCore_Slice,N/A,N/A,1790932512426644.638	,19.480,0.100000,0
7,aclnnNeg_NegAiCore_Neg,N/A,N/A,1790932512426664.138	,10.301,0.020000,0
7,aclnnCat_SliceAiCore_Slice,N/A,N/A,1790932512426674.459	,13.260,0.000000,0
7,aclnnCat_ConcatD_ConcatD,N/A,N/A,1790932512426687.739	,21.360,0.000000,0
7,aclnnMul_MulAiCore_Mul,N/A,N/A,1790932512426709.139	,23.341,0.140000,0
7,aclnnAdd_AddAiCore_Add,N/A,N/A,1790932512426732.500	,17.100,0.000000,0
7,aclnnInplaceCopy_CastAiCore_Cast,N/A,N/A,1790932512426749.640	,12.340,0.150000,0
7,aclnnInplaceCopy_SliceAiCore_Slice,N/A,N/A,1790932512426762.000	,10.321,0.000000,0
7,aclnnInplaceCopy_CastAiCore_Cast,N/A,N/A,1790932512426772.341	,11.600,0.000000,0
7,aclnnMul_MulAiCore_Mul,N/A,N/A,1790932512426783.961	,21.980,0.150000,0
7,aclnnInplaceCopy_SliceAiCore_Slice,N/A,N/A,1790932512426805.961	,8.000,0.020000,0
7,aclnnInplaceCopy_CastAiCore_Cast,N/A,N/A,1790932512426813.981	,7.221,0.000000,0
7,aclnnNeg_SliceAiCore_Slice,N/A,N/A,1790932512426821.242	,15.660,0.029000,0
7,aclnnNeg_NegAiCore_Neg,N/A,N/A,1790932512426836.922	,10.080,0.090000,0
7,aclnnCat_SliceAiCore_Slice,N/A,N/A,1790932512426847.042	,12.900,0.000000,0
7,aclnnCat_ConcatD_ConcatD,N/A,N/A,1790932512426859.962	,11.761,0.100000,0
7,aclnnMul_MulAiCore_Mul,N/A,N/A,1790932512426871.743	,26.200,0.000000,0
7,aclnnAdd_AddAiCore_Add,N/A,N/A,1790932512426897.963	,16.820,0.050000,0
7,aclnnInplaceCopy_CastAiCore_Cast,N/A,N/A,1790932512426914.823	,12.641,0.000000,0
7,aclnnInplaceCopy_TransposeAiCore_Transpose,N/A,N/A,1790932512426927.484	,27.440,0.109000,0
7,aclnnInplaceCopy_TransposeAiCore_Transpose,N/A,N/A,1790932512426954.964	,18.401,0.060000,0
7,aclnnInplaceCopy_AsStridedAiCore_AsStrided,N/A,N/A,1790932512426973.385	,22.140,0.099000,0
7,InnerPromptFlashAttention_PromptFlashAttention_PromptFlashAttention,N/A,N/A,1790932512426997.005	,1307.786,1.360000,0
7,aclnnInplaceCopy_TransposeAiCore_Transpose,N/A,N/A,1790932512428305.651	,24.741,0.964000,0
7,aclnnAddmm_MatMulCommon_MatMulV2,N/A,N/A,1790932512428330.412	,43.821,0.009000,0
7,aclnnAdd_AddAiCore_Add,N/A,N/A,1790932512428374.253	,12.480,0.000000,0
7,aclnnInplaceCopy_CastAiCore_Cast,N/A,N/A,1790932512428386.753	,11.880,0.020000,0
7,aclnnMean_ReduceMeanAiCore_ReduceMean,N/A,N/A,1790932512428399.693	,24.081,1.120000,0
7,aclnnSub_SubAiCore_Sub,N/A,N/A,1790932512428424.594	,26.180,0.669000,0
7,aclnnPowTensorScalar_PowsAiCore_Pows,N/A,N/A,1790932512428450.794	,25.141,0.070000,0
7,aclnnMean_ReduceMeanAiCore_ReduceMean,N/A,N/A,1790932512428477.035	,22.700,1.109000,0
7,aclnnAdds_AddAiCore_Add,N/A,N/A,1790932512428500.715	,1.860,1.050000,0
7,aclnnRsqrt_RsqrtAiCore_Rsqrt,N/A,N/A,1790932512428502.615	,1.820,0.000000,0
7,aclnnMul_MulAiCore_Mul,N/A,N/A,1790932512428504.455	,26.961,0.180000,0
7,aclnnInplaceCopy_CastAiCore_Cast,N/A,N/A,1790932512428531.436	,12.340,0.039000,0
7,aclnnMul_MulAiCore_Mul,N/A,N/A,1790932512428543.816	,14.060,0.000000,0
7,aclnnAdd_AddAiCore_Add,N/A,N/A,1790932512428557.916	,13.701,0.190000,0
7,aclnnAddmm_MatMulV3Common_MatMulV3,N/A,N/A,1790932512428571.637	,145.462,0.049000,0
7,aclnnGeluV2_GeluV2_GeluV2,N/A,N/A,1790932512428717.119	,77.142,0.000000,0
7,aclnnAddmm_MatMulV3Common_MatMulV3,N/A,N/A,1790932512428794.421	,143.703,0.358000,0
7,aclnnAdd_AddAiCore_Add,N/A,N/A,1790932512428938.164	,14.740,0.047000,0
7,aclnnInplaceCopy_CastAiCore_Cast,N/A,N/A,1790932512428952.924	,12.060,0.010000,0
7,aclnnMean_ReduceMeanAiCore_ReduceMean,N/A,N/A,1790932512428966.244	,23.581,1.190000,0
7,aclnnSub_SubAiCore_Sub,N/A,N/A,1790932512428990.485	,26.880,0.669000,0
7,aclnnPowTensorScalar_PowsAiCore_Pows,N/A,N/A,1790932512429017.385	,24.981,0.120000,0
7,aclnnMean_ReduceMeanAiCore_ReduceMean,N/A,N/A,1790932512429043.506	,22.740,1.019000,0
7,aclnnAdds_AddAiCore_Add,N/A,N/A,1790932512429067.186	,1.700,1.010000,0
7,aclnnRsqrt_RsqrtAiCore_Rsqrt,N/A,N/A,1790932512429068.926	,1.940,0.050000,0
7,aclnnMul_MulAiCore_Mul,N/A,N/A,1790932512429070.886	,26.381,0.060000,0
7,aclnnInplaceCopy_CastAiCore_Cast,N/A,N/A,1790932512429097.287	,13.380,0.000000,0
7,aclnnMul_MulAiCore_Mul,N/A,N/A,1790932512429110.687	,13.861,0.120000,0
7,aclnnAdd_AddAiCore_Add,N/A,N/A,1790932512429124.568	,13.860,0.000000,0
7,aclnnAddmm_MatMulV3Common_MatMulV3,N/A,N/A,1790932512429138.468	,109.122,0.140000,0
7,aclnnInplaceCopy_SliceAiCore_Slice,N/A,N/A,1790932512429247.630	,10.980,0.128000,0
7,aclnnInplaceCopy_CastAiCore_Cast,N/A,N/A,1790932512429258.630	,12.060,0.020000,0
7,aclnnMul_MulAiCore_Mul,N/A,N/A,1790932512429270.710	,31.461,0.000000,0
7,aclnnInplaceCopy_SliceAiCore_Slice,N/A,N/A,1790932512429302.191	,9.020,0.039000,0
7,aclnnInplaceCopy_CastAiCore_Cast,N/A,N/A,1790932512429311.251	,7.540,0.000000,0
7,aclnnNeg_SliceAiCore_Slice,N/A,N/A,1790932512429318.811	,19.801,0.000000,0
7,aclnnNeg_NegAiCore_Neg,N/A,N/A,1790932512429338.632	,10.020,0.199000,0
7,aclnnCat_SliceAiCore_Slice,N/A,N/A,1790932512429348.672	,14.100,0.000000,0
7,aclnnCat_ConcatD_ConcatD,N/A,N/A,1790932512429362.792	,24.101,0.000000,0
7,aclnnMul_MulAiCore_Mul,N/A,N/A,1790932512429386.913	,23.820,0.149000,0
7,aclnnAdd_AddAiCore_Add,N/A,N/A,1790932512429410.753	,17.061,0.000000,0
7,aclnnInplaceCopy_CastAiCore_Cast,N/A,N/A,1790932512429427.834	,12.420,0.000000,0
7,aclnnInplaceCopy_SliceAiCore_Slice,N/A,N/A,1790932512429440.274	,13.480,0.080000,0
7,aclnnInplaceCopy_CastAiCore_Cast,N/A,N/A,1790932512429453.774	,11.720,0.020000,0
7,aclnnMul_MulAiCore_Mul,N/A,N/A,1790932512429465.514	,22.361,0.030000,0
7,aclnnInplaceCopy_SliceAiCore_Slice,N/A,N/A,1790932512429487.895	,9.520,0.139000,0
7,aclnnInplaceCopy_CastAiCore_Cast,N/A,N/A,1790932512429497.435	,7.840,0.000000,0
7,aclnnNeg_SliceAiCore_Slice,N/A,N/A,1790932512429505.295	,15.540,0.000000,0
7,aclnnNeg_NegAiCore_Neg,N/A,N/A,1790932512429520.855	,9.841,0.000000,0
7,aclnnCat_SliceAiCore_Slice,N/A,N/A,1790932512429530.716	,13.560,0.159000,0
7,aclnnCat_ConcatD_ConcatD,N/A,N/A,1790932512429544.316	,11.800,0.000000,0
7,aclnnMul_MulAiCore_Mul,N/A,N/A,1790932512429556.136	,23.781,0.200000,0
7,aclnnAdd_AddAiCore_Add,N/A,N/A,1790932512429579.937	,16.660,0.000000,0
7,aclnnInplaceCopy_CastAiCore_Cast,N/A,N/A,1790932512429596.637	,12.600,0.090000,0
7,aclnnInplaceCopy_TransposeAiCore_Transpose,N/A,N/A,1790932512429609.277	,31.261,0.000000,0
7,aclnnInplaceCopy_TransposeAiCore_Transpose,N/A,N/A,1790932512429640.558	,19.320,0.000000,0
7,aclnnInplaceCopy_AsStridedAiCore_AsStrided,N/A,N/A,1790932512429659.918	,19.281,0.180000,0
7,InnerPromptFlashAttention_PromptFlashAttention_PromptFlashAttention,N/A,N/A,1790932512429680.379	,1302.046,1.219000,0
7,aclnnInplaceCopy_TransposeAiCore_Transpose,N/A,N/A,1790932512430983.505	,24.760,0.954000,0
7,aclnnAddmm_MatMulCommon_MatMulV2,N/A,N/A,1790932512431008.305	,44.001,0.000000,0
7,aclnnAdd_AddAiCore_Add,N/A,N/A,1790932512431052.326	,12.520,0.000000,0
7,aclnnInplaceCopy_CastAiCore_Cast,N/A,N/A,1790932512431064.866	,11.961,0.000000,0
7,aclnnMean_ReduceMeanAiCore_ReduceMean,N/A,N/A,1790932512431078.087	,24.480,1.289000,0
7,aclnnSub_SubAiCore_Sub,N/A,N/A,1790932512431103.607	,26.081,1.020000,0
7,aclnnPowTensorScalar_PowsAiCore_Pows,N/A,N/A,1790932512431129.728	,24.940,0.169000,0
7,aclnnMean_ReduceMeanAiCore_ReduceMean,N/A,N/A,1790932512431156.068	,22.541,1.310000,0
7,aclnnAdds_AddAiCore_Add,N/A,N/A,1790932512431179.769	,1.680,1.209000,0
7,aclnnRsqrt_RsqrtAiCore_Rsqrt,N/A,N/A,1790932512431181.469	,1.860,0.070000,0
7,aclnnMul_MulAiCore_Mul,N/A,N/A,1790932512431183.349	,26.620,0.000000,0
7,aclnnInplaceCopy_CastAiCore_Cast,N/A,N/A,1790932512431209.989	,12.360,0.130000,0
7,aclnnMul_MulAiCore_Mul,N/A,N/A,1790932512431222.369	,14.041,0.000000,0
7,aclnnAdd_AddAiCore_Add,N/A,N/A,1790932512431236.430	,13.160,0.209000,0
7,aclnnAddmm_MatMulV3Common_MatMulV3,N/A,N/A,1790932512431249.610	,140.423,0.000000,0
7,aclnnGeluV2_GeluV2_GeluV2,N/A,N/A,1790932512431390.053	,77.161,0.077000,0
7,aclnnAddmm_MatMulV3Common_MatMulV3,N/A,N/A,1790932512431467.234	,143.723,0.089000,0
7,aclnnAdd_AddAiCore_Add,N/A,N/A,1790932512431610.977	,12.540,0.027000,0
7,aclnnInplaceCopy_CastAiCore_Cast,N/A,N/A,1790932512431623.557	,11.741,0.000000,0
7,aclnnMean_ReduceMeanAiCore_ReduceMean,N/A,N/A,1790932512431636.518	,23.180,1.259000,0
7,aclnnSub_SubAiCore_Sub,N/A,N/A,1790932512431660.798	,26.181,1.070000,0
7,aclnnPowTensorScalar_PowsAiCore_Pows,N/A,N/A,1790932512431686.999	,25.980,0.069000,0
7,aclnnMean_ReduceMeanAiCore_ReduceMean,N/A,N/A,1790932512431713.879	,22.701,1.020000,0
7,aclnnAdds_AddAiCore_Add,N/A,N/A,1790932512431737.520	,1.820,0.799000,0
7,aclnnRsqrt_RsqrtAiCore_Rsqrt,N/A,N/A,1790932512431739.360	,1.620,0.000000,0
7,aclnnMul_MulAiCore_Mul,N/A,N/A,1790932512431741.000	,26.260,0.130000,0
7,aclnnInplaceCopy_CastAiCore_Cast,N/A,N/A,1790932512431767.280	,14.141,0.000000,0
7,aclnnMul_MulAiCore_Mul,N/A,N/A,1790932512431781.441	,13.440,0.109000,0
7,aclnnAdd_AddAiCore_Add,N/A,N/A,1790932512431794.921	,13.120,0.060000,0
7,aclnnAddmm_MatMulV3Common_MatMulV3,N/A,N/A,1790932512431808.061	,109.062,0.000000,0
7,aclnnInplaceCopy_SliceAiCore_Slice,N/A,N/A,1790932512431917.163	,11.061,0.188000,0
7,aclnnInplaceCopy_CastAiCore_Cast,N/A,N/A,1790932512431928.264	,14.480,0.000000,0
7,aclnnMul_MulAiCore_Mul,N/A,N/A,1790932512431942.764	,30.940,0.020000,0
7,aclnnInplaceCopy_SliceAiCore_Slice,N/A,N/A,1790932512431973.744	,8.361,0.060000,0
7,aclnnInplaceCopy_CastAiCore_Cast,N/A,N/A,1790932512431982.125	,7.300,0.000000,0
7,aclnnNeg_SliceAiCore_Slice,N/A,N/A,1790932512431989.445	,19.400,0.200000,0
7,aclnnNeg_NegAiCore_Neg,N/A,N/A,1790932512432008.865	,10.080,0.000000,0
7,aclnnCat_SliceAiCore_Slice,N/A,N/A,1790932512432018.985	,13.101,0.170000,0
7,aclnnCat_ConcatD_ConcatD,N/A,N/A,1790932512432032.106	,18.940,0.000000,0
7,aclnnMul_MulAiCore_Mul,N/A,N/A,1790932512432051.066	,23.381,0.060000,0
7,aclnnAdd_AddAiCore_Add,N/A,N/A,1790932512432074.467	,17.100,0.119000,0
7,aclnnInplaceCopy_CastAiCore_Cast,N/A,N/A,1790932512432091.607	,12.300,0.000000,0
7,aclnnInplaceCopy_SliceAiCore_Slice,N/A,N/A,1790932512432103.947	,11.620,0.200000,0
7,aclnnInplaceCopy_CastAiCore_Cast,N/A,N/A,1790932512432115.587	,11.781,0.000000,0
7,aclnnMul_MulAiCore_Mul,N/A,N/A,1790932512432127.408	,22.320,0.219000,0
7,aclnnInplaceCopy_SliceAiCore_Slice,N/A,N/A,1790932512432149.748	,7.920,0.000000,0
7,aclnnInplaceCopy_CastAiCore_Cast,N/A,N/A,1790932512432157.688	,7.160,0.080000,0
7,aclnnNeg_SliceAiCore_Slice,N/A,N/A,1790932512432164.868	,15.701,0.000000,0
7,aclnnNeg_NegAiCore_Neg,N/A,N/A,1790932512432180.609	,9.880,0.049000,0
7,aclnnCat_SliceAiCore_Slice,N/A,N/A,1790932512432190.509	,12.680,0.120000,0
7,aclnnCat_ConcatD_ConcatD,N/A,N/A,1790932512432203.229	,11.720,0.070000,0
7,aclnnMul_MulAiCore_Mul,N/A,N/A,1790932512432214.969	,23.941,0.030000,0
7,aclnnAdd_AddAiCore_Add,N/A,N/A,1790932512432238.930	,17.000,0.059000,0
7,aclnnInplaceCopy_CastAiCore_Cast,N/A,N/A,1790932512432255.950	,14.340,0.000000,0
7,aclnnInplaceCopy_TransposeAiCore_Transpose,N/A,N/A,1790932512432270.310	,26.541,0.000000,0
7,aclnnInplaceCopy_TransposeAiCore_Transpose,N/A,N/A,1790932512432296.871	,22.200,0.000000,0
7,aclnnInplaceCopy_AsStridedAiCore_AsStrided,N/A,N/A,1790932512432319.111	,19.221,0.050000,0
7,InnerPromptFlashAttention_PromptFlashAttention_PromptFlashAttention,N/A,N/A,1790932512432339.632	,1295.946,1.529000,0
7,aclnnInplaceCopy_TransposeAiCore_Transpose,N/A,N/A,1790932512433636.778	,24.640,1.054000,0
7,aclnnAddmm_MatMulCommon_MatMulV2,N/A,N/A,1790932512433661.438	,44.201,0.110000,0
7,aclnnAdd_AddAiCore_Add,N/A,N/A,1790932512433705.659	,12.720,0.049000,0
7,aclnnInplaceCopy_CastAiCore_Cast,N/A,N/A,1790932512433718.399	,14.301,0.030000,0
7,aclnnMean_ReduceMeanAiCore_ReduceMean,N/A,N/A,1790932512433733.780	,24.140,0.949000,0
7,aclnnSub_SubAiCore_Sub,N/A,N/A,1790932512433758.680	,26.221,0.860000,0
7,aclnnPowTensorScalar_PowsAiCore_Pows,N/A,N/A,1790932512433784.921	,26.280,0.029000,0
7,aclnnMean_ReduceMeanAiCore_ReduceMean,N/A,N/A,1790932512433812.341	,22.661,0.970000,0
7,aclnnAdds_AddAiCore_Add,N/A,N/A,1790932512433836.022	,1.580,1.089000,0
7,aclnnRsqrt_RsqrtAiCore_Rsqrt,N/A,N/A,1790932512433837.622	,1.760,0.000000,0
7,aclnnMul_MulAiCore_Mul,N/A,N/A,1790932512433839.422	,26.800,0.240000,0
7,aclnnInplaceCopy_CastAiCore_Cast,N/A,N/A,1790932512433866.242	,12.221,0.000000,0
7,aclnnMul_MulAiCore_Mul,N/A,N/A,1790932512433878.483	,14.060,0.029000,0
7,aclnnAdd_AddAiCore_Add,N/A,N/A,1790932512433892.563	,13.560,0.000000,0
7,aclnnAddmm_MatMulV3Common_MatMulV3,N/A,N/A,1790932512433906.163	,141.523,0.190000,0
7,aclnnGeluV2_GeluV2_GeluV2,N/A,N/A,1790932512434047.706	,77.001,0.000000,0
7,aclnnAddmm_MatMulV3Common_MatMulV3,N/A,N/A,1790932512434124.727	,143.503,0.000000,0
7,aclnnAdd_AddAiCore_Add,N/A,N/A,1790932512434268.250	,12.581,0.000000,0
7,aclnnInplaceCopy_CastAiCore_Cast,N/A,N/A,1790932512434280.851	,12.100,0.000000,0
7,aclnnMean_ReduceMeanAiCore_ReduceMean,N/A,N/A,1790932512434294.351	,23.500,1.400000,0
7,aclnnSub_SubAiCore_Sub,N/A,N/A,1790932512434318.651	,27.321,1.000000,0
7,aclnnPowTensorScalar_PowsAiCore_Pows,N/A,N/A,1790932512434345.992	,25.820,0.000000,0
7,aclnnMean_ReduceMeanAiCore_ReduceMean,N/A,N/A,1790932512434372.932	,22.821,1.180000,0
7,aclnnAdds_AddAiCore_Add,N/A,N/A,1790932512434396.613	,1.780,0.679000,0
7,aclnnRsqrt_RsqrtAiCore_Rsqrt,N/A,N/A,1790932512434398.413	,1.580,0.220000,0
7,aclnnMul_MulAiCore_Mul,N/A,N/A,1790932512434400.013	,25.840,0.000000,0
7,aclnnInplaceCopy_CastAiCore_Cast,N/A,N/A,1790932512434425.873	,12.381,0.000000,0
7,aclnnMul_MulAiCore_Mul,N/A,N/A,1790932512434438.274	,15.900,0.119000,0
7,aclnnAdd_AddAiCore_Add,N/A,N/A,1790932512434454.194	,13.720,0.100000,0
7,aclnnAddmm_MatMulV3Common_MatMulV3,N/A,N/A,1790932512434467.934	,104.882,0.030000,0
7,aclnnInplaceCopy_SliceAiCore_Slice,N/A,N/A,1790932512434572.836	,10.981,0.000000,0
7,aclnnInplaceCopy_CastAiCore_Cast,N/A,N/A,1790932512434583.837	,11.820,0.019000,0
7,aclnnMul_MulAiCore_Mul,N/A,N/A,1790932512434595.677	,31.201,0.180000,0
7,aclnnInplaceCopy_SliceAiCore_Slice,N/A,N/A,1790932512434626.898	,9.060,0.049000,0
7,aclnnInplaceCopy_CastAiCore_Cast,N/A,N/A,1790932512434635.978	,7.340,0.000000,0
7,aclnnNeg_SliceAiCore_Slice,N/A,N/A,1790932512434643.338	,22.460,0.000000,0
7,aclnnNeg_NegAiCore_Neg,N/A,N/A,1790932512434665.818	,10.000,0.040000,0
7,aclnnCat_SliceAiCore_Slice,N/A,N/A,1790932512434675.838	,14.221,0.000000,0
7,aclnnCat_ConcatD_ConcatD,N/A,N/A,1790932512434690.079	,19.080,0.029000,0
7,aclnnMul_MulAiCore_Mul,N/A,N/A,1790932512434709.199	,23.701,0.170000,0
7,aclnnAdd_AddAiCore_Add,N/A,N/A,1790932512434732.920	,17.040,0.049000,0
7,aclnnInplaceCopy_CastAiCore_Cast,N/A,N/A,1790932512434750.000	,12.320,0.000000,0
7,aclnnInplaceCopy_SliceAiCore_Slice,N/A,N/A,1790932512434762.360	,10.420,0.000000,0
7,aclnnInplaceCopy_CastAiCore_Cast,N/A,N/A,1790932512434772.800	,11.641,0.080000,0
7,aclnnMul_MulAiCore_Mul,N/A,N/A,1790932512434784.461	,22.500,0.109000,0
7,aclnnInplaceCopy_SliceAiCore_Slice,N/A,N/A,1790932512434806.981	,8.580,0.000000,0
7,aclnnInplaceCopy_CastAiCore_Cast,N/A,N/A,1790932512434815.581	,7.380,0.000000,0
7,aclnnNeg_SliceAiCore_Slice,N/A,N/A,1790932512434822.981	,15.881,0.120000,0
7,aclnnNeg_NegAiCore_Neg,N/A,N/A,1790932512434838.902	,9.920,0.119000,0
7,aclnnCat_SliceAiCore_Slice,N/A,N/A,1790932512434848.842	,13.500,0.000000,0
7,aclnnCat_ConcatD_ConcatD,N/A,N/A,1790932512434862.362	,11.840,0.000000,0
7,aclnnMul_MulAiCore_Mul,N/A,N/A,1790932512434874.222	,23.421,0.160000,0
7,aclnnAdd_AddAiCore_Add,N/A,N/A,1790932512434897.663	,16.720,0.079000,0
7,aclnnInplaceCopy_CastAiCore_Cast,N/A,N/A,1790932512434914.403	,12.380,0.030000,0
7,aclnnInplaceCopy_TransposeAiCore_Transpose,N/A,N/A,1790932512434926.823	,26.921,0.000000,0
7,aclnnInplaceCopy_TransposeAiCore_Transpose,N/A,N/A,1790932512434953.764	,21.640,0.079000,0
7,aclnnInplaceCopy_AsStridedAiCore_AsStrided,N/A,N/A,1790932512434975.444	,19.241,0.110000,0
7,InnerPromptFlashAttention_PromptFlashAttention_PromptFlashAttention,N/A,N/A,1790932512434996.125	,1292.946,1.259000,0
7,aclnnInplaceCopy_TransposeAiCore_Transpose,N/A,N/A,1790932512436290.191	,24.680,1.304000,0
7,aclnnAddmm_MatMulCommon_MatMulV2,N/A,N/A,1790932512436314.891	,43.881,0.070000,0
7,aclnnAdd_AddAiCore_Add,N/A,N/A,1790932512436358.792	,13.900,0.000000,0
7,aclnnInplaceCopy_CastAiCore_Cast,N/A,N/A,1790932512436372.712	,12.081,0.100000,0
7,aclnnMean_ReduceMeanAiCore_ReduceMean,N/A,N/A,1790932512436385.973	,24.300,1.169000,0
7,aclnnSub_SubAiCore_Sub,N/A,N/A,1790932512436411.453	,26.401,1.200000,0
7,aclnnPowTensorScalar_PowsAiCore_Pows,N/A,N/A,1790932512436437.874	,24.980,0.000000,0
7,aclnnMean_ReduceMeanAiCore_ReduceMean,N/A,N/A,1790932512436463.914	,23.201,1.270000,0
7,aclnnAdds_AddAiCore_Add,N/A,N/A,1790932512436488.175	,1.820,1.049000,0
7,aclnnRsqrt_RsqrtAiCore_Rsqrt,N/A,N/A,1790932512436490.015	,1.840,0.000000,0
7,aclnnMul_MulAiCore_Mul,N/A,N/A,1790932512436491.895	,26.760,0.160000,0
7,aclnnInplaceCopy_CastAiCore_Cast,N/A,N/A,1790932512436518.675	,12.381,0.000000,0
7,aclnnMul_MulAiCore_Mul,N/A,N/A,1790932512436531.076	,13.900,0.000000,0
7,aclnnAdd_AddAiCore_Add,N/A,N/A,1790932512436544.996	,13.500,0.100000,0
7,aclnnAddmm_MatMulV3Common_MatMulV3,N/A,N/A,1790932512436558.516	,143.863,0.000000,0
7,aclnnGeluV2_GeluV2_GeluV2,N/A,N/A,1790932512436702.399	,77.142,0.137000,0
7,aclnnAddmm_MatMulV3Common_MatMulV3,N/A,N/A,1790932512436779.561	,144.182,0.000000,0
7,aclnnAdd_AddAiCore_Add,N/A,N/A,1790932512436923.763	,12.561,0.068000,0
7,aclnnInplaceCopy_CastAiCore_Cast,N/A,N/A,1790932512436936.344	,11.720,0.000000,0
7,aclnnMean_ReduceMeanAiCore_ReduceMean,N/A,N/A,1790932512436949.184	,23.300,1.280000,0
7,aclnnSub_SubAiCore_Sub,N/A,N/A,1790932512436973.464	,27.301,0.950000,0
7,aclnnPowTensorScalar_PowsAiCore_Pows,N/A,N/A,1790932512437000.785	,25.140,0.000000,0
7,aclnnMean_ReduceMeanAiCore_ReduceMean,N/A,N/A,1790932512437027.185	,22.741,1.360000,0
7,aclnnAdds_AddAiCore_Add,N/A,N/A,1790932512437050.826	,1.660,0.759000,0
7,aclnnRsqrt_RsqrtAiCore_Rsqrt,N/A,N/A,1790932512437052.506	,1.640,0.090000,0
7,aclnnMul_MulAiCore_Mul,N/A,N/A,1790932512437054.186	,27.281,0.110000,0
7,aclnnInplaceCopy_CastAiCore_Cast,N/A,N/A,1790932512437081.487	,13.720,0.000000,0
7,aclnnMul_MulAiCore_Mul,N/A,N/A,1790932512437095.227	,15.920,0.030000,0
7,aclnnAdd_AddAiCore_Add,N/A,N/A,1790932512437111.167	,13.980,0.080000,0
7,aclnnAddmm_MatMulV3Common_MatMulV3,N/A,N/A,1790932512437125.167	,105.323,0.020000,0
7,aclnnInplaceCopy_SliceAiCore_Slice,N/A,N/A,1790932512437230.510	,10.840,0.000000,0
7,aclnnInplaceCopy_CastAiCore_Cast,N/A,N/A,1790932512437241.370	,11.820,0.000000,0
7,aclnnMul_MulAiCore_Mul,N/A,N/A,1790932512437253.210	,33.381,0.180000,0
7,aclnnInplaceCopy_SliceAiCore_Slice,N/A,N/A,1790932512437286.611	,8.300,0.000000,0
7,aclnnInplaceCopy_CastAiCore_Cast,N/A,N/A,1790932512437294.931	,7.340,0.200000,0
7,aclnnNeg_SliceAiCore_Slice,N/A,N/A,1790932512437302.291	,19.640,0.000000,0
7,aclnnNeg_NegAiCore_Neg,N/A,N/A,1790932512437321.951	,10.161,0.110000,0
7,aclnnCat_SliceAiCore_Slice,N/A,N/A,1790932512437332.132	,13.620,0.089000,0
7,aclnnCat_ConcatD_ConcatD,N/A,N/A,1790932512437345.772	,18.960,0.000000,0
7,aclnnMul_MulAiCore_Mul,N/A,N/A,1790932512437364.752	,23.621,0.040000,0
7,aclnnAdd_AddAiCore_Add,N/A,N/A,1790932512437388.393	,17.180,0.129000,0
7,aclnnInplaceCopy_CastAiCore_Cast,N/A,N/A,1790932512437405.613	,12.260,0.000000,0
7,aclnnInplaceCopy_SliceAiCore_Slice,N/A,N/A,1790932512437417.893	,10.260,0.240000,0
7,aclnnInplaceCopy_CastAiCore_Cast,N/A,N/A,1790932512437428.173	,11.901,0.000000,0
7,aclnnMul_MulAiCore_Mul,N/A,N/A,1790932512437440.094	,21.840,0.000000,0
7,aclnnInplaceCopy_SliceAiCore_Slice,N/A,N/A,1790932512437461.954	,8.600,0.160000,0
7,aclnnInplaceCopy_CastAiCore_Cast,N/A,N/A,1790932512437470.594	,7.340,0.000000,0
7,aclnnNeg_SliceAiCore_Slice,N/A,N/A,1790932512437477.954	,15.541,0.160000,0
7,aclnnNeg_NegAiCore_Neg,N/A,N/A,1790932512437493.535	,9.920,0.000000,0
7,aclnnCat_SliceAiCore_Slice,N/A,N/A,1790932512437503.475	,12.940,0.080000,0
7,aclnnCat_ConcatD_ConcatD,N/A,N/A,1790932512437516.435	,11.600,0.060000,0
7,aclnnMul_MulAiCore_Mul,N/A,N/A,1790932512437528.055	,25.741,0.000000,0
7,aclnnAdd_AddAiCore_Add,N/A,N/A,1790932512437553.816	,16.700,0.009000,0
7,aclnnInplaceCopy_CastAiCore_Cast,N/A,N/A,1790932512437570.536	,12.521,0.050000,0
7,aclnnInplaceCopy_TransposeAiCore_Transpose,N/A,N/A,1790932512437583.077	,26.960,0.000000,0
7,aclnnInplaceCopy_TransposeAiCore_Transpose,N/A,N/A,1790932512437610.057	,18.120,0.040000,0
7,aclnnInplaceCopy_AsStridedAiCore_AsStrided,N/A,N/A,1790932512437628.197	,19.241,0.130000,0
7,InnerPromptFlashAttention_PromptFlashAttention_PromptFlashAttention,N/A,N/A,1790932512437648.418	,1308.526,1.009000,0
7,aclnnInplaceCopy_TransposeAiCore_Transpose,N/A,N/A,1790932512438958.144	,29.781,1.224000,0
7,aclnnAddmm_MatMulCommon_MatMulV2,N/A,N/A,1790932512438987.965	,43.621,0.000000,0
7,aclnnAdd_AddAiCore_Add,N/A,N/A,1790932512439031.606	,12.420,0.000000,0
7,aclnnInplaceCopy_CastAiCore_Cast,N/A,N/A,1790932512439044.066	,11.700,0.080000,0
7,aclnnMean_ReduceMeanAiCore_ReduceMean,N/A,N/A,1790932512439056.946	,24.080,1.300000,0
7,aclnnSub_SubAiCore_Sub,N/A,N/A,1790932512439081.827	,25.620,0.670000,0
7,aclnnPowTensorScalar_PowsAiCore_Pows,N/A,N/A,1790932512439107.467	,25.221,0.130000,0
7,aclnnMean_ReduceMeanAiCore_ReduceMean,N/A,N/A,1790932512439133.708	,22.360,1.029000,0
7,aclnnAdds_AddAiCore_Add,N/A,N/A,1790932512439156.788	,1.520,0.640000,0
7,aclnnRsqrt_RsqrtAiCore_Rsqrt,N/A,N/A,1790932512439158.328	,1.740,0.000000,0
7,aclnnMul_MulAiCore_Mul,N/A,N/A,1790932512439160.088	,26.821,0.010000,0
7,aclnnInplaceCopy_CastAiCore_Cast,N/A,N/A,1790932512439186.929	,12.140,0.179000,0
7,aclnnMul_MulAiCore_Mul,N/A,N/A,1790932512439199.089	,14.420,0.000000,0
7,aclnnAdd_AddAiCore_Add,N/A,N/A,1790932512439213.529	,13.760,0.080000,0
7,aclnnAddmm_MatMulV3Common_MatMulV3,N/A,N/A,1790932512439227.309	,143.023,0.000000,0
7,aclnnGeluV2_GeluV2_GeluV2,N/A,N/A,1790932512439370.352	,77.022,0.000000,0
7,aclnnAddmm_MatMulV3Common_MatMulV3,N/A,N/A,1790932512439447.534	,142.003,0.228000,0
7,aclnnAdd_AddAiCore_Add,N/A,N/A,1790932512439589.557	,12.660,0.000000,0
7,aclnnInplaceCopy_CastAiCore_Cast,N/A,N/A,1790932512439602.237	,11.960,0.090000,0
7,aclnnMean_ReduceMeanAiCore_ReduceMean,N/A,N/A,1790932512439615.557	,23.361,1.290000,0
7,aclnnSub_SubAiCore_Sub,N/A,N/A,1790932512439639.838	,27.480,0.889000,0
7,aclnnPowTensorScalar_PowsAiCore_Pows,N/A,N/A,1790932512439667.338	,25.761,0.020000,0
7,aclnnMean_ReduceMeanAiCore_ReduceMean,N/A,N/A,1790932512439694.099	,23.440,0.989000,0
7,aclnnAdds_AddAiCore_Add,N/A,N/A,1790932512439718.359	,1.780,0.810000,0
7,aclnnRsqrt_RsqrtAiCore_Rsqrt,N/A,N/A,1790932512439720.179	,1.540,0.220000,0
7,aclnnMul_MulAiCore_Mul,N/A,N/A,1790932512439721.739	,25.681,0.000000,0
7,aclnnInplaceCopy_CastAiCore_Cast,N/A,N/A,1790932512439747.440	,12.400,0.069000,0
7,aclnnMul_MulAiCore_Mul,N/A,N/A,1790932512439759.860	,14.620,0.000000,0
7,aclnnAdd_AddAiCore_Add,N/A,N/A,1790932512439774.500	,13.761,0.130000,0
7,aclnnAddmm_MatMulV3Common_MatMulV3,N/A,N/A,1790932512439788.281	,107.662,0.000000,0
7,aclnnInplaceCopy_SliceAiCore_Slice,N/A,N/A,1790932512439895.963	,10.900,0.088000,0
7,aclnnInplaceCopy_CastAiCore_Cast,N/A,N/A,1790932512439906.883	,11.920,0.100000,0
7,aclnnMul_MulAiCore_Mul,N/A,N/A,1790932512439918.823	,31.281,0.000000,0
7,aclnnInplaceCopy_SliceAiCore_Slice,N/A,N/A,1790932512439950.124	,8.720,0.000000,0
7,aclnnInplaceCopy_CastAiCore_Cast,N/A,N/A,1790932512439958.884	,7.640,0.280000,0
7,aclnnNeg_SliceAiCore_Slice,N/A,N/A,1790932512439966.544	,19.001,0.000000,0
7,aclnnNeg_NegAiCore_Neg,N/A,N/A,1790932512439985.565	,10.340,0.000000,0
7,aclnnCat_SliceAiCore_Slice,N/A,N/A,1790932512439995.945	,13.720,0.160000,0
7,aclnnCat_ConcatD_ConcatD,N/A,N/A,1790932512440009.705	,19.080,0.030000,0
7,aclnnMul_MulAiCore_Mul,N/A,N/A,1790932512440028.805	,23.481,0.000000,0
7,aclnnAdd_AddAiCore_Add,N/A,N/A,1790932512440052.306	,17.200,0.019000,0
7,aclnnInplaceCopy_CastAiCore_Cast,N/A,N/A,1790932512440069.526	,13.821,0.050000,0
7,aclnnInplaceCopy_SliceAiCore_Slice,N/A,N/A,1790932512440083.367	,10.620,0.000000,0
7,aclnnInplaceCopy_CastAiCore_Cast,N/A,N/A,1790932512440094.007	,11.660,0.130000,0
7,aclnnMul_MulAiCore_Mul,N/A,N/A,1790932512440105.687	,22.480,0.090000,0
7,aclnnInplaceCopy_SliceAiCore_Slice,N/A,N/A,1790932512440128.207	,9.561,0.020000,0
7,aclnnInplaceCopy_CastAiCore_Cast,N/A,N/A,1790932512440137.788	,7.920,0.000000,0
7,aclnnNeg_SliceAiCore_Slice,N/A,N/A,1790932512440145.748	,15.700,0.080000,0
7,aclnnNeg_NegAiCore_Neg,N/A,N/A,1790932512440161.468	,10.000,0.050000,0
7,aclnnCat_SliceAiCore_Slice,N/A,N/A,1790932512440171.508	,13.921,0.000000,0
7,aclnnCat_ConcatD_ConcatD,N/A,N/A,1790932512440185.469	,12.520,0.079000,0
7,aclnnMul_MulAiCore_Mul,N/A,N/A,1790932512440198.009	,23.820,0.000000,0
7,aclnnAdd_AddAiCore_Add,N/A,N/A,1790932512440221.869	,16.861,0.000000,0
7,aclnnInplaceCopy_CastAiCore_Cast,N/A,N/A,1790932512440238.750	,12.500,0.139000,0
7,aclnnInplaceCopy_TransposeAiCore_Transpose,N/A,N/A,1790932512440251.270	,27.440,0.000000,0
7,aclnnInplaceCopy_TransposeAiCore_Transpose,N/A,N/A,1790932512440278.750	,18.621,0.060000,0
7,aclnnInplaceCopy_AsStridedAiCore_AsStrided,N/A,N/A,1790932512440297.391	,19.380,0.129000,0
7,InnerPromptFlashAttention_PromptFlashAttention_PromptFlashAttention,N/A,N/A,1790932512440318.251	,1300.246,1.370000,0
7,aclnnInplaceCopy_TransposeAiCore_Transpose,N/A,N/A,1790932512441619.797	,24.581,1.254000,0
7,aclnnAddmm_MatMulCommon_MatMulV2,N/A,N/A,1790932512441644.398	,43.181,0.169000,0
7,aclnnAdd_AddAiCore_Add,N/A,N/A,1790932512441687.619	,14.200,0.000000,0
7,aclnnInplaceCopy_CastAiCore_Cast,N/A,N/A,1790932512441701.839	,12.100,0.050000,0
7,aclnnMean_ReduceMeanAiCore_ReduceMean,N/A,N/A,1790932512441714.899	,24.241,1.150000,0
7,aclnnSub_SubAiCore_Sub,N/A,N/A,1790932512441740.380	,25.960,1.259000,0
7,aclnnPowTensorScalar_PowsAiCore_Pows,N/A,N/A,1790932512441766.380	,27.141,0.040000,0
7,aclnnMean_ReduceMeanAiCore_ReduceMean,N/A,N/A,1790932512441794.641	,22.560,1.109000,0
7,aclnnAdds_AddAiCore_Add,N/A,N/A,1790932512441818.321	,1.860,0.940000,0
7,aclnnRsqrt_RsqrtAiCore_Rsqrt,N/A,N/A,1790932512441820.221	,1.840,0.140000,0
7,aclnnMul_MulAiCore_Mul,N/A,N/A,1790932512441822.081	,26.221,0.000000,0
7,aclnnInplaceCopy_CastAiCore_Cast,N/A,N/A,1790932512441848.322	,12.240,0.029000,0
7,aclnnMul_MulAiCore_Mul,N/A,N/A,1790932512441860.602	,14.500,0.010000,0
7,aclnnAdd_AddAiCore_Add,N/A,N/A,1790932512441875.122	,13.921,0.000000,0
7,aclnnAddmm_MatMulV3Common_MatMulV3,N/A,N/A,1790932512441889.083	,142.962,0.079000,0
7,aclnnGeluV2_GeluV2_GeluV2,N/A,N/A,1790932512442032.065	,77.302,0.038000,0
7,aclnnAddmm_MatMulV3Common_MatMulV3,N/A,N/A,1790932512442109.527	,145.783,0.198000,0
7,aclnnAdd_AddAiCore_Add,N/A,N/A,1790932512442255.330	,12.680,0.000000,0
7,aclnnInplaceCopy_CastAiCore_Cast,N/A,N/A,1790932512442268.030	,11.780,0.070000,0
7,aclnnMean_ReduceMeanAiCore_ReduceMean,N/A,N/A,1790932512442280.870	,23.381,0.970000,0
7,aclnnSub_SubAiCore_Sub,N/A,N/A,1790932512442305.131	,27.060,1.119000,0
7,aclnnPowTensorScalar_PowsAiCore_Pows,N/A,N/A,1790932512442332.211	,25.321,0.000000,0
7,aclnnMean_ReduceMeanAiCore_ReduceMean,N/A,N/A,1790932512442358.712	,23.200,1.179000,0
7,aclnnAdds_AddAiCore_Add,N/A,N/A,1790932512442382.972	,1.641,1.050000,0
7,aclnnRsqrt_RsqrtAiCore_Rsqrt,N/A,N/A,1790932512442384.633	,1.720,0.109000,0
7,aclnnMul_MulAiCore_Mul,N/A,N/A,1790932512442386.393	,26.100,0.030000,0
7,aclnnInplaceCopy_CastAiCore_Cast,N/A,N/A,1790932512442412.513	,14.320,0.000000,0
7,aclnnMul_MulAiCore_Mul,N/A,N/A,1790932512442426.853	,15.221,0.000000,0
7,aclnnAdd_AddAiCore_Add,N/A,N/A,1790932512442442.094	,13.480,0.029000,0
7,aclnnAddmm_MatMulV3Common_MatMulV3,N/A,N/A,1790932512442455.594	,107.442,0.020000,0
7,aclnnInplaceCopy_SliceAiCore_Slice,N/A,N/A,1790932512442563.056	,10.900,0.058000,0
7,aclnnInplaceCopy_CastAiCore_Cast,N/A,N/A,1790932512442573.976	,11.761,0.100000,0
7,aclnnMul_MulAiCore_Mul,N/A,N/A,1790932512442585.757	,31.640,0.000000,0
7,aclnnInplaceCopy_SliceAiCore_Slice,N/A,N/A,1790932512442617.417	,8.580,0.110000,0
7,aclnnInplaceCopy_CastAiCore_Cast,N/A,N/A,1790932512442626.017	,7.180,0.000000,0
7,aclnnNeg_SliceAiCore_Slice,N/A,N/A,1790932512442633.237	,19.681,0.070000,0
7,aclnnNeg_NegAiCore_Neg,N/A,N/A,1790932512442652.938	,10.040,0.069000,0
7,aclnnCat_SliceAiCore_Slice,N/A,N/A,1790932512442662.998	,14.000,0.000000,0
7,aclnnCat_ConcatD_ConcatD,N/A,N/A,1790932512442677.018	,19.221,0.000000,0
7,aclnnMul_MulAiCore_Mul,N/A,N/A,1790932512442696.259	,23.760,0.029000,0
7,aclnnAdd_AddAiCore_Add,N/A,N/A,1790932512442720.039	,17.221,0.000000,0
7,aclnnInplaceCopy_CastAiCore_Cast,N/A,N/A,1790932512442737.280	,12.500,0.029000,0
7,aclnnInplaceCopy_SliceAiCore_Slice,N/A,N/A,1790932512442749.800	,12.280,0.000000,0
7,aclnnInplaceCopy_CastAiCore_Cast,N/A,N/A,1790932512442762.100	,11.840,0.000000,0
7,aclnnMul_MulAiCore_Mul,N/A,N/A,1790932512442773.960	,22.321,0.160000,0
7,aclnnInplaceCopy_SliceAiCore_Slice,N/A,N/A,1790932512442796.301	,7.900,0.000000,0
7,aclnnInplaceCopy_CastAiCore_Cast,N/A,N/A,1790932512442804.241	,7.520,0.100000,0
7,aclnnNeg_SliceAiCore_Slice,N/A,N/A,1790932512442811.781	,15.780,0.000000,0
7,aclnnNeg_NegAiCore_Neg,N/A,N/A,1790932512442827.581	,10.001,0.000000,0
7,aclnnCat_SliceAiCore_Slice,N/A,N/A,1790932512442837.622	,12.940,0.000000,0
7,aclnnCat_ConcatD_ConcatD,N/A,N/A,1790932512442850.582	,11.700,0.060000,0
7,aclnnMul_MulAiCore_Mul,N/A,N/A,1790932512442862.302	,24.141,0.050000,0
7,aclnnAdd_AddAiCore_Add,N/A,N/A,1790932512442886.463	,16.900,0.109000,0
7,aclnnInplaceCopy_CastAiCore_Cast,N/A,N/A,1790932512442903.403	,12.560,0.100000,0
7,aclnnInplaceCopy_TransposeAiCore_Transpose,N/A,N/A,1790932512442916.003	,26.661,0.000000,0
7,aclnnInplaceCopy_TransposeAiCore_Transpose,N/A,N/A,1790932512442942.684	,18.480,0.089000,0
7,aclnnInplaceCopy_AsStridedAiCore_AsStrided,N/A,N/A,1790932512442961.184	,18.780,0.020000,0
7,InnerPromptFlashAttention_PromptFlashAttention_PromptFlashAttention,N/A,N/A,1790932512442981.224	,1301.466,1.220000,0
7,aclnnInplaceCopy_TransposeAiCore_Transpose,N/A,N/A,1790932512444283.790	,29.461,1.034000,0
7,aclnnAddmm_MatMulCommon_MatMulV2,N/A,N/A,1790932512444313.271	,44.981,0.039000,0
7,aclnnAdd_AddAiCore_Add,N/A,N/A,1790932512444358.272	,12.580,0.019000,0
7,aclnnInplaceCopy_CastAiCore_Cast,N/A,N/A,1790932512444370.892	,11.600,0.170000,0
7,aclnnMean_ReduceMeanAiCore_ReduceMean,N/A,N/A,1790932512444383.792	,24.241,1.150000,0
7,aclnnSub_SubAiCore_Sub,N/A,N/A,1790932512444408.693	,25.900,0.759000,0
7,aclnnPowTensorScalar_PowsAiCore_Pows,N/A,N/A,1790932512444434.633	,24.841,0.100000,0
7,aclnnMean_ReduceMeanAiCore_ReduceMean,N/A,N/A,1790932512444460.614	,22.360,0.909000,0
7,aclnnAdds_AddAiCore_Add,N/A,N/A,1790932512444483.654	,1.620,0.890000,0
7,aclnnRsqrt_RsqrtAiCore_Rsqrt,N/A,N/A,1790932512444485.294	,1.821,0.000000,0
7,aclnnMul_MulAiCore_Mul,N/A,N/A,1790932512444487.135	,26.720,0.179000,0
7,aclnnInplaceCopy_CastAiCore_Cast,N/A,N/A,1790932512444513.875	,12.280,0.030000,0
7,aclnnMul_MulAiCore_Mul,N/A,N/A,1790932512444526.175	,15.141,0.000000,0
7,aclnnAdd_AddAiCore_Add,N/A,N/A,1790932512444541.336	,13.720,0.000000,0
7,aclnnAddmm_MatMulV3Common_MatMulV3,N/A,N/A,1790932512444555.076	,145.143,0.030000,0
7,aclnnGeluV2_GeluV2_GeluV2,N/A,N/A,1790932512444700.239	,77.081,0.107000,0
7,aclnnAddmm_MatMulV3Common_MatMulV3,N/A,N/A,1790932512444777.480	,142.183,0.169000,0
7,aclnnAdd_AddAiCore_Add,N/A,N/A,1790932512444919.683	,12.800,0.067000,0
7,aclnnInplaceCopy_CastAiCore_Cast,N/A,N/A,1790932512444932.503	,11.941,0.000000,0
7,aclnnMean_ReduceMeanAiCore_ReduceMean,N/A,N/A,1790932512444945.664	,23.200,1.309000,0
7,aclnnSub_SubAiCore_Sub,N/A,N/A,1790932512444969.904	,28.001,1.050000,0
7,aclnnPowTensorScalar_PowsAiCore_Pows,N/A,N/A,1790932512444997.945	,26.320,0.000000,0
7,aclnnMean_ReduceMeanAiCore_ReduceMean,N/A,N/A,1790932512445025.325	,23.121,0.930000,0
7,aclnnAdds_AddAiCore_Add,N/A,N/A,1790932512445049.606	,1.760,1.129000,0
7,aclnnRsqrt_RsqrtAiCore_Rsqrt,N/A,N/A,1790932512445051.386	,1.580,0.240000,0
7,aclnnMul_MulAiCore_Mul,N/A,N/A,1790932512445053.006	,25.940,0.000000,0
7,aclnnInplaceCopy_CastAiCore_Cast,N/A,N/A,1790932512445078.966	,12.581,0.060000,0
7,aclnnMul_MulAiCore_Mul,N/A,N/A,1790932512445091.567	,15.720,0.000000,0
7,aclnnAdd_AddAiCore_Add,N/A,N/A,1790932512445107.307	,18.100,0.030000,0
7,aclnnAddmm_MatMulV3Common_MatMulV3,N/A,N/A,1790932512445125.427	,105.402,0.150000,0
7,aclnnInplaceCopy_SliceAiCore_Slice,N/A,N/A,1790932512445230.849	,11.141,0.000000,0
7,aclnnInplaceCopy_CastAiCore_Cast,N/A,N/A,1790932512445242.030	,11.700,0.109000,0
7,aclnnMul_MulAiCore_Mul,N/A,N/A,1790932512445253.750	,31.680,0.050000,0
7,aclnnInplaceCopy_SliceAiCore_Slice,N/A,N/A,1790932512445285.450	,8.721,0.070000,0
7,aclnnInplaceCopy_CastAiCore_Cast,N/A,N/A,1790932512445294.191	,7.600,0.029000,0
7,aclnnNeg_SliceAiCore_Slice,N/A,N/A,1790932512445301.811	,18.880,0.000000,0
7,aclnnNeg_NegAiCore_Neg,N/A,N/A,1790932512445320.711	,10.120,0.120000,0
7,aclnnCat_SliceAiCore_Slice,N/A,N/A,1790932512445330.851	,14.321,0.000000,0
7,aclnnCat_ConcatD_ConcatD,N/A,N/A,1790932512445345.192	,19.040,0.179000,0
7,aclnnMul_MulAiCore_Mul,N/A,N/A,1790932512445364.252	,23.501,0.000000,0
7,aclnnAdd_AddAiCore_Add,N/A,N/A,1790932512445387.773	,16.920,0.000000,0
7,aclnnInplaceCopy_CastAiCore_Cast,N/A,N/A,1790932512445404.713	,12.520,0.080000,0
7,aclnnInplaceCopy_SliceAiCore_Slice,N/A,N/A,1790932512445417.253	,10.580,0.000000,0
7,aclnnInplaceCopy_CastAiCore_Cast,N/A,N/A,1790932512445427.853	,11.781,0.000000,0
7,aclnnMul_MulAiCore_Mul,N/A,N/A,1790932512445439.654	,22.380,0.219000,0
7,aclnnInplaceCopy_SliceAiCore_Slice,N/A,N/A,1790932512445462.054	,9.180,0.000000,0
7,aclnnInplaceCopy_CastAiCore_Cast,N/A,N/A,1790932512445471.254	,7.460,0.070000,0
7,aclnnNeg_SliceAiCore_Slice,N/A,N/A,1790932512445478.734	,15.901,0.040000,0
7,aclnnNeg_NegAiCore_Neg,N/A,N/A,1790932512445494.655	,10.060,0.099000,0
7,aclnnCat_SliceAiCore_Slice,N/A,N/A,1790932512445504.735	,14.180,0.000000,0
7,aclnnCat_ConcatD_ConcatD,N/A,N/A,1790932512445518.935	,11.880,0.070000,0
7,aclnnMul_MulAiCore_Mul,N/A,N/A,1790932512445530.835	,23.601,0.000000,0
7,aclnnAdd_AddAiCore_Add,N/A,N/A,1790932512445554.456	,16.680,0.149000,0
7,aclnnInplaceCopy_CastAiCore_Cast,N/A,N/A,1790932512445571.156	,12.340,0.070000,0
7,aclnnInplaceCopy_TransposeAiCore_Transpose,N/A,N/A,1790932512445583.536	,27.461,0.000000,0
7,aclnnInplaceCopy_TransposeAiCore_Transpose,N/A,N/A,1790932512445611.037	,18.540,0.039000,0
7,aclnnInplaceCopy_AsStridedAiCore_AsStrided,N/A,N/A,1790932512445629.617	,19.081,0.000000,0
7,InnerPromptFlashAttention_PromptFlashAttention_PromptFlashAttention,N/A,N/A,1790932512445649.858	,1289.726,1.169000,0
7,aclnnInplaceCopy_TransposeAiCore_Transpose,N/A,N/A,1790932512446940.544	,24.780,1.024000,0
7,aclnnAddmm_MatMulCommon_MatMulV2,N/A,N/A,1790932512446965.344	,43.261,0.000000,0
7,aclnnAdd_AddAiCore_Add,N/A,N/A,1790932512447008.625	,12.560,0.000000,0
7,aclnnInplaceCopy_CastAiCore_Cast,N/A,N/A,1790932512447021.225	,11.880,0.190000,0
7,aclnnMean_ReduceMeanAiCore_ReduceMean,N/A,N/A,1790932512447034.045	,24.561,0.870000,0
7,aclnnSub_SubAiCore_Sub,N/A,N/A,1790932512447059.546	,26.600,0.939000,0
7,aclnnPowTensorScalar_PowsAiCore_Pows,N/A,N/A,1790932512447086.166	,23.961,0.150000,0
7,aclnnMean_ReduceMeanAiCore_ReduceMean,N/A,N/A,1790932512447111.447	,22.980,1.289000,0
7,aclnnAdds_AddAiCore_Add,N/A,N/A,1790932512447135.127	,1.740,0.770000,0
7,aclnnRsqrt_RsqrtAiCore_Rsqrt,N/A,N/A,1790932512447136.907	,2.280,0.010000,0
7,aclnnMul_MulAiCore_Mul,N/A,N/A,1790932512447139.207	,26.141,0.000000,0
7,aclnnInplaceCopy_CastAiCore_Cast,N/A,N/A,1790932512447165.368	,12.220,0.000000,0
7,aclnnMul_MulAiCore_Mul,N/A,N/A,1790932512447177.608	,14.701,0.030000,0
7,aclnnAdd_AddAiCore_Add,N/A,N/A,1790932512447192.349	,13.820,0.049000,0
7,aclnnAddmm_MatMulV3Common_MatMulV3,N/A,N/A,1790932512447206.209	,144.123,0.180000,0
7,aclnnGeluV2_GeluV2_GeluV2,N/A,N/A,1790932512447350.352	,77.201,0.000000,0
7,aclnnAddmm_MatMulV3Common_MatMulV3,N/A,N/A,1790932512447427.573	,145.103,0.049000,0
7,aclnnAdd_AddAiCore_Add,N/A,N/A,1790932512447572.696	,12.520,0.147000,0
7,aclnnInplaceCopy_CastAiCore_Cast,N/A,N/A,1790932512447585.236	,14.541,0.000000,0
7,aclnnMean_ReduceMeanAiCore_ReduceMean,N/A,N/A,1790932512447601.177	,23.360,1.459000,0
7,aclnnSub_SubAiCore_Sub,N/A,N/A,1790932512447625.477	,26.481,0.890000,0
7,aclnnPowTensorScalar_PowsAiCore_Pows,N/A,N/A,1790932512447651.978	,21.100,0.019000,0
7,aclnnMean_ReduceMeanAiCore_ReduceMean,N/A,N/A,1790932512447674.358	,22.521,1.150000,0
7,aclnnAdds_AddAiCore_Add,N/A,N/A,1790932512447698.019	,1.640,1.229000,0
7,aclnnRsqrt_RsqrtAiCore_Rsqrt,N/A,N/A,1790932512447699.679	,1.680,0.110000,0
7,aclnnMul_MulAiCore_Mul,N/A,N/A,1790932512447701.379	,25.880,0.070000,0
7,aclnnInplaceCopy_CastAiCore_Cast,N/A,N/A,1790932512447727.299	,14.021,0.000000,0
7,aclnnMul_MulAiCore_Mul,N/A,N/A,1790932512447741.360	,15.540,0.000000,0
7,aclnnAdd_AddAiCore_Add,N/A,N/A,1790932512447756.940	,13.540,0.210000,0
7,aclnnAddmm_MatMulV3Common_MatMulV3,N/A,N/A,1790932512447770.500	,107.222,0.000000,0
7,aclnnInplaceCopy_SliceAiCore_Slice,N/A,N/A,1790932512447877.742	,11.320,0.028000,0
7,aclnnInplaceCopy_CastAiCore_Cast,N/A,N/A,1790932512447889.082	,11.741,0.000000,0
7,aclnnMul_MulAiCore_Mul,N/A,N/A,1790932512447900.843	,30.920,0.009000,0
7,aclnnInplaceCopy_SliceAiCore_Slice,N/A,N/A,1790932512447931.783	,7.860,0.080000,0
7,aclnnInplaceCopy_CastAiCore_Cast,N/A,N/A,1790932512447939.663	,7.021,0.140000,0
7,aclnnNeg_SliceAiCore_Slice,N/A,N/A,1790932512447946.724	,19.060,0.000000,0
7,aclnnNeg_NegAiCore_Neg,N/A,N/A,1790932512447965.804	,10.020,0.000000,0
7,aclnnCat_SliceAiCore_Slice,N/A,N/A,1790932512447975.844	,12.660,0.000000,0
7,aclnnCat_ConcatD_ConcatD,N/A,N/A,1790932512447988.524	,18.541,0.090000,0
7,aclnnMul_MulAiCore_Mul,N/A,N/A,1790932512448007.085	,24.200,0.000000,0
7,aclnnAdd_AddAiCore_Add,N/A,N/A,1790932512448031.305	,17.421,0.050000,0
7,aclnnInplaceCopy_CastAiCore_Cast,N/A,N/A,1790932512448048.766	,12.600,0.079000,0
7,aclnnInplaceCopy_SliceAiCore_Slice,N/A,N/A,1790932512448061.386	,10.320,0.150000,0
7,aclnnInplaceCopy_CastAiCore_Cast,N/A,N/A,1790932512448071.726	,11.980,0.000000,0
7,aclnnMul_MulAiCore_Mul,N/A,N/A,1790932512448083.726	,22.221,0.020000,0
7,aclnnInplaceCopy_SliceAiCore_Slice,N/A,N/A,1790932512448105.967	,8.040,0.029000,0
7,aclnnInplaceCopy_CastAiCore_Cast,N/A,N/A,1790932512448114.027	,7.220,0.000000,0
7,aclnnNeg_SliceAiCore_Slice,N/A,N/A,1790932512448121.267	,15.780,0.030000,0
7,aclnnNeg_NegAiCore_Neg,N/A,N/A,1790932512448137.067	,10.001,0.000000,0
7,aclnnCat_SliceAiCore_Slice,N/A,N/A,1790932512448147.088	,12.900,0.000000,0
7,aclnnCat_ConcatD_ConcatD,N/A,N/A,1790932512448160.028	,11.260,0.100000,0
7,aclnnMul_MulAiCore_Mul,N/A,N/A,1790932512448171.328	,24.281,0.000000,0
7,aclnnAdd_AddAiCore_Add,N/A,N/A,1790932512448195.629	,16.800,0.219000,0
7,aclnnInplaceCopy_CastAiCore_Cast,N/A,N/A,1790932512448212.449	,12.560,0.000000,0
7,aclnnInplaceCopy_TransposeAiCore_Transpose,N/A,N/A,1790932512448225.029	,26.881,0.000000,0
7,aclnnInplaceCopy_TransposeAiCore_Transpose,N/A,N/A,1790932512448251.930	,19.120,0.119000,0
7,aclnnInplaceCopy_AsStridedAiCore_AsStrided,N/A,N/A,1790932512448271.070	,18.920,0.000000,0
7,InnerPromptFlashAttention_PromptFlashAttention_PromptFlashAttention,N/A,N/A,1790932512448291.111	,1309.306,1.080000,0
7,aclnnInplaceCopy_TransposeAiCore_Transpose,N/A,N/A,1790932512449601.517	,30.040,1.194000,0
7,aclnnAddmm_MatMulCommon_MatMulV2,N/A,N/A,1790932512449631.597	,43.961,0.000000,0
7,aclnnAdd_AddAiCore_Add,N/A,N/A,1790932512449675.578	,12.420,0.039000,0
7,aclnnInplaceCopy_CastAiCore_Cast,N/A,N/A,1790932512449688.018	,11.841,0.080000,0
7,aclnnMean_ReduceMeanAiCore_ReduceMean,N/A,N/A,1790932512449700.919	,24.260,1.159000,0
7,aclnnSub_SubAiCore_Sub,N/A,N/A,1790932512449726.399	,25.941,1.240000,0
7,aclnnPowTensorScalar_PowsAiCore_Pows,N/A,N/A,1790932512449752.360	,21.720,0.000000,0
7,aclnnMean_ReduceMeanAiCore_ReduceMean,N/A,N/A,1790932512449775.300	,22.441,1.280000,0
7,aclnnAdds_AddAiCore_Add,N/A,N/A,1790932512449798.961	,1.900,1.309000,0
7,aclnnRsqrt_RsqrtAiCore_Rsqrt,N/A,N/A,1790932512449800.901	,1.860,0.100000,0
7,aclnnMul_MulAiCore_Mul,N/A,N/A,1790932512449802.781	,26.460,0.000000,0
7,aclnnInplaceCopy_CastAiCore_Cast,N/A,N/A,1790932512449829.261	,12.280,0.040000,0
7,aclnnMul_MulAiCore_Mul,N/A,N/A,1790932512449841.561	,14.661,0.000000,0
7,aclnnAdd_AddAiCore_Add,N/A,N/A,1790932512449856.242	,13.460,0.089000,0
7,aclnnAddmm_MatMulV3Common_MatMulV3,N/A,N/A,1790932512449869.742	,142.643,0.040000,0
7,aclnnGeluV2_GeluV2_GeluV2,N/A,N/A,1790932512450012.405	,77.001,0.107000,0
7,aclnnAddmm_MatMulV3Common_MatMulV3,N/A,N/A,1790932512450089.426	,141.043,0.000000,0
7,aclnnAdd_AddAiCore_Add,N/A,N/A,1790932512450230.489	,12.661,0.000000,0
7,aclnnInplaceCopy_CastAiCore_Cast,N/A,N/A,1790932512450243.170	,11.960,0.089000,0
7,aclnnMean_ReduceMeanAiCore_ReduceMean,N/A,N/A,1790932512450256.270	,23.680,1.040000,0
7,aclnnSub_SubAiCore_Sub,N/A,N/A,1790932512450281.170	,26.341,1.320000,0
7,aclnnPowTensorScalar_PowsAiCore_Pows,N/A,N/A,1790932512450307.551	,25.540,0.000000,0
7,aclnnMean_ReduceMeanAiCore_ReduceMean,N/A,N/A,1790932512450334.231	,23.021,1.210000,0
7,aclnnAdds_AddAiCore_Add,N/A,N/A,1790932512450357.892	,1.540,0.729000,0
7,aclnnRsqrt_RsqrtAiCore_Rsqrt,N/A,N/A,1790932512450359.452	,1.580,0.000000,0
7,aclnnMul_MulAiCore_Mul,N/A,N/A,1790932512450361.072	,27.440,0.000000,0
7,aclnnInplaceCopy_CastAiCore_Cast,N/A,N/A,1790932512450388.532	,14.141,0.060000,0
7,aclnnMul_MulAiCore_Mul,N/A,N/A,1790932512450402.693	,15.880,0.109000,0
7,aclnnAdd_AddAiCore_Add,N/A,N/A,1790932512450418.593	,14.160,0.000000,0
7,aclnnAddmm_MatMulV3Common_MatMulV3,N/A,N/A,1790932512450432.773	,107.522,0.090000,0
7,aclnnInplaceCopy_SliceAiCore_Slice,N/A,N/A,1790932512450540.315	,11.281,0.000000,0
7,aclnnInplaceCopy_CastAiCore_Cast,N/A,N/A,1790932512450551.616	,11.680,0.000000,0
7,aclnnMul_MulAiCore_Mul,N/A,N/A,1790932512450563.316	,31.161,0.070000,0
7,aclnnInplaceCopy_SliceAiCore_Slice,N/A,N/A,1790932512450594.517	,9.160,0.089000,0
7,aclnnInplaceCopy_CastAiCore_Cast,N/A,N/A,1790932512450603.697	,7.840,0.090000,0
7,aclnnNeg_SliceAiCore_Slice,N/A,N/A,1790932512450611.577	,19.040,0.000000,0
7,aclnnNeg_NegAiCore_Neg,N/A,N/A,1790932512450630.637	,10.180,0.210000,0
7,aclnnCat_SliceAiCore_Slice,N/A,N/A,1790932512450640.837	,13.661,0.000000,0
7,aclnnCat_ConcatD_ConcatD,N/A,N/A,1790932512450654.518	,19.600,0.089000,0
7,aclnnMul_MulAiCore_Mul,N/A,N/A,1790932512450674.138	,23.801,0.150000,0
7,aclnnAdd_AddAiCore_Add,N/A,N/A,1790932512450697.959	,16.980,0.000000,0
7,aclnnInplaceCopy_CastAiCore_Cast,N/A,N/A,1790932512450714.959	,12.420,0.020000,0
7,aclnnInplaceCopy_SliceAiCore_Slice,N/A,N/A,1790932512450727.419	,10.600,0.080000,0
7,aclnnInplaceCopy_CastAiCore_Cast,N/A,N/A,1790932512450738.039	,11.721,0.000000,0
7,aclnnMul_MulAiCore_Mul,N/A,N/A,1790932512450749.780	,22.380,0.029000,0
7,aclnnInplaceCopy_SliceAiCore_Slice,N/A,N/A,1790932512450772.180	,9.340,0.120000,0
7,aclnnInplaceCopy_CastAiCore_Cast,N/A,N/A,1790932512450781.540	,7.480,0.000000,0
7,aclnnNeg_SliceAiCore_Slice,N/A,N/A,1790932512450789.040	,15.561,0.020000,0
7,aclnnNeg_NegAiCore_Neg,N/A,N/A,1790932512450804.621	,10.000,0.000000,0
7,aclnnCat_SliceAiCore_Slice,N/A,N/A,1790932512450814.641	,13.640,0.250000,0
7,aclnnCat_ConcatD_ConcatD,N/A,N/A,1790932512450828.301	,11.900,0.000000,0
7,aclnnMul_MulAiCore_Mul,N/A,N/A,1790932512450840.221	,23.681,0.100000,0
7,aclnnAdd_AddAiCore_Add,N/A,N/A,1790932512450863.922	,16.740,0.069000,0
7,aclnnInplaceCopy_CastAiCore_Cast,N/A,N/A,1790932512450880.682	,12.380,0.010000,0
7,aclnnInplaceCopy_TransposeAiCore_Transpose,N/A,N/A,1790932512450893.103	,26.780,0.000000,0
7,aclnnInplaceCopy_TransposeAiCore_Transpose,N/A,N/A,1790932512450919.923	,18.760,0.220000,0
7,aclnnInplaceCopy_AsStridedAiCore_AsStrided,N/A,N/A,1790932512450938.703	,18.641,0.000000,0
7,InnerPromptFlashAttention_PromptFlashAttention_PromptFlashAttention,N/A,N/A,1790932512450958.564	,1299.906,1.109000,0
7,aclnnInplaceCopy_TransposeAiCore_Transpose,N/A,N/A,1790932512452259.750	,24.840,1.344000,0
7,aclnnAddmm_MatMulCommon_MatMulV2,N/A,N/A,1790932512452284.610	,42.921,0.000000,0
7,aclnnAdd_AddAiCore_Add,N/A,N/A,1790932512452327.551	,12.920,0.079000,0
7,aclnnInplaceCopy_CastAiCore_Cast,N/A,N/A,1790932512452340.491	,11.901,0.080000,0
7,aclnnMean_ReduceMeanAiCore_ReduceMean,N/A,N/A,1790932512452353.772	,24.100,1.349000,0
7,aclnnSub_SubAiCore_Sub,N/A,N/A,1790932512452378.652	,26.421,0.900000,0
7,aclnnPowTensorScalar_PowsAiCore_Pows,N/A,N/A,1790932512452405.093	,22.680,0.000000,0
7,aclnnMean_ReduceMeanAiCore_ReduceMean,N/A,N/A,1790932512452428.753	,22.761,1.070000,0
7,aclnnAdds_AddAiCore_Add,N/A,N/A,1790932512452452.414	,1.880,0.989000,0
7,aclnnRsqrt_RsqrtAiCore_Rsqrt,N/A,N/A,1790932512452454.314	,1.840,0.000000,0
7,aclnnMul_MulAiCore_Mul,N/A,N/A,1790932512452456.174	,26.380,0.160000,0
7,aclnnInplaceCopy_CastAiCore_Cast,N/A,N/A,1790932512452482.574	,15.281,0.000000,0
7,aclnnMul_MulAiCore_Mul,N/A,N/A,1790932512452497.875	,14.280,0.219000,0
7,aclnnAdd_AddAiCore_Add,N/A,N/A,1790932512452512.195	,13.920,0.000000,0
7,aclnnAddmm_MatMulV3Common_MatMulV3,N/A,N/A,1790932512452526.135	,142.783,0.080000,0
7,aclnnGeluV2_GeluV2_GeluV2,N/A,N/A,1790932512452668.938	,77.302,0.000000,0
7,aclnnAddmm_MatMulV3Common_MatMulV3,N/A,N/A,1790932512452746.400	,142.622,0.198000,0
7,aclnnAdd_AddAiCore_Add,N/A,N/A,1790932512452889.042	,12.681,0.000000,0
7,aclnnInplaceCopy_CastAiCore_Cast,N/A,N/A,1790932512452901.743	,11.920,0.069000,0
7,aclnnMean_ReduceMeanAiCore_ReduceMean,N/A,N/A,1790932512452914.923	,23.300,1.330000,0
7,aclnnSub_SubAiCore_Sub,N/A,N/A,1790932512452939.203	,25.981,0.950000,0
7,aclnnPowTensorScalar_PowsAiCore_Pows,N/A,N/A,1790932512452965.224	,21.180,0.019000,0
7,aclnnMean_ReduceMeanAiCore_ReduceMean,N/A,N/A,1790932512452987.504	,22.721,1.070000,0
7,aclnnAdds_AddAiCore_Add,N/A,N/A,1790932512453011.185	,1.800,1.029000,0
7,aclnnRsqrt_RsqrtAiCore_Rsqrt,N/A,N/A,1790932512453013.005	,1.700,0.000000,0
7,aclnnMul_MulAiCore_Mul,N/A,N/A,1790932512453014.725	,25.980,0.050000,0
7,aclnnInplaceCopy_CastAiCore_Cast,N/A,N/A,1790932512453040.725	,12.881,0.020000,0
7,aclnnMul_MulAiCore_Mul,N/A,N/A,1790932512453053.626	,14.780,0.119000,0
7,aclnnAdd_AddAiCore_Add,N/A,N/A,1790932512453068.426	,13.480,0.000000,0
7,aclnnAddmm_MatMulV3Common_MatMulV3,N/A,N/A,1790932512453081.926	,108.102,0.020000,0
7,aclnnInplaceCopy_SliceAiCore_Slice,N/A,N/A,1790932512453190.068	,11.361,0.000000,0
7,aclnnInplaceCopy_CastAiCore_Cast,N/A,N/A,1790932512453201.449	,11.740,0.139000,0
7,aclnnMul_MulAiCore_Mul,N/A,N/A,1790932512453213.209	,31.220,0.010000,0
7,aclnnInplaceCopy_SliceAiCore_Slice,N/A,N/A,1790932512453244.449	,7.961,0.030000,0
7,aclnnInplaceCopy_CastAiCore_Cast,N/A,N/A,1790932512453252.430	,7.260,0.039000,0
7,aclnnNeg_SliceAiCore_Slice,N/A,N/A,1790932512453259.710	,18.960,0.000000,0
7,aclnnNeg_NegAiCore_Neg,N/A,N/A,1790932512453278.690	,10.020,0.040000,0
7,aclnnCat_SliceAiCore_Slice,N/A,N/A,1790932512453288.730	,13.381,0.000000,0
7,aclnnCat_ConcatD_ConcatD,N/A,N/A,1790932512453302.151	,18.640,0.119000,0
7,aclnnMul_MulAiCore_Mul,N/A,N/A,1790932512453320.811	,24.120,0.000000,0
7,aclnnAdd_AddAiCore_Add,N/A,N/A,1790932512453344.951	,17.061,0.130000,0
7,aclnnInplaceCopy_CastAiCore_Cast,N/A,N/A,1790932512453362.032	,14.360,0.000000,0
7,aclnnInplaceCopy_SliceAiCore_Slice,N/A,N/A,1790932512453376.412	,10.400,0.140000,0
7,aclnnInplaceCopy_CastAiCore_Cast,N/A,N/A,1790932512453386.832	,11.921,0.000000,0
7,aclnnMul_MulAiCore_Mul,N/A,N/A,1790932512453398.773	,22.500,0.079000,0
7,aclnnInplaceCopy_SliceAiCore_Slice,N/A,N/A,1790932512453421.313	,8.440,0.000000,0
7,aclnnInplaceCopy_CastAiCore_Cast,N/A,N/A,1790932512453429.773	,7.460,0.060000,0
7,aclnnNeg_SliceAiCore_Slice,N/A,N/A,1790932512453437.273	,15.661,0.040000,0
7,aclnnNeg_NegAiCore_Neg,N/A,N/A,1790932512453452.954	,10.040,0.089000,0
7,aclnnCat_SliceAiCore_Slice,N/A,N/A,1790932512453463.014	,13.600,0.000000,0
7,aclnnCat_ConcatD_ConcatD,N/A,N/A,1790932512453476.634	,11.380,0.150000,0
7,aclnnMul_MulAiCore_Mul,N/A,N/A,1790932512453488.034	,24.361,0.000000,0
7,aclnnAdd_AddAiCore_Add,N/A,N/A,1790932512453512.435	,17.140,0.139000,0
7,aclnnInplaceCopy_CastAiCore_Cast,N/A,N/A,1790932512453529.595	,12.480,0.000000,0
7,aclnnInplaceCopy_TransposeAiCore_Transpose,N/A,N/A,1790932512453542.095	,25.981,0.020000,0
7,aclnnInplaceCopy_TransposeAiCore_Transpose,N/A,N/A,1790932512453568.096	,19.740,0.019000,0
7,aclnnInplaceCopy_AsStridedAiCore_AsStrided,N/A,N/A,1790932512453587.856	,19.761,0.010000,0
7,InnerPromptFlashAttention_PromptFlashAttention_PromptFlashAttention,N/A,N/A,1790932512453608.857	,1291.306,1.239000,0
7,aclnnInplaceCopy_TransposeAiCore_Transpose,N/A,N/A,1790932512454901.223	,29.820,1.194000,0
7,aclnnAddmm_MatMulCommon_MatMulV2,N/A,N/A,1790932512454931.063	,44.861,0.000000,0
7,aclnnAdd_AddAiCore_Add,N/A,N/A,1790932512454975.944	,12.460,0.139000,0
7,aclnnInplaceCopy_CastAiCore_Cast,N/A,N/A,1790932512454988.424	,11.761,0.040000,0
7,aclnnMean_ReduceMeanAiCore_ReduceMean,N/A,N/A,1790932512455001.105	,24.200,0.739000,0
7,aclnnSub_SubAiCore_Sub,N/A,N/A,1790932512455026.005	,26.201,0.800000,0
7,aclnnPowTensorScalar_PowsAiCore_Pows,N/A,N/A,1790932512455052.246	,22.840,0.049000,0
7,aclnnMean_ReduceMeanAiCore_ReduceMean,N/A,N/A,1790932512455076.106	,22.801,0.910000,0
7,aclnnAdds_AddAiCore_Add,N/A,N/A,1790932512455099.747	,1.880,0.949000,0
7,aclnnRsqrt_RsqrtAiCore_Rsqrt,N/A,N/A,1790932512455101.647	,1.860,0.120000,0
7,aclnnMul_MulAiCore_Mul,N/A,N/A,1790932512455103.527	,26.920,0.000000,0
7,aclnnInplaceCopy_CastAiCore_Cast,N/A,N/A,1790932512455130.467	,12.460,0.080000,0
7,aclnnMul_MulAiCore_Mul,N/A,N/A,1790932512455142.947	,14.161,0.040000,0
7,aclnnAdd_AddAiCore_Add,N/A,N/A,1790932512455157.148	,13.460,0.089000,0
7,aclnnAddmm_MatMulV3Common_MatMulV3,N/A,N/A,1790932512455170.628	,142.143,0.040000,0
7,aclnnGeluV2_GeluV2_GeluV2,N/A,N/A,1790932512455312.791	,77.041,0.000000,0
7,aclnnAddmm_MatMulV3Common_MatMulV3,N/A,N/A,1790932512455389.992	,142.043,0.209000,0
7,aclnnAdd_AddAiCore_Add,N/A,N/A,1790932512455532.055	,14.880,0.000000,0
7,aclnnInplaceCopy_CastAiCore_Cast,N/A,N/A,1790932512455546.955	,11.721,0.120000,0
7,aclnnMean_ReduceMeanAiCore_ReduceMean,N/A,N/A,1790932512455560.096	,23.440,1.279000,0
7,aclnnSub_SubAiCore_Sub,N/A,N/A,1790932512455584.376	,26.061,1.060000,0
7,aclnnPowTensorScalar_PowsAiCore_Pows,N/A,N/A,1790932512455610.457	,26.040,0.000000,0
7,aclnnMean_ReduceMeanAiCore_ReduceMean,N/A,N/A,1790932512455637.437	,22.741,0.960000,0
7,aclnnAdds_AddAiCore_Add,N/A,N/A,1790932512455661.098	,1.520,0.759000,0
7,aclnnRsqrt_RsqrtAiCore_Rsqrt,N/A,N/A,1790932512455662.638	,1.500,0.230000,0
7,aclnnMul_MulAiCore_Mul,N/A,N/A,1790932512455664.178	,25.960,0.000000,0
7,aclnnInplaceCopy_CastAiCore_Cast,N/A,N/A,1790932512455690.158	,14.141,0.040000,0
7,aclnnMul_MulAiCore_Mul,N/A,N/A,1790932512455704.319	,15.140,0.000000,0
7,aclnnAdd_AddAiCore_Add,N/A,N/A,1790932512455719.479	,13.460,0.110000,0
7,aclnnAddmm_MatMulV3Common_MatMulV3,N/A,N/A,1790932512455732.959	,107.882,0.040000,0
7,aclnnInplaceCopy_SliceAiCore_Slice,N/A,N/A,1790932512455840.881	,11.081,0.118000,0
7,aclnnInplaceCopy_CastAiCore_Cast,N/A,N/A,1790932512455852.002	,11.620,0.000000,0
7,aclnnMul_MulAiCore_Mul,N/A,N/A,1790932512455863.642	,31.580,0.130000,0
7,aclnnInplaceCopy_SliceAiCore_Slice,N/A,N/A,1790932512455895.262	,8.961,0.000000,0
7,aclnnInplaceCopy_CastAiCore_Cast,N/A,N/A,1790932512455904.243	,7.620,0.039000,0
7,aclnnNeg_SliceAiCore_Slice,N/A,N/A,1790932512455911.883	,19.820,0.130000,0
7,aclnnNeg_NegAiCore_Neg,N/A,N/A,1790932512455931.723	,10.200,0.000000,0
7,aclnnCat_SliceAiCore_Slice,N/A,N/A,1790932512455941.943	,14.701,0.050000,0
7,aclnnCat_ConcatD_ConcatD,N/A,N/A,1790932512455956.664	,18.860,0.049000,0
7,aclnnMul_MulAiCore_Mul,N/A,N/A,1790932512455975.544	,23.561,0.000000,0
7,aclnnAdd_AddAiCore_Add,N/A,N/A,1790932512455999.125	,16.920,0.000000,0
7,aclnnInplaceCopy_CastAiCore_Cast,N/A,N/A,1790932512456016.065	,12.520,0.080000,0
7,aclnnInplaceCopy_SliceAiCore_Slice,N/A,N/A,1790932512456028.625	,13.220,0.000000,0
7,aclnnInplaceCopy_CastAiCore_Cast,N/A,N/A,1790932512456041.885	,11.681,0.280000,0
7,aclnnMul_MulAiCore_Mul,N/A,N/A,1790932512456053.586	,22.500,0.000000,0
7,aclnnInplaceCopy_SliceAiCore_Slice,N/A,N/A,1790932512456076.126	,8.520,0.250000,0
7,aclnnInplaceCopy_CastAiCore_Cast,N/A,N/A,1790932512456084.666	,7.300,0.000000,0
7,aclnnNeg_SliceAiCore_Slice,N/A,N/A,1790932512456092.006	,15.621,0.000000,0
7,aclnnNeg_NegAiCore_Neg,N/A,N/A,1790932512456107.647	,9.880,0.129000,0
7,aclnnCat_SliceAiCore_Slice,N/A,N/A,1790932512456117.547	,13.700,0.000000,0
7,aclnnCat_ConcatD_ConcatD,N/A,N/A,1790932512456131.267	,11.600,0.050000,0
7,aclnnMul_MulAiCore_Mul,N/A,N/A,1790932512456142.907	,23.921,0.150000,0
7,aclnnAdd_AddAiCore_Add,N/A,N/A,1790932512456166.848	,16.840,0.000000,0
7,aclnnInplaceCopy_CastAiCore_Cast,N/A,N/A,1790932512456183.708	,12.540,0.160000,0
7,aclnnInplaceCopy_TransposeAiCore_Transpose,N/A,N/A,1790932512456196.268	,27.521,0.000000,0
7,aclnnInplaceCopy_TransposeAiCore_Transpose,N/A,N/A,1790932512456223.809	,19.460,0.000000,0
7,aclnnInplaceCopy_AsStridedAiCore_AsStrided,N/A,N/A,1790932512456243.289	,19.001,0.040000,0
7,InnerPromptFlashAttention_PromptFlashAttention_PromptFlashAttention,N/A,N/A,1790932512456263.550	,1303.526,1.249000,0
7,aclnnInplaceCopy_TransposeAiCore_Transpose,N/A,N/A,1790932512457568.196	,24.740,1.224000,0
7,aclnnAddmm_MatMulCommon_MatMulV2,N/A,N/A,1790932512457592.976	,43.721,0.010000,0
7,aclnnAdd_AddAiCore_Add,N/A,N/A,1790932512457636.717	,13.261,0.029000,0
7,aclnnInplaceCopy_CastAiCore_Cast,N/A,N/A,1790932512457650.018	,11.940,0.000000,0
7,aclnnMean_ReduceMeanAiCore_ReduceMean,N/A,N/A,1790932512457663.338	,24.600,1.310000,0
7,aclnnSub_SubAiCore_Sub,N/A,N/A,1790932512457688.838	,26.261,0.900000,0
7,aclnnPowTensorScalar_PowsAiCore_Pows,N/A,N/A,1790932512457715.119	,23.040,0.000000,0
7,aclnnMean_ReduceMeanAiCore_ReduceMean,N/A,N/A,1790932512457739.499	,22.821,1.460000,0
7,aclnnAdds_AddAiCore_Add,N/A,N/A,1790932512457763.140	,1.640,0.929000,0
7,aclnnRsqrt_RsqrtAiCore_Rsqrt,N/A,N/A,1790932512457764.800	,1.860,0.000000,0
7,aclnnMul_MulAiCore_Mul,N/A,N/A,1790932512457766.680	,26.200,0.140000,0
7,aclnnInplaceCopy_CastAiCore_Cast,N/A,N/A,1790932512457792.920	,12.481,0.050000,0
7,aclnnMul_MulAiCore_Mul,N/A,N/A,1790932512457805.421	,14.360,0.019000,0
7,aclnnAdd_AddAiCore_Add,N/A,N/A,1790932512457819.801	,14.020,0.000000,0
7,aclnnAddmm_MatMulV3Common_MatMulV3,N/A,N/A,1790932512457833.841	,143.303,0.000000,0
7,aclnnGeluV2_GeluV2_GeluV2,N/A,N/A,1790932512457977.164	,77.142,0.197000,0
7,aclnnAddmm_MatMulV3Common_MatMulV3,N/A,N/A,1790932512458054.446	,145.922,0.108000,0
7,aclnnAdd_AddAiCore_Add,N/A,N/A,1790932512458200.388	,12.801,0.078000,0
7,aclnnInplaceCopy_CastAiCore_Cast,N/A,N/A,1790932512458213.209	,11.820,0.000000,0
7,aclnnMean_ReduceMeanAiCore_ReduceMean,N/A,N/A,1790932512458226.349	,23.640,1.180000,0
7,aclnnSub_SubAiCore_Sub,N/A,N/A,1790932512458250.650	,26.300,0.860000,0
7,aclnnPowTensorScalar_PowsAiCore_Pows,N/A,N/A,1790932512458276.970	,21.140,0.000000,0
7,aclnnMean_ReduceMeanAiCore_ReduceMean,N/A,N/A,1790932512458299.030	,22.761,0.860000,0
7,aclnnAdds_AddAiCore_Add,N/A,N/A,1790932512458322.671	,1.780,0.989000,0
7,aclnnRsqrt_RsqrtAiCore_Rsqrt,N/A,N/A,1790932512458324.471	,1.580,0.000000,0
7,aclnnMul_MulAiCore_Mul,N/A,N/A,1790932512458326.071	,26.321,0.000000,0
7,aclnnInplaceCopy_CastAiCore_Cast,N/A,N/A,1790932512458352.432	,12.760,0.179000,0
7,aclnnMul_MulAiCore_Mul,N/A,N/A,1790932512458365.212	,14.560,0.000000,0
7,aclnnAdd_AddAiCore_Add,N/A,N/A,1790932512458379.792	,13.460,0.000000,0
7,aclnnAddmm_MatMulV3Common_MatMulV3,N/A,N/A,1790932512458393.272	,106.662,0.040000,0
7,aclnnInplaceCopy_SliceAiCore_Slice,N/A,N/A,1790932512458499.954	,11.201,0.088000,0
7,aclnnInplaceCopy_CastAiCore_Cast,N/A,N/A,1790932512458511.175	,11.800,0.049000,0
7,aclnnMul_MulAiCore_Mul,N/A,N/A,1790932512458522.995	,31.021,0.000000,0
7,aclnnInplaceCopy_SliceAiCore_Slice,N/A,N/A,1790932512458554.056	,8.660,0.000000,0
7,aclnnInplaceCopy_CastAiCore_Cast,N/A,N/A,1790932512458562.756	,7.400,0.090000,0
7,aclnnNeg_SliceAiCore_Slice,N/A,N/A,1790932512458570.176	,18.900,0.100000,0
7,aclnnNeg_NegAiCore_Neg,N/A,N/A,1790932512458589.096	,9.980,0.000000,0
7,aclnnCat_SliceAiCore_Slice,N/A,N/A,1790932512458599.096	,13.861,0.020000,0
7,aclnnCat_ConcatD_ConcatD,N/A,N/A,1790932512458612.977	,18.680,0.139000,0
7,aclnnMul_MulAiCore_Mul,N/A,N/A,1790932512458631.677	,24.261,0.070000,0
7,aclnnAdd_AddAiCore_Add,N/A,N/A,1790932512458655.958	,17.100,0.000000,0
7,aclnnInplaceCopy_CastAiCore_Cast,N/A,N/A,1790932512458673.098	,12.520,0.000000,0
7,aclnnInplaceCopy_SliceAiCore_Slice,N/A,N/A,1790932512458685.638	,10.420,0.230000,0
7,aclnnInplaceCopy_CastAiCore_Cast,N/A,N/A,1790932512458696.078	,11.881,0.000000,0
7,aclnnMul_MulAiCore_Mul,N/A,N/A,1790932512458707.979	,22.800,0.119000,0
7,aclnnInplaceCopy_SliceAiCore_Slice,N/A,N/A,1790932512458730.799	,8.340,0.000000,0
7,aclnnInplaceCopy_CastAiCore_Cast,N/A,N/A,1790932512458739.179	,7.340,0.160000,0
7,aclnnNeg_SliceAiCore_Slice,N/A,N/A,1790932512458746.539	,15.821,0.000000,0
7,aclnnNeg_NegAiCore_Neg,N/A,N/A,1790932512458762.380	,10.000,0.179000,0
7,aclnnCat_SliceAiCore_Slice,N/A,N/A,1790932512458772.400	,12.960,0.000000,0
7,aclnnCat_ConcatD_ConcatD,N/A,N/A,1790932512458785.380	,11.120,0.040000,0
7,aclnnMul_MulAiCore_Mul,N/A,N/A,1790932512458796.520	,24.181,0.000000,0
7,aclnnAdd_AddAiCore_Add,N/A,N/A,1790932512458820.721	,16.980,0.069000,0
7,aclnnInplaceCopy_CastAiCore_Cast,N/A,N/A,1790932512458837.741	,12.520,0.020000,0
7,aclnnInplaceCopy_TransposeAiCore_Transpose,N/A,N/A,1790932512458850.281	,31.121,0.000000,0
7,aclnnInplaceCopy_TransposeAiCore_Transpose,N/A,N/A,1790932512458881.422	,23.661,0.129000,0
7,aclnnInplaceCopy_AsStridedAiCore_AsStrided,N/A,N/A,1790932512458905.103	,19.980,0.000000,0
7,InnerPromptFlashAttention_PromptFlashAttention_PromptFlashAttention,N/A,N/A,1790932512458925.963	,1295.386,1.020000,0
7,aclnnInplaceCopy_TransposeAiCore_Transpose,N/A,N/A,1790932512460222.269	,24.860,0.864000,0
7,aclnnAddmm_MatMulCommon_MatMulV2,N/A,N/A,1790932512460247.169	,43.821,0.140000,0
7,aclnnAdd_AddAiCore_Add,N/A,N/A,1790932512460291.010	,14.221,0.000000,0
7,aclnnInplaceCopy_CastAiCore_Cast,N/A,N/A,1790932512460305.271	,11.760,0.029000,0
7,aclnnMean_ReduceMeanAiCore_ReduceMean,N/A,N/A,1790932512460318.071	,24.140,0.990000,0
7,aclnnSub_SubAiCore_Sub,N/A,N/A,1790932512460342.991	,26.261,0.860000,0
7,aclnnPowTensorScalar_PowsAiCore_Pows,N/A,N/A,1790932512460369.272	,22.500,0.000000,0
7,aclnnMean_ReduceMeanAiCore_ReduceMean,N/A,N/A,1790932512460393.072	,22.661,1.250000,0
7,aclnnAdds_AddAiCore_Add,N/A,N/A,1790932512460416.733	,1.860,1.089000,0
7,aclnnRsqrt_RsqrtAiCore_Rsqrt,N/A,N/A,1790932512460418.633	,2.080,0.140000,0
7,aclnnMul_MulAiCore_Mul,N/A,N/A,1790932512460420.733	,26.760,0.000000,0
7,aclnnInplaceCopy_CastAiCore_Cast,N/A,N/A,1790932512460447.513	,12.301,0.000000,0
7,aclnnMul_MulAiCore_Mul,N/A,N/A,1790932512460459.834	,14.060,0.000000,0
7,aclnnAdd_AddAiCore_Add,N/A,N/A,1790932512460473.914	,13.480,0.190000,0
7,aclnnAddmm_MatMulV3Common_MatMulV3,N/A,N/A,1790932512460487.414	,144.783,0.020000,0
7,aclnnGeluV2_GeluV2_GeluV2,N/A,N/A,1790932512460632.217	,77.222,0.000000,0
7,aclnnAddmm_MatMulV3Common_MatMulV3,N/A,N/A,1790932512460709.579	,142.262,0.028000,0
7,aclnnAdd_AddAiCore_Add,N/A,N/A,1790932512460851.881	,12.721,0.238000,0
7,aclnnInplaceCopy_CastAiCore_Cast,N/A,N/A,1790932512460864.622	,11.880,0.000000,0
7,aclnnMean_ReduceMeanAiCore_ReduceMean,N/A,N/A,1790932512460877.522	,23.400,1.120000,0
7,aclnnSub_SubAiCore_Sub,N/A,N/A,1790932512460901.762	,25.781,0.850000,0
7,aclnnPowTensorScalar_PowsAiCore_Pows,N/A,N/A,1790932512460927.583	,23.200,0.000000,0
7,aclnnMean_ReduceMeanAiCore_ReduceMean,N/A,N/A,1790932512460951.863	,22.481,1.050000,0
7,aclnnAdds_AddAiCore_Add,N/A,N/A,1790932512460975.564	,1.760,1.269000,0
7,aclnnRsqrt_RsqrtAiCore_Rsqrt,N/A,N/A,1790932512460977.344	,1.620,0.000000,0
7,aclnnMul_MulAiCore_Mul,N/A,N/A,1790932512460978.984	,26.061,0.130000,0
7,aclnnInplaceCopy_CastAiCore_Cast,N/A,N/A,1790932512461005.065	,12.720,0.000000,0
7,aclnnMul_MulAiCore_Mul,N/A,N/A,1790932512461017.825	,15.340,0.030000,0
7,aclnnAdd_AddAiCore_Add,N/A,N/A,1790932512461033.185	,13.660,0.160000,0
7,aclnnAddmm_MatMulV3Common_MatMulV3,N/A,N/A,1790932512461046.865	,108.443,0.000000,0
7,aclnnInplaceCopy_SliceAiCore_Slice,N/A,N/A,1790932512461155.348	,11.280,0.057000,0
7,aclnnInplaceCopy_CastAiCore_Cast,N/A,N/A,1790932512461166.668	,11.680,0.220000,0
7,aclnnMul_MulAiCore_Mul,N/A,N/A,1790932512461178.368	,30.881,0.000000,0
7,aclnnInplaceCopy_SliceAiCore_Slice,N/A,N/A,1790932512461209.269	,9.160,0.119000,0
7,aclnnInplaceCopy_CastAiCore_Cast,N/A,N/A,1790932512461218.449	,7.560,0.090000,0
7,aclnnNeg_SliceAiCore_Slice,N/A,N/A,1790932512461226.029	,19.100,0.000000,0
7,aclnnNeg_NegAiCore_Neg,N/A,N/A,1790932512461245.169	,9.981,0.150000,0
7,aclnnCat_SliceAiCore_Slice,N/A,N/A,1790932512461255.190	,13.900,0.019000,0
7,aclnnCat_ConcatD_ConcatD,N/A,N/A,1790932512461269.110	,19.440,0.000000,0
7,aclnnMul_MulAiCore_Mul,N/A,N/A,1790932512461288.570	,23.361,0.060000,0
7,aclnnAdd_AddAiCore_Add,N/A,N/A,1790932512461311.951	,17.000,0.139000,0
7,aclnnInplaceCopy_CastAiCore_Cast,N/A,N/A,1790932512461328.971	,12.440,0.000000,0
7,aclnnInplaceCopy_SliceAiCore_Slice,N/A,N/A,1790932512461341.431	,10.180,0.060000,0
7,aclnnInplaceCopy_CastAiCore_Cast,N/A,N/A,1790932512461351.631	,11.721,0.070000,0
7,aclnnMul_MulAiCore_Mul,N/A,N/A,1790932512461363.372	,22.580,0.000000,0
7,aclnnInplaceCopy_SliceAiCore_Slice,N/A,N/A,1790932512461385.992	,8.620,0.170000,0
7,aclnnInplaceCopy_CastAiCore_Cast,N/A,N/A,1790932512461394.632	,7.240,0.130000,0
7,aclnnNeg_SliceAiCore_Slice,N/A,N/A,1790932512461401.912	,15.821,0.010000,0
7,aclnnNeg_NegAiCore_Neg,N/A,N/A,1790932512461417.753	,9.880,0.000000,0
7,aclnnCat_SliceAiCore_Slice,N/A,N/A,1790932512461427.653	,13.260,0.120000,0
7,aclnnCat_ConcatD_ConcatD,N/A,N/A,1790932512461440.933	,12.320,0.000000,0
7,aclnnMul_MulAiCore_Mul,N/A,N/A,1790932512461453.293	,23.821,0.000000,0
7,aclnnAdd_AddAiCore_Add,N/A,N/A,1790932512461477.134	,16.880,0.179000,0
7,aclnnInplaceCopy_CastAiCore_Cast,N/A,N/A,1790932512461494.034	,12.581,0.000000,0
7,aclnnInplaceCopy_TransposeAiCore_Transpose,N/A,N/A,1790932512461506.655	,26.680,0.169000,0
7,aclnnInplaceCopy_TransposeAiCore_Transpose,N/A,N/A,1790932512461533.375	,18.520,0.070000,0
7,aclnnInplaceCopy_AsStridedAiCore_AsStrided,N/A,N/A,1790932512461551.915	,19.041,0.000000,0
7,InnerPromptFlashAttention_PromptFlashAttention_PromptFlashAttention,N/A,N/A,1790932512461572.056	,1314.866,0.959000,0
7,aclnnInplaceCopy_TransposeAiCore_Transpose,N/A,N/A,1790932512462888.182	,28.101,1.384000,0
7,aclnnAddmm_MatMulCommon_MatMulV2,N/A,N/A,1790932512462916.303	,44.841,0.000000,0
7,aclnnAdd_AddAiCore_Add,N/A,N/A,1790932512462961.164	,12.580,0.159000,0
7,aclnnInplaceCopy_CastAiCore_Cast,N/A,N/A,1790932512462973.764	,11.880,0.000000,0
7,aclnnMean_ReduceMeanAiCore_ReduceMean,N/A,N/A,1790932512462986.884	,23.321,1.370000,0
7,aclnnSub_SubAiCore_Sub,N/A,N/A,1790932512463011.145	,26.360,0.929000,0
7,aclnnPowTensorScalar_PowsAiCore_Pows,N/A,N/A,1790932512463037.525	,22.001,0.000000,0
7,aclnnMean_ReduceMeanAiCore_ReduceMean,N/A,N/A,1790932512463060.686	,22.820,1.249000,0
7,aclnnAdds_AddAiCore_Add,N/A,N/A,1790932512463084.346	,1.660,0.680000,0
7,aclnnRsqrt_RsqrtAiCore_Rsqrt,N/A,N/A,1790932512463086.046	,1.820,0.090000,0
7,aclnnMul_MulAiCore_Mul,N/A,N/A,1790932512463087.886	,26.341,0.180000,0
7,aclnnInplaceCopy_CastAiCore_Cast,N/A,N/A,1790932512463114.247	,12.340,0.000000,0
7,aclnnMul_MulAiCore_Mul,N/A,N/A,1790932512463126.607	,13.920,0.000000,0
7,aclnnAdd_AddAiCore_Add,N/A,N/A,1790932512463140.547	,13.060,0.080000,0
7,aclnnAddmm_MatMulV3Common_MatMulV3,N/A,N/A,1790932512463153.627	,143.583,0.190000,0
7,aclnnGeluV2_GeluV2_GeluV2,N/A,N/A,1790932512463297.250	,77.262,0.000000,0
7,aclnnAddmm_MatMulV3Common_MatMulV3,N/A,N/A,1790932512463374.672	,143.883,0.238000,0
7,aclnnAdd_AddAiCore_Add,N/A,N/A,1790932512463518.575	,12.480,0.000000,0
7,aclnnInplaceCopy_CastAiCore_Cast,N/A,N/A,1790932512463531.075	,11.720,0.020000,0
7,aclnnMean_ReduceMeanAiCore_ReduceMean,N/A,N/A,1790932512463544.095	,23.861,1.280000,0
7,aclnnSub_SubAiCore_Sub,N/A,N/A,1790932512463568.956	,26.560,1.139000,0
7,aclnnPowTensorScalar_PowsAiCore_Pows,N/A,N/A,1790932512463595.536	,21.081,0.000000,0
7,aclnnMean_ReduceMeanAiCore_ReduceMean,N/A,N/A,1790932512463617.837	,22.520,1.169000,0
7,aclnnAdds_AddAiCore_Add,N/A,N/A,1790932512463641.497	,1.760,1.230000,0
7,aclnnRsqrt_RsqrtAiCore_Rsqrt,N/A,N/A,1790932512463643.297	,1.560,0.000000,0
7,aclnnMul_MulAiCore_Mul,N/A,N/A,1790932512463644.877	,27.461,0.190000,0
7,aclnnInplaceCopy_CastAiCore_Cast,N/A,N/A,1790932512463672.358	,13.480,0.000000,0
7,aclnnMul_MulAiCore_Mul,N/A,N/A,1790932512463685.858	,15.380,0.020000,0
7,aclnnAdd_AddAiCore_Add,N/A,N/A,1790932512463701.258	,13.981,0.120000,0
7,aclnnAddmm_MatMulV3Common_MatMulV3,N/A,N/A,1790932512463715.259	,106.422,0.019000,0
7,aclnnInplaceCopy_SliceAiCore_Slice,N/A,N/A,1790932512463821.701	,11.160,0.078000,0
7,aclnnInplaceCopy_CastAiCore_Cast,N/A,N/A,1790932512463832.881	,11.840,0.090000,0
7,aclnnMul_MulAiCore_Mul,N/A,N/A,1790932512463844.741	,30.841,0.000000,0
7,aclnnInplaceCopy_SliceAiCore_Slice,N/A,N/A,1790932512463875.602	,8.400,0.000000,0
7,aclnnInplaceCopy_CastAiCore_Cast,N/A,N/A,1790932512463884.022	,7.360,0.100000,0
7,aclnnNeg_SliceAiCore_Slice,N/A,N/A,1790932512463891.402	,19.221,0.140000,0
7,aclnnNeg_NegAiCore_Neg,N/A,N/A,1790932512463910.643	,10.040,0.029000,0
7,aclnnCat_SliceAiCore_Slice,N/A,N/A,1790932512463920.703	,13.800,0.000000,0
7,aclnnCat_ConcatD_ConcatD,N/A,N/A,1790932512463934.523	,18.660,0.000000,0
7,aclnnMul_MulAiCore_Mul,N/A,N/A,1790932512463953.223	,23.801,0.090000,0
7,aclnnAdd_AddAiCore_Add,N/A,N/A,1790932512463977.044	,17.000,0.000000,0
7,aclnnInplaceCopy_CastAiCore_Cast,N/A,N/A,1790932512463994.064	,12.461,0.000000,0
7,aclnnInplaceCopy_SliceAiCore_Slice,N/A,N/A,1790932512464006.545	,10.420,0.039000,0
7,aclnnInplaceCopy_CastAiCore_Cast,N/A,N/A,1790932512464016.985	,12.000,0.080000,0
7,aclnnMul_MulAiCore_Mul,N/A,N/A,1790932512464029.005	,22.200,0.000000,0
7,aclnnInplaceCopy_SliceAiCore_Slice,N/A,N/A,1790932512464051.225	,7.661,0.050000,0
7,aclnnInplaceCopy_CastAiCore_Cast,N/A,N/A,1790932512464058.906	,7.380,0.089000,0
7,aclnnNeg_SliceAiCore_Slice,N/A,N/A,1790932512464066.306	,15.720,0.000000,0
7,aclnnNeg_NegAiCore_Neg,N/A,N/A,1790932512464082.066	,10.100,0.030000,0
7,aclnnCat_SliceAiCore_Slice,N/A,N/A,1790932512464092.186	,12.780,0.150000,0
7,aclnnCat_ConcatD_ConcatD,N/A,N/A,1790932512464104.986	,11.341,0.000000,0
7,aclnnMul_MulAiCore_Mul,N/A,N/A,1790932512464116.347	,26.080,0.000000,0
7,aclnnAdd_AddAiCore_Add,N/A,N/A,1790932512464142.447	,17.121,0.170000,0
7,aclnnInplaceCopy_CastAiCore_Cast,N/A,N/A,1790932512464159.588	,12.440,0.000000,0
7,aclnnInplaceCopy_TransposeAiCore_Transpose,N/A,N/A,1790932512464172.048	,31.100,0.060000,0
7,aclnnInplaceCopy_TransposeAiCore_Transpose,N/A,N/A,1790932512464203.188	,23.181,0.150000,0
7,aclnnInplaceCopy_AsStridedAiCore_AsStrided,N/A,N/A,1790932512464226.409	,19.040,0.069000,0
7,InnerPromptFlashAttention_PromptFlashAttention_PromptFlashAttention,N/A,N/A,1790932512464246.409	,1297.486,0.960000,0
7,aclnnInplaceCopy_TransposeAiCore_Transpose,N/A,N/A,1790932512465545.215	,24.581,1.264000,0
7,aclnnAddmm_MatMulCommon_MatMulV2,N/A,N/A,1790932512465569.816	,44.381,0.000000,0
7,aclnnAdd_AddAiCore_Add,N/A,N/A,1790932512465614.217	,12.580,0.119000,0
7,aclnnInplaceCopy_CastAiCore_Cast,N/A,N/A,1790932512465626.817	,11.780,0.000000,0
7,aclnnMean_ReduceMeanAiCore_ReduceMean,N/A,N/A,1790932512465639.757	,23.541,1.220000,0
7,aclnnSub_SubAiCore_Sub,N/A,N/A,1790932512465664.038	,26.400,0.709000,0
7,aclnnPowTensorScalar_PowsAiCore_Pows,N/A,N/A,1790932512465690.458	,23.601,0.100000,0
7,aclnnMean_ReduceMeanAiCore_ReduceMean,N/A,N/A,1790932512465715.319	,22.740,1.149000,0
7,aclnnAdds_AddAiCore_Add,N/A,N/A,1790932512465738.999	,1.940,1.010000,0
7,aclnnRsqrt_RsqrtAiCore_Rsqrt,N/A,N/A,1790932512465740.959	,1.960,0.060000,0
7,aclnnMul_MulAiCore_Mul,N/A,N/A,1790932512465742.959	,26.281,0.040000,0
7,aclnnInplaceCopy_CastAiCore_Cast,N/A,N/A,1790932512465769.260	,12.180,0.000000,0
7,aclnnMul_MulAiCore_Mul,N/A,N/A,1790932512465781.460	,14.120,0.070000,0
7,aclnnAdd_AddAiCore_Add,N/A,N/A,1790932512465795.620	,13.881,0.000000,0
7,aclnnAddmm_MatMulV3Common_MatMulV3,N/A,N/A,1790932512465809.521	,144.962,0.119000,0
7,aclnnGeluV2_GeluV2_GeluV2,N/A,N/A,1790932512465954.503	,77.322,0.038000,0
7,aclnnAddmm_MatMulV3Common_MatMulV3,N/A,N/A,1790932512466031.985	,141.743,0.178000,0
7,aclnnAdd_AddAiCore_Add,N/A,N/A,1790932512466173.768	,12.840,0.007000,0
7,aclnnInplaceCopy_CastAiCore_Cast,N/A,N/A,1790932512466186.628	,11.980,0.160000,0
7,aclnnMean_ReduceMeanAiCore_ReduceMean,N/A,N/A,1790932512466199.948	,23.401,1.270000,0
7,aclnnSub_SubAiCore_Sub,N/A,N/A,1790932512466224.229	,26.340,0.849000,0
7,aclnnPowTensorScalar_PowsAiCore_Pows,N/A,N/A,1790932512466250.589	,25.301,0.000000,0
7,aclnnMean_ReduceMeanAiCore_ReduceMean,N/A,N/A,1790932512466277.290	,22.620,1.449000,0
7,aclnnAdds_AddAiCore_Add,N/A,N/A,1790932512466300.950	,1.820,1.130000,0
7,aclnnRsqrt_RsqrtAiCore_Rsqrt,N/A,N/A,1790932512466302.790	,1.580,0.000000,0
7,aclnnMul_MulAiCore_Mul,N/A,N/A,1790932512466304.390	,25.761,0.170000,0
7,aclnnInplaceCopy_CastAiCore_Cast,N/A,N/A,1790932512466330.171	,17.180,0.000000,0
7,aclnnMul_MulAiCore_Mul,N/A,N/A,1790932512466347.371	,16.681,0.000000,0
7,aclnnAdd_AddAiCore_Add,N/A,N/A,1790932512466364.072	,13.500,0.069000,0
7,aclnnAddmm_MatMulV3Common_MatMulV3,N/A,N/A,1790932512466377.612	,108.922,0.000000,0
7,aclnnInplaceCopy_SliceAiCore_Slice,N/A,N/A,1790932512466486.554	,10.880,0.078000,0
7,aclnnInplaceCopy_CastAiCore_Cast,N/A,N/A,1790932512466497.454	,11.781,0.120000,0
7,aclnnMul_MulAiCore_Mul,N/A,N/A,1790932512466509.275	,31.920,0.000000,0
7,aclnnInplaceCopy_SliceAiCore_Slice,N/A,N/A,1790932512466541.215	,9.240,0.080000,0
7,aclnnInplaceCopy_CastAiCore_Cast,N/A,N/A,1790932512466550.475	,7.460,0.010000,0
7,aclnnNeg_SliceAiCore_Slice,N/A,N/A,1790932512466557.955	,19.181,0.040000,0
7,aclnnNeg_NegAiCore_Neg,N/A,N/A,1790932512466577.156	,9.900,0.069000,0
7,aclnnCat_SliceAiCore_Slice,N/A,N/A,1790932512466587.096	,13.840,0.000000,0
7,aclnnCat_ConcatD_ConcatD,N/A,N/A,1790932512466600.956	,24.161,0.160000,0
7,aclnnMul_MulAiCore_Mul,N/A,N/A,1790932512466625.137	,23.120,0.089000,0
7,aclnnAdd_AddAiCore_Add,N/A,N/A,1790932512466648.277	,16.821,0.000000,0
7,aclnnInplaceCopy_CastAiCore_Cast,N/A,N/A,1790932512466665.118	,12.300,0.000000,0
7,aclnnInplaceCopy_SliceAiCore_Slice,N/A,N/A,1790932512466677.458	,10.180,0.200000,0
7,aclnnInplaceCopy_CastAiCore_Cast,N/A,N/A,1790932512466687.678	,11.840,0.070000,0
7,aclnnMul_MulAiCore_Mul,N/A,N/A,1790932512466699.558	,22.021,0.000000,0
7,aclnnInplaceCopy_SliceAiCore_Slice,N/A,N/A,1790932512466721.619	,8.560,0.000000,0
7,aclnnInplaceCopy_CastAiCore_Cast,N/A,N/A,1790932512466730.199	,7.300,0.190000,0
7,aclnnNeg_SliceAiCore_Slice,N/A,N/A,1790932512466737.519	,15.760,0.000000,0
7,aclnnNeg_NegAiCore_Neg,N/A,N/A,1790932512466753.319	,9.881,0.000000,0
7,aclnnCat_SliceAiCore_Slice,N/A,N/A,1790932512466763.220	,13.660,0.119000,0
7,aclnnCat_ConcatD_ConcatD,N/A,N/A,1790932512466776.900	,11.780,0.090000,0
7,aclnnMul_MulAiCore_Mul,N/A,N/A,1790932512466788.700	,24.021,0.000000,0
7,aclnnAdd_AddAiCore_Add,N/A,N/A,1790932512466812.741	,16.640,0.000000,0
7,aclnnInplaceCopy_CastAiCore_Cast,N/A,N/A,1790932512466829.401	,12.440,0.110000,0
7,aclnnInplaceCopy_TransposeAiCore_Transpose,N/A,N/A,1790932512466841.861	,26.441,0.000000,0
7,aclnnInplaceCopy_TransposeAiCore_Transpose,N/A,N/A,1790932512466868.322	,18.280,0.059000,0
7,aclnnInplaceCopy_AsStridedAiCore_AsStrided,N/A,N/A,1790932512466886.622	,18.940,0.000000,0
7,InnerPromptFlashAttention_PromptFlashAttention_PromptFlashAttention,N/A,N/A,1790932512466906.522	,1296.366,1.060000,0
7,aclnnInplaceCopy_TransposeAiCore_Transpose,N/A,N/A,1790932512468203.728	,24.781,0.884000,0
7,aclnnAddmm_MatMulCommon_MatMulV2,N/A,N/A,1790932512468228.529	,43.941,0.000000,0
7,aclnnAdd_AddAiCore_Add,N/A,N/A,1790932512468272.490	,12.520,0.059000,0
7,aclnnInplaceCopy_CastAiCore_Cast,N/A,N/A,1790932512468285.030	,11.940,0.000000,0
7,aclnnMean_ReduceMeanAiCore_ReduceMean,N/A,N/A,1790932512468298.370	,24.201,1.310000,0
7,aclnnSub_SubAiCore_Sub,N/A,N/A,1790932512468323.271	,26.660,0.799000,0
7,aclnnPowTensorScalar_PowsAiCore_Pows,N/A,N/A,1790932512468349.951	,25.061,0.090000,0
7,aclnnMean_ReduceMeanAiCore_ReduceMean,N/A,N/A,1790932512468376.392	,22.640,1.439000,0
7,aclnnAdds_AddAiCore_Add,N/A,N/A,1790932512468400.052	,1.720,0.860000,0
7,aclnnRsqrt_RsqrtAiCore_Rsqrt,N/A,N/A,1790932512468401.792	,1.900,0.030000,0
7,aclnnMul_MulAiCore_Mul,N/A,N/A,1790932512468403.712	,27.001,0.100000,0
7,aclnnInplaceCopy_CastAiCore_Cast,N/A,N/A,1790932512468430.733	,12.460,0.000000,0
7,aclnnMul_MulAiCore_Mul,N/A,N/A,1790932512468443.233	,14.300,0.040000,0
7,aclnnAdd_AddAiCore_Add,N/A,N/A,1790932512468457.553	,13.841,0.000000,0
7,aclnnAddmm_MatMulV3Common_MatMulV3,N/A,N/A,1790932512468471.414	,142.343,0.159000,0
7,aclnnGeluV2_GeluV2_GeluV2,N/A,N/A,1790932512468613.777	,77.381,0.000000,0
7,aclnnAddmm_MatMulV3Common_MatMulV3,N/A,N/A,1790932512468691.318	,140.883,0.119000,0
7,aclnnAdd_AddAiCore_Add,N/A,N/A,1790932512468832.221	,12.760,0.117000,0
7,aclnnInplaceCopy_CastAiCore_Cast,N/A,N/A,1790932512468845.001	,11.800,0.000000,0
7,aclnnMean_ReduceMeanAiCore_ReduceMean,N/A,N/A,1790932512468858.041	,23.361,1.200000,0
7,aclnnSub_SubAiCore_Sub,N/A,N/A,1790932512468882.342	,26.280,0.889000,0
7,aclnnPowTensorScalar_PowsAiCore_Pows,N/A,N/A,1790932512468908.662	,22.961,0.220000,0
7,aclnnMean_ReduceMeanAiCore_ReduceMean,N/A,N/A,1790932512468933.063	,22.920,1.289000,0
7,aclnnAdds_AddAiCore_Add,N/A,N/A,1790932512468956.723	,1.740,0.830000,0
7,aclnnRsqrt_RsqrtAiCore_Rsqrt,N/A,N/A,1790932512468958.483	,1.820,0.010000,0
7,aclnnMul_MulAiCore_Mul,N/A,N/A,1790932512468960.323	,26.521,0.000000,0
7,aclnnInplaceCopy_CastAiCore_Cast,N/A,N/A,1790932512468986.864	,13.020,0.000000,0
7,aclnnMul_MulAiCore_Mul,N/A,N/A,1790932512468999.904	,14.401,0.230000,0
7,aclnnAdd_AddAiCore_Add,N/A,N/A,1790932512469014.325	,13.600,0.000000,0
7,aclnnAddmm_MatMulV3Common_MatMulV3,N/A,N/A,1790932512469027.965	,106.162,0.150000,0
7,aclnnInplaceCopy_SliceAiCore_Slice,N/A,N/A,1790932512469134.147	,10.940,0.088000,0
7,aclnnInplaceCopy_CastAiCore_Cast,N/A,N/A,1790932512469145.107	,11.760,0.000000,0
7,aclnnMul_MulAiCore_Mul,N/A,N/A,1790932512469156.907	,31.121,0.240000,0
7,aclnnInplaceCopy_SliceAiCore_Slice,N/A,N/A,1790932512469188.048	,8.900,0.000000,0
7,aclnnInplaceCopy_CastAiCore_Cast,N/A,N/A,1790932512469196.968	,7.580,0.100000,0
7,aclnnNeg_SliceAiCore_Slice,N/A,N/A,1790932512469204.588	,19.481,0.000000,0
7,aclnnNeg_NegAiCore_Neg,N/A,N/A,1790932512469224.089	,9.960,0.019000,0
7,aclnnCat_SliceAiCore_Slice,N/A,N/A,1790932512469234.069	,13.640,0.040000,0
7,aclnnCat_ConcatD_ConcatD,N/A,N/A,1790932512469247.729	,22.561,0.110000,0
7,aclnnMul_MulAiCore_Mul,N/A,N/A,1790932512469270.310	,23.420,0.000000,0
7,aclnnAdd_AddAiCore_Add,N/A,N/A,1790932512469293.750	,17.160,0.080000,0
7,aclnnInplaceCopy_CastAiCore_Cast,N/A,N/A,1790932512469310.930	,12.441,0.090000,0
7,aclnnInplaceCopy_SliceAiCore_Slice,N/A,N/A,1790932512469323.391	,10.500,0.059000,0
7,aclnnInplaceCopy_CastAiCore_Cast,N/A,N/A,1790932512469333.911	,11.940,0.000000,0
7,aclnnMul_MulAiCore_Mul,N/A,N/A,1790932512469345.871	,22.361,0.000000,0
7,aclnnInplaceCopy_SliceAiCore_Slice,N/A,N/A,1790932512469368.252	,7.880,0.139000,0
7,aclnnInplaceCopy_CastAiCore_Cast,N/A,N/A,1790932512469376.152	,7.320,0.120000,0
7,aclnnNeg_SliceAiCore_Slice,N/A,N/A,1790932512469383.512	,17.300,0.000000,0
7,aclnnNeg_NegAiCore_Neg,N/A,N/A,1790932512469400.832	,10.120,0.000000,0
7,aclnnCat_SliceAiCore_Slice,N/A,N/A,1790932512469410.992	,13.081,0.130000,0
7,aclnnCat_ConcatD_ConcatD,N/A,N/A,1790932512469424.093	,11.280,0.000000,0
7,aclnnMul_MulAiCore_Mul,N/A,N/A,1790932512469435.393	,24.260,0.220000,0
7,aclnnAdd_AddAiCore_Add,N/A,N/A,1790932512469459.693	,16.581,0.000000,0
7,aclnnInplaceCopy_CastAiCore_Cast,N/A,N/A,1790932512469476.294	,12.320,0.000000,0
7,aclnnInplaceCopy_TransposeAiCore_Transpose,N/A,N/A,1790932512469488.634	,25.901,0.180000,0
7,aclnnInplaceCopy_TransposeAiCore_Transpose,N/A,N/A,1790932512469514.555	,18.220,0.000000,0
7,aclnnInplaceCopy_AsStridedAiCore_AsStrided,N/A,N/A,1790932512469532.795	,19.160,0.030000,0
7,InnerPromptFlashAttention_PromptFlashAttention_PromptFlashAttention,N/A,N/A,1790932512469553.395	,1301.046,1.590000,0
7,aclnnInplaceCopy_TransposeAiCore_Transpose,N/A,N/A,1790932512470855.521	,29.641,0.954000,0
7,aclnnAddmm_MatMulCommon_MatMulV2,N/A,N/A,1790932512470885.182	,44.601,0.109000,0
7,aclnnAdd_AddAiCore_Add,N/A,N/A,1790932512470929.803	,12.500,0.000000,0
7,aclnnInplaceCopy_CastAiCore_Cast,N/A,N/A,1790932512470942.323	,11.860,0.000000,0
7,aclnnMean_ReduceMeanAiCore_ReduceMean,N/A,N/A,1790932512470955.523	,24.281,1.390000,0
7,aclnnSub_SubAiCore_Sub,N/A,N/A,1790932512470981.044	,26.400,1.219000,0
7,aclnnPowTensorScalar_PowsAiCore_Pows,N/A,N/A,1790932512471007.484	,25.281,0.100000,0
7,aclnnMean_ReduceMeanAiCore_ReduceMean,N/A,N/A,1790932512471034.205	,22.460,1.469000,0
7,aclnnAdds_AddAiCore_Add,N/A,N/A,1790932512471057.845	,2.040,1.040000,0
7,aclnnRsqrt_RsqrtAiCore_Rsqrt,N/A,N/A,1790932512471059.905	,2.080,0.210000,0
7,aclnnMul_MulAiCore_Mul,N/A,N/A,1790932512471062.005	,26.761,0.000000,0
7,aclnnInplaceCopy_CastAiCore_Cast,N/A,N/A,1790932512471088.786	,12.560,0.000000,0
7,aclnnMul_MulAiCore_Mul,N/A,N/A,1790932512471101.366	,14.161,0.000000,0
7,aclnnAdd_AddAiCore_Add,N/A,N/A,1790932512471115.547	,13.820,0.089000,0
7,aclnnAddmm_MatMulV3Common_MatMulV3,N/A,N/A,1790932512471129.387	,142.963,0.180000,0
7,aclnnGeluV2_GeluV2_GeluV2,N/A,N/A,1790932512471272.370	,77.221,0.000000,0
7,aclnnAddmm_MatMulV3Common_MatMulV3,N/A,N/A,1790932512471349.751	,141.403,0.279000,0
7,aclnnAdd_AddAiCore_Add,N/A,N/A,1790932512471491.174	,12.800,0.097000,0
7,aclnnInplaceCopy_CastAiCore_Cast,N/A,N/A,1790932512471503.994	,11.761,0.000000,0
7,aclnnMean_ReduceMeanAiCore_ReduceMean,N/A,N/A,1790932512471516.855	,23.480,0.989000,0
7,aclnnSub_SubAiCore_Sub,N/A,N/A,1790932512471541.175	,25.921,1.020000,0
7,aclnnPowTensorScalar_PowsAiCore_Pows,N/A,N/A,1790932512471567.136	,25.160,0.079000,0
7,aclnnMean_ReduceMeanAiCore_ReduceMean,N/A,N/A,1790932512471593.656	,22.681,1.340000,0
7,aclnnAdds_AddAiCore_Add,N/A,N/A,1790932512471617.337	,1.560,0.819000,0
7,aclnnRsqrt_RsqrtAiCore_Rsqrt,N/A,N/A,1790932512471618.917	,1.880,0.190000,0
7,aclnnMul_MulAiCore_Mul,N/A,N/A,1790932512471620.817	,26.040,0.000000,0
7,aclnnInplaceCopy_CastAiCore_Cast,N/A,N/A,1790932512471646.877	,14.060,0.210000,0
7,aclnnMul_MulAiCore_Mul,N/A,N/A,1790932512471660.957	,14.841,0.000000,0
7,aclnnAdd_AddAiCore_Add,N/A,N/A,1790932512471675.838	,18.160,0.000000,0
7,aclnnAddmm_MatMulV3Common_MatMulV3,N/A,N/A,1790932512471694.018	,107.102,0.090000,0
7,aclnnInplaceCopy_SliceAiCore_Slice,N/A,N/A,1790932512471801.140	,10.900,0.148000,0
7,aclnnInplaceCopy_CastAiCore_Cast,N/A,N/A,1790932512471812.060	,11.741,0.000000,0
7,aclnnMul_MulAiCore_Mul,N/A,N/A,1790932512471823.821	,33.120,0.009000,0
7,aclnnInplaceCopy_SliceAiCore_Slice,N/A,N/A,1790932512471856.961	,8.721,0.130000,0
7,aclnnInplaceCopy_CastAiCore_Cast,N/A,N/A,1790932512471865.702	,7.300,0.029000,0
7,aclnnNeg_SliceAiCore_Slice,N/A,N/A,1790932512471873.022	,18.740,0.000000,0
7,aclnnNeg_NegAiCore_Neg,N/A,N/A,1790932512471891.802	,9.980,0.010000,0
7,aclnnCat_SliceAiCore_Slice,N/A,N/A,1790932512471901.802	,13.721,0.020000,0
7,aclnnCat_ConcatD_ConcatD,N/A,N/A,1790932512471915.543	,23.840,0.029000,0
7,aclnnMul_MulAiCore_Mul,N/A,N/A,1790932512471939.403	,22.920,0.160000,0
7,aclnnAdd_AddAiCore_Add,N/A,N/A,1790932512471962.363	,16.721,0.000000,0
7,aclnnInplaceCopy_CastAiCore_Cast,N/A,N/A,1790932512471979.104	,12.400,0.029000,0
7,aclnnInplaceCopy_SliceAiCore_Slice,N/A,N/A,1790932512471991.524	,10.260,0.100000,0
7,aclnnInplaceCopy_CastAiCore_Cast,N/A,N/A,1790932512472001.824	,11.840,0.000000,0
7,aclnnMul_MulAiCore_Mul,N/A,N/A,1790932512472013.684	,23.301,0.160000,0
7,aclnnInplaceCopy_SliceAiCore_Slice,N/A,N/A,1790932512472037.025	,8.580,0.000000,0
7,aclnnInplaceCopy_CastAiCore_Cast,N/A,N/A,1790932512472045.645	,7.340,0.170000,0
7,aclnnNeg_SliceAiCore_Slice,N/A,N/A,1790932512472053.005	,15.661,0.000000,0
7,aclnnNeg_NegAiCore_Neg,N/A,N/A,1790932512472068.706	,10.040,0.089000,0
7,aclnnCat_SliceAiCore_Slice,N/A,N/A,1790932512472078.786	,14.320,0.000000,0
7,aclnnCat_ConcatD_ConcatD,N/A,N/A,1790932512472093.126	,12.180,0.180000,0
7,aclnnMul_MulAiCore_Mul,N/A,N/A,1790932512472105.346	,23.821,0.000000,0
7,aclnnAdd_AddAiCore_Add,N/A,N/A,1790932512472129.207	,16.500,0.179000,0
7,aclnnInplaceCopy_CastAiCore_Cast,N/A,N/A,1790932512472145.727	,13.780,0.000000,0
7,aclnnInplaceCopy_TransposeAiCore_Transpose,N/A,N/A,1790932512472159.527	,25.501,0.000000,0
7,aclnnInplaceCopy_TransposeAiCore_Transpose,N/A,N/A,1790932512472185.068	,18.460,0.000000,0
7,aclnnInplaceCopy_AsStridedAiCore_AsStrided,N/A,N/A,1790932512472203.568	,19.481,0.040000,0
7,InnerPromptFlashAttention_PromptFlashAttention_PromptFlashAttention,N/A,N/A,1790932512472224.349	,1292.766,1.269000,0
7,aclnnInplaceCopy_TransposeAiCore_Transpose,N/A,N/A,1790932512473518.055	,25.000,0.984000,0
7,aclnnAddmm_MatMulCommon_MatMulV2,N/A,N/A,1790932512473543.095	,43.621,0.000000,0
7,aclnnAdd_AddAiCore_Add,N/A,N/A,1790932512473586.736	,12.420,0.129000,0
7,aclnnInplaceCopy_CastAiCore_Cast,N/A,N/A,1790932512473599.176	,14.320,0.080000,0
7,aclnnMean_ReduceMeanAiCore_ReduceMean,N/A,N/A,1790932512473614.376	,24.441,0.930000,0
7,aclnnSub_SubAiCore_Sub,N/A,N/A,1790932512473639.857	,27.061,0.809000,0
7,aclnnPowTensorScalar_PowsAiCore_Pows,N/A,N/A,1790932512473666.938	,24.940,0.189000,0
7,aclnnMean_ReduceMeanAiCore_ReduceMean,N/A,N/A,1790932512473692.918	,22.840,1.060000,0
7,aclnnAdds_AddAiCore_Add,N/A,N/A,1790932512473716.579	,1.640,0.660000,0
7,aclnnRsqrt_RsqrtAiCore_Rsqrt,N/A,N/A,1790932512473718.239	,1.840,0.110000,0
7,aclnnMul_MulAiCore_Mul,N/A,N/A,1790932512473720.099	,26.300,0.000000,0
7,aclnnInplaceCopy_CastAiCore_Cast,N/A,N/A,1790932512473746.439	,12.520,0.200000,0
7,aclnnMul_MulAiCore_Mul,N/A,N/A,1790932512473758.979	,14.021,0.000000,0
7,aclnnAdd_AddAiCore_Add,N/A,N/A,1790932512473773.040	,14.360,0.000000,0
7,aclnnAddmm_MatMulV3Common_MatMulV3,N/A,N/A,1790932512473787.420	,142.803,0.140000,0
7,aclnnGeluV2_GeluV2_GeluV2,N/A,N/A,1790932512473930.243	,77.361,0.000000,0
7,aclnnAddmm_MatMulV3Common_MatMulV3,N/A,N/A,1790932512474007.744	,144.463,0.139000,0
7,aclnnAdd_AddAiCore_Add,N/A,N/A,1790932512474152.227	,12.840,0.037000,0
7,aclnnInplaceCopy_CastAiCore_Cast,N/A,N/A,1790932512474165.087	,11.841,0.000000,0
7,aclnnMean_ReduceMeanAiCore_ReduceMean,N/A,N/A,1790932512474178.008	,23.360,1.159000,0
7,aclnnSub_SubAiCore_Sub,N/A,N/A,1790932512474202.228	,25.781,0.890000,0
7,aclnnPowTensorScalar_PowsAiCore_Pows,N/A,N/A,1790932512474228.049	,21.180,0.000000,0
7,aclnnMean_ReduceMeanAiCore_ReduceMean,N/A,N/A,1790932512474250.529	,22.741,1.320000,0
7,aclnnAdds_AddAiCore_Add,N/A,N/A,1790932512474274.230	,1.960,1.009000,0
7,aclnnRsqrt_RsqrtAiCore_Rsqrt,N/A,N/A,1790932512474276.210	,1.940,0.040000,0
7,aclnnMul_MulAiCore_Mul,N/A,N/A,1790932512474278.170	,25.940,0.060000,0
7,aclnnInplaceCopy_CastAiCore_Cast,N/A,N/A,1790932512474304.150	,13.141,0.060000,0
7,aclnnMul_MulAiCore_Mul,N/A,N/A,1790932512474317.311	,14.800,0.000000,0
7,aclnnAdd_AddAiCore_Add,N/A,N/A,1790932512474332.131	,13.400,0.200000,0
7,aclnnAddmm_MatMulV3Common_MatMulV3,N/A,N/A,1790932512474345.551	,106.202,0.000000,0
7,aclnnInplaceCopy_SliceAiCore_Slice,N/A,N/A,1790932512474451.773	,11.200,0.048000,0
7,aclnnInplaceCopy_CastAiCore_Cast,N/A,N/A,1790932512474462.993	,11.861,0.050000,0
7,aclnnMul_MulAiCore_Mul,N/A,N/A,1790932512474474.874	,31.620,0.000000,0
7,aclnnInplaceCopy_SliceAiCore_Slice,N/A,N/A,1790932512474506.514	,8.480,0.130000,0
7,aclnnInplaceCopy_CastAiCore_Cast,N/A,N/A,1790932512474515.014	,7.461,0.020000,0
7,aclnnNeg_SliceAiCore_Slice,N/A,N/A,1790932512474522.495	,19.180,0.039000,0
7,aclnnNeg_NegAiCore_Neg,N/A,N/A,1790932512474541.695	,10.200,0.070000,0
7,aclnnCat_SliceAiCore_Slice,N/A,N/A,1790932512474551.915	,13.100,0.050000,0
7,aclnnCat_ConcatD_ConcatD,N/A,N/A,1790932512474565.035	,23.501,0.000000,0
7,aclnnMul_MulAiCore_Mul,N/A,N/A,1790932512474588.556	,23.400,0.000000,0
7,aclnnAdd_AddAiCore_Add,N/A,N/A,1790932512474611.996	,17.081,0.100000,0
7,aclnnInplaceCopy_CastAiCore_Cast,N/A,N/A,1790932512474629.097	,12.600,0.000000,0
7,aclnnInplaceCopy_SliceAiCore_Slice,N/A,N/A,1790932512474641.717	,10.320,0.150000,0
7,aclnnInplaceCopy_CastAiCore_Cast,N/A,N/A,1790932512474652.057	,12.000,0.000000,0
7,aclnnMul_MulAiCore_Mul,N/A,N/A,1790932512474664.077	,22.481,0.000000,0
7,aclnnInplaceCopy_SliceAiCore_Slice,N/A,N/A,1790932512474686.598	,7.960,0.019000,0
7,aclnnInplaceCopy_CastAiCore_Cast,N/A,N/A,1790932512474694.578	,7.180,0.040000,0
7,aclnnNeg_SliceAiCore_Slice,N/A,N/A,1790932512474701.778	,17.181,0.070000,0
7,aclnnNeg_NegAiCore_Neg,N/A,N/A,1790932512474718.979	,10.000,0.069000,0
7,aclnnCat_SliceAiCore_Slice,N/A,N/A,1790932512474728.999	,12.960,0.000000,0
7,aclnnCat_ConcatD_ConcatD,N/A,N/A,1790932512474741.999	,11.300,0.040000,0
7,aclnnMul_MulAiCore_Mul,N/A,N/A,1790932512474753.319	,24.101,0.000000,0
7,aclnnAdd_AddAiCore_Add,N/A,N/A,1790932512474777.460	,16.540,0.149000,0
7,aclnnInplaceCopy_CastAiCore_Cast,N/A,N/A,1790932512474794.020	,12.540,0.000000,0
7,aclnnInplaceCopy_TransposeAiCore_Transpose,N/A,N/A,1790932512474806.580	,26.181,0.000000,0
7,aclnnInplaceCopy_TransposeAiCore_Transpose,N/A,N/A,1790932512474832.781	,18.180,0.069000,0
7,aclnnInplaceCopy_AsStridedAiCore_AsStrided,N/A,N/A,1790932512474850.981	,18.841,0.070000,0
7,InnerPromptFlashAttention_PromptFlashAttention_PromptFlashAttention,N/A,N/A,1790932512474870.782	,1307.506,0.909000,0
7,aclnnInplaceCopy_TransposeAiCore_Transpose,N/A,N/A,1790932512476179.328	,29.600,0.994000,0
7,aclnnAddmm_MatMulCommon_MatMulV2,N/A,N/A,1790932512476208.948	,44.281,0.150000,0
7,aclnnAdd_AddAiCore_Add,N/A,N/A,1790932512476253.269	,12.360,0.000000,0
7,aclnnInplaceCopy_CastAiCore_Cast,N/A,N/A,1790932512476265.649	,11.761,0.140000,0
7,aclnnMean_ReduceMeanAiCore_ReduceMean,N/A,N/A,1790932512476278.570	,23.940,0.989000,0
7,aclnnSub_SubAiCore_Sub,N/A,N/A,1790932512476303.450	,27.601,1.060000,0
7,aclnnPowTensorScalar_PowsAiCore_Pows,N/A,N/A,1790932512476331.091	,23.480,0.000000,0
7,aclnnMean_ReduceMeanAiCore_ReduceMean,N/A,N/A,1790932512476355.891	,22.861,1.520000,0
7,aclnnAdds_AddAiCore_Add,N/A,N/A,1790932512476379.552	,1.900,0.639000,0
7,aclnnRsqrt_RsqrtAiCore_Rsqrt,N/A,N/A,1790932512476381.472	,1.800,0.100000,0
7,aclnnMul_MulAiCore_Mul,N/A,N/A,1790932512476383.292	,26.380,0.000000,0
7,aclnnInplaceCopy_CastAiCore_Cast,N/A,N/A,1790932512476409.692	,12.361,0.120000,0
7,aclnnMul_MulAiCore_Mul,N/A,N/A,1790932512476422.073	,13.940,0.000000,0
7,aclnnAdd_AddAiCore_Add,N/A,N/A,1790932512476436.033	,13.780,0.060000,0
7,aclnnAddmm_MatMulV3Common_MatMulV3,N/A,N/A,1790932512476449.833	,143.103,0.000000,0
7,aclnnGeluV2_GeluV2_GeluV2,N/A,N/A,1790932512476592.956	,77.262,0.147000,0
7,aclnnAddmm_MatMulV3Common_MatMulV3,N/A,N/A,1790932512476670.378	,141.682,0.238000,0
7,aclnnAdd_AddAiCore_Add,N/A,N/A,1790932512476812.080	,12.821,0.000000,0
7,aclnnEmbedding_GatherV2AiCore_GatherV2,N/A,N/A,1790932512476825.261	,61.001,0.429000,0
7,aclnnInplaceZero_ZerosLikeAiCore_ZerosLike,N/A,N/A,1790932512476886.282	,13.380,0.000000,0
7,aclnnInplaceZero_ZerosLikeAiCore_ZerosLike,N/A,N/A,1790932512476899.682	,3.760,0.120000,0
7,aclnnInplaceZero_ZerosLikeAiCore_ZerosLike,N/A,N/A,1790932512476903.462	,3.560,0.000000,0
7,aclnnEqScalar_EqualAiCore_Equal,N/A,N/A,1790932512476907.042	,2.340,0.000000,0
7,aclnnLayerNormWithImplMode_LayerNormV3WithImplMode_LayerNormV3,N/A,N/A,1790932512476909.402	,64.622,0.160000,0
7,aclnnLayerNormWithImplMode_CastAiCore_Cast,N/A,N/A,1790932512476974.044	,1.760,0.000000,0
7,aclnnLayerNormWithImplMode_CastAiCore_Cast,N/A,N/A,1790932512476975.824	,1.580,0.000000,0
7,aclnnAddmm_MatMulV3Common_MatMulV3,N/A,N/A,1790932512476977.424	,179.623,0.170000,0
7,aclnnGelu_Gelu_Gelu,N/A,N/A,1790932512477157.087	,24.401,0.000000,0
7,aclnnAddmm_MatMulV3Common_MatMulV3,N/A,N/A,1790932512477181.648	,128.322,0.349000,0
7,aclnnInplaceCopy_TensorMoveAiCore_TensorMove,N/A,N/A,1790932512477309.990	,10.941,0.000000,0
7,aclnnInplaceMaskedScatter_CastAiCore_Cast,N/A,N/A,1790932512477320.951	,1.160,0.059000,0
7,aclnnInplaceMaskedScatter_BroadcastToAiCore_BroadcastTo,N/A,N/A,1790932512477322.131	,12.960,0.090000,0
7,aclnnInplaceMaskedScatter_CastAiCore_Cast,N/A,N/A,1790932512477335.111	,14.320,0.000000,0
7,aclnnInplaceMaskedScatter_MaskedScatterAiCore_MaskedScatter,N/A,N/A,1790932512477349.451	,2219.424,0.180000,0
7,aclnnLayerNormWithImplMode_LayerNormV3WithImplMode_LayerNormV3,N/A,N/A,1790932512479568.895	,62.642,0.076000,0
7,aclnnLayerNormWithImplMode_CastAiCore_Cast,N/A,N/A,1790932512479631.557	,1.000,0.000000,0
7,aclnnLayerNormWithImplMode_CastAiCore_Cast,N/A,N/A,1790932512479632.577	,1.080,0.000000,0
7,aclnnAddmm_MatMulV3Common_MatMulV3,N/A,N/A,1790932512479633.677	,179.203,0.170000,0
7,aclnnGelu_Gelu_Gelu,N/A,N/A,1790932512479812.900	,24.121,0.047000,0
7,aclnnAddmm_MatMulV3Common_MatMulV3,N/A,N/A,1790932512479837.161	,119.362,0.129000,0
7,aclnnNonzeroV2_NonzeroAiCore_MemSet,N/A,N/A,1790932512479956.543	,10.360,0.000000,0
7,aclnnNonzeroV2_NonzeroAiCore_NonZero,N/A,N/A,1790932512479967.883	,5.161,1.140000,0
7,aclnnIndexPutImpl_IndexPutV2_IndexPutV2,N/A,N/A,1790932512480309.250	,17.761,336.089000,0
7,aclnnLayerNormWithImplMode_LayerNormV3WithImplMode_LayerNormV3,N/A,N/A,1790932512480405.492	,57.601,78.489000,0
7,aclnnLayerNormWithImplMode_CastAiCore_Cast,N/A,N/A,1790932512480463.113	,1.120,0.000000,0
7,aclnnLayerNormWithImplMode_CastAiCore_Cast,N/A,N/A,1790932512480464.253	,1.160,0.130000,0
7,aclnnAddmm_MatMulV3Common_MatMulV3,N/A,N/A,1790932512480486.774	,166.263,21.340000,0
7,aclnnGelu_Gelu_Gelu,N/A,N/A,1790932512480653.057	,24.361,0.000000,0
7,aclnnAddmm_MatMulV3Common_MatMulV3,N/A,N/A,1790932512480677.558	,115.042,0.139000,0
7,aclnnNonzeroV2_NonzeroAiCore_MemSet,N/A,N/A,1790932512480792.620	,8.660,0.000000,0
7,aclnnNonzeroV2_NonzeroAiCore_NonZero,N/A,N/A,1790932512480802.760	,4.460,1.590000,0
7,aclnnIndexPutImpl_IndexPutV2_IndexPutV2,N/A,N/A,1790932512481041.285	,18.520,234.040000,0
7,aclnnLayerNormWithImplMode_LayerNormV3WithImplMode_LayerNormV3,N/A,N/A,1790932512481146.147	,58.821,86.480000,0
7,aclnnLayerNormWithImplMode_CastAiCore_Cast,N/A,N/A,1790932512481204.988	,1.460,0.000000,0
7,aclnnLayerNormWithImplMode_CastAiCore_Cast,N/A,N/A,1790932512481206.488	,1.080,0.040000,0
7,aclnnAddmm_MatMulV3Common_MatMulV3,N/A,N/A,1790932512481225.449	,160.403,17.920000,0
7,aclnnGelu_Gelu_Gelu,N/A,N/A,1790932512481385.872	,24.500,0.000000,0
7,aclnnAddmm_MatMulV3Common_MatMulV3,N/A,N/A,1790932512481410.532	,113.263,0.250000,0
7,aclnnNonzeroV2_NonzeroAiCore_MemSet,N/A,N/A,1790932512481523.835	,8.880,0.000000,0
7,aclnnNonzeroV2_NonzeroAiCore_NonZero,N/A,N/A,1790932512481534.155	,5.260,1.620000,0
7,aclnnIndexPutImpl_IndexPutV2_IndexPutV2,N/A,N/A,1790932512481761.939	,18.841,222.490000,0
7,aclnnArange_ArangeAiCore_Range,N/A,N/A,1790932512481802.380	,10.400,21.659000,0
7,aclnnGeTensor_GreaterEqual_GreaterEqual,N/A,N/A,1790932512481869.641	,54.842,56.850000,0
7,aclnnInplaceCopy_CastAiCore_Cast,N/A,N/A,1790932512481944.183	,1.780,19.658000,0
7,aclnnBitwiseAndTensor_LogicalAndAiCore_LogicalAnd,N/A,N/A,1790932512481983.704	,17.300,37.720000,0
7,aclnnInplaceFillScalar_FillAiCore_Fill,N/A,N/A,1790932512482040.225	,1.020,39.200000,0
7,aclnnInplaceFillScalar_FillAiCore_Fill,N/A,N/A,1790932512482055.545	,0.900,14.230000,0
7,aclnnSWhere_SelectV2AiCore_SelectV2,N/A,N/A,1790932512482085.466	,25.300,29.100000,0
7,aclnnInplaceCopy_CastAiCore_Cast,N/A,N/A,1790932512482127.407	,9.620,16.700000,0
7,aclnnInplaceCopy_CastAiCore_Cast,N/A,N/A,1790932512482548.475	,2.580,411.380000,0
7,aclnnMatmul_BroadcastToAiCore_BroadcastTo,N/A,N/A,1790932512482590.496	,1.440,39.420000,0
7,aclnnMatmul_MulAiCore_Mul,N/A,N/A,1790932512482598.416	,12.180,6.560000,0
7,aclnnInplaceCopy_TransposeAiCore_Transpose,N/A,N/A,1790932512482660.337	,20.841,49.570000,0
7,aclnnInplaceCopy_SliceAiCore_Slice,N/A,N/A,1790932512482902.342	,4.580,221.159000,0
7,aclnnInplaceCopy_TransposeAiCore_Transpose,N/A,N/A,1790932512482918.042	,10.461,11.170000,0
7,aclnnInplaceCopy_ViewCopyAiCpu_ViewCopy,N/A,N/A,1790932512482947.423	,175.763,19.039000,0
7,aclnnInplaceCopy_SliceAiCore_Slice,N/A,N/A,1790932512483123.206	,4.561,0.000000,0
7,aclnnInplaceCopy_TransposeAiCore_Transpose,N/A,N/A,1790932512483127.787	,11.220,0.000000,0
7,aclnnInplaceCopy_ViewCopyAiCpu_ViewCopy,N/A,N/A,1790932512483139.027	,246.625,0.030000,0
7,aclnnCat_ConcatD_ConcatD,N/A,N/A,1790932512483385.672	,7.300,0.125000,0
7,aclnnCos_CosAiCore_Cos,N/A,N/A,1790932512483392.992	,10.260,0.000000,0
7,aclnnInplaceCopy_CastAiCore_Cast,N/A,N/A,1790932512483403.272	,9.440,0.000000,0
7,aclnnSin_SinAiCore_Sin,N/A,N/A,1790932512483412.732	,9.760,0.060000,0
7,aclnnInplaceCopy_CastAiCore_Cast,N/A,N/A,1790932512483422.512	,2.860,0.000000,0
7,aclnnLtScalar_LessAiCore_Less,N/A,N/A,1790932512483425.392	,11.861,0.140000,0
7,aclnnBitwiseNot_LogicalNotAiCore_LogicalNot,N/A,N/A,1790932512483437.273	,8.080,0.000000,0
7,aclnnAny_ReduceAny_ReduceAny,N/A,N/A,1790932512483446.333	,18.580,0.920000,0
7,aclnnAll_ReduceAll_ReduceAll,N/A,N/A,1790932512483467.653	,2.840,2.920000,0
7,aclnnInplaceCopy_CastAiCore_Cast,N/A,N/A,1790932512484567.975	,12.161,1097.410000,0
7,aclnnPowTensorScalar_PowsAiCore_Pows,N/A,N/A,1790932512484609.816	,16.560,29.589000,0
7,aclnnMean_ReduceMeanAiCore_ReduceMean,N/A,N/A,1790932512484651.997	,22.180,25.690000,0
7,aclnnAdds_AddAiCore_Add,N/A,N/A,1790932512484691.518	,1.460,17.320000,0
7,aclnnRsqrt_RsqrtAiCore_Rsqrt,N/A,N/A,1790932512484707.278	,1.580,14.290000,0
7,aclnnMul_MulAiCore_Mul,N/A,N/A,1790932512484744.559	,21.600,35.670000,0
7,aclnnInplaceCopy_CastAiCore_Cast,N/A,N/A,1790932512484800.520	,10.880,34.400000,0
7,aclnnMul_MulAiCore_Mul,N/A,N/A,1790932512484829.841	,12.140,18.370000,0
7,aclnnMatmul_MatMulV3Common_MatMulV3,N/A,N/A,1790932512484923.522	,139.123,81.610000,0
7,aclnnInplaceCopy_SliceAiCore_Slice,N/A,N/A,1790932512485093.586	,11.320,30.877000,0
7,aclnnInplaceCopy_CastAiCore_Cast,N/A,N/A,1790932512485104.926	,12.260,0.180000,0
7,aclnnPowTensorScalar_PowsAiCore_Pows,N/A,N/A,1790932512485123.786	,24.521,6.490000,0
7,aclnnMean_ReduceMeanAiCore_ReduceMean,N/A,N/A,1790932512485165.027	,20.881,16.729000,0
7,aclnnAdds_AddAiCore_Add,N/A,N/A,1790932512485203.608	,5.680,17.619000,0
7,aclnnRsqrt_RsqrtAiCore_Rsqrt,N/A,N/A,1790932512485217.168	,6.780,8.070000,0
7,aclnnMul_MulAiCore_Mul,N/A,N/A,1790932512485255.769	,25.781,31.720000,0
7,aclnnInplaceCopy_CastAiCore_Cast,N/A,N/A,1790932512485309.050	,12.420,27.469000,0
7,aclnnMul_MulAiCore_Mul,N/A,N/A,1790932512485333.531	,11.680,12.080000,0
7,aclnnInplaceCopy_SliceAiCore_Slice,N/A,N/A,1790932512485443.593	,10.700,98.320000,0
7,aclnnInplaceCopy_CastAiCore_Cast,N/A,N/A,1790932512485454.333	,8.380,0.050000,0
7,aclnnPowTensorScalar_PowsAiCore_Pows,N/A,N/A,1790932512485473.913	,15.001,11.370000,0
7,aclnnMean_ReduceMeanAiCore_ReduceMean,N/A,N/A,1790932512485514.934	,13.541,25.999000,0
7,aclnnAdds_AddAiCore_Add,N/A,N/A,1790932512485541.375	,2.240,12.959000,0
7,aclnnRsqrt_RsqrtAiCore_Rsqrt,N/A,N/A,1790932512485572.795	,2.500,29.010000,0
7,aclnnMul_MulAiCore_Mul,N/A,N/A,1790932512485588.196	,16.000,13.000000,0
7,aclnnInplaceCopy_CastAiCore_Cast,N/A,N/A,1790932512485650.697	,9.440,46.500000,0
7,aclnnMul_MulAiCore_Mul,N/A,N/A,1790932512485675.297	,9.161,15.060000,0
7,aclnnMul_TransposeAiCore_Transpose,N/A,N/A,1790932512485768.839	,36.541,84.339000,0
7,aclnnMul_MulAiCore_Mul,N/A,N/A,1790932512485805.400	,14.180,0.209000,0
7,aclnnNeg_AsStridedAiCore_AsStrided,N/A,N/A,1790932512485836.161	,13.980,16.570000,0
7,aclnnNeg_NegAiCore_Neg,N/A,N/A,1790932512485850.161	,8.620,0.020000,0
7,aclnnCat_AsStridedAiCore_AsStrided,N/A,N/A,1790932512485867.421	,12.381,8.630000,0
7,aclnnCat_ConcatD_ConcatD,N/A,N/A,1790932512485879.822	,11.760,0.000000,0
7,aclnnMul_MulAiCore_Mul,N/A,N/A,1790932512485896.382	,13.900,4.990000,0
7,aclnnAdd_AddAiCore_Add,N/A,N/A,1790932512485923.822	,12.941,13.350000,0
7,aclnnMul_TransposeAiCore_Transpose,N/A,N/A,1790932512485953.363	,21.660,16.559000,0
7,aclnnMul_MulAiCore_Mul,N/A,N/A,1790932512485975.043	,7.621,0.090000,0
7,aclnnNeg_AsStridedAiCore_AsStrided,N/A,N/A,1790932512486009.944	,9.040,27.379000,0
7,aclnnNeg_NegAiCore_Neg,N/A,N/A,1790932512486020.424	,8.081,1.460000,0
7,aclnnCat_AsStridedAiCore_AsStrided,N/A,N/A,1790932512486050.545	,9.240,21.919000,0
7,aclnnCat_ConcatD_ConcatD,N/A,N/A,1790932512486059.805	,6.900,0.010000,0
7,aclnnMul_MulAiCore_Mul,N/A,N/A,1790932512486067.185	,5.900,0.600000,0
7,aclnnAdd_AddAiCore_Add,N/A,N/A,1790932512486093.306	,8.580,20.100000,0
7,aclnnInplaceCopy_AsStridedAiCore_AsStrided,N/A,N/A,1790932512486166.227	,7.280,64.420000,0
7,InnerPromptFlashAttention_PromptFlashAttention_PromptFlashAttention,N/A,N/A,1790932512486543.755	,303.826,370.220000,0
7,aclnnInplaceCopy_TransposeAiCore_Transpose,N/A,N/A,1790932512486848.401	,36.221,0.924000,0
7,aclnnMatmul_MatMulV3Common_MatMulV3,N/A,N/A,1790932512486884.642	,118.162,0.029000,0
7,aclnnAdd_AddAiCore_Add,N/A,N/A,1790932512487002.824	,11.280,0.000000,0
7,aclnnInplaceCopy_CastAiCore_Cast,N/A,N/A,1790932512487014.124	,10.180,0.000000,0
7,aclnnPowTensorScalar_PowsAiCore_Pows,N/A,N/A,1790932512487024.324	,17.941,0.070000,0
7,aclnnMean_ReduceMeanAiCore_ReduceMean,N/A,N/A,1790932512487043.705	,20.480,1.559000,0
7,aclnnAdds_AddAiCore_Add,N/A,N/A,1790932512487064.965	,1.540,0.770000,0
7,aclnnRsqrt_RsqrtAiCore_Rsqrt,N/A,N/A,1790932512487066.525	,1.360,0.000000,0
7,aclnnMul_MulAiCore_Mul,N/A,N/A,1790932512487067.905	,22.921,0.140000,0
7,aclnnInplaceCopy_CastAiCore_Cast,N/A,N/A,1790932512487090.866	,10.820,0.000000,0
7,aclnnMul_MulAiCore_Mul,N/A,N/A,1790932512487101.706	,12.240,0.180000,0
7,aclnnMatmul_MatMulCommon_MatMulV2,N/A,N/A,1790932512487158.227	,467.709,44.260000,0
7,aclnnSilu_SliceAiCore_Slice,N/A,N/A,1790932512487625.956	,19.841,0.041000,0
7,aclnnSilu_SiluAiCore_Swish,N/A,N/A,1790932512487645.817	,33.820,0.000000,0
7,aclnnMul_SliceAiCore_Slice,N/A,N/A,1790932512487679.657	,14.821,0.180000,0
7,aclnnMul_MulAiCore_Mul,N/A,N/A,1790932512487694.498	,19.220,0.000000,0
7,aclnnMatmul_MatMulV3Common_MatMulV3,N/A,N/A,1790932512487713.738	,271.206,0.030000,0
7,aclnnAdd_AddAiCore_Add,N/A,N/A,1790932512487984.964	,15.680,0.044000,0
7,aclnnAdd_AddAiCore_Add,N/A,N/A,1790932512488000.664	,11.200,0.070000,0
7,aclnnInplaceCopy_CastAiCore_Cast,N/A,N/A,1790932512488011.884	,10.040,0.050000,0
7,aclnnPowTensorScalar_PowsAiCore_Pows,N/A,N/A,1790932512488021.944	,17.101,0.000000,0
7,aclnnMean_ReduceMeanAiCore_ReduceMean,N/A,N/A,1790932512488040.285	,21.260,1.149000,0
7,aclnnAdds_AddAiCore_Add,N/A,N/A,1790932512488062.725	,1.500,1.240000,0
7,aclnnRsqrt_RsqrtAiCore_Rsqrt,N/A,N/A,1790932512488064.245	,1.320,0.000000,0
7,aclnnMul_MulAiCore_Mul,N/A,N/A,1790932512488065.585	,21.841,0.000000,0
7,aclnnInplaceCopy_CastAiCore_Cast,N/A,N/A,1790932512488087.446	,10.900,0.159000,0
7,aclnnMul_MulAiCore_Mul,N/A,N/A,1790932512488098.366	,11.980,0.000000,0
7,aclnnMatmul_MatMulV3Common_MatMulV3,N/A,N/A,1790932512488110.366	,164.603,0.020000,0
7,aclnnInplaceCopy_SliceAiCore_Slice,N/A,N/A,1790932512488275.009	,11.401,0.147000,0
7,aclnnInplaceCopy_CastAiCore_Cast,N/A,N/A,1790932512488286.430	,17.020,0.099000,0
7,aclnnPowTensorScalar_PowsAiCore_Pows,N/A,N/A,1790932512488303.470	,26.500,0.000000,0
7,aclnnMean_ReduceMeanAiCore_ReduceMean,N/A,N/A,1790932512488330.891	,20.400,1.000000,0
7,aclnnAdds_AddAiCore_Add,N/A,N/A,1790932512488352.131	,9.260,0.850000,0
7,aclnnRsqrt_RsqrtAiCore_Rsqrt,N/A,N/A,1790932512488361.431	,6.560,0.000000,0
7,aclnnMul_MulAiCore_Mul,N/A,N/A,1790932512488368.011	,25.561,0.000000,0
7,aclnnInplaceCopy_CastAiCore_Cast,N/A,N/A,1790932512488393.592	,13.380,0.000000,0
7,aclnnMul_MulAiCore_Mul,N/A,N/A,1790932512488406.992	,12.420,0.120000,0
7,aclnnInplaceCopy_SliceAiCore_Slice,N/A,N/A,1790932512488419.432	,9.340,0.080000,0
7,aclnnInplaceCopy_CastAiCore_Cast,N/A,N/A,1790932512488428.812	,9.401,0.000000,0
7,aclnnPowTensorScalar_PowsAiCore_Pows,N/A,N/A,1790932512488438.233	,15.140,0.099000,0
7,aclnnMean_ReduceMeanAiCore_ReduceMean,N/A,N/A,1790932512488454.513	,13.620,1.110000,0
7,aclnnAdds_AddAiCore_Add,N/A,N/A,1790932512488469.013	,2.160,0.880000,0
7,aclnnRsqrt_RsqrtAiCore_Rsqrt,N/A,N/A,1790932512488478.633	,2.441,7.590000,0
7,aclnnMul_MulAiCore_Mul,N/A,N/A,1790932512488494.114	,15.900,12.809000,0
7,aclnnInplaceCopy_CastAiCore_Cast,N/A,N/A,1790932512488555.175	,9.580,45.350000,0
7,aclnnMul_MulAiCore_Mul,N/A,N/A,1790932512488570.195	,9.260,5.420000,0
7,aclnnMul_TransposeAiCore_Transpose,N/A,N/A,1790932512488671.477	,34.521,91.990000,0
7,aclnnMul_MulAiCore_Mul,N/A,N/A,1790932512488706.018	,14.280,0.000000,0
7,aclnnNeg_AsStridedAiCore_AsStrided,N/A,N/A,1790932512488729.438	,14.341,9.220000,0
7,aclnnNeg_NegAiCore_Neg,N/A,N/A,1790932512488743.799	,8.440,0.000000,0
7,aclnnCat_AsStridedAiCore_AsStrided,N/A,N/A,1790932512488773.079	,12.541,20.810000,0
7,aclnnCat_ConcatD_ConcatD,N/A,N/A,1790932512488785.640	,11.960,0.209000,0
7,aclnnMul_MulAiCore_Mul,N/A,N/A,1790932512488797.620	,14.400,0.000000,0
7,aclnnAdd_AddAiCore_Add,N/A,N/A,1790932512488815.600	,12.880,3.600000,0
7,aclnnMul_TransposeAiCore_Transpose,N/A,N/A,1790932512488854.361	,22.100,25.870000,0
7,aclnnMul_MulAiCore_Mul,N/A,N/A,1790932512488876.481	,7.461,0.150000,0
7,aclnnNeg_AsStridedAiCore_AsStrided,N/A,N/A,1790932512488911.002	,8.920,27.039000,0
7,aclnnNeg_NegAiCore_Neg,N/A,N/A,1790932512488921.422	,8.040,1.580000,0
7,aclnnCat_AsStridedAiCore_AsStrided,N/A,N/A,1790932512488952.783	,8.800,23.210000,0
7,aclnnCat_ConcatD_ConcatD,N/A,N/A,1790932512488961.603	,6.560,0.000000,0
7,aclnnMul_MulAiCore_Mul,N/A,N/A,1790932512488969.263	,5.840,1.190000,0
7,aclnnAdd_AddAiCore_Add,N/A,N/A,1790932512488995.704	,8.660,20.660000,0
7,aclnnInplaceCopy_AsStridedAiCore_AsStrided,N/A,N/A,1790932512489068.525	,7.840,64.090000,0
7,InnerPromptFlashAttention_PromptFlashAttention_PromptFlashAttention,N/A,N/A,1790932512489421.972	,311.367,345.660000,0
7,aclnnInplaceCopy_TransposeAiCore_Transpose,N/A,N/A,1790932512489734.539	,36.560,1.133000,0
7,aclnnMatmul_MatMulV3Common_MatMulV3,N/A,N/A,1790932512489771.119	,117.263,0.000000,0
7,aclnnAdd_AddAiCore_Add,N/A,N/A,1790932512489888.422	,11.220,0.237000,0
7,aclnnInplaceCopy_CastAiCore_Cast,N/A,N/A,1790932512489899.682	,9.920,0.030000,0
7,aclnnPowTensorScalar_PowsAiCore_Pows,N/A,N/A,1790932512489909.622	,17.440,0.000000,0
7,aclnnMean_ReduceMeanAiCore_ReduceMean,N/A,N/A,1790932512489928.122	,20.181,1.060000,0
7,aclnnAdds_AddAiCore_Add,N/A,N/A,1790932512489949.343	,1.420,1.069000,0
7,aclnnRsqrt_RsqrtAiCore_Rsqrt,N/A,N/A,1790932512489950.783	,1.340,0.080000,0
7,aclnnMul_MulAiCore_Mul,N/A,N/A,1790932512489952.143	,22.360,0.160000,0
7,aclnnInplaceCopy_CastAiCore_Cast,N/A,N/A,1790932512489974.523	,10.901,0.000000,0
7,aclnnMul_MulAiCore_Mul,N/A,N/A,1790932512489985.444	,12.100,0.099000,0
7,aclnnMatmul_MatMulCommon_MatMulV2,N/A,N/A,1790932512490022.424	,465.830,24.900000,0
7,aclnnSilu_SliceAiCore_Slice,N/A,N/A,1790932512490488.294	,19.720,0.000000,0
7,aclnnSilu_SiluAiCore_Swish,N/A,N/A,1790932512490508.034	,33.561,0.030000,0
7,aclnnMul_SliceAiCore_Slice,N/A,N/A,1790932512490541.615	,13.700,0.000000,0
7,aclnnMul_MulAiCore_Mul,N/A,N/A,1790932512490555.355	,19.260,0.050000,0
7,aclnnMatmul_MatMulV3Common_MatMulV3,N/A,N/A,1790932512490574.635	,271.986,0.240000,0
7,aclnnAdd_AddAiCore_Add,N/A,N/A,1790932512490846.641	,15.740,0.014000,0
7,aclnnAdd_AddAiCore_Add,N/A,N/A,1790932512490862.401	,11.280,0.010000,0
7,aclnnInplaceCopy_CastAiCore_Cast,N/A,N/A,1790932512490873.701	,10.321,0.000000,0
7,aclnnPowTensorScalar_PowsAiCore_Pows,N/A,N/A,1790932512490884.042	,18.100,0.000000,0
7,aclnnMean_ReduceMeanAiCore_ReduceMean,N/A,N/A,1790932512490903.122	,21.080,0.900000,0
7,aclnnAdds_AddAiCore_Add,N/A,N/A,1790932512490924.962	,1.500,0.920000,0
7,aclnnRsqrt_RsqrtAiCore_Rsqrt,N/A,N/A,1790932512490926.482	,1.320,0.000000,0
7,aclnnMul_MulAiCore_Mul,N/A,N/A,1790932512490927.822	,21.121,0.000000,0
7,aclnnInplaceCopy_CastAiCore_Cast,N/A,N/A,1790932512490948.963	,10.980,0.129000,0
7,aclnnMul_MulAiCore_Mul,N/A,N/A,1790932512490959.963	,11.920,0.020000,0
7,aclnnMatmul_MatMulV3Common_MatMulV3,N/A,N/A,1790932512490971.903	,162.364,0.080000,0
7,aclnnInplaceCopy_SliceAiCore_Slice,N/A,N/A,1790932512491134.287	,11.340,0.000000,0
7,aclnnInplaceCopy_CastAiCore_Cast,N/A,N/A,1790932512491145.647	,18.720,0.160000,0
7,aclnnPowTensorScalar_PowsAiCore_Pows,N/A,N/A,1790932512491164.387	,26.181,0.030000,0
7,aclnnMean_ReduceMeanAiCore_ReduceMean,N/A,N/A,1790932512491192.008	,20.620,1.319000,0
7,aclnnAdds_AddAiCore_Add,N/A,N/A,1790932512491213.828	,9.320,1.130000,0
7,aclnnRsqrt_RsqrtAiCore_Rsqrt,N/A,N/A,1790932512491223.188	,6.600,0.180000,0
7,aclnnMul_MulAiCore_Mul,N/A,N/A,1790932512491229.828	,25.241,0.000000,0
7,aclnnInplaceCopy_CastAiCore_Cast,N/A,N/A,1790932512491255.089	,13.560,0.009000,0
7,aclnnMul_MulAiCore_Mul,N/A,N/A,1790932512491268.669	,12.520,0.190000,0
7,aclnnInplaceCopy_SliceAiCore_Slice,N/A,N/A,1790932512491281.209	,9.261,0.000000,0
7,aclnnInplaceCopy_CastAiCore_Cast,N/A,N/A,1790932512491290.490	,9.400,0.000000,0
7,aclnnPowTensorScalar_PowsAiCore_Pows,N/A,N/A,1790932512491299.910	,16.240,0.100000,0
7,aclnnMean_ReduceMeanAiCore_ReduceMean,N/A,N/A,1790932512491317.510	,13.620,1.260000,0
7,aclnnAdds_AddAiCore_Add,N/A,N/A,1790932512491332.050	,2.301,0.880000,0
7,aclnnRsqrt_RsqrtAiCore_Rsqrt,N/A,N/A,1790932512491334.371	,2.440,0.000000,0
7,aclnnMul_MulAiCore_Mul,N/A,N/A,1790932512491347.231	,15.380,10.560000,0
7,aclnnInplaceCopy_CastAiCore_Cast,N/A,N/A,1790932512491399.472	,9.400,36.870000,0
7,aclnnMul_MulAiCore_Mul,N/A,N/A,1790932512491426.572	,9.201,17.600000,0
7,aclnnMul_TransposeAiCore_Transpose,N/A,N/A,1790932512491523.414	,34.741,87.799000,0
7,aclnnMul_MulAiCore_Mul,N/A,N/A,1790932512491558.175	,13.780,0.009000,0
7,aclnnNeg_AsStridedAiCore_AsStrided,N/A,N/A,1790932512491591.216	,13.900,19.220000,0
7,aclnnNeg_NegAiCore_Neg,N/A,N/A,1790932512491605.136	,8.420,0.100000,0
7,aclnnCat_AsStridedAiCore_AsStrided,N/A,N/A,1790932512491622.376	,12.741,8.830000,0
7,aclnnCat_ConcatD_ConcatD,N/A,N/A,1790932512491635.137	,12.020,0.009000,0
7,aclnnMul_MulAiCore_Mul,N/A,N/A,1790932512491650.597	,14.600,3.230000,0
7,aclnnAdd_AddAiCore_Add,N/A,N/A,1790932512491677.417	,12.901,12.400000,0
7,aclnnMul_TransposeAiCore_Transpose,N/A,N/A,1790932512491706.658	,21.860,16.349000,0
7,aclnnMul_MulAiCore_Mul,N/A,N/A,1790932512491728.538	,6.301,0.000000,0
7,aclnnNeg_AsStridedAiCore_AsStrided,N/A,N/A,1790932512491774.879	,9.060,40.199000,0
7,aclnnNeg_NegAiCore_Neg,N/A,N/A,1790932512491783.959	,8.101,0.000000,0
7,aclnnCat_AsStridedAiCore_AsStrided,N/A,N/A,1790932512491804.120	,8.980,11.899000,0
7,aclnnCat_ConcatD_ConcatD,N/A,N/A,1790932512491813.120	,6.640,0.020000,0
7,aclnnMul_MulAiCore_Mul,N/A,N/A,1790932512491833.100	,5.701,13.360000,0
7,aclnnAdd_AddAiCore_Add,N/A,N/A,1790932512491860.181	,8.580,21.549000,0
7,aclnnInplaceCopy_AsStridedAiCore_AsStrided,N/A,N/A,1790932512491915.162	,7.800,46.420000,0
7,InnerPromptFlashAttention_PromptFlashAttention_PromptFlashAttention,N/A,N/A,1790932512492268.049	,307.926,344.950000,0
7,aclnnInplaceCopy_TransposeAiCore_Transpose,N/A,N/A,1790932512492576.875	,36.461,1.074000,0
7,aclnnMatmul_MatMulV3Common_MatMulV3,N/A,N/A,1790932512492613.356	,118.002,0.000000,0
7,aclnnAdd_AddAiCore_Add,N/A,N/A,1790932512492731.378	,12.201,0.248000,0
7,aclnnInplaceCopy_CastAiCore_Cast,N/A,N/A,1790932512492743.619	,9.980,0.000000,0
7,aclnnPowTensorScalar_PowsAiCore_Pows,N/A,N/A,1790932512492753.619	,17.600,0.020000,0
7,aclnnMean_ReduceMeanAiCore_ReduceMean,N/A,N/A,1790932512492772.239	,20.221,1.150000,0
7,aclnnAdds_AddAiCore_Add,N/A,N/A,1790932512492793.500	,1.540,1.029000,0
7,aclnnRsqrt_RsqrtAiCore_Rsqrt,N/A,N/A,1790932512492795.060	,1.340,0.000000,0
7,aclnnMul_MulAiCore_Mul,N/A,N/A,1790932512492796.420	,22.700,0.160000,0
7,aclnnInplaceCopy_CastAiCore_Cast,N/A,N/A,1790932512492819.140	,11.140,0.050000,0
7,aclnnMul_MulAiCore_Mul,N/A,N/A,1790932512492830.300	,12.421,0.000000,0
7,aclnnMatmul_MatMulCommon_MatMulV2,N/A,N/A,1790932512492884.601	,465.910,41.829000,0
7,aclnnSilu_SliceAiCore_Slice,N/A,N/A,1790932512493350.531	,20.060,0.090000,0
7,aclnnSilu_SiluAiCore_Swish,N/A,N/A,1790932512493370.611	,33.801,0.000000,0
7,aclnnMul_SliceAiCore_Slice,N/A,N/A,1790932512493404.432	,13.100,0.199000,0
7,aclnnMul_MulAiCore_Mul,N/A,N/A,1790932512493417.552	,19.341,0.000000,0
7,aclnnMatmul_MatMulV3Common_MatMulV3,N/A,N/A,1790932512493436.913	,266.345,0.159000,0
7,aclnnAdd_AddAiCore_Add,N/A,N/A,1790932512493703.278	,15.800,0.000000,0
7,aclnnAdd_AddAiCore_Add,N/A,N/A,1790932512493719.098	,11.580,0.000000,0
7,aclnnInplaceCopy_CastAiCore_Cast,N/A,N/A,1790932512493730.698	,10.281,0.170000,0
7,aclnnPowTensorScalar_PowsAiCore_Pows,N/A,N/A,1790932512493740.999	,17.100,0.000000,0
7,aclnnMean_ReduceMeanAiCore_ReduceMean,N/A,N/A,1790932512493759.079	,21.060,0.900000,0
7,aclnnAdds_AddAiCore_Add,N/A,N/A,1790932512493780.919	,1.540,0.940000,0
7,aclnnRsqrt_RsqrtAiCore_Rsqrt,N/A,N/A,1790932512493782.479	,1.380,0.000000,0
7,aclnnMul_MulAiCore_Mul,N/A,N/A,1790932512493783.879	,21.201,0.120000,0
7,aclnnInplaceCopy_CastAiCore_Cast,N/A,N/A,1790932512493805.100	,10.940,0.000000,0
7,aclnnMul_MulAiCore_Mul,N/A,N/A,1790932512493816.060	,12.620,0.060000,0
7,aclnnMatmul_MatMulV3Common_MatMulV3,N/A,N/A,1790932512493828.700	,162.884,0.130000,0
7,aclnnInplaceCopy_SliceAiCore_Slice,N/A,N/A,1790932512493991.604	,11.280,0.000000,0
7,aclnnInplaceCopy_CastAiCore_Cast,N/A,N/A,1790932512494002.924	,18.660,0.220000,0
7,aclnnPowTensorScalar_PowsAiCore_Pows,N/A,N/A,1790932512494021.604	,27.941,0.000000,0
7,aclnnMean_ReduceMeanAiCore_ReduceMean,N/A,N/A,1790932512494050.745	,20.440,1.309000,0
7,aclnnAdds_AddAiCore_Add,N/A,N/A,1790932512494071.985	,5.700,0.810000,0
7,aclnnRsqrt_RsqrtAiCore_Rsqrt,N/A,N/A,1790932512494077.705	,6.800,0.050000,0
7,aclnnMul_MulAiCore_Mul,N/A,N/A,1790932512494084.525	,25.761,0.000000,0
7,aclnnInplaceCopy_CastAiCore_Cast,N/A,N/A,1790932512494110.306	,13.460,0.000000,0
7,aclnnMul_MulAiCore_Mul,N/A,N/A,1790932512494123.806	,12.320,0.040000,0
7,aclnnInplaceCopy_SliceAiCore_Slice,N/A,N/A,1790932512494136.146	,9.001,0.180000,0
7,aclnnInplaceCopy_CastAiCore_Cast,N/A,N/A,1790932512494145.187	,9.340,0.000000,0
7,aclnnPowTensorScalar_PowsAiCore_Pows,N/A,N/A,1790932512494154.567	,15.880,0.000000,0
7,aclnnMean_ReduceMeanAiCore_ReduceMean,N/A,N/A,1790932512494171.387	,13.660,1.120000,0
7,aclnnAdds_AddAiCore_Add,N/A,N/A,1790932512494185.947	,2.241,0.840000,0
7,aclnnRsqrt_RsqrtAiCore_Rsqrt,N/A,N/A,1790932512494188.208	,2.320,0.009000,0
7,aclnnMul_MulAiCore_Mul,N/A,N/A,1790932512494190.568	,15.540,0.000000,0
7,aclnnInplaceCopy_CastAiCore_Cast,N/A,N/A,1790932512494231.808	,9.401,25.710000,0
7,aclnnMul_MulAiCore_Mul,N/A,N/A,1790932512494257.849	,9.180,16.599000,0
7,aclnnMul_TransposeAiCore_Transpose,N/A,N/A,1790932512494360.291	,33.721,93.320000,0
7,aclnnMul_MulAiCore_Mul,N/A,N/A,1790932512494394.032	,13.640,0.029000,0
7,aclnnNeg_AsStridedAiCore_AsStrided,N/A,N/A,1790932512494417.012	,13.560,9.360000,0
7,aclnnNeg_NegAiCore_Neg,N/A,N/A,1790932512494430.592	,8.501,0.000000,0
7,aclnnCat_AsStridedAiCore_AsStrided,N/A,N/A,1790932512494458.373	,12.980,19.249000,0
7,aclnnCat_ConcatD_ConcatD,N/A,N/A,1790932512494471.373	,11.700,0.020000,0
7,aclnnMul_MulAiCore_Mul,N/A,N/A,1790932512494486.033	,14.301,3.050000,0
7,aclnnAdd_AddAiCore_Add,N/A,N/A,1790932512494510.294	,12.860,9.949000,0
7,aclnnMul_TransposeAiCore_Transpose,N/A,N/A,1790932512494539.375	,22.120,16.390000,0
7,aclnnMul_MulAiCore_Mul,N/A,N/A,1790932512494561.535	,6.260,0.000000,0
7,aclnnNeg_AsStridedAiCore_AsStrided,N/A,N/A,1790932512494595.896	,9.140,28.240000,0
7,aclnnNeg_NegAiCore_Neg,N/A,N/A,1790932512494605.056	,8.100,0.000000,0
7,aclnnCat_AsStridedAiCore_AsStrided,N/A,N/A,1790932512494635.956	,9.141,22.900000,0
7,aclnnCat_ConcatD_ConcatD,N/A,N/A,1790932512494645.117	,6.820,0.000000,0
7,aclnnMul_MulAiCore_Mul,N/A,N/A,1790932512494663.177	,6.320,11.430000,0
7,aclnnAdd_AddAiCore_Add,N/A,N/A,1790932512494689.618	,8.540,19.930000,0
7,aclnnInplaceCopy_AsStridedAiCore_AsStrided,N/A,N/A,1790932512494756.459	,8.260,58.460000,0
7,InnerPromptFlashAttention_PromptFlashAttention_PromptFlashAttention,N/A,N/A,1790932512495106.806	,312.306,341.990000,0
7,aclnnInplaceCopy_TransposeAiCore_Transpose,N/A,N/A,1790932512495420.052	,36.341,0.944000,0
7,aclnnMatmul_MatMulV3Common_MatMulV3,N/A,N/A,1790932512495456.413	,116.082,0.159000,0
7,aclnnAdd_AddAiCore_Add,N/A,N/A,1790932512495572.515	,11.380,0.000000,0
7,aclnnInplaceCopy_CastAiCore_Cast,N/A,N/A,1790932512495583.935	,10.101,0.120000,0
7,aclnnPowTensorScalar_PowsAiCore_Pows,N/A,N/A,1790932512495594.056	,17.420,0.000000,0
7,aclnnMean_ReduceMeanAiCore_ReduceMean,N/A,N/A,1790932512495612.476	,20.340,1.080000,0
7,aclnnAdds_AddAiCore_Add,N/A,N/A,1790932512495633.696	,1.440,0.910000,0
7,aclnnRsqrt_RsqrtAiCore_Rsqrt,N/A,N/A,1790932512495635.156	,1.320,0.060000,0
7,aclnnMul_MulAiCore_Mul,N/A,N/A,1790932512495636.516	,21.981,0.000000,0
7,aclnnInplaceCopy_CastAiCore_Cast,N/A,N/A,1790932512495658.517	,10.860,0.019000,0
7,aclnnMul_MulAiCore_Mul,N/A,N/A,1790932512495669.417	,11.940,0.140000,0
7,aclnnMatmul_MatMulCommon_MatMulV2,N/A,N/A,1790932512495713.678	,469.969,32.310000,0
7,aclnnSilu_SliceAiCore_Slice,N/A,N/A,1790932512496183.667	,19.381,0.031000,0
7,aclnnSilu_SiluAiCore_Swish,N/A,N/A,1790932512496203.068	,33.920,0.000000,0
7,aclnnMul_SliceAiCore_Slice,N/A,N/A,1790932512496237.008	,12.661,0.080000,0
7,aclnnMul_MulAiCore_Mul,N/A,N/A,1790932512496249.689	,19.080,0.089000,0
7,aclnnMatmul_MatMulV3Common_MatMulV3,N/A,N/A,1790932512496268.789	,268.285,0.000000,0
7,aclnnAdd_AddAiCore_Add,N/A,N/A,1790932512496537.094	,15.421,0.000000,0
7,aclnnInplaceCopy_CastAiCore_Cast,N/A,N/A,1790932512496552.555	,10.380,0.079000,0
7,aclnnPowTensorScalar_PowsAiCore_Pows,N/A,N/A,1790932512496562.955	,17.360,0.120000,0
7,aclnnMean_ReduceMeanAiCore_ReduceMean,N/A,N/A,1790932512496581.275	,21.201,0.890000,0
7,aclnnAdds_AddAiCore_Add,N/A,N/A,1790932512496603.716	,1.720,1.299000,0
7,aclnnRsqrt_RsqrtAiCore_Rsqrt,N/A,N/A,1790932512496605.476	,1.360,0.030000,0
7,aclnnMul_MulAiCore_Mul,N/A,N/A,1790932512496606.856	,22.040,0.000000,0
7,aclnnInplaceCopy_CastAiCore_Cast,N/A,N/A,1790932512496628.916	,10.981,0.210000,0
7,aclnnMul_MulAiCore_Mul,N/A,N/A,1790932512496639.917	,11.840,0.019000,0
7,aclnnMatmul_MatMulV3Common_MatMulV3,N/A,N/A,1790932512496651.777	,154.783,0.000000,0
7,aclnnInplaceCopy_SliceAiCore_Slice,N/A,N/A,1790932512496806.600	,13.640,0.000000,0
7,aclnnInplaceCopy_CastAiCore_Cast,N/A,N/A,1790932512496820.260	,19.321,0.110000,0
7,aclnnPowTensorScalar_PowsAiCore_Pows,N/A,N/A,1790932512496839.601	,23.180,0.000000,0
7,aclnnMean_ReduceMeanAiCore_ReduceMean,N/A,N/A,1790932512496864.161	,20.480,1.570000,0
7,aclnnAdds_AddAiCore_Add,N/A,N/A,1790932512496885.421	,5.721,0.770000,0
7,aclnnRsqrt_RsqrtAiCore_Rsqrt,N/A,N/A,1790932512496891.162	,6.600,0.029000,0
7,aclnnMul_MulAiCore_Mul,N/A,N/A,1790932512496897.782	,25.720,0.000000,0
7,aclnnInplaceCopy_CastAiCore_Cast,N/A,N/A,1790932512496923.542	,14.500,0.030000,0
7,aclnnMul_MulAiCore_Mul,N/A,N/A,1790932512496938.082	,12.081,0.000000,0
7,aclnnInplaceCopy_SliceAiCore_Slice,N/A,N/A,1790932512496950.203	,9.420,0.169000,0
7,aclnnInplaceCopy_CastAiCore_Cast,N/A,N/A,1790932512496959.643	,9.460,0.080000,0
7,aclnnPowTensorScalar_PowsAiCore_Pows,N/A,N/A,1790932512496969.123	,16.400,0.000000,0
7,aclnnMean_ReduceMeanAiCore_ReduceMean,N/A,N/A,1790932512496986.663	,13.361,1.350000,0
7,aclnnAdds_AddAiCore_Add,N/A,N/A,1790932512497001.224	,2.160,1.139000,0
7,aclnnRsqrt_RsqrtAiCore_Rsqrt,N/A,N/A,1790932512497003.424	,2.440,0.090000,0
7,aclnnMul_MulAiCore_Mul,N/A,N/A,1790932512497019.804	,15.760,13.810000,0
7,aclnnInplaceCopy_CastAiCore_Cast,N/A,N/A,1790932512497081.825	,9.321,46.240000,0
7,aclnnMul_MulAiCore_Mul,N/A,N/A,1790932512497096.766	,9.200,5.679000,0
7,aclnnMul_TransposeAiCore_Transpose,N/A,N/A,1790932512497198.008	,33.360,92.050000,0
7,aclnnMul_MulAiCore_Mul,N/A,N/A,1790932512497231.388	,13.761,0.140000,0
7,aclnnNeg_AsStridedAiCore_AsStrided,N/A,N/A,1790932512497253.949	,13.900,8.739000,0
7,aclnnNeg_NegAiCore_Neg,N/A,N/A,1790932512497267.869	,8.540,0.000000,0
7,aclnnCat_AsStridedAiCore_AsStrided,N/A,N/A,1790932512497298.070	,12.120,21.710000,0
7,aclnnCat_ConcatD_ConcatD,N/A,N/A,1790932512497310.210	,12.100,0.130000,0
7,aclnnMul_MulAiCore_Mul,N/A,N/A,1790932512497325.070	,14.240,2.650000,0
7,aclnnAdd_AddAiCore_Add,N/A,N/A,1790932512497349.671	,13.000,10.510000,0
7,aclnnMul_TransposeAiCore_Transpose,N/A,N/A,1790932512497377.351	,22.081,14.500000,0
7,aclnnMul_MulAiCore_Mul,N/A,N/A,1790932512497399.452	,6.240,0.169000,0
7,aclnnNeg_AsStridedAiCore_AsStrided,N/A,N/A,1790932512497434.092	,9.881,28.260000,0
7,aclnnNeg_NegAiCore_Neg,N/A,N/A,1790932512497443.993	,8.360,0.119000,0
7,aclnnCat_AsStridedAiCore_AsStrided,N/A,N/A,1790932512497474.073	,9.760,21.640000,0
7,aclnnCat_ConcatD_ConcatD,N/A,N/A,1790932512497483.853	,6.601,0.000000,0
7,aclnnMul_MulAiCore_Mul,N/A,N/A,1790932512497501.074	,6.040,10.649000,0
7,aclnnAdd_AddAiCore_Add,N/A,N/A,1790932512497525.454	,8.540,18.460000,0
7,aclnnInplaceCopy_AsStridedAiCore_AsStrided,N/A,N/A,1790932512497589.395	,7.801,55.460000,0
7,InnerPromptFlashAttention_PromptFlashAttention_PromptFlashAttention,N/A,N/A,1790932512497939.442	,307.627,342.199000,0
7,aclnnInplaceCopy_TransposeAiCore_Transpose,N/A,N/A,1790932512498248.229	,35.980,1.123000,0
7,aclnnMatmul_MatMulV3Common_MatMulV3,N/A,N/A,1790932512498284.229	,116.443,0.020000,0
7,aclnnAdd_AddAiCore_Add,N/A,N/A,1790932512498400.712	,11.660,0.057000,0
7,aclnnInplaceCopy_CastAiCore_Cast,N/A,N/A,1790932512498412.392	,9.960,0.090000,0
7,aclnnPowTensorScalar_PowsAiCore_Pows,N/A,N/A,1790932512498422.372	,17.280,0.000000,0
7,aclnnMean_ReduceMeanAiCore_ReduceMean,N/A,N/A,1790932512498440.612	,20.361,0.970000,0
7,aclnnAdds_AddAiCore_Add,N/A,N/A,1790932512498461.873	,1.500,0.889000,0
7,aclnnRsqrt_RsqrtAiCore_Rsqrt,N/A,N/A,1790932512498463.393	,1.400,0.250000,0
7,aclnnMul_MulAiCore_Mul,N/A,N/A,1790932512498464.813	,21.960,0.000000,0
7,aclnnInplaceCopy_CastAiCore_Cast,N/A,N/A,1790932512498486.813	,11.241,0.040000,0
7,aclnnMul_MulAiCore_Mul,N/A,N/A,1790932512498498.074	,12.040,0.009000,0
7,aclnnMatmul_MatMulCommon_MatMulV2,N/A,N/A,1790932512498546.335	,470.629,36.210000,0
7,aclnnSilu_SliceAiCore_Slice,N/A,N/A,1790932512499016.984	,17.420,0.121000,0
7,aclnnSilu_SiluAiCore_Swish,N/A,N/A,1790932512499034.444	,33.801,0.080000,0
7,aclnnMul_SliceAiCore_Slice,N/A,N/A,1790932512499068.265	,13.000,0.000000,0
7,aclnnMul_MulAiCore_Mul,N/A,N/A,1790932512499081.285	,18.761,0.000000,0
7,aclnnMatmul_MatMulV3Common_MatMulV3,N/A,N/A,1790932512499100.066	,269.965,0.000000,0
7,aclnnAdd_AddAiCore_Add,N/A,N/A,1790932512499370.071	,15.540,0.035000,0
7,aclnnInplaceCopy_CastAiCore_Cast,N/A,N/A,1790932512499385.631	,10.141,0.210000,0
7,aclnnPowTensorScalar_PowsAiCore_Pows,N/A,N/A,1790932512499395.792	,17.720,0.000000,0
7,aclnnMean_ReduceMeanAiCore_ReduceMean,N/A,N/A,1790932512499414.492	,20.800,1.030000,0
7,aclnnAdds_AddAiCore_Add,N/A,N/A,1790932512499436.352	,1.620,0.950000,0
7,aclnnRsqrt_RsqrtAiCore_Rsqrt,N/A,N/A,1790932512499437.992	,1.420,0.130000,0
7,aclnnMul_MulAiCore_Mul,N/A,N/A,1790932512499439.432	,21.721,0.080000,0
7,aclnnInplaceCopy_CastAiCore_Cast,N/A,N/A,1790932512499461.173	,10.980,0.029000,0
7,aclnnMul_MulAiCore_Mul,N/A,N/A,1790932512499472.173	,12.200,0.020000,0
7,aclnnMatmul_MatMulV3Common_MatMulV3,N/A,N/A,1790932512499484.413	,158.644,0.050000,0
7,aclnnInplaceCopy_SliceAiCore_Slice,N/A,N/A,1790932512499643.077	,11.540,0.000000,0
7,aclnnInplaceCopy_CastAiCore_Cast,N/A,N/A,1790932512499654.637	,19.240,0.210000,0
7,aclnnPowTensorScalar_PowsAiCore_Pows,N/A,N/A,1790932512499673.897	,26.241,0.010000,0
7,aclnnMean_ReduceMeanAiCore_ReduceMean,N/A,N/A,1790932512499701.218	,20.640,1.009000,0
7,aclnnAdds_AddAiCore_Add,N/A,N/A,1790932512499723.078	,5.640,1.110000,0
7,aclnnRsqrt_RsqrtAiCore_Rsqrt,N/A,N/A,1790932512499728.758	,6.600,0.110000,0
7,aclnnMul_MulAiCore_Mul,N/A,N/A,1790932512499735.378	,26.441,0.150000,0
7,aclnnInplaceCopy_CastAiCore_Cast,N/A,N/A,1790932512499761.839	,14.100,0.000000,0
7,aclnnMul_MulAiCore_Mul,N/A,N/A,1790932512499775.959	,12.580,0.150000,0
7,aclnnInplaceCopy_SliceAiCore_Slice,N/A,N/A,1790932512499788.559	,9.021,0.000000,0
7,aclnnInplaceCopy_CastAiCore_Cast,N/A,N/A,1790932512499797.600	,9.040,0.000000,0
7,aclnnPowTensorScalar_PowsAiCore_Pows,N/A,N/A,1790932512499806.660	,15.860,0.210000,0
7,aclnnMean_ReduceMeanAiCore_ReduceMean,N/A,N/A,1790932512499823.860	,13.460,1.140000,0
7,aclnnAdds_AddAiCore_Add,N/A,N/A,1790932512499838.400	,2.060,1.290000,0
7,aclnnRsqrt_RsqrtAiCore_Rsqrt,N/A,N/A,1790932512499840.480	,2.361,0.000000,0
7,aclnnMul_MulAiCore_Mul,N/A,N/A,1790932512499844.621	,15.400,1.639000,0
7,aclnnInplaceCopy_CastAiCore_Cast,N/A,N/A,1790932512499896.962	,9.300,37.100000,0
7,aclnnMul_MulAiCore_Mul,N/A,N/A,1790932512499923.562	,9.220,17.200000,0
7,aclnnMul_TransposeAiCore_Transpose,N/A,N/A,1790932512500016.744	,35.121,84.030000,0
7,aclnnMul_MulAiCore_Mul,N/A,N/A,1790932512500051.885	,14.140,0.129000,0
7,aclnnNeg_AsStridedAiCore_AsStrided,N/A,N/A,1790932512500083.925	,13.641,17.860000,0
7,aclnnNeg_NegAiCore_Neg,N/A,N/A,1790932512500097.586	,8.600,0.000000,0
7,aclnnCat_AsStridedAiCore_AsStrided,N/A,N/A,1790932512500118.266	,12.860,12.150000,0
7,aclnnCat_ConcatD_ConcatD,N/A,N/A,1790932512500131.146	,11.821,0.140000,0
7,aclnnMul_MulAiCore_Mul,N/A,N/A,1790932512500145.467	,14.840,2.429000,0
7,aclnnAdd_AddAiCore_Add,N/A,N/A,1790932512500169.727	,12.860,9.410000,0
7,aclnnMul_TransposeAiCore_Transpose,N/A,N/A,1790932512500198.068	,22.220,15.390000,0
7,aclnnMul_MulAiCore_Mul,N/A,N/A,1790932512500220.328	,6.120,0.030000,0
7,aclnnNeg_AsStridedAiCore_AsStrided,N/A,N/A,1790932512500254.809	,9.480,28.380000,0
7,aclnnNeg_NegAiCore_Neg,N/A,N/A,1790932512500264.309	,8.160,0.020000,0
7,aclnnCat_AsStridedAiCore_AsStrided,N/A,N/A,1790932512500295.210	,8.940,22.840000,0
7,aclnnCat_ConcatD_ConcatD,N/A,N/A,1790932512500304.170	,6.720,0.060000,0
7,aclnnMul_MulAiCore_Mul,N/A,N/A,1790932512500322.690	,5.500,11.780000,0
7,aclnnAdd_AddAiCore_Add,N/A,N/A,1790932512500351.271	,8.560,23.000000,0
7,aclnnInplaceCopy_AsStridedAiCore_AsStrided,N/A,N/A,1790932512500419.672	,8.000,59.940000,0
7,InnerPromptFlashAttention_PromptFlashAttention_PromptFlashAttention,N/A,N/A,1790932512500766.299	,313.246,338.500000,0
7,aclnnInplaceCopy_TransposeAiCore_Transpose,N/A,N/A,1790932512501080.665	,36.741,1.254000,0
7,aclnnMatmul_MatMulV3Common_MatMulV3,N/A,N/A,1790932512501117.426	,115.162,0.009000,0
7,aclnnAdd_AddAiCore_Add,N/A,N/A,1790932512501232.608	,11.801,0.000000,0
7,aclnnInplaceCopy_CastAiCore_Cast,N/A,N/A,1790932512501244.429	,9.960,0.199000,0
7,aclnnPowTensorScalar_PowsAiCore_Pows,N/A,N/A,1790932512501254.409	,17.300,0.040000,0
7,aclnnMean_ReduceMeanAiCore_ReduceMean,N/A,N/A,1790932512501273.129	,20.260,1.450000,0
7,aclnnAdds_AddAiCore_Add,N/A,N/A,1790932512501294.350	,1.420,0.740000,0
7,aclnnRsqrt_RsqrtAiCore_Rsqrt,N/A,N/A,1790932512501295.790	,1.340,0.080000,0
7,aclnnMul_MulAiCore_Mul,N/A,N/A,1790932512501297.170	,22.280,0.160000,0
7,aclnnInplaceCopy_CastAiCore_Cast,N/A,N/A,1790932512501319.470	,10.800,0.000000,0
7,aclnnMul_MulAiCore_Mul,N/A,N/A,1790932512501330.310	,12.120,0.000000,0
7,aclnnMatmul_MatMulCommon_MatMulV2,N/A,N/A,1790932512501369.471	,473.009,27.130000,0
7,aclnnSilu_SliceAiCore_Slice,N/A,N/A,1790932512501842.520	,17.041,0.000000,0
7,aclnnSilu_SiluAiCore_Swish,N/A,N/A,1790932512501859.581	,33.540,0.000000,0
7,aclnnMul_SliceAiCore_Slice,N/A,N/A,1790932512501893.141	,14.461,0.210000,0
7,aclnnMul_MulAiCore_Mul,N/A,N/A,1790932512501907.622	,18.840,0.000000,0
7,aclnnMatmul_MatMulV3Common_MatMulV3,N/A,N/A,1790932512501926.502	,271.206,0.160000,0
7,aclnnAdd_AddAiCore_Add,N/A,N/A,1790932512502197.728	,15.900,0.044000,0
7,aclnnInplaceCopy_CastAiCore_Cast,N/A,N/A,1790932512502213.668	,10.380,0.100000,0
7,aclnnPowTensorScalar_PowsAiCore_Pows,N/A,N/A,1790932512502224.068	,17.860,0.000000,0
7,aclnnMean_ReduceMeanAiCore_ReduceMean,N/A,N/A,1790932512502243.208	,21.101,1.390000,0
7,aclnnAdds_AddAiCore_Add,N/A,N/A,1790932512502265.049	,1.560,0.649000,0
7,aclnnRsqrt_RsqrtAiCore_Rsqrt,N/A,N/A,1790932512502266.629	,1.320,0.190000,0
7,aclnnMul_MulAiCore_Mul,N/A,N/A,1790932512502267.969	,21.040,0.000000,0
7,aclnnInplaceCopy_CastAiCore_Cast,N/A,N/A,1790932512502289.029	,10.761,0.000000,0
7,aclnnMul_MulAiCore_Mul,N/A,N/A,1790932512502299.810	,11.860,0.000000,0
7,aclnnMatmul_MatMulV3Common_MatMulV3,N/A,N/A,1790932512502311.690	,161.003,0.140000,0
7,aclnnInplaceCopy_SliceAiCore_Slice,N/A,N/A,1790932512502472.713	,11.280,0.000000,0
7,aclnnInplaceCopy_CastAiCore_Cast,N/A,N/A,1790932512502484.013	,16.381,0.000000,0
7,aclnnPowTensorScalar_PowsAiCore_Pows,N/A,N/A,1790932512502500.414	,23.260,0.119000,0
7,aclnnMean_ReduceMeanAiCore_ReduceMean,N/A,N/A,1790932512502524.614	,20.581,0.740000,0
7,aclnnAdds_AddAiCore_Add,N/A,N/A,1790932512502545.855	,5.660,0.669000,0
7,aclnnRsqrt_RsqrtAiCore_Rsqrt,N/A,N/A,1790932512502551.535	,6.640,0.090000,0
7,aclnnMul_MulAiCore_Mul,N/A,N/A,1790932512502558.195	,25.500,0.110000,0
7,aclnnInplaceCopy_CastAiCore_Cast,N/A,N/A,1790932512502583.715	,14.081,0.000000,0
7,aclnnMul_MulAiCore_Mul,N/A,N/A,1790932512502597.816	,12.240,0.000000,0
7,aclnnInplaceCopy_SliceAiCore_Slice,N/A,N/A,1790932512502610.076	,15.160,0.010000,0
7,aclnnInplaceCopy_CastAiCore_Cast,N/A,N/A,1790932512502625.256	,9.400,0.090000,0
7,aclnnPowTensorScalar_PowsAiCore_Pows,N/A,N/A,1790932512502634.696	,15.581,0.100000,0
7,aclnnMean_ReduceMeanAiCore_ReduceMean,N/A,N/A,1790932512502651.317	,13.580,0.919000,0
7,aclnnAdds_AddAiCore_Add,N/A,N/A,1790932512502665.857	,2.240,0.920000,0
7,aclnnRsqrt_RsqrtAiCore_Rsqrt,N/A,N/A,1790932512502668.137	,2.340,0.260000,0
7,aclnnMul_MulAiCore_Mul,N/A,N/A,1790932512502670.517	,15.400,0.000000,0
7,aclnnInplaceCopy_CastAiCore_Cast,N/A,N/A,1790932512502691.937	,11.381,6.100000,0
7,aclnnMul_MulAiCore_Mul,N/A,N/A,1790932512502718.058	,9.160,14.619000,0
7,aclnnMul_TransposeAiCore_Transpose,N/A,N/A,1790932512502811.000	,33.000,83.840000,0
7,aclnnMul_MulAiCore_Mul,N/A,N/A,1790932512502844.020	,14.101,0.000000,0
7,aclnnNeg_AsStridedAiCore_AsStrided,N/A,N/A,1790932512502867.241	,13.800,9.149000,0
7,aclnnNeg_NegAiCore_Neg,N/A,N/A,1790932512502881.061	,10.300,0.000000,0
7,aclnnCat_AsStridedAiCore_AsStrided,N/A,N/A,1790932512502913.162	,12.840,21.950000,0
7,aclnnCat_ConcatD_ConcatD,N/A,N/A,1790932512502926.022	,11.660,0.000000,0
7,aclnnMul_MulAiCore_Mul,N/A,N/A,1790932512502941.322	,14.041,3.590000,0
7,aclnnAdd_AddAiCore_Add,N/A,N/A,1790932512502967.863	,12.840,12.459000,0
7,aclnnMul_TransposeAiCore_Transpose,N/A,N/A,1790932512502986.683	,22.081,6.160000,0
7,aclnnMul_MulAiCore_Mul,N/A,N/A,1790932512503008.784	,6.280,0.000000,0
7,aclnnNeg_AsStridedAiCore_AsStrided,N/A,N/A,1790932512503061.825	,9.600,46.720000,0
7,aclnnNeg_NegAiCore_Neg,N/A,N/A,1790932512503071.445	,8.140,0.150000,0
7,aclnnCat_AsStridedAiCore_AsStrided,N/A,N/A,1790932512503092.485	,8.741,12.860000,0
7,aclnnCat_ConcatD_ConcatD,N/A,N/A,1790932512503101.246	,6.840,0.009000,0
7,aclnnMul_MulAiCore_Mul,N/A,N/A,1790932512503120.966	,6.540,12.910000,0
7,aclnnAdd_AddAiCore_Add,N/A,N/A,1790932512503147.927	,8.600,20.460000,0
7,aclnnInplaceCopy_AsStridedAiCore_AsStrided,N/A,N/A,1790932512503203.808	,8.840,47.150000,0
7,InnerPromptFlashAttention_PromptFlashAttention_PromptFlashAttention,N/A,N/A,1790932512503559.315	,314.066,346.660000,0
7,aclnnInplaceCopy_TransposeAiCore_Transpose,N/A,N/A,1790932512503874.221	,36.041,0.934000,0
7,aclnnMatmul_MatMulV3Common_MatMulV3,N/A,N/A,1790932512503910.302	,115.402,0.000000,0
7,aclnnAdd_AddAiCore_Add,N/A,N/A,1790932512504025.724	,11.500,0.098000,0
7,aclnnInplaceCopy_CastAiCore_Cast,N/A,N/A,1790932512504037.244	,10.101,0.000000,0
7,aclnnPowTensorScalar_PowsAiCore_Pows,N/A,N/A,1790932512504047.365	,17.180,0.000000,0
7,aclnnMean_ReduceMeanAiCore_ReduceMean,N/A,N/A,1790932512504065.965	,20.260,1.570000,0
7,aclnnAdds_AddAiCore_Add,N/A,N/A,1790932512504087.205	,1.440,0.990000,0
7,aclnnRsqrt_RsqrtAiCore_Rsqrt,N/A,N/A,1790932512504088.665	,1.340,0.060000,0
7,aclnnMul_MulAiCore_Mul,N/A,N/A,1790932512504090.025	,22.241,0.000000,0
7,aclnnInplaceCopy_CastAiCore_Cast,N/A,N/A,1790932512504112.286	,11.020,0.009000,0
7,aclnnMul_MulAiCore_Mul,N/A,N/A,1790932512504123.326	,12.820,0.000000,0
7,aclnnMatmul_MatMulCommon_MatMulV2,N/A,N/A,1790932512504172.467	,470.569,36.430000,0
7,aclnnSilu_SliceAiCore_Slice,N/A,N/A,1790932512504643.056	,17.161,0.000000,0
7,aclnnSilu_SiluAiCore_Swish,N/A,N/A,1790932512504660.237	,33.720,0.089000,0
7,aclnnMul_SliceAiCore_Slice,N/A,N/A,1790932512504693.977	,13.301,0.030000,0
7,aclnnMul_MulAiCore_Mul,N/A,N/A,1790932512504707.298	,19.140,0.000000,0
7,aclnnMatmul_MatMulV3Common_MatMulV3,N/A,N/A,1790932512504726.458	,270.745,0.110000,0
7,aclnnAdd_AddAiCore_Add,N/A,N/A,1790932512504997.224	,16.180,0.005000,0
7,aclnnInplaceCopy_CastAiCore_Cast,N/A,N/A,1790932512505013.424	,12.460,0.070000,0
7,aclnnPowTensorScalar_PowsAiCore_Pows,N/A,N/A,1790932512505025.904	,17.640,0.040000,0
7,aclnnMean_ReduceMeanAiCore_ReduceMean,N/A,N/A,1790932512505044.464	,21.181,0.860000,0
7,aclnnAdds_AddAiCore_Add,N/A,N/A,1790932512505066.885	,1.520,1.319000,0
7,aclnnRsqrt_RsqrtAiCore_Rsqrt,N/A,N/A,1790932512505068.425	,1.420,0.000000,0
7,aclnnMul_MulAiCore_Mul,N/A,N/A,1790932512505069.865	,20.940,0.000000,0
7,aclnnInplaceCopy_CastAiCore_Cast,N/A,N/A,1790932512505090.825	,10.941,0.060000,0
7,aclnnMul_MulAiCore_Mul,N/A,N/A,1790932512505101.786	,11.860,0.059000,0
7,aclnnMatmul_MatMulV3Common_MatMulV3,N/A,N/A,1790932512505113.666	,157.423,0.140000,0
7,aclnnInplaceCopy_SliceAiCore_Slice,N/A,N/A,1790932512505271.129	,11.220,0.077000,0
7,aclnnInplaceCopy_CastAiCore_Cast,N/A,N/A,1790932512505282.369	,19.241,0.000000,0
7,aclnnPowTensorScalar_PowsAiCore_Pows,N/A,N/A,1790932512505301.650	,28.180,0.259000,0
7,aclnnMean_ReduceMeanAiCore_ReduceMean,N/A,N/A,1790932512505330.770	,20.601,0.820000,0
7,aclnnAdds_AddAiCore_Add,N/A,N/A,1790932512505352.011	,5.700,0.649000,0
7,aclnnRsqrt_RsqrtAiCore_Rsqrt,N/A,N/A,1790932512505357.731	,6.660,0.050000,0
7,aclnnMul_MulAiCore_Mul,N/A,N/A,1790932512505364.411	,25.600,0.090000,0
7,aclnnInplaceCopy_CastAiCore_Cast,N/A,N/A,1790932512505390.031	,13.221,0.000000,0
7,aclnnMul_MulAiCore_Mul,N/A,N/A,1790932512505403.272	,12.240,0.029000,0
7,aclnnInplaceCopy_SliceAiCore_Slice,N/A,N/A,1790932512505415.532	,9.060,0.010000,0
7,aclnnInplaceCopy_CastAiCore_Cast,N/A,N/A,1790932512505424.612	,9.420,0.000000,0
7,aclnnPowTensorScalar_PowsAiCore_Pows,N/A,N/A,1790932512505434.052	,16.041,0.080000,0
7,aclnnMean_ReduceMeanAiCore_ReduceMean,N/A,N/A,1790932512505451.573	,13.640,1.459000,0
7,aclnnAdds_AddAiCore_Add,N/A,N/A,1790932512505466.093	,2.180,0.860000,0
7,aclnnRsqrt_RsqrtAiCore_Rsqrt,N/A,N/A,1790932512505468.293	,2.360,0.070000,0
7,aclnnMul_MulAiCore_Mul,N/A,N/A,1790932512505479.253	,15.720,8.640000,0
7,aclnnInplaceCopy_CastAiCore_Cast,N/A,N/A,1790932512505532.874	,9.240,37.780000,0
7,aclnnMul_MulAiCore_Mul,N/A,N/A,1790932512505560.035	,9.140,18.010000,0
7,aclnnMul_TransposeAiCore_Transpose,N/A,N/A,1790932512505653.517	,35.100,84.360000,0
7,aclnnMul_MulAiCore_Mul,N/A,N/A,1790932512505688.637	,13.881,0.150000,0
7,aclnnNeg_AsStridedAiCore_AsStrided,N/A,N/A,1790932512505721.218	,13.580,18.619000,0
7,aclnnNeg_NegAiCore_Neg,N/A,N/A,1790932512505734.818	,8.540,0.000000,0
7,aclnnCat_AsStridedAiCore_AsStrided,N/A,N/A,1790932512505751.979	,12.600,8.710000,0
7,aclnnCat_ConcatD_ConcatD,N/A,N/A,1790932512505764.619	,11.460,0.000000,0
7,aclnnMul_MulAiCore_Mul,N/A,N/A,1790932512505780.839	,14.220,4.790000,0
7,aclnnAdd_AddAiCore_Add,N/A,N/A,1790932512505807.800	,12.740,12.780000,0
7,aclnnMul_TransposeAiCore_Transpose,N/A,N/A,1790932512505837.240	,22.061,16.760000,0
7,aclnnMul_MulAiCore_Mul,N/A,N/A,1790932512505859.321	,6.320,0.000000,0
7,aclnnNeg_AsStridedAiCore_AsStrided,N/A,N/A,1790932512505905.362	,9.620,39.680000,0
7,aclnnNeg_NegAiCore_Neg,N/A,N/A,1790932512505915.022	,8.160,0.130000,0
7,aclnnCat_AsStridedAiCore_AsStrided,N/A,N/A,1790932512505935.702	,9.120,12.590000,0
7,aclnnCat_ConcatD_ConcatD,N/A,N/A,1790932512505944.842	,6.721,0.000000,0
7,aclnnMul_MulAiCore_Mul,N/A,N/A,1790932512505963.963	,6.180,12.529000,0
7,aclnnAdd_AddAiCore_Add,N/A,N/A,1790932512505989.923	,8.741,19.820000,0
7,aclnnInplaceCopy_AsStridedAiCore_AsStrided,N/A,N/A,1790932512506052.345	,8.740,53.509000,0
7,InnerPromptFlashAttention_PromptFlashAttention_PromptFlashAttention,N/A,N/A,1790932512506399.112	,304.446,338.010000,0
7,aclnnInplaceCopy_TransposeAiCore_Transpose,N/A,N/A,1790932512506704.258	,35.480,0.804000,0
7,aclnnMatmul_MatMulV3Common_MatMulV3,N/A,N/A,1790932512506739.758	,115.503,0.020000,0
7,aclnnAdd_AddAiCore_Add,N/A,N/A,1790932512506855.281	,11.520,0.000000,0
7,aclnnInplaceCopy_CastAiCore_Cast,N/A,N/A,1790932512506866.821	,10.040,0.000000,0
7,aclnnPowTensorScalar_PowsAiCore_Pows,N/A,N/A,1790932512506876.881	,17.180,0.210000,0
7,aclnnMean_ReduceMeanAiCore_ReduceMean,N/A,N/A,1790932512506895.461	,20.281,1.320000,0
7,aclnnAdds_AddAiCore_Add,N/A,N/A,1790932512506916.722	,1.420,0.969000,0
7,aclnnRsqrt_RsqrtAiCore_Rsqrt,N/A,N/A,1790932512506918.162	,1.340,0.080000,0
7,aclnnMul_MulAiCore_Mul,N/A,N/A,1790932512506919.522	,22.200,0.000000,0
7,aclnnInplaceCopy_CastAiCore_Cast,N/A,N/A,1790932512506941.742	,10.941,0.050000,0
7,aclnnMul_MulAiCore_Mul,N/A,N/A,1790932512506952.703	,12.000,0.059000,0
7,aclnnMatmul_MatMulCommon_MatMulV2,N/A,N/A,1790932512507011.044	,472.009,46.250000,0
7,aclnnSilu_SliceAiCore_Slice,N/A,N/A,1790932512507483.073	,16.721,0.000000,0
7,aclnnSilu_SiluAiCore_Swish,N/A,N/A,1790932512507499.814	,33.700,0.029000,0
7,aclnnMul_SliceAiCore_Slice,N/A,N/A,1790932512507533.534	,12.400,0.050000,0
7,aclnnMul_MulAiCore_Mul,N/A,N/A,1790932512507545.974	,18.981,0.100000,0
7,aclnnMatmul_MatMulV3Common_MatMulV3,N/A,N/A,1790932512507564.975	,268.545,0.019000,0
7,aclnnAdd_AddAiCore_Add,N/A,N/A,1790932512507833.540	,15.820,0.000000,0
7,aclnnInplaceCopy_CastAiCore_Cast,N/A,N/A,1790932512507849.380	,10.301,0.180000,0
7,aclnnPowTensorScalar_PowsAiCore_Pows,N/A,N/A,1790932512507859.721	,17.640,0.000000,0
7,aclnnMean_ReduceMeanAiCore_ReduceMean,N/A,N/A,1790932512507878.821	,21.140,1.360000,0
7,aclnnAdds_AddAiCore_Add,N/A,N/A,1790932512507900.682	,1.440,0.860000,0
7,aclnnRsqrt_RsqrtAiCore_Rsqrt,N/A,N/A,1790932512507902.142	,1.380,0.060000,0
7,aclnnMul_MulAiCore_Mul,N/A,N/A,1790932512507903.542	,21.320,0.000000,0
7,aclnnInplaceCopy_CastAiCore_Cast,N/A,N/A,1790932512507924.902	,10.840,0.180000,0
7,aclnnMul_MulAiCore_Mul,N/A,N/A,1790932512507935.762	,11.660,0.000000,0
7,aclnnMatmul_MatMulV3Common_MatMulV3,N/A,N/A,1790932512507947.442	,161.304,0.090000,0
7,aclnnInplaceCopy_SliceAiCore_Slice,N/A,N/A,1790932512508108.786	,11.840,0.000000,0
7,aclnnInplaceCopy_CastAiCore_Cast,N/A,N/A,1790932512508120.646	,16.360,0.160000,0
7,aclnnPowTensorScalar_PowsAiCore_Pows,N/A,N/A,1790932512508137.026	,23.541,0.000000,0
7,aclnnMean_ReduceMeanAiCore_ReduceMean,N/A,N/A,1790932512508161.707	,20.380,1.209000,0
7,aclnnAdds_AddAiCore_Add,N/A,N/A,1790932512508182.927	,5.740,0.870000,0
7,aclnnRsqrt_RsqrtAiCore_Rsqrt,N/A,N/A,1790932512508188.687	,6.620,0.010000,0
7,aclnnMul_MulAiCore_Mul,N/A,N/A,1790932512508195.327	,25.501,0.000000,0
7,aclnnInplaceCopy_CastAiCore_Cast,N/A,N/A,1790932512508220.848	,14.000,0.000000,0
7,aclnnMul_MulAiCore_Mul,N/A,N/A,1790932512508234.868	,12.180,0.000000,0
7,aclnnInplaceCopy_SliceAiCore_Slice,N/A,N/A,1790932512508247.088	,9.181,0.070000,0
7,aclnnInplaceCopy_CastAiCore_Cast,N/A,N/A,1790932512508256.289	,9.440,0.069000,0
7,aclnnPowTensorScalar_PowsAiCore_Pows,N/A,N/A,1790932512508265.749	,16.020,0.060000,0
7,aclnnMean_ReduceMeanAiCore_ReduceMean,N/A,N/A,1790932512508282.989	,13.800,1.230000,0
7,aclnnAdds_AddAiCore_Add,N/A,N/A,1790932512508297.509	,2.260,0.700000,0
7,aclnnRsqrt_RsqrtAiCore_Rsqrt,N/A,N/A,1790932512508299.789	,2.401,0.000000,0
7,aclnnMul_MulAiCore_Mul,N/A,N/A,1790932512508302.210	,15.680,0.099000,0
7,aclnnInplaceCopy_CastAiCore_Cast,N/A,N/A,1790932512508356.971	,9.300,39.070000,0
7,aclnnMul_MulAiCore_Mul,N/A,N/A,1790932512508383.871	,9.200,17.450000,0
7,aclnnMul_TransposeAiCore_Transpose,N/A,N/A,1790932512508487.393	,34.081,94.550000,0
7,aclnnMul_MulAiCore_Mul,N/A,N/A,1790932512508521.494	,14.020,0.000000,0
7,aclnnNeg_AsStridedAiCore_AsStrided,N/A,N/A,1790932512508543.754	,13.721,8.230000,0
7,aclnnNeg_NegAiCore_Neg,N/A,N/A,1790932512508557.515	,8.580,0.029000,0
7,aclnnCat_AsStridedAiCore_AsStrided,N/A,N/A,1790932512508587.835	,12.560,21.670000,0
7,aclnnCat_ConcatD_ConcatD,N/A,N/A,1790932512508600.415	,12.001,0.190000,0
7,aclnnMul_MulAiCore_Mul,N/A,N/A,1790932512508612.456	,14.280,0.000000,0
7,aclnnAdd_AddAiCore_Add,N/A,N/A,1790932512508641.896	,13.101,15.220000,0
7,aclnnMul_TransposeAiCore_Transpose,N/A,N/A,1790932512508668.957	,21.600,13.899000,0
7,aclnnMul_MulAiCore_Mul,N/A,N/A,1790932512508690.577	,6.160,0.000000,0
7,aclnnNeg_AsStridedAiCore_AsStrided,N/A,N/A,1790932512508726.598	,8.800,29.840000,0
7,aclnnNeg_NegAiCore_Neg,N/A,N/A,1790932512508735.418	,8.280,0.200000,0
7,aclnnCat_AsStridedAiCore_AsStrided,N/A,N/A,1790932512508756.939	,9.860,13.220000,0
7,aclnnCat_ConcatD_ConcatD,N/A,N/A,1790932512508766.819	,6.500,0.000000,0
7,aclnnMul_MulAiCore_Mul,N/A,N/A,1790932512508785.019	,6.260,11.750000,0
7,aclnnAdd_AddAiCore_Add,N/A,N/A,1790932512508812.020	,8.540,20.740000,0
7,aclnnInplaceCopy_AsStridedAiCore_AsStrided,N/A,N/A,1790932512508868.921	,8.320,48.460000,0
7,InnerPromptFlashAttention_PromptFlashAttention_PromptFlashAttention,N/A,N/A,1790932512509227.188	,307.866,349.930000,0
7,aclnnInplaceCopy_TransposeAiCore_Transpose,N/A,N/A,1790932512509535.954	,36.381,0.884000,0
7,aclnnMatmul_MatMulV3Common_MatMulV3,N/A,N/A,1790932512509572.355	,116.342,0.000000,0
7,aclnnAdd_AddAiCore_Add,N/A,N/A,1790932512509688.717	,12.100,0.158000,0
7,aclnnInplaceCopy_CastAiCore_Cast,N/A,N/A,1790932512509700.837	,9.941,0.000000,0
7,aclnnPowTensorScalar_PowsAiCore_Pows,N/A,N/A,1790932512509710.798	,17.320,0.059000,0
7,aclnnMean_ReduceMeanAiCore_ReduceMean,N/A,N/A,1790932512509729.218	,20.320,1.180000,0
7,aclnnAdds_AddAiCore_Add,N/A,N/A,1790932512509750.438	,1.440,0.930000,0
7,aclnnRsqrt_RsqrtAiCore_Rsqrt,N/A,N/A,1790932512509751.918	,1.341,0.060000,0
7,aclnnMul_MulAiCore_Mul,N/A,N/A,1790932512509753.279	,22.020,0.000000,0
7,aclnnInplaceCopy_CastAiCore_Cast,N/A,N/A,1790932512509775.319	,10.920,0.000000,0
7,aclnnMul_MulAiCore_Mul,N/A,N/A,1790932512509786.259	,12.180,0.080000,0
7,aclnnMatmul_MatMulCommon_MatMulV2,N/A,N/A,1790932512509834.600	,467.669,36.070000,0
7,aclnnSilu_SliceAiCore_Slice,N/A,N/A,1790932512510302.289	,16.861,0.081000,0
7,aclnnSilu_SiluAiCore_Swish,N/A,N/A,1790932512510319.170	,33.761,0.139000,0
7,aclnnMul_SliceAiCore_Slice,N/A,N/A,1790932512510352.951	,13.640,0.000000,0
7,aclnnMul_MulAiCore_Mul,N/A,N/A,1790932512510366.631	,19.040,0.110000,0
7,aclnnMatmul_MatMulV3Common_MatMulV3,N/A,N/A,1790932512510385.691	,269.266,0.000000,0
7,aclnnAdd_AddAiCore_Add,N/A,N/A,1790932512510654.997	,15.640,0.000000,0
7,aclnnInplaceCopy_CastAiCore_Cast,N/A,N/A,1790932512510670.657	,10.020,0.110000,0
7,aclnnPowTensorScalar_PowsAiCore_Pows,N/A,N/A,1790932512510680.697	,17.520,0.000000,0
7,aclnnMean_ReduceMeanAiCore_ReduceMean,N/A,N/A,1790932512510699.357	,21.081,0.980000,0
7,aclnnAdds_AddAiCore_Add,N/A,N/A,1790932512510721.218	,1.500,0.919000,0
7,aclnnRsqrt_RsqrtAiCore_Rsqrt,N/A,N/A,1790932512510722.738	,1.360,0.000000,0
7,aclnnMul_MulAiCore_Mul,N/A,N/A,1790932512510724.118	,22.080,0.000000,0
7,aclnnInplaceCopy_CastAiCore_Cast,N/A,N/A,1790932512510746.218	,10.801,0.170000,0
7,aclnnMul_MulAiCore_Mul,N/A,N/A,1790932512510757.039	,11.820,0.000000,0
7,aclnnMatmul_MatMulV3Common_MatMulV3,N/A,N/A,1790932512510768.879	,158.183,0.180000,0
7,aclnnInplaceCopy_SliceAiCore_Slice,N/A,N/A,1790932512510927.082	,11.200,0.000000,0
7,aclnnInplaceCopy_CastAiCore_Cast,N/A,N/A,1790932512510938.302	,19.121,0.050000,0
7,aclnnPowTensorScalar_PowsAiCore_Pows,N/A,N/A,1790932512510957.443	,26.000,0.129000,0
7,aclnnMean_ReduceMeanAiCore_ReduceMean,N/A,N/A,1790932512510984.743	,20.301,1.250000,0
7,aclnnAdds_AddAiCore_Add,N/A,N/A,1790932512511005.944	,5.660,0.949000,0
7,aclnnRsqrt_RsqrtAiCore_Rsqrt,N/A,N/A,1790932512511011.624	,6.600,0.000000,0
7,aclnnMul_MulAiCore_Mul,N/A,N/A,1790932512511018.264	,25.520,0.150000,0
7,aclnnInplaceCopy_CastAiCore_Cast,N/A,N/A,1790932512511043.804	,13.921,0.000000,0
7,aclnnMul_MulAiCore_Mul,N/A,N/A,1790932512511057.765	,12.480,0.079000,0
7,aclnnInplaceCopy_SliceAiCore_Slice,N/A,N/A,1790932512511070.265	,9.240,0.020000,0
7,aclnnInplaceCopy_CastAiCore_Cast,N/A,N/A,1790932512511079.525	,9.360,0.010000,0
7,aclnnPowTensorScalar_PowsAiCore_Pows,N/A,N/A,1790932512511088.925	,15.881,0.140000,0
7,aclnnMean_ReduceMeanAiCore_ReduceMean,N/A,N/A,1790932512511106.006	,13.600,1.119000,0
7,aclnnAdds_AddAiCore_Add,N/A,N/A,1790932512511120.546	,2.180,0.900000,0
7,aclnnRsqrt_RsqrtAiCore_Rsqrt,N/A,N/A,1790932512511122.746	,2.440,0.070000,0
7,aclnnMul_MulAiCore_Mul,N/A,N/A,1790932512511125.206	,15.080,0.060000,0
7,aclnnInplaceCopy_CastAiCore_Cast,N/A,N/A,1790932512511159.067	,9.280,18.670000,0
7,aclnnMul_MulAiCore_Mul,N/A,N/A,1790932512511185.027	,9.340,16.720000,0
7,aclnnMul_TransposeAiCore_Transpose,N/A,N/A,1790932512511278.509	,35.161,84.160000,0
7,aclnnMul_MulAiCore_Mul,N/A,N/A,1790932512511313.690	,13.680,0.089000,0
7,aclnnNeg_AsStridedAiCore_AsStrided,N/A,N/A,1790932512511335.310	,13.820,7.820000,0
7,aclnnNeg_NegAiCore_Neg,N/A,N/A,1790932512511349.150	,8.521,0.180000,0
7,aclnnCat_AsStridedAiCore_AsStrided,N/A,N/A,1790932512511382.531	,13.220,24.729000,0
7,aclnnCat_ConcatD_ConcatD,N/A,N/A,1790932512511395.771	,11.981,0.030000,0
7,aclnnMul_MulAiCore_Mul,N/A,N/A,1790932512511407.772	,14.120,0.019000,0
7,aclnnAdd_AddAiCore_Add,N/A,N/A,1790932512511436.512	,12.760,14.630000,0
7,aclnnMul_TransposeAiCore_Transpose,N/A,N/A,1790932512511463.193	,22.040,13.990000,0
7,aclnnMul_MulAiCore_Mul,N/A,N/A,1790932512511485.253	,6.500,0.000000,0
7,aclnnNeg_AsStridedAiCore_AsStrided,N/A,N/A,1790932512511520.274	,9.200,28.500000,0
7,aclnnNeg_NegAiCore_Neg,N/A,N/A,1790932512511529.494	,8.180,0.050000,0
7,aclnnCat_AsStridedAiCore_AsStrided,N/A,N/A,1790932512511550.574	,9.201,12.820000,0
7,aclnnCat_ConcatD_ConcatD,N/A,N/A,1790932512511560.455	,6.660,0.799000,0
7,aclnnMul_MulAiCore_Mul,N/A,N/A,1790932512511577.335	,5.780,10.090000,0
7,aclnnAdd_AddAiCore_Add,N/A,N/A,1790932512511603.876	,8.780,20.970000,0
7,aclnnInplaceCopy_AsStridedAiCore_AsStrided,N/A,N/A,1790932512511674.117	,7.900,61.220000,0
7,InnerPromptFlashAttention_PromptFlashAttention_PromptFlashAttention,N/A,N/A,1790932512512020.564	,309.826,338.600000,0
7,aclnnInplaceCopy_TransposeAiCore_Transpose,N/A,N/A,1790932512512331.330	,31.781,0.924000,0
7,aclnnMatmul_MatMulV3Common_MatMulV3,N/A,N/A,1790932512512363.131	,115.322,0.219000,0
7,aclnnAdd_AddAiCore_Add,N/A,N/A,1790932512512478.493	,11.540,0.000000,0
7,aclnnInplaceCopy_CastAiCore_Cast,N/A,N/A,1790932512512490.053	,9.980,0.000000,0
7,aclnnPowTensorScalar_PowsAiCore_Pows,N/A,N/A,1790932512512500.053	,17.421,0.020000,0
7,aclnnMean_ReduceMeanAiCore_ReduceMean,N/A,N/A,1790932512512518.394	,20.060,1.079000,0
7,aclnnAdds_AddAiCore_Add,N/A,N/A,1790932512512539.614	,1.400,0.940000,0
7,aclnnRsqrt_RsqrtAiCore_Rsqrt,N/A,N/A,1790932512512541.054	,1.260,0.100000,0
7,aclnnMul_MulAiCore_Mul,N/A,N/A,1790932512512542.354	,21.921,0.000000,0
7,aclnnInplaceCopy_CastAiCore_Cast,N/A,N/A,1790932512512564.295	,12.660,0.079000,0
7,aclnnMul_MulAiCore_Mul,N/A,N/A,1790932512512576.975	,12.220,0.090000,0
7,aclnnMatmul_MatMulCommon_MatMulV2,N/A,N/A,1790932512512642.776	,472.830,53.530000,0
7,aclnnSilu_SliceAiCore_Slice,N/A,N/A,1790932512513115.626	,16.540,0.170000,0
7,aclnnSilu_SiluAiCore_Swish,N/A,N/A,1790932512513132.186	,33.541,0.000000,0
7,aclnnMul_SliceAiCore_Slice,N/A,N/A,1790932512513165.747	,13.640,0.000000,0
7,aclnnMul_MulAiCore_Mul,N/A,N/A,1790932512513179.407	,18.700,0.110000,0
7,aclnnMatmul_MatMulV3Common_MatMulV3,N/A,N/A,1790932512513198.127	,270.926,0.050000,0
7,aclnnAdd_AddAiCore_Add,N/A,N/A,1790932512513469.073	,15.720,0.000000,0
7,aclnnInplaceCopy_CastAiCore_Cast,N/A,N/A,1790932512513484.813	,10.720,0.030000,0
7,aclnnPowTensorScalar_PowsAiCore_Pows,N/A,N/A,1790932512513495.553	,17.141,0.030000,0
7,aclnnMean_ReduceMeanAiCore_ReduceMean,N/A,N/A,1790932512513513.934	,20.980,1.359000,0
7,aclnnAdds_AddAiCore_Add,N/A,N/A,1790932512513535.774	,1.580,0.770000,0
7,aclnnRsqrt_RsqrtAiCore_Rsqrt,N/A,N/A,1790932512513537.394	,1.300,0.170000,0
7,aclnnMul_MulAiCore_Mul,N/A,N/A,1790932512513538.714	,21.961,0.000000,0
7,aclnnInplaceCopy_CastAiCore_Cast,N/A,N/A,1790932512513560.715	,10.900,0.039000,0
7,aclnnMul_MulAiCore_Mul,N/A,N/A,1790932512513571.635	,12.540,0.100000,0
7,aclnnMatmul_MatMulV3Common_MatMulV3,N/A,N/A,1790932512513584.195	,160.303,0.000000,0
7,aclnnInplaceCopy_SliceAiCore_Slice,N/A,N/A,1790932512513744.518	,11.280,0.000000,0
7,aclnnInplaceCopy_CastAiCore_Cast,N/A,N/A,1790932512513755.818	,16.421,0.000000,0
7,aclnnPowTensorScalar_PowsAiCore_Pows,N/A,N/A,1790932512513772.259	,23.540,0.079000,0
7,aclnnMean_ReduceMeanAiCore_ReduceMean,N/A,N/A,1790932512513796.739	,20.761,0.960000,0
7,aclnnAdds_AddAiCore_Add,N/A,N/A,1790932512513818.600	,5.640,0.989000,0
7,aclnnRsqrt_RsqrtAiCore_Rsqrt,N/A,N/A,1790932512513824.260	,6.620,0.110000,0
7,aclnnMul_MulAiCore_Mul,N/A,N/A,1790932512513830.900	,25.561,0.130000,0
7,aclnnInplaceCopy_CastAiCore_Cast,N/A,N/A,1790932512513856.481	,13.440,0.000000,0
7,aclnnMul_MulAiCore_Mul,N/A,N/A,1790932512513869.941	,12.140,0.060000,0
7,aclnnInplaceCopy_SliceAiCore_Slice,N/A,N/A,1790932512513882.101	,9.120,0.000000,0
7,aclnnInplaceCopy_CastAiCore_Cast,N/A,N/A,1790932512513891.241	,9.540,0.130000,0
7,aclnnPowTensorScalar_PowsAiCore_Pows,N/A,N/A,1790932512513900.821	,16.001,0.000000,0
7,aclnnMean_ReduceMeanAiCore_ReduceMean,N/A,N/A,1790932512513918.022	,13.780,1.249000,0
7,aclnnAdds_AddAiCore_Add,N/A,N/A,1790932512513932.522	,2.260,0.720000,0
7,aclnnRsqrt_RsqrtAiCore_Rsqrt,N/A,N/A,1790932512513934.802	,2.360,0.000000,0
7,aclnnMul_MulAiCore_Mul,N/A,N/A,1790932512513937.182	,15.760,0.140000,0
7,aclnnInplaceCopy_CastAiCore_Cast,N/A,N/A,1790932512513987.223	,9.300,34.240000,0
7,aclnnMul_MulAiCore_Mul,N/A,N/A,1790932512514014.464	,9.100,17.950000,0
7,aclnnMul_TransposeAiCore_Transpose,N/A,N/A,1790932512514108.686	,34.900,85.150000,0
7,aclnnMul_MulAiCore_Mul,N/A,N/A,1790932512514143.606	,14.301,0.000000,0
7,aclnnNeg_AsStridedAiCore_AsStrided,N/A,N/A,1790932512514165.227	,14.440,7.449000,0
7,aclnnNeg_NegAiCore_Neg,N/A,N/A,1790932512514179.687	,8.540,0.060000,0
7,aclnnCat_AsStridedAiCore_AsStrided,N/A,N/A,1790932512514208.128	,12.660,19.960000,0
7,aclnnCat_ConcatD_ConcatD,N/A,N/A,1790932512514220.808	,11.780,0.000000,0
7,aclnnMul_MulAiCore_Mul,N/A,N/A,1790932512514235.848	,13.900,3.220000,0
7,aclnnAdd_AddAiCore_Add,N/A,N/A,1790932512514261.909	,12.820,12.350000,0
7,aclnnMul_TransposeAiCore_Transpose,N/A,N/A,1790932512514289.689	,22.561,14.930000,0
7,aclnnMul_MulAiCore_Mul,N/A,N/A,1790932512514312.290	,6.500,0.000000,0
7,aclnnNeg_AsStridedAiCore_AsStrided,N/A,N/A,1790932512514346.110	,9.320,27.250000,0
7,aclnnNeg_NegAiCore_Neg,N/A,N/A,1790932512514355.450	,8.121,0.180000,0
7,aclnnCat_AsStridedAiCore_AsStrided,N/A,N/A,1790932512514387.051	,9.620,23.379000,0
7,aclnnCat_ConcatD_ConcatD,N/A,N/A,1790932512514396.691	,6.660,0.130000,0
7,aclnnMul_MulAiCore_Mul,N/A,N/A,1790932512514414.292	,6.120,10.840000,0
7,aclnnAdd_AddAiCore_Add,N/A,N/A,1790932512514444.212	,8.540,23.880000,0
7,aclnnInplaceCopy_AsStridedAiCore_AsStrided,N/A,N/A,1790932512514506.533	,7.921,53.710000,0
7,InnerPromptFlashAttention_PromptFlashAttention_PromptFlashAttention,N/A,N/A,1790932512514850.040	,312.267,335.579000,0
7,aclnnInplaceCopy_TransposeAiCore_Transpose,N/A,N/A,1790932512515163.227	,31.540,0.983000,0
7,aclnnMatmul_MatMulV3Common_MatMulV3,N/A,N/A,1790932512515194.787	,115.343,0.000000,0
7,aclnnAdd_AddAiCore_Add,N/A,N/A,1790932512515310.150	,11.680,0.157000,0
7,aclnnInplaceCopy_CastAiCore_Cast,N/A,N/A,1790932512515321.850	,9.960,0.000000,0
7,aclnnPowTensorScalar_PowsAiCore_Pows,N/A,N/A,1790932512515331.830	,17.180,0.040000,0
7,aclnnMean_ReduceMeanAiCore_ReduceMean,N/A,N/A,1790932512515350.330	,19.721,1.320000,0
7,aclnnAdds_AddAiCore_Add,N/A,N/A,1790932512515370.951	,1.340,1.029000,0
7,aclnnRsqrt_RsqrtAiCore_Rsqrt,N/A,N/A,1790932512515372.311	,1.360,0.000000,0
7,aclnnMul_MulAiCore_Mul,N/A,N/A,1790932512515373.691	,22.260,0.140000,0
7,aclnnInplaceCopy_CastAiCore_Cast,N/A,N/A,1790932512515395.971	,10.780,0.000000,0
7,aclnnMul_MulAiCore_Mul,N/A,N/A,1790932512515406.771	,12.161,0.000000,0
7,aclnnMatmul_MatMulCommon_MatMulV2,N/A,N/A,1790932512515462.273	,467.689,43.339000,0
7,aclnnSilu_SliceAiCore_Slice,N/A,N/A,1790932512515929.982	,17.320,0.061000,0
7,aclnnSilu_SiluAiCore_Swish,N/A,N/A,1790932512515947.322	,33.561,0.000000,0
7,aclnnMul_SliceAiCore_Slice,N/A,N/A,1790932512515980.903	,13.120,0.189000,0
7,aclnnMul_MulAiCore_Mul,N/A,N/A,1790932512515994.043	,19.081,0.000000,0
7,aclnnMatmul_MatMulV3Common_MatMulV3,N/A,N/A,1790932512516013.144	,271.165,0.169000,0
7,aclnnAdd_AddAiCore_Add,N/A,N/A,1790932512516284.329	,15.480,0.000000,0
7,aclnnInplaceCopy_CastAiCore_Cast,N/A,N/A,1790932512516299.829	,10.121,0.020000,0
7,aclnnPowTensorScalar_PowsAiCore_Pows,N/A,N/A,1790932512516309.970	,17.380,0.129000,0
7,aclnnMean_ReduceMeanAiCore_ReduceMean,N/A,N/A,1790932512516328.690	,21.100,1.370000,0
7,aclnnAdds_AddAiCore_Add,N/A,N/A,1790932512516350.550	,1.460,0.650000,0
7,aclnnRsqrt_RsqrtAiCore_Rsqrt,N/A,N/A,1790932512516352.030	,1.300,0.040000,0
7,aclnnMul_MulAiCore_Mul,N/A,N/A,1790932512516353.350	,21.741,0.000000,0
7,aclnnInplaceCopy_CastAiCore_Cast,N/A,N/A,1790932512516375.111	,11.180,0.009000,0
7,aclnnMul_MulAiCore_Mul,N/A,N/A,1790932512516386.331	,11.900,0.070000,0
7,aclnnMatmul_MatMulV3Common_MatMulV3,N/A,N/A,1790932512516398.251	,157.403,0.100000,0
7,aclnnInplaceCopy_SliceAiCore_Slice,N/A,N/A,1790932512516555.674	,11.241,0.097000,0
7,aclnnInplaceCopy_CastAiCore_Cast,N/A,N/A,1790932512516566.935	,18.940,0.009000,0
7,aclnnPowTensorScalar_PowsAiCore_Pows,N/A,N/A,1790932512516585.915	,26.281,0.060000,0
7,aclnnMean_ReduceMeanAiCore_ReduceMean,N/A,N/A,1790932512516613.096	,20.680,0.719000,0
7,aclnnAdds_AddAiCore_Add,N/A,N/A,1790932512516634.956	,5.680,1.320000,0
7,aclnnRsqrt_RsqrtAiCore_Rsqrt,N/A,N/A,1790932512516640.656	,6.700,0.070000,0
7,aclnnMul_MulAiCore_Mul,N/A,N/A,1790932512516647.376	,26.081,0.050000,0
7,aclnnInplaceCopy_CastAiCore_Cast,N/A,N/A,1790932512516673.477	,13.800,0.000000,0
7,aclnnMul_MulAiCore_Mul,N/A,N/A,1790932512516687.297	,18.820,0.000000,0
7,aclnnInplaceCopy_SliceAiCore_Slice,N/A,N/A,1790932512516706.137	,9.201,0.180000,0
7,aclnnInplaceCopy_CastAiCore_Cast,N/A,N/A,1790932512516715.358	,9.560,0.000000,0
7,aclnnPowTensorScalar_PowsAiCore_Pows,N/A,N/A,1790932512516724.938	,15.820,0.190000,0
7,aclnnMean_ReduceMeanAiCore_ReduceMean,N/A,N/A,1790932512516742.078	,13.780,1.180000,0
7,aclnnAdds_AddAiCore_Add,N/A,N/A,1790932512516756.638	,2.240,0.970000,0
7,aclnnRsqrt_RsqrtAiCore_Rsqrt,N/A,N/A,1790932512516758.918	,2.361,0.010000,0
7,aclnnMul_MulAiCore_Mul,N/A,N/A,1790932512516762.859	,15.620,1.389000,0
7,aclnnInplaceCopy_CastAiCore_Cast,N/A,N/A,1790932512516816.300	,9.280,37.880000,0
7,aclnnMul_MulAiCore_Mul,N/A,N/A,1790932512516843.180	,9.340,17.720000,0
7,aclnnMul_TransposeAiCore_Transpose,N/A,N/A,1790932512516934.462	,33.461,81.910000,0
7,aclnnMul_MulAiCore_Mul,N/A,N/A,1790932512516967.943	,14.300,0.039000,0
7,aclnnNeg_AsStridedAiCore_AsStrided,N/A,N/A,1790932512517001.983	,13.641,19.700000,0
7,aclnnNeg_NegAiCore_Neg,N/A,N/A,1790932512517015.664	,8.520,0.109000,0
7,aclnnCat_AsStridedAiCore_AsStrided,N/A,N/A,1790932512517031.764	,15.260,7.480000,0
7,aclnnCat_ConcatD_ConcatD,N/A,N/A,1790932512517047.064	,12.180,0.000000,0
7,aclnnMul_MulAiCore_Mul,N/A,N/A,1790932512517062.825	,14.100,3.570000,0
7,aclnnAdd_AddAiCore_Add,N/A,N/A,1790932512517090.525	,12.940,13.650000,0
7,aclnnMul_TransposeAiCore_Transpose,N/A,N/A,1790932512517119.686	,22.040,16.310000,0
7,aclnnMul_MulAiCore_Mul,N/A,N/A,1790932512517141.746	,6.460,0.000000,0
7,aclnnNeg_AsStridedAiCore_AsStrided,N/A,N/A,1790932512517176.687	,9.480,28.540000,0
7,aclnnNeg_NegAiCore_Neg,N/A,N/A,1790932512517186.207	,8.280,0.020000,0
7,aclnnCat_AsStridedAiCore_AsStrided,N/A,N/A,1790932512517214.428	,9.600,19.970000,0
7,aclnnCat_ConcatD_ConcatD,N/A,N/A,1790932512517224.048	,6.680,0.000000,0
7,aclnnMul_MulAiCore_Mul,N/A,N/A,1790932512517241.888	,6.580,11.320000,0
7,aclnnAdd_AddAiCore_Add,N/A,N/A,1790932512517266.469	,8.520,17.920000,0
7,aclnnInplaceCopy_AsStridedAiCore_AsStrided,N/A,N/A,1790932512517329.770	,8.440,54.730000,0
7,InnerPromptFlashAttention_PromptFlashAttention_PromptFlashAttention,N/A,N/A,1790932512517678.217	,314.686,340.060000,0
7,aclnnInplaceCopy_TransposeAiCore_Transpose,N/A,N/A,1790932512517993.963	,31.741,1.064000,0
7,aclnnMatmul_MatMulV3Common_MatMulV3,N/A,N/A,1790932512518025.724	,116.322,0.009000,0
7,aclnnAdd_AddAiCore_Add,N/A,N/A,1790932512518142.066	,11.480,0.000000,0
7,aclnnInplaceCopy_CastAiCore_Cast,N/A,N/A,1790932512518153.566	,10.081,0.020000,0
7,aclnnPowTensorScalar_PowsAiCore_Pows,N/A,N/A,1790932512518163.667	,17.260,0.169000,0
7,aclnnMean_ReduceMeanAiCore_ReduceMean,N/A,N/A,1790932512518182.187	,20.200,1.240000,0
7,aclnnAdds_AddAiCore_Add,N/A,N/A,1790932512518203.427	,1.400,1.050000,0
7,aclnnRsqrt_RsqrtAiCore_Rsqrt,N/A,N/A,1790932512518204.847	,1.360,0.000000,0
7,aclnnMul_MulAiCore_Mul,N/A,N/A,1790932512518206.227	,22.721,0.140000,0
7,aclnnInplaceCopy_CastAiCore_Cast,N/A,N/A,1790932512518228.968	,10.840,0.029000,0
7,aclnnMul_MulAiCore_Mul,N/A,N/A,1790932512518239.828	,11.920,0.000000,0
7,aclnnMatmul_MatMulCommon_MatMulV2,N/A,N/A,1790932512518283.569	,472.009,31.830000,0
7,aclnnSilu_SliceAiCore_Slice,N/A,N/A,1790932512518755.618	,17.021,0.000000,0
7,aclnnSilu_SiluAiCore_Swish,N/A,N/A,1790932512518772.679	,33.520,0.229000,0
7,aclnnMul_SliceAiCore_Slice,N/A,N/A,1790932512518806.219	,12.541,0.000000,0
7,aclnnMul_MulAiCore_Mul,N/A,N/A,1790932512518818.800	,18.800,0.000000,0
7,aclnnMatmul_MatMulV3Common_MatMulV3,N/A,N/A,1790932512518837.620	,272.765,0.000000,0
7,aclnnAdd_AddAiCore_Add,N/A,N/A,1790932512519110.405	,15.701,0.235000,0
7,aclnnInplaceCopy_CastAiCore_Cast,N/A,N/A,1790932512519126.146	,10.420,0.049000,0
7,aclnnPowTensorScalar_PowsAiCore_Pows,N/A,N/A,1790932512519136.586	,20.080,0.000000,0
7,aclnnMean_ReduceMeanAiCore_ReduceMean,N/A,N/A,1790932512519157.826	,21.441,1.170000,0
7,aclnnAdds_AddAiCore_Add,N/A,N/A,1790932512519180.287	,1.460,1.059000,0
7,aclnnRsqrt_RsqrtAiCore_Rsqrt,N/A,N/A,1790932512519181.767	,1.300,0.040000,0
7,aclnnMul_MulAiCore_Mul,N/A,N/A,1790932512519183.087	,21.860,0.000000,0
7,aclnnInplaceCopy_CastAiCore_Cast,N/A,N/A,1790932512519204.967	,10.981,0.140000,0
7,aclnnMul_MulAiCore_Mul,N/A,N/A,1790932512519215.968	,12.100,0.019000,0
7,aclnnMatmul_MatMulV3Common_MatMulV3,N/A,N/A,1790932512519228.108	,161.783,0.000000,0
7,aclnnInplaceCopy_SliceAiCore_Slice,N/A,N/A,1790932512519389.911	,11.700,0.217000,0
7,aclnnInplaceCopy_CastAiCore_Cast,N/A,N/A,1790932512519401.631	,16.181,0.050000,0
7,aclnnPowTensorScalar_PowsAiCore_Pows,N/A,N/A,1790932512519417.832	,23.140,0.000000,0
7,aclnnMean_ReduceMeanAiCore_ReduceMean,N/A,N/A,1790932512519442.092	,20.681,1.110000,0
7,aclnnAdds_AddAiCore_Add,N/A,N/A,1790932512519463.933	,5.700,1.319000,0
7,aclnnRsqrt_RsqrtAiCore_Rsqrt,N/A,N/A,1790932512519469.653	,6.640,0.050000,0
7,aclnnMul_MulAiCore_Mul,N/A,N/A,1790932512519476.313	,26.260,0.000000,0
7,aclnnInplaceCopy_CastAiCore_Cast,N/A,N/A,1790932512519502.593	,13.421,0.000000,0
7,aclnnMul_MulAiCore_Mul,N/A,N/A,1790932512519516.054	,12.460,0.079000,0
7,aclnnInplaceCopy_SliceAiCore_Slice,N/A,N/A,1790932512519528.534	,9.300,0.040000,0
7,aclnnInplaceCopy_CastAiCore_Cast,N/A,N/A,1790932512519537.874	,9.560,0.000000,0
7,aclnnPowTensorScalar_PowsAiCore_Pows,N/A,N/A,1790932512519547.454	,16.101,0.190000,0
7,aclnnMean_ReduceMeanAiCore_ReduceMean,N/A,N/A,1790932512519564.635	,13.800,1.149000,0
7,aclnnAdds_AddAiCore_Add,N/A,N/A,1790932512519579.135	,2.300,0.700000,0
7,aclnnRsqrt_RsqrtAiCore_Rsqrt,N/A,N/A,1790932512519581.455	,2.460,0.000000,0
7,aclnnMul_MulAiCore_Mul,N/A,N/A,1790932512519583.935	,15.780,0.040000,0
7,aclnnInplaceCopy_CastAiCore_Cast,N/A,N/A,1790932512519620.476	,9.280,20.720000,0
7,aclnnMul_MulAiCore_Mul,N/A,N/A,1790932512519634.956	,9.100,5.220000,0
7,aclnnMul_TransposeAiCore_Transpose,N/A,N/A,1790932512519743.738	,35.501,99.650000,0
7,aclnnMul_MulAiCore_Mul,N/A,N/A,1790932512519779.259	,13.840,0.000000,0
7,aclnnNeg_AsStridedAiCore_AsStrided,N/A,N/A,1790932512519811.299	,13.741,18.160000,0
7,aclnnNeg_NegAiCore_Neg,N/A,N/A,1790932512519825.060	,8.560,0.009000,0
7,aclnnCat_AsStridedAiCore_AsStrided,N/A,N/A,1790932512519847.240	,12.860,13.690000,0
7,aclnnCat_ConcatD_ConcatD,N/A,N/A,1790932512519860.140	,11.601,0.140000,0
7,aclnnMul_MulAiCore_Mul,N/A,N/A,1790932512519874.761	,13.820,2.899000,0
7,aclnnAdd_AddAiCore_Add,N/A,N/A,1790932512519898.941	,12.880,10.430000,0
7,aclnnMul_TransposeAiCore_Transpose,N/A,N/A,1790932512519927.142	,22.080,15.370000,0
7,aclnnMul_MulAiCore_Mul,N/A,N/A,1790932512519949.242	,9.060,0.000000,0
7,aclnnNeg_AsStridedAiCore_AsStrided,N/A,N/A,1790932512519983.823	,8.700,25.440000,0
7,aclnnNeg_NegAiCore_Neg,N/A,N/A,1790932512519992.543	,8.300,0.050000,0
7,aclnnCat_AsStridedAiCore_AsStrided,N/A,N/A,1790932512520027.224	,8.940,26.450000,0
7,aclnnCat_ConcatD_ConcatD,N/A,N/A,1790932512520036.184	,6.620,0.060000,0
7,aclnnMul_MulAiCore_Mul,N/A,N/A,1790932512520055.064	,5.860,12.130000,0
7,aclnnAdd_AddAiCore_Add,N/A,N/A,1790932512520070.645	,8.580,9.890000,0
7,aclnnInplaceCopy_AsStridedAiCore_AsStrided,N/A,N/A,1790932512520144.986	,8.220,65.670000,0
7,InnerPromptFlashAttention_PromptFlashAttention_PromptFlashAttention,N/A,N/A,1790932512520498.233	,311.626,345.030000,0
7,aclnnInplaceCopy_TransposeAiCore_Transpose,N/A,N/A,1790932512520810.959	,31.621,1.124000,0
7,aclnnMatmul_MatMulV3Common_MatMulV3,N/A,N/A,1790932512520842.620	,118.182,0.000000,0
7,aclnnAdd_AddAiCore_Add,N/A,N/A,1790932512520960.822	,11.841,0.068000,0
7,aclnnInplaceCopy_CastAiCore_Cast,N/A,N/A,1790932512520972.683	,10.080,0.159000,0
7,aclnnPowTensorScalar_PowsAiCore_Pows,N/A,N/A,1790932512520982.803	,17.580,0.000000,0
7,aclnnMean_ReduceMeanAiCore_ReduceMean,N/A,N/A,1790932512521001.623	,19.781,1.170000,0
7,aclnnAdds_AddAiCore_Add,N/A,N/A,1790932512521022.284	,1.360,0.969000,0
7,aclnnRsqrt_RsqrtAiCore_Rsqrt,N/A,N/A,1790932512521023.684	,1.340,0.140000,0
7,aclnnMul_MulAiCore_Mul,N/A,N/A,1790932512521025.044	,22.540,0.000000,0
7,aclnnInplaceCopy_CastAiCore_Cast,N/A,N/A,1790932512521047.604	,10.880,0.000000,0
7,aclnnMul_MulAiCore_Mul,N/A,N/A,1790932512521058.524	,11.921,0.120000,0
7,aclnnMatmul_MatMulCommon_MatMulV2,N/A,N/A,1790932512521099.565	,469.390,29.079000,0
7,aclnnSilu_SliceAiCore_Slice,N/A,N/A,1790932512521568.975	,17.520,0.110000,0
7,aclnnSilu_SiluAiCore_Swish,N/A,N/A,1790932512521586.515	,33.561,0.000000,0
7,aclnnMul_SliceAiCore_Slice,N/A,N/A,1790932512521620.116	,13.300,0.000000,0
7,aclnnMul_MulAiCore_Mul,N/A,N/A,1790932512521633.436	,19.340,0.200000,0
7,aclnnMatmul_MatMulV3Common_MatMulV3,N/A,N/A,1790932512521652.796	,271.086,0.000000,0
7,aclnnAdd_AddAiCore_Add,N/A,N/A,1790932512521923.922	,15.880,0.164000,0
7,aclnnInplaceCopy_CastAiCore_Cast,N/A,N/A,1790932512521939.822	,10.100,0.000000,0
7,aclnnPowTensorScalar_PowsAiCore_Pows,N/A,N/A,1790932512521949.942	,17.621,0.150000,0
7,aclnnMean_ReduceMeanAiCore_ReduceMean,N/A,N/A,1790932512521968.943	,21.220,1.379000,0
7,aclnnAdds_AddAiCore_Add,N/A,N/A,1790932512521991.383	,1.540,1.280000,0
7,aclnnRsqrt_RsqrtAiCore_Rsqrt,N/A,N/A,1790932512521992.963	,1.500,0.000000,0
7,aclnnMul_MulAiCore_Mul,N/A,N/A,1790932512521994.483	,21.621,0.000000,0
7,aclnnInplaceCopy_CastAiCore_Cast,N/A,N/A,1790932512522016.124	,10.920,0.000000,0
7,aclnnMul_MulAiCore_Mul,N/A,N/A,1790932512522027.064	,12.020,0.080000,0
7,aclnnMatmul_MatMulV3Common_MatMulV3,N/A,N/A,1790932512522039.104	,158.783,0.000000,0
7,aclnnInplaceCopy_SliceAiCore_Slice,N/A,N/A,1790932512522197.907	,11.400,0.217000,0
7,aclnnInplaceCopy_CastAiCore_Cast,N/A,N/A,1790932512522209.327	,18.661,0.000000,0
7,aclnnPowTensorScalar_PowsAiCore_Pows,N/A,N/A,1790932512522228.028	,26.520,0.089000,0
7,aclnnMean_ReduceMeanAiCore_ReduceMean,N/A,N/A,1790932512522255.868	,20.521,1.230000,0
7,aclnnAdds_AddAiCore_Add,N/A,N/A,1790932512522277.089	,5.700,0.729000,0
7,aclnnRsqrt_RsqrtAiCore_Rsqrt,N/A,N/A,1790932512522282.809	,6.620,0.050000,0
7,aclnnMul_MulAiCore_Mul,N/A,N/A,1790932512522289.449	,25.761,0.130000,0
7,aclnnInplaceCopy_CastAiCore_Cast,N/A,N/A,1790932512522315.250	,13.840,0.000000,0
7,aclnnMul_MulAiCore_Mul,N/A,N/A,1790932512522329.110	,12.340,0.000000,0
7,aclnnInplaceCopy_SliceAiCore_Slice,N/A,N/A,1790932512522341.470	,9.500,0.160000,0
7,aclnnInplaceCopy_CastAiCore_Cast,N/A,N/A,1790932512522351.010	,9.460,0.000000,0
7,aclnnPowTensorScalar_PowsAiCore_Pows,N/A,N/A,1790932512522360.490	,15.621,0.040000,0
7,aclnnMean_ReduceMeanAiCore_ReduceMean,N/A,N/A,1790932512522377.131	,13.740,1.129000,0
7,aclnnAdds_AddAiCore_Add,N/A,N/A,1790932512522391.651	,2.100,0.760000,0
7,aclnnRsqrt_RsqrtAiCore_Rsqrt,N/A,N/A,1790932512522393.791	,2.340,0.000000,0
7,aclnnMul_MulAiCore_Mul,N/A,N/A,1790932512522401.671	,15.301,5.660000,0
7,aclnnInplaceCopy_CastAiCore_Cast,N/A,N/A,1790932512522457.652	,9.341,40.699000,0
7,aclnnMul_MulAiCore_Mul,N/A,N/A,1790932512522473.093	,9.240,5.909000,0
7,aclnnMul_TransposeAiCore_Transpose,N/A,N/A,1790932512522573.555	,36.120,91.260000,0
7,aclnnMul_MulAiCore_Mul,N/A,N/A,1790932512522609.715	,14.321,0.130000,0
7,aclnnNeg_AsStridedAiCore_AsStrided,N/A,N/A,1790932512522629.576	,14.180,5.429000,0
7,aclnnNeg_NegAiCore_Neg,N/A,N/A,1790932512522643.776	,8.600,0.070000,0
7,aclnnCat_AsStridedAiCore_AsStrided,N/A,N/A,1790932512522673.617	,12.840,21.150000,0
7,aclnnCat_ConcatD_ConcatD,N/A,N/A,1790932512522686.477	,17.140,0.160000,0
7,aclnnMul_MulAiCore_Mul,N/A,N/A,1790932512522703.637	,14.161,0.110000,0
7,aclnnAdd_AddAiCore_Add,N/A,N/A,1790932512522726.038	,12.680,8.089000,0
7,aclnnMul_TransposeAiCore_Transpose,N/A,N/A,1790932512522754.578	,21.741,15.820000,0
7,aclnnMul_MulAiCore_Mul,N/A,N/A,1790932512522776.339	,6.360,0.009000,0
7,aclnnNeg_AsStridedAiCore_AsStrided,N/A,N/A,1790932512522812.719	,8.921,30.140000,0
7,aclnnNeg_NegAiCore_Neg,N/A,N/A,1790932512522822.300	,8.200,0.579000,0
7,aclnnCat_AsStridedAiCore_AsStrided,N/A,N/A,1790932512522854.800	,8.980,24.300000,0
7,aclnnCat_ConcatD_ConcatD,N/A,N/A,1790932512522863.800	,6.781,0.020000,0
7,aclnnMul_MulAiCore_Mul,N/A,N/A,1790932512522871.241	,5.480,0.719000,0
7,aclnnAdd_AddAiCore_Add,N/A,N/A,1790932512522908.881	,8.641,32.270000,0
7,aclnnInplaceCopy_AsStridedAiCore_AsStrided,N/A,N/A,1790932512522964.362	,8.041,46.609000,0
7,InnerPromptFlashAttention_PromptFlashAttention_PromptFlashAttention,N/A,N/A,1790932512523316.330	,312.326,343.959000,0
7,aclnnInplaceCopy_TransposeAiCore_Transpose,N/A,N/A,1790932512523629.656	,31.620,1.174000,0
7,aclnnMatmul_MatMulV3Common_MatMulV3,N/A,N/A,1790932512523661.296	,122.563,0.000000,0
7,aclnnAdd_AddAiCore_Add,N/A,N/A,1790932512523783.879	,11.580,0.187000,0
7,aclnnInplaceCopy_CastAiCore_Cast,N/A,N/A,1790932512523795.479	,9.980,0.000000,0
7,aclnnPowTensorScalar_PowsAiCore_Pows,N/A,N/A,1790932512523805.479	,17.601,0.020000,0
7,aclnnMean_ReduceMeanAiCore_ReduceMean,N/A,N/A,1790932512523824.480	,19.820,1.399000,0
7,aclnnAdds_AddAiCore_Add,N/A,N/A,1790932512523845.080	,1.520,0.680000,0
7,aclnnRsqrt_RsqrtAiCore_Rsqrt,N/A,N/A,1790932512523846.620	,1.300,0.000000,0
7,aclnnMul_MulAiCore_Mul,N/A,N/A,1790932512523847.940	,22.941,0.200000,0
7,aclnnInplaceCopy_CastAiCore_Cast,N/A,N/A,1790932512523870.901	,10.800,0.059000,0
7,aclnnMul_MulAiCore_Mul,N/A,N/A,1790932512523881.721	,12.040,0.000000,0
7,aclnnMatmul_MatMulCommon_MatMulV2,N/A,N/A,1790932512523921.582	,470.089,27.710000,0
7,aclnnSilu_SliceAiCore_Slice,N/A,N/A,1790932512524391.691	,16.760,0.161000,0
7,aclnnSilu_SiluAiCore_Swish,N/A,N/A,1790932512524408.471	,33.521,0.000000,0
7,aclnnMul_SliceAiCore_Slice,N/A,N/A,1790932512524442.012	,13.860,0.000000,0
7,aclnnMul_MulAiCore_Mul,N/A,N/A,1790932512524455.912	,19.021,0.140000,0
7,aclnnMatmul_MatMulV3Common_MatMulV3,N/A,N/A,1790932512524474.973	,268.745,0.000000,0
7,aclnnAdd_AddAiCore_Add,N/A,N/A,1790932512524743.738	,15.380,0.005000,0
7,aclnnInplaceCopy_CastAiCore_Cast,N/A,N/A,1790932512524759.138	,10.401,0.120000,0
7,aclnnPowTensorScalar_PowsAiCore_Pows,N/A,N/A,1790932512524769.559	,17.600,0.000000,0
7,aclnnMean_ReduceMeanAiCore_ReduceMean,N/A,N/A,1790932512524788.119	,21.300,0.900000,0
7,aclnnAdds_AddAiCore_Add,N/A,N/A,1790932512524810.579	,1.500,1.200000,0
7,aclnnRsqrt_RsqrtAiCore_Rsqrt,N/A,N/A,1790932512524812.119	,1.300,0.000000,0
7,aclnnMul_MulAiCore_Mul,N/A,N/A,1790932512524813.439	,22.141,0.200000,0
7,aclnnInplaceCopy_CastAiCore_Cast,N/A,N/A,1790932512524835.600	,10.980,0.000000,0
7,aclnnMul_MulAiCore_Mul,N/A,N/A,1790932512524846.600	,12.220,0.020000,0
7,aclnnMatmul_MatMulV3Common_MatMulV3,N/A,N/A,1790932512524858.840	,162.184,0.030000,0
7,aclnnInplaceCopy_SliceAiCore_Slice,N/A,N/A,1790932512525021.064	,11.260,0.066000,0
7,aclnnInplaceCopy_CastAiCore_Cast,N/A,N/A,1790932512525032.344	,16.000,0.000000,0
7,aclnnPowTensorScalar_PowsAiCore_Pows,N/A,N/A,1790932512525048.384	,23.361,0.250000,0
7,aclnnMean_ReduceMeanAiCore_ReduceMean,N/A,N/A,1790932512525072.745	,20.660,0.889000,0
7,aclnnAdds_AddAiCore_Add,N/A,N/A,1790932512525094.585	,5.640,1.090000,0
7,aclnnRsqrt_RsqrtAiCore_Rsqrt,N/A,N/A,1790932512525100.265	,6.620,0.110000,0
7,aclnnMul_MulAiCore_Mul,N/A,N/A,1790932512525106.905	,25.721,0.130000,0
7,aclnnInplaceCopy_CastAiCore_Cast,N/A,N/A,1790932512525132.646	,14.140,0.029000,0
7,aclnnMul_MulAiCore_Mul,N/A,N/A,1790932512525146.806	,12.340,0.000000,0
7,aclnnInplaceCopy_SliceAiCore_Slice,N/A,N/A,1790932512525159.166	,9.141,0.160000,0
7,aclnnInplaceCopy_CastAiCore_Cast,N/A,N/A,1790932512525168.327	,9.780,0.000000,0
7,aclnnPowTensorScalar_PowsAiCore_Pows,N/A,N/A,1790932512525178.127	,15.840,0.220000,0
7,aclnnMean_ReduceMeanAiCore_ReduceMean,N/A,N/A,1790932512525195.307	,13.600,1.160000,0
7,aclnnAdds_AddAiCore_Add,N/A,N/A,1790932512525209.827	,2.140,0.900000,0
7,aclnnRsqrt_RsqrtAiCore_Rsqrt,N/A,N/A,1790932512525211.987	,2.340,0.110000,0
7,aclnnMul_MulAiCore_Mul,N/A,N/A,1790932512525220.848	,15.700,6.410000,0
7,aclnnInplaceCopy_CastAiCore_Cast,N/A,N/A,1790932512525273.449	,9.380,37.050000,0
7,aclnnMul_MulAiCore_Mul,N/A,N/A,1790932512525299.689	,9.240,16.870000,0
7,aclnnMul_TransposeAiCore_Transpose,N/A,N/A,1790932512525394.131	,35.701,85.260000,0
7,aclnnMul_MulAiCore_Mul,N/A,N/A,1790932512525429.852	,14.500,0.000000,0
7,aclnnNeg_AsStridedAiCore_AsStrided,N/A,N/A,1790932512525450.432	,13.900,6.250000,0
7,aclnnNeg_NegAiCore_Neg,N/A,N/A,1790932512525464.352	,8.441,0.000000,0
7,aclnnCat_AsStridedAiCore_AsStrided,N/A,N/A,1790932512525492.113	,12.560,19.309000,0
7,aclnnCat_ConcatD_ConcatD,N/A,N/A,1790932512525504.713	,11.720,0.190000,0
7,aclnnMul_MulAiCore_Mul,N/A,N/A,1790932512525519.594	,13.980,3.030000,0
7,aclnnAdd_AddAiCore_Add,N/A,N/A,1790932512525545.494	,12.700,12.020000,0
7,aclnnMul_TransposeAiCore_Transpose,N/A,N/A,1790932512525572.815	,22.300,14.550000,0
7,aclnnMul_MulAiCore_Mul,N/A,N/A,1790932512525595.135	,6.380,0.200000,0
7,aclnnNeg_AsStridedAiCore_AsStrided,N/A,N/A,1790932512525629.416	,8.660,27.870000,0
7,aclnnNeg_NegAiCore_Neg,N/A,N/A,1790932512525639.876	,8.180,1.840000,0
7,aclnnCat_AsStridedAiCore_AsStrided,N/A,N/A,1790932512525670.477	,9.660,22.320000,0
7,aclnnCat_ConcatD_ConcatD,N/A,N/A,1790932512525680.157	,6.700,0.090000,0
7,aclnnMul_MulAiCore_Mul,N/A,N/A,1790932512525698.077	,6.840,11.050000,0
7,aclnnAdd_AddAiCore_Add,N/A,N/A,1790932512525724.158	,8.500,19.410000,0
7,aclnnInplaceCopy_AsStridedAiCore_AsStrided,N/A,N/A,1790932512525780.099	,8.380,47.250000,0
7,InnerPromptFlashAttention_PromptFlashAttention_PromptFlashAttention,N/A,N/A,1790932512526133.726	,311.126,345.370000,0
7,aclnnInplaceCopy_TransposeAiCore_Transpose,N/A,N/A,1790932512526445.552	,31.481,0.624000,0
7,aclnnMatmul_MatMulV3Common_MatMulV3,N/A,N/A,1790932512526477.053	,119.322,0.019000,0
7,aclnnAdd_AddAiCore_Add,N/A,N/A,1790932512526596.395	,11.780,0.178000,0
7,aclnnInplaceCopy_CastAiCore_Cast,N/A,N/A,1790932512526608.195	,10.000,0.000000,0
7,aclnnPowTensorScalar_PowsAiCore_Pows,N/A,N/A,1790932512526618.235	,17.241,0.000000,0
7,aclnnMean_ReduceMeanAiCore_ReduceMean,N/A,N/A,1790932512526636.776	,20.120,1.259000,0
7,aclnnAdds_AddAiCore_Add,N/A,N/A,1790932512526658.016	,1.400,1.130000,0
7,aclnnRsqrt_RsqrtAiCore_Rsqrt,N/A,N/A,1790932512526659.436	,1.320,0.100000,0
7,aclnnMul_MulAiCore_Mul,N/A,N/A,1790932512526660.776	,22.221,0.000000,0
7,aclnnInplaceCopy_CastAiCore_Cast,N/A,N/A,1790932512526683.017	,11.080,0.029000,0
7,aclnnMul_MulAiCore_Mul,N/A,N/A,1790932512526694.137	,12.300,0.170000,0
7,aclnnMatmul_MatMulCommon_MatMulV2,N/A,N/A,1790932512526741.398	,470.189,34.950000,0
7,aclnnSilu_SliceAiCore_Slice,N/A,N/A,1790932512527211.607	,16.941,0.000000,0
7,aclnnSilu_SiluAiCore_Swish,N/A,N/A,1790932512527228.568	,33.700,0.059000,0
7,aclnnMul_SliceAiCore_Slice,N/A,N/A,1790932512527262.288	,13.181,0.050000,0
7,aclnnMul_MulAiCore_Mul,N/A,N/A,1790932512527275.509	,19.020,0.069000,0
7,aclnnMatmul_MatMulV3Common_MatMulV3,N/A,N/A,1790932512527294.549	,270.925,0.000000,0
7,aclnnAdd_AddAiCore_Add,N/A,N/A,1790932512527565.494	,15.681,0.075000,0
7,aclnnInplaceCopy_CastAiCore_Cast,N/A,N/A,1790932512527581.195	,10.160,0.069000,0
7,aclnnPowTensorScalar_PowsAiCore_Pows,N/A,N/A,1790932512527591.375	,17.960,0.090000,0
7,aclnnMean_ReduceMeanAiCore_ReduceMean,N/A,N/A,1790932512527610.515	,21.261,1.040000,0
7,aclnnAdds_AddAiCore_Add,N/A,N/A,1790932512527632.976	,1.520,1.239000,0
7,aclnnRsqrt_RsqrtAiCore_Rsqrt,N/A,N/A,1790932512527634.516	,1.480,0.000000,0
7,aclnnMul_MulAiCore_Mul,N/A,N/A,1790932512527636.036	,21.560,0.020000,0
7,aclnnInplaceCopy_CastAiCore_Cast,N/A,N/A,1790932512527657.616	,11.020,0.000000,0
7,aclnnMul_MulAiCore_Mul,N/A,N/A,1790932512527668.676	,12.181,0.230000,0
7,aclnnMatmul_MatMulV3Common_MatMulV3,N/A,N/A,1790932512527680.897	,158.703,0.069000,0
7,aclnnInplaceCopy_SliceAiCore_Slice,N/A,N/A,1790932512527839.620	,11.560,0.000000,0
7,aclnnInplaceCopy_CastAiCore_Cast,N/A,N/A,1790932512527851.220	,19.001,0.190000,0
7,aclnnPowTensorScalar_PowsAiCore_Pows,N/A,N/A,1790932512527870.241	,26.160,0.000000,0
7,aclnnMean_ReduceMeanAiCore_ReduceMean,N/A,N/A,1790932512527897.701	,20.360,1.340000,0
7,aclnnAdds_AddAiCore_Add,N/A,N/A,1790932512527918.921	,5.661,0.890000,0
7,aclnnRsqrt_RsqrtAiCore_Rsqrt,N/A,N/A,1790932512527924.622	,6.660,0.000000,0
7,aclnnMul_MulAiCore_Mul,N/A,N/A,1790932512527931.302	,25.300,0.090000,0
7,aclnnInplaceCopy_CastAiCore_Cast,N/A,N/A,1790932512527956.622	,13.861,0.000000,0
7,aclnnMul_MulAiCore_Mul,N/A,N/A,1790932512527970.503	,13.360,0.139000,0
7,aclnnInplaceCopy_SliceAiCore_Slice,N/A,N/A,1790932512527983.883	,9.120,0.140000,0
7,aclnnInplaceCopy_CastAiCore_Cast,N/A,N/A,1790932512527993.023	,9.400,0.000000,0
7,aclnnPowTensorScalar_PowsAiCore_Pows,N/A,N/A,1790932512528002.443	,15.640,0.100000,0
7,aclnnMean_ReduceMeanAiCore_ReduceMean,N/A,N/A,1790932512528019.063	,13.841,0.860000,0
7,aclnnAdds_AddAiCore_Add,N/A,N/A,1790932512528033.604	,2.200,0.659000,0
7,aclnnRsqrt_RsqrtAiCore_Rsqrt,N/A,N/A,1790932512528035.824	,2.280,0.050000,0
7,aclnnMul_MulAiCore_Mul,N/A,N/A,1790932512528038.124	,15.400,0.000000,0
7,aclnnInplaceCopy_CastAiCore_Cast,N/A,N/A,1790932512528083.745	,9.220,30.350000,0
7,aclnnMul_MulAiCore_Mul,N/A,N/A,1790932512528109.785	,9.100,16.780000,0
7,aclnnMul_TransposeAiCore_Transpose,N/A,N/A,1790932512528206.227	,35.321,87.400000,0
7,aclnnMul_MulAiCore_Mul,N/A,N/A,1790932512528241.568	,14.360,0.000000,0
7,aclnnNeg_AsStridedAiCore_AsStrided,N/A,N/A,1790932512528263.748	,13.861,7.890000,0
7,aclnnNeg_NegAiCore_Neg,N/A,N/A,1790932512528277.649	,8.600,0.139000,0
7,aclnnCat_AsStridedAiCore_AsStrided,N/A,N/A,1790932512528307.209	,12.580,20.900000,0
7,aclnnCat_ConcatD_ConcatD,N/A,N/A,1790932512528319.809	,12.181,0.000000,0
7,aclnnMul_MulAiCore_Mul,N/A,N/A,1790932512528332.010	,14.260,0.069000,0
7,aclnnAdd_AddAiCore_Add,N/A,N/A,1790932512528357.590	,12.680,11.240000,0
7,aclnnMul_TransposeAiCore_Transpose,N/A,N/A,1790932512528388.011	,21.940,17.820000,0
7,aclnnMul_MulAiCore_Mul,N/A,N/A,1790932512528409.971	,6.060,0.060000,0
7,aclnnNeg_AsStridedAiCore_AsStrided,N/A,N/A,1790932512528460.532	,9.220,44.440000,0
7,aclnnNeg_NegAiCore_Neg,N/A,N/A,1790932512528469.772	,8.141,0.030000,0
7,aclnnCat_AsStridedAiCore_AsStrided,N/A,N/A,1790932512528490.533	,9.300,12.609000,0
7,aclnnCat_ConcatD_ConcatD,N/A,N/A,1790932512528499.873	,7.220,0.000000,0
7,aclnnMul_MulAiCore_Mul,N/A,N/A,1790932512528519.013	,6.001,12.030000,0
7,aclnnAdd_AddAiCore_Add,N/A,N/A,1790932512528546.074	,8.640,20.999000,0
7,aclnnInplaceCopy_AsStridedAiCore_AsStrided,N/A,N/A,1790932512528601.535	,8.340,46.860000,0
7,InnerPromptFlashAttention_PromptFlashAttention_PromptFlashAttention,N/A,N/A,1790932512528951.142	,299.346,341.410000,0
7,aclnnInplaceCopy_TransposeAiCore_Transpose,N/A,N/A,1790932512529251.708	,31.501,1.154000,0
7,aclnnMatmul_MatMulV3Common_MatMulV3,N/A,N/A,1790932512529283.249	,116.442,0.000000,0
7,aclnnAdd_AddAiCore_Add,N/A,N/A,1790932512529399.711	,11.660,0.058000,0
7,aclnnInplaceCopy_CastAiCore_Cast,N/A,N/A,1790932512529411.391	,10.080,0.090000,0
7,aclnnPowTensorScalar_PowsAiCore_Pows,N/A,N/A,1790932512529421.491	,17.721,0.000000,0
7,aclnnMean_ReduceMeanAiCore_ReduceMean,N/A,N/A,1790932512529440.452	,20.100,1.279000,0
7,aclnnAdds_AddAiCore_Add,N/A,N/A,1790932512529461.692	,1.540,1.150000,0
7,aclnnRsqrt_RsqrtAiCore_Rsqrt,N/A,N/A,1790932512529463.252	,1.340,0.000000,0
7,aclnnMul_MulAiCore_Mul,N/A,N/A,1790932512529464.632	,22.401,0.160000,0
7,aclnnInplaceCopy_CastAiCore_Cast,N/A,N/A,1790932512529487.053	,10.880,0.000000,0
7,aclnnMul_MulAiCore_Mul,N/A,N/A,1790932512529497.953	,12.160,0.120000,0
7,aclnnMatmul_MatMulCommon_MatMulV2,N/A,N/A,1790932512529554.674	,470.050,44.590000,0
7,aclnnSilu_SliceAiCore_Slice,N/A,N/A,1790932512530024.764	,17.120,0.000000,0
7,aclnnSilu_SiluAiCore_Swish,N/A,N/A,1790932512530041.904	,33.541,0.130000,0
7,aclnnMul_SliceAiCore_Slice,N/A,N/A,1790932512530075.465	,12.420,0.000000,0
7,aclnnMul_MulAiCore_Mul,N/A,N/A,1790932512530087.905	,18.880,0.080000,0
7,aclnnMatmul_MatMulV3Common_MatMulV3,N/A,N/A,1790932512530106.805	,272.306,0.000000,0
7,aclnnAdd_AddAiCore_Add,N/A,N/A,1790932512530379.131	,15.860,0.194000,0
7,aclnnInplaceCopy_CastAiCore_Cast,N/A,N/A,1790932512530395.011	,10.340,0.000000,0
7,aclnnPowTensorScalar_PowsAiCore_Pows,N/A,N/A,1790932512530405.391	,17.361,0.160000,0
7,aclnnMean_ReduceMeanAiCore_ReduceMean,N/A,N/A,1790932512530424.012	,21.260,1.139000,0
7,aclnnAdds_AddAiCore_Add,N/A,N/A,1790932512530446.472	,1.540,1.240000,0
7,aclnnRsqrt_RsqrtAiCore_Rsqrt,N/A,N/A,1790932512530448.032	,1.360,0.000000,0
7,aclnnMul_MulAiCore_Mul,N/A,N/A,1790932512530449.412	,21.880,0.140000,0
7,aclnnInplaceCopy_CastAiCore_Cast,N/A,N/A,1790932512530471.332	,11.041,0.000000,0
7,aclnnMul_MulAiCore_Mul,N/A,N/A,1790932512530482.393	,11.940,0.209000,0
7,aclnnMatmul_MatMulV3Common_MatMulV3,N/A,N/A,1790932512530494.353	,161.363,0.000000,0
7,aclnnInplaceCopy_SliceAiCore_Slice,N/A,N/A,1790932512530655.736	,11.920,0.137000,0
7,aclnnInplaceCopy_CastAiCore_Cast,N/A,N/A,1790932512530667.676	,16.101,0.080000,0
7,aclnnPowTensorScalar_PowsAiCore_Pows,N/A,N/A,1790932512530683.797	,23.000,0.000000,0
7,aclnnMean_ReduceMeanAiCore_ReduceMean,N/A,N/A,1790932512530707.897	,20.441,1.250000,0
7,aclnnAdds_AddAiCore_Add,N/A,N/A,1790932512530729.118	,5.700,0.559000,0
7,aclnnRsqrt_RsqrtAiCore_Rsqrt,N/A,N/A,1790932512530734.838	,6.640,0.050000,0
7,aclnnMul_MulAiCore_Mul,N/A,N/A,1790932512530741.498	,25.340,0.110000,0
7,aclnnInplaceCopy_CastAiCore_Cast,N/A,N/A,1790932512530766.858	,16.641,0.000000,0
7,aclnnMul_MulAiCore_Mul,N/A,N/A,1790932512530783.539	,12.400,0.109000,0
7,aclnnInplaceCopy_SliceAiCore_Slice,N/A,N/A,1790932512530795.959	,9.120,0.100000,0
7,aclnnInplaceCopy_CastAiCore_Cast,N/A,N/A,1790932512530805.099	,9.360,0.000000,0
7,aclnnPowTensorScalar_PowsAiCore_Pows,N/A,N/A,1790932512530814.499	,15.841,0.140000,0
7,aclnnMean_ReduceMeanAiCore_ReduceMean,N/A,N/A,1790932512530831.620	,13.400,1.159000,0
7,aclnnAdds_AddAiCore_Add,N/A,N/A,1790932512530846.160	,2.380,1.350000,0
7,aclnnRsqrt_RsqrtAiCore_Rsqrt,N/A,N/A,1790932512530848.560	,2.380,0.000000,0
7,aclnnMul_MulAiCore_Mul,N/A,N/A,1790932512530850.960	,15.900,0.120000,0
7,aclnnInplaceCopy_CastAiCore_Cast,N/A,N/A,1790932512530887.301	,9.260,20.350000,0
7,aclnnMul_MulAiCore_Mul,N/A,N/A,1790932512530920.421	,9.241,23.990000,0
7,aclnnMul_TransposeAiCore_Transpose,N/A,N/A,1790932512531014.823	,32.501,85.009000,0
7,aclnnMul_MulAiCore_Mul,N/A,N/A,1790932512531047.364	,14.080,0.000000,0
7,aclnnNeg_AsStridedAiCore_AsStrided,N/A,N/A,1790932512531071.144	,13.481,9.920000,0
7,aclnnNeg_NegAiCore_Neg,N/A,N/A,1790932512531084.645	,8.460,0.019000,0
7,aclnnCat_AsStridedAiCore_AsStrided,N/A,N/A,1790932512531116.165	,12.481,23.040000,0
7,aclnnCat_ConcatD_ConcatD,N/A,N/A,1790932512531128.686	,11.720,0.019000,0
7,aclnnMul_MulAiCore_Mul,N/A,N/A,1790932512531143.866	,14.700,3.280000,0
7,aclnnAdd_AddAiCore_Add,N/A,N/A,1790932512531168.426	,12.641,10.050000,0
7,aclnnMul_TransposeAiCore_Transpose,N/A,N/A,1790932512531195.287	,22.100,14.109000,0
7,aclnnMul_MulAiCore_Mul,N/A,N/A,1790932512531217.407	,9.041,0.150000,0
7,aclnnNeg_AsStridedAiCore_AsStrided,N/A,N/A,1790932512531263.308	,9.300,36.709000,0
7,aclnnNeg_NegAiCore_Neg,N/A,N/A,1790932512531272.628	,8.201,0.200000,0
7,aclnnCat_AsStridedAiCore_AsStrided,N/A,N/A,1790932512531294.189	,8.800,13.299000,0
7,aclnnCat_ConcatD_ConcatD,N/A,N/A,1790932512531303.009	,7.040,0.000000,0
7,aclnnMul_MulAiCore_Mul,N/A,N/A,1790932512531322.469	,5.961,12.460000,0
7,aclnnAdd_AddAiCore_Add,N/A,N/A,1790932512531349.530	,8.540,21.039000,0
7,aclnnInplaceCopy_AsStridedAiCore_AsStrided,N/A,N/A,1790932512531405.351	,7.400,47.210000,0
7,InnerPromptFlashAttention_PromptFlashAttention_PromptFlashAttention,N/A,N/A,1790932512531758.258	,301.786,345.600000,0
7,aclnnInplaceCopy_TransposeAiCore_Transpose,N/A,N/A,1790932512532061.164	,31.421,1.214000,0
7,aclnnMatmul_MatMulV3Common_MatMulV3,N/A,N/A,1790932512532092.605	,115.662,0.000000,0
7,aclnnAdd_AddAiCore_Add,N/A,N/A,1790932512532208.307	,11.840,0.088000,0
7,aclnnInplaceCopy_CastAiCore_Cast,N/A,N/A,1790932512532220.167	,10.001,0.160000,0
7,aclnnPowTensorScalar_PowsAiCore_Pows,N/A,N/A,1790932512532230.188	,17.060,0.000000,0
7,aclnnMean_ReduceMeanAiCore_ReduceMean,N/A,N/A,1790932512532248.188	,20.020,0.940000,0
7,aclnnAdds_AddAiCore_Add,N/A,N/A,1790932512532269.388	,1.660,1.230000,0
7,aclnnRsqrt_RsqrtAiCore_Rsqrt,N/A,N/A,1790932512532271.068	,1.360,0.000000,0
7,aclnnMul_MulAiCore_Mul,N/A,N/A,1790932512532272.468	,22.721,0.140000,0
7,aclnnInplaceCopy_CastAiCore_Cast,N/A,N/A,1790932512532295.209	,10.920,0.029000,0
7,aclnnMul_MulAiCore_Mul,N/A,N/A,1790932512532306.149	,11.940,0.080000,0
7,aclnnMatmul_MatMulCommon_MatMulV2,N/A,N/A,1790932512532385.211	,468.469,67.060000,0
7,aclnnSilu_SliceAiCore_Slice,N/A,N/A,1790932512532853.700	,17.400,0.031000,0
7,aclnnSilu_SiluAiCore_Swish,N/A,N/A,1790932512532871.120	,33.741,0.000000,0
7,aclnnMul_SliceAiCore_Slice,N/A,N/A,1790932512532904.901	,14.020,0.259000,0
7,aclnnMul_MulAiCore_Mul,N/A,N/A,1790932512532918.941	,19.361,0.000000,0
7,aclnnMatmul_MatMulV3Common_MatMulV3,N/A,N/A,1790932512532938.322	,266.685,0.000000,0
7,aclnnAdd_AddAiCore_Add,N/A,N/A,1790932512533205.027	,15.720,0.065000,0
7,aclnnInplaceCopy_CastAiCore_Cast,N/A,N/A,1790932512533220.767	,10.081,0.030000,0
7,aclnnPowTensorScalar_PowsAiCore_Pows,N/A,N/A,1790932512533230.868	,17.840,0.000000,0
7,aclnnMean_ReduceMeanAiCore_ReduceMean,N/A,N/A,1790932512533249.788	,21.260,1.160000,0
7,aclnnAdds_AddAiCore_Add,N/A,N/A,1790932512533272.228	,1.600,1.240000,0
7,aclnnRsqrt_RsqrtAiCore_Rsqrt,N/A,N/A,1790932512533273.848	,1.340,0.000000,0
7,aclnnMul_MulAiCore_Mul,N/A,N/A,1790932512533275.228	,21.981,0.160000,0
7,aclnnInplaceCopy_CastAiCore_Cast,N/A,N/A,1790932512533297.229	,10.880,0.019000,0
7,aclnnMul_MulAiCore_Mul,N/A,N/A,1790932512533308.149	,12.020,0.120000,0
7,aclnnMatmul_MatMulV3Common_MatMulV3,N/A,N/A,1790932512533320.209	,158.244,0.000000,0
7,aclnnInplaceCopy_SliceAiCore_Slice,N/A,N/A,1790932512533478.473	,11.080,0.006000,0
7,aclnnInplaceCopy_CastAiCore_Cast,N/A,N/A,1790932512533489.573	,18.840,0.000000,0
7,aclnnPowTensorScalar_PowsAiCore_Pows,N/A,N/A,1790932512533508.433	,26.461,0.160000,0
7,aclnnMean_ReduceMeanAiCore_ReduceMean,N/A,N/A,1790932512533536.094	,20.520,1.039000,0
7,aclnnAdds_AddAiCore_Add,N/A,N/A,1790932512533557.354	,5.640,0.730000,0
7,aclnnRsqrt_RsqrtAiCore_Rsqrt,N/A,N/A,1790932512533563.014	,6.620,0.110000,0
7,aclnnMul_MulAiCore_Mul,N/A,N/A,1790932512533569.654	,25.821,0.130000,0
7,aclnnInplaceCopy_CastAiCore_Cast,N/A,N/A,1790932512533595.495	,14.260,0.000000,0
7,aclnnMul_MulAiCore_Mul,N/A,N/A,1790932512533609.775	,12.300,0.000000,0
7,aclnnInplaceCopy_SliceAiCore_Slice,N/A,N/A,1790932512533622.095	,9.541,0.000000,0
7,aclnnInplaceCopy_CastAiCore_Cast,N/A,N/A,1790932512533631.656	,9.380,0.209000,0
7,aclnnPowTensorScalar_PowsAiCore_Pows,N/A,N/A,1790932512533641.056	,15.800,0.000000,0
7,aclnnMean_ReduceMeanAiCore_ReduceMean,N/A,N/A,1790932512533657.876	,13.580,1.200000,0
7,aclnnAdds_AddAiCore_Add,N/A,N/A,1790932512533672.436	,2.080,0.920000,0
7,aclnnRsqrt_RsqrtAiCore_Rsqrt,N/A,N/A,1790932512533674.536	,2.421,0.000000,0
7,aclnnMul_MulAiCore_Mul,N/A,N/A,1790932512533676.977	,15.460,0.079000,0
7,aclnnInplaceCopy_CastAiCore_Cast,N/A,N/A,1790932512533735.998	,9.340,43.540000,0
7,aclnnMul_MulAiCore_Mul,N/A,N/A,1790932512533762.178	,9.260,16.910000,0
7,aclnnMul_TransposeAiCore_Transpose,N/A,N/A,1790932512533855.160	,33.701,83.740000,0
7,aclnnMul_MulAiCore_Mul,N/A,N/A,1790932512533888.881	,14.400,0.049000,0
7,aclnnNeg_AsStridedAiCore_AsStrided,N/A,N/A,1790932512533922.441	,15.921,19.100000,0
7,aclnnNeg_NegAiCore_Neg,N/A,N/A,1790932512533938.382	,8.560,0.079000,0
7,aclnnCat_AsStridedAiCore_AsStrided,N/A,N/A,1790932512533953.262	,12.640,6.190000,0
7,aclnnCat_ConcatD_ConcatD,N/A,N/A,1790932512533965.922	,11.761,0.110000,0
7,aclnnMul_MulAiCore_Mul,N/A,N/A,1790932512533981.763	,14.580,3.989000,0
7,aclnnAdd_AddAiCore_Add,N/A,N/A,1790932512534009.163	,12.680,12.920000,0
7,aclnnMul_TransposeAiCore_Transpose,N/A,N/A,1790932512534038.664	,22.580,16.820000,0
7,aclnnMul_MulAiCore_Mul,N/A,N/A,1790932512534061.264	,6.160,0.000000,0
7,aclnnNeg_AsStridedAiCore_AsStrided,N/A,N/A,1790932512534096.285	,8.960,28.840000,0
7,aclnnNeg_NegAiCore_Neg,N/A,N/A,1790932512534105.965	,8.360,0.790000,0
7,aclnnCat_AsStridedAiCore_AsStrided,N/A,N/A,1790932512534138.986	,9.220,24.640000,0
7,aclnnCat_ConcatD_ConcatD,N/A,N/A,1790932512534148.226	,6.740,0.030000,0
7,aclnnMul_MulAiCore_Mul,N/A,N/A,1790932512534166.666	,5.380,11.760000,0
7,aclnnAdd_AddAiCore_Add,N/A,N/A,1790932512534193.027	,8.640,20.870000,0
7,aclnnInplaceCopy_AsStridedAiCore_AsStrided,N/A,N/A,1790932512534248.948	,7.960,47.360000,0
7,InnerPromptFlashAttention_PromptFlashAttention_PromptFlashAttention,N/A,N/A,1790932512534595.615	,303.406,338.540000,0
7,aclnnInplaceCopy_TransposeAiCore_Transpose,N/A,N/A,1790932512534899.981	,31.681,1.094000,0
7,aclnnMatmul_MatMulV3Common_MatMulV3,N/A,N/A,1790932512534931.682	,115.182,0.069000,0
7,aclnnAdd_AddAiCore_Add,N/A,N/A,1790932512535046.884	,11.580,0.068000,0
7,aclnnInplaceCopy_CastAiCore_Cast,N/A,N/A,1790932512535058.484	,9.960,0.000000,0
7,aclnnPowTensorScalar_PowsAiCore_Pows,N/A,N/A,1790932512535068.464	,17.381,0.040000,0
7,aclnnMean_ReduceMeanAiCore_ReduceMean,N/A,N/A,1790932512535087.005	,20.220,1.119000,0
7,aclnnAdds_AddAiCore_Add,N/A,N/A,1790932512535108.205	,1.460,1.030000,0
7,aclnnRsqrt_RsqrtAiCore_Rsqrt,N/A,N/A,1790932512535109.705	,1.320,0.040000,0
7,aclnnMul_MulAiCore_Mul,N/A,N/A,1790932512535111.045	,22.801,0.000000,0
7,aclnnInplaceCopy_CastAiCore_Cast,N/A,N/A,1790932512535133.866	,10.920,0.000000,0
7,aclnnMul_MulAiCore_Mul,N/A,N/A,1790932512535144.806	,12.240,0.080000,0
7,aclnnMatmul_MatMulCommon_MatMulV2,N/A,N/A,1790932512535198.147	,470.929,41.260000,0
7,aclnnSilu_SliceAiCore_Slice,N/A,N/A,1790932512535669.096	,16.621,0.000000,0
7,aclnnSilu_SiluAiCore_Swish,N/A,N/A,1790932512535685.737	,34.020,0.129000,0
7,aclnnMul_SliceAiCore_Slice,N/A,N/A,1790932512535719.777	,13.821,0.000000,0
7,aclnnMul_MulAiCore_Mul,N/A,N/A,1790932512535733.638	,19.200,0.179000,0
7,aclnnMatmul_MatMulV3Common_MatMulV3,N/A,N/A,1790932512535752.858	,271.225,0.000000,0
7,aclnnAdd_AddAiCore_Add,N/A,N/A,1790932512536024.103	,18.081,0.025000,0
7,aclnnInplaceCopy_CastAiCore_Cast,N/A,N/A,1790932512536042.204	,10.360,0.169000,0
7,aclnnPowTensorScalar_PowsAiCore_Pows,N/A,N/A,1790932512536052.604	,17.480,0.000000,0
7,aclnnMean_ReduceMeanAiCore_ReduceMean,N/A,N/A,1790932512536071.504	,21.381,1.520000,0
7,aclnnAdds_AddAiCore_Add,N/A,N/A,1790932512536093.965	,1.500,1.119000,0
7,aclnnRsqrt_RsqrtAiCore_Rsqrt,N/A,N/A,1790932512536095.485	,1.340,0.000000,0
7,aclnnMul_MulAiCore_Mul,N/A,N/A,1790932512536096.845	,21.500,0.000000,0
7,aclnnInplaceCopy_CastAiCore_Cast,N/A,N/A,1790932512536118.365	,10.961,0.000000,0
7,aclnnMul_MulAiCore_Mul,N/A,N/A,1790932512536129.346	,12.000,0.039000,0
7,aclnnMatmul_MatMulV3Common_MatMulV3,N/A,N/A,1790932512536141.366	,160.863,0.000000,0
7,aclnnInplaceCopy_SliceAiCore_Slice,N/A,N/A,1790932512536302.249	,11.660,0.137000,0
7,aclnnInplaceCopy_CastAiCore_Cast,N/A,N/A,1790932512536313.949	,16.141,0.090000,0
7,aclnnPowTensorScalar_PowsAiCore_Pows,N/A,N/A,1790932512536330.110	,23.220,0.000000,0
7,aclnnMean_ReduceMeanAiCore_ReduceMean,N/A,N/A,1790932512536354.790	,20.460,1.530000,0
7,aclnnAdds_AddAiCore_Add,N/A,N/A,1790932512536376.010	,9.301,0.790000,0
7,aclnnRsqrt_RsqrtAiCore_Rsqrt,N/A,N/A,1790932512536385.331	,7.020,0.000000,0
7,aclnnMul_MulAiCore_Mul,N/A,N/A,1790932512536392.371	,25.580,0.000000,0
7,aclnnInplaceCopy_CastAiCore_Cast,N/A,N/A,1790932512536417.991	,13.961,0.170000,0
7,aclnnMul_MulAiCore_Mul,N/A,N/A,1790932512536431.972	,12.380,0.039000,0
7,aclnnInplaceCopy_SliceAiCore_Slice,N/A,N/A,1790932512536444.372	,9.080,0.000000,0
7,aclnnInplaceCopy_CastAiCore_Cast,N/A,N/A,1790932512536453.472	,9.080,0.170000,0
7,aclnnPowTensorScalar_PowsAiCore_Pows,N/A,N/A,1790932512536462.572	,16.040,0.000000,0
7,aclnnMean_ReduceMeanAiCore_ReduceMean,N/A,N/A,1790932512536479.553	,13.500,0.960000,0
7,aclnnAdds_AddAiCore_Add,N/A,N/A,1790932512536494.093	,2.160,1.000000,0
7,aclnnRsqrt_RsqrtAiCore_Rsqrt,N/A,N/A,1790932512536496.273	,2.440,0.090000,0
7,aclnnMul_MulAiCore_Mul,N/A,N/A,1790932512536498.733	,15.580,0.060000,0
7,aclnnInplaceCopy_CastAiCore_Cast,N/A,N/A,1790932512536538.254	,9.400,23.920000,0
7,aclnnMul_MulAiCore_Mul,N/A,N/A,1790932512536570.054	,9.201,22.350000,0
7,aclnnMul_TransposeAiCore_Transpose,N/A,N/A,1790932512536660.756	,34.981,81.549000,0
7,aclnnMul_MulAiCore_Mul,N/A,N/A,1790932512536695.757	,14.080,0.019000,0
7,aclnnNeg_AsStridedAiCore_AsStrided,N/A,N/A,1790932512536716.757	,13.981,6.920000,0
7,aclnnNeg_NegAiCore_Neg,N/A,N/A,1790932512536730.758	,8.600,0.019000,0
7,aclnnCat_AsStridedAiCore_AsStrided,N/A,N/A,1790932512536758.278	,12.360,18.900000,0
7,aclnnCat_ConcatD_ConcatD,N/A,N/A,1790932512536770.658	,12.301,0.140000,0
7,aclnnMul_MulAiCore_Mul,N/A,N/A,1790932512536786.419	,14.240,3.449000,0
7,aclnnAdd_AddAiCore_Add,N/A,N/A,1790932512536812.819	,12.920,12.010000,0
7,aclnnMul_TransposeAiCore_Transpose,N/A,N/A,1790932512536832.540	,21.940,6.830000,0
7,aclnnMul_MulAiCore_Mul,N/A,N/A,1790932512536854.500	,6.320,0.060000,0
7,aclnnNeg_AsStridedAiCore_AsStrided,N/A,N/A,1790932512536897.721	,9.080,36.930000,0
7,aclnnNeg_NegAiCore_Neg,N/A,N/A,1790932512536906.821	,8.180,0.000000,0
7,aclnnCat_AsStridedAiCore_AsStrided,N/A,N/A,1790932512536929.142	,8.940,14.320000,0
7,aclnnCat_ConcatD_ConcatD,N/A,N/A,1790932512536938.102	,6.760,0.000000,0
7,aclnnMul_MulAiCore_Mul,N/A,N/A,1790932512536957.242	,6.140,12.490000,0
7,aclnnAdd_AddAiCore_Add,N/A,N/A,1790932512536983.783	,8.600,20.360000,0
7,aclnnInplaceCopy_AsStridedAiCore_AsStrided,N/A,N/A,1790932512537044.684	,8.420,52.400000,0
7,InnerPromptFlashAttention_PromptFlashAttention_PromptFlashAttention,N/A,N/A,1790932512537393.751	,304.886,340.580000,0
7,aclnnInplaceCopy_TransposeAiCore_Transpose,N/A,N/A,1790932512537699.417	,31.841,0.864000,0
7,aclnnMatmul_MatMulV3Common_MatMulV3,N/A,N/A,1790932512537731.278	,115.042,0.000000,0
7,aclnnAdd_AddAiCore_Add,N/A,N/A,1790932512537846.340	,11.960,0.000000,0
7,aclnnInplaceCopy_CastAiCore_Cast,N/A,N/A,1790932512537858.320	,9.980,0.040000,0
7,aclnnPowTensorScalar_PowsAiCore_Pows,N/A,N/A,1790932512537868.320	,17.341,0.020000,0
7,aclnnMean_ReduceMeanAiCore_ReduceMean,N/A,N/A,1790932512537887.101	,20.300,1.409000,0
7,aclnnAdds_AddAiCore_Add,N/A,N/A,1790932512537908.361	,1.460,0.950000,0
7,aclnnRsqrt_RsqrtAiCore_Rsqrt,N/A,N/A,1790932512537909.841	,1.340,0.040000,0
7,aclnnMul_MulAiCore_Mul,N/A,N/A,1790932512537911.201	,22.181,0.160000,0
7,aclnnInplaceCopy_CastAiCore_Cast,N/A,N/A,1790932512537933.402	,11.040,0.069000,0
7,aclnnMul_MulAiCore_Mul,N/A,N/A,1790932512537944.482	,12.020,0.000000,0
7,aclnnMatmul_MatMulCommon_MatMulV2,N/A,N/A,1790932512538005.923	,467.249,49.480000,0
7,aclnnSilu_SliceAiCore_Slice,N/A,N/A,1790932512538473.192	,17.141,0.001000,0
7,aclnnSilu_SiluAiCore_Swish,N/A,N/A,1790932512538490.373	,33.800,0.000000,0
7,aclnnMul_SliceAiCore_Slice,N/A,N/A,1790932512538524.213	,12.561,0.200000,0
7,aclnnMul_MulAiCore_Mul,N/A,N/A,1790932512538536.794	,19.140,0.000000,0
7,aclnnMatmul_MatMulV3Common_MatMulV3,N/A,N/A,1790932512538555.954	,271.765,0.110000,0
7,aclnnAdd_AddAiCore_Add,N/A,N/A,1790932512538827.759	,16.321,0.000000,0
7,aclnnInplaceCopy_CastAiCore_Cast,N/A,N/A,1790932512538844.100	,10.080,0.000000,0
7,aclnnPowTensorScalar_PowsAiCore_Pows,N/A,N/A,1790932512538854.200	,17.480,0.170000,0
7,aclnnMean_ReduceMeanAiCore_ReduceMean,N/A,N/A,1790932512538872.980	,20.961,1.270000,0
7,aclnnAdds_AddAiCore_Add,N/A,N/A,1790932512538894.821	,1.520,0.789000,0
7,aclnnRsqrt_RsqrtAiCore_Rsqrt,N/A,N/A,1790932512538896.381	,1.340,0.230000,0
7,aclnnMul_MulAiCore_Mul,N/A,N/A,1790932512538897.741	,21.320,0.000000,0
7,aclnnInplaceCopy_CastAiCore_Cast,N/A,N/A,1790932512538919.081	,11.040,0.000000,0
7,aclnnMul_MulAiCore_Mul,N/A,N/A,1790932512538930.141	,11.961,0.210000,0
7,aclnnMatmul_MatMulV3Common_MatMulV3,N/A,N/A,1790932512538942.122	,155.523,0.000000,0
7,aclnnInplaceCopy_SliceAiCore_Slice,N/A,N/A,1790932512539097.665	,11.080,0.227000,0
7,aclnnInplaceCopy_CastAiCore_Cast,N/A,N/A,1790932512539108.785	,19.220,0.000000,0
7,aclnnPowTensorScalar_PowsAiCore_Pows,N/A,N/A,1790932512539128.025	,26.321,0.030000,0
7,aclnnMean_ReduceMeanAiCore_ReduceMean,N/A,N/A,1790932512539155.606	,20.500,1.179000,0
7,aclnnAdds_AddAiCore_Add,N/A,N/A,1790932512539176.826	,5.681,0.750000,0
7,aclnnRsqrt_RsqrtAiCore_Rsqrt,N/A,N/A,1790932512539182.527	,6.640,0.069000,0
7,aclnnMul_MulAiCore_Mul,N/A,N/A,1790932512539189.187	,25.840,0.110000,0
7,aclnnInplaceCopy_CastAiCore_Cast,N/A,N/A,1790932512539215.047	,13.820,0.000000,0
7,aclnnMul_MulAiCore_Mul,N/A,N/A,1790932512539228.887	,12.501,0.180000,0
7,aclnnInplaceCopy_SliceAiCore_Slice,N/A,N/A,1790932512539241.408	,15.040,0.000000,0
7,aclnnInplaceCopy_CastAiCore_Cast,N/A,N/A,1790932512539256.468	,9.440,0.000000,0
7,aclnnPowTensorScalar_PowsAiCore_Pows,N/A,N/A,1790932512539265.928	,16.701,0.060000,0
7,aclnnMean_ReduceMeanAiCore_ReduceMean,N/A,N/A,1790932512539284.069	,13.580,1.299000,0
7,aclnnAdds_AddAiCore_Add,N/A,N/A,1790932512539298.609	,2.460,0.920000,0
7,aclnnRsqrt_RsqrtAiCore_Rsqrt,N/A,N/A,1790932512539301.109	,2.340,0.040000,0
7,aclnnMul_MulAiCore_Mul,N/A,N/A,1790932512539303.489	,15.760,0.160000,0
7,aclnnInplaceCopy_CastAiCore_Cast,N/A,N/A,1790932512539345.730	,9.460,26.490000,0
7,aclnnMul_MulAiCore_Mul,N/A,N/A,1790932512539360.750	,9.140,5.540000,0
7,aclnnMul_TransposeAiCore_Transpose,N/A,N/A,1790932512539462.972	,34.461,93.110000,0
7,aclnnMul_MulAiCore_Mul,N/A,N/A,1790932512539497.453	,14.120,0.039000,0
7,aclnnNeg_AsStridedAiCore_AsStrided,N/A,N/A,1790932512539519.293	,13.721,7.630000,0
7,aclnnNeg_NegAiCore_Neg,N/A,N/A,1790932512539533.034	,9.520,0.029000,0
7,aclnnCat_AsStridedAiCore_AsStrided,N/A,N/A,1790932512539567.434	,12.520,24.980000,0
7,aclnnCat_ConcatD_ConcatD,N/A,N/A,1790932512539579.994	,11.781,0.000000,0
7,aclnnMul_MulAiCore_Mul,N/A,N/A,1790932512539591.795	,13.840,0.000000,0
7,aclnnAdd_AddAiCore_Add,N/A,N/A,1790932512539610.395	,12.940,4.910000,0
7,aclnnMul_TransposeAiCore_Transpose,N/A,N/A,1790932512539639.496	,22.440,16.060000,0
7,aclnnMul_MulAiCore_Mul,N/A,N/A,1790932512539661.956	,6.460,0.060000,0
7,aclnnNeg_AsStridedAiCore_AsStrided,N/A,N/A,1790932512539707.357	,9.320,38.790000,0
7,aclnnNeg_NegAiCore_Neg,N/A,N/A,1790932512539716.697	,8.280,0.180000,0
7,aclnnCat_AsStridedAiCore_AsStrided,N/A,N/A,1790932512539736.538	,9.120,11.470000,0
7,aclnnCat_ConcatD_ConcatD,N/A,N/A,1790932512539745.698	,6.800,0.130000,0
7,aclnnMul_MulAiCore_Mul,N/A,N/A,1790932512539764.578	,6.480,11.950000,0
7,aclnnAdd_AddAiCore_Add,N/A,N/A,1790932512539791.599	,8.620,20.520000,0
7,aclnnInplaceCopy_AsStridedAiCore_AsStrided,N/A,N/A,1790932512539847.960	,8.400,47.880000,0
7,InnerPromptFlashAttention_PromptFlashAttention_PromptFlashAttention,N/A,N/A,1790932512540200.067	,305.926,343.600000,0
7,aclnnInplaceCopy_TransposeAiCore_Transpose,N/A,N/A,1790932512540506.673	,31.641,0.824000,0
7,aclnnMatmul_MatMulV3Common_MatMulV3,N/A,N/A,1790932512540538.354	,117.202,0.000000,0
7,aclnnAdd_AddAiCore_Add,N/A,N/A,1790932512540655.576	,11.440,0.048000,0
7,aclnnInplaceCopy_CastAiCore_Cast,N/A,N/A,1790932512540667.036	,10.000,0.060000,0
7,aclnnPowTensorScalar_PowsAiCore_Pows,N/A,N/A,1790932512540677.056	,16.961,0.000000,0
7,aclnnMean_ReduceMeanAiCore_ReduceMean,N/A,N/A,1790932512540694.977	,20.380,1.039000,0
7,aclnnAdds_AddAiCore_Add,N/A,N/A,1790932512540716.217	,1.460,0.870000,0
7,aclnnRsqrt_RsqrtAiCore_Rsqrt,N/A,N/A,1790932512540717.697	,1.620,0.040000,0
7,aclnnMul_MulAiCore_Mul,N/A,N/A,1790932512540719.337	,22.641,0.000000,0
7,aclnnInplaceCopy_CastAiCore_Cast,N/A,N/A,1790932512540742.018	,10.840,0.109000,0
7,aclnnMul_MulAiCore_Mul,N/A,N/A,1790932512540752.878	,17.820,0.160000,0
7,aclnnMatmul_MatMulCommon_MatMulV2,N/A,N/A,1790932512540805.639	,469.449,34.930000,0
7,aclnnSilu_SliceAiCore_Slice,N/A,N/A,1790932512541275.108	,16.641,0.000000,0
7,aclnnSilu_SiluAiCore_Swish,N/A,N/A,1790932512541291.769	,33.860,0.109000,0
7,aclnnMul_SliceAiCore_Slice,N/A,N/A,1790932512541325.669	,12.321,0.140000,0
7,aclnnMul_MulAiCore_Mul,N/A,N/A,1790932512541338.010	,19.120,0.000000,0
7,aclnnMatmul_MatMulV3Common_MatMulV3,N/A,N/A,1790932512541357.150	,269.085,0.130000,0
7,aclnnAdd_AddAiCore_Add,N/A,N/A,1790932512541626.255	,15.681,0.000000,0
7,aclnnInplaceCopy_CastAiCore_Cast,N/A,N/A,1790932512541641.956	,10.280,0.069000,0
7,aclnnPowTensorScalar_PowsAiCore_Pows,N/A,N/A,1790932512541652.256	,17.460,0.000000,0
7,aclnnMean_ReduceMeanAiCore_ReduceMean,N/A,N/A,1790932512541671.096	,21.061,1.290000,0
7,aclnnAdds_AddAiCore_Add,N/A,N/A,1790932512541692.937	,1.620,0.939000,0
7,aclnnRsqrt_RsqrtAiCore_Rsqrt,N/A,N/A,1790932512541694.577	,1.400,0.000000,0
7,aclnnMul_MulAiCore_Mul,N/A,N/A,1790932512541695.997	,21.620,0.100000,0
7,aclnnInplaceCopy_CastAiCore_Cast,N/A,N/A,1790932512541717.637	,10.920,0.130000,0
7,aclnnMul_MulAiCore_Mul,N/A,N/A,1790932512541728.577	,12.541,0.000000,0
7,aclnnMatmul_MatMulV3Common_MatMulV3,N/A,N/A,1790932512541741.158	,161.623,0.209000,0
7,aclnnInplaceCopy_SliceAiCore_Slice,N/A,N/A,1790932512541902.821	,11.500,0.000000,0
7,aclnnInplaceCopy_CastAiCore_Cast,N/A,N/A,1790932512541914.341	,16.200,0.000000,0
7,aclnnPowTensorScalar_PowsAiCore_Pows,N/A,N/A,1790932512541930.561	,23.661,0.050000,0
7,aclnnMean_ReduceMeanAiCore_ReduceMean,N/A,N/A,1790932512541955.542	,20.520,1.339000,0
7,aclnnAdds_AddAiCore_Add,N/A,N/A,1790932512541976.782	,5.720,0.730000,0
7,aclnnRsqrt_RsqrtAiCore_Rsqrt,N/A,N/A,1790932512541982.542	,6.641,0.030000,0
7,aclnnMul_MulAiCore_Mul,N/A,N/A,1790932512541989.203	,25.920,0.109000,0
7,aclnnInplaceCopy_CastAiCore_Cast,N/A,N/A,1790932512542015.143	,14.580,0.080000,0
7,aclnnMul_MulAiCore_Mul,N/A,N/A,1790932512542029.743	,13.361,0.000000,0
7,aclnnInplaceCopy_SliceAiCore_Slice,N/A,N/A,1790932512542043.124	,9.380,0.000000,0
7,aclnnInplaceCopy_CastAiCore_Cast,N/A,N/A,1790932512542052.524	,9.520,0.120000,0
7,aclnnPowTensorScalar_PowsAiCore_Pows,N/A,N/A,1790932512542062.064	,16.120,0.000000,0
7,aclnnMean_ReduceMeanAiCore_ReduceMean,N/A,N/A,1790932512542079.324	,13.601,1.130000,0
7,aclnnAdds_AddAiCore_Add,N/A,N/A,1790932512542093.865	,2.220,0.899000,0
7,aclnnRsqrt_RsqrtAiCore_Rsqrt,N/A,N/A,1790932512542096.105	,2.340,0.030000,0
7,aclnnMul_MulAiCore_Mul,N/A,N/A,1790932512542098.465	,15.500,0.160000,0
7,aclnnInplaceCopy_CastAiCore_Cast,N/A,N/A,1790932512542143.726	,9.180,29.750000,0
7,aclnnMul_MulAiCore_Mul,N/A,N/A,1790932512542167.766	,15.420,14.820000,0
7,aclnnMul_TransposeAiCore_Transpose,N/A,N/A,1790932512542261.368	,34.021,78.080000,0
7,aclnnMul_MulAiCore_Mul,N/A,N/A,1790932512542295.429	,14.080,0.229000,0
7,aclnnNeg_AsStridedAiCore_AsStrided,N/A,N/A,1790932512542318.469	,13.400,8.920000,0
7,aclnnNeg_NegAiCore_Neg,N/A,N/A,1790932512542331.889	,8.541,0.100000,0
7,aclnnCat_AsStridedAiCore_AsStrided,N/A,N/A,1790932512542361.870	,12.200,21.209000,0
7,aclnnCat_ConcatD_ConcatD,N/A,N/A,1790932512542374.090	,12.121,0.050000,0
7,aclnnMul_MulAiCore_Mul,N/A,N/A,1790932512542389.731	,14.140,3.629000,0
7,aclnnAdd_AddAiCore_Add,N/A,N/A,1790932512542415.691	,12.960,11.860000,0
7,aclnnMul_TransposeAiCore_Transpose,N/A,N/A,1790932512542441.992	,22.060,13.290000,0
7,aclnnMul_MulAiCore_Mul,N/A,N/A,1790932512542464.072	,6.420,0.000000,0
7,aclnnNeg_AsStridedAiCore_AsStrided,N/A,N/A,1790932512542499.053	,9.020,28.580000,0
7,aclnnNeg_NegAiCore_Neg,N/A,N/A,1790932512542508.093	,8.320,0.000000,0
7,aclnnCat_AsStridedAiCore_AsStrided,N/A,N/A,1790932512542536.934	,9.720,20.680000,0
7,aclnnCat_ConcatD_ConcatD,N/A,N/A,1790932512542546.694	,6.600,0.030000,0
7,aclnnMul_MulAiCore_Mul,N/A,N/A,1790932512542564.594	,6.160,11.150000,0
7,aclnnAdd_AddAiCore_Add,N/A,N/A,1790932512542588.715	,8.640,18.090000,0
7,aclnnInplaceCopy_AsStridedAiCore_AsStrided,N/A,N/A,1790932512542651.976	,7.920,54.610000,0
7,InnerPromptFlashAttention_PromptFlashAttention_PromptFlashAttention,N/A,N/A,1790932512542994.103	,305.226,334.080000,0
7,aclnnInplaceCopy_TransposeAiCore_Transpose,N/A,N/A,1790932512543300.489	,31.560,1.274000,0
7,aclnnMatmul_MatMulV3Common_MatMulV3,N/A,N/A,1790932512543332.089	,115.883,0.000000,0
7,aclnnAdd_AddAiCore_Add,N/A,N/A,1790932512543448.012	,11.900,0.117000,0
7,aclnnInplaceCopy_CastAiCore_Cast,N/A,N/A,1790932512543459.932	,10.000,0.100000,0
7,aclnnPowTensorScalar_PowsAiCore_Pows,N/A,N/A,1790932512543469.972	,17.061,0.000000,0
7,aclnnMean_ReduceMeanAiCore_ReduceMean,N/A,N/A,1790932512543488.113	,20.220,0.939000,0
7,aclnnAdds_AddAiCore_Add,N/A,N/A,1790932512543509.373	,1.500,1.030000,0
7,aclnnRsqrt_RsqrtAiCore_Rsqrt,N/A,N/A,1790932512543510.913	,1.380,0.250000,0
7,aclnnMul_MulAiCore_Mul,N/A,N/A,1790932512543512.313	,22.360,0.000000,0
7,aclnnInplaceCopy_CastAiCore_Cast,N/A,N/A,1790932512543534.693	,11.041,0.140000,0
7,aclnnMul_MulAiCore_Mul,N/A,N/A,1790932512543545.754	,12.260,0.000000,0
7,aclnnMatmul_MatMulCommon_MatMulV2,N/A,N/A,1790932512543595.755	,468.909,37.740000,0
7,aclnnSilu_SliceAiCore_Slice,N/A,N/A,1790932512544064.684	,17.180,0.091000,0
7,aclnnSilu_SiluAiCore_Swish,N/A,N/A,1790932512544081.904	,33.541,0.070000,0
7,aclnnMul_SliceAiCore_Slice,N/A,N/A,1790932512544115.465	,13.000,0.000000,0
7,aclnnMul_MulAiCore_Mul,N/A,N/A,1790932512544128.505	,18.621,0.000000,0
7,aclnnMatmul_MatMulV3Common_MatMulV3,N/A,N/A,1790932512544147.146	,270.545,0.129000,0
7,aclnnAdd_AddAiCore_Add,N/A,N/A,1790932512544417.711	,15.420,0.000000,0
7,aclnnInplaceCopy_CastAiCore_Cast,N/A,N/A,1790932512544433.151	,10.121,0.080000,0
7,aclnnPowTensorScalar_PowsAiCore_Pows,N/A,N/A,1790932512544443.292	,17.380,0.000000,0
7,aclnnMean_ReduceMeanAiCore_ReduceMean,N/A,N/A,1790932512544461.832	,20.860,1.120000,0
7,aclnnAdds_AddAiCore_Add,N/A,N/A,1790932512544483.652	,1.660,1.140000,0
7,aclnnRsqrt_RsqrtAiCore_Rsqrt,N/A,N/A,1790932512544485.332	,1.441,0.000000,0
7,aclnnMul_MulAiCore_Mul,N/A,N/A,1790932512544486.793	,21.380,0.059000,0
7,aclnnInplaceCopy_CastAiCore_Cast,N/A,N/A,1790932512544508.193	,12.160,0.120000,0
7,aclnnMul_MulAiCore_Mul,N/A,N/A,1790932512544520.393	,11.760,0.090000,0
7,aclnnMatmul_MatMulV3Common_MatMulV3,N/A,N/A,1790932512544532.173	,158.984,0.000000,0
7,aclnnInplaceCopy_SliceAiCore_Slice,N/A,N/A,1790932512544691.177	,11.480,0.016000,0
7,aclnnInplaceCopy_CastAiCore_Cast,N/A,N/A,1790932512544702.677	,19.980,0.020000,0
7,aclnnPowTensorScalar_PowsAiCore_Pows,N/A,N/A,1790932512544722.677	,26.021,0.020000,0
7,aclnnMean_ReduceMeanAiCore_ReduceMean,N/A,N/A,1790932512544749.638	,20.440,0.979000,0
7,aclnnAdds_AddAiCore_Add,N/A,N/A,1790932512544770.878	,5.640,0.810000,0
7,aclnnRsqrt_RsqrtAiCore_Rsqrt,N/A,N/A,1790932512544776.538	,6.620,0.000000,0
7,aclnnMul_MulAiCore_Mul,N/A,N/A,1790932512544783.178	,25.881,0.130000,0
7,aclnnInplaceCopy_CastAiCore_Cast,N/A,N/A,1790932512544809.079	,13.240,0.000000,0
7,aclnnMul_MulAiCore_Mul,N/A,N/A,1790932512544822.339	,12.320,0.010000,0
7,aclnnInplaceCopy_SliceAiCore_Slice,N/A,N/A,1790932512544834.679	,9.101,0.180000,0
7,aclnnInplaceCopy_CastAiCore_Cast,N/A,N/A,1790932512544843.800	,9.320,0.000000,0
7,aclnnPowTensorScalar_PowsAiCore_Pows,N/A,N/A,1790932512544853.160	,15.820,0.180000,0
7,aclnnMean_ReduceMeanAiCore_ReduceMean,N/A,N/A,1790932512544870.320	,13.300,1.180000,0
7,aclnnAdds_AddAiCore_Add,N/A,N/A,1790932512544884.840	,1.900,1.200000,0
7,aclnnRsqrt_RsqrtAiCore_Rsqrt,N/A,N/A,1790932512544886.760	,2.381,0.100000,0
7,aclnnMul_MulAiCore_Mul,N/A,N/A,1790932512544889.161	,16.360,0.119000,0
7,aclnnInplaceCopy_CastAiCore_Cast,N/A,N/A,1790932512544928.441	,9.441,22.890000,0
7,aclnnMul_MulAiCore_Mul,N/A,N/A,1790932512544942.542	,9.120,4.559000,0
7,aclnnMul_TransposeAiCore_Transpose,N/A,N/A,1790932512545047.064	,35.660,95.380000,0
7,aclnnMul_MulAiCore_Mul,N/A,N/A,1790932512545082.744	,13.941,0.090000,0
7,aclnnNeg_AsStridedAiCore_AsStrided,N/A,N/A,1790932512545104.825	,13.840,8.059000,0
7,aclnnNeg_NegAiCore_Neg,N/A,N/A,1790932512545118.685	,8.480,0.160000,0
7,aclnnCat_AsStridedAiCore_AsStrided,N/A,N/A,1790932512545147.886	,12.560,20.770000,0
7,aclnnCat_ConcatD_ConcatD,N/A,N/A,1790932512545160.486	,12.120,0.000000,0
7,aclnnMul_MulAiCore_Mul,N/A,N/A,1790932512545176.186	,14.341,3.630000,0
7,aclnnAdd_AddAiCore_Add,N/A,N/A,1790932512545203.187	,12.860,12.659000,0
7,aclnnMul_TransposeAiCore_Transpose,N/A,N/A,1790932512545229.987	,21.981,13.890000,0
7,aclnnMul_MulAiCore_Mul,N/A,N/A,1790932512545251.988	,6.180,0.019000,0
7,aclnnNeg_AsStridedAiCore_AsStrided,N/A,N/A,1790932512545286.668	,9.041,28.570000,0
7,aclnnNeg_NegAiCore_Neg,N/A,N/A,1790932512545295.729	,8.260,0.000000,0
7,aclnnCat_AsStridedAiCore_AsStrided,N/A,N/A,1790932512545327.309	,9.060,23.240000,0
7,aclnnCat_ConcatD_ConcatD,N/A,N/A,1790932512545336.389	,6.741,0.190000,0
7,aclnnMul_MulAiCore_Mul,N/A,N/A,1790932512545343.870	,5.500,0.509000,0
7,aclnnAdd_AddAiCore_Add,N/A,N/A,1790932512545370.070	,8.720,20.750000,0
7,aclnnInplaceCopy_AsStridedAiCore_AsStrided,N/A,N/A,1790932512545440.992	,8.280,62.280000,0
7,InnerPromptFlashAttention_PromptFlashAttention_PromptFlashAttention,N/A,N/A,1790932512545784.998	,303.767,335.720000,0
7,aclnnInplaceCopy_TransposeAiCore_Transpose,N/A,N/A,1790932512546089.465	,31.660,0.733000,0
7,aclnnMatmul_MatMulV3Common_MatMulV3,N/A,N/A,1790932512546121.145	,116.462,0.090000,0
7,aclnnAdd_AddAiCore_Add,N/A,N/A,1790932512546237.627	,11.601,0.038000,0
7,aclnnInplaceCopy_CastAiCore_Cast,N/A,N/A,1790932512546249.248	,9.960,0.000000,0
7,aclnnPowTensorScalar_PowsAiCore_Pows,N/A,N/A,1790932512546259.228	,17.280,0.040000,0
7,aclnnMean_ReduceMeanAiCore_ReduceMean,N/A,N/A,1790932512546277.708	,20.101,1.220000,0
7,aclnnAdds_AddAiCore_Add,N/A,N/A,1790932512546298.949	,1.400,1.149000,0
7,aclnnRsqrt_RsqrtAiCore_Rsqrt,N/A,N/A,1790932512546300.369	,1.300,0.000000,0
7,aclnnMul_MulAiCore_Mul,N/A,N/A,1790932512546301.689	,22.420,0.200000,0
7,aclnnInplaceCopy_CastAiCore_Cast,N/A,N/A,1790932512546324.149	,10.940,0.080000,0
7,aclnnMul_MulAiCore_Mul,N/A,N/A,1790932512546335.109	,11.881,0.000000,0
7,aclnnMatmul_MatMulCommon_MatMulV2,N/A,N/A,1790932512546397.391	,471.489,50.619000,0
7,aclnnSilu_SliceAiCore_Slice,N/A,N/A,1790932512546868.920	,16.740,0.011000,0
7,aclnnSilu_SiluAiCore_Swish,N/A,N/A,1790932512546885.680	,33.501,0.010000,0
7,aclnnMul_SliceAiCore_Slice,N/A,N/A,1790932512546919.201	,13.740,0.000000,0
7,aclnnMul_MulAiCore_Mul,N/A,N/A,1790932512546932.961	,19.121,0.010000,0
7,aclnnMatmul_MatMulV3Common_MatMulV3,N/A,N/A,1790932512546952.102	,268.425,0.000000,0
7,aclnnAdd_AddAiCore_Add,N/A,N/A,1790932512547220.547	,16.200,0.075000,0
7,aclnnInplaceCopy_CastAiCore_Cast,N/A,N/A,1790932512547236.767	,10.741,0.050000,0
7,aclnnPowTensorScalar_PowsAiCore_Pows,N/A,N/A,1790932512547247.528	,17.720,0.009000,0
7,aclnnMean_ReduceMeanAiCore_ReduceMean,N/A,N/A,1790932512547266.408	,21.380,1.280000,0
7,aclnnAdds_AddAiCore_Add,N/A,N/A,1790932512547288.908	,1.581,1.120000,0
7,aclnnRsqrt_RsqrtAiCore_Rsqrt,N/A,N/A,1790932512547290.509	,1.320,0.000000,0
7,aclnnMul_MulAiCore_Mul,N/A,N/A,1790932512547291.849	,21.380,0.000000,0
7,aclnnInplaceCopy_CastAiCore_Cast,N/A,N/A,1790932512547313.249	,10.700,0.120000,0
7,aclnnMul_MulAiCore_Mul,N/A,N/A,1790932512547323.989	,12.160,0.050000,0
7,aclnnMatmul_MatMulV3Common_MatMulV3,N/A,N/A,1790932512547336.189	,161.124,0.090000,0
7,aclnnInplaceCopy_SliceAiCore_Slice,N/A,N/A,1790932512547497.353	,11.360,0.000000,0
7,aclnnInplaceCopy_CastAiCore_Cast,N/A,N/A,1790932512547508.733	,16.220,0.140000,0
7,aclnnPowTensorScalar_PowsAiCore_Pows,N/A,N/A,1790932512547524.973	,23.821,0.030000,0
7,aclnnMean_ReduceMeanAiCore_ReduceMean,N/A,N/A,1790932512547549.794	,20.880,0.929000,0
7,aclnnAdds_AddAiCore_Add,N/A,N/A,1790932512547571.674	,9.260,1.120000,0
7,aclnnRsqrt_RsqrtAiCore_Rsqrt,N/A,N/A,1790932512547580.954	,6.620,0.000000,0
7,aclnnMul_MulAiCore_Mul,N/A,N/A,1790932512547587.594	,25.621,0.000000,0
7,aclnnInplaceCopy_CastAiCore_Cast,N/A,N/A,1790932512547613.255	,14.100,0.129000,0
7,aclnnMul_MulAiCore_Mul,N/A,N/A,1790932512547627.375	,18.841,0.150000,0
7,aclnnInplaceCopy_SliceAiCore_Slice,N/A,N/A,1790932512547646.236	,9.120,0.000000,0
7,aclnnInplaceCopy_CastAiCore_Cast,N/A,N/A,1790932512547655.376	,9.120,0.130000,0
7,aclnnPowTensorScalar_PowsAiCore_Pows,N/A,N/A,1790932512547664.516	,16.120,0.000000,0
7,aclnnMean_ReduceMeanAiCore_ReduceMean,N/A,N/A,1790932512547681.776	,13.761,1.130000,0
7,aclnnAdds_AddAiCore_Add,N/A,N/A,1790932512547696.317	,2.120,0.739000,0
7,aclnnRsqrt_RsqrtAiCore_Rsqrt,N/A,N/A,1790932512547698.457	,2.420,0.130000,0
7,aclnnMul_MulAiCore_Mul,N/A,N/A,1790932512547700.897	,15.520,0.080000,0
7,aclnnInplaceCopy_CastAiCore_Cast,N/A,N/A,1790932512547723.017	,9.300,6.480000,0
7,aclnnMul_MulAiCore_Mul,N/A,N/A,1790932512547738.657	,9.161,6.450000,0
7,aclnnMul_TransposeAiCore_Transpose,N/A,N/A,1790932512547839.419	,34.341,91.589000,0
7,aclnnMul_MulAiCore_Mul,N/A,N/A,1790932512547873.780	,14.300,0.000000,0
7,aclnnNeg_AsStridedAiCore_AsStrided,N/A,N/A,1790932512547906.541	,14.100,18.450000,0
7,aclnnNeg_NegAiCore_Neg,N/A,N/A,1790932512547920.661	,8.440,0.150000,0
7,aclnnCat_AsStridedAiCore_AsStrided,N/A,N/A,1790932512547940.822	,12.500,11.560000,0
7,aclnnCat_ConcatD_ConcatD,N/A,N/A,1790932512547953.362	,11.740,0.000000,0
7,aclnnMul_MulAiCore_Mul,N/A,N/A,1790932512547968.522	,13.860,3.510000,0
7,aclnnAdd_AddAiCore_Add,N/A,N/A,1790932512547996.103	,12.880,13.640000,0
7,aclnnMul_TransposeAiCore_Transpose,N/A,N/A,1790932512548023.143	,21.941,14.370000,0
7,aclnnMul_MulAiCore_Mul,N/A,N/A,1790932512548045.104	,6.240,0.000000,0
7,aclnnNeg_AsStridedAiCore_AsStrided,N/A,N/A,1790932512548079.904	,9.700,28.760000,0
7,aclnnNeg_NegAiCore_Neg,N/A,N/A,1790932512548089.624	,8.101,0.000000,0
7,aclnnCat_AsStridedAiCore_AsStrided,N/A,N/A,1790932512548117.005	,9.300,19.399000,0
7,aclnnCat_ConcatD_ConcatD,N/A,N/A,1790932512548126.345	,6.720,0.000000,0
7,aclnnMul_MulAiCore_Mul,N/A,N/A,1790932512548133.685	,7.361,0.780000,0
7,aclnnAdd_AddAiCore_Add,N/A,N/A,1790932512548170.686	,8.600,29.639000,0
7,aclnnInplaceCopy_AsStridedAiCore_AsStrided,N/A,N/A,1790932512548232.207	,7.540,52.900000,0
7,InnerPromptFlashAttention_PromptFlashAttention_PromptFlashAttention,N/A,N/A,1790932512548580.394	,301.026,340.710000,0
7,aclnnInplaceCopy_TransposeAiCore_Transpose,N/A,N/A,1790932512548882.440	,31.161,0.974000,0
7,aclnnMatmul_MatMulV3Common_MatMulV3,N/A,N/A,1790932512548913.621	,115.342,0.000000,0
7,aclnnAdd_AddAiCore_Add,N/A,N/A,1790932512549029.003	,11.760,0.158000,0
7,aclnnInplaceCopy_CastAiCore_Cast,N/A,N/A,1790932512549040.783	,10.001,0.000000,0
7,aclnnPowTensorScalar_PowsAiCore_Pows,N/A,N/A,1790932512549050.804	,20.700,0.000000,0
7,aclnnMean_ReduceMeanAiCore_ReduceMean,N/A,N/A,1790932512549072.804	,20.481,1.300000,0
7,aclnnAdds_AddAiCore_Add,N/A,N/A,1790932512549094.065	,1.400,0.769000,0
7,aclnnRsqrt_RsqrtAiCore_Rsqrt,N/A,N/A,1790932512549095.485	,1.340,0.100000,0
7,aclnnMul_MulAiCore_Mul,N/A,N/A,1790932512549096.865	,21.920,0.000000,0
7,aclnnInplaceCopy_CastAiCore_Cast,N/A,N/A,1790932512549118.805	,11.200,0.080000,0
7,aclnnMul_MulAiCore_Mul,N/A,N/A,1790932512549130.025	,12.141,0.050000,0
7,aclnnMatmul_MatMulCommon_MatMulV2,N/A,N/A,1790932512549191.647	,470.029,49.609000,0
7,aclnnSilu_SliceAiCore_Slice,N/A,N/A,1790932512549661.696	,16.980,0.000000,0
7,aclnnSilu_SiluAiCore_Swish,N/A,N/A,1790932512549678.696	,33.901,0.020000,0
7,aclnnMul_SliceAiCore_Slice,N/A,N/A,1790932512549712.617	,12.660,0.000000,0
7,aclnnMul_MulAiCore_Mul,N/A,N/A,1790932512549725.317	,18.981,0.090000,0
7,aclnnMatmul_MatMulV3Common_MatMulV3,N/A,N/A,1790932512549744.318	,272.385,0.019000,0
7,aclnnAdd_AddAiCore_Add,N/A,N/A,1790932512550016.723	,15.800,0.115000,0
7,aclnnInplaceCopy_CastAiCore_Cast,N/A,N/A,1790932512550032.543	,10.081,0.000000,0
7,aclnnPowTensorScalar_PowsAiCore_Pows,N/A,N/A,1790932512550042.644	,17.800,0.169000,0
7,aclnnMean_ReduceMeanAiCore_ReduceMean,N/A,N/A,1790932512550061.924	,21.140,1.450000,0
7,aclnnAdds_AddAiCore_Add,N/A,N/A,1790932512550083.744	,1.640,0.610000,0
7,aclnnRsqrt_RsqrtAiCore_Rsqrt,N/A,N/A,1790932512550085.404	,1.320,0.110000,0
7,aclnnMul_MulAiCore_Mul,N/A,N/A,1790932512550086.744	,21.561,0.000000,0
7,aclnnInplaceCopy_CastAiCore_Cast,N/A,N/A,1790932512550108.325	,10.860,0.000000,0
7,aclnnMul_MulAiCore_Mul,N/A,N/A,1790932512550119.205	,12.060,0.140000,0
7,aclnnMatmul_MatMulV3Common_MatMulV3,N/A,N/A,1790932512550131.305	,157.843,0.000000,0
7,aclnnInplaceCopy_SliceAiCore_Slice,N/A,N/A,1790932512550289.168	,11.381,0.157000,0
7,aclnnInplaceCopy_CastAiCore_Cast,N/A,N/A,1790932512550300.569	,18.840,0.000000,0
7,aclnnPowTensorScalar_PowsAiCore_Pows,N/A,N/A,1790932512550319.429	,26.081,0.160000,0
7,aclnnMean_ReduceMeanAiCore_ReduceMean,N/A,N/A,1790932512550346.670	,20.500,1.169000,0
7,aclnnAdds_AddAiCore_Add,N/A,N/A,1790932512550367.910	,5.720,0.750000,0
7,aclnnRsqrt_RsqrtAiCore_Rsqrt,N/A,N/A,1790932512550373.650	,6.620,0.030000,0
7,aclnnMul_MulAiCore_Mul,N/A,N/A,1790932512550380.290	,25.561,0.000000,0
7,aclnnInplaceCopy_CastAiCore_Cast,N/A,N/A,1790932512550405.891	,14.080,0.189000,0
7,aclnnMul_MulAiCore_Mul,N/A,N/A,1790932512550419.991	,12.220,0.000000,0
7,aclnnInplaceCopy_SliceAiCore_Slice,N/A,N/A,1790932512550432.231	,9.180,0.030000,0
7,aclnnInplaceCopy_CastAiCore_Cast,N/A,N/A,1790932512550441.431	,9.401,0.070000,0
7,aclnnPowTensorScalar_PowsAiCore_Pows,N/A,N/A,1790932512550450.872	,15.940,0.000000,0
7,aclnnMean_ReduceMeanAiCore_ReduceMean,N/A,N/A,1790932512550468.072	,13.640,1.310000,0
7,aclnnAdds_AddAiCore_Add,N/A,N/A,1790932512550482.632	,2.300,1.110000,0
7,aclnnRsqrt_RsqrtAiCore_Rsqrt,N/A,N/A,1790932512550484.952	,2.500,0.000000,0
7,aclnnMul_MulAiCore_Mul,N/A,N/A,1790932512550487.472	,15.761,0.000000,0
7,aclnnInplaceCopy_CastAiCore_Cast,N/A,N/A,1790932512550515.993	,9.200,12.739000,0
7,aclnnMul_MulAiCore_Mul,N/A,N/A,1790932512550548.614	,9.060,23.300000,0
7,aclnnMul_TransposeAiCore_Transpose,N/A,N/A,1790932512550639.075	,34.221,81.440000,0
7,aclnnMul_MulAiCore_Mul,N/A,N/A,1790932512550673.316	,14.540,0.029000,0
7,aclnnNeg_AsStridedAiCore_AsStrided,N/A,N/A,1790932512550706.737	,13.640,18.960000,0
7,aclnnNeg_NegAiCore_Neg,N/A,N/A,1790932512550720.397	,9.400,0.110000,0
7,aclnnCat_AsStridedAiCore_AsStrided,N/A,N/A,1790932512550736.977	,12.821,7.100000,0
7,aclnnCat_ConcatD_ConcatD,N/A,N/A,1790932512550749.818	,11.900,0.000000,0
7,aclnnMul_MulAiCore_Mul,N/A,N/A,1790932512550764.538	,14.740,2.850000,0
7,aclnnAdd_AddAiCore_Add,N/A,N/A,1790932512550801.479	,12.740,22.260000,0
7,aclnnMul_TransposeAiCore_Transpose,N/A,N/A,1790932512550834.899	,22.221,20.760000,0
7,aclnnMul_MulAiCore_Mul,N/A,N/A,1790932512550857.140	,6.320,0.029000,0
7,aclnnNeg_AsStridedAiCore_AsStrided,N/A,N/A,1790932512550891.460	,9.661,27.930000,0
7,aclnnNeg_NegAiCore_Neg,N/A,N/A,1790932512550901.141	,8.120,0.089000,0
7,aclnnCat_AsStridedAiCore_AsStrided,N/A,N/A,1790932512550921.681	,8.820,12.380000,0
7,aclnnCat_ConcatD_ConcatD,N/A,N/A,1790932512550930.521	,6.720,0.000000,0
7,aclnnMul_MulAiCore_Mul,N/A,N/A,1790932512550949.562	,6.120,12.280000,0
7,aclnnAdd_AddAiCore_Add,N/A,N/A,1790932512550979.122	,8.740,23.380000,0
7,aclnnInplaceCopy_AsStridedAiCore_AsStrided,N/A,N/A,1790932512551045.564	,8.500,57.760000,0
7,InnerPromptFlashAttention_PromptFlashAttention_PromptFlashAttention,N/A,N/A,1790932512551391.170	,309.167,337.250000,0
7,aclnnInplaceCopy_TransposeAiCore_Transpose,N/A,N/A,1790932512551701.197	,31.100,0.833000,0
7,aclnnMatmul_MatMulV3Common_MatMulV3,N/A,N/A,1790932512551732.317	,118.043,0.000000,0
7,aclnnAdd_AddAiCore_Add,N/A,N/A,1790932512551850.380	,11.420,0.207000,0
7,aclnnInplaceCopy_CastAiCore_Cast,N/A,N/A,1790932512551861.820	,10.060,0.000000,0
7,aclnnPowTensorScalar_PowsAiCore_Pows,N/A,N/A,1790932512551871.900	,16.820,0.190000,0
7,aclnnMean_ReduceMeanAiCore_ReduceMean,N/A,N/A,1790932512551890.000	,20.181,1.180000,0
7,aclnnAdds_AddAiCore_Add,N/A,N/A,1790932512551911.221	,1.340,1.069000,0
7,aclnnRsqrt_RsqrtAiCore_Rsqrt,N/A,N/A,1790932512551912.581	,1.320,0.000000,0
7,aclnnMul_MulAiCore_Mul,N/A,N/A,1790932512551913.921	,22.480,0.180000,0
7,aclnnInplaceCopy_CastAiCore_Cast,N/A,N/A,1790932512551936.421	,10.921,0.020000,0
7,aclnnMul_MulAiCore_Mul,N/A,N/A,1790932512551947.362	,11.940,0.000000,0
7,aclnnMatmul_MatMulCommon_MatMulV2,N/A,N/A,1790932512551996.763	,470.829,37.560000,0
7,aclnnSilu_SliceAiCore_Slice,N/A,N/A,1790932512552467.612	,16.880,0.000000,0
7,aclnnSilu_SiluAiCore_Swish,N/A,N/A,1790932512552484.512	,33.841,0.120000,0
7,aclnnMul_SliceAiCore_Slice,N/A,N/A,1790932512552518.373	,12.320,0.000000,0
7,aclnnMul_MulAiCore_Mul,N/A,N/A,1790932512552530.713	,18.961,0.180000,0
7,aclnnMatmul_MatMulV3Common_MatMulV3,N/A,N/A,1790932512552549.694	,270.065,0.039000,0
7,aclnnAdd_AddAiCore_Add,N/A,N/A,1790932512552819.799	,16.420,0.000000,0
7,aclnnInplaceCopy_CastAiCore_Cast,N/A,N/A,1790932512552836.239	,10.601,0.080000,0
7,aclnnPowTensorScalar_PowsAiCore_Pows,N/A,N/A,1790932512552846.880	,17.500,0.149000,0
7,aclnnMean_ReduceMeanAiCore_ReduceMean,N/A,N/A,1790932512552865.480	,20.800,1.000000,0
7,aclnnAdds_AddAiCore_Add,N/A,N/A,1790932512552887.300	,1.520,0.950000,0
7,aclnnRsqrt_RsqrtAiCore_Rsqrt,N/A,N/A,1790932512552888.840	,1.440,0.000000,0
7,aclnnMul_MulAiCore_Mul,N/A,N/A,1790932512552890.320	,21.361,0.060000,0
7,aclnnInplaceCopy_CastAiCore_Cast,N/A,N/A,1790932512552911.701	,10.940,0.139000,0
7,aclnnMul_MulAiCore_Mul,N/A,N/A,1790932512552922.661	,12.100,0.060000,0
7,aclnnMatmul_MatMulV3Common_MatMulV3,N/A,N/A,1790932512552934.781	,161.664,0.000000,0
7,aclnnInplaceCopy_SliceAiCore_Slice,N/A,N/A,1790932512553096.465	,11.280,0.086000,0
7,aclnnInplaceCopy_CastAiCore_Cast,N/A,N/A,1790932512553107.765	,16.240,0.000000,0
7,aclnnPowTensorScalar_PowsAiCore_Pows,N/A,N/A,1790932512553124.025	,23.241,0.010000,0
7,aclnnMean_ReduceMeanAiCore_ReduceMean,N/A,N/A,1790932512553148.406	,20.340,1.259000,0
7,aclnnAdds_AddAiCore_Add,N/A,N/A,1790932512553169.606	,5.740,0.660000,0
7,aclnnRsqrt_RsqrtAiCore_Rsqrt,N/A,N/A,1790932512553175.366	,6.580,0.010000,0
7,aclnnMul_MulAiCore_Mul,N/A,N/A,1790932512553181.966	,25.621,0.170000,0
7,aclnnInplaceCopy_CastAiCore_Cast,N/A,N/A,1790932512553207.607	,16.140,0.000000,0
7,aclnnMul_MulAiCore_Mul,N/A,N/A,1790932512553223.767	,12.280,0.110000,0
7,aclnnInplaceCopy_SliceAiCore_Slice,N/A,N/A,1790932512553236.067	,9.140,0.000000,0
7,aclnnInplaceCopy_CastAiCore_Cast,N/A,N/A,1790932512553245.227	,9.381,0.110000,0
7,aclnnPowTensorScalar_PowsAiCore_Pows,N/A,N/A,1790932512553254.628	,15.920,0.119000,0
7,aclnnMean_ReduceMeanAiCore_ReduceMean,N/A,N/A,1790932512553271.468	,13.680,0.830000,0
7,aclnnAdds_AddAiCore_Add,N/A,N/A,1790932512553286.008	,2.200,0.820000,0
7,aclnnRsqrt_RsqrtAiCore_Rsqrt,N/A,N/A,1790932512553288.228	,2.420,0.050000,0
7,aclnnMul_MulAiCore_Mul,N/A,N/A,1790932512553292.328	,16.441,1.580000,0
7,aclnnInplaceCopy_CastAiCore_Cast,N/A,N/A,1790932512553344.549	,9.341,35.809000,0
7,aclnnMul_MulAiCore_Mul,N/A,N/A,1790932512553370.970	,9.240,17.159000,0
7,aclnnMul_TransposeAiCore_Transpose,N/A,N/A,1790932512553462.432	,34.301,82.260000,0
7,aclnnMul_MulAiCore_Mul,N/A,N/A,1790932512553496.753	,14.040,0.000000,0
7,aclnnNeg_AsStridedAiCore_AsStrided,N/A,N/A,1790932512553529.953	,13.160,19.210000,0
7,aclnnNeg_NegAiCore_Neg,N/A,N/A,1790932512553543.133	,8.581,0.090000,0
7,aclnnCat_AsStridedAiCore_AsStrided,N/A,N/A,1790932512553560.394	,12.320,8.669000,0
7,aclnnCat_ConcatD_ConcatD,N/A,N/A,1790932512553572.734	,11.960,0.000000,0
7,aclnnMul_MulAiCore_Mul,N/A,N/A,1790932512553588.554	,14.141,3.790000,0
7,aclnnAdd_AddAiCore_Add,N/A,N/A,1790932512553613.155	,12.720,10.609000,0
7,aclnnMul_TransposeAiCore_Transpose,N/A,N/A,1790932512553643.735	,21.741,17.780000,0
7,aclnnMul_MulAiCore_Mul,N/A,N/A,1790932512553665.496	,6.680,0.009000,0
7,aclnnNeg_AsStridedAiCore_AsStrided,N/A,N/A,1790932512553700.997	,9.060,28.820000,0
7,aclnnNeg_NegAiCore_Neg,N/A,N/A,1790932512553710.697	,8.280,0.690000,0
7,aclnnCat_AsStridedAiCore_AsStrided,N/A,N/A,1790932512553743.977	,9.561,24.970000,0
7,aclnnCat_ConcatD_ConcatD,N/A,N/A,1790932512553753.558	,6.560,0.000000,0
7,aclnnMul_MulAiCore_Mul,N/A,N/A,1790932512553771.218	,6.420,11.190000,0
7,aclnnAdd_AddAiCore_Add,N/A,N/A,1790932512553797.439	,8.560,19.830000,0
7,aclnnInplaceCopy_AsStridedAiCore_AsStrided,N/A,N/A,1790932512553852.920	,7.860,46.940000,0
7,InnerPromptFlashAttention_PromptFlashAttention_PromptFlashAttention,N/A,N/A,1790932512554203.767	,304.146,342.890000,0
7,aclnnInplaceCopy_TransposeAiCore_Transpose,N/A,N/A,1790932512554508.853	,31.960,0.854000,0
7,aclnnMatmul_MatMulV3Common_MatMulV3,N/A,N/A,1790932512554540.853	,115.183,0.040000,0
7,aclnnAdd_AddAiCore_Add,N/A,N/A,1790932512554656.076	,11.980,0.067000,0
7,aclnnInplaceCopy_CastAiCore_Cast,N/A,N/A,1790932512554668.076	,10.020,0.020000,0
7,aclnnPowTensorScalar_PowsAiCore_Pows,N/A,N/A,1790932512554678.116	,17.180,0.000000,0
7,aclnnMean_ReduceMeanAiCore_ReduceMean,N/A,N/A,1790932512554696.276	,20.021,1.070000,0
7,aclnnAdds_AddAiCore_Add,N/A,N/A,1790932512554717.497	,1.420,1.229000,0
7,aclnnRsqrt_RsqrtAiCore_Rsqrt,N/A,N/A,1790932512554718.937	,1.320,0.080000,0
7,aclnnMul_MulAiCore_Mul,N/A,N/A,1790932512554720.277	,22.240,0.000000,0
7,aclnnInplaceCopy_CastAiCore_Cast,N/A,N/A,1790932512554742.557	,10.941,0.010000,0
7,aclnnMul_MulAiCore_Mul,N/A,N/A,1790932512554753.538	,12.260,0.059000,0
7,aclnnMatmul_MatMulCommon_MatMulV2,N/A,N/A,1790932512554813.219	,467.169,47.490000,0
7,aclnnSilu_SliceAiCore_Slice,N/A,N/A,1790932512555280.408	,17.201,0.081000,0
7,aclnnSilu_SiluAiCore_Swish,N/A,N/A,1790932512555297.629	,33.800,0.049000,0
7,aclnnMul_SliceAiCore_Slice,N/A,N/A,1790932512555331.449	,13.120,0.000000,0
7,aclnnMul_MulAiCore_Mul,N/A,N/A,1790932512555344.589	,19.121,0.000000,0
7,aclnnMatmul_MatMulV3Common_MatMulV3,N/A,N/A,1790932512555363.730	,269.845,0.129000,0
7,aclnnAdd_AddAiCore_Add,N/A,N/A,1790932512555633.595	,15.741,0.000000,0
7,aclnnInplaceCopy_CastAiCore_Cast,N/A,N/A,1790932512555649.356	,10.020,0.009000,0
7,aclnnPowTensorScalar_PowsAiCore_Pows,N/A,N/A,1790932512555659.396	,17.600,0.230000,0
7,aclnnMean_ReduceMeanAiCore_ReduceMean,N/A,N/A,1790932512555678.396	,21.061,1.400000,0
7,aclnnAdds_AddAiCore_Add,N/A,N/A,1790932512555700.257	,1.520,0.689000,0
7,aclnnRsqrt_RsqrtAiCore_Rsqrt,N/A,N/A,1790932512555701.797	,1.380,0.000000,0
7,aclnnMul_MulAiCore_Mul,N/A,N/A,1790932512555703.197	,21.400,0.120000,0
7,aclnnInplaceCopy_CastAiCore_Cast,N/A,N/A,1790932512555724.617	,11.940,0.000000,0
7,aclnnMul_MulAiCore_Mul,N/A,N/A,1790932512555736.577	,11.941,0.060000,0
7,aclnnMatmul_MatMulV3Common_MatMulV3,N/A,N/A,1790932512555748.538	,158.463,0.059000,0
7,aclnnInplaceCopy_SliceAiCore_Slice,N/A,N/A,1790932512555907.021	,11.100,0.037000,0
7,aclnnInplaceCopy_CastAiCore_Cast,N/A,N/A,1790932512555918.141	,19.220,0.150000,0
7,aclnnPowTensorScalar_PowsAiCore_Pows,N/A,N/A,1790932512555937.401	,26.021,0.030000,0
7,aclnnMean_ReduceMeanAiCore_ReduceMean,N/A,N/A,1790932512555964.762	,20.340,1.229000,0
7,aclnnAdds_AddAiCore_Add,N/A,N/A,1790932512555986.002	,5.700,0.910000,0
7,aclnnRsqrt_RsqrtAiCore_Rsqrt,N/A,N/A,1790932512555991.722	,6.621,0.050000,0
7,aclnnMul_MulAiCore_Mul,N/A,N/A,1790932512555998.363	,26.200,0.000000,0
7,aclnnInplaceCopy_CastAiCore_Cast,N/A,N/A,1790932512556024.583	,14.180,0.050000,0
7,aclnnMul_MulAiCore_Mul,N/A,N/A,1790932512556038.783	,12.561,0.070000,0
7,aclnnInplaceCopy_SliceAiCore_Slice,N/A,N/A,1790932512556051.364	,9.080,0.000000,0
7,aclnnInplaceCopy_CastAiCore_Cast,N/A,N/A,1790932512556060.464	,9.560,0.170000,0
7,aclnnPowTensorScalar_PowsAiCore_Pows,N/A,N/A,1790932512556070.064	,15.740,0.000000,0
7,aclnnMean_ReduceMeanAiCore_ReduceMean,N/A,N/A,1790932512556087.244	,13.501,1.510000,0
7,aclnnAdds_AddAiCore_Add,N/A,N/A,1790932512556101.825	,2.040,0.999000,0
7,aclnnRsqrt_RsqrtAiCore_Rsqrt,N/A,N/A,1790932512556103.885	,2.340,0.210000,0
7,aclnnMul_MulAiCore_Mul,N/A,N/A,1790932512556106.245	,16.040,0.000000,0
7,aclnnInplaceCopy_CastAiCore_Cast,N/A,N/A,1790932512556158.846	,9.300,36.460000,0
7,aclnnMul_MulAiCore_Mul,N/A,N/A,1790932512556185.426	,9.160,17.450000,0
7,aclnnMul_TransposeAiCore_Transpose,N/A,N/A,1790932512556279.148	,33.881,84.590000,0
7,aclnnMul_MulAiCore_Mul,N/A,N/A,1790932512556313.069	,13.380,0.000000,0
7,aclnnNeg_AsStridedAiCore_AsStrided,N/A,N/A,1790932512556350.090	,13.580,23.620000,0
7,aclnnNeg_NegAiCore_Neg,N/A,N/A,1790932512556363.690	,8.520,0.170000,0
7,aclnnCat_AsStridedAiCore_AsStrided,N/A,N/A,1790932512556433.231	,12.840,60.980000,0
7,aclnnCat_ConcatD_ConcatD,N/A,N/A,1790932512556446.091	,11.521,0.000000,0
7,aclnnMul_MulAiCore_Mul,N/A,N/A,1790932512556461.072	,14.880,3.479000,0
7,aclnnAdd_AddAiCore_Add,N/A,N/A,1790932512556490.392	,13.001,14.620000,0
7,aclnnMul_TransposeAiCore_Transpose,N/A,N/A,1790932512556519.253	,21.800,15.749000,0
7,aclnnMul_MulAiCore_Mul,N/A,N/A,1790932512556541.073	,6.160,0.000000,0
7,aclnnNeg_AsStridedAiCore_AsStrided,N/A,N/A,1790932512556597.274	,9.021,50.090000,0
7,aclnnNeg_NegAiCore_Neg,N/A,N/A,1790932512556606.315	,8.260,0.000000,0
7,aclnnCat_AsStridedAiCore_AsStrided,N/A,N/A,1790932512556624.995	,9.260,10.490000,0
7,aclnnCat_ConcatD_ConcatD,N/A,N/A,1790932512556634.275	,6.640,0.000000,0
7,aclnnMul_MulAiCore_Mul,N/A,N/A,1790932512556652.696	,5.360,11.860000,0
7,aclnnAdd_AddAiCore_Add,N/A,N/A,1790932512556677.336	,8.620,19.140000,0
7,aclnnInplaceCopy_AsStridedAiCore_AsStrided,N/A,N/A,1790932512556743.457	,8.021,57.630000,0
7,InnerPromptFlashAttention_PromptFlashAttention_PromptFlashAttention,N/A,N/A,1790932512557087.764	,305.946,336.229000,0
7,aclnnInplaceCopy_TransposeAiCore_Transpose,N/A,N/A,1790932512557394.890	,31.561,1.304000,0
7,aclnnMatmul_MatMulV3Common_MatMulV3,N/A,N/A,1790932512557426.471	,115.722,0.000000,0
7,aclnnAdd_AddAiCore_Add,N/A,N/A,1790932512557542.213	,11.521,0.028000,0
7,aclnnInplaceCopy_CastAiCore_Cast,N/A,N/A,1790932512557553.754	,10.040,0.000000,0
7,aclnnPowTensorScalar_PowsAiCore_Pows,N/A,N/A,1790932512557563.834	,17.120,0.000000,0
7,aclnnMean_ReduceMeanAiCore_ReduceMean,N/A,N/A,1790932512557581.934	,20.361,1.130000,0
7,aclnnAdds_AddAiCore_Add,N/A,N/A,1790932512557603.155	,1.620,0.889000,0
7,aclnnRsqrt_RsqrtAiCore_Rsqrt,N/A,N/A,1790932512557604.795	,1.280,0.000000,0
7,aclnnMul_MulAiCore_Mul,N/A,N/A,1790932512557606.115	,21.940,0.000000,0
7,aclnnInplaceCopy_CastAiCore_Cast,N/A,N/A,1790932512557628.075	,10.960,0.060000,0
7,aclnnMul_MulAiCore_Mul,N/A,N/A,1790932512557639.055	,12.061,0.040000,0
7,aclnnMatmul_MatMulCommon_MatMulV2,N/A,N/A,1790932512557688.836	,472.690,37.689000,0
7,aclnnSilu_SliceAiCore_Slice,N/A,N/A,1790932512558161.566	,17.480,0.060000,0
7,aclnnSilu_SiluAiCore_Swish,N/A,N/A,1790932512558179.066	,33.521,0.020000,0
7,aclnnMul_SliceAiCore_Slice,N/A,N/A,1790932512558212.627	,13.680,0.229000,0
7,aclnnMul_MulAiCore_Mul,N/A,N/A,1790932512558226.327	,19.200,0.000000,0
7,aclnnMatmul_MatMulV3Common_MatMulV3,N/A,N/A,1790932512558245.547	,268.966,0.050000,0
7,aclnnAdd_AddAiCore_Add,N/A,N/A,1790932512558514.533	,15.720,0.034000,0
7,aclnnInplaceCopy_CastAiCore_Cast,N/A,N/A,1790932512558530.273	,12.340,0.030000,0
7,aclnnPowTensorScalar_PowsAiCore_Pows,N/A,N/A,1790932512558542.633	,17.681,0.160000,0
7,aclnnMean_ReduceMeanAiCore_ReduceMean,N/A,N/A,1790932512558561.374	,20.960,0.819000,0
7,aclnnAdds_AddAiCore_Add,N/A,N/A,1790932512558583.194	,1.400,1.040000,0
7,aclnnRsqrt_RsqrtAiCore_Rsqrt,N/A,N/A,1790932512558584.614	,1.300,0.000000,0
7,aclnnMul_MulAiCore_Mul,N/A,N/A,1790932512558585.954	,21.381,0.200000,0
7,aclnnInplaceCopy_CastAiCore_Cast,N/A,N/A,1790932512558607.355	,10.820,0.000000,0
7,aclnnMul_MulAiCore_Mul,N/A,N/A,1790932512558618.215	,12.340,0.180000,0
7,aclnnMatmul_MatMulV3Common_MatMulV3,N/A,N/A,1790932512558630.575	,161.163,0.000000,0
7,aclnnInplaceCopy_SliceAiCore_Slice,N/A,N/A,1790932512558791.778	,11.221,0.087000,0
7,aclnnInplaceCopy_CastAiCore_Cast,N/A,N/A,1790932512558803.039	,16.740,0.029000,0
7,aclnnPowTensorScalar_PowsAiCore_Pows,N/A,N/A,1790932512558819.819	,23.000,0.010000,0
7,aclnnMean_ReduceMeanAiCore_ReduceMean,N/A,N/A,1790932512558844.179	,20.501,1.500000,0
7,aclnnAdds_AddAiCore_Add,N/A,N/A,1790932512558865.400	,5.640,0.749000,0
7,aclnnRsqrt_RsqrtAiCore_Rsqrt,N/A,N/A,1790932512558871.080	,6.640,0.000000,0
7,aclnnMul_MulAiCore_Mul,N/A,N/A,1790932512558877.740	,25.501,0.110000,0
7,aclnnInplaceCopy_CastAiCore_Cast,N/A,N/A,1790932512558903.281	,13.860,0.000000,0
7,aclnnMul_MulAiCore_Mul,N/A,N/A,1790932512558917.161	,12.500,0.140000,0
7,aclnnInplaceCopy_SliceAiCore_Slice,N/A,N/A,1790932512558929.681	,9.120,0.000000,0
7,aclnnInplaceCopy_CastAiCore_Cast,N/A,N/A,1790932512558938.821	,9.520,0.000000,0
7,aclnnPowTensorScalar_PowsAiCore_Pows,N/A,N/A,1790932512558948.361	,15.761,0.000000,0
7,aclnnMean_ReduceMeanAiCore_ReduceMean,N/A,N/A,1790932512558965.362	,13.500,1.239000,0
7,aclnnAdds_AddAiCore_Add,N/A,N/A,1790932512558979.902	,2.400,1.250000,0
7,aclnnRsqrt_RsqrtAiCore_Rsqrt,N/A,N/A,1790932512558982.342	,2.320,0.000000,0
7,aclnnMul_MulAiCore_Mul,N/A,N/A,1790932512558984.682	,15.700,0.180000,0
7,aclnnInplaceCopy_CastAiCore_Cast,N/A,N/A,1790932512559015.763	,9.300,15.300000,0
7,aclnnMul_MulAiCore_Mul,N/A,N/A,1790932512559043.043	,9.381,17.950000,0
7,aclnnMul_TransposeAiCore_Transpose,N/A,N/A,1790932512559139.805	,35.041,87.369000,0
7,aclnnMul_MulAiCore_Mul,N/A,N/A,1790932512559174.866	,13.920,0.000000,0
7,aclnnNeg_AsStridedAiCore_AsStrided,N/A,N/A,1790932512559207.027	,14.360,18.330000,0
7,aclnnNeg_NegAiCore_Neg,N/A,N/A,1790932512559221.407	,8.520,0.140000,0
7,aclnnCat_AsStridedAiCore_AsStrided,N/A,N/A,1790932512559237.467	,12.380,7.480000,0
7,aclnnCat_ConcatD_ConcatD,N/A,N/A,1790932512559249.887	,12.261,0.120000,0
7,aclnnMul_MulAiCore_Mul,N/A,N/A,1790932512559267.028	,14.040,4.739000,0
7,aclnnAdd_AddAiCore_Add,N/A,N/A,1790932512559294.088	,12.841,12.960000,0
7,aclnnMul_TransposeAiCore_Transpose,N/A,N/A,1790932512559321.589	,22.520,14.659000,0
7,aclnnMul_MulAiCore_Mul,N/A,N/A,1790932512559344.129	,6.400,0.230000,0
7,aclnnNeg_AsStridedAiCore_AsStrided,N/A,N/A,1790932512559379.310	,9.480,28.600000,0
7,aclnnNeg_NegAiCore_Neg,N/A,N/A,1790932512559388.870	,8.120,0.020000,0
7,aclnnCat_AsStridedAiCore_AsStrided,N/A,N/A,1790932512559422.371	,9.240,25.380000,0
7,aclnnCat_ConcatD_ConcatD,N/A,N/A,1790932512559431.631	,6.720,0.260000,0
7,aclnnMul_MulAiCore_Mul,N/A,N/A,1790932512559438.811	,6.240,0.280000,0
7,aclnnAdd_AddAiCore_Add,N/A,N/A,1790932512559465.132	,8.580,20.260000,0
7,aclnnInplaceCopy_AsStridedAiCore_AsStrided,N/A,N/A,1790932512559534.773	,7.640,60.920000,0
7,InnerPromptFlashAttention_PromptFlashAttention_PromptFlashAttention,N/A,N/A,1790932512559877.460	,307.526,335.110000,0
7,aclnnInplaceCopy_TransposeAiCore_Transpose,N/A,N/A,1790932512560185.866	,31.501,0.724000,0
7,aclnnMatmul_MatMulV3Common_MatMulV3,N/A,N/A,1790932512560217.387	,115.242,0.249000,0
7,aclnnAdd_AddAiCore_Add,N/A,N/A,1790932512560332.649	,11.760,0.008000,0
7,aclnnInplaceCopy_CastAiCore_Cast,N/A,N/A,1790932512560344.449	,9.981,0.000000,0
7,aclnnPowTensorScalar_PowsAiCore_Pows,N/A,N/A,1790932512560354.450	,17.160,0.019000,0
7,aclnnMean_ReduceMeanAiCore_ReduceMean,N/A,N/A,1790932512560372.870	,19.880,1.090000,0
7,aclnnAdds_AddAiCore_Add,N/A,N/A,1790932512560393.490	,1.400,0.870000,0
7,aclnnRsqrt_RsqrtAiCore_Rsqrt,N/A,N/A,1790932512560394.910	,1.320,0.100000,0
7,aclnnMul_MulAiCore_Mul,N/A,N/A,1790932512560396.250	,22.001,0.000000,0
7,aclnnInplaceCopy_CastAiCore_Cast,N/A,N/A,1790932512560418.271	,10.880,0.000000,0
7,aclnnMul_MulAiCore_Mul,N/A,N/A,1790932512560429.191	,12.220,0.120000,0
7,aclnnMatmul_MatMulCommon_MatMulV2,N/A,N/A,1790932512560494.052	,469.870,52.530000,0
7,aclnnSilu_SliceAiCore_Slice,N/A,N/A,1790932512560963.942	,17.020,0.130000,0
7,aclnnSilu_SiluAiCore_Swish,N/A,N/A,1790932512560980.982	,33.881,0.000000,0
7,aclnnMul_SliceAiCore_Slice,N/A,N/A,1790932512561014.883	,12.960,0.119000,0
7,aclnnMul_MulAiCore_Mul,N/A,N/A,1790932512561027.863	,19.000,0.000000,0
7,aclnnMatmul_MatMulV3Common_MatMulV3,N/A,N/A,1790932512561046.883	,271.006,0.250000,0
7,aclnnAdd_AddAiCore_Add,N/A,N/A,1790932512561317.909	,15.460,0.000000,0
7,aclnnInplaceCopy_CastAiCore_Cast,N/A,N/A,1790932512561333.409	,10.120,0.040000,0
7,aclnnPowTensorScalar_PowsAiCore_Pows,N/A,N/A,1790932512561343.549	,17.781,0.000000,0
7,aclnnMean_ReduceMeanAiCore_ReduceMean,N/A,N/A,1790932512561362.690	,20.860,1.469000,0
7,aclnnAdds_AddAiCore_Add,N/A,N/A,1790932512561384.530	,1.460,0.890000,0
7,aclnnRsqrt_RsqrtAiCore_Rsqrt,N/A,N/A,1790932512561386.010	,1.280,0.040000,0
7,aclnnMul_MulAiCore_Mul,N/A,N/A,1790932512561387.310	,22.221,0.000000,0
7,aclnnInplaceCopy_CastAiCore_Cast,N/A,N/A,1790932512561409.551	,10.880,0.029000,0
7,aclnnMul_MulAiCore_Mul,N/A,N/A,1790932512561420.451	,11.840,0.120000,0
7,aclnnMatmul_MatMulV3Common_MatMulV3,N/A,N/A,1790932512561432.311	,157.103,0.000000,0
7,aclnnInplaceCopy_SliceAiCore_Slice,N/A,N/A,1790932512561589.434	,11.280,0.147000,0
7,aclnnInplaceCopy_CastAiCore_Cast,N/A,N/A,1790932512561600.734	,19.401,0.000000,0
7,aclnnPowTensorScalar_PowsAiCore_Pows,N/A,N/A,1790932512561620.155	,26.040,0.099000,0
7,aclnnMean_ReduceMeanAiCore_ReduceMean,N/A,N/A,1790932512561647.235	,20.361,0.960000,0
7,aclnnAdds_AddAiCore_Add,N/A,N/A,1790932512561668.456	,5.680,0.889000,0
7,aclnnRsqrt_RsqrtAiCore_Rsqrt,N/A,N/A,1790932512561674.156	,6.660,0.070000,0
7,aclnnMul_MulAiCore_Mul,N/A,N/A,1790932512561680.856	,25.581,0.000000,0
7,aclnnInplaceCopy_CastAiCore_Cast,N/A,N/A,1790932512561706.477	,14.000,0.169000,0
7,aclnnMul_MulAiCore_Mul,N/A,N/A,1790932512561720.517	,12.020,0.000000,0
7,aclnnInplaceCopy_SliceAiCore_Slice,N/A,N/A,1790932512561732.577	,9.100,0.000000,0
7,aclnnInplaceCopy_CastAiCore_Cast,N/A,N/A,1790932512561741.697	,9.360,0.150000,0
7,aclnnPowTensorScalar_PowsAiCore_Pows,N/A,N/A,1790932512561751.077	,15.801,0.000000,0
7,aclnnMean_ReduceMeanAiCore_ReduceMean,N/A,N/A,1790932512561767.898	,13.480,1.199000,0
7,aclnnAdds_AddAiCore_Add,N/A,N/A,1790932512561782.398	,2.600,1.020000,0
7,aclnnRsqrt_RsqrtAiCore_Rsqrt,N/A,N/A,1790932512561785.018	,2.400,0.000000,0
7,aclnnMul_MulAiCore_Mul,N/A,N/A,1790932512561789.318	,16.081,1.850000,0
7,aclnnInplaceCopy_CastAiCore_Cast,N/A,N/A,1790932512561841.759	,9.260,36.419000,0
7,aclnnMul_MulAiCore_Mul,N/A,N/A,1790932512561867.700	,9.180,16.740000,0
7,aclnnMul_TransposeAiCore_Transpose,N/A,N/A,1790932512561963.562	,33.020,86.570000,0
7,aclnnMul_MulAiCore_Mul,N/A,N/A,1790932512561996.602	,14.361,0.000000,0
7,aclnnNeg_AsStridedAiCore_AsStrided,N/A,N/A,1790932512562030.363	,13.880,19.389000,0
7,aclnnNeg_NegAiCore_Neg,N/A,N/A,1790932512562044.283	,8.600,0.120000,0
7,aclnnCat_AsStridedAiCore_AsStrided,N/A,N/A,1790932512562069.064	,12.880,16.150000,0
7,aclnnCat_ConcatD_ConcatD,N/A,N/A,1790932512562081.964	,12.320,0.120000,0
7,aclnnMul_MulAiCore_Mul,N/A,N/A,1790932512562096.904	,14.001,2.680000,0
7,aclnnAdd_AddAiCore_Add,N/A,N/A,1790932512562123.245	,13.020,12.249000,0
7,aclnnMul_TransposeAiCore_Transpose,N/A,N/A,1790932512562150.885	,22.521,14.730000,0
7,aclnnMul_MulAiCore_Mul,N/A,N/A,1790932512562173.426	,6.160,0.000000,0
7,aclnnNeg_AsStridedAiCore_AsStrided,N/A,N/A,1790932512562207.787	,9.440,28.090000,0
7,aclnnNeg_NegAiCore_Neg,N/A,N/A,1790932512562217.247	,8.180,0.060000,0
7,aclnnCat_AsStridedAiCore_AsStrided,N/A,N/A,1790932512562255.048	,8.800,29.570000,0
7,aclnnCat_ConcatD_ConcatD,N/A,N/A,1790932512562263.868	,6.820,0.000000,0
7,aclnnMul_MulAiCore_Mul,N/A,N/A,1790932512562271.468	,6.560,0.930000,0
7,aclnnAdd_AddAiCore_Add,N/A,N/A,1790932512562297.988	,8.681,19.940000,0
7,aclnnInplaceCopy_AsStridedAiCore_AsStrided,N/A,N/A,1790932512562369.450	,7.880,62.819000,0
7,InnerPromptFlashAttention_PromptFlashAttention_PromptFlashAttention,N/A,N/A,1790932512562718.377	,306.166,341.120000,0
7,aclnnInplaceCopy_TransposeAiCore_Transpose,N/A,N/A,1790932512563025.303	,30.881,0.584000,0
7,aclnnMatmul_MatMulV3Common_MatMulV3,N/A,N/A,1790932512563056.204	,116.602,0.119000,0
7,aclnnAdd_AddAiCore_Add,N/A,N/A,1790932512563172.826	,11.540,0.000000,0
7,aclnnInplaceCopy_CastAiCore_Cast,N/A,N/A,1790932512563184.386	,10.020,0.210000,0
7,aclnnPowTensorScalar_PowsAiCore_Pows,N/A,N/A,1790932512563194.426	,17.261,0.000000,0
7,aclnnMean_ReduceMeanAiCore_ReduceMean,N/A,N/A,1790932512563212.907	,20.060,1.239000,0
7,aclnnAdds_AddAiCore_Add,N/A,N/A,1790932512563234.167	,1.360,1.190000,0
7,aclnnRsqrt_RsqrtAiCore_Rsqrt,N/A,N/A,1790932512563235.547	,1.300,0.000000,0
7,aclnnMul_MulAiCore_Mul,N/A,N/A,1790932512563236.867	,22.561,0.000000,0
7,aclnnInplaceCopy_CastAiCore_Cast,N/A,N/A,1790932512563259.448	,10.980,0.189000,0
7,aclnnMul_MulAiCore_Mul,N/A,N/A,1790932512563270.448	,12.020,0.020000,0
7,aclnnMatmul_MatMulCommon_MatMulV2,N/A,N/A,1790932512563334.729	,472.070,52.230000,0
7,aclnnSilu_SliceAiCore_Slice,N/A,N/A,1790932512563806.839	,16.980,0.000000,0
7,aclnnSilu_SiluAiCore_Swish,N/A,N/A,1790932512563823.839	,33.581,0.020000,0
7,aclnnMul_SliceAiCore_Slice,N/A,N/A,1790932512563857.440	,12.520,0.169000,0
7,aclnnMul_MulAiCore_Mul,N/A,N/A,1790932512563869.980	,18.940,0.000000,0
7,aclnnMatmul_MatMulV3Common_MatMulV3,N/A,N/A,1790932512563888.960	,270.866,0.060000,0
7,aclnnAdd_AddAiCore_Add,N/A,N/A,1790932512564159.866	,15.560,0.000000,0
7,aclnnInplaceCopy_CastAiCore_Cast,N/A,N/A,1790932512564175.446	,10.620,0.190000,0
7,aclnnPowTensorScalar_PowsAiCore_Pows,N/A,N/A,1790932512564186.086	,17.420,0.000000,0
7,aclnnMean_ReduceMeanAiCore_ReduceMean,N/A,N/A,1790932512564204.526	,21.061,1.080000,0
7,aclnnAdds_AddAiCore_Add,N/A,N/A,1790932512564226.367	,1.540,0.689000,0
7,aclnnRsqrt_RsqrtAiCore_Rsqrt,N/A,N/A,1790932512564227.927	,1.300,0.210000,0
7,aclnnMul_MulAiCore_Mul,N/A,N/A,1790932512564229.267	,20.600,0.000000,0
7,aclnnInplaceCopy_CastAiCore_Cast,N/A,N/A,1790932512564249.887	,10.901,0.150000,0
7,aclnnMul_MulAiCore_Mul,N/A,N/A,1790932512564260.808	,11.940,0.000000,0
7,aclnnMatmul_MatMulV3Common_MatMulV3,N/A,N/A,1790932512564272.768	,163.183,0.060000,0
7,aclnnInplaceCopy_SliceAiCore_Slice,N/A,N/A,1790932512564435.971	,11.780,0.067000,0
7,aclnnInplaceCopy_CastAiCore_Cast,N/A,N/A,1790932512564447.771	,16.301,0.000000,0
7,aclnnPowTensorScalar_PowsAiCore_Pows,N/A,N/A,1790932512564464.092	,23.480,0.000000,0
7,aclnnMean_ReduceMeanAiCore_ReduceMean,N/A,N/A,1790932512564488.572	,20.921,1.020000,0
7,aclnnAdds_AddAiCore_Add,N/A,N/A,1790932512564510.413	,5.700,1.079000,0
7,aclnnRsqrt_RsqrtAiCore_Rsqrt,N/A,N/A,1790932512564516.153	,6.600,0.050000,0
7,aclnnMul_MulAiCore_Mul,N/A,N/A,1790932512564522.793	,25.660,0.000000,0
7,aclnnInplaceCopy_CastAiCore_Cast,N/A,N/A,1790932512564548.473	,13.641,0.090000,0
7,aclnnMul_MulAiCore_Mul,N/A,N/A,1790932512564562.154	,12.400,0.109000,0
7,aclnnInplaceCopy_SliceAiCore_Slice,N/A,N/A,1790932512564574.594	,9.260,0.000000,0
7,aclnnInplaceCopy_CastAiCore_Cast,N/A,N/A,1790932512564583.894	,9.620,0.240000,0
7,aclnnPowTensorScalar_PowsAiCore_Pows,N/A,N/A,1790932512564593.534	,15.941,0.000000,0
7,aclnnMean_ReduceMeanAiCore_ReduceMean,N/A,N/A,1790932512564611.715	,13.800,2.309000,0
7,aclnnAdds_AddAiCore_Add,N/A,N/A,1790932512564635.855	,2.400,10.200000,0
7,aclnnRsqrt_RsqrtAiCore_Rsqrt,N/A,N/A,1790932512564651.375	,2.360,13.350000,0
7,aclnnMul_MulAiCore_Mul,N/A,N/A,1790932512564678.296	,15.660,24.390000,0
7,aclnnInplaceCopy_CastAiCore_Cast,N/A,N/A,1790932512564731.477	,9.220,37.590000,0
7,aclnnMul_MulAiCore_Mul,N/A,N/A,1790932512564758.658	,9.080,18.030000,0
7,aclnnMul_TransposeAiCore_Transpose,N/A,N/A,1790932512564855.999	,34.861,88.170000,0
7,aclnnMul_MulAiCore_Mul,N/A,N/A,1790932512564890.880	,13.940,0.139000,0
7,aclnnNeg_AsStridedAiCore_AsStrided,N/A,N/A,1790932512564923.181	,13.700,18.310000,0
7,aclnnNeg_NegAiCore_Neg,N/A,N/A,1790932512564936.901	,8.480,0.050000,0
7,aclnnCat_AsStridedAiCore_AsStrided,N/A,N/A,1790932512564953.481	,12.841,8.020000,0
7,aclnnCat_ConcatD_ConcatD,N/A,N/A,1790932512564966.362	,11.940,0.000000,0
7,aclnnMul_MulAiCore_Mul,N/A,N/A,1790932512564982.062	,14.660,3.810000,0
7,aclnnAdd_AddAiCore_Add,N/A,N/A,1790932512565009.163	,12.720,12.590000,0
7,aclnnMul_TransposeAiCore_Transpose,N/A,N/A,1790932512565037.063	,22.361,15.030000,0
7,aclnnMul_MulAiCore_Mul,N/A,N/A,1790932512565059.444	,6.340,0.139000,0
7,aclnnNeg_AsStridedAiCore_AsStrided,N/A,N/A,1790932512565093.784	,8.680,27.910000,0
7,aclnnNeg_NegAiCore_Neg,N/A,N/A,1790932512565102.484	,8.121,0.070000,0
7,aclnnCat_AsStridedAiCore_AsStrided,N/A,N/A,1790932512565131.485	,9.580,20.879000,0
7,aclnnCat_ConcatD_ConcatD,N/A,N/A,1790932512565141.085	,6.540,0.000000,0
7,aclnnMul_MulAiCore_Mul,N/A,N/A,1790932512565159.066	,5.980,11.460000,0
7,aclnnAdd_AddAiCore_Add,N/A,N/A,1790932512565173.306	,8.540,8.270000,0
7,aclnnInplaceCopy_AsStridedAiCore_AsStrided,N/A,N/A,1790932512565246.127	,8.240,64.460000,0
7,InnerPromptFlashAttention_PromptFlashAttention_PromptFlashAttention,N/A,N/A,1790932512565587.554	,300.566,333.010000,0
7,aclnnInplaceCopy_TransposeAiCore_Transpose,N/A,N/A,1790932512565889.300	,31.961,1.184000,0
7,aclnnMatmul_MatMulV3Common_MatMulV3,N/A,N/A,1790932512565921.281	,115.962,0.039000,0
7,aclnnAdd_AddAiCore_Add,N/A,N/A,1790932512566037.283	,11.720,0.038000,0
7,aclnnInplaceCopy_CastAiCore_Cast,N/A,N/A,1790932512566049.023	,10.001,0.030000,0
7,aclnnPowTensorScalar_PowsAiCore_Pows,N/A,N/A,1790932512566059.064	,17.300,0.000000,0
7,aclnnMean_ReduceMeanAiCore_ReduceMean,N/A,N/A,1790932512566077.584	,20.460,1.200000,0
7,aclnnAdds_AddAiCore_Add,N/A,N/A,1790932512566098.824	,1.440,0.790000,0
7,aclnnRsqrt_RsqrtAiCore_Rsqrt,N/A,N/A,1790932512566100.284	,1.320,0.060000,0
7,aclnnMul_MulAiCore_Mul,N/A,N/A,1790932512566101.624	,22.441,0.000000,0
7,aclnnInplaceCopy_CastAiCore_Cast,N/A,N/A,1790932512566124.085	,10.700,0.059000,0
7,aclnnMul_MulAiCore_Mul,N/A,N/A,1790932512566134.805	,12.160,0.050000,0
7,aclnnMatmul_MatMulCommon_MatMulV2,N/A,N/A,1790932512566190.366	,467.369,43.340000,0
7,aclnnSilu_SliceAiCore_Slice,N/A,N/A,1790932512566657.755	,17.561,0.131000,0
7,aclnnSilu_SiluAiCore_Swish,N/A,N/A,1790932512566675.336	,33.560,0.000000,0
7,aclnnMul_SliceAiCore_Slice,N/A,N/A,1790932512566708.937	,13.800,0.190000,0
7,aclnnMul_MulAiCore_Mul,N/A,N/A,1790932512566722.777	,19.060,0.000000,0
7,aclnnMatmul_MatMulV3Common_MatMulV3,N/A,N/A,1790932512566741.857	,267.185,0.000000,0
7,aclnnAdd_AddAiCore_Add,N/A,N/A,1790932512567009.062	,17.701,0.065000,0
7,aclnnInplaceCopy_CastAiCore_Cast,N/A,N/A,1790932512567026.803	,10.120,0.049000,0
7,aclnnPowTensorScalar_PowsAiCore_Pows,N/A,N/A,1790932512567036.943	,17.420,0.130000,0
7,aclnnMean_ReduceMeanAiCore_ReduceMean,N/A,N/A,1790932512567055.563	,20.621,1.080000,0
7,aclnnAdds_AddAiCore_Add,N/A,N/A,1790932512567077.404	,1.480,1.379000,0
7,aclnnRsqrt_RsqrtAiCore_Rsqrt,N/A,N/A,1790932512567078.924	,1.300,0.020000,0
7,aclnnMul_MulAiCore_Mul,N/A,N/A,1790932512567080.244	,22.000,0.000000,0
7,aclnnInplaceCopy_CastAiCore_Cast,N/A,N/A,1790932512567102.284	,11.161,0.000000,0
7,aclnnMul_MulAiCore_Mul,N/A,N/A,1790932512567113.485	,12.480,0.089000,0
7,aclnnMatmul_MatMulV3Common_MatMulV3,N/A,N/A,1790932512567126.005	,158.183,0.020000,0
7,aclnnInplaceCopy_SliceAiCore_Slice,N/A,N/A,1790932512567284.228	,11.300,0.067000,0
7,aclnnInplaceCopy_CastAiCore_Cast,N/A,N/A,1790932512567295.568	,18.621,0.000000,0
7,aclnnPowTensorScalar_PowsAiCore_Pows,N/A,N/A,1790932512567314.209	,26.220,0.129000,0
7,aclnnMean_ReduceMeanAiCore_ReduceMean,N/A,N/A,1790932512567341.349	,20.521,0.780000,0
7,aclnnAdds_AddAiCore_Add,N/A,N/A,1790932512567362.590	,5.700,0.729000,0
7,aclnnRsqrt_RsqrtAiCore_Rsqrt,N/A,N/A,1790932512567368.310	,6.620,0.050000,0
7,aclnnMul_MulAiCore_Mul,N/A,N/A,1790932512567374.970	,25.540,0.130000,0
7,aclnnInplaceCopy_CastAiCore_Cast,N/A,N/A,1790932512567400.530	,13.681,0.000000,0
7,aclnnMul_MulAiCore_Mul,N/A,N/A,1790932512567414.231	,12.340,0.069000,0
7,aclnnInplaceCopy_SliceAiCore_Slice,N/A,N/A,1790932512567426.611	,9.560,0.000000,0
7,aclnnInplaceCopy_CastAiCore_Cast,N/A,N/A,1790932512567436.191	,9.320,0.190000,0
7,aclnnPowTensorScalar_PowsAiCore_Pows,N/A,N/A,1790932512567445.551	,15.321,0.000000,0
7,aclnnMean_ReduceMeanAiCore_ReduceMean,N/A,N/A,1790932512567462.072	,13.840,1.179000,0
7,aclnnAdds_AddAiCore_Add,N/A,N/A,1790932512567476.612	,2.080,0.660000,0
7,aclnnRsqrt_RsqrtAiCore_Rsqrt,N/A,N/A,1790932512567478.712	,2.340,0.170000,0
7,aclnnMul_MulAiCore_Mul,N/A,N/A,1790932512567497.612	,15.861,16.410000,0
7,aclnnInplaceCopy_CastAiCore_Cast,N/A,N/A,1790932512567550.713	,9.241,37.389000,0
7,aclnnMul_MulAiCore_Mul,N/A,N/A,1790932512567566.434	,9.120,6.509000,0
7,aclnnMul_TransposeAiCore_Transpose,N/A,N/A,1790932512567670.036	,36.280,94.380000,0
7,aclnnMul_MulAiCore_Mul,N/A,N/A,1790932512567706.336	,14.821,0.000000,0
7,aclnnNeg_AsStridedAiCore_AsStrided,N/A,N/A,1790932512567737.317	,13.580,16.179000,0
7,aclnnNeg_NegAiCore_Neg,N/A,N/A,1790932512567750.917	,8.600,0.170000,0
7,aclnnCat_AsStridedAiCore_AsStrided,N/A,N/A,1790932512567768.398	,13.000,8.900000,0
7,aclnnCat_ConcatD_ConcatD,N/A,N/A,1790932512567781.438	,11.740,0.000000,0
7,aclnnMul_MulAiCore_Mul,N/A,N/A,1790932512567798.898	,14.361,5.760000,0
7,aclnnAdd_AddAiCore_Add,N/A,N/A,1790932512567826.379	,12.680,13.139000,0
7,aclnnMul_TransposeAiCore_Transpose,N/A,N/A,1790932512567855.979	,21.921,16.820000,0
7,aclnnMul_MulAiCore_Mul,N/A,N/A,1790932512567877.940	,9.220,0.079000,0
7,aclnnNeg_AsStridedAiCore_AsStrided,N/A,N/A,1790932512567924.101	,8.920,36.780000,0
7,aclnnNeg_NegAiCore_Neg,N/A,N/A,1790932512567933.041	,8.020,0.080000,0
7,aclnnCat_AsStridedAiCore_AsStrided,N/A,N/A,1790932512567952.981	,8.861,11.980000,0
7,aclnnCat_ConcatD_ConcatD,N/A,N/A,1790932512567961.862	,6.660,0.000000,0
7,aclnnMul_MulAiCore_Mul,N/A,N/A,1790932512567984.022	,5.380,15.590000,0
7,aclnnAdd_AddAiCore_Add,N/A,N/A,1790932512568010.343	,8.580,20.870000,0
7,aclnnInplaceCopy_AsStridedAiCore_AsStrided,N/A,N/A,1790932512568071.824	,8.080,52.920000,0
7,InnerPromptFlashAttention_PromptFlashAttention_PromptFlashAttention,N/A,N/A,1790932512568427.491	,310.626,347.670000,0
7,aclnnInplaceCopy_TransposeAiCore_Transpose,N/A,N/A,1790932512568739.357	,31.641,1.124000,0
7,aclnnMatmul_MatMulV3Common_MatMulV3,N/A,N/A,1790932512568771.018	,115.462,0.109000,0
7,aclnnAdd_AddAiCore_Add,N/A,N/A,1790932512568886.500	,10.980,0.038000,0
7,aclnnInplaceCopy_CastAiCore_Cast,N/A,N/A,1790932512568897.500	,10.000,0.020000,0
7,aclnnPowTensorScalar_PowsAiCore_Pows,N/A,N/A,1790932512568907.520	,17.321,0.000000,0
7,aclnnMean_ReduceMeanAiCore_ReduceMean,N/A,N/A,1790932512568925.741	,20.220,0.929000,0
7,aclnnAdds_AddAiCore_Add,N/A,N/A,1790932512568946.981	,1.500,1.030000,0
7,aclnnRsqrt_RsqrtAiCore_Rsqrt,N/A,N/A,1790932512568948.521	,1.540,0.000000,0
7,aclnnMul_MulAiCore_Mul,N/A,N/A,1790932512568950.081	,22.461,0.000000,0
7,aclnnInplaceCopy_CastAiCore_Cast,N/A,N/A,1790932512568972.562	,10.740,0.039000,0
7,aclnnMul_MulAiCore_Mul,N/A,N/A,1790932512568983.322	,12.460,0.010000,0
7,aclnnMatmul_MatMulCommon_MatMulV2,N/A,N/A,1790932512569044.683	,466.829,49.040000,0
7,aclnnSilu_SliceAiCore_Slice,N/A,N/A,1790932512569511.532	,19.141,0.000000,0
7,aclnnSilu_SiluAiCore_Swish,N/A,N/A,1790932512569530.713	,33.521,0.109000,0
7,aclnnMul_SliceAiCore_Slice,N/A,N/A,1790932512569564.254	,13.880,0.000000,0
7,aclnnMul_MulAiCore_Mul,N/A,N/A,1790932512569578.154	,19.020,0.120000,0
7,aclnnMatmul_MatMulV3Common_MatMulV3,N/A,N/A,1790932512569597.194	,269.426,0.000000,0
7,aclnnAdd_AddAiCore_Add,N/A,N/A,1790932512569866.660	,15.860,0.074000,0
7,aclnnInplaceCopy_CastAiCore_Cast,N/A,N/A,1790932512569882.540	,10.240,0.000000,0
7,aclnnPowTensorScalar_PowsAiCore_Pows,N/A,N/A,1790932512569892.800	,17.620,0.010000,0
7,aclnnMean_ReduceMeanAiCore_ReduceMean,N/A,N/A,1790932512569911.520	,21.161,1.130000,0
7,aclnnAdds_AddAiCore_Add,N/A,N/A,1790932512569933.381	,1.480,0.839000,0
7,aclnnRsqrt_RsqrtAiCore_Rsqrt,N/A,N/A,1790932512569934.881	,1.580,0.020000,0
7,aclnnMul_MulAiCore_Mul,N/A,N/A,1790932512569936.481	,21.720,0.000000,0
7,aclnnInplaceCopy_CastAiCore_Cast,N/A,N/A,1790932512569958.221	,10.861,0.030000,0
7,aclnnMul_MulAiCore_Mul,N/A,N/A,1790932512569969.122	,12.180,0.000000,0
7,aclnnMatmul_MatMulV3Common_MatMulV3,N/A,N/A,1790932512569981.322	,162.503,0.070000,0
7,aclnnInplaceCopy_SliceAiCore_Slice,N/A,N/A,1790932512570143.845	,11.440,0.000000,0
7,aclnnInplaceCopy_CastAiCore_Cast,N/A,N/A,1790932512570155.305	,14.601,0.060000,0
7,aclnnPowTensorScalar_PowsAiCore_Pows,N/A,N/A,1790932512570169.926	,23.280,0.149000,0
7,aclnnMean_ReduceMeanAiCore_ReduceMean,N/A,N/A,1790932512570194.506	,20.781,1.220000,0
7,aclnnAdds_AddAiCore_Add,N/A,N/A,1790932512570216.347	,5.660,0.969000,0
7,aclnnRsqrt_RsqrtAiCore_Rsqrt,N/A,N/A,1790932512570222.027	,6.640,0.090000,0
7,aclnnMul_MulAiCore_Mul,N/A,N/A,1790932512570228.687	,25.720,0.110000,0
7,aclnnInplaceCopy_CastAiCore_Cast,N/A,N/A,1790932512570254.447	,14.321,0.030000,0
7,aclnnMul_MulAiCore_Mul,N/A,N/A,1790932512570268.788	,12.660,0.000000,0
7,aclnnInplaceCopy_SliceAiCore_Slice,N/A,N/A,1790932512570281.468	,9.160,0.090000,0
7,aclnnInplaceCopy_CastAiCore_Cast,N/A,N/A,1790932512570290.648	,9.480,0.090000,0
7,aclnnPowTensorScalar_PowsAiCore_Pows,N/A,N/A,1790932512570300.168	,15.841,0.020000,0
7,aclnnMean_ReduceMeanAiCore_ReduceMean,N/A,N/A,1790932512570317.129	,13.520,1.159000,0
7,aclnnAdds_AddAiCore_Add,N/A,N/A,1790932512570331.669	,2.140,0.980000,0
7,aclnnRsqrt_RsqrtAiCore_Rsqrt,N/A,N/A,1790932512570333.829	,2.360,0.000000,0
7,aclnnMul_MulAiCore_Mul,N/A,N/A,1790932512570336.229	,15.580,0.140000,0
7,aclnnInplaceCopy_CastAiCore_Cast,N/A,N/A,1790932512570397.530	,9.200,45.670000,0
7,aclnnMul_MulAiCore_Mul,N/A,N/A,1790932512570423.791	,9.180,17.050000,0
7,aclnnMul_TransposeAiCore_Transpose,N/A,N/A,1790932512570513.353	,35.200,80.320000,0
7,aclnnMul_MulAiCore_Mul,N/A,N/A,1790932512570548.593	,14.241,0.050000,0
7,aclnnNeg_AsStridedAiCore_AsStrided,N/A,N/A,1790932512570569.854	,13.540,7.009000,0
7,aclnnNeg_NegAiCore_Neg,N/A,N/A,1790932512570583.434	,8.420,0.210000,0
7,aclnnCat_AsStridedAiCore_AsStrided,N/A,N/A,1790932512570613.595	,12.100,21.580000,0
7,aclnnCat_ConcatD_ConcatD,N/A,N/A,1790932512570625.715	,11.860,0.150000,0
7,aclnnMul_MulAiCore_Mul,N/A,N/A,1790932512570641.575	,13.940,3.890000,0
7,aclnnAdd_AddAiCore_Add,N/A,N/A,1790932512570667.996	,12.680,12.560000,0
7,aclnnMul_TransposeAiCore_Transpose,N/A,N/A,1790932512570695.856	,22.141,15.070000,0
7,aclnnMul_MulAiCore_Mul,N/A,N/A,1790932512570718.017	,6.420,0.109000,0
7,aclnnNeg_AsStridedAiCore_AsStrided,N/A,N/A,1790932512570758.377	,8.801,34.080000,0
7,aclnnNeg_NegAiCore_Neg,N/A,N/A,1790932512570767.198	,8.240,0.000000,0
7,aclnnCat_AsStridedAiCore_AsStrided,N/A,N/A,1790932512570787.838	,9.360,12.260000,0
7,aclnnCat_ConcatD_ConcatD,N/A,N/A,1790932512570797.218	,6.820,0.140000,0
7,aclnnMul_MulAiCore_Mul,N/A,N/A,1790932512570816.819	,6.060,12.680000,0
7,aclnnAdd_AddAiCore_Add,N/A,N/A,1790932512570846.019	,8.500,23.190000,0
7,aclnnInplaceCopy_AsStridedAiCore_AsStrided,N/A,N/A,1790932512570901.900	,7.220,47.500000,0
7,InnerPromptFlashAttention_PromptFlashAttention_PromptFlashAttention,N/A,N/A,1790932512571249.807	,315.407,340.530000,0
7,aclnnInplaceCopy_TransposeAiCore_Transpose,N/A,N/A,1790932512571566.394	,31.500,1.343000,0
7,aclnnMatmul_MatMulV3Common_MatMulV3,N/A,N/A,1790932512571597.914	,116.503,0.000000,0
7,aclnnAdd_AddAiCore_Add,N/A,N/A,1790932512571714.437	,11.660,0.000000,0
7,aclnnInplaceCopy_CastAiCore_Cast,N/A,N/A,1790932512571726.117	,10.040,0.000000,0
7,aclnnPowTensorScalar_PowsAiCore_Pows,N/A,N/A,1790932512571736.177	,17.320,0.210000,0
7,aclnnMean_ReduceMeanAiCore_ReduceMean,N/A,N/A,1790932512571754.677	,20.081,1.180000,0
7,aclnnAdds_AddAiCore_Add,N/A,N/A,1790932512571775.898	,1.440,1.169000,0
7,aclnnRsqrt_RsqrtAiCore_Rsqrt,N/A,N/A,1790932512571777.378	,1.300,0.060000,0
7,aclnnMul_MulAiCore_Mul,N/A,N/A,1790932512571778.698	,22.400,0.000000,0
7,aclnnInplaceCopy_CastAiCore_Cast,N/A,N/A,1790932512571801.118	,10.920,0.000000,0
7,aclnnMul_MulAiCore_Mul,N/A,N/A,1790932512571812.058	,17.561,0.080000,0
7,aclnnMatmul_MatMulCommon_MatMulV2,N/A,N/A,1790932512571861.259	,464.670,31.689000,0
7,aclnnSilu_SliceAiCore_Slice,N/A,N/A,1790932512572325.949	,18.200,0.080000,0
7,aclnnSilu_SiluAiCore_Swish,N/A,N/A,1790932512572344.169	,34.241,0.050000,0
7,aclnnMul_SliceAiCore_Slice,N/A,N/A,1790932512572378.430	,12.780,0.009000,0
7,aclnnMul_MulAiCore_Mul,N/A,N/A,1790932512572391.250	,18.920,0.000000,0
7,aclnnMatmul_MatMulV3Common_MatMulV3,N/A,N/A,1790932512572410.190	,271.346,0.080000,0
7,aclnnAdd_AddAiCore_Add,N/A,N/A,1790932512572681.556	,15.380,0.000000,0
7,aclnnInplaceCopy_CastAiCore_Cast,N/A,N/A,1790932512572696.956	,10.120,0.120000,0
7,aclnnPowTensorScalar_PowsAiCore_Pows,N/A,N/A,1790932512572707.096	,17.221,0.000000,0
7,aclnnMean_ReduceMeanAiCore_ReduceMean,N/A,N/A,1790932512572725.217	,21.240,1.029000,0
7,aclnnAdds_AddAiCore_Add,N/A,N/A,1790932512572747.637	,1.540,1.260000,0
7,aclnnRsqrt_RsqrtAiCore_Rsqrt,N/A,N/A,1790932512572749.197	,1.340,0.000000,0
7,aclnnMul_MulAiCore_Mul,N/A,N/A,1790932512572750.557	,21.301,0.000000,0
7,aclnnInplaceCopy_CastAiCore_Cast,N/A,N/A,1790932512572771.878	,10.800,0.199000,0
7,aclnnMul_MulAiCore_Mul,N/A,N/A,1790932512572782.718	,12.040,0.000000,0
7,aclnnMatmul_MatMulV3Common_MatMulV3,N/A,N/A,1790932512572794.798	,160.883,0.000000,0
7,aclnnInplaceCopy_SliceAiCore_Slice,N/A,N/A,1790932512572955.701	,11.521,0.117000,0
7,aclnnInplaceCopy_CastAiCore_Cast,N/A,N/A,1790932512572967.262	,17.500,0.000000,0
7,aclnnPowTensorScalar_PowsAiCore_Pows,N/A,N/A,1790932512572984.782	,26.120,0.000000,0
7,aclnnMean_ReduceMeanAiCore_ReduceMean,N/A,N/A,1790932512573011.982	,20.421,1.130000,0
7,aclnnAdds_AddAiCore_Add,N/A,N/A,1790932512573033.243	,5.680,0.829000,0
7,aclnnRsqrt_RsqrtAiCore_Rsqrt,N/A,N/A,1790932512573038.943	,6.660,0.070000,0
7,aclnnMul_MulAiCore_Mul,N/A,N/A,1790932512573045.623	,25.101,0.000000,0
7,aclnnInplaceCopy_CastAiCore_Cast,N/A,N/A,1790932512573070.744	,13.900,0.149000,0
7,aclnnMul_MulAiCore_Mul,N/A,N/A,1790932512573084.664	,12.280,0.100000,0
7,aclnnInplaceCopy_SliceAiCore_Slice,N/A,N/A,1790932512573096.964	,9.160,0.000000,0
7,aclnnInplaceCopy_CastAiCore_Cast,N/A,N/A,1790932512573106.164	,9.381,0.090000,0
7,aclnnPowTensorScalar_PowsAiCore_Pows,N/A,N/A,1790932512573115.565	,15.780,0.000000,0
7,aclnnMean_ReduceMeanAiCore_ReduceMean,N/A,N/A,1790932512573132.765	,13.480,1.470000,0
7,aclnnAdds_AddAiCore_Add,N/A,N/A,1790932512573147.265	,2.520,1.020000,0
7,aclnnRsqrt_RsqrtAiCore_Rsqrt,N/A,N/A,1790932512573154.805	,2.360,4.980000,0
7,aclnnMul_MulAiCore_Mul,N/A,N/A,1790932512573180.426	,15.640,23.390000,0
7,aclnnInplaceCopy_CastAiCore_Cast,N/A,N/A,1790932512573222.567	,9.320,26.360000,0
7,aclnnMul_MulAiCore_Mul,N/A,N/A,1790932512573255.207	,15.401,23.430000,0
7,aclnnMul_TransposeAiCore_Transpose,N/A,N/A,1790932512573348.969	,34.841,78.349000,0
7,aclnnMul_MulAiCore_Mul,N/A,N/A,1790932512573383.830	,14.500,0.000000,0
7,aclnnNeg_AsStridedAiCore_AsStrided,N/A,N/A,1790932512573405.730	,13.541,7.500000,0
7,aclnnNeg_NegAiCore_Neg,N/A,N/A,1790932512573419.291	,8.560,0.000000,0
7,aclnnCat_AsStridedAiCore_AsStrided,N/A,N/A,1790932512573450.491	,12.240,22.690000,0
7,aclnnCat_ConcatD_ConcatD,N/A,N/A,1790932512573462.771	,11.961,0.010000,0
7,aclnnMul_MulAiCore_Mul,N/A,N/A,1790932512573478.352	,14.020,3.539000,0
7,aclnnAdd_AddAiCore_Add,N/A,N/A,1790932512573505.592	,12.761,13.230000,0
7,aclnnMul_TransposeAiCore_Transpose,N/A,N/A,1790932512573532.593	,22.120,14.239000,0
7,aclnnMul_MulAiCore_Mul,N/A,N/A,1790932512573554.733	,6.200,0.130000,0
7,aclnnNeg_AsStridedAiCore_AsStrided,N/A,N/A,1790932512573590.394	,9.100,29.550000,0
7,aclnnNeg_NegAiCore_Neg,N/A,N/A,1790932512573599.514	,8.120,0.000000,0
7,aclnnCat_AsStridedAiCore_AsStrided,N/A,N/A,1790932512573620.615	,8.980,12.880000,0
7,aclnnCat_ConcatD_ConcatD,N/A,N/A,1790932512573629.615	,7.280,0.020000,0
7,aclnnMul_MulAiCore_Mul,N/A,N/A,1790932512573648.715	,6.300,11.970000,0
7,aclnnAdd_AddAiCore_Add,N/A,N/A,1790932512573677.716	,8.560,22.700000,0
7,aclnnInplaceCopy_AsStridedAiCore_AsStrided,N/A,N/A,1790932512573744.397	,8.120,58.190000,0
7,InnerPromptFlashAttention_PromptFlashAttention_PromptFlashAttention,N/A,N/A,1790932512574086.044	,308.746,333.380000,0
7,aclnnInplaceCopy_TransposeAiCore_Transpose,N/A,N/A,1790932512574395.690	,31.261,1.004000,0
7,aclnnMatmul_MatMulV3Common_MatMulV3,N/A,N/A,1790932512574426.971	,118.062,0.000000,0
7,aclnnAdd_AddAiCore_Add,N/A,N/A,1790932512574545.053	,11.760,0.000000,0
7,aclnnInplaceCopy_CastAiCore_Cast,N/A,N/A,1790932512574556.853	,10.081,0.000000,0
7,aclnnPowTensorScalar_PowsAiCore_Pows,N/A,N/A,1790932512574566.954	,17.540,0.169000,0
7,aclnnMean_ReduceMeanAiCore_ReduceMean,N/A,N/A,1790932512574585.694	,20.440,1.210000,0
7,aclnnAdds_AddAiCore_Add,N/A,N/A,1790932512574607.174	,1.420,1.060000,0
7,aclnnRsqrt_RsqrtAiCore_Rsqrt,N/A,N/A,1790932512574608.634	,1.420,0.080000,0
7,aclnnMul_MulAiCore_Mul,N/A,N/A,1790932512574610.094	,23.061,0.000000,0
7,aclnnInplaceCopy_CastAiCore_Cast,N/A,N/A,1790932512574633.195	,10.920,0.189000,0
7,aclnnMul_MulAiCore_Mul,N/A,N/A,1790932512574644.135	,12.120,0.080000,0
7,aclnnMatmul_MatMulCommon_MatMulV2,N/A,N/A,1790932512574694.356	,470.489,37.880000,0
7,aclnnSilu_SliceAiCore_Slice,N/A,N/A,1790932512575164.865	,16.801,0.011000,0
7,aclnnSilu_SiluAiCore_Swish,N/A,N/A,1790932512575181.686	,33.540,0.199000,0
7,aclnnMul_SliceAiCore_Slice,N/A,N/A,1790932512575215.246	,12.621,0.000000,0
7,aclnnMul_MulAiCore_Mul,N/A,N/A,1790932512575227.887	,19.040,0.129000,0
7,aclnnMatmul_MatMulV3Common_MatMulV3,N/A,N/A,1790932512575246.947	,269.845,0.000000,0
7,aclnnAdd_AddAiCore_Add,N/A,N/A,1790932512575516.812	,15.861,0.000000,0
7,aclnnInplaceCopy_CastAiCore_Cast,N/A,N/A,1790932512575532.693	,10.340,0.139000,0
7,aclnnPowTensorScalar_PowsAiCore_Pows,N/A,N/A,1790932512575543.053	,17.600,0.000000,0
7,aclnnMean_ReduceMeanAiCore_ReduceMean,N/A,N/A,1790932512575561.753	,21.021,1.150000,0
7,aclnnAdds_AddAiCore_Add,N/A,N/A,1790932512575583.594	,1.560,0.729000,0
7,aclnnRsqrt_RsqrtAiCore_Rsqrt,N/A,N/A,1790932512575585.174	,1.520,0.190000,0
7,aclnnMul_MulAiCore_Mul,N/A,N/A,1790932512575586.714	,21.540,0.000000,0
7,aclnnInplaceCopy_CastAiCore_Cast,N/A,N/A,1790932512575608.274	,10.881,0.000000,0
7,aclnnMul_MulAiCore_Mul,N/A,N/A,1790932512575619.195	,11.940,0.119000,0
7,aclnnMatmul_MatMulV3Common_MatMulV3,N/A,N/A,1790932512575631.175	,160.803,0.060000,0
7,aclnnInplaceCopy_SliceAiCore_Slice,N/A,N/A,1790932512575791.998	,11.220,0.000000,0
7,aclnnInplaceCopy_CastAiCore_Cast,N/A,N/A,1790932512575803.238	,16.301,0.030000,0
7,aclnnPowTensorScalar_PowsAiCore_Pows,N/A,N/A,1790932512575819.559	,23.740,0.000000,0
7,aclnnMean_ReduceMeanAiCore_ReduceMean,N/A,N/A,1790932512575844.699	,21.060,1.510000,0
7,aclnnAdds_AddAiCore_Add,N/A,N/A,1790932512575866.559	,5.701,0.690000,0
7,aclnnRsqrt_RsqrtAiCore_Rsqrt,N/A,N/A,1790932512575872.280	,6.700,0.049000,0
7,aclnnMul_MulAiCore_Mul,N/A,N/A,1790932512575879.000	,25.640,0.050000,0
7,aclnnInplaceCopy_CastAiCore_Cast,N/A,N/A,1790932512575904.660	,13.841,0.110000,0
7,aclnnMul_MulAiCore_Mul,N/A,N/A,1790932512575918.541	,12.380,0.000000,0
7,aclnnInplaceCopy_SliceAiCore_Slice,N/A,N/A,1790932512575930.941	,15.180,0.120000,0
7,aclnnInplaceCopy_CastAiCore_Cast,N/A,N/A,1790932512575946.161	,9.600,0.070000,0
7,aclnnPowTensorScalar_PowsAiCore_Pows,N/A,N/A,1790932512575955.781	,16.081,0.000000,0
7,aclnnMean_ReduceMeanAiCore_ReduceMean,N/A,N/A,1790932512575973.042	,13.560,1.169000,0
7,aclnnAdds_AddAiCore_Add,N/A,N/A,1790932512575987.542	,2.300,0.940000,0
7,aclnnRsqrt_RsqrtAiCore_Rsqrt,N/A,N/A,1790932512575989.862	,2.360,0.000000,0
7,aclnnMul_MulAiCore_Mul,N/A,N/A,1790932512575992.242	,15.520,0.140000,0
7,aclnnInplaceCopy_CastAiCore_Cast,N/A,N/A,1790932512576027.283	,9.360,19.480000,0
7,aclnnMul_MulAiCore_Mul,N/A,N/A,1790932512576053.563	,9.300,16.890000,0
7,aclnnMul_TransposeAiCore_Transpose,N/A,N/A,1790932512576152.745	,34.861,89.950000,0
7,aclnnMul_MulAiCore_Mul,N/A,N/A,1790932512576187.626	,14.260,0.139000,0
7,aclnnNeg_AsStridedAiCore_AsStrided,N/A,N/A,1790932512576222.227	,13.700,20.240000,0
7,aclnnNeg_NegAiCore_Neg,N/A,N/A,1790932512576235.947	,8.460,0.050000,0
7,aclnnCat_AsStridedAiCore_AsStrided,N/A,N/A,1790932512576252.327	,12.420,7.790000,0
7,aclnnCat_ConcatD_ConcatD,N/A,N/A,1790932512576264.767	,11.781,0.080000,0
7,aclnnMul_MulAiCore_Mul,N/A,N/A,1790932512576281.568	,14.380,4.969000,0
7,aclnnAdd_AddAiCore_Add,N/A,N/A,1790932512576308.488	,12.781,12.620000,0
7,aclnnMul_TransposeAiCore_Transpose,N/A,N/A,1790932512576336.289	,22.080,14.969000,0
7,aclnnMul_MulAiCore_Mul,N/A,N/A,1790932512576358.389	,6.120,0.170000,0
7,aclnnNeg_AsStridedAiCore_AsStrided,N/A,N/A,1790932512576459.151	,9.040,94.630000,0
7,aclnnNeg_NegAiCore_Neg,N/A,N/A,1790932512576468.231	,8.121,0.000000,0
7,aclnnCat_AsStridedAiCore_AsStrided,N/A,N/A,1790932512576477.472	,10.040,1.129000,0
7,aclnnCat_ConcatD_ConcatD,N/A,N/A,1790932512576487.532	,6.760,0.000000,0
7,aclnnMul_MulAiCore_Mul,N/A,N/A,1790932512576494.312	,5.540,0.000000,0
7,aclnnAdd_AddAiCore_Add,N/A,N/A,1790932512576501.272	,8.620,1.460000,0
7,aclnnInplaceCopy_AsStridedAiCore_AsStrided,N/A,N/A,1790932512576566.753	,8.481,56.880000,0
7,InnerPromptFlashAttention_PromptFlashAttention_PromptFlashAttention,N/A,N/A,1790932512576918.660	,298.926,343.519000,0
7,aclnnInplaceCopy_TransposeAiCore_Transpose,N/A,N/A,1790932512577218.526	,31.281,0.824000,0
7,aclnnMatmul_MatMulV3Common_MatMulV3,N/A,N/A,1790932512577249.847	,115.142,0.000000,0
7,aclnnAdd_AddAiCore_Add,N/A,N/A,1790932512577365.009	,11.781,0.108000,0
7,aclnnInplaceCopy_CastAiCore_Cast,N/A,N/A,1790932512577376.830	,9.960,0.000000,0
7,aclnnPowTensorScalar_PowsAiCore_Pows,N/A,N/A,1790932512577386.810	,17.400,0.040000,0
7,aclnnMean_ReduceMeanAiCore_ReduceMean,N/A,N/A,1790932512577405.590	,20.461,1.350000,0
7,aclnnAdds_AddAiCore_Add,N/A,N/A,1790932512577426.831	,1.460,0.789000,0
7,aclnnRsqrt_RsqrtAiCore_Rsqrt,N/A,N/A,1790932512577428.311	,1.640,0.040000,0
7,aclnnMul_MulAiCore_Mul,N/A,N/A,1790932512577429.971	,22.540,0.110000,0
7,aclnnInplaceCopy_CastAiCore_Cast,N/A,N/A,1790932512577452.531	,10.840,0.000000,0
7,aclnnMul_MulAiCore_Mul,N/A,N/A,1790932512577463.411	,12.041,0.160000,0
7,aclnnMatmul_MatMulCommon_MatMulV2,N/A,N/A,1790932512577524.093	,469.449,48.459000,0
7,aclnnSilu_SliceAiCore_Slice,N/A,N/A,1790932512577993.582	,17.100,0.051000,0
7,aclnnSilu_SiluAiCore_Swish,N/A,N/A,1790932512578010.702	,33.821,0.150000,0
7,aclnnMul_SliceAiCore_Slice,N/A,N/A,1790932512578044.543	,13.980,0.000000,0
7,aclnnMul_MulAiCore_Mul,N/A,N/A,1790932512578058.543	,19.241,0.020000,0
7,aclnnMatmul_MatMulV3Common_MatMulV3,N/A,N/A,1790932512578077.804	,268.645,0.009000,0
7,aclnnAdd_AddAiCore_Add,N/A,N/A,1790932512578346.469	,17.920,0.105000,0
7,aclnnInplaceCopy_CastAiCore_Cast,N/A,N/A,1790932512578364.409	,10.121,0.080000,0
7,aclnnPowTensorScalar_PowsAiCore_Pows,N/A,N/A,1790932512578374.550	,17.240,0.000000,0
7,aclnnMean_ReduceMeanAiCore_ReduceMean,N/A,N/A,1790932512578393.130	,20.960,1.510000,0
7,aclnnAdds_AddAiCore_Add,N/A,N/A,1790932512578414.990	,1.520,0.790000,0
7,aclnnRsqrt_RsqrtAiCore_Rsqrt,N/A,N/A,1790932512578416.550	,1.300,0.000000,0
7,aclnnMul_MulAiCore_Mul,N/A,N/A,1790932512578417.890	,21.841,0.200000,0
7,aclnnInplaceCopy_CastAiCore_Cast,N/A,N/A,1790932512578439.751	,11.040,0.000000,0
7,aclnnMul_MulAiCore_Mul,N/A,N/A,1790932512578450.811	,11.880,0.000000,0
7,aclnnMatmul_MatMulV3Common_MatMulV3,N/A,N/A,1790932512578462.731	,158.744,0.120000,0
7,aclnnInplaceCopy_SliceAiCore_Slice,N/A,N/A,1790932512578621.495	,11.020,0.006000,0
7,aclnnInplaceCopy_CastAiCore_Cast,N/A,N/A,1790932512578632.535	,18.560,0.000000,0
7,aclnnPowTensorScalar_PowsAiCore_Pows,N/A,N/A,1790932512578651.115	,26.221,0.000000,0
7,aclnnMean_ReduceMeanAiCore_ReduceMean,N/A,N/A,1790932512578678.476	,20.380,1.279000,0
7,aclnnAdds_AddAiCore_Add,N/A,N/A,1790932512578699.716	,5.640,0.870000,0
7,aclnnRsqrt_RsqrtAiCore_Rsqrt,N/A,N/A,1790932512578705.376	,6.600,0.110000,0
7,aclnnMul_MulAiCore_Mul,N/A,N/A,1790932512578711.996	,25.801,0.000000,0
7,aclnnInplaceCopy_CastAiCore_Cast,N/A,N/A,1790932512578737.817	,13.700,0.000000,0
7,aclnnMul_MulAiCore_Mul,N/A,N/A,1790932512578751.537	,12.200,0.050000,0
7,aclnnInplaceCopy_SliceAiCore_Slice,N/A,N/A,1790932512578763.757	,9.521,0.050000,0
7,aclnnInplaceCopy_CastAiCore_Cast,N/A,N/A,1790932512578773.298	,9.460,0.000000,0
7,aclnnPowTensorScalar_PowsAiCore_Pows,N/A,N/A,1790932512578782.778	,15.740,0.040000,0
7,aclnnMean_ReduceMeanAiCore_ReduceMean,N/A,N/A,1790932512578799.798	,13.700,1.260000,0
7,aclnnAdds_AddAiCore_Add,N/A,N/A,1790932512578814.338	,2.100,0.800000,0
7,aclnnRsqrt_RsqrtAiCore_Rsqrt,N/A,N/A,1790932512578816.458	,2.320,0.150000,0
7,aclnnMul_MulAiCore_Mul,N/A,N/A,1790932512578820.278	,15.761,1.430000,0
7,aclnnInplaceCopy_CastAiCore_Cast,N/A,N/A,1790932512578861.559	,9.420,25.489000,0
7,aclnnMul_MulAiCore_Mul,N/A,N/A,1790932512578893.680	,9.260,22.830000,0
7,aclnnMul_TransposeAiCore_Transpose,N/A,N/A,1790932512578988.202	,38.621,85.240000,0
7,aclnnMul_MulAiCore_Mul,N/A,N/A,1790932512579026.843	,14.040,0.000000,0
7,aclnnNeg_AsStridedAiCore_AsStrided,N/A,N/A,1790932512579045.283	,13.520,4.460000,0
7,aclnnNeg_NegAiCore_Neg,N/A,N/A,1790932512579058.823	,8.540,0.000000,0
7,aclnnCat_AsStridedAiCore_AsStrided,N/A,N/A,1790932512579091.204	,12.600,23.960000,0
7,aclnnCat_ConcatD_ConcatD,N/A,N/A,1790932512579103.824	,12.100,0.000000,0
7,aclnnMul_MulAiCore_Mul,N/A,N/A,1790932512579118.884	,14.181,3.150000,0
7,aclnnAdd_AddAiCore_Add,N/A,N/A,1790932512579145.245	,12.680,12.069000,0
7,aclnnMul_TransposeAiCore_Transpose,N/A,N/A,1790932512579172.006	,22.400,14.070000,0
7,aclnnMul_MulAiCore_Mul,N/A,N/A,1790932512579194.426	,6.100,0.100000,0
7,aclnnNeg_AsStridedAiCore_AsStrided,N/A,N/A,1790932512579228.827	,9.160,28.150000,0
7,aclnnNeg_NegAiCore_Neg,N/A,N/A,1790932512579238.007	,8.200,0.090000,0
7,aclnnCat_AsStridedAiCore_AsStrided,N/A,N/A,1790932512579272.028	,8.680,25.800000,0
7,aclnnCat_ConcatD_ConcatD,N/A,N/A,1790932512579280.748	,6.720,0.070000,0
7,aclnnMul_MulAiCore_Mul,N/A,N/A,1790932512579299.088	,5.820,11.530000,0
7,aclnnAdd_AddAiCore_Add,N/A,N/A,1790932512579324.829	,8.700,19.930000,0
7,aclnnInplaceCopy_AsStridedAiCore_AsStrided,N/A,N/A,1790932512579392.710	,8.100,59.300000,0
7,InnerPromptFlashAttention_PromptFlashAttention_PromptFlashAttention,N/A,N/A,1790932512579739.497	,302.206,338.650000,0
7,aclnnInplaceCopy_TransposeAiCore_Transpose,N/A,N/A,1790932512580042.683	,31.321,1.044000,0
7,aclnnMatmul_MatMulV3Common_MatMulV3,N/A,N/A,1790932512580074.024	,118.622,0.000000,0
7,aclnnAdd_AddAiCore_Add,N/A,N/A,1790932512580192.666	,11.240,0.128000,0
7,aclnnInplaceCopy_CastAiCore_Cast,N/A,N/A,1790932512580203.926	,10.060,0.010000,0
7,aclnnPowTensorScalar_PowsAiCore_Pows,N/A,N/A,1790932512580214.006	,17.321,0.000000,0
7,aclnnMean_ReduceMeanAiCore_ReduceMean,N/A,N/A,1790932512580232.467	,20.000,1.179000,0
7,aclnnAdds_AddAiCore_Add,N/A,N/A,1790932512580253.127	,1.420,0.750000,0
7,aclnnRsqrt_RsqrtAiCore_Rsqrt,N/A,N/A,1790932512580254.587	,1.380,0.000000,0
7,aclnnMul_MulAiCore_Mul,N/A,N/A,1790932512580255.987	,22.881,0.120000,0
7,aclnnInplaceCopy_CastAiCore_Cast,N/A,N/A,1790932512580278.888	,10.860,0.119000,0
7,aclnnMul_MulAiCore_Mul,N/A,N/A,1790932512580289.768	,12.300,0.000000,0
7,aclnnMatmul_MatMulCommon_MatMulV2,N/A,N/A,1790932512580350.309	,469.549,48.200000,0
7,aclnnSilu_SliceAiCore_Slice,N/A,N/A,1790932512580819.878	,17.921,0.201000,0
7,aclnnSilu_SiluAiCore_Swish,N/A,N/A,1790932512580837.839	,33.540,0.000000,0
7,aclnnMul_SliceAiCore_Slice,N/A,N/A,1790932512580871.399	,14.141,0.210000,0
7,aclnnMul_MulAiCore_Mul,N/A,N/A,1790932512580885.560	,18.840,0.000000,0
7,aclnnMatmul_MatMulV3Common_MatMulV3,N/A,N/A,1790932512580904.420	,270.526,0.160000,0
7,aclnnAdd_AddAiCore_Add,N/A,N/A,1790932512581174.966	,15.440,0.000000,0
7,aclnnInplaceCopy_CastAiCore_Cast,N/A,N/A,1790932512581190.446	,10.360,0.060000,0
7,aclnnPowTensorScalar_PowsAiCore_Pows,N/A,N/A,1790932512581200.846	,17.300,0.000000,0
7,aclnnMean_ReduceMeanAiCore_ReduceMean,N/A,N/A,1790932512581219.226	,20.761,1.200000,0
7,aclnnAdds_AddAiCore_Add,N/A,N/A,1790932512581241.087	,1.540,0.989000,0
7,aclnnRsqrt_RsqrtAiCore_Rsqrt,N/A,N/A,1790932512581242.647	,1.380,0.210000,0
7,aclnnMul_MulAiCore_Mul,N/A,N/A,1790932512581244.047	,21.040,0.000000,0
7,aclnnInplaceCopy_CastAiCore_Cast,N/A,N/A,1790932512581265.107	,11.001,0.000000,0
7,aclnnMul_MulAiCore_Mul,N/A,N/A,1790932512581276.128	,12.140,0.249000,0
7,aclnnMatmul_MatMulV3Common_MatMulV3,N/A,N/A,1790932512581288.288	,160.523,0.000000,0
7,aclnnInplaceCopy_SliceAiCore_Slice,N/A,N/A,1790932512581448.831	,11.280,0.000000,0
7,aclnnInplaceCopy_CastAiCore_Cast,N/A,N/A,1790932512581460.131	,16.081,0.220000,0
7,aclnnPowTensorScalar_PowsAiCore_Pows,N/A,N/A,1790932512581476.252	,23.740,0.000000,0
7,aclnnMean_ReduceMeanAiCore_ReduceMean,N/A,N/A,1790932512581501.292	,20.640,1.260000,0
7,aclnnAdds_AddAiCore_Add,N/A,N/A,1790932512581523.152	,5.661,1.360000,0
7,aclnnRsqrt_RsqrtAiCore_Rsqrt,N/A,N/A,1790932512581528.853	,6.580,0.000000,0
7,aclnnMul_MulAiCore_Mul,N/A,N/A,1790932512581535.453	,25.560,0.170000,0
7,aclnnInplaceCopy_CastAiCore_Cast,N/A,N/A,1790932512581561.033	,14.541,0.000000,0
7,aclnnMul_MulAiCore_Mul,N/A,N/A,1790932512581575.594	,12.400,0.000000,0
7,aclnnInplaceCopy_SliceAiCore_Slice,N/A,N/A,1790932512581588.014	,9.540,0.100000,0
7,aclnnInplaceCopy_CastAiCore_Cast,N/A,N/A,1790932512581597.574	,9.620,0.000000,0
7,aclnnPowTensorScalar_PowsAiCore_Pows,N/A,N/A,1790932512581607.214	,16.180,0.130000,0
7,aclnnMean_ReduceMeanAiCore_ReduceMean,N/A,N/A,1790932512581624.475	,13.760,1.070000,0
7,aclnnAdds_AddAiCore_Add,N/A,N/A,1790932512581638.995	,2.180,0.740000,0
7,aclnnRsqrt_RsqrtAiCore_Rsqrt,N/A,N/A,1790932512581641.195	,2.880,0.070000,0
7,aclnnMul_MulAiCore_Mul,N/A,N/A,1790932512581649.595	,15.360,5.370000,0
7,aclnnInplaceCopy_CastAiCore_Cast,N/A,N/A,1790932512581708.276	,9.340,43.390000,0
7,aclnnMul_MulAiCore_Mul,N/A,N/A,1790932512581723.296	,9.201,5.660000,0
7,aclnnMul_TransposeAiCore_Transpose,N/A,N/A,1790932512581828.059	,38.720,95.549000,0
7,aclnnMul_MulAiCore_Mul,N/A,N/A,1790932512581866.819	,14.341,0.030000,0
7,aclnnNeg_AsStridedAiCore_AsStrided,N/A,N/A,1790932512581895.980	,13.420,14.909000,0
7,aclnnNeg_NegAiCore_Neg,N/A,N/A,1790932512581909.420	,8.380,0.080000,0
7,aclnnCat_AsStridedAiCore_AsStrided,N/A,N/A,1790932512581926.321	,12.480,8.370000,0
7,aclnnCat_ConcatD_ConcatD,N/A,N/A,1790932512581938.821	,11.280,0.020000,0
7,aclnnMul_MulAiCore_Mul,N/A,N/A,1790932512581955.721	,14.260,5.720000,0
7,aclnnAdd_AddAiCore_Add,N/A,N/A,1790932512581983.222	,16.040,13.240000,0
7,aclnnMul_TransposeAiCore_Transpose,N/A,N/A,1790932512582012.462	,27.241,13.210000,0
7,aclnnMul_MulAiCore_Mul,N/A,N/A,1790932512582039.723	,6.280,0.009000,0
7,aclnnNeg_AsStridedAiCore_AsStrided,N/A,N/A,1790932512582069.083	,9.161,22.970000,0
7,aclnnNeg_NegAiCore_Neg,N/A,N/A,1790932512582079.204	,8.180,1.089000,0
7,aclnnCat_AsStridedAiCore_AsStrided,N/A,N/A,1790932512582110.524	,9.220,23.070000,0
7,aclnnCat_ConcatD_ConcatD,N/A,N/A,1790932512582119.764	,6.581,0.030000,0
7,aclnnMul_MulAiCore_Mul,N/A,N/A,1790932512582127.105	,6.480,0.669000,0
7,aclnnAdd_AddAiCore_Add,N/A,N/A,1790932512582153.165	,8.520,19.770000,0
7,aclnnInplaceCopy_AsStridedAiCore_AsStrided,N/A,N/A,1790932512582223.686	,8.201,61.980000,0
7,InnerPromptFlashAttention_PromptFlashAttention_PromptFlashAttention,N/A,N/A,1790932512582568.973	,305.786,337.049000,0
7,aclnnInplaceCopy_TransposeAiCore_Transpose,N/A,N/A,1790932512582875.420	,31.760,0.714000,0
7,aclnnMatmul_MatMulV3Common_MatMulV3,N/A,N/A,1790932512582907.200	,116.942,0.000000,0
7,aclnnAdd_AddAiCore_Add,N/A,N/A,1790932512583024.162	,11.621,0.058000,0
7,aclnnInplaceCopy_CastAiCore_Cast,N/A,N/A,1790932512583035.803	,9.940,0.000000,0
7,aclnnPowTensorScalar_PowsAiCore_Pows,N/A,N/A,1790932512583045.763	,17.460,0.060000,0
7,aclnnMean_ReduceMeanAiCore_ReduceMean,N/A,N/A,1790932512583064.263	,20.301,1.040000,0
7,aclnnAdds_AddAiCore_Add,N/A,N/A,1790932512583085.504	,1.660,0.949000,0
7,aclnnRsqrt_RsqrtAiCore_Rsqrt,N/A,N/A,1790932512583087.184	,1.340,0.090000,0
7,aclnnMul_MulAiCore_Mul,N/A,N/A,1790932512583088.544	,22.420,0.000000,0
7,aclnnInplaceCopy_CastAiCore_Cast,N/A,N/A,1790932512583110.984	,10.880,0.080000,0
7,aclnnMul_MulAiCore_Mul,N/A,N/A,1790932512583121.884	,11.981,0.120000,0
7,aclnnMatmul_MatMulCommon_MatMulV2,N/A,N/A,1790932512583183.206	,467.269,49.269000,0
7,aclnnSilu_SliceAiCore_Slice,N/A,N/A,1790932512583650.495	,17.240,0.000000,0
7,aclnnSilu_SiluAiCore_Swish,N/A,N/A,1790932512583667.755	,34.261,0.010000,0
7,aclnnMul_SliceAiCore_Slice,N/A,N/A,1790932512583702.056	,12.800,0.000000,0
7,aclnnMul_MulAiCore_Mul,N/A,N/A,1790932512583714.876	,19.001,0.200000,0
7,aclnnMatmul_MatMulV3Common_MatMulV3,N/A,N/A,1790932512583733.897	,268.785,0.000000,0
7,aclnnAdd_AddAiCore_Add,N/A,N/A,1790932512584002.702	,15.700,0.000000,0
7,aclnnInplaceCopy_CastAiCore_Cast,N/A,N/A,1790932512584018.422	,10.161,0.050000,0
7,aclnnPowTensorScalar_PowsAiCore_Pows,N/A,N/A,1790932512584028.603	,17.620,0.000000,0
7,aclnnMean_ReduceMeanAiCore_ReduceMean,N/A,N/A,1790932512584047.503	,20.820,1.380000,0
7,aclnnAdds_AddAiCore_Add,N/A,N/A,1790932512584069.403	,1.620,1.180000,0
7,aclnnRsqrt_RsqrtAiCore_Rsqrt,N/A,N/A,1790932512584071.043	,1.380,0.000000,0
7,aclnnMul_MulAiCore_Mul,N/A,N/A,1790932512584072.443	,21.081,0.120000,0
7,aclnnInplaceCopy_CastAiCore_Cast,N/A,N/A,1790932512584093.544	,11.080,0.000000,0
7,aclnnMul_MulAiCore_Mul,N/A,N/A,1790932512584104.644	,12.340,0.170000,0
7,aclnnMatmul_MatMulV3Common_MatMulV3,N/A,N/A,1790932512584117.004	,158.883,0.000000,0
7,aclnnInplaceCopy_SliceAiCore_Slice,N/A,N/A,1790932512584275.907	,11.021,0.117000,0
7,aclnnInplaceCopy_CastAiCore_Cast,N/A,N/A,1790932512584286.948	,18.500,0.000000,0
7,aclnnPowTensorScalar_PowsAiCore_Pows,N/A,N/A,1790932512584305.468	,26.021,0.000000,0
7,aclnnMean_ReduceMeanAiCore_ReduceMean,N/A,N/A,1790932512584332.889	,20.540,1.479000,0
7,aclnnAdds_AddAiCore_Add,N/A,N/A,1790932512584354.109	,5.700,0.460000,0
7,aclnnRsqrt_RsqrtAiCore_Rsqrt,N/A,N/A,1790932512584359.829	,6.600,0.050000,0
7,aclnnMul_MulAiCore_Mul,N/A,N/A,1790932512584366.449	,25.561,0.150000,0
7,aclnnInplaceCopy_CastAiCore_Cast,N/A,N/A,1790932512584392.030	,16.740,0.000000,0
7,aclnnMul_MulAiCore_Mul,N/A,N/A,1790932512584408.810	,12.500,0.010000,0
7,aclnnInplaceCopy_SliceAiCore_Slice,N/A,N/A,1790932512584421.330	,9.421,0.000000,0
7,aclnnInplaceCopy_CastAiCore_Cast,N/A,N/A,1790932512584430.771	,9.420,0.079000,0
7,aclnnPowTensorScalar_PowsAiCore_Pows,N/A,N/A,1790932512584440.231	,16.220,0.080000,0
7,aclnnMean_ReduceMeanAiCore_ReduceMean,N/A,N/A,1790932512584457.831	,13.540,1.280000,0
7,aclnnAdds_AddAiCore_Add,N/A,N/A,1790932512584472.351	,2.260,0.960000,0
7,aclnnRsqrt_RsqrtAiCore_Rsqrt,N/A,N/A,1790932512584474.631	,2.321,0.240000,0
7,aclnnMul_MulAiCore_Mul,N/A,N/A,1790932512584486.512	,15.960,9.429000,0
7,aclnnInplaceCopy_CastAiCore_Cast,N/A,N/A,1790932512584550.213	,9.280,47.790000,0
7,aclnnMul_MulAiCore_Mul,N/A,N/A,1790932512584576.593	,9.241,16.970000,0
7,aclnnMul_TransposeAiCore_Transpose,N/A,N/A,1790932512584672.875	,38.261,87.259000,0
7,aclnnMul_MulAiCore_Mul,N/A,N/A,1790932512584711.156	,14.620,0.000000,0
7,aclnnNeg_AsStridedAiCore_AsStrided,N/A,N/A,1790932512584729.837	,13.200,3.880000,0
7,aclnnNeg_NegAiCore_Neg,N/A,N/A,1790932512584743.057	,8.540,0.050000,0
7,aclnnCat_AsStridedAiCore_AsStrided,N/A,N/A,1790932512584773.717	,12.561,22.210000,0
7,aclnnCat_ConcatD_ConcatD,N/A,N/A,1790932512584786.298	,12.160,0.000000,0
7,aclnnMul_MulAiCore_Mul,N/A,N/A,1790932512584800.858	,14.560,2.340000,0
7,aclnnAdd_AddAiCore_Add,N/A,N/A,1790932512584815.438	,12.861,0.190000,0
7,aclnnMul_TransposeAiCore_Transpose,N/A,N/A,1790932512584852.919	,27.141,24.639000,0
7,aclnnMul_MulAiCore_Mul,N/A,N/A,1790932512584880.080	,6.180,0.000000,0
7,aclnnNeg_AsStridedAiCore_AsStrided,N/A,N/A,1790932512584909.720	,9.300,23.570000,0
7,aclnnNeg_NegAiCore_Neg,N/A,N/A,1790932512584919.040	,8.281,0.000000,0
7,aclnnCat_AsStridedAiCore_AsStrided,N/A,N/A,1790932512584949.501	,8.880,22.219000,0
7,aclnnCat_ConcatD_ConcatD,N/A,N/A,1790932512584958.401	,6.720,0.120000,0
7,aclnnMul_MulAiCore_Mul,N/A,N/A,1790932512584976.141	,6.441,11.030000,0
7,aclnnAdd_AddAiCore_Add,N/A,N/A,1790932512584992.002	,8.620,9.309000,0
7,aclnnInplaceCopy_AsStridedAiCore_AsStrided,N/A,N/A,1790932512585063.483	,7.920,62.880000,0
7,InnerPromptFlashAttention_PromptFlashAttention_PromptFlashAttention,N/A,N/A,1790932512585408.550	,302.406,337.080000,0
7,aclnnInplaceCopy_TransposeAiCore_Transpose,N/A,N/A,1790932512585712.096	,31.441,1.094000,0
7,aclnnMatmul_MatMulV3Common_MatMulV3,N/A,N/A,1790932512585743.557	,117.542,0.059000,0
7,aclnnAdd_AddAiCore_Add,N/A,N/A,1790932512585861.139	,11.280,0.208000,0
7,aclnnInplaceCopy_CastAiCore_Cast,N/A,N/A,1790932512585872.439	,10.081,0.000000,0
7,aclnnPowTensorScalar_PowsAiCore_Pows,N/A,N/A,1790932512585882.560	,17.640,0.000000,0
7,aclnnMean_ReduceMeanAiCore_ReduceMean,N/A,N/A,1790932512585901.500	,20.340,1.360000,0
7,aclnnAdds_AddAiCore_Add,N/A,N/A,1790932512585922.700	,1.500,0.910000,0
7,aclnnRsqrt_RsqrtAiCore_Rsqrt,N/A,N/A,1790932512585924.220	,1.380,0.000000,0
7,aclnnMul_MulAiCore_Mul,N/A,N/A,1790932512585925.620	,22.281,0.000000,0
7,aclnnInplaceCopy_CastAiCore_Cast,N/A,N/A,1790932512585947.921	,10.800,0.219000,0
7,aclnnMul_MulAiCore_Mul,N/A,N/A,1790932512585958.761	,12.220,0.000000,0
7,aclnnMatmul_MatMulCommon_MatMulV2,N/A,N/A,1790932512586013.302	,470.270,42.280000,0
7,aclnnSilu_SliceAiCore_Slice,N/A,N/A,1790932512586483.592	,18.940,0.000000,0
7,aclnnSilu_SiluAiCore_Swish,N/A,N/A,1790932512586502.552	,33.981,0.060000,0
7,aclnnMul_SliceAiCore_Slice,N/A,N/A,1790932512586536.553	,12.360,0.019000,0
7,aclnnMul_MulAiCore_Mul,N/A,N/A,1790932512586548.933	,19.060,0.140000,0
7,aclnnMatmul_MatMulV3Common_MatMulV3,N/A,N/A,1790932512586568.013	,271.046,0.000000,0
7,aclnnAdd_AddAiCore_Add,N/A,N/A,1790932512586839.079	,15.880,0.000000,0
7,aclnnInplaceCopy_CastAiCore_Cast,N/A,N/A,1790932512586854.999	,10.280,0.120000,0
7,aclnnPowTensorScalar_PowsAiCore_Pows,N/A,N/A,1790932512586865.299	,17.621,0.000000,0
7,aclnnMean_ReduceMeanAiCore_ReduceMean,N/A,N/A,1790932512586884.120	,21.060,1.129000,0
7,aclnnAdds_AddAiCore_Add,N/A,N/A,1790932512586905.960	,1.620,0.940000,0
7,aclnnRsqrt_RsqrtAiCore_Rsqrt,N/A,N/A,1790932512586907.600	,1.400,0.000000,0
7,aclnnMul_MulAiCore_Mul,N/A,N/A,1790932512586909.020	,21.401,0.100000,0
7,aclnnInplaceCopy_CastAiCore_Cast,N/A,N/A,1790932512586930.441	,10.840,0.099000,0
7,aclnnMul_MulAiCore_Mul,N/A,N/A,1790932512586941.321	,11.900,0.000000,0
7,aclnnAddmm_MatMulCommon_MatMulV2,N/A,N/A,1790932512587200.366	,90.522,247.100000,0
7,aclnnLinalgVectorNorm_LpNormV2_LpNormV2,N/A,N/A,1790932512587303.948	,23.580,13.228000,0
7,aclnnDiv_RealDivAiCore_RealDiv,N/A,N/A,1790932512587332.189	,30.180,4.670000,0
7,aclnnMul_CastAiCore_Cast,N/A,N/A,1790932512587375.249	,5.821,12.820000,0
7,aclnnMul_MulAiCore_Mul,N/A,N/A,1790932512587385.290	,18.560,4.179000,0
7,aclnnEqScalar_EqualAiCore_Equal,N/A,N/A,1790932512757261.924	,2.660,169858.190000,0
7,aclnnAll_ReduceAll_ReduceAll,N/A,N/A,1790932512757291.704	,2.860,27.090000,0
7,aclnnEqScalar_EqualAiCore_Equal,N/A,N/A,1790932512757479.468	,2.080,184.890000,0
7,aclnnAny_ReduceAny_ReduceAny,N/A,N/A,1790932512757521.069	,3.480,39.420000,0
7,aclnnEqScalar_EqualAiCore_Equal,N/A,N/A,1790932512757731.793	,2.020,207.270000,0
7,aclnnReduceSum_CastAiCore_Cast,N/A,N/A,1790932512757771.474	,1.340,37.730000,0
7,aclnnReduceSum_ReduceSumOpAiCore_ReduceSum,N/A,N/A,1790932512757774.814	,6.140,1.910000,0
7,aclnnReduceSum_CastAiCore_Cast,N/A,N/A,1790932512757784.734	,1.100,3.860000,0
7,aclnnInplaceCopy_CastAiCore_Cast,N/A,N/A,1790932512758013.719	,63.301,227.900000,0
7,aclnnAddmm_MatMulCommon_MatMulV2,N/A,N/A,1790932512758103.481	,60.181,26.449000,0
7,aclnnEmbedding_GatherV2AiCore_GatherV2,N/A,N/A,1790932512768867.556	,23.460,10703.819000,0
7,aclnnMul_MulAiCore_Mul,N/A,N/A,1790932512768923.637	,27.680,32.790000,0
7,aclnnAdd_AddAiCore_Add,N/A,N/A,1790932512768996.658	,11.960,45.320000,0
7,aclnnAdd_AddAiCore_Add,N/A,N/A,1790932512769024.799	,7.140,16.040000,0
7,aclnnAdd_AddAiCore_Add,N/A,N/A,1790932512769064.920	,7.160,33.110000,0
7,aclnnRepeat_TileAiCore_Tile,N/A,N/A,1790932512769163.422	,9.560,91.340000,0
7,aclnnInplaceCopy_TransposeAiCore_Transpose,N/A,N/A,1790932512769255.383	,15.381,82.440000,0
7,aclnnCat_TensorMoveAiCore_TensorMove,N/A,N/A,1790932512769311.104	,12.601,40.119000,0
7,aclnnArange_ArangeAiCore_Range,N/A,N/A,1790932512769699.072	,8.900,375.399000,0
7,aclnnMul_MulAiCore_Mul,N/A,N/A,1790932512769751.533	,10.441,43.600000,0
7,aclnnIndex_IndexAiCore_Index,N/A,N/A,1790932512769959.957	,105.143,198.059000,0
7,aclnnCat_ConcatD_ConcatD,N/A,N/A,1790932512770065.120	,5.040,0.000000,0
7,aclnnCos_CosAiCore_Cos,N/A,N/A,1790932512770070.180	,11.800,0.210000,0
7,aclnnSin_SinAiCore_Sin,N/A,N/A,1790932512770082.000	,11.620,0.000000,0
7,aclnnAdd_AddAiCore_Add,N/A,N/A,1790932512770963.958	,11.920,870.380000,0
7,aclnnInplaceZero_ZerosLikeAiCore_ZerosLike,N/A,N/A,1790932512771040.979	,22.421,65.080000,0
7,aclnnInplaceCopy_CastAiCore_Cast,N/A,N/A,1790932512773548.969	,11.840,2485.579000,0
7,aclnnMean_ReduceMeanAiCore_ReduceMean,N/A,N/A,1790932512773603.370	,23.981,42.410000,0
7,aclnnSub_SubAiCore_Sub,N/A,N/A,1790932512773632.111	,27.440,4.769000,0
7,aclnnPowTensorScalar_PowsAiCore_Pows,N/A,N/A,1790932512773689.372	,19.680,29.810000,0
7,aclnnMean_ReduceMeanAiCore_ReduceMean,N/A,N/A,1790932512773718.893	,22.420,10.070000,0
7,aclnnAdds_AddAiCore_Add,N/A,N/A,1790932512773770.734	,1.780,29.330000,0
7,aclnnRsqrt_RsqrtAiCore_Rsqrt,N/A,N/A,1790932512773802.814	,1.740,30.220000,0
7,aclnnMul_MulAiCore_Mul,N/A,N/A,1790932512773828.375	,26.280,24.010000,0
7,aclnnInplaceCopy_CastAiCore_Cast,N/A,N/A,1790932512773887.196	,12.460,32.470000,0
7,aclnnMul_MulAiCore_Mul,N/A,N/A,1790932512773915.496	,13.961,15.790000,0
7,aclnnAdd_AddAiCore_Add,N/A,N/A,1790932512773953.337	,14.481,23.789000,0
7,aclnnAddmm_MatMulV3Common_MatMulV3,N/A,N/A,1790932512774056.339	,104.962,88.519000,0
7,aclnnInplaceCopy_SliceAiCore_Slice,N/A,N/A,1790932512774189.722	,11.240,28.538000,0
7,aclnnInplaceCopy_CastAiCore_Cast,N/A,N/A,1790932512774200.982	,12.280,0.010000,0
7,aclnnMul_MulAiCore_Mul,N/A,N/A,1790932512774217.883	,30.960,4.720000,0
7,aclnnInplaceCopy_SliceAiCore_Slice,N/A,N/A,1790932512774248.863	,8.700,0.000000,0
7,aclnnInplaceCopy_CastAiCore_Cast,N/A,N/A,1790932512774257.583	,7.520,0.050000,0
7,aclnnNeg_SliceAiCore_Slice,N/A,N/A,1790932512774342.925	,19.160,77.980000,0
7,aclnnNeg_NegAiCore_Neg,N/A,N/A,1790932512774362.105	,10.101,0.000000,0
7,aclnnCat_SliceAiCore_Slice,N/A,N/A,1790932512774372.326	,14.320,0.149000,0
7,aclnnCat_ConcatD_ConcatD,N/A,N/A,1790932512774386.666	,19.620,0.180000,0
7,aclnnMul_MulAiCore_Mul,N/A,N/A,1790932512774411.146	,23.061,4.880000,0
7,aclnnAdd_AddAiCore_Add,N/A,N/A,1790932512774437.687	,16.880,3.439000,0
7,aclnnInplaceCopy_CastAiCore_Cast,N/A,N/A,1790932512774491.208	,13.840,36.620000,0
7,aclnnInplaceCopy_SliceAiCore_Slice,N/A,N/A,1790932512774530.609	,11.060,25.410000,0
7,aclnnInplaceCopy_CastAiCore_Cast,N/A,N/A,1790932512774541.689	,11.740,0.190000,0
7,aclnnMul_MulAiCore_Mul,N/A,N/A,1790932512774555.889	,22.401,2.510000,0
7,aclnnInplaceCopy_SliceAiCore_Slice,N/A,N/A,1790932512774592.510	,9.040,14.099000,0
7,aclnnInplaceCopy_CastAiCore_Cast,N/A,N/A,1790932512774601.570	,7.400,0.000000,0
7,aclnnNeg_SliceAiCore_Slice,N/A,N/A,1790932512774660.131	,15.541,51.350000,0
7,aclnnNeg_NegAiCore_Neg,N/A,N/A,1790932512774675.692	,10.140,0.000000,0
7,aclnnCat_SliceAiCore_Slice,N/A,N/A,1790932512774690.732	,13.840,4.860000,0
7,aclnnCat_ConcatD_ConcatD,N/A,N/A,1790932512774704.592	,11.680,0.000000,0
7,aclnnMul_MulAiCore_Mul,N/A,N/A,1790932512774719.973	,23.440,3.820000,0
7,aclnnAdd_AddAiCore_Add,N/A,N/A,1790932512774747.533	,17.120,4.060000,0
7,aclnnInplaceCopy_CastAiCore_Cast,N/A,N/A,1790932512774789.574	,12.480,24.880000,0
7,aclnnInplaceCopy_TransposeAiCore_Transpose,N/A,N/A,1790932512774937.317	,27.720,135.270000,0
7,aclnnInplaceCopy_TransposeAiCore_Transpose,N/A,N/A,1790932512774965.497	,18.741,0.530000,0
7,aclnnInplaceCopy_AsStridedAiCore_AsStrided,N/A,N/A,1790932512774991.978	,18.920,7.759000,0
7,InnerPromptFlashAttention_PromptFlashAttention_PromptFlashAttention,N/A,N/A,1790932512775712.172	,1308.647,701.330000,0
7,aclnnInplaceCopy_TransposeAiCore_Transpose,N/A,N/A,1790932512777021.699	,29.580,0.853000,0
7,aclnnAddmm_MatMulCommon_MatMulV2,N/A,N/A,1790932512777051.319	,43.501,0.000000,0
7,aclnnAdd_AddAiCore_Add,N/A,N/A,1790932512777094.840	,23.060,0.000000,0
7,aclnnInplaceCopy_CastAiCore_Cast,N/A,N/A,1790932512777117.920	,11.941,0.190000,0
7,aclnnMean_ReduceMeanAiCore_ReduceMean,N/A,N/A,1790932512777131.261	,23.720,1.309000,0
7,aclnnSub_SubAiCore_Sub,N/A,N/A,1790932512777156.141	,27.261,1.280000,0
7,aclnnPowTensorScalar_PowsAiCore_Pows,N/A,N/A,1790932512777183.442	,26.960,0.000000,0
7,aclnnMean_ReduceMeanAiCore_ReduceMean,N/A,N/A,1790932512777211.622	,22.681,1.040000,0
7,aclnnAdds_AddAiCore_Add,N/A,N/A,1790932512777235.323	,1.760,1.069000,0
7,aclnnRsqrt_RsqrtAiCore_Rsqrt,N/A,N/A,1790932512777237.103	,1.820,0.000000,0
7,aclnnMul_MulAiCore_Mul,N/A,N/A,1790932512777238.943	,27.100,0.180000,0
7,aclnnInplaceCopy_CastAiCore_Cast,N/A,N/A,1790932512777266.063	,12.521,0.000000,0
7,aclnnMul_MulAiCore_Mul,N/A,N/A,1790932512777278.604	,14.080,0.000000,0
7,aclnnAdd_AddAiCore_Add,N/A,N/A,1790932512777292.704	,13.860,0.170000,0
7,aclnnAddmm_MatMulV3Common_MatMulV3,N/A,N/A,1790932512777306.604	,142.883,0.000000,0
7,aclnnGeluV2_GeluV2_GeluV2,N/A,N/A,1790932512777449.507	,77.322,0.117000,0
7,aclnnAddmm_MatMulV3Common_MatMulV3,N/A,N/A,1790932512777526.989	,146.783,0.178000,0
7,aclnnAdd_AddAiCore_Add,N/A,N/A,1790932512777673.792	,12.780,0.000000,0
7,aclnnInplaceCopy_CastAiCore_Cast,N/A,N/A,1790932512777686.592	,11.720,0.000000,0
7,aclnnMean_ReduceMeanAiCore_ReduceMean,N/A,N/A,1790932512777699.752	,23.461,1.530000,0
7,aclnnSub_SubAiCore_Sub,N/A,N/A,1790932512777724.033	,27.340,0.789000,0
7,aclnnPowTensorScalar_PowsAiCore_Pows,N/A,N/A,1790932512777751.393	,21.801,0.160000,0
7,aclnnMean_ReduceMeanAiCore_ReduceMean,N/A,N/A,1790932512777774.154	,22.420,0.949000,0
7,aclnnAdds_AddAiCore_Add,N/A,N/A,1790932512777797.814	,1.680,1.080000,0
7,aclnnRsqrt_RsqrtAiCore_Rsqrt,N/A,N/A,1790932512777799.534	,1.580,0.070000,0
7,aclnnMul_MulAiCore_Mul,N/A,N/A,1790932512777801.134	,26.281,0.170000,0
7,aclnnInplaceCopy_CastAiCore_Cast,N/A,N/A,1790932512777827.435	,13.240,0.000000,0
7,aclnnMul_MulAiCore_Mul,N/A,N/A,1790932512777840.695	,13.880,0.010000,0
7,aclnnAdd_AddAiCore_Add,N/A,N/A,1790932512777854.615	,13.600,0.000000,0
7,aclnnAddmm_MatMulV3Common_MatMulV3,N/A,N/A,1790932512777868.235	,108.083,0.150000,0
7,aclnnInplaceCopy_SliceAiCore_Slice,N/A,N/A,1790932512777976.358	,11.140,0.000000,0
7,aclnnInplaceCopy_CastAiCore_Cast,N/A,N/A,1790932512777987.518	,11.660,0.110000,0
7,aclnnMul_MulAiCore_Mul,N/A,N/A,1790932512777999.198	,31.801,0.090000,0
7,aclnnInplaceCopy_SliceAiCore_Slice,N/A,N/A,1790932512778031.019	,8.660,0.000000,0
7,aclnnInplaceCopy_CastAiCore_Cast,N/A,N/A,1790932512778039.699	,7.480,0.090000,0
7,aclnnNeg_SliceAiCore_Slice,N/A,N/A,1790932512778047.219	,19.520,0.020000,0
7,aclnnNeg_NegAiCore_Neg,N/A,N/A,1790932512778066.779	,10.121,0.000000,0
7,aclnnCat_SliceAiCore_Slice,N/A,N/A,1790932512778076.920	,13.580,0.129000,0
7,aclnnCat_ConcatD_ConcatD,N/A,N/A,1790932512778090.520	,21.960,0.000000,0
7,aclnnMul_MulAiCore_Mul,N/A,N/A,1790932512778112.500	,23.381,0.040000,0
7,aclnnAdd_AddAiCore_Add,N/A,N/A,1790932512778135.921	,17.120,0.119000,0
7,aclnnInplaceCopy_CastAiCore_Cast,N/A,N/A,1790932512778153.061	,12.640,0.000000,0
7,aclnnInplaceCopy_SliceAiCore_Slice,N/A,N/A,1790932512778165.741	,10.401,0.110000,0
7,aclnnInplaceCopy_CastAiCore_Cast,N/A,N/A,1790932512778176.182	,11.900,0.099000,0
7,aclnnMul_MulAiCore_Mul,N/A,N/A,1790932512778188.122	,21.620,0.000000,0
7,aclnnInplaceCopy_SliceAiCore_Slice,N/A,N/A,1790932512778209.782	,7.880,0.130000,0
7,aclnnInplaceCopy_CastAiCore_Cast,N/A,N/A,1790932512778217.682	,7.321,0.120000,0
7,aclnnNeg_SliceAiCore_Slice,N/A,N/A,1790932512778225.023	,15.620,0.000000,0
7,aclnnNeg_NegAiCore_Neg,N/A,N/A,1790932512778240.663	,10.060,0.130000,0
7,aclnnCat_SliceAiCore_Slice,N/A,N/A,1790932512778250.743	,13.180,0.000000,0
7,aclnnCat_ConcatD_ConcatD,N/A,N/A,1790932512778263.943	,11.421,0.070000,0
7,aclnnMul_MulAiCore_Mul,N/A,N/A,1790932512778275.384	,24.100,0.079000,0
7,aclnnAdd_AddAiCore_Add,N/A,N/A,1790932512778299.524	,16.900,0.000000,0
7,aclnnInplaceCopy_CastAiCore_Cast,N/A,N/A,1790932512778316.464	,12.341,0.100000,0
7,aclnnInplaceCopy_TransposeAiCore_Transpose,N/A,N/A,1790932512778328.825	,26.160,0.000000,0
7,aclnnInplaceCopy_TransposeAiCore_Transpose,N/A,N/A,1790932512778355.005	,18.541,0.090000,0
7,aclnnInplaceCopy_AsStridedAiCore_AsStrided,N/A,N/A,1790932512778373.566	,19.040,0.000000,0
7,InnerPromptFlashAttention_PromptFlashAttention_PromptFlashAttention,N/A,N/A,1790932512778393.626	,1306.226,1.210000,0
7,aclnnInplaceCopy_TransposeAiCore_Transpose,N/A,N/A,1790932512779700.812	,24.801,0.774000,0
7,aclnnAddmm_MatMulCommon_MatMulV2,N/A,N/A,1790932512779725.653	,43.580,0.199000,0
7,aclnnAdd_AddAiCore_Add,N/A,N/A,1790932512779769.253	,12.361,0.000000,0
7,aclnnInplaceCopy_CastAiCore_Cast,N/A,N/A,1790932512779781.634	,11.780,0.139000,0
7,aclnnMean_ReduceMeanAiCore_ReduceMean,N/A,N/A,1790932512779794.854	,24.360,1.220000,0
7,aclnnSub_SubAiCore_Sub,N/A,N/A,1790932512779820.334	,26.661,1.140000,0
7,aclnnPowTensorScalar_PowsAiCore_Pows,N/A,N/A,1790932512779847.015	,25.000,0.089000,0
7,aclnnMean_ReduceMeanAiCore_ReduceMean,N/A,N/A,1790932512779873.396	,22.800,1.500000,0
7,aclnnAdds_AddAiCore_Add,N/A,N/A,1790932512779897.056	,1.800,0.700000,0
7,aclnnRsqrt_RsqrtAiCore_Rsqrt,N/A,N/A,1790932512779898.876	,1.920,0.200000,0
7,aclnnMul_MulAiCore_Mul,N/A,N/A,1790932512779900.816	,26.661,0.000000,0
7,aclnnInplaceCopy_CastAiCore_Cast,N/A,N/A,1790932512779927.517	,12.260,0.089000,0
7,aclnnMul_MulAiCore_Mul,N/A,N/A,1790932512779939.797	,14.060,0.000000,0
7,aclnnAdd_AddAiCore_Add,N/A,N/A,1790932512779953.877	,13.480,0.190000,0
7,aclnnAddmm_MatMulV3Common_MatMulV3,N/A,N/A,1790932512779967.377	,143.083,0.020000,0
7,aclnnGeluV2_GeluV2_GeluV2,N/A,N/A,1790932512780110.480	,77.302,0.000000,0
7,aclnnAddmm_MatMulV3Common_MatMulV3,N/A,N/A,1790932512780187.942	,141.663,0.198000,0
7,aclnnAdd_AddAiCore_Add,N/A,N/A,1790932512780329.625	,12.920,0.000000,0
7,aclnnInplaceCopy_CastAiCore_Cast,N/A,N/A,1790932512780342.565	,12.100,0.080000,0
7,aclnnMean_ReduceMeanAiCore_ReduceMean,N/A,N/A,1790932512780356.125	,23.181,1.400000,0
7,aclnnSub_SubAiCore_Sub,N/A,N/A,1790932512780380.386	,25.940,1.319000,0
7,aclnnPowTensorScalar_PowsAiCore_Pows,N/A,N/A,1790932512780406.346	,24.501,0.000000,0
7,aclnnMean_ReduceMeanAiCore_ReduceMean,N/A,N/A,1790932512780432.247	,23.520,1.499000,0
7,aclnnAdds_AddAiCore_Add,N/A,N/A,1790932512780456.547	,1.880,0.730000,0
7,aclnnRsqrt_RsqrtAiCore_Rsqrt,N/A,N/A,1790932512780458.447	,1.520,0.120000,0
7,aclnnMul_MulAiCore_Mul,N/A,N/A,1790932512780460.007	,26.081,0.000000,0
7,aclnnInplaceCopy_CastAiCore_Cast,N/A,N/A,1790932512780486.108	,13.960,0.000000,0
7,aclnnMul_MulAiCore_Mul,N/A,N/A,1790932512780500.088	,13.760,0.040000,0
7,aclnnAdd_AddAiCore_Add,N/A,N/A,1790932512780513.868	,18.261,0.000000,0
7,aclnnAddmm_MatMulV3Common_MatMulV3,N/A,N/A,1790932512780532.149	,106.582,0.239000,0
7,aclnnInplaceCopy_SliceAiCore_Slice,N/A,N/A,1790932512780638.751	,11.220,0.000000,0
7,aclnnInplaceCopy_CastAiCore_Cast,N/A,N/A,1790932512780649.991	,11.680,0.030000,0
7,aclnnMul_MulAiCore_Mul,N/A,N/A,1790932512780661.711	,31.121,0.070000,0
7,aclnnInplaceCopy_SliceAiCore_Slice,N/A,N/A,1790932512780692.852	,9.520,0.000000,0
7,aclnnInplaceCopy_CastAiCore_Cast,N/A,N/A,1790932512780702.392	,7.960,0.230000,0
7,aclnnNeg_SliceAiCore_Slice,N/A,N/A,1790932512780710.372	,19.461,0.000000,0
7,aclnnNeg_NegAiCore_Neg,N/A,N/A,1790932512780729.853	,10.180,0.039000,0
7,aclnnCat_SliceAiCore_Slice,N/A,N/A,1790932512780740.053	,14.640,0.070000,0
7,aclnnCat_ConcatD_ConcatD,N/A,N/A,1790932512780754.713	,22.521,0.110000,0
7,aclnnMul_MulAiCore_Mul,N/A,N/A,1790932512780777.274	,23.480,0.000000,0
7,aclnnAdd_AddAiCore_Add,N/A,N/A,1790932512780800.774	,17.020,0.020000,0
7,aclnnInplaceCopy_CastAiCore_Cast,N/A,N/A,1790932512780817.834	,12.361,0.000000,0
7,aclnnInplaceCopy_SliceAiCore_Slice,N/A,N/A,1790932512780830.235	,10.100,0.139000,0
7,aclnnInplaceCopy_CastAiCore_Cast,N/A,N/A,1790932512780840.355	,11.800,0.000000,0
7,aclnnMul_MulAiCore_Mul,N/A,N/A,1790932512780852.175	,22.181,0.200000,0
7,aclnnInplaceCopy_SliceAiCore_Slice,N/A,N/A,1790932512780874.396	,9.100,0.069000,0
7,aclnnInplaceCopy_CastAiCore_Cast,N/A,N/A,1790932512780883.516	,7.480,0.000000,0
7,aclnnNeg_SliceAiCore_Slice,N/A,N/A,1790932512780891.016	,15.840,0.020000,0
7,aclnnNeg_NegAiCore_Neg,N/A,N/A,1790932512780906.896	,10.060,0.160000,0
7,aclnnCat_SliceAiCore_Slice,N/A,N/A,1790932512780916.976	,14.081,0.000000,0
7,aclnnCat_ConcatD_ConcatD,N/A,N/A,1790932512780931.077	,11.820,0.000000,0
7,aclnnMul_MulAiCore_Mul,N/A,N/A,1790932512780942.917	,23.440,0.180000,0
7,aclnnAdd_AddAiCore_Add,N/A,N/A,1790932512780966.377	,16.541,0.060000,0
7,aclnnInplaceCopy_CastAiCore_Cast,N/A,N/A,1790932512780982.938	,12.560,0.000000,0
7,aclnnInplaceCopy_TransposeAiCore_Transpose,N/A,N/A,1790932512780995.518	,27.580,0.000000,0
7,aclnnInplaceCopy_TransposeAiCore_Transpose,N/A,N/A,1790932512781023.138	,18.541,0.170000,0
7,aclnnInplaceCopy_AsStridedAiCore_AsStrided,N/A,N/A,1790932512781041.699	,21.400,0.000000,0
7,InnerPromptFlashAttention_PromptFlashAttention_PromptFlashAttention,N/A,N/A,1790932512781064.279	,1301.866,1.100000,0
7,aclnnInplaceCopy_TransposeAiCore_Transpose,N/A,N/A,1790932512782367.225	,24.761,1.134000,0
7,aclnnAddmm_MatMulCommon_MatMulV2,N/A,N/A,1790932512782392.006	,43.621,0.000000,0
7,aclnnAdd_AddAiCore_Add,N/A,N/A,1790932512782435.647	,12.500,0.129000,0
7,aclnnInplaceCopy_CastAiCore_Cast,N/A,N/A,1790932512782448.167	,11.860,0.000000,0
7,aclnnMean_ReduceMeanAiCore_ReduceMean,N/A,N/A,1790932512782461.147	,23.961,1.140000,0
7,aclnnSub_SubAiCore_Sub,N/A,N/A,1790932512782486.008	,26.240,0.789000,0
7,aclnnPowTensorScalar_PowsAiCore_Pows,N/A,N/A,1790932512782512.268	,25.601,0.010000,0
7,aclnnMean_ReduceMeanAiCore_ReduceMean,N/A,N/A,1790932512782539.129	,23.300,1.399000,0
7,aclnnAdds_AddAiCore_Add,N/A,N/A,1790932512782563.429	,1.820,0.950000,0
7,aclnnRsqrt_RsqrtAiCore_Rsqrt,N/A,N/A,1790932512782565.269	,1.880,0.000000,0
7,aclnnMul_MulAiCore_Mul,N/A,N/A,1790932512782567.169	,26.801,0.120000,0
7,aclnnInplaceCopy_CastAiCore_Cast,N/A,N/A,1790932512782593.990	,12.380,0.000000,0
7,aclnnMul_MulAiCore_Mul,N/A,N/A,1790932512782606.390	,13.980,0.120000,0
7,aclnnAdd_AddAiCore_Add,N/A,N/A,1790932512782620.410	,13.361,0.020000,0
7,aclnnAddmm_MatMulV3Common_MatMulV3,N/A,N/A,1790932512782633.791	,141.543,0.000000,0
7,aclnnGeluV2_GeluV2_GeluV2,N/A,N/A,1790932512782775.354	,77.541,0.000000,0
7,aclnnAddmm_MatMulV3Common_MatMulV3,N/A,N/A,1790932512782853.055	,145.023,0.209000,0
7,aclnnAdd_AddAiCore_Add,N/A,N/A,1790932512782998.118	,12.720,0.000000,0
7,aclnnInplaceCopy_CastAiCore_Cast,N/A,N/A,1790932512783010.878	,14.160,0.280000,0
7,aclnnMean_ReduceMeanAiCore_ReduceMean,N/A,N/A,1790932512783026.019	,23.200,0.840000,0
7,aclnnSub_SubAiCore_Sub,N/A,N/A,1790932512783050.299	,26.661,1.050000,0
7,aclnnPowTensorScalar_PowsAiCore_Pows,N/A,N/A,1790932512783076.980	,23.840,0.089000,0
7,aclnnMean_ReduceMeanAiCore_ReduceMean,N/A,N/A,1790932512783102.200	,22.700,1.410000,0
7,aclnnAdds_AddAiCore_Add,N/A,N/A,1790932512783125.881	,1.820,1.050000,0
7,aclnnRsqrt_RsqrtAiCore_Rsqrt,N/A,N/A,1790932512783127.721	,1.640,0.000000,0
7,aclnnMul_MulAiCore_Mul,N/A,N/A,1790932512783129.381	,25.720,0.110000,0
7,aclnnInplaceCopy_CastAiCore_Cast,N/A,N/A,1790932512783155.141	,13.540,0.030000,0
7,aclnnMul_MulAiCore_Mul,N/A,N/A,1790932512783168.701	,14.081,0.000000,0
7,aclnnAdd_AddAiCore_Add,N/A,N/A,1790932512783182.802	,13.940,0.000000,0
7,aclnnAddmm_MatMulV3Common_MatMulV3,N/A,N/A,1790932512783196.762	,107.602,0.060000,0
7,aclnnInplaceCopy_SliceAiCore_Slice,N/A,N/A,1790932512783304.384	,10.960,0.148000,0
7,aclnnInplaceCopy_CastAiCore_Cast,N/A,N/A,1790932512783315.364	,11.941,0.000000,0
7,aclnnMul_MulAiCore_Mul,N/A,N/A,1790932512783327.345	,30.800,0.059000,0
7,aclnnInplaceCopy_SliceAiCore_Slice,N/A,N/A,1790932512783358.165	,7.940,0.200000,0
7,aclnnInplaceCopy_CastAiCore_Cast,N/A,N/A,1790932512783366.125	,7.220,0.000000,0
7,aclnnNeg_SliceAiCore_Slice,N/A,N/A,1790932512783373.365	,20.661,0.030000,0
7,aclnnNeg_NegAiCore_Neg,N/A,N/A,1790932512783394.046	,10.160,0.089000,0
7,aclnnCat_SliceAiCore_Slice,N/A,N/A,1790932512783404.226	,12.880,0.090000,0
7,aclnnCat_ConcatD_ConcatD,N/A,N/A,1790932512783417.126	,19.621,0.120000,0
7,aclnnMul_MulAiCore_Mul,N/A,N/A,1790932512783436.787	,23.800,0.000000,0
7,aclnnAdd_AddAiCore_Add,N/A,N/A,1790932512783460.607	,17.101,0.000000,0
7,aclnnInplaceCopy_CastAiCore_Cast,N/A,N/A,1790932512783477.728	,12.520,0.149000,0
7,aclnnInplaceCopy_SliceAiCore_Slice,N/A,N/A,1790932512783490.268	,10.380,0.000000,0
7,aclnnInplaceCopy_CastAiCore_Cast,N/A,N/A,1790932512783500.668	,12.020,0.120000,0
7,aclnnMul_MulAiCore_Mul,N/A,N/A,1790932512783512.708	,22.241,0.000000,0
7,aclnnInplaceCopy_SliceAiCore_Slice,N/A,N/A,1790932512783534.969	,8.060,0.009000,0
7,aclnnInplaceCopy_CastAiCore_Cast,N/A,N/A,1790932512783543.069	,7.380,0.000000,0
7,aclnnNeg_SliceAiCore_Slice,N/A,N/A,1790932512783550.469	,15.660,0.120000,0
7,aclnnNeg_NegAiCore_Neg,N/A,N/A,1790932512783566.169	,10.141,0.090000,0
7,aclnnCat_SliceAiCore_Slice,N/A,N/A,1790932512783576.350	,13.040,0.000000,0
7,aclnnCat_ConcatD_ConcatD,N/A,N/A,1790932512783589.410	,11.560,0.210000,0
7,aclnnMul_MulAiCore_Mul,N/A,N/A,1790932512783601.010	,24.280,0.000000,0
7,aclnnAdd_AddAiCore_Add,N/A,N/A,1790932512783625.310	,16.561,0.000000,0
7,aclnnInplaceCopy_CastAiCore_Cast,N/A,N/A,1790932512783641.911	,12.220,0.189000,0
7,aclnnInplaceCopy_TransposeAiCore_Transpose,N/A,N/A,1790932512783654.151	,27.161,0.030000,0
7,aclnnInplaceCopy_TransposeAiCore_Transpose,N/A,N/A,1790932512783681.332	,18.520,0.000000,0
7,aclnnInplaceCopy_AsStridedAiCore_AsStrided,N/A,N/A,1790932512783699.872	,19.500,0.000000,0
7,InnerPromptFlashAttention_PromptFlashAttention_PromptFlashAttention,N/A,N/A,1790932512783720.432	,1303.506,1.250000,0
7,aclnnInplaceCopy_TransposeAiCore_Transpose,N/A,N/A,1790932512785024.718	,24.601,0.744000,0
7,aclnnAddmm_MatMulCommon_MatMulV2,N/A,N/A,1790932512785049.339	,43.541,0.000000,0
7,aclnnAdd_AddAiCore_Add,N/A,N/A,1790932512785092.900	,14.240,0.209000,0
7,aclnnInplaceCopy_CastAiCore_Cast,N/A,N/A,1790932512785107.180	,11.820,0.010000,0
7,aclnnMean_ReduceMeanAiCore_ReduceMean,N/A,N/A,1790932512785120.000	,24.261,0.930000,0
7,aclnnSub_SubAiCore_Sub,N/A,N/A,1790932512785144.921	,26.140,0.739000,0
7,aclnnPowTensorScalar_PowsAiCore_Pows,N/A,N/A,1790932512785171.081	,26.561,0.000000,0
7,aclnnMean_ReduceMeanAiCore_ReduceMean,N/A,N/A,1790932512785198.562	,22.800,0.939000,0
7,aclnnAdds_AddAiCore_Add,N/A,N/A,1790932512785222.242	,1.800,0.950000,0
7,aclnnRsqrt_RsqrtAiCore_Rsqrt,N/A,N/A,1790932512785224.062	,1.920,0.000000,0
7,aclnnMul_MulAiCore_Mul,N/A,N/A,1790932512785226.002	,26.301,0.080000,0
7,aclnnInplaceCopy_CastAiCore_Cast,N/A,N/A,1790932512785252.323	,12.400,0.000000,0
7,aclnnMul_MulAiCore_Mul,N/A,N/A,1790932512785264.743	,14.221,0.100000,0
7,aclnnAdd_AddAiCore_Add,N/A,N/A,1790932512785278.984	,13.480,0.029000,0
7,aclnnAddmm_MatMulV3Common_MatMulV3,N/A,N/A,1790932512785292.484	,143.623,0.020000,0
7,aclnnGeluV2_GeluV2_GeluV2,N/A,N/A,1790932512785436.147	,77.141,0.127000,0
7,aclnnAddmm_MatMulV3Common_MatMulV3,N/A,N/A,1790932512785513.308	,142.263,0.000000,0
7,aclnnAdd_AddAiCore_Add,N/A,N/A,1790932512785655.591	,12.840,0.000000,0
7,aclnnInplaceCopy_CastAiCore_Cast,N/A,N/A,1790932512785668.451	,11.801,0.160000,0
7,aclnnMean_ReduceMeanAiCore_ReduceMean,N/A,N/A,1790932512785681.212	,23.260,0.949000,0
7,aclnnSub_SubAiCore_Sub,N/A,N/A,1790932512785705.532	,26.561,0.990000,0
7,aclnnPowTensorScalar_PowsAiCore_Pows,N/A,N/A,1790932512785732.113	,24.960,0.000000,0
7,aclnnMean_ReduceMeanAiCore_ReduceMean,N/A,N/A,1790932512785758.013	,22.981,1.040000,0
7,aclnnAdds_AddAiCore_Add,N/A,N/A,1790932512785781.694	,1.640,0.769000,0
7,aclnnRsqrt_RsqrtAiCore_Rsqrt,N/A,N/A,1790932512785783.354	,1.660,0.000000,0
7,aclnnMul_MulAiCore_Mul,N/A,N/A,1790932512785785.034	,27.740,0.090000,0
7,aclnnInplaceCopy_CastAiCore_Cast,N/A,N/A,1790932512785812.794	,13.920,0.010000,0
7,aclnnMul_MulAiCore_Mul,N/A,N/A,1790932512785826.734	,19.581,0.080000,0
7,aclnnAdd_AddAiCore_Add,N/A,N/A,1790932512785846.335	,14.320,0.000000,0
7,aclnnAddmm_MatMulV3Common_MatMulV3,N/A,N/A,1790932512785860.675	,107.682,0.180000,0
7,aclnnInplaceCopy_SliceAiCore_Slice,N/A,N/A,1790932512785968.377	,11.281,0.068000,0
7,aclnnInplaceCopy_CastAiCore_Cast,N/A,N/A,1790932512785979.698	,11.680,0.000000,0
7,aclnnMul_MulAiCore_Mul,N/A,N/A,1790932512785991.418	,31.000,0.070000,0
7,aclnnInplaceCopy_SliceAiCore_Slice,N/A,N/A,1790932512786022.458	,9.161,0.000000,0
7,aclnnInplaceCopy_CastAiCore_Cast,N/A,N/A,1790932512786031.639	,7.540,0.089000,0
7,aclnnNeg_SliceAiCore_Slice,N/A,N/A,1790932512786039.199	,19.320,0.000000,0
7,aclnnNeg_NegAiCore_Neg,N/A,N/A,1790932512786058.539	,9.920,0.000000,0
7,aclnnCat_SliceAiCore_Slice,N/A,N/A,1790932512786068.479	,14.101,0.080000,0
7,aclnnCat_ConcatD_ConcatD,N/A,N/A,1790932512786082.600	,22.660,0.000000,0
7,aclnnMul_MulAiCore_Mul,N/A,N/A,1790932512786105.280	,23.641,0.090000,0
7,aclnnAdd_AddAiCore_Add,N/A,N/A,1790932512786128.941	,17.260,0.109000,0
7,aclnnInplaceCopy_CastAiCore_Cast,N/A,N/A,1790932512786146.221	,12.420,0.000000,0
7,aclnnInplaceCopy_SliceAiCore_Slice,N/A,N/A,1790932512786158.681	,10.460,0.080000,0
7,aclnnInplaceCopy_CastAiCore_Cast,N/A,N/A,1790932512786169.161	,11.801,0.040000,0
7,aclnnMul_MulAiCore_Mul,N/A,N/A,1790932512786180.982	,22.240,0.000000,0
7,aclnnInplaceCopy_SliceAiCore_Slice,N/A,N/A,1790932512786203.242	,8.580,0.010000,0
7,aclnnInplaceCopy_CastAiCore_Cast,N/A,N/A,1790932512786211.842	,7.420,0.000000,0
7,aclnnNeg_SliceAiCore_Slice,N/A,N/A,1790932512786219.282	,15.661,0.080000,0
7,aclnnNeg_NegAiCore_Neg,N/A,N/A,1790932512786234.963	,9.900,0.089000,0
7,aclnnCat_SliceAiCore_Slice,N/A,N/A,1790932512786244.883	,13.720,0.100000,0
7,aclnnCat_ConcatD_ConcatD,N/A,N/A,1790932512786258.623	,12.320,0.000000,0
7,aclnnMul_MulAiCore_Mul,N/A,N/A,1790932512786270.963	,23.581,0.180000,0
7,aclnnAdd_AddAiCore_Add,N/A,N/A,1790932512786294.564	,17.020,0.000000,0
7,aclnnInplaceCopy_CastAiCore_Cast,N/A,N/A,1790932512786311.604	,12.380,0.000000,0
7,aclnnInplaceCopy_TransposeAiCore_Transpose,N/A,N/A,1790932512786324.004	,26.301,0.120000,0
7,aclnnInplaceCopy_TransposeAiCore_Transpose,N/A,N/A,1790932512786350.325	,18.540,0.000000,0
7,aclnnInplaceCopy_AsStridedAiCore_AsStrided,N/A,N/A,1790932512786368.885	,18.761,0.210000,0
7,InnerPromptFlashAttention_PromptFlashAttention_PromptFlashAttention,N/A,N/A,1790932512786388.706	,1292.666,0.989000,0
7,aclnnInplaceCopy_TransposeAiCore_Transpose,N/A,N/A,1790932512787682.512	,24.660,1.084000,0
7,aclnnAddmm_MatMulCommon_MatMulV2,N/A,N/A,1790932512787707.212	,43.761,0.090000,0
7,aclnnAdd_AddAiCore_Add,N/A,N/A,1790932512787750.993	,12.440,0.000000,0
7,aclnnInplaceCopy_CastAiCore_Cast,N/A,N/A,1790932512787763.453	,11.880,0.060000,0
7,aclnnMean_ReduceMeanAiCore_ReduceMean,N/A,N/A,1790932512787776.493	,24.921,1.120000,0
7,aclnnSub_SubAiCore_Sub,N/A,N/A,1790932512787802.614	,25.940,1.079000,0
7,aclnnPowTensorScalar_PowsAiCore_Pows,N/A,N/A,1790932512787828.574	,25.001,0.060000,0
7,aclnnMean_ReduceMeanAiCore_ReduceMean,N/A,N/A,1790932512787855.055	,22.660,1.499000,0
7,aclnnAdds_AddAiCore_Add,N/A,N/A,1790932512787878.715	,1.581,1.090000,0
7,aclnnRsqrt_RsqrtAiCore_Rsqrt,N/A,N/A,1790932512787880.316	,1.840,0.000000,0
7,aclnnMul_MulAiCore_Mul,N/A,N/A,1790932512787882.176	,26.380,0.160000,0
7,aclnnInplaceCopy_CastAiCore_Cast,N/A,N/A,1790932512787908.576	,12.240,0.000000,0
7,aclnnMul_MulAiCore_Mul,N/A,N/A,1790932512787920.836	,14.561,0.010000,0
7,aclnnAdd_AddAiCore_Add,N/A,N/A,1790932512787935.417	,13.720,0.189000,0
7,aclnnAddmm_MatMulV3Common_MatMulV3,N/A,N/A,1790932512787949.157	,141.043,0.030000,0
7,aclnnGeluV2_GeluV2_GeluV2,N/A,N/A,1790932512788090.220	,77.021,0.000000,0
7,aclnnAddmm_MatMulV3Common_MatMulV3,N/A,N/A,1790932512788167.281	,144.643,0.000000,0
7,aclnnAdd_AddAiCore_Add,N/A,N/A,1790932512788311.944	,12.540,0.107000,0
7,aclnnInplaceCopy_CastAiCore_Cast,N/A,N/A,1790932512788324.524	,11.781,0.000000,0
7,aclnnMean_ReduceMeanAiCore_ReduceMean,N/A,N/A,1790932512788337.225	,23.400,0.969000,0
7,aclnnSub_SubAiCore_Sub,N/A,N/A,1790932512788361.525	,27.001,0.850000,0
7,aclnnPowTensorScalar_PowsAiCore_Pows,N/A,N/A,1790932512788388.546	,26.140,0.000000,0
7,aclnnMean_ReduceMeanAiCore_ReduceMean,N/A,N/A,1790932512788415.786	,22.541,1.110000,0
7,aclnnAdds_AddAiCore_Add,N/A,N/A,1790932512788439.467	,1.860,1.209000,0
7,aclnnRsqrt_RsqrtAiCore_Rsqrt,N/A,N/A,1790932512788441.347	,1.600,0.000000,0
7,aclnnMul_MulAiCore_Mul,N/A,N/A,1790932512788442.967	,26.420,0.150000,0
7,aclnnInplaceCopy_CastAiCore_Cast,N/A,N/A,1790932512788469.407	,14.461,0.080000,0
7,aclnnMul_MulAiCore_Mul,N/A,N/A,1790932512788483.908	,13.600,0.039000,0
7,aclnnAdd_AddAiCore_Add,N/A,N/A,1790932512788497.528	,13.840,0.000000,0
7,aclnnAddmm_MatMulV3Common_MatMulV3,N/A,N/A,1790932512788511.388	,105.982,0.160000,0
7,aclnnInplaceCopy_SliceAiCore_Slice,N/A,N/A,1790932512788617.410	,11.000,0.018000,0
7,aclnnInplaceCopy_CastAiCore_Cast,N/A,N/A,1790932512788628.430	,11.941,0.000000,0
7,aclnnMul_MulAiCore_Mul,N/A,N/A,1790932512788640.391	,31.600,0.059000,0
7,aclnnInplaceCopy_SliceAiCore_Slice,N/A,N/A,1790932512788672.011	,8.780,0.000000,0
7,aclnnInplaceCopy_CastAiCore_Cast,N/A,N/A,1790932512788680.811	,7.601,0.000000,0
7,aclnnNeg_SliceAiCore_Slice,N/A,N/A,1790932512788688.432	,19.600,0.149000,0
7,aclnnNeg_NegAiCore_Neg,N/A,N/A,1790932512788708.052	,10.180,0.000000,0
7,aclnnCat_SliceAiCore_Slice,N/A,N/A,1790932512788718.252	,13.661,0.070000,0
7,aclnnCat_ConcatD_ConcatD,N/A,N/A,1790932512788731.933	,21.600,0.089000,0
7,aclnnMul_MulAiCore_Mul,N/A,N/A,1790932512788753.553	,23.800,0.000000,0
7,aclnnAdd_AddAiCore_Add,N/A,N/A,1790932512788777.393	,17.281,0.200000,0
7,aclnnInplaceCopy_CastAiCore_Cast,N/A,N/A,1790932512788794.694	,12.480,0.000000,0
7,aclnnInplaceCopy_SliceAiCore_Slice,N/A,N/A,1790932512788807.194	,10.260,0.020000,0
7,aclnnInplaceCopy_CastAiCore_Cast,N/A,N/A,1790932512788817.474	,11.860,0.000000,0
7,aclnnMul_MulAiCore_Mul,N/A,N/A,1790932512788829.354	,22.461,0.000000,0
7,aclnnInplaceCopy_SliceAiCore_Slice,N/A,N/A,1790932512788851.835	,8.400,0.039000,0
7,aclnnInplaceCopy_CastAiCore_Cast,N/A,N/A,1790932512788860.255	,7.240,0.100000,0
7,aclnnNeg_SliceAiCore_Slice,N/A,N/A,1790932512788867.515	,15.661,0.010000,0
7,aclnnNeg_NegAiCore_Neg,N/A,N/A,1790932512788883.196	,10.000,0.089000,0
7,aclnnCat_SliceAiCore_Slice,N/A,N/A,1790932512788893.216	,14.000,0.000000,0
7,aclnnCat_ConcatD_ConcatD,N/A,N/A,1790932512788907.236	,12.160,0.000000,0
7,aclnnMul_MulAiCore_Mul,N/A,N/A,1790932512788919.416	,24.161,0.090000,0
7,aclnnAdd_AddAiCore_Add,N/A,N/A,1790932512788943.597	,16.480,0.000000,0
7,aclnnInplaceCopy_CastAiCore_Cast,N/A,N/A,1790932512788960.097	,12.460,0.020000,0
7,aclnnInplaceCopy_TransposeAiCore_Transpose,N/A,N/A,1790932512788972.577	,27.401,0.040000,0
7,aclnnInplaceCopy_TransposeAiCore_Transpose,N/A,N/A,1790932512788999.998	,18.500,0.099000,0
7,aclnnInplaceCopy_AsStridedAiCore_AsStrided,N/A,N/A,1790932512789018.518	,18.961,0.000000,0
7,InnerPromptFlashAttention_PromptFlashAttention_PromptFlashAttention,N/A,N/A,1790932512789038.659	,1306.406,1.289000,0
7,aclnnInplaceCopy_TransposeAiCore_Transpose,N/A,N/A,1790932512790346.065	,25.400,0.844000,0
7,aclnnAddmm_MatMulCommon_MatMulV2,N/A,N/A,1790932512790371.485	,44.101,0.100000,0
7,aclnnAdd_AddAiCore_Add,N/A,N/A,1790932512790415.606	,12.160,0.000000,0
7,aclnnInplaceCopy_CastAiCore_Cast,N/A,N/A,1790932512790427.786	,11.801,0.090000,0
7,aclnnMean_ReduceMeanAiCore_ReduceMean,N/A,N/A,1790932512790440.627	,24.060,1.199000,0
7,aclnnSub_SubAiCore_Sub,N/A,N/A,1790932512790465.547	,26.021,0.690000,0
7,aclnnPowTensorScalar_PowsAiCore_Pows,N/A,N/A,1790932512790491.588	,25.080,0.000000,0
7,aclnnMean_ReduceMeanAiCore_ReduceMean,N/A,N/A,1790932512790517.928	,22.621,1.420000,0
7,aclnnAdds_AddAiCore_Add,N/A,N/A,1790932512790541.569	,1.840,0.879000,0
7,aclnnRsqrt_RsqrtAiCore_Rsqrt,N/A,N/A,1790932512790543.429	,1.820,0.160000,0
7,aclnnMul_MulAiCore_Mul,N/A,N/A,1790932512790545.269	,26.460,0.000000,0
7,aclnnInplaceCopy_CastAiCore_Cast,N/A,N/A,1790932512790571.749	,12.201,0.040000,0
7,aclnnMul_MulAiCore_Mul,N/A,N/A,1790932512790583.990	,14.100,0.049000,0
7,aclnnAdd_AddAiCore_Add,N/A,N/A,1790932512790598.110	,13.620,0.000000,0
7,aclnnAddmm_MatMulV3Common_MatMulV3,N/A,N/A,1790932512790611.750	,143.703,0.130000,0
7,aclnnGeluV2_GeluV2_GeluV2,N/A,N/A,1790932512790755.493	,77.361,0.047000,0
7,aclnnAddmm_MatMulV3Common_MatMulV3,N/A,N/A,1790932512790833.014	,141.763,0.139000,0
7,aclnnAdd_AddAiCore_Add,N/A,N/A,1790932512790974.797	,12.801,0.000000,0
7,aclnnInplaceCopy_CastAiCore_Cast,N/A,N/A,1790932512790987.638	,11.780,0.199000,0
7,aclnnMean_ReduceMeanAiCore_ReduceMean,N/A,N/A,1790932512791000.538	,23.280,0.970000,0
7,aclnnSub_SubAiCore_Sub,N/A,N/A,1790932512791024.838	,26.641,0.970000,0
7,aclnnPowTensorScalar_PowsAiCore_Pows,N/A,N/A,1790932512791051.499	,28.120,0.109000,0
7,aclnnMean_ReduceMeanAiCore_ReduceMean,N/A,N/A,1790932512791080.919	,22.481,1.380000,0
7,aclnnAdds_AddAiCore_Add,N/A,N/A,1790932512791104.580	,1.760,1.019000,0
7,aclnnRsqrt_RsqrtAiCore_Rsqrt,N/A,N/A,1790932512791106.360	,2.080,0.000000,0
7,aclnnMul_MulAiCore_Mul,N/A,N/A,1790932512791108.460	,26.281,0.170000,0
7,aclnnInplaceCopy_CastAiCore_Cast,N/A,N/A,1790932512791134.761	,12.960,0.000000,0
7,aclnnMul_MulAiCore_Mul,N/A,N/A,1790932512791147.741	,13.620,0.040000,0
7,aclnnAdd_AddAiCore_Add,N/A,N/A,1790932512791161.381	,13.980,0.130000,0
7,aclnnAddmm_MatMulV3Common_MatMulV3,N/A,N/A,1790932512791175.401	,108.843,0.020000,0
7,aclnnInplaceCopy_SliceAiCore_Slice,N/A,N/A,1790932512791284.264	,11.060,0.000000,0
7,aclnnInplaceCopy_CastAiCore_Cast,N/A,N/A,1790932512791295.344	,11.740,0.000000,0
7,aclnnMul_MulAiCore_Mul,N/A,N/A,1790932512791307.124	,31.081,0.010000,0
7,aclnnInplaceCopy_SliceAiCore_Slice,N/A,N/A,1790932512791338.225	,9.020,0.169000,0
7,aclnnInplaceCopy_CastAiCore_Cast,N/A,N/A,1790932512791347.265	,7.460,0.000000,0
7,aclnnNeg_SliceAiCore_Slice,N/A,N/A,1790932512791354.745	,19.500,0.040000,0
7,aclnnNeg_NegAiCore_Neg,N/A,N/A,1790932512791374.265	,10.021,0.000000,0
7,aclnnCat_SliceAiCore_Slice,N/A,N/A,1790932512791384.306	,13.840,0.000000,0
7,aclnnCat_ConcatD_ConcatD,N/A,N/A,1790932512791398.166	,24.320,0.160000,0
7,aclnnMul_MulAiCore_Mul,N/A,N/A,1790932512791422.506	,23.241,0.000000,0
7,aclnnAdd_AddAiCore_Add,N/A,N/A,1790932512791445.787	,17.080,0.009000,0
7,aclnnInplaceCopy_CastAiCore_Cast,N/A,N/A,1790932512791462.887	,12.460,0.170000,0
7,aclnnInplaceCopy_SliceAiCore_Slice,N/A,N/A,1790932512791475.367	,10.421,0.000000,0
7,aclnnInplaceCopy_CastAiCore_Cast,N/A,N/A,1790932512791485.808	,11.840,0.079000,0
7,aclnnMul_MulAiCore_Mul,N/A,N/A,1790932512791497.688	,22.260,0.160000,0
7,aclnnInplaceCopy_SliceAiCore_Slice,N/A,N/A,1790932512791519.968	,8.700,0.000000,0
7,aclnnInplaceCopy_CastAiCore_Cast,N/A,N/A,1790932512791528.708	,7.481,0.050000,0
7,aclnnNeg_SliceAiCore_Slice,N/A,N/A,1790932512791536.229	,15.640,0.019000,0
7,aclnnNeg_NegAiCore_Neg,N/A,N/A,1790932512791551.889	,9.940,0.110000,0
7,aclnnCat_SliceAiCore_Slice,N/A,N/A,1790932512791561.849	,13.960,0.000000,0
7,aclnnCat_ConcatD_ConcatD,N/A,N/A,1790932512791575.829	,11.601,0.040000,0
7,aclnnMul_MulAiCore_Mul,N/A,N/A,1790932512791587.450	,23.900,0.149000,0
7,aclnnAdd_AddAiCore_Add,N/A,N/A,1790932512791611.370	,16.820,0.000000,0
7,aclnnInplaceCopy_CastAiCore_Cast,N/A,N/A,1790932512791628.210	,12.481,0.180000,0
7,aclnnInplaceCopy_TransposeAiCore_Transpose,N/A,N/A,1790932512791640.711	,25.840,0.019000,0
7,aclnnInplaceCopy_TransposeAiCore_Transpose,N/A,N/A,1790932512791666.591	,18.261,0.000000,0
7,aclnnInplaceCopy_AsStridedAiCore_AsStrided,N/A,N/A,1790932512791684.872	,18.660,0.000000,0
7,InnerPromptFlashAttention_PromptFlashAttention_PromptFlashAttention,N/A,N/A,1790932512791704.952	,1303.006,1.590000,0
7,aclnnInplaceCopy_TransposeAiCore_Transpose,N/A,N/A,1790932512793009.218	,24.860,1.244000,0
7,aclnnAddmm_MatMulCommon_MatMulV2,N/A,N/A,1790932512793034.098	,43.561,0.000000,0
7,aclnnAdd_AddAiCore_Add,N/A,N/A,1790932512793077.679	,12.381,0.189000,0
7,aclnnInplaceCopy_CastAiCore_Cast,N/A,N/A,1790932512793090.080	,11.900,0.000000,0
7,aclnnMean_ReduceMeanAiCore_ReduceMean,N/A,N/A,1790932512793103.260	,24.260,1.350000,0
7,aclnnSub_SubAiCore_Sub,N/A,N/A,1790932512793128.760	,26.041,1.240000,0
7,aclnnPowTensorScalar_PowsAiCore_Pows,N/A,N/A,1790932512793154.821	,25.300,0.000000,0
7,aclnnMean_ReduceMeanAiCore_ReduceMean,N/A,N/A,1790932512793181.201	,22.921,1.200000,0
7,aclnnAdds_AddAiCore_Add,N/A,N/A,1790932512793204.842	,1.760,0.579000,0
7,aclnnRsqrt_RsqrtAiCore_Rsqrt,N/A,N/A,1790932512793206.622	,1.860,0.000000,0
7,aclnnMul_MulAiCore_Mul,N/A,N/A,1790932512793208.502	,26.320,0.140000,0
7,aclnnInplaceCopy_CastAiCore_Cast,N/A,N/A,1790932512793234.842	,12.321,0.000000,0
7,aclnnMul_MulAiCore_Mul,N/A,N/A,1790932512793247.183	,14.020,0.179000,0
7,aclnnAdd_AddAiCore_Add,N/A,N/A,1790932512793261.243	,13.120,0.000000,0
7,aclnnAddmm_MatMulV3Common_MatMulV3,N/A,N/A,1790932512793274.383	,140.743,0.130000,0
7,aclnnGeluV2_GeluV2_GeluV2,N/A,N/A,1790932512793415.146	,77.102,0.007000,0
7,aclnnAddmm_MatMulV3Common_MatMulV3,N/A,N/A,1790932512793492.268	,143.542,0.000000,0
7,aclnnAdd_AddAiCore_Add,N/A,N/A,1790932512793635.830	,12.741,0.000000,0
7,aclnnInplaceCopy_CastAiCore_Cast,N/A,N/A,1790932512793648.591	,11.760,0.009000,0
7,aclnnMean_ReduceMeanAiCore_ReduceMean,N/A,N/A,1790932512793661.451	,23.260,1.240000,0
7,aclnnSub_SubAiCore_Sub,N/A,N/A,1790932512793685.731	,26.541,0.990000,0
7,aclnnPowTensorScalar_PowsAiCore_Pows,N/A,N/A,1790932512793712.292	,25.801,0.000000,0
7,aclnnMean_ReduceMeanAiCore_ReduceMean,N/A,N/A,1790932512793739.413	,22.820,1.449000,0
7,aclnnAdds_AddAiCore_Add,N/A,N/A,1790932512793763.053	,1.740,0.680000,0
7,aclnnRsqrt_RsqrtAiCore_Rsqrt,N/A,N/A,1790932512793764.813	,1.620,0.010000,0
7,aclnnMul_MulAiCore_Mul,N/A,N/A,1790932512793766.453	,26.041,0.130000,0
7,aclnnInplaceCopy_CastAiCore_Cast,N/A,N/A,1790932512793792.514	,14.240,0.000000,0
7,aclnnMul_MulAiCore_Mul,N/A,N/A,1790932512793806.774	,13.680,0.010000,0
7,aclnnAdd_AddAiCore_Add,N/A,N/A,1790932512793820.474	,18.161,0.070000,0
7,aclnnAddmm_MatMulV3Common_MatMulV3,N/A,N/A,1790932512793838.655	,107.102,0.089000,0
7,aclnnInplaceCopy_SliceAiCore_Slice,N/A,N/A,1790932512793945.777	,11.120,0.000000,0
7,aclnnInplaceCopy_CastAiCore_Cast,N/A,N/A,1790932512793956.917	,11.940,0.130000,0
7,aclnnMul_MulAiCore_Mul,N/A,N/A,1790932512793968.877	,31.641,0.060000,0
7,aclnnInplaceCopy_SliceAiCore_Slice,N/A,N/A,1790932512794000.538	,8.480,0.000000,0
7,aclnnInplaceCopy_CastAiCore_Cast,N/A,N/A,1790932512794009.038	,7.460,0.020000,0
7,aclnnNeg_SliceAiCore_Slice,N/A,N/A,1790932512794016.518	,19.220,0.040000,0
7,aclnnNeg_NegAiCore_Neg,N/A,N/A,1790932512794035.758	,10.121,0.030000,0
7,aclnnCat_SliceAiCore_Slice,N/A,N/A,1790932512794045.899	,13.800,0.129000,0
7,aclnnCat_ConcatD_ConcatD,N/A,N/A,1790932512794059.719	,18.500,0.000000,0
7,aclnnMul_MulAiCore_Mul,N/A,N/A,1790932512794078.239	,24.141,0.000000,0
7,aclnnAdd_AddAiCore_Add,N/A,N/A,1790932512794102.420	,17.220,0.109000,0
7,aclnnInplaceCopy_CastAiCore_Cast,N/A,N/A,1790932512794119.660	,12.360,0.030000,0
7,aclnnInplaceCopy_SliceAiCore_Slice,N/A,N/A,1790932512794132.040	,11.701,0.000000,0
7,aclnnInplaceCopy_CastAiCore_Cast,N/A,N/A,1790932512794143.761	,12.100,0.049000,0
7,aclnnMul_MulAiCore_Mul,N/A,N/A,1790932512794155.881	,22.940,0.150000,0
7,aclnnInplaceCopy_SliceAiCore_Slice,N/A,N/A,1790932512794178.841	,7.741,0.000000,0
7,aclnnInplaceCopy_CastAiCore_Cast,N/A,N/A,1790932512794186.602	,7.240,0.009000,0
7,aclnnNeg_SliceAiCore_Slice,N/A,N/A,1790932512794193.862	,15.660,0.010000,0
7,aclnnNeg_NegAiCore_Neg,N/A,N/A,1790932512794209.542	,9.960,0.090000,0
7,aclnnCat_SliceAiCore_Slice,N/A,N/A,1790932512794219.522	,12.860,0.040000,0
7,aclnnCat_ConcatD_ConcatD,N/A,N/A,1790932512794232.402	,11.181,0.140000,0
7,aclnnMul_MulAiCore_Mul,N/A,N/A,1790932512794243.603	,24.080,0.000000,0
7,aclnnAdd_AddAiCore_Add,N/A,N/A,1790932512794267.723	,16.980,0.170000,0
7,aclnnInplaceCopy_CastAiCore_Cast,N/A,N/A,1790932512794284.743	,12.381,0.020000,0
7,aclnnInplaceCopy_TransposeAiCore_Transpose,N/A,N/A,1790932512794297.144	,25.920,0.119000,0
7,aclnnInplaceCopy_TransposeAiCore_Transpose,N/A,N/A,1790932512794323.084	,19.361,0.000000,0
7,aclnnInplaceCopy_AsStridedAiCore_AsStrided,N/A,N/A,1790932512794342.465	,19.080,0.139000,0
7,InnerPromptFlashAttention_PromptFlashAttention_PromptFlashAttention,N/A,N/A,1790932512794362.885	,1292.146,1.420000,0
7,aclnnInplaceCopy_TransposeAiCore_Transpose,N/A,N/A,1790932512795655.971	,28.560,0.854000,0
7,aclnnAddmm_MatMulCommon_MatMulV2,N/A,N/A,1790932512795684.551	,43.501,0.000000,0
7,aclnnAdd_AddAiCore_Add,N/A,N/A,1790932512795728.092	,12.461,0.000000,0
7,aclnnInplaceCopy_CastAiCore_Cast,N/A,N/A,1790932512795740.573	,11.860,0.039000,0
7,aclnnMean_ReduceMeanAiCore_ReduceMean,N/A,N/A,1790932512795753.593	,24.140,1.140000,0
7,aclnnSub_SubAiCore_Sub,N/A,N/A,1790932512795778.473	,25.961,0.860000,0
7,aclnnPowTensorScalar_PowsAiCore_Pows,N/A,N/A,1790932512795804.454	,25.980,0.039000,0
7,aclnnMean_ReduceMeanAiCore_ReduceMean,N/A,N/A,1790932512795831.534	,22.301,1.020000,0
7,aclnnAdds_AddAiCore_Add,N/A,N/A,1790932512795854.615	,1.640,0.699000,0
7,aclnnRsqrt_RsqrtAiCore_Rsqrt,N/A,N/A,1790932512795856.275	,1.820,0.110000,0
7,aclnnMul_MulAiCore_Mul,N/A,N/A,1790932512795858.115	,26.140,0.000000,0
7,aclnnInplaceCopy_CastAiCore_Cast,N/A,N/A,1790932512795884.275	,12.601,0.110000,0
7,aclnnMul_MulAiCore_Mul,N/A,N/A,1790932512795896.896	,13.800,0.149000,0
7,aclnnAdd_AddAiCore_Add,N/A,N/A,1790932512795910.736	,13.120,0.000000,0
7,aclnnAddmm_MatMulV3Common_MatMulV3,N/A,N/A,1790932512795923.876	,141.123,0.130000,0
7,aclnnGeluV2_GeluV2_GeluV2,N/A,N/A,1790932512796065.039	,77.062,0.000000,0
7,aclnnAddmm_MatMulV3Common_MatMulV3,N/A,N/A,1790932512796142.121	,143.362,0.000000,0
7,aclnnAdd_AddAiCore_Add,N/A,N/A,1790932512796285.503	,13.081,0.138000,0
7,aclnnInplaceCopy_CastAiCore_Cast,N/A,N/A,1790932512796298.604	,11.820,0.000000,0
7,aclnnMean_ReduceMeanAiCore_ReduceMean,N/A,N/A,1790932512796311.324	,23.460,0.930000,0
7,aclnnSub_SubAiCore_Sub,N/A,N/A,1790932512796335.604	,28.241,0.790000,0
7,aclnnPowTensorScalar_PowsAiCore_Pows,N/A,N/A,1790932512796363.885	,25.901,0.259000,0
7,aclnnMean_ReduceMeanAiCore_ReduceMean,N/A,N/A,1790932512796391.046	,22.700,1.099000,0
7,aclnnAdds_AddAiCore_Add,N/A,N/A,1790932512796414.706	,1.820,1.050000,0
7,aclnnRsqrt_RsqrtAiCore_Rsqrt,N/A,N/A,1790932512796416.546	,1.620,0.000000,0
7,aclnnMul_MulAiCore_Mul,N/A,N/A,1790932512796418.186	,26.061,0.130000,0
7,aclnnInplaceCopy_CastAiCore_Cast,N/A,N/A,1790932512796444.267	,12.320,0.000000,0
7,aclnnMul_MulAiCore_Mul,N/A,N/A,1790932512796456.607	,15.800,0.000000,0
7,aclnnAdd_AddAiCore_Add,N/A,N/A,1790932512796472.427	,13.600,0.200000,0
7,aclnnAddmm_MatMulV3Common_MatMulV3,N/A,N/A,1790932512796486.047	,105.443,0.000000,0
7,aclnnInplaceCopy_SliceAiCore_Slice,N/A,N/A,1790932512796591.510	,11.120,0.057000,0
7,aclnnInplaceCopy_CastAiCore_Cast,N/A,N/A,1790932512796602.650	,11.820,0.130000,0
7,aclnnMul_MulAiCore_Mul,N/A,N/A,1790932512796614.490	,31.181,0.000000,0
7,aclnnInplaceCopy_SliceAiCore_Slice,N/A,N/A,1790932512796645.691	,9.000,0.069000,0
7,aclnnInplaceCopy_CastAiCore_Cast,N/A,N/A,1790932512796654.711	,7.400,0.000000,0
7,aclnnNeg_SliceAiCore_Slice,N/A,N/A,1790932512796662.131	,18.780,0.100000,0
7,aclnnNeg_NegAiCore_Neg,N/A,N/A,1790932512796680.931	,9.981,0.000000,0
7,aclnnCat_SliceAiCore_Slice,N/A,N/A,1790932512796690.932	,13.480,0.019000,0
7,aclnnCat_ConcatD_ConcatD,N/A,N/A,1790932512796704.432	,18.660,0.020000,0
7,aclnnMul_MulAiCore_Mul,N/A,N/A,1790932512796723.112	,22.821,0.000000,0
7,aclnnAdd_AddAiCore_Add,N/A,N/A,1790932512796745.953	,16.920,0.179000,0
7,aclnnInplaceCopy_CastAiCore_Cast,N/A,N/A,1790932512796762.893	,12.380,0.080000,0
7,aclnnInplaceCopy_SliceAiCore_Slice,N/A,N/A,1790932512796775.293	,10.320,0.000000,0
7,aclnnInplaceCopy_CastAiCore_Cast,N/A,N/A,1790932512796785.633	,11.901,0.180000,0
7,aclnnMul_MulAiCore_Mul,N/A,N/A,1790932512796797.554	,21.940,0.000000,0
7,aclnnInplaceCopy_SliceAiCore_Slice,N/A,N/A,1790932512796819.514	,8.640,0.060000,0
7,aclnnInplaceCopy_CastAiCore_Cast,N/A,N/A,1790932512796828.174	,7.380,0.110000,0
7,aclnnNeg_SliceAiCore_Slice,N/A,N/A,1790932512796835.574	,15.881,0.000000,0
7,aclnnNeg_NegAiCore_Neg,N/A,N/A,1790932512796851.475	,10.000,0.119000,0
7,aclnnCat_SliceAiCore_Slice,N/A,N/A,1790932512796861.495	,14.180,0.000000,0
7,aclnnCat_ConcatD_ConcatD,N/A,N/A,1790932512796875.695	,12.040,0.070000,0
7,aclnnMul_MulAiCore_Mul,N/A,N/A,1790932512796887.755	,24.261,0.000000,0
7,aclnnAdd_AddAiCore_Add,N/A,N/A,1790932512796912.056	,16.620,0.000000,0
7,aclnnInplaceCopy_CastAiCore_Cast,N/A,N/A,1790932512796928.716	,12.401,0.130000,0
7,aclnnInplaceCopy_TransposeAiCore_Transpose,N/A,N/A,1790932512796941.137	,31.680,0.099000,0
7,aclnnInplaceCopy_TransposeAiCore_Transpose,N/A,N/A,1790932512796972.837	,22.541,0.000000,0
7,aclnnInplaceCopy_AsStridedAiCore_AsStrided,N/A,N/A,1790932512796995.418	,19.040,0.209000,0
7,InnerPromptFlashAttention_PromptFlashAttention_PromptFlashAttention,N/A,N/A,1790932512797015.458	,1297.946,0.960000,0
7,aclnnInplaceCopy_TransposeAiCore_Transpose,N/A,N/A,1790932512798314.464	,24.700,1.054000,0
7,aclnnAddmm_MatMulCommon_MatMulV2,N/A,N/A,1790932512798339.184	,44.101,0.050000,0
7,aclnnAdd_AddAiCore_Add,N/A,N/A,1790932512798383.305	,14.081,0.000000,0
7,aclnnInplaceCopy_CastAiCore_Cast,N/A,N/A,1790932512798397.406	,11.760,0.169000,0
7,aclnnMean_ReduceMeanAiCore_ReduceMean,N/A,N/A,1790932512798410.266	,24.140,0.990000,0
7,aclnnSub_SubAiCore_Sub,N/A,N/A,1790932512798435.166	,25.801,0.860000,0
7,aclnnPowTensorScalar_PowsAiCore_Pows,N/A,N/A,1790932512798460.987	,24.160,0.000000,0
7,aclnnMean_ReduceMeanAiCore_ReduceMean,N/A,N/A,1790932512798486.447	,22.621,1.340000,0
7,aclnnAdds_AddAiCore_Add,N/A,N/A,1790932512798510.148	,1.740,1.129000,0
7,aclnnRsqrt_RsqrtAiCore_Rsqrt,N/A,N/A,1790932512798511.908	,1.840,0.010000,0
7,aclnnMul_MulAiCore_Mul,N/A,N/A,1790932512798513.768	,26.480,0.000000,0
7,aclnnInplaceCopy_CastAiCore_Cast,N/A,N/A,1790932512798540.268	,12.321,0.020000,0
7,aclnnMul_MulAiCore_Mul,N/A,N/A,1790932512798552.629	,14.040,0.179000,0
7,aclnnAdd_AddAiCore_Add,N/A,N/A,1790932512798566.689	,13.340,0.000000,0
7,aclnnAddmm_MatMulV3Common_MatMulV3,N/A,N/A,1790932512798580.049	,141.703,0.000000,0
7,aclnnGeluV2_GeluV2_GeluV2,N/A,N/A,1790932512798721.792	,77.002,0.047000,0
7,aclnnAddmm_MatMulV3Common_MatMulV3,N/A,N/A,1790932512798798.814	,142.703,0.000000,0
7,aclnnAdd_AddAiCore_Add,N/A,N/A,1790932512798941.537	,12.780,0.047000,0
7,aclnnInplaceCopy_CastAiCore_Cast,N/A,N/A,1790932512798954.337	,11.740,0.000000,0
7,aclnnMean_ReduceMeanAiCore_ReduceMean,N/A,N/A,1790932512798967.477	,23.240,1.510000,0
7,aclnnSub_SubAiCore_Sub,N/A,N/A,1790932512798991.758	,28.200,1.010000,0
7,aclnnPowTensorScalar_PowsAiCore_Pows,N/A,N/A,1790932512799019.978	,24.681,0.050000,0
7,aclnnMean_ReduceMeanAiCore_ReduceMean,N/A,N/A,1790932512799046.019	,22.860,1.319000,0
7,aclnnAdds_AddAiCore_Add,N/A,N/A,1790932512799069.659	,1.600,0.890000,0
7,aclnnRsqrt_RsqrtAiCore_Rsqrt,N/A,N/A,1790932512799071.299	,1.680,0.000000,0
7,aclnnMul_MulAiCore_Mul,N/A,N/A,1790932512799072.999	,26.361,0.070000,0
7,aclnnInplaceCopy_CastAiCore_Cast,N/A,N/A,1790932512799099.400	,13.780,0.139000,0
7,aclnnMul_MulAiCore_Mul,N/A,N/A,1790932512799113.200	,20.660,0.000000,0
7,aclnnAdd_AddAiCore_Add,N/A,N/A,1790932512799133.880	,14.041,0.090000,0
7,aclnnAddmm_MatMulV3Common_MatMulV3,N/A,N/A,1790932512799147.941	,105.242,0.000000,0
7,aclnnInplaceCopy_SliceAiCore_Slice,N/A,N/A,1790932512799253.203	,11.200,0.008000,0
7,aclnnInplaceCopy_CastAiCore_Cast,N/A,N/A,1790932512799264.443	,12.020,0.050000,0
7,aclnnMul_MulAiCore_Mul,N/A,N/A,1790932512799276.483	,31.121,0.000000,0
7,aclnnInplaceCopy_SliceAiCore_Slice,N/A,N/A,1790932512799307.644	,8.600,0.129000,0
7,aclnnInplaceCopy_CastAiCore_Cast,N/A,N/A,1790932512799316.284	,7.540,0.000000,0
7,aclnnNeg_SliceAiCore_Slice,N/A,N/A,1790932512799323.844	,19.501,0.000000,0
7,aclnnNeg_NegAiCore_Neg,N/A,N/A,1790932512799343.365	,10.000,0.000000,0
7,aclnnCat_SliceAiCore_Slice,N/A,N/A,1790932512799353.385	,13.400,0.250000,0
7,aclnnCat_ConcatD_ConcatD,N/A,N/A,1790932512799366.805	,18.600,0.000000,0
7,aclnnMul_MulAiCore_Mul,N/A,N/A,1790932512799385.425	,24.461,0.150000,0
7,aclnnAdd_AddAiCore_Add,N/A,N/A,1790932512799409.906	,17.260,0.039000,0
7,aclnnInplaceCopy_CastAiCore_Cast,N/A,N/A,1790932512799427.186	,12.480,0.000000,0
7,aclnnInplaceCopy_SliceAiCore_Slice,N/A,N/A,1790932512799439.686	,10.421,0.020000,0
7,aclnnInplaceCopy_CastAiCore_Cast,N/A,N/A,1790932512799450.147	,11.600,0.079000,0
7,aclnnMul_MulAiCore_Mul,N/A,N/A,1790932512799461.767	,22.440,0.000000,0
7,aclnnInplaceCopy_SliceAiCore_Slice,N/A,N/A,1790932512799484.227	,7.861,0.060000,0
7,aclnnInplaceCopy_CastAiCore_Cast,N/A,N/A,1790932512799492.128	,7.360,0.139000,0
7,aclnnNeg_SliceAiCore_Slice,N/A,N/A,1790932512799499.508	,15.600,0.000000,0
7,aclnnNeg_NegAiCore_Neg,N/A,N/A,1790932512799515.128	,10.000,0.150000,0
7,aclnnCat_SliceAiCore_Slice,N/A,N/A,1790932512799525.148	,13.240,0.000000,0
7,aclnnCat_ConcatD_ConcatD,N/A,N/A,1790932512799538.408	,11.641,0.010000,0
7,aclnnMul_MulAiCore_Mul,N/A,N/A,1790932512799550.069	,24.480,0.000000,0
7,aclnnAdd_AddAiCore_Add,N/A,N/A,1790932512799574.569	,16.440,0.020000,0
7,aclnnInplaceCopy_CastAiCore_Cast,N/A,N/A,1790932512799591.029	,12.621,0.060000,0
7,aclnnInplaceCopy_TransposeAiCore_Transpose,N/A,N/A,1790932512799603.670	,26.580,0.129000,0
7,aclnnInplaceCopy_TransposeAiCore_Transpose,N/A,N/A,1790932512799630.270	,18.041,0.000000,0
7,aclnnInplaceCopy_AsStridedAiCore_AsStrided,N/A,N/A,1790932512799648.331	,19.300,0.000000,0
7,InnerPromptFlashAttention_PromptFlashAttention_PromptFlashAttention,N/A,N/A,1790932512799668.871	,1309.426,1.200000,0
7,aclnnInplaceCopy_TransposeAiCore_Transpose,N/A,N/A,1790932512800979.517	,30.021,1.324000,0
7,aclnnAddmm_MatMulCommon_MatMulV2,N/A,N/A,1790932512801009.558	,43.601,0.000000,0
7,aclnnAdd_AddAiCore_Add,N/A,N/A,1790932512801053.199	,12.480,0.149000,0
7,aclnnInplaceCopy_CastAiCore_Cast,N/A,N/A,1790932512801065.699	,11.840,0.020000,0
7,aclnnMean_ReduceMeanAiCore_ReduceMean,N/A,N/A,1790932512801078.919	,24.441,1.410000,0
7,aclnnSub_SubAiCore_Sub,N/A,N/A,1790932512801104.400	,26.220,1.059000,0
7,aclnnPowTensorScalar_PowsAiCore_Pows,N/A,N/A,1790932512801130.640	,25.541,0.030000,0
7,aclnnMean_ReduceMeanAiCore_ReduceMean,N/A,N/A,1790932512801157.481	,23.000,1.209000,0
7,aclnnAdds_AddAiCore_Add,N/A,N/A,1790932512801181.141	,1.620,0.750000,0
7,aclnnRsqrt_RsqrtAiCore_Rsqrt,N/A,N/A,1790932512801182.781	,2.300,0.000000,0
7,aclnnMul_MulAiCore_Mul,N/A,N/A,1790932512801185.101	,25.701,0.000000,0
7,aclnnInplaceCopy_CastAiCore_Cast,N/A,N/A,1790932512801210.822	,12.440,0.049000,0
7,aclnnMul_MulAiCore_Mul,N/A,N/A,1790932512801223.282	,14.460,0.060000,0
7,aclnnAdd_AddAiCore_Add,N/A,N/A,1790932512801237.762	,13.481,0.040000,0
7,aclnnAddmm_MatMulV3Common_MatMulV3,N/A,N/A,1790932512801251.263	,141.962,0.019000,0
7,aclnnGeluV2_GeluV2_GeluV2,N/A,N/A,1790932512801393.245	,77.022,0.038000,0
7,aclnnAddmm_MatMulV3Common_MatMulV3,N/A,N/A,1790932512801470.407	,142.083,0.228000,0
7,aclnnAdd_AddAiCore_Add,N/A,N/A,1790932512801612.510	,12.700,0.000000,0
7,aclnnInplaceCopy_CastAiCore_Cast,N/A,N/A,1790932512801625.230	,11.720,0.050000,0
7,aclnnMean_ReduceMeanAiCore_ReduceMean,N/A,N/A,1790932512801638.410	,23.521,1.530000,0
7,aclnnSub_SubAiCore_Sub,N/A,N/A,1790932512801662.691	,26.980,0.729000,0
7,aclnnPowTensorScalar_PowsAiCore_Pows,N/A,N/A,1790932512801689.691	,25.421,0.020000,0
7,aclnnMean_ReduceMeanAiCore_ReduceMean,N/A,N/A,1790932512801716.312	,22.420,1.079000,0
7,aclnnAdds_AddAiCore_Add,N/A,N/A,1790932512801739.972	,1.740,1.330000,0
7,aclnnRsqrt_RsqrtAiCore_Rsqrt,N/A,N/A,1790932512801741.732	,1.660,0.010000,0
7,aclnnMul_MulAiCore_Mul,N/A,N/A,1790932512801743.432	,26.121,0.090000,0
7,aclnnInplaceCopy_CastAiCore_Cast,N/A,N/A,1790932512801769.573	,12.360,0.000000,0
7,aclnnMul_MulAiCore_Mul,N/A,N/A,1790932512801781.953	,14.421,0.140000,0
7,aclnnAdd_AddAiCore_Add,N/A,N/A,1790932512801796.394	,13.540,0.079000,0
7,aclnnAddmm_MatMulV3Common_MatMulV3,N/A,N/A,1790932512801809.974	,107.462,0.000000,0
7,aclnnInplaceCopy_SliceAiCore_Slice,N/A,N/A,1790932512801917.456	,11.020,0.038000,0
7,aclnnInplaceCopy_CastAiCore_Cast,N/A,N/A,1790932512801928.496	,11.840,0.000000,0
7,aclnnMul_MulAiCore_Mul,N/A,N/A,1790932512801940.356	,31.621,0.000000,0
7,aclnnInplaceCopy_SliceAiCore_Slice,N/A,N/A,1790932512801972.017	,8.700,0.129000,0
7,aclnnInplaceCopy_CastAiCore_Cast,N/A,N/A,1790932512801980.737	,7.420,0.050000,0
7,aclnnNeg_SliceAiCore_Slice,N/A,N/A,1790932512801988.177	,18.981,0.080000,0
7,aclnnNeg_NegAiCore_Neg,N/A,N/A,1790932512802007.178	,10.040,0.019000,0
7,aclnnCat_SliceAiCore_Slice,N/A,N/A,1790932512802017.238	,13.680,0.000000,0
7,aclnnCat_ConcatD_ConcatD,N/A,N/A,1790932512802030.938	,19.221,0.070000,0
7,aclnnMul_MulAiCore_Mul,N/A,N/A,1790932512802050.199	,23.280,0.029000,0
7,aclnnAdd_AddAiCore_Add,N/A,N/A,1790932512802073.499	,16.940,0.000000,0
7,aclnnInplaceCopy_CastAiCore_Cast,N/A,N/A,1790932512802090.459	,12.601,0.060000,0
7,aclnnInplaceCopy_SliceAiCore_Slice,N/A,N/A,1790932512802103.080	,10.360,0.000000,0
7,aclnnInplaceCopy_CastAiCore_Cast,N/A,N/A,1790932512802113.460	,11.760,0.140000,0
7,aclnnMul_MulAiCore_Mul,N/A,N/A,1790932512802125.240	,21.841,0.000000,0
7,aclnnInplaceCopy_SliceAiCore_Slice,N/A,N/A,1790932512802147.101	,8.540,0.000000,0
7,aclnnInplaceCopy_CastAiCore_Cast,N/A,N/A,1790932512802155.661	,7.360,0.210000,0
7,aclnnNeg_SliceAiCore_Slice,N/A,N/A,1790932512802163.041	,15.860,0.000000,0
7,aclnnNeg_NegAiCore_Neg,N/A,N/A,1790932512802178.921	,11.500,0.140000,0
7,aclnnCat_SliceAiCore_Slice,N/A,N/A,1790932512802190.441	,14.381,0.000000,0
7,aclnnCat_ConcatD_ConcatD,N/A,N/A,1790932512802204.842	,12.560,0.000000,0
7,aclnnMul_MulAiCore_Mul,N/A,N/A,1790932512802217.422	,24.000,0.190000,0
7,aclnnAdd_AddAiCore_Add,N/A,N/A,1790932512802241.442	,16.821,0.000000,0
7,aclnnInplaceCopy_CastAiCore_Cast,N/A,N/A,1790932512802258.283	,12.440,0.000000,0
7,aclnnInplaceCopy_TransposeAiCore_Transpose,N/A,N/A,1790932512802270.743	,25.441,0.060000,0
7,aclnnInplaceCopy_TransposeAiCore_Transpose,N/A,N/A,1790932512802296.204	,18.420,0.059000,0
7,aclnnInplaceCopy_AsStridedAiCore_AsStrided,N/A,N/A,1790932512802314.644	,19.580,0.080000,0
7,InnerPromptFlashAttention_PromptFlashAttention_PromptFlashAttention,N/A,N/A,1790932512802335.304	,1295.966,0.920000,0
7,aclnnInplaceCopy_TransposeAiCore_Transpose,N/A,N/A,1790932512803632.050	,25.001,0.784000,0
7,aclnnAddmm_MatMulCommon_MatMulV2,N/A,N/A,1790932512803657.071	,43.021,0.000000,0
7,aclnnAdd_AddAiCore_Add,N/A,N/A,1790932512803700.112	,14.240,0.000000,0
7,aclnnInplaceCopy_CastAiCore_Cast,N/A,N/A,1790932512803714.372	,11.880,0.010000,0
7,aclnnMean_ReduceMeanAiCore_ReduceMean,N/A,N/A,1790932512803727.252	,23.841,1.120000,0
7,aclnnSub_SubAiCore_Sub,N/A,N/A,1790932512803752.173	,25.560,1.159000,0
7,aclnnPowTensorScalar_PowsAiCore_Pows,N/A,N/A,1790932512803777.753	,24.461,0.000000,0
7,aclnnMean_ReduceMeanAiCore_ReduceMean,N/A,N/A,1790932512803803.494	,22.300,1.289000,0
7,aclnnAdds_AddAiCore_Add,N/A,N/A,1790932512803826.614	,1.740,0.700000,0
7,aclnnRsqrt_RsqrtAiCore_Rsqrt,N/A,N/A,1790932512803828.394	,1.840,0.260000,0
7,aclnnMul_MulAiCore_Mul,N/A,N/A,1790932512803830.254	,26.441,0.000000,0
7,aclnnInplaceCopy_CastAiCore_Cast,N/A,N/A,1790932512803856.715	,12.500,0.059000,0
7,aclnnMul_MulAiCore_Mul,N/A,N/A,1790932512803869.255	,14.580,0.000000,0
7,aclnnAdd_AddAiCore_Add,N/A,N/A,1790932512803883.855	,13.801,0.000000,0
7,aclnnAddmm_MatMulV3Common_MatMulV3,N/A,N/A,1790932512803897.676	,141.802,0.199000,0
7,aclnnGeluV2_GeluV2_GeluV2,N/A,N/A,1790932512804039.498	,77.122,0.000000,0
7,aclnnAddmm_MatMulV3Common_MatMulV3,N/A,N/A,1790932512804116.780	,144.203,0.128000,0
7,aclnnAdd_AddAiCore_Add,N/A,N/A,1790932512804261.003	,12.820,0.047000,0
7,aclnnInplaceCopy_CastAiCore_Cast,N/A,N/A,1790932512804273.843	,11.920,0.000000,0
7,aclnnMean_ReduceMeanAiCore_ReduceMean,N/A,N/A,1790932512804286.843	,23.541,1.080000,0
7,aclnnSub_SubAiCore_Sub,N/A,N/A,1790932512804311.144	,28.360,0.959000,0
7,aclnnPowTensorScalar_PowsAiCore_Pows,N/A,N/A,1790932512804339.524	,25.261,0.000000,0
7,aclnnMean_ReduceMeanAiCore_ReduceMean,N/A,N/A,1790932512804365.985	,22.740,1.239000,0
7,aclnnAdds_AddAiCore_Add,N/A,N/A,1790932512804389.645	,1.600,1.010000,0
7,aclnnRsqrt_RsqrtAiCore_Rsqrt,N/A,N/A,1790932512804391.265	,1.580,0.000000,0
7,aclnnMul_MulAiCore_Mul,N/A,N/A,1790932512804392.865	,25.741,0.000000,0
7,aclnnInplaceCopy_CastAiCore_Cast,N/A,N/A,1790932512804418.626	,14.500,0.259000,0
7,aclnnMul_MulAiCore_Mul,N/A,N/A,1790932512804433.166	,14.981,0.000000,0
7,aclnnAdd_AddAiCore_Add,N/A,N/A,1790932512804448.167	,13.840,0.019000,0
7,aclnnAddmm_MatMulV3Common_MatMulV3,N/A,N/A,1790932512804462.027	,106.042,0.000000,0
7,aclnnInplaceCopy_SliceAiCore_Slice,N/A,N/A,1790932512804568.089	,11.080,0.000000,0
7,aclnnInplaceCopy_CastAiCore_Cast,N/A,N/A,1790932512804579.189	,12.000,0.170000,0
7,aclnnMul_MulAiCore_Mul,N/A,N/A,1790932512804591.229	,30.761,0.000000,0
7,aclnnInplaceCopy_SliceAiCore_Slice,N/A,N/A,1790932512804622.010	,8.620,0.000000,0
7,aclnnInplaceCopy_CastAiCore_Cast,N/A,N/A,1790932512804630.650	,7.460,0.130000,0
7,aclnnNeg_SliceAiCore_Slice,N/A,N/A,1790932512804638.130	,20.621,0.040000,0
7,aclnnNeg_NegAiCore_Neg,N/A,N/A,1790932512804658.771	,9.960,0.000000,0
7,aclnnCat_SliceAiCore_Slice,N/A,N/A,1790932512804668.751	,12.660,0.040000,0
7,aclnnCat_ConcatD_ConcatD,N/A,N/A,1790932512804681.431	,18.681,0.090000,0
7,aclnnMul_MulAiCore_Mul,N/A,N/A,1790932512804700.132	,23.960,0.069000,0
7,aclnnAdd_AddAiCore_Add,N/A,N/A,1790932512804724.112	,17.300,0.000000,0
7,aclnnInplaceCopy_CastAiCore_Cast,N/A,N/A,1790932512804741.452	,12.541,0.200000,0
7,aclnnInplaceCopy_SliceAiCore_Slice,N/A,N/A,1790932512804754.013	,10.240,0.000000,0
7,aclnnInplaceCopy_CastAiCore_Cast,N/A,N/A,1790932512804764.293	,11.620,0.010000,0
7,aclnnMul_MulAiCore_Mul,N/A,N/A,1790932512804775.933	,22.541,0.130000,0
7,aclnnInplaceCopy_SliceAiCore_Slice,N/A,N/A,1790932512804798.494	,7.960,0.000000,0
7,aclnnInplaceCopy_CastAiCore_Cast,N/A,N/A,1790932512804806.474	,7.340,0.040000,0
7,aclnnNeg_SliceAiCore_Slice,N/A,N/A,1790932512804813.854	,15.500,0.000000,0
7,aclnnNeg_NegAiCore_Neg,N/A,N/A,1790932512804829.374	,9.880,0.000000,0
7,aclnnCat_SliceAiCore_Slice,N/A,N/A,1790932512804839.274	,13.081,0.120000,0
7,aclnnCat_ConcatD_ConcatD,N/A,N/A,1790932512804852.375	,11.340,0.169000,0
7,aclnnMul_MulAiCore_Mul,N/A,N/A,1790932512804863.735	,24.220,0.000000,0
7,aclnnAdd_AddAiCore_Add,N/A,N/A,1790932512804887.975	,16.681,0.030000,0
7,aclnnInplaceCopy_CastAiCore_Cast,N/A,N/A,1790932512804904.676	,12.400,0.069000,0
7,aclnnInplaceCopy_TransposeAiCore_Transpose,N/A,N/A,1790932512804917.116	,27.080,0.000000,0
7,aclnnInplaceCopy_TransposeAiCore_Transpose,N/A,N/A,1790932512804944.216	,18.321,0.170000,0
7,aclnnInplaceCopy_AsStridedAiCore_AsStrided,N/A,N/A,1790932512804962.557	,18.640,0.000000,0
7,InnerPromptFlashAttention_PromptFlashAttention_PromptFlashAttention,N/A,N/A,1790932512804982.637	,1302.186,1.610000,0
7,aclnnInplaceCopy_TransposeAiCore_Transpose,N/A,N/A,1790932512806286.143	,29.801,1.314000,0
7,aclnnAddmm_MatMulCommon_MatMulV2,N/A,N/A,1790932512806315.964	,44.141,0.000000,0
7,aclnnAdd_AddAiCore_Add,N/A,N/A,1790932512806360.125	,12.420,0.000000,0
7,aclnnInplaceCopy_CastAiCore_Cast,N/A,N/A,1790932512806372.565	,11.980,0.080000,0
7,aclnnMean_ReduceMeanAiCore_ReduceMean,N/A,N/A,1790932512806385.545	,24.121,1.020000,0
7,aclnnSub_SubAiCore_Sub,N/A,N/A,1790932512806410.426	,25.840,0.879000,0
7,aclnnPowTensorScalar_PowsAiCore_Pows,N/A,N/A,1790932512806436.286	,24.641,0.000000,0
7,aclnnMean_ReduceMeanAiCore_ReduceMean,N/A,N/A,1790932512806462.327	,22.700,1.359000,0
7,aclnnAdds_AddAiCore_Add,N/A,N/A,1790932512806486.007	,1.540,1.050000,0
7,aclnnRsqrt_RsqrtAiCore_Rsqrt,N/A,N/A,1790932512806487.567	,1.860,0.000000,0
7,aclnnMul_MulAiCore_Mul,N/A,N/A,1790932512806489.447	,26.601,0.140000,0
7,aclnnInplaceCopy_CastAiCore_Cast,N/A,N/A,1790932512806516.088	,12.820,0.000000,0
7,aclnnMul_MulAiCore_Mul,N/A,N/A,1790932512806528.928	,14.820,0.180000,0
7,aclnnAdd_AddAiCore_Add,N/A,N/A,1790932512806543.768	,13.261,0.000000,0
7,aclnnAddmm_MatMulV3Common_MatMulV3,N/A,N/A,1790932512806557.049	,144.243,0.000000,0
7,aclnnGeluV2_GeluV2_GeluV2,N/A,N/A,1790932512806701.312	,77.141,0.007000,0
7,aclnnAddmm_MatMulV3Common_MatMulV3,N/A,N/A,1790932512806778.613	,141.683,0.109000,0
7,aclnnAdd_AddAiCore_Add,N/A,N/A,1790932512806920.316	,12.440,0.067000,0
7,aclnnInplaceCopy_CastAiCore_Cast,N/A,N/A,1790932512806932.776	,11.660,0.060000,0
7,aclnnMean_ReduceMeanAiCore_ReduceMean,N/A,N/A,1790932512806945.676	,23.281,1.340000,0
7,aclnnSub_SubAiCore_Sub,N/A,N/A,1790932512806969.937	,26.400,0.969000,0
7,aclnnPowTensorScalar_PowsAiCore_Pows,N/A,N/A,1790932512806996.357	,26.261,0.000000,0
7,aclnnMean_ReduceMeanAiCore_ReduceMean,N/A,N/A,1790932512807023.558	,23.400,0.989000,0
7,aclnnAdds_AddAiCore_Add,N/A,N/A,1790932512807047.838	,1.941,0.850000,0
7,aclnnRsqrt_RsqrtAiCore_Rsqrt,N/A,N/A,1790932512807049.819	,1.560,0.059000,0
7,aclnnMul_MulAiCore_Mul,N/A,N/A,1790932512807051.399	,26.280,0.190000,0
7,aclnnInplaceCopy_CastAiCore_Cast,N/A,N/A,1790932512807077.699	,12.220,0.000000,0
7,aclnnMul_MulAiCore_Mul,N/A,N/A,1790932512807089.959	,15.541,0.030000,0
7,aclnnAdd_AddAiCore_Add,N/A,N/A,1790932512807105.520	,13.220,0.000000,0
7,aclnnAddmm_MatMulV3Common_MatMulV3,N/A,N/A,1790932512807118.780	,104.582,0.030000,0
7,aclnnInplaceCopy_SliceAiCore_Slice,N/A,N/A,1790932512807223.402	,11.080,0.168000,0
7,aclnnInplaceCopy_CastAiCore_Cast,N/A,N/A,1790932512807234.502	,11.780,0.000000,0
7,aclnnMul_MulAiCore_Mul,N/A,N/A,1790932512807246.302	,30.981,0.000000,0
7,aclnnInplaceCopy_SliceAiCore_Slice,N/A,N/A,1790932512807277.323	,8.640,0.019000,0
7,aclnnInplaceCopy_CastAiCore_Cast,N/A,N/A,1790932512807285.983	,7.280,0.110000,0
7,aclnnNeg_SliceAiCore_Slice,N/A,N/A,1790932512807293.283	,19.101,0.000000,0
7,aclnnNeg_NegAiCore_Neg,N/A,N/A,1790932512807312.404	,10.140,0.149000,0
7,aclnnCat_SliceAiCore_Slice,N/A,N/A,1790932512807322.564	,13.500,0.000000,0
7,aclnnCat_ConcatD_ConcatD,N/A,N/A,1790932512807336.084	,18.681,0.000000,0
7,aclnnMul_MulAiCore_Mul,N/A,N/A,1790932512807354.785	,22.900,0.069000,0
7,aclnnAdd_AddAiCore_Add,N/A,N/A,1790932512807377.725	,16.780,0.100000,0
7,aclnnInplaceCopy_CastAiCore_Cast,N/A,N/A,1790932512807394.525	,12.421,0.000000,0
7,aclnnInplaceCopy_SliceAiCore_Slice,N/A,N/A,1790932512807406.966	,10.240,0.079000,0
7,aclnnInplaceCopy_CastAiCore_Cast,N/A,N/A,1790932512807417.226	,11.800,0.010000,0
7,aclnnMul_MulAiCore_Mul,N/A,N/A,1790932512807429.066	,22.241,0.000000,0
7,aclnnInplaceCopy_SliceAiCore_Slice,N/A,N/A,1790932512807451.327	,9.560,0.009000,0
7,aclnnInplaceCopy_CastAiCore_Cast,N/A,N/A,1790932512807460.907	,7.620,0.190000,0
7,aclnnNeg_SliceAiCore_Slice,N/A,N/A,1790932512807468.547	,15.920,0.000000,0
7,aclnnNeg_NegAiCore_Neg,N/A,N/A,1790932512807484.487	,9.940,0.080000,0
7,aclnnCat_SliceAiCore_Slice,N/A,N/A,1790932512807494.447	,14.341,0.060000,0
7,aclnnCat_ConcatD_ConcatD,N/A,N/A,1790932512807508.808	,12.680,0.000000,0
7,aclnnMul_MulAiCore_Mul,N/A,N/A,1790932512807521.508	,23.660,0.070000,0
7,aclnnAdd_AddAiCore_Add,N/A,N/A,1790932512807545.188	,16.721,0.090000,0
7,aclnnInplaceCopy_CastAiCore_Cast,N/A,N/A,1790932512807561.929	,12.440,0.029000,0
7,aclnnInplaceCopy_TransposeAiCore_Transpose,N/A,N/A,1790932512807574.389	,26.401,0.060000,0
7,aclnnInplaceCopy_TransposeAiCore_Transpose,N/A,N/A,1790932512807600.810	,18.860,0.000000,0
7,aclnnInplaceCopy_AsStridedAiCore_AsStrided,N/A,N/A,1790932512807619.690	,19.320,0.140000,0
7,InnerPromptFlashAttention_PromptFlashAttention_PromptFlashAttention,N/A,N/A,1790932512807640.250	,1297.226,1.180000,0
7,aclnnInplaceCopy_TransposeAiCore_Transpose,N/A,N/A,1790932512808938.736	,24.201,1.274000,0
7,aclnnAddmm_MatMulCommon_MatMulV2,N/A,N/A,1790932512808962.957	,43.441,0.049000,0
7,aclnnAdd_AddAiCore_Add,N/A,N/A,1790932512809006.418	,12.440,0.059000,0
7,aclnnInplaceCopy_CastAiCore_Cast,N/A,N/A,1790932512809018.898	,11.920,0.060000,0
7,aclnnMean_ReduceMeanAiCore_ReduceMean,N/A,N/A,1790932512809032.178	,24.441,1.330000,0
7,aclnnSub_SubAiCore_Sub,N/A,N/A,1790932512809057.659	,26.560,1.059000,0
7,aclnnPowTensorScalar_PowsAiCore_Pows,N/A,N/A,1790932512809084.259	,23.601,0.000000,0
7,aclnnMean_ReduceMeanAiCore_ReduceMean,N/A,N/A,1790932512809108.960	,22.360,1.149000,0
7,aclnnAdds_AddAiCore_Add,N/A,N/A,1790932512809131.980	,1.720,0.640000,0
7,aclnnRsqrt_RsqrtAiCore_Rsqrt,N/A,N/A,1790932512809133.720	,1.840,0.030000,0
7,aclnnMul_MulAiCore_Mul,N/A,N/A,1790932512809135.580	,26.381,0.000000,0
7,aclnnInplaceCopy_CastAiCore_Cast,N/A,N/A,1790932512809161.981	,12.700,0.119000,0
7,aclnnMul_MulAiCore_Mul,N/A,N/A,1790932512809174.701	,14.640,0.050000,0
7,aclnnAdd_AddAiCore_Add,N/A,N/A,1790932512809189.361	,13.981,0.000000,0
7,aclnnAddmm_MatMulV3Common_MatMulV3,N/A,N/A,1790932512809203.362	,142.162,0.019000,0
7,aclnnGeluV2_GeluV2_GeluV2,N/A,N/A,1790932512809345.544	,77.002,0.088000,0
7,aclnnAddmm_MatMulV3Common_MatMulV3,N/A,N/A,1790932512809422.566	,143.403,0.000000,0
7,aclnnAdd_AddAiCore_Add,N/A,N/A,1790932512809565.989	,12.420,0.097000,0
7,aclnnInplaceCopy_CastAiCore_Cast,N/A,N/A,1790932512809578.449	,11.640,0.080000,0
7,aclnnMean_ReduceMeanAiCore_ReduceMean,N/A,N/A,1790932512809591.549	,23.341,1.360000,0
7,aclnnSub_SubAiCore_Sub,N/A,N/A,1790932512809615.630	,26.460,0.909000,0
7,aclnnPowTensorScalar_PowsAiCore_Pows,N/A,N/A,1790932512809642.110	,21.081,0.000000,0
7,aclnnMean_ReduceMeanAiCore_ReduceMean,N/A,N/A,1790932512809664.531	,23.420,1.419000,0
7,aclnnAdds_AddAiCore_Add,N/A,N/A,1790932512809688.811	,1.620,0.830000,0
7,aclnnRsqrt_RsqrtAiCore_Rsqrt,N/A,N/A,1790932512809690.471	,1.680,0.130000,0
7,aclnnMul_MulAiCore_Mul,N/A,N/A,1790932512809692.171	,26.401,0.070000,0
7,aclnnInplaceCopy_CastAiCore_Cast,N/A,N/A,1790932512809718.592	,13.760,0.000000,0
7,aclnnMul_MulAiCore_Mul,N/A,N/A,1790932512809732.372	,15.660,0.000000,0
7,aclnnAdd_AddAiCore_Add,N/A,N/A,1790932512809748.052	,13.741,0.090000,0
7,aclnnAddmm_MatMulV3Common_MatMulV3,N/A,N/A,1790932512809761.813	,107.202,0.009000,0
7,aclnnInplaceCopy_SliceAiCore_Slice,N/A,N/A,1790932512809869.035	,11.240,0.048000,0
7,aclnnInplaceCopy_CastAiCore_Cast,N/A,N/A,1790932512809880.295	,11.820,0.010000,0
7,aclnnMul_MulAiCore_Mul,N/A,N/A,1790932512809892.155	,31.741,0.180000,0
7,aclnnInplaceCopy_SliceAiCore_Slice,N/A,N/A,1790932512809923.936	,7.860,0.009000,0
7,aclnnInplaceCopy_CastAiCore_Cast,N/A,N/A,1790932512809931.816	,7.180,0.000000,0
7,aclnnNeg_SliceAiCore_Slice,N/A,N/A,1790932512809939.036	,19.181,0.070000,0
7,aclnnNeg_NegAiCore_Neg,N/A,N/A,1790932512809958.237	,10.060,0.069000,0
7,aclnnCat_SliceAiCore_Slice,N/A,N/A,1790932512809968.317	,12.620,0.000000,0
7,aclnnCat_ConcatD_ConcatD,N/A,N/A,1790932512809980.957	,18.760,0.130000,0
7,aclnnMul_MulAiCore_Mul,N/A,N/A,1790932512809999.757	,23.601,0.000000,0
7,aclnnAdd_AddAiCore_Add,N/A,N/A,1790932512810023.378	,17.080,0.149000,0
7,aclnnInplaceCopy_CastAiCore_Cast,N/A,N/A,1790932512810040.478	,12.561,0.000000,0
7,aclnnInplaceCopy_SliceAiCore_Slice,N/A,N/A,1790932512810053.059	,10.280,0.000000,0
7,aclnnInplaceCopy_CastAiCore_Cast,N/A,N/A,1790932512810063.359	,11.700,0.000000,0
7,aclnnMul_MulAiCore_Mul,N/A,N/A,1790932512810075.079	,22.440,0.050000,0
7,aclnnInplaceCopy_SliceAiCore_Slice,N/A,N/A,1790932512810097.539	,7.861,0.060000,0
7,aclnnInplaceCopy_CastAiCore_Cast,N/A,N/A,1790932512810105.420	,7.240,0.139000,0
7,aclnnNeg_SliceAiCore_Slice,N/A,N/A,1790932512810112.700	,15.500,0.010000,0
7,aclnnNeg_NegAiCore_Neg,N/A,N/A,1790932512810128.220	,9.920,0.000000,0
7,aclnnCat_SliceAiCore_Slice,N/A,N/A,1790932512810138.160	,13.200,0.080000,0
7,aclnnCat_ConcatD_ConcatD,N/A,N/A,1790932512810151.400	,11.461,0.050000,0
7,aclnnMul_MulAiCore_Mul,N/A,N/A,1790932512810162.901	,24.380,0.039000,0
7,aclnnAdd_AddAiCore_Add,N/A,N/A,1790932512810187.301	,16.781,0.000000,0
7,aclnnInplaceCopy_CastAiCore_Cast,N/A,N/A,1790932512810204.102	,12.600,0.000000,0
7,aclnnInplaceCopy_TransposeAiCore_Transpose,N/A,N/A,1790932512810216.742	,27.760,0.150000,0
7,aclnnInplaceCopy_TransposeAiCore_Transpose,N/A,N/A,1790932512810244.522	,19.101,0.000000,0
7,aclnnInplaceCopy_AsStridedAiCore_AsStrided,N/A,N/A,1790932512810263.643	,18.900,0.149000,0
7,InnerPromptFlashAttention_PromptFlashAttention_PromptFlashAttention,N/A,N/A,1790932512810283.963	,1305.106,1.350000,0
7,aclnnInplaceCopy_TransposeAiCore_Transpose,N/A,N/A,1790932512811590.069	,29.521,0.894000,0
7,aclnnAddmm_MatMulCommon_MatMulV2,N/A,N/A,1790932512811619.630	,43.121,0.229000,0
7,aclnnAdd_AddAiCore_Add,N/A,N/A,1790932512811662.771	,12.940,0.000000,0
7,aclnnInplaceCopy_CastAiCore_Cast,N/A,N/A,1790932512811675.731	,11.880,0.060000,0
7,aclnnMean_ReduceMeanAiCore_ReduceMean,N/A,N/A,1790932512811688.851	,23.901,1.120000,0
7,aclnnSub_SubAiCore_Sub,N/A,N/A,1790932512811713.732	,26.800,1.099000,0
7,aclnnPowTensorScalar_PowsAiCore_Pows,N/A,N/A,1790932512811740.552	,21.981,0.000000,0
7,aclnnMean_ReduceMeanAiCore_ReduceMean,N/A,N/A,1790932512811763.813	,23.360,1.269000,0
7,aclnnAdds_AddAiCore_Add,N/A,N/A,1790932512811788.073	,1.840,0.890000,0
7,aclnnRsqrt_RsqrtAiCore_Rsqrt,N/A,N/A,1790932512811789.933	,1.860,0.160000,0
7,aclnnMul_MulAiCore_Mul,N/A,N/A,1790932512811791.833	,25.721,0.000000,0
7,aclnnInplaceCopy_CastAiCore_Cast,N/A,N/A,1790932512811817.594	,12.480,0.029000,0
7,aclnnMul_MulAiCore_Mul,N/A,N/A,1790932512811830.094	,14.200,0.020000,0
7,aclnnAdd_AddAiCore_Add,N/A,N/A,1790932512811844.314	,13.241,0.050000,0
7,aclnnAddmm_MatMulV3Common_MatMulV3,N/A,N/A,1790932512811857.575	,142.082,0.009000,0
7,aclnnGeluV2_GeluV2_GeluV2,N/A,N/A,1790932512811999.697	,77.082,0.168000,0
7,aclnnAddmm_MatMulV3Common_MatMulV3,N/A,N/A,1790932512812076.799	,142.523,0.000000,0
7,aclnnAdd_AddAiCore_Add,N/A,N/A,1790932512812219.342	,12.760,0.000000,0
7,aclnnInplaceCopy_CastAiCore_Cast,N/A,N/A,1790932512812232.142	,11.740,0.240000,0
7,aclnnMean_ReduceMeanAiCore_ReduceMean,N/A,N/A,1790932512812245.342	,23.161,1.260000,0
7,aclnnSub_SubAiCore_Sub,N/A,N/A,1790932512812269.643	,25.980,1.339000,0
7,aclnnPowTensorScalar_PowsAiCore_Pows,N/A,N/A,1790932512812295.643	,25.621,0.020000,0
7,aclnnMean_ReduceMeanAiCore_ReduceMean,N/A,N/A,1790932512812322.164	,23.060,0.879000,0
7,aclnnAdds_AddAiCore_Add,N/A,N/A,1790932512812346.464	,1.640,1.190000,0
7,aclnnRsqrt_RsqrtAiCore_Rsqrt,N/A,N/A,1790932512812348.124	,1.720,0.000000,0
7,aclnnMul_MulAiCore_Mul,N/A,N/A,1790932512812349.864	,26.401,0.030000,0
7,aclnnInplaceCopy_CastAiCore_Cast,N/A,N/A,1790932512812376.305	,14.000,0.099000,0
7,aclnnMul_MulAiCore_Mul,N/A,N/A,1790932512812390.325	,20.601,0.000000,0
7,aclnnAdd_AddAiCore_Add,N/A,N/A,1790932512812410.946	,13.760,0.149000,0
7,aclnnAddmm_MatMulV3Common_MatMulV3,N/A,N/A,1790932512812424.746	,107.042,0.000000,0
7,aclnnInplaceCopy_SliceAiCore_Slice,N/A,N/A,1790932512812531.808	,11.080,0.000000,0
7,aclnnInplaceCopy_CastAiCore_Cast,N/A,N/A,1790932512812542.928	,11.760,0.170000,0
7,aclnnMul_MulAiCore_Mul,N/A,N/A,1790932512812554.708	,31.661,0.000000,0
7,aclnnInplaceCopy_SliceAiCore_Slice,N/A,N/A,1790932512812586.389	,9.480,0.089000,0
7,aclnnInplaceCopy_CastAiCore_Cast,N/A,N/A,1790932512812595.889	,7.560,0.020000,0
7,aclnnNeg_SliceAiCore_Slice,N/A,N/A,1790932512812603.469	,19.381,0.000000,0
7,aclnnNeg_NegAiCore_Neg,N/A,N/A,1790932512812622.890	,9.940,0.119000,0
7,aclnnCat_SliceAiCore_Slice,N/A,N/A,1790932512812632.850	,14.280,0.000000,0
7,aclnnCat_ConcatD_ConcatD,N/A,N/A,1790932512812647.150	,18.601,0.220000,0
7,aclnnMul_MulAiCore_Mul,N/A,N/A,1790932512812665.771	,24.640,0.000000,0
7,aclnnAdd_AddAiCore_Add,N/A,N/A,1790932512812690.431	,17.101,0.110000,0
7,aclnnInplaceCopy_CastAiCore_Cast,N/A,N/A,1790932512812707.552	,12.440,0.000000,0
7,aclnnInplaceCopy_SliceAiCore_Slice,N/A,N/A,1790932512812720.032	,10.260,0.060000,0
7,aclnnInplaceCopy_CastAiCore_Cast,N/A,N/A,1790932512812730.332	,11.780,0.000000,0
7,aclnnMul_MulAiCore_Mul,N/A,N/A,1790932512812742.132	,21.821,0.220000,0
7,aclnnInplaceCopy_SliceAiCore_Slice,N/A,N/A,1790932512812763.973	,8.640,0.000000,0
7,aclnnInplaceCopy_CastAiCore_Cast,N/A,N/A,1790932512812772.633	,7.240,0.110000,0
7,aclnnNeg_SliceAiCore_Slice,N/A,N/A,1790932512812779.913	,15.660,0.010000,0
7,aclnnNeg_NegAiCore_Neg,N/A,N/A,1790932512812795.613	,9.881,0.000000,0
7,aclnnCat_SliceAiCore_Slice,N/A,N/A,1790932512812805.514	,13.620,0.119000,0
7,aclnnCat_ConcatD_ConcatD,N/A,N/A,1790932512812819.154	,11.980,0.130000,0
7,aclnnMul_MulAiCore_Mul,N/A,N/A,1790932512812831.154	,23.840,0.020000,0
7,aclnnAdd_AddAiCore_Add,N/A,N/A,1790932512812855.014	,17.001,0.000000,0
7,aclnnInplaceCopy_CastAiCore_Cast,N/A,N/A,1790932512812872.035	,12.600,0.000000,0
7,aclnnInplaceCopy_TransposeAiCore_Transpose,N/A,N/A,1790932512812884.675	,26.521,0.150000,0
7,aclnnInplaceCopy_TransposeAiCore_Transpose,N/A,N/A,1790932512812911.236	,18.560,0.000000,0
7,aclnnInplaceCopy_AsStridedAiCore_AsStrided,N/A,N/A,1790932512812929.816	,19.200,0.000000,0
7,InnerPromptFlashAttention_PromptFlashAttention_PromptFlashAttention,N/A,N/A,1790932512812950.136	,1302.186,1.300000,0
7,aclnnInplaceCopy_TransposeAiCore_Transpose,N/A,N/A,1790932512814253.302	,24.161,0.814000,0
7,aclnnAddmm_MatMulCommon_MatMulV2,N/A,N/A,1790932512814277.483	,42.741,0.089000,0
7,aclnnAdd_AddAiCore_Add,N/A,N/A,1790932512814320.244	,12.600,0.009000,0
7,aclnnInplaceCopy_CastAiCore_Cast,N/A,N/A,1790932512814332.864	,11.780,0.000000,0
7,aclnnMean_ReduceMeanAiCore_ReduceMean,N/A,N/A,1790932512814345.524	,24.321,0.970000,0
7,aclnnSub_SubAiCore_Sub,N/A,N/A,1790932512814371.065	,26.820,1.179000,0
7,aclnnPowTensorScalar_PowsAiCore_Pows,N/A,N/A,1790932512814397.905	,22.961,0.180000,0
7,aclnnMean_ReduceMeanAiCore_ReduceMean,N/A,N/A,1790932512814422.326	,22.400,1.289000,0
7,aclnnAdds_AddAiCore_Add,N/A,N/A,1790932512814445.966	,1.700,1.350000,0
7,aclnnRsqrt_RsqrtAiCore_Rsqrt,N/A,N/A,1790932512814447.686	,1.840,0.050000,0
7,aclnnMul_MulAiCore_Mul,N/A,N/A,1790932512814449.546	,26.461,0.000000,0
7,aclnnInplaceCopy_CastAiCore_Cast,N/A,N/A,1790932512814476.027	,12.620,0.039000,0
7,aclnnMul_MulAiCore_Mul,N/A,N/A,1790932512814488.667	,14.580,0.130000,0
7,aclnnAdd_AddAiCore_Add,N/A,N/A,1790932512814503.267	,14.001,0.000000,0
7,aclnnAddmm_MatMulV3Common_MatMulV3,N/A,N/A,1790932512814517.308	,141.003,0.000000,0
7,aclnnGeluV2_GeluV2_GeluV2,N/A,N/A,1790932512814658.331	,77.121,0.000000,0
7,aclnnAddmm_MatMulV3Common_MatMulV3,N/A,N/A,1790932512814735.612	,142.923,0.129000,0
7,aclnnAdd_AddAiCore_Add,N/A,N/A,1790932512814878.555	,12.300,0.077000,0
7,aclnnInplaceCopy_CastAiCore_Cast,N/A,N/A,1790932512814890.875	,11.660,0.200000,0
7,aclnnMean_ReduceMeanAiCore_ReduceMean,N/A,N/A,1790932512814903.475	,23.441,0.840000,0
7,aclnnSub_SubAiCore_Sub,N/A,N/A,1790932512814927.756	,25.760,0.809000,0
7,aclnnPowTensorScalar_PowsAiCore_Pows,N/A,N/A,1790932512814953.536	,20.881,0.000000,0
7,aclnnMean_ReduceMeanAiCore_ReduceMean,N/A,N/A,1790932512814975.517	,23.260,1.119000,0
7,aclnnAdds_AddAiCore_Add,N/A,N/A,1790932512814999.797	,1.800,0.990000,0
7,aclnnRsqrt_RsqrtAiCore_Rsqrt,N/A,N/A,1790932512815001.617	,1.580,0.000000,0
7,aclnnMul_MulAiCore_Mul,N/A,N/A,1790932512815003.237	,26.141,0.170000,0
7,aclnnInplaceCopy_CastAiCore_Cast,N/A,N/A,1790932512815029.398	,12.840,0.109000,0
7,aclnnMul_MulAiCore_Mul,N/A,N/A,1790932512815042.278	,14.600,0.000000,0
7,aclnnAdd_AddAiCore_Add,N/A,N/A,1790932512815056.918	,13.541,0.150000,0
7,aclnnAddmm_MatMulV3Common_MatMulV3,N/A,N/A,1790932512815070.479	,107.602,0.000000,0
7,aclnnInplaceCopy_SliceAiCore_Slice,N/A,N/A,1790932512815178.101	,11.020,0.000000,0
7,aclnnInplaceCopy_CastAiCore_Cast,N/A,N/A,1790932512815189.141	,11.640,0.230000,0
7,aclnnMul_MulAiCore_Mul,N/A,N/A,1790932512815200.801	,31.441,0.000000,0
7,aclnnInplaceCopy_SliceAiCore_Slice,N/A,N/A,1790932512815232.262	,8.320,0.059000,0
7,aclnnInplaceCopy_CastAiCore_Cast,N/A,N/A,1790932512815240.602	,7.360,0.000000,0
7,aclnnNeg_SliceAiCore_Slice,N/A,N/A,1790932512815247.982	,19.021,0.140000,0
7,aclnnNeg_NegAiCore_Neg,N/A,N/A,1790932512815267.023	,10.200,0.000000,0
7,aclnnCat_SliceAiCore_Slice,N/A,N/A,1790932512815277.243	,13.860,0.050000,0
7,aclnnCat_ConcatD_ConcatD,N/A,N/A,1790932512815291.123	,18.921,0.000000,0
7,aclnnMul_MulAiCore_Mul,N/A,N/A,1790932512815310.064	,24.140,0.079000,0
7,aclnnAdd_AddAiCore_Add,N/A,N/A,1790932512815334.224	,17.520,0.110000,0
7,aclnnInplaceCopy_CastAiCore_Cast,N/A,N/A,1790932512815351.784	,12.441,0.000000,0
7,aclnnInplaceCopy_SliceAiCore_Slice,N/A,N/A,1790932512815364.265	,10.220,0.059000,0
7,aclnnInplaceCopy_CastAiCore_Cast,N/A,N/A,1790932512815374.525	,11.660,0.030000,0
7,aclnnMul_MulAiCore_Mul,N/A,N/A,1790932512815386.205	,22.801,0.090000,0
7,aclnnInplaceCopy_SliceAiCore_Slice,N/A,N/A,1790932512815409.026	,7.900,0.000000,0
7,aclnnInplaceCopy_CastAiCore_Cast,N/A,N/A,1790932512815416.946	,7.280,0.100000,0
7,aclnnNeg_SliceAiCore_Slice,N/A,N/A,1790932512815424.266	,15.620,0.000000,0
7,aclnnNeg_NegAiCore_Neg,N/A,N/A,1790932512815439.906	,9.920,0.130000,0
7,aclnnCat_SliceAiCore_Slice,N/A,N/A,1790932512815449.846	,13.141,0.000000,0
7,aclnnCat_ConcatD_ConcatD,N/A,N/A,1790932512815463.007	,11.560,0.109000,0
7,aclnnMul_MulAiCore_Mul,N/A,N/A,1790932512815474.607	,23.880,0.000000,0
7,aclnnAdd_AddAiCore_Add,N/A,N/A,1790932512815498.507	,16.701,0.120000,0
7,aclnnInplaceCopy_CastAiCore_Cast,N/A,N/A,1790932512815515.228	,12.340,0.049000,0
7,aclnnInplaceCopy_TransposeAiCore_Transpose,N/A,N/A,1790932512815527.608	,25.800,0.000000,0
7,aclnnInplaceCopy_TransposeAiCore_Transpose,N/A,N/A,1790932512815553.428	,19.221,0.200000,0
7,aclnnInplaceCopy_AsStridedAiCore_AsStrided,N/A,N/A,1790932512815572.669	,19.000,0.029000,0
7,InnerPromptFlashAttention_PromptFlashAttention_PromptFlashAttention,N/A,N/A,1790932512815592.729	,1300.206,1.000000,0
7,aclnnInplaceCopy_TransposeAiCore_Transpose,N/A,N/A,1790932512816894.295	,29.721,1.294000,0
7,aclnnAddmm_MatMulCommon_MatMulV2,N/A,N/A,1790932512816924.036	,43.181,0.029000,0
7,aclnnAdd_AddAiCore_Add,N/A,N/A,1790932512816967.257	,12.500,0.069000,0
7,aclnnInplaceCopy_CastAiCore_Cast,N/A,N/A,1790932512816979.777	,11.900,0.000000,0
7,aclnnMean_ReduceMeanAiCore_ReduceMean,N/A,N/A,1790932512816993.057	,24.181,1.350000,0
7,aclnnSub_SubAiCore_Sub,N/A,N/A,1790932512817017.938	,25.660,0.819000,0
7,aclnnPowTensorScalar_PowsAiCore_Pows,N/A,N/A,1790932512817043.638	,23.221,0.090000,0
7,aclnnMean_ReduceMeanAiCore_ReduceMean,N/A,N/A,1790932512817068.039	,22.920,1.029000,0
7,aclnnAdds_AddAiCore_Add,N/A,N/A,1790932512817091.739	,1.920,0.830000,0
7,aclnnRsqrt_RsqrtAiCore_Rsqrt,N/A,N/A,1790932512817093.679	,1.800,0.080000,0
7,aclnnMul_MulAiCore_Mul,N/A,N/A,1790932512817095.499	,26.641,0.000000,0
7,aclnnInplaceCopy_CastAiCore_Cast,N/A,N/A,1790932512817122.160	,12.340,0.109000,0
7,aclnnMul_MulAiCore_Mul,N/A,N/A,1790932512817134.520	,14.200,0.000000,0
7,aclnnAdd_AddAiCore_Add,N/A,N/A,1790932512817148.740	,13.441,0.050000,0
7,aclnnAddmm_MatMulV3Common_MatMulV3,N/A,N/A,1790932512817162.201	,142.542,0.059000,0
7,aclnnGeluV2_GeluV2_GeluV2,N/A,N/A,1790932512817304.763	,77.422,0.000000,0
7,aclnnAddmm_MatMulV3Common_MatMulV3,N/A,N/A,1790932512817382.345	,142.663,0.078000,0
7,aclnnAdd_AddAiCore_Add,N/A,N/A,1790932512817525.028	,12.680,0.087000,0
7,aclnnInplaceCopy_CastAiCore_Cast,N/A,N/A,1790932512817537.728	,11.840,0.070000,0
7,aclnnMean_ReduceMeanAiCore_ReduceMean,N/A,N/A,1790932512817550.908	,23.381,1.410000,0
7,aclnnSub_SubAiCore_Sub,N/A,N/A,1790932512817575.169	,26.560,0.869000,0
7,aclnnPowTensorScalar_PowsAiCore_Pows,N/A,N/A,1790932512817601.749	,26.141,0.000000,0
7,aclnnMean_ReduceMeanAiCore_ReduceMean,N/A,N/A,1790932512817628.830	,23.540,0.859000,0
7,aclnnAdds_AddAiCore_Add,N/A,N/A,1790932512817653.110	,1.620,0.710000,0
7,aclnnRsqrt_RsqrtAiCore_Rsqrt,N/A,N/A,1790932512817654.750	,1.560,0.130000,0
7,aclnnMul_MulAiCore_Mul,N/A,N/A,1790932512817656.350	,26.101,0.000000,0
7,aclnnInplaceCopy_CastAiCore_Cast,N/A,N/A,1790932512817682.471	,14.120,0.149000,0
7,aclnnMul_MulAiCore_Mul,N/A,N/A,1790932512817696.611	,15.721,0.000000,0
7,aclnnAdd_AddAiCore_Add,N/A,N/A,1790932512817712.352	,13.700,0.029000,0
7,aclnnAddmm_MatMulV3Common_MatMulV3,N/A,N/A,1790932512817726.092	,108.402,0.050000,0
7,aclnnInplaceCopy_SliceAiCore_Slice,N/A,N/A,1790932512817834.534	,11.060,0.098000,0
7,aclnnInplaceCopy_CastAiCore_Cast,N/A,N/A,1790932512817845.614	,11.840,0.000000,0
7,aclnnMul_MulAiCore_Mul,N/A,N/A,1790932512817857.474	,31.281,0.160000,0
7,aclnnInplaceCopy_SliceAiCore_Slice,N/A,N/A,1790932512817888.775	,8.720,0.000000,0
7,aclnnInplaceCopy_CastAiCore_Cast,N/A,N/A,1790932512817897.535	,7.240,0.030000,0
7,aclnnNeg_SliceAiCore_Slice,N/A,N/A,1790932512817904.795	,18.901,0.010000,0
7,aclnnNeg_NegAiCore_Neg,N/A,N/A,1790932512817923.716	,10.360,0.099000,0
7,aclnnCat_SliceAiCore_Slice,N/A,N/A,1790932512817934.096	,14.320,0.000000,0
7,aclnnCat_ConcatD_ConcatD,N/A,N/A,1790932512817948.456	,19.021,0.180000,0
7,aclnnMul_MulAiCore_Mul,N/A,N/A,1790932512817967.497	,23.660,0.000000,0
7,aclnnAdd_AddAiCore_Add,N/A,N/A,1790932512817991.197	,17.100,0.090000,0
7,aclnnInplaceCopy_CastAiCore_Cast,N/A,N/A,1790932512818008.337	,12.581,0.000000,0
7,aclnnInplaceCopy_SliceAiCore_Slice,N/A,N/A,1790932512818020.938	,13.460,0.169000,0
7,aclnnInplaceCopy_CastAiCore_Cast,N/A,N/A,1790932512818034.418	,14.480,0.040000,0
7,aclnnMul_MulAiCore_Mul,N/A,N/A,1790932512818048.918	,22.521,0.020000,0
7,aclnnInplaceCopy_SliceAiCore_Slice,N/A,N/A,1790932512818071.459	,8.980,0.000000,0
7,aclnnInplaceCopy_CastAiCore_Cast,N/A,N/A,1790932512818080.479	,7.500,0.020000,0
7,aclnnNeg_SliceAiCore_Slice,N/A,N/A,1790932512818087.999	,15.940,0.000000,0
7,aclnnNeg_NegAiCore_Neg,N/A,N/A,1790932512818103.959	,10.001,0.060000,0
7,aclnnCat_SliceAiCore_Slice,N/A,N/A,1790932512818113.980	,14.040,0.000000,0
7,aclnnCat_ConcatD_ConcatD,N/A,N/A,1790932512818128.040	,12.220,0.000000,0
7,aclnnMul_MulAiCore_Mul,N/A,N/A,1790932512818140.300	,24.101,0.030000,0
7,aclnnAdd_AddAiCore_Add,N/A,N/A,1790932512818164.421	,17.080,0.149000,0
7,aclnnInplaceCopy_CastAiCore_Cast,N/A,N/A,1790932512818181.521	,12.540,0.000000,0
7,aclnnInplaceCopy_TransposeAiCore_Transpose,N/A,N/A,1790932512818194.081	,26.081,0.000000,0
7,aclnnInplaceCopy_TransposeAiCore_Transpose,N/A,N/A,1790932512818220.182	,18.640,0.169000,0
7,aclnnInplaceCopy_AsStridedAiCore_AsStrided,N/A,N/A,1790932512818238.842	,19.500,0.000000,0
7,InnerPromptFlashAttention_PromptFlashAttention_PromptFlashAttention,N/A,N/A,1790932512818259.242	,1300.286,1.000000,0
7,aclnnInplaceCopy_TransposeAiCore_Transpose,N/A,N/A,1790932512819560.728	,24.941,1.214000,0
7,aclnnAddmm_MatMulCommon_MatMulV2,N/A,N/A,1790932512819585.689	,43.041,0.059000,0
7,aclnnAdd_AddAiCore_Add,N/A,N/A,1790932512819628.750	,13.120,0.000000,0
7,aclnnInplaceCopy_CastAiCore_Cast,N/A,N/A,1790932512819641.890	,11.680,0.130000,0
7,aclnnMean_ReduceMeanAiCore_ReduceMean,N/A,N/A,1790932512819654.770	,24.141,1.070000,0
7,aclnnSub_SubAiCore_Sub,N/A,N/A,1790932512819679.671	,27.060,0.859000,0
7,aclnnPowTensorScalar_PowsAiCore_Pows,N/A,N/A,1790932512819706.751	,22.701,0.000000,0
7,aclnnMean_ReduceMeanAiCore_ReduceMean,N/A,N/A,1790932512819730.412	,22.560,1.049000,0
7,aclnnAdds_AddAiCore_Add,N/A,N/A,1790932512819754.092	,1.700,0.940000,0
7,aclnnRsqrt_RsqrtAiCore_Rsqrt,N/A,N/A,1790932512819755.812	,1.840,0.050000,0
7,aclnnMul_MulAiCore_Mul,N/A,N/A,1790932512819757.672	,26.781,0.160000,0
7,aclnnInplaceCopy_CastAiCore_Cast,N/A,N/A,1790932512819784.473	,12.280,0.000000,0
7,aclnnMul_MulAiCore_Mul,N/A,N/A,1790932512819796.773	,14.200,0.000000,0
7,aclnnAdd_AddAiCore_Add,N/A,N/A,1790932512819811.013	,14.001,0.050000,0
7,aclnnAddmm_MatMulV3Common_MatMulV3,N/A,N/A,1790932512819825.034	,142.263,0.000000,0
7,aclnnGeluV2_GeluV2_GeluV2,N/A,N/A,1790932512819967.317	,77.101,0.000000,0
7,aclnnAddmm_MatMulV3Common_MatMulV3,N/A,N/A,1790932512820044.578	,144.583,0.149000,0
7,aclnnAdd_AddAiCore_Add,N/A,N/A,1790932512820189.201	,12.600,0.167000,0
7,aclnnInplaceCopy_CastAiCore_Cast,N/A,N/A,1790932512820201.821	,11.861,0.000000,0
7,aclnnMean_ReduceMeanAiCore_ReduceMean,N/A,N/A,1790932512820215.082	,23.420,1.389000,0
7,aclnnSub_SubAiCore_Sub,N/A,N/A,1790932512820239.342	,25.821,0.830000,0
7,aclnnPowTensorScalar_PowsAiCore_Pows,N/A,N/A,1790932512820265.183	,20.820,0.179000,0
7,aclnnMean_ReduceMeanAiCore_ReduceMean,N/A,N/A,1790932512820287.063	,22.940,0.930000,0
7,aclnnAdds_AddAiCore_Add,N/A,N/A,1790932512820310.723	,1.720,0.810000,0
7,aclnnRsqrt_RsqrtAiCore_Rsqrt,N/A,N/A,1790932512820312.483	,1.601,0.030000,0
7,aclnnMul_MulAiCore_Mul,N/A,N/A,1790932512820314.104	,25.940,0.000000,0
7,aclnnInplaceCopy_CastAiCore_Cast,N/A,N/A,1790932512820340.084	,12.960,0.060000,0
7,aclnnMul_MulAiCore_Mul,N/A,N/A,1790932512820353.064	,14.221,0.040000,0
7,aclnnAdd_AddAiCore_Add,N/A,N/A,1790932512820367.305	,13.420,0.029000,0
7,aclnnAddmm_MatMulV3Common_MatMulV3,N/A,N/A,1790932512820380.765	,106.362,0.080000,0
7,aclnnInplaceCopy_SliceAiCore_Slice,N/A,N/A,1790932512820487.147	,11.100,0.138000,0
7,aclnnInplaceCopy_CastAiCore_Cast,N/A,N/A,1790932512820498.267	,11.780,0.000000,0
7,aclnnMul_MulAiCore_Mul,N/A,N/A,1790932512820510.087	,31.401,0.000000,0
7,aclnnInplaceCopy_SliceAiCore_Slice,N/A,N/A,1790932512820541.508	,8.800,0.099000,0
7,aclnnInplaceCopy_CastAiCore_Cast,N/A,N/A,1790932512820550.328	,7.460,0.000000,0
7,aclnnNeg_SliceAiCore_Slice,N/A,N/A,1790932512820557.808	,19.181,0.040000,0
7,aclnnNeg_NegAiCore_Neg,N/A,N/A,1790932512820577.029	,10.020,0.069000,0
7,aclnnCat_SliceAiCore_Slice,N/A,N/A,1790932512820587.069	,13.560,0.000000,0
7,aclnnCat_ConcatD_ConcatD,N/A,N/A,1790932512820600.649	,18.861,0.190000,0
7,aclnnMul_MulAiCore_Mul,N/A,N/A,1790932512820619.530	,24.440,0.000000,0
7,aclnnAdd_AddAiCore_Add,N/A,N/A,1790932512820644.010	,17.160,0.060000,0
7,aclnnInplaceCopy_CastAiCore_Cast,N/A,N/A,1790932512820661.190	,12.521,0.090000,0
7,aclnnInplaceCopy_SliceAiCore_Slice,N/A,N/A,1790932512820673.751	,10.540,0.000000,0
7,aclnnInplaceCopy_CastAiCore_Cast,N/A,N/A,1790932512820684.311	,11.780,0.000000,0
7,aclnnMul_MulAiCore_Mul,N/A,N/A,1790932512820696.111	,23.361,0.000000,0
7,aclnnInplaceCopy_SliceAiCore_Slice,N/A,N/A,1790932512820719.492	,7.920,0.139000,0
7,aclnnInplaceCopy_CastAiCore_Cast,N/A,N/A,1790932512820727.432	,7.200,0.080000,0
7,aclnnNeg_SliceAiCore_Slice,N/A,N/A,1790932512820734.672	,15.940,0.050000,0
7,aclnnNeg_NegAiCore_Neg,N/A,N/A,1790932512820750.632	,9.980,0.060000,0
7,aclnnCat_SliceAiCore_Slice,N/A,N/A,1790932512820760.652	,13.061,0.020000,0
7,aclnnCat_ConcatD_ConcatD,N/A,N/A,1790932512820773.733	,11.480,0.000000,0
7,aclnnMul_MulAiCore_Mul,N/A,N/A,1790932512820785.233	,23.860,0.020000,0
7,aclnnAdd_AddAiCore_Add,N/A,N/A,1790932512820809.113	,19.641,0.000000,0
7,aclnnInplaceCopy_CastAiCore_Cast,N/A,N/A,1790932512820828.774	,12.580,0.109000,0
7,aclnnInplaceCopy_TransposeAiCore_Transpose,N/A,N/A,1790932512820841.374	,27.161,0.000000,0
7,aclnnInplaceCopy_TransposeAiCore_Transpose,N/A,N/A,1790932512820868.555	,20.280,0.089000,0
7,aclnnInplaceCopy_AsStridedAiCore_AsStrided,N/A,N/A,1790932512820888.855	,18.480,0.000000,0
7,InnerPromptFlashAttention_PromptFlashAttention_PromptFlashAttention,N/A,N/A,1790932512820908.415	,1298.886,1.270000,0
7,aclnnInplaceCopy_TransposeAiCore_Transpose,N/A,N/A,1790932512822208.461	,24.901,1.114000,0
7,aclnnAddmm_MatMulCommon_MatMulV2,N/A,N/A,1790932512822233.382	,43.501,0.099000,0
7,aclnnAdd_AddAiCore_Add,N/A,N/A,1790932512822276.903	,14.580,0.000000,0
7,aclnnInplaceCopy_CastAiCore_Cast,N/A,N/A,1790932512822291.503	,11.900,0.000000,0
7,aclnnMean_ReduceMeanAiCore_ReduceMean,N/A,N/A,1790932512822304.863	,24.441,1.350000,0
7,aclnnSub_SubAiCore_Sub,N/A,N/A,1790932512822330.364	,26.500,1.059000,0
7,aclnnPowTensorScalar_PowsAiCore_Pows,N/A,N/A,1790932512822356.884	,22.141,0.250000,0
7,aclnnMean_ReduceMeanAiCore_ReduceMean,N/A,N/A,1790932512822380.485	,22.420,1.359000,0
7,aclnnAdds_AddAiCore_Add,N/A,N/A,1790932512822404.125	,2.020,1.080000,0
7,aclnnRsqrt_RsqrtAiCore_Rsqrt,N/A,N/A,1790932512822406.165	,1.780,0.230000,0
7,aclnnMul_MulAiCore_Mul,N/A,N/A,1790932512822407.985	,26.361,0.000000,0
7,aclnnInplaceCopy_CastAiCore_Cast,N/A,N/A,1790932512822434.366	,12.220,0.000000,0
7,aclnnMul_MulAiCore_Mul,N/A,N/A,1790932512822446.606	,13.920,0.030000,0
7,aclnnAdd_AddAiCore_Add,N/A,N/A,1790932512822460.546	,13.161,0.080000,0
7,aclnnAddmm_MatMulV3Common_MatMulV3,N/A,N/A,1790932512822473.727	,144.803,0.089000,0
7,aclnnGeluV2_GeluV2_GeluV2,N/A,N/A,1790932512822618.550	,77.721,0.000000,0
7,aclnnAddmm_MatMulV3Common_MatMulV3,N/A,N/A,1790932512822696.431	,142.263,0.279000,0
7,aclnnAdd_AddAiCore_Add,N/A,N/A,1790932512822838.714	,12.880,0.000000,0
7,aclnnInplaceCopy_CastAiCore_Cast,N/A,N/A,1790932512822851.614	,11.780,0.000000,0
7,aclnnMean_ReduceMeanAiCore_ReduceMean,N/A,N/A,1790932512822864.414	,23.261,1.220000,0
7,aclnnSub_SubAiCore_Sub,N/A,N/A,1790932512822888.695	,26.080,0.989000,0
7,aclnnPowTensorScalar_PowsAiCore_Pows,N/A,N/A,1790932512822914.815	,23.201,0.000000,0
7,aclnnMean_ReduceMeanAiCore_ReduceMean,N/A,N/A,1790932512822939.396	,22.880,1.549000,0
7,aclnnAdds_AddAiCore_Add,N/A,N/A,1790932512822963.056	,1.800,0.620000,0
7,aclnnRsqrt_RsqrtAiCore_Rsqrt,N/A,N/A,1790932512822964.896	,1.681,0.200000,0
7,aclnnMul_MulAiCore_Mul,N/A,N/A,1790932512822966.597	,26.080,0.000000,0
7,aclnnInplaceCopy_CastAiCore_Cast,N/A,N/A,1790932512822992.717	,13.040,0.170000,0
7,aclnnMul_MulAiCore_Mul,N/A,N/A,1790932512823005.777	,15.061,0.000000,0
7,aclnnAdd_AddAiCore_Add,N/A,N/A,1790932512823020.858	,13.600,0.000000,0
7,aclnnAddmm_MatMulV3Common_MatMulV3,N/A,N/A,1790932512823034.478	,106.462,0.150000,0
7,aclnnInplaceCopy_SliceAiCore_Slice,N/A,N/A,1790932512823140.960	,11.120,0.038000,0
7,aclnnInplaceCopy_CastAiCore_Cast,N/A,N/A,1790932512823152.120	,11.720,0.000000,0
7,aclnnMul_MulAiCore_Mul,N/A,N/A,1790932512823163.860	,31.541,0.030000,0
7,aclnnInplaceCopy_SliceAiCore_Slice,N/A,N/A,1790932512823195.421	,9.380,0.209000,0
7,aclnnInplaceCopy_CastAiCore_Cast,N/A,N/A,1790932512823204.821	,7.540,0.000000,0
7,aclnnNeg_SliceAiCore_Slice,N/A,N/A,1790932512823212.381	,19.021,0.210000,0
7,aclnnNeg_NegAiCore_Neg,N/A,N/A,1790932512823231.422	,11.100,0.000000,0
7,aclnnCat_SliceAiCore_Slice,N/A,N/A,1790932512823242.542	,14.420,0.000000,0
7,aclnnCat_ConcatD_ConcatD,N/A,N/A,1790932512823257.002	,18.681,0.080000,0
7,aclnnMul_MulAiCore_Mul,N/A,N/A,1790932512823275.703	,23.840,0.069000,0
7,aclnnAdd_AddAiCore_Add,N/A,N/A,1790932512823299.563	,16.981,0.000000,0
7,aclnnInplaceCopy_CastAiCore_Cast,N/A,N/A,1790932512823316.564	,12.380,0.019000,0
7,aclnnInplaceCopy_SliceAiCore_Slice,N/A,N/A,1790932512823328.984	,10.240,0.120000,0
7,aclnnInplaceCopy_CastAiCore_Cast,N/A,N/A,1790932512823339.244	,11.940,0.010000,0
7,aclnnMul_MulAiCore_Mul,N/A,N/A,1790932512823351.204	,22.661,0.060000,0
7,aclnnInplaceCopy_SliceAiCore_Slice,N/A,N/A,1790932512823373.905	,9.000,0.089000,0
7,aclnnInplaceCopy_CastAiCore_Cast,N/A,N/A,1790932512823382.925	,7.680,0.000000,0
7,aclnnNeg_SliceAiCore_Slice,N/A,N/A,1790932512823390.625	,15.920,0.000000,0
7,aclnnNeg_NegAiCore_Neg,N/A,N/A,1790932512823406.565	,10.061,0.080000,0
7,aclnnCat_SliceAiCore_Slice,N/A,N/A,1790932512823416.666	,13.500,0.189000,0
7,aclnnCat_ConcatD_ConcatD,N/A,N/A,1790932512823430.186	,11.800,0.000000,0
7,aclnnMul_MulAiCore_Mul,N/A,N/A,1790932512823442.006	,23.861,0.000000,0
7,aclnnAdd_AddAiCore_Add,N/A,N/A,1790932512823465.887	,17.140,0.139000,0
7,aclnnInplaceCopy_CastAiCore_Cast,N/A,N/A,1790932512823483.047	,12.580,0.000000,0
7,aclnnInplaceCopy_TransposeAiCore_Transpose,N/A,N/A,1790932512823495.667	,31.061,0.170000,0
7,aclnnInplaceCopy_TransposeAiCore_Transpose,N/A,N/A,1790932512823526.748	,19.320,0.000000,0
7,aclnnInplaceCopy_AsStridedAiCore_AsStrided,N/A,N/A,1790932512823546.088	,18.780,0.000000,0
7,InnerPromptFlashAttention_PromptFlashAttention_PromptFlashAttention,N/A,N/A,1790932512823566.169	,1299.625,1.470000,0
7,aclnnInplaceCopy_TransposeAiCore_Transpose,N/A,N/A,1790932512824867.175	,25.280,1.375000,0
7,aclnnAddmm_MatMulCommon_MatMulV2,N/A,N/A,1790932512824892.475	,43.461,0.000000,0
7,aclnnAdd_AddAiCore_Add,N/A,N/A,1790932512824935.956	,12.600,0.039000,0
7,aclnnInplaceCopy_CastAiCore_Cast,N/A,N/A,1790932512824948.576	,11.800,0.000000,0
7,aclnnMean_ReduceMeanAiCore_ReduceMean,N/A,N/A,1790932512824961.856	,23.301,1.450000,0
7,aclnnSub_SubAiCore_Sub,N/A,N/A,1790932512824986.157	,26.740,1.199000,0
7,aclnnPowTensorScalar_PowsAiCore_Pows,N/A,N/A,1790932512825012.917	,21.881,0.010000,0
7,aclnnMean_ReduceMeanAiCore_ReduceMean,N/A,N/A,1790932512825036.278	,22.460,1.369000,0
7,aclnnAdds_AddAiCore_Add,N/A,N/A,1790932512825059.938	,1.620,1.290000,0
7,aclnnRsqrt_RsqrtAiCore_Rsqrt,N/A,N/A,1790932512825061.598	,1.800,0.000000,0
7,aclnnMul_MulAiCore_Mul,N/A,N/A,1790932512825063.418	,26.881,0.200000,0
7,aclnnInplaceCopy_CastAiCore_Cast,N/A,N/A,1790932512825090.339	,12.460,0.000000,0
7,aclnnMul_MulAiCore_Mul,N/A,N/A,1790932512825102.819	,13.600,0.040000,0
7,aclnnAdd_AddAiCore_Add,N/A,N/A,1790932512825116.439	,12.961,0.150000,0
7,aclnnAddmm_MatMulV3Common_MatMulV3,N/A,N/A,1790932512825129.420	,142.603,0.039000,0
7,aclnnGeluV2_GeluV2_GeluV2,N/A,N/A,1790932512825272.063	,77.081,0.000000,0
7,aclnnAddmm_MatMulV3Common_MatMulV3,N/A,N/A,1790932512825349.304	,144.443,0.169000,0
7,aclnnAdd_AddAiCore_Add,N/A,N/A,1790932512825493.767	,12.660,0.057000,0
7,aclnnInplaceCopy_CastAiCore_Cast,N/A,N/A,1790932512825506.467	,12.001,0.090000,0
7,aclnnMean_ReduceMeanAiCore_ReduceMean,N/A,N/A,1790932512825519.468	,23.960,0.999000,0
7,aclnnSub_SubAiCore_Sub,N/A,N/A,1790932512825544.348	,26.161,0.790000,0
7,aclnnPowTensorScalar_PowsAiCore_Pows,N/A,N/A,1790932512825570.549	,20.920,0.089000,0
7,aclnnMean_ReduceMeanAiCore_ReduceMean,N/A,N/A,1790932512825592.649	,22.480,1.330000,0
7,aclnnAdds_AddAiCore_Add,N/A,N/A,1790932512825616.309	,1.741,1.020000,0
7,aclnnRsqrt_RsqrtAiCore_Rsqrt,N/A,N/A,1790932512825618.070	,1.600,0.009000,0
7,aclnnMul_MulAiCore_Mul,N/A,N/A,1790932512825619.690	,26.320,0.150000,0
7,aclnnInplaceCopy_CastAiCore_Cast,N/A,N/A,1790932512825646.030	,13.280,0.000000,0
7,aclnnMul_MulAiCore_Mul,N/A,N/A,1790932512825659.330	,20.121,0.000000,0
7,aclnnAdd_AddAiCore_Add,N/A,N/A,1790932512825679.471	,14.120,0.129000,0
7,aclnnAddmm_MatMulV3Common_MatMulV3,N/A,N/A,1790932512825693.631	,109.142,0.130000,0
7,aclnnInplaceCopy_SliceAiCore_Slice,N/A,N/A,1790932512825802.793	,11.380,0.000000,0
7,aclnnInplaceCopy_CastAiCore_Cast,N/A,N/A,1790932512825814.193	,11.681,0.120000,0
7,aclnnMul_MulAiCore_Mul,N/A,N/A,1790932512825825.894	,31.360,0.069000,0
7,aclnnInplaceCopy_SliceAiCore_Slice,N/A,N/A,1790932512825857.274	,8.620,0.000000,0
7,aclnnInplaceCopy_CastAiCore_Cast,N/A,N/A,1790932512825865.934	,7.621,0.130000,0
7,aclnnNeg_SliceAiCore_Slice,N/A,N/A,1790932512825873.575	,19.140,0.000000,0
7,aclnnNeg_NegAiCore_Neg,N/A,N/A,1790932512825892.735	,10.040,0.110000,0
7,aclnnCat_SliceAiCore_Slice,N/A,N/A,1790932512825902.795	,12.820,0.000000,0
7,aclnnCat_ConcatD_ConcatD,N/A,N/A,1790932512825915.635	,18.761,0.180000,0
7,aclnnMul_MulAiCore_Mul,N/A,N/A,1790932512825934.416	,25.780,0.000000,0
7,aclnnAdd_AddAiCore_Add,N/A,N/A,1790932512825960.216	,17.141,0.000000,0
7,aclnnInplaceCopy_CastAiCore_Cast,N/A,N/A,1790932512825977.377	,12.460,0.109000,0
7,aclnnInplaceCopy_SliceAiCore_Slice,N/A,N/A,1790932512825989.857	,10.460,0.000000,0
7,aclnnInplaceCopy_CastAiCore_Cast,N/A,N/A,1790932512826000.337	,11.800,0.040000,0
7,aclnnMul_MulAiCore_Mul,N/A,N/A,1790932512826012.157	,22.681,0.200000,0
7,aclnnInplaceCopy_SliceAiCore_Slice,N/A,N/A,1790932512826034.858	,7.940,0.000000,0
7,aclnnInplaceCopy_CastAiCore_Cast,N/A,N/A,1790932512826042.838	,7.000,0.060000,0
7,aclnnNeg_SliceAiCore_Slice,N/A,N/A,1790932512826049.858	,15.580,0.000000,0
7,aclnnNeg_NegAiCore_Neg,N/A,N/A,1790932512826065.478	,10.001,0.170000,0
7,aclnnCat_SliceAiCore_Slice,N/A,N/A,1790932512826075.519	,13.340,0.000000,0
7,aclnnCat_ConcatD_ConcatD,N/A,N/A,1790932512826088.879	,11.600,0.160000,0
7,aclnnMul_MulAiCore_Mul,N/A,N/A,1790932512826100.499	,23.861,0.000000,0
7,aclnnAdd_AddAiCore_Add,N/A,N/A,1790932512826124.380	,16.600,0.139000,0
7,aclnnInplaceCopy_CastAiCore_Cast,N/A,N/A,1790932512826141.000	,12.320,0.000000,0
7,aclnnInplaceCopy_TransposeAiCore_Transpose,N/A,N/A,1790932512826153.340	,26.501,0.000000,0
7,aclnnInplaceCopy_TransposeAiCore_Transpose,N/A,N/A,1790932512826179.861	,23.060,0.000000,0
7,aclnnInplaceCopy_AsStridedAiCore_AsStrided,N/A,N/A,1790932512826202.941	,18.601,0.190000,0
7,InnerPromptFlashAttention_PromptFlashAttention_PromptFlashAttention,N/A,N/A,1790932512826222.902	,1291.645,1.399000,0
7,aclnnInplaceCopy_TransposeAiCore_Transpose,N/A,N/A,1790932512827515.527	,25.141,0.855000,0
7,aclnnAddmm_MatMulCommon_MatMulV2,N/A,N/A,1790932512827540.688	,43.701,0.109000,0
7,aclnnAdd_AddAiCore_Add,N/A,N/A,1790932512827584.409	,12.600,0.049000,0
7,aclnnInplaceCopy_CastAiCore_Cast,N/A,N/A,1790932512827597.029	,11.960,0.000000,0
7,aclnnMean_ReduceMeanAiCore_ReduceMean,N/A,N/A,1790932512827610.169	,23.701,1.290000,0
7,aclnnSub_SubAiCore_Sub,N/A,N/A,1790932512827635.050	,26.500,1.049000,0
7,aclnnPowTensorScalar_PowsAiCore_Pows,N/A,N/A,1790932512827661.570	,22.321,0.000000,0
7,aclnnMean_ReduceMeanAiCore_ReduceMean,N/A,N/A,1790932512827685.191	,22.360,1.429000,0
7,aclnnAdds_AddAiCore_Add,N/A,N/A,1790932512827708.271	,1.860,0.640000,0
7,aclnnRsqrt_RsqrtAiCore_Rsqrt,N/A,N/A,1790932512827710.151	,1.800,0.140000,0
7,aclnnMul_MulAiCore_Mul,N/A,N/A,1790932512827711.971	,25.741,0.000000,0
7,aclnnInplaceCopy_CastAiCore_Cast,N/A,N/A,1790932512827737.732	,12.280,0.009000,0
7,aclnnMul_MulAiCore_Mul,N/A,N/A,1790932512827750.032	,13.840,0.000000,0
7,aclnnAdd_AddAiCore_Add,N/A,N/A,1790932512827763.912	,13.901,0.160000,0
7,aclnnAddmm_MatMulV3Common_MatMulV3,N/A,N/A,1790932512827777.833	,144.063,0.000000,0
7,aclnnGeluV2_GeluV2_GeluV2,N/A,N/A,1790932512827921.936	,77.241,0.187000,0
7,aclnnAddmm_MatMulV3Common_MatMulV3,N/A,N/A,1790932512827999.317	,141.183,0.009000,0
7,aclnnAdd_AddAiCore_Add,N/A,N/A,1790932512828140.520	,12.880,0.067000,0
7,aclnnInplaceCopy_CastAiCore_Cast,N/A,N/A,1790932512828153.420	,11.920,0.120000,0
7,aclnnMean_ReduceMeanAiCore_ReduceMean,N/A,N/A,1790932512828166.740	,23.301,1.330000,0
7,aclnnSub_SubAiCore_Sub,N/A,N/A,1790932512828190.961	,26.420,0.949000,0
7,aclnnPowTensorScalar_PowsAiCore_Pows,N/A,N/A,1790932512828217.421	,25.281,0.080000,0
7,aclnnMean_ReduceMeanAiCore_ReduceMean,N/A,N/A,1790932512828244.022	,22.420,1.219000,0
7,aclnnAdds_AddAiCore_Add,N/A,N/A,1790932512828267.682	,1.580,1.330000,0
7,aclnnRsqrt_RsqrtAiCore_Rsqrt,N/A,N/A,1790932512828269.282	,1.561,0.000000,0
7,aclnnMul_MulAiCore_Mul,N/A,N/A,1790932512828270.863	,26.340,0.000000,0
7,aclnnInplaceCopy_CastAiCore_Cast,N/A,N/A,1790932512828297.223	,14.120,0.160000,0
7,aclnnMul_MulAiCore_Mul,N/A,N/A,1790932512828311.363	,16.501,0.000000,0
7,aclnnAdd_AddAiCore_Add,N/A,N/A,1790932512828327.884	,13.520,0.249000,0
7,aclnnAddmm_MatMulV3Common_MatMulV3,N/A,N/A,1790932512828341.424	,108.242,0.000000,0
7,aclnnInplaceCopy_SliceAiCore_Slice,N/A,N/A,1790932512828449.686	,11.300,0.008000,0
7,aclnnInplaceCopy_CastAiCore_Cast,N/A,N/A,1790932512828461.026	,11.621,0.000000,0
7,aclnnMul_MulAiCore_Mul,N/A,N/A,1790932512828472.667	,32.180,0.129000,0
7,aclnnInplaceCopy_SliceAiCore_Slice,N/A,N/A,1790932512828504.867	,9.380,0.000000,0
7,aclnnInplaceCopy_CastAiCore_Cast,N/A,N/A,1790932512828514.267	,7.501,0.120000,0
7,aclnnNeg_SliceAiCore_Slice,N/A,N/A,1790932512828521.788	,18.880,0.000000,0
7,aclnnNeg_NegAiCore_Neg,N/A,N/A,1790932512828540.688	,9.940,0.120000,0
7,aclnnCat_SliceAiCore_Slice,N/A,N/A,1790932512828550.648	,13.720,0.060000,0
7,aclnnCat_ConcatD_ConcatD,N/A,N/A,1790932512828564.388	,23.981,0.030000,0
7,aclnnMul_MulAiCore_Mul,N/A,N/A,1790932512828588.389	,23.240,0.019000,0
7,aclnnAdd_AddAiCore_Add,N/A,N/A,1790932512828611.649	,17.361,0.010000,0
7,aclnnInplaceCopy_CastAiCore_Cast,N/A,N/A,1790932512828629.030	,12.440,0.000000,0
7,aclnnInplaceCopy_SliceAiCore_Slice,N/A,N/A,1790932512828641.490	,10.520,0.060000,0
7,aclnnInplaceCopy_CastAiCore_Cast,N/A,N/A,1790932512828652.030	,11.960,0.000000,0
7,aclnnMul_MulAiCore_Mul,N/A,N/A,1790932512828664.030	,22.121,0.040000,0
7,aclnnInplaceCopy_SliceAiCore_Slice,N/A,N/A,1790932512828686.171	,8.900,0.129000,0
7,aclnnInplaceCopy_CastAiCore_Cast,N/A,N/A,1790932512828695.091	,7.440,0.000000,0
7,aclnnNeg_SliceAiCore_Slice,N/A,N/A,1790932512828702.551	,15.580,0.060000,0
7,aclnnNeg_NegAiCore_Neg,N/A,N/A,1790932512828718.151	,10.061,0.170000,0
7,aclnnCat_SliceAiCore_Slice,N/A,N/A,1790932512828728.232	,13.360,0.000000,0
7,aclnnCat_ConcatD_ConcatD,N/A,N/A,1790932512828741.612	,11.680,0.000000,0
7,aclnnMul_MulAiCore_Mul,N/A,N/A,1790932512828753.312	,23.781,0.070000,0
7,aclnnAdd_AddAiCore_Add,N/A,N/A,1790932512828777.113	,16.840,0.000000,0
7,aclnnInplaceCopy_CastAiCore_Cast,N/A,N/A,1790932512828793.973	,12.420,0.160000,0
7,aclnnInplaceCopy_TransposeAiCore_Transpose,N/A,N/A,1790932512828806.413	,26.801,0.080000,0
7,aclnnInplaceCopy_TransposeAiCore_Transpose,N/A,N/A,1790932512828833.234	,21.540,0.000000,0
7,aclnnInplaceCopy_AsStridedAiCore_AsStrided,N/A,N/A,1790932512828854.794	,18.761,0.000000,0
7,InnerPromptFlashAttention_PromptFlashAttention_PromptFlashAttention,N/A,N/A,1790932512828874.515	,1298.806,0.989000,0
7,aclnnInplaceCopy_TransposeAiCore_Transpose,N/A,N/A,1790932512830174.461	,24.740,1.194000,0
7,aclnnAddmm_MatMulCommon_MatMulV2,N/A,N/A,1790932512830199.221	,43.661,0.010000,0
7,aclnnAdd_AddAiCore_Add,N/A,N/A,1790932512830242.902	,12.320,0.089000,0
7,aclnnInplaceCopy_CastAiCore_Cast,N/A,N/A,1790932512830255.262	,11.960,0.000000,0
7,aclnnMean_ReduceMeanAiCore_ReduceMean,N/A,N/A,1790932512830268.542	,23.681,1.290000,0
7,aclnnSub_SubAiCore_Sub,N/A,N/A,1790932512830293.423	,26.120,1.319000,0
7,aclnnPowTensorScalar_PowsAiCore_Pows,N/A,N/A,1790932512830319.563	,24.641,0.000000,0
7,aclnnMean_ReduceMeanAiCore_ReduceMean,N/A,N/A,1790932512830345.284	,22.520,1.109000,0
7,aclnnAdds_AddAiCore_Add,N/A,N/A,1790932512830368.924	,1.720,1.230000,0
7,aclnnRsqrt_RsqrtAiCore_Rsqrt,N/A,N/A,1790932512830370.684	,2.021,0.030000,0
7,aclnnMul_MulAiCore_Mul,N/A,N/A,1790932512830372.725	,26.740,0.000000,0
7,aclnnInplaceCopy_CastAiCore_Cast,N/A,N/A,1790932512830399.485	,12.500,0.010000,0
7,aclnnMul_MulAiCore_Mul,N/A,N/A,1790932512830412.025	,14.281,0.000000,0
7,aclnnAdd_AddAiCore_Add,N/A,N/A,1790932512830426.346	,13.960,0.000000,0
7,aclnnAddmm_MatMulV3Common_MatMulV3,N/A,N/A,1790932512830440.326	,142.863,0.040000,0
7,aclnnGeluV2_GeluV2_GeluV2,N/A,N/A,1790932512830583.209	,77.141,0.137000,0
7,aclnnAddmm_MatMulV3Common_MatMulV3,N/A,N/A,1790932512830660.490	,145.003,0.109000,0
7,aclnnAdd_AddAiCore_Add,N/A,N/A,1790932512830805.513	,12.720,0.000000,0
7,aclnnInplaceCopy_CastAiCore_Cast,N/A,N/A,1790932512830818.253	,11.881,0.030000,0
7,aclnnMean_ReduceMeanAiCore_ReduceMean,N/A,N/A,1790932512830831.474	,23.420,1.369000,0
7,aclnnSub_SubAiCore_Sub,N/A,N/A,1790932512830855.754	,26.281,0.830000,0
7,aclnnPowTensorScalar_PowsAiCore_Pows,N/A,N/A,1790932512830882.055	,20.940,0.000000,0
7,aclnnMean_ReduceMeanAiCore_ReduceMean,N/A,N/A,1790932512830904.095	,22.521,1.060000,0
7,aclnnAdds_AddAiCore_Add,N/A,N/A,1790932512830927.756	,1.760,1.229000,0
7,aclnnRsqrt_RsqrtAiCore_Rsqrt,N/A,N/A,1790932512830929.536	,1.840,0.000000,0
7,aclnnMul_MulAiCore_Mul,N/A,N/A,1790932512830931.396	,26.100,0.160000,0
7,aclnnInplaceCopy_CastAiCore_Cast,N/A,N/A,1790932512830957.536	,13.500,0.000000,0
7,aclnnMul_MulAiCore_Mul,N/A,N/A,1790932512830971.056	,14.501,0.000000,0
7,aclnnAdd_AddAiCore_Add,N/A,N/A,1790932512830985.597	,13.620,0.000000,0
7,aclnnAddmm_MatMulV3Common_MatMulV3,N/A,N/A,1790932512830999.257	,106.262,0.130000,0
7,aclnnInplaceCopy_SliceAiCore_Slice,N/A,N/A,1790932512831105.539	,11.220,0.000000,0
7,aclnnInplaceCopy_CastAiCore_Cast,N/A,N/A,1790932512831116.779	,11.681,0.030000,0
7,aclnnMul_MulAiCore_Mul,N/A,N/A,1790932512831128.500	,31.600,0.069000,0
7,aclnnInplaceCopy_SliceAiCore_Slice,N/A,N/A,1790932512831160.120	,7.860,0.000000,0
7,aclnnInplaceCopy_CastAiCore_Cast,N/A,N/A,1790932512831168.000	,7.161,0.140000,0
7,aclnnNeg_SliceAiCore_Slice,N/A,N/A,1790932512831175.181	,19.100,0.089000,0
7,aclnnNeg_NegAiCore_Neg,N/A,N/A,1790932512831194.301	,10.280,0.000000,0
7,aclnnCat_SliceAiCore_Slice,N/A,N/A,1790932512831204.601	,12.720,0.000000,0
7,aclnnCat_ConcatD_ConcatD,N/A,N/A,1790932512831217.341	,22.961,0.030000,0
7,aclnnMul_MulAiCore_Mul,N/A,N/A,1790932512831240.322	,23.760,0.039000,0
7,aclnnAdd_AddAiCore_Add,N/A,N/A,1790932512831264.102	,16.681,0.000000,0
7,aclnnInplaceCopy_CastAiCore_Cast,N/A,N/A,1790932512831280.803	,12.260,0.069000,0
7,aclnnInplaceCopy_SliceAiCore_Slice,N/A,N/A,1790932512831293.103	,10.300,0.000000,0
7,aclnnInplaceCopy_CastAiCore_Cast,N/A,N/A,1790932512831303.443	,11.640,0.200000,0
7,aclnnMul_MulAiCore_Mul,N/A,N/A,1790932512831315.103	,22.441,0.000000,0
7,aclnnInplaceCopy_SliceAiCore_Slice,N/A,N/A,1790932512831337.564	,7.920,0.059000,0
7,aclnnInplaceCopy_CastAiCore_Cast,N/A,N/A,1790932512831345.504	,7.020,0.080000,0
7,aclnnNeg_SliceAiCore_Slice,N/A,N/A,1790932512831352.564	,17.060,0.000000,0
7,aclnnNeg_NegAiCore_Neg,N/A,N/A,1790932512831369.664	,9.961,0.190000,0
7,aclnnCat_SliceAiCore_Slice,N/A,N/A,1790932512831379.645	,13.380,0.039000,0
7,aclnnCat_ConcatD_ConcatD,N/A,N/A,1790932512831393.065	,11.440,0.000000,0
7,aclnnMul_MulAiCore_Mul,N/A,N/A,1790932512831404.525	,24.401,0.060000,0
7,aclnnAdd_AddAiCore_Add,N/A,N/A,1790932512831428.946	,16.900,0.099000,0
7,aclnnInplaceCopy_CastAiCore_Cast,N/A,N/A,1790932512831445.886	,12.420,0.100000,0
7,aclnnInplaceCopy_TransposeAiCore_Transpose,N/A,N/A,1790932512831458.346	,27.041,0.000000,0
7,aclnnInplaceCopy_TransposeAiCore_Transpose,N/A,N/A,1790932512831485.407	,22.020,0.209000,0
7,aclnnInplaceCopy_AsStridedAiCore_AsStrided,N/A,N/A,1790932512831507.447	,18.881,0.000000,0
7,InnerPromptFlashAttention_PromptFlashAttention_PromptFlashAttention,N/A,N/A,1790932512831527.588	,1296.545,1.119000,0
7,aclnnInplaceCopy_TransposeAiCore_Transpose,N/A,N/A,1790932512832825.234	,24.760,1.205000,0
7,aclnnAddmm_MatMulCommon_MatMulV2,N/A,N/A,1790932512832850.014	,43.901,0.000000,0
7,aclnnAdd_AddAiCore_Add,N/A,N/A,1790932512832893.935	,12.560,0.099000,0
7,aclnnInplaceCopy_CastAiCore_Cast,N/A,N/A,1790932512832906.515	,11.980,0.000000,0
7,aclnnMean_ReduceMeanAiCore_ReduceMean,N/A,N/A,1790932512832919.875	,23.861,1.520000,0
7,aclnnSub_SubAiCore_Sub,N/A,N/A,1790932512832944.776	,26.500,0.889000,0
7,aclnnPowTensorScalar_PowsAiCore_Pows,N/A,N/A,1790932512832971.296	,24.041,0.000000,0
7,aclnnMean_ReduceMeanAiCore_ReduceMean,N/A,N/A,1790932512832996.657	,22.900,1.459000,0
7,aclnnAdds_AddAiCore_Add,N/A,N/A,1790932512833020.317	,1.900,0.600000,0
7,aclnnRsqrt_RsqrtAiCore_Rsqrt,N/A,N/A,1790932512833022.237	,1.840,0.100000,0
7,aclnnMul_MulAiCore_Mul,N/A,N/A,1790932512833024.097	,26.461,0.000000,0
7,aclnnInplaceCopy_CastAiCore_Cast,N/A,N/A,1790932512833050.578	,12.480,0.039000,0
7,aclnnMul_MulAiCore_Mul,N/A,N/A,1790932512833063.098	,14.141,0.020000,0
7,aclnnAdd_AddAiCore_Add,N/A,N/A,1790932512833077.259	,13.760,0.109000,0
7,aclnnAddmm_MatMulV3Common_MatMulV3,N/A,N/A,1790932512833091.039	,142.923,0.000000,0
7,aclnnGeluV2_GeluV2_GeluV2,N/A,N/A,1790932512833234.002	,77.221,0.077000,0
7,aclnnAddmm_MatMulV3Common_MatMulV3,N/A,N/A,1790932512833311.383	,140.643,0.279000,0
7,aclnnAdd_AddAiCore_Add,N/A,N/A,1790932512833452.066	,12.840,0.000000,0
7,aclnnInplaceCopy_CastAiCore_Cast,N/A,N/A,1790932512833464.926	,11.641,0.160000,0
7,aclnnMean_ReduceMeanAiCore_ReduceMean,N/A,N/A,1790932512833477.587	,23.600,0.859000,0
7,aclnnSub_SubAiCore_Sub,N/A,N/A,1790932512833501.847	,26.141,0.650000,0
7,aclnnPowTensorScalar_PowsAiCore_Pows,N/A,N/A,1790932512833528.008	,25.000,0.109000,0
7,aclnnMean_ReduceMeanAiCore_ReduceMean,N/A,N/A,1790932512833554.328	,22.881,1.250000,0
7,aclnnAdds_AddAiCore_Add,N/A,N/A,1790932512833578.009	,1.640,0.869000,0
7,aclnnRsqrt_RsqrtAiCore_Rsqrt,N/A,N/A,1790932512833579.669	,1.580,0.110000,0
7,aclnnMul_MulAiCore_Mul,N/A,N/A,1790932512833581.269	,26.360,0.000000,0
7,aclnnInplaceCopy_CastAiCore_Cast,N/A,N/A,1790932512833607.649	,17.240,0.140000,0
7,aclnnMul_MulAiCore_Mul,N/A,N/A,1790932512833624.909	,15.001,0.010000,0
7,aclnnAdd_AddAiCore_Add,N/A,N/A,1790932512833639.930	,13.380,0.000000,0
7,aclnnAddmm_MatMulV3Common_MatMulV3,N/A,N/A,1790932512833653.330	,108.142,0.000000,0
7,aclnnInplaceCopy_SliceAiCore_Slice,N/A,N/A,1790932512833761.492	,11.500,0.108000,0
7,aclnnInplaceCopy_CastAiCore_Cast,N/A,N/A,1790932512833773.012	,11.841,0.000000,0
7,aclnnMul_MulAiCore_Mul,N/A,N/A,1790932512833784.893	,33.500,0.159000,0
7,aclnnInplaceCopy_SliceAiCore_Slice,N/A,N/A,1790932512833818.413	,9.101,0.000000,0
7,aclnnInplaceCopy_CastAiCore_Cast,N/A,N/A,1790932512833827.534	,7.840,0.000000,0
7,aclnnNeg_SliceAiCore_Slice,N/A,N/A,1790932512833835.394	,18.840,0.160000,0
7,aclnnNeg_NegAiCore_Neg,N/A,N/A,1790932512833854.254	,10.000,0.000000,0
7,aclnnCat_SliceAiCore_Slice,N/A,N/A,1790932512833864.274	,13.801,0.000000,0
7,aclnnCat_ConcatD_ConcatD,N/A,N/A,1790932512833878.095	,23.460,0.000000,0
7,aclnnMul_MulAiCore_Mul,N/A,N/A,1790932512833901.575	,23.500,0.040000,0
7,aclnnAdd_AddAiCore_Add,N/A,N/A,1790932512833925.115	,17.341,0.000000,0
7,aclnnInplaceCopy_CastAiCore_Cast,N/A,N/A,1790932512833942.496	,12.520,0.159000,0
7,aclnnInplaceCopy_SliceAiCore_Slice,N/A,N/A,1790932512833955.036	,10.480,0.000000,0
7,aclnnInplaceCopy_CastAiCore_Cast,N/A,N/A,1790932512833965.536	,12.001,0.020000,0
7,aclnnMul_MulAiCore_Mul,N/A,N/A,1790932512833977.577	,22.140,0.000000,0
7,aclnnInplaceCopy_SliceAiCore_Slice,N/A,N/A,1790932512833999.757	,8.800,0.110000,0
7,aclnnInplaceCopy_CastAiCore_Cast,N/A,N/A,1790932512834008.577	,7.640,0.000000,0
7,aclnnNeg_SliceAiCore_Slice,N/A,N/A,1790932512834016.237	,15.461,0.110000,0
7,aclnnNeg_NegAiCore_Neg,N/A,N/A,1790932512834031.718	,10.100,0.039000,0
7,aclnnCat_SliceAiCore_Slice,N/A,N/A,1790932512834041.858	,13.340,0.000000,0
7,aclnnCat_ConcatD_ConcatD,N/A,N/A,1790932512834055.218	,11.400,0.160000,0
7,aclnnMul_MulAiCore_Mul,N/A,N/A,1790932512834066.638	,26.001,0.100000,0
7,aclnnAdd_AddAiCore_Add,N/A,N/A,1790932512834092.659	,16.960,0.000000,0
7,aclnnInplaceCopy_CastAiCore_Cast,N/A,N/A,1790932512834109.639	,12.480,0.040000,0
7,aclnnInplaceCopy_TransposeAiCore_Transpose,N/A,N/A,1790932512834122.139	,26.801,0.020000,0
7,aclnnInplaceCopy_TransposeAiCore_Transpose,N/A,N/A,1790932512834148.960	,18.920,0.000000,0
7,aclnnInplaceCopy_AsStridedAiCore_AsStrided,N/A,N/A,1790932512834167.900	,19.561,0.080000,0
7,InnerPromptFlashAttention_PromptFlashAttention_PromptFlashAttention,N/A,N/A,1790932512834188.801	,1288.585,1.189000,0
7,aclnnInplaceCopy_TransposeAiCore_Transpose,N/A,N/A,1790932512835478.367	,25.020,0.915000,0
7,aclnnAddmm_MatMulCommon_MatMulV2,N/A,N/A,1790932512835503.407	,43.461,0.230000,0
7,aclnnAdd_AddAiCore_Add,N/A,N/A,1790932512835546.888	,12.420,0.039000,0
7,aclnnInplaceCopy_CastAiCore_Cast,N/A,N/A,1790932512835559.328	,11.780,0.000000,0
7,aclnnMean_ReduceMeanAiCore_ReduceMean,N/A,N/A,1790932512835572.288	,24.361,1.220000,0
7,aclnnSub_SubAiCore_Sub,N/A,N/A,1790932512835597.809	,26.920,1.139000,0
7,aclnnPowTensorScalar_PowsAiCore_Pows,N/A,N/A,1790932512835624.749	,24.141,0.080000,0
7,aclnnMean_ReduceMeanAiCore_ReduceMean,N/A,N/A,1790932512835650.250	,22.600,1.359000,0
7,aclnnAdds_AddAiCore_Add,N/A,N/A,1790932512835673.890	,1.640,1.150000,0
7,aclnnRsqrt_RsqrtAiCore_Rsqrt,N/A,N/A,1790932512835675.550	,1.860,0.000000,0
7,aclnnMul_MulAiCore_Mul,N/A,N/A,1790932512835677.430	,26.481,0.140000,0
7,aclnnInplaceCopy_CastAiCore_Cast,N/A,N/A,1790932512835703.931	,12.260,0.019000,0
7,aclnnMul_MulAiCore_Mul,N/A,N/A,1790932512835716.231	,14.061,0.000000,0
7,aclnnAdd_AddAiCore_Add,N/A,N/A,1790932512835730.332	,14.140,0.000000,0
7,aclnnAddmm_MatMulV3Common_MatMulV3,N/A,N/A,1790932512835744.492	,143.463,0.110000,0
7,aclnnGeluV2_GeluV2_GeluV2,N/A,N/A,1790932512835887.975	,78.121,0.037000,0
7,aclnnAddmm_MatMulV3Common_MatMulV3,N/A,N/A,1790932512835966.256	,142.903,0.129000,0
7,aclnnAdd_AddAiCore_Add,N/A,N/A,1790932512836109.199	,12.560,0.097000,0
7,aclnnInplaceCopy_CastAiCore_Cast,N/A,N/A,1790932512836121.779	,11.781,0.000000,0
7,aclnnMean_ReduceMeanAiCore_ReduceMean,N/A,N/A,1790932512836134.760	,23.240,1.219000,0
7,aclnnSub_SubAiCore_Sub,N/A,N/A,1790932512836159.060	,25.961,1.010000,0
7,aclnnPowTensorScalar_PowsAiCore_Pows,N/A,N/A,1790932512836185.061	,22.900,0.039000,0
7,aclnnMean_ReduceMeanAiCore_ReduceMean,N/A,N/A,1790932512836209.181	,22.401,1.350000,0
7,aclnnAdds_AddAiCore_Add,N/A,N/A,1790932512836232.262	,2.000,0.599000,0
7,aclnnRsqrt_RsqrtAiCore_Rsqrt,N/A,N/A,1790932512836234.282	,1.860,0.000000,0
7,aclnnMul_MulAiCore_Mul,N/A,N/A,1790932512836236.182	,26.220,0.140000,0
7,aclnnInplaceCopy_CastAiCore_Cast,N/A,N/A,1790932512836262.422	,13.240,0.030000,0
7,aclnnMul_MulAiCore_Mul,N/A,N/A,1790932512836275.702	,14.741,0.010000,0
7,aclnnAdd_AddAiCore_Add,N/A,N/A,1790932512836290.463	,13.480,0.009000,0
7,aclnnAddmm_MatMulV3Common_MatMulV3,N/A,N/A,1790932512836303.963	,105.282,0.020000,0
7,aclnnInplaceCopy_SliceAiCore_Slice,N/A,N/A,1790932512836409.265	,11.020,0.000000,0
7,aclnnInplaceCopy_CastAiCore_Cast,N/A,N/A,1790932512836420.325	,11.621,0.000000,0
7,aclnnMul_MulAiCore_Mul,N/A,N/A,1790932512836431.986	,31.280,0.129000,0
7,aclnnInplaceCopy_SliceAiCore_Slice,N/A,N/A,1790932512836463.286	,8.020,0.000000,0
7,aclnnInplaceCopy_CastAiCore_Cast,N/A,N/A,1790932512836471.346	,7.220,0.000000,0
7,aclnnNeg_SliceAiCore_Slice,N/A,N/A,1790932512836478.586	,19.081,0.030000,0
7,aclnnNeg_NegAiCore_Neg,N/A,N/A,1790932512836497.687	,10.180,0.169000,0
7,aclnnCat_SliceAiCore_Slice,N/A,N/A,1790932512836507.907	,12.940,0.070000,0
7,aclnnCat_ConcatD_ConcatD,N/A,N/A,1790932512836520.867	,25.541,0.000000,0
7,aclnnMul_MulAiCore_Mul,N/A,N/A,1790932512836546.428	,23.380,0.209000,0
7,aclnnAdd_AddAiCore_Add,N/A,N/A,1790932512836569.828	,16.961,0.000000,0
7,aclnnInplaceCopy_CastAiCore_Cast,N/A,N/A,1790932512836586.809	,12.320,0.039000,0
7,aclnnInplaceCopy_SliceAiCore_Slice,N/A,N/A,1790932512836599.149	,10.240,0.180000,0
7,aclnnInplaceCopy_CastAiCore_Cast,N/A,N/A,1790932512836609.409	,11.740,0.010000,0
7,aclnnMul_MulAiCore_Mul,N/A,N/A,1790932512836621.169	,22.241,0.010000,0
7,aclnnInplaceCopy_SliceAiCore_Slice,N/A,N/A,1790932512836643.430	,8.500,0.009000,0
7,aclnnInplaceCopy_CastAiCore_Cast,N/A,N/A,1790932512836651.950	,7.320,0.000000,0
7,aclnnNeg_SliceAiCore_Slice,N/A,N/A,1790932512836659.290	,16.860,0.000000,0
7,aclnnNeg_NegAiCore_Neg,N/A,N/A,1790932512836676.170	,10.001,0.140000,0
7,aclnnCat_SliceAiCore_Slice,N/A,N/A,1790932512836686.191	,13.540,0.000000,0
7,aclnnCat_ConcatD_ConcatD,N/A,N/A,1790932512836699.751	,11.700,0.000000,0
7,aclnnMul_MulAiCore_Mul,N/A,N/A,1790932512836711.491	,24.181,0.050000,0
7,aclnnAdd_AddAiCore_Add,N/A,N/A,1790932512836735.692	,16.700,0.069000,0
7,aclnnInplaceCopy_CastAiCore_Cast,N/A,N/A,1790932512836752.412	,12.500,0.050000,0
7,aclnnInplaceCopy_TransposeAiCore_Transpose,N/A,N/A,1790932512836764.932	,27.101,0.000000,0
7,aclnnInplaceCopy_TransposeAiCore_Transpose,N/A,N/A,1790932512836792.073	,18.320,0.000000,0
7,aclnnInplaceCopy_AsStridedAiCore_AsStrided,N/A,N/A,1790932512836810.433	,19.061,0.180000,0
7,InnerPromptFlashAttention_PromptFlashAttention_PromptFlashAttention,N/A,N/A,1790932512836830.474	,1298.045,0.939000,0
7,aclnnInplaceCopy_TransposeAiCore_Transpose,N/A,N/A,1790932512838129.559	,24.881,0.955000,0
7,aclnnAddmm_MatMulCommon_MatMulV2,N/A,N/A,1790932512838154.460	,44.101,0.119000,0
7,aclnnAdd_AddAiCore_Add,N/A,N/A,1790932512838198.601	,12.560,0.000000,0
7,aclnnInplaceCopy_CastAiCore_Cast,N/A,N/A,1790932512838211.181	,12.000,0.190000,0
7,aclnnMean_ReduceMeanAiCore_ReduceMean,N/A,N/A,1790932512838224.121	,24.181,0.750000,0
7,aclnnSub_SubAiCore_Sub,N/A,N/A,1790932512838248.982	,27.180,0.819000,0
7,aclnnPowTensorScalar_PowsAiCore_Pows,N/A,N/A,1790932512838276.182	,22.881,0.070000,0
7,aclnnMean_ReduceMeanAiCore_ReduceMean,N/A,N/A,1790932512838300.263	,22.680,1.119000,0
7,aclnnAdds_AddAiCore_Add,N/A,N/A,1790932512838323.923	,1.840,1.070000,0
7,aclnnRsqrt_RsqrtAiCore_Rsqrt,N/A,N/A,1790932512838325.783	,1.860,0.000000,0
7,aclnnMul_MulAiCore_Mul,N/A,N/A,1790932512838327.663	,26.341,0.140000,0
7,aclnnInplaceCopy_CastAiCore_Cast,N/A,N/A,1790932512838354.044	,12.540,0.000000,0
7,aclnnMul_MulAiCore_Mul,N/A,N/A,1790932512838366.604	,13.960,0.000000,0
7,aclnnAdd_AddAiCore_Add,N/A,N/A,1790932512838380.584	,13.821,0.040000,0
7,aclnnAddmm_MatMulV3Common_MatMulV3,N/A,N/A,1790932512838394.425	,143.563,0.179000,0
7,aclnnGeluV2_GeluV2_GeluV2,N/A,N/A,1790932512838538.008	,77.241,0.000000,0
7,aclnnAddmm_MatMulV3Common_MatMulV3,N/A,N/A,1790932512838615.409	,142.543,0.259000,0
7,aclnnAdd_AddAiCore_Add,N/A,N/A,1790932512838757.972	,12.800,0.000000,0
7,aclnnEmbedding_GatherV2AiCore_GatherV2,N/A,N/A,1790932512838771.132	,60.722,0.450000,0
7,aclnnInplaceZero_ZerosLikeAiCore_ZerosLike,N/A,N/A,1790932512838831.874	,14.000,0.000000,0
7,aclnnInplaceZero_ZerosLikeAiCore_ZerosLike,N/A,N/A,1790932512838845.894	,3.940,0.250000,0
7,aclnnInplaceZero_ZerosLikeAiCore_ZerosLike,N/A,N/A,1790932512838849.854	,3.700,0.000000,0
7,aclnnEqScalar_EqualAiCore_Equal,N/A,N/A,1790932512838853.574	,2.200,0.050000,0
7,aclnnLayerNormWithImplMode_LayerNormV3WithImplMode_LayerNormV3,N/A,N/A,1790932512838855.814	,70.341,0.050000,0
7,aclnnLayerNormWithImplMode_CastAiCore_Cast,N/A,N/A,1790932512838926.175	,1.800,0.159000,0
7,aclnnLayerNormWithImplMode_CastAiCore_Cast,N/A,N/A,1790932512838927.995	,1.620,0.000000,0
7,aclnnAddmm_MatMulV3Common_MatMulV3,N/A,N/A,1790932512838929.635	,181.204,0.130000,0
7,aclnnGelu_Gelu_Gelu,N/A,N/A,1790932512839110.859	,24.581,0.000000,0
7,aclnnAddmm_MatMulV3Common_MatMulV3,N/A,N/A,1790932512839135.600	,129.982,0.169000,0
7,aclnnInplaceCopy_TensorMoveAiCore_TensorMove,N/A,N/A,1790932512839265.602	,11.100,0.018000,0
7,aclnnInplaceMaskedScatter_CastAiCore_Cast,N/A,N/A,1790932512839276.742	,1.180,0.150000,0
7,aclnnInplaceMaskedScatter_BroadcastToAiCore_BroadcastTo,N/A,N/A,1790932512839277.942	,13.021,0.070000,0
7,aclnnInplaceMaskedScatter_CastAiCore_Cast,N/A,N/A,1790932512839290.983	,14.140,0.000000,0
7,aclnnInplaceMaskedScatter_MaskedScatterAiCore_MaskedScatter,N/A,N/A,1790932512839305.143	,2208.604,0.110000,0
7,aclnnLayerNormWithImplMode_LayerNormV3WithImplMode_LayerNormV3,N/A,N/A,1790932512841513.767	,62.701,0.000000,0
7,aclnnLayerNormWithImplMode_CastAiCore_Cast,N/A,N/A,1790932512841576.488	,1.020,0.049000,0
7,aclnnLayerNormWithImplMode_CastAiCore_Cast,N/A,N/A,1790932512841577.528	,1.240,0.000000,0
7,aclnnAddmm_MatMulV3Common_MatMulV3,N/A,N/A,1790932512841578.788	,181.364,0.010000,0
7,aclnnGelu_Gelu_Gelu,N/A,N/A,1790932512841760.172	,23.821,0.136000,0
7,aclnnAddmm_MatMulV3Common_MatMulV3,N/A,N/A,1790932512841784.153	,120.462,0.179000,0
7,aclnnNonzeroV2_NonzeroAiCore_MemSet,N/A,N/A,1790932512841904.635	,9.840,0.038000,0
7,aclnnNonzeroV2_NonzeroAiCore_NonZero,N/A,N/A,1790932512841915.875	,5.360,1.410000,0
7,aclnnIndexPutImpl_IndexPutV2_IndexPutV2,N/A,N/A,1790932512842250.982	,17.600,329.640000,0
7,aclnnLayerNormWithImplMode_LayerNormV3WithImplMode_LayerNormV3,N/A,N/A,1790932512842339.744	,57.661,71.150000,0
7,aclnnLayerNormWithImplMode_CastAiCore_Cast,N/A,N/A,1790932512842397.425	,1.100,0.089000,0
7,aclnnLayerNormWithImplMode_CastAiCore_Cast,N/A,N/A,1790932512842398.545	,1.120,0.000000,0
7,aclnnAddmm_MatMulV3Common_MatMulV3,N/A,N/A,1790932512842417.285	,164.223,17.630000,0
7,aclnnGelu_Gelu_Gelu,N/A,N/A,1790932512842581.548	,24.361,0.027000,0
7,aclnnAddmm_MatMulV3Common_MatMulV3,N/A,N/A,1790932512842606.069	,115.882,0.139000,0
7,aclnnNonzeroV2_NonzeroAiCore_MemSet,N/A,N/A,1790932512842721.971	,8.600,0.118000,0
7,aclnnNonzeroV2_NonzeroAiCore_NonZero,N/A,N/A,1790932512842731.511	,4.521,0.900000,0
7,aclnnIndexPutImpl_IndexPutV2_IndexPutV2,N/A,N/A,1790932512842960.236	,18.320,224.229000,0
7,aclnnLayerNormWithImplMode_LayerNormV3WithImplMode_LayerNormV3,N/A,N/A,1790932512843064.978	,58.961,86.430000,0
7,aclnnLayerNormWithImplMode_CastAiCore_Cast,N/A,N/A,1790932512843123.959	,1.480,0.039000,0
7,aclnnLayerNormWithImplMode_CastAiCore_Cast,N/A,N/A,1790932512843125.459	,1.100,0.020000,0
7,aclnnAddmm_MatMulV3Common_MatMulV3,N/A,N/A,1790932512843144.720	,158.903,18.150000,0
7,aclnnGelu_Gelu_Gelu,N/A,N/A,1790932512843303.643	,24.880,0.097000,0
7,aclnnAddmm_MatMulV3Common_MatMulV3,N/A,N/A,1790932512843328.683	,114.483,0.120000,0
7,aclnnNonzeroV2_NonzeroAiCore_MemSet,N/A,N/A,1790932512843443.206	,8.940,0.017000,0
7,aclnnNonzeroV2_NonzeroAiCore_NonZero,N/A,N/A,1790932512843453.486	,5.420,1.310000,0
7,aclnnIndexPutImpl_IndexPutV2_IndexPutV2,N/A,N/A,1790932512843680.090	,19.081,221.080000,0
7,aclnnArange_ArangeAiCore_Range,N/A,N/A,1790932512843720.091	,10.460,20.919000,0
7,aclnnGeTensor_GreaterEqual_GreaterEqual,N/A,N/A,1790932512843786.593	,53.181,56.040000,0
7,aclnnInplaceCopy_CastAiCore_Cast,N/A,N/A,1790932512843863.974	,1.800,24.319000,0
7,aclnnBitwiseAndTensor_LogicalAndAiCore_LogicalAnd,N/A,N/A,1790932512843893.235	,15.480,27.450000,0
7,aclnnInplaceFillScalar_FillAiCore_Fill,N/A,N/A,1790932512843964.276	,1.020,55.520000,0
7,aclnnInplaceFillScalar_FillAiCore_Fill,N/A,N/A,1790932512843980.076	,1.000,14.730000,0
7,aclnnSWhere_SelectV2AiCore_SelectV2,N/A,N/A,1790932512844009.337	,25.040,28.250000,0
7,aclnnInplaceCopy_CastAiCore_Cast,N/A,N/A,1790932512844062.078	,9.600,27.710000,0
7,aclnnInplaceCopy_CastAiCore_Cast,N/A,N/A,1790932512844483.086	,2.840,411.400000,0
7,aclnnMatmul_BroadcastToAiCore_BroadcastTo,N/A,N/A,1790932512844524.907	,1.480,39.160000,0
7,aclnnMatmul_MulAiCore_Mul,N/A,N/A,1790932512844526.427	,12.341,0.020000,0
7,aclnnInplaceCopy_TransposeAiCore_Transpose,N/A,N/A,1790932512844593.549	,14.560,54.659000,0
7,aclnnInplaceCopy_SliceAiCore_Slice,N/A,N/A,1790932512844833.513	,4.521,225.440000,0
7,aclnnInplaceCopy_TransposeAiCore_Transpose,N/A,N/A,1790932512844848.734	,9.600,10.729000,0
7,aclnnInplaceCopy_ViewCopyAiCpu_ViewCopy,N/A,N/A,1790932512844891.055	,177.123,32.650000,0
7,aclnnInplaceCopy_SliceAiCore_Slice,N/A,N/A,1790932512845068.198	,4.480,0.127000,0
7,aclnnInplaceCopy_TransposeAiCore_Transpose,N/A,N/A,1790932512845072.698	,9.960,0.020000,0
7,aclnnInplaceCopy_ViewCopyAiCpu_ViewCopy,N/A,N/A,1790932512845082.678	,203.404,0.040000,0
7,aclnnCat_ConcatD_ConcatD,N/A,N/A,1790932512845286.102	,7.141,0.000000,0
7,aclnnCos_CosAiCore_Cos,N/A,N/A,1790932512845293.263	,9.820,0.109000,0
7,aclnnInplaceCopy_CastAiCore_Cast,N/A,N/A,1790932512845303.103	,9.580,0.000000,0
7,aclnnSin_SinAiCore_Sin,N/A,N/A,1790932512845312.703	,9.660,0.170000,0
7,aclnnInplaceCopy_CastAiCore_Cast,N/A,N/A,1790932512845322.383	,2.800,0.090000,0
7,aclnnLtScalar_LessAiCore_Less,N/A,N/A,1790932512845325.223	,11.740,0.000000,0
7,aclnnBitwiseNot_LogicalNotAiCore_LogicalNot,N/A,N/A,1790932512845336.983	,7.981,0.010000,0
7,aclnnAny_ReduceAny_ReduceAny,N/A,N/A,1790932512845346.124	,19.000,1.019000,0
7,aclnnAll_ReduceAll_ReduceAll,N/A,N/A,1790932512845368.024	,3.020,3.000000,0
7,aclnnInplaceCopy_CastAiCore_Cast,N/A,N/A,1790932512846451.526	,11.940,1080.480000,0
7,aclnnPowTensorScalar_PowsAiCore_Pows,N/A,N/A,1790932512846494.327	,16.500,30.810000,0
7,aclnnMean_ReduceMeanAiCore_ReduceMean,N/A,N/A,1790932512846536.787	,22.061,26.000000,0
7,aclnnAdds_AddAiCore_Add,N/A,N/A,1790932512846579.248	,1.460,20.439000,0
7,aclnnRsqrt_RsqrtAiCore_Rsqrt,N/A,N/A,1790932512846609.769	,1.580,29.040000,0
7,aclnnMul_MulAiCore_Mul,N/A,N/A,1790932512846638.389	,21.841,27.170000,0
7,aclnnInplaceCopy_CastAiCore_Cast,N/A,N/A,1790932512846694.191	,10.920,33.909000,0
7,aclnnMul_MulAiCore_Mul,N/A,N/A,1790932512846730.251	,12.441,25.080000,0
7,aclnnMatmul_MatMulV3Common_MatMulV3,N/A,N/A,1790932512846823.213	,140.403,80.559000,0
7,aclnnInplaceCopy_SliceAiCore_Slice,N/A,N/A,1790932512846996.417	,11.640,32.847000,0
7,aclnnInplaceCopy_CastAiCore_Cast,N/A,N/A,1790932512847008.077	,12.000,0.000000,0
7,aclnnPowTensorScalar_PowsAiCore_Pows,N/A,N/A,1790932512847026.037	,22.141,6.000000,0
7,aclnnMean_ReduceMeanAiCore_ReduceMean,N/A,N/A,1790932512847066.258	,20.940,18.109000,0
7,aclnnAdds_AddAiCore_Add,N/A,N/A,1790932512847105.059	,6.040,17.810000,0
7,aclnnRsqrt_RsqrtAiCore_Rsqrt,N/A,N/A,1790932512847132.119	,6.800,20.960000,0
7,aclnnMul_MulAiCore_Mul,N/A,N/A,1790932512847159.300	,25.780,20.450000,0
7,aclnnInplaceCopy_CastAiCore_Cast,N/A,N/A,1790932512847214.581	,12.500,29.470000,0
7,aclnnMul_MulAiCore_Mul,N/A,N/A,1790932512847252.402	,11.960,25.500000,0
7,aclnnInplaceCopy_SliceAiCore_Slice,N/A,N/A,1790932512847362.824	,9.140,98.290000,0
7,aclnnInplaceCopy_CastAiCore_Cast,N/A,N/A,1790932512847371.984	,8.560,0.110000,0
7,aclnnPowTensorScalar_PowsAiCore_Pows,N/A,N/A,1790932512847392.525	,15.280,11.940000,0
7,aclnnMean_ReduceMeanAiCore_ReduceMean,N/A,N/A,1790932512847431.285	,14.081,23.470000,0
7,aclnnAdds_AddAiCore_Add,N/A,N/A,1790932512847470.166	,2.380,24.919000,0
7,aclnnRsqrt_RsqrtAiCore_Rsqrt,N/A,N/A,1790932512847496.507	,2.400,23.870000,0
7,aclnnMul_MulAiCore_Mul,N/A,N/A,1790932512847522.627	,16.380,23.850000,0
7,aclnnInplaceCopy_CastAiCore_Cast,N/A,N/A,1790932512847576.068	,9.360,36.870000,0
7,aclnnMul_MulAiCore_Mul,N/A,N/A,1790932512847603.129	,8.940,17.890000,0
7,aclnnMul_TransposeAiCore_Transpose,N/A,N/A,1790932512847701.671	,36.520,89.560000,0
7,aclnnMul_MulAiCore_Mul,N/A,N/A,1790932512847738.231	,14.301,0.000000,0
7,aclnnNeg_AsStridedAiCore_AsStrided,N/A,N/A,1790932512847758.692	,14.100,6.199000,0
7,aclnnNeg_NegAiCore_Neg,N/A,N/A,1790932512847772.812	,8.600,0.000000,0
7,aclnnCat_AsStridedAiCore_AsStrided,N/A,N/A,1790932512847804.913	,12.560,23.650000,0
7,aclnnCat_ConcatD_ConcatD,N/A,N/A,1790932512847817.513	,11.680,0.000000,0
7,aclnnMul_MulAiCore_Mul,N/A,N/A,1790932512847832.413	,13.581,3.320000,0
7,aclnnAdd_AddAiCore_Add,N/A,N/A,1790932512847859.314	,12.960,13.169000,0
7,aclnnMul_TransposeAiCore_Transpose,N/A,N/A,1790932512847888.634	,21.781,16.540000,0
7,aclnnMul_MulAiCore_Mul,N/A,N/A,1790932512847910.435	,7.660,0.000000,0
7,aclnnNeg_AsStridedAiCore_AsStrided,N/A,N/A,1790932512847957.496	,9.120,39.340000,0
7,aclnnNeg_NegAiCore_Neg,N/A,N/A,1790932512847966.636	,7.980,0.130000,0
7,aclnnCat_AsStridedAiCore_AsStrided,N/A,N/A,1790932512847988.216	,9.041,13.520000,0
7,aclnnCat_ConcatD_ConcatD,N/A,N/A,1790932512847997.297	,10.420,0.000000,0
7,aclnnMul_MulAiCore_Mul,N/A,N/A,1790932512848029.377	,6.200,21.830000,0
7,aclnnAdd_AddAiCore_Add,N/A,N/A,1790932512848055.998	,8.520,20.300000,0
7,aclnnInplaceCopy_AsStridedAiCore_AsStrided,N/A,N/A,1790932512848122.719	,7.420,58.230000,0
7,InnerPromptFlashAttention_PromptFlashAttention_PromptFlashAttention,N/A,N/A,1790932512848506.767	,310.826,376.580000,0
7,aclnnInplaceCopy_TransposeAiCore_Transpose,N/A,N/A,1790932512848818.753	,36.401,1.174000,0
7,aclnnMatmul_MatMulV3Common_MatMulV3,N/A,N/A,1790932512848855.174	,116.922,0.099000,0
7,aclnnAdd_AddAiCore_Add,N/A,N/A,1790932512848972.116	,11.300,0.000000,0
7,aclnnInplaceCopy_CastAiCore_Cast,N/A,N/A,1790932512848983.436	,12.641,0.200000,0
7,aclnnPowTensorScalar_PowsAiCore_Pows,N/A,N/A,1790932512848996.097	,17.720,0.000000,0
7,aclnnMean_ReduceMeanAiCore_ReduceMean,N/A,N/A,1790932512849014.737	,20.360,1.030000,0
7,aclnnAdds_AddAiCore_Add,N/A,N/A,1790932512849035.977	,1.260,0.890000,0
7,aclnnRsqrt_RsqrtAiCore_Rsqrt,N/A,N/A,1790932512849037.257	,1.320,0.000000,0
7,aclnnMul_MulAiCore_Mul,N/A,N/A,1790932512849038.597	,22.481,0.000000,0
7,aclnnInplaceCopy_CastAiCore_Cast,N/A,N/A,1790932512849061.098	,10.860,0.019000,0
7,aclnnMul_MulAiCore_Mul,N/A,N/A,1790932512849071.978	,12.060,0.140000,0
7,aclnnMatmul_MatMulCommon_MatMulV2,N/A,N/A,1790932512849132.659	,468.090,48.690000,0
7,aclnnSilu_SliceAiCore_Slice,N/A,N/A,1790932512849600.769	,19.620,0.000000,0
7,aclnnSilu_SiluAiCore_Swish,N/A,N/A,1790932512849620.409	,33.541,0.130000,0
7,aclnnMul_SliceAiCore_Slice,N/A,N/A,1790932512849653.970	,13.000,0.000000,0
7,aclnnMul_MulAiCore_Mul,N/A,N/A,1790932512849666.990	,18.980,0.000000,0
7,aclnnMatmul_MatMulV3Common_MatMulV3,N/A,N/A,1790932512849685.990	,270.846,0.020000,0
7,aclnnAdd_AddAiCore_Add,N/A,N/A,1790932512849956.856	,15.740,0.000000,0
7,aclnnAdd_AddAiCore_Add,N/A,N/A,1790932512849972.636	,11.580,0.260000,0
7,aclnnInplaceCopy_CastAiCore_Cast,N/A,N/A,1790932512849984.256	,10.121,0.000000,0
7,aclnnPowTensorScalar_PowsAiCore_Pows,N/A,N/A,1790932512849994.397	,17.320,0.129000,0
7,aclnnMean_ReduceMeanAiCore_ReduceMean,N/A,N/A,1790932512850012.617	,21.280,0.680000,0
7,aclnnAdds_AddAiCore_Add,N/A,N/A,1790932512850035.077	,1.520,1.220000,0
7,aclnnRsqrt_RsqrtAiCore_Rsqrt,N/A,N/A,1790932512850036.617	,1.280,0.000000,0
7,aclnnMul_MulAiCore_Mul,N/A,N/A,1790932512850037.937	,21.941,0.220000,0
7,aclnnInplaceCopy_CastAiCore_Cast,N/A,N/A,1790932512850059.918	,11.000,0.059000,0
7,aclnnMul_MulAiCore_Mul,N/A,N/A,1790932512850070.938	,11.920,0.000000,0
7,aclnnMatmul_MatMulV3Common_MatMulV3,N/A,N/A,1790932512850082.898	,165.384,0.080000,0
7,aclnnInplaceCopy_SliceAiCore_Slice,N/A,N/A,1790932512850248.302	,11.620,0.000000,0
7,aclnnInplaceCopy_CastAiCore_Cast,N/A,N/A,1790932512850259.942	,17.160,0.130000,0
7,aclnnPowTensorScalar_PowsAiCore_Pows,N/A,N/A,1790932512850277.122	,26.101,0.000000,0
7,aclnnMean_ReduceMeanAiCore_ReduceMean,N/A,N/A,1790932512850304.643	,20.540,1.649000,0
7,aclnnAdds_AddAiCore_Add,N/A,N/A,1790932512850325.823	,5.820,0.460000,0
7,aclnnRsqrt_RsqrtAiCore_Rsqrt,N/A,N/A,1790932512850331.663	,6.640,0.180000,0
7,aclnnMul_MulAiCore_Mul,N/A,N/A,1790932512850338.343	,25.841,0.000000,0
7,aclnnInplaceCopy_CastAiCore_Cast,N/A,N/A,1790932512850364.204	,14.440,0.159000,0
7,aclnnMul_MulAiCore_Mul,N/A,N/A,1790932512850378.664	,12.400,0.060000,0
7,aclnnInplaceCopy_SliceAiCore_Slice,N/A,N/A,1790932512850391.084	,9.201,0.000000,0
7,aclnnInplaceCopy_CastAiCore_Cast,N/A,N/A,1790932512850400.305	,9.180,0.049000,0
7,aclnnPowTensorScalar_PowsAiCore_Pows,N/A,N/A,1790932512850409.525	,15.120,0.070000,0
7,aclnnMean_ReduceMeanAiCore_ReduceMean,N/A,N/A,1790932512850425.805	,13.600,1.130000,0
7,aclnnAdds_AddAiCore_Add,N/A,N/A,1790932512850440.325	,2.381,0.900000,0
7,aclnnRsqrt_RsqrtAiCore_Rsqrt,N/A,N/A,1790932512850460.386	,2.440,17.869000,0
7,aclnnMul_MulAiCore_Mul,N/A,N/A,1790932512850488.106	,15.841,25.060000,0
7,aclnnInplaceCopy_CastAiCore_Cast,N/A,N/A,1790932512850542.187	,9.381,38.409000,0
7,aclnnMul_MulAiCore_Mul,N/A,N/A,1790932512850569.388	,9.260,17.869000,0
7,aclnnMul_TransposeAiCore_Transpose,N/A,N/A,1790932512850669.350	,33.901,90.490000,0
7,aclnnMul_MulAiCore_Mul,N/A,N/A,1790932512850703.271	,14.440,0.099000,0
7,aclnnNeg_AsStridedAiCore_AsStrided,N/A,N/A,1790932512850726.951	,13.940,9.310000,0
7,aclnnNeg_NegAiCore_Neg,N/A,N/A,1790932512850740.931	,8.621,0.060000,0
7,aclnnCat_AsStridedAiCore_AsStrided,N/A,N/A,1790932512850772.772	,12.820,23.129000,0
7,aclnnCat_ConcatD_ConcatD,N/A,N/A,1790932512850785.612	,11.941,0.000000,0
7,aclnnMul_MulAiCore_Mul,N/A,N/A,1790932512850800.733	,14.500,3.309000,0
7,aclnnAdd_AddAiCore_Add,N/A,N/A,1790932512850827.533	,12.760,12.250000,0
7,aclnnMul_TransposeAiCore_Transpose,N/A,N/A,1790932512850856.594	,22.580,16.240000,0
7,aclnnMul_MulAiCore_Mul,N/A,N/A,1790932512850879.194	,7.420,0.170000,0
7,aclnnNeg_AsStridedAiCore_AsStrided,N/A,N/A,1790932512850924.555	,9.460,37.830000,0
7,aclnnNeg_NegAiCore_Neg,N/A,N/A,1790932512850934.035	,8.080,0.040000,0
7,aclnnCat_AsStridedAiCore_AsStrided,N/A,N/A,1790932512850954.736	,8.560,12.670000,0
7,aclnnCat_ConcatD_ConcatD,N/A,N/A,1790932512850963.316	,6.660,0.000000,0
7,aclnnMul_MulAiCore_Mul,N/A,N/A,1790932512850982.636	,5.980,12.840000,0
7,aclnnAdd_AddAiCore_Add,N/A,N/A,1790932512851012.217	,8.560,23.520000,0
7,aclnnInplaceCopy_AsStridedAiCore_AsStrided,N/A,N/A,1790932512851079.058	,8.120,58.190000,0
7,InnerPromptFlashAttention_PromptFlashAttention_PromptFlashAttention,N/A,N/A,1790932512851426.545	,310.646,339.380000,0
7,aclnnInplaceCopy_TransposeAiCore_Transpose,N/A,N/A,1790932512851737.971	,35.621,0.854000,0
7,aclnnMatmul_MatMulV3Common_MatMulV3,N/A,N/A,1790932512851773.612	,117.502,0.000000,0
7,aclnnAdd_AddAiCore_Add,N/A,N/A,1790932512851891.134	,11.321,0.248000,0
7,aclnnInplaceCopy_CastAiCore_Cast,N/A,N/A,1790932512851902.475	,10.100,0.000000,0
7,aclnnPowTensorScalar_PowsAiCore_Pows,N/A,N/A,1790932512851912.595	,17.440,0.000000,0
7,aclnnMean_ReduceMeanAiCore_ReduceMean,N/A,N/A,1790932512851930.975	,20.101,1.060000,0
7,aclnnAdds_AddAiCore_Add,N/A,N/A,1790932512851952.216	,1.360,1.149000,0
7,aclnnRsqrt_RsqrtAiCore_Rsqrt,N/A,N/A,1790932512851953.616	,1.280,0.000000,0
7,aclnnMul_MulAiCore_Mul,N/A,N/A,1790932512851954.916	,22.160,0.220000,0
7,aclnnInplaceCopy_CastAiCore_Cast,N/A,N/A,1790932512851977.116	,10.860,0.000000,0
7,aclnnMul_MulAiCore_Mul,N/A,N/A,1790932512851987.996	,12.181,0.140000,0
7,aclnnMatmul_MatMulCommon_MatMulV2,N/A,N/A,1790932512852058.118	,465.349,57.819000,0
7,aclnnSilu_SliceAiCore_Slice,N/A,N/A,1790932512852523.507	,19.580,0.151000,0
7,aclnnSilu_SiluAiCore_Swish,N/A,N/A,1790932512852543.107	,33.521,0.000000,0
7,aclnnMul_SliceAiCore_Slice,N/A,N/A,1790932512852576.648	,12.640,0.229000,0
7,aclnnMul_MulAiCore_Mul,N/A,N/A,1790932512852589.308	,18.881,0.000000,0
7,aclnnMatmul_MatMulV3Common_MatMulV3,N/A,N/A,1790932512852608.209	,268.685,0.119000,0
7,aclnnAdd_AddAiCore_Add,N/A,N/A,1790932512852876.914	,15.480,0.065000,0
7,aclnnAdd_AddAiCore_Add,N/A,N/A,1790932512852892.414	,11.201,0.020000,0
7,aclnnInplaceCopy_CastAiCore_Cast,N/A,N/A,1790932512852903.635	,10.140,0.049000,0
7,aclnnPowTensorScalar_PowsAiCore_Pows,N/A,N/A,1790932512852913.795	,17.740,0.000000,0
7,aclnnMean_ReduceMeanAiCore_ReduceMean,N/A,N/A,1790932512852932.715	,20.761,1.260000,0
7,aclnnAdds_AddAiCore_Add,N/A,N/A,1790932512852954.596	,1.460,0.989000,0
7,aclnnRsqrt_RsqrtAiCore_Rsqrt,N/A,N/A,1790932512852956.076	,1.320,0.040000,0
7,aclnnMul_MulAiCore_Mul,N/A,N/A,1790932512852957.416	,21.840,0.180000,0
7,aclnnInplaceCopy_CastAiCore_Cast,N/A,N/A,1790932512852979.276	,10.980,0.000000,0
7,aclnnMul_MulAiCore_Mul,N/A,N/A,1790932512852990.276	,11.961,0.020000,0
7,aclnnMatmul_MatMulV3Common_MatMulV3,N/A,N/A,1790932512853002.257	,161.303,0.039000,0
7,aclnnInplaceCopy_SliceAiCore_Slice,N/A,N/A,1790932512853163.580	,11.240,0.000000,0
7,aclnnInplaceCopy_CastAiCore_Cast,N/A,N/A,1790932512853174.840	,18.760,0.010000,0
7,aclnnPowTensorScalar_PowsAiCore_Pows,N/A,N/A,1790932512853193.640	,26.181,0.240000,0
7,aclnnMean_ReduceMeanAiCore_ReduceMean,N/A,N/A,1790932512853220.761	,20.760,0.819000,0
7,aclnnAdds_AddAiCore_Add,N/A,N/A,1790932512853242.601	,6.341,0.990000,0
7,aclnnRsqrt_RsqrtAiCore_Rsqrt,N/A,N/A,1790932512853248.962	,6.640,0.159000,0
7,aclnnMul_MulAiCore_Mul,N/A,N/A,1790932512853255.622	,26.180,0.000000,0
7,aclnnInplaceCopy_CastAiCore_Cast,N/A,N/A,1790932512853281.842	,13.540,0.070000,0
7,aclnnMul_MulAiCore_Mul,N/A,N/A,1790932512853295.422	,12.221,0.210000,0
7,aclnnInplaceCopy_SliceAiCore_Slice,N/A,N/A,1790932512853307.663	,9.620,0.029000,0
7,aclnnInplaceCopy_CastAiCore_Cast,N/A,N/A,1790932512853317.303	,9.660,0.000000,0
7,aclnnPowTensorScalar_PowsAiCore_Pows,N/A,N/A,1790932512853326.983	,15.900,0.090000,0
7,aclnnMean_ReduceMeanAiCore_ReduceMean,N/A,N/A,1790932512853343.803	,13.841,0.850000,0
7,aclnnAdds_AddAiCore_Add,N/A,N/A,1790932512853360.304	,2.200,2.659000,0
7,aclnnRsqrt_RsqrtAiCore_Rsqrt,N/A,N/A,1790932512853386.984	,2.440,24.550000,0
7,aclnnMul_MulAiCore_Mul,N/A,N/A,1790932512853413.045	,15.680,23.560000,0
7,aclnnInplaceCopy_CastAiCore_Cast,N/A,N/A,1790932512853477.446	,11.360,48.820000,0
7,aclnnMul_MulAiCore_Mul,N/A,N/A,1790932512853492.706	,9.141,3.890000,0
7,aclnnMul_TransposeAiCore_Transpose,N/A,N/A,1790932512853594.288	,34.581,92.359000,0
7,aclnnMul_MulAiCore_Mul,N/A,N/A,1790932512853628.909	,14.300,0.169000,0
7,aclnnNeg_AsStridedAiCore_AsStrided,N/A,N/A,1790932512853663.710	,13.660,20.450000,0
7,aclnnNeg_NegAiCore_Neg,N/A,N/A,1790932512853677.390	,8.440,0.090000,0
7,aclnnCat_AsStridedAiCore_AsStrided,N/A,N/A,1790932512853693.630	,12.401,7.810000,0
7,aclnnCat_ConcatD_ConcatD,N/A,N/A,1790932512853706.051	,12.060,0.000000,0
7,aclnnMul_MulAiCore_Mul,N/A,N/A,1790932512853732.651	,13.721,14.690000,0
7,aclnnAdd_AddAiCore_Add,N/A,N/A,1790932512853759.712	,12.680,13.279000,0
7,aclnnMul_TransposeAiCore_Transpose,N/A,N/A,1790932512853789.212	,22.301,16.820000,0
7,aclnnMul_MulAiCore_Mul,N/A,N/A,1790932512853811.533	,6.200,0.000000,0
7,aclnnNeg_AsStridedAiCore_AsStrided,N/A,N/A,1790932512853845.773	,8.841,28.050000,0
7,aclnnNeg_NegAiCore_Neg,N/A,N/A,1790932512853856.174	,8.140,1.659000,0
7,aclnnCat_AsStridedAiCore_AsStrided,N/A,N/A,1790932512853889.474	,8.841,25.110000,0
7,aclnnCat_ConcatD_ConcatD,N/A,N/A,1790932512853898.335	,6.540,0.000000,0
7,aclnnMul_MulAiCore_Mul,N/A,N/A,1790932512853916.335	,5.780,11.460000,0
7,aclnnAdd_AddAiCore_Add,N/A,N/A,1790932512853940.235	,8.541,18.220000,0
7,aclnnInplaceCopy_AsStridedAiCore_AsStrided,N/A,N/A,1790932512854006.997	,8.060,58.209000,0
7,InnerPromptFlashAttention_PromptFlashAttention_PromptFlashAttention,N/A,N/A,1790932512854356.264	,315.746,341.190000,0
7,aclnnInplaceCopy_TransposeAiCore_Transpose,N/A,N/A,1790932512854672.710	,36.081,0.754000,0
7,aclnnMatmul_MatMulV3Common_MatMulV3,N/A,N/A,1790932512854708.831	,116.862,0.000000,0
7,aclnnAdd_AddAiCore_Add,N/A,N/A,1790932512854825.713	,11.860,0.138000,0
7,aclnnInplaceCopy_CastAiCore_Cast,N/A,N/A,1790932512854837.593	,10.141,0.000000,0
7,aclnnPowTensorScalar_PowsAiCore_Pows,N/A,N/A,1790932512854847.774	,17.420,0.109000,0
7,aclnnMean_ReduceMeanAiCore_ReduceMean,N/A,N/A,1790932512854866.614	,19.900,1.330000,0
7,aclnnAdds_AddAiCore_Add,N/A,N/A,1790932512854887.174	,1.380,0.850000,0
7,aclnnRsqrt_RsqrtAiCore_Rsqrt,N/A,N/A,1790932512854888.574	,1.340,0.000000,0
7,aclnnMul_MulAiCore_Mul,N/A,N/A,1790932512854889.934	,22.281,0.160000,0
7,aclnnInplaceCopy_CastAiCore_Cast,N/A,N/A,1790932512854912.235	,10.940,0.000000,0
7,aclnnMul_MulAiCore_Mul,N/A,N/A,1790932512854923.195	,12.240,0.060000,0
7,aclnnMatmul_MatMulCommon_MatMulV2,N/A,N/A,1790932512854973.796	,465.289,38.260000,0
7,aclnnSilu_SliceAiCore_Slice,N/A,N/A,1790932512855439.105	,20.341,0.000000,0
7,aclnnSilu_SiluAiCore_Swish,N/A,N/A,1790932512855459.486	,33.860,0.159000,0
7,aclnnMul_SliceAiCore_Slice,N/A,N/A,1790932512855493.366	,13.661,0.000000,0
7,aclnnMul_MulAiCore_Mul,N/A,N/A,1790932512855507.047	,19.200,0.089000,0
7,aclnnMatmul_MatMulV3Common_MatMulV3,N/A,N/A,1790932512855526.267	,265.125,0.050000,0
7,aclnnAdd_AddAiCore_Add,N/A,N/A,1790932512855791.412	,15.461,0.125000,0
7,aclnnAdd_AddAiCore_Add,N/A,N/A,1790932512855806.893	,11.540,0.039000,0
7,aclnnInplaceCopy_CastAiCore_Cast,N/A,N/A,1790932512855818.453	,10.380,0.000000,0
7,aclnnPowTensorScalar_PowsAiCore_Pows,N/A,N/A,1790932512855828.853	,17.000,0.000000,0
7,aclnnMean_ReduceMeanAiCore_ReduceMean,N/A,N/A,1790932512855846.833	,21.141,1.000000,0
7,aclnnAdds_AddAiCore_Add,N/A,N/A,1790932512855868.674	,1.500,0.859000,0
7,aclnnRsqrt_RsqrtAiCore_Rsqrt,N/A,N/A,1790932512855870.194	,1.320,0.000000,0
7,aclnnMul_MulAiCore_Mul,N/A,N/A,1790932512855871.534	,21.900,0.000000,0
7,aclnnInplaceCopy_CastAiCore_Cast,N/A,N/A,1790932512855893.454	,10.921,0.100000,0
7,aclnnMul_MulAiCore_Mul,N/A,N/A,1790932512855904.395	,12.320,0.079000,0
7,aclnnMatmul_MatMulV3Common_MatMulV3,N/A,N/A,1790932512855916.735	,160.583,0.000000,0
7,aclnnInplaceCopy_SliceAiCore_Slice,N/A,N/A,1790932512856077.338	,11.340,0.000000,0
7,aclnnInplaceCopy_CastAiCore_Cast,N/A,N/A,1790932512856088.698	,18.521,0.160000,0
7,aclnnPowTensorScalar_PowsAiCore_Pows,N/A,N/A,1790932512856107.239	,26.160,0.000000,0
7,aclnnMean_ReduceMeanAiCore_ReduceMean,N/A,N/A,1790932512856134.399	,20.661,1.090000,0
7,aclnnAdds_AddAiCore_Add,N/A,N/A,1790932512856156.240	,5.700,1.089000,0
7,aclnnRsqrt_RsqrtAiCore_Rsqrt,N/A,N/A,1790932512856161.960	,6.660,0.050000,0
7,aclnnMul_MulAiCore_Mul,N/A,N/A,1790932512856168.640	,26.660,0.090000,0
7,aclnnInplaceCopy_CastAiCore_Cast,N/A,N/A,1790932512856195.320	,14.921,0.000000,0
7,aclnnMul_MulAiCore_Mul,N/A,N/A,1790932512856210.261	,12.260,0.079000,0
7,aclnnInplaceCopy_SliceAiCore_Slice,N/A,N/A,1790932512856222.541	,9.460,0.000000,0
7,aclnnInplaceCopy_CastAiCore_Cast,N/A,N/A,1790932512856232.021	,9.460,0.040000,0
7,aclnnPowTensorScalar_PowsAiCore_Pows,N/A,N/A,1790932512856241.501	,15.881,0.040000,0
7,aclnnMean_ReduceMeanAiCore_ReduceMean,N/A,N/A,1790932512856258.702	,13.740,1.369000,0
7,aclnnAdds_AddAiCore_Add,N/A,N/A,1790932512856273.242	,2.160,0.760000,0
7,aclnnRsqrt_RsqrtAiCore_Rsqrt,N/A,N/A,1790932512856287.302	,2.300,11.840000,0
7,aclnnMul_MulAiCore_Mul,N/A,N/A,1790932512856313.403	,15.800,23.950000,0
7,aclnnInplaceCopy_CastAiCore_Cast,N/A,N/A,1790932512856386.404	,9.400,57.200000,0
7,aclnnMul_MulAiCore_Mul,N/A,N/A,1790932512856412.025	,9.080,16.100000,0
7,aclnnMul_TransposeAiCore_Transpose,N/A,N/A,1790932512856509.087	,36.200,87.920000,0
7,aclnnMul_MulAiCore_Mul,N/A,N/A,1790932512856545.307	,14.141,0.050000,0
7,aclnnNeg_AsStridedAiCore_AsStrided,N/A,N/A,1790932512856576.268	,13.480,16.859000,0
7,aclnnNeg_NegAiCore_Neg,N/A,N/A,1790932512856589.788	,8.520,0.020000,0
7,aclnnCat_AsStridedAiCore_AsStrided,N/A,N/A,1790932512856617.409	,12.700,19.230000,0
7,aclnnCat_ConcatD_ConcatD,N/A,N/A,1790932512856630.149	,11.840,0.050000,0
7,aclnnMul_MulAiCore_Mul,N/A,N/A,1790932512856645.229	,14.461,3.160000,0
7,aclnnAdd_AddAiCore_Add,N/A,N/A,1790932512856671.730	,12.820,12.039000,0
7,aclnnMul_TransposeAiCore_Transpose,N/A,N/A,1790932512856698.911	,22.300,14.430000,0
7,aclnnMul_MulAiCore_Mul,N/A,N/A,1790932512856721.231	,6.160,0.000000,0
7,aclnnNeg_AsStridedAiCore_AsStrided,N/A,N/A,1790932512856755.612	,9.080,28.090000,0
7,aclnnNeg_NegAiCore_Neg,N/A,N/A,1790932512856764.712	,8.300,0.170000,0
7,aclnnCat_AsStridedAiCore_AsStrided,N/A,N/A,1790932512856794.352	,9.041,21.200000,0
7,aclnnCat_ConcatD_ConcatD,N/A,N/A,1790932512856803.413	,6.820,0.209000,0
7,aclnnMul_MulAiCore_Mul,N/A,N/A,1790932512856810.793	,5.700,0.430000,0
7,aclnnAdd_AddAiCore_Add,N/A,N/A,1790932512856836.653	,8.720,20.300000,0
7,aclnnInplaceCopy_AsStridedAiCore_AsStrided,N/A,N/A,1790932512856912.835	,8.200,67.280000,0
7,InnerPromptFlashAttention_PromptFlashAttention_PromptFlashAttention,N/A,N/A,1790932512857264.722	,312.526,343.800000,0
7,aclnnInplaceCopy_TransposeAiCore_Transpose,N/A,N/A,1790932512857577.908	,36.541,0.724000,0
7,aclnnMatmul_MatMulV3Common_MatMulV3,N/A,N/A,1790932512857614.469	,116.042,0.000000,0
7,aclnnAdd_AddAiCore_Add,N/A,N/A,1790932512857730.551	,11.300,0.000000,0
7,aclnnInplaceCopy_CastAiCore_Cast,N/A,N/A,1790932512857741.871	,10.121,0.000000,0
7,aclnnPowTensorScalar_PowsAiCore_Pows,N/A,N/A,1790932512857752.012	,17.240,0.129000,0
7,aclnnMean_ReduceMeanAiCore_ReduceMean,N/A,N/A,1790932512857770.352	,20.220,1.010000,0
7,aclnnAdds_AddAiCore_Add,N/A,N/A,1790932512857791.572	,1.480,1.030000,0
7,aclnnRsqrt_RsqrtAiCore_Rsqrt,N/A,N/A,1790932512857793.092	,1.360,0.020000,0
7,aclnnMul_MulAiCore_Mul,N/A,N/A,1790932512857794.472	,23.501,0.140000,0
7,aclnnInplaceCopy_CastAiCore_Cast,N/A,N/A,1790932512857817.993	,10.780,0.000000,0
7,aclnnMul_MulAiCore_Mul,N/A,N/A,1790932512857828.793	,12.040,0.000000,0
7,aclnnMatmul_MatMulCommon_MatMulV2,N/A,N/A,1790932512857880.734	,469.049,39.960000,0
7,aclnnSilu_SliceAiCore_Slice,N/A,N/A,1790932512858349.803	,19.761,0.000000,0
7,aclnnSilu_SiluAiCore_Swish,N/A,N/A,1790932512858369.584	,33.561,0.000000,0
7,aclnnMul_SliceAiCore_Slice,N/A,N/A,1790932512858403.165	,12.600,0.189000,0
7,aclnnMul_MulAiCore_Mul,N/A,N/A,1790932512858415.785	,19.000,0.000000,0
7,aclnnMatmul_MatMulV3Common_MatMulV3,N/A,N/A,1790932512858434.805	,271.626,0.000000,0
7,aclnnAdd_AddAiCore_Add,N/A,N/A,1790932512858706.451	,15.680,0.124000,0
7,aclnnInplaceCopy_CastAiCore_Cast,N/A,N/A,1790932512858722.151	,10.380,0.070000,0
7,aclnnPowTensorScalar_PowsAiCore_Pows,N/A,N/A,1790932512858732.551	,17.680,0.000000,0
7,aclnnMean_ReduceMeanAiCore_ReduceMean,N/A,N/A,1790932512858751.552	,21.300,1.320000,0
7,aclnnAdds_AddAiCore_Add,N/A,N/A,1790932512858773.992	,1.520,1.200000,0
7,aclnnRsqrt_RsqrtAiCore_Rsqrt,N/A,N/A,1790932512858775.552	,1.400,0.000000,0
7,aclnnMul_MulAiCore_Mul,N/A,N/A,1790932512858776.972	,21.580,0.100000,0
7,aclnnInplaceCopy_CastAiCore_Cast,N/A,N/A,1790932512858798.592	,10.721,0.000000,0
7,aclnnMul_MulAiCore_Mul,N/A,N/A,1790932512858809.333	,12.160,0.029000,0
7,aclnnMatmul_MatMulV3Common_MatMulV3,N/A,N/A,1790932512858821.513	,154.863,0.090000,0
7,aclnnInplaceCopy_SliceAiCore_Slice,N/A,N/A,1790932512858976.396	,13.900,0.137000,0
7,aclnnInplaceCopy_CastAiCore_Cast,N/A,N/A,1790932512858990.316	,19.321,0.000000,0
7,aclnnPowTensorScalar_PowsAiCore_Pows,N/A,N/A,1790932512859009.657	,23.900,0.179000,0
7,aclnnMean_ReduceMeanAiCore_ReduceMean,N/A,N/A,1790932512859034.817	,20.741,1.100000,0
7,aclnnAdds_AddAiCore_Add,N/A,N/A,1790932512859056.658	,5.660,1.259000,0
7,aclnnRsqrt_RsqrtAiCore_Rsqrt,N/A,N/A,1790932512859062.338	,6.640,0.000000,0
7,aclnnMul_MulAiCore_Mul,N/A,N/A,1790932512859068.998	,25.620,0.110000,0
7,aclnnInplaceCopy_CastAiCore_Cast,N/A,N/A,1790932512859094.638	,13.941,0.130000,0
7,aclnnMul_MulAiCore_Mul,N/A,N/A,1790932512859108.619	,12.140,0.000000,0
7,aclnnInplaceCopy_SliceAiCore_Slice,N/A,N/A,1790932512859120.779	,9.220,0.110000,0
7,aclnnInplaceCopy_CastAiCore_Cast,N/A,N/A,1790932512859130.019	,10.820,0.030000,0
7,aclnnPowTensorScalar_PowsAiCore_Pows,N/A,N/A,1790932512859140.879	,15.961,0.180000,0
7,aclnnMean_ReduceMeanAiCore_ReduceMean,N/A,N/A,1790932512859157.980	,14.020,1.039000,0
7,aclnnAdds_AddAiCore_Add,N/A,N/A,1790932512859173.140	,2.320,1.230000,0
7,aclnnRsqrt_RsqrtAiCore_Rsqrt,N/A,N/A,1790932512859175.480	,2.400,0.000000,0
7,aclnnMul_MulAiCore_Mul,N/A,N/A,1790932512859177.900	,15.960,0.100000,0
7,aclnnInplaceCopy_CastAiCore_Cast,N/A,N/A,1790932512859238.141	,9.260,44.290000,0
7,aclnnMul_MulAiCore_Mul,N/A,N/A,1790932512859263.562	,9.300,15.990000,0
7,aclnnMul_TransposeAiCore_Transpose,N/A,N/A,1790932512859357.244	,36.220,84.450000,0
7,aclnnMul_MulAiCore_Mul,N/A,N/A,1790932512859393.484	,14.201,0.030000,0
7,aclnnNeg_AsStridedAiCore_AsStrided,N/A,N/A,1790932512859424.725	,13.940,17.049000,0
7,aclnnNeg_NegAiCore_Neg,N/A,N/A,1790932512859438.685	,8.460,0.060000,0
7,aclnnCat_AsStridedAiCore_AsStrided,N/A,N/A,1790932512859456.986	,12.320,9.790000,0
7,aclnnCat_ConcatD_ConcatD,N/A,N/A,1790932512859469.326	,12.040,0.000000,0
7,aclnnMul_MulAiCore_Mul,N/A,N/A,1790932512859483.426	,14.420,2.210000,0
7,aclnnAdd_AddAiCore_Add,N/A,N/A,1790932512859509.847	,12.700,11.830000,0
7,aclnnMul_TransposeAiCore_Transpose,N/A,N/A,1790932512859549.607	,21.821,27.050000,0
7,aclnnMul_MulAiCore_Mul,N/A,N/A,1790932512859571.448	,6.220,0.179000,0
7,aclnnNeg_AsStridedAiCore_AsStrided,N/A,N/A,1790932512859605.549	,9.300,27.780000,0
7,aclnnNeg_NegAiCore_Neg,N/A,N/A,1790932512859614.869	,8.140,0.000000,0
7,aclnnCat_AsStridedAiCore_AsStrided,N/A,N/A,1790932512859647.929	,9.041,25.110000,0
7,aclnnCat_ConcatD_ConcatD,N/A,N/A,1790932512859656.990	,6.600,0.000000,0
7,aclnnMul_MulAiCore_Mul,N/A,N/A,1790932512859664.370	,6.300,0.650000,0
7,aclnnAdd_AddAiCore_Add,N/A,N/A,1790932512859703.811	,8.540,33.200000,0
7,aclnnInplaceCopy_AsStridedAiCore_AsStrided,N/A,N/A,1790932512859766.712	,7.180,54.460000,0
7,InnerPromptFlashAttention_PromptFlashAttention_PromptFlashAttention,N/A,N/A,1790932512860111.899	,310.106,338.070000,0
7,aclnnInplaceCopy_TransposeAiCore_Transpose,N/A,N/A,1790932512860422.825	,36.061,0.644000,0
7,aclnnMatmul_MatMulV3Common_MatMulV3,N/A,N/A,1790932512860458.926	,116.502,0.189000,0
7,aclnnAdd_AddAiCore_Add,N/A,N/A,1790932512860575.448	,11.900,0.000000,0
7,aclnnInplaceCopy_CastAiCore_Cast,N/A,N/A,1790932512860587.368	,10.020,0.000000,0
7,aclnnPowTensorScalar_PowsAiCore_Pows,N/A,N/A,1790932512860597.408	,17.501,0.230000,0
7,aclnnMean_ReduceMeanAiCore_ReduceMean,N/A,N/A,1790932512860615.829	,20.180,0.749000,0
7,aclnnAdds_AddAiCore_Add,N/A,N/A,1790932512860637.069	,1.640,1.070000,0
7,aclnnRsqrt_RsqrtAiCore_Rsqrt,N/A,N/A,1790932512860638.729	,1.300,0.110000,0
7,aclnnMul_MulAiCore_Mul,N/A,N/A,1790932512860640.049	,22.201,0.000000,0
7,aclnnInplaceCopy_CastAiCore_Cast,N/A,N/A,1790932512860662.270	,10.840,0.049000,0
7,aclnnMul_MulAiCore_Mul,N/A,N/A,1790932512860673.130	,11.900,0.160000,0
7,aclnnMatmul_MatMulCommon_MatMulV2,N/A,N/A,1790932512860738.631	,469.410,53.600000,0
7,aclnnSilu_SliceAiCore_Slice,N/A,N/A,1790932512861208.061	,17.440,0.000000,0
7,aclnnSilu_SiluAiCore_Swish,N/A,N/A,1790932512861225.541	,34.021,0.060000,0
7,aclnnMul_SliceAiCore_Slice,N/A,N/A,1790932512861259.582	,13.020,0.000000,0
7,aclnnMul_MulAiCore_Mul,N/A,N/A,1790932512861272.622	,18.960,0.000000,0
7,aclnnMatmul_MatMulV3Common_MatMulV3,N/A,N/A,1790932512861291.602	,269.986,0.040000,0
7,aclnnAdd_AddAiCore_Add,N/A,N/A,1790932512861561.608	,15.300,0.014000,0
7,aclnnInplaceCopy_CastAiCore_Cast,N/A,N/A,1790932512861576.928	,10.160,0.200000,0
7,aclnnPowTensorScalar_PowsAiCore_Pows,N/A,N/A,1790932512861587.108	,19.721,0.000000,0
7,aclnnMean_ReduceMeanAiCore_ReduceMean,N/A,N/A,1790932512861608.029	,21.120,1.279000,0
7,aclnnAdds_AddAiCore_Add,N/A,N/A,1790932512861629.909	,1.740,0.880000,0
7,aclnnRsqrt_RsqrtAiCore_Rsqrt,N/A,N/A,1790932512861631.669	,1.380,0.010000,0
7,aclnnMul_MulAiCore_Mul,N/A,N/A,1790932512861633.069	,21.581,0.000000,0
7,aclnnInplaceCopy_CastAiCore_Cast,N/A,N/A,1790932512861654.670	,10.860,0.169000,0
7,aclnnMul_MulAiCore_Mul,N/A,N/A,1790932512861665.570	,11.820,0.000000,0
7,aclnnMatmul_MatMulV3Common_MatMulV3,N/A,N/A,1790932512861677.410	,156.563,0.180000,0
7,aclnnInplaceCopy_SliceAiCore_Slice,N/A,N/A,1790932512861833.993	,11.280,0.000000,0
7,aclnnInplaceCopy_CastAiCore_Cast,N/A,N/A,1790932512861845.293	,19.541,0.000000,0
7,aclnnPowTensorScalar_PowsAiCore_Pows,N/A,N/A,1790932512861864.854	,26.140,0.000000,0
7,aclnnMean_ReduceMeanAiCore_ReduceMean,N/A,N/A,1790932512861892.174	,20.501,1.360000,0
7,aclnnAdds_AddAiCore_Add,N/A,N/A,1790932512861913.395	,5.680,0.749000,0
7,aclnnRsqrt_RsqrtAiCore_Rsqrt,N/A,N/A,1790932512861919.095	,6.640,0.000000,0
7,aclnnMul_MulAiCore_Mul,N/A,N/A,1790932512861925.755	,25.260,0.110000,0
7,aclnnInplaceCopy_CastAiCore_Cast,N/A,N/A,1790932512861951.055	,14.241,0.000000,0
7,aclnnMul_MulAiCore_Mul,N/A,N/A,1790932512861965.316	,12.200,0.009000,0
7,aclnnInplaceCopy_SliceAiCore_Slice,N/A,N/A,1790932512861977.556	,9.080,0.050000,0
7,aclnnInplaceCopy_CastAiCore_Cast,N/A,N/A,1790932512861986.656	,9.500,0.170000,0
7,aclnnPowTensorScalar_PowsAiCore_Pows,N/A,N/A,1790932512861996.176	,15.541,0.000000,0
7,aclnnMean_ReduceMeanAiCore_ReduceMean,N/A,N/A,1790932512862012.777	,13.520,0.959000,0
7,aclnnAdds_AddAiCore_Add,N/A,N/A,1790932512862027.297	,2.140,0.980000,0
7,aclnnRsqrt_RsqrtAiCore_Rsqrt,N/A,N/A,1790932512862033.777	,2.280,4.360000,0
7,aclnnMul_MulAiCore_Mul,N/A,N/A,1790932512862060.078	,15.640,23.970000,0
7,aclnnInplaceCopy_CastAiCore_Cast,N/A,N/A,1790932512862119.459	,9.340,43.860000,0
7,aclnnMul_MulAiCore_Mul,N/A,N/A,1790932512862134.699	,9.080,5.910000,0
7,aclnnMul_TransposeAiCore_Transpose,N/A,N/A,1790932512862237.701	,36.121,93.920000,0
7,aclnnMul_MulAiCore_Mul,N/A,N/A,1790932512862273.862	,14.300,0.000000,0
7,aclnnNeg_AsStridedAiCore_AsStrided,N/A,N/A,1790932512862304.703	,13.460,16.700000,0
7,aclnnNeg_NegAiCore_Neg,N/A,N/A,1790932512862318.183	,8.600,0.040000,0
7,aclnnCat_AsStridedAiCore_AsStrided,N/A,N/A,1790932512862335.363	,12.620,8.400000,0
7,aclnnCat_ConcatD_ConcatD,N/A,N/A,1790932512862348.003	,12.381,0.130000,0
7,aclnnMul_MulAiCore_Mul,N/A,N/A,1790932512862362.264	,13.680,1.869000,0
7,aclnnAdd_AddAiCore_Add,N/A,N/A,1790932512862388.564	,12.660,12.570000,0
7,aclnnMul_TransposeAiCore_Transpose,N/A,N/A,1790932512862431.125	,22.020,29.840000,0
7,aclnnMul_MulAiCore_Mul,N/A,N/A,1790932512862453.165	,6.441,0.230000,0
7,aclnnNeg_AsStridedAiCore_AsStrided,N/A,N/A,1790932512862487.606	,8.920,27.809000,0
7,aclnnNeg_NegAiCore_Neg,N/A,N/A,1790932512862496.546	,8.281,0.080000,0
7,aclnnCat_AsStridedAiCore_AsStrided,N/A,N/A,1790932512862517.867	,8.580,12.969000,0
7,aclnnCat_ConcatD_ConcatD,N/A,N/A,1790932512862526.467	,7.140,0.170000,0
7,aclnnMul_MulAiCore_Mul,N/A,N/A,1790932512862544.547	,5.900,10.860000,0
7,aclnnAdd_AddAiCore_Add,N/A,N/A,1790932512862582.028	,8.520,31.600000,0
7,aclnnInplaceCopy_AsStridedAiCore_AsStrided,N/A,N/A,1790932512862638.549	,8.160,47.980000,0
7,InnerPromptFlashAttention_PromptFlashAttention_PromptFlashAttention,N/A,N/A,1790932512862996.596	,311.427,349.840000,0
7,aclnnInplaceCopy_TransposeAiCore_Transpose,N/A,N/A,1790932512863309.003	,36.760,1.073000,0
7,aclnnMatmul_MatMulV3Common_MatMulV3,N/A,N/A,1790932512863345.783	,116.583,0.000000,0
7,aclnnAdd_AddAiCore_Add,N/A,N/A,1790932512863462.386	,11.600,0.167000,0
7,aclnnInplaceCopy_CastAiCore_Cast,N/A,N/A,1790932512863474.026	,10.080,0.000000,0
7,aclnnPowTensorScalar_PowsAiCore_Pows,N/A,N/A,1790932512863484.126	,17.500,0.170000,0
7,aclnnMean_ReduceMeanAiCore_ReduceMean,N/A,N/A,1790932512863502.966	,20.141,1.250000,0
7,aclnnAdds_AddAiCore_Add,N/A,N/A,1790932512863524.207	,1.480,1.109000,0
7,aclnnRsqrt_RsqrtAiCore_Rsqrt,N/A,N/A,1790932512863525.707	,1.340,0.020000,0
7,aclnnMul_MulAiCore_Mul,N/A,N/A,1790932512863527.067	,22.800,0.000000,0
7,aclnnInplaceCopy_CastAiCore_Cast,N/A,N/A,1790932512863549.887	,10.921,0.200000,0
7,aclnnMul_MulAiCore_Mul,N/A,N/A,1790932512863560.828	,11.980,0.000000,0
7,aclnnMatmul_MatMulCommon_MatMulV2,N/A,N/A,1790932512863617.969	,473.469,45.270000,0
7,aclnnSilu_SliceAiCore_Slice,N/A,N/A,1790932512864091.458	,17.041,0.031000,0
7,aclnnSilu_SiluAiCore_Swish,N/A,N/A,1790932512864108.539	,33.540,0.000000,0
7,aclnnMul_SliceAiCore_Slice,N/A,N/A,1790932512864142.099	,13.240,0.000000,0
7,aclnnMul_MulAiCore_Mul,N/A,N/A,1790932512864155.379	,19.101,0.260000,0
7,aclnnMatmul_MatMulV3Common_MatMulV3,N/A,N/A,1790932512864174.500	,268.185,0.000000,0
7,aclnnAdd_AddAiCore_Add,N/A,N/A,1790932512864442.705	,15.921,0.065000,0
7,aclnnInplaceCopy_CastAiCore_Cast,N/A,N/A,1790932512864458.646	,10.380,0.079000,0
7,aclnnPowTensorScalar_PowsAiCore_Pows,N/A,N/A,1790932512864469.046	,17.460,0.000000,0
7,aclnnMean_ReduceMeanAiCore_ReduceMean,N/A,N/A,1790932512864487.426	,21.361,1.040000,0
7,aclnnAdds_AddAiCore_Add,N/A,N/A,1790932512864509.887	,1.520,1.139000,0
7,aclnnRsqrt_RsqrtAiCore_Rsqrt,N/A,N/A,1790932512864511.427	,1.360,0.000000,0
7,aclnnMul_MulAiCore_Mul,N/A,N/A,1790932512864512.807	,23.360,0.000000,0
7,aclnnInplaceCopy_CastAiCore_Cast,N/A,N/A,1790932512864536.187	,10.800,0.140000,0
7,aclnnMul_MulAiCore_Mul,N/A,N/A,1790932512864547.007	,11.761,0.000000,0
7,aclnnMatmul_MatMulV3Common_MatMulV3,N/A,N/A,1790932512864558.808	,161.403,0.000000,0
7,aclnnInplaceCopy_SliceAiCore_Slice,N/A,N/A,1790932512866365.364	,11.180,1645.097000,0
7,aclnnInplaceCopy_CastAiCore_Cast,N/A,N/A,1790932512866376.564	,16.140,0.070000,0
7,aclnnPowTensorScalar_PowsAiCore_Pows,N/A,N/A,1790932512866392.724	,23.541,0.110000,0
7,aclnnMean_ReduceMeanAiCore_ReduceMean,N/A,N/A,1790932512866424.025	,20.680,7.709000,0
7,aclnnAdds_AddAiCore_Add,N/A,N/A,1790932512866463.106	,5.880,18.320000,0
7,aclnnRsqrt_RsqrtAiCore_Rsqrt,N/A,N/A,1790932512866490.086	,6.640,21.120000,0
7,aclnnMul_MulAiCore_Mul,N/A,N/A,1790932512866516.627	,25.840,20.110000,0
7,aclnnInplaceCopy_CastAiCore_Cast,N/A,N/A,1790932512866571.848	,14.220,29.160000,0
7,aclnnMul_MulAiCore_Mul,N/A,N/A,1790932512866604.448	,12.281,18.530000,0
7,aclnnInplaceCopy_SliceAiCore_Slice,N/A,N/A,1790932512866715.371	,9.040,98.469000,0
7,aclnnInplaceCopy_CastAiCore_Cast,N/A,N/A,1790932512866724.451	,9.580,0.210000,0
7,aclnnPowTensorScalar_PowsAiCore_Pows,N/A,N/A,1790932512866745.551	,15.741,11.420000,0
7,aclnnMean_ReduceMeanAiCore_ReduceMean,N/A,N/A,1790932512866775.152	,13.520,14.009000,0
7,aclnnAdds_AddAiCore_Add,N/A,N/A,1790932512866813.673	,2.140,24.980000,0
7,aclnnRsqrt_RsqrtAiCore_Rsqrt,N/A,N/A,1790932512866844.213	,2.360,28.360000,0
7,aclnnMul_MulAiCore_Mul,N/A,N/A,1790932512866870.254	,15.340,23.640000,0
7,aclnnInplaceCopy_CastAiCore_Cast,N/A,N/A,1790932512866911.035	,9.300,25.410000,0
7,aclnnMul_MulAiCore_Mul,N/A,N/A,1790932512866949.015	,9.180,28.700000,0
7,aclnnMul_TransposeAiCore_Transpose,N/A,N/A,1790932512867042.337	,34.981,84.070000,0
7,aclnnMul_MulAiCore_Mul,N/A,N/A,1790932512867077.338	,14.300,0.019000,0
7,aclnnNeg_AsStridedAiCore_AsStrided,N/A,N/A,1790932512867110.019	,13.460,18.450000,0
7,aclnnNeg_NegAiCore_Neg,N/A,N/A,1790932512867123.519	,8.560,0.040000,0
7,aclnnCat_AsStridedAiCore_AsStrided,N/A,N/A,1790932512867140.279	,13.960,8.190000,0
7,aclnnCat_ConcatD_ConcatD,N/A,N/A,1790932512867154.259	,11.521,0.040000,0
7,aclnnMul_MulAiCore_Mul,N/A,N/A,1790932512867177.080	,14.120,11.229000,0
7,aclnnAdd_AddAiCore_Add,N/A,N/A,1790932512867202.000	,12.781,10.880000,0
7,aclnnMul_TransposeAiCore_Transpose,N/A,N/A,1790932512867237.121	,21.820,22.219000,0
7,aclnnMul_MulAiCore_Mul,N/A,N/A,1790932512867258.961	,6.181,0.180000,0
7,aclnnNeg_AsStridedAiCore_AsStrided,N/A,N/A,1790932512867293.622	,9.040,28.319000,0
7,aclnnNeg_NegAiCore_Neg,N/A,N/A,1790932512867302.682	,8.061,0.210000,0
7,aclnnCat_AsStridedAiCore_AsStrided,N/A,N/A,1790932512867324.183	,8.840,13.439000,0
7,aclnnCat_ConcatD_ConcatD,N/A,N/A,1790932512867333.043	,6.980,0.000000,0
7,aclnnMul_MulAiCore_Mul,N/A,N/A,1790932512867354.663	,6.221,14.770000,0
7,aclnnAdd_AddAiCore_Add,N/A,N/A,1790932512867383.144	,8.660,22.279000,0
7,aclnnInplaceCopy_AsStridedAiCore_AsStrided,N/A,N/A,1790932512867449.625	,7.100,57.590000,0
7,InnerPromptFlashAttention_PromptFlashAttention_PromptFlashAttention,N/A,N/A,1790932512867841.613	,324.107,384.900000,0
7,aclnnInplaceCopy_TransposeAiCore_Transpose,N/A,N/A,1790932512868166.840	,36.660,1.143000,0
7,aclnnMatmul_MatMulV3Common_MatMulV3,N/A,N/A,1790932512868203.520	,116.123,0.090000,0
7,aclnnAdd_AddAiCore_Add,N/A,N/A,1790932512868319.663	,11.640,0.127000,0
7,aclnnInplaceCopy_CastAiCore_Cast,N/A,N/A,1790932512868331.323	,10.000,0.000000,0
7,aclnnPowTensorScalar_PowsAiCore_Pows,N/A,N/A,1790932512868341.343	,17.500,0.000000,0
7,aclnnMean_ReduceMeanAiCore_ReduceMean,N/A,N/A,1790932512868359.763	,20.061,1.000000,0
7,aclnnAdds_AddAiCore_Add,N/A,N/A,1790932512868381.024	,1.400,1.189000,0
7,aclnnRsqrt_RsqrtAiCore_Rsqrt,N/A,N/A,1790932512868382.464	,1.380,0.100000,0
7,aclnnMul_MulAiCore_Mul,N/A,N/A,1790932512868383.864	,22.600,0.000000,0
7,aclnnInplaceCopy_CastAiCore_Cast,N/A,N/A,1790932512868406.484	,10.921,0.150000,0
7,aclnnMul_MulAiCore_Mul,N/A,N/A,1790932512868417.425	,12.080,0.079000,0
7,aclnnMatmul_MatMulCommon_MatMulV2,N/A,N/A,1790932512868507.886	,467.770,78.420000,0
7,aclnnSilu_SliceAiCore_Slice,N/A,N/A,1790932512868975.676	,17.560,0.000000,0
7,aclnnSilu_SiluAiCore_Swish,N/A,N/A,1790932512868993.256	,33.801,0.000000,0
7,aclnnMul_SliceAiCore_Slice,N/A,N/A,1790932512869027.077	,12.300,0.000000,0
7,aclnnMul_MulAiCore_Mul,N/A,N/A,1790932512869039.397	,19.080,0.200000,0
7,aclnnMatmul_MatMulV3Common_MatMulV3,N/A,N/A,1790932512869058.497	,270.266,0.000000,0
7,aclnnAdd_AddAiCore_Add,N/A,N/A,1790932512869328.783	,17.980,0.000000,0
7,aclnnInplaceCopy_CastAiCore_Cast,N/A,N/A,1790932512869346.783	,10.160,0.020000,0
7,aclnnPowTensorScalar_PowsAiCore_Pows,N/A,N/A,1790932512869356.963	,17.421,0.090000,0
7,aclnnMean_ReduceMeanAiCore_ReduceMean,N/A,N/A,1790932512869375.844	,21.120,1.329000,0
7,aclnnAdds_AddAiCore_Add,N/A,N/A,1790932512869397.704	,1.500,0.880000,0
7,aclnnRsqrt_RsqrtAiCore_Rsqrt,N/A,N/A,1790932512869399.224	,1.560,0.000000,0
7,aclnnMul_MulAiCore_Mul,N/A,N/A,1790932512869400.824	,21.601,0.000000,0
7,aclnnInplaceCopy_CastAiCore_Cast,N/A,N/A,1790932512869422.445	,10.940,0.149000,0
7,aclnnMul_MulAiCore_Mul,N/A,N/A,1790932512869433.425	,11.900,0.060000,0
7,aclnnMatmul_MatMulV3Common_MatMulV3,N/A,N/A,1790932512869445.365	,156.443,0.000000,0
7,aclnnInplaceCopy_SliceAiCore_Slice,N/A,N/A,1790932512869601.828	,11.101,0.057000,0
7,aclnnInplaceCopy_CastAiCore_Cast,N/A,N/A,1790932512869612.949	,19.140,0.149000,0
7,aclnnPowTensorScalar_PowsAiCore_Pows,N/A,N/A,1790932512869632.109	,26.360,0.000000,0
7,aclnnMean_ReduceMeanAiCore_ReduceMean,N/A,N/A,1790932512869659.849	,20.641,1.390000,0
7,aclnnAdds_AddAiCore_Add,N/A,N/A,1790932512869681.690	,6.020,1.359000,0
7,aclnnRsqrt_RsqrtAiCore_Rsqrt,N/A,N/A,1790932512869687.730	,6.600,0.000000,0
7,aclnnMul_MulAiCore_Mul,N/A,N/A,1790932512869694.350	,25.381,0.000000,0
7,aclnnInplaceCopy_CastAiCore_Cast,N/A,N/A,1790932512869719.751	,14.200,0.119000,0
7,aclnnMul_MulAiCore_Mul,N/A,N/A,1790932512869733.971	,12.340,0.050000,0
7,aclnnInplaceCopy_SliceAiCore_Slice,N/A,N/A,1790932512869746.351	,9.440,0.000000,0
7,aclnnInplaceCopy_CastAiCore_Cast,N/A,N/A,1790932512869755.811	,9.481,0.060000,0
7,aclnnPowTensorScalar_PowsAiCore_Pows,N/A,N/A,1790932512869765.312	,15.900,0.019000,0
7,aclnnMean_ReduceMeanAiCore_ReduceMean,N/A,N/A,1790932512869782.412	,13.620,1.350000,0
7,aclnnAdds_AddAiCore_Add,N/A,N/A,1790932512869796.932	,2.220,0.880000,0
7,aclnnRsqrt_RsqrtAiCore_Rsqrt,N/A,N/A,1790932512869799.172	,2.360,0.030000,0
7,aclnnMul_MulAiCore_Mul,N/A,N/A,1790932512869811.792	,15.761,10.140000,0
7,aclnnInplaceCopy_CastAiCore_Cast,N/A,N/A,1790932512869867.434	,9.340,39.989000,0
7,aclnnMul_MulAiCore_Mul,N/A,N/A,1790932512869894.394	,9.120,17.660000,0
7,aclnnMul_TransposeAiCore_Transpose,N/A,N/A,1790932512869988.536	,36.121,84.880000,0
7,aclnnMul_MulAiCore_Mul,N/A,N/A,1790932512870024.677	,12.860,0.129000,0
7,aclnnNeg_AsStridedAiCore_AsStrided,N/A,N/A,1790932512870055.977	,14.321,18.390000,0
7,aclnnNeg_NegAiCore_Neg,N/A,N/A,1790932512870070.318	,8.480,0.000000,0
7,aclnnCat_AsStridedAiCore_AsStrided,N/A,N/A,1790932512870087.758	,12.440,9.020000,0
7,aclnnCat_ConcatD_ConcatD,N/A,N/A,1790932512870100.218	,12.281,0.060000,0
7,aclnnMul_MulAiCore_Mul,N/A,N/A,1790932512870116.739	,13.980,4.219000,0
7,aclnnAdd_AddAiCore_Add,N/A,N/A,1790932512870144.039	,12.820,13.270000,0
7,aclnnMul_TransposeAiCore_Transpose,N/A,N/A,1790932512870171.500	,22.120,14.680000,0
7,aclnnMul_MulAiCore_Mul,N/A,N/A,1790932512870193.640	,6.180,0.130000,0
7,aclnnNeg_AsStridedAiCore_AsStrided,N/A,N/A,1790932512870228.201	,9.140,28.320000,0
7,aclnnNeg_NegAiCore_Neg,N/A,N/A,1790932512870238.461	,8.080,1.110000,0
7,aclnnCat_AsStridedAiCore_AsStrided,N/A,N/A,1790932512870274.142	,9.300,27.670000,0
7,aclnnCat_ConcatD_ConcatD,N/A,N/A,1790932512870283.462	,6.660,0.000000,0
7,aclnnMul_MulAiCore_Mul,N/A,N/A,1790932512870301.782	,5.900,11.590000,0
7,aclnnAdd_AddAiCore_Add,N/A,N/A,1790932512870327.823	,8.660,20.100000,0
7,aclnnInplaceCopy_AsStridedAiCore_AsStrided,N/A,N/A,1790932512870392.604	,8.280,56.090000,0
7,InnerPromptFlashAttention_PromptFlashAttention_PromptFlashAttention,N/A,N/A,1790932512870738.111	,316.786,337.220000,0
7,aclnnInplaceCopy_TransposeAiCore_Transpose,N/A,N/A,1790932512871055.957	,36.381,1.214000,0
7,aclnnMatmul_MatMulV3Common_MatMulV3,N/A,N/A,1790932512871092.358	,115.582,0.000000,0
7,aclnnAdd_AddAiCore_Add,N/A,N/A,1790932512871207.980	,11.761,0.168000,0
7,aclnnInplaceCopy_CastAiCore_Cast,N/A,N/A,1790932512871219.761	,9.980,0.000000,0
7,aclnnPowTensorScalar_PowsAiCore_Pows,N/A,N/A,1790932512871229.781	,17.100,0.020000,0
7,aclnnMean_ReduceMeanAiCore_ReduceMean,N/A,N/A,1790932512871248.021	,20.101,1.150000,0
7,aclnnAdds_AddAiCore_Add,N/A,N/A,1790932512871269.242	,1.380,1.149000,0
7,aclnnRsqrt_RsqrtAiCore_Rsqrt,N/A,N/A,1790932512871270.642	,1.340,0.120000,0
7,aclnnMul_MulAiCore_Mul,N/A,N/A,1790932512871272.002	,22.760,0.000000,0
7,aclnnInplaceCopy_CastAiCore_Cast,N/A,N/A,1790932512871294.782	,10.900,0.000000,0
7,aclnnMul_MulAiCore_Mul,N/A,N/A,1790932512871305.702	,12.161,0.100000,0
7,aclnnMatmul_MatMulCommon_MatMulV2,N/A,N/A,1790932512871349.783	,468.690,31.839000,0
7,aclnnSilu_SliceAiCore_Slice,N/A,N/A,1790932512871818.513	,16.620,0.060000,0
7,aclnnSilu_SiluAiCore_Swish,N/A,N/A,1790932512871835.173	,33.901,0.130000,0
7,aclnnMul_SliceAiCore_Slice,N/A,N/A,1790932512871869.094	,12.300,0.000000,0
7,aclnnMul_MulAiCore_Mul,N/A,N/A,1790932512871881.414	,19.220,0.200000,0
7,aclnnMatmul_MatMulV3Common_MatMulV3,N/A,N/A,1790932512871900.674	,265.546,0.030000,0
7,aclnnAdd_AddAiCore_Add,N/A,N/A,1790932512872166.240	,16.020,0.000000,0
7,aclnnInplaceCopy_CastAiCore_Cast,N/A,N/A,1790932512872182.300	,10.320,0.000000,0
7,aclnnPowTensorScalar_PowsAiCore_Pows,N/A,N/A,1790932512872192.660	,17.760,0.180000,0
7,aclnnMean_ReduceMeanAiCore_ReduceMean,N/A,N/A,1790932512872211.560	,21.481,0.990000,0
7,aclnnAdds_AddAiCore_Add,N/A,N/A,1790932512872234.001	,1.540,1.019000,0
7,aclnnRsqrt_RsqrtAiCore_Rsqrt,N/A,N/A,1790932512872235.581	,1.360,0.000000,0
7,aclnnMul_MulAiCore_Mul,N/A,N/A,1790932512872236.961	,20.980,0.140000,0
7,aclnnInplaceCopy_CastAiCore_Cast,N/A,N/A,1790932512872257.961	,10.981,0.020000,0
7,aclnnMul_MulAiCore_Mul,N/A,N/A,1790932512872268.962	,12.200,0.019000,0
7,aclnnMatmul_MatMulV3Common_MatMulV3,N/A,N/A,1790932512872281.182	,159.883,0.050000,0
7,aclnnInplaceCopy_SliceAiCore_Slice,N/A,N/A,1790932512872441.085	,11.160,0.000000,0
7,aclnnInplaceCopy_CastAiCore_Cast,N/A,N/A,1790932512872452.265	,16.261,0.090000,0
7,aclnnPowTensorScalar_PowsAiCore_Pows,N/A,N/A,1790932512872468.546	,23.140,0.000000,0
7,aclnnMean_ReduceMeanAiCore_ReduceMean,N/A,N/A,1790932512872492.606	,20.480,0.860000,0
7,aclnnAdds_AddAiCore_Add,N/A,N/A,1790932512872513.826	,5.661,0.770000,0
7,aclnnRsqrt_RsqrtAiCore_Rsqrt,N/A,N/A,1790932512872519.507	,6.620,0.089000,0
7,aclnnMul_MulAiCore_Mul,N/A,N/A,1790932512872526.147	,25.440,0.130000,0
7,aclnnInplaceCopy_CastAiCore_Cast,N/A,N/A,1790932512872551.607	,14.541,0.000000,0
7,aclnnMul_MulAiCore_Mul,N/A,N/A,1790932512872566.168	,11.920,0.209000,0
7,aclnnInplaceCopy_SliceAiCore_Slice,N/A,N/A,1790932512872578.108	,9.260,0.000000,0
7,aclnnInplaceCopy_CastAiCore_Cast,N/A,N/A,1790932512872587.388	,9.500,0.240000,0
7,aclnnPowTensorScalar_PowsAiCore_Pows,N/A,N/A,1790932512872596.908	,16.280,0.000000,0
7,aclnnMean_ReduceMeanAiCore_ReduceMean,N/A,N/A,1790932512872614.428	,13.581,1.220000,0
7,aclnnAdds_AddAiCore_Add,N/A,N/A,1790932512872628.909	,2.220,0.919000,0
7,aclnnRsqrt_RsqrtAiCore_Rsqrt,N/A,N/A,1790932512872641.369	,2.320,10.030000,0
7,aclnnMul_MulAiCore_Mul,N/A,N/A,1790932512872667.430	,17.080,23.930000,0
7,aclnnInplaceCopy_CastAiCore_Cast,N/A,N/A,1790932512872732.051	,9.300,47.420000,0
7,aclnnMul_MulAiCore_Mul,N/A,N/A,1790932512872758.531	,9.201,17.200000,0
7,aclnnMul_TransposeAiCore_Transpose,N/A,N/A,1790932512872851.293	,34.181,83.549000,0
7,aclnnMul_MulAiCore_Mul,N/A,N/A,1790932512872885.494	,14.200,0.069000,0
7,aclnnNeg_AsStridedAiCore_AsStrided,N/A,N/A,1790932512872918.515	,13.580,18.800000,0
7,aclnnNeg_NegAiCore_Neg,N/A,N/A,1790932512872932.135	,8.420,0.170000,0
7,aclnnCat_AsStridedAiCore_AsStrided,N/A,N/A,1790932512872949.215	,13.280,8.580000,0
7,aclnnCat_ConcatD_ConcatD,N/A,N/A,1790932512872962.515	,11.921,0.000000,0
7,aclnnMul_MulAiCore_Mul,N/A,N/A,1790932512872976.736	,15.000,2.329000,0
7,aclnnAdd_AddAiCore_Add,N/A,N/A,1790932512873003.196	,12.961,11.500000,0
7,aclnnMul_TransposeAiCore_Transpose,N/A,N/A,1790932512873043.397	,21.961,27.289000,0
7,aclnnMul_MulAiCore_Mul,N/A,N/A,1790932512873065.398	,6.200,0.039000,0
7,aclnnNeg_AsStridedAiCore_AsStrided,N/A,N/A,1790932512873100.178	,9.120,28.550000,0
7,aclnnNeg_NegAiCore_Neg,N/A,N/A,1790932512873109.318	,8.201,0.000000,0
7,aclnnCat_AsStridedAiCore_AsStrided,N/A,N/A,1790932512873130.399	,9.600,13.049000,0
7,aclnnCat_ConcatD_ConcatD,N/A,N/A,1790932512873140.019	,6.640,0.000000,0
7,aclnnMul_MulAiCore_Mul,N/A,N/A,1790932512873169.820	,6.160,23.110000,0
7,aclnnAdd_AddAiCore_Add,N/A,N/A,1790932512873197.340	,8.520,21.340000,0
7,aclnnInplaceCopy_AsStridedAiCore_AsStrided,N/A,N/A,1790932512873253.681	,7.880,47.980000,0
7,InnerPromptFlashAttention_PromptFlashAttention_PromptFlashAttention,N/A,N/A,1790932512873605.408	,305.566,343.870000,0
7,aclnnInplaceCopy_TransposeAiCore_Transpose,N/A,N/A,1790932512873911.934	,36.201,0.934000,0
7,aclnnMatmul_MatMulV3Common_MatMulV3,N/A,N/A,1790932512873948.155	,116.542,0.049000,0
7,aclnnAdd_AddAiCore_Add,N/A,N/A,1790932512874064.717	,11.821,0.000000,0
7,aclnnInplaceCopy_CastAiCore_Cast,N/A,N/A,1790932512874076.558	,10.160,0.000000,0
7,aclnnPowTensorScalar_PowsAiCore_Pows,N/A,N/A,1790932512874086.758	,17.340,0.090000,0
7,aclnnMean_ReduceMeanAiCore_ReduceMean,N/A,N/A,1790932512874105.458	,20.201,1.410000,0
7,aclnnAdds_AddAiCore_Add,N/A,N/A,1790932512874126.699	,1.480,1.049000,0
7,aclnnRsqrt_RsqrtAiCore_Rsqrt,N/A,N/A,1790932512874128.199	,1.340,0.020000,0
7,aclnnMul_MulAiCore_Mul,N/A,N/A,1790932512874129.559	,22.300,0.000000,0
7,aclnnInplaceCopy_CastAiCore_Cast,N/A,N/A,1790932512874151.879	,10.960,0.200000,0
7,aclnnMul_MulAiCore_Mul,N/A,N/A,1790932512874162.859	,18.281,0.000000,0
7,aclnnMatmul_MatMulCommon_MatMulV2,N/A,N/A,1790932512874227.761	,468.209,46.719000,0
7,aclnnSilu_SliceAiCore_Slice,N/A,N/A,1790932512874695.990	,16.980,0.041000,0
7,aclnnSilu_SiluAiCore_Swish,N/A,N/A,1790932512874712.990	,33.621,0.020000,0
7,aclnnMul_SliceAiCore_Slice,N/A,N/A,1790932512874746.631	,13.460,0.129000,0
7,aclnnMul_MulAiCore_Mul,N/A,N/A,1790932512874760.111	,19.201,0.000000,0
7,aclnnMatmul_MatMulV3Common_MatMulV3,N/A,N/A,1790932512874779.332	,268.465,0.049000,0
7,aclnnAdd_AddAiCore_Add,N/A,N/A,1790932512875047.817	,15.840,0.035000,0
7,aclnnInplaceCopy_CastAiCore_Cast,N/A,N/A,1790932512875063.677	,10.161,0.160000,0
7,aclnnPowTensorScalar_PowsAiCore_Pows,N/A,N/A,1790932512875073.878	,17.620,0.089000,0
7,aclnnMean_ReduceMeanAiCore_ReduceMean,N/A,N/A,1790932512875092.458	,20.960,0.880000,0
7,aclnnAdds_AddAiCore_Add,N/A,N/A,1790932512875114.318	,1.620,0.790000,0
7,aclnnRsqrt_RsqrtAiCore_Rsqrt,N/A,N/A,1790932512875115.958	,1.381,0.130000,0
7,aclnnMul_MulAiCore_Mul,N/A,N/A,1790932512875117.359	,20.980,0.000000,0
7,aclnnInplaceCopy_CastAiCore_Cast,N/A,N/A,1790932512875138.359	,10.880,0.020000,0
7,aclnnMul_MulAiCore_Mul,N/A,N/A,1790932512875149.279	,12.000,0.120000,0
7,aclnnMatmul_MatMulV3Common_MatMulV3,N/A,N/A,1790932512875161.319	,157.704,0.000000,0
7,aclnnInplaceCopy_SliceAiCore_Slice,N/A,N/A,1790932512875319.043	,10.960,0.046000,0
7,aclnnInplaceCopy_CastAiCore_Cast,N/A,N/A,1790932512875330.023	,19.080,0.040000,0
7,aclnnPowTensorScalar_PowsAiCore_Pows,N/A,N/A,1790932512875349.123	,25.961,0.000000,0
7,aclnnMean_ReduceMeanAiCore_ReduceMean,N/A,N/A,1790932512875376.364	,20.460,1.289000,0
7,aclnnAdds_AddAiCore_Add,N/A,N/A,1790932512875397.604	,5.700,0.790000,0
7,aclnnRsqrt_RsqrtAiCore_Rsqrt,N/A,N/A,1790932512875403.324	,6.640,0.050000,0
7,aclnnMul_MulAiCore_Mul,N/A,N/A,1790932512875409.984	,25.961,0.110000,0
7,aclnnInplaceCopy_CastAiCore_Cast,N/A,N/A,1790932512875435.965	,13.940,0.039000,0
7,aclnnMul_MulAiCore_Mul,N/A,N/A,1790932512875449.925	,12.260,0.060000,0
7,aclnnInplaceCopy_SliceAiCore_Slice,N/A,N/A,1790932512875462.205	,9.081,0.000000,0
7,aclnnInplaceCopy_CastAiCore_Cast,N/A,N/A,1790932512875471.306	,9.240,0.000000,0
7,aclnnPowTensorScalar_PowsAiCore_Pows,N/A,N/A,1790932512875480.566	,16.120,0.010000,0
7,aclnnMean_ReduceMeanAiCore_ReduceMean,N/A,N/A,1790932512875497.626	,13.520,1.130000,0
7,aclnnAdds_AddAiCore_Add,N/A,N/A,1790932512875512.166	,2.020,0.980000,0
7,aclnnRsqrt_RsqrtAiCore_Rsqrt,N/A,N/A,1790932512875514.206	,2.440,0.000000,0
7,aclnnMul_MulAiCore_Mul,N/A,N/A,1790932512875540.227	,15.560,23.560000,0
7,aclnnInplaceCopy_CastAiCore_Cast,N/A,N/A,1790932512875592.188	,9.360,36.440000,0
7,aclnnMul_MulAiCore_Mul,N/A,N/A,1790932512875607.428	,9.220,5.890000,0
7,aclnnMul_TransposeAiCore_Transpose,N/A,N/A,1790932512875715.890	,34.121,99.280000,0
7,aclnnMul_MulAiCore_Mul,N/A,N/A,1790932512875750.031	,13.840,0.000000,0
7,aclnnNeg_AsStridedAiCore_AsStrided,N/A,N/A,1790932512875775.592	,14.140,11.660000,0
7,aclnnNeg_NegAiCore_Neg,N/A,N/A,1790932512875789.752	,8.540,0.110000,0
7,aclnnCat_AsStridedAiCore_AsStrided,N/A,N/A,1790932512875822.113	,12.760,23.710000,0
7,aclnnCat_ConcatD_ConcatD,N/A,N/A,1790932512875834.893	,12.360,0.240000,0
7,aclnnMul_MulAiCore_Mul,N/A,N/A,1790932512875849.633	,14.300,2.390000,0
7,aclnnAdd_AddAiCore_Add,N/A,N/A,1790932512875876.694	,12.780,12.700000,0
7,aclnnMul_TransposeAiCore_Transpose,N/A,N/A,1790932512875906.214	,22.061,16.720000,0
7,aclnnMul_MulAiCore_Mul,N/A,N/A,1790932512875928.295	,6.560,0.000000,0
7,aclnnNeg_AsStridedAiCore_AsStrided,N/A,N/A,1790932512875963.795	,10.081,28.940000,0
7,aclnnNeg_NegAiCore_Neg,N/A,N/A,1790932512875973.896	,8.080,0.169000,0
7,aclnnCat_AsStridedAiCore_AsStrided,N/A,N/A,1790932512876007.336	,8.920,25.170000,0
7,aclnnCat_ConcatD_ConcatD,N/A,N/A,1790932512876016.276	,6.801,0.080000,0
7,aclnnMul_MulAiCore_Mul,N/A,N/A,1790932512876035.097	,5.740,11.949000,0
7,aclnnAdd_AddAiCore_Add,N/A,N/A,1790932512876061.737	,8.641,21.010000,0
7,aclnnInplaceCopy_AsStridedAiCore_AsStrided,N/A,N/A,1790932512876117.678	,8.101,47.359000,0
7,InnerPromptFlashAttention_PromptFlashAttention_PromptFlashAttention,N/A,N/A,1790932512876508.146	,312.067,382.399000,0
7,aclnnInplaceCopy_TransposeAiCore_Transpose,N/A,N/A,1790932512876821.373	,36.660,0.933000,0
7,aclnnMatmul_MatMulV3Common_MatMulV3,N/A,N/A,1790932512876858.053	,114.483,0.090000,0
7,aclnnAdd_AddAiCore_Add,N/A,N/A,1790932512876972.556	,11.460,0.017000,0
7,aclnnInplaceCopy_CastAiCore_Cast,N/A,N/A,1790932512876984.056	,10.080,0.040000,0
7,aclnnPowTensorScalar_PowsAiCore_Pows,N/A,N/A,1790932512876994.156	,17.340,0.170000,0
7,aclnnMean_ReduceMeanAiCore_ReduceMean,N/A,N/A,1790932512877012.496	,20.561,0.910000,0
7,aclnnAdds_AddAiCore_Add,N/A,N/A,1790932512877033.717	,1.500,0.689000,0
7,aclnnRsqrt_RsqrtAiCore_Rsqrt,N/A,N/A,1790932512877035.237	,1.360,0.000000,0
7,aclnnMul_MulAiCore_Mul,N/A,N/A,1790932512877036.617	,22.920,0.000000,0
7,aclnnInplaceCopy_CastAiCore_Cast,N/A,N/A,1790932512877059.557	,10.881,0.080000,0
7,aclnnMul_MulAiCore_Mul,N/A,N/A,1790932512877070.478	,12.220,0.119000,0
7,aclnnMatmul_MatMulCommon_MatMulV2,N/A,N/A,1790932512877138.419	,470.709,55.780000,0
7,aclnnSilu_SliceAiCore_Slice,N/A,N/A,1790932512877609.148	,17.041,0.041000,0
7,aclnnSilu_SiluAiCore_Swish,N/A,N/A,1790932512877626.209	,33.820,0.000000,0
7,aclnnMul_SliceAiCore_Slice,N/A,N/A,1790932512877660.049	,12.981,0.000000,0
7,aclnnMul_MulAiCore_Mul,N/A,N/A,1790932512877673.070	,18.900,0.019000,0
7,aclnnMatmul_MatMulV3Common_MatMulV3,N/A,N/A,1790932512877691.990	,266.385,0.100000,0
7,aclnnAdd_AddAiCore_Add,N/A,N/A,1790932512877958.415	,15.501,0.115000,0
7,aclnnInplaceCopy_CastAiCore_Cast,N/A,N/A,1790932512877973.936	,10.260,0.000000,0
7,aclnnPowTensorScalar_PowsAiCore_Pows,N/A,N/A,1790932512877984.216	,17.500,0.000000,0
7,aclnnMean_ReduceMeanAiCore_ReduceMean,N/A,N/A,1790932512878003.076	,21.001,1.250000,0
7,aclnnAdds_AddAiCore_Add,N/A,N/A,1790932512878024.937	,1.560,0.999000,0
7,aclnnRsqrt_RsqrtAiCore_Rsqrt,N/A,N/A,1790932512878026.517	,1.600,0.000000,0
7,aclnnMul_MulAiCore_Mul,N/A,N/A,1790932512878028.137	,21.580,0.150000,0
7,aclnnInplaceCopy_CastAiCore_Cast,N/A,N/A,1790932512878049.737	,10.900,0.000000,0
7,aclnnMul_MulAiCore_Mul,N/A,N/A,1790932512878060.657	,12.541,0.100000,0
7,aclnnMatmul_MatMulV3Common_MatMulV3,N/A,N/A,1790932512878073.218	,160.803,0.000000,0
7,aclnnInplaceCopy_SliceAiCore_Slice,N/A,N/A,1790932512878234.041	,11.280,0.000000,0
7,aclnnInplaceCopy_CastAiCore_Cast,N/A,N/A,1790932512878245.341	,17.200,0.000000,0
7,aclnnPowTensorScalar_PowsAiCore_Pows,N/A,N/A,1790932512878262.581	,23.261,0.050000,0
7,aclnnMean_ReduceMeanAiCore_ReduceMean,N/A,N/A,1790932512878287.182	,20.860,1.489000,0
7,aclnnAdds_AddAiCore_Add,N/A,N/A,1790932512878309.022	,5.800,0.890000,0
7,aclnnRsqrt_RsqrtAiCore_Rsqrt,N/A,N/A,1790932512878314.842	,6.581,0.000000,0
7,aclnnMul_MulAiCore_Mul,N/A,N/A,1790932512878321.463	,25.940,0.169000,0
7,aclnnInplaceCopy_CastAiCore_Cast,N/A,N/A,1790932512878347.423	,14.400,0.060000,0
7,aclnnMul_MulAiCore_Mul,N/A,N/A,1790932512878361.863	,12.521,0.000000,0
7,aclnnInplaceCopy_SliceAiCore_Slice,N/A,N/A,1790932512878374.404	,9.460,0.229000,0
7,aclnnInplaceCopy_CastAiCore_Cast,N/A,N/A,1790932512878383.904	,9.420,0.040000,0
7,aclnnPowTensorScalar_PowsAiCore_Pows,N/A,N/A,1790932512878393.344	,16.100,0.000000,0
7,aclnnMean_ReduceMeanAiCore_ReduceMean,N/A,N/A,1790932512878410.344	,13.481,0.900000,0
7,aclnnAdds_AddAiCore_Add,N/A,N/A,1790932512878424.905	,2.180,1.269000,0
7,aclnnRsqrt_RsqrtAiCore_Rsqrt,N/A,N/A,1790932512878427.105	,2.380,0.000000,0
7,aclnnMul_MulAiCore_Mul,N/A,N/A,1790932512878429.505	,15.600,0.120000,0
7,aclnnInplaceCopy_CastAiCore_Cast,N/A,N/A,1790932512878469.345	,9.421,24.150000,0
7,aclnnMul_MulAiCore_Mul,N/A,N/A,1790932512878504.746	,9.200,26.079000,0
7,aclnnMul_TransposeAiCore_Transpose,N/A,N/A,1790932512878605.628	,33.421,91.800000,0
7,aclnnMul_MulAiCore_Mul,N/A,N/A,1790932512878639.069	,13.880,0.000000,0
7,aclnnNeg_AsStridedAiCore_AsStrided,N/A,N/A,1790932512878663.209	,13.701,10.370000,0
7,aclnnNeg_NegAiCore_Neg,N/A,N/A,1790932512878676.930	,8.560,0.049000,0
7,aclnnCat_AsStridedAiCore_AsStrided,N/A,N/A,1790932512878707.870	,14.461,22.190000,0
7,aclnnCat_ConcatD_ConcatD,N/A,N/A,1790932512878722.351	,11.960,0.039000,0
7,aclnnMul_MulAiCore_Mul,N/A,N/A,1790932512878735.951	,14.160,1.790000,0
7,aclnnAdd_AddAiCore_Add,N/A,N/A,1790932512878762.931	,12.961,12.840000,0
7,aclnnMul_TransposeAiCore_Transpose,N/A,N/A,1790932512878791.472	,22.300,15.539000,0
7,aclnnMul_MulAiCore_Mul,N/A,N/A,1790932512878813.792	,6.260,0.000000,0
7,aclnnNeg_AsStridedAiCore_AsStrided,N/A,N/A,1790932512878848.733	,9.000,28.740000,0
7,aclnnNeg_NegAiCore_Neg,N/A,N/A,1790932512878858.813	,8.140,1.000000,0
7,aclnnCat_AsStridedAiCore_AsStrided,N/A,N/A,1790932512878894.034	,9.660,27.110000,0
7,aclnnCat_ConcatD_ConcatD,N/A,N/A,1790932512878903.714	,6.600,0.090000,0
7,aclnnMul_MulAiCore_Mul,N/A,N/A,1790932512878921.495	,6.440,11.150000,0
7,aclnnAdd_AddAiCore_Add,N/A,N/A,1790932512878945.635	,8.580,17.810000,0
7,aclnnInplaceCopy_AsStridedAiCore_AsStrided,N/A,N/A,1790932512879010.216	,7.620,55.920000,0
7,InnerPromptFlashAttention_PromptFlashAttention_PromptFlashAttention,N/A,N/A,1790932512879356.503	,311.526,338.630000,0
7,aclnnInplaceCopy_TransposeAiCore_Transpose,N/A,N/A,1790932512879669.009	,36.021,0.974000,0
7,aclnnMatmul_MatMulV3Common_MatMulV3,N/A,N/A,1790932512879705.050	,114.862,0.000000,0
7,aclnnAdd_AddAiCore_Add,N/A,N/A,1790932512879819.932	,11.841,0.138000,0
7,aclnnInplaceCopy_CastAiCore_Cast,N/A,N/A,1790932512879831.793	,10.020,0.000000,0
7,aclnnPowTensorScalar_PowsAiCore_Pows,N/A,N/A,1790932512879841.853	,17.220,0.000000,0
7,aclnnMean_ReduceMeanAiCore_ReduceMean,N/A,N/A,1790932512879860.173	,19.861,1.280000,0
7,aclnnAdds_AddAiCore_Add,N/A,N/A,1790932512879880.774	,1.460,0.639000,0
7,aclnnRsqrt_RsqrtAiCore_Rsqrt,N/A,N/A,1790932512879882.274	,1.500,0.040000,0
7,aclnnMul_MulAiCore_Mul,N/A,N/A,1790932512879883.814	,22.180,0.000000,0
7,aclnnInplaceCopy_CastAiCore_Cast,N/A,N/A,1790932512879906.014	,10.780,0.070000,0
7,aclnnMul_MulAiCore_Mul,N/A,N/A,1790932512879916.814	,12.301,0.000000,0
7,aclnnMatmul_MatMulCommon_MatMulV2,N/A,N/A,1790932512879981.076	,471.169,51.949000,0
7,aclnnSilu_SliceAiCore_Slice,N/A,N/A,1790932512880452.265	,17.440,0.081000,0
7,aclnnSilu_SiluAiCore_Swish,N/A,N/A,1790932512880469.725	,33.581,0.060000,0
7,aclnnMul_SliceAiCore_Slice,N/A,N/A,1790932512880503.326	,12.860,0.000000,0
7,aclnnMul_MulAiCore_Mul,N/A,N/A,1790932512880516.206	,19.081,0.140000,0
7,aclnnMatmul_MatMulV3Common_MatMulV3,N/A,N/A,1790932512880535.307	,270.865,0.000000,0
7,aclnnAdd_AddAiCore_Add,N/A,N/A,1790932512880806.212	,17.801,0.135000,0
7,aclnnInplaceCopy_CastAiCore_Cast,N/A,N/A,1790932512880824.033	,10.040,0.000000,0
7,aclnnPowTensorScalar_PowsAiCore_Pows,N/A,N/A,1790932512880834.113	,17.540,0.000000,0
7,aclnnMean_ReduceMeanAiCore_ReduceMean,N/A,N/A,1790932512880853.013	,20.941,1.460000,0
7,aclnnAdds_AddAiCore_Add,N/A,N/A,1790932512880874.854	,1.520,0.809000,0
7,aclnnRsqrt_RsqrtAiCore_Rsqrt,N/A,N/A,1790932512880876.394	,1.320,0.230000,0
7,aclnnMul_MulAiCore_Mul,N/A,N/A,1790932512880877.734	,21.460,0.000000,0
7,aclnnInplaceCopy_CastAiCore_Cast,N/A,N/A,1790932512880899.214	,10.860,0.040000,0
7,aclnnMul_MulAiCore_Mul,N/A,N/A,1790932512880910.094	,11.860,0.000000,0
7,aclnnMatmul_MatMulV3Common_MatMulV3,N/A,N/A,1790932512880921.994	,157.444,0.140000,0
7,aclnnInplaceCopy_SliceAiCore_Slice,N/A,N/A,1790932512881079.458	,11.480,0.056000,0
7,aclnnInplaceCopy_CastAiCore_Cast,N/A,N/A,1790932512881090.958	,19.120,0.020000,0
7,aclnnPowTensorScalar_PowsAiCore_Pows,N/A,N/A,1790932512881110.098	,26.081,0.000000,0
7,aclnnMean_ReduceMeanAiCore_ReduceMean,N/A,N/A,1790932512881137.639	,20.400,1.669000,0
7,aclnnAdds_AddAiCore_Add,N/A,N/A,1790932512881158.879	,9.260,0.850000,0
7,aclnnRsqrt_RsqrtAiCore_Rsqrt,N/A,N/A,1790932512881168.159	,6.621,0.000000,0
7,aclnnMul_MulAiCore_Mul,N/A,N/A,1790932512881174.800	,25.840,0.000000,0
7,aclnnInplaceCopy_CastAiCore_Cast,N/A,N/A,1790932512881200.660	,14.180,0.160000,0
7,aclnnMul_MulAiCore_Mul,N/A,N/A,1790932512881214.860	,12.241,0.000000,0
7,aclnnInplaceCopy_SliceAiCore_Slice,N/A,N/A,1790932512881227.121	,9.540,0.009000,0
7,aclnnInplaceCopy_CastAiCore_Cast,N/A,N/A,1790932512881236.681	,9.400,0.210000,0
7,aclnnPowTensorScalar_PowsAiCore_Pows,N/A,N/A,1790932512881246.101	,15.700,0.000000,0
7,aclnnMean_ReduceMeanAiCore_ReduceMean,N/A,N/A,1790932512881263.041	,13.741,1.300000,0
7,aclnnAdds_AddAiCore_Add,N/A,N/A,1790932512881277.582	,2.240,0.759000,0
7,aclnnRsqrt_RsqrtAiCore_Rsqrt,N/A,N/A,1790932512881291.722	,2.560,12.010000,0
7,aclnnMul_MulAiCore_Mul,N/A,N/A,1790932512881317.942	,15.641,23.690000,0
7,aclnnInplaceCopy_CastAiCore_Cast,N/A,N/A,1790932512881369.443	,9.461,35.859000,0
7,aclnnMul_MulAiCore_Mul,N/A,N/A,1790932512881394.564	,9.300,15.539000,0
7,aclnnMul_TransposeAiCore_Transpose,N/A,N/A,1790932512881494.546	,35.781,90.700000,0
7,aclnnMul_MulAiCore_Mul,N/A,N/A,1790932512881530.347	,14.460,0.000000,0
7,aclnnNeg_AsStridedAiCore_AsStrided,N/A,N/A,1790932512881560.487	,13.641,15.790000,0
7,aclnnNeg_NegAiCore_Neg,N/A,N/A,1790932512881574.148	,8.500,0.109000,0
7,aclnnCat_AsStridedAiCore_AsStrided,N/A,N/A,1790932512881595.748	,12.700,13.000000,0
7,aclnnCat_ConcatD_ConcatD,N/A,N/A,1790932512881608.488	,11.960,0.050000,0
7,aclnnMul_MulAiCore_Mul,N/A,N/A,1790932512881623.488	,14.281,3.040000,0
7,aclnnAdd_AddAiCore_Add,N/A,N/A,1790932512881650.709	,12.880,12.969000,0
7,aclnnMul_TransposeAiCore_Transpose,N/A,N/A,1790932512881678.490	,22.000,14.870000,0
7,aclnnMul_MulAiCore_Mul,N/A,N/A,1790932512881700.510	,6.380,0.000000,0
7,aclnnNeg_AsStridedAiCore_AsStrided,N/A,N/A,1790932512881740.231	,9.300,33.370000,0
7,aclnnNeg_NegAiCore_Neg,N/A,N/A,1790932512881749.571	,8.200,0.000000,0
7,aclnnCat_AsStridedAiCore_AsStrided,N/A,N/A,1790932512881774.172	,9.160,16.550000,0
7,aclnnCat_ConcatD_ConcatD,N/A,N/A,1790932512881783.372	,6.820,0.000000,0
7,aclnnMul_MulAiCore_Mul,N/A,N/A,1790932512881801.352	,6.200,11.180000,0
7,aclnnAdd_AddAiCore_Add,N/A,N/A,1790932512881828.273	,8.600,20.800000,0
7,aclnnInplaceCopy_AsStridedAiCore_AsStrided,N/A,N/A,1790932512881890.374	,8.500,53.400000,0
7,InnerPromptFlashAttention_PromptFlashAttention_PromptFlashAttention,N/A,N/A,1790932512882238.441	,305.166,339.750000,0
7,aclnnInplaceCopy_TransposeAiCore_Transpose,N/A,N/A,1790932512882544.847	,36.561,1.084000,0
7,aclnnMatmul_MatMulV3Common_MatMulV3,N/A,N/A,1790932512882581.448	,114.522,0.189000,0
7,aclnnAdd_AddAiCore_Add,N/A,N/A,1790932512882695.990	,11.460,0.000000,0
7,aclnnInplaceCopy_CastAiCore_Cast,N/A,N/A,1790932512882707.470	,9.940,0.040000,0
7,aclnnPowTensorScalar_PowsAiCore_Pows,N/A,N/A,1790932512882717.430	,17.301,0.060000,0
7,aclnnMean_ReduceMeanAiCore_ReduceMean,N/A,N/A,1790932512882735.991	,19.840,1.199000,0
7,aclnnAdds_AddAiCore_Add,N/A,N/A,1790932512882756.591	,1.360,0.660000,0
7,aclnnRsqrt_RsqrtAiCore_Rsqrt,N/A,N/A,1790932512882757.971	,1.300,0.140000,0
7,aclnnMul_MulAiCore_Mul,N/A,N/A,1790932512882759.291	,22.061,0.000000,0
7,aclnnInplaceCopy_CastAiCore_Cast,N/A,N/A,1790932512882781.372	,10.860,0.000000,0
7,aclnnMul_MulAiCore_Mul,N/A,N/A,1790932512882792.252	,12.200,0.140000,0
7,aclnnMatmul_MatMulCommon_MatMulV2,N/A,N/A,1790932512882856.573	,470.030,52.050000,0
7,aclnnSilu_SliceAiCore_Slice,N/A,N/A,1790932512883326.623	,17.060,0.000000,0
7,aclnnSilu_SiluAiCore_Swish,N/A,N/A,1790932512883343.703	,33.501,0.190000,0
7,aclnnMul_SliceAiCore_Slice,N/A,N/A,1790932512883377.244	,12.580,0.000000,0
7,aclnnMul_MulAiCore_Mul,N/A,N/A,1790932512883389.844	,19.020,0.000000,0
7,aclnnMatmul_MatMulV3Common_MatMulV3,N/A,N/A,1790932512883408.904	,271.286,0.230000,0
7,aclnnAdd_AddAiCore_Add,N/A,N/A,1790932512883680.210	,15.460,0.000000,0
7,aclnnInplaceCopy_CastAiCore_Cast,N/A,N/A,1790932512883695.690	,10.440,0.040000,0
7,aclnnPowTensorScalar_PowsAiCore_Pows,N/A,N/A,1790932512883706.150	,17.720,0.060000,0
7,aclnnMean_ReduceMeanAiCore_ReduceMean,N/A,N/A,1790932512883725.230	,21.161,1.280000,0
7,aclnnAdds_AddAiCore_Add,N/A,N/A,1790932512883747.091	,1.420,0.589000,0
7,aclnnRsqrt_RsqrtAiCore_Rsqrt,N/A,N/A,1790932512883748.531	,1.380,0.080000,0
7,aclnnMul_MulAiCore_Mul,N/A,N/A,1790932512883749.931	,20.980,0.120000,0
7,aclnnInplaceCopy_CastAiCore_Cast,N/A,N/A,1790932512883770.931	,10.721,0.020000,0
7,aclnnMul_MulAiCore_Mul,N/A,N/A,1790932512883781.672	,12.380,0.029000,0
7,aclnnMatmul_MatMulV3Common_MatMulV3,N/A,N/A,1790932512883794.092	,160.003,0.000000,0
7,aclnnInplaceCopy_SliceAiCore_Slice,N/A,N/A,1790932512883954.115	,11.420,0.000000,0
7,aclnnInplaceCopy_CastAiCore_Cast,N/A,N/A,1790932512883965.555	,16.381,0.080000,0
7,aclnnPowTensorScalar_PowsAiCore_Pows,N/A,N/A,1790932512883981.956	,23.380,0.119000,0
7,aclnnMean_ReduceMeanAiCore_ReduceMean,N/A,N/A,1790932512884006.516	,20.501,1.120000,0
7,aclnnAdds_AddAiCore_Add,N/A,N/A,1790932512884027.737	,5.680,0.749000,0
7,aclnnRsqrt_RsqrtAiCore_Rsqrt,N/A,N/A,1790932512884033.437	,6.600,0.070000,0
7,aclnnMul_MulAiCore_Mul,N/A,N/A,1790932512884040.077	,25.660,0.000000,0
7,aclnnInplaceCopy_CastAiCore_Cast,N/A,N/A,1790932512884065.777	,14.161,0.090000,0
7,aclnnMul_MulAiCore_Mul,N/A,N/A,1790932512884079.958	,12.540,0.089000,0
7,aclnnInplaceCopy_SliceAiCore_Slice,N/A,N/A,1790932512884092.518	,9.120,0.000000,0
7,aclnnInplaceCopy_CastAiCore_Cast,N/A,N/A,1790932512884101.658	,9.580,0.130000,0
7,aclnnPowTensorScalar_PowsAiCore_Pows,N/A,N/A,1790932512884111.258	,15.861,0.000000,0
7,aclnnMean_ReduceMeanAiCore_ReduceMean,N/A,N/A,1790932512884128.299	,13.560,1.139000,0
7,aclnnAdds_AddAiCore_Add,N/A,N/A,1790932512884142.819	,2.180,0.940000,0
7,aclnnRsqrt_RsqrtAiCore_Rsqrt,N/A,N/A,1790932512884145.019	,2.400,0.070000,0
7,aclnnMul_MulAiCore_Mul,N/A,N/A,1790932512884157.799	,17.040,10.350000,0
7,aclnnInplaceCopy_CastAiCore_Cast,N/A,N/A,1790932512884211.840	,9.220,36.960000,0
7,aclnnMul_MulAiCore_Mul,N/A,N/A,1790932512884240.461	,9.240,19.530000,0
7,aclnnMul_TransposeAiCore_Transpose,N/A,N/A,1790932512884336.583	,35.340,86.760000,0
7,aclnnMul_MulAiCore_Mul,N/A,N/A,1790932512884371.943	,18.581,0.160000,0
7,aclnnNeg_AsStridedAiCore_AsStrided,N/A,N/A,1790932512884425.844	,13.981,35.169000,0
7,aclnnNeg_NegAiCore_Neg,N/A,N/A,1790932512884439.865	,8.500,0.019000,0
7,aclnnCat_AsStridedAiCore_AsStrided,N/A,N/A,1790932512884457.785	,12.560,9.500000,0
7,aclnnCat_ConcatD_ConcatD,N/A,N/A,1790932512884470.365	,12.181,0.000000,0
7,aclnnMul_MulAiCore_Mul,N/A,N/A,1790932512884487.526	,14.500,5.069000,0
7,aclnnAdd_AddAiCore_Add,N/A,N/A,1790932512884514.866	,12.861,12.750000,0
7,aclnnMul_TransposeAiCore_Transpose,N/A,N/A,1790932512884544.507	,22.000,16.889000,0
7,aclnnMul_MulAiCore_Mul,N/A,N/A,1790932512884566.527	,6.360,0.000000,0
7,aclnnNeg_AsStridedAiCore_AsStrided,N/A,N/A,1790932512884601.188	,9.700,28.390000,0
7,aclnnNeg_NegAiCore_Neg,N/A,N/A,1790932512884611.848	,8.180,0.800000,0
7,aclnnCat_AsStridedAiCore_AsStrided,N/A,N/A,1790932512884645.489	,9.000,25.570000,0
7,aclnnCat_ConcatD_ConcatD,N/A,N/A,1790932512884654.509	,6.700,0.000000,0
7,aclnnMul_MulAiCore_Mul,N/A,N/A,1790932512884673.289	,6.361,12.050000,0
7,aclnnAdd_AddAiCore_Add,N/A,N/A,1790932512884700.110	,8.620,20.389000,0
7,aclnnInplaceCopy_AsStridedAiCore_AsStrided,N/A,N/A,1790932512884767.711	,8.120,59.130000,0
7,InnerPromptFlashAttention_PromptFlashAttention_PromptFlashAttention,N/A,N/A,1790932512885115.558	,303.526,339.630000,0
7,aclnnInplaceCopy_TransposeAiCore_Transpose,N/A,N/A,1790932512885420.324	,35.501,1.224000,0
7,aclnnMatmul_MatMulV3Common_MatMulV3,N/A,N/A,1790932512885455.845	,119.002,0.000000,0
7,aclnnAdd_AddAiCore_Add,N/A,N/A,1790932512885574.887	,11.801,0.248000,0
7,aclnnInplaceCopy_CastAiCore_Cast,N/A,N/A,1790932512885586.708	,9.980,0.000000,0
7,aclnnPowTensorScalar_PowsAiCore_Pows,N/A,N/A,1790932512885596.708	,17.180,0.020000,0
7,aclnnMean_ReduceMeanAiCore_ReduceMean,N/A,N/A,1790932512885614.988	,20.041,1.070000,0
7,aclnnAdds_AddAiCore_Add,N/A,N/A,1790932512885636.229	,1.380,1.209000,0
7,aclnnRsqrt_RsqrtAiCore_Rsqrt,N/A,N/A,1790932512885637.629	,1.500,0.120000,0
7,aclnnMul_MulAiCore_Mul,N/A,N/A,1790932512885639.149	,22.120,0.000000,0
7,aclnnInplaceCopy_CastAiCore_Cast,N/A,N/A,1790932512885661.289	,10.960,0.000000,0
7,aclnnMul_MulAiCore_Mul,N/A,N/A,1790932512885672.269	,12.041,0.040000,0
7,aclnnMatmul_MatMulCommon_MatMulV2,N/A,N/A,1790932512885739.191	,469.909,54.959000,0
7,aclnnSilu_SliceAiCore_Slice,N/A,N/A,1790932512886209.120	,17.660,0.000000,0
7,aclnnSilu_SiluAiCore_Swish,N/A,N/A,1790932512886226.800	,33.541,0.090000,0
7,aclnnMul_SliceAiCore_Slice,N/A,N/A,1790932512886260.361	,13.820,0.000000,0
7,aclnnMul_MulAiCore_Mul,N/A,N/A,1790932512886274.201	,18.961,0.180000,0
7,aclnnMatmul_MatMulV3Common_MatMulV3,N/A,N/A,1790932512886293.182	,267.885,0.039000,0
7,aclnnAdd_AddAiCore_Add,N/A,N/A,1790932512886561.087	,16.380,0.000000,0
7,aclnnInplaceCopy_CastAiCore_Cast,N/A,N/A,1790932512886577.487	,10.141,0.120000,0
7,aclnnPowTensorScalar_PowsAiCore_Pows,N/A,N/A,1790932512886587.648	,17.640,0.109000,0
7,aclnnMean_ReduceMeanAiCore_ReduceMean,N/A,N/A,1790932512886606.608	,20.740,1.110000,0
7,aclnnAdds_AddAiCore_Add,N/A,N/A,1790932512886628.448	,1.501,1.260000,0
7,aclnnRsqrt_RsqrtAiCore_Rsqrt,N/A,N/A,1790932512886629.969	,1.300,0.000000,0
7,aclnnMul_MulAiCore_Mul,N/A,N/A,1790932512886631.309	,21.200,0.000000,0
7,aclnnInplaceCopy_CastAiCore_Cast,N/A,N/A,1790932512886652.529	,10.960,0.050000,0
7,aclnnMul_MulAiCore_Mul,N/A,N/A,1790932512886663.509	,12.240,0.040000,0
7,aclnnMatmul_MatMulV3Common_MatMulV3,N/A,N/A,1790932512886675.769	,158.444,0.010000,0
7,aclnnInplaceCopy_SliceAiCore_Slice,N/A,N/A,1790932512886834.233	,11.600,0.056000,0
7,aclnnInplaceCopy_CastAiCore_Cast,N/A,N/A,1790932512886845.853	,19.140,0.000000,0
7,aclnnPowTensorScalar_PowsAiCore_Pows,N/A,N/A,1790932512886865.013	,26.161,0.110000,0
7,aclnnMean_ReduceMeanAiCore_ReduceMean,N/A,N/A,1790932512886892.374	,20.620,1.089000,0
7,aclnnAdds_AddAiCore_Add,N/A,N/A,1790932512886914.214	,5.700,1.380000,0
7,aclnnRsqrt_RsqrtAiCore_Rsqrt,N/A,N/A,1790932512886919.934	,6.680,0.050000,0
7,aclnnMul_MulAiCore_Mul,N/A,N/A,1790932512886926.654	,26.061,0.070000,0
7,aclnnInplaceCopy_CastAiCore_Cast,N/A,N/A,1790932512886952.735	,13.040,0.000000,0
7,aclnnMul_MulAiCore_Mul,N/A,N/A,1790932512886965.815	,12.200,0.000000,0
7,aclnnInplaceCopy_SliceAiCore_Slice,N/A,N/A,1790932512886978.035	,9.101,0.050000,0
7,aclnnInplaceCopy_CastAiCore_Cast,N/A,N/A,1790932512886987.156	,9.320,0.149000,0
7,aclnnPowTensorScalar_PowsAiCore_Pows,N/A,N/A,1790932512886996.496	,16.020,0.000000,0
7,aclnnMean_ReduceMeanAiCore_ReduceMean,N/A,N/A,1790932512887013.756	,13.520,1.230000,0
7,aclnnAdds_AddAiCore_Add,N/A,N/A,1790932512887028.296	,2.041,0.980000,0
7,aclnnRsqrt_RsqrtAiCore_Rsqrt,N/A,N/A,1790932512887030.377	,2.380,0.209000,0
7,aclnnMul_MulAiCore_Mul,N/A,N/A,1790932512887032.777	,15.520,0.000000,0
7,aclnnInplaceCopy_CastAiCore_Cast,N/A,N/A,1790932512887085.758	,9.240,37.480000,0
7,aclnnMul_MulAiCore_Mul,N/A,N/A,1790932512887112.518	,9.200,17.510000,0
7,aclnnMul_TransposeAiCore_Transpose,N/A,N/A,1790932512887208.460	,34.541,86.800000,0
7,aclnnMul_MulAiCore_Mul,N/A,N/A,1790932512887243.021	,14.320,0.000000,0
7,aclnnNeg_AsStridedAiCore_AsStrided,N/A,N/A,1790932512887276.781	,15.441,19.430000,0
7,aclnnNeg_NegAiCore_Neg,N/A,N/A,1790932512887292.242	,8.540,0.059000,0
7,aclnnCat_AsStridedAiCore_AsStrided,N/A,N/A,1790932512887307.342	,12.920,6.460000,0
7,aclnnCat_ConcatD_ConcatD,N/A,N/A,1790932512887320.282	,11.881,0.080000,0
7,aclnnMul_MulAiCore_Mul,N/A,N/A,1790932512887334.783	,14.080,2.619000,0
7,aclnnAdd_AddAiCore_Add,N/A,N/A,1790932512887361.023	,12.720,12.170000,0
7,aclnnMul_TransposeAiCore_Transpose,N/A,N/A,1790932512887398.144	,22.300,24.530000,0
7,aclnnMul_MulAiCore_Mul,N/A,N/A,1790932512887420.464	,6.600,0.000000,0
7,aclnnNeg_AsStridedAiCore_AsStrided,N/A,N/A,1790932512887454.805	,9.560,27.650000,0
7,aclnnNeg_NegAiCore_Neg,N/A,N/A,1790932512887464.385	,8.040,0.190000,0
7,aclnnCat_AsStridedAiCore_AsStrided,N/A,N/A,1790932512887496.406	,8.800,23.960000,0
7,aclnnCat_ConcatD_ConcatD,N/A,N/A,1790932512887505.226	,6.760,0.000000,0
7,aclnnMul_MulAiCore_Mul,N/A,N/A,1790932512887524.106	,5.761,11.990000,0
7,aclnnAdd_AddAiCore_Add,N/A,N/A,1790932512887550.787	,8.760,20.989000,0
7,aclnnInplaceCopy_AsStridedAiCore_AsStrided,N/A,N/A,1790932512887606.228	,8.600,46.740000,0
7,InnerPromptFlashAttention_PromptFlashAttention_PromptFlashAttention,N/A,N/A,1790932512887961.675	,308.386,346.900000,0
7,aclnnInplaceCopy_TransposeAiCore_Transpose,N/A,N/A,1790932512888270.721	,35.901,0.614000,0
7,aclnnMatmul_MatMulV3Common_MatMulV3,N/A,N/A,1790932512888306.642	,119.482,0.099000,0
7,aclnnAdd_AddAiCore_Add,N/A,N/A,1790932512888426.144	,11.221,0.018000,0
7,aclnnInplaceCopy_CastAiCore_Cast,N/A,N/A,1790932512888437.385	,10.220,0.029000,0
7,aclnnPowTensorScalar_PowsAiCore_Pows,N/A,N/A,1790932512888447.625	,17.080,0.000000,0
7,aclnnMean_ReduceMeanAiCore_ReduceMean,N/A,N/A,1790932512888466.025	,20.081,1.420000,0
7,aclnnAdds_AddAiCore_Add,N/A,N/A,1790932512888487.246	,1.380,1.169000,0
7,aclnnRsqrt_RsqrtAiCore_Rsqrt,N/A,N/A,1790932512888488.646	,1.320,0.120000,0
7,aclnnMul_MulAiCore_Mul,N/A,N/A,1790932512888490.006	,22.140,0.000000,0
7,aclnnInplaceCopy_CastAiCore_Cast,N/A,N/A,1790932512888512.166	,10.920,0.110000,0
7,aclnnMul_MulAiCore_Mul,N/A,N/A,1790932512888523.106	,11.861,0.000000,0
7,aclnnMatmul_MatMulCommon_MatMulV2,N/A,N/A,1790932512888606.168	,467.069,71.389000,0
7,aclnnSilu_SliceAiCore_Slice,N/A,N/A,1790932512889073.277	,16.681,0.000000,0
7,aclnnSilu_SiluAiCore_Swish,N/A,N/A,1790932512889089.978	,33.900,0.069000,0
7,aclnnMul_SliceAiCore_Slice,N/A,N/A,1790932512889123.898	,12.921,0.100000,0
7,aclnnMul_MulAiCore_Mul,N/A,N/A,1790932512889136.839	,18.520,0.000000,0
7,aclnnMatmul_MatMulV3Common_MatMulV3,N/A,N/A,1790932512889155.379	,268.965,0.230000,0
7,aclnnAdd_AddAiCore_Add,N/A,N/A,1790932512889424.364	,15.701,0.000000,0
7,aclnnInplaceCopy_CastAiCore_Cast,N/A,N/A,1790932512889440.085	,10.420,0.049000,0
7,aclnnPowTensorScalar_PowsAiCore_Pows,N/A,N/A,1790932512889450.525	,17.400,0.080000,0
7,aclnnMean_ReduceMeanAiCore_ReduceMean,N/A,N/A,1790932512889468.965	,20.881,1.100000,0
7,aclnnAdds_AddAiCore_Add,N/A,N/A,1790932512889490.786	,1.520,0.869000,0
7,aclnnRsqrt_RsqrtAiCore_Rsqrt,N/A,N/A,1790932512889492.326	,1.340,0.000000,0
7,aclnnMul_MulAiCore_Mul,N/A,N/A,1790932512889493.686	,21.360,0.160000,0
7,aclnnInplaceCopy_CastAiCore_Cast,N/A,N/A,1790932512889515.066	,11.860,0.000000,0
7,aclnnMul_MulAiCore_Mul,N/A,N/A,1790932512889526.946	,12.081,0.140000,0
7,aclnnMatmul_MatMulV3Common_MatMulV3,N/A,N/A,1790932512889539.047	,162.123,0.000000,0
7,aclnnInplaceCopy_SliceAiCore_Slice,N/A,N/A,1790932512889701.190	,19.100,0.127000,0
7,aclnnInplaceCopy_CastAiCore_Cast,N/A,N/A,1790932512889720.330	,17.081,0.000000,0
7,aclnnPowTensorScalar_PowsAiCore_Pows,N/A,N/A,1790932512889737.431	,23.760,0.169000,0
7,aclnnMean_ReduceMeanAiCore_ReduceMean,N/A,N/A,1790932512889762.491	,20.421,1.240000,0
7,aclnnAdds_AddAiCore_Add,N/A,N/A,1790932512889783.732	,5.820,0.829000,0
7,aclnnRsqrt_RsqrtAiCore_Rsqrt,N/A,N/A,1790932512889789.572	,6.620,0.000000,0
7,aclnnMul_MulAiCore_Mul,N/A,N/A,1790932512889796.212	,26.140,0.130000,0
7,aclnnInplaceCopy_CastAiCore_Cast,N/A,N/A,1790932512889822.372	,14.181,0.000000,0
7,aclnnMul_MulAiCore_Mul,N/A,N/A,1790932512889836.573	,12.180,0.069000,0
7,aclnnInplaceCopy_SliceAiCore_Slice,N/A,N/A,1790932512889848.773	,14.920,0.070000,0
7,aclnnInplaceCopy_CastAiCore_Cast,N/A,N/A,1790932512889863.713	,9.480,0.080000,0
7,aclnnPowTensorScalar_PowsAiCore_Pows,N/A,N/A,1790932512889873.213	,15.621,0.020000,0
7,aclnnMean_ReduceMeanAiCore_ReduceMean,N/A,N/A,1790932512889889.734	,13.640,0.879000,0
7,aclnnAdds_AddAiCore_Add,N/A,N/A,1790932512889904.254	,2.400,0.860000,0
7,aclnnRsqrt_RsqrtAiCore_Rsqrt,N/A,N/A,1790932512889916.694	,2.400,10.100000,0
7,aclnnMul_MulAiCore_Mul,N/A,N/A,1790932512889943.155	,15.860,24.100000,0
7,aclnnInplaceCopy_CastAiCore_Cast,N/A,N/A,1790932512889997.256	,11.300,38.140000,0
7,aclnnMul_MulAiCore_Mul,N/A,N/A,1790932512890024.056	,9.241,15.450000,0
7,aclnnMul_TransposeAiCore_Transpose,N/A,N/A,1790932512890121.218	,34.501,88.009000,0
7,aclnnMul_MulAiCore_Mul,N/A,N/A,1790932512890155.739	,13.860,0.000000,0
7,aclnnNeg_AsStridedAiCore_AsStrided,N/A,N/A,1790932512890188.720	,13.900,19.140000,0
7,aclnnNeg_NegAiCore_Neg,N/A,N/A,1790932512890202.640	,9.500,0.100000,0
7,aclnnCat_AsStridedAiCore_AsStrided,N/A,N/A,1790932512890219.140	,12.300,7.000000,0
7,aclnnCat_ConcatD_ConcatD,N/A,N/A,1790932512890231.480	,12.001,0.000000,0
7,aclnnMul_MulAiCore_Mul,N/A,N/A,1790932512890247.161	,13.920,3.749000,0
7,aclnnAdd_AddAiCore_Add,N/A,N/A,1790932512890262.441	,12.720,1.330000,0
7,aclnnMul_TransposeAiCore_Transpose,N/A,N/A,1790932512890291.422	,21.220,16.280000,0
7,aclnnMul_MulAiCore_Mul,N/A,N/A,1790932512890312.662	,6.340,0.030000,0
7,aclnnNeg_AsStridedAiCore_AsStrided,N/A,N/A,1790932512890365.643	,9.100,46.660000,0
7,aclnnNeg_NegAiCore_Neg,N/A,N/A,1790932512890374.763	,8.181,0.000000,0
7,aclnnCat_AsStridedAiCore_AsStrided,N/A,N/A,1790932512890395.984	,9.680,13.069000,0
7,aclnnCat_ConcatD_ConcatD,N/A,N/A,1790932512890405.684	,6.480,0.070000,0
7,aclnnMul_MulAiCore_Mul,N/A,N/A,1790932512890424.784	,6.360,12.520000,0
7,aclnnAdd_AddAiCore_Add,N/A,N/A,1790932512890452.445	,8.540,21.390000,0
7,aclnnInplaceCopy_AsStridedAiCore_AsStrided,N/A,N/A,1790932512890508.386	,8.140,47.460000,0
7,InnerPromptFlashAttention_PromptFlashAttention_PromptFlashAttention,N/A,N/A,1790932512890858.353	,307.106,341.610000,0
7,aclnnInplaceCopy_TransposeAiCore_Transpose,N/A,N/A,1790932512891166.179	,36.441,0.894000,0
7,aclnnMatmul_MatMulV3Common_MatMulV3,N/A,N/A,1790932512891202.640	,117.182,0.059000,0
7,aclnnAdd_AddAiCore_Add,N/A,N/A,1790932512891319.842	,11.600,0.000000,0
7,aclnnInplaceCopy_CastAiCore_Cast,N/A,N/A,1790932512891331.462	,10.081,0.150000,0
7,aclnnPowTensorScalar_PowsAiCore_Pows,N/A,N/A,1790932512891341.563	,17.280,0.000000,0
7,aclnnMean_ReduceMeanAiCore_ReduceMean,N/A,N/A,1790932512891359.763	,19.800,0.970000,0
7,aclnnAdds_AddAiCore_Add,N/A,N/A,1790932512891380.383	,1.440,0.950000,0
7,aclnnRsqrt_RsqrtAiCore_Rsqrt,N/A,N/A,1790932512891381.843	,1.340,0.000000,0
7,aclnnMul_MulAiCore_Mul,N/A,N/A,1790932512891383.203	,22.261,0.160000,0
7,aclnnInplaceCopy_CastAiCore_Cast,N/A,N/A,1790932512891405.484	,10.980,0.000000,0
7,aclnnMul_MulAiCore_Mul,N/A,N/A,1790932512891416.484	,12.300,0.020000,0
7,aclnnMatmul_MatMulCommon_MatMulV2,N/A,N/A,1790932512891481.325	,470.390,52.450000,0
7,aclnnSilu_SliceAiCore_Slice,N/A,N/A,1790932512891951.735	,17.140,0.110000,0
7,aclnnSilu_SiluAiCore_Swish,N/A,N/A,1790932512891968.895	,33.801,0.110000,0
7,aclnnMul_SliceAiCore_Slice,N/A,N/A,1790932512892002.736	,12.540,0.000000,0
7,aclnnMul_MulAiCore_Mul,N/A,N/A,1790932512892015.316	,18.860,0.000000,0
7,aclnnMatmul_MatMulV3Common_MatMulV3,N/A,N/A,1790932512892034.196	,268.686,0.140000,0
7,aclnnAdd_AddAiCore_Add,N/A,N/A,1790932512892302.922	,16.060,0.064000,0
7,aclnnInplaceCopy_CastAiCore_Cast,N/A,N/A,1790932512892319.002	,12.180,0.000000,0
7,aclnnPowTensorScalar_PowsAiCore_Pows,N/A,N/A,1790932512892331.202	,17.561,0.070000,0
7,aclnnMean_ReduceMeanAiCore_ReduceMean,N/A,N/A,1790932512892350.063	,21.220,1.189000,0
7,aclnnAdds_AddAiCore_Add,N/A,N/A,1790932512892372.503	,1.580,1.280000,0
7,aclnnRsqrt_RsqrtAiCore_Rsqrt,N/A,N/A,1790932512892374.103	,1.380,0.000000,0
7,aclnnMul_MulAiCore_Mul,N/A,N/A,1790932512892375.503	,21.341,0.120000,0
7,aclnnInplaceCopy_CastAiCore_Cast,N/A,N/A,1790932512892396.864	,11.400,0.000000,0
7,aclnnMul_MulAiCore_Mul,N/A,N/A,1790932512892408.284	,12.220,0.100000,0
7,aclnnMatmul_MatMulV3Common_MatMulV3,N/A,N/A,1790932512892420.524	,158.003,0.030000,0
7,aclnnInplaceCopy_SliceAiCore_Slice,N/A,N/A,1790932512892578.547	,11.081,0.000000,0
7,aclnnInplaceCopy_CastAiCore_Cast,N/A,N/A,1790932512892589.648	,19.080,0.169000,0
7,aclnnPowTensorScalar_PowsAiCore_Pows,N/A,N/A,1790932512892608.748	,28.641,0.000000,0
7,aclnnMean_ReduceMeanAiCore_ReduceMean,N/A,N/A,1790932512892638.489	,20.380,1.109000,0
7,aclnnAdds_AddAiCore_Add,N/A,N/A,1790932512892659.709	,5.700,0.870000,0
7,aclnnRsqrt_RsqrtAiCore_Rsqrt,N/A,N/A,1790932512892665.429	,6.620,0.050000,0
7,aclnnMul_MulAiCore_Mul,N/A,N/A,1790932512892672.069	,25.561,0.000000,0
7,aclnnInplaceCopy_CastAiCore_Cast,N/A,N/A,1790932512892697.670	,13.900,0.189000,0
7,aclnnMul_MulAiCore_Mul,N/A,N/A,1790932512892711.610	,13.460,0.000000,0
7,aclnnInplaceCopy_SliceAiCore_Slice,N/A,N/A,1790932512892725.090	,9.200,0.040000,0
7,aclnnInplaceCopy_CastAiCore_Cast,N/A,N/A,1790932512892734.330	,9.421,0.050000,0
7,aclnnPowTensorScalar_PowsAiCore_Pows,N/A,N/A,1790932512892743.771	,15.860,0.079000,0
7,aclnnMean_ReduceMeanAiCore_ReduceMean,N/A,N/A,1790932512892760.891	,13.400,1.390000,0
7,aclnnAdds_AddAiCore_Add,N/A,N/A,1790932512892775.391	,2.220,1.100000,0
7,aclnnRsqrt_RsqrtAiCore_Rsqrt,N/A,N/A,1790932512892787.652	,2.420,10.030000,0
7,aclnnMul_MulAiCore_Mul,N/A,N/A,1790932512892812.912	,15.580,22.830000,0
7,aclnnInplaceCopy_CastAiCore_Cast,N/A,N/A,1790932512892873.733	,9.280,45.170000,0
7,aclnnMul_MulAiCore_Mul,N/A,N/A,1790932512892897.934	,9.200,14.970000,0
7,aclnnMul_TransposeAiCore_Transpose,N/A,N/A,1790932512892994.376	,33.460,87.300000,0
7,aclnnMul_MulAiCore_Mul,N/A,N/A,1790932512893027.876	,14.021,0.040000,0
7,aclnnNeg_AsStridedAiCore_AsStrided,N/A,N/A,1790932512893062.057	,13.940,19.979000,0
7,aclnnNeg_NegAiCore_Neg,N/A,N/A,1790932512893076.017	,8.480,0.060000,0
7,aclnnCat_AsStridedAiCore_AsStrided,N/A,N/A,1790932512893093.038	,12.880,8.520000,0
7,aclnnCat_ConcatD_ConcatD,N/A,N/A,1790932512893105.958	,11.960,0.120000,0
7,aclnnMul_MulAiCore_Mul,N/A,N/A,1790932512893122.498	,13.561,4.540000,0
7,aclnnAdd_AddAiCore_Add,N/A,N/A,1790932512893149.739	,12.660,13.689000,0
7,aclnnMul_TransposeAiCore_Transpose,N/A,N/A,1790932512893178.679	,21.641,16.340000,0
7,aclnnMul_MulAiCore_Mul,N/A,N/A,1790932512893200.360	,6.120,0.000000,0
7,aclnnNeg_AsStridedAiCore_AsStrided,N/A,N/A,1790932512893246.821	,9.120,40.380000,0
7,aclnnNeg_NegAiCore_Neg,N/A,N/A,1790932512893255.981	,8.220,0.130000,0
7,aclnnCat_AsStridedAiCore_AsStrided,N/A,N/A,1790932512893275.021	,9.280,10.780000,0
7,aclnnCat_ConcatD_ConcatD,N/A,N/A,1790932512893284.321	,6.661,0.000000,0
7,aclnnMul_MulAiCore_Mul,N/A,N/A,1790932512893303.262	,6.200,12.339000,0
7,aclnnAdd_AddAiCore_Add,N/A,N/A,1790932512893330.342	,8.701,20.800000,0
7,aclnnInplaceCopy_AsStridedAiCore_AsStrided,N/A,N/A,1790932512893385.744	,8.320,46.799000,0
7,InnerPromptFlashAttention_PromptFlashAttention_PromptFlashAttention,N/A,N/A,1790932512893742.991	,308.726,348.930000,0
7,aclnnInplaceCopy_TransposeAiCore_Transpose,N/A,N/A,1790932512894052.517	,36.621,0.774000,0
7,aclnnMatmul_MatMulV3Common_MatMulV3,N/A,N/A,1790932512894089.158	,116.522,0.129000,0
7,aclnnAdd_AddAiCore_Add,N/A,N/A,1790932512894205.700	,11.660,0.000000,0
7,aclnnInplaceCopy_CastAiCore_Cast,N/A,N/A,1790932512894217.380	,9.980,0.090000,0
7,aclnnPowTensorScalar_PowsAiCore_Pows,N/A,N/A,1790932512894227.380	,17.461,0.020000,0
7,aclnnMean_ReduceMeanAiCore_ReduceMean,N/A,N/A,1790932512894246.141	,20.220,1.289000,0
7,aclnnAdds_AddAiCore_Add,N/A,N/A,1790932512894267.381	,1.500,1.030000,0
7,aclnnRsqrt_RsqrtAiCore_Rsqrt,N/A,N/A,1790932512894268.921	,1.280,0.000000,0
7,aclnnMul_MulAiCore_Mul,N/A,N/A,1790932512894270.221	,22.401,0.000000,0
7,aclnnInplaceCopy_CastAiCore_Cast,N/A,N/A,1790932512894292.642	,10.840,0.099000,0
7,aclnnMul_MulAiCore_Mul,N/A,N/A,1790932512894303.502	,11.860,0.000000,0
7,aclnnMatmul_MatMulCommon_MatMulV2,N/A,N/A,1790932512894366.803	,472.730,51.390000,0
7,aclnnSilu_SliceAiCore_Slice,N/A,N/A,1790932512894839.553	,17.260,0.020000,0
7,aclnnSilu_SiluAiCore_Swish,N/A,N/A,1790932512894856.833	,34.321,0.000000,0
7,aclnnMul_SliceAiCore_Slice,N/A,N/A,1790932512894891.174	,13.200,0.179000,0
7,aclnnMul_MulAiCore_Mul,N/A,N/A,1790932512894904.394	,18.760,0.050000,0
7,aclnnMatmul_MatMulV3Common_MatMulV3,N/A,N/A,1790932512894923.174	,270.066,0.000000,0
7,aclnnAdd_AddAiCore_Add,N/A,N/A,1790932512895193.260	,15.760,0.000000,0
7,aclnnInplaceCopy_CastAiCore_Cast,N/A,N/A,1790932512895209.040	,10.360,0.000000,0
7,aclnnPowTensorScalar_PowsAiCore_Pows,N/A,N/A,1790932512895219.420	,17.580,0.140000,0
7,aclnnMean_ReduceMeanAiCore_ReduceMean,N/A,N/A,1790932512895237.921	,21.460,0.920000,0
7,aclnnAdds_AddAiCore_Add,N/A,N/A,1790932512895260.361	,1.460,0.790000,0
7,aclnnRsqrt_RsqrtAiCore_Rsqrt,N/A,N/A,1790932512895261.841	,1.300,0.040000,0
7,aclnnMul_MulAiCore_Mul,N/A,N/A,1790932512895263.181	,21.600,0.200000,0
7,aclnnInplaceCopy_CastAiCore_Cast,N/A,N/A,1790932512895284.801	,10.861,0.000000,0
7,aclnnMul_MulAiCore_Mul,N/A,N/A,1790932512895295.682	,12.020,0.139000,0
7,aclnnMatmul_MatMulV3Common_MatMulV3,N/A,N/A,1790932512895307.722	,159.503,0.000000,0
7,aclnnInplaceCopy_SliceAiCore_Slice,N/A,N/A,1790932512895467.265	,11.540,0.000000,0
7,aclnnInplaceCopy_CastAiCore_Cast,N/A,N/A,1790932512895478.825	,16.361,0.000000,0
7,aclnnPowTensorScalar_PowsAiCore_Pows,N/A,N/A,1790932512895495.206	,23.540,0.139000,0
7,aclnnMean_ReduceMeanAiCore_ReduceMean,N/A,N/A,1790932512895519.926	,20.781,1.210000,0
7,aclnnAdds_AddAiCore_Add,N/A,N/A,1790932512895541.767	,5.640,0.969000,0
7,aclnnRsqrt_RsqrtAiCore_Rsqrt,N/A,N/A,1790932512895547.427	,6.640,0.110000,0
7,aclnnMul_MulAiCore_Mul,N/A,N/A,1790932512895554.107	,26.920,0.000000,0
7,aclnnInplaceCopy_CastAiCore_Cast,N/A,N/A,1790932512895581.047	,14.281,0.080000,0
7,aclnnMul_MulAiCore_Mul,N/A,N/A,1790932512895595.348	,12.020,0.000000,0
7,aclnnInplaceCopy_SliceAiCore_Slice,N/A,N/A,1790932512895607.388	,9.120,0.230000,0
7,aclnnInplaceCopy_CastAiCore_Cast,N/A,N/A,1790932512895616.528	,9.540,0.000000,0
7,aclnnPowTensorScalar_PowsAiCore_Pows,N/A,N/A,1790932512895626.088	,15.981,0.000000,0
7,aclnnMean_ReduceMeanAiCore_ReduceMean,N/A,N/A,1790932512895643.529	,13.620,1.519000,0
7,aclnnAdds_AddAiCore_Add,N/A,N/A,1790932512895658.049	,2.280,0.880000,0
7,aclnnRsqrt_RsqrtAiCore_Rsqrt,N/A,N/A,1790932512895660.349	,2.300,0.000000,0
7,aclnnMul_MulAiCore_Mul,N/A,N/A,1790932512895675.729	,16.201,13.200000,0
7,aclnnInplaceCopy_CastAiCore_Cast,N/A,N/A,1790932512895729.710	,9.301,37.799000,0
7,aclnnMul_MulAiCore_Mul,N/A,N/A,1790932512895756.611	,9.580,17.449000,0
7,aclnnMul_TransposeAiCore_Transpose,N/A,N/A,1790932512895852.893	,33.620,86.920000,0
7,aclnnMul_MulAiCore_Mul,N/A,N/A,1790932512895886.533	,14.581,0.000000,0
7,aclnnNeg_AsStridedAiCore_AsStrided,N/A,N/A,1790932512895920.154	,13.720,19.169000,0
7,aclnnNeg_NegAiCore_Neg,N/A,N/A,1790932512895933.894	,8.421,0.030000,0
7,aclnnCat_AsStridedAiCore_AsStrided,N/A,N/A,1790932512895955.555	,12.580,13.079000,0
7,aclnnCat_ConcatD_ConcatD,N/A,N/A,1790932512895968.155	,12.040,0.170000,0
7,aclnnMul_MulAiCore_Mul,N/A,N/A,1790932512895980.215	,14.441,0.000000,0
7,aclnnAdd_AddAiCore_Add,N/A,N/A,1790932512895998.176	,13.120,3.559000,0
7,aclnnMul_TransposeAiCore_Transpose,N/A,N/A,1790932512896028.176	,22.081,16.880000,0
7,aclnnMul_MulAiCore_Mul,N/A,N/A,1790932512896050.277	,6.100,0.000000,0
7,aclnnNeg_AsStridedAiCore_AsStrided,N/A,N/A,1790932512896098.038	,8.940,41.650000,0
7,aclnnNeg_NegAiCore_Neg,N/A,N/A,1790932512896106.998	,8.180,0.060000,0
7,aclnnCat_AsStridedAiCore_AsStrided,N/A,N/A,1790932512896128.218	,9.120,13.070000,0
7,aclnnCat_ConcatD_ConcatD,N/A,N/A,1790932512896137.358	,6.741,0.000000,0
7,aclnnMul_MulAiCore_Mul,N/A,N/A,1790932512896156.439	,6.200,12.509000,0
7,aclnnAdd_AddAiCore_Add,N/A,N/A,1790932512896184.079	,8.641,21.300000,0
7,aclnnInplaceCopy_AsStridedAiCore_AsStrided,N/A,N/A,1790932512896251.001	,7.340,58.359000,0
7,InnerPromptFlashAttention_PromptFlashAttention_PromptFlashAttention,N/A,N/A,1790932512896613.448	,311.906,355.160000,0
7,aclnnInplaceCopy_TransposeAiCore_Transpose,N/A,N/A,1790932512896926.214	,36.161,0.844000,0
7,aclnnMatmul_MatMulV3Common_MatMulV3,N/A,N/A,1790932512896962.395	,115.902,0.089000,0
7,aclnnAdd_AddAiCore_Add,N/A,N/A,1790932512897078.317	,11.701,0.000000,0
7,aclnnInplaceCopy_CastAiCore_Cast,N/A,N/A,1790932512897090.038	,9.940,0.049000,0
7,aclnnPowTensorScalar_PowsAiCore_Pows,N/A,N/A,1790932512897100.018	,17.460,0.060000,0
7,aclnnMean_ReduceMeanAiCore_ReduceMean,N/A,N/A,1790932512897118.618	,19.700,1.040000,0
7,aclnnAdds_AddAiCore_Add,N/A,N/A,1790932512897139.258	,1.361,1.050000,0
7,aclnnRsqrt_RsqrtAiCore_Rsqrt,N/A,N/A,1790932512897140.659	,1.300,0.139000,0
7,aclnnMul_MulAiCore_Mul,N/A,N/A,1790932512897141.999	,21.940,0.000000,0
7,aclnnInplaceCopy_CastAiCore_Cast,N/A,N/A,1790932512897163.959	,10.940,0.060000,0
7,aclnnMul_MulAiCore_Mul,N/A,N/A,1790932512897174.939	,12.520,0.060000,0
7,aclnnMatmul_MatMulCommon_MatMulV2,N/A,N/A,1790932512897234.540	,467.910,46.980000,0
7,aclnnSilu_SliceAiCore_Slice,N/A,N/A,1790932512897702.470	,17.160,0.090000,0
7,aclnnSilu_SiluAiCore_Swish,N/A,N/A,1790932512897719.650	,33.561,0.090000,0
7,aclnnMul_SliceAiCore_Slice,N/A,N/A,1790932512897753.231	,13.040,0.000000,0
7,aclnnMul_MulAiCore_Mul,N/A,N/A,1790932512897766.291	,18.980,0.000000,0
7,aclnnMatmul_MatMulV3Common_MatMulV3,N/A,N/A,1790932512897785.291	,265.786,0.020000,0
7,aclnnAdd_AddAiCore_Add,N/A,N/A,1790932512898051.097	,15.520,0.000000,0
7,aclnnInplaceCopy_CastAiCore_Cast,N/A,N/A,1790932512898066.637	,10.160,0.230000,0
7,aclnnPowTensorScalar_PowsAiCore_Pows,N/A,N/A,1790932512898076.817	,17.441,0.000000,0
7,aclnnMean_ReduceMeanAiCore_ReduceMean,N/A,N/A,1790932512898095.338	,21.460,1.059000,0
7,aclnnAdds_AddAiCore_Add,N/A,N/A,1790932512898117.778	,1.440,1.040000,0
7,aclnnRsqrt_RsqrtAiCore_Rsqrt,N/A,N/A,1790932512898119.238	,1.300,0.060000,0
7,aclnnMul_MulAiCore_Mul,N/A,N/A,1790932512898120.558	,20.641,0.000000,0
7,aclnnInplaceCopy_CastAiCore_Cast,N/A,N/A,1790932512898141.219	,10.960,0.109000,0
7,aclnnMul_MulAiCore_Mul,N/A,N/A,1790932512898152.199	,12.120,0.040000,0
7,aclnnMatmul_MatMulV3Common_MatMulV3,N/A,N/A,1790932512898164.339	,157.723,0.000000,0
7,aclnnInplaceCopy_SliceAiCore_Slice,N/A,N/A,1790932512898322.082	,11.200,0.027000,0
7,aclnnInplaceCopy_CastAiCore_Cast,N/A,N/A,1790932512898333.302	,18.741,0.050000,0
7,aclnnPowTensorScalar_PowsAiCore_Pows,N/A,N/A,1790932512898352.063	,25.900,0.009000,0
7,aclnnMean_ReduceMeanAiCore_ReduceMean,N/A,N/A,1790932512898379.043	,20.481,1.100000,0
7,aclnnAdds_AddAiCore_Add,N/A,N/A,1790932512898400.284	,5.660,0.769000,0
7,aclnnRsqrt_RsqrtAiCore_Rsqrt,N/A,N/A,1790932512898405.964	,6.660,0.090000,0
7,aclnnMul_MulAiCore_Mul,N/A,N/A,1790932512898412.664	,25.540,0.090000,0
7,aclnnInplaceCopy_CastAiCore_Cast,N/A,N/A,1790932512898438.224	,14.141,0.000000,0
7,aclnnMul_MulAiCore_Mul,N/A,N/A,1790932512898452.385	,12.380,0.109000,0
7,aclnnInplaceCopy_SliceAiCore_Slice,N/A,N/A,1790932512898464.785	,9.040,0.000000,0
7,aclnnInplaceCopy_CastAiCore_Cast,N/A,N/A,1790932512898473.865	,9.500,0.000000,0
7,aclnnPowTensorScalar_PowsAiCore_Pows,N/A,N/A,1790932512898483.385	,15.741,0.250000,0
7,aclnnMean_ReduceMeanAiCore_ReduceMean,N/A,N/A,1790932512898500.386	,13.640,1.259000,0
7,aclnnAdds_AddAiCore_Add,N/A,N/A,1790932512898514.926	,2.060,0.860000,0
7,aclnnRsqrt_RsqrtAiCore_Rsqrt,N/A,N/A,1790932512898518.766	,2.460,1.690000,0
7,aclnnMul_MulAiCore_Mul,N/A,N/A,1790932512898555.967	,15.400,34.790000,0
7,aclnnInplaceCopy_CastAiCore_Cast,N/A,N/A,1790932512898611.668	,9.320,40.350000,0
7,aclnnMul_MulAiCore_Mul,N/A,N/A,1790932512898637.208	,9.181,16.180000,0
7,aclnnMul_TransposeAiCore_Transpose,N/A,N/A,1790932512898728.010	,33.941,81.569000,0
7,aclnnMul_MulAiCore_Mul,N/A,N/A,1790932512898761.971	,14.100,0.059000,0
7,aclnnNeg_AsStridedAiCore_AsStrided,N/A,N/A,1790932512898795.552	,13.320,19.400000,0
7,aclnnNeg_NegAiCore_Neg,N/A,N/A,1790932512898808.892	,8.620,0.180000,0
7,aclnnCat_AsStridedAiCore_AsStrided,N/A,N/A,1790932512898826.452	,12.720,8.880000,0
7,aclnnCat_ConcatD_ConcatD,N/A,N/A,1790932512898839.192	,12.241,0.030000,0
7,aclnnMul_MulAiCore_Mul,N/A,N/A,1790932512898857.233	,16.260,5.759000,0
7,aclnnAdd_AddAiCore_Add,N/A,N/A,1790932512898884.993	,12.721,11.490000,0
7,aclnnMul_TransposeAiCore_Transpose,N/A,N/A,1790932512898913.834	,22.640,16.029000,0
7,aclnnMul_MulAiCore_Mul,N/A,N/A,1790932512898936.494	,6.361,0.110000,0
7,aclnnNeg_AsStridedAiCore_AsStrided,N/A,N/A,1790932512898984.955	,9.601,42.139000,0
7,aclnnNeg_NegAiCore_Neg,N/A,N/A,1790932512898994.576	,8.980,0.000000,0
7,aclnnCat_AsStridedAiCore_AsStrided,N/A,N/A,1790932512899012.656	,8.700,9.270000,0
7,aclnnCat_ConcatD_ConcatD,N/A,N/A,1790932512899021.376	,6.700,0.050000,0
7,aclnnMul_MulAiCore_Mul,N/A,N/A,1790932512899040.796	,5.721,12.550000,0
7,aclnnAdd_AddAiCore_Add,N/A,N/A,1790932512899067.797	,8.600,21.279000,0
7,aclnnInplaceCopy_AsStridedAiCore_AsStrided,N/A,N/A,1790932512899123.038	,8.260,46.650000,0
7,InnerPromptFlashAttention_PromptFlashAttention_PromptFlashAttention,N/A,N/A,1790932512899475.985	,310.766,344.740000,0
7,aclnnInplaceCopy_TransposeAiCore_Transpose,N/A,N/A,1790932512899787.851	,31.321,0.984000,0
7,aclnnMatmul_MatMulV3Common_MatMulV3,N/A,N/A,1790932512899819.192	,116.642,0.179000,0
7,aclnnAdd_AddAiCore_Add,N/A,N/A,1790932512899935.854	,11.481,0.000000,0
7,aclnnInplaceCopy_CastAiCore_Cast,N/A,N/A,1790932512899947.355	,10.020,0.019000,0
7,aclnnPowTensorScalar_PowsAiCore_Pows,N/A,N/A,1790932512899957.395	,17.120,0.230000,0
7,aclnnMean_ReduceMeanAiCore_ReduceMean,N/A,N/A,1790932512899975.415	,20.021,0.880000,0
7,aclnnAdds_AddAiCore_Add,N/A,N/A,1790932512899996.636	,1.420,1.229000,0
7,aclnnRsqrt_RsqrtAiCore_Rsqrt,N/A,N/A,1790932512899998.076	,1.320,0.000000,0
7,aclnnMul_MulAiCore_Mul,N/A,N/A,1790932512899999.416	,22.420,0.180000,0
7,aclnnInplaceCopy_CastAiCore_Cast,N/A,N/A,1790932512900021.856	,10.920,0.000000,0
7,aclnnMul_MulAiCore_Mul,N/A,N/A,1790932512900032.796	,12.141,0.080000,0
7,aclnnMatmul_MatMulCommon_MatMulV2,N/A,N/A,1790932512900104.358	,467.089,59.359000,0
7,aclnnSilu_SliceAiCore_Slice,N/A,N/A,1790932512900571.467	,16.760,0.161000,0
7,aclnnSilu_SiluAiCore_Swish,N/A,N/A,1790932512900588.247	,33.561,0.000000,0
7,aclnnMul_SliceAiCore_Slice,N/A,N/A,1790932512900621.828	,13.000,0.000000,0
7,aclnnMul_MulAiCore_Mul,N/A,N/A,1790932512900634.848	,19.061,0.000000,0
7,aclnnMatmul_MatMulV3Common_MatMulV3,N/A,N/A,1790932512900653.949	,269.085,0.189000,0
7,aclnnAdd_AddAiCore_Add,N/A,N/A,1790932512900923.074	,15.560,0.000000,0
7,aclnnInplaceCopy_CastAiCore_Cast,N/A,N/A,1790932512900938.654	,10.321,0.190000,0
7,aclnnPowTensorScalar_PowsAiCore_Pows,N/A,N/A,1790932512900948.995	,17.600,0.000000,0
7,aclnnMean_ReduceMeanAiCore_ReduceMean,N/A,N/A,1790932512900967.615	,21.140,0.900000,0
7,aclnnAdds_AddAiCore_Add,N/A,N/A,1790932512900989.455	,1.460,0.860000,0
7,aclnnRsqrt_RsqrtAiCore_Rsqrt,N/A,N/A,1790932512900990.955	,1.280,0.040000,0
7,aclnnMul_MulAiCore_Mul,N/A,N/A,1790932512900992.275	,22.301,0.000000,0
7,aclnnInplaceCopy_CastAiCore_Cast,N/A,N/A,1790932512901014.596	,10.880,0.000000,0
7,aclnnMul_MulAiCore_Mul,N/A,N/A,1790932512901025.496	,12.240,0.120000,0
7,aclnnMatmul_MatMulV3Common_MatMulV3,N/A,N/A,1790932512901037.756	,161.244,0.010000,0
7,aclnnInplaceCopy_SliceAiCore_Slice,N/A,N/A,1790932512901199.020	,11.720,0.006000,0
7,aclnnInplaceCopy_CastAiCore_Cast,N/A,N/A,1790932512901210.780	,15.660,0.030000,0
7,aclnnPowTensorScalar_PowsAiCore_Pows,N/A,N/A,1790932512901226.460	,23.501,0.090000,0
7,aclnnMean_ReduceMeanAiCore_ReduceMean,N/A,N/A,1790932512901250.981	,20.520,0.999000,0
7,aclnnAdds_AddAiCore_Add,N/A,N/A,1790932512901272.221	,5.820,0.730000,0
7,aclnnRsqrt_RsqrtAiCore_Rsqrt,N/A,N/A,1790932512901278.061	,9.860,0.000000,0
7,aclnnMul_MulAiCore_Mul,N/A,N/A,1790932512901287.961	,26.261,0.140000,0
7,aclnnInplaceCopy_CastAiCore_Cast,N/A,N/A,1790932512901314.242	,13.380,0.000000,0
7,aclnnMul_MulAiCore_Mul,N/A,N/A,1790932512901327.642	,12.620,0.120000,0
7,aclnnInplaceCopy_SliceAiCore_Slice,N/A,N/A,1790932512901340.282	,9.261,0.000000,0
7,aclnnInplaceCopy_CastAiCore_Cast,N/A,N/A,1790932512901349.583	,9.660,0.000000,0
7,aclnnPowTensorScalar_PowsAiCore_Pows,N/A,N/A,1790932512901359.283	,15.720,0.090000,0
7,aclnnMean_ReduceMeanAiCore_ReduceMean,N/A,N/A,1790932512901375.963	,14.160,1.030000,0
7,aclnnAdds_AddAiCore_Add,N/A,N/A,1790932512901391.103	,2.180,0.840000,0
7,aclnnRsqrt_RsqrtAiCore_Rsqrt,N/A,N/A,1790932512901402.424	,2.400,9.320000,0
7,aclnnMul_MulAiCore_Mul,N/A,N/A,1790932512901428.924	,15.321,24.100000,0
7,aclnnInplaceCopy_CastAiCore_Cast,N/A,N/A,1790932512901493.746	,11.460,49.429000,0
7,aclnnMul_MulAiCore_Mul,N/A,N/A,1790932512901519.706	,9.280,14.540000,0
7,aclnnMul_TransposeAiCore_Transpose,N/A,N/A,1790932512901614.908	,34.701,85.970000,0
7,aclnnMul_MulAiCore_Mul,N/A,N/A,1790932512901649.629	,13.860,0.049000,0
7,aclnnNeg_AsStridedAiCore_AsStrided,N/A,N/A,1790932512901671.949	,13.800,8.390000,0
7,aclnnNeg_NegAiCore_Neg,N/A,N/A,1790932512901685.789	,9.341,0.000000,0
7,aclnnCat_AsStridedAiCore_AsStrided,N/A,N/A,1790932512901715.050	,12.880,19.909000,0
7,aclnnCat_ConcatD_ConcatD,N/A,N/A,1790932512901727.950	,12.080,0.120000,0
7,aclnnMul_MulAiCore_Mul,N/A,N/A,1790932512901740.050	,13.881,0.000000,0
7,aclnnAdd_AddAiCore_Add,N/A,N/A,1790932512901769.091	,12.780,15.119000,0
7,aclnnMul_TransposeAiCore_Transpose,N/A,N/A,1790932512901797.052	,22.120,15.220000,0
7,aclnnMul_MulAiCore_Mul,N/A,N/A,1790932512901819.192	,6.320,0.130000,0
7,aclnnNeg_AsStridedAiCore_AsStrided,N/A,N/A,1790932512901864.533	,8.680,38.930000,0
7,aclnnNeg_NegAiCore_Neg,N/A,N/A,1790932512901873.233	,8.160,0.070000,0
7,aclnnCat_AsStridedAiCore_AsStrided,N/A,N/A,1790932512901897.194	,9.300,15.840000,0
7,aclnnCat_ConcatD_ConcatD,N/A,N/A,1790932512901906.514	,6.700,0.000000,0
7,aclnnMul_MulAiCore_Mul,N/A,N/A,1790932512901923.814	,6.200,10.550000,0
7,aclnnAdd_AddAiCore_Add,N/A,N/A,1790932512901948.475	,8.500,18.550000,0
7,aclnnInplaceCopy_AsStridedAiCore_AsStrided,N/A,N/A,1790932512902012.196	,7.820,55.250000,0
7,InnerPromptFlashAttention_PromptFlashAttention_PromptFlashAttention,N/A,N/A,1790932512902358.523	,311.106,338.430000,0
7,aclnnInplaceCopy_TransposeAiCore_Transpose,N/A,N/A,1790932512902670.569	,31.601,0.894000,0
7,aclnnMatmul_MatMulV3Common_MatMulV3,N/A,N/A,1790932512902702.190	,114.702,0.149000,0
7,aclnnAdd_AddAiCore_Add,N/A,N/A,1790932512902816.912	,11.720,0.048000,0
7,aclnnInplaceCopy_CastAiCore_Cast,N/A,N/A,1790932512902828.652	,10.060,0.030000,0
7,aclnnPowTensorScalar_PowsAiCore_Pows,N/A,N/A,1790932512902838.732	,17.381,0.000000,0
7,aclnnMean_ReduceMeanAiCore_ReduceMean,N/A,N/A,1790932512902857.033	,20.080,0.869000,0
7,aclnnAdds_AddAiCore_Add,N/A,N/A,1790932512902878.293	,1.340,1.170000,0
7,aclnnRsqrt_RsqrtAiCore_Rsqrt,N/A,N/A,1790932512902879.653	,1.300,0.160000,0
7,aclnnMul_MulAiCore_Mul,N/A,N/A,1790932512902880.973	,22.141,0.000000,0
7,aclnnInplaceCopy_CastAiCore_Cast,N/A,N/A,1790932512902903.134	,10.820,0.109000,0
7,aclnnMul_MulAiCore_Mul,N/A,N/A,1790932512902913.974	,12.200,0.000000,0
7,aclnnMatmul_MatMulCommon_MatMulV2,N/A,N/A,1790932512902967.635	,468.749,41.550000,0
7,aclnnSilu_SliceAiCore_Slice,N/A,N/A,1790932512903436.404	,17.521,0.001000,0
7,aclnnSilu_SiluAiCore_Swish,N/A,N/A,1790932512903453.945	,33.560,0.000000,0
7,aclnnMul_SliceAiCore_Slice,N/A,N/A,1790932512903487.545	,13.281,0.000000,0
7,aclnnMul_MulAiCore_Mul,N/A,N/A,1790932512903500.846	,19.380,0.000000,0
7,aclnnMatmul_MatMulV3Common_MatMulV3,N/A,N/A,1790932512903520.266	,265.785,0.120000,0
7,aclnnAdd_AddAiCore_Add,N/A,N/A,1790932512903786.091	,16.021,0.000000,0
7,aclnnInplaceCopy_CastAiCore_Cast,N/A,N/A,1790932512903802.132	,12.320,0.229000,0
7,aclnnPowTensorScalar_PowsAiCore_Pows,N/A,N/A,1790932512903814.492	,17.140,0.000000,0
7,aclnnMean_ReduceMeanAiCore_ReduceMean,N/A,N/A,1790932512903832.632	,21.081,1.110000,0
7,aclnnAdds_AddAiCore_Add,N/A,N/A,1790932512903854.453	,1.520,0.669000,0
7,aclnnRsqrt_RsqrtAiCore_Rsqrt,N/A,N/A,1790932512903855.993	,1.320,0.000000,0
7,aclnnMul_MulAiCore_Mul,N/A,N/A,1790932512903857.333	,22.060,0.000000,0
7,aclnnInplaceCopy_CastAiCore_Cast,N/A,N/A,1790932512903879.413	,10.900,0.190000,0
7,aclnnMul_MulAiCore_Mul,N/A,N/A,1790932512903890.333	,12.041,0.000000,0
7,aclnnMatmul_MatMulV3Common_MatMulV3,N/A,N/A,1790932512903902.394	,157.043,0.209000,0
7,aclnnInplaceCopy_SliceAiCore_Slice,N/A,N/A,1790932512904059.457	,10.960,0.000000,0
7,aclnnInplaceCopy_CastAiCore_Cast,N/A,N/A,1790932512904070.437	,18.580,0.040000,0
7,aclnnPowTensorScalar_PowsAiCore_Pows,N/A,N/A,1790932512904089.037	,26.121,0.000000,0
7,aclnnMean_ReduceMeanAiCore_ReduceMean,N/A,N/A,1790932512904116.098	,20.420,0.879000,0
7,aclnnAdds_AddAiCore_Add,N/A,N/A,1790932512904137.358	,5.700,0.830000,0
7,aclnnRsqrt_RsqrtAiCore_Rsqrt,N/A,N/A,1790932512904143.078	,6.661,0.050000,0
7,aclnnMul_MulAiCore_Mul,N/A,N/A,1790932512904149.759	,25.660,0.089000,0
7,aclnnInplaceCopy_CastAiCore_Cast,N/A,N/A,1790932512904175.459	,14.320,0.090000,0
7,aclnnMul_MulAiCore_Mul,N/A,N/A,1790932512904189.799	,11.961,0.000000,0
7,aclnnInplaceCopy_SliceAiCore_Slice,N/A,N/A,1790932512904201.780	,9.700,0.039000,0
7,aclnnInplaceCopy_CastAiCore_Cast,N/A,N/A,1790932512904211.520	,9.460,0.050000,0
7,aclnnPowTensorScalar_PowsAiCore_Pows,N/A,N/A,1790932512904221.020	,16.140,0.040000,0
7,aclnnMean_ReduceMeanAiCore_ReduceMean,N/A,N/A,1790932512904238.060	,13.681,0.860000,0
7,aclnnAdds_AddAiCore_Add,N/A,N/A,1790932512904252.621	,2.040,0.819000,0
7,aclnnRsqrt_RsqrtAiCore_Rsqrt,N/A,N/A,1790932512904272.821	,2.460,18.210000,0
7,aclnnMul_MulAiCore_Mul,N/A,N/A,1790932512904298.742	,15.720,23.540000,0
7,aclnnInplaceCopy_CastAiCore_Cast,N/A,N/A,1790932512904356.523	,9.320,42.030000,0
7,aclnnMul_MulAiCore_Mul,N/A,N/A,1790932512904383.383	,9.120,17.680000,0
7,aclnnMul_TransposeAiCore_Transpose,N/A,N/A,1790932512904488.305	,33.181,95.630000,0
7,aclnnMul_MulAiCore_Mul,N/A,N/A,1790932512904521.506	,14.180,0.069000,0
7,aclnnNeg_AsStridedAiCore_AsStrided,N/A,N/A,1790932512904556.167	,14.380,20.570000,0
7,aclnnNeg_NegAiCore_Neg,N/A,N/A,1790932512904570.567	,8.600,0.000000,0
7,aclnnCat_AsStridedAiCore_AsStrided,N/A,N/A,1790932512904586.807	,12.661,7.650000,0
7,aclnnCat_ConcatD_ConcatD,N/A,N/A,1790932512904599.488	,12.340,0.089000,0
7,aclnnMul_MulAiCore_Mul,N/A,N/A,1790932512904625.508	,13.840,13.660000,0
7,aclnnAdd_AddAiCore_Add,N/A,N/A,1790932512904651.969	,12.700,12.660000,0
7,aclnnMul_TransposeAiCore_Transpose,N/A,N/A,1790932512904679.949	,21.681,15.300000,0
7,aclnnMul_MulAiCore_Mul,N/A,N/A,1790932512904701.650	,6.160,0.069000,0
7,aclnnNeg_AsStridedAiCore_AsStrided,N/A,N/A,1790932512904752.091	,9.480,44.090000,0
7,aclnnNeg_NegAiCore_Neg,N/A,N/A,1790932512904761.591	,8.120,0.020000,0
7,aclnnCat_AsStridedAiCore_AsStrided,N/A,N/A,1790932512904781.111	,8.980,11.380000,0
7,aclnnCat_ConcatD_ConcatD,N/A,N/A,1790932512904790.111	,7.181,0.020000,0
7,aclnnMul_MulAiCore_Mul,N/A,N/A,1790932512904810.092	,6.300,12.819000,0
7,aclnnAdd_AddAiCore_Add,N/A,N/A,1790932512904838.232	,8.740,21.950000,0
7,aclnnInplaceCopy_AsStridedAiCore_AsStrided,N/A,N/A,1790932512904896.713	,7.901,49.760000,0
7,InnerPromptFlashAttention_PromptFlashAttention_PromptFlashAttention,N/A,N/A,1790932512905250.401	,309.026,345.849000,0
7,aclnnInplaceCopy_TransposeAiCore_Transpose,N/A,N/A,1790932512905560.587	,31.400,0.974000,0
7,aclnnMatmul_MatMulV3Common_MatMulV3,N/A,N/A,1790932512905592.007	,114.663,0.100000,0
7,aclnnAdd_AddAiCore_Add,N/A,N/A,1790932512905706.710	,11.500,0.087000,0
7,aclnnInplaceCopy_CastAiCore_Cast,N/A,N/A,1790932512905718.230	,10.180,0.000000,0
7,aclnnPowTensorScalar_PowsAiCore_Pows,N/A,N/A,1790932512905728.430	,17.300,0.070000,0
7,aclnnMean_ReduceMeanAiCore_ReduceMean,N/A,N/A,1790932512905746.970	,20.401,1.200000,0
7,aclnnAdds_AddAiCore_Add,N/A,N/A,1790932512905768.251	,1.520,0.849000,0
7,aclnnRsqrt_RsqrtAiCore_Rsqrt,N/A,N/A,1790932512905769.791	,1.320,0.000000,0
7,aclnnMul_MulAiCore_Mul,N/A,N/A,1790932512905771.131	,22.640,0.180000,0
7,aclnnInplaceCopy_CastAiCore_Cast,N/A,N/A,1790932512905793.791	,10.781,0.000000,0
7,aclnnMul_MulAiCore_Mul,N/A,N/A,1790932512905804.592	,11.900,0.000000,0
7,aclnnMatmul_MatMulCommon_MatMulV2,N/A,N/A,1790932512905868.813	,467.689,52.350000,0
7,aclnnSilu_SliceAiCore_Slice,N/A,N/A,1790932512906336.522	,16.781,0.061000,0
7,aclnnSilu_SiluAiCore_Swish,N/A,N/A,1790932512906353.323	,34.200,0.000000,0
7,aclnnMul_SliceAiCore_Slice,N/A,N/A,1790932512906387.543	,13.061,0.050000,0
7,aclnnMul_MulAiCore_Mul,N/A,N/A,1790932512906400.624	,18.860,0.000000,0
7,aclnnMatmul_MatMulV3Common_MatMulV3,N/A,N/A,1790932512906419.504	,269.305,0.140000,0
7,aclnnAdd_AddAiCore_Add,N/A,N/A,1790932512906688.829	,15.581,0.000000,0
7,aclnnInplaceCopy_CastAiCore_Cast,N/A,N/A,1790932512906704.430	,10.440,0.169000,0
7,aclnnPowTensorScalar_PowsAiCore_Pows,N/A,N/A,1790932512906714.890	,17.800,0.060000,0
7,aclnnMean_ReduceMeanAiCore_ReduceMean,N/A,N/A,1790932512906734.050	,21.341,1.200000,0
7,aclnnAdds_AddAiCore_Add,N/A,N/A,1790932512906756.531	,1.720,1.159000,0
7,aclnnRsqrt_RsqrtAiCore_Rsqrt,N/A,N/A,1790932512906758.271	,1.360,0.030000,0
7,aclnnMul_MulAiCore_Mul,N/A,N/A,1790932512906759.651	,21.680,0.140000,0
7,aclnnInplaceCopy_CastAiCore_Cast,N/A,N/A,1790932512906781.351	,10.800,0.000000,0
7,aclnnMul_MulAiCore_Mul,N/A,N/A,1790932512906792.171	,12.401,0.200000,0
7,aclnnMatmul_MatMulV3Common_MatMulV3,N/A,N/A,1790932512906804.592	,159.823,0.000000,0
7,aclnnInplaceCopy_SliceAiCore_Slice,N/A,N/A,1790932512906964.435	,11.320,0.177000,0
7,aclnnInplaceCopy_CastAiCore_Cast,N/A,N/A,1790932512906975.775	,16.300,0.000000,0
7,aclnnPowTensorScalar_PowsAiCore_Pows,N/A,N/A,1790932512906992.115	,23.721,0.000000,0
7,aclnnMean_ReduceMeanAiCore_ReduceMean,N/A,N/A,1790932512907016.756	,20.600,1.029000,0
7,aclnnAdds_AddAiCore_Add,N/A,N/A,1790932512907038.576	,5.660,1.150000,0
7,aclnnRsqrt_RsqrtAiCore_Rsqrt,N/A,N/A,1790932512907044.276	,6.681,0.090000,0
7,aclnnMul_MulAiCore_Mul,N/A,N/A,1790932512907050.997	,26.120,0.069000,0
7,aclnnInplaceCopy_CastAiCore_Cast,N/A,N/A,1790932512907077.137	,14.340,0.130000,0
7,aclnnMul_MulAiCore_Mul,N/A,N/A,1790932512907091.497	,13.221,0.000000,0
7,aclnnInplaceCopy_SliceAiCore_Slice,N/A,N/A,1790932512907104.758	,9.260,0.029000,0
7,aclnnInplaceCopy_CastAiCore_Cast,N/A,N/A,1790932512907114.038	,9.600,0.000000,0
7,aclnnPowTensorScalar_PowsAiCore_Pows,N/A,N/A,1790932512907123.658	,15.960,0.150000,0
7,aclnnMean_ReduceMeanAiCore_ReduceMean,N/A,N/A,1790932512907140.898	,13.561,1.290000,0
7,aclnnAdds_AddAiCore_Add,N/A,N/A,1790932512907155.439	,2.500,0.939000,0
7,aclnnRsqrt_RsqrtAiCore_Rsqrt,N/A,N/A,1790932512907157.959	,2.340,0.000000,0
7,aclnnMul_MulAiCore_Mul,N/A,N/A,1790932512907169.719	,16.220,9.410000,0
7,aclnnInplaceCopy_CastAiCore_Cast,N/A,N/A,1790932512907226.640	,9.220,40.780000,0
7,aclnnMul_MulAiCore_Mul,N/A,N/A,1790932512907252.401	,9.280,16.530000,0
7,aclnnMul_TransposeAiCore_Transpose,N/A,N/A,1790932512907346.062	,33.001,84.220000,0
7,aclnnMul_MulAiCore_Mul,N/A,N/A,1790932512907379.083	,14.240,0.000000,0
7,aclnnNeg_AsStridedAiCore_AsStrided,N/A,N/A,1790932512907402.584	,14.080,9.260000,0
7,aclnnNeg_NegAiCore_Neg,N/A,N/A,1790932512907416.684	,8.420,0.170000,0
7,aclnnCat_AsStridedAiCore_AsStrided,N/A,N/A,1790932512907445.724	,12.181,20.580000,0
7,aclnnCat_ConcatD_ConcatD,N/A,N/A,1790932512907457.945	,12.040,0.069000,0
7,aclnnMul_MulAiCore_Mul,N/A,N/A,1790932512907470.005	,14.540,0.000000,0
7,aclnnAdd_AddAiCore_Add,N/A,N/A,1790932512907499.105	,12.901,14.460000,0
7,aclnnMul_TransposeAiCore_Transpose,N/A,N/A,1790932512907526.766	,21.620,14.849000,0
7,aclnnMul_MulAiCore_Mul,N/A,N/A,1790932512907548.406	,6.121,0.130000,0
7,aclnnNeg_AsStridedAiCore_AsStrided,N/A,N/A,1790932512907598.247	,8.901,43.629000,0
7,aclnnNeg_NegAiCore_Neg,N/A,N/A,1790932512907607.168	,8.160,0.099000,0
7,aclnnCat_AsStridedAiCore_AsStrided,N/A,N/A,1790932512907628.448	,9.040,13.090000,0
7,aclnnCat_ConcatD_ConcatD,N/A,N/A,1790932512907637.508	,6.640,0.000000,0
7,aclnnMul_MulAiCore_Mul,N/A,N/A,1790932512907656.769	,6.220,12.610000,0
7,aclnnAdd_AddAiCore_Add,N/A,N/A,1790932512907685.669	,8.540,22.780000,0
7,aclnnInplaceCopy_AsStridedAiCore_AsStrided,N/A,N/A,1790932512907740.870	,7.920,46.460000,0
7,InnerPromptFlashAttention_PromptFlashAttention_PromptFlashAttention,N/A,N/A,1790932512908091.157	,311.287,342.580000,0
7,aclnnInplaceCopy_TransposeAiCore_Transpose,N/A,N/A,1790932512908403.564	,31.220,0.963000,0
7,aclnnMatmul_MatMulV3Common_MatMulV3,N/A,N/A,1790932512908434.804	,116.363,0.030000,0
7,aclnnAdd_AddAiCore_Add,N/A,N/A,1790932512908551.207	,11.840,0.137000,0
7,aclnnInplaceCopy_CastAiCore_Cast,N/A,N/A,1790932512908563.067	,10.020,0.000000,0
7,aclnnPowTensorScalar_PowsAiCore_Pows,N/A,N/A,1790932512908573.107	,17.620,0.000000,0
7,aclnnMean_ReduceMeanAiCore_ReduceMean,N/A,N/A,1790932512908592.187	,19.801,1.630000,0
7,aclnnAdds_AddAiCore_Add,N/A,N/A,1790932512908612.788	,1.400,0.699000,0
7,aclnnRsqrt_RsqrtAiCore_Rsqrt,N/A,N/A,1790932512908614.208	,1.320,0.100000,0
7,aclnnMul_MulAiCore_Mul,N/A,N/A,1790932512908615.568	,22.080,0.000000,0
7,aclnnInplaceCopy_CastAiCore_Cast,N/A,N/A,1790932512908637.668	,11.080,0.170000,0
7,aclnnMul_MulAiCore_Mul,N/A,N/A,1790932512908648.768	,12.861,0.000000,0
7,aclnnMatmul_MatMulCommon_MatMulV2,N/A,N/A,1790932512908721.630	,468.109,60.139000,0
7,aclnnSilu_SliceAiCore_Slice,N/A,N/A,1790932512909189.759	,17.441,0.000000,0
7,aclnnSilu_SiluAiCore_Swish,N/A,N/A,1790932512909207.220	,33.520,0.059000,0
7,aclnnMul_SliceAiCore_Slice,N/A,N/A,1790932512909240.760	,13.901,0.000000,0
7,aclnnMul_MulAiCore_Mul,N/A,N/A,1790932512909254.701	,19.080,0.099000,0
7,aclnnMatmul_MatMulV3Common_MatMulV3,N/A,N/A,1790932512909273.821	,270.925,0.000000,0
7,aclnnAdd_AddAiCore_Add,N/A,N/A,1790932512909544.786	,15.961,0.075000,0
7,aclnnInplaceCopy_CastAiCore_Cast,N/A,N/A,1790932512909560.767	,10.200,0.039000,0
7,aclnnPowTensorScalar_PowsAiCore_Pows,N/A,N/A,1790932512909570.987	,17.620,0.050000,0
7,aclnnMean_ReduceMeanAiCore_ReduceMean,N/A,N/A,1790932512909589.847	,21.201,1.130000,0
7,aclnnAdds_AddAiCore_Add,N/A,N/A,1790932512909612.248	,1.560,1.299000,0
7,aclnnRsqrt_RsqrtAiCore_Rsqrt,N/A,N/A,1790932512909613.828	,1.580,0.000000,0
7,aclnnMul_MulAiCore_Mul,N/A,N/A,1790932512909615.428	,21.720,0.170000,0
7,aclnnInplaceCopy_CastAiCore_Cast,N/A,N/A,1790932512909637.168	,11.120,0.030000,0
7,aclnnMul_MulAiCore_Mul,N/A,N/A,1790932512909648.308	,12.121,0.000000,0
7,aclnnMatmul_MatMulV3Common_MatMulV3,N/A,N/A,1790932512909660.449	,157.543,0.129000,0
7,aclnnInplaceCopy_SliceAiCore_Slice,N/A,N/A,1790932512909818.012	,11.620,0.000000,0
7,aclnnInplaceCopy_CastAiCore_Cast,N/A,N/A,1790932512909829.652	,18.900,0.130000,0
7,aclnnPowTensorScalar_PowsAiCore_Pows,N/A,N/A,1790932512909848.572	,26.341,0.000000,0
7,aclnnMean_ReduceMeanAiCore_ReduceMean,N/A,N/A,1790932512909875.953	,20.580,1.159000,0
7,aclnnAdds_AddAiCore_Add,N/A,N/A,1790932512909897.173	,5.701,0.670000,0
7,aclnnRsqrt_RsqrtAiCore_Rsqrt,N/A,N/A,1790932512909902.894	,6.680,0.049000,0
7,aclnnMul_MulAiCore_Mul,N/A,N/A,1790932512909909.594	,25.420,0.000000,0
7,aclnnInplaceCopy_CastAiCore_Cast,N/A,N/A,1790932512909935.054	,13.520,0.080000,0
7,aclnnMul_MulAiCore_Mul,N/A,N/A,1790932512909948.594	,12.361,0.000000,0
7,aclnnInplaceCopy_SliceAiCore_Slice,N/A,N/A,1790932512909960.975	,9.100,0.139000,0
7,aclnnInplaceCopy_CastAiCore_Cast,N/A,N/A,1790932512909970.115	,9.440,0.000000,0
7,aclnnPowTensorScalar_PowsAiCore_Pows,N/A,N/A,1790932512909979.575	,15.880,0.060000,0
7,aclnnMean_ReduceMeanAiCore_ReduceMean,N/A,N/A,1790932512909996.655	,13.661,1.370000,0
7,aclnnAdds_AddAiCore_Add,N/A,N/A,1790932512910011.176	,2.060,0.839000,0
7,aclnnRsqrt_RsqrtAiCore_Rsqrt,N/A,N/A,1790932512910013.956	,2.340,0.690000,0
7,aclnnMul_MulAiCore_Mul,N/A,N/A,1790932512910051.056	,15.761,34.660000,0
7,aclnnInplaceCopy_CastAiCore_Cast,N/A,N/A,1790932512910111.418	,9.300,44.739000,0
7,aclnnMul_MulAiCore_Mul,N/A,N/A,1790932512910126.698	,9.160,5.950000,0
7,aclnnMul_TransposeAiCore_Transpose,N/A,N/A,1790932512910224.200	,34.241,88.340000,0
7,aclnnMul_MulAiCore_Mul,N/A,N/A,1790932512910258.461	,14.400,0.009000,0
7,aclnnNeg_AsStridedAiCore_AsStrided,N/A,N/A,1790932512910280.781	,15.360,7.850000,0
7,aclnnNeg_NegAiCore_Neg,N/A,N/A,1790932512910296.161	,8.601,0.140000,0
7,aclnnCat_AsStridedAiCore_AsStrided,N/A,N/A,1790932512910327.242	,12.280,22.399000,0
7,aclnnCat_ConcatD_ConcatD,N/A,N/A,1790932512910339.542	,12.140,0.000000,0
7,aclnnMul_MulAiCore_Mul,N/A,N/A,1790932512910354.743	,16.340,3.110000,0
7,aclnnAdd_AddAiCore_Add,N/A,N/A,1790932512910380.463	,12.720,9.410000,0
7,aclnnMul_TransposeAiCore_Transpose,N/A,N/A,1790932512910409.724	,22.020,16.530000,0
7,aclnnMul_MulAiCore_Mul,N/A,N/A,1790932512910431.764	,6.300,0.000000,0
7,aclnnNeg_AsStridedAiCore_AsStrided,N/A,N/A,1790932512910466.345	,9.280,28.200000,0
7,aclnnNeg_NegAiCore_Neg,N/A,N/A,1790932512910475.645	,8.200,0.220000,0
7,aclnnCat_AsStridedAiCore_AsStrided,N/A,N/A,1790932512910506.666	,9.100,22.800000,0
7,aclnnCat_ConcatD_ConcatD,N/A,N/A,1790932512910515.806	,7.060,0.000000,0
7,aclnnMul_MulAiCore_Mul,N/A,N/A,1790932512910534.206	,5.760,11.440000,0
7,aclnnAdd_AddAiCore_Add,N/A,N/A,1790932512910559.787	,8.640,19.740000,0
7,aclnnInplaceCopy_AsStridedAiCore_AsStrided,N/A,N/A,1790932512910615.068	,7.980,46.610000,0
7,InnerPromptFlashAttention_PromptFlashAttention_PromptFlashAttention,N/A,N/A,1790932512910972.495	,306.666,349.520000,0
7,aclnnInplaceCopy_TransposeAiCore_Transpose,N/A,N/A,1790932512911280.301	,31.721,1.084000,0
7,aclnnMatmul_MatMulV3Common_MatMulV3,N/A,N/A,1790932512911312.042	,116.442,0.029000,0
7,aclnnAdd_AddAiCore_Add,N/A,N/A,1790932512911428.504	,11.620,0.058000,0
7,aclnnInplaceCopy_CastAiCore_Cast,N/A,N/A,1790932512911440.144	,10.520,0.130000,0
7,aclnnPowTensorScalar_PowsAiCore_Pows,N/A,N/A,1790932512911450.684	,17.161,0.000000,0
7,aclnnMean_ReduceMeanAiCore_ReduceMean,N/A,N/A,1790932512911469.125	,20.200,1.089000,0
7,aclnnAdds_AddAiCore_Add,N/A,N/A,1790932512911490.365	,1.440,1.050000,0
7,aclnnRsqrt_RsqrtAiCore_Rsqrt,N/A,N/A,1790932512911491.825	,1.320,0.060000,0
7,aclnnMul_MulAiCore_Mul,N/A,N/A,1790932512911493.165	,22.801,0.180000,0
7,aclnnInplaceCopy_CastAiCore_Cast,N/A,N/A,1790932512911515.986	,10.900,0.000000,0
7,aclnnMul_MulAiCore_Mul,N/A,N/A,1790932512911526.926	,11.900,0.100000,0
7,aclnnMatmul_MatMulCommon_MatMulV2,N/A,N/A,1790932512911597.067	,473.830,58.100000,0
7,aclnnSilu_SliceAiCore_Slice,N/A,N/A,1790932512912070.917	,17.260,0.170000,0
7,aclnnSilu_SiluAiCore_Swish,N/A,N/A,1790932512912088.197	,33.581,0.000000,0
7,aclnnMul_SliceAiCore_Slice,N/A,N/A,1790932512912121.798	,13.020,0.000000,0
7,aclnnMul_MulAiCore_Mul,N/A,N/A,1790932512912134.838	,18.840,0.000000,0
7,aclnnMatmul_MatMulV3Common_MatMulV3,N/A,N/A,1790932512912153.698	,267.486,0.160000,0
7,aclnnAdd_AddAiCore_Add,N/A,N/A,1790932512912421.204	,18.080,0.014000,0
7,aclnnInplaceCopy_CastAiCore_Cast,N/A,N/A,1790932512912439.304	,10.560,0.000000,0
7,aclnnPowTensorScalar_PowsAiCore_Pows,N/A,N/A,1790932512912449.884	,17.441,0.190000,0
7,aclnnMean_ReduceMeanAiCore_ReduceMean,N/A,N/A,1790932512912468.545	,21.100,1.059000,0
7,aclnnAdds_AddAiCore_Add,N/A,N/A,1790932512912490.385	,1.520,0.900000,0
7,aclnnRsqrt_RsqrtAiCore_Rsqrt,N/A,N/A,1790932512912491.945	,1.360,0.000000,0
7,aclnnMul_MulAiCore_Mul,N/A,N/A,1790932512912493.325	,22.081,0.000000,0
7,aclnnInplaceCopy_CastAiCore_Cast,N/A,N/A,1790932512912515.446	,10.980,0.169000,0
7,aclnnMul_MulAiCore_Mul,N/A,N/A,1790932512912526.446	,12.080,0.020000,0
7,aclnnMatmul_MatMulV3Common_MatMulV3,N/A,N/A,1790932512912538.546	,161.583,0.000000,0
7,aclnnInplaceCopy_SliceAiCore_Slice,N/A,N/A,1790932512912700.169	,11.241,0.167000,0
7,aclnnInplaceCopy_CastAiCore_Cast,N/A,N/A,1790932512912711.450	,15.880,0.009000,0
7,aclnnPowTensorScalar_PowsAiCore_Pows,N/A,N/A,1790932512912727.350	,23.980,0.000000,0
7,aclnnMean_ReduceMeanAiCore_ReduceMean,N/A,N/A,1790932512912752.670	,20.481,1.520000,0
7,aclnnAdds_AddAiCore_Add,N/A,N/A,1790932512912773.891	,5.820,0.769000,0
7,aclnnRsqrt_RsqrtAiCore_Rsqrt,N/A,N/A,1790932512912779.751	,6.640,0.000000,0
7,aclnnMul_MulAiCore_Mul,N/A,N/A,1790932512912786.411	,25.341,0.110000,0
7,aclnnInplaceCopy_CastAiCore_Cast,N/A,N/A,1790932512912811.772	,13.920,0.000000,0
7,aclnnMul_MulAiCore_Mul,N/A,N/A,1790932512912825.712	,12.240,0.080000,0
7,aclnnInplaceCopy_SliceAiCore_Slice,N/A,N/A,1790932512912837.972	,9.060,0.010000,0
7,aclnnInplaceCopy_CastAiCore_Cast,N/A,N/A,1790932512912847.052	,9.461,0.000000,0
7,aclnnPowTensorScalar_PowsAiCore_Pows,N/A,N/A,1790932512912856.533	,15.800,0.039000,0
7,aclnnMean_ReduceMeanAiCore_ReduceMean,N/A,N/A,1790932512912873.333	,13.460,0.950000,0
7,aclnnAdds_AddAiCore_Add,N/A,N/A,1790932512912887.853	,2.200,1.040000,0
7,aclnnRsqrt_RsqrtAiCore_Rsqrt,N/A,N/A,1790932512912900.373	,2.380,10.300000,0
7,aclnnMul_MulAiCore_Mul,N/A,N/A,1790932512912930.294	,15.520,27.620000,0
7,aclnnInplaceCopy_CastAiCore_Cast,N/A,N/A,1790932512912983.515	,9.240,37.730000,0
7,aclnnMul_MulAiCore_Mul,N/A,N/A,1790932512913011.416	,9.140,18.760000,0
7,aclnnMul_TransposeAiCore_Transpose,N/A,N/A,1790932512913105.998	,34.360,85.360000,0
7,aclnnMul_MulAiCore_Mul,N/A,N/A,1790932512913140.378	,13.740,0.140000,0
7,aclnnNeg_AsStridedAiCore_AsStrided,N/A,N/A,1790932512913162.159	,13.640,8.010000,0
7,aclnnNeg_NegAiCore_Neg,N/A,N/A,1790932512913175.819	,8.540,0.000000,0
7,aclnnCat_AsStridedAiCore_AsStrided,N/A,N/A,1790932512913205.420	,12.160,21.210000,0
7,aclnnCat_ConcatD_ConcatD,N/A,N/A,1790932512913217.600	,12.300,0.000000,0
7,aclnnMul_MulAiCore_Mul,N/A,N/A,1790932512913233.520	,14.760,3.700000,0
7,aclnnAdd_AddAiCore_Add,N/A,N/A,1790932512913260.881	,12.640,12.740000,0
7,aclnnMul_TransposeAiCore_Transpose,N/A,N/A,1790932512913290.381	,22.481,16.860000,0
7,aclnnMul_MulAiCore_Mul,N/A,N/A,1790932512913312.882	,6.120,0.019000,0
7,aclnnNeg_AsStridedAiCore_AsStrided,N/A,N/A,1790932512913347.482	,8.821,28.380000,0
7,aclnnNeg_NegAiCore_Neg,N/A,N/A,1790932512913357.423	,8.240,1.179000,0
7,aclnnCat_AsStridedAiCore_AsStrided,N/A,N/A,1790932512913391.583	,8.860,25.760000,0
7,aclnnCat_ConcatD_ConcatD,N/A,N/A,1790932512913400.463	,6.961,0.140000,0
7,aclnnMul_MulAiCore_Mul,N/A,N/A,1790932512913419.364	,6.460,11.789000,0
7,aclnnAdd_AddAiCore_Add,N/A,N/A,1790932512913446.104	,8.580,20.290000,0
7,aclnnInplaceCopy_AsStridedAiCore_AsStrided,N/A,N/A,1790932512913502.385	,7.521,47.920000,0
7,InnerPromptFlashAttention_PromptFlashAttention_PromptFlashAttention,N/A,N/A,1790932512913861.653	,302.006,351.729000,0
7,aclnnInplaceCopy_TransposeAiCore_Transpose,N/A,N/A,1790932512914164.399	,31.320,0.744000,0
7,aclnnMatmul_MatMulV3Common_MatMulV3,N/A,N/A,1790932512914195.739	,114.843,0.000000,0
7,aclnnAdd_AddAiCore_Add,N/A,N/A,1790932512914310.602	,11.660,0.000000,0
7,aclnnInplaceCopy_CastAiCore_Cast,N/A,N/A,1790932512914322.282	,9.980,0.090000,0
7,aclnnPowTensorScalar_PowsAiCore_Pows,N/A,N/A,1790932512914332.282	,17.060,0.020000,0
7,aclnnMean_ReduceMeanAiCore_ReduceMean,N/A,N/A,1790932512914350.662	,20.061,1.440000,0
7,aclnnAdds_AddAiCore_Add,N/A,N/A,1790932512914371.843	,1.500,0.939000,0
7,aclnnRsqrt_RsqrtAiCore_Rsqrt,N/A,N/A,1790932512914373.363	,1.360,0.000000,0
7,aclnnMul_MulAiCore_Mul,N/A,N/A,1790932512914374.743	,22.360,0.140000,0
7,aclnnInplaceCopy_CastAiCore_Cast,N/A,N/A,1790932512914397.143	,10.861,0.140000,0
7,aclnnMul_MulAiCore_Mul,N/A,N/A,1790932512914408.024	,12.220,0.000000,0
7,aclnnMatmul_MatMulCommon_MatMulV2,N/A,N/A,1790932512914481.765	,471.089,61.530000,0
7,aclnnSilu_SliceAiCore_Slice,N/A,N/A,1790932512914952.874	,17.481,0.000000,0
7,aclnnSilu_SiluAiCore_Swish,N/A,N/A,1790932512914970.375	,33.760,0.269000,0
7,aclnnMul_SliceAiCore_Slice,N/A,N/A,1790932512915004.175	,12.381,0.000000,0
7,aclnnMul_MulAiCore_Mul,N/A,N/A,1790932512915016.576	,18.960,0.000000,0
7,aclnnMatmul_MatMulV3Common_MatMulV3,N/A,N/A,1790932512915035.556	,268.765,0.040000,0
7,aclnnAdd_AddAiCore_Add,N/A,N/A,1790932512915304.341	,15.641,0.000000,0
7,aclnnInplaceCopy_CastAiCore_Cast,N/A,N/A,1790932512915320.022	,10.060,0.109000,0
7,aclnnPowTensorScalar_PowsAiCore_Pows,N/A,N/A,1790932512915330.102	,17.040,0.000000,0
7,aclnnMean_ReduceMeanAiCore_ReduceMean,N/A,N/A,1790932512915348.062	,20.921,0.960000,0
7,aclnnAdds_AddAiCore_Add,N/A,N/A,1790932512915369.923	,1.560,1.079000,0
7,aclnnRsqrt_RsqrtAiCore_Rsqrt,N/A,N/A,1790932512915371.503	,1.320,0.000000,0
7,aclnnMul_MulAiCore_Mul,N/A,N/A,1790932512915372.843	,23.180,0.000000,0
7,aclnnInplaceCopy_CastAiCore_Cast,N/A,N/A,1790932512915396.063	,10.960,0.070000,0
7,aclnnMul_MulAiCore_Mul,N/A,N/A,1790932512915407.063	,11.741,0.040000,0
7,aclnnMatmul_MatMulV3Common_MatMulV3,N/A,N/A,1790932512915418.824	,157.103,0.009000,0
7,aclnnInplaceCopy_SliceAiCore_Slice,N/A,N/A,1790932512915575.967	,11.080,0.147000,0
7,aclnnInplaceCopy_CastAiCore_Cast,N/A,N/A,1790932512915587.067	,18.920,0.000000,0
7,aclnnPowTensorScalar_PowsAiCore_Pows,N/A,N/A,1790932512915606.007	,26.041,0.080000,0
7,aclnnMean_ReduceMeanAiCore_ReduceMean,N/A,N/A,1790932512915633.128	,20.480,1.209000,0
7,aclnnAdds_AddAiCore_Add,N/A,N/A,1790932512915654.348	,5.881,0.520000,0
7,aclnnRsqrt_RsqrtAiCore_Rsqrt,N/A,N/A,1790932512915660.249	,6.600,0.119000,0
7,aclnnMul_MulAiCore_Mul,N/A,N/A,1790932512915666.869	,25.220,0.000000,0
7,aclnnInplaceCopy_CastAiCore_Cast,N/A,N/A,1790932512915692.109	,13.660,0.030000,0
7,aclnnMul_MulAiCore_Mul,N/A,N/A,1790932512915705.789	,12.241,0.090000,0
7,aclnnInplaceCopy_SliceAiCore_Slice,N/A,N/A,1790932512915718.050	,9.440,0.009000,0
7,aclnnInplaceCopy_CastAiCore_Cast,N/A,N/A,1790932512915727.510	,9.520,0.060000,0
7,aclnnPowTensorScalar_PowsAiCore_Pows,N/A,N/A,1790932512915737.070	,15.900,0.000000,0
7,aclnnMean_ReduceMeanAiCore_ReduceMean,N/A,N/A,1790932512915754.450	,13.641,1.600000,0
7,aclnnAdds_AddAiCore_Add,N/A,N/A,1790932512915768.951	,2.220,0.859000,0
7,aclnnRsqrt_RsqrtAiCore_Rsqrt,N/A,N/A,1790932512915771.211	,2.820,0.030000,0
7,aclnnMul_MulAiCore_Mul,N/A,N/A,1790932512915780.911	,15.220,6.930000,0
7,aclnnInplaceCopy_CastAiCore_Cast,N/A,N/A,1790932512915835.392	,9.300,39.280000,0
7,aclnnMul_MulAiCore_Mul,N/A,N/A,1790932512915862.513	,9.180,17.700000,0
7,aclnnMul_TransposeAiCore_Transpose,N/A,N/A,1790932512915964.755	,35.400,93.070000,0
7,aclnnMul_MulAiCore_Mul,N/A,N/A,1790932512916000.195	,13.581,0.100000,0
7,aclnnNeg_AsStridedAiCore_AsStrided,N/A,N/A,1790932512916020.896	,13.800,7.169000,0
7,aclnnNeg_NegAiCore_Neg,N/A,N/A,1790932512916034.736	,8.440,0.000000,0
7,aclnnCat_AsStridedAiCore_AsStrided,N/A,N/A,1790932512916064.577	,12.540,21.310000,0
7,aclnnCat_ConcatD_ConcatD,N/A,N/A,1790932512916077.137	,11.960,0.210000,0
7,aclnnMul_MulAiCore_Mul,N/A,N/A,1790932512916092.137	,14.300,3.040000,0
7,aclnnAdd_AddAiCore_Add,N/A,N/A,1790932512916121.078	,12.820,14.450000,0
7,aclnnMul_TransposeAiCore_Transpose,N/A,N/A,1790932512916150.098	,21.961,16.180000,0
7,aclnnMul_MulAiCore_Mul,N/A,N/A,1790932512916172.079	,6.180,0.039000,0
7,aclnnNeg_AsStridedAiCore_AsStrided,N/A,N/A,1790932512916217.980	,9.160,39.820000,0
7,aclnnNeg_NegAiCore_Neg,N/A,N/A,1790932512916227.160	,8.220,0.090000,0
7,aclnnCat_AsStridedAiCore_AsStrided,N/A,N/A,1790932512916248.800	,9.180,13.280000,0
7,aclnnCat_ConcatD_ConcatD,N/A,N/A,1790932512916258.000	,6.701,0.070000,0
7,aclnnMul_MulAiCore_Mul,N/A,N/A,1790932512916276.741	,5.820,12.049000,0
7,aclnnAdd_AddAiCore_Add,N/A,N/A,1790932512916303.981	,8.721,21.430000,0
7,aclnnInplaceCopy_AsStridedAiCore_AsStrided,N/A,N/A,1790932512916384.963	,8.320,72.279000,0
7,InnerPromptFlashAttention_PromptFlashAttention_PromptFlashAttention,N/A,N/A,1790932512916740.490	,305.626,347.180000,0
7,aclnnInplaceCopy_TransposeAiCore_Transpose,N/A,N/A,1790932512917047.356	,31.441,1.124000,0
7,aclnnMatmul_MatMulV3Common_MatMulV3,N/A,N/A,1790932512917078.817	,117.342,0.059000,0
7,aclnnAdd_AddAiCore_Add,N/A,N/A,1790932512917196.179	,11.520,0.158000,0
7,aclnnInplaceCopy_CastAiCore_Cast,N/A,N/A,1790932512917207.719	,10.281,0.000000,0
7,aclnnPowTensorScalar_PowsAiCore_Pows,N/A,N/A,1790932512917218.040	,17.160,0.000000,0
7,aclnnMean_ReduceMeanAiCore_ReduceMean,N/A,N/A,1790932512917236.480	,20.000,1.340000,0
7,aclnnAdds_AddAiCore_Add,N/A,N/A,1790932512917257.700	,1.540,1.250000,0
7,aclnnRsqrt_RsqrtAiCore_Rsqrt,N/A,N/A,1790932512917259.260	,1.321,0.000000,0
7,aclnnMul_MulAiCore_Mul,N/A,N/A,1790932512917260.621	,22.620,0.000000,0
7,aclnnInplaceCopy_CastAiCore_Cast,N/A,N/A,1790932512917283.261	,10.840,0.130000,0
7,aclnnMul_MulAiCore_Mul,N/A,N/A,1790932512917294.121	,12.160,0.000000,0
7,aclnnMatmul_MatMulCommon_MatMulV2,N/A,N/A,1790932512917365.023	,470.229,58.840000,0
7,aclnnSilu_SliceAiCore_Slice,N/A,N/A,1790932512917835.272	,16.800,0.021000,0
7,aclnnSilu_SiluAiCore_Swish,N/A,N/A,1790932512917852.092	,33.581,0.000000,0
7,aclnnMul_SliceAiCore_Slice,N/A,N/A,1790932512917885.693	,12.400,0.169000,0
7,aclnnMul_MulAiCore_Mul,N/A,N/A,1790932512917898.133	,19.181,0.100000,0
7,aclnnMatmul_MatMulV3Common_MatMulV3,N/A,N/A,1790932512917917.334	,269.765,0.000000,0
7,aclnnAdd_AddAiCore_Add,N/A,N/A,1790932512918187.119	,15.600,0.000000,0
7,aclnnInplaceCopy_CastAiCore_Cast,N/A,N/A,1790932512918202.739	,10.521,0.150000,0
7,aclnnPowTensorScalar_PowsAiCore_Pows,N/A,N/A,1790932512918213.280	,17.580,0.000000,0
7,aclnnMean_ReduceMeanAiCore_ReduceMean,N/A,N/A,1790932512918232.300	,21.420,1.420000,0
7,aclnnAdds_AddAiCore_Add,N/A,N/A,1790932512918254.780	,1.600,1.080000,0
7,aclnnRsqrt_RsqrtAiCore_Rsqrt,N/A,N/A,1790932512918256.400	,1.320,0.150000,0
7,aclnnMul_MulAiCore_Mul,N/A,N/A,1790932512918257.740	,21.201,0.000000,0
7,aclnnInplaceCopy_CastAiCore_Cast,N/A,N/A,1790932512918278.981	,11.040,0.049000,0
7,aclnnMul_MulAiCore_Mul,N/A,N/A,1790932512918290.041	,11.820,0.000000,0
7,aclnnMatmul_MatMulV3Common_MatMulV3,N/A,N/A,1790932512918301.901	,160.144,0.180000,0
7,aclnnInplaceCopy_SliceAiCore_Slice,N/A,N/A,1790932512918462.065	,11.940,0.000000,0
7,aclnnInplaceCopy_CastAiCore_Cast,N/A,N/A,1790932512918474.025	,16.640,0.060000,0
7,aclnnPowTensorScalar_PowsAiCore_Pows,N/A,N/A,1790932512918490.685	,23.881,0.110000,0
7,aclnnMean_ReduceMeanAiCore_ReduceMean,N/A,N/A,1790932512918515.566	,20.540,0.869000,0
7,aclnnAdds_AddAiCore_Add,N/A,N/A,1790932512918536.786	,5.660,0.710000,0
7,aclnnRsqrt_RsqrtAiCore_Rsqrt,N/A,N/A,1790932512918542.486	,6.600,0.090000,0
7,aclnnMul_MulAiCore_Mul,N/A,N/A,1790932512918549.106	,25.841,0.000000,0
7,aclnnInplaceCopy_CastAiCore_Cast,N/A,N/A,1790932512918574.967	,16.680,0.159000,0
7,aclnnMul_MulAiCore_Mul,N/A,N/A,1790932512918591.667	,12.200,0.070000,0
7,aclnnInplaceCopy_SliceAiCore_Slice,N/A,N/A,1790932512918603.887	,9.321,0.050000,0
7,aclnnInplaceCopy_CastAiCore_Cast,N/A,N/A,1790932512918613.228	,9.600,0.000000,0
7,aclnnPowTensorScalar_PowsAiCore_Pows,N/A,N/A,1790932512918622.848	,16.240,0.000000,0
7,aclnnMean_ReduceMeanAiCore_ReduceMean,N/A,N/A,1790932512918640.308	,13.580,1.260000,0
7,aclnnAdds_AddAiCore_Add,N/A,N/A,1790932512918654.868	,2.260,0.920000,0
7,aclnnRsqrt_RsqrtAiCore_Rsqrt,N/A,N/A,1790932512918657.148	,2.300,0.240000,0
7,aclnnMul_MulAiCore_Mul,N/A,N/A,1790932512918677.789	,15.680,18.200000,0
7,aclnnInplaceCopy_CastAiCore_Cast,N/A,N/A,1790932512918728.450	,9.260,35.070000,0
7,aclnnMul_MulAiCore_Mul,N/A,N/A,1790932512918752.830	,9.281,14.990000,0
7,aclnnMul_TransposeAiCore_Transpose,N/A,N/A,1790932512918854.732	,34.181,92.719000,0
7,aclnnMul_MulAiCore_Mul,N/A,N/A,1790932512918888.933	,14.140,0.069000,0
7,aclnnNeg_AsStridedAiCore_AsStrided,N/A,N/A,1790932512918921.734	,13.660,18.610000,0
7,aclnnNeg_NegAiCore_Neg,N/A,N/A,1790932512918935.414	,8.340,0.090000,0
7,aclnnCat_AsStridedAiCore_AsStrided,N/A,N/A,1790932512918952.874	,12.761,8.910000,0
7,aclnnCat_ConcatD_ConcatD,N/A,N/A,1790932512918965.675	,11.860,0.239000,0
7,aclnnMul_MulAiCore_Mul,N/A,N/A,1790932512918991.395	,14.160,13.890000,0
7,aclnnAdd_AddAiCore_Add,N/A,N/A,1790932512919018.296	,12.860,12.590000,0
7,aclnnMul_TransposeAiCore_Transpose,N/A,N/A,1790932512919045.776	,21.941,14.640000,0
7,aclnnMul_MulAiCore_Mul,N/A,N/A,1790932512919067.737	,6.200,0.059000,0
7,aclnnNeg_AsStridedAiCore_AsStrided,N/A,N/A,1790932512919113.898	,9.200,40.050000,0
7,aclnnNeg_NegAiCore_Neg,N/A,N/A,1790932512919123.118	,8.120,0.000000,0
7,aclnnCat_AsStridedAiCore_AsStrided,N/A,N/A,1790932512919144.258	,8.800,13.130000,0
7,aclnnCat_ConcatD_ConcatD,N/A,N/A,1790932512919153.078	,6.800,0.000000,0
7,aclnnMul_MulAiCore_Mul,N/A,N/A,1790932512919172.659	,6.380,12.950000,0
7,aclnnAdd_AddAiCore_Add,N/A,N/A,1790932512919199.859	,8.540,20.620000,0
7,aclnnInplaceCopy_AsStridedAiCore_AsStrided,N/A,N/A,1790932512919266.741	,7.520,58.460000,0
7,InnerPromptFlashAttention_PromptFlashAttention_PromptFlashAttention,N/A,N/A,1790932512919621.308	,301.606,346.980000,0
7,aclnnInplaceCopy_TransposeAiCore_Transpose,N/A,N/A,1790932512919923.894	,31.820,1.144000,0
7,aclnnMatmul_MatMulV3Common_MatMulV3,N/A,N/A,1790932512919955.754	,115.983,0.000000,0
7,aclnnAdd_AddAiCore_Add,N/A,N/A,1790932512920071.757	,11.700,0.017000,0
7,aclnnInplaceCopy_CastAiCore_Cast,N/A,N/A,1790932512920083.477	,9.980,0.050000,0
7,aclnnPowTensorScalar_PowsAiCore_Pows,N/A,N/A,1790932512920093.477	,17.220,0.020000,0
7,aclnnMean_ReduceMeanAiCore_ReduceMean,N/A,N/A,1790932512920111.837	,20.361,1.030000,0
7,aclnnAdds_AddAiCore_Add,N/A,N/A,1790932512920133.098	,1.400,0.889000,0
7,aclnnRsqrt_RsqrtAiCore_Rsqrt,N/A,N/A,1790932512920134.518	,1.360,0.100000,0
7,aclnnMul_MulAiCore_Mul,N/A,N/A,1790932512920135.898	,23.720,0.140000,0
7,aclnnInplaceCopy_CastAiCore_Cast,N/A,N/A,1790932512920159.638	,11.001,0.030000,0
7,aclnnMul_MulAiCore_Mul,N/A,N/A,1790932512920170.659	,12.200,0.000000,0
7,aclnnMatmul_MatMulCommon_MatMulV2,N/A,N/A,1790932512920243.720	,467.869,60.800000,0
7,aclnnSilu_SliceAiCore_Slice,N/A,N/A,1790932512920711.609	,17.061,0.000000,0
7,aclnnSilu_SiluAiCore_Swish,N/A,N/A,1790932512920728.710	,33.840,0.189000,0
7,aclnnMul_SliceAiCore_Slice,N/A,N/A,1790932512920762.590	,13.701,0.000000,0
7,aclnnMul_MulAiCore_Mul,N/A,N/A,1790932512920776.311	,19.460,0.049000,0
7,aclnnMatmul_MatMulV3Common_MatMulV3,N/A,N/A,1790932512920795.791	,269.886,0.040000,0
7,aclnnAdd_AddAiCore_Add,N/A,N/A,1790932512921065.697	,15.580,0.114000,0
7,aclnnInplaceCopy_CastAiCore_Cast,N/A,N/A,1790932512921081.297	,10.160,0.000000,0
7,aclnnPowTensorScalar_PowsAiCore_Pows,N/A,N/A,1790932512921091.477	,17.860,0.090000,0
7,aclnnMean_ReduceMeanAiCore_ReduceMean,N/A,N/A,1790932512921110.557	,21.481,1.140000,0
7,aclnnAdds_AddAiCore_Add,N/A,N/A,1790932512921133.018	,1.700,1.019000,0
7,aclnnRsqrt_RsqrtAiCore_Rsqrt,N/A,N/A,1790932512921134.738	,1.600,0.050000,0
7,aclnnMul_MulAiCore_Mul,N/A,N/A,1790932512921136.358	,21.360,0.000000,0
7,aclnnInplaceCopy_CastAiCore_Cast,N/A,N/A,1790932512921157.758	,10.861,0.140000,0
7,aclnnMul_MulAiCore_Mul,N/A,N/A,1790932512921168.639	,12.180,0.139000,0
7,aclnnMatmul_MatMulV3Common_MatMulV3,N/A,N/A,1790932512921180.859	,157.823,0.000000,0
7,aclnnInplaceCopy_SliceAiCore_Slice,N/A,N/A,1790932512921338.722	,11.220,0.177000,0
7,aclnnInplaceCopy_CastAiCore_Cast,N/A,N/A,1790932512921349.962	,19.321,0.030000,0
7,aclnnPowTensorScalar_PowsAiCore_Pows,N/A,N/A,1790932512921369.303	,26.280,0.000000,0
7,aclnnMean_ReduceMeanAiCore_ReduceMean,N/A,N/A,1790932512921397.063	,20.461,1.470000,0
7,aclnnAdds_AddAiCore_Add,N/A,N/A,1790932512921418.284	,5.700,0.789000,0
7,aclnnRsqrt_RsqrtAiCore_Rsqrt,N/A,N/A,1790932512921424.004	,6.600,0.050000,0
7,aclnnMul_MulAiCore_Mul,N/A,N/A,1790932512921430.644	,25.660,0.150000,0
7,aclnnInplaceCopy_CastAiCore_Cast,N/A,N/A,1790932512921456.324	,14.241,0.000000,0
7,aclnnMul_MulAiCore_Mul,N/A,N/A,1790932512921470.605	,12.420,0.009000,0
7,aclnnInplaceCopy_SliceAiCore_Slice,N/A,N/A,1790932512921483.045	,8.980,0.080000,0
7,aclnnInplaceCopy_CastAiCore_Cast,N/A,N/A,1790932512921492.045	,9.460,0.020000,0
7,aclnnPowTensorScalar_PowsAiCore_Pows,N/A,N/A,1790932512921503.505	,16.401,2.040000,0
7,aclnnMean_ReduceMeanAiCore_ReduceMean,N/A,N/A,1790932512921533.266	,13.400,13.349000,0
7,aclnnAdds_AddAiCore_Add,N/A,N/A,1790932512921572.407	,2.000,25.850000,0
7,aclnnRsqrt_RsqrtAiCore_Rsqrt,N/A,N/A,1790932512921601.787	,2.340,27.250000,0
7,aclnnMul_MulAiCore_Mul,N/A,N/A,1790932512921628.628	,17.440,24.660000,0
7,aclnnInplaceCopy_CastAiCore_Cast,N/A,N/A,1790932512921685.029	,9.260,38.810000,0
7,aclnnMul_MulAiCore_Mul,N/A,N/A,1790932512921711.929	,9.101,17.740000,0
7,aclnnMul_TransposeAiCore_Transpose,N/A,N/A,1790932512921808.131	,33.461,87.149000,0
7,aclnnMul_MulAiCore_Mul,N/A,N/A,1790932512921841.612	,17.360,0.000000,0
7,aclnnNeg_AsStridedAiCore_AsStrided,N/A,N/A,1790932512921881.393	,13.340,22.640000,0
7,aclnnNeg_NegAiCore_Neg,N/A,N/A,1790932512921894.753	,8.720,0.000000,0
7,aclnnCat_AsStridedAiCore_AsStrided,N/A,N/A,1790932512921911.693	,13.081,8.280000,0
7,aclnnCat_ConcatD_ConcatD,N/A,N/A,1790932512921924.794	,16.300,0.000000,0
7,aclnnMul_MulAiCore_Mul,N/A,N/A,1790932512921942.234	,13.980,1.200000,0
7,aclnnAdd_AddAiCore_Add,N/A,N/A,1790932512921971.815	,12.900,15.520000,0
7,aclnnMul_TransposeAiCore_Transpose,N/A,N/A,1790932512922001.215	,21.801,16.600000,0
7,aclnnMul_MulAiCore_Mul,N/A,N/A,1790932512922023.036	,6.620,0.000000,0
7,aclnnNeg_AsStridedAiCore_AsStrided,N/A,N/A,1790932512922058.596	,9.121,28.880000,0
7,aclnnNeg_NegAiCore_Neg,N/A,N/A,1790932512922067.857	,8.180,0.129000,0
7,aclnnCat_AsStridedAiCore_AsStrided,N/A,N/A,1790932512922101.397	,9.120,25.570000,0
7,aclnnCat_ConcatD_ConcatD,N/A,N/A,1790932512922110.537	,7.081,0.000000,0
7,aclnnMul_MulAiCore_Mul,N/A,N/A,1790932512922128.578	,5.600,10.919000,0
7,aclnnAdd_AddAiCore_Add,N/A,N/A,1790932512922153.238	,8.520,19.150000,0
7,aclnnInplaceCopy_AsStridedAiCore_AsStrided,N/A,N/A,1790932512922218.520	,7.620,56.730000,0
7,InnerPromptFlashAttention_PromptFlashAttention_PromptFlashAttention,N/A,N/A,1790932512922571.147	,311.846,345.130000,0
7,aclnnInplaceCopy_TransposeAiCore_Transpose,N/A,N/A,1790932512922883.693	,31.601,0.654000,0
7,aclnnMatmul_MatMulV3Common_MatMulV3,N/A,N/A,1790932512922915.314	,115.902,0.000000,0
7,aclnnAdd_AddAiCore_Add,N/A,N/A,1790932512923031.236	,11.320,0.098000,0
7,aclnnInplaceCopy_CastAiCore_Cast,N/A,N/A,1790932512923042.596	,10.000,0.000000,0
7,aclnnPowTensorScalar_PowsAiCore_Pows,N/A,N/A,1790932512923052.636	,17.201,0.250000,0
7,aclnnMean_ReduceMeanAiCore_ReduceMean,N/A,N/A,1790932512923070.757	,20.120,0.799000,0
7,aclnnAdds_AddAiCore_Add,N/A,N/A,1790932512923091.997	,1.440,1.130000,0
7,aclnnRsqrt_RsqrtAiCore_Rsqrt,N/A,N/A,1790932512923093.457	,1.340,0.060000,0
7,aclnnMul_MulAiCore_Mul,N/A,N/A,1790932512923094.817	,22.641,0.000000,0
7,aclnnInplaceCopy_CastAiCore_Cast,N/A,N/A,1790932512923117.478	,10.920,0.109000,0
7,aclnnMul_MulAiCore_Mul,N/A,N/A,1790932512923128.418	,12.280,0.080000,0
7,aclnnMatmul_MatMulCommon_MatMulV2,N/A,N/A,1790932512923184.459	,471.009,43.720000,0
7,aclnnSilu_SliceAiCore_Slice,N/A,N/A,1790932512923655.488	,16.801,0.000000,0
7,aclnnSilu_SiluAiCore_Swish,N/A,N/A,1790932512923672.309	,33.880,0.000000,0
7,aclnnMul_SliceAiCore_Slice,N/A,N/A,1790932512923706.229	,13.121,0.120000,0
7,aclnnMul_MulAiCore_Mul,N/A,N/A,1790932512923719.370	,18.840,0.000000,0
7,aclnnMatmul_MatMulV3Common_MatMulV3,N/A,N/A,1790932512923738.250	,269.425,0.160000,0
7,aclnnAdd_AddAiCore_Add,N/A,N/A,1790932512924007.695	,15.521,0.075000,0
7,aclnnInplaceCopy_CastAiCore_Cast,N/A,N/A,1790932512924023.236	,10.400,0.000000,0
7,aclnnPowTensorScalar_PowsAiCore_Pows,N/A,N/A,1790932512924033.656	,17.320,0.100000,0
7,aclnnMean_ReduceMeanAiCore_ReduceMean,N/A,N/A,1790932512924052.356	,20.821,1.180000,0
7,aclnnAdds_AddAiCore_Add,N/A,N/A,1790932512924074.197	,1.540,1.179000,0
7,aclnnRsqrt_RsqrtAiCore_Rsqrt,N/A,N/A,1790932512924075.777	,1.400,0.000000,0
7,aclnnMul_MulAiCore_Mul,N/A,N/A,1790932512924077.197	,21.340,0.100000,0
7,aclnnInplaceCopy_CastAiCore_Cast,N/A,N/A,1790932512924098.557	,10.820,0.000000,0
7,aclnnMul_MulAiCore_Mul,N/A,N/A,1790932512924109.397	,12.481,0.180000,0
7,aclnnMatmul_MatMulV3Common_MatMulV3,N/A,N/A,1790932512924121.898	,161.803,0.019000,0
7,aclnnInplaceCopy_SliceAiCore_Slice,N/A,N/A,1790932512924283.721	,11.520,0.000000,0
7,aclnnInplaceCopy_CastAiCore_Cast,N/A,N/A,1790932512924295.261	,16.460,0.000000,0
7,aclnnPowTensorScalar_PowsAiCore_Pows,N/A,N/A,1790932512924311.741	,23.701,0.040000,0
7,aclnnMean_ReduceMeanAiCore_ReduceMean,N/A,N/A,1790932512924336.482	,20.720,1.049000,0
7,aclnnAdds_AddAiCore_Add,N/A,N/A,1790932512924358.322	,5.900,1.030000,0
7,aclnnRsqrt_RsqrtAiCore_Rsqrt,N/A,N/A,1790932512924364.242	,6.581,0.100000,0
7,aclnnMul_MulAiCore_Mul,N/A,N/A,1790932512924370.863	,25.680,0.000000,0
7,aclnnInplaceCopy_CastAiCore_Cast,N/A,N/A,1790932512924396.563	,14.200,0.070000,0
7,aclnnMul_MulAiCore_Mul,N/A,N/A,1790932512924410.783	,12.421,0.050000,0
7,aclnnInplaceCopy_SliceAiCore_Slice,N/A,N/A,1790932512924423.224	,9.360,0.079000,0
7,aclnnInplaceCopy_CastAiCore_Cast,N/A,N/A,1790932512924432.604	,9.460,0.000000,0
7,aclnnPowTensorScalar_PowsAiCore_Pows,N/A,N/A,1790932512924442.084	,15.980,0.040000,0
7,aclnnMean_ReduceMeanAiCore_ReduceMean,N/A,N/A,1790932512924459.544	,13.561,1.520000,0
7,aclnnAdds_AddAiCore_Add,N/A,N/A,1790932512924474.065	,2.240,0.939000,0
7,aclnnRsqrt_RsqrtAiCore_Rsqrt,N/A,N/A,1790932512924476.325	,2.360,0.010000,0
7,aclnnMul_MulAiCore_Mul,N/A,N/A,1790932512924493.425	,15.440,14.890000,0
7,aclnnInplaceCopy_CastAiCore_Cast,N/A,N/A,1790932512924545.246	,9.280,36.310000,0
7,aclnnMul_MulAiCore_Mul,N/A,N/A,1790932512924573.127	,9.180,18.720000,0
7,aclnnMul_TransposeAiCore_Transpose,N/A,N/A,1790932512924666.348	,34.661,83.820000,0
7,aclnnMul_MulAiCore_Mul,N/A,N/A,1790932512924701.049	,13.800,0.089000,0
7,aclnnNeg_AsStridedAiCore_AsStrided,N/A,N/A,1790932512924722.830	,16.440,7.950000,0
7,aclnnNeg_NegAiCore_Neg,N/A,N/A,1790932512924739.290	,8.560,0.060000,0
7,aclnnCat_AsStridedAiCore_AsStrided,N/A,N/A,1790932512924767.531	,12.200,19.690000,0
7,aclnnCat_ConcatD_ConcatD,N/A,N/A,1790932512924779.751	,11.860,0.050000,0
7,aclnnMul_MulAiCore_Mul,N/A,N/A,1790932512924795.391	,14.260,3.890000,0
7,aclnnAdd_AddAiCore_Add,N/A,N/A,1790932512924821.932	,12.800,12.240000,0
7,aclnnMul_TransposeAiCore_Transpose,N/A,N/A,1790932512924848.932	,22.001,14.200000,0
7,aclnnMul_MulAiCore_Mul,N/A,N/A,1790932512924870.953	,6.300,0.000000,0
7,aclnnNeg_AsStridedAiCore_AsStrided,N/A,N/A,1790932512924905.713	,9.380,28.450000,0
7,aclnnNeg_NegAiCore_Neg,N/A,N/A,1790932512924916.093	,8.381,0.870000,0
7,aclnnCat_AsStridedAiCore_AsStrided,N/A,N/A,1790932512924949.674	,9.720,25.369000,0
7,aclnnCat_ConcatD_ConcatD,N/A,N/A,1790932512924959.434	,6.720,0.030000,0
7,aclnnMul_MulAiCore_Mul,N/A,N/A,1790932512924977.655	,6.080,11.530000,0
7,aclnnAdd_AddAiCore_Add,N/A,N/A,1790932512925005.215	,8.580,21.420000,0
7,aclnnInplaceCopy_AsStridedAiCore_AsStrided,N/A,N/A,1790932512925071.837	,7.760,57.920000,0
7,InnerPromptFlashAttention_PromptFlashAttention_PromptFlashAttention,N/A,N/A,1790932512925419.344	,304.686,339.740000,0
7,aclnnInplaceCopy_TransposeAiCore_Transpose,N/A,N/A,1790932512925724.690	,31.960,0.814000,0
7,aclnnMatmul_MatMulV3Common_MatMulV3,N/A,N/A,1790932512925756.670	,115.983,0.040000,0
7,aclnnAdd_AddAiCore_Add,N/A,N/A,1790932512925872.673	,11.940,0.017000,0
7,aclnnInplaceCopy_CastAiCore_Cast,N/A,N/A,1790932512925884.633	,9.980,0.060000,0
7,aclnnPowTensorScalar_PowsAiCore_Pows,N/A,N/A,1790932512925894.633	,17.200,0.020000,0
7,aclnnMean_ReduceMeanAiCore_ReduceMean,N/A,N/A,1790932512925912.933	,20.261,1.050000,0
7,aclnnAdds_AddAiCore_Add,N/A,N/A,1790932512925934.174	,1.520,0.989000,0
7,aclnnRsqrt_RsqrtAiCore_Rsqrt,N/A,N/A,1790932512925935.734	,1.460,0.000000,0
7,aclnnMul_MulAiCore_Mul,N/A,N/A,1790932512925937.234	,21.940,0.040000,0
7,aclnnInplaceCopy_CastAiCore_Cast,N/A,N/A,1790932512925959.194	,10.961,0.060000,0
7,aclnnMul_MulAiCore_Mul,N/A,N/A,1790932512925970.195	,12.140,0.039000,0
7,aclnnMatmul_MatMulCommon_MatMulV2,N/A,N/A,1790932512926029.356	,471.109,46.860000,0
7,aclnnSilu_SliceAiCore_Slice,N/A,N/A,1790932512926500.485	,17.260,0.141000,0
7,aclnnSilu_SiluAiCore_Swish,N/A,N/A,1790932512926517.765	,33.561,0.000000,0
7,aclnnMul_SliceAiCore_Slice,N/A,N/A,1790932512926551.346	,13.120,0.000000,0
7,aclnnMul_MulAiCore_Mul,N/A,N/A,1790932512926564.486	,18.821,0.130000,0
7,aclnnMatmul_MatMulV3Common_MatMulV3,N/A,N/A,1790932512926583.327	,270.045,0.000000,0
7,aclnnAdd_AddAiCore_Add,N/A,N/A,1790932512926853.392	,15.660,0.205000,0
7,aclnnInplaceCopy_CastAiCore_Cast,N/A,N/A,1790932512926869.072	,10.101,0.000000,0
7,aclnnPowTensorScalar_PowsAiCore_Pows,N/A,N/A,1790932512926879.193	,17.680,0.149000,0
7,aclnnMean_ReduceMeanAiCore_ReduceMean,N/A,N/A,1790932512926898.113	,21.081,1.070000,0
7,aclnnAdds_AddAiCore_Add,N/A,N/A,1790932512926919.954	,1.600,0.919000,0
7,aclnnRsqrt_RsqrtAiCore_Rsqrt,N/A,N/A,1790932512926921.574	,1.320,0.000000,0
7,aclnnMul_MulAiCore_Mul,N/A,N/A,1790932512926922.934	,21.980,0.180000,0
7,aclnnInplaceCopy_CastAiCore_Cast,N/A,N/A,1790932512926944.934	,10.720,0.020000,0
7,aclnnMul_MulAiCore_Mul,N/A,N/A,1790932512926955.674	,12.120,0.030000,0
7,aclnnMatmul_MatMulV3Common_MatMulV3,N/A,N/A,1790932512926967.814	,157.444,0.000000,0
7,aclnnInplaceCopy_SliceAiCore_Slice,N/A,N/A,1790932512927125.278	,11.600,0.056000,0
7,aclnnInplaceCopy_CastAiCore_Cast,N/A,N/A,1790932512927136.898	,19.320,0.150000,0
7,aclnnPowTensorScalar_PowsAiCore_Pows,N/A,N/A,1790932512927156.238	,26.081,0.000000,0
7,aclnnMean_ReduceMeanAiCore_ReduceMean,N/A,N/A,1790932512927183.379	,20.280,1.169000,0
7,aclnnAdds_AddAiCore_Add,N/A,N/A,1790932512927204.619	,5.660,0.720000,0
7,aclnnRsqrt_RsqrtAiCore_Rsqrt,N/A,N/A,1790932512927210.299	,6.600,0.090000,0
7,aclnnMul_MulAiCore_Mul,N/A,N/A,1790932512927216.919	,26.021,0.150000,0
7,aclnnInplaceCopy_CastAiCore_Cast,N/A,N/A,1790932512927242.980	,13.760,0.000000,0
7,aclnnMul_MulAiCore_Mul,N/A,N/A,1790932512927256.780	,12.320,0.000000,0
7,aclnnInplaceCopy_SliceAiCore_Slice,N/A,N/A,1790932512927269.120	,9.361,0.000000,0
7,aclnnInplaceCopy_CastAiCore_Cast,N/A,N/A,1790932512927278.521	,9.380,0.139000,0
7,aclnnPowTensorScalar_PowsAiCore_Pows,N/A,N/A,1790932512927287.921	,15.840,0.120000,0
7,aclnnMean_ReduceMeanAiCore_ReduceMean,N/A,N/A,1790932512927304.801	,13.540,0.910000,0
7,aclnnAdds_AddAiCore_Add,N/A,N/A,1790932512927319.341	,2.201,0.960000,0
7,aclnnRsqrt_RsqrtAiCore_Rsqrt,N/A,N/A,1790932512927321.562	,2.920,0.049000,0
7,aclnnMul_MulAiCore_Mul,N/A,N/A,1790932512927332.162	,15.460,7.830000,0
7,aclnnInplaceCopy_CastAiCore_Cast,N/A,N/A,1790932512927392.543	,9.280,44.790000,0
7,aclnnMul_MulAiCore_Mul,N/A,N/A,1790932512927417.743	,9.401,15.970000,0
7,aclnnMul_TransposeAiCore_Transpose,N/A,N/A,1790932512927514.165	,35.261,87.099000,0
7,aclnnMul_MulAiCore_Mul,N/A,N/A,1790932512927549.466	,14.060,0.000000,0
7,aclnnNeg_AsStridedAiCore_AsStrided,N/A,N/A,1790932512927570.427	,14.260,6.940000,0
7,aclnnNeg_NegAiCore_Neg,N/A,N/A,1790932512927584.707	,8.540,0.000000,0
7,aclnnCat_AsStridedAiCore_AsStrided,N/A,N/A,1790932512927623.188	,12.680,29.960000,0
7,aclnnCat_ConcatD_ConcatD,N/A,N/A,1790932512927635.888	,11.740,0.070000,0
7,aclnnMul_MulAiCore_Mul,N/A,N/A,1790932512927647.648	,14.680,0.010000,0
7,aclnnAdd_AddAiCore_Add,N/A,N/A,1790932512927665.748	,12.841,3.320000,0
7,aclnnMul_TransposeAiCore_Transpose,N/A,N/A,1790932512927703.209	,22.121,24.659000,0
7,aclnnMul_MulAiCore_Mul,N/A,N/A,1790932512927725.370	,6.200,0.000000,0
7,aclnnNeg_AsStridedAiCore_AsStrided,N/A,N/A,1790932512927760.470	,9.420,29.050000,0
7,aclnnNeg_NegAiCore_Neg,N/A,N/A,1790932512927770.111	,8.260,0.080000,0
7,aclnnCat_AsStridedAiCore_AsStrided,N/A,N/A,1790932512927800.771	,9.520,22.490000,0
7,aclnnCat_ConcatD_ConcatD,N/A,N/A,1790932512927810.311	,6.820,0.000000,0
7,aclnnMul_MulAiCore_Mul,N/A,N/A,1790932512927827.912	,5.780,10.930000,0
7,aclnnAdd_AddAiCore_Add,N/A,N/A,1790932512927853.012	,8.560,19.220000,0
7,aclnnInplaceCopy_AsStridedAiCore_AsStrided,N/A,N/A,1790932512927921.494	,8.500,59.940000,0
7,InnerPromptFlashAttention_PromptFlashAttention_PromptFlashAttention,N/A,N/A,1790932512928263.080	,312.367,333.000000,0
7,aclnnInplaceCopy_TransposeAiCore_Transpose,N/A,N/A,1790932512928576.327	,31.240,0.883000,0
7,aclnnMatmul_MatMulV3Common_MatMulV3,N/A,N/A,1790932512928607.607	,115.343,0.010000,0
7,aclnnAdd_AddAiCore_Add,N/A,N/A,1790932512928722.970	,11.620,0.157000,0
7,aclnnInplaceCopy_CastAiCore_Cast,N/A,N/A,1790932512928734.610	,9.980,0.000000,0
7,aclnnPowTensorScalar_PowsAiCore_Pows,N/A,N/A,1790932512928744.610	,17.180,0.020000,0
7,aclnnMean_ReduceMeanAiCore_ReduceMean,N/A,N/A,1790932512928762.730	,20.281,1.070000,0
7,aclnnAdds_AddAiCore_Add,N/A,N/A,1790932512928783.971	,1.420,0.969000,0
7,aclnnRsqrt_RsqrtAiCore_Rsqrt,N/A,N/A,1790932512928785.431	,1.360,0.080000,0
7,aclnnMul_MulAiCore_Mul,N/A,N/A,1790932512928786.811	,22.400,0.000000,0
7,aclnnInplaceCopy_CastAiCore_Cast,N/A,N/A,1790932512928809.231	,10.840,0.100000,0
7,aclnnMul_MulAiCore_Mul,N/A,N/A,1790932512928820.091	,11.901,0.000000,0
7,aclnnMatmul_MatMulCommon_MatMulV2,N/A,N/A,1790932512928884.353	,469.409,52.349000,0
7,aclnnSilu_SliceAiCore_Slice,N/A,N/A,1790932512929353.802	,17.060,0.091000,0
7,aclnnSilu_SiluAiCore_Swish,N/A,N/A,1790932512929370.882	,33.641,0.190000,0
7,aclnnMul_SliceAiCore_Slice,N/A,N/A,1790932512929404.543	,12.740,0.000000,0
7,aclnnMul_MulAiCore_Mul,N/A,N/A,1790932512929417.323	,18.821,0.010000,0
7,aclnnMatmul_MatMulV3Common_MatMulV3,N/A,N/A,1790932512929436.164	,268.205,0.179000,0
7,aclnnAdd_AddAiCore_Add,N/A,N/A,1790932512929704.389	,15.600,0.045000,0
7,aclnnInplaceCopy_CastAiCore_Cast,N/A,N/A,1790932512929720.009	,10.241,0.000000,0
7,aclnnPowTensorScalar_PowsAiCore_Pows,N/A,N/A,1790932512929730.270	,17.760,0.009000,0
7,aclnnMean_ReduceMeanAiCore_ReduceMean,N/A,N/A,1790932512929749.230	,21.720,1.240000,0
7,aclnnAdds_AddAiCore_Add,N/A,N/A,1790932512929771.670	,1.501,0.780000,0
7,aclnnRsqrt_RsqrtAiCore_Rsqrt,N/A,N/A,1790932512929773.191	,1.340,0.000000,0
7,aclnnMul_MulAiCore_Mul,N/A,N/A,1790932512929774.551	,21.380,0.000000,0
7,aclnnInplaceCopy_CastAiCore_Cast,N/A,N/A,1790932512929795.951	,10.760,0.120000,0
7,aclnnMul_MulAiCore_Mul,N/A,N/A,1790932512929806.731	,11.980,0.000000,0
7,aclnnMatmul_MatMulV3Common_MatMulV3,N/A,N/A,1790932512929818.731	,161.304,0.020000,0
7,aclnnInplaceCopy_SliceAiCore_Slice,N/A,N/A,1790932512929980.055	,11.260,0.000000,0
7,aclnnInplaceCopy_CastAiCore_Cast,N/A,N/A,1790932512929991.335	,16.460,0.000000,0
7,aclnnPowTensorScalar_PowsAiCore_Pows,N/A,N/A,1790932512930007.815	,23.321,0.040000,0
7,aclnnMean_ReduceMeanAiCore_ReduceMean,N/A,N/A,1790932512930032.136	,20.520,1.179000,0
7,aclnnAdds_AddAiCore_Add,N/A,N/A,1790932512930053.376	,5.660,0.730000,0
7,aclnnRsqrt_RsqrtAiCore_Rsqrt,N/A,N/A,1790932512930059.076	,6.640,0.000000,0
7,aclnnMul_MulAiCore_Mul,N/A,N/A,1790932512930065.736	,25.841,0.110000,0
7,aclnnInplaceCopy_CastAiCore_Cast,N/A,N/A,1790932512930091.597	,16.720,0.000000,0
7,aclnnMul_MulAiCore_Mul,N/A,N/A,1790932512930108.337	,12.400,0.030000,0
7,aclnnInplaceCopy_SliceAiCore_Slice,N/A,N/A,1790932512930120.757	,9.121,0.100000,0
7,aclnnInplaceCopy_CastAiCore_Cast,N/A,N/A,1790932512930129.898	,9.500,0.129000,0
7,aclnnPowTensorScalar_PowsAiCore_Pows,N/A,N/A,1790932512930139.418	,15.900,0.000000,0
7,aclnnMean_ReduceMeanAiCore_ReduceMean,N/A,N/A,1790932512930156.318	,13.520,0.850000,0
7,aclnnAdds_AddAiCore_Add,N/A,N/A,1790932512930173.259	,2.360,3.480000,0
7,aclnnRsqrt_RsqrtAiCore_Rsqrt,N/A,N/A,1790932512930200.399	,2.440,24.890000,0
7,aclnnMul_MulAiCore_Mul,N/A,N/A,1790932512930227.160	,15.940,24.310000,0
7,aclnnInplaceCopy_CastAiCore_Cast,N/A,N/A,1790932512930280.701	,9.400,37.560000,0
7,aclnnMul_MulAiCore_Mul,N/A,N/A,1790932512930306.701	,9.100,16.600000,0
7,aclnnMul_TransposeAiCore_Transpose,N/A,N/A,1790932512930400.563	,35.061,84.650000,0
7,aclnnMul_MulAiCore_Mul,N/A,N/A,1790932512930435.644	,13.900,0.189000,0
7,aclnnNeg_AsStridedAiCore_AsStrided,N/A,N/A,1790932512930457.804	,13.600,8.100000,0
7,aclnnNeg_NegAiCore_Neg,N/A,N/A,1790932512930471.424	,8.461,0.150000,0
7,aclnnCat_AsStridedAiCore_AsStrided,N/A,N/A,1790932512930503.965	,12.860,24.039000,0
7,aclnnCat_ConcatD_ConcatD,N/A,N/A,1790932512930516.865	,11.861,0.000000,0
7,aclnnMul_MulAiCore_Mul,N/A,N/A,1790932512930531.286	,14.440,2.639000,0
7,aclnnAdd_AddAiCore_Add,N/A,N/A,1790932512930558.166	,12.820,12.560000,0
7,aclnnMul_TransposeAiCore_Transpose,N/A,N/A,1790932512930584.647	,22.280,13.680000,0
7,aclnnMul_MulAiCore_Mul,N/A,N/A,1790932512930606.947	,6.360,0.000000,0
7,aclnnNeg_AsStridedAiCore_AsStrided,N/A,N/A,1790932512930641.488	,9.500,28.140000,0
7,aclnnNeg_NegAiCore_Neg,N/A,N/A,1790932512930651.008	,8.160,0.000000,0
7,aclnnCat_AsStridedAiCore_AsStrided,N/A,N/A,1790932512930681.889	,9.240,22.840000,0
7,aclnnCat_ConcatD_ConcatD,N/A,N/A,1790932512930691.149	,6.820,0.010000,0
7,aclnnMul_MulAiCore_Mul,N/A,N/A,1790932512930708.849	,6.220,10.680000,0
7,aclnnAdd_AddAiCore_Add,N/A,N/A,1790932512930725.210	,8.600,10.280000,0
7,aclnnInplaceCopy_AsStridedAiCore_AsStrided,N/A,N/A,1790932512930801.511	,7.580,67.650000,0
7,InnerPromptFlashAttention_PromptFlashAttention_PromptFlashAttention,N/A,N/A,1790932512931144.658	,308.866,335.670000,0
7,aclnnInplaceCopy_TransposeAiCore_Transpose,N/A,N/A,1790932512931454.684	,31.081,1.134000,0
7,aclnnMatmul_MatMulV3Common_MatMulV3,N/A,N/A,1790932512931485.785	,115.402,0.000000,0
7,aclnnAdd_AddAiCore_Add,N/A,N/A,1790932512931601.207	,11.880,0.098000,0
7,aclnnInplaceCopy_CastAiCore_Cast,N/A,N/A,1790932512931613.107	,9.940,0.000000,0
7,aclnnPowTensorScalar_PowsAiCore_Pows,N/A,N/A,1790932512931623.067	,17.321,0.060000,0
7,aclnnMean_ReduceMeanAiCore_ReduceMean,N/A,N/A,1790932512931641.648	,20.160,1.429000,0
7,aclnnAdds_AddAiCore_Add,N/A,N/A,1790932512931662.868	,1.420,0.840000,0
7,aclnnRsqrt_RsqrtAiCore_Rsqrt,N/A,N/A,1790932512931664.308	,1.340,0.080000,0
7,aclnnMul_MulAiCore_Mul,N/A,N/A,1790932512931665.668	,22.181,0.160000,0
7,aclnnInplaceCopy_CastAiCore_Cast,N/A,N/A,1790932512931687.889	,11.020,0.069000,0
7,aclnnMul_MulAiCore_Mul,N/A,N/A,1790932512931698.929	,12.180,0.000000,0
7,aclnnMatmul_MatMulCommon_MatMulV2,N/A,N/A,1790932512931765.150	,466.850,54.070000,0
7,aclnnSilu_SliceAiCore_Slice,N/A,N/A,1790932512932232.020	,17.720,0.000000,0
7,aclnnSilu_SiluAiCore_Swish,N/A,N/A,1790932512932249.780	,33.761,0.030000,0
7,aclnnMul_SliceAiCore_Slice,N/A,N/A,1790932512932283.561	,13.180,0.000000,0
7,aclnnMul_MulAiCore_Mul,N/A,N/A,1790932512932296.761	,19.220,0.070000,0
7,aclnnMatmul_MatMulV3Common_MatMulV3,N/A,N/A,1790932512932316.001	,266.766,0.030000,0
7,aclnnAdd_AddAiCore_Add,N/A,N/A,1790932512932582.787	,15.360,0.000000,0
7,aclnnInplaceCopy_CastAiCore_Cast,N/A,N/A,1790932512932598.167	,10.080,0.140000,0
7,aclnnPowTensorScalar_PowsAiCore_Pows,N/A,N/A,1790932512932608.267	,17.881,0.000000,0
7,aclnnMean_ReduceMeanAiCore_ReduceMean,N/A,N/A,1790932512932627.068	,20.920,0.869000,0
7,aclnnAdds_AddAiCore_Add,N/A,N/A,1790932512932648.888	,1.460,1.080000,0
7,aclnnRsqrt_RsqrtAiCore_Rsqrt,N/A,N/A,1790932512932650.368	,1.320,0.000000,0
7,aclnnMul_MulAiCore_Mul,N/A,N/A,1790932512932651.708	,20.920,0.180000,0
7,aclnnInplaceCopy_CastAiCore_Cast,N/A,N/A,1790932512932672.668	,10.821,0.080000,0
7,aclnnMul_MulAiCore_Mul,N/A,N/A,1790932512932683.509	,12.220,0.000000,0
7,aclnnMatmul_MatMulV3Common_MatMulV3,N/A,N/A,1790932512932695.769	,157.823,0.030000,0
7,aclnnInplaceCopy_SliceAiCore_Slice,N/A,N/A,1790932512932853.612	,11.320,0.000000,0
7,aclnnInplaceCopy_CastAiCore_Cast,N/A,N/A,1790932512932864.952	,18.621,0.180000,0
7,aclnnPowTensorScalar_PowsAiCore_Pows,N/A,N/A,1790932512932883.593	,26.340,0.000000,0
7,aclnnMean_ReduceMeanAiCore_ReduceMean,N/A,N/A,1790932512932911.153	,20.501,1.410000,0
7,aclnnAdds_AddAiCore_Add,N/A,N/A,1790932512932932.374	,5.700,0.499000,0
7,aclnnRsqrt_RsqrtAiCore_Rsqrt,N/A,N/A,1790932512932938.094	,10.020,0.050000,0
7,aclnnMul_MulAiCore_Mul,N/A,N/A,1790932512932948.134	,25.360,0.230000,0
7,aclnnInplaceCopy_CastAiCore_Cast,N/A,N/A,1790932512932973.514	,13.801,0.000000,0
7,aclnnMul_MulAiCore_Mul,N/A,N/A,1790932512932987.335	,12.360,0.000000,0
7,aclnnInplaceCopy_SliceAiCore_Slice,N/A,N/A,1790932512932999.715	,9.160,0.140000,0
7,aclnnInplaceCopy_CastAiCore_Cast,N/A,N/A,1790932512933008.895	,9.340,0.090000,0
7,aclnnPowTensorScalar_PowsAiCore_Pows,N/A,N/A,1790932512933018.255	,15.741,0.000000,0
7,aclnnMean_ReduceMeanAiCore_ReduceMean,N/A,N/A,1790932512933035.336	,13.600,1.259000,0
7,aclnnAdds_AddAiCore_Add,N/A,N/A,1790932512933050.776	,2.040,1.900000,0
7,aclnnRsqrt_RsqrtAiCore_Rsqrt,N/A,N/A,1790932512933066.116	,2.480,13.210000,0
7,aclnnMul_MulAiCore_Mul,N/A,N/A,1790932512933104.037	,15.400,35.520000,0
7,aclnnInplaceCopy_CastAiCore_Cast,N/A,N/A,1790932512933156.518	,9.240,37.100000,0
7,aclnnMul_MulAiCore_Mul,N/A,N/A,1790932512933180.579	,9.280,14.760000,0
7,aclnnMul_TransposeAiCore_Transpose,N/A,N/A,1790932512933276.241	,32.160,86.470000,0
7,aclnnMul_MulAiCore_Mul,N/A,N/A,1790932512933308.441	,18.421,0.090000,0
7,aclnnNeg_AsStridedAiCore_AsStrided,N/A,N/A,1790932512933332.942	,12.940,6.079000,0
7,aclnnNeg_NegAiCore_Neg,N/A,N/A,1790932512933345.902	,8.460,0.060000,0
7,aclnnCat_AsStridedAiCore_AsStrided,N/A,N/A,1790932512933380.923	,12.600,26.540000,0
7,aclnnCat_ConcatD_ConcatD,N/A,N/A,1790932512933393.543	,11.780,0.000000,0
7,aclnnMul_MulAiCore_Mul,N/A,N/A,1790932512933410.343	,14.320,4.970000,0
7,aclnnAdd_AddAiCore_Add,N/A,N/A,1790932512933437.084	,12.640,12.430000,0
7,aclnnMul_TransposeAiCore_Transpose,N/A,N/A,1790932512933464.844	,22.021,15.110000,0
7,aclnnMul_MulAiCore_Mul,N/A,N/A,1790932512933486.885	,6.600,0.229000,0
7,aclnnNeg_AsStridedAiCore_AsStrided,N/A,N/A,1790932512933522.365	,9.381,28.650000,0
7,aclnnNeg_NegAiCore_Neg,N/A,N/A,1790932512933531.766	,8.120,0.119000,0
7,aclnnCat_AsStridedAiCore_AsStrided,N/A,N/A,1790932512933561.606	,8.900,21.630000,0
7,aclnnCat_ConcatD_ConcatD,N/A,N/A,1790932512933570.526	,10.781,0.100000,0
7,aclnnMul_MulAiCore_Mul,N/A,N/A,1790932512933588.967	,5.580,7.719000,0
7,aclnnAdd_AddAiCore_Add,N/A,N/A,1790932512933617.427	,8.701,22.920000,0
7,aclnnInplaceCopy_AsStridedAiCore_AsStrided,N/A,N/A,1790932512933674.588	,8.581,48.299000,0
7,InnerPromptFlashAttention_PromptFlashAttention_PromptFlashAttention,N/A,N/A,1790932512934029.276	,303.086,346.169000,0
7,aclnnInplaceCopy_TransposeAiCore_Transpose,N/A,N/A,1790932512934333.162	,31.400,0.914000,0
7,aclnnMatmul_MatMulV3Common_MatMulV3,N/A,N/A,1790932512934364.582	,117.363,0.000000,0
7,aclnnAdd_AddAiCore_Add,N/A,N/A,1790932512934481.965	,10.800,0.137000,0
7,aclnnInplaceCopy_CastAiCore_Cast,N/A,N/A,1790932512934492.785	,11.960,0.000000,0
7,aclnnPowTensorScalar_PowsAiCore_Pows,N/A,N/A,1790932512934504.785	,17.340,0.040000,0
7,aclnnMean_ReduceMeanAiCore_ReduceMean,N/A,N/A,1790932512934523.165	,20.381,1.160000,0
7,aclnnAdds_AddAiCore_Add,N/A,N/A,1790932512934544.406	,1.420,0.869000,0
7,aclnnRsqrt_RsqrtAiCore_Rsqrt,N/A,N/A,1790932512934545.846	,1.320,0.000000,0
7,aclnnMul_MulAiCore_Mul,N/A,N/A,1790932512934547.186	,22.280,0.180000,0
7,aclnnInplaceCopy_CastAiCore_Cast,N/A,N/A,1790932512934569.486	,11.001,0.000000,0
7,aclnnMul_MulAiCore_Mul,N/A,N/A,1790932512934580.507	,12.020,0.000000,0
7,aclnnMatmul_MatMulCommon_MatMulV2,N/A,N/A,1790932512934643.028	,467.149,50.480000,0
7,aclnnSilu_SliceAiCore_Slice,N/A,N/A,1790932512935110.197	,18.801,0.101000,0
7,aclnnSilu_SiluAiCore_Swish,N/A,N/A,1790932512935129.018	,33.800,0.000000,0
7,aclnnMul_SliceAiCore_Slice,N/A,N/A,1790932512935162.838	,13.020,0.000000,0
7,aclnnMul_MulAiCore_Mul,N/A,N/A,1790932512935175.878	,19.121,0.230000,0
7,aclnnMatmul_MatMulV3Common_MatMulV3,N/A,N/A,1790932512935195.019	,268.725,0.000000,0
7,aclnnAdd_AddAiCore_Add,N/A,N/A,1790932512935463.764	,15.661,0.025000,0
7,aclnnInplaceCopy_CastAiCore_Cast,N/A,N/A,1790932512935479.445	,10.420,0.089000,0
7,aclnnPowTensorScalar_PowsAiCore_Pows,N/A,N/A,1790932512935489.885	,17.400,0.080000,0
7,aclnnMean_ReduceMeanAiCore_ReduceMean,N/A,N/A,1790932512935508.205	,21.121,0.850000,0
7,aclnnAdds_AddAiCore_Add,N/A,N/A,1790932512935530.046	,1.620,0.629000,0
7,aclnnRsqrt_RsqrtAiCore_Rsqrt,N/A,N/A,1790932512935531.686	,1.520,0.130000,0
7,aclnnMul_MulAiCore_Mul,N/A,N/A,1790932512935533.226	,21.240,0.000000,0
7,aclnnInplaceCopy_CastAiCore_Cast,N/A,N/A,1790932512935554.486	,10.780,0.010000,0
7,aclnnMul_MulAiCore_Mul,N/A,N/A,1790932512935565.286	,12.000,0.000000,0
7,aclnnMatmul_MatMulV3Common_MatMulV3,N/A,N/A,1790932512935577.306	,163.644,0.000000,0
7,aclnnInplaceCopy_SliceAiCore_Slice,N/A,N/A,1790932512935740.990	,11.240,0.106000,0
7,aclnnInplaceCopy_CastAiCore_Cast,N/A,N/A,1790932512935752.250	,14.880,0.010000,0
7,aclnnPowTensorScalar_PowsAiCore_Pows,N/A,N/A,1790932512935767.170	,23.681,0.120000,0
7,aclnnMean_ReduceMeanAiCore_ReduceMean,N/A,N/A,1790932512935792.031	,20.440,1.069000,0
7,aclnnAdds_AddAiCore_Add,N/A,N/A,1790932512935813.251	,5.840,0.810000,0
7,aclnnRsqrt_RsqrtAiCore_Rsqrt,N/A,N/A,1790932512935819.111	,6.620,0.000000,0
7,aclnnMul_MulAiCore_Mul,N/A,N/A,1790932512935825.751	,25.801,0.130000,0
7,aclnnInplaceCopy_CastAiCore_Cast,N/A,N/A,1790932512935851.572	,14.140,0.000000,0
7,aclnnMul_MulAiCore_Mul,N/A,N/A,1790932512935865.732	,12.080,0.110000,0
7,aclnnInplaceCopy_SliceAiCore_Slice,N/A,N/A,1790932512935877.832	,9.241,0.000000,0
7,aclnnInplaceCopy_CastAiCore_Cast,N/A,N/A,1790932512935887.093	,9.400,0.009000,0
7,aclnnPowTensorScalar_PowsAiCore_Pows,N/A,N/A,1790932512935896.513	,16.020,0.100000,0
7,aclnnMean_ReduceMeanAiCore_ReduceMean,N/A,N/A,1790932512935913.833	,13.820,1.230000,0
7,aclnnAdds_AddAiCore_Add,N/A,N/A,1790932512935928.374	,2.060,0.680000,0
7,aclnnRsqrt_RsqrtAiCore_Rsqrt,N/A,N/A,1790932512935930.454	,2.360,0.190000,0
7,aclnnMul_MulAiCore_Mul,N/A,N/A,1790932512935939.974	,16.100,7.140000,0
7,aclnnInplaceCopy_CastAiCore_Cast,N/A,N/A,1790932512935995.875	,9.280,39.900000,0
7,aclnnMul_MulAiCore_Mul,N/A,N/A,1790932512936022.635	,9.161,17.470000,0
7,aclnnMul_TransposeAiCore_Transpose,N/A,N/A,1790932512936118.237	,34.641,86.339000,0
7,aclnnMul_MulAiCore_Mul,N/A,N/A,1790932512936152.898	,14.120,0.109000,0
7,aclnnNeg_AsStridedAiCore_AsStrided,N/A,N/A,1790932512936185.519	,15.880,18.380000,0
7,aclnnNeg_NegAiCore_Neg,N/A,N/A,1790932512936201.419	,8.540,0.120000,0
7,aclnnCat_AsStridedAiCore_AsStrided,N/A,N/A,1790932512936215.779	,12.320,5.710000,0
7,aclnnCat_ConcatD_ConcatD,N/A,N/A,1790932512936228.119	,11.921,0.000000,0
7,aclnnMul_MulAiCore_Mul,N/A,N/A,1790932512936242.940	,13.880,3.079000,0
7,aclnnAdd_AddAiCore_Add,N/A,N/A,1790932512936286.781	,12.800,29.870000,0
7,aclnnMul_TransposeAiCore_Transpose,N/A,N/A,1790932512936302.821	,21.600,3.200000,0
7,aclnnMul_MulAiCore_Mul,N/A,N/A,1790932512936324.441	,6.221,0.150000,0
7,aclnnNeg_AsStridedAiCore_AsStrided,N/A,N/A,1790932512936378.022	,8.941,47.279000,0
7,aclnnNeg_NegAiCore_Neg,N/A,N/A,1790932512936386.983	,8.220,0.059000,0
7,aclnnCat_AsStridedAiCore_AsStrided,N/A,N/A,1790932512936408.303	,9.480,13.030000,0
7,aclnnCat_ConcatD_ConcatD,N/A,N/A,1790932512936418.403	,6.660,0.770000,0
7,aclnnMul_MulAiCore_Mul,N/A,N/A,1790932512936442.924	,6.780,17.840000,0
7,aclnnAdd_AddAiCore_Add,N/A,N/A,1790932512936472.864	,8.541,22.970000,0
7,aclnnInplaceCopy_AsStridedAiCore_AsStrided,N/A,N/A,1790932512936539.386	,7.840,58.209000,0
7,InnerPromptFlashAttention_PromptFlashAttention_PromptFlashAttention,N/A,N/A,1790932512936886.273	,307.026,338.910000,0
7,aclnnInplaceCopy_TransposeAiCore_Transpose,N/A,N/A,1790932512937194.419	,32.260,1.224000,0
7,aclnnMatmul_MatMulV3Common_MatMulV3,N/A,N/A,1790932512937226.699	,116.543,0.000000,0
7,aclnnAdd_AddAiCore_Add,N/A,N/A,1790932512937343.262	,11.440,0.000000,0
7,aclnnInplaceCopy_CastAiCore_Cast,N/A,N/A,1790932512937354.722	,10.020,0.060000,0
7,aclnnPowTensorScalar_PowsAiCore_Pows,N/A,N/A,1790932512937364.762	,20.361,0.000000,0
7,aclnnMean_ReduceMeanAiCore_ReduceMean,N/A,N/A,1790932512937386.283	,19.900,1.139000,0
7,aclnnAdds_AddAiCore_Add,N/A,N/A,1790932512937406.923	,1.360,0.850000,0
7,aclnnRsqrt_RsqrtAiCore_Rsqrt,N/A,N/A,1790932512937408.303	,1.480,0.000000,0
7,aclnnMul_MulAiCore_Mul,N/A,N/A,1790932512937409.803	,21.981,0.020000,0
7,aclnnInplaceCopy_CastAiCore_Cast,N/A,N/A,1790932512937431.804	,10.820,0.019000,0
7,aclnnMul_MulAiCore_Mul,N/A,N/A,1790932512937442.644	,12.180,0.180000,0
7,aclnnMatmul_MatMulCommon_MatMulV2,N/A,N/A,1790932512937496.925	,467.729,42.070000,0
7,aclnnSilu_SliceAiCore_Slice,N/A,N/A,1790932512937964.674	,18.241,0.021000,0
7,aclnnSilu_SiluAiCore_Swish,N/A,N/A,1790932512937982.955	,33.740,0.009000,0
7,aclnnMul_SliceAiCore_Slice,N/A,N/A,1790932512938016.715	,12.620,0.010000,0
7,aclnnMul_MulAiCore_Mul,N/A,N/A,1790932512938029.355	,19.201,0.000000,0
7,aclnnMatmul_MatMulV3Common_MatMulV3,N/A,N/A,1790932512938048.596	,271.925,0.049000,0
7,aclnnAdd_AddAiCore_Add,N/A,N/A,1790932512938320.541	,15.521,0.075000,0
7,aclnnInplaceCopy_CastAiCore_Cast,N/A,N/A,1790932512938336.102	,10.060,0.000000,0
7,aclnnPowTensorScalar_PowsAiCore_Pows,N/A,N/A,1790932512938346.182	,18.040,0.190000,0
7,aclnnMean_ReduceMeanAiCore_ReduceMean,N/A,N/A,1790932512938365.522	,21.081,1.210000,0
7,aclnnAdds_AddAiCore_Add,N/A,N/A,1790932512938387.363	,1.580,0.669000,0
7,aclnnRsqrt_RsqrtAiCore_Rsqrt,N/A,N/A,1790932512938388.963	,1.360,0.170000,0
7,aclnnMul_MulAiCore_Mul,N/A,N/A,1790932512938390.343	,21.620,0.000000,0
7,aclnnInplaceCopy_CastAiCore_Cast,N/A,N/A,1790932512938411.983	,10.860,0.130000,0
7,aclnnMul_MulAiCore_Mul,N/A,N/A,1790932512938422.863	,12.001,0.000000,0
7,aclnnMatmul_MatMulV3Common_MatMulV3,N/A,N/A,1790932512938434.884	,159.063,0.249000,0
7,aclnnInplaceCopy_SliceAiCore_Slice,N/A,N/A,1790932512938593.987	,11.240,0.000000,0
7,aclnnInplaceCopy_CastAiCore_Cast,N/A,N/A,1790932512938605.247	,17.480,0.010000,0
7,aclnnPowTensorScalar_PowsAiCore_Pows,N/A,N/A,1790932512938622.747	,25.901,0.020000,0
7,aclnnMean_ReduceMeanAiCore_ReduceMean,N/A,N/A,1790932512938649.628	,20.720,1.099000,0
7,aclnnAdds_AddAiCore_Add,N/A,N/A,1790932512938671.488	,5.680,1.030000,0
7,aclnnRsqrt_RsqrtAiCore_Rsqrt,N/A,N/A,1790932512938677.208	,6.621,0.070000,0
7,aclnnMul_MulAiCore_Mul,N/A,N/A,1790932512938683.849	,25.660,0.000000,0
7,aclnnInplaceCopy_CastAiCore_Cast,N/A,N/A,1790932512938709.529	,14.060,0.090000,0
7,aclnnMul_MulAiCore_Mul,N/A,N/A,1790932512938723.629	,12.741,0.190000,0
7,aclnnInplaceCopy_SliceAiCore_Slice,N/A,N/A,1790932512938736.390	,9.120,0.009000,0
7,aclnnInplaceCopy_CastAiCore_Cast,N/A,N/A,1790932512938745.530	,9.380,0.000000,0
7,aclnnPowTensorScalar_PowsAiCore_Pows,N/A,N/A,1790932512938754.930	,15.720,0.120000,0
7,aclnnMean_ReduceMeanAiCore_ReduceMean,N/A,N/A,1790932512938771.630	,13.661,1.030000,0
7,aclnnAdds_AddAiCore_Add,N/A,N/A,1790932512938786.191	,2.340,0.839000,0
7,aclnnRsqrt_RsqrtAiCore_Rsqrt,N/A,N/A,1790932512938790.631	,2.380,2.160000,0
7,aclnnMul_MulAiCore_Mul,N/A,N/A,1790932512938814.911	,15.520,21.870000,0
7,aclnnInplaceCopy_CastAiCore_Cast,N/A,N/A,1790932512938867.032	,9.220,36.480000,0
7,aclnnMul_MulAiCore_Mul,N/A,N/A,1790932512938881.893	,9.080,5.780000,0
7,aclnnMul_TransposeAiCore_Transpose,N/A,N/A,1790932512938983.175	,33.580,92.170000,0
7,aclnnMul_MulAiCore_Mul,N/A,N/A,1790932512939016.775	,14.020,0.000000,0
7,aclnnNeg_AsStridedAiCore_AsStrided,N/A,N/A,1790932512939050.256	,13.400,19.480000,0
7,aclnnNeg_NegAiCore_Neg,N/A,N/A,1790932512939063.696	,9.420,0.100000,0
7,aclnnCat_AsStridedAiCore_AsStrided,N/A,N/A,1790932512939080.676	,12.681,7.580000,0
7,aclnnCat_ConcatD_ConcatD,N/A,N/A,1790932512939093.377	,11.540,0.069000,0
7,aclnnMul_MulAiCore_Mul,N/A,N/A,1790932512939115.117	,13.840,9.960000,0
7,aclnnAdd_AddAiCore_Add,N/A,N/A,1790932512939143.718	,12.780,14.910000,0
7,aclnnMul_TransposeAiCore_Transpose,N/A,N/A,1790932512939172.278	,21.181,15.720000,0
7,aclnnMul_MulAiCore_Mul,N/A,N/A,1790932512939193.479	,6.140,0.069000,0
7,aclnnNeg_AsStridedAiCore_AsStrided,N/A,N/A,1790932512939229.479	,9.001,29.860000,0
7,aclnnNeg_NegAiCore_Neg,N/A,N/A,1790932512939238.500	,8.120,0.000000,0
7,aclnnCat_AsStridedAiCore_AsStrided,N/A,N/A,1790932512939260.440	,9.180,13.880000,0
7,aclnnCat_ConcatD_ConcatD,N/A,N/A,1790932512939269.640	,6.740,0.070000,0
7,aclnnMul_MulAiCore_Mul,N/A,N/A,1790932512939277.720	,5.881,1.260000,0
7,aclnnAdd_AddAiCore_Add,N/A,N/A,1790932512939315.001	,11.440,31.369000,0
7,aclnnInplaceCopy_AsStridedAiCore_AsStrided,N/A,N/A,1790932512939381.542	,8.021,55.060000,0
7,InnerPromptFlashAttention_PromptFlashAttention_PromptFlashAttention,N/A,N/A,1790932512939726.609	,298.906,336.979000,0
7,aclnnInplaceCopy_TransposeAiCore_Transpose,N/A,N/A,1790932512940026.335	,31.901,0.844000,0
7,aclnnMatmul_MatMulV3Common_MatMulV3,N/A,N/A,1790932512940058.256	,115.702,0.099000,0
7,aclnnAdd_AddAiCore_Add,N/A,N/A,1790932512940173.978	,11.641,0.048000,0
7,aclnnInplaceCopy_CastAiCore_Cast,N/A,N/A,1790932512940185.639	,10.020,0.109000,0
7,aclnnPowTensorScalar_PowsAiCore_Pows,N/A,N/A,1790932512940195.679	,17.340,0.000000,0
7,aclnnMean_ReduceMeanAiCore_ReduceMean,N/A,N/A,1790932512940214.279	,20.081,1.160000,0
7,aclnnAdds_AddAiCore_Add,N/A,N/A,1790932512940235.540	,1.380,1.169000,0
7,aclnnRsqrt_RsqrtAiCore_Rsqrt,N/A,N/A,1790932512940236.940	,1.280,0.120000,0
7,aclnnMul_MulAiCore_Mul,N/A,N/A,1790932512940238.240	,22.440,0.000000,0
7,aclnnInplaceCopy_CastAiCore_Cast,N/A,N/A,1790932512940260.700	,10.880,0.060000,0
7,aclnnMul_MulAiCore_Mul,N/A,N/A,1790932512940271.620	,12.161,0.000000,0
7,aclnnMatmul_MatMulCommon_MatMulV2,N/A,N/A,1790932512940347.602	,468.349,63.839000,0
7,aclnnSilu_SliceAiCore_Slice,N/A,N/A,1790932512940815.971	,16.260,0.151000,0
7,aclnnSilu_SiluAiCore_Swish,N/A,N/A,1790932512940832.271	,33.501,0.000000,0
7,aclnnMul_SliceAiCore_Slice,N/A,N/A,1790932512940865.792	,13.460,0.000000,0
7,aclnnMul_MulAiCore_Mul,N/A,N/A,1790932512940879.272	,19.201,0.040000,0
7,aclnnMatmul_MatMulV3Common_MatMulV3,N/A,N/A,1790932512940898.493	,268.725,0.049000,0
7,aclnnAdd_AddAiCore_Add,N/A,N/A,1790932512941167.238	,15.780,0.025000,0
7,aclnnInplaceCopy_CastAiCore_Cast,N/A,N/A,1790932512941183.038	,10.421,0.000000,0
7,aclnnPowTensorScalar_PowsAiCore_Pows,N/A,N/A,1790932512941193.479	,17.580,0.079000,0
7,aclnnMean_ReduceMeanAiCore_ReduceMean,N/A,N/A,1790932512941212.219	,21.040,1.170000,0
7,aclnnAdds_AddAiCore_Add,N/A,N/A,1790932512941234.040	,1.420,0.710000,0
7,aclnnRsqrt_RsqrtAiCore_Rsqrt,N/A,N/A,1790932512941235.480	,1.540,0.080000,0
7,aclnnMul_MulAiCore_Mul,N/A,N/A,1790932512941237.040	,21.740,0.000000,0
7,aclnnInplaceCopy_CastAiCore_Cast,N/A,N/A,1790932512941258.800	,10.800,0.010000,0
7,aclnnMul_MulAiCore_Mul,N/A,N/A,1790932512941269.620	,12.000,0.000000,0
7,aclnnMatmul_MatMulV3Common_MatMulV3,N/A,N/A,1790932512941281.640	,160.224,0.250000,0
7,aclnnInplaceCopy_SliceAiCore_Slice,N/A,N/A,1790932512941441.884	,11.440,0.026000,0
7,aclnnInplaceCopy_CastAiCore_Cast,N/A,N/A,1790932512941453.344	,16.760,0.000000,0
7,aclnnPowTensorScalar_PowsAiCore_Pows,N/A,N/A,1790932512941470.124	,23.841,0.000000,0
7,aclnnMean_ReduceMeanAiCore_ReduceMean,N/A,N/A,1790932512941495.205	,20.480,1.409000,0
7,aclnnAdds_AddAiCore_Add,N/A,N/A,1790932512941516.425	,5.640,0.770000,0
7,aclnnRsqrt_RsqrtAiCore_Rsqrt,N/A,N/A,1790932512941522.085	,6.620,0.000000,0
7,aclnnMul_MulAiCore_Mul,N/A,N/A,1790932512941528.725	,25.581,0.130000,0
7,aclnnInplaceCopy_CastAiCore_Cast,N/A,N/A,1790932512941554.326	,14.120,0.000000,0
7,aclnnMul_MulAiCore_Mul,N/A,N/A,1790932512941568.486	,12.380,0.130000,0
7,aclnnInplaceCopy_SliceAiCore_Slice,N/A,N/A,1790932512941580.906	,9.181,0.120000,0
7,aclnnInplaceCopy_CastAiCore_Cast,N/A,N/A,1790932512941590.107	,9.600,0.000000,0
7,aclnnPowTensorScalar_PowsAiCore_Pows,N/A,N/A,1790932512941599.747	,16.200,0.150000,0
7,aclnnMean_ReduceMeanAiCore_ReduceMean,N/A,N/A,1790932512941617.067	,13.980,1.050000,0
7,aclnnAdds_AddAiCore_Add,N/A,N/A,1790932512941632.207	,2.341,1.270000,0
7,aclnnRsqrt_RsqrtAiCore_Rsqrt,N/A,N/A,1790932512941650.848	,2.400,16.159000,0
7,aclnnMul_MulAiCore_Mul,N/A,N/A,1790932512941666.888	,15.780,13.850000,0
7,aclnnInplaceCopy_CastAiCore_Cast,N/A,N/A,1790932512941730.049	,9.281,47.220000,0
7,aclnnMul_MulAiCore_Mul,N/A,N/A,1790932512941755.670	,9.220,16.469000,0
7,aclnnMul_TransposeAiCore_Transpose,N/A,N/A,1790932512941851.472	,32.180,86.530000,0
7,aclnnMul_MulAiCore_Mul,N/A,N/A,1790932512941883.672	,14.121,0.070000,0
7,aclnnNeg_AsStridedAiCore_AsStrided,N/A,N/A,1790932512941920.653	,13.981,22.879000,0
7,aclnnNeg_NegAiCore_Neg,N/A,N/A,1790932512941934.654	,8.480,0.019000,0
7,aclnnCat_AsStridedAiCore_AsStrided,N/A,N/A,1790932512941951.114	,13.040,7.770000,0
7,aclnnCat_ConcatD_ConcatD,N/A,N/A,1790932512941964.174	,11.880,0.210000,0
7,aclnnMul_MulAiCore_Mul,N/A,N/A,1790932512941979.014	,14.121,2.870000,0
7,aclnnAdd_AddAiCore_Add,N/A,N/A,1790932512942007.895	,12.860,14.879000,0
7,aclnnMul_TransposeAiCore_Transpose,N/A,N/A,1790932512942038.396	,22.580,17.640000,0
7,aclnnMul_MulAiCore_Mul,N/A,N/A,1790932512942060.996	,6.140,0.000000,0
7,aclnnNeg_AsStridedAiCore_AsStrided,N/A,N/A,1790932512942109.657	,9.320,42.610000,0
7,aclnnNeg_NegAiCore_Neg,N/A,N/A,1790932512942118.997	,8.240,0.000000,0
7,aclnnCat_AsStridedAiCore_AsStrided,N/A,N/A,1790932512942139.938	,9.180,12.760000,0
7,aclnnCat_ConcatD_ConcatD,N/A,N/A,1790932512942149.138	,6.840,0.070000,0
7,aclnnMul_MulAiCore_Mul,N/A,N/A,1790932512942168.238	,6.160,12.160000,0
7,aclnnAdd_AddAiCore_Add,N/A,N/A,1790932512942195.059	,8.560,20.590000,0
7,aclnnInplaceCopy_AsStridedAiCore_AsStrided,N/A,N/A,1790932512942250.920	,7.240,47.440000,0
7,InnerPromptFlashAttention_PromptFlashAttention_PromptFlashAttention,N/A,N/A,1790932512942604.347	,304.246,346.010000,0
7,aclnnInplaceCopy_TransposeAiCore_Transpose,N/A,N/A,1790932512942909.473	,31.701,1.004000,0
7,aclnnMatmul_MatMulV3Common_MatMulV3,N/A,N/A,1790932512942941.194	,116.102,0.049000,0
7,aclnnAdd_AddAiCore_Add,N/A,N/A,1790932512943057.316	,12.080,0.000000,0
7,aclnnInplaceCopy_CastAiCore_Cast,N/A,N/A,1790932512943069.436	,9.940,0.170000,0
7,aclnnPowTensorScalar_PowsAiCore_Pows,N/A,N/A,1790932512943079.396	,17.601,0.060000,0
7,aclnnMean_ReduceMeanAiCore_ReduceMean,N/A,N/A,1790932512943098.177	,20.140,1.149000,0
7,aclnnAdds_AddAiCore_Add,N/A,N/A,1790932512943119.417	,1.460,1.110000,0
7,aclnnRsqrt_RsqrtAiCore_Rsqrt,N/A,N/A,1790932512943120.897	,1.560,0.040000,0
7,aclnnMul_MulAiCore_Mul,N/A,N/A,1790932512943122.477	,22.061,0.000000,0
7,aclnnInplaceCopy_CastAiCore_Cast,N/A,N/A,1790932512943144.558	,11.120,0.000000,0
7,aclnnMul_MulAiCore_Mul,N/A,N/A,1790932512943155.698	,12.240,0.130000,0
7,aclnnMatmul_MatMulCommon_MatMulV2,N/A,N/A,1790932512943231.539	,466.890,63.510000,0
7,aclnnSilu_SliceAiCore_Slice,N/A,N/A,1790932512943698.449	,17.160,0.110000,0
7,aclnnSilu_SiluAiCore_Swish,N/A,N/A,1790932512943715.629	,33.501,0.090000,0
7,aclnnMul_SliceAiCore_Slice,N/A,N/A,1790932512943749.150	,13.040,0.000000,0
7,aclnnMul_MulAiCore_Mul,N/A,N/A,1790932512943762.210	,19.200,0.000000,0
7,aclnnMatmul_MatMulV3Common_MatMulV3,N/A,N/A,1790932512943781.430	,270.626,0.050000,0
7,aclnnAdd_AddAiCore_Add,N/A,N/A,1790932512944052.076	,15.860,0.000000,0
7,aclnnInplaceCopy_CastAiCore_Cast,N/A,N/A,1790932512944067.956	,10.080,0.140000,0
7,aclnnPowTensorScalar_PowsAiCore_Pows,N/A,N/A,1790932512944078.056	,17.381,0.000000,0
7,aclnnMean_ReduceMeanAiCore_ReduceMean,N/A,N/A,1790932512944096.357	,21.140,0.869000,0
7,aclnnAdds_AddAiCore_Add,N/A,N/A,1790932512944118.217	,1.480,0.860000,0
7,aclnnRsqrt_RsqrtAiCore_Rsqrt,N/A,N/A,1790932512944119.717	,1.300,0.020000,0
7,aclnnMul_MulAiCore_Mul,N/A,N/A,1790932512944121.037	,21.961,0.000000,0
7,aclnnInplaceCopy_CastAiCore_Cast,N/A,N/A,1790932512944143.018	,12.280,0.039000,0
7,aclnnMul_MulAiCore_Mul,N/A,N/A,1790932512944155.318	,11.720,0.000000,0
7,aclnnMatmul_MatMulV3Common_MatMulV3,N/A,N/A,1790932512944167.058	,159.103,0.030000,0
7,aclnnInplaceCopy_SliceAiCore_Slice,N/A,N/A,1790932512944326.181	,11.101,0.147000,0
7,aclnnInplaceCopy_CastAiCore_Cast,N/A,N/A,1790932512944337.302	,18.600,0.000000,0
7,aclnnPowTensorScalar_PowsAiCore_Pows,N/A,N/A,1790932512944355.922	,25.820,0.150000,0
7,aclnnMean_ReduceMeanAiCore_ReduceMean,N/A,N/A,1790932512944382.902	,20.641,1.180000,0
7,aclnnAdds_AddAiCore_Add,N/A,N/A,1790932512944404.703	,5.680,1.109000,0
7,aclnnRsqrt_RsqrtAiCore_Rsqrt,N/A,N/A,1790932512944410.403	,6.660,0.070000,0
7,aclnnMul_MulAiCore_Mul,N/A,N/A,1790932512944417.083	,25.381,0.000000,0
7,aclnnInplaceCopy_CastAiCore_Cast,N/A,N/A,1790932512944442.484	,13.960,0.119000,0
7,aclnnMul_MulAiCore_Mul,N/A,N/A,1790932512944456.484	,12.420,0.040000,0
7,aclnnInplaceCopy_SliceAiCore_Slice,N/A,N/A,1790932512944468.924	,9.760,0.080000,0
7,aclnnInplaceCopy_CastAiCore_Cast,N/A,N/A,1790932512944478.704	,9.601,0.000000,0
7,aclnnPowTensorScalar_PowsAiCore_Pows,N/A,N/A,1790932512944488.325	,15.760,0.000000,0
7,aclnnMean_ReduceMeanAiCore_ReduceMean,N/A,N/A,1790932512944505.405	,13.540,1.490000,0
7,aclnnAdds_AddAiCore_Add,N/A,N/A,1790932512944519.945	,2.140,0.960000,0
7,aclnnRsqrt_RsqrtAiCore_Rsqrt,N/A,N/A,1790932512944528.225	,2.480,6.110000,0
7,aclnnMul_MulAiCore_Mul,N/A,N/A,1790932512944554.506	,16.400,23.770000,0
7,aclnnInplaceCopy_CastAiCore_Cast,N/A,N/A,1790932512944616.767	,9.300,45.850000,0
7,aclnnMul_MulAiCore_Mul,N/A,N/A,1790932512944641.928	,9.460,15.950000,0
7,aclnnMul_TransposeAiCore_Transpose,N/A,N/A,1790932512944738.610	,34.420,87.040000,0
7,aclnnMul_MulAiCore_Mul,N/A,N/A,1790932512944773.050	,13.900,0.080000,0
7,aclnnNeg_AsStridedAiCore_AsStrided,N/A,N/A,1790932512944808.951	,13.820,22.100000,0
7,aclnnNeg_NegAiCore_Neg,N/A,N/A,1790932512944822.791	,8.540,0.000000,0
7,aclnnCat_AsStridedAiCore_AsStrided,N/A,N/A,1790932512944838.712	,13.020,7.460000,0
7,aclnnCat_ConcatD_ConcatD,N/A,N/A,1790932512944851.752	,12.040,0.000000,0
7,aclnnMul_MulAiCore_Mul,N/A,N/A,1790932512944865.452	,14.200,1.710000,0
7,aclnnAdd_AddAiCore_Add,N/A,N/A,1790932512944892.133	,13.060,12.550000,0
7,aclnnMul_TransposeAiCore_Transpose,N/A,N/A,1790932512944932.713	,22.161,27.440000,0
7,aclnnMul_MulAiCore_Mul,N/A,N/A,1790932512944954.894	,6.180,0.089000,0
7,aclnnNeg_AsStridedAiCore_AsStrided,N/A,N/A,1790932512945000.835	,9.580,39.570000,0
7,aclnnNeg_NegAiCore_Neg,N/A,N/A,1790932512945010.435	,8.280,0.170000,0
7,aclnnCat_AsStridedAiCore_AsStrided,N/A,N/A,1790932512945029.195	,8.561,10.470000,0
7,aclnnCat_ConcatD_ConcatD,N/A,N/A,1790932512945037.776	,6.680,0.000000,0
7,aclnnMul_MulAiCore_Mul,N/A,N/A,1790932512945056.976	,6.300,12.570000,0
7,aclnnAdd_AddAiCore_Add,N/A,N/A,1790932512945083.996	,8.621,20.700000,0
7,aclnnInplaceCopy_AsStridedAiCore_AsStrided,N/A,N/A,1790932512945139.238	,8.280,46.629000,0
7,InnerPromptFlashAttention_PromptFlashAttention_PromptFlashAttention,N/A,N/A,1790932512945497.545	,307.326,349.970000,0
7,aclnnInplaceCopy_TransposeAiCore_Transpose,N/A,N/A,1790932512945805.791	,30.240,0.924000,0
7,aclnnMatmul_MatMulV3Common_MatMulV3,N/A,N/A,1790932512945836.051	,117.963,0.010000,0
7,aclnnAdd_AddAiCore_Add,N/A,N/A,1790932512945954.034	,11.340,0.037000,0
7,aclnnInplaceCopy_CastAiCore_Cast,N/A,N/A,1790932512945965.394	,10.080,0.160000,0
7,aclnnPowTensorScalar_PowsAiCore_Pows,N/A,N/A,1790932512945975.494	,17.381,0.000000,0
7,aclnnMean_ReduceMeanAiCore_ReduceMean,N/A,N/A,1790932512945994.075	,20.420,1.119000,0
7,aclnnAdds_AddAiCore_Add,N/A,N/A,1790932512946015.315	,1.380,0.830000,0
7,aclnnRsqrt_RsqrtAiCore_Rsqrt,N/A,N/A,1790932512946016.715	,1.460,0.120000,0
7,aclnnMul_MulAiCore_Mul,N/A,N/A,1790932512946018.195	,22.461,0.040000,0
7,aclnnInplaceCopy_CastAiCore_Cast,N/A,N/A,1790932512946040.696	,11.080,0.039000,0
7,aclnnMul_MulAiCore_Mul,N/A,N/A,1790932512946051.796	,12.180,0.000000,0
7,aclnnMatmul_MatMulCommon_MatMulV2,N/A,N/A,1790932512946123.517	,467.690,59.570000,0
7,aclnnSilu_SliceAiCore_Slice,N/A,N/A,1790932512946591.227	,18.180,0.060000,0
7,aclnnSilu_SiluAiCore_Swish,N/A,N/A,1790932512946609.427	,33.561,0.070000,0
7,aclnnMul_SliceAiCore_Slice,N/A,N/A,1790932512946643.008	,13.300,0.000000,0
7,aclnnMul_MulAiCore_Mul,N/A,N/A,1790932512946656.348	,19.280,0.000000,0
7,aclnnMatmul_MatMulV3Common_MatMulV3,N/A,N/A,1790932512946675.668	,267.146,0.220000,0
7,aclnnAdd_AddAiCore_Add,N/A,N/A,1790932512946942.834	,15.380,0.000000,0
7,aclnnInplaceCopy_CastAiCore_Cast,N/A,N/A,1790932512946958.254	,10.400,0.120000,0
7,aclnnPowTensorScalar_PowsAiCore_Pows,N/A,N/A,1790932512946968.674	,17.280,0.100000,0
7,aclnnMean_ReduceMeanAiCore_ReduceMean,N/A,N/A,1790932512946987.414	,21.101,1.470000,0
7,aclnnAdds_AddAiCore_Add,N/A,N/A,1790932512947009.255	,1.460,0.649000,0
7,aclnnRsqrt_RsqrtAiCore_Rsqrt,N/A,N/A,1790932512947010.735	,1.300,0.040000,0
7,aclnnMul_MulAiCore_Mul,N/A,N/A,1790932512947012.055	,21.700,0.000000,0
7,aclnnInplaceCopy_CastAiCore_Cast,N/A,N/A,1790932512947033.775	,10.921,0.050000,0
7,aclnnMul_MulAiCore_Mul,N/A,N/A,1790932512947044.716	,12.080,0.079000,0
7,aclnnMatmul_MatMulV3Common_MatMulV3,N/A,N/A,1790932512947056.816	,160.623,0.000000,0
7,aclnnInplaceCopy_SliceAiCore_Slice,N/A,N/A,1790932512947217.459	,11.520,0.127000,0
7,aclnnInplaceCopy_CastAiCore_Cast,N/A,N/A,1790932512947229.019	,15.641,0.000000,0
7,aclnnPowTensorScalar_PowsAiCore_Pows,N/A,N/A,1790932512947244.680	,23.380,0.109000,0
7,aclnnMean_ReduceMeanAiCore_ReduceMean,N/A,N/A,1790932512947269.120	,20.641,0.870000,0
7,aclnnAdds_AddAiCore_Add,N/A,N/A,1790932512947290.401	,5.800,0.859000,0
7,aclnnRsqrt_RsqrtAiCore_Rsqrt,N/A,N/A,1790932512947296.221	,6.600,0.000000,0
7,aclnnMul_MulAiCore_Mul,N/A,N/A,1790932512947302.841	,26.040,0.000000,0
7,aclnnInplaceCopy_CastAiCore_Cast,N/A,N/A,1790932512947328.921	,13.461,0.210000,0
7,aclnnMul_MulAiCore_Mul,N/A,N/A,1790932512947342.422	,12.180,0.039000,0
7,aclnnInplaceCopy_SliceAiCore_Slice,N/A,N/A,1790932512947354.642	,9.120,0.070000,0
7,aclnnInplaceCopy_CastAiCore_Cast,N/A,N/A,1790932512947363.782	,9.560,0.000000,0
7,aclnnPowTensorScalar_PowsAiCore_Pows,N/A,N/A,1790932512947373.362	,15.680,0.000000,0
7,aclnnMean_ReduceMeanAiCore_ReduceMean,N/A,N/A,1790932512947390.463	,13.660,1.570000,0
7,aclnnAdds_AddAiCore_Add,N/A,N/A,1790932512947405.023	,2.040,0.840000,0
7,aclnnRsqrt_RsqrtAiCore_Rsqrt,N/A,N/A,1790932512947414.163	,2.380,7.210000,0
7,aclnnMul_MulAiCore_Mul,N/A,N/A,1790932512947438.543	,15.441,21.870000,0
7,aclnnInplaceCopy_CastAiCore_Cast,N/A,N/A,1790932512947492.245	,9.200,38.309000,0
7,aclnnMul_MulAiCore_Mul,N/A,N/A,1790932512947507.145	,9.160,5.800000,0
7,aclnnMul_TransposeAiCore_Transpose,N/A,N/A,1790932512947609.707	,34.341,93.340000,0
7,aclnnMul_MulAiCore_Mul,N/A,N/A,1790932512947644.068	,13.840,0.000000,0
7,aclnnNeg_AsStridedAiCore_AsStrided,N/A,N/A,1790932512947676.988	,15.481,19.160000,0
7,aclnnNeg_NegAiCore_Neg,N/A,N/A,1790932512947692.489	,8.660,0.019000,0
7,aclnnCat_AsStridedAiCore_AsStrided,N/A,N/A,1790932512947707.509	,12.500,6.340000,0
7,aclnnCat_ConcatD_ConcatD,N/A,N/A,1790932512947720.029	,11.760,0.000000,0
7,aclnnMul_MulAiCore_Mul,N/A,N/A,1790932512947736.329	,16.721,4.490000,0
7,aclnnAdd_AddAiCore_Add,N/A,N/A,1790932512947763.490	,12.740,10.529000,0
7,aclnnMul_TransposeAiCore_Transpose,N/A,N/A,1790932512947792.691	,22.420,16.510000,0
7,aclnnMul_MulAiCore_Mul,N/A,N/A,1790932512947815.131	,6.200,0.080000,0
7,aclnnNeg_AsStridedAiCore_AsStrided,N/A,N/A,1790932512947849.332	,8.700,27.800000,0
7,aclnnNeg_NegAiCore_Neg,N/A,N/A,1790932512947858.052	,8.240,0.050000,0
7,aclnnCat_AsStridedAiCore_AsStrided,N/A,N/A,1790932512947889.572	,9.361,23.260000,0
7,aclnnCat_ConcatD_ConcatD,N/A,N/A,1790932512947898.953	,6.460,0.139000,0
7,aclnnMul_MulAiCore_Mul,N/A,N/A,1790932512947917.273	,7.400,11.790000,0
7,aclnnAdd_AddAiCore_Add,N/A,N/A,1790932512947943.934	,8.460,19.350000,0
7,aclnnInplaceCopy_AsStridedAiCore_AsStrided,N/A,N/A,1790932512948018.415	,7.520,66.040000,0
7,InnerPromptFlashAttention_PromptFlashAttention_PromptFlashAttention,N/A,N/A,1790932512948382.122	,312.987,355.980000,0
7,aclnnInplaceCopy_TransposeAiCore_Transpose,N/A,N/A,1790932512948696.109	,31.720,1.013000,0
7,aclnnMatmul_MatMulV3Common_MatMulV3,N/A,N/A,1790932512948727.849	,115.343,0.030000,0
7,aclnnAdd_AddAiCore_Add,N/A,N/A,1790932512948843.212	,11.480,0.157000,0
7,aclnnInplaceCopy_CastAiCore_Cast,N/A,N/A,1790932512948854.712	,10.060,0.020000,0
7,aclnnPowTensorScalar_PowsAiCore_Pows,N/A,N/A,1790932512948864.812	,20.620,0.000000,0
7,aclnnMean_ReduceMeanAiCore_ReduceMean,N/A,N/A,1790932512948886.612	,20.101,1.130000,0
7,aclnnAdds_AddAiCore_Add,N/A,N/A,1790932512948907.853	,1.340,1.149000,0
7,aclnnRsqrt_RsqrtAiCore_Rsqrt,N/A,N/A,1790932512948909.213	,1.320,0.160000,0
7,aclnnMul_MulAiCore_Mul,N/A,N/A,1790932512948910.553	,22.480,0.000000,0
7,aclnnInplaceCopy_CastAiCore_Cast,N/A,N/A,1790932512948933.053	,10.861,0.020000,0
7,aclnnMul_MulAiCore_Mul,N/A,N/A,1790932512948943.934	,12.140,0.139000,0
7,aclnnMatmul_MatMulCommon_MatMulV2,N/A,N/A,1790932512949004.135	,469.049,48.110000,0
7,aclnnSilu_SliceAiCore_Slice,N/A,N/A,1790932512949473.204	,17.640,0.000000,0
7,aclnnSilu_SiluAiCore_Swish,N/A,N/A,1790932512949490.864	,33.561,0.000000,0
7,aclnnMul_SliceAiCore_Slice,N/A,N/A,1790932512949524.445	,13.500,0.189000,0
7,aclnnMul_MulAiCore_Mul,N/A,N/A,1790932512949537.965	,19.401,0.000000,0
7,aclnnMatmul_MatMulV3Common_MatMulV3,N/A,N/A,1790932512949557.386	,271.725,0.099000,0
7,aclnnAdd_AddAiCore_Add,N/A,N/A,1790932512949829.131	,15.721,0.025000,0
7,aclnnInplaceCopy_CastAiCore_Cast,N/A,N/A,1790932512949844.872	,10.160,0.000000,0
7,aclnnPowTensorScalar_PowsAiCore_Pows,N/A,N/A,1790932512949855.052	,18.140,0.090000,0
7,aclnnMean_ReduceMeanAiCore_ReduceMean,N/A,N/A,1790932512949874.612	,21.141,1.360000,0
7,aclnnAdds_AddAiCore_Add,N/A,N/A,1790932512949896.453	,1.480,0.859000,0
7,aclnnRsqrt_RsqrtAiCore_Rsqrt,N/A,N/A,1790932512949897.953	,1.320,0.020000,0
7,aclnnMul_MulAiCore_Mul,N/A,N/A,1790932512949899.293	,21.680,0.000000,0
7,aclnnInplaceCopy_CastAiCore_Cast,N/A,N/A,1790932512949920.993	,10.980,0.070000,0
7,aclnnMul_MulAiCore_Mul,N/A,N/A,1790932512949931.993	,12.481,0.020000,0
7,aclnnMatmul_MatMulV3Common_MatMulV3,N/A,N/A,1790932512949944.494	,159.343,0.019000,0
7,aclnnInplaceCopy_SliceAiCore_Slice,N/A,N/A,1790932512950103.857	,10.900,0.000000,0
7,aclnnInplaceCopy_CastAiCore_Cast,N/A,N/A,1790932512950114.777	,18.340,0.100000,0
7,aclnnPowTensorScalar_PowsAiCore_Pows,N/A,N/A,1790932512950133.137	,25.701,0.160000,0
7,aclnnMean_ReduceMeanAiCore_ReduceMean,N/A,N/A,1790932512950159.798	,20.560,0.799000,0
7,aclnnAdds_AddAiCore_Add,N/A,N/A,1790932512950181.038	,5.680,0.690000,0
7,aclnnRsqrt_RsqrtAiCore_Rsqrt,N/A,N/A,1790932512950186.738	,6.641,0.070000,0
7,aclnnMul_MulAiCore_Mul,N/A,N/A,1790932512950193.399	,25.580,0.109000,0
7,aclnnInplaceCopy_CastAiCore_Cast,N/A,N/A,1790932512950218.999	,14.400,0.000000,0
7,aclnnMul_MulAiCore_Mul,N/A,N/A,1790932512950233.419	,12.501,0.100000,0
7,aclnnInplaceCopy_SliceAiCore_Slice,N/A,N/A,1790932512950245.940	,9.540,0.000000,0
7,aclnnInplaceCopy_CastAiCore_Cast,N/A,N/A,1790932512950255.500	,9.600,0.000000,0
7,aclnnPowTensorScalar_PowsAiCore_Pows,N/A,N/A,1790932512950265.120	,17.940,0.000000,0
7,aclnnMean_ReduceMeanAiCore_ReduceMean,N/A,N/A,1790932512950284.040	,13.721,1.060000,0
7,aclnnAdds_AddAiCore_Add,N/A,N/A,1790932512950298.601	,2.040,0.779000,0
7,aclnnRsqrt_RsqrtAiCore_Rsqrt,N/A,N/A,1790932512950300.661	,2.400,0.210000,0
7,aclnnMul_MulAiCore_Mul,N/A,N/A,1790932512950323.381	,15.500,20.350000,0
7,aclnnInplaceCopy_CastAiCore_Cast,N/A,N/A,1790932512950376.622	,9.240,37.500000,0
7,aclnnMul_MulAiCore_Mul,N/A,N/A,1790932512950401.303	,9.360,15.510000,0
7,aclnnMul_TransposeAiCore_Transpose,N/A,N/A,1790932512950498.185	,35.020,87.640000,0
7,aclnnMul_MulAiCore_Mul,N/A,N/A,1790932512950533.225	,14.161,0.000000,0
7,aclnnNeg_AsStridedAiCore_AsStrided,N/A,N/A,1790932512950554.186	,13.620,6.839000,0
7,aclnnNeg_NegAiCore_Neg,N/A,N/A,1790932512950567.826	,8.620,0.000000,0
7,aclnnCat_AsStridedAiCore_AsStrided,N/A,N/A,1790932512950599.087	,12.620,22.630000,0
7,aclnnCat_ConcatD_ConcatD,N/A,N/A,1790932512950611.727	,12.360,0.130000,0
7,aclnnMul_MulAiCore_Mul,N/A,N/A,1790932512950624.107	,14.480,0.000000,0
7,aclnnAdd_AddAiCore_Add,N/A,N/A,1790932512950641.527	,12.701,3.020000,0
7,aclnnMul_TransposeAiCore_Transpose,N/A,N/A,1790932512950671.568	,22.341,17.299000,0
7,aclnnMul_MulAiCore_Mul,N/A,N/A,1790932512950693.929	,6.160,0.159000,0
7,aclnnNeg_AsStridedAiCore_AsStrided,N/A,N/A,1790932512950738.249	,9.041,38.090000,0
7,aclnnNeg_NegAiCore_Neg,N/A,N/A,1790932512950747.310	,8.220,0.000000,0
7,aclnnCat_AsStridedAiCore_AsStrided,N/A,N/A,1790932512950767.770	,9.000,12.280000,0
7,aclnnCat_ConcatD_ConcatD,N/A,N/A,1790932512950778.130	,6.680,1.500000,0
7,aclnnMul_MulAiCore_Mul,N/A,N/A,1790932512950791.290	,6.221,6.320000,0
7,aclnnAdd_AddAiCore_Add,N/A,N/A,1790932512950827.291	,11.400,29.779000,0
7,aclnnInplaceCopy_AsStridedAiCore_AsStrided,N/A,N/A,1790932512950882.232	,8.080,43.600000,0
7,InnerPromptFlashAttention_PromptFlashAttention_PromptFlashAttention,N/A,N/A,1790932512951238.719	,303.566,348.420000,0
7,aclnnInplaceCopy_TransposeAiCore_Transpose,N/A,N/A,1790932512951543.465	,31.461,1.184000,0
7,aclnnMatmul_MatMulV3Common_MatMulV3,N/A,N/A,1790932512951574.946	,118.102,0.039000,0
7,aclnnAdd_AddAiCore_Add,N/A,N/A,1790932512951693.068	,11.201,0.000000,0
7,aclnnInplaceCopy_CastAiCore_Cast,N/A,N/A,1790932512951704.289	,10.060,0.049000,0
7,aclnnPowTensorScalar_PowsAiCore_Pows,N/A,N/A,1790932512951714.369	,17.460,0.000000,0
7,aclnnMean_ReduceMeanAiCore_ReduceMean,N/A,N/A,1790932512951732.869	,20.321,1.040000,0
7,aclnnAdds_AddAiCore_Add,N/A,N/A,1790932512951754.130	,1.440,1.179000,0
7,aclnnRsqrt_RsqrtAiCore_Rsqrt,N/A,N/A,1790932512951755.590	,1.480,0.000000,0
7,aclnnMul_MulAiCore_Mul,N/A,N/A,1790932512951757.110	,22.340,0.020000,0
7,aclnnInplaceCopy_CastAiCore_Cast,N/A,N/A,1790932512951779.470	,10.840,0.160000,0
7,aclnnMul_MulAiCore_Mul,N/A,N/A,1790932512951790.330	,12.521,0.000000,0
7,aclnnMatmul_MatMulCommon_MatMulV2,N/A,N/A,1790932512951859.052	,469.729,56.229000,0
7,aclnnSilu_SliceAiCore_Slice,N/A,N/A,1790932512952328.801	,17.941,0.021000,0
7,aclnnSilu_SiluAiCore_Swish,N/A,N/A,1790932512952346.762	,33.560,0.059000,0
7,aclnnMul_SliceAiCore_Slice,N/A,N/A,1790932512952380.362	,12.900,0.000000,0
7,aclnnMul_MulAiCore_Mul,N/A,N/A,1790932512952393.282	,18.761,0.100000,0
7,aclnnMatmul_MatMulV3Common_MatMulV3,N/A,N/A,1790932512952412.063	,267.705,0.000000,0
7,aclnnAdd_AddAiCore_Add,N/A,N/A,1790932512952679.788	,15.341,0.045000,0
7,aclnnInplaceCopy_CastAiCore_Cast,N/A,N/A,1790932512952695.169	,10.260,0.159000,0
7,aclnnPowTensorScalar_PowsAiCore_Pows,N/A,N/A,1790932512952705.469	,18.000,0.000000,0
7,aclnnMean_ReduceMeanAiCore_ReduceMean,N/A,N/A,1790932512952724.789	,21.441,1.250000,0
7,aclnnAdds_AddAiCore_Add,N/A,N/A,1790932512952747.210	,1.520,1.059000,0
7,aclnnRsqrt_RsqrtAiCore_Rsqrt,N/A,N/A,1790932512952748.750	,1.320,0.000000,0
7,aclnnMul_MulAiCore_Mul,N/A,N/A,1790932512952750.090	,21.980,0.000000,0
7,aclnnInplaceCopy_CastAiCore_Cast,N/A,N/A,1790932512952772.090	,10.800,0.020000,0
7,aclnnMul_MulAiCore_Mul,N/A,N/A,1790932512952782.910	,11.940,0.200000,0
7,aclnnAddmm_MatMulCommon_MatMulV2,N/A,N/A,1790932512953093.616	,91.502,298.560000,0
7,aclnnLinalgVectorNorm_LpNormV2_LpNormV2,N/A,N/A,1790932512953187.658	,23.761,2.748000,0
7,aclnnDiv_RealDivAiCore_RealDiv,N/A,N/A,1790932512953215.499	,30.361,3.989000,0
7,aclnnMul_CastAiCore_Cast,N/A,N/A,1790932512953272.360	,5.520,26.389000,0
7,aclnnMul_MulAiCore_Mul,N/A,N/A,1790932512953277.900	,19.141,0.230000,0
