Step Id,Device_id,Model ID,Task ID,Stream ID,Name,Type,OP State,Accelerator Core,Start Time(us),Duration(us),Wait Time(us),Block Num,Mix Block Num,HF32 Eligible,Input Shapes,Input Data Types,Input Formats,Output Shapes,Output Data Types,Output Formats,Context ID,aicore_time(us),aic_total_cycles,aic_mac_time(us),aic_mac_ratio,aic_scalar_time(us),aic_scalar_ratio,aic_mte1_time(us),aic_mte1_ratio,aic_mte2_time(us),aic_mte2_ratio,aic_fixpipe_time(us),aic_fixpipe_ratio,aic_icache_miss_rate,aiv_time(us),aiv_total_cycles,aiv_vec_time(us),aiv_vec_ratio,aiv_scalar_time(us),aiv_scalar_ratio,aiv_mte2_time(us),aiv_mte2_ratio,aiv_mte3_time(us),aiv_mte3_ratio,aiv_icache_miss_rate,cube_utilization(%)
0,6,2,1299,3,UpdateModelParam_static_bin,Data,dynamic,AI_VECTOR_CORE,1786306885490236.140	,3.960,0,1,0,NO,N/A,N/A,N/A,N/A,N/A,N/A,N/A,0.0,0,0.0,0.0,0.0,0.0,0.0,0.0,0.0,0.0,0.0,0.0,0.0,3.48,6264,0.979,0.281,1.658,0.477,0.711,0.204,0.181,0.052,0.157,0.000
0,6,2,0,6,Range,Range,static,AI_VECTOR_CORE,1786306885490295.320	,8.880,55.040000,48,0,NO,""";;""",INT32;FLOAT;INT32,NCHW;NCHW;NCHW,"""1024""",FLOAT,NCHW,N/A,0.0,0,0.0,0.0,0.0,0.0,0.0,0.0,0.0,0.0,0.0,0.0,0.0,6.771,585012,0.071,0.01,3.212,0.474,0.001,0.0,0.23,0.034,0.229,0.000
0,6,2,1,6,Cast,Cast,static,AI_VECTOR_CORE,1786306885490304.220	,1.220,0.120000,2,0,NO,"""1024""",FLOAT,NCHW,"""1024""",INT64,NCHW,N/A,0.0,0,0.0,0.0,0.0,0.0,0.0,0.0,0.0,0.0,0.0,0.0,0.0,0.672,2419,0.031,0.046,0.109,0.162,0.121,0.18,0.138,0.206,0.28,0.000
0,6,2,2,6,GatherV2,GatherV2,static,AI_VECTOR_CORE,1786306885490305.460	,7.380,0.030000,47,0,NO,"""103424,1024;1,1;1""",FLOAT16;INT64;INT64,ND;ND;ND,"""1,1,1024""",FLOAT16,ND,N/A,0.0,0,0.0,0.0,0.0,0.0,0.0,0.0,0.0,0.0,0.0,0.0,0.0,3.966,335540,0.049,0.012,0.159,0.04,0.644,0.162,0.165,0.042,0.196,0.000
0,6,2,3,6,RmsNorm,RmsNorm,static,AI_VECTOR_CORE,1786306885490312.860	,5.100,0.000000,1,0,NO,"""1,1,1024;1024""",FLOAT16;FLOAT16,ND;ND,"""1,1,1024;1,1,1""",FLOAT16;FLOAT,ND;ND,N/A,0.0,0,0.0,0.0,0.0,0.0,0.0,0.0,0.0,0.0,0.0,0.0,0.0,4.602,8284,0.803,0.174,1.988,0.432,0.348,0.076,0.234,0.051,0.181,0.000
0,6,2,4,6,MatMul,MatMul,static,AI_CORE,1786306885490317.980	,7.140,0.150000,23,0,NO,"""1,1024;64,160,16,16""",FLOAT16;FLOAT16,ND;FRACTAL_NZ,"""1,2560""",FLOAT16,ND,N/A,5.42,224385,0.527,0.097,0.17,0.031,1.133,0.209,2.918,0.538,2.178,0.402,0.249,0.0,0,0.0,0.0,0.0,0.0,0.0,0.0,0.0,0.0,0.0,72.746
0,6,2,5,6,SplitV_2,SplitVD,static,AI_VECTOR_CORE,1786306885490325.140	,1.120,0.110000,1,0,NO,"""1,1,2560""",FLOAT16,ND,"""1,1,2048;1,1,256;1,1,256""",FLOAT16;FLOAT16;FLOAT16,ND;ND;ND,N/A,0.0,0,0.0,0.0,0.0,0.0,0.0,0.0,0.0,0.0,0.0,0.0,0.0,0.626,1127,0.008,0.012,0.162,0.258,0.129,0.207,0.145,0.232,0.263,0.000
0,6,2,6,6,Add,Add,static,AI_VECTOR_CORE,1786306885490326.280	,1.360,0.000000,1,0,NO,"""1,1;1,1""",INT64;INT64,NCHW;NCHW,"""1,1""",INT64,NCHW,N/A,0.0,0,0.0,0.0,0.0,0.0,0.0,0.0,0.0,0.0,0.0,0.0,0.0,0.86,1548,0.082,0.095,0.168,0.195,0.292,0.34,0.113,0.131,0.156,0.000
0,6,2,7,6,BroadcastTo,BroadcastTo,static,AI_VECTOR_CORE,1786306885490327.660	,1.200,0.140000,1,0,NO,"""1,1,1;3""",INT64;INT64,NCHW;NCHW,"""3,1,1""",INT64,NCHW,N/A,0.0,0,0.0,0.0,0.0,0.0,0.0,0.0,0.0,0.0,0.0,0.0,0.0,0.723,1302,0.082,0.113,0.191,0.263,0.091,0.126,0.12,0.166,0.167,0.000
0,6,2,8,6,Cast_1,Cast,static,AI_VECTOR_CORE,1786306885490328.900	,1.120,0.050000,1,0,NO,"""3,1,1,1""",INT64,NCHW,"""3,1,1,1""",FLOAT,NCHW,N/A,0.0,0,0.0,0.0,0.0,0.0,0.0,0.0,0.0,0.0,0.0,0.0,0.0,0.627,1129,0.058,0.093,0.124,0.198,0.099,0.158,0.113,0.181,0.185,0.000
0,6,2,9,6,Scatter_1,Scatter,static,AI_VECTOR_CORE,1786306885490330.040	,1.280,0.000000,2,0,NO,"""1,2,1024,128;1;1,2,1,128""",FLOAT16;INT64;FLOAT16,NCHW;NCHW;NCHW,"""1,2,1024,128""",FLOAT16,NCHW,N/A,0.0,0,0.0,0.0,0.0,0.0,0.0,0.0,0.0,0.0,0.0,0.0,0.0,0.669,2407,0.008,0.012,0.123,0.184,0.12,0.179,0.125,0.187,0.214,0.000
0,6,2,10,6,BroadcastTo_1,BroadcastTo,static,AI_VECTOR_CORE,1786306885490331.340	,1.200,0.000000,1,0,NO,"""1,1,64,1;4""",FLOAT;INT64,NCHW;NCHW,"""3,1,64,1""",FLOAT,NCHW,N/A,0.0,0,0.0,0.0,0.0,0.0,0.0,0.0,0.0,0.0,0.0,0.0,0.0,0.677,1218,0.018,0.026,0.104,0.154,0.199,0.295,0.132,0.195,0.238,0.000
0,6,2,11,6,Mul,Mul,static,AI_VECTOR_CORE,1786306885490332.560	,1.120,0.050000,1,0,NO,"""3,1,64,1;3,1,1,1""",FLOAT;FLOAT,NCHW;NCHW,"""3,1,64,1""",FLOAT,NCHW,N/A,0.0,0,0.0,0.0,0.0,0.0,0.0,0.0,0.0,0.0,0.0,0.0,0.0,0.627,1129,0.042,0.066,0.128,0.204,0.114,0.182,0.124,0.198,0.217,0.000
0,6,2,12,6,ConcatV2,ConcatV2D,static,AI_VECTOR_CORE,1786306885490333.700	,3.900,0.130000,1,0,NO,"""3,1,1,64;3,1,1,64""",FLOAT;FLOAT,NCHW;NCHW,"""3,1,1,128""",FLOAT,NCHW,N/A,0.0,0,0.0,0.0,0.0,0.0,0.0,0.0,0.0,0.0,0.0,0.0,0.0,3.403,6125,2.717,0.799,0.219,0.064,0.147,0.043,0.143,0.042,0.186,0.000
0,6,2,13,6,Cos,Cos,static,AI_VECTOR_CORE,1786306885490337.620	,1.840,0.000000,1,0,NO,"""3,1,1,128""",FLOAT,NCHW,"""3,1,1,128""",FLOAT,NCHW,N/A,0.0,0,0.0,0.0,0.0,0.0,0.0,0.0,0.0,0.0,0.0,0.0,0.0,1.333,2400,0.652,0.489,0.15,0.113,0.118,0.089,0.133,0.1,0.19,0.000
0,6,2,14,6,Mul_1Cast_5,Mul,static,AI_VECTOR_CORE,1786306885490339.480	,1.220,0.160000,1,0,NO,"""3,1,1,128;""",FLOAT;FLOAT,NCHW;NCHW,"""3,1,1,128""",FLOAT16,NCHW,N/A,0.0,0,0.0,0.0,0.0,0.0,0.0,0.0,0.0,0.0,0.0,0.0,0.0,0.719,1295,0.033,0.046,0.124,0.173,0.201,0.28,0.127,0.176,0.208,0.000
0,6,2,15,6,Sin,Sin,static,AI_VECTOR_CORE,1786306885490340.720	,1.840,0.030000,1,0,NO,"""3,1,1,128""",FLOAT,NCHW,"""3,1,1,128""",FLOAT,NCHW,N/A,0.0,0,0.0,0.0,0.0,0.0,0.0,0.0,0.0,0.0,0.0,0.0,0.0,1.303,2346,0.612,0.469,0.178,0.136,0.113,0.087,0.127,0.098,0.2,0.000
0,6,2,16,6,Mul_2Cast_6,Mul,static,AI_VECTOR_CORE,1786306885490342.580	,1.080,0.000000,1,0,NO,"""3,1,1,128;""",FLOAT;FLOAT,NCHW;NCHW,"""3,1,1,128""",FLOAT16,NCHW,N/A,0.0,0,0.0,0.0,0.0,0.0,0.0,0.0,0.0,0.0,0.0,0.0,0.0,0.549,988,0.033,0.061,0.143,0.26,0.113,0.206,0.132,0.241,0.208,0.000
0,6,2,17,6,SplitV,SplitVD,static,AI_VECTOR_CORE,1786306885490343.700	,4.020,0.170000,1,0,NO,"""3,1,1,128""",FLOAT16,NCHW,"""3,1,1,16;3,1,1,24;3,1,1,24;3,1,1,16;3,1,1,24;3,1,1,24""",FLOAT16;FLOAT16;FLOAT16;FLOAT16;FLOAT16;FLOAT16,NCHW;NCHW;NCHW;NCHW;NCHW;NCHW,N/A,0.0,0,0.0,0.0,0.0,0.0,0.0,0.0,0.0,0.0,0.0,0.0,0.0,3.476,6256,2.234,0.643,0.334,0.096,0.116,0.033,0.943,0.271,0.177,0.000
0,6,2,18,6,GatherV2_1,GatherV2,static,AI_VECTOR_CORE,1786306885490347.740	,1.300,0.000000,1,0,NO,"""3,1,1,16;;1""",FLOAT16;INT64;INT64,NCHW;NCHW;NCHW,"""1,1,16""",FLOAT16,NCHW,N/A,0.0,0,0.0,0.0,0.0,0.0,0.0,0.0,0.0,0.0,0.0,0.0,0.0,0.763,1373,0.057,0.074,0.151,0.197,0.199,0.261,0.123,0.162,0.182,0.000
0,6,2,19,6,GatherV2_4,GatherV2,static,AI_VECTOR_CORE,1786306885490349.080	,1.200,0.000000,1,0,NO,"""3,1,1,16;;1""",FLOAT16;INT64;INT64,NCHW;NCHW;NCHW,"""1,1,16""",FLOAT16,NCHW,N/A,0.0,0,0.0,0.0,0.0,0.0,0.0,0.0,0.0,0.0,0.0,0.0,0.0,0.634,1142,0.057,0.089,0.21,0.331,0.115,0.181,0.106,0.166,0.182,0.000
0,6,2,20,6,GatherV2_2,GatherV2,static,AI_VECTOR_CORE,1786306885490350.300	,2.000,0.050000,1,0,NO,"""3,1,1,24;;1""",FLOAT16;INT64;INT64,NCHW;NCHW;NCHW,"""1,1,24""",FLOAT16,NCHW,N/A,0.0,0,0.0,0.0,0.0,0.0,0.0,0.0,0.0,0.0,0.0,0.0,0.0,1.439,2590,0.418,0.29,0.312,0.217,0.309,0.215,0.124,0.086,0.195,0.000
0,6,2,21,6,GatherV2_3,GatherV2,static,AI_VECTOR_CORE,1786306885490352.320	,1.920,0.000000,1,0,NO,"""3,1,1,24;;1""",FLOAT16;INT64;INT64,NCHW;NCHW;NCHW,"""1,1,24""",FLOAT16,NCHW,N/A,0.0,0,0.0,0.0,0.0,0.0,0.0,0.0,0.0,0.0,0.0,0.0,0.0,1.33,2394,0.418,0.314,0.343,0.258,0.351,0.264,0.138,0.104,0.186,0.000
0,6,2,22,6,GatherV2_5,GatherV2,static,AI_VECTOR_CORE,1786306885490354.260	,1.780,0.080000,1,0,NO,"""3,1,1,24;;1""",FLOAT16;INT64;INT64,NCHW;NCHW;NCHW,"""1,1,24""",FLOAT16,NCHW,N/A,0.0,0,0.0,0.0,0.0,0.0,0.0,0.0,0.0,0.0,0.0,0.0,0.0,1.189,2141,0.418,0.351,0.306,0.257,0.206,0.173,0.142,0.119,0.195,0.000
0,6,2,23,6,GatherV2_6,GatherV2,static,AI_VECTOR_CORE,1786306885490356.060	,1.720,0.000000,1,0,NO,"""3,1,1,24;;1""",FLOAT16;INT64;INT64,NCHW;NCHW;NCHW,"""1,1,24""",FLOAT16,NCHW,N/A,0.0,0,0.0,0.0,0.0,0.0,0.0,0.0,0.0,0.0,0.0,0.0,0.0,1.229,2213,0.418,0.34,0.341,0.277,0.274,0.223,0.107,0.087,0.195,0.000
0,6,2,24,6,SplitV_1,SplitVD,static,AI_VECTOR_CORE,1786306885490357.820	,3.980,0.030000,1,0,NO,"""3,1,1,128""",FLOAT16,NCHW,"""3,1,1,16;3,1,1,24;3,1,1,24;3,1,1,16;3,1,1,24;3,1,1,24""",FLOAT16;FLOAT16;FLOAT16;FLOAT16;FLOAT16;FLOAT16,NCHW;NCHW;NCHW;NCHW;NCHW;NCHW,N/A,0.0,0,0.0,0.0,0.0,0.0,0.0,0.0,0.0,0.0,0.0,0.0,0.0,3.492,6286,2.234,0.64,0.364,0.104,0.116,0.033,1.029,0.295,0.177,0.000
0,6,2,25,6,GatherV2_10,GatherV2,static,AI_VECTOR_CORE,1786306885490361.820	,1.100,0.020000,1,0,NO,"""3,1,1,16;;1""",FLOAT16;INT64;INT64,NCHW;NCHW;NCHW,"""1,1,16""",FLOAT16,NCHW,N/A,0.0,0,0.0,0.0,0.0,0.0,0.0,0.0,0.0,0.0,0.0,0.0,0.0,0.602,1084,0.057,0.094,0.174,0.289,0.112,0.186,0.128,0.213,0.182,0.000
0,6,2,26,6,GatherV2_7,GatherV2,static,AI_VECTOR_CORE,1786306885490362.940	,1.160,0.150000,1,0,NO,"""3,1,1,16;;1""",FLOAT16;INT64;INT64,NCHW;NCHW;NCHW,"""1,1,16""",FLOAT16,NCHW,N/A,0.0,0,0.0,0.0,0.0,0.0,0.0,0.0,0.0,0.0,0.0,0.0,0.0,0.649,1169,0.057,0.087,0.214,0.33,0.118,0.181,0.129,0.199,0.182,0.000
0,6,2,27,6,GatherV2_11,GatherV2,static,AI_VECTOR_CORE,1786306885490364.120	,1.740,0.000000,1,0,NO,"""3,1,1,24;;1""",FLOAT16;INT64;INT64,NCHW;NCHW;NCHW,"""1,1,24""",FLOAT16,NCHW,N/A,0.0,0,0.0,0.0,0.0,0.0,0.0,0.0,0.0,0.0,0.0,0.0,0.0,1.2,2160,0.418,0.348,0.298,0.249,0.218,0.182,0.132,0.11,0.195,0.000
0,6,2,28,6,GatherV2_12,GatherV2,static,AI_VECTOR_CORE,1786306885490365.880	,1.800,0.260000,1,0,NO,"""3,1,1,24;;1""",FLOAT16;INT64;INT64,NCHW;NCHW;NCHW,"""1,1,24""",FLOAT16,NCHW,N/A,0.0,0,0.0,0.0,0.0,0.0,0.0,0.0,0.0,0.0,0.0,0.0,0.0,1.264,2276,0.418,0.33,0.34,0.269,0.255,0.202,0.121,0.095,0.195,0.000
0,6,2,29,6,GatherV2_8,GatherV2,static,AI_VECTOR_CORE,1786306885490367.700	,1.720,0.000000,1,0,NO,"""3,1,1,24;;1""",FLOAT16;INT64;INT64,NCHW;NCHW;NCHW,"""1,1,24""",FLOAT16,NCHW,N/A,0.0,0,0.0,0.0,0.0,0.0,0.0,0.0,0.0,0.0,0.0,0.0,0.0,1.183,2130,0.418,0.353,0.311,0.262,0.206,0.174,0.132,0.112,0.195,0.000
0,6,2,30,6,GatherV2_9,GatherV2,static,AI_VECTOR_CORE,1786306885490369.460	,1.780,0.030000,1,0,NO,"""3,1,1,24;;1""",FLOAT16;INT64;INT64,NCHW;NCHW;NCHW,"""1,1,24""",FLOAT16,NCHW,N/A,0.0,0,0.0,0.0,0.0,0.0,0.0,0.0,0.0,0.0,0.0,0.0,0.0,1.24,2232,0.418,0.337,0.352,0.284,0.243,0.196,0.11,0.089,0.195,0.000
0,6,2,31,6,ConcatV2_1,ConcatV2D,static,AI_VECTOR_CORE,1786306885490371.260	,1.480,0.000000,1,0,NO,"""1,1,16;1,1,24;1,1,24;1,1,16;1,1,24;1,1,24""",FLOAT16;FLOAT16;FLOAT16;FLOAT16;FLOAT16;FLOAT16,NCHW;NCHW;NCHW;NCHW;NCHW;NCHW,"""1,1,128""",FLOAT16,NCHW,N/A,0.0,0,0.0,0.0,0.0,0.0,0.0,0.0,0.0,0.0,0.0,0.0,0.0,0.9,1620,0.008,0.009,0.159,0.177,0.15,0.167,0.423,0.47,0.231,0.000
0,6,2,32,6,ConcatV2_2,ConcatV2D,static,AI_VECTOR_CORE,1786306885490372.760	,1.400,0.020000,1,0,NO,"""1,1,16;1,1,24;1,1,24;1,1,16;1,1,24;1,1,24""",FLOAT16;FLOAT16;FLOAT16;FLOAT16;FLOAT16;FLOAT16,NCHW;NCHW;NCHW;NCHW;NCHW;NCHW,"""1,1,128""",FLOAT16,NCHW,N/A,0.0,0,0.0,0.0,0.0,0.0,0.0,0.0,0.0,0.0,0.0,0.0,0.0,0.828,1491,0.008,0.009,0.126,0.152,0.134,0.162,0.437,0.527,0.231,0.000
0,6,2,33,6,ApplyRotaryPosEmb,ApplyRotaryPosEmb,static,AI_VECTOR_CORE,1786306885490374.180	,2.880,0.100000,1,0,NO,"""1,1,16,128;1,1,2,128;1,1,1,128;1,1,1,128""",FLOAT16;FLOAT16;FLOAT16;FLOAT16,NCHW;NCHW;NCHW;NCHW,"""1,1,16,128;1,1,2,128""",FLOAT16;FLOAT16,NCHW;NCHW,N/A,0.0,0,0.0,0.0,0.0,0.0,0.0,0.0,0.0,0.0,0.0,0.0,0.0,2.282,4107,0.164,0.072,1.445,0.633,0.171,0.075,0.143,0.063,0.147,0.000
0,6,2,34,6,Scatter,Scatter,static,AI_VECTOR_CORE,1786306885490377.080	,1.240,0.000000,2,0,NO,"""1,2,1024,128;1;1,2,1,128""",FLOAT16;INT64;FLOAT16,NCHW;NCHW;NCHW,"""1,2,1024,128""",FLOAT16,NCHW,N/A,0.0,0,0.0,0.0,0.0,0.0,0.0,0.0,0.0,0.0,0.0,0.0,0.0,0.576,2074,0.008,0.014,0.129,0.223,0.117,0.203,0.112,0.195,0.2,0.000
0,6,2,35,6,Greater,Greater,static,AI_VECTOR_CORE,1786306885490378.340	,2.440,0.010000,2,0,NO,"""1,1024;1,1""",INT64;INT64,NCHW;NCHW,"""1,1024""",BOOL,NCHW,N/A,0.0,0,0.0,0.0,0.0,0.0,0.0,0.0,0.0,0.0,0.0,0.0,0.0,1.827,6578,0.781,0.427,0.296,0.162,0.25,0.137,0.13,0.071,0.167,0.000
0,6,2,36,6,PaddleGqaIncreFlashAttentionAiv,PaddleGqaIncreFlashAttentionAiv,static,MIX_AIV,1786306885490381.860	,19.860,1.060000,32,0,NO,"""1,16,1,128;1,2,1024,128;1,2,1024,128;1,1,1,1024""",FLOAT16;FLOAT16;FLOAT16;BOOL,NCHW;NCHW;NCHW;NCHW,"""1,16,1,128""",FLOAT16,NCHW,0,0.0,0,0.0,0.0,0.0,0.0,0.0,0.0,0.0,0.0,0.0,0.0,0.0,17.659,1017183,6.063,0.343,2.489,0.141,5.235,0.296,0.386,0.022,0.117,0.000
0,6,2,37,6,MatMul_1,MatMul,static,AI_CORE,1786306885490402.420	,7.100,0.890000,22,0,NO,"""1,2048;128,64,16,16""",FLOAT16;FLOAT16,ND;FRACTAL_NZ,"""1,1024""",FLOAT16,ND,N/A,5.021,198827,0.488,0.097,0.201,0.04,1.105,0.22,2.619,0.522,2.018,0.402,0.219,0.0,0,0.0,0.0,0.0,0.0,0.0,0.0,0.0,0.0,0.0,64.824
0,6,2,38,6,InplaceAddRmsNorm,InplaceAddRmsNorm,static,AI_VECTOR_CORE,1786306885490409.540	,2.280,0.000000,1,0,NO,"""1,1,1024;1,1,1024;1024""",FLOAT16;FLOAT16;FLOAT16,ND;ND;ND,"""1,1,1024;1,1,1;1,1,1024""",FLOAT16;FLOAT;FLOAT16,ND;ND;ND,N/A,0.0,0,0.0,0.0,0.0,0.0,0.0,0.0,0.0,0.0,0.0,0.0,0.0,1.695,3051,0.282,0.167,0.526,0.31,0.368,0.217,0.361,0.213,0.232,0.000
0,6,2,39,6,MatMul_2,MatMul,static,AI_CORE,1786306885490411.840	,7.980,0.000000,24,0,NO,"""1,1024;64,192,16,16""",FLOAT16;FLOAT16,ND;FRACTAL_NZ,"""1,3072""",FLOAT16,ND,N/A,5.872,253689,0.538,0.092,0.155,0.026,1.288,0.219,3.347,0.57,2.222,0.378,0.193,0.0,0,0.0,0.0,0.0,0.0,0.0,0.0,0.0,0.0,0.0,73.589
0,6,2,40,6,MatMul_3,MatMul,static,AI_CORE,1786306885490419.840	,5.700,0.020000,24,0,NO,"""1,1024;64,192,16,16""",FLOAT16;FLOAT16,ND;FRACTAL_NZ,"""1,3072""",FLOAT16,ND,N/A,4.568,197319,0.538,0.118,0.422,0.092,1.285,0.281,3.675,0.805,2.833,0.62,0.0,0.0,0,0.0,0.0,0.0,0.0,0.0,0.0,0.0,0.0,0.0,80.133
0,6,2,41,6,SwishMul_3,AutomaticBufferFusionOp,static,AI_VECTOR_CORE,1786306885490425.560	,1.480,0.050000,3,0,NO,"""1,1,3072;1,1,3072""",FLOAT16;FLOAT16,ND;ND,"""1,1,3072""",FLOAT16,ND,N/A,0.0,0,0.0,0.0,0.0,0.0,0.0,0.0,0.0,0.0,0.0,0.0,0.0,0.88,4750,0.163,0.186,0.147,0.167,0.19,0.216,0.137,0.156,0.211,0.000
0,6,2,42,6,MatMul_4,MatMul,static,AI_CORE,1786306885490427.080	,8.620,0.020000,22,0,NO,"""1,3072;192,64,16,16""",FLOAT16;FLOAT16,ND;FRACTAL_NZ,"""1,1024""",FLOAT16,ND,N/A,6.267,248169,0.732,0.117,0.221,0.035,1.661,0.265,4.091,0.653,2.144,0.342,0.216,0.0,0,0.0,0.0,0.0,0.0,0.0,0.0,0.0,0.0,0.0,66.643
0,6,2,43,6,InplaceAddRmsNorm_1,InplaceAddRmsNorm,static,AI_VECTOR_CORE,1786306885490435.740	,1.700,0.130000,1,0,NO,"""1,1,1024;1,1,1024;1024""",FLOAT16;FLOAT16;FLOAT16,ND;ND;ND,"""1,1,1024;1,1,1;1,1,1024""",FLOAT16;FLOAT;FLOAT16,ND;ND;ND,N/A,0.0,0,0.0,0.0,0.0,0.0,0.0,0.0,0.0,0.0,0.0,0.0,0.0,1.189,2141,0.282,0.237,0.567,0.476,0.364,0.306,0.379,0.319,0.22,0.000
0,6,2,44,6,MatMul_5,MatMul,static,AI_CORE,1786306885490437.460	,4.960,0.050000,23,0,NO,"""1,1024;64,160,16,16""",FLOAT16;FLOAT16,ND;FRACTAL_NZ,"""1,2560""",FLOAT16,ND,N/A,3.83,158581,0.527,0.138,0.403,0.105,1.137,0.297,2.913,0.76,2.345,0.612,0.017,0.0,0,0.0,0.0,0.0,0.0,0.0,0.0,0.0,0.0,0.0,74.009
0,6,2,45,6,SplitV_3,SplitVD,static,AI_VECTOR_CORE,1786306885490442.440	,1.060,0.040000,1,0,NO,"""1,1,2560""",FLOAT16,ND,"""1,1,2048;1,1,256;1,1,256""",FLOAT16;FLOAT16;FLOAT16,ND;ND;ND,N/A,0.0,0,0.0,0.0,0.0,0.0,0.0,0.0,0.0,0.0,0.0,0.0,0.0,0.515,927,0.008,0.015,0.137,0.266,0.124,0.242,0.137,0.266,0.263,0.000
0,6,2,46,6,Scatter_3,Scatter,static,AI_VECTOR_CORE,1786306885490443.520	,1.120,0.000000,2,0,NO,"""1,2,1024,128;1;1,2,1,128""",FLOAT16;INT64;FLOAT16,NCHW;NCHW;NCHW,"""1,2,1024,128""",FLOAT16,NCHW,N/A,0.0,0,0.0,0.0,0.0,0.0,0.0,0.0,0.0,0.0,0.0,0.0,0.0,0.527,1896,0.008,0.015,0.121,0.229,0.119,0.225,0.119,0.226,0.214,0.000
0,6,2,47,6,ApplyRotaryPosEmb_1,ApplyRotaryPosEmb,static,AI_VECTOR_CORE,1786306885490444.660	,2.500,0.130000,1,0,NO,"""1,1,16,128;1,1,2,128;1,1,1,128;1,1,1,128""",FLOAT16;FLOAT16;FLOAT16;FLOAT16,NCHW;NCHW;NCHW;NCHW,"""1,1,16,128;1,1,2,128""",FLOAT16;FLOAT16,NCHW;NCHW,N/A,0.0,0,0.0,0.0,0.0,0.0,0.0,0.0,0.0,0.0,0.0,0.0,0.0,1.929,3473,0.158,0.082,1.346,0.697,0.165,0.086,0.153,0.079,0.168,0.000
0,6,2,48,6,Scatter_2,Scatter,static,AI_VECTOR_CORE,1786306885490447.180	,1.340,0.000000,2,0,NO,"""1,2,1024,128;1;1,2,1,128""",FLOAT16;INT64;FLOAT16,NCHW;NCHW;NCHW,"""1,2,1024,128""",FLOAT16,NCHW,N/A,0.0,0,0.0,0.0,0.0,0.0,0.0,0.0,0.0,0.0,0.0,0.0,0.0,0.633,2280,0.008,0.012,0.165,0.261,0.125,0.198,0.107,0.169,0.169,0.000
0,6,2,49,6,PaddleGqaIncreFlashAttentionAiv_1,PaddleGqaIncreFlashAttentionAiv,static,MIX_AIV,1786306885490449.540	,12.940,0.910000,32,0,NO,"""1,16,1,128;1,2,1024,128;1,2,1024,128;1,1,1,1024""",FLOAT16;FLOAT16;FLOAT16;BOOL,NCHW;NCHW;NCHW;NCHW,"""1,16,1,128""",FLOAT16,NCHW,0,0.0,0,0.0,0.0,0.0,0.0,0.0,0.0,0.0,0.0,0.0,0.0,0.0,11.535,664399,6.034,0.523,4.55,0.394,2.939,0.255,0.372,0.032,0.02,0.000
0,6,2,50,6,MatMul_6,MatMul,static,AI_CORE,1786306885490463.420	,4.940,1.060000,22,0,NO,"""1,2048;128,64,16,16""",FLOAT16;FLOAT16,ND;FRACTAL_NZ,"""1,1024""",FLOAT16,ND,N/A,3.846,152304,0.487,0.127,0.823,0.214,1.102,0.287,2.781,0.723,2.06,0.536,0.029,0.0,0,0.0,0.0,0.0,0.0,0.0,0.0,0.0,0.0,0.0,71.368
0,6,2,51,6,InplaceAddRmsNorm_2,InplaceAddRmsNorm,static,AI_VECTOR_CORE,1786306885490468.400	,1.620,0.060000,1,0,NO,"""1,1,1024;1,1,1024;1024""",FLOAT16;FLOAT16;FLOAT16,ND;ND;ND,"""1,1,1024;1,1,1;1,1,1024""",FLOAT16;FLOAT;FLOAT16,ND;ND;ND,N/A,0.0,0,0.0,0.0,0.0,0.0,0.0,0.0,0.0,0.0,0.0,0.0,0.0,1.074,1934,0.282,0.263,0.488,0.454,0.353,0.329,0.345,0.321,0.215,0.000
0,6,2,52,6,MatMul_7,MatMul,static,AI_CORE,1786306885490470.040	,5.500,0.000000,24,0,NO,"""1,1024;64,192,16,16""",FLOAT16;FLOAT16,ND;FRACTAL_NZ,"""1,3072""",FLOAT16,ND,N/A,4.529,195671,0.538,0.119,0.437,0.096,1.284,0.284,3.635,0.802,2.826,0.624,0.0,0.0,0,0.0,0.0,0.0,0.0,0.0,0.0,0.0,0.0,0.0,82.353
0,6,2,53,6,MatMul_8,MatMul,static,AI_CORE,1786306885490475.580	,5.820,0.000000,24,0,NO,"""1,1024;64,192,16,16""",FLOAT16;FLOAT16,ND;FRACTAL_NZ,"""1,3072""",FLOAT16,ND,N/A,4.493,194100,0.538,0.12,0.435,0.097,1.284,0.286,3.598,0.801,2.789,0.621,0.0,0.0,0,0.0,0.0,0.0,0.0,0.0,0.0,0.0,0.0,0.0,77.200
0,6,2,54,6,Swish_1Mul_4,AutomaticBufferFusionOp,static,AI_VECTOR_CORE,1786306885490481.420	,1.600,0.180000,3,0,NO,"""1,1,3072;1,1,3072""",FLOAT16;FLOAT16,ND;ND,"""1,1,3072""",FLOAT16,ND,N/A,0.0,0,0.0,0.0,0.0,0.0,0.0,0.0,0.0,0.0,0.0,0.0,0.0,0.852,4601,0.163,0.191,0.126,0.148,0.133,0.156,0.139,0.163,0.157,0.000
0,6,2,55,6,MatMul_9,MatMul,static,AI_CORE,1786306885490483.040	,6.280,0.000000,22,0,NO,"""1,3072;192,64,16,16""",FLOAT16;FLOAT16,ND;FRACTAL_NZ,"""1,1024""",FLOAT16,ND,N/A,4.644,183892,0.73,0.157,0.422,0.091,1.644,0.354,4.019,0.865,2.325,0.501,0.029,0.0,0,0.0,0.0,0.0,0.0,0.0,0.0,0.0,0.0,0.0,67.783
0,6,2,56,6,InplaceAddRmsNorm_3,InplaceAddRmsNorm,static,AI_VECTOR_CORE,1786306885490489.340	,1.600,0.000000,1,0,NO,"""1,1,1024;1,1,1024;1024""",FLOAT16;FLOAT16;FLOAT16,ND;ND;ND,"""1,1,1024;1,1,1;1,1,1024""",FLOAT16;FLOAT;FLOAT16,ND;ND;ND,N/A,0.0,0,0.0,0.0,0.0,0.0,0.0,0.0,0.0,0.0,0.0,0.0,0.0,1.045,1881,0.282,0.27,0.429,0.41,0.371,0.355,0.359,0.343,0.223,0.000
0,6,2,57,6,MatMul_10,MatMul,static,AI_CORE,1786306885490490.980	,4.880,0.150000,23,0,NO,"""1,1024;64,160,16,16""",FLOAT16;FLOAT16,ND;FRACTAL_NZ,"""1,2560""",FLOAT16,ND,N/A,3.995,165388,0.527,0.132,0.409,0.102,1.137,0.285,3.096,0.775,2.529,0.633,0.001,0.0,0,0.0,0.0,0.0,0.0,0.0,0.0,0.0,0.0,0.0,78.451
0,6,2,58,6,SplitV_4,SplitVD,static,AI_VECTOR_CORE,1786306885490495.880	,1.140,0.120000,1,0,NO,"""1,1,2560""",FLOAT16,ND,"""1,1,2048;1,1,256;1,1,256""",FLOAT16;FLOAT16;FLOAT16,ND;ND;ND,N/A,0.0,0,0.0,0.0,0.0,0.0,0.0,0.0,0.0,0.0,0.0,0.0,0.0,0.565,1017,0.008,0.014,0.143,0.253,0.134,0.237,0.149,0.264,0.286,0.000
0,6,2,59,6,Scatter_5,Scatter,static,AI_VECTOR_CORE,1786306885490497.040	,1.240,0.000000,2,0,NO,"""1,2,1024,128;1;1,2,1,128""",FLOAT16;INT64;FLOAT16,NCHW;NCHW;NCHW,"""1,2,1024,128""",FLOAT16,NCHW,N/A,0.0,0,0.0,0.0,0.0,0.0,0.0,0.0,0.0,0.0,0.0,0.0,0.0,0.61,2197,0.008,0.013,0.125,0.204,0.128,0.209,0.13,0.213,0.169,0.000
0,6,2,60,6,ApplyRotaryPosEmb_2,ApplyRotaryPosEmb,static,AI_VECTOR_CORE,1786306885490498.300	,2.580,0.010000,1,0,NO,"""1,1,16,128;1,1,2,128;1,1,1,128;1,1,1,128""",FLOAT16;FLOAT16;FLOAT16;FLOAT16,NCHW;NCHW;NCHW;NCHW,"""1,1,16,128;1,1,2,128""",FLOAT16;FLOAT16,NCHW;NCHW,N/A,0.0,0,0.0,0.0,0.0,0.0,0.0,0.0,0.0,0.0,0.0,0.0,0.0,2.069,3725,0.153,0.074,1.481,0.715,0.167,0.081,0.148,0.071,0.172,0.000
0,6,2,61,6,Scatter_4,Scatter,static,AI_VECTOR_CORE,1786306885490500.900	,1.180,0.170000,2,0,NO,"""1,2,1024,128;1;1,2,1,128""",FLOAT16;INT64;FLOAT16,NCHW;NCHW;NCHW,"""1,2,1024,128""",FLOAT16,NCHW,N/A,0.0,0,0.0,0.0,0.0,0.0,0.0,0.0,0.0,0.0,0.0,0.0,0.0,0.557,2005,0.008,0.014,0.128,0.23,0.124,0.223,0.088,0.159,0.211,0.000
0,6,2,62,6,PaddleGqaIncreFlashAttentionAiv_2,PaddleGqaIncreFlashAttentionAiv,static,MIX_AIV,1786306885490503.360	,14.120,1.070000,32,0,NO,"""1,16,1,128;1,2,1024,128;1,2,1024,128;1,1,1,1024""",FLOAT16;FLOAT16;FLOAT16;BOOL,NCHW;NCHW;NCHW;NCHW,"""1,16,1,128""",FLOAT16,NCHW,0,0.0,0,0.0,0.0,0.0,0.0,0.0,0.0,0.0,0.0,0.0,0.0,0.0,12.698,731417,6.034,0.475,5.64,0.444,3.01,0.237,0.391,0.031,0.02,0.000
0,6,2,63,6,MatMul_11,MatMul,static,AI_CORE,1786306885490518.480	,4.660,1.130000,22,0,NO,"""1,2048;128,64,16,16""",FLOAT16;FLOAT16,ND;FRACTAL_NZ,"""1,1024""",FLOAT16,ND,N/A,3.303,130807,0.488,0.148,0.42,0.127,1.12,0.339,2.608,0.789,2.207,0.668,0.002,0.0,0,0.0,0.0,0.0,0.0,0.0,0.0,0.0,0.0,0.0,64.977
0,6,2,64,6,InplaceAddRmsNorm_4,InplaceAddRmsNorm,static,AI_VECTOR_CORE,1786306885490523.160	,1.560,0.090000,1,0,NO,"""1,1,1024;1,1,1024;1024""",FLOAT16;FLOAT16;FLOAT16,ND;ND;ND,"""1,1,1024;1,1,1;1,1,1024""",FLOAT16;FLOAT;FLOAT16,ND;ND;ND,N/A,0.0,0,0.0,0.0,0.0,0.0,0.0,0.0,0.0,0.0,0.0,0.0,0.0,1.076,1936,0.282,0.262,0.472,0.439,0.38,0.353,0.378,0.351,0.223,0.000
0,6,2,65,6,MatMul_12,MatMul,static,AI_CORE,1786306885490524.760	,6.240,0.000000,24,0,NO,"""1,1024;64,192,16,16""",FLOAT16;FLOAT16,ND;FRACTAL_NZ,"""1,3072""",FLOAT16,ND,N/A,4.377,189077,0.538,0.123,0.438,0.1,1.287,0.294,3.355,0.767,2.175,0.497,0.0,0.0,0,0.0,0.0,0.0,0.0,0.0,0.0,0.0,0.0,0.0,70.141
0,6,2,66,6,MatMul_13,MatMul,static,AI_CORE,1786306885490531.020	,6.380,0.010000,24,0,NO,"""1,1024;64,192,16,16""",FLOAT16;FLOAT16,ND;FRACTAL_NZ,"""1,3072""",FLOAT16,ND,N/A,5.073,219138,0.538,0.106,0.871,0.172,1.282,0.253,3.692,0.728,2.539,0.501,0.0,0.0,0,0.0,0.0,0.0,0.0,0.0,0.0,0.0,0.0,0.0,79.508
0,6,2,67,6,Swish_2Mul_5,AutomaticBufferFusionOp,static,AI_VECTOR_CORE,1786306885490537.420	,1.540,0.120000,3,0,NO,"""1,1,3072;1,1,3072""",FLOAT16;FLOAT16,ND;ND,"""1,1,3072""",FLOAT16,ND,N/A,0.0,0,0.0,0.0,0.0,0.0,0.0,0.0,0.0,0.0,0.0,0.0,0.0,0.802,4329,0.163,0.204,0.138,0.172,0.138,0.172,0.13,0.162,0.185,0.000
0,6,2,68,6,MatMul_14,MatMul,static,AI_CORE,1786306885490538.980	,5.680,0.000000,22,0,NO,"""1,3072;192,64,16,16""",FLOAT16;FLOAT16,ND;FRACTAL_NZ,"""1,1024""",FLOAT16,ND,N/A,4.547,180071,0.732,0.161,0.436,0.096,1.635,0.36,3.907,0.859,2.146,0.472,0.004,0.0,0,0.0,0.0,0.0,0.0,0.0,0.0,0.0,0.0,0.0,73.386
0,6,2,69,6,InplaceAddRmsNorm_5,InplaceAddRmsNorm,static,AI_VECTOR_CORE,1786306885490544.700	,1.560,0.070000,1,0,NO,"""1,1,1024;1,1,1024;1024""",FLOAT16;FLOAT16;FLOAT16,ND;ND;ND,"""1,1,1024;1,1,1;1,1,1024""",FLOAT16;FLOAT;FLOAT16,ND;ND;ND,N/A,0.0,0,0.0,0.0,0.0,0.0,0.0,0.0,0.0,0.0,0.0,0.0,0.0,1.046,1883,0.282,0.27,0.441,0.422,0.372,0.356,0.355,0.339,0.223,0.000
0,6,2,70,6,MatMul_15,MatMul,static,AI_CORE,1786306885490546.280	,5.140,0.000000,23,0,NO,"""1,1024;64,160,16,16""",FLOAT16;FLOAT16,ND;FRACTAL_NZ,"""1,2560""",FLOAT16,ND,N/A,3.931,162756,0.527,0.134,0.472,0.12,1.135,0.289,2.94,0.748,2.333,0.593,0.001,0.0,0,0.0,0.0,0.0,0.0,0.0,0.0,0.0,0.0,0.0,73.298
0,6,2,71,6,SplitV_5,SplitVD,static,AI_VECTOR_CORE,1786306885490551.440	,1.120,0.110000,1,0,NO,"""1,1,2560""",FLOAT16,ND,"""1,1,2048;1,1,256;1,1,256""",FLOAT16;FLOAT16;FLOAT16,ND;ND;ND,N/A,0.0,0,0.0,0.0,0.0,0.0,0.0,0.0,0.0,0.0,0.0,0.0,0.0,0.568,1022,0.008,0.014,0.168,0.296,0.123,0.216,0.135,0.238,0.263,0.000
0,6,2,72,6,Scatter_7,Scatter,static,AI_VECTOR_CORE,1786306885490552.580	,1.240,0.000000,2,0,NO,"""1,2,1024,128;1;1,2,1,128""",FLOAT16;INT64;FLOAT16,NCHW;NCHW;NCHW,"""1,2,1024,128""",FLOAT16,NCHW,N/A,0.0,0,0.0,0.0,0.0,0.0,0.0,0.0,0.0,0.0,0.0,0.0,0.0,0.585,2105,0.008,0.013,0.143,0.244,0.112,0.191,0.108,0.185,0.2,0.000
0,6,2,73,6,ApplyRotaryPosEmb_3,ApplyRotaryPosEmb,static,AI_VECTOR_CORE,1786306885490553.840	,2.440,0.010000,1,0,NO,"""1,1,16,128;1,1,2,128;1,1,1,128;1,1,1,128""",FLOAT16;FLOAT16;FLOAT16;FLOAT16,NCHW;NCHW;NCHW;NCHW,"""1,1,16,128;1,1,2,128""",FLOAT16;FLOAT16,NCHW;NCHW,N/A,0.0,0,0.0,0.0,0.0,0.0,0.0,0.0,0.0,0.0,0.0,0.0,0.0,1.879,3382,0.164,0.088,1.273,0.677,0.158,0.084,0.149,0.079,0.164,0.000
0,6,2,74,6,Scatter_6,Scatter,static,AI_VECTOR_CORE,1786306885490556.300	,1.320,0.060000,2,0,NO,"""1,2,1024,128;1;1,2,1,128""",FLOAT16;INT64;FLOAT16,NCHW;NCHW;NCHW,"""1,2,1024,128""",FLOAT16,NCHW,N/A,0.0,0,0.0,0.0,0.0,0.0,0.0,0.0,0.0,0.0,0.0,0.0,0.0,0.611,2201,0.008,0.013,0.153,0.249,0.113,0.184,0.103,0.169,0.169,0.000
0,6,2,75,6,PaddleGqaIncreFlashAttentionAiv_3,PaddleGqaIncreFlashAttentionAiv,static,MIX_AIV,1786306885490558.980	,14.860,1.430000,32,0,NO,"""1,16,1,128;1,2,1024,128;1,2,1024,128;1,1,1,1024""",FLOAT16;FLOAT16;FLOAT16;BOOL,NCHW;NCHW;NCHW;NCHW,"""1,16,1,128""",FLOAT16,NCHW,0,0.0,0,0.0,0.0,0.0,0.0,0.0,0.0,0.0,0.0,0.0,0.0,0.0,13.387,771073,6.035,0.451,6.227,0.465,3.072,0.229,0.42,0.031,0.02,0.000
0,6,2,76,6,MatMul_16,MatMul,static,AI_CORE,1786306885490574.700	,4.500,0.890000,22,0,NO,"""1,2048;128,64,16,16""",FLOAT16;FLOAT16,ND;FRACTAL_NZ,"""1,1024""",FLOAT16,ND,N/A,3.331,131916,0.487,0.146,0.452,0.136,1.117,0.335,2.613,0.785,2.2,0.66,0.002,0.0,0,0.0,0.0,0.0,0.0,0.0,0.0,0.0,0.0,0.0,67.858
0,6,2,77,6,InplaceAddRmsNorm_6,InplaceAddRmsNorm,static,AI_VECTOR_CORE,1786306885490579.220	,1.660,0.000000,1,0,NO,"""1,1,1024;1,1,1024;1024""",FLOAT16;FLOAT16;FLOAT16,ND;ND;ND,"""1,1,1024;1,1,1;1,1,1024""",FLOAT16;FLOAT;FLOAT16,ND;ND;ND,N/A,0.0,0,0.0,0.0,0.0,0.0,0.0,0.0,0.0,0.0,0.0,0.0,0.0,1.147,2064,0.282,0.246,0.439,0.383,0.521,0.454,0.367,0.32,0.223,0.000
0,6,2,78,6,MatMul_17,MatMul,static,AI_CORE,1786306885490580.900	,6.280,0.090000,24,0,NO,"""1,1024;64,192,16,16""",FLOAT16;FLOAT16,ND;FRACTAL_NZ,"""1,3072""",FLOAT16,ND,N/A,4.418,190837,0.538,0.122,0.485,0.11,1.288,0.292,3.373,0.764,2.157,0.488,0.0,0.0,0,0.0,0.0,0.0,0.0,0.0,0.0,0.0,0.0,0.0,70.343
0,6,2,79,6,MatMul_18,MatMul,static,AI_CORE,1786306885490587.200	,6.780,0.000000,24,0,NO,"""1,1024;64,192,16,16""",FLOAT16;FLOAT16,ND;FRACTAL_NZ,"""1,3072""",FLOAT16,ND,N/A,5.411,233761,0.538,0.099,1.003,0.185,1.285,0.238,3.921,0.725,2.623,0.485,0.0,0.0,0,0.0,0.0,0.0,0.0,0.0,0.0,0.0,0.0,0.0,79.810
0,6,2,80,6,Swish_3Mul_6,AutomaticBufferFusionOp,static,AI_VECTOR_CORE,1786306885490594.000	,1.440,0.000000,3,0,NO,"""1,1,3072;1,1,3072""",FLOAT16;FLOAT16,ND;ND,"""1,1,3072""",FLOAT16,ND,N/A,0.0,0,0.0,0.0,0.0,0.0,0.0,0.0,0.0,0.0,0.0,0.0,0.0,0.756,4083,0.163,0.215,0.119,0.157,0.132,0.174,0.136,0.18,0.219,0.000
0,6,2,81,6,MatMul_19,MatMul,static,AI_CORE,1786306885490595.460	,6.060,0.060000,22,0,NO,"""1,3072;192,64,16,16""",FLOAT16;FLOAT16,ND;FRACTAL_NZ,"""1,1024""",FLOAT16,ND,N/A,4.582,181465,0.732,0.16,0.475,0.104,1.644,0.359,3.896,0.85,2.209,0.482,0.004,0.0,0,0.0,0.0,0.0,0.0,0.0,0.0,0.0,0.0,0.0,69.316
0,6,2,82,6,InplaceAddRmsNorm_7,InplaceAddRmsNorm,static,AI_VECTOR_CORE,1786306885490601.540	,1.580,0.000000,1,0,NO,"""1,1,1024;1,1,1024;1024""",FLOAT16;FLOAT16;FLOAT16,ND;ND;ND,"""1,1,1024;1,1,1;1,1,1024""",FLOAT16;FLOAT;FLOAT16,ND;ND;ND,N/A,0.0,0,0.0,0.0,0.0,0.0,0.0,0.0,0.0,0.0,0.0,0.0,0.0,1.089,1960,0.282,0.259,0.488,0.448,0.373,0.343,0.376,0.345,0.223,0.000
0,6,2,83,6,MatMul_20,MatMul,static,AI_CORE,1786306885490603.160	,4.940,0.170000,23,0,NO,"""1,1024;64,160,16,16""",FLOAT16;FLOAT16,ND;FRACTAL_NZ,"""1,2560""",FLOAT16,ND,N/A,3.823,158252,0.527,0.138,0.451,0.118,1.137,0.298,2.869,0.75,2.299,0.601,0.001,0.0,0,0.0,0.0,0.0,0.0,0.0,0.0,0.0,0.0,0.0,74.155
0,6,2,84,6,SplitV_6,SplitVD,static,AI_VECTOR_CORE,1786306885490608.120	,1.020,0.000000,1,0,NO,"""1,1,2560""",FLOAT16,ND,"""1,1,2048;1,1,256;1,1,256""",FLOAT16;FLOAT16;FLOAT16,ND;ND;ND,N/A,0.0,0,0.0,0.0,0.0,0.0,0.0,0.0,0.0,0.0,0.0,0.0,0.0,0.526,946,0.008,0.015,0.114,0.217,0.126,0.24,0.141,0.268,0.263,0.000
0,6,2,85,6,Scatter_9,Scatter,static,AI_VECTOR_CORE,1786306885490609.180	,1.260,0.230000,2,0,NO,"""1,2,1024,128;1;1,2,1,128""",FLOAT16;INT64;FLOAT16,NCHW;NCHW;NCHW,"""1,2,1024,128""",FLOAT16,NCHW,N/A,0.0,0,0.0,0.0,0.0,0.0,0.0,0.0,0.0,0.0,0.0,0.0,0.0,0.604,2173,0.008,0.013,0.137,0.226,0.121,0.2,0.121,0.201,0.169,0.000
0,6,2,86,6,ApplyRotaryPosEmb_4,ApplyRotaryPosEmb,static,AI_VECTOR_CORE,1786306885490610.460	,2.380,0.000000,1,0,NO,"""1,1,16,128;1,1,2,128;1,1,1,128;1,1,1,128""",FLOAT16;FLOAT16;FLOAT16;FLOAT16,NCHW;NCHW;NCHW;NCHW,"""1,1,16,128;1,1,2,128""",FLOAT16;FLOAT16,NCHW;NCHW,N/A,0.0,0,0.0,0.0,0.0,0.0,0.0,0.0,0.0,0.0,0.0,0.0,0.0,1.861,3349,0.158,0.085,1.299,0.698,0.153,0.082,0.142,0.076,0.169,0.000
0,6,2,87,6,Scatter_8,Scatter,static,AI_VECTOR_CORE,1786306885490612.880	,1.140,0.120000,2,0,NO,"""1,2,1024,128;1;1,2,1,128""",FLOAT16;INT64;FLOAT16,NCHW;NCHW;NCHW,"""1,2,1024,128""",FLOAT16,NCHW,N/A,0.0,0,0.0,0.0,0.0,0.0,0.0,0.0,0.0,0.0,0.0,0.0,0.0,0.543,1953,0.008,0.014,0.134,0.248,0.112,0.207,0.111,0.205,0.214,0.000
0,6,2,88,6,PaddleGqaIncreFlashAttentionAiv_4,PaddleGqaIncreFlashAttentionAiv,static,MIX_AIV,1786306885490615.280	,12.920,1.110000,32,0,NO,"""1,16,1,128;1,2,1024,128;1,2,1024,128;1,1,1,1024""",FLOAT16;FLOAT16;FLOAT16;BOOL,NCHW;NCHW;NCHW;NCHW,"""1,16,1,128""",FLOAT16,NCHW,0,0.0,0,0.0,0.0,0.0,0.0,0.0,0.0,0.0,0.0,0.0,0.0,0.0,11.533,664311,6.033,0.523,4.356,0.378,2.695,0.234,0.325,0.028,0.009,0.000
0,6,2,89,6,MatMul_21,MatMul,static,AI_CORE,1786306885490629.160	,4.300,1.080000,22,0,NO,"""1,2048;128,64,16,16""",FLOAT16;FLOAT16,ND;FRACTAL_NZ,"""1,1024""",FLOAT16,ND,N/A,3.23,127903,0.488,0.151,0.447,0.138,1.109,0.343,2.535,0.785,2.149,0.665,0.002,0.0,0,0.0,0.0,0.0,0.0,0.0,0.0,0.0,0.0,0.0,68.854
0,6,2,90,6,InplaceAddRmsNorm_8,InplaceAddRmsNorm,static,AI_VECTOR_CORE,1786306885490633.480	,1.540,0.000000,1,0,NO,"""1,1,1024;1,1,1024;1024""",FLOAT16;FLOAT16;FLOAT16,ND;ND;ND,"""1,1,1024;1,1,1;1,1,1024""",FLOAT16;FLOAT;FLOAT16,ND;ND;ND,N/A,0.0,0,0.0,0.0,0.0,0.0,0.0,0.0,0.0,0.0,0.0,0.0,0.0,1.081,1945,0.282,0.261,0.502,0.464,0.376,0.348,0.366,0.338,0.215,0.000
0,6,2,91,6,MatMul_22,MatMul,static,AI_CORE,1786306885490635.040	,6.400,0.000000,24,0,NO,"""1,1024;64,192,16,16""",FLOAT16;FLOAT16,ND;FRACTAL_NZ,"""1,3072""",FLOAT16,ND,N/A,4.42,190942,0.538,0.122,0.492,0.111,1.286,0.291,3.372,0.763,2.242,0.507,0.0,0.0,0,0.0,0.0,0.0,0.0,0.0,0.0,0.0,0.0,0.0,69.062
0,6,2,92,6,MatMul_23,MatMul,static,AI_CORE,1786306885490641.460	,5.640,0.100000,24,0,NO,"""1,1024;64,192,16,16""",FLOAT16;FLOAT16,ND;FRACTAL_NZ,"""1,3072""",FLOAT16,ND,N/A,4.528,195619,0.538,0.119,0.491,0.108,1.283,0.283,3.579,0.79,2.687,0.593,0.0,0.0,0,0.0,0.0,0.0,0.0,0.0,0.0,0.0,0.0,0.0,80.288
0,6,2,93,6,Swish_4Mul_7,AutomaticBufferFusionOp,static,AI_VECTOR_CORE,1786306885490647.120	,1.500,0.000000,3,0,NO,"""1,1,3072;1,1,3072""",FLOAT16;FLOAT16,ND;ND,"""1,1,3072""",FLOAT16,ND,N/A,0.0,0,0.0,0.0,0.0,0.0,0.0,0.0,0.0,0.0,0.0,0.0,0.0,0.834,4503,0.163,0.196,0.159,0.191,0.159,0.19,0.139,0.167,0.176,0.000
0,6,2,94,6,MatMul_24,MatMul,static,AI_CORE,1786306885490648.640	,5.660,0.250000,22,0,NO,"""1,3072;192,64,16,16""",FLOAT16;FLOAT16,ND;FRACTAL_NZ,"""1,1024""",FLOAT16,ND,N/A,4.611,182578,0.73,0.158,0.48,0.104,1.638,0.355,3.937,0.854,2.231,0.484,0.004,0.0,0,0.0,0.0,0.0,0.0,0.0,0.0,0.0,0.0,0.0,74.670
0,6,2,95,6,InplaceAddRmsNorm_9,InplaceAddRmsNorm,static,AI_VECTOR_CORE,1786306885490654.320	,1.700,0.000000,1,0,NO,"""1,1,1024;1,1,1024;1024""",FLOAT16;FLOAT16;FLOAT16,ND;ND;ND,"""1,1,1024;1,1,1;1,1,1024""",FLOAT16;FLOAT;FLOAT16,ND;ND;ND,N/A,0.0,0,0.0,0.0,0.0,0.0,0.0,0.0,0.0,0.0,0.0,0.0,0.0,1.19,2142,0.282,0.237,0.477,0.401,0.525,0.441,0.369,0.31,0.223,0.000
0,6,2,96,6,MatMul_25,MatMul,static,AI_CORE,1786306885490656.040	,6.620,0.050000,23,0,NO,"""1,1024;64,160,16,16""",FLOAT16;FLOAT16,ND;FRACTAL_NZ,"""1,2560""",FLOAT16,ND,N/A,4.747,196515,0.527,0.111,0.966,0.203,1.134,0.239,3.239,0.682,2.003,0.422,0.001,0.0,0,0.0,0.0,0.0,0.0,0.0,0.0,0.0,0.0,0.0,68.715
0,6,2,97,6,SplitV_7,SplitVD,static,AI_VECTOR_CORE,1786306885490662.680	,1.000,0.130000,1,0,NO,"""1,1,2560""",FLOAT16,ND,"""1,1,2048;1,1,256;1,1,256""",FLOAT16;FLOAT16;FLOAT16,ND;ND;ND,N/A,0.0,0,0.0,0.0,0.0,0.0,0.0,0.0,0.0,0.0,0.0,0.0,0.0,0.494,889,0.008,0.016,0.101,0.204,0.121,0.244,0.146,0.295,0.263,0.000
0,6,2,98,6,Scatter_11,Scatter,static,AI_VECTOR_CORE,1786306885490663.720	,1.100,0.000000,2,0,NO,"""1,2,1024,128;1;1,2,1,128""",FLOAT16;INT64;FLOAT16,NCHW;NCHW;NCHW,"""1,2,1024,128""",FLOAT16,NCHW,N/A,0.0,0,0.0,0.0,0.0,0.0,0.0,0.0,0.0,0.0,0.0,0.0,0.0,0.512,1843,0.008,0.015,0.124,0.241,0.12,0.235,0.105,0.205,0.214,0.000
0,6,2,99,6,ApplyRotaryPosEmb_5,ApplyRotaryPosEmb,static,AI_VECTOR_CORE,1786306885490664.840	,2.340,0.000000,1,0,NO,"""1,1,16,128;1,1,2,128;1,1,1,128;1,1,1,128""",FLOAT16;FLOAT16;FLOAT16;FLOAT16,NCHW;NCHW;NCHW;NCHW,"""1,1,16,128;1,1,2,128""",FLOAT16;FLOAT16,NCHW;NCHW,N/A,0.0,0,0.0,0.0,0.0,0.0,0.0,0.0,0.0,0.0,0.0,0.0,0.0,1.818,3273,0.153,0.084,1.269,0.698,0.161,0.088,0.143,0.079,0.161,0.000
0,6,2,100,6,Scatter_10,Scatter,static,AI_VECTOR_CORE,1786306885490667.220	,1.220,0.160000,2,0,NO,"""1,2,1024,128;1;1,2,1,128""",FLOAT16;INT64;FLOAT16,NCHW;NCHW;NCHW,"""1,2,1024,128""",FLOAT16,NCHW,N/A,0.0,0,0.0,0.0,0.0,0.0,0.0,0.0,0.0,0.0,0.0,0.0,0.0,0.6,2160,0.008,0.013,0.154,0.257,0.121,0.201,0.093,0.155,0.169,0.000
0,6,2,101,6,PaddleGqaIncreFlashAttentionAiv_5,PaddleGqaIncreFlashAttentionAiv,static,MIX_AIV,1786306885490669.700	,14.700,1.280000,32,0,NO,"""1,16,1,128;1,2,1024,128;1,2,1024,128;1,1,1,1024""",FLOAT16;FLOAT16;FLOAT16;BOOL,NCHW;NCHW;NCHW;NCHW,"""1,16,1,128""",FLOAT16,NCHW,0,0.0,0,0.0,0.0,0.0,0.0,0.0,0.0,0.0,0.0,0.0,0.0,0.0,13.293,765663,6.034,0.454,6.16,0.463,3.121,0.235,0.359,0.027,0.006,0.000
0,6,2,102,6,MatMul_26,MatMul,static,AI_CORE,1786306885490685.380	,4.480,1.050000,22,0,NO,"""1,2048;128,64,16,16""",FLOAT16;FLOAT16,ND;FRACTAL_NZ,"""1,1024""",FLOAT16,ND,N/A,3.343,132376,0.487,0.146,0.463,0.138,1.107,0.331,2.65,0.793,2.188,0.655,0.002,0.0,0,0.0,0.0,0.0,0.0,0.0,0.0,0.0,0.0,0.0,68.399
0,6,2,103,6,InplaceAddRmsNorm_10,InplaceAddRmsNorm,static,AI_VECTOR_CORE,1786306885490689.880	,1.600,0.020000,1,0,NO,"""1,1,1024;1,1,1024;1024""",FLOAT16;FLOAT16;FLOAT16,ND;ND;ND,"""1,1,1024;1,1,1;1,1,1024""",FLOAT16;FLOAT;FLOAT16,ND;ND;ND,N/A,0.0,0,0.0,0.0,0.0,0.0,0.0,0.0,0.0,0.0,0.0,0.0,0.0,1.041,1873,0.282,0.271,0.413,0.397,0.377,0.363,0.369,0.355,0.223,0.000
0,6,2,104,6,MatMul_27,MatMul,static,AI_CORE,1786306885490691.500	,5.980,0.000000,24,0,NO,"""1,1024;64,192,16,16""",FLOAT16;FLOAT16,ND;FRACTAL_NZ,"""1,3072""",FLOAT16,ND,N/A,4.747,205088,0.538,0.113,0.487,0.103,1.283,0.27,3.79,0.798,2.958,0.623,0.0,0.0,0,0.0,0.0,0.0,0.0,0.0,0.0,0.0,0.0,0.0,79.388
0,6,2,105,6,MatMul_28,MatMul,static,AI_CORE,1786306885490697.520	,6.080,0.020000,24,0,NO,"""1,1024;64,192,16,16""",FLOAT16;FLOAT16,ND;FRACTAL_NZ,"""1,3072""",FLOAT16,ND,N/A,4.541,196153,0.538,0.118,0.517,0.114,1.281,0.282,3.506,0.772,2.767,0.609,0.0,0.0,0,0.0,0.0,0.0,0.0,0.0,0.0,0.0,0.0,0.0,74.681
0,6,2,106,6,Swish_5Mul_8,AutomaticBufferFusionOp,static,AI_VECTOR_CORE,1786306885490703.640	,1.620,0.170000,3,0,NO,"""1,1,3072;1,1,3072""",FLOAT16;FLOAT16,ND;ND,"""1,1,3072""",FLOAT16,ND,N/A,0.0,0,0.0,0.0,0.0,0.0,0.0,0.0,0.0,0.0,0.0,0.0,0.0,0.899,4856,0.163,0.181,0.154,0.171,0.138,0.153,0.136,0.152,0.176,0.000
0,6,2,107,6,MatMul_29,MatMul,static,AI_CORE,1786306885490705.280	,6.100,0.000000,22,0,NO,"""1,3072;192,64,16,16""",FLOAT16;FLOAT16,ND;FRACTAL_NZ,"""1,1024""",FLOAT16,ND,N/A,4.485,177611,0.729,0.163,0.404,0.09,1.643,0.366,3.875,0.864,2.236,0.499,0.004,0.0,0,0.0,0.0,0.0,0.0,0.0,0.0,0.0,0.0,0.0,67.399
0,6,2,108,6,InplaceAddRmsNorm_11,InplaceAddRmsNorm,static,AI_VECTOR_CORE,1786306885490711.420	,1.500,0.150000,1,0,NO,"""1,1,1024;1,1,1024;1024""",FLOAT16;FLOAT16;FLOAT16,ND;ND;ND,"""1,1,1024;1,1,1;1,1,1024""",FLOAT16;FLOAT;FLOAT16,ND;ND;ND,N/A,0.0,0,0.0,0.0,0.0,0.0,0.0,0.0,0.0,0.0,0.0,0.0,0.0,1.044,1879,0.282,0.27,0.469,0.449,0.368,0.352,0.362,0.347,0.223,0.000
0,6,2,109,6,MatMul_30,MatMul,static,AI_CORE,1786306885490712.940	,6.220,0.000000,23,0,NO,"""1,1024;64,160,16,16""",FLOAT16;FLOAT16,ND;FRACTAL_NZ,"""1,2560""",FLOAT16,ND,N/A,5.038,208582,0.527,0.105,0.862,0.171,1.134,0.225,3.665,0.727,2.645,0.525,0.001,0.0,0,0.0,0.0,0.0,0.0,0.0,0.0,0.0,0.0,0.0,77.625
0,6,2,110,6,SplitV_8,SplitVD,static,AI_VECTOR_CORE,1786306885490719.200	,1.060,0.030000,1,0,NO,"""1,1,2560""",FLOAT16,ND,"""1,1,2048;1,1,256;1,1,256""",FLOAT16;FLOAT16;FLOAT16,ND;ND;ND,N/A,0.0,0,0.0,0.0,0.0,0.0,0.0,0.0,0.0,0.0,0.0,0.0,0.0,0.619,1115,0.008,0.013,0.108,0.175,0.127,0.205,0.151,0.243,0.263,0.000
0,6,2,111,6,Scatter_13,Scatter,static,AI_VECTOR_CORE,1786306885490720.300	,1.260,0.000000,2,0,NO,"""1,2,1024,128;1;1,2,1,128""",FLOAT16;INT64;FLOAT16,NCHW;NCHW;NCHW,"""1,2,1024,128""",FLOAT16,NCHW,N/A,0.0,0,0.0,0.0,0.0,0.0,0.0,0.0,0.0,0.0,0.0,0.0,0.0,0.667,2400,0.008,0.012,0.164,0.246,0.11,0.165,0.098,0.147,0.214,0.000
0,6,2,112,6,ApplyRotaryPosEmb_6,ApplyRotaryPosEmb,static,AI_VECTOR_CORE,1786306885490721.580	,2.400,0.000000,1,0,NO,"""1,1,16,128;1,1,2,128;1,1,1,128;1,1,1,128""",FLOAT16;FLOAT16;FLOAT16;FLOAT16,NCHW;NCHW;NCHW;NCHW,"""1,1,16,128;1,1,2,128""",FLOAT16;FLOAT16,NCHW;NCHW,N/A,0.0,0,0.0,0.0,0.0,0.0,0.0,0.0,0.0,0.0,0.0,0.0,0.0,1.889,3400,0.158,0.084,1.334,0.706,0.154,0.082,0.134,0.071,0.164,0.000
0,6,2,113,6,Scatter_12,Scatter,static,AI_VECTOR_CORE,1786306885490724.000	,1.180,0.100000,2,0,NO,"""1,2,1024,128;1;1,2,1,128""",FLOAT16;INT64;FLOAT16,NCHW;NCHW;NCHW,"""1,2,1024,128""",FLOAT16,NCHW,N/A,0.0,0,0.0,0.0,0.0,0.0,0.0,0.0,0.0,0.0,0.0,0.0,0.0,0.555,1998,0.008,0.014,0.136,0.246,0.104,0.187,0.109,0.197,0.214,0.000
0,6,2,114,6,PaddleGqaIncreFlashAttentionAiv_6,PaddleGqaIncreFlashAttentionAiv,static,MIX_AIV,1786306885490726.440	,12.580,1.320000,32,0,NO,"""1,16,1,128;1,2,1024,128;1,2,1024,128;1,1,1,1024""",FLOAT16;FLOAT16;FLOAT16;BOOL,NCHW;NCHW;NCHW;NCHW,"""1,16,1,128""",FLOAT16,NCHW,0,0.0,0,0.0,0.0,0.0,0.0,0.0,0.0,0.0,0.0,0.0,0.0,0.0,11.082,638351,6.033,0.544,4.517,0.408,3.208,0.289,0.439,0.04,0.006,0.000
0,6,2,115,6,MatMul_31,MatMul,static,AI_CORE,1786306885490739.760	,4.720,0.670000,22,0,NO,"""1,2048;128,64,16,16""",FLOAT16;FLOAT16,ND;FRACTAL_NZ,"""1,1024""",FLOAT16,ND,N/A,3.343,132401,0.489,0.146,0.555,0.166,1.111,0.332,2.569,0.768,2.154,0.644,0.002,0.0,0,0.0,0.0,0.0,0.0,0.0,0.0,0.0,0.0,0.0,64.933
0,6,2,116,6,InplaceAddRmsNorm_12,InplaceAddRmsNorm,static,AI_VECTOR_CORE,1786306885490744.500	,1.600,0.030000,1,0,NO,"""1,1,1024;1,1,1024;1024""",FLOAT16;FLOAT16;FLOAT16,ND;ND;ND,"""1,1,1024;1,1,1;1,1,1024""",FLOAT16;FLOAT;FLOAT16,ND;ND;ND,N/A,0.0,0,0.0,0.0,0.0,0.0,0.0,0.0,0.0,0.0,0.0,0.0,0.0,1.094,1970,0.282,0.258,0.517,0.473,0.375,0.343,0.352,0.322,0.215,0.000
0,6,2,117,6,MatMul_32,MatMul,static,AI_CORE,1786306885490746.120	,6.460,0.000000,24,0,NO,"""1,1024;64,192,16,16""",FLOAT16;FLOAT16,ND;FRACTAL_NZ,"""1,3072""",FLOAT16,ND,N/A,5.138,221961,0.538,0.105,0.883,0.172,1.284,0.25,3.728,0.726,2.462,0.479,0.0,0.0,0,0.0,0.0,0.0,0.0,0.0,0.0,0.0,0.0,0.0,79.535
0,6,2,118,6,MatMul_33,MatMul,static,AI_CORE,1786306885490752.600	,5.860,0.040000,24,0,NO,"""1,1024;64,192,16,16""",FLOAT16;FLOAT16,ND;FRACTAL_NZ,"""1,3072""",FLOAT16,ND,N/A,4.656,201153,0.538,0.115,0.42,0.09,1.282,0.275,3.771,0.81,2.84,0.61,0.0,0.0,0,0.0,0.0,0.0,0.0,0.0,0.0,0.0,0.0,0.0,79.459
0,6,2,119,6,Swish_6Mul_9,AutomaticBufferFusionOp,static,AI_VECTOR_CORE,1786306885490758.480	,1.560,0.140000,3,0,NO,"""1,1,3072;1,1,3072""",FLOAT16;FLOAT16,ND;ND,"""1,1,3072""",FLOAT16,ND,N/A,0.0,0,0.0,0.0,0.0,0.0,0.0,0.0,0.0,0.0,0.0,0.0,0.0,0.845,4561,0.163,0.193,0.119,0.141,0.14,0.166,0.14,0.166,0.157,0.000
0,6,2,120,6,MatMul_34,MatMul,static,AI_CORE,1786306885490760.060	,5.960,0.000000,22,0,NO,"""1,3072;192,64,16,16""",FLOAT16;FLOAT16,ND;FRACTAL_NZ,"""1,1024""",FLOAT16,ND,N/A,4.852,192132,0.729,0.15,0.416,0.086,1.623,0.334,4.203,0.866,2.511,0.518,0.004,0.0,0,0.0,0.0,0.0,0.0,0.0,0.0,0.0,0.0,0.0,74.622
0,6,2,121,6,InplaceAddRmsNorm_13,InplaceAddRmsNorm,static,AI_VECTOR_CORE,1786306885490766.040	,1.620,0.040000,1,0,NO,"""1,1,1024;1,1,1024;1024""",FLOAT16;FLOAT16;FLOAT16,ND;ND;ND,"""1,1,1024;1,1,1;1,1,1024""",FLOAT16;FLOAT;FLOAT16,ND;ND;ND,N/A,0.0,0,0.0,0.0,0.0,0.0,0.0,0.0,0.0,0.0,0.0,0.0,0.0,1.089,1961,0.282,0.259,0.496,0.455,0.387,0.355,0.36,0.33,0.215,0.000
0,6,2,122,6,MatMul_35,MatMul,static,AI_CORE,1786306885490767.700	,5.060,0.130000,23,0,NO,"""1,1024;64,160,16,16""",FLOAT16;FLOAT16,ND;FRACTAL_NZ,"""1,2560""",FLOAT16,ND,N/A,3.932,162800,0.527,0.134,0.414,0.105,1.136,0.289,3.0,0.763,2.436,0.619,0.001,0.0,0,0.0,0.0,0.0,0.0,0.0,0.0,0.0,0.0,0.0,74.477
0,6,2,123,6,SplitV_9,SplitVD,static,AI_VECTOR_CORE,1786306885490772.780	,1.100,0.000000,1,0,NO,"""1,1,2560""",FLOAT16,ND,"""1,1,2048;1,1,256;1,1,256""",FLOAT16;FLOAT16;FLOAT16,ND;ND;ND,N/A,0.0,0,0.0,0.0,0.0,0.0,0.0,0.0,0.0,0.0,0.0,0.0,0.0,0.536,965,0.008,0.015,0.126,0.234,0.134,0.25,0.162,0.303,0.263,0.000
0,6,2,124,6,Scatter_15,Scatter,static,AI_VECTOR_CORE,1786306885490773.900	,1.180,0.150000,2,0,NO,"""1,2,1024,128;1;1,2,1,128""",FLOAT16;INT64;FLOAT16,NCHW;NCHW;NCHW,"""1,2,1024,128""",FLOAT16,NCHW,N/A,0.0,0,0.0,0.0,0.0,0.0,0.0,0.0,0.0,0.0,0.0,0.0,0.0,0.587,2114,0.008,0.013,0.147,0.251,0.16,0.272,0.085,0.145,0.214,0.000
0,6,2,125,6,ApplyRotaryPosEmb_7,ApplyRotaryPosEmb,static,AI_VECTOR_CORE,1786306885490775.100	,2.540,0.000000,1,0,NO,"""1,1,16,128;1,1,2,128;1,1,1,128;1,1,1,128""",FLOAT16;FLOAT16;FLOAT16;FLOAT16,NCHW;NCHW;NCHW;NCHW,"""1,1,16,128;1,1,2,128""",FLOAT16;FLOAT16,NCHW;NCHW,N/A,0.0,0,0.0,0.0,0.0,0.0,0.0,0.0,0.0,0.0,0.0,0.0,0.0,1.972,3550,0.154,0.078,1.382,0.701,0.163,0.083,0.152,0.077,0.167,0.000
0,6,2,126,6,Scatter_14,Scatter,static,AI_VECTOR_CORE,1786306885490777.660	,1.200,0.210000,2,0,NO,"""1,2,1024,128;1;1,2,1,128""",FLOAT16;INT64;FLOAT16,NCHW;NCHW;NCHW,"""1,2,1024,128""",FLOAT16,NCHW,N/A,0.0,0,0.0,0.0,0.0,0.0,0.0,0.0,0.0,0.0,0.0,0.0,0.0,0.588,2118,0.008,0.013,0.131,0.222,0.111,0.188,0.108,0.184,0.169,0.000
0,6,2,127,6,PaddleGqaIncreFlashAttentionAiv_7,PaddleGqaIncreFlashAttentionAiv,static,MIX_AIV,1786306885490780.260	,11.900,1.300000,32,0,NO,"""1,16,1,128;1,2,1024,128;1,2,1024,128;1,1,1,1024""",FLOAT16;FLOAT16;FLOAT16;BOOL,NCHW;NCHW;NCHW;NCHW,"""1,16,1,128""",FLOAT16,NCHW,0,0.0,0,0.0,0.0,0.0,0.0,0.0,0.0,0.0,0.0,0.0,0.0,0.0,10.984,632700,6.032,0.549,4.437,0.404,3.224,0.294,0.36,0.033,0.004,0.000
0,6,2,128,6,MatMul_36,MatMul,static,AI_CORE,1786306885490792.960	,4.240,0.850000,22,0,NO,"""1,2048;128,64,16,16""",FLOAT16;FLOAT16,ND;FRACTAL_NZ,"""1,1024""",FLOAT16,ND,N/A,3.257,128987,0.489,0.15,0.424,0.13,1.132,0.347,2.583,0.793,2.196,0.674,0.002,0.0,0,0.0,0.0,0.0,0.0,0.0,0.0,0.0,0.0,0.0,70.420
0,6,2,129,6,InplaceAddRmsNorm_14,InplaceAddRmsNorm,static,AI_VECTOR_CORE,1786306885490797.240	,1.560,0.010000,1,0,NO,"""1,1,1024;1,1,1024;1024""",FLOAT16;FLOAT16;FLOAT16,ND;ND;ND,"""1,1,1024;1,1,1;1,1,1024""",FLOAT16;FLOAT;FLOAT16,ND;ND;ND,N/A,0.0,0,0.0,0.0,0.0,0.0,0.0,0.0,0.0,0.0,0.0,0.0,0.0,1.109,1996,0.282,0.255,0.506,0.456,0.386,0.348,0.384,0.347,0.223,0.000
0,6,2,130,6,MatMul_37,MatMul,static,AI_CORE,1786306885490798.820	,5.500,0.000000,24,0,NO,"""1,1024;64,192,16,16""",FLOAT16;FLOAT16,ND;FRACTAL_NZ,"""1,3072""",FLOAT16,ND,N/A,4.407,190374,0.538,0.122,0.432,0.098,1.285,0.291,3.521,0.799,2.724,0.618,0.0,0.0,0,0.0,0.0,0.0,0.0,0.0,0.0,0.0,0.0,0.0,80.124
0,6,2,131,6,MatMul_38,MatMul,static,AI_CORE,1786306885490804.360	,6.200,0.000000,24,0,NO,"""1,1024;64,192,16,16""",FLOAT16;FLOAT16,ND;FRACTAL_NZ,"""1,3072""",FLOAT16,ND,N/A,4.53,195713,0.538,0.119,0.431,0.095,1.281,0.283,3.561,0.786,2.78,0.614,0.0,0.0,0,0.0,0.0,0.0,0.0,0.0,0.0,0.0,0.0,0.0,73.071
0,6,2,132,6,Swish_7Mul_10,AutomaticBufferFusionOp,static,AI_VECTOR_CORE,1786306885490810.580	,1.620,0.050000,3,0,NO,"""1,1,3072;1,1,3072""",FLOAT16;FLOAT16,ND;ND,"""1,1,3072""",FLOAT16,ND,N/A,0.0,0,0.0,0.0,0.0,0.0,0.0,0.0,0.0,0.0,0.0,0.0,0.0,0.975,5265,0.163,0.167,0.173,0.177,0.138,0.141,0.149,0.153,0.194,0.000
0,6,2,133,6,MatMul_39,MatMul,static,AI_CORE,1786306885490812.220	,6.200,0.130000,22,0,NO,"""1,3072;192,64,16,16""",FLOAT16;FLOAT16,ND;FRACTAL_NZ,"""1,1024""",FLOAT16,ND,N/A,5.096,201803,0.733,0.144,0.815,0.16,1.652,0.324,4.098,0.804,2.192,0.43,0.003,0.0,0,0.0,0.0,0.0,0.0,0.0,0.0,0.0,0.0,0.0,75.345
0,6,2,134,6,InplaceAddRmsNorm_15,InplaceAddRmsNorm,static,AI_VECTOR_CORE,1786306885490818.440	,2.060,0.050000,1,0,NO,"""1,1,1024;1,1,1024;1024""",FLOAT16;FLOAT16;FLOAT16,ND;ND;ND,"""1,1,1024;1,1,1;1,1,1024""",FLOAT16;FLOAT;FLOAT16,ND;ND;ND,N/A,0.0,0,0.0,0.0,0.0,0.0,0.0,0.0,0.0,0.0,0.0,0.0,0.0,1.567,2821,0.282,0.18,0.471,0.3,0.399,0.255,0.353,0.225,0.223,0.000
0,6,2,135,6,MatMul_40,MatMul,static,AI_CORE,1786306885490820.520	,5.180,0.000000,23,0,NO,"""1,1024;64,160,16,16""",FLOAT16;FLOAT16,ND;FRACTAL_NZ,"""1,2560""",FLOAT16,ND,N/A,4.011,166042,0.527,0.131,0.515,0.128,1.136,0.283,2.971,0.741,2.452,0.611,0.001,0.0,0,0.0,0.0,0.0,0.0,0.0,0.0,0.0,0.0,0.0,74.200
0,6,2,136,6,SplitV_10,SplitVD,static,AI_VECTOR_CORE,1786306885490825.720	,1.060,0.070000,1,0,NO,"""1,1,2560""",FLOAT16,ND,"""1,1,2048;1,1,256;1,1,256""",FLOAT16;FLOAT16;FLOAT16,ND;ND;ND,N/A,0.0,0,0.0,0.0,0.0,0.0,0.0,0.0,0.0,0.0,0.0,0.0,0.0,0.551,992,0.008,0.014,0.134,0.243,0.138,0.25,0.147,0.267,0.263,0.000
0,6,2,137,6,Scatter_17,Scatter,static,AI_VECTOR_CORE,1786306885490826.800	,1.180,0.000000,2,0,NO,"""1,2,1024,128;1;1,2,1,128""",FLOAT16;INT64;FLOAT16,NCHW;NCHW;NCHW,"""1,2,1024,128""",FLOAT16,NCHW,N/A,0.0,0,0.0,0.0,0.0,0.0,0.0,0.0,0.0,0.0,0.0,0.0,0.0,0.553,1990,0.008,0.014,0.15,0.272,0.115,0.208,0.098,0.177,0.214,0.000
0,6,2,138,6,ApplyRotaryPosEmb_8,ApplyRotaryPosEmb,static,AI_VECTOR_CORE,1786306885490828.000	,2.920,0.070000,1,0,NO,"""1,1,16,128;1,1,2,128;1,1,1,128;1,1,1,128""",FLOAT16;FLOAT16;FLOAT16;FLOAT16,NCHW;NCHW;NCHW;NCHW,"""1,1,16,128;1,1,2,128""",FLOAT16;FLOAT16,NCHW;NCHW,N/A,0.0,0,0.0,0.0,0.0,0.0,0.0,0.0,0.0,0.0,0.0,0.0,0.0,2.377,4279,0.153,0.064,1.376,0.579,0.192,0.081,0.138,0.058,0.165,0.000
0,6,2,139,6,Scatter_16,Scatter,static,AI_VECTOR_CORE,1786306885490830.940	,1.200,0.080000,2,0,NO,"""1,2,1024,128;1;1,2,1,128""",FLOAT16;INT64;FLOAT16,NCHW;NCHW;NCHW,"""1,2,1024,128""",FLOAT16,NCHW,N/A,0.0,0,0.0,0.0,0.0,0.0,0.0,0.0,0.0,0.0,0.0,0.0,0.0,0.567,2040,0.008,0.014,0.17,0.3,0.103,0.181,0.124,0.218,0.214,0.000
0,6,2,140,6,PaddleGqaIncreFlashAttentionAiv_8,PaddleGqaIncreFlashAttentionAiv,static,MIX_AIV,1786306885490833.480	,12.020,1.300000,32,0,NO,"""1,16,1,128;1,2,1024,128;1,2,1024,128;1,1,1,1024""",FLOAT16;FLOAT16;FLOAT16;BOOL,NCHW;NCHW;NCHW;NCHW,"""1,16,1,128""",FLOAT16,NCHW,0,0.0,0,0.0,0.0,0.0,0.0,0.0,0.0,0.0,0.0,0.0,0.0,0.0,11.035,635621,6.031,0.547,4.484,0.406,3.329,0.302,0.394,0.036,0.003,0.000
0,6,2,141,6,MatMul_41,MatMul,static,AI_CORE,1786306885490846.760	,4.320,1.230000,22,0,NO,"""1,2048;128,64,16,16""",FLOAT16;FLOAT16,ND;FRACTAL_NZ,"""1,1024""",FLOAT16,ND,N/A,3.192,126387,0.487,0.153,0.645,0.202,1.13,0.354,2.516,0.788,2.131,0.668,0.002,0.0,0,0.0,0.0,0.0,0.0,0.0,0.0,0.0,0.0,0.0,67.723
0,6,2,142,6,InplaceAddRmsNorm_16,InplaceAddRmsNorm,static,AI_VECTOR_CORE,1786306885490851.120	,1.620,0.000000,1,0,NO,"""1,1,1024;1,1,1024;1024""",FLOAT16;FLOAT16;FLOAT16,ND;ND;ND,"""1,1,1024;1,1,1;1,1,1024""",FLOAT16;FLOAT;FLOAT16,ND;ND;ND,N/A,0.0,0,0.0,0.0,0.0,0.0,0.0,0.0,0.0,0.0,0.0,0.0,0.0,1.072,1930,0.282,0.263,0.44,0.41,0.364,0.34,0.357,0.333,0.232,0.000
0,6,2,143,6,MatMul_42,MatMul,static,AI_CORE,1786306885490852.760	,5.360,0.130000,24,0,NO,"""1,1024;64,192,16,16""",FLOAT16;FLOAT16,ND;FRACTAL_NZ,"""1,3072""",FLOAT16,ND,N/A,4.397,189952,0.538,0.122,0.505,0.115,1.285,0.292,3.442,0.783,2.557,0.581,0.0,0.0,0,0.0,0.0,0.0,0.0,0.0,0.0,0.0,0.0,0.0,82.034
0,6,2,144,6,MatMul_43,MatMul,static,AI_CORE,1786306885490858.140	,5.440,0.140000,24,0,NO,"""1,1024;64,192,16,16""",FLOAT16;FLOAT16,ND;FRACTAL_NZ,"""1,3072""",FLOAT16,ND,N/A,4.343,187604,0.538,0.124,0.507,0.117,1.285,0.296,3.367,0.775,2.624,0.604,0.0,0.0,0,0.0,0.0,0.0,0.0,0.0,0.0,0.0,0.0,0.0,79.829
0,6,2,145,6,Swish_8Mul_11,AutomaticBufferFusionOp,static,AI_VECTOR_CORE,1786306885490863.600	,1.600,0.000000,3,0,NO,"""1,1,3072;1,1,3072""",FLOAT16;FLOAT16,ND;ND,"""1,1,3072""",FLOAT16,ND,N/A,0.0,0,0.0,0.0,0.0,0.0,0.0,0.0,0.0,0.0,0.0,0.0,0.0,0.855,4618,0.163,0.191,0.131,0.153,0.144,0.168,0.136,0.159,0.185,0.000
0,6,2,146,6,MatMul_44,MatMul,static,AI_CORE,1786306885490865.220	,6.460,0.150000,22,0,NO,"""1,3072;192,64,16,16""",FLOAT16;FLOAT16,ND;FRACTAL_NZ,"""1,1024""",FLOAT16,ND,N/A,5.22,206712,0.729,0.14,0.989,0.189,1.66,0.318,4.058,0.777,2.144,0.411,0.003,0.0,0,0.0,0.0,0.0,0.0,0.0,0.0,0.0,0.0,0.0,74.071
0,6,2,147,6,InplaceAddRmsNorm_17,InplaceAddRmsNorm,static,AI_VECTOR_CORE,1786306885490871.700	,1.700,0.040000,1,0,NO,"""1,1,1024;1,1,1024;1024""",FLOAT16;FLOAT16;FLOAT16,ND;ND;ND,"""1,1,1024;1,1,1;1,1,1024""",FLOAT16;FLOAT;FLOAT16,ND;ND;ND,N/A,0.0,0,0.0,0.0,0.0,0.0,0.0,0.0,0.0,0.0,0.0,0.0,0.0,1.127,2028,0.282,0.25,0.491,0.436,0.382,0.339,0.373,0.331,0.215,0.000
0,6,2,148,6,MatMul_45,MatMul,static,AI_CORE,1786306885490873.420	,4.840,0.050000,23,0,NO,"""1,1024;64,160,16,16""",FLOAT16;FLOAT16,ND;FRACTAL_NZ,"""1,2560""",FLOAT16,ND,N/A,3.84,158957,0.527,0.137,0.474,0.123,1.137,0.296,2.862,0.745,2.282,0.594,0.001,0.0,0,0.0,0.0,0.0,0.0,0.0,0.0,0.0,0.0,0.0,76.024
0,6,2,149,6,SplitV_11,SplitVD,static,AI_VECTOR_CORE,1786306885490878.280	,1.060,0.000000,1,0,NO,"""1,1,2560""",FLOAT16,ND,"""1,1,2048;1,1,256;1,1,256""",FLOAT16;FLOAT16;FLOAT16,ND;ND;ND,N/A,0.0,0,0.0,0.0,0.0,0.0,0.0,0.0,0.0,0.0,0.0,0.0,0.0,0.585,1053,0.008,0.013,0.163,0.278,0.131,0.224,0.144,0.247,0.263,0.000
0,6,2,150,6,Scatter_19,Scatter,static,AI_VECTOR_CORE,1786306885490879.360	,1.140,0.000000,2,0,NO,"""1,2,1024,128;1;1,2,1,128""",FLOAT16;INT64;FLOAT16,NCHW;NCHW;NCHW,"""1,2,1024,128""",FLOAT16,NCHW,N/A,0.0,0,0.0,0.0,0.0,0.0,0.0,0.0,0.0,0.0,0.0,0.0,0.0,0.561,2020,0.008,0.014,0.131,0.234,0.118,0.21,0.099,0.177,0.214,0.000
0,6,2,151,6,ApplyRotaryPosEmb_9,ApplyRotaryPosEmb,static,AI_VECTOR_CORE,1786306885490880.520	,2.320,0.110000,1,0,NO,"""1,1,16,128;1,1,2,128;1,1,1,128;1,1,1,128""",FLOAT16;FLOAT16;FLOAT16;FLOAT16,NCHW;NCHW;NCHW;NCHW,"""1,1,16,128;1,1,2,128""",FLOAT16;FLOAT16,NCHW;NCHW,N/A,0.0,0,0.0,0.0,0.0,0.0,0.0,0.0,0.0,0.0,0.0,0.0,0.0,1.842,3316,0.153,0.083,1.314,0.714,0.165,0.09,0.153,0.083,0.167,0.000
0,6,2,152,6,Scatter_18,Scatter,static,AI_VECTOR_CORE,1786306885490882.860	,1.260,0.000000,2,0,NO,"""1,2,1024,128;1;1,2,1,128""",FLOAT16;INT64;FLOAT16,NCHW;NCHW;NCHW,"""1,2,1024,128""",FLOAT16,NCHW,N/A,0.0,0,0.0,0.0,0.0,0.0,0.0,0.0,0.0,0.0,0.0,0.0,0.0,0.612,2203,0.008,0.013,0.158,0.257,0.107,0.174,0.108,0.177,0.169,0.000
0,6,2,153,6,PaddleGqaIncreFlashAttentionAiv_9,PaddleGqaIncreFlashAttentionAiv,static,MIX_AIV,1786306885490885.520	,11.460,1.490000,32,0,NO,"""1,16,1,128;1,2,1024,128;1,2,1024,128;1,1,1,1024""",FLOAT16;FLOAT16;FLOAT16;BOOL,NCHW;NCHW;NCHW;NCHW,"""1,16,1,128""",FLOAT16,NCHW,0,0.0,0,0.0,0.0,0.0,0.0,0.0,0.0,0.0,0.0,0.0,0.0,0.0,10.505,605067,6.031,0.574,3.914,0.373,2.825,0.269,0.367,0.035,0.003,0.000
0,6,2,154,6,MatMul_46,MatMul,static,AI_CORE,1786306885490898.180	,5.340,1.290000,22,0,NO,"""1,2048;128,64,16,16""",FLOAT16;FLOAT16,ND;FRACTAL_NZ,"""1,1024""",FLOAT16,ND,N/A,4.035,159768,0.486,0.12,0.984,0.244,1.107,0.274,2.82,0.699,2.136,0.529,0.002,0.0,0,0.0,0.0,0.0,0.0,0.0,0.0,0.0,0.0,0.0,69.257
0,6,2,155,6,InplaceAddRmsNorm_18,InplaceAddRmsNorm,static,AI_VECTOR_CORE,1786306885490903.540	,1.700,0.000000,1,0,NO,"""1,1,1024;1,1,1024;1024""",FLOAT16;FLOAT16;FLOAT16,ND;ND;ND,"""1,1,1024;1,1,1;1,1,1024""",FLOAT16;FLOAT;FLOAT16,ND;ND;ND,N/A,0.0,0,0.0,0.0,0.0,0.0,0.0,0.0,0.0,0.0,0.0,0.0,0.0,1.169,2104,0.282,0.241,0.549,0.47,0.375,0.321,0.378,0.324,0.223,0.000
0,6,2,156,6,MatMul_47,MatMul,static,AI_CORE,1786306885490905.260	,5.540,0.050000,24,0,NO,"""1,1024;64,192,16,16""",FLOAT16;FLOAT16,ND;FRACTAL_NZ,"""1,3072""",FLOAT16,ND,N/A,4.386,189462,0.538,0.123,0.524,0.119,1.285,0.293,3.406,0.777,2.549,0.581,0.0,0.0,0,0.0,0.0,0.0,0.0,0.0,0.0,0.0,0.0,0.0,79.164
0,6,2,157,6,MatMul_48,MatMul,static,AI_CORE,1786306885490910.820	,5.440,0.000000,24,0,NO,"""1,1024;64,192,16,16""",FLOAT16;FLOAT16,ND;FRACTAL_NZ,"""1,3072""",FLOAT16,ND,N/A,4.4,190062,0.538,0.122,0.516,0.117,1.285,0.292,3.414,0.776,2.617,0.595,0.0,0.0,0,0.0,0.0,0.0,0.0,0.0,0.0,0.0,0.0,0.0,80.875
0,6,2,158,6,Swish_9Mul_12,AutomaticBufferFusionOp,static,AI_VECTOR_CORE,1786306885490916.280	,1.440,0.060000,3,0,NO,"""1,1,3072;1,1,3072""",FLOAT16;FLOAT16,ND;ND,"""1,1,3072""",FLOAT16,ND,N/A,0.0,0,0.0,0.0,0.0,0.0,0.0,0.0,0.0,0.0,0.0,0.0,0.0,0.751,4057,0.163,0.217,0.137,0.182,0.13,0.174,0.139,0.186,0.211,0.000
0,6,2,159,6,MatMul_49,MatMul,static,AI_CORE,1786306885490917.740	,5.800,0.060000,22,0,NO,"""1,3072;192,64,16,16""",FLOAT16;FLOAT16,ND;FRACTAL_NZ,"""1,1024""",FLOAT16,ND,N/A,4.561,180615,0.731,0.16,0.502,0.11,1.655,0.363,3.902,0.856,2.159,0.473,0.004,0.0,0,0.0,0.0,0.0,0.0,0.0,0.0,0.0,0.0,0.0,72.085
0,6,2,160,6,InplaceAddRmsNorm_19,InplaceAddRmsNorm,static,AI_VECTOR_CORE,1786306885490923.560	,1.640,0.000000,1,0,NO,"""1,1,1024;1,1,1024;1024""",FLOAT16;FLOAT16;FLOAT16,ND;ND;ND,"""1,1,1024;1,1,1;1,1,1024""",FLOAT16;FLOAT;FLOAT16,ND;ND;ND,N/A,0.0,0,0.0,0.0,0.0,0.0,0.0,0.0,0.0,0.0,0.0,0.0,0.0,1.099,1979,0.282,0.257,0.488,0.444,0.368,0.335,0.354,0.322,0.215,0.000
0,6,2,161,6,MatMul_50,MatMul,static,AI_CORE,1786306885490925.220	,6.660,0.110000,23,0,NO,"""1,1024;64,160,16,16""",FLOAT16;FLOAT16,ND;FRACTAL_NZ,"""1,2560""",FLOAT16,ND,N/A,4.756,196880,0.527,0.111,0.486,0.102,1.139,0.239,3.795,0.798,3.137,0.66,0.001,0.0,0,0.0,0.0,0.0,0.0,0.0,0.0,0.0,0.0,0.0,68.430
0,6,2,162,6,SplitV_12,SplitVD,static,AI_VECTOR_CORE,1786306885490931.900	,1.120,0.090000,1,0,NO,"""1,1,2560""",FLOAT16,ND,"""1,1,2048;1,1,256;1,1,256""",FLOAT16;FLOAT16;FLOAT16,ND;ND;ND,N/A,0.0,0,0.0,0.0,0.0,0.0,0.0,0.0,0.0,0.0,0.0,0.0,0.0,0.597,1075,0.008,0.013,0.168,0.282,0.133,0.223,0.142,0.237,0.263,0.000
0,6,2,163,6,Scatter_21,Scatter,static,AI_VECTOR_CORE,1786306885490933.040	,1.060,0.000000,2,0,NO,"""1,2,1024,128;1;1,2,1,128""",FLOAT16;INT64;FLOAT16,NCHW;NCHW;NCHW,"""1,2,1024,128""",FLOAT16,NCHW,N/A,0.0,0,0.0,0.0,0.0,0.0,0.0,0.0,0.0,0.0,0.0,0.0,0.0,0.445,1601,0.008,0.017,0.164,0.369,0.111,0.249,0.101,0.227,0.185,0.000
0,6,2,164,6,ApplyRotaryPosEmb_10,ApplyRotaryPosEmb,static,AI_VECTOR_CORE,1786306885490934.120	,1.900,0.000000,1,0,NO,"""1,1,16,128;1,1,2,128;1,1,1,128;1,1,1,128""",FLOAT16;FLOAT16;FLOAT16;FLOAT16,NCHW;NCHW;NCHW;NCHW,"""1,1,16,128;1,1,2,128""",FLOAT16;FLOAT16,NCHW;NCHW,N/A,0.0,0,0.0,0.0,0.0,0.0,0.0,0.0,0.0,0.0,0.0,0.0,0.0,1.326,2386,0.153,0.115,1.061,0.801,0.136,0.102,0.146,0.11,0.016,0.000
0,6,2,165,6,Scatter_20,Scatter,static,AI_VECTOR_CORE,1786306885490936.060	,1.220,0.100000,2,0,NO,"""1,2,1024,128;1;1,2,1,128""",FLOAT16;INT64;FLOAT16,NCHW;NCHW;NCHW,"""1,2,1024,128""",FLOAT16,NCHW,N/A,0.0,0,0.0,0.0,0.0,0.0,0.0,0.0,0.0,0.0,0.0,0.0,0.0,0.597,2149,0.008,0.013,0.145,0.242,0.124,0.208,0.114,0.192,0.2,0.000
0,6,2,166,6,PaddleGqaIncreFlashAttentionAiv_10,PaddleGqaIncreFlashAttentionAiv,static,MIX_AIV,1786306885490938.680	,14.000,1.530000,32,0,NO,"""1,16,1,128;1,2,1024,128;1,2,1024,128;1,1,1,1024""",FLOAT16;FLOAT16;FLOAT16;BOOL,NCHW;NCHW;NCHW;NCHW,"""1,16,1,128""",FLOAT16,NCHW,0,0.0,0,0.0,0.0,0.0,0.0,0.0,0.0,0.0,0.0,0.0,0.0,0.0,13.048,751558,6.031,0.462,6.333,0.485,2.783,0.213,0.353,0.027,0.003,0.000
0,6,2,167,6,MatMul_51,MatMul,static,AI_CORE,1786306885490953.780	,4.640,1.000000,22,0,NO,"""1,2048;128,64,16,16""",FLOAT16;FLOAT16,ND;FRACTAL_NZ,"""1,1024""",FLOAT16,ND,N/A,3.356,132883,0.487,0.145,0.48,0.143,1.103,0.329,2.624,0.782,2.182,0.65,0.002,0.0,0,0.0,0.0,0.0,0.0,0.0,0.0,0.0,0.0,0.0,66.293
0,6,2,168,6,InplaceAddRmsNorm_20,InplaceAddRmsNorm,static,AI_VECTOR_CORE,1786306885490958.440	,1.600,0.110000,1,0,NO,"""1,1,1024;1,1,1024;1024""",FLOAT16;FLOAT16;FLOAT16,ND;ND;ND,"""1,1,1024;1,1,1;1,1,1024""",FLOAT16;FLOAT;FLOAT16,ND;ND;ND,N/A,0.0,0,0.0,0.0,0.0,0.0,0.0,0.0,0.0,0.0,0.0,0.0,0.0,1.039,1870,0.282,0.272,0.426,0.41,0.377,0.363,0.349,0.336,0.223,0.000
0,6,2,169,6,MatMul_52,MatMul,static,AI_CORE,1786306885490960.060	,5.520,0.000000,24,0,NO,"""1,1024;64,192,16,16""",FLOAT16;FLOAT16,ND;FRACTAL_NZ,"""1,3072""",FLOAT16,ND,N/A,4.359,188327,0.538,0.123,0.528,0.121,1.285,0.295,3.38,0.775,2.559,0.587,0.0,0.0,0,0.0,0.0,0.0,0.0,0.0,0.0,0.0,0.0,0.0,78.975
0,6,2,170,6,MatMul_53,MatMul,static,AI_CORE,1786306885490965.600	,5.540,0.000000,24,0,NO,"""1,1024;64,192,16,16""",FLOAT16;FLOAT16,ND;FRACTAL_NZ,"""1,3072""",FLOAT16,ND,N/A,4.426,191208,0.538,0.122,0.771,0.174,1.285,0.29,3.448,0.779,2.587,0.585,0.0,0.0,0,0.0,0.0,0.0,0.0,0.0,0.0,0.0,0.0,0.0,79.894
0,6,2,171,6,Swish_10Mul_13,AutomaticBufferFusionOp,static,AI_VECTOR_CORE,1786306885490971.160	,1.560,0.210000,3,0,NO,"""1,1,3072;1,1,3072""",FLOAT16;FLOAT16,ND;ND,"""1,1,3072""",FLOAT16,ND,N/A,0.0,0,0.0,0.0,0.0,0.0,0.0,0.0,0.0,0.0,0.0,0.0,0.0,0.803,4335,0.163,0.203,0.136,0.169,0.136,0.17,0.136,0.17,0.176,0.000
0,6,2,172,6,MatMul_54,MatMul,static,AI_CORE,1786306885490972.740	,5.660,0.000000,22,0,NO,"""1,3072;192,64,16,16""",FLOAT16;FLOAT16,ND;FRACTAL_NZ,"""1,1024""",FLOAT16,ND,N/A,4.496,178028,0.731,0.163,0.51,0.114,1.685,0.375,3.834,0.853,2.142,0.476,0.003,0.0,0,0.0,0.0,0.0,0.0,0.0,0.0,0.0,0.0,0.0,72.810
0,6,2,173,6,InplaceAddRmsNorm_21,InplaceAddRmsNorm,static,AI_VECTOR_CORE,1786306885490978.420	,1.740,0.090000,1,0,NO,"""1,1,1024;1,1,1024;1024""",FLOAT16;FLOAT16;FLOAT16,ND;ND;ND,"""1,1,1024;1,1,1;1,1,1024""",FLOAT16;FLOAT;FLOAT16,ND;ND;ND,N/A,0.0,0,0.0,0.0,0.0,0.0,0.0,0.0,0.0,0.0,0.0,0.0,0.0,1.223,2201,0.282,0.231,0.478,0.391,0.532,0.435,0.409,0.334,0.215,0.000
0,6,2,174,6,MatMul_55,MatMul,static,AI_CORE,1786306885490980.180	,5.000,0.010000,23,0,NO,"""1,1024;64,160,16,16""",FLOAT16;FLOAT16,ND;FRACTAL_NZ,"""1,2560""",FLOAT16,ND,N/A,3.916,162103,0.527,0.135,0.524,0.134,1.138,0.291,2.898,0.74,2.257,0.576,0.001,0.0,0,0.0,0.0,0.0,0.0,0.0,0.0,0.0,0.0,0.0,75.048
0,6,2,175,6,SplitV_13,SplitVD,static,AI_VECTOR_CORE,1786306885490985.200	,1.120,0.000000,1,0,NO,"""1,1,2560""",FLOAT16,ND,"""1,1,2048;1,1,256;1,1,256""",FLOAT16;FLOAT16;FLOAT16,ND;ND;ND,N/A,0.0,0,0.0,0.0,0.0,0.0,0.0,0.0,0.0,0.0,0.0,0.0,0.0,0.614,1106,0.008,0.013,0.178,0.29,0.136,0.221,0.142,0.231,0.263,0.000
0,6,2,176,6,Scatter_23,Scatter,static,AI_VECTOR_CORE,1786306885490986.340	,1.080,0.000000,2,0,NO,"""1,2,1024,128;1;1,2,1,128""",FLOAT16;INT64;FLOAT16,NCHW;NCHW;NCHW,"""1,2,1024,128""",FLOAT16,NCHW,N/A,0.0,0,0.0,0.0,0.0,0.0,0.0,0.0,0.0,0.0,0.0,0.0,0.0,0.491,1769,0.008,0.016,0.159,0.323,0.125,0.254,0.118,0.24,0.185,0.000
0,6,2,177,6,ApplyRotaryPosEmb_11,ApplyRotaryPosEmb,static,AI_VECTOR_CORE,1786306885490987.440	,2.440,0.170000,1,0,NO,"""1,1,16,128;1,1,2,128;1,1,1,128;1,1,1,128""",FLOAT16;FLOAT16;FLOAT16;FLOAT16,NCHW;NCHW;NCHW;NCHW,"""1,1,16,128;1,1,2,128""",FLOAT16;FLOAT16,NCHW;NCHW,N/A,0.0,0,0.0,0.0,0.0,0.0,0.0,0.0,0.0,0.0,0.0,0.0,0.0,1.909,3436,0.164,0.086,1.283,0.672,0.163,0.085,0.148,0.077,0.175,0.000
0,6,2,178,6,Scatter_22,Scatter,static,AI_VECTOR_CORE,1786306885490989.900	,1.140,0.060000,2,0,NO,"""1,2,1024,128;1;1,2,1,128""",FLOAT16;INT64;FLOAT16,NCHW;NCHW;NCHW,"""1,2,1024,128""",FLOAT16,NCHW,N/A,0.0,0,0.0,0.0,0.0,0.0,0.0,0.0,0.0,0.0,0.0,0.0,0.0,0.5,1800,0.008,0.016,0.147,0.294,0.12,0.239,0.104,0.209,0.2,0.000
0,6,2,179,6,PaddleGqaIncreFlashAttentionAiv_11,PaddleGqaIncreFlashAttentionAiv,static,MIX_AIV,1786306885490991.980	,14.000,0.860000,32,0,NO,"""1,16,1,128;1,2,1024,128;1,2,1024,128;1,1,1,1024""",FLOAT16;FLOAT16;FLOAT16;BOOL,NCHW;NCHW;NCHW;NCHW,"""1,16,1,128""",FLOAT16,NCHW,0,0.0,0,0.0,0.0,0.0,0.0,0.0,0.0,0.0,0.0,0.0,0.0,0.0,13.032,750647,6.031,0.463,6.469,0.496,2.97,0.228,0.392,0.03,0.003,0.000
0,6,2,180,6,MatMul_56,MatMul,static,AI_CORE,1786306885491007.080	,4.500,1.000000,22,0,NO,"""1,2048;128,64,16,16""",FLOAT16;FLOAT16,ND;FRACTAL_NZ,"""1,1024""",FLOAT16,ND,N/A,3.319,131441,0.488,0.147,0.548,0.165,1.117,0.336,2.577,0.776,2.147,0.647,0.002,0.0,0,0.0,0.0,0.0,0.0,0.0,0.0,0.0,0.0,0.0,67.614
0,6,2,181,6,InplaceAddRmsNorm_22,InplaceAddRmsNorm,static,AI_VECTOR_CORE,1786306885491011.600	,1.660,0.000000,1,0,NO,"""1,1,1024;1,1,1024;1024""",FLOAT16;FLOAT16;FLOAT16,ND;ND;ND,"""1,1,1024;1,1,1;1,1,1024""",FLOAT16;FLOAT;FLOAT16,ND;ND;ND,N/A,0.0,0,0.0,0.0,0.0,0.0,0.0,0.0,0.0,0.0,0.0,0.0,0.0,1.154,2077,0.282,0.245,0.449,0.39,0.497,0.43,0.372,0.322,0.223,0.000
0,6,2,182,6,MatMul_57,MatMul,static,AI_CORE,1786306885491013.300	,7.060,0.090000,24,0,NO,"""1,1024;64,192,16,16""",FLOAT16;FLOAT16,ND;FRACTAL_NZ,"""1,3072""",FLOAT16,ND,N/A,4.57,197419,0.538,0.118,0.441,0.096,1.289,0.282,3.674,0.804,2.028,0.444,0.0,0.0,0,0.0,0.0,0.0,0.0,0.0,0.0,0.0,0.0,0.0,64.729
0,6,2,183,6,MatMul_58,MatMul,static,AI_CORE,1786306885491020.380	,6.340,0.190000,24,0,NO,"""1,1024;64,192,16,16""",FLOAT16;FLOAT16,ND;FRACTAL_NZ,"""1,3072""",FLOAT16,ND,N/A,5.144,222203,0.538,0.105,0.926,0.18,1.283,0.249,3.712,0.722,2.452,0.477,0.0,0.0,0,0.0,0.0,0.0,0.0,0.0,0.0,0.0,0.0,0.0,81.129
0,6,2,184,6,Swish_11Mul_14,AutomaticBufferFusionOp,static,AI_VECTOR_CORE,1786306885491026.760	,1.540,0.000000,3,0,NO,"""1,1,3072;1,1,3072""",FLOAT16;FLOAT16,ND;ND,"""1,1,3072""",FLOAT16,ND,N/A,0.0,0,0.0,0.0,0.0,0.0,0.0,0.0,0.0,0.0,0.0,0.0,0.0,0.84,4538,0.163,0.194,0.133,0.158,0.131,0.156,0.134,0.16,0.167,0.000
0,6,2,185,6,MatMul_59,MatMul,static,AI_CORE,1786306885491028.320	,5.760,0.000000,22,0,NO,"""1,3072;192,64,16,16""",FLOAT16;FLOAT16,ND;FRACTAL_NZ,"""1,1024""",FLOAT16,ND,N/A,4.562,180649,0.732,0.16,0.434,0.095,1.641,0.36,3.941,0.864,2.193,0.481,0.004,0.0,0,0.0,0.0,0.0,0.0,0.0,0.0,0.0,0.0,0.0,72.599
0,6,2,186,6,InplaceAddRmsNorm_23,InplaceAddRmsNorm,static,AI_VECTOR_CORE,1786306885491034.100	,1.660,0.000000,1,0,NO,"""1,1,1024;1,1,1024;1024""",FLOAT16;FLOAT16;FLOAT16,ND;ND;ND,"""1,1,1024;1,1,1;1,1,1024""",FLOAT16;FLOAT;FLOAT16,ND;ND;ND,N/A,0.0,0,0.0,0.0,0.0,0.0,0.0,0.0,0.0,0.0,0.0,0.0,0.0,1.096,1972,0.282,0.258,0.448,0.409,0.353,0.323,0.347,0.317,0.215,0.000
0,6,2,187,6,MatMul_60,MatMul,static,AI_CORE,1786306885491035.780	,5.000,0.090000,23,0,NO,"""1,1024;64,160,16,16""",FLOAT16;FLOAT16,ND;FRACTAL_NZ,"""1,2560""",FLOAT16,ND,N/A,3.945,163341,0.527,0.134,0.45,0.114,1.136,0.288,2.983,0.756,2.354,0.597,0.001,0.0,0,0.0,0.0,0.0,0.0,0.0,0.0,0.0,0.0,0.0,75.621
0,6,2,188,6,SplitV_14,SplitVD,static,AI_VECTOR_CORE,1786306885491040.800	,1.060,0.000000,1,0,NO,"""1,1,2560""",FLOAT16,ND,"""1,1,2048;1,1,256;1,1,256""",FLOAT16;FLOAT16;FLOAT16,ND;ND;ND,N/A,0.0,0,0.0,0.0,0.0,0.0,0.0,0.0,0.0,0.0,0.0,0.0,0.0,0.518,932,0.008,0.015,0.114,0.22,0.129,0.25,0.144,0.278,0.263,0.000
0,6,2,189,6,Scatter_25,Scatter,static,AI_VECTOR_CORE,1786306885491041.900	,1.080,0.190000,2,0,NO,"""1,2,1024,128;1;1,2,1,128""",FLOAT16;INT64;FLOAT16,NCHW;NCHW;NCHW,"""1,2,1024,128""",FLOAT16,NCHW,N/A,0.0,0,0.0,0.0,0.0,0.0,0.0,0.0,0.0,0.0,0.0,0.0,0.0,0.452,1626,0.008,0.017,0.138,0.305,0.121,0.268,0.12,0.265,0.185,0.000
0,6,2,190,6,ApplyRotaryPosEmb_12,ApplyRotaryPosEmb,static,AI_VECTOR_CORE,1786306885491043.000	,2.440,0.000000,1,0,NO,"""1,1,16,128;1,1,2,128;1,1,1,128;1,1,1,128""",FLOAT16;FLOAT16;FLOAT16;FLOAT16,NCHW;NCHW;NCHW;NCHW,"""1,1,16,128;1,1,2,128""",FLOAT16;FLOAT16,NCHW;NCHW,N/A,0.0,0,0.0,0.0,0.0,0.0,0.0,0.0,0.0,0.0,0.0,0.0,0.0,1.927,3468,0.153,0.079,1.328,0.689,0.166,0.086,0.152,0.079,0.169,0.000
0,6,2,191,6,Scatter_24,Scatter,static,AI_VECTOR_CORE,1786306885491045.460	,1.160,0.060000,2,0,NO,"""1,2,1024,128;1;1,2,1,128""",FLOAT16;INT64;FLOAT16,NCHW;NCHW;NCHW,"""1,2,1024,128""",FLOAT16,NCHW,N/A,0.0,0,0.0,0.0,0.0,0.0,0.0,0.0,0.0,0.0,0.0,0.0,0.0,0.533,1917,0.008,0.015,0.114,0.215,0.129,0.243,0.128,0.24,0.185,0.000
0,6,2,192,6,PaddleGqaIncreFlashAttentionAiv_12,PaddleGqaIncreFlashAttentionAiv,static,MIX_AIV,1786306885491047.620	,12.300,0.840000,32,0,NO,"""1,16,1,128;1,2,1024,128;1,2,1024,128;1,1,1,1024""",FLOAT16;FLOAT16;FLOAT16;BOOL,NCHW;NCHW;NCHW;NCHW,"""1,16,1,128""",FLOAT16,NCHW,0,0.0,0,0.0,0.0,0.0,0.0,0.0,0.0,0.0,0.0,0.0,0.0,0.0,11.256,648372,6.031,0.536,4.676,0.415,3.231,0.287,0.413,0.037,0.003,0.000
0,6,2,193,6,MatMul_61,MatMul,static,AI_CORE,1786306885491060.900	,4.480,1.200000,22,0,NO,"""1,2048;128,64,16,16""",FLOAT16;FLOAT16,ND;FRACTAL_NZ,"""1,1024""",FLOAT16,ND,N/A,3.291,130311,0.488,0.148,0.441,0.134,1.116,0.339,2.591,0.787,2.186,0.664,0.002,0.0,0,0.0,0.0,0.0,0.0,0.0,0.0,0.0,0.0,0.0,67.332
0,6,2,194,6,InplaceAddRmsNorm_24,InplaceAddRmsNorm,static,AI_VECTOR_CORE,1786306885491065.400	,1.600,0.020000,1,0,NO,"""1,1,1024;1,1,1024;1024""",FLOAT16;FLOAT16;FLOAT16,ND;ND;ND,"""1,1,1024;1,1,1;1,1,1024""",FLOAT16;FLOAT;FLOAT16,ND;ND;ND,N/A,0.0,0,0.0,0.0,0.0,0.0,0.0,0.0,0.0,0.0,0.0,0.0,0.0,1.082,1948,0.282,0.261,0.468,0.432,0.388,0.358,0.359,0.332,0.215,0.000
0,6,2,195,6,MatMul_62,MatMul,static,AI_CORE,1786306885491067.040	,5.300,0.000000,24,0,NO,"""1,1024;64,192,16,16""",FLOAT16;FLOAT16,ND;FRACTAL_NZ,"""1,3072""",FLOAT16,ND,N/A,4.328,186967,0.538,0.124,0.443,0.102,1.286,0.297,3.418,0.79,2.65,0.612,0.0,0.0,0,0.0,0.0,0.0,0.0,0.0,0.0,0.0,0.0,0.0,81.659
0,6,2,196,6,MatMul_63,MatMul,static,AI_CORE,1786306885491072.360	,5.440,0.000000,24,0,NO,"""1,1024;64,192,16,16""",FLOAT16;FLOAT16,ND;FRACTAL_NZ,"""1,3072""",FLOAT16,ND,N/A,4.391,189690,0.538,0.122,0.444,0.101,1.285,0.293,3.476,0.792,2.693,0.613,0.0,0.0,0,0.0,0.0,0.0,0.0,0.0,0.0,0.0,0.0,0.0,80.716
0,6,2,197,6,Swish_12Mul_15,AutomaticBufferFusionOp,static,AI_VECTOR_CORE,1786306885491077.820	,1.340,0.060000,3,0,NO,"""1,1,3072;1,1,3072""",FLOAT16;FLOAT16,ND;ND,"""1,1,3072""",FLOAT16,ND,N/A,0.0,0,0.0,0.0,0.0,0.0,0.0,0.0,0.0,0.0,0.0,0.0,0.0,0.751,4054,0.163,0.218,0.171,0.228,0.171,0.228,0.137,0.182,0.211,0.000
0,6,2,198,6,MatMul_64,MatMul,static,AI_CORE,1786306885491079.180	,5.580,0.160000,22,0,NO,"""1,3072;192,64,16,16""",FLOAT16;FLOAT16,ND;FRACTAL_NZ,"""1,1024""",FLOAT16,ND,N/A,4.422,175113,0.733,0.166,0.438,0.099,1.65,0.373,3.82,0.864,2.193,0.496,0.004,0.0,0,0.0,0.0,0.0,0.0,0.0,0.0,0.0,0.0,0.0,72.644
0,6,2,199,6,InplaceAddRmsNorm_25,InplaceAddRmsNorm,static,AI_VECTOR_CORE,1786306885491084.780	,1.580,0.000000,1,0,NO,"""1,1,1024;1,1,1024;1024""",FLOAT16;FLOAT16;FLOAT16,ND;ND;ND,"""1,1,1024;1,1,1;1,1,1024""",FLOAT16;FLOAT;FLOAT16,ND;ND;ND,N/A,0.0,0,0.0,0.0,0.0,0.0,0.0,0.0,0.0,0.0,0.0,0.0,0.0,1.058,1905,0.282,0.267,0.456,0.43,0.362,0.342,0.367,0.346,0.215,0.000
0,6,2,200,6,MatMul_65,MatMul,static,AI_CORE,1786306885491086.380	,4.920,0.170000,23,0,NO,"""1,1024;64,160,16,16""",FLOAT16;FLOAT16,ND;FRACTAL_NZ,"""1,2560""",FLOAT16,ND,N/A,3.848,159305,0.527,0.137,0.642,0.167,1.137,0.296,2.897,0.753,2.316,0.602,0.001,0.0,0,0.0,0.0,0.0,0.0,0.0,0.0,0.0,0.0,0.0,74.952
0,6,2,201,6,SplitV_15,SplitVD,static,AI_VECTOR_CORE,1786306885491091.340	,1.020,0.000000,1,0,NO,"""1,1,2560""",FLOAT16,ND,"""1,1,2048;1,1,256;1,1,256""",FLOAT16;FLOAT16;FLOAT16,ND;ND;ND,N/A,0.0,0,0.0,0.0,0.0,0.0,0.0,0.0,0.0,0.0,0.0,0.0,0.0,0.508,914,0.008,0.015,0.109,0.216,0.124,0.245,0.138,0.271,0.263,0.000
0,6,2,202,6,Scatter_27,Scatter,static,AI_VECTOR_CORE,1786306885491092.400	,1.020,0.230000,2,0,NO,"""1,2,1024,128;1;1,2,1,128""",FLOAT16;INT64;FLOAT16,NCHW;NCHW;NCHW,"""1,2,1024,128""",FLOAT16,NCHW,N/A,0.0,0,0.0,0.0,0.0,0.0,0.0,0.0,0.0,0.0,0.0,0.0,0.0,0.437,1572,0.008,0.018,0.191,0.438,0.111,0.253,0.121,0.276,0.185,0.000
0,6,2,203,6,ApplyRotaryPosEmb_13,ApplyRotaryPosEmb,static,AI_VECTOR_CORE,1786306885491093.440	,2.440,0.000000,1,0,NO,"""1,1,16,128;1,1,2,128;1,1,1,128;1,1,1,128""",FLOAT16;FLOAT16;FLOAT16;FLOAT16,NCHW;NCHW;NCHW;NCHW,"""1,1,16,128;1,1,2,128""",FLOAT16;FLOAT16,NCHW;NCHW,N/A,0.0,0,0.0,0.0,0.0,0.0,0.0,0.0,0.0,0.0,0.0,0.0,0.0,1.884,3392,0.153,0.081,1.326,0.703,0.153,0.081,0.147,0.078,0.167,0.000
0,6,2,204,6,Scatter_26,Scatter,static,AI_VECTOR_CORE,1786306885491095.900	,1.140,0.060000,2,0,NO,"""1,2,1024,128;1;1,2,1,128""",FLOAT16;INT64;FLOAT16,NCHW;NCHW;NCHW,"""1,2,1024,128""",FLOAT16,NCHW,N/A,0.0,0,0.0,0.0,0.0,0.0,0.0,0.0,0.0,0.0,0.0,0.0,0.0,0.474,1705,0.008,0.016,0.117,0.248,0.117,0.247,0.114,0.24,0.2,0.000
0,6,2,205,6,PaddleGqaIncreFlashAttentionAiv_13,PaddleGqaIncreFlashAttentionAiv,static,MIX_AIV,1786306885491098.400	,13.740,1.360000,32,0,NO,"""1,16,1,128;1,2,1024,128;1,2,1024,128;1,1,1,1024""",FLOAT16;FLOAT16;FLOAT16;BOOL,NCHW;NCHW;NCHW;NCHW,"""1,16,1,128""",FLOAT16,NCHW,0,0.0,0,0.0,0.0,0.0,0.0,0.0,0.0,0.0,0.0,0.0,0.0,0.0,12.754,734616,6.031,0.473,5.828,0.457,3.135,0.246,0.367,0.029,0.003,0.000
0,6,2,206,6,MatMul_66,MatMul,static,AI_CORE,1786306885491112.920	,4.520,0.760000,22,0,NO,"""1,2048;128,64,16,16""",FLOAT16;FLOAT16,ND;FRACTAL_NZ,"""1,1024""",FLOAT16,ND,N/A,3.341,132307,0.487,0.146,0.428,0.128,1.121,0.335,2.652,0.794,2.265,0.678,0.002,0.0,0,0.0,0.0,0.0,0.0,0.0,0.0,0.0,0.0,0.0,67.758
0,6,2,207,6,InplaceAddRmsNorm_26,InplaceAddRmsNorm,static,AI_VECTOR_CORE,1786306885491117.460	,1.620,0.000000,1,0,NO,"""1,1,1024;1,1,1024;1024""",FLOAT16;FLOAT16;FLOAT16,ND;ND;ND,"""1,1,1024;1,1,1;1,1,1024""",FLOAT16;FLOAT;FLOAT16,ND;ND;ND,N/A,0.0,0,0.0,0.0,0.0,0.0,0.0,0.0,0.0,0.0,0.0,0.0,0.0,1.131,2036,0.282,0.25,0.552,0.488,0.389,0.344,0.341,0.302,0.215,0.000
0,6,2,208,6,MatMul_67,MatMul,static,AI_CORE,1786306885491119.100	,6.320,0.000000,24,0,NO,"""1,1024;64,192,16,16""",FLOAT16;FLOAT16,ND;FRACTAL_NZ,"""1,3072""",FLOAT16,ND,N/A,5.116,220995,0.538,0.105,0.9,0.176,1.281,0.25,3.754,0.734,2.496,0.488,0.0,0.0,0,0.0,0.0,0.0,0.0,0.0,0.0,0.0,0.0,0.0,80.943
0,6,2,209,6,MatMul_68,MatMul,static,AI_CORE,1786306885491125.440	,5.320,0.180000,24,0,NO,"""1,1024;64,192,16,16""",FLOAT16;FLOAT16,ND;FRACTAL_NZ,"""1,3072""",FLOAT16,ND,N/A,4.287,185214,0.538,0.125,0.437,0.102,1.287,0.3,3.397,0.792,2.625,0.612,0.0,0.0,0,0.0,0.0,0.0,0.0,0.0,0.0,0.0,0.0,0.0,80.589
0,6,2,210,6,Swish_13Mul_16,AutomaticBufferFusionOp,static,AI_VECTOR_CORE,1786306885491130.780	,1.360,0.000000,3,0,NO,"""1,1,3072;1,1,3072""",FLOAT16;FLOAT16,ND;ND,"""1,1,3072""",FLOAT16,ND,N/A,0.0,0,0.0,0.0,0.0,0.0,0.0,0.0,0.0,0.0,0.0,0.0,0.0,0.726,3923,0.163,0.224,0.127,0.175,0.156,0.215,0.133,0.183,0.219,0.000
0,6,2,211,6,MatMul_69,MatMul,static,AI_CORE,1786306885491132.160	,5.600,0.140000,22,0,NO,"""1,3072;192,64,16,16""",FLOAT16;FLOAT16,ND;FRACTAL_NZ,"""1,1024""",FLOAT16,ND,N/A,4.495,178004,0.731,0.163,0.431,0.096,1.647,0.366,3.904,0.869,2.136,0.475,0.003,0.0,0,0.0,0.0,0.0,0.0,0.0,0.0,0.0,0.0,0.0,73.580
0,6,2,212,6,InplaceAddRmsNorm_27,InplaceAddRmsNorm,static,AI_VECTOR_CORE,1786306885491137.800	,1.540,0.000000,1,0,NO,"""1,1,1024;1,1,1024;1024""",FLOAT16;FLOAT16;FLOAT16,ND;ND;ND,"""1,1,1024;1,1,1;1,1,1024""",FLOAT16;FLOAT;FLOAT16,ND;ND;ND,N/A,0.0,0,0.0,0.0,0.0,0.0,0.0,0.0,0.0,0.0,0.0,0.0,0.0,1.035,1863,0.282,0.273,0.425,0.411,0.374,0.361,0.356,0.344,0.223,0.000
0,6,2,213,6,MatMul_70,MatMul,static,AI_CORE,1786306885491139.360	,5.760,0.000000,23,0,NO,"""1,1024;64,160,16,16""",FLOAT16;FLOAT16,ND;FRACTAL_NZ,"""1,2560""",FLOAT16,ND,N/A,4.624,191434,0.527,0.114,0.901,0.195,1.132,0.245,3.16,0.683,2.076,0.449,0.001,0.0,0,0.0,0.0,0.0,0.0,0.0,0.0,0.0,0.0,0.0,76.933
0,6,2,214,6,SplitV_16,SplitVD,static,AI_VECTOR_CORE,1786306885491145.140	,1.140,0.240000,1,0,NO,"""1,1,2560""",FLOAT16,ND,"""1,1,2048;1,1,256;1,1,256""",FLOAT16;FLOAT16;FLOAT16,ND;ND;ND,N/A,0.0,0,0.0,0.0,0.0,0.0,0.0,0.0,0.0,0.0,0.0,0.0,0.0,0.617,1110,0.008,0.013,0.11,0.178,0.129,0.21,0.157,0.255,0.263,0.000
0,6,2,215,6,Scatter_29,Scatter,static,AI_VECTOR_CORE,1786306885491146.300	,1.120,0.000000,2,0,NO,"""1,2,1024,128;1;1,2,1,128""",FLOAT16;INT64;FLOAT16,NCHW;NCHW;NCHW,"""1,2,1024,128""",FLOAT16,NCHW,N/A,0.0,0,0.0,0.0,0.0,0.0,0.0,0.0,0.0,0.0,0.0,0.0,0.0,0.604,2175,0.008,0.013,0.192,0.318,0.172,0.285,0.117,0.194,0.185,0.000
0,6,2,216,6,ApplyRotaryPosEmb_14,ApplyRotaryPosEmb,static,AI_VECTOR_CORE,1786306885491147.440	,2.440,0.130000,1,0,NO,"""1,1,16,128;1,1,2,128;1,1,1,128;1,1,1,128""",FLOAT16;FLOAT16;FLOAT16;FLOAT16,NCHW;NCHW;NCHW;NCHW,"""1,1,16,128;1,1,2,128""",FLOAT16;FLOAT16,NCHW;NCHW,N/A,0.0,0,0.0,0.0,0.0,0.0,0.0,0.0,0.0,0.0,0.0,0.0,0.0,1.924,3464,0.153,0.079,1.364,0.709,0.157,0.082,0.141,0.073,0.164,0.000
0,6,2,217,6,Scatter_28,Scatter,static,AI_VECTOR_CORE,1786306885491149.900	,1.180,0.060000,2,0,NO,"""1,2,1024,128;1;1,2,1,128""",FLOAT16;INT64;FLOAT16,NCHW;NCHW;NCHW,"""1,2,1024,128""",FLOAT16,NCHW,N/A,0.0,0,0.0,0.0,0.0,0.0,0.0,0.0,0.0,0.0,0.0,0.0,0.0,0.517,1861,0.008,0.015,0.126,0.243,0.117,0.226,0.092,0.178,0.155,0.000
0,6,2,218,6,PaddleGqaIncreFlashAttentionAiv_14,PaddleGqaIncreFlashAttentionAiv,static,MIX_AIV,1786306885491152.280	,11.240,1.070000,32,0,NO,"""1,16,1,128;1,2,1024,128;1,2,1024,128;1,1,1,1024""",FLOAT16;FLOAT16;FLOAT16;BOOL,NCHW;NCHW;NCHW;NCHW,"""1,16,1,128""",FLOAT16,NCHW,0,0.0,0,0.0,0.0,0.0,0.0,0.0,0.0,0.0,0.0,0.0,0.0,0.0,10.294,592910,6.031,0.586,3.676,0.357,3.362,0.327,0.447,0.043,0.003,0.000
0,6,2,219,6,MatMul_71,MatMul,static,AI_CORE,1786306885491164.340	,4.560,0.760000,22,0,NO,"""1,2048;128,64,16,16""",FLOAT16;FLOAT16,ND;FRACTAL_NZ,"""1,1024""",FLOAT16,ND,N/A,3.268,129419,0.486,0.149,0.482,0.147,1.113,0.341,2.559,0.783,2.112,0.646,0.002,0.0,0,0.0,0.0,0.0,0.0,0.0,0.0,0.0,0.0,0.0,65.698
0,6,2,220,6,InplaceAddRmsNorm_28,InplaceAddRmsNorm,static,AI_VECTOR_CORE,1786306885491168.920	,1.680,0.190000,1,0,NO,"""1,1,1024;1,1,1024;1024""",FLOAT16;FLOAT16;FLOAT16,ND;ND;ND,"""1,1,1024;1,1,1;1,1,1024""",FLOAT16;FLOAT;FLOAT16,ND;ND;ND,N/A,0.0,0,0.0,0.0,0.0,0.0,0.0,0.0,0.0,0.0,0.0,0.0,0.0,1.102,1984,0.282,0.256,0.469,0.425,0.406,0.368,0.383,0.348,0.223,0.000
0,6,2,221,6,MatMul_72,MatMul,static,AI_CORE,1786306885491170.620	,6.460,0.000000,24,0,NO,"""1,1024;64,192,16,16""",FLOAT16;FLOAT16,ND;FRACTAL_NZ,"""1,3072""",FLOAT16,ND,N/A,5.271,227687,0.538,0.102,1.07,0.203,1.284,0.244,3.731,0.708,2.451,0.465,0.0,0.0,0,0.0,0.0,0.0,0.0,0.0,0.0,0.0,0.0,0.0,81.587
0,6,2,222,6,MatMul_73,MatMul,static,AI_CORE,1786306885491177.100	,5.780,0.040000,24,0,NO,"""1,1024;64,192,16,16""",FLOAT16;FLOAT16,ND;FRACTAL_NZ,"""1,3072""",FLOAT16,ND,N/A,4.397,189942,0.538,0.122,0.516,0.117,1.285,0.292,3.43,0.78,2.568,0.584,0.0,0.0,0,0.0,0.0,0.0,0.0,0.0,0.0,0.0,0.0,0.0,76.069
0,6,2,223,6,Swish_14Mul_17,AutomaticBufferFusionOp,static,AI_VECTOR_CORE,1786306885491182.900	,1.480,0.220000,3,0,NO,"""1,1,3072;1,1,3072""",FLOAT16;FLOAT16,ND;ND,"""1,1,3072""",FLOAT16,ND,N/A,0.0,0,0.0,0.0,0.0,0.0,0.0,0.0,0.0,0.0,0.0,0.0,0.0,0.844,4559,0.163,0.193,0.137,0.163,0.138,0.164,0.144,0.171,0.157,0.000
0,6,2,224,6,MatMul_74,MatMul,static,AI_CORE,1786306885491184.400	,5.780,0.020000,22,0,NO,"""1,3072;192,64,16,16""",FLOAT16;FLOAT16,ND;FRACTAL_NZ,"""1,1024""",FLOAT16,ND,N/A,4.547,180066,0.732,0.161,0.497,0.109,1.665,0.366,3.896,0.857,2.214,0.487,0.004,0.0,0,0.0,0.0,0.0,0.0,0.0,0.0,0.0,0.0,0.0,72.114
0,6,2,225,6,InplaceAddRmsNorm_29,InplaceAddRmsNorm,static,AI_VECTOR_CORE,1786306885491190.200	,1.860,0.000000,1,0,NO,"""1,1,1024;1,1,1024;1024""",FLOAT16;FLOAT16;FLOAT16,ND;ND;ND,"""1,1,1024;1,1,1;1,1,1024""",FLOAT16;FLOAT;FLOAT16,ND;ND;ND,N/A,0.0,0,0.0,0.0,0.0,0.0,0.0,0.0,0.0,0.0,0.0,0.0,0.0,1.399,2518,0.282,0.202,0.484,0.346,0.366,0.262,0.354,0.253,0.223,0.000
0,6,2,226,6,MatMul_75,MatMul,static,AI_CORE,1786306885491192.100	,5.100,0.000000,23,0,NO,"""1,1024;64,160,16,16""",FLOAT16;FLOAT16,ND;FRACTAL_NZ,"""1,2560""",FLOAT16,ND,N/A,3.884,160806,0.527,0.136,0.48,0.124,1.137,0.293,2.882,0.742,2.22,0.572,0.001,0.0,0,0.0,0.0,0.0,0.0,0.0,0.0,0.0,0.0,0.0,72.987
0,6,2,227,6,SplitV_17,SplitVD,static,AI_VECTOR_CORE,1786306885491197.240	,0.960,0.150000,1,0,NO,"""1,1,2560""",FLOAT16,ND,"""1,1,2048;1,1,256;1,1,256""",FLOAT16;FLOAT16;FLOAT16,ND;ND;ND,N/A,0.0,0,0.0,0.0,0.0,0.0,0.0,0.0,0.0,0.0,0.0,0.0,0.0,0.484,872,0.008,0.016,0.101,0.209,0.119,0.245,0.143,0.295,0.263,0.000
0,6,2,228,6,Scatter_31,Scatter,static,AI_VECTOR_CORE,1786306885491198.220	,0.940,0.040000,2,0,NO,"""1,2,1024,128;1;1,2,1,128""",FLOAT16;INT64;FLOAT16,NCHW;NCHW;NCHW,"""1,2,1024,128""",FLOAT16,NCHW,N/A,0.0,0,0.0,0.0,0.0,0.0,0.0,0.0,0.0,0.0,0.0,0.0,0.0,0.417,1501,0.008,0.019,0.144,0.344,0.114,0.274,0.114,0.274,0.185,0.000
0,6,2,229,6,ApplyRotaryPosEmb_15,ApplyRotaryPosEmb,static,AI_VECTOR_CORE,1786306885491199.180	,3.240,0.060000,1,0,NO,"""1,1,16,128;1,1,2,128;1,1,1,128;1,1,1,128""",FLOAT16;FLOAT16;FLOAT16;FLOAT16,NCHW;NCHW;NCHW;NCHW,"""1,1,16,128;1,1,2,128""",FLOAT16;FLOAT16,NCHW;NCHW,N/A,0.0,0,0.0,0.0,0.0,0.0,0.0,0.0,0.0,0.0,0.0,0.0,0.0,2.744,4939,0.159,0.058,1.41,0.514,0.153,0.056,0.152,0.055,0.161,0.000
0,6,2,230,6,Scatter_30,Scatter,static,AI_VECTOR_CORE,1786306885491202.440	,1.080,0.010000,2,0,NO,"""1,2,1024,128;1;1,2,1,128""",FLOAT16;INT64;FLOAT16,NCHW;NCHW;NCHW,"""1,2,1024,128""",FLOAT16,NCHW,N/A,0.0,0,0.0,0.0,0.0,0.0,0.0,0.0,0.0,0.0,0.0,0.0,0.0,0.465,1675,0.008,0.017,0.136,0.292,0.112,0.241,0.094,0.201,0.2,0.000
0,6,2,231,6,PaddleGqaIncreFlashAttentionAiv_15,PaddleGqaIncreFlashAttentionAiv,static,MIX_AIV,1786306885491204.860	,12.560,1.170000,32,0,NO,"""1,16,1,128;1,2,1024,128;1,2,1024,128;1,1,1,1024""",FLOAT16;FLOAT16;FLOAT16;BOOL,NCHW;NCHW;NCHW;NCHW,"""1,16,1,128""",FLOAT16,NCHW,0,0.0,0,0.0,0.0,0.0,0.0,0.0,0.0,0.0,0.0,0.0,0.0,0.0,11.613,668931,6.031,0.519,5.074,0.437,3.338,0.287,0.432,0.037,0.004,0.000
0,6,2,232,6,MatMul_76,MatMul,static,AI_CORE,1786306885491218.160	,4.940,0.940000,22,0,NO,"""1,2048;128,64,16,16""",FLOAT16;FLOAT16,ND;FRACTAL_NZ,"""1,1024""",FLOAT16,ND,N/A,3.304,130839,0.486,0.147,0.477,0.144,1.113,0.337,2.603,0.788,2.091,0.633,0.002,0.0,0,0.0,0.0,0.0,0.0,0.0,0.0,0.0,0.0,0.0,61.309
0,6,2,233,6,InplaceAddRmsNorm_30,InplaceAddRmsNorm,static,AI_VECTOR_CORE,1786306885491223.120	,1.720,0.000000,1,0,NO,"""1,1,1024;1,1,1024;1024""",FLOAT16;FLOAT16;FLOAT16,ND;ND;ND,"""1,1,1024;1,1,1;1,1,1024""",FLOAT16;FLOAT;FLOAT16,ND;ND;ND,N/A,0.0,0,0.0,0.0,0.0,0.0,0.0,0.0,0.0,0.0,0.0,0.0,0.0,1.172,2109,0.282,0.241,0.432,0.369,0.546,0.466,0.382,0.326,0.223,0.000
0,6,2,234,6,MatMul_77,MatMul,static,AI_CORE,1786306885491224.860	,5.420,0.030000,24,0,NO,"""1,1024;64,192,16,16""",FLOAT16;FLOAT16,ND;FRACTAL_NZ,"""1,3072""",FLOAT16,ND,N/A,4.341,187511,0.538,0.124,0.523,0.12,1.286,0.296,3.372,0.777,2.621,0.604,0.0,0.0,0,0.0,0.0,0.0,0.0,0.0,0.0,0.0,0.0,0.0,80.084
0,6,2,235,6,MatMul_78,MatMul,static,AI_CORE,1786306885491230.300	,5.460,0.080000,24,0,NO,"""1,1024;64,192,16,16""",FLOAT16;FLOAT16,ND;FRACTAL_NZ,"""1,3072""",FLOAT16,ND,N/A,4.359,188325,0.538,0.123,0.53,0.122,1.285,0.295,3.376,0.775,2.603,0.597,0.0,0.0,0,0.0,0.0,0.0,0.0,0.0,0.0,0.0,0.0,0.0,79.842
0,6,2,236,6,Swish_15Mul_18,AutomaticBufferFusionOp,static,AI_VECTOR_CORE,1786306885491235.780	,1.720,0.040000,3,0,NO,"""1,1,3072;1,1,3072""",FLOAT16;FLOAT16,ND;ND,"""1,1,3072""",FLOAT16,ND,N/A,0.0,0,0.0,0.0,0.0,0.0,0.0,0.0,0.0,0.0,0.0,0.0,0.0,0.98,5292,0.163,0.166,0.157,0.16,0.136,0.139,0.131,0.134,0.202,0.000
0,6,2,237,6,MatMul_79,MatMul,static,AI_CORE,1786306885491237.520	,5.840,0.030000,22,0,NO,"""1,3072;192,64,16,16""",FLOAT16;FLOAT16,ND;FRACTAL_NZ,"""1,1024""",FLOAT16,ND,N/A,4.595,181963,0.732,0.159,0.761,0.166,1.635,0.356,3.93,0.855,2.148,0.468,0.004,0.0,0,0.0,0.0,0.0,0.0,0.0,0.0,0.0,0.0,0.0,72.125
0,6,2,238,6,InplaceAddRmsNorm_31,InplaceAddRmsNorm,static,AI_VECTOR_CORE,1786306885491243.400	,1.600,0.160000,1,0,NO,"""1,1,1024;1,1,1024;1024""",FLOAT16;FLOAT16;FLOAT16,ND;ND;ND,"""1,1,1024;1,1,1;1,1,1024""",FLOAT16;FLOAT;FLOAT16,ND;ND;ND,N/A,0.0,0,0.0,0.0,0.0,0.0,0.0,0.0,0.0,0.0,0.0,0.0,0.0,1.031,1855,0.282,0.274,0.398,0.387,0.371,0.36,0.382,0.37,0.223,0.000
0,6,2,239,6,MatMul_80,MatMul,static,AI_CORE,1786306885491245.020	,5.560,0.000000,23,0,NO,"""1,1024;64,160,16,16""",FLOAT16;FLOAT16,ND;FRACTAL_NZ,"""1,2560""",FLOAT16,ND,N/A,4.055,167886,0.527,0.13,0.525,0.129,1.133,0.279,2.952,0.728,2.425,0.598,0.001,0.0,0,0.0,0.0,0.0,0.0,0.0,0.0,0.0,0.0,0.0,69.897
0,6,2,240,6,SplitV_18,SplitVD,static,AI_VECTOR_CORE,1786306885491250.620	,1.080,0.000000,1,0,NO,"""1,1,2560""",FLOAT16,ND,"""1,1,2048;1,1,256;1,1,256""",FLOAT16;FLOAT16;FLOAT16,ND;ND;ND,N/A,0.0,0,0.0,0.0,0.0,0.0,0.0,0.0,0.0,0.0,0.0,0.0,0.0,0.519,935,0.008,0.015,0.098,0.189,0.134,0.259,0.165,0.318,0.263,0.000
0,6,2,241,6,Scatter_33,Scatter,static,AI_VECTOR_CORE,1786306885491251.720	,0.960,0.170000,2,0,NO,"""1,2,1024,128;1;1,2,1,128""",FLOAT16;INT64;FLOAT16,NCHW;NCHW;NCHW,"""1,2,1024,128""",FLOAT16,NCHW,N/A,0.0,0,0.0,0.0,0.0,0.0,0.0,0.0,0.0,0.0,0.0,0.0,0.0,0.445,1603,0.008,0.017,0.155,0.349,0.11,0.247,0.118,0.264,0.175,0.000
0,6,2,242,6,ApplyRotaryPosEmb_16,ApplyRotaryPosEmb,static,AI_VECTOR_CORE,1786306885491252.700	,2.280,0.040000,1,0,NO,"""1,1,16,128;1,1,2,128;1,1,1,128;1,1,1,128""",FLOAT16;FLOAT16;FLOAT16;FLOAT16,NCHW;NCHW;NCHW;NCHW,"""1,1,16,128;1,1,2,128""",FLOAT16;FLOAT16,NCHW;NCHW,N/A,0.0,0,0.0,0.0,0.0,0.0,0.0,0.0,0.0,0.0,0.0,0.0,0.0,1.806,3250,0.153,0.085,1.258,0.697,0.189,0.105,0.139,0.077,0.161,0.000
0,6,2,243,6,Scatter_32,Scatter,static,AI_VECTOR_CORE,1786306885491255.000	,1.160,0.000000,2,0,NO,"""1,2,1024,128;1;1,2,1,128""",FLOAT16;INT64;FLOAT16,NCHW;NCHW;NCHW,"""1,2,1024,128""",FLOAT16,NCHW,N/A,0.0,0,0.0,0.0,0.0,0.0,0.0,0.0,0.0,0.0,0.0,0.0,0.0,0.532,1915,0.008,0.015,0.176,0.331,0.108,0.203,0.106,0.199,0.155,0.000
0,6,2,244,6,PaddleGqaIncreFlashAttentionAiv_16,PaddleGqaIncreFlashAttentionAiv,static,MIX_AIV,1786306885491257.460	,12.880,1.340000,32,0,NO,"""1,16,1,128;1,2,1024,128;1,2,1024,128;1,1,1,1024""",FLOAT16;FLOAT16;FLOAT16;BOOL,NCHW;NCHW;NCHW;NCHW,"""1,16,1,128""",FLOAT16,NCHW,0,0.0,0,0.0,0.0,0.0,0.0,0.0,0.0,0.0,0.0,0.0,0.0,0.0,11.957,688750,6.032,0.504,5.092,0.426,3.098,0.259,0.388,0.032,0.003,0.000
0,6,2,245,6,MatMul_81,MatMul,static,AI_CORE,1786306885491271.360	,5.620,0.870000,22,0,NO,"""1,2048;128,64,16,16""",FLOAT16;FLOAT16,ND;FRACTAL_NZ,"""1,1024""",FLOAT16,ND,N/A,3.773,149418,0.488,0.129,1.162,0.308,1.108,0.294,2.469,0.654,2.026,0.537,0.002,0.0,0,0.0,0.0,0.0,0.0,0.0,0.0,0.0,0.0,0.0,61.544
0,6,2,246,6,InplaceAddRmsNorm_32,InplaceAddRmsNorm,static,AI_VECTOR_CORE,1786306885491277.000	,1.580,0.130000,1,0,NO,"""1,1,1024;1,1,1024;1024""",FLOAT16;FLOAT16;FLOAT16,ND;ND;ND,"""1,1,1024;1,1,1;1,1,1024""",FLOAT16;FLOAT;FLOAT16,ND;ND;ND,N/A,0.0,0,0.0,0.0,0.0,0.0,0.0,0.0,0.0,0.0,0.0,0.0,0.0,1.097,1975,0.282,0.257,0.521,0.475,0.382,0.348,0.362,0.33,0.223,0.000
0,6,2,247,6,MatMul_82,MatMul,static,AI_CORE,1786306885491278.600	,5.420,0.000000,24,0,NO,"""1,1024;64,192,16,16""",FLOAT16;FLOAT16,ND;FRACTAL_NZ,"""1,3072""",FLOAT16,ND,N/A,4.381,189257,0.538,0.123,0.534,0.122,1.286,0.293,3.385,0.773,2.626,0.599,0.0,0.0,0,0.0,0.0,0.0,0.0,0.0,0.0,0.0,0.0,0.0,80.829
0,6,2,248,6,MatMul_83,MatMul,static,AI_CORE,1786306885491284.060	,5.500,0.080000,24,0,NO,"""1,1024;64,192,16,16""",FLOAT16;FLOAT16,ND;FRACTAL_NZ,"""1,3072""",FLOAT16,ND,N/A,4.443,191920,0.538,0.121,0.54,0.122,1.285,0.289,3.445,0.775,2.608,0.587,0.0,0.0,0,0.0,0.0,0.0,0.0,0.0,0.0,0.0,0.0,0.0,80.774
0,6,2,249,6,Swish_16Mul_19,AutomaticBufferFusionOp,static,AI_VECTOR_CORE,1786306885491289.580	,1.460,0.000000,3,0,NO,"""1,1,3072;1,1,3072""",FLOAT16;FLOAT16,ND;ND,"""1,1,3072""",FLOAT16,ND,N/A,0.0,0,0.0,0.0,0.0,0.0,0.0,0.0,0.0,0.0,0.0,0.0,0.0,0.838,4525,0.163,0.195,0.134,0.16,0.136,0.162,0.146,0.174,0.167,0.000
0,6,2,250,6,MatMul_84,MatMul,static,AI_CORE,1786306885491291.060	,8.020,0.040000,22,0,NO,"""1,3072;192,64,16,16""",FLOAT16;FLOAT16,ND;FRACTAL_NZ,"""1,1024""",FLOAT16,ND,N/A,5.977,236677,0.732,0.122,1.037,0.174,1.652,0.276,4.825,0.807,2.872,0.481,0.003,0.0,0,0.0,0.0,0.0,0.0,0.0,0.0,0.0,0.0,0.0,68.312
0,6,2,251,6,InplaceAddRmsNorm_33,InplaceAddRmsNorm,static,AI_VECTOR_CORE,1786306885491299.100	,1.640,0.000000,1,0,NO,"""1,1,1024;1,1,1024;1024""",FLOAT16;FLOAT16;FLOAT16,ND;ND;ND,"""1,1,1024;1,1,1;1,1,1024""",FLOAT16;FLOAT;FLOAT16,ND;ND;ND,N/A,0.0,0,0.0,0.0,0.0,0.0,0.0,0.0,0.0,0.0,0.0,0.0,0.0,1.124,2024,0.282,0.251,0.532,0.473,0.383,0.341,0.353,0.314,0.215,0.000
0,6,2,252,6,MatMul_85,MatMul,static,AI_CORE,1786306885491300.760	,5.040,0.110000,23,0,NO,"""1,1024;64,160,16,16""",FLOAT16;FLOAT16,ND;FRACTAL_NZ,"""1,2560""",FLOAT16,ND,N/A,3.966,164189,0.527,0.133,0.517,0.13,1.137,0.287,2.925,0.738,2.276,0.574,0.001,0.0,0,0.0,0.0,0.0,0.0,0.0,0.0,0.0,0.0,0.0,75.410
0,6,2,253,6,SplitV_19,SplitVD,static,AI_VECTOR_CORE,1786306885491305.820	,1.040,0.000000,1,0,NO,"""1,1,2560""",FLOAT16,ND,"""1,1,2048;1,1,256;1,1,256""",FLOAT16;FLOAT16;FLOAT16,ND;ND;ND,N/A,0.0,0,0.0,0.0,0.0,0.0,0.0,0.0,0.0,0.0,0.0,0.0,0.0,0.507,912,0.008,0.015,0.139,0.274,0.127,0.251,0.152,0.3,0.263,0.000
0,6,2,254,6,Scatter_35,Scatter,static,AI_VECTOR_CORE,1786306885491306.880	,1.100,0.210000,2,0,NO,"""1,2,1024,128;1;1,2,1,128""",FLOAT16;INT64;FLOAT16,NCHW;NCHW;NCHW,"""1,2,1024,128""",FLOAT16,NCHW,N/A,0.0,0,0.0,0.0,0.0,0.0,0.0,0.0,0.0,0.0,0.0,0.0,0.0,0.461,1659,0.008,0.017,0.138,0.299,0.126,0.274,0.078,0.17,0.17,0.000
0,6,2,255,6,ApplyRotaryPosEmb_17,ApplyRotaryPosEmb,static,AI_VECTOR_CORE,1786306885491308.000	,2.380,0.000000,1,0,NO,"""1,1,16,128;1,1,2,128;1,1,1,128;1,1,1,128""",FLOAT16;FLOAT16;FLOAT16;FLOAT16,NCHW;NCHW;NCHW;NCHW,"""1,1,16,128;1,1,2,128""",FLOAT16;FLOAT16,NCHW;NCHW,N/A,0.0,0,0.0,0.0,0.0,0.0,0.0,0.0,0.0,0.0,0.0,0.0,0.0,1.815,3267,0.158,0.087,1.28,0.705,0.165,0.091,0.146,0.08,0.159,0.000
0,6,2,256,6,Scatter_34,Scatter,static,AI_VECTOR_CORE,1786306885491310.400	,1.240,0.120000,2,0,NO,"""1,2,1024,128;1;1,2,1,128""",FLOAT16;INT64;FLOAT16,NCHW;NCHW;NCHW,"""1,2,1024,128""",FLOAT16,NCHW,N/A,0.0,0,0.0,0.0,0.0,0.0,0.0,0.0,0.0,0.0,0.0,0.0,0.0,0.531,1910,0.008,0.015,0.163,0.307,0.105,0.197,0.132,0.248,0.2,0.000
0,6,2,257,6,PaddleGqaIncreFlashAttentionAiv_17,PaddleGqaIncreFlashAttentionAiv,static,MIX_AIV,1786306885491312.560	,10.960,0.760000,32,0,NO,"""1,16,1,128;1,2,1024,128;1,2,1024,128;1,1,1,1024""",FLOAT16;FLOAT16;FLOAT16;BOOL,NCHW;NCHW;NCHW;NCHW,"""1,16,1,128""",FLOAT16,NCHW,0,0.0,0,0.0,0.0,0.0,0.0,0.0,0.0,0.0,0.0,0.0,0.0,0.0,10.077,580411,6.032,0.599,3.492,0.347,3.376,0.335,0.354,0.035,0.003,0.000
0,6,2,258,6,MatMul_86,MatMul,static,AI_CORE,1786306885491324.620	,5.660,1.040000,22,0,NO,"""1,2048;128,64,16,16""",FLOAT16;FLOAT16,ND;FRACTAL_NZ,"""1,1024""",FLOAT16,ND,N/A,3.978,157519,0.487,0.122,0.865,0.218,1.096,0.275,2.827,0.711,2.154,0.542,0.002,0.0,0,0.0,0.0,0.0,0.0,0.0,0.0,0.0,0.0,0.0,64.422
0,6,2,259,6,InplaceAddRmsNorm_34,InplaceAddRmsNorm,static,AI_VECTOR_CORE,1786306885491330.320	,1.740,0.090000,1,0,NO,"""1,1,1024;1,1,1024;1024""",FLOAT16;FLOAT16;FLOAT16,ND;ND;ND,"""1,1,1024;1,1,1;1,1,1024""",FLOAT16;FLOAT;FLOAT16,ND;ND;ND,N/A,0.0,0,0.0,0.0,0.0,0.0,0.0,0.0,0.0,0.0,0.0,0.0,0.0,1.141,2054,0.282,0.247,0.508,0.445,0.378,0.331,0.371,0.325,0.223,0.000
0,6,2,260,6,MatMul_87,MatMul,static,AI_CORE,1786306885491332.080	,5.360,0.010000,24,0,NO,"""1,1024;64,192,16,16""",FLOAT16;FLOAT16,ND;FRACTAL_NZ,"""1,3072""",FLOAT16,ND,N/A,4.312,186288,0.538,0.125,0.434,0.101,1.285,0.298,3.421,0.793,2.646,0.614,0.0,0.0,0,0.0,0.0,0.0,0.0,0.0,0.0,0.0,0.0,0.0,80.452
0,6,2,261,6,MatMul_88,MatMul,static,AI_CORE,1786306885491337.460	,5.380,0.140000,24,0,NO,"""1,1024;64,192,16,16""",FLOAT16;FLOAT16,ND;FRACTAL_NZ,"""1,3072""",FLOAT16,ND,N/A,4.292,185412,0.538,0.125,0.433,0.101,1.286,0.3,3.393,0.79,2.639,0.615,0.0,0.0,0,0.0,0.0,0.0,0.0,0.0,0.0,0.0,0.0,0.0,79.776
0,6,2,262,6,Swish_17Mul_20,AutomaticBufferFusionOp,static,AI_VECTOR_CORE,1786306885491342.860	,1.520,0.000000,3,0,NO,"""1,1,3072;1,1,3072""",FLOAT16;FLOAT16,ND;ND,"""1,1,3072""",FLOAT16,ND,N/A,0.0,0,0.0,0.0,0.0,0.0,0.0,0.0,0.0,0.0,0.0,0.0,0.0,0.865,4670,0.163,0.188,0.144,0.167,0.142,0.164,0.153,0.176,0.167,0.000
0,6,2,263,6,MatMul_89,MatMul,static,AI_CORE,1786306885491344.400	,5.800,0.230000,22,0,NO,"""1,3072;192,64,16,16""",FLOAT16;FLOAT16,ND;FRACTAL_NZ,"""1,1024""",FLOAT16,ND,N/A,4.516,178824,0.734,0.163,0.429,0.095,1.648,0.365,3.884,0.86,2.188,0.485,0.004,0.0,0,0.0,0.0,0.0,0.0,0.0,0.0,0.0,0.0,0.0,71.370
0,6,2,264,6,InplaceAddRmsNorm_35,InplaceAddRmsNorm,static,AI_VECTOR_CORE,1786306885491350.240	,1.840,0.000000,1,0,NO,"""1,1,1024;1,1,1024;1024""",FLOAT16;FLOAT16;FLOAT16,ND;ND;ND,"""1,1,1024;1,1,1;1,1,1024""",FLOAT16;FLOAT;FLOAT16,ND;ND;ND,N/A,0.0,0,0.0,0.0,0.0,0.0,0.0,0.0,0.0,0.0,0.0,0.0,0.0,1.381,2486,0.282,0.204,0.473,0.343,0.382,0.276,0.361,0.261,0.223,0.000
0,6,2,265,6,MatMul_90,MatMul,static,AI_CORE,1786306885491352.100	,129.280,0.000000,24,0,NO,"""1,1024;64,6464,16,16""",FLOAT16;FLOAT16,ND;FRACTAL_NZ,"""1,103424""",FLOAT16,ND,N/A,125.829,5435826,18.105,0.144,3.272,0.026,43.888,0.349,122.676,0.975,39.558,0.314,0.02,0.0,0,0.0,0.0,0.0,0.0,0.0,0.0,0.0,0.0,0.0,97.331
0,6,4294967295,1304,3,aclnnInplaceZero_ZerosLikeAiCore_ZerosLike,ZerosLike,dynamic,AI_VECTOR_CORE,1786306885491500.000	,1.920,18.720000,1,0,NO,"""1""",BOOL,ND,"""1""",BOOL,ND,N/A,0.0,0,0.0,0.0,0.0,0.0,0.0,0.0,0.0,0.0,0.0,0.0,0.0,1.455,2619,0.028,0.019,0.296,0.204,0.001,0.001,0.466,0.32,0.196,0.000
0,6,4294967295,1305,3,aclnnInplaceCopy_CastAiCore_Cast,Cast,dynamic,AI_VECTOR_CORE,1786306885491511.020	,8.520,9.080000,48,0,NO,"""1,103424""",FLOAT16,ND,"""1,103424""",FLOAT,ND,N/A,0.0,0,0.0,0.0,0.0,0.0,0.0,0.0,0.0,0.0,0.0,0.0,0.0,5.521,476977,0.041,0.007,0.157,0.029,0.591,0.107,0.913,0.165,0.228,0.000
0,6,4294967295,1306,3,aclnnArgMax_ArgMaxV2AiCore_ArgMaxV2,ArgMaxV2,dynamic,AI_VECTOR_CORE,1786306885491824.420	,13.800,304.980000,1,0,NO,"""1,103424;""",FLOAT;INT64,ND;ND,"""1""",INT32,ND,N/A,0.0,0,0.0,0.0,0.0,0.0,0.0,0.0,0.0,0.0,0.0,0.0,0.0,13.319,23975,7.388,0.555,1.811,0.136,3.413,0.256,0.452,0.034,0.064,0.000
0,6,4294967295,1307,3,aclnnArgMax_CastAiCore_Cast,Cast,dynamic,AI_VECTOR_CORE,1786306885491838.240	,1.280,0.000000,1,0,NO,"""1""",INT32,ND,"""1""",INT64,ND,N/A,0.0,0,0.0,0.0,0.0,0.0,0.0,0.0,0.0,0.0,0.0,0.0,0.0,0.779,1403,0.026,0.033,0.258,0.331,0.103,0.132,0.095,0.122,0.197,0.000
0,6,4294967295,1308,3,aclnnInplaceCopy_CastAiCore_Cast,Cast,dynamic,AI_VECTOR_CORE,1786306885492067.120	,2.640,227.470000,48,0,NO,"""1,103424""",FLOAT16,ND,"""1,103424""",FLOAT,ND,N/A,0.0,0,0.0,0.0,0.0,0.0,0.0,0.0,0.0,0.0,0.0,0.0,0.0,1.155,99820,0.041,0.035,0.715,0.619,0.161,0.139,0.21,0.182,0.0,0.000
0,6,4294967295,1309,3,aclnnArgMax_ArgMaxV2AiCore_ArgMaxV2,ArgMaxV2,dynamic,AI_VECTOR_CORE,1786306885492264.880	,14.060,195.360000,1,0,NO,"""1,103424;""",FLOAT;INT64,ND;ND,"""1""",INT32,ND,N/A,0.0,0,0.0,0.0,0.0,0.0,0.0,0.0,0.0,0.0,0.0,0.0,0.0,13.524,24344,7.388,0.546,1.784,0.132,3.809,0.282,0.461,0.034,0.06,0.000
0,6,4294967295,1310,3,aclnnArgMax_CastAiCore_Cast,Cast,dynamic,AI_VECTOR_CORE,1786306885492278.960	,1.220,0.000000,1,0,NO,"""1""",INT32,ND,"""1""",INT64,ND,N/A,0.0,0,0.0,0.0,0.0,0.0,0.0,0.0,0.0,0.0,0.0,0.0,0.0,0.693,1248,0.026,0.038,0.281,0.405,0.117,0.169,0.138,0.199,0.181,0.000
0,6,4294967295,1311,3,aclnnInplaceZero_ZerosLikeAiCore_ZerosLike,ZerosLike,dynamic,AI_VECTOR_CORE,1786306885492452.360	,1.780,172.030000,1,0,NO,"""1""",BOOL,ND,"""1""",BOOL,ND,N/A,0.0,0,0.0,0.0,0.0,0.0,0.0,0.0,0.0,0.0,0.0,0.0,0.0,1.239,2230,0.028,0.022,0.293,0.236,0.001,0.001,0.47,0.379,0.212,0.000
0,6,4294967295,1312,3,aclnnBitwiseOrTensor_LogicalOrAiCore_LogicalOr,LogicalOr,dynamic,AI_VECTOR_CORE,1786306885492599.720	,1.500,145.720000,1,0,NO,"""1;1""",BOOL;BOOL,ND;ND,"""1""",BOOL,ND,N/A,0.0,0,0.0,0.0,0.0,0.0,0.0,0.0,0.0,0.0,0.0,0.0,0.0,0.978,1761,0.066,0.068,0.298,0.304,0.293,0.3,0.114,0.117,0.176,0.000
0,6,4294967295,1315,3,aclnnInplaceFillScalar_FillAiCore_Fill,Fill,dynamic,AI_VECTOR_CORE,1786306885493486.320	,2.200,885.000000,1,0,NO,"""2;""",INT64;INT64,ND;ND,"""1,1""",INT64,ND,N/A,0.0,0,0.0,0.0,0.0,0.0,0.0,0.0,0.0,0.0,0.0,0.0,0.0,1.644,2960,0.049,0.03,0.355,0.216,0.101,0.061,0.745,0.453,0.217,0.000
0,6,4294967295,1316,3,aclnnSWhere_SelectV2AiCore_SelectV2,SelectV2,dynamic,AI_VECTOR_CORE,1786306885493585.400	,3.220,97.050000,1,0,NO,"""1,1;1,1;1,1""",BOOL;INT64;INT64,ND;ND;ND,"""1,1""",INT64,ND,N/A,0.0,0,0.0,0.0,0.0,0.0,0.0,0.0,0.0,0.0,0.0,0.0,0.0,2.657,4783,0.193,0.073,0.889,0.335,0.381,0.143,0.149,0.056,0.168,0.000
0,6,4294967295,1317,3,aclnnAdds_AddAiCore_Add,Add,dynamic,AI_VECTOR_CORE,1786306885493744.820	,5.040,156.030000,1,0,NO,"""1;""",INT64;INT64,ND;ND,"""1""",INT64,ND,N/A,0.0,0,0.0,0.0,0.0,0.0,0.0,0.0,0.0,0.0,0.0,0.0,0.0,4.469,8045,0.293,0.066,1.088,0.243,1.008,0.225,0.103,0.023,0.217,0.000
0,6,4294967295,1318,3,aclnnInplaceZero_ZerosLikeAiCore_ZerosLike,ZerosLike,dynamic,AI_VECTOR_CORE,1786306885493868.100	,2.680,118.210000,1,0,NO,"""1""",INT64,ND,"""1""",INT64,ND,N/A,0.0,0,0.0,0.0,0.0,0.0,0.0,0.0,0.0,0.0,0.0,0.0,0.0,2.111,3800,0.063,0.03,0.535,0.253,0.001,0.001,0.116,0.055,0.297,0.000
0,6,4294967295,1319,3,aclnnSWhere_SelectV2AiCore_SelectV2,SelectV2,dynamic,AI_VECTOR_CORE,1786306885493942.640	,3.240,72.070000,1,0,NO,"""1;1;1""",BOOL;INT64;INT64,ND;ND;ND,"""1""",INT64,ND,N/A,0.0,0,0.0,0.0,0.0,0.0,0.0,0.0,0.0,0.0,0.0,0.0,0.0,2.777,4998,0.193,0.07,1.017,0.366,0.659,0.237,0.131,0.047,0.157,0.000
0,6,2,1322,3,UpdateModelParam_static_bin,Data,dynamic,AI_VECTOR_CORE,1786306885495543.280	,5.280,1597.260000,1,0,NO,N/A,N/A,N/A,N/A,N/A,N/A,N/A,0.0,0,0.0,0.0,0.0,0.0,0.0,0.0,0.0,0.0,0.0,0.0,0.0,4.82,8676,0.979,0.203,2.479,0.514,0.867,0.18,0.181,0.038,0.158,0.000
0,6,2,0,6,Range,Range,static,AI_VECTOR_CORE,1786306885495571.720	,10.440,23.220000,48,0,NO,""";;""",INT32;FLOAT;INT32,NCHW;NCHW;NCHW,"""1024""",FLOAT,NCHW,N/A,0.0,0,0.0,0.0,0.0,0.0,0.0,0.0,0.0,0.0,0.0,0.0,0.0,7.724,667377,0.071,0.009,3.245,0.42,0.001,0.0,0.777,0.101,0.221,0.000
0,6,2,1,6,Cast,Cast,static,AI_VECTOR_CORE,1786306885495582.180	,1.280,0.060000,2,0,NO,"""1024""",FLOAT,NCHW,"""1024""",INT64,NCHW,N/A,0.0,0,0.0,0.0,0.0,0.0,0.0,0.0,0.0,0.0,0.0,0.0,0.0,0.785,2825,0.031,0.04,0.103,0.131,0.121,0.155,0.229,0.292,0.28,0.000
0,6,2,2,6,GatherV2,GatherV2,static,AI_VECTOR_CORE,1786306885495583.480	,7.740,0.000000,47,0,NO,"""103424,1024;1,1;1""",FLOAT16;INT64;INT64,ND;ND;ND,"""1,1,1024""",FLOAT16,ND,N/A,0.0,0,0.0,0.0,0.0,0.0,0.0,0.0,0.0,0.0,0.0,0.0,0.0,4.221,357063,0.049,0.012,0.16,0.038,0.781,0.185,0.291,0.069,0.195,0.000
0,6,2,3,6,RmsNorm,RmsNorm,static,AI_VECTOR_CORE,1786306885495591.260	,6.060,0.010000,1,0,NO,"""1,1,1024;1024""",FLOAT16;FLOAT16,ND;ND,"""1,1,1024;1,1,1""",FLOAT16;FLOAT,ND;ND,N/A,0.0,0,0.0,0.0,0.0,0.0,0.0,0.0,0.0,0.0,0.0,0.0,0.0,5.589,10061,0.803,0.144,2.696,0.482,0.35,0.063,0.235,0.042,0.183,0.000
0,6,2,4,6,MatMul,MatMul,static,AI_CORE,1786306885495597.340	,9.340,0.000000,23,0,NO,"""1,1024;64,160,16,16""",FLOAT16;FLOAT16,ND;FRACTAL_NZ,"""1,2560""",FLOAT16,ND,N/A,6.613,273793,0.527,0.08,0.393,0.059,1.139,0.172,4.095,0.619,2.746,0.415,0.244,0.0,0,0.0,0.0,0.0,0.0,0.0,0.0,0.0,0.0,0.0,67.857
0,6,2,5,6,SplitV_2,SplitVD,static,AI_VECTOR_CORE,1786306885495606.720	,1.260,0.160000,1,0,NO,"""1,1,2560""",FLOAT16,ND,"""1,1,2048;1,1,256;1,1,256""",FLOAT16;FLOAT16;FLOAT16,ND;ND;ND,N/A,0.0,0,0.0,0.0,0.0,0.0,0.0,0.0,0.0,0.0,0.0,0.0,0.0,0.776,1396,0.008,0.01,0.148,0.191,0.119,0.154,0.321,0.414,0.263,0.000
0,6,2,6,6,Add,Add,static,AI_VECTOR_CORE,1786306885495608.000	,1.380,0.000000,1,0,NO,"""1,1;1,1""",INT64;INT64,NCHW;NCHW,"""1,1""",INT64,NCHW,N/A,0.0,0,0.0,0.0,0.0,0.0,0.0,0.0,0.0,0.0,0.0,0.0,0.0,0.879,1582,0.082,0.093,0.168,0.191,0.309,0.352,0.113,0.129,0.156,0.000
0,6,2,7,6,BroadcastTo,BroadcastTo,static,AI_VECTOR_CORE,1786306885495609.420	,1.240,0.120000,1,0,NO,"""1,1,1;3""",INT64;INT64,NCHW;NCHW,"""3,1,1""",INT64,NCHW,N/A,0.0,0,0.0,0.0,0.0,0.0,0.0,0.0,0.0,0.0,0.0,0.0,0.0,0.719,1294,0.082,0.114,0.179,0.249,0.089,0.124,0.122,0.17,0.167,0.000
0,6,2,8,6,Cast_1,Cast,static,AI_VECTOR_CORE,1786306885495610.680	,1.220,0.010000,1,0,NO,"""3,1,1,1""",INT64,NCHW,"""3,1,1,1""",FLOAT,NCHW,N/A,0.0,0,0.0,0.0,0.0,0.0,0.0,0.0,0.0,0.0,0.0,0.0,0.0,0.709,1276,0.058,0.082,0.124,0.175,0.097,0.137,0.115,0.162,0.185,0.000
0,6,2,9,6,Scatter_1,Scatter,static,AI_VECTOR_CORE,1786306885495611.920	,1.320,0.030000,2,0,NO,"""1,2,1024,128;1;1,2,1,128""",FLOAT16;INT64;FLOAT16,NCHW;NCHW;NCHW,"""1,2,1024,128""",FLOAT16,NCHW,N/A,0.0,0,0.0,0.0,0.0,0.0,0.0,0.0,0.0,0.0,0.0,0.0,0.0,0.762,2742,0.008,0.01,0.117,0.153,0.119,0.156,0.208,0.272,0.214,0.000
0,6,2,10,6,BroadcastTo_1,BroadcastTo,static,AI_VECTOR_CORE,1786306885495613.280	,1.220,0.000000,1,0,NO,"""1,1,64,1;4""",FLOAT;INT64,NCHW;NCHW,"""3,1,64,1""",FLOAT,NCHW,N/A,0.0,0,0.0,0.0,0.0,0.0,0.0,0.0,0.0,0.0,0.0,0.0,0.0,0.717,1290,0.018,0.025,0.135,0.188,0.214,0.299,0.128,0.179,0.238,0.000
0,6,2,11,6,Mul,Mul,static,AI_VECTOR_CORE,1786306885495614.520	,1.140,0.030000,1,0,NO,"""3,1,64,1;3,1,1,1""",FLOAT;FLOAT,NCHW;NCHW,"""3,1,64,1""",FLOAT,NCHW,N/A,0.0,0,0.0,0.0,0.0,0.0,0.0,0.0,0.0,0.0,0.0,0.0,0.0,0.632,1137,0.042,0.066,0.127,0.201,0.116,0.183,0.126,0.2,0.217,0.000
0,6,2,12,6,ConcatV2,ConcatV2D,static,AI_VECTOR_CORE,1786306885495615.680	,3.900,0.110000,1,0,NO,"""3,1,1,64;3,1,1,64""",FLOAT;FLOAT,NCHW;NCHW,"""3,1,1,128""",FLOAT,NCHW,N/A,0.0,0,0.0,0.0,0.0,0.0,0.0,0.0,0.0,0.0,0.0,0.0,0.0,3.378,6081,2.717,0.804,0.206,0.061,0.137,0.04,0.137,0.04,0.186,0.000
0,6,2,13,6,Cos,Cos,static,AI_VECTOR_CORE,1786306885495619.600	,1.860,0.000000,1,0,NO,"""3,1,1,128""",FLOAT,NCHW,"""3,1,1,128""",FLOAT,NCHW,N/A,0.0,0,0.0,0.0,0.0,0.0,0.0,0.0,0.0,0.0,0.0,0.0,0.0,1.333,2399,0.652,0.489,0.149,0.112,0.119,0.089,0.133,0.1,0.19,0.000
0,6,2,14,6,Mul_1Cast_5,Mul,static,AI_VECTOR_CORE,1786306885495621.480	,1.240,0.140000,1,0,NO,"""3,1,1,128;""",FLOAT;FLOAT,NCHW;NCHW,"""3,1,1,128""",FLOAT16,NCHW,N/A,0.0,0,0.0,0.0,0.0,0.0,0.0,0.0,0.0,0.0,0.0,0.0,0.0,0.736,1325,0.033,0.045,0.141,0.192,0.199,0.271,0.131,0.178,0.208,0.000
0,6,2,15,6,Sin,Sin,static,AI_VECTOR_CORE,1786306885495622.740	,1.820,0.010000,1,0,NO,"""3,1,1,128""",FLOAT,NCHW,"""3,1,1,128""",FLOAT,NCHW,N/A,0.0,0,0.0,0.0,0.0,0.0,0.0,0.0,0.0,0.0,0.0,0.0,0.0,1.298,2337,0.612,0.471,0.174,0.134,0.113,0.087,0.129,0.1,0.2,0.000
0,6,2,16,6,Mul_2Cast_6,Mul,static,AI_VECTOR_CORE,1786306885495624.580	,1.060,0.000000,1,0,NO,"""3,1,1,128;""",FLOAT;FLOAT,NCHW;NCHW,"""3,1,1,128""",FLOAT16,NCHW,N/A,0.0,0,0.0,0.0,0.0,0.0,0.0,0.0,0.0,0.0,0.0,0.0,0.0,0.544,980,0.033,0.061,0.128,0.235,0.109,0.2,0.134,0.246,0.208,0.000
0,6,2,17,6,SplitV,SplitVD,static,AI_VECTOR_CORE,1786306885495625.660	,4.020,0.190000,1,0,NO,"""3,1,1,128""",FLOAT16,NCHW,"""3,1,1,16;3,1,1,24;3,1,1,24;3,1,1,16;3,1,1,24;3,1,1,24""",FLOAT16;FLOAT16;FLOAT16;FLOAT16;FLOAT16;FLOAT16,NCHW;NCHW;NCHW;NCHW;NCHW;NCHW,N/A,0.0,0,0.0,0.0,0.0,0.0,0.0,0.0,0.0,0.0,0.0,0.0,0.0,3.487,6277,2.234,0.641,0.337,0.097,0.118,0.034,0.944,0.271,0.177,0.000
0,6,2,18,6,GatherV2_1,GatherV2,static,AI_VECTOR_CORE,1786306885495629.700	,1.340,0.000000,1,0,NO,"""3,1,1,16;;1""",FLOAT16;INT64;INT64,NCHW;NCHW;NCHW,"""1,1,16""",FLOAT16,NCHW,N/A,0.0,0,0.0,0.0,0.0,0.0,0.0,0.0,0.0,0.0,0.0,0.0,0.0,0.794,1429,0.057,0.071,0.169,0.213,0.205,0.258,0.122,0.153,0.182,0.000
0,6,2,19,6,GatherV2_4,GatherV2,static,AI_VECTOR_CORE,1786306885495631.060	,1.180,0.000000,1,0,NO,"""3,1,1,16;;1""",FLOAT16;INT64;INT64,NCHW;NCHW;NCHW,"""1,1,16""",FLOAT16,NCHW,N/A,0.0,0,0.0,0.0,0.0,0.0,0.0,0.0,0.0,0.0,0.0,0.0,0.0,0.635,1143,0.057,0.089,0.209,0.33,0.116,0.183,0.107,0.168,0.182,0.000
0,6,2,20,6,GatherV2_2,GatherV2,static,AI_VECTOR_CORE,1786306885495632.260	,2.100,0.070000,1,0,NO,"""3,1,1,24;;1""",FLOAT16;INT64;INT64,NCHW;NCHW;NCHW,"""1,1,24""",FLOAT16,NCHW,N/A,0.0,0,0.0,0.0,0.0,0.0,0.0,0.0,0.0,0.0,0.0,0.0,0.0,1.533,2759,0.418,0.273,0.307,0.2,0.308,0.201,0.121,0.079,0.195,0.000
0,6,2,21,6,GatherV2_3,GatherV2,static,AI_VECTOR_CORE,1786306885495634.380	,1.900,0.150000,1,0,NO,"""3,1,1,24;;1""",FLOAT16;INT64;INT64,NCHW;NCHW;NCHW,"""1,1,24""",FLOAT16,NCHW,N/A,0.0,0,0.0,0.0,0.0,0.0,0.0,0.0,0.0,0.0,0.0,0.0,0.0,1.342,2415,0.418,0.311,0.343,0.255,0.363,0.27,0.139,0.104,0.195,0.000
0,6,2,22,6,GatherV2_5,GatherV2,static,AI_VECTOR_CORE,1786306885495636.320	,1.700,0.000000,1,0,NO,"""3,1,1,24;;1""",FLOAT16;INT64;INT64,NCHW;NCHW;NCHW,"""1,1,24""",FLOAT16,NCHW,N/A,0.0,0,0.0,0.0,0.0,0.0,0.0,0.0,0.0,0.0,0.0,0.0,0.0,1.206,2170,0.418,0.347,0.306,0.253,0.246,0.204,0.108,0.089,0.195,0.000
0,6,2,23,6,GatherV2_6,GatherV2,static,AI_VECTOR_CORE,1786306885495638.040	,1.760,0.050000,1,0,NO,"""3,1,1,24;;1""",FLOAT16;INT64;INT64,NCHW;NCHW;NCHW,"""1,1,24""",FLOAT16,NCHW,N/A,0.0,0,0.0,0.0,0.0,0.0,0.0,0.0,0.0,0.0,0.0,0.0,0.0,1.238,2228,0.418,0.338,0.343,0.277,0.278,0.225,0.109,0.088,0.195,0.000
0,6,2,24,6,SplitV_1,SplitVD,static,AI_VECTOR_CORE,1786306885495639.820	,3.980,0.000000,1,0,NO,"""3,1,1,128""",FLOAT16,NCHW,"""3,1,1,16;3,1,1,24;3,1,1,24;3,1,1,16;3,1,1,24;3,1,1,24""",FLOAT16;FLOAT16;FLOAT16;FLOAT16;FLOAT16;FLOAT16,NCHW;NCHW;NCHW;NCHW;NCHW;NCHW,N/A,0.0,0,0.0,0.0,0.0,0.0,0.0,0.0,0.0,0.0,0.0,0.0,0.0,3.452,6214,2.234,0.647,0.359,0.104,0.107,0.031,0.996,0.289,0.177,0.000
0,6,2,25,6,GatherV2_10,GatherV2,static,AI_VECTOR_CORE,1786306885495643.820	,1.120,0.020000,1,0,NO,"""3,1,1,16;;1""",FLOAT16;INT64;INT64,NCHW;NCHW;NCHW,"""1,1,16""",FLOAT16,NCHW,N/A,0.0,0,0.0,0.0,0.0,0.0,0.0,0.0,0.0,0.0,0.0,0.0,0.0,0.603,1085,0.057,0.094,0.173,0.288,0.113,0.188,0.129,0.214,0.182,0.000
0,6,2,26,6,GatherV2_7,GatherV2,static,AI_VECTOR_CORE,1786306885495644.960	,1.220,0.130000,1,0,NO,"""3,1,1,16;;1""",FLOAT16;INT64;INT64,NCHW;NCHW;NCHW,"""1,1,16""",FLOAT16,NCHW,N/A,0.0,0,0.0,0.0,0.0,0.0,0.0,0.0,0.0,0.0,0.0,0.0,0.0,0.662,1192,0.057,0.086,0.197,0.298,0.124,0.187,0.134,0.203,0.182,0.000
0,6,2,27,6,GatherV2_11,GatherV2,static,AI_VECTOR_CORE,1786306885495646.200	,1.760,0.030000,1,0,NO,"""3,1,1,24;;1""",FLOAT16;INT64;INT64,NCHW;NCHW;NCHW,"""1,1,24""",FLOAT16,NCHW,N/A,0.0,0,0.0,0.0,0.0,0.0,0.0,0.0,0.0,0.0,0.0,0.0,0.0,1.203,2166,0.418,0.347,0.298,0.248,0.219,0.182,0.134,0.111,0.195,0.000
0,6,2,28,6,GatherV2_12,GatherV2,static,AI_VECTOR_CORE,1786306885495647.980	,1.820,0.000000,1,0,NO,"""3,1,1,24;;1""",FLOAT16;INT64;INT64,NCHW;NCHW;NCHW,"""1,1,24""",FLOAT16,NCHW,N/A,0.0,0,0.0,0.0,0.0,0.0,0.0,0.0,0.0,0.0,0.0,0.0,0.0,1.255,2259,0.418,0.333,0.35,0.279,0.256,0.204,0.115,0.092,0.195,0.000
0,6,2,29,6,GatherV2_8,GatherV2,static,AI_VECTOR_CORE,1786306885495649.820	,1.740,0.000000,1,0,NO,"""3,1,1,24;;1""",FLOAT16;INT64;INT64,NCHW;NCHW;NCHW,"""1,1,24""",FLOAT16,NCHW,N/A,0.0,0,0.0,0.0,0.0,0.0,0.0,0.0,0.0,0.0,0.0,0.0,0.0,1.185,2133,0.418,0.353,0.311,0.263,0.208,0.175,0.133,0.112,0.195,0.000
0,6,2,30,6,GatherV2_9,GatherV2,static,AI_VECTOR_CORE,1786306885495651.580	,1.820,0.010000,1,0,NO,"""3,1,1,24;;1""",FLOAT16;INT64;INT64,NCHW;NCHW;NCHW,"""1,1,24""",FLOAT16,NCHW,N/A,0.0,0,0.0,0.0,0.0,0.0,0.0,0.0,0.0,0.0,0.0,0.0,0.0,1.252,2253,0.418,0.334,0.336,0.268,0.261,0.209,0.107,0.086,0.195,0.000
0,6,2,31,6,ConcatV2_1,ConcatV2D,static,AI_VECTOR_CORE,1786306885495653.440	,1.780,0.180000,1,0,NO,"""1,1,16;1,1,24;1,1,24;1,1,16;1,1,24;1,1,24""",FLOAT16;FLOAT16;FLOAT16;FLOAT16;FLOAT16;FLOAT16,NCHW;NCHW;NCHW;NCHW;NCHW;NCHW,"""1,1,128""",FLOAT16,NCHW,N/A,0.0,0,0.0,0.0,0.0,0.0,0.0,0.0,0.0,0.0,0.0,0.0,0.0,1.222,2200,0.008,0.006,0.159,0.13,0.151,0.124,0.586,0.48,0.231,0.000
0,6,2,32,6,ConcatV2_2,ConcatV2D,static,AI_VECTOR_CORE,1786306885495655.240	,1.620,0.000000,1,0,NO,"""1,1,16;1,1,24;1,1,24;1,1,16;1,1,24;1,1,24""",FLOAT16;FLOAT16;FLOAT16;FLOAT16;FLOAT16;FLOAT16,NCHW;NCHW;NCHW;NCHW;NCHW;NCHW,"""1,1,128""",FLOAT16,NCHW,N/A,0.0,0,0.0,0.0,0.0,0.0,0.0,0.0,0.0,0.0,0.0,0.0,0.0,1.016,1829,0.008,0.008,0.131,0.128,0.136,0.133,0.597,0.587,0.231,0.000
0,6,2,33,6,ApplyRotaryPosEmb,ApplyRotaryPosEmb,static,AI_VECTOR_CORE,1786306885495656.880	,3.520,0.130000,1,0,NO,"""1,1,16,128;1,1,2,128;1,1,1,128;1,1,1,128""",FLOAT16;FLOAT16;FLOAT16;FLOAT16,NCHW;NCHW;NCHW;NCHW,"""1,1,16,128;1,1,2,128""",FLOAT16;FLOAT16,NCHW;NCHW,N/A,0.0,0,0.0,0.0,0.0,0.0,0.0,0.0,0.0,0.0,0.0,0.0,0.0,2.929,5273,0.162,0.055,2.051,0.7,0.171,0.058,0.145,0.049,0.147,0.000
0,6,2,34,6,Scatter,Scatter,static,AI_VECTOR_CORE,1786306885495660.420	,1.200,0.000000,2,0,NO,"""1,2,1024,128;1;1,2,1,128""",FLOAT16;INT64;FLOAT16,NCHW;NCHW;NCHW,"""1,2,1024,128""",FLOAT16,NCHW,N/A,0.0,0,0.0,0.0,0.0,0.0,0.0,0.0,0.0,0.0,0.0,0.0,0.0,0.686,2471,0.008,0.011,0.124,0.181,0.124,0.181,0.217,0.316,0.169,0.000
0,6,2,35,6,Greater,Greater,static,AI_VECTOR_CORE,1786306885495661.640	,2.440,0.050000,2,0,NO,"""1,1024;1,1""",INT64;INT64,NCHW;NCHW,"""1,1024""",BOOL,NCHW,N/A,0.0,0,0.0,0.0,0.0,0.0,0.0,0.0,0.0,0.0,0.0,0.0,0.0,1.935,6966,0.781,0.403,0.279,0.144,0.244,0.126,0.309,0.16,0.156,0.000
0,6,2,36,6,PaddleGqaIncreFlashAttentionAiv,PaddleGqaIncreFlashAttentionAiv,static,MIX_AIV,1786306885495665.060	,19.640,0.810000,32,0,NO,"""1,16,1,128;1,2,1024,128;1,2,1024,128;1,1,1,1024""",FLOAT16;FLOAT16;FLOAT16;BOOL,NCHW;NCHW;NCHW;NCHW,"""1,16,1,128""",FLOAT16,NCHW,0,0.0,0,0.0,0.0,0.0,0.0,0.0,0.0,0.0,0.0,0.0,0.0,0.0,17.488,1007299,6.056,0.346,3.583,0.205,5.13,0.293,0.36,0.021,0.113,0.000
0,6,2,37,6,MatMul_1,MatMul,static,AI_CORE,1786306885495685.640	,7.720,1.110000,22,0,NO,"""1,2048;128,64,16,16""",FLOAT16;FLOAT16,ND;FRACTAL_NZ,"""1,1024""",FLOAT16,ND,N/A,5.208,206247,0.49,0.094,0.212,0.041,1.095,0.21,2.956,0.568,2.054,0.394,0.222,0.0,0,0.0,0.0,0.0,0.0,0.0,0.0,0.0,0.0,0.0,61.842
0,6,2,38,6,InplaceAddRmsNorm,InplaceAddRmsNorm,static,AI_VECTOR_CORE,1786306885495693.380	,3.000,0.030000,1,0,NO,"""1,1,1024;1,1,1024;1024""",FLOAT16;FLOAT16;FLOAT16,ND;ND;ND,"""1,1,1024;1,1,1;1,1,1024""",FLOAT16;FLOAT;FLOAT16,ND;ND;ND,N/A,0.0,0,0.0,0.0,0.0,0.0,0.0,0.0,0.0,0.0,0.0,0.0,0.0,2.482,4467,0.282,0.114,1.315,0.53,0.469,0.189,0.403,0.163,0.24,0.000
0,6,2,39,6,MatMul_2,MatMul,static,AI_CORE,1786306885495696.400	,9.600,0.000000,24,0,NO,"""1,1024;64,192,16,16""",FLOAT16;FLOAT16,ND;FRACTAL_NZ,"""1,3072""",FLOAT16,ND,N/A,7.347,317372,0.538,0.073,0.154,0.021,1.287,0.175,4.983,0.678,3.62,0.493,0.197,0.0,0,0.0,0.0,0.0,0.0,0.0,0.0,0.0,0.0,0.0,76.527
0,6,2,40,6,MatMul_3,MatMul,static,AI_CORE,1786306885495706.020	,7.460,0.000000,24,0,NO,"""1,1024;64,192,16,16""",FLOAT16;FLOAT16,ND;FRACTAL_NZ,"""1,3072""",FLOAT16,ND,N/A,5.437,234878,0.538,0.099,0.402,0.074,1.285,0.236,4.583,0.843,3.722,0.685,0.0,0.0,0,0.0,0.0,0.0,0.0,0.0,0.0,0.0,0.0,0.0,72.882
0,6,2,41,6,SwishMul_3,AutomaticBufferFusionOp,static,AI_VECTOR_CORE,1786306885495713.500	,1.640,0.040000,3,0,NO,"""1,1,3072;1,1,3072""",FLOAT16;FLOAT16,ND;ND,"""1,1,3072""",FLOAT16,ND,N/A,0.0,0,0.0,0.0,0.0,0.0,0.0,0.0,0.0,0.0,0.0,0.0,0.0,0.921,4976,0.163,0.177,0.147,0.16,0.141,0.153,0.135,0.147,0.211,0.000
0,6,2,42,6,MatMul_4,MatMul,static,AI_CORE,1786306885495715.160	,8.960,0.110000,22,0,NO,"""1,3072;192,64,16,16""",FLOAT16;FLOAT16,ND;FRACTAL_NZ,"""1,1024""",FLOAT16,ND,N/A,6.821,270125,0.729,0.107,0.22,0.032,1.643,0.241,4.695,0.688,2.631,0.386,0.22,0.0,0,0.0,0.0,0.0,0.0,0.0,0.0,0.0,0.0,0.0,69.787
0,6,2,43,6,InplaceAddRmsNorm_1,InplaceAddRmsNorm,static,AI_VECTOR_CORE,1786306885495724.140	,2.500,0.040000,1,0,NO,"""1,1,1024;1,1,1024;1024""",FLOAT16;FLOAT16;FLOAT16,ND;ND;ND,"""1,1,1024;1,1,1;1,1,1024""",FLOAT16;FLOAT;FLOAT16,ND;ND;ND,N/A,0.0,0,0.0,0.0,0.0,0.0,0.0,0.0,0.0,0.0,0.0,0.0,0.0,1.942,3496,0.282,0.145,1.303,0.671,0.355,0.183,0.362,0.186,0.232,0.000
0,6,2,44,6,MatMul_5,MatMul,static,AI_CORE,1786306885495726.660	,7.000,0.000000,23,0,NO,"""1,1024;64,160,16,16""",FLOAT16;FLOAT16,ND;FRACTAL_NZ,"""1,2560""",FLOAT16,ND,N/A,4.589,189974,0.527,0.115,0.407,0.089,1.144,0.249,3.706,0.808,1.779,0.388,0.017,0.0,0,0.0,0.0,0.0,0.0,0.0,0.0,0.0,0.0,0.0,62.822
0,6,2,45,6,SplitV_3,SplitVD,static,AI_VECTOR_CORE,1786306885495733.680	,1.060,0.000000,1,0,NO,"""1,1,2560""",FLOAT16,ND,"""1,1,2048;1,1,256;1,1,256""",FLOAT16;FLOAT16;FLOAT16,ND;ND;ND,N/A,0.0,0,0.0,0.0,0.0,0.0,0.0,0.0,0.0,0.0,0.0,0.0,0.0,0.517,931,0.008,0.015,0.138,0.266,0.127,0.245,0.137,0.265,0.263,0.000
0,6,2,46,6,Scatter_3,Scatter,static,AI_VECTOR_CORE,1786306885495734.760	,1.140,0.000000,2,0,NO,"""1,2,1024,128;1;1,2,1,128""",FLOAT16;INT64;FLOAT16,NCHW;NCHW;NCHW,"""1,2,1024,128""",FLOAT16,NCHW,N/A,0.0,0,0.0,0.0,0.0,0.0,0.0,0.0,0.0,0.0,0.0,0.0,0.0,0.511,1841,0.008,0.015,0.113,0.221,0.11,0.216,0.124,0.243,0.214,0.000
0,6,2,47,6,ApplyRotaryPosEmb_1,ApplyRotaryPosEmb,static,AI_VECTOR_CORE,1786306885495735.920	,3.280,0.110000,1,0,NO,"""1,1,16,128;1,1,2,128;1,1,1,128;1,1,1,128""",FLOAT16;FLOAT16;FLOAT16;FLOAT16,NCHW;NCHW;NCHW;NCHW,"""1,1,16,128;1,1,2,128""",FLOAT16;FLOAT16,NCHW;NCHW,N/A,0.0,0,0.0,0.0,0.0,0.0,0.0,0.0,0.0,0.0,0.0,0.0,0.0,2.711,4879,0.164,0.061,2.093,0.772,0.167,0.061,0.158,0.058,0.165,0.000
0,6,2,48,6,Scatter_2,Scatter,static,AI_VECTOR_CORE,1786306885495739.220	,1.420,0.000000,2,0,NO,"""1,2,1024,128;1;1,2,1,128""",FLOAT16;INT64;FLOAT16,NCHW;NCHW;NCHW,"""1,2,1024,128""",FLOAT16,NCHW,N/A,0.0,0,0.0,0.0,0.0,0.0,0.0,0.0,0.0,0.0,0.0,0.0,0.0,0.683,2458,0.008,0.011,0.163,0.239,0.123,0.179,0.21,0.308,0.214,0.000
0,6,2,49,6,PaddleGqaIncreFlashAttentionAiv_1,PaddleGqaIncreFlashAttentionAiv,static,MIX_AIV,1786306885495741.600	,13.680,0.830000,32,0,NO,"""1,16,1,128;1,2,1024,128;1,2,1024,128;1,1,1,1024""",FLOAT16;FLOAT16;FLOAT16;BOOL,NCHW;NCHW;NCHW;NCHW,"""1,16,1,128""",FLOAT16,NCHW,0,0.0,0,0.0,0.0,0.0,0.0,0.0,0.0,0.0,0.0,0.0,0.0,0.0,12.27,706776,6.034,0.492,4.637,0.378,2.979,0.243,0.361,0.029,0.02,0.000
0,6,2,50,6,MatMul_6,MatMul,static,AI_CORE,1786306885495756.100	,8.420,0.820000,22,0,NO,"""1,2048;128,64,16,16""",FLOAT16;FLOAT16,ND;FRACTAL_NZ,"""1,1024""",FLOAT16,ND,N/A,5.97,236410,0.49,0.082,0.817,0.137,1.099,0.184,4.946,0.829,3.472,0.582,0.028,0.0,0,0.0,0.0,0.0,0.0,0.0,0.0,0.0,0.0,0.0,64.994
0,6,2,51,6,InplaceAddRmsNorm_2,InplaceAddRmsNorm,static,AI_VECTOR_CORE,1786306885495764.540	,1.700,0.080000,1,0,NO,"""1,1,1024;1,1,1024;1024""",FLOAT16;FLOAT16;FLOAT16,ND;ND;ND,"""1,1,1024;1,1,1;1,1,1024""",FLOAT16;FLOAT;FLOAT16,ND;ND;ND,N/A,0.0,0,0.0,0.0,0.0,0.0,0.0,0.0,0.0,0.0,0.0,0.0,0.0,1.191,2144,0.282,0.237,0.467,0.392,0.522,0.438,0.362,0.304,0.215,0.000
0,6,2,52,6,MatMul_7,MatMul,static,AI_CORE,1786306885495766.280	,8.080,0.050000,24,0,NO,"""1,1024;64,192,16,16""",FLOAT16;FLOAT16,ND;FRACTAL_NZ,"""1,3072""",FLOAT16,ND,N/A,5.149,222456,0.538,0.104,0.426,0.083,1.29,0.251,4.264,0.828,1.966,0.382,0.0,0.0,0,0.0,0.0,0.0,0.0,0.0,0.0,0.0,0.0,0.0,63.731
0,6,2,53,6,MatMul_8,MatMul,static,AI_CORE,1786306885495774.380	,6.620,0.170000,24,0,NO,"""1,1024;64,192,16,16""",FLOAT16;FLOAT16,ND;FRACTAL_NZ,"""1,3072""",FLOAT16,ND,N/A,4.826,208483,0.538,0.111,0.428,0.089,1.286,0.266,3.936,0.816,2.81,0.582,0.0,0.0,0,0.0,0.0,0.0,0.0,0.0,0.0,0.0,0.0,0.0,72.900
0,6,2,54,6,Swish_1Mul_4,AutomaticBufferFusionOp,static,AI_VECTOR_CORE,1786306885495781.020	,1.600,0.000000,3,0,NO,"""1,1,3072;1,1,3072""",FLOAT16;FLOAT16,ND;ND,"""1,1,3072""",FLOAT16,ND,N/A,0.0,0,0.0,0.0,0.0,0.0,0.0,0.0,0.0,0.0,0.0,0.0,0.0,0.834,4502,0.163,0.195,0.125,0.15,0.145,0.174,0.142,0.17,0.185,0.000
0,6,2,55,6,MatMul_9,MatMul,static,AI_CORE,1786306885495782.640	,7.880,0.150000,22,0,NO,"""1,3072;192,64,16,16""",FLOAT16;FLOAT16,ND;FRACTAL_NZ,"""1,1024""",FLOAT16,ND,N/A,5.755,227890,0.733,0.127,0.408,0.071,1.638,0.285,5.163,0.897,2.46,0.427,0.029,0.0,0,0.0,0.0,0.0,0.0,0.0,0.0,0.0,0.0,0.0,66.945
0,6,2,56,6,InplaceAddRmsNorm_3,InplaceAddRmsNorm,static,AI_VECTOR_CORE,1786306885495790.540	,1.620,0.000000,1,0,NO,"""1,1,1024;1,1,1024;1024""",FLOAT16;FLOAT16;FLOAT16,ND;ND;ND,"""1,1,1024;1,1,1;1,1,1024""",FLOAT16;FLOAT;FLOAT16,ND;ND;ND,N/A,0.0,0,0.0,0.0,0.0,0.0,0.0,0.0,0.0,0.0,0.0,0.0,0.0,1.027,1849,0.282,0.275,0.407,0.396,0.372,0.362,0.361,0.352,0.223,0.000
0,6,2,57,6,MatMul_10,MatMul,static,AI_CORE,1786306885495792.180	,6.420,0.130000,23,0,NO,"""1,1024;64,160,16,16""",FLOAT16;FLOAT16,ND;FRACTAL_NZ,"""1,2560""",FLOAT16,ND,N/A,4.364,180682,0.527,0.121,0.403,0.092,1.141,0.261,3.44,0.788,2.748,0.63,0.001,0.0,0,0.0,0.0,0.0,0.0,0.0,0.0,0.0,0.0,0.0,65.147
0,6,2,58,6,SplitV_4,SplitVD,static,AI_VECTOR_CORE,1786306885495798.620	,1.040,0.000000,1,0,NO,"""1,1,2560""",FLOAT16,ND,"""1,1,2048;1,1,256;1,1,256""",FLOAT16;FLOAT16;FLOAT16,ND;ND;ND,N/A,0.0,0,0.0,0.0,0.0,0.0,0.0,0.0,0.0,0.0,0.0,0.0,0.0,0.536,964,0.008,0.015,0.139,0.259,0.132,0.246,0.146,0.272,0.286,0.000
0,6,2,59,6,Scatter_5,Scatter,static,AI_VECTOR_CORE,1786306885495799.680	,1.240,0.210000,2,0,NO,"""1,2,1024,128;1;1,2,1,128""",FLOAT16;INT64;FLOAT16,NCHW;NCHW;NCHW,"""1,2,1024,128""",FLOAT16,NCHW,N/A,0.0,0,0.0,0.0,0.0,0.0,0.0,0.0,0.0,0.0,0.0,0.0,0.0,0.668,2406,0.008,0.012,0.129,0.193,0.098,0.146,0.299,0.448,0.214,0.000
0,6,2,60,6,ApplyRotaryPosEmb_2,ApplyRotaryPosEmb,static,AI_VECTOR_CORE,1786306885495800.960	,3.320,0.010000,1,0,NO,"""1,1,16,128;1,1,2,128;1,1,1,128;1,1,1,128""",FLOAT16;FLOAT16;FLOAT16;FLOAT16,NCHW;NCHW;NCHW;NCHW,"""1,1,16,128;1,1,2,128""",FLOAT16;FLOAT16,NCHW;NCHW,N/A,0.0,0,0.0,0.0,0.0,0.0,0.0,0.0,0.0,0.0,0.0,0.0,0.0,2.8,5040,0.153,0.055,2.044,0.73,0.169,0.06,0.148,0.053,0.169,0.000
0,6,2,61,6,Scatter_4,Scatter,static,AI_VECTOR_CORE,1786306885495804.300	,1.200,0.000000,2,0,NO,"""1,2,1024,128;1;1,2,1,128""",FLOAT16;INT64;FLOAT16,NCHW;NCHW;NCHW,"""1,2,1024,128""",FLOAT16,NCHW,N/A,0.0,0,0.0,0.0,0.0,0.0,0.0,0.0,0.0,0.0,0.0,0.0,0.0,0.62,2231,0.008,0.013,0.12,0.194,0.118,0.191,0.209,0.338,0.224,0.000
0,6,2,62,6,PaddleGqaIncreFlashAttentionAiv_2,PaddleGqaIncreFlashAttentionAiv,static,MIX_AIV,1786306885495806.780	,14.780,1.300000,32,0,NO,"""1,16,1,128;1,2,1024,128;1,2,1024,128;1,1,1,1024""",FLOAT16;FLOAT16;FLOAT16;BOOL,NCHW;NCHW;NCHW;NCHW,"""1,16,1,128""",FLOAT16,NCHW,0,0.0,0,0.0,0.0,0.0,0.0,0.0,0.0,0.0,0.0,0.0,0.0,0.0,13.334,768023,6.035,0.453,5.701,0.428,3.44,0.258,0.352,0.026,0.02,0.000
0,6,2,63,6,MatMul_11,MatMul,static,AI_CORE,1786306885495822.480	,4.700,0.970000,22,0,NO,"""1,2048;128,64,16,16""",FLOAT16;FLOAT16,ND;FRACTAL_NZ,"""1,1024""",FLOAT16,ND,N/A,3.295,130485,0.488,0.148,0.412,0.125,1.122,0.341,2.639,0.801,2.186,0.664,0.002,0.0,0,0.0,0.0,0.0,0.0,0.0,0.0,0.0,0.0,0.0,64.266
0,6,2,64,6,InplaceAddRmsNorm_4,InplaceAddRmsNorm,static,AI_VECTOR_CORE,1786306885495827.200	,1.720,0.050000,1,0,NO,"""1,1,1024;1,1,1024;1024""",FLOAT16;FLOAT16;FLOAT16,ND;ND;ND,"""1,1,1024;1,1,1;1,1,1024""",FLOAT16;FLOAT;FLOAT16,ND;ND;ND,N/A,0.0,0,0.0,0.0,0.0,0.0,0.0,0.0,0.0,0.0,0.0,0.0,0.0,1.212,2182,0.282,0.233,0.497,0.41,0.521,0.43,0.387,0.319,0.223,0.000
0,6,2,65,6,MatMul_12,MatMul,static,AI_CORE,1786306885495828.940	,7.160,0.030000,24,0,NO,"""1,1024;64,192,16,16""",FLOAT16;FLOAT16,ND;FRACTAL_NZ,"""1,3072""",FLOAT16,ND,N/A,4.898,211587,0.538,0.11,0.444,0.091,1.289,0.263,3.997,0.816,1.918,0.392,0.0,0.0,0,0.0,0.0,0.0,0.0,0.0,0.0,0.0,0.0,0.0,68.406
0,6,2,66,6,MatMul_13,MatMul,static,AI_CORE,1786306885495836.120	,8.860,0.000000,24,0,NO,"""1,1024;64,192,16,16""",FLOAT16;FLOAT16,ND;FRACTAL_NZ,"""1,3072""",FLOAT16,ND,N/A,6.706,289696,0.538,0.08,0.875,0.13,1.289,0.192,5.359,0.799,3.61,0.538,0.0,0.0,0,0.0,0.0,0.0,0.0,0.0,0.0,0.0,0.0,0.0,75.688
0,6,2,67,6,Swish_2Mul_5,AutomaticBufferFusionOp,static,AI_VECTOR_CORE,1786306885495845.000	,1.500,0.140000,3,0,NO,"""1,1,3072;1,1,3072""",FLOAT16;FLOAT16,ND;ND,"""1,1,3072""",FLOAT16,ND,N/A,0.0,0,0.0,0.0,0.0,0.0,0.0,0.0,0.0,0.0,0.0,0.0,0.0,0.835,4509,0.163,0.196,0.131,0.157,0.128,0.153,0.128,0.153,0.167,0.000
0,6,2,68,6,MatMul_14,MatMul,static,AI_CORE,1786306885495846.540	,7.560,0.000000,22,0,NO,"""1,3072;192,64,16,16""",FLOAT16;FLOAT16,ND;FRACTAL_NZ,"""1,1024""",FLOAT16,ND,N/A,5.575,220757,0.733,0.132,0.437,0.078,1.626,0.292,4.975,0.892,3.157,0.566,0.003,0.0,0,0.0,0.0,0.0,0.0,0.0,0.0,0.0,0.0,0.0,67.594
0,6,2,69,6,InplaceAddRmsNorm_5,InplaceAddRmsNorm,static,AI_VECTOR_CORE,1786306885495854.120	,1.640,0.000000,1,0,NO,"""1,1,1024;1,1,1024;1024""",FLOAT16;FLOAT16;FLOAT16,ND;ND;ND,"""1,1,1024;1,1,1;1,1,1024""",FLOAT16;FLOAT;FLOAT16,ND;ND;ND,N/A,0.0,0,0.0,0.0,0.0,0.0,0.0,0.0,0.0,0.0,0.0,0.0,0.0,1.103,1986,0.282,0.256,0.479,0.435,0.423,0.384,0.354,0.321,0.215,0.000
0,6,2,70,6,MatMul_15,MatMul,static,AI_CORE,1786306885495855.780	,6.620,0.110000,23,0,NO,"""1,1024;64,160,16,16""",FLOAT16;FLOAT16,ND;FRACTAL_NZ,"""1,2560""",FLOAT16,ND,N/A,4.421,183033,0.527,0.119,0.485,0.11,1.145,0.259,3.453,0.781,1.78,0.403,0.001,0.0,0,0.0,0.0,0.0,0.0,0.0,0.0,0.0,0.0,0.0,64.001
0,6,2,71,6,SplitV_5,SplitVD,static,AI_VECTOR_CORE,1786306885495862.440	,1.120,0.130000,1,0,NO,"""1,1,2560""",FLOAT16,ND,"""1,1,2048;1,1,256;1,1,256""",FLOAT16;FLOAT16;FLOAT16,ND;ND;ND,N/A,0.0,0,0.0,0.0,0.0,0.0,0.0,0.0,0.0,0.0,0.0,0.0,0.0,0.572,1029,0.008,0.014,0.168,0.294,0.125,0.219,0.137,0.239,0.263,0.000
0,6,2,72,6,Scatter_7,Scatter,static,AI_VECTOR_CORE,1786306885495863.580	,1.320,0.000000,2,0,NO,"""1,2,1024,128;1;1,2,1,128""",FLOAT16;INT64;FLOAT16,NCHW;NCHW;NCHW,"""1,2,1024,128""",FLOAT16,NCHW,N/A,0.0,0,0.0,0.0,0.0,0.0,0.0,0.0,0.0,0.0,0.0,0.0,0.0,0.695,2501,0.008,0.011,0.142,0.204,0.111,0.16,0.195,0.281,0.169,0.000
0,6,2,73,6,ApplyRotaryPosEmb_3,ApplyRotaryPosEmb,static,AI_VECTOR_CORE,1786306885495864.920	,2.440,0.180000,1,0,NO,"""1,1,16,128;1,1,2,128;1,1,1,128;1,1,1,128""",FLOAT16;FLOAT16;FLOAT16;FLOAT16,NCHW;NCHW;NCHW;NCHW,"""1,1,16,128;1,1,2,128""",FLOAT16;FLOAT16,NCHW;NCHW,N/A,0.0,0,0.0,0.0,0.0,0.0,0.0,0.0,0.0,0.0,0.0,0.0,0.0,1.857,3343,0.159,0.086,1.241,0.668,0.163,0.088,0.157,0.084,0.164,0.000
0,6,2,74,6,Scatter_6,Scatter,static,AI_VECTOR_CORE,1786306885495867.400	,1.360,0.060000,2,0,NO,"""1,2,1024,128;1;1,2,1,128""",FLOAT16;INT64;FLOAT16,NCHW;NCHW;NCHW,"""1,2,1024,128""",FLOAT16,NCHW,N/A,0.0,0,0.0,0.0,0.0,0.0,0.0,0.0,0.0,0.0,0.0,0.0,0.0,0.637,2292,0.008,0.012,0.141,0.222,0.112,0.176,0.207,0.325,0.214,0.000
0,6,2,75,6,PaddleGqaIncreFlashAttentionAiv_3,PaddleGqaIncreFlashAttentionAiv,static,MIX_AIV,1786306885495870.220	,15.360,1.390000,32,0,NO,"""1,16,1,128;1,2,1024,128;1,2,1024,128;1,1,1,1024""",FLOAT16;FLOAT16;FLOAT16;BOOL,NCHW;NCHW;NCHW;NCHW,"""1,16,1,128""",FLOAT16,NCHW,0,0.0,0,0.0,0.0,0.0,0.0,0.0,0.0,0.0,0.0,0.0,0.0,0.0,13.799,794831,6.034,0.437,6.294,0.456,3.102,0.225,0.382,0.028,0.02,0.000
0,6,2,76,6,MatMul_16,MatMul,static,AI_CORE,1786306885495886.580	,6.060,0.890000,22,0,NO,"""1,2048;128,64,16,16""",FLOAT16;FLOAT16,ND;FRACTAL_NZ,"""1,1024""",FLOAT16,ND,N/A,4.197,166188,0.489,0.117,0.47,0.112,1.103,0.263,3.52,0.839,2.024,0.482,0.002,0.0,0,0.0,0.0,0.0,0.0,0.0,0.0,0.0,0.0,0.0,63.481
0,6,2,77,6,InplaceAddRmsNorm_6,InplaceAddRmsNorm,static,AI_VECTOR_CORE,1786306885495892.660	,1.560,0.190000,1,0,NO,"""1,1,1024;1,1,1024;1024""",FLOAT16;FLOAT16;FLOAT16,ND;ND;ND,"""1,1,1024;1,1,1;1,1,1024""",FLOAT16;FLOAT;FLOAT16,ND;ND;ND,N/A,0.0,0,0.0,0.0,0.0,0.0,0.0,0.0,0.0,0.0,0.0,0.0,0.0,1.037,1867,0.282,0.272,0.459,0.443,0.366,0.352,0.347,0.335,0.223,0.000
0,6,2,78,6,MatMul_17,MatMul,static,AI_CORE,1786306885495894.240	,9.240,0.000000,24,0,NO,"""1,1024;64,192,16,16""",FLOAT16;FLOAT16,ND;FRACTAL_NZ,"""1,3072""",FLOAT16,ND,N/A,6.822,294731,0.538,0.079,0.513,0.075,1.281,0.188,5.867,0.86,4.142,0.607,0.0,0.0,0,0.0,0.0,0.0,0.0,0.0,0.0,0.0,0.0,0.0,73.836
0,6,2,79,6,MatMul_18,MatMul,static,AI_CORE,1786306885495903.500	,7.560,0.010000,24,0,NO,"""1,1024;64,192,16,16""",FLOAT16;FLOAT16,ND;FRACTAL_NZ,"""1,3072""",FLOAT16,ND,N/A,5.521,238520,0.538,0.097,1.022,0.185,1.285,0.233,3.985,0.722,2.253,0.408,0.0,0.0,0,0.0,0.0,0.0,0.0,0.0,0.0,0.0,0.0,0.0,73.033
0,6,2,80,6,Swish_3Mul_6,AutomaticBufferFusionOp,static,AI_VECTOR_CORE,1786306885495911.080	,1.400,0.000000,3,0,NO,"""1,1,3072;1,1,3072""",FLOAT16;FLOAT16,ND;ND,"""1,1,3072""",FLOAT16,ND,N/A,0.0,0,0.0,0.0,0.0,0.0,0.0,0.0,0.0,0.0,0.0,0.0,0.0,0.761,4109,0.163,0.214,0.122,0.161,0.148,0.194,0.142,0.187,0.219,0.000
0,6,2,81,6,MatMul_19,MatMul,static,AI_CORE,1786306885495912.500	,9.140,0.100000,22,0,NO,"""1,3072;192,64,16,16""",FLOAT16;FLOAT16,ND;FRACTAL_NZ,"""1,1024""",FLOAT16,ND,N/A,7.059,279538,0.73,0.103,0.504,0.071,1.653,0.234,6.418,0.909,1.993,0.282,0.004,0.0,0,0.0,0.0,0.0,0.0,0.0,0.0,0.0,0.0,0.0,70.796
0,6,2,82,6,InplaceAddRmsNorm_7,InplaceAddRmsNorm,static,AI_VECTOR_CORE,1786306885495921.660	,1.540,0.110000,1,0,NO,"""1,1,1024;1,1,1024;1024""",FLOAT16;FLOAT16;FLOAT16,ND;ND;ND,"""1,1,1024;1,1,1;1,1,1024""",FLOAT16;FLOAT;FLOAT16,ND;ND;ND,N/A,0.0,0,0.0,0.0,0.0,0.0,0.0,0.0,0.0,0.0,0.0,0.0,0.0,1.069,1924,0.282,0.264,0.467,0.437,0.369,0.346,0.377,0.352,0.223,0.000
0,6,2,83,6,MatMul_20,MatMul,static,AI_CORE,1786306885495923.220	,7.800,0.000000,23,0,NO,"""1,1024;64,160,16,16""",FLOAT16;FLOAT16,ND;FRACTAL_NZ,"""1,2560""",FLOAT16,ND,N/A,5.726,237038,0.527,0.092,0.48,0.084,1.144,0.2,4.773,0.834,3.127,0.546,0.001,0.0,0,0.0,0.0,0.0,0.0,0.0,0.0,0.0,0.0,0.0,70.346
0,6,2,84,6,SplitV_6,SplitVD,static,AI_VECTOR_CORE,1786306885495931.040	,1.020,0.000000,1,0,NO,"""1,1,2560""",FLOAT16,ND,"""1,1,2048;1,1,256;1,1,256""",FLOAT16;FLOAT16;FLOAT16,ND;ND;ND,N/A,0.0,0,0.0,0.0,0.0,0.0,0.0,0.0,0.0,0.0,0.0,0.0,0.0,0.532,958,0.008,0.015,0.121,0.228,0.129,0.243,0.136,0.256,0.263,0.000
0,6,2,85,6,Scatter_9,Scatter,static,AI_VECTOR_CORE,1786306885495932.080	,1.380,0.000000,2,0,NO,"""1,2,1024,128;1;1,2,1,128""",FLOAT16;INT64;FLOAT16,NCHW;NCHW;NCHW,"""1,2,1024,128""",FLOAT16,NCHW,N/A,0.0,0,0.0,0.0,0.0,0.0,0.0,0.0,0.0,0.0,0.0,0.0,0.0,0.744,2677,0.008,0.01,0.131,0.176,0.106,0.142,0.28,0.377,0.169,0.000
0,6,2,86,6,ApplyRotaryPosEmb_4,ApplyRotaryPosEmb,static,AI_VECTOR_CORE,1786306885495933.480	,2.400,0.120000,1,0,NO,"""1,1,16,128;1,1,2,128;1,1,1,128;1,1,1,128""",FLOAT16;FLOAT16;FLOAT16;FLOAT16,NCHW;NCHW;NCHW;NCHW,"""1,1,16,128;1,1,2,128""",FLOAT16;FLOAT16,NCHW;NCHW,N/A,0.0,0,0.0,0.0,0.0,0.0,0.0,0.0,0.0,0.0,0.0,0.0,0.0,1.865,3357,0.158,0.085,1.263,0.677,0.153,0.082,0.144,0.077,0.167,0.000
0,6,2,87,6,Scatter_8,Scatter,static,AI_VECTOR_CORE,1786306885495935.900	,1.260,0.100000,2,0,NO,"""1,2,1024,128;1;1,2,1,128""",FLOAT16;INT64;FLOAT16,NCHW;NCHW;NCHW,"""1,2,1024,128""",FLOAT16,NCHW,N/A,0.0,0,0.0,0.0,0.0,0.0,0.0,0.0,0.0,0.0,0.0,0.0,0.0,0.664,2389,0.008,0.012,0.146,0.219,0.102,0.154,0.191,0.287,0.169,0.000
0,6,2,88,6,PaddleGqaIncreFlashAttentionAiv_4,PaddleGqaIncreFlashAttentionAiv,static,MIX_AIV,1786306885495938.380	,13.120,1.240000,32,0,NO,"""1,16,1,128;1,2,1024,128;1,2,1024,128;1,1,1,1024""",FLOAT16;FLOAT16;FLOAT16;BOOL,NCHW;NCHW;NCHW;NCHW,"""1,16,1,128""",FLOAT16,NCHW,0,0.0,0,0.0,0.0,0.0,0.0,0.0,0.0,0.0,0.0,0.0,0.0,0.0,11.708,674362,6.033,0.515,4.375,0.374,2.811,0.24,0.316,0.027,0.009,0.000
0,6,2,89,6,MatMul_21,MatMul,static,AI_CORE,1786306885495952.280	,5.400,0.630000,22,0,NO,"""1,2048;128,64,16,16""",FLOAT16;FLOAT16,ND;FRACTAL_NZ,"""1,1024""",FLOAT16,ND,N/A,3.813,151014,0.488,0.128,0.471,0.123,1.097,0.288,3.1,0.813,2.516,0.66,0.002,0.0,0,0.0,0.0,0.0,0.0,0.0,0.0,0.0,0.0,0.0,64.735
0,6,2,90,6,InplaceAddRmsNorm_8,InplaceAddRmsNorm,static,AI_VECTOR_CORE,1786306885495957.700	,1.520,0.100000,1,0,NO,"""1,1,1024;1,1,1024;1024""",FLOAT16;FLOAT16;FLOAT16,ND;ND;ND,"""1,1,1024;1,1,1;1,1,1024""",FLOAT16;FLOAT;FLOAT16,ND;ND;ND,N/A,0.0,0,0.0,0.0,0.0,0.0,0.0,0.0,0.0,0.0,0.0,0.0,0.0,1.029,1853,0.282,0.274,0.461,0.447,0.375,0.364,0.352,0.342,0.223,0.000
0,6,2,91,6,MatMul_22,MatMul,static,AI_CORE,1786306885495959.240	,7.220,0.000000,24,0,NO,"""1,1024;64,192,16,16""",FLOAT16;FLOAT16,ND;FRACTAL_NZ,"""1,3072""",FLOAT16,ND,N/A,5.254,226974,0.538,0.102,0.496,0.094,1.285,0.245,4.229,0.805,3.226,0.614,0.0,0.0,0,0.0,0.0,0.0,0.0,0.0,0.0,0.0,0.0,0.0,72.770
0,6,2,92,6,MatMul_23,MatMul,static,AI_CORE,1786306885495966.480	,7.560,0.030000,24,0,NO,"""1,1024;64,192,16,16""",FLOAT16;FLOAT16,ND;FRACTAL_NZ,"""1,3072""",FLOAT16,ND,N/A,5.054,218337,0.538,0.106,0.492,0.097,1.29,0.255,4.082,0.808,2.008,0.397,0.0,0.0,0,0.0,0.0,0.0,0.0,0.0,0.0,0.0,0.0,0.0,66.853
0,6,2,93,6,Swish_4Mul_7,AutomaticBufferFusionOp,static,AI_VECTOR_CORE,1786306885495974.060	,1.480,0.000000,3,0,NO,"""1,1,3072;1,1,3072""",FLOAT16;FLOAT16,ND;ND,"""1,1,3072""",FLOAT16,ND,N/A,0.0,0,0.0,0.0,0.0,0.0,0.0,0.0,0.0,0.0,0.0,0.0,0.0,0.827,4465,0.163,0.198,0.157,0.189,0.151,0.183,0.138,0.166,0.167,0.000
0,6,2,94,6,MatMul_24,MatMul,static,AI_CORE,1786306885495975.560	,8.340,0.020000,22,0,NO,"""1,3072;192,64,16,16""",FLOAT16;FLOAT16,ND;FRACTAL_NZ,"""1,1024""",FLOAT16,ND,N/A,5.538,219300,0.732,0.132,0.48,0.087,1.668,0.301,4.911,0.887,2.063,0.373,0.004,0.0,0,0.0,0.0,0.0,0.0,0.0,0.0,0.0,0.0,0.0,60.868
0,6,2,95,6,InplaceAddRmsNorm_9,InplaceAddRmsNorm,static,AI_VECTOR_CORE,1786306885495983.920	,1.660,0.160000,1,0,NO,"""1,1,1024;1,1,1024;1024""",FLOAT16;FLOAT16;FLOAT16,ND;ND;ND,"""1,1,1024;1,1,1;1,1,1024""",FLOAT16;FLOAT;FLOAT16,ND;ND;ND,N/A,0.0,0,0.0,0.0,0.0,0.0,0.0,0.0,0.0,0.0,0.0,0.0,0.0,1.141,2054,0.282,0.247,0.419,0.368,0.537,0.471,0.366,0.32,0.223,0.000
0,6,2,96,6,MatMul_25,MatMul,static,AI_CORE,1786306885495985.600	,6.640,0.000000,23,0,NO,"""1,1024;64,160,16,16""",FLOAT16;FLOAT16,ND;FRACTAL_NZ,"""1,2560""",FLOAT16,ND,N/A,4.82,199563,0.527,0.109,0.949,0.197,1.135,0.236,3.331,0.691,1.963,0.407,0.001,0.0,0,0.0,0.0,0.0,0.0,0.0,0.0,0.0,0.0,0.0,69.571
0,6,2,97,6,SplitV_7,SplitVD,static,AI_VECTOR_CORE,1786306885495992.260	,1.000,0.110000,1,0,NO,"""1,1,2560""",FLOAT16,ND,"""1,1,2048;1,1,256;1,1,256""",FLOAT16;FLOAT16;FLOAT16,ND;ND;ND,N/A,0.0,0,0.0,0.0,0.0,0.0,0.0,0.0,0.0,0.0,0.0,0.0,0.0,0.499,899,0.008,0.016,0.101,0.201,0.122,0.245,0.151,0.303,0.263,0.000
0,6,2,98,6,Scatter_11,Scatter,static,AI_VECTOR_CORE,1786306885495993.300	,1.280,0.000000,2,0,NO,"""1,2,1024,128;1;1,2,1,128""",FLOAT16;INT64;FLOAT16,NCHW;NCHW;NCHW,"""1,2,1024,128""",FLOAT16,NCHW,N/A,0.0,0,0.0,0.0,0.0,0.0,0.0,0.0,0.0,0.0,0.0,0.0,0.0,0.696,2505,0.008,0.011,0.127,0.182,0.119,0.171,0.193,0.278,0.169,0.000
0,6,2,99,6,ApplyRotaryPosEmb_5,ApplyRotaryPosEmb,static,AI_VECTOR_CORE,1786306885495994.600	,2.460,0.000000,1,0,NO,"""1,1,16,128;1,1,2,128;1,1,1,128;1,1,1,128""",FLOAT16;FLOAT16;FLOAT16;FLOAT16,NCHW;NCHW;NCHW;NCHW,"""1,1,16,128;1,1,2,128""",FLOAT16;FLOAT16,NCHW;NCHW,N/A,0.0,0,0.0,0.0,0.0,0.0,0.0,0.0,0.0,0.0,0.0,0.0,0.0,1.969,3544,0.153,0.078,1.381,0.701,0.158,0.08,0.147,0.074,0.166,0.000
0,6,2,100,6,Scatter_10,Scatter,static,AI_VECTOR_CORE,1786306885495997.080	,1.140,0.040000,2,0,NO,"""1,2,1024,128;1;1,2,1,128""",FLOAT16;INT64;FLOAT16,NCHW;NCHW;NCHW,"""1,2,1024,128""",FLOAT16,NCHW,N/A,0.0,0,0.0,0.0,0.0,0.0,0.0,0.0,0.0,0.0,0.0,0.0,0.0,0.586,2111,0.008,0.013,0.148,0.252,0.102,0.173,0.178,0.304,0.214,0.000
0,6,2,101,6,PaddleGqaIncreFlashAttentionAiv_5,PaddleGqaIncreFlashAttentionAiv,static,MIX_AIV,1786306885495999.340	,14.800,1.110000,32,0,NO,"""1,16,1,128;1,2,1024,128;1,2,1024,128;1,1,1,1024""",FLOAT16;FLOAT16;FLOAT16;BOOL,NCHW;NCHW;NCHW;NCHW,"""1,16,1,128""",FLOAT16,NCHW,0,0.0,0,0.0,0.0,0.0,0.0,0.0,0.0,0.0,0.0,0.0,0.0,0.0,13.399,771800,6.033,0.45,6.131,0.458,3.342,0.249,0.396,0.03,0.006,0.000
0,6,2,102,6,MatMul_26,MatMul,static,AI_CORE,1786306885496015.060	,7.780,0.950000,22,0,NO,"""1,2048;128,64,16,16""",FLOAT16;FLOAT16,ND;FRACTAL_NZ,"""1,1024""",FLOAT16,ND,N/A,5.745,227500,0.489,0.085,0.451,0.079,1.098,0.191,5.079,0.884,3.662,0.637,0.002,0.0,0,0.0,0.0,0.0,0.0,0.0,0.0,0.0,0.0,0.0,67.689
0,6,2,103,6,InplaceAddRmsNorm_10,InplaceAddRmsNorm,static,AI_VECTOR_CORE,1786306885496022.860	,1.620,0.000000,1,0,NO,"""1,1,1024;1,1,1024;1024""",FLOAT16;FLOAT16;FLOAT16,ND;ND;ND,"""1,1,1024;1,1,1;1,1,1024""",FLOAT16;FLOAT;FLOAT16,ND;ND;ND,N/A,0.0,0,0.0,0.0,0.0,0.0,0.0,0.0,0.0,0.0,0.0,0.0,0.0,1.082,1947,0.282,0.261,0.453,0.419,0.378,0.35,0.371,0.343,0.223,0.000
0,6,2,104,6,MatMul_27,MatMul,static,AI_CORE,1786306885496024.500	,9.540,0.130000,24,0,NO,"""1,1024;64,192,16,16""",FLOAT16;FLOAT16,ND;FRACTAL_NZ,"""1,3072""",FLOAT16,ND,N/A,6.695,289228,0.538,0.08,0.478,0.071,1.289,0.193,5.762,0.861,3.7,0.553,0.0,0.0,0,0.0,0.0,0.0,0.0,0.0,0.0,0.0,0.0,0.0,70.179
0,6,2,105,6,MatMul_28,MatMul,static,AI_CORE,1786306885496034.060	,7.440,0.000000,24,0,NO,"""1,1024;64,192,16,16""",FLOAT16;FLOAT16,ND;FRACTAL_NZ,"""1,3072""",FLOAT16,ND,N/A,5.028,217212,0.538,0.107,0.519,0.103,1.291,0.257,4.035,0.802,1.98,0.394,0.0,0.0,0,0.0,0.0,0.0,0.0,0.0,0.0,0.0,0.0,0.0,67.581
0,6,2,106,6,Swish_5Mul_8,AutomaticBufferFusionOp,static,AI_VECTOR_CORE,1786306885496041.540	,1.580,0.060000,3,0,NO,"""1,1,3072;1,1,3072""",FLOAT16;FLOAT16,ND;ND,"""1,1,3072""",FLOAT16,ND,N/A,0.0,0,0.0,0.0,0.0,0.0,0.0,0.0,0.0,0.0,0.0,0.0,0.0,0.845,4561,0.163,0.193,0.158,0.187,0.14,0.165,0.142,0.168,0.176,0.000
0,6,2,107,6,MatMul_29,MatMul,static,AI_CORE,1786306885496043.140	,7.960,0.170000,22,0,NO,"""1,3072;192,64,16,16""",FLOAT16;FLOAT16,ND;FRACTAL_NZ,"""1,1024""",FLOAT16,ND,N/A,5.942,235306,0.732,0.123,0.408,0.069,1.632,0.275,5.366,0.903,2.325,0.391,0.003,0.0,0,0.0,0.0,0.0,0.0,0.0,0.0,0.0,0.0,0.0,68.428
0,6,2,108,6,InplaceAddRmsNorm_11,InplaceAddRmsNorm,static,AI_VECTOR_CORE,1786306885496051.120	,1.520,0.000000,1,0,NO,"""1,1,1024;1,1,1024;1024""",FLOAT16;FLOAT16;FLOAT16,ND;ND;ND,"""1,1,1024;1,1,1;1,1,1024""",FLOAT16;FLOAT;FLOAT16,ND;ND;ND,N/A,0.0,0,0.0,0.0,0.0,0.0,0.0,0.0,0.0,0.0,0.0,0.0,0.0,1.066,1918,0.282,0.265,0.487,0.457,0.379,0.356,0.364,0.342,0.223,0.000
0,6,2,109,6,MatMul_30,MatMul,static,AI_CORE,1786306885496052.660	,9.060,0.230000,23,0,NO,"""1,1024;64,160,16,16""",FLOAT16;FLOAT16,ND;FRACTAL_NZ,"""1,2560""",FLOAT16,ND,N/A,6.415,265587,0.527,0.082,0.858,0.134,1.139,0.178,5.087,0.793,3.516,0.548,0.001,0.0,0,0.0,0.0,0.0,0.0,0.0,0.0,0.0,0.0,0.0,67.857
0,6,2,110,6,SplitV_8,SplitVD,static,AI_VECTOR_CORE,1786306885496061.740	,1.100,0.000000,1,0,NO,"""1,1,2560""",FLOAT16,ND,"""1,1,2048;1,1,256;1,1,256""",FLOAT16;FLOAT16;FLOAT16,ND;ND;ND,N/A,0.0,0,0.0,0.0,0.0,0.0,0.0,0.0,0.0,0.0,0.0,0.0,0.0,0.612,1102,0.008,0.013,0.114,0.186,0.129,0.211,0.142,0.231,0.263,0.000
0,6,2,111,6,Scatter_13,Scatter,static,AI_VECTOR_CORE,1786306885496062.860	,1.440,0.000000,2,0,NO,"""1,2,1024,128;1;1,2,1,128""",FLOAT16;INT64;FLOAT16,NCHW;NCHW;NCHW,"""1,2,1024,128""",FLOAT16,NCHW,N/A,0.0,0,0.0,0.0,0.0,0.0,0.0,0.0,0.0,0.0,0.0,0.0,0.0,0.851,3064,0.008,0.009,0.166,0.195,0.113,0.133,0.274,0.322,0.214,0.000
0,6,2,112,6,ApplyRotaryPosEmb_6,ApplyRotaryPosEmb,static,AI_VECTOR_CORE,1786306885496064.320	,2.320,0.060000,1,0,NO,"""1,1,16,128;1,1,2,128;1,1,1,128;1,1,1,128""",FLOAT16;FLOAT16;FLOAT16;FLOAT16,NCHW;NCHW;NCHW;NCHW,"""1,1,16,128;1,1,2,128""",FLOAT16;FLOAT16,NCHW;NCHW,N/A,0.0,0,0.0,0.0,0.0,0.0,0.0,0.0,0.0,0.0,0.0,0.0,0.0,1.814,3265,0.153,0.084,1.272,0.701,0.156,0.086,0.136,0.075,0.164,0.000
0,6,2,113,6,Scatter_12,Scatter,static,AI_VECTOR_CORE,1786306885496066.660	,1.180,0.180000,2,0,NO,"""1,2,1024,128;1;1,2,1,128""",FLOAT16;INT64;FLOAT16,NCHW;NCHW;NCHW,"""1,2,1024,128""",FLOAT16,NCHW,N/A,0.0,0,0.0,0.0,0.0,0.0,0.0,0.0,0.0,0.0,0.0,0.0,0.0,0.649,2335,0.008,0.012,0.141,0.218,0.101,0.155,0.218,0.336,0.214,0.000
0,6,2,114,6,PaddleGqaIncreFlashAttentionAiv_6,PaddleGqaIncreFlashAttentionAiv,static,MIX_AIV,1786306885496069.240	,12.580,1.320000,32,0,NO,"""1,16,1,128;1,2,1024,128;1,2,1024,128;1,1,1,1024""",FLOAT16;FLOAT16;FLOAT16;BOOL,NCHW;NCHW;NCHW;NCHW,"""1,16,1,128""",FLOAT16,NCHW,0,0.0,0,0.0,0.0,0.0,0.0,0.0,0.0,0.0,0.0,0.0,0.0,0.0,11.213,645848,6.035,0.538,4.547,0.406,3.523,0.314,0.411,0.037,0.006,0.000
0,6,2,115,6,MatMul_31,MatMul,static,AI_CORE,1786306885496082.500	,4.980,0.670000,22,0,NO,"""1,2048;128,64,16,16""",FLOAT16;FLOAT16,ND;FRACTAL_NZ,"""1,1024""",FLOAT16,ND,N/A,3.637,144037,0.487,0.134,0.718,0.197,1.105,0.304,2.656,0.73,2.227,0.612,0.002,0.0,0,0.0,0.0,0.0,0.0,0.0,0.0,0.0,0.0,0.0,66.952
0,6,2,116,6,InplaceAddRmsNorm_12,InplaceAddRmsNorm,static,AI_VECTOR_CORE,1786306885496087.520	,1.540,0.020000,1,0,NO,"""1,1,1024;1,1,1024;1024""",FLOAT16;FLOAT16;FLOAT16,ND;ND;ND,"""1,1,1024;1,1,1;1,1,1024""",FLOAT16;FLOAT;FLOAT16,ND;ND;ND,N/A,0.0,0,0.0,0.0,0.0,0.0,0.0,0.0,0.0,0.0,0.0,0.0,0.0,1.025,1845,0.282,0.275,0.436,0.425,0.383,0.373,0.351,0.342,0.223,0.000
0,6,2,117,6,MatMul_32,MatMul,static,AI_CORE,1786306885496089.080	,9.540,0.000000,24,0,NO,"""1,1024;64,192,16,16""",FLOAT16;FLOAT16,ND;FRACTAL_NZ,"""1,3072""",FLOAT16,ND,N/A,7.314,315976,0.538,0.074,0.87,0.119,1.281,0.175,5.98,0.818,4.797,0.656,0.0,0.0,0,0.0,0.0,0.0,0.0,0.0,0.0,0.0,0.0,0.0,76.669
0,6,2,118,6,MatMul_33,MatMul,static,AI_CORE,1786306885496098.660	,7.500,0.210000,24,0,NO,"""1,1024;64,192,16,16""",FLOAT16;FLOAT16,ND;FRACTAL_NZ,"""1,3072""",FLOAT16,ND,N/A,4.889,211205,0.538,0.11,0.415,0.085,1.288,0.264,4.022,0.823,1.951,0.399,0.0,0.0,0,0.0,0.0,0.0,0.0,0.0,0.0,0.0,0.0,0.0,65.187
0,6,2,119,6,Swish_6Mul_9,AutomaticBufferFusionOp,static,AI_VECTOR_CORE,1786306885496106.180	,1.440,0.000000,3,0,NO,"""1,1,3072;1,1,3072""",FLOAT16;FLOAT16,ND;ND,"""1,1,3072""",FLOAT16,ND,N/A,0.0,0,0.0,0.0,0.0,0.0,0.0,0.0,0.0,0.0,0.0,0.0,0.0,0.782,4224,0.163,0.209,0.125,0.159,0.139,0.178,0.14,0.179,0.194,0.000
0,6,2,120,6,MatMul_34,MatMul,static,AI_CORE,1786306885496107.640	,9.140,0.060000,22,0,NO,"""1,3072;192,64,16,16""",FLOAT16;FLOAT16,ND;FRACTAL_NZ,"""1,1024""",FLOAT16,ND,N/A,7.114,281728,0.734,0.103,0.415,0.058,1.643,0.231,6.53,0.918,2.057,0.289,0.004,0.0,0,0.0,0.0,0.0,0.0,0.0,0.0,0.0,0.0,0.0,71.351
0,6,2,121,6,InplaceAddRmsNorm_13,InplaceAddRmsNorm,static,AI_VECTOR_CORE,1786306885496116.820	,1.580,0.000000,1,0,NO,"""1,1,1024;1,1,1024;1024""",FLOAT16;FLOAT16;FLOAT16,ND;ND;ND,"""1,1,1024;1,1,1;1,1,1024""",FLOAT16;FLOAT;FLOAT16,ND;ND;ND,N/A,0.0,0,0.0,0.0,0.0,0.0,0.0,0.0,0.0,0.0,0.0,0.0,0.0,1.058,1904,0.282,0.267,0.432,0.409,0.395,0.373,0.37,0.35,0.215,0.000
0,6,2,122,6,MatMul_35,MatMul,static,AI_CORE,1786306885496118.420	,9.080,0.170000,23,0,NO,"""1,1024;64,160,16,16""",FLOAT16;FLOAT16,ND;FRACTAL_NZ,"""1,2560""",FLOAT16,ND,N/A,6.915,286263,0.527,0.076,0.406,0.059,1.144,0.165,6.018,0.87,5.437,0.786,0.001,0.0,0,0.0,0.0,0.0,0.0,0.0,0.0,0.0,0.0,0.0,72.979
0,6,2,123,6,SplitV_9,SplitVD,static,AI_VECTOR_CORE,1786306885496127.520	,1.080,0.000000,1,0,NO,"""1,1,2560""",FLOAT16,ND,"""1,1,2048;1,1,256;1,1,256""",FLOAT16;FLOAT16;FLOAT16,ND;ND;ND,N/A,0.0,0,0.0,0.0,0.0,0.0,0.0,0.0,0.0,0.0,0.0,0.0,0.0,0.533,960,0.008,0.015,0.126,0.235,0.134,0.252,0.159,0.299,0.263,0.000
0,6,2,124,6,Scatter_15,Scatter,static,AI_VECTOR_CORE,1786306885496128.620	,1.400,0.000000,2,0,NO,"""1,2,1024,128;1;1,2,1,128""",FLOAT16;INT64;FLOAT16,NCHW;NCHW;NCHW,"""1,2,1024,128""",FLOAT16,NCHW,N/A,0.0,0,0.0,0.0,0.0,0.0,0.0,0.0,0.0,0.0,0.0,0.0,0.0,0.812,2922,0.008,0.01,0.152,0.187,0.18,0.222,0.272,0.335,0.214,0.000
0,6,2,125,6,ApplyRotaryPosEmb_7,ApplyRotaryPosEmb,static,AI_VECTOR_CORE,1786306885496130.040	,2.260,0.100000,1,0,NO,"""1,1,16,128;1,1,2,128;1,1,1,128;1,1,1,128""",FLOAT16;FLOAT16;FLOAT16;FLOAT16,NCHW;NCHW;NCHW;NCHW,"""1,1,16,128;1,1,2,128""",FLOAT16;FLOAT16,NCHW;NCHW,N/A,0.0,0,0.0,0.0,0.0,0.0,0.0,0.0,0.0,0.0,0.0,0.0,0.0,1.826,3286,0.153,0.084,1.257,0.689,0.158,0.086,0.145,0.079,0.164,0.000
0,6,2,126,6,Scatter_14,Scatter,static,AI_VECTOR_CORE,1786306885496132.340	,1.420,0.000000,2,0,NO,"""1,2,1024,128;1;1,2,1,128""",FLOAT16;INT64;FLOAT16,NCHW;NCHW;NCHW,"""1,2,1024,128""",FLOAT16,NCHW,N/A,0.0,0,0.0,0.0,0.0,0.0,0.0,0.0,0.0,0.0,0.0,0.0,0.0,0.801,2885,0.008,0.01,0.132,0.165,0.103,0.129,0.408,0.509,0.214,0.000
0,6,2,127,6,PaddleGqaIncreFlashAttentionAiv_7,PaddleGqaIncreFlashAttentionAiv,static,MIX_AIV,1786306885496134.920	,12.300,1.330000,32,0,NO,"""1,16,1,128;1,2,1024,128;1,2,1024,128;1,1,1,1024""",FLOAT16;FLOAT16;FLOAT16;BOOL,NCHW;NCHW;NCHW;NCHW,"""1,16,1,128""",FLOAT16,NCHW,0,0.0,0,0.0,0.0,0.0,0.0,0.0,0.0,0.0,0.0,0.0,0.0,0.0,11.37,654892,6.031,0.53,4.51,0.397,3.114,0.274,0.368,0.032,0.004,0.000
0,6,2,128,6,MatMul_36,MatMul,static,AI_CORE,1786306885496148.200	,5.960,0.950000,22,0,NO,"""1,2048;128,64,16,16""",FLOAT16;FLOAT16,ND;FRACTAL_NZ,"""1,1024""",FLOAT16,ND,N/A,4.079,161510,0.489,0.12,0.42,0.103,1.115,0.273,3.461,0.849,2.946,0.722,0.002,0.0,0,0.0,0.0,0.0,0.0,0.0,0.0,0.0,0.0,0.0,62.729
0,6,2,129,6,InplaceAddRmsNorm_14,InplaceAddRmsNorm,static,AI_VECTOR_CORE,1786306885496154.180	,1.580,0.040000,1,0,NO,"""1,1,1024;1,1,1024;1024""",FLOAT16;FLOAT16;FLOAT16,ND;ND;ND,"""1,1,1024;1,1,1;1,1,1024""",FLOAT16;FLOAT;FLOAT16,ND;ND;ND,N/A,0.0,0,0.0,0.0,0.0,0.0,0.0,0.0,0.0,0.0,0.0,0.0,0.0,1.096,1972,0.282,0.258,0.488,0.446,0.389,0.355,0.388,0.354,0.215,0.000
0,6,2,130,6,MatMul_37,MatMul,static,AI_CORE,1786306885496155.780	,7.140,0.000000,24,0,NO,"""1,1024;64,192,16,16""",FLOAT16;FLOAT16,ND;FRACTAL_NZ,"""1,3072""",FLOAT16,ND,N/A,5.244,226547,0.538,0.103,0.438,0.083,1.284,0.245,4.351,0.83,3.441,0.656,0.0,0.0,0,0.0,0.0,0.0,0.0,0.0,0.0,0.0,0.0,0.0,73.447
0,6,2,131,6,MatMul_38,MatMul,static,AI_CORE,1786306885496162.940	,7.080,0.110000,24,0,NO,"""1,1024;64,192,16,16""",FLOAT16;FLOAT16,ND;FRACTAL_NZ,"""1,3072""",FLOAT16,ND,N/A,4.839,209024,0.538,0.111,0.434,0.09,1.289,0.266,3.956,0.818,1.956,0.404,0.0,0.0,0,0.0,0.0,0.0,0.0,0.0,0.0,0.0,0.0,0.0,68.341
0,6,2,132,6,Swish_7Mul_10,AutomaticBufferFusionOp,static,AI_VECTOR_CORE,1786306885496170.040	,1.580,0.000000,3,0,NO,"""1,1,3072;1,1,3072""",FLOAT16;FLOAT16,ND;ND,"""1,1,3072""",FLOAT16,ND,N/A,0.0,0,0.0,0.0,0.0,0.0,0.0,0.0,0.0,0.0,0.0,0.0,0.0,0.939,5068,0.163,0.173,0.18,0.192,0.169,0.18,0.139,0.148,0.211,0.000
0,6,2,133,6,MatMul_39,MatMul,static,AI_CORE,1786306885496171.640	,9.040,0.170000,22,0,NO,"""1,3072;192,64,16,16""",FLOAT16;FLOAT16,ND;FRACTAL_NZ,"""1,1024""",FLOAT16,ND,N/A,6.972,276095,0.729,0.105,0.828,0.119,1.64,0.235,6.01,0.862,2.014,0.289,0.004,0.0,0,0.0,0.0,0.0,0.0,0.0,0.0,0.0,0.0,0.0,70.698
0,6,2,134,6,InplaceAddRmsNorm_15,InplaceAddRmsNorm,static,AI_VECTOR_CORE,1786306885496180.700	,1.920,0.000000,1,0,NO,"""1,1,1024;1,1,1024;1024""",FLOAT16;FLOAT16;FLOAT16,ND;ND;ND,"""1,1,1024;1,1,1;1,1,1024""",FLOAT16;FLOAT;FLOAT16,ND;ND;ND,N/A,0.0,0,0.0,0.0,0.0,0.0,0.0,0.0,0.0,0.0,0.0,0.0,0.0,1.422,2560,0.282,0.198,0.518,0.364,0.563,0.396,0.394,0.277,0.223,0.000
0,6,2,135,6,MatMul_40,MatMul,static,AI_CORE,1786306885496182.640	,8.600,0.080000,23,0,NO,"""1,1024;64,160,16,16""",FLOAT16;FLOAT16,ND;FRACTAL_NZ,"""1,2560""",FLOAT16,ND,N/A,6.355,263116,0.527,0.083,0.79,0.124,1.143,0.18,5.074,0.798,3.411,0.537,0.001,0.0,0,0.0,0.0,0.0,0.0,0.0,0.0,0.0,0.0,0.0,70.821
0,6,2,136,6,SplitV_10,SplitVD,static,AI_VECTOR_CORE,1786306885496191.260	,1.040,0.000000,1,0,NO,"""1,1,2560""",FLOAT16,ND,"""1,1,2048;1,1,256;1,1,256""",FLOAT16;FLOAT16;FLOAT16,ND;ND;ND,N/A,0.0,0,0.0,0.0,0.0,0.0,0.0,0.0,0.0,0.0,0.0,0.0,0.0,0.533,959,0.008,0.015,0.134,0.251,0.126,0.237,0.152,0.286,0.263,0.000
0,6,2,137,6,Scatter_17,Scatter,static,AI_VECTOR_CORE,1786306885496192.340	,1.420,0.000000,2,0,NO,"""1,2,1024,128;1;1,2,1,128""",FLOAT16;INT64;FLOAT16,NCHW;NCHW;NCHW,"""1,2,1024,128""",FLOAT16,NCHW,N/A,0.0,0,0.0,0.0,0.0,0.0,0.0,0.0,0.0,0.0,0.0,0.0,0.0,0.803,2889,0.008,0.01,0.145,0.18,0.123,0.153,0.284,0.354,0.169,0.000
0,6,2,138,6,ApplyRotaryPosEmb_8,ApplyRotaryPosEmb,static,AI_VECTOR_CORE,1786306885496193.780	,3.180,0.080000,1,0,NO,"""1,1,16,128;1,1,2,128;1,1,1,128;1,1,1,128""",FLOAT16;FLOAT16;FLOAT16;FLOAT16,NCHW;NCHW;NCHW;NCHW,"""1,1,16,128;1,1,2,128""",FLOAT16;FLOAT16,NCHW;NCHW,N/A,0.0,0,0.0,0.0,0.0,0.0,0.0,0.0,0.0,0.0,0.0,0.0,0.0,2.645,4761,0.153,0.058,1.428,0.54,0.379,0.143,0.139,0.053,0.165,0.000
0,6,2,139,6,Scatter_16,Scatter,static,AI_VECTOR_CORE,1786306885496196.980	,1.340,0.070000,2,0,NO,"""1,2,1024,128;1;1,2,1,128""",FLOAT16;INT64;FLOAT16,NCHW;NCHW;NCHW,"""1,2,1024,128""",FLOAT16,NCHW,N/A,0.0,0,0.0,0.0,0.0,0.0,0.0,0.0,0.0,0.0,0.0,0.0,0.0,0.762,2744,0.008,0.01,0.171,0.224,0.126,0.166,0.224,0.294,0.169,0.000
0,6,2,140,6,PaddleGqaIncreFlashAttentionAiv_8,PaddleGqaIncreFlashAttentionAiv,static,MIX_AIV,1786306885496199.360	,13.200,0.910000,32,0,NO,"""1,16,1,128;1,2,1024,128;1,2,1024,128;1,1,1,1024""",FLOAT16;FLOAT16;FLOAT16;BOOL,NCHW;NCHW;NCHW;NCHW,"""1,16,1,128""",FLOAT16,NCHW,0,0.0,0,0.0,0.0,0.0,0.0,0.0,0.0,0.0,0.0,0.0,0.0,0.0,12.29,707926,6.032,0.491,4.541,0.37,4.102,0.334,0.402,0.033,0.003,0.000
0,6,2,141,6,MatMul_41,MatMul,static,AI_CORE,1786306885496213.260	,5.740,0.800000,22,0,NO,"""1,2048;128,64,16,16""",FLOAT16;FLOAT16,ND;FRACTAL_NZ,"""1,1024""",FLOAT16,ND,N/A,3.908,154775,0.486,0.124,0.69,0.177,1.111,0.284,3.268,0.836,2.716,0.695,0.002,0.0,0,0.0,0.0,0.0,0.0,0.0,0.0,0.0,0.0,0.0,62.417
0,6,2,142,6,InplaceAddRmsNorm_16,InplaceAddRmsNorm,static,AI_VECTOR_CORE,1786306885496219.020	,1.680,0.010000,1,0,NO,"""1,1,1024;1,1,1024;1024""",FLOAT16;FLOAT16;FLOAT16,ND;ND;ND,"""1,1,1024;1,1,1;1,1,1024""",FLOAT16;FLOAT;FLOAT16,ND;ND;ND,N/A,0.0,0,0.0,0.0,0.0,0.0,0.0,0.0,0.0,0.0,0.0,0.0,0.0,1.116,2008,0.282,0.253,0.484,0.434,0.371,0.333,0.358,0.321,0.223,0.000
0,6,2,143,6,MatMul_42,MatMul,static,AI_CORE,1786306885496220.720	,9.160,0.070000,24,0,NO,"""1,1024;64,192,16,16""",FLOAT16;FLOAT16,ND;FRACTAL_NZ,"""1,3072""",FLOAT16,ND,N/A,7.12,307573,0.538,0.076,0.538,0.075,1.287,0.181,6.122,0.86,5.334,0.749,0.0,0.0,0,0.0,0.0,0.0,0.0,0.0,0.0,0.0,0.0,0.0,77.726
0,6,2,144,6,MatMul_43,MatMul,static,AI_CORE,1786306885496229.900	,7.180,0.090000,24,0,NO,"""1,1024;64,192,16,16""",FLOAT16;FLOAT16,ND;FRACTAL_NZ,"""1,3072""",FLOAT16,ND,N/A,4.875,210604,0.538,0.11,0.529,0.108,1.287,0.264,3.89,0.798,2.082,0.427,0.0,0.0,0,0.0,0.0,0.0,0.0,0.0,0.0,0.0,0.0,0.0,67.898
0,6,2,145,6,Swish_8Mul_11,AutomaticBufferFusionOp,static,AI_VECTOR_CORE,1786306885496237.100	,1.660,0.000000,3,0,NO,"""1,1,3072;1,1,3072""",FLOAT16;FLOAT16,ND;ND,"""1,1,3072""",FLOAT16,ND,N/A,0.0,0,0.0,0.0,0.0,0.0,0.0,0.0,0.0,0.0,0.0,0.0,0.0,0.879,4748,0.163,0.186,0.135,0.153,0.144,0.164,0.138,0.157,0.157,0.000
0,6,2,146,6,MatMul_44,MatMul,static,AI_CORE,1786306885496238.780	,9.200,0.090000,22,0,NO,"""1,3072;192,64,16,16""",FLOAT16;FLOAT16,ND;FRACTAL_NZ,"""1,1024""",FLOAT16,ND,N/A,7.024,278167,0.731,0.104,1.026,0.146,1.643,0.234,5.837,0.831,2.007,0.286,0.003,0.0,0,0.0,0.0,0.0,0.0,0.0,0.0,0.0,0.0,0.0,69.990
0,6,2,147,6,InplaceAddRmsNorm_17,InplaceAddRmsNorm,static,AI_VECTOR_CORE,1786306885496248.020	,1.620,0.050000,1,0,NO,"""1,1,1024;1,1,1024;1024""",FLOAT16;FLOAT16;FLOAT16,ND;ND;ND,"""1,1,1024;1,1,1;1,1,1024""",FLOAT16;FLOAT;FLOAT16,ND;ND;ND,N/A,0.0,0,0.0,0.0,0.0,0.0,0.0,0.0,0.0,0.0,0.0,0.0,0.0,1.146,2063,0.282,0.246,0.544,0.475,0.387,0.337,0.384,0.335,0.215,0.000
0,6,2,148,6,MatMul_45,MatMul,static,AI_CORE,1786306885496249.660	,6.760,0.130000,23,0,NO,"""1,1024;64,160,16,16""",FLOAT16;FLOAT16,ND;FRACTAL_NZ,"""1,2560""",FLOAT16,ND,N/A,4.37,180903,0.527,0.121,0.498,0.114,1.141,0.261,3.391,0.776,1.817,0.416,0.001,0.0,0,0.0,0.0,0.0,0.0,0.0,0.0,0.0,0.0,0.0,61.946
0,6,2,149,6,SplitV_11,SplitVD,static,AI_VECTOR_CORE,1786306885496256.460	,1.020,0.000000,1,0,NO,"""1,1,2560""",FLOAT16,ND,"""1,1,2048;1,1,256;1,1,256""",FLOAT16;FLOAT16;FLOAT16,ND;ND;ND,N/A,0.0,0,0.0,0.0,0.0,0.0,0.0,0.0,0.0,0.0,0.0,0.0,0.0,0.546,983,0.008,0.014,0.159,0.291,0.132,0.241,0.146,0.267,0.263,0.000
0,6,2,150,6,Scatter_19,Scatter,static,AI_VECTOR_CORE,1786306885496257.500	,1.200,0.000000,2,0,NO,"""1,2,1024,128;1;1,2,1,128""",FLOAT16;INT64;FLOAT16,NCHW;NCHW;NCHW,"""1,2,1024,128""",FLOAT16,NCHW,N/A,0.0,0,0.0,0.0,0.0,0.0,0.0,0.0,0.0,0.0,0.0,0.0,0.0,0.675,2431,0.008,0.012,0.126,0.186,0.112,0.165,0.191,0.283,0.169,0.000
0,6,2,151,6,ApplyRotaryPosEmb_9,ApplyRotaryPosEmb,static,AI_VECTOR_CORE,1786306885496258.720	,2.200,0.050000,1,0,NO,"""1,1,16,128;1,1,2,128;1,1,1,128;1,1,1,128""",FLOAT16;FLOAT16;FLOAT16;FLOAT16,NCHW;NCHW;NCHW;NCHW,"""1,1,16,128;1,1,2,128""",FLOAT16;FLOAT16,NCHW;NCHW,N/A,0.0,0,0.0,0.0,0.0,0.0,0.0,0.0,0.0,0.0,0.0,0.0,0.0,1.711,3080,0.153,0.089,1.182,0.691,0.165,0.096,0.147,0.086,0.154,0.000
0,6,2,152,6,Scatter_18,Scatter,static,AI_VECTOR_CORE,1786306885496260.940	,1.360,0.050000,2,0,NO,"""1,2,1024,128;1;1,2,1,128""",FLOAT16;INT64;FLOAT16,NCHW;NCHW;NCHW,"""1,2,1024,128""",FLOAT16,NCHW,N/A,0.0,0,0.0,0.0,0.0,0.0,0.0,0.0,0.0,0.0,0.0,0.0,0.0,0.822,2960,0.008,0.009,0.164,0.2,0.111,0.134,0.293,0.356,0.169,0.000
0,6,2,153,6,PaddleGqaIncreFlashAttentionAiv_9,PaddleGqaIncreFlashAttentionAiv,static,MIX_AIV,1786306885496263.320	,11.820,0.890000,32,0,NO,"""1,16,1,128;1,2,1024,128;1,2,1024,128;1,1,1,1024""",FLOAT16;FLOAT16;FLOAT16;BOOL,NCHW;NCHW;NCHW;NCHW,"""1,16,1,128""",FLOAT16,NCHW,0,0.0,0,0.0,0.0,0.0,0.0,0.0,0.0,0.0,0.0,0.0,0.0,0.0,10.868,626009,6.031,0.555,3.905,0.359,2.907,0.268,0.373,0.034,0.003,0.000
0,6,2,154,6,MatMul_46,MatMul,static,AI_CORE,1786306885496276.000	,6.780,0.930000,22,0,NO,"""1,2048;128,64,16,16""",FLOAT16;FLOAT16,ND;FRACTAL_NZ,"""1,1024""",FLOAT16,ND,N/A,4.456,176447,0.487,0.109,0.977,0.219,1.097,0.246,3.244,0.728,2.068,0.464,0.002,0.0,0,0.0,0.0,0.0,0.0,0.0,0.0,0.0,0.0,0.0,60.242
0,6,2,155,6,InplaceAddRmsNorm_18,InplaceAddRmsNorm,static,AI_VECTOR_CORE,1786306885496282.800	,1.640,0.000000,1,0,NO,"""1,1,1024;1,1,1024;1024""",FLOAT16;FLOAT16;FLOAT16,ND;ND;ND,"""1,1,1024;1,1,1;1,1,1024""",FLOAT16;FLOAT;FLOAT16,ND;ND;ND,N/A,0.0,0,0.0,0.0,0.0,0.0,0.0,0.0,0.0,0.0,0.0,0.0,0.0,1.128,2030,0.282,0.25,0.501,0.444,0.379,0.336,0.38,0.337,0.223,0.000
0,6,2,156,6,MatMul_47,MatMul,static,AI_CORE,1786306885496284.460	,7.660,0.110000,24,0,NO,"""1,1024;64,192,16,16""",FLOAT16;FLOAT16,ND;FRACTAL_NZ,"""1,3072""",FLOAT16,ND,N/A,5.483,236876,0.538,0.098,0.517,0.094,1.286,0.235,4.517,0.824,3.719,0.678,0.0,0.0,0,0.0,0.0,0.0,0.0,0.0,0.0,0.0,0.0,0.0,71.583
0,6,2,157,6,MatMul_48,MatMul,static,AI_CORE,1786306885496292.140	,8.420,0.090000,24,0,NO,"""1,1024;64,192,16,16""",FLOAT16;FLOAT16,ND;FRACTAL_NZ,"""1,3072""",FLOAT16,ND,N/A,6.361,274788,0.538,0.085,0.516,0.081,1.286,0.202,5.385,0.847,4.611,0.725,0.0,0.0,0,0.0,0.0,0.0,0.0,0.0,0.0,0.0,0.0,0.0,75.544
0,6,2,158,6,Swish_9Mul_12,AutomaticBufferFusionOp,static,AI_VECTOR_CORE,1786306885496300.580	,1.480,0.000000,3,0,NO,"""1,1,3072;1,1,3072""",FLOAT16;FLOAT16,ND;ND,"""1,1,3072""",FLOAT16,ND,N/A,0.0,0,0.0,0.0,0.0,0.0,0.0,0.0,0.0,0.0,0.0,0.0,0.0,0.783,4227,0.163,0.208,0.136,0.174,0.145,0.185,0.136,0.174,0.194,0.000
0,6,2,159,6,MatMul_49,MatMul,static,AI_CORE,1786306885496302.080	,9.300,0.020000,22,0,NO,"""1,3072;192,64,16,16""",FLOAT16;FLOAT16,ND;FRACTAL_NZ,"""1,1024""",FLOAT16,ND,N/A,7.35,291042,0.729,0.099,0.5,0.068,1.623,0.221,6.678,0.909,3.781,0.514,0.003,0.0,0,0.0,0.0,0.0,0.0,0.0,0.0,0.0,0.0,0.0,72.442
0,6,2,160,6,InplaceAddRmsNorm_19,InplaceAddRmsNorm,static,AI_VECTOR_CORE,1786306885496311.400	,1.740,0.200000,1,0,NO,"""1,1,1024;1,1,1024;1024""",FLOAT16;FLOAT16;FLOAT16,ND;ND;ND,"""1,1,1024;1,1,1;1,1,1024""",FLOAT16;FLOAT;FLOAT16,ND;ND;ND,N/A,0.0,0,0.0,0.0,0.0,0.0,0.0,0.0,0.0,0.0,0.0,0.0,0.0,1.187,2136,0.282,0.238,0.446,0.376,0.522,0.44,0.362,0.305,0.215,0.000
0,6,2,161,6,MatMul_50,MatMul,static,AI_CORE,1786306885496313.180	,8.080,0.010000,23,0,NO,"""1,1024;64,160,16,16""",FLOAT16;FLOAT16,ND;FRACTAL_NZ,"""1,2560""",FLOAT16,ND,N/A,5.893,243989,0.527,0.089,0.472,0.08,1.143,0.194,4.932,0.837,3.324,0.564,0.001,0.0,0,0.0,0.0,0.0,0.0,0.0,0.0,0.0,0.0,0.0,69.900
0,6,2,162,6,SplitV_12,SplitVD,static,AI_VECTOR_CORE,1786306885496321.280	,1.180,0.000000,1,0,NO,"""1,1,2560""",FLOAT16,ND,"""1,1,2048;1,1,256;1,1,256""",FLOAT16;FLOAT16;FLOAT16,ND;ND;ND,N/A,0.0,0,0.0,0.0,0.0,0.0,0.0,0.0,0.0,0.0,0.0,0.0,0.0,0.604,1088,0.008,0.013,0.182,0.301,0.135,0.223,0.144,0.239,0.263,0.000
0,6,2,163,6,Scatter_21,Scatter,static,AI_VECTOR_CORE,1786306885496322.480	,1.300,0.070000,2,0,NO,"""1,2,1024,128;1;1,2,1,128""",FLOAT16;INT64;FLOAT16,NCHW;NCHW;NCHW,"""1,2,1024,128""",FLOAT16,NCHW,N/A,0.0,0,0.0,0.0,0.0,0.0,0.0,0.0,0.0,0.0,0.0,0.0,0.0,0.642,2311,0.008,0.012,0.169,0.263,0.116,0.18,0.256,0.399,0.17,0.000
0,6,2,164,6,ApplyRotaryPosEmb_10,ApplyRotaryPosEmb,static,AI_VECTOR_CORE,1786306885496323.820	,1.880,0.000000,1,0,NO,"""1,1,16,128;1,1,2,128;1,1,1,128;1,1,1,128""",FLOAT16;FLOAT16;FLOAT16;FLOAT16,NCHW;NCHW;NCHW;NCHW,"""1,1,16,128;1,1,2,128""",FLOAT16;FLOAT16,NCHW;NCHW,N/A,0.0,0,0.0,0.0,0.0,0.0,0.0,0.0,0.0,0.0,0.0,0.0,0.0,1.287,2317,0.153,0.119,1.017,0.79,0.137,0.106,0.147,0.114,0.016,0.000
0,6,2,165,6,Scatter_20,Scatter,static,AI_VECTOR_CORE,1786306885496325.720	,1.220,0.120000,2,0,NO,"""1,2,1024,128;1;1,2,1,128""",FLOAT16;INT64;FLOAT16,NCHW;NCHW;NCHW,"""1,2,1024,128""",FLOAT16,NCHW,N/A,0.0,0,0.0,0.0,0.0,0.0,0.0,0.0,0.0,0.0,0.0,0.0,0.0,0.706,2540,0.008,0.011,0.154,0.218,0.109,0.155,0.213,0.302,0.169,0.000
0,6,2,166,6,PaddleGqaIncreFlashAttentionAiv_10,PaddleGqaIncreFlashAttentionAiv,static,MIX_AIV,1786306885496328.380	,14.340,1.530000,32,0,NO,"""1,16,1,128;1,2,1024,128;1,2,1024,128;1,1,1,1024""",FLOAT16;FLOAT16;FLOAT16;BOOL,NCHW;NCHW;NCHW;NCHW,"""1,16,1,128""",FLOAT16,NCHW,0,0.0,0,0.0,0.0,0.0,0.0,0.0,0.0,0.0,0.0,0.0,0.0,0.0,13.411,772463,6.031,0.45,6.331,0.472,2.988,0.223,0.32,0.024,0.003,0.000
0,6,2,167,6,MatMul_51,MatMul,static,AI_CORE,1786306885496343.500	,5.600,0.660000,22,0,NO,"""1,2048;128,64,16,16""",FLOAT16;FLOAT16,ND;FRACTAL_NZ,"""1,1024""",FLOAT16,ND,N/A,3.871,153311,0.489,0.126,0.472,0.122,1.1,0.284,3.161,0.817,2.66,0.687,0.002,0.0,0,0.0,0.0,0.0,0.0,0.0,0.0,0.0,0.0,0.0,63.373
0,6,2,168,6,InplaceAddRmsNorm_20,InplaceAddRmsNorm,static,AI_VECTOR_CORE,1786306885496349.120	,1.620,0.000000,1,0,NO,"""1,1,1024;1,1,1024;1024""",FLOAT16;FLOAT16;FLOAT16,ND;ND;ND,"""1,1,1024;1,1,1;1,1,1024""",FLOAT16;FLOAT;FLOAT16,ND;ND;ND,N/A,0.0,0,0.0,0.0,0.0,0.0,0.0,0.0,0.0,0.0,0.0,0.0,0.0,1.049,1888,0.282,0.269,0.432,0.412,0.366,0.349,0.359,0.342,0.215,0.000
0,6,2,169,6,MatMul_52,MatMul,static,AI_CORE,1786306885496350.760	,6.960,0.130000,24,0,NO,"""1,1024;64,192,16,16""",FLOAT16;FLOAT16,ND;FRACTAL_NZ,"""1,3072""",FLOAT16,ND,N/A,4.903,211830,0.538,0.11,0.516,0.105,1.285,0.262,3.931,0.802,3.055,0.623,0.0,0.0,0,0.0,0.0,0.0,0.0,0.0,0.0,0.0,0.0,0.0,70.452
0,6,2,170,6,MatMul_53,MatMul,static,AI_CORE,1786306885496357.740	,9.000,0.040000,24,0,NO,"""1,1024;64,192,16,16""",FLOAT16;FLOAT16,ND;FRACTAL_NZ,"""1,3072""",FLOAT16,ND,N/A,6.827,294908,0.538,0.079,0.749,0.11,1.287,0.189,5.821,0.853,4.241,0.621,0.0,0.0,0,0.0,0.0,0.0,0.0,0.0,0.0,0.0,0.0,0.0,75.851
0,6,2,171,6,Swish_10Mul_13,AutomaticBufferFusionOp,static,AI_VECTOR_CORE,1786306885496366.760	,1.500,0.000000,3,0,NO,"""1,1,3072;1,1,3072""",FLOAT16;FLOAT16,ND;ND,"""1,1,3072""",FLOAT16,ND,N/A,0.0,0,0.0,0.0,0.0,0.0,0.0,0.0,0.0,0.0,0.0,0.0,0.0,0.821,4435,0.163,0.199,0.143,0.174,0.142,0.172,0.138,0.168,0.167,0.000
0,6,2,172,6,MatMul_54,MatMul,static,AI_CORE,1786306885496368.280	,9.280,0.000000,22,0,NO,"""1,3072;192,64,16,16""",FLOAT16;FLOAT16,ND;FRACTAL_NZ,"""1,1024""",FLOAT16,ND,N/A,7.3,289068,0.73,0.1,0.504,0.069,1.667,0.228,6.656,0.912,3.736,0.512,0.004,0.0,0,0.0,0.0,0.0,0.0,0.0,0.0,0.0,0.0,0.0,72.105
0,6,2,173,6,InplaceAddRmsNorm_21,InplaceAddRmsNorm,static,AI_VECTOR_CORE,1786306885496377.600	,1.760,0.000000,1,0,NO,"""1,1,1024;1,1,1024;1024""",FLOAT16;FLOAT16;FLOAT16,ND;ND;ND,"""1,1,1024;1,1,1;1,1,1024""",FLOAT16;FLOAT;FLOAT16,ND;ND;ND,N/A,0.0,0,0.0,0.0,0.0,0.0,0.0,0.0,0.0,0.0,0.0,0.0,0.0,1.248,2246,0.282,0.226,0.529,0.424,0.508,0.407,0.389,0.312,0.215,0.000
0,6,2,174,6,MatMul_55,MatMul,static,AI_CORE,1786306885496379.380	,6.960,0.240000,23,0,NO,"""1,1024;64,160,16,16""",FLOAT16;FLOAT16,ND;FRACTAL_NZ,"""1,2560""",FLOAT16,ND,N/A,4.525,187321,0.527,0.117,0.495,0.109,1.14,0.252,3.548,0.784,1.835,0.406,0.001,0.0,0,0.0,0.0,0.0,0.0,0.0,0.0,0.0,0.0,0.0,62.301
0,6,2,175,6,SplitV_13,SplitVD,static,AI_VECTOR_CORE,1786306885496386.360	,1.140,0.000000,1,0,NO,"""1,1,2560""",FLOAT16,ND,"""1,1,2048;1,1,256;1,1,256""",FLOAT16;FLOAT16;FLOAT16,ND;ND;ND,N/A,0.0,0,0.0,0.0,0.0,0.0,0.0,0.0,0.0,0.0,0.0,0.0,0.0,0.616,1108,0.008,0.013,0.177,0.288,0.137,0.222,0.142,0.231,0.263,0.000
0,6,2,176,6,Scatter_23,Scatter,static,AI_VECTOR_CORE,1786306885496387.520	,1.140,0.110000,2,0,NO,"""1,2,1024,128;1;1,2,1,128""",FLOAT16;INT64;FLOAT16,NCHW;NCHW;NCHW,"""1,2,1024,128""",FLOAT16,NCHW,N/A,0.0,0,0.0,0.0,0.0,0.0,0.0,0.0,0.0,0.0,0.0,0.0,0.0,0.563,2027,0.008,0.014,0.143,0.254,0.103,0.183,0.241,0.428,0.185,0.000
0,6,2,177,6,ApplyRotaryPosEmb_11,ApplyRotaryPosEmb,static,AI_VECTOR_CORE,1786306885496388.680	,2.480,0.110000,1,0,NO,"""1,1,16,128;1,1,2,128;1,1,1,128;1,1,1,128""",FLOAT16;FLOAT16;FLOAT16;FLOAT16,NCHW;NCHW;NCHW;NCHW,"""1,1,16,128;1,1,2,128""",FLOAT16;FLOAT16,NCHW;NCHW,N/A,0.0,0,0.0,0.0,0.0,0.0,0.0,0.0,0.0,0.0,0.0,0.0,0.0,1.924,3463,0.159,0.083,1.338,0.695,0.163,0.085,0.151,0.078,0.175,0.000
0,6,2,178,6,Scatter_22,Scatter,static,AI_VECTOR_CORE,1786306885496391.180	,1.180,0.020000,2,0,NO,"""1,2,1024,128;1;1,2,1,128""",FLOAT16;INT64;FLOAT16,NCHW;NCHW;NCHW,"""1,2,1024,128""",FLOAT16,NCHW,N/A,0.0,0,0.0,0.0,0.0,0.0,0.0,0.0,0.0,0.0,0.0,0.0,0.0,0.578,2081,0.008,0.013,0.14,0.242,0.116,0.2,0.191,0.331,0.2,0.000
0,6,2,179,6,PaddleGqaIncreFlashAttentionAiv_11,PaddleGqaIncreFlashAttentionAiv,static,MIX_AIV,1786306885496393.560	,14.600,1.070000,32,0,NO,"""1,16,1,128;1,2,1024,128;1,2,1024,128;1,1,1,1024""",FLOAT16;FLOAT16;FLOAT16;BOOL,NCHW;NCHW;NCHW;NCHW,"""1,16,1,128""",FLOAT16,NCHW,0,0.0,0,0.0,0.0,0.0,0.0,0.0,0.0,0.0,0.0,0.0,0.0,0.0,13.668,787269,6.031,0.441,6.46,0.473,3.188,0.233,0.392,0.029,0.003,0.000
0,6,2,180,6,MatMul_56,MatMul,static,AI_CORE,1786306885496409.280	,7.700,1.150000,22,0,NO,"""1,2048;128,64,16,16""",FLOAT16;FLOAT16,ND;FRACTAL_NZ,"""1,1024""",FLOAT16,ND,N/A,5.821,230504,0.488,0.084,0.544,0.093,1.099,0.189,5.077,0.872,3.629,0.623,0.002,0.0,0,0.0,0.0,0.0,0.0,0.0,0.0,0.0,0.0,0.0,69.295
0,6,2,181,6,InplaceAddRmsNorm_22,InplaceAddRmsNorm,static,AI_VECTOR_CORE,1786306885496417.020	,1.540,0.050000,1,0,NO,"""1,1,1024;1,1,1024;1024""",FLOAT16;FLOAT16;FLOAT16,ND;ND;ND,"""1,1,1024;1,1,1;1,1,1024""",FLOAT16;FLOAT;FLOAT16,ND;ND;ND,N/A,0.0,0,0.0,0.0,0.0,0.0,0.0,0.0,0.0,0.0,0.0,0.0,0.0,1.035,1863,0.282,0.273,0.431,0.417,0.363,0.351,0.355,0.343,0.223,0.000
0,6,2,182,6,MatMul_57,MatMul,static,AI_CORE,1786306885496418.600	,7.020,0.000000,24,0,NO,"""1,1024;64,192,16,16""",FLOAT16;FLOAT16,ND;FRACTAL_NZ,"""1,3072""",FLOAT16,ND,N/A,4.677,202032,0.537,0.115,0.429,0.092,1.289,0.276,3.798,0.812,1.954,0.418,0.0,0.0,0,0.0,0.0,0.0,0.0,0.0,0.0,0.0,0.0,0.0,66.619
0,6,2,183,6,MatMul_58,MatMul,static,AI_CORE,1786306885496425.640	,7.640,0.230000,24,0,NO,"""1,1024;64,192,16,16""",FLOAT16;FLOAT16,ND;FRACTAL_NZ,"""1,3072""",FLOAT16,ND,N/A,5.459,235813,0.538,0.099,0.928,0.17,1.284,0.235,4.07,0.746,2.817,0.516,0.0,0.0,0,0.0,0.0,0.0,0.0,0.0,0.0,0.0,0.0,0.0,71.448
0,6,2,184,6,Swish_11Mul_14,AutomaticBufferFusionOp,static,AI_VECTOR_CORE,1786306885496433.320	,1.540,0.000000,3,0,NO,"""1,1,3072;1,1,3072""",FLOAT16;FLOAT16,ND;ND,"""1,1,3072""",FLOAT16,ND,N/A,0.0,0,0.0,0.0,0.0,0.0,0.0,0.0,0.0,0.0,0.0,0.0,0.0,0.811,4377,0.163,0.201,0.131,0.162,0.149,0.183,0.136,0.168,0.185,0.000
0,6,2,185,6,MatMul_59,MatMul,static,AI_CORE,1786306885496434.880	,8.360,0.210000,22,0,NO,"""1,3072;192,64,16,16""",FLOAT16;FLOAT16,ND;FRACTAL_NZ,"""1,1024""",FLOAT16,ND,N/A,6.501,257420,0.73,0.112,0.429,0.066,1.65,0.254,5.937,0.913,3.031,0.466,0.004,0.0,0,0.0,0.0,0.0,0.0,0.0,0.0,0.0,0.0,0.0,71.277
0,6,2,186,6,InplaceAddRmsNorm_23,InplaceAddRmsNorm,static,AI_VECTOR_CORE,1786306885496443.260	,1.580,0.000000,1,0,NO,"""1,1,1024;1,1,1024;1024""",FLOAT16;FLOAT16;FLOAT16,ND;ND;ND,"""1,1,1024;1,1,1;1,1,1024""",FLOAT16;FLOAT;FLOAT16,ND;ND;ND,N/A,0.0,0,0.0,0.0,0.0,0.0,0.0,0.0,0.0,0.0,0.0,0.0,0.0,1.047,1884,0.282,0.27,0.431,0.412,0.357,0.341,0.35,0.334,0.223,0.000
0,6,2,187,6,MatMul_60,MatMul,static,AI_CORE,1786306885496444.860	,7.860,0.000000,23,0,NO,"""1,1024;64,160,16,16""",FLOAT16;FLOAT16,ND;FRACTAL_NZ,"""1,2560""",FLOAT16,ND,N/A,5.567,230489,0.527,0.095,0.439,0.079,1.142,0.205,4.651,0.835,2.734,0.491,0.001,0.0,0,0.0,0.0,0.0,0.0,0.0,0.0,0.0,0.0,0.0,67.880
0,6,2,188,6,SplitV_14,SplitVD,static,AI_VECTOR_CORE,1786306885496452.740	,1.080,0.140000,1,0,NO,"""1,1,2560""",FLOAT16,ND,"""1,1,2048;1,1,256;1,1,256""",FLOAT16;FLOAT16;FLOAT16,ND;ND;ND,N/A,0.0,0,0.0,0.0,0.0,0.0,0.0,0.0,0.0,0.0,0.0,0.0,0.0,0.537,967,0.008,0.014,0.116,0.215,0.134,0.25,0.148,0.276,0.263,0.000
0,6,2,189,6,Scatter_25,Scatter,static,AI_VECTOR_CORE,1786306885496453.860	,1.200,0.000000,2,0,NO,"""1,2,1024,128;1;1,2,1,128""",FLOAT16;INT64;FLOAT16,NCHW;NCHW;NCHW,"""1,2,1024,128""",FLOAT16,NCHW,N/A,0.0,0,0.0,0.0,0.0,0.0,0.0,0.0,0.0,0.0,0.0,0.0,0.0,0.59,2123,0.008,0.013,0.13,0.22,0.111,0.188,0.273,0.463,0.185,0.000
0,6,2,190,6,ApplyRotaryPosEmb_12,ApplyRotaryPosEmb,static,AI_VECTOR_CORE,1786306885496455.080	,2.400,0.050000,1,0,NO,"""1,1,16,128;1,1,2,128;1,1,1,128;1,1,1,128""",FLOAT16;FLOAT16;FLOAT16;FLOAT16,NCHW;NCHW;NCHW;NCHW,"""1,1,16,128;1,1,2,128""",FLOAT16;FLOAT16,NCHW;NCHW,N/A,0.0,0,0.0,0.0,0.0,0.0,0.0,0.0,0.0,0.0,0.0,0.0,0.0,1.887,3396,0.153,0.081,1.287,0.682,0.166,0.088,0.153,0.081,0.169,0.000
0,6,2,191,6,Scatter_24,Scatter,static,AI_VECTOR_CORE,1786306885496457.500	,1.080,0.100000,2,0,NO,"""1,2,1024,128;1;1,2,1,128""",FLOAT16;INT64;FLOAT16,NCHW;NCHW;NCHW,"""1,2,1024,128""",FLOAT16,NCHW,N/A,0.0,0,0.0,0.0,0.0,0.0,0.0,0.0,0.0,0.0,0.0,0.0,0.0,0.526,1894,0.008,0.015,0.11,0.209,0.103,0.196,0.209,0.397,0.2,0.000
0,6,2,192,6,PaddleGqaIncreFlashAttentionAiv_12,PaddleGqaIncreFlashAttentionAiv,static,MIX_AIV,1786306885496459.900	,12.420,1.420000,32,0,NO,"""1,16,1,128;1,2,1024,128;1,2,1024,128;1,1,1,1024""",FLOAT16;FLOAT16;FLOAT16;BOOL,NCHW;NCHW;NCHW;NCHW,"""1,16,1,128""",FLOAT16,NCHW,0,0.0,0,0.0,0.0,0.0,0.0,0.0,0.0,0.0,0.0,0.0,0.0,0.0,11.405,656948,6.032,0.529,4.264,0.374,2.694,0.236,0.332,0.029,0.003,0.000
0,6,2,193,6,MatMul_61,MatMul,static,AI_CORE,1786306885496473.180	,5.980,0.830000,22,0,NO,"""1,2048;128,64,16,16""",FLOAT16;FLOAT16,ND;FRACTAL_NZ,"""1,1024""",FLOAT16,ND,N/A,4.066,161026,0.487,0.12,0.444,0.109,1.115,0.274,3.423,0.842,2.863,0.704,0.002,0.0,0,0.0,0.0,0.0,0.0,0.0,0.0,0.0,0.0,0.0,62.332
0,6,2,194,6,InplaceAddRmsNorm_24,InplaceAddRmsNorm,static,AI_VECTOR_CORE,1786306885496479.180	,1.700,0.020000,1,0,NO,"""1,1,1024;1,1,1024;1024""",FLOAT16;FLOAT16;FLOAT16,ND;ND;ND,"""1,1,1024;1,1,1;1,1,1024""",FLOAT16;FLOAT;FLOAT16,ND;ND;ND,N/A,0.0,0,0.0,0.0,0.0,0.0,0.0,0.0,0.0,0.0,0.0,0.0,0.0,1.209,2176,0.282,0.233,0.476,0.393,0.533,0.441,0.403,0.334,0.223,0.000
0,6,2,195,6,MatMul_62,MatMul,static,AI_CORE,1786306885496480.900	,7.360,0.050000,24,0,NO,"""1,1024;64,192,16,16""",FLOAT16;FLOAT16,ND;FRACTAL_NZ,"""1,3072""",FLOAT16,ND,N/A,5.248,226705,0.538,0.102,0.452,0.086,1.287,0.245,4.337,0.826,3.283,0.626,0.0,0.0,0,0.0,0.0,0.0,0.0,0.0,0.0,0.0,0.0,0.0,71.302
0,6,2,196,6,MatMul_63,MatMul,static,AI_CORE,1786306885496488.280	,8.680,0.000000,24,0,NO,"""1,1024;64,192,16,16""",FLOAT16;FLOAT16,ND;FRACTAL_NZ,"""1,3072""",FLOAT16,ND,N/A,6.556,283207,0.538,0.082,0.444,0.068,1.289,0.197,5.661,0.864,3.776,0.576,0.0,0.0,0,0.0,0.0,0.0,0.0,0.0,0.0,0.0,0.0,0.0,75.527
0,6,2,197,6,Swish_12Mul_15,AutomaticBufferFusionOp,static,AI_VECTOR_CORE,1786306885496496.980	,1.400,0.070000,3,0,NO,"""1,1,3072;1,1,3072""",FLOAT16;FLOAT16,ND;ND,"""1,1,3072""",FLOAT16,ND,N/A,0.0,0,0.0,0.0,0.0,0.0,0.0,0.0,0.0,0.0,0.0,0.0,0.0,0.749,4045,0.163,0.218,0.185,0.247,0.18,0.24,0.135,0.18,0.202,0.000
0,6,2,198,6,MatMul_64,MatMul,static,AI_CORE,1786306885496498.400	,7.280,0.100000,22,0,NO,"""1,3072;192,64,16,16""",FLOAT16;FLOAT16,ND;FRACTAL_NZ,"""1,1024""",FLOAT16,ND,N/A,5.547,219643,0.733,0.132,0.444,0.08,1.659,0.299,4.964,0.895,3.292,0.594,0.003,0.0,0,0.0,0.0,0.0,0.0,0.0,0.0,0.0,0.0,0.0,69.840
0,6,2,199,6,InplaceAddRmsNorm_25,InplaceAddRmsNorm,static,AI_VECTOR_CORE,1786306885496505.700	,1.720,0.000000,1,0,NO,"""1,1,1024;1,1,1024;1024""",FLOAT16;FLOAT16;FLOAT16,ND;ND;ND,"""1,1,1024;1,1,1;1,1,1024""",FLOAT16;FLOAT;FLOAT16,ND;ND;ND,N/A,0.0,0,0.0,0.0,0.0,0.0,0.0,0.0,0.0,0.0,0.0,0.0,0.0,1.197,2154,0.282,0.236,0.458,0.383,0.533,0.445,0.368,0.308,0.223,0.000
0,6,2,200,6,MatMul_65,MatMul,static,AI_CORE,1786306885496507.440	,8.320,0.030000,23,0,NO,"""1,1024;64,160,16,16""",FLOAT16;FLOAT16,ND;FRACTAL_NZ,"""1,2560""",FLOAT16,ND,N/A,5.818,240849,0.527,0.091,0.657,0.113,1.145,0.197,4.903,0.843,2.979,0.512,0.001,0.0,0,0.0,0.0,0.0,0.0,0.0,0.0,0.0,0.0,0.0,67.010
0,6,2,201,6,SplitV_15,SplitVD,static,AI_VECTOR_CORE,1786306885496515.800	,1.020,0.000000,1,0,NO,"""1,1,2560""",FLOAT16,ND,"""1,1,2048;1,1,256;1,1,256""",FLOAT16;FLOAT16;FLOAT16,ND;ND;ND,N/A,0.0,0,0.0,0.0,0.0,0.0,0.0,0.0,0.0,0.0,0.0,0.0,0.0,0.508,914,0.008,0.015,0.11,0.217,0.125,0.246,0.136,0.267,0.263,0.000
0,6,2,202,6,Scatter_27,Scatter,static,AI_VECTOR_CORE,1786306885496516.840	,1.100,0.000000,2,0,NO,"""1,2,1024,128;1;1,2,1,128""",FLOAT16;INT64;FLOAT16,NCHW;NCHW;NCHW,"""1,2,1024,128""",FLOAT16,NCHW,N/A,0.0,0,0.0,0.0,0.0,0.0,0.0,0.0,0.0,0.0,0.0,0.0,0.0,0.548,1971,0.008,0.014,0.183,0.334,0.114,0.208,0.239,0.437,0.185,0.000
0,6,2,203,6,ApplyRotaryPosEmb_13,ApplyRotaryPosEmb,static,AI_VECTOR_CORE,1786306885496517.960	,2.440,0.150000,1,0,NO,"""1,1,16,128;1,1,2,128;1,1,1,128;1,1,1,128""",FLOAT16;FLOAT16;FLOAT16;FLOAT16,NCHW;NCHW;NCHW;NCHW,"""1,1,16,128;1,1,2,128""",FLOAT16;FLOAT16,NCHW;NCHW,N/A,0.0,0,0.0,0.0,0.0,0.0,0.0,0.0,0.0,0.0,0.0,0.0,0.0,1.891,3404,0.164,0.087,1.321,0.698,0.157,0.083,0.154,0.081,0.167,0.000
0,6,2,204,6,Scatter_26,Scatter,static,AI_VECTOR_CORE,1786306885496520.420	,1.280,0.060000,2,0,NO,"""1,2,1024,128;1;1,2,1,128""",FLOAT16;INT64;FLOAT16,NCHW;NCHW;NCHW,"""1,2,1024,128""",FLOAT16,NCHW,N/A,0.0,0,0.0,0.0,0.0,0.0,0.0,0.0,0.0,0.0,0.0,0.0,0.0,0.637,2293,0.008,0.012,0.119,0.186,0.115,0.181,0.278,0.436,0.2,0.000
0,6,2,205,6,PaddleGqaIncreFlashAttentionAiv_13,PaddleGqaIncreFlashAttentionAiv,static,MIX_AIV,1786306885496522.620	,13.980,0.720000,32,0,NO,"""1,16,1,128;1,2,1024,128;1,2,1024,128;1,1,1,1024""",FLOAT16;FLOAT16;FLOAT16;BOOL,NCHW;NCHW;NCHW;NCHW,"""1,16,1,128""",FLOAT16,NCHW,0,0.0,0,0.0,0.0,0.0,0.0,0.0,0.0,0.0,0.0,0.0,0.0,0.0,13.003,748997,6.031,0.464,5.791,0.445,2.977,0.229,0.337,0.026,0.003,0.000
0,6,2,206,6,MatMul_66,MatMul,static,AI_CORE,1786306885496537.700	,7.380,1.270000,22,0,NO,"""1,2048;128,64,16,16""",FLOAT16;FLOAT16,ND;FRACTAL_NZ,"""1,1024""",FLOAT16,ND,N/A,5.536,219206,0.488,0.088,0.445,0.08,1.092,0.197,4.865,0.879,3.255,0.588,0.002,0.0,0,0.0,0.0,0.0,0.0,0.0,0.0,0.0,0.0,0.0,68.756
0,6,2,207,6,InplaceAddRmsNorm_26,InplaceAddRmsNorm,static,AI_VECTOR_CORE,1786306885496545.100	,1.800,0.000000,1,0,NO,"""1,1,1024;1,1,1024;1024""",FLOAT16;FLOAT16;FLOAT16,ND;ND;ND,"""1,1,1024;1,1,1;1,1,1024""",FLOAT16;FLOAT;FLOAT16,ND;ND;ND,N/A,0.0,0,0.0,0.0,0.0,0.0,0.0,0.0,0.0,0.0,0.0,0.0,0.0,1.299,2338,0.282,0.217,0.572,0.44,0.539,0.415,0.369,0.284,0.215,0.000
0,6,2,208,6,MatMul_67,MatMul,static,AI_CORE,1786306885496546.920	,8.260,0.200000,24,0,NO,"""1,1024;64,192,16,16""",FLOAT16;FLOAT16,ND;FRACTAL_NZ,"""1,3072""",FLOAT16,ND,N/A,5.253,226930,0.538,0.102,0.895,0.17,1.285,0.245,3.884,0.739,2.048,0.39,0.0,0.0,0,0.0,0.0,0.0,0.0,0.0,0.0,0.0,0.0,0.0,63.596
0,6,2,209,6,MatMul_68,MatMul,static,AI_CORE,1786306885496555.200	,7.060,0.000000,24,0,NO,"""1,1024;64,192,16,16""",FLOAT16;FLOAT16,ND;FRACTAL_NZ,"""1,3072""",FLOAT16,ND,N/A,4.681,202227,0.538,0.115,0.454,0.097,1.29,0.276,3.768,0.805,1.972,0.421,0.0,0.0,0,0.0,0.0,0.0,0.0,0.0,0.0,0.0,0.0,0.0,66.306
0,6,2,210,6,Swish_13Mul_16,AutomaticBufferFusionOp,static,AI_VECTOR_CORE,1786306885496562.280	,1.400,0.000000,3,0,NO,"""1,1,3072;1,1,3072""",FLOAT16;FLOAT16,ND;ND,"""1,1,3072""",FLOAT16,ND,N/A,0.0,0,0.0,0.0,0.0,0.0,0.0,0.0,0.0,0.0,0.0,0.0,0.0,0.759,4096,0.163,0.215,0.124,0.163,0.139,0.183,0.133,0.176,0.202,0.000
0,6,2,211,6,MatMul_69,MatMul,static,AI_CORE,1786306885496563.700	,7.740,0.100000,22,0,NO,"""1,3072;192,64,16,16""",FLOAT16;FLOAT16,ND;FRACTAL_NZ,"""1,1024""",FLOAT16,ND,N/A,5.437,215289,0.729,0.134,0.445,0.082,1.655,0.304,4.849,0.892,2.048,0.377,0.004,0.0,0,0.0,0.0,0.0,0.0,0.0,0.0,0.0,0.0,0.0,64.387
0,6,2,212,6,InplaceAddRmsNorm_27,InplaceAddRmsNorm,static,AI_VECTOR_CORE,1786306885496571.460	,1.580,0.010000,1,0,NO,"""1,1,1024;1,1,1024;1024""",FLOAT16;FLOAT16;FLOAT16,ND;ND;ND,"""1,1,1024;1,1,1;1,1,1024""",FLOAT16;FLOAT;FLOAT16,ND;ND;ND,N/A,0.0,0,0.0,0.0,0.0,0.0,0.0,0.0,0.0,0.0,0.0,0.0,0.0,1.062,1911,0.282,0.266,0.449,0.423,0.378,0.356,0.361,0.34,0.223,0.000
0,6,2,213,6,MatMul_70,MatMul,static,AI_CORE,1786306885496573.060	,7.040,0.000000,23,0,NO,"""1,1024;64,160,16,16""",FLOAT16;FLOAT16,ND;FRACTAL_NZ,"""1,2560""",FLOAT16,ND,N/A,4.804,198885,0.527,0.11,0.88,0.183,1.141,0.238,3.403,0.708,1.821,0.379,0.001,0.0,0,0.0,0.0,0.0,0.0,0.0,0.0,0.0,0.0,0.0,65.395
0,6,2,214,6,SplitV_16,SplitVD,static,AI_VECTOR_CORE,1786306885496580.140	,1.100,0.210000,1,0,NO,"""1,1,2560""",FLOAT16,ND,"""1,1,2048;1,1,256;1,1,256""",FLOAT16;FLOAT16;FLOAT16,ND;ND;ND,N/A,0.0,0,0.0,0.0,0.0,0.0,0.0,0.0,0.0,0.0,0.0,0.0,0.0,0.629,1132,0.008,0.012,0.116,0.184,0.124,0.198,0.142,0.225,0.263,0.000
0,6,2,215,6,Scatter_29,Scatter,static,AI_VECTOR_CORE,1786306885496581.260	,1.340,0.000000,2,0,NO,"""1,2,1024,128;1;1,2,1,128""",FLOAT16;INT64;FLOAT16,NCHW;NCHW;NCHW,"""1,2,1024,128""",FLOAT16,NCHW,N/A,0.0,0,0.0,0.0,0.0,0.0,0.0,0.0,0.0,0.0,0.0,0.0,0.0,0.794,2859,0.008,0.01,0.201,0.253,0.149,0.187,0.33,0.416,0.185,0.000
0,6,2,216,6,ApplyRotaryPosEmb_14,ApplyRotaryPosEmb,static,AI_VECTOR_CORE,1786306885496582.620	,2.400,0.000000,1,0,NO,"""1,1,16,128;1,1,2,128;1,1,1,128;1,1,1,128""",FLOAT16;FLOAT16;FLOAT16;FLOAT16,NCHW;NCHW;NCHW;NCHW,"""1,1,16,128;1,1,2,128""",FLOAT16;FLOAT16,NCHW;NCHW,N/A,0.0,0,0.0,0.0,0.0,0.0,0.0,0.0,0.0,0.0,0.0,0.0,0.0,1.908,3434,0.153,0.08,1.344,0.704,0.16,0.084,0.143,0.075,0.164,0.000
0,6,2,217,6,Scatter_28,Scatter,static,AI_VECTOR_CORE,1786306885496585.040	,1.080,0.100000,2,0,NO,"""1,2,1024,128;1;1,2,1,128""",FLOAT16;INT64;FLOAT16,NCHW;NCHW;NCHW,"""1,2,1024,128""",FLOAT16,NCHW,N/A,0.0,0,0.0,0.0,0.0,0.0,0.0,0.0,0.0,0.0,0.0,0.0,0.0,0.536,1929,0.008,0.015,0.12,0.223,0.113,0.21,0.185,0.345,0.2,0.000
0,6,2,218,6,PaddleGqaIncreFlashAttentionAiv_14,PaddleGqaIncreFlashAttentionAiv,static,MIX_AIV,1786306885496587.120	,11.680,0.920000,32,0,NO,"""1,16,1,128;1,2,1024,128;1,2,1024,128;1,1,1,1024""",FLOAT16;FLOAT16;FLOAT16;BOOL,NCHW;NCHW;NCHW;NCHW,"""1,16,1,128""",FLOAT16,NCHW,0,0.0,0,0.0,0.0,0.0,0.0,0.0,0.0,0.0,0.0,0.0,0.0,0.0,10.717,617275,6.032,0.563,3.639,0.34,3.725,0.348,0.399,0.037,0.004,0.000
0,6,2,219,6,MatMul_71,MatMul,static,AI_CORE,1786306885496599.760	,7.540,1.070000,22,0,NO,"""1,2048;128,64,16,16""",FLOAT16;FLOAT16,ND;FRACTAL_NZ,"""1,1024""",FLOAT16,ND,N/A,5.782,228955,0.488,0.084,0.486,0.084,1.093,0.189,5.056,0.874,3.61,0.624,0.002,0.0,0,0.0,0.0,0.0,0.0,0.0,0.0,0.0,0.0,0.0,70.290
0,6,2,220,6,InplaceAddRmsNorm_28,InplaceAddRmsNorm,static,AI_VECTOR_CORE,1786306885496607.320	,1.480,0.000000,1,0,NO,"""1,1,1024;1,1,1024;1024""",FLOAT16;FLOAT16;FLOAT16,ND;ND;ND,"""1,1,1024;1,1,1;1,1,1024""",FLOAT16;FLOAT;FLOAT16,ND;ND;ND,N/A,0.0,0,0.0,0.0,0.0,0.0,0.0,0.0,0.0,0.0,0.0,0.0,0.0,1.044,1879,0.282,0.27,0.467,0.448,0.383,0.367,0.362,0.347,0.223,0.000
0,6,2,221,6,MatMul_72,MatMul,static,AI_CORE,1786306885496608.820	,7.460,0.020000,24,0,NO,"""1,1024;64,192,16,16""",FLOAT16;FLOAT16,ND;FRACTAL_NZ,"""1,3072""",FLOAT16,ND,N/A,5.41,233727,0.538,0.099,1.055,0.195,1.285,0.237,3.874,0.716,2.182,0.403,0.0,0.0,0,0.0,0.0,0.0,0.0,0.0,0.0,0.0,0.0,0.0,72.525
0,6,2,222,6,MatMul_73,MatMul,static,AI_CORE,1786306885496616.300	,8.620,0.040000,24,0,NO,"""1,1024;64,192,16,16""",FLOAT16;FLOAT16,ND;FRACTAL_NZ,"""1,3072""",FLOAT16,ND,N/A,6.535,282307,0.538,0.082,0.502,0.077,1.287,0.197,5.575,0.853,3.701,0.566,0.0,0.0,0,0.0,0.0,0.0,0.0,0.0,0.0,0.0,0.0,0.0,75.811
0,6,2,223,6,Swish_14Mul_17,AutomaticBufferFusionOp,static,AI_VECTOR_CORE,1786306885496624.940	,1.380,0.130000,3,0,NO,"""1,1,3072;1,1,3072""",FLOAT16;FLOAT16,ND;ND,"""1,1,3072""",FLOAT16,ND,N/A,0.0,0,0.0,0.0,0.0,0.0,0.0,0.0,0.0,0.0,0.0,0.0,0.0,0.797,4306,0.163,0.205,0.139,0.174,0.138,0.173,0.143,0.179,0.194,0.000
0,6,2,224,6,MatMul_74,MatMul,static,AI_CORE,1786306885496626.340	,7.580,0.000000,22,0,NO,"""1,3072;192,64,16,16""",FLOAT16;FLOAT16,ND;FRACTAL_NZ,"""1,1024""",FLOAT16,ND,N/A,5.812,230166,0.731,0.126,0.492,0.085,1.671,0.288,5.156,0.887,3.417,0.588,0.004,0.0,0,0.0,0.0,0.0,0.0,0.0,0.0,0.0,0.0,0.0,70.289
0,6,2,225,6,InplaceAddRmsNorm_29,InplaceAddRmsNorm,static,AI_VECTOR_CORE,1786306885496633.940	,1.900,0.170000,1,0,NO,"""1,1,1024;1,1,1024;1024""",FLOAT16;FLOAT16;FLOAT16,ND;ND;ND,"""1,1,1024;1,1,1;1,1,1024""",FLOAT16;FLOAT;FLOAT16,ND;ND;ND,N/A,0.0,0,0.0,0.0,0.0,0.0,0.0,0.0,0.0,0.0,0.0,0.0,0.0,1.417,2551,0.282,0.199,0.439,0.31,0.371,0.261,0.342,0.241,0.223,0.000
0,6,2,226,6,MatMul_75,MatMul,static,AI_CORE,1786306885496635.860	,6.600,0.000000,23,0,NO,"""1,1024;64,160,16,16""",FLOAT16;FLOAT16,ND;FRACTAL_NZ,"""1,2560""",FLOAT16,ND,N/A,4.517,186989,0.527,0.117,0.468,0.104,1.143,0.253,3.571,0.791,1.813,0.401,0.001,0.0,0,0.0,0.0,0.0,0.0,0.0,0.0,0.0,0.0,0.0,65.583
0,6,2,227,6,SplitV_17,SplitVD,static,AI_VECTOR_CORE,1786306885496642.480	,0.980,0.150000,1,0,NO,"""1,1,2560""",FLOAT16,ND,"""1,1,2048;1,1,256;1,1,256""",FLOAT16;FLOAT16;FLOAT16,ND;ND;ND,N/A,0.0,0,0.0,0.0,0.0,0.0,0.0,0.0,0.0,0.0,0.0,0.0,0.0,0.494,889,0.008,0.016,0.102,0.206,0.122,0.247,0.147,0.297,0.263,0.000
0,6,2,228,6,Scatter_31,Scatter,static,AI_VECTOR_CORE,1786306885496643.480	,1.080,0.020000,2,0,NO,"""1,2,1024,128;1;1,2,1,128""",FLOAT16;INT64;FLOAT16,NCHW;NCHW;NCHW,"""1,2,1024,128""",FLOAT16,NCHW,N/A,0.0,0,0.0,0.0,0.0,0.0,0.0,0.0,0.0,0.0,0.0,0.0,0.0,0.56,2017,0.008,0.014,0.144,0.258,0.12,0.215,0.24,0.428,0.185,0.000
0,6,2,229,6,ApplyRotaryPosEmb_15,ApplyRotaryPosEmb,static,AI_VECTOR_CORE,1786306885496644.600	,3.340,0.000000,1,0,NO,"""1,1,16,128;1,1,2,128;1,1,1,128;1,1,1,128""",FLOAT16;FLOAT16;FLOAT16;FLOAT16,NCHW;NCHW;NCHW;NCHW,"""1,1,16,128;1,1,2,128""",FLOAT16;FLOAT16,NCHW;NCHW,N/A,0.0,0,0.0,0.0,0.0,0.0,0.0,0.0,0.0,0.0,0.0,0.0,0.0,2.821,5078,0.159,0.057,1.452,0.515,0.143,0.051,0.152,0.054,0.164,0.000
0,6,2,230,6,Scatter_30,Scatter,static,AI_VECTOR_CORE,1786306885496647.960	,1.200,0.160000,2,0,NO,"""1,2,1024,128;1;1,2,1,128""",FLOAT16;INT64;FLOAT16,NCHW;NCHW;NCHW,"""1,2,1024,128""",FLOAT16,NCHW,N/A,0.0,0,0.0,0.0,0.0,0.0,0.0,0.0,0.0,0.0,0.0,0.0,0.0,0.572,2058,0.008,0.014,0.131,0.229,0.118,0.206,0.195,0.342,0.2,0.000
0,6,2,231,6,PaddleGqaIncreFlashAttentionAiv_15,PaddleGqaIncreFlashAttentionAiv,static,MIX_AIV,1786306885496650.460	,12.780,1.300000,32,0,NO,"""1,16,1,128;1,2,1024,128;1,2,1024,128;1,1,1,1024""",FLOAT16;FLOAT16;FLOAT16;BOOL,NCHW;NCHW;NCHW;NCHW,"""1,16,1,128""",FLOAT16,NCHW,0,0.0,0,0.0,0.0,0.0,0.0,0.0,0.0,0.0,0.0,0.0,0.0,0.0,11.828,681301,6.032,0.51,5.064,0.428,3.354,0.284,0.424,0.036,0.004,0.000
0,6,2,232,6,MatMul_76,MatMul,static,AI_CORE,1786306885496664.340	,6.120,0.970000,22,0,NO,"""1,2048;128,64,16,16""",FLOAT16;FLOAT16,ND;FRACTAL_NZ,"""1,1024""",FLOAT16,ND,N/A,4.131,163598,0.487,0.118,0.467,0.113,1.106,0.268,3.453,0.836,1.971,0.477,0.002,0.0,0,0.0,0.0,0.0,0.0,0.0,0.0,0.0,0.0,0.0,61.879
0,6,2,233,6,InplaceAddRmsNorm_30,InplaceAddRmsNorm,static,AI_VECTOR_CORE,1786306885496670.480	,1.600,0.130000,1,0,NO,"""1,1,1024;1,1,1024;1024""",FLOAT16;FLOAT16;FLOAT16,ND;ND;ND,"""1,1,1024;1,1,1;1,1,1024""",FLOAT16;FLOAT;FLOAT16,ND;ND;ND,N/A,0.0,0,0.0,0.0,0.0,0.0,0.0,0.0,0.0,0.0,0.0,0.0,0.0,1.073,1932,0.282,0.263,0.48,0.447,0.384,0.358,0.358,0.334,0.223,0.000
0,6,2,234,6,MatMul_77,MatMul,static,AI_CORE,1786306885496672.100	,8.260,0.000000,24,0,NO,"""1,1024;64,192,16,16""",FLOAT16;FLOAT16,ND;FRACTAL_NZ,"""1,3072""",FLOAT16,ND,N/A,5.86,253141,0.538,0.092,0.518,0.088,1.29,0.22,4.884,0.833,3.329,0.568,0.0,0.0,0,0.0,0.0,0.0,0.0,0.0,0.0,0.0,0.0,0.0,70.941
0,6,2,235,6,MatMul_78,MatMul,static,AI_CORE,1786306885496680.380	,7.440,0.240000,24,0,NO,"""1,1024;64,192,16,16""",FLOAT16;FLOAT16,ND;FRACTAL_NZ,"""1,3072""",FLOAT16,ND,N/A,4.774,206236,0.538,0.113,0.518,0.108,1.292,0.271,3.809,0.798,1.944,0.407,0.0,0.0,0,0.0,0.0,0.0,0.0,0.0,0.0,0.0,0.0,0.0,64.166
0,6,2,236,6,Swish_15Mul_18,AutomaticBufferFusionOp,static,AI_VECTOR_CORE,1786306885496687.840	,2.120,0.000000,3,0,NO,"""1,1,3072;1,1,3072""",FLOAT16;FLOAT16,ND;ND,"""1,1,3072""",FLOAT16,ND,N/A,0.0,0,0.0,0.0,0.0,0.0,0.0,0.0,0.0,0.0,0.0,0.0,0.0,1.099,5933,0.163,0.148,0.314,0.286,0.14,0.127,0.135,0.123,0.202,0.000
0,6,2,237,6,MatMul_79,MatMul,static,AI_CORE,1786306885496689.980	,7.860,0.130000,22,0,NO,"""1,3072;192,64,16,16""",FLOAT16;FLOAT16,ND;FRACTAL_NZ,"""1,1024""",FLOAT16,ND,N/A,5.599,221711,0.732,0.131,0.731,0.131,1.66,0.296,4.956,0.885,2.102,0.375,0.004,0.0,0,0.0,0.0,0.0,0.0,0.0,0.0,0.0,0.0,0.0,65.295
0,6,2,238,6,InplaceAddRmsNorm_31,InplaceAddRmsNorm,static,AI_VECTOR_CORE,1786306885496697.860	,1.640,0.000000,1,0,NO,"""1,1,1024;1,1,1024;1024""",FLOAT16;FLOAT16;FLOAT16,ND;ND;ND,"""1,1,1024;1,1,1;1,1,1024""",FLOAT16;FLOAT;FLOAT16,ND;ND;ND,N/A,0.0,0,0.0,0.0,0.0,0.0,0.0,0.0,0.0,0.0,0.0,0.0,0.0,1.08,1944,0.282,0.261,0.446,0.413,0.376,0.348,0.382,0.353,0.223,0.000
0,6,2,239,6,MatMul_80,MatMul,static,AI_CORE,1786306885496699.520	,6.840,0.110000,23,0,NO,"""1,1024;64,160,16,16""",FLOAT16;FLOAT16,ND;FRACTAL_NZ,"""1,2560""",FLOAT16,ND,N/A,4.412,182676,0.527,0.12,0.492,0.111,1.141,0.259,3.442,0.78,1.779,0.403,0.001,0.0,0,0.0,0.0,0.0,0.0,0.0,0.0,0.0,0.0,0.0,61.822
0,6,2,240,6,SplitV_18,SplitVD,static,AI_VECTOR_CORE,1786306885496706.400	,0.980,0.160000,1,0,NO,"""1,1,2560""",FLOAT16,ND,"""1,1,2048;1,1,256;1,1,256""",FLOAT16;FLOAT16;FLOAT16,ND;ND;ND,N/A,0.0,0,0.0,0.0,0.0,0.0,0.0,0.0,0.0,0.0,0.0,0.0,0.0,0.531,955,0.008,0.015,0.129,0.244,0.127,0.24,0.146,0.274,0.263,0.000
0,6,2,241,6,Scatter_33,Scatter,static,AI_VECTOR_CORE,1786306885496707.400	,1.160,0.020000,2,0,NO,"""1,2,1024,128;1;1,2,1,128""",FLOAT16;INT64;FLOAT16,NCHW;NCHW;NCHW,"""1,2,1024,128""",FLOAT16,NCHW,N/A,0.0,0,0.0,0.0,0.0,0.0,0.0,0.0,0.0,0.0,0.0,0.0,0.0,0.636,2290,0.008,0.012,0.154,0.243,0.108,0.169,0.313,0.492,0.175,0.000
0,6,2,242,6,ApplyRotaryPosEmb_16,ApplyRotaryPosEmb,static,AI_VECTOR_CORE,1786306885496708.580	,2.400,0.000000,1,0,NO,"""1,1,16,128;1,1,2,128;1,1,1,128;1,1,1,128""",FLOAT16;FLOAT16;FLOAT16;FLOAT16,NCHW;NCHW;NCHW;NCHW,"""1,1,16,128;1,1,2,128""",FLOAT16;FLOAT16,NCHW;NCHW,N/A,0.0,0,0.0,0.0,0.0,0.0,0.0,0.0,0.0,0.0,0.0,0.0,0.0,1.924,3463,0.153,0.079,1.376,0.715,0.215,0.112,0.14,0.073,0.164,0.000
0,6,2,243,6,Scatter_32,Scatter,static,AI_VECTOR_CORE,1786306885496711.000	,1.140,0.100000,2,0,NO,"""1,2,1024,128;1;1,2,1,128""",FLOAT16;INT64;FLOAT16,NCHW;NCHW;NCHW,"""1,2,1024,128""",FLOAT16,NCHW,N/A,0.0,0,0.0,0.0,0.0,0.0,0.0,0.0,0.0,0.0,0.0,0.0,0.0,0.589,2119,0.008,0.013,0.178,0.303,0.114,0.194,0.188,0.32,0.2,0.000
0,6,2,244,6,PaddleGqaIncreFlashAttentionAiv_16,PaddleGqaIncreFlashAttentionAiv,static,MIX_AIV,1786306885496713.200	,13.120,1.110000,32,0,NO,"""1,16,1,128;1,2,1024,128;1,2,1024,128;1,1,1,1024""",FLOAT16;FLOAT16;FLOAT16;BOOL,NCHW;NCHW;NCHW;NCHW,"""1,16,1,128""",FLOAT16,NCHW,0,0.0,0,0.0,0.0,0.0,0.0,0.0,0.0,0.0,0.0,0.0,0.0,0.0,12.214,703546,6.031,0.494,5.13,0.42,3.19,0.261,0.393,0.032,0.003,0.000
0,6,2,245,6,MatMul_81,MatMul,static,AI_CORE,1786306885496727.100	,6.480,0.630000,22,0,NO,"""1,2048;128,64,16,16""",FLOAT16;FLOAT16,ND;FRACTAL_NZ,"""1,1024""",FLOAT16,ND,N/A,4.232,167594,0.489,0.116,1.091,0.258,1.102,0.26,2.993,0.707,2.006,0.474,0.002,0.0,0,0.0,0.0,0.0,0.0,0.0,0.0,0.0,0.0,0.0,59.869
0,6,2,246,6,InplaceAddRmsNorm_32,InplaceAddRmsNorm,static,AI_VECTOR_CORE,1786306885496733.600	,1.560,0.020000,1,0,NO,"""1,1,1024;1,1,1024;1024""",FLOAT16;FLOAT16;FLOAT16,ND;ND;ND,"""1,1,1024;1,1,1;1,1,1024""",FLOAT16;FLOAT;FLOAT16,ND;ND;ND,N/A,0.0,0,0.0,0.0,0.0,0.0,0.0,0.0,0.0,0.0,0.0,0.0,0.0,1.04,1872,0.282,0.271,0.456,0.438,0.374,0.36,0.351,0.337,0.223,0.000
0,6,2,247,6,MatMul_82,MatMul,static,AI_CORE,1786306885496735.180	,9.580,0.190000,24,0,NO,"""1,1024;64,192,16,16""",FLOAT16;FLOAT16,ND;FRACTAL_NZ,"""1,3072""",FLOAT16,ND,N/A,7.002,302487,0.538,0.077,0.523,0.075,1.292,0.184,6.027,0.861,4.315,0.616,0.0,0.0,0,0.0,0.0,0.0,0.0,0.0,0.0,0.0,0.0,0.0,73.090
0,6,2,248,6,MatMul_83,MatMul,static,AI_CORE,1786306885496744.780	,7.340,0.000000,24,0,NO,"""1,1024;64,192,16,16""",FLOAT16;FLOAT16,ND;FRACTAL_NZ,"""1,3072""",FLOAT16,ND,N/A,4.918,212460,0.538,0.109,0.519,0.105,1.291,0.263,3.947,0.803,1.979,0.402,0.0,0.0,0,0.0,0.0,0.0,0.0,0.0,0.0,0.0,0.0,0.0,67.003
0,6,2,249,6,Swish_16Mul_19,AutomaticBufferFusionOp,static,AI_VECTOR_CORE,1786306885496752.140	,1.540,0.160000,3,0,NO,"""1,1,3072;1,1,3072""",FLOAT16;FLOAT16,ND;ND,"""1,1,3072""",FLOAT16,ND,N/A,0.0,0,0.0,0.0,0.0,0.0,0.0,0.0,0.0,0.0,0.0,0.0,0.0,0.86,4642,0.163,0.19,0.129,0.15,0.137,0.16,0.143,0.166,0.167,0.000
0,6,2,250,6,MatMul_84,MatMul,static,AI_CORE,1786306885496753.700	,7.480,0.000000,22,0,NO,"""1,3072;192,64,16,16""",FLOAT16;FLOAT16,ND;FRACTAL_NZ,"""1,1024""",FLOAT16,ND,N/A,5.624,222725,0.73,0.13,1.009,0.179,1.655,0.294,4.49,0.798,2.1,0.373,0.004,0.0,0,0.0,0.0,0.0,0.0,0.0,0.0,0.0,0.0,0.0,68.926
0,6,2,251,6,InplaceAddRmsNorm_33,InplaceAddRmsNorm,static,AI_VECTOR_CORE,1786306885496761.200	,1.580,0.020000,1,0,NO,"""1,1,1024;1,1,1024;1024""",FLOAT16;FLOAT16;FLOAT16,ND;ND;ND,"""1,1,1024;1,1,1;1,1,1024""",FLOAT16;FLOAT;FLOAT16,ND;ND;ND,N/A,0.0,0,0.0,0.0,0.0,0.0,0.0,0.0,0.0,0.0,0.0,0.0,0.0,1.045,1881,0.282,0.27,0.454,0.435,0.373,0.357,0.356,0.341,0.215,0.000
0,6,2,252,6,MatMul_85,MatMul,static,AI_CORE,1786306885496762.820	,6.720,0.000000,23,0,NO,"""1,1024;64,160,16,16""",FLOAT16;FLOAT16,ND;FRACTAL_NZ,"""1,2560""",FLOAT16,ND,N/A,4.474,185231,0.527,0.118,0.525,0.117,1.143,0.255,3.473,0.776,1.815,0.406,0.001,0.0,0,0.0,0.0,0.0,0.0,0.0,0.0,0.0,0.0,0.0,63.806
0,6,2,253,6,SplitV_19,SplitVD,static,AI_VECTOR_CORE,1786306885496769.560	,1.060,0.030000,1,0,NO,"""1,1,2560""",FLOAT16,ND,"""1,1,2048;1,1,256;1,1,256""",FLOAT16;FLOAT16;FLOAT16,ND;ND;ND,N/A,0.0,0,0.0,0.0,0.0,0.0,0.0,0.0,0.0,0.0,0.0,0.0,0.0,0.509,916,0.008,0.015,0.139,0.273,0.129,0.253,0.153,0.3,0.263,0.000
0,6,2,254,6,Scatter_35,Scatter,static,AI_VECTOR_CORE,1786306885496770.640	,1.140,0.190000,2,0,NO,"""1,2,1024,128;1;1,2,1,128""",FLOAT16;INT64;FLOAT16,NCHW;NCHW;NCHW,"""1,2,1024,128""",FLOAT16,NCHW,N/A,0.0,0,0.0,0.0,0.0,0.0,0.0,0.0,0.0,0.0,0.0,0.0,0.0,0.582,2095,0.008,0.013,0.137,0.235,0.126,0.217,0.211,0.363,0.185,0.000
0,6,2,255,6,ApplyRotaryPosEmb_17,ApplyRotaryPosEmb,static,AI_VECTOR_CORE,1786306885496771.820	,2.340,0.000000,1,0,NO,"""1,1,16,128;1,1,2,128;1,1,1,128;1,1,1,128""",FLOAT16;FLOAT16;FLOAT16;FLOAT16,NCHW;NCHW;NCHW;NCHW,"""1,1,16,128;1,1,2,128""",FLOAT16;FLOAT16,NCHW;NCHW,N/A,0.0,0,0.0,0.0,0.0,0.0,0.0,0.0,0.0,0.0,0.0,0.0,0.0,1.784,3212,0.153,0.086,1.188,0.666,0.163,0.092,0.149,0.084,0.157,0.000
0,6,2,256,6,Scatter_34,Scatter,static,AI_VECTOR_CORE,1786306885496774.180	,1.420,0.160000,2,0,NO,"""1,2,1024,128;1;1,2,1,128""",FLOAT16;INT64;FLOAT16,NCHW;NCHW;NCHW,"""1,2,1024,128""",FLOAT16,NCHW,N/A,0.0,0,0.0,0.0,0.0,0.0,0.0,0.0,0.0,0.0,0.0,0.0,0.0,0.723,2601,0.008,0.011,0.191,0.264,0.125,0.173,0.282,0.39,0.2,0.000
0,6,2,257,6,PaddleGqaIncreFlashAttentionAiv_17,PaddleGqaIncreFlashAttentionAiv,static,MIX_AIV,1786306885496776.540	,11.960,0.830000,32,0,NO,"""1,16,1,128;1,2,1024,128;1,2,1024,128;1,1,1,1024""",FLOAT16;FLOAT16;FLOAT16;BOOL,NCHW;NCHW;NCHW;NCHW,"""1,16,1,128""",FLOAT16,NCHW,0,0.0,0,0.0,0.0,0.0,0.0,0.0,0.0,0.0,0.0,0.0,0.0,0.0,11.034,635542,6.031,0.547,3.53,0.32,3.698,0.335,0.406,0.037,0.003,0.000
0,6,2,258,6,MatMul_86,MatMul,static,AI_CORE,1786306885496789.220	,6.540,0.790000,22,0,NO,"""1,2048;128,64,16,16""",FLOAT16;FLOAT16,ND;FRACTAL_NZ,"""1,1024""",FLOAT16,ND,N/A,4.422,175095,0.488,0.11,0.87,0.197,1.102,0.249,3.324,0.752,2.035,0.46,0.002,0.0,0,0.0,0.0,0.0,0.0,0.0,0.0,0.0,0.0,0.0,61.974
0,6,2,259,6,InplaceAddRmsNorm_34,InplaceAddRmsNorm,static,AI_VECTOR_CORE,1786306885496795.780	,1.680,0.000000,1,0,NO,"""1,1,1024;1,1,1024;1024""",FLOAT16;FLOAT16;FLOAT16,ND;ND;ND,"""1,1,1024;1,1,1;1,1,1024""",FLOAT16;FLOAT;FLOAT16,ND;ND;ND,N/A,0.0,0,0.0,0.0,0.0,0.0,0.0,0.0,0.0,0.0,0.0,0.0,0.0,1.099,1979,0.282,0.257,0.467,0.424,0.378,0.344,0.37,0.337,0.223,0.000
0,6,2,260,6,MatMul_87,MatMul,static,AI_CORE,1786306885496797.480	,7.440,0.070000,24,0,NO,"""1,1024;64,192,16,16""",FLOAT16;FLOAT16,ND;FRACTAL_NZ,"""1,3072""",FLOAT16,ND,N/A,5.452,235527,0.538,0.099,0.44,0.081,1.288,0.236,4.562,0.837,3.743,0.687,0.0,0.0,0,0.0,0.0,0.0,0.0,0.0,0.0,0.0,0.0,0.0,73.280
0,6,2,261,6,MatMul_88,MatMul,static,AI_CORE,1786306885496804.940	,9.380,0.060000,24,0,NO,"""1,1024;64,192,16,16""",FLOAT16;FLOAT16,ND;FRACTAL_NZ,"""1,3072""",FLOAT16,ND,N/A,6.813,294330,0.538,0.079,0.437,0.064,1.29,0.189,5.926,0.87,4.233,0.621,0.0,0.0,0,0.0,0.0,0.0,0.0,0.0,0.0,0.0,0.0,0.0,72.635
0,6,2,262,6,Swish_17Mul_20,AutomaticBufferFusionOp,static,AI_VECTOR_CORE,1786306885496814.360	,1.400,0.000000,3,0,NO,"""1,1,3072;1,1,3072""",FLOAT16;FLOAT16,ND;ND,"""1,1,3072""",FLOAT16,ND,N/A,0.0,0,0.0,0.0,0.0,0.0,0.0,0.0,0.0,0.0,0.0,0.0,0.0,0.82,4426,0.163,0.199,0.145,0.176,0.142,0.173,0.144,0.176,0.167,0.000
0,6,2,263,6,MatMul_89,MatMul,static,AI_CORE,1786306885496815.780	,7.280,0.100000,22,0,NO,"""1,3072;192,64,16,16""",FLOAT16;FLOAT16,ND;FRACTAL_NZ,"""1,1024""",FLOAT16,ND,N/A,5.447,215705,0.731,0.134,0.431,0.079,1.665,0.306,4.863,0.893,2.086,0.383,0.003,0.0,0,0.0,0.0,0.0,0.0,0.0,0.0,0.0,0.0,0.0,68.588
0,6,2,264,6,InplaceAddRmsNorm_35,InplaceAddRmsNorm,static,AI_VECTOR_CORE,1786306885496823.080	,1.920,0.000000,1,0,NO,"""1,1,1024;1,1,1024;1024""",FLOAT16;FLOAT16;FLOAT16,ND;ND;ND,"""1,1,1024;1,1,1;1,1,1024""",FLOAT16;FLOAT;FLOAT16,ND;ND;ND,N/A,0.0,0,0.0,0.0,0.0,0.0,0.0,0.0,0.0,0.0,0.0,0.0,0.0,1.416,2549,0.282,0.199,0.521,0.368,0.555,0.392,0.409,0.289,0.215,0.000
0,6,2,265,6,MatMul_90,MatMul,static,AI_CORE,1786306885496825.020	,170.100,0.080000,24,0,NO,"""1,1024;64,6464,16,16""",FLOAT16;FLOAT16,ND;FRACTAL_NZ,"""1,103424""",FLOAT16,ND,N/A,149.1,6441138,18.105,0.121,3.267,0.022,44.768,0.3,145.836,0.978,37.087,0.249,0.02,0.0,0,0.0,0.0,0.0,0.0,0.0,0.0,0.0,0.0,0.0,87.655
0,6,4294967295,1327,3,aclnnInplaceZero_ZerosLikeAiCore_ZerosLike,ZerosLike,dynamic,AI_VECTOR_CORE,1786306885497009.080	,2.080,13.900000,1,0,NO,"""1""",BOOL,ND,"""1""",BOOL,ND,N/A,0.0,0,0.0,0.0,0.0,0.0,0.0,0.0,0.0,0.0,0.0,0.0,0.0,1.572,2829,0.028,0.018,0.652,0.415,0.001,0.001,0.233,0.148,0.189,0.000
0,6,4294967295,1328,3,aclnnInplaceCopy_CastAiCore_Cast,Cast,dynamic,AI_VECTOR_CORE,1786306885497011.180	,8.640,0.170000,48,0,NO,"""1,103424""",FLOAT16,ND,"""1,103424""",FLOAT,ND,N/A,0.0,0,0.0,0.0,0.0,0.0,0.0,0.0,0.0,0.0,0.0,0.0,0.0,5.748,496660,0.041,0.007,0.426,0.074,0.639,0.111,1.002,0.174,0.216,0.000
0,6,4294967295,1329,3,aclnnArgMax_ArgMaxV2AiCore_ArgMaxV2,ArgMaxV2,dynamic,AI_VECTOR_CORE,1786306885497019.840	,13.860,0.000000,1,0,NO,"""1,103424;""",FLOAT;INT64,ND;ND,"""1""",INT32,ND,N/A,0.0,0,0.0,0.0,0.0,0.0,0.0,0.0,0.0,0.0,0.0,0.0,0.0,13.352,24034,7.388,0.553,1.806,0.135,3.67,0.275,0.094,0.007,0.063,0.000
0,6,4294967295,1330,3,aclnnArgMax_CastAiCore_Cast,Cast,dynamic,AI_VECTOR_CORE,1786306885497033.720	,1.400,0.140000,1,0,NO,"""1""",INT32,ND,"""1""",INT64,ND,N/A,0.0,0,0.0,0.0,0.0,0.0,0.0,0.0,0.0,0.0,0.0,0.0,0.0,0.869,1564,0.026,0.03,0.249,0.286,0.25,0.288,0.112,0.129,0.197,0.000
0,6,4294967295,1331,3,aclnnInplaceCopy_CastAiCore_Cast,Cast,dynamic,AI_VECTOR_CORE,1786306885497035.140	,3.000,0.100000,48,0,NO,"""1,103424""",FLOAT16,ND,"""1,103424""",FLOAT,ND,N/A,0.0,0,0.0,0.0,0.0,0.0,0.0,0.0,0.0,0.0,0.0,0.0,0.0,1.341,115846,0.041,0.031,0.865,0.645,0.186,0.139,0.22,0.164,0.0,0.000
0,6,4294967295,1332,3,aclnnArgMax_ArgMaxV2AiCore_ArgMaxV2,ArgMaxV2,dynamic,AI_VECTOR_CORE,1786306885497219.000	,13.540,180.750000,1,0,NO,"""1,103424;""",FLOAT;INT64,ND;ND,"""1""",INT32,ND,N/A,0.0,0,0.0,0.0,0.0,0.0,0.0,0.0,0.0,0.0,0.0,0.0,0.0,13.032,23458,7.388,0.567,1.802,0.138,3.647,0.28,0.119,0.009,0.058,0.000
0,6,4294967295,1333,3,aclnnArgMax_CastAiCore_Cast,Cast,dynamic,AI_VECTOR_CORE,1786306885497232.560	,1.340,0.000000,1,0,NO,"""1""",INT32,ND,"""1""",INT64,ND,N/A,0.0,0,0.0,0.0,0.0,0.0,0.0,0.0,0.0,0.0,0.0,0.0,0.0,0.798,1437,0.026,0.033,0.272,0.34,0.279,0.349,0.1,0.125,0.181,0.000
0,6,4294967295,1334,3,aclnnInplaceZero_ZerosLikeAiCore_ZerosLike,ZerosLike,dynamic,AI_VECTOR_CORE,1786306885497371.440	,1.400,137.660000,1,0,NO,"""1""",BOOL,ND,"""1""",BOOL,ND,N/A,0.0,0,0.0,0.0,0.0,0.0,0.0,0.0,0.0,0.0,0.0,0.0,0.0,0.867,1560,0.028,0.032,0.275,0.317,0.001,0.001,0.091,0.104,0.242,0.000
0,6,4294967295,1335,3,aclnnBitwiseOrTensor_LogicalOrAiCore_LogicalOr,LogicalOr,dynamic,AI_VECTOR_CORE,1786306885497489.960	,1.660,117.100000,1,0,NO,"""1;1""",BOOL;BOOL,ND;ND,"""1""",BOOL,ND,N/A,0.0,0,0.0,0.0,0.0,0.0,0.0,0.0,0.0,0.0,0.0,0.0,0.0,1.124,2024,0.066,0.059,0.281,0.25,0.454,0.404,0.13,0.116,0.176,0.000
0,6,4294967295,1338,3,aclnnInplaceFillScalar_FillAiCore_Fill,Fill,dynamic,AI_VECTOR_CORE,1786306885498278.780	,1.580,787.090000,1,0,NO,"""2;""",INT64;INT64,ND;ND,"""1,1""",INT64,ND,N/A,0.0,0,0.0,0.0,0.0,0.0,0.0,0.0,0.0,0.0,0.0,0.0,0.0,1.042,1875,0.049,0.047,0.332,0.319,0.285,0.274,0.114,0.11,0.163,0.000
0,6,4294967295,1339,3,aclnnSWhere_SelectV2AiCore_SelectV2,SelectV2,dynamic,AI_VECTOR_CORE,1786306885498364.200	,2.440,83.920000,1,0,NO,"""1,1;1,1;1,1""",BOOL;INT64;INT64,ND;ND;ND,"""1,1""",INT64,ND,N/A,0.0,0,0.0,0.0,0.0,0.0,0.0,0.0,0.0,0.0,0.0,0.0,0.0,1.874,3374,0.193,0.103,0.472,0.252,0.597,0.319,0.105,0.056,0.168,0.000
0,6,4294967295,1340,3,aclnnAdds_AddAiCore_Add,Add,dynamic,AI_VECTOR_CORE,1786306885498496.660	,3.140,130.060000,1,0,NO,"""1;""",INT64;INT64,ND;ND,"""1""",INT64,ND,N/A,0.0,0,0.0,0.0,0.0,0.0,0.0,0.0,0.0,0.0,0.0,0.0,0.0,2.554,4597,0.293,0.115,0.516,0.202,0.526,0.206,0.12,0.047,0.216,0.000
0,6,4294967295,1341,3,aclnnInplaceZero_ZerosLikeAiCore_ZerosLike,ZerosLike,dynamic,AI_VECTOR_CORE,1786306885498610.420	,2.240,110.610000,1,0,NO,"""1""",INT64,ND,"""1""",INT64,ND,N/A,0.0,0,0.0,0.0,0.0,0.0,0.0,0.0,0.0,0.0,0.0,0.0,0.0,1.772,3189,0.063,0.036,0.322,0.182,0.001,0.001,0.295,0.167,0.297,0.000
0,6,4294967295,1342,3,aclnnSWhere_SelectV2AiCore_SelectV2,SelectV2,dynamic,AI_VECTOR_CORE,1786306885498688.980	,1.720,76.260000,1,0,NO,"""1;1;1""",BOOL;INT64;INT64,ND;ND;ND,"""1""",INT64,ND,N/A,0.0,0,0.0,0.0,0.0,0.0,0.0,0.0,0.0,0.0,0.0,0.0,0.0,1.248,2247,0.193,0.155,0.494,0.396,0.309,0.248,0.108,0.086,0.145,0.000
0,6,2,1345,3,UpdateModelParam_static_bin,Data,dynamic,AI_VECTOR_CORE,1786306885500261.280	,3.980,1570.530000,1,0,NO,N/A,N/A,N/A,N/A,N/A,N/A,N/A,0.0,0,0.0,0.0,0.0,0.0,0.0,0.0,0.0,0.0,0.0,0.0,0.0,3.483,6270,0.979,0.281,1.656,0.475,0.787,0.226,0.179,0.051,0.158,0.000
0,6,2,0,6,Range,Range,static,AI_VECTOR_CORE,1786306885500295.800	,9.040,30.520000,48,0,NO,""";;""",INT32;FLOAT;INT32,NCHW;NCHW;NCHW,"""1024""",FLOAT,NCHW,N/A,0.0,0,0.0,0.0,0.0,0.0,0.0,0.0,0.0,0.0,0.0,0.0,0.0,6.825,589679,0.071,0.01,3.161,0.463,0.001,0.0,0.217,0.032,0.23,0.000
0,6,2,1,6,Cast,Cast,static,AI_VECTOR_CORE,1786306885500304.860	,1.280,0.000000,2,0,NO,"""1024""",FLOAT,NCHW,"""1024""",INT64,NCHW,N/A,0.0,0,0.0,0.0,0.0,0.0,0.0,0.0,0.0,0.0,0.0,0.0,0.0,0.677,2438,0.031,0.046,0.111,0.164,0.117,0.173,0.133,0.197,0.28,0.000
0,6,2,2,6,GatherV2,GatherV2,static,AI_VECTOR_CORE,1786306885500306.160	,7.400,0.220000,47,0,NO,"""103424,1024;1,1;1""",FLOAT16;INT64;INT64,ND;ND;ND,"""1,1,1024""",FLOAT16,ND,N/A,0.0,0,0.0,0.0,0.0,0.0,0.0,0.0,0.0,0.0,0.0,0.0,0.0,3.675,310912,0.049,0.013,0.161,0.044,0.347,0.094,0.143,0.039,0.196,0.000
0,6,2,3,6,RmsNorm,RmsNorm,static,AI_VECTOR_CORE,1786306885500313.580	,5.240,0.000000,1,0,NO,"""1,1,1024;1024""",FLOAT16;FLOAT16,ND;ND,"""1,1,1024;1,1,1""",FLOAT16;FLOAT,ND;ND,N/A,0.0,0,0.0,0.0,0.0,0.0,0.0,0.0,0.0,0.0,0.0,0.0,0.0,4.726,8507,0.803,0.17,2.023,0.428,0.353,0.075,0.221,0.047,0.184,0.000
0,6,2,4,6,MatMul,MatMul,static,AI_CORE,1786306885500318.860	,7.200,0.010000,23,0,NO,"""1,1024;64,160,16,16""",FLOAT16;FLOAT16,ND;FRACTAL_NZ,"""1,2560""",FLOAT16,ND,N/A,5.365,222108,0.527,0.098,0.171,0.032,1.136,0.212,2.749,0.512,2.036,0.38,0.243,0.0,0,0.0,0.0,0.0,0.0,0.0,0.0,0.0,0.0,0.0,71.408
0,6,2,5,6,SplitV_2,SplitVD,static,AI_VECTOR_CORE,1786306885500326.100	,1.080,0.050000,1,0,NO,"""1,1,2560""",FLOAT16,ND,"""1,1,2048;1,1,256;1,1,256""",FLOAT16;FLOAT16;FLOAT16,ND;ND;ND,N/A,0.0,0,0.0,0.0,0.0,0.0,0.0,0.0,0.0,0.0,0.0,0.0,0.0,0.602,1084,0.008,0.013,0.147,0.244,0.123,0.204,0.145,0.241,0.263,0.000
0,6,2,6,6,Add,Add,static,AI_VECTOR_CORE,1786306885500327.200	,1.380,0.170000,1,0,NO,"""1,1;1,1""",INT64;INT64,NCHW;NCHW,"""1,1""",INT64,NCHW,N/A,0.0,0,0.0,0.0,0.0,0.0,0.0,0.0,0.0,0.0,0.0,0.0,0.0,0.881,1585,0.082,0.093,0.17,0.193,0.299,0.34,0.117,0.133,0.156,0.000
0,6,2,7,6,BroadcastTo,BroadcastTo,static,AI_VECTOR_CORE,1786306885500328.600	,1.220,0.000000,1,0,NO,"""1,1,1;3""",INT64;INT64,NCHW;NCHW,"""3,1,1""",INT64,NCHW,N/A,0.0,0,0.0,0.0,0.0,0.0,0.0,0.0,0.0,0.0,0.0,0.0,0.0,0.718,1293,0.082,0.114,0.177,0.247,0.091,0.127,0.124,0.172,0.167,0.000
0,6,2,8,6,Cast_1,Cast,static,AI_VECTOR_CORE,1786306885500329.840	,1.180,0.030000,1,0,NO,"""3,1,1,1""",INT64,NCHW,"""3,1,1,1""",FLOAT,NCHW,N/A,0.0,0,0.0,0.0,0.0,0.0,0.0,0.0,0.0,0.0,0.0,0.0,0.0,0.663,1194,0.058,0.088,0.142,0.214,0.108,0.162,0.113,0.17,0.185,0.000
0,6,2,9,6,Scatter_1,Scatter,static,AI_VECTOR_CORE,1786306885500331.060	,1.260,0.070000,2,0,NO,"""1,2,1024,128;1;1,2,1,128""",FLOAT16;INT64;FLOAT16,NCHW;NCHW;NCHW,"""1,2,1024,128""",FLOAT16,NCHW,N/A,0.0,0,0.0,0.0,0.0,0.0,0.0,0.0,0.0,0.0,0.0,0.0,0.0,0.666,2398,0.008,0.012,0.132,0.198,0.108,0.162,0.115,0.172,0.214,0.000
0,6,2,10,6,BroadcastTo_1,BroadcastTo,static,AI_VECTOR_CORE,1786306885500332.360	,1.280,0.000000,1,0,NO,"""1,1,64,1;4""",FLOAT;INT64,NCHW;NCHW,"""3,1,64,1""",FLOAT,NCHW,N/A,0.0,0,0.0,0.0,0.0,0.0,0.0,0.0,0.0,0.0,0.0,0.0,0.0,0.826,1486,0.018,0.022,0.135,0.164,0.323,0.391,0.129,0.157,0.238,0.000
0,6,2,11,6,Mul,Mul,static,AI_VECTOR_CORE,1786306885500333.680	,1.100,0.220000,1,0,NO,"""3,1,64,1;3,1,1,1""",FLOAT;FLOAT,NCHW;NCHW,"""3,1,64,1""",FLOAT,NCHW,N/A,0.0,0,0.0,0.0,0.0,0.0,0.0,0.0,0.0,0.0,0.0,0.0,0.0,0.613,1104,0.042,0.068,0.116,0.189,0.116,0.188,0.122,0.198,0.217,0.000
0,6,2,12,6,ConcatV2,ConcatV2D,static,AI_VECTOR_CORE,1786306885500334.800	,3.880,0.000000,1,0,NO,"""3,1,1,64;3,1,1,64""",FLOAT;FLOAT,NCHW;NCHW,"""3,1,1,128""",FLOAT,NCHW,N/A,0.0,0,0.0,0.0,0.0,0.0,0.0,0.0,0.0,0.0,0.0,0.0,0.0,3.375,6075,2.717,0.805,0.207,0.061,0.138,0.041,0.139,0.041,0.186,0.000
0,6,2,13,6,Cos,Cos,static,AI_VECTOR_CORE,1786306885500338.700	,1.860,0.120000,1,0,NO,"""3,1,1,128""",FLOAT,NCHW,"""3,1,1,128""",FLOAT,NCHW,N/A,0.0,0,0.0,0.0,0.0,0.0,0.0,0.0,0.0,0.0,0.0,0.0,0.0,1.337,2406,0.652,0.488,0.167,0.125,0.113,0.085,0.128,0.096,0.175,0.000
0,6,2,14,6,Mul_1Cast_5,Mul,static,AI_VECTOR_CORE,1786306885500340.580	,1.280,0.000000,1,0,NO,"""3,1,1,128;""",FLOAT;FLOAT,NCHW;NCHW,"""3,1,1,128""",FLOAT16,NCHW,N/A,0.0,0,0.0,0.0,0.0,0.0,0.0,0.0,0.0,0.0,0.0,0.0,0.0,0.738,1328,0.033,0.045,0.141,0.191,0.199,0.27,0.133,0.18,0.208,0.000
0,6,2,15,6,Sin,Sin,static,AI_VECTOR_CORE,1786306885500341.880	,1.840,0.220000,1,0,NO,"""3,1,1,128""",FLOAT,NCHW,"""3,1,1,128""",FLOAT,NCHW,N/A,0.0,0,0.0,0.0,0.0,0.0,0.0,0.0,0.0,0.0,0.0,0.0,0.0,1.293,2327,0.612,0.473,0.159,0.123,0.111,0.086,0.131,0.101,0.2,0.000
0,6,2,16,6,Mul_2Cast_6,Mul,static,AI_VECTOR_CORE,1786306885500343.740	,1.100,0.000000,1,0,NO,"""3,1,1,128;""",FLOAT;FLOAT,NCHW;NCHW,"""3,1,1,128""",FLOAT16,NCHW,N/A,0.0,0,0.0,0.0,0.0,0.0,0.0,0.0,0.0,0.0,0.0,0.0,0.0,0.549,988,0.033,0.061,0.129,0.236,0.111,0.201,0.136,0.247,0.208,0.000
0,6,2,17,6,SplitV,SplitVD,static,AI_VECTOR_CORE,1786306885500344.860	,4.080,0.000000,1,0,NO,"""3,1,1,128""",FLOAT16,NCHW,"""3,1,1,16;3,1,1,24;3,1,1,24;3,1,1,16;3,1,1,24;3,1,1,24""",FLOAT16;FLOAT16;FLOAT16;FLOAT16;FLOAT16;FLOAT16,NCHW;NCHW;NCHW;NCHW;NCHW;NCHW,N/A,0.0,0,0.0,0.0,0.0,0.0,0.0,0.0,0.0,0.0,0.0,0.0,0.0,3.523,6341,2.234,0.634,0.371,0.105,0.118,0.033,0.943,0.268,0.177,0.000
0,6,2,18,6,GatherV2_1,GatherV2,static,AI_VECTOR_CORE,1786306885500348.960	,1.340,0.170000,1,0,NO,"""3,1,1,16;;1""",FLOAT16;INT64;INT64,NCHW;NCHW;NCHW,"""1,1,16""",FLOAT16,NCHW,N/A,0.0,0,0.0,0.0,0.0,0.0,0.0,0.0,0.0,0.0,0.0,0.0,0.0,0.798,1436,0.057,0.071,0.169,0.212,0.206,0.258,0.124,0.156,0.182,0.000
0,6,2,19,6,GatherV2_4,GatherV2,static,AI_VECTOR_CORE,1786306885500350.340	,1.180,0.000000,1,0,NO,"""3,1,1,16;;1""",FLOAT16;INT64;INT64,NCHW;NCHW;NCHW,"""1,1,16""",FLOAT16,NCHW,N/A,0.0,0,0.0,0.0,0.0,0.0,0.0,0.0,0.0,0.0,0.0,0.0,0.0,0.626,1126,0.057,0.091,0.205,0.328,0.109,0.174,0.105,0.168,0.182,0.000
0,6,2,20,6,GatherV2_2,GatherV2,static,AI_VECTOR_CORE,1786306885500351.560	,2.020,0.070000,1,0,NO,"""3,1,1,24;;1""",FLOAT16;INT64;INT64,NCHW;NCHW;NCHW,"""1,1,24""",FLOAT16,NCHW,N/A,0.0,0,0.0,0.0,0.0,0.0,0.0,0.0,0.0,0.0,0.0,0.0,0.0,1.444,2600,0.418,0.289,0.306,0.212,0.308,0.213,0.123,0.085,0.195,0.000
0,6,2,21,6,GatherV2_3,GatherV2,static,AI_VECTOR_CORE,1786306885500353.600	,1.840,0.000000,1,0,NO,"""3,1,1,24;;1""",FLOAT16;INT64;INT64,NCHW;NCHW;NCHW,"""1,1,24""",FLOAT16,NCHW,N/A,0.0,0,0.0,0.0,0.0,0.0,0.0,0.0,0.0,0.0,0.0,0.0,0.0,1.342,2415,0.418,0.311,0.342,0.255,0.359,0.267,0.133,0.099,0.195,0.000
0,6,2,22,6,GatherV2_5,GatherV2,static,AI_VECTOR_CORE,1786306885500355.460	,1.720,0.160000,1,0,NO,"""3,1,1,24;;1""",FLOAT16;INT64;INT64,NCHW;NCHW;NCHW,"""1,1,24""",FLOAT16,NCHW,N/A,0.0,0,0.0,0.0,0.0,0.0,0.0,0.0,0.0,0.0,0.0,0.0,0.0,1.209,2176,0.418,0.346,0.306,0.253,0.249,0.206,0.109,0.09,0.195,0.000
0,6,2,23,6,GatherV2_6,GatherV2,static,AI_VECTOR_CORE,1786306885500357.200	,1.740,0.030000,1,0,NO,"""3,1,1,24;;1""",FLOAT16;INT64;INT64,NCHW;NCHW;NCHW,"""1,1,24""",FLOAT16,NCHW,N/A,0.0,0,0.0,0.0,0.0,0.0,0.0,0.0,0.0,0.0,0.0,0.0,0.0,1.209,2177,0.418,0.345,0.333,0.276,0.268,0.222,0.108,0.09,0.195,0.000
0,6,2,24,6,SplitV_1,SplitVD,static,AI_VECTOR_CORE,1786306885500358.960	,3.980,0.010000,1,0,NO,"""3,1,1,128""",FLOAT16,NCHW,"""3,1,1,16;3,1,1,24;3,1,1,24;3,1,1,16;3,1,1,24;3,1,1,24""",FLOAT16;FLOAT16;FLOAT16;FLOAT16;FLOAT16;FLOAT16,NCHW;NCHW;NCHW;NCHW;NCHW;NCHW,N/A,0.0,0,0.0,0.0,0.0,0.0,0.0,0.0,0.0,0.0,0.0,0.0,0.0,3.462,6232,2.234,0.645,0.36,0.104,0.108,0.031,1.004,0.29,0.177,0.000
0,6,2,25,6,GatherV2_10,GatherV2,static,AI_VECTOR_CORE,1786306885500362.960	,1.140,0.020000,1,0,NO,"""3,1,1,16;;1""",FLOAT16;INT64;INT64,NCHW;NCHW;NCHW,"""1,1,16""",FLOAT16,NCHW,N/A,0.0,0,0.0,0.0,0.0,0.0,0.0,0.0,0.0,0.0,0.0,0.0,0.0,0.611,1100,0.057,0.093,0.157,0.256,0.114,0.186,0.134,0.22,0.182,0.000
0,6,2,26,6,GatherV2_7,GatherV2,static,AI_VECTOR_CORE,1786306885500364.140	,1.180,0.110000,1,0,NO,"""3,1,1,16;;1""",FLOAT16;INT64;INT64,NCHW;NCHW;NCHW,"""1,1,16""",FLOAT16,NCHW,N/A,0.0,0,0.0,0.0,0.0,0.0,0.0,0.0,0.0,0.0,0.0,0.0,0.0,0.663,1193,0.057,0.085,0.197,0.297,0.125,0.189,0.136,0.205,0.182,0.000
0,6,2,27,6,GatherV2_11,GatherV2,static,AI_VECTOR_CORE,1786306885500365.360	,1.720,0.000000,1,0,NO,"""3,1,1,24;;1""",FLOAT16;INT64;INT64,NCHW;NCHW;NCHW,"""1,1,24""",FLOAT16,NCHW,N/A,0.0,0,0.0,0.0,0.0,0.0,0.0,0.0,0.0,0.0,0.0,0.0,0.0,1.179,2122,0.418,0.354,0.312,0.265,0.203,0.172,0.129,0.109,0.195,0.000
0,6,2,28,6,GatherV2_12,GatherV2,static,AI_VECTOR_CORE,1786306885500367.100	,1.800,0.030000,1,0,NO,"""3,1,1,24;;1""",FLOAT16;INT64;INT64,NCHW;NCHW;NCHW,"""1,1,24""",FLOAT16,NCHW,N/A,0.0,0,0.0,0.0,0.0,0.0,0.0,0.0,0.0,0.0,0.0,0.0,0.0,1.256,2261,0.418,0.333,0.351,0.28,0.254,0.202,0.117,0.093,0.195,0.000
0,6,2,29,6,GatherV2_8,GatherV2,static,AI_VECTOR_CORE,1786306885500368.920	,1.780,0.200000,1,0,NO,"""3,1,1,24;;1""",FLOAT16;INT64;INT64,NCHW;NCHW;NCHW,"""1,1,24""",FLOAT16,NCHW,N/A,0.0,0,0.0,0.0,0.0,0.0,0.0,0.0,0.0,0.0,0.0,0.0,0.0,1.191,2143,0.418,0.351,0.296,0.248,0.208,0.175,0.139,0.117,0.195,0.000
0,6,2,30,6,GatherV2_9,GatherV2,static,AI_VECTOR_CORE,1786306885500370.720	,1.840,0.000000,1,0,NO,"""3,1,1,24;;1""",FLOAT16;INT64;INT64,NCHW;NCHW;NCHW,"""1,1,24""",FLOAT16,NCHW,N/A,0.0,0,0.0,0.0,0.0,0.0,0.0,0.0,0.0,0.0,0.0,0.0,0.0,1.255,2259,0.418,0.333,0.336,0.268,0.263,0.21,0.109,0.087,0.195,0.000
0,6,2,31,6,ConcatV2_1,ConcatV2D,static,AI_VECTOR_CORE,1786306885500372.580	,1.540,0.000000,1,0,NO,"""1,1,16;1,1,24;1,1,24;1,1,16;1,1,24;1,1,24""",FLOAT16;FLOAT16;FLOAT16;FLOAT16;FLOAT16;FLOAT16,NCHW;NCHW;NCHW;NCHW;NCHW;NCHW,"""1,1,128""",FLOAT16,NCHW,N/A,0.0,0,0.0,0.0,0.0,0.0,0.0,0.0,0.0,0.0,0.0,0.0,0.0,0.928,1670,0.008,0.008,0.164,0.177,0.154,0.166,0.433,0.467,0.231,0.000
0,6,2,32,6,ConcatV2_2,ConcatV2D,static,AI_VECTOR_CORE,1786306885500374.140	,1.480,0.210000,1,0,NO,"""1,1,16;1,1,24;1,1,24;1,1,16;1,1,24;1,1,24""",FLOAT16;FLOAT16;FLOAT16;FLOAT16;FLOAT16;FLOAT16,NCHW;NCHW;NCHW;NCHW;NCHW;NCHW,"""1,1,128""",FLOAT16,NCHW,N/A,0.0,0,0.0,0.0,0.0,0.0,0.0,0.0,0.0,0.0,0.0,0.0,0.0,0.871,1567,0.008,0.009,0.131,0.15,0.137,0.157,0.45,0.517,0.231,0.000
0,6,2,33,6,ApplyRotaryPosEmb,ApplyRotaryPosEmb,static,AI_VECTOR_CORE,1786306885500375.640	,2.760,0.020000,1,0,NO,"""1,1,16,128;1,1,2,128;1,1,1,128;1,1,1,128""",FLOAT16;FLOAT16;FLOAT16;FLOAT16,NCHW;NCHW;NCHW;NCHW,"""1,1,16,128;1,1,2,128""",FLOAT16;FLOAT16,NCHW;NCHW,N/A,0.0,0,0.0,0.0,0.0,0.0,0.0,0.0,0.0,0.0,0.0,0.0,0.0,2.264,4075,0.153,0.067,1.457,0.643,0.155,0.068,0.153,0.067,0.145,0.000
0,6,2,34,6,Scatter,Scatter,static,AI_VECTOR_CORE,1786306885500378.420	,1.320,0.000000,2,0,NO,"""1,2,1024,128;1;1,2,1,128""",FLOAT16;INT64;FLOAT16,NCHW;NCHW;NCHW,"""1,2,1024,128""",FLOAT16,NCHW,N/A,0.0,0,0.0,0.0,0.0,0.0,0.0,0.0,0.0,0.0,0.0,0.0,0.0,0.649,2338,0.008,0.012,0.13,0.2,0.118,0.181,0.201,0.31,0.214,0.000
0,6,2,35,6,Greater,Greater,static,AI_VECTOR_CORE,1786306885500379.760	,2.320,0.000000,2,0,NO,"""1,1024;1,1""",INT64;INT64,NCHW;NCHW,"""1,1024""",BOOL,NCHW,N/A,0.0,0,0.0,0.0,0.0,0.0,0.0,0.0,0.0,0.0,0.0,0.0,0.0,1.721,6196,0.781,0.454,0.274,0.159,0.232,0.135,0.135,0.078,0.167,0.000
0,6,2,36,6,PaddleGqaIncreFlashAttentionAiv,PaddleGqaIncreFlashAttentionAiv,static,MIX_AIV,1786306885500383.420	,19.160,1.430000,32,0,NO,"""1,16,1,128;1,2,1024,128;1,2,1024,128;1,1,1,1024""",FLOAT16;FLOAT16;FLOAT16;BOOL,NCHW;NCHW;NCHW;NCHW,"""1,16,1,128""",FLOAT16,NCHW,0,0.0,0,0.0,0.0,0.0,0.0,0.0,0.0,0.0,0.0,0.0,0.0,0.0,17.035,981191,6.062,0.356,2.467,0.145,4.988,0.293,0.369,0.022,0.115,0.000
0,6,2,37,6,MatMul_1,MatMul,static,AI_CORE,1786306885500403.380	,6.860,0.840000,22,0,NO,"""1,2048;128,64,16,16""",FLOAT16;FLOAT16,ND;FRACTAL_NZ,"""1,1024""",FLOAT16,ND,N/A,4.883,193371,0.487,0.1,0.207,0.042,1.103,0.226,2.574,0.527,2.002,0.41,0.223,0.0,0,0.0,0.0,0.0,0.0,0.0,0.0,0.0,0.0,0.0,65.250
0,6,2,38,6,InplaceAddRmsNorm,InplaceAddRmsNorm,static,AI_VECTOR_CORE,1786306885500410.280	,2.260,0.000000,1,0,NO,"""1,1,1024;1,1,1024;1024""",FLOAT16;FLOAT16;FLOAT16,ND;ND;ND,"""1,1,1024;1,1,1;1,1,1024""",FLOAT16;FLOAT;FLOAT16,ND;ND;ND,N/A,0.0,0,0.0,0.0,0.0,0.0,0.0,0.0,0.0,0.0,0.0,0.0,0.0,1.769,3184,0.282,0.16,0.717,0.405,0.388,0.22,0.39,0.22,0.232,0.000
0,6,2,39,6,MatMul_2,MatMul,static,AI_CORE,1786306885500412.560	,7.740,0.000000,24,0,NO,"""1,1024;64,192,16,16""",FLOAT16;FLOAT16,ND;FRACTAL_NZ,"""1,3072""",FLOAT16,ND,N/A,5.745,248185,0.538,0.094,0.155,0.027,1.284,0.224,3.287,0.572,2.146,0.373,0.195,0.0,0,0.0,0.0,0.0,0.0,0.0,0.0,0.0,0.0,0.0,74.225
0,6,2,40,6,MatMul_3,MatMul,static,AI_CORE,1786306885500420.320	,5.620,0.010000,24,0,NO,"""1,1024;64,192,16,16""",FLOAT16;FLOAT16,ND;FRACTAL_NZ,"""1,3072""",FLOAT16,ND,N/A,4.56,196986,0.537,0.118,0.42,0.092,1.284,0.282,3.648,0.8,2.682,0.588,0.0,0.0,0,0.0,0.0,0.0,0.0,0.0,0.0,0.0,0.0,0.0,81.136
0,6,2,41,6,SwishMul_3,AutomaticBufferFusionOp,static,AI_VECTOR_CORE,1786306885500425.960	,1.580,0.130000,3,0,NO,"""1,1,3072;1,1,3072""",FLOAT16;FLOAT16,ND;ND,"""1,1,3072""",FLOAT16,ND,N/A,0.0,0,0.0,0.0,0.0,0.0,0.0,0.0,0.0,0.0,0.0,0.0,0.0,0.907,4899,0.163,0.18,0.143,0.157,0.147,0.162,0.133,0.147,0.211,0.000
0,6,2,42,6,MatMul_4,MatMul,static,AI_CORE,1786306885500427.560	,8.580,0.000000,22,0,NO,"""1,3072;192,64,16,16""",FLOAT16;FLOAT16,ND;FRACTAL_NZ,"""1,1024""",FLOAT16,ND,N/A,6.496,257237,0.734,0.113,0.222,0.034,1.653,0.255,4.343,0.669,2.332,0.359,0.218,0.0,0,0.0,0.0,0.0,0.0,0.0,0.0,0.0,0.0,0.0,69.400
0,6,2,43,6,InplaceAddRmsNorm_1,InplaceAddRmsNorm,static,AI_VECTOR_CORE,1786306885500436.160	,1.720,0.170000,1,0,NO,"""1,1,1024;1,1,1024;1024""",FLOAT16;FLOAT16;FLOAT16,ND;ND;ND,"""1,1,1024;1,1,1;1,1,1024""",FLOAT16;FLOAT;FLOAT16,ND;ND;ND,N/A,0.0,0,0.0,0.0,0.0,0.0,0.0,0.0,0.0,0.0,0.0,0.0,0.0,1.193,2147,0.282,0.237,0.57,0.478,0.355,0.298,0.366,0.306,0.22,0.000
0,6,2,44,6,MatMul_5,MatMul,static,AI_CORE,1786306885500437.900	,6.220,0.030000,23,0,NO,"""1,1024;64,160,16,16""",FLOAT16;FLOAT16,ND;FRACTAL_NZ,"""1,2560""",FLOAT16,ND,N/A,3.809,157685,0.527,0.138,0.403,0.106,1.137,0.298,2.873,0.754,2.255,0.592,0.017,0.0,0,0.0,0.0,0.0,0.0,0.0,0.0,0.0,0.0,0.0,58.684
0,6,2,45,6,SplitV_3,SplitVD,static,AI_VECTOR_CORE,1786306885500444.160	,1.060,0.030000,1,0,NO,"""1,1,2560""",FLOAT16,ND,"""1,1,2048;1,1,256;1,1,256""",FLOAT16;FLOAT16;FLOAT16,ND;ND;ND,N/A,0.0,0,0.0,0.0,0.0,0.0,0.0,0.0,0.0,0.0,0.0,0.0,0.0,0.518,932,0.008,0.015,0.127,0.246,0.132,0.255,0.136,0.263,0.263,0.000
0,6,2,46,6,Scatter_3,Scatter,static,AI_VECTOR_CORE,1786306885500445.260	,1.280,0.000000,2,0,NO,"""1,2,1024,128;1;1,2,1,128""",FLOAT16;INT64;FLOAT16,NCHW;NCHW;NCHW,"""1,2,1024,128""",FLOAT16,NCHW,N/A,0.0,0,0.0,0.0,0.0,0.0,0.0,0.0,0.0,0.0,0.0,0.0,0.0,0.568,2043,0.008,0.014,0.123,0.216,0.112,0.197,0.094,0.165,0.169,0.000
0,6,2,47,6,ApplyRotaryPosEmb_1,ApplyRotaryPosEmb,static,AI_VECTOR_CORE,1786306885500446.580	,2.400,0.000000,1,0,NO,"""1,1,16,128;1,1,2,128;1,1,1,128;1,1,1,128""",FLOAT16;FLOAT16;FLOAT16;FLOAT16,NCHW;NCHW;NCHW;NCHW,"""1,1,16,128;1,1,2,128""",FLOAT16;FLOAT16,NCHW;NCHW,N/A,0.0,0,0.0,0.0,0.0,0.0,0.0,0.0,0.0,0.0,0.0,0.0,0.0,1.833,3299,0.159,0.087,1.249,0.682,0.168,0.092,0.159,0.087,0.16,0.000
0,6,2,48,6,Scatter_2,Scatter,static,AI_VECTOR_CORE,1786306885500449.000	,1.380,0.100000,2,0,NO,"""1,2,1024,128;1;1,2,1,128""",FLOAT16;INT64;FLOAT16,NCHW;NCHW;NCHW,"""1,2,1024,128""",FLOAT16,NCHW,N/A,0.0,0,0.0,0.0,0.0,0.0,0.0,0.0,0.0,0.0,0.0,0.0,0.0,0.629,2266,0.008,0.012,0.161,0.256,0.121,0.192,0.106,0.169,0.169,0.000
0,6,2,49,6,PaddleGqaIncreFlashAttentionAiv_1,PaddleGqaIncreFlashAttentionAiv,static,MIX_AIV,1786306885500451.620	,12.720,1.120000,32,0,NO,"""1,16,1,128;1,2,1024,128;1,2,1024,128;1,1,1,1024""",FLOAT16;FLOAT16;FLOAT16;BOOL,NCHW;NCHW;NCHW;NCHW,"""1,16,1,128""",FLOAT16,NCHW,0,0.0,0,0.0,0.0,0.0,0.0,0.0,0.0,0.0,0.0,0.0,0.0,0.0,11.389,656019,6.035,0.53,4.571,0.401,3.106,0.273,0.354,0.031,0.02,0.000
0,6,2,50,6,MatMul_6,MatMul,static,AI_CORE,1786306885500465.540	,5.380,1.280000,22,0,NO,"""1,2048;128,64,16,16""",FLOAT16;FLOAT16,ND;FRACTAL_NZ,"""1,1024""",FLOAT16,ND,N/A,3.806,150701,0.487,0.128,0.802,0.211,1.106,0.291,2.784,0.732,2.099,0.552,0.029,0.0,0,0.0,0.0,0.0,0.0,0.0,0.0,0.0,0.0,0.0,64.841
0,6,2,51,6,InplaceAddRmsNorm_2,InplaceAddRmsNorm,static,AI_VECTOR_CORE,1786306885500470.940	,1.640,0.120000,1,0,NO,"""1,1,1024;1,1,1024;1024""",FLOAT16;FLOAT16;FLOAT16,ND;ND;ND,"""1,1,1024;1,1,1;1,1,1024""",FLOAT16;FLOAT;FLOAT16,ND;ND;ND,N/A,0.0,0,0.0,0.0,0.0,0.0,0.0,0.0,0.0,0.0,0.0,0.0,0.0,1.082,1948,0.282,0.261,0.469,0.433,0.364,0.337,0.347,0.32,0.215,0.000
0,6,2,52,6,MatMul_7,MatMul,static,AI_CORE,1786306885500472.600	,5.440,0.000000,24,0,NO,"""1,1024;64,192,16,16""",FLOAT16;FLOAT16,ND;FRACTAL_NZ,"""1,3072""",FLOAT16,ND,N/A,4.445,192044,0.538,0.121,0.411,0.092,1.284,0.289,3.575,0.804,2.81,0.632,0.0,0.0,0,0.0,0.0,0.0,0.0,0.0,0.0,0.0,0.0,0.0,81.718
0,6,2,53,6,MatMul_8,MatMul,static,AI_CORE,1786306885500478.060	,5.780,0.060000,24,0,NO,"""1,1024;64,192,16,16""",FLOAT16;FLOAT16,ND;FRACTAL_NZ,"""1,3072""",FLOAT16,ND,N/A,4.481,193583,0.538,0.12,0.412,0.092,1.284,0.287,3.606,0.805,2.8,0.625,0.0,0.0,0,0.0,0.0,0.0,0.0,0.0,0.0,0.0,0.0,0.0,77.527
0,6,2,54,6,Swish_1Mul_4,AutomaticBufferFusionOp,static,AI_VECTOR_CORE,1786306885500483.860	,1.480,0.000000,3,0,NO,"""1,1,3072;1,1,3072""",FLOAT16;FLOAT16,ND;ND,"""1,1,3072""",FLOAT16,ND,N/A,0.0,0,0.0,0.0,0.0,0.0,0.0,0.0,0.0,0.0,0.0,0.0,0.0,0.772,4171,0.163,0.211,0.129,0.167,0.139,0.181,0.145,0.188,0.219,0.000
0,6,2,55,6,MatMul_9,MatMul,static,AI_CORE,1786306885500485.380	,6.160,0.270000,22,0,NO,"""1,3072;192,64,16,16""",FLOAT16;FLOAT16,ND;FRACTAL_NZ,"""1,1024""",FLOAT16,ND,N/A,4.56,180590,0.732,0.161,0.392,0.086,1.645,0.361,3.955,0.867,2.269,0.497,0.029,0.0,0,0.0,0.0,0.0,0.0,0.0,0.0,0.0,0.0,0.0,67.862
0,6,2,56,6,InplaceAddRmsNorm_3,InplaceAddRmsNorm,static,AI_VECTOR_CORE,1786306885500491.560	,1.620,0.000000,1,0,NO,"""1,1,1024;1,1,1024;1024""",FLOAT16;FLOAT16;FLOAT16,ND;ND;ND,"""1,1,1024;1,1,1;1,1,1024""",FLOAT16;FLOAT;FLOAT16,ND;ND;ND,N/A,0.0,0,0.0,0.0,0.0,0.0,0.0,0.0,0.0,0.0,0.0,0.0,0.0,1.119,2015,0.282,0.252,0.503,0.45,0.372,0.332,0.388,0.346,0.223,0.000
0,6,2,57,6,MatMul_10,MatMul,static,AI_CORE,1786306885500493.200	,4.920,0.130000,23,0,NO,"""1,1024;64,160,16,16""",FLOAT16;FLOAT16,ND;FRACTAL_NZ,"""1,2560""",FLOAT16,ND,N/A,3.876,160459,0.527,0.136,0.403,0.104,1.137,0.293,2.985,0.77,2.426,0.626,0.001,0.0,0,0.0,0.0,0.0,0.0,0.0,0.0,0.0,0.0,0.0,75.494
0,6,2,58,6,SplitV_4,SplitVD,static,AI_VECTOR_CORE,1786306885500498.140	,1.080,0.080000,1,0,NO,"""1,1,2560""",FLOAT16,ND,"""1,1,2048;1,1,256;1,1,256""",FLOAT16;FLOAT16;FLOAT16,ND;ND;ND,N/A,0.0,0,0.0,0.0,0.0,0.0,0.0,0.0,0.0,0.0,0.0,0.0,0.0,0.575,1035,0.008,0.014,0.143,0.248,0.133,0.232,0.146,0.254,0.263,0.000
0,6,2,59,6,Scatter_5,Scatter,static,AI_VECTOR_CORE,1786306885500499.240	,1.120,0.000000,2,0,NO,"""1,2,1024,128;1;1,2,1,128""",FLOAT16;INT64;FLOAT16,NCHW;NCHW;NCHW,"""1,2,1024,128""",FLOAT16,NCHW,N/A,0.0,0,0.0,0.0,0.0,0.0,0.0,0.0,0.0,0.0,0.0,0.0,0.0,0.517,1862,0.008,0.015,0.129,0.25,0.1,0.194,0.131,0.252,0.214,0.000
0,6,2,60,6,ApplyRotaryPosEmb_2,ApplyRotaryPosEmb,static,AI_VECTOR_CORE,1786306885500500.380	,2.520,0.130000,1,0,NO,"""1,1,16,128;1,1,2,128;1,1,1,128;1,1,1,128""",FLOAT16;FLOAT16;FLOAT16;FLOAT16,NCHW;NCHW;NCHW;NCHW,"""1,1,16,128;1,1,2,128""",FLOAT16;FLOAT16,NCHW;NCHW,N/A,0.0,0,0.0,0.0,0.0,0.0,0.0,0.0,0.0,0.0,0.0,0.0,0.0,2.0,3600,0.164,0.082,1.405,0.703,0.161,0.08,0.147,0.074,0.177,0.000
0,6,2,61,6,Scatter_4,Scatter,static,AI_VECTOR_CORE,1786306885500502.940	,1.100,0.000000,2,0,NO,"""1,2,1024,128;1;1,2,1,128""",FLOAT16;INT64;FLOAT16,NCHW;NCHW;NCHW,"""1,2,1024,128""",FLOAT16,NCHW,N/A,0.0,0,0.0,0.0,0.0,0.0,0.0,0.0,0.0,0.0,0.0,0.0,0.0,0.483,1739,0.008,0.016,0.121,0.251,0.112,0.232,0.087,0.179,0.224,0.000
0,6,2,62,6,PaddleGqaIncreFlashAttentionAiv_2,PaddleGqaIncreFlashAttentionAiv,static,MIX_AIV,1786306885500505.460	,14.180,1.400000,32,0,NO,"""1,16,1,128;1,2,1024,128;1,2,1024,128;1,1,1,1024""",FLOAT16;FLOAT16;FLOAT16;BOOL,NCHW;NCHW;NCHW;NCHW,"""1,16,1,128""",FLOAT16,NCHW,0,0.0,0,0.0,0.0,0.0,0.0,0.0,0.0,0.0,0.0,0.0,0.0,0.0,12.608,726241,6.035,0.479,5.621,0.446,3.176,0.252,0.347,0.028,0.02,0.000
0,6,2,63,6,MatMul_11,MatMul,static,AI_CORE,1786306885500520.580	,4.700,0.820000,22,0,NO,"""1,2048;128,64,16,16""",FLOAT16;FLOAT16,ND;FRACTAL_NZ,"""1,1024""",FLOAT16,ND,N/A,3.247,128569,0.487,0.15,0.41,0.126,1.123,0.346,2.59,0.798,2.179,0.671,0.002,0.0,0,0.0,0.0,0.0,0.0,0.0,0.0,0.0,0.0,0.0,63.322
0,6,2,64,6,InplaceAddRmsNorm_4,InplaceAddRmsNorm,static,AI_VECTOR_CORE,1786306885500525.300	,1.600,0.050000,1,0,NO,"""1,1,1024;1,1,1024;1024""",FLOAT16;FLOAT16;FLOAT16,ND;ND;ND,"""1,1,1024;1,1,1;1,1,1024""",FLOAT16;FLOAT;FLOAT16,ND;ND;ND,N/A,0.0,0,0.0,0.0,0.0,0.0,0.0,0.0,0.0,0.0,0.0,0.0,0.0,1.072,1929,0.282,0.263,0.476,0.444,0.373,0.348,0.367,0.342,0.223,0.000
0,6,2,65,6,MatMul_12,MatMul,static,AI_CORE,1786306885500526.920	,6.360,0.150000,24,0,NO,"""1,1024;64,192,16,16""",FLOAT16;FLOAT16,ND;FRACTAL_NZ,"""1,3072""",FLOAT16,ND,N/A,4.476,193380,0.538,0.12,0.442,0.099,1.289,0.288,3.47,0.775,2.247,0.502,0.0,0.0,0,0.0,0.0,0.0,0.0,0.0,0.0,0.0,0.0,0.0,70.383
0,6,2,66,6,MatMul_13,MatMul,static,AI_CORE,1786306885500533.300	,6.500,0.000000,24,0,NO,"""1,1024;64,192,16,16""",FLOAT16;FLOAT16,ND;FRACTAL_NZ,"""1,3072""",FLOAT16,ND,N/A,5.142,222139,0.538,0.105,0.889,0.173,1.282,0.249,3.765,0.732,2.51,0.488,0.0,0.0,0,0.0,0.0,0.0,0.0,0.0,0.0,0.0,0.0,0.0,79.109
0,6,2,67,6,Swish_2Mul_5,AutomaticBufferFusionOp,static,AI_VECTOR_CORE,1786306885500539.820	,1.540,0.000000,3,0,NO,"""1,1,3072;1,1,3072""",FLOAT16;FLOAT16,ND;ND,"""1,1,3072""",FLOAT16,ND,N/A,0.0,0,0.0,0.0,0.0,0.0,0.0,0.0,0.0,0.0,0.0,0.0,0.0,0.793,4280,0.163,0.206,0.129,0.162,0.15,0.189,0.126,0.159,0.176,0.000
0,6,2,68,6,MatMul_14,MatMul,static,AI_CORE,1786306885500541.400	,5.900,0.210000,22,0,NO,"""1,3072;192,64,16,16""",FLOAT16;FLOAT16,ND;FRACTAL_NZ,"""1,1024""",FLOAT16,ND,N/A,4.6,182157,0.732,0.159,0.436,0.095,1.632,0.355,3.958,0.86,2.209,0.48,0.003,0.0,0,0.0,0.0,0.0,0.0,0.0,0.0,0.0,0.0,0.0,71.468
0,6,2,69,6,InplaceAddRmsNorm_5,InplaceAddRmsNorm,static,AI_VECTOR_CORE,1786306885500547.320	,1.580,0.000000,1,0,NO,"""1,1,1024;1,1,1024;1024""",FLOAT16;FLOAT16;FLOAT16,ND;ND;ND,"""1,1,1024;1,1,1;1,1,1024""",FLOAT16;FLOAT;FLOAT16,ND;ND;ND,N/A,0.0,0,0.0,0.0,0.0,0.0,0.0,0.0,0.0,0.0,0.0,0.0,0.0,1.052,1894,0.282,0.268,0.459,0.436,0.36,0.342,0.346,0.329,0.215,0.000
0,6,2,70,6,MatMul_15,MatMul,static,AI_CORE,1786306885500548.920	,5.200,0.170000,23,0,NO,"""1,1024;64,160,16,16""",FLOAT16;FLOAT16,ND;FRACTAL_NZ,"""1,2560""",FLOAT16,ND,N/A,3.835,158749,0.527,0.138,0.446,0.116,1.137,0.296,2.896,0.755,2.254,0.588,0.001,0.0,0,0.0,0.0,0.0,0.0,0.0,0.0,0.0,0.0,0.0,70.668
0,6,2,71,6,SplitV_5,SplitVD,static,AI_VECTOR_CORE,1786306885500554.140	,1.120,0.050000,1,0,NO,"""1,1,2560""",FLOAT16,ND,"""1,1,2048;1,1,256;1,1,256""",FLOAT16;FLOAT16;FLOAT16,ND;ND;ND,N/A,0.0,0,0.0,0.0,0.0,0.0,0.0,0.0,0.0,0.0,0.0,0.0,0.0,0.574,1033,0.008,0.014,0.166,0.289,0.129,0.225,0.146,0.255,0.263,0.000
0,6,2,72,6,Scatter_7,Scatter,static,AI_VECTOR_CORE,1786306885500555.300	,1.320,0.000000,2,0,NO,"""1,2,1024,128;1;1,2,1,128""",FLOAT16;INT64;FLOAT16,NCHW;NCHW;NCHW,"""1,2,1024,128""",FLOAT16,NCHW,N/A,0.0,0,0.0,0.0,0.0,0.0,0.0,0.0,0.0,0.0,0.0,0.0,0.0,0.624,2247,0.008,0.012,0.146,0.235,0.119,0.19,0.108,0.173,0.169,0.000
0,6,2,73,6,ApplyRotaryPosEmb_3,ApplyRotaryPosEmb,static,AI_VECTOR_CORE,1786306885500556.640	,2.440,0.180000,1,0,NO,"""1,1,16,128;1,1,2,128;1,1,1,128;1,1,1,128""",FLOAT16;FLOAT16;FLOAT16;FLOAT16,NCHW;NCHW;NCHW;NCHW,"""1,1,16,128;1,1,2,128""",FLOAT16;FLOAT16,NCHW;NCHW,N/A,0.0,0,0.0,0.0,0.0,0.0,0.0,0.0,0.0,0.0,0.0,0.0,0.0,1.875,3375,0.162,0.086,1.286,0.686,0.164,0.088,0.157,0.084,0.167,0.000
0,6,2,74,6,Scatter_6,Scatter,static,AI_VECTOR_CORE,1786306885500559.120	,1.080,0.000000,2,0,NO,"""1,2,1024,128;1;1,2,1,128""",FLOAT16;INT64;FLOAT16,NCHW;NCHW;NCHW,"""1,2,1024,128""",FLOAT16,NCHW,N/A,0.0,0,0.0,0.0,0.0,0.0,0.0,0.0,0.0,0.0,0.0,0.0,0.0,0.494,1780,0.008,0.016,0.131,0.264,0.113,0.229,0.091,0.184,0.214,0.000
0,6,2,75,6,PaddleGqaIncreFlashAttentionAiv_3,PaddleGqaIncreFlashAttentionAiv,static,MIX_AIV,1786306885500561.120	,14.780,0.920000,32,0,NO,"""1,16,1,128;1,2,1024,128;1,2,1024,128;1,1,1,1024""",FLOAT16;FLOAT16;FLOAT16;BOOL,NCHW;NCHW;NCHW;NCHW,"""1,16,1,128""",FLOAT16,NCHW,0,0.0,0,0.0,0.0,0.0,0.0,0.0,0.0,0.0,0.0,0.0,0.0,0.0,13.322,767328,6.035,0.453,6.241,0.468,3.26,0.245,0.393,0.03,0.02,0.000
0,6,2,76,6,MatMul_16,MatMul,static,AI_CORE,1786306885500576.840	,4.960,0.970000,22,0,NO,"""1,2048;128,64,16,16""",FLOAT16;FLOAT16,ND;FRACTAL_NZ,"""1,1024""",FLOAT16,ND,N/A,3.336,132109,0.489,0.147,0.453,0.136,1.115,0.334,2.645,0.793,2.185,0.655,0.002,0.0,0,0.0,0.0,0.0,0.0,0.0,0.0,0.0,0.0,0.0,61.655
0,6,2,77,6,InplaceAddRmsNorm_6,InplaceAddRmsNorm,static,AI_VECTOR_CORE,1786306885500581.840	,1.540,0.040000,1,0,NO,"""1,1,1024;1,1,1024;1024""",FLOAT16;FLOAT16;FLOAT16,ND;ND;ND,"""1,1,1024;1,1,1;1,1,1024""",FLOAT16;FLOAT;FLOAT16,ND;ND;ND,N/A,0.0,0,0.0,0.0,0.0,0.0,0.0,0.0,0.0,0.0,0.0,0.0,0.0,1.035,1863,0.282,0.273,0.426,0.412,0.384,0.371,0.357,0.345,0.223,0.000
0,6,2,78,6,MatMul_17,MatMul,static,AI_CORE,1786306885500583.400	,6.420,0.210000,24,0,NO,"""1,1024;64,192,16,16""",FLOAT16;FLOAT16,ND;FRACTAL_NZ,"""1,3072""",FLOAT16,ND,N/A,4.528,195623,0.538,0.119,0.499,0.11,1.288,0.284,3.521,0.778,2.354,0.52,0.0,0.0,0,0.0,0.0,0.0,0.0,0.0,0.0,0.0,0.0,0.0,70.534
0,6,2,79,6,MatMul_18,MatMul,static,AI_CORE,1786306885500589.840	,6.940,0.000000,24,0,NO,"""1,1024;64,192,16,16""",FLOAT16;FLOAT16,ND;FRACTAL_NZ,"""1,3072""",FLOAT16,ND,N/A,5.509,237979,0.538,0.098,1.016,0.185,1.283,0.233,4.013,0.729,2.662,0.483,0.0,0.0,0,0.0,0.0,0.0,0.0,0.0,0.0,0.0,0.0,0.0,79.377
0,6,2,80,6,Swish_3Mul_6,AutomaticBufferFusionOp,static,AI_VECTOR_CORE,1786306885500596.820	,1.420,0.060000,3,0,NO,"""1,1,3072;1,1,3072""",FLOAT16;FLOAT16,ND;ND,"""1,1,3072""",FLOAT16,ND,N/A,0.0,0,0.0,0.0,0.0,0.0,0.0,0.0,0.0,0.0,0.0,0.0,0.0,0.821,4433,0.163,0.198,0.133,0.162,0.133,0.162,0.142,0.173,0.176,0.000
0,6,2,81,6,MatMul_19,MatMul,static,AI_CORE,1786306885500598.260	,6.060,0.080000,22,0,NO,"""1,3072;192,64,16,16""",FLOAT16;FLOAT16,ND;FRACTAL_NZ,"""1,1024""",FLOAT16,ND,N/A,4.587,181660,0.733,0.16,0.494,0.108,1.643,0.358,3.917,0.854,2.206,0.481,0.004,0.0,0,0.0,0.0,0.0,0.0,0.0,0.0,0.0,0.0,0.0,69.391
0,6,2,82,6,InplaceAddRmsNorm_7,InplaceAddRmsNorm,static,AI_VECTOR_CORE,1786306885500604.340	,1.640,0.000000,1,0,NO,"""1,1,1024;1,1,1024;1024""",FLOAT16;FLOAT16;FLOAT16,ND;ND;ND,"""1,1,1024;1,1,1;1,1,1024""",FLOAT16;FLOAT;FLOAT16,ND;ND;ND,N/A,0.0,0,0.0,0.0,0.0,0.0,0.0,0.0,0.0,0.0,0.0,0.0,0.0,1.157,2082,0.282,0.244,0.496,0.428,0.467,0.403,0.389,0.337,0.223,0.000
0,6,2,83,6,MatMul_20,MatMul,static,AI_CORE,1786306885500606.020	,5.100,0.110000,23,0,NO,"""1,1024;64,160,16,16""",FLOAT16;FLOAT16,ND;FRACTAL_NZ,"""1,2560""",FLOAT16,ND,N/A,3.922,162374,0.527,0.134,0.492,0.126,1.137,0.29,2.91,0.742,2.316,0.59,0.001,0.0,0,0.0,0.0,0.0,0.0,0.0,0.0,0.0,0.0,0.0,73.699
0,6,2,84,6,SplitV_6,SplitVD,static,AI_VECTOR_CORE,1786306885500611.140	,1.020,0.150000,1,0,NO,"""1,1,2560""",FLOAT16,ND,"""1,1,2048;1,1,256;1,1,256""",FLOAT16;FLOAT16;FLOAT16,ND;ND;ND,N/A,0.0,0,0.0,0.0,0.0,0.0,0.0,0.0,0.0,0.0,0.0,0.0,0.0,0.528,950,0.008,0.015,0.119,0.226,0.126,0.239,0.136,0.257,0.263,0.000
0,6,2,85,6,Scatter_9,Scatter,static,AI_VECTOR_CORE,1786306885500612.180	,1.240,0.000000,2,0,NO,"""1,2,1024,128;1;1,2,1,128""",FLOAT16;INT64;FLOAT16,NCHW;NCHW;NCHW,"""1,2,1024,128""",FLOAT16,NCHW,N/A,0.0,0,0.0,0.0,0.0,0.0,0.0,0.0,0.0,0.0,0.0,0.0,0.0,0.57,2051,0.008,0.014,0.124,0.217,0.106,0.187,0.107,0.188,0.169,0.000
0,6,2,86,6,ApplyRotaryPosEmb_4,ApplyRotaryPosEmb,static,AI_VECTOR_CORE,1786306885500613.440	,2.440,0.010000,1,0,NO,"""1,1,16,128;1,1,2,128;1,1,1,128;1,1,1,128""",FLOAT16;FLOAT16;FLOAT16;FLOAT16,NCHW;NCHW;NCHW;NCHW,"""1,1,16,128;1,1,2,128""",FLOAT16;FLOAT16,NCHW;NCHW,N/A,0.0,0,0.0,0.0,0.0,0.0,0.0,0.0,0.0,0.0,0.0,0.0,0.0,1.903,3426,0.153,0.08,1.288,0.677,0.152,0.08,0.145,0.076,0.164,0.000
0,6,2,87,6,Scatter_8,Scatter,static,AI_VECTOR_CORE,1786306885500615.920	,1.280,0.060000,2,0,NO,"""1,2,1024,128;1;1,2,1,128""",FLOAT16;INT64;FLOAT16,NCHW;NCHW;NCHW,"""1,2,1024,128""",FLOAT16,NCHW,N/A,0.0,0,0.0,0.0,0.0,0.0,0.0,0.0,0.0,0.0,0.0,0.0,0.0,0.607,2184,0.008,0.013,0.139,0.229,0.11,0.181,0.113,0.186,0.169,0.000
0,6,2,88,6,PaddleGqaIncreFlashAttentionAiv_4,PaddleGqaIncreFlashAttentionAiv,static,MIX_AIV,1786306885500618.640	,12.880,1.470000,32,0,NO,"""1,16,1,128;1,2,1024,128;1,2,1024,128;1,1,1,1024""",FLOAT16;FLOAT16;FLOAT16;BOOL,NCHW;NCHW;NCHW;NCHW,"""1,16,1,128""",FLOAT16,NCHW,0,0.0,0,0.0,0.0,0.0,0.0,0.0,0.0,0.0,0.0,0.0,0.0,0.0,11.538,664615,6.033,0.523,4.39,0.38,2.58,0.224,0.325,0.028,0.009,0.000
0,6,2,89,6,MatMul_21,MatMul,static,AI_CORE,1786306885500632.560	,4.560,0.870000,22,0,NO,"""1,2048;128,64,16,16""",FLOAT16;FLOAT16,ND;FRACTAL_NZ,"""1,1024""",FLOAT16,ND,N/A,3.292,130361,0.487,0.148,0.48,0.146,1.104,0.335,2.563,0.779,2.109,0.641,0.002,0.0,0,0.0,0.0,0.0,0.0,0.0,0.0,0.0,0.0,0.0,66.176
0,6,2,90,6,InplaceAddRmsNorm_8,InplaceAddRmsNorm,static,AI_VECTOR_CORE,1786306885500637.140	,1.540,0.190000,1,0,NO,"""1,1,1024;1,1,1024;1024""",FLOAT16;FLOAT16;FLOAT16,ND;ND;ND,"""1,1,1024;1,1,1;1,1,1024""",FLOAT16;FLOAT;FLOAT16,ND;ND;ND,N/A,0.0,0,0.0,0.0,0.0,0.0,0.0,0.0,0.0,0.0,0.0,0.0,0.0,1.054,1897,0.282,0.268,0.482,0.457,0.379,0.36,0.353,0.335,0.223,0.000
0,6,2,91,6,MatMul_22,MatMul,static,AI_CORE,1786306885500638.720	,6.460,0.000000,24,0,NO,"""1,1024;64,192,16,16""",FLOAT16;FLOAT16,ND;FRACTAL_NZ,"""1,3072""",FLOAT16,ND,N/A,4.478,193463,0.538,0.12,0.511,0.114,1.285,0.287,3.439,0.768,2.289,0.511,0.0,0.0,0,0.0,0.0,0.0,0.0,0.0,0.0,0.0,0.0,0.0,69.324
0,6,2,92,6,MatMul_23,MatMul,static,AI_CORE,1786306885500645.200	,5.920,0.040000,24,0,NO,"""1,1024;64,192,16,16""",FLOAT16;FLOAT16,ND;FRACTAL_NZ,"""1,3072""",FLOAT16,ND,N/A,4.661,201359,0.538,0.115,0.511,0.11,1.283,0.275,3.681,0.79,2.782,0.597,0.0,0.0,0,0.0,0.0,0.0,0.0,0.0,0.0,0.0,0.0,0.0,78.735
0,6,2,93,6,Swish_4Mul_7,AutomaticBufferFusionOp,static,AI_VECTOR_CORE,1786306885500651.140	,1.460,0.080000,3,0,NO,"""1,1,3072;1,1,3072""",FLOAT16;FLOAT16,ND;ND,"""1,1,3072""",FLOAT16,ND,N/A,0.0,0,0.0,0.0,0.0,0.0,0.0,0.0,0.0,0.0,0.0,0.0,0.0,0.814,4398,0.163,0.201,0.17,0.208,0.165,0.203,0.136,0.166,0.176,0.000
0,6,2,94,6,MatMul_24,MatMul,static,AI_CORE,1786306885500652.620	,5.660,0.000000,22,0,NO,"""1,3072;192,64,16,16""",FLOAT16;FLOAT16,ND;FRACTAL_NZ,"""1,1024""",FLOAT16,ND,N/A,4.642,183810,0.732,0.158,0.499,0.108,1.648,0.355,3.943,0.849,2.216,0.477,0.004,0.0,0,0.0,0.0,0.0,0.0,0.0,0.0,0.0,0.0,0.0,75.174
0,6,2,95,6,InplaceAddRmsNorm_9,InplaceAddRmsNorm,static,AI_VECTOR_CORE,1786306885500658.320	,1.520,0.090000,1,0,NO,"""1,1,1024;1,1,1024;1024""",FLOAT16;FLOAT16;FLOAT16,ND;ND;ND,"""1,1,1024;1,1,1;1,1,1024""",FLOAT16;FLOAT;FLOAT16,ND;ND;ND,N/A,0.0,0,0.0,0.0,0.0,0.0,0.0,0.0,0.0,0.0,0.0,0.0,0.0,1.023,1842,0.282,0.276,0.443,0.433,0.366,0.357,0.348,0.34,0.223,0.000
0,6,2,96,6,MatMul_25,MatMul,static,AI_CORE,1786306885500659.860	,6.720,0.000000,23,0,NO,"""1,1024;64,160,16,16""",FLOAT16;FLOAT16,ND;FRACTAL_NZ,"""1,2560""",FLOAT16,ND,N/A,4.834,200108,0.527,0.109,0.957,0.198,1.131,0.234,3.288,0.68,2.02,0.418,0.001,0.0,0,0.0,0.0,0.0,0.0,0.0,0.0,0.0,0.0,0.0,68.931
0,6,2,97,6,SplitV_7,SplitVD,static,AI_VECTOR_CORE,1786306885500666.620	,1.020,0.030000,1,0,NO,"""1,1,2560""",FLOAT16,ND,"""1,1,2048;1,1,256;1,1,256""",FLOAT16;FLOAT16;FLOAT16,ND;ND;ND,N/A,0.0,0,0.0,0.0,0.0,0.0,0.0,0.0,0.0,0.0,0.0,0.0,0.0,0.513,923,0.008,0.015,0.111,0.217,0.128,0.249,0.156,0.304,0.263,0.000
0,6,2,98,6,Scatter_11,Scatter,static,AI_VECTOR_CORE,1786306885500667.680	,1.180,0.230000,2,0,NO,"""1,2,1024,128;1;1,2,1,128""",FLOAT16;INT64;FLOAT16,NCHW;NCHW;NCHW,"""1,2,1024,128""",FLOAT16,NCHW,N/A,0.0,0,0.0,0.0,0.0,0.0,0.0,0.0,0.0,0.0,0.0,0.0,0.0,0.583,2097,0.008,0.013,0.14,0.24,0.11,0.189,0.121,0.208,0.214,0.000
0,6,2,99,6,ApplyRotaryPosEmb_5,ApplyRotaryPosEmb,static,AI_VECTOR_CORE,1786306885500668.880	,2.440,0.070000,1,0,NO,"""1,1,16,128;1,1,2,128;1,1,1,128;1,1,1,128""",FLOAT16;FLOAT16;FLOAT16;FLOAT16,NCHW;NCHW;NCHW;NCHW,"""1,1,16,128;1,1,2,128""",FLOAT16;FLOAT16,NCHW;NCHW,N/A,0.0,0,0.0,0.0,0.0,0.0,0.0,0.0,0.0,0.0,0.0,0.0,0.0,1.964,3535,0.153,0.078,1.341,0.683,0.158,0.081,0.147,0.075,0.164,0.000
0,6,2,100,6,Scatter_10,Scatter,static,AI_VECTOR_CORE,1786306885500671.340	,1.200,0.000000,2,0,NO,"""1,2,1024,128;1;1,2,1,128""",FLOAT16;INT64;FLOAT16,NCHW;NCHW;NCHW,"""1,2,1024,128""",FLOAT16,NCHW,N/A,0.0,0,0.0,0.0,0.0,0.0,0.0,0.0,0.0,0.0,0.0,0.0,0.0,0.548,1971,0.008,0.014,0.142,0.259,0.096,0.175,0.094,0.171,0.169,0.000
0,6,2,101,6,PaddleGqaIncreFlashAttentionAiv_5,PaddleGqaIncreFlashAttentionAiv,static,MIX_AIV,1786306885500673.680	,14.320,1.300000,32,0,NO,"""1,16,1,128;1,2,1024,128;1,2,1024,128;1,1,1,1024""",FLOAT16;FLOAT16;FLOAT16;BOOL,NCHW;NCHW;NCHW;NCHW,"""1,16,1,128""",FLOAT16,NCHW,0,0.0,0,0.0,0.0,0.0,0.0,0.0,0.0,0.0,0.0,0.0,0.0,0.0,12.877,741691,6.033,0.469,6.137,0.477,3.073,0.239,0.376,0.029,0.006,0.000
0,6,2,102,6,MatMul_26,MatMul,static,AI_CORE,1786306885500688.800	,5.120,0.680000,22,0,NO,"""1,2048;128,64,16,16""",FLOAT16;FLOAT16,ND;FRACTAL_NZ,"""1,1024""",FLOAT16,ND,N/A,3.381,133879,0.489,0.145,0.478,0.141,1.112,0.329,2.66,0.787,2.188,0.647,0.002,0.0,0,0.0,0.0,0.0,0.0,0.0,0.0,0.0,0.0,0.0,60.528
0,6,2,103,6,InplaceAddRmsNorm_10,InplaceAddRmsNorm,static,AI_VECTOR_CORE,1786306885500693.940	,1.600,0.130000,1,0,NO,"""1,1,1024;1,1,1024;1024""",FLOAT16;FLOAT16;FLOAT16,ND;ND;ND,"""1,1,1024;1,1,1;1,1,1024""",FLOAT16;FLOAT;FLOAT16,ND;ND;ND,N/A,0.0,0,0.0,0.0,0.0,0.0,0.0,0.0,0.0,0.0,0.0,0.0,0.0,1.03,1854,0.282,0.274,0.398,0.387,0.386,0.375,0.381,0.369,0.223,0.000
0,6,2,104,6,MatMul_27,MatMul,static,AI_CORE,1786306885500695.560	,5.820,0.000000,24,0,NO,"""1,1024;64,192,16,16""",FLOAT16;FLOAT16,ND;FRACTAL_NZ,"""1,3072""",FLOAT16,ND,N/A,4.655,201087,0.538,0.116,0.488,0.105,1.282,0.276,3.707,0.796,2.852,0.613,0.0,0.0,0,0.0,0.0,0.0,0.0,0.0,0.0,0.0,0.0,0.0,79.979
0,6,2,105,6,MatMul_28,MatMul,static,AI_CORE,1786306885500701.400	,6.580,0.180000,24,0,NO,"""1,1024;64,192,16,16""",FLOAT16;FLOAT16,ND;FRACTAL_NZ,"""1,3072""",FLOAT16,ND,N/A,4.58,197863,0.538,0.117,0.512,0.112,1.282,0.28,3.537,0.772,2.765,0.604,0.0,0.0,0,0.0,0.0,0.0,0.0,0.0,0.0,0.0,0.0,0.0,69.607
0,6,2,106,6,Swish_5Mul_8,AutomaticBufferFusionOp,static,AI_VECTOR_CORE,1786306885500708.000	,1.560,0.000000,3,0,NO,"""1,1,3072;1,1,3072""",FLOAT16;FLOAT16,ND;ND,"""1,1,3072""",FLOAT16,ND,N/A,0.0,0,0.0,0.0,0.0,0.0,0.0,0.0,0.0,0.0,0.0,0.0,0.0,0.882,4762,0.163,0.185,0.164,0.185,0.135,0.153,0.141,0.16,0.157,0.000
0,6,2,107,6,MatMul_29,MatMul,static,AI_CORE,1786306885500709.600	,6.520,0.000000,22,0,NO,"""1,3072;192,64,16,16""",FLOAT16;FLOAT16,ND;FRACTAL_NZ,"""1,1024""",FLOAT16,ND,N/A,4.552,180253,0.732,0.161,0.403,0.089,1.651,0.363,3.916,0.86,2.213,0.486,0.003,0.0,0,0.0,0.0,0.0,0.0,0.0,0.0,0.0,0.0,0.0,63.996
0,6,2,108,6,InplaceAddRmsNorm_11,InplaceAddRmsNorm,static,AI_VECTOR_CORE,1786306885500716.140	,1.500,0.230000,1,0,NO,"""1,1,1024;1,1,1024;1024""",FLOAT16;FLOAT16;FLOAT16,ND;ND;ND,"""1,1,1024;1,1,1;1,1,1024""",FLOAT16;FLOAT;FLOAT16,ND;ND;ND,N/A,0.0,0,0.0,0.0,0.0,0.0,0.0,0.0,0.0,0.0,0.0,0.0,0.0,1.034,1862,0.282,0.273,0.464,0.449,0.374,0.361,0.351,0.339,0.223,0.000
0,6,2,109,6,MatMul_30,MatMul,static,AI_CORE,1786306885500717.680	,6.400,0.000000,23,0,NO,"""1,1024;64,160,16,16""",FLOAT16;FLOAT16,ND;FRACTAL_NZ,"""1,2560""",FLOAT16,ND,N/A,5.164,213784,0.527,0.102,0.855,0.166,1.132,0.219,3.776,0.731,2.704,0.524,0.001,0.0,0,0.0,0.0,0.0,0.0,0.0,0.0,0.0,0.0,0.0,77.323
0,6,2,110,6,SplitV_8,SplitVD,static,AI_VECTOR_CORE,1786306885500724.100	,1.080,0.000000,1,0,NO,"""1,1,2560""",FLOAT16,ND,"""1,1,2048;1,1,256;1,1,256""",FLOAT16;FLOAT16;FLOAT16,ND;ND;ND,N/A,0.0,0,0.0,0.0,0.0,0.0,0.0,0.0,0.0,0.0,0.0,0.0,0.0,0.619,1115,0.008,0.013,0.114,0.184,0.131,0.211,0.145,0.234,0.263,0.000
0,6,2,111,6,Scatter_13,Scatter,static,AI_VECTOR_CORE,1786306885500725.200	,1.260,0.170000,2,0,NO,"""1,2,1024,128;1;1,2,1,128""",FLOAT16;INT64;FLOAT16,NCHW;NCHW;NCHW,"""1,2,1024,128""",FLOAT16,NCHW,N/A,0.0,0,0.0,0.0,0.0,0.0,0.0,0.0,0.0,0.0,0.0,0.0,0.0,0.681,2451,0.008,0.011,0.166,0.244,0.113,0.166,0.098,0.144,0.214,0.000
0,6,2,112,6,ApplyRotaryPosEmb_6,ApplyRotaryPosEmb,static,AI_VECTOR_CORE,1786306885500726.480	,2.360,0.000000,1,0,NO,"""1,1,16,128;1,1,2,128;1,1,1,128;1,1,1,128""",FLOAT16;FLOAT16;FLOAT16;FLOAT16,NCHW;NCHW;NCHW;NCHW,"""1,1,16,128;1,1,2,128""",FLOAT16;FLOAT16,NCHW;NCHW,N/A,0.0,0,0.0,0.0,0.0,0.0,0.0,0.0,0.0,0.0,0.0,0.0,0.0,1.876,3376,0.153,0.081,1.333,0.711,0.153,0.081,0.134,0.072,0.167,0.000
0,6,2,113,6,Scatter_12,Scatter,static,AI_VECTOR_CORE,1786306885500728.860	,1.300,0.000000,2,0,NO,"""1,2,1024,128;1;1,2,1,128""",FLOAT16;INT64;FLOAT16,NCHW;NCHW;NCHW,"""1,2,1024,128""",FLOAT16,NCHW,N/A,0.0,0,0.0,0.0,0.0,0.0,0.0,0.0,0.0,0.0,0.0,0.0,0.0,0.629,2266,0.008,0.012,0.142,0.225,0.117,0.186,0.118,0.187,0.169,0.000
0,6,2,114,6,PaddleGqaIncreFlashAttentionAiv_6,PaddleGqaIncreFlashAttentionAiv,static,MIX_AIV,1786306885500731.100	,12.520,0.950000,32,0,NO,"""1,16,1,128;1,2,1024,128;1,2,1024,128;1,1,1,1024""",FLOAT16;FLOAT16;FLOAT16;BOOL,NCHW;NCHW;NCHW;NCHW,"""1,16,1,128""",FLOAT16,NCHW,0,0.0,0,0.0,0.0,0.0,0.0,0.0,0.0,0.0,0.0,0.0,0.0,0.0,11.184,644202,6.034,0.539,4.513,0.404,3.326,0.297,0.468,0.042,0.006,0.000
0,6,2,115,6,MatMul_31,MatMul,static,AI_CORE,1786306885500744.400	,4.660,0.980000,22,0,NO,"""1,2048;128,64,16,16""",FLOAT16;FLOAT16,ND;FRACTAL_NZ,"""1,1024""",FLOAT16,ND,N/A,3.352,132729,0.488,0.146,0.508,0.152,1.119,0.334,2.612,0.779,2.196,0.655,0.002,0.0,0,0.0,0.0,0.0,0.0,0.0,0.0,0.0,0.0,0.0,65.932
0,6,2,116,6,InplaceAddRmsNorm_12,InplaceAddRmsNorm,static,AI_VECTOR_CORE,1786306885500749.080	,1.580,0.000000,1,0,NO,"""1,1,1024;1,1,1024;1024""",FLOAT16;FLOAT16;FLOAT16,ND;ND;ND,"""1,1,1024;1,1,1;1,1,1024""",FLOAT16;FLOAT;FLOAT16,ND;ND;ND,N/A,0.0,0,0.0,0.0,0.0,0.0,0.0,0.0,0.0,0.0,0.0,0.0,0.0,1.077,1939,0.282,0.262,0.484,0.449,0.367,0.34,0.352,0.327,0.223,0.000
0,6,2,117,6,MatMul_32,MatMul,static,AI_CORE,1786306885500750.700	,6.400,0.170000,24,0,NO,"""1,1024;64,192,16,16""",FLOAT16;FLOAT16,ND;FRACTAL_NZ,"""1,3072""",FLOAT16,ND,N/A,5.17,223347,0.538,0.104,0.861,0.167,1.283,0.248,3.814,0.738,2.617,0.506,0.0,0.0,0,0.0,0.0,0.0,0.0,0.0,0.0,0.0,0.0,0.0,80.782
0,6,2,118,6,MatMul_33,MatMul,static,AI_CORE,1786306885500757.120	,5.700,0.000000,24,0,NO,"""1,1024;64,192,16,16""",FLOAT16;FLOAT16,ND;FRACTAL_NZ,"""1,3072""",FLOAT16,ND,N/A,4.482,193633,0.538,0.12,0.4,0.089,1.284,0.286,3.618,0.807,2.681,0.598,0.0,0.0,0,0.0,0.0,0.0,0.0,0.0,0.0,0.0,0.0,0.0,78.636
0,6,2,119,6,Swish_6Mul_9,AutomaticBufferFusionOp,static,AI_VECTOR_CORE,1786306885500762.840	,1.440,0.050000,3,0,NO,"""1,1,3072;1,1,3072""",FLOAT16;FLOAT16,ND;ND,"""1,1,3072""",FLOAT16,ND,N/A,0.0,0,0.0,0.0,0.0,0.0,0.0,0.0,0.0,0.0,0.0,0.0,0.0,0.773,4175,0.163,0.211,0.124,0.16,0.136,0.176,0.141,0.183,0.211,0.000
0,6,2,120,6,MatMul_34,MatMul,static,AI_CORE,1786306885500764.300	,6.360,0.060000,22,0,NO,"""1,3072;192,64,16,16""",FLOAT16;FLOAT16,ND;FRACTAL_NZ,"""1,1024""",FLOAT16,ND,N/A,4.744,187852,0.732,0.154,0.4,0.084,1.629,0.343,4.112,0.867,2.378,0.501,0.004,0.0,0,0.0,0.0,0.0,0.0,0.0,0.0,0.0,0.0,0.0,68.371
0,6,2,121,6,InplaceAddRmsNorm_13,InplaceAddRmsNorm,static,AI_VECTOR_CORE,1786306885500770.680	,1.660,0.140000,1,0,NO,"""1,1,1024;1,1,1024;1024""",FLOAT16;FLOAT16;FLOAT16,ND;ND;ND,"""1,1,1024;1,1,1;1,1,1024""",FLOAT16;FLOAT;FLOAT16,ND;ND;ND,N/A,0.0,0,0.0,0.0,0.0,0.0,0.0,0.0,0.0,0.0,0.0,0.0,0.0,1.099,1978,0.282,0.257,0.472,0.429,0.393,0.357,0.372,0.338,0.215,0.000
0,6,2,122,6,MatMul_35,MatMul,static,AI_CORE,1786306885500772.360	,5.360,0.000000,23,0,NO,"""1,1024;64,160,16,16""",FLOAT16;FLOAT16,ND;FRACTAL_NZ,"""1,2560""",FLOAT16,ND,N/A,3.817,158007,0.527,0.138,0.408,0.107,1.136,0.298,2.899,0.76,2.276,0.596,0.001,0.0,0,0.0,0.0,0.0,0.0,0.0,0.0,0.0,0.0,0.0,68.238
0,6,2,123,6,SplitV_9,SplitVD,static,AI_VECTOR_CORE,1786306885500777.740	,1.140,0.140000,1,0,NO,"""1,1,2560""",FLOAT16,ND,"""1,1,2048;1,1,256;1,1,256""",FLOAT16;FLOAT16;FLOAT16,ND;ND;ND,N/A,0.0,0,0.0,0.0,0.0,0.0,0.0,0.0,0.0,0.0,0.0,0.0,0.0,0.554,998,0.008,0.014,0.136,0.245,0.133,0.24,0.164,0.296,0.263,0.000
0,6,2,124,6,Scatter_15,Scatter,static,AI_VECTOR_CORE,1786306885500778.900	,1.240,0.110000,2,0,NO,"""1,2,1024,128;1;1,2,1,128""",FLOAT16;INT64;FLOAT16,NCHW;NCHW;NCHW,"""1,2,1024,128""",FLOAT16,NCHW,N/A,0.0,0,0.0,0.0,0.0,0.0,0.0,0.0,0.0,0.0,0.0,0.0,0.0,0.611,2199,0.008,0.013,0.142,0.232,0.169,0.276,0.113,0.186,0.214,0.000
0,6,2,125,6,ApplyRotaryPosEmb_7,ApplyRotaryPosEmb,static,AI_VECTOR_CORE,1786306885500780.160	,2.400,0.010000,1,0,NO,"""1,1,16,128;1,1,2,128;1,1,1,128;1,1,1,128""",FLOAT16;FLOAT16;FLOAT16;FLOAT16,NCHW;NCHW;NCHW;NCHW,"""1,1,16,128;1,1,2,128""",FLOAT16;FLOAT16,NCHW;NCHW,N/A,0.0,0,0.0,0.0,0.0,0.0,0.0,0.0,0.0,0.0,0.0,0.0,0.0,1.941,3494,0.153,0.079,1.367,0.704,0.158,0.082,0.146,0.075,0.169,0.000
0,6,2,126,6,Scatter_14,Scatter,static,AI_VECTOR_CORE,1786306885500782.580	,1.160,0.000000,2,0,NO,"""1,2,1024,128;1;1,2,1,128""",FLOAT16;INT64;FLOAT16,NCHW;NCHW;NCHW,"""1,2,1024,128""",FLOAT16,NCHW,N/A,0.0,0,0.0,0.0,0.0,0.0,0.0,0.0,0.0,0.0,0.0,0.0,0.0,0.565,2035,0.008,0.014,0.131,0.231,0.097,0.172,0.108,0.19,0.169,0.000
0,6,2,127,6,PaddleGqaIncreFlashAttentionAiv_7,PaddleGqaIncreFlashAttentionAiv,static,MIX_AIV,1786306885500784.940	,11.960,1.340000,32,0,NO,"""1,16,1,128;1,2,1024,128;1,2,1024,128;1,1,1,1024""",FLOAT16;FLOAT16;FLOAT16;BOOL,NCHW;NCHW;NCHW;NCHW,"""1,16,1,128""",FLOAT16,NCHW,0,0.0,0,0.0,0.0,0.0,0.0,0.0,0.0,0.0,0.0,0.0,0.0,0.0,11.006,633947,6.032,0.548,4.457,0.405,3.203,0.291,0.369,0.034,0.004,0.000
0,6,2,128,6,MatMul_36,MatMul,static,AI_CORE,1786306885500797.660	,4.860,0.790000,22,0,NO,"""1,2048;128,64,16,16""",FLOAT16;FLOAT16,ND;FRACTAL_NZ,"""1,1024""",FLOAT16,ND,N/A,3.293,130412,0.489,0.149,0.421,0.128,1.13,0.343,2.635,0.8,2.171,0.659,0.002,0.0,0,0.0,0.0,0.0,0.0,0.0,0.0,0.0,0.0,0.0,62.115
0,6,2,129,6,InplaceAddRmsNorm_14,InplaceAddRmsNorm,static,AI_VECTOR_CORE,1786306885500802.540	,1.540,0.000000,1,0,NO,"""1,1,1024;1,1,1024;1024""",FLOAT16;FLOAT16;FLOAT16,ND;ND;ND,"""1,1,1024;1,1,1;1,1,1024""",FLOAT16;FLOAT;FLOAT16,ND;ND;ND,N/A,0.0,0,0.0,0.0,0.0,0.0,0.0,0.0,0.0,0.0,0.0,0.0,0.0,1.062,1911,0.282,0.266,0.488,0.459,0.372,0.35,0.359,0.339,0.215,0.000
0,6,2,130,6,MatMul_37,MatMul,static,AI_CORE,1786306885500804.100	,5.460,0.000000,24,0,NO,"""1,1024;64,192,16,16""",FLOAT16;FLOAT16,ND;FRACTAL_NZ,"""1,3072""",FLOAT16,ND,N/A,4.406,190346,0.538,0.122,0.432,0.098,1.286,0.292,3.523,0.799,2.704,0.614,0.0,0.0,0,0.0,0.0,0.0,0.0,0.0,0.0,0.0,0.0,0.0,80.699
0,6,2,131,6,MatMul_38,MatMul,static,AI_CORE,1786306885500809.580	,6.160,0.040000,24,0,NO,"""1,1024;64,192,16,16""",FLOAT16;FLOAT16,ND;FRACTAL_NZ,"""1,3072""",FLOAT16,ND,N/A,4.494,194121,0.538,0.12,0.433,0.096,1.282,0.285,3.539,0.788,2.719,0.605,0.0,0.0,0,0.0,0.0,0.0,0.0,0.0,0.0,0.0,0.0,0.0,72.947
0,6,2,132,6,Swish_7Mul_10,AutomaticBufferFusionOp,static,AI_VECTOR_CORE,1786306885500815.760	,1.660,0.090000,3,0,NO,"""1,1,3072;1,1,3072""",FLOAT16;FLOAT16,ND;ND,"""1,1,3072""",FLOAT16,ND,N/A,0.0,0,0.0,0.0,0.0,0.0,0.0,0.0,0.0,0.0,0.0,0.0,0.0,0.967,5221,0.163,0.168,0.171,0.177,0.143,0.147,0.137,0.142,0.194,0.000
0,6,2,133,6,MatMul_39,MatMul,static,AI_CORE,1786306885500817.440	,6.220,0.090000,22,0,NO,"""1,3072;192,64,16,16""",FLOAT16;FLOAT16,ND;FRACTAL_NZ,"""1,1024""",FLOAT16,ND,N/A,5.157,204233,0.732,0.142,0.825,0.16,1.654,0.321,4.194,0.813,2.278,0.442,0.004,0.0,0,0.0,0.0,0.0,0.0,0.0,0.0,0.0,0.0,0.0,76.007
0,6,2,134,6,InplaceAddRmsNorm_15,InplaceAddRmsNorm,static,AI_VECTOR_CORE,1786306885500823.700	,1.900,0.030000,1,0,NO,"""1,1,1024;1,1,1024;1024""",FLOAT16;FLOAT16;FLOAT16,ND;ND;ND,"""1,1,1024;1,1,1;1,1,1024""",FLOAT16;FLOAT;FLOAT16,ND;ND;ND,N/A,0.0,0,0.0,0.0,0.0,0.0,0.0,0.0,0.0,0.0,0.0,0.0,0.0,1.386,2495,0.282,0.204,0.456,0.329,0.367,0.265,0.351,0.253,0.223,0.000
0,6,2,135,6,MatMul_40,MatMul,static,AI_CORE,1786306885500825.620	,5.000,0.000000,23,0,NO,"""1,1024;64,160,16,16""",FLOAT16;FLOAT16,ND;FRACTAL_NZ,"""1,2560""",FLOAT16,ND,N/A,3.895,161270,0.527,0.135,0.519,0.133,1.137,0.292,2.876,0.738,2.285,0.587,0.001,0.0,0,0.0,0.0,0.0,0.0,0.0,0.0,0.0,0.0,0.0,74.662
0,6,2,136,6,SplitV_10,SplitVD,static,AI_VECTOR_CORE,1786306885500830.640	,1.060,0.250000,1,0,NO,"""1,1,2560""",FLOAT16,ND,"""1,1,2048;1,1,256;1,1,256""",FLOAT16;FLOAT16;FLOAT16,ND;ND;ND,N/A,0.0,0,0.0,0.0,0.0,0.0,0.0,0.0,0.0,0.0,0.0,0.0,0.0,0.535,963,0.008,0.015,0.134,0.25,0.128,0.24,0.152,0.283,0.263,0.000
0,6,2,137,6,Scatter_17,Scatter,static,AI_VECTOR_CORE,1786306885500831.720	,1.280,0.000000,2,0,NO,"""1,2,1024,128;1;1,2,1,128""",FLOAT16;INT64;FLOAT16,NCHW;NCHW;NCHW,"""1,2,1024,128""",FLOAT16,NCHW,N/A,0.0,0,0.0,0.0,0.0,0.0,0.0,0.0,0.0,0.0,0.0,0.0,0.0,0.603,2170,0.008,0.013,0.138,0.228,0.128,0.212,0.1,0.166,0.169,0.000
0,6,2,138,6,ApplyRotaryPosEmb_8,ApplyRotaryPosEmb,static,AI_VECTOR_CORE,1786306885500833.020	,2.940,0.000000,1,0,NO,"""1,1,16,128;1,1,2,128;1,1,1,128;1,1,1,128""",FLOAT16;FLOAT16;FLOAT16;FLOAT16,NCHW;NCHW;NCHW;NCHW,"""1,1,16,128;1,1,2,128""",FLOAT16;FLOAT16,NCHW;NCHW,N/A,0.0,0,0.0,0.0,0.0,0.0,0.0,0.0,0.0,0.0,0.0,0.0,0.0,2.393,4307,0.153,0.064,1.369,0.572,0.206,0.086,0.144,0.06,0.167,0.000
0,6,2,139,6,Scatter_16,Scatter,static,AI_VECTOR_CORE,1786306885500835.980	,1.360,0.060000,2,0,NO,"""1,2,1024,128;1;1,2,1,128""",FLOAT16;INT64;FLOAT16,NCHW;NCHW;NCHW,"""1,2,1024,128""",FLOAT16,NCHW,N/A,0.0,0,0.0,0.0,0.0,0.0,0.0,0.0,0.0,0.0,0.0,0.0,0.0,0.663,2388,0.008,0.012,0.167,0.252,0.129,0.195,0.125,0.189,0.169,0.000
0,6,2,140,6,PaddleGqaIncreFlashAttentionAiv_8,PaddleGqaIncreFlashAttentionAiv,static,MIX_AIV,1786306885500838.220	,11.880,0.890000,32,0,NO,"""1,16,1,128;1,2,1024,128;1,2,1024,128;1,1,1,1024""",FLOAT16;FLOAT16;FLOAT16;BOOL,NCHW;NCHW;NCHW;NCHW,"""1,16,1,128""",FLOAT16,NCHW,0,0.0,0,0.0,0.0,0.0,0.0,0.0,0.0,0.0,0.0,0.0,0.0,0.0,10.943,630338,6.032,0.551,4.5,0.411,3.087,0.282,0.406,0.037,0.003,0.000
0,6,2,141,6,MatMul_41,MatMul,static,AI_CORE,1786306885500850.900	,4.360,0.870000,22,0,NO,"""1,2048;128,64,16,16""",FLOAT16;FLOAT16,ND;FRACTAL_NZ,"""1,1024""",FLOAT16,ND,N/A,3.221,127546,0.489,0.152,0.663,0.206,1.127,0.35,2.564,0.796,2.138,0.664,0.002,0.0,0,0.0,0.0,0.0,0.0,0.0,0.0,0.0,0.0,0.0,67.717
0,6,2,142,6,InplaceAddRmsNorm_16,InplaceAddRmsNorm,static,AI_VECTOR_CORE,1786306885500855.280	,1.760,0.000000,1,0,NO,"""1,1,1024;1,1,1024;1024""",FLOAT16;FLOAT16;FLOAT16,ND;ND;ND,"""1,1,1024;1,1,1;1,1,1024""",FLOAT16;FLOAT;FLOAT16,ND;ND;ND,N/A,0.0,0,0.0,0.0,0.0,0.0,0.0,0.0,0.0,0.0,0.0,0.0,0.0,1.212,2182,0.282,0.233,0.445,0.367,0.532,0.439,0.363,0.3,0.215,0.000
0,6,2,143,6,MatMul_42,MatMul,static,AI_CORE,1786306885500857.060	,5.420,0.000000,24,0,NO,"""1,1024;64,192,16,16""",FLOAT16;FLOAT16,ND;FRACTAL_NZ,"""1,3072""",FLOAT16,ND,N/A,4.378,189133,0.538,0.123,0.536,0.122,1.286,0.294,3.378,0.772,2.599,0.594,0.0,0.0,0,0.0,0.0,0.0,0.0,0.0,0.0,0.0,0.0,0.0,80.776
0,6,2,144,6,MatMul_43,MatMul,static,AI_CORE,1786306885500862.500	,5.440,0.080000,24,0,NO,"""1,1024;64,192,16,16""",FLOAT16;FLOAT16,ND;FRACTAL_NZ,"""1,3072""",FLOAT16,ND,N/A,4.438,191711,0.538,0.121,0.535,0.121,1.285,0.29,3.458,0.779,2.57,0.579,0.0,0.0,0,0.0,0.0,0.0,0.0,0.0,0.0,0.0,0.0,0.0,81.576
0,6,2,145,6,Swish_8Mul_11,AutomaticBufferFusionOp,static,AI_VECTOR_CORE,1786306885500867.960	,1.480,0.060000,3,0,NO,"""1,1,3072;1,1,3072""",FLOAT16;FLOAT16,ND;ND,"""1,1,3072""",FLOAT16,ND,N/A,0.0,0,0.0,0.0,0.0,0.0,0.0,0.0,0.0,0.0,0.0,0.0,0.0,0.811,4378,0.163,0.201,0.14,0.173,0.14,0.172,0.14,0.172,0.185,0.000
0,6,2,146,6,MatMul_44,MatMul,static,AI_CORE,1786306885500869.460	,6.740,0.020000,22,0,NO,"""1,3072;192,64,16,16""",FLOAT16;FLOAT16,ND;FRACTAL_NZ,"""1,1024""",FLOAT16,ND,N/A,5.315,210457,0.733,0.138,1.038,0.195,1.664,0.313,4.146,0.78,2.128,0.4,0.003,0.0,0,0.0,0.0,0.0,0.0,0.0,0.0,0.0,0.0,0.0,72.280
0,6,2,147,6,InplaceAddRmsNorm_17,InplaceAddRmsNorm,static,AI_VECTOR_CORE,1786306885500876.220	,1.720,0.010000,1,0,NO,"""1,1,1024;1,1,1024;1024""",FLOAT16;FLOAT16;FLOAT16,ND;ND;ND,"""1,1,1024;1,1,1;1,1,1024""",FLOAT16;FLOAT;FLOAT16,ND;ND;ND,N/A,0.0,0,0.0,0.0,0.0,0.0,0.0,0.0,0.0,0.0,0.0,0.0,0.0,1.253,2256,0.282,0.225,0.526,0.42,0.522,0.417,0.42,0.335,0.215,0.000
0,6,2,148,6,MatMul_45,MatMul,static,AI_CORE,1786306885500877.960	,4.940,0.030000,23,0,NO,"""1,1024;64,160,16,16""",FLOAT16;FLOAT16,ND;FRACTAL_NZ,"""1,2560""",FLOAT16,ND,N/A,3.907,161738,0.527,0.135,0.508,0.13,1.136,0.291,2.883,0.738,2.208,0.565,0.001,0.0,0,0.0,0.0,0.0,0.0,0.0,0.0,0.0,0.0,0.0,75.788
0,6,2,149,6,SplitV_11,SplitVD,static,AI_VECTOR_CORE,1786306885500882.920	,1.020,0.060000,1,0,NO,"""1,1,2560""",FLOAT16,ND,"""1,1,2048;1,1,256;1,1,256""",FLOAT16;FLOAT16;FLOAT16,ND;ND;ND,N/A,0.0,0,0.0,0.0,0.0,0.0,0.0,0.0,0.0,0.0,0.0,0.0,0.0,0.527,948,0.008,0.015,0.148,0.281,0.134,0.254,0.157,0.299,0.263,0.000
0,6,2,150,6,Scatter_19,Scatter,static,AI_VECTOR_CORE,1786306885500883.960	,1.040,0.000000,2,0,NO,"""1,2,1024,128;1;1,2,1,128""",FLOAT16;INT64;FLOAT16,NCHW;NCHW;NCHW,"""1,2,1024,128""",FLOAT16,NCHW,N/A,0.0,0,0.0,0.0,0.0,0.0,0.0,0.0,0.0,0.0,0.0,0.0,0.0,0.498,1792,0.008,0.016,0.12,0.242,0.116,0.232,0.107,0.215,0.214,0.000
0,6,2,151,6,ApplyRotaryPosEmb_9,ApplyRotaryPosEmb,static,AI_VECTOR_CORE,1786306885500885.020	,2.340,0.000000,1,0,NO,"""1,1,16,128;1,1,2,128;1,1,1,128;1,1,1,128""",FLOAT16;FLOAT16;FLOAT16;FLOAT16,NCHW;NCHW;NCHW;NCHW,"""1,1,16,128;1,1,2,128""",FLOAT16;FLOAT16,NCHW;NCHW,N/A,0.0,0,0.0,0.0,0.0,0.0,0.0,0.0,0.0,0.0,0.0,0.0,0.0,1.82,3276,0.153,0.084,1.305,0.717,0.167,0.092,0.147,0.081,0.167,0.000
0,6,2,152,6,Scatter_18,Scatter,static,AI_VECTOR_CORE,1786306885500887.380	,1.340,0.160000,2,0,NO,"""1,2,1024,128;1;1,2,1,128""",FLOAT16;INT64;FLOAT16,NCHW;NCHW;NCHW,"""1,2,1024,128""",FLOAT16,NCHW,N/A,0.0,0,0.0,0.0,0.0,0.0,0.0,0.0,0.0,0.0,0.0,0.0,0.0,0.664,2389,0.008,0.012,0.171,0.258,0.118,0.177,0.117,0.176,0.169,0.000
0,6,2,153,6,PaddleGqaIncreFlashAttentionAiv_9,PaddleGqaIncreFlashAttentionAiv,static,MIX_AIV,1786306885500889.660	,11.500,0.910000,32,0,NO,"""1,16,1,128;1,2,1024,128;1,2,1024,128;1,1,1,1024""",FLOAT16;FLOAT16;FLOAT16;BOOL,NCHW;NCHW;NCHW;NCHW,"""1,16,1,128""",FLOAT16,NCHW,0,0.0,0,0.0,0.0,0.0,0.0,0.0,0.0,0.0,0.0,0.0,0.0,0.0,10.561,608320,6.031,0.571,3.878,0.367,2.954,0.28,0.368,0.035,0.003,0.000
0,6,2,154,6,MatMul_46,MatMul,static,AI_CORE,1786306885500902.320	,5.540,1.000000,22,0,NO,"""1,2048;128,64,16,16""",FLOAT16;FLOAT16,ND;FRACTAL_NZ,"""1,1024""",FLOAT16,ND,N/A,4.109,162724,0.488,0.119,0.996,0.242,1.095,0.266,2.855,0.695,2.113,0.514,0.002,0.0,0,0.0,0.0,0.0,0.0,0.0,0.0,0.0,0.0,0.0,67.992
0,6,2,155,6,InplaceAddRmsNorm_18,InplaceAddRmsNorm,static,AI_VECTOR_CORE,1786306885500907.900	,1.720,0.210000,1,0,NO,"""1,1,1024;1,1,1024;1024""",FLOAT16;FLOAT16;FLOAT16,ND;ND;ND,"""1,1,1024;1,1,1;1,1,1024""",FLOAT16;FLOAT;FLOAT16,ND;ND;ND,N/A,0.0,0,0.0,0.0,0.0,0.0,0.0,0.0,0.0,0.0,0.0,0.0,0.0,1.174,2114,0.282,0.24,0.554,0.472,0.382,0.325,0.362,0.308,0.223,0.000
0,6,2,156,6,MatMul_47,MatMul,static,AI_CORE,1786306885500909.640	,5.580,0.030000,24,0,NO,"""1,1024;64,192,16,16""",FLOAT16;FLOAT16,ND;FRACTAL_NZ,"""1,3072""",FLOAT16,ND,N/A,4.421,190999,0.538,0.122,0.537,0.121,1.286,0.291,3.441,0.778,2.58,0.584,0.0,0.0,0,0.0,0.0,0.0,0.0,0.0,0.0,0.0,0.0,0.0,79.234
0,6,2,157,6,MatMul_48,MatMul,static,AI_CORE,1786306885500915.240	,5.540,0.000000,24,0,NO,"""1,1024;64,192,16,16""",FLOAT16;FLOAT16,ND;FRACTAL_NZ,"""1,3072""",FLOAT16,ND,N/A,4.469,193068,0.538,0.12,0.539,0.121,1.285,0.288,3.465,0.775,2.641,0.591,0.0,0.0,0,0.0,0.0,0.0,0.0,0.0,0.0,0.0,0.0,0.0,80.671
0,6,2,158,6,Swish_9Mul_12,AutomaticBufferFusionOp,static,AI_VECTOR_CORE,1786306885500920.800	,1.440,0.000000,3,0,NO,"""1,1,3072;1,1,3072""",FLOAT16;FLOAT16,ND;ND,"""1,1,3072""",FLOAT16,ND,N/A,0.0,0,0.0,0.0,0.0,0.0,0.0,0.0,0.0,0.0,0.0,0.0,0.0,0.8,4319,0.163,0.204,0.139,0.174,0.141,0.177,0.136,0.17,0.202,0.000
0,6,2,159,6,MatMul_49,MatMul,static,AI_CORE,1786306885500922.260	,6.120,0.060000,22,0,NO,"""1,3072;192,64,16,16""",FLOAT16;FLOAT16,ND;FRACTAL_NZ,"""1,1024""",FLOAT16,ND,N/A,4.782,189367,0.731,0.153,0.525,0.11,1.638,0.342,4.069,0.851,2.197,0.459,0.003,0.0,0,0.0,0.0,0.0,0.0,0.0,0.0,0.0,0.0,0.0,71.626
0,6,2,160,6,InplaceAddRmsNorm_19,InplaceAddRmsNorm,static,AI_VECTOR_CORE,1786306885500928.400	,1.700,0.130000,1,0,NO,"""1,1,1024;1,1,1024;1024""",FLOAT16;FLOAT16;FLOAT16,ND;ND;ND,"""1,1,1024;1,1,1;1,1,1024""",FLOAT16;FLOAT;FLOAT16,ND;ND;ND,N/A,0.0,0,0.0,0.0,0.0,0.0,0.0,0.0,0.0,0.0,0.0,0.0,0.0,1.117,2010,0.282,0.253,0.486,0.435,0.371,0.332,0.358,0.32,0.215,0.000
0,6,2,161,6,MatMul_50,MatMul,static,AI_CORE,1786306885500930.120	,6.800,0.000000,23,0,NO,"""1,1024;64,160,16,16""",FLOAT16;FLOAT16,ND;FRACTAL_NZ,"""1,2560""",FLOAT16,ND,N/A,4.921,203725,0.527,0.107,0.511,0.104,1.138,0.231,3.935,0.8,3.306,0.672,0.001,0.0,0,0.0,0.0,0.0,0.0,0.0,0.0,0.0,0.0,0.0,69.351
0,6,2,162,6,SplitV_12,SplitVD,static,AI_VECTOR_CORE,1786306885500936.940	,1.180,0.200000,1,0,NO,"""1,1,2560""",FLOAT16,ND,"""1,1,2048;1,1,256;1,1,256""",FLOAT16;FLOAT16;FLOAT16,ND;ND;ND,N/A,0.0,0,0.0,0.0,0.0,0.0,0.0,0.0,0.0,0.0,0.0,0.0,0.0,0.604,1088,0.008,0.013,0.182,0.301,0.135,0.223,0.147,0.244,0.263,0.000
0,6,2,163,6,Scatter_21,Scatter,static,AI_VECTOR_CORE,1786306885500938.140	,1.080,0.070000,2,0,NO,"""1,2,1024,128;1;1,2,1,128""",FLOAT16;INT64;FLOAT16,NCHW;NCHW;NCHW,"""1,2,1024,128""",FLOAT16,NCHW,N/A,0.0,0,0.0,0.0,0.0,0.0,0.0,0.0,0.0,0.0,0.0,0.0,0.0,0.456,1641,0.008,0.017,0.164,0.36,0.12,0.264,0.104,0.229,0.185,0.000
0,6,2,164,6,ApplyRotaryPosEmb_10,ApplyRotaryPosEmb,static,AI_VECTOR_CORE,1786306885500939.240	,1.760,0.000000,1,0,NO,"""1,1,16,128;1,1,2,128;1,1,1,128;1,1,1,128""",FLOAT16;FLOAT16;FLOAT16;FLOAT16,NCHW;NCHW;NCHW;NCHW,"""1,1,16,128;1,1,2,128""",FLOAT16;FLOAT16,NCHW;NCHW,N/A,0.0,0,0.0,0.0,0.0,0.0,0.0,0.0,0.0,0.0,0.0,0.0,0.0,1.293,2327,0.153,0.118,1.054,0.815,0.133,0.103,0.144,0.112,0.016,0.000
0,6,2,165,6,Scatter_20,Scatter,static,AI_VECTOR_CORE,1786306885500941.020	,1.160,0.000000,2,0,NO,"""1,2,1024,128;1;1,2,1,128""",FLOAT16;INT64;FLOAT16,NCHW;NCHW;NCHW,"""1,2,1024,128""",FLOAT16,NCHW,N/A,0.0,0,0.0,0.0,0.0,0.0,0.0,0.0,0.0,0.0,0.0,0.0,0.0,0.576,2073,0.008,0.014,0.147,0.255,0.109,0.189,0.114,0.197,0.2,0.000
0,6,2,166,6,PaddleGqaIncreFlashAttentionAiv_10,PaddleGqaIncreFlashAttentionAiv,static,MIX_AIV,1786306885500943.480	,13.980,1.340000,32,0,NO,"""1,16,1,128;1,2,1024,128;1,2,1024,128;1,1,1,1024""",FLOAT16;FLOAT16;FLOAT16;BOOL,NCHW;NCHW;NCHW;NCHW,"""1,16,1,128""",FLOAT16,NCHW,0,0.0,0,0.0,0.0,0.0,0.0,0.0,0.0,0.0,0.0,0.0,0.0,0.0,13.029,750484,6.031,0.463,6.336,0.486,2.826,0.217,0.362,0.028,0.003,0.000
0,6,2,167,6,MatMul_51,MatMul,static,AI_CORE,1786306885500958.600	,4.920,1.020000,22,0,NO,"""1,2048;128,64,16,16""",FLOAT16;FLOAT16,ND;FRACTAL_NZ,"""1,1024""",FLOAT16,ND,N/A,3.378,133773,0.488,0.144,0.493,0.146,1.103,0.326,2.61,0.773,2.187,0.647,0.002,0.0,0,0.0,0.0,0.0,0.0,0.0,0.0,0.0,0.0,0.0,62.939
0,6,2,168,6,InplaceAddRmsNorm_20,InplaceAddRmsNorm,static,AI_VECTOR_CORE,1786306885500963.540	,1.600,0.080000,1,0,NO,"""1,1,1024;1,1,1024;1024""",FLOAT16;FLOAT16;FLOAT16,ND;ND;ND,"""1,1,1024;1,1,1;1,1,1024""",FLOAT16;FLOAT;FLOAT16,ND;ND;ND,N/A,0.0,0,0.0,0.0,0.0,0.0,0.0,0.0,0.0,0.0,0.0,0.0,0.0,1.031,1856,0.282,0.274,0.412,0.4,0.37,0.359,0.359,0.349,0.223,0.000
0,6,2,169,6,MatMul_52,MatMul,static,AI_CORE,1786306885500965.160	,5.420,0.150000,24,0,NO,"""1,1024;64,192,16,16""",FLOAT16;FLOAT16,ND;FRACTAL_NZ,"""1,3072""",FLOAT16,ND,N/A,4.389,189603,0.538,0.123,0.526,0.12,1.284,0.293,3.397,0.774,2.568,0.585,0.0,0.0,0,0.0,0.0,0.0,0.0,0.0,0.0,0.0,0.0,0.0,80.977
0,6,2,170,6,MatMul_53,MatMul,static,AI_CORE,1786306885500970.600	,5.440,0.000000,24,0,NO,"""1,1024;64,192,16,16""",FLOAT16;FLOAT16,ND;FRACTAL_NZ,"""1,3072""",FLOAT16,ND,N/A,4.426,191216,0.538,0.121,0.745,0.168,1.285,0.29,3.445,0.778,2.657,0.6,0.0,0.0,0,0.0,0.0,0.0,0.0,0.0,0.0,0.0,0.0,0.0,81.366
0,6,2,171,6,Swish_10Mul_13,AutomaticBufferFusionOp,static,AI_VECTOR_CORE,1786306885500976.060	,1.520,0.060000,3,0,NO,"""1,1,3072;1,1,3072""",FLOAT16;FLOAT16,ND;ND,"""1,1,3072""",FLOAT16,ND,N/A,0.0,0,0.0,0.0,0.0,0.0,0.0,0.0,0.0,0.0,0.0,0.0,0.0,0.812,4387,0.163,0.201,0.145,0.179,0.163,0.2,0.138,0.169,0.176,0.000
0,6,2,172,6,MatMul_54,MatMul,static,AI_CORE,1786306885500977.620	,5.940,0.000000,22,0,NO,"""1,3072;192,64,16,16""",FLOAT16;FLOAT16,ND;FRACTAL_NZ,"""1,1024""",FLOAT16,ND,N/A,4.653,184274,0.73,0.157,0.511,0.11,1.675,0.36,3.968,0.853,2.231,0.479,0.004,0.0,0,0.0,0.0,0.0,0.0,0.0,0.0,0.0,0.0,0.0,71.811
0,6,2,173,6,InplaceAddRmsNorm_21,InplaceAddRmsNorm,static,AI_VECTOR_CORE,1786306885500983.580	,1.680,0.060000,1,0,NO,"""1,1,1024;1,1,1024;1024""",FLOAT16;FLOAT16;FLOAT16,ND;ND;ND,"""1,1,1024;1,1,1;1,1,1024""",FLOAT16;FLOAT;FLOAT16,ND;ND;ND,N/A,0.0,0,0.0,0.0,0.0,0.0,0.0,0.0,0.0,0.0,0.0,0.0,0.0,1.166,2099,0.282,0.242,0.481,0.413,0.473,0.406,0.394,0.338,0.215,0.000
0,6,2,174,6,MatMul_55,MatMul,static,AI_CORE,1786306885500985.280	,5.700,0.070000,23,0,NO,"""1,1024;64,160,16,16""",FLOAT16;FLOAT16,ND;FRACTAL_NZ,"""1,2560""",FLOAT16,ND,N/A,3.877,160508,0.527,0.136,0.491,0.127,1.137,0.293,2.867,0.739,2.244,0.579,0.001,0.0,0,0.0,0.0,0.0,0.0,0.0,0.0,0.0,0.0,0.0,65.184
0,6,2,175,6,SplitV_13,SplitVD,static,AI_VECTOR_CORE,1786306885500991.000	,1.100,0.050000,1,0,NO,"""1,1,2560""",FLOAT16,ND,"""1,1,2048;1,1,256;1,1,256""",FLOAT16;FLOAT16;FLOAT16,ND;ND;ND,N/A,0.0,0,0.0,0.0,0.0,0.0,0.0,0.0,0.0,0.0,0.0,0.0,0.0,0.568,1022,0.008,0.014,0.16,0.282,0.126,0.221,0.136,0.24,0.263,0.000
0,6,2,176,6,Scatter_23,Scatter,static,AI_VECTOR_CORE,1786306885500992.120	,1.100,0.000000,2,0,NO,"""1,2,1024,128;1;1,2,1,128""",FLOAT16;INT64;FLOAT16,NCHW;NCHW;NCHW,"""1,2,1024,128""",FLOAT16,NCHW,N/A,0.0,0,0.0,0.0,0.0,0.0,0.0,0.0,0.0,0.0,0.0,0.0,0.0,0.479,1725,0.008,0.016,0.159,0.332,0.106,0.221,0.12,0.25,0.17,0.000
0,6,2,177,6,ApplyRotaryPosEmb_11,ApplyRotaryPosEmb,static,AI_VECTOR_CORE,1786306885500993.240	,2.320,0.150000,1,0,NO,"""1,1,16,128;1,1,2,128;1,1,1,128;1,1,1,128""",FLOAT16;FLOAT16;FLOAT16;FLOAT16,NCHW;NCHW;NCHW;NCHW,"""1,1,16,128;1,1,2,128""",FLOAT16;FLOAT16,NCHW;NCHW,N/A,0.0,0,0.0,0.0,0.0,0.0,0.0,0.0,0.0,0.0,0.0,0.0,0.0,1.798,3237,0.158,0.088,1.217,0.677,0.164,0.091,0.151,0.084,0.17,0.000
0,6,2,178,6,Scatter_22,Scatter,static,AI_VECTOR_CORE,1786306885500995.600	,1.140,0.000000,2,0,NO,"""1,2,1024,128;1;1,2,1,128""",FLOAT16;INT64;FLOAT16,NCHW;NCHW;NCHW,"""1,2,1024,128""",FLOAT16,NCHW,N/A,0.0,0,0.0,0.0,0.0,0.0,0.0,0.0,0.0,0.0,0.0,0.0,0.0,0.49,1765,0.008,0.016,0.132,0.269,0.125,0.256,0.106,0.215,0.2,0.000
0,6,2,179,6,PaddleGqaIncreFlashAttentionAiv_11,PaddleGqaIncreFlashAttentionAiv,static,MIX_AIV,1786306885500997.920	,14.060,1.360000,32,0,NO,"""1,16,1,128;1,2,1024,128;1,2,1024,128;1,1,1,1024""",FLOAT16;FLOAT16;FLOAT16;BOOL,NCHW;NCHW;NCHW;NCHW,"""1,16,1,128""",FLOAT16,NCHW,0,0.0,0,0.0,0.0,0.0,0.0,0.0,0.0,0.0,0.0,0.0,0.0,0.0,13.058,752136,6.031,0.462,6.455,0.494,3.008,0.23,0.408,0.031,0.003,0.000
0,6,2,180,6,MatMul_56,MatMul,static,AI_CORE,1786306885501013.040	,4.580,0.940000,22,0,NO,"""1,2048;128,64,16,16""",FLOAT16;FLOAT16,ND;FRACTAL_NZ,"""1,1024""",FLOAT16,ND,N/A,3.355,132871,0.487,0.145,0.51,0.152,1.124,0.335,2.619,0.781,2.198,0.655,0.002,0.0,0,0.0,0.0,0.0,0.0,0.0,0.0,0.0,0.0,0.0,67.155
0,6,2,181,6,InplaceAddRmsNorm_22,InplaceAddRmsNorm,static,AI_VECTOR_CORE,1786306885501017.640	,1.740,0.170000,1,0,NO,"""1,1,1024;1,1,1024;1024""",FLOAT16;FLOAT16;FLOAT16,ND;ND;ND,"""1,1,1024;1,1,1;1,1,1024""",FLOAT16;FLOAT;FLOAT16,ND;ND;ND,N/A,0.0,0,0.0,0.0,0.0,0.0,0.0,0.0,0.0,0.0,0.0,0.0,0.0,1.193,2148,0.282,0.236,0.453,0.379,0.541,0.453,0.354,0.297,0.223,0.000
0,6,2,182,6,MatMul_57,MatMul,static,AI_CORE,1786306885501019.400	,7.200,0.010000,24,0,NO,"""1,1024;64,192,16,16""",FLOAT16;FLOAT16,ND;FRACTAL_NZ,"""1,3072""",FLOAT16,ND,N/A,4.459,192647,0.538,0.121,0.436,0.098,1.288,0.289,3.566,0.8,2.039,0.457,0.0,0.0,0,0.0,0.0,0.0,0.0,0.0,0.0,0.0,0.0,0.0,61.936
0,6,2,183,6,MatMul_58,MatMul,static,AI_CORE,1786306885501026.640	,6.220,0.050000,24,0,NO,"""1,1024;64,192,16,16""",FLOAT16;FLOAT16,ND;FRACTAL_NZ,"""1,3072""",FLOAT16,ND,N/A,5.021,216926,0.538,0.107,0.922,0.184,1.285,0.256,3.625,0.722,2.432,0.484,0.0,0.0,0,0.0,0.0,0.0,0.0,0.0,0.0,0.0,0.0,0.0,80.730
0,6,2,184,6,Swish_11Mul_14,AutomaticBufferFusionOp,static,AI_VECTOR_CORE,1786306885501032.880	,1.580,0.030000,3,0,NO,"""1,1,3072;1,1,3072""",FLOAT16;FLOAT16,ND;ND,"""1,1,3072""",FLOAT16,ND,N/A,0.0,0,0.0,0.0,0.0,0.0,0.0,0.0,0.0,0.0,0.0,0.0,0.0,0.856,4623,0.163,0.19,0.126,0.148,0.133,0.155,0.139,0.162,0.167,0.000
0,6,2,185,6,MatMul_59,MatMul,static,AI_CORE,1786306885501034.500	,6.380,0.000000,22,0,NO,"""1,3072;192,64,16,16""",FLOAT16;FLOAT16,ND;FRACTAL_NZ,"""1,1024""",FLOAT16,ND,N/A,4.614,182698,0.732,0.159,0.432,0.094,1.653,0.358,3.96,0.858,2.235,0.484,0.004,0.0,0,0.0,0.0,0.0,0.0,0.0,0.0,0.0,0.0,0.0,66.287
0,6,2,186,6,InplaceAddRmsNorm_23,InplaceAddRmsNorm,static,AI_VECTOR_CORE,1786306885501040.900	,1.620,0.120000,1,0,NO,"""1,1,1024;1,1,1024;1024""",FLOAT16;FLOAT16;FLOAT16,ND;ND;ND,"""1,1,1024;1,1,1;1,1,1024""",FLOAT16;FLOAT;FLOAT16,ND;ND;ND,N/A,0.0,0,0.0,0.0,0.0,0.0,0.0,0.0,0.0,0.0,0.0,0.0,0.0,1.056,1900,0.282,0.267,0.435,0.412,0.393,0.373,0.363,0.344,0.223,0.000
0,6,2,187,6,MatMul_60,MatMul,static,AI_CORE,1786306885501042.560	,5.260,0.000000,23,0,NO,"""1,1024;64,160,16,16""",FLOAT16;FLOAT16,ND;FRACTAL_NZ,"""1,2560""",FLOAT16,ND,N/A,3.944,163270,0.527,0.134,0.444,0.113,1.136,0.288,2.966,0.752,2.363,0.599,0.001,0.0,0,0.0,0.0,0.0,0.0,0.0,0.0,0.0,0.0,0.0,71.852
0,6,2,188,6,SplitV_14,SplitVD,static,AI_VECTOR_CORE,1786306885501047.840	,1.120,0.000000,1,0,NO,"""1,1,2560""",FLOAT16,ND,"""1,1,2048;1,1,256;1,1,256""",FLOAT16;FLOAT16;FLOAT16,ND;ND;ND,N/A,0.0,0,0.0,0.0,0.0,0.0,0.0,0.0,0.0,0.0,0.0,0.0,0.0,0.543,977,0.008,0.014,0.116,0.214,0.134,0.248,0.153,0.282,0.263,0.000
0,6,2,189,6,Scatter_25,Scatter,static,AI_VECTOR_CORE,1786306885501048.980	,0.960,0.130000,2,0,NO,"""1,2,1024,128;1;1,2,1,128""",FLOAT16;INT64;FLOAT16,NCHW;NCHW;NCHW,"""1,2,1024,128""",FLOAT16,NCHW,N/A,0.0,0,0.0,0.0,0.0,0.0,0.0,0.0,0.0,0.0,0.0,0.0,0.0,0.386,1391,0.008,0.02,0.125,0.323,0.092,0.239,0.093,0.242,0.185,0.000
0,6,2,190,6,ApplyRotaryPosEmb_12,ApplyRotaryPosEmb,static,AI_VECTOR_CORE,1786306885501049.960	,2.440,0.040000,1,0,NO,"""1,1,16,128;1,1,2,128;1,1,1,128;1,1,1,128""",FLOAT16;FLOAT16;FLOAT16;FLOAT16,NCHW;NCHW;NCHW;NCHW,"""1,1,16,128;1,1,2,128""",FLOAT16;FLOAT16,NCHW;NCHW,N/A,0.0,0,0.0,0.0,0.0,0.0,0.0,0.0,0.0,0.0,0.0,0.0,0.0,1.916,3448,0.153,0.08,1.321,0.69,0.168,0.088,0.147,0.077,0.172,0.000
0,6,2,191,6,Scatter_24,Scatter,static,AI_VECTOR_CORE,1786306885501052.420	,1.180,0.060000,2,0,NO,"""1,2,1024,128;1;1,2,1,128""",FLOAT16;INT64;FLOAT16,NCHW;NCHW;NCHW,"""1,2,1024,128""",FLOAT16,NCHW,N/A,0.0,0,0.0,0.0,0.0,0.0,0.0,0.0,0.0,0.0,0.0,0.0,0.0,0.484,1742,0.008,0.016,0.118,0.243,0.113,0.232,0.082,0.169,0.155,0.000
0,6,2,192,6,PaddleGqaIncreFlashAttentionAiv_12,PaddleGqaIncreFlashAttentionAiv,static,MIX_AIV,1786306885501054.780	,12.180,1.070000,32,0,NO,"""1,16,1,128;1,2,1024,128;1,2,1024,128;1,1,1,1024""",FLOAT16;FLOAT16;FLOAT16;BOOL,NCHW;NCHW;NCHW;NCHW,"""1,16,1,128""",FLOAT16,NCHW,0,0.0,0,0.0,0.0,0.0,0.0,0.0,0.0,0.0,0.0,0.0,0.0,0.0,11.225,646553,6.031,0.537,4.553,0.406,3.048,0.272,0.393,0.035,0.003,0.000
0,6,2,193,6,MatMul_61,MatMul,static,AI_CORE,1786306885501068.080	,4.720,1.070000,22,0,NO,"""1,2048;128,64,16,16""",FLOAT16;FLOAT16,ND;FRACTAL_NZ,"""1,1024""",FLOAT16,ND,N/A,3.297,130564,0.487,0.148,0.439,0.133,1.115,0.338,2.625,0.796,2.18,0.661,0.002,0.0,0,0.0,0.0,0.0,0.0,0.0,0.0,0.0,0.0,0.0,64.032
0,6,2,194,6,InplaceAddRmsNorm_24,InplaceAddRmsNorm,static,AI_VECTOR_CORE,1786306885501072.820	,1.520,0.030000,1,0,NO,"""1,1,1024;1,1,1024;1024""",FLOAT16;FLOAT16;FLOAT16,ND;ND;ND,"""1,1,1024;1,1,1;1,1,1024""",FLOAT16;FLOAT;FLOAT16,ND;ND;ND,N/A,0.0,0,0.0,0.0,0.0,0.0,0.0,0.0,0.0,0.0,0.0,0.0,0.0,1.055,1899,0.282,0.268,0.455,0.431,0.373,0.353,0.377,0.357,0.223,0.000
0,6,2,195,6,MatMul_62,MatMul,static,AI_CORE,1786306885501074.360	,5.380,0.000000,24,0,NO,"""1,1024;64,192,16,16""",FLOAT16;FLOAT16,ND;FRACTAL_NZ,"""1,3072""",FLOAT16,ND,N/A,4.407,190361,0.538,0.122,0.437,0.099,1.285,0.292,3.52,0.799,2.747,0.623,0.0,0.0,0,0.0,0.0,0.0,0.0,0.0,0.0,0.0,0.0,0.0,81.905
0,6,2,196,6,MatMul_63,MatMul,static,AI_CORE,1786306885501079.760	,5.560,0.120000,24,0,NO,"""1,1024;64,192,16,16""",FLOAT16;FLOAT16,ND;FRACTAL_NZ,"""1,3072""",FLOAT16,ND,N/A,4.375,188996,0.538,0.123,0.443,0.101,1.285,0.294,3.471,0.793,2.666,0.609,0.0,0.0,0,0.0,0.0,0.0,0.0,0.0,0.0,0.0,0.0,0.0,78.685
0,6,2,197,6,Swish_12Mul_15,AutomaticBufferFusionOp,static,AI_VECTOR_CORE,1786306885501085.340	,1.440,0.000000,3,0,NO,"""1,1,3072;1,1,3072""",FLOAT16;FLOAT16,ND;ND,"""1,1,3072""",FLOAT16,ND,N/A,0.0,0,0.0,0.0,0.0,0.0,0.0,0.0,0.0,0.0,0.0,0.0,0.0,0.783,4229,0.163,0.209,0.168,0.214,0.158,0.202,0.13,0.166,0.176,0.000
0,6,2,198,6,MatMul_64,MatMul,static,AI_CORE,1786306885501086.820	,5.740,0.060000,22,0,NO,"""1,3072;192,64,16,16""",FLOAT16;FLOAT16,ND;FRACTAL_NZ,"""1,1024""",FLOAT16,ND,N/A,4.496,178024,0.734,0.163,0.434,0.097,1.654,0.368,3.877,0.862,2.219,0.494,0.004,0.0,0,0.0,0.0,0.0,0.0,0.0,0.0,0.0,0.0,0.0,71.793
0,6,2,199,6,InplaceAddRmsNorm_25,InplaceAddRmsNorm,static,AI_VECTOR_CORE,1786306885501092.580	,1.660,0.010000,1,0,NO,"""1,1,1024;1,1,1024;1024""",FLOAT16;FLOAT16;FLOAT16,ND;ND;ND,"""1,1,1024;1,1,1;1,1,1024""",FLOAT16;FLOAT;FLOAT16,ND;ND;ND,N/A,0.0,0,0.0,0.0,0.0,0.0,0.0,0.0,0.0,0.0,0.0,0.0,0.0,1.154,2077,0.282,0.245,0.441,0.382,0.506,0.438,0.372,0.323,0.223,0.000
0,6,2,200,6,MatMul_65,MatMul,static,AI_CORE,1786306885501094.260	,5.100,0.090000,23,0,NO,"""1,1024;64,160,16,16""",FLOAT16;FLOAT16,ND;FRACTAL_NZ,"""1,2560""",FLOAT16,ND,N/A,3.762,155765,0.527,0.14,0.652,0.173,1.137,0.302,2.84,0.755,2.268,0.603,0.001,0.0,0,0.0,0.0,0.0,0.0,0.0,0.0,0.0,0.0,0.0,70.699
0,6,2,201,6,SplitV_15,SplitVD,static,AI_VECTOR_CORE,1786306885501099.380	,1.060,0.150000,1,0,NO,"""1,1,2560""",FLOAT16,ND,"""1,1,2048;1,1,256;1,1,256""",FLOAT16;FLOAT16;FLOAT16,ND;ND;ND,N/A,0.0,0,0.0,0.0,0.0,0.0,0.0,0.0,0.0,0.0,0.0,0.0,0.0,0.509,917,0.008,0.015,0.111,0.217,0.123,0.241,0.136,0.267,0.263,0.000
0,6,2,202,6,Scatter_27,Scatter,static,AI_VECTOR_CORE,1786306885501100.460	,1.140,0.000000,2,0,NO,"""1,2,1024,128;1;1,2,1,128""",FLOAT16;INT64;FLOAT16,NCHW;NCHW;NCHW,"""1,2,1024,128""",FLOAT16,NCHW,N/A,0.0,0,0.0,0.0,0.0,0.0,0.0,0.0,0.0,0.0,0.0,0.0,0.0,0.479,1726,0.008,0.016,0.187,0.39,0.117,0.243,0.109,0.228,0.17,0.000
0,6,2,203,6,ApplyRotaryPosEmb_13,ApplyRotaryPosEmb,static,AI_VECTOR_CORE,1786306885501101.620	,2.340,0.000000,1,0,NO,"""1,1,16,128;1,1,2,128;1,1,1,128;1,1,1,128""",FLOAT16;FLOAT16;FLOAT16;FLOAT16,NCHW;NCHW;NCHW;NCHW,"""1,1,16,128;1,1,2,128""",FLOAT16;FLOAT16,NCHW;NCHW,N/A,0.0,0,0.0,0.0,0.0,0.0,0.0,0.0,0.0,0.0,0.0,0.0,0.0,1.794,3229,0.159,0.089,1.235,0.688,0.162,0.09,0.153,0.085,0.167,0.000
0,6,2,204,6,Scatter_26,Scatter,static,AI_VECTOR_CORE,1786306885501103.980	,1.160,0.160000,2,0,NO,"""1,2,1024,128;1;1,2,1,128""",FLOAT16;INT64;FLOAT16,NCHW;NCHW;NCHW,"""1,2,1024,128""",FLOAT16,NCHW,N/A,0.0,0,0.0,0.0,0.0,0.0,0.0,0.0,0.0,0.0,0.0,0.0,0.0,0.491,1769,0.008,0.016,0.121,0.247,0.114,0.231,0.113,0.23,0.2,0.000
0,6,2,205,6,PaddleGqaIncreFlashAttentionAiv_13,PaddleGqaIncreFlashAttentionAiv,static,MIX_AIV,1786306885501106.220	,13.580,1.090000,32,0,NO,"""1,16,1,128;1,2,1024,128;1,2,1024,128;1,1,1,1024""",FLOAT16;FLOAT16;FLOAT16;BOOL,NCHW;NCHW;NCHW;NCHW,"""1,16,1,128""",FLOAT16,NCHW,0,0.0,0,0.0,0.0,0.0,0.0,0.0,0.0,0.0,0.0,0.0,0.0,0.0,12.616,726705,6.032,0.478,5.784,0.458,3.166,0.251,0.342,0.027,0.003,0.000
0,6,2,206,6,MatMul_66,MatMul,static,AI_CORE,1786306885501120.720	,4.720,0.920000,22,0,NO,"""1,2048;128,64,16,16""",FLOAT16;FLOAT16,ND;FRACTAL_NZ,"""1,1024""",FLOAT16,ND,N/A,3.337,132164,0.488,0.146,0.446,0.134,1.117,0.335,2.647,0.793,2.233,0.669,0.002,0.0,0,0.0,0.0,0.0,0.0,0.0,0.0,0.0,0.0,0.0,64.817
0,6,2,207,6,InplaceAddRmsNorm_26,InplaceAddRmsNorm,static,AI_VECTOR_CORE,1786306885501125.460	,1.640,0.030000,1,0,NO,"""1,1,1024;1,1,1024;1024""",FLOAT16;FLOAT16;FLOAT16,ND;ND;ND,"""1,1,1024;1,1,1;1,1,1024""",FLOAT16;FLOAT;FLOAT16,ND;ND;ND,N/A,0.0,0,0.0,0.0,0.0,0.0,0.0,0.0,0.0,0.0,0.0,0.0,0.0,1.11,1998,0.282,0.254,0.534,0.481,0.358,0.323,0.344,0.31,0.215,0.000
0,6,2,208,6,MatMul_67,MatMul,static,AI_CORE,1786306885501127.120	,6.440,0.000000,24,0,NO,"""1,1024;64,192,16,16""",FLOAT16;FLOAT16,ND;FRACTAL_NZ,"""1,3072""",FLOAT16,ND,N/A,5.128,221546,0.538,0.105,0.917,0.179,1.285,0.251,3.74,0.729,2.465,0.481,0.0,0.0,0,0.0,0.0,0.0,0.0,0.0,0.0,0.0,0.0,0.0,79.633
0,6,2,209,6,MatMul_68,MatMul,static,AI_CORE,1786306885501133.600	,5.500,0.060000,24,0,NO,"""1,1024;64,192,16,16""",FLOAT16;FLOAT16,ND;FRACTAL_NZ,"""1,3072""",FLOAT16,ND,N/A,4.361,188375,0.538,0.123,0.458,0.105,1.285,0.295,3.443,0.79,2.619,0.601,0.0,0.0,0,0.0,0.0,0.0,0.0,0.0,0.0,0.0,0.0,0.0,79.282
0,6,2,210,6,Swish_13Mul_16,AutomaticBufferFusionOp,static,AI_VECTOR_CORE,1786306885501139.120	,1.560,0.000000,3,0,NO,"""1,1,3072;1,1,3072""",FLOAT16;FLOAT16,ND;ND,"""1,1,3072""",FLOAT16,ND,N/A,0.0,0,0.0,0.0,0.0,0.0,0.0,0.0,0.0,0.0,0.0,0.0,0.0,0.852,4601,0.163,0.191,0.118,0.139,0.131,0.153,0.135,0.158,0.167,0.000
0,6,2,211,6,MatMul_69,MatMul,static,AI_CORE,1786306885501140.700	,5.920,0.190000,22,0,NO,"""1,3072;192,64,16,16""",FLOAT16;FLOAT16,ND;FRACTAL_NZ,"""1,1024""",FLOAT16,ND,N/A,4.547,180066,0.732,0.161,0.45,0.099,1.639,0.361,3.911,0.86,2.133,0.469,0.003,0.0,0,0.0,0.0,0.0,0.0,0.0,0.0,0.0,0.0,0.0,70.409
0,6,2,212,6,InplaceAddRmsNorm_27,InplaceAddRmsNorm,static,AI_VECTOR_CORE,1786306885501146.640	,1.720,0.080000,1,0,NO,"""1,1,1024;1,1,1024;1024""",FLOAT16;FLOAT16;FLOAT16,ND;ND;ND,"""1,1,1024;1,1,1;1,1,1024""",FLOAT16;FLOAT;FLOAT16,ND;ND;ND,N/A,0.0,0,0.0,0.0,0.0,0.0,0.0,0.0,0.0,0.0,0.0,0.0,0.0,1.2,2160,0.282,0.235,0.488,0.406,0.513,0.427,0.402,0.335,0.223,0.000
0,6,2,213,6,MatMul_70,MatMul,static,AI_CORE,1786306885501148.380	,5.700,0.030000,23,0,NO,"""1,1024;64,160,16,16""",FLOAT16;FLOAT16,ND;FRACTAL_NZ,"""1,2560""",FLOAT16,ND,N/A,4.579,189588,0.527,0.115,0.887,0.194,1.136,0.248,3.132,0.684,2.087,0.456,0.001,0.0,0,0.0,0.0,0.0,0.0,0.0,0.0,0.0,0.0,0.0,76.993
0,6,2,214,6,SplitV_16,SplitVD,static,AI_VECTOR_CORE,1786306885501154.100	,1.100,0.000000,1,0,NO,"""1,1,2560""",FLOAT16,ND,"""1,1,2048;1,1,256;1,1,256""",FLOAT16;FLOAT16;FLOAT16,ND;ND;ND,N/A,0.0,0,0.0,0.0,0.0,0.0,0.0,0.0,0.0,0.0,0.0,0.0,0.0,0.63,1134,0.008,0.012,0.114,0.182,0.126,0.2,0.143,0.228,0.263,0.000
0,6,2,215,6,Scatter_29,Scatter,static,AI_VECTOR_CORE,1786306885501155.240	,1.280,0.150000,2,0,NO,"""1,2,1024,128;1;1,2,1,128""",FLOAT16;INT64;FLOAT16,NCHW;NCHW;NCHW,"""1,2,1024,128""",FLOAT16,NCHW,N/A,0.0,0,0.0,0.0,0.0,0.0,0.0,0.0,0.0,0.0,0.0,0.0,0.0,0.759,2734,0.008,0.01,0.194,0.256,0.33,0.435,0.119,0.156,0.185,0.000
0,6,2,216,6,ApplyRotaryPosEmb_14,ApplyRotaryPosEmb,static,AI_VECTOR_CORE,1786306885501156.540	,2.400,0.000000,1,0,NO,"""1,1,16,128;1,1,2,128;1,1,1,128;1,1,1,128""",FLOAT16;FLOAT16;FLOAT16;FLOAT16,NCHW;NCHW;NCHW;NCHW,"""1,1,16,128;1,1,2,128""",FLOAT16;FLOAT16,NCHW;NCHW,N/A,0.0,0,0.0,0.0,0.0,0.0,0.0,0.0,0.0,0.0,0.0,0.0,0.0,1.889,3400,0.158,0.084,1.327,0.702,0.152,0.081,0.14,0.074,0.167,0.000
0,6,2,217,6,Scatter_28,Scatter,static,AI_VECTOR_CORE,1786306885501158.960	,1.160,0.100000,2,0,NO,"""1,2,1024,128;1;1,2,1,128""",FLOAT16;INT64;FLOAT16,NCHW;NCHW;NCHW,"""1,2,1024,128""",FLOAT16,NCHW,N/A,0.0,0,0.0,0.0,0.0,0.0,0.0,0.0,0.0,0.0,0.0,0.0,0.0,0.501,1803,0.008,0.016,0.12,0.239,0.108,0.215,0.092,0.184,0.155,0.000
0,6,2,218,6,PaddleGqaIncreFlashAttentionAiv_14,PaddleGqaIncreFlashAttentionAiv,static,MIX_AIV,1786306885501161.220	,11.200,1.090000,32,0,NO,"""1,16,1,128;1,2,1024,128;1,2,1024,128;1,1,1,1024""",FLOAT16;FLOAT16;FLOAT16;BOOL,NCHW;NCHW;NCHW;NCHW,"""1,16,1,128""",FLOAT16,NCHW,0,0.0,0,0.0,0.0,0.0,0.0,0.0,0.0,0.0,0.0,0.0,0.0,0.0,10.226,589014,6.031,0.59,3.646,0.357,2.813,0.275,0.405,0.04,0.004,0.000
0,6,2,219,6,MatMul_71,MatMul,static,AI_CORE,1786306885501173.280	,4.640,0.800000,22,0,NO,"""1,2048;128,64,16,16""",FLOAT16;FLOAT16,ND;FRACTAL_NZ,"""1,1024""",FLOAT16,ND,N/A,3.395,134442,0.487,0.143,0.498,0.147,1.103,0.325,2.663,0.784,2.182,0.643,0.002,0.0,0,0.0,0.0,0.0,0.0,0.0,0.0,0.0,0.0,0.0,67.071
0,6,2,220,6,InplaceAddRmsNorm_28,InplaceAddRmsNorm,static,AI_VECTOR_CORE,1786306885501177.940	,1.520,0.110000,1,0,NO,"""1,1,1024;1,1,1024;1024""",FLOAT16;FLOAT16;FLOAT16,ND;ND;ND,"""1,1,1024;1,1,1;1,1,1024""",FLOAT16;FLOAT;FLOAT16,ND;ND;ND,N/A,0.0,0,0.0,0.0,0.0,0.0,0.0,0.0,0.0,0.0,0.0,0.0,0.0,1.062,1911,0.282,0.266,0.484,0.456,0.391,0.368,0.363,0.342,0.223,0.000
0,6,2,221,6,MatMul_72,MatMul,static,AI_CORE,1786306885501179.480	,6.700,0.000000,24,0,NO,"""1,1024;64,192,16,16""",FLOAT16;FLOAT16,ND;FRACTAL_NZ,"""1,3072""",FLOAT16,ND,N/A,5.466,236132,0.538,0.098,1.08,0.197,1.283,0.235,3.858,0.706,2.407,0.44,0.0,0.0,0,0.0,0.0,0.0,0.0,0.0,0.0,0.0,0.0,0.0,81.582
0,6,2,222,6,MatMul_73,MatMul,static,AI_CORE,1786306885501186.200	,5.520,0.050000,24,0,NO,"""1,1024;64,192,16,16""",FLOAT16;FLOAT16,ND;FRACTAL_NZ,"""1,3072""",FLOAT16,ND,N/A,4.451,192283,0.538,0.121,0.534,0.12,1.285,0.289,3.457,0.777,2.591,0.582,0.0,0.0,0,0.0,0.0,0.0,0.0,0.0,0.0,0.0,0.0,0.0,80.634
0,6,2,223,6,Swish_14Mul_17,AutomaticBufferFusionOp,static,AI_VECTOR_CORE,1786306885501191.740	,1.420,0.000000,3,0,NO,"""1,1,3072;1,1,3072""",FLOAT16;FLOAT16,ND;ND,"""1,1,3072""",FLOAT16,ND,N/A,0.0,0,0.0,0.0,0.0,0.0,0.0,0.0,0.0,0.0,0.0,0.0,0.0,0.821,4435,0.163,0.199,0.139,0.169,0.129,0.157,0.139,0.169,0.167,0.000
0,6,2,224,6,MatMul_74,MatMul,static,AI_CORE,1786306885501193.180	,5.820,0.080000,22,0,NO,"""1,3072;192,64,16,16""",FLOAT16;FLOAT16,ND;FRACTAL_NZ,"""1,1024""",FLOAT16,ND,N/A,4.599,182124,0.732,0.159,0.516,0.112,1.679,0.365,3.903,0.849,2.225,0.484,0.004,0.0,0,0.0,0.0,0.0,0.0,0.0,0.0,0.0,0.0,0.0,72.437
0,6,2,225,6,InplaceAddRmsNorm_29,InplaceAddRmsNorm,static,AI_VECTOR_CORE,1786306885501199.040	,2.100,0.000000,1,0,NO,"""1,1,1024;1,1,1024;1024""",FLOAT16;FLOAT16;FLOAT16,ND;ND;ND,"""1,1,1024;1,1,1;1,1,1024""",FLOAT16;FLOAT;FLOAT16,ND;ND;ND,N/A,0.0,0,0.0,0.0,0.0,0.0,0.0,0.0,0.0,0.0,0.0,0.0,0.0,1.61,2898,0.282,0.175,0.459,0.285,0.531,0.33,0.371,0.231,0.215,0.000
0,6,2,226,6,MatMul_75,MatMul,static,AI_CORE,1786306885501201.160	,5.900,0.150000,23,0,NO,"""1,1024;64,160,16,16""",FLOAT16;FLOAT16,ND;FRACTAL_NZ,"""1,2560""",FLOAT16,ND,N/A,3.902,161527,0.527,0.135,0.498,0.128,1.136,0.291,2.899,0.743,2.214,0.567,0.001,0.0,0,0.0,0.0,0.0,0.0,0.0,0.0,0.0,0.0,0.0,63.374
0,6,2,227,6,SplitV_17,SplitVD,static,AI_VECTOR_CORE,1786306885501207.080	,1.040,0.000000,1,0,NO,"""1,1,2560""",FLOAT16,ND,"""1,1,2048;1,1,256;1,1,256""",FLOAT16;FLOAT16;FLOAT16,ND;ND;ND,N/A,0.0,0,0.0,0.0,0.0,0.0,0.0,0.0,0.0,0.0,0.0,0.0,0.0,0.512,922,0.008,0.015,0.12,0.234,0.121,0.235,0.146,0.284,0.263,0.000
0,6,2,228,6,Scatter_31,Scatter,static,AI_VECTOR_CORE,1786306885501208.140	,1.060,0.210000,2,0,NO,"""1,2,1024,128;1;1,2,1,128""",FLOAT16;INT64;FLOAT16,NCHW;NCHW;NCHW,"""1,2,1024,128""",FLOAT16,NCHW,N/A,0.0,0,0.0,0.0,0.0,0.0,0.0,0.0,0.0,0.0,0.0,0.0,0.0,0.46,1657,0.008,0.017,0.145,0.316,0.124,0.27,0.113,0.246,0.185,0.000
0,6,2,229,6,ApplyRotaryPosEmb_15,ApplyRotaryPosEmb,static,AI_VECTOR_CORE,1786306885501209.220	,3.260,0.000000,1,0,NO,"""1,1,16,128;1,1,2,128;1,1,1,128;1,1,1,128""",FLOAT16;FLOAT16;FLOAT16;FLOAT16,NCHW;NCHW;NCHW;NCHW,"""1,1,16,128;1,1,2,128""",FLOAT16;FLOAT16,NCHW;NCHW,N/A,0.0,0,0.0,0.0,0.0,0.0,0.0,0.0,0.0,0.0,0.0,0.0,0.0,2.745,4941,0.159,0.058,1.438,0.524,0.144,0.053,0.157,0.057,0.164,0.000
0,6,2,230,6,Scatter_30,Scatter,static,AI_VECTOR_CORE,1786306885501212.500	,1.020,0.000000,2,0,NO,"""1,2,1024,128;1;1,2,1,128""",FLOAT16;INT64;FLOAT16,NCHW;NCHW;NCHW,"""1,2,1024,128""",FLOAT16,NCHW,N/A,0.0,0,0.0,0.0,0.0,0.0,0.0,0.0,0.0,0.0,0.0,0.0,0.0,0.43,1548,0.008,0.018,0.125,0.291,0.108,0.252,0.087,0.203,0.2,0.000
0,6,2,231,6,PaddleGqaIncreFlashAttentionAiv_15,PaddleGqaIncreFlashAttentionAiv,static,MIX_AIV,1786306885501214.420	,12.640,0.980000,32,0,NO,"""1,16,1,128;1,2,1024,128;1,2,1024,128;1,1,1,1024""",FLOAT16;FLOAT16;FLOAT16;BOOL,NCHW;NCHW;NCHW;NCHW,"""1,16,1,128""",FLOAT16,NCHW,0,0.0,0,0.0,0.0,0.0,0.0,0.0,0.0,0.0,0.0,0.0,0.0,0.0,11.696,673663,6.031,0.516,5.098,0.436,3.284,0.281,0.426,0.036,0.004,0.000
0,6,2,232,6,MatMul_76,MatMul,static,AI_CORE,1786306885501228.320	,4.940,1.110000,22,0,NO,"""1,2048;128,64,16,16""",FLOAT16;FLOAT16,ND;FRACTAL_NZ,"""1,1024""",FLOAT16,ND,N/A,3.309,131048,0.488,0.147,0.477,0.144,1.108,0.335,2.61,0.789,2.115,0.639,0.002,0.0,0,0.0,0.0,0.0,0.0,0.0,0.0,0.0,0.0,0.0,61.407
0,6,2,233,6,InplaceAddRmsNorm_30,InplaceAddRmsNorm,static,AI_VECTOR_CORE,1786306885501233.300	,1.600,0.060000,1,0,NO,"""1,1,1024;1,1,1024;1024""",FLOAT16;FLOAT16;FLOAT16,ND;ND;ND,"""1,1,1024;1,1,1;1,1,1024""",FLOAT16;FLOAT;FLOAT16,ND;ND;ND,N/A,0.0,0,0.0,0.0,0.0,0.0,0.0,0.0,0.0,0.0,0.0,0.0,0.0,1.051,1892,0.282,0.268,0.424,0.404,0.396,0.376,0.37,0.352,0.223,0.000
0,6,2,234,6,MatMul_77,MatMul,static,AI_CORE,1786306885501234.920	,5.640,0.150000,24,0,NO,"""1,1024;64,192,16,16""",FLOAT16;FLOAT16,ND;FRACTAL_NZ,"""1,3072""",FLOAT16,ND,N/A,4.39,189667,0.538,0.122,0.514,0.117,1.284,0.293,3.422,0.779,2.591,0.59,0.0,0.0,0,0.0,0.0,0.0,0.0,0.0,0.0,0.0,0.0,0.0,77.845
0,6,2,235,6,MatMul_78,MatMul,static,AI_CORE,1786306885501240.600	,5.440,0.000000,24,0,NO,"""1,1024;64,192,16,16""",FLOAT16;FLOAT16,ND;FRACTAL_NZ,"""1,3072""",FLOAT16,ND,N/A,4.436,191629,0.538,0.121,0.516,0.116,1.285,0.29,3.458,0.78,2.635,0.594,0.0,0.0,0,0.0,0.0,0.0,0.0,0.0,0.0,0.0,0.0,0.0,81.541
0,6,2,236,6,Swish_15Mul_18,AutomaticBufferFusionOp,static,AI_VECTOR_CORE,1786306885501246.060	,1.740,0.060000,3,0,NO,"""1,1,3072;1,1,3072""",FLOAT16;FLOAT16,ND;ND,"""1,1,3072""",FLOAT16,ND,N/A,0.0,0,0.0,0.0,0.0,0.0,0.0,0.0,0.0,0.0,0.0,0.0,0.0,0.979,5286,0.163,0.166,0.155,0.158,0.138,0.141,0.137,0.14,0.194,0.000
0,6,2,237,6,MatMul_79,MatMul,static,AI_CORE,1786306885501247.820	,5.860,0.010000,22,0,NO,"""1,3072;192,64,16,16""",FLOAT16;FLOAT16,ND;FRACTAL_NZ,"""1,1024""",FLOAT16,ND,N/A,4.602,182251,0.731,0.159,0.712,0.155,1.645,0.357,3.896,0.846,2.155,0.468,0.003,0.0,0,0.0,0.0,0.0,0.0,0.0,0.0,0.0,0.0,0.0,71.993
0,6,2,238,6,InplaceAddRmsNorm_31,InplaceAddRmsNorm,static,AI_VECTOR_CORE,1786306885501253.700	,1.540,0.140000,1,0,NO,"""1,1,1024;1,1,1024;1024""",FLOAT16;FLOAT16;FLOAT16,ND;ND;ND,"""1,1,1024;1,1,1;1,1,1024""",FLOAT16;FLOAT;FLOAT16,ND;ND;ND,N/A,0.0,0,0.0,0.0,0.0,0.0,0.0,0.0,0.0,0.0,0.0,0.0,0.0,1.067,1920,0.282,0.265,0.491,0.46,0.381,0.357,0.362,0.34,0.215,0.000
0,6,2,239,6,MatMul_80,MatMul,static,AI_CORE,1786306885501255.260	,5.840,0.000000,23,0,NO,"""1,1024;64,160,16,16""",FLOAT16;FLOAT16,ND;FRACTAL_NZ,"""1,2560""",FLOAT16,ND,N/A,3.93,162686,0.527,0.134,0.485,0.123,1.135,0.289,2.914,0.742,2.321,0.591,0.001,0.0,0,0.0,0.0,0.0,0.0,0.0,0.0,0.0,0.0,0.0,64.484
0,6,2,240,6,SplitV_18,SplitVD,static,AI_VECTOR_CORE,1786306885501261.140	,1.000,0.160000,1,0,NO,"""1,1,2560""",FLOAT16,ND,"""1,1,2048;1,1,256;1,1,256""",FLOAT16;FLOAT16;FLOAT16,ND;ND;ND,N/A,0.0,0,0.0,0.0,0.0,0.0,0.0,0.0,0.0,0.0,0.0,0.0,0.0,0.537,966,0.008,0.014,0.129,0.241,0.128,0.239,0.149,0.278,0.263,0.000
0,6,2,241,6,Scatter_33,Scatter,static,AI_VECTOR_CORE,1786306885501262.160	,0.980,0.000000,2,0,NO,"""1,2,1024,128;1;1,2,1,128""",FLOAT16;INT64;FLOAT16,NCHW;NCHW;NCHW,"""1,2,1024,128""",FLOAT16,NCHW,N/A,0.0,0,0.0,0.0,0.0,0.0,0.0,0.0,0.0,0.0,0.0,0.0,0.0,0.417,1501,0.008,0.019,0.144,0.344,0.11,0.264,0.111,0.265,0.175,0.000
0,6,2,242,6,ApplyRotaryPosEmb_16,ApplyRotaryPosEmb,static,AI_VECTOR_CORE,1786306885501263.160	,2.420,0.020000,1,0,NO,"""1,1,16,128;1,1,2,128;1,1,1,128;1,1,1,128""",FLOAT16;FLOAT16;FLOAT16;FLOAT16,NCHW;NCHW;NCHW;NCHW,"""1,1,16,128;1,1,2,128""",FLOAT16;FLOAT16,NCHW;NCHW,N/A,0.0,0,0.0,0.0,0.0,0.0,0.0,0.0,0.0,0.0,0.0,0.0,0.0,1.901,3422,0.158,0.083,1.351,0.71,0.198,0.104,0.134,0.07,0.164,0.000
0,6,2,243,6,Scatter_32,Scatter,static,AI_VECTOR_CORE,1786306885501265.600	,1.120,0.000000,2,0,NO,"""1,2,1024,128;1;1,2,1,128""",FLOAT16;INT64;FLOAT16,NCHW;NCHW;NCHW,"""1,2,1024,128""",FLOAT16,NCHW,N/A,0.0,0,0.0,0.0,0.0,0.0,0.0,0.0,0.0,0.0,0.0,0.0,0.0,0.501,1802,0.008,0.016,0.171,0.342,0.109,0.218,0.108,0.215,0.2,0.000
0,6,2,244,6,PaddleGqaIncreFlashAttentionAiv_16,PaddleGqaIncreFlashAttentionAiv,static,MIX_AIV,1786306885501267.680	,12.660,1.130000,32,0,NO,"""1,16,1,128;1,2,1024,128;1,2,1024,128;1,1,1,1024""",FLOAT16;FLOAT16;FLOAT16;BOOL,NCHW;NCHW;NCHW;NCHW,"""1,16,1,128""",FLOAT16,NCHW,0,0.0,0,0.0,0.0,0.0,0.0,0.0,0.0,0.0,0.0,0.0,0.0,0.0,11.744,676444,6.031,0.514,5.122,0.436,3.131,0.267,0.433,0.037,0.003,0.000
0,6,2,245,6,MatMul_81,MatMul,static,AI_CORE,1786306885501281.580	,5.460,1.090000,22,0,NO,"""1,2048;128,64,16,16""",FLOAT16;FLOAT16,ND;FRACTAL_NZ,"""1,1024""",FLOAT16,ND,N/A,3.859,152835,0.487,0.126,1.093,0.283,1.099,0.285,2.601,0.674,2.081,0.539,0.002,0.0,0,0.0,0.0,0.0,0.0,0.0,0.0,0.0,0.0,0.0,64.796
0,6,2,246,6,InplaceAddRmsNorm_32,InplaceAddRmsNorm,static,AI_VECTOR_CORE,1786306885501287.060	,1.720,0.040000,1,0,NO,"""1,1,1024;1,1,1024;1024""",FLOAT16;FLOAT16;FLOAT16,ND;ND;ND,"""1,1,1024;1,1,1;1,1,1024""",FLOAT16;FLOAT;FLOAT16,ND;ND;ND,N/A,0.0,0,0.0,0.0,0.0,0.0,0.0,0.0,0.0,0.0,0.0,0.0,0.0,1.231,2216,0.282,0.229,0.503,0.408,0.561,0.456,0.392,0.319,0.223,0.000
0,6,2,247,6,MatMul_82,MatMul,static,AI_CORE,1786306885501288.800	,5.380,0.030000,24,0,NO,"""1,1024;64,192,16,16""",FLOAT16;FLOAT16,ND;FRACTAL_NZ,"""1,3072""",FLOAT16,ND,N/A,4.384,189383,0.538,0.123,0.516,0.118,1.284,0.293,3.409,0.778,2.573,0.587,0.0,0.0,0,0.0,0.0,0.0,0.0,0.0,0.0,0.0,0.0,0.0,81.484
0,6,2,248,6,MatMul_83,MatMul,static,AI_CORE,1786306885501294.200	,5.460,0.120000,24,0,NO,"""1,1024;64,192,16,16""",FLOAT16;FLOAT16,ND;FRACTAL_NZ,"""1,3072""",FLOAT16,ND,N/A,4.439,191747,0.538,0.121,0.513,0.116,1.285,0.29,3.473,0.782,2.571,0.579,0.0,0.0,0,0.0,0.0,0.0,0.0,0.0,0.0,0.0,0.0,0.0,81.293
0,6,2,249,6,Swish_16Mul_19,AutomaticBufferFusionOp,static,AI_VECTOR_CORE,1786306885501299.680	,1.560,0.040000,3,0,NO,"""1,1,3072;1,1,3072""",FLOAT16;FLOAT16,ND;ND,"""1,1,3072""",FLOAT16,ND,N/A,0.0,0,0.0,0.0,0.0,0.0,0.0,0.0,0.0,0.0,0.0,0.0,0.0,0.849,4587,0.163,0.192,0.125,0.147,0.14,0.165,0.14,0.165,0.157,0.000
0,6,2,250,6,MatMul_84,MatMul,static,AI_CORE,1786306885501301.260	,7.020,0.000000,22,0,NO,"""1,3072;192,64,16,16""",FLOAT16;FLOAT16,ND;FRACTAL_NZ,"""1,1024""",FLOAT16,ND,N/A,5.406,214090,0.731,0.135,1.006,0.186,1.65,0.305,4.253,0.787,2.308,0.427,0.003,0.0,0,0.0,0.0,0.0,0.0,0.0,0.0,0.0,0.0,0.0,70.595
0,6,2,251,6,InplaceAddRmsNorm_33,InplaceAddRmsNorm,static,AI_VECTOR_CORE,1786306885501308.300	,1.640,0.000000,1,0,NO,"""1,1,1024;1,1,1024;1024""",FLOAT16;FLOAT16;FLOAT16,ND;ND;ND,"""1,1,1024;1,1,1;1,1,1024""",FLOAT16;FLOAT;FLOAT16,ND;ND;ND,N/A,0.0,0,0.0,0.0,0.0,0.0,0.0,0.0,0.0,0.0,0.0,0.0,0.0,1.097,1975,0.282,0.257,0.504,0.46,0.386,0.352,0.359,0.327,0.215,0.000
0,6,2,252,6,MatMul_85,MatMul,static,AI_CORE,1786306885501309.960	,5.040,0.110000,23,0,NO,"""1,1024;64,160,16,16""",FLOAT16;FLOAT16,ND;FRACTAL_NZ,"""1,2560""",FLOAT16,ND,N/A,3.858,159702,0.527,0.137,0.503,0.13,1.138,0.295,2.856,0.74,2.222,0.576,0.001,0.0,0,0.0,0.0,0.0,0.0,0.0,0.0,0.0,0.0,0.0,73.349
0,6,2,253,6,SplitV_19,SplitVD,static,AI_VECTOR_CORE,1786306885501315.020	,1.060,0.000000,1,0,NO,"""1,1,2560""",FLOAT16,ND,"""1,1,2048;1,1,256;1,1,256""",FLOAT16;FLOAT16;FLOAT16,ND;ND;ND,N/A,0.0,0,0.0,0.0,0.0,0.0,0.0,0.0,0.0,0.0,0.0,0.0,0.0,0.516,928,0.008,0.015,0.149,0.29,0.133,0.259,0.158,0.307,0.263,0.000
0,6,2,254,6,Scatter_35,Scatter,static,AI_VECTOR_CORE,1786306885501316.120	,1.320,0.000000,2,0,NO,"""1,2,1024,128;1;1,2,1,128""",FLOAT16;INT64;FLOAT16,NCHW;NCHW;NCHW,"""1,2,1024,128""",FLOAT16,NCHW,N/A,0.0,0,0.0,0.0,0.0,0.0,0.0,0.0,0.0,0.0,0.0,0.0,0.0,0.579,2086,0.008,0.013,0.138,0.239,0.131,0.225,0.169,0.291,0.17,0.000
0,6,2,255,6,ApplyRotaryPosEmb_17,ApplyRotaryPosEmb,static,AI_VECTOR_CORE,1786306885501317.460	,2.420,0.180000,1,0,NO,"""1,1,16,128;1,1,2,128;1,1,1,128;1,1,1,128""",FLOAT16;FLOAT16;FLOAT16;FLOAT16,NCHW;NCHW;NCHW;NCHW,"""1,1,16,128;1,1,2,128""",FLOAT16;FLOAT16,NCHW;NCHW,N/A,0.0,0,0.0,0.0,0.0,0.0,0.0,0.0,0.0,0.0,0.0,0.0,0.0,1.838,3308,0.153,0.083,1.258,0.685,0.164,0.089,0.151,0.082,0.157,0.000
0,6,2,256,6,Scatter_34,Scatter,static,AI_VECTOR_CORE,1786306885501319.900	,1.100,0.080000,2,0,NO,"""1,2,1024,128;1;1,2,1,128""",FLOAT16;INT64;FLOAT16,NCHW;NCHW;NCHW,"""1,2,1024,128""",FLOAT16,NCHW,N/A,0.0,0,0.0,0.0,0.0,0.0,0.0,0.0,0.0,0.0,0.0,0.0,0.0,0.517,1860,0.008,0.015,0.183,0.354,0.101,0.195,0.109,0.211,0.2,0.000
0,6,2,257,6,PaddleGqaIncreFlashAttentionAiv_17,PaddleGqaIncreFlashAttentionAiv,static,MIX_AIV,1786306885501322.120	,11.120,0.900000,32,0,NO,"""1,16,1,128;1,2,1024,128;1,2,1024,128;1,1,1,1024""",FLOAT16;FLOAT16;FLOAT16;BOOL,NCHW;NCHW;NCHW;NCHW,"""1,16,1,128""",FLOAT16,NCHW,0,0.0,0,0.0,0.0,0.0,0.0,0.0,0.0,0.0,0.0,0.0,0.0,0.0,10.192,587066,6.031,0.592,3.507,0.344,3.101,0.304,0.36,0.035,0.003,0.000
0,6,2,258,6,MatMul_86,MatMul,static,AI_CORE,1786306885501334.180	,5.200,1.130000,22,0,NO,"""1,2048;128,64,16,16""",FLOAT16;FLOAT16,ND;FRACTAL_NZ,"""1,1024""",FLOAT16,ND,N/A,3.887,153936,0.487,0.125,0.874,0.225,1.101,0.283,2.788,0.717,2.121,0.546,0.002,0.0,0,0.0,0.0,0.0,0.0,0.0,0.0,0.0,0.0,0.0,68.526
0,6,2,259,6,InplaceAddRmsNorm_34,InplaceAddRmsNorm,static,AI_VECTOR_CORE,1786306885501339.400	,1.620,0.050000,1,0,NO,"""1,1,1024;1,1,1024;1024""",FLOAT16;FLOAT16;FLOAT16,ND;ND;ND,"""1,1,1024;1,1,1;1,1,1024""",FLOAT16;FLOAT;FLOAT16,ND;ND;ND,N/A,0.0,0,0.0,0.0,0.0,0.0,0.0,0.0,0.0,0.0,0.0,0.0,0.0,1.131,2035,0.282,0.25,0.528,0.467,0.381,0.337,0.386,0.341,0.223,0.000
0,6,2,260,6,MatMul_87,MatMul,static,AI_CORE,1786306885501341.040	,5.560,0.000000,24,0,NO,"""1,1024;64,192,16,16""",FLOAT16;FLOAT16,ND;FRACTAL_NZ,"""1,3072""",FLOAT16,ND,N/A,4.307,186079,0.538,0.125,0.434,0.101,1.285,0.298,3.42,0.794,2.611,0.606,0.0,0.0,0,0.0,0.0,0.0,0.0,0.0,0.0,0.0,0.0,0.0,77.471
0,6,2,261,6,MatMul_88,MatMul,static,AI_CORE,1786306885501346.620	,5.500,0.000000,24,0,NO,"""1,1024;64,192,16,16""",FLOAT16;FLOAT16,ND;FRACTAL_NZ,"""1,3072""",FLOAT16,ND,N/A,4.319,186574,0.537,0.124,0.432,0.1,1.285,0.298,3.417,0.791,2.674,0.619,0.0,0.0,0,0.0,0.0,0.0,0.0,0.0,0.0,0.0,0.0,0.0,78.524
0,6,2,262,6,Swish_17Mul_20,AutomaticBufferFusionOp,static,AI_VECTOR_CORE,1786306885501352.140	,1.400,0.250000,3,0,NO,"""1,1,3072;1,1,3072""",FLOAT16;FLOAT16,ND;ND,"""1,1,3072""",FLOAT16,ND,N/A,0.0,0,0.0,0.0,0.0,0.0,0.0,0.0,0.0,0.0,0.0,0.0,0.0,0.807,4357,0.163,0.202,0.141,0.174,0.138,0.171,0.148,0.183,0.185,0.000
0,6,2,263,6,MatMul_89,MatMul,static,AI_CORE,1786306885501353.560	,5.780,0.000000,22,0,NO,"""1,3072;192,64,16,16""",FLOAT16;FLOAT16,ND;FRACTAL_NZ,"""1,1024""",FLOAT16,ND,N/A,4.511,178623,0.733,0.163,0.428,0.095,1.644,0.364,3.884,0.861,2.096,0.465,0.003,0.0,0,0.0,0.0,0.0,0.0,0.0,0.0,0.0,0.0,0.0,71.536
0,6,2,264,6,InplaceAddRmsNorm_35,InplaceAddRmsNorm,static,AI_VECTOR_CORE,1786306885501359.360	,2.080,0.000000,1,0,NO,"""1,1,1024;1,1,1024;1024""",FLOAT16;FLOAT16;FLOAT16,ND;ND;ND,"""1,1,1024;1,1,1;1,1,1024""",FLOAT16;FLOAT;FLOAT16,ND;ND;ND,N/A,0.0,0,0.0,0.0,0.0,0.0,0.0,0.0,0.0,0.0,0.0,0.0,0.0,1.568,2822,0.282,0.18,0.472,0.301,0.375,0.239,0.35,0.223,0.223,0.000
0,6,2,265,6,MatMul_90,MatMul,static,AI_CORE,1786306885501361.460	,156.420,0.170000,24,0,NO,"""1,1024;64,6464,16,16""",FLOAT16;FLOAT16,ND;FRACTAL_NZ,"""1,103424""",FLOAT16,ND,N/A,145.368,6279902,18.105,0.125,3.269,0.022,44.101,0.303,141.855,0.976,38.508,0.265,0.02,0.0,0,0.0,0.0,0.0,0.0,0.0,0.0,0.0,0.0,0.0,92.934
0,6,4294967295,1350,3,aclnnInplaceZero_ZerosLikeAiCore_ZerosLike,ZerosLike,dynamic,AI_VECTOR_CORE,1786306885501531.620	,1.580,13.580000,1,0,NO,"""1""",BOOL,ND,"""1""",BOOL,ND,N/A,0.0,0,0.0,0.0,0.0,0.0,0.0,0.0,0.0,0.0,0.0,0.0,0.0,1.069,1925,0.028,0.026,0.294,0.275,0.001,0.001,0.104,0.097,0.204,0.000
0,6,4294967295,1351,3,aclnnInplaceCopy_CastAiCore_Cast,Cast,dynamic,AI_VECTOR_CORE,1786306885501533.220	,8.760,0.170000,48,0,NO,"""1,103424""",FLOAT16,ND,"""1,103424""",FLOAT,ND,N/A,0.0,0,0.0,0.0,0.0,0.0,0.0,0.0,0.0,0.0,0.0,0.0,0.0,5.791,500344,0.041,0.007,0.165,0.029,0.696,0.12,1.01,0.174,0.221,0.000
0,6,4294967295,1352,3,aclnnArgMax_ArgMaxV2AiCore_ArgMaxV2,ArgMaxV2,dynamic,AI_VECTOR_CORE,1786306885501542.000	,13.720,0.000000,1,0,NO,"""1,103424;""",FLOAT;INT64,ND;ND,"""1""",INT32,ND,N/A,0.0,0,0.0,0.0,0.0,0.0,0.0,0.0,0.0,0.0,0.0,0.0,0.0,13.211,23779,7.388,0.559,1.779,0.135,3.637,0.275,0.117,0.009,0.063,0.000
0,6,4294967295,1353,3,aclnnArgMax_CastAiCore_Cast,Cast,dynamic,AI_VECTOR_CORE,1786306885501555.740	,1.320,0.030000,1,0,NO,"""1""",INT32,ND,"""1""",INT64,ND,N/A,0.0,0,0.0,0.0,0.0,0.0,0.0,0.0,0.0,0.0,0.0,0.0,0.0,0.769,1385,0.026,0.034,0.251,0.326,0.116,0.151,0.087,0.113,0.2,0.000
0,6,4294967295,1354,3,aclnnInplaceCopy_CastAiCore_Cast,Cast,dynamic,AI_VECTOR_CORE,1786306885501718.640	,3.180,161.680000,48,0,NO,"""1,103424""",FLOAT16,ND,"""1,103424""",FLOAT,ND,N/A,0.0,0,0.0,0.0,0.0,0.0,0.0,0.0,0.0,0.0,0.0,0.0,0.0,1.532,132386,0.041,0.027,0.994,0.649,0.193,0.126,0.275,0.18,0.0,0.000
0,6,4294967295,1355,3,aclnnArgMax_ArgMaxV2AiCore_ArgMaxV2,ArgMaxV2,dynamic,AI_VECTOR_CORE,1786306885501915.620	,13.540,193.570000,1,0,NO,"""1,103424;""",FLOAT;INT64,ND;ND,"""1""",INT32,ND,N/A,0.0,0,0.0,0.0,0.0,0.0,0.0,0.0,0.0,0.0,0.0,0.0,0.0,12.994,23389,7.388,0.569,1.806,0.139,3.604,0.277,0.138,0.011,0.06,0.000
0,6,4294967295,1356,3,aclnnArgMax_CastAiCore_Cast,Cast,dynamic,AI_VECTOR_CORE,1786306885501929.180	,1.160,0.210000,1,0,NO,"""1""",INT32,ND,"""1""",INT64,ND,N/A,0.0,0,0.0,0.0,0.0,0.0,0.0,0.0,0.0,0.0,0.0,0.0,0.0,0.601,1082,0.026,0.043,0.239,0.398,0.106,0.176,0.107,0.177,0.2,0.000
0,6,4294967295,1357,3,aclnnInplaceZero_ZerosLikeAiCore_ZerosLike,ZerosLike,dynamic,AI_VECTOR_CORE,1786306885502061.540	,1.660,131.090000,1,0,NO,"""1""",BOOL,ND,"""1""",BOOL,ND,N/A,0.0,0,0.0,0.0,0.0,0.0,0.0,0.0,0.0,0.0,0.0,0.0,0.0,1.1,1980,0.028,0.025,0.273,0.248,0.001,0.001,0.328,0.298,0.2,0.000
0,6,4294967295,1358,3,aclnnBitwiseOrTensor_LogicalOrAiCore_LogicalOr,LogicalOr,dynamic,AI_VECTOR_CORE,1786306885502193.620	,1.560,130.340000,1,0,NO,"""1;1""",BOOL;BOOL,ND;ND,"""1""",BOOL,ND,N/A,0.0,0,0.0,0.0,0.0,0.0,0.0,0.0,0.0,0.0,0.0,0.0,0.0,0.999,1799,0.066,0.066,0.299,0.3,0.324,0.325,0.114,0.114,0.176,0.000
0,6,4294967295,1361,3,aclnnInplaceFillScalar_FillAiCore_Fill,Fill,dynamic,AI_VECTOR_CORE,1786306885502972.580	,2.060,777.440000,1,0,NO,"""2;""",INT64;INT64,ND;ND,"""1,1""",INT64,ND,N/A,0.0,0,0.0,0.0,0.0,0.0,0.0,0.0,0.0,0.0,0.0,0.0,0.0,1.469,2644,0.049,0.033,0.365,0.248,0.496,0.338,0.292,0.199,0.141,0.000
0,6,4294967295,1362,3,aclnnSWhere_SelectV2AiCore_SelectV2,SelectV2,dynamic,AI_VECTOR_CORE,1786306885503059.580	,2.300,84.940000,1,0,NO,"""1,1;1,1;1,1""",BOOL;INT64;INT64,ND;ND;ND,"""1,1""",INT64,ND,N/A,0.0,0,0.0,0.0,0.0,0.0,0.0,0.0,0.0,0.0,0.0,0.0,0.0,1.714,3085,0.193,0.113,0.489,0.285,0.424,0.247,0.101,0.059,0.168,0.000
0,6,4294967295,1363,3,aclnnAdds_AddAiCore_Add,Add,dynamic,AI_VECTOR_CORE,1786306885503192.620	,3.260,130.700000,1,0,NO,"""1;""",INT64;INT64,ND;ND,"""1""",INT64,ND,N/A,0.0,0,0.0,0.0,0.0,0.0,0.0,0.0,0.0,0.0,0.0,0.0,0.0,2.813,5064,0.293,0.104,0.496,0.176,0.637,0.227,0.133,0.047,0.216,0.000
0,6,4294967295,1364,3,aclnnInplaceZero_ZerosLikeAiCore_ZerosLike,ZerosLike,dynamic,AI_VECTOR_CORE,1786306885503311.000	,1.800,115.240000,1,0,NO,"""1""",INT64,ND,"""1""",INT64,ND,N/A,0.0,0,0.0,0.0,0.0,0.0,0.0,0.0,0.0,0.0,0.0,0.0,0.0,1.336,2404,0.063,0.047,0.323,0.242,0.001,0.001,0.109,0.082,0.297,0.000
0,6,4294967295,1365,3,aclnnSWhere_SelectV2AiCore_SelectV2,SelectV2,dynamic,AI_VECTOR_CORE,1786306885503391.480	,1.940,78.700000,1,0,NO,"""1;1;1""",BOOL;INT64;INT64,ND;ND;ND,"""1""",INT64,ND,N/A,0.0,0,0.0,0.0,0.0,0.0,0.0,0.0,0.0,0.0,0.0,0.0,0.0,1.474,2654,0.193,0.131,0.449,0.304,0.483,0.328,0.126,0.085,0.163,0.000
