Device_id,Name,Type,Accelerator Core,Start Time(us),Duration(us),Wait Time(us),Block Num
6,Range,N/A,N/A,1788518770082861.045	,8.220,0,0
6,Cast,N/A,N/A,1788518770082869.285	,0.820,0.030000,0
6,Range_1,N/A,N/A,1788518770082870.125	,9.220,0.000000,0
6,Cast_1,N/A,N/A,1788518770082879.365	,2.200,0.030000,0
6,GatherV2,N/A,N/A,1788518770082881.585	,2.540,0.050000,0
6,RmsNorm,N/A,N/A,1788518770082884.185	,9.160,0.210000,0
6,MatMul,N/A,N/A,1788518770082893.365	,10.460,0.000000,0
6,SplitV_2,N/A,N/A,1788518770082903.845	,1.200,0.040000,0
6,Add,N/A,N/A,1788518770082905.065	,2.760,0.050000,0
6,Add_1,N/A,N/A,1788518770082907.845	,1.500,0.000000,0
6,BroadcastTo_1,N/A,N/A,1788518770082909.365	,0.900,0.000000,0
6,Cast_2,N/A,N/A,1788518770082910.285	,0.900,0.100000,0
6,BroadcastTo_2,N/A,N/A,1788518770082911.205	,1.060,0.100000,0
6,Mul,N/A,N/A,1788518770082912.285	,8.240,0.000000,0
6,Greater,N/A,N/A,1788518770082920.545	,8.680,0.010000,0
6,Transpose,N/A,N/A,1788518770082929.245	,7.560,0.070000,0
6,ConcatV2,N/A,N/A,1788518770082936.825	,3.640,0.000000,0
6,Cos,N/A,N/A,1788518770082940.505	,2.240,0.110000,0
6,Mul_1Cast_6,N/A,N/A,1788518770082942.765	,1.220,0.010000,0
6,Sin,N/A,N/A,1788518770082944.005	,2.240,0.030000,0
6,Mul_2Cast_7,N/A,N/A,1788518770082946.265	,1.020,0.010000,0
6,SplitV,N/A,N/A,1788518770082947.305	,3.620,0.000000,0
6,GatherV2_2,N/A,N/A,1788518770082950.945	,1.020,0.130000,0
6,GatherV2_3,N/A,N/A,1788518770082952.005	,0.920,0.000000,0
6,GatherV2_5,N/A,N/A,1788518770082952.945	,0.880,0.080000,0
6,GatherV2_6,N/A,N/A,1788518770082953.845	,0.860,0.000000,0
6,SplitV_1,N/A,N/A,1788518770082954.745	,3.500,0.140000,0
6,GatherV2_11,N/A,N/A,1788518770082958.265	,0.940,0.000000,0
6,GatherV2_12,N/A,N/A,1788518770082959.225	,0.920,0.060000,0
6,GatherV2_8,N/A,N/A,1788518770082960.165	,0.940,0.080000,0
6,GatherV2_9,N/A,N/A,1788518770082961.125	,0.960,0.000000,0
6,BroadcastTo,N/A,N/A,1788518770082962.105	,7.940,0.040000,0
6,GatherV2_1,N/A,N/A,1788518770082970.085	,1.120,0.060000,0
6,GatherV2_10,N/A,N/A,1788518770082971.225	,0.800,0.130000,0
6,GatherV2_4,N/A,N/A,1788518770082972.065	,0.820,0.000000,0
6,GatherV2_7,N/A,N/A,1788518770082972.905	,0.820,0.180000,0
6,GatherV2_13,N/A,N/A,1788518770082973.745	,0.880,0.000000,0
6,GatherV2_14,N/A,N/A,1788518770082974.645	,0.780,0.120000,0
6,GatherV2_15,N/A,N/A,1788518770082975.445	,0.780,0.000000,0
6,GatherV2_16,N/A,N/A,1788518770082976.265	,0.820,0.000000,0
6,GatherV2_17,N/A,N/A,1788518770082977.105	,0.900,0.000000,0
6,GatherV2_18,N/A,N/A,1788518770082978.025	,0.820,0.100000,0
6,GatherV2_19,N/A,N/A,1788518770082978.865	,0.820,0.000000,0
6,GatherV2_20,N/A,N/A,1788518770082979.705	,0.820,0.180000,0
6,GatherV2_21,N/A,N/A,1788518770082980.545	,0.800,0.000000,0
6,GatherV2_22,N/A,N/A,1788518770082981.385	,0.800,0.200000,0
6,GatherV2_23,N/A,N/A,1788518770082982.225	,0.800,0.000000,0
6,GatherV2_24,N/A,N/A,1788518770082983.045	,0.780,0.000000,0
6,GatherV2_25,N/A,N/A,1788518770082983.845	,0.780,0.000000,0
6,GatherV2_26,N/A,N/A,1788518770082984.665	,0.780,0.220000,0
6,GatherV2_27,N/A,N/A,1788518770082985.485	,0.800,0.000000,0
6,GatherV2_28,N/A,N/A,1788518770082986.305	,0.780,0.000000,0
6,GatherV2_29,N/A,N/A,1788518770082987.105	,0.800,0.000000,0
6,GatherV2_30,N/A,N/A,1788518770082987.925	,0.780,0.200000,0
6,ConcatV2_1,N/A,N/A,1788518770082988.725	,3.280,0.000000,0
6,ConcatV2_2,N/A,N/A,1788518770082992.025	,3.320,0.000000,0
6,ApplyRotaryPosEmb,N/A,N/A,1788518770082995.365	,3.640,0.000000,0
6,ConcatV2_3,N/A,N/A,1788518770082999.025	,2.120,0.110000,0
6,Transpose_2,N/A,N/A,1788518770083001.165	,6.680,0.130000,0
6,Scatter,N/A,N/A,1788518770083007.865	,0.900,0.000000,0
6,BatchMatMul,N/A,N/A,1788518770083008.825	,7.900,0.100000,0
6,ScaledMaskedSoftmax,N/A,N/A,1788518770083016.745	,11.240,0.100000,0
6,Scatter_1,N/A,N/A,1788518770083028.005	,1.000,0.010000,0
6,BatchMatMul_1,N/A,N/A,1788518770083029.085	,11.440,0.000000,0
6,Reshape_22/ConfusionTranspose/Transpose,N/A,N/A,1788518770083040.565	,6.400,0.060000,0
6,MatMul_1,N/A,N/A,1788518770083046.985	,6.660,0.100000,0
6,InplaceAddRmsNorm,N/A,N/A,1788518770083053.665	,2.720,0.090000,0
6,MatMul_2,N/A,N/A,1788518770083056.405	,7.520,0.030000,0
6,MatMul_3,N/A,N/A,1788518770083063.945	,5.520,0.000000,0
6,SwishMul_3,N/A,N/A,1788518770083069.485	,4.180,0.000000,0
6,MatMul_4,N/A,N/A,1788518770083073.705	,9.000,0.070000,0
6,InplaceAddRmsNorm_1,N/A,N/A,1788518770083082.785	,3.340,0.000000,0
6,MatMul_5,N/A,N/A,1788518770083086.145	,5.320,0.160000,0
6,SplitV_4,N/A,N/A,1788518770083091.505	,1.060,0.000000,0
6,ApplyRotaryPosEmb_1,N/A,N/A,1788518770083092.585	,2.660,0.000000,0
6,ConcatV2_4,N/A,N/A,1788518770083095.265	,1.220,0.090000,0
6,Transpose_10,N/A,N/A,1788518770083096.525	,1.920,0.030000,0
6,Scatter_2,N/A,N/A,1788518770083098.465	,1.220,0.080000,0
6,BatchMatMul_2,N/A,N/A,1788518770083099.745	,8.400,0.030000,0
6,ScaledMaskedSoftmax_1,N/A,N/A,1788518770083108.185	,5.940,0.100000,0
6,Scatter_3,N/A,N/A,1788518770083114.145	,0.980,0.060000,0
6,BatchMatMul_3,N/A,N/A,1788518770083115.185	,10.480,0.020000,0
6,Reshape_44/ConfusionTranspose/Transpose,N/A,N/A,1788518770083125.685	,2.140,0.020000,0
6,MatMul_6,N/A,N/A,1788518770083127.845	,3.560,0.000000,0
6,InplaceAddRmsNorm_2,N/A,N/A,1788518770083131.425	,1.860,0.190000,0
6,MatMul_7,N/A,N/A,1788518770083133.305	,3.400,0.000000,0
6,MatMul_8,N/A,N/A,1788518770083136.725	,4.120,0.100000,0
6,Swish_1Mul_4,N/A,N/A,1788518770083140.865	,1.660,0.000000,0
6,MatMul_9,N/A,N/A,1788518770083142.545	,4.520,0.090000,0
6,InplaceAddRmsNorm_3,N/A,N/A,1788518770083147.125	,1.860,0.000000,0
6,MatMul_10,N/A,N/A,1788518770083149.005	,3.820,0.140000,0
6,SplitV_6,N/A,N/A,1788518770083152.845	,1.060,0.000000,0
6,ApplyRotaryPosEmb_2,N/A,N/A,1788518770083153.925	,2.700,0.190000,0
6,ConcatV2_5,N/A,N/A,1788518770083156.645	,1.200,0.050000,0
6,Transpose_18,N/A,N/A,1788518770083157.865	,1.920,0.000000,0
6,Scatter_4,N/A,N/A,1788518770083159.825	,1.480,0.080000,0
6,BatchMatMul_4,N/A,N/A,1788518770083161.365	,7.600,0.020000,0
6,ScaledMaskedSoftmax_2,N/A,N/A,1788518770083168.985	,6.080,0.150000,0
6,Scatter_5,N/A,N/A,1788518770083175.085	,1.040,0.000000,0
6,BatchMatMul_5,N/A,N/A,1788518770083176.185	,10.580,0.210000,0
6,Reshape_66/ConfusionTranspose/Transpose,N/A,N/A,1788518770083186.805	,2.160,0.000000,0
6,MatMul_11,N/A,N/A,1788518770083188.985	,3.620,0.090000,0
6,InplaceAddRmsNorm_4,N/A,N/A,1788518770083192.625	,1.900,0.000000,0
6,MatMul_12,N/A,N/A,1788518770083194.565	,4.260,0.100000,0
6,MatMul_13,N/A,N/A,1788518770083198.845	,3.460,0.000000,0
6,Swish_2Mul_5,N/A,N/A,1788518770083202.325	,2.380,0.040000,0
6,MatMul_14,N/A,N/A,1788518770083204.725	,4.260,0.120000,0
6,InplaceAddRmsNorm_5,N/A,N/A,1788518770083209.045	,1.940,0.000000,0
6,MatMul_15,N/A,N/A,1788518770083211.005	,3.500,0.060000,0
6,SplitV_8,N/A,N/A,1788518770083214.545	,1.160,0.000000,0
6,ApplyRotaryPosEmb_3,N/A,N/A,1788518770083215.725	,4.020,0.090000,0
6,ConcatV2_6,N/A,N/A,1788518770083219.765	,1.200,0.000000,0
6,Transpose_26,N/A,N/A,1788518770083221.005	,1.900,0.050000,0
6,Scatter_6,N/A,N/A,1788518770083222.925	,1.020,0.100000,0
6,BatchMatMul_6,N/A,N/A,1788518770083224.005	,6.040,0.000000,0
6,ScaledMaskedSoftmax_3,N/A,N/A,1788518770083230.065	,5.980,0.000000,0
6,Scatter_7,N/A,N/A,1788518770083236.065	,1.020,0.020000,0
6,BatchMatMul_7,N/A,N/A,1788518770083237.145	,10.620,0.230000,0
6,Reshape_88/ConfusionTranspose/Transpose,N/A,N/A,1788518770083247.785	,2.200,0.000000,0
6,MatMul_16,N/A,N/A,1788518770083250.025	,3.900,0.050000,0
6,InplaceAddRmsNorm_6,N/A,N/A,1788518770083253.945	,2.240,0.100000,0
6,MatMul_17,N/A,N/A,1788518770083256.205	,3.320,0.010000,0
6,MatMul_18,N/A,N/A,1788518770083259.565	,3.300,0.000000,0
6,Swish_3Mul_6,N/A,N/A,1788518770083262.885	,1.680,0.200000,0
6,MatMul_19,N/A,N/A,1788518770083264.585	,4.020,0.000000,0
6,InplaceAddRmsNorm_7,N/A,N/A,1788518770083268.685	,2.200,0.230000,0
6,MatMul_20,N/A,N/A,1788518770083270.925	,3.680,0.050000,0
6,SplitV_10,N/A,N/A,1788518770083274.625	,1.140,0.000000,0
6,ApplyRotaryPosEmb_4,N/A,N/A,1788518770083275.785	,4.380,0.110000,0
6,ConcatV2_7,N/A,N/A,1788518770083280.185	,1.200,0.120000,0
6,Transpose_34,N/A,N/A,1788518770083281.405	,1.920,0.050000,0
6,Scatter_8,N/A,N/A,1788518770083283.365	,0.840,0.000000,0
6,BatchMatMul_8,N/A,N/A,1788518770083284.285	,9.560,0.160000,0
6,ScaledMaskedSoftmax_4,N/A,N/A,1788518770083293.885	,6.080,0.190000,0
6,Scatter_9,N/A,N/A,1788518770083299.985	,1.240,0.000000,0
6,BatchMatMul_9,N/A,N/A,1788518770083301.285	,10.560,0.010000,0
6,Reshape_110/ConfusionTranspose/Transpose,N/A,N/A,1788518770083311.865	,2.160,0.000000,0
6,MatMul_21,N/A,N/A,1788518770083314.045	,3.300,0.090000,0
6,InplaceAddRmsNorm_8,N/A,N/A,1788518770083317.365	,1.660,0.000000,0
6,MatMul_22,N/A,N/A,1788518770083319.045	,3.320,0.090000,0
6,MatMul_23,N/A,N/A,1788518770083322.405	,3.520,0.180000,0
6,Swish_4Mul_7,N/A,N/A,1788518770083325.945	,2.360,0.000000,0
6,MatMul_24,N/A,N/A,1788518770083328.325	,4.180,0.000000,0
6,InplaceAddRmsNorm_9,N/A,N/A,1788518770083332.565	,2.940,0.070000,0
6,MatMul_25,N/A,N/A,1788518770083335.525	,3.240,0.060000,0
6,SplitV_12,N/A,N/A,1788518770083338.785	,1.100,0.010000,0
6,ApplyRotaryPosEmb_5,N/A,N/A,1788518770083339.905	,4.220,0.150000,0
6,ConcatV2_8,N/A,N/A,1788518770083344.165	,1.180,0.030000,0
6,Transpose_42,N/A,N/A,1788518770083345.385	,2.080,0.070000,0
6,Scatter_10,N/A,N/A,1788518770083347.485	,0.980,0.000000,0
6,BatchMatMul_10,N/A,N/A,1788518770083348.525	,8.240,0.020000,0
6,ScaledMaskedSoftmax_5,N/A,N/A,1788518770083356.785	,5.940,0.010000,0
6,Scatter_11,N/A,N/A,1788518770083362.745	,0.940,0.060000,0
6,BatchMatMul_11,N/A,N/A,1788518770083363.745	,10.440,0.060000,0
6,Reshape_132/ConfusionTranspose/Transpose,N/A,N/A,1788518770083374.205	,2.160,0.060000,0
6,MatMul_26,N/A,N/A,1788518770083376.385	,3.620,0.090000,0
6,InplaceAddRmsNorm_10,N/A,N/A,1788518770083380.045	,1.620,0.000000,0
6,MatMul_27,N/A,N/A,1788518770083381.685	,3.540,0.130000,0
6,MatMul_28,N/A,N/A,1788518770083385.245	,3.440,0.000000,0
6,Swish_5Mul_8,N/A,N/A,1788518770083388.705	,1.620,0.060000,0
6,MatMul_29,N/A,N/A,1788518770083390.345	,4.900,0.000000,0
6,InplaceAddRmsNorm_11,N/A,N/A,1788518770083395.305	,4.640,0.100000,0
6,MatMul_30,N/A,N/A,1788518770083399.985	,3.320,0.110000,0
6,SplitV_14,N/A,N/A,1788518770083403.325	,2.120,0.000000,0
6,ApplyRotaryPosEmb_6,N/A,N/A,1788518770083405.465	,2.720,0.130000,0
6,ConcatV2_9,N/A,N/A,1788518770083408.205	,1.240,0.030000,0
6,Transpose_50,N/A,N/A,1788518770083409.465	,1.920,0.010000,0
6,Scatter_12,N/A,N/A,1788518770083411.405	,2.140,0.080000,0
6,BatchMatMul_12,N/A,N/A,1788518770083413.605	,6.460,0.000000,0
6,ScaledMaskedSoftmax_6,N/A,N/A,1788518770083420.085	,5.900,0.040000,0
6,Scatter_13,N/A,N/A,1788518770083426.005	,0.820,0.100000,0
6,BatchMatMul_13,N/A,N/A,1788518770083426.905	,10.520,0.180000,0
6,Reshape_154/ConfusionTranspose/Transpose,N/A,N/A,1788518770083437.445	,2.160,0.000000,0
6,MatMul_31,N/A,N/A,1788518770083439.625	,3.400,0.000000,0
6,InplaceAddRmsNorm_12,N/A,N/A,1788518770083443.065	,1.800,0.100000,0
6,MatMul_32,N/A,N/A,1788518770083444.885	,3.400,0.200000,0
6,MatMul_33,N/A,N/A,1788518770083448.325	,4.140,0.000000,0
6,Swish_6Mul_9,N/A,N/A,1788518770083452.485	,2.360,0.110000,0
6,MatMul_34,N/A,N/A,1788518770083454.865	,4.160,0.000000,0
6,InplaceAddRmsNorm_13,N/A,N/A,1788518770083459.085	,1.940,0.090000,0
6,MatMul_35,N/A,N/A,1788518770083461.045	,3.380,0.060000,0
6,SplitV_16,N/A,N/A,1788518770083464.445	,1.100,0.120000,0
6,ApplyRotaryPosEmb_7,N/A,N/A,1788518770083465.565	,2.700,0.000000,0
6,ConcatV2_10,N/A,N/A,1788518770083468.305	,1.220,0.050000,0
6,Transpose_58,N/A,N/A,1788518770083469.545	,1.920,0.030000,0
6,Scatter_14,N/A,N/A,1788518770083471.505	,1.160,0.080000,0
6,BatchMatMul_14,N/A,N/A,1788518770083472.725	,6.860,0.090000,0
6,ScaledMaskedSoftmax_7,N/A,N/A,1788518770083479.625	,5.900,0.000000,0
6,Scatter_15,N/A,N/A,1788518770083485.545	,0.940,0.100000,0
6,BatchMatMul_15,N/A,N/A,1788518770083486.545	,10.440,0.060000,0
6,Reshape_176/ConfusionTranspose/Transpose,N/A,N/A,1788518770083497.005	,2.140,0.060000,0
6,MatMul_36,N/A,N/A,1788518770083499.185	,3.540,0.110000,0
6,InplaceAddRmsNorm_14,N/A,N/A,1788518770083502.745	,1.720,0.000000,0
6,MatMul_37,N/A,N/A,1788518770083504.505	,3.900,0.030000,0
6,MatMul_38,N/A,N/A,1788518770083508.425	,3.340,0.100000,0
6,Swish_7Mul_10,N/A,N/A,1788518770083511.785	,1.760,0.000000,0
6,MatMul_39,N/A,N/A,1788518770083513.585	,4.160,0.000000,0
6,InplaceAddRmsNorm_15,N/A,N/A,1788518770083517.805	,2.200,0.090000,0
6,MatMul_40,N/A,N/A,1788518770083520.025	,3.640,0.050000,0
6,SplitV_18,N/A,N/A,1788518770083523.685	,1.160,0.110000,0
6,ApplyRotaryPosEmb_8,N/A,N/A,1788518770083524.865	,2.720,0.000000,0
6,ConcatV2_11,N/A,N/A,1788518770083527.605	,2.320,0.030000,0
6,Transpose_66,N/A,N/A,1788518770083529.945	,2.160,0.180000,0
6,Scatter_16,N/A,N/A,1788518770083532.125	,1.160,0.000000,0
6,BatchMatMul_16,N/A,N/A,1788518770083533.345	,8.600,0.090000,0
6,ScaledMaskedSoftmax_8,N/A,N/A,1788518770083541.965	,6.380,0.150000,0
6,Scatter_17,N/A,N/A,1788518770083548.365	,1.120,0.000000,0
6,BatchMatMul_17,N/A,N/A,1788518770083549.565	,10.480,0.130000,0
6,Reshape_198/ConfusionTranspose/Transpose,N/A,N/A,1788518770083560.085	,2.320,0.020000,0
6,MatMul_41,N/A,N/A,1788518770083562.425	,3.820,0.180000,0
6,InplaceAddRmsNorm_16,N/A,N/A,1788518770083566.265	,1.620,0.000000,0
6,MatMul_42,N/A,N/A,1788518770083567.925	,3.340,0.130000,0
6,MatMul_43,N/A,N/A,1788518770083571.285	,3.340,0.000000,0
6,Swish_8Mul_11,N/A,N/A,1788518770083574.665	,2.600,0.160000,0
6,MatMul_44,N/A,N/A,1788518770083577.285	,5.120,0.000000,0
6,InplaceAddRmsNorm_17,N/A,N/A,1788518770083582.465	,3.520,0.130000,0
6,MatMul_45,N/A,N/A,1788518770083586.005	,4.900,0.000000,0
6,SplitV_20,N/A,N/A,1788518770083590.925	,1.120,0.100000,0
6,ApplyRotaryPosEmb_9,N/A,N/A,1788518770083592.065	,4.280,0.000000,0
6,ConcatV2_12,N/A,N/A,1788518770083596.385	,1.300,0.220000,0
6,Transpose_74,N/A,N/A,1788518770083597.725	,2.160,0.000000,0
6,Scatter_18,N/A,N/A,1788518770083599.905	,1.060,0.090000,0
6,BatchMatMul_18,N/A,N/A,1788518770083601.025	,7.820,0.000000,0
6,ScaledMaskedSoftmax_9,N/A,N/A,1788518770083608.885	,6.460,0.180000,0
6,Scatter_19,N/A,N/A,1788518770083615.365	,1.100,0.000000,0
6,BatchMatMul_19,N/A,N/A,1788518770083616.525	,10.660,0.150000,0
6,Reshape_220/ConfusionTranspose/Transpose,N/A,N/A,1788518770083627.205	,2.420,0.090000,0
6,MatMul_46,N/A,N/A,1788518770083629.645	,3.660,0.080000,0
6,InplaceAddRmsNorm_18,N/A,N/A,1788518770083633.325	,1.920,0.000000,0
6,MatMul_47,N/A,N/A,1788518770083635.265	,3.560,0.080000,0
6,MatMul_48,N/A,N/A,1788518770083638.865	,4.600,0.000000,0
6,Swish_9Mul_12,N/A,N/A,1788518770083643.505	,1.780,0.150000,0
6,MatMul_49,N/A,N/A,1788518770083645.305	,4.400,0.000000,0
6,InplaceAddRmsNorm_19,N/A,N/A,1788518770083649.765	,1.800,0.100000,0
6,MatMul_50,N/A,N/A,1788518770083651.585	,4.040,0.000000,0
6,SplitV_22,N/A,N/A,1788518770083655.645	,1.100,0.210000,0
6,ApplyRotaryPosEmb_10,N/A,N/A,1788518770083656.765	,4.040,0.000000,0
6,ConcatV2_13,N/A,N/A,1788518770083660.845	,1.280,0.000000,0
6,Transpose_82,N/A,N/A,1788518770083662.145	,2.160,0.220000,0
6,Scatter_20,N/A,N/A,1788518770083664.325	,2.080,0.000000,0
6,BatchMatMul_20,N/A,N/A,1788518770083666.465	,8.200,0.170000,0
6,ScaledMaskedSoftmax_10,N/A,N/A,1788518770083674.685	,6.280,0.050000,0
6,Scatter_21,N/A,N/A,1788518770083681.005	,1.100,0.000000,0
6,BatchMatMul_21,N/A,N/A,1788518770083682.165	,10.680,0.150000,0
6,Reshape_242/ConfusionTranspose/Transpose,N/A,N/A,1788518770083692.865	,2.380,0.000000,0
6,MatMul_51,N/A,N/A,1788518770083695.265	,3.400,0.120000,0
6,InplaceAddRmsNorm_20,N/A,N/A,1788518770083698.685	,1.900,0.100000,0
6,MatMul_52,N/A,N/A,1788518770083700.625	,4.520,0.000000,0
6,MatMul_53,N/A,N/A,1788518770083705.185	,3.460,0.230000,0
6,Swish_10Mul_13,N/A,N/A,1788518770083708.665	,2.640,0.040000,0
6,MatMul_54,N/A,N/A,1788518770083711.325	,4.420,0.000000,0
6,InplaceAddRmsNorm_21,N/A,N/A,1788518770083715.805	,4.740,0.080000,0
6,MatMul_55,N/A,N/A,1788518770083720.565	,4.160,0.010000,0
6,SplitV_24,N/A,N/A,1788518770083724.745	,1.060,0.090000,0
6,ApplyRotaryPosEmb_11,N/A,N/A,1788518770083725.845	,3.240,0.000000,0
6,ConcatV2_14,N/A,N/A,1788518770083729.125	,1.320,0.010000,0
6,Transpose_90,N/A,N/A,1788518770083730.465	,2.280,0.180000,0
6,Scatter_22,N/A,N/A,1788518770083732.765	,1.240,0.000000,0
6,BatchMatMul_22,N/A,N/A,1788518770083734.065	,6.920,0.010000,0
6,ScaledMaskedSoftmax_11,N/A,N/A,1788518770083741.005	,6.220,0.080000,0
6,Scatter_23,N/A,N/A,1788518770083747.245	,1.020,0.030000,0
6,BatchMatMul_23,N/A,N/A,1788518770083748.345	,10.480,0.000000,0
6,Reshape_264/ConfusionTranspose/Transpose,N/A,N/A,1788518770083758.845	,2.380,0.020000,0
6,MatMul_56,N/A,N/A,1788518770083761.245	,4.440,0.120000,0
6,InplaceAddRmsNorm_22,N/A,N/A,1788518770083765.725	,1.900,0.060000,0
6,MatMul_57,N/A,N/A,1788518770083767.645	,3.560,0.100000,0
6,MatMul_58,N/A,N/A,1788518770083771.225	,3.460,0.000000,0
6,Swish_11Mul_14,N/A,N/A,1788518770083774.705	,1.800,0.040000,0
6,MatMul_59,N/A,N/A,1788518770083776.525	,4.160,0.000000,0
6,InplaceAddRmsNorm_23,N/A,N/A,1788518770083780.745	,2.180,0.090000,0
6,MatMul_60,N/A,N/A,1788518770083782.945	,4.440,0.070000,0
6,SplitV_26,N/A,N/A,1788518770083787.425	,1.440,0.060000,0
6,ApplyRotaryPosEmb_12,N/A,N/A,1788518770083788.885	,3.840,0.060000,0
6,ConcatV2_15,N/A,N/A,1788518770083792.745	,1.340,0.000000,0
6,Transpose_98,N/A,N/A,1788518770083794.125	,2.600,0.000000,0
6,Scatter_24,N/A,N/A,1788518770083796.765	,0.860,0.150000,0
6,BatchMatMul_24,N/A,N/A,1788518770083797.685	,7.440,0.140000,0
6,ScaledMaskedSoftmax_12,N/A,N/A,1788518770083805.145	,6.300,0.060000,0
6,Scatter_25,N/A,N/A,1788518770083811.485	,0.920,0.000000,0
6,BatchMatMul_25,N/A,N/A,1788518770083812.465	,10.740,0.080000,0
6,Reshape_286/ConfusionTranspose/Transpose,N/A,N/A,1788518770083823.225	,2.360,0.010000,0
6,MatMul_61,N/A,N/A,1788518770083825.605	,3.300,0.000000,0
6,InplaceAddRmsNorm_24,N/A,N/A,1788518770083828.925	,1.860,0.200000,0
6,MatMul_62,N/A,N/A,1788518770083830.805	,3.380,0.000000,0
6,MatMul_63,N/A,N/A,1788518770083834.205	,3.400,0.120000,0
6,Swish_12Mul_15,N/A,N/A,1788518770083837.625	,2.620,0.000000,0
6,MatMul_64,N/A,N/A,1788518770083840.265	,4.160,0.130000,0
6,InplaceAddRmsNorm_25,N/A,N/A,1788518770083844.505	,2.380,0.090000,0
6,MatMul_65,N/A,N/A,1788518770083846.925	,4.120,0.120000,0
6,SplitV_28,N/A,N/A,1788518770083851.085	,1.100,0.000000,0
6,ApplyRotaryPosEmb_13,N/A,N/A,1788518770083852.205	,3.280,0.150000,0
6,ConcatV2_16,N/A,N/A,1788518770083855.525	,1.340,0.000000,0
6,Transpose_106,N/A,N/A,1788518770083856.885	,2.200,0.160000,0
6,Scatter_26,N/A,N/A,1788518770083859.105	,2.040,0.000000,0
6,BatchMatMul_26,N/A,N/A,1788518770083861.205	,8.860,0.210000,0
6,ScaledMaskedSoftmax_13,N/A,N/A,1788518770083870.085	,6.260,0.000000,0
6,Scatter_27,N/A,N/A,1788518770083876.365	,0.980,0.000000,0
6,BatchMatMul_27,N/A,N/A,1788518770083877.405	,10.600,0.270000,0
6,Reshape_308/ConfusionTranspose/Transpose,N/A,N/A,1788518770083888.025	,2.340,0.000000,0
6,MatMul_66,N/A,N/A,1788518770083890.405	,3.560,0.160000,0
6,InplaceAddRmsNorm_26,N/A,N/A,1788518770083893.985	,1.580,0.000000,0
6,MatMul_67,N/A,N/A,1788518770083895.585	,3.420,0.000000,0
6,MatMul_68,N/A,N/A,1788518770083899.025	,3.400,0.080000,0
6,Swish_13Mul_16,N/A,N/A,1788518770083902.465	,1.800,0.100000,0
6,MatMul_69,N/A,N/A,1788518770083904.285	,5.260,0.000000,0
6,InplaceAddRmsNorm_27,N/A,N/A,1788518770083909.625	,4.760,0.000000,0
6,MatMul_70,N/A,N/A,1788518770083914.405	,4.220,0.240000,0
6,SplitV_30,N/A,N/A,1788518770083918.665	,1.060,0.030000,0
6,ApplyRotaryPosEmb_14,N/A,N/A,1788518770083919.745	,2.560,0.000000,0
6,ConcatV2_17,N/A,N/A,1788518770083922.325	,1.780,0.000000,0
6,Transpose_114,N/A,N/A,1788518770083924.125	,2.220,0.000000,0
6,Scatter_28,N/A,N/A,1788518770083926.365	,2.540,0.030000,0
6,BatchMatMul_28,N/A,N/A,1788518770083928.965	,5.880,0.210000,0
6,ScaledMaskedSoftmax_14,N/A,N/A,1788518770083934.865	,6.340,0.000000,0
6,Scatter_29,N/A,N/A,1788518770083941.225	,1.100,0.160000,0
6,BatchMatMul_29,N/A,N/A,1788518770083942.385	,10.300,0.150000,0
6,Reshape_330/ConfusionTranspose/Transpose,N/A,N/A,1788518770083952.725	,2.340,0.000000,0
6,MatMul_71,N/A,N/A,1788518770083955.085	,3.560,0.000000,0
6,InplaceAddRmsNorm_28,N/A,N/A,1788518770083958.665	,1.860,0.190000,0
6,MatMul_72,N/A,N/A,1788518770083960.545	,3.400,0.000000,0
6,MatMul_73,N/A,N/A,1788518770083963.965	,4.440,0.100000,0
6,Swish_14Mul_17,N/A,N/A,1788518770083968.425	,2.680,0.060000,0
6,MatMul_74,N/A,N/A,1788518770083971.125	,4.300,0.000000,0
6,InplaceAddRmsNorm_29,N/A,N/A,1788518770083975.485	,1.820,0.200000,0
6,MatMul_75,N/A,N/A,1788518770083977.325	,6.140,0.000000,0
6,SplitV_32,N/A,N/A,1788518770083983.485	,1.060,0.110000,0
6,ApplyRotaryPosEmb_15,N/A,N/A,1788518770083984.585	,1.920,0.000000,0
6,ConcatV2_18,N/A,N/A,1788518770083986.525	,1.340,0.080000,0
6,Transpose_122,N/A,N/A,1788518770083987.885	,2.220,0.160000,0
6,Scatter_30,N/A,N/A,1788518770083990.125	,1.260,0.000000,0
6,BatchMatMul_30,N/A,N/A,1788518770083991.465	,8.720,0.240000,0
6,ScaledMaskedSoftmax_15,N/A,N/A,1788518770084000.205	,6.220,0.030000,0
6,Scatter_31,N/A,N/A,1788518770084006.465	,0.920,0.030000,0
6,BatchMatMul_31,N/A,N/A,1788518770084007.465	,10.180,0.080000,0
6,Reshape_352/ConfusionTranspose/Transpose,N/A,N/A,1788518770084017.665	,2.420,0.070000,0
6,MatMul_76,N/A,N/A,1788518770084020.105	,3.380,0.000000,0
6,InplaceAddRmsNorm_30,N/A,N/A,1788518770084023.505	,1.800,0.120000,0
6,MatMul_77,N/A,N/A,1788518770084025.325	,4.360,0.000000,0
6,MatMul_78,N/A,N/A,1788518770084029.705	,3.500,0.140000,0
6,Swish_15Mul_18,N/A,N/A,1788518770084033.225	,1.780,0.000000,0
6,MatMul_79,N/A,N/A,1788518770084035.025	,4.400,0.000000,0
6,InplaceAddRmsNorm_31,N/A,N/A,1788518770084039.505	,1.680,0.100000,0
6,MatMul_80,N/A,N/A,1788518770084041.205	,3.460,0.070000,0
6,SplitV_34,N/A,N/A,1788518770084044.705	,1.380,0.040000,0
6,ApplyRotaryPosEmb_16,N/A,N/A,1788518770084046.105	,2.000,0.000000,0
6,ConcatV2_19,N/A,N/A,1788518770084048.125	,1.240,0.000000,0
6,Transpose_130,N/A,N/A,1788518770084049.385	,1.920,0.260000,0
6,Scatter_32,N/A,N/A,1788518770084051.345	,1.080,0.000000,0
6,BatchMatMul_32,N/A,N/A,1788518770084052.485	,7.500,0.170000,0
6,ScaledMaskedSoftmax_16,N/A,N/A,1788518770084060.005	,6.100,0.000000,0
6,Scatter_33,N/A,N/A,1788518770084066.125	,0.940,0.000000,0
6,BatchMatMul_33,N/A,N/A,1788518770084067.145	,10.440,0.310000,0
6,Reshape_374/ConfusionTranspose/Transpose,N/A,N/A,1788518770084077.605	,2.160,0.000000,0
6,MatMul_81,N/A,N/A,1788518770084079.805	,4.060,0.090000,0
6,InplaceAddRmsNorm_32,N/A,N/A,1788518770084083.885	,1.620,0.190000,0
6,MatMul_82,N/A,N/A,1788518770084085.545	,3.400,0.000000,0
6,MatMul_83,N/A,N/A,1788518770084088.965	,3.460,0.100000,0
6,Swish_16Mul_19,N/A,N/A,1788518770084092.445	,2.380,0.040000,0
6,MatMul_84,N/A,N/A,1788518770084094.865	,5.120,0.000000,0
6,InplaceAddRmsNorm_33,N/A,N/A,1788518770084100.045	,17.800,0.130000,0
6,MatMul_85,N/A,N/A,1788518770084117.865	,3.420,0.000000,0
6,SplitV_36,N/A,N/A,1788518770084121.305	,1.100,0.080000,0
6,ApplyRotaryPosEmb_17,N/A,N/A,1788518770084122.425	,1.940,0.150000,0
6,ConcatV2_20,N/A,N/A,1788518770084124.385	,1.240,0.060000,0
6,Transpose_138,N/A,N/A,1788518770084125.645	,1.900,0.010000,0
6,Scatter_34,N/A,N/A,1788518770084127.565	,1.000,0.000000,0
6,BatchMatMul_34,N/A,N/A,1788518770084128.625	,5.460,0.000000,0
6,ScaledMaskedSoftmax_17,N/A,N/A,1788518770084134.105	,6.000,0.040000,0
6,Scatter_35,N/A,N/A,1788518770084140.125	,0.860,0.000000,0
6,BatchMatMul_35,N/A,N/A,1788518770084141.065	,10.640,0.140000,0
6,Reshape_396/ConfusionTranspose/Transpose,N/A,N/A,1788518770084151.725	,2.160,0.110000,0
6,MatMul_86,N/A,N/A,1788518770084153.905	,3.560,0.090000,0
6,InplaceAddRmsNorm_34,N/A,N/A,1788518770084157.485	,1.540,0.000000,0
6,MatMul_87,N/A,N/A,1788518770084159.045	,3.700,0.000000,0
6,MatMul_88,N/A,N/A,1788518770084162.765	,3.720,0.050000,0
6,Swish_17Mul_20,N/A,N/A,1788518770084166.505	,2.020,0.030000,0
6,MatMul_89,N/A,N/A,1788518770084168.565	,5.400,0.000000,0
6,InplaceAddRmsNorm_35,N/A,N/A,1788518770084174.005	,2.920,0.100000,0
6,MatMul_90,N/A,N/A,1788518770084176.945	,14.260,0.080000,0
6,Cast_26,N/A,N/A,1788518770084191.225	,7.860,0.000000,0
6,ArgMaxV2,N/A,N/A,1788518770084199.125	,8.400,0.000000,0
6,ArgMaxV2_Output0CastAfter,N/A,N/A,1788518770084207.545	,0.780,0.100000,0
6,GatherV2_31,N/A,N/A,1788518770084208.345	,1.480,0.000000,0
6,Range,N/A,N/A,1788518770084548.285	,8.060,338.520000,0
6,Cast,N/A,N/A,1788518770084556.385	,0.760,0.190000,0
6,Range_1,N/A,N/A,1788518770084557.185	,9.160,0.000000,0
6,Cast_1,N/A,N/A,1788518770084566.365	,2.120,0.000000,0
6,GatherV2,N/A,N/A,1788518770084568.505	,2.340,0.130000,0
6,RmsNorm,N/A,N/A,1788518770084570.905	,9.680,0.160000,0
6,MatMul,N/A,N/A,1788518770084580.605	,10.260,0.000000,0
6,SplitV_2,N/A,N/A,1788518770084590.905	,1.560,0.240000,0
6,Add,N/A,N/A,1788518770084592.485	,2.720,0.000000,0
6,Add_1,N/A,N/A,1788518770084595.225	,1.500,0.030000,0
6,BroadcastTo_1,N/A,N/A,1788518770084596.745	,0.960,0.000000,0
6,Cast_2,N/A,N/A,1788518770084597.725	,0.960,0.040000,0
6,BroadcastTo_2,N/A,N/A,1788518770084598.725	,1.000,0.040000,0
6,Mul,N/A,N/A,1788518770084599.745	,8.180,0.000000,0
6,Greater,N/A,N/A,1788518770084607.945	,8.860,0.070000,0
6,Transpose,N/A,N/A,1788518770084616.825	,7.560,0.000000,0
6,ConcatV2,N/A,N/A,1788518770084624.405	,3.680,0.190000,0
6,Cos,N/A,N/A,1788518770084628.105	,2.340,0.000000,0
6,Mul_1Cast_6,N/A,N/A,1788518770084630.465	,1.260,0.160000,0
6,Sin,N/A,N/A,1788518770084631.765	,2.240,0.000000,0
6,Mul_2Cast_7,N/A,N/A,1788518770084634.025	,1.180,0.010000,0
6,SplitV,N/A,N/A,1788518770084635.245	,3.640,0.070000,0
6,GatherV2_2,N/A,N/A,1788518770084638.905	,1.320,0.110000,0
6,GatherV2_3,N/A,N/A,1788518770084640.245	,1.020,0.000000,0
6,GatherV2_5,N/A,N/A,1788518770084641.285	,0.840,0.000000,0
6,GatherV2_6,N/A,N/A,1788518770084642.165	,0.840,0.160000,0
6,SplitV_1,N/A,N/A,1788518770084643.025	,3.540,0.000000,0
6,GatherV2_11,N/A,N/A,1788518770084646.585	,0.920,0.000000,0
6,GatherV2_12,N/A,N/A,1788518770084647.525	,0.900,0.080000,0
6,GatherV2_8,N/A,N/A,1788518770084648.445	,0.940,0.100000,0
6,GatherV2_9,N/A,N/A,1788518770084649.405	,0.880,0.060000,0
6,BroadcastTo,N/A,N/A,1788518770084650.305	,7.860,0.000000,0
6,GatherV2_1,N/A,N/A,1788518770084658.185	,1.060,0.140000,0
6,GatherV2_10,N/A,N/A,1788518770084659.265	,0.820,0.000000,0
6,GatherV2_4,N/A,N/A,1788518770084660.105	,0.820,0.000000,0
6,GatherV2_7,N/A,N/A,1788518770084660.945	,0.840,0.180000,0
6,GatherV2_13,N/A,N/A,1788518770084661.805	,0.920,0.000000,0
6,GatherV2_14,N/A,N/A,1788518770084662.745	,0.820,0.080000,0
6,GatherV2_15,N/A,N/A,1788518770084663.585	,0.820,0.000000,0
6,GatherV2_16,N/A,N/A,1788518770084664.425	,0.780,0.180000,0
6,GatherV2_17,N/A,N/A,1788518770084665.225	,0.880,0.000000,0
6,GatherV2_18,N/A,N/A,1788518770084666.125	,0.780,0.000000,0
6,GatherV2_19,N/A,N/A,1788518770084666.925	,0.800,0.220000,0
6,GatherV2_20,N/A,N/A,1788518770084667.745	,0.780,0.000000,0
6,GatherV2_21,N/A,N/A,1788518770084668.545	,0.780,0.000000,0
6,GatherV2_22,N/A,N/A,1788518770084669.345	,0.760,0.000000,0
6,GatherV2_23,N/A,N/A,1788518770084670.125	,0.780,0.000000,0
6,GatherV2_24,N/A,N/A,1788518770084670.925	,0.820,0.220000,0
6,GatherV2_25,N/A,N/A,1788518770084671.765	,0.820,0.000000,0
6,GatherV2_26,N/A,N/A,1788518770084672.605	,0.820,0.000000,0
6,GatherV2_27,N/A,N/A,1788518770084673.445	,0.840,0.180000,0
6,GatherV2_28,N/A,N/A,1788518770084674.305	,0.820,0.000000,0
6,GatherV2_29,N/A,N/A,1788518770084675.145	,0.800,0.180000,0
6,GatherV2_30,N/A,N/A,1788518770084675.965	,0.840,0.000000,0
6,ConcatV2_1,N/A,N/A,1788518770084676.825	,3.220,0.000000,0
6,ConcatV2_2,N/A,N/A,1788518770084680.065	,3.320,0.030000,0
6,ApplyRotaryPosEmb,N/A,N/A,1788518770084683.405	,4.180,0.180000,0
6,ConcatV2_3,N/A,N/A,1788518770084687.605	,1.640,0.000000,0
6,Transpose_2,N/A,N/A,1788518770084689.285	,6.900,0.110000,0
6,Scatter,N/A,N/A,1788518770084696.205	,0.960,0.100000,0
6,BatchMatMul,N/A,N/A,1788518770084697.225	,8.060,0.040000,0
6,ScaledMaskedSoftmax,N/A,N/A,1788518770084705.305	,11.220,0.000000,0
6,Scatter_1,N/A,N/A,1788518770084716.545	,1.020,0.030000,0
6,BatchMatMul_1,N/A,N/A,1788518770084717.625	,11.420,0.000000,0
6,Reshape_22/ConfusionTranspose/Transpose,N/A,N/A,1788518770084729.065	,7.060,0.080000,0
6,MatMul_1,N/A,N/A,1788518770084736.145	,6.860,0.190000,0
6,InplaceAddRmsNorm,N/A,N/A,1788518770084743.025	,2.800,0.000000,0
6,MatMul_2,N/A,N/A,1788518770084745.845	,7.540,0.000000,0
6,MatMul_3,N/A,N/A,1788518770084753.405	,5.560,0.210000,0
6,SwishMul_3,N/A,N/A,1788518770084758.985	,4.280,0.000000,0
6,MatMul_4,N/A,N/A,1788518770084763.285	,9.720,0.000000,0
6,InplaceAddRmsNorm_1,N/A,N/A,1788518770084773.085	,2.980,0.030000,0
6,MatMul_5,N/A,N/A,1788518770084776.085	,4.020,0.020000,0
6,SplitV_4,N/A,N/A,1788518770084780.125	,1.060,0.000000,0
6,ApplyRotaryPosEmb_1,N/A,N/A,1788518770084781.205	,2.680,0.190000,0
6,ConcatV2_4,N/A,N/A,1788518770084783.905	,1.240,0.070000,0
6,Transpose_10,N/A,N/A,1788518770084785.165	,1.960,0.010000,0
6,Scatter_2,N/A,N/A,1788518770084787.145	,1.060,0.040000,0
6,BatchMatMul_2,N/A,N/A,1788518770084788.265	,8.420,0.000000,0
6,ScaledMaskedSoftmax_1,N/A,N/A,1788518770084796.705	,5.980,0.080000,0
6,Scatter_3,N/A,N/A,1788518770084802.705	,0.900,0.020000,0
6,BatchMatMul_3,N/A,N/A,1788518770084803.685	,10.840,0.100000,0
6,Reshape_44/ConfusionTranspose/Transpose,N/A,N/A,1788518770084814.545	,2.140,0.000000,0
6,MatMul_6,N/A,N/A,1788518770084816.705	,3.160,0.110000,0
6,InplaceAddRmsNorm_2,N/A,N/A,1788518770084819.885	,2.200,0.090000,0
6,MatMul_7,N/A,N/A,1788518770084822.105	,3.320,0.000000,0
6,MatMul_8,N/A,N/A,1788518770084825.465	,4.120,0.180000,0
6,Swish_1Mul_4,N/A,N/A,1788518770084829.625	,1.700,0.000000,0
6,MatMul_9,N/A,N/A,1788518770084831.345	,4.240,0.050000,0
6,InplaceAddRmsNorm_3,N/A,N/A,1788518770084835.645	,1.740,0.260000,0
6,MatMul_10,N/A,N/A,1788518770084837.405	,3.260,0.010000,0
6,SplitV_6,N/A,N/A,1788518770084840.685	,1.040,0.000000,0
6,ApplyRotaryPosEmb_2,N/A,N/A,1788518770084841.745	,2.720,0.000000,0
6,ConcatV2_5,N/A,N/A,1788518770084844.485	,1.240,0.030000,0
6,Transpose_18,N/A,N/A,1788518770084845.745	,1.920,0.010000,0
6,Scatter_4,N/A,N/A,1788518770084847.705	,1.500,0.080000,0
6,BatchMatMul_4,N/A,N/A,1788518770084849.265	,6.780,0.000000,0
6,ScaledMaskedSoftmax_2,N/A,N/A,1788518770084856.065	,5.960,0.000000,0
6,Scatter_5,N/A,N/A,1788518770084862.045	,0.940,0.040000,0
6,BatchMatMul_5,N/A,N/A,1788518770084863.045	,10.580,0.060000,0
6,Reshape_66/ConfusionTranspose/Transpose,N/A,N/A,1788518770084873.665	,2.120,0.170000,0
6,MatMul_11,N/A,N/A,1788518770084875.825	,3.260,0.000000,0
6,InplaceAddRmsNorm_4,N/A,N/A,1788518770084879.105	,1.860,0.000000,0
6,MatMul_12,N/A,N/A,1788518770084880.985	,4.200,0.140000,0
6,MatMul_13,N/A,N/A,1788518770084885.205	,3.360,0.050000,0
6,Swish_2Mul_5,N/A,N/A,1788518770084888.585	,2.380,0.000000,0
6,MatMul_14,N/A,N/A,1788518770084890.985	,3.980,0.120000,0
6,InplaceAddRmsNorm_5,N/A,N/A,1788518770084895.025	,2.040,0.020000,0
6,MatMul_15,N/A,N/A,1788518770084897.085	,3.220,0.000000,0
6,SplitV_8,N/A,N/A,1788518770084900.325	,1.080,0.030000,0
6,ApplyRotaryPosEmb_3,N/A,N/A,1788518770084901.445	,2.620,0.170000,0
6,ConcatV2_6,N/A,N/A,1788518770084904.085	,1.580,0.000000,0
6,Transpose_26,N/A,N/A,1788518770084905.685	,1.920,0.170000,0
6,Scatter_6,N/A,N/A,1788518770084907.625	,1.000,0.000000,0
6,BatchMatMul_6,N/A,N/A,1788518770084908.685	,6.940,0.250000,0
6,ScaledMaskedSoftmax_3,N/A,N/A,1788518770084915.645	,6.020,0.060000,0
6,Scatter_7,N/A,N/A,1788518770084921.705	,1.020,0.000000,0
6,BatchMatMul_7,N/A,N/A,1788518770084922.805	,10.680,0.000000,0
6,Reshape_88/ConfusionTranspose/Transpose,N/A,N/A,1788518770084933.505	,2.200,0.070000,0
6,MatMul_16,N/A,N/A,1788518770084935.725	,3.880,0.050000,0
6,InplaceAddRmsNorm_6,N/A,N/A,1788518770084939.625	,1.940,0.000000,0
6,MatMul_17,N/A,N/A,1788518770084941.585	,3.320,0.060000,0
6,MatMul_18,N/A,N/A,1788518770084944.925	,3.200,0.180000,0
6,Swish_3Mul_6,N/A,N/A,1788518770084948.165	,1.680,0.050000,0
6,MatMul_19,N/A,N/A,1788518770084949.865	,4.460,0.000000,0
6,InplaceAddRmsNorm_7,N/A,N/A,1788518770084954.385	,2.160,0.290000,0
6,MatMul_20,N/A,N/A,1788518770084956.565	,3.860,0.000000,0
6,SplitV_10,N/A,N/A,1788518770084960.445	,1.080,0.140000,0
6,ApplyRotaryPosEmb_4,N/A,N/A,1788518770084961.545	,2.760,0.000000,0
6,ConcatV2_7,N/A,N/A,1788518770084964.345	,1.200,0.000000,0
6,Transpose_34,N/A,N/A,1788518770084965.565	,1.940,0.050000,0
6,Scatter_8,N/A,N/A,1788518770084967.525	,0.920,0.060000,0
6,BatchMatMul_8,N/A,N/A,1788518770084968.505	,8.460,0.080000,0
6,ScaledMaskedSoftmax_4,N/A,N/A,1788518770084976.985	,6.100,0.040000,0
6,Scatter_9,N/A,N/A,1788518770084983.105	,1.100,0.000000,0
6,BatchMatMul_9,N/A,N/A,1788518770084984.265	,10.620,0.150000,0
6,Reshape_110/ConfusionTranspose/Transpose,N/A,N/A,1788518770084994.905	,2.180,0.130000,0
6,MatMul_21,N/A,N/A,1788518770084997.105	,3.280,0.000000,0
6,InplaceAddRmsNorm_8,N/A,N/A,1788518770085000.405	,1.720,0.220000,0
6,MatMul_22,N/A,N/A,1788518770085002.145	,3.280,0.030000,0
6,MatMul_23,N/A,N/A,1788518770085005.465	,3.480,0.000000,0
6,Swish_4Mul_7,N/A,N/A,1788518770085008.965	,2.400,0.020000,0
6,MatMul_24,N/A,N/A,1788518770085011.405	,3.900,0.100000,0
6,InplaceAddRmsNorm_9,N/A,N/A,1788518770085015.365	,2.980,0.000000,0
6,MatMul_25,N/A,N/A,1788518770085018.385	,3.140,0.270000,0
6,SplitV_12,N/A,N/A,1788518770085021.545	,1.060,0.000000,0
6,ApplyRotaryPosEmb_5,N/A,N/A,1788518770085022.625	,3.540,0.000000,0
6,ConcatV2_8,N/A,N/A,1788518770085026.185	,1.220,0.210000,0
6,Transpose_42,N/A,N/A,1788518770085027.425	,1.940,0.030000,0
6,Scatter_10,N/A,N/A,1788518770085029.385	,1.840,0.060000,0
6,BatchMatMul_10,N/A,N/A,1788518770085031.305	,8.400,0.000000,0
6,ScaledMaskedSoftmax_5,N/A,N/A,1788518770085039.725	,6.020,0.100000,0
6,Scatter_11,N/A,N/A,1788518770085045.765	,0.880,0.000000,0
6,BatchMatMul_11,N/A,N/A,1788518770085046.705	,10.380,0.120000,0
6,Reshape_132/ConfusionTranspose/Transpose,N/A,N/A,1788518770085057.125	,2.240,0.000000,0
6,MatMul_26,N/A,N/A,1788518770085059.385	,3.540,0.260000,0
6,InplaceAddRmsNorm_10,N/A,N/A,1788518770085062.965	,1.720,0.000000,0
6,MatMul_27,N/A,N/A,1788518770085064.725	,3.420,0.030000,0
6,MatMul_28,N/A,N/A,1788518770085068.165	,3.340,0.080000,0
6,Swish_5Mul_8,N/A,N/A,1788518770085071.525	,1.680,0.000000,0
6,MatMul_29,N/A,N/A,1788518770085073.225	,4.940,0.070000,0
6,InplaceAddRmsNorm_11,N/A,N/A,1788518770085078.245	,1.980,0.060000,0
6,MatMul_30,N/A,N/A,1788518770085080.245	,3.260,0.020000,0
6,SplitV_14,N/A,N/A,1788518770085083.525	,1.160,0.000000,0
6,ApplyRotaryPosEmb_6,N/A,N/A,1788518770085084.705	,2.720,0.090000,0
6,ConcatV2_9,N/A,N/A,1788518770085087.445	,1.200,0.030000,0
6,Transpose_50,N/A,N/A,1788518770085088.665	,1.940,0.050000,0
6,Scatter_12,N/A,N/A,1788518770085090.625	,2.160,0.000000,0
6,BatchMatMul_12,N/A,N/A,1788518770085092.865	,5.480,0.090000,0
6,ScaledMaskedSoftmax_6,N/A,N/A,1788518770085098.365	,6.040,0.020000,0
6,Scatter_13,N/A,N/A,1788518770085104.425	,0.940,0.210000,0
6,BatchMatMul_13,N/A,N/A,1788518770085105.445	,10.560,0.060000,0
6,Reshape_154/ConfusionTranspose/Transpose,N/A,N/A,1788518770085116.045	,2.160,0.000000,0
6,MatMul_31,N/A,N/A,1788518770085118.225	,3.280,0.090000,0
6,InplaceAddRmsNorm_12,N/A,N/A,1788518770085121.525	,1.620,0.000000,0
6,MatMul_32,N/A,N/A,1788518770085123.165	,3.380,0.130000,0
6,MatMul_33,N/A,N/A,1788518770085126.565	,4.120,0.000000,0
6,Swish_6Mul_9,N/A,N/A,1788518770085130.705	,2.360,0.130000,0
6,MatMul_34,N/A,N/A,1788518770085133.105	,3.960,0.000000,0
6,InplaceAddRmsNorm_13,N/A,N/A,1788518770085137.125	,1.920,0.040000,0
6,MatMul_35,N/A,N/A,1788518770085139.065	,3.220,0.080000,0
6,SplitV_16,N/A,N/A,1788518770085142.305	,1.120,0.030000,0
6,ApplyRotaryPosEmb_7,N/A,N/A,1788518770085143.445	,3.100,0.130000,0
6,ConcatV2_10,N/A,N/A,1788518770085146.565	,1.220,0.000000,0
6,Transpose_58,N/A,N/A,1788518770085147.805	,2.020,0.030000,0
6,Scatter_14,N/A,N/A,1788518770085149.865	,1.800,0.000000,0
6,BatchMatMul_14,N/A,N/A,1788518770085151.725	,9.780,0.200000,0
6,ScaledMaskedSoftmax_7,N/A,N/A,1788518770085161.525	,5.940,0.000000,0
6,Scatter_15,N/A,N/A,1788518770085167.485	,0.940,0.060000,0
6,BatchMatMul_15,N/A,N/A,1788518770085168.485	,10.500,0.060000,0
6,Reshape_176/ConfusionTranspose/Transpose,N/A,N/A,1788518770085179.005	,2.140,0.000000,0
6,MatMul_36,N/A,N/A,1788518770085181.165	,3.280,0.110000,0
6,InplaceAddRmsNorm_14,N/A,N/A,1788518770085184.465	,1.620,0.000000,0
6,MatMul_37,N/A,N/A,1788518770085186.105	,3.800,0.000000,0
6,MatMul_38,N/A,N/A,1788518770085189.945	,3.400,0.200000,0
6,Swish_7Mul_10,N/A,N/A,1788518770085193.365	,1.760,0.000000,0
6,MatMul_39,N/A,N/A,1788518770085195.145	,3.920,0.240000,0
6,InplaceAddRmsNorm_15,N/A,N/A,1788518770085199.125	,2.160,0.000000,0
6,MatMul_40,N/A,N/A,1788518770085201.305	,3.420,0.090000,0
6,SplitV_18,N/A,N/A,1788518770085204.765	,1.760,0.080000,0
6,ApplyRotaryPosEmb_8,N/A,N/A,1788518770085206.565	,5.520,0.000000,0
6,ConcatV2_11,N/A,N/A,1788518770085212.105	,1.260,0.000000,0
6,Transpose_66,N/A,N/A,1788518770085213.385	,2.320,0.240000,0
6,Scatter_16,N/A,N/A,1788518770085215.725	,1.320,0.000000,0
6,BatchMatMul_16,N/A,N/A,1788518770085217.105	,6.940,0.000000,0
6,ScaledMaskedSoftmax_8,N/A,N/A,1788518770085224.065	,6.260,0.060000,0
6,Scatter_17,N/A,N/A,1788518770085230.365	,0.900,0.000000,0
6,BatchMatMul_17,N/A,N/A,1788518770085231.325	,10.380,0.100000,0
6,Reshape_198/ConfusionTranspose/Transpose,N/A,N/A,1788518770085241.725	,2.340,0.120000,0
6,MatMul_41,N/A,N/A,1788518770085244.085	,3.580,0.000000,0
6,InplaceAddRmsNorm_16,N/A,N/A,1788518770085247.685	,1.780,0.170000,0
6,MatMul_42,N/A,N/A,1788518770085249.485	,3.440,0.000000,0
6,MatMul_43,N/A,N/A,1788518770085252.945	,3.280,0.060000,0
6,Swish_8Mul_11,N/A,N/A,1788518770085256.265	,2.600,0.000000,0
6,MatMul_44,N/A,N/A,1788518770085258.885	,4.900,0.150000,0
6,InplaceAddRmsNorm_17,N/A,N/A,1788518770085263.845	,3.620,0.000000,0
6,MatMul_45,N/A,N/A,1788518770085267.485	,4.480,0.130000,0
6,SplitV_20,N/A,N/A,1788518770085272.005	,1.040,0.020000,0
6,ApplyRotaryPosEmb_9,N/A,N/A,1788518770085273.065	,2.700,0.000000,0
6,ConcatV2_12,N/A,N/A,1788518770085275.785	,1.620,0.050000,0
6,Transpose_74,N/A,N/A,1788518770085277.425	,2.200,0.130000,0
6,Scatter_18,N/A,N/A,1788518770085279.645	,1.680,0.050000,0
6,BatchMatMul_18,N/A,N/A,1788518770085281.385	,8.420,0.070000,0
6,ScaledMaskedSoftmax_9,N/A,N/A,1788518770085289.845	,6.480,0.000000,0
6,Scatter_19,N/A,N/A,1788518770085296.345	,1.000,0.020000,0
6,BatchMatMul_19,N/A,N/A,1788518770085297.405	,10.560,0.250000,0
6,Reshape_220/ConfusionTranspose/Transpose,N/A,N/A,1788518770085307.985	,2.360,0.000000,0
6,MatMul_46,N/A,N/A,1788518770085310.365	,3.340,0.000000,0
6,InplaceAddRmsNorm_18,N/A,N/A,1788518770085313.725	,2.100,0.160000,0
6,MatMul_47,N/A,N/A,1788518770085315.865	,3.560,0.000000,0
6,MatMul_48,N/A,N/A,1788518770085319.465	,4.560,0.190000,0
6,Swish_9Mul_12,N/A,N/A,1788518770085324.065	,1.740,0.000000,0
6,MatMul_49,N/A,N/A,1788518770085325.825	,4.220,0.010000,0
6,InplaceAddRmsNorm_19,N/A,N/A,1788518770085330.105	,1.900,0.030000,0
6,MatMul_50,N/A,N/A,1788518770085332.025	,3.720,0.100000,0
6,SplitV_22,N/A,N/A,1788518770085335.785	,1.060,0.030000,0
6,ApplyRotaryPosEmb_10,N/A,N/A,1788518770085336.865	,3.820,0.000000,0
6,ConcatV2_13,N/A,N/A,1788518770085340.705	,1.320,0.180000,0
6,Transpose_82,N/A,N/A,1788518770085342.045	,2.160,0.000000,0
6,Scatter_20,N/A,N/A,1788518770085344.245	,1.520,0.090000,0
6,BatchMatMul_20,N/A,N/A,1788518770085345.825	,8.260,0.000000,0
6,ScaledMaskedSoftmax_10,N/A,N/A,1788518770085354.105	,6.240,0.000000,0
6,Scatter_21,N/A,N/A,1788518770085360.365	,1.060,0.010000,0
6,BatchMatMul_21,N/A,N/A,1788518770085361.485	,10.360,0.190000,0
6,Reshape_242/ConfusionTranspose/Transpose,N/A,N/A,1788518770085371.885	,2.320,0.140000,0
6,MatMul_51,N/A,N/A,1788518770085374.225	,3.660,0.000000,0
6,InplaceAddRmsNorm_20,N/A,N/A,1788518770085377.905	,1.860,0.090000,0
6,MatMul_52,N/A,N/A,1788518770085379.785	,4.520,0.000000,0
6,MatMul_53,N/A,N/A,1788518770085384.325	,3.400,0.000000,0
6,Swish_10Mul_13,N/A,N/A,1788518770085387.745	,2.620,0.100000,0
6,MatMul_54,N/A,N/A,1788518770085390.405	,4.580,0.130000,0
6,InplaceAddRmsNorm_21,N/A,N/A,1788518770085395.045	,2.000,0.000000,0
6,MatMul_55,N/A,N/A,1788518770085397.085	,3.440,0.000000,0
6,SplitV_24,N/A,N/A,1788518770085400.545	,1.140,0.060000,0
6,ApplyRotaryPosEmb_11,N/A,N/A,1788518770085401.705	,2.920,0.110000,0
6,ConcatV2_14,N/A,N/A,1788518770085404.645	,1.320,0.080000,0
6,Transpose_90,N/A,N/A,1788518770085406.005	,2.140,0.000000,0
6,Scatter_22,N/A,N/A,1788518770085408.165	,2.120,0.110000,0
6,BatchMatMul_22,N/A,N/A,1788518770085410.365	,6.600,0.000000,0
6,ScaledMaskedSoftmax_11,N/A,N/A,1788518770085416.985	,6.360,0.150000,0
6,Scatter_23,N/A,N/A,1788518770085423.365	,1.000,0.000000,0
6,BatchMatMul_23,N/A,N/A,1788518770085424.425	,10.420,0.250000,0
6,Reshape_264/ConfusionTranspose/Transpose,N/A,N/A,1788518770085434.865	,2.420,0.000000,0
6,MatMul_56,N/A,N/A,1788518770085437.305	,4.040,0.080000,0
6,InplaceAddRmsNorm_22,N/A,N/A,1788518770085441.365	,1.860,0.000000,0
6,MatMul_57,N/A,N/A,1788518770085443.245	,3.340,0.140000,0
6,MatMul_58,N/A,N/A,1788518770085446.625	,3.400,0.000000,0
6,Swish_11Mul_14,N/A,N/A,1788518770085450.045	,1.740,0.100000,0
6,MatMul_59,N/A,N/A,1788518770085451.805	,4.080,0.010000,0
6,InplaceAddRmsNorm_23,N/A,N/A,1788518770085455.965	,2.320,0.170000,0
6,MatMul_60,N/A,N/A,1788518770085458.305	,4.260,0.000000,0
6,SplitV_26,N/A,N/A,1788518770085462.585	,1.120,0.000000,0
6,ApplyRotaryPosEmb_12,N/A,N/A,1788518770085463.725	,2.880,0.130000,0
6,ConcatV2_15,N/A,N/A,1788518770085466.645	,1.280,0.120000,0
6,Transpose_98,N/A,N/A,1788518770085467.965	,2.180,0.000000,0
6,Scatter_24,N/A,N/A,1788518770085470.165	,1.360,0.070000,0
6,BatchMatMul_24,N/A,N/A,1788518770085471.605	,6.840,0.000000,0
6,ScaledMaskedSoftmax_12,N/A,N/A,1788518770085478.465	,6.240,0.160000,0
6,Scatter_25,N/A,N/A,1788518770085484.745	,1.040,0.010000,0
6,BatchMatMul_25,N/A,N/A,1788518770085485.845	,10.640,0.000000,0
6,Reshape_286/ConfusionTranspose/Transpose,N/A,N/A,1788518770085496.505	,2.420,0.110000,0
6,MatMul_61,N/A,N/A,1788518770085498.965	,3.300,0.080000,0
6,InplaceAddRmsNorm_24,N/A,N/A,1788518770085502.305	,1.800,0.000000,0
6,MatMul_62,N/A,N/A,1788518770085504.125	,3.340,0.000000,0
6,MatMul_63,N/A,N/A,1788518770085507.505	,3.340,0.160000,0
6,Swish_12Mul_15,N/A,N/A,1788518770085510.865	,2.640,0.000000,0
6,MatMul_64,N/A,N/A,1788518770085513.525	,4.020,0.110000,0
6,InplaceAddRmsNorm_25,N/A,N/A,1788518770085517.605	,4.900,0.000000,0
6,MatMul_65,N/A,N/A,1788518770085522.525	,3.420,0.100000,0
6,SplitV_28,N/A,N/A,1788518770085525.965	,1.100,0.080000,0
6,ApplyRotaryPosEmb_13,N/A,N/A,1788518770085527.085	,4.060,0.000000,0
6,ConcatV2_16,N/A,N/A,1788518770085531.185	,1.300,0.190000,0
6,Transpose_106,N/A,N/A,1788518770085532.505	,2.220,0.000000,0
6,Scatter_26,N/A,N/A,1788518770085534.765	,1.820,0.030000,0
6,BatchMatMul_26,N/A,N/A,1788518770085536.645	,6.220,0.180000,0
6,ScaledMaskedSoftmax_13,N/A,N/A,1788518770085542.885	,6.240,0.030000,0
6,Scatter_27,N/A,N/A,1788518770085549.145	,0.960,0.010000,0
6,BatchMatMul_27,N/A,N/A,1788518770085550.165	,10.460,0.040000,0
6,Reshape_308/ConfusionTranspose/Transpose,N/A,N/A,1788518770085560.665	,2.360,0.040000,0
6,MatMul_66,N/A,N/A,1788518770085563.065	,3.640,0.000000,0
6,InplaceAddRmsNorm_26,N/A,N/A,1788518770085566.725	,1.800,0.110000,0
6,MatMul_67,N/A,N/A,1788518770085568.545	,3.500,0.000000,0
6,MatMul_68,N/A,N/A,1788518770085572.065	,3.480,0.000000,0
6,Swish_13Mul_16,N/A,N/A,1788518770085575.565	,1.820,0.020000,0
6,MatMul_69,N/A,N/A,1788518770085577.405	,5.700,0.180000,0
6,InplaceAddRmsNorm_27,N/A,N/A,1788518770085583.185	,2.040,0.050000,0
6,MatMul_70,N/A,N/A,1788518770085585.245	,3.640,0.000000,0
6,SplitV_30,N/A,N/A,1788518770085588.905	,1.600,0.110000,0
6,ApplyRotaryPosEmb_14,N/A,N/A,1788518770085590.545	,5.840,0.000000,0
6,ConcatV2_17,N/A,N/A,1788518770085596.405	,1.340,0.160000,0
6,Transpose_114,N/A,N/A,1788518770085597.765	,2.200,0.000000,0
6,Scatter_28,N/A,N/A,1788518770085599.985	,2.460,0.050000,0
6,BatchMatMul_28,N/A,N/A,1788518770085602.505	,6.340,0.040000,0
6,ScaledMaskedSoftmax_14,N/A,N/A,1788518770085608.865	,6.260,0.000000,0
6,Scatter_29,N/A,N/A,1788518770085615.145	,0.900,0.240000,0
6,BatchMatMul_29,N/A,N/A,1788518770085616.105	,10.380,0.000000,0
6,Reshape_330/ConfusionTranspose/Transpose,N/A,N/A,1788518770085626.525	,2.340,0.120000,0
6,MatMul_71,N/A,N/A,1788518770085628.885	,3.340,0.160000,0
6,InplaceAddRmsNorm_28,N/A,N/A,1788518770085632.245	,1.900,0.000000,0
6,MatMul_72,N/A,N/A,1788518770085634.185	,3.460,0.100000,0
6,MatMul_73,N/A,N/A,1788518770085637.665	,4.520,0.040000,0
6,Swish_14Mul_17,N/A,N/A,1788518770085642.205	,2.640,0.000000,0
6,MatMul_74,N/A,N/A,1788518770085644.865	,4.300,0.000000,0
6,InplaceAddRmsNorm_29,N/A,N/A,1788518770085649.225	,1.660,0.200000,0
6,MatMul_75,N/A,N/A,1788518770085650.925	,4.160,0.090000,0
6,SplitV_32,N/A,N/A,1788518770085655.105	,1.120,0.000000,0
6,ApplyRotaryPosEmb_15,N/A,N/A,1788518770085656.245	,1.920,0.130000,0
6,ConcatV2_18,N/A,N/A,1788518770085658.185	,1.540,0.080000,0
6,Transpose_122,N/A,N/A,1788518770085659.745	,2.200,0.000000,0
6,Scatter_30,N/A,N/A,1788518770085661.965	,1.140,0.050000,0
6,BatchMatMul_30,N/A,N/A,1788518770085663.165	,6.840,0.110000,0
6,ScaledMaskedSoftmax_15,N/A,N/A,1788518770085670.025	,6.200,0.000000,0
6,Scatter_31,N/A,N/A,1788518770085676.245	,0.980,0.050000,0
6,BatchMatMul_31,N/A,N/A,1788518770085677.285	,10.400,0.020000,0
6,Reshape_352/ConfusionTranspose/Transpose,N/A,N/A,1788518770085687.725	,2.340,0.100000,0
6,MatMul_76,N/A,N/A,1788518770085690.085	,3.680,0.000000,0
6,InplaceAddRmsNorm_30,N/A,N/A,1788518770085693.785	,1.780,0.070000,0
6,MatMul_77,N/A,N/A,1788518770085695.585	,4.660,0.000000,0
6,MatMul_78,N/A,N/A,1788518770085700.265	,3.620,0.090000,0
6,Swish_15Mul_18,N/A,N/A,1788518770085703.925	,1.720,0.130000,0
6,MatMul_79,N/A,N/A,1788518770085705.685	,4.280,0.030000,0
6,InplaceAddRmsNorm_31,N/A,N/A,1788518770085710.045	,1.840,0.000000,0
6,MatMul_80,N/A,N/A,1788518770085711.905	,3.440,0.160000,0
6,SplitV_34,N/A,N/A,1788518770085715.385	,1.080,0.060000,0
6,ApplyRotaryPosEmb_16,N/A,N/A,1788518770085716.505	,1.900,0.000000,0
6,ConcatV2_19,N/A,N/A,1788518770085718.425	,1.240,0.100000,0
6,Transpose_130,N/A,N/A,1788518770085719.685	,1.940,0.010000,0
6,Scatter_32,N/A,N/A,1788518770085721.645	,1.220,0.060000,0
6,BatchMatMul_32,N/A,N/A,1788518770085722.945	,7.060,0.030000,0
6,ScaledMaskedSoftmax_16,N/A,N/A,1788518770085730.025	,6.180,0.000000,0
6,Scatter_33,N/A,N/A,1788518770085736.225	,1.040,0.070000,0
6,BatchMatMul_33,N/A,N/A,1788518770085737.325	,10.520,0.000000,0
6,Reshape_374/ConfusionTranspose/Transpose,N/A,N/A,1788518770085747.865	,2.100,0.000000,0
6,MatMul_81,N/A,N/A,1788518770085749.985	,4.120,0.150000,0
6,InplaceAddRmsNorm_32,N/A,N/A,1788518770085754.125	,1.660,0.000000,0
6,MatMul_82,N/A,N/A,1788518770085755.805	,3.400,0.090000,0
6,MatMul_83,N/A,N/A,1788518770085759.245	,3.400,0.100000,0
6,Swish_16Mul_19,N/A,N/A,1788518770085762.665	,2.400,0.100000,0
6,MatMul_84,N/A,N/A,1788518770085765.085	,5.200,0.000000,0
6,InplaceAddRmsNorm_33,N/A,N/A,1788518770085770.345	,2.160,0.050000,0
6,MatMul_85,N/A,N/A,1788518770085772.545	,3.600,0.090000,0
6,SplitV_36,N/A,N/A,1788518770085776.165	,1.040,0.150000,0
6,ApplyRotaryPosEmb_17,N/A,N/A,1788518770085777.245	,1.960,0.000000,0
6,ConcatV2_20,N/A,N/A,1788518770085779.225	,1.240,0.040000,0
6,Transpose_138,N/A,N/A,1788518770085780.485	,1.960,0.010000,0
6,Scatter_34,N/A,N/A,1788518770085782.465	,1.320,0.040000,0
6,BatchMatMul_34,N/A,N/A,1788518770085783.865	,10.360,0.000000,0
6,ScaledMaskedSoftmax_17,N/A,N/A,1788518770085794.245	,6.060,0.140000,0
6,Scatter_35,N/A,N/A,1788518770085800.325	,0.980,0.000000,0
6,BatchMatMul_35,N/A,N/A,1788518770085801.385	,10.560,0.270000,0
6,Reshape_396/ConfusionTranspose/Transpose,N/A,N/A,1788518770085811.965	,2.180,0.000000,0
6,MatMul_86,N/A,N/A,1788518770085814.165	,3.520,0.070000,0
6,InplaceAddRmsNorm_34,N/A,N/A,1788518770085817.725	,1.800,0.000000,0
6,MatMul_87,N/A,N/A,1788518770085819.565	,3.580,0.000000,0
6,MatMul_88,N/A,N/A,1788518770085823.165	,4.700,0.170000,0
6,Swish_17Mul_20,N/A,N/A,1788518770085827.885	,1.720,0.050000,0
6,MatMul_89,N/A,N/A,1788518770085829.625	,5.360,0.000000,0
6,InplaceAddRmsNorm_35,N/A,N/A,1788518770085835.005	,2.980,0.140000,0
6,MatMul_90,N/A,N/A,1788518770085838.005	,14.540,0.020000,0
6,Cast_26,N/A,N/A,1788518770085852.585	,7.800,0.000000,0
6,ArgMaxV2,N/A,N/A,1788518770085860.405	,8.540,0.200000,0
6,ArgMaxV2_Output0CastAfter,N/A,N/A,1788518770085868.965	,0.840,0.000000,0
6,GatherV2_31,N/A,N/A,1788518770085869.845	,1.540,0.000000,0
6,Range,N/A,N/A,1788518770086157.105	,8.140,285.710000,0
6,Cast,N/A,N/A,1788518770086165.285	,0.800,0.110000,0
6,Range_1,N/A,N/A,1788518770086166.105	,9.440,0.000000,0
6,Cast_1,N/A,N/A,1788518770086175.565	,1.960,0.060000,0
6,GatherV2,N/A,N/A,1788518770086177.545	,2.400,0.040000,0
6,RmsNorm,N/A,N/A,1788518770086180.005	,9.040,0.100000,0
6,MatMul,N/A,N/A,1788518770086189.065	,10.420,0.000000,0
6,SplitV_2,N/A,N/A,1788518770086199.505	,1.100,0.080000,0
6,Add,N/A,N/A,1788518770086200.625	,2.900,0.000000,0
6,Add_1,N/A,N/A,1788518770086203.545	,1.520,0.100000,0
6,BroadcastTo_1,N/A,N/A,1788518770086205.085	,0.860,0.000000,0
6,Cast_2,N/A,N/A,1788518770086205.985	,0.840,0.140000,0
6,BroadcastTo_2,N/A,N/A,1788518770086206.845	,0.940,0.000000,0
6,Mul,N/A,N/A,1788518770086207.805	,8.300,0.060000,0
6,Greater,N/A,N/A,1788518770086216.145	,9.140,0.200000,0
6,Transpose,N/A,N/A,1788518770086225.305	,7.620,0.000000,0
6,ConcatV2,N/A,N/A,1788518770086232.945	,3.660,0.130000,0
6,Cos,N/A,N/A,1788518770086236.645	,2.320,0.090000,0
6,Mul_1Cast_6,N/A,N/A,1788518770086238.985	,1.360,0.000000,0
6,Sin,N/A,N/A,1788518770086240.365	,2.280,0.000000,0
6,Mul_2Cast_7,N/A,N/A,1788518770086242.665	,1.060,0.220000,0
6,SplitV,N/A,N/A,1788518770086243.745	,3.620,0.000000,0
6,GatherV2_2,N/A,N/A,1788518770086247.385	,1.100,0.130000,0
6,GatherV2_3,N/A,N/A,1788518770086248.525	,0.960,0.000000,0
6,GatherV2_5,N/A,N/A,1788518770086249.505	,0.900,0.040000,0
6,GatherV2_6,N/A,N/A,1788518770086250.425	,0.900,0.100000,0
6,SplitV_1,N/A,N/A,1788518770086251.345	,3.560,0.000000,0
6,GatherV2_11,N/A,N/A,1788518770086254.925	,0.980,0.190000,0
6,GatherV2_12,N/A,N/A,1788518770086255.925	,0.960,0.020000,0
6,GatherV2_8,N/A,N/A,1788518770086256.905	,1.000,0.040000,0
6,GatherV2_9,N/A,N/A,1788518770086257.925	,0.820,0.000000,0
6,BroadcastTo,N/A,N/A,1788518770086258.785	,7.920,0.000000,0
6,GatherV2_1,N/A,N/A,1788518770086266.725	,0.940,0.080000,0
6,GatherV2_10,N/A,N/A,1788518770086267.685	,0.760,0.060000,0
6,GatherV2_4,N/A,N/A,1788518770086268.465	,0.780,0.000000,0
6,GatherV2_7,N/A,N/A,1788518770086269.285	,0.800,0.000000,0
6,GatherV2_13,N/A,N/A,1788518770086270.105	,0.860,0.000000,0
6,GatherV2_14,N/A,N/A,1788518770086271.005	,0.740,0.140000,0
6,GatherV2_15,N/A,N/A,1788518770086271.765	,0.760,0.010000,0
6,GatherV2_16,N/A,N/A,1788518770086272.565	,0.820,0.000000,0
6,GatherV2_17,N/A,N/A,1788518770086273.405	,0.900,0.180000,0
6,GatherV2_18,N/A,N/A,1788518770086274.325	,0.820,0.000000,0
6,GatherV2_19,N/A,N/A,1788518770086275.165	,0.820,0.180000,0
6,GatherV2_20,N/A,N/A,1788518770086276.005	,0.800,0.000000,0
6,GatherV2_21,N/A,N/A,1788518770086276.825	,0.780,0.000000,0
6,GatherV2_22,N/A,N/A,1788518770086277.645	,0.800,0.220000,0
6,GatherV2_23,N/A,N/A,1788518770086278.465	,0.820,0.000000,0
6,GatherV2_24,N/A,N/A,1788518770086279.305	,0.800,0.000000,0
6,GatherV2_25,N/A,N/A,1788518770086280.125	,0.800,0.000000,0
6,GatherV2_26,N/A,N/A,1788518770086280.945	,0.840,0.200000,0
6,GatherV2_27,N/A,N/A,1788518770086281.805	,0.840,0.000000,0
6,GatherV2_28,N/A,N/A,1788518770086282.665	,0.860,0.160000,0
6,GatherV2_29,N/A,N/A,1788518770086283.545	,0.880,0.000000,0
6,GatherV2_30,N/A,N/A,1788518770086284.445	,0.840,0.120000,0
6,ConcatV2_1,N/A,N/A,1788518770086285.305	,3.240,0.000000,0
6,ConcatV2_2,N/A,N/A,1788518770086288.565	,3.320,0.010000,0
6,ApplyRotaryPosEmb,N/A,N/A,1788518770086291.905	,3.420,0.180000,0
6,ConcatV2_3,N/A,N/A,1788518770086295.345	,1.640,0.000000,0
6,Transpose_2,N/A,N/A,1788518770086297.005	,6.740,0.110000,0
6,Scatter,N/A,N/A,1788518770086303.765	,0.860,0.010000,0
6,BatchMatMul,N/A,N/A,1788518770086304.685	,7.320,0.140000,0
6,ScaledMaskedSoftmax,N/A,N/A,1788518770086312.025	,11.220,0.000000,0
6,Scatter_1,N/A,N/A,1788518770086323.265	,1.000,0.030000,0
6,BatchMatMul_1,N/A,N/A,1788518770086324.325	,11.300,0.000000,0
6,Reshape_22/ConfusionTranspose/Transpose,N/A,N/A,1788518770086335.645	,6.520,0.200000,0
6,MatMul_1,N/A,N/A,1788518770086342.185	,6.440,0.000000,0
6,InplaceAddRmsNorm,N/A,N/A,1788518770086348.645	,3.000,0.060000,0
6,MatMul_2,N/A,N/A,1788518770086351.685	,7.420,0.000000,0
6,MatMul_3,N/A,N/A,1788518770086359.145	,5.480,0.080000,0
6,SwishMul_3,N/A,N/A,1788518770086364.645	,4.180,0.020000,0
6,MatMul_4,N/A,N/A,1788518770086368.865	,9.220,0.000000,0
6,InplaceAddRmsNorm_1,N/A,N/A,1788518770086378.145	,2.860,0.280000,0
6,MatMul_5,N/A,N/A,1788518770086381.025	,4.200,0.000000,0
6,SplitV_4,N/A,N/A,1788518770086385.245	,1.140,0.050000,0
6,ApplyRotaryPosEmb_1,N/A,N/A,1788518770086386.405	,3.400,0.110000,0
6,ConcatV2_4,N/A,N/A,1788518770086389.825	,1.240,0.000000,0
6,Transpose_10,N/A,N/A,1788518770086391.085	,2.460,0.010000,0
6,Scatter_2,N/A,N/A,1788518770086393.565	,0.920,0.040000,0
6,BatchMatMul_2,N/A,N/A,1788518770086394.565	,8.880,0.080000,0
6,ScaledMaskedSoftmax_1,N/A,N/A,1788518770086403.465	,5.940,0.120000,0
6,Scatter_3,N/A,N/A,1788518770086409.425	,1.040,0.060000,0
6,BatchMatMul_3,N/A,N/A,1788518770086410.525	,10.680,0.000000,0
6,Reshape_44/ConfusionTranspose/Transpose,N/A,N/A,1788518770086421.225	,2.180,0.070000,0
6,MatMul_6,N/A,N/A,1788518770086423.445	,3.200,0.070000,0
6,InplaceAddRmsNorm_2,N/A,N/A,1788518770086426.665	,1.900,0.050000,0
6,MatMul_7,N/A,N/A,1788518770086428.585	,3.420,0.000000,0
6,MatMul_8,N/A,N/A,1788518770086432.025	,4.080,0.080000,0
6,Swish_1Mul_4,N/A,N/A,1788518770086436.125	,1.680,0.000000,0
6,MatMul_9,N/A,N/A,1788518770086437.825	,3.960,0.070000,0
6,InplaceAddRmsNorm_3,N/A,N/A,1788518770086441.845	,1.900,0.040000,0
6,MatMul_10,N/A,N/A,1788518770086443.765	,3.240,0.100000,0
6,SplitV_6,N/A,N/A,1788518770086447.025	,1.100,0.010000,0
6,ApplyRotaryPosEmb_2,N/A,N/A,1788518770086448.145	,2.820,0.150000,0
6,ConcatV2_5,N/A,N/A,1788518770086450.985	,1.240,0.000000,0
6,Transpose_18,N/A,N/A,1788518770086452.265	,1.880,0.010000,0
6,Scatter_4,N/A,N/A,1788518770086454.165	,0.820,0.120000,0
6,BatchMatMul_4,N/A,N/A,1788518770086455.065	,6.960,0.000000,0
6,ScaledMaskedSoftmax_2,N/A,N/A,1788518770086462.065	,5.960,0.040000,0
6,Scatter_5,N/A,N/A,1788518770086468.065	,0.920,0.040000,0
6,BatchMatMul_5,N/A,N/A,1788518770086469.045	,10.460,0.080000,0
6,Reshape_66/ConfusionTranspose/Transpose,N/A,N/A,1788518770086479.525	,2.140,0.040000,0
6,MatMul_11,N/A,N/A,1788518770086481.685	,3.220,0.110000,0
6,InplaceAddRmsNorm_4,N/A,N/A,1788518770086484.925	,2.000,0.030000,0
6,MatMul_12,N/A,N/A,1788518770086486.945	,4.220,0.000000,0
6,MatMul_13,N/A,N/A,1788518770086491.185	,3.360,0.030000,0
6,Swish_2Mul_5,N/A,N/A,1788518770086494.565	,2.380,0.000000,0
6,MatMul_14,N/A,N/A,1788518770086496.965	,3.980,0.120000,0
6,InplaceAddRmsNorm_5,N/A,N/A,1788518770086501.005	,2.920,0.020000,0
6,MatMul_15,N/A,N/A,1788518770086503.945	,3.220,0.080000,0
6,SplitV_8,N/A,N/A,1788518770086507.185	,1.620,0.030000,0
6,ApplyRotaryPosEmb_3,N/A,N/A,1788518770086508.845	,4.940,0.000000,0
6,ConcatV2_6,N/A,N/A,1788518770086513.805	,1.240,0.060000,0
6,Transpose_26,N/A,N/A,1788518770086515.065	,2.240,0.010000,0
6,Scatter_6,N/A,N/A,1788518770086517.325	,1.100,0.010000,0
6,BatchMatMul_6,N/A,N/A,1788518770086518.505	,6.980,0.150000,0
6,ScaledMaskedSoftmax_3,N/A,N/A,1788518770086525.505	,5.920,0.020000,0
6,Scatter_7,N/A,N/A,1788518770086531.465	,0.900,0.080000,0
6,BatchMatMul_7,N/A,N/A,1788518770086532.445	,10.560,0.100000,0
6,Reshape_88/ConfusionTranspose/Transpose,N/A,N/A,1788518770086543.045	,2.140,0.000000,0
6,MatMul_16,N/A,N/A,1788518770086545.205	,3.980,0.110000,0
6,InplaceAddRmsNorm_6,N/A,N/A,1788518770086549.205	,1.920,0.020000,0
6,MatMul_17,N/A,N/A,1788518770086551.145	,3.260,0.080000,0
6,MatMul_18,N/A,N/A,1788518770086554.425	,3.260,0.000000,0
6,Swish_3Mul_6,N/A,N/A,1788518770086557.705	,1.720,0.000000,0
6,MatMul_19,N/A,N/A,1788518770086559.445	,4.180,0.030000,0
6,InplaceAddRmsNorm_7,N/A,N/A,1788518770086563.685	,1.960,0.070000,0
6,MatMul_20,N/A,N/A,1788518770086565.685	,3.940,0.040000,0
6,SplitV_10,N/A,N/A,1788518770086569.645	,1.060,0.060000,0
6,ApplyRotaryPosEmb_4,N/A,N/A,1788518770086570.725	,2.780,0.000000,0
6,ConcatV2_7,N/A,N/A,1788518770086573.545	,1.560,0.000000,0
6,Transpose_34,N/A,N/A,1788518770086575.145	,1.920,0.190000,0
6,Scatter_8,N/A,N/A,1788518770086577.085	,1.060,0.000000,0
6,BatchMatMul_8,N/A,N/A,1788518770086578.205	,8.000,0.190000,0
6,ScaledMaskedSoftmax_4,N/A,N/A,1788518770086586.225	,6.060,0.000000,0
6,Scatter_9,N/A,N/A,1788518770086592.305	,1.140,0.000000,0
6,BatchMatMul_9,N/A,N/A,1788518770086593.505	,10.660,0.110000,0
6,Reshape_110/ConfusionTranspose/Transpose,N/A,N/A,1788518770086604.185	,2.140,0.090000,0
6,MatMul_21,N/A,N/A,1788518770086606.345	,3.300,0.000000,0
6,InplaceAddRmsNorm_8,N/A,N/A,1788518770086609.665	,1.700,0.200000,0
6,MatMul_22,N/A,N/A,1788518770086611.385	,3.380,0.050000,0
6,MatMul_23,N/A,N/A,1788518770086614.785	,3.440,0.000000,0
6,Swish_4Mul_7,N/A,N/A,1788518770086618.245	,2.400,0.060000,0
6,MatMul_24,N/A,N/A,1788518770086620.685	,3.900,0.100000,0
6,InplaceAddRmsNorm_9,N/A,N/A,1788518770086624.645	,2.260,0.100000,0
6,MatMul_25,N/A,N/A,1788518770086626.925	,3.200,0.000000,0
6,SplitV_12,N/A,N/A,1788518770086630.165	,1.100,0.050000,0
6,ApplyRotaryPosEmb_5,N/A,N/A,1788518770086631.285	,2.660,0.000000,0
6,ConcatV2_8,N/A,N/A,1788518770086633.965	,1.220,0.090000,0
6,Transpose_42,N/A,N/A,1788518770086635.205	,1.920,0.030000,0
6,Scatter_10,N/A,N/A,1788518770086637.165	,1.660,0.080000,0
6,BatchMatMul_10,N/A,N/A,1788518770086638.885	,5.940,0.090000,0
6,ScaledMaskedSoftmax_5,N/A,N/A,1788518770086644.845	,5.960,0.000000,0
6,Scatter_11,N/A,N/A,1788518770086650.825	,0.980,0.040000,0
6,BatchMatMul_11,N/A,N/A,1788518770086651.865	,10.480,0.020000,0
6,Reshape_132/ConfusionTranspose/Transpose,N/A,N/A,1788518770086662.365	,2.180,0.020000,0
6,MatMul_26,N/A,N/A,1788518770086664.565	,3.260,0.070000,0
6,InplaceAddRmsNorm_10,N/A,N/A,1788518770086667.845	,1.480,0.000000,0
6,MatMul_27,N/A,N/A,1788518770086669.365	,3.460,0.020000,0
6,MatMul_28,N/A,N/A,1788518770086672.845	,3.360,0.040000,0
6,Swish_5Mul_8,N/A,N/A,1788518770086676.225	,1.720,0.140000,0
6,MatMul_29,N/A,N/A,1788518770086677.965	,4.960,0.030000,0
6,InplaceAddRmsNorm_11,N/A,N/A,1788518770086682.985	,2.160,0.040000,0
6,MatMul_30,N/A,N/A,1788518770086685.165	,3.340,0.090000,0
6,SplitV_14,N/A,N/A,1788518770086688.525	,1.080,0.000000,0
6,ApplyRotaryPosEmb_6,N/A,N/A,1788518770086689.625	,2.620,0.000000,0
6,ConcatV2_9,N/A,N/A,1788518770086692.265	,1.220,0.130000,0
6,Transpose_50,N/A,N/A,1788518770086693.505	,1.900,0.030000,0
6,Scatter_12,N/A,N/A,1788518770086695.425	,2.220,0.100000,0
6,BatchMatMul_12,N/A,N/A,1788518770086697.705	,5.580,0.030000,0
6,ScaledMaskedSoftmax_6,N/A,N/A,1788518770086703.305	,5.940,0.000000,0
6,Scatter_13,N/A,N/A,1788518770086709.285	,0.820,0.060000,0
6,BatchMatMul_13,N/A,N/A,1788518770086710.165	,10.300,0.180000,0
6,Reshape_154/ConfusionTranspose/Transpose,N/A,N/A,1788518770086720.485	,2.200,0.000000,0
6,MatMul_31,N/A,N/A,1788518770086722.725	,3.480,0.050000,0
6,InplaceAddRmsNorm_12,N/A,N/A,1788518770086726.225	,1.740,0.020000,0
6,MatMul_32,N/A,N/A,1788518770086727.985	,3.360,0.010000,0
6,MatMul_33,N/A,N/A,1788518770086731.365	,4.120,0.000000,0
6,Swish_6Mul_9,N/A,N/A,1788518770086735.505	,2.380,0.130000,0
6,MatMul_34,N/A,N/A,1788518770086737.905	,4.040,0.120000,0
6,InplaceAddRmsNorm_13,N/A,N/A,1788518770086742.025	,2.140,0.000000,0
6,MatMul_35,N/A,N/A,1788518770086744.205	,3.140,0.110000,0
6,SplitV_16,N/A,N/A,1788518770086747.365	,1.080,0.000000,0
6,ApplyRotaryPosEmb_7,N/A,N/A,1788518770086748.465	,2.720,0.170000,0
6,ConcatV2_10,N/A,N/A,1788518770086751.225	,1.220,0.030000,0
6,Transpose_58,N/A,N/A,1788518770086752.465	,1.940,0.030000,0
6,Scatter_14,N/A,N/A,1788518770086754.425	,2.580,0.060000,0
6,BatchMatMul_14,N/A,N/A,1788518770086757.065	,10.320,0.000000,0
6,ScaledMaskedSoftmax_7,N/A,N/A,1788518770086767.405	,5.920,0.180000,0
6,Scatter_15,N/A,N/A,1788518770086773.345	,0.860,0.000000,0
6,BatchMatMul_15,N/A,N/A,1788518770086774.265	,10.400,0.140000,0
6,Reshape_176/ConfusionTranspose/Transpose,N/A,N/A,1788518770086784.705	,2.180,0.100000,0
6,MatMul_36,N/A,N/A,1788518770086786.905	,3.540,0.070000,0
6,InplaceAddRmsNorm_14,N/A,N/A,1788518770086790.485	,1.780,0.000000,0
6,MatMul_37,N/A,N/A,1788518770086792.285	,3.860,0.000000,0
6,MatMul_38,N/A,N/A,1788518770086796.185	,3.280,0.140000,0
6,Swish_7Mul_10,N/A,N/A,1788518770086799.485	,1.900,0.000000,0
6,MatMul_39,N/A,N/A,1788518770086801.405	,3.940,0.100000,0
6,InplaceAddRmsNorm_15,N/A,N/A,1788518770086805.405	,4.700,0.060000,0
6,MatMul_40,N/A,N/A,1788518770086810.125	,3.360,0.000000,0
6,SplitV_18,N/A,N/A,1788518770086813.505	,1.020,0.140000,0
6,ApplyRotaryPosEmb_8,N/A,N/A,1788518770086814.565	,2.660,0.000000,0
6,ConcatV2_11,N/A,N/A,1788518770086817.245	,1.280,0.090000,0
6,Transpose_66,N/A,N/A,1788518770086818.545	,2.220,0.000000,0
6,Scatter_16,N/A,N/A,1788518770086820.785	,0.940,0.030000,0
6,BatchMatMul_16,N/A,N/A,1788518770086821.785	,8.240,0.060000,0
6,ScaledMaskedSoftmax_8,N/A,N/A,1788518770086830.045	,6.280,0.010000,0
6,Scatter_17,N/A,N/A,1788518770086836.365	,0.960,0.000000,0
6,BatchMatMul_17,N/A,N/A,1788518770086837.405	,10.260,0.290000,0
6,Reshape_198/ConfusionTranspose/Transpose,N/A,N/A,1788518770086847.685	,2.320,0.000000,0
6,MatMul_41,N/A,N/A,1788518770086850.045	,3.460,0.000000,0
6,InplaceAddRmsNorm_16,N/A,N/A,1788518770086853.525	,1.580,0.040000,0
6,MatMul_42,N/A,N/A,1788518770086855.125	,3.380,0.000000,0
6,MatMul_43,N/A,N/A,1788518770086858.525	,3.300,0.120000,0
6,Swish_8Mul_11,N/A,N/A,1788518770086861.845	,2.640,0.000000,0
6,MatMul_44,N/A,N/A,1788518770086864.505	,4.820,0.110000,0
6,InplaceAddRmsNorm_17,N/A,N/A,1788518770086869.405	,3.600,0.180000,0
6,MatMul_45,N/A,N/A,1788518770086873.045	,4.680,0.000000,0
6,SplitV_20,N/A,N/A,1788518770086877.745	,1.240,0.070000,0
6,ApplyRotaryPosEmb_9,N/A,N/A,1788518770086879.005	,4.600,0.010000,0
6,ConcatV2_12,N/A,N/A,1788518770086883.645	,1.260,0.150000,0
6,Transpose_74,N/A,N/A,1788518770086884.925	,2.180,0.000000,0
6,Scatter_18,N/A,N/A,1788518770086887.145	,2.180,0.070000,0
6,BatchMatMul_18,N/A,N/A,1788518770086889.385	,6.940,0.070000,0
6,ScaledMaskedSoftmax_9,N/A,N/A,1788518770086896.345	,6.500,0.000000,0
6,Scatter_19,N/A,N/A,1788518770086902.865	,0.960,0.000000,0
6,BatchMatMul_19,N/A,N/A,1788518770086903.885	,10.740,0.290000,0
6,Reshape_220/ConfusionTranspose/Transpose,N/A,N/A,1788518770086914.665	,2.300,0.010000,0
6,MatMul_46,N/A,N/A,1788518770086916.985	,3.760,0.000000,0
6,InplaceAddRmsNorm_18,N/A,N/A,1788518770086920.785	,1.820,0.000000,0
6,MatMul_47,N/A,N/A,1788518770086922.645	,3.460,0.180000,0
6,MatMul_48,N/A,N/A,1788518770086926.125	,4.540,0.000000,0
6,Swish_9Mul_12,N/A,N/A,1788518770086930.685	,1.780,0.210000,0
6,MatMul_49,N/A,N/A,1788518770086932.485	,4.280,0.000000,0
6,InplaceAddRmsNorm_19,N/A,N/A,1788518770086936.825	,1.720,0.000000,0
6,MatMul_50,N/A,N/A,1788518770086938.565	,3.860,0.030000,0
6,SplitV_22,N/A,N/A,1788518770086942.445	,1.100,0.140000,0
6,ApplyRotaryPosEmb_10,N/A,N/A,1788518770086943.565	,2.780,0.000000,0
6,ConcatV2_13,N/A,N/A,1788518770086946.365	,1.540,0.000000,0
6,Transpose_82,N/A,N/A,1788518770086947.925	,2.160,0.210000,0
6,Scatter_20,N/A,N/A,1788518770086950.105	,1.120,0.000000,0
6,BatchMatMul_20,N/A,N/A,1788518770086951.285	,6.620,0.130000,0
6,ScaledMaskedSoftmax_10,N/A,N/A,1788518770086957.925	,6.280,0.130000,0
6,Scatter_21,N/A,N/A,1788518770086964.245	,1.240,0.000000,0
6,BatchMatMul_21,N/A,N/A,1788518770086965.545	,10.380,0.010000,0
6,Reshape_242/ConfusionTranspose/Transpose,N/A,N/A,1788518770086975.945	,2.340,0.120000,0
6,MatMul_51,N/A,N/A,1788518770086978.305	,3.260,0.000000,0
6,InplaceAddRmsNorm_20,N/A,N/A,1788518770086981.605	,1.880,0.000000,0
6,MatMul_52,N/A,N/A,1788518770086983.505	,4.460,0.120000,0
6,MatMul_53,N/A,N/A,1788518770086987.985	,3.420,0.040000,0
6,Swish_10Mul_13,N/A,N/A,1788518770086991.425	,2.620,0.080000,0
6,MatMul_54,N/A,N/A,1788518770086994.065	,4.380,0.000000,0
6,InplaceAddRmsNorm_21,N/A,N/A,1788518770086998.505	,2.020,0.120000,0
6,MatMul_55,N/A,N/A,1788518770087000.545	,3.380,0.000000,0
6,SplitV_24,N/A,N/A,1788518770087003.945	,1.160,0.120000,0
6,ApplyRotaryPosEmb_11,N/A,N/A,1788518770087005.145	,3.060,0.090000,0
6,ConcatV2_14,N/A,N/A,1788518770087008.225	,1.260,0.000000,0
6,Transpose_90,N/A,N/A,1788518770087009.525	,2.160,0.000000,0
6,Scatter_22,N/A,N/A,1788518770087011.705	,1.200,0.090000,0
6,BatchMatMul_22,N/A,N/A,1788518770087012.965	,7.080,0.050000,0
6,ScaledMaskedSoftmax_11,N/A,N/A,1788518770087020.065	,6.340,0.000000,0
6,Scatter_23,N/A,N/A,1788518770087026.425	,1.020,0.160000,0
6,BatchMatMul_23,N/A,N/A,1788518770087027.505	,10.400,0.000000,0
6,Reshape_264/ConfusionTranspose/Transpose,N/A,N/A,1788518770087037.945	,2.340,0.100000,0
6,MatMul_56,N/A,N/A,1788518770087040.305	,4.340,0.000000,0
6,InplaceAddRmsNorm_22,N/A,N/A,1788518770087044.665	,1.900,0.160000,0
6,MatMul_57,N/A,N/A,1788518770087046.585	,3.400,0.000000,0
6,MatMul_58,N/A,N/A,1788518770087050.005	,3.400,0.100000,0
6,Swish_11Mul_14,N/A,N/A,1788518770087053.425	,1.740,0.100000,0
6,MatMul_59,N/A,N/A,1788518770087055.185	,4.180,0.010000,0
6,InplaceAddRmsNorm_23,N/A,N/A,1788518770087059.425	,2.360,0.070000,0
6,MatMul_60,N/A,N/A,1788518770087061.805	,4.340,0.000000,0
6,SplitV_26,N/A,N/A,1788518770087066.165	,1.060,0.160000,0
6,ApplyRotaryPosEmb_12,N/A,N/A,1788518770087067.245	,2.740,0.000000,0
6,ConcatV2_15,N/A,N/A,1788518770087070.005	,1.300,0.010000,0
6,Transpose_98,N/A,N/A,1788518770087071.345	,2.160,0.000000,0
6,Scatter_24,N/A,N/A,1788518770087073.525	,1.160,0.090000,0
6,BatchMatMul_24,N/A,N/A,1788518770087074.765	,6.880,0.090000,0
6,ScaledMaskedSoftmax_12,N/A,N/A,1788518770087081.665	,6.320,0.120000,0
6,Scatter_25,N/A,N/A,1788518770087088.025	,0.840,0.000000,0
6,BatchMatMul_25,N/A,N/A,1788518770087088.925	,10.420,0.160000,0
6,Reshape_286/ConfusionTranspose/Transpose,N/A,N/A,1788518770087099.385	,2.500,0.080000,0
6,MatMul_61,N/A,N/A,1788518770087101.905	,3.260,0.000000,0
6,InplaceAddRmsNorm_24,N/A,N/A,1788518770087105.185	,1.900,0.000000,0
6,MatMul_62,N/A,N/A,1788518770087107.105	,3.440,0.000000,0
6,MatMul_63,N/A,N/A,1788518770087110.565	,3.380,0.060000,0
6,Swish_12Mul_15,N/A,N/A,1788518770087113.965	,2.620,0.120000,0
6,MatMul_64,N/A,N/A,1788518770087116.605	,4.020,0.000000,0
6,InplaceAddRmsNorm_25,N/A,N/A,1788518770087120.685	,2.140,0.230000,0
6,MatMul_65,N/A,N/A,1788518770087122.845	,3.700,0.000000,0
6,SplitV_28,N/A,N/A,1788518770087126.565	,1.160,0.050000,0
6,ApplyRotaryPosEmb_13,N/A,N/A,1788518770087127.745	,2.800,0.090000,0
6,ConcatV2_16,N/A,N/A,1788518770087130.565	,1.300,0.000000,0
6,Transpose_106,N/A,N/A,1788518770087131.885	,2.140,0.200000,0
6,Scatter_26,N/A,N/A,1788518770087134.065	,2.620,0.000000,0
6,BatchMatMul_26,N/A,N/A,1788518770087136.745	,8.660,0.130000,0
6,ScaledMaskedSoftmax_13,N/A,N/A,1788518770087145.445	,6.260,0.090000,0
6,Scatter_27,N/A,N/A,1788518770087151.725	,0.840,0.000000,0
6,BatchMatMul_27,N/A,N/A,1788518770087152.625	,10.380,0.000000,0
6,Reshape_308/ConfusionTranspose/Transpose,N/A,N/A,1788518770087163.025	,2.340,0.120000,0
6,MatMul_66,N/A,N/A,1788518770087165.405	,3.360,0.160000,0
6,InplaceAddRmsNorm_26,N/A,N/A,1788518770087168.805	,1.540,0.000000,0
6,MatMul_67,N/A,N/A,1788518770087170.365	,3.620,0.000000,0
6,MatMul_68,N/A,N/A,1788518770087174.005	,3.560,0.130000,0
6,Swish_13Mul_16,N/A,N/A,1788518770087177.585	,1.760,0.000000,0
6,MatMul_69,N/A,N/A,1788518770087179.385	,5.860,0.240000,0
6,InplaceAddRmsNorm_27,N/A,N/A,1788518770087185.325	,2.140,0.000000,0
6,MatMul_70,N/A,N/A,1788518770087187.485	,3.560,0.110000,0
6,SplitV_30,N/A,N/A,1788518770087191.065	,1.120,0.000000,0
6,ApplyRotaryPosEmb_14,N/A,N/A,1788518770087192.205	,2.620,0.130000,0
6,ConcatV2_17,N/A,N/A,1788518770087194.845	,1.300,0.000000,0
6,Transpose_114,N/A,N/A,1788518770087196.165	,2.180,0.200000,0
6,Scatter_28,N/A,N/A,1788518770087198.385	,2.680,0.070000,0
6,BatchMatMul_28,N/A,N/A,1788518770087201.125	,8.740,0.000000,0
6,ScaledMaskedSoftmax_14,N/A,N/A,1788518770087209.885	,6.200,0.260000,0
6,Scatter_29,N/A,N/A,1788518770087216.105	,1.100,0.000000,0
6,BatchMatMul_29,N/A,N/A,1788518770087217.265	,10.220,0.150000,0
6,Reshape_330/ConfusionTranspose/Transpose,N/A,N/A,1788518770087227.505	,2.340,0.030000,0
6,MatMul_71,N/A,N/A,1788518770087229.865	,3.360,0.000000,0
6,InplaceAddRmsNorm_28,N/A,N/A,1788518770087233.245	,1.820,0.140000,0
6,MatMul_72,N/A,N/A,1788518770087235.105	,3.480,0.000000,0
6,MatMul_73,N/A,N/A,1788518770087238.605	,4.460,0.020000,0
6,Swish_14Mul_17,N/A,N/A,1788518770087243.105	,2.620,0.040000,0
6,MatMul_74,N/A,N/A,1788518770087245.745	,4.120,0.130000,0
6,InplaceAddRmsNorm_29,N/A,N/A,1788518770087249.925	,2.740,0.130000,0
6,MatMul_75,N/A,N/A,1788518770087252.685	,4.020,0.010000,0
6,SplitV_32,N/A,N/A,1788518770087256.725	,1.220,0.000000,0
6,ApplyRotaryPosEmb_15,N/A,N/A,1788518770087257.965	,3.240,0.030000,0
6,ConcatV2_18,N/A,N/A,1788518770087261.225	,1.320,0.010000,0
6,Transpose_122,N/A,N/A,1788518770087262.565	,2.760,0.000000,0
6,Scatter_30,N/A,N/A,1788518770087265.345	,1.060,0.000000,0
6,BatchMatMul_30,N/A,N/A,1788518770087266.465	,8.160,0.190000,0
6,ScaledMaskedSoftmax_15,N/A,N/A,1788518770087274.645	,6.240,0.090000,0
6,Scatter_31,N/A,N/A,1788518770087280.905	,1.000,0.010000,0
6,BatchMatMul_31,N/A,N/A,1788518770087281.965	,10.340,0.000000,0
6,Reshape_352/ConfusionTranspose/Transpose,N/A,N/A,1788518770087292.325	,2.360,0.000000,0
6,MatMul_76,N/A,N/A,1788518770087294.705	,3.320,0.140000,0
6,InplaceAddRmsNorm_30,N/A,N/A,1788518770087298.045	,1.800,0.000000,0
6,MatMul_77,N/A,N/A,1788518770087299.865	,4.540,0.000000,0
6,MatMul_78,N/A,N/A,1788518770087304.425	,3.560,0.210000,0
6,Swish_15Mul_18,N/A,N/A,1788518770087308.025	,1.720,0.000000,0
6,MatMul_79,N/A,N/A,1788518770087309.765	,4.200,0.030000,0
6,InplaceAddRmsNorm_31,N/A,N/A,1788518770087314.025	,1.800,0.050000,0
6,MatMul_80,N/A,N/A,1788518770087315.865	,3.380,0.000000,0
6,SplitV_34,N/A,N/A,1788518770087319.285	,1.040,0.120000,0
6,ApplyRotaryPosEmb_16,N/A,N/A,1788518770087320.345	,2.060,0.000000,0
6,ConcatV2_19,N/A,N/A,1788518770087322.425	,1.580,0.190000,0
6,Transpose_130,N/A,N/A,1788518770087324.045	,1.920,0.000000,0
6,Scatter_32,N/A,N/A,1788518770087326.005	,1.140,0.080000,0
6,BatchMatMul_32,N/A,N/A,1788518770087327.205	,7.280,0.110000,0
6,ScaledMaskedSoftmax_16,N/A,N/A,1788518770087334.505	,6.160,0.000000,0
6,Scatter_33,N/A,N/A,1788518770087340.685	,0.880,0.090000,0
6,BatchMatMul_33,N/A,N/A,1788518770087341.645	,10.360,0.120000,0
6,Reshape_374/ConfusionTranspose/Transpose,N/A,N/A,1788518770087352.025	,2.160,0.000000,0
6,MatMul_81,N/A,N/A,1788518770087354.205	,4.360,0.090000,0
6,InplaceAddRmsNorm_32,N/A,N/A,1788518770087358.585	,1.740,0.000000,0
6,MatMul_82,N/A,N/A,1788518770087360.365	,3.520,0.010000,0
6,MatMul_83,N/A,N/A,1788518770087363.905	,3.480,0.230000,0
6,Swish_16Mul_19,N/A,N/A,1788518770087367.405	,2.380,0.020000,0
6,MatMul_84,N/A,N/A,1788518770087369.825	,5.020,0.000000,0
6,InplaceAddRmsNorm_33,N/A,N/A,1788518770087374.905	,1.860,0.230000,0
6,MatMul_85,N/A,N/A,1788518770087376.785	,3.640,0.000000,0
6,SplitV_36,N/A,N/A,1788518770087380.445	,1.160,0.110000,0
6,ApplyRotaryPosEmb_17,N/A,N/A,1788518770087381.625	,1.880,0.000000,0
6,ConcatV2_20,N/A,N/A,1788518770087383.525	,1.260,0.120000,0
6,Transpose_138,N/A,N/A,1788518770087384.805	,10.180,0.000000,0
6,Scatter_34,N/A,N/A,1788518770087395.005	,0.960,0.070000,0
6,BatchMatMul_34,N/A,N/A,1788518770087396.025	,5.340,0.040000,0
6,ScaledMaskedSoftmax_17,N/A,N/A,1788518770087401.385	,5.920,0.160000,0
6,Scatter_35,N/A,N/A,1788518770087407.325	,0.840,0.000000,0
6,BatchMatMul_35,N/A,N/A,1788518770087408.225	,10.620,0.160000,0
6,Reshape_396/ConfusionTranspose/Transpose,N/A,N/A,1788518770087418.865	,2.180,0.000000,0
6,MatMul_86,N/A,N/A,1788518770087421.065	,3.400,0.070000,0
6,InplaceAddRmsNorm_34,N/A,N/A,1788518770087424.485	,1.580,0.100000,0
6,MatMul_87,N/A,N/A,1788518770087426.085	,3.560,0.000000,0
6,MatMul_88,N/A,N/A,1788518770087429.665	,4.980,0.190000,0
6,Swish_17Mul_20,N/A,N/A,1788518770087434.665	,1.640,0.020000,0
6,MatMul_89,N/A,N/A,1788518770087436.325	,5.300,0.000000,0
6,InplaceAddRmsNorm_35,N/A,N/A,1788518770087441.645	,3.060,0.200000,0
6,MatMul_90,N/A,N/A,1788518770087444.725	,14.500,0.000000,0
6,Cast_26,N/A,N/A,1788518770087459.245	,7.740,0.000000,0
6,ArgMaxV2,N/A,N/A,1788518770087467.005	,8.500,0.010000,0
6,ArgMaxV2_Output0CastAfter,N/A,N/A,1788518770087475.525	,0.840,0.000000,0
6,GatherV2_31,N/A,N/A,1788518770087476.385	,1.520,0.160000,0
6,Range,N/A,N/A,1788518770087762.745	,8.120,284.730000,0
6,Cast,N/A,N/A,1788518770087770.885	,0.860,0.130000,0
6,Range_1,N/A,N/A,1788518770087771.765	,9.460,0.000000,0
6,Cast_1,N/A,N/A,1788518770087781.245	,2.080,0.040000,0
6,GatherV2,N/A,N/A,1788518770087783.365	,2.480,0.000000,0
6,RmsNorm,N/A,N/A,1788518770087785.925	,9.300,0.270000,0
6,MatMul,N/A,N/A,1788518770087795.245	,10.520,0.000000,0
6,SplitV_2,N/A,N/A,1788518770087805.805	,1.140,0.000000,0
6,Add,N/A,N/A,1788518770087806.965	,2.820,0.110000,0
6,Add_1,N/A,N/A,1788518770087809.805	,1.580,0.000000,0
6,BroadcastTo_1,N/A,N/A,1788518770087811.405	,0.940,0.170000,0
6,Cast_2,N/A,N/A,1788518770087812.365	,0.840,0.000000,0
6,BroadcastTo_2,N/A,N/A,1788518770087813.225	,0.900,0.160000,0
6,Mul,N/A,N/A,1788518770087814.145	,8.280,0.100000,0
6,Greater,N/A,N/A,1788518770087822.445	,8.680,0.000000,0
6,Transpose,N/A,N/A,1788518770087831.145	,7.620,0.070000,0
6,ConcatV2,N/A,N/A,1788518770087838.785	,3.660,0.000000,0
6,Cos,N/A,N/A,1788518770087842.465	,2.260,0.090000,0
6,Mul_1Cast_6,N/A,N/A,1788518770087844.745	,1.180,0.000000,0
6,Sin,N/A,N/A,1788518770087845.945	,2.200,0.070000,0
6,Mul_2Cast_7,N/A,N/A,1788518770087848.165	,1.000,0.050000,0
6,SplitV,N/A,N/A,1788518770087849.185	,3.740,0.000000,0
6,GatherV2_2,N/A,N/A,1788518770087852.945	,1.040,0.010000,0
6,GatherV2_3,N/A,N/A,1788518770087854.005	,0.920,0.000000,0
6,GatherV2_5,N/A,N/A,1788518770087854.945	,0.840,0.080000,0
6,GatherV2_6,N/A,N/A,1788518770087855.805	,0.840,0.000000,0
6,SplitV_1,N/A,N/A,1788518770087856.665	,3.480,0.160000,0
6,GatherV2_11,N/A,N/A,1788518770087860.185	,0.880,0.020000,0
6,GatherV2_12,N/A,N/A,1788518770087861.105	,0.860,0.000000,0
6,GatherV2_8,N/A,N/A,1788518770087861.985	,0.920,0.140000,0
6,GatherV2_9,N/A,N/A,1788518770087862.925	,0.900,0.080000,0
6,BroadcastTo,N/A,N/A,1788518770087863.845	,7.980,0.000000,0
6,GatherV2_1,N/A,N/A,1788518770087871.845	,1.040,0.020000,0
6,GatherV2_10,N/A,N/A,1788518770087872.905	,0.800,0.210000,0
6,GatherV2_4,N/A,N/A,1788518770087873.725	,0.820,0.000000,0
6,GatherV2_7,N/A,N/A,1788518770087874.565	,0.820,0.000000,0
6,GatherV2_13,N/A,N/A,1788518770087875.405	,0.880,0.180000,0
6,GatherV2_14,N/A,N/A,1788518770087876.325	,0.800,0.000000,0
6,GatherV2_15,N/A,N/A,1788518770087877.145	,0.820,0.200000,0
6,GatherV2_16,N/A,N/A,1788518770087877.985	,0.800,0.000000,0
6,GatherV2_17,N/A,N/A,1788518770087878.805	,0.900,0.000000,0
6,GatherV2_18,N/A,N/A,1788518770087879.725	,0.820,0.100000,0
6,GatherV2_19,N/A,N/A,1788518770087880.565	,0.820,0.000000,0
6,GatherV2_20,N/A,N/A,1788518770087881.405	,0.860,0.180000,0
6,GatherV2_21,N/A,N/A,1788518770087882.285	,0.860,0.000000,0
6,GatherV2_22,N/A,N/A,1788518770087883.165	,0.840,0.140000,0
6,GatherV2_23,N/A,N/A,1788518770087884.025	,0.860,0.000000,0
6,GatherV2_24,N/A,N/A,1788518770087884.905	,0.800,0.140000,0
6,GatherV2_25,N/A,N/A,1788518770087885.725	,0.800,0.000000,0
6,GatherV2_26,N/A,N/A,1788518770087886.565	,0.820,0.000000,0
6,GatherV2_27,N/A,N/A,1788518770087887.405	,0.840,0.180000,0
6,GatherV2_28,N/A,N/A,1788518770087888.265	,0.860,0.000000,0
6,GatherV2_29,N/A,N/A,1788518770087889.145	,0.860,0.140000,0
6,GatherV2_30,N/A,N/A,1788518770087890.025	,0.880,0.000000,0
6,ConcatV2_1,N/A,N/A,1788518770087890.925	,3.280,0.120000,0
6,ConcatV2_2,N/A,N/A,1788518770087894.225	,3.380,0.000000,0
6,ApplyRotaryPosEmb,N/A,N/A,1788518770087897.625	,4.000,0.000000,0
6,ConcatV2_3,N/A,N/A,1788518770087901.665	,1.760,0.250000,0
6,Transpose_2,N/A,N/A,1788518770087903.445	,6.580,0.000000,0
6,Scatter,N/A,N/A,1788518770087910.045	,0.900,0.000000,0
6,BatchMatMul,N/A,N/A,1788518770087911.005	,8.440,0.100000,0
6,ScaledMaskedSoftmax,N/A,N/A,1788518770087919.465	,11.200,0.060000,0
6,Scatter_1,N/A,N/A,1788518770087930.685	,0.840,0.050000,0
6,BatchMatMul_1,N/A,N/A,1788518770087931.605	,11.220,0.000000,0
6,Reshape_22/ConfusionTranspose/Transpose,N/A,N/A,1788518770087942.865	,6.480,0.030000,0
6,MatMul_1,N/A,N/A,1788518770087949.365	,6.680,0.020000,0
6,InplaceAddRmsNorm,N/A,N/A,1788518770087956.065	,2.840,0.070000,0
6,MatMul_2,N/A,N/A,1788518770087958.945	,7.480,0.160000,0
6,MatMul_3,N/A,N/A,1788518770087966.445	,5.520,0.020000,0
6,SwishMul_3,N/A,N/A,1788518770087971.985	,4.640,0.000000,0
6,MatMul_4,N/A,N/A,1788518770087976.645	,9.180,0.110000,0
6,InplaceAddRmsNorm_1,N/A,N/A,1788518770087985.885	,2.780,0.070000,0
6,MatMul_5,N/A,N/A,1788518770087988.685	,4.100,0.000000,0
6,SplitV_4,N/A,N/A,1788518770087992.805	,1.100,0.000000,0
6,ApplyRotaryPosEmb_1,N/A,N/A,1788518770087993.925	,2.820,0.150000,0
6,ConcatV2_4,N/A,N/A,1788518770087996.765	,1.240,0.000000,0
6,Transpose_10,N/A,N/A,1788518770087998.025	,1.920,0.010000,0
6,Scatter_2,N/A,N/A,1788518770087999.965	,2.220,0.080000,0
6,BatchMatMul_2,N/A,N/A,1788518770088002.245	,8.320,0.030000,0
6,ScaledMaskedSoftmax_1,N/A,N/A,1788518770088010.585	,5.960,0.000000,0
6,Scatter_3,N/A,N/A,1788518770088016.565	,1.100,0.040000,0
6,BatchMatMul_3,N/A,N/A,1788518770088017.725	,10.660,0.150000,0
6,Reshape_44/ConfusionTranspose/Transpose,N/A,N/A,1788518770088028.405	,2.140,0.090000,0
6,MatMul_6,N/A,N/A,1788518770088030.565	,3.240,0.000000,0
6,InplaceAddRmsNorm_2,N/A,N/A,1788518770088033.825	,1.920,0.010000,0
6,MatMul_7,N/A,N/A,1788518770088035.765	,3.340,0.080000,0
6,MatMul_8,N/A,N/A,1788518770088039.125	,4.140,0.000000,0
6,Swish_1Mul_4,N/A,N/A,1788518770088043.285	,1.680,0.110000,0
6,MatMul_9,N/A,N/A,1788518770088044.985	,3.880,0.070000,0
6,InplaceAddRmsNorm_3,N/A,N/A,1788518770088048.925	,1.920,0.120000,0
6,MatMul_10,N/A,N/A,1788518770088050.885	,3.240,0.080000,0
6,SplitV_6,N/A,N/A,1788518770088054.165	,1.040,0.010000,0
6,ApplyRotaryPosEmb_2,N/A,N/A,1788518770088055.245	,2.680,0.000000,0
6,ConcatV2_5,N/A,N/A,1788518770088057.965	,1.200,0.070000,0
6,Transpose_18,N/A,N/A,1788518770088059.205	,1.940,0.050000,0
6,Scatter_4,N/A,N/A,1788518770088061.165	,1.000,0.060000,0
6,BatchMatMul_4,N/A,N/A,1788518770088062.225	,7.300,0.000000,0
6,ScaledMaskedSoftmax_2,N/A,N/A,1788518770088069.545	,5.980,0.000000,0
6,Scatter_5,N/A,N/A,1788518770088075.565	,0.900,0.020000,0
6,BatchMatMul_5,N/A,N/A,1788518770088076.545	,10.380,0.100000,0
6,Reshape_66/ConfusionTranspose/Transpose,N/A,N/A,1788518770088086.945	,2.160,0.120000,0
6,MatMul_11,N/A,N/A,1788518770088089.145	,3.580,0.090000,0
6,InplaceAddRmsNorm_4,N/A,N/A,1788518770088092.745	,1.940,0.000000,0
6,MatMul_12,N/A,N/A,1788518770088094.725	,4.220,0.060000,0
6,MatMul_13,N/A,N/A,1788518770088098.965	,3.360,0.030000,0
6,Swish_2Mul_5,N/A,N/A,1788518770088102.345	,2.380,0.000000,0
6,MatMul_14,N/A,N/A,1788518770088104.745	,4.420,0.120000,0
6,InplaceAddRmsNorm_5,N/A,N/A,1788518770088109.225	,1.880,0.080000,0
6,MatMul_15,N/A,N/A,1788518770088111.125	,3.180,0.000000,0
6,SplitV_8,N/A,N/A,1788518770088114.345	,1.040,0.070000,0
6,ApplyRotaryPosEmb_3,N/A,N/A,1788518770088115.405	,2.820,0.210000,0
6,ConcatV2_6,N/A,N/A,1788518770088118.245	,1.260,0.000000,0
6,Transpose_26,N/A,N/A,1788518770088119.525	,1.940,0.000000,0
6,Scatter_6,N/A,N/A,1788518770088121.485	,0.880,0.060000,0
6,BatchMatMul_6,N/A,N/A,1788518770088122.445	,7.040,0.120000,0
6,ScaledMaskedSoftmax_3,N/A,N/A,1788518770088129.505	,5.980,0.000000,0
6,Scatter_7,N/A,N/A,1788518770088135.505	,1.000,0.020000,0
6,BatchMatMul_7,N/A,N/A,1788518770088136.565	,10.560,0.000000,0
6,Reshape_88/ConfusionTranspose/Transpose,N/A,N/A,1788518770088147.165	,2.180,0.190000,0
6,MatMul_16,N/A,N/A,1788518770088149.365	,4.060,0.000000,0
6,InplaceAddRmsNorm_6,N/A,N/A,1788518770088153.445	,2.020,0.190000,0
6,MatMul_17,N/A,N/A,1788518770088155.485	,3.620,0.000000,0
6,MatMul_18,N/A,N/A,1788518770088159.125	,3.860,0.000000,0
6,Swish_3Mul_6,N/A,N/A,1788518770088163.005	,2.080,0.140000,0
6,MatMul_19,N/A,N/A,1788518770088165.125	,4.760,0.000000,0
6,InplaceAddRmsNorm_7,N/A,N/A,1788518770088169.945	,1.840,0.240000,0
6,MatMul_20,N/A,N/A,1788518770088171.825	,8.340,0.000000,0
6,SplitV_10,N/A,N/A,1788518770088180.185	,1.220,0.160000,0
6,ApplyRotaryPosEmb_4,N/A,N/A,1788518770088181.425	,3.660,0.030000,0
6,ConcatV2_7,N/A,N/A,1788518770088185.125	,1.240,0.000000,0
6,Transpose_34,N/A,N/A,1788518770088186.405	,5.280,0.260000,0
6,Scatter_8,N/A,N/A,1788518770088191.725	,2.260,0.000000,0
6,BatchMatMul_8,N/A,N/A,1788518770088194.065	,7.120,0.000000,0
6,ScaledMaskedSoftmax_4,N/A,N/A,1788518770088201.205	,6.400,0.130000,0
6,Scatter_9,N/A,N/A,1788518770088207.625	,2.640,0.000000,0
6,BatchMatMul_9,N/A,N/A,1788518770088210.345	,11.320,0.110000,0
6,Reshape_110/ConfusionTranspose/Transpose,N/A,N/A,1788518770088221.685	,3.020,0.180000,0
6,MatMul_21,N/A,N/A,1788518770088224.745	,5.840,0.000000,0
6,InplaceAddRmsNorm_8,N/A,N/A,1788518770088230.605	,2.760,0.000000,0
6,MatMul_22,N/A,N/A,1788518770088233.385	,6.480,0.240000,0
6,MatMul_23,N/A,N/A,1788518770088239.885	,5.180,0.020000,0
6,Swish_4Mul_7,N/A,N/A,1788518770088245.085	,2.400,0.000000,0
6,MatMul_24,N/A,N/A,1788518770088247.505	,5.480,0.100000,0
6,InplaceAddRmsNorm_9,N/A,N/A,1788518770088253.045	,5.300,0.020000,0
6,MatMul_25,N/A,N/A,1788518770088258.365	,9.460,0.000000,0
6,SplitV_12,N/A,N/A,1788518770088267.845	,1.260,0.040000,0
6,ApplyRotaryPosEmb_5,N/A,N/A,1788518770088269.125	,7.100,0.000000,0
6,ConcatV2_8,N/A,N/A,1788518770088276.245	,1.660,0.150000,0
6,Transpose_42,N/A,N/A,1788518770088277.945	,1.900,0.090000,0
6,Scatter_10,N/A,N/A,1788518770088279.865	,1.080,0.000000,0
6,BatchMatMul_10,N/A,N/A,1788518770088281.005	,7.160,0.170000,0
6,ScaledMaskedSoftmax_5,N/A,N/A,1788518770088288.185	,6.000,0.090000,0
6,Scatter_11,N/A,N/A,1788518770088294.205	,1.380,0.000000,0
6,BatchMatMul_11,N/A,N/A,1788518770088295.645	,10.820,0.120000,0
6,Reshape_132/ConfusionTranspose/Transpose,N/A,N/A,1788518770088306.485	,2.120,0.000000,0
6,MatMul_26,N/A,N/A,1788518770088308.625	,6.220,0.000000,0
6,InplaceAddRmsNorm_10,N/A,N/A,1788518770088314.865	,1.640,0.030000,0
6,MatMul_27,N/A,N/A,1788518770088316.525	,4.960,0.110000,0
6,MatMul_28,N/A,N/A,1788518770088321.505	,5.180,0.040000,0
6,Swish_5Mul_8,N/A,N/A,1788518770088326.725	,1.640,0.070000,0
6,MatMul_29,N/A,N/A,1788518770088328.385	,6.400,0.110000,0
6,InplaceAddRmsNorm_11,N/A,N/A,1788518770088334.845	,5.100,0.000000,0
6,MatMul_30,N/A,N/A,1788518770088339.985	,6.940,0.150000,0
6,SplitV_14,N/A,N/A,1788518770088346.945	,1.080,0.060000,0
6,ApplyRotaryPosEmb_6,N/A,N/A,1788518770088348.045	,2.900,0.000000,0
6,ConcatV2_9,N/A,N/A,1788518770088350.965	,1.220,0.100000,0
6,Transpose_50,N/A,N/A,1788518770088352.205	,1.940,0.030000,0
6,Scatter_12,N/A,N/A,1788518770088354.165	,3.600,0.060000,0
6,BatchMatMul_12,N/A,N/A,1788518770088357.825	,7.000,0.000000,0
6,ScaledMaskedSoftmax_6,N/A,N/A,1788518770088364.845	,6.000,0.000000,0
6,Scatter_13,N/A,N/A,1788518770088370.865	,1.840,0.000000,0
6,BatchMatMul_13,N/A,N/A,1788518770088372.765	,11.180,0.160000,0
6,Reshape_154/ConfusionTranspose/Transpose,N/A,N/A,1788518770088383.965	,2.160,0.070000,0
6,MatMul_31,N/A,N/A,1788518770088386.145	,4.740,0.090000,0
6,InplaceAddRmsNorm_12,N/A,N/A,1788518770088390.925	,1.800,0.010000,0
6,MatMul_32,N/A,N/A,1788518770088392.745	,7.240,0.000000,0
6,MatMul_33,N/A,N/A,1788518770088400.005	,5.020,0.010000,0
6,Swish_6Mul_9,N/A,N/A,1788518770088405.065	,2.380,0.000000,0
6,MatMul_34,N/A,N/A,1788518770088407.465	,7.260,0.120000,0
6,InplaceAddRmsNorm_13,N/A,N/A,1788518770088414.805	,4.860,0.000000,0
6,MatMul_35,N/A,N/A,1788518770088419.685	,9.540,0.140000,0
6,SplitV_16,N/A,N/A,1788518770088429.245	,1.080,0.000000,0
6,ApplyRotaryPosEmb_7,N/A,N/A,1788518770088430.345	,2.920,0.000000,0
6,ConcatV2_10,N/A,N/A,1788518770088433.285	,1.240,0.080000,0
6,Transpose_58,N/A,N/A,1788518770088434.545	,1.940,0.010000,0
6,Scatter_14,N/A,N/A,1788518770088436.505	,2.220,0.060000,0
6,BatchMatMul_14,N/A,N/A,1788518770088438.785	,7.840,0.030000,0
6,ScaledMaskedSoftmax_7,N/A,N/A,1788518770088446.645	,5.880,0.160000,0
6,Scatter_15,N/A,N/A,1788518770088452.565	,1.360,0.000000,0
6,BatchMatMul_15,N/A,N/A,1788518770088453.985	,11.100,0.140000,0
6,Reshape_176/ConfusionTranspose/Transpose,N/A,N/A,1788518770088465.105	,2.120,0.000000,0
6,MatMul_36,N/A,N/A,1788518770088467.245	,4.680,0.130000,0
6,InplaceAddRmsNorm_14,N/A,N/A,1788518770088471.945	,1.700,0.070000,0
6,MatMul_37,N/A,N/A,1788518770088473.665	,5.960,0.050000,0
6,MatMul_38,N/A,N/A,1788518770088479.645	,7.180,0.040000,0
6,Swish_7Mul_10,N/A,N/A,1788518770088486.865	,1.860,0.000000,0
6,MatMul_39,N/A,N/A,1788518770088488.745	,7.340,0.140000,0
6,InplaceAddRmsNorm_15,N/A,N/A,1788518770088496.165	,5.460,0.160000,0
6,MatMul_40,N/A,N/A,1788518770088501.645	,6.780,0.040000,0
6,SplitV_18,N/A,N/A,1788518770088508.445	,1.120,0.000000,0
6,ApplyRotaryPosEmb_8,N/A,N/A,1788518770088509.585	,6.440,0.000000,0
6,ConcatV2_11,N/A,N/A,1788518770088516.045	,1.340,0.060000,0
6,Transpose_66,N/A,N/A,1788518770088517.405	,2.200,0.160000,0
6,Scatter_16,N/A,N/A,1788518770088519.625	,1.340,0.000000,0
6,BatchMatMul_16,N/A,N/A,1788518770088521.045	,6.940,0.160000,0
6,ScaledMaskedSoftmax_8,N/A,N/A,1788518770088528.005	,6.340,0.060000,0
6,Scatter_17,N/A,N/A,1788518770088534.365	,1.220,0.000000,0
6,BatchMatMul_17,N/A,N/A,1788518770088535.665	,10.780,0.280000,0
6,Reshape_198/ConfusionTranspose/Transpose,N/A,N/A,1788518770088546.465	,2.400,0.000000,0
6,MatMul_41,N/A,N/A,1788518770088548.885	,4.740,0.100000,0
6,InplaceAddRmsNorm_16,N/A,N/A,1788518770088553.645	,1.700,0.010000,0
6,MatMul_42,N/A,N/A,1788518770088555.365	,4.920,0.000000,0
6,MatMul_43,N/A,N/A,1788518770088560.305	,4.940,0.080000,0
6,Swish_8Mul_11,N/A,N/A,1788518770088565.265	,2.660,0.060000,0
6,MatMul_44,N/A,N/A,1788518770088567.945	,7.940,0.090000,0
6,InplaceAddRmsNorm_17,N/A,N/A,1788518770088575.965	,5.160,0.060000,0
6,MatMul_45,N/A,N/A,1788518770088581.145	,6.760,0.090000,0
6,SplitV_20,N/A,N/A,1788518770088587.925	,1.080,0.000000,0
6,ApplyRotaryPosEmb_9,N/A,N/A,1788518770088589.025	,2.720,0.000000,0
6,ConcatV2_12,N/A,N/A,1788518770088591.785	,1.320,0.030000,0
6,Transpose_74,N/A,N/A,1788518770088593.125	,2.160,0.000000,0
6,Scatter_18,N/A,N/A,1788518770088595.305	,2.880,0.090000,0
6,BatchMatMul_18,N/A,N/A,1788518770088598.265	,7.940,0.120000,0
6,ScaledMaskedSoftmax_9,N/A,N/A,1788518770088606.225	,6.500,0.060000,0
6,Scatter_19,N/A,N/A,1788518770088612.765	,1.040,0.000000,0
6,BatchMatMul_19,N/A,N/A,1788518770088613.865	,10.860,0.000000,0
6,Reshape_220/ConfusionTranspose/Transpose,N/A,N/A,1788518770088624.745	,2.320,0.140000,0
6,MatMul_46,N/A,N/A,1788518770088627.085	,4.840,0.000000,0
6,InplaceAddRmsNorm_18,N/A,N/A,1788518770088631.945	,1.960,0.160000,0
6,MatMul_47,N/A,N/A,1788518770088633.945	,7.240,0.040000,0
6,MatMul_48,N/A,N/A,1788518770088641.205	,6.720,0.010000,0
6,Swish_9Mul_12,N/A,N/A,1788518770088647.945	,1.820,0.030000,0
6,MatMul_49,N/A,N/A,1788518770088649.785	,5.780,0.000000,0
6,InplaceAddRmsNorm_19,N/A,N/A,1788518770088655.625	,5.020,0.000000,0
6,MatMul_50,N/A,N/A,1788518770088660.665	,9.240,0.230000,0
6,SplitV_22,N/A,N/A,1788518770088669.925	,1.640,0.010000,0
6,ApplyRotaryPosEmb_10,N/A,N/A,1788518770088671.585	,3.980,0.000000,0
6,ConcatV2_13,N/A,N/A,1788518770088675.585	,1.280,0.020000,0
6,Transpose_82,N/A,N/A,1788518770088676.885	,2.200,0.220000,0
6,Scatter_20,N/A,N/A,1788518770088679.105	,1.200,0.000000,0
6,BatchMatMul_20,N/A,N/A,1788518770088680.365	,6.360,0.050000,0
6,ScaledMaskedSoftmax_10,N/A,N/A,1788518770088686.765	,6.300,0.140000,0
6,Scatter_21,N/A,N/A,1788518770088693.085	,1.060,0.000000,0
6,BatchMatMul_21,N/A,N/A,1788518770088694.205	,10.560,0.190000,0
6,Reshape_242/ConfusionTranspose/Transpose,N/A,N/A,1788518770088704.785	,2.440,0.000000,0
6,MatMul_51,N/A,N/A,1788518770088707.245	,4.520,0.060000,0
6,InplaceAddRmsNorm_20,N/A,N/A,1788518770088711.805	,1.860,0.000000,0
6,MatMul_52,N/A,N/A,1788518770088713.685	,7.340,0.140000,0
6,MatMul_53,N/A,N/A,1788518770088721.045	,7.200,0.000000,0
6,Swish_10Mul_13,N/A,N/A,1788518770088728.265	,2.660,0.050000,0
6,MatMul_54,N/A,N/A,1788518770088730.945	,7.520,0.090000,0
6,InplaceAddRmsNorm_21,N/A,N/A,1788518770088738.525	,4.600,0.000000,0
6,MatMul_55,N/A,N/A,1788518770088743.145	,8.320,0.150000,0
6,SplitV_24,N/A,N/A,1788518770088751.485	,1.160,0.000000,0
6,ApplyRotaryPosEmb_11,N/A,N/A,1788518770088752.665	,2.680,0.090000,0
6,ConcatV2_14,N/A,N/A,1788518770088755.365	,2.120,0.000000,0
6,Transpose_90,N/A,N/A,1788518770088757.505	,2.800,0.130000,0
6,Scatter_22,N/A,N/A,1788518770088760.345	,1.340,0.000000,0
6,BatchMatMul_22,N/A,N/A,1788518770088761.745	,6.780,0.160000,0
6,ScaledMaskedSoftmax_11,N/A,N/A,1788518770088768.545	,6.340,0.000000,0
6,Scatter_23,N/A,N/A,1788518770088774.905	,1.240,0.160000,0
6,BatchMatMul_23,N/A,N/A,1788518770088776.205	,10.880,0.010000,0
6,Reshape_264/ConfusionTranspose/Transpose,N/A,N/A,1788518770088787.105	,2.320,0.000000,0
6,MatMul_56,N/A,N/A,1788518770088789.465	,4.040,0.180000,0
6,InplaceAddRmsNorm_22,N/A,N/A,1788518770088793.525	,1.860,0.000000,0
6,MatMul_57,N/A,N/A,1788518770088795.405	,7.340,0.140000,0
6,MatMul_58,N/A,N/A,1788518770088802.785	,7.000,0.000000,0
6,Swish_11Mul_14,N/A,N/A,1788518770088809.805	,1.800,0.000000,0
6,MatMul_59,N/A,N/A,1788518770088811.625	,5.660,0.000000,0
6,InplaceAddRmsNorm_23,N/A,N/A,1788518770088817.345	,3.240,0.090000,0
6,MatMul_60,N/A,N/A,1788518770088820.605	,11.160,0.010000,0
6,SplitV_26,N/A,N/A,1788518770088831.785	,1.100,0.090000,0
6,ApplyRotaryPosEmb_12,N/A,N/A,1788518770088832.905	,2.840,0.150000,0
6,ConcatV2_15,N/A,N/A,1788518770088835.785	,1.280,0.000000,0
6,Transpose_98,N/A,N/A,1788518770088837.085	,2.560,0.000000,0
6,Scatter_24,N/A,N/A,1788518770088839.685	,0.960,0.190000,0
6,BatchMatMul_24,N/A,N/A,1788518770088840.725	,7.020,0.040000,0
6,ScaledMaskedSoftmax_12,N/A,N/A,1788518770088847.765	,6.280,0.000000,0
6,Scatter_25,N/A,N/A,1788518770088854.065	,0.920,0.000000,0
6,BatchMatMul_25,N/A,N/A,1788518770088855.045	,10.600,0.080000,0
6,Reshape_286/ConfusionTranspose/Transpose,N/A,N/A,1788518770088865.665	,2.320,0.150000,0
6,MatMul_61,N/A,N/A,1788518770088868.005	,4.420,0.000000,0
6,InplaceAddRmsNorm_24,N/A,N/A,1788518770088872.465	,1.740,0.080000,0
6,MatMul_62,N/A,N/A,1788518770088874.225	,3.720,0.010000,0
6,MatMul_63,N/A,N/A,1788518770088877.965	,6.840,0.030000,0
6,Swish_12Mul_15,N/A,N/A,1788518770088884.825	,2.620,0.000000,0
6,MatMul_64,N/A,N/A,1788518770088887.465	,5.760,0.130000,0
6,InplaceAddRmsNorm_25,N/A,N/A,1788518770088893.285	,5.280,0.000000,0
6,MatMul_65,N/A,N/A,1788518770088898.585	,6.680,0.000000,0
6,SplitV_28,N/A,N/A,1788518770088905.285	,1.080,0.070000,0
6,ApplyRotaryPosEmb_13,N/A,N/A,1788518770088906.385	,2.740,0.170000,0
6,ConcatV2_16,N/A,N/A,1788518770088909.145	,1.260,0.010000,0
6,Transpose_106,N/A,N/A,1788518770088910.425	,2.200,0.000000,0
6,Scatter_26,N/A,N/A,1788518770088912.645	,3.180,0.050000,0
6,BatchMatMul_26,N/A,N/A,1788518770088915.885	,5.760,0.070000,0
6,ScaledMaskedSoftmax_13,N/A,N/A,1788518770088921.685	,6.220,0.000000,0
6,Scatter_27,N/A,N/A,1788518770088927.925	,0.900,0.030000,0
6,BatchMatMul_27,N/A,N/A,1788518770088928.885	,10.960,0.100000,0
6,Reshape_308/ConfusionTranspose/Transpose,N/A,N/A,1788518770088939.865	,2.320,0.000000,0
6,MatMul_66,N/A,N/A,1788518770088942.225	,4.500,0.180000,0
6,InplaceAddRmsNorm_26,N/A,N/A,1788518770088946.745	,1.720,0.000000,0
6,MatMul_67,N/A,N/A,1788518770088948.485	,7.440,0.030000,0
6,MatMul_68,N/A,N/A,1788518770088955.945	,6.060,0.060000,0
6,Swish_13Mul_16,N/A,N/A,1788518770088962.025	,1.760,0.000000,0
6,MatMul_69,N/A,N/A,1788518770088963.805	,6.560,0.000000,0
6,InplaceAddRmsNorm_27,N/A,N/A,1788518770088970.425	,2.020,0.190000,0
6,MatMul_70,N/A,N/A,1788518770088972.465	,8.960,0.000000,0
6,SplitV_30,N/A,N/A,1788518770088981.445	,1.240,0.040000,0
6,ApplyRotaryPosEmb_14,N/A,N/A,1788518770088982.705	,4.460,0.010000,0
6,ConcatV2_17,N/A,N/A,1788518770088987.185	,1.300,0.040000,0
6,Transpose_114,N/A,N/A,1788518770088988.505	,2.180,0.000000,0
6,Scatter_28,N/A,N/A,1788518770088990.705	,2.300,0.070000,0
6,BatchMatMul_28,N/A,N/A,1788518770088993.065	,6.060,0.000000,0
6,ScaledMaskedSoftmax_14,N/A,N/A,1788518770088999.165	,6.220,0.190000,0
6,Scatter_29,N/A,N/A,1788518770089005.405	,1.140,0.030000,0
6,BatchMatMul_29,N/A,N/A,1788518770089006.625	,10.860,0.000000,0
6,Reshape_330/ConfusionTranspose/Transpose,N/A,N/A,1788518770089017.505	,2.360,0.140000,0
6,MatMul_71,N/A,N/A,1788518770089019.885	,6.340,0.140000,0
6,InplaceAddRmsNorm_28,N/A,N/A,1788518770089026.245	,1.880,0.000000,0
6,MatMul_72,N/A,N/A,1788518770089028.145	,5.100,0.120000,0
6,MatMul_73,N/A,N/A,1788518770089033.265	,6.840,0.000000,0
6,Swish_14Mul_17,N/A,N/A,1788518770089040.125	,2.600,0.000000,0
6,MatMul_74,N/A,N/A,1788518770089042.745	,5.520,0.150000,0
6,InplaceAddRmsNorm_29,N/A,N/A,1788518770089048.345	,1.840,0.000000,0
6,MatMul_75,N/A,N/A,1788518770089050.205	,10.800,0.160000,0
6,SplitV_32,N/A,N/A,1788518770089061.025	,1.080,0.000000,0
6,ApplyRotaryPosEmb_15,N/A,N/A,1788518770089062.125	,2.020,0.000000,0
6,ConcatV2_18,N/A,N/A,1788518770089064.165	,1.280,0.230000,0
6,Transpose_122,N/A,N/A,1788518770089065.465	,2.180,0.000000,0
6,Scatter_30,N/A,N/A,1788518770089067.665	,1.620,0.070000,0
6,BatchMatMul_30,N/A,N/A,1788518770089069.345	,6.980,0.000000,0
6,ScaledMaskedSoftmax_15,N/A,N/A,1788518770089076.345	,6.260,0.020000,0
6,Scatter_31,N/A,N/A,1788518770089082.625	,0.820,0.000000,0
6,BatchMatMul_31,N/A,N/A,1788518770089083.525	,10.520,0.180000,0
6,Reshape_352/ConfusionTranspose/Transpose,N/A,N/A,1788518770089094.065	,2.340,0.000000,0
6,MatMul_76,N/A,N/A,1788518770089096.425	,4.720,0.160000,0
6,InplaceAddRmsNorm_30,N/A,N/A,1788518770089101.165	,1.840,0.030000,0
6,MatMul_77,N/A,N/A,1788518770089103.025	,6.040,0.000000,0
6,MatMul_78,N/A,N/A,1788518770089109.085	,5.240,0.000000,0
6,Swish_15Mul_18,N/A,N/A,1788518770089114.345	,1.720,0.010000,0
6,MatMul_79,N/A,N/A,1788518770089116.105	,5.460,0.030000,0
6,InplaceAddRmsNorm_31,N/A,N/A,1788518770089121.625	,1.800,0.040000,0
6,MatMul_80,N/A,N/A,1788518770089123.465	,8.580,0.200000,0
6,SplitV_34,N/A,N/A,1788518770089132.065	,1.580,0.000000,0
6,ApplyRotaryPosEmb_16,N/A,N/A,1788518770089133.665	,4.400,0.170000,0
6,ConcatV2_19,N/A,N/A,1788518770089138.105	,1.220,0.000000,0
6,Transpose_130,N/A,N/A,1788518770089139.345	,1.920,0.030000,0
6,Scatter_32,N/A,N/A,1788518770089141.285	,1.580,0.080000,0
6,BatchMatMul_32,N/A,N/A,1788518770089142.925	,6.740,0.170000,0
6,ScaledMaskedSoftmax_16,N/A,N/A,1788518770089149.685	,6.180,0.010000,0
6,Scatter_33,N/A,N/A,1788518770089155.905	,1.020,0.070000,0
6,BatchMatMul_33,N/A,N/A,1788518770089156.985	,10.400,0.000000,0
6,Reshape_374/ConfusionTranspose/Transpose,N/A,N/A,1788518770089167.405	,2.140,0.100000,0
6,MatMul_81,N/A,N/A,1788518770089169.565	,4.740,0.000000,0
6,InplaceAddRmsNorm_32,N/A,N/A,1788518770089174.325	,1.540,0.010000,0
6,MatMul_82,N/A,N/A,1788518770089175.885	,7.360,0.210000,0
6,MatMul_83,N/A,N/A,1788518770089183.265	,5.080,0.000000,0
6,Swish_16Mul_19,N/A,N/A,1788518770089188.385	,2.320,0.170000,0
6,MatMul_84,N/A,N/A,1788518770089190.725	,6.260,0.000000,0
6,InplaceAddRmsNorm_33,N/A,N/A,1788518770089197.045	,2.040,0.000000,0
6,MatMul_85,N/A,N/A,1788518770089199.125	,11.600,0.000000,0
6,SplitV_36,N/A,N/A,1788518770089210.745	,1.100,0.150000,0
6,ApplyRotaryPosEmb_17,N/A,N/A,1788518770089211.865	,3.120,0.000000,0
6,ConcatV2_20,N/A,N/A,1788518770089215.005	,1.240,0.130000,0
6,Transpose_138,N/A,N/A,1788518770089216.285	,1.920,0.010000,0
6,Scatter_34,N/A,N/A,1788518770089218.225	,1.060,0.080000,0
6,BatchMatMul_34,N/A,N/A,1788518770089219.345	,5.780,0.000000,0
6,ScaledMaskedSoftmax_17,N/A,N/A,1788518770089225.145	,5.920,0.220000,0
6,Scatter_35,N/A,N/A,1788518770089231.105	,1.040,0.000000,0
6,BatchMatMul_35,N/A,N/A,1788518770089232.205	,10.780,0.210000,0
6,Reshape_396/ConfusionTranspose/Transpose,N/A,N/A,1788518770089243.005	,2.140,0.000000,0
6,MatMul_86,N/A,N/A,1788518770089245.165	,6.840,0.110000,0
6,InplaceAddRmsNorm_34,N/A,N/A,1788518770089252.025	,1.580,0.000000,0
6,MatMul_87,N/A,N/A,1788518770089253.625	,5.800,0.000000,0
6,MatMul_88,N/A,N/A,1788518770089259.465	,7.200,0.200000,0
6,Swish_17Mul_20,N/A,N/A,1788518770089266.685	,1.700,0.050000,0
6,MatMul_89,N/A,N/A,1788518770089268.405	,6.240,0.050000,0
6,InplaceAddRmsNorm_35,N/A,N/A,1788518770089274.665	,3.100,0.010000,0
6,MatMul_90,N/A,N/A,1788518770089277.785	,28.120,0.000000,0
6,Cast_26,N/A,N/A,1788518770089305.945	,7.940,0.130000,0
6,ArgMaxV2,N/A,N/A,1788518770089313.905	,8.660,0.060000,0
6,ArgMaxV2_Output0CastAfter,N/A,N/A,1788518770089322.585	,0.800,0.000000,0
6,GatherV2_31,N/A,N/A,1788518770089323.405	,1.540,0.200000,0
6,Range,N/A,N/A,1788518770089616.865	,8.220,291.710000,0
6,Cast,N/A,N/A,1788518770089625.105	,0.840,0.030000,0
6,Range_1,N/A,N/A,1788518770089625.965	,9.480,0.160000,0
6,Cast_1,N/A,N/A,1788518770089635.465	,2.140,0.020000,0
6,GatherV2,N/A,N/A,1788518770089637.625	,2.200,0.000000,0
6,RmsNorm,N/A,N/A,1788518770089639.885	,9.300,0.300000,0
6,MatMul,N/A,N/A,1788518770089649.225	,16.360,0.000000,0
6,SplitV_2,N/A,N/A,1788518770089665.605	,1.080,0.000000,0
6,Add,N/A,N/A,1788518770089666.705	,1.500,0.170000,0
6,Add_1,N/A,N/A,1788518770089668.225	,1.460,0.000000,0
6,BroadcastTo_1,N/A,N/A,1788518770089669.705	,0.880,0.040000,0
6,Cast_2,N/A,N/A,1788518770089670.625	,0.860,0.000000,0
6,BroadcastTo_2,N/A,N/A,1788518770089671.505	,0.960,0.140000,0
6,Mul,N/A,N/A,1788518770089672.485	,8.480,0.040000,0
6,Greater,N/A,N/A,1788518770089680.985	,9.240,0.020000,0
6,Transpose,N/A,N/A,1788518770089690.245	,7.580,0.010000,0
6,ConcatV2,N/A,N/A,1788518770089697.845	,3.640,0.000000,0
6,Cos,N/A,N/A,1788518770089701.525	,2.260,0.110000,0
6,Mul_1Cast_6,N/A,N/A,1788518770089703.825	,1.300,0.000000,0
6,Sin,N/A,N/A,1788518770089705.145	,2.160,0.200000,0
6,Mul_2Cast_7,N/A,N/A,1788518770089707.325	,1.020,0.000000,0
6,SplitV,N/A,N/A,1788518770089708.365	,3.580,0.000000,0
6,GatherV2_2,N/A,N/A,1788518770089711.985	,1.260,0.170000,0
6,GatherV2_3,N/A,N/A,1788518770089713.265	,0.980,0.000000,0
6,GatherV2_5,N/A,N/A,1788518770089714.265	,0.860,0.020000,0
6,GatherV2_6,N/A,N/A,1788518770089715.145	,0.840,0.140000,0
6,SplitV_1,N/A,N/A,1788518770089716.005	,3.480,0.000000,0
6,GatherV2_11,N/A,N/A,1788518770089719.505	,0.900,0.020000,0
6,GatherV2_12,N/A,N/A,1788518770089720.445	,0.860,0.100000,0
6,GatherV2_8,N/A,N/A,1788518770089721.345	,0.920,0.000000,0
6,GatherV2_9,N/A,N/A,1788518770089722.285	,0.860,0.080000,0
6,BroadcastTo,N/A,N/A,1788518770089723.165	,7.880,0.140000,0
6,GatherV2_1,N/A,N/A,1788518770089731.065	,1.240,0.000000,0
6,GatherV2_10,N/A,N/A,1788518770089732.325	,0.860,0.010000,0
6,GatherV2_4,N/A,N/A,1788518770089733.205	,0.860,0.140000,0
6,GatherV2_7,N/A,N/A,1788518770089734.105	,0.860,0.000000,0
6,GatherV2_13,N/A,N/A,1788518770089735.005	,0.940,0.140000,0
6,GatherV2_14,N/A,N/A,1788518770089735.965	,0.840,0.060000,0
6,GatherV2_15,N/A,N/A,1788518770089736.825	,0.840,0.000000,0
6,GatherV2_16,N/A,N/A,1788518770089737.685	,0.800,0.160000,0
6,GatherV2_17,N/A,N/A,1788518770089738.505	,0.920,0.000000,0
6,GatherV2_18,N/A,N/A,1788518770089739.445	,0.820,0.080000,0
6,GatherV2_19,N/A,N/A,1788518770089740.285	,0.820,0.000000,0
6,GatherV2_20,N/A,N/A,1788518770089741.125	,0.840,0.000000,0
6,GatherV2_21,N/A,N/A,1788518770089741.985	,0.840,0.160000,0
6,GatherV2_22,N/A,N/A,1788518770089742.865	,0.840,0.000000,0
6,GatherV2_23,N/A,N/A,1788518770089743.725	,0.840,0.160000,0
6,GatherV2_24,N/A,N/A,1788518770089744.605	,0.860,0.000000,0
6,GatherV2_25,N/A,N/A,1788518770089745.485	,0.860,0.140000,0
6,GatherV2_26,N/A,N/A,1788518770089746.365	,0.840,0.000000,0
6,GatherV2_27,N/A,N/A,1788518770089747.225	,0.840,0.160000,0
6,GatherV2_28,N/A,N/A,1788518770089748.085	,0.800,0.000000,0
6,GatherV2_29,N/A,N/A,1788518770089748.905	,0.780,0.200000,0
6,GatherV2_30,N/A,N/A,1788518770089749.705	,0.800,0.000000,0
6,ConcatV2_1,N/A,N/A,1788518770089750.525	,3.240,0.000000,0
6,ConcatV2_2,N/A,N/A,1788518770089753.805	,3.340,0.010000,0
6,ApplyRotaryPosEmb,N/A,N/A,1788518770089757.185	,3.740,0.160000,0
6,ConcatV2_3,N/A,N/A,1788518770089760.945	,2.020,0.010000,0
6,Transpose_2,N/A,N/A,1788518770089762.985	,6.860,0.000000,0
6,Scatter,N/A,N/A,1788518770089769.865	,1.480,0.000000,0
6,BatchMatMul,N/A,N/A,1788518770089771.425	,7.680,0.270000,0
6,ScaledMaskedSoftmax,N/A,N/A,1788518770089779.125	,11.040,0.000000,0
6,Scatter_1,N/A,N/A,1788518770089790.185	,1.220,0.210000,0
6,BatchMatMul_1,N/A,N/A,1788518770089791.465	,11.940,0.030000,0
6,Reshape_22/ConfusionTranspose/Transpose,N/A,N/A,1788518770089803.425	,6.940,0.060000,0
6,MatMul_1,N/A,N/A,1788518770089810.385	,7.040,0.060000,0
6,InplaceAddRmsNorm,N/A,N/A,1788518770089817.445	,3.000,0.000000,0
6,MatMul_2,N/A,N/A,1788518770089820.465	,9.080,0.000000,0
6,MatMul_3,N/A,N/A,1788518770089829.585	,7.120,0.000000,0
6,SwishMul_3,N/A,N/A,1788518770089836.725	,4.060,0.130000,0
6,MatMul_4,N/A,N/A,1788518770089840.825	,9.360,0.000000,0
6,InplaceAddRmsNorm_1,N/A,N/A,1788518770089850.245	,2.820,0.140000,0
6,MatMul_5,N/A,N/A,1788518770089853.085	,7.360,0.000000,0
6,SplitV_4,N/A,N/A,1788518770089860.465	,1.080,0.140000,0
6,ApplyRotaryPosEmb_1,N/A,N/A,1788518770089861.565	,2.660,0.000000,0
6,ConcatV2_4,N/A,N/A,1788518770089864.245	,1.240,0.090000,0
6,Transpose_10,N/A,N/A,1788518770089865.505	,1.920,0.010000,0
6,Scatter_2,N/A,N/A,1788518770089867.445	,1.140,0.080000,0
6,BatchMatMul_2,N/A,N/A,1788518770089868.645	,8.680,0.110000,0
6,ScaledMaskedSoftmax_1,N/A,N/A,1788518770089877.365	,5.900,0.000000,0
6,Scatter_3,N/A,N/A,1788518770089883.285	,1.020,0.100000,0
6,BatchMatMul_3,N/A,N/A,1788518770089884.365	,10.860,0.000000,0
6,Reshape_44/ConfusionTranspose/Transpose,N/A,N/A,1788518770089895.245	,2.140,0.140000,0
6,MatMul_6,N/A,N/A,1788518770089897.405	,6.580,0.110000,0
6,InplaceAddRmsNorm_2,N/A,N/A,1788518770089904.005	,1.860,0.000000,0
6,MatMul_7,N/A,N/A,1788518770089905.885	,4.620,0.140000,0
6,MatMul_8,N/A,N/A,1788518770089910.525	,5.100,0.000000,0
6,Swish_1Mul_4,N/A,N/A,1788518770089915.645	,1.660,0.150000,0
6,MatMul_9,N/A,N/A,1788518770089917.325	,5.260,0.000000,0
6,InplaceAddRmsNorm_3,N/A,N/A,1788518770089922.645	,1.980,0.240000,0
6,MatMul_10,N/A,N/A,1788518770089924.645	,6.680,0.020000,0
6,SplitV_6,N/A,N/A,1788518770089931.345	,1.060,0.000000,0
6,ApplyRotaryPosEmb_2,N/A,N/A,1788518770089932.445	,2.560,0.190000,0
6,ConcatV2_5,N/A,N/A,1788518770089935.025	,1.240,0.000000,0
6,Transpose_18,N/A,N/A,1788518770089936.285	,1.920,0.010000,0
6,Scatter_4,N/A,N/A,1788518770089938.225	,1.400,0.080000,0
6,BatchMatMul_4,N/A,N/A,1788518770089939.705	,8.800,0.100000,0
6,ScaledMaskedSoftmax_2,N/A,N/A,1788518770089948.525	,5.980,0.000000,0
6,Scatter_5,N/A,N/A,1788518770089954.545	,1.060,0.020000,0
6,BatchMatMul_5,N/A,N/A,1788518770089955.685	,10.840,0.190000,0
6,Reshape_66/ConfusionTranspose/Transpose,N/A,N/A,1788518770089966.545	,2.180,0.000000,0
6,MatMul_11,N/A,N/A,1788518770089968.745	,3.880,0.070000,0
6,InplaceAddRmsNorm_4,N/A,N/A,1788518770089972.645	,1.940,0.120000,0
6,MatMul_12,N/A,N/A,1788518770089974.605	,7.220,0.000000,0
6,MatMul_13,N/A,N/A,1788518770089981.865	,6.760,0.030000,0
6,Swish_2Mul_5,N/A,N/A,1788518770089988.645	,2.360,0.240000,0
6,MatMul_14,N/A,N/A,1788518770089991.025	,5.600,0.000000,0
6,InplaceAddRmsNorm_5,N/A,N/A,1788518770089996.685	,1.900,0.150000,0
6,MatMul_15,N/A,N/A,1788518770089998.605	,12.780,0.000000,0
6,SplitV_8,N/A,N/A,1788518770090011.405	,1.100,0.220000,0
6,ApplyRotaryPosEmb_3,N/A,N/A,1788518770090012.545	,5.160,0.000000,0
6,ConcatV2_6,N/A,N/A,1788518770090017.745	,1.220,0.090000,0
6,Transpose_26,N/A,N/A,1788518770090019.005	,1.880,0.030000,0
6,Scatter_6,N/A,N/A,1788518770090020.905	,1.120,0.120000,0
6,BatchMatMul_6,N/A,N/A,1788518770090022.105	,5.980,0.000000,0
6,ScaledMaskedSoftmax_3,N/A,N/A,1788518770090028.105	,5.940,0.020000,0
6,Scatter_7,N/A,N/A,1788518770090034.065	,1.160,0.060000,0
6,BatchMatMul_7,N/A,N/A,1788518770090035.305	,10.540,0.090000,0
6,Reshape_88/ConfusionTranspose/Transpose,N/A,N/A,1788518770090045.865	,2.260,0.000000,0
6,MatMul_16,N/A,N/A,1788518770090048.145	,5.340,0.240000,0
6,InplaceAddRmsNorm_6,N/A,N/A,1788518770090053.505	,2.100,0.000000,0
6,MatMul_17,N/A,N/A,1788518770090055.645	,5.180,0.150000,0
6,MatMul_18,N/A,N/A,1788518770090060.865	,4.460,0.000000,0
6,Swish_3Mul_6,N/A,N/A,1788518770090065.345	,1.620,0.040000,0
6,MatMul_19,N/A,N/A,1788518770090067.005	,4.860,0.130000,0
6,InplaceAddRmsNorm_7,N/A,N/A,1788518770090071.925	,2.020,0.140000,0
6,MatMul_20,N/A,N/A,1788518770090073.965	,7.260,0.000000,0
6,SplitV_10,N/A,N/A,1788518770090081.265	,1.080,0.000000,0
6,ApplyRotaryPosEmb_4,N/A,N/A,1788518770090082.365	,2.840,0.000000,0
6,ConcatV2_7,N/A,N/A,1788518770090085.225	,1.220,0.160000,0
6,Transpose_34,N/A,N/A,1788518770090086.465	,1.940,0.030000,0
6,Scatter_8,N/A,N/A,1788518770090088.425	,1.040,0.060000,0
6,BatchMatMul_8,N/A,N/A,1788518770090089.525	,9.660,0.000000,0
6,ScaledMaskedSoftmax_4,N/A,N/A,1788518770090099.225	,6.100,0.090000,0
6,Scatter_9,N/A,N/A,1788518770090105.345	,1.240,0.000000,0
6,BatchMatMul_9,N/A,N/A,1788518770090106.645	,10.560,0.260000,0
6,Reshape_110/ConfusionTranspose/Transpose,N/A,N/A,1788518770090117.225	,2.180,0.000000,0
6,MatMul_21,N/A,N/A,1788518770090119.425	,3.380,0.070000,0
6,InplaceAddRmsNorm_8,N/A,N/A,1788518770090122.825	,1.680,0.000000,0
6,MatMul_22,N/A,N/A,1788518770090124.525	,3.340,0.070000,0
6,MatMul_23,N/A,N/A,1788518770090127.885	,3.600,0.160000,0
6,Swish_4Mul_7,N/A,N/A,1788518770090131.505	,2.400,0.000000,0
6,MatMul_24,N/A,N/A,1788518770090133.925	,4.100,0.100000,0
6,InplaceAddRmsNorm_9,N/A,N/A,1788518770090138.085	,3.200,0.000000,0
6,MatMul_25,N/A,N/A,1788518770090141.305	,3.360,0.050000,0
6,SplitV_12,N/A,N/A,1788518770090144.685	,1.060,0.140000,0
6,ApplyRotaryPosEmb_5,N/A,N/A,1788518770090145.765	,4.080,0.000000,0
6,ConcatV2_8,N/A,N/A,1788518770090149.885	,1.240,0.170000,0
6,Transpose_42,N/A,N/A,1788518770090151.145	,1.960,0.010000,0
6,Scatter_10,N/A,N/A,1788518770090153.125	,0.960,0.000000,0
6,BatchMatMul_10,N/A,N/A,1788518770090154.145	,8.300,0.290000,0
6,ScaledMaskedSoftmax_5,N/A,N/A,1788518770090162.465	,5.900,0.000000,0
6,Scatter_11,N/A,N/A,1788518770090168.385	,1.040,0.100000,0
6,BatchMatMul_11,N/A,N/A,1788518770090169.485	,10.780,0.000000,0
6,Reshape_132/ConfusionTranspose/Transpose,N/A,N/A,1788518770090180.285	,2.180,0.000000,0
6,MatMul_26,N/A,N/A,1788518770090182.485	,3.500,0.070000,0
6,InplaceAddRmsNorm_10,N/A,N/A,1788518770090186.005	,1.620,0.000000,0
6,MatMul_27,N/A,N/A,1788518770090187.665	,3.380,0.130000,0
6,MatMul_28,N/A,N/A,1788518770090191.065	,3.300,0.000000,0
6,Swish_5Mul_8,N/A,N/A,1788518770090194.405	,1.680,0.200000,0
6,MatMul_29,N/A,N/A,1788518770090196.125	,4.920,0.000000,0
6,InplaceAddRmsNorm_11,N/A,N/A,1788518770090201.105	,2.420,0.080000,0
6,MatMul_30,N/A,N/A,1788518770090203.545	,3.520,0.080000,0
6,SplitV_14,N/A,N/A,1788518770090207.105	,1.780,0.000000,0
6,ApplyRotaryPosEmb_6,N/A,N/A,1788518770090208.925	,2.800,0.220000,0
6,ConcatV2_9,N/A,N/A,1788518770090211.745	,1.220,0.000000,0
6,Transpose_50,N/A,N/A,1788518770090212.985	,1.940,0.030000,0
6,Scatter_12,N/A,N/A,1788518770090214.965	,1.800,0.060000,0
6,BatchMatMul_12,N/A,N/A,1788518770090216.825	,8.680,0.000000,0
6,ScaledMaskedSoftmax_6,N/A,N/A,1788518770090225.525	,5.920,0.070000,0
6,Scatter_13,N/A,N/A,1788518770090231.465	,0.920,0.080000,0
6,BatchMatMul_13,N/A,N/A,1788518770090232.445	,10.620,0.080000,0
6,Reshape_154/ConfusionTranspose/Transpose,N/A,N/A,1788518770090243.105	,2.140,0.000000,0
6,MatMul_31,N/A,N/A,1788518770090245.285	,3.560,0.110000,0
6,InplaceAddRmsNorm_12,N/A,N/A,1788518770090248.865	,1.700,0.000000,0
6,MatMul_32,N/A,N/A,1788518770090250.605	,3.340,0.050000,0
6,MatMul_33,N/A,N/A,1788518770090253.965	,4.140,0.160000,0
6,Swish_6Mul_9,N/A,N/A,1788518770090258.125	,2.380,0.000000,0
6,MatMul_34,N/A,N/A,1788518770090260.525	,4.240,0.120000,0
6,InplaceAddRmsNorm_13,N/A,N/A,1788518770090264.845	,1.900,0.010000,0
6,MatMul_35,N/A,N/A,1788518770090266.765	,3.560,0.100000,0
6,SplitV_16,N/A,N/A,1788518770090270.345	,1.100,0.000000,0
6,ApplyRotaryPosEmb_7,N/A,N/A,1788518770090271.465	,3.140,0.150000,0
6,ConcatV2_10,N/A,N/A,1788518770090274.625	,1.240,0.000000,0
6,Transpose_58,N/A,N/A,1788518770090275.885	,1.920,0.260000,0
6,Scatter_14,N/A,N/A,1788518770090277.845	,1.120,0.000000,0
6,BatchMatMul_14,N/A,N/A,1788518770090279.045	,6.260,0.130000,0
6,ScaledMaskedSoftmax_7,N/A,N/A,1788518770090285.345	,6.000,0.000000,0
6,Scatter_15,N/A,N/A,1788518770090291.365	,1.000,0.000000,0
6,BatchMatMul_15,N/A,N/A,1788518770090292.425	,10.840,0.250000,0
6,Reshape_176/ConfusionTranspose/Transpose,N/A,N/A,1788518770090303.285	,2.180,0.000000,0
6,MatMul_36,N/A,N/A,1788518770090305.485	,3.380,0.070000,0
6,InplaceAddRmsNorm_14,N/A,N/A,1788518770090308.885	,1.660,0.120000,0
6,MatMul_37,N/A,N/A,1788518770090310.585	,3.880,0.000000,0
6,MatMul_38,N/A,N/A,1788518770090314.485	,3.280,0.120000,0
6,Swish_7Mul_10,N/A,N/A,1788518770090317.785	,1.740,0.000000,0
6,MatMul_39,N/A,N/A,1788518770090319.545	,4.200,0.010000,0
6,InplaceAddRmsNorm_15,N/A,N/A,1788518770090323.805	,2.300,0.050000,0
6,MatMul_40,N/A,N/A,1788518770090326.125	,3.240,0.000000,0
6,SplitV_18,N/A,N/A,1788518770090329.385	,1.120,0.260000,0
6,ApplyRotaryPosEmb_8,N/A,N/A,1788518770090330.525	,2.760,0.000000,0
6,ConcatV2_11,N/A,N/A,1788518770090333.325	,2.380,0.000000,0
6,Transpose_66,N/A,N/A,1788518770090335.725	,2.500,0.120000,0
6,Scatter_16,N/A,N/A,1788518770090338.245	,1.260,0.000000,0
6,BatchMatMul_16,N/A,N/A,1788518770090339.585	,8.740,0.000000,0
6,ScaledMaskedSoftmax_8,N/A,N/A,1788518770090348.345	,6.240,0.010000,0
6,Scatter_17,N/A,N/A,1788518770090354.625	,1.240,0.010000,0
6,BatchMatMul_17,N/A,N/A,1788518770090355.925	,10.600,0.260000,0
6,Reshape_198/ConfusionTranspose/Transpose,N/A,N/A,1788518770090366.545	,2.340,0.000000,0
6,MatMul_41,N/A,N/A,1788518770090368.905	,3.520,0.160000,0
6,InplaceAddRmsNorm_16,N/A,N/A,1788518770090372.445	,1.700,0.000000,0
6,MatMul_42,N/A,N/A,1788518770090374.165	,3.340,0.050000,0
6,MatMul_43,N/A,N/A,1788518770090377.545	,3.360,0.000000,0
6,Swish_8Mul_11,N/A,N/A,1788518770090380.925	,2.660,0.140000,0
6,MatMul_44,N/A,N/A,1788518770090383.625	,4.940,0.000000,0
6,InplaceAddRmsNorm_17,N/A,N/A,1788518770090388.625	,3.440,0.060000,0
6,MatMul_45,N/A,N/A,1788518770090392.085	,4.400,0.060000,0
6,SplitV_20,N/A,N/A,1788518770090396.505	,1.060,0.100000,0
6,ApplyRotaryPosEmb_9,N/A,N/A,1788518770090397.585	,4.440,0.000000,0
6,ConcatV2_12,N/A,N/A,1788518770090402.065	,1.320,0.060000,0
6,Transpose_74,N/A,N/A,1788518770090403.405	,2.220,0.180000,0
6,Scatter_18,N/A,N/A,1788518770090405.645	,1.080,0.030000,0
6,BatchMatMul_18,N/A,N/A,1788518770090406.785	,7.700,0.000000,0
6,ScaledMaskedSoftmax_9,N/A,N/A,1788518770090414.505	,6.640,0.050000,0
6,Scatter_19,N/A,N/A,1788518770090421.165	,1.060,0.110000,0
6,BatchMatMul_19,N/A,N/A,1788518770090422.285	,10.860,0.000000,0
6,Reshape_220/ConfusionTranspose/Transpose,N/A,N/A,1788518770090433.165	,2.420,0.140000,0
6,MatMul_46,N/A,N/A,1788518770090435.605	,3.380,0.000000,0
6,InplaceAddRmsNorm_18,N/A,N/A,1788518770090439.005	,2.060,0.120000,0
6,MatMul_47,N/A,N/A,1788518770090441.105	,3.480,0.000000,0
6,MatMul_48,N/A,N/A,1788518770090444.605	,4.520,0.020000,0
6,Swish_9Mul_12,N/A,N/A,1788518770090449.165	,2.100,0.230000,0
6,MatMul_49,N/A,N/A,1788518770090451.305	,4.340,0.000000,0
6,InplaceAddRmsNorm_19,N/A,N/A,1788518770090455.705	,1.640,0.160000,0
6,MatMul_50,N/A,N/A,1788518770090457.385	,4.680,0.110000,0
6,SplitV_22,N/A,N/A,1788518770090462.085	,1.040,0.000000,0
6,ApplyRotaryPosEmb_10,N/A,N/A,1788518770090463.165	,3.600,0.210000,0
6,ConcatV2_13,N/A,N/A,1788518770090466.785	,1.320,0.000000,0
6,Transpose_82,N/A,N/A,1788518770090468.125	,2.220,0.000000,0
6,Scatter_20,N/A,N/A,1788518770090470.365	,1.800,0.030000,0
6,BatchMatMul_20,N/A,N/A,1788518770090472.225	,8.400,0.200000,0
6,ScaledMaskedSoftmax_10,N/A,N/A,1788518770090480.665	,6.240,0.100000,0
6,Scatter_21,N/A,N/A,1788518770090486.945	,1.140,0.010000,0
6,BatchMatMul_21,N/A,N/A,1788518770090488.165	,10.700,0.110000,0
6,Reshape_242/ConfusionTranspose/Transpose,N/A,N/A,1788518770090498.885	,2.340,0.050000,0
6,MatMul_51,N/A,N/A,1788518770090501.245	,3.460,0.000000,0
6,InplaceAddRmsNorm_20,N/A,N/A,1788518770090504.745	,1.860,0.040000,0
6,MatMul_52,N/A,N/A,1788518770090506.625	,4.560,0.000000,0
6,MatMul_53,N/A,N/A,1788518770090511.205	,3.500,0.190000,0
6,Swish_10Mul_13,N/A,N/A,1788518770090514.725	,2.660,0.000000,0
6,MatMul_54,N/A,N/A,1788518770090517.405	,4.420,0.090000,0
6,InplaceAddRmsNorm_21,N/A,N/A,1788518770090521.885	,1.920,0.080000,0
6,MatMul_55,N/A,N/A,1788518770090523.825	,4.160,0.000000,0
6,SplitV_24,N/A,N/A,1788518770090528.005	,1.060,0.090000,0
6,ApplyRotaryPosEmb_11,N/A,N/A,1788518770090529.085	,3.080,0.000000,0
6,ConcatV2_14,N/A,N/A,1788518770090532.185	,1.320,0.170000,0
6,Transpose_90,N/A,N/A,1788518770090533.525	,2.200,0.000000,0
6,Scatter_22,N/A,N/A,1788518770090535.745	,1.200,0.050000,0
6,BatchMatMul_22,N/A,N/A,1788518770090537.005	,6.020,0.050000,0
6,ScaledMaskedSoftmax_11,N/A,N/A,1788518770090543.045	,6.340,0.000000,0
6,Scatter_23,N/A,N/A,1788518770090549.405	,0.900,0.160000,0
6,BatchMatMul_23,N/A,N/A,1788518770090550.365	,10.520,0.000000,0
6,Reshape_264/ConfusionTranspose/Transpose,N/A,N/A,1788518770090560.905	,2.360,0.230000,0
6,MatMul_56,N/A,N/A,1788518770090563.305	,4.040,0.000000,0
6,InplaceAddRmsNorm_22,N/A,N/A,1788518770090567.385	,1.860,0.210000,0
6,MatMul_57,N/A,N/A,1788518770090569.265	,3.440,0.000000,0
6,MatMul_58,N/A,N/A,1788518770090572.725	,3.400,0.060000,0
6,Swish_11Mul_14,N/A,N/A,1788518770090576.165	,1.860,0.100000,0
6,MatMul_59,N/A,N/A,1788518770090578.045	,4.140,0.000000,0
6,InplaceAddRmsNorm_23,N/A,N/A,1788518770090582.245	,2.360,0.110000,0
6,MatMul_60,N/A,N/A,1788518770090584.645	,4.240,0.140000,0
6,SplitV_26,N/A,N/A,1788518770090588.905	,1.580,0.010000,0
6,ApplyRotaryPosEmb_12,N/A,N/A,1788518770090590.505	,2.720,0.000000,0
6,ConcatV2_15,N/A,N/A,1788518770090593.245	,1.300,0.030000,0
6,Transpose_98,N/A,N/A,1788518770090594.565	,2.220,0.000000,0
6,Scatter_24,N/A,N/A,1788518770090596.805	,1.220,0.030000,0
6,BatchMatMul_24,N/A,N/A,1788518770090598.085	,7.260,0.030000,0
6,ScaledMaskedSoftmax_12,N/A,N/A,1788518770090605.385	,6.280,0.240000,0
6,Scatter_25,N/A,N/A,1788518770090611.685	,0.980,0.000000,0
6,BatchMatMul_25,N/A,N/A,1788518770090612.725	,10.480,0.020000,0
6,Reshape_286/ConfusionTranspose/Transpose,N/A,N/A,1788518770090623.245	,2.320,0.020000,0
6,MatMul_61,N/A,N/A,1788518770090625.605	,3.260,0.000000,0
6,InplaceAddRmsNorm_24,N/A,N/A,1788518770090628.885	,1.740,0.240000,0
6,MatMul_62,N/A,N/A,1788518770090630.645	,3.400,0.010000,0
6,MatMul_63,N/A,N/A,1788518770090634.065	,3.460,0.000000,0
6,Swish_12Mul_15,N/A,N/A,1788518770090637.545	,2.660,0.040000,0
6,MatMul_64,N/A,N/A,1788518770090640.245	,4.160,0.090000,0
6,InplaceAddRmsNorm_25,N/A,N/A,1788518770090644.465	,3.720,0.090000,0
6,MatMul_65,N/A,N/A,1788518770090648.205	,3.460,0.030000,0
6,SplitV_28,N/A,N/A,1788518770090651.685	,1.040,0.040000,0
6,ApplyRotaryPosEmb_13,N/A,N/A,1788518770090652.745	,4.020,0.000000,0
6,ConcatV2_16,N/A,N/A,1788518770090656.785	,1.320,0.000000,0
6,Transpose_106,N/A,N/A,1788518770090658.125	,2.240,0.000000,0
6,Scatter_26,N/A,N/A,1788518770090660.385	,1.040,0.260000,0
6,BatchMatMul_26,N/A,N/A,1788518770090661.485	,8.460,0.000000,0
6,ScaledMaskedSoftmax_13,N/A,N/A,1788518770090669.965	,6.260,0.040000,0
6,Scatter_27,N/A,N/A,1788518770090676.245	,0.920,0.000000,0
6,BatchMatMul_27,N/A,N/A,1788518770090677.225	,10.520,0.080000,0
6,Reshape_308/ConfusionTranspose/Transpose,N/A,N/A,1788518770090687.785	,2.300,0.000000,0
6,MatMul_66,N/A,N/A,1788518770090690.105	,3.440,0.000000,0
6,InplaceAddRmsNorm_26,N/A,N/A,1788518770090693.565	,1.660,0.060000,0
6,MatMul_67,N/A,N/A,1788518770090695.245	,3.560,0.090000,0
6,MatMul_68,N/A,N/A,1788518770090698.825	,3.640,0.000000,0
6,Swish_13Mul_16,N/A,N/A,1788518770090702.485	,1.780,0.110000,0
6,MatMul_69,N/A,N/A,1788518770090704.305	,5.400,0.000000,0
6,InplaceAddRmsNorm_27,N/A,N/A,1788518770090709.765	,2.380,0.100000,0
6,MatMul_70,N/A,N/A,1788518770090712.165	,4.180,0.120000,0
6,SplitV_30,N/A,N/A,1788518770090716.365	,1.140,0.000000,0
6,ApplyRotaryPosEmb_14,N/A,N/A,1788518770090717.525	,2.780,0.110000,0
6,ConcatV2_17,N/A,N/A,1788518770090720.325	,1.660,0.000000,0
6,Transpose_114,N/A,N/A,1788518770090722.025	,2.200,0.090000,0
6,Scatter_28,N/A,N/A,1788518770090724.245	,2.220,0.050000,0
6,BatchMatMul_28,N/A,N/A,1788518770090726.545	,8.860,0.030000,0
6,ScaledMaskedSoftmax_14,N/A,N/A,1788518770090735.425	,6.360,0.140000,0
6,Scatter_29,N/A,N/A,1788518770090741.825	,1.000,0.000000,0
6,BatchMatMul_29,N/A,N/A,1788518770090742.885	,10.380,0.250000,0
6,Reshape_330/ConfusionTranspose/Transpose,N/A,N/A,1788518770090753.285	,2.320,0.000000,0
6,MatMul_71,N/A,N/A,1788518770090755.625	,3.600,0.000000,0
6,InplaceAddRmsNorm_28,N/A,N/A,1788518770090759.245	,1.820,0.150000,0
6,MatMul_72,N/A,N/A,1788518770090761.085	,3.420,0.000000,0
6,MatMul_73,N/A,N/A,1788518770090764.545	,4.460,0.080000,0
6,Swish_14Mul_17,N/A,N/A,1788518770090769.025	,2.660,0.040000,0
6,MatMul_74,N/A,N/A,1788518770090771.705	,4.160,0.090000,0
6,InplaceAddRmsNorm_29,N/A,N/A,1788518770090775.925	,1.640,0.090000,0
6,MatMul_75,N/A,N/A,1788518770090777.605	,6.300,0.000000,0
6,SplitV_32,N/A,N/A,1788518770090783.925	,1.120,0.200000,0
6,ApplyRotaryPosEmb_15,N/A,N/A,1788518770090785.065	,1.960,0.000000,0
6,ConcatV2_18,N/A,N/A,1788518770090787.045	,1.300,0.040000,0
6,Transpose_122,N/A,N/A,1788518770090788.365	,2.180,0.000000,0
6,Scatter_30,N/A,N/A,1788518770090790.565	,1.200,0.070000,0
6,BatchMatMul_30,N/A,N/A,1788518770090791.825	,8.740,0.050000,0
6,ScaledMaskedSoftmax_15,N/A,N/A,1788518770090800.585	,6.300,0.010000,0
6,Scatter_31,N/A,N/A,1788518770090806.905	,1.060,0.200000,0
6,BatchMatMul_31,N/A,N/A,1788518770090808.025	,10.220,0.000000,0
6,Reshape_352/ConfusionTranspose/Transpose,N/A,N/A,1788518770090818.265	,2.400,0.030000,0
6,MatMul_76,N/A,N/A,1788518770090820.705	,3.320,0.100000,0
6,InplaceAddRmsNorm_30,N/A,N/A,1788518770090824.045	,1.780,0.000000,0
6,MatMul_77,N/A,N/A,1788518770090825.865	,4.480,0.000000,0
6,MatMul_78,N/A,N/A,1788518770090830.365	,3.520,0.020000,0
6,Swish_15Mul_18,N/A,N/A,1788518770090833.905	,1.740,0.230000,0
6,MatMul_79,N/A,N/A,1788518770090835.665	,4.280,0.010000,0
6,InplaceAddRmsNorm_31,N/A,N/A,1788518770090840.025	,1.760,0.000000,0
6,MatMul_80,N/A,N/A,1788518770090841.805	,3.460,0.000000,0
6,SplitV_34,N/A,N/A,1788518770090845.285	,1.100,0.040000,0
6,ApplyRotaryPosEmb_16,N/A,N/A,1788518770090846.425	,1.960,0.150000,0
6,ConcatV2_19,N/A,N/A,1788518770090848.405	,1.180,0.040000,0
6,Transpose_130,N/A,N/A,1788518770090849.625	,1.920,0.000000,0
6,Scatter_32,N/A,N/A,1788518770090851.585	,0.900,0.080000,0
6,BatchMatMul_32,N/A,N/A,1788518770090852.545	,7.860,0.100000,0
6,ScaledMaskedSoftmax_16,N/A,N/A,1788518770090860.445	,6.220,0.140000,0
6,Scatter_33,N/A,N/A,1788518770090866.685	,0.920,0.030000,0
6,BatchMatMul_33,N/A,N/A,1788518770090867.665	,10.640,0.080000,0
6,Reshape_374/ConfusionTranspose/Transpose,N/A,N/A,1788518770090878.325	,2.180,0.000000,0
6,MatMul_81,N/A,N/A,1788518770090880.525	,4.240,0.070000,0
6,InplaceAddRmsNorm_32,N/A,N/A,1788518770090884.785	,1.800,0.010000,0
6,MatMul_82,N/A,N/A,1788518770090886.605	,3.380,0.000000,0
6,MatMul_83,N/A,N/A,1788518770090890.005	,3.360,0.120000,0
6,Swish_16Mul_19,N/A,N/A,1788518770090893.385	,2.340,0.140000,0
6,MatMul_84,N/A,N/A,1788518770090895.745	,5.220,0.000000,0
6,InplaceAddRmsNorm_33,N/A,N/A,1788518770090901.025	,1.900,0.030000,0
6,MatMul_85,N/A,N/A,1788518770090902.945	,3.380,0.100000,0
6,SplitV_36,N/A,N/A,1788518770090906.345	,1.080,0.000000,0
6,ApplyRotaryPosEmb_17,N/A,N/A,1788518770090907.445	,1.980,0.170000,0
6,ConcatV2_20,N/A,N/A,1788518770090909.465	,1.240,0.020000,0
6,Transpose_138,N/A,N/A,1788518770090910.725	,1.920,0.010000,0
6,Scatter_34,N/A,N/A,1788518770090912.665	,1.140,0.080000,0
6,BatchMatMul_34,N/A,N/A,1788518770090913.865	,11.660,0.000000,0
6,ScaledMaskedSoftmax_17,N/A,N/A,1788518770090925.545	,5.900,0.090000,0
6,Scatter_35,N/A,N/A,1788518770090931.465	,0.860,0.100000,0
6,BatchMatMul_35,N/A,N/A,1788518770090932.385	,10.480,0.140000,0
6,Reshape_396/ConfusionTranspose/Transpose,N/A,N/A,1788518770090942.885	,2.160,0.020000,0
6,MatMul_86,N/A,N/A,1788518770090945.065	,3.760,0.000000,0
6,InplaceAddRmsNorm_34,N/A,N/A,1788518770090948.845	,1.540,0.000000,0
6,MatMul_87,N/A,N/A,1788518770090950.405	,3.500,0.210000,0
6,MatMul_88,N/A,N/A,1788518770090953.925	,3.580,0.000000,0
6,Swish_17Mul_20,N/A,N/A,1788518770090957.525	,1.640,0.000000,0
6,MatMul_89,N/A,N/A,1788518770090959.185	,5.240,0.110000,0
6,InplaceAddRmsNorm_35,N/A,N/A,1788518770090964.465	,2.960,0.010000,0
6,MatMul_90,N/A,N/A,1788518770090967.445	,14.320,0.040000,0
6,Cast_26,N/A,N/A,1788518770090981.785	,7.900,0.000000,0
6,ArgMaxV2,N/A,N/A,1788518770090989.705	,8.340,0.100000,0
6,ArgMaxV2_Output0CastAfter,N/A,N/A,1788518770090998.065	,0.900,0.000000,0
6,GatherV2_31,N/A,N/A,1788518770090998.985	,1.560,0.100000,0
