OCR API ready worker_pid=124053; preparing table crops in RAM
Frozen ALL cohort: 665 tables (121 LaTeX, 544 non-LaTeX)
Scheduled 1000 Poisson arrivals at 6 QPS; request limit=1000; last scheduled arrival at 173.512s; HTTP endpoint=http://127.0.0.1:8767/v1/ocr
Writing each completion to /workspace/repos/paddle_ocr_vl_npu/tmp/19_table_ocr_serving/live_memory_20260913/before/round3/results/results.jsonl
[   0.025s] SEND #00001 table=page_001375_table_1 lag=   1.2ms active=1
[   0.339s] SEND #00002 table=page_000256_table_box_id_1 lag=   1.3ms active=2
[   0.510s] RECV #00002 table=page_000256_table_box_id_1 request= 0.171s scheduled= 0.173s status=ok active=1
[   0.579s] SEND #00003 table=page_000918_table_6 lag=   0.6ms active=2
[   0.627s] SEND #00004 table=page_001130_table_1 lag=   0.3ms active=3
[   0.742s] SEND #00005 table=page_000758_table_21 lag=   1.0ms active=4
[   0.748s] RECV #00003 table=page_000918_table_6 request= 0.169s scheduled= 0.170s status=ok active=3
[   0.780s] RECV #00004 table=page_001130_table_1 request= 0.153s scheduled= 0.153s status=ok active=2
[   0.822s] RECV #00005 table=page_000758_table_21 request= 0.080s scheduled= 0.081s status=ok active=1
[   0.841s] SEND #00006 table=page_001202_table_3 lag=   0.8ms active=2
[   1.018s] SEND #00007 table=page_000636_table_5 lag=   1.9ms active=3
[   1.161s] RECV #00007 table=page_000636_table_5 request= 0.143s scheduled= 0.145s status=ok active=2
[   1.277s] SEND #00008 table=page_000254_table_box_id_4 lag=   1.2ms active=3
[   1.292s] SEND #00009 table=page_000178_table_box_id_1 lag=   0.7ms active=4
[   1.297s] SEND #00010 table=page_000220_table_box_id_7 lag=   0.8ms active=5
[   1.598s] SEND #00011 table=page_000505_table_1 lag=   0.6ms active=6
[   1.693s] SEND #00012 table=page_000418_table_3 lag=   1.2ms active=7
[   1.913s] RECV #00001 table=page_001375_table_1 request= 1.888s scheduled= 1.889s status=ok active=6
[   1.933s] SEND #00013 table=page_000266_table_box_id_7 lag=   1.3ms active=7
[   1.933s] SEND #00014 table=page_001375_table_4 lag=   1.2ms active=8
[   2.031s] SEND #00015 table=page_001158_table_3 lag=   0.9ms active=9
[   2.169s] RECV #00013 table=page_000266_table_box_id_7 request= 0.237s scheduled= 0.238s status=ok active=8
[   2.244s] SEND #00016 table=page_000930_table_7 lag=   0.6ms active=9
[   2.287s] SEND #00017 table=page_001198_table_8 lag=   0.4ms active=10
[   2.420s] RECV #00006 table=page_001202_table_3 request= 1.579s scheduled= 1.580s status=ok active=9
[   2.563s] RECV #00016 table=page_000930_table_7 request= 0.319s scheduled= 0.320s status=ok active=8
[   2.612s] RECV #00010 table=page_000220_table_box_id_7 request= 1.315s scheduled= 1.316s status=ok active=7
[   2.630s] RECV #00008 table=page_000254_table_box_id_4 request= 1.354s scheduled= 1.355s status=ok active=6
[   2.665s] RECV #00015 table=page_001158_table_3 request= 0.634s scheduled= 0.635s status=ok active=5
[   2.669s] RECV #00012 table=page_000418_table_3 request= 0.976s scheduled= 0.977s status=ok active=4
[   2.771s] SEND #00018 table=page_000434_table_15 lag=   0.7ms active=5
[   3.107s] RECV #00011 table=page_000505_table_1 request= 1.509s scheduled= 1.510s status=ok active=4
[   3.133s] RECV #00009 table=page_000178_table_box_id_1 request= 1.841s scheduled= 1.841s status=ok active=3
[   3.158s] SEND #00019 table=page_000534_table_4 lag=   0.8ms active=4
[   3.162s] SEND #00020 table=page_001161_table_3 lag=   0.4ms active=5
[   3.167s] SEND #00021 table=page_000566_table_3 lag=   0.9ms active=6
[   3.175s] RECV #00017 table=page_001198_table_8 request= 0.888s scheduled= 0.888s status=ok active=5
[   3.297s] SEND #00022 table=page_001200_table_2 lag=   1.1ms active=6
[   3.581s] RECV #00018 table=page_000434_table_15 request= 0.810s scheduled= 0.811s status=ok active=5
[   3.764s] SEND #00023 table=page_000246_table_box_id_6 lag=   1.0ms active=6
[   3.844s] SEND #00024 table=page_001193_table_4 lag=   0.7ms active=7
[   3.884s] SEND #00025 table=page_001270_table_box_id_1 lag=   0.8ms active=8
[   3.962s] RECV #00023 table=page_000246_table_box_id_6 request= 0.198s scheduled= 0.199s status=ok active=7
[   3.976s] SEND #00026 table=page_000592_table_3 lag=   1.5ms active=8
[   3.981s] SEND #00027 table=page_000494_table_7 lag=   0.9ms active=9
[   4.022s] SEND #00028 table=page_000535_table_1 lag=   0.8ms active=10
[   4.118s] SEND #00029 table=page_001186_table_5 lag=   0.8ms active=11
[   4.229s] RECV #00019 table=page_000534_table_4 request= 1.072s scheduled= 1.072s status=ok active=10
[   4.233s] SEND #00030 table=page_001375_table_31 lag=   0.9ms active=11
[   4.276s] SEND #00031 table=page_000218_table_box_id_4 lag=   0.4ms active=12
[   4.320s] SEND #00032 table=page_001368_table_box_id_278 lag=   0.5ms active=13
[   4.362s] SEND #00033 table=page_001180_table_15 lag=   1.0ms active=14
[   4.464s] SEND #00034 table=page_000266_table_box_id_9 lag=   0.2ms active=15
[   4.478s] RECV #00024 table=page_001193_table_4 request= 0.634s scheduled= 0.635s status=ok active=14
[   4.521s] SEND #00035 table=page_000762_table_5 lag=   0.4ms active=15
[   4.525s] SEND #00036 table=page_000499_table_0 lag=   0.5ms active=16
[   4.559s] RECV #00021 table=page_000566_table_3 request= 1.392s scheduled= 1.393s status=ok active=15
[   4.678s] RECV #00029 table=page_001186_table_5 request= 0.559s scheduled= 0.560s status=ok active=14
[   4.709s] RECV #00020 table=page_001161_table_3 request= 1.546s scheduled= 1.547s status=ok active=13
[   4.821s] RECV #00030 table=page_001375_table_31 request= 0.588s scheduled= 0.589s status=ok active=12
[   4.828s] SEND #00037 table=page_000642_table_8 lag=   1.1ms active=13
[   4.848s] RECV #00027 table=page_000494_table_7 request= 0.867s scheduled= 0.868s status=ok active=12
[   4.928s] RECV #00014 table=page_001375_table_4 request= 2.995s scheduled= 2.996s status=ok active=11
[   4.964s] SEND #00038 table=page_000659_table_5 lag=   1.1ms active=12
[   4.976s] RECV #00032 table=page_001368_table_box_id_278 request= 0.655s scheduled= 0.656s status=ok active=11
[   5.074s] RECV #00035 table=page_000762_table_5 request= 0.553s scheduled= 0.554s status=ok active=10
[   5.134s] SEND #00039 table=page_001128_table_2 lag=   0.5ms active=11
[   5.168s] SEND #00040 table=page_001176_table_4 lag=   0.2ms active=12
[   5.253s] RECV #00034 table=page_000266_table_box_id_9 request= 0.789s scheduled= 0.789s status=ok active=11
[   5.325s] RECV #00033 table=page_001180_table_15 request= 0.963s scheduled= 0.964s status=ok active=10
[   5.361s] RECV #00038 table=page_000659_table_5 request= 0.397s scheduled= 0.398s status=ok active=9
[   5.462s] RECV #00028 table=page_000535_table_1 request= 1.440s scheduled= 1.440s status=ok active=8
[   5.815s] RECV #00036 table=page_000499_table_0 request= 1.290s scheduled= 1.291s status=ok active=7
[   5.820s] RECV #00022 table=page_001200_table_2 request= 2.522s scheduled= 2.523s status=ok active=6
[   5.842s] RECV #00031 table=page_000218_table_box_id_4 request= 1.565s scheduled= 1.566s status=ok active=5
[   5.986s] SEND #00041 table=page_001154_table_10 lag=   1.6ms active=6
[   6.117s] RECV #00025 table=page_001270_table_box_id_1 request= 2.233s scheduled= 2.234s status=ok active=5
[   6.163s] RECV #00026 table=page_000592_table_3 request= 2.186s scheduled= 2.188s status=ok active=4
[   6.313s] SEND #00042 table=page_000467_table_17 lag=   1.2ms active=5
[   6.334s] SEND #00043 table=page_000647_table_3 lag=   0.5ms active=6
[   6.403s] SEND #00044 table=page_001493_table_box_id_13 lag=   1.7ms active=7
[   6.469s] RECV #00043 table=page_000647_table_3 request= 0.135s scheduled= 0.135s status=ok active=6
[   6.547s] RECV #00039 table=page_001128_table_2 request= 1.412s scheduled= 1.413s status=ok active=5
[   6.615s] SEND #00045 table=page_000605_table_3 lag=   1.0ms active=6
[   6.671s] RECV #00045 table=page_000605_table_3 request= 0.056s scheduled= 0.057s status=ok active=5
[   6.682s] RECV #00041 table=page_001154_table_10 request= 0.696s scheduled= 0.698s status=ok active=4
[   6.701s] RECV #00037 table=page_000642_table_8 request= 1.873s scheduled= 1.874s status=ok active=3
[   6.733s] RECV #00040 table=page_001176_table_4 request= 1.565s scheduled= 1.565s status=ok active=2
[   6.822s] SEND #00046 table=page_001117_table_box_id_17 lag=   0.8ms active=3
[   6.827s] RECV #00044 table=page_001493_table_box_id_13 request= 0.425s scheduled= 0.426s status=ok active=2
[   6.943s] RECV #00046 table=page_001117_table_box_id_17 request= 0.121s scheduled= 0.122s status=ok active=1
[   7.282s] SEND #00047 table=page_000509_table_0 lag=   1.4ms active=2
[   7.373s] SEND #00048 table=page_000565_table_1 lag=   1.1ms active=3
[   7.668s] SEND #00049 table=page_000841_table_22 lag=   1.0ms active=4
[   7.747s] RECV #00049 table=page_000841_table_22 request= 0.078s scheduled= 0.079s status=ok active=3
[   7.820s] RECV #00042 table=page_000467_table_17 request= 1.506s scheduled= 1.508s status=ok active=2
[   7.852s] SEND #00050 table=page_000922_table_12 lag=   0.3ms active=3
[   7.913s] SEND #00051 table=page_001169_table_11 lag=   1.0ms active=4
[   8.060s] SEND #00052 table=page_000287_table_box_id_8 lag=   0.3ms active=5
[   8.116s] RECV #00048 table=page_000565_table_1 request= 0.743s scheduled= 0.744s status=ok active=4
[   8.265s] RECV #00051 table=page_001169_table_11 request= 0.352s scheduled= 0.353s status=ok active=3
[   8.418s] SEND #00053 table=page_000246_table_box_id_6 lag=   1.1ms active=4
[   8.468s] RECV #00050 table=page_000922_table_12 request= 0.616s scheduled= 0.616s status=ok active=3
[   8.562s] RECV #00053 table=page_000246_table_box_id_6 request= 0.144s scheduled= 0.145s status=ok active=2
[   8.729s] SEND #00054 table=page_000737_table_6 lag=   0.4ms active=3
[   8.838s] RECV #00047 table=page_000509_table_0 request= 1.556s scheduled= 1.558s status=ok active=2
[   8.847s] SEND #00055 table=page_000250_table_box-stnne6dt lag=   0.7ms active=3
[   8.995s] SEND #00056 table=page_000647_table_6 lag=   0.4ms active=4
[   9.001s] SEND #00057 table=page_000652_table_2 lag=   0.4ms active=5
[   9.047s] SEND #00058 table=page_001367_table_70 lag=   0.8ms active=6
[   9.196s] RECV #00054 table=page_000737_table_6 request= 0.467s scheduled= 0.467s status=ok active=5
[   9.204s] RECV #00056 table=page_000647_table_6 request= 0.210s scheduled= 0.210s status=ok active=4
[   9.314s] SEND #00059 table=page_001368_table_box_id_163 lag=   1.1ms active=5
[   9.373s] RECV #00059 table=page_001368_table_box_id_163 request= 0.059s scheduled= 0.060s status=ok active=4
[   9.402s] SEND #00060 table=page_000468_table_1 lag=   0.5ms active=5
[   9.434s] SEND #00061 table=page_000838_table_4 lag=   0.5ms active=6
[   9.524s] RECV #00061 table=page_000838_table_4 request= 0.090s scheduled= 0.091s status=ok active=5
[   9.567s] SEND #00062 table=page_000665_table_3 lag=   0.6ms active=6
[   9.578s] RECV #00058 table=page_001367_table_70 request= 0.530s scheduled= 0.531s status=ok active=5
[   9.609s] RECV #00060 table=page_000468_table_1 request= 0.207s scheduled= 0.207s status=ok active=4
[   9.612s] RECV #00057 table=page_000652_table_2 request= 0.611s scheduled= 0.612s status=ok active=3
[   9.615s] RECV #00062 table=page_000665_table_3 request= 0.048s scheduled= 0.048s status=ok active=2
[   9.769s] SEND #00063 table=page_001595_table_box_id_14 lag=   0.4ms active=3
[   9.956s] SEND #00064 table=page_000818_table_1 lag=   0.3ms active=4
[  10.035s] SEND #00065 table=page_000937_table_0 lag=   0.9ms active=5
[  10.131s] SEND #00066 table=page_000222_table_box_id_1 lag=   0.6ms active=6
[  10.199s] RECV #00064 table=page_000818_table_1 request= 0.243s scheduled= 0.243s status=ok active=5
[  10.249s] SEND #00067 table=page_000744_table_11 lag=   0.9ms active=6
[  10.396s] RECV #00067 table=page_000744_table_11 request= 0.147s scheduled= 0.148s status=ok active=5
[  10.502s] SEND #00068 table=page_000284_table_box_id_0 lag=   1.8ms active=6
[  10.522s] RECV #00065 table=page_000937_table_0 request= 0.487s scheduled= 0.488s status=ok active=5
[  10.623s] SEND #00069 table=page_000266_table_box_id_1 lag=   1.1ms active=6
[  10.706s] SEND #00070 table=page_001368_table_box_id_271 lag=   0.7ms active=7
[  10.765s] RECV #00066 table=page_000222_table_box_id_1 request= 0.634s scheduled= 0.635s status=ok active=6
[  10.767s] RECV #00063 table=page_001595_table_box_id_14 request= 0.998s scheduled= 0.999s status=ok active=5
[  10.819s] SEND #00071 table=page_000467_table_17 lag=   1.0ms active=6
[  10.823s] SEND #00072 table=page_000737_table_0 lag=   0.7ms active=7
[  10.830s] SEND #00073 table=page_000526_table_7 lag=   0.2ms active=8
[  11.033s] SEND #00074 table=page_001011_table_30 lag=   0.6ms active=9
[  11.063s] RECV #00055 table=page_000250_table_box-stnne6dt request= 2.216s scheduled= 2.217s status=ok active=8
[  11.068s] RECV #00070 table=page_001368_table_box_id_271 request= 0.361s scheduled= 0.362s status=ok active=7
[  11.195s] RECV #00069 table=page_000266_table_box_id_1 request= 0.572s scheduled= 0.573s status=ok active=6
[  11.302s] RECV #00073 table=page_000526_table_7 request= 0.472s scheduled= 0.472s status=ok active=5
[  11.515s] RECV #00072 table=page_000737_table_0 request= 0.691s scheduled= 0.692s status=ok active=4
[  11.714s] SEND #00075 table=page_000246_table_box_id_11 lag=   0.8ms active=5
[  11.864s] SEND #00076 table=page_000676_table_2 lag=   0.7ms active=6
[  11.948s] SEND #00077 table=page_001368_table_box_id_268 lag=   0.7ms active=7
[  11.979s] SEND #00078 table=page_000190_table_box_id_0 lag=   0.7ms active=8
[  12.087s] RECV #00077 table=page_001368_table_box_id_268 request= 0.140s scheduled= 0.140s status=ok active=7
[  12.095s] SEND #00079 table=page_001368_table_box_id_227 lag=   0.3ms active=8
[  12.190s] RECV #00075 table=page_000246_table_box_id_11 request= 0.475s scheduled= 0.476s status=ok active=7
[  12.310s] RECV #00074 table=page_001011_table_30 request= 1.276s scheduled= 1.277s status=ok active=6
[  12.322s] RECV #00052 table=page_000287_table_box_id_8 request= 4.262s scheduled= 4.262s status=ok active=5
[  12.324s] RECV #00078 table=page_000190_table_box_id_0 request= 0.345s scheduled= 0.346s status=ok active=4
[  12.504s] RECV #00071 table=page_000467_table_17 request= 1.685s scheduled= 1.686s status=ok active=3
[  12.742s] RECV #00079 table=page_001368_table_box_id_227 request= 0.648s scheduled= 0.648s status=ok active=2
[  12.765s] SEND #00080 table=page_001134_table_9 lag=   0.3ms active=3
[  13.011s] SEND #00081 table=page_000591_table_3 lag=   1.2ms active=4
[  13.140s] SEND #00082 table=page_000210_table_box_id_4 lag=   0.8ms active=5
[  13.352s] RECV #00076 table=page_000676_table_2 request= 1.488s scheduled= 1.489s status=ok active=4
[  13.386s] RECV #00082 table=page_000210_table_box_id_4 request= 0.246s scheduled= 0.247s status=ok active=3
[  13.468s] SEND #00083 table=page_000649_table_8 lag=   0.6ms active=4
[  13.476s] RECV #00081 table=page_000591_table_3 request= 0.465s scheduled= 0.466s status=ok active=3
[  13.511s] SEND #00084 table=page_000289_table_box_id_4 lag=   0.2ms active=4
[  13.632s] SEND #00085 table=page_001190_table_8 lag=   0.9ms active=5
[  13.866s] RECV #00083 table=page_000649_table_8 request= 0.398s scheduled= 0.398s status=ok active=4
[  14.004s] RECV #00068 table=page_000284_table_box_id_0 request= 3.502s scheduled= 3.504s status=ok active=3
[  14.126s] RECV #00080 table=page_001134_table_9 request= 1.361s scheduled= 1.361s status=ok active=2
[  14.140s] SEND #00086 table=page_000211_table_box_id_3 lag=   1.0ms active=3
[  14.284s] SEND #00087 table=page_001182_table_3 lag=   1.5ms active=4
[  14.386s] SEND #00088 table=page_000242_table_box-mhg591pb lag=   0.9ms active=5
[  14.438s] SEND #00089 table=page_001274_table_4 lag=   0.3ms active=6
[  14.571s] SEND #00090 table=page_001177_table_2 lag=   1.1ms active=7
[  14.785s] RECV #00085 table=page_001190_table_8 request= 1.152s scheduled= 1.153s status=ok active=6
[  15.043s] RECV #00088 table=page_000242_table_box-mhg591pb request= 0.657s scheduled= 0.658s status=ok active=5
[  15.062s] RECV #00087 table=page_001182_table_3 request= 0.778s scheduled= 0.779s status=ok active=4
[  15.075s] RECV #00086 table=page_000211_table_box_id_3 request= 0.935s scheduled= 0.936s status=ok active=3
[  15.096s] SEND #00091 table=page_001202_table_3 lag=   0.9ms active=4
[  15.096s] SEND #00092 table=page_001158_table_3 lag=   0.6ms active=5
[  15.351s] SEND #00093 table=page_000641_table_8 lag=   0.5ms active=6
[  15.402s] RECV #00090 table=page_001177_table_2 request= 0.831s scheduled= 0.832s status=ok active=5
[  15.532s] RECV #00093 table=page_000641_table_8 request= 0.181s scheduled= 0.181s status=ok active=4
[  15.608s] RECV #00092 table=page_001158_table_3 request= 0.512s scheduled= 0.512s status=ok active=3
[  15.638s] SEND #00094 table=page_000657_table_6 lag=   1.1ms active=4
[  15.684s] RECV #00094 table=page_000657_table_6 request= 0.046s scheduled= 0.047s status=ok active=3
[  16.001s] SEND #00095 table=page_000626_table_box_id_4 lag=   1.4ms active=4
[  16.225s] SEND #00096 table=page_000829_table_4 lag=   0.5ms active=5
[  16.336s] RECV #00091 table=page_001202_table_3 request= 1.240s scheduled= 1.241s status=ok active=4
[  16.438s] RECV #00096 table=page_000829_table_4 request= 0.214s scheduled= 0.214s status=ok active=3
[  16.501s] SEND #00097 table=page_000468_table_11 lag=   0.6ms active=4
[  16.622s] SEND #00098 table=page_000434_table_16 lag=   0.4ms active=5
[  16.705s] RECV #00097 table=page_000468_table_11 request= 0.204s scheduled= 0.205s status=ok active=4
[  16.760s] SEND #00099 table=page_001175_table_2 lag=   1.0ms active=5
[  16.852s] SEND #00100 table=page_001230_table_box_id_1 lag=   0.4ms active=6
[  16.863s] SEND #00101 table=page_000628_table_14 lag=   1.5ms active=7
[  17.046s] RECV #00098 table=page_000434_table_16 request= 0.424s scheduled= 0.424s status=ok active=6
[  17.203s] SEND #00102 table=page_000632_table_0 lag=   0.9ms active=7
[  17.343s] SEND #00103 table=page_001142_table_13 lag=   0.4ms active=8
[  17.381s] SEND #00104 table=page_001480_table_4 lag=   1.4ms active=9
[  17.493s] RECV #00100 table=page_001230_table_box_id_1 request= 0.641s scheduled= 0.641s status=ok active=8
[  17.497s] SEND #00105 table=page_000920_table_3 lag=   0.9ms active=9
[  17.574s] RECV #00101 table=page_000628_table_14 request= 0.711s scheduled= 0.713s status=ok active=8
[  17.608s] SEND #00106 table=page_001522_table_8 lag=   0.6ms active=9
[  17.682s] SEND #00107 table=page_000425_table_3 lag=   0.9ms active=10
[  17.745s] RECV #00103 table=page_001142_table_13 request= 0.402s scheduled= 0.403s status=ok active=9
[  17.752s] SEND #00108 table=page_000287_table_box_id_1 lag=   0.9ms active=10
[  17.821s] RECV #00104 table=page_001480_table_4 request= 0.440s scheduled= 0.442s status=ok active=9
[  17.881s] SEND #00109 table=page_000823_table_8 lag=   1.0ms active=10
[  17.937s] RECV #00105 table=page_000920_table_3 request= 0.439s scheduled= 0.440s status=ok active=9
[  18.044s] SEND #00110 table=page_001211_table_7 lag=   1.0ms active=10
[  18.116s] RECV #00099 table=page_001175_table_2 request= 1.355s scheduled= 1.356s status=ok active=9
[  18.179s] RECV #00109 table=page_000823_table_8 request= 0.298s scheduled= 0.299s status=ok active=8
[  18.202s] SEND #00111 table=page_001159_table_5 lag=   0.4ms active=9
[  18.304s] SEND #00112 table=page_000835_table_2 lag=   1.2ms active=10
[  18.308s] SEND #00113 table=page_001368_table_box_id_252 lag=   0.3ms active=11
[  18.352s] SEND #00114 table=page_001367_table_66 lag=   0.4ms active=12
[  18.385s] SEND #00115 table=page_001129_table_8 lag=   0.6ms active=13
[  18.451s] RECV #00110 table=page_001211_table_7 request= 0.407s scheduled= 0.408s status=ok active=12
[  18.528s] RECV #00106 table=page_001522_table_8 request= 0.921s scheduled= 0.921s status=ok active=11
[  18.531s] SEND #00116 table=page_000518_table_11 lag=   0.4ms active=12
[  18.627s] RECV #00112 table=page_000835_table_2 request= 0.322s scheduled= 0.323s status=ok active=11
[  18.832s] RECV #00113 table=page_001368_table_box_id_252 request= 0.523s scheduled= 0.524s status=ok active=10
[  18.860s] SEND #00117 table=page_001125_table_3 lag=   0.6ms active=11
[  19.001s] RECV #00107 table=page_000425_table_3 request= 1.320s scheduled= 1.321s status=ok active=10
[  19.127s] SEND #00118 table=page_001137_table_9 lag=   0.6ms active=11
[  19.129s] RECV #00108 table=page_000287_table_box_id_1 request= 1.377s scheduled= 1.378s status=ok active=10
[  19.216s] RECV #00111 table=page_001159_table_5 request= 1.015s scheduled= 1.015s status=ok active=9
[  19.393s] SEND #00119 table=page_000221_table_box_id_3 lag=   0.7ms active=10
[  19.475s] RECV #00116 table=page_000518_table_11 request= 0.944s scheduled= 0.945s status=ok active=9
[  19.623s] RECV #00095 table=page_000626_table_box_id_4 request= 3.623s scheduled= 3.624s status=ok active=8
[  19.675s] SEND #00120 table=page_000526_table_4 lag=   0.3ms active=9
[  19.725s] SEND #00121 table=page_000300_table_1 lag=   1.0ms active=10
[  19.768s] RECV #00114 table=page_001367_table_66 request= 1.417s scheduled= 1.417s status=ok active=9
[  19.847s] RECV #00084 table=page_000289_table_box_id_4 request= 6.336s scheduled= 6.336s status=ok active=8
[  19.948s] RECV #00117 table=page_001125_table_3 request= 1.088s scheduled= 1.088s status=ok active=7
[  20.002s] RECV #00121 table=page_000300_table_1 request= 0.277s scheduled= 0.278s status=ok active=6
[  20.032s] SEND #00122 table=page_001195_table_7 lag=   0.9ms active=7
[  20.051s] RECV #00089 table=page_001274_table_4 request= 5.613s scheduled= 5.614s status=ok active=6
[  20.218s] SEND #00123 table=page_000465_table_5 lag=   0.9ms active=7
[  20.232s] SEND #00124 table=page_001368_table_box_id_266 lag=   0.6ms active=8
[  20.233s] RECV #00120 table=page_000526_table_4 request= 0.558s scheduled= 0.558s status=ok active=7
[  20.235s] SEND #00125 table=page_000938_table_5 lag=   0.9ms active=8
[  20.237s] SEND #00126 table=page_000821_table_box_id_14 lag=   0.3ms active=9
[  20.413s] RECV #00124 table=page_001368_table_box_id_266 request= 0.181s scheduled= 0.181s status=ok active=8
[  20.445s] RECV #00102 table=page_000632_table_0 request= 3.243s scheduled= 3.244s status=ok active=7
[  20.473s] SEND #00127 table=page_000918_table_5 lag=   1.0ms active=8
[  20.521s] SEND #00128 table=page_000428_table_6 lag=   1.1ms active=9
[  20.541s] SEND #00129 table=page_001207_table_4 lag=   1.6ms active=10
[  20.572s] RECV #00126 table=page_000821_table_box_id_14 request= 0.335s scheduled= 0.335s status=ok active=9
[  20.703s] SEND #00130 table=page_001140_table_12 lag=   0.5ms active=10
[  20.708s] RECV #00125 table=page_000938_table_5 request= 0.472s scheduled= 0.473s status=ok active=9
[  20.773s] RECV #00127 table=page_000918_table_5 request= 0.300s scheduled= 0.301s status=ok active=8
[  20.773s] SEND #00131 table=page_000226_table_box_id_5 lag=   0.3ms active=9
[  20.786s] SEND #00132 table=page_001398_table_box-l1p3lf8a lag=   1.1ms active=10
[  20.814s] SEND #00133 table=page_000844_table_6 lag=   0.4ms active=11
[  20.880s] RECV #00119 table=page_000221_table_box_id_3 request= 1.487s scheduled= 1.488s status=ok active=10
[  20.940s] SEND #00134 table=page_000941_table_1 lag=   1.8ms active=11
[  20.970s] SEND #00135 table=page_001432_table_20 lag=   0.2ms active=12
[  20.976s] RECV #00128 table=page_000428_table_6 request= 0.455s scheduled= 0.456s status=ok active=11
[  21.023s] SEND #00136 table=page_001147_table_10 lag=   0.6ms active=12
[  21.061s] RECV #00123 table=page_000465_table_5 request= 0.842s scheduled= 0.843s status=ok active=11
[  21.224s] RECV #00132 table=page_001398_table_box-l1p3lf8a request= 0.438s scheduled= 0.440s status=ok active=10
[  21.231s] SEND #00137 table=page_000248_table_box_id_1 lag=   1.0ms active=11
[  21.301s] RECV #00115 table=page_001129_table_8 request= 2.916s scheduled= 2.917s status=ok active=10
[  21.331s] SEND #00138 table=page_000267_table_box_id_1 lag=   0.5ms active=11
[  21.351s] RECV #00130 table=page_001140_table_12 request= 0.648s scheduled= 0.648s status=ok active=10
[  21.396s] SEND #00139 table=page_000447_table_12 lag=   0.4ms active=11
[  21.447s] RECV #00131 table=page_000226_table_box_id_5 request= 0.674s scheduled= 0.674s status=ok active=10
[  21.503s] SEND #00140 table=page_001230_table_box_id_3 lag=   0.5ms active=11
[  21.507s] SEND #00141 table=page_001129_table_11 lag=   0.3ms active=12
[  21.526s] RECV #00129 table=page_001207_table_4 request= 0.985s scheduled= 0.987s status=ok active=11
[  21.588s] SEND #00142 table=page_001219_table_box_id_1 lag=   0.5ms active=12
[  21.662s] RECV #00135 table=page_001432_table_20 request= 0.693s scheduled= 0.693s status=ok active=11
[  21.680s] SEND #00143 table=page_001129_table_10 lag=   0.6ms active=12
[  21.714s] SEND #00144 table=page_001184_table_6 lag=   0.7ms active=13
[  21.734s] SEND #00145 table=page_001164_table_9 lag=   1.2ms active=14
[  21.758s] RECV #00133 table=page_000844_table_6 request= 0.944s scheduled= 0.945s status=ok active=13
[  21.907s] RECV #00134 table=page_000941_table_1 request= 0.967s scheduled= 0.969s status=ok active=12
[  22.009s] RECV #00140 table=page_001230_table_box_id_3 request= 0.506s scheduled= 0.506s status=ok active=11
[  22.117s] SEND #00146 table=page_000921_table_2 lag=   0.8ms active=12
[  22.212s] RECV #00139 table=page_000447_table_12 request= 0.816s scheduled= 0.817s status=ok active=11
[  22.236s] SEND #00147 table=page_000634_table_1 lag=   0.4ms active=12
[  22.275s] SEND #00148 table=page_000515_table_7 lag=   1.0ms active=13
[  22.376s] RECV #00137 table=page_000248_table_box_id_1 request= 1.146s scheduled= 1.147s status=ok active=12
[  22.431s] SEND #00149 table=page_000841_table_22 lag=   1.1ms active=13
[  22.500s] RECV #00118 table=page_001137_table_9 request= 3.374s scheduled= 3.374s status=ok active=12
[  22.587s] RECV #00144 table=page_001184_table_6 request= 0.872s scheduled= 0.873s status=ok active=11
[  22.713s] SEND #00150 table=page_000838_table_1 lag=   0.7ms active=12
[  22.717s] SEND #00151 table=page_001137_table_2 lag=   0.8ms active=13
[  22.720s] SEND #00152 table=page_000237_table_box_id_3 lag=   0.6ms active=14
[  22.748s] SEND #00153 table=page_001026_table_box_id_25 lag=   2.3ms active=15
[  22.802s] RECV #00122 table=page_001195_table_7 request= 2.770s scheduled= 2.771s status=ok active=14
[  22.859s] RECV #00146 table=page_000921_table_2 request= 0.741s scheduled= 0.742s status=ok active=13
[  22.958s] SEND #00154 table=page_000792_table_25 lag=   1.2ms active=14
[  22.987s] SEND #00155 table=page_000500_table_5 lag=   1.0ms active=15
[  23.094s] RECV #00141 table=page_001129_table_11 request= 1.587s scheduled= 1.588s status=ok active=14
[  23.163s] RECV #00149 table=page_000841_table_22 request= 0.732s scheduled= 0.733s status=ok active=13
[  23.190s] SEND #00156 table=page_000201_table_box-w2ehqidz lag=   1.0ms active=14
[  23.288s] RECV #00143 table=page_001129_table_10 request= 1.608s scheduled= 1.609s status=ok active=13
[  23.368s] RECV #00150 table=page_000838_table_1 request= 0.655s scheduled= 0.655s status=ok active=12
[  23.379s] SEND #00157 table=page_000291_table_box_id_0 lag=   0.9ms active=13
[  23.458s] RECV #00148 table=page_000515_table_7 request= 1.183s scheduled= 1.184s status=ok active=12
[  23.510s] SEND #00158 table=page_001137_table_11 lag=   0.4ms active=13
[  23.552s] SEND #00159 table=page_000716_table_0 lag=   0.6ms active=14
[  23.628s] RECV #00147 table=page_000634_table_1 request= 1.393s scheduled= 1.393s status=ok active=13
[  23.754s] RECV #00154 table=page_000792_table_25 request= 0.796s scheduled= 0.797s status=ok active=12
[  23.839s] RECV #00136 table=page_001147_table_10 request= 2.816s scheduled= 2.817s status=ok active=11
[  24.171s] SEND #00160 table=page_000242_table_box-mhg591pb lag=   1.1ms active=12
[  24.171s] RECV #00153 table=page_001026_table_box_id_25 request= 1.424s scheduled= 1.426s status=ok active=11
[  24.344s] RECV #00138 table=page_000267_table_box_id_1 request= 3.013s scheduled= 3.013s status=ok active=10
[  24.437s] SEND #00161 table=page_000945_table_4 lag=   0.5ms active=11
[  24.515s] RECV #00156 table=page_000201_table_box-w2ehqidz request= 1.325s scheduled= 1.326s status=ok active=10
[  24.558s] SEND #00162 table=page_001035_table_28 lag=   0.9ms active=11
[  24.600s] SEND #00163 table=page_001219_table_box_id_4 lag=   0.6ms active=12
[  24.629s] RECV #00159 table=page_000716_table_0 request= 1.078s scheduled= 1.078s status=ok active=11
[  24.773s] RECV #00151 table=page_001137_table_2 request= 2.056s scheduled= 2.057s status=ok active=10
[  24.774s] SEND #00164 table=page_001149_table_0 lag=   0.1ms active=11
[  24.858s] SEND #00165 table=page_000266_table_box_id_9 lag=   0.2ms active=12
[  25.002s] SEND #00166 table=page_001367_table_50 lag=   2.0ms active=13
[  25.032s] RECV #00142 table=page_001219_table_box_id_1 request= 3.443s scheduled= 3.444s status=ok active=12
[  25.065s] SEND #00167 table=page_000532_table_5 lag=   0.5ms active=13
[  25.121s] RECV #00152 table=page_000237_table_box_id_3 request= 2.401s scheduled= 2.401s status=ok active=12
[  25.183s] RECV #00158 table=page_001137_table_11 request= 1.674s scheduled= 1.674s status=ok active=11
[  25.232s] SEND #00168 table=page_000252_table_box_id_1 lag=   0.7ms active=12
[  25.243s] SEND #00169 table=page_001367_table_50 lag=   1.4ms active=13
[  25.301s] SEND #00170 table=page_000010_table_box_id_1 lag=   1.0ms active=14
[  25.327s] RECV #00161 table=page_000945_table_4 request= 0.890s scheduled= 0.891s status=ok active=13
[  25.404s] RECV #00160 table=page_000242_table_box-mhg591pb request= 1.233s scheduled= 1.234s status=ok active=12
[  25.577s] RECV #00165 table=page_000266_table_box_id_9 request= 0.719s scheduled= 0.719s status=ok active=11
[  25.649s] RECV #00163 table=page_001219_table_box_id_4 request= 1.049s scheduled= 1.049s status=ok active=10
[  25.757s] RECV #00155 table=page_000500_table_5 request= 2.770s scheduled= 2.771s status=ok active=9
[  25.870s] RECV #00145 table=page_001164_table_9 request= 4.136s scheduled= 4.137s status=ok active=8
[  25.874s] SEND #00171 table=page_001124_table_17 lag=   0.4ms active=9
[  25.983s] RECV #00162 table=page_001035_table_28 request= 1.425s scheduled= 1.425s status=ok active=8
[  26.024s] RECV #00164 table=page_001149_table_0 request= 1.250s scheduled= 1.250s status=ok active=7
[  26.035s] RECV #00167 table=page_000532_table_5 request= 0.969s scheduled= 0.970s status=ok active=6
[  26.159s] RECV #00170 table=page_000010_table_box_id_1 request= 0.858s scheduled= 0.859s status=ok active=5
[  26.221s] SEND #00172 table=page_001367_table_68 lag=   0.5ms active=6
[  26.282s] SEND #00173 table=page_001125_table_4 lag=   0.2ms active=7
[  26.283s] RECV #00166 table=page_001367_table_50 request= 1.281s scheduled= 1.283s status=ok active=6
[  26.478s] RECV #00171 table=page_001124_table_17 request= 0.605s scheduled= 0.605s status=ok active=5
[  26.498s] RECV #00168 table=page_000252_table_box_id_1 request= 1.266s scheduled= 1.267s status=ok active=4
[  26.541s] RECV #00169 table=page_001367_table_50 request= 1.299s scheduled= 1.300s status=ok active=3
[  26.608s] SEND #00174 table=page_000284_table_box_id_0 lag=   0.2ms active=4
[  26.671s] SEND #00175 table=page_000211_table_box_id_3 lag=   1.0ms active=5
[  27.092s] RECV #00172 table=page_001367_table_68 request= 0.871s scheduled= 0.872s status=ok active=4
[  27.121s] RECV #00173 table=page_001125_table_4 request= 0.839s scheduled= 0.840s status=ok active=3
[  27.138s] SEND #00176 table=page_001137_table_4 lag=   1.1ms active=4
[  27.365s] SEND #00177 table=page_000715_table_2 lag=   1.2ms active=5
[  27.453s] SEND #00178 table=page_000921_table_8 lag=   0.2ms active=6
[  27.502s] SEND #00179 table=page_000236_table_box_id_5 lag=   0.5ms active=7
[  27.504s] SEND #00180 table=page_001131_table_15 lag=   0.9ms active=8
[  27.521s] RECV #00175 table=page_000211_table_box_id_3 request= 0.850s scheduled= 0.851s status=ok active=7
[  27.630s] RECV #00177 table=page_000715_table_2 request= 0.265s scheduled= 0.266s status=ok active=6
[  27.700s] RECV #00178 table=page_000921_table_8 request= 0.246s scheduled= 0.246s status=ok active=5
[  27.837s] RECV #00180 table=page_001131_table_15 request= 0.333s scheduled= 0.334s status=ok active=4
[  27.856s] SEND #00181 table=page_001197_table_4 lag=   1.5ms active=5
[  27.862s] SEND #00182 table=page_000420_table_0 lag=   0.9ms active=6
[  28.084s] RECV #00179 table=page_000236_table_box_id_5 request= 0.581s scheduled= 0.582s status=ok active=5
[  28.109s] RECV #00176 table=page_001137_table_4 request= 0.972s scheduled= 0.973s status=ok active=4
[  28.147s] SEND #00183 table=page_000900_table_4 lag=   0.3ms active=5
[  28.254s] RECV #00183 table=page_000900_table_4 request= 0.107s scheduled= 0.107s status=ok active=4
[  28.340s] RECV #00182 table=page_000420_table_0 request= 0.478s scheduled= 0.479s status=ok active=3
[  28.693s] SEND #00184 table=page_001272_table_1 lag=   0.5ms active=4
[  28.834s] SEND #00185 table=page_001215_table_5 lag=   0.8ms active=5
[  28.865s] SEND #00186 table=page_001404_table_7 lag=   0.5ms active=6
[  29.203s] SEND #00187 table=page_000254_table_box_id_4 lag=   1.4ms active=7
[  29.364s] RECV #00186 table=page_001404_table_7 request= 0.500s scheduled= 0.500s status=ok active=6
[  29.376s] RECV #00181 table=page_001197_table_4 request= 1.520s scheduled= 1.522s status=ok active=5
[  29.809s] SEND #00188 table=page_000495_table_9 lag=   0.7ms active=6
[  29.961s] RECV #00174 table=page_000284_table_box_id_0 request= 3.353s scheduled= 3.353s status=ok active=5
[  30.012s] SEND #00189 table=page_000214_table_box_id_6 lag=   0.4ms active=6
[  30.132s] SEND #00190 table=page_000743_table_4 lag=   1.7ms active=7
[  30.209s] SEND #00191 table=page_001186_table_10 lag=   0.2ms active=8
[  30.212s] RECV #00187 table=page_000254_table_box_id_4 request= 1.009s scheduled= 1.011s status=ok active=7
[  30.281s] SEND #00192 table=page_001368_table_box_id_252 lag=   0.7ms active=8
[  30.319s] SEND #00193 table=page_001152_table_0 lag=   0.9ms active=9
[  30.365s] RECV #00190 table=page_000743_table_4 request= 0.234s scheduled= 0.235s status=ok active=8
[  30.506s] SEND #00194 table=page_000766_table_2 lag=   0.5ms active=9
[  30.602s] SEND #00195 table=page_000715_table_14 lag=   1.8ms active=10
[  30.637s] SEND #00196 table=page_001636_table_1 lag=   0.8ms active=11
[  30.646s] RECV #00192 table=page_001368_table_box_id_252 request= 0.366s scheduled= 0.366s status=ok active=10
[  30.655s] SEND #00197 table=page_001082_table_23 lag=   0.4ms active=11
[  30.697s] RECV #00191 table=page_001186_table_10 request= 0.488s scheduled= 0.488s status=ok active=10
[  30.837s] SEND #00198 table=page_000658_table_32 lag=   0.3ms active=11
[  30.896s] SEND #00199 table=page_000266_table_box_id_3 lag=   0.5ms active=12
[  30.951s] RECV #00184 table=page_001272_table_1 request= 2.258s scheduled= 2.259s status=ok active=11
[  30.992s] RECV #00157 table=page_000291_table_box_id_0 request= 7.613s scheduled= 7.614s status=ok active=10
[  31.011s] RECV #00185 table=page_001215_table_5 request= 2.177s scheduled= 2.178s status=ok active=9
[  31.011s] SEND #00200 table=page_000626_table_box_id_1 lag=   0.2ms active=10
[  31.063s] RECV #00188 table=page_000495_table_9 request= 1.254s scheduled= 1.254s status=ok active=9
[  31.077s] SEND #00201 table=page_000528_table_7 lag=   0.9ms active=10
[  31.288s] RECV #00189 table=page_000214_table_box_id_6 request= 1.276s scheduled= 1.277s status=ok active=9
[  31.420s] SEND #00202 table=page_001168_table_0 lag=   1.3ms active=10
[  31.802s] SEND #00203 table=page_000465_table_8 lag=   0.3ms active=11
[  31.805s] SEND #00204 table=page_001493_table_box_id_19 lag=   0.3ms active=12
[  31.843s] SEND #00205 table=page_000814_table_0 lag=   0.6ms active=13
[  31.910s] SEND #00206 table=page_000286_table_box_id_1 lag=   1.1ms active=14
[  31.920s] RECV #00198 table=page_000658_table_32 request= 1.083s scheduled= 1.083s status=ok active=13
[  32.021s] RECV #00195 table=page_000715_table_14 request= 1.419s scheduled= 1.421s status=ok active=12
[  32.112s] RECV #00199 table=page_000266_table_box_id_3 request= 1.217s scheduled= 1.217s status=ok active=11
[  32.192s] RECV #00201 table=page_000528_table_7 request= 1.114s scheduled= 1.115s status=ok active=10
[  32.346s] RECV #00204 table=page_001493_table_box_id_19 request= 0.541s scheduled= 0.541s status=ok active=9
[  32.436s] RECV #00205 table=page_000814_table_0 request= 0.593s scheduled= 0.594s status=ok active=8
[  32.549s] RECV #00196 table=page_001636_table_1 request= 1.912s scheduled= 1.913s status=ok active=7
[  32.572s] RECV #00197 table=page_001082_table_23 request= 1.918s scheduled= 1.918s status=ok active=6
[  32.634s] SEND #00207 table=page_001368_table_box_id_271 lag=   0.6ms active=7
[  32.684s] RECV #00203 table=page_000465_table_8 request= 0.882s scheduled= 0.882s status=ok active=6
[  32.691s] RECV #00193 table=page_001152_table_0 request= 2.372s scheduled= 2.373s status=ok active=5
[  32.811s] RECV #00202 table=page_001168_table_0 request= 1.391s scheduled= 1.393s status=ok active=4
[  32.827s] RECV #00207 table=page_001368_table_box_id_271 request= 0.194s scheduled= 0.194s status=ok active=3
[  32.888s] SEND #00208 table=page_000915_table_2 lag=   0.2ms active=4
[  32.957s] SEND #00209 table=page_000206_table_box_id_1 lag=   0.9ms active=5
[  32.997s] SEND #00210 table=page_000246_table_box_id_14 lag=   0.7ms active=6
[  33.016s] RECV #00208 table=page_000915_table_2 request= 0.129s scheduled= 0.129s status=ok active=5
[  33.184s] SEND #00211 table=page_000235_table_box_id_16 lag=   0.6ms active=6
[  33.244s] RECV #00210 table=page_000246_table_box_id_14 request= 0.247s scheduled= 0.248s status=ok active=5
[  33.426s] RECV #00194 table=page_000766_table_2 request= 2.920s scheduled= 2.921s status=ok active=4
[  33.488s] SEND #00212 table=page_000307_table_2 lag=   1.1ms active=5
[  33.519s] RECV #00209 table=page_000206_table_box_id_1 request= 0.562s scheduled= 0.563s status=ok active=4
[  33.533s] RECV #00211 table=page_000235_table_box_id_16 request= 0.350s scheduled= 0.350s status=ok active=3
[  33.936s] SEND #00213 table=page_001121_table_7 lag=   1.4ms active=4
[  34.006s] SEND #00214 table=page_000824_table_0 lag=   1.1ms active=5
[  34.302s] RECV #00213 table=page_001121_table_7 request= 0.366s scheduled= 0.367s status=ok active=4
[  34.362s] SEND #00215 table=page_000647_table_4 lag=   0.5ms active=5
[  34.417s] RECV #00215 table=page_000647_table_4 request= 0.055s scheduled= 0.055s status=ok active=4
[  34.557s] SEND #00216 table=page_000922_table_12 lag=   1.2ms active=5
[  34.570s] RECV #00214 table=page_000824_table_0 request= 0.564s scheduled= 0.565s status=ok active=4
[  34.666s] SEND #00217 table=page_001595_table_box_id_9 lag=   0.5ms active=5
[  34.809s] RECV #00217 table=page_001595_table_box_id_9 request= 0.143s scheduled= 0.143s status=ok active=4
[  34.823s] RECV #00200 table=page_000626_table_box_id_1 request= 3.812s scheduled= 3.812s status=ok active=3
[  34.931s] RECV #00212 table=page_000307_table_2 request= 1.443s scheduled= 1.445s status=ok active=2
[  35.067s] RECV #00216 table=page_000922_table_12 request= 0.511s scheduled= 0.512s status=ok active=1
[  35.372s] SEND #00218 table=page_000652_table_0 lag=   0.4ms active=2
[  35.417s] SEND #00219 table=page_000918_table_6 lag=   0.5ms active=3
[  35.564s] RECV #00219 table=page_000918_table_6 request= 0.147s scheduled= 0.148s status=ok active=2
[  35.614s] RECV #00218 table=page_000652_table_0 request= 0.242s scheduled= 0.242s status=ok active=1
[  35.633s] SEND #00220 table=page_000702_table_5 lag=   1.5ms active=2
[  35.648s] SEND #00221 table=page_001368_table_box_id_242 lag=   1.3ms active=3
[  35.678s] SEND #00222 table=page_000760_table_1 lag=   1.0ms active=4
[  35.868s] RECV #00220 table=page_000702_table_5 request= 0.235s scheduled= 0.236s status=ok active=3
[  35.902s] RECV #00222 table=page_000760_table_1 request= 0.223s scheduled= 0.224s status=ok active=2
[  35.972s] RECV #00221 table=page_001368_table_box_id_242 request= 0.325s scheduled= 0.326s status=ok active=1
[  36.081s] SEND #00223 table=page_000785_table_7 lag=   0.2ms active=2
[  36.121s] SEND #00224 table=page_001189_table_box_id_3 lag=   0.9ms active=3
[  36.290s] RECV #00223 table=page_000785_table_7 request= 0.209s scheduled= 0.209s status=ok active=2
[  36.358s] SEND #00225 table=page_000626_table_box_id_4 lag=   0.7ms active=3
[  36.511s] SEND #00226 table=page_001232_table_box_id_1 lag=   0.8ms active=4
[  36.672s] RECV #00224 table=page_001189_table_box_id_3 request= 0.550s scheduled= 0.551s status=ok active=3
[  36.818s] SEND #00227 table=page_000932_table_3 lag=   1.0ms active=4
[  36.894s] SEND #00228 table=page_000250_table_box-stnne6dt lag=   0.4ms active=5
[  36.964s] SEND #00229 table=page_000253_table_box_id_7 lag=   0.9ms active=6
[  37.021s] SEND #00230 table=page_001367_table_70 lag=   0.2ms active=7
[  37.218s] RECV #00226 table=page_001232_table_box_id_1 request= 0.706s scheduled= 0.707s status=ok active=6
[  37.316s] RECV #00227 table=page_000932_table_3 request= 0.498s scheduled= 0.499s status=ok active=5
[  37.357s] SEND #00231 table=page_000285_table_box_id_1 lag=   0.2ms active=6
[  37.361s] RECV #00229 table=page_000253_table_box_id_7 request= 0.397s scheduled= 0.398s status=ok active=5
[  37.512s] SEND #00232 table=page_000665_table_7 lag=   0.8ms active=6
[  37.556s] RECV #00232 table=page_000665_table_7 request= 0.044s scheduled= 0.045s status=ok active=5
[  37.595s] RECV #00230 table=page_001367_table_70 request= 0.575s scheduled= 0.575s status=ok active=4
[  37.659s] RECV #00206 table=page_000286_table_box_id_1 request= 5.750s scheduled= 5.751s status=ok active=3
[  38.027s] SEND #00233 table=page_000266_table_box_id_5 lag=   0.8ms active=4
[  38.300s] RECV #00233 table=page_000266_table_box_id_5 request= 0.274s scheduled= 0.274s status=ok active=3
[  38.391s] SEND #00234 table=page_000256_table_box_id_3 lag=   1.0ms active=4
[  38.415s] SEND #00235 table=page_000509_table_0 lag=   0.7ms active=5
[  38.548s] SEND #00236 table=page_001432_table_20 lag=   0.3ms active=6
[  38.567s] SEND #00237 table=page_000519_table_8 lag=   1.6ms active=7
[  38.573s] SEND #00238 table=page_001175_table_2 lag=   0.6ms active=8
[  38.586s] SEND #00239 table=page_000647_table_2 lag=   0.7ms active=9
[  38.855s] RECV #00228 table=page_000250_table_box-stnne6dt request= 1.961s scheduled= 1.961s status=ok active=8
[  38.916s] RECV #00236 table=page_001432_table_20 request= 0.368s scheduled= 0.369s status=ok active=7
[  38.919s] RECV #00239 table=page_000647_table_2 request= 0.334s scheduled= 0.334s status=ok active=6
[  38.921s] SEND #00240 table=page_001181_table_6 lag=   0.3ms active=7
[  39.163s] RECV #00234 table=page_000256_table_box_id_3 request= 0.773s scheduled= 0.773s status=ok active=6
[  39.179s] SEND #00241 table=page_001147_table_8 lag=   0.6ms active=7
[  39.281s] RECV #00237 table=page_000519_table_8 request= 0.714s scheduled= 0.716s status=ok active=6
[  39.474s] SEND #00242 table=page_001368_table_box_id_280 lag=   1.0ms active=7
[  39.516s] RECV #00242 table=page_001368_table_box_id_280 request= 0.043s scheduled= 0.044s status=ok active=6
[  39.544s] SEND #00243 table=page_001637_table_5 lag=   1.4ms active=7
[  39.637s] RECV #00238 table=page_001175_table_2 request= 1.064s scheduled= 1.065s status=ok active=6
[  39.650s] RECV #00243 table=page_001637_table_5 request= 0.107s scheduled= 0.108s status=ok active=5
[  39.702s] SEND #00244 table=page_001276_table_2 lag=   0.4ms active=6
[  39.720s] RECV #00225 table=page_000626_table_box_id_4 request= 3.362s scheduled= 3.363s status=ok active=5
[  39.956s] SEND #00245 table=page_001225_table_14 lag=   0.9ms active=6
[  40.032s] RECV #00231 table=page_000285_table_box_id_1 request= 2.674s scheduled= 2.675s status=ok active=5
[  40.035s] SEND #00246 table=page_001231_table_5 lag=   1.1ms active=6
[  40.104s] RECV #00235 table=page_000509_table_0 request= 1.690s scheduled= 1.690s status=ok active=5
[  40.177s] SEND #00247 table=page_000496_table_3 lag=   1.4ms active=6
[  40.218s] SEND #00248 table=page_000210_table_box_id_4 lag=   0.9ms active=7
[  40.234s] SEND #00249 table=page_000918_table_5 lag=   2.0ms active=8
[  40.285s] SEND #00250 table=page_000253_table_box_id_2 lag=   1.1ms active=9
[  40.479s] RECV #00245 table=page_001225_table_14 request= 0.523s scheduled= 0.524s status=ok active=8
[  40.554s] RECV #00249 table=page_000918_table_5 request= 0.320s scheduled= 0.322s status=ok active=7
[  40.587s] RECV #00241 table=page_001147_table_8 request= 1.408s scheduled= 1.408s status=ok active=6
[  40.617s] RECV #00248 table=page_000210_table_box_id_4 request= 0.398s scheduled= 0.399s status=ok active=5
[  40.654s] SEND #00251 table=page_000286_table_box_id_1 lag=   1.5ms active=6
[  40.792s] SEND #00252 table=page_001403_table_9 lag=   0.9ms active=7
[  41.057s] RECV #00252 table=page_001403_table_9 request= 0.265s scheduled= 0.266s status=ok active=6
[  41.118s] RECV #00240 table=page_001181_table_6 request= 2.197s scheduled= 2.197s status=ok active=5
[  41.143s] RECV #00250 table=page_000253_table_box_id_2 request= 0.858s scheduled= 0.859s status=ok active=4
[  41.224s] SEND #00253 table=page_000640_table_8 lag=   1.2ms active=5
[  41.326s] SEND #00254 table=page_000545_table_14 lag=   0.9ms active=6
[  41.379s] SEND #00255 table=page_000243_table_box-xkm41jlm lag=   0.5ms active=7
[  41.518s] RECV #00247 table=page_000496_table_3 request= 1.341s scheduled= 1.343s status=ok active=6
[  41.638s] SEND #00256 table=page_000223_table_box_id_4 lag=   1.3ms active=7
[  41.639s] RECV #00254 table=page_000545_table_14 request= 0.313s scheduled= 0.314s status=ok active=6
[  41.745s] RECV #00256 table=page_000223_table_box_id_4 request= 0.107s scheduled= 0.108s status=ok active=5
[  41.761s] RECV #00255 table=page_000243_table_box-xkm41jlm request= 0.382s scheduled= 0.382s status=ok active=4
[  41.931s] SEND #00257 table=page_000240_table_box_id_9 lag=   0.9ms active=5
[  41.932s] SEND #00258 table=page_000206_table_box_id_1 lag=   0.6ms active=6
[  42.117s] SEND #00259 table=page_000649_table_8 lag=   0.4ms active=7
[  42.134s] SEND #00260 table=page_000946_table_14 lag=   1.0ms active=8
[  42.154s] SEND #00261 table=page_000268_table_box_id_6 lag=   0.4ms active=9
[  42.260s] RECV #00253 table=page_000640_table_8 request= 1.036s scheduled= 1.037s status=ok active=8
[  42.453s] RECV #00260 table=page_000946_table_14 request= 0.319s scheduled= 0.320s status=ok active=7
[  42.511s] RECV #00259 table=page_000649_table_8 request= 0.394s scheduled= 0.394s status=ok active=6
[  42.514s] SEND #00262 table=page_000763_table_2 lag=   0.3ms active=7
[  42.522s] SEND #00263 table=page_001368_table_box_id_227 lag=   1.1ms active=8
[  42.567s] SEND #00264 table=page_000715_table_2 lag=   1.0ms active=9
[  42.629s] RECV #00262 table=page_000763_table_2 request= 0.115s scheduled= 0.115s status=ok active=8
[  42.670s] RECV #00261 table=page_000268_table_box_id_6 request= 0.517s scheduled= 0.517s status=ok active=7
[  42.688s] RECV #00257 table=page_000240_table_box_id_9 request= 0.757s scheduled= 0.758s status=ok active=6
[  42.749s] RECV #00258 table=page_000206_table_box_id_1 request= 0.817s scheduled= 0.817s status=ok active=5
[  42.767s] RECV #00264 table=page_000715_table_2 request= 0.199s scheduled= 0.200s status=ok active=4
[  42.827s] RECV #00246 table=page_001231_table_5 request= 2.791s scheduled= 2.792s status=ok active=3
[  43.138s] RECV #00263 table=page_001368_table_box_id_227 request= 0.617s scheduled= 0.618s status=ok active=2
[  43.306s] SEND #00265 table=page_001199_table_15 lag=   0.3ms active=3
[  43.398s] SEND #00266 table=page_001172_table_16 lag=   1.0ms active=4
[  43.418s] SEND #00267 table=page_001166_table_9 lag=   0.4ms active=5
[  43.448s] SEND #00268 table=page_001178_table_0 lag=   0.7ms active=6
[  43.494s] SEND #00269 table=page_001403_table_9 lag=   0.4ms active=7
[  43.722s] SEND #00270 table=page_000542_table_0 lag=   1.2ms active=8
[  43.740s] SEND #00271 table=page_000447_table_12 lag=   0.9ms active=9
[  43.895s] RECV #00269 table=page_001403_table_9 request= 0.401s scheduled= 0.401s status=ok active=8
[  43.960s] RECV #00267 table=page_001166_table_9 request= 0.542s scheduled= 0.543s status=ok active=7
[  44.060s] RECV #00266 table=page_001172_table_16 request= 0.663s scheduled= 0.664s status=ok active=6
[  44.077s] RECV #00265 table=page_001199_table_15 request= 0.771s scheduled= 0.771s status=ok active=5
[  44.142s] SEND #00272 table=page_001432_table_3 lag=   0.3ms active=6
[  44.222s] SEND #00273 table=page_001011_table_30 lag=   0.8ms active=7
[  44.375s] RECV #00272 table=page_001432_table_3 request= 0.233s scheduled= 0.233s status=ok active=6
[  44.377s] RECV #00271 table=page_000447_table_12 request= 0.637s scheduled= 0.638s status=ok active=5
[  44.511s] RECV #00270 table=page_000542_table_0 request= 0.789s scheduled= 0.790s status=ok active=4
[  44.748s] RECV #00244 table=page_001276_table_2 request= 5.046s scheduled= 5.047s status=ok active=3
[  44.809s] SEND #00274 table=page_000933_table_10 lag=   2.1ms active=4
[  45.009s] RECV #00274 table=page_000933_table_10 request= 0.200s scheduled= 0.202s status=ok active=3
[  45.110s] RECV #00268 table=page_001178_table_0 request= 1.661s scheduled= 1.662s status=ok active=2
[  45.207s] SEND #00275 table=page_000519_table_1 lag=   0.7ms active=3
[  45.265s] SEND #00276 table=page_001197_table_3 lag=   0.5ms active=4
[  45.314s] SEND #00277 table=page_000832_table_4 lag=   0.8ms active=5
[  45.369s] RECV #00273 table=page_001011_table_30 request= 1.147s scheduled= 1.148s status=ok active=4
[  45.422s] SEND #00278 table=page_000683_table_5 lag=   0.8ms active=5
[  45.440s] SEND #00279 table=page_000927_table_2 lag=   0.9ms active=6
[  45.617s] SEND #00280 table=page_001156_table_6 lag=   2.0ms active=7
[  45.623s] SEND #00281 table=page_000660_table_4 lag=   1.1ms active=8
[  45.625s] SEND #00282 table=page_000205_table_box_id_13 lag=   1.0ms active=9
[  45.632s] RECV #00278 table=page_000683_table_5 request= 0.210s scheduled= 0.210s status=ok active=8
[  45.800s] RECV #00277 table=page_000832_table_4 request= 0.486s scheduled= 0.487s status=ok active=7
[  45.878s] RECV #00281 table=page_000660_table_4 request= 0.256s scheduled= 0.257s status=ok active=6
[  45.895s] RECV #00279 table=page_000927_table_2 request= 0.455s scheduled= 0.456s status=ok active=5
[  46.168s] RECV #00275 table=page_000519_table_1 request= 0.960s scheduled= 0.961s status=ok active=4
[  46.262s] RECV #00251 table=page_000286_table_box_id_1 request= 5.608s scheduled= 5.609s status=ok active=3
[  46.267s] RECV #00282 table=page_000205_table_box_id_13 request= 0.643s scheduled= 0.644s status=ok active=2
[  46.300s] SEND #00283 table=page_000503_table_1 lag=   1.0ms active=3
[  46.320s] RECV #00280 table=page_001156_table_6 request= 0.703s scheduled= 0.705s status=ok active=2
[  46.358s] SEND #00284 table=page_000532_table_5 lag=   0.6ms active=3
[  46.509s] SEND #00285 table=page_000276_table_box_id_5 lag=   1.1ms active=4
[  46.608s] SEND #00286 table=page_000683_table_8 lag=   0.5ms active=5
[  46.671s] SEND #00287 table=page_000665_table_7 lag=   0.7ms active=6
[  46.682s] SEND #00288 table=page_001356_table_3 lag=   0.5ms active=7
[  46.816s] RECV #00287 table=page_000665_table_7 request= 0.145s scheduled= 0.146s status=ok active=6
[  46.874s] RECV #00286 table=page_000683_table_8 request= 0.266s scheduled= 0.266s status=ok active=5
[  46.909s] RECV #00284 table=page_000532_table_5 request= 0.551s scheduled= 0.552s status=ok active=4
[  47.003s] RECV #00288 table=page_001356_table_3 request= 0.321s scheduled= 0.322s status=ok active=3
[  47.090s] SEND #00289 table=page_001368_table_box_id_161 lag=   0.6ms active=4
[  47.339s] RECV #00283 table=page_000503_table_1 request= 1.039s scheduled= 1.040s status=ok active=3
[  47.548s] RECV #00289 table=page_001368_table_box_id_161 request= 0.458s scheduled= 0.459s status=ok active=2
[  47.674s] SEND #00290 table=page_000451_table_7 lag=   1.1ms active=3
[  48.115s] RECV #00276 table=page_001197_table_3 request= 2.849s scheduled= 2.850s status=ok active=2
[  48.256s] SEND #00291 table=page_000205_table_box_id_11 lag=   0.7ms active=3
[  48.276s] SEND #00292 table=page_001357_table_3 lag=   0.7ms active=4
[  48.317s] SEND #00293 table=page_000696_table_0 lag=   1.1ms active=5
[  48.477s] SEND #00294 table=page_000222_table_box_id_3 lag=   0.9ms active=6
[  48.638s] RECV #00292 table=page_001357_table_3 request= 0.362s scheduled= 0.363s status=ok active=5
[  48.801s] RECV #00293 table=page_000696_table_0 request= 0.484s scheduled= 0.485s status=ok active=4
[  48.911s] RECV #00291 table=page_000205_table_box_id_11 request= 0.655s scheduled= 0.656s status=ok active=3
[  49.012s] RECV #00290 table=page_000451_table_7 request= 1.338s scheduled= 1.339s status=ok active=2
[  49.012s] RECV #00294 table=page_000222_table_box_id_3 request= 0.535s scheduled= 0.536s status=ok active=1
[  49.129s] SEND #00295 table=page_000266_table_box_id_11 lag=   1.1ms active=2
[  49.259s] SEND #00296 table=page_000259_table_box_id_1 lag=   0.5ms active=3
[  49.396s] RECV #00295 table=page_000266_table_box_id_11 request= 0.267s scheduled= 0.269s status=ok active=2
[  49.453s] SEND #00297 table=page_001184_table_10 lag=   0.3ms active=3
[  49.589s] RECV #00297 table=page_001184_table_10 request= 0.136s scheduled= 0.136s status=ok active=2
[  49.634s] SEND #00298 table=page_000742_table_5 lag=   1.1ms active=3
[  49.684s] SEND #00299 table=page_001166_table_5 lag=   1.0ms active=4
[  49.814s] SEND #00300 table=page_000270_table_box_id_0 lag=   0.9ms active=5
[  49.875s] SEND #00301 table=page_000295_table_box_id_1 lag=   1.1ms active=6
[  49.922s] SEND #00302 table=page_000934_table_1 lag=   0.8ms active=7
[  49.937s] SEND #00303 table=page_000200_table_box_id_2 lag=   1.4ms active=8
[  49.991s] SEND #00304 table=page_001121_table_10 lag=   0.4ms active=9
[  50.248s] RECV #00299 table=page_001166_table_5 request= 0.564s scheduled= 0.565s status=ok active=8
[  50.345s] RECV #00302 table=page_000934_table_1 request= 0.422s scheduled= 0.423s status=ok active=7
[  50.419s] RECV #00298 table=page_000742_table_5 request= 0.785s scheduled= 0.786s status=ok active=6
[  50.635s] RECV #00303 table=page_000200_table_box_id_2 request= 0.698s scheduled= 0.700s status=ok active=5
[  50.674s] SEND #00305 table=page_000268_table_box_id_4 lag=   0.3ms active=6
[  50.774s] SEND #00306 table=page_000212_table_box_id_1 lag=   1.1ms active=7
[  50.950s] SEND #00307 table=page_000292_table_box_id_1 lag=   1.3ms active=8
[  51.121s] SEND #00308 table=page_000010_table_box_id_1 lag=   0.4ms active=9
[  51.123s] RECV #00296 table=page_000259_table_box_id_1 request= 1.864s scheduled= 1.864s status=ok active=8
[  51.267s] RECV #00305 table=page_000268_table_box_id_4 request= 0.593s scheduled= 0.594s status=ok active=7
[  51.392s] RECV #00308 table=page_000010_table_box_id_1 request= 0.272s scheduled= 0.272s status=ok active=6
[  51.497s] RECV #00304 table=page_001121_table_10 request= 1.506s scheduled= 1.506s status=ok active=5
[  51.592s] SEND #00309 table=page_001494_table_9 lag=   1.0ms active=6
[  51.674s] SEND #00310 table=page_000505_table_1 lag=   0.3ms active=7
[  51.736s] SEND #00311 table=page_001637_table_4 lag=   1.1ms active=8
[  51.802s] SEND #00312 table=page_000288_table_box_id_1 lag=   0.7ms active=9
[  51.865s] SEND #00313 table=page_001170_table_7 lag=   0.2ms active=10
[  51.881s] RECV #00309 table=page_001494_table_9 request= 0.289s scheduled= 0.290s status=ok active=9
[  51.985s] RECV #00311 table=page_001637_table_4 request= 0.249s scheduled= 0.250s status=ok active=8
[  52.145s] RECV #00285 table=page_000276_table_box_id_5 request= 5.636s scheduled= 5.637s status=ok active=7
[  52.178s] SEND #00314 table=page_001223_table_9 lag=   0.7ms active=8
[  52.375s] RECV #00313 table=page_001170_table_7 request= 0.511s scheduled= 0.511s status=ok active=7
[  52.430s] RECV #00306 table=page_000212_table_box_id_1 request= 1.656s scheduled= 1.657s status=ok active=6
[  52.551s] SEND #00315 table=page_001223_table_9 lag=   0.7ms active=7
[  52.612s] SEND #00316 table=page_000106_table_box_id_4 lag=   1.5ms active=8
[  52.679s] SEND #00317 table=page_000754_table_7 lag=   0.3ms active=9
[  52.804s] RECV #00316 table=page_000106_table_box_id_4 request= 0.192s scheduled= 0.193s status=ok active=8
[  52.810s] SEND #00318 table=page_001368_table_box_id_268 lag=   0.9ms active=9
[  52.955s] SEND #00319 table=page_000239_table_box_id_7 lag=   1.4ms active=10
[  52.991s] RECV #00317 table=page_000754_table_7 request= 0.313s scheduled= 0.313s status=ok active=9
[  53.026s] RECV #00318 table=page_001368_table_box_id_268 request= 0.216s scheduled= 0.217s status=ok active=8
[  53.105s] SEND #00320 table=page_001141_table_13 lag=   0.7ms active=9
[  53.152s] SEND #00321 table=page_000984_table_2 lag=   0.5ms active=10
[  53.156s] SEND #00322 table=page_001227_table_10 lag=   0.8ms active=11
[  53.202s] SEND #00323 table=page_001342_table_2 lag=   0.4ms active=12
[  53.204s] RECV #00300 table=page_000270_table_box_id_0 request= 3.390s scheduled= 3.390s status=ok active=11
[  53.214s] SEND #00324 table=page_000147_table_box_id_3 lag=   0.2ms active=12
[  53.278s] RECV #00319 table=page_000239_table_box_id_7 request= 0.323s scheduled= 0.325s status=ok active=11
[  53.349s] SEND #00325 table=page_000832_table_4 lag=   1.1ms active=12
[  53.360s] SEND #00326 table=page_000710_table_9 lag=   0.6ms active=13
[  53.362s] RECV #00310 table=page_000505_table_1 request= 1.688s scheduled= 1.688s status=ok active=12
[  53.362s] RECV #00321 table=page_000984_table_2 request= 0.210s scheduled= 0.211s status=ok active=11
[  53.374s] SEND #00327 table=page_000937_table_0 lag=   0.6ms active=12
[  53.542s] SEND #00328 table=page_000566_table_3 lag=   0.6ms active=13
[  53.599s] SEND #00329 table=page_001242_table_4 lag=   0.3ms active=14
[  53.861s] SEND #00330 table=page_001408_table_16 lag=   0.5ms active=15
[  53.906s] RECV #00314 table=page_001223_table_9 request= 1.728s scheduled= 1.729s status=ok active=14
[  53.934s] RECV #00320 table=page_001141_table_13 request= 0.828s scheduled= 0.829s status=ok active=13
[  53.974s] SEND #00331 table=page_000789_table_34 lag=   0.6ms active=14
[  53.989s] RECV #00324 table=page_000147_table_box_id_3 request= 0.775s scheduled= 0.775s status=ok active=13
[  54.103s] RECV #00325 table=page_000832_table_4 request= 0.754s scheduled= 0.756s status=ok active=12
[  54.209s] RECV #00326 table=page_000710_table_9 request= 0.848s scheduled= 0.849s status=ok active=11
[  54.305s] SEND #00332 table=page_000147_table_box_id_3 lag=   0.6ms active=12
[  54.316s] RECV #00323 table=page_001342_table_2 request= 1.114s scheduled= 1.114s status=ok active=11
[  54.333s] SEND #00333 table=page_001174_table_box_id_2 lag=   1.1ms active=12
[  54.449s] SEND #00334 table=page_000633_table_5 lag=   0.9ms active=13
[  54.520s] RECV #00315 table=page_001223_table_9 request= 1.968s scheduled= 1.969s status=ok active=12
[  54.566s] RECV #00330 table=page_001408_table_16 request= 0.705s scheduled= 0.706s status=ok active=11
[  54.622s] RECV #00327 table=page_000937_table_0 request= 1.248s scheduled= 1.249s status=ok active=10
[  54.656s] RECV #00331 table=page_000789_table_34 request= 0.682s scheduled= 0.682s status=ok active=9
[  54.713s] SEND #00335 table=page_001368_table_box_id_273 lag=   0.6ms active=10
[  54.728s] SEND #00336 table=page_000207_table_box_id_1 lag=   1.9ms active=11
[  54.739s] RECV #00332 table=page_000147_table_box_id_3 request= 0.434s scheduled= 0.434s status=ok active=10
[  54.823s] RECV #00329 table=page_001242_table_4 request= 1.225s scheduled= 1.225s status=ok active=9
[  54.967s] RECV #00335 table=page_001368_table_box_id_273 request= 0.254s scheduled= 0.255s status=ok active=8
[  55.202s] RECV #00307 table=page_000292_table_box_id_1 request= 4.252s scheduled= 4.253s status=ok active=7
[  55.207s] RECV #00333 table=page_001174_table_box_id_2 request= 0.873s scheduled= 0.874s status=ok active=6
[  55.223s] SEND #00337 table=page_001117_table_box_id_7 lag=   0.5ms active=7
[  55.255s] SEND #00338 table=page_001147_table_5 lag=   0.5ms active=8
[  55.460s] RECV #00328 table=page_000566_table_3 request= 1.919s scheduled= 1.919s status=ok active=7
[  55.504s] SEND #00339 table=page_001398_table_box-bfny2f1z lag=   0.2ms active=8
[  55.571s] RECV #00337 table=page_001117_table_box_id_7 request= 0.348s scheduled= 0.348s status=ok active=7
[  55.708s] RECV #00322 table=page_001227_table_10 request= 2.552s scheduled= 2.553s status=ok active=6
[  55.967s] RECV #00339 table=page_001398_table_box-bfny2f1z request= 0.463s scheduled= 0.463s status=ok active=5
[  56.205s] SEND #00340 table=page_000292_table_box_id_2 lag=   2.2ms active=6
[  56.341s] RECV #00336 table=page_000207_table_box_id_1 request= 1.614s scheduled= 1.615s status=ok active=5
[  56.491s] SEND #00341 table=page_001144_table_11 lag=   1.1ms active=6
[  56.555s] SEND #00342 table=page_000661_table_4 lag=   0.7ms active=7
[  56.574s] SEND #00343 table=page_000984_table_2 lag=   1.6ms active=8
[  56.668s] RECV #00342 table=page_000661_table_4 request= 0.113s scheduled= 0.114s status=ok active=7
[  56.695s] SEND #00344 table=page_001155_table_4 lag=   1.7ms active=8
[  56.701s] RECV #00343 table=page_000984_table_2 request= 0.127s scheduled= 0.128s status=ok active=7
[  56.841s] RECV #00344 table=page_001155_table_4 request= 0.146s scheduled= 0.148s status=ok active=6
[  57.085s] RECV #00301 table=page_000295_table_box_id_1 request= 7.210s scheduled= 7.211s status=ok active=5
[  57.113s] SEND #00345 table=page_001368_table_box_id_239 lag=   0.4ms active=6
[  57.117s] RECV #00334 table=page_000633_table_5 request= 2.667s scheduled= 2.668s status=ok active=5
[  57.161s] RECV #00341 table=page_001144_table_11 request= 0.670s scheduled= 0.671s status=ok active=4
[  57.171s] SEND #00346 table=page_001367_table_60 lag=   0.5ms active=5
[  57.388s] RECV #00345 table=page_001368_table_box_id_239 request= 0.274s scheduled= 0.275s status=ok active=4
[  57.545s] SEND #00347 table=page_000758_table_21 lag=   0.7ms active=5
[  57.571s] SEND #00348 table=page_000253_table_box_id_7 lag=   0.9ms active=6
[  57.681s] RECV #00347 table=page_000758_table_21 request= 0.136s scheduled= 0.136s status=ok active=5
[  57.806s] RECV #00338 table=page_001147_table_5 request= 2.551s scheduled= 2.552s status=ok active=4
[  57.862s] RECV #00340 table=page_000292_table_box_id_2 request= 1.657s scheduled= 1.659s status=ok active=3
[  57.883s] RECV #00348 table=page_000253_table_box_id_7 request= 0.313s scheduled= 0.313s status=ok active=2
[  57.973s] SEND #00349 table=page_000866_table_10 lag=   0.6ms active=3
[  57.978s] SEND #00350 table=page_000534_table_3 lag=   0.9ms active=4
[  58.041s] SEND #00351 table=page_000446_table_3 lag=   0.3ms active=5
[  58.090s] RECV #00349 table=page_000866_table_10 request= 0.117s scheduled= 0.118s status=ok active=4
[  58.277s] RECV #00350 table=page_000534_table_3 request= 0.298s scheduled= 0.299s status=ok active=3
[  58.430s] SEND #00352 table=page_000673_table_1 lag=   0.5ms active=4
[  58.641s] RECV #00352 table=page_000673_table_1 request= 0.211s scheduled= 0.212s status=ok active=3
[  58.702s] SEND #00353 table=page_001200_table_2 lag=   0.6ms active=4
[  58.777s] RECV #00312 table=page_000288_table_box_id_1 request= 6.975s scheduled= 6.976s status=ok active=3
[  59.098s] SEND #00354 table=page_000230_table_box_id_7 lag=   0.9ms active=4
[  59.405s] SEND #00355 table=page_001183_table_11 lag=   1.0ms active=5
[  59.633s] SEND #00356 table=page_000248_table_box_id_1 lag=   0.6ms active=6
[  59.828s] SEND #00357 table=page_000531_table_5 lag=   0.7ms active=7
[  59.836s] RECV #00355 table=page_001183_table_11 request= 0.431s scheduled= 0.432s status=ok active=6
[  59.860s] SEND #00358 table=page_001131_table_15 lag=   0.3ms active=7
[  59.955s] SEND #00359 table=page_000824_table_0 lag=   0.7ms active=8
[  59.984s] SEND #00360 table=page_000225_table_box_id_9 lag=   0.8ms active=9
[  60.194s] SEND #00361 table=page_000241_table_box_id_2 lag=   1.6ms active=10
[  60.241s] RECV #00358 table=page_001131_table_15 request= 0.381s scheduled= 0.381s status=ok active=9
[  60.376s] SEND #00362 table=page_001132_table_box_id_10 lag=   0.5ms active=10
[  60.425s] SEND #00363 table=page_001368_table_box_id_255 lag=   0.7ms active=11
[  60.436s] SEND #00364 table=page_000011_table_box_id_1 lag=   0.3ms active=12
[  60.500s] RECV #00357 table=page_000531_table_5 request= 0.672s scheduled= 0.673s status=ok active=11
[  60.579s] RECV #00356 table=page_000248_table_box_id_1 request= 0.946s scheduled= 0.946s status=ok active=10
[  60.617s] RECV #00360 table=page_000225_table_box_id_9 request= 0.633s scheduled= 0.634s status=ok active=9
[  60.695s] RECV #00359 table=page_000824_table_0 request= 0.740s scheduled= 0.741s status=ok active=8
[  60.870s] RECV #00346 table=page_001367_table_60 request= 3.699s scheduled= 3.699s status=ok active=7
[  60.916s] RECV #00363 table=page_001368_table_box_id_255 request= 0.491s scheduled= 0.492s status=ok active=6
[  60.933s] RECV #00353 table=page_001200_table_2 request= 2.231s scheduled= 2.231s status=ok active=5
[  60.987s] SEND #00365 table=page_001148_table_3 lag=   0.6ms active=6
[  60.997s] RECV #00354 table=page_000230_table_box_id_7 request= 1.898s scheduled= 1.899s status=ok active=5
[  61.004s] RECV #00361 table=page_000241_table_box_id_2 request= 0.810s scheduled= 0.812s status=ok active=4
[  61.262s] SEND #00366 table=page_001499_table_12 lag=   0.5ms active=5
[  61.395s] SEND #00367 table=page_000499_table_0 lag=   0.5ms active=6
[  61.525s] SEND #00368 table=page_001130_table_13 lag=   0.5ms active=7
[  61.541s] RECV #00362 table=page_001132_table_box_id_10 request= 1.165s scheduled= 1.165s status=ok active=6
[  61.608s] RECV #00351 table=page_000446_table_3 request= 3.567s scheduled= 3.568s status=ok active=5
[  61.627s] RECV #00364 table=page_000011_table_box_id_1 request= 1.191s scheduled= 1.191s status=ok active=4
[  61.690s] RECV #00368 table=page_001130_table_13 request= 0.165s scheduled= 0.166s status=ok active=3
[  61.813s] RECV #00366 table=page_001499_table_12 request= 0.551s scheduled= 0.552s status=ok active=2
[  61.843s] SEND #00369 table=page_001139_table_5 lag=   0.6ms active=3
[  61.944s] SEND #00370 table=page_000263_table_box_id_7 lag=   1.1ms active=4
[  62.028s] SEND #00371 table=page_000278_table_box_id_1 lag=   1.0ms active=5
[  62.097s] SEND #00372 table=page_000516_table_0 lag=   1.0ms active=6
[  62.145s] SEND #00373 table=page_001191_table_2 lag=   0.2ms active=7
[  62.150s] SEND #00374 table=page_000243_table_box-xkm41jlm lag=   0.4ms active=8
[  62.151s] RECV #00367 table=page_000499_table_0 request= 0.756s scheduled= 0.757s status=ok active=7
[  62.323s] SEND #00375 table=page_000298_table_5 lag=   0.4ms active=8
[  62.413s] SEND #00376 table=page_000280_table_box_id_1 lag=   0.6ms active=9
[  62.555s] SEND #00377 table=page_001637_table_5 lag=   1.3ms active=10
[  62.565s] SEND #00378 table=page_001368_table_box_id_220 lag=   1.2ms active=11
[  62.633s] RECV #00373 table=page_001191_table_2 request= 0.487s scheduled= 0.487s status=ok active=10
[  62.638s] SEND #00379 table=page_001368_table_box_id_237 lag=   1.0ms active=11
[  62.663s] SEND #00380 table=page_001167_table_8 lag=   0.8ms active=12
[  62.685s] SEND #00381 table=page_000234_table_box_id_5 lag=   0.2ms active=13
[  62.734s] SEND #00382 table=page_000932_table_3 lag=   0.2ms active=14
[  62.783s] RECV #00374 table=page_000243_table_box-xkm41jlm request= 0.633s scheduled= 0.633s status=ok active=13
[  62.879s] RECV #00377 table=page_001637_table_5 request= 0.324s scheduled= 0.325s status=ok active=12
[  63.029s] SEND #00383 table=page_000244_table_box_id_8 lag=   0.7ms active=13
[  63.060s] RECV #00375 table=page_000298_table_5 request= 0.737s scheduled= 0.737s status=ok active=12
[  63.080s] RECV #00378 table=page_001368_table_box_id_220 request= 0.515s scheduled= 0.516s status=ok active=11
[  63.114s] SEND #00384 table=page_000226_table_box_id_0 lag=   0.6ms active=12
[  63.199s] SEND #00385 table=page_001503_table_5 lag=   0.9ms active=13
[  63.289s] RECV #00365 table=page_001148_table_3 request= 2.302s scheduled= 2.303s status=ok active=12
[  63.358s] SEND #00386 table=page_001368_table_box_id_273 lag=   1.2ms active=13
[  63.401s] SEND #00387 table=page_000514_table_6 lag=   0.6ms active=14
[  63.402s] SEND #00388 table=page_001193_table_4 lag=   0.1ms active=15
[  63.413s] RECV #00380 table=page_001167_table_8 request= 0.750s scheduled= 0.751s status=ok active=14
[  63.501s] RECV #00379 table=page_001368_table_box_id_237 request= 0.863s scheduled= 0.864s status=ok active=13
[  63.529s] SEND #00389 table=page_000268_table_box_id_4 lag=   1.1ms active=14
[  63.644s] SEND #00390 table=page_000911_table_box_id_5 lag=   1.1ms active=15
[  63.752s] RECV #00382 table=page_000932_table_3 request= 1.017s scheduled= 1.017s status=ok active=14
[  63.818s] SEND #00391 table=page_000603_table_7 lag=   0.4ms active=15
[  63.911s] RECV #00372 table=page_000516_table_0 request= 1.814s scheduled= 1.815s status=ok active=14
[  63.914s] SEND #00392 table=page_001189_table_box_id_2 lag=   0.5ms active=15
[  64.032s] RECV #00385 table=page_001503_table_5 request= 0.832s scheduled= 0.833s status=ok active=14
[  64.058s] RECV #00383 table=page_000244_table_box_id_8 request= 1.028s scheduled= 1.029s status=ok active=13
[  64.108s] SEND #00393 table=page_000324_table_0 lag=   1.0ms active=14
[  64.260s] RECV #00386 table=page_001368_table_box_id_273 request= 0.902s scheduled= 0.903s status=ok active=13
[  64.328s] SEND #00394 table=page_000290_table_box_id_1 lag=   2.0ms active=14
[  64.351s] RECV #00384 table=page_000226_table_box_id_0 request= 1.238s scheduled= 1.238s status=ok active=13
[  64.373s] SEND #00395 table=page_000844_table_6 lag=   0.9ms active=14
[  64.478s] RECV #00369 table=page_001139_table_5 request= 2.636s scheduled= 2.636s status=ok active=13
[  64.486s] SEND #00396 table=page_000944_table_0 lag=   0.4ms active=14
[  64.595s] SEND #00397 table=page_001378_table_box_id_1 lag=   0.4ms active=15
[  64.637s] SEND #00398 table=page_000792_table_4 lag=   0.7ms active=16
[  64.726s] SEND #00399 table=page_001187_table_0 lag=   1.1ms active=17
[  64.809s] RECV #00388 table=page_001193_table_4 request= 1.406s scheduled= 1.407s status=ok active=16
[  64.863s] SEND #00400 table=page_000210_table_box_id_0 lag=   1.0ms active=17
[  64.888s] RECV #00390 table=page_000911_table_box_id_5 request= 1.244s scheduled= 1.245s status=ok active=16
[  64.948s] RECV #00389 table=page_000268_table_box_id_4 request= 1.420s scheduled= 1.421s status=ok active=15
[  65.105s] RECV #00387 table=page_000514_table_6 request= 1.704s scheduled= 1.705s status=ok active=14
[  65.225s] RECV #00393 table=page_000324_table_0 request= 1.117s scheduled= 1.118s status=ok active=13
[  65.259s] SEND #00401 table=page_000274_table_box_id_0 lag=   1.1ms active=14
[  65.400s] RECV #00391 table=page_000603_table_7 request= 1.581s scheduled= 1.582s status=ok active=13
[  65.492s] RECV #00392 table=page_001189_table_box_id_2 request= 1.578s scheduled= 1.578s status=ok active=12
[  65.557s] RECV #00381 table=page_000234_table_box_id_5 request= 2.873s scheduled= 2.873s status=ok active=11
[  65.647s] RECV #00398 table=page_000792_table_4 request= 1.010s scheduled= 1.010s status=ok active=10
[  65.675s] SEND #00402 table=page_000221_table_box_id_3 lag=   1.1ms active=11
[  65.729s] SEND #00403 table=page_001121_table_7 lag=   1.2ms active=12
[  65.834s] RECV #00395 table=page_000844_table_6 request= 1.462s scheduled= 1.463s status=ok active=11
[  65.903s] SEND #00404 table=page_000231_table_box_id_2 lag=   1.5ms active=12
[  65.910s] SEND #00405 table=page_000585_table_1 lag=   0.3ms active=13
[  65.923s] SEND #00406 table=page_001398_table_box-13qv1ztw lag=   0.8ms active=14
[  66.043s] SEND #00407 table=page_001035_table_28 lag=   2.1ms active=15
[  66.089s] RECV #00397 table=page_001378_table_box_id_1 request= 1.494s scheduled= 1.495s status=ok active=14
[  66.296s] RECV #00396 table=page_000944_table_0 request= 1.810s scheduled= 1.810s status=ok active=13
[  66.391s] SEND #00408 table=page_000283_table_box_id_1 lag=   0.3ms active=14
[  66.420s] SEND #00409 table=page_000639_table_4 lag=   0.3ms active=15
[  66.469s] RECV #00370 table=page_000263_table_box_id_7 request= 4.525s scheduled= 4.527s status=ok active=14
[  66.580s] RECV #00400 table=page_000210_table_box_id_0 request= 1.717s scheduled= 1.718s status=ok active=13
[  66.662s] SEND #00410 table=page_000522_table_1 lag=   0.3ms active=14
[  66.791s] RECV #00376 table=page_000280_table_box_id_1 request= 4.378s scheduled= 4.379s status=ok active=13
[  66.892s] RECV #00403 table=page_001121_table_7 request= 1.163s scheduled= 1.164s status=ok active=12
[  67.020s] SEND #00411 table=page_000634_table_1 lag=   0.7ms active=13
[  67.083s] SEND #00412 table=page_000641_table_8 lag=   1.1ms active=14
[  67.095s] RECV #00406 table=page_001398_table_box-13qv1ztw request= 1.173s scheduled= 1.174s status=ok active=13
[  67.228s] RECV #00402 table=page_000221_table_box_id_3 request= 1.553s scheduled= 1.554s status=ok active=12
[  67.280s] SEND #00413 table=page_001367_table_73 lag=   1.1ms active=13
[  67.553s] RECV #00401 table=page_000274_table_box_id_0 request= 2.294s scheduled= 2.295s status=ok active=12
[  67.594s] SEND #00414 table=page_000217_table_box_id_0 lag=   0.3ms active=13
[  67.672s] SEND #00415 table=page_001209_table_4 lag=   0.6ms active=14
[  67.798s] RECV #00405 table=page_000585_table_1 request= 1.888s scheduled= 1.888s status=ok active=13
[  67.873s] RECV #00407 table=page_001035_table_28 request= 1.829s scheduled= 1.831s status=ok active=12
[  67.873s] SEND #00416 table=page_000279_table_box-fy04hrwa lag=   0.4ms active=13
[  68.096s] SEND #00417 table=page_000265_table_box_id_3 lag=   1.2ms active=14
[  68.096s] RECV #00410 table=page_000522_table_1 request= 1.434s scheduled= 1.434s status=ok active=13
[  68.165s] RECV #00404 table=page_000231_table_box_id_2 request= 2.263s scheduled= 2.264s status=ok active=12
[  68.246s] SEND #00418 table=page_000520_table_0 lag=   0.6ms active=13
[  68.296s] RECV #00412 table=page_000641_table_8 request= 1.213s scheduled= 1.214s status=ok active=12
[  68.395s] RECV #00413 table=page_001367_table_73 request= 1.116s scheduled= 1.117s status=ok active=11
[  68.558s] RECV #00411 table=page_000634_table_1 request= 1.538s scheduled= 1.538s status=ok active=10
[  68.569s] SEND #00419 table=page_001499_table_12 lag=   1.0ms active=11
[  68.642s] RECV #00415 table=page_001209_table_4 request= 0.971s scheduled= 0.971s status=ok active=10
[  68.764s] RECV #00414 table=page_000217_table_box_id_0 request= 1.170s scheduled= 1.171s status=ok active=9
[  68.912s] RECV #00418 table=page_000520_table_0 request= 0.666s scheduled= 0.667s status=ok active=8
[  68.947s] SEND #00420 table=page_000564_table_7 lag=   0.4ms active=9
[  69.301s] RECV #00409 table=page_000639_table_4 request= 2.881s scheduled= 2.881s status=ok active=8
[  69.381s] RECV #00419 table=page_001499_table_12 request= 0.811s scheduled= 0.812s status=ok active=7
[  69.388s] RECV #00399 table=page_001187_table_0 request= 4.661s scheduled= 4.663s status=ok active=6
[  69.485s] SEND #00421 table=page_001198_table_8 lag=   1.1ms active=7
[  69.625s] SEND #00422 table=page_000219_table_box_id_3 lag=   0.8ms active=8
[  69.657s] SEND #00423 table=page_001011_table_35 lag=   0.4ms active=9
[  69.705s] SEND #00424 table=page_000451_table_10 lag=   0.1ms active=10
[  69.747s] SEND #00425 table=page_001406_table_8 lag=   1.1ms active=11
[  69.773s] RECV #00417 table=page_000265_table_box_id_3 request= 1.677s scheduled= 1.679s status=ok active=10
[  69.812s] RECV #00420 table=page_000564_table_7 request= 0.865s scheduled= 0.866s status=ok active=9
[  69.887s] SEND #00426 table=page_000519_table_1 lag=   0.3ms active=10
[  70.069s] RECV #00423 table=page_001011_table_35 request= 0.412s scheduled= 0.412s status=ok active=9
[  70.124s] SEND #00427 table=page_000201_table_box_id_3 lag=   1.0ms active=10
[  70.132s] SEND #00428 table=page_000927_table_2 lag=   0.7ms active=11
[  70.258s] RECV #00422 table=page_000219_table_box_id_3 request= 0.632s scheduled= 0.633s status=ok active=10
[  70.323s] SEND #00429 table=page_000514_table_6 lag=   1.0ms active=11
[  70.345s] RECV #00371 table=page_000278_table_box_id_1 request= 8.317s scheduled= 8.318s status=ok active=10
[  70.411s] RECV #00421 table=page_001198_table_8 request= 0.926s scheduled= 0.927s status=ok active=9
[  70.534s] SEND #00430 table=page_000800_table_10 lag=   1.3ms active=10
[  70.544s] RECV #00425 table=page_001406_table_8 request= 0.797s scheduled= 0.798s status=ok active=9
[  70.604s] SEND #00431 table=page_000465_table_9 lag=   0.2ms active=10
[  70.700s] RECV #00427 table=page_000201_table_box_id_3 request= 0.577s scheduled= 0.578s status=ok active=9
[  70.726s] SEND #00432 table=page_000940_table_1 lag=   0.9ms active=10
[  70.737s] RECV #00430 table=page_000800_table_10 request= 0.203s scheduled= 0.204s status=ok active=9
[  70.756s] SEND #00433 table=page_001395_table_6 lag=   1.3ms active=10
[  70.790s] RECV #00428 table=page_000927_table_2 request= 0.658s scheduled= 0.659s status=ok active=9
[  70.910s] RECV #00432 table=page_000940_table_1 request= 0.185s scheduled= 0.186s status=ok active=8
[  70.974s] SEND #00434 table=page_000295_table_box_id_1 lag=   0.8ms active=9
[  70.981s] SEND #00435 table=page_000677_table_23 lag=   0.8ms active=10
[  71.196s] RECV #00426 table=page_000519_table_1 request= 1.309s scheduled= 1.309s status=ok active=9
[  71.340s] RECV #00433 table=page_001395_table_6 request= 0.584s scheduled= 0.586s status=ok active=8
[  71.367s] RECV #00431 table=page_000465_table_9 request= 0.763s scheduled= 0.763s status=ok active=7
[  71.401s] RECV #00435 table=page_000677_table_23 request= 0.420s scheduled= 0.421s status=ok active=6
[  71.462s] RECV #00429 table=page_000514_table_6 request= 1.139s scheduled= 1.140s status=ok active=5
[  71.602s] RECV #00424 table=page_000451_table_10 request= 1.897s scheduled= 1.897s status=ok active=4
[  71.643s] SEND #00436 table=page_001137_table_9 lag=   0.3ms active=5
[  71.918s] SEND #00437 table=page_001137_table_10 lag=   0.6ms active=6
[  72.083s] SEND #00438 table=page_000982_table_16 lag=   0.8ms active=7
[  72.135s] SEND #00439 table=page_000938_table_3 lag=   0.8ms active=8
[  72.376s] RECV #00438 table=page_000982_table_16 request= 0.293s scheduled= 0.294s status=ok active=7
[  72.539s] RECV #00439 table=page_000938_table_3 request= 0.404s scheduled= 0.404s status=ok active=6
[  72.541s] SEND #00440 table=page_001145_table_3 lag=   0.1ms active=7
[  72.762s] RECV #00394 table=page_000290_table_box_id_1 request= 8.434s scheduled= 8.436s status=ok active=6
[  73.015s] RECV #00440 table=page_001145_table_3 request= 0.474s scheduled= 0.474s status=ok active=5
[  73.076s] SEND #00441 table=page_000512_table_0 lag=   0.5ms active=6
[  73.101s] SEND #00442 table=page_000536_table_4 lag=   0.5ms active=7
[  73.350s] SEND #00443 table=page_000623_table_7 lag=   1.2ms active=8
[  73.658s] SEND #00444 table=page_001368_table_box_id_229 lag=   1.1ms active=9
[  73.660s] RECV #00416 table=page_000279_table_box-fy04hrwa request= 5.788s scheduled= 5.788s status=ok active=8
[  73.787s] RECV #00442 table=page_000536_table_4 request= 0.686s scheduled= 0.687s status=ok active=7
[  73.791s] RECV #00436 table=page_001137_table_9 request= 2.148s scheduled= 2.149s status=ok active=6
[  73.837s] SEND #00445 table=page_000216_table_box_id_0 lag=   0.2ms active=7
[  74.038s] SEND #00446 table=page_000223_table_box_id_2 lag=   0.4ms active=8
[  74.137s] SEND #00447 table=page_001147_table_5 lag=   1.1ms active=9
[  74.324s] RECV #00444 table=page_001368_table_box_id_229 request= 0.667s scheduled= 0.668s status=ok active=8
[  74.469s] RECV #00408 table=page_000283_table_box_id_1 request= 8.077s scheduled= 8.077s status=ok active=7
[  74.567s] SEND #00448 table=page_000521_table_2 lag=   1.0ms active=8
[  74.615s] RECV #00443 table=page_000623_table_7 request= 1.265s scheduled= 1.266s status=ok active=7
[  74.640s] RECV #00437 table=page_001137_table_10 request= 2.722s scheduled= 2.723s status=ok active=6
[  75.038s] RECV #00441 table=page_000512_table_0 request= 1.963s scheduled= 1.963s status=ok active=5
[  75.159s] SEND #00449 table=page_000755_table_3 lag=   2.1ms active=6
[  75.238s] SEND #00450 table=page_000766_table_2 lag=   0.5ms active=7
[  75.347s] RECV #00449 table=page_000755_table_3 request= 0.188s scheduled= 0.190s status=ok active=6
[  75.460s] RECV #00448 table=page_000521_table_2 request= 0.893s scheduled= 0.894s status=ok active=5
[  75.477s] RECV #00446 table=page_000223_table_box_id_2 request= 1.439s scheduled= 1.440s status=ok active=4
[  75.509s] SEND #00451 table=page_000649_table_3 lag=   0.9ms active=5
[  75.602s] SEND #00452 table=page_000218_table_box_id_4 lag=   0.2ms active=6
[  75.633s] SEND #00453 table=page_000628_table_6 lag=   1.0ms active=7
[  75.699s] SEND #00454 table=page_000267_table_box_id_1 lag=   1.0ms active=8
[  75.721s] SEND #00455 table=page_000838_table_18 lag=   0.5ms active=9
[  76.121s] SEND #00456 table=page_000275_table_box_id_1 lag=   1.3ms active=10
[  76.655s] SEND #00457 table=page_000628_table_14 lag=   1.6ms active=11
[  76.675s] SEND #00458 table=page_000913_table_11 lag=   0.5ms active=12
[  76.829s] SEND #00459 table=page_000214_table_box_id_6 lag=   1.1ms active=13
[  76.893s] RECV #00451 table=page_000649_table_3 request= 1.384s scheduled= 1.385s status=ok active=12
[  76.916s] SEND #00460 table=page_001367_table_69 lag=   0.7ms active=13
[  76.937s] SEND #00461 table=page_000642_table_8 lag=   0.3ms active=14
[  76.974s] RECV #00455 table=page_000838_table_18 request= 1.254s scheduled= 1.254s status=ok active=13
[  76.996s] SEND #00462 table=page_000225_table_box_id_13 lag=   1.1ms active=14
[  77.042s] SEND #00463 table=page_001122_table_2 lag=   0.2ms active=15
[  77.123s] RECV #00447 table=page_001147_table_5 request= 2.986s scheduled= 2.987s status=ok active=14
[  77.274s] SEND #00464 table=page_001493_table_box_id_19 lag=   0.6ms active=15
[  77.274s] SEND #00465 table=page_001157_table_5 lag=   0.7ms active=16
[  77.309s] SEND #00466 table=page_001368_table_box_id_167 lag=   0.5ms active=17
[  77.362s] RECV #00453 table=page_000628_table_6 request= 1.729s scheduled= 1.730s status=ok active=16
[  77.406s] SEND #00467 table=page_000204_table_box_id_6 lag=   0.7ms active=17
[  77.409s] SEND #00468 table=page_001196_table_13 lag=   0.9ms active=18
[  77.455s] RECV #00452 table=page_000218_table_box_id_4 request= 1.852s scheduled= 1.852s status=ok active=17
[  77.575s] SEND #00469 table=page_001131_table_10 lag=   2.1ms active=18
[  77.597s] RECV #00458 table=page_000913_table_11 request= 0.922s scheduled= 0.923s status=ok active=17
[  77.696s] RECV #00457 table=page_000628_table_14 request= 1.041s scheduled= 1.043s status=ok active=16
[  77.729s] SEND #00470 table=page_000255_table_box_id_2 lag=   0.4ms active=17
[  77.885s] RECV #00434 table=page_000295_table_box_id_1 request= 6.911s scheduled= 6.912s status=ok active=16
[  78.031s] SEND #00471 table=page_000702_table_5 lag=   2.1ms active=17
[  78.046s] RECV #00460 table=page_001367_table_69 request= 1.130s scheduled= 1.131s status=ok active=16
[  78.068s] SEND #00472 table=page_000522_table_1 lag=   0.3ms active=17
[  78.124s] SEND #00473 table=page_000506_table_7 lag=   1.1ms active=18
[  78.186s] RECV #00445 table=page_000216_table_box_id_0 request= 4.350s scheduled= 4.350s status=ok active=17
[  78.227s] RECV #00450 table=page_000766_table_2 request= 2.989s scheduled= 2.990s status=ok active=16
[  78.255s] SEND #00474 table=page_000507_table_6 lag=   1.1ms active=17
[  78.309s] SEND #00475 table=page_001419_table_10 lag=   1.8ms active=18
[  78.380s] RECV #00464 table=page_001493_table_box_id_19 request= 1.106s scheduled= 1.107s status=ok active=17
[  78.425s] RECV #00463 table=page_001122_table_2 request= 1.383s scheduled= 1.383s status=ok active=16
[  78.455s] SEND #00476 table=page_001190_table_8 lag=   0.9ms active=17
[  78.502s] SEND #00477 table=page_001140_table_11 lag=   0.6ms active=18
[  78.524s] RECV #00466 table=page_001368_table_box_id_167 request= 1.215s scheduled= 1.215s status=ok active=17
[  78.694s] SEND #00478 table=page_001123_table_14 lag=   0.7ms active=18
[  78.821s] RECV #00465 table=page_001157_table_5 request= 1.547s scheduled= 1.548s status=ok active=17
[  78.901s] RECV #00467 table=page_000204_table_box_id_6 request= 1.495s scheduled= 1.496s status=ok active=16
[  78.956s] SEND #00479 table=page_001183_table_11 lag=   1.0ms active=17
[  78.990s] RECV #00462 table=page_000225_table_box_id_13 request= 1.994s scheduled= 1.995s status=ok active=16
[  79.045s] RECV #00459 table=page_000214_table_box_id_6 request= 2.216s scheduled= 2.217s status=ok active=15
[  79.170s] RECV #00471 table=page_000702_table_5 request= 1.139s scheduled= 1.141s status=ok active=14
[  79.231s] SEND #00480 table=page_000217_table_box_id_0 lag=   1.0ms active=15
[  79.284s] RECV #00454 table=page_000267_table_box_id_1 request= 3.585s scheduled= 3.587s status=ok active=14
[  79.417s] RECV #00472 table=page_000522_table_1 request= 1.349s scheduled= 1.349s status=ok active=13
[  79.502s] RECV #00461 table=page_000642_table_8 request= 2.565s scheduled= 2.566s status=ok active=12
[  79.589s] RECV #00468 table=page_001196_table_13 request= 2.180s scheduled= 2.181s status=ok active=11
[  79.726s] RECV #00469 table=page_001131_table_10 request= 2.151s scheduled= 2.153s status=ok active=10
[  79.819s] RECV #00475 table=page_001419_table_10 request= 1.511s scheduled= 1.513s status=ok active=9
[  79.837s] SEND #00481 table=page_001192_table_2 lag=   0.9ms active=10
[  79.968s] SEND #00482 table=page_000293_table_box_id_1 lag=   0.8ms active=11
[  80.080s] SEND #00483 table=page_000553_table_8 lag=   0.6ms active=12
[  80.129s] RECV #00478 table=page_001123_table_14 request= 1.435s scheduled= 1.435s status=ok active=11
[  80.232s] RECV #00479 table=page_001183_table_11 request= 1.277s scheduled= 1.278s status=ok active=10
[  80.402s] RECV #00474 table=page_000507_table_6 request= 2.148s scheduled= 2.149s status=ok active=9
[  80.403s] SEND #00484 table=page_000213_table_box_id_5 lag=   0.2ms active=10
[  80.564s] RECV #00480 table=page_000217_table_box_id_0 request= 1.333s scheduled= 1.334s status=ok active=9
[  80.647s] SEND #00485 table=page_000262_table_box_id_1 lag=   0.7ms active=10
[  80.674s] RECV #00473 table=page_000506_table_7 request= 2.550s scheduled= 2.551s status=ok active=9
[  80.788s] SEND #00486 table=page_001183_table_12 lag=   0.3ms active=10
[  80.795s] RECV #00476 table=page_001190_table_8 request= 2.340s scheduled= 2.341s status=ok active=9
[  80.869s] SEND #00487 table=page_000903_table_15 lag=   0.9ms active=10
[  80.925s] SEND #00488 table=page_001595_table_box_id_7 lag=   1.1ms active=11
[  80.945s] SEND #00489 table=page_000272_table_box_id_1 lag=   1.8ms active=12
[  81.047s] RECV #00477 table=page_001140_table_11 request= 2.545s scheduled= 2.545s status=ok active=11
[  81.219s] SEND #00490 table=page_000533_table_5 lag=   1.1ms active=12
[  81.239s] SEND #00491 table=page_000920_table_8 lag=   0.8ms active=13
[  81.276s] RECV #00485 table=page_000262_table_box_id_1 request= 0.629s scheduled= 0.629s status=ok active=12
[  81.426s] RECV #00487 table=page_000903_table_15 request= 0.557s scheduled= 0.557s status=ok active=11
[  81.469s] SEND #00492 table=page_001167_table_2 lag=   1.1ms active=12
[  81.514s] RECV #00484 table=page_000213_table_box_id_5 request= 1.112s scheduled= 1.112s status=ok active=11
[  81.600s] SEND #00493 table=page_001127_table_4 lag=   0.5ms active=12
[  81.710s] RECV #00486 table=page_001183_table_12 request= 0.922s scheduled= 0.922s status=ok active=11
[  81.882s] RECV #00483 table=page_000553_table_8 request= 1.802s scheduled= 1.802s status=ok active=10
[  82.047s] RECV #00490 table=page_000533_table_5 request= 0.828s scheduled= 0.830s status=ok active=9
[  82.159s] SEND #00494 table=page_001274_table_4 lag=   0.9ms active=10
[  82.234s] RECV #00491 table=page_000920_table_8 request= 0.994s scheduled= 0.995s status=ok active=9
[  82.365s] RECV #00488 table=page_001595_table_box_id_7 request= 1.440s scheduled= 1.441s status=ok active=8
[  82.397s] SEND #00495 table=page_001129_table_9 lag=   0.4ms active=9
[  82.463s] RECV #00481 table=page_001192_table_2 request= 2.626s scheduled= 2.627s status=ok active=8
[  82.513s] RECV #00470 table=page_000255_table_box_id_2 request= 4.784s scheduled= 4.785s status=ok active=7
[  82.529s] RECV #00492 table=page_001167_table_2 request= 1.060s scheduled= 1.061s status=ok active=6
[  82.841s] RECV #00493 table=page_001127_table_4 request= 1.241s scheduled= 1.242s status=ok active=5
[  82.871s] RECV #00495 table=page_001129_table_9 request= 0.475s scheduled= 0.475s status=ok active=4
[  83.002s] SEND #00496 table=page_000642_table_6 lag=   0.5ms active=5
[  83.027s] SEND #00497 table=page_001179_table_6 lag=   0.8ms active=6
[  83.143s] SEND #00498 table=page_001011_table_18 lag=   1.1ms active=7
[  83.283s] SEND #00499 table=page_000814_table_0 lag=   0.3ms active=8
[  83.346s] SEND #00500 table=page_000246_table_box_id_14 lag=   0.8ms active=9
[  83.385s] RECV #00499 table=page_000814_table_0 request= 0.102s scheduled= 0.102s status=ok active=8
[  83.463s] SEND #00501 table=page_001368_table_box_id_250 lag=   0.9ms active=9
[  83.537s] SEND #00502 table=page_000298_table_5 lag=   1.3ms active=10
[  83.583s] RECV #00498 table=page_001011_table_18 request= 0.441s scheduled= 0.442s status=ok active=9
[  83.584s] RECV #00500 table=page_000246_table_box_id_14 request= 0.238s scheduled= 0.239s status=ok active=8
[  83.661s] SEND #00503 table=page_001130_table_1 lag=   0.7ms active=9
[  83.662s] SEND #00504 table=page_001210_table_4 lag=   1.0ms active=10
[  83.759s] SEND #00505 table=page_000510_table_10 lag=   0.7ms active=11
[  83.859s] SEND #00506 table=page_000593_table_0 lag=   1.0ms active=12
[  83.874s] RECV #00501 table=page_001368_table_box_id_250 request= 0.411s scheduled= 0.412s status=ok active=11
[  83.919s] SEND #00507 table=page_000201_table_box_id_3 lag=   0.8ms active=12
[  83.998s] RECV #00503 table=page_001130_table_1 request= 0.336s scheduled= 0.337s status=ok active=11
[  84.004s] SEND #00508 table=page_001147_table_9 lag=   1.1ms active=12
[  84.167s] RECV #00456 table=page_000275_table_box_id_1 request= 8.046s scheduled= 8.048s status=ok active=11
[  84.235s] RECV #00502 table=page_000298_table_5 request= 0.698s scheduled= 0.700s status=ok active=10
[  84.258s] SEND #00509 table=page_000256_table_box_id_12 lag=   0.5ms active=11
[  84.350s] RECV #00496 table=page_000642_table_6 request= 1.348s scheduled= 1.348s status=ok active=10
[  84.411s] RECV #00505 table=page_000510_table_10 request= 0.652s scheduled= 0.652s status=ok active=9
[  84.450s] SEND #00510 table=page_001367_table_60 lag=   0.2ms active=10
[  84.563s] SEND #00511 table=page_001137_table_2 lag=   0.8ms active=11
[  84.635s] RECV #00507 table=page_000201_table_box_id_3 request= 0.716s scheduled= 0.717s status=ok active=10
[  84.737s] SEND #00512 table=page_001367_table_73 lag=   1.0ms active=11
[  84.816s] SEND #00513 table=page_000638_table_1 lag=   0.7ms active=12
[  84.854s] SEND #00514 table=page_000552_table_9 lag=   0.4ms active=13
[  84.854s] SEND #00515 table=page_000826_table_32 lag=   0.3ms active=14
[  84.909s] SEND #00516 table=page_000200_table_box_id_7 lag=   0.5ms active=15
[  84.919s] RECV #00482 table=page_000293_table_box_id_1 request= 4.951s scheduled= 4.952s status=ok active=14
[  85.058s] RECV #00509 table=page_000256_table_box_id_12 request= 0.799s scheduled= 0.800s status=ok active=13
[  85.061s] SEND #00517 table=page_000641_table_5 lag=   1.0ms active=14
[  85.295s] RECV #00506 table=page_000593_table_0 request= 1.436s scheduled= 1.437s status=ok active=13
[  85.326s] RECV #00504 table=page_001210_table_4 request= 1.664s scheduled= 1.665s status=ok active=12
[  85.417s] SEND #00518 table=page_001201_table_14 lag=   0.7ms active=13
[  85.506s] RECV #00512 table=page_001367_table_73 request= 0.769s scheduled= 0.770s status=ok active=12
[  85.614s] RECV #00514 table=page_000552_table_9 request= 0.760s scheduled= 0.760s status=ok active=11
[  85.659s] RECV #00497 table=page_001179_table_6 request= 2.633s scheduled= 2.633s status=ok active=10
[  85.713s] SEND #00519 table=page_001167_table_2 lag=   2.0ms active=11
[  85.782s] RECV #00515 table=page_000826_table_32 request= 0.927s scheduled= 0.928s status=ok active=10
[  85.830s] SEND #00520 table=page_000709_table_12 lag=   0.3ms active=11
[  85.903s] RECV #00516 table=page_000200_table_box_id_7 request= 0.995s scheduled= 0.995s status=ok active=10
[  86.023s] RECV #00513 table=page_000638_table_1 request= 1.207s scheduled= 1.208s status=ok active=9
[  86.077s] RECV #00517 table=page_000641_table_5 request= 1.016s scheduled= 1.017s status=ok active=8
[  86.148s] RECV #00520 table=page_000709_table_12 request= 0.318s scheduled= 0.318s status=ok active=7
[  86.294s] RECV #00511 table=page_001137_table_2 request= 1.731s scheduled= 1.732s status=ok active=6
[  86.300s] RECV #00518 table=page_001201_table_14 request= 0.883s scheduled= 0.884s status=ok active=5
[  86.356s] RECV #00519 table=page_001167_table_2 request= 0.643s scheduled= 0.645s status=ok active=4
[  86.498s] RECV #00508 table=page_001147_table_9 request= 2.494s scheduled= 2.495s status=ok active=3
[  86.555s] SEND #00521 table=page_001222_table_2 lag=   1.0ms active=4
[  86.658s] SEND #00522 table=page_000866_table_1 lag=   0.7ms active=5
[  86.958s] SEND #00523 table=page_000188_table_box_id_6 lag=   1.0ms active=6
[  86.966s] RECV #00522 table=page_000866_table_1 request= 0.308s scheduled= 0.309s status=ok active=5
[  87.045s] SEND #00524 table=page_000861_table_5 lag=   0.6ms active=6
[  87.273s] SEND #00525 table=page_000821_table_box_id_29 lag=   0.5ms active=7
[  87.515s] RECV #00523 table=page_000188_table_box_id_6 request= 0.557s scheduled= 0.558s status=ok active=6
[  87.521s] RECV #00494 table=page_001274_table_4 request= 5.362s scheduled= 5.363s status=ok active=5
[  87.832s] RECV #00525 table=page_000821_table_box_id_29 request= 0.560s scheduled= 0.560s status=ok active=4
[  88.005s] SEND #00526 table=page_000829_table_4 lag=   1.1ms active=5
[  88.066s] SEND #00527 table=page_001199_table_15 lag=   1.3ms active=6
[  88.097s] SEND #00528 table=page_000223_table_box_id_2 lag=   1.0ms active=7
[  88.257s] SEND #00529 table=page_001124_table_12 lag=   0.5ms active=8
[  88.325s] RECV #00524 table=page_000861_table_5 request= 1.279s scheduled= 1.280s status=ok active=7
[  88.333s] RECV #00489 table=page_000272_table_box_id_1 request= 7.388s scheduled= 7.390s status=ok active=6
[  88.384s] SEND #00530 table=page_001595_table_box_id_9 lag=   0.7ms active=7
[  88.399s] RECV #00526 table=page_000829_table_4 request= 0.394s scheduled= 0.395s status=ok active=6
[  88.459s] SEND #00531 table=page_000933_table_10 lag=   1.6ms active=7
[  88.459s] SEND #00532 table=page_000507_table_0 lag=   1.3ms active=8
[  88.541s] SEND #00533 table=page_000536_table_4 lag=   1.1ms active=9
[  88.610s] RECV #00530 table=page_001595_table_box_id_9 request= 0.226s scheduled= 0.227s status=ok active=8
[  88.633s] SEND #00534 table=page_000921_table_8 lag=   0.6ms active=9
[  88.691s] RECV #00529 table=page_001124_table_12 request= 0.433s scheduled= 0.434s status=ok active=8
[  88.720s] SEND #00535 table=page_001165_table_13 lag=   1.0ms active=9
[  88.745s] RECV #00510 table=page_001367_table_60 request= 4.295s scheduled= 4.295s status=ok active=8
[  88.859s] RECV #00531 table=page_000933_table_10 request= 0.400s scheduled= 0.401s status=ok active=7
[  88.883s] RECV #00534 table=page_000921_table_8 request= 0.250s scheduled= 0.250s status=ok active=6
[  88.937s] RECV #00527 table=page_001199_table_15 request= 0.871s scheduled= 0.873s status=ok active=5
[  88.993s] RECV #00532 table=page_000507_table_0 request= 0.534s scheduled= 0.536s status=ok active=4
[  88.997s] RECV #00521 table=page_001222_table_2 request= 2.442s scheduled= 2.443s status=ok active=3
[  89.026s] RECV #00535 table=page_001165_table_13 request= 0.306s scheduled= 0.307s status=ok active=2
[  89.049s] SEND #00536 table=page_001408_table_16 lag=   0.5ms active=3
[  89.104s] RECV #00536 table=page_001408_table_16 request= 0.055s scheduled= 0.056s status=ok active=2
[  89.169s] RECV #00533 table=page_000536_table_4 request= 0.628s scheduled= 0.629s status=ok active=1
[  89.196s] SEND #00537 table=page_001498_table_14 lag=   1.7ms active=2
[  89.416s] SEND #00538 table=page_000355_table_3 lag=   1.2ms active=3
[  89.475s] RECV #00537 table=page_001498_table_14 request= 0.278s scheduled= 0.280s status=ok active=2
[  89.544s] RECV #00538 table=page_000355_table_3 request= 0.128s scheduled= 0.129s status=ok active=1
[  89.768s] RECV #00528 table=page_000223_table_box_id_2 request= 1.672s scheduled= 1.673s status=ok active=0
[  89.796s] SEND #00539 table=page_000222_table_box_id_1 lag=   0.3ms active=1
[  90.027s] SEND #00540 table=page_000514_table_8 lag=   1.2ms active=2
[  90.140s] SEND #00541 table=page_000652_table_2 lag=   1.0ms active=3
[  90.341s] RECV #00539 table=page_000222_table_box_id_1 request= 0.545s scheduled= 0.545s status=ok active=2
[  90.368s] SEND #00542 table=page_000612_table_6 lag=   1.1ms active=3
[  90.444s] RECV #00540 table=page_000514_table_8 request= 0.417s scheduled= 0.418s status=ok active=2
[  90.539s] SEND #00543 table=page_000290_table_box_id_1 lag=   0.9ms active=3
[  90.713s] SEND #00544 table=page_001595_table_box_id_14 lag=   0.5ms active=4
[  90.726s] RECV #00541 table=page_000652_table_2 request= 0.586s scheduled= 0.587s status=ok active=3
[  90.879s] SEND #00545 table=page_001153_table_0 lag=   1.0ms active=4
[  90.966s] SEND #00546 table=page_000647_table_6 lag=   1.1ms active=5
[  91.131s] SEND #00547 table=page_000565_table_1 lag=   0.7ms active=6
[  91.140s] RECV #00546 table=page_000647_table_6 request= 0.174s scheduled= 0.175s status=ok active=5
[  91.165s] RECV #00542 table=page_000612_table_6 request= 0.796s scheduled= 0.797s status=ok active=4
[  91.298s] SEND #00548 table=page_000632_table_0 lag=   0.7ms active=5
[  91.638s] RECV #00544 table=page_001595_table_box_id_14 request= 0.925s scheduled= 0.926s status=ok active=4
[  91.748s] RECV #00547 table=page_000565_table_1 request= 0.617s scheduled= 0.618s status=ok active=3
[  91.759s] SEND #00549 table=page_001187_table_0 lag=   1.0ms active=4
[  92.014s] SEND #00550 table=page_000710_table_9 lag=   0.9ms active=5
[  92.197s] RECV #00550 table=page_000710_table_9 request= 0.183s scheduled= 0.184s status=ok active=4
[  92.325s] SEND #00551 table=page_000937_table_1 lag=   0.5ms active=5
[  92.569s] SEND #00552 table=page_001368_table_box_id_26 lag=   0.6ms active=6
[  92.673s] RECV #00551 table=page_000937_table_1 request= 0.347s scheduled= 0.348s status=ok active=5
[  92.732s] RECV #00545 table=page_001153_table_0 request= 1.853s scheduled= 1.854s status=ok active=4
[  92.851s] SEND #00553 table=page_000543_table_8 lag=   1.7ms active=5
[  93.005s] SEND #00554 table=page_000224_table_box_id_6 lag=   0.5ms active=6
[  93.078s] SEND #00555 table=page_000499_table_5 lag=   1.7ms active=7
[  93.128s] SEND #00556 table=page_000720_table_3 lag=   0.3ms active=8
[  93.255s] RECV #00553 table=page_000543_table_8 request= 0.404s scheduled= 0.405s status=ok active=7
[  93.322s] RECV #00556 table=page_000720_table_3 request= 0.194s scheduled= 0.194s status=ok active=6
[  93.333s] SEND #00557 table=page_001122_table_2 lag=   0.3ms active=7
[  93.348s] RECV #00552 table=page_001368_table_box_id_26 request= 0.779s scheduled= 0.780s status=ok active=6
[  93.464s] RECV #00555 table=page_000499_table_5 request= 0.386s scheduled= 0.388s status=ok active=5
[  93.637s] RECV #00557 table=page_001122_table_2 request= 0.304s scheduled= 0.305s status=ok active=4
[  93.679s] SEND #00558 table=page_000630_table_2 lag=   1.0ms active=5
[  93.810s] SEND #00559 table=page_000806_table_29 lag=   1.0ms active=6
[  93.838s] SEND #00560 table=page_000928_table_17 lag=   1.5ms active=7
[  93.839s] RECV #00548 table=page_000632_table_0 request= 2.540s scheduled= 2.541s status=ok active=6
[  93.979s] RECV #00554 table=page_000224_table_box_id_6 request= 0.974s scheduled= 0.974s status=ok active=5
[  94.136s] SEND #00561 table=page_000244_table_box-fkrm6qrz lag=   1.2ms active=6
[  94.159s] RECV #00560 table=page_000928_table_17 request= 0.322s scheduled= 0.323s status=ok active=5
[  94.238s] RECV #00559 table=page_000806_table_29 request= 0.428s scheduled= 0.429s status=ok active=4
[  94.245s] SEND #00562 table=page_000142_table_box_id_2 lag=   0.2ms active=5
[  94.351s] SEND #00563 table=page_001184_table_10 lag=   1.1ms active=6
[  94.358s] SEND #00564 table=page_001185_table_10 lag=   0.9ms active=7
[  94.471s] RECV #00562 table=page_000142_table_box_id_2 request= 0.226s scheduled= 0.226s status=ok active=6
[  94.478s] SEND #00565 table=page_000465_table_8 lag=   1.0ms active=7
[  94.587s] RECV #00563 table=page_001184_table_10 request= 0.236s scheduled= 0.238s status=ok active=6
[  94.705s] SEND #00566 table=page_001368_table_box_id_218 lag=   0.7ms active=7
[  94.711s] RECV #00561 table=page_000244_table_box-fkrm6qrz request= 0.575s scheduled= 0.576s status=ok active=6
[  94.796s] SEND #00567 table=page_001376_table_13 lag=   0.4ms active=7
[  94.870s] SEND #00568 table=page_000841_table_28 lag=   1.0ms active=8
[  94.953s] RECV #00568 table=page_000841_table_28 request= 0.083s scheduled= 0.084s status=ok active=7
[  94.992s] RECV #00564 table=page_001185_table_10 request= 0.634s scheduled= 0.635s status=ok active=6
[  95.015s] RECV #00565 table=page_000465_table_8 request= 0.537s scheduled= 0.538s status=ok active=5
[  95.047s] SEND #00569 table=page_000292_table_box_id_2 lag=   0.1ms active=6
[  95.051s] SEND #00570 table=page_000199_table_box_id_0 lag=   0.5ms active=7
[  95.086s] RECV #00567 table=page_001376_table_13 request= 0.290s scheduled= 0.290s status=ok active=6
[  95.169s] SEND #00571 table=page_000503_table_1 lag=   1.1ms active=7
[  95.483s] RECV #00549 table=page_001187_table_0 request= 3.723s scheduled= 3.724s status=ok active=6
[  95.572s] RECV #00566 table=page_001368_table_box_id_218 request= 0.868s scheduled= 0.868s status=ok active=5
[  95.577s] RECV #00558 table=page_000630_table_2 request= 1.898s scheduled= 1.899s status=ok active=4
[  95.656s] SEND #00572 table=page_000200_table_box_id_7 lag=   1.1ms active=5
[  95.851s] SEND #00573 table=page_000925_table_10 lag=   0.6ms active=6
[  95.905s] RECV #00572 table=page_000200_table_box_id_7 request= 0.249s scheduled= 0.250s status=ok active=5
[  95.937s] SEND #00574 table=page_001011_table_18 lag=   1.0ms active=6
[  96.131s] SEND #00575 table=page_001127_table_4 lag=   0.5ms active=7
[  96.132s] RECV #00571 table=page_000503_table_1 request= 0.963s scheduled= 0.964s status=ok active=6
[  96.286s] SEND #00576 table=page_000418_table_3 lag=   0.5ms active=7
[  96.325s] SEND #00577 table=page_001150_table_box_id_9 lag=   0.3ms active=8
[  96.364s] SEND #00578 table=page_001168_table_0 lag=   0.4ms active=9
[  96.552s] RECV #00574 table=page_001011_table_18 request= 0.615s scheduled= 0.616s status=ok active=8
[  96.634s] RECV #00573 table=page_000925_table_10 request= 0.782s scheduled= 0.783s status=ok active=7
[  96.726s] SEND #00579 table=page_000789_table_34 lag=   0.5ms active=8
[  96.780s] SEND #00580 table=page_000257_table_box_id_20 lag=   1.9ms active=9
[  96.791s] SEND #00581 table=page_000507_table_0 lag=   0.7ms active=10
[  96.802s] RECV #00579 table=page_000789_table_34 request= 0.076s scheduled= 0.077s status=ok active=9
[  96.960s] RECV #00575 table=page_001127_table_4 request= 0.828s scheduled= 0.829s status=ok active=8
[  97.066s] RECV #00569 table=page_000292_table_box_id_2 request= 2.019s scheduled= 2.019s status=ok active=7
[  97.087s] SEND #00582 table=page_001270_table_box_id_1 lag=   0.6ms active=8
[  97.211s] SEND #00583 table=page_000466_table_0 lag=   1.2ms active=9
[  97.244s] RECV #00577 table=page_001150_table_box_id_9 request= 0.919s scheduled= 0.919s status=ok active=8
[  97.275s] RECV #00570 table=page_000199_table_box_id_0 request= 2.224s scheduled= 2.225s status=ok active=7
[  97.288s] SEND #00584 table=page_000433_table_13 lag=   0.9ms active=8
[  97.408s] SEND #00585 table=page_000229_table_box_id_3 lag=   1.4ms active=9
[  97.455s] RECV #00581 table=page_000507_table_0 request= 0.663s scheduled= 0.664s status=ok active=8
[  97.511s] RECV #00576 table=page_000418_table_3 request= 1.225s scheduled= 1.226s status=ok active=7
[  97.524s] RECV #00578 table=page_001168_table_0 request= 1.160s scheduled= 1.161s status=ok active=6
[  97.603s] RECV #00584 table=page_000433_table_13 request= 0.315s scheduled= 0.316s status=ok active=5
[  97.630s] SEND #00586 table=page_001164_table_2 lag=   1.9ms active=6
[  97.659s] SEND #00587 table=page_001162_table_3 lag=   0.2ms active=7
[  97.690s] RECV #00580 table=page_000257_table_box_id_20 request= 0.910s scheduled= 0.912s status=ok active=6
[  97.837s] SEND #00588 table=page_000285_table_box_id_1 lag=   0.8ms active=7
[  98.035s] RECV #00585 table=page_000229_table_box_id_3 request= 0.628s scheduled= 0.629s status=ok active=6
[  98.046s] SEND #00589 table=page_000182_table_box_id_2 lag=   1.8ms active=7
[  98.313s] RECV #00543 table=page_000290_table_box_id_1 request= 7.774s scheduled= 7.775s status=ok active=6
[  98.326s] SEND #00590 table=page_000754_table_7 lag=   0.6ms active=7
[  98.380s] SEND #00591 table=page_001413_table_7 lag=   2.0ms active=8
[  98.514s] RECV #00587 table=page_001162_table_3 request= 0.854s scheduled= 0.855s status=ok active=7
[  98.535s] SEND #00592 table=page_000916_table_7 lag=   0.9ms active=8
[  98.579s] SEND #00593 table=page_000853_table_2 lag=   0.3ms active=9
[  98.595s] RECV #00590 table=page_000754_table_7 request= 0.269s scheduled= 0.269s status=ok active=8
[  98.599s] RECV #00589 table=page_000182_table_box_id_2 request= 0.553s scheduled= 0.555s status=ok active=7
[  98.716s] SEND #00594 table=page_001143_table_8 lag=   0.7ms active=8
[  98.748s] SEND #00595 table=page_000864_table_30 lag=   0.3ms active=9
[  98.880s] RECV #00591 table=page_001413_table_7 request= 0.500s scheduled= 0.502s status=ok active=8
[  98.935s] RECV #00593 table=page_000853_table_2 request= 0.357s scheduled= 0.357s status=ok active=7
[  98.956s] RECV #00595 table=page_000864_table_30 request= 0.209s scheduled= 0.209s status=ok active=6
[  99.008s] SEND #00596 table=page_001368_table_box_id_165 lag=   0.5ms active=7
[  99.122s] RECV #00596 table=page_001368_table_box_id_165 request= 0.114s scheduled= 0.115s status=ok active=6
[  99.196s] RECV #00592 table=page_000916_table_7 request= 0.661s scheduled= 0.662s status=ok active=5
[  99.260s] RECV #00582 table=page_001270_table_box_id_1 request= 2.172s scheduled= 2.173s status=ok active=4
[  99.344s] SEND #00597 table=page_000243_table_box_id_1 lag=   1.0ms active=5
[  99.411s] SEND #00598 table=page_000632_table_6 lag=   1.1ms active=6
[  99.453s] SEND #00599 table=page_000641_table_6 lag=   0.9ms active=7
[  99.679s] RECV #00594 table=page_001143_table_8 request= 0.962s scheduled= 0.963s status=ok active=6
[  99.706s] RECV #00598 table=page_000632_table_6 request= 0.295s scheduled= 0.296s status=ok active=5
[  99.843s] RECV #00597 table=page_000243_table_box_id_1 request= 0.499s scheduled= 0.500s status=ok active=4
[ 100.005s] SEND #00600 table=page_000769_table_3 lag=   0.6ms active=5
[ 100.006s] RECV #00599 table=page_000641_table_6 request= 0.553s scheduled= 0.554s status=ok active=4
[ 100.086s] RECV #00583 table=page_000466_table_0 request= 2.874s scheduled= 2.876s status=ok active=3
[ 100.187s] RECV #00600 table=page_000769_table_3 request= 0.181s scheduled= 0.182s status=ok active=2
[ 100.210s] SEND #00601 table=page_000229_table_box-pug9otka lag=   0.9ms active=3
[ 100.429s] RECV #00588 table=page_000285_table_box_id_1 request= 2.592s scheduled= 2.593s status=ok active=2
[ 100.431s] RECV #00601 table=page_000229_table_box-pug9otka request= 0.221s scheduled= 0.222s status=ok active=1
[ 100.519s] SEND #00602 table=page_001306_table_1 lag=   0.5ms active=2
[ 100.524s] SEND #00603 table=page_000853_table_9 lag=   0.5ms active=3
[ 100.812s] RECV #00603 table=page_000853_table_9 request= 0.288s scheduled= 0.289s status=ok active=2
[ 100.862s] RECV #00586 table=page_001164_table_2 request= 3.232s scheduled= 3.234s status=ok active=1
[ 100.907s] SEND #00604 table=page_000593_table_0 lag=   0.4ms active=2
[ 101.070s] SEND #00605 table=page_000501_table_6 lag=   1.0ms active=3
[ 101.133s] SEND #00606 table=page_001173_table_6 lag=   0.5ms active=4
[ 101.193s] RECV #00602 table=page_001306_table_1 request= 0.674s scheduled= 0.674s status=ok active=3
[ 101.227s] SEND #00607 table=page_001125_table_2 lag=   0.7ms active=4
[ 101.467s] SEND #00608 table=page_000294_table_box_id_1 lag=   1.7ms active=5
[ 101.723s] SEND #00609 table=page_000716_table_2 lag=   1.1ms active=6
[ 101.757s] SEND #00610 table=page_000930_table_7 lag=   0.3ms active=7
[ 101.857s] RECV #00609 table=page_000716_table_2 request= 0.134s scheduled= 0.135s status=ok active=6
[ 101.921s] SEND #00611 table=page_001194_table_3 lag=   0.3ms active=7
[ 101.932s] RECV #00610 table=page_000930_table_7 request= 0.174s scheduled= 0.175s status=ok active=6
[ 101.952s] SEND #00612 table=page_000271_table_box_id_1 lag=   1.1ms active=7
[ 102.042s] RECV #00607 table=page_001125_table_2 request= 0.815s scheduled= 0.816s status=ok active=6
[ 102.264s] RECV #00604 table=page_000593_table_0 request= 1.357s scheduled= 1.358s status=ok active=5
[ 102.541s] RECV #00611 table=page_001194_table_3 request= 0.620s scheduled= 0.620s status=ok active=4
[ 102.555s] SEND #00613 table=page_000776_table_4 lag=   2.0ms active=5
[ 102.652s] SEND #00614 table=page_001368_table_box_id_276 lag=   1.0ms active=6
[ 102.682s] RECV #00613 table=page_000776_table_4 request= 0.126s scheduled= 0.128s status=ok active=5
[ 102.728s] RECV #00614 table=page_001368_table_box_id_276 request= 0.076s scheduled= 0.077s status=ok active=4
[ 103.027s] RECV #00605 table=page_000501_table_6 request= 1.957s scheduled= 1.958s status=ok active=3
[ 103.059s] SEND #00615 table=page_000543_table_8 lag=   0.8ms active=4
[ 103.246s] RECV #00608 table=page_000294_table_box_id_1 request= 1.779s scheduled= 1.780s status=ok active=3
[ 103.276s] SEND #00616 table=page_000178_table_box_id_1 lag=   0.7ms active=4
[ 103.307s] RECV #00615 table=page_000543_table_8 request= 0.248s scheduled= 0.249s status=ok active=3
[ 103.432s] SEND #00617 table=page_000626_table_box_id_7 lag=   0.8ms active=4
[ 103.482s] SEND #00618 table=page_001136_table_4 lag=   1.1ms active=5
[ 103.606s] SEND #00619 table=page_001219_table_box_id_1 lag=   0.3ms active=6
[ 103.631s] SEND #00620 table=page_001174_table_box_id_2 lag=   0.3ms active=7
[ 103.656s] SEND #00621 table=page_001368_table_box_id_250 lag=   0.3ms active=8
[ 103.660s] RECV #00606 table=page_001173_table_6 request= 2.528s scheduled= 2.528s status=ok active=7
[ 103.867s] SEND #00622 table=page_000521_table_2 lag=   1.8ms active=8
[ 103.941s] SEND #00623 table=page_000647_table_2 lag=   1.2ms active=9
[ 104.110s] RECV #00621 table=page_001368_table_box_id_250 request= 0.454s scheduled= 0.454s status=ok active=8
[ 104.172s] SEND #00624 table=page_000511_table_1 lag=   0.4ms active=9
[ 104.174s] RECV #00618 table=page_001136_table_4 request= 0.691s scheduled= 0.692s status=ok active=8
[ 104.175s] RECV #00623 table=page_000647_table_2 request= 0.234s scheduled= 0.235s status=ok active=7
[ 104.218s] SEND #00625 table=page_001375_table_31 lag=   0.5ms active=8
[ 104.258s] RECV #00620 table=page_001174_table_box_id_2 request= 0.627s scheduled= 0.627s status=ok active=7
[ 104.412s] RECV #00625 table=page_001375_table_31 request= 0.194s scheduled= 0.194s status=ok active=6
[ 104.430s] SEND #00626 table=page_000645_table_7 lag=   0.7ms active=7
[ 104.609s] RECV #00626 table=page_000645_table_7 request= 0.179s scheduled= 0.180s status=ok active=6
[ 104.641s] SEND #00627 table=page_000496_table_4 lag=   0.8ms active=7
[ 104.702s] SEND #00628 table=page_000647_table_5 lag=   1.1ms active=8
[ 104.720s] SEND #00629 table=page_000634_table_11 lag=   0.2ms active=9
[ 104.805s] SEND #00630 table=page_000227_table_box_id_1 lag=   0.7ms active=10
[ 104.918s] SEND #00631 table=page_001126_table_18 lag=   0.7ms active=11
[ 104.935s] SEND #00632 table=page_000252_table_box_id_1 lag=   0.9ms active=12
[ 104.969s] SEND #00633 table=page_000417_table_3 lag=   0.2ms active=13
[ 104.979s] SEND #00634 table=page_000238_table_box_id_2 lag=   0.3ms active=14
[ 105.037s] RECV #00622 table=page_000521_table_2 request= 1.170s scheduled= 1.172s status=ok active=13
[ 105.130s] SEND #00635 table=page_000243_table_box_id_1 lag=   0.2ms active=14
[ 105.249s] RECV #00628 table=page_000647_table_5 request= 0.547s scheduled= 0.548s status=ok active=13
[ 105.363s] RECV #00616 table=page_000178_table_box_id_1 request= 2.087s scheduled= 2.088s status=ok active=12
[ 105.499s] SEND #00636 table=page_001368_table_box_id_255 lag=   2.2ms active=13
[ 105.520s] RECV #00631 table=page_001126_table_18 request= 0.602s scheduled= 0.603s status=ok active=12
[ 105.537s] SEND #00637 table=page_001164_table_2 lag=   0.2ms active=13
[ 105.544s] SEND #00638 table=page_001209_table_4 lag=   1.1ms active=14
[ 105.746s] SEND #00639 table=page_000942_table_3 lag=   0.4ms active=15
[ 105.845s] RECV #00629 table=page_000634_table_11 request= 1.125s scheduled= 1.126s status=ok active=14
[ 106.028s] SEND #00640 table=page_000577_table_3 lag=   0.9ms active=15
[ 106.300s] RECV #00632 table=page_000252_table_box_id_1 request= 1.364s scheduled= 1.365s status=ok active=14
[ 106.378s] RECV #00624 table=page_000511_table_1 request= 2.205s scheduled= 2.206s status=ok active=13
[ 106.580s] RECV #00619 table=page_001219_table_box_id_1 request= 2.973s scheduled= 2.974s status=ok active=12
[ 106.582s] SEND #00641 table=page_001026_table_box_id_12 lag=   0.7ms active=13
[ 106.628s] RECV #00630 table=page_000227_table_box_id_1 request= 1.824s scheduled= 1.824s status=ok active=12
[ 106.714s] RECV #00633 table=page_000417_table_3 request= 1.745s scheduled= 1.745s status=ok active=11
[ 106.741s] SEND #00642 table=page_000249_table_box_id_4 lag=   1.6ms active=12
[ 106.810s] SEND #00643 table=page_001632_table_box_id_1 lag=   0.5ms active=13
[ 106.833s] RECV #00634 table=page_000238_table_box_id_2 request= 1.854s scheduled= 1.855s status=ok active=12
[ 106.966s] RECV #00638 table=page_001209_table_4 request= 1.422s scheduled= 1.423s status=ok active=11
[ 107.045s] RECV #00617 table=page_000626_table_box_id_7 request= 3.613s scheduled= 3.614s status=ok active=10
[ 107.100s] RECV #00635 table=page_000243_table_box_id_1 request= 1.969s scheduled= 1.970s status=ok active=9
[ 107.114s] SEND #00644 table=page_001189_table_box_id_2 lag=   1.2ms active=10
[ 107.135s] SEND #00645 table=page_000637_table_6 lag=   0.9ms active=11
[ 107.187s] RECV #00636 table=page_001368_table_box_id_255 request= 1.688s scheduled= 1.691s status=ok active=10
[ 107.320s] RECV #00643 table=page_001632_table_box_id_1 request= 0.510s scheduled= 0.510s status=ok active=9
[ 107.331s] SEND #00646 table=page_000682_table_15 lag=   0.7ms active=10
[ 107.348s] SEND #00647 table=page_001159_table_5 lag=   0.7ms active=11
[ 107.433s] SEND #00648 table=page_000291_table_box_id_0 lag=   0.5ms active=12
[ 107.486s] RECV #00640 table=page_000577_table_3 request= 1.458s scheduled= 1.459s status=ok active=11
[ 107.546s] SEND #00649 table=page_000595_table_25 lag=   0.3ms active=12
[ 107.615s] RECV #00639 table=page_000942_table_3 request= 1.869s scheduled= 1.870s status=ok active=11
[ 107.626s] SEND #00650 table=page_000929_table_0 lag=   0.5ms active=12
[ 107.657s] SEND #00651 table=page_001367_table_71 lag=   1.1ms active=13
[ 107.699s] RECV #00641 table=page_001026_table_box_id_12 request= 1.117s scheduled= 1.118s status=ok active=12
[ 107.701s] SEND #00652 table=page_000419_table_4 lag=   0.7ms active=13
[ 107.850s] RECV #00644 table=page_001189_table_box_id_2 request= 0.736s scheduled= 0.737s status=ok active=12
[ 107.924s] RECV #00646 table=page_000682_table_15 request= 0.593s scheduled= 0.594s status=ok active=11
[ 107.960s] RECV #00649 table=page_000595_table_25 request= 0.414s scheduled= 0.414s status=ok active=10
[ 107.988s] SEND #00653 table=page_001595_table_box_id_1 lag=   1.9ms active=11
[ 108.090s] SEND #00654 table=page_000803_table_12 lag=   0.5ms active=12
[ 108.236s] SEND #00655 table=page_000500_table_3 lag=   1.8ms active=13
[ 108.244s] RECV #00642 table=page_000249_table_box_id_4 request= 1.502s scheduled= 1.504s status=ok active=12
[ 108.274s] SEND #00656 table=page_000800_table_12 lag=   0.7ms active=13
[ 108.381s] RECV #00650 table=page_000929_table_0 request= 0.756s scheduled= 0.756s status=ok active=12
[ 108.468s] RECV #00651 table=page_001367_table_71 request= 0.811s scheduled= 0.812s status=ok active=11
[ 108.484s] SEND #00657 table=page_001367_table_72 lag=   0.9ms active=12
[ 108.550s] SEND #00658 table=page_001035_table_31 lag=   1.0ms active=13
[ 108.662s] RECV #00647 table=page_001159_table_5 request= 1.314s scheduled= 1.314s status=ok active=12
[ 108.700s] SEND #00659 table=page_000451_table_10 lag=   0.4ms active=13
[ 108.735s] RECV #00654 table=page_000803_table_12 request= 0.645s scheduled= 0.646s status=ok active=12
[ 108.876s] RECV #00627 table=page_000496_table_4 request= 4.235s scheduled= 4.235s status=ok active=11
[ 108.910s] RECV #00656 table=page_000800_table_12 request= 0.636s scheduled= 0.637s status=ok active=10
[ 109.037s] RECV #00657 table=page_001367_table_72 request= 0.553s scheduled= 0.554s status=ok active=9
[ 109.100s] SEND #00660 table=page_000600_table_1 lag=   0.5ms active=10
[ 109.383s] RECV #00652 table=page_000419_table_4 request= 1.682s scheduled= 1.683s status=ok active=9
[ 109.646s] RECV #00655 table=page_000500_table_3 request= 1.410s scheduled= 1.412s status=ok active=8
[ 109.685s] RECV #00612 table=page_000271_table_box_id_1 request= 7.733s scheduled= 7.734s status=ok active=7
[ 109.699s] RECV #00658 table=page_001035_table_31 request= 1.149s scheduled= 1.150s status=ok active=6
[ 109.755s] RECV #00660 table=page_000600_table_1 request= 0.654s scheduled= 0.655s status=ok active=5
[ 109.965s] SEND #00661 table=page_001398_table_box-7mwax454 lag=   1.1ms active=6
[ 109.973s] SEND #00662 table=page_001368_table_box_id_257 lag=   1.0ms active=7
[ 110.222s] RECV #00637 table=page_001164_table_2 request= 4.685s scheduled= 4.685s status=ok active=6
[ 110.239s] SEND #00663 table=page_000225_table_box_id_9 lag=   0.9ms active=7
[ 110.332s] RECV #00662 table=page_001368_table_box_id_257 request= 0.360s scheduled= 0.361s status=ok active=6
[ 110.455s] RECV #00661 table=page_001398_table_box-7mwax454 request= 0.490s scheduled= 0.491s status=ok active=5
[ 110.538s] RECV #00663 table=page_000225_table_box_id_9 request= 0.299s scheduled= 0.300s status=ok active=4
[ 110.563s] SEND #00664 table=page_001522_table_8 lag=   0.1ms active=5
[ 110.628s] SEND #00665 table=page_001275_table_3 lag=   0.9ms active=6
[ 110.708s] SEND #00666 table=page_001160_table_6 lag=   0.5ms active=7
[ 110.854s] SEND #00667 table=page_000665_table_38 lag=   1.8ms active=8
[ 110.961s] RECV #00659 table=page_000451_table_10 request= 2.261s scheduled= 2.261s status=ok active=7
[ 110.962s] RECV #00667 table=page_000665_table_38 request= 0.108s scheduled= 0.109s status=ok active=6
[ 111.079s] RECV #00645 table=page_000637_table_6 request= 3.944s scheduled= 3.945s status=ok active=5
[ 111.272s] SEND #00668 table=page_000629_table_14 lag=   1.2ms active=6
[ 111.352s] RECV #00664 table=page_001522_table_8 request= 0.789s scheduled= 0.789s status=ok active=5
[ 111.356s] SEND #00669 table=page_000841_table_28 lag=   0.5ms active=6
[ 111.403s] RECV #00666 table=page_001160_table_6 request= 0.695s scheduled= 0.696s status=ok active=5
[ 111.438s] RECV #00669 table=page_000841_table_28 request= 0.082s scheduled= 0.082s status=ok active=4
[ 111.711s] SEND #00670 table=page_000508_table_4 lag=   1.3ms active=5
[ 111.857s] RECV #00668 table=page_000629_table_14 request= 0.585s scheduled= 0.586s status=ok active=4
[ 111.947s] SEND #00671 table=page_000775_table_2 lag=   0.4ms active=5
[ 111.974s] SEND #00672 table=page_001367_table_68 lag=   0.6ms active=6
[ 112.101s] RECV #00671 table=page_000775_table_2 request= 0.154s scheduled= 0.155s status=ok active=5
[ 112.172s] RECV #00670 table=page_000508_table_4 request= 0.461s scheduled= 0.462s status=ok active=4
[ 112.383s] SEND #00673 table=page_001167_table_8 lag=   1.2ms active=5
[ 112.385s] SEND #00674 table=page_000683_table_5 lag=   0.4ms active=6
[ 112.413s] SEND #00675 table=page_001154_table_10 lag=   1.9ms active=7
[ 112.593s] SEND #00676 table=page_001215_table_5 lag=   0.7ms active=8
[ 112.604s] SEND #00677 table=page_001368_table_box_id_220 lag=   1.7ms active=9
[ 112.612s] RECV #00674 table=page_000683_table_5 request= 0.228s scheduled= 0.228s status=ok active=8
[ 112.683s] SEND #00678 table=page_000585_table_1 lag=   0.7ms active=9
[ 112.706s] SEND #00679 table=page_000506_table_9 lag=   0.3ms active=10
[ 112.811s] SEND #00680 table=page_000518_table_11 lag=   1.6ms active=11
[ 112.884s] RECV #00673 table=page_001167_table_8 request= 0.501s scheduled= 0.502s status=ok active=10
[ 112.965s] RECV #00672 table=page_001367_table_68 request= 0.991s scheduled= 0.991s status=ok active=9
[ 113.033s] RECV #00677 table=page_001368_table_box_id_220 request= 0.428s scheduled= 0.430s status=ok active=8
[ 113.115s] SEND #00681 table=page_001137_table_10 lag=   0.7ms active=9
[ 113.169s] RECV #00665 table=page_001275_table_3 request= 2.541s scheduled= 2.542s status=ok active=8
[ 113.380s] RECV #00675 table=page_001154_table_10 request= 0.968s scheduled= 0.970s status=ok active=7
[ 113.388s] RECV #00680 table=page_000518_table_11 request= 0.577s scheduled= 0.579s status=ok active=6
[ 113.509s] SEND #00682 table=page_000628_table_6 lag=   0.9ms active=7
[ 113.515s] SEND #00683 table=page_000281_table_box_id_1 lag=   0.6ms active=8
[ 113.526s] SEND #00684 table=page_000241_table_box_id_2 lag=   1.1ms active=9
[ 113.832s] SEND #00685 table=page_000250_table_box_id_4 lag=   1.1ms active=10
[ 113.839s] SEND #00686 table=page_000744_table_11 lag=   0.6ms active=11
[ 113.894s] SEND #00687 table=page_000697_table_9 lag=   1.9ms active=12
[ 113.914s] SEND #00688 table=page_000262_table_box_id_1 lag=   1.0ms active=13
[ 113.929s] SEND #00689 table=page_000554_table_12 lag=   1.0ms active=14
[ 113.934s] SEND #00690 table=page_000244_table_box-fkrm6qrz lag=   1.0ms active=15
[ 114.027s] RECV #00678 table=page_000585_table_1 request= 1.344s scheduled= 1.345s status=ok active=14
[ 114.102s] SEND #00691 table=page_001398_table_box-1nnly5de lag=   0.2ms active=15
[ 114.243s] RECV #00679 table=page_000506_table_9 request= 1.538s scheduled= 1.538s status=ok active=14
[ 114.332s] SEND #00692 table=page_001210_table_4 lag=   2.0ms active=15
[ 114.358s] RECV #00653 table=page_001595_table_box_id_1 request= 6.370s scheduled= 6.372s status=ok active=14
[ 114.472s] RECV #00686 table=page_000744_table_11 request= 0.633s scheduled= 0.634s status=ok active=13
[ 114.473s] RECV #00682 table=page_000628_table_6 request= 0.964s scheduled= 0.965s status=ok active=12
[ 114.524s] SEND #00693 table=page_000499_table_5 lag=   0.6ms active=13
[ 114.624s] RECV #00684 table=page_000241_table_box_id_2 request= 1.098s scheduled= 1.099s status=ok active=12
[ 114.733s] RECV #00687 table=page_000697_table_9 request= 0.839s scheduled= 0.841s status=ok active=11
[ 114.832s] RECV #00689 table=page_000554_table_12 request= 0.903s scheduled= 0.904s status=ok active=10
[ 114.835s] SEND #00694 table=page_001342_table_2 lag=   0.8ms active=11
[ 114.910s] RECV #00648 table=page_000291_table_box_id_0 request= 7.477s scheduled= 7.478s status=ok active=10
[ 115.016s] SEND #00695 table=page_001375_table_7 lag=   0.3ms active=11
[ 115.099s] SEND #00696 table=page_001089_table_box_id_16 lag=   0.8ms active=12
[ 115.100s] RECV #00688 table=page_000262_table_box_id_1 request= 1.186s scheduled= 1.187s status=ok active=11
[ 115.204s] RECV #00676 table=page_001215_table_5 request= 2.611s scheduled= 2.611s status=ok active=10
[ 115.265s] SEND #00697 table=page_000864_table_30 lag=   0.4ms active=11
[ 115.360s] RECV #00690 table=page_000244_table_box-fkrm6qrz request= 1.426s scheduled= 1.427s status=ok active=10
[ 115.442s] RECV #00693 table=page_000499_table_5 request= 0.918s scheduled= 0.918s status=ok active=9
[ 115.517s] RECV #00691 table=page_001398_table_box-1nnly5de request= 1.415s scheduled= 1.415s status=ok active=8
[ 115.594s] RECV #00697 table=page_000864_table_30 request= 0.329s scheduled= 0.329s status=ok active=7
[ 115.688s] RECV #00695 table=page_001375_table_7 request= 0.672s scheduled= 0.672s status=ok active=6
[ 115.848s] SEND #00698 table=page_001134_table_10 lag=   1.0ms active=7
[ 116.019s] SEND #00699 table=page_000513_table_1 lag=   1.0ms active=8
[ 116.043s] RECV #00694 table=page_001342_table_2 request= 1.208s scheduled= 1.209s status=ok active=7
[ 116.048s] RECV #00696 table=page_001089_table_box_id_16 request= 0.949s scheduled= 0.950s status=ok active=6
[ 116.065s] SEND #00700 table=page_000228_table_box_id_1 lag=   1.2ms active=7
[ 116.075s] SEND #00701 table=page_001368_table_box_id_229 lag=   0.9ms active=8
[ 116.316s] RECV #00681 table=page_001137_table_10 request= 3.201s scheduled= 3.202s status=ok active=7
[ 116.375s] RECV #00692 table=page_001210_table_4 request= 2.043s scheduled= 2.045s status=ok active=6
[ 116.466s] RECV #00683 table=page_000281_table_box_id_1 request= 2.950s scheduled= 2.951s status=ok active=5
[ 116.491s] RECV #00685 table=page_000250_table_box_id_4 request= 2.659s scheduled= 2.660s status=ok active=4
[ 116.531s] SEND #00702 table=page_001180_table_16 lag=   0.3ms active=5
[ 116.679s] SEND #00703 table=page_000213_table_box_id_5 lag=   0.3ms active=6
[ 116.752s] SEND #00704 table=page_000532_table_4 lag=   1.4ms active=7
[ 116.906s] SEND #00705 table=page_000639_table_4 lag=   0.4ms active=8
[ 116.912s] RECV #00701 table=page_001368_table_box_id_229 request= 0.836s scheduled= 0.837s status=ok active=7
[ 117.043s] SEND #00706 table=page_000935_table_11 lag=   0.4ms active=8
[ 117.127s] RECV #00702 table=page_001180_table_16 request= 0.597s scheduled= 0.597s status=ok active=7
[ 117.130s] RECV #00699 table=page_000513_table_1 request= 1.111s scheduled= 1.112s status=ok active=6
[ 117.167s] SEND #00707 table=page_001170_table_7 lag=   1.5ms active=7
[ 117.170s] RECV #00704 table=page_000532_table_4 request= 0.418s scheduled= 0.419s status=ok active=6
[ 117.177s] SEND #00708 table=page_001140_table_11 lag=   0.4ms active=7
[ 117.250s] SEND #00709 table=page_000838_table_4 lag=   1.6ms active=8
[ 117.339s] SEND #00710 table=page_000647_table_5 lag=   1.6ms active=9
[ 117.375s] SEND #00711 table=page_000647_table_1 lag=   0.6ms active=10
[ 117.398s] RECV #00706 table=page_000935_table_11 request= 0.355s scheduled= 0.355s status=ok active=9
[ 117.481s] RECV #00709 table=page_000838_table_4 request= 0.230s scheduled= 0.232s status=ok active=8
[ 117.561s] RECV #00711 table=page_000647_table_1 request= 0.185s scheduled= 0.186s status=ok active=7
[ 117.628s] RECV #00700 table=page_000228_table_box_id_1 request= 1.562s scheduled= 1.564s status=ok active=6
[ 117.691s] RECV #00698 table=page_001134_table_10 request= 1.844s scheduled= 1.845s status=ok active=5
[ 117.719s] RECV #00707 table=page_001170_table_7 request= 0.552s scheduled= 0.554s status=ok active=4
[ 117.730s] SEND #00712 table=page_001146_table_11 lag=   1.5ms active=5
[ 117.742s] RECV #00703 table=page_000213_table_box_id_5 request= 1.063s scheduled= 1.063s status=ok active=4
[ 117.821s] SEND #00713 table=page_000434_table_15 lag=   0.7ms active=5
[ 117.956s] RECV #00710 table=page_000647_table_5 request= 0.617s scheduled= 0.618s status=ok active=4
[ 118.001s] SEND #00714 table=page_001375_table_1 lag=   0.2ms active=5
[ 118.199s] RECV #00712 table=page_001146_table_11 request= 0.469s scheduled= 0.471s status=ok active=4
[ 118.210s] SEND #00715 table=page_001214_table_8 lag=   0.7ms active=5
[ 118.414s] RECV #00713 table=page_000434_table_15 request= 0.593s scheduled= 0.593s status=ok active=4
[ 118.437s] SEND #00716 table=page_000355_table_3 lag=   0.9ms active=5
[ 118.543s] RECV #00708 table=page_001140_table_11 request= 1.367s scheduled= 1.367s status=ok active=4
[ 118.568s] RECV #00716 table=page_000355_table_3 request= 0.131s scheduled= 0.132s status=ok active=3
[ 118.649s] SEND #00717 table=page_001036_table_box_id_4 lag=   0.3ms active=4
[ 118.669s] RECV #00715 table=page_001214_table_8 request= 0.459s scheduled= 0.460s status=ok active=3
[ 118.788s] RECV #00705 table=page_000639_table_4 request= 1.882s scheduled= 1.883s status=ok active=2
[ 118.882s] SEND #00718 table=page_000665_table_3 lag=   0.5ms active=3
[ 118.928s] RECV #00718 table=page_000665_table_3 request= 0.046s scheduled= 0.046s status=ok active=2
[ 118.931s] SEND #00719 table=page_000282_table_box_id_1 lag=   1.1ms active=3
[ 119.526s] RECV #00714 table=page_001375_table_1 request= 1.525s scheduled= 1.525s status=ok active=2
[ 119.555s] SEND #00720 table=page_001144_table_11 lag=   0.7ms active=3
[ 119.583s] SEND #00721 table=page_001248_table_0 lag=   1.2ms active=4
[ 119.746s] RECV #00717 table=page_001036_table_box_id_4 request= 1.097s scheduled= 1.097s status=ok active=3
[ 120.001s] SEND #00722 table=page_000279_table_box_id_0 lag=   1.3ms active=4
[ 120.188s] RECV #00721 table=page_001248_table_0 request= 0.605s scheduled= 0.606s status=ok active=3
[ 120.277s] RECV #00720 table=page_001144_table_11 request= 0.722s scheduled= 0.723s status=ok active=2
[ 120.321s] SEND #00723 table=page_000495_table_9 lag=   0.2ms active=3
[ 120.640s] SEND #00724 table=page_000280_table_box_id_1 lag=   0.7ms active=4
[ 120.649s] SEND #00725 table=page_000277_table_box_id_1 lag=   0.5ms active=5
[ 120.665s] SEND #00726 table=page_001595_table_box_id_5 lag=   0.5ms active=6
[ 120.945s] SEND #00727 table=page_001516_table_17 lag=   1.3ms active=7
[ 121.052s] SEND #00728 table=page_000763_table_7 lag=   2.0ms active=8
[ 121.128s] SEND #00729 table=page_000466_table_0 lag=   0.9ms active=9
[ 121.150s] RECV #00728 table=page_000763_table_7 request= 0.099s scheduled= 0.101s status=ok active=8
[ 121.514s] RECV #00727 table=page_001516_table_17 request= 0.568s scheduled= 0.570s status=ok active=7
[ 121.651s] RECV #00723 table=page_000495_table_9 request= 1.330s scheduled= 1.330s status=ok active=6
[ 121.824s] SEND #00730 table=page_000715_table_10 lag=   0.6ms active=7
[ 121.831s] SEND #00731 table=page_001367_table_52 lag=   0.5ms active=8
[ 121.917s] RECV #00730 table=page_000715_table_10 request= 0.093s scheduled= 0.094s status=ok active=7
[ 121.957s] SEND #00732 table=page_000201_table_box-w2ehqidz lag=   1.1ms active=8
[ 122.054s] SEND #00733 table=page_000683_table_8 lag=   0.2ms active=9
[ 122.078s] SEND #00734 table=page_000866_table_10 lag=   1.1ms active=10
[ 122.162s] SEND #00735 table=page_000223_table_box_id_4 lag=   1.0ms active=11
[ 122.210s] RECV #00726 table=page_001595_table_box_id_5 request= 1.545s scheduled= 1.545s status=ok active=10
[ 122.312s] RECV #00733 table=page_000683_table_8 request= 0.257s scheduled= 0.258s status=ok active=9
[ 122.366s] SEND #00736 table=page_000656_table_19 lag=   0.2ms active=10
[ 122.369s] RECV #00734 table=page_000866_table_10 request= 0.291s scheduled= 0.292s status=ok active=9
[ 122.463s] RECV #00735 table=page_000223_table_box_id_4 request= 0.301s scheduled= 0.302s status=ok active=8
[ 122.499s] RECV #00736 table=page_000656_table_19 request= 0.133s scheduled= 0.133s status=ok active=7
[ 122.675s] RECV #00732 table=page_000201_table_box-w2ehqidz request= 0.717s scheduled= 0.718s status=ok active=6
[ 122.691s] RECV #00731 table=page_001367_table_52 request= 0.861s scheduled= 0.861s status=ok active=5
[ 122.723s] SEND #00737 table=page_001395_table_7 lag=   0.4ms active=6
[ 122.727s] SEND #00738 table=page_000220_table_box_id_10 lag=   0.9ms active=7
[ 122.851s] SEND #00739 table=page_000239_table_box_id_1 lag=   0.7ms active=8
[ 122.867s] SEND #00740 table=page_000233_table_box_id_2 lag=   0.8ms active=9
[ 123.136s] SEND #00741 table=page_000209_table_box_id_1 lag=   1.6ms active=10
[ 123.151s] SEND #00742 table=page_000227_table_box_id_1 lag=   1.7ms active=11
[ 123.156s] SEND #00743 table=page_000264_table_box_id_5 lag=   0.8ms active=12
[ 123.237s] SEND #00744 table=page_000763_table_2 lag=   1.0ms active=13
[ 123.256s] RECV #00738 table=page_000220_table_box_id_10 request= 0.528s scheduled= 0.529s status=ok active=12
[ 123.329s] RECV #00737 table=page_001395_table_7 request= 0.606s scheduled= 0.606s status=ok active=11
[ 123.457s] SEND #00745 table=page_001227_table_10 lag=   0.9ms active=12
[ 123.519s] SEND #00746 table=page_000261_table_box_id_3 lag=   0.3ms active=13
[ 123.542s] SEND #00747 table=page_001368_table_box_id_242 lag=   0.2ms active=14
[ 123.608s] RECV #00741 table=page_000209_table_box_id_1 request= 0.472s scheduled= 0.473s status=ok active=13
[ 123.777s] RECV #00729 table=page_000466_table_0 request= 2.650s scheduled= 2.651s status=ok active=12
[ 123.806s] SEND #00748 table=page_001117_table_box_id_17 lag=   0.2ms active=13
[ 123.898s] RECV #00739 table=page_000239_table_box_id_1 request= 1.047s scheduled= 1.048s status=ok active=12
[ 123.981s] RECV #00744 table=page_000763_table_2 request= 0.744s scheduled= 0.745s status=ok active=11
[ 124.081s] SEND #00749 table=page_000253_table_box_id_2 lag=   1.1ms active=12
[ 124.363s] RECV #00724 table=page_000280_table_box_id_1 request= 3.722s scheduled= 3.723s status=ok active=11
[ 124.403s] SEND #00750 table=page_000635_table_0 lag=   0.7ms active=12
[ 124.464s] SEND #00751 table=page_001219_table_box_id_4 lag=   1.2ms active=13
[ 124.556s] SEND #00752 table=page_000533_table_8 lag=   0.9ms active=14
[ 124.603s] SEND #00753 table=page_000833_table_4 lag=   0.7ms active=15
[ 124.739s] SEND #00754 table=page_001177_table_2 lag=   1.2ms active=16
[ 124.805s] SEND #00755 table=page_000534_table_4 lag=   0.2ms active=17
[ 124.875s] SEND #00756 table=page_000208_table_box_id_7 lag=   1.2ms active=18
[ 124.897s] RECV #00742 table=page_000227_table_box_id_1 request= 1.745s scheduled= 1.747s status=ok active=17
[ 125.128s] RECV #00747 table=page_001368_table_box_id_242 request= 1.585s scheduled= 1.586s status=ok active=16
[ 125.129s] SEND #00757 table=page_000270_table_box_id_0 lag=   0.3ms active=17
[ 125.242s] RECV #00748 table=page_001117_table_box_id_17 request= 1.436s scheduled= 1.437s status=ok active=16
[ 125.651s] SEND #00758 table=page_000520_table_6 lag=   0.5ms active=17
[ 125.717s] RECV #00719 table=page_000282_table_box_id_1 request= 6.787s scheduled= 6.788s status=ok active=16
[ 125.785s] RECV #00745 table=page_001227_table_10 request= 2.328s scheduled= 2.329s status=ok active=15
[ 125.797s] SEND #00759 table=page_001134_table_11 lag=   0.6ms active=16
[ 125.817s] SEND #00760 table=page_001125_table_4 lag=   2.0ms active=17
[ 125.905s] RECV #00749 table=page_000253_table_box_id_2 request= 1.824s scheduled= 1.825s status=ok active=16
[ 125.993s] SEND #00761 table=page_001140_table_12 lag=   1.9ms active=17
[ 126.091s] SEND #00762 table=page_000524_table_0 lag=   0.4ms active=18
[ 126.179s] RECV #00751 table=page_001219_table_box_id_4 request= 1.715s scheduled= 1.716s status=ok active=17
[ 126.297s] RECV #00740 table=page_000233_table_box_id_2 request= 3.430s scheduled= 3.431s status=ok active=16
[ 126.361s] RECV #00752 table=page_000533_table_8 request= 1.805s scheduled= 1.806s status=ok active=15
[ 126.549s] RECV #00753 table=page_000833_table_4 request= 1.946s scheduled= 1.946s status=ok active=14
[ 126.763s] RECV #00746 table=page_000261_table_box_id_3 request= 3.245s scheduled= 3.245s status=ok active=13
[ 126.829s] SEND #00763 table=page_000226_table_box_id_5 lag=   1.1ms active=14
[ 126.925s] RECV #00750 table=page_000635_table_0 request= 2.522s scheduled= 2.523s status=ok active=13
[ 127.015s] RECV #00743 table=page_000264_table_box_id_5 request= 3.858s scheduled= 3.859s status=ok active=12
[ 127.040s] SEND #00764 table=page_001449_table_1 lag=   0.5ms active=13
[ 127.138s] RECV #00756 table=page_000208_table_box_id_7 request= 2.263s scheduled= 2.265s status=ok active=12
[ 127.217s] RECV #00722 table=page_000279_table_box_id_0 request= 7.216s scheduled= 7.218s status=ok active=11
[ 127.303s] RECV #00755 table=page_000534_table_4 request= 2.498s scheduled= 2.498s status=ok active=10
[ 127.340s] SEND #00765 table=page_001147_table_8 lag=   0.5ms active=11
[ 127.426s] RECV #00725 table=page_000277_table_box_id_1 request= 6.777s scheduled= 6.777s status=ok active=10
[ 127.484s] RECV #00754 table=page_001177_table_2 request= 2.745s scheduled= 2.747s status=ok active=9
[ 127.542s] SEND #00766 table=page_000655_table_5 lag=   0.7ms active=10
[ 127.612s] RECV #00758 table=page_000520_table_6 request= 1.961s scheduled= 1.962s status=ok active=9
[ 127.670s] SEND #00767 table=page_000533_table_5 lag=   0.4ms active=10
[ 127.738s] RECV #00761 table=page_001140_table_12 request= 1.745s scheduled= 1.747s status=ok active=9
[ 127.846s] RECV #00763 table=page_000226_table_box_id_5 request= 1.016s scheduled= 1.017s status=ok active=8
[ 127.884s] RECV #00766 table=page_000655_table_5 request= 0.342s scheduled= 0.343s status=ok active=7
[ 127.907s] RECV #00764 table=page_001449_table_1 request= 0.866s scheduled= 0.867s status=ok active=6
[ 128.048s] SEND #00768 table=page_000220_table_box_id_10 lag=   0.5ms active=7
[ 128.167s] RECV #00767 table=page_000533_table_5 request= 0.497s scheduled= 0.498s status=ok active=6
[ 128.177s] RECV #00760 table=page_001125_table_4 request= 2.360s scheduled= 2.362s status=ok active=5
[ 128.345s] SEND #00769 table=page_000523_table_0 lag=   0.3ms active=6
[ 128.403s] SEND #00770 table=page_000496_table_4 lag=   0.6ms active=7
[ 128.431s] SEND #00771 table=page_001129_table_8 lag=   1.0ms active=8
[ 128.445s] RECV #00768 table=page_000220_table_box_id_10 request= 0.396s scheduled= 0.397s status=ok active=7
[ 128.479s] RECV #00759 table=page_001134_table_11 request= 2.682s scheduled= 2.682s status=ok active=6
[ 128.509s] SEND #00772 table=page_000264_table_box_id_5 lag=   1.0ms active=7
[ 128.631s] SEND #00773 table=page_001011_table_35 lag=   1.2ms active=8
[ 128.648s] SEND #00774 table=page_000636_table_5 lag=   0.8ms active=9
[ 128.719s] SEND #00775 table=page_000920_table_3 lag=   0.9ms active=10
[ 128.848s] RECV #00762 table=page_000524_table_0 request= 2.757s scheduled= 2.758s status=ok active=9
[ 128.863s] SEND #00776 table=page_000838_table_1 lag=   2.0ms active=10
[ 128.868s] SEND #00777 table=page_000220_table_box_id_3 lag=   0.2ms active=11
[ 128.976s] RECV #00774 table=page_000636_table_5 request= 0.328s scheduled= 0.329s status=ok active=10
[ 129.033s] RECV #00773 table=page_001011_table_35 request= 0.402s scheduled= 0.403s status=ok active=9
[ 129.081s] RECV #00765 table=page_001147_table_8 request= 1.741s scheduled= 1.741s status=ok active=8
[ 129.150s] SEND #00778 table=page_000781_table_0 lag=   0.7ms active=9
[ 129.236s] RECV #00776 table=page_000838_table_1 request= 0.374s scheduled= 0.376s status=ok active=8
[ 129.267s] RECV #00775 table=page_000920_table_3 request= 0.548s scheduled= 0.549s status=ok active=7
[ 129.268s] RECV #00769 table=page_000523_table_0 request= 0.923s scheduled= 0.924s status=ok active=6
[ 129.325s] RECV #00778 table=page_000781_table_0 request= 0.175s scheduled= 0.176s status=ok active=5
[ 129.325s] SEND #00779 table=page_000465_table_4 lag=   0.3ms active=6
[ 129.388s] SEND #00780 table=page_001135_table_6 lag=   0.3ms active=7
[ 129.448s] SEND #00781 table=page_000826_table_32 lag=   2.1ms active=8
[ 129.519s] SEND #00782 table=page_000300_table_1 lag=   0.3ms active=9
[ 129.585s] SEND #00783 table=page_001189_table_box_id_3 lag=   0.4ms active=10
[ 129.607s] RECV #00777 table=page_000220_table_box_id_3 request= 0.739s scheduled= 0.740s status=ok active=9
[ 129.689s] RECV #00781 table=page_000826_table_32 request= 0.241s scheduled= 0.243s status=ok active=8
[ 129.801s] RECV #00782 table=page_000300_table_1 request= 0.282s scheduled= 0.282s status=ok active=7
[ 129.815s] SEND #00784 table=page_000629_table_14 lag=   0.6ms active=8
[ 129.931s] SEND #00785 table=page_001171_table_6 lag=   0.4ms active=9
[ 130.001s] RECV #00779 table=page_000465_table_4 request= 0.676s scheduled= 0.676s status=ok active=8
[ 130.055s] SEND #00786 table=page_001368_table_box_id_244 lag=   0.6ms active=9
[ 130.070s] RECV #00780 table=page_001135_table_6 request= 0.682s scheduled= 0.682s status=ok active=8
[ 130.082s] SEND #00787 table=page_001368_table_box_id_263 lag=   0.4ms active=9
[ 130.195s] RECV #00783 table=page_001189_table_box_id_3 request= 0.610s scheduled= 0.610s status=ok active=8
[ 130.351s] RECV #00757 table=page_000270_table_box_id_0 request= 5.222s scheduled= 5.222s status=ok active=7
[ 130.399s] RECV #00786 table=page_001368_table_box_id_244 request= 0.343s scheduled= 0.344s status=ok active=6
[ 130.418s] RECV #00771 table=page_001129_table_8 request= 1.986s scheduled= 1.987s status=ok active=5
[ 130.425s] RECV #00785 table=page_001171_table_6 request= 0.494s scheduled= 0.495s status=ok active=4
[ 130.430s] RECV #00784 table=page_000629_table_14 request= 0.615s scheduled= 0.616s status=ok active=3
[ 130.492s] SEND #00788 table=page_000238_table_box_id_2 lag=   0.2ms active=4
[ 130.557s] SEND #00789 table=page_001398_table_box-5zkimf1o lag=   0.3ms active=5
[ 130.624s] SEND #00790 table=page_000202_table_box_id_0 lag=   1.0ms active=6
[ 130.635s] SEND #00791 table=page_000268_table_box_id_2 lag=   0.4ms active=7
[ 130.979s] RECV #00789 table=page_001398_table_box-5zkimf1o request= 0.422s scheduled= 0.422s status=ok active=6
[ 131.056s] RECV #00788 table=page_000238_table_box_id_2 request= 0.564s scheduled= 0.565s status=ok active=5
[ 131.113s] RECV #00790 table=page_000202_table_box_id_0 request= 0.489s scheduled= 0.490s status=ok active=4
[ 131.237s] RECV #00787 table=page_001368_table_box_id_263 request= 1.155s scheduled= 1.156s status=ok active=3
[ 131.283s] SEND #00792 table=page_000941_table_1 lag=   0.4ms active=4
[ 131.392s] SEND #00793 table=page_000106_table_box_id_2 lag=   0.6ms active=5
[ 131.777s] RECV #00792 table=page_000941_table_1 request= 0.495s scheduled= 0.495s status=ok active=4
[ 131.799s] SEND #00794 table=page_000523_table_1 lag=   0.9ms active=5
[ 131.955s] RECV #00791 table=page_000268_table_box_id_2 request= 1.319s scheduled= 1.319s status=ok active=4
[ 131.990s] RECV #00772 table=page_000264_table_box_id_5 request= 3.482s scheduled= 3.483s status=ok active=3
[ 132.056s] RECV #00794 table=page_000523_table_1 request= 0.257s scheduled= 0.258s status=ok active=2
[ 132.071s] RECV #00770 table=page_000496_table_4 request= 3.669s scheduled= 3.669s status=ok active=1
[ 132.187s] RECV #00793 table=page_000106_table_box_id_2 request= 0.795s scheduled= 0.796s status=ok active=0
[ 132.236s] SEND #00795 table=page_001157_table_5 lag=   0.6ms active=1
[ 132.683s] RECV #00795 table=page_001157_table_5 request= 0.447s scheduled= 0.448s status=ok active=0
[ 132.820s] SEND #00796 table=page_000668_table_15 lag=   1.1ms active=1
[ 132.918s] RECV #00796 table=page_000668_table_15 request= 0.099s scheduled= 0.100s status=ok active=0
[ 133.101s] SEND #00797 table=page_000277_table_box_id_1 lag=   0.5ms active=1
[ 133.534s] SEND #00798 table=page_001367_table_67 lag=   1.0ms active=2
[ 133.960s] SEND #00799 table=page_000712_table_4 lag=   1.3ms active=3
[ 134.142s] RECV #00799 table=page_000712_table_4 request= 0.182s scheduled= 0.183s status=ok active=2
[ 134.203s] RECV #00798 table=page_001367_table_67 request= 0.669s scheduled= 0.670s status=ok active=1
[ 134.229s] SEND #00800 table=page_000526_table_7 lag=   0.5ms active=2
[ 134.253s] SEND #00801 table=page_001220_table_8 lag=   0.2ms active=3
[ 134.377s] SEND #00802 table=page_001375_table_3 lag=   0.6ms active=4
[ 134.520s] SEND #00803 table=page_001197_table_5 lag=   1.5ms active=5
[ 134.543s] RECV #00802 table=page_001375_table_3 request= 0.166s scheduled= 0.167s status=ok active=4
[ 134.639s] RECV #00800 table=page_000526_table_7 request= 0.410s scheduled= 0.410s status=ok active=3
[ 135.337s] SEND #00804 table=page_001036_table_box_id_4 lag=   2.5ms active=4
[ 135.591s] SEND #00805 table=page_001119_table_box_id_2 lag=   1.2ms active=5
[ 135.793s] SEND #00806 table=page_001367_table_51 lag=   0.9ms active=6
[ 135.851s] RECV #00801 table=page_001220_table_8 request= 1.598s scheduled= 1.598s status=ok active=5
[ 135.908s] RECV #00803 table=page_001197_table_5 request= 1.388s scheduled= 1.389s status=ok active=4
[ 136.022s] SEND #00807 table=page_000668_table_15 lag=   1.1ms active=5
[ 136.097s] SEND #00808 table=page_000292_table_box_id_5 lag=   1.1ms active=6
[ 136.144s] RECV #00807 table=page_000668_table_15 request= 0.122s scheduled= 0.124s status=ok active=5
[ 136.153s] RECV #00808 table=page_000292_table_box_id_5 request= 0.056s scheduled= 0.057s status=ok active=4
[ 136.184s] RECV #00805 table=page_001119_table_box_id_2 request= 0.593s scheduled= 0.594s status=ok active=3
[ 136.317s] RECV #00804 table=page_001036_table_box_id_4 request= 0.980s scheduled= 0.983s status=ok active=2
[ 136.526s] RECV #00806 table=page_001367_table_51 request= 0.734s scheduled= 0.734s status=ok active=1
[ 136.572s] SEND #00809 table=page_000273_table_box_id_1 lag=   0.7ms active=2
[ 136.744s] SEND #00810 table=page_001193_table_8 lag=   0.9ms active=3
[ 136.830s] SEND #00811 table=page_001368_table_box_id_159 lag=   0.9ms active=4
[ 136.933s] SEND #00812 table=page_000247_table_box_id_0 lag=   0.4ms active=5
[ 136.934s] RECV #00811 table=page_001368_table_box_id_159 request= 0.104s scheduled= 0.105s status=ok active=4
[ 137.035s] RECV #00812 table=page_000247_table_box_id_0 request= 0.102s scheduled= 0.103s status=ok active=3
[ 137.319s] RECV #00810 table=page_001193_table_8 request= 0.576s scheduled= 0.576s status=ok active=2
[ 137.584s] SEND #00813 table=page_001148_table_3 lag=   1.1ms active=3
[ 137.710s] SEND #00814 table=page_000763_table_7 lag=   0.4ms active=4
[ 137.741s] SEND #00815 table=page_000206_table_box_id_9 lag=   0.6ms active=5
[ 137.767s] SEND #00816 table=page_000639_table_11 lag=   0.5ms active=6
[ 137.814s] RECV #00814 table=page_000763_table_7 request= 0.104s scheduled= 0.104s status=ok active=5
[ 137.961s] SEND #00817 table=page_000641_table_5 lag=   0.7ms active=6
[ 138.099s] SEND #00818 table=page_000220_table_box_id_7 lag=   0.6ms active=7
[ 138.274s] RECV #00817 table=page_000641_table_5 request= 0.313s scheduled= 0.313s status=ok active=6
[ 138.416s] RECV #00815 table=page_000206_table_box_id_9 request= 0.675s scheduled= 0.676s status=ok active=5
[ 138.495s] SEND #00819 table=page_001398_table_box-bfny2f1z lag=   0.6ms active=6
[ 138.528s] SEND #00820 table=page_001169_table_11 lag=   0.3ms active=7
[ 138.617s] SEND #00821 table=page_000633_table_5 lag=   0.8ms active=8
[ 138.766s] RECV #00797 table=page_000277_table_box_id_1 request= 5.665s scheduled= 5.666s status=ok active=7
[ 138.833s] RECV #00820 table=page_001169_table_11 request= 0.305s scheduled= 0.305s status=ok active=6
[ 138.834s] SEND #00822 table=page_001271_table_4 lag=   1.0ms active=7
[ 138.842s] SEND #00823 table=page_000226_table_box_id_3 lag=   0.6ms active=8
[ 138.860s] SEND #00824 table=page_000631_table_0 lag=   0.9ms active=9
[ 138.991s] SEND #00825 table=page_000356_table_1 lag=   0.3ms active=10
[ 139.043s] SEND #00826 table=page_000207_table_box_id_1 lag=   0.9ms active=11
[ 139.063s] SEND #00827 table=page_001193_table_8 lag=   2.0ms active=12
[ 139.113s] SEND #00828 table=page_001196_table_13 lag=   1.0ms active=13
[ 139.182s] RECV #00818 table=page_000220_table_box_id_7 request= 1.083s scheduled= 1.084s status=ok active=12
[ 139.279s] SEND #00829 table=page_000918_table_0 lag=   0.8ms active=13
[ 139.306s] RECV #00819 table=page_001398_table_box-bfny2f1z request= 0.811s scheduled= 0.812s status=ok active=12
[ 139.404s] SEND #00830 table=page_001368_table_box_id_165 lag=   0.8ms active=13
[ 139.418s] SEND #00831 table=page_000226_table_box_id_3 lag=   2.1ms active=14
[ 139.429s] SEND #00832 table=page_001188_table_2 lag=   0.3ms active=15
[ 139.497s] RECV #00816 table=page_000639_table_11 request= 1.729s scheduled= 1.730s status=ok active=14
[ 139.594s] RECV #00825 table=page_000356_table_1 request= 0.603s scheduled= 0.603s status=ok active=13
[ 139.746s] SEND #00833 table=page_000268_table_box_id_6 lag=   0.6ms active=14
[ 139.833s] RECV #00823 table=page_000226_table_box_id_3 request= 0.990s scheduled= 0.991s status=ok active=13
[ 139.918s] SEND #00834 table=page_000237_table_box_id_3 lag=   0.5ms active=14
[ 139.922s] RECV #00813 table=page_001148_table_3 request= 2.338s scheduled= 2.339s status=ok active=13
[ 139.950s] SEND #00835 table=page_000913_table_11 lag=   0.5ms active=14
[ 140.141s] RECV #00829 table=page_000918_table_0 request= 0.862s scheduled= 0.863s status=ok active=13
[ 140.248s] RECV #00830 table=page_001368_table_box_id_165 request= 0.844s scheduled= 0.845s status=ok active=12
[ 140.249s] RECV #00827 table=page_001193_table_8 request= 1.186s scheduled= 1.188s status=ok active=11
[ 140.280s] SEND #00836 table=page_000245_table_box_id_0 lag=   1.0ms active=12
[ 140.284s] SEND #00837 table=page_001233_table_6 lag=   1.1ms active=13
[ 140.360s] SEND #00838 table=page_000249_table_box-gjm9bkso lag=   0.3ms active=14
[ 140.674s] SEND #00839 table=page_000242_table_box_id_3 lag=   0.8ms active=15
[ 140.704s] RECV #00824 table=page_000631_table_0 request= 1.844s scheduled= 1.845s status=ok active=14
[ 140.820s] RECV #00828 table=page_001196_table_13 request= 1.707s scheduled= 1.708s status=ok active=13
[ 140.880s] SEND #00840 table=page_000696_table_0 lag=   0.9ms active=14
[ 140.935s] SEND #00841 table=page_000638_table_1 lag=   0.2ms active=15
[ 140.975s] RECV #00831 table=page_000226_table_box_id_3 request= 1.557s scheduled= 1.559s status=ok active=14
[ 141.138s] RECV #00835 table=page_000913_table_11 request= 1.188s scheduled= 1.189s status=ok active=13
[ 141.221s] RECV #00809 table=page_000273_table_box_id_1 request= 4.650s scheduled= 4.650s status=ok active=12
[ 141.291s] RECV #00833 table=page_000268_table_box_id_6 request= 1.544s scheduled= 1.545s status=ok active=11
[ 141.306s] SEND #00842 table=page_001367_table_69 lag=   0.9ms active=12
[ 141.400s] RECV #00826 table=page_000207_table_box_id_1 request= 2.357s scheduled= 2.357s status=ok active=11
[ 141.457s] SEND #00843 table=page_001132_table_box_id_18 lag=   0.3ms active=12
[ 141.792s] SEND #00844 table=page_000269_table_box_id_1 lag=   0.9ms active=13
[ 141.803s] RECV #00821 table=page_000633_table_5 request= 3.186s scheduled= 3.187s status=ok active=12
[ 142.026s] RECV #00837 table=page_001233_table_6 request= 1.741s scheduled= 1.743s status=ok active=11
[ 142.159s] RECV #00840 table=page_000696_table_0 request= 1.279s scheduled= 1.280s status=ok active=10
[ 142.164s] SEND #00845 table=page_000793_table_8 lag=   1.0ms active=11
[ 142.245s] RECV #00836 table=page_000245_table_box_id_0 request= 1.964s scheduled= 1.965s status=ok active=10
[ 142.256s] SEND #00846 table=page_000251_table_box_id_7 lag=   0.4ms active=11
[ 142.414s] RECV #00843 table=page_001132_table_box_id_18 request= 0.956s scheduled= 0.957s status=ok active=10
[ 142.444s] SEND #00847 table=page_000942_table_3 lag=   0.6ms active=11
[ 142.501s] RECV #00834 table=page_000237_table_box_id_3 request= 2.583s scheduled= 2.583s status=ok active=10
[ 142.547s] RECV #00842 table=page_001367_table_69 request= 1.241s scheduled= 1.242s status=ok active=9
[ 142.575s] SEND #00848 table=page_000763_table_26 lag=   0.7ms active=10
[ 142.656s] RECV #00844 table=page_000269_table_box_id_1 request= 0.864s scheduled= 0.865s status=ok active=9
[ 142.733s] RECV #00845 table=page_000793_table_8 request= 0.569s scheduled= 0.570s status=ok active=8
[ 142.795s] RECV #00848 table=page_000763_table_26 request= 0.220s scheduled= 0.221s status=ok active=7
[ 142.843s] RECV #00841 table=page_000638_table_1 request= 1.907s scheduled= 1.908s status=ok active=6
[ 142.844s] RECV #00839 table=page_000242_table_box_id_3 request= 2.171s scheduled= 2.171s status=ok active=5
[ 143.010s] RECV #00822 table=page_001271_table_4 request= 4.176s scheduled= 4.177s status=ok active=4
[ 143.045s] RECV #00838 table=page_000249_table_box-gjm9bkso request= 2.686s scheduled= 2.686s status=ok active=3
[ 143.058s] SEND #00849 table=page_000790_table_9 lag=   0.9ms active=4
[ 143.092s] RECV #00847 table=page_000942_table_3 request= 0.648s scheduled= 0.648s status=ok active=3
[ 143.324s] SEND #00850 table=page_001176_table_4 lag=   0.4ms active=4
[ 143.511s] RECV #00846 table=page_000251_table_box_id_7 request= 1.254s scheduled= 1.255s status=ok active=3
[ 143.532s] RECV #00849 table=page_000790_table_9 request= 0.474s scheduled= 0.475s status=ok active=2
[ 143.540s] SEND #00851 table=page_001368_table_box_id_159 lag=   0.4ms active=3
[ 143.624s] RECV #00851 table=page_001368_table_box_id_159 request= 0.084s scheduled= 0.084s status=ok active=2
[ 143.820s] SEND #00852 table=page_000534_table_3 lag=   0.4ms active=3
[ 144.025s] RECV #00852 table=page_000534_table_3 request= 0.204s scheduled= 0.205s status=ok active=2
[ 144.473s] RECV #00832 table=page_001188_table_2 request= 5.043s scheduled= 5.044s status=ok active=1
[ 144.523s] RECV #00850 table=page_001176_table_4 request= 1.199s scheduled= 1.199s status=ok active=0
[ 144.870s] SEND #00853 table=page_000623_table_7 lag=   0.5ms active=1
[ 144.920s] SEND #00854 table=page_000258_table_box_id_5 lag=   0.9ms active=2
[ 144.958s] SEND #00855 table=page_000577_table_3 lag=   1.2ms active=3
[ 145.186s] SEND #00856 table=page_001368_table_box_id_167 lag=   0.4ms active=4
[ 145.254s] RECV #00856 table=page_001368_table_box_id_167 request= 0.069s scheduled= 0.069s status=ok active=3
[ 145.344s] RECV #00854 table=page_000258_table_box_id_5 request= 0.424s scheduled= 0.425s status=ok active=2
[ 145.381s] RECV #00855 table=page_000577_table_3 request= 0.423s scheduled= 0.425s status=ok active=1
[ 145.431s] SEND #00857 table=page_000799_table_6 lag=   1.0ms active=2
[ 145.552s] SEND #00858 table=page_000465_table_9 lag=   1.5ms active=3
[ 145.663s] SEND #00859 table=page_001160_table_6 lag=   1.1ms active=4
[ 145.749s] SEND #00860 table=page_001152_table_0 lag=   0.7ms active=5
[ 145.959s] RECV #00857 table=page_000799_table_6 request= 0.527s scheduled= 0.528s status=ok active=4
[ 146.106s] SEND #00861 table=page_001164_table_9 lag=   1.0ms active=5
[ 146.129s] RECV #00858 table=page_000465_table_9 request= 0.577s scheduled= 0.578s status=ok active=4
[ 146.308s] RECV #00853 table=page_000623_table_7 request= 1.438s scheduled= 1.438s status=ok active=3
[ 146.319s] RECV #00859 table=page_001160_table_6 request= 0.656s scheduled= 0.657s status=ok active=2
[ 146.372s] SEND #00862 table=page_001191_table_2 lag=   1.5ms active=3
[ 146.518s] SEND #00863 table=page_001208_table_12 lag=   1.0ms active=4
[ 146.525s] SEND #00864 table=page_001141_table_19 lag=   0.8ms active=5
[ 146.643s] RECV #00862 table=page_001191_table_2 request= 0.271s scheduled= 0.273s status=ok active=4
[ 146.791s] RECV #00864 table=page_001141_table_19 request= 0.267s scheduled= 0.267s status=ok active=3
[ 146.842s] SEND #00865 table=page_001496_table_3 lag=   0.4ms active=4
[ 146.945s] SEND #00866 table=page_000182_table_box_id_2 lag=   1.1ms active=5
[ 146.979s] SEND #00867 table=page_000984_table_3 lag=   0.9ms active=6
[ 147.038s] SEND #00868 table=page_000511_table_1 lag=   0.5ms active=7
[ 147.168s] RECV #00863 table=page_001208_table_12 request= 0.650s scheduled= 0.651s status=ok active=6
[ 147.234s] SEND #00869 table=page_000292_table_box_id_1 lag=   0.2ms active=7
[ 147.235s] SEND #00870 table=page_001194_table_3 lag=   0.2ms active=8
[ 147.257s] SEND #00871 table=page_000605_table_3 lag=   0.5ms active=9
[ 147.317s] SEND #00872 table=page_001124_table_21 lag=   1.1ms active=10
[ 147.680s] SEND #00873 table=page_000465_table_10 lag=   0.3ms active=11
[ 147.687s] RECV #00866 table=page_000182_table_box_id_2 request= 0.743s scheduled= 0.744s status=ok active=10
[ 147.732s] RECV #00871 table=page_000605_table_3 request= 0.475s scheduled= 0.476s status=ok active=9
[ 147.845s] RECV #00865 table=page_001496_table_3 request= 1.003s scheduled= 1.004s status=ok active=8
[ 147.909s] SEND #00874 table=page_000257_table_box_id_20 lag=   0.7ms active=9
[ 147.930s] RECV #00872 table=page_001124_table_21 request= 0.613s scheduled= 0.614s status=ok active=8
[ 147.931s] RECV #00867 table=page_000984_table_3 request= 0.952s scheduled= 0.953s status=ok active=7
[ 147.956s] RECV #00860 table=page_001152_table_0 request= 2.207s scheduled= 2.208s status=ok active=6
[ 148.044s] RECV #00870 table=page_001194_table_3 request= 0.809s scheduled= 0.809s status=ok active=5
[ 148.331s] RECV #00873 table=page_000465_table_10 request= 0.651s scheduled= 0.651s status=ok active=4
[ 148.498s] SEND #00875 table=page_000861_table_17 lag=   0.5ms active=5
[ 148.533s] RECV #00874 table=page_000257_table_box_id_20 request= 0.624s scheduled= 0.624s status=ok active=4
[ 148.628s] SEND #00876 table=page_000827_table_8 lag=   0.4ms active=5
[ 148.770s] SEND #00877 table=page_001230_table_box_id_1 lag=   0.6ms active=6
[ 148.904s] SEND #00878 table=page_001197_table_4 lag=   0.8ms active=7
[ 149.028s] SEND #00879 table=page_000203_table_box_id_3 lag=   0.5ms active=8
[ 149.043s] RECV #00876 table=page_000827_table_8 request= 0.415s scheduled= 0.415s status=ok active=7
[ 149.159s] SEND #00880 table=page_001184_table_6 lag=   1.0ms active=8
[ 149.292s] RECV #00861 table=page_001164_table_9 request= 3.186s scheduled= 3.187s status=ok active=7
[ 149.323s] RECV #00868 table=page_000511_table_1 request= 2.284s scheduled= 2.285s status=ok active=6
[ 149.342s] RECV #00880 table=page_001184_table_6 request= 0.183s scheduled= 0.184s status=ok active=5
[ 149.442s] SEND #00881 table=page_001272_table_1 lag=   0.3ms active=6
[ 149.469s] RECV #00877 table=page_001230_table_box_id_1 request= 0.699s scheduled= 0.699s status=ok active=5
[ 149.648s] RECV #00875 table=page_000861_table_17 request= 1.150s scheduled= 1.151s status=ok active=4
[ 149.954s] SEND #00882 table=page_001134_table_1 lag=   1.1ms active=5
[ 150.041s] SEND #00883 table=page_000827_table_8 lag=   0.7ms active=6
[ 150.145s] RECV #00883 table=page_000827_table_8 request= 0.104s scheduled= 0.104s status=ok active=5
[ 150.207s] SEND #00884 table=page_001367_table_3 lag=   1.0ms active=6
[ 150.268s] SEND #00885 table=page_001516_table_17 lag=   0.4ms active=7
[ 150.329s] SEND #00886 table=page_000294_table_box_id_1 lag=   2.0ms active=8
[ 150.446s] SEND #00887 table=page_001082_table_23 lag=   1.2ms active=9
[ 150.567s] RECV #00878 table=page_001197_table_4 request= 1.664s scheduled= 1.664s status=ok active=8
[ 150.593s] SEND #00888 table=page_000524_table_0 lag=   0.9ms active=9
[ 150.726s] SEND #00889 table=page_001367_table_71 lag=   0.8ms active=10
[ 150.863s] RECV #00885 table=page_001516_table_17 request= 0.595s scheduled= 0.596s status=ok active=9
[ 151.062s] RECV #00887 table=page_001082_table_23 request= 0.616s scheduled= 0.617s status=ok active=8
[ 151.138s] RECV #00869 table=page_000292_table_box_id_1 request= 3.904s scheduled= 3.904s status=ok active=7
[ 151.165s] RECV #00889 table=page_001367_table_71 request= 0.439s scheduled= 0.440s status=ok active=6
[ 151.351s] SEND #00890 table=page_000938_table_5 lag=   0.4ms active=7
[ 151.367s] RECV #00879 table=page_000203_table_box_id_3 request= 2.339s scheduled= 2.339s status=ok active=6
[ 151.381s] SEND #00891 table=page_001143_table_4 lag=   0.6ms active=7
[ 151.550s] SEND #00892 table=page_000823_table_8 lag=   0.8ms active=8
[ 151.625s] RECV #00892 table=page_000823_table_8 request= 0.075s scheduled= 0.076s status=ok active=7
[ 151.699s] RECV #00881 table=page_001272_table_1 request= 2.257s scheduled= 2.257s status=ok active=6
[ 151.722s] RECV #00890 table=page_000938_table_5 request= 0.370s scheduled= 0.371s status=ok active=5
[ 151.848s] RECV #00891 table=page_001143_table_4 request= 0.467s scheduled= 0.467s status=ok active=4
[ 151.991s] RECV #00888 table=page_000524_table_0 request= 1.398s scheduled= 1.399s status=ok active=3
[ 151.994s] RECV #00884 table=page_001367_table_3 request= 1.787s scheduled= 1.788s status=ok active=2
[ 152.020s] RECV #00882 table=page_001134_table_1 request= 2.066s scheduled= 2.067s status=ok active=1
[ 152.165s] RECV #00886 table=page_000294_table_box_id_1 request= 1.836s scheduled= 1.838s status=ok active=0
[ 152.418s] SEND #00893 table=page_000516_table_0 lag=   0.7ms active=1
[ 152.640s] SEND #00894 table=page_000554_table_12 lag=   0.5ms active=2
[ 152.779s] SEND #00895 table=page_001506_table_14 lag=   0.2ms active=3
[ 152.856s] SEND #00896 table=page_000205_table_box_id_11 lag=   0.5ms active=4
[ 152.863s] RECV #00894 table=page_000554_table_12 request= 0.223s scheduled= 0.224s status=ok active=3
[ 152.942s] SEND #00897 table=page_000612_table_6 lag=   1.0ms active=4
[ 153.015s] RECV #00895 table=page_001506_table_14 request= 0.236s scheduled= 0.236s status=ok active=3
[ 153.356s] RECV #00896 table=page_000205_table_box_id_11 request= 0.500s scheduled= 0.501s status=ok active=2
[ 153.401s] SEND #00898 table=page_000532_table_4 lag=   1.0ms active=3
[ 153.501s] RECV #00897 table=page_000612_table_6 request= 0.559s scheduled= 0.560s status=ok active=2
[ 153.671s] RECV #00898 table=page_000532_table_4 request= 0.269s scheduled= 0.271s status=ok active=1
[ 153.754s] RECV #00893 table=page_000516_table_0 request= 1.336s scheduled= 1.336s status=ok active=0
[ 153.777s] SEND #00899 table=page_001419_table_10 lag=   0.7ms active=1
[ 153.962s] SEND #00900 table=page_000929_table_0 lag=   0.9ms active=2
[ 154.124s] RECV #00899 table=page_001419_table_10 request= 0.347s scheduled= 0.348s status=ok active=1
[ 154.344s] SEND #00901 table=page_001135_table_6 lag=   1.1ms active=2
[ 154.451s] RECV #00900 table=page_000929_table_0 request= 0.489s scheduled= 0.490s status=ok active=1
[ 154.775s] SEND #00902 table=page_000716_table_2 lag=   0.6ms active=2
[ 154.843s] RECV #00901 table=page_001135_table_6 request= 0.499s scheduled= 0.501s status=ok active=1
[ 154.867s] RECV #00902 table=page_000716_table_2 request= 0.092s scheduled= 0.092s status=ok active=0
[ 155.088s] SEND #00903 table=page_001398_table_box-5zkimf1o lag=   0.7ms active=1
[ 155.168s] SEND #00904 table=page_000654_table_0 lag=   0.8ms active=2
[ 155.273s] SEND #00905 table=page_001204_table_4 lag=   1.5ms active=3
[ 155.378s] RECV #00904 table=page_000654_table_0 request= 0.210s scheduled= 0.211s status=ok active=2
[ 155.381s] RECV #00903 table=page_001398_table_box-5zkimf1o request= 0.293s scheduled= 0.294s status=ok active=1
[ 155.537s] SEND #00906 table=page_000299_table_box_id_5 lag=   0.9ms active=2
[ 155.615s] SEND #00907 table=page_000745_table_2 lag=   1.2ms active=3
[ 155.845s] SEND #00908 table=page_000229_table_box_id_3 lag=   0.5ms active=4
[ 155.864s] RECV #00907 table=page_000745_table_2 request= 0.249s scheduled= 0.250s status=ok active=3
[ 155.955s] SEND #00909 table=page_000603_table_7 lag=   0.3ms active=4
[ 156.023s] SEND #00910 table=page_001133_table_3 lag=   0.7ms active=5
[ 156.125s] SEND #00911 table=page_001368_table_box_id_263 lag=   0.6ms active=6
[ 156.146s] SEND #00912 table=page_000229_table_box_id_7 lag=   0.7ms active=7
[ 156.219s] SEND #00913 table=page_000269_table_box_id_1 lag=   1.4ms active=8
[ 156.308s] SEND #00914 table=page_001128_table_2 lag=   0.8ms active=9
[ 156.311s] SEND #00915 table=page_000287_table_box_id_1 lag=   0.6ms active=10
[ 156.343s] SEND #00916 table=page_001132_table_box_id_18 lag=   0.8ms active=11
[ 156.392s] SEND #00917 table=page_000721_table_19 lag=   0.5ms active=12
[ 156.424s] RECV #00913 table=page_000269_table_box_id_1 request= 0.204s scheduled= 0.206s status=ok active=11
[ 156.556s] RECV #00908 table=page_000229_table_box_id_3 request= 0.711s scheduled= 0.711s status=ok active=10
[ 156.631s] RECV #00909 table=page_000603_table_7 request= 0.676s scheduled= 0.677s status=ok active=9
[ 156.662s] RECV #00905 table=page_001204_table_4 request= 1.389s scheduled= 1.390s status=ok active=8
[ 156.700s] RECV #00912 table=page_000229_table_box_id_7 request= 0.554s scheduled= 0.555s status=ok active=7
[ 156.719s] SEND #00918 table=page_000236_table_box_id_1 lag=   2.1ms active=8
[ 156.842s] RECV #00917 table=page_000721_table_19 request= 0.450s scheduled= 0.450s status=ok active=7
[ 156.867s] SEND #00919 table=page_000307_table_2 lag=   0.9ms active=8
[ 156.900s] RECV #00916 table=page_001132_table_box_id_18 request= 0.558s scheduled= 0.559s status=ok active=7
[ 156.923s] SEND #00920 table=page_001166_table_9 lag=   0.9ms active=8
[ 157.268s] RECV #00918 table=page_000236_table_box_id_1 request= 0.549s scheduled= 0.551s status=ok active=7
[ 157.333s] RECV #00920 table=page_001166_table_9 request= 0.410s scheduled= 0.411s status=ok active=6
[ 157.444s] RECV #00911 table=page_001368_table_box_id_263 request= 1.319s scheduled= 1.320s status=ok active=5
[ 157.511s] RECV #00906 table=page_000299_table_box_id_5 request= 1.974s scheduled= 1.975s status=ok active=4
[ 157.649s] RECV #00910 table=page_001133_table_3 request= 1.626s scheduled= 1.627s status=ok active=3
[ 157.661s] RECV #00914 table=page_001128_table_2 request= 1.353s scheduled= 1.354s status=ok active=2
[ 157.738s] RECV #00915 table=page_000287_table_box_id_1 request= 1.427s scheduled= 1.427s status=ok active=1
[ 157.937s] SEND #00921 table=page_001368_table_box_id_278 lag=   0.8ms active=2
[ 157.987s] SEND #00922 table=page_000273_table_box_id_1 lag=   0.8ms active=3
[ 158.045s] RECV #00921 table=page_001368_table_box_id_278 request= 0.108s scheduled= 0.109s status=ok active=2
[ 158.107s] SEND #00923 table=page_000236_table_box_id_5 lag=   0.3ms active=3
[ 158.269s] RECV #00919 table=page_000307_table_2 request= 1.403s scheduled= 1.404s status=ok active=2
[ 158.331s] SEND #00924 table=page_000451_table_12 lag=   0.4ms active=3
[ 158.527s] SEND #00925 table=page_000554_table_0 lag=   0.4ms active=4
[ 158.622s] SEND #00926 table=page_000946_table_14 lag=   0.5ms active=5
[ 158.646s] RECV #00923 table=page_000236_table_box_id_5 request= 0.540s scheduled= 0.540s status=ok active=4
[ 158.727s] RECV #00925 table=page_000554_table_0 request= 0.200s scheduled= 0.200s status=ok active=3
[ 158.869s] RECV #00926 table=page_000946_table_14 request= 0.247s scheduled= 0.247s status=ok active=2
[ 158.872s] SEND #00927 table=page_000762_table_5 lag=   0.7ms active=3
[ 158.980s] RECV #00927 table=page_000762_table_5 request= 0.108s scheduled= 0.109s status=ok active=2
[ 158.983s] SEND #00928 table=page_000292_table_box_id_5 lag=   0.4ms active=3
[ 159.039s] RECV #00928 table=page_000292_table_box_id_5 request= 0.056s scheduled= 0.057s status=ok active=2
[ 159.192s] SEND #00929 table=page_000224_table_box-3str9h9p lag=   0.6ms active=3
[ 159.305s] SEND #00930 table=page_000514_table_8 lag=   0.7ms active=4
[ 159.461s] RECV #00924 table=page_000451_table_12 request= 1.130s scheduled= 1.130s status=ok active=3
[ 159.632s] RECV #00930 table=page_000514_table_8 request= 0.327s scheduled= 0.328s status=ok active=2
[ 159.898s] SEND #00931 table=page_001216_table_2 lag=   1.3ms active=3
[ 160.039s] RECV #00929 table=page_000224_table_box-3str9h9p request= 0.847s scheduled= 0.848s status=ok active=2
[ 160.108s] SEND #00932 table=page_000591_table_3 lag=   0.6ms active=3
[ 160.123s] SEND #00933 table=page_000199_table_box_id_0 lag=   0.4ms active=4
[ 160.147s] SEND #00934 table=page_001163_table_0 lag=   1.1ms active=5
[ 160.685s] RECV #00932 table=page_000591_table_3 request= 0.577s scheduled= 0.578s status=ok active=4
[ 160.713s] SEND #00935 table=page_000208_table_box_id_7 lag=   0.9ms active=5
[ 160.756s] SEND #00936 table=page_000420_table_0 lag=   0.4ms active=6
[ 160.761s] SEND #00937 table=page_000680_table_11 lag=   0.8ms active=7
[ 160.810s] SEND #00938 table=page_000677_table_23 lag=   0.9ms active=8
[ 160.918s] SEND #00939 table=page_001248_table_0 lag=   0.7ms active=9
[ 161.044s] RECV #00938 table=page_000677_table_23 request= 0.235s scheduled= 0.236s status=ok active=8
[ 161.219s] RECV #00931 table=page_001216_table_2 request= 1.320s scheduled= 1.321s status=ok active=7
[ 161.339s] RECV #00936 table=page_000420_table_0 request= 0.583s scheduled= 0.584s status=ok active=6
[ 161.395s] RECV #00935 table=page_000208_table_box_id_7 request= 0.682s scheduled= 0.683s status=ok active=5
[ 161.425s] SEND #00940 table=page_001417_table_2 lag=   0.4ms active=6
[ 161.506s] RECV #00939 table=page_001248_table_0 request= 0.587s scheduled= 0.588s status=ok active=5
[ 161.510s] SEND #00941 table=page_000507_table_6 lag=   0.7ms active=6
[ 161.525s] RECV #00937 table=page_000680_table_11 request= 0.764s scheduled= 0.765s status=ok active=5
[ 161.637s] RECV #00940 table=page_001417_table_2 request= 0.213s scheduled= 0.213s status=ok active=4
[ 161.724s] SEND #00942 table=page_000182_table_box-tn22tc2f lag=   0.2ms active=5
[ 161.808s] RECV #00934 table=page_001163_table_0 request= 1.661s scheduled= 1.662s status=ok active=4
[ 161.942s] RECV #00942 table=page_000182_table_box-tn22tc2f request= 0.218s scheduled= 0.219s status=ok active=3
[ 162.024s] SEND #00943 table=page_001367_table_66 lag=   0.4ms active=4
[ 162.039s] SEND #00944 table=page_000256_table_box_id_8 lag=   0.6ms active=5
[ 162.197s] SEND #00945 table=page_000627_table_14 lag=   0.8ms active=6
[ 162.224s] RECV #00922 table=page_000273_table_box_id_1 request= 4.237s scheduled= 4.238s status=ok active=5
[ 162.288s] RECV #00933 table=page_000199_table_box_id_0 request= 2.164s scheduled= 2.165s status=ok active=4
[ 162.466s] RECV #00941 table=page_000507_table_6 request= 0.956s scheduled= 0.956s status=ok active=3
[ 162.529s] RECV #00944 table=page_000256_table_box_id_8 request= 0.490s scheduled= 0.490s status=ok active=2
[ 162.676s] RECV #00945 table=page_000627_table_14 request= 0.479s scheduled= 0.479s status=ok active=1
[ 162.732s] RECV #00943 table=page_001367_table_66 request= 0.709s scheduled= 0.709s status=ok active=0
[ 163.109s] SEND #00946 table=page_001273_table_8 lag=   1.0ms active=1
[ 163.242s] SEND #00947 table=page_001155_table_4 lag=   1.1ms active=2
[ 163.369s] SEND #00948 table=page_000632_table_6 lag=   0.5ms active=3
[ 163.420s] RECV #00947 table=page_001155_table_4 request= 0.178s scheduled= 0.179s status=ok active=2
[ 163.440s] SEND #00949 table=page_001026_table_box_id_25 lag=   0.4ms active=3
[ 163.644s] RECV #00948 table=page_000632_table_6 request= 0.275s scheduled= 0.276s status=ok active=2
[ 163.926s] SEND #00950 table=page_000225_table_box_id_13 lag=   0.4ms active=3
[ 164.042s] RECV #00949 table=page_001026_table_box_id_25 request= 0.602s scheduled= 0.602s status=ok active=2
[ 164.510s] SEND #00951 table=page_000858_table_1 lag=   1.2ms active=3
[ 164.527s] SEND #00952 table=page_001233_table_6 lag=   0.8ms active=4
[ 164.661s] SEND #00953 table=page_000242_table_box_id_3 lag=   0.5ms active=5
[ 164.676s] RECV #00951 table=page_000858_table_1 request= 0.166s scheduled= 0.167s status=ok active=4
[ 164.752s] SEND #00954 table=page_001134_table_10 lag=   0.7ms active=5
[ 164.790s] RECV #00950 table=page_000225_table_box_id_13 request= 0.863s scheduled= 0.864s status=ok active=4
[ 164.937s] SEND #00955 table=page_000861_table_17 lag=   0.3ms active=5
[ 164.959s] SEND #00956 table=page_001368_table_box_id_280 lag=   0.9ms active=6
[ 165.010s] SEND #00957 table=page_000790_table_9 lag=   0.8ms active=7
[ 165.060s] RECV #00946 table=page_001273_table_8 request= 1.951s scheduled= 1.952s status=ok active=6
[ 165.064s] SEND #00958 table=page_000265_table_box_id_3 lag=   0.7ms active=7
[ 165.173s] SEND #00959 table=page_000921_table_9 lag=   0.7ms active=8
[ 165.437s] SEND #00960 table=page_000626_table_box_id_7 lag=   1.2ms active=9
[ 165.567s] RECV #00956 table=page_001368_table_box_id_280 request= 0.608s scheduled= 0.609s status=ok active=8
[ 165.680s] RECV #00952 table=page_001233_table_6 request= 1.153s scheduled= 1.154s status=ok active=7
[ 165.762s] SEND #00961 table=page_001124_table_21 lag=   1.1ms active=8
[ 165.763s] RECV #00959 table=page_000921_table_9 request= 0.589s scheduled= 0.590s status=ok active=7
[ 165.920s] RECV #00957 table=page_000790_table_9 request= 0.910s scheduled= 0.911s status=ok active=6
[ 165.930s] RECV #00961 table=page_001124_table_21 request= 0.168s scheduled= 0.169s status=ok active=5
[ 166.018s] SEND #00962 table=page_000554_table_0 lag=   0.4ms active=6
[ 166.130s] RECV #00955 table=page_000861_table_17 request= 1.193s scheduled= 1.193s status=ok active=5
[ 166.169s] RECV #00962 table=page_000554_table_0 request= 0.150s scheduled= 0.151s status=ok active=4
[ 166.207s] SEND #00963 table=page_000224_table_box-3str9h9p lag=   0.8ms active=5
[ 166.222s] SEND #00964 table=page_001137_table_11 lag=   0.3ms active=6
[ 166.304s] SEND #00965 table=page_000643_table_4 lag=   0.8ms active=7
[ 166.369s] RECV #00953 table=page_000242_table_box_id_3 request= 1.707s scheduled= 1.708s status=ok active=6
[ 166.489s] SEND #00966 table=page_001082_table_34 lag=   1.4ms active=7
[ 166.513s] RECV #00954 table=page_001134_table_10 request= 1.761s scheduled= 1.762s status=ok active=6
[ 166.547s] SEND #00967 table=page_000835_table_2 lag=   1.1ms active=7
[ 166.665s] SEND #00968 table=page_000276_table_box_id_5 lag=   0.7ms active=8
[ 166.708s] RECV #00967 table=page_000835_table_2 request= 0.161s scheduled= 0.162s status=ok active=7
[ 166.711s] RECV #00958 table=page_000265_table_box_id_3 request= 1.647s scheduled= 1.647s status=ok active=6
[ 167.057s] SEND #00969 table=page_001138_table_1 lag=   0.5ms active=7
[ 167.078s] SEND #00970 table=page_001376_table_5 lag=   1.1ms active=8
[ 167.293s] RECV #00964 table=page_001137_table_11 request= 1.071s scheduled= 1.072s status=ok active=7
[ 167.363s] RECV #00963 table=page_000224_table_box-3str9h9p request= 1.156s scheduled= 1.157s status=ok active=6
[ 167.398s] SEND #00971 table=page_000746_table_18 lag=   0.9ms active=7
[ 167.417s] SEND #00972 table=page_000821_table_box_id_26 lag=   0.5ms active=8
[ 167.456s] RECV #00970 table=page_001376_table_5 request= 0.378s scheduled= 0.379s status=ok active=7
[ 167.498s] SEND #00973 table=page_000195_table_box_id_0 lag=   0.9ms active=8
[ 167.738s] RECV #00972 table=page_000821_table_box_id_26 request= 0.321s scheduled= 0.321s status=ok active=7
[ 167.785s] RECV #00966 table=page_001082_table_34 request= 1.296s scheduled= 1.297s status=ok active=6
[ 167.891s] SEND #00974 table=page_000215_table_box_id_4 lag=   0.6ms active=7
[ 167.929s] SEND #00975 table=page_000982_table_16 lag=   1.1ms active=8
[ 168.051s] SEND #00976 table=page_001178_table_0 lag=   0.3ms active=9
[ 168.141s] SEND #00977 table=page_001121_table_10 lag=   0.4ms active=10
[ 168.202s] RECV #00975 table=page_000982_table_16 request= 0.273s scheduled= 0.274s status=ok active=9
[ 168.394s] RECV #00974 table=page_000215_table_box_id_4 request= 0.503s scheduled= 0.503s status=ok active=8
[ 168.506s] SEND #00978 table=page_000106_table_box_id_4 lag=   0.9ms active=9
[ 168.651s] RECV #00971 table=page_000746_table_18 request= 1.252s scheduled= 1.253s status=ok active=8
[ 168.702s] RECV #00973 table=page_000195_table_box_id_0 request= 1.204s scheduled= 1.205s status=ok active=7
[ 168.760s] RECV #00978 table=page_000106_table_box_id_4 request= 0.254s scheduled= 0.255s status=ok active=6
[ 168.801s] RECV #00960 table=page_000626_table_box_id_7 request= 3.365s scheduled= 3.366s status=ok active=5
[ 169.313s] SEND #00979 table=page_000709_table_12 lag=   1.3ms active=6
[ 169.368s] SEND #00980 table=page_000793_table_8 lag=   0.2ms active=7
[ 169.413s] RECV #00979 table=page_000709_table_12 request= 0.101s scheduled= 0.102s status=ok active=6
[ 169.471s] RECV #00977 table=page_001121_table_10 request= 1.330s scheduled= 1.330s status=ok active=5
[ 169.472s] RECV #00980 table=page_000793_table_8 request= 0.104s scheduled= 0.104s status=ok active=4
[ 169.482s] SEND #00981 table=page_000737_table_6 lag=   1.3ms active=5
[ 169.491s] RECV #00969 table=page_001138_table_1 request= 2.434s scheduled= 2.434s status=ok active=4
[ 169.586s] RECV #00965 table=page_000643_table_4 request= 3.282s scheduled= 3.283s status=ok active=3
[ 169.712s] RECV #00976 table=page_001178_table_0 request= 1.661s scheduled= 1.662s status=ok active=2
[ 169.745s] RECV #00981 table=page_000737_table_6 request= 0.263s scheduled= 0.264s status=ok active=1
[ 169.857s] SEND #00982 table=page_000446_table_3 lag=   0.6ms active=2
[ 169.988s] SEND #00983 table=page_001126_table_18 lag=   0.5ms active=3
[ 170.029s] SEND #00984 table=page_000232_table_box_id_8 lag=   1.1ms active=4
[ 170.221s] RECV #00983 table=page_001126_table_18 request= 0.233s scheduled= 0.233s status=ok active=3
[ 170.267s] SEND #00985 table=page_000715_table_14 lag=   0.9ms active=4
[ 170.335s] SEND #00986 table=page_001125_table_9 lag=   1.1ms active=5
[ 170.376s] RECV #00985 table=page_000715_table_14 request= 0.109s scheduled= 0.110s status=ok active=4
[ 170.446s] SEND #00987 table=page_000866_table_14 lag=   0.8ms active=5
[ 170.447s] SEND #00988 table=page_000746_table_18 lag=   0.2ms active=6
[ 170.536s] RECV #00984 table=page_000232_table_box_id_8 request= 0.507s scheduled= 0.508s status=ok active=5
[ 170.871s] RECV #00987 table=page_000866_table_14 request= 0.425s scheduled= 0.426s status=ok active=4
[ 171.199s] SEND #00989 table=page_001595_table_box_id_7 lag=   1.1ms active=5
[ 171.377s] SEND #00990 table=page_000297_table_5 lag=   0.7ms active=6
[ 171.464s] RECV #00988 table=page_000746_table_18 request= 1.018s scheduled= 1.018s status=ok active=5
[ 171.810s] SEND #00991 table=page_000343_table_0 lag=   0.4ms active=6
[ 171.901s] RECV #00991 table=page_000343_table_0 request= 0.091s scheduled= 0.091s status=ok active=5
[ 171.985s] RECV #00968 table=page_000276_table_box_id_5 request= 5.320s scheduled= 5.321s status=ok active=4
[ 172.047s] RECV #00989 table=page_001595_table_box_id_7 request= 0.848s scheduled= 0.850s status=ok active=3
[ 172.105s] RECV #00986 table=page_001125_table_9 request= 1.769s scheduled= 1.771s status=ok active=2
[ 172.200s] RECV #00990 table=page_000297_table_5 request= 0.823s scheduled= 0.824s status=ok active=1
[ 172.387s] SEND #00992 table=page_001222_table_2 lag=   0.4ms active=2
[ 172.439s] SEND #00993 table=page_000630_table_2 lag=   0.3ms active=3
[ 172.569s] SEND #00994 table=page_000260_table_box_id_0 lag=   0.6ms active=4
[ 172.666s] SEND #00995 table=page_000239_table_box_id_7 lag=   0.7ms active=5
[ 172.905s] SEND #00996 table=page_000652_table_3 lag=   1.8ms active=6
[ 172.960s] RECV #00995 table=page_000239_table_box_id_7 request= 0.294s scheduled= 0.295s status=ok active=5
[ 172.995s] RECV #00996 table=page_000652_table_3 request= 0.090s scheduled= 0.092s status=ok active=4
[ 173.178s] RECV #00982 table=page_000446_table_3 request= 3.321s scheduled= 3.322s status=ok active=3
[ 173.211s] SEND #00997 table=page_001368_table_box_id_239 lag=   0.2ms active=4
[ 173.255s] SEND #00998 table=page_001156_table_6 lag=   0.6ms active=5
[ 173.309s] SEND #00999 table=page_000821_table_box_id_14 lag=   0.9ms active=6
[ 173.505s] RECV #00999 table=page_000821_table_box_id_14 request= 0.197s scheduled= 0.198s status=ok active=5
[ 173.514s] SEND #01000 table=page_000468_table_11 lag=   2.4ms active=6
[ 173.546s] RECV #00997 table=page_001368_table_box_id_239 request= 0.335s scheduled= 0.335s status=ok active=5
[ 173.574s] RECV #00994 table=page_000260_table_box_id_0 request= 1.005s scheduled= 1.005s status=ok active=4
[ 173.685s] RECV #01000 table=page_000468_table_11 request= 0.171s scheduled= 0.173s status=ok active=3
[ 173.938s] RECV #00998 table=page_001156_table_6 request= 0.683s scheduled= 0.684s status=ok active=2
[ 174.051s] RECV #00993 table=page_000630_table_2 request= 1.612s scheduled= 1.612s status=ok active=1
[ 174.383s] RECV #00992 table=page_001222_table_2 request= 1.995s scheduled= 1.996s status=ok active=0
DONE completed=1000 failed=0 max_active=18 p50=0.796s p95=3.671s max=8.436s
Summary: /workspace/repos/paddle_ocr_vl_npu/tmp/19_table_ocr_serving/live_memory_20260913/before/round3/results/summary.json
