[npu] jit_compile=False; Conv3D NPU inference patch enabled
[setup] shard=0/1 pages=128 model=/workspace/models/MinerU2.5-Pro-2605-1.2B
The `use_fast` parameter is deprecated and will be removed in a future version. Use `backend="torchvision"` instead of `use_fast=True`, or `backend="pil"` instead of `use_fast=False`.
[warmup] START pages=2 dataset_indices=[0, 1]
2026-08-06 11:59:17.364 | DEBUG    | mineru_vl_utils.mineru_client:parse_layout_output:239 - Layout raw output: 
<|box_start|>162 102 561 116<|box_end|><|ref_start|>header<|ref_end|><|rotate_up|>
<|box_start|>801 101 830 114<|box_end|><|ref_start|>page_number<|ref_end|><|rotate_up|>
<|box_start|>162 136 197 149<|box_end|><|ref_start|>text<|ref_end|><|rotate_up|>
<|box_start|>243 155 750 229<|box_end|><|ref_start|>equation_block<|ref_end|><|rotate_up|>
<|box_start|>249 158 490 191<|box_end|><|ref_start|>equation<|ref_end|><|rotate_up|>
<|box_start|>282 193 746 228<|box_end|><|ref_start|>equation<|ref_end|><|rotate_up|>
<|box_start|>162 236 834 299<|box_end|><|ref_start|>text<|ref_end|><|rotate_up|>
<|box_start|>164 307 834 340<|box_end|><|ref_start|>text<|ref_end|><|rotate_up|>
<|box_start|>165 340 836 438<|box_end|><|ref_start|>text<|ref_end|><|rotate_up|>
<|box_start|>168 445 771 567<|box_end|><|ref_start|>equation<|ref_end|><|rotate_up|>
<|box_start|>167 572 838 622<|box_end|><|ref_start|>text<|ref_end|><|rotate_up|>
<|box_start|>167 635 838 669<|box_end|><|ref_start|>text<|ref_end|><|rotate_up|>
<|box_start|>171 677 665 730<|box_end|><|ref_start|>equation<|ref_end|><|rotate_up|>
<|box_start|>168 737 838 777<|box_end|><|ref_start|>text<|ref_end|><|rotate_up|>
<|box_start|>264 784 745 839<|box_end|><|ref_start|>equation<|ref_end|><|rotate_up|>
2026-08-06 11:59:17.366 | DEBUG    | mineru_vl_utils.mineru_client:parse_layout_output:239 - Layout raw output: 
<|box_start|>150 103 179 116<|box_end|><|ref_start|>page_number<|ref_end|><|rotate_up|>
<|box_start|>194 103 623 117<|box_end|><|ref_start|>header<|ref_end|><|rotate_up|>
<|box_start|>147 135 819 169<|box_end|><|ref_start|>text<|ref_end|><|rotate_up|>
<|box_start|>307 177 652 322<|box_end|><|ref_start|>equation<|ref_end|><|rotate_up|>
<|box_start|>149 329 820 379<|box_end|><|ref_start|>text<|ref_end|><|rotate_up|>
<|box_start|>348 389 586 512<|box_end|><|ref_start|>equation_block<|ref_end|><|rotate_up|>
<|box_start|>348 389 459 404<|box_end|><|ref_start|>equation<|ref_end|><|rotate_up|>
<|box_start|>369 405 502 427<|box_end|><|ref_start|>equation<|ref_end|><|rotate_up|>
<|box_start|>370 427 443 447<|box_end|><|ref_start|>equation<|ref_end|><|rotate_up|>
<|box_start|>370 447 509 461<|box_end|><|ref_start|>equation<|ref_end|><|rotate_up|>
<|box_start|>389 462 585 484<|box_end|><|ref_start|>equation<|ref_end|><|rotate_up|>
<|box_start|>370 484 402 495<|box_end|><|ref_start|>equation<|ref_end|><|rotate_up|>
<|box_start|>351 499 383 511<|box_end|><|ref_start|>text<|ref_end|><|rotate_up|>
<|box_start|>150 525 820 562<|box_end|><|ref_start|>text<|ref_end|><|rotate_up|>
<|box_start|>310 569 655 715<|box_end|><|ref_start|>equation<|ref_end|><|rotate_up|>
<|box_start|>151 722 823 773<|box_end|><|ref_start|>text<|ref_end|><|rotate_up|>
<|box_start|>350 782 512 841<|box_end|><|ref_start|>equation_block<|ref_end|><|rotate_up|>
<|box_start|>350 782 497 798<|box_end|><|ref_start|>equation<|ref_end|><|rotate_up|>
<|box_start|>373 799 510 819<|box_end|><|ref_start|>equation<|ref_end|><|rotate_up|>
<|box_start|>373 820 467 840<|box_end|><|ref_start|>equation<|ref_end|><|rotate_up|>
[warmup] DONE pages=2 elapsed_s=17.055; outputs discarded; measurement counters reset
[setup] complete elapsed_s=22.340
[group 1/4] START pages=32 dataset_indices=[0, 1, 2, 3, 4, 5, 6, 7, 8, 9, 10, 11, 12, 13, 14, 15, 16, 17, 18, 19, 20, 21, 22, 23, 24, 25, 26, 27, 28, 29, 30, 31]
2026-08-06 11:59:45.980 | DEBUG    | mineru_vl_utils.mineru_client:parse_layout_output:239 - Layout raw output: 
<|box_start|>162 102 561 116<|box_end|><|ref_start|>header<|ref_end|><|rotate_up|>
<|box_start|>801 101 830 114<|box_end|><|ref_start|>page_number<|ref_end|><|rotate_up|>
<|box_start|>162 136 197 149<|box_end|><|ref_start|>text<|ref_end|><|rotate_up|>
<|box_start|>246 156 749 229<|box_end|><|ref_start|>equation_block<|ref_end|><|rotate_up|>
<|box_start|>249 158 490 191<|box_end|><|ref_start|>equation<|ref_end|><|rotate_up|>
<|box_start|>282 193 746 228<|box_end|><|ref_start|>equation<|ref_end|><|rotate_up|>
<|box_start|>162 236 834 299<|box_end|><|ref_start|>text<|ref_end|><|rotate_up|>
<|box_start|>164 307 834 340<|box_end|><|ref_start|>text<|ref_end|><|rotate_up|>
<|box_start|>165 340 836 438<|box_end|><|ref_start|>text<|ref_end|><|rotate_up|>
<|box_start|>168 445 771 567<|box_end|><|ref_start|>equation<|ref_end|><|rotate_up|>
<|box_start|>167 572 838 622<|box_end|><|ref_start|>text<|ref_end|><|rotate_up|>
<|box_start|>167 635 838 669<|box_end|><|ref_start|>text<|ref_end|><|rotate_up|>
<|box_start|>171 677 665 730<|box_end|><|ref_start|>equation<|ref_end|><|rotate_up|>
<|box_start|>168 738 838 777<|box_end|><|ref_start|>text<|ref_end|><|rotate_up|>
<|box_start|>264 784 745 839<|box_end|><|ref_start|>equation<|ref_end|><|rotate_up|>
2026-08-06 11:59:45.981 | DEBUG    | mineru_vl_utils.mineru_client:parse_layout_output:239 - Layout raw output: 
<|box_start|>150 103 179 116<|box_end|><|ref_start|>page_number<|ref_end|><|rotate_up|>
<|box_start|>194 103 623 117<|box_end|><|ref_start|>header<|ref_end|><|rotate_up|>
<|box_start|>147 135 819 169<|box_end|><|ref_start|>text<|ref_end|><|rotate_up|>
<|box_start|>307 177 652 322<|box_end|><|ref_start|>equation<|ref_end|><|rotate_up|>
<|box_start|>149 329 820 379<|box_end|><|ref_start|>text<|ref_end|><|rotate_up|>
<|box_start|>348 389 586 512<|box_end|><|ref_start|>equation_block<|ref_end|><|rotate_up|>
<|box_start|>348 389 459 404<|box_end|><|ref_start|>equation<|ref_end|><|rotate_up|>
<|box_start|>369 405 502 427<|box_end|><|ref_start|>equation<|ref_end|><|rotate_up|>
<|box_start|>370 427 443 447<|box_end|><|ref_start|>equation<|ref_end|><|rotate_up|>
<|box_start|>370 447 509 461<|box_end|><|ref_start|>equation<|ref_end|><|rotate_up|>
<|box_start|>389 462 585 484<|box_end|><|ref_start|>equation<|ref_end|><|rotate_up|>
<|box_start|>370 484 402 495<|box_end|><|ref_start|>equation<|ref_end|><|rotate_up|>
<|box_start|>351 499 383 511<|box_end|><|ref_start|>text<|ref_end|><|rotate_up|>
<|box_start|>150 525 820 562<|box_end|><|ref_start|>text<|ref_end|><|rotate_up|>
<|box_start|>310 569 655 715<|box_end|><|ref_start|>equation<|ref_end|><|rotate_up|>
<|box_start|>151 722 823 773<|box_end|><|ref_start|>text<|ref_end|><|rotate_up|>
<|box_start|>350 782 512 841<|box_end|><|ref_start|>equation_block<|ref_end|><|rotate_up|>
<|box_start|>350 782 497 798<|box_end|><|ref_start|>equation<|ref_end|><|rotate_up|>
<|box_start|>373 799 510 819<|box_end|><|ref_start|>equation<|ref_end|><|rotate_up|>
<|box_start|>373 820 467 840<|box_end|><|ref_start|>equation<|ref_end|><|rotate_up|>
2026-08-06 11:59:45.982 | DEBUG    | mineru_vl_utils.mineru_client:parse_layout_output:239 - Layout raw output: 
<|box_start|>215 120 340 136<|box_end|><|ref_start|>header<|ref_end|><|rotate_up|>
<|box_start|>761 123 781 135<|box_end|><|ref_start|>page_number<|ref_end|><|rotate_up|>
<|box_start|>213 154 501 178<|box_end|><|ref_start|>text<|ref_end|><|rotate_up|>
<|box_start|>213 179 766 220<|box_end|><|ref_start|>text<|ref_end|><|rotate_up|>
<|box_start|>214 229 792 311<|box_end|><|ref_start|>equation<|ref_end|><|rotate_up|>
<|box_start|>213 312 781 371<|box_end|><|ref_start|>text<|ref_end|><|rotate_up|>
<|box_start|>214 372 848 480<|box_end|><|ref_start|>text<|ref_end|><|rotate_up|>
<|box_start|>216 493 816 602<|box_end|><|ref_start|>equation<|ref_end|><|rotate_up|>
<|box_start|>213 615 781 722<|box_end|><|ref_start|>text<|ref_end|><|rotate_up|>
<|box_start|>213 724 781 782<|box_end|><|ref_start|>text<|ref_end|><|rotate_up|>
<|box_start|>213 795 781 833<|box_end|><|ref_start|>text<|ref_end|><|rotate_up|>
2026-08-06 11:59:45.982 | DEBUG    | mineru_vl_utils.mineru_client:parse_layout_output:239 - Layout raw output: 
<|box_start|>069 055 106 076<|box_end|><|ref_start|>header<|ref_end|><|rotate_up|>
<|box_start|>110 053 267 071<|box_end|><|ref_start|>header<|ref_end|><|rotate_up|>
<|box_start|>900 057 976 079<|box_end|><|ref_start|>header<|ref_end|><|rotate_up|>
<|box_start|>112 086 426 105<|box_end|><|ref_start|>title<|ref_end|><|rotate_up|>
<|box_start|>116 114 348 133<|box_end|><|ref_start|>text<|ref_end|><|rotate_up|>
<|box_start|>119 136 609 171<|box_end|><|ref_start|>text<|ref_end|><|rotate_up|>
<|box_start|>116 182 198 199<|box_end|><|ref_start|>text<|ref_end|><|rotate_up|>
<|box_start|>125 199 924 335<|box_end|><|ref_start|>equation_block<|ref_end|><|rotate_up|>
<|box_start|>127 199 692 236<|box_end|><|ref_start|>text<|ref_end|><|rotate_up|>
<|box_start|>122 237 924 335<|box_end|><|ref_start|>text<|ref_end|><|rotate_up|>
<|box_start|>150 347 695 402<|box_end|><|ref_start|>text<|ref_end|><|rotate_up|>
<|box_start|>254 404 665 436<|box_end|><|ref_start|>equation<|ref_end|><|rotate_up|>
<|box_start|>159 445 843 613<|box_end|><|ref_start|>equation_block<|ref_end|><|rotate_up|>
<|box_start|>160 445 843 506<|box_end|><|ref_start|>text<|ref_end|><|rotate_up|>
<|box_start|>270 510 811 559<|box_end|><|ref_start|>equation<|ref_end|><|rotate_up|>
<|box_start|>272 560 786 612<|box_end|><|ref_start|>equation<|ref_end|><|rotate_up|>
<|box_start|>127 624 909 681<|box_end|><|ref_start|>text<|ref_end|><|rotate_up|>
<|box_start|>140 689 895 754<|box_end|><|ref_start|>text<|ref_end|><|rotate_up|>
<|box_start|>147 757 963 832<|box_end|><|ref_start|>text<|ref_end|><|rotate_up|>
<|box_start|>172 844 571 876<|box_end|><|ref_start|>equation<|ref_end|><|rotate_up|>
<|box_start|>190 894 584 925<|box_end|><|ref_start|>equation<|ref_end|><|rotate_up|>
<|box_start|>268 931 570 962<|box_end|><|ref_start|>equation<|ref_end|><|rotate_up|>
2026-08-06 11:59:45.982 | DEBUG    | mineru_vl_utils.mineru_client:parse_layout_output:239 - Layout raw output: 
<|box_start|>136 069 573 158<|box_end|><|ref_start|>title<|ref_end|><|rotate_up|>
<|box_start|>113 214 290 269<|box_end|><|ref_start|>text<|ref_end|><|rotate_up|>
<|box_start|>379 208 768 317<|box_end|><|ref_start|>image<|ref_end|><|rotate_up|>
<|box_start|>112 339 900 445<|box_end|><|ref_start|>text<|ref_end|><|rotate_up|>
<|box_start|>281 427 728 553<|box_end|><|ref_start|>equation<|ref_end|><|rotate_up|>
<|box_start|>122 574 384 628<|box_end|><|ref_start|>text<|ref_end|><|rotate_up|>
<|box_start|>182 647 783 713<|box_end|><|ref_start|>text<|ref_end|><|rotate_up|>
<|box_start|>122 730 474 780<|box_end|><|ref_start|>text<|ref_end|><|rotate_up|>
<|box_start|>180 826 677 945<|box_end|><|ref_start|>equation<|ref_end|><|rotate_up|>
<|box_start|>687 860 929 912<|box_end|><|ref_start|>text<|ref_end|><|rotate_up|>
<|box_start|>933 943 959 969<|box_end|><|ref_start|>page_number<|ref_end|><|rotate_up|>
2026-08-06 11:59:45.983 | DEBUG    | mineru_vl_utils.mineru_client:parse_layout_output:239 - Layout raw output: 
<|box_start|>385 086 607 102<|box_end|><|ref_start|>title<|ref_end|><|rotate_up|>
<|box_start|>146 109 850 166<|box_end|><|ref_start|>text<|ref_end|><|rotate_up|>
<|box_start|>148 175 249 190<|box_end|><|ref_start|>text<|ref_end|><|rotate_up|>
<|box_start|>148 205 741 224<|box_end|><|ref_start|>text<|ref_end|><|rotate_up|>
<|box_start|>147 239 383 254<|box_end|><|ref_start|>title<|ref_end|><|rotate_up|>
<|box_start|>153 263 871 519<|box_end|><|ref_start|>equation_block<|ref_end|><|rotate_up|>
<|box_start|>153 263 871 349<|box_end|><|ref_start|>text<|ref_end|><|rotate_up|>
<|box_start|>154 369 571 404<|box_end|><|ref_start|>text<|ref_end|><|rotate_up|>
<|box_start|>154 407 867 518<|box_end|><|ref_start|>text<|ref_end|><|rotate_up|>
<|box_start|>147 527 434 542<|box_end|><|ref_start|>text<|ref_end|><|rotate_up|>
<|box_start|>146 555 848 620<|box_end|><|ref_start|>text<|ref_end|><|rotate_up|>
<|box_start|>153 623 894 900<|box_end|><|ref_start|>equation_block<|ref_end|><|rotate_up|>
<|box_start|>153 623 741 681<|box_end|><|ref_start|>text<|ref_end|><|rotate_up|>
<|box_start|>154 683 467 731<|box_end|><|ref_start|>text<|ref_end|><|rotate_up|>
<|box_start|>154 734 422 770<|box_end|><|ref_start|>text<|ref_end|><|rotate_up|>
<|box_start|>153 773 894 900<|box_end|><|ref_start|>text<|ref_end|><|rotate_up|>
<|box_start|>487 929 512 940<|box_end|><|ref_start|>page_number<|ref_end|><|rotate_up|>
2026-08-06 11:59:45.983 | DEBUG    | mineru_vl_utils.mineru_client:parse_layout_output:239 - Layout raw output: 
<|box_start|>044 030 138 045<|box_end|><|ref_start|>page_number<|ref_end|><|rotate_up|>
<|box_start|>388 026 609 044<|box_end|><|ref_start|>header<|ref_end|><|rotate_up|>
<|box_start|>017 068 979 108<|box_end|><|ref_start|>text<|ref_end|><|rotate_up|>
<|box_start|>016 112 978 149<|box_end|><|ref_start|>text<|ref_end|><|rotate_up|>
<|box_start|>273 154 725 171<|box_end|><|ref_start|>equation<|ref_end|><|rotate_up|>
<|box_start|>273 177 725 195<|box_end|><|ref_start|>equation<|ref_end|><|rotate_up|>
<|box_start|>018 199 384 215<|box_end|><|ref_start|>text<|ref_end|><|rotate_up|>
<|box_start|>054 221 258 242<|box_end|><|ref_start|>title<|ref_end|><|rotate_up|>
<|box_start|>059 247 792 263<|box_end|><|ref_start|>text<|ref_end|><|rotate_up|>
<|box_start|>333 270 662 320<|box_end|><|ref_start|>equation<|ref_end|><|rotate_up|>
<|box_start|>017 325 610 343<|box_end|><|ref_start|>text<|ref_end|><|rotate_up|>
<|box_start|>334 350 662 381<|box_end|><|ref_start|>equation<|ref_end|><|rotate_up|>
<|box_start|>017 386 310 405<|box_end|><|ref_start|>text<|ref_end|><|rotate_up|>
<|box_start|>219 410 779 456<|box_end|><|ref_start|>equation_block<|ref_end|><|rotate_up|>
<|box_start|>219 410 779 440<|box_end|><|ref_start|>equation<|ref_end|><|rotate_up|>
<|box_start|>442 442 558 456<|box_end|><|ref_start|>equation<|ref_end|><|rotate_up|>
<|box_start|>020 459 667 480<|box_end|><|ref_start|>text<|ref_end|><|rotate_up|>
<|box_start|>019 481 064 496<|box_end|><|ref_start|>text<|ref_end|><|rotate_up|>
<|box_start|>286 504 715 574<|box_end|><|ref_start|>equation_block<|ref_end|><|rotate_up|>
<|box_start|>286 504 715 533<|box_end|><|ref_start|>equation<|ref_end|><|rotate_up|>
<|box_start|>340 534 667 553<|box_end|><|ref_start|>equation<|ref_end|><|rotate_up|>
<|box_start|>442 558 558 572<|box_end|><|ref_start|>equation<|ref_end|><|rotate_up|>
<|box_start|>017 576 292 592<|box_end|><|ref_start|>text<|ref_end|><|rotate_up|>
<|box_start|>285 600 711 681<|box_end|><|ref_start|>equation_block<|ref_end|><|rotate_up|>
<|box_start|>285 600 711 664<|box_end|><|ref_start|>equation<|ref_end|><|rotate_up|>
<|box_start|>442 666 558 681<|box_end|><|ref_start|>equation<|ref_end|><|rotate_up|>
<|box_start|>018 684 113 700<|box_end|><|ref_start|>text<|ref_end|><|rotate_up|>
<|box_start|>373 707 625 724<|box_end|><|ref_start|>equation<|ref_end|><|rotate_up|>
<|box_start|>018 728 085 743<|box_end|><|ref_start|>text<|ref_end|><|rotate_up|>
<|box_start|>205 751 787 924<|box_end|><|ref_start|>equation<|ref_end|><|rotate_up|>
<|box_start|>017 925 978 963<|box_end|><|ref_start|>text<|ref_end|><|rotate_up|>
<|box_start|>058 966 978 985<|box_end|><|ref_start|>text<|ref_end|><|rotate_up|>
2026-08-06 11:59:45.984 | DEBUG    | mineru_vl_utils.mineru_client:parse_layout_output:239 - Layout raw output: 
<|box_start|>283 095 710 172<|box_end|><|ref_start|>equation_block<|ref_end|><|rotate_up|>
<|box_start|>284 095 691 129<|box_end|><|ref_start|>equation<|ref_end|><|rotate_up|>
<|box_start|>278 137 710 172<|box_end|><|ref_start|>equation<|ref_end|><|rotate_up|>
<|box_start|>114 177 453 196<|box_end|><|ref_start|>text<|ref_end|><|rotate_up|>
<|box_start|>405 204 590 221<|box_end|><|ref_start|>equation<|ref_end|><|rotate_up|>
<|box_start|>214 228 847 413<|box_end|><|ref_start|>equation_block<|ref_end|><|rotate_up|>
<|box_start|>214 228 750 262<|box_end|><|ref_start|>equation<|ref_end|><|rotate_up|>
<|box_start|>256 269 846 302<|box_end|><|ref_start|>equation<|ref_end|><|rotate_up|>
<|box_start|>257 313 788 343<|box_end|><|ref_start|>equation<|ref_end|><|rotate_up|>
<|box_start|>256 354 518 413<|box_end|><|ref_start|>equation<|ref_end|><|rotate_up|>
<|box_start|>110 419 844 463<|box_end|><|ref_start|>text<|ref_end|><|rotate_up|>
<|box_start|>389 486 634 528<|box_end|><|ref_start|>equation_block<|ref_end|><|rotate_up|>
<|box_start|>391 486 634 503<|box_end|><|ref_start|>equation<|ref_end|><|rotate_up|>
<|box_start|>436 511 621 527<|box_end|><|ref_start|>equation<|ref_end|><|rotate_up|>
<|box_start|>108 534 528 552<|box_end|><|ref_start|>text<|ref_end|><|rotate_up|>
<|box_start|>247 559 611 578<|box_end|><|ref_start|>equation<|ref_end|><|rotate_up|>
<|box_start|>106 583 863 651<|box_end|><|ref_start|>text<|ref_end|><|rotate_up|>
<|box_start|>178 657 800 715<|box_end|><|ref_start|>equation_block<|ref_end|><|rotate_up|>
<|box_start|>178 657 800 674<|box_end|><|ref_start|>equation<|ref_end|><|rotate_up|>
<|box_start|>205 684 420 715<|box_end|><|ref_start|>equation<|ref_end|><|rotate_up|>
<|box_start|>107 724 860 767<|box_end|><|ref_start|>text<|ref_end|><|rotate_up|>
<|box_start|>109 774 743 877<|box_end|><|ref_start|>equation_block<|ref_end|><|rotate_up|>
<|box_start|>202 775 432 808<|box_end|><|ref_start|>equation<|ref_end|><|rotate_up|>
<|box_start|>109 816 742 877<|box_end|><|ref_start|>equation_block<|ref_end|><|rotate_up|>
<|box_start|>109 816 742 851<|box_end|><|ref_start|>text<|ref_end|><|rotate_up|>
<|box_start|>215 859 483 876<|box_end|><|ref_start|>equation<|ref_end|><|rotate_up|>
<|box_start|>116 887 195 901<|box_end|><|ref_start|>page_number<|ref_end|><|rotate_up|>
2026-08-06 11:59:45.984 | DEBUG    | mineru_vl_utils.mineru_client:parse_layout_output:239 - Layout raw output: 
<|box_start|>158 103 430 117<|box_end|><|ref_start|>header<|ref_end|><|rotate_up|>
<|box_start|>798 103 829 116<|box_end|><|ref_start|>page_number<|ref_end|><|rotate_up|>
<|box_start|>157 135 829 168<|box_end|><|ref_start|>text<|ref_end|><|rotate_up|>
<|box_start|>157 168 830 201<|box_end|><|ref_start|>text<|ref_end|><|rotate_up|>
<|box_start|>161 213 735 230<|box_end|><|ref_start|>equation<|ref_end|><|rotate_up|>
<|box_start|>158 241 697 257<|box_end|><|ref_start|>text<|ref_end|><|rotate_up|>
<|box_start|>271 263 717 341<|box_end|><|ref_start|>equation_block<|ref_end|><|rotate_up|>
<|box_start|>273 266 531 300<|box_end|><|ref_start|>equation<|ref_end|><|rotate_up|>
<|box_start|>300 302 713 339<|box_end|><|ref_start|>equation<|ref_end|><|rotate_up|>
<|box_start|>160 348 678 364<|box_end|><|ref_start|>text<|ref_end|><|rotate_up|>
<|box_start|>164 374 713 411<|box_end|><|ref_start|>equation<|ref_end|><|rotate_up|>
<|box_start|>160 419 834 485<|box_end|><|ref_start|>text<|ref_end|><|rotate_up|>
<|box_start|>160 498 832 531<|box_end|><|ref_start|>text<|ref_end|><|rotate_up|>
<|box_start|>164 540 788 669<|box_end|><|ref_start|>equation_block<|ref_end|><|rotate_up|>
<|box_start|>385 541 507 557<|box_end|><|ref_start|>equation<|ref_end|><|rotate_up|>
<|box_start|>339 560 600 594<|box_end|><|ref_start|>equation<|ref_end|><|rotate_up|>
<|box_start|>165 595 693 631<|box_end|><|ref_start|>equation<|ref_end|><|rotate_up|>
<|box_start|>246 633 786 668<|box_end|><|ref_start|>equation<|ref_end|><|rotate_up|>
<|box_start|>162 677 708 694<|box_end|><|ref_start|>text<|ref_end|><|rotate_up|>
<|box_start|>164 703 784 741<|box_end|><|ref_start|>equation<|ref_end|><|rotate_up|>
<|box_start|>162 748 632 764<|box_end|><|ref_start|>text<|ref_end|><|rotate_up|>
<|box_start|>161 773 834 806<|box_end|><|ref_start|>text<|ref_end|><|rotate_up|>
<|box_start|>165 817 593 835<|box_end|><|ref_start|>equation<|ref_end|><|rotate_up|>
2026-08-06 11:59:45.985 | DEBUG    | mineru_vl_utils.mineru_client:parse_layout_output:239 - Layout raw output: 
<|box_start|>146 089 851 161<|box_end|><|ref_start|>text<|ref_end|><|rotate_up|>
<|box_start|>146 167 276 184<|box_end|><|ref_start|>title<|ref_end|><|rotate_up|>
<|box_start|>146 191 401 207<|box_end|><|ref_start|>title<|ref_end|><|rotate_up|>
<|box_start|>146 214 851 248<|box_end|><|ref_start|>text<|ref_end|><|rotate_up|>
<|box_start|>146 255 279 272<|box_end|><|ref_start|>title<|ref_end|><|rotate_up|>
<|box_start|>146 278 851 312<|box_end|><|ref_start|>text<|ref_end|><|rotate_up|>
<|box_start|>146 319 242 336<|box_end|><|ref_start|>title<|ref_end|><|rotate_up|>
<|box_start|>182 342 530 358<|box_end|><|ref_start|>text<|ref_end|><|rotate_up|>
<|box_start|>147 365 429 381<|box_end|><|ref_start|>text<|ref_end|><|rotate_up|>
<|box_start|>431 395 566 432<|box_end|><|ref_start|>equation<|ref_end|><|rotate_up|>
<|box_start|>147 447 851 482<|box_end|><|ref_start|>text<|ref_end|><|rotate_up|>
<|box_start|>439 496 559 533<|box_end|><|ref_start|>equation<|ref_end|><|rotate_up|>
<|box_start|>182 548 445 566<|box_end|><|ref_start|>text<|ref_end|><|rotate_up|>
<|box_start|>146 570 314 587<|box_end|><|ref_start|>title<|ref_end|><|rotate_up|>
<|box_start|>146 593 851 628<|box_end|><|ref_start|>text<|ref_end|><|rotate_up|>
<|box_start|>146 634 851 689<|box_end|><|ref_start|>text<|ref_end|><|rotate_up|>
<|box_start|>146 695 851 750<|box_end|><|ref_start|>text<|ref_end|><|rotate_up|>
<|box_start|>182 756 312 772<|box_end|><|ref_start|>text<|ref_end|><|rotate_up|>
<|box_start|>319 777 679 798<|box_end|><|ref_start|>equation<|ref_end|><|rotate_up|>
<|box_start|>147 804 279 820<|box_end|><|ref_start|>title<|ref_end|><|rotate_up|>
<|box_start|>146 826 851 861<|box_end|><|ref_start|>text<|ref_end|><|rotate_up|>
<|box_start|>146 868 277 884<|box_end|><|ref_start|>title<|ref_end|><|rotate_up|>
<|box_start|>147 891 532 907<|box_end|><|ref_start|>text<|ref_end|><|rotate_up|>
<|box_start|>491 929 510 940<|box_end|><|ref_start|>page_number<|ref_end|><|rotate_up|>
2026-08-06 11:59:45.985 | DEBUG    | mineru_vl_utils.mineru_client:parse_layout_output:239 - Layout raw output: 
<|box_start|>171 104 825 149<|box_end|><|ref_start|>text<|ref_end|><|rotate_up|>
<|box_start|>354 158 645 261<|box_end|><|ref_start|>table<|ref_end|><|rotate_up|>
<|box_start|>197 284 800 300<|box_end|><|ref_start|>table_caption<|ref_end|><|rotate_up|>
<|box_start|>172 314 741 330<|box_end|><|ref_start|>text<|ref_end|><|rotate_up|>
<|box_start|>241 334 825 352<|box_end|><|ref_start|>equation<|ref_end|><|rotate_up|>
<|box_start|>172 364 226 377<|box_end|><|ref_start|>text<|ref_end|><|rotate_up|>
<|box_start|>217 390 825 474<|box_end|><|ref_start|>list<|ref_end|><|rotate_up|>
<|box_start|>217 390 825 417<|box_end|><|ref_start|>text<|ref_end|><|rotate_up|>
<|box_start|>217 418 825 446<|box_end|><|ref_start|>text<|ref_end|><|rotate_up|>
<|box_start|>217 446 825 474<|box_end|><|ref_start|>text<|ref_end|><|rotate_up|>
<|box_start|>171 489 825 573<|box_end|><|ref_start|>text<|ref_end|><|rotate_up|>
<|box_start|>171 588 827 686<|box_end|><|ref_start|>text<|ref_end|><|rotate_up|>
<|box_start|>171 692 827 720<|box_end|><|ref_start|>text<|ref_end|><|rotate_up|>
<|box_start|>243 726 753 743<|box_end|><|ref_start|>equation<|ref_end|><|rotate_up|>
<|box_start|>171 749 827 793<|box_end|><|ref_start|>text<|ref_end|><|rotate_up|>
<|box_start|>171 798 827 855<|box_end|><|ref_start|>text<|ref_end|><|rotate_up|>
<|box_start|>171 869 825 926<|box_end|><|ref_start|>text<|ref_end|><|rotate_up|>
<|box_start|>490 949 509 960<|box_end|><|ref_start|>page_number<|ref_end|><|rotate_up|>
2026-08-06 11:59:45.986 | DEBUG    | mineru_vl_utils.mineru_client:parse_layout_output:239 - Layout raw output: 
<|box_start|>146 109 177 121<|box_end|><|ref_start|>page_number<|ref_end|><|rotate_up|>
<|box_start|>190 109 393 122<|box_end|><|ref_start|>header<|ref_end|><|rotate_up|>
<|box_start|>180 147 562 163<|box_end|><|ref_start|>table_caption<|ref_end|><|rotate_up|>
<|box_start|>174 170 794 503<|box_end|><|ref_start|>table<|ref_end|><|rotate_up|>
<|box_start|>148 595 820 628<|box_end|><|ref_start|>text<|ref_end|><|rotate_up|>
<|box_start|>149 628 820 678<|box_end|><|ref_start|>text<|ref_end|><|rotate_up|>
<|box_start|>152 697 731 795<|box_end|><|ref_start|>equation<|ref_end|><|rotate_up|>
<|box_start|>150 813 823 847<|box_end|><|ref_start|>text<|ref_end|><|rotate_up|>
2026-08-06 11:59:45.986 | DEBUG    | mineru_vl_utils.mineru_client:parse_layout_output:239 - Layout raw output: 
<|box_start|>377 090 616 107<|box_end|><|ref_start|>title<|ref_end|><|rotate_up|>
<|box_start|>148 119 249 134<|box_end|><|ref_start|>text<|ref_end|><|rotate_up|>
<|box_start|>146 147 816 163<|box_end|><|ref_start|>text<|ref_end|><|rotate_up|>
<|box_start|>148 175 249 190<|box_end|><|ref_start|>text<|ref_end|><|rotate_up|>
<|box_start|>148 197 589 412<|box_end|><|ref_start|>equation<|ref_end|><|rotate_up|>
<|box_start|>147 423 851 439<|box_end|><|ref_start|>text<|ref_end|><|rotate_up|>
<|box_start|>147 448 603 489<|box_end|><|ref_start|>text<|ref_end|><|rotate_up|>
<|box_start|>146 505 846 522<|box_end|><|ref_start|>text<|ref_end|><|rotate_up|>
<|box_start|>146 588 845 633<|box_end|><|ref_start|>text<|ref_end|><|rotate_up|>
<|box_start|>146 697 851 754<|box_end|><|ref_start|>text<|ref_end|><|rotate_up|>
<|box_start|>146 816 851 874<|box_end|><|ref_start|>text<|ref_end|><|rotate_up|>
<|box_start|>490 929 509 940<|box_end|><|ref_start|>page_number<|ref_end|><|rotate_up|>
2026-08-06 11:59:45.986 | DEBUG    | mineru_vl_utils.mineru_client:parse_layout_output:239 - Layout raw output: 
<|box_start|>395 090 599 107<|box_end|><|ref_start|>title<|ref_end|><|rotate_up|>
<|box_start|>148 119 248 134<|box_end|><|ref_start|>text<|ref_end|><|rotate_up|>
<|box_start|>146 142 844 214<|box_end|><|ref_start|>text<|ref_end|><|rotate_up|>
<|box_start|>148 221 248 236<|box_end|><|ref_start|>text<|ref_end|><|rotate_up|>
<|box_start|>147 242 649 259<|box_end|><|ref_start|>text<|ref_end|><|rotate_up|>
<|box_start|>148 267 648 300<|box_end|><|ref_start|>text<|ref_end|><|rotate_up|>
<|box_start|>148 310 667 430<|box_end|><|ref_start|>text<|ref_end|><|rotate_up|>
<|box_start|>146 440 479 456<|box_end|><|ref_start|>text<|ref_end|><|rotate_up|>
<|box_start|>147 465 657 497<|box_end|><|ref_start|>text<|ref_end|><|rotate_up|>
<|box_start|>148 507 691 678<|box_end|><|ref_start|>text<|ref_end|><|rotate_up|>
<|box_start|>146 690 850 723<|box_end|><|ref_start|>text<|ref_end|><|rotate_up|>
<|box_start|>147 734 241 770<|box_end|><|ref_start|>text<|ref_end|><|rotate_up|>
<|box_start|>322 734 404 770<|box_end|><|ref_start|>text<|ref_end|><|rotate_up|>
<|box_start|>497 735 588 770<|box_end|><|ref_start|>text<|ref_end|><|rotate_up|>
<|box_start|>671 734 754 770<|box_end|><|ref_start|>text<|ref_end|><|rotate_up|>
<|box_start|>146 803 846 860<|box_end|><|ref_start|>text<|ref_end|><|rotate_up|>
<|box_start|>147 875 235 910<|box_end|><|ref_start|>text<|ref_end|><|rotate_up|>
<|box_start|>322 876 409 910<|box_end|><|ref_start|>text<|ref_end|><|rotate_up|>
<|box_start|>498 874 583 913<|box_end|><|ref_start|>text<|ref_end|><|rotate_up|>
<|box_start|>671 876 758 911<|box_end|><|ref_start|>text<|ref_end|><|rotate_up|>
<|box_start|>490 929 508 940<|box_end|><|ref_start|>page_number<|ref_end|><|rotate_up|>
2026-08-06 11:59:45.987 | DEBUG    | mineru_vl_utils.mineru_client:parse_layout_output:239 - Layout raw output: 
<|box_start|>148 090 600 301<|box_end|><|ref_start|>equation<|ref_end|><|rotate_up|>
<|box_start|>146 308 533 323<|box_end|><|ref_start|>text<|ref_end|><|rotate_up|>
<|box_start|>147 335 474 367<|box_end|><|ref_start|>text<|ref_end|><|rotate_up|>
<|box_start|>151 382 765 567<|box_end|><|ref_start|>equation_block<|ref_end|><|rotate_up|>
<|box_start|>151 382 765 452<|box_end|><|ref_start|>text<|ref_end|><|rotate_up|>
<|box_start|>151 454 620 567<|box_end|><|ref_start|>text<|ref_end|><|rotate_up|>
<|box_start|>146 573 658 590<|box_end|><|ref_start|>text<|ref_end|><|rotate_up|>
<|box_start|>146 629 757 661<|box_end|><|ref_start|>text<|ref_end|><|rotate_up|>
<|box_start|>147 666 243 698<|box_end|><|ref_start|>text<|ref_end|><|rotate_up|>
<|box_start|>322 666 414 698<|box_end|><|ref_start|>text<|ref_end|><|rotate_up|>
<|box_start|>456 666 548 698<|box_end|><|ref_start|>text<|ref_end|><|rotate_up|>
<|box_start|>671 666 765 698<|box_end|><|ref_start|>text<|ref_end|><|rotate_up|>
<|box_start|>146 778 856 796<|box_end|><|ref_start|>text<|ref_end|><|rotate_up|>
<|box_start|>487 929 511 940<|box_end|><|ref_start|>page_number<|ref_end|><|rotate_up|>
2026-08-06 11:59:45.987 | DEBUG    | mineru_vl_utils.mineru_client:parse_layout_output:239 - Layout raw output: 
<|box_start|>091 056 375 100<|box_end|><|ref_start|>equation<|ref_end|><|rotate_up|>
<|box_start|>091 120 567 179<|box_end|><|ref_start|>equation<|ref_end|><|rotate_up|>
<|box_start|>091 208 418 265<|box_end|><|ref_start|>equation<|ref_end|><|rotate_up|>
<|box_start|>091 056 567 265<|box_end|><|ref_start|>equation_block<|ref_end|><|rotate_up|>
<|box_start|>086 295 301 312<|box_end|><|ref_start|>text<|ref_end|><|rotate_up|>
<|box_start|>095 333 735 350<|box_end|><|ref_start|>text<|ref_end|><|rotate_up|>
<|box_start|>097 359 487 387<|box_end|><|ref_start|>text<|ref_end|><|rotate_up|>
<|box_start|>096 415 776 432<|box_end|><|ref_start|>text<|ref_end|><|rotate_up|>
<|box_start|>098 452 250 468<|box_end|><|ref_start|>text<|ref_end|><|rotate_up|>
<|box_start|>096 483 721 507<|box_end|><|ref_start|>text<|ref_end|><|rotate_up|>
<|box_start|>097 526 281 542<|box_end|><|ref_start|>text<|ref_end|><|rotate_up|>
<|box_start|>096 359 776 542<|box_end|><|ref_start|>list<|ref_end|><|rotate_up|>
<|box_start|>086 558 431 579<|box_end|><|ref_start|>text<|ref_end|><|rotate_up|>
<|box_start|>097 599 368 626<|box_end|><|ref_start|>text<|ref_end|><|rotate_up|>
<|box_start|>097 653 495 671<|box_end|><|ref_start|>text<|ref_end|><|rotate_up|>
<|box_start|>097 599 495 671<|box_end|><|ref_start|>list<|ref_end|><|rotate_up|>
<|box_start|>096 701 385 717<|box_end|><|ref_start|>text<|ref_end|><|rotate_up|>
<|box_start|>098 746 199 780<|box_end|><|ref_start|>text<|ref_end|><|rotate_up|>
<|box_start|>097 802 152 818<|box_end|><|ref_start|>text<|ref_end|><|rotate_up|>
<|box_start|>096 830 669 847<|box_end|><|ref_start|>text<|ref_end|><|rotate_up|>
<|box_start|>435 970 564 985<|box_end|><|ref_start|>page_number<|ref_end|><|rotate_up|>
2026-08-06 11:59:45.987 | DEBUG    | mineru_vl_utils.mineru_client:parse_layout_output:239 - Layout raw output: 
<|box_start|>125 128 259 142<|box_end|><|ref_start|>header<|ref_end|><|rotate_up|>
<|box_start|>157 161 206 175<|box_end|><|ref_start|>text<|ref_end|><|rotate_up|>
<|box_start|>156 181 540 201<|box_end|><|ref_start|>text<|ref_end|><|rotate_up|>
<|box_start|>155 202 661 222<|box_end|><|ref_start|>text<|ref_end|><|rotate_up|>
<|box_start|>154 220 597 239<|box_end|><|ref_start|>text<|ref_end|><|rotate_up|>
<|box_start|>153 238 601 259<|box_end|><|ref_start|>text<|ref_end|><|rotate_up|>
<|box_start|>444 262 895 281<|box_end|><|ref_start|>equation<|ref_end|><|rotate_up|>
<|box_start|>151 273 518 294<|box_end|><|ref_start|>text<|ref_end|><|rotate_up|>
<|box_start|>150 311 198 325<|box_end|><|ref_start|>text<|ref_end|><|rotate_up|>
<|box_start|>389 298 893 323<|box_end|><|ref_start|>equation<|ref_end|><|rotate_up|>
<|box_start|>148 331 564 350<|box_end|><|ref_start|>text<|ref_end|><|rotate_up|>
<|box_start|>147 350 586 371<|box_end|><|ref_start|>text<|ref_end|><|rotate_up|>
<|box_start|>261 374 890 405<|box_end|><|ref_start|>equation<|ref_end|><|rotate_up|>
<|box_start|>110 411 296 427<|box_end|><|ref_start|>title<|ref_end|><|rotate_up|>
<|box_start|>143 440 467 459<|box_end|><|ref_start|>text<|ref_end|><|rotate_up|>
<|box_start|>375 464 887 499<|box_end|><|ref_start|>equation<|ref_end|><|rotate_up|>
<|box_start|>140 492 189 506<|box_end|><|ref_start|>text<|ref_end|><|rotate_up|>
<|box_start|>139 513 501 531<|box_end|><|ref_start|>text<|ref_end|><|rotate_up|>
<|box_start|>138 532 632 552<|box_end|><|ref_start|>text<|ref_end|><|rotate_up|>
<|box_start|>137 551 502 570<|box_end|><|ref_start|>text<|ref_end|><|rotate_up|>
<|box_start|>202 574 880 605<|box_end|><|ref_start|>equation<|ref_end|><|rotate_up|>
<|box_start|>135 603 565 624<|box_end|><|ref_start|>text<|ref_end|><|rotate_up|>
<|box_start|>182 627 879 658<|box_end|><|ref_start|>equation<|ref_end|><|rotate_up|>
<|box_start|>132 657 573 678<|box_end|><|ref_start|>text<|ref_end|><|rotate_up|>
<|box_start|>180 681 876 711<|box_end|><|ref_start|>equation<|ref_end|><|rotate_up|>
<|box_start|>130 710 573 731<|box_end|><|ref_start|>text<|ref_end|><|rotate_up|>
<|box_start|>187 734 873 765<|box_end|><|ref_start|>equation<|ref_end|><|rotate_up|>
<|box_start|>127 763 588 784<|box_end|><|ref_start|>text<|ref_end|><|rotate_up|>
<|box_start|>189 784 870 809<|box_end|><|ref_start|>equation<|ref_end|><|rotate_up|>
<|box_start|>090 800 871 833<|box_end|><|ref_start|>text<|ref_end|><|rotate_up|>
<|box_start|>122 838 745 863<|box_end|><|ref_start|>text<|ref_end|><|rotate_up|>
<|box_start|>327 864 866 894<|box_end|><|ref_start|>equation<|ref_end|><|rotate_up|>
<|box_start|>121 890 169 904<|box_end|><|ref_start|>text<|ref_end|><|rotate_up|>
<|box_start|>119 910 610 930<|box_end|><|ref_start|>text<|ref_end|><|rotate_up|>
<|box_start|>119 930 590 950<|box_end|><|ref_start|>text<|ref_end|><|rotate_up|>
<|box_start|>368 952 862 975<|box_end|><|ref_start|>equation<|ref_end|><|rotate_up|>
<|box_start|>107 965 125 976<|box_end|><|ref_start|>page_number<|ref_end|><|rotate_up|>
2026-08-06 11:59:45.988 | DEBUG    | mineru_vl_utils.mineru_client:parse_layout_output:239 - Layout raw output: 
<|box_start|>287 057 709 073<|box_end|><|ref_start|>header<|ref_end|><|rotate_up|>
<|box_start|>149 085 999 180<|box_end|><|ref_start|>equation<|ref_end|><|rotate_up|>
<|box_start|>200 210 270 230<|box_end|><|ref_start|>text<|ref_end|><|rotate_up|>
<|box_start|>147 243 849 299<|box_end|><|ref_start|>text<|ref_end|><|rotate_up|>
<|box_start|>146 310 849 366<|box_end|><|ref_start|>text<|ref_end|><|rotate_up|>
<|box_start|>201 376 535 398<|box_end|><|ref_start|>text<|ref_end|><|rotate_up|>
<|box_start|>202 410 569 432<|box_end|><|ref_start|>text<|ref_end|><|rotate_up|>
<|box_start|>146 443 850 498<|box_end|><|ref_start|>text<|ref_end|><|rotate_up|>
<|box_start|>146 509 850 566<|box_end|><|ref_start|>text<|ref_end|><|rotate_up|>
<|box_start|>202 576 569 598<|box_end|><|ref_start|>text<|ref_end|><|rotate_up|>
<|box_start|>146 609 848 663<|box_end|><|ref_start|>text<|ref_end|><|rotate_up|>
<|box_start|>146 675 848 731<|box_end|><|ref_start|>text<|ref_end|><|rotate_up|>
<|box_start|>146 742 849 798<|box_end|><|ref_start|>text<|ref_end|><|rotate_up|>
<|box_start|>201 808 732 831<|box_end|><|ref_start|>text<|ref_end|><|rotate_up|>
<|box_start|>201 842 545 864<|box_end|><|ref_start|>text<|ref_end|><|rotate_up|>
<|box_start|>201 874 785 898<|box_end|><|ref_start|>text<|ref_end|><|rotate_up|>
<|box_start|>506 942 523 953<|box_end|><|ref_start|>page_number<|ref_end|><|rotate_up|>
2026-08-06 11:59:45.988 | DEBUG    | mineru_vl_utils.mineru_client:parse_layout_output:239 - Layout raw output: 
<|box_start|>395 096 604 133<|box_end|><|ref_start|>equation<|ref_end|><|rotate_up|>
<|box_start|>182 148 369 165<|box_end|><|ref_start|>text<|ref_end|><|rotate_up|>
<|box_start|>148 170 394 190<|box_end|><|ref_start|>text<|ref_end|><|rotate_up|>
<|box_start|>372 200 626 238<|box_end|><|ref_start|>equation<|ref_end|><|rotate_up|>
<|box_start|>148 253 340 271<|box_end|><|ref_start|>text<|ref_end|><|rotate_up|>
<|box_start|>384 282 614 320<|box_end|><|ref_start|>equation<|ref_end|><|rotate_up|>
<|box_start|>147 334 277 350<|box_end|><|ref_start|>title<|ref_end|><|rotate_up|>
<|box_start|>146 357 851 411<|box_end|><|ref_start|>text<|ref_end|><|rotate_up|>
<|box_start|>147 418 715 435<|box_end|><|ref_start|>text<|ref_end|><|rotate_up|>
<|box_start|>370 447 627 485<|box_end|><|ref_start|>equation<|ref_end|><|rotate_up|>
<|box_start|>147 500 678 517<|box_end|><|ref_start|>text<|ref_end|><|rotate_up|>
<|box_start|>383 529 613 567<|box_end|><|ref_start|>equation<|ref_end|><|rotate_up|>
<|box_start|>147 605 275 622<|box_end|><|ref_start|>title<|ref_end|><|rotate_up|>
<|box_start|>182 629 834 645<|box_end|><|ref_start|>text<|ref_end|><|rotate_up|>
<|box_start|>147 652 348 669<|box_end|><|ref_start|>title<|ref_end|><|rotate_up|>
<|box_start|>182 675 524 691<|box_end|><|ref_start|>text<|ref_end|><|rotate_up|>
<|box_start|>416 700 582 745<|box_end|><|ref_start|>equation<|ref_end|><|rotate_up|>
<|box_start|>147 756 374 772<|box_end|><|ref_start|>text<|ref_end|><|rotate_up|>
<|box_start|>147 779 336 796<|box_end|><|ref_start|>title<|ref_end|><|rotate_up|>
<|box_start|>182 802 494 817<|box_end|><|ref_start|>text<|ref_end|><|rotate_up|>
<|box_start|>235 826 761 902<|box_end|><|ref_start|>equation_block<|ref_end|><|rotate_up|>
<|box_start|>235 826 761 874<|box_end|><|ref_start|>equation<|ref_end|><|rotate_up|>
<|box_start|>387 885 612 901<|box_end|><|ref_start|>equation<|ref_end|><|rotate_up|>
<|box_start|>491 929 509 940<|box_end|><|ref_start|>page_number<|ref_end|><|rotate_up|>
2026-08-06 11:59:45.989 | DEBUG    | mineru_vl_utils.mineru_client:parse_layout_output:239 - Layout raw output: 
<|box_start|>156 099 543 113<|box_end|><|ref_start|>header<|ref_end|><|rotate_up|>
<|box_start|>794 099 823 112<|box_end|><|ref_start|>page_number<|ref_end|><|rotate_up|>
<|box_start|>197 136 501 301<|box_end|><|ref_start|>image<|ref_end|><|rotate_up|>
<|box_start|>512 274 747 305<|box_end|><|ref_start|>image_caption<|ref_end|><|rotate_up|>
<|box_start|>199 334 501 500<|box_end|><|ref_start|>image<|ref_end|><|rotate_up|>
<|box_start|>513 458 761 503<|box_end|><|ref_start|>image_caption<|ref_end|><|rotate_up|>
<|box_start|>157 536 830 584<|box_end|><|ref_start|>text<|ref_end|><|rotate_up|>
<|box_start|>160 590 720 692<|box_end|><|ref_start|>equation_block<|ref_end|><|rotate_up|>
<|box_start|>274 590 717 609<|box_end|><|ref_start|>equation<|ref_end|><|rotate_up|>
<|box_start|>277 612 567 631<|box_end|><|ref_start|>equation<|ref_end|><|rotate_up|>
<|box_start|>163 633 717 650<|box_end|><|ref_start|>equation<|ref_end|><|rotate_up|>
<|box_start|>277 653 553 672<|box_end|><|ref_start|>equation<|ref_end|><|rotate_up|>
<|box_start|>343 675 717 692<|box_end|><|ref_start|>equation<|ref_end|><|rotate_up|>
<|box_start|>160 700 614 716<|box_end|><|ref_start|>text<|ref_end|><|rotate_up|>
<|box_start|>160 748 423 767<|box_end|><|ref_start|>title<|ref_end|><|rotate_up|>
<|box_start|>159 771 832 837<|box_end|><|ref_start|>text<|ref_end|><|rotate_up|>
2026-08-06 11:59:45.989 | DEBUG    | mineru_vl_utils.mineru_client:parse_layout_output:239 - Layout raw output: 
<|box_start|>142 108 175 121<|box_end|><|ref_start|>page_number<|ref_end|><|rotate_up|>
<|box_start|>187 108 581 122<|box_end|><|ref_start|>header<|ref_end|><|rotate_up|>
<|box_start|>203 143 756 191<|box_end|><|ref_start|>image<|ref_end|><|rotate_up|>
<|box_start|>210 198 713 214<|box_end|><|ref_start|>image_caption<|ref_end|><|rotate_up|>
<|box_start|>141 229 816 280<|box_end|><|ref_start|>text<|ref_end|><|rotate_up|>
<|box_start|>143 299 353 314<|box_end|><|ref_start|>title<|ref_end|><|rotate_up|>
<|box_start|>142 319 816 416<|box_end|><|ref_start|>text<|ref_end|><|rotate_up|>
<|box_start|>143 417 817 465<|box_end|><|ref_start|>text<|ref_end|><|rotate_up|>
<|box_start|>147 470 705 506<|box_end|><|ref_start|>equation<|ref_end|><|rotate_up|>
<|box_start|>147 507 709 543<|box_end|><|ref_start|>equation<|ref_end|><|rotate_up|>
<|box_start|>143 549 816 613<|box_end|><|ref_start|>text<|ref_end|><|rotate_up|>
<|box_start|>144 614 816 679<|box_end|><|ref_start|>text<|ref_end|><|rotate_up|>
<|box_start|>144 680 817 711<|box_end|><|ref_start|>text<|ref_end|><|rotate_up|>
<|box_start|>147 717 715 751<|box_end|><|ref_start|>equation<|ref_end|><|rotate_up|>
<|box_start|>149 751 679 790<|box_end|><|ref_start|>equation<|ref_end|><|rotate_up|>
<|box_start|>144 796 819 845<|box_end|><|ref_start|>text<|ref_end|><|rotate_up|>
2026-08-06 11:59:45.990 | DEBUG    | mineru_vl_utils.mineru_client:parse_layout_output:239 - Layout raw output: 
<|box_start|>147 100 435 115<|box_end|><|ref_start|>header<|ref_end|><|rotate_up|>
<|box_start|>788 100 818 114<|box_end|><|ref_start|>page_number<|ref_end|><|rotate_up|>
<|box_start|>147 131 515 151<|box_end|><|ref_start|>title<|ref_end|><|rotate_up|>
<|box_start|>165 168 820 200<|box_end|><|ref_start|>text<|ref_end|><|rotate_up|>
<|box_start|>186 201 820 247<|box_end|><|ref_start|>text<|ref_end|><|rotate_up|>
<|box_start|>165 254 820 285<|box_end|><|ref_start|>text<|ref_end|><|rotate_up|>
<|box_start|>372 290 637 322<|box_end|><|ref_start|>equation<|ref_end|><|rotate_up|>
<|box_start|>165 325 750 342<|box_end|><|ref_start|>text<|ref_end|><|rotate_up|>
<|box_start|>148 347 821 393<|box_end|><|ref_start|>text<|ref_end|><|rotate_up|>
<|box_start|>165 398 819 415<|box_end|><|ref_start|>text<|ref_end|><|rotate_up|>
<|box_start|>304 420 717 437<|box_end|><|ref_start|>equation<|ref_end|><|rotate_up|>
<|box_start|>304 440 705 457<|box_end|><|ref_start|>equation<|ref_end|><|rotate_up|>
<|box_start|>298 460 705 476<|box_end|><|ref_start|>equation<|ref_end|><|rotate_up|>
<|box_start|>190 483 436 498<|box_end|><|ref_start|>text<|ref_end|><|rotate_up|>
<|box_start|>166 504 819 521<|box_end|><|ref_start|>text<|ref_end|><|rotate_up|>
<|box_start|>307 526 713 544<|box_end|><|ref_start|>equation<|ref_end|><|rotate_up|>
<|box_start|>307 546 705 615<|box_end|><|ref_start|>equation<|ref_end|><|rotate_up|>
<|box_start|>301 618 597 634<|box_end|><|ref_start|>equation<|ref_end|><|rotate_up|>
<|box_start|>190 640 436 655<|box_end|><|ref_start|>text<|ref_end|><|rotate_up|>
<|box_start|>168 662 820 693<|box_end|><|ref_start|>text<|ref_end|><|rotate_up|>
<|box_start|>297 699 715 735<|box_end|><|ref_start|>equation<|ref_end|><|rotate_up|>
<|box_start|>168 738 822 773<|box_end|><|ref_start|>text<|ref_end|><|rotate_up|>
<|box_start|>168 775 822 807<|box_end|><|ref_start|>text<|ref_end|><|rotate_up|>
2026-08-06 11:59:45.990 | DEBUG    | mineru_vl_utils.mineru_client:parse_layout_output:239 - Layout raw output: 
<|box_start|>453 063 737 077<|box_end|><|ref_start|>header<|ref_end|><|rotate_up|>
<|box_start|>910 062 935 076<|box_end|><|ref_start|>page_number<|ref_end|><|rotate_up|>
<|box_start|>128 156 563 174<|box_end|><|ref_start|>title<|ref_end|><|rotate_up|>
<|box_start|>128 188 737 243<|box_end|><|ref_start|>text<|ref_end|><|rotate_up|>
<|box_start|>151 259 559 278<|box_end|><|ref_start|>equation<|ref_end|><|rotate_up|>
<|box_start|>127 290 737 381<|box_end|><|ref_start|>text<|ref_end|><|rotate_up|>
<|box_start|>150 394 606 414<|box_end|><|ref_start|>equation<|ref_end|><|rotate_up|>
<|box_start|>128 426 737 463<|box_end|><|ref_start|>text<|ref_end|><|rotate_up|>
<|box_start|>151 475 731 495<|box_end|><|ref_start|>equation<|ref_end|><|rotate_up|>
<|box_start|>127 507 737 598<|box_end|><|ref_start|>text<|ref_end|><|rotate_up|>
<|box_start|>150 610 650 630<|box_end|><|ref_start|>equation<|ref_end|><|rotate_up|>
<|box_start|>127 642 737 716<|box_end|><|ref_start|>text<|ref_end|><|rotate_up|>
<|box_start|>150 727 731 746<|box_end|><|ref_start|>equation<|ref_end|><|rotate_up|>
<|box_start|>155 751 207 767<|box_end|><|ref_start|>text<|ref_end|><|rotate_up|>
<|box_start|>094 781 737 837<|box_end|><|ref_start|>text<|ref_end|><|rotate_up|>
<|box_start|>782 162 908 183<|box_end|><|ref_start|>aside_text<|ref_end|><|rotate_up|>
<|box_start|>787 301 902 321<|box_end|><|ref_start|>aside_text<|ref_end|><|rotate_up|>
2026-08-06 11:59:45.990 | DEBUG    | mineru_vl_utils.mineru_client:parse_layout_output:239 - Layout raw output: 
<|box_start|>404 090 588 107<|box_end|><|ref_start|>title<|ref_end|><|rotate_up|>
<|box_start|>148 119 248 134<|box_end|><|ref_start|>text<|ref_end|><|rotate_up|>
<|box_start|>146 147 460 162<|box_end|><|ref_start|>text<|ref_end|><|rotate_up|>
<|box_start|>148 175 248 190<|box_end|><|ref_start|>text<|ref_end|><|rotate_up|>
<|box_start|>148 198 302 213<|box_end|><|ref_start|>text<|ref_end|><|rotate_up|>
<|box_start|>157 223 619 301<|box_end|><|ref_start|>text<|ref_end|><|rotate_up|>
<|box_start|>157 310 763 508<|box_end|><|ref_start|>text<|ref_end|><|rotate_up|>
<|box_start|>157 517 598 564<|box_end|><|ref_start|>text<|ref_end|><|rotate_up|>
<|box_start|>157 573 729 642<|box_end|><|ref_start|>text<|ref_end|><|rotate_up|>
<|box_start|>146 653 848 695<|box_end|><|ref_start|>text<|ref_end|><|rotate_up|>
<|box_start|>146 707 829 738<|box_end|><|ref_start|>text<|ref_end|><|rotate_up|>
<|box_start|>147 747 225 768<|box_end|><|ref_start|>text<|ref_end|><|rotate_up|>
<|box_start|>322 748 399 767<|box_end|><|ref_start|>text<|ref_end|><|rotate_up|>
<|box_start|>498 754 537 767<|box_end|><|ref_start|>text<|ref_end|><|rotate_up|>
<|box_start|>671 754 712 767<|box_end|><|ref_start|>text<|ref_end|><|rotate_up|>
<|box_start|>146 809 734 840<|box_end|><|ref_start|>text<|ref_end|><|rotate_up|>
<|box_start|>490 929 508 939<|box_end|><|ref_start|>page_number<|ref_end|><|rotate_up|>
2026-08-06 11:59:45.991 | DEBUG    | mineru_vl_utils.mineru_client:parse_layout_output:239 - Layout raw output: 
<|box_start|>372 090 621 107<|box_end|><|ref_start|>title<|ref_end|><|rotate_up|>
<|box_start|>148 119 248 134<|box_end|><|ref_start|>text<|ref_end|><|rotate_up|>
<|box_start|>147 146 745 171<|box_end|><|ref_start|>text<|ref_end|><|rotate_up|>
<|box_start|>148 183 517 199<|box_end|><|ref_start|>text<|ref_end|><|rotate_up|>
<|box_start|>146 211 843 260<|box_end|><|ref_start|>text<|ref_end|><|rotate_up|>
<|box_start|>147 276 234 291<|box_end|><|ref_start|>text<|ref_end|><|rotate_up|>
<|box_start|>147 306 513 326<|box_end|><|ref_start|>text<|ref_end|><|rotate_up|>
<|box_start|>147 344 848 393<|box_end|><|ref_start|>text<|ref_end|><|rotate_up|>
<|box_start|>148 406 744 422<|box_end|><|ref_start|>text<|ref_end|><|rotate_up|>
<|box_start|>147 435 848 515<|box_end|><|ref_start|>text<|ref_end|><|rotate_up|>
<|box_start|>147 344 848 515<|box_end|><|ref_start|>list<|ref_end|><|rotate_up|>
<|box_start|>150 526 501 570<|box_end|><|ref_start|>equation<|ref_end|><|rotate_up|>
<|box_start|>148 582 416 597<|box_end|><|ref_start|>text<|ref_end|><|rotate_up|>
<|box_start|>150 614 667 667<|box_end|><|ref_start|>equation<|ref_end|><|rotate_up|>
<|box_start|>147 686 747 706<|box_end|><|ref_start|>text<|ref_end|><|rotate_up|>
<|box_start|>148 752 721 771<|box_end|><|ref_start|>text<|ref_end|><|rotate_up|>
<|box_start|>148 818 804 835<|box_end|><|ref_start|>text<|ref_end|><|rotate_up|>
<|box_start|>490 929 508 939<|box_end|><|ref_start|>page_number<|ref_end|><|rotate_up|>
2026-08-06 11:59:45.991 | DEBUG    | mineru_vl_utils.mineru_client:parse_layout_output:239 - Layout raw output: 
<|box_start|>390 091 600 106<|box_end|><|ref_start|>title<|ref_end|><|rotate_up|>
<|box_start|>148 119 248 134<|box_end|><|ref_start|>text<|ref_end|><|rotate_up|>
<|box_start|>147 147 467 171<|box_end|><|ref_start|>text<|ref_end|><|rotate_up|>
<|box_start|>148 184 248 198<|box_end|><|ref_start|>text<|ref_end|><|rotate_up|>
<|box_start|>149 212 731 255<|box_end|><|ref_start|>text<|ref_end|><|rotate_up|>
<|box_start|>146 269 728 309<|box_end|><|ref_start|>text<|ref_end|><|rotate_up|>
<|box_start|>149 321 695 368<|box_end|><|ref_start|>text<|ref_end|><|rotate_up|>
<|box_start|>149 377 841 533<|box_end|><|ref_start|>text<|ref_end|><|rotate_up|>
<|box_start|>147 545 434 560<|box_end|><|ref_start|>text<|ref_end|><|rotate_up|>
<|box_start|>146 575 816 595<|box_end|><|ref_start|>text<|ref_end|><|rotate_up|>
<|box_start|>149 606 554 660<|box_end|><|ref_start|>text<|ref_end|><|rotate_up|>
<|box_start|>150 664 500 728<|box_end|><|ref_start|>text<|ref_end|><|rotate_up|>
<|box_start|>149 731 430 748<|box_end|><|ref_start|>text<|ref_end|><|rotate_up|>
<|box_start|>550 603 818 752<|box_end|><|ref_start|>image<|ref_end|><|rotate_up|>
<|box_start|>147 758 537 774<|box_end|><|ref_start|>text<|ref_end|><|rotate_up|>
<|box_start|>146 780 677 816<|box_end|><|ref_start|>text<|ref_end|><|rotate_up|>
<|box_start|>490 929 507 939<|box_end|><|ref_start|>page_number<|ref_end|><|rotate_up|>
2026-08-06 11:59:45.991 | DEBUG    | mineru_vl_utils.mineru_client:parse_layout_output:239 - Layout raw output: 
<|box_start|>398 090 592 107<|box_end|><|ref_start|>title<|ref_end|><|rotate_up|>
<|box_start|>148 119 248 134<|box_end|><|ref_start|>text<|ref_end|><|rotate_up|>
<|box_start|>147 148 732 170<|box_end|><|ref_start|>text<|ref_end|><|rotate_up|>
<|box_start|>148 184 248 199<|box_end|><|ref_start|>text<|ref_end|><|rotate_up|>
<|box_start|>147 206 302 221<|box_end|><|ref_start|>text<|ref_end|><|rotate_up|>
<|box_start|>146 232 848 266<|box_end|><|ref_start|>text<|ref_end|><|rotate_up|>
<|box_start|>148 275 775 380<|box_end|><|ref_start|>text<|ref_end|><|rotate_up|>
<|box_start|>146 390 461 406<|box_end|><|ref_start|>text<|ref_end|><|rotate_up|>
<|box_start|>146 415 297 430<|box_end|><|ref_start|>text<|ref_end|><|rotate_up|>
<|box_start|>148 439 831 460<|box_end|><|ref_start|>text<|ref_end|><|rotate_up|>
<|box_start|>148 473 638 508<|box_end|><|ref_start|>text<|ref_end|><|rotate_up|>
<|box_start|>148 518 501 541<|box_end|><|ref_start|>text<|ref_end|><|rotate_up|>
<|box_start|>149 550 798 669<|box_end|><|ref_start|>equation<|ref_end|><|rotate_up|>
<|box_start|>155 679 515 694<|box_end|><|ref_start|>text<|ref_end|><|rotate_up|>
<|box_start|>146 705 731 727<|box_end|><|ref_start|>text<|ref_end|><|rotate_up|>
<|box_start|>146 744 201 761<|box_end|><|ref_start|>text<|ref_end|><|rotate_up|>
<|box_start|>322 744 377 761<|box_end|><|ref_start|>text<|ref_end|><|rotate_up|>
<|box_start|>497 745 537 760<|box_end|><|ref_start|>text<|ref_end|><|rotate_up|>
<|box_start|>671 746 712 760<|box_end|><|ref_start|>text<|ref_end|><|rotate_up|>
<|box_start|>146 807 750 827<|box_end|><|ref_start|>text<|ref_end|><|rotate_up|>
<|box_start|>146 846 191 862<|box_end|><|ref_start|>text<|ref_end|><|rotate_up|>
<|box_start|>322 846 377 863<|box_end|><|ref_start|>text<|ref_end|><|rotate_up|>
<|box_start|>497 848 537 862<|box_end|><|ref_start|>text<|ref_end|><|rotate_up|>
<|box_start|>671 848 714 862<|box_end|><|ref_start|>text<|ref_end|><|rotate_up|>
<|box_start|>487 929 512 940<|box_end|><|ref_start|>page_number<|ref_end|><|rotate_up|>
2026-08-06 11:59:45.992 | DEBUG    | mineru_vl_utils.mineru_client:parse_layout_output:239 - Layout raw output: 
<|box_start|>407 090 584 107<|box_end|><|ref_start|>title<|ref_end|><|rotate_up|>
<|box_start|>148 119 248 134<|box_end|><|ref_start|>title<|ref_end|><|rotate_up|>
<|box_start|>146 147 603 163<|box_end|><|ref_start|>text<|ref_end|><|rotate_up|>
<|box_start|>148 175 248 190<|box_end|><|ref_start|>title<|ref_end|><|rotate_up|>
<|box_start|>146 197 374 212<|box_end|><|ref_start|>text<|ref_end|><|rotate_up|>
<|box_start|>146 221 479 236<|box_end|><|ref_start|>text<|ref_end|><|rotate_up|>
<|box_start|>146 245 834 286<|box_end|><|ref_start|>text<|ref_end|><|rotate_up|>
<|box_start|>146 197 834 286<|box_end|><|ref_start|>list<|ref_end|><|rotate_up|>
<|box_start|>148 297 177 311<|box_end|><|ref_start|>text<|ref_end|><|rotate_up|>
<|box_start|>185 307 791 384<|box_end|><|ref_start|>equation<|ref_end|><|rotate_up|>
<|box_start|>146 393 848 436<|box_end|><|ref_start|>text<|ref_end|><|rotate_up|>
<|box_start|>146 531 848 576<|box_end|><|ref_start|>text<|ref_end|><|rotate_up|>
<|box_start|>146 674 850 724<|box_end|><|ref_start|>text<|ref_end|><|rotate_up|>
<|box_start|>146 795 848 845<|box_end|><|ref_start|>text<|ref_end|><|rotate_up|>
<|box_start|>487 929 511 940<|box_end|><|ref_start|>page_number<|ref_end|><|rotate_up|>
2026-08-06 11:59:45.992 | DEBUG    | mineru_vl_utils.mineru_client:parse_layout_output:239 - Layout raw output: 
<|box_start|>156 123 354 139<|box_end|><|ref_start|>text<|ref_end|><|rotate_up|>
<|box_start|>359 088 583 174<|box_end|><|ref_start|>image<|ref_end|><|rotate_up|>
<|box_start|>148 179 806 250<|box_end|><|ref_start|>text<|ref_end|><|rotate_up|>
<|box_start|>146 256 857 316<|box_end|><|ref_start|>text<|ref_end|><|rotate_up|>
<|box_start|>146 329 384 360<|box_end|><|ref_start|>text<|ref_end|><|rotate_up|>
<|box_start|>149 373 667 501<|box_end|><|ref_start|>equation<|ref_end|><|rotate_up|>
<|box_start|>146 515 785 584<|box_end|><|ref_start|>text<|ref_end|><|rotate_up|>
<|box_start|>146 623 848 678<|box_end|><|ref_start|>text<|ref_end|><|rotate_up|>
<|box_start|>146 745 850 816<|box_end|><|ref_start|>text<|ref_end|><|rotate_up|>
<|box_start|>147 827 226 863<|box_end|><|ref_start|>text<|ref_end|><|rotate_up|>
<|box_start|>322 827 404 862<|box_end|><|ref_start|>text<|ref_end|><|rotate_up|>
<|box_start|>497 827 577 862<|box_end|><|ref_start|>text<|ref_end|><|rotate_up|>
<|box_start|>671 827 745 862<|box_end|><|ref_start|>text<|ref_end|><|rotate_up|>
<|box_start|>487 929 512 940<|box_end|><|ref_start|>page_number<|ref_end|><|rotate_up|>
2026-08-06 11:59:45.993 | DEBUG    | mineru_vl_utils.mineru_client:parse_layout_output:239 - Layout raw output: 
<|box_start|>111 188 451 240<|box_end|><|ref_start|>text<|ref_end|><|rotate_up|>
<|box_start|>233 280 402 330<|box_end|><|ref_start|>equation<|ref_end|><|rotate_up|>
<|box_start|>497 083 862 364<|box_end|><|ref_start|>equation<|ref_end|><|rotate_up|>
<|box_start|>092 357 450 632<|box_end|><|ref_start|>equation<|ref_end|><|rotate_up|>
<|box_start|>160 642 322 690<|box_end|><|ref_start|>text<|ref_end|><|rotate_up|>
<|box_start|>483 376 908 625<|box_end|><|ref_start|>equation<|ref_end|><|rotate_up|>
<|box_start|>582 633 773 682<|box_end|><|ref_start|>text<|ref_end|><|rotate_up|>
<|box_start|>201 723 634 774<|box_end|><|ref_start|>equation<|ref_end|><|rotate_up|>
<|box_start|>264 793 498 842<|box_end|><|ref_start|>text<|ref_end|><|rotate_up|>
<|box_start|>264 849 498 899<|box_end|><|ref_start|>text<|ref_end|><|rotate_up|>
<|box_start|>691 733 899 781<|box_end|><|ref_start|>text<|ref_end|><|rotate_up|>
<|box_start|>688 796 891 846<|box_end|><|ref_start|>text<|ref_end|><|rotate_up|>
2026-08-06 11:59:45.993 | DEBUG    | mineru_vl_utils.mineru_client:parse_layout_output:239 - Layout raw output: 
<|box_start|>088 069 125 084<|box_end|><|ref_start|>text<|ref_end|><|rotate_up|>
<|box_start|>293 069 326 083<|box_end|><|ref_start|>text<|ref_end|><|rotate_up|>
<|box_start|>497 070 532 083<|box_end|><|ref_start|>text<|ref_end|><|rotate_up|>
<|box_start|>702 058 766 083<|box_end|><|ref_start|>text<|ref_end|><|rotate_up|>
<|box_start|>097 103 175 119<|box_end|><|ref_start|>text<|ref_end|><|rotate_up|>
<|box_start|>097 131 152 147<|box_end|><|ref_start|>text<|ref_end|><|rotate_up|>
<|box_start|>095 158 764 175<|box_end|><|ref_start|>text<|ref_end|><|rotate_up|>
<|box_start|>095 185 834 213<|box_end|><|ref_start|>text<|ref_end|><|rotate_up|>
<|box_start|>088 230 688 273<|box_end|><|ref_start|>text<|ref_end|><|rotate_up|>
<|box_start|>086 296 688 323<|box_end|><|ref_start|>text<|ref_end|><|rotate_up|>
<|box_start|>086 343 682 369<|box_end|><|ref_start|>text<|ref_end|><|rotate_up|>
<|box_start|>088 388 691 415<|box_end|><|ref_start|>equation<|ref_end|><|rotate_up|>
<|box_start|>088 430 265 582<|box_end|><|ref_start|>image<|ref_end|><|rotate_up|>
<|box_start|>087 591 158 606<|box_end|><|ref_start|>text<|ref_end|><|rotate_up|>
<|box_start|>086 626 547 645<|box_end|><|ref_start|>title<|ref_end|><|rotate_up|>
<|box_start|>087 669 520 711<|box_end|><|ref_start|>text<|ref_end|><|rotate_up|>
<|box_start|>097 730 172 746<|box_end|><|ref_start|>text<|ref_end|><|rotate_up|>
<|box_start|>097 758 152 774<|box_end|><|ref_start|>text<|ref_end|><|rotate_up|>
<|box_start|>095 792 911 884<|box_end|><|ref_start|>text<|ref_end|><|rotate_up|>
<|box_start|>439 970 559 985<|box_end|><|ref_start|>page_number<|ref_end|><|rotate_up|>
2026-08-06 11:59:45.993 | DEBUG    | mineru_vl_utils.mineru_client:parse_layout_output:239 - Layout raw output: 
<|box_start|>216 120 340 136<|box_end|><|ref_start|>header<|ref_end|><|rotate_up|>
<|box_start|>761 123 781 135<|box_end|><|ref_start|>page_number<|ref_end|><|rotate_up|>
<|box_start|>334 156 667 287<|box_end|><|ref_start|>equation<|ref_end|><|rotate_up|>
<|box_start|>218 292 862 446<|box_end|><|ref_start|>equation_block<|ref_end|><|rotate_up|>
<|box_start|>218 292 862 424<|box_end|><|ref_start|>equation<|ref_end|><|rotate_up|>
<|box_start|>378 429 620 446<|box_end|><|ref_start|>equation<|ref_end|><|rotate_up|>
<|box_start|>217 452 839 584<|box_end|><|ref_start|>text<|ref_end|><|rotate_up|>
<|box_start|>291 594 707 726<|box_end|><|ref_start|>equation<|ref_end|><|rotate_up|>
<|box_start|>215 736 414 751<|box_end|><|ref_start|>text<|ref_end|><|rotate_up|>
<|box_start|>214 767 384 783<|box_end|><|ref_start|>text<|ref_end|><|rotate_up|>
<|box_start|>357 797 640 833<|box_end|><|ref_start|>equation<|ref_end|><|rotate_up|>
[group 1/4] DONE pages=32 elapsed_s=46.256 pages_per_s=0.69180 eta_s=138.8
[group 2/4] START pages=32 dataset_indices=[32, 33, 34, 35, 36, 37, 38, 39, 40, 41, 42, 43, 44, 45, 46, 47, 48, 49, 50, 51, 52, 53, 54, 55, 56, 57, 58, 59, 60, 61, 62, 63]
2026-08-06 12:00:31.552 | DEBUG    | mineru_vl_utils.mineru_client:parse_layout_output:239 - Layout raw output: 
<|box_start|>215 120 340 136<|box_end|><|ref_start|>header<|ref_end|><|rotate_up|>
<|box_start|>761 123 781 135<|box_end|><|ref_start|>page_number<|ref_end|><|rotate_up|>
<|box_start|>268 156 728 316<|box_end|><|ref_start|>equation_block<|ref_end|><|rotate_up|>
<|box_start|>268 156 728 266<|box_end|><|ref_start|>equation<|ref_end|><|rotate_up|>
<|box_start|>387 273 611 315<|box_end|><|ref_start|>equation<|ref_end|><|rotate_up|>
<|box_start|>214 324 343 340<|box_end|><|ref_start|>text<|ref_end|><|rotate_up|>
<|box_start|>268 351 728 483<|box_end|><|ref_start|>equation<|ref_end|><|rotate_up|>
<|box_start|>214 494 343 511<|box_end|><|ref_start|>text<|ref_end|><|rotate_up|>
<|box_start|>321 524 677 753<|box_end|><|ref_start|>equation_block<|ref_end|><|rotate_up|>
<|box_start|>321 524 675 632<|box_end|><|ref_start|>equation<|ref_end|><|rotate_up|>
<|box_start|>385 646 615 752<|box_end|><|ref_start|>equation<|ref_end|><|rotate_up|>
2026-08-06 12:00:31.553 | DEBUG    | mineru_vl_utils.mineru_client:parse_layout_output:239 - Layout raw output: 
<|box_start|>248 117 863 157<|box_end|><|ref_start|>equation<|ref_end|><|rotate_up|>
<|box_start|>112 165 871 247<|box_end|><|ref_start|>text<|ref_end|><|rotate_up|>
<|box_start|>112 254 872 334<|box_end|><|ref_start|>text<|ref_end|><|rotate_up|>
<|box_start|>225 342 780 521<|box_end|><|ref_start|>equation_block<|ref_end|><|rotate_up|>
<|box_start|>226 342 753 363<|box_end|><|ref_start|>equation<|ref_end|><|rotate_up|>
<|box_start|>294 371 752 392<|box_end|><|ref_start|>equation<|ref_end|><|rotate_up|>
<|box_start|>320 401 624 422<|box_end|><|ref_start|>equation<|ref_end|><|rotate_up|>
<|box_start|>295 431 780 471<|box_end|><|ref_start|>equation<|ref_end|><|rotate_up|>
<|box_start|>295 479 687 521<|box_end|><|ref_start|>equation<|ref_end|><|rotate_up|>
<|box_start|>116 528 427 550<|box_end|><|ref_start|>text<|ref_end|><|rotate_up|>
<|box_start|>114 558 872 608<|box_end|><|ref_start|>text<|ref_end|><|rotate_up|>
<|box_start|>147 617 866 693<|box_end|><|ref_start|>equation<|ref_end|><|rotate_up|>
<|box_start|>117 702 871 755<|box_end|><|ref_start|>text<|ref_end|><|rotate_up|>
<|box_start|>185 779 794 805<|box_end|><|ref_start|>title<|ref_end|><|rotate_up|>
<|box_start|>118 819 873 899<|box_end|><|ref_start|>text<|ref_end|><|rotate_up|>
<|box_start|>782 909 864 925<|box_end|><|ref_start|>page_number<|ref_end|><|rotate_up|>
2026-08-06 12:00:31.554 | DEBUG    | mineru_vl_utils.mineru_client:parse_layout_output:239 - Layout raw output: 
<|box_start|>339 119 660 131<|box_end|><|ref_start|>header<|ref_end|><|rotate_up|>
<|box_start|>785 120 795 130<|box_end|><|ref_start|>page_number<|ref_end|><|rotate_up|>
<|box_start|>203 147 375 161<|box_end|><|ref_start|>text<|ref_end|><|rotate_up|>
<|box_start|>392 166 796 186<|box_end|><|ref_start|>equation<|ref_end|><|rotate_up|>
<|box_start|>202 206 734 222<|box_end|><|ref_start|>text<|ref_end|><|rotate_up|>
<|box_start|>219 224 800 386<|box_end|><|ref_start|>equation_block<|ref_end|><|rotate_up|>
<|box_start|>249 226 389 244<|box_end|><|ref_start|>equation<|ref_end|><|rotate_up|>
<|box_start|>222 246 429 265<|box_end|><|ref_start|>equation<|ref_end|><|rotate_up|>
<|box_start|>251 267 720 294<|box_end|><|ref_start|>equation<|ref_end|><|rotate_up|>
<|box_start|>251 297 613 324<|box_end|><|ref_start|>equation<|ref_end|><|rotate_up|>
<|box_start|>251 328 708 347<|box_end|><|ref_start|>equation<|ref_end|><|rotate_up|>
<|box_start|>251 350 796 386<|box_end|><|ref_start|>equation<|ref_end|><|rotate_up|>
<|box_start|>203 391 236 404<|box_end|><|ref_start|>text<|ref_end|><|rotate_up|>
<|box_start|>219 409 862 585<|box_end|><|ref_start|>equation_block<|ref_end|><|rotate_up|>
<|box_start|>249 410 395 428<|box_end|><|ref_start|>equation<|ref_end|><|rotate_up|>
<|box_start|>222 431 703 448<|box_end|><|ref_start|>equation<|ref_end|><|rotate_up|>
<|box_start|>251 451 624 471<|box_end|><|ref_start|>equation<|ref_end|><|rotate_up|>
<|box_start|>251 474 654 495<|box_end|><|ref_start|>equation<|ref_end|><|rotate_up|>
<|box_start|>251 499 834 520<|box_end|><|ref_start|>equation<|ref_end|><|rotate_up|>
<|box_start|>251 523 860 544<|box_end|><|ref_start|>equation<|ref_end|><|rotate_up|>
<|box_start|>251 546 651 564<|box_end|><|ref_start|>equation<|ref_end|><|rotate_up|>
<|box_start|>251 567 862 585<|box_end|><|ref_start|>equation<|ref_end|><|rotate_up|>
<|box_start|>202 589 480 603<|box_end|><|ref_start|>text<|ref_end|><|rotate_up|>
<|box_start|>204 635 882 820<|box_end|><|ref_start|>equation_block<|ref_end|><|rotate_up|>
<|box_start|>206 635 882 664<|box_end|><|ref_start|>equation<|ref_end|><|rotate_up|>
<|box_start|>255 675 397 692<|box_end|><|ref_start|>equation<|ref_end|><|rotate_up|>
<|box_start|>222 695 872 714<|box_end|><|ref_start|>equation<|ref_end|><|rotate_up|>
<|box_start|>256 717 686 736<|box_end|><|ref_start|>equation<|ref_end|><|rotate_up|>
<|box_start|>256 739 685 757<|box_end|><|ref_start|>equation<|ref_end|><|rotate_up|>
<|box_start|>256 760 697 787<|box_end|><|ref_start|>equation<|ref_end|><|rotate_up|>
<|box_start|>256 790 705 819<|box_end|><|ref_start|>equation<|ref_end|><|rotate_up|>
<|box_start|>201 838 796 887<|box_end|><|ref_start|>text<|ref_end|><|rotate_up|>
2026-08-06 12:00:31.555 | DEBUG    | mineru_vl_utils.mineru_client:parse_layout_output:239 - Layout raw output: 
<|box_start|>784 120 795 130<|box_end|><|ref_start|>page_number<|ref_end|><|rotate_up|>
<|box_start|>201 145 796 163<|box_end|><|ref_start|>text<|ref_end|><|rotate_up|>
<|box_start|>356 168 794 200<|box_end|><|ref_start|>equation<|ref_end|><|rotate_up|>
<|box_start|>201 204 799 427<|box_end|><|ref_start|>text<|ref_end|><|rotate_up|>
<|box_start|>362 432 794 452<|box_end|><|ref_start|>equation<|ref_end|><|rotate_up|>
<|box_start|>201 456 798 522<|box_end|><|ref_start|>text<|ref_end|><|rotate_up|>
<|box_start|>354 536 644 553<|box_end|><|ref_start|>title<|ref_end|><|rotate_up|>
<|box_start|>202 560 795 594<|box_end|><|ref_start|>text<|ref_end|><|rotate_up|>
<|box_start|>308 599 794 618<|box_end|><|ref_start|>equation<|ref_end|><|rotate_up|>
<|box_start|>201 622 795 673<|box_end|><|ref_start|>text<|ref_end|><|rotate_up|>
<|box_start|>314 677 682 697<|box_end|><|ref_start|>equation<|ref_end|><|rotate_up|>
<|box_start|>202 702 795 737<|box_end|><|ref_start|>text<|ref_end|><|rotate_up|>
<|box_start|>206 747 794 811<|box_end|><|ref_start|>equation<|ref_end|><|rotate_up|>
<|box_start|>201 816 796 886<|box_end|><|ref_start|>text<|ref_end|><|rotate_up|>
2026-08-06 12:00:31.555 | DEBUG    | mineru_vl_utils.mineru_client:parse_layout_output:239 - Layout raw output: 
<|box_start|>112 091 167 106<|box_end|><|ref_start|>text<|ref_end|><|rotate_up|>
<|box_start|>142 122 861 162<|box_end|><|ref_start|>equation<|ref_end|><|rotate_up|>
<|box_start|>111 173 610 192<|box_end|><|ref_start|>text<|ref_end|><|rotate_up|>
<|box_start|>134 205 874 241<|box_end|><|ref_start|>equation<|ref_end|><|rotate_up|>
<|box_start|>127 242 700 293<|box_end|><|ref_start|>equation<|ref_end|><|rotate_up|>
<|box_start|>111 303 150 318<|box_end|><|ref_start|>text<|ref_end|><|rotate_up|>
<|box_start|>115 331 895 372<|box_end|><|ref_start|>equation<|ref_end|><|rotate_up|>
<|box_start|>112 382 472 402<|box_end|><|ref_start|>text<|ref_end|><|rotate_up|>
<|box_start|>111 422 386 439<|box_end|><|ref_start|>title<|ref_end|><|rotate_up|>
<|box_start|>110 449 887 487<|box_end|><|ref_start|>text<|ref_end|><|rotate_up|>
<|box_start|>302 500 700 538<|box_end|><|ref_start|>equation<|ref_end|><|rotate_up|>
<|box_start|>111 551 269 571<|box_end|><|ref_start|>text<|ref_end|><|rotate_up|>
<|box_start|>206 583 797 617<|box_end|><|ref_start|>equation<|ref_end|><|rotate_up|>
<|box_start|>110 630 887 668<|box_end|><|ref_start|>text<|ref_end|><|rotate_up|>
<|box_start|>235 680 656 711<|box_end|><|ref_start|>equation<|ref_end|><|rotate_up|>
<|box_start|>229 714 772 749<|box_end|><|ref_start|>equation<|ref_end|><|rotate_up|>
<|box_start|>110 760 747 779<|box_end|><|ref_start|>text<|ref_end|><|rotate_up|>
<|box_start|>336 792 667 829<|box_end|><|ref_start|>equation<|ref_end|><|rotate_up|>
<|box_start|>336 831 670 869<|box_end|><|ref_start|>equation<|ref_end|><|rotate_up|>
<|box_start|>490 918 512 932<|box_end|><|ref_start|>page_number<|ref_end|><|rotate_up|>
2026-08-06 12:00:31.556 | DEBUG    | mineru_vl_utils.mineru_client:parse_layout_output:239 - Layout raw output: 
<|box_start|>111 086 398 108<|box_end|><|ref_start|>title<|ref_end|><|rotate_up|>
<|box_start|>109 124 889 232<|box_end|><|ref_start|>text<|ref_end|><|rotate_up|>
<|box_start|>139 234 546 252<|box_end|><|ref_start|>text<|ref_end|><|rotate_up|>
<|box_start|>307 263 887 285<|box_end|><|ref_start|>equation<|ref_end|><|rotate_up|>
<|box_start|>110 297 889 355<|box_end|><|ref_start|>text<|ref_end|><|rotate_up|>
<|box_start|>302 365 690 415<|box_end|><|ref_start|>equation<|ref_end|><|rotate_up|>
<|box_start|>110 425 889 561<|box_end|><|ref_start|>text<|ref_end|><|rotate_up|>
<|box_start|>110 562 888 599<|box_end|><|ref_start|>text<|ref_end|><|rotate_up|>
<|box_start|>139 609 889 725<|box_end|><|ref_start|>list<|ref_end|><|rotate_up|>
<|box_start|>140 609 551 629<|box_end|><|ref_start|>text<|ref_end|><|rotate_up|>
<|box_start|>140 638 888 676<|box_end|><|ref_start|>text<|ref_end|><|rotate_up|>
<|box_start|>140 686 888 723<|box_end|><|ref_start|>text<|ref_end|><|rotate_up|>
<|box_start|>111 734 436 752<|box_end|><|ref_start|>text<|ref_end|><|rotate_up|>
<|box_start|>186 762 811 896<|box_end|><|ref_start|>equation_block<|ref_end|><|rotate_up|>
<|box_start|>189 763 735 805<|box_end|><|ref_start|>equation<|ref_end|><|rotate_up|>
<|box_start|>190 807 810 850<|box_end|><|ref_start|>equation<|ref_end|><|rotate_up|>
<|box_start|>190 851 804 894<|box_end|><|ref_start|>equation<|ref_end|><|rotate_up|>
<|box_start|>489 918 511 932<|box_end|><|ref_start|>page_number<|ref_end|><|rotate_up|>
2026-08-06 12:00:31.556 | DEBUG    | mineru_vl_utils.mineru_client:parse_layout_output:239 - Layout raw output: 
<|box_start|>391 049 602 063<|box_end|><|ref_start|>header<|ref_end|><|rotate_up|>
<|box_start|>142 117 776 131<|box_end|><|ref_start|>title<|ref_end|><|rotate_up|>
<|box_start|>141 140 854 174<|box_end|><|ref_start|>text<|ref_end|><|rotate_up|>
<|box_start|>142 175 865 227<|box_end|><|ref_start|>text<|ref_end|><|rotate_up|>
<|box_start|>141 241 855 276<|box_end|><|ref_start|>text<|ref_end|><|rotate_up|>
<|box_start|>141 289 856 359<|box_end|><|ref_start|>text<|ref_end|><|rotate_up|>
<|box_start|>380 370 617 405<|box_end|><|ref_start|>equation<|ref_end|><|rotate_up|>
<|box_start|>142 416 538 432<|box_end|><|ref_start|>text<|ref_end|><|rotate_up|>
<|box_start|>142 443 878 692<|box_end|><|ref_start|>equation_block<|ref_end|><|rotate_up|>
<|box_start|>147 444 525 480<|box_end|><|ref_start|>equation<|ref_end|><|rotate_up|>
<|box_start|>302 484 701 517<|box_end|><|ref_start|>equation<|ref_end|><|rotate_up|>
<|box_start|>302 519 876 554<|box_end|><|ref_start|>equation<|ref_end|><|rotate_up|>
<|box_start|>302 556 766 589<|box_end|><|ref_start|>equation<|ref_end|><|rotate_up|>
<|box_start|>302 593 701 626<|box_end|><|ref_start|>equation<|ref_end|><|rotate_up|>
<|box_start|>302 628 615 661<|box_end|><|ref_start|>equation<|ref_end|><|rotate_up|>
<|box_start|>302 664 558 692<|box_end|><|ref_start|>equation<|ref_end|><|rotate_up|>
<|box_start|>142 705 854 740<|box_end|><|ref_start|>text<|ref_end|><|rotate_up|>
<|box_start|>340 751 658 783<|box_end|><|ref_start|>equation<|ref_end|><|rotate_up|>
<|box_start|>142 794 542 810<|box_end|><|ref_start|>text<|ref_end|><|rotate_up|>
<|box_start|>251 822 748 856<|box_end|><|ref_start|>equation<|ref_end|><|rotate_up|>
<|box_start|>391 857 619 889<|box_end|><|ref_start|>equation<|ref_end|><|rotate_up|>
<|box_start|>490 914 510 927<|box_end|><|ref_start|>page_number<|ref_end|><|rotate_up|>
2026-08-06 12:00:31.556 | DEBUG    | mineru_vl_utils.mineru_client:parse_layout_output:239 - Layout raw output: 
<|box_start|>127 091 137 100<|box_end|><|ref_start|>page_number<|ref_end|><|rotate_up|>
<|box_start|>460 089 538 100<|box_end|><|ref_start|>header<|ref_end|><|rotate_up|>
<|box_start|>124 118 875 173<|box_end|><|ref_start|>text<|ref_end|><|rotate_up|>
<|box_start|>196 174 873 232<|box_end|><|ref_start|>equation_block<|ref_end|><|rotate_up|>
<|box_start|>198 176 460 192<|box_end|><|ref_start|>equation<|ref_end|><|rotate_up|>
<|box_start|>277 194 871 231<|box_end|><|ref_start|>equation<|ref_end|><|rotate_up|>
<|box_start|>124 235 822 251<|box_end|><|ref_start|>text<|ref_end|><|rotate_up|>
<|box_start|>209 254 871 359<|box_end|><|ref_start|>equation_block<|ref_end|><|rotate_up|>
<|box_start|>209 254 419 269<|box_end|><|ref_start|>equation<|ref_end|><|rotate_up|>
<|box_start|>196 273 871 314<|box_end|><|ref_start|>equation<|ref_end|><|rotate_up|>
<|box_start|>214 310 588 326<|box_end|><|ref_start|>equation<|ref_end|><|rotate_up|>
<|box_start|>214 330 802 358<|box_end|><|ref_start|>equation<|ref_end|><|rotate_up|>
<|box_start|>124 363 873 405<|box_end|><|ref_start|>text<|ref_end|><|rotate_up|>
<|box_start|>194 407 873 515<|box_end|><|ref_start|>equation_block<|ref_end|><|rotate_up|>
<|box_start|>209 408 418 423<|box_end|><|ref_start|>equation<|ref_end|><|rotate_up|>
<|box_start|>196 428 871 468<|box_end|><|ref_start|>equation<|ref_end|><|rotate_up|>
<|box_start|>214 464 577 483<|box_end|><|ref_start|>equation<|ref_end|><|rotate_up|>
<|box_start|>214 485 802 514<|box_end|><|ref_start|>equation<|ref_end|><|rotate_up|>
<|box_start|>126 527 373 543<|box_end|><|ref_start|>text<|ref_end|><|rotate_up|>
<|box_start|>126 557 396 571<|box_end|><|ref_start|>text<|ref_end|><|rotate_up|>
<|box_start|>305 574 692 591<|box_end|><|ref_start|>equation<|ref_end|><|rotate_up|>
<|box_start|>406 593 657 609<|box_end|><|ref_start|>equation<|ref_end|><|rotate_up|>
<|box_start|>125 613 156 625<|box_end|><|ref_start|>text<|ref_end|><|rotate_up|>
<|box_start|>234 622 872 730<|box_end|><|ref_start|>equation_block<|ref_end|><|rotate_up|>
<|box_start|>235 623 705 639<|box_end|><|ref_start|>equation<|ref_end|><|rotate_up|>
<|box_start|>418 642 762 657<|box_end|><|ref_start|>equation<|ref_end|><|rotate_up|>
<|box_start|>418 660 871 683<|box_end|><|ref_start|>equation<|ref_end|><|rotate_up|>
<|box_start|>403 678 712 693<|box_end|><|ref_start|>equation<|ref_end|><|rotate_up|>
<|box_start|>418 696 764 711<|box_end|><|ref_start|>equation<|ref_end|><|rotate_up|>
<|box_start|>418 714 756 730<|box_end|><|ref_start|>equation<|ref_end|><|rotate_up|>
<|box_start|>125 730 204 742<|box_end|><|ref_start|>text<|ref_end|><|rotate_up|>
<|box_start|>216 747 761 918<|box_end|><|ref_start|>equation_block<|ref_end|><|rotate_up|>
<|box_start|>229 748 452 764<|box_end|><|ref_start|>equation<|ref_end|><|rotate_up|>
<|box_start|>234 767 634 784<|box_end|><|ref_start|>equation<|ref_end|><|rotate_up|>
<|box_start|>234 787 665 804<|box_end|><|ref_start|>equation<|ref_end|><|rotate_up|>
<|box_start|>234 807 653 824<|box_end|><|ref_start|>equation<|ref_end|><|rotate_up|>
<|box_start|>218 826 569 842<|box_end|><|ref_start|>equation<|ref_end|><|rotate_up|>
<|box_start|>234 844 588 860<|box_end|><|ref_start|>equation<|ref_end|><|rotate_up|>
<|box_start|>234 862 610 878<|box_end|><|ref_start|>equation<|ref_end|><|rotate_up|>
<|box_start|>234 880 761 898<|box_end|><|ref_start|>equation<|ref_end|><|rotate_up|>
<|box_start|>234 900 761 918<|box_end|><|ref_start|>equation<|ref_end|><|rotate_up|>
2026-08-06 12:00:31.557 | DEBUG    | mineru_vl_utils.mineru_client:parse_layout_output:239 - Layout raw output: 
<|box_start|>832 073 850 085<|box_end|><|ref_start|>page_number<|ref_end|><|rotate_up|>
<|box_start|>144 120 854 184<|box_end|><|ref_start|>text<|ref_end|><|rotate_up|>
<|box_start|>155 190 845 476<|box_end|><|ref_start|>equation_block<|ref_end|><|rotate_up|>
<|box_start|>171 194 466 211<|box_end|><|ref_start|>equation<|ref_end|><|rotate_up|>
<|box_start|>159 214 662 232<|box_end|><|ref_start|>equation<|ref_end|><|rotate_up|>
<|box_start|>159 233 799 260<|box_end|><|ref_start|>equation<|ref_end|><|rotate_up|>
<|box_start|>159 261 841 297<|box_end|><|ref_start|>equation<|ref_end|><|rotate_up|>
<|box_start|>582 300 698 326<|box_end|><|ref_start|>equation<|ref_end|><|rotate_up|>
<|box_start|>159 328 535 367<|box_end|><|ref_start|>equation<|ref_end|><|rotate_up|>
<|box_start|>159 370 569 413<|box_end|><|ref_start|>equation<|ref_end|><|rotate_up|>
<|box_start|>159 415 615 444<|box_end|><|ref_start|>equation<|ref_end|><|rotate_up|>
<|box_start|>159 445 626 472<|box_end|><|ref_start|>equation<|ref_end|><|rotate_up|>
<|box_start|>144 482 854 528<|box_end|><|ref_start|>text<|ref_end|><|rotate_up|>
<|box_start|>145 546 719 565<|box_end|><|ref_start|>title<|ref_end|><|rotate_up|>
<|box_start|>144 571 854 646<|box_end|><|ref_start|>text<|ref_end|><|rotate_up|>
<|box_start|>145 655 854 737<|box_end|><|ref_start|>text<|ref_end|><|rotate_up|>
<|box_start|>145 743 854 774<|box_end|><|ref_start|>text<|ref_end|><|rotate_up|>
<|box_start|>146 782 854 829<|box_end|><|ref_start|>equation_block<|ref_end|><|rotate_up|>
<|box_start|>160 783 603 804<|box_end|><|ref_start|>equation<|ref_end|><|rotate_up|>
<|box_start|>149 806 851 827<|box_end|><|ref_start|>equation<|ref_end|><|rotate_up|>
2026-08-06 12:00:31.558 | DEBUG    | mineru_vl_utils.mineru_client:parse_layout_output:239 - Layout raw output: 
<|box_start|>133 090 865 120<|box_end|><|ref_start|>text<|ref_end|><|rotate_up|>
<|box_start|>155 126 856 232<|box_end|><|ref_start|>equation_block<|ref_end|><|rotate_up|>
<|box_start|>176 129 375 147<|box_end|><|ref_start|>equation<|ref_end|><|rotate_up|>
<|box_start|>159 149 580 168<|box_end|><|ref_start|>equation<|ref_end|><|rotate_up|>
<|box_start|>180 170 550 186<|box_end|><|ref_start|>equation<|ref_end|><|rotate_up|>
<|box_start|>158 190 850 212<|box_end|><|ref_start|>equation<|ref_end|><|rotate_up|>
<|box_start|>181 214 504 230<|box_end|><|ref_start|>equation<|ref_end|><|rotate_up|>
<|box_start|>153 234 850 257<|box_end|><|ref_start|>equation<|ref_end|><|rotate_up|>
<|box_start|>149 260 630 285<|box_end|><|ref_start|>equation<|ref_end|><|rotate_up|>
<|box_start|>161 287 732 306<|box_end|><|ref_start|>equation<|ref_end|><|rotate_up|>
<|box_start|>152 310 600 335<|box_end|><|ref_start|>equation<|ref_end|><|rotate_up|>
<|box_start|>133 345 865 392<|box_end|><|ref_start|>text<|ref_end|><|rotate_up|>
<|box_start|>158 401 743 417<|box_end|><|ref_start|>text<|ref_end|><|rotate_up|>
<|box_start|>135 426 864 461<|box_end|><|ref_start|>text<|ref_end|><|rotate_up|>
<|box_start|>201 472 798 513<|box_end|><|ref_start|>equation<|ref_end|><|rotate_up|>
<|box_start|>135 524 715 542<|box_end|><|ref_start|>text<|ref_end|><|rotate_up|>
<|box_start|>135 550 576 567<|box_end|><|ref_start|>text<|ref_end|><|rotate_up|>
<|box_start|>342 577 863 595<|box_end|><|ref_start|>equation<|ref_end|><|rotate_up|>
<|box_start|>135 606 520 621<|box_end|><|ref_start|>text<|ref_end|><|rotate_up|>
<|box_start|>139 630 861 695<|box_end|><|ref_start|>equation_block<|ref_end|><|rotate_up|>
<|box_start|>141 632 699 650<|box_end|><|ref_start|>equation<|ref_end|><|rotate_up|>
<|box_start|>216 653 860 695<|box_end|><|ref_start|>equation<|ref_end|><|rotate_up|>
<|box_start|>133 694 861 725<|box_end|><|ref_start|>text<|ref_end|><|rotate_up|>
<|box_start|>164 735 860 863<|box_end|><|ref_start|>equation_block<|ref_end|><|rotate_up|>
<|box_start|>166 735 781 755<|box_end|><|ref_start|>equation<|ref_end|><|rotate_up|>
<|box_start|>372 757 832 774<|box_end|><|ref_start|>equation<|ref_end|><|rotate_up|>
<|box_start|>372 778 756 796<|box_end|><|ref_start|>equation<|ref_end|><|rotate_up|>
<|box_start|>370 800 763 833<|box_end|><|ref_start|>equation<|ref_end|><|rotate_up|>
<|box_start|>372 835 748 862<|box_end|><|ref_start|>equation<|ref_end|><|rotate_up|>
<|box_start|>133 875 863 910<|box_end|><|ref_start|>text<|ref_end|><|rotate_up|>
<|box_start|>490 938 509 950<|box_end|><|ref_start|>page_number<|ref_end|><|rotate_up|>
2026-08-06 12:00:31.558 | DEBUG    | mineru_vl_utils.mineru_client:parse_layout_output:239 - Layout raw output: 
<|box_start|>111 084 128 093<|box_end|><|ref_start|>page_number<|ref_end|><|rotate_up|>
<|box_start|>450 082 562 094<|box_end|><|ref_start|>header<|ref_end|><|rotate_up|>
<|box_start|>107 110 906 177<|box_end|><|ref_start|>text<|ref_end|><|rotate_up|>
<|box_start|>111 187 622 205<|box_end|><|ref_start|>equation<|ref_end|><|rotate_up|>
<|box_start|>108 215 380 232<|box_end|><|ref_start|>text<|ref_end|><|rotate_up|>
<|box_start|>111 240 789 354<|box_end|><|ref_start|>equation_block<|ref_end|><|rotate_up|>
<|box_start|>226 240 608 289<|box_end|><|ref_start|>equation<|ref_end|><|rotate_up|>
<|box_start|>111 290 786 354<|box_end|><|ref_start|>equation<|ref_end|><|rotate_up|>
<|box_start|>107 363 906 446<|box_end|><|ref_start|>text<|ref_end|><|rotate_up|>
<|box_start|>109 454 825 616<|box_end|><|ref_start|>equation_block<|ref_end|><|rotate_up|>
<|box_start|>190 456 660 490<|box_end|><|ref_start|>equation<|ref_end|><|rotate_up|>
<|box_start|>215 492 820 532<|box_end|><|ref_start|>equation<|ref_end|><|rotate_up|>
<|box_start|>113 526 149 542<|box_end|><|ref_start|>text<|ref_end|><|rotate_up|>
<|box_start|>215 533 743 573<|box_end|><|ref_start|>equation<|ref_end|><|rotate_up|>
<|box_start|>216 575 731 614<|box_end|><|ref_start|>equation<|ref_end|><|rotate_up|>
<|box_start|>107 623 906 686<|box_end|><|ref_start|>text<|ref_end|><|rotate_up|>
<|box_start|>111 694 735 738<|box_end|><|ref_start|>equation<|ref_end|><|rotate_up|>
<|box_start|>107 750 902 784<|box_end|><|ref_start|>text<|ref_end|><|rotate_up|>
<|box_start|>321 787 689 826<|box_end|><|ref_start|>equation<|ref_end|><|rotate_up|>
<|box_start|>107 832 442 853<|box_end|><|ref_start|>text<|ref_end|><|rotate_up|>
<|box_start|>111 862 709 907<|box_end|><|ref_start|>equation<|ref_end|><|rotate_up|>
<|box_start|>108 915 438 933<|box_end|><|ref_start|>text<|ref_end|><|rotate_up|>
2026-08-06 12:00:31.559 | DEBUG    | mineru_vl_utils.mineru_client:parse_layout_output:239 - Layout raw output: 
<|box_start|>102 133 897 185<|box_end|><|ref_start|>text<|ref_end|><|rotate_up|>
<|box_start|>151 196 849 295<|box_end|><|ref_start|>equation_block<|ref_end|><|rotate_up|>
<|box_start|>152 196 780 242<|box_end|><|ref_start|>equation<|ref_end|><|rotate_up|>
<|box_start|>243 244 847 268<|box_end|><|ref_start|>equation<|ref_end|><|rotate_up|>
<|box_start|>251 270 702 294<|box_end|><|ref_start|>equation<|ref_end|><|rotate_up|>
<|box_start|>104 302 141 316<|box_end|><|ref_start|>text<|ref_end|><|rotate_up|>
<|box_start|>152 329 750 351<|box_end|><|ref_start|>equation<|ref_end|><|rotate_up|>
<|box_start|>103 363 850 382<|box_end|><|ref_start|>text<|ref_end|><|rotate_up|>
<|box_start|>151 393 842 611<|box_end|><|ref_start|>equation_block<|ref_end|><|rotate_up|>
<|box_start|>152 393 832 439<|box_end|><|ref_start|>equation<|ref_end|><|rotate_up|>
<|box_start|>243 441 835 464<|box_end|><|ref_start|>equation<|ref_end|><|rotate_up|>
<|box_start|>243 465 830 488<|box_end|><|ref_start|>equation<|ref_end|><|rotate_up|>
<|box_start|>243 489 842 511<|box_end|><|ref_start|>equation<|ref_end|><|rotate_up|>
<|box_start|>249 513 778 535<|box_end|><|ref_start|>equation<|ref_end|><|rotate_up|>
<|box_start|>245 536 836 559<|box_end|><|ref_start|>equation<|ref_end|><|rotate_up|>
<|box_start|>245 560 842 583<|box_end|><|ref_start|>equation<|ref_end|><|rotate_up|>
<|box_start|>245 584 851 610<|box_end|><|ref_start|>equation<|ref_end|><|rotate_up|>
<|box_start|>104 618 138 632<|box_end|><|ref_start|>text<|ref_end|><|rotate_up|>
<|box_start|>152 645 779 668<|box_end|><|ref_start|>equation<|ref_end|><|rotate_up|>
<|box_start|>103 679 848 699<|box_end|><|ref_start|>text<|ref_end|><|rotate_up|>
<|box_start|>151 708 842 875<|box_end|><|ref_start|>equation_block<|ref_end|><|rotate_up|>
<|box_start|>152 709 826 755<|box_end|><|ref_start|>equation<|ref_end|><|rotate_up|>
<|box_start|>251 757 840 780<|box_end|><|ref_start|>equation<|ref_end|><|rotate_up|>
<|box_start|>251 782 724 804<|box_end|><|ref_start|>equation<|ref_end|><|rotate_up|>
<|box_start|>251 806 724 828<|box_end|><|ref_start|>equation<|ref_end|><|rotate_up|>
<|box_start|>251 830 776 852<|box_end|><|ref_start|>equation<|ref_end|><|rotate_up|>
<|box_start|>246 855 784 875<|box_end|><|ref_start|>equation<|ref_end|><|rotate_up|>
<|box_start|>488 877 510 891<|box_end|><|ref_start|>page_number<|ref_end|><|rotate_up|>
2026-08-06 12:00:31.559 | DEBUG    | mineru_vl_utils.mineru_client:parse_layout_output:239 - Layout raw output: 
<|box_start|>103 132 896 187<|box_end|><|ref_start|>text<|ref_end|><|rotate_up|>
<|box_start|>153 197 896 242<|box_end|><|ref_start|>equation<|ref_end|><|rotate_up|>
<|box_start|>104 253 160 266<|box_end|><|ref_start|>text<|ref_end|><|rotate_up|>
<|box_start|>153 277 489 323<|box_end|><|ref_start|>equation<|ref_end|><|rotate_up|>
<|box_start|>104 335 141 348<|box_end|><|ref_start|>text<|ref_end|><|rotate_up|>
<|box_start|>153 359 492 405<|box_end|><|ref_start|>equation<|ref_end|><|rotate_up|>
<|box_start|>103 415 568 432<|box_end|><|ref_start|>text<|ref_end|><|rotate_up|>
<|box_start|>152 441 914 731<|box_end|><|ref_start|>equation_block<|ref_end|><|rotate_up|>
<|box_start|>154 443 623 488<|box_end|><|ref_start|>equation<|ref_end|><|rotate_up|>
<|box_start|>203 492 682 535<|box_end|><|ref_start|>equation<|ref_end|><|rotate_up|>
<|box_start|>185 539 650 584<|box_end|><|ref_start|>equation<|ref_end|><|rotate_up|>
<|box_start|>204 587 912 631<|box_end|><|ref_start|>equation<|ref_end|><|rotate_up|>
<|box_start|>185 635 732 680<|box_end|><|ref_start|>equation<|ref_end|><|rotate_up|>
<|box_start|>185 684 895 730<|box_end|><|ref_start|>equation<|ref_end|><|rotate_up|>
<|box_start|>104 740 361 757<|box_end|><|ref_start|>text<|ref_end|><|rotate_up|>
<|box_start|>153 768 896 813<|box_end|><|ref_start|>equation<|ref_end|><|rotate_up|>
<|box_start|>104 825 879 844<|box_end|><|ref_start|>text<|ref_end|><|rotate_up|>
<|box_start|>153 854 895 873<|box_end|><|ref_start|>equation<|ref_end|><|rotate_up|>
<|box_start|>489 878 512 891<|box_end|><|ref_start|>page_number<|ref_end|><|rotate_up|>
2026-08-06 12:00:31.560 | DEBUG    | mineru_vl_utils.mineru_client:parse_layout_output:239 - Layout raw output: 
<|box_start|>116 065 134 075<|box_end|><|ref_start|>page_number<|ref_end|><|rotate_up|>
<|box_start|>433 064 568 075<|box_end|><|ref_start|>header<|ref_end|><|rotate_up|>
<|box_start|>113 091 885 123<|box_end|><|ref_start|>text<|ref_end|><|rotate_up|>
<|box_start|>159 138 841 193<|box_end|><|ref_start|>equation<|ref_end|><|rotate_up|>
<|box_start|>112 207 886 237<|box_end|><|ref_start|>text<|ref_end|><|rotate_up|>
<|box_start|>116 255 578 295<|box_end|><|ref_start|>equation<|ref_end|><|rotate_up|>
<|box_start|>112 312 884 329<|box_end|><|ref_start|>text<|ref_end|><|rotate_up|>
<|box_start|>174 340 823 463<|box_end|><|ref_start|>equation_block<|ref_end|><|rotate_up|>
<|box_start|>179 343 815 381<|box_end|><|ref_start|>equation<|ref_end|><|rotate_up|>
<|box_start|>214 383 777 420<|box_end|><|ref_start|>equation<|ref_end|><|rotate_up|>
<|box_start|>214 422 819 460<|box_end|><|ref_start|>equation<|ref_end|><|rotate_up|>
<|box_start|>112 477 884 507<|box_end|><|ref_start|>text<|ref_end|><|rotate_up|>
<|box_start|>132 508 700 523<|box_end|><|ref_start|>text<|ref_end|><|rotate_up|>
<|box_start|>442 540 556 581<|box_end|><|ref_start|>equation<|ref_end|><|rotate_up|>
<|box_start|>113 597 398 612<|box_end|><|ref_start|>text<|ref_end|><|rotate_up|>
<|box_start|>133 613 361 627<|box_end|><|ref_start|>text<|ref_end|><|rotate_up|>
<|box_start|>113 644 895 681<|box_end|><|ref_start|>equation<|ref_end|><|rotate_up|>
<|box_start|>113 688 352 703<|box_end|><|ref_start|>text<|ref_end|><|rotate_up|>
<|box_start|>363 711 675 743<|box_end|><|ref_start|>equation<|ref_end|><|rotate_up|>
<|box_start|>112 759 721 775<|box_end|><|ref_start|>text<|ref_end|><|rotate_up|>
<|box_start|>452 791 547 822<|box_end|><|ref_start|>equation<|ref_end|><|rotate_up|>
<|box_start|>868 840 884 852<|box_end|><|ref_start|>image<|ref_end|><|rotate_up|>
<|box_start|>132 880 771 896<|box_end|><|ref_start|>text<|ref_end|><|rotate_up|>
2026-08-06 12:00:31.560 | DEBUG    | mineru_vl_utils.mineru_client:parse_layout_output:239 - Layout raw output: 
<|box_start|>116 065 134 075<|box_end|><|ref_start|>page_number<|ref_end|><|rotate_up|>
<|box_start|>433 064 568 075<|box_end|><|ref_start|>header<|ref_end|><|rotate_up|>
<|box_start|>132 092 598 107<|box_end|><|ref_start|>text<|ref_end|><|rotate_up|>
<|box_start|>373 112 627 147<|box_end|><|ref_start|>equation<|ref_end|><|rotate_up|>
<|box_start|>113 151 294 166<|box_end|><|ref_start|>text<|ref_end|><|rotate_up|>
<|box_start|>132 174 416 189<|box_end|><|ref_start|>text<|ref_end|><|rotate_up|>
<|box_start|>867 151 884 164<|box_end|><|ref_start|>image<|ref_end|><|rotate_up|>
<|box_start|>867 174 884 187<|box_end|><|ref_start|>image<|ref_end|><|rotate_up|>
<|box_start|>265 202 733 216<|box_end|><|ref_start|>title<|ref_end|><|rotate_up|>
<|box_start|>112 223 884 255<|box_end|><|ref_start|>text<|ref_end|><|rotate_up|>
<|box_start|>113 256 884 286<|box_end|><|ref_start|>text<|ref_end|><|rotate_up|>
<|box_start|>115 286 155 300<|box_end|><|ref_start|>equation<|ref_end|><|rotate_up|>
<|box_start|>133 299 862 338<|box_end|><|ref_start|>equation<|ref_end|><|rotate_up|>
<|box_start|>113 341 510 356<|box_end|><|ref_start|>text<|ref_end|><|rotate_up|>
<|box_start|>116 359 882 597<|box_end|><|ref_start|>equation_block<|ref_end|><|rotate_up|>
<|box_start|>116 360 732 392<|box_end|><|ref_start|>equation<|ref_end|><|rotate_up|>
<|box_start|>272 395 656 426<|box_end|><|ref_start|>equation<|ref_end|><|rotate_up|>
<|box_start|>271 429 880 468<|box_end|><|ref_start|>equation<|ref_end|><|rotate_up|>
<|box_start|>271 470 746 516<|box_end|><|ref_start|>equation<|ref_end|><|rotate_up|>
<|box_start|>626 517 841 556<|box_end|><|ref_start|>equation<|ref_end|><|rotate_up|>
<|box_start|>271 558 845 596<|box_end|><|ref_start|>equation<|ref_end|><|rotate_up|>
<|box_start|>112 600 884 631<|box_end|><|ref_start|>text<|ref_end|><|rotate_up|>
<|box_start|>116 639 867 717<|box_end|><|ref_start|>equation_block<|ref_end|><|rotate_up|>
<|box_start|>116 639 660 677<|box_end|><|ref_start|>equation<|ref_end|><|rotate_up|>
<|box_start|>468 679 866 717<|box_end|><|ref_start|>equation<|ref_end|><|rotate_up|>
<|box_start|>112 721 885 781<|box_end|><|ref_start|>text<|ref_end|><|rotate_up|>
<|box_start|>336 785 660 817<|box_end|><|ref_start|>equation<|ref_end|><|rotate_up|>
<|box_start|>113 821 533 835<|box_end|><|ref_start|>text<|ref_end|><|rotate_up|>
<|box_start|>113 844 448 859<|box_end|><|ref_start|>text<|ref_end|><|rotate_up|>
<|box_start|>116 862 612 896<|box_end|><|ref_start|>equation<|ref_end|><|rotate_up|>
<|box_start|>432 897 569 913<|box_end|><|ref_start|>equation<|ref_end|><|rotate_up|>
2026-08-06 12:00:31.561 | DEBUG    | mineru_vl_utils.mineru_client:parse_layout_output:239 - Layout raw output: 
<|box_start|>068 090 465 122<|box_end|><|ref_start|>text<|ref_end|><|rotate_up|>
<|box_start|>067 151 465 182<|box_end|><|ref_start|>text<|ref_end|><|rotate_up|>
<|box_start|>067 194 465 227<|box_end|><|ref_start|>text<|ref_end|><|rotate_up|>
<|box_start|>126 242 419 283<|box_end|><|ref_start|>equation<|ref_end|><|rotate_up|>
<|box_start|>078 286 462 325<|box_end|><|ref_start|>equation<|ref_end|><|rotate_up|>
<|box_start|>068 342 465 372<|box_end|><|ref_start|>text<|ref_end|><|rotate_up|>
<|box_start|>068 402 334 416<|box_end|><|ref_start|>text<|ref_end|><|rotate_up|>
<|box_start|>155 431 462 450<|box_end|><|ref_start|>equation<|ref_end|><|rotate_up|>
<|box_start|>067 462 464 535<|box_end|><|ref_start|>text<|ref_end|><|rotate_up|>
<|box_start|>067 566 465 669<|box_end|><|ref_start|>text<|ref_end|><|rotate_up|>
<|box_start|>068 687 232 702<|box_end|><|ref_start|>title<|ref_end|><|rotate_up|>
<|box_start|>067 719 464 763<|box_end|><|ref_start|>text<|ref_end|><|rotate_up|>
<|box_start|>111 778 422 821<|box_end|><|ref_start|>equation<|ref_end|><|rotate_up|>
<|box_start|>111 825 462 866<|box_end|><|ref_start|>equation<|ref_end|><|rotate_up|>
<|box_start|>067 880 464 910<|box_end|><|ref_start|>text<|ref_end|><|rotate_up|>
<|box_start|>497 092 894 121<|box_end|><|ref_start|>text<|ref_end|><|rotate_up|>
<|box_start|>644 158 892 203<|box_end|><|ref_start|>equation<|ref_end|><|rotate_up|>
<|box_start|>511 206 892 242<|box_end|><|ref_start|>equation<|ref_end|><|rotate_up|>
<|box_start|>536 244 892 300<|box_end|><|ref_start|>equation<|ref_end|><|rotate_up|>
<|box_start|>497 326 892 356<|box_end|><|ref_start|>text<|ref_end|><|rotate_up|>
<|box_start|>497 369 894 412<|box_end|><|ref_start|>text<|ref_end|><|rotate_up|>
<|box_start|>572 426 852 443<|box_end|><|ref_start|>equation<|ref_end|><|rotate_up|>
<|box_start|>537 447 852 463<|box_end|><|ref_start|>equation<|ref_end|><|rotate_up|>
<|box_start|>513 466 852 483<|box_end|><|ref_start|>equation<|ref_end|><|rotate_up|>
<|box_start|>714 486 891 501<|box_end|><|ref_start|>equation<|ref_end|><|rotate_up|>
<|box_start|>497 514 894 574<|box_end|><|ref_start|>text<|ref_end|><|rotate_up|>
<|box_start|>496 585 894 690<|box_end|><|ref_start|>text<|ref_end|><|rotate_up|>
<|box_start|>509 732 892 856<|box_end|><|ref_start|>equation_block<|ref_end|><|rotate_up|>
<|box_start|>509 732 593 766<|box_end|><|ref_start|>equation<|ref_end|><|rotate_up|>
<|box_start|>548 769 736 782<|box_end|><|ref_start|>equation<|ref_end|><|rotate_up|>
<|box_start|>578 786 832 801<|box_end|><|ref_start|>equation<|ref_end|><|rotate_up|>
<|box_start|>578 804 864 818<|box_end|><|ref_start|>equation<|ref_end|><|rotate_up|>
<|box_start|>578 822 887 837<|box_end|><|ref_start|>equation<|ref_end|><|rotate_up|>
<|box_start|>578 840 892 854<|box_end|><|ref_start|>equation<|ref_end|><|rotate_up|>
<|box_start|>497 880 894 910<|box_end|><|ref_start|>text<|ref_end|><|rotate_up|>
<|box_start|>473 946 484 957<|box_end|><|ref_start|>page_number<|ref_end|><|rotate_up|>
2026-08-06 12:00:31.561 | DEBUG    | mineru_vl_utils.mineru_client:parse_layout_output:239 - Layout raw output: 
<|box_start|>133 091 152 102<|box_end|><|ref_start|>page_number<|ref_end|><|rotate_up|>
<|box_start|>418 090 581 103<|box_end|><|ref_start|>header<|ref_end|><|rotate_up|>
<|box_start|>151 147 276 163<|box_end|><|ref_start|>text<|ref_end|><|rotate_up|>
<|box_start|>154 167 867 233<|box_end|><|ref_start|>equation<|ref_end|><|rotate_up|>
<|box_start|>150 243 603 261<|box_end|><|ref_start|>text<|ref_end|><|rotate_up|>
<|box_start|>136 263 973 562<|box_end|><|ref_start|>equation_block<|ref_end|><|rotate_up|>
<|box_start|>156 267 462 313<|box_end|><|ref_start|>equation<|ref_end|><|rotate_up|>
<|box_start|>139 317 856 363<|box_end|><|ref_start|>equation<|ref_end|><|rotate_up|>
<|box_start|>140 367 900 413<|box_end|><|ref_start|>equation<|ref_end|><|rotate_up|>
<|box_start|>139 416 967 464<|box_end|><|ref_start|>equation<|ref_end|><|rotate_up|>
<|box_start|>139 467 715 516<|box_end|><|ref_start|>equation<|ref_end|><|rotate_up|>
<|box_start|>140 520 513 559<|box_end|><|ref_start|>equation<|ref_end|><|rotate_up|>
<|box_start|>150 569 527 587<|box_end|><|ref_start|>text<|ref_end|><|rotate_up|>
<|box_start|>149 593 745 689<|box_end|><|ref_start|>equation_block<|ref_end|><|rotate_up|>
<|box_start|>165 594 743 643<|box_end|><|ref_start|>equation<|ref_end|><|rotate_up|>
<|box_start|>150 647 698 689<|box_end|><|ref_start|>equation<|ref_end|><|rotate_up|>
<|box_start|>131 700 442 719<|box_end|><|ref_start|>text<|ref_end|><|rotate_up|>
<|box_start|>149 729 856 817<|box_end|><|ref_start|>equation_block<|ref_end|><|rotate_up|>
<|box_start|>150 729 813 771<|box_end|><|ref_start|>equation<|ref_end|><|rotate_up|>
<|box_start|>150 775 855 817<|box_end|><|ref_start|>equation<|ref_end|><|rotate_up|>
<|box_start|>131 847 543 872<|box_end|><|ref_start|>text<|ref_end|><|rotate_up|>
<|box_start|>248 879 748 911<|box_end|><|ref_start|>equation<|ref_end|><|rotate_up|>
2026-08-06 12:00:31.562 | DEBUG    | mineru_vl_utils.mineru_client:parse_layout_output:239 - Layout raw output: 
<|box_start|>244 089 756 105<|box_end|><|ref_start|>header<|ref_end|><|rotate_up|>
<|box_start|>847 091 867 103<|box_end|><|ref_start|>page_number<|ref_end|><|rotate_up|>
<|box_start|>155 113 907 409<|box_end|><|ref_start|>equation_block<|ref_end|><|rotate_up|>
<|box_start|>164 117 880 162<|box_end|><|ref_start|>equation<|ref_end|><|rotate_up|>
<|box_start|>183 166 903 211<|box_end|><|ref_start|>equation<|ref_end|><|rotate_up|>
<|box_start|>184 215 762 256<|box_end|><|ref_start|>equation<|ref_end|><|rotate_up|>
<|box_start|>184 259 719 303<|box_end|><|ref_start|>equation<|ref_end|><|rotate_up|>
<|box_start|>184 309 761 356<|box_end|><|ref_start|>equation<|ref_end|><|rotate_up|>
<|box_start|>184 360 738 407<|box_end|><|ref_start|>equation<|ref_end|><|rotate_up|>
<|box_start|>132 415 386 433<|box_end|><|ref_start|>text<|ref_end|><|rotate_up|>
<|box_start|>184 441 812 489<|box_end|><|ref_start|>equation<|ref_end|><|rotate_up|>
<|box_start|>150 501 750 520<|box_end|><|ref_start|>text<|ref_end|><|rotate_up|>
<|box_start|>315 529 680 577<|box_end|><|ref_start|>equation<|ref_end|><|rotate_up|>
<|box_start|>150 588 574 606<|box_end|><|ref_start|>text<|ref_end|><|rotate_up|>
<|box_start|>174 614 822 697<|box_end|><|ref_start|>equation_block<|ref_end|><|rotate_up|>
<|box_start|>177 614 820 677<|box_end|><|ref_start|>equation<|ref_end|><|rotate_up|>
<|box_start|>210 679 429 696<|box_end|><|ref_start|>equation<|ref_end|><|rotate_up|>
<|box_start|>132 706 186 721<|box_end|><|ref_start|>text<|ref_end|><|rotate_up|>
<|box_start|>149 729 848 915<|box_end|><|ref_start|>equation_block<|ref_end|><|rotate_up|>
<|box_start|>152 730 400 776<|box_end|><|ref_start|>equation<|ref_end|><|rotate_up|>
<|box_start|>267 780 750 825<|box_end|><|ref_start|>equation<|ref_end|><|rotate_up|>
<|box_start|>152 828 373 867<|box_end|><|ref_start|>equation<|ref_end|><|rotate_up|>
<|box_start|>267 870 846 914<|box_end|><|ref_start|>equation<|ref_end|><|rotate_up|>
2026-08-06 12:00:31.562 | DEBUG    | mineru_vl_utils.mineru_client:parse_layout_output:239 - Layout raw output: 
<|box_start|>134 101 865 171<|box_end|><|ref_start|>text<|ref_end|><|rotate_up|>
<|box_start|>135 186 480 202<|box_end|><|ref_start|>title<|ref_end|><|rotate_up|>
<|box_start|>134 211 865 296<|box_end|><|ref_start|>text<|ref_end|><|rotate_up|>
<|box_start|>430 297 863 336<|box_end|><|ref_start|>equation<|ref_end|><|rotate_up|>
<|box_start|>134 340 865 409<|box_end|><|ref_start|>text<|ref_end|><|rotate_up|>
<|box_start|>241 422 752 567<|box_end|><|ref_start|>equation<|ref_end|><|rotate_up|>
<|box_start|>134 583 863 630<|box_end|><|ref_start|>image_caption<|ref_end|><|rotate_up|>
<|box_start|>134 646 863 751<|box_end|><|ref_start|>text<|ref_end|><|rotate_up|>
<|box_start|>314 762 863 799<|box_end|><|ref_start|>equation<|ref_end|><|rotate_up|>
<|box_start|>135 808 863 860<|box_end|><|ref_start|>text<|ref_end|><|rotate_up|>
<|box_start|>473 916 526 928<|box_end|><|ref_start|>page_number<|ref_end|><|rotate_up|>
2026-08-06 12:00:31.562 | DEBUG    | mineru_vl_utils.mineru_client:parse_layout_output:239 - Layout raw output: 
<|box_start|>314 036 690 050<|box_end|><|ref_start|>header<|ref_end|><|rotate_up|>
<|box_start|>889 037 905 049<|box_end|><|ref_start|>page_number<|ref_end|><|rotate_up|>
<|box_start|>218 089 805 199<|box_end|><|ref_start|>equation_block<|ref_end|><|rotate_up|>
<|box_start|>218 089 629 107<|box_end|><|ref_start|>equation<|ref_end|><|rotate_up|>
<|box_start|>201 112 802 131<|box_end|><|ref_start|>equation<|ref_end|><|rotate_up|>
<|box_start|>201 132 629 182<|box_end|><|ref_start|>equation<|ref_end|><|rotate_up|>
<|box_start|>201 182 578 199<|box_end|><|ref_start|>equation<|ref_end|><|rotate_up|>
<|box_start|>094 205 908 240<|box_end|><|ref_start|>text<|ref_end|><|rotate_up|>
<|box_start|>113 249 806 266<|box_end|><|ref_start|>text<|ref_end|><|rotate_up|>
<|box_start|>093 275 907 363<|box_end|><|ref_start|>text<|ref_end|><|rotate_up|>
<|box_start|>093 372 907 409<|box_end|><|ref_start|>text<|ref_end|><|rotate_up|>
<|box_start|>131 413 868 590<|box_end|><|ref_start|>equation_block<|ref_end|><|rotate_up|>
<|box_start|>137 414 854 458<|box_end|><|ref_start|>equation<|ref_end|><|rotate_up|>
<|box_start|>137 458 854 502<|box_end|><|ref_start|>equation<|ref_end|><|rotate_up|>
<|box_start|>137 502 854 546<|box_end|><|ref_start|>equation<|ref_end|><|rotate_up|>
<|box_start|>137 546 865 589<|box_end|><|ref_start|>equation<|ref_end|><|rotate_up|>
<|box_start|>094 595 524 613<|box_end|><|ref_start|>text<|ref_end|><|rotate_up|>
<|box_start|>111 619 888 709<|box_end|><|ref_start|>equation_block<|ref_end|><|rotate_up|>
<|box_start|>115 620 625 665<|box_end|><|ref_start|>equation<|ref_end|><|rotate_up|>
<|box_start|>339 664 888 708<|box_end|><|ref_start|>equation<|ref_end|><|rotate_up|>
<|box_start|>093 714 907 752<|box_end|><|ref_start|>text<|ref_end|><|rotate_up|>
<|box_start|>111 758 888 819<|box_end|><|ref_start|>equation_block<|ref_end|><|rotate_up|>
<|box_start|>115 758 837 803<|box_end|><|ref_start|>equation<|ref_end|><|rotate_up|>
<|box_start|>431 795 888 819<|box_end|><|ref_start|>equation<|ref_end|><|rotate_up|>
<|box_start|>093 823 907 857<|box_end|><|ref_start|>text<|ref_end|><|rotate_up|>
<|box_start|>114 867 368 883<|box_end|><|ref_start|>text<|ref_end|><|rotate_up|>
<|box_start|>093 893 907 947<|box_end|><|ref_start|>text<|ref_end|><|rotate_up|>
2026-08-06 12:00:31.563 | DEBUG    | mineru_vl_utils.mineru_client:parse_layout_output:239 - Layout raw output: 
<|box_start|>217 097 881 129<|box_end|><|ref_start|>equation<|ref_end|><|rotate_up|>
<|box_start|>218 133 535 173<|box_end|><|ref_start|>equation<|ref_end|><|rotate_up|>
<|box_start|>112 186 882 236<|box_end|><|ref_start|>text<|ref_end|><|rotate_up|>
<|box_start|>141 248 598 266<|box_end|><|ref_start|>text<|ref_end|><|rotate_up|>
<|box_start|>212 288 789 312<|box_end|><|ref_start|>equation<|ref_end|><|rotate_up|>
<|box_start|>232 322 788 345<|box_end|><|ref_start|>equation<|ref_end|><|rotate_up|>
<|box_start|>113 370 150 385<|box_end|><|ref_start|>text<|ref_end|><|rotate_up|>
<|box_start|>276 409 724 433<|box_end|><|ref_start|>equation<|ref_end|><|rotate_up|>
<|box_start|>334 448 723 467<|box_end|><|ref_start|>equation<|ref_end|><|rotate_up|>
<|box_start|>142 491 560 509<|box_end|><|ref_start|>text<|ref_end|><|rotate_up|>
<|box_start|>223 529 776 559<|box_end|><|ref_start|>equation<|ref_end|><|rotate_up|>
<|box_start|>341 562 699 590<|box_end|><|ref_start|>equation<|ref_end|><|rotate_up|>
<|box_start|>113 614 408 632<|box_end|><|ref_start|>text<|ref_end|><|rotate_up|>
<|box_start|>189 651 811 915<|box_end|><|ref_start|>equation_block<|ref_end|><|rotate_up|>
<|box_start|>193 655 807 685<|box_end|><|ref_start|>equation<|ref_end|><|rotate_up|>
<|box_start|>351 696 788 726<|box_end|><|ref_start|>equation<|ref_end|><|rotate_up|>
<|box_start|>325 738 638 758<|box_end|><|ref_start|>equation<|ref_end|><|rotate_up|>
<|box_start|>344 772 583 792<|box_end|><|ref_start|>equation<|ref_end|><|rotate_up|>
<|box_start|>277 801 731 841<|box_end|><|ref_start|>equation<|ref_end|><|rotate_up|>
<|box_start|>248 846 674 879<|box_end|><|ref_start|>equation<|ref_end|><|rotate_up|>
<|box_start|>246 885 577 912<|box_end|><|ref_start|>equation<|ref_end|><|rotate_up|>
<|box_start|>489 935 511 948<|box_end|><|ref_start|>page_number<|ref_end|><|rotate_up|>
2026-08-06 12:00:31.563 | DEBUG    | mineru_vl_utils.mineru_client:parse_layout_output:239 - Layout raw output: 
<|box_start|>112 092 888 143<|box_end|><|ref_start|>text<|ref_end|><|rotate_up|>
<|box_start|>230 159 766 363<|box_end|><|ref_start|>equation_block<|ref_end|><|rotate_up|>
<|box_start|>237 163 618 197<|box_end|><|ref_start|>equation<|ref_end|><|rotate_up|>
<|box_start|>260 204 563 238<|box_end|><|ref_start|>equation<|ref_end|><|rotate_up|>
<|box_start|>260 245 558 278<|box_end|><|ref_start|>equation<|ref_end|><|rotate_up|>
<|box_start|>260 283 761 324<|box_end|><|ref_start|>equation<|ref_end|><|rotate_up|>
<|box_start|>337 330 610 361<|box_end|><|ref_start|>equation<|ref_end|><|rotate_up|>
<|box_start|>112 379 885 431<|box_end|><|ref_start|>text<|ref_end|><|rotate_up|>
<|box_start|>149 440 889 884<|box_end|><|ref_start|>equation_block<|ref_end|><|rotate_up|>
<|box_start|>139 445 649 487<|box_end|><|ref_start|>equation<|ref_end|><|rotate_up|>
<|box_start|>183 490 700 529<|box_end|><|ref_start|>equation<|ref_end|><|rotate_up|>
<|box_start|>299 535 535 564<|box_end|><|ref_start|>equation<|ref_end|><|rotate_up|>
<|box_start|>183 567 662 609<|box_end|><|ref_start|>equation<|ref_end|><|rotate_up|>
<|box_start|>299 614 534 644<|box_end|><|ref_start|>equation<|ref_end|><|rotate_up|>
<|box_start|>164 647 765 689<|box_end|><|ref_start|>equation<|ref_end|><|rotate_up|>
<|box_start|>183 691 526 741<|box_end|><|ref_start|>equation<|ref_end|><|rotate_up|>
<|box_start|>183 743 699 794<|box_end|><|ref_start|>equation<|ref_end|><|rotate_up|>
<|box_start|>163 797 862 839<|box_end|><|ref_start|>equation<|ref_end|><|rotate_up|>
<|box_start|>183 840 882 881<|box_end|><|ref_start|>equation<|ref_end|><|rotate_up|>
<|box_start|>112 894 858 915<|box_end|><|ref_start|>text<|ref_end|><|rotate_up|>
<|box_start|>488 935 512 949<|box_end|><|ref_start|>page_number<|ref_end|><|rotate_up|>
2026-08-06 12:00:31.564 | DEBUG    | mineru_vl_utils.mineru_client:parse_layout_output:239 - Layout raw output: 
<|box_start|>113 092 803 111<|box_end|><|ref_start|>text<|ref_end|><|rotate_up|>
<|box_start|>128 130 885 406<|box_end|><|ref_start|>equation_block<|ref_end|><|rotate_up|>
<|box_start|>128 130 773 164<|box_end|><|ref_start|>equation<|ref_end|><|rotate_up|>
<|box_start|>324 174 776 204<|box_end|><|ref_start|>equation<|ref_end|><|rotate_up|>
<|box_start|>318 209 882 240<|box_end|><|ref_start|>equation<|ref_end|><|rotate_up|>
<|box_start|>139 248 770 282<|box_end|><|ref_start|>equation<|ref_end|><|rotate_up|>
<|box_start|>324 289 871 322<|box_end|><|ref_start|>equation<|ref_end|><|rotate_up|>
<|box_start|>324 331 830 363<|box_end|><|ref_start|>equation<|ref_end|><|rotate_up|>
<|box_start|>314 368 882 405<|box_end|><|ref_start|>equation<|ref_end|><|rotate_up|>
<|box_start|>112 422 884 469<|box_end|><|ref_start|>text<|ref_end|><|rotate_up|>
<|box_start|>130 486 889 729<|box_end|><|ref_start|>equation_block<|ref_end|><|rotate_up|>
<|box_start|>162 490 826 522<|box_end|><|ref_start|>equation<|ref_end|><|rotate_up|>
<|box_start|>143 530 548 561<|box_end|><|ref_start|>equation<|ref_end|><|rotate_up|>
<|box_start|>136 566 590 606<|box_end|><|ref_start|>equation<|ref_end|><|rotate_up|>
<|box_start|>163 609 864 648<|box_end|><|ref_start|>equation<|ref_end|><|rotate_up|>
<|box_start|>140 652 752 692<|box_end|><|ref_start|>equation<|ref_end|><|rotate_up|>
<|box_start|>163 702 882 725<|box_end|><|ref_start|>equation<|ref_end|><|rotate_up|>
<|box_start|>112 745 883 793<|box_end|><|ref_start|>text<|ref_end|><|rotate_up|>
<|box_start|>141 807 883 827<|box_end|><|ref_start|>text<|ref_end|><|rotate_up|>
<|box_start|>164 845 613 919<|box_end|><|ref_start|>equation_block<|ref_end|><|rotate_up|>
<|box_start|>185 846 368 877<|box_end|><|ref_start|>equation<|ref_end|><|rotate_up|>
<|box_start|>165 881 613 918<|box_end|><|ref_start|>equation<|ref_end|><|rotate_up|>
<|box_start|>488 935 511 948<|box_end|><|ref_start|>page_number<|ref_end|><|rotate_up|>
2026-08-06 12:00:31.564 | DEBUG    | mineru_vl_utils.mineru_client:parse_layout_output:239 - Layout raw output: 
<|box_start|>134 089 885 549<|box_end|><|ref_start|>equation_block<|ref_end|><|rotate_up|>
<|box_start|>143 090 865 123<|box_end|><|ref_start|>equation<|ref_end|><|rotate_up|>
<|box_start|>144 134 677 158<|box_end|><|ref_start|>equation<|ref_end|><|rotate_up|>
<|box_start|>164 169 616 193<|box_end|><|ref_start|>equation<|ref_end|><|rotate_up|>
<|box_start|>139 197 745 370<|box_end|><|ref_start|>equation_block<|ref_end|><|rotate_up|>
<|box_start|>139 198 745 260<|box_end|><|ref_start|>equation<|ref_end|><|rotate_up|>
<|box_start|>165 263 662 323<|box_end|><|ref_start|>equation<|ref_end|><|rotate_up|>
<|box_start|>164 328 723 370<|box_end|><|ref_start|>equation<|ref_end|><|rotate_up|>
<|box_start|>135 372 774 458<|box_end|><|ref_start|>equation_block<|ref_end|><|rotate_up|>
<|box_start|>136 372 774 414<|box_end|><|ref_start|>equation<|ref_end|><|rotate_up|>
<|box_start|>164 416 724 458<|box_end|><|ref_start|>equation<|ref_end|><|rotate_up|>
<|box_start|>138 460 655 502<|box_end|><|ref_start|>equation<|ref_end|><|rotate_up|>
<|box_start|>164 505 882 547<|box_end|><|ref_start|>equation<|ref_end|><|rotate_up|>
<|box_start|>112 562 884 674<|box_end|><|ref_start|>text<|ref_end|><|rotate_up|>
<|box_start|>141 686 871 706<|box_end|><|ref_start|>text<|ref_end|><|rotate_up|>
<|box_start|>255 729 884 754<|box_end|><|ref_start|>equation<|ref_end|><|rotate_up|>
<|box_start|>112 778 885 829<|box_end|><|ref_start|>text<|ref_end|><|rotate_up|>
<|box_start|>200 853 767 913<|box_end|><|ref_start|>equation_block<|ref_end|><|rotate_up|>
<|box_start|>223 854 388 878<|box_end|><|ref_start|>equation<|ref_end|><|rotate_up|>
<|box_start|>203 888 767 912<|box_end|><|ref_start|>equation<|ref_end|><|rotate_up|>
<|box_start|>488 935 511 949<|box_end|><|ref_start|>page_number<|ref_end|><|rotate_up|>
2026-08-06 12:00:31.565 | DEBUG    | mineru_vl_utils.mineru_client:parse_layout_output:239 - Layout raw output: 
<|box_start|>117 129 846 145<|box_end|><|ref_start|>text<|ref_end|><|rotate_up|>
<|box_start|>303 156 862 188<|box_end|><|ref_start|>equation<|ref_end|><|rotate_up|>
<|box_start|>117 197 168 210<|box_end|><|ref_start|>text<|ref_end|><|rotate_up|>
<|box_start|>309 209 860 227<|box_end|><|ref_start|>equation<|ref_end|><|rotate_up|>
<|box_start|>117 232 157 245<|box_end|><|ref_start|>text<|ref_end|><|rotate_up|>
<|box_start|>297 242 860 281<|box_end|><|ref_start|>equation<|ref_end|><|rotate_up|>
<|box_start|>117 285 321 300<|box_end|><|ref_start|>text<|ref_end|><|rotate_up|>
<|box_start|>198 310 860 342<|box_end|><|ref_start|>equation<|ref_end|><|rotate_up|>
<|box_start|>117 351 320 366<|box_end|><|ref_start|>text<|ref_end|><|rotate_up|>
<|box_start|>142 374 659 390<|box_end|><|ref_start|>text<|ref_end|><|rotate_up|>
<|box_start|>332 400 650 416<|box_end|><|ref_start|>equation<|ref_end|><|rotate_up|>
<|box_start|>116 427 475 442<|box_end|><|ref_start|>text<|ref_end|><|rotate_up|>
<|box_start|>116 449 863 483<|box_end|><|ref_start|>text<|ref_end|><|rotate_up|>
<|box_start|>416 482 859 501<|box_end|><|ref_start|>equation<|ref_end|><|rotate_up|>
<|box_start|>116 506 863 536<|box_end|><|ref_start|>text<|ref_end|><|rotate_up|>
<|box_start|>189 546 860 816<|box_end|><|ref_start|>equation_block<|ref_end|><|rotate_up|>
<|box_start|>190 546 550 577<|box_end|><|ref_start|>equation<|ref_end|><|rotate_up|>
<|box_start|>264 579 735 610<|box_end|><|ref_start|>equation<|ref_end|><|rotate_up|>
<|box_start|>264 613 520 647<|box_end|><|ref_start|>equation<|ref_end|><|rotate_up|>
<|box_start|>264 650 860 687<|box_end|><|ref_start|>equation<|ref_end|><|rotate_up|>
<|box_start|>264 684 730 716<|box_end|><|ref_start|>equation<|ref_end|><|rotate_up|>
<|box_start|>264 718 431 749<|box_end|><|ref_start|>equation<|ref_end|><|rotate_up|>
<|box_start|>264 752 498 782<|box_end|><|ref_start|>equation<|ref_end|><|rotate_up|>
<|box_start|>263 785 674 816<|box_end|><|ref_start|>equation<|ref_end|><|rotate_up|>
<|box_start|>117 825 384 840<|box_end|><|ref_start|>text<|ref_end|><|rotate_up|>
<|box_start|>484 862 495 873<|box_end|><|ref_start|>page_number<|ref_end|><|rotate_up|>
2026-08-06 12:00:31.565 | DEBUG    | mineru_vl_utils.mineru_client:parse_layout_output:239 - Layout raw output: 
<|box_start|>113 092 538 108<|box_end|><|ref_start|>text<|ref_end|><|rotate_up|>
<|box_start|>346 120 882 155<|box_end|><|ref_start|>equation<|ref_end|><|rotate_up|>
<|box_start|>112 167 884 202<|box_end|><|ref_start|>text<|ref_end|><|rotate_up|>
<|box_start|>113 216 710 236<|box_end|><|ref_start|>text<|ref_end|><|rotate_up|>
<|box_start|>259 247 884 319<|box_end|><|ref_start|>equation_block<|ref_end|><|rotate_up|>
<|box_start|>260 247 724 269<|box_end|><|ref_start|>equation<|ref_end|><|rotate_up|>
<|box_start|>296 272 566 292<|box_end|><|ref_start|>equation<|ref_end|><|rotate_up|>
<|box_start|>260 295 882 318<|box_end|><|ref_start|>equation<|ref_end|><|rotate_up|>
<|box_start|>260 320 697 344<|box_end|><|ref_start|>equation<|ref_end|><|rotate_up|>
<|box_start|>260 346 766 370<|box_end|><|ref_start|>equation<|ref_end|><|rotate_up|>
<|box_start|>145 383 867 403<|box_end|><|ref_start|>text<|ref_end|><|rotate_up|>
<|box_start|>164 412 884 615<|box_end|><|ref_start|>equation_block<|ref_end|><|rotate_up|>
<|box_start|>166 413 776 445<|box_end|><|ref_start|>equation<|ref_end|><|rotate_up|>
<|box_start|>449 447 693 478<|box_end|><|ref_start|>equation<|ref_end|><|rotate_up|>
<|box_start|>450 480 576 510<|box_end|><|ref_start|>equation<|ref_end|><|rotate_up|>
<|box_start|>167 506 882 546<|box_end|><|ref_start|>equation<|ref_end|><|rotate_up|>
<|box_start|>450 548 582 578<|box_end|><|ref_start|>equation<|ref_end|><|rotate_up|>
<|box_start|>220 580 618 615<|box_end|><|ref_start|>equation<|ref_end|><|rotate_up|>
<|box_start|>145 625 513 642<|box_end|><|ref_start|>text<|ref_end|><|rotate_up|>
<|box_start|>174 654 884 689<|box_end|><|ref_start|>equation<|ref_end|><|rotate_up|>
<|box_start|>174 706 812 727<|box_end|><|ref_start|>text<|ref_end|><|rotate_up|>
<|box_start|>160 736 867 910<|box_end|><|ref_start|>equation_block<|ref_end|><|rotate_up|>
<|box_start|>161 737 781 769<|box_end|><|ref_start|>equation<|ref_end|><|rotate_up|>
<|box_start|>439 771 828 803<|box_end|><|ref_start|>equation<|ref_end|><|rotate_up|>
<|box_start|>439 805 598 839<|box_end|><|ref_start|>equation<|ref_end|><|rotate_up|>
<|box_start|>164 840 867 873<|box_end|><|ref_start|>equation<|ref_end|><|rotate_up|>
<|box_start|>439 875 598 909<|box_end|><|ref_start|>equation<|ref_end|><|rotate_up|>
<|box_start|>490 936 510 948<|box_end|><|ref_start|>page_number<|ref_end|><|rotate_up|>
2026-08-06 12:00:31.566 | DEBUG    | mineru_vl_utils.mineru_client:parse_layout_output:239 - Layout raw output: 
<|box_start|>383 049 607 063<|box_end|><|ref_start|>header<|ref_end|><|rotate_up|>
<|box_start|>142 116 680 132<|box_end|><|ref_start|>text<|ref_end|><|rotate_up|>
<|box_start|>141 132 854 167<|box_end|><|ref_start|>text<|ref_end|><|rotate_up|>
<|box_start|>244 178 852 211<|box_end|><|ref_start|>equation<|ref_end|><|rotate_up|>
<|box_start|>215 213 660 251<|box_end|><|ref_start|>equation<|ref_end|><|rotate_up|>
<|box_start|>303 254 852 287<|box_end|><|ref_start|>equation<|ref_end|><|rotate_up|>
<|box_start|>215 178 852 287<|box_end|><|ref_start|>equation_block<|ref_end|><|rotate_up|>
<|box_start|>142 296 714 312<|box_end|><|ref_start|>text<|ref_end|><|rotate_up|>
<|box_start|>189 324 852 398<|box_end|><|ref_start|>equation_block<|ref_end|><|rotate_up|>
<|box_start|>189 324 753 360<|box_end|><|ref_start|>equation<|ref_end|><|rotate_up|>
<|box_start|>250 363 852 398<|box_end|><|ref_start|>equation<|ref_end|><|rotate_up|>
<|box_start|>142 408 857 440<|box_end|><|ref_start|>text<|ref_end|><|rotate_up|>
<|box_start|>166 452 852 568<|box_end|><|ref_start|>equation_block<|ref_end|><|rotate_up|>
<|box_start|>166 452 539 489<|box_end|><|ref_start|>equation<|ref_end|><|rotate_up|>
<|box_start|>252 492 834 528<|box_end|><|ref_start|>equation<|ref_end|><|rotate_up|>
<|box_start|>252 531 852 567<|box_end|><|ref_start|>equation<|ref_end|><|rotate_up|>
<|box_start|>142 577 854 628<|box_end|><|ref_start|>text<|ref_end|><|rotate_up|>
<|box_start|>149 637 846 896<|box_end|><|ref_start|>equation_block<|ref_end|><|rotate_up|>
<|box_start|>171 639 366 658<|box_end|><|ref_start|>equation<|ref_end|><|rotate_up|>
<|box_start|>152 662 571 699<|box_end|><|ref_start|>equation<|ref_end|><|rotate_up|>
<|box_start|>187 702 666 738<|box_end|><|ref_start|>equation<|ref_end|><|rotate_up|>
<|box_start|>152 741 844 777<|box_end|><|ref_start|>equation<|ref_end|><|rotate_up|>
<|box_start|>152 780 812 816<|box_end|><|ref_start|>equation<|ref_end|><|rotate_up|>
<|box_start|>152 820 777 856<|box_end|><|ref_start|>equation<|ref_end|><|rotate_up|>
<|box_start|>152 859 621 896<|box_end|><|ref_start|>equation<|ref_end|><|rotate_up|>
<|box_start|>490 915 509 926<|box_end|><|ref_start|>page_number<|ref_end|><|rotate_up|>
2026-08-06 12:00:31.566 | DEBUG    | mineru_vl_utils.mineru_client:parse_layout_output:239 - Layout raw output: 
<|box_start|>314 067 684 082<|box_end|><|ref_start|>header<|ref_end|><|rotate_up|>
<|box_start|>857 069 875 080<|box_end|><|ref_start|>page_number<|ref_end|><|rotate_up|>
<|box_start|>119 095 877 135<|box_end|><|ref_start|>text<|ref_end|><|rotate_up|>
<|box_start|>254 139 744 160<|box_end|><|ref_start|>equation<|ref_end|><|rotate_up|>
<|box_start|>119 165 558 186<|box_end|><|ref_start|>text<|ref_end|><|rotate_up|>
<|box_start|>196 191 800 213<|box_end|><|ref_start|>equation<|ref_end|><|rotate_up|>
<|box_start|>119 217 877 288<|box_end|><|ref_start|>text<|ref_end|><|rotate_up|>
<|box_start|>120 296 878 352<|box_end|><|ref_start|>text<|ref_end|><|rotate_up|>
<|box_start|>120 359 812 378<|box_end|><|ref_start|>text<|ref_end|><|rotate_up|>
<|box_start|>857 360 875 375<|box_end|><|ref_start|>image<|ref_end|><|rotate_up|>
<|box_start|>119 387 878 424<|box_end|><|ref_start|>text<|ref_end|><|rotate_up|>
<|box_start|>372 429 624 449<|box_end|><|ref_start|>equation<|ref_end|><|rotate_up|>
<|box_start|>119 454 878 509<|box_end|><|ref_start|>text<|ref_end|><|rotate_up|>
<|box_start|>335 515 660 534<|box_end|><|ref_start|>equation<|ref_end|><|rotate_up|>
<|box_start|>120 539 812 558<|box_end|><|ref_start|>text<|ref_end|><|rotate_up|>
<|box_start|>307 562 688 585<|box_end|><|ref_start|>equation<|ref_end|><|rotate_up|>
<|box_start|>120 589 798 608<|box_end|><|ref_start|>text<|ref_end|><|rotate_up|>
<|box_start|>384 613 612 633<|box_end|><|ref_start|>equation<|ref_end|><|rotate_up|>
<|box_start|>119 639 850 656<|box_end|><|ref_start|>text<|ref_end|><|rotate_up|>
<|box_start|>119 656 875 692<|box_end|><|ref_start|>text<|ref_end|><|rotate_up|>
<|box_start|>122 701 578 776<|box_end|><|ref_start|>equation<|ref_end|><|rotate_up|>
<|box_start|>119 784 879 909<|box_end|><|ref_start|>text<|ref_end|><|rotate_up|>
2026-08-06 12:00:31.566 | DEBUG    | mineru_vl_utils.mineru_client:parse_layout_output:239 - Layout raw output: 
<|box_start|>305 063 694 075<|box_end|><|ref_start|>header<|ref_end|><|rotate_up|>
<|box_start|>873 065 883 075<|box_end|><|ref_start|>page_number<|ref_end|><|rotate_up|>
<|box_start|>112 090 885 153<|box_end|><|ref_start|>text<|ref_end|><|rotate_up|>
<|box_start|>133 154 414 168<|box_end|><|ref_start|>text<|ref_end|><|rotate_up|>
<|box_start|>320 174 677 194<|box_end|><|ref_start|>equation<|ref_end|><|rotate_up|>
<|box_start|>112 201 884 233<|box_end|><|ref_start|>text<|ref_end|><|rotate_up|>
<|box_start|>133 233 555 251<|box_end|><|ref_start|>text<|ref_end|><|rotate_up|>
<|box_start|>116 257 776 299<|box_end|><|ref_start|>equation<|ref_end|><|rotate_up|>
<|box_start|>116 302 596 343<|box_end|><|ref_start|>equation<|ref_end|><|rotate_up|>
<|box_start|>112 349 884 395<|box_end|><|ref_start|>text<|ref_end|><|rotate_up|>
<|box_start|>113 396 884 427<|box_end|><|ref_start|>text<|ref_end|><|rotate_up|>
<|box_start|>112 427 884 491<|box_end|><|ref_start|>text<|ref_end|><|rotate_up|>
<|box_start|>270 497 726 516<|box_end|><|ref_start|>equation<|ref_end|><|rotate_up|>
<|box_start|>133 522 411 538<|box_end|><|ref_start|>text<|ref_end|><|rotate_up|>
<|box_start|>191 545 804 587<|box_end|><|ref_start|>equation<|ref_end|><|rotate_up|>
<|box_start|>112 594 884 626<|box_end|><|ref_start|>text<|ref_end|><|rotate_up|>
<|box_start|>132 626 802 643<|box_end|><|ref_start|>text<|ref_end|><|rotate_up|>
<|box_start|>155 646 842 913<|box_end|><|ref_start|>equation_block<|ref_end|><|rotate_up|>
<|box_start|>160 648 379 667<|box_end|><|ref_start|>equation<|ref_end|><|rotate_up|>
<|box_start|>188 670 449 690<|box_end|><|ref_start|>equation<|ref_end|><|rotate_up|>
<|box_start|>204 693 829 734<|box_end|><|ref_start|>equation<|ref_end|><|rotate_up|>
<|box_start|>188 737 838 778<|box_end|><|ref_start|>equation<|ref_end|><|rotate_up|>
<|box_start|>204 781 777 822<|box_end|><|ref_start|>equation<|ref_end|><|rotate_up|>
<|box_start|>188 825 649 866<|box_end|><|ref_start|>equation<|ref_end|><|rotate_up|>
<|box_start|>204 868 724 910<|box_end|><|ref_start|>equation<|ref_end|><|rotate_up|>
2026-08-06 12:00:31.567 | DEBUG    | mineru_vl_utils.mineru_client:parse_layout_output:239 - Layout raw output: 
<|box_start|>286 062 713 077<|box_end|><|ref_start|>header<|ref_end|><|rotate_up|>
<|box_start|>866 063 882 075<|box_end|><|ref_start|>page_number<|ref_end|><|rotate_up|>
<|box_start|>274 089 884 197<|box_end|><|ref_start|>equation_block<|ref_end|><|rotate_up|>
<|box_start|>279 090 726 133<|box_end|><|ref_start|>equation<|ref_end|><|rotate_up|>
<|box_start|>279 135 695 173<|box_end|><|ref_start|>equation<|ref_end|><|rotate_up|>
<|box_start|>279 175 882 196<|box_end|><|ref_start|>equation<|ref_end|><|rotate_up|>
<|box_start|>112 205 884 242<|box_end|><|ref_start|>text<|ref_end|><|rotate_up|>
<|box_start|>260 249 741 417<|box_end|><|ref_start|>equation_block<|ref_end|><|rotate_up|>
<|box_start|>263 250 558 287<|box_end|><|ref_start|>equation<|ref_end|><|rotate_up|>
<|box_start|>265 289 649 330<|box_end|><|ref_start|>equation<|ref_end|><|rotate_up|>
<|box_start|>265 332 741 375<|box_end|><|ref_start|>equation<|ref_end|><|rotate_up|>
<|box_start|>265 377 642 417<|box_end|><|ref_start|>equation<|ref_end|><|rotate_up|>
<|box_start|>112 424 315 441<|box_end|><|ref_start|>text<|ref_end|><|rotate_up|>
<|box_start|>330 450 882 490<|box_end|><|ref_start|>equation<|ref_end|><|rotate_up|>
<|box_start|>113 497 806 515<|box_end|><|ref_start|>text<|ref_end|><|rotate_up|>
<|box_start|>178 522 819 563<|box_end|><|ref_start|>equation<|ref_end|><|rotate_up|>
<|box_start|>113 569 885 621<|box_end|><|ref_start|>text<|ref_end|><|rotate_up|>
<|box_start|>253 624 747 909<|box_end|><|ref_start|>equation_block<|ref_end|><|rotate_up|>
<|box_start|>258 627 519 667<|box_end|><|ref_start|>equation<|ref_end|><|rotate_up|>
<|box_start|>260 670 576 709<|box_end|><|ref_start|>equation<|ref_end|><|rotate_up|>
<|box_start|>260 712 745 752<|box_end|><|ref_start|>equation<|ref_end|><|rotate_up|>
<|box_start|>260 755 701 799<|box_end|><|ref_start|>equation<|ref_end|><|rotate_up|>
<|box_start|>260 803 726 845<|box_end|><|ref_start|>equation<|ref_end|><|rotate_up|>
<|box_start|>260 848 695 885<|box_end|><|ref_start|>equation<|ref_end|><|rotate_up|>
<|box_start|>260 888 343 907<|box_end|><|ref_start|>equation<|ref_end|><|rotate_up|>
2026-08-06 12:00:31.567 | DEBUG    | mineru_vl_utils.mineru_client:parse_layout_output:239 - Layout raw output: 
<|box_start|>116 063 135 075<|box_end|><|ref_start|>page_number<|ref_end|><|rotate_up|>
<|box_start|>377 062 616 075<|box_end|><|ref_start|>header<|ref_end|><|rotate_up|>
<|box_start|>113 090 287 106<|box_end|><|ref_start|>text<|ref_end|><|rotate_up|>
<|box_start|>155 107 844 433<|box_end|><|ref_start|>equation_block<|ref_end|><|rotate_up|>
<|box_start|>161 110 577 152<|box_end|><|ref_start|>equation<|ref_end|><|rotate_up|>
<|box_start|>167 154 830 197<|box_end|><|ref_start|>equation<|ref_end|><|rotate_up|>
<|box_start|>185 198 495 239<|box_end|><|ref_start|>equation<|ref_end|><|rotate_up|>
<|box_start|>167 242 656 288<|box_end|><|ref_start|>equation<|ref_end|><|rotate_up|>
<|box_start|>185 290 752 338<|box_end|><|ref_start|>equation<|ref_end|><|rotate_up|>
<|box_start|>185 339 495 381<|box_end|><|ref_start|>equation<|ref_end|><|rotate_up|>
<|box_start|>167 383 839 430<|box_end|><|ref_start|>equation<|ref_end|><|rotate_up|>
<|box_start|>112 435 832 455<|box_end|><|ref_start|>text<|ref_end|><|rotate_up|>
<|box_start|>126 460 871 508<|box_end|><|ref_start|>equation<|ref_end|><|rotate_up|>
<|box_start|>113 515 178 530<|box_end|><|ref_start|>text<|ref_end|><|rotate_up|>
<|box_start|>289 535 707 621<|box_end|><|ref_start|>equation_block<|ref_end|><|rotate_up|>
<|box_start|>291 535 707 577<|box_end|><|ref_start|>equation<|ref_end|><|rotate_up|>
<|box_start|>297 579 592 620<|box_end|><|ref_start|>equation<|ref_end|><|rotate_up|>
<|box_start|>113 625 452 642<|box_end|><|ref_start|>text<|ref_end|><|rotate_up|>
<|box_start|>273 648 884 690<|box_end|><|ref_start|>equation<|ref_end|><|rotate_up|>
<|box_start|>113 695 329 714<|box_end|><|ref_start|>text<|ref_end|><|rotate_up|>
<|box_start|>174 720 884 761<|box_end|><|ref_start|>equation<|ref_end|><|rotate_up|>
<|box_start|>112 766 884 803<|box_end|><|ref_start|>text<|ref_end|><|rotate_up|>
<|box_start|>356 810 882 833<|box_end|><|ref_start|>equation<|ref_end|><|rotate_up|>
<|box_start|>112 842 871 864<|box_end|><|ref_start|>text<|ref_end|><|rotate_up|>
<|box_start|>224 870 773 916<|box_end|><|ref_start|>equation<|ref_end|><|rotate_up|>
2026-08-06 12:00:31.568 | DEBUG    | mineru_vl_utils.mineru_client:parse_layout_output:239 - Layout raw output: 
<|box_start|>344 078 656 092<|box_end|><|ref_start|>header<|ref_end|><|rotate_up|>
<|box_start|>844 080 862 090<|box_end|><|ref_start|>page_number<|ref_end|><|rotate_up|>
<|box_start|>133 106 865 143<|box_end|><|ref_start|>text<|ref_end|><|rotate_up|>
<|box_start|>297 152 700 294<|box_end|><|ref_start|>equation_block<|ref_end|><|rotate_up|>
<|box_start|>297 152 700 180<|box_end|><|ref_start|>equation<|ref_end|><|rotate_up|>
<|box_start|>341 182 656 214<|box_end|><|ref_start|>equation<|ref_end|><|rotate_up|>
<|box_start|>310 210 686 235<|box_end|><|ref_start|>equation<|ref_end|><|rotate_up|>
<|box_start|>329 237 668 294<|box_end|><|ref_start|>equation<|ref_end|><|rotate_up|>
<|box_start|>134 304 659 321<|box_end|><|ref_start|>text<|ref_end|><|rotate_up|>
<|box_start|>133 321 865 410<|box_end|><|ref_start|>text<|ref_end|><|rotate_up|>
<|box_start|>176 416 864 514<|box_end|><|ref_start|>equation_block<|ref_end|><|rotate_up|>
<|box_start|>180 418 736 449<|box_end|><|ref_start|>equation<|ref_end|><|rotate_up|>
<|box_start|>472 451 860 481<|box_end|><|ref_start|>equation<|ref_end|><|rotate_up|>
<|box_start|>472 483 780 514<|box_end|><|ref_start|>equation<|ref_end|><|rotate_up|>
<|box_start|>133 521 865 573<|box_end|><|ref_start|>text<|ref_end|><|rotate_up|>
<|box_start|>134 585 866 621<|box_end|><|ref_start|>text<|ref_end|><|rotate_up|>
<|box_start|>312 630 863 670<|box_end|><|ref_start|>equation<|ref_end|><|rotate_up|>
<|box_start|>135 680 690 699<|box_end|><|ref_start|>text<|ref_end|><|rotate_up|>
<|box_start|>135 710 528 729<|box_end|><|ref_start|>text<|ref_end|><|rotate_up|>
<|box_start|>388 740 612 817<|box_end|><|ref_start|>equation<|ref_end|><|rotate_up|>
<|box_start|>133 826 865 897<|box_end|><|ref_start|>text<|ref_end|><|rotate_up|>
[group 2/4] DONE pages=32 elapsed_s=74.447 pages_per_s=0.53022 eta_s=120.7
[group 3/4] START pages=32 dataset_indices=[64, 65, 66, 67, 68, 69, 70, 71, 72, 73, 74, 75, 76, 77, 78, 79, 80, 81, 82, 83, 84, 85, 86, 87, 88, 89, 90, 91, 92, 93, 94, 95]
2026-08-06 12:01:46.076 | DEBUG    | mineru_vl_utils.mineru_client:parse_layout_output:239 - Layout raw output: 
<|box_start|>344 078 656 092<|box_end|><|ref_start|>header<|ref_end|><|rotate_up|>
<|box_start|>845 080 864 091<|box_end|><|ref_start|>page_number<|ref_end|><|rotate_up|>
<|box_start|>133 106 865 158<|box_end|><|ref_start|>text<|ref_end|><|rotate_up|>
<|box_start|>333 165 666 189<|box_end|><|ref_start|>equation<|ref_end|><|rotate_up|>
<|box_start|>133 195 490 214<|box_end|><|ref_start|>text<|ref_end|><|rotate_up|>
<|box_start|>402 223 599 298<|box_end|><|ref_start|>equation<|ref_end|><|rotate_up|>
<|box_start|>133 307 862 343<|box_end|><|ref_start|>text<|ref_end|><|rotate_up|>
<|box_start|>182 351 866 595<|box_end|><|ref_start|>equation<|ref_end|><|rotate_up|>
<|box_start|>135 602 683 621<|box_end|><|ref_start|>text<|ref_end|><|rotate_up|>
<|box_start|>291 629 707 765<|box_end|><|ref_start|>equation_block<|ref_end|><|rotate_up|>
<|box_start|>291 629 707 657<|box_end|><|ref_start|>equation<|ref_end|><|rotate_up|>
<|box_start|>334 658 660 688<|box_end|><|ref_start|>equation<|ref_end|><|rotate_up|>
<|box_start|>306 689 690 715<|box_end|><|ref_start|>equation<|ref_end|><|rotate_up|>
<|box_start|>324 711 672 764<|box_end|><|ref_start|>equation<|ref_end|><|rotate_up|>
<|box_start|>133 771 865 822<|box_end|><|ref_start|>text<|ref_end|><|rotate_up|>
<|box_start|>133 824 866 899<|box_end|><|ref_start|>text<|ref_end|><|rotate_up|>
2026-08-06 12:01:46.077 | DEBUG    | mineru_vl_utils.mineru_client:parse_layout_output:239 - Layout raw output: 
<|box_start|>344 078 656 092<|box_end|><|ref_start|>header<|ref_end|><|rotate_up|>
<|box_start|>844 079 864 091<|box_end|><|ref_start|>page_number<|ref_end|><|rotate_up|>
<|box_start|>133 106 865 141<|box_end|><|ref_start|>text<|ref_end|><|rotate_up|>
<|box_start|>210 146 786 351<|box_end|><|ref_start|>equation_block<|ref_end|><|rotate_up|>
<|box_start|>215 148 569 168<|box_end|><|ref_start|>equation<|ref_end|><|rotate_up|>
<|box_start|>310 172 623 190<|box_end|><|ref_start|>equation<|ref_end|><|rotate_up|>
<|box_start|>310 194 713 214<|box_end|><|ref_start|>equation<|ref_end|><|rotate_up|>
<|box_start|>310 217 784 238<|box_end|><|ref_start|>equation<|ref_end|><|rotate_up|>
<|box_start|>310 241 706 260<|box_end|><|ref_start|>equation<|ref_end|><|rotate_up|>
<|box_start|>310 264 545 283<|box_end|><|ref_start|>equation<|ref_end|><|rotate_up|>
<|box_start|>310 287 528 305<|box_end|><|ref_start|>equation<|ref_end|><|rotate_up|>
<|box_start|>310 310 460 328<|box_end|><|ref_start|>equation<|ref_end|><|rotate_up|>
<|box_start|>310 333 375 350<|box_end|><|ref_start|>equation<|ref_end|><|rotate_up|>
<|box_start|>133 358 865 428<|box_end|><|ref_start|>text<|ref_end|><|rotate_up|>
<|box_start|>153 429 766 447<|box_end|><|ref_start|>text<|ref_end|><|rotate_up|>
<|box_start|>281 454 862 768<|box_end|><|ref_start|>equation<|ref_end|><|rotate_up|>
<|box_start|>133 774 865 827<|box_end|><|ref_start|>text<|ref_end|><|rotate_up|>
<|box_start|>253 830 744 899<|box_end|><|ref_start|>equation_block<|ref_end|><|rotate_up|>
<|box_start|>258 833 717 852<|box_end|><|ref_start|>equation<|ref_end|><|rotate_up|>
<|box_start|>492 856 709 874<|box_end|><|ref_start|>equation<|ref_end|><|rotate_up|>
<|box_start|>491 878 743 898<|box_end|><|ref_start|>equation<|ref_end|><|rotate_up|>
2026-08-06 12:01:46.077 | DEBUG    | mineru_vl_utils.mineru_client:parse_layout_output:239 - Layout raw output: 
<|box_start|>116 065 134 075<|box_end|><|ref_start|>page_number<|ref_end|><|rotate_up|>
<|box_start|>430 064 570 075<|box_end|><|ref_start|>header<|ref_end|><|rotate_up|>
<|box_start|>113 092 427 109<|box_end|><|ref_start|>text<|ref_end|><|rotate_up|>
<|box_start|>115 114 756 135<|box_end|><|ref_start|>equation<|ref_end|><|rotate_up|>
<|box_start|>113 139 462 155<|box_end|><|ref_start|>text<|ref_end|><|rotate_up|>
<|box_start|>246 160 750 198<|box_end|><|ref_start|>equation<|ref_end|><|rotate_up|>
<|box_start|>113 203 502 219<|box_end|><|ref_start|>text<|ref_end|><|rotate_up|>
<|box_start|>250 220 749 377<|box_end|><|ref_start|>equation_block<|ref_end|><|rotate_up|>
<|box_start|>268 224 692 259<|box_end|><|ref_start|>equation<|ref_end|><|rotate_up|>
<|box_start|>254 263 746 299<|box_end|><|ref_start|>equation<|ref_end|><|rotate_up|>
<|box_start|>254 303 730 338<|box_end|><|ref_start|>equation<|ref_end|><|rotate_up|>
<|box_start|>254 341 435 376<|box_end|><|ref_start|>equation<|ref_end|><|rotate_up|>
<|box_start|>113 381 424 397<|box_end|><|ref_start|>text<|ref_end|><|rotate_up|>
<|box_start|>132 406 668 425<|box_end|><|ref_start|>text<|ref_end|><|rotate_up|>
<|box_start|>231 430 766 449<|box_end|><|ref_start|>equation<|ref_end|><|rotate_up|>
<|box_start|>112 453 884 489<|box_end|><|ref_start|>text<|ref_end|><|rotate_up|>
<|box_start|>118 495 879 531<|box_end|><|ref_start|>equation<|ref_end|><|rotate_up|>
<|box_start|>113 534 867 550<|box_end|><|ref_start|>text<|ref_end|><|rotate_up|>
<|box_start|>402 555 597 589<|box_end|><|ref_start|>equation<|ref_end|><|rotate_up|>
<|box_start|>112 595 884 627<|box_end|><|ref_start|>text<|ref_end|><|rotate_up|>
<|box_start|>112 634 886 665<|box_end|><|ref_start|>text<|ref_end|><|rotate_up|>
<|box_start|>271 670 726 708<|box_end|><|ref_start|>equation<|ref_end|><|rotate_up|>
<|box_start|>112 715 886 775<|box_end|><|ref_start|>text<|ref_end|><|rotate_up|>
<|box_start|>361 776 637 810<|box_end|><|ref_start|>equation<|ref_end|><|rotate_up|>
<|box_start|>112 812 603 829<|box_end|><|ref_start|>text<|ref_end|><|rotate_up|>
<|box_start|>112 829 884 868<|box_end|><|ref_start|>text<|ref_end|><|rotate_up|>
<|box_start|>404 872 594 891<|box_end|><|ref_start|>equation<|ref_end|><|rotate_up|>
<|box_start|>112 897 828 914<|box_end|><|ref_start|>text<|ref_end|><|rotate_up|>
2026-08-06 12:01:46.078 | DEBUG    | mineru_vl_utils.mineru_client:parse_layout_output:239 - Layout raw output: 
<|box_start|>051 091 201 106<|box_end|><|ref_start|>text<|ref_end|><|rotate_up|>
<|box_start|>050 125 947 195<|box_end|><|ref_start|>text<|ref_end|><|rotate_up|>
<|box_start|>275 198 720 218<|box_end|><|ref_start|>equation<|ref_end|><|rotate_up|>
<|box_start|>049 224 949 276<|box_end|><|ref_start|>text<|ref_end|><|rotate_up|>
<|box_start|>339 288 657 309<|box_end|><|ref_start|>equation<|ref_end|><|rotate_up|>
<|box_start|>049 321 947 356<|box_end|><|ref_start|>text<|ref_end|><|rotate_up|>
<|box_start|>050 372 947 406<|box_end|><|ref_start|>text<|ref_end|><|rotate_up|>
<|box_start|>339 418 656 438<|box_end|><|ref_start|>equation<|ref_end|><|rotate_up|>
<|box_start|>050 450 859 469<|box_end|><|ref_start|>text<|ref_end|><|rotate_up|>
<|box_start|>211 480 785 500<|box_end|><|ref_start|>equation<|ref_end|><|rotate_up|>
<|box_start|>050 512 947 547<|box_end|><|ref_start|>text<|ref_end|><|rotate_up|>
<|box_start|>328 559 669 579<|box_end|><|ref_start|>equation<|ref_end|><|rotate_up|>
<|box_start|>050 592 947 643<|box_end|><|ref_start|>text<|ref_end|><|rotate_up|>
<|box_start|>124 655 871 675<|box_end|><|ref_start|>equation<|ref_end|><|rotate_up|>
<|box_start|>050 687 947 721<|box_end|><|ref_start|>text<|ref_end|><|rotate_up|>
<|box_start|>263 720 734 740<|box_end|><|ref_start|>equation<|ref_end|><|rotate_up|>
<|box_start|>050 748 701 764<|box_end|><|ref_start|>text<|ref_end|><|rotate_up|>
<|box_start|>076 765 905 782<|box_end|><|ref_start|>text<|ref_end|><|rotate_up|>
<|box_start|>928 765 946 780<|box_end|><|ref_start|>image<|ref_end|><|rotate_up|>
<|box_start|>485 934 514 948<|box_end|><|ref_start|>page_number<|ref_end|><|rotate_up|>
2026-08-06 12:01:46.078 | DEBUG    | mineru_vl_utils.mineru_client:parse_layout_output:239 - Layout raw output: 
<|box_start|>116 065 134 076<|box_end|><|ref_start|>page_number<|ref_end|><|rotate_up|>
<|box_start|>425 064 576 076<|box_end|><|ref_start|>header<|ref_end|><|rotate_up|>
<|box_start|>360 092 639 106<|box_end|><|ref_start|>title<|ref_end|><|rotate_up|>
<|box_start|>112 114 884 145<|box_end|><|ref_start|>text<|ref_end|><|rotate_up|>
<|box_start|>132 146 481 160<|box_end|><|ref_start|>text<|ref_end|><|rotate_up|>
<|box_start|>232 166 884 199<|box_end|><|ref_start|>equation<|ref_end|><|rotate_up|>
<|box_start|>112 206 701 222<|box_end|><|ref_start|>text<|ref_end|><|rotate_up|>
<|box_start|>384 228 615 248<|box_end|><|ref_start|>equation<|ref_end|><|rotate_up|>
<|box_start|>113 254 351 269<|box_end|><|ref_start|>text<|ref_end|><|rotate_up|>
<|box_start|>263 275 737 312<|box_end|><|ref_start|>equation<|ref_end|><|rotate_up|>
<|box_start|>113 319 314 335<|box_end|><|ref_start|>text<|ref_end|><|rotate_up|>
<|box_start|>126 342 871 375<|box_end|><|ref_start|>equation<|ref_end|><|rotate_up|>
<|box_start|>113 381 308 395<|box_end|><|ref_start|>text<|ref_end|><|rotate_up|>
<|box_start|>226 401 773 507<|box_end|><|ref_start|>equation_block<|ref_end|><|rotate_up|>
<|box_start|>226 401 773 446<|box_end|><|ref_start|>equation<|ref_end|><|rotate_up|>
<|box_start|>478 449 720 482<|box_end|><|ref_start|>equation<|ref_end|><|rotate_up|>
<|box_start|>478 486 622 507<|box_end|><|ref_start|>equation<|ref_end|><|rotate_up|>
<|box_start|>113 512 257 526<|box_end|><|ref_start|>text<|ref_end|><|rotate_up|>
<|box_start|>180 533 800 575<|box_end|><|ref_start|>equation<|ref_end|><|rotate_up|>
<|box_start|>112 581 373 596<|box_end|><|ref_start|>text<|ref_end|><|rotate_up|>
<|box_start|>246 603 750 846<|box_end|><|ref_start|>equation_block<|ref_end|><|rotate_up|>
<|box_start|>249 603 567 655<|box_end|><|ref_start|>equation<|ref_end|><|rotate_up|>
<|box_start|>268 657 629 709<|box_end|><|ref_start|>equation<|ref_end|><|rotate_up|>
<|box_start|>268 712 750 761<|box_end|><|ref_start|>equation<|ref_end|><|rotate_up|>
<|box_start|>268 764 620 806<|box_end|><|ref_start|>equation<|ref_end|><|rotate_up|>
<|box_start|>268 810 470 845<|box_end|><|ref_start|>equation<|ref_end|><|rotate_up|>
<|box_start|>113 853 498 869<|box_end|><|ref_start|>text<|ref_end|><|rotate_up|>
<|box_start|>414 875 584 915<|box_end|><|ref_start|>equation<|ref_end|><|rotate_up|>
2026-08-06 12:01:46.079 | DEBUG    | mineru_vl_utils.mineru_client:parse_layout_output:239 - Layout raw output: 
<|box_start|>900 035 920 047<|box_end|><|ref_start|>page_number<|ref_end|><|rotate_up|>
<|box_start|>084 066 723 082<|box_end|><|ref_start|>text<|ref_end|><|rotate_up|>
<|box_start|>401 092 603 107<|box_end|><|ref_start|>equation<|ref_end|><|rotate_up|>
<|box_start|>083 118 327 133<|box_end|><|ref_start|>text<|ref_end|><|rotate_up|>
<|box_start|>160 142 846 187<|box_end|><|ref_start|>equation<|ref_end|><|rotate_up|>
<|box_start|>084 195 134 208<|box_end|><|ref_start|>text<|ref_end|><|rotate_up|>
<|box_start|>291 216 715 245<|box_end|><|ref_start|>equation<|ref_end|><|rotate_up|>
<|box_start|>289 247 718 275<|box_end|><|ref_start|>equation<|ref_end|><|rotate_up|>
<|box_start|>334 277 672 306<|box_end|><|ref_start|>equation<|ref_end|><|rotate_up|>
<|box_start|>083 313 919 344<|box_end|><|ref_start|>text<|ref_end|><|rotate_up|>
<|box_start|>435 353 569 385<|box_end|><|ref_start|>equation<|ref_end|><|rotate_up|>
<|box_start|>084 394 519 410<|box_end|><|ref_start|>text<|ref_end|><|rotate_up|>
<|box_start|>217 418 789 576<|box_end|><|ref_start|>equation_block<|ref_end|><|rotate_up|>
<|box_start|>218 418 498 495<|box_end|><|ref_start|>equation<|ref_end|><|rotate_up|>
<|box_start|>514 418 786 496<|box_end|><|ref_start|>equation<|ref_end|><|rotate_up|>
<|box_start|>229 497 496 575<|box_end|><|ref_start|>equation<|ref_end|><|rotate_up|>
<|box_start|>510 497 776 575<|box_end|><|ref_start|>equation<|ref_end|><|rotate_up|>
<|box_start|>084 583 135 597<|box_end|><|ref_start|>text<|ref_end|><|rotate_up|>
<|box_start|>269 603 735 637<|box_end|><|ref_start|>equation<|ref_end|><|rotate_up|>
<|box_start|>249 639 756 672<|box_end|><|ref_start|>equation<|ref_end|><|rotate_up|>
<|box_start|>084 680 127 694<|box_end|><|ref_start|>text<|ref_end|><|rotate_up|>
<|box_start|>456 702 548 731<|box_end|><|ref_start|>equation<|ref_end|><|rotate_up|>
<|box_start|>084 739 414 755<|box_end|><|ref_start|>text<|ref_end|><|rotate_up|>
<|box_start|>260 762 744 781<|box_end|><|ref_start|>equation<|ref_end|><|rotate_up|>
<|box_start|>084 789 794 806<|box_end|><|ref_start|>text<|ref_end|><|rotate_up|>
<|box_start|>405 814 598 851<|box_end|><|ref_start|>equation<|ref_end|><|rotate_up|>
<|box_start|>084 859 517 874<|box_end|><|ref_start|>text<|ref_end|><|rotate_up|>
<|box_start|>099 874 921 890<|box_end|><|ref_start|>text<|ref_end|><|rotate_up|>
<|box_start|>361 899 644 915<|box_end|><|ref_start|>equation<|ref_end|><|rotate_up|>
2026-08-06 12:01:46.079 | DEBUG    | mineru_vl_utils.mineru_client:parse_layout_output:239 - Layout raw output: 
<|box_start|>165 055 186 067<|box_end|><|ref_start|>page_number<|ref_end|><|rotate_up|>
<|box_start|>168 081 895 430<|box_end|><|ref_start|>equation_block<|ref_end|><|rotate_up|>
<|box_start|>170 083 438 127<|box_end|><|ref_start|>equation<|ref_end|><|rotate_up|>
<|box_start|>171 135 796 182<|box_end|><|ref_start|>equation<|ref_end|><|rotate_up|>
<|box_start|>170 190 762 238<|box_end|><|ref_start|>equation<|ref_end|><|rotate_up|>
<|box_start|>171 246 504 265<|box_end|><|ref_start|>equation<|ref_end|><|rotate_up|>
<|box_start|>170 273 657 320<|box_end|><|ref_start|>equation<|ref_end|><|rotate_up|>
<|box_start|>171 328 504 347<|box_end|><|ref_start|>equation<|ref_end|><|rotate_up|>
<|box_start|>170 355 657 402<|box_end|><|ref_start|>equation<|ref_end|><|rotate_up|>
<|box_start|>170 409 893 430<|box_end|><|ref_start|>equation<|ref_end|><|rotate_up|>
<|box_start|>165 437 216 452<|box_end|><|ref_start|>text<|ref_end|><|rotate_up|>
<|box_start|>170 455 651 499<|box_end|><|ref_start|>equation<|ref_end|><|rotate_up|>
<|box_start|>162 503 903 550<|box_end|><|ref_start|>text<|ref_end|><|rotate_up|>
<|box_start|>162 552 831 586<|box_end|><|ref_start|>text<|ref_end|><|rotate_up|>
<|box_start|>340 590 655 610<|box_end|><|ref_start|>equation<|ref_end|><|rotate_up|>
<|box_start|>163 613 308 627<|box_end|><|ref_start|>text<|ref_end|><|rotate_up|>
<|box_start|>286 633 710 678<|box_end|><|ref_start|>equation_block<|ref_end|><|rotate_up|>
<|box_start|>286 633 626 653<|box_end|><|ref_start|>equation<|ref_end|><|rotate_up|>
<|box_start|>290 659 710 678<|box_end|><|ref_start|>equation<|ref_end|><|rotate_up|>
<|box_start|>163 681 399 697<|box_end|><|ref_start|>text<|ref_end|><|rotate_up|>
<|box_start|>286 702 710 746<|box_end|><|ref_start|>equation_block<|ref_end|><|rotate_up|>
<|box_start|>286 702 626 721<|box_end|><|ref_start|>equation<|ref_end|><|rotate_up|>
<|box_start|>290 728 710 746<|box_end|><|ref_start|>equation<|ref_end|><|rotate_up|>
<|box_start|>162 750 832 848<|box_end|><|ref_start|>text<|ref_end|><|rotate_up|>
<|box_start|>298 853 695 899<|box_end|><|ref_start|>equation_block<|ref_end|><|rotate_up|>
<|box_start|>301 854 642 873<|box_end|><|ref_start|>equation<|ref_end|><|rotate_up|>
<|box_start|>306 880 694 898<|box_end|><|ref_start|>equation<|ref_end|><|rotate_up|>
2026-08-06 12:01:46.080 | DEBUG    | mineru_vl_utils.mineru_client:parse_layout_output:239 - Layout raw output: 
<|box_start|>115 092 400 110<|box_end|><|ref_start|>header<|ref_end|><|rotate_up|>
<|box_start|>838 093 860 107<|box_end|><|ref_start|>page_number<|ref_end|><|rotate_up|>
<|box_start|>200 133 749 369<|box_end|><|ref_start|>equation_block<|ref_end|><|rotate_up|>
<|box_start|>241 136 746 184<|box_end|><|ref_start|>equation<|ref_end|><|rotate_up|>
<|box_start|>241 186 565 225<|box_end|><|ref_start|>equation<|ref_end|><|rotate_up|>
<|box_start|>203 227 585 257<|box_end|><|ref_start|>equation<|ref_end|><|rotate_up|>
<|box_start|>279 261 706 282<|box_end|><|ref_start|>equation<|ref_end|><|rotate_up|>
<|box_start|>280 287 575 316<|box_end|><|ref_start|>equation<|ref_end|><|rotate_up|>
<|box_start|>203 320 690 341<|box_end|><|ref_start|>equation<|ref_end|><|rotate_up|>
<|box_start|>203 346 392 367<|box_end|><|ref_start|>equation<|ref_end|><|rotate_up|>
<|box_start|>112 381 860 424<|box_end|><|ref_start|>text<|ref_end|><|rotate_up|>
<|box_start|>112 435 860 477<|box_end|><|ref_start|>text<|ref_end|><|rotate_up|>
<|box_start|>112 490 860 530<|box_end|><|ref_start|>text<|ref_end|><|rotate_up|>
<|box_start|>112 544 860 586<|box_end|><|ref_start|>text<|ref_end|><|rotate_up|>
<|box_start|>112 588 328 607<|box_end|><|ref_start|>text<|ref_end|><|rotate_up|>
<|box_start|>206 619 773 695<|box_end|><|ref_start|>list<|ref_end|><|rotate_up|>
<|box_start|>218 623 767 643<|box_end|><|ref_start|>text<|ref_end|><|rotate_up|>
<|box_start|>214 648 626 668<|box_end|><|ref_start|>text<|ref_end|><|rotate_up|>
<|box_start|>209 674 331 693<|box_end|><|ref_start|>text<|ref_end|><|rotate_up|>
<|box_start|>113 708 586 727<|box_end|><|ref_start|>text<|ref_end|><|rotate_up|>
<|box_start|>112 740 862 822<|box_end|><|ref_start|>text<|ref_end|><|rotate_up|>
<|box_start|>112 838 861 905<|box_end|><|ref_start|>text<|ref_end|><|rotate_up|>
<|box_start|>241 917 732 970<|box_end|><|ref_start|>list<|ref_end|><|rotate_up|>
<|box_start|>247 921 728 940<|box_end|><|ref_start|>text<|ref_end|><|rotate_up|>
<|box_start|>247 944 422 967<|box_end|><|ref_start|>text<|ref_end|><|rotate_up|>
2026-08-06 12:01:46.080 | DEBUG    | mineru_vl_utils.mineru_client:parse_layout_output:239 - Layout raw output: 
<|box_start|>167 086 178 096<|box_end|><|ref_start|>page_number<|ref_end|><|rotate_up|>
<|box_start|>240 084 788 098<|box_end|><|ref_start|>header<|ref_end|><|rotate_up|>
<|box_start|>209 110 862 145<|box_end|><|ref_start|>text<|ref_end|><|rotate_up|>
<|box_start|>163 151 862 239<|box_end|><|ref_start|>text<|ref_end|><|rotate_up|>
<|box_start|>164 241 862 346<|box_end|><|ref_start|>text<|ref_end|><|rotate_up|>
<|box_start|>164 357 862 408<|box_end|><|ref_start|>text<|ref_end|><|rotate_up|>
<|box_start|>251 420 861 512<|box_end|><|ref_start|>equation_block<|ref_end|><|rotate_up|>
<|box_start|>251 421 775 470<|box_end|><|ref_start|>equation<|ref_end|><|rotate_up|>
<|box_start|>274 472 860 511<|box_end|><|ref_start|>equation<|ref_end|><|rotate_up|>
<|box_start|>165 524 714 546<|box_end|><|ref_start|>text<|ref_end|><|rotate_up|>
<|box_start|>254 560 773 647<|box_end|><|ref_start|>equation_block<|ref_end|><|rotate_up|>
<|box_start|>255 560 576 605<|box_end|><|ref_start|>equation<|ref_end|><|rotate_up|>
<|box_start|>255 607 771 646<|box_end|><|ref_start|>equation<|ref_end|><|rotate_up|>
<|box_start|>164 661 861 699<|box_end|><|ref_start|>text<|ref_end|><|rotate_up|>
<|box_start|>164 710 861 744<|box_end|><|ref_start|>text<|ref_end|><|rotate_up|>
<|box_start|>164 757 862 793<|box_end|><|ref_start|>text<|ref_end|><|rotate_up|>
<|box_start|>185 806 688 823<|box_end|><|ref_start|>text<|ref_end|><|rotate_up|>
2026-08-06 12:01:46.081 | DEBUG    | mineru_vl_utils.mineru_client:parse_layout_output:239 - Layout raw output: 
<|box_start|>136 080 154 090<|box_end|><|ref_start|>page_number<|ref_end|><|rotate_up|>
<|box_start|>362 079 636 091<|box_end|><|ref_start|>header<|ref_end|><|rotate_up|>
<|box_start|>132 106 865 141<|box_end|><|ref_start|>text<|ref_end|><|rotate_up|>
<|box_start|>136 152 741 172<|box_end|><|ref_start|>equation<|ref_end|><|rotate_up|>
<|box_start|>133 181 865 250<|box_end|><|ref_start|>text<|ref_end|><|rotate_up|>
<|box_start|>132 270 865 322<|box_end|><|ref_start|>text<|ref_end|><|rotate_up|>
<|box_start|>133 332 865 417<|box_end|><|ref_start|>text<|ref_end|><|rotate_up|>
<|box_start|>133 427 865 517<|box_end|><|ref_start|>text<|ref_end|><|rotate_up|>
<|box_start|>136 530 714 642<|box_end|><|ref_start|>equation<|ref_end|><|rotate_up|>
<|box_start|>133 653 863 750<|box_end|><|ref_start|>text<|ref_end|><|rotate_up|>
<|box_start|>133 751 863 786<|box_end|><|ref_start|>text<|ref_end|><|rotate_up|>
<|box_start|>136 799 836 897<|box_end|><|ref_start|>equation<|ref_end|><|rotate_up|>
2026-08-06 12:01:46.081 | DEBUG    | mineru_vl_utils.mineru_client:parse_layout_output:239 - Layout raw output: 
<|box_start|>218 049 776 063<|box_end|><|ref_start|>header<|ref_end|><|rotate_up|>
<|box_start|>170 117 338 133<|box_end|><|ref_start|>text<|ref_end|><|rotate_up|>
<|box_start|>164 141 834 389<|box_end|><|ref_start|>equation_block<|ref_end|><|rotate_up|>
<|box_start|>168 143 455 180<|box_end|><|ref_start|>equation<|ref_end|><|rotate_up|>
<|box_start|>206 182 446 222<|box_end|><|ref_start|>equation<|ref_end|><|rotate_up|>
<|box_start|>206 226 697 258<|box_end|><|ref_start|>equation<|ref_end|><|rotate_up|>
<|box_start|>206 260 830 297<|box_end|><|ref_start|>equation<|ref_end|><|rotate_up|>
<|box_start|>206 299 590 333<|box_end|><|ref_start|>equation<|ref_end|><|rotate_up|>
<|box_start|>206 337 545 363<|box_end|><|ref_start|>equation<|ref_end|><|rotate_up|>
<|box_start|>206 367 396 387<|box_end|><|ref_start|>equation<|ref_end|><|rotate_up|>
<|box_start|>143 399 222 413<|box_end|><|ref_start|>text<|ref_end|><|rotate_up|>
<|box_start|>142 447 806 464<|box_end|><|ref_start|>title<|ref_end|><|rotate_up|>
<|box_start|>143 472 519 487<|box_end|><|ref_start|>title<|ref_end|><|rotate_up|>
<|box_start|>142 494 855 533<|box_end|><|ref_start|>text<|ref_end|><|rotate_up|>
<|box_start|>228 542 769 575<|box_end|><|ref_start|>equation<|ref_end|><|rotate_up|>
<|box_start|>142 586 855 621<|box_end|><|ref_start|>text<|ref_end|><|rotate_up|>
<|box_start|>385 631 855 651<|box_end|><|ref_start|>equation<|ref_end|><|rotate_up|>
<|box_start|>142 663 854 735<|box_end|><|ref_start|>text<|ref_end|><|rotate_up|>
<|box_start|>277 745 720 767<|box_end|><|ref_start|>equation<|ref_end|><|rotate_up|>
<|box_start|>142 782 854 823<|box_end|><|ref_start|>text<|ref_end|><|rotate_up|>
<|box_start|>142 823 854 857<|box_end|><|ref_start|>text<|ref_end|><|rotate_up|>
<|box_start|>386 867 855 888<|box_end|><|ref_start|>equation<|ref_end|><|rotate_up|>
<|box_start|>490 915 509 926<|box_end|><|ref_start|>page_number<|ref_end|><|rotate_up|>
2026-08-06 12:01:46.081 | DEBUG    | mineru_vl_utils.mineru_client:parse_layout_output:239 - Layout raw output: 
<|box_start|>115 066 134 076<|box_end|><|ref_start|>page_number<|ref_end|><|rotate_up|>
<|box_start|>419 065 534 076<|box_end|><|ref_start|>header<|ref_end|><|rotate_up|>
<|box_start|>112 091 841 126<|box_end|><|ref_start|>text<|ref_end|><|rotate_up|>
<|box_start|>115 144 613 216<|box_end|><|ref_start|>image<|ref_end|><|rotate_up|>
<|box_start|>112 232 839 267<|box_end|><|ref_start|>text<|ref_end|><|rotate_up|>
<|box_start|>132 274 835 290<|box_end|><|ref_start|>text<|ref_end|><|rotate_up|>
<|box_start|>115 307 613 374<|box_end|><|ref_start|>image<|ref_end|><|rotate_up|>
<|box_start|>112 396 839 450<|box_end|><|ref_start|>text<|ref_end|><|rotate_up|>
<|box_start|>132 457 801 472<|box_end|><|ref_start|>text<|ref_end|><|rotate_up|>
<|box_start|>112 489 842 560<|box_end|><|ref_start|>text<|ref_end|><|rotate_up|>
<|box_start|>115 575 638 644<|box_end|><|ref_start|>image<|ref_end|><|rotate_up|>
<|box_start|>113 661 838 696<|box_end|><|ref_start|>text<|ref_end|><|rotate_up|>
<|box_start|>133 716 416 733<|box_end|><|ref_start|>text<|ref_end|><|rotate_up|>
<|box_start|>112 749 840 802<|box_end|><|ref_start|>text<|ref_end|><|rotate_up|>
<|box_start|>112 821 839 893<|box_end|><|ref_start|>text<|ref_end|><|rotate_up|>
<|box_start|>112 897 839 956<|box_end|><|ref_start|>text<|ref_end|><|rotate_up|>
2026-08-06 12:01:46.082 | DEBUG    | mineru_vl_utils.mineru_client:parse_layout_output:239 - Layout raw output: 
<|box_start|>143 057 826 073<|box_end|><|ref_start|>header<|ref_end|><|rotate_up|>
<|box_start|>086 086 330 101<|box_end|><|ref_start|>text<|ref_end|><|rotate_up|>
<|box_start|>246 112 725 130<|box_end|><|ref_start|>equation<|ref_end|><|rotate_up|>
<|box_start|>086 140 498 157<|box_end|><|ref_start|>text<|ref_end|><|rotate_up|>
<|box_start|>332 166 888 194<|box_end|><|ref_start|>equation<|ref_end|><|rotate_up|>
<|box_start|>086 204 554 220<|box_end|><|ref_start|>text<|ref_end|><|rotate_up|>
<|box_start|>116 230 888 363<|box_end|><|ref_start|>equation_block<|ref_end|><|rotate_up|>
<|box_start|>116 230 799 259<|box_end|><|ref_start|>equation<|ref_end|><|rotate_up|>
<|box_start|>334 262 737 289<|box_end|><|ref_start|>equation<|ref_end|><|rotate_up|>
<|box_start|>336 289 887 328<|box_end|><|ref_start|>equation<|ref_end|><|rotate_up|>
<|box_start|>336 330 829 362<|box_end|><|ref_start|>equation<|ref_end|><|rotate_up|>
<|box_start|>085 372 714 391<|box_end|><|ref_start|>text<|ref_end|><|rotate_up|>
<|box_start|>086 396 504 412<|box_end|><|ref_start|>text<|ref_end|><|rotate_up|>
<|box_start|>174 420 890 512<|box_end|><|ref_start|>equation_block<|ref_end|><|rotate_up|>
<|box_start|>177 422 783 450<|box_end|><|ref_start|>equation<|ref_end|><|rotate_up|>
<|box_start|>428 452 888 479<|box_end|><|ref_start|>equation<|ref_end|><|rotate_up|>
<|box_start|>428 481 796 510<|box_end|><|ref_start|>equation<|ref_end|><|rotate_up|>
<|box_start|>086 527 559 542<|box_end|><|ref_start|>text<|ref_end|><|rotate_up|>
<|box_start|>097 554 877 863<|box_end|><|ref_start|>equation_block<|ref_end|><|rotate_up|>
<|box_start|>097 554 693 580<|box_end|><|ref_start|>equation<|ref_end|><|rotate_up|>
<|box_start|>186 582 753 599<|box_end|><|ref_start|>equation<|ref_end|><|rotate_up|>
<|box_start|>187 600 294 615<|box_end|><|ref_start|>equation<|ref_end|><|rotate_up|>
<|box_start|>173 617 875 646<|box_end|><|ref_start|>equation<|ref_end|><|rotate_up|>
<|box_start|>186 647 743 678<|box_end|><|ref_start|>equation<|ref_end|><|rotate_up|>
<|box_start|>173 680 688 707<|box_end|><|ref_start|>equation<|ref_end|><|rotate_up|>
<|box_start|>186 709 526 737<|box_end|><|ref_start|>equation<|ref_end|><|rotate_up|>
<|box_start|>186 739 743 770<|box_end|><|ref_start|>equation<|ref_end|><|rotate_up|>
<|box_start|>173 772 761 800<|box_end|><|ref_start|>equation<|ref_end|><|rotate_up|>
<|box_start|>186 801 484 830<|box_end|><|ref_start|>equation<|ref_end|><|rotate_up|>
<|box_start|>187 832 742 862<|box_end|><|ref_start|>equation<|ref_end|><|rotate_up|>
<|box_start|>085 874 887 909<|box_end|><|ref_start|>text<|ref_end|><|rotate_up|>
<|box_start|>478 924 497 935<|box_end|><|ref_start|>page_number<|ref_end|><|rotate_up|>
2026-08-06 12:01:46.082 | DEBUG    | mineru_vl_utils.mineru_client:parse_layout_output:239 - Layout raw output: 
<|box_start|>133 092 887 174<|box_end|><|ref_start|>list<|ref_end|><|rotate_up|>
<|box_start|>133 092 654 108<|box_end|><|ref_start|>text<|ref_end|><|rotate_up|>
<|box_start|>133 116 887 149<|box_end|><|ref_start|>text<|ref_end|><|rotate_up|>
<|box_start|>133 157 885 174<|box_end|><|ref_start|>text<|ref_end|><|rotate_up|>
<|box_start|>136 182 838 214<|box_end|><|ref_start|>text<|ref_end|><|rotate_up|>
<|box_start|>390 224 607 243<|box_end|><|ref_start|>equation<|ref_end|><|rotate_up|>
<|box_start|>112 253 462 269<|box_end|><|ref_start|>text<|ref_end|><|rotate_up|>
<|box_start|>112 277 886 310<|box_end|><|ref_start|>text<|ref_end|><|rotate_up|>
<|box_start|>230 321 766 340<|box_end|><|ref_start|>equation<|ref_end|><|rotate_up|>
<|box_start|>112 350 886 380<|box_end|><|ref_start|>text<|ref_end|><|rotate_up|>
<|box_start|>112 390 884 422<|box_end|><|ref_start|>text<|ref_end|><|rotate_up|>
<|box_start|>391 433 606 450<|box_end|><|ref_start|>equation<|ref_end|><|rotate_up|>
<|box_start|>867 461 884 473<|box_end|><|ref_start|>image<|ref_end|><|rotate_up|>
<|box_start|>112 485 884 517<|box_end|><|ref_start|>text<|ref_end|><|rotate_up|>
<|box_start|>112 525 912 571<|box_end|><|ref_start|>text<|ref_end|><|rotate_up|>
<|box_start|>128 586 868 624<|box_end|><|ref_start|>equation_block<|ref_end|><|rotate_up|>
<|box_start|>129 587 476 604<|box_end|><|ref_start|>equation<|ref_end|><|rotate_up|>
<|box_start|>395 606 868 623<|box_end|><|ref_start|>equation<|ref_end|><|rotate_up|>
<|box_start|>113 635 560 652<|box_end|><|ref_start|>text<|ref_end|><|rotate_up|>
<|box_start|>128 667 868 706<|box_end|><|ref_start|>equation_block<|ref_end|><|rotate_up|>
<|box_start|>128 667 823 686<|box_end|><|ref_start|>equation<|ref_end|><|rotate_up|>
<|box_start|>129 687 868 706<|box_end|><|ref_start|>equation<|ref_end|><|rotate_up|>
<|box_start|>113 716 682 731<|box_end|><|ref_start|>text<|ref_end|><|rotate_up|>
<|box_start|>113 741 884 757<|box_end|><|ref_start|>text<|ref_end|><|rotate_up|>
<|box_start|>112 766 887 844<|box_end|><|ref_start|>text<|ref_end|><|rotate_up|>
<|box_start|>112 851 785 870<|box_end|><|ref_start|>text<|ref_end|><|rotate_up|>
<|box_start|>494 936 505 948<|box_end|><|ref_start|>page_number<|ref_end|><|rotate_up|>
2026-08-06 12:01:46.083 | DEBUG    | mineru_vl_utils.mineru_client:parse_layout_output:239 - Layout raw output: 
<|box_start|>280 068 731 080<|box_end|><|ref_start|>header<|ref_end|><|rotate_up|>
<|box_start|>843 069 860 080<|box_end|><|ref_start|>page_number<|ref_end|><|rotate_up|>
<|box_start|>148 095 862 148<|box_end|><|ref_start|>text<|ref_end|><|rotate_up|>
<|box_start|>148 158 863 239<|box_end|><|ref_start|>text<|ref_end|><|rotate_up|>
<|box_start|>168 249 706 266<|box_end|><|ref_start|>text<|ref_end|><|rotate_up|>
<|box_start|>148 279 848 296<|box_end|><|ref_start|>text<|ref_end|><|rotate_up|>
<|box_start|>370 308 640 329<|box_end|><|ref_start|>equation<|ref_end|><|rotate_up|>
<|box_start|>149 344 779 363<|box_end|><|ref_start|>text<|ref_end|><|rotate_up|>
<|box_start|>168 375 841 472<|box_end|><|ref_start|>equation<|ref_end|><|rotate_up|>
<|box_start|>168 482 678 498<|box_end|><|ref_start|>text<|ref_end|><|rotate_up|>
<|box_start|>147 499 862 566<|box_end|><|ref_start|>text<|ref_end|><|rotate_up|>
<|box_start|>148 584 860 621<|box_end|><|ref_start|>text<|ref_end|><|rotate_up|>
<|box_start|>150 632 825 727<|box_end|><|ref_start|>equation<|ref_end|><|rotate_up|>
<|box_start|>150 737 454 754<|box_end|><|ref_start|>text<|ref_end|><|rotate_up|>
<|box_start|>269 766 741 890<|box_end|><|ref_start|>equation_block<|ref_end|><|rotate_up|>
<|box_start|>271 766 633 803<|box_end|><|ref_start|>equation<|ref_end|><|rotate_up|>
<|box_start|>309 806 741 845<|box_end|><|ref_start|>equation<|ref_end|><|rotate_up|>
<|box_start|>309 848 720 889<|box_end|><|ref_start|>equation<|ref_end|><|rotate_up|>
2026-08-06 12:01:46.083 | DEBUG    | mineru_vl_utils.mineru_client:parse_layout_output:239 - Layout raw output: 
<|box_start|>151 070 160 080<|box_end|><|ref_start|>page_number<|ref_end|><|rotate_up|>
<|box_start|>336 068 674 080<|box_end|><|ref_start|>header<|ref_end|><|rotate_up|>
<|box_start|>146 096 862 147<|box_end|><|ref_start|>text<|ref_end|><|rotate_up|>
<|box_start|>147 149 862 275<|box_end|><|ref_start|>text<|ref_end|><|rotate_up|>
<|box_start|>147 276 861 357<|box_end|><|ref_start|>text<|ref_end|><|rotate_up|>
<|box_start|>259 362 735 380<|box_end|><|ref_start|>equation<|ref_end|><|rotate_up|>
<|box_start|>263 394 750 413<|box_end|><|ref_start|>text<|ref_end|><|rotate_up|>
<|box_start|>147 418 313 433<|box_end|><|ref_start|>text<|ref_end|><|rotate_up|>
<|box_start|>368 433 641 480<|box_end|><|ref_start|>equation<|ref_end|><|rotate_up|>
<|box_start|>147 482 862 566<|box_end|><|ref_start|>text<|ref_end|><|rotate_up|>
<|box_start|>148 587 862 675<|box_end|><|ref_start|>text<|ref_end|><|rotate_up|>
<|box_start|>147 693 862 776<|box_end|><|ref_start|>text<|ref_end|><|rotate_up|>
<|box_start|>172 779 833 833<|box_end|><|ref_start|>equation<|ref_end|><|rotate_up|>
<|box_start|>148 836 862 892<|box_end|><|ref_start|>text<|ref_end|><|rotate_up|>
2026-08-06 12:01:46.084 | DEBUG    | mineru_vl_utils.mineru_client:parse_layout_output:239 - Layout raw output: 
<|box_start|>128 092 136 100<|box_end|><|ref_start|>page_number<|ref_end|><|rotate_up|>
<|box_start|>460 089 536 100<|box_end|><|ref_start|>header<|ref_end|><|rotate_up|>
<|box_start|>187 118 432 132<|box_end|><|ref_start|>text<|ref_end|><|rotate_up|>
<|box_start|>269 137 741 298<|box_end|><|ref_start|>equation_block<|ref_end|><|rotate_up|>
<|box_start|>270 137 382 152<|box_end|><|ref_start|>equation<|ref_end|><|rotate_up|>
<|box_start|>258 155 558 170<|box_end|><|ref_start|>equation<|ref_end|><|rotate_up|>
<|box_start|>258 173 673 188<|box_end|><|ref_start|>equation<|ref_end|><|rotate_up|>
<|box_start|>258 190 729 206<|box_end|><|ref_start|>equation<|ref_end|><|rotate_up|>
<|box_start|>273 209 733 224<|box_end|><|ref_start|>equation<|ref_end|><|rotate_up|>
<|box_start|>273 228 703 244<|box_end|><|ref_start|>equation<|ref_end|><|rotate_up|>
<|box_start|>258 246 740 262<|box_end|><|ref_start|>equation<|ref_end|><|rotate_up|>
<|box_start|>273 265 575 280<|box_end|><|ref_start|>equation<|ref_end|><|rotate_up|>
<|box_start|>273 283 580 298<|box_end|><|ref_start|>equation<|ref_end|><|rotate_up|>
<|box_start|>212 302 336 315<|box_end|><|ref_start|>text<|ref_end|><|rotate_up|>
<|box_start|>235 321 763 393<|box_end|><|ref_start|>equation_block<|ref_end|><|rotate_up|>
<|box_start|>248 321 377 338<|box_end|><|ref_start|>equation<|ref_end|><|rotate_up|>
<|box_start|>237 340 762 356<|box_end|><|ref_start|>equation<|ref_end|><|rotate_up|>
<|box_start|>252 358 608 374<|box_end|><|ref_start|>equation<|ref_end|><|rotate_up|>
<|box_start|>252 376 569 393<|box_end|><|ref_start|>equation<|ref_end|><|rotate_up|>
<|box_start|>214 396 241 408<|box_end|><|ref_start|>text<|ref_end|><|rotate_up|>
<|box_start|>257 415 741 484<|box_end|><|ref_start|>equation_block<|ref_end|><|rotate_up|>
<|box_start|>270 415 382 430<|box_end|><|ref_start|>equation<|ref_end|><|rotate_up|>
<|box_start|>258 432 740 448<|box_end|><|ref_start|>equation<|ref_end|><|rotate_up|>
<|box_start|>273 451 576 466<|box_end|><|ref_start|>equation<|ref_end|><|rotate_up|>
<|box_start|>273 469 582 484<|box_end|><|ref_start|>equation<|ref_end|><|rotate_up|>
<|box_start|>212 488 762 502<|box_end|><|ref_start|>text<|ref_end|><|rotate_up|>
<|box_start|>179 509 579 524<|box_end|><|ref_start|>text<|ref_end|><|rotate_up|>
<|box_start|>153 530 353 544<|box_end|><|ref_start|>text<|ref_end|><|rotate_up|>
<|box_start|>282 549 715 657<|box_end|><|ref_start|>equation_block<|ref_end|><|rotate_up|>
<|box_start|>296 550 408 565<|box_end|><|ref_start|>equation<|ref_end|><|rotate_up|>
<|box_start|>284 567 715 582<|box_end|><|ref_start|>equation<|ref_end|><|rotate_up|>
<|box_start|>284 585 650 600<|box_end|><|ref_start|>equation<|ref_end|><|rotate_up|>
<|box_start|>299 603 669 619<|box_end|><|ref_start|>equation<|ref_end|><|rotate_up|>
<|box_start|>299 622 574 638<|box_end|><|ref_start|>equation<|ref_end|><|rotate_up|>
<|box_start|>283 641 619 657<|box_end|><|ref_start|>equation<|ref_end|><|rotate_up|>
<|box_start|>178 661 797 677<|box_end|><|ref_start|>text<|ref_end|><|rotate_up|>
<|box_start|>152 682 871 710<|box_end|><|ref_start|>text<|ref_end|><|rotate_up|>
<|box_start|>125 718 280 731<|box_end|><|ref_start|>text<|ref_end|><|rotate_up|>
<|box_start|>124 747 873 789<|box_end|><|ref_start|>text<|ref_end|><|rotate_up|>
<|box_start|>125 802 871 829<|box_end|><|ref_start|>text<|ref_end|><|rotate_up|>
<|box_start|>152 837 871 916<|box_end|><|ref_start|>list<|ref_end|><|rotate_up|>
<|box_start|>152 837 867 853<|box_end|><|ref_start|>text<|ref_end|><|rotate_up|>
<|box_start|>152 858 871 874<|box_end|><|ref_start|>text<|ref_end|><|rotate_up|>
<|box_start|>152 879 871 894<|box_end|><|ref_start|>text<|ref_end|><|rotate_up|>
<|box_start|>152 900 860 916<|box_end|><|ref_start|>text<|ref_end|><|rotate_up|>
2026-08-06 12:01:46.084 | DEBUG    | mineru_vl_utils.mineru_client:parse_layout_output:239 - Layout raw output: 
<|box_start|>117 115 127 123<|box_end|><|ref_start|>page_number<|ref_end|><|rotate_up|>
<|box_start|>407 113 591 124<|box_end|><|ref_start|>header<|ref_end|><|rotate_up|>
<|box_start|>114 140 884 168<|box_end|><|ref_start|>text<|ref_end|><|rotate_up|>
<|box_start|>132 176 882 205<|box_end|><|ref_start|>equation<|ref_end|><|rotate_up|>
<|box_start|>114 214 396 228<|box_end|><|ref_start|>text<|ref_end|><|rotate_up|>
<|box_start|>114 246 585 261<|box_end|><|ref_start|>text<|ref_end|><|rotate_up|>
<|box_start|>223 269 882 286<|box_end|><|ref_start|>equation<|ref_end|><|rotate_up|>
<|box_start|>116 310 301 323<|box_end|><|ref_start|>text<|ref_end|><|rotate_up|>
<|box_start|>114 330 903 569<|box_end|><|ref_start|>equation_block<|ref_end|><|rotate_up|>
<|box_start|>116 332 405 348<|box_end|><|ref_start|>equation<|ref_end|><|rotate_up|>
<|box_start|>251 351 558 365<|box_end|><|ref_start|>equation<|ref_end|><|rotate_up|>
<|box_start|>268 368 576 383<|box_end|><|ref_start|>equation<|ref_end|><|rotate_up|>
<|box_start|>251 386 670 420<|box_end|><|ref_start|>equation<|ref_end|><|rotate_up|>
<|box_start|>268 423 901 451<|box_end|><|ref_start|>equation<|ref_end|><|rotate_up|>
<|box_start|>268 453 553 469<|box_end|><|ref_start|>equation<|ref_end|><|rotate_up|>
<|box_start|>268 472 753 500<|box_end|><|ref_start|>equation<|ref_end|><|rotate_up|>
<|box_start|>268 503 690 536<|box_end|><|ref_start|>equation<|ref_end|><|rotate_up|>
<|box_start|>267 540 876 568<|box_end|><|ref_start|>equation<|ref_end|><|rotate_up|>
<|box_start|>115 577 154 588<|box_end|><|ref_start|>text<|ref_end|><|rotate_up|>
<|box_start|>114 599 892 821<|box_end|><|ref_start|>equation_block<|ref_end|><|rotate_up|>
<|box_start|>116 599 385 615<|box_end|><|ref_start|>equation<|ref_end|><|rotate_up|>
<|box_start|>232 618 663 652<|box_end|><|ref_start|>equation<|ref_end|><|rotate_up|>
<|box_start|>247 655 862 683<|box_end|><|ref_start|>equation<|ref_end|><|rotate_up|>
<|box_start|>247 687 741 721<|box_end|><|ref_start|>equation<|ref_end|><|rotate_up|>
<|box_start|>247 725 741 758<|box_end|><|ref_start|>equation<|ref_end|><|rotate_up|>
<|box_start|>247 761 894 789<|box_end|><|ref_start|>equation<|ref_end|><|rotate_up|>
<|box_start|>247 792 887 820<|box_end|><|ref_start|>equation<|ref_end|><|rotate_up|>
<|box_start|>115 829 314 843<|box_end|><|ref_start|>text<|ref_end|><|rotate_up|>
<|box_start|>224 852 882 869<|box_end|><|ref_start|>equation<|ref_end|><|rotate_up|>
<|box_start|>115 877 331 890<|box_end|><|ref_start|>text<|ref_end|><|rotate_up|>
<|box_start|>867 877 882 888<|box_end|><|ref_start|>text<|ref_end|><|rotate_up|>
2026-08-06 12:01:46.085 | DEBUG    | mineru_vl_utils.mineru_client:parse_layout_output:239 - Layout raw output: 
<|box_start|>168 134 348 150<|box_end|><|ref_start|>equation<|ref_end|><|rotate_up|>
<|box_start|>104 164 538 180<|box_end|><|ref_start|>text<|ref_end|><|rotate_up|>
<|box_start|>152 189 586 211<|box_end|><|ref_start|>equation<|ref_end|><|rotate_up|>
<|box_start|>104 223 384 240<|box_end|><|ref_start|>text<|ref_end|><|rotate_up|>
<|box_start|>151 247 950 371<|box_end|><|ref_start|>equation_block<|ref_end|><|rotate_up|>
<|box_start|>152 248 741 281<|box_end|><|ref_start|>equation<|ref_end|><|rotate_up|>
<|box_start|>194 283 780 314<|box_end|><|ref_start|>equation<|ref_end|><|rotate_up|>
<|box_start|>194 317 946 352<|box_end|><|ref_start|>equation<|ref_end|><|rotate_up|>
<|box_start|>174 357 306 371<|box_end|><|ref_start|>equation<|ref_end|><|rotate_up|>
<|box_start|>104 382 895 416<|box_end|><|ref_start|>text<|ref_end|><|rotate_up|>
<|box_start|>151 426 964 589<|box_end|><|ref_start|>equation_block<|ref_end|><|rotate_up|>
<|box_start|>152 426 962 465<|box_end|><|ref_start|>equation<|ref_end|><|rotate_up|>
<|box_start|>189 466 876 505<|box_end|><|ref_start|>equation<|ref_end|><|rotate_up|>
<|box_start|>189 506 905 543<|box_end|><|ref_start|>equation<|ref_end|><|rotate_up|>
<|box_start|>189 546 725 566<|box_end|><|ref_start|>equation<|ref_end|><|rotate_up|>
<|box_start|>190 569 271 587<|box_end|><|ref_start|>equation<|ref_end|><|rotate_up|>
<|box_start|>104 601 427 618<|box_end|><|ref_start|>text<|ref_end|><|rotate_up|>
<|box_start|>152 629 460 648<|box_end|><|ref_start|>equation<|ref_end|><|rotate_up|>
<|box_start|>104 661 264 676<|box_end|><|ref_start|>text<|ref_end|><|rotate_up|>
<|box_start|>153 689 264 708<|box_end|><|ref_start|>equation<|ref_end|><|rotate_up|>
<|box_start|>104 722 214 736<|box_end|><|ref_start|>text<|ref_end|><|rotate_up|>
<|box_start|>153 749 895 769<|box_end|><|ref_start|>equation<|ref_end|><|rotate_up|>
<|box_start|>103 781 352 797<|box_end|><|ref_start|>text<|ref_end|><|rotate_up|>
<|box_start|>152 809 914 874<|box_end|><|ref_start|>equation_block<|ref_end|><|rotate_up|>
<|box_start|>167 810 469 829<|box_end|><|ref_start|>equation<|ref_end|><|rotate_up|>
<|box_start|>156 832 696 851<|box_end|><|ref_start|>equation<|ref_end|><|rotate_up|>
<|box_start|>156 854 912 873<|box_end|><|ref_start|>equation<|ref_end|><|rotate_up|>
<|box_start|>488 878 510 891<|box_end|><|ref_start|>page_number<|ref_end|><|rotate_up|>
2026-08-06 12:01:46.085 | DEBUG    | mineru_vl_utils.mineru_client:parse_layout_output:239 - Layout raw output: 
<|box_start|>201 145 796 227<|box_end|><|ref_start|>text<|ref_end|><|rotate_up|>
<|box_start|>201 229 797 289<|box_end|><|ref_start|>text<|ref_end|><|rotate_up|>
<|box_start|>202 307 799 412<|box_end|><|ref_start|>text<|ref_end|><|rotate_up|>
<|box_start|>368 426 630 457<|box_end|><|ref_start|>equation<|ref_end|><|rotate_up|>
<|box_start|>202 469 613 488<|box_end|><|ref_start|>title<|ref_end|><|rotate_up|>
<|box_start|>201 491 795 552<|box_end|><|ref_start|>text<|ref_end|><|rotate_up|>
<|box_start|>221 555 683 573<|box_end|><|ref_start|>text<|ref_end|><|rotate_up|>
<|box_start|>204 584 825 751<|box_end|><|ref_start|>equation_block<|ref_end|><|rotate_up|>
<|box_start|>204 584 762 620<|box_end|><|ref_start|>equation<|ref_end|><|rotate_up|>
<|box_start|>282 640 641 667<|box_end|><|ref_start|>image<|ref_end|><|rotate_up|>
<|box_start|>209 684 825 751<|box_end|><|ref_start|>equation<|ref_end|><|rotate_up|>
<|box_start|>201 761 798 886<|box_end|><|ref_start|>text<|ref_end|><|rotate_up|>
<|box_start|>491 887 509 898<|box_end|><|ref_start|>page_number<|ref_end|><|rotate_up|>
2026-08-06 12:01:46.086 | DEBUG    | mineru_vl_utils.mineru_client:parse_layout_output:239 - Layout raw output: 
<|box_start|>354 064 645 075<|box_end|><|ref_start|>header<|ref_end|><|rotate_up|>
<|box_start|>868 065 883 074<|box_end|><|ref_start|>page_number<|ref_end|><|rotate_up|>
<|box_start|>132 089 569 115<|box_end|><|ref_start|>text<|ref_end|><|rotate_up|>
<|box_start|>112 124 909 274<|box_end|><|ref_start|>equation_block<|ref_end|><|rotate_up|>
<|box_start|>149 126 907 162<|box_end|><|ref_start|>equation<|ref_end|><|rotate_up|>
<|box_start|>117 164 823 198<|box_end|><|ref_start|>equation<|ref_end|><|rotate_up|>
<|box_start|>134 201 852 235<|box_end|><|ref_start|>equation<|ref_end|><|rotate_up|>
<|box_start|>134 238 768 272<|box_end|><|ref_start|>equation<|ref_end|><|rotate_up|>
<|box_start|>132 282 566 297<|box_end|><|ref_start|>text<|ref_end|><|rotate_up|>
<|box_start|>423 309 573 326<|box_end|><|ref_start|>equation<|ref_end|><|rotate_up|>
<|box_start|>113 337 170 351<|box_end|><|ref_start|>text<|ref_end|><|rotate_up|>
<|box_start|>116 363 578 383<|box_end|><|ref_start|>equation<|ref_end|><|rotate_up|>
<|box_start|>132 393 706 408<|box_end|><|ref_start|>text<|ref_end|><|rotate_up|>
<|box_start|>112 408 884 440<|box_end|><|ref_start|>text<|ref_end|><|rotate_up|>
<|box_start|>197 452 799 489<|box_end|><|ref_start|>equation<|ref_end|><|rotate_up|>
<|box_start|>112 510 569 525<|box_end|><|ref_start|>text<|ref_end|><|rotate_up|>
<|box_start|>128 539 868 612<|box_end|><|ref_start|>equation_block<|ref_end|><|rotate_up|>
<|box_start|>130 539 501 574<|box_end|><|ref_start|>equation<|ref_end|><|rotate_up|>
<|box_start|>428 577 867 611<|box_end|><|ref_start|>equation<|ref_end|><|rotate_up|>
<|box_start|>112 623 881 660<|box_end|><|ref_start|>text<|ref_end|><|rotate_up|>
<|box_start|>116 671 677 706<|box_end|><|ref_start|>equation<|ref_end|><|rotate_up|>
<|box_start|>113 715 526 730<|box_end|><|ref_start|>text<|ref_end|><|rotate_up|>
<|box_start|>196 741 796 809<|box_end|><|ref_start|>equation_block<|ref_end|><|rotate_up|>
<|box_start|>198 741 653 773<|box_end|><|ref_start|>equation<|ref_end|><|rotate_up|>
<|box_start|>305 777 796 808<|box_end|><|ref_start|>equation<|ref_end|><|rotate_up|>
<|box_start|>113 819 536 835<|box_end|><|ref_start|>text<|ref_end|><|rotate_up|>
<|box_start|>116 845 862 915<|box_end|><|ref_start|>equation_block<|ref_end|><|rotate_up|>
<|box_start|>116 845 834 887<|box_end|><|ref_start|>equation<|ref_end|><|rotate_up|>
<|box_start|>270 881 862 915<|box_end|><|ref_start|>equation<|ref_end|><|rotate_up|>
2026-08-06 12:01:46.086 | DEBUG    | mineru_vl_utils.mineru_client:parse_layout_output:239 - Layout raw output: 
<|box_start|>153 104 895 200<|box_end|><|ref_start|>equation_block<|ref_end|><|rotate_up|>
<|box_start|>154 104 806 151<|box_end|><|ref_start|>equation<|ref_end|><|rotate_up|>
<|box_start|>191 152 892 200<|box_end|><|ref_start|>equation<|ref_end|><|rotate_up|>
<|box_start|>067 228 417 244<|box_end|><|ref_start|>text<|ref_end|><|rotate_up|>
<|box_start|>114 259 462 288<|box_end|><|ref_start|>equation<|ref_end|><|rotate_up|>
<|box_start|>067 303 149 318<|box_end|><|ref_start|>text<|ref_end|><|rotate_up|>
<|box_start|>068 334 462 379<|box_end|><|ref_start|>equation<|ref_end|><|rotate_up|>
<|box_start|>067 380 462 407<|box_end|><|ref_start|>text<|ref_end|><|rotate_up|>
<|box_start|>068 407 462 436<|box_end|><|ref_start|>text<|ref_end|><|rotate_up|>
<|box_start|>092 453 462 474<|box_end|><|ref_start|>equation<|ref_end|><|rotate_up|>
<|box_start|>067 489 417 506<|box_end|><|ref_start|>text<|ref_end|><|rotate_up|>
<|box_start|>116 522 462 550<|box_end|><|ref_start|>equation<|ref_end|><|rotate_up|>
<|box_start|>067 565 148 580<|box_end|><|ref_start|>text<|ref_end|><|rotate_up|>
<|box_start|>071 597 462 643<|box_end|><|ref_start|>equation<|ref_end|><|rotate_up|>
<|box_start|>067 642 462 671<|box_end|><|ref_start|>text<|ref_end|><|rotate_up|>
<|box_start|>067 708 259 723<|box_end|><|ref_start|>title<|ref_end|><|rotate_up|>
<|box_start|>067 764 462 807<|box_end|><|ref_start|>text<|ref_end|><|rotate_up|>
<|box_start|>067 823 462 867<|box_end|><|ref_start|>text<|ref_end|><|rotate_up|>
<|box_start|>184 883 462 906<|box_end|><|ref_start|>equation<|ref_end|><|rotate_up|>
<|box_start|>498 228 530 241<|box_end|><|ref_start|>text<|ref_end|><|rotate_up|>
<|box_start|>514 255 892 311<|box_end|><|ref_start|>equation<|ref_end|><|rotate_up|>
<|box_start|>497 324 892 354<|box_end|><|ref_start|>text<|ref_end|><|rotate_up|>
<|box_start|>539 369 892 410<|box_end|><|ref_start|>equation<|ref_end|><|rotate_up|>
<|box_start|>497 424 796 439<|box_end|><|ref_start|>text<|ref_end|><|rotate_up|>
<|box_start|>548 454 892 487<|box_end|><|ref_start|>equation<|ref_end|><|rotate_up|>
<|box_start|>497 501 687 516<|box_end|><|ref_start|>text<|ref_end|><|rotate_up|>
<|box_start|>582 529 892 612<|box_end|><|ref_start|>equation_block<|ref_end|><|rotate_up|>
<|box_start|>582 529 758 548<|box_end|><|ref_start|>equation<|ref_end|><|rotate_up|>
<|box_start|>632 551 809 581<|box_end|><|ref_start|>equation<|ref_end|><|rotate_up|>
<|box_start|>633 583 892 612<|box_end|><|ref_start|>equation<|ref_end|><|rotate_up|>
<|box_start|>497 626 706 641<|box_end|><|ref_start|>text<|ref_end|><|rotate_up|>
<|box_start|>620 655 892 689<|box_end|><|ref_start|>equation<|ref_end|><|rotate_up|>
<|box_start|>497 701 707 717<|box_end|><|ref_start|>text<|ref_end|><|rotate_up|>
<|box_start|>521 730 892 784<|box_end|><|ref_start|>equation_block<|ref_end|><|rotate_up|>
<|box_start|>521 730 892 747<|box_end|><|ref_start|>equation<|ref_end|><|rotate_up|>
<|box_start|>565 749 871 784<|box_end|><|ref_start|>equation<|ref_end|><|rotate_up|>
<|box_start|>497 797 892 853<|box_end|><|ref_start|>text<|ref_end|><|rotate_up|>
<|box_start|>546 865 892 907<|box_end|><|ref_start|>equation_block<|ref_end|><|rotate_up|>
<|box_start|>546 865 845 888<|box_end|><|ref_start|>equation<|ref_end|><|rotate_up|>
<|box_start|>609 889 892 907<|box_end|><|ref_start|>equation<|ref_end|><|rotate_up|>
<|box_start|>469 946 488 958<|box_end|><|ref_start|>page_number<|ref_end|><|rotate_up|>
2026-08-06 12:01:46.087 | DEBUG    | mineru_vl_utils.mineru_client:parse_layout_output:239 - Layout raw output: 
<|box_start|>354 066 692 079<|box_end|><|ref_start|>header<|ref_end|><|rotate_up|>
<|box_start|>887 068 906 078<|box_end|><|ref_start|>page_number<|ref_end|><|rotate_up|>
<|box_start|>137 092 908 143<|box_end|><|ref_start|>text<|ref_end|><|rotate_up|>
<|box_start|>137 158 773 175<|box_end|><|ref_start|>text<|ref_end|><|rotate_up|>
<|box_start|>164 179 699 196<|box_end|><|ref_start|>text<|ref_end|><|rotate_up|>
<|box_start|>164 196 616 213<|box_end|><|ref_start|>text<|ref_end|><|rotate_up|>
<|box_start|>164 179 699 213<|box_end|><|ref_start|>list<|ref_end|><|rotate_up|>
<|box_start|>137 217 907 284<|box_end|><|ref_start|>text<|ref_end|><|rotate_up|>
<|box_start|>137 284 906 335<|box_end|><|ref_start|>text<|ref_end|><|rotate_up|>
<|box_start|>223 341 820 362<|box_end|><|ref_start|>equation<|ref_end|><|rotate_up|>
<|box_start|>138 370 715 387<|box_end|><|ref_start|>text<|ref_end|><|rotate_up|>
<|box_start|>226 395 819 433<|box_end|><|ref_start|>equation<|ref_end|><|rotate_up|>
<|box_start|>137 441 907 474<|box_end|><|ref_start|>text<|ref_end|><|rotate_up|>
<|box_start|>345 483 699 502<|box_end|><|ref_start|>equation<|ref_end|><|rotate_up|>
<|box_start|>137 510 907 577<|box_end|><|ref_start|>text<|ref_end|><|rotate_up|>
<|box_start|>157 577 773 594<|box_end|><|ref_start|>text<|ref_end|><|rotate_up|>
<|box_start|>174 601 868 621<|box_end|><|ref_start|>equation<|ref_end|><|rotate_up|>
<|box_start|>137 629 906 664<|box_end|><|ref_start|>text<|ref_end|><|rotate_up|>
<|box_start|>137 674 907 729<|box_end|><|ref_start|>text<|ref_end|><|rotate_up|>
<|box_start|>192 735 852 756<|box_end|><|ref_start|>equation<|ref_end|><|rotate_up|>
<|box_start|>137 763 907 816<|box_end|><|ref_start|>text<|ref_end|><|rotate_up|>
<|box_start|>138 823 906 844<|box_end|><|ref_start|>equation<|ref_end|><|rotate_up|>
<|box_start|>138 851 624 868<|box_end|><|ref_start|>text<|ref_end|><|rotate_up|>
<|box_start|>137 878 845 896<|box_end|><|ref_start|>text<|ref_end|><|rotate_up|>
<|box_start|>139 905 871 923<|box_end|><|ref_start|>text<|ref_end|><|rotate_up|>
<|box_start|>887 906 906 921<|box_end|><|ref_start|>text<|ref_end|><|rotate_up|>
2026-08-06 12:01:46.087 | DEBUG    | mineru_vl_utils.mineru_client:parse_layout_output:239 - Layout raw output: 
<|box_start|>244 089 756 104<|box_end|><|ref_start|>header<|ref_end|><|rotate_up|>
<|box_start|>848 091 867 102<|box_end|><|ref_start|>page_number<|ref_end|><|rotate_up|>
<|box_start|>130 117 869 155<|box_end|><|ref_start|>text<|ref_end|><|rotate_up|>
<|box_start|>134 174 862 527<|box_end|><|ref_start|>equation_block<|ref_end|><|rotate_up|>
<|box_start|>139 176 636 226<|box_end|><|ref_start|>equation<|ref_end|><|rotate_up|>
<|box_start|>164 230 780 288<|box_end|><|ref_start|>equation<|ref_end|><|rotate_up|>
<|box_start|>204 291 476 341<|box_end|><|ref_start|>equation<|ref_end|><|rotate_up|>
<|box_start|>165 344 846 402<|box_end|><|ref_start|>equation<|ref_end|><|rotate_up|>
<|box_start|>204 404 672 464<|box_end|><|ref_start|>equation<|ref_end|><|rotate_up|>
<|box_start|>165 467 860 525<|box_end|><|ref_start|>equation<|ref_end|><|rotate_up|>
<|box_start|>131 570 492 589<|box_end|><|ref_start|>text<|ref_end|><|rotate_up|>
<|box_start|>149 609 849 916<|box_end|><|ref_start|>equation_block<|ref_end|><|rotate_up|>
<|box_start|>154 610 591 664<|box_end|><|ref_start|>equation<|ref_end|><|rotate_up|>
<|box_start|>198 667 768 730<|box_end|><|ref_start|>equation<|ref_end|><|rotate_up|>
<|box_start|>179 734 591 786<|box_end|><|ref_start|>equation<|ref_end|><|rotate_up|>
<|box_start|>179 790 845 854<|box_end|><|ref_start|>equation<|ref_end|><|rotate_up|>
<|box_start|>179 858 709 915<|box_end|><|ref_start|>equation<|ref_end|><|rotate_up|>
2026-08-06 12:01:46.088 | DEBUG    | mineru_vl_utils.mineru_client:parse_layout_output:239 - Layout raw output: 
<|box_start|>110 064 135 078<|box_end|><|ref_start|>text<|ref_end|><|rotate_up|>
<|box_start|>149 086 852 282<|box_end|><|ref_start|>equation_block<|ref_end|><|rotate_up|>
<|box_start|>161 086 855 183<|box_end|><|ref_start|>equation<|ref_end|><|rotate_up|>
<|box_start|>149 185 850 282<|box_end|><|ref_start|>equation<|ref_end|><|rotate_up|>
<|box_start|>108 289 888 338<|box_end|><|ref_start|>text<|ref_end|><|rotate_up|>
<|box_start|>108 339 888 386<|box_end|><|ref_start|>text<|ref_end|><|rotate_up|>
<|box_start|>108 387 889 435<|box_end|><|ref_start|>text<|ref_end|><|rotate_up|>
<|box_start|>109 436 888 510<|box_end|><|ref_start|>text<|ref_end|><|rotate_up|>
<|box_start|>109 510 400 529<|box_end|><|ref_start|>text<|ref_end|><|rotate_up|>
<|box_start|>289 538 713 692<|box_end|><|ref_start|>equation_block<|ref_end|><|rotate_up|>
<|box_start|>289 538 713 613<|box_end|><|ref_start|>equation<|ref_end|><|rotate_up|>
<|box_start|>309 616 710 692<|box_end|><|ref_start|>equation<|ref_end|><|rotate_up|>
<|box_start|>108 701 888 752<|box_end|><|ref_start|>text<|ref_end|><|rotate_up|>
<|box_start|>108 760 888 793<|box_end|><|ref_start|>text<|ref_end|><|rotate_up|>
<|box_start|>109 814 312 836<|box_end|><|ref_start|>title<|ref_end|><|rotate_up|>
<|box_start|>108 846 889 908<|box_end|><|ref_start|>text<|ref_end|><|rotate_up|>
<|box_start|>490 930 511 942<|box_end|><|ref_start|>page_number<|ref_end|><|rotate_up|>
2026-08-06 12:01:46.088 | DEBUG    | mineru_vl_utils.mineru_client:parse_layout_output:239 - Layout raw output: 
<|box_start|>090 079 110 091<|box_end|><|ref_start|>page_number<|ref_end|><|rotate_up|>
<|box_start|>436 078 564 092<|box_end|><|ref_start|>header<|ref_end|><|rotate_up|>
<|box_start|>086 106 912 145<|box_end|><|ref_start|>text<|ref_end|><|rotate_up|>
<|box_start|>330 157 668 185<|box_end|><|ref_start|>equation<|ref_end|><|rotate_up|>
<|box_start|>087 196 912 237<|box_end|><|ref_start|>text<|ref_end|><|rotate_up|>
<|box_start|>288 249 710 277<|box_end|><|ref_start|>equation<|ref_end|><|rotate_up|>
<|box_start|>087 289 912 330<|box_end|><|ref_start|>text<|ref_end|><|rotate_up|>
<|box_start|>088 343 630 362<|box_end|><|ref_start|>text<|ref_end|><|rotate_up|>
<|box_start|>150 373 849 430<|box_end|><|ref_start|>equation<|ref_end|><|rotate_up|>
<|box_start|>087 441 912 555<|box_end|><|ref_start|>text<|ref_end|><|rotate_up|>
<|box_start|>087 567 912 645<|box_end|><|ref_start|>text<|ref_end|><|rotate_up|>
<|box_start|>087 656 618 675<|box_end|><|ref_start|>text<|ref_end|><|rotate_up|>
<|box_start|>300 685 697 711<|box_end|><|ref_start|>equation<|ref_end|><|rotate_up|>
<|box_start|>088 721 434 746<|box_end|><|ref_start|>text<|ref_end|><|rotate_up|>
<|box_start|>088 755 454 773<|box_end|><|ref_start|>text<|ref_end|><|rotate_up|>
<|box_start|>321 784 677 811<|box_end|><|ref_start|>equation<|ref_end|><|rotate_up|>
<|box_start|>087 823 912 900<|box_end|><|ref_start|>text<|ref_end|><|rotate_up|>
2026-08-06 12:01:46.088 | DEBUG    | mineru_vl_utils.mineru_client:parse_layout_output:239 - Layout raw output: 
<|box_start|>116 086 881 130<|box_end|><|ref_start|>text<|ref_end|><|rotate_up|>
<|box_start|>115 132 881 180<|box_end|><|ref_start|>text<|ref_end|><|rotate_up|>
<|box_start|>116 182 881 217<|box_end|><|ref_start|>text<|ref_end|><|rotate_up|>
<|box_start|>131 224 884 320<|box_end|><|ref_start|>equation_block<|ref_end|><|rotate_up|>
<|box_start|>136 226 462 247<|box_end|><|ref_start|>equation<|ref_end|><|rotate_up|>
<|box_start|>254 249 882 319<|box_end|><|ref_start|>equation<|ref_end|><|rotate_up|>
<|box_start|>115 322 881 351<|box_end|><|ref_start|>text<|ref_end|><|rotate_up|>
<|box_start|>116 355 881 370<|box_end|><|ref_start|>text<|ref_end|><|rotate_up|>
<|box_start|>182 375 882 423<|box_end|><|ref_start|>equation<|ref_end|><|rotate_up|>
<|box_start|>116 428 881 457<|box_end|><|ref_start|>text<|ref_end|><|rotate_up|>
<|box_start|>324 462 881 482<|box_end|><|ref_start|>equation<|ref_end|><|rotate_up|>
<|box_start|>115 486 881 530<|box_end|><|ref_start|>text<|ref_end|><|rotate_up|>
<|box_start|>142 530 678 545<|box_end|><|ref_start|>text<|ref_end|><|rotate_up|>
<|box_start|>116 549 232 562<|box_end|><|ref_start|>title<|ref_end|><|rotate_up|>
<|box_start|>158 567 882 606<|box_end|><|ref_start|>equation<|ref_end|><|rotate_up|>
<|box_start|>116 611 163 623<|box_end|><|ref_start|>text<|ref_end|><|rotate_up|>
<|box_start|>351 621 881 670<|box_end|><|ref_start|>equation<|ref_end|><|rotate_up|>
<|box_start|>116 678 727 701<|box_end|><|ref_start|>text<|ref_end|><|rotate_up|>
<|box_start|>117 706 625 722<|box_end|><|ref_start|>text<|ref_end|><|rotate_up|>
<|box_start|>131 729 884 865<|box_end|><|ref_start|>equation_block<|ref_end|><|rotate_up|>
<|box_start|>136 732 707 773<|box_end|><|ref_start|>equation<|ref_end|><|rotate_up|>
<|box_start|>176 777 829 816<|box_end|><|ref_start|>equation<|ref_end|><|rotate_up|>
<|box_start|>207 819 796 837<|box_end|><|ref_start|>equation<|ref_end|><|rotate_up|>
<|box_start|>507 838 880 863<|box_end|><|ref_start|>equation<|ref_end|><|rotate_up|>
<|box_start|>136 869 501 882<|box_end|><|ref_start|>page_footnote<|ref_end|><|rotate_up|>
<|box_start|>494 905 505 916<|box_end|><|ref_start|>page_number<|ref_end|><|rotate_up|>
2026-08-06 12:01:46.089 | DEBUG    | mineru_vl_utils.mineru_client:parse_layout_output:239 - Layout raw output: 
<|box_start|>112 091 666 113<|box_end|><|ref_start|>text<|ref_end|><|rotate_up|>
<|box_start|>214 129 887 212<|box_end|><|ref_start|>equation_block<|ref_end|><|rotate_up|>
<|box_start|>218 132 491 165<|box_end|><|ref_start|>equation<|ref_end|><|rotate_up|>
<|box_start|>244 167 882 209<|box_end|><|ref_start|>equation<|ref_end|><|rotate_up|>
<|box_start|>113 223 732 243<|box_end|><|ref_start|>text<|ref_end|><|rotate_up|>
<|box_start|>160 264 887 367<|box_end|><|ref_start|>equation_block<|ref_end|><|rotate_up|>
<|box_start|>166 268 454 298<|box_end|><|ref_start|>equation<|ref_end|><|rotate_up|>
<|box_start|>189 304 884 364<|box_end|><|ref_start|>equation<|ref_end|><|rotate_up|>
<|box_start|>113 383 879 404<|box_end|><|ref_start|>text<|ref_end|><|rotate_up|>
<|box_start|>164 420 884 692<|box_end|><|ref_start|>equation_block<|ref_end|><|rotate_up|>
<|box_start|>169 424 831 459<|box_end|><|ref_start|>equation<|ref_end|><|rotate_up|>
<|box_start|>193 468 794 499<|box_end|><|ref_start|>equation<|ref_end|><|rotate_up|>
<|box_start|>211 509 819 540<|box_end|><|ref_start|>equation<|ref_end|><|rotate_up|>
<|box_start|>192 550 682 575<|box_end|><|ref_start|>equation<|ref_end|><|rotate_up|>
<|box_start|>211 581 632 615<|box_end|><|ref_start|>equation<|ref_end|><|rotate_up|>
<|box_start|>191 625 682 651<|box_end|><|ref_start|>equation<|ref_end|><|rotate_up|>
<|box_start|>211 657 882 690<|box_end|><|ref_start|>equation<|ref_end|><|rotate_up|>
<|box_start|>112 708 534 729<|box_end|><|ref_start|>text<|ref_end|><|rotate_up|>
<|box_start|>111 735 885 790<|box_end|><|ref_start|>text<|ref_end|><|rotate_up|>
<|box_start|>266 806 884 893<|box_end|><|ref_start|>equation_block<|ref_end|><|rotate_up|>
<|box_start|>286 806 731 839<|box_end|><|ref_start|>equation<|ref_end|><|rotate_up|>
<|box_start|>267 839 882 892<|box_end|><|ref_start|>equation<|ref_end|><|rotate_up|>
<|box_start|>488 934 510 949<|box_end|><|ref_start|>page_number<|ref_end|><|rotate_up|>
2026-08-06 12:01:46.089 | DEBUG    | mineru_vl_utils.mineru_client:parse_layout_output:239 - Layout raw output: 
<|box_start|>332 064 669 075<|box_end|><|ref_start|>header<|ref_end|><|rotate_up|>
<|box_start|>869 065 883 074<|box_end|><|ref_start|>page_number<|ref_end|><|rotate_up|>
<|box_start|>113 092 355 107<|box_end|><|ref_start|>text<|ref_end|><|rotate_up|>
<|box_start|>112 118 884 135<|box_end|><|ref_start|>text<|ref_end|><|rotate_up|>
<|box_start|>321 143 388 160<|box_end|><|ref_start|>equation<|ref_end|><|rotate_up|>
<|box_start|>591 143 675 160<|box_end|><|ref_start|>equation<|ref_end|><|rotate_up|>
<|box_start|>113 172 697 188<|box_end|><|ref_start|>text<|ref_end|><|rotate_up|>
<|box_start|>214 197 886 239<|box_end|><|ref_start|>equation<|ref_end|><|rotate_up|>
<|box_start|>216 240 884 279<|box_end|><|ref_start|>equation<|ref_end|><|rotate_up|>
<|box_start|>216 281 884 322<|box_end|><|ref_start|>equation<|ref_end|><|rotate_up|>
<|box_start|>216 323 884 363<|box_end|><|ref_start|>equation<|ref_end|><|rotate_up|>
<|box_start|>113 371 376 385<|box_end|><|ref_start|>text<|ref_end|><|rotate_up|>
<|box_start|>112 385 884 415<|box_end|><|ref_start|>text<|ref_end|><|rotate_up|>
<|box_start|>112 416 884 446<|box_end|><|ref_start|>text<|ref_end|><|rotate_up|>
<|box_start|>112 446 884 490<|box_end|><|ref_start|>text<|ref_end|><|rotate_up|>
<|box_start|>112 490 884 521<|box_end|><|ref_start|>text<|ref_end|><|rotate_up|>
<|box_start|>114 530 884 771<|box_end|><|ref_start|>equation_block<|ref_end|><|rotate_up|>
<|box_start|>115 530 677 578<|box_end|><|ref_start|>equation<|ref_end|><|rotate_up|>
<|box_start|>117 580 720 628<|box_end|><|ref_start|>equation<|ref_end|><|rotate_up|>
<|box_start|>117 631 422 670<|box_end|><|ref_start|>equation<|ref_end|><|rotate_up|>
<|box_start|>117 672 882 720<|box_end|><|ref_start|>equation<|ref_end|><|rotate_up|>
<|box_start|>117 722 884 771<|box_end|><|ref_start|>equation<|ref_end|><|rotate_up|>
<|box_start|>113 780 510 796<|box_end|><|ref_start|>text<|ref_end|><|rotate_up|>
<|box_start|>114 805 880 915<|box_end|><|ref_start|>equation_block<|ref_end|><|rotate_up|>
<|box_start|>115 805 623 857<|box_end|><|ref_start|>equation<|ref_end|><|rotate_up|>
<|box_start|>150 860 880 915<|box_end|><|ref_start|>equation<|ref_end|><|rotate_up|>
2026-08-06 12:01:46.090 | DEBUG    | mineru_vl_utils.mineru_client:parse_layout_output:239 - Layout raw output: 
<|box_start|>116 065 131 075<|box_end|><|ref_start|>page_number<|ref_end|><|rotate_up|>
<|box_start|>360 064 638 075<|box_end|><|ref_start|>header<|ref_end|><|rotate_up|>
<|box_start|>226 088 791 239<|box_end|><|ref_start|>equation_block<|ref_end|><|rotate_up|>
<|box_start|>226 088 791 125<|box_end|><|ref_start|>equation<|ref_end|><|rotate_up|>
<|box_start|>226 127 730 163<|box_end|><|ref_start|>equation<|ref_end|><|rotate_up|>
<|box_start|>226 165 570 200<|box_end|><|ref_start|>equation<|ref_end|><|rotate_up|>
<|box_start|>226 202 562 238<|box_end|><|ref_start|>equation<|ref_end|><|rotate_up|>
<|box_start|>112 244 708 261<|box_end|><|ref_start|>text<|ref_end|><|rotate_up|>
<|box_start|>197 266 800 299<|box_end|><|ref_start|>equation<|ref_end|><|rotate_up|>
<|box_start|>113 304 445 319<|box_end|><|ref_start|>text<|ref_end|><|rotate_up|>
<|box_start|>307 324 692 422<|box_end|><|ref_start|>equation_block<|ref_end|><|rotate_up|>
<|box_start|>308 324 574 360<|box_end|><|ref_start|>equation<|ref_end|><|rotate_up|>
<|box_start|>315 361 690 382<|box_end|><|ref_start|>equation<|ref_end|><|rotate_up|>
<|box_start|>331 385 642 421<|box_end|><|ref_start|>equation<|ref_end|><|rotate_up|>
<|box_start|>112 426 850 441<|box_end|><|ref_start|>text<|ref_end|><|rotate_up|>
<|box_start|>285 446 885 504<|box_end|><|ref_start|>equation_block<|ref_end|><|rotate_up|>
<|box_start|>285 446 713 481<|box_end|><|ref_start|>equation<|ref_end|><|rotate_up|>
<|box_start|>291 482 884 503<|box_end|><|ref_start|>equation<|ref_end|><|rotate_up|>
<|box_start|>133 510 412 527<|box_end|><|ref_start|>text<|ref_end|><|rotate_up|>
<|box_start|>164 532 832 915<|box_end|><|ref_start|>equation_block<|ref_end|><|rotate_up|>
<|box_start|>166 533 408 565<|box_end|><|ref_start|>equation<|ref_end|><|rotate_up|>
<|box_start|>206 566 560 597<|box_end|><|ref_start|>equation<|ref_end|><|rotate_up|>
<|box_start|>206 599 569 630<|box_end|><|ref_start|>equation<|ref_end|><|rotate_up|>
<|box_start|>206 632 576 663<|box_end|><|ref_start|>equation<|ref_end|><|rotate_up|>
<|box_start|>206 665 541 696<|box_end|><|ref_start|>equation<|ref_end|><|rotate_up|>
<|box_start|>206 698 546 729<|box_end|><|ref_start|>equation<|ref_end|><|rotate_up|>
<|box_start|>206 731 543 762<|box_end|><|ref_start|>equation<|ref_end|><|rotate_up|>
<|box_start|>206 764 660 795<|box_end|><|ref_start|>equation<|ref_end|><|rotate_up|>
<|box_start|>206 797 574 828<|box_end|><|ref_start|>equation<|ref_end|><|rotate_up|>
<|box_start|>206 831 819 871<|box_end|><|ref_start|>equation<|ref_end|><|rotate_up|>
<|box_start|>205 874 830 915<|box_end|><|ref_start|>equation<|ref_end|><|rotate_up|>
2026-08-06 12:01:46.090 | DEBUG    | mineru_vl_utils.mineru_client:parse_layout_output:239 - Layout raw output: 
<|box_start|>361 085 613 108<|box_end|><|ref_start|>equation<|ref_end|><|rotate_up|>
<|box_start|>228 111 825 142<|box_end|><|ref_start|>equation<|ref_end|><|rotate_up|>
<|box_start|>228 144 826 175<|box_end|><|ref_start|>equation<|ref_end|><|rotate_up|>
<|box_start|>117 188 266 202<|box_end|><|ref_start|>text<|ref_end|><|rotate_up|>
<|box_start|>431 215 568 234<|box_end|><|ref_start|>equation<|ref_end|><|rotate_up|>
<|box_start|>116 245 438 262<|box_end|><|ref_start|>text<|ref_end|><|rotate_up|>
<|box_start|>149 273 850 303<|box_end|><|ref_start|>equation<|ref_end|><|rotate_up|>
<|box_start|>473 304 737 323<|box_end|><|ref_start|>equation<|ref_end|><|rotate_up|>
<|box_start|>299 326 850 355<|box_end|><|ref_start|>equation<|ref_end|><|rotate_up|>
<|box_start|>187 357 850 391<|box_end|><|ref_start|>equation<|ref_end|><|rotate_up|>
<|box_start|>377 393 850 424<|box_end|><|ref_start|>equation<|ref_end|><|rotate_up|>
<|box_start|>329 428 850 459<|box_end|><|ref_start|>equation<|ref_end|><|rotate_up|>
<|box_start|>116 471 779 488<|box_end|><|ref_start|>text<|ref_end|><|rotate_up|>
<|box_start|>139 499 810 529<|box_end|><|ref_start|>equation<|ref_end|><|rotate_up|>
<|box_start|>377 532 698 556<|box_end|><|ref_start|>equation<|ref_end|><|rotate_up|>
<|box_start|>346 560 878 598<|box_end|><|ref_start|>equation<|ref_end|><|rotate_up|>
<|box_start|>268 591 810 621<|box_end|><|ref_start|>equation<|ref_end|><|rotate_up|>
<|box_start|>476 624 810 651<|box_end|><|ref_start|>equation<|ref_end|><|rotate_up|>
<|box_start|>432 655 810 682<|box_end|><|ref_start|>equation<|ref_end|><|rotate_up|>
<|box_start|>116 692 552 723<|box_end|><|ref_start|>text<|ref_end|><|rotate_up|>
<|box_start|>116 733 482 749<|box_end|><|ref_start|>text<|ref_end|><|rotate_up|>
<|box_start|>116 765 374 782<|box_end|><|ref_start|>text<|ref_end|><|rotate_up|>
<|box_start|>227 793 772 824<|box_end|><|ref_start|>equation<|ref_end|><|rotate_up|>
<|box_start|>269 827 689 847<|box_end|><|ref_start|>equation<|ref_end|><|rotate_up|>
<|box_start|>130 856 770 873<|box_end|><|ref_start|>page_footnote<|ref_end|><|rotate_up|>
<|box_start|>489 904 510 916<|box_end|><|ref_start|>page_number<|ref_end|><|rotate_up|>
2026-08-06 12:01:46.091 | DEBUG    | mineru_vl_utils.mineru_client:parse_layout_output:239 - Layout raw output: 
<|box_start|>112 089 889 165<|box_end|><|ref_start|>text<|ref_end|><|rotate_up|>
<|box_start|>133 174 462 191<|box_end|><|ref_start|>text<|ref_end|><|rotate_up|>
<|box_start|>246 197 885 378<|box_end|><|ref_start|>equation<|ref_end|><|rotate_up|>
<|box_start|>111 384 884 506<|box_end|><|ref_start|>text<|ref_end|><|rotate_up|>
<|box_start|>111 507 884 558<|box_end|><|ref_start|>text<|ref_end|><|rotate_up|>
<|box_start|>218 559 780 620<|box_end|><|ref_start|>equation<|ref_end|><|rotate_up|>
<|box_start|>112 622 886 678<|box_end|><|ref_start|>text<|ref_end|><|rotate_up|>
<|box_start|>271 684 728 744<|box_end|><|ref_start|>equation<|ref_end|><|rotate_up|>
<|box_start|>295 761 705 801<|box_end|><|ref_start|>equation<|ref_end|><|rotate_up|>
<|box_start|>330 804 705 824<|box_end|><|ref_start|>equation<|ref_end|><|rotate_up|>
<|box_start|>111 834 886 871<|box_end|><|ref_start|>text<|ref_end|><|rotate_up|>
<|box_start|>240 880 758 899<|box_end|><|ref_start|>equation<|ref_end|><|rotate_up|>
<|box_start|>492 900 508 910<|box_end|><|ref_start|>page_number<|ref_end|><|rotate_up|>
[group 3/4] DONE pages=32 elapsed_s=58.564 pages_per_s=0.53551 eta_s=59.8
[group 4/4] START pages=32 dataset_indices=[96, 97, 98, 99, 100, 101, 102, 103, 104, 105, 106, 107, 108, 109, 110, 111, 112, 113, 114, 115, 116, 117, 118, 119, 120, 121, 122, 123, 124, 125, 126, 127]
2026-08-06 12:02:49.001 | DEBUG    | mineru_vl_utils.mineru_client:parse_layout_output:239 - Layout raw output: 
<|box_start|>114 092 210 106<|box_end|><|ref_start|>text<|ref_end|><|rotate_up|>
<|box_start|>226 119 770 491<|box_end|><|ref_start|>equation_block<|ref_end|><|rotate_up|>
<|box_start|>226 120 768 167<|box_end|><|ref_start|>equation<|ref_end|><|rotate_up|>
<|box_start|>393 169 713 214<|box_end|><|ref_start|>equation<|ref_end|><|rotate_up|>
<|box_start|>377 218 769 263<|box_end|><|ref_start|>equation<|ref_end|><|rotate_up|>
<|box_start|>393 266 713 312<|box_end|><|ref_start|>equation<|ref_end|><|rotate_up|>
<|box_start|>376 316 743 361<|box_end|><|ref_start|>equation<|ref_end|><|rotate_up|>
<|box_start|>393 364 713 409<|box_end|><|ref_start|>equation<|ref_end|><|rotate_up|>
<|box_start|>377 413 597 441<|box_end|><|ref_start|>equation<|ref_end|><|rotate_up|>
<|box_start|>393 445 718 490<|box_end|><|ref_start|>equation<|ref_end|><|rotate_up|>
<|box_start|>112 504 930 580<|box_end|><|ref_start|>text<|ref_end|><|rotate_up|>
<|box_start|>114 588 673 746<|box_end|><|ref_start|>equation_block<|ref_end|><|rotate_up|>
<|box_start|>115 588 292 626<|box_end|><|ref_start|>equation<|ref_end|><|rotate_up|>
<|box_start|>119 629 673 666<|box_end|><|ref_start|>equation<|ref_end|><|rotate_up|>
<|box_start|>119 669 605 706<|box_end|><|ref_start|>equation<|ref_end|><|rotate_up|>
<|box_start|>133 709 651 746<|box_end|><|ref_start|>equation<|ref_end|><|rotate_up|>
<|box_start|>119 749 471 786<|box_end|><|ref_start|>equation<|ref_end|><|rotate_up|>
<|box_start|>133 789 755 826<|box_end|><|ref_start|>equation<|ref_end|><|rotate_up|>
<|box_start|>119 830 919 867<|box_end|><|ref_start|>equation<|ref_end|><|rotate_up|>
<|box_start|>134 870 316 907<|box_end|><|ref_start|>equation<|ref_end|><|rotate_up|>
<|box_start|>489 935 510 948<|box_end|><|ref_start|>page_number<|ref_end|><|rotate_up|>
2026-08-06 12:02:49.002 | DEBUG    | mineru_vl_utils.mineru_client:parse_layout_output:239 - Layout raw output: 
<|box_start|>050 089 945 125<|box_end|><|ref_start|>text<|ref_end|><|rotate_up|>
<|box_start|>398 138 597 156<|box_end|><|ref_start|>equation<|ref_end|><|rotate_up|>
<|box_start|>050 169 947 278<|box_end|><|ref_start|>text<|ref_end|><|rotate_up|>
<|box_start|>079 279 468 295<|box_end|><|ref_start|>text<|ref_end|><|rotate_up|>
<|box_start|>429 306 946 328<|box_end|><|ref_start|>equation<|ref_end|><|rotate_up|>
<|box_start|>051 341 559 357<|box_end|><|ref_start|>text<|ref_end|><|rotate_up|>
<|box_start|>237 368 946 408<|box_end|><|ref_start|>equation<|ref_end|><|rotate_up|>
<|box_start|>051 420 415 435<|box_end|><|ref_start|>text<|ref_end|><|rotate_up|>
<|box_start|>321 447 677 639<|box_end|><|ref_start|>equation_block<|ref_end|><|rotate_up|>
<|box_start|>373 447 646 469<|box_end|><|ref_start|>equation<|ref_end|><|rotate_up|>
<|box_start|>331 472 652 493<|box_end|><|ref_start|>equation<|ref_end|><|rotate_up|>
<|box_start|>484 503 493 520<|box_end|><|ref_start|>image<|ref_end|><|rotate_up|>
<|box_start|>324 526 674 549<|box_end|><|ref_start|>equation<|ref_end|><|rotate_up|>
<|box_start|>397 551 641 584<|box_end|><|ref_start|>image<|ref_end|><|rotate_up|>
<|box_start|>478 586 601 638<|box_end|><|ref_start|>equation<|ref_end|><|rotate_up|>
<|box_start|>051 652 747 672<|box_end|><|ref_start|>text<|ref_end|><|rotate_up|>
<|box_start|>370 684 626 706<|box_end|><|ref_start|>equation<|ref_end|><|rotate_up|>
<|box_start|>051 718 264 735<|box_end|><|ref_start|>text<|ref_end|><|rotate_up|>
<|box_start|>078 747 627 763<|box_end|><|ref_start|>text<|ref_end|><|rotate_up|>
<|box_start|>489 935 510 948<|box_end|><|ref_start|>page_number<|ref_end|><|rotate_up|>
2026-08-06 12:02:49.003 | DEBUG    | mineru_vl_utils.mineru_client:parse_layout_output:239 - Layout raw output: 
<|box_start|>112 089 553 109<|box_end|><|ref_start|>text<|ref_end|><|rotate_up|>
<|box_start|>271 113 728 149<|box_end|><|ref_start|>equation<|ref_end|><|rotate_up|>
<|box_start|>113 152 357 168<|box_end|><|ref_start|>text<|ref_end|><|rotate_up|>
<|box_start|>116 174 765 299<|box_end|><|ref_start|>equation_block<|ref_end|><|rotate_up|>
<|box_start|>239 176 761 214<|box_end|><|ref_start|>equation<|ref_end|><|rotate_up|>
<|box_start|>261 218 710 257<|box_end|><|ref_start|>equation<|ref_end|><|rotate_up|>
<|box_start|>117 260 662 299<|box_end|><|ref_start|>equation<|ref_end|><|rotate_up|>
<|box_start|>112 305 886 359<|box_end|><|ref_start|>text<|ref_end|><|rotate_up|>
<|box_start|>140 363 854 450<|box_end|><|ref_start|>equation_block<|ref_end|><|rotate_up|>
<|box_start|>149 366 750 407<|box_end|><|ref_start|>equation<|ref_end|><|rotate_up|>
<|box_start|>407 411 850 450<|box_end|><|ref_start|>equation<|ref_end|><|rotate_up|>
<|box_start|>112 454 884 487<|box_end|><|ref_start|>text<|ref_end|><|rotate_up|>
<|box_start|>113 487 836 504<|box_end|><|ref_start|>text<|ref_end|><|rotate_up|>
<|box_start|>117 510 629 550<|box_end|><|ref_start|>equation<|ref_end|><|rotate_up|>
<|box_start|>113 554 722 571<|box_end|><|ref_start|>text<|ref_end|><|rotate_up|>
<|box_start|>233 576 765 617<|box_end|><|ref_start|>equation<|ref_end|><|rotate_up|>
<|box_start|>113 622 478 640<|box_end|><|ref_start|>text<|ref_end|><|rotate_up|>
<|box_start|>159 646 839 727<|box_end|><|ref_start|>equation_block<|ref_end|><|rotate_up|>
<|box_start|>161 647 838 688<|box_end|><|ref_start|>equation<|ref_end|><|rotate_up|>
<|box_start|>599 691 730 726<|box_end|><|ref_start|>equation<|ref_end|><|rotate_up|>
<|box_start|>113 733 545 754<|box_end|><|ref_start|>text<|ref_end|><|rotate_up|>
<|box_start|>155 758 840 897<|box_end|><|ref_start|>equation_block<|ref_end|><|rotate_up|>
<|box_start|>164 761 819 807<|box_end|><|ref_start|>equation<|ref_end|><|rotate_up|>
<|box_start|>307 811 834 852<|box_end|><|ref_start|>equation<|ref_end|><|rotate_up|>
<|box_start|>307 856 630 895<|box_end|><|ref_start|>equation<|ref_end|><|rotate_up|>
<|box_start|>492 900 508 910<|box_end|><|ref_start|>page_number<|ref_end|><|rotate_up|>
2026-08-06 12:02:49.003 | DEBUG    | mineru_vl_utils.mineru_client:parse_layout_output:239 - Layout raw output: 
<|box_start|>168 086 186 096<|box_end|><|ref_start|>page_number<|ref_end|><|rotate_up|>
<|box_start|>241 084 788 098<|box_end|><|ref_start|>header<|ref_end|><|rotate_up|>
<|box_start|>187 109 865 355<|box_end|><|ref_start|>list<|ref_end|><|rotate_up|>
<|box_start|>193 111 859 168<|box_end|><|ref_start|>equation<|ref_end|><|rotate_up|>
<|box_start|>193 172 860 219<|box_end|><|ref_start|>equation<|ref_end|><|rotate_up|>
<|box_start|>193 222 859 261<|box_end|><|ref_start|>equation<|ref_end|><|rotate_up|>
<|box_start|>193 263 859 311<|box_end|><|ref_start|>equation<|ref_end|><|rotate_up|>
<|box_start|>193 314 859 353<|box_end|><|ref_start|>equation<|ref_end|><|rotate_up|>
<|box_start|>163 376 862 501<|box_end|><|ref_start|>text<|ref_end|><|rotate_up|>
<|box_start|>164 502 861 564<|box_end|><|ref_start|>text<|ref_end|><|rotate_up|>
<|box_start|>163 565 861 602<|box_end|><|ref_start|>text<|ref_end|><|rotate_up|>
<|box_start|>185 624 860 824<|box_end|><|ref_start|>equation_block<|ref_end|><|rotate_up|>
<|box_start|>184 624 859 648<|box_end|><|ref_start|>equation<|ref_end|><|rotate_up|>
<|box_start|>189 652 860 710<|box_end|><|ref_start|>equation<|ref_end|><|rotate_up|>
<|box_start|>189 714 860 772<|box_end|><|ref_start|>equation<|ref_end|><|rotate_up|>
<|box_start|>229 775 860 824<|box_end|><|ref_start|>equation<|ref_end|><|rotate_up|>
2026-08-06 12:02:49.004 | DEBUG    | mineru_vl_utils.mineru_client:parse_layout_output:239 - Layout raw output: 
<|box_start|>940 732 958 774<|box_end|><|ref_start|>page_number<|ref_end|><|rotate_up|>
<|box_start|>886 111 932 468<|box_end|><|ref_start|>text<|ref_end|><|rotate_up|>
<|box_start|>839 111 861 422<|box_end|><|ref_start|>text<|ref_end|><|rotate_up|>
<|box_start|>815 130 836 402<|box_end|><|ref_start|>text<|ref_end|><|rotate_up|>
<|box_start|>767 109 789 482<|box_end|><|ref_start|>text<|ref_end|><|rotate_up|>
<|box_start|>744 150 762 260<|box_end|><|ref_start|>text<|ref_end|><|rotate_up|>
<|box_start|>719 130 739 402<|box_end|><|ref_start|>text<|ref_end|><|rotate_up|>
<|box_start|>671 107 693 350<|box_end|><|ref_start|>text<|ref_end|><|rotate_up|>
<|box_start|>648 149 668 369<|box_end|><|ref_start|>text<|ref_end|><|rotate_up|>
<|box_start|>624 127 644 492<|box_end|><|ref_start|>text<|ref_end|><|rotate_up|>
<|box_start|>578 105 599 463<|box_end|><|ref_start|>text<|ref_end|><|rotate_up|>
<|box_start|>554 147 574 301<|box_end|><|ref_start|>text<|ref_end|><|rotate_up|>
<|box_start|>453 112 477 445<|box_end|><|ref_start|>text<|ref_end|><|rotate_up|>
<|box_start|>429 134 452 404<|box_end|><|ref_start|>text<|ref_end|><|rotate_up|>
<|box_start|>383 113 406 513<|box_end|><|ref_start|>text<|ref_end|><|rotate_up|>
<|box_start|>358 135 380 405<|box_end|><|ref_start|>text<|ref_end|><|rotate_up|>
<|box_start|>334 111 356 424<|box_end|><|ref_start|>text<|ref_end|><|rotate_up|>
<|box_start|>310 134 331 404<|box_end|><|ref_start|>text<|ref_end|><|rotate_up|>
<|box_start|>263 112 285 489<|box_end|><|ref_start|>text<|ref_end|><|rotate_up|>
<|box_start|>239 155 259 350<|box_end|><|ref_start|>text<|ref_end|><|rotate_up|>
<|box_start|>214 133 236 401<|box_end|><|ref_start|>text<|ref_end|><|rotate_up|>
<|box_start|>168 111 190 503<|box_end|><|ref_start|>text<|ref_end|><|rotate_up|>
<|box_start|>143 133 164 400<|box_end|><|ref_start|>text<|ref_end|><|rotate_up|>
<|box_start|>095 110 116 459<|box_end|><|ref_start|>text<|ref_end|><|rotate_up|>
<|box_start|>913 573 934 842<|box_end|><|ref_start|>text<|ref_end|><|rotate_up|>
<|box_start|>865 550 887 837<|box_end|><|ref_start|>text<|ref_end|><|rotate_up|>
<|box_start|>842 550 863 954<|box_end|><|ref_start|>text<|ref_end|><|rotate_up|>
<|box_start|>817 594 838 836<|box_end|><|ref_start|>text<|ref_end|><|rotate_up|>
<|box_start|>793 572 812 792<|box_end|><|ref_start|>text<|ref_end|><|rotate_up|>
<|box_start|>770 594 790 791<|box_end|><|ref_start|>text<|ref_end|><|rotate_up|>
<|box_start|>720 550 743 926<|box_end|><|ref_start|>text<|ref_end|><|rotate_up|>
<|box_start|>697 594 716 725<|box_end|><|ref_start|>text<|ref_end|><|rotate_up|>
<|box_start|>673 570 694 840<|box_end|><|ref_start|>text<|ref_end|><|rotate_up|>
<|box_start|>626 549 647 910<|box_end|><|ref_start|>text<|ref_end|><|rotate_up|>
<|box_start|>604 593 623 701<|box_end|><|ref_start|>text<|ref_end|><|rotate_up|>
<|box_start|>579 568 600 837<|box_end|><|ref_start|>text<|ref_end|><|rotate_up|>
<|box_start|>457 571 479 844<|box_end|><|ref_start|>text<|ref_end|><|rotate_up|>
<|box_start|>410 551 433 956<|box_end|><|ref_start|>text<|ref_end|><|rotate_up|>
<|box_start|>386 592 410 950<|box_end|><|ref_start|>text<|ref_end|><|rotate_up|>
<|box_start|>361 573 383 843<|box_end|><|ref_start|>text<|ref_end|><|rotate_up|>
<|box_start|>314 552 335 882<|box_end|><|ref_start|>text<|ref_end|><|rotate_up|>
<|box_start|>290 571 311 842<|box_end|><|ref_start|>text<|ref_end|><|rotate_up|>
<|box_start|>243 552 265 949<|box_end|><|ref_start|>text<|ref_end|><|rotate_up|>
<|box_start|>219 597 240 859<|box_end|><|ref_start|>text<|ref_end|><|rotate_up|>
<|box_start|>195 574 216 843<|box_end|><|ref_start|>text<|ref_end|><|rotate_up|>
<|box_start|>169 552 193 923<|box_end|><|ref_start|>text<|ref_end|><|rotate_up|>
<|box_start|>146 574 167 843<|box_end|><|ref_start|>text<|ref_end|><|rotate_up|>
<|box_start|>096 552 120 954<|box_end|><|ref_start|>text<|ref_end|><|rotate_up|>
<|box_start|>078 730 095 770<|box_end|><|ref_start|>page_number<|ref_end|><|rotate_up|>
2026-08-06 12:02:49.004 | DEBUG    | mineru_vl_utils.mineru_client:parse_layout_output:239 - Layout raw output: 
<|box_start|>056 018 098 033<|box_end|><|ref_start|>header<|ref_end|><|rotate_up|>
<|box_start|>765 017 909 034<|box_end|><|ref_start|>header<|ref_end|><|rotate_up|>
<|box_start|>918 029 952 043<|box_end|><|ref_start|>page_number<|ref_end|><|rotate_up|>
<|box_start|>090 050 220 066<|box_end|><|ref_start|>title<|ref_end|><|rotate_up|>
<|box_start|>065 069 917 263<|box_end|><|ref_start|>list<|ref_end|><|rotate_up|>
<|box_start|>067 071 796 089<|box_end|><|ref_start|>text<|ref_end|><|rotate_up|>
<|box_start|>068 093 714 110<|box_end|><|ref_start|>text<|ref_end|><|rotate_up|>
<|box_start|>068 115 695 131<|box_end|><|ref_start|>text<|ref_end|><|rotate_up|>
<|box_start|>068 136 914 153<|box_end|><|ref_start|>text<|ref_end|><|rotate_up|>
<|box_start|>068 157 735 174<|box_end|><|ref_start|>text<|ref_end|><|rotate_up|>
<|box_start|>068 179 695 196<|box_end|><|ref_start|>text<|ref_end|><|rotate_up|>
<|box_start|>068 200 453 217<|box_end|><|ref_start|>text<|ref_end|><|rotate_up|>
<|box_start|>068 221 793 239<|box_end|><|ref_start|>text<|ref_end|><|rotate_up|>
<|box_start|>068 243 739 261<|box_end|><|ref_start|>text<|ref_end|><|rotate_up|>
<|box_start|>090 289 162 306<|box_end|><|ref_start|>title<|ref_end|><|rotate_up|>
<|box_start|>068 310 530 328<|box_end|><|ref_start|>text<|ref_end|><|rotate_up|>
<|box_start|>432 349 573 367<|box_end|><|ref_start|>image_caption<|ref_end|><|rotate_up|>
<|box_start|>051 377 891 751<|box_end|><|ref_start|>image<|ref_end|><|rotate_up|>
<|box_start|>053 744 401 880<|box_end|><|ref_start|>image<|ref_end|><|rotate_up|>
<|box_start|>446 784 837 823<|box_end|><|ref_start|>text<|ref_end|><|rotate_up|>
<|box_start|>414 866 491 922<|box_end|><|ref_start|>image<|ref_end|><|rotate_up|>
<|box_start|>485 861 760 879<|box_end|><|ref_start|>text<|ref_end|><|rotate_up|>
<|box_start|>495 890 578 907<|box_end|><|ref_start|>text<|ref_end|><|rotate_up|>
2026-08-06 12:02:49.005 | DEBUG    | mineru_vl_utils.mineru_client:parse_layout_output:239 - Layout raw output: 
<|box_start|>123 063 169 077<|box_end|><|ref_start|>page_number<|ref_end|><|rotate_up|>
<|box_start|>453 062 581 076<|box_end|><|ref_start|>header<|ref_end|><|rotate_up|>
<|box_start|>108 096 926 115<|box_end|><|ref_start|>text<|ref_end|><|rotate_up|>
<|box_start|>109 119 926 137<|box_end|><|ref_start|>text<|ref_end|><|rotate_up|>
<|box_start|>108 148 926 167<|box_end|><|ref_start|>text<|ref_end|><|rotate_up|>
<|box_start|>109 178 924 196<|box_end|><|ref_start|>text<|ref_end|><|rotate_up|>
<|box_start|>109 208 924 225<|box_end|><|ref_start|>text<|ref_end|><|rotate_up|>
<|box_start|>109 237 924 254<|box_end|><|ref_start|>text<|ref_end|><|rotate_up|>
2026-08-06 12:02:49.005 | DEBUG    | mineru_vl_utils.mineru_client:parse_layout_output:239 - Layout raw output: 
<|box_start|>394 044 566 060<|box_end|><|ref_start|>header<|ref_end|><|rotate_up|>
<|box_start|>858 046 903 059<|box_end|><|ref_start|>page_number<|ref_end|><|rotate_up|>
<|box_start|>093 375 129 391<|box_end|><|ref_start|>text<|ref_end|><|rotate_up|>
<|box_start|>093 538 129 554<|box_end|><|ref_start|>text<|ref_end|><|rotate_up|>
<|box_start|>093 769 136 786<|box_end|><|ref_start|>text<|ref_end|><|rotate_up|>
<|box_start|>129 792 154 808<|box_end|><|ref_start|>text<|ref_end|><|rotate_up|>
<|box_start|>053 907 916 951<|box_end|><|ref_start|>text<|ref_end|><|rotate_up|>
2026-08-06 12:02:49.005 | DEBUG    | mineru_vl_utils.mineru_client:parse_layout_output:239 - Layout raw output: 
<|box_start|>586 053 653 071<|box_end|><|ref_start|>header<|ref_end|><|rotate_up|>
<|box_start|>678 040 796 057<|box_end|><|ref_start|>header<|ref_end|><|rotate_up|>
<|box_start|>679 057 751 071<|box_end|><|ref_start|>header<|ref_end|><|rotate_up|>
<|box_start|>150 108 623 130<|box_end|><|ref_start|>text<|ref_end|><|rotate_up|>
<|box_start|>148 142 871 267<|box_end|><|ref_start|>text<|ref_end|><|rotate_up|>
<|box_start|>148 280 875 475<|box_end|><|ref_start|>text<|ref_end|><|rotate_up|>
<|box_start|>148 486 875 577<|box_end|><|ref_start|>text<|ref_end|><|rotate_up|>
<|box_start|>148 589 875 716<|box_end|><|ref_start|>text<|ref_end|><|rotate_up|>
<|box_start|>148 727 875 821<|box_end|><|ref_start|>text<|ref_end|><|rotate_up|>
<|box_start|>148 831 875 889<|box_end|><|ref_start|>text<|ref_end|><|rotate_up|>
<|box_start|>731 905 875 946<|box_end|><|ref_start|>page_number<|ref_end|><|rotate_up|>
2026-08-06 12:02:49.006 | DEBUG    | mineru_vl_utils.mineru_client:parse_layout_output:239 - Layout raw output: 
<|box_start|>049 013 150 033<|box_end|><|ref_start|>title<|ref_end|><|rotate_up|>
<|box_start|>096 060 197 080<|box_end|><|ref_start|>title<|ref_end|><|rotate_up|>
<|box_start|>095 104 197 123<|box_end|><|ref_start|>text<|ref_end|><|rotate_up|>
<|box_start|>095 146 361 166<|box_end|><|ref_start|>text<|ref_end|><|rotate_up|>
<|box_start|>049 220 150 240<|box_end|><|ref_start|>title<|ref_end|><|rotate_up|>
<|box_start|>095 267 197 287<|box_end|><|ref_start|>text<|ref_end|><|rotate_up|>
<|box_start|>095 310 242 330<|box_end|><|ref_start|>text<|ref_end|><|rotate_up|>
<|box_start|>095 353 242 373<|box_end|><|ref_start|>text<|ref_end|><|rotate_up|>
<|box_start|>095 396 197 415<|box_end|><|ref_start|>text<|ref_end|><|rotate_up|>
<|box_start|>095 439 266 458<|box_end|><|ref_start|>text<|ref_end|><|rotate_up|>
<|box_start|>095 482 197 501<|box_end|><|ref_start|>text<|ref_end|><|rotate_up|>
<|box_start|>049 555 150 575<|box_end|><|ref_start|>title<|ref_end|><|rotate_up|>
<|box_start|>095 603 220 622<|box_end|><|ref_start|>text<|ref_end|><|rotate_up|>
<|box_start|>095 645 197 665<|box_end|><|ref_start|>text<|ref_end|><|rotate_up|>
<|box_start|>095 688 197 707<|box_end|><|ref_start|>text<|ref_end|><|rotate_up|>
<|box_start|>095 731 280 752<|box_end|><|ref_start|>text<|ref_end|><|rotate_up|>
<|box_start|>095 774 197 793<|box_end|><|ref_start|>text<|ref_end|><|rotate_up|>
<|box_start|>095 816 197 836<|box_end|><|ref_start|>text<|ref_end|><|rotate_up|>
2026-08-06 12:02:49.006 | DEBUG    | mineru_vl_utils.mineru_client:parse_layout_output:239 - Layout raw output: 
<|box_start|>320 077 549 100<|box_end|><|ref_start|>text<|ref_end|><|rotate_up|>
<|box_start|>227 105 903 154<|box_end|><|ref_start|>text<|ref_end|><|rotate_up|>
<|box_start|>227 161 905 269<|box_end|><|ref_start|>text<|ref_end|><|rotate_up|>
<|box_start|>253 274 680 298<|box_end|><|ref_start|>text<|ref_end|><|rotate_up|>
<|box_start|>236 303 517 325<|box_end|><|ref_start|>text<|ref_end|><|rotate_up|>
<|box_start|>370 340 699 361<|box_end|><|ref_start|>table_caption<|ref_end|><|rotate_up|>
<|box_start|>164 364 907 725<|box_end|><|ref_start|>table<|ref_end|><|rotate_up|>
<|box_start|>432 740 639 760<|box_end|><|ref_start|>table_caption<|ref_end|><|rotate_up|>
<|box_start|>165 764 907 841<|box_end|><|ref_start|>table<|ref_end|><|rotate_up|>
<|box_start|>182 846 907 888<|box_end|><|ref_start|>table_footnote<|ref_end|><|rotate_up|>
<|box_start|>222 894 822 912<|box_end|><|ref_start|>table_footnote<|ref_end|><|rotate_up|>
<|box_start|>182 846 907 912<|box_end|><|ref_start|>list<|ref_end|><|rotate_up|>
<|box_start|>184 929 214 946<|box_end|><|ref_start|>page_number<|ref_end|><|rotate_up|>
2026-08-06 12:02:49.006 | DEBUG    | mineru_vl_utils.mineru_client:parse_layout_output:239 - Layout raw output: 
<|box_start|>020 012 971 336<|box_end|><|ref_start|>image<|ref_end|><|rotate_up|>
<|box_start|>189 390 510 427<|box_end|><|ref_start|>title<|ref_end|><|rotate_up|>
<|box_start|>083 450 538 486<|box_end|><|ref_start|>text<|ref_end|><|rotate_up|>
<|box_start|>718 390 769 402<|box_end|><|ref_start|>title<|ref_end|><|rotate_up|>
<|box_start|>717 410 832 423<|box_end|><|ref_start|>text<|ref_end|><|rotate_up|>
<|box_start|>718 425 848 438<|box_end|><|ref_start|>text<|ref_end|><|rotate_up|>
<|box_start|>718 440 785 452<|box_end|><|ref_start|>text<|ref_end|><|rotate_up|>
<|box_start|>084 549 273 571<|box_end|><|ref_start|>title<|ref_end|><|rotate_up|>
<|box_start|>091 582 609 695<|box_end|><|ref_start|>list<|ref_end|><|rotate_up|>
<|box_start|>091 582 578 611<|box_end|><|ref_start|>text<|ref_end|><|rotate_up|>
<|box_start|>091 624 609 653<|box_end|><|ref_start|>text<|ref_end|><|rotate_up|>
<|box_start|>091 665 553 694<|box_end|><|ref_start|>text<|ref_end|><|rotate_up|>
2026-08-06 12:02:49.007 | DEBUG    | mineru_vl_utils.mineru_client:parse_layout_output:239 - Layout raw output: 
<|box_start|>302 038 425 061<|box_end|><|ref_start|>header<|ref_end|><|rotate_up|>
<|box_start|>346 063 410 136<|box_end|><|ref_start|>header<|ref_end|><|rotate_up|>
<|box_start|>375 193 573 224<|box_end|><|ref_start|>title<|ref_end|><|rotate_up|>
<|box_start|>096 281 900 334<|box_end|><|ref_start|>text<|ref_end|><|rotate_up|>
<|box_start|>099 342 889 646<|box_end|><|ref_start|>image<|ref_end|><|rotate_up|>
<|box_start|>117 664 303 690<|box_end|><|ref_start|>title<|ref_end|><|rotate_up|>
<|box_start|>175 727 446 765<|box_end|><|ref_start|>text<|ref_end|><|rotate_up|>
<|box_start|>146 782 867 806<|box_end|><|ref_start|>text<|ref_end|><|rotate_up|>
<|box_start|>146 813 518 835<|box_end|><|ref_start|>text<|ref_end|><|rotate_up|>
<|box_start|>146 842 421 864<|box_end|><|ref_start|>text<|ref_end|><|rotate_up|>
<|box_start|>146 873 390 894<|box_end|><|ref_start|>text<|ref_end|><|rotate_up|>
<|box_start|>146 902 394 924<|box_end|><|ref_start|>text<|ref_end|><|rotate_up|>
<|box_start|>087 947 130 964<|box_end|><|ref_start|>page_number<|ref_end|><|rotate_up|>
2026-08-06 12:02:49.007 | DEBUG    | mineru_vl_utils.mineru_client:parse_layout_output:239 - Layout raw output: 
<|box_start|>669 072 887 086<|box_end|><|ref_start|>header<|ref_end|><|rotate_up|>
<|box_start|>144 103 886 144<|box_end|><|ref_start|>text<|ref_end|><|rotate_up|>
<|box_start|>146 146 888 207<|box_end|><|ref_start|>text<|ref_end|><|rotate_up|>
<|box_start|>147 211 531 231<|box_end|><|ref_start|>text<|ref_end|><|rotate_up|>
<|box_start|>150 233 433 252<|box_end|><|ref_start|>text<|ref_end|><|rotate_up|>
<|box_start|>128 275 843 294<|box_end|><|ref_start|>title<|ref_end|><|rotate_up|>
<|box_start|>185 319 818 497<|box_end|><|ref_start|>image_block<|ref_end|><|rotate_up|>
<|box_start|>185 319 573 497<|box_end|><|ref_start|>image<|ref_end|><|rotate_up|>
<|box_start|>580 319 818 493<|box_end|><|ref_start|>image<|ref_end|><|rotate_up|>
<|box_start|>307 517 690 532<|box_end|><|ref_start|>image_caption<|ref_end|><|rotate_up|>
<|box_start|>290 551 884 573<|box_end|><|ref_start|>equation<|ref_end|><|rotate_up|>
<|box_start|>191 582 884 617<|box_end|><|ref_start|>equation<|ref_end|><|rotate_up|>
<|box_start|>429 632 885 663<|box_end|><|ref_start|>equation<|ref_end|><|rotate_up|>
<|box_start|>110 678 860 698<|box_end|><|ref_start|>text<|ref_end|><|rotate_up|>
<|box_start|>154 701 595 720<|box_end|><|ref_start|>text<|ref_end|><|rotate_up|>
<|box_start|>148 723 471 740<|box_end|><|ref_start|>text<|ref_end|><|rotate_up|>
<|box_start|>152 744 865 763<|box_end|><|ref_start|>text<|ref_end|><|rotate_up|>
<|box_start|>158 767 845 785<|box_end|><|ref_start|>text<|ref_end|><|rotate_up|>
<|box_start|>150 789 766 808<|box_end|><|ref_start|>text<|ref_end|><|rotate_up|>
<|box_start|>151 811 860 831<|box_end|><|ref_start|>text<|ref_end|><|rotate_up|>
<|box_start|>152 833 783 853<|box_end|><|ref_start|>text<|ref_end|><|rotate_up|>
<|box_start|>111 855 886 895<|box_end|><|ref_start|>text<|ref_end|><|rotate_up|>
<|box_start|>463 900 536 913<|box_end|><|ref_start|>page_number<|ref_end|><|rotate_up|>
2026-08-06 12:02:49.007 | DEBUG    | mineru_vl_utils.mineru_client:parse_layout_output:239 - Layout raw output: 
<|box_start|>779 092 893 116<|box_end|><|ref_start|>header<|ref_end|><|rotate_up|>
<|box_start|>891 154 910 384<|box_end|><|ref_start|>text<|ref_end|><|rotate_up|>
<|box_start|>890 830 925 860<|box_end|><|ref_start|>page_number<|ref_end|><|rotate_up|>
<|box_start|>845 189 864 419<|box_end|><|ref_start|>text<|ref_end|><|rotate_up|>
<|box_start|>822 189 843 230<|box_end|><|ref_start|>text<|ref_end|><|rotate_up|>
<|box_start|>823 299 837 325<|box_end|><|ref_start|>text<|ref_end|><|rotate_up|>
<|box_start|>802 188 819 230<|box_end|><|ref_start|>text<|ref_end|><|rotate_up|>
<|box_start|>800 299 817 325<|box_end|><|ref_start|>text<|ref_end|><|rotate_up|>
<|box_start|>781 188 797 230<|box_end|><|ref_start|>text<|ref_end|><|rotate_up|>
<|box_start|>779 299 794 325<|box_end|><|ref_start|>text<|ref_end|><|rotate_up|>
<|box_start|>756 188 772 230<|box_end|><|ref_start|>text<|ref_end|><|rotate_up|>
<|box_start|>756 299 771 340<|box_end|><|ref_start|>text<|ref_end|><|rotate_up|>
<|box_start|>707 186 726 475<|box_end|><|ref_start|>text<|ref_end|><|rotate_up|>
<|box_start|>663 149 701 908<|box_end|><|ref_start|>text<|ref_end|><|rotate_up|>
<|box_start|>620 184 638 546<|box_end|><|ref_start|>text<|ref_end|><|rotate_up|>
<|box_start|>598 182 616 223<|box_end|><|ref_start|>text<|ref_end|><|rotate_up|>
<|box_start|>598 294 612 334<|box_end|><|ref_start|>text<|ref_end|><|rotate_up|>
<|box_start|>598 370 612 426<|box_end|><|ref_start|>text<|ref_end|><|rotate_up|>
<|box_start|>555 181 572 222<|box_end|><|ref_start|>text<|ref_end|><|rotate_up|>
<|box_start|>554 293 569 315<|box_end|><|ref_start|>text<|ref_end|><|rotate_up|>
<|box_start|>531 180 548 221<|box_end|><|ref_start|>text<|ref_end|><|rotate_up|>
<|box_start|>469 216 486 314<|box_end|><|ref_start|>text<|ref_end|><|rotate_up|>
<|box_start|>445 216 462 481<|box_end|><|ref_start|>text<|ref_end|><|rotate_up|>
<|box_start|>421 216 438 941<|box_end|><|ref_start|>text<|ref_end|><|rotate_up|>
<|box_start|>396 178 415 614<|box_end|><|ref_start|>text<|ref_end|><|rotate_up|>
<|box_start|>355 215 373 725<|box_end|><|ref_start|>text<|ref_end|><|rotate_up|>
<|box_start|>333 213 351 254<|box_end|><|ref_start|>text<|ref_end|><|rotate_up|>
<|box_start|>333 324 349 346<|box_end|><|ref_start|>text<|ref_end|><|rotate_up|>
<|box_start|>311 213 330 253<|box_end|><|ref_start|>text<|ref_end|><|rotate_up|>
<|box_start|>311 323 326 346<|box_end|><|ref_start|>text<|ref_end|><|rotate_up|>
<|box_start|>309 381 325 439<|box_end|><|ref_start|>text<|ref_end|><|rotate_up|>
<|box_start|>290 212 307 252<|box_end|><|ref_start|>text<|ref_end|><|rotate_up|>
<|box_start|>290 323 305 345<|box_end|><|ref_start|>text<|ref_end|><|rotate_up|>
<|box_start|>266 211 284 252<|box_end|><|ref_start|>text<|ref_end|><|rotate_up|>
<|box_start|>266 323 282 345<|box_end|><|ref_start|>text<|ref_end|><|rotate_up|>
<|box_start|>219 209 237 721<|box_end|><|ref_start|>text<|ref_end|><|rotate_up|>
<|box_start|>195 209 212 934<|box_end|><|ref_start|>text<|ref_end|><|rotate_up|>
<|box_start|>171 172 194 518<|box_end|><|ref_start|>text<|ref_end|><|rotate_up|>
<|box_start|>128 208 147 681<|box_end|><|ref_start|>text<|ref_end|><|rotate_up|>
<|box_start|>107 206 122 248<|box_end|><|ref_start|>text<|ref_end|><|rotate_up|>
<|box_start|>107 318 122 340<|box_end|><|ref_start|>text<|ref_end|><|rotate_up|>
<|box_start|>068 840 085 867<|box_end|><|ref_start|>page_number<|ref_end|><|rotate_up|>
2026-08-06 12:02:49.008 | DEBUG    | mineru_vl_utils.mineru_client:parse_layout_output:239 - Layout raw output: 
<|box_start|>546 099 831 901<|box_end|><|ref_start|>text<|ref_end|><|rotate_up|>
<|box_start|>422 115 538 900<|box_end|><|ref_start|>text<|ref_end|><|rotate_up|>
<|box_start|>300 118 417 900<|box_end|><|ref_start|>text<|ref_end|><|rotate_up|>
<|box_start|>218 120 295 809<|box_end|><|ref_start|>text<|ref_end|><|rotate_up|>
<|box_start|>139 120 214 900<|box_end|><|ref_start|>text<|ref_end|><|rotate_up|>
<|box_start|>076 173 099 280<|box_end|><|ref_start|>aside_text<|ref_end|><|rotate_up|>
<|box_start|>078 763 102 782<|box_end|><|ref_start|>page_number<|ref_end|><|rotate_up|>
2026-08-06 12:02:49.008 | DEBUG    | mineru_vl_utils.mineru_client:parse_layout_output:239 - Layout raw output: 
<|box_start|>315 054 661 113<|box_end|><|ref_start|>title<|ref_end|><|rotate_up|>
<|box_start|>073 257 516 776<|box_end|><|ref_start|>image<|ref_end|><|rotate_up|>
<|box_start|>175 788 406 828<|box_end|><|ref_start|>image_caption<|ref_end|><|rotate_up|>
<|box_start|>636 349 891 811<|box_end|><|ref_start|>image<|ref_end|><|rotate_up|>
<|box_start|>602 829 907 906<|box_end|><|ref_start|>image_caption<|ref_end|><|rotate_up|>
<|box_start|>753 957 964 990<|box_end|><|ref_start|>footer<|ref_end|><|rotate_up|>
2026-08-06 12:02:49.009 | DEBUG    | mineru_vl_utils.mineru_client:parse_layout_output:239 - Layout raw output: 
<|box_start|>106 047 424 064<|box_end|><|ref_start|>header<|ref_end|><|rotate_up|>
<|box_start|>327 089 623 128<|box_end|><|ref_start|>equation<|ref_end|><|rotate_up|>
<|box_start|>113 139 864 215<|box_end|><|ref_start|>text<|ref_end|><|rotate_up|>
<|box_start|>116 223 212 246<|box_end|><|ref_start|>text<|ref_end|><|rotate_up|>
<|box_start|>116 253 641 294<|box_end|><|ref_start|>text<|ref_end|><|rotate_up|>
<|box_start|>353 306 593 343<|box_end|><|ref_start|>equation<|ref_end|><|rotate_up|>
<|box_start|>114 355 460 389<|box_end|><|ref_start|>text<|ref_end|><|rotate_up|>
<|box_start|>112 402 672 455<|box_end|><|ref_start|>text<|ref_end|><|rotate_up|>
<|box_start|>246 463 611 482<|box_end|><|ref_start|>text<|ref_end|><|rotate_up|>
<|box_start|>083 495 414 516<|box_end|><|ref_start|>title<|ref_end|><|rotate_up|>
<|box_start|>412 595 589 619<|box_end|><|ref_start|>title<|ref_end|><|rotate_up|>
<|box_start|>260 668 341 687<|box_end|><|ref_start|>text<|ref_end|><|rotate_up|>
<|box_start|>353 666 765 830<|box_end|><|ref_start|>image<|ref_end|><|rotate_up|>
<|box_start|>094 950 127 964<|box_end|><|ref_start|>page_number<|ref_end|><|rotate_up|>
2026-08-06 12:02:49.009 | DEBUG    | mineru_vl_utils.mineru_client:parse_layout_output:239 - Layout raw output: 
<|box_start|>048 050 246 112<|box_end|><|ref_start|>title<|ref_end|><|rotate_up|>
<|box_start|>061 138 255 184<|box_end|><|ref_start|>title<|ref_end|><|rotate_up|>
<|box_start|>047 223 320 269<|box_end|><|ref_start|>title<|ref_end|><|rotate_up|>
<|box_start|>044 289 701 335<|box_end|><|ref_start|>text<|ref_end|><|rotate_up|>
<|box_start|>059 356 331 400<|box_end|><|ref_start|>text<|ref_end|><|rotate_up|>
<|box_start|>044 423 301 469<|box_end|><|ref_start|>text<|ref_end|><|rotate_up|>
<|box_start|>044 489 381 534<|box_end|><|ref_start|>text<|ref_end|><|rotate_up|>
<|box_start|>047 557 157 598<|box_end|><|ref_start|>title<|ref_end|><|rotate_up|>
<|box_start|>044 623 797 670<|box_end|><|ref_start|>text<|ref_end|><|rotate_up|>
<|box_start|>044 690 507 734<|box_end|><|ref_start|>text<|ref_end|><|rotate_up|>
<|box_start|>044 757 583 802<|box_end|><|ref_start|>text<|ref_end|><|rotate_up|>
<|box_start|>044 823 609 868<|box_end|><|ref_start|>text<|ref_end|><|rotate_up|>
<|box_start|>040 951 118 990<|box_end|><|ref_start|>footer<|ref_end|><|rotate_up|>
<|box_start|>155 950 283 990<|box_end|><|ref_start|>footer<|ref_end|><|rotate_up|>
<|box_start|>302 950 487 990<|box_end|><|ref_start|>footer<|ref_end|><|rotate_up|>
<|box_start|>520 951 678 990<|box_end|><|ref_start|>footer<|ref_end|><|rotate_up|>
<|box_start|>721 951 842 990<|box_end|><|ref_start|>footer<|ref_end|><|rotate_up|>
<|box_start|>874 951 988 990<|box_end|><|ref_start|>footer<|ref_end|><|rotate_up|>
2026-08-06 12:02:49.009 | DEBUG    | mineru_vl_utils.mineru_client:parse_layout_output:239 - Layout raw output: 
<|box_start|>752 084 907 099<|box_end|><|ref_start|>header<|ref_end|><|rotate_up|>
<|box_start|>403 147 631 167<|box_end|><|ref_start|>title<|ref_end|><|rotate_up|>
<|box_start|>130 206 196 220<|box_end|><|ref_start|>title<|ref_end|><|rotate_up|>
<|box_start|>162 243 607 258<|box_end|><|ref_start|>text<|ref_end|><|rotate_up|>
<|box_start|>128 262 906 296<|box_end|><|ref_start|>text<|ref_end|><|rotate_up|>
<|box_start|>128 319 248 333<|box_end|><|ref_start|>title<|ref_end|><|rotate_up|>
<|box_start|>166 357 405 372<|box_end|><|ref_start|>text<|ref_end|><|rotate_up|>
<|box_start|>130 377 157 390<|box_end|><|ref_start|>text<|ref_end|><|rotate_up|>
<|box_start|>166 396 486 411<|box_end|><|ref_start|>text<|ref_end|><|rotate_up|>
<|box_start|>165 414 476 430<|box_end|><|ref_start|>text<|ref_end|><|rotate_up|>
<|box_start|>160 434 314 447<|box_end|><|ref_start|>text<|ref_end|><|rotate_up|>
<|box_start|>130 452 158 465<|box_end|><|ref_start|>text<|ref_end|><|rotate_up|>
<|box_start|>165 471 310 486<|box_end|><|ref_start|>text<|ref_end|><|rotate_up|>
<|box_start|>164 490 506 505<|box_end|><|ref_start|>text<|ref_end|><|rotate_up|>
<|box_start|>160 509 282 522<|box_end|><|ref_start|>text<|ref_end|><|rotate_up|>
<|box_start|>130 527 157 540<|box_end|><|ref_start|>text<|ref_end|><|rotate_up|>
<|box_start|>165 546 530 561<|box_end|><|ref_start|>text<|ref_end|><|rotate_up|>
<|box_start|>165 565 335 580<|box_end|><|ref_start|>text<|ref_end|><|rotate_up|>
<|box_start|>160 584 280 598<|box_end|><|ref_start|>text<|ref_end|><|rotate_up|>
<|box_start|>130 603 158 615<|box_end|><|ref_start|>text<|ref_end|><|rotate_up|>
<|box_start|>166 622 301 635<|box_end|><|ref_start|>text<|ref_end|><|rotate_up|>
<|box_start|>164 640 451 656<|box_end|><|ref_start|>text<|ref_end|><|rotate_up|>
<|box_start|>160 659 424 672<|box_end|><|ref_start|>text<|ref_end|><|rotate_up|>
<|box_start|>131 678 158 690<|box_end|><|ref_start|>text<|ref_end|><|rotate_up|>
<|box_start|>166 697 392 710<|box_end|><|ref_start|>text<|ref_end|><|rotate_up|>
<|box_start|>165 716 783 731<|box_end|><|ref_start|>text<|ref_end|><|rotate_up|>
<|box_start|>131 736 158 748<|box_end|><|ref_start|>text<|ref_end|><|rotate_up|>
<|box_start|>166 755 450 769<|box_end|><|ref_start|>text<|ref_end|><|rotate_up|>
<|box_start|>164 774 704 789<|box_end|><|ref_start|>text<|ref_end|><|rotate_up|>
<|box_start|>160 793 329 806<|box_end|><|ref_start|>text<|ref_end|><|rotate_up|>
<|box_start|>160 810 451 824<|box_end|><|ref_start|>text<|ref_end|><|rotate_up|>
<|box_start|>131 829 158 841<|box_end|><|ref_start|>text<|ref_end|><|rotate_up|>
<|box_start|>166 848 305 861<|box_end|><|ref_start|>text<|ref_end|><|rotate_up|>
<|box_start|>165 867 423 882<|box_end|><|ref_start|>text<|ref_end|><|rotate_up|>
<|box_start|>160 887 272 899<|box_end|><|ref_start|>text<|ref_end|><|rotate_up|>
<|box_start|>160 904 442 917<|box_end|><|ref_start|>text<|ref_end|><|rotate_up|>
<|box_start|>873 923 883 933<|box_end|><|ref_start|>page_number<|ref_end|><|rotate_up|>
2026-08-06 12:02:49.010 | DEBUG    | mineru_vl_utils.mineru_client:parse_layout_output:239 - Layout raw output: 
<|box_start|>713 127 751 210<|box_end|><|ref_start|>title<|ref_end|><|rotate_up|>
<|box_start|>328 219 740 237<|box_end|><|ref_start|>text<|ref_end|><|rotate_up|>
<|box_start|>257 472 275 844<|box_end|><|ref_start|>aside_text<|ref_end|><|rotate_up|>
<|box_start|>316 470 558 490<|box_end|><|ref_start|>title<|ref_end|><|rotate_up|>
<|box_start|>359 496 603 515<|box_end|><|ref_start|>text<|ref_end|><|rotate_up|>
<|box_start|>359 521 559 540<|box_end|><|ref_start|>text<|ref_end|><|rotate_up|>
<|box_start|>359 546 559 566<|box_end|><|ref_start|>text<|ref_end|><|rotate_up|>
<|box_start|>359 572 560 591<|box_end|><|ref_start|>text<|ref_end|><|rotate_up|>
<|box_start|>359 597 559 616<|box_end|><|ref_start|>text<|ref_end|><|rotate_up|>
<|box_start|>359 623 559 642<|box_end|><|ref_start|>text<|ref_end|><|rotate_up|>
<|box_start|>359 648 624 668<|box_end|><|ref_start|>text<|ref_end|><|rotate_up|>
<|box_start|>360 674 406 693<|box_end|><|ref_start|>text<|ref_end|><|rotate_up|>
<|box_start|>316 725 691 744<|box_end|><|ref_start|>title<|ref_end|><|rotate_up|>
<|box_start|>359 750 777 770<|box_end|><|ref_start|>text<|ref_end|><|rotate_up|>
<|box_start|>359 776 691 795<|box_end|><|ref_start|>text<|ref_end|><|rotate_up|>
<|box_start|>359 801 670 820<|box_end|><|ref_start|>text<|ref_end|><|rotate_up|>
<|box_start|>359 826 751 871<|box_end|><|ref_start|>text<|ref_end|><|rotate_up|>
2026-08-06 12:02:49.010 | DEBUG    | mineru_vl_utils.mineru_client:parse_layout_output:239 - Layout raw output: 
<|box_start|>843 045 886 059<|box_end|><|ref_start|>page_number<|ref_end|><|rotate_up|>
<|box_start|>617 057 886 069<|box_end|><|ref_start|>header<|ref_end|><|rotate_up|>
<|box_start|>160 112 375 131<|box_end|><|ref_start|>text<|ref_end|><|rotate_up|>
<|box_start|>207 150 392 168<|box_end|><|ref_start|>title<|ref_end|><|rotate_up|>
<|box_start|>205 176 467 195<|box_end|><|ref_start|>text<|ref_end|><|rotate_up|>
<|box_start|>205 202 482 247<|box_end|><|ref_start|>text<|ref_end|><|rotate_up|>
<|box_start|>206 255 479 273<|box_end|><|ref_start|>text<|ref_end|><|rotate_up|>
<|box_start|>207 281 479 299<|box_end|><|ref_start|>text<|ref_end|><|rotate_up|>
<|box_start|>207 307 482 351<|box_end|><|ref_start|>text<|ref_end|><|rotate_up|>
<|box_start|>207 359 490 377<|box_end|><|ref_start|>text<|ref_end|><|rotate_up|>
<|box_start|>207 386 513 404<|box_end|><|ref_start|>text<|ref_end|><|rotate_up|>
<|box_start|>207 412 513 430<|box_end|><|ref_start|>text<|ref_end|><|rotate_up|>
<|box_start|>207 438 535 456<|box_end|><|ref_start|>text<|ref_end|><|rotate_up|>
<|box_start|>160 464 648 560<|box_end|><|ref_start|>list<|ref_end|><|rotate_up|>
<|box_start|>160 464 648 508<|box_end|><|ref_start|>text<|ref_end|><|rotate_up|>
<|box_start|>160 516 648 560<|box_end|><|ref_start|>text<|ref_end|><|rotate_up|>
<|box_start|>160 569 648 746<|box_end|><|ref_start|>text<|ref_end|><|rotate_up|>
<|box_start|>160 774 334 793<|box_end|><|ref_start|>title<|ref_end|><|rotate_up|>
<|box_start|>209 804 282 822<|box_end|><|ref_start|>title<|ref_end|><|rotate_up|>
<|box_start|>208 830 580 849<|box_end|><|ref_start|>text<|ref_end|><|rotate_up|>
<|box_start|>689 449 910 643<|box_end|><|ref_start|>image<|ref_end|><|rotate_up|>
<|box_start|>751 646 825 661<|box_end|><|ref_start|>image_caption<|ref_end|><|rotate_up|>
2026-08-06 12:02:49.011 | DEBUG    | mineru_vl_utils.mineru_client:parse_layout_output:239 - Layout raw output: 
<|box_start|>455 043 542 057<|box_end|><|ref_start|>header<|ref_end|><|rotate_up|>
<|box_start|>117 086 502 115<|box_end|><|ref_start|>title<|ref_end|><|rotate_up|>
<|box_start|>117 126 606 151<|box_end|><|ref_start|>title<|ref_end|><|rotate_up|>
<|box_start|>226 190 881 248<|box_end|><|ref_start|>text<|ref_end|><|rotate_up|>
<|box_start|>227 259 635 275<|box_end|><|ref_start|>text<|ref_end|><|rotate_up|>
<|box_start|>226 312 881 427<|box_end|><|ref_start|>text<|ref_end|><|rotate_up|>
<|box_start|>226 438 850 469<|box_end|><|ref_start|>text<|ref_end|><|rotate_up|>
<|box_start|>226 505 880 535<|box_end|><|ref_start|>text<|ref_end|><|rotate_up|>
<|box_start|>226 546 880 590<|box_end|><|ref_start|>text<|ref_end|><|rotate_up|>
<|box_start|>226 627 872 671<|box_end|><|ref_start|>text<|ref_end|><|rotate_up|>
<|box_start|>227 682 880 712<|box_end|><|ref_start|>text<|ref_end|><|rotate_up|>
<|box_start|>226 749 881 807<|box_end|><|ref_start|>text<|ref_end|><|rotate_up|>
<|box_start|>228 818 429 833<|box_end|><|ref_start|>text<|ref_end|><|rotate_up|>
<|box_start|>226 871 880 915<|box_end|><|ref_start|>text<|ref_end|><|rotate_up|>
<|box_start|>485 943 514 954<|box_end|><|ref_start|>page_number<|ref_end|><|rotate_up|>
2026-08-06 12:02:49.011 | DEBUG    | mineru_vl_utils.mineru_client:parse_layout_output:239 - Layout raw output: 
<|box_start|>083 065 341 087<|box_end|><|ref_start|>header<|ref_end|><|rotate_up|>
<|box_start|>084 151 325 175<|box_end|><|ref_start|>title<|ref_end|><|rotate_up|>
<|box_start|>083 200 345 340<|box_end|><|ref_start|>text<|ref_end|><|rotate_up|>
<|box_start|>363 200 618 340<|box_end|><|ref_start|>text<|ref_end|><|rotate_up|>
<|box_start|>645 200 892 277<|box_end|><|ref_start|>text<|ref_end|><|rotate_up|>
<|box_start|>085 931 104 941<|box_end|><|ref_start|>page_number<|ref_end|><|rotate_up|>
2026-08-06 12:02:49.011 | DEBUG    | mineru_vl_utils.mineru_client:parse_layout_output:239 - Layout raw output: 
<|box_start|>821 072 884 086<|box_end|><|ref_start|>header<|ref_end|><|rotate_up|>
<|box_start|>111 104 166 121<|box_end|><|ref_start|>text<|ref_end|><|rotate_up|>
<|box_start|>110 125 887 207<|box_end|><|ref_start|>list<|ref_end|><|rotate_up|>
<|box_start|>111 125 886 186<|box_end|><|ref_start|>text<|ref_end|><|rotate_up|>
<|box_start|>151 190 884 208<|box_end|><|ref_start|>text<|ref_end|><|rotate_up|>
<|box_start|>129 232 733 250<|box_end|><|ref_start|>title<|ref_end|><|rotate_up|>
<|box_start|>111 254 886 315<|box_end|><|ref_start|>list<|ref_end|><|rotate_up|>
<|box_start|>152 254 747 273<|box_end|><|ref_start|>text<|ref_end|><|rotate_up|>
<|box_start|>111 275 884 315<|box_end|><|ref_start|>text<|ref_end|><|rotate_up|>
<|box_start|>458 900 541 912<|box_end|><|ref_start|>page_number<|ref_end|><|rotate_up|>
2026-08-06 12:02:49.011 | DEBUG    | mineru_vl_utils.mineru_client:parse_layout_output:239 - Layout raw output: 
<|box_start|>298 058 640 075<|box_end|><|ref_start|>header<|ref_end|><|rotate_up|>
<|box_start|>822 061 856 075<|box_end|><|ref_start|>page_number<|ref_end|><|rotate_up|>
<|box_start|>105 095 722 113<|box_end|><|ref_start|>text<|ref_end|><|rotate_up|>
<|box_start|>322 117 869 151<|box_end|><|ref_start|>equation<|ref_end|><|rotate_up|>
<|box_start|>103 154 517 172<|box_end|><|ref_start|>text<|ref_end|><|rotate_up|>
<|box_start|>177 176 626 195<|box_end|><|ref_start|>text<|ref_end|><|rotate_up|>
<|box_start|>176 197 351 214<|box_end|><|ref_start|>text<|ref_end|><|rotate_up|>
<|box_start|>231 218 404 239<|box_end|><|ref_start|>equation<|ref_end|><|rotate_up|>
<|box_start|>231 241 445 259<|box_end|><|ref_start|>equation<|ref_end|><|rotate_up|>
<|box_start|>231 262 440 280<|box_end|><|ref_start|>equation<|ref_end|><|rotate_up|>
<|box_start|>231 283 435 302<|box_end|><|ref_start|>equation<|ref_end|><|rotate_up|>
<|box_start|>102 304 339 321<|box_end|><|ref_start|>title<|ref_end|><|rotate_up|>
<|box_start|>101 326 835 344<|box_end|><|ref_start|>text<|ref_end|><|rotate_up|>
<|box_start|>339 348 865 385<|box_end|><|ref_start|>equation<|ref_end|><|rotate_up|>
<|box_start|>071 393 459 575<|box_end|><|ref_start|>image<|ref_end|><|rotate_up|>
<|box_start|>112 587 411 603<|box_end|><|ref_start|>image_caption<|ref_end|><|rotate_up|>
<|box_start|>495 423 853 576<|box_end|><|ref_start|>image<|ref_end|><|rotate_up|>
<|box_start|>503 588 838 605<|box_end|><|ref_start|>image_caption<|ref_end|><|rotate_up|>
<|box_start|>055 614 231 645<|box_end|><|ref_start|>text<|ref_end|><|rotate_up|>
<|box_start|>101 651 399 668<|box_end|><|ref_start|>text<|ref_end|><|rotate_up|>
<|box_start|>104 673 464 690<|box_end|><|ref_start|>text<|ref_end|><|rotate_up|>
<|box_start|>094 695 862 713<|box_end|><|ref_start|>text<|ref_end|><|rotate_up|>
<|box_start|>073 726 437 902<|box_end|><|ref_start|>image<|ref_end|><|rotate_up|>
<|box_start|>148 909 359 926<|box_end|><|ref_start|>image_caption<|ref_end|><|rotate_up|>
<|box_start|>452 716 862 756<|box_end|><|ref_start|>text<|ref_end|><|rotate_up|>
<|box_start|>493 759 629 776<|box_end|><|ref_start|>title<|ref_end|><|rotate_up|>
<|box_start|>451 780 860 861<|box_end|><|ref_start|>text<|ref_end|><|rotate_up|>
<|box_start|>451 865 860 903<|box_end|><|ref_start|>text<|ref_end|><|rotate_up|>
<|box_start|>573 908 858 927<|box_end|><|ref_start|>equation<|ref_end|><|rotate_up|>
2026-08-06 12:02:49.012 | DEBUG    | mineru_vl_utils.mineru_client:parse_layout_output:239 - Layout raw output: 
<|box_start|>140 062 160 072<|box_end|><|ref_start|>page_number<|ref_end|><|rotate_up|>
<|box_start|>825 060 858 073<|box_end|><|ref_start|>header<|ref_end|><|rotate_up|>
<|box_start|>140 099 315 118<|box_end|><|ref_start|>title<|ref_end|><|rotate_up|>
<|box_start|>165 135 395 150<|box_end|><|ref_start|>text<|ref_end|><|rotate_up|>
<|box_start|>165 161 784 180<|box_end|><|ref_start|>equation<|ref_end|><|rotate_up|>
<|box_start|>165 188 441 204<|box_end|><|ref_start|>text<|ref_end|><|rotate_up|>
<|box_start|>165 214 562 232<|box_end|><|ref_start|>text<|ref_end|><|rotate_up|>
<|box_start|>165 241 441 257<|box_end|><|ref_start|>text<|ref_end|><|rotate_up|>
<|box_start|>165 267 780 286<|box_end|><|ref_start|>equation<|ref_end|><|rotate_up|>
<|box_start|>165 294 668 310<|box_end|><|ref_start|>text<|ref_end|><|rotate_up|>
<|box_start|>137 320 859 363<|box_end|><|ref_start|>text<|ref_end|><|rotate_up|>
<|box_start|>165 374 818 391<|box_end|><|ref_start|>text<|ref_end|><|rotate_up|>
<|box_start|>165 400 655 417<|box_end|><|ref_start|>text<|ref_end|><|rotate_up|>
<|box_start|>165 426 589 444<|box_end|><|ref_start|>text<|ref_end|><|rotate_up|>
<|box_start|>165 453 761 470<|box_end|><|ref_start|>text<|ref_end|><|rotate_up|>
<|box_start|>137 480 857 525<|box_end|><|ref_start|>text<|ref_end|><|rotate_up|>
<|box_start|>137 374 857 525<|box_end|><|ref_start|>list<|ref_end|><|rotate_up|>
<|box_start|>138 546 232 563<|box_end|><|ref_start|>title<|ref_end|><|rotate_up|>
<|box_start|>137 573 859 616<|box_end|><|ref_start|>text<|ref_end|><|rotate_up|>
<|box_start|>165 639 731 656<|box_end|><|ref_start|>text<|ref_end|><|rotate_up|>
<|box_start|>139 728 329 750<|box_end|><|ref_start|>title<|ref_end|><|rotate_up|>
<|box_start|>138 785 529 805<|box_end|><|ref_start|>title<|ref_end|><|rotate_up|>
<|box_start|>139 838 317 856<|box_end|><|ref_start|>title<|ref_end|><|rotate_up|>
<|box_start|>164 862 734 902<|box_end|><|ref_start|>equation<|ref_end|><|rotate_up|>
2026-08-06 12:02:49.012 | DEBUG    | mineru_vl_utils.mineru_client:parse_layout_output:239 - Layout raw output: 
<|box_start|>895 194 950 468<|box_end|><|ref_start|>text<|ref_end|><|rotate_up|>
<|box_start|>865 054 896 168<|box_end|><|ref_start|>text<|ref_end|><|rotate_up|>
<|box_start|>866 194 888 457<|box_end|><|ref_start|>text<|ref_end|><|rotate_up|>
<|box_start|>832 052 862 155<|box_end|><|ref_start|>text<|ref_end|><|rotate_up|>
<|box_start|>797 192 826 459<|box_end|><|ref_start|>text<|ref_end|><|rotate_up|>
<|box_start|>755 048 791 943<|box_end|><|ref_start|>text<|ref_end|><|rotate_up|>
<|box_start|>717 046 751 586<|box_end|><|ref_start|>text<|ref_end|><|rotate_up|>
<|box_start|>673 045 711 690<|box_end|><|ref_start|>text<|ref_end|><|rotate_up|>
<|box_start|>631 102 671 209<|box_end|><|ref_start|>text<|ref_end|><|rotate_up|>
<|box_start|>582 046 624 680<|box_end|><|ref_start|>text<|ref_end|><|rotate_up|>
<|box_start|>548 178 576 413<|box_end|><|ref_start|>text<|ref_end|><|rotate_up|>
<|box_start|>515 201 542 466<|box_end|><|ref_start|>text<|ref_end|><|rotate_up|>
<|box_start|>476 048 506 164<|box_end|><|ref_start|>text<|ref_end|><|rotate_up|>
<|box_start|>478 209 506 480<|box_end|><|ref_start|>text<|ref_end|><|rotate_up|>
<|box_start|>437 048 468 153<|box_end|><|ref_start|>text<|ref_end|><|rotate_up|>
<|box_start|>438 201 470 470<|box_end|><|ref_start|>text<|ref_end|><|rotate_up|>
<|box_start|>405 201 433 469<|box_end|><|ref_start|>text<|ref_end|><|rotate_up|>
<|box_start|>361 051 404 951<|box_end|><|ref_start|>text<|ref_end|><|rotate_up|><|txt_contd_src|>
<|box_start|>320 053 363 949<|box_end|><|ref_start|>text<|ref_end|><|rotate_up|><|txt_contd_tgt|>
<|box_start|>280 054 323 948<|box_end|><|ref_start|>text<|ref_end|><|rotate_up|>
<|box_start|>239 056 282 947<|box_end|><|ref_start|>text<|ref_end|><|rotate_up|>
<|box_start|>197 056 243 660<|box_end|><|ref_start|>text<|ref_end|><|rotate_up|>
<|box_start|>154 125 194 230<|box_end|><|ref_start|>text<|ref_end|><|rotate_up|>
<|box_start|>178 956 241 972<|box_end|><|ref_start|>page_number<|ref_end|><|rotate_up|>
2026-08-06 12:02:49.013 | DEBUG    | mineru_vl_utils.mineru_client:parse_layout_output:239 - Layout raw output: 
<|box_start|>151 031 371 046<|box_end|><|ref_start|>header<|ref_end|><|rotate_up|>
<|box_start|>150 089 518 107<|box_end|><|ref_start|>text<|ref_end|><|rotate_up|>
<|box_start|>149 114 896 158<|box_end|><|ref_start|>text<|ref_end|><|rotate_up|><|txt_contd_src|>
<|box_start|>150 163 616 333<|box_end|><|ref_start|>text<|ref_end|><|rotate_up|><|txt_contd_tgt|>
<|box_start|>636 173 871 279<|box_end|><|ref_start|>image<|ref_end|><|rotate_up|>
<|box_start|>737 290 774 305<|box_end|><|ref_start|>image_caption<|ref_end|><|rotate_up|>
<|box_start|>152 338 739 357<|box_end|><|ref_start|>text<|ref_end|><|rotate_up|>
<|box_start|>152 363 899 407<|box_end|><|ref_start|>text<|ref_end|><|rotate_up|>
<|box_start|>194 413 899 432<|box_end|><|ref_start|>text<|ref_end|><|rotate_up|><|txt_contd_src|>
<|box_start|>153 438 601 481<|box_end|><|ref_start|>text<|ref_end|><|rotate_up|><|txt_contd_tgt|>
<|box_start|>195 488 504 506<|box_end|><|ref_start|>text<|ref_end|><|rotate_up|>
<|box_start|>279 514 472 532<|box_end|><|ref_start|>equation<|ref_end|><|rotate_up|>
<|box_start|>196 538 506 556<|box_end|><|ref_start|>text<|ref_end|><|rotate_up|>
<|box_start|>232 567 518 598<|box_end|><|ref_start|>equation<|ref_end|><|rotate_up|>
<|box_start|>624 448 875 587<|box_end|><|ref_start|>image<|ref_end|><|rotate_up|>
<|box_start|>732 599 768 614<|box_end|><|ref_start|>image_caption<|ref_end|><|rotate_up|>
<|box_start|>196 607 493 625<|box_end|><|ref_start|>text<|ref_end|><|rotate_up|>
<|box_start|>194 632 664 813<|box_end|><|ref_start|>list<|ref_end|><|rotate_up|>
<|box_start|>195 632 577 651<|box_end|><|ref_start|>text<|ref_end|><|rotate_up|>
<|box_start|>194 657 651 676<|box_end|><|ref_start|>text<|ref_end|><|rotate_up|>
<|box_start|>194 682 662 719<|box_end|><|ref_start|>text<|ref_end|><|rotate_up|>
<|box_start|>194 727 621 746<|box_end|><|ref_start|>text<|ref_end|><|rotate_up|>
<|box_start|>194 752 649 771<|box_end|><|ref_start|>text<|ref_end|><|rotate_up|>
<|box_start|>194 776 662 813<|box_end|><|ref_start|>text<|ref_end|><|rotate_up|>
<|box_start|>156 832 290 851<|box_end|><|ref_start|>title<|ref_end|><|rotate_up|>
<|box_start|>195 871 902 894<|box_end|><|ref_start|>text<|ref_end|><|rotate_up|>
<|box_start|>111 953 143 967<|box_end|><|ref_start|>page_number<|ref_end|><|rotate_up|>
2026-08-06 12:02:49.013 | DEBUG    | mineru_vl_utils.mineru_client:parse_layout_output:239 - Layout raw output: 
<|box_start|>157 097 177 109<|box_end|><|ref_start|>text<|ref_end|><|rotate_up|>
<|box_start|>153 111 180 122<|box_end|><|ref_start|>text<|ref_end|><|rotate_up|>
<|box_start|>190 097 397 108<|box_end|><|ref_start|>text<|ref_end|><|rotate_up|>
<|box_start|>193 127 837 198<|box_end|><|ref_start|>list<|ref_end|><|rotate_up|>
<|box_start|>193 127 476 139<|box_end|><|ref_start|>text<|ref_end|><|rotate_up|>
<|box_start|>194 147 382 158<|box_end|><|ref_start|>text<|ref_end|><|rotate_up|>
<|box_start|>193 166 507 178<|box_end|><|ref_start|>text<|ref_end|><|rotate_up|>
<|box_start|>193 186 836 198<|box_end|><|ref_start|>text<|ref_end|><|rotate_up|>
<|box_start|>188 215 324 226<|box_end|><|ref_start|>text<|ref_end|><|rotate_up|>
<|box_start|>153 299 177 311<|box_end|><|ref_start|>text<|ref_end|><|rotate_up|>
<|box_start|>153 314 180 325<|box_end|><|ref_start|>text<|ref_end|><|rotate_up|>
<|box_start|>193 331 307 404<|box_end|><|ref_start|>list<|ref_end|><|rotate_up|>
<|box_start|>194 331 306 343<|box_end|><|ref_start|>text<|ref_end|><|rotate_up|>
<|box_start|>194 351 306 363<|box_end|><|ref_start|>text<|ref_end|><|rotate_up|>
<|box_start|>194 371 306 383<|box_end|><|ref_start|>text<|ref_end|><|rotate_up|>
<|box_start|>194 391 306 403<|box_end|><|ref_start|>text<|ref_end|><|rotate_up|>
<|box_start|>188 421 328 433<|box_end|><|ref_start|>text<|ref_end|><|rotate_up|>
<|box_start|>157 490 188 507<|box_end|><|ref_start|>text<|ref_end|><|rotate_up|>
<|box_start|>153 512 190 526<|box_end|><|ref_start|>text<|ref_end|><|rotate_up|>
<|box_start|>208 491 521 507<|box_end|><|ref_start|>text<|ref_end|><|rotate_up|>
<|box_start|>214 538 665 645<|box_end|><|ref_start|>list<|ref_end|><|rotate_up|>
<|box_start|>214 538 470 553<|box_end|><|ref_start|>text<|ref_end|><|rotate_up|>
<|box_start|>214 569 664 584<|box_end|><|ref_start|>text<|ref_end|><|rotate_up|>
<|box_start|>214 599 399 614<|box_end|><|ref_start|>text<|ref_end|><|rotate_up|>
<|box_start|>214 629 452 644<|box_end|><|ref_start|>text<|ref_end|><|rotate_up|>
<|box_start|>207 674 416 690<|box_end|><|ref_start|>text<|ref_end|><|rotate_up|>
2026-08-06 12:02:49.014 | DEBUG    | mineru_vl_utils.mineru_client:parse_layout_output:239 - Layout raw output: 
<|box_start|>079 025 185 045<|box_end|><|ref_start|>header<|ref_end|><|rotate_up|>
<|box_start|>786 003 976 046<|box_end|><|ref_start|>header<|ref_end|><|rotate_up|>
<|box_start|>165 079 453 143<|box_end|><|ref_start|>title<|ref_end|><|rotate_up|>
<|box_start|>101 172 166 198<|box_end|><|ref_start|>title<|ref_end|><|rotate_up|>
<|box_start|>098 235 266 255<|box_end|><|ref_start|>title<|ref_end|><|rotate_up|>
<|box_start|>099 262 440 310<|box_end|><|ref_start|>text<|ref_end|><|rotate_up|>
<|box_start|>115 318 441 371<|box_end|><|ref_start|>text<|ref_end|><|rotate_up|>
<|box_start|>099 393 374 413<|box_end|><|ref_start|>text<|ref_end|><|rotate_up|>
<|box_start|>116 421 324 472<|box_end|><|ref_start|>text<|ref_end|><|rotate_up|>
<|box_start|>098 496 299 516<|box_end|><|ref_start|>title<|ref_end|><|rotate_up|>
<|box_start|>097 523 441 571<|box_end|><|ref_start|>text<|ref_end|><|rotate_up|>
<|box_start|>096 654 361 674<|box_end|><|ref_start|>text<|ref_end|><|rotate_up|>
<|box_start|>077 929 092 946<|box_end|><|ref_start|>page_number<|ref_end|><|rotate_up|>
<|box_start|>108 931 221 948<|box_end|><|ref_start|>footer<|ref_end|><|rotate_up|>
<|box_start|>556 146 810 166<|box_end|><|ref_start|>title<|ref_end|><|rotate_up|>
<|box_start|>556 172 903 221<|box_end|><|ref_start|>text<|ref_end|><|rotate_up|>
<|box_start|>573 231 650 252<|box_end|><|ref_start|>text<|ref_end|><|rotate_up|>
<|box_start|>573 259 640 280<|box_end|><|ref_start|>text<|ref_end|><|rotate_up|>
<|box_start|>573 231 650 280<|box_end|><|ref_start|>list<|ref_end|><|rotate_up|>
<|box_start|>573 285 697 305<|box_end|><|ref_start|>text<|ref_end|><|rotate_up|>
<|box_start|>573 314 903 364<|box_end|><|ref_start|>text<|ref_end|><|rotate_up|>
<|box_start|>573 370 903 449<|box_end|><|ref_start|>text<|ref_end|><|rotate_up|>
<|box_start|>910 934 924 950<|box_end|><|ref_start|>page_number<|ref_end|><|rotate_up|>
2026-08-06 12:02:49.014 | DEBUG    | mineru_vl_utils.mineru_client:parse_layout_output:239 - Layout raw output: 
<|box_start|>160 048 321 071<|box_end|><|ref_start|>header<|ref_end|><|rotate_up|>
<|box_start|>382 048 626 069<|box_end|><|ref_start|>header<|ref_end|><|rotate_up|>
<|box_start|>278 104 543 128<|box_end|><|ref_start|>text<|ref_end|><|rotate_up|>
<|box_start|>330 154 558 301<|box_end|><|ref_start|>image<|ref_end|><|rotate_up|>
<|box_start|>297 311 500 334<|box_end|><|ref_start|>text<|ref_end|><|rotate_up|>
<|box_start|>733 093 941 140<|box_end|><|ref_start|>text<|ref_end|><|rotate_up|>
<|box_start|>745 162 923 196<|box_end|><|ref_start|>text<|ref_end|><|rotate_up|>
<|box_start|>746 221 921 293<|box_end|><|ref_start|>text<|ref_end|><|rotate_up|>
<|box_start|>159 354 522 379<|box_end|><|ref_start|>title<|ref_end|><|rotate_up|>
<|box_start|>160 396 427 420<|box_end|><|ref_start|>text<|ref_end|><|rotate_up|>
<|box_start|>171 436 703 564<|box_end|><|ref_start|>image<|ref_end|><|rotate_up|>
<|box_start|>743 412 926 459<|box_end|><|ref_start|>text<|ref_end|><|rotate_up|>
<|box_start|>819 484 884 527<|box_end|><|ref_start|>image<|ref_end|><|rotate_up|>
<|box_start|>174 571 886 652<|box_end|><|ref_start|>text<|ref_end|><|rotate_up|>
<|box_start|>370 694 632 717<|box_end|><|ref_start|>text<|ref_end|><|rotate_up|>
<|box_start|>451 750 701 906<|box_end|><|ref_start|>image<|ref_end|><|rotate_up|>
<|box_start|>385 914 589 937<|box_end|><|ref_start|>text<|ref_end|><|rotate_up|>
<|box_start|>064 950 096 966<|box_end|><|ref_start|>page_number<|ref_end|><|rotate_up|>
<|box_start|>251 983 747 999<|box_end|><|ref_start|>footer<|ref_end|><|rotate_up|>
[group 4/4] DONE pages=32 elapsed_s=46.594 pages_per_s=0.56672 eta_s=0.0
[summary] {"schema_version": 1, "created_at": "2026-08-06T11:59:29.626938+00:00", "git_commit": "a031c6f27ef2235f5727be4391a15e03f5df2ae5", "backend": "official_mineru_local-continuous-client", "model": "/workspace/models/MinerU2.5-Pro-2605-1.2B", "dataset_json": "/workspace/datasets/OmniDocBench/OmniDocBench.json", "images_dir": "/workspace/datasets/OmniDocBench/images", "model_hashes": {"config.json": "22097df08750242647a513043636a8dff16820a09757e9271e220bdea378df28"}, "torch": "2.10.0+cpu", "torch_npu": "2.10.0", "transformers": "5.5.4", "mineru_vl_utils": "1.0.5", "dtype": "float16", "attention": "prompt_flash_attention-torchair-prefill-torchair-static-decode", "processor_fast": true, "processor_min_pixels": 25088, "npu_jit_compile": false, "image_analysis": false, "batch_size": 32, "page_batch_size": 32, "layout_image_size": [1036, 1036], "layout_only": false, "local_compiled_cache_length": 4096, "local_decode_attention": "increfa", "local_decode_weight_format": "decode_nz", "local_decode_rotary_impl": "npu_apply", "local_decode_setup": {"packed_projections": {"enabled": true, "layer_count": 24, "created_qkv": 24, "created_gate_up": 24}, "weight_format": {"requested_mode": "decode_nz", "effective_mode": "decode_nz", "target_format": "FRACTAL_NZ", "target_format_id": 29, "decoder_linear_count": 96, "converted_decoder_linear_count": 96, "already_nz_decoder_linear_count": 0, "lm_head_copy": {"source": "model.embed_tokens.weight", "reason": "tied LM head needs NZ matmul weight, but embedding lookup must keep the original ND table", "source_format_before": 2, "copy_format_after": 29, "copy_is_target_format": true, "shape": [151936, 896], "dtype": "torch.float16", "device": "npu:0"}, "skipped_reason": null, "packed_decode_projections": true, "converted_decoder_linear_names": ["model.layers.0.self_attn.decode_qkv_proj", "model.layers.0.self_attn.o_proj", "model.layers.0.mlp.decode_gate_up_proj", "model.layers.0.mlp.down_proj", "model.layers.1.self_attn.decode_qkv_proj", "model.layers.1.self_attn.o_proj", "model.layers.1.mlp.decode_gate_up_proj", "model.layers.1.mlp.down_proj", "model.layers.2.self_attn.decode_qkv_proj", "model.layers.2.self_attn.o_proj", "model.layers.2.mlp.decode_gate_up_proj", "model.layers.2.mlp.down_proj", "model.layers.3.self_attn.decode_qkv_proj", "model.layers.3.self_attn.o_proj", "model.layers.3.mlp.decode_gate_up_proj", "model.layers.3.mlp.down_proj", "model.layers.4.self_attn.decode_qkv_proj", "model.layers.4.self_attn.o_proj", "model.layers.4.mlp.decode_gate_up_proj", "model.layers.4.mlp.down_proj", "model.layers.5.self_attn.decode_qkv_proj", "model.layers.5.self_attn.o_proj", "model.layers.5.mlp.decode_gate_up_proj", "model.layers.5.mlp.down_proj", "model.layers.6.self_attn.decode_qkv_proj", "model.layers.6.self_attn.o_proj", "model.layers.6.mlp.decode_gate_up_proj", "model.layers.6.mlp.down_proj", "model.layers.7.self_attn.decode_qkv_proj", "model.layers.7.self_attn.o_proj", "model.layers.7.mlp.decode_gate_up_proj", "model.layers.7.mlp.down_proj", "model.layers.8.self_attn.decode_qkv_proj", "model.layers.8.self_attn.o_proj", "model.layers.8.mlp.decode_gate_up_proj", "model.layers.8.mlp.down_proj", "model.layers.9.self_attn.decode_qkv_proj", "model.layers.9.self_attn.o_proj", "model.layers.9.mlp.decode_gate_up_proj", "model.layers.9.mlp.down_proj", "model.layers.10.self_attn.decode_qkv_proj", "model.layers.10.self_attn.o_proj", "model.layers.10.mlp.decode_gate_up_proj", "model.layers.10.mlp.down_proj", "model.layers.11.self_attn.decode_qkv_proj", "model.layers.11.self_attn.o_proj", "model.layers.11.mlp.decode_gate_up_proj", "model.layers.11.mlp.down_proj", "model.layers.12.self_attn.decode_qkv_proj", "model.layers.12.self_attn.o_proj", "model.layers.12.mlp.decode_gate_up_proj", "model.layers.12.mlp.down_proj", "model.layers.13.self_attn.decode_qkv_proj", "model.layers.13.self_attn.o_proj", "model.layers.13.mlp.decode_gate_up_proj", "model.layers.13.mlp.down_proj", "model.layers.14.self_attn.decode_qkv_proj", "model.layers.14.self_attn.o_proj", "model.layers.14.mlp.decode_gate_up_proj", "model.layers.14.mlp.down_proj", "model.layers.15.self_attn.decode_qkv_proj", "model.layers.15.self_attn.o_proj", "model.layers.15.mlp.decode_gate_up_proj", "model.layers.15.mlp.down_proj", "model.layers.16.self_attn.decode_qkv_proj", "model.layers.16.self_attn.o_proj", "model.layers.16.mlp.decode_gate_up_proj", "model.layers.16.mlp.down_proj", "model.layers.17.self_attn.decode_qkv_proj", "model.layers.17.self_attn.o_proj", "model.layers.17.mlp.decode_gate_up_proj", "model.layers.17.mlp.down_proj", "model.layers.18.self_attn.decode_qkv_proj", "model.layers.18.self_attn.o_proj", "model.layers.18.mlp.decode_gate_up_proj", "model.layers.18.mlp.down_proj", "model.layers.19.self_attn.decode_qkv_proj", "model.layers.19.self_attn.o_proj", "model.layers.19.mlp.decode_gate_up_proj", "model.layers.19.mlp.down_proj", "model.layers.20.self_attn.decode_qkv_proj", "model.layers.20.self_attn.o_proj", "model.layers.20.mlp.decode_gate_up_proj", "model.layers.20.mlp.down_proj", "model.layers.21.self_attn.decode_qkv_proj", "model.layers.21.self_attn.o_proj", "model.layers.21.mlp.decode_gate_up_proj", "model.layers.21.mlp.down_proj", "model.layers.22.self_attn.decode_qkv_proj", "model.layers.22.self_attn.o_proj", "model.layers.22.mlp.decode_gate_up_proj", "model.layers.22.mlp.down_proj", "model.layers.23.self_attn.decode_qkv_proj", "model.layers.23.self_attn.o_proj", "model.layers.23.mlp.decode_gate_up_proj", "model.layers.23.mlp.down_proj"], "already_nz_decoder_linear_names": [], "before_formats": {"model.layers.0.self_attn.decode_qkv_proj": 2, "model.layers.0.self_attn.o_proj": 2, "model.layers.0.mlp.decode_gate_up_proj": 2, "model.layers.0.mlp.down_proj": 2, "model.layers.1.self_attn.decode_qkv_proj": 2, "model.layers.1.self_attn.o_proj": 2, "model.layers.1.mlp.decode_gate_up_proj": 2, "model.layers.1.mlp.down_proj": 2, "model.layers.2.self_attn.decode_qkv_proj": 2, "model.layers.2.self_attn.o_proj": 2, "model.layers.2.mlp.decode_gate_up_proj": 2, "model.layers.2.mlp.down_proj": 2, "model.layers.3.self_attn.decode_qkv_proj": 2, "model.layers.3.self_attn.o_proj": 2, "model.layers.3.mlp.decode_gate_up_proj": 2, "model.layers.3.mlp.down_proj": 2, "model.layers.4.self_attn.decode_qkv_proj": 2, "model.layers.4.self_attn.o_proj": 2, "model.layers.4.mlp.decode_gate_up_proj": 2, "model.layers.4.mlp.down_proj": 2, "model.layers.5.self_attn.decode_qkv_proj": 2, "model.layers.5.self_attn.o_proj": 2, "model.layers.5.mlp.decode_gate_up_proj": 2, "model.layers.5.mlp.down_proj": 2, "model.layers.6.self_attn.decode_qkv_proj": 2, "model.layers.6.self_attn.o_proj": 2, "model.layers.6.mlp.decode_gate_up_proj": 2, "model.layers.6.mlp.down_proj": 2, "model.layers.7.self_attn.decode_qkv_proj": 2, "model.layers.7.self_attn.o_proj": 2, "model.layers.7.mlp.decode_gate_up_proj": 2, "model.layers.7.mlp.down_proj": 2, "model.layers.8.self_attn.decode_qkv_proj": 2, "model.layers.8.self_attn.o_proj": 2, "model.layers.8.mlp.decode_gate_up_proj": 2, "model.layers.8.mlp.down_proj": 2, "model.layers.9.self_attn.decode_qkv_proj": 2, "model.layers.9.self_attn.o_proj": 2, "model.layers.9.mlp.decode_gate_up_proj": 2, "model.layers.9.mlp.down_proj": 2, "model.layers.10.self_attn.decode_qkv_proj": 2, "model.layers.10.self_attn.o_proj": 2, "model.layers.10.mlp.decode_gate_up_proj": 2, "model.layers.10.mlp.down_proj": 2, "model.layers.11.self_attn.decode_qkv_proj": 2, "model.layers.11.self_attn.o_proj": 2, "model.layers.11.mlp.decode_gate_up_proj": 2, "model.layers.11.mlp.down_proj": 2, "model.layers.12.self_attn.decode_qkv_proj": 2, "model.layers.12.self_attn.o_proj": 2, "model.layers.12.mlp.decode_gate_up_proj": 2, "model.layers.12.mlp.down_proj": 2, "model.layers.13.self_attn.decode_qkv_proj": 2, "model.layers.13.self_attn.o_proj": 2, "model.layers.13.mlp.decode_gate_up_proj": 2, "model.layers.13.mlp.down_proj": 2, "model.layers.14.self_attn.decode_qkv_proj": 2, "model.layers.14.self_attn.o_proj": 2, "model.layers.14.mlp.decode_gate_up_proj": 2, "model.layers.14.mlp.down_proj": 2, "model.layers.15.self_attn.decode_qkv_proj": 2, "model.layers.15.self_attn.o_proj": 2, "model.layers.15.mlp.decode_gate_up_proj": 2, "model.layers.15.mlp.down_proj": 2, "model.layers.16.self_attn.decode_qkv_proj": 2, "model.layers.16.self_attn.o_proj": 2, "model.layers.16.mlp.decode_gate_up_proj": 2, "model.layers.16.mlp.down_proj": 2, "model.layers.17.self_attn.decode_qkv_proj": 2, "model.layers.17.self_attn.o_proj": 2, "model.layers.17.mlp.decode_gate_up_proj": 2, "model.layers.17.mlp.down_proj": 2, "model.layers.18.self_attn.decode_qkv_proj": 2, "model.layers.18.self_attn.o_proj": 2, "model.layers.18.mlp.decode_gate_up_proj": 2, "model.layers.18.mlp.down_proj": 2, "model.layers.19.self_attn.decode_qkv_proj": 2, "model.layers.19.self_attn.o_proj": 2, "model.layers.19.mlp.decode_gate_up_proj": 2, "model.layers.19.mlp.down_proj": 2, "model.layers.20.self_attn.decode_qkv_proj": 2, "model.layers.20.self_attn.o_proj": 2, "model.layers.20.mlp.decode_gate_up_proj": 2, "model.layers.20.mlp.down_proj": 2, "model.layers.21.self_attn.decode_qkv_proj": 2, "model.layers.21.self_attn.o_proj": 2, "model.layers.21.mlp.decode_gate_up_proj": 2, "model.layers.21.mlp.down_proj": 2, "model.layers.22.self_attn.decode_qkv_proj": 2, "model.layers.22.self_attn.o_proj": 2, "model.layers.22.mlp.decode_gate_up_proj": 2, "model.layers.22.mlp.down_proj": 2, "model.layers.23.self_attn.decode_qkv_proj": 2, "model.layers.23.self_attn.o_proj": 2, "model.layers.23.mlp.decode_gate_up_proj": 2, "model.layers.23.mlp.down_proj": 2}, "after_formats": {"model.layers.0.self_attn.decode_qkv_proj": 29, "model.layers.0.self_attn.o_proj": 29, "model.layers.0.mlp.decode_gate_up_proj": 29, "model.layers.0.mlp.down_proj": 29, "model.layers.1.self_attn.decode_qkv_proj": 29, "model.layers.1.self_attn.o_proj": 29, "model.layers.1.mlp.decode_gate_up_proj": 29, "model.layers.1.mlp.down_proj": 29, "model.layers.2.self_attn.decode_qkv_proj": 29, "model.layers.2.self_attn.o_proj": 29, "model.layers.2.mlp.decode_gate_up_proj": 29, "model.layers.2.mlp.down_proj": 29, "model.layers.3.self_attn.decode_qkv_proj": 29, "model.layers.3.self_attn.o_proj": 29, "model.layers.3.mlp.decode_gate_up_proj": 29, "model.layers.3.mlp.down_proj": 29, "model.layers.4.self_attn.decode_qkv_proj": 29, "model.layers.4.self_attn.o_proj": 29, "model.layers.4.mlp.decode_gate_up_proj": 29, "model.layers.4.mlp.down_proj": 29, "model.layers.5.self_attn.decode_qkv_proj": 29, "model.layers.5.self_attn.o_proj": 29, "model.layers.5.mlp.decode_gate_up_proj": 29, "model.layers.5.mlp.down_proj": 29, "model.layers.6.self_attn.decode_qkv_proj": 29, "model.layers.6.self_attn.o_proj": 29, "model.layers.6.mlp.decode_gate_up_proj": 29, "model.layers.6.mlp.down_proj": 29, "model.layers.7.self_attn.decode_qkv_proj": 29, "model.layers.7.self_attn.o_proj": 29, "model.layers.7.mlp.decode_gate_up_proj": 29, "model.layers.7.mlp.down_proj": 29, "model.layers.8.self_attn.decode_qkv_proj": 29, "model.layers.8.self_attn.o_proj": 29, "model.layers.8.mlp.decode_gate_up_proj": 29, "model.layers.8.mlp.down_proj": 29, "model.layers.9.self_attn.decode_qkv_proj": 29, "model.layers.9.self_attn.o_proj": 29, "model.layers.9.mlp.decode_gate_up_proj": 29, "model.layers.9.mlp.down_proj": 29, "model.layers.10.self_attn.decode_qkv_proj": 29, "model.layers.10.self_attn.o_proj": 29, "model.layers.10.mlp.decode_gate_up_proj": 29, "model.layers.10.mlp.down_proj": 29, "model.layers.11.self_attn.decode_qkv_proj": 29, "model.layers.11.self_attn.o_proj": 29, "model.layers.11.mlp.decode_gate_up_proj": 29, "model.layers.11.mlp.down_proj": 29, "model.layers.12.self_attn.decode_qkv_proj": 29, "model.layers.12.self_attn.o_proj": 29, "model.layers.12.mlp.decode_gate_up_proj": 29, "model.layers.12.mlp.down_proj": 29, "model.layers.13.self_attn.decode_qkv_proj": 29, "model.layers.13.self_attn.o_proj": 29, "model.layers.13.mlp.decode_gate_up_proj": 29, "model.layers.13.mlp.down_proj": 29, "model.layers.14.self_attn.decode_qkv_proj": 29, "model.layers.14.self_attn.o_proj": 29, "model.layers.14.mlp.decode_gate_up_proj": 29, "model.layers.14.mlp.down_proj": 29, "model.layers.15.self_attn.decode_qkv_proj": 29, "model.layers.15.self_attn.o_proj": 29, "model.layers.15.mlp.decode_gate_up_proj": 29, "model.layers.15.mlp.down_proj": 29, "model.layers.16.self_attn.decode_qkv_proj": 29, "model.layers.16.self_attn.o_proj": 29, "model.layers.16.mlp.decode_gate_up_proj": 29, "model.layers.16.mlp.down_proj": 29, "model.layers.17.self_attn.decode_qkv_proj": 29, "model.layers.17.self_attn.o_proj": 29, "model.layers.17.mlp.decode_gate_up_proj": 29, "model.layers.17.mlp.down_proj": 29, "model.layers.18.self_attn.decode_qkv_proj": 29, "model.layers.18.self_attn.o_proj": 29, "model.layers.18.mlp.decode_gate_up_proj": 29, "model.layers.18.mlp.down_proj": 29, "model.layers.19.self_attn.decode_qkv_proj": 29, "model.layers.19.self_attn.o_proj": 29, "model.layers.19.mlp.decode_gate_up_proj": 29, "model.layers.19.mlp.down_proj": 29, "model.layers.20.self_attn.decode_qkv_proj": 29, "model.layers.20.self_attn.o_proj": 29, "model.layers.20.mlp.decode_gate_up_proj": 29, "model.layers.20.mlp.down_proj": 29, "model.layers.21.self_attn.decode_qkv_proj": 29, "model.layers.21.self_attn.o_proj": 29, "model.layers.21.mlp.decode_gate_up_proj": 29, "model.layers.21.mlp.down_proj": 29, "model.layers.22.self_attn.decode_qkv_proj": 29, "model.layers.22.self_attn.o_proj": 29, "model.layers.22.mlp.decode_gate_up_proj": 29, "model.layers.22.mlp.down_proj": 29, "model.layers.23.self_attn.decode_qkv_proj": 29, "model.layers.23.self_attn.o_proj": 29, "model.layers.23.mlp.decode_gate_up_proj": 29, "model.layers.23.mlp.down_proj": 29}, "all_decoder_linears_nz": true}, "rotary_impl": {"requested_mode": "npu_apply", "effective_mode": "npu_apply", "rotary_mode": "half", "scope": "decode_static_only", "prefill_rotary_impl": "manual", "updated_attention_layers": 24, "skipped_reason": null}, "attention": {"requested_mode": "increfa", "effective_mode": "increfa", "scope": "decode_static_only", "updated_attention_layers": 24}, "setup_s": 6.238586529158056}, "local_prepare_prefetch_depth": 16, "local_prefill_metrics": true, "local_text_backend": "torchair-packed", "local_text_buckets": "128,256,512,1024", "local_text_max_members": 32, "local_text_torchair_cache_dir": ".runtime_cache/11_mineru_2_5_pro_inference/text_prefill_packed_fp16", "local_vision_attention": "prompt_flash_attention", "local_vision_backend": "torchair", "local_vision_buckets": "384,512,768,1024,1536,2048,3072,4224,5632", "local_vision_torchair_cache_dir": ".runtime_cache/11_mineru_2_5_pro_inference/vision_prefill_b1_fp16_9511b2e", "local_torchair_cache_dir": ".runtime_cache/11_mineru_2_5_pro_inference/production_increfa_real_nz_compile", "vllm_enforce_eager": null, "vllm_gpu_memory_utilization": null, "vllm_max_model_len": null, "vllm_max_num_seqs": null, "vllm_max_num_batched_tokens": null, "vllm_full_decode_only": null, "vllm_cudagraph_capture_sizes": null, "vllm_force_tied_embeddings": false, "vllm_raw_multimodal_prompts": false, "offset": 0, "limit": 128, "shard_count": 1, "shard_index": 0, "selected_pages": 128, "shard_pages": 128, "setup_s": 22.340125465998426, "warmup": {"requested_pages": 2, "executed_pages": 2, "dataset_indices": [0, 1], "wall_s": 17.05502285202965, "measurement_counters_reset": true, "real_page_wall_s": 11.841874250909314, "static_bucket_warmup": {"vision": {"384": {"source": "real_page_tensor_replay", "first_call_s": 0.6597899331245571}, "512": {"source": "real_page_tensor_replay", "first_call_s": 0.6534768859855831}, "768": {"source": "real_page_execution", "first_call_s": 0.6507309200242162}, "1024": {"source": "real_page_execution", "first_call_s": 0.6567899929359555}, "1536": {"source": "real_page_execution", "first_call_s": 0.6662586939055473}, "2048": {"source": "real_page_tensor_replay", "first_call_s": 0.6724528591148555}, "3072": {"source": "real_page_tensor_replay", "first_call_s": 0.6822343049570918}, "4224": {"source": "real_page_tensor_replay", "first_call_s": 0.7096355909015983}, "5632": {"source": "real_page_execution", "first_call_s": 0.7471412888262421}}, "text": {"128": {"source": "real_page_tensor_replay", "first_call_s": 0.8424875878263265}, "256": {"source": "real_page_execution", "first_call_s": 0.8415383719839156}, "512": {"source": "real_page_tensor_replay", "first_call_s": 0.8523386961314827}, "1024": {"source": "real_page_execution", "first_call_s": 0.8603402620647103}}}, "static_bucket_wall_s": 5.213118409970775, "generation_calls": 2, "vision_runtime": {"backend": "torchair", "boundary": "32_vision_transformer_blocks", "batch_size": 1, "attention": "prompt_flash_attention", "mask_sparse_mode": 1, "padding": "bucket", "buckets": [384, 512, 768, 1024, 1536, 2048, 3072, 4224, 5632], "overflow": "eager_unpadded", "route_counts": {"5632": 3, "768": 3, "packed_768": 10, "1024": 3, "1536": 2}, "real_tokens": 30256, "physical_tokens": 33024, "useful_token_fraction": 0.9161821705426356, "compile_records": {"5632": {"compile_wrapper_s": 0.0001065318938344717, "first_call_s": 0.7472417000681162, "cache_dir": "/workspace/repos/paddle_ocr_vl_npu/.runtime_cache/11_mineru_2_5_pro_inference/vision_prefill_b1_fp16_9511b2e/mineru_vision_blocks_promptfa_mask_sparse1_bs1_seq5632_dtypefloat16_model22097df08750_torch2.10.0+cpu_torchnpu2.10.0_src2910a67c2383"}, "768": {"compile_wrapper_s": 8.942186832427979e-05, "first_call_s": 0.6508261510170996, "cache_dir": "/workspace/repos/paddle_ocr_vl_npu/.runtime_cache/11_mineru_2_5_pro_inference/vision_prefill_b1_fp16_9511b2e/mineru_vision_blocks_promptfa_mask_sparse1_bs1_seq768_dtypefloat16_model22097df08750_torch2.10.0+cpu_torchnpu2.10.0_src2910a67c2383"}, "1024": {"compile_wrapper_s": 9.309104643762112e-05, "first_call_s": 0.6568763440009207, "cache_dir": "/workspace/repos/paddle_ocr_vl_npu/.runtime_cache/11_mineru_2_5_pro_inference/vision_prefill_b1_fp16_9511b2e/mineru_vision_blocks_promptfa_mask_sparse1_bs1_seq1024_dtypefloat16_model22097df08750_torch2.10.0+cpu_torchnpu2.10.0_src2910a67c2383"}, "1536": {"compile_wrapper_s": 8.58609564602375e-05, "first_call_s": 0.666343844961375, "cache_dir": "/workspace/repos/paddle_ocr_vl_npu/.runtime_cache/11_mineru_2_5_pro_inference/vision_prefill_b1_fp16_9511b2e/mineru_vision_blocks_promptfa_mask_sparse1_bs1_seq1536_dtypefloat16_model22097df08750_torch2.10.0+cpu_torchnpu2.10.0_src2910a67c2383"}, "384": {"compile_wrapper_s": 8.439086377620697e-05, "first_call_s": 0.6597899331245571, "cache_dir": "/workspace/repos/paddle_ocr_vl_npu/.runtime_cache/11_mineru_2_5_pro_inference/vision_prefill_b1_fp16_9511b2e/mineru_vision_blocks_promptfa_mask_sparse1_bs1_seq384_dtypefloat16_model22097df08750_torch2.10.0+cpu_torchnpu2.10.0_src2910a67c2383"}, "512": {"compile_wrapper_s": 8.582207374274731e-05, "first_call_s": 0.6534768859855831, "cache_dir": "/workspace/repos/paddle_ocr_vl_npu/.runtime_cache/11_mineru_2_5_pro_inference/vision_prefill_b1_fp16_9511b2e/mineru_vision_blocks_promptfa_mask_sparse1_bs1_seq512_dtypefloat16_model22097df08750_torch2.10.0+cpu_torchnpu2.10.0_src2910a67c2383"}, "2048": {"compile_wrapper_s": 8.642091415822506e-05, "first_call_s": 0.6724528591148555, "cache_dir": "/workspace/repos/paddle_ocr_vl_npu/.runtime_cache/11_mineru_2_5_pro_inference/vision_prefill_b1_fp16_9511b2e/mineru_vision_blocks_promptfa_mask_sparse1_bs1_seq2048_dtypefloat16_model22097df08750_torch2.10.0+cpu_torchnpu2.10.0_src2910a67c2383"}, "3072": {"compile_wrapper_s": 8.556200191378593e-05, "first_call_s": 0.6822343049570918, "cache_dir": "/workspace/repos/paddle_ocr_vl_npu/.runtime_cache/11_mineru_2_5_pro_inference/vision_prefill_b1_fp16_9511b2e/mineru_vision_blocks_promptfa_mask_sparse1_bs1_seq3072_dtypefloat16_model22097df08750_torch2.10.0+cpu_torchnpu2.10.0_src2910a67c2383"}, "4224": {"compile_wrapper_s": 8.517084643244743e-05, "first_call_s": 0.7096355909015983, "cache_dir": "/workspace/repos/paddle_ocr_vl_npu/.runtime_cache/11_mineru_2_5_pro_inference/vision_prefill_b1_fp16_9511b2e/mineru_vision_blocks_promptfa_mask_sparse1_bs1_seq4224_dtypefloat16_model22097df08750_torch2.10.0+cpu_torchnpu2.10.0_src2910a67c2383"}}}, "text_runtime": {"enabled": true, "boundary": "packed_block_diagonal_text_transformer", "buckets": [128, 256, 512, 1024], "max_members": 32, "packed_qkv": false, "packed_gate_up": false, "attention": "manual_block_diagonal_causal", "route_counts": {"1024": 4, "256": 1}, "pack_count": 5, "real_tokens": 4257, "physical_tokens": 4352, "useful_token_fraction": 0.9781709558823529, "cache_copy_bytes": 52310016, "compile_records": {"1024": {"cache_dir": "/workspace/repos/paddle_ocr_vl_npu/.runtime_cache/11_mineru_2_5_pro_inference/text_prefill_packed_fp16/mineru_text_packed_block_causal_stock_projections_bs1_seq1024_members32_dtypefloat16_model22097df08750_torch2.10.0+cpu_torchnpu2.10.0_srccd1623e68379", "cache_was_warm": true, "compile_wrapper_s": 0.0009777368977665901, "first_call_s": 0.8605815558694303}, "256": {"cache_dir": "/workspace/repos/paddle_ocr_vl_npu/.runtime_cache/11_mineru_2_5_pro_inference/text_prefill_packed_fp16/mineru_text_packed_block_causal_stock_projections_bs1_seq256_members32_dtypefloat16_model22097df08750_torch2.10.0+cpu_torchnpu2.10.0_srccd1623e68379", "cache_was_warm": true, "compile_wrapper_s": 0.0013248228933662176, "first_call_s": 0.8416490640956908}, "128": {"cache_dir": "/workspace/repos/paddle_ocr_vl_npu/.runtime_cache/11_mineru_2_5_pro_inference/text_prefill_packed_fp16/mineru_text_packed_block_causal_stock_projections_bs1_seq128_members32_dtypefloat16_model22097df08750_torch2.10.0+cpu_torchnpu2.10.0_srccd1623e68379", "cache_was_warm": true, "compile_wrapper_s": 0.0009437960106879473, "first_call_s": 0.8424875878263265}, "512": {"cache_dir": "/workspace/repos/paddle_ocr_vl_npu/.runtime_cache/11_mineru_2_5_pro_inference/text_prefill_packed_fp16/mineru_text_packed_block_causal_stock_projections_bs1_seq512_members32_dtypefloat16_model22097df08750_torch2.10.0+cpu_torchnpu2.10.0_srccd1623e68379", "cache_was_warm": true, "compile_wrapper_s": 0.000999626936390996, "first_call_s": 0.8523386961314827}}}}, "ascend_rt_visible_devices": "6", "pipeline_wall_s": 226.0767895928584, "completed": 128, "skipped": 0, "failed": 0, "measured_page_mean_s": null, "measured_pages_per_s": null, "measured_group_count": 4, "measured_group_wall_s": 225.86241183872335, "measured_group_pages_per_s": 0.5667166969393658, "local_compiled_vision": {"backend": "torchair", "boundary": "32_vision_transformer_blocks", "batch_size": 1, "attention": "prompt_flash_attention", "mask_sparse_mode": 1, "padding": "bucket", "buckets": [384, 512, 768, 1024, 1536, 2048, 3072, 4224, 5632], "overflow": "eager_unpadded", "route_counts": {"5632": 128, "768": 252, "packed_768": 346, "1024": 94, "1536": 102, "384": 1061, "512": 160, "2048": 34, "4224": 5, "3072": 27, "eager_overflow": 1}, "real_tokens": 1689440, "physical_tokens": 2104120, "useful_token_fraction": 0.8029199855521548, "compile_records": {"5632": {"compile_wrapper_s": 0.0001065318938344717, "first_call_s": 0.7472417000681162, "cache_dir": "/workspace/repos/paddle_ocr_vl_npu/.runtime_cache/11_mineru_2_5_pro_inference/vision_prefill_b1_fp16_9511b2e/mineru_vision_blocks_promptfa_mask_sparse1_bs1_seq5632_dtypefloat16_model22097df08750_torch2.10.0+cpu_torchnpu2.10.0_src2910a67c2383"}, "768": {"compile_wrapper_s": 8.942186832427979e-05, "first_call_s": 0.6508261510170996, "cache_dir": "/workspace/repos/paddle_ocr_vl_npu/.runtime_cache/11_mineru_2_5_pro_inference/vision_prefill_b1_fp16_9511b2e/mineru_vision_blocks_promptfa_mask_sparse1_bs1_seq768_dtypefloat16_model22097df08750_torch2.10.0+cpu_torchnpu2.10.0_src2910a67c2383"}, "1024": {"compile_wrapper_s": 9.309104643762112e-05, "first_call_s": 0.6568763440009207, "cache_dir": "/workspace/repos/paddle_ocr_vl_npu/.runtime_cache/11_mineru_2_5_pro_inference/vision_prefill_b1_fp16_9511b2e/mineru_vision_blocks_promptfa_mask_sparse1_bs1_seq1024_dtypefloat16_model22097df08750_torch2.10.0+cpu_torchnpu2.10.0_src2910a67c2383"}, "1536": {"compile_wrapper_s": 8.58609564602375e-05, "first_call_s": 0.666343844961375, "cache_dir": "/workspace/repos/paddle_ocr_vl_npu/.runtime_cache/11_mineru_2_5_pro_inference/vision_prefill_b1_fp16_9511b2e/mineru_vision_blocks_promptfa_mask_sparse1_bs1_seq1536_dtypefloat16_model22097df08750_torch2.10.0+cpu_torchnpu2.10.0_src2910a67c2383"}, "384": {"compile_wrapper_s": 8.439086377620697e-05, "first_call_s": 0.6597899331245571, "cache_dir": "/workspace/repos/paddle_ocr_vl_npu/.runtime_cache/11_mineru_2_5_pro_inference/vision_prefill_b1_fp16_9511b2e/mineru_vision_blocks_promptfa_mask_sparse1_bs1_seq384_dtypefloat16_model22097df08750_torch2.10.0+cpu_torchnpu2.10.0_src2910a67c2383"}, "512": {"compile_wrapper_s": 8.582207374274731e-05, "first_call_s": 0.6534768859855831, "cache_dir": "/workspace/repos/paddle_ocr_vl_npu/.runtime_cache/11_mineru_2_5_pro_inference/vision_prefill_b1_fp16_9511b2e/mineru_vision_blocks_promptfa_mask_sparse1_bs1_seq512_dtypefloat16_model22097df08750_torch2.10.0+cpu_torchnpu2.10.0_src2910a67c2383"}, "2048": {"compile_wrapper_s": 8.642091415822506e-05, "first_call_s": 0.6724528591148555, "cache_dir": "/workspace/repos/paddle_ocr_vl_npu/.runtime_cache/11_mineru_2_5_pro_inference/vision_prefill_b1_fp16_9511b2e/mineru_vision_blocks_promptfa_mask_sparse1_bs1_seq2048_dtypefloat16_model22097df08750_torch2.10.0+cpu_torchnpu2.10.0_src2910a67c2383"}, "3072": {"compile_wrapper_s": 8.556200191378593e-05, "first_call_s": 0.6822343049570918, "cache_dir": "/workspace/repos/paddle_ocr_vl_npu/.runtime_cache/11_mineru_2_5_pro_inference/vision_prefill_b1_fp16_9511b2e/mineru_vision_blocks_promptfa_mask_sparse1_bs1_seq3072_dtypefloat16_model22097df08750_torch2.10.0+cpu_torchnpu2.10.0_src2910a67c2383"}, "4224": {"compile_wrapper_s": 8.517084643244743e-05, "first_call_s": 0.7096355909015983, "cache_dir": "/workspace/repos/paddle_ocr_vl_npu/.runtime_cache/11_mineru_2_5_pro_inference/vision_prefill_b1_fp16_9511b2e/mineru_vision_blocks_promptfa_mask_sparse1_bs1_seq4224_dtypefloat16_model22097df08750_torch2.10.0+cpu_torchnpu2.10.0_src2910a67c2383"}}}, "local_compiled_text_prefill": {"enabled": true, "boundary": "packed_block_diagonal_text_transformer", "buckets": [128, 256, 512, 1024], "max_members": 32, "packed_qkv": false, "packed_gate_up": false, "attention": "manual_block_diagonal_causal", "route_counts": {"1024": 80, "256": 542, "128": 1040, "512": 187}, "pack_count": 1849, "real_tokens": 306008, "physical_tokens": 449536, "useful_token_fraction": 0.6807196753986332, "cache_copy_bytes": 3760226304, "compile_records": {"1024": {"cache_dir": "/workspace/repos/paddle_ocr_vl_npu/.runtime_cache/11_mineru_2_5_pro_inference/text_prefill_packed_fp16/mineru_text_packed_block_causal_stock_projections_bs1_seq1024_members32_dtypefloat16_model22097df08750_torch2.10.0+cpu_torchnpu2.10.0_srccd1623e68379", "cache_was_warm": true, "compile_wrapper_s": 0.0009777368977665901, "first_call_s": 0.8605815558694303}, "256": {"cache_dir": "/workspace/repos/paddle_ocr_vl_npu/.runtime_cache/11_mineru_2_5_pro_inference/text_prefill_packed_fp16/mineru_text_packed_block_causal_stock_projections_bs1_seq256_members32_dtypefloat16_model22097df08750_torch2.10.0+cpu_torchnpu2.10.0_srccd1623e68379", "cache_was_warm": true, "compile_wrapper_s": 0.0013248228933662176, "first_call_s": 0.8416490640956908}, "128": {"cache_dir": "/workspace/repos/paddle_ocr_vl_npu/.runtime_cache/11_mineru_2_5_pro_inference/text_prefill_packed_fp16/mineru_text_packed_block_causal_stock_projections_bs1_seq128_members32_dtypefloat16_model22097df08750_torch2.10.0+cpu_torchnpu2.10.0_srccd1623e68379", "cache_was_warm": true, "compile_wrapper_s": 0.0009437960106879473, "first_call_s": 0.8424875878263265}, "512": {"cache_dir": "/workspace/repos/paddle_ocr_vl_npu/.runtime_cache/11_mineru_2_5_pro_inference/text_prefill_packed_fp16/mineru_text_packed_block_causal_stock_projections_bs1_seq512_members32_dtypefloat16_model22097df08750_torch2.10.0+cpu_torchnpu2.10.0_srccd1623e68379", "cache_was_warm": true, "compile_wrapper_s": 0.000999626936390996, "first_call_s": 0.8523386961314827}}}, "local_compiled_generation": {"calls": 8, "decode_calls": 249044, "raw_decode_token_slots": 468064, "active_decode_token_slots": 249044, "idle_decode_token_slots": 219020, "active_slot_fraction": 0.5320725370889451, "refill_count": 2649, "prepare_prefetch_depth": 16, "cpu_prepare_worker_s": 79.71332079381682, "cpu_prepare_wait_s": 5.470938713755459, "request_h2d_submit_s": 23.479993171757087, "decode_s": 64.58718568668701, "decode_tok_s": 3855.9351572944297, "raw_decode_tok_s": 7247.01030124741, "prefill_s": 89.63017762475647, "generation_wall_s": 201.29008447611704, "compile_wrapper_s": 0, "compiled_first_call_s": 0, "phase_calls": [{"call_index": 0, "group_index": 0, "phase": "layout", "request_count": 32, "graph_calls": 825, "decode_calls": 13273, "raw_decode_token_slots": 26400, "active_decode_token_slots": 13273, "prefill_s": 4.892054094001651, "decode_s": 3.633760350290686, "generation_wall_s": 10.777598403161392, "cpu_prepare_worker_s": 1.272185014327988, "cpu_prepare_wait_s": 0.8300190991722047, "request_h2d_submit_s": 0.4421785259619355, "prefill_metrics": {"request_count": 32, "raw_vision_tokens": 175232, "merged_vision_tokens": 43808, "text_prefill_tokens": 44608, "physical_text_prefill_tokens": 44608, "text_prefill_pack_count": 0, "text_prefill_overflow_count": 32, "text_kv_redistribute_bytes": 0, "token_embedding": 0.004347639985382557, "vision_patch_embed": 0.010250419974327086, "vision_position_prepare": 0.04538674032688141, "vision_transformer_blocks": 3.2212102966308596, "vision_merger": 0.013052700042724609, "image_embed_scatter": 0.029072859942913046, "mrope_prepare": 0.06759773969650269, "text_transformer_prefill": 1.4694426879882811, "prefill_lm_head": 0.015111380070447922}}, {"call_index": 1, "group_index": 0, "phase": "recognition", "request_count": 560, "graph_calls": 1546, "decode_calls": 30563, "raw_decode_token_slots": 49472, "active_decode_token_slots": 30563, "prefill_s": 14.496961058815941, "decode_s": 6.8723634094931185, "generation_wall_s": 29.506235498934984, "cpu_prepare_worker_s": 16.590467115864158, "cpu_prepare_wait_s": 0.48899423284456134, "request_h2d_submit_s": 5.255976725369692, "prefill_metrics": {"request_count": 560, "raw_vision_tokens": 216916, "merged_vision_tokens": 54229, "text_prefill_tokens": 68229, "physical_text_prefill_tokens": 100517, "text_prefill_pack_count": 381, "text_prefill_overflow_count": 1, "text_kv_redistribute_bytes": 825360384, "token_embedding": 0.09114164014160638, "vision_patch_embed": 0.16737720046937465, "vision_position_prepare": 0.902699818372727, "vision_transformer_blocks": 6.851891294479373, "vision_merger": 0.06302516004070638, "image_embed_scatter": 0.06133005996048448, "mrope_prepare": 1.498653617382048, "text_transformer_prefill": 3.7059347972869867, "text_kv_redistribute": 0.2990646609961985, "prefill_lm_head": 0.09176545993983747}}, {"call_index": 2, "group_index": 1, "phase": "layout", "request_count": 32, "graph_calls": 939, "decode_calls": 17079, "raw_decode_token_slots": 30048, "active_decode_token_slots": 17079, "prefill_s": 4.860259462846443, "decode_s": 4.154941714368761, "generation_wall_s": 11.482647276017815, "cpu_prepare_worker_s": 1.2699663266539574, "cpu_prepare_wait_s": 0.8244966068305075, "request_h2d_submit_s": 0.4477323933970183, "prefill_metrics": {"request_count": 32, "raw_vision_tokens": 175232, "merged_vision_tokens": 43808, "text_prefill_tokens": 44608, "physical_text_prefill_tokens": 44608, "text_prefill_pack_count": 0, "text_prefill_overflow_count": 32, "text_kv_redistribute_bytes": 0, "token_embedding": 0.0034867999777197832, "vision_patch_embed": 0.009847860008478166, "vision_position_prepare": 0.04281143999099731, "vision_transformer_blocks": 3.216388236999512, "vision_merger": 0.013085280030965804, "image_embed_scatter": 0.029025200009346004, "mrope_prepare": 0.063937819480896, "text_transformer_prefill": 1.4524596099853515, "prefill_lm_head": 0.01506503999233246}}, {"call_index": 3, "group_index": 1, "phase": "recognition", "request_count": 683, "graph_calls": 5979, "decode_calls": 73915, "raw_decode_token_slots": 191328, "active_decode_token_slots": 73915, "prefill_s": 19.317633733619004, "decode_s": 26.317172358511016, "generation_wall_s": 57.927566598868, "cpu_prepare_worker_s": 20.15581504511647, "cpu_prepare_wait_s": 0.5592054922599345, "request_h2d_submit_s": 6.365629356587306, "prefill_metrics": {"request_count": 683, "raw_vision_tokens": 245404, "merged_vision_tokens": 61351, "text_prefill_tokens": 78426, "physical_text_prefill_tokens": 117888, "text_prefill_pack_count": 569, "text_prefill_overflow_count": 0, "text_kv_redistribute_bytes": 963698688, "token_embedding": 0.11729404011368759, "vision_patch_embed": 0.16009628009796148, "vision_position_prepare": 0.9669507409334175, "vision_transformer_blocks": 8.603526758193972, "vision_merger": 1.2395779132768514, "image_embed_scatter": 0.06898176002129913, "mrope_prepare": 1.6106533572673787, "text_transformer_prefill": 5.188682086944583, "text_kv_redistribute": 0.30540639972686795, "prefill_lm_head": 0.13049637998640548}}, {"call_index": 4, "group_index": 2, "phase": "layout", "request_count": 32, "graph_calls": 1021, "decode_calls": 17226, "raw_decode_token_slots": 32672, "active_decode_token_slots": 17226, "prefill_s": 4.79953797115013, "decode_s": 4.47799996426329, "generation_wall_s": 11.697211381979287, "cpu_prepare_worker_s": 1.230615593958646, "cpu_prepare_wait_s": 0.8285256111994386, "request_h2d_submit_s": 0.4042687634937465, "prefill_metrics": {"request_count": 32, "raw_vision_tokens": 175232, "merged_vision_tokens": 43808, "text_prefill_tokens": 44608, "physical_text_prefill_tokens": 44608, "text_prefill_pack_count": 0, "text_prefill_overflow_count": 32, "text_kv_redistribute_bytes": 0, "token_embedding": 0.0033521999940276147, "vision_patch_embed": 0.00986151996254921, "vision_position_prepare": 0.04602132034301757, "vision_transformer_blocks": 3.215737953186036, "vision_merger": 0.013087639987468718, "image_embed_scatter": 0.029055080175399785, "mrope_prepare": 0.07213776063919068, "text_transformer_prefill": 1.3824075355529781, "prefill_lm_head": 0.014801740050315858}}, {"call_index": 5, "group_index": 2, "phase": "recognition", "request_count": 696, "graph_calls": 2553, "decode_calls": 64656, "raw_decode_token_slots": 81696, "active_decode_token_slots": 64656, "prefill_s": 18.61820926819928, "decode_s": 11.333350579952821, "generation_wall_s": 42.119332768023014, "cpu_prepare_worker_s": 20.191902251914144, "cpu_prepare_wait_s": 0.5395489004440606, "request_h2d_submit_s": 7.054446880705655, "prefill_metrics": {"request_count": 696, "raw_vision_tokens": 255076, "merged_vision_tokens": 63769, "text_prefill_tokens": 81169, "physical_text_prefill_tokens": 120576, "text_prefill_pack_count": 568, "text_prefill_overflow_count": 0, "text_kv_redistribute_bytes": 997404672, "token_embedding": 0.116484579563141, "vision_patch_embed": 0.17219699998199933, "vision_position_prepare": 0.9723901211023338, "vision_transformer_blocks": 8.877232548713675, "vision_merger": 0.08208457983285185, "image_embed_scatter": 0.07178834006935361, "mrope_prepare": 1.7574902992248538, "text_transformer_prefill": 5.206358623504635, "text_kv_redistribute": 0.3179794004559516, "prefill_lm_head": 0.1308348999321461}}, {"call_index": 6, "group_index": 3, "phase": "layout", "request_count": 32, "graph_calls": 1079, "decode_calls": 13909, "raw_decode_token_slots": 34528, "active_decode_token_slots": 13909, "prefill_s": 4.835934130940586, "decode_s": 4.731654167640954, "generation_wall_s": 11.76990969805047, "cpu_prepare_worker_s": 1.2493587206117809, "cpu_prepare_wait_s": 0.8564370619133115, "request_h2d_submit_s": 0.394940591417253, "prefill_metrics": {"request_count": 32, "raw_vision_tokens": 175232, "merged_vision_tokens": 43808, "text_prefill_tokens": 44608, "physical_text_prefill_tokens": 44608, "text_prefill_pack_count": 0, "text_prefill_overflow_count": 32, "text_kv_redistribute_bytes": 0, "token_embedding": 0.0037763200178742413, "vision_patch_embed": 0.010219180047512053, "vision_position_prepare": 0.043616980314254754, "vision_transformer_blocks": 3.219347839355469, "vision_merger": 0.013172560065984723, "image_embed_scatter": 0.029024119913578027, "mrope_prepare": 0.06833653998374938, "text_transformer_prefill": 1.4195267295837402, "prefill_lm_head": 0.014913680076599118}}, {"call_index": 7, "group_index": 3, "phase": "recognition", "request_count": 582, "graph_calls": 685, "decode_calls": 18423, "raw_decode_token_slots": 21920, "active_decode_token_slots": 18423, "prefill_s": 17.809587905183434, "decode_s": 3.065943142166361, "generation_wall_s": 26.009582851082087, "cpu_prepare_worker_s": 17.753010725369677, "cpu_prepare_wait_s": 0.5437117090914398, "request_h2d_submit_s": 3.1148199348244816, "prefill_metrics": {"request_count": 582, "raw_vision_tokens": 271116, "merged_vision_tokens": 67779, "text_prefill_tokens": 82329, "physical_text_prefill_tokens": 114700, "text_prefill_pack_count": 331, "text_prefill_overflow_count": 2, "text_kv_redistribute_bytes": 973762560, "token_embedding": 0.09166191985458128, "vision_patch_embed": 0.19960326015949245, "vision_position_prepare": 0.9569022005796428, "vision_transformer_blocks": 7.359718873977663, "vision_merger": 1.1928138298951074, "image_embed_scatter": 0.0703665599711239, "mrope_prepare": 2.7125072318315504, "text_transformer_prefill": 3.6223798274993864, "text_kv_redistribute": 0.821914617538452, "prefill_lm_head": 0.08871257989108558}}], "prefill_metrics": {"request_count": 2649, "raw_vision_tokens": 1689440, "merged_vision_tokens": 422360, "text_prefill_tokens": 488585, "physical_text_prefill_tokens": 632113, "text_prefill_pack_count": 1849, "text_prefill_overflow_count": 131, "text_kv_redistribute_bytes": 3760226304, "token_embedding": 0.43154513964802044, "vision_patch_embed": 0.7394527207016945, "vision_position_prepare": 3.9767793619632723, "vision_transformer_blocks": 44.565053801536564, "vision_merger": 2.6298996631726608, "image_embed_scatter": 0.38864398006349793, "mrope_prepare": 7.85131436550617, "text_transformer_prefill": 23.44719189834594, "prefill_lm_head": 0.50170115993917, "text_kv_redistribute": 1.74436507871747, "raw_vision_tok_s": 0.0, "merged_vision_tok_s": 0.0, "text_prefill_tok_s": 20837.67651658392, "physical_text_prefill_tok_s": 26959.00655142383}, "prefill_calls": [{"call_index": 0, "request_count": 32, "prefill_s": 4.892054094001651, "prefill_metrics": {"request_count": 32, "raw_vision_tokens": 175232, "merged_vision_tokens": 43808, "text_prefill_tokens": 44608, "physical_text_prefill_tokens": 44608, "text_prefill_pack_count": 0, "text_prefill_overflow_count": 32, "text_kv_redistribute_bytes": 0, "token_embedding": 0.004347639985382557, "vision_patch_embed": 0.010250419974327086, "vision_position_prepare": 0.04538674032688141, "vision_transformer_blocks": 3.2212102966308596, "vision_merger": 0.013052700042724609, "image_embed_scatter": 0.029072859942913046, "mrope_prepare": 0.06759773969650269, "text_transformer_prefill": 1.4694426879882811, "prefill_lm_head": 0.015111380070447922}}, {"call_index": 1, "request_count": 560, "prefill_s": 14.496961058815941, "prefill_metrics": {"request_count": 560, "raw_vision_tokens": 216916, "merged_vision_tokens": 54229, "text_prefill_tokens": 68229, "physical_text_prefill_tokens": 100517, "text_prefill_pack_count": 381, "text_prefill_overflow_count": 1, "text_kv_redistribute_bytes": 825360384, "token_embedding": 0.09114164014160638, "vision_patch_embed": 0.16737720046937465, "vision_position_prepare": 0.902699818372727, "vision_transformer_blocks": 6.851891294479373, "vision_merger": 0.06302516004070638, "image_embed_scatter": 0.06133005996048448, "mrope_prepare": 1.498653617382048, "text_transformer_prefill": 3.7059347972869867, "text_kv_redistribute": 0.2990646609961985, "prefill_lm_head": 0.09176545993983747}}, {"call_index": 2, "request_count": 32, "prefill_s": 4.860259462846443, "prefill_metrics": {"request_count": 32, "raw_vision_tokens": 175232, "merged_vision_tokens": 43808, "text_prefill_tokens": 44608, "physical_text_prefill_tokens": 44608, "text_prefill_pack_count": 0, "text_prefill_overflow_count": 32, "text_kv_redistribute_bytes": 0, "token_embedding": 0.0034867999777197832, "vision_patch_embed": 0.009847860008478166, "vision_position_prepare": 0.04281143999099731, "vision_transformer_blocks": 3.216388236999512, "vision_merger": 0.013085280030965804, "image_embed_scatter": 0.029025200009346004, "mrope_prepare": 0.063937819480896, "text_transformer_prefill": 1.4524596099853515, "prefill_lm_head": 0.01506503999233246}}, {"call_index": 3, "request_count": 683, "prefill_s": 19.317633733619004, "prefill_metrics": {"request_count": 683, "raw_vision_tokens": 245404, "merged_vision_tokens": 61351, "text_prefill_tokens": 78426, "physical_text_prefill_tokens": 117888, "text_prefill_pack_count": 569, "text_prefill_overflow_count": 0, "text_kv_redistribute_bytes": 963698688, "token_embedding": 0.11729404011368759, "vision_patch_embed": 0.16009628009796148, "vision_position_prepare": 0.9669507409334175, "vision_transformer_blocks": 8.603526758193972, "vision_merger": 1.2395779132768514, "image_embed_scatter": 0.06898176002129913, "mrope_prepare": 1.6106533572673787, "text_transformer_prefill": 5.188682086944583, "text_kv_redistribute": 0.30540639972686795, "prefill_lm_head": 0.13049637998640548}}, {"call_index": 4, "request_count": 32, "prefill_s": 4.79953797115013, "prefill_metrics": {"request_count": 32, "raw_vision_tokens": 175232, "merged_vision_tokens": 43808, "text_prefill_tokens": 44608, "physical_text_prefill_tokens": 44608, "text_prefill_pack_count": 0, "text_prefill_overflow_count": 32, "text_kv_redistribute_bytes": 0, "token_embedding": 0.0033521999940276147, "vision_patch_embed": 0.00986151996254921, "vision_position_prepare": 0.04602132034301757, "vision_transformer_blocks": 3.215737953186036, "vision_merger": 0.013087639987468718, "image_embed_scatter": 0.029055080175399785, "mrope_prepare": 0.07213776063919068, "text_transformer_prefill": 1.3824075355529781, "prefill_lm_head": 0.014801740050315858}}, {"call_index": 5, "request_count": 696, "prefill_s": 18.61820926819928, "prefill_metrics": {"request_count": 696, "raw_vision_tokens": 255076, "merged_vision_tokens": 63769, "text_prefill_tokens": 81169, "physical_text_prefill_tokens": 120576, "text_prefill_pack_count": 568, "text_prefill_overflow_count": 0, "text_kv_redistribute_bytes": 997404672, "token_embedding": 0.116484579563141, "vision_patch_embed": 0.17219699998199933, "vision_position_prepare": 0.9723901211023338, "vision_transformer_blocks": 8.877232548713675, "vision_merger": 0.08208457983285185, "image_embed_scatter": 0.07178834006935361, "mrope_prepare": 1.7574902992248538, "text_transformer_prefill": 5.206358623504635, "text_kv_redistribute": 0.3179794004559516, "prefill_lm_head": 0.1308348999321461}}, {"call_index": 6, "request_count": 32, "prefill_s": 4.835934130940586, "prefill_metrics": {"request_count": 32, "raw_vision_tokens": 175232, "merged_vision_tokens": 43808, "text_prefill_tokens": 44608, "physical_text_prefill_tokens": 44608, "text_prefill_pack_count": 0, "text_prefill_overflow_count": 32, "text_kv_redistribute_bytes": 0, "token_embedding": 0.0037763200178742413, "vision_patch_embed": 0.010219180047512053, "vision_position_prepare": 0.043616980314254754, "vision_transformer_blocks": 3.219347839355469, "vision_merger": 0.013172560065984723, "image_embed_scatter": 0.029024119913578027, "mrope_prepare": 0.06833653998374938, "text_transformer_prefill": 1.4195267295837402, "prefill_lm_head": 0.014913680076599118}}, {"call_index": 7, "request_count": 582, "prefill_s": 17.809587905183434, "prefill_metrics": {"request_count": 582, "raw_vision_tokens": 271116, "merged_vision_tokens": 67779, "text_prefill_tokens": 82329, "physical_text_prefill_tokens": 114700, "text_prefill_pack_count": 331, "text_prefill_overflow_count": 2, "text_kv_redistribute_bytes": 973762560, "token_embedding": 0.09166191985458128, "vision_patch_embed": 0.19960326015949245, "vision_position_prepare": 0.9569022005796428, "vision_transformer_blocks": 7.359718873977663, "vision_merger": 1.1928138298951074, "image_embed_scatter": 0.0703665599711239, "mrope_prepare": 2.7125072318315504, "text_transformer_prefill": 3.6223798274993864, "text_kv_redistribute": 0.821914617538452, "prefill_lm_head": 0.08871257989108558}}]}}
