Device_id,Name,Type,Accelerator Core,Start Time(us),Duration(us),Wait Time(us),Block Num
6,GatherV2_1,N/A,N/A,1788520315808190.560	,2.540,0,0
6,GatherV2,N/A,N/A,1788520315808193.120	,2.320,0.000000,0
6,RmsNorm,N/A,N/A,1788520315808195.520	,10.260,0.180000,0
6,MatMul,N/A,N/A,1788520315808205.800	,10.720,0.000000,0
6,Range,N/A,N/A,1788520315808216.560	,8.780,0.030000,0
6,Cast,N/A,N/A,1788520315808225.360	,0.860,0.000000,0
6,Range_2,N/A,N/A,1788520315808226.240	,8.600,0.140000,0
6,Cast_2,N/A,N/A,1788520315808234.860	,0.980,0.000000,0
6,Range_1,N/A,N/A,1788520315808235.860	,8.300,0.020000,0
6,Cast_1,N/A,N/A,1788520315808244.180	,2.080,0.200000,0
6,SplitV_2,N/A,N/A,1788520315808246.280	,1.680,0.000000,0
6,Add,N/A,N/A,1788520315808247.980	,1.500,0.070000,0
6,Add_1,N/A,N/A,1788520315808249.500	,1.520,0.000000,0
6,BroadcastTo_1,N/A,N/A,1788520315808251.040	,0.880,0.000000,0
6,Cast_3,N/A,N/A,1788520315808251.940	,0.840,0.120000,0
6,BroadcastTo_2,N/A,N/A,1788520315808252.800	,0.960,0.000000,0
6,Mul,N/A,N/A,1788520315808253.780	,8.360,0.040000,0
6,Greater,N/A,N/A,1788520315808262.180	,8.200,0.140000,0
6,Transpose,N/A,N/A,1788520315808270.400	,8.480,0.050000,0
6,ConcatV2,N/A,N/A,1788520315808278.900	,3.680,0.020000,0
6,Cos,N/A,N/A,1788520315808282.600	,2.320,0.000000,0
6,Mul_1Cast_7,N/A,N/A,1788520315808284.940	,1.260,0.180000,0
6,Sin,N/A,N/A,1788520315808286.240	,2.240,0.000000,0
6,Mul_2Cast_8,N/A,N/A,1788520315808288.520	,1.180,0.010000,0
6,SplitV,N/A,N/A,1788520315808289.720	,3.600,0.070000,0
6,GatherV2_3,N/A,N/A,1788520315808293.340	,1.020,0.000000,0
6,GatherV2_4,N/A,N/A,1788520315808294.380	,0.940,0.230000,0
6,GatherV2_6,N/A,N/A,1788520315808295.340	,0.880,0.000000,0
6,GatherV2_7,N/A,N/A,1788520315808296.240	,0.860,0.120000,0
6,SplitV_1,N/A,N/A,1788520315808297.120	,3.540,0.000000,0
6,GatherV2_10,N/A,N/A,1788520315808300.680	,0.940,0.210000,0
6,GatherV2_12,N/A,N/A,1788520315808301.640	,0.900,0.060000,0
6,GatherV2_13,N/A,N/A,1788520315808302.560	,0.900,0.000000,0
6,GatherV2_9,N/A,N/A,1788520315808303.480	,0.940,0.100000,0
6,BroadcastTo,N/A,N/A,1788520315808304.440	,7.960,0.060000,0
6,GatherV2_11,N/A,N/A,1788520315808312.420	,1.080,0.040000,0
6,GatherV2_2,N/A,N/A,1788520315808313.520	,0.880,0.000000,0
6,GatherV2_5,N/A,N/A,1788520315808314.420	,0.900,0.120000,0
6,GatherV2_8,N/A,N/A,1788520315808315.340	,0.780,0.000000,0
6,ConcatV2_1,N/A,N/A,1788520315808316.160	,3.300,0.220000,0
6,ConcatV2_2,N/A,N/A,1788520315808319.480	,3.240,0.000000,0
6,GatherV2_15,N/A,N/A,1788520315808322.740	,0.920,0.010000,0
6,GatherV2_16,N/A,N/A,1788520315808323.680	,0.780,0.080000,0
6,GatherV2_17,N/A,N/A,1788520315808324.480	,0.820,0.000000,0
6,GatherV2_18,N/A,N/A,1788520315808325.320	,0.780,0.000000,0
6,GatherV2_19,N/A,N/A,1788520315808326.140	,0.800,0.220000,0
6,GatherV2_20,N/A,N/A,1788520315808326.980	,0.780,0.000000,0
6,GatherV2_21,N/A,N/A,1788520315808327.780	,0.800,0.000000,0
6,GatherV2_22,N/A,N/A,1788520315808328.620	,0.780,0.000000,0
6,GatherV2_23,N/A,N/A,1788520315808329.420	,0.840,0.220000,0
6,GatherV2_24,N/A,N/A,1788520315808330.280	,0.780,0.000000,0
6,GatherV2_25,N/A,N/A,1788520315808331.080	,0.820,0.000000,0
6,GatherV2_26,N/A,N/A,1788520315808331.920	,0.800,0.180000,0
6,GatherV2_27,N/A,N/A,1788520315808332.740	,0.840,0.000000,0
6,GatherV2_28,N/A,N/A,1788520315808333.600	,0.780,0.000000,0
6,GatherV2_29,N/A,N/A,1788520315808334.420	,0.800,0.220000,0
6,GatherV2_30,N/A,N/A,1788520315808335.240	,0.840,0.000000,0
6,GatherV2_31,N/A,N/A,1788520315808336.100	,0.880,0.000000,0
6,GatherV2_32,N/A,N/A,1788520315808337.000	,0.880,0.120000,0
6,Add_2,N/A,N/A,1788520315808337.900	,1.340,0.120000,0
6,GatherV2_14,N/A,N/A,1788520315808339.280	,2.560,0.000000,0
6,Unpack,N/A,N/A,1788520315808341.860	,0.920,0.000000,0
6,Scatter_3,N/A,N/A,1788520315808342.800	,2.880,0.080000,0
6,ApplyRotaryPosEmb,N/A,N/A,1788520315808345.760	,6.240,0.120000,0
6,ConcatV2_6,N/A,N/A,1788520315808352.020	,1.880,0.010000,0
6,Transpose_2,N/A,N/A,1788520315808353.920	,8.120,0.120000,0
6,Scatter_2,N/A,N/A,1788520315808362.080	,1.720,0.000000,0
6,Scatter,N/A,N/A,1788520315808363.860	,0.860,0.030000,0
6,BatchMatMul,N/A,N/A,1788520315808364.800	,6.880,0.140000,0
6,ScaledMaskedSoftmax,N/A,N/A,1788520315808371.700	,9.620,0.120000,0
6,Scatter_1,N/A,N/A,1788520315808381.340	,1.160,0.000000,0
6,BatchMatMul_1,N/A,N/A,1788520315808382.560	,11.160,0.090000,0
6,Reshape_33/ConfusionTranspose/Transpose,N/A,N/A,1788520315808393.740	,7.300,0.090000,0
6,Greater_1,N/A,N/A,1788520315808401.060	,9.340,0.000000,0
6,IncreFlashAttention,N/A,N/A,1788520315808411.520	,22.140,1.160000,0
6,MatMul_1,N/A,N/A,1788520315808434.580	,7.300,0.860000,0
6,InplaceAddRmsNorm,N/A,N/A,1788520315808441.900	,3.680,0.200000,0
6,MatMul_2,N/A,N/A,1788520315808445.600	,7.760,0.000000,0
6,MatMul_3,N/A,N/A,1788520315808453.380	,5.680,0.240000,0
6,SwishMul_3,N/A,N/A,1788520315808459.080	,6.700,0.000000,0
6,MatMul_4,N/A,N/A,1788520315808465.800	,10.840,0.050000,0
6,InplaceAddRmsNorm_1,N/A,N/A,1788520315808476.700	,3.900,0.160000,0
6,MatMul_5,N/A,N/A,1788520315808480.640	,4.860,0.100000,0
6,SplitV_7,N/A,N/A,1788520315808485.520	,1.500,0.000000,0
6,ApplyRotaryPosEmb_1,N/A,N/A,1788520315808487.060	,5.040,0.000000,0
6,ConcatV2_8,N/A,N/A,1788520315808492.120	,1.880,0.000000,0
6,Transpose_10,N/A,N/A,1788520315808494.020	,7.720,0.120000,0
6,Scatter_6,N/A,N/A,1788520315808501.780	,2.920,0.030000,0
6,Scatter_7,N/A,N/A,1788520315808504.760	,2.880,0.080000,0
6,IncreFlashAttention_1,N/A,N/A,1788520315808509.060	,21.720,1.370000,0
6,Scatter_4,N/A,N/A,1788520315808531.500	,1.140,0.780000,0
6,BatchMatMul_2,N/A,N/A,1788520315808532.700	,5.600,0.110000,0
6,ScaledMaskedSoftmax_1,N/A,N/A,1788520315808538.320	,8.320,0.000000,0
6,Scatter_5,N/A,N/A,1788520315808546.660	,1.020,0.180000,0
6,BatchMatMul_3,N/A,N/A,1788520315808547.760	,11.100,0.000000,0
6,Reshape_59/ConfusionTranspose/Transpose,N/A,N/A,1788520315808558.880	,7.260,0.150000,0
6,MatMul_6,N/A,N/A,1788520315808566.180	,4.280,0.000000,0
6,InplaceAddRmsNorm_2,N/A,N/A,1788520315808570.480	,3.540,0.000000,0
6,MatMul_7,N/A,N/A,1788520315808574.040	,4.000,0.000000,0
6,MatMul_8,N/A,N/A,1788520315808578.060	,3.480,0.000000,0
6,Swish_1Mul_4,N/A,N/A,1788520315808581.560	,6.780,0.020000,0
6,MatMul_9,N/A,N/A,1788520315808588.360	,5.940,0.000000,0
6,InplaceAddRmsNorm_3,N/A,N/A,1788520315808594.360	,3.820,0.060000,0
6,MatMul_10,N/A,N/A,1788520315808598.200	,5.580,0.180000,0
6,SplitV_12,N/A,N/A,1788520315808603.800	,1.500,0.000000,0
6,ApplyRotaryPosEmb_2,N/A,N/A,1788520315808605.340	,6.440,0.000000,0
6,ConcatV2_10,N/A,N/A,1788520315808611.800	,1.920,0.060000,0
6,Transpose_18,N/A,N/A,1788520315808613.760	,7.620,0.080000,0
6,Scatter_10,N/A,N/A,1788520315808621.400	,3.360,0.130000,0
6,Scatter_11,N/A,N/A,1788520315808624.820	,2.860,0.000000,0
6,IncreFlashAttention_2,N/A,N/A,1788520315808628.680	,20.700,1.140000,0
6,Scatter_8,N/A,N/A,1788520315808650.500	,0.980,1.050000,0
6,BatchMatMul_4,N/A,N/A,1788520315808651.540	,5.440,0.020000,0
6,ScaledMaskedSoftmax_2,N/A,N/A,1788520315808657.020	,8.360,0.060000,0
6,Scatter_9,N/A,N/A,1788520315808665.400	,0.980,0.140000,0
6,BatchMatMul_5,N/A,N/A,1788520315808666.460	,10.560,0.020000,0
6,Reshape_85/ConfusionTranspose/Transpose,N/A,N/A,1788520315808677.060	,7.420,0.000000,0
6,MatMul_11,N/A,N/A,1788520315808684.500	,3.480,0.080000,0
6,InplaceAddRmsNorm_4,N/A,N/A,1788520315808688.000	,3.460,0.020000,0
6,MatMul_12,N/A,N/A,1788520315808691.480	,4.800,0.040000,0
6,MatMul_13,N/A,N/A,1788520315808696.300	,4.220,0.000000,0
6,Swish_2Mul_5,N/A,N/A,1788520315808700.560	,6.740,0.030000,0
6,MatMul_14,N/A,N/A,1788520315808707.340	,5.940,0.010000,0
6,InplaceAddRmsNorm_5,N/A,N/A,1788520315808713.340	,3.640,0.060000,0
6,MatMul_15,N/A,N/A,1788520315808717.000	,6.020,0.110000,0
6,SplitV_17,N/A,N/A,1788520315808723.040	,1.540,0.000000,0
6,ApplyRotaryPosEmb_3,N/A,N/A,1788520315808724.600	,6.160,0.000000,0
6,ConcatV2_12,N/A,N/A,1788520315808730.800	,2.060,0.090000,0
6,Transpose_26,N/A,N/A,1788520315808732.880	,7.640,0.190000,0
6,Scatter_14,N/A,N/A,1788520315808740.560	,2.800,0.000000,0
6,Scatter_15,N/A,N/A,1788520315808743.420	,2.840,0.200000,0
6,IncreFlashAttention_3,N/A,N/A,1788520315808747.620	,21.620,1.160000,0
6,Scatter_12,N/A,N/A,1788520315808770.100	,1.140,0.880000,0
6,BatchMatMul_6,N/A,N/A,1788520315808771.300	,5.220,0.110000,0
6,ScaledMaskedSoftmax_3,N/A,N/A,1788520315808776.540	,8.000,0.030000,0
6,Scatter_13,N/A,N/A,1788520315808784.560	,1.000,0.000000,0
6,BatchMatMul_7,N/A,N/A,1788520315808785.620	,11.080,0.000000,0
6,Reshape_111/ConfusionTranspose/Transpose,N/A,N/A,1788520315808796.720	,7.280,0.170000,0
6,MatMul_16,N/A,N/A,1788520315808804.020	,3.580,0.000000,0
6,InplaceAddRmsNorm_6,N/A,N/A,1788520315808807.620	,4.160,0.000000,0
6,MatMul_17,N/A,N/A,1788520315808811.800	,4.280,0.090000,0
6,MatMul_18,N/A,N/A,1788520315808816.100	,4.320,0.000000,0
6,Swish_3Mul_6,N/A,N/A,1788520315808820.440	,7.020,0.180000,0
6,MatMul_19,N/A,N/A,1788520315808827.480	,5.800,0.000000,0
6,InplaceAddRmsNorm_7,N/A,N/A,1788520315808833.340	,3.920,0.000000,0
6,MatMul_20,N/A,N/A,1788520315808837.280	,6.240,0.080000,0
6,SplitV_22,N/A,N/A,1788520315808843.540	,1.480,0.010000,0
6,ApplyRotaryPosEmb_4,N/A,N/A,1788520315808845.040	,5.340,0.020000,0
6,ConcatV2_14,N/A,N/A,1788520315808850.400	,1.920,0.160000,0
6,Transpose_34,N/A,N/A,1788520315808852.340	,7.700,0.000000,0
6,Scatter_18,N/A,N/A,1788520315808860.060	,2.760,0.050000,0
6,Scatter_19,N/A,N/A,1788520315808862.900	,2.900,0.240000,0
6,IncreFlashAttention_4,N/A,N/A,1788520315808867.200	,20.480,1.350000,0
6,Scatter_16,N/A,N/A,1788520315808888.420	,0.960,0.770000,0
6,BatchMatMul_8,N/A,N/A,1788520315808889.440	,5.280,0.040000,0
6,ScaledMaskedSoftmax_4,N/A,N/A,1788520315808894.740	,8.080,0.000000,0
6,Scatter_17,N/A,N/A,1788520315808902.840	,1.040,0.000000,0
6,BatchMatMul_9,N/A,N/A,1788520315808903.960	,10.560,0.210000,0
6,Reshape_137/ConfusionTranspose/Transpose,N/A,N/A,1788520315808914.540	,7.160,0.000000,0
6,MatMul_21,N/A,N/A,1788520315808921.740	,3.380,0.090000,0
6,InplaceAddRmsNorm_8,N/A,N/A,1788520315808925.160	,3.900,0.120000,0
6,MatMul_22,N/A,N/A,1788520315808929.080	,4.440,0.000000,0
6,MatMul_23,N/A,N/A,1788520315808933.540	,3.460,0.060000,0
6,Swish_4Mul_7,N/A,N/A,1788520315808937.020	,6.680,0.040000,0
6,MatMul_24,N/A,N/A,1788520315808943.720	,5.860,0.070000,0
6,InplaceAddRmsNorm_9,N/A,N/A,1788520315808949.660	,3.780,0.140000,0
6,MatMul_25,N/A,N/A,1788520315808953.460	,4.980,0.000000,0
6,SplitV_27,N/A,N/A,1788520315808958.460	,2.220,0.020000,0
6,ApplyRotaryPosEmb_5,N/A,N/A,1788520315808960.700	,4.980,0.030000,0
6,ConcatV2_16,N/A,N/A,1788520315808965.700	,1.900,0.020000,0
6,Transpose_42,N/A,N/A,1788520315808967.620	,8.180,0.000000,0
6,Scatter_22,N/A,N/A,1788520315808975.820	,2.840,0.070000,0
6,Scatter_23,N/A,N/A,1788520315808978.720	,2.840,0.160000,0
6,IncreFlashAttention_5,N/A,N/A,1788520315808982.580	,20.260,0.910000,0
6,Scatter_20,N/A,N/A,1788520315809003.800	,0.960,0.990000,0
6,BatchMatMul_10,N/A,N/A,1788520315809004.820	,5.120,0.040000,0
6,ScaledMaskedSoftmax_5,N/A,N/A,1788520315809009.960	,7.980,0.130000,0
6,Scatter_21,N/A,N/A,1788520315809017.960	,1.000,0.020000,0
6,BatchMatMul_11,N/A,N/A,1788520315809019.020	,10.280,0.000000,0
6,Reshape_163/ConfusionTranspose/Transpose,N/A,N/A,1788520315809029.320	,7.240,0.000000,0
6,MatMul_26,N/A,N/A,1788520315809036.580	,3.700,0.010000,0
6,InplaceAddRmsNorm_10,N/A,N/A,1788520315809040.300	,3.520,0.050000,0
6,MatMul_27,N/A,N/A,1788520315809043.860	,4.620,0.000000,0
6,MatMul_28,N/A,N/A,1788520315809048.520	,3.680,0.130000,0
6,Swish_5Mul_8,N/A,N/A,1788520315809052.220	,6.820,0.070000,0
6,MatMul_29,N/A,N/A,1788520315809059.060	,5.760,0.000000,0
6,InplaceAddRmsNorm_11,N/A,N/A,1788520315809064.880	,3.580,0.240000,0
6,MatMul_30,N/A,N/A,1788520315809068.480	,5.740,0.000000,0
6,SplitV_32,N/A,N/A,1788520315809074.240	,1.440,0.010000,0
6,ApplyRotaryPosEmb_6,N/A,N/A,1788520315809075.720	,4.620,0.060000,0
6,ConcatV2_18,N/A,N/A,1788520315809080.360	,1.940,0.000000,0
6,Transpose_50,N/A,N/A,1788520315809082.320	,7.660,0.060000,0
6,Scatter_26,N/A,N/A,1788520315809090.000	,2.800,0.090000,0
6,Scatter_27,N/A,N/A,1788520315809092.860	,2.920,0.000000,0
6,IncreFlashAttention_6,N/A,N/A,1788520315809097.280	,20.620,1.580000,0
6,Scatter_24,N/A,N/A,1788520315809119.100	,1.000,1.130000,0
6,BatchMatMul_12,N/A,N/A,1788520315809120.160	,5.400,0.250000,0
6,ScaledMaskedSoftmax_6,N/A,N/A,1788520315809125.600	,7.980,0.000000,0
6,Scatter_25,N/A,N/A,1788520315809133.600	,1.080,0.020000,0
6,BatchMatMul_13,N/A,N/A,1788520315809134.740	,10.420,0.170000,0
6,Reshape_189/ConfusionTranspose/Transpose,N/A,N/A,1788520315809145.200	,7.280,0.080000,0
6,MatMul_31,N/A,N/A,1788520315809152.500	,3.860,0.000000,0
6,InplaceAddRmsNorm_12,N/A,N/A,1788520315809156.380	,3.420,0.140000,0
6,MatMul_32,N/A,N/A,1788520315809159.820	,4.460,0.000000,0
6,MatMul_33,N/A,N/A,1788520315809164.300	,3.720,0.040000,0
6,Swish_6Mul_9,N/A,N/A,1788520315809168.040	,6.680,0.030000,0
6,MatMul_34,N/A,N/A,1788520315809174.740	,5.920,0.070000,0
6,InplaceAddRmsNorm_13,N/A,N/A,1788520315809180.740	,3.540,0.080000,0
6,MatMul_35,N/A,N/A,1788520315809184.320	,5.540,0.000000,0
6,SplitV_37,N/A,N/A,1788520315809189.880	,1.440,0.210000,0
6,ApplyRotaryPosEmb_7,N/A,N/A,1788520315809191.340	,4.840,0.000000,0
6,ConcatV2_20,N/A,N/A,1788520315809196.200	,1.920,0.160000,0
6,Transpose_58,N/A,N/A,1788520315809198.140	,7.520,0.080000,0
6,Scatter_30,N/A,N/A,1788520315809205.680	,2.800,0.000000,0
6,Scatter_31,N/A,N/A,1788520315809208.540	,2.880,0.000000,0
6,IncreFlashAttention_7,N/A,N/A,1788520315809212.640	,21.440,1.370000,0
6,Scatter_28,N/A,N/A,1788520315809235.080	,0.980,0.810000,0
6,BatchMatMul_14,N/A,N/A,1788520315809236.120	,6.540,0.020000,0
6,ScaledMaskedSoftmax_7,N/A,N/A,1788520315809242.680	,8.000,0.210000,0
6,Scatter_29,N/A,N/A,1788520315809250.700	,1.080,0.000000,0
6,BatchMatMul_15,N/A,N/A,1788520315809251.840	,10.440,0.000000,0
6,Reshape_215/ConfusionTranspose/Transpose,N/A,N/A,1788520315809262.300	,7.240,0.060000,0
6,MatMul_36,N/A,N/A,1788520315809269.560	,3.420,0.010000,0
6,InplaceAddRmsNorm_14,N/A,N/A,1788520315809273.000	,3.500,0.080000,0
6,MatMul_37,N/A,N/A,1788520315809276.520	,4.220,0.000000,0
6,MatMul_38,N/A,N/A,1788520315809280.780	,3.700,0.030000,0
6,Swish_7Mul_10,N/A,N/A,1788520315809284.500	,6.760,0.050000,0
6,MatMul_39,N/A,N/A,1788520315809291.280	,5.860,0.000000,0
6,InplaceAddRmsNorm_15,N/A,N/A,1788520315809297.200	,3.520,0.140000,0
6,MatMul_40,N/A,N/A,1788520315809300.740	,5.240,0.000000,0
6,SplitV_42,N/A,N/A,1788520315809306.000	,1.440,0.010000,0
6,ApplyRotaryPosEmb_8,N/A,N/A,1788520315809307.460	,4.680,0.060000,0
6,ConcatV2_22,N/A,N/A,1788520315809312.180	,1.780,0.070000,0
6,Transpose_66,N/A,N/A,1788520315809314.000	,7.620,0.000000,0
6,Scatter_34,N/A,N/A,1788520315809321.640	,2.800,0.130000,0
6,Scatter_35,N/A,N/A,1788520315809324.500	,2.820,0.000000,0
6,IncreFlashAttention_8,N/A,N/A,1788520315809328.600	,21.860,1.180000,0
6,Scatter_32,N/A,N/A,1788520315809351.640	,1.060,1.390000,0
6,BatchMatMul_16,N/A,N/A,1788520315809352.760	,6.100,0.000000,0
6,ScaledMaskedSoftmax_8,N/A,N/A,1788520315809358.880	,7.900,0.150000,0
6,Scatter_33,N/A,N/A,1788520315809366.800	,1.060,0.000000,0
6,BatchMatMul_17,N/A,N/A,1788520315809367.940	,10.580,0.190000,0
6,Reshape_241/ConfusionTranspose/Transpose,N/A,N/A,1788520315809378.540	,7.260,0.000000,0
6,MatMul_41,N/A,N/A,1788520315809385.820	,4.660,0.000000,0
6,InplaceAddRmsNorm_16,N/A,N/A,1788520315809390.500	,4.100,0.090000,0
6,MatMul_42,N/A,N/A,1788520315809394.620	,4.180,0.000000,0
6,MatMul_43,N/A,N/A,1788520315809398.820	,3.920,0.070000,0
6,Swish_8Mul_11,N/A,N/A,1788520315809402.760	,6.800,0.080000,0
6,MatMul_44,N/A,N/A,1788520315809409.580	,6.300,0.000000,0
6,InplaceAddRmsNorm_17,N/A,N/A,1788520315809415.940	,3.540,0.200000,0
6,MatMul_45,N/A,N/A,1788520315809419.500	,5.100,0.000000,0
6,SplitV_47,N/A,N/A,1788520315809424.620	,1.440,0.000000,0
6,ApplyRotaryPosEmb_9,N/A,N/A,1788520315809426.080	,6.020,0.060000,0
6,ConcatV2_24,N/A,N/A,1788520315809432.120	,2.620,0.000000,0
6,Transpose_74,N/A,N/A,1788520315809434.760	,7.620,0.130000,0
6,Scatter_38,N/A,N/A,1788520315809442.400	,3.420,0.130000,0
6,Scatter_39,N/A,N/A,1788520315809445.880	,2.860,0.080000,0
6,IncreFlashAttention_9,N/A,N/A,1788520315809449.920	,21.840,1.140000,0
6,Scatter_36,N/A,N/A,1788520315809472.980	,1.060,1.160000,0
6,BatchMatMul_18,N/A,N/A,1788520315809474.100	,5.440,0.000000,0
6,ScaledMaskedSoftmax_9,N/A,N/A,1788520315809479.580	,8.460,0.060000,0
6,Scatter_37,N/A,N/A,1788520315809488.060	,1.080,0.040000,0
6,BatchMatMul_19,N/A,N/A,1788520315809489.200	,10.780,0.170000,0
6,Reshape_267/ConfusionTranspose/Transpose,N/A,N/A,1788520315809500.000	,7.480,0.000000,0
6,MatMul_46,N/A,N/A,1788520315809507.500	,4.260,0.020000,0
6,InplaceAddRmsNorm_18,N/A,N/A,1788520315809511.780	,3.580,0.000000,0
6,MatMul_47,N/A,N/A,1788520315809515.380	,4.740,0.170000,0
6,MatMul_48,N/A,N/A,1788520315809520.140	,3.560,0.010000,0
6,Swish_9Mul_12,N/A,N/A,1788520315809523.720	,6.780,0.000000,0
6,MatMul_49,N/A,N/A,1788520315809530.520	,6.200,0.000000,0
6,InplaceAddRmsNorm_19,N/A,N/A,1788520315809536.780	,3.480,0.050000,0
6,MatMul_50,N/A,N/A,1788520315809540.280	,6.020,0.020000,0
6,SplitV_52,N/A,N/A,1788520315809546.320	,1.460,0.000000,0
6,ApplyRotaryPosEmb_10,N/A,N/A,1788520315809547.820	,4.920,0.040000,0
6,ConcatV2_26,N/A,N/A,1788520315809552.760	,1.820,0.080000,0
6,Transpose_82,N/A,N/A,1788520315809554.600	,7.620,0.000000,0
6,Scatter_42,N/A,N/A,1788520315809562.240	,2.880,0.130000,0
6,Scatter_43,N/A,N/A,1788520315809565.180	,2.880,0.120000,0
6,IncreFlashAttention_10,N/A,N/A,1788520315809569.340	,21.660,1.120000,0
6,Scatter_40,N/A,N/A,1788520315809591.780	,0.900,0.840000,0
6,BatchMatMul_20,N/A,N/A,1788520315809592.740	,5.580,0.100000,0
6,ScaledMaskedSoftmax_10,N/A,N/A,1788520315809598.340	,7.920,0.000000,0
6,Scatter_41,N/A,N/A,1788520315809606.280	,1.140,0.080000,0
6,BatchMatMul_21,N/A,N/A,1788520315809607.480	,10.680,0.110000,0
6,Reshape_293/ConfusionTranspose/Transpose,N/A,N/A,1788520315809618.180	,7.260,0.070000,0
6,MatMul_51,N/A,N/A,1788520315809625.460	,3.540,0.000000,0
6,InplaceAddRmsNorm_20,N/A,N/A,1788520315809629.020	,3.420,0.000000,0
6,MatMul_52,N/A,N/A,1788520315809632.460	,4.240,0.080000,0
6,MatMul_53,N/A,N/A,1788520315809636.740	,4.620,0.010000,0
6,Swish_10Mul_13,N/A,N/A,1788520315809641.380	,7.140,0.130000,0
6,MatMul_54,N/A,N/A,1788520315809648.540	,5.840,0.000000,0
6,InplaceAddRmsNorm_21,N/A,N/A,1788520315809654.460	,3.440,0.160000,0
6,MatMul_55,N/A,N/A,1788520315809657.920	,5.900,0.060000,0
6,SplitV_57,N/A,N/A,1788520315809663.860	,1.900,0.000000,0
6,ApplyRotaryPosEmb_11,N/A,N/A,1788520315809665.780	,4.880,0.100000,0
6,ConcatV2_28,N/A,N/A,1788520315809670.680	,1.780,0.120000,0
6,Transpose_90,N/A,N/A,1788520315809672.480	,8.180,0.000000,0
6,Scatter_46,N/A,N/A,1788520315809680.700	,2.820,0.070000,0
6,Scatter_47,N/A,N/A,1788520315809683.600	,2.860,0.000000,0
6,IncreFlashAttention_11,N/A,N/A,1788520315809687.700	,21.540,1.390000,0
6,Scatter_44,N/A,N/A,1788520315809710.140	,1.020,0.960000,0
6,BatchMatMul_22,N/A,N/A,1788520315809711.220	,5.360,0.000000,0
6,ScaledMaskedSoftmax_11,N/A,N/A,1788520315809716.620	,7.980,0.000000,0
6,Scatter_45,N/A,N/A,1788520315809724.640	,0.940,0.270000,0
6,BatchMatMul_23,N/A,N/A,1788520315809725.640	,10.820,0.060000,0
6,Reshape_319/ConfusionTranspose/Transpose,N/A,N/A,1788520315809736.480	,7.220,0.000000,0
6,MatMul_56,N/A,N/A,1788520315809743.720	,3.860,0.030000,0
6,InplaceAddRmsNorm_22,N/A,N/A,1788520315809747.600	,3.440,0.000000,0
6,MatMul_57,N/A,N/A,1788520315809751.060	,4.360,0.060000,0
6,MatMul_58,N/A,N/A,1788520315809755.440	,4.700,0.140000,0
6,Swish_11Mul_14,N/A,N/A,1788520315809760.180	,6.740,0.050000,0
6,MatMul_59,N/A,N/A,1788520315809766.940	,6.120,0.010000,0
6,InplaceAddRmsNorm_23,N/A,N/A,1788520315809773.140	,3.740,0.130000,0
6,MatMul_60,N/A,N/A,1788520315809776.900	,5.300,0.010000,0
6,SplitV_62,N/A,N/A,1788520315809782.240	,1.460,0.000000,0
6,ApplyRotaryPosEmb_12,N/A,N/A,1788520315809783.720	,4.720,0.040000,0
6,ConcatV2_30,N/A,N/A,1788520315809788.480	,1.760,0.030000,0
6,Transpose_98,N/A,N/A,1788520315809790.280	,7.560,0.000000,0
6,Scatter_50,N/A,N/A,1788520315809797.860	,2.920,0.000000,0
6,Scatter_51,N/A,N/A,1788520315809800.840	,2.840,0.080000,0
6,IncreFlashAttention_12,N/A,N/A,1788520315809804.860	,20.440,1.160000,0
6,Scatter_48,N/A,N/A,1788520315809826.100	,0.980,0.810000,0
6,BatchMatMul_24,N/A,N/A,1788520315809827.160	,5.940,0.270000,0
6,ScaledMaskedSoftmax_12,N/A,N/A,1788520315809833.120	,7.840,0.000000,0
6,Scatter_49,N/A,N/A,1788520315809840.980	,0.880,0.160000,0
6,BatchMatMul_25,N/A,N/A,1788520315809841.940	,10.680,0.120000,0
6,Reshape_345/ConfusionTranspose/Transpose,N/A,N/A,1788520315809852.640	,7.260,0.070000,0
6,MatMul_61,N/A,N/A,1788520315809859.920	,3.540,0.000000,0
6,InplaceAddRmsNorm_24,N/A,N/A,1788520315809863.480	,3.520,0.000000,0
6,MatMul_62,N/A,N/A,1788520315809867.020	,4.240,0.000000,0
6,MatMul_63,N/A,N/A,1788520315809871.280	,3.640,0.010000,0
6,Swish_12Mul_15,N/A,N/A,1788520315809874.940	,6.860,0.110000,0
6,MatMul_64,N/A,N/A,1788520315809881.820	,6.360,0.000000,0
6,InplaceAddRmsNorm_25,N/A,N/A,1788520315809888.240	,3.460,0.140000,0
6,MatMul_65,N/A,N/A,1788520315809891.720	,5.120,0.040000,0
6,SplitV_67,N/A,N/A,1788520315809896.860	,1.480,0.000000,0
6,ApplyRotaryPosEmb_13,N/A,N/A,1788520315809898.360	,4.880,0.020000,0
6,ConcatV2_32,N/A,N/A,1788520315809903.260	,1.940,0.120000,0
6,Transpose_106,N/A,N/A,1788520315809905.220	,7.680,0.060000,0
6,Scatter_54,N/A,N/A,1788520315809912.920	,2.940,0.070000,0
6,Scatter_55,N/A,N/A,1788520315809915.920	,2.800,0.060000,0
6,IncreFlashAttention_13,N/A,N/A,1788520315809919.660	,20.340,0.950000,0
6,Scatter_52,N/A,N/A,1788520315809940.880	,0.980,0.910000,0
6,BatchMatMul_26,N/A,N/A,1788520315809941.920	,5.560,0.020000,0
6,ScaledMaskedSoftmax_13,N/A,N/A,1788520315809947.500	,9.000,0.000000,0
6,Scatter_53,N/A,N/A,1788520315809956.520	,1.000,0.000000,0
6,BatchMatMul_27,N/A,N/A,1788520315809957.580	,10.520,0.000000,0
6,Reshape_371/ConfusionTranspose/Transpose,N/A,N/A,1788520315809968.120	,7.260,0.000000,0
6,MatMul_66,N/A,N/A,1788520315809975.400	,3.500,0.240000,0
6,InplaceAddRmsNorm_26,N/A,N/A,1788520315809978.920	,4.020,0.000000,0
6,MatMul_67,N/A,N/A,1788520315809982.960	,4.400,0.000000,0
6,MatMul_68,N/A,N/A,1788520315809987.380	,3.720,0.100000,0
6,Swish_13Mul_16,N/A,N/A,1788520315809991.140	,6.720,0.030000,0
6,MatMul_69,N/A,N/A,1788520315809997.900	,6.180,0.030000,0
6,InplaceAddRmsNorm_27,N/A,N/A,1788520315810004.140	,3.560,0.070000,0
6,MatMul_70,N/A,N/A,1788520315810007.720	,5.260,0.000000,0
6,SplitV_72,N/A,N/A,1788520315810013.000	,1.500,0.000000,0
6,ApplyRotaryPosEmb_14,N/A,N/A,1788520315810014.520	,4.880,0.000000,0
6,ConcatV2_34,N/A,N/A,1788520315810019.420	,1.740,0.120000,0
6,Transpose_114,N/A,N/A,1788520315810021.180	,7.680,0.010000,0
6,Scatter_58,N/A,N/A,1788520315810028.880	,2.840,0.070000,0
6,Scatter_59,N/A,N/A,1788520315810031.780	,2.820,0.000000,0
6,IncreFlashAttention_14,N/A,N/A,1788520315810035.620	,22.540,0.930000,0
6,Scatter_56,N/A,N/A,1788520315810059.320	,0.860,1.210000,0
6,BatchMatMul_28,N/A,N/A,1788520315810060.260	,5.640,0.140000,0
6,ScaledMaskedSoftmax_14,N/A,N/A,1788520315810065.940	,9.020,0.110000,0
6,Scatter_57,N/A,N/A,1788520315810075.000	,0.880,0.000000,0
6,BatchMatMul_29,N/A,N/A,1788520315810075.940	,10.500,0.120000,0
6,Reshape_397/ConfusionTranspose/Transpose,N/A,N/A,1788520315810086.460	,7.260,0.000000,0
6,MatMul_71,N/A,N/A,1788520315810093.740	,3.880,0.000000,0
6,InplaceAddRmsNorm_28,N/A,N/A,1788520315810097.660	,3.380,0.120000,0
6,MatMul_72,N/A,N/A,1788520315810101.060	,4.380,0.000000,0
6,MatMul_73,N/A,N/A,1788520315810105.460	,3.540,0.120000,0
6,Swish_14Mul_17,N/A,N/A,1788520315810109.020	,6.720,0.000000,0
6,MatMul_74,N/A,N/A,1788520315810115.760	,6.060,0.030000,0
6,InplaceAddRmsNorm_29,N/A,N/A,1788520315810121.880	,3.600,0.190000,0
6,MatMul_75,N/A,N/A,1788520315810125.520	,9.200,0.000000,0
6,SplitV_77,N/A,N/A,1788520315810134.760	,1.540,0.050000,0
6,ApplyRotaryPosEmb_15,N/A,N/A,1788520315810136.320	,5.480,0.000000,0
6,ConcatV2_36,N/A,N/A,1788520315810141.820	,3.360,0.020000,0
6,Transpose_122,N/A,N/A,1788520315810145.200	,7.580,0.140000,0
6,Scatter_62,N/A,N/A,1788520315810152.800	,3.360,0.000000,0
6,Scatter_63,N/A,N/A,1788520315810156.220	,2.880,0.140000,0
6,IncreFlashAttention_15,N/A,N/A,1788520315810160.520	,21.380,1.370000,0
6,Scatter_60,N/A,N/A,1788520315810182.960	,1.040,1.120000,0
6,BatchMatMul_30,N/A,N/A,1788520315810184.080	,5.820,0.000000,0
6,ScaledMaskedSoftmax_15,N/A,N/A,1788520315810189.920	,8.460,0.180000,0
6,Scatter_61,N/A,N/A,1788520315810198.400	,0.920,0.040000,0
6,BatchMatMul_31,N/A,N/A,1788520315810199.380	,10.580,0.080000,0
6,Reshape_423/ConfusionTranspose/Transpose,N/A,N/A,1788520315810209.980	,7.420,0.000000,0
6,MatMul_76,N/A,N/A,1788520315810217.420	,3.300,0.080000,0
6,InplaceAddRmsNorm_30,N/A,N/A,1788520315810220.740	,3.460,0.000000,0
6,MatMul_77,N/A,N/A,1788520315810224.220	,4.420,0.040000,0
6,MatMul_78,N/A,N/A,1788520315810228.680	,3.820,0.080000,0
6,Swish_15Mul_18,N/A,N/A,1788520315810232.520	,6.740,0.000000,0
6,MatMul_79,N/A,N/A,1788520315810239.280	,5.780,0.010000,0
6,InplaceAddRmsNorm_31,N/A,N/A,1788520315810245.120	,3.600,0.000000,0
6,MatMul_80,N/A,N/A,1788520315810248.760	,5.960,0.150000,0
6,SplitV_82,N/A,N/A,1788520315810254.740	,1.540,0.040000,0
6,ApplyRotaryPosEmb_16,N/A,N/A,1788520315810256.320	,4.800,0.000000,0
6,ConcatV2_38,N/A,N/A,1788520315810261.140	,1.860,0.200000,0
6,Transpose_130,N/A,N/A,1788520315810263.020	,7.640,0.000000,0
6,Scatter_66,N/A,N/A,1788520315810270.680	,2.860,0.110000,0
6,Scatter_67,N/A,N/A,1788520315810273.620	,2.760,0.000000,0
6,IncreFlashAttention_16,N/A,N/A,1788520315810277.540	,21.320,1.240000,0
6,Scatter_64,N/A,N/A,1788520315810299.980	,0.820,1.180000,0
6,BatchMatMul_32,N/A,N/A,1788520315810300.860	,5.860,0.000000,0
6,ScaledMaskedSoftmax_16,N/A,N/A,1788520315810306.740	,7.960,0.140000,0
6,Scatter_65,N/A,N/A,1788520315810314.740	,0.840,0.040000,0
6,BatchMatMul_33,N/A,N/A,1788520315810315.640	,10.780,0.160000,0
6,Reshape_449/ConfusionTranspose/Transpose,N/A,N/A,1788520315810326.440	,7.160,0.000000,0
6,MatMul_81,N/A,N/A,1788520315810333.640	,4.820,0.090000,0
6,InplaceAddRmsNorm_32,N/A,N/A,1788520315810338.480	,3.560,0.000000,0
6,MatMul_82,N/A,N/A,1788520315810342.060	,4.380,0.000000,0
6,MatMul_83,N/A,N/A,1788520315810346.460	,3.620,0.120000,0
6,Swish_16Mul_19,N/A,N/A,1788520315810350.100	,7.080,0.000000,0
6,MatMul_84,N/A,N/A,1788520315810357.200	,6.240,0.170000,0
6,InplaceAddRmsNorm_33,N/A,N/A,1788520315810363.500	,3.640,0.010000,0
6,MatMul_85,N/A,N/A,1788520315810367.160	,5.240,0.110000,0
6,SplitV_87,N/A,N/A,1788520315810372.420	,2.720,0.010000,0
6,ApplyRotaryPosEmb_17,N/A,N/A,1788520315810375.160	,4.820,0.030000,0
6,ConcatV2_40,N/A,N/A,1788520315810380.020	,1.980,0.000000,0
6,Transpose_138,N/A,N/A,1788520315810382.020	,7.600,0.020000,0
6,Scatter_70,N/A,N/A,1788520315810389.660	,2.840,0.150000,0
6,Scatter_71,N/A,N/A,1788520315810392.560	,2.840,0.000000,0
6,IncreFlashAttention_17,N/A,N/A,1788520315810396.400	,21.460,1.160000,0
6,Scatter_68,N/A,N/A,1788520315810418.860	,0.920,0.790000,0
6,BatchMatMul_34,N/A,N/A,1788520315810419.840	,5.480,0.080000,0
6,ScaledMaskedSoftmax_17,N/A,N/A,1788520315810425.340	,7.960,0.020000,0
6,Scatter_69,N/A,N/A,1788520315810433.320	,0.900,0.040000,0
6,BatchMatMul_35,N/A,N/A,1788520315810434.300	,10.600,0.100000,0
6,Reshape_475/ConfusionTranspose/Transpose,N/A,N/A,1788520315810444.940	,7.240,0.150000,0
6,MatMul_86,N/A,N/A,1788520315810452.200	,4.580,0.010000,0
6,InplaceAddRmsNorm_34,N/A,N/A,1788520315810456.800	,3.500,0.000000,0
6,MatMul_87,N/A,N/A,1788520315810460.340	,4.340,0.000000,0
6,MatMul_88,N/A,N/A,1788520315810464.720	,3.700,0.160000,0
6,Swish_17Mul_20,N/A,N/A,1788520315810468.440	,6.740,0.050000,0
6,MatMul_89,N/A,N/A,1788520315810475.200	,5.920,0.010000,0
6,InplaceAddRmsNorm_35,N/A,N/A,1788520315810481.140	,4.560,0.080000,0
6,MatMul_90,N/A,N/A,1788520315810485.720	,13.920,0.000000,0
6,Cast_27,N/A,N/A,1788520315810499.660	,7.160,0.080000,0
6,ArgMaxV2,N/A,N/A,1788520315810506.840	,9.040,0.000000,0
6,ArgMaxV2_Output0CastAfter,N/A,N/A,1788520315810515.900	,0.820,0.210000,0
6,GatherV2_33,N/A,N/A,1788520315810516.740	,1.820,0.000000,0
6,GatherV2_1,N/A,N/A,1788520315810845.040	,2.460,326.430000,0
6,GatherV2,N/A,N/A,1788520315810847.520	,2.240,0.040000,0
6,RmsNorm,N/A,N/A,1788520315810849.840	,11.040,0.010000,0
6,MatMul,N/A,N/A,1788520315810860.900	,9.920,0.210000,0
6,Range,N/A,N/A,1788520315810870.840	,8.800,0.000000,0
6,Cast,N/A,N/A,1788520315810879.660	,0.860,0.200000,0
6,Range_2,N/A,N/A,1788520315810880.540	,8.640,0.000000,0
6,Cast_2,N/A,N/A,1788520315810889.200	,0.960,0.110000,0
6,Range_1,N/A,N/A,1788520315810890.200	,8.240,0.040000,0
6,Cast_1,N/A,N/A,1788520315810898.480	,2.080,0.010000,0
6,SplitV_2,N/A,N/A,1788520315810900.580	,1.520,0.000000,0
6,Add,N/A,N/A,1788520315810902.140	,1.440,0.230000,0
6,Add_1,N/A,N/A,1788520315810903.600	,1.460,0.000000,0
6,BroadcastTo_1,N/A,N/A,1788520315810905.100	,1.100,0.040000,0
6,Cast_3,N/A,N/A,1788520315810906.220	,0.900,0.150000,0
6,BroadcastTo_2,N/A,N/A,1788520315810907.140	,0.980,0.100000,0
6,Mul,N/A,N/A,1788520315810908.160	,8.340,0.020000,0
6,Greater,N/A,N/A,1788520315810916.520	,8.220,0.000000,0
6,Transpose,N/A,N/A,1788520315810924.760	,8.400,0.030000,0
6,ConcatV2,N/A,N/A,1788520315810933.180	,3.660,0.100000,0
6,Cos,N/A,N/A,1788520315810936.860	,2.200,0.000000,0
6,Mul_1Cast_7,N/A,N/A,1788520315810939.080	,1.240,0.050000,0
6,Sin,N/A,N/A,1788520315810940.360	,2.080,0.010000,0
6,Mul_2Cast_8,N/A,N/A,1788520315810942.460	,1.080,0.170000,0
6,SplitV,N/A,N/A,1788520315810943.560	,3.560,0.000000,0
6,GatherV2_3,N/A,N/A,1788520315810947.140	,1.020,0.190000,0
6,GatherV2_4,N/A,N/A,1788520315810948.180	,1.180,0.000000,0
6,GatherV2_6,N/A,N/A,1788520315810949.400	,0.940,0.070000,0
6,GatherV2_7,N/A,N/A,1788520315810950.360	,0.880,0.000000,0
6,SplitV_1,N/A,N/A,1788520315810951.260	,3.540,0.120000,0
6,GatherV2_10,N/A,N/A,1788520315810954.820	,0.900,0.000000,0
6,GatherV2_12,N/A,N/A,1788520315810955.760	,0.920,0.100000,0
6,GatherV2_13,N/A,N/A,1788520315810956.720	,0.920,0.080000,0
6,GatherV2_9,N/A,N/A,1788520315810957.660	,0.940,0.080000,0
6,BroadcastTo,N/A,N/A,1788520315810958.620	,7.960,0.000000,0
6,GatherV2_11,N/A,N/A,1788520315810966.620	,1.020,0.040000,0
6,GatherV2_2,N/A,N/A,1788520315810967.680	,0.800,0.230000,0
6,GatherV2_5,N/A,N/A,1788520315810968.500	,0.860,0.000000,0
6,GatherV2_8,N/A,N/A,1788520315810969.380	,0.800,0.140000,0
6,ConcatV2_1,N/A,N/A,1788520315810970.200	,3.320,0.000000,0
6,ConcatV2_2,N/A,N/A,1788520315810973.540	,3.360,0.000000,0
6,GatherV2_15,N/A,N/A,1788520315810976.920	,0.920,0.140000,0
6,GatherV2_16,N/A,N/A,1788520315810977.880	,0.800,0.080000,0
6,GatherV2_17,N/A,N/A,1788520315810978.700	,0.880,0.000000,0
6,GatherV2_18,N/A,N/A,1788520315810979.600	,0.840,0.000000,0
6,GatherV2_19,N/A,N/A,1788520315810980.460	,0.880,0.160000,0
6,GatherV2_20,N/A,N/A,1788520315810981.360	,0.800,0.000000,0
6,GatherV2_21,N/A,N/A,1788520315810982.180	,0.840,0.200000,0
6,GatherV2_22,N/A,N/A,1788520315810983.060	,0.820,0.000000,0
6,GatherV2_23,N/A,N/A,1788520315810983.900	,0.800,0.180000,0
6,GatherV2_24,N/A,N/A,1788520315810984.740	,0.740,0.000000,0
6,GatherV2_25,N/A,N/A,1788520315810985.500	,0.820,0.010000,0
6,GatherV2_26,N/A,N/A,1788520315810986.340	,0.780,0.000000,0
6,GatherV2_27,N/A,N/A,1788520315810987.140	,0.820,0.220000,0
6,GatherV2_28,N/A,N/A,1788520315810988.000	,0.780,0.000000,0
6,GatherV2_29,N/A,N/A,1788520315810988.800	,0.800,0.000000,0
6,GatherV2_30,N/A,N/A,1788520315810989.620	,0.800,0.000000,0
6,GatherV2_31,N/A,N/A,1788520315810990.440	,0.860,0.200000,0
6,GatherV2_32,N/A,N/A,1788520315810991.320	,0.820,0.000000,0
6,Add_2,N/A,N/A,1788520315810992.180	,1.240,0.180000,0
6,GatherV2_14,N/A,N/A,1788520315810993.440	,2.580,0.010000,0
6,Unpack,N/A,N/A,1788520315810996.040	,0.900,0.000000,0
6,Scatter_3,N/A,N/A,1788520315810996.960	,2.860,0.100000,0
6,ApplyRotaryPosEmb,N/A,N/A,1788520315810999.880	,6.240,0.140000,0
6,ConcatV2_6,N/A,N/A,1788520315811006.140	,1.800,0.010000,0
6,Transpose_2,N/A,N/A,1788520315811007.960	,7.640,0.000000,0
6,Scatter_2,N/A,N/A,1788520315811015.620	,1.760,0.000000,0
6,Scatter,N/A,N/A,1788520315811017.440	,1.000,0.240000,0
6,BatchMatMul,N/A,N/A,1788520315811018.500	,7.140,0.000000,0
6,ScaledMaskedSoftmax,N/A,N/A,1788520315811025.660	,9.740,0.110000,0
6,Scatter_1,N/A,N/A,1788520315811035.420	,0.880,0.010000,0
6,BatchMatMul_1,N/A,N/A,1788520315811036.360	,11.360,0.000000,0
6,Reshape_33/ConfusionTranspose/Transpose,N/A,N/A,1788520315811047.760	,7.340,0.140000,0
6,Greater_1,N/A,N/A,1788520315811055.140	,9.280,0.160000,0
6,IncreFlashAttention,N/A,N/A,1788520315811065.760	,22.460,1.220000,0
6,MatMul_1,N/A,N/A,1788520315811089.440	,7.100,1.290000,0
6,InplaceAddRmsNorm,N/A,N/A,1788520315811096.560	,4.180,0.000000,0
6,MatMul_2,N/A,N/A,1788520315811100.760	,7.520,0.070000,0
6,MatMul_3,N/A,N/A,1788520315811108.320	,5.620,0.000000,0
6,SwishMul_3,N/A,N/A,1788520315811113.960	,6.700,0.130000,0
6,MatMul_4,N/A,N/A,1788520315811120.700	,9.240,0.050000,0
6,InplaceAddRmsNorm_1,N/A,N/A,1788520315811130.000	,3.780,0.010000,0
6,MatMul_5,N/A,N/A,1788520315811133.800	,5.040,0.000000,0
6,SplitV_7,N/A,N/A,1788520315811138.860	,1.540,0.000000,0
6,ApplyRotaryPosEmb_1,N/A,N/A,1788520315811140.420	,4.820,0.210000,0
6,ConcatV2_8,N/A,N/A,1788520315811145.260	,3.360,0.000000,0
6,Transpose_10,N/A,N/A,1788520315811148.660	,7.640,0.140000,0
6,Scatter_6,N/A,N/A,1788520315811156.320	,3.240,0.000000,0
6,Scatter_7,N/A,N/A,1788520315811159.620	,2.860,0.010000,0
6,IncreFlashAttention_1,N/A,N/A,1788520315811163.920	,21.540,1.640000,0
6,Scatter_4,N/A,N/A,1788520315811186.400	,1.060,0.960000,0
6,BatchMatMul_2,N/A,N/A,1788520315811187.520	,5.480,0.000000,0
6,ScaledMaskedSoftmax_1,N/A,N/A,1788520315811193.020	,8.320,0.020000,0
6,Scatter_5,N/A,N/A,1788520315811201.380	,1.140,0.180000,0
6,BatchMatMul_3,N/A,N/A,1788520315811202.580	,11.320,0.000000,0
6,Reshape_59/ConfusionTranspose/Transpose,N/A,N/A,1788520315811213.920	,7.480,0.180000,0
6,MatMul_6,N/A,N/A,1788520315811221.420	,4.520,0.020000,0
6,InplaceAddRmsNorm_2,N/A,N/A,1788520315811225.980	,3.400,0.000000,0
6,MatMul_7,N/A,N/A,1788520315811229.400	,4.260,0.100000,0
6,MatMul_8,N/A,N/A,1788520315811233.680	,3.480,0.000000,0
6,Swish_1Mul_4,N/A,N/A,1788520315811237.180	,6.740,0.020000,0
6,MatMul_9,N/A,N/A,1788520315811243.940	,5.840,0.010000,0
6,InplaceAddRmsNorm_3,N/A,N/A,1788520315811249.840	,3.660,0.000000,0
6,MatMul_10,N/A,N/A,1788520315811253.520	,5.360,0.090000,0
6,SplitV_12,N/A,N/A,1788520315811258.900	,1.540,0.140000,0
6,ApplyRotaryPosEmb_2,N/A,N/A,1788520315811260.460	,6.360,0.000000,0
6,ConcatV2_10,N/A,N/A,1788520315811266.840	,1.820,0.000000,0
6,Transpose_18,N/A,N/A,1788520315811268.680	,8.260,0.180000,0
6,Scatter_10,N/A,N/A,1788520315811276.960	,2.840,0.000000,0
6,Scatter_11,N/A,N/A,1788520315811279.860	,2.800,0.000000,0
6,IncreFlashAttention_2,N/A,N/A,1788520315811283.660	,21.000,1.200000,0
6,Scatter_8,N/A,N/A,1788520315811306.160	,0.960,1.500000,0
6,BatchMatMul_4,N/A,N/A,1788520315811307.180	,5.280,0.040000,0
6,ScaledMaskedSoftmax_2,N/A,N/A,1788520315811312.480	,7.960,0.000000,0
6,Scatter_9,N/A,N/A,1788520315811320.460	,0.980,0.040000,0
6,BatchMatMul_5,N/A,N/A,1788520315811321.500	,10.600,0.020000,0
6,Reshape_85/ConfusionTranspose/Transpose,N/A,N/A,1788520315811332.120	,7.160,0.000000,0
6,MatMul_11,N/A,N/A,1788520315811339.300	,3.680,0.090000,0
6,InplaceAddRmsNorm_4,N/A,N/A,1788520315811343.000	,3.540,0.070000,0
6,MatMul_12,N/A,N/A,1788520315811346.560	,4.820,0.000000,0
6,MatMul_13,N/A,N/A,1788520315811351.400	,4.140,0.180000,0
6,Swish_2Mul_5,N/A,N/A,1788520315811355.580	,7.060,0.000000,0
6,MatMul_14,N/A,N/A,1788520315811362.660	,5.900,0.190000,0
6,InplaceAddRmsNorm_5,N/A,N/A,1788520315811368.620	,3.520,0.000000,0
6,MatMul_15,N/A,N/A,1788520315811372.160	,4.860,0.230000,0
6,SplitV_17,N/A,N/A,1788520315811377.040	,2.120,0.000000,0
6,ApplyRotaryPosEmb_3,N/A,N/A,1788520315811379.180	,6.000,0.130000,0
6,ConcatV2_12,N/A,N/A,1788520315811385.200	,1.880,0.000000,0
6,Transpose_26,N/A,N/A,1788520315811387.100	,7.620,0.000000,0
6,Scatter_14,N/A,N/A,1788520315811394.740	,2.860,0.130000,0
6,Scatter_15,N/A,N/A,1788520315811397.680	,2.760,0.140000,0
6,IncreFlashAttention_3,N/A,N/A,1788520315811402.040	,21.000,1.490000,0
6,Scatter_12,N/A,N/A,1788520315811423.840	,0.880,0.750000,0
6,BatchMatMul_6,N/A,N/A,1788520315811424.780	,5.480,0.120000,0
6,ScaledMaskedSoftmax_3,N/A,N/A,1788520315811430.300	,7.940,0.020000,0
6,Scatter_13,N/A,N/A,1788520315811438.280	,0.960,0.060000,0
6,BatchMatMul_7,N/A,N/A,1788520315811439.320	,10.820,0.040000,0
6,Reshape_111/ConfusionTranspose/Transpose,N/A,N/A,1788520315811450.160	,7.240,0.180000,0
6,MatMul_16,N/A,N/A,1788520315811457.420	,3.640,0.010000,0
6,InplaceAddRmsNorm_6,N/A,N/A,1788520315811461.080	,4.200,0.000000,0
6,MatMul_17,N/A,N/A,1788520315811465.300	,4.400,0.050000,0
6,MatMul_18,N/A,N/A,1788520315811469.720	,4.380,0.100000,0
6,Swish_3Mul_6,N/A,N/A,1788520315811474.120	,6.720,0.000000,0
6,MatMul_19,N/A,N/A,1788520315811480.860	,6.200,0.030000,0
6,InplaceAddRmsNorm_7,N/A,N/A,1788520315811487.140	,3.800,0.300000,0
6,MatMul_20,N/A,N/A,1788520315811490.960	,4.880,0.000000,0
6,SplitV_22,N/A,N/A,1788520315811495.860	,1.440,0.000000,0
6,ApplyRotaryPosEmb_4,N/A,N/A,1788520315811497.320	,5.500,0.060000,0
6,ConcatV2_14,N/A,N/A,1788520315811502.840	,1.860,0.000000,0
6,Transpose_34,N/A,N/A,1788520315811504.720	,7.680,0.140000,0
6,Scatter_18,N/A,N/A,1788520315811512.420	,2.820,0.070000,0
6,Scatter_19,N/A,N/A,1788520315811515.300	,2.860,0.000000,0
6,IncreFlashAttention_4,N/A,N/A,1788520315811519.080	,20.660,0.890000,0
6,Scatter_16,N/A,N/A,1788520315811540.920	,0.940,1.340000,0
6,BatchMatMul_8,N/A,N/A,1788520315811541.920	,5.520,0.060000,0
6,ScaledMaskedSoftmax_4,N/A,N/A,1788520315811547.460	,8.120,0.000000,0
6,Scatter_17,N/A,N/A,1788520315811555.600	,0.940,0.000000,0
6,BatchMatMul_9,N/A,N/A,1788520315811556.600	,10.700,0.060000,0
6,Reshape_137/ConfusionTranspose/Transpose,N/A,N/A,1788520315811567.340	,7.240,0.050000,0
6,MatMul_21,N/A,N/A,1788520315811574.600	,3.400,0.010000,0
6,InplaceAddRmsNorm_8,N/A,N/A,1788520315811578.020	,3.480,0.100000,0
6,MatMul_22,N/A,N/A,1788520315811581.520	,4.300,0.020000,0
6,MatMul_23,N/A,N/A,1788520315811585.860	,3.580,0.000000,0
6,Swish_4Mul_7,N/A,N/A,1788520315811589.460	,6.760,0.170000,0
6,MatMul_24,N/A,N/A,1788520315811596.260	,6.120,0.000000,0
6,InplaceAddRmsNorm_9,N/A,N/A,1788520315811602.440	,3.700,0.130000,0
6,MatMul_25,N/A,N/A,1788520315811606.160	,4.860,0.050000,0
6,SplitV_27,N/A,N/A,1788520315811611.040	,1.500,0.000000,0
6,ApplyRotaryPosEmb_5,N/A,N/A,1788520315811612.560	,4.880,0.000000,0
6,ConcatV2_16,N/A,N/A,1788520315811617.460	,1.840,0.120000,0
6,Transpose_42,N/A,N/A,1788520315811619.320	,7.600,0.000000,0
6,Scatter_22,N/A,N/A,1788520315811626.940	,2.820,0.150000,0
6,Scatter_23,N/A,N/A,1788520315811629.820	,2.920,0.000000,0
6,IncreFlashAttention_5,N/A,N/A,1788520315811633.820	,20.600,1.080000,0
6,Scatter_20,N/A,N/A,1788520315811655.640	,1.000,1.400000,0
6,BatchMatMul_10,N/A,N/A,1788520315811656.700	,5.240,0.000000,0
6,ScaledMaskedSoftmax_5,N/A,N/A,1788520315811661.960	,7.980,0.010000,0
6,Scatter_21,N/A,N/A,1788520315811669.980	,1.040,0.020000,0
6,BatchMatMul_11,N/A,N/A,1788520315811671.100	,10.580,0.000000,0
6,Reshape_163/ConfusionTranspose/Transpose,N/A,N/A,1788520315811681.700	,7.200,0.170000,0
6,MatMul_26,N/A,N/A,1788520315811688.920	,3.440,0.050000,0
6,InplaceAddRmsNorm_10,N/A,N/A,1788520315811692.380	,3.460,0.060000,0
6,MatMul_27,N/A,N/A,1788520315811695.860	,4.560,0.000000,0
6,MatMul_28,N/A,N/A,1788520315811700.440	,3.620,0.190000,0
6,Swish_5Mul_8,N/A,N/A,1788520315811704.080	,6.660,0.000000,0
6,MatMul_29,N/A,N/A,1788520315811710.760	,5.820,0.090000,0
6,InplaceAddRmsNorm_11,N/A,N/A,1788520315811716.640	,3.580,0.180000,0
6,MatMul_30,N/A,N/A,1788520315811720.240	,5.100,0.000000,0
6,SplitV_32,N/A,N/A,1788520315811725.360	,1.460,0.000000,0
6,ApplyRotaryPosEmb_6,N/A,N/A,1788520315811726.840	,4.980,0.040000,0
6,ConcatV2_18,N/A,N/A,1788520315811731.840	,1.980,0.020000,0
6,Transpose_50,N/A,N/A,1788520315811733.840	,7.640,0.020000,0
6,Scatter_26,N/A,N/A,1788520315811741.500	,2.840,0.110000,0
6,Scatter_27,N/A,N/A,1788520315811744.400	,2.860,0.160000,0
6,IncreFlashAttention_6,N/A,N/A,1788520315811748.580	,20.560,1.140000,0
6,Scatter_24,N/A,N/A,1788520315811769.820	,0.920,0.690000,0
6,BatchMatMul_12,N/A,N/A,1788520315811770.800	,5.760,0.080000,0
6,ScaledMaskedSoftmax_6,N/A,N/A,1788520315811776.580	,8.000,0.000000,0
6,Scatter_25,N/A,N/A,1788520315811784.600	,1.020,0.000000,0
6,BatchMatMul_13,N/A,N/A,1788520315811785.680	,10.480,0.230000,0
6,Reshape_189/ConfusionTranspose/Transpose,N/A,N/A,1788520315811796.200	,7.460,0.020000,0
6,MatMul_31,N/A,N/A,1788520315811803.700	,3.520,0.040000,0
6,InplaceAddRmsNorm_12,N/A,N/A,1788520315811807.260	,4.140,0.000000,0
6,MatMul_32,N/A,N/A,1788520315811811.420	,4.580,0.110000,0
6,MatMul_33,N/A,N/A,1788520315811816.040	,3.620,0.000000,0
6,Swish_6Mul_9,N/A,N/A,1788520315811819.680	,6.760,0.130000,0
6,MatMul_34,N/A,N/A,1788520315811826.460	,5.960,0.000000,0
6,InplaceAddRmsNorm_13,N/A,N/A,1788520315811832.500	,3.520,0.040000,0
6,MatMul_35,N/A,N/A,1788520315811836.040	,5.140,0.000000,0
6,SplitV_37,N/A,N/A,1788520315811841.200	,1.460,0.110000,0
6,ApplyRotaryPosEmb_7,N/A,N/A,1788520315811842.680	,4.800,0.040000,0
6,ConcatV2_20,N/A,N/A,1788520315811847.500	,3.320,0.000000,0
6,Transpose_58,N/A,N/A,1788520315811850.840	,7.580,0.000000,0
6,Scatter_30,N/A,N/A,1788520315811858.440	,3.280,0.170000,0
6,Scatter_31,N/A,N/A,1788520315811861.800	,2.840,0.000000,0
6,IncreFlashAttention_7,N/A,N/A,1788520315811865.700	,21.420,1.160000,0
6,Scatter_28,N/A,N/A,1788520315811888.140	,0.980,1.080000,0
6,BatchMatMul_14,N/A,N/A,1788520315811889.180	,6.620,0.020000,0
6,ScaledMaskedSoftmax_7,N/A,N/A,1788520315811895.820	,8.400,0.000000,0
6,Scatter_29,N/A,N/A,1788520315811904.240	,1.060,0.100000,0
6,BatchMatMul_15,N/A,N/A,1788520315811905.360	,10.400,0.000000,0
6,Reshape_215/ConfusionTranspose/Transpose,N/A,N/A,1788520315811915.780	,7.520,0.100000,0
6,MatMul_36,N/A,N/A,1788520315811923.320	,3.420,0.000000,0
6,InplaceAddRmsNorm_14,N/A,N/A,1788520315811926.760	,3.500,0.080000,0
6,MatMul_37,N/A,N/A,1788520315811930.280	,4.640,0.000000,0
6,MatMul_38,N/A,N/A,1788520315811934.940	,3.660,0.110000,0
6,Swish_7Mul_10,N/A,N/A,1788520315811938.640	,6.740,0.090000,0
6,MatMul_39,N/A,N/A,1788520315811945.400	,5.940,0.010000,0
6,InplaceAddRmsNorm_15,N/A,N/A,1788520315811951.400	,3.500,0.060000,0
6,MatMul_40,N/A,N/A,1788520315811954.940	,5.340,0.000000,0
6,SplitV_42,N/A,N/A,1788520315811960.320	,1.460,0.000000,0
6,ApplyRotaryPosEmb_8,N/A,N/A,1788520315811961.820	,4.980,0.040000,0
6,ConcatV2_22,N/A,N/A,1788520315811966.820	,1.900,0.020000,0
6,Transpose_66,N/A,N/A,1788520315811968.740	,7.800,0.100000,0
6,Scatter_34,N/A,N/A,1788520315811976.560	,2.820,0.000000,0
6,Scatter_35,N/A,N/A,1788520315811979.440	,2.900,0.180000,0
6,IncreFlashAttention_8,N/A,N/A,1788520315811983.440	,21.680,1.100000,0
6,Scatter_32,N/A,N/A,1788520315812005.880	,1.020,0.820000,0
6,BatchMatMul_16,N/A,N/A,1788520315812006.960	,6.380,0.000000,0
6,ScaledMaskedSoftmax_8,N/A,N/A,1788520315812013.360	,7.920,0.000000,0
6,Scatter_33,N/A,N/A,1788520315812021.320	,0.920,0.080000,0
6,BatchMatMul_17,N/A,N/A,1788520315812022.300	,10.460,0.080000,0
6,Reshape_241/ConfusionTranspose/Transpose,N/A,N/A,1788520315812032.780	,7.460,0.040000,0
6,MatMul_41,N/A,N/A,1788520315812040.260	,4.620,0.040000,0
6,InplaceAddRmsNorm_16,N/A,N/A,1788520315812044.900	,3.480,0.130000,0
6,MatMul_42,N/A,N/A,1788520315812048.400	,4.280,0.020000,0
6,MatMul_43,N/A,N/A,1788520315812052.700	,3.780,0.000000,0
6,Swish_8Mul_11,N/A,N/A,1788520315812056.500	,6.780,0.000000,0
6,MatMul_44,N/A,N/A,1788520315812063.300	,6.240,0.000000,0
6,InplaceAddRmsNorm_17,N/A,N/A,1788520315812069.600	,3.560,0.010000,0
6,MatMul_45,N/A,N/A,1788520315812073.180	,5.340,0.190000,0
6,SplitV_47,N/A,N/A,1788520315812078.540	,1.480,0.000000,0
6,ApplyRotaryPosEmb_9,N/A,N/A,1788520315812080.060	,5.880,0.020000,0
6,ConcatV2_24,N/A,N/A,1788520315812085.960	,1.820,0.120000,0
6,Transpose_74,N/A,N/A,1788520315812087.800	,7.700,0.000000,0
6,Scatter_38,N/A,N/A,1788520315812095.520	,2.900,0.050000,0
6,Scatter_39,N/A,N/A,1788520315812098.480	,2.880,0.100000,0
6,IncreFlashAttention_9,N/A,N/A,1788520315812102.420	,21.500,1.120000,0
6,Scatter_36,N/A,N/A,1788520315812124.900	,1.020,1.000000,0
6,BatchMatMul_18,N/A,N/A,1788520315812125.980	,5.500,0.000000,0
6,ScaledMaskedSoftmax_9,N/A,N/A,1788520315812131.500	,8.140,0.000000,0
6,Scatter_37,N/A,N/A,1788520315812139.660	,1.120,0.110000,0
6,BatchMatMul_19,N/A,N/A,1788520315812140.840	,11.160,0.000000,0
6,Reshape_267/ConfusionTranspose/Transpose,N/A,N/A,1788520315812152.020	,7.440,0.090000,0
6,MatMul_46,N/A,N/A,1788520315812159.480	,4.200,0.060000,0
6,InplaceAddRmsNorm_18,N/A,N/A,1788520315812163.700	,3.520,0.050000,0
6,MatMul_47,N/A,N/A,1788520315812167.240	,4.360,0.000000,0
6,MatMul_48,N/A,N/A,1788520315812171.620	,3.780,0.000000,0
6,Swish_9Mul_12,N/A,N/A,1788520315812175.420	,7.220,0.220000,0
6,MatMul_49,N/A,N/A,1788520315812182.680	,5.820,0.030000,0
6,InplaceAddRmsNorm_19,N/A,N/A,1788520315812188.560	,3.520,0.000000,0
6,MatMul_50,N/A,N/A,1788520315812192.100	,5.040,0.000000,0
6,SplitV_52,N/A,N/A,1788520315812197.160	,2.100,0.210000,0
6,ApplyRotaryPosEmb_10,N/A,N/A,1788520315812199.280	,4.720,0.000000,0
6,ConcatV2_26,N/A,N/A,1788520315812204.020	,1.960,0.030000,0
6,Transpose_82,N/A,N/A,1788520315812206.000	,7.760,0.040000,0
6,Scatter_42,N/A,N/A,1788520315812213.780	,2.980,0.000000,0
6,Scatter_43,N/A,N/A,1788520315812216.820	,2.780,0.020000,0
6,IncreFlashAttention_10,N/A,N/A,1788520315812220.740	,21.460,1.220000,0
6,Scatter_40,N/A,N/A,1788520315812243.200	,1.020,1.040000,0
6,BatchMatMul_20,N/A,N/A,1788520315812244.280	,5.420,0.000000,0
6,ScaledMaskedSoftmax_10,N/A,N/A,1788520315812249.720	,8.040,0.080000,0
6,Scatter_41,N/A,N/A,1788520315812257.780	,1.040,0.000000,0
6,BatchMatMul_21,N/A,N/A,1788520315812258.880	,10.520,0.210000,0
6,Reshape_293/ConfusionTranspose/Transpose,N/A,N/A,1788520315812269.420	,7.260,0.000000,0
6,MatMul_51,N/A,N/A,1788520315812276.700	,3.640,0.000000,0
6,InplaceAddRmsNorm_20,N/A,N/A,1788520315812280.360	,3.520,0.000000,0
6,MatMul_52,N/A,N/A,1788520315812283.920	,4.360,0.230000,0
6,MatMul_53,N/A,N/A,1788520315812288.300	,4.580,0.000000,0
6,Swish_10Mul_13,N/A,N/A,1788520315812292.920	,6.780,0.170000,0
6,MatMul_54,N/A,N/A,1788520315812299.720	,5.940,0.000000,0
6,InplaceAddRmsNorm_21,N/A,N/A,1788520315812305.720	,3.580,0.060000,0
6,MatMul_55,N/A,N/A,1788520315812309.340	,5.340,0.000000,0
6,SplitV_57,N/A,N/A,1788520315812314.700	,1.520,0.160000,0
6,ApplyRotaryPosEmb_11,N/A,N/A,1788520315812316.240	,5.000,0.000000,0
6,ConcatV2_28,N/A,N/A,1788520315812321.260	,1.780,0.000000,0
6,Transpose_90,N/A,N/A,1788520315812323.060	,7.560,0.000000,0
6,Scatter_46,N/A,N/A,1788520315812330.640	,2.860,0.190000,0
6,Scatter_47,N/A,N/A,1788520315812333.560	,2.740,0.000000,0
6,IncreFlashAttention_11,N/A,N/A,1788520315812337.340	,21.340,1.010000,0
6,Scatter_44,N/A,N/A,1788520315812359.760	,0.920,1.160000,0
6,BatchMatMul_22,N/A,N/A,1788520315812360.740	,5.500,0.080000,0
6,ScaledMaskedSoftmax_11,N/A,N/A,1788520315812366.280	,7.860,0.000000,0
6,Scatter_45,N/A,N/A,1788520315812374.160	,1.180,0.140000,0
6,BatchMatMul_23,N/A,N/A,1788520315812375.420	,10.580,0.070000,0
6,Reshape_319/ConfusionTranspose/Transpose,N/A,N/A,1788520315812386.020	,7.460,0.000000,0
6,MatMul_56,N/A,N/A,1788520315812393.500	,3.720,0.040000,0
6,InplaceAddRmsNorm_22,N/A,N/A,1788520315812397.240	,3.980,0.030000,0
6,MatMul_57,N/A,N/A,1788520315812401.240	,4.320,0.020000,0
6,MatMul_58,N/A,N/A,1788520315812405.580	,4.680,0.000000,0
6,Swish_11Mul_14,N/A,N/A,1788520315812410.300	,6.760,0.070000,0
6,MatMul_59,N/A,N/A,1788520315812417.080	,5.740,0.000000,0
6,InplaceAddRmsNorm_23,N/A,N/A,1788520315812422.880	,3.640,0.260000,0
6,MatMul_60,N/A,N/A,1788520315812426.540	,5.340,0.000000,0
6,SplitV_62,N/A,N/A,1788520315812431.900	,1.480,0.160000,0
6,ApplyRotaryPosEmb_12,N/A,N/A,1788520315812433.400	,4.600,0.020000,0
6,ConcatV2_30,N/A,N/A,1788520315812438.040	,1.780,0.000000,0
6,Transpose_98,N/A,N/A,1788520315812439.840	,7.680,0.000000,0
6,Scatter_50,N/A,N/A,1788520315812447.540	,2.860,0.070000,0
6,Scatter_51,N/A,N/A,1788520315812450.460	,2.880,0.140000,0
6,IncreFlashAttention_12,N/A,N/A,1788520315812454.560	,20.420,1.120000,0
6,Scatter_48,N/A,N/A,1788520315812475.800	,1.000,0.830000,0
6,BatchMatMul_24,N/A,N/A,1788520315812476.860	,5.440,0.000000,0
6,ScaledMaskedSoftmax_12,N/A,N/A,1788520315812482.340	,7.980,0.060000,0
6,Scatter_49,N/A,N/A,1788520315812490.340	,1.000,0.020000,0
6,BatchMatMul_25,N/A,N/A,1788520315812491.400	,10.480,0.250000,0
6,Reshape_345/ConfusionTranspose/Transpose,N/A,N/A,1788520315812501.900	,7.240,0.020000,0
6,MatMul_61,N/A,N/A,1788520315812509.160	,3.600,0.010000,0
6,InplaceAddRmsNorm_24,N/A,N/A,1788520315812512.780	,3.420,0.000000,0
6,MatMul_62,N/A,N/A,1788520315812516.220	,4.240,0.080000,0
6,MatMul_63,N/A,N/A,1788520315812520.480	,3.640,0.010000,0
6,Swish_12Mul_15,N/A,N/A,1788520315812524.140	,6.700,0.110000,0
6,MatMul_64,N/A,N/A,1788520315812530.880	,5.980,0.050000,0
6,InplaceAddRmsNorm_25,N/A,N/A,1788520315812536.920	,3.680,0.020000,0
6,MatMul_65,N/A,N/A,1788520315812540.620	,5.360,0.000000,0
6,SplitV_67,N/A,N/A,1788520315812546.000	,1.500,0.140000,0
6,ApplyRotaryPosEmb_13,N/A,N/A,1788520315812547.520	,4.860,0.000000,0
6,ConcatV2_32,N/A,N/A,1788520315812552.400	,2.640,0.140000,0
6,Transpose_106,N/A,N/A,1788520315812555.060	,7.680,0.000000,0
6,Scatter_54,N/A,N/A,1788520315812562.760	,3.520,0.070000,0
6,Scatter_55,N/A,N/A,1788520315812566.340	,2.920,0.000000,0
6,IncreFlashAttention_13,N/A,N/A,1788520315812570.500	,20.300,1.330000,0
6,Scatter_52,N/A,N/A,1788520315812591.700	,1.260,0.950000,0
6,BatchMatMul_26,N/A,N/A,1788520315812593.020	,5.540,0.000000,0
6,ScaledMaskedSoftmax_13,N/A,N/A,1788520315812598.580	,8.600,0.000000,0
6,Scatter_53,N/A,N/A,1788520315812607.200	,1.060,0.150000,0
6,BatchMatMul_27,N/A,N/A,1788520315812608.320	,10.380,0.000000,0
6,Reshape_371/ConfusionTranspose/Transpose,N/A,N/A,1788520315812618.740	,7.400,0.120000,0
6,MatMul_66,N/A,N/A,1788520315812626.160	,3.420,0.100000,0
6,InplaceAddRmsNorm_26,N/A,N/A,1788520315812629.600	,3.400,0.000000,0
6,MatMul_67,N/A,N/A,1788520315812633.020	,4.740,0.100000,0
6,MatMul_68,N/A,N/A,1788520315812637.800	,3.720,0.010000,0
6,Swish_13Mul_16,N/A,N/A,1788520315812641.560	,6.660,0.030000,0
6,MatMul_69,N/A,N/A,1788520315812648.260	,5.900,0.090000,0
6,InplaceAddRmsNorm_27,N/A,N/A,1788520315812654.240	,3.500,0.100000,0
6,MatMul_70,N/A,N/A,1788520315812657.760	,5.020,0.000000,0
6,SplitV_72,N/A,N/A,1788520315812662.820	,1.480,0.000000,0
6,ApplyRotaryPosEmb_14,N/A,N/A,1788520315812664.320	,4.780,0.020000,0
6,ConcatV2_34,N/A,N/A,1788520315812669.120	,1.980,0.000000,0
6,Transpose_114,N/A,N/A,1788520315812671.140	,8.120,0.270000,0
6,Scatter_58,N/A,N/A,1788520315812679.280	,2.840,0.000000,0
6,Scatter_59,N/A,N/A,1788520315812682.180	,2.800,0.160000,0
6,IncreFlashAttention_14,N/A,N/A,1788520315812686.220	,22.900,1.200000,0
6,Scatter_56,N/A,N/A,1788520315812710.820	,0.920,1.600000,0
6,BatchMatMul_28,N/A,N/A,1788520315812711.800	,5.480,0.080000,0
6,ScaledMaskedSoftmax_14,N/A,N/A,1788520315812717.300	,9.000,0.020000,0
6,Scatter_57,N/A,N/A,1788520315812726.320	,0.860,0.000000,0
6,BatchMatMul_29,N/A,N/A,1788520315812727.240	,10.680,0.140000,0
6,Reshape_397/ConfusionTranspose/Transpose,N/A,N/A,1788520315812737.960	,7.240,0.070000,0
6,MatMul_71,N/A,N/A,1788520315812745.240	,3.420,0.010000,0
6,InplaceAddRmsNorm_28,N/A,N/A,1788520315812748.680	,3.500,0.080000,0
6,MatMul_72,N/A,N/A,1788520315812752.200	,4.340,0.000000,0
6,MatMul_73,N/A,N/A,1788520315812756.560	,3.680,0.000000,0
6,Swish_14Mul_17,N/A,N/A,1788520315812760.260	,6.740,0.070000,0
6,MatMul_74,N/A,N/A,1788520315812767.020	,7.360,0.010000,0
6,InplaceAddRmsNorm_29,N/A,N/A,1788520315812774.440	,3.520,0.140000,0
6,MatMul_75,N/A,N/A,1788520315812777.980	,8.500,0.000000,0
6,SplitV_77,N/A,N/A,1788520315812786.500	,1.460,0.000000,0
6,ApplyRotaryPosEmb_15,N/A,N/A,1788520315812788.000	,4.780,0.040000,0
6,ConcatV2_36,N/A,N/A,1788520315812792.800	,1.800,0.000000,0
6,Transpose_122,N/A,N/A,1788520315812794.640	,7.680,0.200000,0
6,Scatter_62,N/A,N/A,1788520315812802.340	,2.760,0.000000,0
6,Scatter_63,N/A,N/A,1788520315812805.160	,2.820,0.240000,0
6,IncreFlashAttention_15,N/A,N/A,1788520315812809.140	,21.200,1.180000,0
6,Scatter_60,N/A,N/A,1788520315812831.560	,0.880,1.050000,0
6,BatchMatMul_30,N/A,N/A,1788520315812832.500	,5.840,0.120000,0
6,ScaledMaskedSoftmax_15,N/A,N/A,1788520315812838.380	,8.120,0.160000,0
6,Scatter_61,N/A,N/A,1788520315812846.520	,0.960,0.000000,0
6,BatchMatMul_31,N/A,N/A,1788520315812847.560	,10.500,0.040000,0
6,Reshape_423/ConfusionTranspose/Transpose,N/A,N/A,1788520315812858.080	,7.260,0.000000,0
6,MatMul_76,N/A,N/A,1788520315812865.360	,3.360,0.000000,0
6,InplaceAddRmsNorm_30,N/A,N/A,1788520315812868.760	,3.400,0.140000,0
6,MatMul_77,N/A,N/A,1788520315812872.200	,4.200,0.100000,0
6,MatMul_78,N/A,N/A,1788520315812876.420	,4.940,0.050000,0
6,Swish_15Mul_18,N/A,N/A,1788520315812881.400	,7.060,0.060000,0
6,MatMul_79,N/A,N/A,1788520315812888.500	,5.800,0.000000,0
6,InplaceAddRmsNorm_31,N/A,N/A,1788520315812894.360	,3.640,0.000000,0
6,MatMul_80,N/A,N/A,1788520315812898.020	,5.220,0.110000,0
6,SplitV_82,N/A,N/A,1788520315812903.260	,1.860,0.030000,0
6,ApplyRotaryPosEmb_16,N/A,N/A,1788520315812905.140	,4.660,0.140000,0
6,ConcatV2_38,N/A,N/A,1788520315812909.840	,1.720,0.000000,0
6,Transpose_130,N/A,N/A,1788520315812911.580	,7.680,0.030000,0
6,Scatter_66,N/A,N/A,1788520315812919.280	,2.840,0.070000,0
6,Scatter_67,N/A,N/A,1788520315812922.200	,3.120,0.160000,0
6,IncreFlashAttention_16,N/A,N/A,1788520315812926.360	,21.340,0.880000,0
6,Scatter_64,N/A,N/A,1788520315812948.840	,0.920,1.160000,0
6,BatchMatMul_32,N/A,N/A,1788520315812949.840	,5.860,0.080000,0
6,ScaledMaskedSoftmax_16,N/A,N/A,1788520315812955.740	,7.980,0.140000,0
6,Scatter_65,N/A,N/A,1788520315812963.740	,0.860,0.020000,0
6,BatchMatMul_33,N/A,N/A,1788520315812964.660	,11.280,0.140000,0
6,Reshape_449/ConfusionTranspose/Transpose,N/A,N/A,1788520315812975.960	,7.220,0.000000,0
6,MatMul_81,N/A,N/A,1788520315812983.220	,4.640,0.030000,0
6,InplaceAddRmsNorm_32,N/A,N/A,1788520315812987.880	,3.920,0.110000,0
6,MatMul_82,N/A,N/A,1788520315812991.820	,4.300,0.000000,0
6,MatMul_83,N/A,N/A,1788520315812996.140	,3.700,0.200000,0
6,Swish_16Mul_19,N/A,N/A,1788520315812999.860	,6.740,0.000000,0
6,MatMul_84,N/A,N/A,1788520315813006.620	,7.700,0.010000,0
6,InplaceAddRmsNorm_33,N/A,N/A,1788520315813014.400	,10.640,0.300000,0
6,MatMul_85,N/A,N/A,1788520315813025.060	,12.000,0.000000,0
6,SplitV_87,N/A,N/A,1788520315813037.080	,2.020,0.000000,0
6,ApplyRotaryPosEmb_17,N/A,N/A,1788520315813039.140	,5.520,0.230000,0
6,ConcatV2_40,N/A,N/A,1788520315813044.680	,2.420,0.000000,0
6,Transpose_138,N/A,N/A,1788520315813047.120	,7.640,0.000000,0
6,Scatter_70,N/A,N/A,1788520315813054.780	,2.900,0.110000,0
6,Scatter_71,N/A,N/A,1788520315813057.760	,3.340,0.100000,0
6,IncreFlashAttention_17,N/A,N/A,1788520315813062.080	,21.420,0.910000,0
6,Scatter_68,N/A,N/A,1788520315813084.500	,1.200,1.080000,0
6,BatchMatMul_34,N/A,N/A,1788520315813085.760	,7.120,0.050000,0
6,ScaledMaskedSoftmax_17,N/A,N/A,1788520315813092.900	,8.160,0.130000,0
6,Scatter_69,N/A,N/A,1788520315813101.080	,1.460,0.000000,0
6,BatchMatMul_35,N/A,N/A,1788520315813102.620	,10.880,0.040000,0
6,Reshape_475/ConfusionTranspose/Transpose,N/A,N/A,1788520315813113.540	,7.480,0.120000,0
6,MatMul_86,N/A,N/A,1788520315813121.040	,7.900,0.020000,0
6,InplaceAddRmsNorm_34,N/A,N/A,1788520315813128.980	,3.460,0.100000,0
6,MatMul_87,N/A,N/A,1788520315813132.460	,7.740,0.040000,0
6,MatMul_88,N/A,N/A,1788520315813140.220	,7.320,0.010000,0
6,Swish_17Mul_20,N/A,N/A,1788520315813147.560	,6.680,0.000000,0
6,MatMul_89,N/A,N/A,1788520315813154.280	,7.220,0.070000,0
6,InplaceAddRmsNorm_35,N/A,N/A,1788520315813161.540	,4.660,0.030000,0
6,MatMul_90,N/A,N/A,1788520315813166.220	,28.880,0.090000,0
6,Cast_27,N/A,N/A,1788520315813195.120	,7.280,0.000000,0
6,ArgMaxV2,N/A,N/A,1788520315813202.420	,8.800,0.220000,0
6,ArgMaxV2_Output0CastAfter,N/A,N/A,1788520315813211.260	,0.780,0.000000,0
6,GatherV2_33,N/A,N/A,1788520315813212.080	,2.420,0.000000,0
6,GatherV2_1,N/A,N/A,1788520315813526.100	,3.020,311.580000,0
6,GatherV2,N/A,N/A,1788520315813529.140	,2.860,0.230000,0
6,RmsNorm,N/A,N/A,1788520315813532.080	,11.120,0.000000,0
6,MatMul,N/A,N/A,1788520315813543.220	,15.920,0.130000,0
6,Range,N/A,N/A,1788520315813559.160	,7.920,0.080000,0
6,Cast,N/A,N/A,1788520315813567.100	,0.800,0.000000,0
6,Range_2,N/A,N/A,1788520315813567.920	,8.580,0.200000,0
6,Cast_2,N/A,N/A,1788520315813576.520	,0.980,0.000000,0
6,Range_1,N/A,N/A,1788520315813577.520	,8.260,0.020000,0
6,Cast_1,N/A,N/A,1788520315813585.820	,1.960,0.000000,0
6,SplitV_2,N/A,N/A,1788520315813587.820	,1.440,0.040000,0
6,Add,N/A,N/A,1788520315813589.280	,1.460,0.060000,0
6,Add_1,N/A,N/A,1788520315813590.760	,1.580,0.040000,0
6,BroadcastTo_1,N/A,N/A,1788520315813592.360	,0.900,0.000000,0
6,Cast_3,N/A,N/A,1788520315813593.280	,0.860,0.100000,0
6,BroadcastTo_2,N/A,N/A,1788520315813594.160	,0.980,0.140000,0
6,Mul,N/A,N/A,1788520315813595.160	,8.340,0.020000,0
6,Greater,N/A,N/A,1788520315813603.520	,8.260,0.000000,0
6,Transpose,N/A,N/A,1788520315813611.800	,8.280,0.000000,0
6,ConcatV2,N/A,N/A,1788520315813620.120	,3.600,0.000000,0
6,Cos,N/A,N/A,1788520315813623.760	,2.220,0.150000,0
6,Mul_1Cast_7,N/A,N/A,1788520315813626.000	,1.220,0.030000,0
6,Sin,N/A,N/A,1788520315813627.240	,2.160,0.030000,0
6,Mul_2Cast_8,N/A,N/A,1788520315813629.440	,1.020,0.090000,0
6,SplitV,N/A,N/A,1788520315813630.480	,3.580,0.000000,0
6,GatherV2_3,N/A,N/A,1788520315813634.080	,1.020,0.000000,0
6,GatherV2_4,N/A,N/A,1788520315813635.120	,0.980,0.000000,0
6,GatherV2_6,N/A,N/A,1788520315813636.120	,0.900,0.020000,0
6,GatherV2_7,N/A,N/A,1788520315813637.040	,0.880,0.100000,0
6,SplitV_1,N/A,N/A,1788520315813637.940	,3.560,0.120000,0
6,GatherV2_10,N/A,N/A,1788520315813641.520	,0.880,0.000000,0
6,GatherV2_12,N/A,N/A,1788520315813642.440	,0.940,0.120000,0
6,GatherV2_13,N/A,N/A,1788520315813643.400	,0.920,0.060000,0
6,GatherV2_9,N/A,N/A,1788520315813644.360	,0.860,0.000000,0
6,BroadcastTo,N/A,N/A,1788520315813645.240	,7.880,0.140000,0
6,GatherV2_11,N/A,N/A,1788520315813653.140	,1.060,0.120000,0
6,GatherV2_2,N/A,N/A,1788520315813654.220	,0.800,0.000000,0
6,GatherV2_5,N/A,N/A,1788520315813655.040	,0.880,0.000000,0
6,GatherV2_8,N/A,N/A,1788520315813655.940	,0.880,0.120000,0
6,ConcatV2_1,N/A,N/A,1788520315813656.840	,3.400,0.000000,0
6,ConcatV2_2,N/A,N/A,1788520315813660.280	,3.220,0.100000,0
6,GatherV2_15,N/A,N/A,1788520315813663.540	,0.960,0.030000,0
6,GatherV2_16,N/A,N/A,1788520315813664.520	,0.820,0.040000,0
6,GatherV2_17,N/A,N/A,1788520315813665.360	,0.860,0.000000,0
6,GatherV2_18,N/A,N/A,1788520315813666.240	,0.860,0.140000,0
6,GatherV2_19,N/A,N/A,1788520315813667.140	,0.880,0.140000,0
6,GatherV2_20,N/A,N/A,1788520315813668.040	,0.800,0.000000,0
6,GatherV2_21,N/A,N/A,1788520315813668.860	,0.840,0.000000,0
6,GatherV2_22,N/A,N/A,1788520315813669.720	,0.780,0.160000,0
6,GatherV2_23,N/A,N/A,1788520315813670.520	,0.840,0.000000,0
6,GatherV2_24,N/A,N/A,1788520315813671.380	,0.800,0.160000,0
6,GatherV2_25,N/A,N/A,1788520315813672.200	,0.860,0.000000,0
6,GatherV2_26,N/A,N/A,1788520315813673.080	,0.800,0.000000,0
6,GatherV2_27,N/A,N/A,1788520315813673.920	,0.840,0.200000,0
6,GatherV2_28,N/A,N/A,1788520315813674.780	,0.840,0.000000,0
6,GatherV2_29,N/A,N/A,1788520315813675.640	,0.860,0.160000,0
6,GatherV2_30,N/A,N/A,1788520315813676.520	,0.860,0.000000,0
6,GatherV2_31,N/A,N/A,1788520315813677.400	,0.880,0.140000,0
6,GatherV2_32,N/A,N/A,1788520315813678.300	,0.880,0.000000,0
6,Add_2,N/A,N/A,1788520315813679.220	,1.340,0.120000,0
6,GatherV2_14,N/A,N/A,1788520315813680.580	,2.820,0.000000,0
6,Unpack,N/A,N/A,1788520315813683.420	,0.880,0.180000,0
6,Scatter_3,N/A,N/A,1788520315813684.320	,3.220,0.000000,0
6,ApplyRotaryPosEmb,N/A,N/A,1788520315813687.600	,5.440,0.030000,0
6,ConcatV2_6,N/A,N/A,1788520315813693.080	,2.320,0.060000,0
6,Transpose_2,N/A,N/A,1788520315813695.420	,7.720,0.180000,0
6,Scatter_2,N/A,N/A,1788520315813703.160	,1.820,0.030000,0
6,Scatter,N/A,N/A,1788520315813705.060	,1.360,0.000000,0
6,BatchMatMul,N/A,N/A,1788520315813706.500	,7.320,0.140000,0
6,ScaledMaskedSoftmax,N/A,N/A,1788520315813713.840	,9.280,0.000000,0
6,Scatter_1,N/A,N/A,1788520315813723.160	,1.040,0.220000,0
6,BatchMatMul_1,N/A,N/A,1788520315813724.260	,11.600,0.000000,0
6,Reshape_33/ConfusionTranspose/Transpose,N/A,N/A,1788520315813735.880	,7.620,0.150000,0
6,Greater_1,N/A,N/A,1788520315813743.520	,9.460,0.000000,0
6,IncreFlashAttention,N/A,N/A,1788520315813754.240	,20.840,1.290000,0
6,MatMul_1,N/A,N/A,1788520315813776.080	,7.880,0.910000,0
6,InplaceAddRmsNorm,N/A,N/A,1788520315813783.980	,3.720,0.120000,0
6,MatMul_2,N/A,N/A,1788520315813787.740	,9.080,0.030000,0
6,MatMul_3,N/A,N/A,1788520315813796.840	,7.580,0.000000,0
6,SwishMul_3,N/A,N/A,1788520315813804.460	,6.780,0.170000,0
6,MatMul_4,N/A,N/A,1788520315813811.280	,11.460,0.000000,0
6,InplaceAddRmsNorm_1,N/A,N/A,1788520315813822.800	,3.760,0.040000,0
6,MatMul_5,N/A,N/A,1788520315813826.580	,8.080,0.000000,0
6,SplitV_7,N/A,N/A,1788520315813834.680	,1.540,0.170000,0
6,ApplyRotaryPosEmb_1,N/A,N/A,1788520315813836.240	,5.220,0.000000,0
6,ConcatV2_8,N/A,N/A,1788520315813841.500	,1.840,0.030000,0
6,Transpose_10,N/A,N/A,1788520315813843.360	,7.960,0.000000,0
6,Scatter_6,N/A,N/A,1788520315813851.340	,2.820,0.040000,0
6,Scatter_7,N/A,N/A,1788520315813854.220	,2.860,0.180000,0
6,IncreFlashAttention_1,N/A,N/A,1788520315813858.160	,21.900,1.140000,0
6,Scatter_4,N/A,N/A,1788520315813881.220	,1.000,1.100000,0
6,BatchMatMul_2,N/A,N/A,1788520315813882.280	,7.160,0.000000,0
6,ScaledMaskedSoftmax_1,N/A,N/A,1788520315813889.460	,8.180,0.090000,0
6,Scatter_5,N/A,N/A,1788520315813897.680	,0.940,0.070000,0
6,BatchMatMul_3,N/A,N/A,1788520315813898.700	,11.880,0.060000,0
6,Reshape_59/ConfusionTranspose/Transpose,N/A,N/A,1788520315813910.600	,7.300,0.000000,0
6,MatMul_6,N/A,N/A,1788520315813917.920	,7.160,0.200000,0
6,InplaceAddRmsNorm_2,N/A,N/A,1788520315813925.100	,3.460,0.000000,0
6,MatMul_7,N/A,N/A,1788520315813928.580	,4.560,0.040000,0
6,MatMul_8,N/A,N/A,1788520315813933.160	,4.920,0.190000,0
6,Swish_1Mul_4,N/A,N/A,1788520315813938.100	,7.140,0.000000,0
6,MatMul_9,N/A,N/A,1788520315813945.260	,6.680,0.110000,0
6,InplaceAddRmsNorm_3,N/A,N/A,1788520315813952.000	,3.660,0.070000,0
6,MatMul_10,N/A,N/A,1788520315813955.680	,6.960,0.090000,0
6,SplitV_12,N/A,N/A,1788520315813962.660	,1.840,0.040000,0
6,ApplyRotaryPosEmb_2,N/A,N/A,1788520315813964.520	,6.080,0.000000,0
6,ConcatV2_10,N/A,N/A,1788520315813970.620	,1.800,0.000000,0
6,Transpose_18,N/A,N/A,1788520315813972.440	,7.620,0.200000,0
6,Scatter_10,N/A,N/A,1788520315813980.080	,2.760,0.000000,0
6,Scatter_11,N/A,N/A,1788520315813982.900	,2.920,0.240000,0
6,IncreFlashAttention_2,N/A,N/A,1788520315813987.240	,20.740,1.330000,0
6,Scatter_8,N/A,N/A,1788520315814009.060	,1.120,1.010000,0
6,BatchMatMul_4,N/A,N/A,1788520315814010.260	,7.020,0.130000,0
6,ScaledMaskedSoftmax_2,N/A,N/A,1788520315814017.300	,7.940,0.000000,0
6,Scatter_9,N/A,N/A,1788520315814025.260	,1.040,0.060000,0
6,BatchMatMul_5,N/A,N/A,1788520315814026.360	,10.960,0.000000,0
6,Reshape_85/ConfusionTranspose/Transpose,N/A,N/A,1788520315814037.340	,7.160,0.040000,0
6,MatMul_11,N/A,N/A,1788520315814044.540	,3.860,0.090000,0
6,InplaceAddRmsNorm_4,N/A,N/A,1788520315814048.420	,3.380,0.140000,0
6,MatMul_12,N/A,N/A,1788520315814051.820	,8.100,0.000000,0
6,MatMul_13,N/A,N/A,1788520315814059.940	,6.980,0.150000,0
6,Swish_2Mul_5,N/A,N/A,1788520315814066.940	,6.660,0.020000,0
6,MatMul_14,N/A,N/A,1788520315814073.620	,7.580,0.000000,0
6,InplaceAddRmsNorm_5,N/A,N/A,1788520315814081.260	,3.600,0.170000,0
6,MatMul_15,N/A,N/A,1788520315814084.880	,10.520,0.150000,0
6,SplitV_17,N/A,N/A,1788520315814095.420	,1.580,0.000000,0
6,ApplyRotaryPosEmb_3,N/A,N/A,1788520315814097.020	,5.920,0.000000,0
6,ConcatV2_12,N/A,N/A,1788520315814102.960	,1.920,0.080000,0
6,Transpose_26,N/A,N/A,1788520315814104.900	,7.560,0.080000,0
6,Scatter_14,N/A,N/A,1788520315814112.480	,2.880,0.000000,0
6,Scatter_15,N/A,N/A,1788520315814115.420	,2.800,0.120000,0
6,IncreFlashAttention_3,N/A,N/A,1788520315814119.320	,21.480,0.950000,0
6,Scatter_12,N/A,N/A,1788520315814141.760	,0.920,1.020000,0
6,BatchMatMul_6,N/A,N/A,1788520315814142.740	,7.260,0.080000,0
6,ScaledMaskedSoftmax_3,N/A,N/A,1788520315814150.020	,7.980,0.000000,0
6,Scatter_13,N/A,N/A,1788520315814158.040	,1.240,0.020000,0
6,BatchMatMul_7,N/A,N/A,1788520315814159.340	,10.900,0.010000,0
6,Reshape_111/ConfusionTranspose/Transpose,N/A,N/A,1788520315814170.280	,7.240,0.100000,0
6,MatMul_16,N/A,N/A,1788520315814177.540	,5.100,0.010000,0
6,InplaceAddRmsNorm_6,N/A,N/A,1788520315814182.660	,4.260,0.150000,0
6,MatMul_17,N/A,N/A,1788520315814186.960	,6.260,0.000000,0
6,MatMul_18,N/A,N/A,1788520315814193.240	,5.580,0.000000,0
6,Swish_3Mul_6,N/A,N/A,1788520315814198.840	,6.800,0.000000,0
6,MatMul_19,N/A,N/A,1788520315814205.660	,7.140,0.200000,0
6,InplaceAddRmsNorm_7,N/A,N/A,1788520315814212.860	,3.940,0.000000,0
6,MatMul_20,N/A,N/A,1788520315814216.820	,10.220,0.060000,0
6,SplitV_22,N/A,N/A,1788520315814227.060	,1.440,0.030000,0
6,ApplyRotaryPosEmb_4,N/A,N/A,1788520315814228.520	,5.460,0.060000,0
6,ConcatV2_14,N/A,N/A,1788520315814234.000	,1.880,0.040000,0
6,Transpose_34,N/A,N/A,1788520315814235.900	,7.520,0.120000,0
6,Scatter_18,N/A,N/A,1788520315814243.460	,2.820,0.000000,0
6,Scatter_19,N/A,N/A,1788520315814246.340	,2.960,0.000000,0
6,IncreFlashAttention_4,N/A,N/A,1788520315814250.780	,20.900,1.540000,0
6,Scatter_16,N/A,N/A,1788520315814272.640	,1.080,1.100000,0
6,BatchMatMul_8,N/A,N/A,1788520315814273.780	,6.740,0.000000,0
6,ScaledMaskedSoftmax_4,N/A,N/A,1788520315814280.540	,8.140,0.010000,0
6,Scatter_17,N/A,N/A,1788520315814288.700	,1.020,0.110000,0
6,BatchMatMul_9,N/A,N/A,1788520315814289.800	,11.180,0.000000,0
6,Reshape_137/ConfusionTranspose/Transpose,N/A,N/A,1788520315814301.000	,7.300,0.070000,0
6,MatMul_21,N/A,N/A,1788520315814308.320	,4.800,0.000000,0
6,InplaceAddRmsNorm_8,N/A,N/A,1788520315814313.140	,3.960,0.200000,0
6,MatMul_22,N/A,N/A,1788520315814317.120	,7.340,0.000000,0
6,MatMul_23,N/A,N/A,1788520315814324.500	,5.040,0.160000,0
6,Swish_4Mul_7,N/A,N/A,1788520315814329.560	,6.680,0.000000,0
6,MatMul_24,N/A,N/A,1788520315814336.260	,7.420,0.070000,0
6,InplaceAddRmsNorm_9,N/A,N/A,1788520315814343.740	,3.580,0.080000,0
6,MatMul_25,N/A,N/A,1788520315814347.340	,10.220,0.000000,0
6,SplitV_27,N/A,N/A,1788520315814357.580	,1.440,0.030000,0
6,ApplyRotaryPosEmb_5,N/A,N/A,1788520315814359.040	,5.160,0.060000,0
6,ConcatV2_16,N/A,N/A,1788520315814364.220	,2.300,0.090000,0
6,Transpose_42,N/A,N/A,1788520315814366.540	,7.560,0.000000,0
6,Scatter_22,N/A,N/A,1788520315814374.120	,3.380,0.000000,0
6,Scatter_23,N/A,N/A,1788520315814377.560	,2.900,0.120000,0
6,IncreFlashAttention_5,N/A,N/A,1788520315814381.480	,20.880,1.100000,0
6,Scatter_20,N/A,N/A,1788520315814403.340	,1.220,0.870000,0
6,BatchMatMul_10,N/A,N/A,1788520315814404.640	,6.920,0.280000,0
6,ScaledMaskedSoftmax_5,N/A,N/A,1788520315814411.580	,8.460,0.000000,0
6,Scatter_21,N/A,N/A,1788520315814420.080	,0.880,0.040000,0
6,BatchMatMul_11,N/A,N/A,1788520315814421.020	,10.940,0.120000,0
6,Reshape_163/ConfusionTranspose/Transpose,N/A,N/A,1788520315814432.000	,7.980,0.060000,0
6,MatMul_26,N/A,N/A,1788520315814440.000	,6.420,0.020000,0
6,InplaceAddRmsNorm_10,N/A,N/A,1788520315814446.440	,3.500,0.080000,0
6,MatMul_27,N/A,N/A,1788520315814449.960	,5.380,0.000000,0
6,MatMul_28,N/A,N/A,1788520315814455.360	,5.000,0.000000,0
6,Swish_5Mul_8,N/A,N/A,1788520315814460.380	,6.740,0.250000,0
6,MatMul_29,N/A,N/A,1788520315814467.140	,7.440,0.010000,0
6,InplaceAddRmsNorm_11,N/A,N/A,1788520315814474.640	,3.520,0.060000,0
6,MatMul_30,N/A,N/A,1788520315814478.180	,7.880,0.000000,0
6,SplitV_32,N/A,N/A,1788520315814486.080	,1.480,0.000000,0
6,ApplyRotaryPosEmb_6,N/A,N/A,1788520315814487.580	,4.820,0.020000,0
6,ConcatV2_18,N/A,N/A,1788520315814492.420	,1.720,0.180000,0
6,Transpose_50,N/A,N/A,1788520315814494.160	,7.680,0.030000,0
6,Scatter_26,N/A,N/A,1788520315814501.860	,2.860,0.000000,0
6,Scatter_27,N/A,N/A,1788520315814504.780	,3.040,0.140000,0
6,IncreFlashAttention_6,N/A,N/A,1788520315814508.760	,20.360,0.960000,0
6,Scatter_24,N/A,N/A,1788520315814530.020	,1.220,0.890000,0
6,BatchMatMul_12,N/A,N/A,1788520315814531.300	,7.060,0.030000,0
6,ScaledMaskedSoftmax_6,N/A,N/A,1788520315814538.380	,7.960,0.190000,0
6,Scatter_25,N/A,N/A,1788520315814546.360	,1.080,0.000000,0
6,BatchMatMul_13,N/A,N/A,1788520315814547.500	,11.240,0.170000,0
6,Reshape_189/ConfusionTranspose/Transpose,N/A,N/A,1788520315814558.760	,7.200,0.010000,0
6,MatMul_31,N/A,N/A,1788520315814566.000	,4.520,0.050000,0
6,InplaceAddRmsNorm_12,N/A,N/A,1788520315814570.540	,3.540,0.000000,0
6,MatMul_32,N/A,N/A,1788520315814574.100	,7.600,0.000000,0
6,MatMul_33,N/A,N/A,1788520315814581.720	,5.080,0.150000,0
6,Swish_6Mul_9,N/A,N/A,1788520315814586.820	,6.720,0.000000,0
6,MatMul_34,N/A,N/A,1788520315814593.560	,9.120,0.030000,0
6,InplaceAddRmsNorm_13,N/A,N/A,1788520315814602.760	,3.580,0.130000,0
6,MatMul_35,N/A,N/A,1788520315814606.360	,10.020,0.000000,0
6,SplitV_37,N/A,N/A,1788520315814616.400	,1.480,0.230000,0
6,ApplyRotaryPosEmb_7,N/A,N/A,1788520315814617.900	,4.940,0.020000,0
6,ConcatV2_20,N/A,N/A,1788520315814622.880	,1.860,0.060000,0
6,Transpose_58,N/A,N/A,1788520315814624.760	,8.120,0.000000,0
6,Scatter_30,N/A,N/A,1788520315814632.900	,2.880,0.130000,0
6,Scatter_31,N/A,N/A,1788520315814635.840	,2.760,0.000000,0
6,IncreFlashAttention_7,N/A,N/A,1788520315814639.680	,21.460,1.240000,0
6,Scatter_28,N/A,N/A,1788520315814662.100	,1.040,0.790000,0
6,BatchMatMul_14,N/A,N/A,1788520315814663.200	,7.460,0.210000,0
6,ScaledMaskedSoftmax_7,N/A,N/A,1788520315814670.680	,7.980,0.040000,0
6,Scatter_29,N/A,N/A,1788520315814678.680	,1.020,0.020000,0
6,BatchMatMul_15,N/A,N/A,1788520315814679.760	,10.920,0.000000,0
6,Reshape_215/ConfusionTranspose/Transpose,N/A,N/A,1788520315814690.720	,7.420,0.080000,0
6,MatMul_36,N/A,N/A,1788520315814698.180	,4.240,0.080000,0
6,InplaceAddRmsNorm_14,N/A,N/A,1788520315814702.440	,3.600,0.010000,0
6,MatMul_37,N/A,N/A,1788520315814706.080	,6.440,0.000000,0
6,MatMul_38,N/A,N/A,1788520315814712.540	,7.500,0.060000,0
6,Swish_7Mul_10,N/A,N/A,1788520315814720.060	,6.920,0.000000,0
6,MatMul_39,N/A,N/A,1788520315814727.000	,8.080,0.080000,0
6,InplaceAddRmsNorm_15,N/A,N/A,1788520315814735.140	,3.460,0.170000,0
6,MatMul_40,N/A,N/A,1788520315814738.640	,6.360,0.040000,0
6,SplitV_42,N/A,N/A,1788520315814745.020	,2.800,0.000000,0
6,ApplyRotaryPosEmb_8,N/A,N/A,1788520315814747.840	,4.980,0.000000,0
6,ConcatV2_22,N/A,N/A,1788520315814752.860	,1.700,0.020000,0
6,Transpose_66,N/A,N/A,1788520315814754.580	,7.560,0.050000,0
6,Scatter_34,N/A,N/A,1788520315814762.180	,2.860,0.190000,0
6,Scatter_35,N/A,N/A,1788520315814765.100	,2.860,0.000000,0
6,IncreFlashAttention_8,N/A,N/A,1788520315814769.340	,21.960,1.390000,0
6,Scatter_32,N/A,N/A,1788520315814792.360	,1.160,1.040000,0
6,BatchMatMul_16,N/A,N/A,1788520315814793.600	,7.040,0.090000,0
6,ScaledMaskedSoftmax_8,N/A,N/A,1788520315814800.660	,7.920,0.210000,0
6,Scatter_33,N/A,N/A,1788520315814808.600	,1.080,0.000000,0
6,BatchMatMul_17,N/A,N/A,1788520315814809.740	,10.860,0.170000,0
6,Reshape_241/ConfusionTranspose/Transpose,N/A,N/A,1788520315814820.620	,7.260,0.000000,0
6,MatMul_41,N/A,N/A,1788520315814827.900	,5.960,0.240000,0
6,InplaceAddRmsNorm_16,N/A,N/A,1788520315814833.880	,4.020,0.040000,0
6,MatMul_42,N/A,N/A,1788520315814837.920	,5.260,0.000000,0
6,MatMul_43,N/A,N/A,1788520315814843.200	,5.080,0.000000,0
6,Swish_8Mul_11,N/A,N/A,1788520315814848.300	,6.640,0.000000,0
6,MatMul_44,N/A,N/A,1788520315814854.960	,9.400,0.110000,0
6,InplaceAddRmsNorm_17,N/A,N/A,1788520315814864.440	,3.640,0.100000,0
6,MatMul_45,N/A,N/A,1788520315814868.100	,6.760,0.000000,0
6,SplitV_47,N/A,N/A,1788520315814874.880	,1.500,0.240000,0
6,ApplyRotaryPosEmb_9,N/A,N/A,1788520315814876.400	,5.920,0.000000,0
6,ConcatV2_24,N/A,N/A,1788520315814882.340	,1.800,0.000000,0
6,Transpose_74,N/A,N/A,1788520315814884.160	,7.620,0.200000,0
6,Scatter_38,N/A,N/A,1788520315814891.800	,2.920,0.000000,0
6,Scatter_39,N/A,N/A,1788520315814894.780	,3.020,0.080000,0
6,IncreFlashAttention_9,N/A,N/A,1788520315814898.860	,22.300,0.980000,0
6,Scatter_36,N/A,N/A,1788520315814921.960	,1.060,0.950000,0
6,BatchMatMul_18,N/A,N/A,1788520315814923.100	,7.200,0.000000,0
6,ScaledMaskedSoftmax_9,N/A,N/A,1788520315814930.320	,8.180,0.050000,0
6,Scatter_37,N/A,N/A,1788520315814938.520	,0.860,0.070000,0
6,BatchMatMul_19,N/A,N/A,1788520315814939.440	,10.400,0.140000,0
6,Reshape_267/ConfusionTranspose/Transpose,N/A,N/A,1788520315814949.860	,7.260,0.000000,0
6,MatMul_46,N/A,N/A,1788520315814957.140	,5.380,0.240000,0
6,InplaceAddRmsNorm_18,N/A,N/A,1788520315814962.540	,3.420,0.000000,0
6,MatMul_47,N/A,N/A,1788520315814965.980	,7.400,0.080000,0
6,MatMul_48,N/A,N/A,1788520315814973.400	,7.240,0.100000,0
6,Swish_9Mul_12,N/A,N/A,1788520315814980.660	,6.740,0.010000,0
6,MatMul_49,N/A,N/A,1788520315814987.420	,7.380,0.010000,0
6,InplaceAddRmsNorm_19,N/A,N/A,1788520315814994.860	,3.540,0.000000,0
6,MatMul_50,N/A,N/A,1788520315814998.420	,7.060,0.210000,0
6,SplitV_52,N/A,N/A,1788520315815005.500	,1.480,0.000000,0
6,ApplyRotaryPosEmb_10,N/A,N/A,1788520315815007.000	,4.860,0.020000,0
6,ConcatV2_26,N/A,N/A,1788520315815011.880	,1.760,0.140000,0
6,Transpose_82,N/A,N/A,1788520315815013.660	,7.660,0.000000,0
6,Scatter_42,N/A,N/A,1788520315815021.340	,2.940,0.000000,0
6,Scatter_43,N/A,N/A,1788520315815024.340	,2.900,0.060000,0
6,IncreFlashAttention_10,N/A,N/A,1788520315815028.560	,21.220,1.350000,0
6,Scatter_40,N/A,N/A,1788520315815051.020	,1.480,1.280000,0
6,BatchMatMul_20,N/A,N/A,1788520315815052.560	,6.820,0.020000,0
6,ScaledMaskedSoftmax_10,N/A,N/A,1788520315815059.400	,7.860,0.180000,0
6,Scatter_41,N/A,N/A,1788520315815067.280	,1.000,0.000000,0
6,BatchMatMul_21,N/A,N/A,1788520315815068.340	,10.660,0.000000,0
6,Reshape_293/ConfusionTranspose/Transpose,N/A,N/A,1788520315815079.020	,7.260,0.090000,0
6,MatMul_51,N/A,N/A,1788520315815086.300	,5.000,0.000000,0
6,InplaceAddRmsNorm_20,N/A,N/A,1788520315815091.340	,3.500,0.000000,0
6,MatMul_52,N/A,N/A,1788520315815094.860	,7.460,0.000000,0
6,MatMul_53,N/A,N/A,1788520315815102.360	,7.480,0.040000,0
6,Swish_10Mul_13,N/A,N/A,1788520315815109.860	,6.700,0.020000,0
6,MatMul_54,N/A,N/A,1788520315815116.580	,8.940,0.050000,0
6,InplaceAddRmsNorm_21,N/A,N/A,1788520315815125.580	,3.500,0.060000,0
6,MatMul_55,N/A,N/A,1788520315815129.120	,11.120,0.000000,0
6,SplitV_57,N/A,N/A,1788520315815140.260	,1.480,0.130000,0
6,ApplyRotaryPosEmb_11,N/A,N/A,1788520315815141.760	,4.880,0.020000,0
6,ConcatV2_28,N/A,N/A,1788520315815146.680	,2.700,0.120000,0
6,Transpose_90,N/A,N/A,1788520315815149.400	,7.660,0.050000,0
6,Scatter_46,N/A,N/A,1788520315815157.080	,3.440,0.000000,0
6,Scatter_47,N/A,N/A,1788520315815160.580	,2.800,0.060000,0
6,IncreFlashAttention_11,N/A,N/A,1788520315815164.760	,22.060,1.450000,0
6,Scatter_44,N/A,N/A,1788520315815187.800	,1.140,0.940000,0
6,BatchMatMul_22,N/A,N/A,1788520315815189.000	,7.060,0.110000,0
6,ScaledMaskedSoftmax_11,N/A,N/A,1788520315815196.100	,8.320,0.000000,0
6,Scatter_45,N/A,N/A,1788520315815204.440	,1.020,0.180000,0
6,BatchMatMul_23,N/A,N/A,1788520315815205.520	,11.460,0.000000,0
6,Reshape_319/ConfusionTranspose/Transpose,N/A,N/A,1788520315815217.000	,7.360,0.040000,0
6,MatMul_56,N/A,N/A,1788520315815224.380	,3.800,0.140000,0
6,InplaceAddRmsNorm_22,N/A,N/A,1788520315815228.220	,3.440,0.000000,0
6,MatMul_57,N/A,N/A,1788520315815231.680	,7.580,0.060000,0
6,MatMul_58,N/A,N/A,1788520315815239.300	,8.140,0.000000,0
6,Swish_11Mul_14,N/A,N/A,1788520315815247.460	,6.680,0.110000,0
6,MatMul_59,N/A,N/A,1788520315815254.160	,7.480,0.070000,0
6,InplaceAddRmsNorm_23,N/A,N/A,1788520315815261.720	,3.640,0.020000,0
6,MatMul_60,N/A,N/A,1788520315815265.380	,14.340,0.110000,0
6,SplitV_62,N/A,N/A,1788520315815279.740	,1.520,0.000000,0
6,ApplyRotaryPosEmb_12,N/A,N/A,1788520315815281.280	,4.680,0.000000,0
6,ConcatV2_30,N/A,N/A,1788520315815285.980	,1.760,0.070000,0
6,Transpose_98,N/A,N/A,1788520315815287.760	,7.600,0.000000,0
6,Scatter_50,N/A,N/A,1788520315815295.380	,2.820,0.150000,0
6,Scatter_51,N/A,N/A,1788520315815298.260	,3.000,0.000000,0
6,IncreFlashAttention_12,N/A,N/A,1788520315815302.640	,20.460,1.500000,0
6,Scatter_48,N/A,N/A,1788520315815323.880	,1.400,0.790000,0
6,BatchMatMul_24,N/A,N/A,1788520315815325.360	,5.900,0.000000,0
6,ScaledMaskedSoftmax_12,N/A,N/A,1788520315815331.300	,7.820,0.100000,0
6,Scatter_49,N/A,N/A,1788520315815339.160	,0.920,0.180000,0
6,BatchMatMul_25,N/A,N/A,1788520315815340.140	,10.620,0.080000,0
6,Reshape_345/ConfusionTranspose/Transpose,N/A,N/A,1788520315815350.780	,7.260,0.000000,0
6,MatMul_61,N/A,N/A,1788520315815358.060	,4.740,0.000000,0
6,InplaceAddRmsNorm_24,N/A,N/A,1788520315815362.820	,3.420,0.010000,0
6,MatMul_62,N/A,N/A,1788520315815366.260	,5.820,0.080000,0
6,MatMul_63,N/A,N/A,1788520315815372.100	,6.900,0.000000,0
6,Swish_12Mul_15,N/A,N/A,1788520315815379.020	,6.740,0.100000,0
6,MatMul_64,N/A,N/A,1788520315815385.780	,7.520,0.010000,0
6,InplaceAddRmsNorm_25,N/A,N/A,1788520315815393.380	,3.660,0.230000,0
6,MatMul_65,N/A,N/A,1788520315815397.080	,6.800,0.000000,0
6,SplitV_67,N/A,N/A,1788520315815403.920	,1.540,0.200000,0
6,ApplyRotaryPosEmb_13,N/A,N/A,1788520315815405.480	,4.680,0.000000,0
6,ConcatV2_32,N/A,N/A,1788520315815410.180	,1.840,0.070000,0
6,Transpose_106,N/A,N/A,1788520315815412.040	,7.900,0.000000,0
6,Scatter_54,N/A,N/A,1788520315815419.960	,2.800,0.100000,0
6,Scatter_55,N/A,N/A,1788520315815422.840	,2.960,0.000000,0
6,IncreFlashAttention_13,N/A,N/A,1788520315815426.920	,20.880,1.290000,0
6,Scatter_52,N/A,N/A,1788520315815448.760	,1.040,0.870000,0
6,BatchMatMul_26,N/A,N/A,1788520315815449.860	,5.780,0.000000,0
6,ScaledMaskedSoftmax_13,N/A,N/A,1788520315815455.660	,9.060,0.220000,0
6,Scatter_53,N/A,N/A,1788520315815464.760	,0.980,0.000000,0
6,BatchMatMul_27,N/A,N/A,1788520315815465.800	,11.000,0.020000,0
6,Reshape_371/ConfusionTranspose/Transpose,N/A,N/A,1788520315815476.820	,7.240,0.000000,0
6,MatMul_66,N/A,N/A,1788520315815484.080	,4.640,0.010000,0
6,InplaceAddRmsNorm_26,N/A,N/A,1788520315815488.740	,4.080,0.110000,0
6,MatMul_67,N/A,N/A,1788520315815492.840	,7.460,0.000000,0
6,MatMul_68,N/A,N/A,1788520315815500.320	,5.700,0.040000,0
6,Swish_13Mul_16,N/A,N/A,1788520315815506.040	,7.160,0.050000,0
6,MatMul_69,N/A,N/A,1788520315815513.220	,6.500,0.090000,0
6,InplaceAddRmsNorm_27,N/A,N/A,1788520315815519.780	,3.600,0.000000,0
6,MatMul_70,N/A,N/A,1788520315815523.400	,7.240,0.150000,0
6,SplitV_72,N/A,N/A,1788520315815530.680	,2.780,0.010000,0
6,ApplyRotaryPosEmb_14,N/A,N/A,1788520315815533.480	,4.860,0.000000,0
6,ConcatV2_34,N/A,N/A,1788520315815538.360	,1.900,0.000000,0
6,Transpose_114,N/A,N/A,1788520315815540.280	,7.660,0.100000,0
6,Scatter_58,N/A,N/A,1788520315815547.960	,2.860,0.090000,0
6,Scatter_59,N/A,N/A,1788520315815550.900	,2.840,0.140000,0
6,IncreFlashAttention_14,N/A,N/A,1788520315815555.220	,22.820,1.410000,0
6,Scatter_56,N/A,N/A,1788520315815578.860	,1.100,0.680000,0
6,BatchMatMul_28,N/A,N/A,1788520315815580.020	,6.820,0.150000,0
6,ScaledMaskedSoftmax_14,N/A,N/A,1788520315815586.860	,9.060,0.000000,0
6,Scatter_57,N/A,N/A,1788520315815595.940	,0.880,0.190000,0
6,BatchMatMul_29,N/A,N/A,1788520315815596.880	,10.440,0.120000,0
6,Reshape_397/ConfusionTranspose/Transpose,N/A,N/A,1788520315815607.360	,7.240,0.000000,0
6,MatMul_71,N/A,N/A,1788520315815614.620	,6.640,0.010000,0
6,InplaceAddRmsNorm_28,N/A,N/A,1788520315815621.280	,3.540,0.110000,0
6,MatMul_72,N/A,N/A,1788520315815624.840	,5.100,0.000000,0
6,MatMul_73,N/A,N/A,1788520315815629.960	,6.940,0.150000,0
6,Swish_14Mul_17,N/A,N/A,1788520315815636.920	,6.740,0.060000,0
6,MatMul_74,N/A,N/A,1788520315815643.680	,7.900,0.010000,0
6,InplaceAddRmsNorm_29,N/A,N/A,1788520315815651.640	,3.540,0.100000,0
6,MatMul_75,N/A,N/A,1788520315815655.220	,7.320,0.000000,0
6,SplitV_77,N/A,N/A,1788520315815662.560	,1.480,0.000000,0
6,ApplyRotaryPosEmb_15,N/A,N/A,1788520315815664.060	,5.220,0.020000,0
6,ConcatV2_36,N/A,N/A,1788520315815669.320	,1.880,0.030000,0
6,Transpose_122,N/A,N/A,1788520315815671.240	,7.540,0.120000,0
6,Scatter_62,N/A,N/A,1788520315815678.800	,2.840,0.000000,0
6,Scatter_63,N/A,N/A,1788520315815681.700	,2.840,0.160000,0
6,IncreFlashAttention_15,N/A,N/A,1788520315815685.520	,21.660,0.910000,0
6,Scatter_60,N/A,N/A,1788520315815707.980	,0.980,0.840000,0
6,BatchMatMul_30,N/A,N/A,1788520315815709.020	,6.040,0.020000,0
6,ScaledMaskedSoftmax_15,N/A,N/A,1788520315815715.080	,8.100,0.000000,0
6,Scatter_61,N/A,N/A,1788520315815723.200	,0.900,0.150000,0
6,BatchMatMul_31,N/A,N/A,1788520315815724.160	,11.100,0.100000,0
6,Reshape_423/ConfusionTranspose/Transpose,N/A,N/A,1788520315815735.280	,7.260,0.000000,0
6,MatMul_76,N/A,N/A,1788520315815742.560	,4.940,0.000000,0
6,InplaceAddRmsNorm_30,N/A,N/A,1788520315815747.520	,3.480,0.060000,0
6,MatMul_77,N/A,N/A,1788520315815751.040	,6.020,0.020000,0
6,MatMul_78,N/A,N/A,1788520315815757.080	,4.940,0.000000,0
6,Swish_15Mul_18,N/A,N/A,1788520315815762.040	,6.760,0.060000,0
6,MatMul_79,N/A,N/A,1788520315815768.820	,7.340,0.000000,0
6,InplaceAddRmsNorm_31,N/A,N/A,1788520315815776.220	,3.480,0.160000,0
6,MatMul_80,N/A,N/A,1788520315815779.720	,6.860,0.020000,0
6,SplitV_82,N/A,N/A,1788520315815786.600	,1.420,0.000000,0
6,ApplyRotaryPosEmb_16,N/A,N/A,1788520315815788.040	,4.840,0.080000,0
6,ConcatV2_38,N/A,N/A,1788520315815792.900	,1.920,0.160000,0
6,Transpose_130,N/A,N/A,1788520315815794.840	,7.660,0.000000,0
6,Scatter_66,N/A,N/A,1788520315815802.520	,3.220,0.090000,0
6,Scatter_67,N/A,N/A,1788520315815805.800	,2.980,0.030000,0
6,IncreFlashAttention_16,N/A,N/A,1788520315815809.780	,21.500,1.020000,0
6,Scatter_64,N/A,N/A,1788520315815832.220	,1.180,1.000000,0
6,BatchMatMul_32,N/A,N/A,1788520315815833.480	,6.340,0.070000,0
6,ScaledMaskedSoftmax_16,N/A,N/A,1788520315815839.840	,8.360,0.000000,0
6,Scatter_65,N/A,N/A,1788520315815848.220	,0.960,0.140000,0
6,BatchMatMul_33,N/A,N/A,1788520315815849.240	,10.460,0.040000,0
6,Reshape_449/ConfusionTranspose/Transpose,N/A,N/A,1788520315815859.740	,7.500,0.040000,0
6,MatMul_81,N/A,N/A,1788520315815867.260	,5.640,0.000000,0
6,InplaceAddRmsNorm_32,N/A,N/A,1788520315815872.920	,3.420,0.110000,0
6,MatMul_82,N/A,N/A,1788520315815876.360	,7.840,0.000000,0
6,MatMul_83,N/A,N/A,1788520315815884.220	,5.280,0.160000,0
6,Swish_16Mul_19,N/A,N/A,1788520315815889.540	,6.700,0.000000,0
6,MatMul_84,N/A,N/A,1788520315815896.260	,7.860,0.050000,0
6,InplaceAddRmsNorm_33,N/A,N/A,1788520315815904.180	,3.620,0.140000,0
6,MatMul_85,N/A,N/A,1788520315815907.820	,7.480,0.000000,0
6,SplitV_87,N/A,N/A,1788520315815915.340	,1.480,0.020000,0
6,ApplyRotaryPosEmb_17,N/A,N/A,1788520315815916.840	,5.960,0.020000,0
6,ConcatV2_40,N/A,N/A,1788520315815922.820	,2.660,0.040000,0
6,Transpose_138,N/A,N/A,1788520315815925.500	,7.600,0.090000,0
6,Scatter_70,N/A,N/A,1788520315815933.120	,2.800,0.000000,0
6,Scatter_71,N/A,N/A,1788520315815935.980	,2.920,0.200000,0
6,IncreFlashAttention_17,N/A,N/A,1788520315815940.120	,21.160,1.080000,0
6,Scatter_68,N/A,N/A,1788520315815961.940	,1.060,0.840000,0
6,BatchMatMul_34,N/A,N/A,1788520315815963.060	,5.340,0.000000,0
6,ScaledMaskedSoftmax_17,N/A,N/A,1788520315815968.440	,8.000,0.160000,0
6,Scatter_69,N/A,N/A,1788520315815976.460	,0.980,0.000000,0
6,BatchMatMul_35,N/A,N/A,1788520315815977.520	,10.560,0.020000,0
6,Reshape_475/ConfusionTranspose/Transpose,N/A,N/A,1788520315815988.100	,7.260,0.000000,0
6,MatMul_86,N/A,N/A,1788520315815995.380	,4.320,0.240000,0
6,InplaceAddRmsNorm_34,N/A,N/A,1788520315815999.720	,3.540,0.000000,0
6,MatMul_87,N/A,N/A,1788520315816003.280	,4.260,0.000000,0
6,MatMul_88,N/A,N/A,1788520315816007.560	,3.580,0.000000,0
6,Swish_17Mul_20,N/A,N/A,1788520315816011.160	,6.740,0.170000,0
6,MatMul_89,N/A,N/A,1788520315816017.920	,5.820,0.010000,0
6,InplaceAddRmsNorm_35,N/A,N/A,1788520315816023.760	,4.560,0.000000,0
6,MatMul_90,N/A,N/A,1788520315816028.340	,13.960,0.000000,0
6,Cast_27,N/A,N/A,1788520315816042.320	,7.280,0.040000,0
6,ArgMaxV2,N/A,N/A,1788520315816049.620	,8.800,0.000000,0
6,ArgMaxV2_Output0CastAfter,N/A,N/A,1788520315816058.440	,0.760,0.200000,0
6,GatherV2_33,N/A,N/A,1788520315816059.220	,1.680,0.000000,0
6,GatherV2_1,N/A,N/A,1788520315816393.560	,2.280,332.570000,0
6,GatherV2,N/A,N/A,1788520315816395.860	,2.080,0.000000,0
6,RmsNorm,N/A,N/A,1788520315816398.000	,12.020,0.170000,0
6,MatMul,N/A,N/A,1788520315816410.060	,10.660,0.000000,0
6,Range,N/A,N/A,1788520315816420.740	,7.880,0.090000,0
6,Cast,N/A,N/A,1788520315816428.660	,0.800,0.120000,0
6,Range_2,N/A,N/A,1788520315816429.480	,8.740,0.000000,0
6,Cast_2,N/A,N/A,1788520315816438.240	,1.020,0.010000,0
6,Range_1,N/A,N/A,1788520315816439.280	,8.280,0.000000,0
6,Cast_1,N/A,N/A,1788520315816447.580	,2.120,0.000000,0
6,SplitV_2,N/A,N/A,1788520315816449.720	,1.660,0.130000,0
6,Add,N/A,N/A,1788520315816451.400	,1.500,0.090000,0
6,Add_1,N/A,N/A,1788520315816452.920	,1.480,0.000000,0
6,BroadcastTo_1,N/A,N/A,1788520315816454.420	,0.840,0.020000,0
6,Cast_3,N/A,N/A,1788520315816455.280	,0.860,0.000000,0
6,BroadcastTo_2,N/A,N/A,1788520315816456.160	,0.940,0.140000,0
6,Mul,N/A,N/A,1788520315816457.140	,8.300,0.060000,0
6,Greater,N/A,N/A,1788520315816465.460	,8.220,0.000000,0
6,Transpose,N/A,N/A,1788520315816473.700	,8.360,0.030000,0
6,ConcatV2,N/A,N/A,1788520315816482.080	,3.640,0.000000,0
6,Cos,N/A,N/A,1788520315816485.740	,2.180,0.110000,0
6,Mul_1Cast_7,N/A,N/A,1788520315816487.940	,1.240,0.070000,0
6,Sin,N/A,N/A,1788520315816489.200	,2.160,0.010000,0
6,Mul_2Cast_8,N/A,N/A,1788520315816491.380	,1.120,0.090000,0
6,SplitV,N/A,N/A,1788520315816492.520	,3.540,0.000000,0
6,GatherV2_3,N/A,N/A,1788520315816496.080	,1.020,0.000000,0
6,GatherV2_4,N/A,N/A,1788520315816497.120	,0.940,0.000000,0
6,GatherV2_6,N/A,N/A,1788520315816498.100	,0.880,0.060000,0
6,GatherV2_7,N/A,N/A,1788520315816499.000	,0.860,0.120000,0
6,SplitV_1,N/A,N/A,1788520315816499.880	,3.480,0.140000,0
6,GatherV2_10,N/A,N/A,1788520315816503.380	,0.900,0.020000,0
6,GatherV2_12,N/A,N/A,1788520315816504.300	,0.920,0.000000,0
6,GatherV2_13,N/A,N/A,1788520315816505.240	,0.880,0.080000,0
6,GatherV2_9,N/A,N/A,1788520315816506.140	,0.880,0.120000,0
6,BroadcastTo,N/A,N/A,1788520315816507.040	,7.760,0.000000,0
6,GatherV2_11,N/A,N/A,1788520315816514.820	,1.020,0.000000,0
6,GatherV2_2,N/A,N/A,1788520315816515.860	,0.780,0.000000,0
6,GatherV2_5,N/A,N/A,1788520315816516.680	,0.860,0.220000,0
6,GatherV2_8,N/A,N/A,1788520315816517.560	,0.840,0.000000,0
6,ConcatV2_1,N/A,N/A,1788520315816518.420	,3.300,0.160000,0
6,ConcatV2_2,N/A,N/A,1788520315816521.740	,3.240,0.000000,0
6,GatherV2_15,N/A,N/A,1788520315816525.000	,0.960,0.010000,0
6,GatherV2_16,N/A,N/A,1788520315816526.000	,0.800,0.040000,0
6,GatherV2_17,N/A,N/A,1788520315816526.820	,0.860,0.000000,0
6,GatherV2_18,N/A,N/A,1788520315816527.720	,0.840,0.140000,0
6,GatherV2_19,N/A,N/A,1788520315816528.580	,0.820,0.000000,0
6,GatherV2_20,N/A,N/A,1788520315816529.440	,0.800,0.180000,0
6,GatherV2_21,N/A,N/A,1788520315816530.280	,0.840,0.000000,0
6,GatherV2_22,N/A,N/A,1788520315816531.160	,0.800,0.160000,0
6,GatherV2_23,N/A,N/A,1788520315816532.000	,0.860,0.000000,0
6,GatherV2_24,N/A,N/A,1788520315816532.880	,0.820,0.140000,0
6,GatherV2_25,N/A,N/A,1788520315816533.740	,0.820,0.000000,0
6,GatherV2_26,N/A,N/A,1788520315816534.600	,0.800,0.000000,0
6,GatherV2_27,N/A,N/A,1788520315816535.420	,0.880,0.200000,0
6,GatherV2_28,N/A,N/A,1788520315816536.320	,0.820,0.000000,0
6,GatherV2_29,N/A,N/A,1788520315816537.160	,0.860,0.180000,0
6,GatherV2_30,N/A,N/A,1788520315816538.060	,0.900,0.000000,0
6,GatherV2_31,N/A,N/A,1788520315816538.980	,0.780,0.100000,0
6,GatherV2_32,N/A,N/A,1788520315816539.780	,0.760,0.000000,0
6,Add_2,N/A,N/A,1788520315816540.580	,1.220,0.000000,0
6,GatherV2_14,N/A,N/A,1788520315816541.820	,2.640,0.030000,0
6,Unpack,N/A,N/A,1788520315816544.480	,0.880,0.110000,0
6,Scatter_3,N/A,N/A,1788520315816545.400	,2.820,0.120000,0
6,ApplyRotaryPosEmb,N/A,N/A,1788520315816548.280	,6.240,0.000000,0
6,ConcatV2_6,N/A,N/A,1788520315816554.540	,1.920,0.010000,0
6,Transpose_2,N/A,N/A,1788520315816556.480	,7.720,0.080000,0
6,Scatter_2,N/A,N/A,1788520315816564.220	,1.740,0.030000,0
6,Scatter,N/A,N/A,1788520315816566.020	,0.920,0.010000,0
6,BatchMatMul,N/A,N/A,1788520315816567.000	,6.760,0.080000,0
6,ScaledMaskedSoftmax,N/A,N/A,1788520315816573.800	,9.560,0.000000,0
6,Scatter_1,N/A,N/A,1788520315816583.380	,1.120,0.190000,0
6,BatchMatMul_1,N/A,N/A,1788520315816584.560	,11.300,0.000000,0
6,Reshape_33/ConfusionTranspose/Transpose,N/A,N/A,1788520315816595.880	,7.440,0.200000,0
6,Greater_1,N/A,N/A,1788520315816603.340	,9.260,0.000000,0
6,IncreFlashAttention,N/A,N/A,1788520315816613.720	,21.260,1.240000,0
6,MatMul_1,N/A,N/A,1788520315816636.180	,7.360,1.240000,0
6,InplaceAddRmsNorm,N/A,N/A,1788520315816643.560	,4.520,0.000000,0
6,MatMul_2,N/A,N/A,1788520315816648.100	,7.680,0.000000,0
6,MatMul_3,N/A,N/A,1788520315816655.800	,5.760,0.070000,0
6,SwishMul_3,N/A,N/A,1788520315816661.580	,7.080,0.000000,0
6,MatMul_4,N/A,N/A,1788520315816668.680	,9.280,0.170000,0
6,InplaceAddRmsNorm_1,N/A,N/A,1788520315816678.020	,3.800,0.000000,0
6,MatMul_5,N/A,N/A,1788520315816681.840	,5.040,0.000000,0
6,SplitV_7,N/A,N/A,1788520315816686.900	,1.440,0.210000,0
6,ApplyRotaryPosEmb_1,N/A,N/A,1788520315816688.380	,4.800,0.060000,0
6,ConcatV2_8,N/A,N/A,1788520315816693.200	,2.020,0.000000,0
6,Transpose_10,N/A,N/A,1788520315816695.240	,7.540,0.000000,0
6,Scatter_6,N/A,N/A,1788520315816702.800	,2.880,0.000000,0
6,Scatter_7,N/A,N/A,1788520315816705.740	,2.860,0.120000,0
6,IncreFlashAttention_1,N/A,N/A,1788520315816710.060	,21.260,1.390000,0
6,Scatter_4,N/A,N/A,1788520315816732.500	,1.000,1.240000,0
6,BatchMatMul_2,N/A,N/A,1788520315816733.580	,5.580,0.000000,0
6,ScaledMaskedSoftmax_1,N/A,N/A,1788520315816739.180	,8.080,0.170000,0
6,Scatter_5,N/A,N/A,1788520315816747.280	,1.020,0.000000,0
6,BatchMatMul_3,N/A,N/A,1788520315816748.360	,11.580,0.000000,0
6,Reshape_59/ConfusionTranspose/Transpose,N/A,N/A,1788520315816759.960	,7.240,0.170000,0
6,MatMul_6,N/A,N/A,1788520315816767.220	,4.180,0.010000,0
6,InplaceAddRmsNorm_2,N/A,N/A,1788520315816771.420	,3.520,0.070000,0
6,MatMul_7,N/A,N/A,1788520315816774.960	,4.020,0.000000,0
6,MatMul_8,N/A,N/A,1788520315816779.000	,3.520,0.000000,0
6,Swish_1Mul_4,N/A,N/A,1788520315816782.540	,6.700,0.000000,0
6,MatMul_9,N/A,N/A,1788520315816789.260	,6.200,0.050000,0
6,InplaceAddRmsNorm_3,N/A,N/A,1788520315816795.540	,3.780,0.050000,0
6,MatMul_10,N/A,N/A,1788520315816799.340	,5.160,0.000000,0
6,SplitV_12,N/A,N/A,1788520315816804.520	,1.420,0.090000,0
6,ApplyRotaryPosEmb_2,N/A,N/A,1788520315816805.960	,6.360,0.080000,0
6,ConcatV2_10,N/A,N/A,1788520315816812.340	,1.880,0.000000,0
6,Transpose_18,N/A,N/A,1788520315816814.240	,7.600,0.120000,0
6,Scatter_10,N/A,N/A,1788520315816821.860	,3.360,0.000000,0
6,Scatter_11,N/A,N/A,1788520315816825.300	,2.840,0.140000,0
6,IncreFlashAttention_2,N/A,N/A,1788520315816829.480	,21.040,1.410000,0
6,Scatter_8,N/A,N/A,1788520315816851.360	,1.000,0.710000,0
6,BatchMatMul_4,N/A,N/A,1788520315816852.420	,5.100,0.250000,0
6,ScaledMaskedSoftmax_2,N/A,N/A,1788520315816857.540	,8.400,0.000000,0
6,Scatter_9,N/A,N/A,1788520315816865.960	,0.940,0.100000,0
6,BatchMatMul_5,N/A,N/A,1788520315816866.960	,10.660,0.060000,0
6,Reshape_85/ConfusionTranspose/Transpose,N/A,N/A,1788520315816877.640	,7.560,0.090000,0
6,MatMul_11,N/A,N/A,1788520315816885.220	,3.460,0.000000,0
6,InplaceAddRmsNorm_4,N/A,N/A,1788520315816888.700	,3.460,0.040000,0
6,MatMul_12,N/A,N/A,1788520315816892.180	,4.720,0.040000,0
6,MatMul_13,N/A,N/A,1788520315816896.940	,4.100,0.030000,0
6,Swish_2Mul_5,N/A,N/A,1788520315816901.060	,6.760,0.000000,0
6,MatMul_14,N/A,N/A,1788520315816907.840	,6.300,0.000000,0
6,InplaceAddRmsNorm_5,N/A,N/A,1788520315816914.200	,3.620,0.200000,0
6,MatMul_15,N/A,N/A,1788520315816917.840	,6.060,0.000000,0
6,SplitV_17,N/A,N/A,1788520315816923.920	,1.480,0.190000,0
6,ApplyRotaryPosEmb_3,N/A,N/A,1788520315816925.420	,6.160,0.020000,0
6,ConcatV2_12,N/A,N/A,1788520315816931.600	,2.300,0.000000,0
6,Transpose_26,N/A,N/A,1788520315816933.940	,7.540,0.200000,0
6,Scatter_14,N/A,N/A,1788520315816941.500	,2.880,0.000000,0
6,Scatter_15,N/A,N/A,1788520315816944.460	,3.040,0.120000,0
6,IncreFlashAttention_3,N/A,N/A,1788520315816949.000	,20.900,1.460000,0
6,Scatter_12,N/A,N/A,1788520315816970.780	,1.180,0.850000,0
6,BatchMatMul_6,N/A,N/A,1788520315816972.020	,5.400,0.070000,0
6,ScaledMaskedSoftmax_3,N/A,N/A,1788520315816977.440	,7.980,0.100000,0
6,Scatter_13,N/A,N/A,1788520315816985.440	,1.140,0.020000,0
6,BatchMatMul_7,N/A,N/A,1788520315816986.660	,10.920,0.110000,0
6,Reshape_111/ConfusionTranspose/Transpose,N/A,N/A,1788520315816997.600	,7.140,0.000000,0
6,MatMul_16,N/A,N/A,1788520315817004.760	,3.520,0.110000,0
6,InplaceAddRmsNorm_6,N/A,N/A,1788520315817008.300	,4.160,0.000000,0
6,MatMul_17,N/A,N/A,1788520315817012.480	,4.360,0.090000,0
6,MatMul_18,N/A,N/A,1788520315817016.860	,4.180,0.000000,0
6,Swish_3Mul_6,N/A,N/A,1788520315817021.060	,6.660,0.070000,0
6,MatMul_19,N/A,N/A,1788520315817027.740	,6.020,0.090000,0
6,InplaceAddRmsNorm_7,N/A,N/A,1788520315817033.820	,3.960,0.000000,0
6,MatMul_20,N/A,N/A,1788520315817037.800	,6.420,0.040000,0
6,SplitV_22,N/A,N/A,1788520315817044.240	,1.460,0.080000,0
6,ApplyRotaryPosEmb_4,N/A,N/A,1788520315817045.720	,5.280,0.040000,0
6,ConcatV2_14,N/A,N/A,1788520315817051.020	,1.980,0.000000,0
6,Transpose_34,N/A,N/A,1788520315817053.040	,7.660,0.020000,0
6,Scatter_18,N/A,N/A,1788520315817060.720	,2.840,0.090000,0
6,Scatter_19,N/A,N/A,1788520315817063.620	,2.860,0.000000,0
6,IncreFlashAttention_4,N/A,N/A,1788520315817067.680	,20.340,1.390000,0
6,Scatter_16,N/A,N/A,1788520315817088.900	,0.860,0.910000,0
6,BatchMatMul_8,N/A,N/A,1788520315817089.820	,5.500,0.000000,0
6,ScaledMaskedSoftmax_4,N/A,N/A,1788520315817095.340	,8.140,0.000000,0
6,Scatter_17,N/A,N/A,1788520315817103.520	,1.000,0.110000,0
6,BatchMatMul_9,N/A,N/A,1788520315817104.580	,10.900,0.000000,0
6,Reshape_137/ConfusionTranspose/Transpose,N/A,N/A,1788520315817115.520	,7.480,0.100000,0
6,MatMul_21,N/A,N/A,1788520315817123.020	,3.420,0.020000,0
6,InplaceAddRmsNorm_8,N/A,N/A,1788520315817126.460	,3.600,0.080000,0
6,MatMul_22,N/A,N/A,1788520315817130.080	,4.400,0.000000,0
6,MatMul_23,N/A,N/A,1788520315817134.500	,3.520,0.100000,0
6,Swish_4Mul_7,N/A,N/A,1788520315817138.040	,6.820,0.000000,0
6,MatMul_24,N/A,N/A,1788520315817144.880	,5.980,0.180000,0
6,InplaceAddRmsNorm_9,N/A,N/A,1788520315817150.920	,3.540,0.020000,0
6,MatMul_25,N/A,N/A,1788520315817154.480	,5.260,0.000000,0
6,SplitV_27,N/A,N/A,1788520315817159.760	,1.940,0.000000,0
6,ApplyRotaryPosEmb_5,N/A,N/A,1788520315817161.720	,4.920,0.060000,0
6,ConcatV2_16,N/A,N/A,1788520315817166.660	,1.960,0.080000,0
6,Transpose_42,N/A,N/A,1788520315817168.660	,8.220,0.040000,0
6,Scatter_22,N/A,N/A,1788520315817176.900	,2.840,0.030000,0
6,Scatter_23,N/A,N/A,1788520315817179.820	,2.840,0.000000,0
6,IncreFlashAttention_5,N/A,N/A,1788520315817183.640	,20.540,1.160000,0
6,Scatter_20,N/A,N/A,1788520315817204.880	,0.940,0.710000,0
6,BatchMatMul_10,N/A,N/A,1788520315817205.880	,5.200,0.060000,0
6,ScaledMaskedSoftmax_5,N/A,N/A,1788520315817211.100	,7.860,0.000000,0
6,Scatter_21,N/A,N/A,1788520315817218.980	,1.100,0.140000,0
6,BatchMatMul_11,N/A,N/A,1788520315817220.140	,10.500,0.150000,0
6,Reshape_163/ConfusionTranspose/Transpose,N/A,N/A,1788520315817230.660	,7.300,0.000000,0
6,MatMul_26,N/A,N/A,1788520315817237.980	,3.680,0.000000,0
6,InplaceAddRmsNorm_10,N/A,N/A,1788520315817241.700	,3.480,0.070000,0
6,MatMul_27,N/A,N/A,1788520315817245.200	,4.560,0.020000,0
6,MatMul_28,N/A,N/A,1788520315817249.780	,3.800,0.000000,0
6,Swish_5Mul_8,N/A,N/A,1788520315817253.600	,6.740,0.000000,0
6,MatMul_29,N/A,N/A,1788520315817260.360	,6.100,0.010000,0
6,InplaceAddRmsNorm_11,N/A,N/A,1788520315817266.520	,3.640,0.150000,0
6,MatMul_30,N/A,N/A,1788520315817270.180	,5.760,0.110000,0
6,SplitV_32,N/A,N/A,1788520315817275.980	,1.440,0.000000,0
6,ApplyRotaryPosEmb_6,N/A,N/A,1788520315817277.460	,5.060,0.060000,0
6,ConcatV2_18,N/A,N/A,1788520315817282.560	,1.940,0.000000,0
6,Transpose_50,N/A,N/A,1788520315817284.520	,7.640,0.060000,0
6,Scatter_26,N/A,N/A,1788520315817292.200	,2.860,0.110000,0
6,Scatter_27,N/A,N/A,1788520315817295.120	,2.840,0.000000,0
6,IncreFlashAttention_6,N/A,N/A,1788520315817299.040	,20.440,1.160000,0
6,Scatter_24,N/A,N/A,1788520315817320.260	,0.920,0.810000,0
6,BatchMatMul_12,N/A,N/A,1788520315817321.240	,5.460,0.080000,0
6,ScaledMaskedSoftmax_6,N/A,N/A,1788520315817326.720	,7.980,0.040000,0
6,Scatter_25,N/A,N/A,1788520315817334.740	,0.920,0.020000,0
6,BatchMatMul_13,N/A,N/A,1788520315817335.720	,10.520,0.080000,0
6,Reshape_189/ConfusionTranspose/Transpose,N/A,N/A,1788520315817346.260	,7.300,0.000000,0
6,MatMul_31,N/A,N/A,1788520315817353.580	,3.800,0.000000,0
6,InplaceAddRmsNorm_12,N/A,N/A,1788520315817357.420	,3.880,0.200000,0
6,MatMul_32,N/A,N/A,1788520315817361.320	,4.580,0.000000,0
6,MatMul_33,N/A,N/A,1788520315817365.920	,3.800,0.170000,0
6,Swish_6Mul_9,N/A,N/A,1788520315817369.740	,7.080,0.000000,0
6,MatMul_34,N/A,N/A,1788520315817376.840	,5.920,0.000000,0
6,InplaceAddRmsNorm_13,N/A,N/A,1788520315817382.820	,3.580,0.080000,0
6,MatMul_35,N/A,N/A,1788520315817386.440	,5.260,0.170000,0
6,SplitV_37,N/A,N/A,1788520315817391.720	,1.500,0.000000,0
6,ApplyRotaryPosEmb_7,N/A,N/A,1788520315817393.260	,4.820,0.000000,0
6,ConcatV2_20,N/A,N/A,1788520315817398.100	,1.880,0.000000,0
6,Transpose_58,N/A,N/A,1788520315817400.000	,7.600,0.120000,0
6,Scatter_30,N/A,N/A,1788520315817407.620	,2.820,0.000000,0
6,Scatter_31,N/A,N/A,1788520315817410.520	,2.860,0.180000,0
6,IncreFlashAttention_7,N/A,N/A,1788520315817414.420	,21.280,1.140000,0
6,Scatter_28,N/A,N/A,1788520315817436.860	,0.960,0.970000,0
6,BatchMatMul_14,N/A,N/A,1788520315817437.880	,6.160,0.290000,0
6,ScaledMaskedSoftmax_7,N/A,N/A,1788520315817444.060	,7.940,0.000000,0
6,Scatter_29,N/A,N/A,1788520315817452.020	,1.100,0.060000,0
6,BatchMatMul_15,N/A,N/A,1788520315817453.180	,10.480,0.150000,0
6,Reshape_215/ConfusionTranspose/Transpose,N/A,N/A,1788520315817463.680	,7.440,0.020000,0
6,MatMul_36,N/A,N/A,1788520315817471.140	,3.680,0.060000,0
6,InplaceAddRmsNorm_14,N/A,N/A,1788520315817474.840	,3.520,0.000000,0
6,MatMul_37,N/A,N/A,1788520315817478.400	,4.240,0.230000,0
6,MatMul_38,N/A,N/A,1788520315817482.680	,3.580,0.010000,0
6,Swish_7Mul_10,N/A,N/A,1788520315817486.300	,6.800,0.000000,0
6,MatMul_39,N/A,N/A,1788520315817493.120	,6.200,0.000000,0
6,InplaceAddRmsNorm_15,N/A,N/A,1788520315817499.380	,3.480,0.300000,0
6,MatMul_40,N/A,N/A,1788520315817502.880	,5.340,0.020000,0
6,SplitV_42,N/A,N/A,1788520315817508.240	,1.480,0.000000,0
6,ApplyRotaryPosEmb_8,N/A,N/A,1788520315817509.740	,4.900,0.020000,0
6,ConcatV2_22,N/A,N/A,1788520315817514.660	,1.840,0.100000,0
6,Transpose_66,N/A,N/A,1788520315817516.520	,7.720,0.000000,0
6,Scatter_34,N/A,N/A,1788520315817524.280	,2.900,0.030000,0
6,Scatter_35,N/A,N/A,1788520315817527.240	,2.800,0.100000,0
6,IncreFlashAttention_8,N/A,N/A,1788520315817531.500	,21.480,1.450000,0
6,Scatter_32,N/A,N/A,1788520315817553.920	,0.980,1.020000,0
6,BatchMatMul_16,N/A,N/A,1788520315817554.960	,6.080,0.020000,0
6,ScaledMaskedSoftmax_8,N/A,N/A,1788520315817561.060	,7.980,0.000000,0
6,Scatter_33,N/A,N/A,1788520315817569.060	,1.060,0.020000,0
6,BatchMatMul_17,N/A,N/A,1788520315817570.180	,10.520,0.190000,0
6,Reshape_241/ConfusionTranspose/Transpose,N/A,N/A,1788520315817580.720	,7.260,0.000000,0
6,MatMul_41,N/A,N/A,1788520315817588.020	,4.800,0.000000,0
6,InplaceAddRmsNorm_16,N/A,N/A,1788520315817592.840	,3.520,0.000000,0
6,MatMul_42,N/A,N/A,1788520315817596.380	,4.340,0.230000,0
6,MatMul_43,N/A,N/A,1788520315817600.740	,3.680,0.000000,0
6,Swish_8Mul_11,N/A,N/A,1788520315817604.440	,6.780,0.070000,0
6,MatMul_44,N/A,N/A,1788520315817611.260	,6.280,0.000000,0
6,InplaceAddRmsNorm_17,N/A,N/A,1788520315817617.600	,3.600,0.000000,0
6,MatMul_45,N/A,N/A,1788520315817621.240	,5.620,0.150000,0
6,SplitV_47,N/A,N/A,1788520315817626.880	,1.520,0.130000,0
6,ApplyRotaryPosEmb_9,N/A,N/A,1788520315817628.420	,6.000,0.000000,0
6,ConcatV2_24,N/A,N/A,1788520315817634.460	,2.220,0.000000,0
6,Transpose_74,N/A,N/A,1788520315817636.700	,7.560,0.030000,0
6,Scatter_38,N/A,N/A,1788520315817644.280	,3.280,0.000000,0
6,Scatter_39,N/A,N/A,1788520315817647.620	,2.820,0.000000,0
6,IncreFlashAttention_9,N/A,N/A,1788520315817651.560	,21.800,1.180000,0
6,Scatter_36,N/A,N/A,1788520315817674.100	,1.000,0.700000,0
6,BatchMatMul_18,N/A,N/A,1788520315817675.160	,5.340,0.250000,0
6,ScaledMaskedSoftmax_9,N/A,N/A,1788520315817680.520	,8.540,0.000000,0
6,Scatter_37,N/A,N/A,1788520315817689.080	,1.060,0.000000,0
6,BatchMatMul_19,N/A,N/A,1788520315817690.200	,10.960,0.190000,0
6,Reshape_267/ConfusionTranspose/Transpose,N/A,N/A,1788520315817701.180	,7.560,0.040000,0
6,MatMul_46,N/A,N/A,1788520315817708.760	,4.160,0.000000,0
6,InplaceAddRmsNorm_18,N/A,N/A,1788520315817712.940	,3.440,0.090000,0
6,MatMul_47,N/A,N/A,1788520315817716.400	,4.740,0.060000,0
6,MatMul_48,N/A,N/A,1788520315817721.160	,3.680,0.010000,0
6,Swish_9Mul_12,N/A,N/A,1788520315817724.860	,6.680,0.000000,0
6,MatMul_49,N/A,N/A,1788520315817731.560	,6.200,0.070000,0
6,InplaceAddRmsNorm_19,N/A,N/A,1788520315817737.840	,3.740,0.050000,0
6,MatMul_50,N/A,N/A,1788520315817741.600	,5.720,0.010000,0
6,SplitV_52,N/A,N/A,1788520315817747.340	,1.520,0.030000,0
6,ApplyRotaryPosEmb_10,N/A,N/A,1788520315817748.880	,4.960,0.230000,0
6,ConcatV2_26,N/A,N/A,1788520315817753.860	,1.760,0.000000,0
6,Transpose_82,N/A,N/A,1788520315817755.640	,7.660,0.240000,0
6,Scatter_42,N/A,N/A,1788520315817763.320	,2.940,0.000000,0
6,Scatter_43,N/A,N/A,1788520315817766.320	,2.860,0.060000,0
6,IncreFlashAttention_10,N/A,N/A,1788520315817770.560	,21.880,1.390000,0
6,Scatter_40,N/A,N/A,1788520315817793.660	,0.960,1.370000,0
6,BatchMatMul_20,N/A,N/A,1788520315817794.680	,5.560,0.040000,0
6,ScaledMaskedSoftmax_10,N/A,N/A,1788520315817800.260	,8.020,0.000000,0
6,Scatter_41,N/A,N/A,1788520315817808.320	,0.860,0.000000,0
6,BatchMatMul_21,N/A,N/A,1788520315817809.240	,10.540,0.140000,0
6,Reshape_293/ConfusionTranspose/Transpose,N/A,N/A,1788520315817819.820	,7.260,0.000000,0
6,MatMul_51,N/A,N/A,1788520315817827.100	,3.660,0.000000,0
6,InplaceAddRmsNorm_20,N/A,N/A,1788520315817830.780	,3.460,0.090000,0
6,MatMul_52,N/A,N/A,1788520315817834.260	,4.320,0.040000,0
6,MatMul_53,N/A,N/A,1788520315817838.600	,4.660,0.000000,0
6,Swish_10Mul_13,N/A,N/A,1788520315817843.280	,6.700,0.090000,0
6,MatMul_54,N/A,N/A,1788520315817850.020	,6.260,0.050000,0
6,InplaceAddRmsNorm_21,N/A,N/A,1788520315817856.360	,3.600,0.000000,0
6,MatMul_55,N/A,N/A,1788520315817859.980	,5.740,0.150000,0
6,SplitV_57,N/A,N/A,1788520315817865.760	,1.920,0.010000,0
6,ApplyRotaryPosEmb_11,N/A,N/A,1788520315817867.700	,4.900,0.080000,0
6,ConcatV2_28,N/A,N/A,1788520315817872.620	,1.820,0.000000,0
6,Transpose_90,N/A,N/A,1788520315817874.480	,8.160,0.180000,0
6,Scatter_46,N/A,N/A,1788520315817882.660	,2.880,0.090000,0
6,Scatter_47,N/A,N/A,1788520315817885.600	,2.800,0.000000,0
6,IncreFlashAttention_11,N/A,N/A,1788520315817889.480	,21.260,1.200000,0
6,Scatter_44,N/A,N/A,1788520315817911.900	,0.900,1.240000,0
6,BatchMatMul_22,N/A,N/A,1788520315817912.880	,5.780,0.100000,0
6,ScaledMaskedSoftmax_11,N/A,N/A,1788520315817918.680	,7.980,0.000000,0
6,Scatter_45,N/A,N/A,1788520315817926.700	,1.040,0.020000,0
6,BatchMatMul_23,N/A,N/A,1788520315817927.800	,10.720,0.000000,0
6,Reshape_319/ConfusionTranspose/Transpose,N/A,N/A,1788520315817938.540	,7.200,0.030000,0
6,MatMul_56,N/A,N/A,1788520315817945.760	,3.660,0.050000,0
6,InplaceAddRmsNorm_22,N/A,N/A,1788520315817949.440	,4.080,0.090000,0
6,MatMul_57,N/A,N/A,1788520315817953.540	,4.220,0.000000,0
6,MatMul_58,N/A,N/A,1788520315817957.800	,4.680,0.030000,0
6,Swish_11Mul_14,N/A,N/A,1788520315817962.500	,6.700,0.070000,0
6,MatMul_59,N/A,N/A,1788520315817969.220	,5.820,0.050000,0
6,InplaceAddRmsNorm_23,N/A,N/A,1788520315817975.120	,3.560,0.000000,0
6,MatMul_60,N/A,N/A,1788520315817978.700	,5.520,0.190000,0
6,SplitV_62,N/A,N/A,1788520315817984.240	,1.480,0.000000,0
6,ApplyRotaryPosEmb_12,N/A,N/A,1788520315817985.740	,4.680,0.020000,0
6,ConcatV2_30,N/A,N/A,1788520315817990.440	,1.960,0.070000,0
6,Transpose_98,N/A,N/A,1788520315817992.420	,7.660,0.040000,0
6,Scatter_50,N/A,N/A,1788520315818000.120	,2.860,0.000000,0
6,Scatter_51,N/A,N/A,1788520315818003.060	,2.780,0.140000,0
6,IncreFlashAttention_12,N/A,N/A,1788520315818007.260	,20.540,1.470000,0
6,Scatter_48,N/A,N/A,1788520315818028.500	,0.960,0.710000,0
6,BatchMatMul_24,N/A,N/A,1788520315818029.520	,5.320,0.040000,0
6,ScaledMaskedSoftmax_12,N/A,N/A,1788520315818034.860	,8.020,0.000000,0
6,Scatter_49,N/A,N/A,1788520315818042.900	,1.000,0.230000,0
6,BatchMatMul_25,N/A,N/A,1788520315818043.960	,10.600,0.000000,0
6,Reshape_345/ConfusionTranspose/Transpose,N/A,N/A,1788520315818054.580	,7.260,0.000000,0
6,MatMul_61,N/A,N/A,1788520315818061.880	,3.500,0.240000,0
6,InplaceAddRmsNorm_24,N/A,N/A,1788520315818065.400	,3.480,0.000000,0
6,MatMul_62,N/A,N/A,1788520315818068.920	,4.180,0.020000,0
6,MatMul_63,N/A,N/A,1788520315818073.120	,3.540,0.000000,0
6,Swish_12Mul_15,N/A,N/A,1788520315818076.680	,7.000,0.210000,0
6,MatMul_64,N/A,N/A,1788520315818083.720	,6.080,0.000000,0
6,InplaceAddRmsNorm_25,N/A,N/A,1788520315818089.860	,3.520,0.000000,0
6,MatMul_65,N/A,N/A,1788520315818093.400	,5.300,0.230000,0
6,SplitV_67,N/A,N/A,1788520315818098.740	,1.460,0.000000,0
6,ApplyRotaryPosEmb_13,N/A,N/A,1788520315818100.220	,4.700,0.040000,0
6,ConcatV2_32,N/A,N/A,1788520315818104.940	,1.760,0.050000,0
6,Transpose_106,N/A,N/A,1788520315818106.720	,7.640,0.000000,0
6,Scatter_54,N/A,N/A,1788520315818114.380	,2.780,0.110000,0
6,Scatter_55,N/A,N/A,1788520315818117.220	,2.820,0.000000,0
6,IncreFlashAttention_13,N/A,N/A,1788520315818121.360	,20.180,1.180000,0
6,Scatter_52,N/A,N/A,1788520315818142.560	,0.980,1.070000,0
6,BatchMatMul_26,N/A,N/A,1788520315818143.600	,5.420,0.020000,0
6,ScaledMaskedSoftmax_13,N/A,N/A,1788520315818149.040	,9.080,0.080000,0
6,Scatter_53,N/A,N/A,1788520315818158.140	,1.180,0.170000,0
6,BatchMatMul_27,N/A,N/A,1788520315818159.400	,10.580,0.070000,0
6,Reshape_371/ConfusionTranspose/Transpose,N/A,N/A,1788520315818170.000	,7.220,0.000000,0
6,MatMul_66,N/A,N/A,1788520315818177.240	,3.680,0.030000,0
6,InplaceAddRmsNorm_26,N/A,N/A,1788520315818180.940	,3.380,0.070000,0
6,MatMul_67,N/A,N/A,1788520315818184.340	,4.460,0.000000,0
6,MatMul_68,N/A,N/A,1788520315818188.820	,3.600,0.040000,0
6,Swish_13Mul_16,N/A,N/A,1788520315818192.440	,6.660,0.150000,0
6,MatMul_69,N/A,N/A,1788520315818199.120	,5.780,0.000000,0
6,InplaceAddRmsNorm_27,N/A,N/A,1788520315818204.960	,3.560,0.220000,0
6,MatMul_70,N/A,N/A,1788520315818208.540	,5.900,0.000000,0
6,SplitV_72,N/A,N/A,1788520315818214.460	,1.500,0.100000,0
6,ApplyRotaryPosEmb_14,N/A,N/A,1788520315818215.980	,4.960,0.000000,0
6,ConcatV2_34,N/A,N/A,1788520315818220.960	,1.700,0.040000,0
6,Transpose_114,N/A,N/A,1788520315818222.700	,7.580,0.050000,0
6,Scatter_58,N/A,N/A,1788520315818230.300	,2.860,0.000000,0
6,Scatter_59,N/A,N/A,1788520315818233.220	,2.860,0.140000,0
6,IncreFlashAttention_14,N/A,N/A,1788520315818237.360	,22.360,1.140000,0
6,Scatter_56,N/A,N/A,1788520315818260.440	,0.880,0.890000,0
6,BatchMatMul_28,N/A,N/A,1788520315818261.400	,5.980,0.120000,0
6,ScaledMaskedSoftmax_14,N/A,N/A,1788520315818267.400	,9.020,0.020000,0
6,Scatter_57,N/A,N/A,1788520315818276.440	,0.980,0.000000,0
6,BatchMatMul_29,N/A,N/A,1788520315818277.500	,10.700,0.020000,0
6,Reshape_397/ConfusionTranspose/Transpose,N/A,N/A,1788520315818288.240	,7.240,0.050000,0
6,MatMul_71,N/A,N/A,1788520315818295.500	,3.520,0.010000,0
6,InplaceAddRmsNorm_28,N/A,N/A,1788520315818299.060	,3.460,0.000000,0
6,MatMul_72,N/A,N/A,1788520315818302.540	,4.320,0.040000,0
6,MatMul_73,N/A,N/A,1788520315818306.880	,3.640,0.180000,0
6,Swish_14Mul_17,N/A,N/A,1788520315818310.540	,6.740,0.000000,0
6,MatMul_74,N/A,N/A,1788520315818317.320	,6.220,0.010000,0
6,InplaceAddRmsNorm_29,N/A,N/A,1788520315818323.600	,3.580,0.030000,0
6,MatMul_75,N/A,N/A,1788520315818327.200	,8.540,0.170000,0
6,SplitV_77,N/A,N/A,1788520315818335.760	,1.460,0.000000,0
6,ApplyRotaryPosEmb_15,N/A,N/A,1788520315818337.260	,6.340,0.040000,0
6,ConcatV2_36,N/A,N/A,1788520315818343.620	,3.460,0.000000,0
6,Transpose_122,N/A,N/A,1788520315818347.120	,7.560,0.040000,0
6,Scatter_62,N/A,N/A,1788520315818354.700	,3.360,0.190000,0
6,Scatter_63,N/A,N/A,1788520315818358.120	,2.860,0.000000,0
6,IncreFlashAttention_15,N/A,N/A,1788520315818362.180	,21.320,1.390000,0
6,Scatter_60,N/A,N/A,1788520315818384.640	,0.980,1.180000,0
6,BatchMatMul_30,N/A,N/A,1788520315818385.680	,6.000,0.020000,0
6,ScaledMaskedSoftmax_15,N/A,N/A,1788520315818391.700	,8.720,0.000000,0
6,Scatter_61,N/A,N/A,1788520315818400.460	,1.160,0.030000,0
6,BatchMatMul_31,N/A,N/A,1788520315818401.680	,11.060,0.090000,0
6,Reshape_423/ConfusionTranspose/Transpose,N/A,N/A,1788520315818412.760	,7.600,0.000000,0
6,MatMul_76,N/A,N/A,1788520315818420.380	,3.420,0.150000,0
6,InplaceAddRmsNorm_30,N/A,N/A,1788520315818423.820	,3.480,0.000000,0
6,MatMul_77,N/A,N/A,1788520315818427.340	,4.540,0.020000,0
6,MatMul_78,N/A,N/A,1788520315818431.900	,3.860,0.210000,0
6,Swish_15Mul_18,N/A,N/A,1788520315818435.780	,6.740,0.000000,0
6,MatMul_79,N/A,N/A,1788520315818442.540	,5.700,0.010000,0
6,InplaceAddRmsNorm_31,N/A,N/A,1788520315818448.300	,3.680,0.050000,0
6,MatMul_80,N/A,N/A,1788520315818452.020	,5.860,0.070000,0
6,SplitV_82,N/A,N/A,1788520315818457.900	,1.420,0.140000,0
6,ApplyRotaryPosEmb_16,N/A,N/A,1788520315818459.340	,4.640,0.000000,0
6,ConcatV2_38,N/A,N/A,1788520315818464.020	,2.000,0.110000,0
6,Transpose_130,N/A,N/A,1788520315818466.060	,7.600,0.000000,0
6,Scatter_66,N/A,N/A,1788520315818473.680	,2.800,0.150000,0
6,Scatter_67,N/A,N/A,1788520315818476.560	,2.860,0.000000,0
6,IncreFlashAttention_16,N/A,N/A,1788520315818480.560	,21.380,1.140000,0
6,Scatter_64,N/A,N/A,1788520315818502.980	,0.940,1.120000,0
6,BatchMatMul_32,N/A,N/A,1788520315818503.980	,5.940,0.060000,0
6,ScaledMaskedSoftmax_16,N/A,N/A,1788520315818509.940	,7.980,0.060000,0
6,Scatter_65,N/A,N/A,1788520315818517.940	,0.940,0.020000,0
6,BatchMatMul_33,N/A,N/A,1788520315818518.940	,10.600,0.060000,0
6,Reshape_449/ConfusionTranspose/Transpose,N/A,N/A,1788520315818529.560	,7.300,0.000000,0
6,MatMul_81,N/A,N/A,1788520315818536.880	,4.660,0.200000,0
6,InplaceAddRmsNorm_32,N/A,N/A,1788520315818541.560	,4.100,0.000000,0
6,MatMul_82,N/A,N/A,1788520315818545.680	,4.400,0.150000,0
6,MatMul_83,N/A,N/A,1788520315818550.100	,3.560,0.000000,0
6,Swish_16Mul_19,N/A,N/A,1788520315818553.680	,6.780,0.190000,0
6,MatMul_84,N/A,N/A,1788520315818560.480	,6.980,0.000000,0
6,InplaceAddRmsNorm_33,N/A,N/A,1788520315818567.520	,4.120,0.020000,0
6,MatMul_85,N/A,N/A,1788520315818571.660	,5.000,0.130000,0
6,SplitV_87,N/A,N/A,1788520315818576.680	,2.220,0.000000,0
6,ApplyRotaryPosEmb_17,N/A,N/A,1788520315818578.920	,5.000,0.030000,0
6,ConcatV2_40,N/A,N/A,1788520315818583.940	,1.900,0.000000,0
6,Transpose_138,N/A,N/A,1788520315818585.860	,7.540,0.000000,0
6,Scatter_70,N/A,N/A,1788520315818593.420	,2.800,0.210000,0
6,Scatter_71,N/A,N/A,1788520315818596.280	,2.880,0.000000,0
6,IncreFlashAttention_17,N/A,N/A,1788520315818600.660	,21.220,1.620000,0
6,Scatter_68,N/A,N/A,1788520315818623.080	,1.020,1.030000,0
6,BatchMatMul_34,N/A,N/A,1788520315818624.180	,5.360,0.230000,0
6,ScaledMaskedSoftmax_17,N/A,N/A,1788520315818629.580	,7.960,0.000000,0
6,Scatter_69,N/A,N/A,1788520315818637.560	,1.100,0.040000,0
6,BatchMatMul_35,N/A,N/A,1788520315818638.720	,10.420,0.150000,0
6,Reshape_475/ConfusionTranspose/Transpose,N/A,N/A,1788520315818649.160	,7.200,0.080000,0
6,MatMul_86,N/A,N/A,1788520315818656.380	,4.380,0.050000,0
6,InplaceAddRmsNorm_34,N/A,N/A,1788520315818660.780	,3.540,0.000000,0
6,MatMul_87,N/A,N/A,1788520315818664.340	,4.280,0.000000,0
6,MatMul_88,N/A,N/A,1788520315818668.660	,3.780,0.220000,0
6,Swish_17Mul_20,N/A,N/A,1788520315818672.460	,7.060,0.000000,0
6,MatMul_89,N/A,N/A,1788520315818679.560	,6.240,0.000000,0
6,InplaceAddRmsNorm_35,N/A,N/A,1788520315818685.820	,4.800,0.010000,0
6,MatMul_90,N/A,N/A,1788520315818690.640	,14.140,0.200000,0
6,Cast_27,N/A,N/A,1788520315818704.820	,7.060,0.000000,0
6,ArgMaxV2,N/A,N/A,1788520315818711.920	,8.760,0.190000,0
6,ArgMaxV2_Output0CastAfter,N/A,N/A,1788520315818720.700	,0.760,0.000000,0
6,GatherV2_33,N/A,N/A,1788520315818721.480	,1.700,0.000000,0
6,GatherV2_1,N/A,N/A,1788520315819029.320	,2.460,306.050000,0
6,GatherV2,N/A,N/A,1788520315819031.800	,2.200,0.040000,0
6,RmsNorm,N/A,N/A,1788520315819034.060	,12.640,0.050000,0
6,MatMul,N/A,N/A,1788520315819046.720	,9.980,0.110000,0
6,Range,N/A,N/A,1788520315819056.720	,8.020,0.020000,0
6,Cast,N/A,N/A,1788520315819064.760	,0.900,0.000000,0
6,Range_2,N/A,N/A,1788520315819065.680	,8.700,0.100000,0
6,Cast_2,N/A,N/A,1788520315819074.420	,1.160,0.050000,0
6,Range_1,N/A,N/A,1788520315819075.600	,8.860,0.000000,0
6,Cast_1,N/A,N/A,1788520315819084.480	,2.160,0.140000,0
6,SplitV_2,N/A,N/A,1788520315819086.660	,1.460,0.090000,0
6,Add,N/A,N/A,1788520315819088.140	,1.600,0.040000,0
6,Add_1,N/A,N/A,1788520315819089.760	,1.520,0.000000,0
6,BroadcastTo_1,N/A,N/A,1788520315819091.300	,0.860,0.000000,0
6,Cast_3,N/A,N/A,1788520315819092.180	,0.860,0.140000,0
6,BroadcastTo_2,N/A,N/A,1788520315819093.060	,0.960,0.000000,0
6,Mul,N/A,N/A,1788520315819094.040	,8.200,0.040000,0
6,Greater,N/A,N/A,1788520315819102.260	,8.220,0.050000,0
6,Transpose,N/A,N/A,1788520315819110.500	,8.420,0.030000,0
6,ConcatV2,N/A,N/A,1788520315819118.940	,3.700,0.080000,0
6,Cos,N/A,N/A,1788520315819122.660	,2.340,0.050000,0
6,Mul_1Cast_7,N/A,N/A,1788520315819125.020	,1.240,0.000000,0
6,Sin,N/A,N/A,1788520315819126.280	,2.260,0.010000,0
6,Mul_2Cast_8,N/A,N/A,1788520315819128.560	,1.120,0.000000,0
6,SplitV,N/A,N/A,1788520315819129.700	,3.580,0.130000,0
6,GatherV2_3,N/A,N/A,1788520315819133.300	,1.040,0.000000,0
6,GatherV2_4,N/A,N/A,1788520315819134.360	,0.980,0.000000,0
6,GatherV2_6,N/A,N/A,1788520315819135.360	,0.900,0.020000,0
6,GatherV2_7,N/A,N/A,1788520315819136.280	,0.880,0.100000,0
6,SplitV_1,N/A,N/A,1788520315819137.200	,3.560,0.120000,0
6,GatherV2_10,N/A,N/A,1788520315819140.780	,0.940,0.000000,0
6,GatherV2_12,N/A,N/A,1788520315819141.740	,0.960,0.060000,0
6,GatherV2_13,N/A,N/A,1788520315819142.740	,0.960,0.040000,0
6,GatherV2_9,N/A,N/A,1788520315819143.720	,0.860,0.040000,0
6,BroadcastTo,N/A,N/A,1788520315819144.620	,7.840,0.000000,0
6,GatherV2_11,N/A,N/A,1788520315819152.480	,1.000,0.160000,0
6,GatherV2_2,N/A,N/A,1788520315819153.500	,0.760,0.000000,0
6,GatherV2_5,N/A,N/A,1788520315819154.280	,0.820,0.000000,0
6,GatherV2_8,N/A,N/A,1788520315819155.140	,0.800,0.180000,0
6,ConcatV2_1,N/A,N/A,1788520315819155.960	,3.500,0.000000,0
6,ConcatV2_2,N/A,N/A,1788520315819159.480	,3.220,0.000000,0
6,GatherV2_15,N/A,N/A,1788520315819162.740	,0.920,0.030000,0
6,GatherV2_16,N/A,N/A,1788520315819163.680	,0.800,0.080000,0
6,GatherV2_17,N/A,N/A,1788520315819164.500	,0.840,0.000000,0
6,GatherV2_18,N/A,N/A,1788520315819165.360	,0.760,0.000000,0
6,GatherV2_19,N/A,N/A,1788520315819166.160	,0.800,0.240000,0
6,GatherV2_20,N/A,N/A,1788520315819167.000	,0.780,0.000000,0
6,GatherV2_21,N/A,N/A,1788520315819167.800	,0.820,0.000000,0
6,GatherV2_22,N/A,N/A,1788520315819168.660	,0.780,0.180000,0
6,GatherV2_23,N/A,N/A,1788520315819169.460	,0.840,0.000000,0
6,GatherV2_24,N/A,N/A,1788520315819170.320	,0.800,0.000000,0
6,GatherV2_25,N/A,N/A,1788520315819171.160	,0.800,0.200000,0
6,GatherV2_26,N/A,N/A,1788520315819172.000	,0.800,0.000000,0
6,GatherV2_27,N/A,N/A,1788520315819172.820	,0.860,0.000000,0
6,GatherV2_28,N/A,N/A,1788520315819173.720	,0.820,0.140000,0
6,GatherV2_29,N/A,N/A,1788520315819174.560	,0.860,0.000000,0
6,GatherV2_30,N/A,N/A,1788520315819175.440	,0.760,0.140000,0
6,GatherV2_31,N/A,N/A,1788520315819176.220	,0.800,0.000000,0
6,GatherV2_32,N/A,N/A,1788520315819177.040	,0.780,0.000000,0
6,Add_2,N/A,N/A,1788520315819177.840	,1.400,0.000000,0
6,GatherV2_14,N/A,N/A,1788520315819179.260	,2.600,0.100000,0
6,Unpack,N/A,N/A,1788520315819181.880	,0.820,0.150000,0
6,Scatter_3,N/A,N/A,1788520315819182.720	,2.860,0.000000,0
6,ApplyRotaryPosEmb,N/A,N/A,1788520315819185.640	,6.300,0.140000,0
6,ConcatV2_6,N/A,N/A,1788520315819191.980	,1.720,0.000000,0
6,Transpose_2,N/A,N/A,1788520315819193.720	,7.860,0.030000,0
6,Scatter_2,N/A,N/A,1788520315819201.600	,1.800,0.000000,0
6,Scatter,N/A,N/A,1788520315819203.460	,1.120,0.200000,0
6,BatchMatMul,N/A,N/A,1788520315819204.640	,6.940,0.130000,0
6,ScaledMaskedSoftmax,N/A,N/A,1788520315819211.600	,9.580,0.000000,0
6,Scatter_1,N/A,N/A,1788520315819221.200	,0.940,0.170000,0
6,BatchMatMul_1,N/A,N/A,1788520315819222.220	,11.240,0.060000,0
6,Reshape_33/ConfusionTranspose/Transpose,N/A,N/A,1788520315819233.480	,7.380,0.010000,0
6,Greater_1,N/A,N/A,1788520315819240.900	,9.320,0.120000,0
6,IncreFlashAttention,N/A,N/A,1788520315819251.520	,21.640,1.180000,0
6,MatMul_1,N/A,N/A,1788520315819273.960	,7.160,0.860000,0
6,InplaceAddRmsNorm,N/A,N/A,1788520315819281.140	,3.700,0.090000,0
6,MatMul_2,N/A,N/A,1788520315819284.860	,7.720,0.000000,0
6,MatMul_3,N/A,N/A,1788520315819292.620	,5.740,0.030000,0
6,SwishMul_3,N/A,N/A,1788520315819298.380	,6.740,0.260000,0
6,MatMul_4,N/A,N/A,1788520315819305.140	,9.380,0.010000,0
6,InplaceAddRmsNorm_1,N/A,N/A,1788520315819314.580	,3.900,0.000000,0
6,MatMul_5,N/A,N/A,1788520315819318.520	,4.960,0.100000,0
6,SplitV_7,N/A,N/A,1788520315819323.500	,1.580,0.040000,0
6,ApplyRotaryPosEmb_1,N/A,N/A,1788520315819325.100	,4.880,0.000000,0
6,ConcatV2_8,N/A,N/A,1788520315819330.000	,3.440,0.120000,0
6,Transpose_10,N/A,N/A,1788520315819333.460	,7.660,0.060000,0
6,Scatter_6,N/A,N/A,1788520315819341.140	,3.380,0.090000,0
6,Scatter_7,N/A,N/A,1788520315819344.580	,2.820,0.000000,0
6,IncreFlashAttention_1,N/A,N/A,1788520315819348.480	,21.460,1.180000,0
6,Scatter_4,N/A,N/A,1788520315819370.900	,1.000,1.040000,0
6,BatchMatMul_2,N/A,N/A,1788520315819371.960	,5.580,0.000000,0
6,ScaledMaskedSoftmax_1,N/A,N/A,1788520315819377.580	,8.660,0.000000,0
6,Scatter_5,N/A,N/A,1788520315819386.280	,1.200,0.090000,0
6,BatchMatMul_3,N/A,N/A,1788520315819387.540	,11.300,0.050000,0
6,Reshape_59/ConfusionTranspose/Transpose,N/A,N/A,1788520315819398.860	,7.640,0.000000,0
6,MatMul_6,N/A,N/A,1788520315819406.520	,4.580,0.110000,0
6,InplaceAddRmsNorm_2,N/A,N/A,1788520315819411.120	,3.560,0.000000,0
6,MatMul_7,N/A,N/A,1788520315819414.700	,4.300,0.190000,0
6,MatMul_8,N/A,N/A,1788520315819419.020	,3.600,0.000000,0
6,Swish_1Mul_4,N/A,N/A,1788520315819422.640	,6.820,0.150000,0
6,MatMul_9,N/A,N/A,1788520315819429.480	,6.240,0.000000,0
6,InplaceAddRmsNorm_3,N/A,N/A,1788520315819435.780	,3.640,0.010000,0
6,MatMul_10,N/A,N/A,1788520315819439.440	,5.280,0.110000,0
6,SplitV_12,N/A,N/A,1788520315819444.740	,1.420,0.000000,0
6,ApplyRotaryPosEmb_2,N/A,N/A,1788520315819446.180	,6.180,0.080000,0
6,ConcatV2_10,N/A,N/A,1788520315819452.400	,1.880,0.070000,0
6,Transpose_18,N/A,N/A,1788520315819454.300	,8.240,0.000000,0
6,Scatter_10,N/A,N/A,1788520315819462.560	,2.860,0.010000,0
6,Scatter_11,N/A,N/A,1788520315819465.480	,2.940,0.140000,0
6,IncreFlashAttention_2,N/A,N/A,1788520315819469.720	,20.960,1.310000,0
6,Scatter_8,N/A,N/A,1788520315819491.540	,1.060,0.790000,0
6,BatchMatMul_4,N/A,N/A,1788520315819492.660	,5.380,0.190000,0
6,ScaledMaskedSoftmax_2,N/A,N/A,1788520315819498.060	,8.000,0.000000,0
6,Scatter_9,N/A,N/A,1788520315819506.080	,0.920,0.000000,0
6,BatchMatMul_5,N/A,N/A,1788520315819507.060	,10.440,0.080000,0
6,Reshape_85/ConfusionTranspose/Transpose,N/A,N/A,1788520315819517.520	,7.260,0.060000,0
6,MatMul_11,N/A,N/A,1788520315819524.820	,3.540,0.000000,0
6,InplaceAddRmsNorm_4,N/A,N/A,1788520315819528.380	,3.420,0.210000,0
6,MatMul_12,N/A,N/A,1788520315819531.820	,4.740,0.000000,0
6,MatMul_13,N/A,N/A,1788520315819536.580	,4.080,0.010000,0
6,Swish_2Mul_5,N/A,N/A,1788520315819540.680	,6.680,0.170000,0
6,MatMul_14,N/A,N/A,1788520315819547.380	,5.980,0.070000,0
6,InplaceAddRmsNorm_5,N/A,N/A,1788520315819553.420	,3.640,0.020000,0
6,MatMul_15,N/A,N/A,1788520315819557.100	,5.080,0.000000,0
6,SplitV_17,N/A,N/A,1788520315819562.200	,2.080,0.170000,0
6,ApplyRotaryPosEmb_3,N/A,N/A,1788520315819564.300	,5.820,0.000000,0
6,ConcatV2_12,N/A,N/A,1788520315819570.140	,1.860,0.180000,0
6,Transpose_26,N/A,N/A,1788520315819572.020	,7.640,0.000000,0
6,Scatter_14,N/A,N/A,1788520315819579.680	,2.820,0.110000,0
6,Scatter_15,N/A,N/A,1788520315819582.560	,2.920,0.000000,0
6,IncreFlashAttention_3,N/A,N/A,1788520315819586.860	,21.360,1.330000,0
6,Scatter_12,N/A,N/A,1788520315819609.320	,1.020,1.140000,0
6,BatchMatMul_6,N/A,N/A,1788520315819610.400	,5.120,0.230000,0
6,ScaledMaskedSoftmax_3,N/A,N/A,1788520315819615.540	,8.020,0.000000,0
6,Scatter_13,N/A,N/A,1788520315819623.580	,1.120,0.000000,0
6,BatchMatMul_7,N/A,N/A,1788520315819624.760	,10.520,0.130000,0
6,Reshape_111/ConfusionTranspose/Transpose,N/A,N/A,1788520315819635.300	,7.240,0.000000,0
6,MatMul_16,N/A,N/A,1788520315819642.580	,3.460,0.010000,0
6,InplaceAddRmsNorm_6,N/A,N/A,1788520315819646.060	,4.220,0.040000,0
6,MatMul_17,N/A,N/A,1788520315819650.300	,4.400,0.030000,0
6,MatMul_18,N/A,N/A,1788520315819654.740	,4.140,0.100000,0
6,Swish_3Mul_6,N/A,N/A,1788520315819658.920	,6.960,0.110000,0
6,MatMul_19,N/A,N/A,1788520315819665.900	,5.760,0.040000,0
6,InplaceAddRmsNorm_7,N/A,N/A,1788520315819671.740	,3.940,0.000000,0
6,MatMul_20,N/A,N/A,1788520315819675.700	,5.140,0.060000,0
6,SplitV_22,N/A,N/A,1788520315819680.860	,1.460,0.000000,0
6,ApplyRotaryPosEmb_4,N/A,N/A,1788520315819682.340	,5.700,0.040000,0
6,ConcatV2_14,N/A,N/A,1788520315819688.060	,1.840,0.050000,0
6,Transpose_34,N/A,N/A,1788520315819689.920	,7.660,0.160000,0
6,Scatter_18,N/A,N/A,1788520315819697.600	,3.020,0.000000,0
6,Scatter_19,N/A,N/A,1788520315819700.680	,3.020,0.230000,0
6,IncreFlashAttention_4,N/A,N/A,1788520315819704.660	,20.220,0.980000,0
6,Scatter_16,N/A,N/A,1788520315819725.900	,0.940,1.030000,0
6,BatchMatMul_8,N/A,N/A,1788520315819726.900	,5.500,0.060000,0
6,ScaledMaskedSoftmax_4,N/A,N/A,1788520315819732.440	,8.080,0.000000,0
6,Scatter_17,N/A,N/A,1788520315819740.540	,0.920,0.000000,0
6,BatchMatMul_9,N/A,N/A,1788520315819741.520	,10.580,0.080000,0
6,Reshape_137/ConfusionTranspose/Transpose,N/A,N/A,1788520315819752.140	,7.460,0.170000,0
6,MatMul_21,N/A,N/A,1788520315819759.640	,3.520,0.040000,0
6,InplaceAddRmsNorm_8,N/A,N/A,1788520315819763.180	,4.040,0.000000,0
6,MatMul_22,N/A,N/A,1788520315819767.260	,4.460,0.000000,0
6,MatMul_23,N/A,N/A,1788520315819771.740	,3.460,0.040000,0
6,Swish_4Mul_7,N/A,N/A,1788520315819775.220	,6.760,0.040000,0
6,MatMul_24,N/A,N/A,1788520315819782.000	,6.060,0.000000,0
6,InplaceAddRmsNorm_9,N/A,N/A,1788520315819788.140	,3.540,0.190000,0
6,MatMul_25,N/A,N/A,1788520315819791.720	,5.260,0.000000,0
6,SplitV_27,N/A,N/A,1788520315819797.000	,1.440,0.000000,0
6,ApplyRotaryPosEmb_5,N/A,N/A,1788520315819798.460	,5.120,0.060000,0
6,ConcatV2_16,N/A,N/A,1788520315819803.600	,1.880,0.000000,0
6,Transpose_42,N/A,N/A,1788520315819805.500	,7.600,0.120000,0
6,Scatter_22,N/A,N/A,1788520315819813.140	,2.880,0.150000,0
6,Scatter_23,N/A,N/A,1788520315819816.080	,2.880,0.000000,0
6,IncreFlashAttention_5,N/A,N/A,1788520315819820.020	,20.280,1.120000,0
6,Scatter_20,N/A,N/A,1788520315819841.220	,1.100,0.970000,0
6,BatchMatMul_10,N/A,N/A,1788520315819842.380	,5.300,0.150000,0
6,ScaledMaskedSoftmax_5,N/A,N/A,1788520315819847.700	,7.940,0.000000,0
6,Scatter_21,N/A,N/A,1788520315819855.680	,1.000,0.060000,0
6,BatchMatMul_11,N/A,N/A,1788520315819856.740	,10.560,0.000000,0
6,Reshape_163/ConfusionTranspose/Transpose,N/A,N/A,1788520315819867.320	,7.440,0.000000,0
6,MatMul_26,N/A,N/A,1788520315819874.780	,3.380,0.060000,0
6,InplaceAddRmsNorm_10,N/A,N/A,1788520315819878.180	,3.580,0.120000,0
6,MatMul_27,N/A,N/A,1788520315819881.780	,4.560,0.000000,0
6,MatMul_28,N/A,N/A,1788520315819886.360	,3.740,0.000000,0
6,Swish_5Mul_8,N/A,N/A,1788520315819890.120	,6.780,0.010000,0
6,MatMul_29,N/A,N/A,1788520315819896.920	,6.260,0.220000,0
6,InplaceAddRmsNorm_11,N/A,N/A,1788520315819903.240	,3.600,0.000000,0
6,MatMul_30,N/A,N/A,1788520315819906.860	,5.320,0.000000,0
6,SplitV_32,N/A,N/A,1788520315819912.200	,1.460,0.180000,0
6,ApplyRotaryPosEmb_6,N/A,N/A,1788520315819913.680	,4.900,0.040000,0
6,ConcatV2_18,N/A,N/A,1788520315819918.600	,1.740,0.000000,0
6,Transpose_50,N/A,N/A,1788520315819920.360	,7.600,0.010000,0
6,Scatter_26,N/A,N/A,1788520315819927.980	,2.940,0.150000,0
6,Scatter_27,N/A,N/A,1788520315819930.980	,2.820,0.060000,0
6,IncreFlashAttention_6,N/A,N/A,1788520315819935.280	,20.900,1.430000,0
6,Scatter_24,N/A,N/A,1788520315819957.140	,0.920,1.100000,0
6,BatchMatMul_12,N/A,N/A,1788520315819958.120	,5.940,0.000000,0
6,ScaledMaskedSoftmax_6,N/A,N/A,1788520315819964.100	,7.920,0.060000,0
6,Scatter_25,N/A,N/A,1788520315819972.040	,0.900,0.080000,0
6,BatchMatMul_13,N/A,N/A,1788520315819973.020	,10.380,0.100000,0
6,Reshape_189/ConfusionTranspose/Transpose,N/A,N/A,1788520315819983.420	,7.480,0.120000,0
6,MatMul_31,N/A,N/A,1788520315819990.920	,3.700,0.020000,0
6,InplaceAddRmsNorm_12,N/A,N/A,1788520315819994.660	,3.400,0.050000,0
6,MatMul_32,N/A,N/A,1788520315819998.080	,4.540,0.000000,0
6,MatMul_33,N/A,N/A,1788520315820002.640	,3.920,0.210000,0
6,Swish_6Mul_9,N/A,N/A,1788520315820006.600	,6.640,0.000000,0
6,MatMul_34,N/A,N/A,1788520315820013.260	,6.220,0.110000,0
6,InplaceAddRmsNorm_13,N/A,N/A,1788520315820019.540	,3.540,0.030000,0
6,MatMul_35,N/A,N/A,1788520315820023.100	,5.240,0.000000,0
6,SplitV_37,N/A,N/A,1788520315820028.360	,1.460,0.010000,0
6,ApplyRotaryPosEmb_7,N/A,N/A,1788520315820029.840	,4.900,0.040000,0
6,ConcatV2_20,N/A,N/A,1788520315820034.760	,3.080,0.100000,0
6,Transpose_58,N/A,N/A,1788520315820037.860	,7.600,0.000000,0
6,Scatter_30,N/A,N/A,1788520315820045.480	,3.340,0.150000,0
6,Scatter_31,N/A,N/A,1788520315820048.900	,2.820,0.160000,0
6,IncreFlashAttention_7,N/A,N/A,1788520315820053.100	,21.540,1.180000,0
6,Scatter_28,N/A,N/A,1788520315820075.560	,1.040,0.960000,0
6,BatchMatMul_14,N/A,N/A,1788520315820076.680	,6.860,0.210000,0
6,ScaledMaskedSoftmax_7,N/A,N/A,1788520315820083.580	,8.380,0.000000,0
6,Scatter_29,N/A,N/A,1788520315820091.980	,0.840,0.120000,0
6,BatchMatMul_15,N/A,N/A,1788520315820092.880	,10.900,0.160000,0
6,Reshape_215/ConfusionTranspose/Transpose,N/A,N/A,1788520315820103.800	,7.420,0.000000,0
6,MatMul_36,N/A,N/A,1788520315820111.240	,3.700,0.080000,0
6,InplaceAddRmsNorm_14,N/A,N/A,1788520315820114.960	,3.400,0.050000,0
6,MatMul_37,N/A,N/A,1788520315820118.380	,4.680,0.100000,0
6,MatMul_38,N/A,N/A,1788520315820123.100	,3.580,0.000000,0
6,Swish_7Mul_10,N/A,N/A,1788520315820126.700	,6.720,0.170000,0
6,MatMul_39,N/A,N/A,1788520315820133.440	,6.160,0.030000,0
6,InplaceAddRmsNorm_15,N/A,N/A,1788520315820139.660	,3.560,0.090000,0
6,MatMul_40,N/A,N/A,1788520315820143.240	,5.160,0.000000,0
6,SplitV_42,N/A,N/A,1788520315820148.420	,1.480,0.090000,0
6,ApplyRotaryPosEmb_8,N/A,N/A,1788520315820149.940	,4.940,0.020000,0
6,ConcatV2_22,N/A,N/A,1788520315820154.900	,1.860,0.060000,0
6,Transpose_66,N/A,N/A,1788520315820156.780	,8.000,0.000000,0
6,Scatter_34,N/A,N/A,1788520315820164.800	,3.020,0.000000,0
6,Scatter_35,N/A,N/A,1788520315820167.880	,2.860,0.230000,0
6,IncreFlashAttention_8,N/A,N/A,1788520315820172.040	,21.740,1.140000,0
6,Scatter_32,N/A,N/A,1788520315820194.480	,0.980,0.760000,0
6,BatchMatMul_16,N/A,N/A,1788520315820195.520	,6.180,0.020000,0
6,ScaledMaskedSoftmax_8,N/A,N/A,1788520315820201.720	,7.880,0.070000,0
6,Scatter_33,N/A,N/A,1788520315820209.620	,1.120,0.000000,0
6,BatchMatMul_17,N/A,N/A,1788520315820210.800	,10.540,0.130000,0
6,Reshape_241/ConfusionTranspose/Transpose,N/A,N/A,1788520315820221.360	,7.280,0.000000,0
6,MatMul_41,N/A,N/A,1788520315820228.660	,4.860,0.220000,0
6,InplaceAddRmsNorm_16,N/A,N/A,1788520315820233.540	,4.060,0.000000,0
6,MatMul_42,N/A,N/A,1788520315820237.640	,4.220,0.190000,0
6,MatMul_43,N/A,N/A,1788520315820241.880	,3.700,0.030000,0
6,Swish_8Mul_11,N/A,N/A,1788520315820245.600	,6.700,0.000000,0
6,MatMul_44,N/A,N/A,1788520315820252.320	,6.240,0.050000,0
6,InplaceAddRmsNorm_17,N/A,N/A,1788520315820258.640	,3.540,0.260000,0
6,MatMul_45,N/A,N/A,1788520315820262.200	,5.020,0.000000,0
6,SplitV_47,N/A,N/A,1788520315820267.240	,1.480,0.000000,0
6,ApplyRotaryPosEmb_9,N/A,N/A,1788520315820268.740	,6.040,0.020000,0
6,ConcatV2_24,N/A,N/A,1788520315820274.800	,1.900,0.000000,0
6,Transpose_74,N/A,N/A,1788520315820276.720	,7.720,0.100000,0
6,Scatter_38,N/A,N/A,1788520315820284.460	,2.880,0.030000,0
6,Scatter_39,N/A,N/A,1788520315820287.400	,2.800,0.120000,0
6,IncreFlashAttention_9,N/A,N/A,1788520315820291.600	,21.660,1.200000,0
6,Scatter_36,N/A,N/A,1788520315820314.060	,0.820,0.840000,0
6,BatchMatMul_18,N/A,N/A,1788520315820314.940	,5.540,0.180000,0
6,ScaledMaskedSoftmax_9,N/A,N/A,1788520315820320.500	,8.080,0.000000,0
6,Scatter_37,N/A,N/A,1788520315820328.600	,0.980,0.000000,0
6,BatchMatMul_19,N/A,N/A,1788520315820329.640	,10.580,0.270000,0
6,Reshape_267/ConfusionTranspose/Transpose,N/A,N/A,1788520315820340.240	,7.280,0.000000,0
6,MatMul_46,N/A,N/A,1788520315820347.540	,4.640,0.000000,0
6,InplaceAddRmsNorm_18,N/A,N/A,1788520315820352.220	,3.460,0.110000,0
6,MatMul_47,N/A,N/A,1788520315820355.720	,4.240,0.040000,0
6,MatMul_48,N/A,N/A,1788520315820360.000	,3.680,0.010000,0
6,Swish_9Mul_12,N/A,N/A,1788520315820363.700	,6.780,0.070000,0
6,MatMul_49,N/A,N/A,1788520315820370.500	,5.900,0.000000,0
6,InplaceAddRmsNorm_19,N/A,N/A,1788520315820376.460	,3.480,0.100000,0
6,MatMul_50,N/A,N/A,1788520315820379.980	,5.240,0.020000,0
6,SplitV_52,N/A,N/A,1788520315820385.240	,1.940,0.010000,0
6,ApplyRotaryPosEmb_10,N/A,N/A,1788520315820387.200	,4.780,0.060000,0
6,ConcatV2_26,N/A,N/A,1788520315820392.000	,1.920,0.000000,0
6,Transpose_82,N/A,N/A,1788520315820393.940	,7.620,0.080000,0
6,Scatter_42,N/A,N/A,1788520315820401.580	,2.940,0.000000,0
6,Scatter_43,N/A,N/A,1788520315820404.580	,2.760,0.060000,0
6,IncreFlashAttention_10,N/A,N/A,1788520315820408.780	,21.280,1.490000,0
6,Scatter_40,N/A,N/A,1788520315820431.240	,0.860,1.220000,0
6,BatchMatMul_20,N/A,N/A,1788520315820432.160	,5.500,0.140000,0
6,ScaledMaskedSoftmax_10,N/A,N/A,1788520315820437.680	,7.860,0.000000,0
6,Scatter_41,N/A,N/A,1788520315820445.560	,1.120,0.000000,0
6,BatchMatMul_21,N/A,N/A,1788520315820446.740	,10.560,0.130000,0
6,Reshape_293/ConfusionTranspose/Transpose,N/A,N/A,1788520315820457.320	,7.260,0.000000,0
6,MatMul_51,N/A,N/A,1788520315820464.600	,3.640,0.000000,0
6,InplaceAddRmsNorm_20,N/A,N/A,1788520315820468.260	,3.380,0.110000,0
6,MatMul_52,N/A,N/A,1788520315820471.660	,4.340,0.120000,0
6,MatMul_53,N/A,N/A,1788520315820476.020	,4.700,0.000000,0
6,Swish_10Mul_13,N/A,N/A,1788520315820480.740	,7.100,0.050000,0
6,MatMul_54,N/A,N/A,1788520315820487.860	,6.040,0.000000,0
6,InplaceAddRmsNorm_21,N/A,N/A,1788520315820493.960	,3.780,0.210000,0
6,MatMul_55,N/A,N/A,1788520315820497.760	,5.560,0.000000,0
6,SplitV_57,N/A,N/A,1788520315820503.340	,1.540,0.000000,0
6,ApplyRotaryPosEmb_11,N/A,N/A,1788520315820504.900	,4.760,0.210000,0
6,ConcatV2_28,N/A,N/A,1788520315820509.700	,1.880,0.000000,0
6,Transpose_90,N/A,N/A,1788520315820511.600	,7.480,0.000000,0
6,Scatter_46,N/A,N/A,1788520315820519.100	,2.820,0.020000,0
6,Scatter_47,N/A,N/A,1788520315820522.000	,2.860,0.180000,0
6,IncreFlashAttention_11,N/A,N/A,1788520315820526.040	,21.420,1.140000,0
6,Scatter_44,N/A,N/A,1788520315820548.500	,1.020,1.080000,0
6,BatchMatMul_22,N/A,N/A,1788520315820549.580	,5.380,0.000000,0
6,ScaledMaskedSoftmax_11,N/A,N/A,1788520315820554.980	,8.020,0.120000,0
6,Scatter_45,N/A,N/A,1788520315820563.040	,0.860,0.000000,0
6,BatchMatMul_23,N/A,N/A,1788520315820563.960	,10.860,0.140000,0
6,Reshape_319/ConfusionTranspose/Transpose,N/A,N/A,1788520315820574.840	,7.240,0.000000,0
6,MatMul_56,N/A,N/A,1788520315820582.100	,3.680,0.010000,0
6,InplaceAddRmsNorm_22,N/A,N/A,1788520315820585.800	,3.480,0.070000,0
6,MatMul_57,N/A,N/A,1788520315820589.300	,4.280,0.020000,0
6,MatMul_58,N/A,N/A,1788520315820593.600	,4.700,0.000000,0
6,Swish_11Mul_14,N/A,N/A,1788520315820598.320	,6.780,0.050000,0
6,MatMul_59,N/A,N/A,1788520315820605.120	,6.240,0.000000,0
6,InplaceAddRmsNorm_23,N/A,N/A,1788520315820611.420	,3.600,0.260000,0
6,MatMul_60,N/A,N/A,1788520315820615.040	,5.220,0.000000,0
6,SplitV_62,N/A,N/A,1788520315820620.280	,1.540,0.030000,0
6,ApplyRotaryPosEmb_12,N/A,N/A,1788520315820621.840	,4.680,0.000000,0
6,ConcatV2_30,N/A,N/A,1788520315820626.540	,1.980,0.070000,0
6,Transpose_98,N/A,N/A,1788520315820628.560	,7.620,0.020000,0
6,Scatter_50,N/A,N/A,1788520315820636.200	,2.840,0.130000,0
6,Scatter_51,N/A,N/A,1788520315820639.120	,2.820,0.000000,0
6,IncreFlashAttention_12,N/A,N/A,1788520315820643.300	,20.340,1.430000,0
6,Scatter_48,N/A,N/A,1788520315820664.560	,1.000,0.910000,0
6,BatchMatMul_24,N/A,N/A,1788520315820665.620	,5.340,0.000000,0
6,ScaledMaskedSoftmax_12,N/A,N/A,1788520315820670.980	,8.000,0.160000,0
6,Scatter_49,N/A,N/A,1788520315820679.000	,1.080,0.000000,0
6,BatchMatMul_25,N/A,N/A,1788520315820680.140	,10.840,0.170000,0
6,Reshape_345/ConfusionTranspose/Transpose,N/A,N/A,1788520315820691.000	,7.240,0.000000,0
6,MatMul_61,N/A,N/A,1788520315820698.260	,3.540,0.010000,0
6,InplaceAddRmsNorm_24,N/A,N/A,1788520315820701.840	,3.520,0.000000,0
6,MatMul_62,N/A,N/A,1788520315820705.380	,4.360,0.230000,0
6,MatMul_63,N/A,N/A,1788520315820709.760	,3.520,0.000000,0
6,Swish_12Mul_15,N/A,N/A,1788520315820713.300	,6.740,0.000000,0
6,MatMul_64,N/A,N/A,1788520315820720.060	,5.880,0.010000,0
6,InplaceAddRmsNorm_25,N/A,N/A,1788520315820726.020	,3.560,0.120000,0
6,MatMul_65,N/A,N/A,1788520315820729.600	,5.180,0.000000,0
6,SplitV_67,N/A,N/A,1788520315820734.800	,1.480,0.070000,0
6,ApplyRotaryPosEmb_13,N/A,N/A,1788520315820736.300	,5.000,0.020000,0
6,ConcatV2_32,N/A,N/A,1788520315820741.320	,2.700,0.000000,0
6,Transpose_106,N/A,N/A,1788520315820744.040	,7.580,0.050000,0
6,Scatter_54,N/A,N/A,1788520315820751.660	,3.140,0.170000,0
6,Scatter_55,N/A,N/A,1788520315820754.880	,2.860,0.110000,0
6,IncreFlashAttention_13,N/A,N/A,1788520315820758.740	,20.400,0.890000,0
6,Scatter_52,N/A,N/A,1788520315820780.280	,1.060,1.100000,0
6,BatchMatMul_26,N/A,N/A,1788520315820781.400	,5.420,0.190000,0
6,ScaledMaskedSoftmax_13,N/A,N/A,1788520315820786.860	,8.560,0.000000,0
6,Scatter_53,N/A,N/A,1788520315820795.440	,0.980,0.190000,0
6,BatchMatMul_27,N/A,N/A,1788520315820796.480	,10.740,0.020000,0
6,Reshape_371/ConfusionTranspose/Transpose,N/A,N/A,1788520315820807.240	,7.580,0.010000,0
6,MatMul_66,N/A,N/A,1788520315820814.840	,3.360,0.000000,0
6,InplaceAddRmsNorm_26,N/A,N/A,1788520315820818.220	,3.980,0.140000,0
6,MatMul_67,N/A,N/A,1788520315820822.240	,4.620,0.020000,0
6,MatMul_68,N/A,N/A,1788520315820826.900	,3.580,0.130000,0
6,Swish_13Mul_16,N/A,N/A,1788520315820830.500	,6.760,0.000000,0
6,MatMul_69,N/A,N/A,1788520315820837.280	,5.900,0.000000,0
6,InplaceAddRmsNorm_27,N/A,N/A,1788520315820843.240	,3.580,0.100000,0
6,MatMul_70,N/A,N/A,1788520315820846.840	,5.000,0.000000,0
6,SplitV_72,N/A,N/A,1788520315820851.860	,1.700,0.000000,0
6,ApplyRotaryPosEmb_14,N/A,N/A,1788520315820853.580	,4.620,0.050000,0
6,ConcatV2_34,N/A,N/A,1788520315820858.220	,1.920,0.130000,0
6,Transpose_114,N/A,N/A,1788520315820860.160	,7.980,0.080000,0
6,Scatter_58,N/A,N/A,1788520315820868.180	,2.760,0.020000,0
6,Scatter_59,N/A,N/A,1788520315820871.000	,2.880,0.000000,0
6,IncreFlashAttention_14,N/A,N/A,1788520315820876.180	,22.400,2.370000,0
6,Scatter_56,N/A,N/A,1788520315820899.240	,0.920,0.600000,0
6,BatchMatMul_28,N/A,N/A,1788520315820900.240	,5.400,0.080000,0
6,ScaledMaskedSoftmax_14,N/A,N/A,1788520315820905.680	,8.960,0.100000,0
6,Scatter_57,N/A,N/A,1788520315820914.660	,0.800,0.040000,0
6,BatchMatMul_29,N/A,N/A,1788520315820915.520	,10.460,0.000000,0
6,Reshape_397/ConfusionTranspose/Transpose,N/A,N/A,1788520315820926.000	,7.240,0.040000,0
6,MatMul_71,N/A,N/A,1788520315820933.260	,3.440,0.010000,0
6,InplaceAddRmsNorm_28,N/A,N/A,1788520315820936.720	,3.420,0.060000,0
6,MatMul_72,N/A,N/A,1788520315820940.180	,4.280,0.080000,0
6,MatMul_73,N/A,N/A,1788520315820944.500	,3.680,0.000000,0
6,Swish_14Mul_17,N/A,N/A,1788520315820948.200	,6.740,0.070000,0
6,MatMul_74,N/A,N/A,1788520315820954.960	,7.100,0.010000,0
6,InplaceAddRmsNorm_29,N/A,N/A,1788520315820962.120	,3.560,0.000000,0
6,MatMul_75,N/A,N/A,1788520315820965.700	,8.160,0.190000,0
6,SplitV_77,N/A,N/A,1788520315820973.880	,1.500,0.090000,0
6,ApplyRotaryPosEmb_15,N/A,N/A,1788520315820975.400	,4.760,0.000000,0
6,ConcatV2_36,N/A,N/A,1788520315820980.180	,1.780,0.000000,0
6,Transpose_122,N/A,N/A,1788520315820981.980	,7.580,0.000000,0
6,Scatter_62,N/A,N/A,1788520315820989.580	,2.860,0.000000,0
6,Scatter_63,N/A,N/A,1788520315820992.500	,2.900,0.140000,0
6,IncreFlashAttention_15,N/A,N/A,1788520315820996.820	,21.300,1.350000,0
6,Scatter_60,N/A,N/A,1788520315821019.280	,0.940,1.200000,0
6,BatchMatMul_30,N/A,N/A,1788520315821020.300	,5.920,0.060000,0
6,ScaledMaskedSoftmax_15,N/A,N/A,1788520315821026.240	,8.200,0.080000,0
6,Scatter_61,N/A,N/A,1788520315821034.460	,0.940,0.050000,0
6,BatchMatMul_31,N/A,N/A,1788520315821035.480	,10.480,0.060000,0
6,Reshape_423/ConfusionTranspose/Transpose,N/A,N/A,1788520315821045.980	,7.240,0.020000,0
6,MatMul_76,N/A,N/A,1788520315821053.260	,3.480,0.010000,0
6,InplaceAddRmsNorm_30,N/A,N/A,1788520315821056.760	,3.500,0.020000,0
6,MatMul_77,N/A,N/A,1788520315821060.280	,4.300,0.000000,0
6,MatMul_78,N/A,N/A,1788520315821064.600	,4.660,0.000000,0
6,Swish_15Mul_18,N/A,N/A,1788520315821069.280	,6.740,0.090000,0
6,MatMul_79,N/A,N/A,1788520315821076.040	,6.100,0.010000,0
6,InplaceAddRmsNorm_31,N/A,N/A,1788520315821082.200	,3.580,0.150000,0
6,MatMul_80,N/A,N/A,1788520315821085.800	,4.920,0.000000,0
6,SplitV_82,N/A,N/A,1788520315821090.740	,1.820,0.080000,0
6,ApplyRotaryPosEmb_16,N/A,N/A,1788520315821092.580	,4.800,0.000000,0
6,ConcatV2_38,N/A,N/A,1788520315821097.400	,1.840,0.200000,0
6,Transpose_130,N/A,N/A,1788520315821099.280	,7.600,0.000000,0
6,Scatter_66,N/A,N/A,1788520315821106.900	,2.800,0.150000,0
6,Scatter_67,N/A,N/A,1788520315821109.760	,2.880,0.000000,0
6,IncreFlashAttention_16,N/A,N/A,1788520315821114.000	,21.200,1.370000,0
6,Scatter_64,N/A,N/A,1788520315821135.840	,0.920,0.550000,0
6,BatchMatMul_32,N/A,N/A,1788520315821136.840	,6.140,0.080000,0
6,ScaledMaskedSoftmax_16,N/A,N/A,1788520315821143.000	,7.980,0.110000,0
6,Scatter_65,N/A,N/A,1788520315821151.000	,1.000,0.020000,0
6,BatchMatMul_33,N/A,N/A,1788520315821152.080	,11.040,0.000000,0
6,Reshape_449/ConfusionTranspose/Transpose,N/A,N/A,1788520315821163.160	,7.200,0.210000,0
6,MatMul_81,N/A,N/A,1788520315821170.380	,4.460,0.050000,0
6,InplaceAddRmsNorm_32,N/A,N/A,1788520315821174.860	,3.440,0.000000,0
6,MatMul_82,N/A,N/A,1788520315821178.320	,4.360,0.060000,0
6,MatMul_83,N/A,N/A,1788520315821182.700	,3.700,0.140000,0
6,Swish_16Mul_19,N/A,N/A,1788520315821186.440	,7.080,0.050000,0
6,MatMul_84,N/A,N/A,1788520315821193.540	,6.220,0.000000,0
6,InplaceAddRmsNorm_33,N/A,N/A,1788520315821199.820	,3.720,0.030000,0
6,MatMul_85,N/A,N/A,1788520315821203.560	,4.980,0.030000,0
6,SplitV_87,N/A,N/A,1788520315821208.580	,1.460,0.020000,0
6,ApplyRotaryPosEmb_17,N/A,N/A,1788520315821210.060	,4.720,0.040000,0
6,ConcatV2_40,N/A,N/A,1788520315821214.800	,2.000,0.030000,0
6,Transpose_138,N/A,N/A,1788520315821216.820	,7.620,0.000000,0
6,Scatter_70,N/A,N/A,1788520315821224.460	,2.800,0.130000,0
6,Scatter_71,N/A,N/A,1788520315821227.320	,2.840,0.000000,0
6,IncreFlashAttention_17,N/A,N/A,1788520315821231.260	,21.640,1.160000,0
6,Scatter_68,N/A,N/A,1788520315821253.740	,0.940,0.860000,0
6,BatchMatMul_34,N/A,N/A,1788520315821254.760	,5.020,0.060000,0
6,ScaledMaskedSoftmax_17,N/A,N/A,1788520315821259.800	,8.000,0.000000,0
6,Scatter_69,N/A,N/A,1788520315821267.820	,0.840,0.000000,0
6,BatchMatMul_35,N/A,N/A,1788520315821268.720	,10.660,0.160000,0
6,Reshape_475/ConfusionTranspose/Transpose,N/A,N/A,1788520315821279.400	,7.480,0.090000,0
6,MatMul_86,N/A,N/A,1788520315821286.900	,4.320,0.020000,0
6,InplaceAddRmsNorm_34,N/A,N/A,1788520315821291.240	,3.500,0.000000,0
6,MatMul_87,N/A,N/A,1788520315821294.760	,4.300,0.000000,0
6,MatMul_88,N/A,N/A,1788520315821299.080	,3.580,0.000000,0
6,Swish_17Mul_20,N/A,N/A,1788520315821302.680	,6.720,0.170000,0
6,MatMul_89,N/A,N/A,1788520315821309.440	,6.020,0.030000,0
6,InplaceAddRmsNorm_35,N/A,N/A,1788520315821315.480	,4.560,0.000000,0
6,MatMul_90,N/A,N/A,1788520315821320.060	,13.900,0.000000,0
6,Cast_27,N/A,N/A,1788520315821333.980	,7.320,0.100000,0
6,ArgMaxV2,N/A,N/A,1788520315821341.320	,8.900,0.000000,0
6,ArgMaxV2_Output0CastAfter,N/A,N/A,1788520315821350.260	,0.860,0.100000,0
6,GatherV2_33,N/A,N/A,1788520315821351.140	,1.880,0.140000,0
