b4c4 API ready worker_pid=2564640; preloading 665 distinct crops for 1000 requests
b4c4 crops preloaded 50/665
b4c4 crops preloaded 100/665
b4c4 crops preloaded 150/665
b4c4 crops preloaded 200/665
b4c4 crops preloaded 250/665
b4c4 crops preloaded 300/665
b4c4 crops preloaded 350/665
b4c4 crops preloaded 400/665
b4c4 crops preloaded 450/665
b4c4 crops preloaded 500/665
b4c4 crops preloaded 550/665
b4c4 crops preloaded 600/665
b4c4 crops preloaded 650/665
b4c4 crops preloaded 665/665
b4c4 payloads ready bytes=206256404
SEND b4c4 01/1000 table=page_000600_table_1 active=1
SEND b4c4 02/1000 table=page_001368_table_box_id_244 active=2
SEND b4c4 03/1000 table=page_001220_table_8 active=3
SEND b4c4 04/1000 table=page_000284_table_box_id_0 active=4
RECV b4c4 01/1000 rank=582 id=page_000600_table_1 latency=0.3123s status=ok active=3
SEND b4c4 05/1000 table=page_000900_table_4 active=4
RECV b4c4 05/1000 rank=602 id=page_000900_table_4 latency=0.1083s status=ok active=3
SEND b4c4 06/1000 table=page_001368_table_box_id_280 active=4
RECV b4c4 06/1000 rank=661 id=page_001368_table_box_id_280 latency=0.0437s status=ok active=3
SEND b4c4 07/1000 table=page_001153_table_0 active=4
RECV b4c4 02/1000 rank=444 id=page_001368_table_box_id_244 latency=0.5321s status=ok active=3
SEND b4c4 08/1000 table=page_001417_table_2 active=4
RECV b4c4 08/1000 rank=587 id=page_001417_table_2 latency=0.2158s status=ok active=3
SEND b4c4 09/1000 table=page_001368_table_box_id_159 active=4
RECV b4c4 09/1000 rank=630 id=page_001368_table_box_id_159 latency=0.0754s status=ok active=3
SEND b4c4 10/1000 table=page_000238_table_box_id_2 active=4
RECV b4c4 10/1000 rank=345 id=page_000238_table_box_id_2 latency=0.3617s status=ok active=3
SEND b4c4 11/1000 table=page_001375_table_3 active=4
RECV b4c4 11/1000 rank=565 id=page_001375_table_3 latency=0.1326s status=ok active=3
SEND b4c4 12/1000 table=page_000200_table_box_id_2 active=4
RECV b4c4 03/1000 rank=94 id=page_001220_table_8 latency=1.6098s status=ok active=3
SEND b4c4 13/1000 table=page_001147_table_10 active=4
RECV b4c4 12/1000 rank=291 id=page_000200_table_box_id_2 latency=0.4873s status=ok active=3
SEND b4c4 14/1000 table=page_000638_table_1 active=4
RECV b4c4 07/1000 rank=91 id=page_001153_table_0 latency=1.4980s status=ok active=3
SEND b4c4 15/1000 table=page_001231_table_5 active=4
RECV b4c4 14/1000 rank=254 id=page_000638_table_1 latency=0.5652s status=ok active=3
SEND b4c4 16/1000 table=page_000591_table_3 active=4
RECV b4c4 16/1000 rank=322 id=page_000591_table_3 latency=0.3858s status=ok active=3
SEND b4c4 17/1000 table=page_000509_table_0 active=4
RECV b4c4 04/1000 rank=30 id=page_000284_table_box_id_0 latency=2.8426s status=ok active=3
SEND b4c4 18/1000 table=page_001148_table_3 active=4
RECV b4c4 13/1000 rank=90 id=page_001147_table_10 latency=1.5593s status=ok active=3
SEND b4c4 19/1000 table=page_001215_table_5 active=4
RECV b4c4 15/1000 rank=56 id=page_001231_table_5 latency=1.8986s status=ok active=3
SEND b4c4 20/1000 table=page_001230_table_box_id_1 active=4
RECV b4c4 17/1000 rank=117 id=page_000509_table_0 latency=1.2022s status=ok active=3
SEND b4c4 21/1000 table=page_001155_table_4 active=4
RECV b4c4 21/1000 rank=558 id=page_001155_table_4 latency=0.1359s status=ok active=3
SEND b4c4 22/1000 table=page_000940_table_1 active=4
RECV b4c4 22/1000 rank=564 id=page_000940_table_1 latency=0.1338s status=ok active=3
SEND b4c4 23/1000 table=page_000343_table_0 active=4
RECV b4c4 18/1000 rank=88 id=page_001148_table_3 latency=1.4776s status=ok active=3
SEND b4c4 24/1000 table=page_000577_table_3 active=4
RECV b4c4 23/1000 rank=615 id=page_000343_table_0 latency=0.0990s status=ok active=3
SEND b4c4 25/1000 table=page_000355_table_3 active=4
RECV b4c4 20/1000 rank=365 id=page_001230_table_box_id_1 latency=0.4761s status=ok active=3
SEND b4c4 26/1000 table=page_001194_table_3 active=4
RECV b4c4 25/1000 rank=586 id=page_000355_table_3 latency=0.3078s status=ok active=3
SEND b4c4 27/1000 table=page_000933_table_10 active=4
RECV b4c4 24/1000 rank=382 id=page_000577_table_3 latency=0.4679s status=ok active=3
SEND b4c4 28/1000 table=page_000201_table_box_id_3 active=4
RECV b4c4 27/1000 rank=504 id=page_000933_table_10 latency=0.1916s status=ok active=3
SEND b4c4 29/1000 table=page_000236_table_box_id_5 active=4
RECV b4c4 19/1000 rank=68 id=page_001215_table_5 latency=1.8247s status=ok active=3
SEND b4c4 30/1000 table=page_000433_table_13 active=4
RECV b4c4 26/1000 rank=269 id=page_001194_table_3 latency=0.7685s status=ok active=3
SEND b4c4 31/1000 table=page_001368_table_box_id_242 active=4
RECV b4c4 28/1000 rank=463 id=page_000201_table_box_id_3 latency=0.3260s status=ok active=3
SEND b4c4 32/1000 table=page_000222_table_box_id_3 active=4
RECV b4c4 30/1000 rank=525 id=page_000433_table_13 latency=0.1882s status=ok active=3
SEND b4c4 33/1000 table=page_000702_table_5 active=4
RECV b4c4 29/1000 rank=349 id=page_000236_table_box_id_5 latency=0.5846s status=ok active=3
SEND b4c4 34/1000 table=page_000213_table_box_id_5 active=4
RECV b4c4 31/1000 rank=497 id=page_001368_table_box_id_242 latency=0.3138s status=ok active=3
SEND b4c4 35/1000 table=page_000645_table_7 active=4
RECV b4c4 33/1000 rank=552 id=page_000702_table_5 latency=0.2518s status=ok active=3
SEND b4c4 36/1000 table=page_001152_table_0 active=4
RECV b4c4 35/1000 rank=533 id=page_000645_table_7 latency=0.3746s status=ok active=3
SEND b4c4 37/1000 table=page_001368_table_box_id_255 active=4
RECV b4c4 32/1000 rank=258 id=page_000222_table_box_id_3 latency=0.7528s status=ok active=3
SEND b4c4 38/1000 table=page_000929_table_0 active=4
RECV b4c4 37/1000 rank=496 id=page_001368_table_box_id_255 latency=0.2766s status=ok active=3
SEND b4c4 39/1000 table=page_001125_table_4 active=4
RECV b4c4 34/1000 rank=215 id=page_000213_table_box_id_5 latency=0.8416s status=ok active=3
SEND b4c4 40/1000 table=page_000938_table_5 active=4
RECV b4c4 38/1000 rank=307 id=page_000929_table_0 latency=0.4739s status=ok active=3
SEND b4c4 41/1000 table=page_001367_table_71 active=4
RECV b4c4 41/1000 rank=612 id=page_001367_table_71 latency=0.1700s status=ok active=3
SEND b4c4 42/1000 table=page_001134_table_11 active=4
RECV b4c4 40/1000 rank=402 id=page_000938_table_5 latency=0.4043s status=ok active=3
SEND b4c4 43/1000 table=page_000287_table_box_id_8 active=4
RECV b4c4 39/1000 rank=218 id=page_001125_table_4 latency=0.8219s status=ok active=3
SEND b4c4 44/1000 table=page_000864_table_30 active=4
RECV b4c4 44/1000 rank=620 id=page_000864_table_30 latency=0.0888s status=ok active=3
SEND b4c4 45/1000 table=page_000258_table_box_id_5 active=4
RECV b4c4 45/1000 rank=470 id=page_000258_table_box_id_5 latency=0.2184s status=ok active=3
SEND b4c4 46/1000 table=page_000218_table_box_id_4 active=4
RECV b4c4 36/1000 rank=78 id=page_001152_table_0 latency=1.8129s status=ok active=3
SEND b4c4 47/1000 table=page_000289_table_box_id_4 active=4
RECV b4c4 42/1000 rank=149 id=page_001134_table_11 latency=1.1313s status=ok active=3
SEND b4c4 48/1000 table=page_001171_table_6 active=4
RECV b4c4 48/1000 rank=374 id=page_001171_table_6 latency=0.3304s status=ok active=3
SEND b4c4 49/1000 table=page_000533_table_5 active=4
RECV b4c4 46/1000 rank=180 id=page_000218_table_box_id_4 latency=0.7966s status=ok active=3
SEND b4c4 50/1000 table=page_000637_table_6 active=4
RECV b4c4 49/1000 rank=441 id=page_000533_table_5 latency=0.3370s status=ok active=3
SEND b4c4 51/1000 table=page_001129_table_10 active=4
RECV b4c4 51/1000 rank=192 id=page_001129_table_10 latency=0.6405s status=ok active=3
SEND b4c4 52/1000 table=page_001398_table_box-5zkimf1o active=4
RECV b4c4 52/1000 rank=518 id=page_001398_table_box-5zkimf1o latency=0.1747s status=ok active=3
SEND b4c4 53/1000 table=page_001122_table_2 active=4
RECV b4c4 53/1000 rank=426 id=page_001122_table_2 latency=0.2703s status=ok active=3
SEND b4c4 54/1000 table=page_001183_table_11 active=4
RECV b4c4 43/1000 rank=24 id=page_000287_table_box_id_8 latency=2.9369s status=ok active=3
SEND b4c4 55/1000 table=page_000928_table_17 active=4
RECV b4c4 55/1000 rank=607 id=page_000928_table_17 latency=0.1002s status=ok active=3
SEND b4c4 56/1000 table=page_001367_table_66 active=4
RECV b4c4 54/1000 rank=395 id=page_001183_table_11 latency=0.3919s status=ok active=3
SEND b4c4 57/1000 table=page_000829_table_4 active=4
RECV b4c4 57/1000 rank=491 id=page_000829_table_4 latency=0.2013s status=ok active=3
SEND b4c4 58/1000 table=page_001204_table_4 active=4
RECV b4c4 56/1000 rank=253 id=page_001367_table_66 latency=0.5908s status=ok active=3
SEND b4c4 59/1000 table=page_001368_table_box_id_218 active=4
RECV b4c4 50/1000 rank=33 id=page_000637_table_6 latency=2.4299s status=ok active=3
SEND b4c4 60/1000 table=page_001011_table_18 active=4
RECV b4c4 58/1000 rank=196 id=page_001204_table_4 latency=0.7056s status=ok active=3
SEND b4c4 61/1000 table=page_001368_table_box_id_167 active=4
RECV b4c4 61/1000 rank=644 id=page_001368_table_box_id_167 latency=0.0620s status=ok active=3
SEND b4c4 62/1000 table=page_001419_table_10 active=4
RECV b4c4 60/1000 rank=387 id=page_001011_table_18 latency=0.3417s status=ok active=3
SEND b4c4 63/1000 table=page_000793_table_8 active=4
RECV b4c4 63/1000 rank=616 id=page_000793_table_8 latency=0.1033s status=ok active=3
SEND b4c4 64/1000 table=page_000211_table_box_id_3 active=4
RECV b4c4 59/1000 rank=251 id=page_001368_table_box_id_218 latency=0.5978s status=ok active=3
SEND b4c4 65/1000 table=page_000652_table_0 active=4
RECV b4c4 62/1000 rank=464 id=page_001419_table_10 latency=0.3736s status=ok active=3
SEND b4c4 66/1000 table=page_000447_table_12 active=4
RECV b4c4 65/1000 rank=505 id=page_000652_table_0 latency=0.3844s status=ok active=3
SEND b4c4 67/1000 table=page_000766_table_2 active=4
RECV b4c4 66/1000 rank=371 id=page_000447_table_12 latency=0.3676s status=ok active=3
SEND b4c4 68/1000 table=page_001216_table_2 active=4
RECV b4c4 64/1000 rank=201 id=page_000211_table_box_id_3 latency=0.7331s status=ok active=3
SEND b4c4 69/1000 table=page_001367_table_68 active=4
RECV b4c4 47/1000 rank=14 id=page_000289_table_box_id_4 latency=4.4038s status=ok active=3
SEND b4c4 70/1000 table=page_001367_table_51 active=4
RECV b4c4 69/1000 rank=235 id=page_001367_table_68 latency=1.5251s status=ok active=3
SEND b4c4 71/1000 table=page_000265_table_box_id_3 active=4
RECV b4c4 70/1000 rank=65 id=page_001367_table_51 latency=1.5030s status=ok active=3
SEND b4c4 72/1000 table=page_000526_table_4 active=4
RECV b4c4 68/1000 rank=186 id=page_001216_table_2 latency=1.7060s status=ok active=3
SEND b4c4 73/1000 table=page_001395_table_7 active=4
RECV b4c4 72/1000 rank=410 id=page_000526_table_4 latency=0.4786s status=ok active=3
SEND b4c4 74/1000 table=page_000642_table_6 active=4
RECV b4c4 73/1000 rank=357 id=page_001395_table_7 latency=0.4468s status=ok active=3
SEND b4c4 75/1000 table=page_000658_table_32 active=4
RECV b4c4 75/1000 rank=658 id=page_000658_table_32 latency=0.1271s status=ok active=3
SEND b4c4 76/1000 table=page_000279_table_box_id_0 active=4
RECV b4c4 67/1000 rank=35 id=page_000766_table_2 latency=2.5348s status=ok active=3
SEND b4c4 77/1000 table=page_000236_table_box_id_1 active=4
RECV b4c4 71/1000 rank=165 id=page_000265_table_box_id_3 latency=1.1350s status=ok active=3
SEND b4c4 78/1000 table=page_001161_table_3 active=4
RECV b4c4 77/1000 rank=324 id=page_000236_table_box_id_1 latency=0.4735s status=ok active=3
SEND b4c4 79/1000 table=page_001163_table_0 active=4
RECV b4c4 74/1000 rank=170 id=page_000642_table_6 latency=1.0655s status=ok active=3
SEND b4c4 80/1000 table=page_000253_table_box_id_2 active=4
RECV b4c4 78/1000 rank=168 id=page_001161_table_3 latency=0.8999s status=ok active=3
SEND b4c4 81/1000 table=page_000821_table_box_id_14 active=4
RECV b4c4 80/1000 rank=236 id=page_000253_table_box_id_2 latency=0.5389s status=ok active=3
SEND b4c4 82/1000 table=page_000239_table_box_id_1 active=4
RECV b4c4 81/1000 rank=585 id=page_000821_table_box_id_14 latency=0.1214s status=ok active=3
SEND b4c4 83/1000 table=page_001035_table_28 active=4
RECV b4c4 79/1000 rank=126 id=page_001163_table_0 latency=1.2231s status=ok active=3
SEND b4c4 84/1000 table=page_001432_table_3 active=4
RECV b4c4 84/1000 rank=559 id=page_001432_table_3 latency=0.1339s status=ok active=3
SEND b4c4 85/1000 table=page_000205_table_box_id_11 active=4
RECV b4c4 83/1000 rank=230 id=page_001035_table_28 latency=0.6696s status=ok active=3
SEND b4c4 86/1000 table=page_000676_table_2 active=4
RECV b4c4 82/1000 rank=204 id=page_000239_table_box_id_1 latency=0.7616s status=ok active=3
SEND b4c4 87/1000 table=page_001378_table_box_id_1 active=4
RECV b4c4 85/1000 rank=317 id=page_000205_table_box_id_11 latency=0.4009s status=ok active=3
SEND b4c4 88/1000 table=page_001089_table_box_id_16 active=4
RECV b4c4 87/1000 rank=398 id=page_001378_table_box_id_1 latency=0.5563s status=ok active=3
SEND b4c4 89/1000 table=page_000273_table_box_id_1 active=4
RECV b4c4 88/1000 rank=256 id=page_001089_table_box_id_16 latency=0.6049s status=ok active=3
SEND b4c4 90/1000 table=page_000223_table_box_id_4 active=4
RECV b4c4 90/1000 rank=606 id=page_000223_table_box_id_4 latency=0.2095s status=ok active=3
SEND b4c4 91/1000 table=page_000224_table_box_id_6 active=4
RECV b4c4 86/1000 rank=112 id=page_000676_table_2 latency=1.3201s status=ok active=3
SEND b4c4 92/1000 table=page_000918_table_5 active=4
RECV b4c4 92/1000 rank=513 id=page_000918_table_5 latency=0.1818s status=ok active=3
SEND b4c4 93/1000 table=page_000781_table_0 active=4
RECV b4c4 91/1000 rank=202 id=page_000224_table_box_id_6 latency=0.6780s status=ok active=3
SEND b4c4 94/1000 table=page_001498_table_14 active=4
RECV b4c4 93/1000 rank=619 id=page_000781_table_0 latency=0.0882s status=ok active=3
SEND b4c4 95/1000 table=page_000652_table_3 active=4
RECV b4c4 95/1000 rank=626 id=page_000652_table_3 latency=0.1952s status=ok active=3
SEND b4c4 96/1000 table=page_001181_table_6 active=4
RECV b4c4 94/1000 rank=443 id=page_001498_table_14 latency=0.2742s status=ok active=3
SEND b4c4 97/1000 table=page_000593_table_0 active=4
RECV b4c4 97/1000 rank=158 id=page_000593_table_0 latency=0.8328s status=ok active=3
SEND b4c4 98/1000 table=page_001375_table_1 active=4
RECV b4c4 76/1000 rank=01 id=page_000279_table_box_id_0 latency=5.2713s status=ok active=3
SEND b4c4 99/1000 table=page_000720_table_3 active=4
RECV b4c4 99/1000 rank=574 id=page_000720_table_3 latency=0.1275s status=ok active=3
SEND b4c4 100/1000 table=page_000182_table_box_id_2 active=4
RECV b4c4 96/1000 rank=72 id=page_001181_table_6 latency=1.4619s status=ok active=3
SEND b4c4 101/1000 table=page_000245_table_box_id_0 active=4
RECV b4c4 100/1000 rank=297 id=page_000182_table_box_id_2 latency=0.4888s status=ok active=3
SEND b4c4 102/1000 table=page_000266_table_box_id_7 active=4
RECV b4c4 89/1000 rank=22 id=page_000273_table_box_id_1 latency=3.1421s status=ok active=3
SEND b4c4 103/1000 table=page_001208_table_12 active=4
RECV b4c4 102/1000 rank=509 id=page_000266_table_box_id_7 latency=0.2236s status=ok active=3
SEND b4c4 104/1000 table=page_000214_table_box_id_6 active=4
RECV b4c4 98/1000 rank=111 id=page_001375_table_1 latency=1.2882s status=ok active=3
SEND b4c4 105/1000 table=page_000514_table_8 active=4
RECV b4c4 103/1000 rank=388 id=page_001208_table_12 latency=0.4901s status=ok active=3
SEND b4c4 106/1000 table=page_001398_table_box-13qv1ztw active=4
RECV b4c4 101/1000 rank=177 id=page_000245_table_box_id_0 latency=0.9848s status=ok active=3
SEND b4c4 107/1000 table=page_000668_table_15 active=4
RECV b4c4 107/1000 rank=613 id=page_000668_table_15 latency=0.1127s status=ok active=3
SEND b4c4 108/1000 table=page_000641_table_8 active=4
RECV b4c4 105/1000 rank=411 id=page_000514_table_8 latency=0.4688s status=ok active=3
SEND b4c4 109/1000 table=page_000419_table_4 active=4
RECV b4c4 106/1000 rank=511 id=page_001398_table_box-13qv1ztw latency=0.2278s status=ok active=3
SEND b4c4 110/1000 table=page_001398_table_box-l1p3lf8a active=4
RECV b4c4 108/1000 rank=539 id=page_000641_table_8 latency=0.1533s status=ok active=3
SEND b4c4 111/1000 table=page_000800_table_12 active=4
RECV b4c4 111/1000 rank=655 id=page_000800_table_12 latency=0.2413s status=ok active=3
SEND b4c4 112/1000 table=page_000742_table_5 active=4
RECV b4c4 110/1000 rank=534 id=page_001398_table_box-l1p3lf8a latency=0.4695s status=ok active=3
SEND b4c4 113/1000 table=page_000844_table_6 active=4
RECV b4c4 112/1000 rank=327 id=page_000742_table_5 latency=0.4683s status=ok active=3
SEND b4c4 114/1000 table=page_000291_table_box_id_0 active=4
RECV b4c4 104/1000 rank=141 id=page_000214_table_box_id_6 latency=1.3099s status=ok active=3
SEND b4c4 115/1000 table=page_001274_table_4 active=4
RECV b4c4 113/1000 rank=341 id=page_000844_table_6 latency=0.3793s status=ok active=3
SEND b4c4 116/1000 table=page_000918_table_6 active=4
RECV b4c4 109/1000 rank=160 id=page_000419_table_4 latency=1.2097s status=ok active=3
SEND b4c4 117/1000 table=page_001142_table_13 active=4
RECV b4c4 116/1000 rank=577 id=page_000918_table_6 latency=0.3454s status=ok active=3
SEND b4c4 118/1000 table=page_001192_table_2 active=4
RECV b4c4 117/1000 rank=459 id=page_001142_table_13 latency=0.3191s status=ok active=3
SEND b4c4 119/1000 table=page_001368_table_box_id_257 active=4
RECV b4c4 119/1000 rank=473 id=page_001368_table_box_id_257 latency=0.2085s status=ok active=3
SEND b4c4 120/1000 table=page_000264_table_box_id_5 active=4
RECV b4c4 118/1000 rank=81 id=page_001192_table_2 latency=1.3608s status=ok active=3
SEND b4c4 121/1000 table=page_001368_table_box_id_263 active=4
RECV b4c4 121/1000 rank=191 id=page_001368_table_box_id_263 latency=0.6307s status=ok active=3
SEND b4c4 122/1000 table=page_000647_table_5 active=4
RECV b4c4 122/1000 rank=302 id=page_000647_table_5 latency=0.4056s status=ok active=3
SEND b4c4 123/1000 table=page_001127_table_4 active=4
RECV b4c4 120/1000 rank=36 id=page_000264_table_box_id_5 latency=2.1074s status=ok active=3
SEND b4c4 124/1000 table=page_001637_table_5 active=4
RECV b4c4 124/1000 rank=603 id=page_001637_table_5 latency=0.1060s status=ok active=3
SEND b4c4 125/1000 table=page_001368_table_box_id_268 active=4
RECV b4c4 125/1000 rank=665 id=page_001368_table_box_id_268 latency=0.0434s status=ok active=3
SEND b4c4 126/1000 table=page_001130_table_13 active=4
RECV b4c4 126/1000 rank=531 id=page_001130_table_13 latency=0.1582s status=ok active=3
SEND b4c4 127/1000 table=page_001368_table_box_id_273 active=4
RECV b4c4 123/1000 rank=273 id=page_001127_table_4 latency=0.5790s status=ok active=3
SEND b4c4 128/1000 table=page_001193_table_4 active=4
RECV b4c4 127/1000 rank=570 id=page_001368_table_box_id_273 latency=0.1892s status=ok active=3
SEND b4c4 129/1000 table=page_000710_table_9 active=4
RECV b4c4 129/1000 rank=514 id=page_000710_table_9 latency=0.1798s status=ok active=3
SEND b4c4 130/1000 table=page_001368_table_box_id_165 active=4
RECV b4c4 130/1000 rank=604 id=page_001368_table_box_id_165 latency=0.0984s status=ok active=3
SEND b4c4 131/1000 table=page_000195_table_box_id_0 active=4
RECV b4c4 128/1000 rank=342 id=page_001193_table_4 latency=0.4589s status=ok active=3
SEND b4c4 132/1000 table=page_001342_table_2 active=4
RECV b4c4 115/1000 rank=17 id=page_001274_table_4 latency=3.8961s status=ok active=3
SEND b4c4 133/1000 table=page_000743_table_4 active=4
RECV b4c4 133/1000 rank=581 id=page_000743_table_4 latency=0.3639s status=ok active=3
SEND b4c4 134/1000 table=page_001367_table_3 active=4
RECV b4c4 132/1000 rank=185 id=page_001342_table_2 latency=0.8418s status=ok active=3
SEND b4c4 135/1000 table=page_001209_table_4 active=4
RECV b4c4 131/1000 rank=169 id=page_000195_table_box_id_0 latency=0.9649s status=ok active=3
SEND b4c4 136/1000 table=page_000287_table_box_id_1 active=4
RECV b4c4 135/1000 rank=524 id=page_001209_table_4 latency=0.2381s status=ok active=3
SEND b4c4 137/1000 table=page_000233_table_box_id_2 active=4
RECV b4c4 114/1000 rank=07 id=page_000291_table_box_id_0 latency=5.2170s status=ok active=3
SEND b4c4 138/1000 table=page_000789_table_34 active=4
RECV b4c4 138/1000 rank=639 id=page_000789_table_34 latency=0.0709s status=ok active=3
SEND b4c4 139/1000 table=page_001147_table_5 active=4
RECV b4c4 134/1000 rank=101 id=page_001367_table_3 latency=1.3753s status=ok active=3
SEND b4c4 140/1000 table=page_000833_table_4 active=4
RECV b4c4 136/1000 rank=154 id=page_000287_table_box_id_1 latency=0.9832s status=ok active=3
SEND b4c4 141/1000 table=page_001186_table_10 active=4
RECV b4c4 140/1000 rank=352 id=page_000833_table_4 latency=0.4574s status=ok active=3
SEND b4c4 142/1000 table=page_001271_table_4 active=4
RECV b4c4 141/1000 rank=372 id=page_001186_table_10 latency=0.3853s status=ok active=3
SEND b4c4 143/1000 table=page_001167_table_2 active=4
RECV b4c4 143/1000 rank=422 id=page_001167_table_2 latency=0.4342s status=ok active=3
SEND b4c4 144/1000 table=page_000206_table_box_id_1 active=4
RECV b4c4 144/1000 rank=309 id=page_000206_table_box_id_1 latency=0.3904s status=ok active=3
SEND b4c4 145/1000 table=page_000234_table_box_id_5 active=4
RECV b4c4 139/1000 rank=47 id=page_001147_table_5 latency=2.0885s status=ok active=3
SEND b4c4 146/1000 table=page_000205_table_box_id_13 active=4
RECV b4c4 137/1000 rank=38 id=page_000233_table_box_id_2 latency=2.4383s status=ok active=3
SEND b4c4 147/1000 table=page_001595_table_box_id_14 active=4
RECV b4c4 146/1000 rank=282 id=page_000205_table_box_id_13 latency=0.5193s status=ok active=3
SEND b4c4 148/1000 table=page_000632_table_0 active=4
RECV b4c4 147/1000 rank=214 id=page_001595_table_box_id_14 latency=0.5805s status=ok active=3
SEND b4c4 149/1000 table=page_001140_table_12 active=4
RECV b4c4 149/1000 rank=401 id=page_001140_table_12 latency=0.3574s status=ok active=3
SEND b4c4 150/1000 table=page_000683_table_8 active=4
RECV b4c4 145/1000 rank=97 id=page_000234_table_box_id_5 latency=1.4276s status=ok active=3
SEND b4c4 151/1000 table=page_000755_table_3 active=4
RECV b4c4 150/1000 rank=589 id=page_000683_table_8 latency=0.1220s status=ok active=3
SEND b4c4 152/1000 table=page_000495_table_9 active=4
RECV b4c4 151/1000 rank=553 id=page_000755_table_3 latency=0.2065s status=ok active=3
SEND b4c4 153/1000 table=page_000861_table_17 active=4
RECV b4c4 142/1000 rank=27 id=page_001271_table_4 latency=2.6931s status=ok active=3
SEND b4c4 154/1000 table=page_000503_table_1 active=4
RECV b4c4 152/1000 rank=164 id=page_000495_table_9 latency=0.9158s status=ok active=3
SEND b4c4 155/1000 table=page_000420_table_0 active=4
RECV b4c4 153/1000 rank=156 id=page_000861_table_17 latency=0.9523s status=ok active=3
SEND b4c4 156/1000 table=page_000920_table_8 active=4
RECV b4c4 154/1000 rank=206 id=page_000503_table_1 latency=1.0275s status=ok active=3
SEND b4c4 157/1000 table=page_001176_table_4 active=4
RECV b4c4 155/1000 rank=305 id=page_000420_table_0 latency=0.5020s status=ok active=3
SEND b4c4 158/1000 table=page_001123_table_14 active=4
RECV b4c4 156/1000 rank=368 id=page_000920_table_8 latency=0.3518s status=ok active=3
SEND b4c4 159/1000 table=page_000683_table_5 active=4
RECV b4c4 148/1000 rank=55 id=page_000632_table_0 latency=2.2308s status=ok active=3
SEND b4c4 160/1000 table=page_000286_table_box_id_1 active=4
RECV b4c4 159/1000 rank=596 id=page_000683_table_5 latency=0.2036s status=ok active=3
SEND b4c4 161/1000 table=page_000324_table_0 active=4
RECV b4c4 158/1000 rank=413 id=page_001123_table_14 latency=0.6255s status=ok active=3
SEND b4c4 162/1000 table=page_000937_table_1 active=4
RECV b4c4 161/1000 rank=414 id=page_000324_table_0 latency=0.4151s status=ok active=3
SEND b4c4 163/1000 table=page_000507_table_6 active=4
RECV b4c4 162/1000 rank=415 id=page_000937_table_1 latency=0.3832s status=ok active=3
SEND b4c4 164/1000 table=page_000227_table_box_id_1 active=4
RECV b4c4 157/1000 rank=122 id=page_001176_table_4 latency=1.4423s status=ok active=3
SEND b4c4 165/1000 table=page_001368_table_box_id_250 active=4
RECV b4c4 163/1000 rank=176 id=page_000507_table_6 latency=0.7956s status=ok active=3
SEND b4c4 166/1000 table=page_001011_table_30 active=4
RECV b4c4 165/1000 rank=486 id=page_001368_table_box_id_250 latency=0.2809s status=ok active=3
SEND b4c4 167/1000 table=page_001506_table_14 active=4
RECV b4c4 167/1000 rank=549 id=page_001506_table_14 latency=0.1483s status=ok active=3
SEND b4c4 168/1000 table=page_001164_table_9 active=4
RECV b4c4 164/1000 rank=124 id=page_000227_table_box_id_1 latency=1.1755s status=ok active=3
SEND b4c4 169/1000 table=page_001376_table_5 active=4
RECV b4c4 169/1000 rank=437 id=page_001376_table_5 latency=0.2589s status=ok active=3
SEND b4c4 170/1000 table=page_000814_table_0 active=4
RECV b4c4 170/1000 rank=614 id=page_000814_table_0 latency=0.0940s status=ok active=3
SEND b4c4 171/1000 table=page_000866_table_1 active=4
RECV b4c4 166/1000 rank=142 id=page_001011_table_30 latency=1.0701s status=ok active=3
SEND b4c4 172/1000 table=page_001522_table_8 active=4
RECV b4c4 171/1000 rank=434 id=page_000866_table_1 latency=0.3480s status=ok active=3
SEND b4c4 173/1000 table=page_000418_table_3 active=4
RECV b4c4 172/1000 rank=234 id=page_001522_table_8 latency=0.6221s status=ok active=3
SEND b4c4 174/1000 table=page_000631_table_0 active=4
RECV b4c4 173/1000 rank=205 id=page_000418_table_3 latency=0.6672s status=ok active=3
SEND b4c4 175/1000 table=page_000267_table_box_id_1 active=4
RECV b4c4 168/1000 rank=45 id=page_001164_table_9 latency=2.1717s status=ok active=3
SEND b4c4 176/1000 table=page_001368_table_box_id_239 active=4
RECV b4c4 174/1000 rank=147 id=page_000631_table_0 latency=0.9219s status=ok active=3
SEND b4c4 177/1000 table=page_000946_table_14 active=4
RECV b4c4 176/1000 rank=512 id=page_001368_table_box_id_239 latency=0.2400s status=ok active=3
SEND b4c4 178/1000 table=page_001375_table_7 active=4
RECV b4c4 177/1000 rank=461 id=page_000946_table_14 latency=0.2826s status=ok active=3
SEND b4c4 179/1000 table=page_000274_table_box_id_0 active=4
RECV b4c4 178/1000 rank=458 id=page_001375_table_7 latency=0.2912s status=ok active=3
SEND b4c4 180/1000 table=page_001637_table_4 active=4
RECV b4c4 180/1000 rank=599 id=page_001637_table_4 latency=0.1059s status=ok active=3
SEND b4c4 181/1000 table=page_000256_table_box_id_3 active=4
RECV b4c4 160/1000 rank=15 id=page_000286_table_box_id_1 latency=4.5955s status=ok active=3
SEND b4c4 182/1000 table=page_001413_table_7 active=4
RECV b4c4 181/1000 rank=353 id=page_000256_table_box_id_3 latency=0.3914s status=ok active=3
SEND b4c4 183/1000 table=page_001368_table_box_id_276 active=4
RECV b4c4 182/1000 rank=484 id=page_001413_table_7 latency=0.2014s status=ok active=3
SEND b4c4 184/1000 table=page_000763_table_7 active=4
RECV b4c4 184/1000 rank=647 id=page_000763_table_7 latency=0.0814s status=ok active=3
SEND b4c4 185/1000 table=page_000826_table_32 active=4
RECV b4c4 183/1000 rank=638 id=page_001368_table_box_id_276 latency=0.0947s status=ok active=3
SEND b4c4 186/1000 table=page_000225_table_box_id_13 active=4
RECV b4c4 185/1000 rank=578 id=page_000826_table_32 latency=0.2079s status=ok active=3
SEND b4c4 187/1000 table=page_000226_table_box_id_5 active=4
RECV b4c4 175/1000 rank=62 id=page_000267_table_box_id_1 latency=2.0475s status=ok active=3
SEND b4c4 188/1000 table=page_000697_table_9 active=4
RECV b4c4 179/1000 rank=139 id=page_000274_table_box_id_0 latency=1.2251s status=ok active=3
SEND b4c4 189/1000 table=page_000434_table_15 active=4
RECV b4c4 187/1000 rank=405 id=page_000226_table_box_id_5 latency=0.3221s status=ok active=3
SEND b4c4 190/1000 table=page_000451_table_12 active=4
RECV b4c4 188/1000 rank=489 id=page_000697_table_9 latency=0.3496s status=ok active=3
SEND b4c4 191/1000 table=page_000799_table_6 active=4
RECV b4c4 186/1000 rank=200 id=page_000225_table_box_id_13 latency=0.9567s status=ok active=3
SEND b4c4 192/1000 table=page_001117_table_box_id_7 active=4
RECV b4c4 189/1000 rank=267 id=page_000434_table_15 latency=0.6732s status=ok active=3
SEND b4c4 193/1000 table=page_000268_table_box_id_2 active=4
RECV b4c4 192/1000 rank=483 id=page_001117_table_box_id_7 latency=0.2029s status=ok active=3
SEND b4c4 194/1000 table=page_000534_table_4 active=4
RECV b4c4 191/1000 rank=400 id=page_000799_table_6 latency=0.3577s status=ok active=3
SEND b4c4 195/1000 table=page_000984_table_3 active=4
RECV b4c4 190/1000 rank=74 id=page_000451_table_12 latency=1.1545s status=ok active=3
SEND b4c4 196/1000 table=page_001125_table_2 active=4
RECV b4c4 195/1000 rank=238 id=page_000984_table_3 latency=0.6980s status=ok active=3
SEND b4c4 197/1000 table=page_000250_table_box_id_4 active=4
RECV b4c4 194/1000 rank=221 id=page_000534_table_4 latency=0.7310s status=ok active=3
SEND b4c4 198/1000 table=page_000220_table_box_id_10 active=4
RECV b4c4 196/1000 rank=261 id=page_001125_table_2 latency=0.6118s status=ok active=3
SEND b4c4 199/1000 table=page_000465_table_8 active=4
RECV b4c4 198/1000 rank=406 id=page_000220_table_box_id_10 latency=0.4118s status=ok active=3
SEND b4c4 200/1000 table=page_000903_table_15 active=4
RECV b4c4 193/1000 rank=133 id=page_000268_table_box_id_2 latency=1.3402s status=ok active=3
SEND b4c4 201/1000 table=page_001493_table_box_id_19 active=4
RECV b4c4 200/1000 rank=522 id=page_000903_table_15 latency=0.2045s status=ok active=3
SEND b4c4 202/1000 table=page_000266_table_box_id_9 active=4
RECV b4c4 201/1000 rank=536 id=page_001493_table_box_id_19 latency=0.1970s status=ok active=3
SEND b4c4 203/1000 table=page_001133_table_3 active=4
RECV b4c4 202/1000 rank=479 id=page_000266_table_box_id_9 latency=0.2269s status=ok active=3
SEND b4c4 204/1000 table=page_001164_table_2 active=4
RECV b4c4 199/1000 rank=331 id=page_000465_table_8 latency=0.5923s status=ok active=3
SEND b4c4 205/1000 table=page_000552_table_9 active=4
RECV b4c4 205/1000 rank=579 id=page_000552_table_9 latency=0.1768s status=ok active=3
SEND b4c4 206/1000 table=page_000288_table_box_id_1 active=4
RECV b4c4 197/1000 rank=86 id=page_000250_table_box_id_4 latency=1.7191s status=ok active=3
SEND b4c4 207/1000 table=page_000268_table_box_id_4 active=4
RECV b4c4 203/1000 rank=123 id=page_001133_table_3 latency=1.2073s status=ok active=3
SEND b4c4 208/1000 table=page_000937_table_0 active=4
RECV b4c4 207/1000 rank=361 id=page_000268_table_box_id_4 latency=0.3680s status=ok active=3
SEND b4c4 209/1000 table=page_001189_table_box_id_2 active=4
RECV b4c4 208/1000 rank=350 id=page_000937_table_0 latency=0.4054s status=ok active=3
SEND b4c4 210/1000 table=page_000202_table_box_id_0 active=4
RECV b4c4 209/1000 rank=423 id=page_001189_table_box_id_2 latency=0.3487s status=ok active=3
SEND b4c4 211/1000 table=page_000641_table_5 active=4
RECV b4c4 211/1000 rank=485 id=page_000641_table_5 latency=0.3361s status=ok active=3
SEND b4c4 212/1000 table=page_000256_table_box_id_12 active=4
RECV b4c4 210/1000 rank=326 id=page_000202_table_box_id_0 latency=0.4786s status=ok active=3
SEND b4c4 213/1000 table=page_000425_table_3 active=4
RECV b4c4 212/1000 rank=369 id=page_000256_table_box_id_12 latency=0.4372s status=ok active=3
SEND b4c4 214/1000 table=page_000984_table_2 active=4
RECV b4c4 214/1000 rank=625 id=page_000984_table_2 latency=0.0847s status=ok active=3
SEND b4c4 215/1000 table=page_001119_table_box_id_2 active=4
RECV b4c4 204/1000 rank=40 id=page_001164_table_2 latency=2.5902s status=ok active=3
SEND b4c4 216/1000 table=page_001121_table_7 active=4
RECV b4c4 216/1000 rank=427 id=page_001121_table_7 latency=0.2675s status=ok active=3
SEND b4c4 217/1000 table=page_000661_table_4 active=4
RECV b4c4 217/1000 rank=663 id=page_000661_table_4 latency=0.0437s status=ok active=3
SEND b4c4 218/1000 table=page_000255_table_box_id_2 active=4
RECV b4c4 215/1000 rank=272 id=page_001119_table_box_id_2 latency=0.5156s status=ok active=3
SEND b4c4 219/1000 table=page_001128_table_2 active=4
RECV b4c4 213/1000 rank=138 id=page_000425_table_3 latency=1.2136s status=ok active=3
SEND b4c4 220/1000 table=page_000292_table_box_id_1 active=4
RECV b4c4 219/1000 rank=144 id=page_001128_table_2 latency=0.9462s status=ok active=3
SEND b4c4 221/1000 table=page_000465_table_10 active=4
RECV b4c4 221/1000 rank=339 id=page_000465_table_10 latency=0.3686s status=ok active=3
SEND b4c4 222/1000 table=page_001132_table_box_id_10 active=4
RECV b4c4 222/1000 rank=227 id=page_001132_table_box_id_10 latency=0.5307s status=ok active=3
SEND b4c4 223/1000 table=page_001082_table_23 active=4
RECV b4c4 218/1000 rank=42 id=page_000255_table_box_id_2 latency=2.1046s status=ok active=3
SEND b4c4 224/1000 table=page_000758_table_21 active=4
RECV b4c4 224/1000 rank=636 id=page_000758_table_21 latency=0.0715s status=ok active=3
SEND b4c4 225/1000 table=page_001219_table_box_id_1 active=4
RECV b4c4 223/1000 rank=316 id=page_001082_table_23 latency=0.5061s status=ok active=3
SEND b4c4 226/1000 table=page_000982_table_16 active=4
RECV b4c4 206/1000 rank=08 id=page_000288_table_box_id_1 latency=5.1083s status=ok active=3
SEND b4c4 227/1000 table=page_001233_table_6 active=4
RECV b4c4 226/1000 rank=495 id=page_000982_table_16 latency=0.2533s status=ok active=3
SEND b4c4 228/1000 table=page_000466_table_0 active=4
RECV b4c4 220/1000 rank=25 id=page_000292_table_box_id_1 latency=2.6569s status=ok active=3
SEND b4c4 229/1000 table=page_000677_table_23 active=4
RECV b4c4 229/1000 rank=642 id=page_000677_table_23 latency=0.0660s status=ok active=3
SEND b4c4 230/1000 table=page_000237_table_box_id_3 active=4
RECV b4c4 227/1000 rank=241 id=page_001233_table_6 latency=0.6156s status=ok active=3
SEND b4c4 231/1000 table=page_000526_table_7 active=4
RECV b4c4 231/1000 rank=438 id=page_000526_table_7 latency=0.3361s status=ok active=3
SEND b4c4 232/1000 table=page_000298_table_5 active=4
RECV b4c4 232/1000 rank=274 id=page_000298_table_5 latency=0.4475s status=ok active=3
SEND b4c4 233/1000 table=page_001499_table_12 active=4
RECV b4c4 225/1000 rank=50 id=page_001219_table_box_id_1 latency=2.1169s status=ok active=3
SEND b4c4 234/1000 table=page_001432_table_20 active=4
RECV b4c4 230/1000 rank=108 id=page_000237_table_box_id_3 latency=1.2287s status=ok active=3
SEND b4c4 235/1000 table=page_001136_table_4 active=4
RECV b4c4 233/1000 rank=321 id=page_001499_table_12 latency=0.4597s status=ok active=3
SEND b4c4 236/1000 table=page_001368_table_box_id_237 active=4
RECV b4c4 234/1000 rank=560 id=page_001432_table_20 latency=0.1971s status=ok active=3
SEND b4c4 237/1000 table=page_000467_table_17 active=4
RECV b4c4 236/1000 rank=468 id=page_001368_table_box_id_237 latency=0.2590s status=ok active=3
SEND b4c4 238/1000 table=page_000745_table_2 active=4
RECV b4c4 235/1000 rank=407 id=page_001136_table_4 latency=0.3813s status=ok active=3
SEND b4c4 239/1000 table=page_000523_table_1 active=4
RECV b4c4 228/1000 rank=51 id=page_000466_table_0 latency=2.0650s status=ok active=3
SEND b4c4 240/1000 table=page_000297_table_5 active=4
RECV b4c4 238/1000 rank=455 id=page_000745_table_2 latency=0.3703s status=ok active=3
SEND b4c4 241/1000 table=page_000524_table_0 active=4
RECV b4c4 239/1000 rank=471 id=page_000523_table_1 latency=0.4325s status=ok active=3
SEND b4c4 242/1000 table=page_000657_table_6 active=4
RECV b4c4 242/1000 rank=659 id=page_000657_table_6 latency=0.1201s status=ok active=3
SEND b4c4 243/1000 table=page_000520_table_6 active=4
RECV b4c4 243/1000 rank=378 id=page_000520_table_6 latency=0.3301s status=ok active=3
SEND b4c4 244/1000 table=page_000203_table_box_id_3 active=4
RECV b4c4 240/1000 rank=175 id=page_000297_table_5 latency=0.9170s status=ok active=3
SEND b4c4 245/1000 table=page_000522_table_1 active=4
RECV b4c4 237/1000 rank=120 id=page_000467_table_17 latency=1.4720s status=ok active=3
SEND b4c4 246/1000 table=page_000246_table_box_id_6 active=4
RECV b4c4 245/1000 rank=452 id=page_000522_table_1 latency=0.3494s status=ok active=3
SEND b4c4 247/1000 table=page_000261_table_box_id_3 active=4
RECV b4c4 246/1000 rank=575 id=page_000246_table_box_id_6 latency=0.1264s status=ok active=3
SEND b4c4 248/1000 table=page_000106_table_box_id_2 active=4
RECV b4c4 241/1000 rank=140 id=page_000524_table_0 latency=1.1188s status=ok active=3
SEND b4c4 249/1000 table=page_000603_table_7 active=4
RECV b4c4 249/1000 rank=403 id=page_000603_table_7 latency=0.4094s status=ok active=3
SEND b4c4 250/1000 table=page_000721_table_19 active=4
RECV b4c4 250/1000 rank=583 id=page_000721_table_19 latency=0.1251s status=ok active=3
SEND b4c4 251/1000 table=page_000634_table_11 active=4
RECV b4c4 248/1000 rank=208 id=page_000106_table_box_id_2 latency=0.8456s status=ok active=3
SEND b4c4 252/1000 table=page_001149_table_0 active=4
RECV b4c4 251/1000 rank=225 id=page_000634_table_11 latency=0.6288s status=ok active=3
SEND b4c4 253/1000 table=page_001368_table_box_id_220 active=4
RECV b4c4 253/1000 rank=530 id=page_001368_table_box_id_220 latency=0.1531s status=ok active=3
SEND b4c4 254/1000 table=page_000841_table_28 active=4
RECV b4c4 252/1000 rank=223 id=page_001149_table_0 latency=0.5869s status=ok active=3
SEND b4c4 255/1000 table=page_001158_table_3 active=4
RECV b4c4 244/1000 rank=64 id=page_000203_table_box_id_3 latency=1.9607s status=ok active=3
SEND b4c4 256/1000 table=page_000201_table_box-w2ehqidz active=4
RECV b4c4 254/1000 rank=633 id=page_000841_table_28 latency=0.0779s status=ok active=3
SEND b4c4 257/1000 table=page_000913_table_11 active=4
RECV b4c4 257/1000 rank=510 id=page_000913_table_11 latency=0.3438s status=ok active=3
SEND b4c4 258/1000 table=page_000554_table_0 active=4
RECV b4c4 258/1000 rank=566 id=page_000554_table_0 latency=0.1335s status=ok active=3
SEND b4c4 259/1000 table=page_001190_table_8 active=4
RECV b4c4 255/1000 rank=325 id=page_001158_table_3 latency=0.6016s status=ok active=3
SEND b4c4 260/1000 table=page_000785_table_7 active=4
RECV b4c4 247/1000 rank=54 id=page_000261_table_box_id_3 latency=2.2475s status=ok active=3
SEND b4c4 261/1000 table=page_000915_table_2 active=4
RECV b4c4 256/1000 rank=228 id=page_000201_table_box-w2ehqidz latency=0.7792s status=ok active=3
SEND b4c4 262/1000 table=page_001172_table_16 active=4
RECV b4c4 260/1000 rank=545 id=page_000785_table_7 latency=0.1839s status=ok active=3
SEND b4c4 263/1000 table=page_000295_table_box_id_1 active=4
RECV b4c4 261/1000 rank=611 id=page_000915_table_2 latency=0.0995s status=ok active=3
SEND b4c4 264/1000 table=page_000647_table_6 active=4
RECV b4c4 264/1000 rank=563 id=page_000647_table_6 latency=0.3298s status=ok active=3
SEND b4c4 265/1000 table=page_001129_table_9 active=4
RECV b4c4 262/1000 rank=337 id=page_001172_table_16 latency=0.5636s status=ok active=3
SEND b4c4 266/1000 table=page_000268_table_box_id_6 active=4
RECV b4c4 259/1000 rank=193 id=page_001190_table_8 latency=1.0222s status=ok active=3
SEND b4c4 267/1000 table=page_000216_table_box_id_0 active=4
RECV b4c4 265/1000 rank=362 id=page_001129_table_9 latency=0.4200s status=ok active=3
SEND b4c4 268/1000 table=page_001125_table_9 active=4
RECV b4c4 266/1000 rank=375 id=page_000268_table_box_id_6 latency=0.5018s status=ok active=3
SEND b4c4 269/1000 table=page_000294_table_box_id_1 active=4
RECV b4c4 268/1000 rank=89 id=page_001125_table_9 latency=1.2917s status=ok active=3
SEND b4c4 270/1000 table=page_001134_table_10 active=4
RECV b4c4 269/1000 rank=84 id=page_000294_table_box_id_1 latency=1.2777s status=ok active=3
SEND b4c4 271/1000 table=page_000277_table_box_id_1 active=4
RECV b4c4 270/1000 rank=134 id=page_001134_table_10 latency=0.9731s status=ok active=3
SEND b4c4 272/1000 table=page_000206_table_box_id_9 active=4
RECV b4c4 272/1000 rank=293 id=page_000206_table_box_id_9 latency=0.4194s status=ok active=3
SEND b4c4 273/1000 table=page_001375_table_31 active=4
RECV b4c4 267/1000 rank=23 id=page_000216_table_box_id_0 latency=2.7736s status=ok active=3
SEND b4c4 274/1000 table=page_000823_table_8 active=4
RECV b4c4 273/1000 rank=631 id=page_001375_table_31 latency=0.1036s status=ok active=3
SEND b4c4 275/1000 table=page_000635_table_0 active=4
RECV b4c4 274/1000 rank=637 id=page_000823_table_8 latency=0.0716s status=ok active=3
SEND b4c4 276/1000 table=page_000260_table_box_id_0 active=4
RECV b4c4 276/1000 rank=183 id=page_000260_table_box_id_0 latency=0.7036s status=ok active=3
SEND b4c4 277/1000 table=page_000532_table_5 active=4
RECV b4c4 275/1000 rank=179 id=page_000635_table_0 latency=0.7498s status=ok active=3
SEND b4c4 278/1000 table=page_000665_table_7 active=4
RECV b4c4 278/1000 rank=664 id=page_000665_table_7 latency=0.1186s status=ok active=3
SEND b4c4 279/1000 table=page_000208_table_box_id_7 active=4
RECV b4c4 277/1000 rank=404 id=page_000532_table_5 latency=0.4173s status=ok active=3
SEND b4c4 280/1000 table=page_000178_table_box_id_1 active=4
RECV b4c4 279/1000 rank=292 id=page_000208_table_box_id_7 latency=0.5073s status=ok active=3
SEND b4c4 281/1000 table=page_000612_table_6 active=4
RECV b4c4 263/1000 rank=10 id=page_000295_table_box_id_1 latency=4.9603s status=ok active=3
SEND b4c4 282/1000 table=page_000942_table_3 active=4
RECV b4c4 282/1000 rank=279 id=page_000942_table_3 latency=0.4520s status=ok active=3
SEND b4c4 283/1000 table=page_001166_table_5 active=4
RECV b4c4 281/1000 rank=295 id=page_000612_table_6 latency=0.5084s status=ok active=3
SEND b4c4 284/1000 table=page_000250_table_box-stnne6dt active=4
RECV b4c4 283/1000 rank=472 id=page_001166_table_5 latency=0.3048s status=ok active=3
SEND b4c4 285/1000 table=page_001270_table_box_id_1 active=4
RECV b4c4 280/1000 rank=103 id=page_000178_table_box_id_1 latency=1.4235s status=ok active=3
SEND b4c4 286/1000 table=page_001169_table_11 active=4
RECV b4c4 286/1000 rank=521 id=page_001169_table_11 latency=0.1708s status=ok active=3
SEND b4c4 287/1000 table=page_001154_table_10 active=4
RECV b4c4 287/1000 rank=245 id=page_001154_table_10 latency=0.4872s status=ok active=3
SEND b4c4 288/1000 table=page_000938_table_3 active=4
RECV b4c4 284/1000 rank=93 id=page_000250_table_box-stnne6dt latency=1.3324s status=ok active=3
SEND b4c4 289/1000 table=page_000190_table_box_id_0 active=4
RECV b4c4 271/1000 rank=13 id=page_000277_table_box_id_1 latency=4.7283s status=ok active=3
SEND b4c4 290/1000 table=page_000640_table_8 active=4
RECV b4c4 285/1000 rank=95 id=page_001270_table_box_id_1 latency=1.3958s status=ok active=3
SEND b4c4 291/1000 table=page_000643_table_4 active=4
RECV b4c4 289/1000 rank=430 id=page_000190_table_box_id_0 latency=0.4259s status=ok active=3
SEND b4c4 292/1000 table=page_001368_table_box_id_161 active=4
RECV b4c4 288/1000 rank=347 id=page_000938_table_3 latency=0.6457s status=ok active=3
SEND b4c4 293/1000 table=page_000210_table_box_id_0 active=4
RECV b4c4 292/1000 rank=332 id=page_001368_table_box_id_161 latency=0.5295s status=ok active=3
SEND b4c4 294/1000 table=page_000715_table_14 active=4
RECV b4c4 294/1000 rank=618 id=page_000715_table_14 latency=0.0902s status=ok active=3
SEND b4c4 295/1000 table=page_000230_table_box_id_7 active=4
RECV b4c4 290/1000 rank=211 id=page_000640_table_8 latency=0.8196s status=ok active=3
SEND b4c4 296/1000 table=page_000934_table_1 active=4
RECV b4c4 293/1000 rank=222 id=page_000210_table_box_id_0 latency=0.7117s status=ok active=3
SEND b4c4 297/1000 table=page_001367_table_73 active=4
RECV b4c4 296/1000 rank=567 id=page_000934_table_1 latency=0.2481s status=ok active=3
SEND b4c4 298/1000 table=page_000280_table_box_id_1 active=4
RECV b4c4 297/1000 rank=555 id=page_001367_table_73 latency=0.2274s status=ok active=3
SEND b4c4 299/1000 table=page_000647_table_4 active=4
RECV b4c4 299/1000 rank=650 id=page_000647_table_4 latency=0.0584s status=ok active=3
SEND b4c4 300/1000 table=page_001166_table_9 active=4
RECV b4c4 300/1000 rank=436 id=page_001166_table_9 latency=0.2586s status=ok active=3
SEND b4c4 301/1000 table=page_001398_table_box-1nnly5de active=4
RECV b4c4 301/1000 rank=386 id=page_001398_table_box-1nnly5de latency=0.3212s status=ok active=3
SEND b4c4 302/1000 table=page_000494_table_7 active=4
RECV b4c4 295/1000 rank=87 id=page_000230_table_box_id_7 latency=1.4260s status=ok active=3
SEND b4c4 303/1000 table=page_000945_table_4 active=4
RECV b4c4 302/1000 rank=354 id=page_000494_table_7 latency=0.4498s status=ok active=3
SEND b4c4 304/1000 table=page_000921_table_2 active=4
RECV b4c4 304/1000 rank=439 id=page_000921_table_2 latency=0.2574s status=ok active=3
SEND b4c4 305/1000 table=page_001183_table_12 active=4
RECV b4c4 303/1000 rank=306 id=page_000945_table_4 latency=0.4761s status=ok active=3
SEND b4c4 306/1000 table=page_001367_table_70 active=4
RECV b4c4 291/1000 rank=39 id=page_000643_table_4 latency=2.6295s status=ok active=3
SEND b4c4 307/1000 table=page_001376_table_13 active=4
RECV b4c4 307/1000 rank=449 id=page_001376_table_13 latency=0.2992s status=ok active=3
SEND b4c4 308/1000 table=page_000916_table_7 active=4
RECV b4c4 306/1000 rank=392 id=page_001367_table_70 latency=0.5412s status=ok active=3
SEND b4c4 309/1000 table=page_001182_table_3 active=4
RECV b4c4 305/1000 rank=285 id=page_001183_table_12 latency=0.6644s status=ok active=3
SEND b4c4 310/1000 table=page_000290_table_box_id_1 active=4
RECV b4c4 308/1000 rank=265 id=page_000916_table_7 latency=0.6059s status=ok active=3
SEND b4c4 311/1000 table=page_001404_table_7 active=4
RECV b4c4 309/1000 rank=250 id=page_001182_table_3 latency=0.5954s status=ok active=3
SEND b4c4 312/1000 table=page_000106_table_box_id_4 active=4
RECV b4c4 311/1000 rank=445 id=page_001404_table_7 latency=0.2699s status=ok active=3
SEND b4c4 313/1000 table=page_000626_table_box_id_4 active=4
RECV b4c4 298/1000 rank=29 id=page_000280_table_box_id_1 latency=2.8103s status=ok active=3
SEND b4c4 314/1000 table=page_001493_table_box_id_13 active=4
RECV b4c4 312/1000 rank=598 id=page_000106_table_box_id_4 latency=0.1200s status=ok active=3
SEND b4c4 315/1000 table=page_000659_table_5 active=4
RECV b4c4 315/1000 rank=657 id=page_000659_table_5 latency=0.1538s status=ok active=3
SEND b4c4 316/1000 table=page_000516_table_0 active=4
RECV b4c4 314/1000 rank=384 id=page_001493_table_box_id_13 latency=0.5243s status=ok active=3
SEND b4c4 317/1000 table=page_001210_table_4 active=4
RECV b4c4 316/1000 rank=125 id=page_000516_table_0 latency=0.9902s status=ok active=3
SEND b4c4 318/1000 table=page_001121_table_10 active=4
RECV b4c4 317/1000 rank=152 id=page_001210_table_4 latency=0.8756s status=ok active=3
SEND b4c4 319/1000 table=page_001367_table_72 active=4
RECV b4c4 319/1000 rank=590 id=page_001367_table_72 latency=0.1124s status=ok active=3
SEND b4c4 320/1000 table=page_001449_table_1 active=4
RECV b4c4 320/1000 rank=418 id=page_001449_table_1 latency=0.2822s status=ok active=3
SEND b4c4 321/1000 table=page_000716_table_2 active=4
RECV b4c4 321/1000 rank=623 id=page_000716_table_2 latency=0.0824s status=ok active=3
SEND b4c4 322/1000 table=page_001636_table_1 active=4
RECV b4c4 318/1000 rank=135 id=page_001121_table_10 latency=1.0478s status=ok active=3
SEND b4c4 323/1000 table=page_000639_table_4 active=4
RECV b4c4 313/1000 rank=37 id=page_000626_table_box_id_4 latency=2.4553s status=ok active=3
SEND b4c4 324/1000 table=page_001368_table_box_id_26 active=4
RECV b4c4 322/1000 rank=252 id=page_001636_table_1 latency=0.5638s status=ok active=3
SEND b4c4 325/1000 table=page_000209_table_box_id_1 active=4
RECV b4c4 325/1000 rank=432 id=page_000209_table_box_id_1 latency=0.2798s status=ok active=3
SEND b4c4 326/1000 table=page_000595_table_25 active=4
RECV b4c4 326/1000 rank=654 id=page_000595_table_25 latency=0.0435s status=ok active=3
SEND b4c4 327/1000 table=page_000434_table_16 active=4
RECV b4c4 327/1000 rank=482 id=page_000434_table_16 latency=0.2034s status=ok active=3
SEND b4c4 328/1000 table=page_000010_table_box_id_1 active=4
RECV b4c4 324/1000 rank=259 id=page_001368_table_box_id_26 latency=0.6162s status=ok active=3
SEND b4c4 329/1000 table=page_000210_table_box_id_4 active=4
RECV b4c4 328/1000 rank=48 id=page_000010_table_box_id_1 latency=0.2694s status=ok active=3
SEND b4c4 330/1000 table=page_001214_table_8 active=4
RECV b4c4 329/1000 rank=466 id=page_000210_table_box_id_4 latency=0.2307s status=ok active=3
SEND b4c4 331/1000 table=page_000925_table_10 active=4
RECV b4c4 323/1000 rank=110 id=page_000639_table_4 latency=1.3870s status=ok active=3
SEND b4c4 332/1000 table=page_000235_table_box_id_16 active=4
RECV b4c4 330/1000 rank=359 id=page_001214_table_8 latency=0.4845s status=ok active=3
SEND b4c4 333/1000 table=page_000803_table_12 active=4
RECV b4c4 333/1000 rank=632 id=page_000803_table_12 latency=0.0719s status=ok active=3
SEND b4c4 334/1000 table=page_000217_table_box_id_0 active=4
RECV b4c4 331/1000 rank=278 id=page_000925_table_10 latency=0.5455s status=ok active=3
SEND b4c4 335/1000 table=page_000623_table_7 active=4
RECV b4c4 332/1000 rank=417 id=page_000235_table_box_id_16 latency=0.4809s status=ok active=3
SEND b4c4 336/1000 table=page_000944_table_0 active=4
RECV b4c4 334/1000 rank=391 id=page_000217_table_box_id_0 latency=0.4090s status=ok active=3
SEND b4c4 337/1000 table=page_000223_table_box_id_2 active=4
RECV b4c4 336/1000 rank=213 id=page_000944_table_0 latency=0.6548s status=ok active=3
SEND b4c4 338/1000 table=page_000636_table_5 active=4
RECV b4c4 338/1000 rank=569 id=page_000636_table_5 latency=0.1306s status=ok active=3
SEND b4c4 339/1000 table=page_000911_table_box_id_5 active=4
RECV b4c4 310/1000 rank=02 id=page_000290_table_box_id_1 latency=5.4685s status=ok active=3
SEND b4c4 340/1000 table=page_000626_table_box_id_7 active=4
RECV b4c4 335/1000 rank=143 id=page_000623_table_7 latency=1.0910s status=ok active=3
SEND b4c4 341/1000 table=page_001132_table_box_id_18 active=4
RECV b4c4 341/1000 rank=546 id=page_001132_table_box_id_18 latency=0.3533s status=ok active=3
SEND b4c4 342/1000 table=page_000246_table_box_id_11 active=4
RECV b4c4 339/1000 rank=356 id=page_000911_table_box_id_5 latency=0.5349s status=ok active=3
SEND b4c4 343/1000 table=page_001117_table_box_id_17 active=4
RECV b4c4 337/1000 rank=114 id=page_000223_table_box_id_2 latency=1.3178s status=ok active=3
SEND b4c4 344/1000 table=page_001242_table_4 active=4
RECV b4c4 343/1000 rank=146 id=page_001117_table_box_id_17 latency=0.1087s status=ok active=3
SEND b4c4 345/1000 table=page_000468_table_1 active=4
RECV b4c4 342/1000 rank=451 id=page_000246_table_box_id_11 latency=0.2749s status=ok active=3
SEND b4c4 346/1000 table=page_000510_table_10 active=4
RECV b4c4 346/1000 rank=548 id=page_000510_table_10 latency=0.2813s status=ok active=3
SEND b4c4 347/1000 table=page_000512_table_0 active=4
RECV b4c4 345/1000 rank=544 id=page_000468_table_1 latency=0.3182s status=ok active=3
SEND b4c4 348/1000 table=page_001357_table_3 active=4
RECV b4c4 344/1000 rank=376 id=page_001242_table_4 latency=0.4024s status=ok active=3
SEND b4c4 349/1000 table=page_001595_table_box_id_5 active=4
RECV b4c4 348/1000 rank=557 id=page_001357_table_3 latency=0.3795s status=ok active=3
SEND b4c4 350/1000 table=page_000499_table_5 active=4
RECV b4c4 350/1000 rank=448 id=page_000499_table_5 latency=0.2486s status=ok active=3
SEND b4c4 351/1000 table=page_001170_table_7 active=4
RECV b4c4 351/1000 rank=394 id=page_001170_table_7 latency=0.3185s status=ok active=3
SEND b4c4 352/1000 table=page_001137_table_10 active=4
RECV b4c4 349/1000 rank=129 id=page_001595_table_box_id_5 latency=1.1818s status=ok active=3
SEND b4c4 353/1000 table=page_000451_table_7 active=4
RECV b4c4 347/1000 rank=85 id=page_000512_table_0 latency=1.6258s status=ok active=3
SEND b4c4 354/1000 table=page_000532_table_4 active=4
RECV b4c4 340/1000 rank=43 id=page_000626_table_box_id_7 latency=2.7309s status=ok active=3
SEND b4c4 355/1000 table=page_000763_table_26 active=4
RECV b4c4 355/1000 rank=645 id=page_000763_table_26 latency=0.0637s status=ok active=3
SEND b4c4 356/1000 table=page_000821_table_box_id_29 active=4
RECV b4c4 354/1000 rank=447 id=page_000532_table_4 latency=0.3110s status=ok active=3
SEND b4c4 357/1000 table=page_000652_table_2 active=4
RECV b4c4 356/1000 rank=490 id=page_000821_table_box_id_29 latency=0.2626s status=ok active=3
SEND b4c4 358/1000 table=page_000011_table_box_id_1 active=4
RECV b4c4 357/1000 rank=319 id=page_000652_table_2 latency=0.4777s status=ok active=3
SEND b4c4 359/1000 table=page_000507_table_0 active=4
RECV b4c4 353/1000 rank=136 id=page_000451_table_7 latency=1.1586s status=ok active=3
SEND b4c4 360/1000 table=page_001180_table_15 active=4
RECV b4c4 360/1000 rank=457 id=page_001180_table_15 latency=0.2975s status=ok active=3
SEND b4c4 361/1000 table=page_001368_table_box_id_271 active=4
RECV b4c4 359/1000 rank=396 id=page_000507_table_0 latency=0.3648s status=ok active=3
SEND b4c4 362/1000 table=page_000253_table_box_id_7 active=4
RECV b4c4 358/1000 rank=194 id=page_000011_table_box_id_1 latency=0.7908s status=ok active=3
SEND b4c4 363/1000 table=page_001201_table_14 active=4
RECV b4c4 361/1000 rank=528 id=page_001368_table_box_id_271 latency=0.2686s status=ok active=3
SEND b4c4 364/1000 table=page_000506_table_7 active=4
RECV b4c4 362/1000 rank=421 id=page_000253_table_box_id_7 latency=0.3960s status=ok active=3
SEND b4c4 365/1000 table=page_000565_table_1 active=4
RECV b4c4 352/1000 rank=49 id=page_001137_table_10 latency=2.2951s status=ok active=3
SEND b4c4 366/1000 table=page_001200_table_2 active=4
RECV b4c4 363/1000 rank=393 id=page_001201_table_14 latency=0.4757s status=ok active=3
SEND b4c4 367/1000 table=page_000696_table_0 active=4
RECV b4c4 367/1000 rank=355 id=page_000696_table_0 latency=0.3797s status=ok active=3
SEND b4c4 368/1000 table=page_001184_table_6 active=4
RECV b4c4 365/1000 rank=248 id=page_000565_table_1 latency=0.7117s status=ok active=3
SEND b4c4 369/1000 table=page_001174_table_box_id_2 active=4
RECV b4c4 368/1000 rank=542 id=page_001184_table_6 latency=0.1599s status=ok active=3
SEND b4c4 370/1000 table=page_001177_table_2 active=4
RECV b4c4 364/1000 rank=155 id=page_000506_table_7 latency=1.2047s status=ok active=3
SEND b4c4 371/1000 table=page_000505_table_1 active=4
RECV b4c4 369/1000 rank=363 id=page_001174_table_box_id_2 latency=0.4239s status=ok active=3
SEND b4c4 372/1000 table=page_000629_table_14 active=4
RECV b4c4 370/1000 rank=229 id=page_001177_table_2 latency=0.6803s status=ok active=3
SEND b4c4 373/1000 table=page_001207_table_4 active=4
RECV b4c4 372/1000 rank=288 id=page_000629_table_14 latency=0.5194s status=ok active=3
SEND b4c4 374/1000 table=page_001124_table_21 active=4
RECV b4c4 373/1000 rank=383 id=page_001207_table_4 latency=0.3478s status=ok active=3
SEND b4c4 375/1000 table=page_001082_table_34 active=4
RECV b4c4 374/1000 rank=554 id=page_001124_table_21 latency=0.1409s status=ok active=3
SEND b4c4 376/1000 table=page_001141_table_19 active=4
RECV b4c4 366/1000 rank=73 id=page_001200_table_2 latency=1.7662s status=ok active=3
SEND b4c4 377/1000 table=page_000188_table_box_id_6 active=4
RECV b4c4 376/1000 rank=480 id=page_001141_table_19 latency=0.3288s status=ok active=3
SEND b4c4 378/1000 table=page_000927_table_2 active=4
RECV b4c4 371/1000 rank=121 id=page_000505_table_1 latency=1.1768s status=ok active=3
SEND b4c4 379/1000 table=page_001137_table_4 active=4
RECV b4c4 377/1000 rank=240 id=page_000188_table_box_id_6 latency=0.7402s status=ok active=3
SEND b4c4 380/1000 table=page_001375_table_4 active=4
RECV b4c4 378/1000 rank=429 id=page_000927_table_2 latency=0.4797s status=ok active=3
SEND b4c4 381/1000 table=page_001150_table_box_id_9 active=4
RECV b4c4 375/1000 rank=171 id=page_001082_table_34 latency=1.0756s status=ok active=3
SEND b4c4 382/1000 table=page_000818_table_1 active=4
RECV b4c4 382/1000 rank=551 id=page_000818_table_1 latency=0.1446s status=ok active=3
SEND b4c4 383/1000 table=page_000528_table_7 active=4
RECV b4c4 379/1000 rank=212 id=page_001137_table_4 latency=0.9306s status=ok active=3
SEND b4c4 384/1000 table=page_001143_table_4 active=4
RECV b4c4 383/1000 rank=519 id=page_000528_table_7 latency=0.2196s status=ok active=3
SEND b4c4 385/1000 table=page_000531_table_5 active=4
RECV b4c4 381/1000 rank=255 id=page_001150_table_box_id_9 latency=0.6311s status=ok active=3
SEND b4c4 386/1000 table=page_001124_table_17 active=4
RECV b4c4 384/1000 rank=397 id=page_001143_table_4 latency=0.4404s status=ok active=3
SEND b4c4 387/1000 table=page_000200_table_box_id_7 active=4
RECV b4c4 386/1000 rank=364 id=page_001124_table_17 latency=0.5124s status=ok active=3
SEND b4c4 388/1000 table=page_000446_table_3 active=4
RECV b4c4 385/1000 rank=263 id=page_000531_table_5 latency=0.5417s status=ok active=3
SEND b4c4 389/1000 table=page_000930_table_7 active=4
RECV b4c4 387/1000 rank=477 id=page_000200_table_box_id_7 latency=0.2200s status=ok active=3
SEND b4c4 390/1000 table=page_000285_table_box_id_1 active=4
RECV b4c4 389/1000 rank=523 id=page_000930_table_7 latency=0.3731s status=ok active=3
SEND b4c4 391/1000 table=page_000832_table_4 active=4
RECV b4c4 391/1000 rank=593 id=page_000832_table_4 latency=0.1102s status=ok active=3
SEND b4c4 392/1000 table=page_001131_table_15 active=4
RECV b4c4 392/1000 rank=469 id=page_001131_table_15 latency=0.2174s status=ok active=3
SEND b4c4 393/1000 table=page_001195_table_7 active=4
RECV b4c4 380/1000 rank=60 id=page_001375_table_4 latency=2.2362s status=ok active=3
SEND b4c4 394/1000 table=page_001134_table_1 active=4
RECV b4c4 390/1000 rank=52 id=page_000285_table_box_id_1 latency=1.9063s status=ok active=3
SEND b4c4 395/1000 table=page_000506_table_9 active=4
RECV b4c4 393/1000 rank=82 id=page_001195_table_7 latency=1.3778s status=ok active=3
SEND b4c4 396/1000 table=page_000229_table_box_id_3 active=4
RECV b4c4 396/1000 rank=370 id=page_000229_table_box_id_3 latency=0.3439s status=ok active=3
SEND b4c4 397/1000 table=page_001403_table_9 active=4
RECV b4c4 394/1000 rank=77 id=page_001134_table_1 latency=1.3778s status=ok active=3
SEND b4c4 398/1000 table=page_001147_table_8 active=4
RECV b4c4 388/1000 rank=32 id=page_000446_table_3 latency=2.5772s status=ok active=3
SEND b4c4 399/1000 table=page_001223_table_9 active=4
RECV b4c4 397/1000 rank=487 id=page_001403_table_9 latency=0.3352s status=ok active=3
SEND b4c4 400/1000 table=page_000866_table_10 active=4
RECV b4c4 400/1000 rank=629 id=page_000866_table_10 latency=0.0770s status=ok active=3
SEND b4c4 401/1000 table=page_000242_table_box-mhg591pb active=4
RECV b4c4 395/1000 rank=157 id=page_000506_table_9 latency=1.1030s status=ok active=3
SEND b4c4 402/1000 table=page_000272_table_box_id_1 active=4
RECV b4c4 401/1000 rank=277 id=page_000242_table_box-mhg591pb latency=0.5318s status=ok active=3
SEND b4c4 403/1000 table=page_001011_table_35 active=4
RECV b4c4 398/1000 rank=162 id=page_001147_table_8 latency=1.0937s status=ok active=3
SEND b4c4 404/1000 table=page_000665_table_38 active=4
RECV b4c4 404/1000 rank=660 id=page_000665_table_38 latency=0.0436s status=ok active=3
SEND b4c4 405/1000 table=page_000224_table_box-3str9h9p active=4
RECV b4c4 403/1000 rank=465 id=page_001011_table_35 latency=0.2437s status=ok active=3
SEND b4c4 406/1000 table=page_000226_table_box_id_0 active=4
RECV b4c4 399/1000 rank=106 id=page_001223_table_9 latency=1.4380s status=ok active=3
SEND b4c4 407/1000 table=page_000641_table_6 active=4
RECV b4c4 406/1000 rank=367 id=page_000226_table_box_id_0 latency=0.4084s status=ok active=3
SEND b4c4 408/1000 table=page_000682_table_15 active=4
RECV b4c4 408/1000 rank=507 id=page_000682_table_15 latency=0.1951s status=ok active=3
SEND b4c4 409/1000 table=page_000199_table_box_id_0 active=4
RECV b4c4 405/1000 rank=203 id=page_000224_table_box-3str9h9p latency=0.8676s status=ok active=3
SEND b4c4 410/1000 table=page_000853_table_2 active=4
RECV b4c4 410/1000 rank=529 id=page_000853_table_2 latency=0.1594s status=ok active=3
SEND b4c4 411/1000 table=page_001137_table_9 active=4
RECV b4c4 407/1000 rank=281 id=page_000641_table_6 latency=0.6261s status=ok active=3
SEND b4c4 412/1000 table=page_000647_table_1 active=4
RECV b4c4 412/1000 rank=597 id=page_000647_table_1 latency=0.2233s status=ok active=3
SEND b4c4 413/1000 table=page_000838_table_18 active=4
RECV b4c4 413/1000 rank=627 id=page_000838_table_18 latency=0.0761s status=ok active=3
SEND b4c4 414/1000 table=page_001368_table_box_id_266 active=4
RECV b4c4 414/1000 rank=648 id=page_001368_table_box_id_266 latency=0.0568s status=ok active=3
SEND b4c4 415/1000 table=page_000790_table_9 active=4
RECV b4c4 415/1000 rank=346 id=page_000790_table_9 latency=0.3686s status=ok active=3
SEND b4c4 416/1000 table=page_001368_table_box_id_227 active=4
RECV b4c4 409/1000 rank=80 id=page_000199_table_box_id_0 latency=1.5608s status=ok active=3
SEND b4c4 417/1000 table=page_001139_table_5 active=4
RECV b4c4 416/1000 rank=264 id=page_001368_table_box_id_227 latency=0.4536s status=ok active=3
SEND b4c4 418/1000 table=page_000275_table_box_id_1 active=4
RECV b4c4 411/1000 rank=67 id=page_001137_table_9 latency=1.7001s status=ok active=3
SEND b4c4 419/1000 table=page_001368_table_box_id_278 active=4
RECV b4c4 419/1000 rank=621 id=page_001368_table_box_id_278 latency=0.0860s status=ok active=3
SEND b4c4 420/1000 table=page_000468_table_11 active=4
RECV b4c4 420/1000 rank=547 id=page_000468_table_11 latency=0.1452s status=ok active=3
SEND b4c4 421/1000 table=page_001198_table_8 active=4
RECV b4c4 421/1000 rank=260 id=page_001198_table_8 latency=0.4656s status=ok active=3
SEND b4c4 422/1000 table=page_000242_table_box_id_3 active=4
RECV b4c4 417/1000 rank=79 id=page_001139_table_5 latency=1.5031s status=ok active=3
SEND b4c4 423/1000 table=page_001196_table_13 active=4
RECV b4c4 423/1000 rank=199 id=page_001196_table_13 latency=0.6245s status=ok active=3
SEND b4c4 424/1000 table=page_000244_table_box_id_8 active=4
RECV b4c4 422/1000 rank=132 id=page_000242_table_box_id_3 latency=1.0256s status=ok active=3
SEND b4c4 425/1000 table=page_000806_table_29 active=4
RECV b4c4 402/1000 rank=09 id=page_000272_table_box_id_1 latency=5.0737s status=ok active=3
SEND b4c4 426/1000 table=page_001141_table_13 active=4
RECV b4c4 424/1000 rank=348 id=page_000244_table_box_id_8 latency=0.3735s status=ok active=3
SEND b4c4 427/1000 table=page_000655_table_5 active=4
RECV b4c4 427/1000 rank=562 id=page_000655_table_5 latency=0.2350s status=ok active=3
SEND b4c4 428/1000 table=page_001494_table_9 active=4
RECV b4c4 425/1000 rank=320 id=page_000806_table_29 latency=0.4969s status=ok active=3
SEND b4c4 429/1000 table=page_000292_table_box_id_5 active=4
RECV b4c4 429/1000 rank=646 id=page_000292_table_box_id_5 latency=0.1110s status=ok active=3
SEND b4c4 430/1000 table=page_000281_table_box_id_1 active=4
RECV b4c4 428/1000 rank=532 id=page_001494_table_9 latency=0.1839s status=ok active=3
SEND b4c4 431/1000 table=page_000715_table_10 active=4
RECV b4c4 431/1000 rank=643 id=page_000715_table_10 latency=0.2156s status=ok active=3
SEND b4c4 432/1000 table=page_000496_table_3 active=4
RECV b4c4 426/1000 rank=280 id=page_001141_table_13 latency=0.9417s status=ok active=3
SEND b4c4 433/1000 table=page_000827_table_8 active=4
RECV b4c4 433/1000 rank=635 id=page_000827_table_8 latency=0.0734s status=ok active=3
SEND b4c4 434/1000 table=page_000920_table_3 active=4
RECV b4c4 434/1000 rank=478 id=page_000920_table_3 latency=0.2191s status=ok active=3
SEND b4c4 435/1000 table=page_001211_table_7 active=4
RECV b4c4 435/1000 rank=462 id=page_001211_table_7 latency=0.2265s status=ok active=3
SEND b4c4 436/1000 table=page_000841_table_22 active=4
RECV b4c4 436/1000 rank=640 id=page_000841_table_22 latency=0.0696s status=ok active=3
SEND b4c4 437/1000 table=page_001137_table_11 active=4
RECV b4c4 432/1000 rank=163 id=page_000496_table_3 latency=0.9294s status=ok active=3
SEND b4c4 438/1000 table=page_001137_table_2 active=4
RECV b4c4 437/1000 rank=243 id=page_001137_table_11 latency=0.5580s status=ok active=3
SEND b4c4 439/1000 table=page_001406_table_8 active=4
RECV b4c4 439/1000 rank=380 id=page_001406_table_8 latency=0.3253s status=ok active=3
SEND b4c4 440/1000 table=page_000921_table_8 active=4
RECV b4c4 418/1000 rank=12 id=page_000275_table_box_id_1 latency=4.7520s status=ok active=3
SEND b4c4 441/1000 table=page_000248_table_box_id_1 active=4
RECV b4c4 430/1000 rank=57 id=page_000281_table_box_id_1 latency=2.0355s status=ok active=3
SEND b4c4 442/1000 table=page_001129_table_8 active=4
RECV b4c4 440/1000 rank=541 id=page_000921_table_8 latency=0.3280s status=ok active=3
SEND b4c4 443/1000 table=page_000566_table_3 active=4
RECV b4c4 438/1000 rank=151 id=page_001137_table_2 latency=1.1055s status=ok active=3
SEND b4c4 444/1000 table=page_001275_table_3 active=4
RECV b4c4 441/1000 rank=119 id=page_000248_table_box_id_1 latency=0.8494s status=ok active=3
SEND b4c4 445/1000 table=page_000861_table_5 active=4
RECV b4c4 443/1000 rank=167 id=page_000566_table_3 latency=0.8388s status=ok active=3
SEND b4c4 446/1000 table=page_000204_table_box_id_6 active=4
RECV b4c4 442/1000 rank=107 id=page_001129_table_8 latency=1.3792s status=ok active=3
SEND b4c4 447/1000 table=page_000554_table_12 active=4
RECV b4c4 447/1000 rank=538 id=page_000554_table_12 latency=0.1510s status=ok active=3
SEND b4c4 448/1000 table=page_000533_table_8 active=4
RECV b4c4 446/1000 rank=344 id=page_000204_table_box_id_6 latency=0.5094s status=ok active=3
SEND b4c4 449/1000 table=page_001273_table_8 active=4
RECV b4c4 445/1000 rank=153 id=page_000861_table_5 latency=1.0917s status=ok active=3
SEND b4c4 450/1000 table=page_000642_table_8 active=4
RECV b4c4 448/1000 rank=399 id=page_000533_table_8 latency=0.4849s status=ok active=3
SEND b4c4 451/1000 table=page_001408_table_16 active=4
RECV b4c4 451/1000 rank=652 id=page_001408_table_16 latency=0.0516s status=ok active=3
SEND b4c4 452/1000 table=page_000417_table_3 active=4
RECV b4c4 444/1000 rank=63 id=page_001275_table_3 latency=2.0594s status=ok active=3
SEND b4c4 453/1000 table=page_000737_table_6 active=4
RECV b4c4 453/1000 rank=454 id=page_000737_table_6 latency=0.2424s status=ok active=3
SEND b4c4 454/1000 table=page_000632_table_6 active=4
RECV b4c4 454/1000 rank=501 id=page_000632_table_6 latency=0.1860s status=ok active=3
SEND b4c4 455/1000 table=page_000259_table_box_id_1 active=4
RECV b4c4 452/1000 rank=189 id=page_000417_table_3 latency=0.8240s status=ok active=3
SEND b4c4 456/1000 table=page_000769_table_3 active=4
RECV b4c4 456/1000 rank=540 id=page_000769_table_3 latency=0.1500s status=ok active=3
SEND b4c4 457/1000 table=page_000256_table_box_id_1 active=4
RECV b4c4 450/1000 rank=128 id=page_000642_table_8 latency=1.2229s status=ok active=3
SEND b4c4 458/1000 table=page_001138_table_1 active=4
RECV b4c4 457/1000 rank=527 id=page_000256_table_box_id_1 latency=0.2572s status=ok active=3
SEND b4c4 459/1000 table=page_001186_table_5 active=4
RECV b4c4 449/1000 rank=76 id=page_001273_table_8 latency=1.8326s status=ok active=3
SEND b4c4 460/1000 table=page_000252_table_box_id_1 active=4
RECV b4c4 459/1000 rank=595 id=page_001186_table_5 latency=0.1138s status=ok active=3
SEND b4c4 461/1000 table=page_001129_table_11 active=4
RECV b4c4 455/1000 rank=127 id=page_000259_table_box_id_1 latency=1.2702s status=ok active=3
SEND b4c4 462/1000 table=page_000266_table_box_id_1 active=4
RECV b4c4 460/1000 rank=197 id=page_000252_table_box_id_1 latency=0.6944s status=ok active=3
SEND b4c4 463/1000 table=page_000680_table_11 active=4
RECV b4c4 461/1000 rank=181 id=page_001129_table_11 latency=0.8579s status=ok active=3
SEND b4c4 464/1000 table=page_000256_table_box_id_8 active=4
RECV b4c4 462/1000 rank=420 id=page_000266_table_box_id_1 latency=0.4168s status=ok active=3
SEND b4c4 465/1000 table=page_000279_table_box-fy04hrwa active=4
RECV b4c4 463/1000 rank=271 id=page_000680_table_11 latency=0.6198s status=ok active=3
SEND b4c4 466/1000 table=page_000232_table_box_id_8 active=4
RECV b4c4 464/1000 rank=336 id=page_000256_table_box_id_8 latency=0.4625s status=ok active=3
SEND b4c4 467/1000 table=page_001202_table_3 active=4
RECV b4c4 466/1000 rank=379 id=page_000232_table_box_id_8 latency=0.3934s status=ok active=3
SEND b4c4 468/1000 table=page_000545_table_14 active=4
RECV b4c4 458/1000 rank=59 id=page_001138_table_1 latency=2.1672s status=ok active=3
SEND b4c4 469/1000 table=page_000221_table_box_id_3 active=4
RECV b4c4 468/1000 rank=488 id=page_000545_table_14 latency=0.2039s status=ok active=3
SEND b4c4 470/1000 table=page_001595_table_box_id_1 active=4
RECV b4c4 467/1000 rank=145 id=page_001202_table_3 latency=0.9886s status=ok active=3
SEND b4c4 471/1000 table=page_001356_table_3 active=4
RECV b4c4 469/1000 rank=190 id=page_000221_table_box_id_3 latency=0.8018s status=ok active=3
SEND b4c4 472/1000 table=page_000293_table_box_id_1 active=4
RECV b4c4 471/1000 rank=433 id=page_001356_table_3 latency=0.3643s status=ok active=3
SEND b4c4 473/1000 table=page_001168_table_0 active=4
RECV b4c4 473/1000 rank=216 id=page_001168_table_0 latency=0.6182s status=ok active=3
SEND b4c4 474/1000 table=page_000626_table_box_id_1 active=4
RECV b4c4 465/1000 rank=19 id=page_000279_table_box-fy04hrwa latency=3.4123s status=ok active=3
SEND b4c4 475/1000 table=page_000283_table_box_id_1 active=4
RECV b4c4 474/1000 rank=44 id=page_000626_table_box_id_1 latency=1.8508s status=ok active=3
SEND b4c4 476/1000 table=page_000465_table_9 active=4
RECV b4c4 472/1000 rank=21 id=page_000293_table_box_id_1 latency=2.8049s status=ok active=3
SEND b4c4 477/1000 table=page_000762_table_5 active=4
RECV b4c4 477/1000 rank=610 id=page_000762_table_5 latency=0.0926s status=ok active=3
SEND b4c4 478/1000 table=page_000220_table_box_id_7 active=4
RECV b4c4 476/1000 rank=335 id=page_000465_table_9 latency=0.4014s status=ok active=3
SEND b4c4 479/1000 table=page_001146_table_11 active=4
RECV b4c4 479/1000 rank=385 id=page_001146_table_11 latency=0.3842s status=ok active=3
SEND b4c4 480/1000 table=page_001026_table_box_id_12 active=4
RECV b4c4 480/1000 rank=373 id=page_001026_table_box_id_12 latency=0.3345s status=ok active=3
SEND b4c4 481/1000 table=page_000220_table_box_id_3 active=4
RECV b4c4 478/1000 rank=187 id=page_000220_table_box_id_7 latency=0.7789s status=ok active=3
SEND b4c4 482/1000 table=page_001368_table_box_id_252 active=4
RECV b4c4 470/1000 rank=11 id=page_001595_table_box_id_1 latency=4.5792s status=ok active=3
SEND b4c4 483/1000 table=page_000207_table_box_id_1 active=4
RECV b4c4 482/1000 rank=520 id=page_001368_table_box_id_252 latency=0.2656s status=ok active=3
SEND b4c4 484/1000 table=page_000800_table_10 active=4
RECV b4c4 484/1000 rank=653 id=page_000800_table_10 latency=0.1926s status=ok active=3
SEND b4c4 485/1000 table=page_000501_table_6 active=4
RECV b4c4 481/1000 rank=358 id=page_000220_table_box_id_3 latency=0.5017s status=ok active=3
SEND b4c4 486/1000 table=page_000605_table_3 active=4
RECV b4c4 486/1000 rank=649 id=page_000605_table_3 latency=0.1747s status=ok active=3
SEND b4c4 487/1000 table=page_001130_table_1 active=4
RECV b4c4 487/1000 rank=572 id=page_001130_table_1 latency=0.1282s status=ok active=3
SEND b4c4 488/1000 table=page_000835_table_2 active=4
RECV b4c4 488/1000 rank=601 id=page_000835_table_2 latency=0.1015s status=ok active=3
SEND b4c4 489/1000 table=page_000299_table_box_id_5 active=4
RECV b4c4 483/1000 rank=102 id=page_000207_table_box_id_1 latency=1.3564s status=ok active=3
SEND b4c4 490/1000 table=page_000634_table_1 active=4
RECV b4c4 485/1000 rank=83 id=page_000501_table_6 latency=1.4413s status=ok active=3
SEND b4c4 491/1000 table=page_000932_table_3 active=4
RECV b4c4 489/1000 rank=116 id=page_000299_table_box_id_5 latency=1.0248s status=ok active=3
SEND b4c4 492/1000 table=page_001367_table_52 active=4
RECV b4c4 490/1000 rank=276 id=page_000634_table_1 latency=0.5593s status=ok active=3
SEND b4c4 493/1000 table=page_000633_table_5 active=4
RECV b4c4 491/1000 rank=381 id=page_000932_table_3 latency=0.4434s status=ok active=3
SEND b4c4 494/1000 table=page_000219_table_box_id_3 active=4
RECV b4c4 492/1000 rank=231 id=page_001367_table_52 latency=0.8198s status=ok active=3
SEND b4c4 495/1000 table=page_001124_table_12 active=4
RECV b4c4 494/1000 rank=300 id=page_000219_table_box_id_3 latency=0.4091s status=ok active=3
SEND b4c4 496/1000 table=page_000282_table_box_id_1 active=4
RECV b4c4 495/1000 rank=481 id=page_001124_table_12 latency=0.2961s status=ok active=3
SEND b4c4 497/1000 table=page_000744_table_11 active=4
RECV b4c4 497/1000 rank=594 id=page_000744_table_11 latency=0.1115s status=ok active=3
SEND b4c4 498/1000 table=page_000231_table_box_id_2 active=4
RECV b4c4 475/1000 rank=03 id=page_000283_table_box_id_1 latency=5.2778s status=ok active=3
SEND b4c4 499/1000 table=page_001144_table_11 active=4
RECV b4c4 499/1000 rank=242 id=page_001144_table_11 latency=0.4965s status=ok active=3
SEND b4c4 500/1000 table=page_000243_table_box-xkm41jlm active=4
RECV b4c4 493/1000 rank=53 id=page_000633_table_5 latency=2.0802s status=ok active=3
SEND b4c4 501/1000 table=page_000511_table_1 active=4
RECV b4c4 500/1000 rank=389 id=page_000243_table_box-xkm41jlm latency=0.3236s status=ok active=3
SEND b4c4 502/1000 table=page_000307_table_2 active=4
RECV b4c4 498/1000 rank=105 id=page_000231_table_box_id_2 latency=1.4194s status=ok active=3
SEND b4c4 503/1000 table=page_001145_table_3 active=4
RECV b4c4 503/1000 rank=323 id=page_001145_table_3 latency=0.3865s status=ok active=3
SEND b4c4 504/1000 table=page_000428_table_6 active=4
RECV b4c4 504/1000 rank=416 id=page_000428_table_6 latency=0.2931s status=ok active=3
SEND b4c4 505/1000 table=page_000465_table_5 active=4
RECV b4c4 502/1000 rank=109 id=page_000307_table_2 latency=1.2384s status=ok active=3
SEND b4c4 506/1000 table=page_000792_table_25 active=4
RECV b4c4 505/1000 rank=340 id=page_000465_table_5 latency=0.4554s status=ok active=3
SEND b4c4 507/1000 table=page_001272_table_1 active=4
RECV b4c4 506/1000 rank=498 id=page_000792_table_25 latency=0.1998s status=ok active=3
SEND b4c4 508/1000 table=page_000147_table_box_id_3 active=4
RECV b4c4 501/1000 rank=71 id=page_000511_table_1 latency=1.6671s status=ok active=3
SEND b4c4 509/1000 table=page_001175_table_2 active=4
RECV b4c4 508/1000 rank=641 id=page_000147_table_box_id_3 latency=0.3501s status=ok active=3
SEND b4c4 510/1000 table=page_000824_table_0 active=4
RECV b4c4 510/1000 rank=268 id=page_000824_table_0 latency=0.4479s status=ok active=3
SEND b4c4 511/1000 table=page_000858_table_1 active=4
RECV b4c4 511/1000 rank=592 id=page_000858_table_1 latency=0.1140s status=ok active=3
SEND b4c4 512/1000 table=page_000226_table_box_id_3 active=4
RECV b4c4 509/1000 rank=178 id=page_001175_table_2 latency=0.7853s status=ok active=3
SEND b4c4 513/1000 table=page_001199_table_15 active=4
RECV b4c4 513/1000 rank=290 id=page_001199_table_15 latency=0.5205s status=ok active=3
SEND b4c4 514/1000 table=page_001167_table_8 active=4
RECV b4c4 512/1000 rank=244 id=page_000226_table_box_id_3 latency=0.6156s status=ok active=3
SEND b4c4 515/1000 table=page_000254_table_box_id_4 active=4
RECV b4c4 514/1000 rank=450 id=page_001167_table_8 latency=0.3350s status=ok active=3
SEND b4c4 516/1000 table=page_000628_table_14 active=4
RECV b4c4 507/1000 rank=66 id=page_001272_table_1 latency=1.9479s status=ok active=3
SEND b4c4 517/1000 table=page_000247_table_box_id_0 active=4
RECV b4c4 517/1000 rank=609 id=page_000247_table_box_id_0 latency=0.0970s status=ok active=3
SEND b4c4 518/1000 table=page_000838_table_1 active=4
RECV b4c4 518/1000 rank=556 id=page_000838_table_1 latency=0.1369s status=ok active=3
SEND b4c4 519/1000 table=page_000649_table_8 active=4
RECV b4c4 516/1000 rank=286 id=page_000628_table_14 latency=0.5362s status=ok active=3
SEND b4c4 520/1000 table=page_000515_table_7 active=4
RECV b4c4 519/1000 rank=442 id=page_000649_table_8 latency=0.3385s status=ok active=3
SEND b4c4 521/1000 table=page_001368_table_box_id_229 active=4
RECV b4c4 515/1000 rank=174 id=page_000254_table_box_id_4 latency=0.9865s status=ok active=3
SEND b4c4 522/1000 table=page_000639_table_11 active=4
RECV b4c4 496/1000 rank=06 id=page_000282_table_box_id_1 latency=5.6116s status=ok active=3
SEND b4c4 523/1000 table=page_000271_table_box_id_1 active=4
RECV b4c4 520/1000 rank=301 id=page_000515_table_7 latency=0.5856s status=ok active=3
SEND b4c4 524/1000 table=page_001232_table_box_id_1 active=4
RECV b4c4 521/1000 rank=310 id=page_001368_table_box_id_229 latency=0.5884s status=ok active=3
SEND b4c4 525/1000 table=page_001134_table_9 active=4
RECV b4c4 524/1000 rank=313 id=page_001232_table_box_id_1 latency=0.4626s status=ok active=3
SEND b4c4 526/1000 table=page_001035_table_31 active=4
RECV b4c4 522/1000 rank=130 id=page_000639_table_11 latency=1.1710s status=ok active=3
SEND b4c4 527/1000 table=page_000499_table_0 active=4
RECV b4c4 526/1000 rank=247 id=page_001035_table_31 latency=0.5748s status=ok active=3
SEND b4c4 528/1000 table=page_001193_table_8 active=4
RECV b4c4 525/1000 rank=137 id=page_001134_table_9 latency=1.0907s status=ok active=3
SEND b4c4 529/1000 table=page_000592_table_3 active=4
RECV b4c4 527/1000 rank=246 id=page_000499_table_0 latency=0.5834s status=ok active=3
SEND b4c4 530/1000 table=page_000853_table_9 active=4
RECV b4c4 530/1000 rank=584 id=page_000853_table_9 latency=0.2301s status=ok active=3
SEND b4c4 531/1000 table=page_000921_table_9 active=4
RECV b4c4 528/1000 rank=262 id=page_001193_table_8 latency=0.5908s status=ok active=3
SEND b4c4 532/1000 table=page_000922_table_12 active=4
RECV b4c4 531/1000 rank=460 id=page_000921_table_9 latency=0.3139s status=ok active=3
SEND b4c4 533/1000 table=page_001219_table_box_id_4 active=4
RECV b4c4 532/1000 rank=294 id=page_000922_table_12 latency=0.4907s status=ok active=3
SEND b4c4 534/1000 table=page_000709_table_12 active=4
RECV b4c4 534/1000 rank=634 id=page_000709_table_12 latency=0.0708s status=ok active=3
SEND b4c4 535/1000 table=page_001367_table_69 active=4
RECV b4c4 533/1000 rank=408 id=page_001219_table_box_id_4 latency=0.3445s status=ok active=3
SEND b4c4 536/1000 table=page_000225_table_box_id_9 active=4
RECV b4c4 535/1000 rank=446 id=page_001367_table_69 latency=0.3055s status=ok active=3
SEND b4c4 537/1000 table=page_000647_table_3 active=4
RECV b4c4 536/1000 rank=431 id=page_000225_table_box_id_9 latency=0.2714s status=ok active=3
SEND b4c4 538/1000 table=page_000763_table_2 active=4
RECV b4c4 537/1000 rank=608 id=page_000647_table_3 latency=0.1233s status=ok active=3
SEND b4c4 539/1000 table=page_001157_table_5 active=4
RECV b4c4 538/1000 rank=624 id=page_000763_table_2 latency=0.1644s status=ok active=3
SEND b4c4 540/1000 table=page_001026_table_box_id_25 active=4
RECV b4c4 529/1000 rank=92 id=page_000592_table_3 latency=1.6526s status=ok active=3
SEND b4c4 541/1000 table=page_001368_table_box_id_163 active=4
RECV b4c4 541/1000 rank=651 id=page_001368_table_box_id_163 latency=0.0532s status=ok active=3
SEND b4c4 542/1000 table=page_001140_table_11 active=4
RECV b4c4 539/1000 rank=333 id=page_001157_table_5 latency=0.4561s status=ok active=3
SEND b4c4 543/1000 table=page_000266_table_box_id_5 active=4
RECV b4c4 540/1000 rank=275 id=page_001026_table_box_id_25 latency=0.5997s status=ok active=3
SEND b4c4 544/1000 table=page_000142_table_box_id_2 active=4
RECV b4c4 543/1000 rank=453 id=page_000266_table_box_id_5 latency=0.3289s status=ok active=3
SEND b4c4 545/1000 table=page_001135_table_6 active=4
RECV b4c4 544/1000 rank=580 id=page_000142_table_box_id_2 latency=0.1264s status=ok active=3
SEND b4c4 546/1000 table=page_001189_table_box_id_3 active=4
RECV b4c4 546/1000 rank=338 id=page_001189_table_box_id_3 latency=0.4205s status=ok active=3
SEND b4c4 547/1000 table=page_001227_table_10 active=4
RECV b4c4 545/1000 rank=299 id=page_001135_table_6 latency=0.4546s status=ok active=3
SEND b4c4 548/1000 table=page_001225_table_14 active=4
RECV b4c4 542/1000 rank=148 id=page_001140_table_11 latency=1.1203s status=ok active=3
SEND b4c4 549/1000 table=page_001230_table_box_id_3 active=4
RECV b4c4 548/1000 rank=428 id=page_001225_table_14 latency=0.4204s status=ok active=3
SEND b4c4 550/1000 table=page_001143_table_8 active=4
RECV b4c4 549/1000 rank=499 id=page_001230_table_box_id_3 latency=0.1914s status=ok active=3
SEND b4c4 551/1000 table=page_001180_table_16 active=4
RECV b4c4 551/1000 rank=390 id=page_001180_table_16 latency=0.3964s status=ok active=3
SEND b4c4 552/1000 table=page_000278_table_box_id_1 active=4
RECV b4c4 550/1000 rank=188 id=page_001143_table_8 latency=0.7986s status=ok active=3
SEND b4c4 553/1000 table=page_000228_table_box_id_1 active=4
RECV b4c4 523/1000 rank=04 id=page_000271_table_box_id_1 latency=5.5869s status=ok active=3
SEND b4c4 554/1000 table=page_000673_table_1 active=4
RECV b4c4 554/1000 rank=493 id=page_000673_table_1 latency=0.1967s status=ok active=3
SEND b4c4 555/1000 table=page_001197_table_4 active=4
RECV b4c4 547/1000 rank=75 id=page_001227_table_10 latency=1.7138s status=ok active=3
SEND b4c4 556/1000 table=page_001197_table_5 active=4
RECV b4c4 553/1000 rank=150 id=page_000228_table_box_id_1 latency=0.9553s status=ok active=3
SEND b4c4 557/1000 table=page_001162_table_3 active=4
RECV b4c4 557/1000 rank=257 id=page_001162_table_3 latency=0.4696s status=ok active=3
SEND b4c4 558/1000 table=page_000536_table_4 active=4
RECV b4c4 555/1000 rank=131 id=page_001197_table_4 latency=1.1004s status=ok active=3
SEND b4c4 559/1000 table=page_001125_table_3 active=4
RECV b4c4 556/1000 rank=118 id=page_001197_table_5 latency=1.2264s status=ok active=3
SEND b4c4 560/1000 table=page_000215_table_box_id_4 active=4
RECV b4c4 558/1000 rank=303 id=page_000536_table_4 latency=0.5518s status=ok active=3
SEND b4c4 561/1000 table=page_000465_table_4 active=4
RECV b4c4 559/1000 rank=308 id=page_001125_table_3 latency=0.5325s status=ok active=3
SEND b4c4 562/1000 table=page_001306_table_1 active=4
RECV b4c4 560/1000 rank=343 id=page_000215_table_box_id_4 latency=0.4242s status=ok active=3
SEND b4c4 563/1000 table=page_001276_table_2 active=4
RECV b4c4 561/1000 rank=328 id=page_000465_table_4 latency=0.5523s status=ok active=3
SEND b4c4 564/1000 table=page_000229_table_box-pug9otka active=4
RECV b4c4 562/1000 rank=270 id=page_001306_table_1 latency=0.5809s status=ok active=3
SEND b4c4 565/1000 table=page_000243_table_box_id_1 active=4
RECV b4c4 564/1000 rank=503 id=page_000229_table_box-pug9otka latency=0.1910s status=ok active=3
SEND b4c4 566/1000 table=page_000918_table_0 active=4
RECV b4c4 566/1000 rank=456 id=page_000918_table_0 latency=0.2665s status=ok active=3
SEND b4c4 567/1000 table=page_000535_table_1 active=4
RECV b4c4 565/1000 rank=330 id=page_000243_table_box_id_1 latency=0.5197s status=ok active=3
SEND b4c4 568/1000 table=page_001126_table_18 active=4
RECV b4c4 568/1000 rank=543 id=page_001126_table_18 latency=0.1531s status=ok active=3
SEND b4c4 569/1000 table=page_000776_table_4 active=4
RECV b4c4 569/1000 rank=600 id=page_000776_table_4 latency=0.1041s status=ok active=3
SEND b4c4 570/1000 table=page_000821_table_box_id_26 active=4
RECV b4c4 570/1000 rank=617 id=page_000821_table_box_id_26 latency=0.0891s status=ok active=3
SEND b4c4 571/1000 table=page_000222_table_box_id_1 active=4
RECV b4c4 567/1000 rank=239 id=page_000535_table_1 latency=0.6019s status=ok active=3
SEND b4c4 572/1000 table=page_000520_table_0 active=4
RECV b4c4 572/1000 rank=550 id=page_000520_table_0 latency=0.2332s status=ok active=3
SEND b4c4 573/1000 table=page_000523_table_0 active=4
RECV b4c4 571/1000 rank=311 id=page_000222_table_box_id_1 latency=0.4846s status=ok active=3
SEND b4c4 574/1000 table=page_001156_table_6 active=4
RECV b4c4 573/1000 rank=312 id=page_000523_table_0 latency=0.4845s status=ok active=3
SEND b4c4 575/1000 table=page_001185_table_10 active=4
RECV b4c4 574/1000 rank=217 id=page_001156_table_6 latency=0.6229s status=ok active=3
SEND b4c4 576/1000 table=page_000585_table_1 active=4
RECV b4c4 575/1000 rank=304 id=page_001185_table_10 latency=0.4144s status=ok active=3
SEND b4c4 577/1000 table=page_001188_table_2 active=4
RECV b4c4 552/1000 rank=05 id=page_000278_table_box_id_1 latency=5.5395s status=ok active=3
SEND b4c4 578/1000 table=page_000665_table_3 active=4
RECV b4c4 578/1000 rank=662 id=page_000665_table_3 latency=0.0433s status=ok active=3
SEND b4c4 579/1000 table=page_000521_table_2 active=4
RECV b4c4 576/1000 rank=159 id=page_000585_table_1 latency=0.9697s status=ok active=3
SEND b4c4 580/1000 table=page_000276_table_box_id_5 active=4
RECV b4c4 579/1000 rank=173 id=page_000521_table_2 latency=0.8005s status=ok active=3
SEND b4c4 581/1000 table=page_000737_table_0 active=4
RECV b4c4 563/1000 rank=18 id=page_001276_table_2 latency=4.0945s status=ok active=3
SEND b4c4 582/1000 table=page_000760_table_1 active=4
RECV b4c4 582/1000 rank=475 id=page_000760_table_1 latency=0.2178s status=ok active=3
SEND b4c4 583/1000 table=page_000239_table_box_id_7 active=4
RECV b4c4 581/1000 rank=249 id=page_000737_table_0 latency=0.5934s status=ok active=3
SEND b4c4 584/1000 table=page_000647_table_2 active=4
RECV b4c4 583/1000 rank=494 id=page_000239_table_box_id_7 latency=0.2344s status=ok active=3
SEND b4c4 585/1000 table=page_000300_table_1 active=4
RECV b4c4 584/1000 rank=622 id=page_000647_table_2 latency=0.0917s status=ok active=3
SEND b4c4 586/1000 table=page_001178_table_0 active=4
RECV b4c4 585/1000 rank=467 id=page_000300_table_1 latency=0.3029s status=ok active=3
SEND b4c4 587/1000 table=page_000518_table_11 active=4
RECV b4c4 587/1000 rank=424 id=page_000518_table_11 latency=0.2788s status=ok active=3
SEND b4c4 588/1000 table=page_001222_table_2 active=4
RECV b4c4 586/1000 rank=98 id=page_001178_table_0 latency=1.3059s status=ok active=3
SEND b4c4 589/1000 table=page_000935_table_11 active=4
RECV b4c4 577/1000 rank=20 id=page_001188_table_2 latency=3.3264s status=ok active=3
SEND b4c4 590/1000 table=page_000229_table_box_id_7 active=4
RECV b4c4 589/1000 rank=516 id=page_000935_table_11 latency=0.2190s status=ok active=3
SEND b4c4 591/1000 table=page_001367_table_60 active=4
RECV b4c4 590/1000 rank=474 id=page_000229_table_box_id_7 latency=0.3175s status=ok active=3
SEND b4c4 592/1000 table=page_000270_table_box_id_0 active=4
RECV b4c4 588/1000 rank=70 id=page_001222_table_2 latency=1.5519s status=ok active=3
SEND b4c4 593/1000 table=page_001159_table_5 active=4
RECV b4c4 593/1000 rank=224 id=page_001159_table_5 latency=0.5347s status=ok active=3
SEND b4c4 594/1000 table=page_000257_table_box_id_20 active=4
RECV b4c4 580/1000 rank=16 id=page_000276_table_box_id_5 latency=4.1073s status=ok active=3
SEND b4c4 595/1000 table=page_001173_table_6 active=4
RECV b4c4 594/1000 rank=226 id=page_000257_table_box_id_20 latency=0.6247s status=ok active=3
SEND b4c4 596/1000 table=page_000240_table_box_id_9 active=4
RECV b4c4 596/1000 rank=266 id=page_000240_table_box_id_9 latency=0.4675s status=ok active=3
SEND b4c4 597/1000 table=page_000519_table_8 active=4
RECV b4c4 592/1000 rank=41 id=page_000270_table_box_id_0 latency=2.2780s status=ok active=3
SEND b4c4 598/1000 table=page_000263_table_box_id_7 active=4
RECV b4c4 591/1000 rank=26 id=page_001367_table_60 latency=2.7121s status=ok active=3
SEND b4c4 599/1000 table=page_000500_table_3 active=4
RECV b4c4 597/1000 rank=289 id=page_000519_table_8 latency=0.5225s status=ok active=3
SEND b4c4 600/1000 table=page_001165_table_13 active=4
RECV b4c4 600/1000 rank=425 id=page_001165_table_13 latency=0.3164s status=ok active=3
SEND b4c4 601/1000 table=page_001367_table_50 active=4
RECV b4c4 595/1000 rank=58 id=page_001173_table_6 latency=1.9084s status=ok active=3
SEND b4c4 602/1000 table=page_001248_table_0 active=4
RECV b4c4 599/1000 rank=182 id=page_000500_table_3 latency=0.7572s status=ok active=3
SEND b4c4 603/1000 table=page_001516_table_17 active=4
RECV b4c4 601/1000 rank=233 id=page_001367_table_50 latency=0.6844s status=ok active=3
SEND b4c4 604/1000 table=page_000628_table_6 active=4
RECV b4c4 603/1000 rank=314 id=page_001516_table_17 latency=0.4988s status=ok active=3
SEND b4c4 605/1000 table=page_001197_table_3 active=4
RECV b4c4 602/1000 rank=287 id=page_001248_table_0 latency=0.5884s status=ok active=3
SEND b4c4 606/1000 table=page_001496_table_3 active=4
RECV b4c4 604/1000 rank=207 id=page_000628_table_6 latency=0.7754s status=ok active=3
SEND b4c4 607/1000 table=page_001398_table_box-bfny2f1z active=4
RECV b4c4 606/1000 rank=232 id=page_001496_table_3 latency=0.6226s status=ok active=3
SEND b4c4 608/1000 table=page_000534_table_3 active=4
RECV b4c4 608/1000 rank=508 id=page_000534_table_3 latency=0.1838s status=ok active=3
SEND b4c4 609/1000 table=page_001595_table_box_id_9 active=4
RECV b4c4 609/1000 rank=561 id=page_001595_table_box_id_9 latency=0.1336s status=ok active=3
SEND b4c4 610/1000 table=page_001036_table_box_id_4 active=4
RECV b4c4 607/1000 rank=329 id=page_001398_table_box-bfny2f1z latency=0.4591s status=ok active=3
SEND b4c4 611/1000 table=page_000649_table_3 active=4
RECV b4c4 598/1000 rank=31 id=page_000263_table_box_id_7 latency=2.8312s status=ok active=3
SEND b4c4 612/1000 table=page_001395_table_6 active=4
RECV b4c4 611/1000 rank=412 id=page_000649_table_3 latency=0.4766s status=ok active=3
SEND b4c4 613/1000 table=page_001503_table_5 active=4
RECV b4c4 613/1000 rank=526 id=page_001503_table_5 latency=0.1722s status=ok active=3
SEND b4c4 614/1000 table=page_000508_table_4 active=4
RECV b4c4 612/1000 rank=351 id=page_001395_table_6 latency=0.4713s status=ok active=3
SEND b4c4 615/1000 table=page_000941_table_1 active=4
RECV b4c4 610/1000 rank=172 id=page_001036_table_box_id_4 latency=1.0375s status=ok active=3
SEND b4c4 616/1000 table=page_000249_table_box_id_4 active=4
RECV b4c4 614/1000 rank=366 id=page_000508_table_4 latency=0.5201s status=ok active=3
SEND b4c4 617/1000 table=page_000266_table_box_id_11 active=4
RECV b4c4 615/1000 rank=298 id=page_000941_table_1 latency=0.5370s status=ok active=3
SEND b4c4 618/1000 table=page_000246_table_box_id_14 active=4
RECV b4c4 617/1000 rank=500 id=page_000266_table_box_id_11 latency=0.2350s status=ok active=3
SEND b4c4 619/1000 table=page_001160_table_6 active=4
RECV b4c4 605/1000 rank=46 id=page_001197_table_3 latency=2.5381s status=ok active=3
SEND b4c4 620/1000 table=page_000519_table_1 active=4
RECV b4c4 618/1000 rank=502 id=page_000246_table_box_id_14 latency=0.2595s status=ok active=3
SEND b4c4 621/1000 table=page_001131_table_10 active=4
RECV b4c4 616/1000 rank=210 id=page_000249_table_box_id_4 latency=0.8782s status=ok active=3
SEND b4c4 622/1000 table=page_001147_table_9 active=4
RECV b4c4 619/1000 rank=284 id=page_001160_table_6 latency=0.6307s status=ok active=3
SEND b4c4 623/1000 table=page_001367_table_67 active=4
RECV b4c4 621/1000 rank=283 id=page_001131_table_10 latency=0.6482s status=ok active=3
SEND b4c4 624/1000 table=page_000542_table_0 active=4
RECV b4c4 620/1000 rank=220 id=page_000519_table_1 latency=0.6953s status=ok active=3
SEND b4c4 625/1000 table=page_000627_table_14 active=4
RECV b4c4 623/1000 rank=237 id=page_001367_table_67 latency=0.6147s status=ok active=3
SEND b4c4 626/1000 table=page_000654_table_0 active=4
RECV b4c4 625/1000 rank=318 id=page_000627_table_14 latency=0.4385s status=ok active=3
SEND b4c4 627/1000 table=page_000754_table_7 active=4
RECV b4c4 626/1000 rank=568 id=page_000654_table_0 latency=0.2145s status=ok active=3
SEND b4c4 628/1000 table=page_000269_table_box_id_1 active=4
RECV b4c4 624/1000 rank=219 id=page_000542_table_0 latency=0.7067s status=ok active=3
SEND b4c4 629/1000 table=page_000251_table_box_id_7 active=4
RECV b4c4 627/1000 rank=435 id=page_000754_table_7 latency=0.4139s status=ok active=3
SEND b4c4 630/1000 table=page_000500_table_5 active=4
RECV b4c4 628/1000 rank=537 id=page_000269_table_box_id_1 latency=0.2471s status=ok active=3
SEND b4c4 631/1000 table=page_000712_table_4 active=4
RECV b4c4 631/1000 rank=535 id=page_000712_table_4 latency=0.2825s status=ok active=3
SEND b4c4 632/1000 table=page_000356_table_1 active=4
RECV b4c4 632/1000 rank=409 id=page_000356_table_1 latency=0.2981s status=ok active=3
SEND b4c4 633/1000 table=page_000249_table_box-gjm9bkso active=4
RECV b4c4 629/1000 rank=184 id=page_000251_table_box_id_7 latency=0.8569s status=ok active=3
SEND b4c4 634/1000 table=page_000212_table_box_id_1 active=4
RECV b4c4 622/1000 rank=69 id=page_001147_table_9 latency=1.9857s status=ok active=3
SEND b4c4 635/1000 table=page_000716_table_0 active=4
RECV b4c4 635/1000 rank=588 id=page_000716_table_0 latency=0.2197s status=ok active=3
SEND b4c4 636/1000 table=page_000543_table_8 active=4
RECV b4c4 636/1000 rank=476 id=page_000543_table_8 latency=0.2151s status=ok active=3
SEND b4c4 637/1000 table=page_001179_table_6 active=4
RECV b4c4 630/1000 rank=96 id=page_000500_table_5 latency=1.5571s status=ok active=3
SEND b4c4 638/1000 table=page_001595_table_box_id_7 active=4
RECV b4c4 634/1000 rank=113 id=page_000212_table_box_id_1 latency=1.2632s status=ok active=3
SEND b4c4 639/1000 table=page_000792_table_4 active=4
RECV b4c4 633/1000 rank=100 id=page_000249_table_box-gjm9bkso latency=1.4221s status=ok active=3
SEND b4c4 640/1000 table=page_000564_table_7 active=4
RECV b4c4 639/1000 rank=506 id=page_000792_table_4 latency=0.1942s status=ok active=3
SEND b4c4 641/1000 table=page_000553_table_8 active=4
RECV b4c4 638/1000 rank=195 id=page_001595_table_box_id_7 latency=0.8653s status=ok active=3
SEND b4c4 642/1000 table=page_000775_table_2 active=4
RECV b4c4 642/1000 rank=591 id=page_000775_table_2 latency=0.1152s status=ok active=3
SEND b4c4 643/1000 table=page_001632_table_box_id_1 active=4
RECV b4c4 640/1000 rank=334 id=page_000564_table_7 latency=0.5369s status=ok active=3
SEND b4c4 644/1000 table=page_000496_table_4 active=4
RECV b4c4 643/1000 rank=517 id=page_001632_table_box_id_1 latency=0.2676s status=ok active=3
SEND b4c4 645/1000 table=page_000746_table_18 active=4
RECV b4c4 641/1000 rank=166 id=page_000553_table_8 latency=1.0987s status=ok active=3
SEND b4c4 646/1000 table=page_000838_table_4 active=4
RECV b4c4 646/1000 rank=628 id=page_000838_table_4 latency=0.0766s status=ok active=3
SEND b4c4 647/1000 table=page_000513_table_1 active=4
RECV b4c4 637/1000 rank=61 id=page_001179_table_6 latency=2.1076s status=ok active=3
SEND b4c4 648/1000 table=page_001398_table_box-7mwax454 active=4
RECV b4c4 645/1000 rank=161 id=page_000746_table_18 latency=0.9177s status=ok active=3
SEND b4c4 649/1000 table=page_000182_table_box-tn22tc2f active=4
RECV b4c4 648/1000 rank=377 id=page_001398_table_box-7mwax454 latency=0.5029s status=ok active=3
SEND b4c4 650/1000 table=page_001480_table_4 active=4
RECV b4c4 649/1000 rank=492 id=page_000182_table_box-tn22tc2f latency=0.2859s status=ok active=3
SEND b4c4 651/1000 table=page_000292_table_box_id_2 active=4
RECV b4c4 650/1000 rank=440 id=page_001480_table_4 latency=0.3447s status=ok active=3
SEND b4c4 652/1000 table=page_000514_table_6 active=4
RECV b4c4 647/1000 rank=198 id=page_000513_table_1 latency=0.8829s status=ok active=3
SEND b4c4 653/1000 table=page_001184_table_10 active=4
RECV b4c4 653/1000 rank=573 id=page_001184_table_10 latency=0.2575s status=ok active=3
SEND b4c4 654/1000 table=page_000451_table_10 active=4
RECV b4c4 652/1000 rank=209 id=page_000514_table_6 latency=0.7004s status=ok active=3
SEND b4c4 655/1000 table=page_000244_table_box-fkrm6qrz active=4
RECV b4c4 655/1000 rank=360 id=page_000244_table_box-fkrm6qrz latency=0.3597s status=ok active=3
SEND b4c4 656/1000 table=page_000715_table_2 active=4
RECV b4c4 644/1000 rank=34 id=page_000496_table_4 latency=2.7203s status=ok active=3
SEND b4c4 657/1000 table=page_000262_table_box_id_1 active=4
RECV b4c4 651/1000 rank=99 id=page_000292_table_box_id_2 latency=1.4400s status=ok active=3
SEND b4c4 658/1000 table=page_000241_table_box_id_2 active=4
RECV b4c4 656/1000 rank=576 id=page_000715_table_2 latency=0.2160s status=ok active=3
SEND b4c4 659/1000 table=page_000866_table_14 active=4
RECV b4c4 654/1000 rank=115 id=page_000451_table_10 latency=1.2752s status=ok active=3
SEND b4c4 660/1000 table=page_000656_table_19 active=4
RECV b4c4 660/1000 rank=656 id=page_000656_table_19 latency=0.0443s status=ok active=3
SEND b4c4 661/1000 table=page_000630_table_2 active=4
RECV b4c4 657/1000 rank=296 id=page_000262_table_box_id_1 latency=0.6550s status=ok active=3
SEND b4c4 662/1000 table=page_000660_table_4 active=4
RECV b4c4 659/1000 rank=419 id=page_000866_table_14 latency=0.5383s status=ok active=3
SEND b4c4 663/1000 table=page_001187_table_0 active=4
RECV b4c4 658/1000 rank=315 id=page_000241_table_box_id_2 latency=0.5771s status=ok active=3
SEND b4c4 664/1000 table=page_000266_table_box_id_3 active=4
RECV b4c4 662/1000 rank=605 id=page_000660_table_4 latency=0.1021s status=ok active=3
SEND b4c4 665/1000 table=page_001191_table_2 active=4
RECV b4c4 664/1000 rank=571 id=page_000266_table_box_id_3 latency=0.2966s status=ok active=3
SEND b4c4 666/1000 table=page_000833_table_4 active=4
RECV b4c4 665/1000 rank=515 id=page_001191_table_2 latency=0.3495s status=ok active=3
SEND b4c4 667/1000 table=page_001174_table_box_id_2 active=4
RECV b4c4 666/1000 rank=352 id=page_000833_table_4 latency=0.4367s status=ok active=3
SEND b4c4 668/1000 table=page_000268_table_box_id_2 active=4
RECV b4c4 667/1000 rank=363 id=page_001174_table_box_id_2 latency=0.5616s status=ok active=3
SEND b4c4 669/1000 table=page_000355_table_3 active=4
RECV b4c4 669/1000 rank=586 id=page_000355_table_3 latency=0.1187s status=ok active=3
SEND b4c4 670/1000 table=page_000647_table_4 active=4
RECV b4c4 670/1000 rank=650 id=page_000647_table_4 latency=0.0575s status=ok active=3
SEND b4c4 671/1000 table=page_001368_table_box_id_239 active=4
RECV b4c4 671/1000 rank=512 id=page_001368_table_box_id_239 latency=0.1742s status=ok active=3
SEND b4c4 672/1000 table=page_000261_table_box_id_3 active=4
RECV b4c4 661/1000 rank=104 id=page_000630_table_2 latency=1.5483s status=ok active=3
SEND b4c4 673/1000 table=page_000268_table_box_id_4 active=4
RECV b4c4 673/1000 rank=361 id=page_000268_table_box_id_4 latency=0.5438s status=ok active=3
SEND b4c4 674/1000 table=page_001342_table_2 active=4
RECV b4c4 668/1000 rank=133 id=page_000268_table_box_id_2 latency=1.1203s status=ok active=3
SEND b4c4 675/1000 table=page_001636_table_1 active=4
RECV b4c4 675/1000 rank=252 id=page_001636_table_1 latency=0.6250s status=ok active=3
SEND b4c4 676/1000 table=page_000503_table_1 active=4
RECV b4c4 674/1000 rank=185 id=page_001342_table_2 latency=0.7896s status=ok active=3
SEND b4c4 677/1000 table=page_000507_table_6 active=4
RECV b4c4 663/1000 rank=28 id=page_001187_table_0 latency=2.9102s status=ok active=3
SEND b4c4 678/1000 table=page_001367_table_3 active=4
RECV b4c4 676/1000 rank=206 id=page_000503_table_1 latency=0.7517s status=ok active=3
SEND b4c4 679/1000 table=page_001117_table_box_id_7 active=4
RECV b4c4 672/1000 rank=54 id=page_000261_table_box_id_3 latency=2.0381s status=ok active=3
SEND b4c4 680/1000 table=page_000934_table_1 active=4
RECV b4c4 677/1000 rank=176 id=page_000507_table_6 latency=0.8282s status=ok active=3
SEND b4c4 681/1000 table=page_000282_table_box_id_1 active=4
RECV b4c4 680/1000 rank=567 id=page_000934_table_1 latency=0.1370s status=ok active=3
SEND b4c4 682/1000 table=page_001368_table_box_id_244 active=4
RECV b4c4 679/1000 rank=483 id=page_001117_table_box_id_7 latency=0.2461s status=ok active=3
SEND b4c4 683/1000 table=page_001375_table_7 active=4
RECV b4c4 683/1000 rank=458 id=page_001375_table_7 latency=0.3770s status=ok active=3
SEND b4c4 684/1000 table=page_000298_table_5 active=4
RECV b4c4 682/1000 rank=444 id=page_001368_table_box_id_244 latency=0.5220s status=ok active=3
SEND b4c4 685/1000 table=page_000941_table_1 active=4
RECV b4c4 678/1000 rank=101 id=page_001367_table_3 latency=1.4483s status=ok active=3
SEND b4c4 686/1000 table=page_000511_table_1 active=4
RECV b4c4 685/1000 rank=298 id=page_000941_table_1 latency=0.4098s status=ok active=3
SEND b4c4 687/1000 table=page_001220_table_8 active=4
RECV b4c4 684/1000 rank=274 id=page_000298_table_5 latency=0.5377s status=ok active=3
SEND b4c4 688/1000 table=page_001197_table_5 active=4
RECV b4c4 688/1000 rank=118 id=page_001197_table_5 latency=1.1519s status=ok active=3
SEND b4c4 689/1000 table=page_000465_table_10 active=4
RECV b4c4 687/1000 rank=94 id=page_001220_table_8 latency=1.2743s status=ok active=3
SEND b4c4 690/1000 table=page_001367_table_51 active=4
RECV b4c4 686/1000 rank=71 id=page_000511_table_1 latency=1.5076s status=ok active=3
SEND b4c4 691/1000 table=page_000496_table_3 active=4
RECV b4c4 689/1000 rank=339 id=page_000465_table_10 latency=0.4643s status=ok active=3
SEND b4c4 692/1000 table=page_000519_table_8 active=4
RECV b4c4 690/1000 rank=65 id=page_001367_table_51 latency=0.6865s status=ok active=3
SEND b4c4 693/1000 table=page_000631_table_0 active=4
RECV b4c4 692/1000 rank=289 id=page_000519_table_8 latency=0.4907s status=ok active=3
SEND b4c4 694/1000 table=page_000900_table_4 active=4
RECV b4c4 694/1000 rank=602 id=page_000900_table_4 latency=0.1057s status=ok active=3
SEND b4c4 695/1000 table=page_000676_table_2 active=4
RECV b4c4 691/1000 rank=163 id=page_000496_table_3 latency=1.0291s status=ok active=3
SEND b4c4 696/1000 table=page_000212_table_box_id_1 active=4
RECV b4c4 693/1000 rank=147 id=page_000631_table_0 latency=1.0271s status=ok active=3
SEND b4c4 697/1000 table=page_001134_table_11 active=4
RECV b4c4 695/1000 rank=112 id=page_000676_table_2 latency=1.1532s status=ok active=3
SEND b4c4 698/1000 table=page_001011_table_18 active=4
RECV b4c4 696/1000 rank=113 id=page_000212_table_box_id_1 latency=1.1048s status=ok active=3
SEND b4c4 699/1000 table=page_000922_table_12 active=4
RECV b4c4 698/1000 rank=387 id=page_001011_table_18 latency=0.4042s status=ok active=3
SEND b4c4 700/1000 table=page_000744_table_11 active=4
RECV b4c4 700/1000 rank=594 id=page_000744_table_11 latency=0.1077s status=ok active=3
SEND b4c4 701/1000 table=page_001232_table_box_id_1 active=4
RECV b4c4 697/1000 rank=149 id=page_001134_table_11 latency=0.9998s status=ok active=3
SEND b4c4 702/1000 table=page_001368_table_box_id_165 active=4
RECV b4c4 699/1000 rank=294 id=page_000922_table_12 latency=0.5085s status=ok active=3
SEND b4c4 703/1000 table=page_000720_table_3 active=4
RECV b4c4 702/1000 rank=604 id=page_001368_table_box_id_165 latency=0.0990s status=ok active=3
SEND b4c4 704/1000 table=page_001637_table_4 active=4
RECV b4c4 704/1000 rank=599 id=page_001637_table_4 latency=0.1427s status=ok active=3
SEND b4c4 705/1000 table=page_001198_table_8 active=4
RECV b4c4 703/1000 rank=574 id=page_000720_table_3 latency=0.1674s status=ok active=3
SEND b4c4 706/1000 table=page_000696_table_0 active=4
RECV b4c4 681/1000 rank=06 id=page_000282_table_box_id_1 latency=5.2215s status=ok active=3
SEND b4c4 707/1000 table=page_001163_table_0 active=4
RECV b4c4 701/1000 rank=313 id=page_001232_table_box_id_1 latency=0.7212s status=ok active=3
SEND b4c4 708/1000 table=page_001398_table_box-13qv1ztw active=4
RECV b4c4 706/1000 rank=355 id=page_000696_table_0 latency=0.4947s status=ok active=3
SEND b4c4 709/1000 table=page_001368_table_box_id_273 active=4
RECV b4c4 708/1000 rank=511 id=page_001398_table_box-13qv1ztw latency=0.1992s status=ok active=3
SEND b4c4 710/1000 table=page_000508_table_4 active=4
RECV b4c4 709/1000 rank=570 id=page_001368_table_box_id_273 latency=0.1731s status=ok active=3
SEND b4c4 711/1000 table=page_000106_table_box_id_2 active=4
RECV b4c4 705/1000 rank=260 id=page_001198_table_8 latency=0.7410s status=ok active=3
SEND b4c4 712/1000 table=page_000266_table_box_id_7 active=4
RECV b4c4 712/1000 rank=509 id=page_000266_table_box_id_7 latency=0.2369s status=ok active=3
SEND b4c4 713/1000 table=page_000591_table_3 active=4
RECV b4c4 710/1000 rank=366 id=page_000508_table_4 latency=0.4573s status=ok active=3
SEND b4c4 714/1000 table=page_001168_table_0 active=4
RECV b4c4 707/1000 rank=126 id=page_001163_table_0 latency=1.3926s status=ok active=3
SEND b4c4 715/1000 table=page_000467_table_17 active=4
RECV b4c4 713/1000 rank=322 id=page_000591_table_3 latency=0.4706s status=ok active=3
SEND b4c4 716/1000 table=page_001195_table_7 active=4
RECV b4c4 711/1000 rank=208 id=page_000106_table_box_id_2 latency=0.8524s status=ok active=3
SEND b4c4 717/1000 table=page_001142_table_13 active=4
RECV b4c4 714/1000 rank=216 id=page_001168_table_0 latency=0.7594s status=ok active=3
SEND b4c4 718/1000 table=page_000515_table_7 active=4
RECV b4c4 717/1000 rank=459 id=page_001142_table_13 latency=0.3882s status=ok active=3
SEND b4c4 719/1000 table=page_001449_table_1 active=4
RECV b4c4 719/1000 rank=418 id=page_001449_table_1 latency=0.2816s status=ok active=3
SEND b4c4 720/1000 table=page_001199_table_15 active=4
RECV b4c4 718/1000 rank=301 id=page_000515_table_7 latency=0.4500s status=ok active=3
SEND b4c4 721/1000 table=page_000526_table_4 active=4
RECV b4c4 721/1000 rank=410 id=page_000526_table_4 latency=0.3584s status=ok active=3
SEND b4c4 722/1000 table=page_000219_table_box_id_3 active=4
RECV b4c4 720/1000 rank=290 id=page_001199_table_15 latency=0.5656s status=ok active=3
SEND b4c4 723/1000 table=page_001177_table_2 active=4
RECV b4c4 715/1000 rank=120 id=page_000467_table_17 latency=1.4992s status=ok active=3
SEND b4c4 724/1000 table=page_001134_table_1 active=4
RECV b4c4 722/1000 rank=300 id=page_000219_table_box_id_3 latency=0.5602s status=ok active=3
SEND b4c4 725/1000 table=page_001522_table_8 active=4
RECV b4c4 716/1000 rank=82 id=page_001195_table_7 latency=1.8869s status=ok active=3
SEND b4c4 726/1000 table=page_001357_table_3 active=4
RECV b4c4 726/1000 rank=557 id=page_001357_table_3 latency=0.1366s status=ok active=3
SEND b4c4 727/1000 table=page_000657_table_6 active=4
RECV b4c4 727/1000 rank=659 id=page_000657_table_6 latency=0.0435s status=ok active=3
SEND b4c4 728/1000 table=page_000356_table_1 active=4
RECV b4c4 723/1000 rank=229 id=page_001177_table_2 latency=0.7715s status=ok active=3
SEND b4c4 729/1000 table=page_000288_table_box_id_1 active=4
RECV b4c4 728/1000 rank=409 id=page_000356_table_1 latency=0.3855s status=ok active=3
SEND b4c4 730/1000 table=page_001147_table_8 active=4
RECV b4c4 725/1000 rank=234 id=page_001522_table_8 latency=0.7616s status=ok active=3
SEND b4c4 731/1000 table=page_000253_table_box_id_2 active=4
RECV b4c4 731/1000 rank=236 id=page_000253_table_box_id_2 latency=0.5285s status=ok active=3
SEND b4c4 732/1000 table=page_000226_table_box_id_3 active=4
RECV b4c4 724/1000 rank=77 id=page_001134_table_1 latency=1.7804s status=ok active=3
SEND b4c4 733/1000 table=page_000209_table_box_id_1 active=4
RECV b4c4 730/1000 rank=162 id=page_001147_table_8 latency=0.9841s status=ok active=3
SEND b4c4 734/1000 table=page_000844_table_6 active=4
RECV b4c4 733/1000 rank=432 id=page_000209_table_box_id_1 latency=0.3535s status=ok active=3
SEND b4c4 735/1000 table=page_001368_table_box_id_278 active=4
RECV b4c4 732/1000 rank=244 id=page_000226_table_box_id_3 latency=0.6670s status=ok active=3
SEND b4c4 736/1000 table=page_001182_table_3 active=4
RECV b4c4 735/1000 rank=621 id=page_001368_table_box_id_278 latency=0.1399s status=ok active=3
SEND b4c4 737/1000 table=page_000246_table_box_id_6 active=4
RECV b4c4 737/1000 rank=575 id=page_000246_table_box_id_6 latency=0.1260s status=ok active=3
SEND b4c4 738/1000 table=page_001175_table_2 active=4
RECV b4c4 734/1000 rank=341 id=page_000844_table_6 latency=0.4766s status=ok active=3
SEND b4c4 739/1000 table=page_001211_table_7 active=4
RECV b4c4 739/1000 rank=462 id=page_001211_table_7 latency=0.3568s status=ok active=3
SEND b4c4 740/1000 table=page_000204_table_box_id_6 active=4
RECV b4c4 736/1000 rank=250 id=page_001182_table_3 latency=0.6310s status=ok active=3
SEND b4c4 741/1000 table=page_000800_table_12 active=4
RECV b4c4 741/1000 rank=655 id=page_000800_table_12 latency=0.1634s status=ok active=3
SEND b4c4 742/1000 table=page_000762_table_5 active=4
RECV b4c4 742/1000 rank=610 id=page_000762_table_5 latency=0.0924s status=ok active=3
SEND b4c4 743/1000 table=page_000775_table_2 active=4
RECV b4c4 743/1000 rank=591 id=page_000775_table_2 latency=0.1134s status=ok active=3
SEND b4c4 744/1000 table=page_000821_table_box_id_14 active=4
RECV b4c4 740/1000 rank=344 id=page_000204_table_box_id_6 latency=0.4686s status=ok active=3
SEND b4c4 745/1000 table=page_000287_table_box_id_8 active=4
RECV b4c4 738/1000 rank=178 id=page_001175_table_2 latency=0.8874s status=ok active=3
SEND b4c4 746/1000 table=page_000247_table_box_id_0 active=4
RECV b4c4 744/1000 rank=585 id=page_000821_table_box_id_14 latency=0.1202s status=ok active=3
SEND b4c4 747/1000 table=page_000216_table_box_id_0 active=4
RECV b4c4 746/1000 rank=609 id=page_000247_table_box_id_0 latency=0.2866s status=ok active=3
SEND b4c4 748/1000 table=page_000246_table_box_id_14 active=4
RECV b4c4 748/1000 rank=502 id=page_000246_table_box_id_14 latency=0.1878s status=ok active=3
SEND b4c4 749/1000 table=page_000818_table_1 active=4
RECV b4c4 749/1000 rank=551 id=page_000818_table_1 latency=0.1464s status=ok active=3
SEND b4c4 750/1000 table=page_000521_table_2 active=4
RECV b4c4 750/1000 rank=173 id=page_000521_table_2 latency=0.7130s status=ok active=3
SEND b4c4 751/1000 table=page_000236_table_box_id_1 active=4
RECV b4c4 751/1000 rank=324 id=page_000236_table_box_id_1 latency=0.3838s status=ok active=3
SEND b4c4 752/1000 table=page_000516_table_0 active=4
RECV b4c4 729/1000 rank=08 id=page_000288_table_box_id_1 latency=5.2734s status=ok active=3
SEND b4c4 753/1000 table=page_001130_table_13 active=4
RECV b4c4 752/1000 rank=125 id=page_000516_table_0 latency=0.9718s status=ok active=3
SEND b4c4 754/1000 table=page_000536_table_4 active=4
RECV b4c4 745/1000 rank=24 id=page_000287_table_box_id_8 latency=2.8499s status=ok active=3
SEND b4c4 755/1000 table=page_001164_table_2 active=4
RECV b4c4 753/1000 rank=531 id=page_001130_table_13 latency=0.2296s status=ok active=3
SEND b4c4 756/1000 table=page_001398_table_box-7mwax454 active=4
RECV b4c4 747/1000 rank=23 id=page_000216_table_box_id_0 latency=2.8994s status=ok active=3
SEND b4c4 757/1000 table=page_000266_table_box_id_9 active=4
RECV b4c4 757/1000 rank=479 id=page_000266_table_box_id_9 latency=0.3043s status=ok active=3
SEND b4c4 758/1000 table=page_000222_table_box_id_3 active=4
RECV b4c4 754/1000 rank=303 id=page_000536_table_4 latency=0.5812s status=ok active=3
SEND b4c4 759/1000 table=page_001026_table_box_id_12 active=4
RECV b4c4 756/1000 rank=377 id=page_001398_table_box-7mwax454 latency=0.6576s status=ok active=3
SEND b4c4 760/1000 table=page_001368_table_box_id_26 active=4
RECV b4c4 759/1000 rank=373 id=page_001026_table_box_id_12 latency=0.4441s status=ok active=3
SEND b4c4 761/1000 table=page_000518_table_11 active=4
RECV b4c4 758/1000 rank=258 id=page_000222_table_box_id_3 latency=0.6402s status=ok active=3
SEND b4c4 762/1000 table=page_000434_table_15 active=4
RECV b4c4 761/1000 rank=424 id=page_000518_table_11 latency=0.3626s status=ok active=3
SEND b4c4 763/1000 table=page_001498_table_14 active=4
RECV b4c4 760/1000 rank=259 id=page_001368_table_box_id_26 latency=0.6098s status=ok active=3
SEND b4c4 764/1000 table=page_001378_table_box_id_1 active=4
RECV b4c4 763/1000 rank=443 id=page_001498_table_14 latency=0.2852s status=ok active=3
SEND b4c4 765/1000 table=page_001152_table_0 active=4
RECV b4c4 762/1000 rank=267 id=page_000434_table_15 latency=0.5755s status=ok active=3
SEND b4c4 766/1000 table=page_000239_table_box_id_7 active=4
RECV b4c4 764/1000 rank=398 id=page_001378_table_box_id_1 latency=0.5381s status=ok active=3
SEND b4c4 767/1000 table=page_001210_table_4 active=4
RECV b4c4 766/1000 rank=494 id=page_000239_table_box_id_7 latency=0.3620s status=ok active=3
SEND b4c4 768/1000 table=page_001123_table_14 active=4
RECV b4c4 768/1000 rank=413 id=page_001123_table_14 latency=0.2940s status=ok active=3
SEND b4c4 769/1000 table=page_000523_table_1 active=4
RECV b4c4 769/1000 rank=471 id=page_000523_table_1 latency=0.2141s status=ok active=3
SEND b4c4 770/1000 table=page_001166_table_5 active=4
RECV b4c4 755/1000 rank=40 id=page_001164_table_2 latency=2.7096s status=ok active=3
SEND b4c4 771/1000 table=page_000712_table_4 active=4
RECV b4c4 770/1000 rank=472 id=page_001166_table_5 latency=0.2224s status=ok active=3
SEND b4c4 772/1000 table=page_000206_table_box_id_9 active=4
RECV b4c4 767/1000 rank=152 id=page_001210_table_4 latency=0.9757s status=ok active=3
SEND b4c4 773/1000 table=page_001145_table_3 active=4
RECV b4c4 771/1000 rank=535 id=page_000712_table_4 latency=0.2348s status=ok active=3
SEND b4c4 774/1000 table=page_001140_table_11 active=4
RECV b4c4 765/1000 rank=78 id=page_001152_table_0 latency=1.6559s status=ok active=3
SEND b4c4 775/1000 table=page_000946_table_14 active=4
RECV b4c4 773/1000 rank=323 id=page_001145_table_3 latency=0.4757s status=ok active=3
SEND b4c4 776/1000 table=page_001130_table_1 active=4
RECV b4c4 772/1000 rank=293 id=page_000206_table_box_id_9 latency=0.6289s status=ok active=3
SEND b4c4 777/1000 table=page_000499_table_5 active=4
RECV b4c4 776/1000 rank=572 id=page_001130_table_1 latency=0.2516s status=ok active=3
SEND b4c4 778/1000 table=page_001139_table_5 active=4
RECV b4c4 775/1000 rank=461 id=page_000946_table_14 latency=0.3482s status=ok active=3
SEND b4c4 779/1000 table=page_000220_table_box_id_3 active=4
RECV b4c4 777/1000 rank=448 id=page_000499_table_5 latency=0.2714s status=ok active=3
SEND b4c4 780/1000 table=page_000635_table_0 active=4
RECV b4c4 779/1000 rank=358 id=page_000220_table_box_id_3 latency=0.5193s status=ok active=3
SEND b4c4 781/1000 table=page_000866_table_14 active=4
RECV b4c4 774/1000 rank=148 id=page_001140_table_11 latency=1.2408s status=ok active=3
SEND b4c4 782/1000 table=page_000903_table_15 active=4
RECV b4c4 782/1000 rank=522 id=page_000903_table_15 latency=0.1723s status=ok active=3
SEND b4c4 783/1000 table=page_001135_table_6 active=4
RECV b4c4 781/1000 rank=419 id=page_000866_table_14 latency=0.3932s status=ok active=3
SEND b4c4 784/1000 table=page_001368_table_box_id_257 active=4
RECV b4c4 780/1000 rank=179 id=page_000635_table_0 latency=0.9399s status=ok active=3
SEND b4c4 785/1000 table=page_000853_table_9 active=4
RECV b4c4 785/1000 rank=584 id=page_000853_table_9 latency=0.1212s status=ok active=3
SEND b4c4 786/1000 table=page_001219_table_box_id_1 active=4
RECV b4c4 784/1000 rank=473 id=page_001368_table_box_id_257 latency=0.2507s status=ok active=3
SEND b4c4 787/1000 table=page_000545_table_14 active=4
RECV b4c4 783/1000 rank=299 id=page_001135_table_6 latency=0.5924s status=ok active=3
SEND b4c4 788/1000 table=page_001375_table_1 active=4
RECV b4c4 787/1000 rank=488 id=page_000545_table_14 latency=0.3323s status=ok active=3
SEND b4c4 789/1000 table=page_000524_table_0 active=4
RECV b4c4 778/1000 rank=79 id=page_001139_table_5 latency=1.8123s status=ok active=3
SEND b4c4 790/1000 table=page_000637_table_6 active=4
RECV b4c4 789/1000 rank=140 id=page_000524_table_0 latency=0.9456s status=ok active=3
SEND b4c4 791/1000 table=page_001404_table_7 active=4
RECV b4c4 788/1000 rank=111 id=page_001375_table_1 latency=1.1839s status=ok active=3
SEND b4c4 792/1000 table=page_000294_table_box_id_1 active=4
RECV b4c4 791/1000 rank=445 id=page_001404_table_7 latency=0.2512s status=ok active=3
SEND b4c4 793/1000 table=page_001368_table_box_id_268 active=4
RECV b4c4 793/1000 rank=665 id=page_001368_table_box_id_268 latency=0.1134s status=ok active=3
SEND b4c4 794/1000 table=page_000512_table_0 active=4
RECV b4c4 786/1000 rank=50 id=page_001219_table_box_id_1 latency=2.0677s status=ok active=3
SEND b4c4 795/1000 table=page_000428_table_6 active=4
RECV b4c4 795/1000 rank=416 id=page_000428_table_6 latency=0.2942s status=ok active=3
SEND b4c4 796/1000 table=page_001376_table_13 active=4
RECV b4c4 796/1000 rank=449 id=page_001376_table_13 latency=0.2462s status=ok active=3
SEND b4c4 797/1000 table=page_000206_table_box_id_1 active=4
RECV b4c4 792/1000 rank=84 id=page_000294_table_box_id_1 latency=1.5077s status=ok active=3
SEND b4c4 798/1000 table=page_001419_table_10 active=4
RECV b4c4 797/1000 rank=309 id=page_000206_table_box_id_1 latency=0.4168s status=ok active=3
SEND b4c4 799/1000 table=page_000984_table_2 active=4
RECV b4c4 799/1000 rank=625 id=page_000984_table_2 latency=0.0815s status=ok active=3
SEND b4c4 800/1000 table=page_001180_table_16 active=4
RECV b4c4 790/1000 rank=33 id=page_000637_table_6 latency=2.4473s status=ok active=3
SEND b4c4 801/1000 table=page_000465_table_8 active=4
RECV b4c4 794/1000 rank=85 id=page_000512_table_0 latency=1.4389s status=ok active=3
SEND b4c4 802/1000 table=page_000210_table_box_id_4 active=4
RECV b4c4 798/1000 rank=464 id=page_001419_table_10 latency=0.4070s status=ok active=3
SEND b4c4 803/1000 table=page_000292_table_box_id_1 active=4
RECV b4c4 802/1000 rank=466 id=page_000210_table_box_id_4 latency=0.3051s status=ok active=3
SEND b4c4 804/1000 table=page_000266_table_box_id_11 active=4
RECV b4c4 800/1000 rank=390 id=page_001180_table_16 latency=0.5403s status=ok active=3
SEND b4c4 805/1000 table=page_001189_table_box_id_3 active=4
RECV b4c4 801/1000 rank=331 id=page_000465_table_8 latency=0.6456s status=ok active=3
SEND b4c4 806/1000 table=page_001133_table_3 active=4
RECV b4c4 804/1000 rank=500 id=page_000266_table_box_id_11 latency=0.3214s status=ok active=3
SEND b4c4 807/1000 table=page_001167_table_8 active=4
RECV b4c4 807/1000 rank=450 id=page_001167_table_8 latency=0.3321s status=ok active=3
SEND b4c4 808/1000 table=page_001516_table_17 active=4
RECV b4c4 805/1000 rank=338 id=page_001189_table_box_id_3 latency=0.5021s status=ok active=3
SEND b4c4 809/1000 table=page_000233_table_box_id_2 active=4
RECV b4c4 808/1000 rank=314 id=page_001516_table_17 latency=0.4773s status=ok active=3
SEND b4c4 810/1000 table=page_001193_table_4 active=4
RECV b4c4 810/1000 rank=342 id=page_001193_table_4 latency=0.3664s status=ok active=3
SEND b4c4 811/1000 table=page_000982_table_16 active=4
RECV b4c4 806/1000 rank=123 id=page_001133_table_3 latency=1.1981s status=ok active=3
SEND b4c4 812/1000 table=page_001207_table_4 active=4
RECV b4c4 811/1000 rank=495 id=page_000982_table_16 latency=0.2353s status=ok active=3
SEND b4c4 813/1000 table=page_000746_table_18 active=4
RECV b4c4 812/1000 rank=383 id=page_001207_table_4 latency=0.4479s status=ok active=3
SEND b4c4 814/1000 table=page_001398_table_box-5zkimf1o active=4
RECV b4c4 814/1000 rank=518 id=page_001398_table_box-5zkimf1o latency=0.1719s status=ok active=3
SEND b4c4 815/1000 table=page_000215_table_box_id_4 active=4
RECV b4c4 815/1000 rank=343 id=page_000215_table_box_id_4 latency=0.3683s status=ok active=3
SEND b4c4 816/1000 table=page_000226_table_box_id_5 active=4
RECV b4c4 813/1000 rank=161 id=page_000746_table_18 latency=0.9449s status=ok active=3
SEND b4c4 817/1000 table=page_000603_table_7 active=4
RECV b4c4 816/1000 rank=405 id=page_000226_table_box_id_5 latency=0.3736s status=ok active=3
SEND b4c4 818/1000 table=page_001183_table_11 active=4
RECV b4c4 817/1000 rank=403 id=page_000603_table_7 latency=0.3764s status=ok active=3
SEND b4c4 819/1000 table=page_000220_table_box_id_10 active=4
RECV b4c4 803/1000 rank=25 id=page_000292_table_box_id_1 latency=3.1318s status=ok active=3
SEND b4c4 820/1000 table=page_001368_table_box_id_266 active=4
RECV b4c4 820/1000 rank=648 id=page_001368_table_box_id_266 latency=0.1411s status=ok active=3
SEND b4c4 821/1000 table=page_000628_table_6 active=4
RECV b4c4 809/1000 rank=38 id=page_000233_table_box_id_2 latency=2.5333s status=ok active=3
SEND b4c4 822/1000 table=page_000200_table_box_id_2 active=4
RECV b4c4 818/1000 rank=395 id=page_001183_table_11 latency=0.5742s status=ok active=3
SEND b4c4 823/1000 table=page_001138_table_1 active=4
RECV b4c4 819/1000 rank=406 id=page_000220_table_box_id_10 latency=0.5062s status=ok active=3
SEND b4c4 824/1000 table=page_001162_table_3 active=4
RECV b4c4 822/1000 rank=291 id=page_000200_table_box_id_2 latency=0.6385s status=ok active=3
SEND b4c4 825/1000 table=page_001132_table_box_id_18 active=4
RECV b4c4 825/1000 rank=546 id=page_001132_table_box_id_18 latency=0.1451s status=ok active=3
SEND b4c4 826/1000 table=page_001187_table_0 active=4
RECV b4c4 824/1000 rank=257 id=page_001162_table_3 latency=0.5067s status=ok active=3
SEND b4c4 827/1000 table=page_000275_table_box_id_1 active=4
RECV b4c4 821/1000 rank=207 id=page_000628_table_6 latency=0.8706s status=ok active=3
SEND b4c4 828/1000 table=page_000225_table_box_id_9 active=4
RECV b4c4 828/1000 rank=431 id=page_000225_table_box_id_9 latency=0.4523s status=ok active=3
SEND b4c4 829/1000 table=page_001368_table_box_id_271 active=4
RECV b4c4 829/1000 rank=528 id=page_001368_table_box_id_271 latency=0.1543s status=ok active=3
SEND b4c4 830/1000 table=page_000595_table_25 active=4
RECV b4c4 830/1000 rank=654 id=page_000595_table_25 latency=0.0433s status=ok active=3
SEND b4c4 831/1000 table=page_000256_table_box_id_12 active=4
RECV b4c4 831/1000 rank=369 id=page_000256_table_box_id_12 latency=0.3447s status=ok active=3
SEND b4c4 832/1000 table=page_000249_table_box_id_4 active=4
RECV b4c4 823/1000 rank=59 id=page_001138_table_1 latency=2.0266s status=ok active=3
SEND b4c4 833/1000 table=page_000451_table_12 active=4
RECV b4c4 832/1000 rank=210 id=page_000249_table_box_id_4 latency=0.6597s status=ok active=3
SEND b4c4 834/1000 table=page_000721_table_19 active=4
RECV b4c4 834/1000 rank=583 id=page_000721_table_19 latency=0.1227s status=ok active=3
SEND b4c4 835/1000 table=page_000231_table_box_id_2 active=4
RECV b4c4 833/1000 rank=74 id=page_000451_table_12 latency=0.8442s status=ok active=3
SEND b4c4 836/1000 table=page_001375_table_4 active=4
RECV b4c4 826/1000 rank=28 id=page_001187_table_0 latency=2.6334s status=ok active=3
SEND b4c4 837/1000 table=page_001140_table_12 active=4
RECV b4c4 837/1000 rank=401 id=page_001140_table_12 latency=0.3085s status=ok active=3
SEND b4c4 838/1000 table=page_000235_table_box_id_16 active=4
RECV b4c4 835/1000 rank=105 id=page_000231_table_box_id_2 latency=1.2072s status=ok active=3
SEND b4c4 839/1000 table=page_000683_table_5 active=4
RECV b4c4 839/1000 rank=596 id=page_000683_table_5 latency=0.1097s status=ok active=3
SEND b4c4 840/1000 table=page_001395_table_7 active=4
RECV b4c4 838/1000 rank=417 id=page_000235_table_box_id_16 latency=0.4094s status=ok active=3
SEND b4c4 841/1000 table=page_001191_table_2 active=4
RECV b4c4 841/1000 rank=515 id=page_001191_table_2 latency=0.1736s status=ok active=3
SEND b4c4 842/1000 table=page_000861_table_17 active=4
RECV b4c4 840/1000 rank=357 id=page_001395_table_7 latency=0.3961s status=ok active=3
SEND b4c4 843/1000 table=page_000297_table_5 active=4
RECV b4c4 836/1000 rank=60 id=page_001375_table_4 latency=1.9342s status=ok active=3
SEND b4c4 844/1000 table=page_000290_table_box_id_1 active=4
RECV b4c4 842/1000 rank=156 id=page_000861_table_17 latency=1.0548s status=ok active=3
SEND b4c4 845/1000 table=page_000937_table_1 active=4
RECV b4c4 827/1000 rank=12 id=page_000275_table_box_id_1 latency=4.7761s status=ok active=3
SEND b4c4 846/1000 table=page_001149_table_0 active=4
RECV b4c4 843/1000 rank=175 id=page_000297_table_5 latency=1.3102s status=ok active=3
SEND b4c4 847/1000 table=page_000585_table_1 active=4
RECV b4c4 845/1000 rank=415 id=page_000937_table_1 latency=0.3051s status=ok active=3
SEND b4c4 848/1000 table=page_000938_table_5 active=4
RECV b4c4 848/1000 rank=402 id=page_000938_table_5 latency=0.4665s status=ok active=3
SEND b4c4 849/1000 table=page_001147_table_5 active=4
RECV b4c4 846/1000 rank=223 id=page_001149_table_0 latency=0.7978s status=ok active=3
SEND b4c4 850/1000 table=page_000324_table_0 active=4
RECV b4c4 850/1000 rank=414 id=page_000324_table_0 latency=0.3033s status=ok active=3
SEND b4c4 851/1000 table=page_000626_table_box_id_7 active=4
RECV b4c4 847/1000 rank=159 id=page_000585_table_1 latency=1.0713s status=ok active=3
SEND b4c4 852/1000 table=page_000279_table_box_id_0 active=4
RECV b4c4 849/1000 rank=47 id=page_001147_table_5 latency=1.9226s status=ok active=3
SEND b4c4 853/1000 table=page_000654_table_0 active=4
RECV b4c4 853/1000 rank=568 id=page_000654_table_0 latency=0.1275s status=ok active=3
SEND b4c4 854/1000 table=page_000287_table_box_id_1 active=4
RECV b4c4 851/1000 rank=43 id=page_000626_table_box_id_7 latency=1.9439s status=ok active=3
SEND b4c4 855/1000 table=page_000201_table_box_id_3 active=4
RECV b4c4 855/1000 rank=463 id=page_000201_table_box_id_3 latency=0.2287s status=ok active=3
SEND b4c4 856/1000 table=page_001180_table_15 active=4
RECV b4c4 854/1000 rank=154 id=page_000287_table_box_id_1 latency=0.8517s status=ok active=3
SEND b4c4 857/1000 table=page_001186_table_10 active=4
RECV b4c4 856/1000 rank=457 id=page_001180_table_15 latency=0.2296s status=ok active=3
SEND b4c4 858/1000 table=page_000743_table_4 active=4
RECV b4c4 858/1000 rank=581 id=page_000743_table_4 latency=0.1865s status=ok active=3
SEND b4c4 859/1000 table=page_000466_table_0 active=4
RECV b4c4 857/1000 rank=372 id=page_001186_table_10 latency=0.4619s status=ok active=3
SEND b4c4 860/1000 table=page_001194_table_3 active=4
RECV b4c4 860/1000 rank=269 id=page_001194_table_3 latency=0.4494s status=ok active=3
SEND b4c4 861/1000 table=page_000224_table_box-3str9h9p active=4
RECV b4c4 844/1000 rank=02 id=page_000290_table_box_id_1 latency=5.1721s status=ok active=3
SEND b4c4 862/1000 table=page_000211_table_box_id_3 active=4
RECV b4c4 861/1000 rank=203 id=page_000224_table_box-3str9h9p latency=0.6996s status=ok active=3
SEND b4c4 863/1000 table=page_000806_table_29 active=4
RECV b4c4 862/1000 rank=201 id=page_000211_table_box_id_3 latency=0.6266s status=ok active=3
SEND b4c4 864/1000 table=page_000533_table_5 active=4
RECV b4c4 863/1000 rank=320 id=page_000806_table_29 latency=0.4616s status=ok active=3
SEND b4c4 865/1000 table=page_000223_table_box_id_4 active=4
RECV b4c4 865/1000 rank=606 id=page_000223_table_box_id_4 latency=0.0999s status=ok active=3
SEND b4c4 866/1000 table=page_000682_table_15 active=4
RECV b4c4 864/1000 rank=441 id=page_000533_table_5 latency=0.4349s status=ok active=3
SEND b4c4 867/1000 table=page_000716_table_2 active=4
RECV b4c4 859/1000 rank=51 id=page_000466_table_0 latency=2.0883s status=ok active=3
SEND b4c4 868/1000 table=page_000011_table_box_id_1 active=4
RECV b4c4 867/1000 rank=623 id=page_000716_table_2 latency=0.1426s status=ok active=3
SEND b4c4 869/1000 table=page_000227_table_box_id_1 active=4
RECV b4c4 866/1000 rank=507 id=page_000682_table_15 latency=0.2134s status=ok active=3
SEND b4c4 870/1000 table=page_001432_table_20 active=4
RECV b4c4 852/1000 rank=01 id=page_000279_table_box_id_0 latency=5.0146s status=ok active=3
SEND b4c4 871/1000 table=page_000803_table_12 active=4
RECV b4c4 871/1000 rank=632 id=page_000803_table_12 latency=0.0705s status=ok active=3
SEND b4c4 872/1000 table=page_000224_table_box_id_6 active=4
RECV b4c4 870/1000 rank=560 id=page_001432_table_20 latency=0.3832s status=ok active=3
SEND b4c4 873/1000 table=page_000188_table_box_id_6 active=4
RECV b4c4 868/1000 rank=194 id=page_000011_table_box_id_1 latency=0.9266s status=ok active=3
SEND b4c4 874/1000 table=page_000250_table_box-stnne6dt active=4
RECV b4c4 873/1000 rank=240 id=page_000188_table_box_id_6 latency=0.6863s status=ok active=3
SEND b4c4 875/1000 table=page_000632_table_0 active=4
RECV b4c4 872/1000 rank=202 id=page_000224_table_box_id_6 latency=0.7862s status=ok active=3
SEND b4c4 876/1000 table=page_000203_table_box_id_3 active=4
RECV b4c4 869/1000 rank=124 id=page_000227_table_box_id_1 latency=1.4882s status=ok active=3
SEND b4c4 877/1000 table=page_000612_table_6 active=4
RECV b4c4 877/1000 rank=295 id=page_000612_table_6 latency=0.4133s status=ok active=3
SEND b4c4 878/1000 table=page_000210_table_box_id_0 active=4
RECV b4c4 874/1000 rank=93 id=page_000250_table_box-stnne6dt latency=1.4346s status=ok active=3
SEND b4c4 879/1000 table=page_000256_table_box_id_8 active=4
RECV b4c4 878/1000 rank=222 id=page_000210_table_box_id_0 latency=0.6247s status=ok active=3
SEND b4c4 880/1000 table=page_000769_table_3 active=4
RECV b4c4 880/1000 rank=540 id=page_000769_table_3 latency=0.1482s status=ok active=3
SEND b4c4 881/1000 table=page_000634_table_1 active=4
RECV b4c4 879/1000 rank=336 id=page_000256_table_box_id_8 latency=0.4401s status=ok active=3
SEND b4c4 882/1000 table=page_000451_table_10 active=4
RECV b4c4 876/1000 rank=64 id=page_000203_table_box_id_3 latency=1.7739s status=ok active=3
SEND b4c4 883/1000 table=page_001595_table_box_id_7 active=4
RECV b4c4 875/1000 rank=55 id=page_000632_table_0 latency=2.0664s status=ok active=3
SEND b4c4 884/1000 table=page_000920_table_3 active=4
RECV b4c4 881/1000 rank=276 id=page_000634_table_1 latency=0.6607s status=ok active=3
SEND b4c4 885/1000 table=page_001178_table_0 active=4
RECV b4c4 884/1000 rank=478 id=page_000920_table_3 latency=0.2188s status=ok active=3
SEND b4c4 886/1000 table=page_001192_table_2 active=4
RECV b4c4 883/1000 rank=195 id=page_001595_table_box_id_7 latency=0.8705s status=ok active=3
SEND b4c4 887/1000 table=page_001201_table_14 active=4
RECV b4c4 882/1000 rank=115 id=page_000451_table_10 latency=1.3530s status=ok active=3
SEND b4c4 888/1000 table=page_000605_table_3 active=4
RECV b4c4 887/1000 rank=393 id=page_001201_table_14 latency=0.3183s status=ok active=3
SEND b4c4 889/1000 table=page_000468_table_1 active=4
RECV b4c4 888/1000 rank=649 id=page_000605_table_3 latency=0.0847s status=ok active=3
SEND b4c4 890/1000 table=page_000776_table_4 active=4
RECV b4c4 890/1000 rank=600 id=page_000776_table_4 latency=0.1022s status=ok active=3
SEND b4c4 891/1000 table=page_000202_table_box_id_0 active=4
RECV b4c4 889/1000 rank=544 id=page_000468_table_1 latency=0.1873s status=ok active=3
SEND b4c4 892/1000 table=page_001375_table_3 active=4
RECV b4c4 892/1000 rank=565 id=page_001375_table_3 latency=0.2760s status=ok active=3
SEND b4c4 893/1000 table=page_001368_table_box_id_229 active=4
RECV b4c4 891/1000 rank=326 id=page_000202_table_box_id_0 latency=0.4253s status=ok active=3
SEND b4c4 894/1000 table=page_000918_table_0 active=4
RECV b4c4 885/1000 rank=98 id=page_001178_table_0 latency=1.4333s status=ok active=3
SEND b4c4 895/1000 table=page_000710_table_9 active=4
RECV b4c4 886/1000 rank=81 id=page_001192_table_2 latency=1.6228s status=ok active=3
SEND b4c4 896/1000 table=page_001275_table_3 active=4
RECV b4c4 895/1000 rank=514 id=page_000710_table_9 latency=0.2439s status=ok active=3
SEND b4c4 897/1000 table=page_000514_table_6 active=4
RECV b4c4 894/1000 rank=456 id=page_000918_table_0 latency=0.3039s status=ok active=3
SEND b4c4 898/1000 table=page_000223_table_box_id_2 active=4
RECV b4c4 893/1000 rank=310 id=page_001368_table_box_id_229 latency=0.5196s status=ok active=3
SEND b4c4 899/1000 table=page_000299_table_box_id_5 active=4
RECV b4c4 897/1000 rank=209 id=page_000514_table_6 latency=0.8842s status=ok active=3
SEND b4c4 900/1000 table=page_000256_table_box_id_1 active=4
RECV b4c4 900/1000 rank=527 id=page_000256_table_box_id_1 latency=0.1613s status=ok active=3
SEND b4c4 901/1000 table=page_000522_table_1 active=4
RECV b4c4 901/1000 rank=452 id=page_000522_table_1 latency=0.2405s status=ok active=3
SEND b4c4 902/1000 table=page_000230_table_box_id_7 active=4
RECV b4c4 898/1000 rank=114 id=page_000223_table_box_id_2 latency=1.3197s status=ok active=3
SEND b4c4 903/1000 table=page_000633_table_5 active=4
RECV b4c4 899/1000 rank=116 id=page_000299_table_box_id_5 latency=1.2553s status=ok active=3
SEND b4c4 904/1000 table=page_001167_table_2 active=4
RECV b4c4 904/1000 rank=422 id=page_001167_table_2 latency=0.4650s status=ok active=3
SEND b4c4 905/1000 table=page_000647_table_1 active=4
RECV b4c4 905/1000 rank=597 id=page_000647_table_1 latency=0.1106s status=ok active=3
SEND b4c4 906/1000 table=page_000465_table_4 active=4
RECV b4c4 896/1000 rank=63 id=page_001275_table_3 latency=2.0953s status=ok active=3
SEND b4c4 907/1000 table=page_000643_table_4 active=4
RECV b4c4 906/1000 rank=328 id=page_000465_table_4 latency=0.4606s status=ok active=3
SEND b4c4 908/1000 table=page_001136_table_4 active=4
RECV b4c4 908/1000 rank=407 id=page_001136_table_4 latency=0.3027s status=ok active=3
SEND b4c4 909/1000 table=page_000932_table_3 active=4
RECV b4c4 902/1000 rank=87 id=page_000230_table_box_id_7 latency=1.4438s status=ok active=3
SEND b4c4 910/1000 table=page_001408_table_16 active=4
RECV b4c4 910/1000 rank=652 id=page_001408_table_16 latency=0.1888s status=ok active=3
SEND b4c4 911/1000 table=page_000252_table_box_id_1 active=4
RECV b4c4 909/1000 rank=381 id=page_000932_table_3 latency=0.4323s status=ok active=3
SEND b4c4 912/1000 table=page_001197_table_4 active=4
RECV b4c4 903/1000 rank=53 id=page_000633_table_5 latency=2.1243s status=ok active=3
SEND b4c4 913/1000 table=page_001209_table_4 active=4
RECV b4c4 911/1000 rank=197 id=page_000252_table_box_id_1 latency=0.7299s status=ok active=3
SEND b4c4 914/1000 table=page_000510_table_10 active=4
RECV b4c4 913/1000 rank=524 id=page_001209_table_4 latency=0.1699s status=ok active=3
SEND b4c4 915/1000 table=page_000649_table_8 active=4
RECV b4c4 914/1000 rank=548 id=page_000510_table_10 latency=0.1944s status=ok active=3
SEND b4c4 916/1000 table=page_001413_table_7 active=4
RECV b4c4 915/1000 rank=442 id=page_000649_table_8 latency=0.2912s status=ok active=3
SEND b4c4 917/1000 table=page_001121_table_10 active=4
RECV b4c4 916/1000 rank=484 id=page_001413_table_7 latency=0.2812s status=ok active=3
SEND b4c4 918/1000 table=page_000499_table_0 active=4
RECV b4c4 912/1000 rank=131 id=page_001197_table_4 latency=1.2207s status=ok active=3
SEND b4c4 919/1000 table=page_000945_table_4 active=4
RECV b4c4 907/1000 rank=39 id=page_000643_table_4 latency=2.5909s status=ok active=3
SEND b4c4 920/1000 table=page_000523_table_0 active=4
RECV b4c4 918/1000 rank=246 id=page_000499_table_0 latency=0.5891s status=ok active=3
SEND b4c4 921/1000 table=page_000534_table_4 active=4
RECV b4c4 919/1000 rank=306 id=page_000945_table_4 latency=0.5439s status=ok active=3
SEND b4c4 922/1000 table=page_000269_table_box_id_1 active=4
RECV b4c4 922/1000 rank=537 id=page_000269_table_box_id_1 latency=0.1569s status=ok active=3
SEND b4c4 923/1000 table=page_000542_table_0 active=4
RECV b4c4 917/1000 rank=135 id=page_001121_table_10 latency=1.2814s status=ok active=3
SEND b4c4 924/1000 table=page_000933_table_10 active=4
RECV b4c4 920/1000 rank=312 id=page_000523_table_0 latency=0.5961s status=ok active=3
SEND b4c4 925/1000 table=page_000829_table_4 active=4
RECV b4c4 924/1000 rank=504 id=page_000933_table_10 latency=0.2356s status=ok active=3
SEND b4c4 926/1000 table=page_001186_table_5 active=4
RECV b4c4 921/1000 rank=221 id=page_000534_table_4 latency=0.7617s status=ok active=3
SEND b4c4 927/1000 table=page_001196_table_13 active=4
RECV b4c4 925/1000 rank=491 id=page_000829_table_4 latency=0.2713s status=ok active=3
SEND b4c4 928/1000 table=page_001367_table_68 active=4
RECV b4c4 926/1000 rank=595 id=page_001186_table_5 latency=0.2188s status=ok active=3
SEND b4c4 929/1000 table=page_000250_table_box_id_4 active=4
RECV b4c4 923/1000 rank=219 id=page_000542_table_0 latency=0.8659s status=ok active=3
SEND b4c4 930/1000 table=page_001117_table_box_id_17 active=4
RECV b4c4 930/1000 rank=146 id=page_001117_table_box_id_17 latency=0.1054s status=ok active=3
SEND b4c4 931/1000 table=page_001368_table_box_id_163 active=4
RECV b4c4 931/1000 rank=651 id=page_001368_table_box_id_163 latency=0.0527s status=ok active=3
SEND b4c4 932/1000 table=page_000918_table_6 active=4
RECV b4c4 932/1000 rank=577 id=page_000918_table_6 latency=0.1230s status=ok active=3
SEND b4c4 933/1000 table=page_001124_table_17 active=4
RECV b4c4 927/1000 rank=199 id=page_001196_table_13 latency=0.8544s status=ok active=3
SEND b4c4 934/1000 table=page_000838_table_1 active=4
RECV b4c4 928/1000 rank=235 id=page_001367_table_68 latency=0.7881s status=ok active=3
SEND b4c4 935/1000 table=page_000824_table_0 active=4
RECV b4c4 934/1000 rank=556 id=page_000838_table_1 latency=0.2037s status=ok active=3
SEND b4c4 936/1000 table=page_001368_table_box_id_263 active=4
RECV b4c4 933/1000 rank=364 id=page_001124_table_17 latency=0.4775s status=ok active=3
SEND b4c4 937/1000 table=page_000626_table_box_id_4 active=4
RECV b4c4 935/1000 rank=268 id=page_000824_table_0 latency=0.5715s status=ok active=3
SEND b4c4 938/1000 table=page_000205_table_box_id_13 active=4
RECV b4c4 929/1000 rank=86 id=page_000250_table_box_id_4 latency=1.5503s status=ok active=3
SEND b4c4 939/1000 table=page_000245_table_box_id_0 active=4
RECV b4c4 936/1000 rank=191 id=page_001368_table_box_id_263 latency=0.7641s status=ok active=3
SEND b4c4 940/1000 table=page_001134_table_10 active=4
RECV b4c4 938/1000 rank=282 id=page_000205_table_box_id_13 latency=0.5784s status=ok active=3
SEND b4c4 941/1000 table=page_000929_table_0 active=4
RECV b4c4 941/1000 rank=307 id=page_000929_table_0 latency=0.4033s status=ok active=3
SEND b4c4 942/1000 table=page_001125_table_9 active=4
RECV b4c4 939/1000 rank=177 id=page_000245_table_box_id_0 latency=0.9038s status=ok active=3
SEND b4c4 943/1000 table=page_000195_table_box_id_0 active=4
RECV b4c4 940/1000 rank=134 id=page_001134_table_10 latency=1.1636s status=ok active=3
SEND b4c4 944/1000 table=page_001368_table_box_id_161 active=4
RECV b4c4 944/1000 rank=332 id=page_001368_table_box_id_161 latency=0.3670s status=ok active=3
SEND b4c4 945/1000 table=page_001141_table_19 active=4
RECV b4c4 943/1000 rank=169 id=page_000195_table_box_id_0 latency=0.8098s status=ok active=3
SEND b4c4 946/1000 table=page_000821_table_box_id_29 active=4
RECV b4c4 945/1000 rank=480 id=page_001141_table_19 latency=0.2418s status=ok active=3
SEND b4c4 947/1000 table=page_000800_table_10 active=4
RECV b4c4 947/1000 rank=653 id=page_000800_table_10 latency=0.0436s status=ok active=3
SEND b4c4 948/1000 table=page_000781_table_0 active=4
RECV b4c4 946/1000 rank=490 id=page_000821_table_box_id_29 latency=0.2409s status=ok active=3
SEND b4c4 949/1000 table=page_000225_table_box_id_13 active=4
RECV b4c4 948/1000 rank=619 id=page_000781_table_0 latency=0.0868s status=ok active=3
SEND b4c4 950/1000 table=page_000433_table_13 active=4
RECV b4c4 937/1000 rank=37 id=page_000626_table_box_id_4 latency=2.5129s status=ok active=3
SEND b4c4 951/1000 table=page_000273_table_box_id_1 active=4
RECV b4c4 942/1000 rank=89 id=page_001125_table_9 latency=1.5994s status=ok active=3
SEND b4c4 952/1000 table=page_000697_table_9 active=4
RECV b4c4 950/1000 rank=525 id=page_000433_table_13 latency=0.4369s status=ok active=3
SEND b4c4 953/1000 table=page_000758_table_21 active=4
RECV b4c4 953/1000 rank=636 id=page_000758_table_21 latency=0.0697s status=ok active=3
SEND b4c4 954/1000 table=page_001189_table_box_id_2 active=4
RECV b4c4 952/1000 rank=489 id=page_000697_table_9 latency=0.2245s status=ok active=3
SEND b4c4 955/1000 table=page_000715_table_14 active=4
RECV b4c4 955/1000 rank=618 id=page_000715_table_14 latency=0.1320s status=ok active=3
SEND b4c4 956/1000 table=page_000207_table_box_id_1 active=4
RECV b4c4 954/1000 rank=423 id=page_001189_table_box_id_2 latency=0.3033s status=ok active=3
SEND b4c4 957/1000 table=page_000552_table_9 active=4
RECV b4c4 949/1000 rank=200 id=page_000225_table_box_id_13 latency=1.0010s status=ok active=3
SEND b4c4 958/1000 table=page_001150_table_box_id_9 active=4
RECV b4c4 957/1000 rank=579 id=page_000552_table_9 latency=0.1815s status=ok active=3
SEND b4c4 959/1000 table=page_000763_table_2 active=4
RECV b4c4 959/1000 rank=624 id=page_000763_table_2 latency=0.1732s status=ok active=3
SEND b4c4 960/1000 table=page_001164_table_9 active=4
RECV b4c4 958/1000 rank=255 id=page_001150_table_box_id_9 latency=0.5787s status=ok active=3
SEND b4c4 961/1000 table=page_001184_table_10 active=4
RECV b4c4 961/1000 rank=573 id=page_001184_table_10 latency=0.1295s status=ok active=3
SEND b4c4 962/1000 table=page_000010_table_box_id_1 active=4
RECV b4c4 962/1000 rank=48 id=page_000010_table_box_id_1 latency=0.2206s status=ok active=3
SEND b4c4 963/1000 table=page_000218_table_box_id_4 active=4
RECV b4c4 956/1000 rank=102 id=page_000207_table_box_id_1 latency=1.3463s status=ok active=3
SEND b4c4 964/1000 table=page_000258_table_box_id_5 active=4
RECV b4c4 964/1000 rank=470 id=page_000258_table_box_id_5 latency=0.2898s status=ok active=3
SEND b4c4 965/1000 table=page_001356_table_3 active=4
RECV b4c4 965/1000 rank=433 id=page_001356_table_3 latency=0.2580s status=ok active=3
SEND b4c4 966/1000 table=page_001137_table_9 active=4
RECV b4c4 963/1000 rank=180 id=page_000218_table_box_id_4 latency=0.8595s status=ok active=3
SEND b4c4 967/1000 table=page_000465_table_5 active=4
RECV b4c4 967/1000 rank=340 id=page_000465_table_5 latency=0.3707s status=ok active=3
SEND b4c4 968/1000 table=page_000658_table_32 active=4
RECV b4c4 968/1000 rank=658 id=page_000658_table_32 latency=0.0437s status=ok active=3
SEND b4c4 969/1000 table=page_000419_table_4 active=4
RECV b4c4 960/1000 rank=45 id=page_001164_table_9 latency=2.1275s status=ok active=3
SEND b4c4 970/1000 table=page_000229_table_box_id_7 active=4
RECV b4c4 951/1000 rank=22 id=page_000273_table_box_id_1 latency=3.3530s status=ok active=3
SEND b4c4 971/1000 table=page_000861_table_5 active=4
RECV b4c4 970/1000 rank=474 id=page_000229_table_box_id_7 latency=0.3566s status=ok active=3
SEND b4c4 972/1000 table=page_000221_table_box_id_3 active=4
RECV b4c4 969/1000 rank=160 id=page_000419_table_4 latency=1.0024s status=ok active=3
SEND b4c4 973/1000 table=page_000763_table_7 active=4
RECV b4c4 973/1000 rank=647 id=page_000763_table_7 latency=0.0586s status=ok active=3
SEND b4c4 974/1000 table=page_000266_table_box_id_1 active=4
RECV b4c4 966/1000 rank=67 id=page_001137_table_9 latency=1.7368s status=ok active=3
SEND b4c4 975/1000 table=page_001368_table_box_id_276 active=4
RECV b4c4 971/1000 rank=153 id=page_000861_table_5 latency=1.0408s status=ok active=3
SEND b4c4 976/1000 table=page_001367_table_69 active=4
RECV b4c4 975/1000 rank=638 id=page_001368_table_box_id_276 latency=0.1695s status=ok active=3
SEND b4c4 977/1000 table=page_000864_table_30 active=4
RECV b4c4 977/1000 rank=620 id=page_000864_table_30 latency=0.0865s status=ok active=3
SEND b4c4 978/1000 table=page_000921_table_8 active=4
RECV b4c4 972/1000 rank=190 id=page_000221_table_box_id_3 latency=0.9720s status=ok active=3
SEND b4c4 979/1000 table=page_001367_table_73 active=4
RECV b4c4 974/1000 rank=420 id=page_000266_table_box_id_1 latency=0.4146s status=ok active=3
SEND b4c4 980/1000 table=page_000242_table_box-mhg591pb active=4
RECV b4c4 978/1000 rank=541 id=page_000921_table_8 latency=0.1709s status=ok active=3
SEND b4c4 981/1000 table=page_000673_table_1 active=4
RECV b4c4 976/1000 rank=446 id=page_001367_table_69 latency=0.4356s status=ok active=3
SEND b4c4 982/1000 table=page_000147_table_box_id_3 active=4
RECV b4c4 979/1000 rank=555 id=page_001367_table_73 latency=0.2660s status=ok active=3
SEND b4c4 983/1000 table=page_000229_table_box-pug9otka active=4
RECV b4c4 982/1000 rank=641 id=page_000147_table_box_id_3 latency=0.0662s status=ok active=3
SEND b4c4 984/1000 table=page_000942_table_3 active=4
RECV b4c4 981/1000 rank=493 id=page_000673_table_1 latency=0.2988s status=ok active=3
SEND b4c4 985/1000 table=page_000295_table_box_id_1 active=4
RECV b4c4 983/1000 rank=503 id=page_000229_table_box-pug9otka latency=0.3570s status=ok active=3
SEND b4c4 986/1000 table=page_000265_table_box_id_3 active=4
RECV b4c4 980/1000 rank=277 id=page_000242_table_box-mhg591pb latency=0.8044s status=ok active=3
SEND b4c4 987/1000 table=page_001169_table_11 active=4
RECV b4c4 984/1000 rank=279 id=page_000942_table_3 latency=0.6408s status=ok active=3
SEND b4c4 988/1000 table=page_001148_table_3 active=4
RECV b4c4 987/1000 rank=521 id=page_001169_table_11 latency=0.2544s status=ok active=3
SEND b4c4 989/1000 table=page_000636_table_5 active=4
RECV b4c4 989/1000 rank=569 id=page_000636_table_5 latency=0.1283s status=ok active=3
SEND b4c4 990/1000 table=page_001193_table_8 active=4
RECV b4c4 986/1000 rank=165 id=page_000265_table_box_id_3 latency=0.9722s status=ok active=3
SEND b4c4 991/1000 table=page_000632_table_6 active=4
RECV b4c4 990/1000 rank=262 id=page_001193_table_8 latency=0.4953s status=ok active=3
SEND b4c4 992/1000 table=page_000709_table_12 active=4
RECV b4c4 992/1000 rank=634 id=page_000709_table_12 latency=0.0697s status=ok active=3
SEND b4c4 993/1000 table=page_000911_table_box_id_5 active=4
RECV b4c4 991/1000 rank=501 id=page_000632_table_6 latency=0.2078s status=ok active=3
SEND b4c4 994/1000 table=page_001082_table_23 active=4
RECV b4c4 993/1000 rank=356 id=page_000911_table_box_id_5 latency=0.4213s status=ok active=3
SEND b4c4 995/1000 table=page_001132_table_box_id_10 active=4
RECV b4c4 994/1000 rank=316 id=page_001082_table_23 latency=0.5447s status=ok active=3
SEND b4c4 996/1000 table=page_000918_table_5 active=4
RECV b4c4 988/1000 rank=88 id=page_001148_table_3 latency=1.5880s status=ok active=3
SEND b4c4 997/1000 table=page_001368_table_box_id_218 active=4
RECV b4c4 996/1000 rank=513 id=page_000918_table_5 latency=0.2053s status=ok active=3
SEND b4c4 998/1000 table=page_001276_table_2 active=4
RECV b4c4 995/1000 rank=227 id=page_001132_table_box_id_10 latency=0.6925s status=ok active=3
SEND b4c4 999/1000 table=page_001176_table_4 active=4
RECV b4c4 997/1000 rank=251 id=page_001368_table_box_id_218 latency=0.6469s status=ok active=3
SEND b4c4 1000/1000 table=page_001398_table_box-1nnly5de active=4
RECV b4c4 1000/1000 rank=386 id=page_001398_table_box-1nnly5de latency=0.3214s status=ok active=3
RECV b4c4 999/1000 rank=122 id=page_001176_table_4 latency=0.9781s status=ok active=2
RECV b4c4 985/1000 rank=10 id=page_000295_table_box_id_1 latency=4.6693s status=ok active=1
RECV b4c4 998/1000 rank=18 id=page_001276_table_2 latency=2.9519s status=ok active=0
DONE b4c4 requests=1000 failures=0 max_in_flight=4 wall=195.0039s qps=5.1281 p50=0.4701s p95=2.5400s max=5.6116s
