Device_id,Name,Type,Accelerator Core,Start Time(us),Duration(us),Wait Time(us),Block Num
7,aclnnEqScalar_EqualAiCore_Equal,N/A,N/A,1790932527809192.418	,7.600,0,0
7,aclnnAll_ReduceAll_ReduceAll,N/A,N/A,1790932527809229.959	,3.020,29.900000,0
7,aclnnEqScalar_EqualAiCore_Equal,N/A,N/A,1790932527809460.643	,6.080,227.730000,0
7,aclnnAny_ReduceAny_ReduceAny,N/A,N/A,1790932527809496.144	,3.500,29.420000,0
7,aclnnEqScalar_EqualAiCore_Equal,N/A,N/A,1790932527809755.209	,3.820,255.500000,0
7,aclnnReduceSum_CastAiCore_Cast,N/A,N/A,1790932527809799.670	,3.180,40.680000,0
7,aclnnReduceSum_ReduceSumOpAiCore_ReduceSum,N/A,N/A,1790932527809804.170	,8.120,1.320000,0
7,aclnnReduceSum_CastAiCore_Cast,N/A,N/A,1790932527809813.190	,0.960,0.880000,0
7,aclnnEqScalar_EqualAiCore_Equal,N/A,N/A,1790932527809833.791	,1.300,19.540000,0
7,aclnnAll_ReduceAll_ReduceAll,N/A,N/A,1790932527809862.111	,1.860,26.950000,0
7,aclnnInplaceCopy_CastAiCore_Cast,N/A,N/A,1790932527810139.957	,387.248,276.140000,0
7,aclnnAddmm_MatMulV3Common_MatMulV3,N/A,N/A,1790932527810527.245	,416.648,0.002000,0
7,aclnnEmbedding_GatherV2AiCore_GatherV2,N/A,N/A,1790932527899856.889	,171.364,88913.102000,0
7,aclnnMul_MulAiCore_Mul,N/A,N/A,1790932527900028.273	,330.786,0.000000,0
7,aclnnAdd_AddAiCore_Add,N/A,N/A,1790932527900359.079	,298.826,0.000000,0
7,aclnnAdd_AddAiCore_Add,N/A,N/A,1790932527900657.945	,204.225,0.174000,0
7,aclnnAdd_AddAiCore_Add,N/A,N/A,1790932527900862.190	,195.163,0.025000,0
7,aclnnRepeat_TileAiCore_Tile,N/A,N/A,1790932527901057.373	,11.721,0.000000,0
7,aclnnInplaceCopy_TransposeAiCore_Transpose,N/A,N/A,1790932527901069.134	,18.920,0.279000,0
7,aclnnRepeat_TileAiCore_Tile,N/A,N/A,1790932527901088.074	,10.500,0.000000,0
7,aclnnInplaceCopy_TransposeAiCore_Transpose,N/A,N/A,1790932527901098.614	,16.921,0.000000,0
7,aclnnRepeat_TileAiCore_Tile,N/A,N/A,1790932527901115.555	,9.500,0.079000,0
7,aclnnInplaceCopy_TransposeAiCore_Transpose,N/A,N/A,1790932527901125.075	,17.720,0.000000,0
7,aclnnRepeat_TileAiCore_Tile,N/A,N/A,1790932527901142.815	,9.240,0.030000,0
7,aclnnInplaceCopy_TransposeAiCore_Transpose,N/A,N/A,1790932527901152.095	,17.661,0.010000,0
7,aclnnRepeat_TileAiCore_Tile,N/A,N/A,1790932527901169.776	,8.900,0.089000,0
7,aclnnInplaceCopy_TransposeAiCore_Transpose,N/A,N/A,1790932527901178.696	,15.840,0.100000,0
7,aclnnRepeat_TileAiCore_Tile,N/A,N/A,1790932527901194.556	,8.800,0.000000,0
7,aclnnInplaceCopy_TransposeAiCore_Transpose,N/A,N/A,1790932527901203.376	,16.061,0.200000,0
7,aclnnRepeat_TileAiCore_Tile,N/A,N/A,1790932527901219.477	,10.400,0.000000,0
7,aclnnInplaceCopy_TransposeAiCore_Transpose,N/A,N/A,1790932527901229.897	,16.180,0.100000,0
7,aclnnRepeat_TileAiCore_Tile,N/A,N/A,1790932527901246.097	,11.840,0.000000,0
7,aclnnInplaceCopy_TransposeAiCore_Transpose,N/A,N/A,1790932527901257.957	,16.161,0.160000,0
7,aclnnCat_ConcatD_ConcatD,N/A,N/A,1790932527901274.158	,51.741,0.089000,0
7,aclnnArange_ArangeAiCore_Range,N/A,N/A,1790932527901480.822	,8.640,154.759000,0
7,aclnnMul_MulAiCore_Mul,N/A,N/A,1790932527901528.863	,10.780,39.360000,0
7,aclnnIndex_IndexAiCore_Index,N/A,N/A,1790932527902229.517	,544.171,689.970000,0
7,aclnnCat_ConcatD_ConcatD,N/A,N/A,1790932527902773.708	,13.400,0.079000,0
7,aclnnCos_CosAiCore_Cos,N/A,N/A,1790932527902787.128	,43.401,0.100000,0
7,aclnnSin_SinAiCore_Sin,N/A,N/A,1790932527902830.549	,41.061,0.000000,0
7,aclnnAdd_AddAiCore_Add,N/A,N/A,1790932527912709.506	,216.205,9837.939000,0
7,aclnnInplaceCopy_CastAiCore_Cast,N/A,N/A,1790932527922088.534	,93.241,9162.795000,0
7,aclnnMean_ReduceMeanAiCore_ReduceMean,N/A,N/A,1790932527922182.815	,109.123,1.009000,0
7,aclnnSub_SubAiCore_Sub,N/A,N/A,1790932527922292.978	,135.982,1.127000,0
7,aclnnPowTensorScalar_PowsAiCore_Pows,N/A,N/A,1790932527922428.980	,161.504,0.018000,0
7,aclnnMean_ReduceMeanAiCore_ReduceMean,N/A,N/A,1790932527922591.524	,109.582,0.996000,0
7,aclnnAdds_AddAiCore_Add,N/A,N/A,1790932527922702.266	,5.780,1.168000,0
7,aclnnRsqrt_RsqrtAiCore_Rsqrt,N/A,N/A,1790932527922708.066	,7.040,0.000000,0
7,aclnnMul_MulAiCore_Mul,N/A,N/A,1790932527922715.146	,110.622,0.210000,0
7,aclnnInplaceCopy_CastAiCore_Cast,N/A,N/A,1790932527922825.788	,58.422,0.000000,0
7,aclnnMul_MulAiCore_Mul,N/A,N/A,1790932527922884.230	,60.881,0.078000,0
7,aclnnAdd_AddAiCore_Add,N/A,N/A,1790932527922945.131	,37.200,0.119000,0
7,aclnnAddmm_MatMulV3Common_MatMulV3,N/A,N/A,1790932527922982.371	,766.076,0.000000,0
7,aclnnInplaceCopy_SliceAiCore_Slice,N/A,N/A,1790932527923748.467	,128.122,0.174000,0
7,aclnnInplaceCopy_CastAiCore_Cast,N/A,N/A,1790932527923876.609	,79.482,0.000000,0
7,aclnnMul_MulAiCore_Mul,N/A,N/A,1790932527923956.111	,163.183,0.018000,0
7,aclnnInplaceCopy_SliceAiCore_Slice,N/A,N/A,1790932527924119.314	,191.764,0.067000,0
7,aclnnInplaceCopy_CastAiCore_Cast,N/A,N/A,1790932527924311.098	,72.501,0.000000,0
7,aclnnNeg_SliceAiCore_Slice,N/A,N/A,1790932527924383.619	,91.822,0.000000,0
7,aclnnNeg_NegAiCore_Neg,N/A,N/A,1790932527924475.481	,57.721,0.178000,0
7,aclnnCat_SliceAiCore_Slice,N/A,N/A,1790932527924533.222	,293.006,0.029000,0
7,aclnnCat_ConcatD_ConcatD,N/A,N/A,1790932527924826.268	,234.225,0.000000,0
7,aclnnMul_MulAiCore_Mul,N/A,N/A,1790932527925060.533	,182.824,0.025000,0
7,aclnnAdd_AddAiCore_Add,N/A,N/A,1790932527925243.377	,427.088,0.176000,0
7,aclnnInplaceCopy_CastAiCore_Cast,N/A,N/A,1790932527925670.485	,203.224,0.000000,0
7,aclnnInplaceCopy_SliceAiCore_Slice,N/A,N/A,1790932527925873.749	,116.683,0.026000,0
7,aclnnInplaceCopy_CastAiCore_Cast,N/A,N/A,1790932527925990.452	,67.101,0.067000,0
7,aclnnMul_MulAiCore_Mul,N/A,N/A,1790932527926057.573	,151.463,0.000000,0
7,aclnnInplaceCopy_SliceAiCore_Slice,N/A,N/A,1790932527926209.056	,184.724,0.037000,0
7,aclnnInplaceCopy_CastAiCore_Cast,N/A,N/A,1790932527926393.800	,71.241,0.026000,0
7,aclnnNeg_SliceAiCore_Slice,N/A,N/A,1790932527926465.081	,92.442,0.009000,0
7,aclnnNeg_NegAiCore_Neg,N/A,N/A,1790932527926557.563	,58.201,0.058000,0
7,aclnnCat_SliceAiCore_Slice,N/A,N/A,1790932527926615.784	,286.726,0.049000,0
7,aclnnCat_ConcatD_ConcatD,N/A,N/A,1790932527926902.550	,227.544,0.024000,0
7,aclnnMul_MulAiCore_Mul,N/A,N/A,1790932527927130.114	,182.584,0.000000,0
7,aclnnAdd_AddAiCore_Add,N/A,N/A,1790932527927312.718	,427.709,0.166000,0
7,aclnnInplaceCopy_CastAiCore_Cast,N/A,N/A,1790932527927740.447	,201.584,0.041000,0
7,aclnnInplaceCopy_TransposeAiCore_Transpose,N/A,N/A,1790932527927942.051	,138.502,0.000000,0
7,aclnnInplaceCopy_TransposeAiCore_Transpose,N/A,N/A,1790932527928080.573	,147.943,0.000000,0
7,aclnnInplaceCopy_AsStridedAiCore_AsStrided,N/A,N/A,1790932527928228.556	,165.204,0.057000,0
7,InnerPromptFlashAttention_PromptFlashAttention_PromptFlashAttention,N/A,N/A,1790932527928395.000	,10012.060,1.296000,0
7,aclnnInplaceCopy_TransposeAiCore_Transpose,N/A,N/A,1790932527938408.040	,157.523,0.940000,0
7,aclnnAddmm_MatMulCommon_MatMulV2,N/A,N/A,1790932527938565.583	,268.305,0.000000,0
7,aclnnAdd_AddAiCore_Add,N/A,N/A,1790932527938833.908	,206.304,0.195000,0
7,aclnnInplaceCopy_CastAiCore_Cast,N/A,N/A,1790932527939040.232	,88.962,0.000000,0
7,aclnnMean_ReduceMeanAiCore_ReduceMean,N/A,N/A,1790932527939130.674	,107.662,1.538000,0
7,aclnnSub_SubAiCore_Sub,N/A,N/A,1790932527939239.036	,130.583,0.588000,0
7,aclnnPowTensorScalar_PowsAiCore_Pows,N/A,N/A,1790932527939369.639	,145.183,0.167000,0
7,aclnnMean_ReduceMeanAiCore_ReduceMean,N/A,N/A,1790932527939515.822	,107.862,0.817000,0
7,aclnnAdds_AddAiCore_Add,N/A,N/A,1790932527939624.604	,5.840,0.888000,0
7,aclnnRsqrt_RsqrtAiCore_Rsqrt,N/A,N/A,1790932527939630.464	,7.160,0.160000,0
7,aclnnMul_MulAiCore_Mul,N/A,N/A,1790932527939637.644	,115.183,0.090000,0
7,aclnnInplaceCopy_CastAiCore_Cast,N/A,N/A,1790932527939752.847	,58.581,0.000000,0
7,aclnnMul_MulAiCore_Mul,N/A,N/A,1790932527939811.448	,38.220,0.169000,0
7,aclnnAdd_AddAiCore_Add,N/A,N/A,1790932527939849.688	,36.801,0.030000,0
7,aclnnAddmm_MatMulV3Common_MatMulV3,N/A,N/A,1790932527939886.529	,1022.041,0.000000,0
7,aclnnGeluV2_GeluV2_GeluV2,N/A,N/A,1790932527940908.590	,590.691,0.000000,0
7,aclnnAddmm_MatMulV3Common_MatMulV3,N/A,N/A,1790932527941499.441	,1141.563,0.309000,0
7,aclnnAdd_AddAiCore_Add,N/A,N/A,1790932527942641.024	,162.643,0.000000,0
7,aclnnInplaceCopy_CastAiCore_Cast,N/A,N/A,1790932527942803.687	,103.723,0.107000,0
7,aclnnMean_ReduceMeanAiCore_ReduceMean,N/A,N/A,1790932527942908.890	,115.042,1.527000,0
7,aclnnSub_SubAiCore_Sub,N/A,N/A,1790932527943025.072	,192.824,0.958000,0
7,aclnnPowTensorScalar_PowsAiCore_Pows,N/A,N/A,1790932527943217.936	,210.564,0.176000,0
7,aclnnMean_ReduceMeanAiCore_ReduceMean,N/A,N/A,1790932527943429.880	,140.603,1.436000,0
7,aclnnAdds_AddAiCore_Add,N/A,N/A,1790932527943571.503	,5.920,0.897000,0
7,aclnnRsqrt_RsqrtAiCore_Rsqrt,N/A,N/A,1790932527943577.443	,7.160,0.080000,0
7,aclnnMul_MulAiCore_Mul,N/A,N/A,1790932527943584.623	,113.202,0.000000,0
7,aclnnInplaceCopy_CastAiCore_Cast,N/A,N/A,1790932527943697.845	,54.001,0.048000,0
7,aclnnMul_MulAiCore_Mul,N/A,N/A,1790932527943751.866	,66.162,0.000000,0
7,aclnnAdd_AddAiCore_Add,N/A,N/A,1790932527943818.048	,36.420,0.088000,0
7,aclnnAddmm_MatMulV3Common_MatMulV3,N/A,N/A,1790932527943854.488	,767.776,0.080000,0
7,aclnnInplaceCopy_SliceAiCore_Slice,N/A,N/A,1790932527944622.284	,115.362,0.000000,0
7,aclnnInplaceCopy_CastAiCore_Cast,N/A,N/A,1790932527944737.666	,87.702,0.138000,0
7,aclnnMul_MulAiCore_Mul,N/A,N/A,1790932527944825.388	,160.443,0.048000,0
7,aclnnInplaceCopy_SliceAiCore_Slice,N/A,N/A,1790932527944985.851	,189.824,0.000000,0
7,aclnnInplaceCopy_CastAiCore_Cast,N/A,N/A,1790932527945175.695	,69.641,0.176000,0
7,aclnnNeg_SliceAiCore_Slice,N/A,N/A,1790932527945245.356	,94.282,0.000000,0
7,aclnnNeg_NegAiCore_Neg,N/A,N/A,1790932527945339.658	,57.401,0.218000,0
7,aclnnCat_SliceAiCore_Slice,N/A,N/A,1790932527945397.079	,292.346,0.000000,0
7,aclnnCat_ConcatD_ConcatD,N/A,N/A,1790932527945689.445	,235.945,0.154000,0
7,aclnnMul_MulAiCore_Mul,N/A,N/A,1790932527945925.430	,182.664,0.055000,0
7,aclnnAdd_AddAiCore_Add,N/A,N/A,1790932527946108.114	,425.668,0.000000,0
7,aclnnInplaceCopy_CastAiCore_Cast,N/A,N/A,1790932527946533.822	,202.724,0.082000,0
7,aclnnInplaceCopy_SliceAiCore_Slice,N/A,N/A,1790932527946736.566	,115.242,0.026000,0
7,aclnnInplaceCopy_CastAiCore_Cast,N/A,N/A,1790932527946851.828	,63.422,0.008000,0
7,aclnnMul_MulAiCore_Mul,N/A,N/A,1790932527946915.270	,152.343,0.078000,0
7,aclnnInplaceCopy_SliceAiCore_Slice,N/A,N/A,1790932527947067.653	,183.183,0.157000,0
7,aclnnInplaceCopy_CastAiCore_Cast,N/A,N/A,1790932527947250.856	,63.842,0.000000,0
7,aclnnNeg_SliceAiCore_Slice,N/A,N/A,1790932527947314.718	,89.681,0.158000,0
7,aclnnNeg_NegAiCore_Neg,N/A,N/A,1790932527947404.419	,56.462,0.069000,0
7,aclnnCat_SliceAiCore_Slice,N/A,N/A,1790932527947460.901	,292.185,0.038000,0
7,aclnnCat_ConcatD_ConcatD,N/A,N/A,1790932527947753.126	,226.205,0.065000,0
7,aclnnMul_MulAiCore_Mul,N/A,N/A,1790932527947979.351	,183.864,0.000000,0
7,aclnnAdd_AddAiCore_Add,N/A,N/A,1790932527948163.235	,425.328,0.136000,0
7,aclnnInplaceCopy_CastAiCore_Cast,N/A,N/A,1790932527948588.583	,202.464,0.000000,0
7,aclnnInplaceCopy_TransposeAiCore_Transpose,N/A,N/A,1790932527948791.067	,142.023,0.036000,0
7,aclnnInplaceCopy_TransposeAiCore_Transpose,N/A,N/A,1790932527948933.110	,150.523,0.000000,0
7,aclnnInplaceCopy_AsStridedAiCore_AsStrided,N/A,N/A,1790932527949083.653	,161.823,0.227000,0
7,InnerPromptFlashAttention_PromptFlashAttention_PromptFlashAttention,N/A,N/A,1790932527949246.396	,9998.920,0.927000,0
7,aclnnInplaceCopy_TransposeAiCore_Transpose,N/A,N/A,1790932527959246.356	,157.403,0.830000,0
7,aclnnAddmm_MatMulCommon_MatMulV2,N/A,N/A,1790932527959403.779	,267.546,0.097000,0
7,aclnnAdd_AddAiCore_Add,N/A,N/A,1790932527959671.345	,204.264,0.000000,0
7,aclnnInplaceCopy_CastAiCore_Cast,N/A,N/A,1790932527959875.629	,78.021,0.236000,0
7,aclnnMean_ReduceMeanAiCore_ReduceMean,N/A,N/A,1790932527959954.770	,102.602,0.979000,0
7,aclnnSub_SubAiCore_Sub,N/A,N/A,1790932527960058.092	,127.463,0.648000,0
7,aclnnPowTensorScalar_PowsAiCore_Pows,N/A,N/A,1790932527960185.575	,129.922,0.037000,0
7,aclnnMean_ReduceMeanAiCore_ReduceMean,N/A,N/A,1790932527960316.477	,104.342,1.078000,0
7,aclnnAdds_AddAiCore_Add,N/A,N/A,1790932527960421.640	,6.300,0.908000,0
7,aclnnRsqrt_RsqrtAiCore_Rsqrt,N/A,N/A,1790932527960427.960	,7.140,0.000000,0
7,aclnnMul_MulAiCore_Mul,N/A,N/A,1790932527960435.120	,110.442,0.000000,0
7,aclnnInplaceCopy_CastAiCore_Cast,N/A,N/A,1790932527960545.582	,60.601,0.058000,0
7,aclnnMul_MulAiCore_Mul,N/A,N/A,1790932527960606.203	,61.401,0.149000,0
7,aclnnAdd_AddAiCore_Add,N/A,N/A,1790932527960667.624	,35.581,0.000000,0
7,aclnnAddmm_MatMulV3Common_MatMulV3,N/A,N/A,1790932527960703.225	,1021.541,0.169000,0
7,aclnnGeluV2_GeluV2_GeluV2,N/A,N/A,1790932527961724.786	,590.771,0.000000,0
7,aclnnAddmm_MatMulV3Common_MatMulV3,N/A,N/A,1790932527962315.717	,1141.763,0.229000,0
7,aclnnAdd_AddAiCore_Add,N/A,N/A,1790932527963457.500	,163.503,0.000000,0
7,aclnnInplaceCopy_CastAiCore_Cast,N/A,N/A,1790932527963621.023	,118.343,0.000000,0
7,aclnnMean_ReduceMeanAiCore_ReduceMean,N/A,N/A,1790932527963740.326	,130.382,0.907000,0
7,aclnnSub_SubAiCore_Sub,N/A,N/A,1790932527963871.868	,174.384,1.118000,0
7,aclnnPowTensorScalar_PowsAiCore_Pows,N/A,N/A,1790932527964046.272	,224.504,0.116000,0
7,aclnnMean_ReduceMeanAiCore_ReduceMean,N/A,N/A,1790932527964271.956	,148.943,1.246000,0
7,aclnnAdds_AddAiCore_Add,N/A,N/A,1790932527964421.559	,5.941,0.557000,0
7,aclnnRsqrt_RsqrtAiCore_Rsqrt,N/A,N/A,1790932527964427.520	,7.260,0.059000,0
7,aclnnMul_MulAiCore_Mul,N/A,N/A,1790932527964434.800	,112.682,0.000000,0
7,aclnnInplaceCopy_CastAiCore_Cast,N/A,N/A,1790932527964547.502	,55.381,0.068000,0
7,aclnnMul_MulAiCore_Mul,N/A,N/A,1790932527964602.903	,38.681,0.119000,0
7,aclnnAdd_AddAiCore_Add,N/A,N/A,1790932527964641.604	,57.021,0.000000,0
7,aclnnAddmm_MatMulV3Common_MatMulV3,N/A,N/A,1790932527964698.665	,765.435,0.229000,0
7,aclnnInplaceCopy_SliceAiCore_Slice,N/A,N/A,1790932527965464.120	,133.183,0.000000,0
7,aclnnInplaceCopy_CastAiCore_Cast,N/A,N/A,1790932527965597.323	,77.981,0.067000,0
7,aclnnMul_MulAiCore_Mul,N/A,N/A,1790932527965675.324	,160.784,0.019000,0
7,aclnnInplaceCopy_SliceAiCore_Slice,N/A,N/A,1790932527965836.128	,191.744,0.216000,0
7,aclnnInplaceCopy_CastAiCore_Cast,N/A,N/A,1790932527966027.892	,67.961,0.006000,0
7,aclnnNeg_SliceAiCore_Slice,N/A,N/A,1790932527966095.873	,94.322,0.000000,0
7,aclnnNeg_NegAiCore_Neg,N/A,N/A,1790932527966190.215	,57.381,0.178000,0
7,aclnnCat_SliceAiCore_Slice,N/A,N/A,1790932527966247.616	,293.586,0.000000,0
7,aclnnCat_ConcatD_ConcatD,N/A,N/A,1790932527966541.222	,234.424,0.164000,0
7,aclnnMul_MulAiCore_Mul,N/A,N/A,1790932527966775.666	,182.924,0.076000,0
7,aclnnAdd_AddAiCore_Add,N/A,N/A,1790932527966958.610	,426.649,0.000000,0
7,aclnnInplaceCopy_CastAiCore_Cast,N/A,N/A,1790932527967385.279	,201.864,0.101000,0
7,aclnnInplaceCopy_SliceAiCore_Slice,N/A,N/A,1790932527967587.163	,116.562,0.136000,0
7,aclnnInplaceCopy_CastAiCore_Cast,N/A,N/A,1790932527967703.745	,68.421,0.000000,0
7,aclnnMul_MulAiCore_Mul,N/A,N/A,1790932527967772.186	,151.783,0.079000,0
7,aclnnInplaceCopy_SliceAiCore_Slice,N/A,N/A,1790932527967923.989	,184.584,0.000000,0
7,aclnnInplaceCopy_CastAiCore_Cast,N/A,N/A,1790932527968108.593	,71.562,0.000000,0
7,aclnnNeg_SliceAiCore_Slice,N/A,N/A,1790932527968180.175	,93.981,0.188000,0
7,aclnnNeg_NegAiCore_Neg,N/A,N/A,1790932527968274.176	,57.822,0.019000,0
7,aclnnCat_SliceAiCore_Slice,N/A,N/A,1790932527968332.018	,299.386,0.000000,0
7,aclnnCat_ConcatD_ConcatD,N/A,N/A,1790932527968631.424	,227.364,0.114000,0
7,aclnnMul_MulAiCore_Mul,N/A,N/A,1790932527968858.808	,184.784,0.000000,0
7,aclnnAdd_AddAiCore_Add,N/A,N/A,1790932527969043.612	,429.828,0.000000,0
7,aclnnInplaceCopy_CastAiCore_Cast,N/A,N/A,1790932527969473.460	,201.444,0.172000,0
7,aclnnInplaceCopy_TransposeAiCore_Transpose,N/A,N/A,1790932527969674.924	,139.043,0.056000,0
7,aclnnInplaceCopy_TransposeAiCore_Transpose,N/A,N/A,1790932527969813.987	,148.923,0.000000,0
7,aclnnInplaceCopy_AsStridedAiCore_AsStrided,N/A,N/A,1790932527969962.930	,162.543,0.077000,0
7,InnerPromptFlashAttention_PromptFlashAttention_PromptFlashAttention,N/A,N/A,1790932527970126.493	,9948.079,0.957000,0
7,aclnnInplaceCopy_TransposeAiCore_Transpose,N/A,N/A,1790932527980075.872	,153.063,1.171000,0
7,aclnnAddmm_MatMulCommon_MatMulV2,N/A,N/A,1790932527980228.955	,267.946,0.187000,0
7,aclnnAdd_AddAiCore_Add,N/A,N/A,1790932527980496.921	,202.564,0.054000,0
7,aclnnInplaceCopy_CastAiCore_Cast,N/A,N/A,1790932527980699.505	,87.901,0.000000,0
7,aclnnMean_ReduceMeanAiCore_ReduceMean,N/A,N/A,1790932527980788.866	,108.883,1.349000,0
7,aclnnSub_SubAiCore_Sub,N/A,N/A,1790932527980898.929	,130.422,1.367000,0
7,aclnnPowTensorScalar_PowsAiCore_Pows,N/A,N/A,1790932527981029.371	,145.663,0.000000,0
7,aclnnMean_ReduceMeanAiCore_ReduceMean,N/A,N/A,1790932527981176.354	,111.342,1.337000,0
7,aclnnAdds_AddAiCore_Add,N/A,N/A,1790932527981288.856	,5.761,1.158000,0
7,aclnnRsqrt_RsqrtAiCore_Rsqrt,N/A,N/A,1790932527981294.657	,7.120,0.239000,0
7,aclnnMul_MulAiCore_Mul,N/A,N/A,1790932527981301.797	,111.342,0.000000,0
7,aclnnInplaceCopy_CastAiCore_Cast,N/A,N/A,1790932527981413.159	,57.601,0.158000,0
7,aclnnMul_MulAiCore_Mul,N/A,N/A,1790932527981470.780	,61.481,0.000000,0
7,aclnnAdd_AddAiCore_Add,N/A,N/A,1790932527981532.281	,35.561,0.019000,0
7,aclnnAddmm_MatMulV3Common_MatMulV3,N/A,N/A,1790932527981567.862	,1023.060,0.000000,0
7,aclnnGeluV2_GeluV2_GeluV2,N/A,N/A,1790932527982590.962	,588.652,0.190000,0
7,aclnnAddmm_MatMulV3Common_MatMulV3,N/A,N/A,1790932527983179.774	,1143.023,0.098000,0
7,aclnnAdd_AddAiCore_Add,N/A,N/A,1790932527984322.817	,162.323,0.000000,0
7,aclnnInplaceCopy_CastAiCore_Cast,N/A,N/A,1790932527984485.180	,124.663,0.177000,0
7,aclnnMean_ReduceMeanAiCore_ReduceMean,N/A,N/A,1790932527984610.923	,138.143,1.087000,0
7,aclnnSub_SubAiCore_Sub,N/A,N/A,1790932527984750.206	,195.443,1.107000,0
7,aclnnPowTensorScalar_PowsAiCore_Pows,N/A,N/A,1790932527984945.669	,249.985,0.057000,0
7,aclnnMean_ReduceMeanAiCore_ReduceMean,N/A,N/A,1790932527985196.695	,166.783,1.015000,0
7,aclnnAdds_AddAiCore_Add,N/A,N/A,1790932527985364.598	,5.860,0.967000,0
7,aclnnRsqrt_RsqrtAiCore_Rsqrt,N/A,N/A,1790932527985370.478	,7.240,0.140000,0
7,aclnnMul_MulAiCore_Mul,N/A,N/A,1790932527985377.758	,112.962,0.010000,0
7,aclnnInplaceCopy_CastAiCore_Cast,N/A,N/A,1790932527985490.740	,53.241,0.038000,0
7,aclnnMul_MulAiCore_Mul,N/A,N/A,1790932527985544.001	,61.842,0.009000,0
7,aclnnAdd_AddAiCore_Add,N/A,N/A,1790932527985605.863	,37.060,0.000000,0
7,aclnnAddmm_MatMulV3Common_MatMulV3,N/A,N/A,1790932527985642.943	,763.976,0.190000,0
7,aclnnInplaceCopy_SliceAiCore_Slice,N/A,N/A,1790932527986406.939	,123.122,0.024000,0
7,aclnnInplaceCopy_CastAiCore_Cast,N/A,N/A,1790932527986530.081	,80.622,0.000000,0
7,aclnnMul_MulAiCore_Mul,N/A,N/A,1790932527986610.723	,156.603,0.128000,0
7,aclnnInplaceCopy_SliceAiCore_Slice,N/A,N/A,1790932527986767.366	,186.424,0.000000,0
7,aclnnInplaceCopy_CastAiCore_Cast,N/A,N/A,1790932527986953.810	,67.361,0.076000,0
7,aclnnNeg_SliceAiCore_Slice,N/A,N/A,1790932527987021.191	,93.562,0.139000,0
7,aclnnNeg_NegAiCore_Neg,N/A,N/A,1790932527987114.793	,57.721,0.000000,0
7,aclnnCat_SliceAiCore_Slice,N/A,N/A,1790932527987172.534	,299.266,0.029000,0
7,aclnnCat_ConcatD_ConcatD,N/A,N/A,1790932527987471.820	,236.125,0.000000,0
7,aclnnMul_MulAiCore_Mul,N/A,N/A,1790932527987707.965	,182.823,0.125000,0
7,aclnnAdd_AddAiCore_Add,N/A,N/A,1790932527987890.808	,425.189,0.000000,0
7,aclnnInplaceCopy_CastAiCore_Cast,N/A,N/A,1790932527988316.017	,203.284,0.061000,0
7,aclnnInplaceCopy_SliceAiCore_Slice,N/A,N/A,1790932527988519.321	,120.222,0.000000,0
7,aclnnInplaceCopy_CastAiCore_Cast,N/A,N/A,1790932527988639.563	,62.102,0.028000,0
7,aclnnMul_MulAiCore_Mul,N/A,N/A,1790932527988701.705	,149.283,0.148000,0
7,aclnnInplaceCopy_SliceAiCore_Slice,N/A,N/A,1790932527988851.008	,183.443,0.000000,0
7,aclnnInplaceCopy_CastAiCore_Cast,N/A,N/A,1790932527989034.471	,64.121,0.057000,0
7,aclnnNeg_SliceAiCore_Slice,N/A,N/A,1790932527989098.612	,92.522,0.000000,0
7,aclnnNeg_NegAiCore_Neg,N/A,N/A,1790932527989191.154	,57.241,0.228000,0
7,aclnnCat_SliceAiCore_Slice,N/A,N/A,1790932527989248.415	,293.366,0.009000,0
7,aclnnCat_ConcatD_ConcatD,N/A,N/A,1790932527989541.801	,226.345,0.000000,0
7,aclnnMul_MulAiCore_Mul,N/A,N/A,1790932527989768.166	,185.064,0.155000,0
7,aclnnAdd_AddAiCore_Add,N/A,N/A,1790932527989953.250	,425.668,0.000000,0
7,aclnnInplaceCopy_CastAiCore_Cast,N/A,N/A,1790932527990378.938	,201.484,0.082000,0
7,aclnnInplaceCopy_TransposeAiCore_Transpose,N/A,N/A,1790932527990580.442	,139.663,0.016000,0
7,aclnnInplaceCopy_TransposeAiCore_Transpose,N/A,N/A,1790932527990720.125	,149.823,0.000000,0
7,aclnnInplaceCopy_AsStridedAiCore_AsStrided,N/A,N/A,1790932527990869.968	,159.023,0.177000,0
7,InnerPromptFlashAttention_PromptFlashAttention_PromptFlashAttention,N/A,N/A,1790932527991029.951	,10038.641,0.977000,0
7,aclnnInplaceCopy_TransposeAiCore_Transpose,N/A,N/A,1790932528001069.932	,153.363,1.359000,0
7,aclnnAddmm_MatMulCommon_MatMulV2,N/A,N/A,1790932528001223.315	,268.325,0.000000,0
7,aclnnAdd_AddAiCore_Add,N/A,N/A,1790932528001491.660	,203.324,0.175000,0
7,aclnnInplaceCopy_CastAiCore_Cast,N/A,N/A,1790932528001695.004	,82.342,0.000000,0
7,aclnnMean_ReduceMeanAiCore_ReduceMean,N/A,N/A,1790932528001778.786	,106.022,1.408000,0
7,aclnnSub_SubAiCore_Sub,N/A,N/A,1790932528001885.948	,126.882,1.228000,0
7,aclnnPowTensorScalar_PowsAiCore_Pows,N/A,N/A,1790932528002012.850	,143.483,0.000000,0
7,aclnnMean_ReduceMeanAiCore_ReduceMean,N/A,N/A,1790932528002157.453	,106.623,1.267000,0
7,aclnnAdds_AddAiCore_Add,N/A,N/A,1790932528002265.056	,5.900,0.877000,0
7,aclnnRsqrt_RsqrtAiCore_Rsqrt,N/A,N/A,1790932528002270.976	,7.160,0.100000,0
7,aclnnMul_MulAiCore_Mul,N/A,N/A,1790932528002278.156	,110.822,0.090000,0
7,aclnnInplaceCopy_CastAiCore_Cast,N/A,N/A,1790932528002388.998	,59.821,0.000000,0
7,aclnnMul_MulAiCore_Mul,N/A,N/A,1790932528002448.839	,61.281,0.000000,0
7,aclnnAdd_AddAiCore_Add,N/A,N/A,1790932528002510.140	,36.341,0.219000,0
7,aclnnAddmm_MatMulV3Common_MatMulV3,N/A,N/A,1790932528002546.501	,1018.681,0.000000,0
7,aclnnGeluV2_GeluV2_GeluV2,N/A,N/A,1790932528003565.202	,591.771,0.069000,0
7,aclnnAddmm_MatMulV3Common_MatMulV3,N/A,N/A,1790932528004157.013	,1151.843,0.000000,0
7,aclnnAdd_AddAiCore_Add,N/A,N/A,1790932528005308.876	,165.644,0.157000,0
7,aclnnInplaceCopy_CastAiCore_Cast,N/A,N/A,1790932528005474.540	,118.182,0.000000,0
7,aclnnMean_ReduceMeanAiCore_ReduceMean,N/A,N/A,1790932528005594.142	,128.563,1.568000,0
7,aclnnSub_SubAiCore_Sub,N/A,N/A,1790932528005723.685	,178.903,0.937000,0
7,aclnnPowTensorScalar_PowsAiCore_Pows,N/A,N/A,1790932528005902.608	,222.485,0.000000,0
7,aclnnMean_ReduceMeanAiCore_ReduceMean,N/A,N/A,1790932528006126.073	,149.383,1.015000,0
7,aclnnAdds_AddAiCore_Add,N/A,N/A,1790932528006276.316	,5.800,0.867000,0
7,aclnnRsqrt_RsqrtAiCore_Rsqrt,N/A,N/A,1790932528006282.156	,7.080,0.200000,0
7,aclnnMul_MulAiCore_Mul,N/A,N/A,1790932528006289.256	,110.182,0.000000,0
7,aclnnInplaceCopy_CastAiCore_Cast,N/A,N/A,1790932528006399.458	,58.121,0.068000,0
7,aclnnMul_MulAiCore_Mul,N/A,N/A,1790932528006457.599	,38.381,0.000000,0
7,aclnnAdd_AddAiCore_Add,N/A,N/A,1790932528006496.000	,57.521,0.119000,0
7,aclnnAddmm_MatMulV3Common_MatMulV3,N/A,N/A,1790932528006553.561	,767.356,0.000000,0
7,aclnnInplaceCopy_SliceAiCore_Slice,N/A,N/A,1790932528007320.937	,127.282,0.144000,0
7,aclnnInplaceCopy_CastAiCore_Cast,N/A,N/A,1790932528007448.239	,78.462,0.000000,0
7,aclnnMul_MulAiCore_Mul,N/A,N/A,1790932528007526.721	,160.703,0.038000,0
7,aclnnInplaceCopy_SliceAiCore_Slice,N/A,N/A,1790932528007687.444	,191.784,0.047000,0
7,aclnnInplaceCopy_CastAiCore_Cast,N/A,N/A,1790932528007879.248	,69.081,0.000000,0
7,aclnnNeg_SliceAiCore_Slice,N/A,N/A,1790932528007948.369	,94.442,0.000000,0
7,aclnnNeg_NegAiCore_Neg,N/A,N/A,1790932528008042.831	,57.001,0.058000,0
7,aclnnCat_SliceAiCore_Slice,N/A,N/A,1790932528008099.872	,294.186,0.000000,0
7,aclnnCat_ConcatD_ConcatD,N/A,N/A,1790932528008394.078	,234.905,0.064000,0
7,aclnnMul_MulAiCore_Mul,N/A,N/A,1790932528008629.003	,184.543,0.095000,0
7,aclnnAdd_AddAiCore_Add,N/A,N/A,1790932528008813.566	,428.009,0.000000,0
7,aclnnInplaceCopy_CastAiCore_Cast,N/A,N/A,1790932528009241.595	,201.844,0.000000,0
7,aclnnInplaceCopy_SliceAiCore_Slice,N/A,N/A,1790932528009443.459	,116.902,0.156000,0
7,aclnnInplaceCopy_CastAiCore_Cast,N/A,N/A,1790932528009560.381	,68.682,0.098000,0
7,aclnnMul_MulAiCore_Mul,N/A,N/A,1790932528009629.083	,152.223,0.000000,0
7,aclnnInplaceCopy_SliceAiCore_Slice,N/A,N/A,1790932528009781.326	,185.163,0.027000,0
7,aclnnInplaceCopy_CastAiCore_Cast,N/A,N/A,1790932528009966.509	,70.842,0.087000,0
7,aclnnNeg_SliceAiCore_Slice,N/A,N/A,1790932528010037.371	,92.462,0.000000,0
7,aclnnNeg_NegAiCore_Neg,N/A,N/A,1790932528010129.873	,57.821,0.038000,0
7,aclnnCat_SliceAiCore_Slice,N/A,N/A,1790932528010187.714	,299.646,0.179000,0
7,aclnnCat_ConcatD_ConcatD,N/A,N/A,1790932528010487.380	,227.024,0.104000,0
7,aclnnMul_MulAiCore_Mul,N/A,N/A,1790932528010714.424	,182.404,0.000000,0
7,aclnnAdd_AddAiCore_Add,N/A,N/A,1790932528010896.868	,427.929,0.000000,0
7,aclnnInplaceCopy_CastAiCore_Cast,N/A,N/A,1790932528011324.817	,202.784,0.071000,0
7,aclnnInplaceCopy_TransposeAiCore_Transpose,N/A,N/A,1790932528011527.621	,136.662,0.000000,0
7,aclnnInplaceCopy_TransposeAiCore_Transpose,N/A,N/A,1790932528011664.303	,147.203,0.088000,0
7,aclnnInplaceCopy_AsStridedAiCore_AsStrided,N/A,N/A,1790932528011811.546	,165.084,0.047000,0
7,InnerPromptFlashAttention_PromptFlashAttention_PromptFlashAttention,N/A,N/A,1790932528011978.030	,10006.720,1.416000,0
7,aclnnInplaceCopy_TransposeAiCore_Transpose,N/A,N/A,1790932528021985.750	,153.623,1.030000,0
7,aclnnAddmm_MatMulCommon_MatMulV2,N/A,N/A,1790932528022139.393	,267.745,0.127000,0
7,aclnnAdd_AddAiCore_Add,N/A,N/A,1790932528022407.158	,203.784,0.005000,0
7,aclnnInplaceCopy_CastAiCore_Cast,N/A,N/A,1790932528022610.962	,87.162,0.000000,0
7,aclnnMean_ReduceMeanAiCore_ReduceMean,N/A,N/A,1790932528022699.524	,106.282,1.338000,0
7,aclnnSub_SubAiCore_Sub,N/A,N/A,1790932528022806.666	,131.783,0.968000,0
7,aclnnPowTensorScalar_PowsAiCore_Pows,N/A,N/A,1790932528022938.469	,143.282,0.000000,0
7,aclnnMean_ReduceMeanAiCore_ReduceMean,N/A,N/A,1790932528023082.891	,107.703,1.218000,0
7,aclnnAdds_AddAiCore_Add,N/A,N/A,1790932528023191.714	,5.840,1.047000,0
7,aclnnRsqrt_RsqrtAiCore_Rsqrt,N/A,N/A,1790932528023197.594	,7.240,0.000000,0
7,aclnnMul_MulAiCore_Mul,N/A,N/A,1790932528023204.854	,109.362,0.010000,0
7,aclnnInplaceCopy_CastAiCore_Cast,N/A,N/A,1790932528023314.236	,58.581,0.138000,0
7,aclnnMul_MulAiCore_Mul,N/A,N/A,1790932528023372.837	,62.202,0.000000,0
7,aclnnAdd_AddAiCore_Add,N/A,N/A,1790932528023435.059	,36.120,0.048000,0
7,aclnnAddmm_MatMulV3Common_MatMulV3,N/A,N/A,1790932528023471.199	,1020.121,0.130000,0
7,aclnnGeluV2_GeluV2_GeluV2,N/A,N/A,1790932528024491.340	,589.631,0.000000,0
7,aclnnAddmm_MatMulV3Common_MatMulV3,N/A,N/A,1790932528025080.991	,1144.303,0.119000,0
7,aclnnAdd_AddAiCore_Add,N/A,N/A,1790932528026225.314	,165.264,0.000000,0
7,aclnnInplaceCopy_CastAiCore_Cast,N/A,N/A,1790932528026390.598	,126.002,0.000000,0
7,aclnnMean_ReduceMeanAiCore_ReduceMean,N/A,N/A,1790932528026517.640	,139.883,1.248000,0
7,aclnnSub_SubAiCore_Sub,N/A,N/A,1790932528026658.683	,198.684,1.117000,0
7,aclnnPowTensorScalar_PowsAiCore_Pows,N/A,N/A,1790932528026857.387	,252.585,0.066000,0
7,aclnnMean_ReduceMeanAiCore_ReduceMean,N/A,N/A,1790932528027111.172	,171.043,1.165000,0
7,aclnnAdds_AddAiCore_Add,N/A,N/A,1790932528027283.275	,8.921,0.957000,0
7,aclnnRsqrt_RsqrtAiCore_Rsqrt,N/A,N/A,1790932528027292.216	,7.120,0.079000,0
7,aclnnMul_MulAiCore_Mul,N/A,N/A,1790932528027299.356	,113.082,0.000000,0
7,aclnnInplaceCopy_CastAiCore_Cast,N/A,N/A,1790932528027412.458	,54.021,0.168000,0
7,aclnnMul_MulAiCore_Mul,N/A,N/A,1790932528027466.499	,61.121,0.000000,0
7,aclnnAdd_AddAiCore_Add,N/A,N/A,1790932528027527.640	,37.301,0.129000,0
7,aclnnAddmm_MatMulV3Common_MatMulV3,N/A,N/A,1790932528027564.981	,769.295,0.000000,0
7,aclnnInplaceCopy_SliceAiCore_Slice,N/A,N/A,1790932528028334.296	,125.283,0.000000,0
7,aclnnInplaceCopy_CastAiCore_Cast,N/A,N/A,1790932528028459.619	,79.681,0.000000,0
7,aclnnMul_MulAiCore_Mul,N/A,N/A,1790932528028539.320	,160.404,0.069000,0
7,aclnnInplaceCopy_SliceAiCore_Slice,N/A,N/A,1790932528028699.744	,187.043,0.096000,0
7,aclnnInplaceCopy_CastAiCore_Cast,N/A,N/A,1790932528028886.807	,66.462,0.000000,0
7,aclnnNeg_SliceAiCore_Slice,N/A,N/A,1790932528028953.309	,96.222,0.038000,0
7,aclnnNeg_NegAiCore_Neg,N/A,N/A,1790932528029049.551	,57.401,0.028000,0
7,aclnnCat_SliceAiCore_Slice,N/A,N/A,1790932528029106.972	,299.066,0.099000,0
7,aclnnCat_ConcatD_ConcatD,N/A,N/A,1790932528029406.078	,236.665,0.000000,0
7,aclnnMul_MulAiCore_Mul,N/A,N/A,1790932528029642.763	,182.803,0.085000,0
7,aclnnAdd_AddAiCore_Add,N/A,N/A,1790932528029825.606	,425.729,0.000000,0
7,aclnnInplaceCopy_CastAiCore_Cast,N/A,N/A,1790932528030251.355	,202.604,0.021000,0
7,aclnnInplaceCopy_SliceAiCore_Slice,N/A,N/A,1790932528030453.979	,123.762,0.146000,0
7,aclnnInplaceCopy_CastAiCore_Cast,N/A,N/A,1790932528030577.781	,68.822,0.000000,0
7,aclnnMul_MulAiCore_Mul,N/A,N/A,1790932528030646.623	,151.423,0.000000,0
7,aclnnInplaceCopy_SliceAiCore_Slice,N/A,N/A,1790932528030798.066	,184.343,0.077000,0
7,aclnnInplaceCopy_CastAiCore_Cast,N/A,N/A,1790932528030982.429	,67.242,0.157000,0
7,aclnnNeg_SliceAiCore_Slice,N/A,N/A,1790932528031049.711	,90.681,0.008000,0
7,aclnnNeg_NegAiCore_Neg,N/A,N/A,1790932528031140.412	,56.742,0.069000,0
7,aclnnCat_SliceAiCore_Slice,N/A,N/A,1790932528031197.174	,292.525,0.008000,0
7,aclnnCat_ConcatD_ConcatD,N/A,N/A,1790932528031489.719	,226.025,0.000000,0
7,aclnnMul_MulAiCore_Mul,N/A,N/A,1790932528031715.764	,183.124,0.000000,0
7,aclnnAdd_AddAiCore_Add,N/A,N/A,1790932528031898.908	,426.508,0.126000,0
7,aclnnInplaceCopy_CastAiCore_Cast,N/A,N/A,1790932528032325.436	,202.144,0.000000,0
7,aclnnInplaceCopy_TransposeAiCore_Transpose,N/A,N/A,1790932528032527.600	,141.043,0.000000,0
7,aclnnInplaceCopy_TransposeAiCore_Transpose,N/A,N/A,1790932528032668.663	,150.923,0.207000,0
7,aclnnInplaceCopy_AsStridedAiCore_AsStrided,N/A,N/A,1790932528032819.606	,160.703,0.000000,0
7,InnerPromptFlashAttention_PromptFlashAttention_PromptFlashAttention,N/A,N/A,1790932528032981.349	,9958.119,1.047000,0
7,aclnnInplaceCopy_TransposeAiCore_Transpose,N/A,N/A,1790932528042940.368	,151.783,0.881000,0
7,aclnnAddmm_MatMulCommon_MatMulV2,N/A,N/A,1790932528043092.171	,267.666,0.217000,0
7,aclnnAdd_AddAiCore_Add,N/A,N/A,1790932528043359.857	,204.484,0.000000,0
7,aclnnInplaceCopy_CastAiCore_Cast,N/A,N/A,1790932528043564.361	,80.781,0.016000,0
7,aclnnMean_ReduceMeanAiCore_ReduceMean,N/A,N/A,1790932528043646.502	,106.002,1.469000,0
7,aclnnSub_SubAiCore_Sub,N/A,N/A,1790932528043753.584	,130.363,0.998000,0
7,aclnnPowTensorScalar_PowsAiCore_Pows,N/A,N/A,1790932528043883.967	,135.923,0.137000,0
7,aclnnMean_ReduceMeanAiCore_ReduceMean,N/A,N/A,1790932528044021.250	,107.662,1.327000,0
7,aclnnAdds_AddAiCore_Add,N/A,N/A,1790932528044129.572	,5.800,0.588000,0
7,aclnnRsqrt_RsqrtAiCore_Rsqrt,N/A,N/A,1790932528044135.392	,7.220,0.200000,0
7,aclnnMul_MulAiCore_Mul,N/A,N/A,1790932528044142.632	,109.202,0.030000,0
7,aclnnInplaceCopy_CastAiCore_Cast,N/A,N/A,1790932528044251.854	,59.202,0.000000,0
7,aclnnMul_MulAiCore_Mul,N/A,N/A,1790932528044311.076	,61.581,0.048000,0
7,aclnnAdd_AddAiCore_Add,N/A,N/A,1790932528044372.697	,36.181,0.169000,0
7,aclnnAddmm_MatMulV3Common_MatMulV3,N/A,N/A,1790932528044408.898	,1019.360,0.069000,0
7,aclnnGeluV2_GeluV2_GeluV2,N/A,N/A,1790932528045428.278	,590.252,0.000000,0
7,aclnnAddmm_MatMulV3Common_MatMulV3,N/A,N/A,1790932528046018.690	,1141.743,0.248000,0
7,aclnnAdd_AddAiCore_Add,N/A,N/A,1790932528047160.453	,165.903,0.007000,0
7,aclnnInplaceCopy_CastAiCore_Cast,N/A,N/A,1790932528047326.396	,117.162,0.097000,0
7,aclnnMean_ReduceMeanAiCore_ReduceMean,N/A,N/A,1790932528047444.618	,129.343,0.838000,0
7,aclnnSub_SubAiCore_Sub,N/A,N/A,1790932528047574.741	,179.683,0.907000,0
7,aclnnPowTensorScalar_PowsAiCore_Pows,N/A,N/A,1790932528047754.444	,224.145,0.067000,0
7,aclnnMean_ReduceMeanAiCore_ReduceMean,N/A,N/A,1790932528047979.709	,149.023,1.105000,0
7,aclnnAdds_AddAiCore_Add,N/A,N/A,1790932528048129.392	,5.800,0.727000,0
7,aclnnRsqrt_RsqrtAiCore_Rsqrt,N/A,N/A,1790932528048135.212	,7.180,0.000000,0
7,aclnnMul_MulAiCore_Mul,N/A,N/A,1790932528048142.412	,110.182,0.070000,0
7,aclnnInplaceCopy_CastAiCore_Cast,N/A,N/A,1790932528048252.614	,54.901,0.000000,0
7,aclnnMul_MulAiCore_Mul,N/A,N/A,1790932528048307.535	,37.461,0.099000,0
7,aclnnAdd_AddAiCore_Add,N/A,N/A,1790932528048345.036	,57.941,0.039000,0
7,aclnnAddmm_MatMulV3Common_MatMulV3,N/A,N/A,1790932528048402.997	,766.236,0.059000,0
7,aclnnInplaceCopy_SliceAiCore_Slice,N/A,N/A,1790932528049169.253	,125.622,0.014000,0
7,aclnnInplaceCopy_CastAiCore_Cast,N/A,N/A,1790932528049294.895	,82.282,0.128000,0
7,aclnnMul_MulAiCore_Mul,N/A,N/A,1790932528049377.197	,158.243,0.000000,0
7,aclnnInplaceCopy_SliceAiCore_Slice,N/A,N/A,1790932528049535.460	,191.304,0.007000,0
7,aclnnInplaceCopy_CastAiCore_Cast,N/A,N/A,1790932528049726.784	,68.781,0.000000,0
7,aclnnNeg_SliceAiCore_Slice,N/A,N/A,1790932528049795.585	,95.182,0.000000,0
7,aclnnNeg_NegAiCore_Neg,N/A,N/A,1790932528049890.787	,56.661,0.068000,0
7,aclnnCat_SliceAiCore_Slice,N/A,N/A,1790932528049947.468	,292.826,0.089000,0
7,aclnnCat_ConcatD_ConcatD,N/A,N/A,1790932528050240.334	,233.625,0.000000,0
7,aclnnMul_MulAiCore_Mul,N/A,N/A,1790932528050473.979	,183.623,0.125000,0
7,aclnnAdd_AddAiCore_Add,N/A,N/A,1790932528050657.642	,427.609,0.127000,0
7,aclnnInplaceCopy_CastAiCore_Cast,N/A,N/A,1790932528051085.271	,202.804,0.000000,0
7,aclnnInplaceCopy_SliceAiCore_Slice,N/A,N/A,1790932528051288.095	,116.562,0.000000,0
7,aclnnInplaceCopy_CastAiCore_Cast,N/A,N/A,1790932528051404.677	,68.582,0.188000,0
7,aclnnMul_MulAiCore_Mul,N/A,N/A,1790932528051473.279	,156.263,0.000000,0
7,aclnnInplaceCopy_SliceAiCore_Slice,N/A,N/A,1790932528051629.562	,184.704,0.000000,0
7,aclnnInplaceCopy_CastAiCore_Cast,N/A,N/A,1790932528051814.286	,69.241,0.046000,0
7,aclnnNeg_SliceAiCore_Slice,N/A,N/A,1790932528051883.567	,93.622,0.009000,0
7,aclnnNeg_NegAiCore_Neg,N/A,N/A,1790932528051977.209	,57.901,0.128000,0
7,aclnnCat_SliceAiCore_Slice,N/A,N/A,1790932528052035.130	,298.686,0.099000,0
7,aclnnCat_ConcatD_ConcatD,N/A,N/A,1790932528052333.836	,227.004,0.000000,0
7,aclnnMul_MulAiCore_Mul,N/A,N/A,1790932528052560.860	,181.844,0.000000,0
7,aclnnAdd_AddAiCore_Add,N/A,N/A,1790932528052742.724	,429.429,0.156000,0
7,aclnnInplaceCopy_CastAiCore_Cast,N/A,N/A,1790932528053172.173	,202.844,0.071000,0
7,aclnnInplaceCopy_TransposeAiCore_Transpose,N/A,N/A,1790932528053375.037	,137.242,0.000000,0
7,aclnnInplaceCopy_TransposeAiCore_Transpose,N/A,N/A,1790932528053512.299	,147.743,0.008000,0
7,aclnnInplaceCopy_AsStridedAiCore_AsStrided,N/A,N/A,1790932528053660.062	,162.424,0.007000,0
7,InnerPromptFlashAttention_PromptFlashAttention_PromptFlashAttention,N/A,N/A,1790932528053823.706	,9988.899,1.326000,0
7,aclnnInplaceCopy_TransposeAiCore_Transpose,N/A,N/A,1790932528063813.785	,152.383,1.101000,0
7,aclnnAddmm_MatMulCommon_MatMulV2,N/A,N/A,1790932528063966.188	,268.186,0.117000,0
7,aclnnAdd_AddAiCore_Add,N/A,N/A,1790932528064234.394	,201.924,0.064000,0
7,aclnnInplaceCopy_CastAiCore_Cast,N/A,N/A,1790932528064436.338	,87.301,0.000000,0
7,aclnnMean_ReduceMeanAiCore_ReduceMean,N/A,N/A,1790932528064524.639	,109.663,1.199000,0
7,aclnnSub_SubAiCore_Sub,N/A,N/A,1790932528064635.442	,132.342,1.087000,0
7,aclnnPowTensorScalar_PowsAiCore_Pows,N/A,N/A,1790932528064767.804	,146.103,0.000000,0
7,aclnnMean_ReduceMeanAiCore_ReduceMean,N/A,N/A,1790932528064915.267	,114.443,1.397000,0
7,aclnnAdds_AddAiCore_Add,N/A,N/A,1790932528065030.930	,5.920,1.307000,0
7,aclnnRsqrt_RsqrtAiCore_Rsqrt,N/A,N/A,1790932528065036.870	,7.040,0.000000,0
7,aclnnMul_MulAiCore_Mul,N/A,N/A,1790932528065043.930	,110.062,0.210000,0
7,aclnnInplaceCopy_CastAiCore_Cast,N/A,N/A,1790932528065154.012	,60.221,0.000000,0
7,aclnnMul_MulAiCore_Mul,N/A,N/A,1790932528065214.273	,60.641,0.029000,0
7,aclnnAdd_AddAiCore_Add,N/A,N/A,1790932528065274.954	,36.401,0.109000,0
7,aclnnAddmm_MatMulV3Common_MatMulV3,N/A,N/A,1790932528065311.375	,1022.621,0.099000,0
7,aclnnGeluV2_GeluV2_GeluV2,N/A,N/A,1790932528066334.016	,588.951,0.000000,0
7,aclnnAddmm_MatMulV3Common_MatMulV3,N/A,N/A,1790932528066922.987	,1136.503,0.049000,0
7,aclnnAdd_AddAiCore_Add,N/A,N/A,1790932528068059.510	,161.363,0.000000,0
7,aclnnInplaceCopy_CastAiCore_Cast,N/A,N/A,1790932528068220.893	,124.443,0.137000,0
7,aclnnMean_ReduceMeanAiCore_ReduceMean,N/A,N/A,1790932528068346.336	,138.923,0.807000,0
7,aclnnSub_SubAiCore_Sub,N/A,N/A,1790932528068486.239	,199.624,1.077000,0
7,aclnnPowTensorScalar_PowsAiCore_Pows,N/A,N/A,1790932528068685.883	,249.145,0.126000,0
7,aclnnMean_ReduceMeanAiCore_ReduceMean,N/A,N/A,1790932528068936.088	,171.303,0.855000,0
7,aclnnAdds_AddAiCore_Add,N/A,N/A,1790932528069108.091	,5.740,0.697000,0
7,aclnnRsqrt_RsqrtAiCore_Rsqrt,N/A,N/A,1790932528069113.851	,7.040,0.010000,0
7,aclnnMul_MulAiCore_Mul,N/A,N/A,1790932528069120.911	,112.323,0.210000,0
7,aclnnInplaceCopy_CastAiCore_Cast,N/A,N/A,1790932528069233.254	,54.321,0.000000,0
7,aclnnMul_MulAiCore_Mul,N/A,N/A,1790932528069287.595	,60.661,0.000000,0
7,aclnnAdd_AddAiCore_Add,N/A,N/A,1790932528069348.296	,36.361,0.089000,0
7,aclnnAddmm_MatMulV3Common_MatMulV3,N/A,N/A,1790932528069384.677	,766.035,0.139000,0
7,aclnnInplaceCopy_SliceAiCore_Slice,N/A,N/A,1790932528070150.732	,128.002,0.000000,0
7,aclnnInplaceCopy_CastAiCore_Cast,N/A,N/A,1790932528070278.754	,78.582,0.000000,0
7,aclnnMul_MulAiCore_Mul,N/A,N/A,1790932528070357.356	,159.903,0.000000,0
7,aclnnInplaceCopy_SliceAiCore_Slice,N/A,N/A,1790932528070517.279	,186.544,0.097000,0
7,aclnnInplaceCopy_CastAiCore_Cast,N/A,N/A,1790932528070703.863	,67.241,0.000000,0
7,aclnnNeg_SliceAiCore_Slice,N/A,N/A,1790932528070771.144	,97.362,0.259000,0
7,aclnnNeg_NegAiCore_Neg,N/A,N/A,1790932528070868.546	,57.201,0.000000,0
7,aclnnCat_SliceAiCore_Slice,N/A,N/A,1790932528070925.787	,298.666,0.049000,0
7,aclnnCat_ConcatD_ConcatD,N/A,N/A,1790932528071224.473	,236.265,0.084000,0
7,aclnnMul_MulAiCore_Mul,N/A,N/A,1790932528071460.758	,183.904,0.000000,0
7,aclnnAdd_AddAiCore_Add,N/A,N/A,1790932528071644.682	,427.328,0.096000,0
7,aclnnInplaceCopy_CastAiCore_Cast,N/A,N/A,1790932528072072.050	,202.844,0.000000,0
7,aclnnInplaceCopy_SliceAiCore_Slice,N/A,N/A,1790932528072274.914	,120.923,0.156000,0
7,aclnnInplaceCopy_CastAiCore_Cast,N/A,N/A,1790932528072395.877	,67.921,0.077000,0
7,aclnnMul_MulAiCore_Mul,N/A,N/A,1790932528072463.818	,149.503,0.000000,0
7,aclnnInplaceCopy_SliceAiCore_Slice,N/A,N/A,1790932528072613.341	,183.284,0.000000,0
7,aclnnInplaceCopy_CastAiCore_Cast,N/A,N/A,1790932528072796.645	,67.421,0.216000,0
7,aclnnNeg_SliceAiCore_Slice,N/A,N/A,1790932528072864.086	,89.802,0.000000,0
7,aclnnNeg_NegAiCore_Neg,N/A,N/A,1790932528072953.928	,56.921,0.198000,0
7,aclnnCat_SliceAiCore_Slice,N/A,N/A,1790932528073010.869	,291.166,0.000000,0
7,aclnnCat_ConcatD_ConcatD,N/A,N/A,1790932528073302.055	,226.464,0.084000,0
7,aclnnMul_MulAiCore_Mul,N/A,N/A,1790932528073528.559	,182.864,0.036000,0
7,aclnnAdd_AddAiCore_Add,N/A,N/A,1790932528073711.463	,426.929,0.136000,0
7,aclnnInplaceCopy_CastAiCore_Cast,N/A,N/A,1790932528074138.412	,202.304,0.071000,0
7,aclnnInplaceCopy_TransposeAiCore_Transpose,N/A,N/A,1790932528074340.736	,139.642,0.000000,0
7,aclnnInplaceCopy_TransposeAiCore_Transpose,N/A,N/A,1790932528074480.398	,152.503,0.108000,0
7,aclnnInplaceCopy_AsStridedAiCore_AsStrided,N/A,N/A,1790932528074632.921	,157.304,0.000000,0
7,InnerPromptFlashAttention_PromptFlashAttention_PromptFlashAttention,N/A,N/A,1790932528074791.285	,9989.019,0.946000,0
7,aclnnInplaceCopy_TransposeAiCore_Transpose,N/A,N/A,1790932528084781.564	,153.843,1.231000,0
7,aclnnAddmm_MatMulCommon_MatMulV2,N/A,N/A,1790932528084935.427	,268.306,0.157000,0
7,aclnnAdd_AddAiCore_Add,N/A,N/A,1790932528085203.753	,212.704,0.000000,0
7,aclnnInplaceCopy_CastAiCore_Cast,N/A,N/A,1790932528085416.497	,83.782,0.046000,0
7,aclnnMean_ReduceMeanAiCore_ReduceMean,N/A,N/A,1790932528085501.459	,104.682,1.218000,0
7,aclnnSub_SubAiCore_Sub,N/A,N/A,1790932528085607.261	,124.902,1.068000,0
7,aclnnPowTensorScalar_PowsAiCore_Pows,N/A,N/A,1790932528085732.183	,139.803,0.098000,0
7,aclnnMean_ReduceMeanAiCore_ReduceMean,N/A,N/A,1790932528085873.466	,105.902,1.447000,0
7,aclnnAdds_AddAiCore_Add,N/A,N/A,1790932528085980.068	,5.840,0.598000,0
7,aclnnRsqrt_RsqrtAiCore_Rsqrt,N/A,N/A,1790932528085985.928	,7.220,0.160000,0
7,aclnnMul_MulAiCore_Mul,N/A,N/A,1790932528085993.168	,110.463,0.030000,0
7,aclnnInplaceCopy_CastAiCore_Cast,N/A,N/A,1790932528086103.651	,59.841,0.037000,0
7,aclnnMul_MulAiCore_Mul,N/A,N/A,1790932528086163.512	,39.121,0.000000,0
7,aclnnAdd_AddAiCore_Add,N/A,N/A,1790932528086202.673	,35.920,0.129000,0
7,aclnnAddmm_MatMulV3Common_MatMulV3,N/A,N/A,1790932528086238.613	,1027.001,0.000000,0
7,aclnnGeluV2_GeluV2_GeluV2,N/A,N/A,1790932528087265.634	,589.052,0.249000,0
7,aclnnAddmm_MatMulV3Common_MatMulV3,N/A,N/A,1790932528087854.706	,1143.822,0.000000,0
7,aclnnAdd_AddAiCore_Add,N/A,N/A,1790932528088998.548	,166.824,0.000000,0
7,aclnnInplaceCopy_CastAiCore_Cast,N/A,N/A,1790932528089165.392	,122.442,0.176000,0
7,aclnnMean_ReduceMeanAiCore_ReduceMean,N/A,N/A,1790932528089289.214	,132.283,1.308000,0
7,aclnnSub_SubAiCore_Sub,N/A,N/A,1790932528089422.417	,218.184,0.967000,0
7,aclnnPowTensorScalar_PowsAiCore_Pows,N/A,N/A,1790932528089640.621	,248.665,0.000000,0
7,aclnnMean_ReduceMeanAiCore_ReduceMean,N/A,N/A,1790932528089890.466	,169.144,1.335000,0
7,aclnnAdds_AddAiCore_Add,N/A,N/A,1790932528090060.650	,5.840,1.106000,0
7,aclnnRsqrt_RsqrtAiCore_Rsqrt,N/A,N/A,1790932528090066.530	,7.120,0.000000,0
7,aclnnMul_MulAiCore_Mul,N/A,N/A,1790932528090073.690	,112.562,0.130000,0
7,aclnnInplaceCopy_CastAiCore_Cast,N/A,N/A,1790932528090186.292	,54.961,0.000000,0
7,aclnnMul_MulAiCore_Mul,N/A,N/A,1790932528090241.273	,60.582,0.039000,0
7,aclnnAdd_AddAiCore_Add,N/A,N/A,1790932528090301.875	,36.280,0.168000,0
7,aclnnAddmm_MatMulV3Common_MatMulV3,N/A,N/A,1790932528090338.175	,767.836,0.000000,0
7,aclnnInplaceCopy_SliceAiCore_Slice,N/A,N/A,1790932528091106.031	,114.202,0.000000,0
7,aclnnInplaceCopy_CastAiCore_Cast,N/A,N/A,1790932528091220.253	,88.422,0.048000,0
7,aclnnMul_MulAiCore_Mul,N/A,N/A,1790932528091308.695	,160.023,0.078000,0
7,aclnnInplaceCopy_SliceAiCore_Slice,N/A,N/A,1790932528091468.738	,191.484,0.000000,0
7,aclnnInplaceCopy_CastAiCore_Cast,N/A,N/A,1790932528091660.262	,66.601,0.016000,0
7,aclnnNeg_SliceAiCore_Slice,N/A,N/A,1790932528091726.883	,92.062,0.149000,0
7,aclnnNeg_NegAiCore_Neg,N/A,N/A,1790932528091818.985	,59.721,0.000000,0
7,aclnnCat_SliceAiCore_Slice,N/A,N/A,1790932528091878.746	,293.386,0.029000,0
7,aclnnCat_ConcatD_ConcatD,N/A,N/A,1790932528092172.152	,236.845,0.114000,0
7,aclnnMul_MulAiCore_Mul,N/A,N/A,1790932528092409.037	,183.243,0.000000,0
7,aclnnAdd_AddAiCore_Add,N/A,N/A,1790932528092592.320	,425.729,0.007000,0
7,aclnnInplaceCopy_CastAiCore_Cast,N/A,N/A,1790932528093018.069	,202.244,0.021000,0
7,aclnnInplaceCopy_SliceAiCore_Slice,N/A,N/A,1790932528093220.333	,115.982,0.006000,0
7,aclnnInplaceCopy_CastAiCore_Cast,N/A,N/A,1790932528093336.355	,65.861,0.018000,0
7,aclnnMul_MulAiCore_Mul,N/A,N/A,1790932528093402.236	,151.703,0.139000,0
7,aclnnInplaceCopy_SliceAiCore_Slice,N/A,N/A,1790932528093553.959	,186.404,0.047000,0
7,aclnnInplaceCopy_CastAiCore_Cast,N/A,N/A,1790932528093740.403	,66.522,0.096000,0
7,aclnnNeg_SliceAiCore_Slice,N/A,N/A,1790932528093806.965	,91.301,0.000000,0
7,aclnnNeg_NegAiCore_Neg,N/A,N/A,1790932528093898.306	,57.142,0.000000,0
7,aclnnCat_SliceAiCore_Slice,N/A,N/A,1790932528093955.468	,293.865,0.108000,0
7,aclnnCat_ConcatD_ConcatD,N/A,N/A,1790932528094249.373	,225.665,0.000000,0
7,aclnnMul_MulAiCore_Mul,N/A,N/A,1790932528094475.058	,183.764,0.085000,0
7,aclnnAdd_AddAiCore_Add,N/A,N/A,1790932528094658.842	,426.748,0.000000,0
7,aclnnInplaceCopy_CastAiCore_Cast,N/A,N/A,1790932528095085.610	,201.704,0.002000,0
7,aclnnInplaceCopy_TransposeAiCore_Transpose,N/A,N/A,1790932528095287.334	,135.743,0.046000,0
7,aclnnInplaceCopy_TransposeAiCore_Transpose,N/A,N/A,1790932528095423.097	,147.643,0.007000,0
7,aclnnInplaceCopy_AsStridedAiCore_AsStrided,N/A,N/A,1790932528095570.760	,160.923,0.107000,0
7,InnerPromptFlashAttention_PromptFlashAttention_PromptFlashAttention,N/A,N/A,1790932528095732.683	,10014.080,1.077000,0
7,aclnnInplaceCopy_TransposeAiCore_Transpose,N/A,N/A,1790932528105747.623	,159.543,0.670000,0
7,aclnnAddmm_MatMulCommon_MatMulV2,N/A,N/A,1790932528105907.186	,267.986,0.207000,0
7,aclnnAdd_AddAiCore_Add,N/A,N/A,1790932528106175.192	,212.724,0.014000,0
7,aclnnInplaceCopy_CastAiCore_Cast,N/A,N/A,1790932528106387.956	,78.941,0.026000,0
7,aclnnMean_ReduceMeanAiCore_ReduceMean,N/A,N/A,1790932528106468.058	,101.682,1.059000,0
7,aclnnSub_SubAiCore_Sub,N/A,N/A,1790932528106570.860	,126.022,1.068000,0
7,aclnnPowTensorScalar_PowsAiCore_Pows,N/A,N/A,1790932528106696.922	,133.743,0.228000,0
7,aclnnMean_ReduceMeanAiCore_ReduceMean,N/A,N/A,1790932528106831.685	,104.282,1.007000,0
7,aclnnAdds_AddAiCore_Add,N/A,N/A,1790932528106936.867	,5.780,0.718000,0
7,aclnnRsqrt_RsqrtAiCore_Rsqrt,N/A,N/A,1790932528106942.667	,7.160,0.220000,0
7,aclnnMul_MulAiCore_Mul,N/A,N/A,1790932528106949.847	,109.702,0.000000,0
7,aclnnInplaceCopy_CastAiCore_Cast,N/A,N/A,1790932528107059.569	,58.922,0.048000,0
7,aclnnMul_MulAiCore_Mul,N/A,N/A,1790932528107118.511	,38.280,0.078000,0
7,aclnnAdd_AddAiCore_Add,N/A,N/A,1790932528107156.811	,35.561,0.000000,0
7,aclnnAddmm_MatMulV3Common_MatMulV3,N/A,N/A,1790932528107192.392	,1019.840,0.189000,0
7,aclnnGeluV2_GeluV2_GeluV2,N/A,N/A,1790932528108212.252	,590.452,0.000000,0
7,aclnnAddmm_MatMulV3Common_MatMulV3,N/A,N/A,1790932528108802.724	,1146.463,0.048000,0
7,aclnnAdd_AddAiCore_Add,N/A,N/A,1790932528109949.207	,167.263,0.037000,0
7,aclnnInplaceCopy_CastAiCore_Cast,N/A,N/A,1790932528110116.490	,123.163,0.000000,0
7,aclnnMean_ReduceMeanAiCore_ReduceMean,N/A,N/A,1790932528110240.713	,130.422,1.087000,0
7,aclnnSub_SubAiCore_Sub,N/A,N/A,1790932528110371.976	,211.224,0.828000,0
7,aclnnPowTensorScalar_PowsAiCore_Pows,N/A,N/A,1790932528110583.220	,243.685,0.026000,0
7,aclnnMean_ReduceMeanAiCore_ReduceMean,N/A,N/A,1790932528110828.165	,165.683,1.315000,0
7,aclnnAdds_AddAiCore_Add,N/A,N/A,1790932528110994.748	,6.060,0.817000,0
7,aclnnRsqrt_RsqrtAiCore_Rsqrt,N/A,N/A,1790932528111000.828	,7.200,0.000000,0
7,aclnnMul_MulAiCore_Mul,N/A,N/A,1790932528111008.048	,112.122,0.050000,0
7,aclnnInplaceCopy_CastAiCore_Cast,N/A,N/A,1790932528111120.210	,52.522,0.128000,0
7,aclnnMul_MulAiCore_Mul,N/A,N/A,1790932528111172.752	,61.761,0.000000,0
7,aclnnAdd_AddAiCore_Add,N/A,N/A,1790932528111234.533	,36.960,0.000000,0
7,aclnnAddmm_MatMulV3Common_MatMulV3,N/A,N/A,1790932528111271.513	,765.136,0.040000,0
7,aclnnInplaceCopy_SliceAiCore_Slice,N/A,N/A,1790932528112036.669	,111.222,0.114000,0
7,aclnnInplaceCopy_CastAiCore_Cast,N/A,N/A,1790932528112147.911	,90.302,0.028000,0
7,aclnnMul_MulAiCore_Mul,N/A,N/A,1790932528112238.233	,159.983,0.000000,0
7,aclnnInplaceCopy_SliceAiCore_Slice,N/A,N/A,1790932528112398.256	,188.004,0.017000,0
7,aclnnInplaceCopy_CastAiCore_Cast,N/A,N/A,1790932528112586.280	,70.521,0.000000,0
7,aclnnNeg_SliceAiCore_Slice,N/A,N/A,1790932528112656.841	,92.902,0.000000,0
7,aclnnNeg_NegAiCore_Neg,N/A,N/A,1790932528112749.763	,56.981,0.098000,0
7,aclnnCat_SliceAiCore_Slice,N/A,N/A,1790932528112806.764	,292.866,0.019000,0
7,aclnnCat_ConcatD_ConcatD,N/A,N/A,1790932528113099.650	,234.645,0.134000,0
7,aclnnMul_MulAiCore_Mul,N/A,N/A,1790932528113334.315	,183.323,0.000000,0
7,aclnnAdd_AddAiCore_Add,N/A,N/A,1790932528113517.678	,424.529,0.177000,0
7,aclnnInplaceCopy_CastAiCore_Cast,N/A,N/A,1790932528113942.227	,202.444,0.000000,0
7,aclnnInplaceCopy_SliceAiCore_Slice,N/A,N/A,1790932528114144.691	,115.122,0.056000,0
7,aclnnInplaceCopy_CastAiCore_Cast,N/A,N/A,1790932528114259.833	,65.842,0.000000,0
7,aclnnMul_MulAiCore_Mul,N/A,N/A,1790932528114325.695	,149.722,0.158000,0
7,aclnnInplaceCopy_SliceAiCore_Slice,N/A,N/A,1790932528114475.437	,182.964,0.028000,0
7,aclnnInplaceCopy_CastAiCore_Cast,N/A,N/A,1790932528114658.421	,64.261,0.036000,0
7,aclnnNeg_SliceAiCore_Slice,N/A,N/A,1790932528114722.702	,93.322,0.000000,0
7,aclnnNeg_NegAiCore_Neg,N/A,N/A,1790932528114816.044	,56.921,0.000000,0
7,aclnnCat_SliceAiCore_Slice,N/A,N/A,1790932528114872.985	,292.326,0.079000,0
7,aclnnCat_ConcatD_ConcatD,N/A,N/A,1790932528115165.331	,225.305,0.000000,0
7,aclnnMul_MulAiCore_Mul,N/A,N/A,1790932528115390.676	,185.303,0.195000,0
7,aclnnAdd_AddAiCore_Add,N/A,N/A,1790932528115575.999	,424.769,0.000000,0
7,aclnnInplaceCopy_CastAiCore_Cast,N/A,N/A,1790932528116000.788	,202.224,0.000000,0
7,aclnnInplaceCopy_TransposeAiCore_Transpose,N/A,N/A,1790932528116203.032	,139.803,0.026000,0
7,aclnnInplaceCopy_TransposeAiCore_Transpose,N/A,N/A,1790932528116342.855	,152.063,0.000000,0
7,aclnnInplaceCopy_AsStridedAiCore_AsStrided,N/A,N/A,1790932528116494.958	,158.923,0.187000,0
7,InnerPromptFlashAttention_PromptFlashAttention_PromptFlashAttention,N/A,N/A,1790932528116655.221	,10008.220,1.327000,0
7,aclnnInplaceCopy_TransposeAiCore_Transpose,N/A,N/A,1790932528126664.701	,153.583,1.280000,0
7,aclnnAddmm_MatMulCommon_MatMulV2,N/A,N/A,1790932528126818.304	,268.085,0.000000,0
7,aclnnAdd_AddAiCore_Add,N/A,N/A,1790932528127086.429	,212.985,0.165000,0
7,aclnnInplaceCopy_CastAiCore_Cast,N/A,N/A,1790932528127299.434	,84.081,0.015000,0
7,aclnnMean_ReduceMeanAiCore_ReduceMean,N/A,N/A,1790932528127384.475	,105.283,0.919000,0
7,aclnnSub_SubAiCore_Sub,N/A,N/A,1790932528127490.878	,127.642,1.217000,0
7,aclnnPowTensorScalar_PowsAiCore_Pows,N/A,N/A,1790932528127618.540	,142.803,0.000000,0
7,aclnnMean_ReduceMeanAiCore_ReduceMean,N/A,N/A,1790932528127762.383	,106.502,1.197000,0
7,aclnnAdds_AddAiCore_Add,N/A,N/A,1790932528127869.985	,6.320,0.998000,0
7,aclnnRsqrt_RsqrtAiCore_Rsqrt,N/A,N/A,1790932528127876.325	,7.180,0.000000,0
7,aclnnMul_MulAiCore_Mul,N/A,N/A,1790932528127883.525	,110.143,0.070000,0
7,aclnnInplaceCopy_CastAiCore_Cast,N/A,N/A,1790932528127993.688	,58.921,0.107000,0
7,aclnnMul_MulAiCore_Mul,N/A,N/A,1790932528128052.629	,39.161,0.079000,0
7,aclnnAdd_AddAiCore_Add,N/A,N/A,1790932528128091.810	,35.880,0.000000,0
7,aclnnAddmm_MatMulV3Common_MatMulV3,N/A,N/A,1790932528128127.710	,1025.841,0.120000,0
7,aclnnGeluV2_GeluV2_GeluV2,N/A,N/A,1790932528129153.571	,589.712,0.000000,0
7,aclnnAddmm_MatMulV3Common_MatMulV3,N/A,N/A,1790932528129743.443	,1139.862,0.288000,0
7,aclnnAdd_AddAiCore_Add,N/A,N/A,1790932528130883.325	,168.384,0.000000,0
7,aclnnInplaceCopy_CastAiCore_Cast,N/A,N/A,1790932528131051.729	,121.582,0.116000,0
7,aclnnMean_ReduceMeanAiCore_ReduceMean,N/A,N/A,1790932528131174.771	,132.043,1.418000,0
7,aclnnSub_SubAiCore_Sub,N/A,N/A,1790932528131307.994	,216.264,1.207000,0
7,aclnnPowTensorScalar_PowsAiCore_Pows,N/A,N/A,1790932528131524.278	,247.345,0.000000,0
7,aclnnMean_ReduceMeanAiCore_ReduceMean,N/A,N/A,1790932528131772.983	,169.243,1.405000,0
7,aclnnAdds_AddAiCore_Add,N/A,N/A,1790932528131943.267	,5.700,1.007000,0
7,aclnnRsqrt_RsqrtAiCore_Rsqrt,N/A,N/A,1790932528131949.007	,7.220,0.050000,0
7,aclnnMul_MulAiCore_Mul,N/A,N/A,1790932528131956.267	,111.782,0.030000,0
7,aclnnInplaceCopy_CastAiCore_Cast,N/A,N/A,1790932528132068.089	,54.001,0.000000,0
7,aclnnMul_MulAiCore_Mul,N/A,N/A,1790932528132122.110	,60.601,0.000000,0
7,aclnnAdd_AddAiCore_Add,N/A,N/A,1790932528132182.731	,36.801,0.149000,0
7,aclnnAddmm_MatMulV3Common_MatMulV3,N/A,N/A,1790932528132219.552	,763.315,0.000000,0
7,aclnnInplaceCopy_SliceAiCore_Slice,N/A,N/A,1790932528132982.907	,112.523,0.185000,0
7,aclnnInplaceCopy_CastAiCore_Cast,N/A,N/A,1790932528133095.470	,88.021,0.000000,0
7,aclnnMul_MulAiCore_Mul,N/A,N/A,1790932528133183.511	,161.444,0.000000,0
7,aclnnInplaceCopy_SliceAiCore_Slice,N/A,N/A,1790932528133344.975	,189.003,0.056000,0
7,aclnnInplaceCopy_CastAiCore_Cast,N/A,N/A,1790932528133533.998	,67.502,0.000000,0
7,aclnnNeg_SliceAiCore_Slice,N/A,N/A,1790932528133601.520	,92.821,0.000000,0
7,aclnnNeg_NegAiCore_Neg,N/A,N/A,1790932528133694.361	,58.342,0.000000,0
7,aclnnCat_SliceAiCore_Slice,N/A,N/A,1790932528133752.723	,295.306,0.158000,0
7,aclnnCat_ConcatD_ConcatD,N/A,N/A,1790932528134048.049	,237.984,0.000000,0
7,aclnnMul_MulAiCore_Mul,N/A,N/A,1790932528134286.053	,183.484,0.016000,0
7,aclnnAdd_AddAiCore_Add,N/A,N/A,1790932528134469.577	,424.388,0.016000,0
7,aclnnInplaceCopy_CastAiCore_Cast,N/A,N/A,1790932528134893.985	,202.805,0.112000,0
7,aclnnInplaceCopy_SliceAiCore_Slice,N/A,N/A,1790932528135096.830	,116.382,0.000000,0
7,aclnnInplaceCopy_CastAiCore_Cast,N/A,N/A,1790932528135213.252	,68.181,0.118000,0
7,aclnnMul_MulAiCore_Mul,N/A,N/A,1790932528135281.453	,150.683,0.069000,0
7,aclnnInplaceCopy_SliceAiCore_Slice,N/A,N/A,1790932528135432.156	,185.964,0.067000,0
7,aclnnInplaceCopy_CastAiCore_Cast,N/A,N/A,1790932528135618.160	,69.561,0.036000,0
7,aclnnNeg_SliceAiCore_Slice,N/A,N/A,1790932528135687.761	,91.262,0.000000,0
7,aclnnNeg_NegAiCore_Neg,N/A,N/A,1790932528135779.063	,57.461,0.000000,0
7,aclnnCat_SliceAiCore_Slice,N/A,N/A,1790932528135836.544	,295.226,0.039000,0
7,aclnnCat_ConcatD_ConcatD,N/A,N/A,1790932528136131.790	,225.705,0.024000,0
7,aclnnMul_MulAiCore_Mul,N/A,N/A,1790932528136357.515	,183.883,0.045000,0
7,aclnnAdd_AddAiCore_Add,N/A,N/A,1790932528136541.418	,426.389,0.117000,0
7,aclnnInplaceCopy_CastAiCore_Cast,N/A,N/A,1790932528136967.847	,202.604,0.000000,0
7,aclnnInplaceCopy_TransposeAiCore_Transpose,N/A,N/A,1790932528137170.471	,137.123,0.146000,0
7,aclnnInplaceCopy_TransposeAiCore_Transpose,N/A,N/A,1790932528137307.614	,149.563,0.000000,0
7,aclnnInplaceCopy_AsStridedAiCore_AsStrided,N/A,N/A,1790932528137457.197	,160.443,0.187000,0
7,InnerPromptFlashAttention_PromptFlashAttention_PromptFlashAttention,N/A,N/A,1790932528137618.560	,10009.340,0.807000,0
7,aclnnInplaceCopy_TransposeAiCore_Transpose,N/A,N/A,1790932528147629.240	,155.883,1.410000,0
7,aclnnAddmm_MatMulCommon_MatMulV2,N/A,N/A,1790932528147785.163	,267.505,0.117000,0
7,aclnnAdd_AddAiCore_Add,N/A,N/A,1790932528148052.708	,210.985,0.000000,0
7,aclnnInplaceCopy_CastAiCore_Cast,N/A,N/A,1790932528148263.733	,77.401,0.015000,0
7,aclnnMean_ReduceMeanAiCore_ReduceMean,N/A,N/A,1790932528148342.394	,102.102,1.349000,0
7,aclnnSub_SubAiCore_Sub,N/A,N/A,1790932528148445.176	,126.063,0.648000,0
7,aclnnPowTensorScalar_PowsAiCore_Pows,N/A,N/A,1790932528148571.259	,131.562,0.000000,0
7,aclnnMean_ReduceMeanAiCore_ReduceMean,N/A,N/A,1790932528148704.301	,103.242,1.438000,0
7,aclnnAdds_AddAiCore_Add,N/A,N/A,1790932528148808.243	,5.921,0.758000,0
7,aclnnRsqrt_RsqrtAiCore_Rsqrt,N/A,N/A,1790932528148814.184	,7.160,0.079000,0
7,aclnnMul_MulAiCore_Mul,N/A,N/A,1790932528148821.364	,109.902,0.000000,0
7,aclnnInplaceCopy_CastAiCore_Cast,N/A,N/A,1790932528148931.286	,59.601,0.098000,0
7,aclnnMul_MulAiCore_Mul,N/A,N/A,1790932528148990.927	,38.801,0.149000,0
7,aclnnAdd_AddAiCore_Add,N/A,N/A,1790932528149029.748	,36.281,0.000000,0
7,aclnnAddmm_MatMulV3Common_MatMulV3,N/A,N/A,1790932528149066.049	,1020.520,0.000000,0
7,aclnnGeluV2_GeluV2_GeluV2,N/A,N/A,1790932528150086.589	,591.172,0.000000,0
7,aclnnAddmm_MatMulV3Common_MatMulV3,N/A,N/A,1790932528150677.921	,1145.363,0.328000,0
7,aclnnAdd_AddAiCore_Add,N/A,N/A,1790932528151823.304	,166.323,0.000000,0
7,aclnnInplaceCopy_CastAiCore_Cast,N/A,N/A,1790932528151989.647	,122.962,0.177000,0
7,aclnnMean_ReduceMeanAiCore_ReduceMean,N/A,N/A,1790932528152113.550	,126.802,0.788000,0
7,aclnnSub_SubAiCore_Sub,N/A,N/A,1790932528152241.152	,203.264,0.948000,0
7,aclnnPowTensorScalar_PowsAiCore_Pows,N/A,N/A,1790932528152444.436	,239.745,0.000000,0
7,aclnnMean_ReduceMeanAiCore_ReduceMean,N/A,N/A,1790932528152685.381	,160.923,1.255000,0
7,aclnnAdds_AddAiCore_Add,N/A,N/A,1790932528152847.044	,5.940,0.577000,0
7,aclnnRsqrt_RsqrtAiCore_Rsqrt,N/A,N/A,1790932528152853.024	,7.000,0.060000,0
7,aclnnMul_MulAiCore_Mul,N/A,N/A,1790932528152860.044	,112.483,0.000000,0
7,aclnnInplaceCopy_CastAiCore_Cast,N/A,N/A,1790932528152972.547	,53.701,0.017000,0
7,aclnnMul_MulAiCore_Mul,N/A,N/A,1790932528153026.268	,61.361,0.049000,0
7,aclnnAdd_AddAiCore_Add,N/A,N/A,1790932528153087.649	,35.901,0.139000,0
7,aclnnAddmm_MatMulV3Common_MatMulV3,N/A,N/A,1790932528153123.570	,766.055,0.000000,0
7,aclnnInplaceCopy_SliceAiCore_Slice,N/A,N/A,1790932528153889.645	,109.862,0.195000,0
7,aclnnInplaceCopy_CastAiCore_Cast,N/A,N/A,1790932528153999.527	,90.282,0.000000,0
7,aclnnMul_MulAiCore_Mul,N/A,N/A,1790932528154089.829	,158.863,0.000000,0
7,aclnnInplaceCopy_SliceAiCore_Slice,N/A,N/A,1790932528154248.712	,186.984,0.137000,0
7,aclnnInplaceCopy_CastAiCore_Cast,N/A,N/A,1790932528154435.716	,70.101,0.016000,0
7,aclnnNeg_SliceAiCore_Slice,N/A,N/A,1790932528154505.837	,93.642,0.000000,0
7,aclnnNeg_NegAiCore_Neg,N/A,N/A,1790932528154599.499	,57.661,0.108000,0
7,aclnnCat_SliceAiCore_Slice,N/A,N/A,1790932528154657.180	,295.486,0.089000,0
7,aclnnCat_ConcatD_ConcatD,N/A,N/A,1790932528154952.686	,236.985,0.014000,0
7,aclnnMul_MulAiCore_Mul,N/A,N/A,1790932528155189.691	,181.624,0.015000,0
7,aclnnAdd_AddAiCore_Add,N/A,N/A,1790932528155371.335	,425.228,0.000000,0
7,aclnnInplaceCopy_CastAiCore_Cast,N/A,N/A,1790932528155796.583	,203.144,0.022000,0
7,aclnnInplaceCopy_SliceAiCore_Slice,N/A,N/A,1790932528155999.747	,114.942,0.106000,0
7,aclnnInplaceCopy_CastAiCore_Cast,N/A,N/A,1790932528156114.709	,62.722,0.058000,0
7,aclnnMul_MulAiCore_Mul,N/A,N/A,1790932528156177.451	,151.283,0.028000,0
7,aclnnInplaceCopy_SliceAiCore_Slice,N/A,N/A,1790932528156328.754	,184.923,0.000000,0
7,aclnnInplaceCopy_CastAiCore_Cast,N/A,N/A,1790932528156513.697	,69.182,0.077000,0
7,aclnnNeg_SliceAiCore_Slice,N/A,N/A,1790932528156582.899	,91.762,0.068000,0
7,aclnnNeg_NegAiCore_Neg,N/A,N/A,1790932528156674.681	,56.961,0.000000,0
7,aclnnCat_SliceAiCore_Slice,N/A,N/A,1790932528156731.662	,293.506,0.039000,0
7,aclnnCat_ConcatD_ConcatD,N/A,N/A,1790932528157025.188	,225.624,0.000000,0
7,aclnnMul_MulAiCore_Mul,N/A,N/A,1790932528157250.832	,183.024,0.000000,0
7,aclnnAdd_AddAiCore_Add,N/A,N/A,1790932528157433.876	,427.268,0.226000,0
7,aclnnInplaceCopy_CastAiCore_Cast,N/A,N/A,1790932528157861.164	,202.284,0.000000,0
7,aclnnInplaceCopy_TransposeAiCore_Transpose,N/A,N/A,1790932528158063.468	,141.323,0.000000,0
7,aclnnInplaceCopy_TransposeAiCore_Transpose,N/A,N/A,1790932528158204.811	,153.383,0.000000,0
7,aclnnInplaceCopy_AsStridedAiCore_AsStrided,N/A,N/A,1790932528158358.214	,161.384,0.117000,0
7,InnerPromptFlashAttention_PromptFlashAttention_PromptFlashAttention,N/A,N/A,1790932528158520.618	,9981.819,0.866000,0
7,aclnnInplaceCopy_TransposeAiCore_Transpose,N/A,N/A,1790932528168503.577	,156.403,1.181000,0
7,aclnnAddmm_MatMulCommon_MatMulV2,N/A,N/A,1790932528168660.000	,268.325,0.097000,0
7,aclnnAdd_AddAiCore_Add,N/A,N/A,1790932528168928.365	,211.245,0.000000,0
7,aclnnInplaceCopy_CastAiCore_Cast,N/A,N/A,1790932528169139.630	,82.981,0.255000,0
7,aclnnMean_ReduceMeanAiCore_ReduceMean,N/A,N/A,1790932528169223.791	,105.182,1.019000,0
7,aclnnSub_SubAiCore_Sub,N/A,N/A,1790932528169329.653	,124.603,0.818000,0
7,aclnnPowTensorScalar_PowsAiCore_Pows,N/A,N/A,1790932528169454.276	,141.443,0.000000,0
7,aclnnMean_ReduceMeanAiCore_ReduceMean,N/A,N/A,1790932528169596.979	,104.642,1.307000,0
7,aclnnAdds_AddAiCore_Add,N/A,N/A,1790932528169702.841	,5.760,1.108000,0
7,aclnnRsqrt_RsqrtAiCore_Rsqrt,N/A,N/A,1790932528169708.621	,7.260,0.000000,0
7,aclnnMul_MulAiCore_Mul,N/A,N/A,1790932528169715.901	,111.002,0.240000,0
7,aclnnInplaceCopy_CastAiCore_Cast,N/A,N/A,1790932528169826.923	,58.762,0.000000,0
7,aclnnMul_MulAiCore_Mul,N/A,N/A,1790932528169885.705	,39.400,0.000000,0
7,aclnnAdd_AddAiCore_Add,N/A,N/A,1790932528169925.145	,36.161,0.100000,0
7,aclnnAddmm_MatMulV3Common_MatMulV3,N/A,N/A,1790932528169961.326	,1024.821,0.000000,0
7,aclnnGeluV2_GeluV2_GeluV2,N/A,N/A,1790932528170986.167	,588.831,0.179000,0
7,aclnnAddmm_MatMulV3Common_MatMulV3,N/A,N/A,1790932528171575.138	,1141.903,0.169000,0
7,aclnnAdd_AddAiCore_Add,N/A,N/A,1790932528172717.061	,165.023,0.000000,0
7,aclnnInplaceCopy_CastAiCore_Cast,N/A,N/A,1790932528172882.104	,121.943,0.000000,0
7,aclnnMean_ReduceMeanAiCore_ReduceMean,N/A,N/A,1790932528173004.987	,130.623,1.057000,0
7,aclnnSub_SubAiCore_Sub,N/A,N/A,1790932528173136.310	,223.044,0.627000,0
7,aclnnPowTensorScalar_PowsAiCore_Pows,N/A,N/A,1790932528173359.374	,249.985,0.000000,0
7,aclnnMean_ReduceMeanAiCore_ReduceMean,N/A,N/A,1790932528173610.319	,173.083,1.015000,0
7,aclnnAdds_AddAiCore_Add,N/A,N/A,1790932528173784.502	,5.861,1.167000,0
7,aclnnRsqrt_RsqrtAiCore_Rsqrt,N/A,N/A,1790932528173790.383	,7.080,0.139000,0
7,aclnnMul_MulAiCore_Mul,N/A,N/A,1790932528173797.483	,111.922,0.000000,0
7,aclnnInplaceCopy_CastAiCore_Cast,N/A,N/A,1790932528173909.425	,53.841,0.078000,0
7,aclnnMul_MulAiCore_Mul,N/A,N/A,1790932528173963.306	,61.101,0.000000,0
7,aclnnAdd_AddAiCore_Add,N/A,N/A,1790932528174024.427	,36.121,0.149000,0
7,aclnnAddmm_MatMulV3Common_MatMulV3,N/A,N/A,1790932528174060.568	,765.035,0.000000,0
7,aclnnInplaceCopy_SliceAiCore_Slice,N/A,N/A,1790932528174825.623	,114.643,0.000000,0
7,aclnnInplaceCopy_CastAiCore_Cast,N/A,N/A,1790932528174940.306	,87.481,0.107000,0
7,aclnnMul_MulAiCore_Mul,N/A,N/A,1790932528175027.807	,161.624,0.019000,0
7,aclnnInplaceCopy_SliceAiCore_Slice,N/A,N/A,1790932528175189.451	,191.063,0.126000,0
7,aclnnInplaceCopy_CastAiCore_Cast,N/A,N/A,1790932528175380.534	,68.322,0.000000,0
7,aclnnNeg_SliceAiCore_Slice,N/A,N/A,1790932528175448.876	,95.802,0.178000,0
7,aclnnNeg_NegAiCore_Neg,N/A,N/A,1790932528175544.698	,57.721,0.000000,0
7,aclnnCat_SliceAiCore_Slice,N/A,N/A,1790932528175602.439	,295.266,0.029000,0
7,aclnnCat_ConcatD_ConcatD,N/A,N/A,1790932528175897.725	,236.504,0.000000,0
7,aclnnMul_MulAiCore_Mul,N/A,N/A,1790932528176134.269	,185.824,0.000000,0
7,aclnnAdd_AddAiCore_Add,N/A,N/A,1790932528176320.133	,423.669,0.176000,0
7,aclnnInplaceCopy_CastAiCore_Cast,N/A,N/A,1790932528176743.822	,203.484,0.000000,0
7,aclnnInplaceCopy_SliceAiCore_Slice,N/A,N/A,1790932528176947.326	,117.042,0.016000,0
7,aclnnInplaceCopy_CastAiCore_Cast,N/A,N/A,1790932528177064.408	,68.281,0.208000,0
7,aclnnMul_MulAiCore_Mul,N/A,N/A,1790932528177132.709	,153.523,0.000000,0
7,aclnnInplaceCopy_SliceAiCore_Slice,N/A,N/A,1790932528177286.252	,186.504,0.000000,0
7,aclnnInplaceCopy_CastAiCore_Cast,N/A,N/A,1790932528177472.776	,67.782,0.000000,0
7,aclnnNeg_SliceAiCore_Slice,N/A,N/A,1790932528177540.578	,91.321,0.000000,0
7,aclnnNeg_NegAiCore_Neg,N/A,N/A,1790932528177631.919	,57.222,0.179000,0
7,aclnnCat_SliceAiCore_Slice,N/A,N/A,1790932528177689.181	,292.885,0.028000,0
7,aclnnCat_ConcatD_ConcatD,N/A,N/A,1790932528177982.086	,225.245,0.000000,0
7,aclnnMul_MulAiCore_Mul,N/A,N/A,1790932528178207.351	,185.004,0.005000,0
7,aclnnAdd_AddAiCore_Add,N/A,N/A,1790932528178392.375	,427.188,0.246000,0
7,aclnnInplaceCopy_CastAiCore_Cast,N/A,N/A,1790932528178819.603	,202.184,0.000000,0
7,aclnnInplaceCopy_TransposeAiCore_Transpose,N/A,N/A,1790932528179021.807	,135.483,0.066000,0
7,aclnnInplaceCopy_TransposeAiCore_Transpose,N/A,N/A,1790932528179157.310	,148.343,0.017000,0
7,aclnnInplaceCopy_AsStridedAiCore_AsStrided,N/A,N/A,1790932528179305.673	,161.403,0.157000,0
7,InnerPromptFlashAttention_PromptFlashAttention_PromptFlashAttention,N/A,N/A,1790932528179468.236	,10002.820,1.097000,0
7,aclnnInplaceCopy_TransposeAiCore_Transpose,N/A,N/A,1790932528189471.936	,163.223,0.930000,0
7,aclnnAddmm_MatMulCommon_MatMulV2,N/A,N/A,1790932528189635.179	,267.166,0.027000,0
7,aclnnAdd_AddAiCore_Add,N/A,N/A,1790932528189902.365	,211.944,0.000000,0
7,aclnnInplaceCopy_CastAiCore_Cast,N/A,N/A,1790932528190114.349	,79.761,0.056000,0
7,aclnnMean_ReduceMeanAiCore_ReduceMean,N/A,N/A,1790932528190195.250	,101.782,1.239000,0
7,aclnnSub_SubAiCore_Sub,N/A,N/A,1790932528190297.952	,127.923,0.968000,0
7,aclnnPowTensorScalar_PowsAiCore_Pows,N/A,N/A,1790932528190425.895	,135.623,0.077000,0
7,aclnnMean_ReduceMeanAiCore_ReduceMean,N/A,N/A,1790932528190562.958	,104.082,1.377000,0
7,aclnnAdds_AddAiCore_Add,N/A,N/A,1790932528190668.080	,5.820,0.918000,0
7,aclnnRsqrt_RsqrtAiCore_Rsqrt,N/A,N/A,1790932528190673.920	,8.460,0.180000,0
7,aclnnMul_MulAiCore_Mul,N/A,N/A,1790932528190682.420	,109.582,0.040000,0
7,aclnnInplaceCopy_CastAiCore_Cast,N/A,N/A,1790932528190792.022	,59.041,0.000000,0
7,aclnnMul_MulAiCore_Mul,N/A,N/A,1790932528190851.083	,38.221,0.000000,0
7,aclnnAdd_AddAiCore_Add,N/A,N/A,1790932528190889.344	,35.841,0.029000,0
7,aclnnAddmm_MatMulV3Common_MatMulV3,N/A,N/A,1790932528190925.225	,1024.560,0.159000,0
7,aclnnGeluV2_GeluV2_GeluV2,N/A,N/A,1790932528191949.805	,587.812,0.000000,0
7,aclnnAddmm_MatMulV3Common_MatMulV3,N/A,N/A,1790932528192537.637	,1145.403,0.188000,0
7,aclnnAdd_AddAiCore_Add,N/A,N/A,1790932528193683.060	,166.883,0.000000,0
7,aclnnInplaceCopy_CastAiCore_Cast,N/A,N/A,1790932528193849.963	,111.843,0.117000,0
7,aclnnMean_ReduceMeanAiCore_ReduceMean,N/A,N/A,1790932528193962.966	,116.702,1.157000,0
7,aclnnSub_SubAiCore_Sub,N/A,N/A,1790932528194080.868	,200.744,1.048000,0
7,aclnnPowTensorScalar_PowsAiCore_Pows,N/A,N/A,1790932528194281.632	,219.924,0.256000,0
7,aclnnMean_ReduceMeanAiCore_ReduceMean,N/A,N/A,1790932528194502.636	,147.363,1.076000,0
7,aclnnAdds_AddAiCore_Add,N/A,N/A,1790932528194651.099	,5.761,0.887000,0
7,aclnnRsqrt_RsqrtAiCore_Rsqrt,N/A,N/A,1790932528194656.880	,7.280,0.239000,0
7,aclnnMul_MulAiCore_Mul,N/A,N/A,1790932528194664.180	,109.022,0.000000,0
7,aclnnInplaceCopy_CastAiCore_Cast,N/A,N/A,1790932528194773.222	,53.261,0.000000,0
7,aclnnMul_MulAiCore_Mul,N/A,N/A,1790932528194826.503	,61.621,0.000000,0
7,aclnnAdd_AddAiCore_Add,N/A,N/A,1790932528194888.144	,37.241,0.129000,0
7,aclnnAddmm_MatMulV3Common_MatMulV3,N/A,N/A,1790932528194925.405	,763.835,0.009000,0
7,aclnnInplaceCopy_SliceAiCore_Slice,N/A,N/A,1790932528195689.280	,110.222,0.000000,0
7,aclnnInplaceCopy_CastAiCore_Cast,N/A,N/A,1790932528195799.522	,89.102,0.028000,0
7,aclnnMul_MulAiCore_Mul,N/A,N/A,1790932528195888.644	,160.363,0.148000,0
7,aclnnInplaceCopy_SliceAiCore_Slice,N/A,N/A,1790932528196049.027	,188.264,0.000000,0
7,aclnnInplaceCopy_CastAiCore_Cast,N/A,N/A,1790932528196237.331	,66.381,0.000000,0
7,aclnnNeg_SliceAiCore_Slice,N/A,N/A,1790932528196303.732	,97.362,0.119000,0
7,aclnnNeg_NegAiCore_Neg,N/A,N/A,1790932528196401.134	,57.622,0.138000,0
7,aclnnCat_SliceAiCore_Slice,N/A,N/A,1790932528196458.776	,294.065,0.000000,0
7,aclnnCat_ConcatD_ConcatD,N/A,N/A,1790932528196752.861	,235.465,0.000000,0
7,aclnnMul_MulAiCore_Mul,N/A,N/A,1790932528196988.346	,185.204,0.035000,0
7,aclnnAdd_AddAiCore_Add,N/A,N/A,1790932528197173.590	,422.388,0.046000,0
7,aclnnInplaceCopy_CastAiCore_Cast,N/A,N/A,1790932528197595.998	,203.204,0.112000,0
7,aclnnInplaceCopy_SliceAiCore_Slice,N/A,N/A,1790932528197799.222	,115.503,0.046000,0
7,aclnnInplaceCopy_CastAiCore_Cast,N/A,N/A,1790932528197914.745	,63.361,0.000000,0
7,aclnnMul_MulAiCore_Mul,N/A,N/A,1790932528197978.126	,149.603,0.139000,0
7,aclnnInplaceCopy_SliceAiCore_Slice,N/A,N/A,1790932528198127.749	,185.744,0.000000,0
7,aclnnInplaceCopy_CastAiCore_Cast,N/A,N/A,1790932528198313.513	,64.501,0.006000,0
7,aclnnNeg_SliceAiCore_Slice,N/A,N/A,1790932528198378.034	,90.702,0.000000,0
7,aclnnNeg_NegAiCore_Neg,N/A,N/A,1790932528198468.756	,56.801,0.048000,0
7,aclnnCat_SliceAiCore_Slice,N/A,N/A,1790932528198525.577	,294.886,0.000000,0
7,aclnnCat_ConcatD_ConcatD,N/A,N/A,1790932528198820.483	,229.884,0.114000,0
7,aclnnMul_MulAiCore_Mul,N/A,N/A,1790932528199050.407	,184.244,0.116000,0
7,aclnnAdd_AddAiCore_Add,N/A,N/A,1790932528199234.671	,422.648,0.006000,0
7,aclnnInplaceCopy_CastAiCore_Cast,N/A,N/A,1790932528199657.339	,202.284,0.000000,0
7,aclnnInplaceCopy_TransposeAiCore_Transpose,N/A,N/A,1790932528199859.643	,138.743,0.216000,0
7,aclnnInplaceCopy_TransposeAiCore_Transpose,N/A,N/A,1790932528199998.406	,149.683,0.007000,0
7,aclnnInplaceCopy_AsStridedAiCore_AsStrided,N/A,N/A,1790932528200148.109	,158.683,0.000000,0
7,InnerPromptFlashAttention_PromptFlashAttention_PromptFlashAttention,N/A,N/A,1790932528200308.252	,10012.960,1.567000,0
7,aclnnInplaceCopy_TransposeAiCore_Transpose,N/A,N/A,1790932528210322.193	,137.502,1.040000,0
7,aclnnAddmm_MatMulCommon_MatMulV2,N/A,N/A,1790932528210459.715	,268.266,0.000000,0
7,aclnnAdd_AddAiCore_Add,N/A,N/A,1790932528210728.001	,178.923,0.000000,0
7,aclnnInplaceCopy_CastAiCore_Cast,N/A,N/A,1790932528210906.944	,69.242,0.077000,0
7,aclnnMean_ReduceMeanAiCore_ReduceMean,N/A,N/A,1790932528210977.466	,100.442,1.258000,0
7,aclnnSub_SubAiCore_Sub,N/A,N/A,1790932528211079.008	,116.282,1.058000,0
7,aclnnPowTensorScalar_PowsAiCore_Pows,N/A,N/A,1790932528211195.310	,116.402,0.000000,0
7,aclnnMean_ReduceMeanAiCore_ReduceMean,N/A,N/A,1790932528211313.112	,100.902,1.348000,0
7,aclnnAdds_AddAiCore_Add,N/A,N/A,1790932528211414.694	,6.260,0.848000,0
7,aclnnRsqrt_RsqrtAiCore_Rsqrt,N/A,N/A,1790932528211420.974	,7.341,0.000000,0
7,aclnnMul_MulAiCore_Mul,N/A,N/A,1790932528211428.335	,109.442,0.000000,0
7,aclnnInplaceCopy_CastAiCore_Cast,N/A,N/A,1790932528211537.797	,60.921,0.058000,0
7,aclnnMul_MulAiCore_Mul,N/A,N/A,1790932528211598.738	,61.581,0.079000,0
7,aclnnAdd_AddAiCore_Add,N/A,N/A,1790932528211660.339	,36.161,0.000000,0
7,aclnnAddmm_MatMulV3Common_MatMulV3,N/A,N/A,1790932528211696.520	,1031.701,0.089000,0
7,aclnnGeluV2_GeluV2_GeluV2,N/A,N/A,1790932528212728.241	,587.131,0.049000,0
7,aclnnAddmm_MatMulV3Common_MatMulV3,N/A,N/A,1790932528213315.392	,1154.883,0.119000,0
7,aclnnAdd_AddAiCore_Add,N/A,N/A,1790932528214470.295	,164.564,0.000000,0
7,aclnnInplaceCopy_CastAiCore_Cast,N/A,N/A,1790932528214634.879	,122.262,0.186000,0
7,aclnnMean_ReduceMeanAiCore_ReduceMean,N/A,N/A,1790932528214758.361	,126.743,0.988000,0
7,aclnnSub_SubAiCore_Sub,N/A,N/A,1790932528214886.164	,206.764,1.257000,0
7,aclnnPowTensorScalar_PowsAiCore_Pows,N/A,N/A,1790932528215092.968	,242.925,0.000000,0
7,aclnnMean_ReduceMeanAiCore_ReduceMean,N/A,N/A,1790932528215336.993	,163.283,1.075000,0
7,aclnnAdds_AddAiCore_Add,N/A,N/A,1790932528215501.196	,5.760,0.967000,0
7,aclnnRsqrt_RsqrtAiCore_Rsqrt,N/A,N/A,1790932528215506.976	,7.260,0.000000,0
7,aclnnMul_MulAiCore_Mul,N/A,N/A,1790932528215514.276	,112.963,0.000000,0
7,aclnnInplaceCopy_CastAiCore_Cast,N/A,N/A,1790932528215627.259	,55.521,0.037000,0
7,aclnnMul_MulAiCore_Mul,N/A,N/A,1790932528215682.800	,38.400,0.000000,0
7,aclnnAdd_AddAiCore_Add,N/A,N/A,1790932528215721.240	,35.561,0.100000,0
7,aclnnAddmm_MatMulV3Common_MatMulV3,N/A,N/A,1790932528215756.821	,764.755,0.000000,0
7,aclnnInplaceCopy_SliceAiCore_Slice,N/A,N/A,1790932528216521.596	,111.883,0.000000,0
7,aclnnInplaceCopy_CastAiCore_Cast,N/A,N/A,1790932528216633.499	,90.201,0.117000,0
7,aclnnMul_MulAiCore_Mul,N/A,N/A,1790932528216723.720	,158.944,0.049000,0
7,aclnnInplaceCopy_SliceAiCore_Slice,N/A,N/A,1790932528216882.684	,190.803,0.056000,0
7,aclnnInplaceCopy_CastAiCore_Cast,N/A,N/A,1790932528217073.507	,68.522,0.000000,0
7,aclnnNeg_SliceAiCore_Slice,N/A,N/A,1790932528217142.049	,94.222,0.000000,0
7,aclnnNeg_NegAiCore_Neg,N/A,N/A,1790932528217236.291	,58.321,0.028000,0
7,aclnnCat_SliceAiCore_Slice,N/A,N/A,1790932528217294.652	,293.926,0.179000,0
7,aclnnCat_ConcatD_ConcatD,N/A,N/A,1790932528217588.598	,235.884,0.000000,0
7,aclnnMul_MulAiCore_Mul,N/A,N/A,1790932528217824.502	,182.144,0.116000,0
7,aclnnAdd_AddAiCore_Add,N/A,N/A,1790932528218006.666	,425.129,0.106000,0
7,aclnnInplaceCopy_CastAiCore_Cast,N/A,N/A,1790932528218431.815	,201.724,0.000000,0
7,aclnnInplaceCopy_SliceAiCore_Slice,N/A,N/A,1790932528218633.559	,116.102,0.026000,0
7,aclnnInplaceCopy_CastAiCore_Cast,N/A,N/A,1790932528218749.681	,67.281,0.148000,0
7,aclnnMul_MulAiCore_Mul,N/A,N/A,1790932528218816.982	,148.963,0.000000,0
7,aclnnInplaceCopy_SliceAiCore_Slice,N/A,N/A,1790932528218965.965	,186.424,0.037000,0
7,aclnnInplaceCopy_CastAiCore_Cast,N/A,N/A,1790932528219152.409	,69.661,0.076000,0
7,aclnnNeg_SliceAiCore_Slice,N/A,N/A,1790932528219222.110	,93.362,0.000000,0
7,aclnnNeg_NegAiCore_Neg,N/A,N/A,1790932528219315.512	,57.421,0.138000,0
7,aclnnCat_SliceAiCore_Slice,N/A,N/A,1790932528219372.953	,302.606,0.079000,0
7,aclnnCat_ConcatD_ConcatD,N/A,N/A,1790932528219675.599	,226.645,0.000000,0
7,aclnnMul_MulAiCore_Mul,N/A,N/A,1790932528219902.284	,185.604,0.105000,0
7,aclnnAdd_AddAiCore_Add,N/A,N/A,1790932528220087.908	,424.188,0.146000,0
7,aclnnInplaceCopy_CastAiCore_Cast,N/A,N/A,1790932528220512.116	,202.044,0.000000,0
7,aclnnInplaceCopy_TransposeAiCore_Transpose,N/A,N/A,1790932528220714.180	,136.703,0.206000,0
7,aclnnInplaceCopy_TransposeAiCore_Transpose,N/A,N/A,1790932528220850.903	,149.903,0.047000,0
7,aclnnInplaceCopy_AsStridedAiCore_AsStrided,N/A,N/A,1790932528221000.846	,161.363,0.000000,0
7,InnerPromptFlashAttention_PromptFlashAttention_PromptFlashAttention,N/A,N/A,1790932528221163.209	,9994.520,1.137000,0
7,aclnnInplaceCopy_TransposeAiCore_Transpose,N/A,N/A,1790932528231158.649	,153.743,0.980000,0
7,aclnnAddmm_MatMulCommon_MatMulV2,N/A,N/A,1790932528231312.412	,268.665,0.007000,0
7,aclnnAdd_AddAiCore_Add,N/A,N/A,1790932528231581.097	,205.904,0.000000,0
7,aclnnInplaceCopy_CastAiCore_Cast,N/A,N/A,1790932528231787.021	,72.482,0.096000,0
7,aclnnMean_ReduceMeanAiCore_ReduceMean,N/A,N/A,1790932528231860.523	,101.582,1.018000,0
7,aclnnSub_SubAiCore_Sub,N/A,N/A,1790932528231963.305	,119.922,1.168000,0
7,aclnnPowTensorScalar_PowsAiCore_Pows,N/A,N/A,1790932528232083.247	,122.783,0.078000,0
7,aclnnMean_ReduceMeanAiCore_ReduceMean,N/A,N/A,1790932528232207.050	,102.802,0.967000,0
7,aclnnAdds_AddAiCore_Add,N/A,N/A,1790932528232310.972	,5.920,1.198000,0
7,aclnnRsqrt_RsqrtAiCore_Rsqrt,N/A,N/A,1790932528232316.912	,7.100,0.080000,0
7,aclnnMul_MulAiCore_Mul,N/A,N/A,1790932528232324.032	,108.642,0.000000,0
7,aclnnInplaceCopy_CastAiCore_Cast,N/A,N/A,1790932528232432.694	,60.541,0.108000,0
7,aclnnMul_MulAiCore_Mul,N/A,N/A,1790932528232493.255	,62.322,0.000000,0
7,aclnnAdd_AddAiCore_Add,N/A,N/A,1790932528232555.597	,36.660,0.000000,0
7,aclnnAddmm_MatMulV3Common_MatMulV3,N/A,N/A,1790932528232592.277	,1024.301,0.090000,0
7,aclnnGeluV2_GeluV2_GeluV2,N/A,N/A,1790932528233616.598	,590.632,0.000000,0
7,aclnnAddmm_MatMulV3Common_MatMulV3,N/A,N/A,1790932528234207.370	,1150.443,0.118000,0
7,aclnnAdd_AddAiCore_Add,N/A,N/A,1790932528235357.833	,164.303,0.057000,0
7,aclnnInplaceCopy_CastAiCore_Cast,N/A,N/A,1790932528235522.156	,121.962,0.197000,0
7,aclnnMean_ReduceMeanAiCore_ReduceMean,N/A,N/A,1790932528235645.158	,132.563,1.038000,0
7,aclnnSub_SubAiCore_Sub,N/A,N/A,1790932528235778.881	,205.124,1.187000,0
7,aclnnPowTensorScalar_PowsAiCore_Pows,N/A,N/A,1790932528235984.025	,244.445,0.000000,0
7,aclnnMean_ReduceMeanAiCore_ReduceMean,N/A,N/A,1790932528236229.610	,164.423,1.055000,0
7,aclnnAdds_AddAiCore_Add,N/A,N/A,1790932528236394.933	,8.541,1.077000,0
7,aclnnRsqrt_RsqrtAiCore_Rsqrt,N/A,N/A,1790932528236403.494	,7.140,0.000000,0
7,aclnnMul_MulAiCore_Mul,N/A,N/A,1790932528236410.674	,112.442,0.110000,0
7,aclnnInplaceCopy_CastAiCore_Cast,N/A,N/A,1790932528236523.136	,54.301,0.058000,0
7,aclnnMul_MulAiCore_Mul,N/A,N/A,1790932528236577.457	,60.781,0.000000,0
7,aclnnAdd_AddAiCore_Add,N/A,N/A,1790932528236638.278	,36.481,0.000000,0
7,aclnnAddmm_MatMulV3Common_MatMulV3,N/A,N/A,1790932528236674.799	,766.335,0.019000,0
7,aclnnInplaceCopy_SliceAiCore_Slice,N/A,N/A,1790932528237441.154	,127.843,0.165000,0
7,aclnnInplaceCopy_CastAiCore_Cast,N/A,N/A,1790932528237569.017	,77.661,0.000000,0
7,aclnnMul_MulAiCore_Mul,N/A,N/A,1790932528237646.698	,157.624,0.089000,0
7,aclnnInplaceCopy_SliceAiCore_Slice,N/A,N/A,1790932528237804.342	,188.923,0.000000,0
7,aclnnInplaceCopy_CastAiCore_Cast,N/A,N/A,1790932528237993.285	,64.642,0.077000,0
7,aclnnNeg_SliceAiCore_Slice,N/A,N/A,1790932528238057.967	,97.462,0.108000,0
7,aclnnNeg_NegAiCore_Neg,N/A,N/A,1790932528238155.449	,57.541,0.038000,0
7,aclnnCat_SliceAiCore_Slice,N/A,N/A,1790932528238213.010	,298.326,0.000000,0
7,aclnnCat_ConcatD_ConcatD,N/A,N/A,1790932528238511.376	,235.844,0.174000,0
7,aclnnMul_MulAiCore_Mul,N/A,N/A,1790932528238747.240	,186.244,0.000000,0
7,aclnnAdd_AddAiCore_Add,N/A,N/A,1790932528238933.504	,422.189,0.006000,0
7,aclnnInplaceCopy_CastAiCore_Cast,N/A,N/A,1790932528239355.713	,202.764,0.061000,0
7,aclnnInplaceCopy_SliceAiCore_Slice,N/A,N/A,1790932528239558.497	,119.402,0.000000,0
7,aclnnInplaceCopy_CastAiCore_Cast,N/A,N/A,1790932528239677.939	,62.261,0.098000,0
7,aclnnMul_MulAiCore_Mul,N/A,N/A,1790932528239740.220	,151.403,0.000000,0
7,aclnnInplaceCopy_SliceAiCore_Slice,N/A,N/A,1790932528239891.663	,185.104,0.097000,0
7,aclnnInplaceCopy_CastAiCore_Cast,N/A,N/A,1790932528240076.787	,66.161,0.000000,0
7,aclnnNeg_SliceAiCore_Slice,N/A,N/A,1790932528240142.988	,91.602,0.089000,0
7,aclnnNeg_NegAiCore_Neg,N/A,N/A,1790932528240234.610	,57.201,0.000000,0
7,aclnnCat_SliceAiCore_Slice,N/A,N/A,1790932528240291.831	,294.186,0.049000,0
7,aclnnCat_ConcatD_ConcatD,N/A,N/A,1790932528240586.037	,229.105,0.064000,0
7,aclnnMul_MulAiCore_Mul,N/A,N/A,1790932528240815.162	,186.303,0.145000,0
7,aclnnAdd_AddAiCore_Add,N/A,N/A,1790932528241001.485	,423.089,0.000000,0
7,aclnnInplaceCopy_CastAiCore_Cast,N/A,N/A,1790932528241424.594	,201.744,0.000000,0
7,aclnnInplaceCopy_TransposeAiCore_Transpose,N/A,N/A,1790932528241626.358	,138.123,0.006000,0
7,aclnnInplaceCopy_TransposeAiCore_Transpose,N/A,N/A,1790932528241764.521	,150.383,0.127000,0
7,aclnnInplaceCopy_AsStridedAiCore_AsStrided,N/A,N/A,1790932528241914.924	,159.283,0.117000,0
7,InnerPromptFlashAttention_PromptFlashAttention_PromptFlashAttention,N/A,N/A,1790932528242075.507	,10029.600,1.217000,0
7,aclnnInplaceCopy_TransposeAiCore_Transpose,N/A,N/A,1790932528252106.467	,135.523,1.400000,0
7,aclnnAddmm_MatMulCommon_MatMulV2,N/A,N/A,1790932528252242.010	,268.825,0.000000,0
7,aclnnAdd_AddAiCore_Add,N/A,N/A,1790932528252510.855	,181.044,0.000000,0
7,aclnnInplaceCopy_CastAiCore_Cast,N/A,N/A,1790932528252691.939	,70.421,0.206000,0
7,aclnnMean_ReduceMeanAiCore_ReduceMean,N/A,N/A,1790932528252763.400	,101.743,1.079000,0
7,aclnnSub_SubAiCore_Sub,N/A,N/A,1790932528252866.163	,118.002,1.007000,0
7,aclnnPowTensorScalar_PowsAiCore_Pows,N/A,N/A,1790932528252984.185	,119.142,0.000000,0
7,aclnnMean_ReduceMeanAiCore_ReduceMean,N/A,N/A,1790932528253104.327	,102.382,0.858000,0
7,aclnnAdds_AddAiCore_Add,N/A,N/A,1790932528253207.649	,5.960,1.118000,0
7,aclnnRsqrt_RsqrtAiCore_Rsqrt,N/A,N/A,1790932528253213.629	,7.221,0.040000,0
7,aclnnMul_MulAiCore_Mul,N/A,N/A,1790932528253220.890	,110.282,0.029000,0
7,aclnnInplaceCopy_CastAiCore_Cast,N/A,N/A,1790932528253331.192	,60.701,0.000000,0
7,aclnnMul_MulAiCore_Mul,N/A,N/A,1790932528253391.913	,61.821,0.049000,0
7,aclnnAdd_AddAiCore_Add,N/A,N/A,1790932528253453.754	,35.861,0.000000,0
7,aclnnAddmm_MatMulV3Common_MatMulV3,N/A,N/A,1790932528253489.635	,1023.560,0.139000,0
7,aclnnGeluV2_GeluV2_GeluV2,N/A,N/A,1790932528254513.215	,590.092,0.000000,0
7,aclnnAddmm_MatMulV3Common_MatMulV3,N/A,N/A,1790932528255103.467	,1148.723,0.158000,0
7,aclnnAdd_AddAiCore_Add,N/A,N/A,1790932528256252.210	,165.364,0.027000,0
7,aclnnInplaceCopy_CastAiCore_Cast,N/A,N/A,1790932528256417.594	,123.362,0.000000,0
7,aclnnMean_ReduceMeanAiCore_ReduceMean,N/A,N/A,1790932528256541.956	,132.263,1.138000,0
7,aclnnSub_SubAiCore_Sub,N/A,N/A,1790932528256675.219	,208.724,0.987000,0
7,aclnnPowTensorScalar_PowsAiCore_Pows,N/A,N/A,1790932528256883.963	,245.665,0.026000,0
7,aclnnMean_ReduceMeanAiCore_ReduceMean,N/A,N/A,1790932528257130.768	,167.283,1.085000,0
7,aclnnAdds_AddAiCore_Add,N/A,N/A,1790932528257299.231	,5.820,1.217000,0
7,aclnnRsqrt_RsqrtAiCore_Rsqrt,N/A,N/A,1790932528257305.071	,7.020,0.000000,0
7,aclnnMul_MulAiCore_Mul,N/A,N/A,1790932528257312.111	,112.643,0.000000,0
7,aclnnInplaceCopy_CastAiCore_Cast,N/A,N/A,1790932528257424.774	,54.141,0.107000,0
7,aclnnMul_MulAiCore_Mul,N/A,N/A,1790932528257478.955	,37.400,0.109000,0
7,aclnnAdd_AddAiCore_Add,N/A,N/A,1790932528257516.375	,36.841,0.100000,0
7,aclnnAddmm_MatMulV3Common_MatMulV3,N/A,N/A,1790932528257553.256	,763.675,0.000000,0
7,aclnnInplaceCopy_SliceAiCore_Slice,N/A,N/A,1790932528258316.951	,114.983,0.075000,0
7,aclnnInplaceCopy_CastAiCore_Cast,N/A,N/A,1790932528258431.954	,88.882,0.017000,0
7,aclnnMul_MulAiCore_Mul,N/A,N/A,1790932528258520.856	,159.083,0.000000,0
7,aclnnInplaceCopy_SliceAiCore_Slice,N/A,N/A,1790932528258679.959	,192.804,0.167000,0
7,aclnnInplaceCopy_CastAiCore_Cast,N/A,N/A,1790932528258872.783	,68.681,0.000000,0
7,aclnnNeg_SliceAiCore_Slice,N/A,N/A,1790932528258941.484	,94.362,0.069000,0
7,aclnnNeg_NegAiCore_Neg,N/A,N/A,1790932528259035.866	,59.221,0.000000,0
7,aclnnCat_SliceAiCore_Slice,N/A,N/A,1790932528259095.107	,294.106,0.029000,0
7,aclnnCat_ConcatD_ConcatD,N/A,N/A,1790932528259389.233	,235.805,0.144000,0
7,aclnnMul_MulAiCore_Mul,N/A,N/A,1790932528259625.058	,183.863,0.000000,0
7,aclnnAdd_AddAiCore_Add,N/A,N/A,1790932528259808.941	,425.429,0.137000,0
7,aclnnInplaceCopy_CastAiCore_Cast,N/A,N/A,1790932528260234.390	,203.304,0.071000,0
7,aclnnInplaceCopy_SliceAiCore_Slice,N/A,N/A,1790932528260437.714	,116.682,0.000000,0
7,aclnnInplaceCopy_CastAiCore_Cast,N/A,N/A,1790932528260554.416	,67.782,0.068000,0
7,aclnnMul_MulAiCore_Mul,N/A,N/A,1790932528260622.238	,150.803,0.000000,0
7,aclnnInplaceCopy_SliceAiCore_Slice,N/A,N/A,1790932528260773.061	,186.183,0.000000,0
7,aclnnInplaceCopy_CastAiCore_Cast,N/A,N/A,1790932528260959.264	,70.602,0.067000,0
7,aclnnNeg_SliceAiCore_Slice,N/A,N/A,1790932528261029.886	,92.262,0.148000,0
7,aclnnNeg_NegAiCore_Neg,N/A,N/A,1790932528261122.168	,57.501,0.000000,0
7,aclnnCat_SliceAiCore_Slice,N/A,N/A,1790932528261179.689	,303.946,0.000000,0
7,aclnnCat_ConcatD_ConcatD,N/A,N/A,1790932528261483.655	,226.624,0.054000,0
7,aclnnMul_MulAiCore_Mul,N/A,N/A,1790932528261710.299	,184.324,0.000000,0
7,aclnnAdd_AddAiCore_Add,N/A,N/A,1790932528261894.643	,425.028,0.176000,0
7,aclnnInplaceCopy_CastAiCore_Cast,N/A,N/A,1790932528262319.691	,201.124,0.000000,0
7,aclnnInplaceCopy_TransposeAiCore_Transpose,N/A,N/A,1790932528262520.835	,135.223,0.000000,0
7,aclnnInplaceCopy_TransposeAiCore_Transpose,N/A,N/A,1790932528262656.078	,149.463,0.027000,0
7,aclnnInplaceCopy_AsStridedAiCore_AsStrided,N/A,N/A,1790932528262805.561	,163.863,0.037000,0
7,InnerPromptFlashAttention_PromptFlashAttention_PromptFlashAttention,N/A,N/A,1790932528262970.504	,9997.220,1.137000,0
7,aclnnInplaceCopy_TransposeAiCore_Transpose,N/A,N/A,1790932528272968.944	,153.263,1.280000,0
7,aclnnAddmm_MatMulCommon_MatMulV2,N/A,N/A,1790932528273122.227	,267.726,0.000000,0
7,aclnnAdd_AddAiCore_Add,N/A,N/A,1790932528273389.973	,207.204,0.024000,0
7,aclnnInplaceCopy_CastAiCore_Cast,N/A,N/A,1790932528273597.197	,73.041,0.046000,0
7,aclnnMean_ReduceMeanAiCore_ReduceMean,N/A,N/A,1790932528273671.438	,101.542,1.209000,0
7,aclnnSub_SubAiCore_Sub,N/A,N/A,1790932528273773.700	,122.223,0.708000,0
7,aclnnPowTensorScalar_PowsAiCore_Pows,N/A,N/A,1790932528273895.943	,122.222,0.027000,0
7,aclnnMean_ReduceMeanAiCore_ReduceMean,N/A,N/A,1790932528274019.645	,102.162,1.528000,0
7,aclnnAdds_AddAiCore_Add,N/A,N/A,1790932528274123.027	,5.860,1.088000,0
7,aclnnRsqrt_RsqrtAiCore_Rsqrt,N/A,N/A,1790932528274128.907	,7.261,0.140000,0
7,aclnnMul_MulAiCore_Mul,N/A,N/A,1790932528274136.188	,110.522,0.000000,0
7,aclnnInplaceCopy_CastAiCore_Cast,N/A,N/A,1790932528274246.750	,59.741,0.000000,0
7,aclnnMul_MulAiCore_Mul,N/A,N/A,1790932528274306.511	,61.821,0.009000,0
7,aclnnAdd_AddAiCore_Add,N/A,N/A,1790932528274368.352	,37.421,0.000000,0
7,aclnnAddmm_MatMulV3Common_MatMulV3,N/A,N/A,1790932528274405.793	,1023.660,0.079000,0
7,aclnnGeluV2_GeluV2_GeluV2,N/A,N/A,1790932528275429.473	,590.112,0.090000,0
7,aclnnAddmm_MatMulV3Common_MatMulV3,N/A,N/A,1790932528276019.725	,1148.343,0.138000,0
7,aclnnAdd_AddAiCore_Add,N/A,N/A,1790932528277168.088	,164.363,0.000000,0
7,aclnnInplaceCopy_CastAiCore_Cast,N/A,N/A,1790932528277332.491	,120.743,0.137000,0
7,aclnnMean_ReduceMeanAiCore_ReduceMean,N/A,N/A,1790932528277454.474	,131.082,1.257000,0
7,aclnnSub_SubAiCore_Sub,N/A,N/A,1790932528277586.596	,210.425,0.918000,0
7,aclnnPowTensorScalar_PowsAiCore_Pows,N/A,N/A,1790932528277797.061	,241.444,0.075000,0
7,aclnnMean_ReduceMeanAiCore_ReduceMean,N/A,N/A,1790932528278039.806	,167.243,1.306000,0
7,aclnnAdds_AddAiCore_Add,N/A,N/A,1790932528278208.149	,5.860,1.257000,0
7,aclnnRsqrt_RsqrtAiCore_Rsqrt,N/A,N/A,1790932528278214.029	,7.220,0.000000,0
7,aclnnMul_MulAiCore_Mul,N/A,N/A,1790932528278221.269	,109.402,0.030000,0
7,aclnnInplaceCopy_CastAiCore_Cast,N/A,N/A,1790932528278330.711	,54.861,0.098000,0
7,aclnnMul_MulAiCore_Mul,N/A,N/A,1790932528278385.592	,60.602,0.000000,0
7,aclnnAdd_AddAiCore_Add,N/A,N/A,1790932528278446.214	,36.780,0.148000,0
7,aclnnAddmm_MatMulV3Common_MatMulV3,N/A,N/A,1790932528278483.014	,765.676,0.000000,0
7,aclnnInplaceCopy_SliceAiCore_Slice,N/A,N/A,1790932528279248.710	,125.882,0.074000,0
7,aclnnInplaceCopy_CastAiCore_Cast,N/A,N/A,1790932528279374.612	,79.282,0.000000,0
7,aclnnMul_MulAiCore_Mul,N/A,N/A,1790932528279453.914	,158.103,0.218000,0
7,aclnnInplaceCopy_SliceAiCore_Slice,N/A,N/A,1790932528279612.037	,189.064,0.000000,0
7,aclnnInplaceCopy_CastAiCore_Cast,N/A,N/A,1790932528279801.141	,64.341,0.186000,0
7,aclnnNeg_SliceAiCore_Slice,N/A,N/A,1790932528279865.502	,98.802,0.000000,0
7,aclnnNeg_NegAiCore_Neg,N/A,N/A,1790932528279964.344	,58.181,0.000000,0
7,aclnnCat_SliceAiCore_Slice,N/A,N/A,1790932528280022.545	,297.446,0.069000,0
7,aclnnCat_ConcatD_ConcatD,N/A,N/A,1790932528280320.011	,235.885,0.054000,0
7,aclnnMul_MulAiCore_Mul,N/A,N/A,1790932528280555.916	,185.323,0.115000,0
7,aclnnAdd_AddAiCore_Add,N/A,N/A,1790932528280741.259	,423.129,0.000000,0
7,aclnnInplaceCopy_CastAiCore_Cast,N/A,N/A,1790932528281164.408	,203.304,0.121000,0
7,aclnnInplaceCopy_SliceAiCore_Slice,N/A,N/A,1790932528281367.732	,119.382,0.000000,0
7,aclnnInplaceCopy_CastAiCore_Cast,N/A,N/A,1790932528281487.134	,61.902,0.118000,0
7,aclnnMul_MulAiCore_Mul,N/A,N/A,1790932528281549.056	,150.143,0.000000,0
7,aclnnInplaceCopy_SliceAiCore_Slice,N/A,N/A,1790932528281699.219	,184.643,0.107000,0
7,aclnnInplaceCopy_CastAiCore_Cast,N/A,N/A,1790932528281883.882	,67.042,0.107000,0
7,aclnnNeg_SliceAiCore_Slice,N/A,N/A,1790932528281950.944	,92.762,0.000000,0
7,aclnnNeg_NegAiCore_Neg,N/A,N/A,1790932528282043.726	,57.241,0.000000,0
7,aclnnCat_SliceAiCore_Slice,N/A,N/A,1790932528282100.987	,295.446,0.009000,0
7,aclnnCat_ConcatD_ConcatD,N/A,N/A,1790932528282396.453	,228.804,0.054000,0
7,aclnnMul_MulAiCore_Mul,N/A,N/A,1790932528282625.277	,182.464,0.000000,0
7,aclnnAdd_AddAiCore_Add,N/A,N/A,1790932528282807.761	,424.488,0.036000,0
7,aclnnInplaceCopy_CastAiCore_Cast,N/A,N/A,1790932528283232.269	,201.804,0.012000,0
7,aclnnInplaceCopy_TransposeAiCore_Transpose,N/A,N/A,1790932528283434.093	,138.943,0.000000,0
7,aclnnInplaceCopy_TransposeAiCore_Transpose,N/A,N/A,1790932528283573.056	,147.483,0.057000,0
7,aclnnInplaceCopy_AsStridedAiCore_AsStrided,N/A,N/A,1790932528283720.579	,160.903,0.017000,0
7,InnerPromptFlashAttention_PromptFlashAttention_PromptFlashAttention,N/A,N/A,1790932528283882.862	,9930.299,1.347000,0
7,aclnnInplaceCopy_TransposeAiCore_Transpose,N/A,N/A,1790932528293814.381	,136.542,1.451000,0
7,aclnnAddmm_MatMulCommon_MatMulV2,N/A,N/A,1790932528293950.943	,267.446,0.000000,0
7,aclnnAdd_AddAiCore_Add,N/A,N/A,1790932528294218.409	,182.403,0.054000,0
7,aclnnInplaceCopy_CastAiCore_Cast,N/A,N/A,1790932528294400.832	,70.062,0.000000,0
7,aclnnMean_ReduceMeanAiCore_ReduceMean,N/A,N/A,1790932528294472.314	,100.742,1.438000,0
7,aclnnSub_SubAiCore_Sub,N/A,N/A,1790932528294573.816	,120.022,0.758000,0
7,aclnnPowTensorScalar_PowsAiCore_Pows,N/A,N/A,1790932528294693.858	,120.223,0.000000,0
7,aclnnMean_ReduceMeanAiCore_ReduceMean,N/A,N/A,1790932528294815.001	,101.142,1.027000,0
7,aclnnAdds_AddAiCore_Add,N/A,N/A,1790932528294917.103	,5.980,0.858000,0
7,aclnnRsqrt_RsqrtAiCore_Rsqrt,N/A,N/A,1790932528294923.103	,7.340,0.020000,0
7,aclnnMul_MulAiCore_Mul,N/A,N/A,1790932528294930.463	,108.882,0.160000,0
7,aclnnInplaceCopy_CastAiCore_Cast,N/A,N/A,1790932528295039.365	,61.361,0.000000,0
7,aclnnMul_MulAiCore_Mul,N/A,N/A,1790932528295100.746	,61.322,0.139000,0
7,aclnnAdd_AddAiCore_Add,N/A,N/A,1790932528295162.088	,36.340,0.000000,0
7,aclnnAddmm_MatMulV3Common_MatMulV3,N/A,N/A,1790932528295198.448	,1031.201,0.160000,0
7,aclnnGeluV2_GeluV2_GeluV2,N/A,N/A,1790932528296229.669	,585.432,0.049000,0
7,aclnnAddmm_MatMulV3Common_MatMulV3,N/A,N/A,1790932528296815.261	,1149.403,0.068000,0
7,aclnnAdd_AddAiCore_Add,N/A,N/A,1790932528297964.684	,166.583,0.097000,0
7,aclnnInplaceCopy_CastAiCore_Cast,N/A,N/A,1790932528298131.287	,121.382,0.000000,0
7,aclnnMean_ReduceMeanAiCore_ReduceMean,N/A,N/A,1790932528298253.589	,133.283,0.868000,0
7,aclnnSub_SubAiCore_Sub,N/A,N/A,1790932528298388.032	,204.044,1.217000,0
7,aclnnPowTensorScalar_PowsAiCore_Pows,N/A,N/A,1790932528298592.116	,242.505,0.000000,0
7,aclnnMean_ReduceMeanAiCore_ReduceMean,N/A,N/A,1790932528298835.921	,163.343,1.495000,0
7,aclnnAdds_AddAiCore_Add,N/A,N/A,1790932528299000.044	,6.020,0.657000,0
7,aclnnRsqrt_RsqrtAiCore_Rsqrt,N/A,N/A,1790932528299006.084	,7.261,0.000000,0
7,aclnnMul_MulAiCore_Mul,N/A,N/A,1790932528299013.365	,111.842,0.000000,0
7,aclnnInplaceCopy_CastAiCore_Cast,N/A,N/A,1790932528299125.227	,54.221,0.158000,0
7,aclnnMul_MulAiCore_Mul,N/A,N/A,1790932528299179.468	,39.241,0.029000,0
7,aclnnAdd_AddAiCore_Add,N/A,N/A,1790932528299218.729	,37.020,0.009000,0
7,aclnnAddmm_MatMulV3Common_MatMulV3,N/A,N/A,1790932528299255.769	,767.556,0.000000,0
7,aclnnInplaceCopy_SliceAiCore_Slice,N/A,N/A,1790932528300023.345	,112.842,0.000000,0
7,aclnnInplaceCopy_CastAiCore_Cast,N/A,N/A,1790932528300136.207	,88.142,0.158000,0
7,aclnnMul_MulAiCore_Mul,N/A,N/A,1790932528300224.369	,160.303,0.000000,0
7,aclnnInplaceCopy_SliceAiCore_Slice,N/A,N/A,1790932528300384.692	,191.664,0.197000,0
7,aclnnInplaceCopy_CastAiCore_Cast,N/A,N/A,1790932528300576.376	,67.161,0.086000,0
7,aclnnNeg_SliceAiCore_Slice,N/A,N/A,1790932528300643.557	,93.162,0.000000,0
7,aclnnNeg_NegAiCore_Neg,N/A,N/A,1790932528300736.759	,58.981,0.088000,0
7,aclnnCat_SliceAiCore_Slice,N/A,N/A,1790932528300795.760	,294.346,0.019000,0
7,aclnnCat_ConcatD_ConcatD,N/A,N/A,1790932528301090.126	,237.685,0.154000,0
7,aclnnMul_MulAiCore_Mul,N/A,N/A,1790932528301327.831	,183.503,0.000000,0
7,aclnnAdd_AddAiCore_Add,N/A,N/A,1790932528301511.354	,425.409,0.000000,0
7,aclnnInplaceCopy_CastAiCore_Cast,N/A,N/A,1790932528301936.783	,202.964,0.091000,0
7,aclnnInplaceCopy_SliceAiCore_Slice,N/A,N/A,1790932528302139.787	,115.782,0.036000,0
7,aclnnInplaceCopy_CastAiCore_Cast,N/A,N/A,1790932528302255.589	,66.582,0.000000,0
7,aclnnMul_MulAiCore_Mul,N/A,N/A,1790932528302322.191	,152.883,0.168000,0
7,aclnnInplaceCopy_SliceAiCore_Slice,N/A,N/A,1790932528302475.094	,186.483,0.000000,0
7,aclnnInplaceCopy_CastAiCore_Cast,N/A,N/A,1790932528302661.597	,71.022,0.017000,0
7,aclnnNeg_SliceAiCore_Slice,N/A,N/A,1790932528302732.639	,94.302,0.228000,0
7,aclnnNeg_NegAiCore_Neg,N/A,N/A,1790932528302826.961	,57.401,0.000000,0
7,aclnnCat_SliceAiCore_Slice,N/A,N/A,1790932528302884.382	,304.966,0.099000,0
7,aclnnCat_ConcatD_ConcatD,N/A,N/A,1790932528303189.368	,225.705,0.000000,0
7,aclnnMul_MulAiCore_Mul,N/A,N/A,1790932528303415.113	,186.083,0.045000,0
7,aclnnAdd_AddAiCore_Add,N/A,N/A,1790932528303601.216	,424.369,0.167000,0
7,aclnnInplaceCopy_CastAiCore_Cast,N/A,N/A,1790932528304025.625	,201.884,0.000000,0
7,aclnnInplaceCopy_TransposeAiCore_Transpose,N/A,N/A,1790932528304227.529	,136.782,0.116000,0
7,aclnnInplaceCopy_TransposeAiCore_Transpose,N/A,N/A,1790932528304364.331	,149.763,0.000000,0
7,aclnnInplaceCopy_AsStridedAiCore_AsStrided,N/A,N/A,1790932528304514.114	,161.164,0.000000,0
7,InnerPromptFlashAttention_PromptFlashAttention_PromptFlashAttention,N/A,N/A,1790932528304676.218	,9955.999,1.086000,0
7,aclnnInplaceCopy_TransposeAiCore_Transpose,N/A,N/A,1790932528314633.177	,153.643,1.001000,0
7,aclnnAddmm_MatMulCommon_MatMulV2,N/A,N/A,1790932528314786.840	,267.785,0.000000,0
7,aclnnAdd_AddAiCore_Add,N/A,N/A,1790932528315054.665	,206.044,0.215000,0
7,aclnnInplaceCopy_CastAiCore_Cast,N/A,N/A,1790932528315260.729	,72.342,0.000000,0
7,aclnnMean_ReduceMeanAiCore_ReduceMean,N/A,N/A,1790932528315334.471	,102.022,1.408000,0
7,aclnnSub_SubAiCore_Sub,N/A,N/A,1790932528315437.253	,120.862,0.728000,0
7,aclnnPowTensorScalar_PowsAiCore_Pows,N/A,N/A,1790932528315558.155	,122.543,0.138000,0
7,aclnnMean_ReduceMeanAiCore_ReduceMean,N/A,N/A,1790932528315682.078	,102.982,1.207000,0
7,aclnnAdds_AddAiCore_Add,N/A,N/A,1790932528315785.980	,5.780,1.018000,0
7,aclnnRsqrt_RsqrtAiCore_Rsqrt,N/A,N/A,1790932528315791.780	,7.180,0.000000,0
7,aclnnMul_MulAiCore_Mul,N/A,N/A,1790932528315798.980	,110.282,0.070000,0
7,aclnnInplaceCopy_CastAiCore_Cast,N/A,N/A,1790932528315909.282	,60.761,0.000000,0
7,aclnnMul_MulAiCore_Mul,N/A,N/A,1790932528315970.063	,60.782,0.000000,0
7,aclnnAdd_AddAiCore_Add,N/A,N/A,1790932528316030.865	,36.200,0.000000,0
7,aclnnAddmm_MatMulV3Common_MatMulV3,N/A,N/A,1790932528316067.085	,1022.901,0.050000,0
7,aclnnGeluV2_GeluV2_GeluV2,N/A,N/A,1790932528317090.006	,588.692,0.099000,0
7,aclnnAddmm_MatMulV3Common_MatMulV3,N/A,N/A,1790932528317678.858	,1142.762,0.058000,0
7,aclnnAdd_AddAiCore_Add,N/A,N/A,1790932528318821.640	,163.484,0.238000,0
7,aclnnInplaceCopy_CastAiCore_Cast,N/A,N/A,1790932528318985.144	,123.682,0.016000,0
7,aclnnMean_ReduceMeanAiCore_ReduceMean,N/A,N/A,1790932528319109.826	,134.423,0.818000,0
7,aclnnSub_SubAiCore_Sub,N/A,N/A,1790932528319245.489	,204.764,1.327000,0
7,aclnnPowTensorScalar_PowsAiCore_Pows,N/A,N/A,1790932528319450.273	,245.785,0.000000,0
7,aclnnMean_ReduceMeanAiCore_ReduceMean,N/A,N/A,1790932528319697.358	,168.083,1.215000,0
7,aclnnAdds_AddAiCore_Add,N/A,N/A,1790932528319866.661	,6.020,1.417000,0
7,aclnnRsqrt_RsqrtAiCore_Rsqrt,N/A,N/A,1790932528319872.721	,7.240,0.000000,0
7,aclnnMul_MulAiCore_Mul,N/A,N/A,1790932528319879.981	,109.883,0.010000,0
7,aclnnInplaceCopy_CastAiCore_Cast,N/A,N/A,1790932528319989.884	,56.021,0.117000,0
7,aclnnMul_MulAiCore_Mul,N/A,N/A,1790932528320045.925	,62.061,0.000000,0
7,aclnnAdd_AddAiCore_Add,N/A,N/A,1790932528320108.006	,37.421,0.000000,0
7,aclnnAddmm_MatMulV3Common_MatMulV3,N/A,N/A,1790932528320145.447	,763.755,0.079000,0
7,aclnnInplaceCopy_SliceAiCore_Slice,N/A,N/A,1790932528320909.242	,126.843,0.000000,0
7,aclnnInplaceCopy_CastAiCore_Cast,N/A,N/A,1790932528321036.105	,79.221,0.000000,0
7,aclnnMul_MulAiCore_Mul,N/A,N/A,1790932528321115.346	,160.983,0.029000,0
7,aclnnInplaceCopy_SliceAiCore_Slice,N/A,N/A,1790932528321276.349	,187.364,0.017000,0
7,aclnnInplaceCopy_CastAiCore_Cast,N/A,N/A,1790932528321463.753	,69.282,0.136000,0
7,aclnnNeg_SliceAiCore_Slice,N/A,N/A,1790932528321533.055	,94.941,0.000000,0
7,aclnnNeg_NegAiCore_Neg,N/A,N/A,1790932528321628.036	,57.702,0.059000,0
7,aclnnCat_SliceAiCore_Slice,N/A,N/A,1790932528321685.758	,296.125,0.048000,0
7,aclnnCat_ConcatD_ConcatD,N/A,N/A,1790932528321981.903	,235.625,0.125000,0
7,aclnnMul_MulAiCore_Mul,N/A,N/A,1790932528322217.548	,182.684,0.000000,0
7,aclnnAdd_AddAiCore_Add,N/A,N/A,1790932528322400.272	,424.528,0.066000,0
7,aclnnInplaceCopy_CastAiCore_Cast,N/A,N/A,1790932528322824.820	,203.044,0.000000,0
7,aclnnInplaceCopy_SliceAiCore_Slice,N/A,N/A,1790932528323027.884	,120.143,0.206000,0
7,aclnnInplaceCopy_CastAiCore_Cast,N/A,N/A,1790932528323148.067	,66.041,0.000000,0
7,aclnnMul_MulAiCore_Mul,N/A,N/A,1790932528323214.128	,150.743,0.209000,0
7,aclnnInplaceCopy_SliceAiCore_Slice,N/A,N/A,1790932528323364.891	,185.064,0.007000,0
7,aclnnInplaceCopy_CastAiCore_Cast,N/A,N/A,1790932528323549.975	,64.821,0.000000,0
7,aclnnNeg_SliceAiCore_Slice,N/A,N/A,1790932528323614.816	,92.762,0.000000,0
7,aclnnNeg_NegAiCore_Neg,N/A,N/A,1790932528323707.598	,57.441,0.000000,0
7,aclnnCat_SliceAiCore_Slice,N/A,N/A,1790932528323765.059	,294.866,0.059000,0
7,aclnnCat_ConcatD_ConcatD,N/A,N/A,1790932528324059.965	,228.885,0.134000,0
7,aclnnMul_MulAiCore_Mul,N/A,N/A,1790932528324288.870	,184.743,0.000000,0
7,aclnnAdd_AddAiCore_Add,N/A,N/A,1790932528324473.633	,423.049,0.257000,0
7,aclnnInplaceCopy_CastAiCore_Cast,N/A,N/A,1790932528324896.702	,202.624,0.000000,0
7,aclnnInplaceCopy_TransposeAiCore_Transpose,N/A,N/A,1790932528325099.346	,138.843,0.000000,0
7,aclnnInplaceCopy_TransposeAiCore_Transpose,N/A,N/A,1790932528325238.209	,149.483,0.157000,0
7,aclnnInplaceCopy_AsStridedAiCore_AsStrided,N/A,N/A,1790932528325387.712	,161.543,0.017000,0
7,InnerPromptFlashAttention_PromptFlashAttention_PromptFlashAttention,N/A,N/A,1790932528325550.175	,10020.060,0.957000,0
7,aclnnInplaceCopy_TransposeAiCore_Transpose,N/A,N/A,1790932528335571.015	,157.083,0.690000,0
7,aclnnAddmm_MatMulCommon_MatMulV2,N/A,N/A,1790932528335728.118	,269.126,0.000000,0
7,aclnnAdd_AddAiCore_Add,N/A,N/A,1790932528335997.264	,180.803,0.124000,0
7,aclnnInplaceCopy_CastAiCore_Cast,N/A,N/A,1790932528336178.087	,67.161,0.000000,0
7,aclnnMean_ReduceMeanAiCore_ReduceMean,N/A,N/A,1790932528336246.708	,100.803,1.589000,0
7,aclnnSub_SubAiCore_Sub,N/A,N/A,1790932528336348.391	,118.362,0.947000,0
7,aclnnPowTensorScalar_PowsAiCore_Pows,N/A,N/A,1790932528336466.793	,116.202,0.000000,0
7,aclnnMean_ReduceMeanAiCore_ReduceMean,N/A,N/A,1790932528336584.195	,100.242,1.298000,0
7,aclnnAdds_AddAiCore_Add,N/A,N/A,1790932528336685.077	,6.360,0.508000,0
7,aclnnRsqrt_RsqrtAiCore_Rsqrt,N/A,N/A,1790932528336691.477	,7.061,0.140000,0
7,aclnnMul_MulAiCore_Mul,N/A,N/A,1790932528336698.578	,112.902,0.000000,0
7,aclnnInplaceCopy_CastAiCore_Cast,N/A,N/A,1790932528336811.500	,61.301,0.098000,0
7,aclnnMul_MulAiCore_Mul,N/A,N/A,1790932528336872.841	,39.021,0.000000,0
7,aclnnAdd_AddAiCore_Add,N/A,N/A,1790932528336911.902	,37.161,0.229000,0
7,aclnnAddmm_MatMulV3Common_MatMulV3,N/A,N/A,1790932528336949.083	,1024.480,0.000000,0
7,aclnnGeluV2_GeluV2_GeluV2,N/A,N/A,1790932528337973.583	,590.372,0.020000,0
7,aclnnAddmm_MatMulV3Common_MatMulV3,N/A,N/A,1790932528338564.115	,1143.023,0.128000,0
7,aclnnAdd_AddAiCore_Add,N/A,N/A,1790932528339707.158	,163.063,0.227000,0
7,aclnnInplaceCopy_CastAiCore_Cast,N/A,N/A,1790932528339870.241	,120.542,0.000000,0
7,aclnnMean_ReduceMeanAiCore_ReduceMean,N/A,N/A,1790932528339992.103	,128.803,1.208000,0
7,aclnnSub_SubAiCore_Sub,N/A,N/A,1790932528340121.666	,214.024,0.947000,0
7,aclnnPowTensorScalar_PowsAiCore_Pows,N/A,N/A,1790932528340335.710	,247.305,0.000000,0
7,aclnnMean_ReduceMeanAiCore_ReduceMean,N/A,N/A,1790932528340584.215	,167.223,1.195000,0
7,aclnnAdds_AddAiCore_Add,N/A,N/A,1790932528340752.639	,5.800,1.277000,0
7,aclnnRsqrt_RsqrtAiCore_Rsqrt,N/A,N/A,1790932528340758.479	,7.080,0.000000,0
7,aclnnMul_MulAiCore_Mul,N/A,N/A,1790932528340765.579	,110.762,0.000000,0
7,aclnnInplaceCopy_CastAiCore_Cast,N/A,N/A,1790932528340876.361	,55.981,0.000000,0
7,aclnnMul_MulAiCore_Mul,N/A,N/A,1790932528340932.362	,62.481,0.019000,0
7,aclnnAdd_AddAiCore_Add,N/A,N/A,1790932528340994.863	,36.561,0.019000,0
7,aclnnAddmm_MatMulV3Common_MatMulV3,N/A,N/A,1790932528341031.464	,765.815,0.189000,0
7,aclnnInplaceCopy_SliceAiCore_Slice,N/A,N/A,1790932528341797.299	,112.543,0.000000,0
7,aclnnInplaceCopy_CastAiCore_Cast,N/A,N/A,1790932528341909.862	,89.161,0.000000,0
7,aclnnMul_MulAiCore_Mul,N/A,N/A,1790932528341999.043	,162.264,0.089000,0
7,aclnnInplaceCopy_SliceAiCore_Slice,N/A,N/A,1790932528342161.327	,190.663,0.000000,0
7,aclnnInplaceCopy_CastAiCore_Cast,N/A,N/A,1790932528342352.010	,68.242,0.087000,0
7,aclnnNeg_SliceAiCore_Slice,N/A,N/A,1790932528342420.292	,92.522,0.008000,0
7,aclnnNeg_NegAiCore_Neg,N/A,N/A,1790932528342512.834	,57.301,0.000000,0
7,aclnnCat_SliceAiCore_Slice,N/A,N/A,1790932528342570.155	,300.726,0.199000,0
7,aclnnCat_ConcatD_ConcatD,N/A,N/A,1790932528342870.921	,240.725,0.024000,0
7,aclnnMul_MulAiCore_Mul,N/A,N/A,1790932528343111.666	,185.323,0.025000,0
7,aclnnAdd_AddAiCore_Add,N/A,N/A,1790932528343297.009	,423.529,0.000000,0
7,aclnnInplaceCopy_CastAiCore_Cast,N/A,N/A,1790932528343720.578	,201.584,0.000000,0
7,aclnnInplaceCopy_SliceAiCore_Slice,N/A,N/A,1790932528343922.182	,115.442,0.166000,0
7,aclnnInplaceCopy_CastAiCore_Cast,N/A,N/A,1790932528344037.644	,70.322,0.058000,0
7,aclnnMul_MulAiCore_Mul,N/A,N/A,1790932528344107.986	,149.283,0.000000,0
7,aclnnInplaceCopy_SliceAiCore_Slice,N/A,N/A,1790932528344257.289	,183.403,0.000000,0
7,aclnnInplaceCopy_CastAiCore_Cast,N/A,N/A,1790932528344440.712	,73.942,0.097000,0
7,aclnnNeg_SliceAiCore_Slice,N/A,N/A,1790932528344514.694	,95.402,0.058000,0
7,aclnnNeg_NegAiCore_Neg,N/A,N/A,1790932528344610.116	,58.521,0.000000,0
7,aclnnCat_SliceAiCore_Slice,N/A,N/A,1790932528344668.677	,298.686,0.229000,0
7,aclnnCat_ConcatD_ConcatD,N/A,N/A,1790932528344967.383	,228.184,0.064000,0
7,aclnnMul_MulAiCore_Mul,N/A,N/A,1790932528345195.587	,185.364,0.000000,0
7,aclnnAdd_AddAiCore_Add,N/A,N/A,1790932528345380.991	,422.108,0.136000,0
7,aclnnInplaceCopy_CastAiCore_Cast,N/A,N/A,1790932528345803.119	,203.524,0.000000,0
7,aclnnInplaceCopy_TransposeAiCore_Transpose,N/A,N/A,1790932528346006.663	,140.763,0.226000,0
7,aclnnInplaceCopy_TransposeAiCore_Transpose,N/A,N/A,1790932528346147.466	,147.283,0.000000,0
7,aclnnInplaceCopy_AsStridedAiCore_AsStrided,N/A,N/A,1790932528346294.769	,162.503,0.000000,0
7,InnerPromptFlashAttention_PromptFlashAttention_PromptFlashAttention,N/A,N/A,1790932528346458.193	,9995.739,0.997000,0
7,aclnnInplaceCopy_TransposeAiCore_Transpose,N/A,N/A,1790932528356455.012	,157.603,1.011000,0
7,aclnnAddmm_MatMulCommon_MatMulV2,N/A,N/A,1790932528356612.655	,268.106,0.147000,0
7,aclnnAdd_AddAiCore_Add,N/A,N/A,1790932528356880.801	,179.883,0.000000,0
7,aclnnInplaceCopy_CastAiCore_Cast,N/A,N/A,1790932528357060.704	,67.602,0.117000,0
7,aclnnMean_ReduceMeanAiCore_ReduceMean,N/A,N/A,1790932528357129.406	,100.762,1.148000,0
7,aclnnSub_SubAiCore_Sub,N/A,N/A,1790932528357230.888	,119.802,0.738000,0
7,aclnnPowTensorScalar_PowsAiCore_Pows,N/A,N/A,1790932528357350.730	,115.462,0.000000,0
7,aclnnMean_ReduceMeanAiCore_ReduceMean,N/A,N/A,1790932528357467.372	,101.503,1.038000,0
7,aclnnAdds_AddAiCore_Add,N/A,N/A,1790932528357570.055	,5.840,1.247000,0
7,aclnnRsqrt_RsqrtAiCore_Rsqrt,N/A,N/A,1790932528357575.915	,7.240,0.160000,0
7,aclnnMul_MulAiCore_Mul,N/A,N/A,1790932528357583.175	,111.542,0.010000,0
7,aclnnInplaceCopy_CastAiCore_Cast,N/A,N/A,1790932528357694.737	,60.741,0.000000,0
7,aclnnMul_MulAiCore_Mul,N/A,N/A,1790932528357755.498	,38.461,0.009000,0
7,aclnnAdd_AddAiCore_Add,N/A,N/A,1790932528357793.979	,36.661,0.039000,0
7,aclnnAddmm_MatMulV3Common_MatMulV3,N/A,N/A,1790932528357830.660	,1023.940,0.089000,0
7,aclnnGeluV2_GeluV2_GeluV2,N/A,N/A,1790932528358854.620	,591.392,0.000000,0
7,aclnnAddmm_MatMulV3Common_MatMulV3,N/A,N/A,1790932528359446.172	,1148.263,0.358000,0
7,aclnnAdd_AddAiCore_Add,N/A,N/A,1790932528360594.455	,164.363,0.000000,0
7,aclnnInplaceCopy_CastAiCore_Cast,N/A,N/A,1790932528360758.838	,124.383,0.000000,0
7,aclnnMean_ReduceMeanAiCore_ReduceMean,N/A,N/A,1790932528360884.561	,131.302,1.367000,0
7,aclnnSub_SubAiCore_Sub,N/A,N/A,1790932528361017.083	,208.425,1.198000,0
7,aclnnPowTensorScalar_PowsAiCore_Pows,N/A,N/A,1790932528361225.528	,242.664,0.075000,0
7,aclnnMean_ReduceMeanAiCore_ReduceMean,N/A,N/A,1790932528361469.652	,165.844,1.586000,0
7,aclnnAdds_AddAiCore_Add,N/A,N/A,1790932528361636.196	,5.980,0.656000,0
7,aclnnRsqrt_RsqrtAiCore_Rsqrt,N/A,N/A,1790932528361642.196	,7.220,0.020000,0
7,aclnnMul_MulAiCore_Mul,N/A,N/A,1790932528361649.436	,111.542,0.030000,0
7,aclnnInplaceCopy_CastAiCore_Cast,N/A,N/A,1790932528361761.018	,55.081,0.000000,0
7,aclnnMul_MulAiCore_Mul,N/A,N/A,1790932528361816.119	,62.222,0.000000,0
7,aclnnAdd_AddAiCore_Add,N/A,N/A,1790932528361878.361	,37.580,0.028000,0
7,aclnnAddmm_MatMulV3Common_MatMulV3,N/A,N/A,1790932528361915.961	,767.216,0.170000,0
7,aclnnInplaceCopy_SliceAiCore_Slice,N/A,N/A,1790932528362683.197	,113.182,0.034000,0
7,aclnnInplaceCopy_CastAiCore_Cast,N/A,N/A,1790932528362796.399	,87.382,0.068000,0
7,aclnnMul_MulAiCore_Mul,N/A,N/A,1790932528362883.801	,158.603,0.000000,0
7,aclnnInplaceCopy_SliceAiCore_Slice,N/A,N/A,1790932528363042.424	,187.704,0.147000,0
7,aclnnInplaceCopy_CastAiCore_Cast,N/A,N/A,1790932528363230.148	,68.381,0.046000,0
7,aclnnNeg_SliceAiCore_Slice,N/A,N/A,1790932528363298.549	,95.882,0.000000,0
7,aclnnNeg_NegAiCore_Neg,N/A,N/A,1790932528363394.451	,57.161,0.118000,0
7,aclnnCat_SliceAiCore_Slice,N/A,N/A,1790932528363451.632	,294.726,0.089000,0
7,aclnnCat_ConcatD_ConcatD,N/A,N/A,1790932528363746.378	,235.545,0.024000,0
7,aclnnMul_MulAiCore_Mul,N/A,N/A,1790932528363981.943	,183.183,0.000000,0
7,aclnnAdd_AddAiCore_Add,N/A,N/A,1790932528364165.146	,423.809,0.067000,0
7,aclnnInplaceCopy_CastAiCore_Cast,N/A,N/A,1790932528364588.975	,201.204,0.000000,0
7,aclnnInplaceCopy_SliceAiCore_Slice,N/A,N/A,1790932528364790.199	,115.082,0.046000,0
7,aclnnInplaceCopy_CastAiCore_Cast,N/A,N/A,1790932528364905.301	,65.021,0.000000,0
7,aclnnMul_MulAiCore_Mul,N/A,N/A,1790932528364970.342	,150.023,0.000000,0
7,aclnnInplaceCopy_SliceAiCore_Slice,N/A,N/A,1790932528365120.385	,186.044,0.227000,0
7,aclnnInplaceCopy_CastAiCore_Cast,N/A,N/A,1790932528365306.469	,64.261,0.000000,0
7,aclnnNeg_SliceAiCore_Slice,N/A,N/A,1790932528365370.750	,92.702,0.000000,0
7,aclnnNeg_NegAiCore_Neg,N/A,N/A,1790932528365463.472	,57.561,0.048000,0
7,aclnnCat_SliceAiCore_Slice,N/A,N/A,1790932528365521.053	,296.766,0.000000,0
7,aclnnCat_ConcatD_ConcatD,N/A,N/A,1790932528365817.839	,229.585,0.000000,0
7,aclnnMul_MulAiCore_Mul,N/A,N/A,1790932528366047.444	,183.684,0.165000,0
7,aclnnAdd_AddAiCore_Add,N/A,N/A,1790932528366231.148	,423.348,0.066000,0
7,aclnnInplaceCopy_CastAiCore_Cast,N/A,N/A,1790932528366654.516	,202.704,0.000000,0
7,aclnnInplaceCopy_TransposeAiCore_Transpose,N/A,N/A,1790932528366857.240	,140.723,0.046000,0
7,aclnnInplaceCopy_TransposeAiCore_Transpose,N/A,N/A,1790932528366997.983	,152.563,0.027000,0
7,aclnnInplaceCopy_AsStridedAiCore_AsStrided,N/A,N/A,1790932528367150.566	,163.403,0.000000,0
7,InnerPromptFlashAttention_PromptFlashAttention_PromptFlashAttention,N/A,N/A,1790932528367315.389	,9975.760,1.597000,0
7,aclnnInplaceCopy_TransposeAiCore_Transpose,N/A,N/A,1790932528377292.169	,153.923,0.990000,0
7,aclnnAddmm_MatMulCommon_MatMulV2,N/A,N/A,1790932528377446.112	,268.125,0.000000,0
7,aclnnAdd_AddAiCore_Add,N/A,N/A,1790932528377714.257	,181.864,0.125000,0
7,aclnnInplaceCopy_CastAiCore_Cast,N/A,N/A,1790932528377896.141	,77.501,0.136000,0
7,aclnnMean_ReduceMeanAiCore_ReduceMean,N/A,N/A,1790932528377975.022	,103.062,1.249000,0
7,aclnnSub_SubAiCore_Sub,N/A,N/A,1790932528378079.024	,126.963,0.938000,0
7,aclnnPowTensorScalar_PowsAiCore_Pows,N/A,N/A,1790932528378206.007	,127.302,0.037000,0
7,aclnnMean_ReduceMeanAiCore_ReduceMean,N/A,N/A,1790932528378334.589	,106.103,1.198000,0
7,aclnnAdds_AddAiCore_Add,N/A,N/A,1790932528378441.632	,5.780,1.147000,0
7,aclnnRsqrt_RsqrtAiCore_Rsqrt,N/A,N/A,1790932528378447.452	,7.160,0.000000,0
7,aclnnMul_MulAiCore_Mul,N/A,N/A,1790932528378454.652	,109.982,0.090000,0
7,aclnnInplaceCopy_CastAiCore_Cast,N/A,N/A,1790932528378564.674	,60.041,0.018000,0
7,aclnnMul_MulAiCore_Mul,N/A,N/A,1790932528378624.755	,38.061,0.000000,0
7,aclnnAdd_AddAiCore_Add,N/A,N/A,1790932528378662.836	,36.361,0.000000,0
7,aclnnAddmm_MatMulV3Common_MatMulV3,N/A,N/A,1790932528378699.217	,1026.000,0.139000,0
7,aclnnGeluV2_GeluV2_GeluV2,N/A,N/A,1790932528379725.237	,586.952,0.000000,0
7,aclnnAddmm_MatMulV3Common_MatMulV3,N/A,N/A,1790932528380312.349	,1145.443,0.048000,0
7,aclnnAdd_AddAiCore_Add,N/A,N/A,1790932528381457.812	,163.903,0.057000,0
7,aclnnInplaceCopy_CastAiCore_Cast,N/A,N/A,1790932528381621.755	,119.922,0.097000,0
7,aclnnMean_ReduceMeanAiCore_ReduceMean,N/A,N/A,1790932528381742.958	,130.342,1.328000,0
7,aclnnSub_SubAiCore_Sub,N/A,N/A,1790932528381874.420	,210.644,1.158000,0
7,aclnnPowTensorScalar_PowsAiCore_Pows,N/A,N/A,1790932528382085.084	,241.125,0.000000,0
7,aclnnMean_ReduceMeanAiCore_ReduceMean,N/A,N/A,1790932528382327.509	,164.783,1.375000,0
7,aclnnAdds_AddAiCore_Add,N/A,N/A,1790932528382493.492	,5.761,1.217000,0
7,aclnnRsqrt_RsqrtAiCore_Rsqrt,N/A,N/A,1790932528382499.273	,7.260,0.000000,0
7,aclnnMul_MulAiCore_Mul,N/A,N/A,1790932528382506.573	,111.482,0.000000,0
7,aclnnInplaceCopy_CastAiCore_Cast,N/A,N/A,1790932528382618.095	,54.461,0.018000,0
7,aclnnMul_MulAiCore_Mul,N/A,N/A,1790932528382672.576	,61.881,0.039000,0
7,aclnnAdd_AddAiCore_Add,N/A,N/A,1790932528382734.497	,36.361,0.119000,0
7,aclnnAddmm_MatMulV3Common_MatMulV3,N/A,N/A,1790932528382770.878	,765.735,0.139000,0
7,aclnnInplaceCopy_SliceAiCore_Slice,N/A,N/A,1790932528383536.653	,113.743,0.015000,0
7,aclnnInplaceCopy_CastAiCore_Cast,N/A,N/A,1790932528383650.416	,87.541,0.007000,0
7,aclnnMul_MulAiCore_Mul,N/A,N/A,1790932528383737.977	,162.784,0.000000,0
7,aclnnInplaceCopy_SliceAiCore_Slice,N/A,N/A,1790932528383900.781	,190.523,0.000000,0
7,aclnnInplaceCopy_CastAiCore_Cast,N/A,N/A,1790932528384091.324	,67.682,0.000000,0
7,aclnnNeg_SliceAiCore_Slice,N/A,N/A,1790932528384159.026	,93.882,0.068000,0
7,aclnnNeg_NegAiCore_Neg,N/A,N/A,1790932528384252.948	,57.881,0.118000,0
7,aclnnCat_SliceAiCore_Slice,N/A,N/A,1790932528384310.869	,298.946,0.000000,0
7,aclnnCat_ConcatD_ConcatD,N/A,N/A,1790932528384609.835	,241.665,0.054000,0
7,aclnnMul_MulAiCore_Mul,N/A,N/A,1790932528384851.520	,186.463,0.085000,0
7,aclnnAdd_AddAiCore_Add,N/A,N/A,1790932528385038.003	,421.289,0.037000,0
7,aclnnInplaceCopy_CastAiCore_Cast,N/A,N/A,1790932528385459.332	,203.544,0.000000,0
7,aclnnInplaceCopy_SliceAiCore_Slice,N/A,N/A,1790932528385662.896	,116.942,0.206000,0
7,aclnnInplaceCopy_CastAiCore_Cast,N/A,N/A,1790932528385779.858	,70.642,0.000000,0
7,aclnnMul_MulAiCore_Mul,N/A,N/A,1790932528385850.520	,151.363,0.108000,0
7,aclnnInplaceCopy_SliceAiCore_Slice,N/A,N/A,1790932528386001.903	,182.823,0.137000,0
7,aclnnInplaceCopy_CastAiCore_Cast,N/A,N/A,1790932528386184.746	,74.122,0.000000,0
7,aclnnNeg_SliceAiCore_Slice,N/A,N/A,1790932528386258.888	,93.402,0.128000,0
7,aclnnNeg_NegAiCore_Neg,N/A,N/A,1790932528386352.330	,58.161,0.000000,0
7,aclnnCat_SliceAiCore_Slice,N/A,N/A,1790932528386410.531	,296.926,0.089000,0
7,aclnnCat_ConcatD_ConcatD,N/A,N/A,1790932528386707.477	,227.964,0.074000,0
7,aclnnMul_MulAiCore_Mul,N/A,N/A,1790932528386935.461	,184.244,0.036000,0
7,aclnnAdd_AddAiCore_Add,N/A,N/A,1790932528387119.725	,425.028,0.006000,0
7,aclnnInplaceCopy_CastAiCore_Cast,N/A,N/A,1790932528387544.773	,203.364,0.000000,0
7,aclnnInplaceCopy_TransposeAiCore_Transpose,N/A,N/A,1790932528387748.157	,142.443,0.136000,0
7,aclnnInplaceCopy_TransposeAiCore_Transpose,N/A,N/A,1790932528387890.620	,149.383,0.000000,0
7,aclnnInplaceCopy_AsStridedAiCore_AsStrided,N/A,N/A,1790932528388040.023	,162.584,0.117000,0
7,InnerPromptFlashAttention_PromptFlashAttention_PromptFlashAttention,N/A,N/A,1790932528388203.647	,9911.898,1.166000,0
7,aclnnInplaceCopy_TransposeAiCore_Transpose,N/A,N/A,1790932528398116.785	,154.923,1.102000,0
7,aclnnAddmm_MatMulCommon_MatMulV2,N/A,N/A,1790932528398271.728	,267.945,0.077000,0
7,aclnnAdd_AddAiCore_Add,N/A,N/A,1790932528398539.693	,179.884,0.055000,0
7,aclnnInplaceCopy_CastAiCore_Cast,N/A,N/A,1790932528398719.597	,66.421,0.000000,0
7,aclnnMean_ReduceMeanAiCore_ReduceMean,N/A,N/A,1790932528398787.178	,99.822,1.329000,0
7,aclnnSub_SubAiCore_Sub,N/A,N/A,1790932528398888.120	,118.482,0.928000,0
7,aclnnPowTensorScalar_PowsAiCore_Pows,N/A,N/A,1790932528399006.622	,115.883,0.018000,0
7,aclnnMean_ReduceMeanAiCore_ReduceMean,N/A,N/A,1790932528399123.925	,101.202,1.617000,0
7,aclnnAdds_AddAiCore_Add,N/A,N/A,1790932528399226.087	,5.900,0.798000,0
7,aclnnRsqrt_RsqrtAiCore_Rsqrt,N/A,N/A,1790932528399232.007	,6.980,0.100000,0
7,aclnnMul_MulAiCore_Mul,N/A,N/A,1790932528399239.027	,109.902,0.020000,0
7,aclnnInplaceCopy_CastAiCore_Cast,N/A,N/A,1790932528399348.949	,61.081,0.098000,0
7,aclnnMul_MulAiCore_Mul,N/A,N/A,1790932528399410.050	,38.181,0.000000,0
7,aclnnAdd_AddAiCore_Add,N/A,N/A,1790932528399448.271	,37.321,0.069000,0
7,aclnnAddmm_MatMulV3Common_MatMulV3,N/A,N/A,1790932528399485.612	,1022.000,0.000000,0
7,aclnnGeluV2_GeluV2_GeluV2,N/A,N/A,1790932528400507.632	,590.512,0.250000,0
7,aclnnAddmm_MatMulV3Common_MatMulV3,N/A,N/A,1790932528401098.304	,1152.123,0.000000,0
7,aclnnAdd_AddAiCore_Add,N/A,N/A,1790932528402250.447	,164.584,0.127000,0
7,aclnnInplaceCopy_CastAiCore_Cast,N/A,N/A,1790932528402415.071	,124.382,0.000000,0
7,aclnnMean_ReduceMeanAiCore_ReduceMean,N/A,N/A,1790932528402540.753	,129.363,1.368000,0
7,aclnnSub_SubAiCore_Sub,N/A,N/A,1790932528402670.936	,218.984,0.887000,0
7,aclnnPowTensorScalar_PowsAiCore_Pows,N/A,N/A,1790932528402889.940	,245.785,0.016000,0
7,aclnnMean_ReduceMeanAiCore_ReduceMean,N/A,N/A,1790932528403137.085	,169.323,1.215000,0
7,aclnnAdds_AddAiCore_Add,N/A,N/A,1790932528403307.328	,5.740,0.927000,0
7,aclnnRsqrt_RsqrtAiCore_Rsqrt,N/A,N/A,1790932528403313.088	,7.241,0.010000,0
7,aclnnMul_MulAiCore_Mul,N/A,N/A,1790932528403320.349	,111.102,0.009000,0
7,aclnnInplaceCopy_CastAiCore_Cast,N/A,N/A,1790932528403431.491	,53.141,0.148000,0
7,aclnnMul_MulAiCore_Mul,N/A,N/A,1790932528403484.652	,60.981,0.109000,0
7,aclnnAdd_AddAiCore_Add,N/A,N/A,1790932528403545.653	,36.001,0.019000,0
7,aclnnAddmm_MatMulV3Common_MatMulV3,N/A,N/A,1790932528403581.694	,763.395,0.000000,0
7,aclnnInplaceCopy_SliceAiCore_Slice,N/A,N/A,1790932528404345.109	,111.082,0.000000,0
7,aclnnInplaceCopy_CastAiCore_Cast,N/A,N/A,1790932528404456.211	,89.482,0.168000,0
7,aclnnMul_MulAiCore_Mul,N/A,N/A,1790932528404545.713	,160.583,0.018000,0
7,aclnnInplaceCopy_SliceAiCore_Slice,N/A,N/A,1790932528404706.316	,187.684,0.000000,0
7,aclnnInplaceCopy_CastAiCore_Cast,N/A,N/A,1790932528404894.020	,66.741,0.066000,0
7,aclnnNeg_SliceAiCore_Slice,N/A,N/A,1790932528404960.801	,95.662,0.009000,0
7,aclnnNeg_NegAiCore_Neg,N/A,N/A,1790932528405056.503	,58.141,0.088000,0
7,aclnnCat_SliceAiCore_Slice,N/A,N/A,1790932528405114.664	,293.566,0.109000,0
7,aclnnCat_ConcatD_ConcatD,N/A,N/A,1790932528405408.250	,236.625,0.000000,0
7,aclnnMul_MulAiCore_Mul,N/A,N/A,1790932528405644.895	,182.544,0.125000,0
7,aclnnAdd_AddAiCore_Add,N/A,N/A,1790932528405827.459	,423.588,0.000000,0
7,aclnnInplaceCopy_CastAiCore_Cast,N/A,N/A,1790932528406251.087	,202.544,0.000000,0
7,aclnnInplaceCopy_SliceAiCore_Slice,N/A,N/A,1790932528406453.651	,115.023,0.206000,0
7,aclnnInplaceCopy_CastAiCore_Cast,N/A,N/A,1790932528406568.694	,68.581,0.000000,0
7,aclnnMul_MulAiCore_Mul,N/A,N/A,1790932528406637.295	,150.343,0.000000,0
7,aclnnInplaceCopy_SliceAiCore_Slice,N/A,N/A,1790932528406787.658	,187.304,0.157000,0
7,aclnnInplaceCopy_CastAiCore_Cast,N/A,N/A,1790932528406974.982	,64.981,0.000000,0
7,aclnnNeg_SliceAiCore_Slice,N/A,N/A,1790932528407039.983	,89.782,0.019000,0
7,aclnnNeg_NegAiCore_Neg,N/A,N/A,1790932528407129.785	,57.201,0.000000,0
7,aclnnCat_SliceAiCore_Slice,N/A,N/A,1790932528407187.006	,295.066,0.049000,0
7,aclnnCat_ConcatD_ConcatD,N/A,N/A,1790932528407482.112	,229.424,0.000000,0
7,aclnnMul_MulAiCore_Mul,N/A,N/A,1790932528407711.556	,186.444,0.076000,0
7,aclnnAdd_AddAiCore_Add,N/A,N/A,1790932528407898.020	,424.089,0.056000,0
7,aclnnInplaceCopy_CastAiCore_Cast,N/A,N/A,1790932528408322.129	,202.244,0.161000,0
7,aclnnInplaceCopy_TransposeAiCore_Transpose,N/A,N/A,1790932528408524.393	,138.762,0.006000,0
7,aclnnInplaceCopy_TransposeAiCore_Transpose,N/A,N/A,1790932528408663.175	,151.303,0.000000,0
7,aclnnInplaceCopy_AsStridedAiCore_AsStrided,N/A,N/A,1790932528408814.498	,159.424,0.000000,0
7,InnerPromptFlashAttention_PromptFlashAttention_PromptFlashAttention,N/A,N/A,1790932528408975.022	,9987.519,1.076000,0
7,aclnnInplaceCopy_TransposeAiCore_Transpose,N/A,N/A,1790932528418963.501	,154.003,0.981000,0
7,aclnnAddmm_MatMulCommon_MatMulV2,N/A,N/A,1790932528419117.524	,268.086,0.000000,0
7,aclnnAdd_AddAiCore_Add,N/A,N/A,1790932528419385.650	,181.103,0.164000,0
7,aclnnInplaceCopy_CastAiCore_Cast,N/A,N/A,1790932528419566.773	,77.122,0.000000,0
7,aclnnMean_ReduceMeanAiCore_ReduceMean,N/A,N/A,1790932528419644.955	,104.762,1.128000,0
7,aclnnSub_SubAiCore_Sub,N/A,N/A,1790932528419750.857	,124.342,0.988000,0
7,aclnnPowTensorScalar_PowsAiCore_Pows,N/A,N/A,1790932528419875.219	,125.223,0.158000,0
7,aclnnMean_ReduceMeanAiCore_ReduceMean,N/A,N/A,1790932528420001.362	,104.602,0.777000,0
7,aclnnAdds_AddAiCore_Add,N/A,N/A,1790932528420107.144	,5.820,1.398000,0
7,aclnnRsqrt_RsqrtAiCore_Rsqrt,N/A,N/A,1790932528420113.004	,7.240,0.000000,0
7,aclnnMul_MulAiCore_Mul,N/A,N/A,1790932528420120.264	,110.562,0.010000,0
7,aclnnInplaceCopy_CastAiCore_Cast,N/A,N/A,1790932528420230.846	,60.242,0.000000,0
7,aclnnMul_MulAiCore_Mul,N/A,N/A,1790932528420291.108	,37.420,0.008000,0
7,aclnnAdd_AddAiCore_Add,N/A,N/A,1790932528420328.548	,37.221,0.080000,0
7,aclnnAddmm_MatMulV3Common_MatMulV3,N/A,N/A,1790932528420365.789	,1033.321,0.029000,0
7,aclnnGeluV2_GeluV2_GeluV2,N/A,N/A,1790932528421399.130	,588.632,0.179000,0
7,aclnnAddmm_MatMulV3Common_MatMulV3,N/A,N/A,1790932528421987.902	,1147.143,0.118000,0
7,aclnnAdd_AddAiCore_Add,N/A,N/A,1790932528423135.065	,165.623,0.000000,0
7,aclnnEmbedding_GatherV2AiCore_GatherV2,N/A,N/A,1790932528423301.068	,472.109,0.377000,0
7,aclnnInplaceZero_ZerosLikeAiCore_ZerosLike,N/A,N/A,1790932528423773.197	,22.041,0.141000,0
7,aclnnInplaceZero_ZerosLikeAiCore_ZerosLike,N/A,N/A,1790932528423795.258	,15.460,0.000000,0
7,aclnnInplaceZero_ZerosLikeAiCore_ZerosLike,N/A,N/A,1790932528423810.738	,17.920,0.040000,0
7,aclnnEqScalar_EqualAiCore_Equal,N/A,N/A,1790932528423828.678	,6.821,0.080000,0
7,aclnnLayerNormWithImplMode_LayerNormV3WithImplMode_LayerNormV3,N/A,N/A,1790932528423835.519	,411.748,0.000000,0
7,aclnnLayerNormWithImplMode_CastAiCore_Cast,N/A,N/A,1790932528424247.287	,6.780,0.002000,0
7,aclnnLayerNormWithImplMode_CastAiCore_Cast,N/A,N/A,1790932528424254.087	,2.380,0.000000,0
7,aclnnAddmm_MatMulV3Common_MatMulV3,N/A,N/A,1790932528424256.487	,1070.761,0.120000,0
7,aclnnGelu_Gelu_Gelu,N/A,N/A,1790932528425327.268	,147.423,0.000000,0
7,aclnnAddmm_MatMulV3Common_MatMulV3,N/A,N/A,1790932528425474.851	,653.653,0.077000,0
7,aclnnInplaceCopy_TensorMoveAiCore_TensorMove,N/A,N/A,1790932528426128.524	,113.703,0.097000,0
7,aclnnInplaceMaskedScatter_CastAiCore_Cast,N/A,N/A,1790932528426242.247	,2.560,0.047000,0
7,aclnnInplaceMaskedScatter_BroadcastToAiCore_BroadcastTo,N/A,N/A,1790932528426244.847	,56.061,0.000000,0
7,aclnnInplaceMaskedScatter_CastAiCore_Cast,N/A,N/A,1790932528426300.928	,33.240,0.189000,0
7,aclnnInplaceMaskedScatter_MaskedScatterAiCore_MaskedScatter,N/A,N/A,1790932528426334.188	,18138.003,0.010000,0
7,aclnnLayerNormWithImplMode_LayerNormV3WithImplMode_LayerNormV3,N/A,N/A,1790932528444472.211	,365.267,0.000000,0
7,aclnnLayerNormWithImplMode_CastAiCore_Cast,N/A,N/A,1790932528444837.498	,2.760,0.000000,0
7,aclnnLayerNormWithImplMode_CastAiCore_Cast,N/A,N/A,1790932528444840.278	,2.200,0.000000,0
7,aclnnAddmm_MatMulV3Common_MatMulV3,N/A,N/A,1790932528444842.498	,1064.962,0.050000,0
7,aclnnGelu_Gelu_Gelu,N/A,N/A,1790932528445907.480	,147.002,0.038000,0
7,aclnnAddmm_MatMulV3Common_MatMulV3,N/A,N/A,1790932528446054.622	,655.314,0.000000,0
7,aclnnNonzeroV2_NonzeroAiCore_MemSet,N/A,N/A,1790932528446709.956	,10.180,0.186000,0
7,aclnnNonzeroV2_NonzeroAiCore_NonZero,N/A,N/A,1790932528446721.396	,14.980,1.320000,0
7,aclnnIndexPutImpl_IndexPutV2_IndexPutV2,N/A,N/A,1790932528447084.783	,76.982,348.270000,0
7,aclnnLayerNormWithImplMode_LayerNormV3WithImplMode_LayerNormV3,N/A,N/A,1790932528447179.125	,362.087,17.268000,0
7,aclnnLayerNormWithImplMode_CastAiCore_Cast,N/A,N/A,1790932528447541.232	,2.700,0.163000,0
7,aclnnLayerNormWithImplMode_CastAiCore_Cast,N/A,N/A,1790932528447543.952	,2.340,0.050000,0
7,aclnnAddmm_MatMulV3Common_MatMulV3,N/A,N/A,1790932528447546.332	,1071.702,0.000000,0
7,aclnnGelu_Gelu_Gelu,N/A,N/A,1790932528448618.054	,147.383,0.048000,0
7,aclnnAddmm_MatMulV3Common_MatMulV3,N/A,N/A,1790932528448765.597	,655.193,0.117000,0
7,aclnnNonzeroV2_NonzeroAiCore_MemSet,N/A,N/A,1790932528449420.810	,9.220,0.057000,0
7,aclnnNonzeroV2_NonzeroAiCore_NonZero,N/A,N/A,1790932528449431.450	,15.120,1.530000,0
7,aclnnIndexPutImpl_IndexPutV2_IndexPutV2,N/A,N/A,1790932528449699.935	,77.622,253.380000,0
7,aclnnLayerNormWithImplMode_LayerNormV3WithImplMode_LayerNormV3,N/A,N/A,1790932528449811.498	,366.747,33.878000,0
7,aclnnLayerNormWithImplMode_CastAiCore_Cast,N/A,N/A,1790932528450178.265	,2.600,0.003000,0
7,aclnnLayerNormWithImplMode_CastAiCore_Cast,N/A,N/A,1790932528450180.905	,2.380,0.150000,0
7,aclnnAddmm_MatMulV3Common_MatMulV3,N/A,N/A,1790932528450183.305	,1073.501,0.000000,0
7,aclnnGelu_Gelu_Gelu,N/A,N/A,1790932528451256.846	,147.303,0.000000,0
7,aclnnAddmm_MatMulV3Common_MatMulV3,N/A,N/A,1790932528451404.309	,653.873,0.197000,0
7,aclnnNonzeroV2_NonzeroAiCore_MemSet,N/A,N/A,1790932528452058.222	,9.181,0.127000,0
7,aclnnNonzeroV2_NonzeroAiCore_NonZero,N/A,N/A,1790932528452068.823	,14.820,1.319000,0
7,aclnnIndexPutImpl_IndexPutV2_IndexPutV2,N/A,N/A,1790932528452327.728	,76.441,244.180000,0
7,aclnnArange_ArangeAiCore_Range,N/A,N/A,1790932528452404.189	,10.361,0.059000,0
7,aclnnGeTensor_GreaterEqual_GreaterEqual,N/A,N/A,1790932528452452.270	,53.801,37.639000,0
7,aclnnInplaceCopy_CastAiCore_Cast,N/A,N/A,1790932528452531.072	,4.460,24.949000,0
7,aclnnBitwiseAndTensor_LogicalAndAiCore_LogicalAnd,N/A,N/A,1790932528452576.073	,49.301,40.540000,0
7,aclnnInplaceFillScalar_FillAiCore_Fill,N/A,N/A,1790932528452634.294	,1.160,8.949000,0
7,aclnnInplaceFillScalar_FillAiCore_Fill,N/A,N/A,1790932528452660.694	,0.940,25.340000,0
7,aclnnSWhere_SelectV2AiCore_SelectV2,N/A,N/A,1790932528452692.275	,116.442,30.560000,0
7,aclnnInplaceCopy_CastAiCore_Cast,N/A,N/A,1790932528452808.737	,21.041,0.058000,0
7,aclnnInplaceCopy_CastAiCore_Cast,N/A,N/A,1790932528453185.485	,8.120,355.709000,0
7,aclnnMatmul_BroadcastToAiCore_BroadcastTo,N/A,N/A,1790932528453234.546	,1.400,40.880000,0
7,aclnnMatmul_MulAiCore_Mul,N/A,N/A,1790932528453236.406	,16.580,0.600000,0
7,aclnnInplaceCopy_TransposeAiCore_Transpose,N/A,N/A,1790932528453305.767	,17.281,52.670000,0
7,aclnnInplaceCopy_StridedSliceAiCore_StridedSlice,N/A,N/A,1790932528453559.112	,12.541,235.969000,0
7,aclnnInplaceCopy_TransposeAiCore_Transpose,N/A,N/A,1790932528453580.913	,16.660,9.459000,0
7,aclnnInplaceCopy_ViewCopyAiCpu_ViewCopy,N/A,N/A,1790932528453619.074	,576.851,21.340000,0
7,aclnnInplaceCopy_StridedSliceAiCore_StridedSlice,N/A,N/A,1790932528454195.945	,11.600,0.149000,0
7,aclnnInplaceCopy_TransposeAiCore_Transpose,N/A,N/A,1790932528454207.565	,19.421,0.000000,0
7,aclnnInplaceCopy_ViewCopyAiCpu_ViewCopy,N/A,N/A,1790932528454227.006	,546.071,0.079000,0
7,aclnnCat_ConcatD_ConcatD,N/A,N/A,1790932528454773.097	,30.660,0.000000,0
7,aclnnCos_CosAiCore_Cos,N/A,N/A,1790932528454803.777	,26.521,0.090000,0
7,aclnnInplaceCopy_CastAiCore_Cast,N/A,N/A,1790932528454830.338	,9.780,0.000000,0
7,aclnnSin_SinAiCore_Sin,N/A,N/A,1790932528454840.138	,25.180,0.220000,0
7,aclnnInplaceCopy_CastAiCore_Cast,N/A,N/A,1790932528454865.338	,4.321,0.000000,0
7,aclnnLtScalar_LessAiCore_Less,N/A,N/A,1790932528454869.699	,18.760,0.179000,0
7,aclnnBitwiseNot_LogicalNotAiCore_LogicalNot,N/A,N/A,1790932528454888.479	,16.860,0.000000,0
7,aclnnAny_ReduceAny_ReduceAny,N/A,N/A,1790932528454906.519	,29.641,1.140000,0
7,aclnnAll_ReduceAll_ReduceAll,N/A,N/A,1790932528454938.800	,3.200,2.609000,0
7,aclnnInplaceCopy_CastAiCore_Cast,N/A,N/A,1790932528455650.874	,158.183,708.800000,0
7,aclnnPowTensorScalar_PowsAiCore_Pows,N/A,N/A,1790932528455809.077	,65.862,0.067000,0
7,aclnnMean_ReduceMeanAiCore_ReduceMean,N/A,N/A,1790932528455876.379	,72.481,1.638000,0
7,aclnnAdds_AddAiCore_Add,N/A,N/A,1790932528455949.980	,2.760,1.019000,0
7,aclnnRsqrt_RsqrtAiCore_Rsqrt,N/A,N/A,1790932528455952.760	,2.960,0.000000,0
7,aclnnMul_MulAiCore_Mul,N/A,N/A,1790932528455955.740	,72.482,0.040000,0
7,aclnnInplaceCopy_CastAiCore_Cast,N/A,N/A,1790932528456028.262	,34.160,0.018000,0
7,aclnnMul_MulAiCore_Mul,N/A,N/A,1790932528456062.442	,35.041,0.090000,0
7,aclnnMatmul_MatMulV3Common_MatMulV3,N/A,N/A,1790932528456097.503	,1074.202,0.000000,0
7,aclnnInplaceCopy_SliceAiCore_Slice,N/A,N/A,1790932528457171.725	,93.281,0.048000,0
7,aclnnInplaceCopy_CastAiCore_Cast,N/A,N/A,1790932528457265.046	,84.922,0.000000,0
7,aclnnPowTensorScalar_PowsAiCore_Pows,N/A,N/A,1790932528457350.008	,120.403,0.078000,0
7,aclnnMean_ReduceMeanAiCore_ReduceMean,N/A,N/A,1790932528457471.571	,88.161,1.097000,0
7,aclnnAdds_AddAiCore_Add,N/A,N/A,1790932528457560.392	,8.281,0.839000,0
7,aclnnRsqrt_RsqrtAiCore_Rsqrt,N/A,N/A,1790932528457568.713	,8.680,0.000000,0
7,aclnnMul_MulAiCore_Mul,N/A,N/A,1790932528457577.413	,108.702,0.070000,0
7,aclnnInplaceCopy_CastAiCore_Cast,N/A,N/A,1790932528457686.135	,61.701,0.048000,0
7,aclnnMul_MulAiCore_Mul,N/A,N/A,1790932528457747.856	,62.881,0.000000,0
7,aclnnInplaceCopy_SliceAiCore_Slice,N/A,N/A,1790932528457810.757	,55.761,0.119000,0
7,aclnnInplaceCopy_CastAiCore_Cast,N/A,N/A,1790932528457866.538	,32.261,0.000000,0
7,aclnnPowTensorScalar_PowsAiCore_Pows,N/A,N/A,1790932528457898.819	,39.721,0.000000,0
7,aclnnMean_ReduceMeanAiCore_ReduceMean,N/A,N/A,1790932528457939.920	,29.601,1.529000,0
7,aclnnAdds_AddAiCore_Add,N/A,N/A,1790932528457970.281	,6.560,0.649000,0
7,aclnnRsqrt_RsqrtAiCore_Rsqrt,N/A,N/A,1790932528457976.881	,8.040,0.190000,0
7,aclnnMul_MulAiCore_Mul,N/A,N/A,1790932528457984.941	,37.241,0.000000,0
7,aclnnInplaceCopy_CastAiCore_Cast,N/A,N/A,1790932528458022.202	,17.600,0.009000,0
7,aclnnMul_MulAiCore_Mul,N/A,N/A,1790932528458039.822	,21.260,0.000000,0
7,aclnnMul_TransposeAiCore_Transpose,N/A,N/A,1790932528458061.122	,185.764,0.000000,0
7,aclnnMul_MulAiCore_Mul,N/A,N/A,1790932528458246.906	,64.821,0.236000,0
7,aclnnNeg_AsStridedAiCore_AsStrided,N/A,N/A,1790932528458311.747	,103.042,0.000000,0
7,aclnnNeg_NegAiCore_Neg,N/A,N/A,1790932528458414.809	,30.841,0.000000,0
7,aclnnCat_AsStridedAiCore_AsStrided,N/A,N/A,1790932528458445.670	,55.101,0.159000,0
7,aclnnCat_ConcatD_ConcatD,N/A,N/A,1790932528458500.811	,41.261,0.000000,0
7,aclnnMul_MulAiCore_Mul,N/A,N/A,1790932528458542.092	,52.481,0.000000,0
7,aclnnAdd_AddAiCore_Add,N/A,N/A,1790932528458594.593	,164.483,0.019000,0
7,aclnnMul_TransposeAiCore_Transpose,N/A,N/A,1790932528458759.116	,54.661,0.017000,0
7,aclnnMul_MulAiCore_Mul,N/A,N/A,1790932528458813.797	,18.901,0.089000,0
7,aclnnNeg_AsStridedAiCore_AsStrided,N/A,N/A,1790932528458832.738	,18.520,0.099000,0
7,aclnnNeg_NegAiCore_Neg,N/A,N/A,1790932528458851.298	,9.480,0.000000,0
7,aclnnCat_AsStridedAiCore_AsStrided,N/A,N/A,1790932528458860.798	,18.061,0.020000,0
7,aclnnCat_ConcatD_ConcatD,N/A,N/A,1790932528458878.879	,19.360,0.189000,0
7,aclnnMul_MulAiCore_Mul,N/A,N/A,1790932528458898.259	,18.000,0.000000,0
7,aclnnAdd_AddAiCore_Add,N/A,N/A,1790932528458916.299	,15.661,0.000000,0
7,aclnnInplaceCopy_AsStridedAiCore_AsStrided,N/A,N/A,1790932528458932.000	,39.861,0.089000,0
7,InnerPromptFlashAttention_PromptFlashAttention_PromptFlashAttention,N/A,N/A,1790932528458973.221	,1908.158,1.389000,0
7,aclnnInplaceCopy_TransposeAiCore_Transpose,N/A,N/A,1790932528460882.059	,159.583,0.592000,0
7,aclnnMatmul_MatMulV3Common_MatMulV3,N/A,N/A,1790932528461041.662	,708.594,0.167000,0
7,aclnnAdd_AddAiCore_Add,N/A,N/A,1790932528461750.276	,102.662,0.000000,0
7,aclnnInplaceCopy_CastAiCore_Cast,N/A,N/A,1790932528461852.958	,53.341,0.088000,0
7,aclnnPowTensorScalar_PowsAiCore_Pows,N/A,N/A,1790932528461906.319	,54.421,0.000000,0
7,aclnnMean_ReduceMeanAiCore_ReduceMean,N/A,N/A,1790932528461961.960	,72.022,1.329000,0
7,aclnnAdds_AddAiCore_Add,N/A,N/A,1790932528462034.982	,2.620,0.978000,0
7,aclnnRsqrt_RsqrtAiCore_Rsqrt,N/A,N/A,1790932528462037.642	,2.840,0.130000,0
7,aclnnMul_MulAiCore_Mul,N/A,N/A,1790932528462040.502	,72.581,0.000000,0
7,aclnnInplaceCopy_CastAiCore_Cast,N/A,N/A,1790932528462113.103	,41.541,0.000000,0
7,aclnnMul_MulAiCore_Mul,N/A,N/A,1790932528462154.664	,34.561,0.209000,0
7,aclnnMatmul_MatMulV3Common_MatMulV3,N/A,N/A,1790932528462189.265	,3442.609,0.000000,0
7,aclnnSilu_SliceAiCore_Slice,N/A,N/A,1790932528465631.914	,329.786,0.141000,0
7,aclnnSilu_SiluAiCore_Swish,N/A,N/A,1790932528465961.720	,317.487,0.000000,0
7,aclnnMul_SliceAiCore_Slice,N/A,N/A,1790932528466279.227	,310.766,0.013000,0
7,aclnnMul_MulAiCore_Mul,N/A,N/A,1790932528466590.013	,507.710,0.000000,0
7,aclnnMatmul_MatMulV3Common_MatMulV3,N/A,N/A,1790932528467097.743	,1726.494,0.040000,0
7,aclnnAdd_AddAiCore_Add,N/A,N/A,1790932528468824.257	,90.022,0.006000,0
7,aclnnAdd_AddAiCore_Add,N/A,N/A,1790932528468914.299	,53.141,0.000000,0
7,aclnnInplaceCopy_CastAiCore_Cast,N/A,N/A,1790932528468967.460	,39.921,0.109000,0
7,aclnnPowTensorScalar_PowsAiCore_Pows,N/A,N/A,1790932528469007.421	,54.301,0.079000,0
7,aclnnMean_ReduceMeanAiCore_ReduceMean,N/A,N/A,1790932528469062.742	,72.762,0.949000,0
7,aclnnAdds_AddAiCore_Add,N/A,N/A,1790932528469136.344	,2.620,0.738000,0
7,aclnnRsqrt_RsqrtAiCore_Rsqrt,N/A,N/A,1790932528469139.004	,2.800,0.130000,0
7,aclnnMul_MulAiCore_Mul,N/A,N/A,1790932528469141.824	,71.061,0.000000,0
7,aclnnInplaceCopy_CastAiCore_Cast,N/A,N/A,1790932528469212.905	,41.601,0.189000,0
7,aclnnMul_MulAiCore_Mul,N/A,N/A,1790932528469254.526	,40.601,0.000000,0
7,aclnnMatmul_MatMulV3Common_MatMulV3,N/A,N/A,1790932528469295.147	,1072.981,0.149000,0
7,aclnnInplaceCopy_SliceAiCore_Slice,N/A,N/A,1790932528470368.148	,94.822,0.019000,0
7,aclnnInplaceCopy_CastAiCore_Cast,N/A,N/A,1790932528470462.990	,83.382,0.000000,0
7,aclnnPowTensorScalar_PowsAiCore_Pows,N/A,N/A,1790932528470546.392	,133.622,0.118000,0
7,aclnnMean_ReduceMeanAiCore_ReduceMean,N/A,N/A,1790932528470681.094	,89.502,0.878000,0
7,aclnnAdds_AddAiCore_Add,N/A,N/A,1790932528470771.676	,7.440,1.248000,0
7,aclnnRsqrt_RsqrtAiCore_Rsqrt,N/A,N/A,1790932528470779.156	,8.661,0.060000,0
7,aclnnMul_MulAiCore_Mul,N/A,N/A,1790932528470787.857	,112.542,0.000000,0
7,aclnnInplaceCopy_CastAiCore_Cast,N/A,N/A,1790932528470900.419	,60.341,0.208000,0
7,aclnnMul_MulAiCore_Mul,N/A,N/A,1790932528470960.780	,60.861,0.000000,0
7,aclnnInplaceCopy_SliceAiCore_Slice,N/A,N/A,1790932528471021.661	,55.941,0.139000,0
7,aclnnInplaceCopy_CastAiCore_Cast,N/A,N/A,1790932528471077.642	,33.321,0.059000,0
7,aclnnPowTensorScalar_PowsAiCore_Pows,N/A,N/A,1790932528471110.983	,39.201,0.000000,0
7,aclnnMean_ReduceMeanAiCore_ReduceMean,N/A,N/A,1790932528471151.584	,29.520,1.299000,0
7,aclnnAdds_AddAiCore_Add,N/A,N/A,1790932528471181.944	,6.561,0.980000,0
7,aclnnRsqrt_RsqrtAiCore_Rsqrt,N/A,N/A,1790932528471188.525	,7.980,0.000000,0
7,aclnnMul_MulAiCore_Mul,N/A,N/A,1790932528471196.525	,38.321,0.020000,0
7,aclnnInplaceCopy_CastAiCore_Cast,N/A,N/A,1790932528471234.886	,16.940,0.179000,0
7,aclnnMul_MulAiCore_Mul,N/A,N/A,1790932528471251.846	,27.160,0.000000,0
7,aclnnMul_TransposeAiCore_Transpose,N/A,N/A,1790932528471279.026	,187.384,0.090000,0
7,aclnnMul_MulAiCore_Mul,N/A,N/A,1790932528471466.430	,62.681,0.116000,0
7,aclnnNeg_AsStridedAiCore_AsStrided,N/A,N/A,1790932528471529.131	,105.203,0.069000,0
7,aclnnNeg_NegAiCore_Neg,N/A,N/A,1790932528471634.354	,31.380,0.000000,0
7,aclnnCat_AsStridedAiCore_AsStrided,N/A,N/A,1790932528471665.754	,55.441,0.120000,0
7,aclnnCat_ConcatD_ConcatD,N/A,N/A,1790932528471721.215	,41.281,0.059000,0
7,aclnnMul_MulAiCore_Mul,N/A,N/A,1790932528471762.536	,53.321,0.000000,0
7,aclnnAdd_AddAiCore_Add,N/A,N/A,1790932528471815.877	,161.403,0.179000,0
7,aclnnMul_TransposeAiCore_Transpose,N/A,N/A,1790932528471977.300	,54.261,0.000000,0
7,aclnnMul_MulAiCore_Mul,N/A,N/A,1790932528472031.581	,17.581,0.000000,0
7,aclnnNeg_AsStridedAiCore_AsStrided,N/A,N/A,1790932528472049.182	,18.340,0.169000,0
7,aclnnNeg_NegAiCore_Neg,N/A,N/A,1790932528472067.562	,9.360,0.000000,0
7,aclnnCat_AsStridedAiCore_AsStrided,N/A,N/A,1790932528472076.962	,18.441,0.140000,0
7,aclnnCat_ConcatD_ConcatD,N/A,N/A,1790932528472095.423	,15.560,0.059000,0
7,aclnnMul_MulAiCore_Mul,N/A,N/A,1790932528472111.003	,16.860,0.000000,0
7,aclnnAdd_AddAiCore_Add,N/A,N/A,1790932528472127.883	,15.241,0.140000,0
7,aclnnInplaceCopy_AsStridedAiCore_AsStrided,N/A,N/A,1790932528472143.144	,39.960,0.009000,0
7,InnerPromptFlashAttention_PromptFlashAttention_PromptFlashAttention,N/A,N/A,1790932528472184.005	,1905.158,0.790000,0
7,aclnnInplaceCopy_TransposeAiCore_Transpose,N/A,N/A,1790932528474089.903	,156.483,0.842000,0
7,aclnnMatmul_MatMulV3Common_MatMulV3,N/A,N/A,1790932528474246.406	,705.834,0.017000,0
7,aclnnAdd_AddAiCore_Add,N/A,N/A,1790932528474952.260	,101.962,0.000000,0
7,aclnnInplaceCopy_CastAiCore_Cast,N/A,N/A,1790932528475054.242	,52.781,0.038000,0
7,aclnnPowTensorScalar_PowsAiCore_Pows,N/A,N/A,1790932528475107.043	,54.281,0.000000,0
7,aclnnMean_ReduceMeanAiCore_ReduceMean,N/A,N/A,1790932528475162.244	,72.141,0.969000,0
7,aclnnAdds_AddAiCore_Add,N/A,N/A,1790932528475235.225	,2.561,0.859000,0
7,aclnnRsqrt_RsqrtAiCore_Rsqrt,N/A,N/A,1790932528475237.826	,2.780,0.000000,0
7,aclnnMul_MulAiCore_Mul,N/A,N/A,1790932528475240.626	,73.001,0.220000,0
7,aclnnInplaceCopy_CastAiCore_Cast,N/A,N/A,1790932528475313.667	,41.661,0.000000,0
7,aclnnMul_MulAiCore_Mul,N/A,N/A,1790932528475355.348	,34.161,0.000000,0
7,aclnnMatmul_MatMulV3Common_MatMulV3,N/A,N/A,1790932528475389.529	,3465.589,0.089000,0
7,aclnnSilu_SliceAiCore_Slice,N/A,N/A,1790932528478855.138	,325.946,0.161000,0
7,aclnnSilu_SiluAiCore_Swish,N/A,N/A,1790932528479181.124	,323.067,0.000000,0
7,aclnnMul_SliceAiCore_Slice,N/A,N/A,1790932528479504.231	,306.906,0.183000,0
7,aclnnMul_MulAiCore_Mul,N/A,N/A,1790932528479811.157	,497.690,0.094000,0
7,aclnnMatmul_MatMulV3Common_MatMulV3,N/A,N/A,1790932528480308.867	,1754.455,0.000000,0
7,aclnnAdd_AddAiCore_Add,N/A,N/A,1790932528482063.342	,87.162,0.045000,0
7,aclnnAdd_AddAiCore_Add,N/A,N/A,1790932528482150.524	,70.761,0.088000,0
7,aclnnInplaceCopy_CastAiCore_Cast,N/A,N/A,1790932528482221.325	,37.041,0.000000,0
7,aclnnPowTensorScalar_PowsAiCore_Pows,N/A,N/A,1790932528482258.386	,53.721,0.209000,0
7,aclnnMean_ReduceMeanAiCore_ReduceMean,N/A,N/A,1790932528482313.527	,72.461,1.279000,0
7,aclnnAdds_AddAiCore_Add,N/A,N/A,1790932528482387.108	,2.340,1.039000,0
7,aclnnRsqrt_RsqrtAiCore_Rsqrt,N/A,N/A,1790932528482389.468	,2.760,0.160000,0
7,aclnnMul_MulAiCore_Mul,N/A,N/A,1790932528482392.268	,71.682,0.000000,0
7,aclnnInplaceCopy_CastAiCore_Cast,N/A,N/A,1790932528482463.990	,41.561,0.068000,0
7,aclnnMul_MulAiCore_Mul,N/A,N/A,1790932528482505.571	,40.621,0.000000,0
7,aclnnMatmul_MatMulV3Common_MatMulV3,N/A,N/A,1790932528482546.212	,1074.781,0.129000,0
7,aclnnInplaceCopy_SliceAiCore_Slice,N/A,N/A,1790932528483621.013	,93.842,0.000000,0
7,aclnnInplaceCopy_CastAiCore_Cast,N/A,N/A,1790932528483714.875	,84.822,0.158000,0
7,aclnnPowTensorScalar_PowsAiCore_Pows,N/A,N/A,1790932528483799.737	,141.682,0.000000,0
7,aclnnMean_ReduceMeanAiCore_ReduceMean,N/A,N/A,1790932528483942.559	,89.182,1.068000,0
7,aclnnAdds_AddAiCore_Add,N/A,N/A,1790932528484032.521	,7.040,0.818000,0
7,aclnnRsqrt_RsqrtAiCore_Rsqrt,N/A,N/A,1790932528484039.581	,8.781,0.000000,0
7,aclnnMul_MulAiCore_Mul,N/A,N/A,1790932528484048.382	,111.222,0.219000,0
7,aclnnInplaceCopy_CastAiCore_Cast,N/A,N/A,1790932528484159.624	,61.161,0.000000,0
7,aclnnMul_MulAiCore_Mul,N/A,N/A,1790932528484220.825	,59.721,0.089000,0
7,aclnnInplaceCopy_SliceAiCore_Slice,N/A,N/A,1790932528484280.566	,56.001,0.029000,0
7,aclnnInplaceCopy_CastAiCore_Cast,N/A,N/A,1790932528484336.587	,32.921,0.000000,0
7,aclnnPowTensorScalar_PowsAiCore_Pows,N/A,N/A,1790932528484369.528	,39.381,0.079000,0
7,aclnnMean_ReduceMeanAiCore_ReduceMean,N/A,N/A,1790932528484410.109	,29.200,1.119000,0
7,aclnnAdds_AddAiCore_Add,N/A,N/A,1790932528484440.509	,6.661,1.300000,0
7,aclnnRsqrt_RsqrtAiCore_Rsqrt,N/A,N/A,1790932528484447.190	,8.080,0.089000,0
7,aclnnMul_MulAiCore_Mul,N/A,N/A,1790932528484455.290	,37.420,0.000000,0
7,aclnnInplaceCopy_CastAiCore_Cast,N/A,N/A,1790932528484492.730	,17.061,0.080000,0
7,aclnnMul_MulAiCore_Mul,N/A,N/A,1790932528484509.811	,21.660,0.000000,0
7,aclnnMul_TransposeAiCore_Transpose,N/A,N/A,1790932528484531.491	,190.984,0.090000,0
7,aclnnMul_MulAiCore_Mul,N/A,N/A,1790932528484722.495	,63.481,0.016000,0
7,aclnnNeg_AsStridedAiCore_AsStrided,N/A,N/A,1790932528484786.016	,103.322,0.019000,0
7,aclnnNeg_NegAiCore_Neg,N/A,N/A,1790932528484889.358	,31.061,0.000000,0
7,aclnnCat_AsStridedAiCore_AsStrided,N/A,N/A,1790932528484920.439	,55.201,0.189000,0
7,aclnnCat_ConcatD_ConcatD,N/A,N/A,1790932528484975.680	,41.681,0.049000,0
7,aclnnMul_MulAiCore_Mul,N/A,N/A,1790932528485017.381	,52.721,0.069000,0
7,aclnnAdd_AddAiCore_Add,N/A,N/A,1790932528485070.122	,161.243,0.000000,0
7,aclnnMul_TransposeAiCore_Transpose,N/A,N/A,1790932528485231.405	,54.941,0.257000,0
7,aclnnMul_MulAiCore_Mul,N/A,N/A,1790932528485286.386	,17.861,0.059000,0
7,aclnnNeg_AsStridedAiCore_AsStrided,N/A,N/A,1790932528485304.267	,18.780,0.000000,0
7,aclnnNeg_NegAiCore_Neg,N/A,N/A,1790932528485323.067	,9.120,0.000000,0
7,aclnnCat_AsStridedAiCore_AsStrided,N/A,N/A,1790932528485332.207	,17.601,0.130000,0
7,aclnnCat_ConcatD_ConcatD,N/A,N/A,1790932528485349.828	,16.580,0.000000,0
7,aclnnMul_MulAiCore_Mul,N/A,N/A,1790932528485366.428	,17.200,0.170000,0
7,aclnnAdd_AddAiCore_Add,N/A,N/A,1790932528485383.668	,15.641,0.050000,0
7,aclnnInplaceCopy_AsStridedAiCore_AsStrided,N/A,N/A,1790932528485399.329	,39.360,0.000000,0
7,InnerPromptFlashAttention_PromptFlashAttention_PromptFlashAttention,N/A,N/A,1790932528485439.989	,1900.458,1.390000,0
7,aclnnInplaceCopy_TransposeAiCore_Transpose,N/A,N/A,1790932528487341.547	,157.324,1.042000,0
7,aclnnMatmul_MatMulV3Common_MatMulV3,N/A,N/A,1790932528487498.891	,712.454,0.176000,0
7,aclnnAdd_AddAiCore_Add,N/A,N/A,1790932528488211.385	,102.022,0.046000,0
7,aclnnInplaceCopy_CastAiCore_Cast,N/A,N/A,1790932528488313.427	,52.861,0.000000,0
7,aclnnPowTensorScalar_PowsAiCore_Pows,N/A,N/A,1790932528488366.308	,53.301,0.000000,0
7,aclnnMean_ReduceMeanAiCore_ReduceMean,N/A,N/A,1790932528488421.069	,72.001,1.449000,0
7,aclnnAdds_AddAiCore_Add,N/A,N/A,1790932528488494.030	,2.660,0.999000,0
7,aclnnRsqrt_RsqrtAiCore_Rsqrt,N/A,N/A,1790932528488496.710	,2.861,0.090000,0
7,aclnnMul_MulAiCore_Mul,N/A,N/A,1790932528488499.591	,73.281,0.000000,0
7,aclnnInplaceCopy_CastAiCore_Cast,N/A,N/A,1790932528488572.892	,43.261,0.219000,0
7,aclnnMul_MulAiCore_Mul,N/A,N/A,1790932528488616.173	,35.621,0.000000,0
7,aclnnMatmul_MatMulV3Common_MatMulV3,N/A,N/A,1790932528488651.834	,3485.089,0.000000,0
7,aclnnSilu_SliceAiCore_Slice,N/A,N/A,1790932528492136.963	,331.827,0.161000,0
7,aclnnSilu_SiluAiCore_Swish,N/A,N/A,1790932528492468.830	,321.526,0.000000,0
7,aclnnMul_SliceAiCore_Slice,N/A,N/A,1790932528492790.376	,306.966,0.224000,0
7,aclnnMul_MulAiCore_Mul,N/A,N/A,1790932528493097.362	,496.470,0.000000,0
7,aclnnMatmul_MatMulV3Common_MatMulV3,N/A,N/A,1790932528493593.852	,1747.195,0.030000,0
7,aclnnAdd_AddAiCore_Add,N/A,N/A,1790932528495341.067	,87.122,0.055000,0
7,aclnnAdd_AddAiCore_Add,N/A,N/A,1790932528495428.209	,68.581,0.128000,0
7,aclnnInplaceCopy_CastAiCore_Cast,N/A,N/A,1790932528495496.810	,35.641,0.000000,0
7,aclnnPowTensorScalar_PowsAiCore_Pows,N/A,N/A,1790932528495532.471	,54.141,0.109000,0
7,aclnnMean_ReduceMeanAiCore_ReduceMean,N/A,N/A,1790932528495587.872	,72.822,1.109000,0
7,aclnnAdds_AddAiCore_Add,N/A,N/A,1790932528495661.454	,2.720,0.928000,0
7,aclnnRsqrt_RsqrtAiCore_Rsqrt,N/A,N/A,1790932528495664.194	,2.720,0.030000,0
7,aclnnMul_MulAiCore_Mul,N/A,N/A,1790932528495666.934	,71.401,0.030000,0
7,aclnnInplaceCopy_CastAiCore_Cast,N/A,N/A,1790932528495738.355	,41.701,0.000000,0
7,aclnnMul_MulAiCore_Mul,N/A,N/A,1790932528495780.076	,42.061,0.049000,0
7,aclnnMatmul_MatMulV3Common_MatMulV3,N/A,N/A,1790932528495822.157	,1079.761,0.189000,0
7,aclnnInplaceCopy_SliceAiCore_Slice,N/A,N/A,1790932528496901.938	,95.362,0.000000,0
7,aclnnInplaceCopy_CastAiCore_Cast,N/A,N/A,1790932528496997.340	,83.722,0.000000,0
7,aclnnPowTensorScalar_PowsAiCore_Pows,N/A,N/A,1790932528497081.082	,140.103,0.028000,0
7,aclnnMean_ReduceMeanAiCore_ReduceMean,N/A,N/A,1790932528497222.365	,89.982,1.147000,0
7,aclnnAdds_AddAiCore_Add,N/A,N/A,1790932528497313.067	,6.960,0.768000,0
7,aclnnRsqrt_RsqrtAiCore_Rsqrt,N/A,N/A,1790932528497320.047	,8.600,0.040000,0
7,aclnnMul_MulAiCore_Mul,N/A,N/A,1790932528497328.667	,110.582,0.150000,0
7,aclnnInplaceCopy_CastAiCore_Cast,N/A,N/A,1790932528497439.269	,60.961,0.000000,0
7,aclnnMul_MulAiCore_Mul,N/A,N/A,1790932528497500.250	,59.702,0.039000,0
7,aclnnInplaceCopy_SliceAiCore_Slice,N/A,N/A,1790932528497559.992	,55.101,0.048000,0
7,aclnnInplaceCopy_CastAiCore_Cast,N/A,N/A,1790932528497615.113	,32.480,0.000000,0
7,aclnnPowTensorScalar_PowsAiCore_Pows,N/A,N/A,1790932528497647.613	,38.381,0.020000,0
7,aclnnMean_ReduceMeanAiCore_ReduceMean,N/A,N/A,1790932528497687.074	,29.501,1.119000,0
7,aclnnAdds_AddAiCore_Add,N/A,N/A,1790932528497717.475	,6.560,0.999000,0
7,aclnnRsqrt_RsqrtAiCore_Rsqrt,N/A,N/A,1790932528497724.055	,8.040,0.000000,0
7,aclnnMul_MulAiCore_Mul,N/A,N/A,1790932528497732.115	,37.261,0.000000,0
7,aclnnInplaceCopy_CastAiCore_Cast,N/A,N/A,1790932528497769.396	,16.920,0.239000,0
7,aclnnMul_MulAiCore_Mul,N/A,N/A,1790932528497786.336	,21.640,0.000000,0
7,aclnnMul_TransposeAiCore_Transpose,N/A,N/A,1790932528497807.996	,190.424,0.110000,0
7,aclnnMul_MulAiCore_Mul,N/A,N/A,1790932528497998.440	,61.962,0.076000,0
7,aclnnNeg_AsStridedAiCore_AsStrided,N/A,N/A,1790932528498060.422	,103.162,0.038000,0
7,aclnnNeg_NegAiCore_Neg,N/A,N/A,1790932528498163.604	,30.140,0.000000,0
7,aclnnCat_AsStridedAiCore_AsStrided,N/A,N/A,1790932528498193.784	,56.061,0.110000,0
7,aclnnCat_ConcatD_ConcatD,N/A,N/A,1790932528498249.885	,41.061,0.189000,0
7,aclnnMul_MulAiCore_Mul,N/A,N/A,1790932528498290.966	,52.561,0.000000,0
7,aclnnAdd_AddAiCore_Add,N/A,N/A,1790932528498343.547	,162.083,0.000000,0
7,aclnnMul_TransposeAiCore_Transpose,N/A,N/A,1790932528498505.650	,54.702,0.167000,0
7,aclnnMul_MulAiCore_Mul,N/A,N/A,1790932528498560.372	,17.320,0.000000,0
7,aclnnNeg_AsStridedAiCore_AsStrided,N/A,N/A,1790932528498577.712	,18.980,0.180000,0
7,aclnnNeg_NegAiCore_Neg,N/A,N/A,1790932528498596.712	,9.300,0.020000,0
7,aclnnCat_AsStridedAiCore_AsStrided,N/A,N/A,1790932528498606.052	,17.381,0.000000,0
7,aclnnCat_ConcatD_ConcatD,N/A,N/A,1790932528498623.453	,15.460,0.119000,0
7,aclnnMul_MulAiCore_Mul,N/A,N/A,1790932528498638.933	,17.280,0.040000,0
7,aclnnAdd_AddAiCore_Add,N/A,N/A,1790932528498656.233	,15.941,0.000000,0
7,aclnnInplaceCopy_AsStridedAiCore_AsStrided,N/A,N/A,1790932528498672.214	,39.301,0.059000,0
7,InnerPromptFlashAttention_PromptFlashAttention_PromptFlashAttention,N/A,N/A,1790932528498712.515	,1935.418,0.949000,0
7,aclnnInplaceCopy_TransposeAiCore_Transpose,N/A,N/A,1790932528500648.873	,158.523,0.832000,0
7,aclnnMatmul_MatMulV3Common_MatMulV3,N/A,N/A,1790932528500807.416	,715.615,0.227000,0
7,aclnnAdd_AddAiCore_Add,N/A,N/A,1790932528501523.051	,101.782,0.000000,0
7,aclnnInplaceCopy_CastAiCore_Cast,N/A,N/A,1790932528501624.853	,52.521,0.000000,0
7,aclnnPowTensorScalar_PowsAiCore_Pows,N/A,N/A,1790932528501677.394	,54.621,0.229000,0
7,aclnnMean_ReduceMeanAiCore_ReduceMean,N/A,N/A,1790932528501732.915	,72.181,0.879000,0
7,aclnnAdds_AddAiCore_Add,N/A,N/A,1790932528501805.876	,2.440,0.819000,0
7,aclnnRsqrt_RsqrtAiCore_Rsqrt,N/A,N/A,1790932528501808.356	,2.880,0.000000,0
7,aclnnMul_MulAiCore_Mul,N/A,N/A,1790932528501811.256	,70.982,0.120000,0
7,aclnnInplaceCopy_CastAiCore_Cast,N/A,N/A,1790932528501882.258	,41.921,0.018000,0
7,aclnnMul_MulAiCore_Mul,N/A,N/A,1790932528501924.199	,34.960,0.079000,0
7,aclnnMatmul_MatMulV3Common_MatMulV3,N/A,N/A,1790932528501959.179	,3477.030,0.040000,0
7,aclnnSilu_SliceAiCore_Slice,N/A,N/A,1790932528505436.229	,325.926,0.000000,0
7,aclnnSilu_SiluAiCore_Swish,N/A,N/A,1790932528505762.175	,324.227,0.074000,0
7,aclnnMul_SliceAiCore_Slice,N/A,N/A,1790932528506086.422	,307.126,0.023000,0
7,aclnnMul_MulAiCore_Mul,N/A,N/A,1790932528506393.568	,497.890,0.000000,0
7,aclnnMatmul_MatMulV3Common_MatMulV3,N/A,N/A,1790932528506891.478	,1747.735,0.110000,0
7,aclnnAdd_AddAiCore_Add,N/A,N/A,1790932528508639.253	,86.862,0.015000,0
7,aclnnInplaceCopy_CastAiCore_Cast,N/A,N/A,1790932528508726.135	,35.940,0.138000,0
7,aclnnPowTensorScalar_PowsAiCore_Pows,N/A,N/A,1790932528508762.115	,51.401,0.000000,0
7,aclnnMean_ReduceMeanAiCore_ReduceMean,N/A,N/A,1790932528508814.856	,72.922,1.349000,0
7,aclnnAdds_AddAiCore_Add,N/A,N/A,1790932528508888.998	,2.640,1.328000,0
7,aclnnRsqrt_RsqrtAiCore_Rsqrt,N/A,N/A,1790932528508891.678	,2.700,0.110000,0
7,aclnnMul_MulAiCore_Mul,N/A,N/A,1790932528508894.398	,71.661,0.050000,0
7,aclnnInplaceCopy_CastAiCore_Cast,N/A,N/A,1790932528508966.079	,41.161,0.000000,0
7,aclnnMul_MulAiCore_Mul,N/A,N/A,1790932528509007.260	,40.541,0.089000,0
7,aclnnMatmul_MatMulV3Common_MatMulV3,N/A,N/A,1790932528509047.821	,1059.781,0.000000,0
7,aclnnInplaceCopy_SliceAiCore_Slice,N/A,N/A,1790932528510107.622	,93.002,0.000000,0
7,aclnnInplaceCopy_CastAiCore_Cast,N/A,N/A,1790932528510200.644	,85.842,0.248000,0
7,aclnnPowTensorScalar_PowsAiCore_Pows,N/A,N/A,1790932528510286.506	,135.343,0.000000,0
7,aclnnMean_ReduceMeanAiCore_ReduceMean,N/A,N/A,1790932528510422.949	,88.281,1.157000,0
7,aclnnAdds_AddAiCore_Add,N/A,N/A,1790932528510512.310	,7.040,0.969000,0
7,aclnnRsqrt_RsqrtAiCore_Rsqrt,N/A,N/A,1790932528510519.370	,8.761,0.000000,0
7,aclnnMul_MulAiCore_Mul,N/A,N/A,1790932528510528.151	,111.682,0.239000,0
7,aclnnInplaceCopy_CastAiCore_Cast,N/A,N/A,1790932528510639.853	,59.901,0.000000,0
7,aclnnMul_MulAiCore_Mul,N/A,N/A,1790932528510699.774	,59.161,0.099000,0
7,aclnnInplaceCopy_SliceAiCore_Slice,N/A,N/A,1790932528510758.955	,56.441,0.089000,0
7,aclnnInplaceCopy_CastAiCore_Cast,N/A,N/A,1790932528510815.416	,32.521,0.059000,0
7,aclnnPowTensorScalar_PowsAiCore_Pows,N/A,N/A,1790932528510847.957	,38.581,0.000000,0
7,aclnnMean_ReduceMeanAiCore_ReduceMean,N/A,N/A,1790932528510887.498	,29.600,0.919000,0
7,aclnnAdds_AddAiCore_Add,N/A,N/A,1790932528510917.858	,6.621,0.650000,0
7,aclnnRsqrt_RsqrtAiCore_Rsqrt,N/A,N/A,1790932528510924.499	,7.980,0.129000,0
7,aclnnMul_MulAiCore_Mul,N/A,N/A,1790932528510932.499	,37.680,0.020000,0
7,aclnnInplaceCopy_CastAiCore_Cast,N/A,N/A,1790932528510970.199	,16.541,0.070000,0
7,aclnnMul_MulAiCore_Mul,N/A,N/A,1790932528510986.760	,21.600,0.000000,0
7,aclnnMul_TransposeAiCore_Transpose,N/A,N/A,1790932528511008.380	,189.964,0.150000,0
7,aclnnMul_MulAiCore_Mul,N/A,N/A,1790932528511198.364	,63.001,0.000000,0
7,aclnnNeg_AsStridedAiCore_AsStrided,N/A,N/A,1790932528511261.385	,107.542,0.249000,0
7,aclnnNeg_NegAiCore_Neg,N/A,N/A,1790932528511368.947	,30.521,0.000000,0
7,aclnnCat_AsStridedAiCore_AsStrided,N/A,N/A,1790932528511399.488	,54.701,0.000000,0
7,aclnnCat_ConcatD_ConcatD,N/A,N/A,1790932528511454.209	,41.521,0.049000,0
7,aclnnMul_MulAiCore_Mul,N/A,N/A,1790932528511495.750	,53.081,0.000000,0
7,aclnnAdd_AddAiCore_Add,N/A,N/A,1790932528511548.851	,161.123,0.000000,0
7,aclnnMul_TransposeAiCore_Transpose,N/A,N/A,1790932528511709.994	,53.281,0.127000,0
7,aclnnMul_MulAiCore_Mul,N/A,N/A,1790932528511763.315	,16.381,0.000000,0
7,aclnnNeg_AsStridedAiCore_AsStrided,N/A,N/A,1790932528511779.716	,19.600,0.119000,0
7,aclnnNeg_NegAiCore_Neg,N/A,N/A,1790932528511799.336	,9.220,0.000000,0
7,aclnnCat_AsStridedAiCore_AsStrided,N/A,N/A,1790932528511808.576	,17.601,0.030000,0
7,aclnnCat_ConcatD_ConcatD,N/A,N/A,1790932528511826.217	,15.740,0.149000,0
7,aclnnMul_MulAiCore_Mul,N/A,N/A,1790932528511841.977	,20.080,0.010000,0
7,aclnnAdd_AddAiCore_Add,N/A,N/A,1790932528511862.077	,15.061,0.000000,0
7,aclnnInplaceCopy_AsStridedAiCore_AsStrided,N/A,N/A,1790932528511877.178	,40.080,0.189000,0
7,InnerPromptFlashAttention_PromptFlashAttention_PromptFlashAttention,N/A,N/A,1790932528511918.158	,1916.659,0.920000,0
7,aclnnInplaceCopy_TransposeAiCore_Transpose,N/A,N/A,1790932528513835.757	,158.023,0.841000,0
7,aclnnMatmul_MatMulV3Common_MatMulV3,N/A,N/A,1790932528513993.800	,711.354,0.000000,0
7,aclnnAdd_AddAiCore_Add,N/A,N/A,1790932528514705.174	,103.142,0.146000,0
7,aclnnInplaceCopy_CastAiCore_Cast,N/A,N/A,1790932528514808.336	,53.321,0.000000,0
7,aclnnPowTensorScalar_PowsAiCore_Pows,N/A,N/A,1790932528514861.677	,53.961,0.179000,0
7,aclnnMean_ReduceMeanAiCore_ReduceMean,N/A,N/A,1790932528514916.698	,71.862,1.039000,0
7,aclnnAdds_AddAiCore_Add,N/A,N/A,1790932528514989.620	,2.460,0.888000,0
7,aclnnRsqrt_RsqrtAiCore_Rsqrt,N/A,N/A,1790932528514992.100	,2.860,0.040000,0
7,aclnnMul_MulAiCore_Mul,N/A,N/A,1790932528514994.980	,71.661,0.140000,0
7,aclnnInplaceCopy_CastAiCore_Cast,N/A,N/A,1790932528515066.661	,41.401,0.089000,0
7,aclnnMul_MulAiCore_Mul,N/A,N/A,1790932528515108.082	,41.241,0.000000,0
7,aclnnMatmul_MatMulV3Common_MatMulV3,N/A,N/A,1790932528515149.343	,3492.350,0.009000,0
7,aclnnSilu_SliceAiCore_Slice,N/A,N/A,1790932528518641.713	,328.866,0.150000,0
7,aclnnSilu_SiluAiCore_Swish,N/A,N/A,1790932528518970.619	,321.387,0.000000,0
7,aclnnMul_SliceAiCore_Slice,N/A,N/A,1790932528519292.026	,306.546,0.113000,0
7,aclnnMul_MulAiCore_Mul,N/A,N/A,1790932528519598.592	,512.130,0.000000,0
7,aclnnMatmul_MatMulV3Common_MatMulV3,N/A,N/A,1790932528520110.742	,1737.455,0.120000,0
7,aclnnAdd_AddAiCore_Add,N/A,N/A,1790932528521848.237	,87.342,0.045000,0
7,aclnnInplaceCopy_CastAiCore_Cast,N/A,N/A,1790932528521935.599	,34.940,0.000000,0
7,aclnnPowTensorScalar_PowsAiCore_Pows,N/A,N/A,1790932528521970.559	,51.701,0.060000,0
7,aclnnMean_ReduceMeanAiCore_ReduceMean,N/A,N/A,1790932528522023.540	,73.102,1.299000,0
7,aclnnAdds_AddAiCore_Add,N/A,N/A,1790932528522097.782	,2.660,1.148000,0
7,aclnnRsqrt_RsqrtAiCore_Rsqrt,N/A,N/A,1790932528522100.462	,2.760,0.090000,0
7,aclnnMul_MulAiCore_Mul,N/A,N/A,1790932528522103.242	,72.361,0.000000,0
7,aclnnInplaceCopy_CastAiCore_Cast,N/A,N/A,1790932528522175.643	,41.361,0.139000,0
7,aclnnMul_MulAiCore_Mul,N/A,N/A,1790932528522217.024	,40.581,0.000000,0
7,aclnnMatmul_MatMulV3Common_MatMulV3,N/A,N/A,1790932528522257.625	,1077.542,0.000000,0
7,aclnnInplaceCopy_SliceAiCore_Slice,N/A,N/A,1790932528523335.187	,95.061,0.208000,0
7,aclnnInplaceCopy_CastAiCore_Cast,N/A,N/A,1790932528523430.268	,84.502,0.000000,0
7,aclnnPowTensorScalar_PowsAiCore_Pows,N/A,N/A,1790932528523514.790	,141.963,0.000000,0
7,aclnnMean_ReduceMeanAiCore_ReduceMean,N/A,N/A,1790932528523657.873	,90.542,1.037000,0
7,aclnnAdds_AddAiCore_Add,N/A,N/A,1790932528523749.255	,7.080,0.958000,0
7,aclnnRsqrt_RsqrtAiCore_Rsqrt,N/A,N/A,1790932528523756.355	,8.660,0.000000,0
7,aclnnMul_MulAiCore_Mul,N/A,N/A,1790932528523765.035	,112.982,0.090000,0
7,aclnnInplaceCopy_CastAiCore_Cast,N/A,N/A,1790932528523878.057	,60.522,0.018000,0
7,aclnnMul_MulAiCore_Mul,N/A,N/A,1790932528523938.599	,60.741,0.000000,0
7,aclnnInplaceCopy_SliceAiCore_Slice,N/A,N/A,1790932528523999.360	,56.061,0.009000,0
7,aclnnInplaceCopy_CastAiCore_Cast,N/A,N/A,1790932528524055.441	,33.201,0.189000,0
7,aclnnPowTensorScalar_PowsAiCore_Pows,N/A,N/A,1790932528524088.662	,38.720,0.049000,0
7,aclnnMean_ReduceMeanAiCore_ReduceMean,N/A,N/A,1790932528524128.462	,29.421,1.030000,0
7,aclnnAdds_AddAiCore_Add,N/A,N/A,1790932528524158.823	,6.980,0.829000,0
7,aclnnRsqrt_RsqrtAiCore_Rsqrt,N/A,N/A,1790932528524165.823	,8.080,0.020000,0
7,aclnnMul_MulAiCore_Mul,N/A,N/A,1790932528524173.943	,37.941,0.170000,0
7,aclnnInplaceCopy_CastAiCore_Cast,N/A,N/A,1790932528524211.904	,16.840,0.059000,0
7,aclnnMul_MulAiCore_Mul,N/A,N/A,1790932528524228.784	,21.821,0.000000,0
7,aclnnMul_TransposeAiCore_Transpose,N/A,N/A,1790932528524250.625	,189.764,0.000000,0
7,aclnnMul_MulAiCore_Mul,N/A,N/A,1790932528524440.409	,64.521,0.236000,0
7,aclnnNeg_AsStridedAiCore_AsStrided,N/A,N/A,1790932528524504.970	,103.722,0.000000,0
7,aclnnNeg_NegAiCore_Neg,N/A,N/A,1790932528524608.712	,30.441,0.028000,0
7,aclnnCat_AsStridedAiCore_AsStrided,N/A,N/A,1790932528524639.173	,56.481,0.059000,0
7,aclnnCat_ConcatD_ConcatD,N/A,N/A,1790932528524695.694	,41.721,0.019000,0
7,aclnnMul_MulAiCore_Mul,N/A,N/A,1790932528524737.435	,52.541,0.029000,0
7,aclnnAdd_AddAiCore_Add,N/A,N/A,1790932528524789.996	,162.183,0.000000,0
7,aclnnMul_TransposeAiCore_Transpose,N/A,N/A,1790932528524952.219	,56.681,0.067000,0
7,aclnnMul_MulAiCore_Mul,N/A,N/A,1790932528525008.920	,16.840,0.069000,0
7,aclnnNeg_AsStridedAiCore_AsStrided,N/A,N/A,1790932528525025.800	,18.021,0.000000,0
7,aclnnNeg_NegAiCore_Neg,N/A,N/A,1790932528525043.861	,9.300,0.000000,0
7,aclnnCat_AsStridedAiCore_AsStrided,N/A,N/A,1790932528525053.181	,18.020,0.200000,0
7,aclnnCat_ConcatD_ConcatD,N/A,N/A,1790932528525071.221	,15.441,0.000000,0
7,aclnnMul_MulAiCore_Mul,N/A,N/A,1790932528525086.682	,17.260,0.059000,0
7,aclnnAdd_AddAiCore_Add,N/A,N/A,1790932528525103.962	,15.780,0.000000,0
7,aclnnInplaceCopy_AsStridedAiCore_AsStrided,N/A,N/A,1790932528525119.762	,39.321,0.000000,0
7,InnerPromptFlashAttention_PromptFlashAttention_PromptFlashAttention,N/A,N/A,1790932528525160.183	,1910.798,1.179000,0
7,aclnnInplaceCopy_TransposeAiCore_Transpose,N/A,N/A,1790932528527072.141	,158.843,1.202000,0
7,aclnnMatmul_MatMulV3Common_MatMulV3,N/A,N/A,1790932528527231.004	,713.115,0.000000,0
7,aclnnAdd_AddAiCore_Add,N/A,N/A,1790932528527944.139	,102.022,0.135000,0
7,aclnnInplaceCopy_CastAiCore_Cast,N/A,N/A,1790932528528046.181	,53.221,0.000000,0
7,aclnnPowTensorScalar_PowsAiCore_Pows,N/A,N/A,1790932528528099.422	,58.161,0.029000,0
7,aclnnMean_ReduceMeanAiCore_ReduceMean,N/A,N/A,1790932528528158.603	,71.841,0.839000,0
7,aclnnAdds_AddAiCore_Add,N/A,N/A,1790932528528231.564	,2.420,1.159000,0
7,aclnnRsqrt_RsqrtAiCore_Rsqrt,N/A,N/A,1790932528528234.004	,2.940,0.080000,0
7,aclnnMul_MulAiCore_Mul,N/A,N/A,1790932528528236.964	,72.682,0.060000,0
7,aclnnInplaceCopy_CastAiCore_Cast,N/A,N/A,1790932528528309.666	,41.681,0.068000,0
7,aclnnMul_MulAiCore_Mul,N/A,N/A,1790932528528351.367	,34.920,0.000000,0
7,aclnnMatmul_MatMulV3Common_MatMulV3,N/A,N/A,1790932528528386.327	,3474.770,0.080000,0
7,aclnnSilu_SliceAiCore_Slice,N/A,N/A,1790932528531861.117	,325.086,0.000000,0
7,aclnnSilu_SiluAiCore_Swish,N/A,N/A,1790932528532186.243	,320.467,0.164000,0
7,aclnnMul_SliceAiCore_Slice,N/A,N/A,1790932528532506.730	,308.246,0.033000,0
7,aclnnMul_MulAiCore_Mul,N/A,N/A,1790932528532815.016	,496.890,0.004000,0
7,aclnnMatmul_MatMulV3Common_MatMulV3,N/A,N/A,1790932528533311.926	,1753.715,0.110000,0
7,aclnnAdd_AddAiCore_Add,N/A,N/A,1790932528535065.661	,86.822,0.035000,0
7,aclnnInplaceCopy_CastAiCore_Cast,N/A,N/A,1790932528535152.503	,36.000,0.000000,0
7,aclnnPowTensorScalar_PowsAiCore_Pows,N/A,N/A,1790932528535188.523	,51.821,0.000000,0
7,aclnnMean_ReduceMeanAiCore_ReduceMean,N/A,N/A,1790932528535241.504	,73.182,1.179000,0
7,aclnnAdds_AddAiCore_Add,N/A,N/A,1790932528535315.626	,2.480,1.068000,0
7,aclnnRsqrt_RsqrtAiCore_Rsqrt,N/A,N/A,1790932528535318.146	,2.780,0.020000,0
7,aclnnMul_MulAiCore_Mul,N/A,N/A,1790932528535320.946	,72.001,0.000000,0
7,aclnnInplaceCopy_CastAiCore_Cast,N/A,N/A,1790932528535392.967	,41.441,0.000000,0
7,aclnnMul_MulAiCore_Mul,N/A,N/A,1790932528535434.428	,41.341,0.059000,0
7,aclnnMatmul_MatMulV3Common_MatMulV3,N/A,N/A,1790932528535475.789	,1068.581,0.000000,0
7,aclnnInplaceCopy_SliceAiCore_Slice,N/A,N/A,1790932528536544.390	,93.182,0.169000,0
7,aclnnInplaceCopy_CastAiCore_Cast,N/A,N/A,1790932528536637.592	,85.682,0.000000,0
7,aclnnPowTensorScalar_PowsAiCore_Pows,N/A,N/A,1790932528536723.294	,138.323,0.068000,0
7,aclnnMean_ReduceMeanAiCore_ReduceMean,N/A,N/A,1790932528536862.937	,88.282,1.427000,0
7,aclnnAdds_AddAiCore_Add,N/A,N/A,1790932528536952.319	,7.120,0.968000,0
7,aclnnRsqrt_RsqrtAiCore_Rsqrt,N/A,N/A,1790932528536959.459	,8.720,0.130000,0
7,aclnnMul_MulAiCore_Mul,N/A,N/A,1790932528536968.199	,111.462,0.030000,0
7,aclnnInplaceCopy_CastAiCore_Cast,N/A,N/A,1790932528537079.681	,60.121,0.038000,0
7,aclnnMul_MulAiCore_Mul,N/A,N/A,1790932528537139.822	,60.762,0.000000,0
7,aclnnInplaceCopy_SliceAiCore_Slice,N/A,N/A,1790932528537200.624	,56.021,0.000000,0
7,aclnnInplaceCopy_CastAiCore_Cast,N/A,N/A,1790932528537256.685	,32.700,0.229000,0
7,aclnnPowTensorScalar_PowsAiCore_Pows,N/A,N/A,1790932528537289.405	,38.141,0.050000,0
7,aclnnMean_ReduceMeanAiCore_ReduceMean,N/A,N/A,1790932528537328.466	,29.441,0.859000,0
7,aclnnAdds_AddAiCore_Add,N/A,N/A,1790932528537358.827	,6.620,0.809000,0
7,aclnnRsqrt_RsqrtAiCore_Rsqrt,N/A,N/A,1790932528537365.467	,8.040,0.130000,0
7,aclnnMul_MulAiCore_Mul,N/A,N/A,1790932528537373.547	,37.041,0.000000,0
7,aclnnInplaceCopy_CastAiCore_Cast,N/A,N/A,1790932528537410.628	,17.180,0.209000,0
7,aclnnMul_MulAiCore_Mul,N/A,N/A,1790932528537427.828	,21.681,0.000000,0
7,aclnnMul_TransposeAiCore_Transpose,N/A,N/A,1790932528537449.529	,185.703,0.069000,0
7,aclnnMul_MulAiCore_Mul,N/A,N/A,1790932528537635.252	,63.081,0.047000,0
7,aclnnNeg_AsStridedAiCore_AsStrided,N/A,N/A,1790932528537698.353	,103.903,0.000000,0
7,aclnnNeg_NegAiCore_Neg,N/A,N/A,1790932528537802.276	,30.440,0.097000,0
7,aclnnCat_AsStridedAiCore_AsStrided,N/A,N/A,1790932528537832.736	,53.821,0.060000,0
7,aclnnCat_ConcatD_ConcatD,N/A,N/A,1790932528537886.577	,41.421,0.000000,0
7,aclnnMul_MulAiCore_Mul,N/A,N/A,1790932528537928.018	,54.681,0.079000,0
7,aclnnAdd_AddAiCore_Add,N/A,N/A,1790932528537982.719	,161.363,0.069000,0
7,aclnnMul_TransposeAiCore_Transpose,N/A,N/A,1790932528538144.102	,53.821,0.000000,0
7,aclnnMul_MulAiCore_Mul,N/A,N/A,1790932528538197.943	,17.021,0.179000,0
7,aclnnNeg_AsStridedAiCore_AsStrided,N/A,N/A,1790932528538214.984	,18.400,0.000000,0
7,aclnnNeg_NegAiCore_Neg,N/A,N/A,1790932528538233.404	,9.180,0.100000,0
7,aclnnCat_AsStridedAiCore_AsStrided,N/A,N/A,1790932528538242.604	,18.041,0.000000,0
7,aclnnCat_ConcatD_ConcatD,N/A,N/A,1790932528538260.665	,14.980,0.209000,0
7,aclnnMul_MulAiCore_Mul,N/A,N/A,1790932528538275.665	,17.700,0.020000,0
7,aclnnAdd_AddAiCore_Add,N/A,N/A,1790932528538293.385	,15.521,0.050000,0
7,aclnnInplaceCopy_AsStridedAiCore_AsStrided,N/A,N/A,1790932528538308.926	,39.800,0.000000,0
7,InnerPromptFlashAttention_PromptFlashAttention_PromptFlashAttention,N/A,N/A,1790932528538350.067	,1915.358,1.200000,0
7,aclnnInplaceCopy_TransposeAiCore_Transpose,N/A,N/A,1790932528540266.565	,157.623,1.142000,0
7,aclnnMatmul_MatMulV3Common_MatMulV3,N/A,N/A,1790932528540424.208	,709.774,0.127000,0
7,aclnnAdd_AddAiCore_Add,N/A,N/A,1790932528541134.022	,103.462,0.000000,0
7,aclnnInplaceCopy_CastAiCore_Cast,N/A,N/A,1790932528541237.524	,52.921,0.038000,0
7,aclnnPowTensorScalar_PowsAiCore_Pows,N/A,N/A,1790932528541290.485	,53.361,0.079000,0
7,aclnnMean_ReduceMeanAiCore_ReduceMean,N/A,N/A,1790932528541345.306	,72.402,1.389000,0
7,aclnnAdds_AddAiCore_Add,N/A,N/A,1790932528541418.868	,2.440,1.098000,0
7,aclnnRsqrt_RsqrtAiCore_Rsqrt,N/A,N/A,1790932528541421.348	,2.700,0.060000,0
7,aclnnMul_MulAiCore_Mul,N/A,N/A,1790932528541424.088	,73.501,0.050000,0
7,aclnnInplaceCopy_CastAiCore_Cast,N/A,N/A,1790932528541497.629	,41.501,0.249000,0
7,aclnnMul_MulAiCore_Mul,N/A,N/A,1790932528541539.150	,40.981,0.000000,0
7,aclnnMatmul_MatMulV3Common_MatMulV3,N/A,N/A,1790932528541580.151	,3482.570,0.019000,0
7,aclnnSilu_SliceAiCore_Slice,N/A,N/A,1790932528545062.761	,330.146,0.000000,0
7,aclnnSilu_SiluAiCore_Swish,N/A,N/A,1790932528545392.927	,321.527,0.104000,0
7,aclnnMul_SliceAiCore_Slice,N/A,N/A,1790932528545714.474	,307.126,0.000000,0
7,aclnnMul_MulAiCore_Mul,N/A,N/A,1790932528546021.640	,511.230,0.124000,0
7,aclnnMatmul_MatMulV3Common_MatMulV3,N/A,N/A,1790932528546532.890	,1731.935,0.020000,0
7,aclnnAdd_AddAiCore_Add,N/A,N/A,1790932528548264.845	,87.181,0.000000,0
7,aclnnInplaceCopy_CastAiCore_Cast,N/A,N/A,1790932528548352.046	,36.781,0.069000,0
7,aclnnPowTensorScalar_PowsAiCore_Pows,N/A,N/A,1790932528548388.847	,50.441,0.000000,0
7,aclnnMean_ReduceMeanAiCore_ReduceMean,N/A,N/A,1790932528548440.288	,72.382,1.059000,0
7,aclnnAdds_AddAiCore_Add,N/A,N/A,1790932528548513.830	,2.400,1.118000,0
7,aclnnRsqrt_RsqrtAiCore_Rsqrt,N/A,N/A,1790932528548516.250	,2.860,0.100000,0
7,aclnnMul_MulAiCore_Mul,N/A,N/A,1790932528548519.130	,72.381,0.140000,0
7,aclnnInplaceCopy_CastAiCore_Cast,N/A,N/A,1790932528548591.531	,41.721,0.000000,0
7,aclnnMul_MulAiCore_Mul,N/A,N/A,1790932528548633.272	,41.141,0.029000,0
7,aclnnMatmul_MatMulV3Common_MatMulV3,N/A,N/A,1790932528548674.433	,1061.641,0.109000,0
7,aclnnInplaceCopy_SliceAiCore_Slice,N/A,N/A,1790932528549736.094	,94.562,0.000000,0
7,aclnnInplaceCopy_CastAiCore_Cast,N/A,N/A,1790932528549830.696	,86.462,0.188000,0
7,aclnnPowTensorScalar_PowsAiCore_Pows,N/A,N/A,1790932528549917.178	,138.782,0.038000,0
7,aclnnMean_ReduceMeanAiCore_ReduceMean,N/A,N/A,1790932528550056.840	,89.522,0.718000,0
7,aclnnAdds_AddAiCore_Add,N/A,N/A,1790932528550147.482	,7.520,1.228000,0
7,aclnnRsqrt_RsqrtAiCore_Rsqrt,N/A,N/A,1790932528550155.022	,8.701,0.000000,0
7,aclnnMul_MulAiCore_Mul,N/A,N/A,1790932528550163.763	,110.702,0.049000,0
7,aclnnInplaceCopy_CastAiCore_Cast,N/A,N/A,1790932528550274.485	,60.141,0.048000,0
7,aclnnMul_MulAiCore_Mul,N/A,N/A,1790932528550334.646	,60.561,0.109000,0
7,aclnnInplaceCopy_SliceAiCore_Slice,N/A,N/A,1790932528550395.227	,56.101,0.000000,0
7,aclnnInplaceCopy_CastAiCore_Cast,N/A,N/A,1790932528550451.348	,32.701,0.000000,0
7,aclnnPowTensorScalar_PowsAiCore_Pows,N/A,N/A,1790932528550484.069	,38.461,0.049000,0
7,aclnnMean_ReduceMeanAiCore_ReduceMean,N/A,N/A,1790932528550523.850	,29.560,1.289000,0
7,aclnnAdds_AddAiCore_Add,N/A,N/A,1790932528550554.210	,6.560,0.940000,0
7,aclnnRsqrt_RsqrtAiCore_Rsqrt,N/A,N/A,1790932528550560.790	,8.181,0.000000,0
7,aclnnMul_MulAiCore_Mul,N/A,N/A,1790932528550568.991	,37.140,0.069000,0
7,aclnnInplaceCopy_CastAiCore_Cast,N/A,N/A,1790932528550606.151	,16.781,0.110000,0
7,aclnnMul_MulAiCore_Mul,N/A,N/A,1790932528550622.952	,21.300,0.000000,0
7,aclnnMul_TransposeAiCore_Transpose,N/A,N/A,1790932528550644.272	,187.444,0.000000,0
7,aclnnMul_MulAiCore_Mul,N/A,N/A,1790932528550831.756	,62.461,0.056000,0
7,aclnnNeg_AsStridedAiCore_AsStrided,N/A,N/A,1790932528550894.257	,105.522,0.039000,0
7,aclnnNeg_NegAiCore_Neg,N/A,N/A,1790932528550999.799	,30.761,0.000000,0
7,aclnnCat_AsStridedAiCore_AsStrided,N/A,N/A,1790932528551030.580	,57.181,0.000000,0
7,aclnnCat_ConcatD_ConcatD,N/A,N/A,1790932528551087.781	,42.001,0.069000,0
7,aclnnMul_MulAiCore_Mul,N/A,N/A,1790932528551129.802	,52.361,0.000000,0
7,aclnnAdd_AddAiCore_Add,N/A,N/A,1790932528551182.183	,161.683,0.139000,0
7,aclnnMul_TransposeAiCore_Transpose,N/A,N/A,1790932528551343.886	,55.781,0.067000,0
7,aclnnMul_MulAiCore_Mul,N/A,N/A,1790932528551399.687	,16.941,0.000000,0
7,aclnnNeg_AsStridedAiCore_AsStrided,N/A,N/A,1790932528551416.648	,18.420,0.059000,0
7,aclnnNeg_NegAiCore_Neg,N/A,N/A,1790932528551435.088	,9.500,0.000000,0
7,aclnnCat_AsStridedAiCore_AsStrided,N/A,N/A,1790932528551444.608	,17.460,0.000000,0
7,aclnnCat_ConcatD_ConcatD,N/A,N/A,1790932528551462.088	,15.721,0.040000,0
7,aclnnMul_MulAiCore_Mul,N/A,N/A,1790932528551477.849	,16.960,0.029000,0
7,aclnnAdd_AddAiCore_Add,N/A,N/A,1790932528551494.829	,15.400,0.040000,0
7,aclnnInplaceCopy_AsStridedAiCore_AsStrided,N/A,N/A,1790932528551510.269	,40.061,0.100000,0
7,InnerPromptFlashAttention_PromptFlashAttention_PromptFlashAttention,N/A,N/A,1790932528551551.650	,1930.099,1.439000,0
7,aclnnInplaceCopy_TransposeAiCore_Transpose,N/A,N/A,1790932528553482.549	,158.163,0.651000,0
7,aclnnMatmul_MatMulV3Common_MatMulV3,N/A,N/A,1790932528553640.732	,711.534,0.087000,0
7,aclnnAdd_AddAiCore_Add,N/A,N/A,1790932528554352.286	,102.142,0.000000,0
7,aclnnInplaceCopy_CastAiCore_Cast,N/A,N/A,1790932528554454.448	,53.081,0.108000,0
7,aclnnPowTensorScalar_PowsAiCore_Pows,N/A,N/A,1790932528554507.549	,54.941,0.000000,0
7,aclnnMean_ReduceMeanAiCore_ReduceMean,N/A,N/A,1790932528554563.830	,71.422,1.309000,0
7,aclnnAdds_AddAiCore_Add,N/A,N/A,1790932528554636.192	,2.660,1.078000,0
7,aclnnRsqrt_RsqrtAiCore_Rsqrt,N/A,N/A,1790932528554638.892	,2.940,0.090000,0
7,aclnnMul_MulAiCore_Mul,N/A,N/A,1790932528554641.872	,73.601,0.000000,0
7,aclnnInplaceCopy_CastAiCore_Cast,N/A,N/A,1790932528554715.493	,41.861,0.149000,0
7,aclnnMul_MulAiCore_Mul,N/A,N/A,1790932528554757.394	,35.501,0.139000,0
7,aclnnMatmul_MatMulV3Common_MatMulV3,N/A,N/A,1790932528554792.915	,3478.250,0.000000,0
7,aclnnSilu_SliceAiCore_Slice,N/A,N/A,1790932528558271.185	,325.286,0.000000,0
7,aclnnSilu_SiluAiCore_Swish,N/A,N/A,1790932528558596.491	,321.506,0.000000,0
7,aclnnMul_SliceAiCore_Slice,N/A,N/A,1790932528558918.037	,306.867,0.000000,0
7,aclnnMul_MulAiCore_Mul,N/A,N/A,1790932528559224.924	,498.890,0.133000,0
7,aclnnMatmul_MatMulV3Common_MatMulV3,N/A,N/A,1790932528559723.854	,1759.215,0.000000,0
7,aclnnAdd_AddAiCore_Add,N/A,N/A,1790932528561483.109	,87.301,0.035000,0
7,aclnnInplaceCopy_CastAiCore_Cast,N/A,N/A,1790932528561570.450	,34.901,0.199000,0
7,aclnnPowTensorScalar_PowsAiCore_Pows,N/A,N/A,1790932528561605.371	,51.261,0.000000,0
7,aclnnMean_ReduceMeanAiCore_ReduceMean,N/A,N/A,1790932528561658.072	,73.242,1.489000,0
7,aclnnAdds_AddAiCore_Add,N/A,N/A,1790932528561732.314	,2.460,1.008000,0
7,aclnnRsqrt_RsqrtAiCore_Rsqrt,N/A,N/A,1790932528561734.814	,2.920,0.040000,0
7,aclnnMul_MulAiCore_Mul,N/A,N/A,1790932528561737.754	,73.141,0.080000,0
7,aclnnInplaceCopy_CastAiCore_Cast,N/A,N/A,1790932528561810.915	,40.961,0.109000,0
7,aclnnMul_MulAiCore_Mul,N/A,N/A,1790932528561851.896	,40.681,0.039000,0
7,aclnnMatmul_MatMulV3Common_MatMulV3,N/A,N/A,1790932528561892.597	,1065.521,0.000000,0
7,aclnnInplaceCopy_SliceAiCore_Slice,N/A,N/A,1790932528562958.138	,93.442,0.229000,0
7,aclnnInplaceCopy_CastAiCore_Cast,N/A,N/A,1790932528563051.600	,85.202,0.000000,0
7,aclnnPowTensorScalar_PowsAiCore_Pows,N/A,N/A,1790932528563136.822	,140.263,0.048000,0
7,aclnnMean_ReduceMeanAiCore_ReduceMean,N/A,N/A,1790932528563278.205	,90.761,1.237000,0
7,aclnnAdds_AddAiCore_Add,N/A,N/A,1790932528563370.026	,7.001,0.989000,0
7,aclnnRsqrt_RsqrtAiCore_Rsqrt,N/A,N/A,1790932528563377.047	,8.700,0.000000,0
7,aclnnMul_MulAiCore_Mul,N/A,N/A,1790932528563385.767	,114.102,0.050000,0
7,aclnnInplaceCopy_CastAiCore_Cast,N/A,N/A,1790932528563499.889	,61.301,0.148000,0
7,aclnnMul_MulAiCore_Mul,N/A,N/A,1790932528563561.210	,59.281,0.000000,0
7,aclnnInplaceCopy_SliceAiCore_Slice,N/A,N/A,1790932528563620.531	,55.782,0.000000,0
7,aclnnInplaceCopy_CastAiCore_Cast,N/A,N/A,1790932528563676.333	,32.000,0.000000,0
7,aclnnPowTensorScalar_PowsAiCore_Pows,N/A,N/A,1790932528563708.353	,38.261,0.000000,0
7,aclnnMean_ReduceMeanAiCore_ReduceMean,N/A,N/A,1790932528563747.714	,29.701,1.239000,0
7,aclnnAdds_AddAiCore_Add,N/A,N/A,1790932528563778.095	,6.560,0.549000,0
7,aclnnRsqrt_RsqrtAiCore_Rsqrt,N/A,N/A,1790932528563784.695	,7.940,0.190000,0
7,aclnnMul_MulAiCore_Mul,N/A,N/A,1790932528563792.655	,37.681,0.060000,0
7,aclnnInplaceCopy_CastAiCore_Cast,N/A,N/A,1790932528563830.356	,16.780,0.000000,0
7,aclnnMul_MulAiCore_Mul,N/A,N/A,1790932528563847.176	,21.580,0.220000,0
7,aclnnMul_TransposeAiCore_Transpose,N/A,N/A,1790932528563868.776	,188.224,0.000000,0
7,aclnnMul_MulAiCore_Mul,N/A,N/A,1790932528564057.020	,61.741,0.026000,0
7,aclnnNeg_AsStridedAiCore_AsStrided,N/A,N/A,1790932528564118.781	,102.442,0.009000,0
7,aclnnNeg_NegAiCore_Neg,N/A,N/A,1790932528564221.243	,30.541,0.058000,0
7,aclnnCat_AsStridedAiCore_AsStrided,N/A,N/A,1790932528564251.824	,56.161,0.000000,0
7,aclnnCat_ConcatD_ConcatD,N/A,N/A,1790932528564308.005	,41.741,0.089000,0
7,aclnnMul_MulAiCore_Mul,N/A,N/A,1790932528564349.766	,52.241,0.009000,0
7,aclnnAdd_AddAiCore_Add,N/A,N/A,1790932528564402.027	,161.163,0.009000,0
7,aclnnMul_TransposeAiCore_Transpose,N/A,N/A,1790932528564563.230	,53.561,0.087000,0
7,aclnnMul_MulAiCore_Mul,N/A,N/A,1790932528564616.811	,17.181,0.000000,0
7,aclnnNeg_AsStridedAiCore_AsStrided,N/A,N/A,1790932528564634.012	,18.960,0.069000,0
7,aclnnNeg_NegAiCore_Neg,N/A,N/A,1790932528564652.992	,9.280,0.040000,0
7,aclnnCat_AsStridedAiCore_AsStrided,N/A,N/A,1790932528564662.292	,17.741,0.000000,0
7,aclnnCat_ConcatD_ConcatD,N/A,N/A,1790932528564680.053	,15.500,0.009000,0
7,aclnnMul_MulAiCore_Mul,N/A,N/A,1790932528564695.593	,19.520,0.000000,0
7,aclnnAdd_AddAiCore_Add,N/A,N/A,1790932528564715.133	,15.281,0.230000,0
7,aclnnInplaceCopy_AsStridedAiCore_AsStrided,N/A,N/A,1790932528564730.434	,39.540,0.000000,0
7,InnerPromptFlashAttention_PromptFlashAttention_PromptFlashAttention,N/A,N/A,1790932528564771.254	,1896.038,1.210000,0
7,aclnnInplaceCopy_TransposeAiCore_Transpose,N/A,N/A,1790932528566668.072	,157.743,0.712000,0
7,aclnnMatmul_MatMulV3Common_MatMulV3,N/A,N/A,1790932528566825.835	,708.475,0.007000,0
7,aclnnAdd_AddAiCore_Add,N/A,N/A,1790932528567534.350	,102.782,0.025000,0
7,aclnnInplaceCopy_CastAiCore_Cast,N/A,N/A,1790932528567637.152	,52.981,0.218000,0
7,aclnnPowTensorScalar_PowsAiCore_Pows,N/A,N/A,1790932528567690.153	,53.201,0.019000,0
7,aclnnMean_ReduceMeanAiCore_ReduceMean,N/A,N/A,1790932528567744.494	,71.661,1.049000,0
7,aclnnAdds_AddAiCore_Add,N/A,N/A,1790932528567816.815	,2.840,0.589000,0
7,aclnnRsqrt_RsqrtAiCore_Rsqrt,N/A,N/A,1790932528567819.675	,3.120,0.160000,0
7,aclnnMul_MulAiCore_Mul,N/A,N/A,1790932528567822.815	,74.322,0.000000,0
7,aclnnInplaceCopy_CastAiCore_Cast,N/A,N/A,1790932528567897.157	,41.341,0.178000,0
7,aclnnMul_MulAiCore_Mul,N/A,N/A,1790932528567938.518	,40.721,0.000000,0
7,aclnnMatmul_MatMulV3Common_MatMulV3,N/A,N/A,1790932528567979.259	,3474.329,0.029000,0
7,aclnnSilu_SliceAiCore_Slice,N/A,N/A,1790932528571453.608	,330.687,0.000000,0
7,aclnnSilu_SiluAiCore_Swish,N/A,N/A,1790932528571784.315	,321.666,0.063000,0
7,aclnnMul_SliceAiCore_Slice,N/A,N/A,1790932528572106.001	,305.926,0.084000,0
7,aclnnMul_MulAiCore_Mul,N/A,N/A,1790932528572411.947	,511.090,0.074000,0
7,aclnnMatmul_MatMulV3Common_MatMulV3,N/A,N/A,1790932528572923.057	,1736.635,0.000000,0
7,aclnnAdd_AddAiCore_Add,N/A,N/A,1790932528574659.712	,89.322,0.115000,0
7,aclnnInplaceCopy_CastAiCore_Cast,N/A,N/A,1790932528574749.054	,35.280,0.000000,0
7,aclnnPowTensorScalar_PowsAiCore_Pows,N/A,N/A,1790932528574784.354	,50.181,0.000000,0
7,aclnnMean_ReduceMeanAiCore_ReduceMean,N/A,N/A,1790932528574835.996	,72.641,1.569000,0
7,aclnnAdds_AddAiCore_Add,N/A,N/A,1790932528574909.557	,2.520,0.859000,0
7,aclnnRsqrt_RsqrtAiCore_Rsqrt,N/A,N/A,1790932528574912.097	,2.760,0.000000,0
7,aclnnMul_MulAiCore_Mul,N/A,N/A,1790932528574914.877	,71.682,0.240000,0
7,aclnnInplaceCopy_CastAiCore_Cast,N/A,N/A,1790932528574986.579	,41.980,0.000000,0
7,aclnnMul_MulAiCore_Mul,N/A,N/A,1790932528575028.579	,41.381,0.020000,0
7,aclnnMatmul_MatMulV3Common_MatMulV3,N/A,N/A,1790932528575070.000	,1073.002,0.119000,0
7,aclnnInplaceCopy_SliceAiCore_Slice,N/A,N/A,1790932528576143.022	,95.602,0.000000,0
7,aclnnInplaceCopy_CastAiCore_Cast,N/A,N/A,1790932528576238.644	,86.021,0.148000,0
7,aclnnPowTensorScalar_PowsAiCore_Pows,N/A,N/A,1790932528576324.685	,133.943,0.000000,0
7,aclnnMean_ReduceMeanAiCore_ReduceMean,N/A,N/A,1790932528576459.748	,89.362,1.057000,0
7,aclnnAdds_AddAiCore_Add,N/A,N/A,1790932528576549.870	,7.040,0.638000,0
7,aclnnRsqrt_RsqrtAiCore_Rsqrt,N/A,N/A,1790932528576556.930	,8.660,0.210000,0
7,aclnnMul_MulAiCore_Mul,N/A,N/A,1790932528576565.610	,112.142,0.000000,0
7,aclnnInplaceCopy_CastAiCore_Cast,N/A,N/A,1790932528576677.792	,62.222,0.108000,0
7,aclnnMul_MulAiCore_Mul,N/A,N/A,1790932528576740.054	,59.981,0.028000,0
7,aclnnInplaceCopy_SliceAiCore_Slice,N/A,N/A,1790932528576800.075	,57.121,0.019000,0
7,aclnnInplaceCopy_CastAiCore_Cast,N/A,N/A,1790932528576857.216	,32.621,0.129000,0
7,aclnnPowTensorScalar_PowsAiCore_Pows,N/A,N/A,1790932528576889.877	,38.600,0.129000,0
7,aclnnMean_ReduceMeanAiCore_ReduceMean,N/A,N/A,1790932528576929.657	,29.881,1.150000,0
7,aclnnAdds_AddAiCore_Add,N/A,N/A,1790932528576960.658	,6.520,1.119000,0
7,aclnnRsqrt_RsqrtAiCore_Rsqrt,N/A,N/A,1790932528576967.218	,8.100,0.000000,0
7,aclnnMul_MulAiCore_Mul,N/A,N/A,1790932528576975.338	,37.121,0.000000,0
7,aclnnInplaceCopy_CastAiCore_Cast,N/A,N/A,1790932528577012.479	,16.900,0.129000,0
7,aclnnMul_MulAiCore_Mul,N/A,N/A,1790932528577029.399	,21.501,0.100000,0
7,aclnnMul_TransposeAiCore_Transpose,N/A,N/A,1790932528577050.940	,193.504,0.000000,0
7,aclnnMul_MulAiCore_Mul,N/A,N/A,1790932528577244.484	,61.781,0.000000,0
7,aclnnNeg_AsStridedAiCore_AsStrided,N/A,N/A,1790932528577306.285	,109.602,0.000000,0
7,aclnnNeg_NegAiCore_Neg,N/A,N/A,1790932528577415.907	,31.161,0.148000,0
7,aclnnCat_AsStridedAiCore_AsStrided,N/A,N/A,1790932528577447.088	,51.761,0.000000,0
7,aclnnCat_ConcatD_ConcatD,N/A,N/A,1790932528577498.869	,40.441,0.000000,0
7,aclnnMul_MulAiCore_Mul,N/A,N/A,1790932528577539.330	,54.381,0.059000,0
7,aclnnAdd_AddAiCore_Add,N/A,N/A,1790932528577593.731	,161.683,0.119000,0
7,aclnnMul_TransposeAiCore_Transpose,N/A,N/A,1790932528577755.434	,59.681,0.067000,0
7,aclnnMul_MulAiCore_Mul,N/A,N/A,1790932528577815.135	,16.740,0.069000,0
7,aclnnNeg_AsStridedAiCore_AsStrided,N/A,N/A,1790932528577831.895	,18.541,0.010000,0
7,aclnnNeg_NegAiCore_Neg,N/A,N/A,1790932528577850.456	,9.360,0.000000,0
7,aclnnCat_AsStridedAiCore_AsStrided,N/A,N/A,1790932528577859.836	,18.100,0.000000,0
7,aclnnCat_ConcatD_ConcatD,N/A,N/A,1790932528577877.956	,15.221,0.150000,0
7,aclnnMul_MulAiCore_Mul,N/A,N/A,1790932528577893.197	,17.360,0.029000,0
7,aclnnAdd_AddAiCore_Add,N/A,N/A,1790932528577910.577	,15.740,0.000000,0
7,aclnnInplaceCopy_AsStridedAiCore_AsStrided,N/A,N/A,1790932528577926.357	,40.441,0.010000,0
7,InnerPromptFlashAttention_PromptFlashAttention_PromptFlashAttention,N/A,N/A,1790932528577967.998	,1892.718,1.309000,0
7,aclnnInplaceCopy_TransposeAiCore_Transpose,N/A,N/A,1790932528579861.816	,157.823,1.032000,0
7,aclnnMatmul_MatMulV3Common_MatMulV3,N/A,N/A,1790932528580019.679	,711.834,0.177000,0
7,aclnnAdd_AddAiCore_Add,N/A,N/A,1790932528580731.533	,102.642,0.000000,0
7,aclnnInplaceCopy_CastAiCore_Cast,N/A,N/A,1790932528580834.195	,52.441,0.108000,0
7,aclnnPowTensorScalar_PowsAiCore_Pows,N/A,N/A,1790932528580886.656	,57.762,0.059000,0
7,aclnnMean_ReduceMeanAiCore_ReduceMean,N/A,N/A,1790932528580945.578	,72.721,0.988000,0
7,aclnnAdds_AddAiCore_Add,N/A,N/A,1790932528581019.139	,2.620,1.029000,0
7,aclnnRsqrt_RsqrtAiCore_Rsqrt,N/A,N/A,1790932528581021.799	,2.720,0.000000,0
7,aclnnMul_MulAiCore_Mul,N/A,N/A,1790932528581024.539	,73.762,0.030000,0
7,aclnnInplaceCopy_CastAiCore_Cast,N/A,N/A,1790932528581098.321	,41.340,0.000000,0
7,aclnnMul_MulAiCore_Mul,N/A,N/A,1790932528581139.681	,34.901,0.160000,0
7,aclnnMatmul_MatMulV3Common_MatMulV3,N/A,N/A,1790932528581174.622	,3490.430,0.000000,0
7,aclnnSilu_SliceAiCore_Slice,N/A,N/A,1790932528584665.072	,325.766,0.070000,0
7,aclnnSilu_SiluAiCore_Swish,N/A,N/A,1790932528584990.858	,321.767,0.000000,0
7,aclnnMul_SliceAiCore_Slice,N/A,N/A,1790932528585312.645	,308.286,0.233000,0
7,aclnnMul_MulAiCore_Mul,N/A,N/A,1790932528585620.951	,497.190,0.000000,0
7,aclnnMatmul_MatMulV3Common_MatMulV3,N/A,N/A,1790932528586118.161	,1755.475,0.060000,0
7,aclnnAdd_AddAiCore_Add,N/A,N/A,1790932528587873.676	,87.702,0.025000,0
7,aclnnInplaceCopy_CastAiCore_Cast,N/A,N/A,1790932528587961.418	,35.220,0.048000,0
7,aclnnPowTensorScalar_PowsAiCore_Pows,N/A,N/A,1790932528587996.658	,50.881,0.030000,0
7,aclnnMean_ReduceMeanAiCore_ReduceMean,N/A,N/A,1790932528588048.499	,72.082,0.869000,0
7,aclnnAdds_AddAiCore_Add,N/A,N/A,1790932528588121.501	,2.780,0.918000,0
7,aclnnRsqrt_RsqrtAiCore_Rsqrt,N/A,N/A,1790932528588124.301	,2.880,0.000000,0
7,aclnnMul_MulAiCore_Mul,N/A,N/A,1790932528588127.221	,71.981,0.120000,0
7,aclnnInplaceCopy_CastAiCore_Cast,N/A,N/A,1790932528588199.243	,40.960,0.019000,0
7,aclnnMul_MulAiCore_Mul,N/A,N/A,1790932528588240.223	,41.581,0.040000,0
7,aclnnMatmul_MatMulV3Common_MatMulV3,N/A,N/A,1790932528588281.824	,1063.501,0.000000,0
7,aclnnInplaceCopy_SliceAiCore_Slice,N/A,N/A,1790932528589345.345	,92.642,0.000000,0
7,aclnnInplaceCopy_CastAiCore_Cast,N/A,N/A,1790932528589438.027	,86.642,0.108000,0
7,aclnnPowTensorScalar_PowsAiCore_Pows,N/A,N/A,1790932528589524.689	,136.203,0.108000,0
7,aclnnMean_ReduceMeanAiCore_ReduceMean,N/A,N/A,1790932528589662.132	,87.321,1.297000,0
7,aclnnAdds_AddAiCore_Add,N/A,N/A,1790932528589750.293	,7.001,0.679000,0
7,aclnnRsqrt_RsqrtAiCore_Rsqrt,N/A,N/A,1790932528589757.314	,8.880,0.000000,0
7,aclnnMul_MulAiCore_Mul,N/A,N/A,1790932528589766.214	,111.702,0.120000,0
7,aclnnInplaceCopy_CastAiCore_Cast,N/A,N/A,1790932528589877.936	,60.781,0.048000,0
7,aclnnMul_MulAiCore_Mul,N/A,N/A,1790932528589938.737	,60.221,0.000000,0
7,aclnnInplaceCopy_SliceAiCore_Slice,N/A,N/A,1790932528589998.978	,55.842,0.029000,0
7,aclnnInplaceCopy_CastAiCore_Cast,N/A,N/A,1790932528590054.840	,32.560,0.000000,0
7,aclnnPowTensorScalar_PowsAiCore_Pows,N/A,N/A,1790932528590087.420	,38.381,0.190000,0
7,aclnnMean_ReduceMeanAiCore_ReduceMean,N/A,N/A,1790932528590127.281	,29.361,1.369000,0
7,aclnnAdds_AddAiCore_Add,N/A,N/A,1790932528590157.642	,6.540,1.139000,0
7,aclnnRsqrt_RsqrtAiCore_Rsqrt,N/A,N/A,1790932528590164.202	,7.800,0.000000,0
7,aclnnMul_MulAiCore_Mul,N/A,N/A,1790932528590172.042	,37.881,0.000000,0
7,aclnnInplaceCopy_CastAiCore_Cast,N/A,N/A,1790932528590209.943	,16.580,0.119000,0
7,aclnnMul_MulAiCore_Mul,N/A,N/A,1790932528590226.543	,21.840,0.000000,0
7,aclnnMul_TransposeAiCore_Transpose,N/A,N/A,1790932528590248.403	,186.224,0.160000,0
7,aclnnMul_MulAiCore_Mul,N/A,N/A,1790932528590434.647	,63.181,0.026000,0
7,aclnnNeg_AsStridedAiCore_AsStrided,N/A,N/A,1790932528590497.848	,104.023,0.000000,0
7,aclnnNeg_NegAiCore_Neg,N/A,N/A,1790932528590601.891	,30.240,0.227000,0
7,aclnnCat_AsStridedAiCore_AsStrided,N/A,N/A,1790932528590632.151	,55.521,0.010000,0
7,aclnnCat_ConcatD_ConcatD,N/A,N/A,1790932528590687.692	,41.681,0.000000,0
7,aclnnMul_MulAiCore_Mul,N/A,N/A,1790932528590729.393	,53.441,0.069000,0
7,aclnnAdd_AddAiCore_Add,N/A,N/A,1790932528590782.854	,161.423,0.000000,0
7,aclnnMul_TransposeAiCore_Transpose,N/A,N/A,1790932528590944.297	,54.241,0.077000,0
7,aclnnMul_MulAiCore_Mul,N/A,N/A,1790932528590998.558	,17.061,0.009000,0
7,aclnnNeg_AsStridedAiCore_AsStrided,N/A,N/A,1790932528591015.659	,18.500,0.189000,0
7,aclnnNeg_NegAiCore_Neg,N/A,N/A,1790932528591034.199	,9.260,0.000000,0
7,aclnnCat_AsStridedAiCore_AsStrided,N/A,N/A,1790932528591043.479	,16.861,0.000000,0
7,aclnnCat_ConcatD_ConcatD,N/A,N/A,1790932528591060.360	,15.360,0.000000,0
7,aclnnMul_MulAiCore_Mul,N/A,N/A,1790932528591075.760	,17.380,0.140000,0
7,aclnnAdd_AddAiCore_Add,N/A,N/A,1790932528591093.180	,15.061,0.120000,0
7,aclnnInplaceCopy_AsStridedAiCore_AsStrided,N/A,N/A,1790932528591108.261	,41.000,0.000000,0
7,InnerPromptFlashAttention_PromptFlashAttention_PromptFlashAttention,N/A,N/A,1790932528591150.221	,1924.439,1.000000,0
7,aclnnInplaceCopy_TransposeAiCore_Transpose,N/A,N/A,1790932528593075.560	,156.223,0.811000,0
7,aclnnMatmul_MatMulV3Common_MatMulV3,N/A,N/A,1790932528593231.803	,715.494,0.027000,0
7,aclnnAdd_AddAiCore_Add,N/A,N/A,1790932528593947.317	,103.282,0.006000,0
7,aclnnInplaceCopy_CastAiCore_Cast,N/A,N/A,1790932528594050.619	,53.141,0.000000,0
7,aclnnPowTensorScalar_PowsAiCore_Pows,N/A,N/A,1790932528594103.780	,55.122,0.109000,0
7,aclnnMean_ReduceMeanAiCore_ReduceMean,N/A,N/A,1790932528594160.302	,72.341,1.378000,0
7,aclnnAdds_AddAiCore_Add,N/A,N/A,1790932528594233.283	,2.500,0.659000,0
7,aclnnRsqrt_RsqrtAiCore_Rsqrt,N/A,N/A,1790932528594235.803	,2.800,0.000000,0
7,aclnnMul_MulAiCore_Mul,N/A,N/A,1790932528594238.623	,71.842,0.000000,0
7,aclnnInplaceCopy_CastAiCore_Cast,N/A,N/A,1790932528594310.485	,41.740,0.158000,0
7,aclnnMul_MulAiCore_Mul,N/A,N/A,1790932528594352.265	,41.061,0.010000,0
7,aclnnMatmul_MatMulV3Common_MatMulV3,N/A,N/A,1790932528594393.346	,3463.029,0.000000,0
7,aclnnSilu_SliceAiCore_Slice,N/A,N/A,1790932528597856.395	,330.987,0.221000,0
7,aclnnSilu_SiluAiCore_Swish,N/A,N/A,1790932528598187.402	,321.806,0.013000,0
7,aclnnMul_SliceAiCore_Slice,N/A,N/A,1790932528598509.248	,306.067,0.000000,0
7,aclnnMul_MulAiCore_Mul,N/A,N/A,1790932528598815.355	,509.750,0.000000,0
7,aclnnMatmul_MatMulV3Common_MatMulV3,N/A,N/A,1790932528599325.125	,1738.015,0.000000,0
7,aclnnAdd_AddAiCore_Add,N/A,N/A,1790932528601063.160	,87.861,0.235000,0
7,aclnnInplaceCopy_CastAiCore_Cast,N/A,N/A,1790932528601151.041	,35.021,0.000000,0
7,aclnnPowTensorScalar_PowsAiCore_Pows,N/A,N/A,1790932528601186.082	,50.281,0.000000,0
7,aclnnMean_ReduceMeanAiCore_ReduceMean,N/A,N/A,1790932528601237.463	,72.241,1.219000,0
7,aclnnAdds_AddAiCore_Add,N/A,N/A,1790932528601310.444	,2.681,0.759000,0
7,aclnnRsqrt_RsqrtAiCore_Rsqrt,N/A,N/A,1790932528601313.145	,2.960,0.069000,0
7,aclnnMul_MulAiCore_Mul,N/A,N/A,1790932528601316.125	,73.721,0.000000,0
7,aclnnInplaceCopy_CastAiCore_Cast,N/A,N/A,1790932528601389.866	,41.941,0.029000,0
7,aclnnMul_MulAiCore_Mul,N/A,N/A,1790932528601431.827	,40.341,0.059000,0
7,aclnnMatmul_MatMulV3Common_MatMulV3,N/A,N/A,1790932528601472.188	,1069.081,0.159000,0
7,aclnnInplaceCopy_SliceAiCore_Slice,N/A,N/A,1790932528602541.309	,94.782,0.000000,0
7,aclnnInplaceCopy_CastAiCore_Cast,N/A,N/A,1790932528602636.111	,85.662,0.000000,0
7,aclnnPowTensorScalar_PowsAiCore_Pows,N/A,N/A,1790932528602721.793	,138.042,0.088000,0
7,aclnnMean_ReduceMeanAiCore_ReduceMean,N/A,N/A,1790932528602861.235	,90.462,1.458000,0
7,aclnnAdds_AddAiCore_Add,N/A,N/A,1790932528602952.437	,7.620,0.788000,0
7,aclnnRsqrt_RsqrtAiCore_Rsqrt,N/A,N/A,1790932528602960.077	,8.641,0.000000,0
7,aclnnMul_MulAiCore_Mul,N/A,N/A,1790932528602968.758	,111.342,0.109000,0
7,aclnnInplaceCopy_CastAiCore_Cast,N/A,N/A,1790932528603080.120	,62.121,0.000000,0
7,aclnnMul_MulAiCore_Mul,N/A,N/A,1790932528603142.281	,60.121,0.129000,0
7,aclnnInplaceCopy_SliceAiCore_Slice,N/A,N/A,1790932528603202.422	,56.501,0.129000,0
7,aclnnInplaceCopy_CastAiCore_Cast,N/A,N/A,1790932528603258.943	,32.481,0.000000,0
7,aclnnPowTensorScalar_PowsAiCore_Pows,N/A,N/A,1790932528603291.444	,37.721,0.019000,0
7,aclnnMean_ReduceMeanAiCore_ReduceMean,N/A,N/A,1790932528603330.525	,29.780,1.279000,0
7,aclnnAdds_AddAiCore_Add,N/A,N/A,1790932528603361.485	,6.781,1.220000,0
7,aclnnRsqrt_RsqrtAiCore_Rsqrt,N/A,N/A,1790932528603368.286	,7.960,0.000000,0
7,aclnnMul_MulAiCore_Mul,N/A,N/A,1790932528603376.266	,37.820,0.040000,0
7,aclnnInplaceCopy_CastAiCore_Cast,N/A,N/A,1790932528603414.106	,16.401,0.000000,0
7,aclnnMul_MulAiCore_Mul,N/A,N/A,1790932528603430.527	,21.780,0.099000,0
7,aclnnMul_TransposeAiCore_Transpose,N/A,N/A,1790932528603452.327	,187.664,0.000000,0
7,aclnnMul_MulAiCore_Mul,N/A,N/A,1790932528603640.011	,64.381,0.086000,0
7,aclnnNeg_AsStridedAiCore_AsStrided,N/A,N/A,1790932528603704.412	,103.982,0.119000,0
7,aclnnNeg_NegAiCore_Neg,N/A,N/A,1790932528603808.414	,30.221,0.018000,0
7,aclnnCat_AsStridedAiCore_AsStrided,N/A,N/A,1790932528603838.675	,56.781,0.029000,0
7,aclnnCat_ConcatD_ConcatD,N/A,N/A,1790932528603895.476	,40.941,0.000000,0
7,aclnnMul_MulAiCore_Mul,N/A,N/A,1790932528603936.437	,54.101,0.059000,0
7,aclnnAdd_AddAiCore_Add,N/A,N/A,1790932528603990.558	,162.243,0.000000,0
7,aclnnMul_TransposeAiCore_Transpose,N/A,N/A,1790932528604152.821	,54.341,0.007000,0
7,aclnnMul_MulAiCore_Mul,N/A,N/A,1790932528604207.182	,17.381,0.159000,0
7,aclnnNeg_AsStridedAiCore_AsStrided,N/A,N/A,1790932528604224.603	,18.260,0.000000,0
7,aclnnNeg_NegAiCore_Neg,N/A,N/A,1790932528604242.883	,9.340,0.240000,0
7,aclnnCat_AsStridedAiCore_AsStrided,N/A,N/A,1790932528604252.243	,18.281,0.000000,0
7,aclnnCat_ConcatD_ConcatD,N/A,N/A,1790932528604270.544	,15.540,0.000000,0
7,aclnnMul_MulAiCore_Mul,N/A,N/A,1790932528604286.104	,17.700,0.000000,0
7,aclnnAdd_AddAiCore_Add,N/A,N/A,1790932528604303.824	,15.201,0.050000,0
7,aclnnInplaceCopy_AsStridedAiCore_AsStrided,N/A,N/A,1790932528604319.045	,40.220,0.049000,0
7,InnerPromptFlashAttention_PromptFlashAttention_PromptFlashAttention,N/A,N/A,1790932528604360.405	,1923.559,1.280000,0
7,aclnnInplaceCopy_TransposeAiCore_Transpose,N/A,N/A,1790932528606284.784	,157.643,0.691000,0
7,aclnnMatmul_MatMulV3Common_MatMulV3,N/A,N/A,1790932528606442.447	,715.534,0.107000,0
7,aclnnAdd_AddAiCore_Add,N/A,N/A,1790932528607158.001	,102.302,0.000000,0
7,aclnnInplaceCopy_CastAiCore_Cast,N/A,N/A,1790932528607260.323	,53.061,0.000000,0
7,aclnnPowTensorScalar_PowsAiCore_Pows,N/A,N/A,1790932528607313.404	,54.201,0.189000,0
7,aclnnMean_ReduceMeanAiCore_ReduceMean,N/A,N/A,1790932528607368.786	,72.181,1.049000,0
7,aclnnAdds_AddAiCore_Add,N/A,N/A,1790932528607441.787	,2.400,0.819000,0
7,aclnnRsqrt_RsqrtAiCore_Rsqrt,N/A,N/A,1790932528607444.227	,2.720,0.100000,0
7,aclnnMul_MulAiCore_Mul,N/A,N/A,1790932528607446.967	,71.662,0.030000,0
7,aclnnInplaceCopy_CastAiCore_Cast,N/A,N/A,1790932528607518.669	,41.820,0.088000,0
7,aclnnMul_MulAiCore_Mul,N/A,N/A,1790932528607560.509	,35.781,0.000000,0
7,aclnnMatmul_MatMulV3Common_MatMulV3,N/A,N/A,1790932528607596.330	,3482.170,0.000000,0
7,aclnnSilu_SliceAiCore_Slice,N/A,N/A,1790932528611078.520	,326.246,0.080000,0
7,aclnnSilu_SiluAiCore_Swish,N/A,N/A,1790932528611404.786	,322.287,0.004000,0
7,aclnnMul_SliceAiCore_Slice,N/A,N/A,1790932528611727.093	,307.026,0.000000,0
7,aclnnMul_MulAiCore_Mul,N/A,N/A,1790932528612034.139	,497.330,0.224000,0
7,aclnnMatmul_MatMulV3Common_MatMulV3,N/A,N/A,1790932528612531.489	,1750.415,0.000000,0
7,aclnnAdd_AddAiCore_Add,N/A,N/A,1790932528614281.944	,87.441,0.085000,0
7,aclnnInplaceCopy_CastAiCore_Cast,N/A,N/A,1790932528614369.425	,34.621,0.059000,0
7,aclnnPowTensorScalar_PowsAiCore_Pows,N/A,N/A,1790932528614404.066	,51.341,0.000000,0
7,aclnnMean_ReduceMeanAiCore_ReduceMean,N/A,N/A,1790932528614456.547	,73.382,1.159000,0
7,aclnnAdds_AddAiCore_Add,N/A,N/A,1790932528614530.709	,2.660,0.868000,0
7,aclnnRsqrt_RsqrtAiCore_Rsqrt,N/A,N/A,1790932528614533.389	,2.800,0.090000,0
7,aclnnMul_MulAiCore_Mul,N/A,N/A,1790932528614536.229	,72.701,0.000000,0
7,aclnnInplaceCopy_CastAiCore_Cast,N/A,N/A,1790932528614608.950	,41.061,0.049000,0
7,aclnnMul_MulAiCore_Mul,N/A,N/A,1790932528614650.051	,41.641,0.000000,0
7,aclnnMatmul_MatMulV3Common_MatMulV3,N/A,N/A,1790932528614691.712	,1063.941,0.109000,0
7,aclnnInplaceCopy_SliceAiCore_Slice,N/A,N/A,1790932528615755.673	,92.042,0.059000,0
7,aclnnInplaceCopy_CastAiCore_Cast,N/A,N/A,1790932528615847.735	,86.622,0.000000,0
7,aclnnPowTensorScalar_PowsAiCore_Pows,N/A,N/A,1790932528615934.377	,133.822,0.128000,0
7,aclnnMean_ReduceMeanAiCore_ReduceMean,N/A,N/A,1790932528616069.139	,89.222,0.928000,0
7,aclnnAdds_AddAiCore_Add,N/A,N/A,1790932528616159.141	,7.280,0.778000,0
7,aclnnRsqrt_RsqrtAiCore_Rsqrt,N/A,N/A,1790932528616166.441	,8.720,0.000000,0
7,aclnnMul_MulAiCore_Mul,N/A,N/A,1790932528616175.201	,111.543,0.030000,0
7,aclnnInplaceCopy_CastAiCore_Cast,N/A,N/A,1790932528616286.764	,60.961,0.000000,0
7,aclnnMul_MulAiCore_Mul,N/A,N/A,1790932528616347.745	,59.781,0.039000,0
7,aclnnInplaceCopy_SliceAiCore_Slice,N/A,N/A,1790932528616407.546	,57.061,0.000000,0
7,aclnnInplaceCopy_CastAiCore_Cast,N/A,N/A,1790932528616464.627	,32.921,0.189000,0
7,aclnnPowTensorScalar_PowsAiCore_Pows,N/A,N/A,1790932528616497.568	,37.881,0.000000,0
7,aclnnMean_ReduceMeanAiCore_ReduceMean,N/A,N/A,1790932528616536.669	,29.440,1.369000,0
7,aclnnAdds_AddAiCore_Add,N/A,N/A,1790932528616567.049	,6.560,0.810000,0
7,aclnnRsqrt_RsqrtAiCore_Rsqrt,N/A,N/A,1790932528616573.649	,8.041,0.190000,0
7,aclnnMul_MulAiCore_Mul,N/A,N/A,1790932528616581.710	,37.460,0.000000,0
7,aclnnInplaceCopy_CastAiCore_Cast,N/A,N/A,1790932528616619.190	,16.841,0.040000,0
7,aclnnMul_MulAiCore_Mul,N/A,N/A,1790932528616636.071	,21.720,0.000000,0
7,aclnnMul_TransposeAiCore_Transpose,N/A,N/A,1790932528616657.811	,191.424,0.030000,0
7,aclnnMul_MulAiCore_Mul,N/A,N/A,1790932528616849.255	,63.201,0.076000,0
7,aclnnNeg_AsStridedAiCore_AsStrided,N/A,N/A,1790932528616912.476	,103.322,0.049000,0
7,aclnnNeg_NegAiCore_Neg,N/A,N/A,1790932528617015.818	,30.341,0.000000,0
7,aclnnCat_AsStridedAiCore_AsStrided,N/A,N/A,1790932528617046.179	,54.881,0.159000,0
7,aclnnCat_ConcatD_ConcatD,N/A,N/A,1790932528617101.100	,41.981,0.000000,0
7,aclnnMul_MulAiCore_Mul,N/A,N/A,1790932528617143.101	,54.121,0.019000,0
7,aclnnAdd_AddAiCore_Add,N/A,N/A,1790932528617197.242	,162.623,0.129000,0
7,aclnnMul_TransposeAiCore_Transpose,N/A,N/A,1790932528617359.885	,53.321,0.127000,0
7,aclnnMul_MulAiCore_Mul,N/A,N/A,1790932528617413.226	,16.961,0.000000,0
7,aclnnNeg_AsStridedAiCore_AsStrided,N/A,N/A,1790932528617430.227	,18.200,0.039000,0
7,aclnnNeg_NegAiCore_Neg,N/A,N/A,1790932528617448.467	,9.300,0.050000,0
7,aclnnCat_AsStridedAiCore_AsStrided,N/A,N/A,1790932528617457.787	,18.240,0.000000,0
7,aclnnCat_ConcatD_ConcatD,N/A,N/A,1790932528617476.047	,15.701,0.010000,0
7,aclnnMul_MulAiCore_Mul,N/A,N/A,1790932528617491.768	,17.160,0.049000,0
7,aclnnAdd_AddAiCore_Add,N/A,N/A,1790932528617508.948	,15.560,0.090000,0
7,aclnnInplaceCopy_AsStridedAiCore_AsStrided,N/A,N/A,1790932528617524.548	,39.701,0.000000,0
7,InnerPromptFlashAttention_PromptFlashAttention_PromptFlashAttention,N/A,N/A,1790932528617565.529	,1893.478,1.299000,0
7,aclnnInplaceCopy_TransposeAiCore_Transpose,N/A,N/A,1790932528619459.947	,156.563,1.022000,0
7,aclnnMatmul_MatMulV3Common_MatMulV3,N/A,N/A,1790932528619616.530	,708.454,0.000000,0
7,aclnnAdd_AddAiCore_Add,N/A,N/A,1790932528620325.024	,102.662,0.046000,0
7,aclnnInplaceCopy_CastAiCore_Cast,N/A,N/A,1790932528620427.726	,52.821,0.088000,0
7,aclnnPowTensorScalar_PowsAiCore_Pows,N/A,N/A,1790932528620480.567	,56.042,0.000000,0
7,aclnnMean_ReduceMeanAiCore_ReduceMean,N/A,N/A,1790932528620537.849	,72.361,1.208000,0
7,aclnnAdds_AddAiCore_Add,N/A,N/A,1790932528620611.390	,2.500,1.389000,0
7,aclnnRsqrt_RsqrtAiCore_Rsqrt,N/A,N/A,1790932528620613.910	,2.680,0.000000,0
7,aclnnMul_MulAiCore_Mul,N/A,N/A,1790932528620616.630	,73.902,0.070000,0
7,aclnnInplaceCopy_CastAiCore_Cast,N/A,N/A,1790932528620690.552	,41.541,0.000000,0
7,aclnnMul_MulAiCore_Mul,N/A,N/A,1790932528620732.113	,41.060,0.000000,0
7,aclnnMatmul_MatMulV3Common_MatMulV3,N/A,N/A,1790932528620773.193	,3479.670,0.190000,0
7,aclnnSilu_SliceAiCore_Slice,N/A,N/A,1790932528624252.883	,330.326,0.080000,0
7,aclnnSilu_SiluAiCore_Swish,N/A,N/A,1790932528624583.229	,322.727,0.000000,0
7,aclnnMul_SliceAiCore_Slice,N/A,N/A,1790932528624905.976	,305.806,0.023000,0
7,aclnnMul_MulAiCore_Mul,N/A,N/A,1790932528625211.802	,511.490,0.000000,0
7,aclnnMatmul_MatMulV3Common_MatMulV3,N/A,N/A,1790932528625723.312	,1745.735,0.010000,0
7,aclnnAdd_AddAiCore_Add,N/A,N/A,1790932528627469.067	,87.442,0.015000,0
7,aclnnInplaceCopy_CastAiCore_Cast,N/A,N/A,1790932528627556.529	,36.321,0.058000,0
7,aclnnPowTensorScalar_PowsAiCore_Pows,N/A,N/A,1790932528627592.870	,50.901,0.000000,0
7,aclnnMean_ReduceMeanAiCore_ReduceMean,N/A,N/A,1790932528627644.811	,72.921,1.099000,0
7,aclnnAdds_AddAiCore_Add,N/A,N/A,1790932528627718.412	,2.540,0.829000,0
7,aclnnRsqrt_RsqrtAiCore_Rsqrt,N/A,N/A,1790932528627720.992	,2.840,0.000000,0
7,aclnnMul_MulAiCore_Mul,N/A,N/A,1790932528627723.852	,71.042,0.000000,0
7,aclnnInplaceCopy_CastAiCore_Cast,N/A,N/A,1790932528627794.914	,41.820,0.208000,0
7,aclnnMul_MulAiCore_Mul,N/A,N/A,1790932528627836.754	,40.801,0.000000,0
7,aclnnMatmul_MatMulV3Common_MatMulV3,N/A,N/A,1790932528627877.575	,1070.682,0.000000,0
7,aclnnInplaceCopy_SliceAiCore_Slice,N/A,N/A,1790932528628948.277	,96.982,0.068000,0
7,aclnnInplaceCopy_CastAiCore_Cast,N/A,N/A,1790932528629045.279	,84.401,0.018000,0
7,aclnnPowTensorScalar_PowsAiCore_Pows,N/A,N/A,1790932528629129.700	,135.283,0.099000,0
7,aclnnMean_ReduceMeanAiCore_ReduceMean,N/A,N/A,1790932528629266.283	,88.582,1.217000,0
7,aclnnAdds_AddAiCore_Add,N/A,N/A,1790932528629355.645	,7.000,0.918000,0
7,aclnnRsqrt_RsqrtAiCore_Rsqrt,N/A,N/A,1790932528629362.665	,8.920,0.000000,0
7,aclnnMul_MulAiCore_Mul,N/A,N/A,1790932528629371.605	,109.702,0.000000,0
7,aclnnInplaceCopy_CastAiCore_Cast,N/A,N/A,1790932528629481.327	,59.902,0.048000,0
7,aclnnMul_MulAiCore_Mul,N/A,N/A,1790932528629541.249	,60.141,0.098000,0
7,aclnnInplaceCopy_SliceAiCore_Slice,N/A,N/A,1790932528629601.410	,56.181,0.109000,0
7,aclnnInplaceCopy_CastAiCore_Cast,N/A,N/A,1790932528629657.611	,32.240,0.000000,0
7,aclnnPowTensorScalar_PowsAiCore_Pows,N/A,N/A,1790932528629689.871	,38.641,0.010000,0
7,aclnnMean_ReduceMeanAiCore_ReduceMean,N/A,N/A,1790932528629729.672	,29.601,1.359000,0
7,aclnnAdds_AddAiCore_Add,N/A,N/A,1790932528629760.033	,6.600,0.649000,0
7,aclnnRsqrt_RsqrtAiCore_Rsqrt,N/A,N/A,1790932528629766.653	,7.980,0.150000,0
7,aclnnMul_MulAiCore_Mul,N/A,N/A,1790932528629774.653	,38.141,0.020000,0
7,aclnnInplaceCopy_CastAiCore_Cast,N/A,N/A,1790932528629812.814	,17.000,0.000000,0
7,aclnnMul_MulAiCore_Mul,N/A,N/A,1790932528629829.834	,21.721,0.000000,0
7,aclnnMul_TransposeAiCore_Transpose,N/A,N/A,1790932528629851.575	,189.764,0.029000,0
7,aclnnMul_MulAiCore_Mul,N/A,N/A,1790932528630041.359	,62.621,0.000000,0
7,aclnnNeg_AsStridedAiCore_AsStrided,N/A,N/A,1790932528630104.020	,106.022,0.129000,0
7,aclnnNeg_NegAiCore_Neg,N/A,N/A,1790932528630210.062	,31.361,0.000000,0
7,aclnnCat_AsStridedAiCore_AsStrided,N/A,N/A,1790932528630241.463	,56.181,0.139000,0
7,aclnnCat_ConcatD_ConcatD,N/A,N/A,1790932528630297.684	,41.600,0.069000,0
7,aclnnMul_MulAiCore_Mul,N/A,N/A,1790932528630339.304	,53.562,0.000000,0
7,aclnnAdd_AddAiCore_Add,N/A,N/A,1790932528630392.886	,160.723,0.188000,0
7,aclnnMul_TransposeAiCore_Transpose,N/A,N/A,1790932528630553.629	,54.401,0.027000,0
7,aclnnMul_MulAiCore_Mul,N/A,N/A,1790932528630608.050	,16.940,0.000000,0
7,aclnnNeg_AsStridedAiCore_AsStrided,N/A,N/A,1790932528630625.010	,19.081,0.060000,0
7,aclnnNeg_NegAiCore_Neg,N/A,N/A,1790932528630644.111	,9.320,0.000000,0
7,aclnnCat_AsStridedAiCore_AsStrided,N/A,N/A,1790932528630653.451	,18.180,0.180000,0
7,aclnnCat_ConcatD_ConcatD,N/A,N/A,1790932528630671.651	,15.200,0.070000,0
7,aclnnMul_MulAiCore_Mul,N/A,N/A,1790932528630686.871	,17.521,0.000000,0
7,aclnnAdd_AddAiCore_Add,N/A,N/A,1790932528630704.432	,15.340,0.229000,0
7,aclnnInplaceCopy_AsStridedAiCore_AsStrided,N/A,N/A,1790932528630719.812	,39.781,0.000000,0
7,InnerPromptFlashAttention_PromptFlashAttention_PromptFlashAttention,N/A,N/A,1790932528630760.933	,1897.118,1.469000,0
7,aclnnInplaceCopy_TransposeAiCore_Transpose,N/A,N/A,1790932528632658.891	,157.323,0.882000,0
7,aclnnMatmul_MatMulV3Common_MatMulV3,N/A,N/A,1790932528632816.234	,708.694,0.000000,0
7,aclnnAdd_AddAiCore_Add,N/A,N/A,1790932528633524.968	,102.402,0.056000,0
7,aclnnInplaceCopy_CastAiCore_Cast,N/A,N/A,1790932528633627.390	,52.581,0.098000,0
7,aclnnPowTensorScalar_PowsAiCore_Pows,N/A,N/A,1790932528633679.991	,53.961,0.000000,0
7,aclnnMean_ReduceMeanAiCore_ReduceMean,N/A,N/A,1790932528633735.052	,72.202,1.039000,0
7,aclnnAdds_AddAiCore_Add,N/A,N/A,1790932528633807.974	,2.520,0.798000,0
7,aclnnRsqrt_RsqrtAiCore_Rsqrt,N/A,N/A,1790932528633810.514	,2.880,0.000000,0
7,aclnnMul_MulAiCore_Mul,N/A,N/A,1790932528633813.414	,72.181,0.120000,0
7,aclnnInplaceCopy_CastAiCore_Cast,N/A,N/A,1790932528633885.615	,41.401,0.000000,0
7,aclnnMul_MulAiCore_Mul,N/A,N/A,1790932528633927.036	,41.981,0.099000,0
7,aclnnMatmul_MatMulV3Common_MatMulV3,N/A,N/A,1790932528633969.037	,3460.589,0.019000,0
7,aclnnSilu_SliceAiCore_Slice,N/A,N/A,1790932528637429.646	,326.727,0.161000,0
7,aclnnSilu_SiluAiCore_Swish,N/A,N/A,1790932528637756.393	,320.666,0.023000,0
7,aclnnMul_SliceAiCore_Slice,N/A,N/A,1790932528638077.079	,306.986,0.000000,0
7,aclnnMul_MulAiCore_Mul,N/A,N/A,1790932528638384.085	,498.130,0.014000,0
7,aclnnMatmul_MatMulV3Common_MatMulV3,N/A,N/A,1790932528638882.235	,1756.015,0.120000,0
7,aclnnAdd_AddAiCore_Add,N/A,N/A,1790932528640638.270	,87.122,0.000000,0
7,aclnnInplaceCopy_CastAiCore_Cast,N/A,N/A,1790932528640725.412	,35.381,0.128000,0
7,aclnnPowTensorScalar_PowsAiCore_Pows,N/A,N/A,1790932528640760.813	,52.501,0.000000,0
7,aclnnMean_ReduceMeanAiCore_ReduceMean,N/A,N/A,1790932528640814.674	,73.241,1.499000,0
7,aclnnAdds_AddAiCore_Add,N/A,N/A,1790932528640888.875	,2.500,1.009000,0
7,aclnnRsqrt_RsqrtAiCore_Rsqrt,N/A,N/A,1790932528640891.415	,2.720,0.000000,0
7,aclnnMul_MulAiCore_Mul,N/A,N/A,1790932528640894.155	,71.402,0.030000,0
7,aclnnInplaceCopy_CastAiCore_Cast,N/A,N/A,1790932528640965.577	,40.521,0.000000,0
7,aclnnMul_MulAiCore_Mul,N/A,N/A,1790932528641006.138	,40.800,0.229000,0
7,aclnnMatmul_MatMulV3Common_MatMulV3,N/A,N/A,1790932528641046.958	,1058.322,0.000000,0
7,aclnnInplaceCopy_SliceAiCore_Slice,N/A,N/A,1790932528642105.300	,92.561,0.000000,0
7,aclnnInplaceCopy_CastAiCore_Cast,N/A,N/A,1790932528642197.881	,89.122,0.189000,0
7,aclnnPowTensorScalar_PowsAiCore_Pows,N/A,N/A,1790932528642287.023	,142.103,0.000000,0
7,aclnnMean_ReduceMeanAiCore_ReduceMean,N/A,N/A,1790932528642430.346	,88.122,1.147000,0
7,aclnnAdds_AddAiCore_Add,N/A,N/A,1790932528642519.668	,7.220,1.378000,0
7,aclnnRsqrt_RsqrtAiCore_Rsqrt,N/A,N/A,1790932528642526.908	,8.820,0.030000,0
7,aclnnMul_MulAiCore_Mul,N/A,N/A,1790932528642535.748	,111.482,0.000000,0
7,aclnnInplaceCopy_CastAiCore_Cast,N/A,N/A,1790932528642647.250	,64.022,0.018000,0
7,aclnnMul_MulAiCore_Mul,N/A,N/A,1790932528642711.292	,60.501,0.000000,0
7,aclnnInplaceCopy_SliceAiCore_Slice,N/A,N/A,1790932528642771.813	,55.301,0.000000,0
7,aclnnInplaceCopy_CastAiCore_Cast,N/A,N/A,1790932528642827.134	,32.321,0.199000,0
7,aclnnPowTensorScalar_PowsAiCore_Pows,N/A,N/A,1790932528642859.475	,38.180,0.000000,0
7,aclnnMean_ReduceMeanAiCore_ReduceMean,N/A,N/A,1790932528642899.075	,29.441,1.320000,0
7,aclnnAdds_AddAiCore_Add,N/A,N/A,1790932528642929.436	,6.560,1.059000,0
7,aclnnRsqrt_RsqrtAiCore_Rsqrt,N/A,N/A,1790932528642936.016	,8.160,0.000000,0
7,aclnnMul_MulAiCore_Mul,N/A,N/A,1790932528642944.196	,36.581,0.090000,0
7,aclnnInplaceCopy_CastAiCore_Cast,N/A,N/A,1790932528642980.797	,16.560,0.000000,0
7,aclnnMul_MulAiCore_Mul,N/A,N/A,1790932528642997.377	,21.541,0.190000,0
7,aclnnMul_TransposeAiCore_Transpose,N/A,N/A,1790932528643018.938	,187.024,0.000000,0
7,aclnnMul_MulAiCore_Mul,N/A,N/A,1790932528643205.982	,64.441,0.000000,0
7,aclnnNeg_AsStridedAiCore_AsStrided,N/A,N/A,1790932528643270.463	,106.922,0.059000,0
7,aclnnNeg_NegAiCore_Neg,N/A,N/A,1790932528643377.405	,31.221,0.078000,0
7,aclnnCat_AsStridedAiCore_AsStrided,N/A,N/A,1790932528643408.646	,56.621,0.029000,0
7,aclnnCat_ConcatD_ConcatD,N/A,N/A,1790932528643465.307	,42.121,0.000000,0
7,aclnnMul_MulAiCore_Mul,N/A,N/A,1790932528643507.448	,52.041,0.129000,0
7,aclnnAdd_AddAiCore_Add,N/A,N/A,1790932528643559.509	,163.103,0.000000,0
7,aclnnMul_TransposeAiCore_Transpose,N/A,N/A,1790932528643722.632	,53.641,0.147000,0
7,aclnnMul_MulAiCore_Mul,N/A,N/A,1790932528643776.293	,17.140,0.000000,0
7,aclnnNeg_AsStridedAiCore_AsStrided,N/A,N/A,1790932528643793.473	,18.801,0.110000,0
7,aclnnNeg_NegAiCore_Neg,N/A,N/A,1790932528643812.294	,9.320,0.000000,0
7,aclnnCat_AsStridedAiCore_AsStrided,N/A,N/A,1790932528643821.634	,17.540,0.180000,0
7,aclnnCat_ConcatD_ConcatD,N/A,N/A,1790932528643839.194	,15.260,0.000000,0
7,aclnnMul_MulAiCore_Mul,N/A,N/A,1790932528643854.474	,17.361,0.000000,0
7,aclnnAdd_AddAiCore_Add,N/A,N/A,1790932528643871.855	,15.040,0.000000,0
7,aclnnInplaceCopy_AsStridedAiCore_AsStrided,N/A,N/A,1790932528643886.935	,39.541,0.210000,0
7,InnerPromptFlashAttention_PromptFlashAttention_PromptFlashAttention,N/A,N/A,1790932528643927.856	,1910.718,1.209000,0
7,aclnnInplaceCopy_TransposeAiCore_Transpose,N/A,N/A,1790932528645839.434	,156.163,1.032000,0
7,aclnnMatmul_MatMulV3Common_MatMulV3,N/A,N/A,1790932528645995.637	,713.835,0.087000,0
7,aclnnAdd_AddAiCore_Add,N/A,N/A,1790932528646709.492	,102.822,0.000000,0
7,aclnnInplaceCopy_CastAiCore_Cast,N/A,N/A,1790932528646812.334	,52.721,0.000000,0
7,aclnnPowTensorScalar_PowsAiCore_Pows,N/A,N/A,1790932528646865.075	,53.621,0.029000,0
7,aclnnMean_ReduceMeanAiCore_ReduceMean,N/A,N/A,1790932528646920.016	,77.481,1.379000,0
7,aclnnAdds_AddAiCore_Add,N/A,N/A,1790932528646998.537	,2.720,1.019000,0
7,aclnnRsqrt_RsqrtAiCore_Rsqrt,N/A,N/A,1790932528647001.277	,2.980,0.030000,0
7,aclnnMul_MulAiCore_Mul,N/A,N/A,1790932528647004.297	,72.722,0.020000,0
7,aclnnInplaceCopy_CastAiCore_Cast,N/A,N/A,1790932528647077.039	,41.581,0.028000,0
7,aclnnMul_MulAiCore_Mul,N/A,N/A,1790932528647118.640	,41.901,0.169000,0
7,aclnnMatmul_MatMulV3Common_MatMulV3,N/A,N/A,1790932528647160.561	,3474.649,0.000000,0
7,aclnnSilu_SliceAiCore_Slice,N/A,N/A,1790932528650635.230	,329.387,0.101000,0
7,aclnnSilu_SiluAiCore_Swish,N/A,N/A,1790932528650964.637	,323.826,0.113000,0
7,aclnnMul_SliceAiCore_Slice,N/A,N/A,1790932528651288.483	,306.826,0.000000,0
7,aclnnMul_MulAiCore_Mul,N/A,N/A,1790932528651595.349	,510.110,0.000000,0
7,aclnnMatmul_MatMulV3Common_MatMulV3,N/A,N/A,1790932528652105.479	,1751.295,0.140000,0
7,aclnnAdd_AddAiCore_Add,N/A,N/A,1790932528653856.794	,88.082,0.000000,0
7,aclnnInplaceCopy_CastAiCore_Cast,N/A,N/A,1790932528653944.896	,34.921,0.168000,0
7,aclnnPowTensorScalar_PowsAiCore_Pows,N/A,N/A,1790932528653979.857	,51.541,0.000000,0
7,aclnnMean_ReduceMeanAiCore_ReduceMean,N/A,N/A,1790932528654032.718	,78.261,1.459000,0
7,aclnnAdds_AddAiCore_Add,N/A,N/A,1790932528654111.739	,2.500,0.739000,0
7,aclnnRsqrt_RsqrtAiCore_Rsqrt,N/A,N/A,1790932528654114.259	,2.721,0.000000,0
7,aclnnMul_MulAiCore_Mul,N/A,N/A,1790932528654117.000	,72.501,0.029000,0
7,aclnnInplaceCopy_CastAiCore_Cast,N/A,N/A,1790932528654189.521	,41.521,0.000000,0
7,aclnnMul_MulAiCore_Mul,N/A,N/A,1790932528654231.062	,41.141,0.000000,0
7,aclnnMatmul_MatMulV3Common_MatMulV3,N/A,N/A,1790932528654272.223	,1063.081,0.109000,0
7,aclnnInplaceCopy_SliceAiCore_Slice,N/A,N/A,1790932528655335.344	,94.702,0.000000,0
7,aclnnInplaceCopy_CastAiCore_Cast,N/A,N/A,1790932528655430.066	,86.441,0.048000,0
7,aclnnPowTensorScalar_PowsAiCore_Pows,N/A,N/A,1790932528655516.528	,132.322,0.059000,0
7,aclnnMean_ReduceMeanAiCore_ReduceMean,N/A,N/A,1790932528655650.130	,88.742,1.428000,0
7,aclnnAdds_AddAiCore_Add,N/A,N/A,1790932528655740.072	,6.980,1.008000,0
7,aclnnRsqrt_RsqrtAiCore_Rsqrt,N/A,N/A,1790932528655747.072	,8.640,0.020000,0
7,aclnnMul_MulAiCore_Mul,N/A,N/A,1790932528655755.752	,110.002,0.110000,0
7,aclnnInplaceCopy_CastAiCore_Cast,N/A,N/A,1790932528655865.794	,61.062,0.000000,0
7,aclnnMul_MulAiCore_Mul,N/A,N/A,1790932528655926.876	,61.021,0.188000,0
7,aclnnInplaceCopy_SliceAiCore_Slice,N/A,N/A,1790932528655987.917	,56.481,0.000000,0
7,aclnnInplaceCopy_CastAiCore_Cast,N/A,N/A,1790932528656044.418	,33.141,0.019000,0
7,aclnnPowTensorScalar_PowsAiCore_Pows,N/A,N/A,1790932528656077.579	,38.760,0.000000,0
7,aclnnMean_ReduceMeanAiCore_ReduceMean,N/A,N/A,1790932528656117.640	,29.940,1.490000,0
7,aclnnAdds_AddAiCore_Add,N/A,N/A,1790932528656148.660	,6.540,1.060000,0
7,aclnnRsqrt_RsqrtAiCore_Rsqrt,N/A,N/A,1790932528656155.220	,8.020,0.000000,0
7,aclnnMul_MulAiCore_Mul,N/A,N/A,1790932528656163.260	,38.141,0.000000,0
7,aclnnInplaceCopy_CastAiCore_Cast,N/A,N/A,1790932528656201.421	,16.901,0.109000,0
7,aclnnMul_MulAiCore_Mul,N/A,N/A,1790932528656218.362	,21.300,0.000000,0
7,aclnnMul_TransposeAiCore_Transpose,N/A,N/A,1790932528656239.682	,188.924,0.200000,0
7,aclnnMul_MulAiCore_Mul,N/A,N/A,1790932528656428.626	,61.901,0.076000,0
7,aclnnNeg_AsStridedAiCore_AsStrided,N/A,N/A,1790932528656490.547	,105.502,0.000000,0
7,aclnnNeg_NegAiCore_Neg,N/A,N/A,1790932528656596.069	,30.301,0.000000,0
7,aclnnCat_AsStridedAiCore_AsStrided,N/A,N/A,1790932528656626.410	,56.241,0.199000,0
7,aclnnCat_ConcatD_ConcatD,N/A,N/A,1790932528656682.691	,41.181,0.009000,0
7,aclnnMul_MulAiCore_Mul,N/A,N/A,1790932528656723.892	,53.801,0.069000,0
7,aclnnAdd_AddAiCore_Add,N/A,N/A,1790932528656777.733	,162.923,0.000000,0
7,aclnnMul_TransposeAiCore_Transpose,N/A,N/A,1790932528656940.676	,54.241,0.077000,0
7,aclnnMul_MulAiCore_Mul,N/A,N/A,1790932528656994.937	,17.100,0.009000,0
7,aclnnNeg_AsStridedAiCore_AsStrided,N/A,N/A,1790932528657012.057	,18.641,0.000000,0
7,aclnnNeg_NegAiCore_Neg,N/A,N/A,1790932528657030.718	,9.280,0.109000,0
7,aclnnCat_AsStridedAiCore_AsStrided,N/A,N/A,1790932528657040.018	,17.660,0.000000,0
7,aclnnCat_ConcatD_ConcatD,N/A,N/A,1790932528657057.698	,15.441,0.090000,0
7,aclnnMul_MulAiCore_Mul,N/A,N/A,1790932528657073.159	,17.020,0.059000,0
7,aclnnAdd_AddAiCore_Add,N/A,N/A,1790932528657090.199	,15.200,0.000000,0
7,aclnnInplaceCopy_AsStridedAiCore_AsStrided,N/A,N/A,1790932528657105.419	,39.221,0.050000,0
7,InnerPromptFlashAttention_PromptFlashAttention_PromptFlashAttention,N/A,N/A,1790932528657145.800	,1905.558,1.029000,0
7,aclnnInplaceCopy_TransposeAiCore_Transpose,N/A,N/A,1790932528659052.418	,163.803,1.192000,0
7,aclnnMatmul_MatMulV3Common_MatMulV3,N/A,N/A,1790932528659216.241	,716.875,0.000000,0
7,aclnnAdd_AddAiCore_Add,N/A,N/A,1790932528659933.136	,102.682,0.125000,0
7,aclnnInplaceCopy_CastAiCore_Cast,N/A,N/A,1790932528660035.838	,53.041,0.000000,0
7,aclnnPowTensorScalar_PowsAiCore_Pows,N/A,N/A,1790932528660088.899	,56.041,0.209000,0
7,aclnnMean_ReduceMeanAiCore_ReduceMean,N/A,N/A,1790932528660145.840	,71.921,0.709000,0
7,aclnnAdds_AddAiCore_Add,N/A,N/A,1790932528660218.781	,2.741,1.079000,0
7,aclnnRsqrt_RsqrtAiCore_Rsqrt,N/A,N/A,1790932528660221.542	,2.820,0.009000,0
7,aclnnMul_MulAiCore_Mul,N/A,N/A,1790932528660224.382	,73.501,0.180000,0
7,aclnnInplaceCopy_CastAiCore_Cast,N/A,N/A,1790932528660297.903	,41.401,0.000000,0
7,aclnnMul_MulAiCore_Mul,N/A,N/A,1790932528660339.324	,35.201,0.000000,0
7,aclnnMatmul_MatMulV3Common_MatMulV3,N/A,N/A,1790932528660374.545	,3485.809,0.049000,0
7,aclnnSilu_SliceAiCore_Slice,N/A,N/A,1790932528663860.374	,326.787,0.000000,0
7,aclnnSilu_SiluAiCore_Swish,N/A,N/A,1790932528664187.201	,325.846,0.213000,0
7,aclnnMul_SliceAiCore_Slice,N/A,N/A,1790932528664513.067	,308.186,0.000000,0
7,aclnnMul_MulAiCore_Mul,N/A,N/A,1790932528664821.273	,498.410,0.064000,0
7,aclnnMatmul_MatMulV3Common_MatMulV3,N/A,N/A,1790932528665319.703	,1754.255,0.090000,0
7,aclnnAdd_AddAiCore_Add,N/A,N/A,1790932528667073.978	,91.062,0.000000,0
7,aclnnInplaceCopy_CastAiCore_Cast,N/A,N/A,1790932528667165.080	,35.281,0.000000,0
7,aclnnPowTensorScalar_PowsAiCore_Pows,N/A,N/A,1790932528667200.381	,50.441,0.219000,0
7,aclnnMean_ReduceMeanAiCore_ReduceMean,N/A,N/A,1790932528667251.722	,73.061,0.809000,0
7,aclnnAdds_AddAiCore_Add,N/A,N/A,1790932528667325.943	,2.681,1.189000,0
7,aclnnRsqrt_RsqrtAiCore_Rsqrt,N/A,N/A,1790932528667328.644	,2.940,0.069000,0
7,aclnnMul_MulAiCore_Mul,N/A,N/A,1790932528667331.604	,72.761,0.000000,0
7,aclnnInplaceCopy_CastAiCore_Cast,N/A,N/A,1790932528667404.385	,41.241,0.239000,0
7,aclnnMul_MulAiCore_Mul,N/A,N/A,1790932528667445.646	,41.021,0.009000,0
7,aclnnMatmul_MatMulV3Common_MatMulV3,N/A,N/A,1790932528667486.687	,1069.281,0.000000,0
7,aclnnInplaceCopy_SliceAiCore_Slice,N/A,N/A,1790932528668555.988	,91.922,0.000000,0
7,aclnnInplaceCopy_CastAiCore_Cast,N/A,N/A,1790932528668647.930	,88.862,0.078000,0
7,aclnnPowTensorScalar_PowsAiCore_Pows,N/A,N/A,1790932528668736.812	,136.062,0.000000,0
7,aclnnMean_ReduceMeanAiCore_ReduceMean,N/A,N/A,1790932528668874.194	,90.082,1.438000,0
7,aclnnAdds_AddAiCore_Add,N/A,N/A,1790932528668965.456	,10.860,1.168000,0
7,aclnnRsqrt_RsqrtAiCore_Rsqrt,N/A,N/A,1790932528668976.336	,8.701,0.000000,0
7,aclnnMul_MulAiCore_Mul,N/A,N/A,1790932528668985.057	,112.682,0.049000,0
7,aclnnInplaceCopy_CastAiCore_Cast,N/A,N/A,1790932528669097.759	,59.881,0.068000,0
7,aclnnMul_MulAiCore_Mul,N/A,N/A,1790932528669157.660	,60.681,0.119000,0
7,aclnnInplaceCopy_SliceAiCore_Slice,N/A,N/A,1790932528669218.381	,56.721,0.069000,0
7,aclnnInplaceCopy_CastAiCore_Cast,N/A,N/A,1790932528669275.142	,32.861,0.029000,0
7,aclnnPowTensorScalar_PowsAiCore_Pows,N/A,N/A,1790932528669308.023	,38.901,0.000000,0
7,aclnnMean_ReduceMeanAiCore_ReduceMean,N/A,N/A,1790932528669347.944	,29.660,1.099000,0
7,aclnnAdds_AddAiCore_Add,N/A,N/A,1790932528669378.324	,6.601,0.590000,0
7,aclnnRsqrt_RsqrtAiCore_Rsqrt,N/A,N/A,1790932528669384.965	,8.020,0.149000,0
7,aclnnMul_MulAiCore_Mul,N/A,N/A,1790932528669393.005	,36.420,0.000000,0
7,aclnnInplaceCopy_CastAiCore_Cast,N/A,N/A,1790932528669429.465	,16.761,0.080000,0
7,aclnnMul_MulAiCore_Mul,N/A,N/A,1790932528669446.246	,21.540,0.000000,0
7,aclnnMul_TransposeAiCore_Transpose,N/A,N/A,1790932528669467.806	,187.024,0.000000,0
7,aclnnMul_MulAiCore_Mul,N/A,N/A,1790932528669654.850	,65.281,0.000000,0
7,aclnnNeg_AsStridedAiCore_AsStrided,N/A,N/A,1790932528669720.151	,105.142,0.219000,0
7,aclnnNeg_NegAiCore_Neg,N/A,N/A,1790932528669825.313	,31.101,0.000000,0
7,aclnnCat_AsStridedAiCore_AsStrided,N/A,N/A,1790932528669856.434	,54.921,0.149000,0
7,aclnnCat_ConcatD_ConcatD,N/A,N/A,1790932528669911.375	,42.481,0.079000,0
7,aclnnMul_MulAiCore_Mul,N/A,N/A,1790932528669953.876	,52.961,0.019000,0
7,aclnnAdd_AddAiCore_Add,N/A,N/A,1790932528670006.857	,162.403,0.000000,0
7,aclnnMul_TransposeAiCore_Transpose,N/A,N/A,1790932528670169.280	,55.181,0.097000,0
7,aclnnMul_MulAiCore_Mul,N/A,N/A,1790932528670224.481	,17.001,0.069000,0
7,aclnnNeg_AsStridedAiCore_AsStrided,N/A,N/A,1790932528670241.502	,19.000,0.000000,0
7,aclnnNeg_NegAiCore_Neg,N/A,N/A,1790932528670260.542	,9.280,0.000000,0
7,aclnnCat_AsStridedAiCore_AsStrided,N/A,N/A,1790932528670269.842	,17.101,0.000000,0
7,aclnnCat_ConcatD_ConcatD,N/A,N/A,1790932528670286.963	,15.580,0.149000,0
7,aclnnMul_MulAiCore_Mul,N/A,N/A,1790932528670302.583	,17.400,0.000000,0
7,aclnnAdd_AddAiCore_Add,N/A,N/A,1790932528670320.003	,15.321,0.100000,0
7,aclnnInplaceCopy_AsStridedAiCore_AsStrided,N/A,N/A,1790932528670335.344	,40.460,0.000000,0
7,InnerPromptFlashAttention_PromptFlashAttention_PromptFlashAttention,N/A,N/A,1790932528670377.244	,1890.078,1.540000,0
7,aclnnInplaceCopy_TransposeAiCore_Transpose,N/A,N/A,1790932528672267.982	,158.003,0.672000,0
7,aclnnMatmul_MatMulV3Common_MatMulV3,N/A,N/A,1790932528672426.005	,712.235,0.000000,0
7,aclnnAdd_AddAiCore_Add,N/A,N/A,1790932528673138.280	,102.362,0.015000,0
7,aclnnInplaceCopy_CastAiCore_Cast,N/A,N/A,1790932528673240.662	,53.121,0.138000,0
7,aclnnPowTensorScalar_PowsAiCore_Pows,N/A,N/A,1790932528673293.803	,54.261,0.000000,0
7,aclnnMean_ReduceMeanAiCore_ReduceMean,N/A,N/A,1790932528673349.164	,72.001,1.239000,0
7,aclnnAdds_AddAiCore_Add,N/A,N/A,1790932528673422.085	,2.640,0.749000,0
7,aclnnRsqrt_RsqrtAiCore_Rsqrt,N/A,N/A,1790932528673424.765	,2.720,0.110000,0
7,aclnnMul_MulAiCore_Mul,N/A,N/A,1790932528673427.505	,74.902,0.030000,0
7,aclnnInplaceCopy_CastAiCore_Cast,N/A,N/A,1790932528673502.427	,41.281,0.098000,0
7,aclnnMul_MulAiCore_Mul,N/A,N/A,1790932528673543.728	,41.101,0.000000,0
7,aclnnMatmul_MatMulV3Common_MatMulV3,N/A,N/A,1790932528673584.849	,3484.529,0.000000,0
7,aclnnSilu_SliceAiCore_Slice,N/A,N/A,1790932528677069.398	,329.847,0.221000,0
7,aclnnSilu_SiluAiCore_Swish,N/A,N/A,1790932528677399.265	,322.586,0.000000,0
7,aclnnMul_SliceAiCore_Slice,N/A,N/A,1790932528677722.011	,306.146,0.164000,0
7,aclnnMul_MulAiCore_Mul,N/A,N/A,1790932528678028.197	,510.910,0.104000,0
7,aclnnMatmul_MatMulV3Common_MatMulV3,N/A,N/A,1790932528678539.127	,1734.475,0.090000,0
7,aclnnAdd_AddAiCore_Add,N/A,N/A,1790932528680273.622	,87.582,0.000000,0
7,aclnnInplaceCopy_CastAiCore_Cast,N/A,N/A,1790932528680361.244	,35.941,0.168000,0
7,aclnnPowTensorScalar_PowsAiCore_Pows,N/A,N/A,1790932528680397.205	,51.341,0.059000,0
7,aclnnMean_ReduceMeanAiCore_ReduceMean,N/A,N/A,1790932528680449.626	,73.261,1.159000,0
7,aclnnAdds_AddAiCore_Add,N/A,N/A,1790932528680523.827	,2.740,0.739000,0
7,aclnnRsqrt_RsqrtAiCore_Rsqrt,N/A,N/A,1790932528680526.587	,2.900,0.010000,0
7,aclnnMul_MulAiCore_Mul,N/A,N/A,1790932528680529.507	,72.102,0.100000,0
7,aclnnInplaceCopy_CastAiCore_Cast,N/A,N/A,1790932528680601.629	,41.601,0.148000,0
7,aclnnMul_MulAiCore_Mul,N/A,N/A,1790932528680643.270	,41.460,0.000000,0
7,aclnnMatmul_MatMulV3Common_MatMulV3,N/A,N/A,1790932528680684.750	,1067.022,0.040000,0
7,aclnnInplaceCopy_SliceAiCore_Slice,N/A,N/A,1790932528681751.792	,95.422,0.000000,0
7,aclnnInplaceCopy_CastAiCore_Cast,N/A,N/A,1790932528681847.234	,85.101,0.078000,0
7,aclnnPowTensorScalar_PowsAiCore_Pows,N/A,N/A,1790932528681932.375	,135.183,0.149000,0
7,aclnnMean_ReduceMeanAiCore_ReduceMean,N/A,N/A,1790932528682068.698	,89.442,1.067000,0
7,aclnnAdds_AddAiCore_Add,N/A,N/A,1790932528682159.380	,6.980,1.308000,0
7,aclnnRsqrt_RsqrtAiCore_Rsqrt,N/A,N/A,1790932528682166.380	,8.820,0.020000,0
7,aclnnMul_MulAiCore_Mul,N/A,N/A,1790932528682175.220	,112.022,0.000000,0
7,aclnnInplaceCopy_CastAiCore_Cast,N/A,N/A,1790932528682287.282	,60.542,0.000000,0
7,aclnnMul_MulAiCore_Mul,N/A,N/A,1790932528682347.844	,59.821,0.000000,0
7,aclnnInplaceCopy_SliceAiCore_Slice,N/A,N/A,1790932528682407.685	,55.081,0.179000,0
7,aclnnInplaceCopy_CastAiCore_Cast,N/A,N/A,1790932528682462.786	,32.501,0.000000,0
7,aclnnPowTensorScalar_PowsAiCore_Pows,N/A,N/A,1790932528682495.327	,37.600,0.000000,0
7,aclnnMean_ReduceMeanAiCore_ReduceMean,N/A,N/A,1790932528682533.847	,29.461,0.900000,0
7,aclnnAdds_AddAiCore_Add,N/A,N/A,1790932528682564.188	,6.560,1.039000,0
7,aclnnRsqrt_RsqrtAiCore_Rsqrt,N/A,N/A,1790932528682570.768	,7.980,0.000000,0
7,aclnnMul_MulAiCore_Mul,N/A,N/A,1790932528682578.768	,38.141,0.020000,0
7,aclnnInplaceCopy_CastAiCore_Cast,N/A,N/A,1790932528682616.929	,16.840,0.109000,0
7,aclnnMul_MulAiCore_Mul,N/A,N/A,1790932528682633.789	,21.141,0.000000,0
7,aclnnMul_TransposeAiCore_Transpose,N/A,N/A,1790932528682654.950	,187.143,0.109000,0
7,aclnnMul_MulAiCore_Mul,N/A,N/A,1790932528682842.113	,64.542,0.000000,0
7,aclnnNeg_AsStridedAiCore_AsStrided,N/A,N/A,1790932528682906.675	,106.682,0.208000,0
7,aclnnNeg_NegAiCore_Neg,N/A,N/A,1790932528683013.377	,30.280,0.068000,0
7,aclnnCat_AsStridedAiCore_AsStrided,N/A,N/A,1790932528683043.677	,55.642,0.000000,0
7,aclnnCat_ConcatD_ConcatD,N/A,N/A,1790932528683099.359	,41.900,0.000000,0
7,aclnnMul_MulAiCore_Mul,N/A,N/A,1790932528683141.299	,53.722,0.100000,0
7,aclnnAdd_AddAiCore_Add,N/A,N/A,1790932528683195.041	,162.123,0.028000,0
7,aclnnMul_TransposeAiCore_Transpose,N/A,N/A,1790932528683357.184	,54.901,0.127000,0
7,aclnnMul_MulAiCore_Mul,N/A,N/A,1790932528683412.125	,16.920,0.000000,0
7,aclnnNeg_AsStridedAiCore_AsStrided,N/A,N/A,1790932528683429.065	,18.701,0.080000,0
7,aclnnNeg_NegAiCore_Neg,N/A,N/A,1790932528683447.786	,9.400,0.049000,0
7,aclnnCat_AsStridedAiCore_AsStrided,N/A,N/A,1790932528683457.226	,17.880,0.100000,0
7,aclnnCat_ConcatD_ConcatD,N/A,N/A,1790932528683475.126	,15.400,0.120000,0
7,aclnnMul_MulAiCore_Mul,N/A,N/A,1790932528683490.546	,17.141,0.000000,0
7,aclnnAdd_AddAiCore_Add,N/A,N/A,1790932528683507.707	,15.960,0.109000,0
7,aclnnInplaceCopy_AsStridedAiCore_AsStrided,N/A,N/A,1790932528683523.707	,39.701,0.040000,0
7,InnerPromptFlashAttention_PromptFlashAttention_PromptFlashAttention,N/A,N/A,1790932528683564.788	,1938.739,1.299000,0
7,aclnnInplaceCopy_TransposeAiCore_Transpose,N/A,N/A,1790932528685504.547	,159.783,1.011000,0
7,aclnnMatmul_MatMulV3Common_MatMulV3,N/A,N/A,1790932528685664.350	,716.514,0.000000,0
7,aclnnAdd_AddAiCore_Add,N/A,N/A,1790932528686380.884	,102.782,0.236000,0
7,aclnnInplaceCopy_CastAiCore_Cast,N/A,N/A,1790932528686483.686	,53.621,0.000000,0
7,aclnnPowTensorScalar_PowsAiCore_Pows,N/A,N/A,1790932528686537.327	,54.561,0.000000,0
7,aclnnMean_ReduceMeanAiCore_ReduceMean,N/A,N/A,1790932528686593.348	,72.262,1.439000,0
7,aclnnAdds_AddAiCore_Add,N/A,N/A,1790932528686666.370	,2.480,0.738000,0
7,aclnnRsqrt_RsqrtAiCore_Rsqrt,N/A,N/A,1790932528686668.870	,2.800,0.020000,0
7,aclnnMul_MulAiCore_Mul,N/A,N/A,1790932528686671.690	,71.981,0.200000,0
7,aclnnInplaceCopy_CastAiCore_Cast,N/A,N/A,1790932528686743.691	,41.481,0.019000,0
7,aclnnMul_MulAiCore_Mul,N/A,N/A,1790932528686785.212	,35.141,0.019000,0
7,aclnnMatmul_MatMulV3Common_MatMulV3,N/A,N/A,1790932528686820.373	,3479.329,0.000000,0
7,aclnnSilu_SliceAiCore_Slice,N/A,N/A,1790932528690299.722	,325.247,0.171000,0
7,aclnnSilu_SiluAiCore_Swish,N/A,N/A,1790932528690625.009	,321.526,0.003000,0
7,aclnnMul_SliceAiCore_Slice,N/A,N/A,1790932528690946.555	,307.667,0.000000,0
7,aclnnMul_MulAiCore_Mul,N/A,N/A,1790932528691254.242	,497.009,0.083000,0
7,aclnnMatmul_MatMulV3Common_MatMulV3,N/A,N/A,1790932528691751.271	,1755.616,0.000000,0
7,aclnnAdd_AddAiCore_Add,N/A,N/A,1790932528693506.907	,88.061,0.134000,0
7,aclnnInplaceCopy_CastAiCore_Cast,N/A,N/A,1790932528693594.988	,35.061,0.000000,0
7,aclnnPowTensorScalar_PowsAiCore_Pows,N/A,N/A,1790932528693630.069	,52.541,0.000000,0
7,aclnnMean_ReduceMeanAiCore_ReduceMean,N/A,N/A,1790932528693683.510	,72.902,0.959000,0
7,aclnnAdds_AddAiCore_Add,N/A,N/A,1790932528693757.652	,2.640,1.348000,0
7,aclnnRsqrt_RsqrtAiCore_Rsqrt,N/A,N/A,1790932528693760.312	,2.860,0.000000,0
7,aclnnMul_MulAiCore_Mul,N/A,N/A,1790932528693763.192	,72.061,0.140000,0
7,aclnnInplaceCopy_CastAiCore_Cast,N/A,N/A,1790932528693835.273	,41.261,0.000000,0
7,aclnnMul_MulAiCore_Mul,N/A,N/A,1790932528693876.554	,40.601,0.000000,0
7,aclnnMatmul_MatMulV3Common_MatMulV3,N/A,N/A,1790932528693917.195	,1066.401,0.149000,0
7,aclnnInplaceCopy_SliceAiCore_Slice,N/A,N/A,1790932528694983.616	,94.522,0.000000,0
7,aclnnInplaceCopy_CastAiCore_Cast,N/A,N/A,1790932528695078.178	,87.022,0.228000,0
7,aclnnPowTensorScalar_PowsAiCore_Pows,N/A,N/A,1790932528695165.220	,138.302,0.000000,0
7,aclnnMean_ReduceMeanAiCore_ReduceMean,N/A,N/A,1790932528695304.462	,88.902,0.948000,0
7,aclnnAdds_AddAiCore_Add,N/A,N/A,1790932528695394.504	,7.000,1.098000,0
7,aclnnRsqrt_RsqrtAiCore_Rsqrt,N/A,N/A,1790932528695401.524	,8.561,0.000000,0
7,aclnnMul_MulAiCore_Mul,N/A,N/A,1790932528695410.105	,112.882,0.000000,0
7,aclnnInplaceCopy_CastAiCore_Cast,N/A,N/A,1790932528695523.007	,61.181,0.118000,0
7,aclnnMul_MulAiCore_Mul,N/A,N/A,1790932528695584.208	,60.721,0.069000,0
7,aclnnInplaceCopy_SliceAiCore_Slice,N/A,N/A,1790932528695644.949	,55.961,0.029000,0
7,aclnnInplaceCopy_CastAiCore_Cast,N/A,N/A,1790932528695700.930	,32.641,0.039000,0
7,aclnnPowTensorScalar_PowsAiCore_Pows,N/A,N/A,1790932528695733.611	,38.241,0.000000,0
7,aclnnMean_ReduceMeanAiCore_ReduceMean,N/A,N/A,1790932528695773.152	,29.480,1.509000,0
7,aclnnAdds_AddAiCore_Add,N/A,N/A,1790932528695803.552	,6.521,0.770000,0
7,aclnnRsqrt_RsqrtAiCore_Rsqrt,N/A,N/A,1790932528695810.093	,7.980,0.000000,0
7,aclnnMul_MulAiCore_Mul,N/A,N/A,1790932528695818.093	,37.740,0.020000,0
7,aclnnInplaceCopy_CastAiCore_Cast,N/A,N/A,1790932528695855.873	,16.741,0.010000,0
7,aclnnMul_MulAiCore_Mul,N/A,N/A,1790932528695872.654	,21.880,0.259000,0
7,aclnnMul_TransposeAiCore_Transpose,N/A,N/A,1790932528695894.554	,187.284,0.000000,0
7,aclnnMul_MulAiCore_Mul,N/A,N/A,1790932528696081.858	,61.821,0.000000,0
7,aclnnNeg_AsStridedAiCore_AsStrided,N/A,N/A,1790932528696143.699	,104.162,0.179000,0
7,aclnnNeg_NegAiCore_Neg,N/A,N/A,1790932528696247.881	,30.301,0.088000,0
7,aclnnCat_AsStridedAiCore_AsStrided,N/A,N/A,1790932528696278.202	,54.981,0.000000,0
7,aclnnCat_ConcatD_ConcatD,N/A,N/A,1790932528696333.203	,41.381,0.019000,0
7,aclnnMul_MulAiCore_Mul,N/A,N/A,1790932528696374.604	,53.041,0.000000,0
7,aclnnAdd_AddAiCore_Add,N/A,N/A,1790932528696427.665	,161.663,0.209000,0
7,aclnnMul_TransposeAiCore_Transpose,N/A,N/A,1790932528696589.368	,55.561,0.000000,0
7,aclnnMul_MulAiCore_Mul,N/A,N/A,1790932528696644.949	,17.361,0.189000,0
7,aclnnNeg_AsStridedAiCore_AsStrided,N/A,N/A,1790932528696662.330	,18.380,0.000000,0
7,aclnnNeg_NegAiCore_Neg,N/A,N/A,1790932528696680.730	,9.180,0.120000,0
7,aclnnCat_AsStridedAiCore_AsStrided,N/A,N/A,1790932528696689.930	,17.600,0.070000,0
7,aclnnCat_ConcatD_ConcatD,N/A,N/A,1790932528696707.550	,15.601,0.000000,0
7,aclnnMul_MulAiCore_Mul,N/A,N/A,1790932528696723.191	,17.240,0.149000,0
7,aclnnAdd_AddAiCore_Add,N/A,N/A,1790932528696740.471	,15.440,0.010000,0
7,aclnnInplaceCopy_AsStridedAiCore_AsStrided,N/A,N/A,1790932528696755.931	,39.781,0.060000,0
7,InnerPromptFlashAttention_PromptFlashAttention_PromptFlashAttention,N/A,N/A,1790932528696796.632	,1892.778,0.969000,0
7,aclnnInplaceCopy_TransposeAiCore_Transpose,N/A,N/A,1790932528698690.530	,159.063,0.972000,0
7,aclnnMatmul_MatMulV3Common_MatMulV3,N/A,N/A,1790932528698849.613	,709.294,0.000000,0
7,aclnnAdd_AddAiCore_Add,N/A,N/A,1790932528699558.927	,102.783,0.206000,0
7,aclnnInplaceCopy_CastAiCore_Cast,N/A,N/A,1790932528699661.750	,53.661,0.000000,0
7,aclnnPowTensorScalar_PowsAiCore_Pows,N/A,N/A,1790932528699715.431	,53.981,0.089000,0
7,aclnnMean_ReduceMeanAiCore_ReduceMean,N/A,N/A,1790932528699770.632	,72.141,1.269000,0
7,aclnnAdds_AddAiCore_Add,N/A,N/A,1790932528699843.653	,2.660,0.859000,0
7,aclnnRsqrt_RsqrtAiCore_Rsqrt,N/A,N/A,1790932528699846.353	,2.860,0.000000,0
7,aclnnMul_MulAiCore_Mul,N/A,N/A,1790932528699849.233	,72.102,0.140000,0
7,aclnnInplaceCopy_CastAiCore_Cast,N/A,N/A,1790932528699921.355	,43.541,0.000000,0
7,aclnnMul_MulAiCore_Mul,N/A,N/A,1790932528699964.916	,41.180,0.209000,0
7,aclnnMatmul_MatMulV3Common_MatMulV3,N/A,N/A,1790932528700006.136	,3460.670,0.070000,0
7,aclnnSilu_SliceAiCore_Slice,N/A,N/A,1790932528703466.826	,330.506,0.000000,0
7,aclnnSilu_SiluAiCore_Swish,N/A,N/A,1790932528703797.352	,322.867,0.000000,0
7,aclnnMul_SliceAiCore_Slice,N/A,N/A,1790932528704120.239	,305.866,0.133000,0
7,aclnnMul_MulAiCore_Mul,N/A,N/A,1790932528704426.125	,511.750,0.000000,0
7,aclnnMatmul_MatMulV3Common_MatMulV3,N/A,N/A,1790932528704937.895	,1743.895,0.250000,0
7,aclnnAdd_AddAiCore_Add,N/A,N/A,1790932528706681.810	,87.422,0.000000,0
7,aclnnInplaceCopy_CastAiCore_Cast,N/A,N/A,1790932528706769.252	,35.340,0.078000,0
7,aclnnPowTensorScalar_PowsAiCore_Pows,N/A,N/A,1790932528706804.612	,50.521,0.000000,0
7,aclnnMean_ReduceMeanAiCore_ReduceMean,N/A,N/A,1790932528706856.473	,72.842,1.479000,0
7,aclnnAdds_AddAiCore_Add,N/A,N/A,1790932528706930.035	,2.640,0.658000,0
7,aclnnRsqrt_RsqrtAiCore_Rsqrt,N/A,N/A,1790932528706932.695	,2.720,0.110000,0
7,aclnnMul_MulAiCore_Mul,N/A,N/A,1790932528706935.435	,73.081,0.030000,0
7,aclnnInplaceCopy_CastAiCore_Cast,N/A,N/A,1790932528707008.536	,41.581,0.000000,0
7,aclnnMul_MulAiCore_Mul,N/A,N/A,1790932528707050.137	,40.741,0.169000,0
7,aclnnMatmul_MatMulV3Common_MatMulV3,N/A,N/A,1790932528707090.898	,1074.141,0.009000,0
7,aclnnInplaceCopy_SliceAiCore_Slice,N/A,N/A,1790932528708165.059	,95.422,0.000000,0
7,aclnnInplaceCopy_CastAiCore_Cast,N/A,N/A,1790932528708260.501	,85.742,0.078000,0
7,aclnnPowTensorScalar_PowsAiCore_Pows,N/A,N/A,1790932528708346.263	,131.563,0.008000,0
7,aclnnMean_ReduceMeanAiCore_ReduceMean,N/A,N/A,1790932528708478.706	,90.922,0.937000,0
7,aclnnAdds_AddAiCore_Add,N/A,N/A,1790932528708570.648	,7.000,1.078000,0
7,aclnnRsqrt_RsqrtAiCore_Rsqrt,N/A,N/A,1790932528708577.668	,8.680,0.000000,0
7,aclnnMul_MulAiCore_Mul,N/A,N/A,1790932528708586.388	,110.622,0.070000,0
7,aclnnInplaceCopy_CastAiCore_Cast,N/A,N/A,1790932528708697.030	,62.421,0.000000,0
7,aclnnMul_MulAiCore_Mul,N/A,N/A,1790932528708759.471	,60.622,0.079000,0
7,aclnnInplaceCopy_SliceAiCore_Slice,N/A,N/A,1790932528708820.113	,56.761,0.000000,0
7,aclnnInplaceCopy_CastAiCore_Cast,N/A,N/A,1790932528708876.894	,32.500,0.239000,0
7,aclnnPowTensorScalar_PowsAiCore_Pows,N/A,N/A,1790932528708909.434	,38.061,0.000000,0
7,aclnnMean_ReduceMeanAiCore_ReduceMean,N/A,N/A,1790932528708948.515	,29.421,0.939000,0
7,aclnnAdds_AddAiCore_Add,N/A,N/A,1790932528708978.856	,6.620,0.829000,0
7,aclnnRsqrt_RsqrtAiCore_Rsqrt,N/A,N/A,1790932528708985.496	,7.980,0.130000,0
7,aclnnMul_MulAiCore_Mul,N/A,N/A,1790932528708993.496	,37.341,0.020000,0
7,aclnnInplaceCopy_CastAiCore_Cast,N/A,N/A,1790932528709030.857	,17.580,0.000000,0
7,aclnnMul_MulAiCore_Mul,N/A,N/A,1790932528709048.457	,21.741,0.170000,0
7,aclnnMul_TransposeAiCore_Transpose,N/A,N/A,1790932528709070.218	,190.203,0.009000,0
7,aclnnMul_MulAiCore_Mul,N/A,N/A,1790932528709260.441	,61.642,0.047000,0
7,aclnnNeg_AsStridedAiCore_AsStrided,N/A,N/A,1790932528709322.103	,103.522,0.000000,0
7,aclnnNeg_NegAiCore_Neg,N/A,N/A,1790932528709425.645	,30.160,0.228000,0
7,aclnnCat_AsStridedAiCore_AsStrided,N/A,N/A,1790932528709455.825	,57.321,0.000000,0
7,aclnnCat_ConcatD_ConcatD,N/A,N/A,1790932528709513.166	,41.601,0.179000,0
7,aclnnMul_MulAiCore_Mul,N/A,N/A,1790932528709554.787	,52.761,0.000000,0
7,aclnnAdd_AddAiCore_Add,N/A,N/A,1790932528709607.568	,162.603,0.000000,0
7,aclnnMul_TransposeAiCore_Transpose,N/A,N/A,1790932528709770.211	,54.042,0.147000,0
7,aclnnMul_MulAiCore_Mul,N/A,N/A,1790932528709824.273	,17.100,0.000000,0
7,aclnnNeg_AsStridedAiCore_AsStrided,N/A,N/A,1790932528709841.413	,19.320,0.150000,0
7,aclnnNeg_NegAiCore_Neg,N/A,N/A,1790932528709860.753	,9.580,0.000000,0
7,aclnnCat_AsStridedAiCore_AsStrided,N/A,N/A,1790932528709870.353	,17.641,0.000000,0
7,aclnnCat_ConcatD_ConcatD,N/A,N/A,1790932528709888.014	,15.920,0.109000,0
7,aclnnMul_MulAiCore_Mul,N/A,N/A,1790932528709903.954	,17.261,0.080000,0
7,aclnnAdd_AddAiCore_Add,N/A,N/A,1790932528709921.255	,15.740,0.000000,0
7,aclnnInplaceCopy_AsStridedAiCore_AsStrided,N/A,N/A,1790932528709937.035	,39.321,0.010000,0
7,InnerPromptFlashAttention_PromptFlashAttention_PromptFlashAttention,N/A,N/A,1790932528709977.376	,1917.238,1.179000,0
7,aclnnInplaceCopy_TransposeAiCore_Transpose,N/A,N/A,1790932528711895.634	,157.343,1.012000,0
7,aclnnMatmul_MatMulV3Common_MatMulV3,N/A,N/A,1790932528712052.997	,710.314,0.000000,0
7,aclnnAdd_AddAiCore_Add,N/A,N/A,1790932528712763.351	,101.762,0.000000,0
7,aclnnInplaceCopy_CastAiCore_Cast,N/A,N/A,1790932528712865.133	,53.081,0.238000,0
7,aclnnPowTensorScalar_PowsAiCore_Pows,N/A,N/A,1790932528712918.234	,54.181,0.000000,0
7,aclnnMean_ReduceMeanAiCore_ReduceMean,N/A,N/A,1790932528712973.755	,71.782,1.319000,0
7,aclnnAdds_AddAiCore_Add,N/A,N/A,1790932528713046.717	,2.580,1.218000,0
7,aclnnRsqrt_RsqrtAiCore_Rsqrt,N/A,N/A,1790932528713049.337	,2.900,0.000000,0
7,aclnnMul_MulAiCore_Mul,N/A,N/A,1790932528713052.257	,71.321,0.100000,0
7,aclnnInplaceCopy_CastAiCore_Cast,N/A,N/A,1790932528713123.598	,41.901,0.000000,0
7,aclnnMul_MulAiCore_Mul,N/A,N/A,1790932528713165.519	,35.521,0.099000,0
7,aclnnMatmul_MatMulV3Common_MatMulV3,N/A,N/A,1790932528713201.060	,3486.770,0.000000,0
7,aclnnSilu_SliceAiCore_Slice,N/A,N/A,1790932528716687.850	,324.486,0.000000,0
7,aclnnSilu_SiluAiCore_Swish,N/A,N/A,1790932528717012.356	,320.247,0.014000,0
7,aclnnMul_SliceAiCore_Slice,N/A,N/A,1790932528717332.623	,308.546,0.003000,0
7,aclnnMul_MulAiCore_Mul,N/A,N/A,1790932528717641.209	,499.030,0.204000,0
7,aclnnMatmul_MatMulV3Common_MatMulV3,N/A,N/A,1790932528718140.259	,1759.695,0.000000,0
7,aclnnAdd_AddAiCore_Add,N/A,N/A,1790932528719899.974	,87.202,0.055000,0
7,aclnnInplaceCopy_CastAiCore_Cast,N/A,N/A,1790932528719987.196	,35.440,0.048000,0
7,aclnnPowTensorScalar_PowsAiCore_Pows,N/A,N/A,1790932528720022.656	,51.901,0.060000,0
7,aclnnMean_ReduceMeanAiCore_ReduceMean,N/A,N/A,1790932528720075.997	,72.322,1.349000,0
7,aclnnAdds_AddAiCore_Add,N/A,N/A,1790932528720149.539	,2.400,1.178000,0
7,aclnnRsqrt_RsqrtAiCore_Rsqrt,N/A,N/A,1790932528720151.959	,2.740,0.100000,0
7,aclnnMul_MulAiCore_Mul,N/A,N/A,1790932528720154.719	,71.601,0.010000,0
7,aclnnInplaceCopy_CastAiCore_Cast,N/A,N/A,1790932528720226.340	,40.681,0.000000,0
7,aclnnMul_MulAiCore_Mul,N/A,N/A,1790932528720267.041	,42.681,0.069000,0
7,aclnnMatmul_MatMulV3Common_MatMulV3,N/A,N/A,1790932528720309.742	,1056.981,0.069000,0
7,aclnnInplaceCopy_SliceAiCore_Slice,N/A,N/A,1790932528721366.763	,92.662,0.019000,0
7,aclnnInplaceCopy_CastAiCore_Cast,N/A,N/A,1790932528721459.445	,87.662,0.088000,0
7,aclnnPowTensorScalar_PowsAiCore_Pows,N/A,N/A,1790932528721547.127	,136.363,0.088000,0
7,aclnnMean_ReduceMeanAiCore_ReduceMean,N/A,N/A,1790932528721684.530	,89.701,0.887000,0
7,aclnnAdds_AddAiCore_Add,N/A,N/A,1790932528721775.211	,10.901,1.049000,0
7,aclnnRsqrt_RsqrtAiCore_Rsqrt,N/A,N/A,1790932528721786.132	,8.700,0.099000,0
7,aclnnMul_MulAiCore_Mul,N/A,N/A,1790932528721794.852	,111.422,0.000000,0
7,aclnnInplaceCopy_CastAiCore_Cast,N/A,N/A,1790932528721906.294	,60.301,0.078000,0
7,aclnnMul_MulAiCore_Mul,N/A,N/A,1790932528721966.615	,66.942,0.000000,0
7,aclnnInplaceCopy_SliceAiCore_Slice,N/A,N/A,1790932528722033.597	,55.741,0.058000,0
7,aclnnInplaceCopy_CastAiCore_Cast,N/A,N/A,1790932528722089.358	,32.320,0.009000,0
7,aclnnPowTensorScalar_PowsAiCore_Pows,N/A,N/A,1790932528722121.718	,38.241,0.180000,0
7,aclnnMean_ReduceMeanAiCore_ReduceMean,N/A,N/A,1790932528722161.079	,29.541,1.009000,0
7,aclnnAdds_AddAiCore_Add,N/A,N/A,1790932528722191.460	,6.820,0.959000,0
7,aclnnRsqrt_RsqrtAiCore_Rsqrt,N/A,N/A,1790932528722198.300	,7.980,0.000000,0
7,aclnnMul_MulAiCore_Mul,N/A,N/A,1790932528722206.300	,36.861,0.020000,0
7,aclnnInplaceCopy_CastAiCore_Cast,N/A,N/A,1790932528722243.181	,16.700,0.139000,0
7,aclnnMul_MulAiCore_Mul,N/A,N/A,1790932528722259.921	,21.760,0.050000,0
7,aclnnMul_TransposeAiCore_Transpose,N/A,N/A,1790932528722281.721	,189.844,0.000000,0
7,aclnnMul_MulAiCore_Mul,N/A,N/A,1790932528722471.605	,62.602,0.000000,0
7,aclnnNeg_AsStridedAiCore_AsStrided,N/A,N/A,1790932528722534.227	,107.662,0.148000,0
7,aclnnNeg_NegAiCore_Neg,N/A,N/A,1790932528722641.909	,30.520,0.088000,0
7,aclnnCat_AsStridedAiCore_AsStrided,N/A,N/A,1790932528722672.449	,56.321,0.000000,0
7,aclnnCat_ConcatD_ConcatD,N/A,N/A,1790932528722728.790	,41.241,0.000000,0
7,aclnnMul_MulAiCore_Mul,N/A,N/A,1790932528722770.051	,53.341,0.009000,0
7,aclnnAdd_AddAiCore_Add,N/A,N/A,1790932528722823.432	,161.524,0.159000,0
7,aclnnMul_TransposeAiCore_Transpose,N/A,N/A,1790932528722984.976	,54.621,0.000000,0
7,aclnnMul_MulAiCore_Mul,N/A,N/A,1790932528723039.617	,16.500,0.000000,0
7,aclnnNeg_AsStridedAiCore_AsStrided,N/A,N/A,1790932528723056.137	,17.880,0.250000,0
7,aclnnNeg_NegAiCore_Neg,N/A,N/A,1790932528723074.037	,9.300,0.000000,0
7,aclnnCat_AsStridedAiCore_AsStrided,N/A,N/A,1790932528723083.357	,17.361,0.000000,0
7,aclnnCat_ConcatD_ConcatD,N/A,N/A,1790932528723100.738	,15.680,0.139000,0
7,aclnnMul_MulAiCore_Mul,N/A,N/A,1790932528723116.458	,17.080,0.070000,0
7,aclnnAdd_AddAiCore_Add,N/A,N/A,1790932528723133.558	,15.041,0.000000,0
7,aclnnInplaceCopy_AsStridedAiCore_AsStrided,N/A,N/A,1790932528723148.619	,40.241,0.000000,0
7,InnerPromptFlashAttention_PromptFlashAttention_PromptFlashAttention,N/A,N/A,1790932528723189.960	,1913.178,1.259000,0
7,aclnnInplaceCopy_TransposeAiCore_Transpose,N/A,N/A,1790932528725104.238	,157.803,1.072000,0
7,aclnnMatmul_MatMulV3Common_MatMulV3,N/A,N/A,1790932528725262.061	,716.354,0.000000,0
7,aclnnAdd_AddAiCore_Add,N/A,N/A,1790932528725978.455	,103.222,0.146000,0
7,aclnnInplaceCopy_CastAiCore_Cast,N/A,N/A,1790932528726081.697	,53.101,0.028000,0
7,aclnnPowTensorScalar_PowsAiCore_Pows,N/A,N/A,1790932528726134.818	,54.442,0.000000,0
7,aclnnMean_ReduceMeanAiCore_ReduceMean,N/A,N/A,1790932528726190.200	,72.781,1.058000,0
7,aclnnAdds_AddAiCore_Add,N/A,N/A,1790932528726263.761	,2.400,0.719000,0
7,aclnnRsqrt_RsqrtAiCore_Rsqrt,N/A,N/A,1790932528726266.181	,2.780,0.100000,0
7,aclnnMul_MulAiCore_Mul,N/A,N/A,1790932528726268.981	,72.582,0.000000,0
7,aclnnInplaceCopy_CastAiCore_Cast,N/A,N/A,1790932528726341.583	,41.780,0.000000,0
7,aclnnMul_MulAiCore_Mul,N/A,N/A,1790932528726383.383	,40.821,0.220000,0
7,aclnnMatmul_MatMulV3Common_MatMulV3,N/A,N/A,1790932528726424.224	,3491.830,0.000000,0
7,aclnnSilu_SliceAiCore_Slice,N/A,N/A,1790932528729916.094	,327.387,0.000000,0
7,aclnnSilu_SiluAiCore_Swish,N/A,N/A,1790932528730243.501	,323.666,0.113000,0
7,aclnnMul_SliceAiCore_Slice,N/A,N/A,1790932528730567.187	,307.066,0.084000,0
7,aclnnMul_MulAiCore_Mul,N/A,N/A,1790932528730874.273	,512.430,0.000000,0
7,aclnnMatmul_MatMulV3Common_MatMulV3,N/A,N/A,1790932528731386.723	,1737.375,0.070000,0
7,aclnnAdd_AddAiCore_Add,N/A,N/A,1790932528733124.118	,88.142,0.000000,0
7,aclnnInplaceCopy_CastAiCore_Cast,N/A,N/A,1790932528733212.280	,35.801,0.108000,0
7,aclnnPowTensorScalar_PowsAiCore_Pows,N/A,N/A,1790932528733248.101	,52.281,0.000000,0
7,aclnnMean_ReduceMeanAiCore_ReduceMean,N/A,N/A,1790932528733301.402	,72.541,1.219000,0
7,aclnnAdds_AddAiCore_Add,N/A,N/A,1790932528733374.983	,2.640,0.959000,0
7,aclnnRsqrt_RsqrtAiCore_Rsqrt,N/A,N/A,1790932528733377.643	,2.780,0.110000,0
7,aclnnMul_MulAiCore_Mul,N/A,N/A,1790932528733380.463	,71.362,0.000000,0
7,aclnnInplaceCopy_CastAiCore_Cast,N/A,N/A,1790932528733451.845	,41.720,0.000000,0
7,aclnnMul_MulAiCore_Mul,N/A,N/A,1790932528733493.605	,40.581,0.030000,0
7,aclnnMatmul_MatMulV3Common_MatMulV3,N/A,N/A,1790932528733534.206	,1069.062,0.169000,0
7,aclnnInplaceCopy_SliceAiCore_Slice,N/A,N/A,1790932528734603.288	,96.962,0.000000,0
7,aclnnInplaceCopy_CastAiCore_Cast,N/A,N/A,1790932528734700.270	,85.601,0.038000,0
7,aclnnPowTensorScalar_PowsAiCore_Pows,N/A,N/A,1790932528734785.891	,137.123,0.149000,0
7,aclnnMean_ReduceMeanAiCore_ReduceMean,N/A,N/A,1790932528734924.294	,89.322,1.127000,0
7,aclnnAdds_AddAiCore_Add,N/A,N/A,1790932528735014.396	,6.960,0.928000,0
7,aclnnRsqrt_RsqrtAiCore_Rsqrt,N/A,N/A,1790932528735021.376	,8.740,0.040000,0
7,aclnnMul_MulAiCore_Mul,N/A,N/A,1790932528735030.136	,114.282,0.010000,0
7,aclnnInplaceCopy_CastAiCore_Cast,N/A,N/A,1790932528735144.438	,61.342,0.000000,0
7,aclnnMul_MulAiCore_Mul,N/A,N/A,1790932528735205.800	,60.101,0.000000,0
7,aclnnInplaceCopy_SliceAiCore_Slice,N/A,N/A,1790932528735265.921	,56.221,0.149000,0
7,aclnnInplaceCopy_CastAiCore_Cast,N/A,N/A,1790932528735322.182	,32.681,0.029000,0
7,aclnnPowTensorScalar_PowsAiCore_Pows,N/A,N/A,1790932528735354.903	,37.860,0.069000,0
7,aclnnMean_ReduceMeanAiCore_ReduceMean,N/A,N/A,1790932528735394.243	,29.401,1.390000,0
7,aclnnAdds_AddAiCore_Add,N/A,N/A,1790932528735424.604	,6.980,0.849000,0
7,aclnnRsqrt_RsqrtAiCore_Rsqrt,N/A,N/A,1790932528735431.624	,8.000,0.020000,0
7,aclnnMul_MulAiCore_Mul,N/A,N/A,1790932528735439.664	,36.541,0.250000,0
7,aclnnInplaceCopy_CastAiCore_Cast,N/A,N/A,1790932528735476.225	,16.620,0.000000,0
7,aclnnMul_MulAiCore_Mul,N/A,N/A,1790932528735492.865	,21.681,0.000000,0
7,aclnnMul_TransposeAiCore_Transpose,N/A,N/A,1790932528735514.566	,188.384,0.069000,0
7,aclnnMul_MulAiCore_Mul,N/A,N/A,1790932528735702.970	,62.081,0.116000,0
7,aclnnNeg_AsStridedAiCore_AsStrided,N/A,N/A,1790932528735765.071	,106.402,0.000000,0
7,aclnnNeg_NegAiCore_Neg,N/A,N/A,1790932528735871.493	,31.181,0.098000,0
7,aclnnCat_AsStridedAiCore_AsStrided,N/A,N/A,1790932528735902.694	,54.081,0.069000,0
7,aclnnCat_ConcatD_ConcatD,N/A,N/A,1790932528735956.795	,40.180,0.000000,0
7,aclnnMul_MulAiCore_Mul,N/A,N/A,1790932528735997.016	,53.461,0.070000,0
7,aclnnAdd_AddAiCore_Add,N/A,N/A,1790932528736050.497	,161.363,0.039000,0
7,aclnnMul_TransposeAiCore_Transpose,N/A,N/A,1790932528736211.880	,53.901,0.137000,0
7,aclnnMul_MulAiCore_Mul,N/A,N/A,1790932528736265.821	,16.180,0.000000,0
7,aclnnNeg_AsStridedAiCore_AsStrided,N/A,N/A,1790932528736282.021	,18.501,0.070000,0
7,aclnnNeg_NegAiCore_Neg,N/A,N/A,1790932528736300.542	,9.360,0.000000,0
7,aclnnCat_AsStridedAiCore_AsStrided,N/A,N/A,1790932528736309.942	,17.840,0.140000,0
7,aclnnCat_ConcatD_ConcatD,N/A,N/A,1790932528736327.802	,15.540,0.000000,0
7,aclnnMul_MulAiCore_Mul,N/A,N/A,1790932528736343.382	,17.201,0.210000,0
7,aclnnAdd_AddAiCore_Add,N/A,N/A,1790932528736360.603	,15.280,0.000000,0
7,aclnnInplaceCopy_AsStridedAiCore_AsStrided,N/A,N/A,1790932528736375.903	,39.681,0.220000,0
7,InnerPromptFlashAttention_PromptFlashAttention_PromptFlashAttention,N/A,N/A,1790932528736416.504	,1911.618,0.819000,0
7,aclnnInplaceCopy_TransposeAiCore_Transpose,N/A,N/A,1790932528738329.342	,159.003,1.132000,0
7,aclnnMatmul_MatMulV3Common_MatMulV3,N/A,N/A,1790932528738488.365	,710.814,0.000000,0
7,aclnnAdd_AddAiCore_Add,N/A,N/A,1790932528739199.199	,102.743,0.186000,0
7,aclnnInplaceCopy_CastAiCore_Cast,N/A,N/A,1790932528739301.962	,53.001,0.007000,0
7,aclnnPowTensorScalar_PowsAiCore_Pows,N/A,N/A,1790932528739355.003	,53.241,0.000000,0
7,aclnnMean_ReduceMeanAiCore_ReduceMean,N/A,N/A,1790932528739409.724	,72.081,1.509000,0
7,aclnnAdds_AddAiCore_Add,N/A,N/A,1790932528739482.745	,2.660,0.919000,0
7,aclnnRsqrt_RsqrtAiCore_Rsqrt,N/A,N/A,1790932528739485.425	,3.080,0.090000,0
7,aclnnMul_MulAiCore_Mul,N/A,N/A,1790932528739488.525	,71.882,0.000000,0
7,aclnnInplaceCopy_CastAiCore_Cast,N/A,N/A,1790932528739560.427	,41.621,0.118000,0
7,aclnnMul_MulAiCore_Mul,N/A,N/A,1790932528739602.068	,35.640,0.000000,0
7,aclnnMatmul_MatMulV3Common_MatMulV3,N/A,N/A,1790932528739637.728	,3467.630,0.110000,0
7,aclnnSilu_SliceAiCore_Slice,N/A,N/A,1790932528743105.378	,326.886,0.120000,0
7,aclnnSilu_SiluAiCore_Swish,N/A,N/A,1790932528743432.304	,323.047,0.000000,0
7,aclnnMul_SliceAiCore_Slice,N/A,N/A,1790932528743755.371	,308.406,0.000000,0
7,aclnnMul_MulAiCore_Mul,N/A,N/A,1790932528744063.797	,497.230,0.094000,0
7,aclnnMatmul_MatMulV3Common_MatMulV3,N/A,N/A,1790932528744561.067	,1756.715,0.020000,0
7,aclnnAdd_AddAiCore_Add,N/A,N/A,1790932528746317.802	,88.141,0.035000,0
7,aclnnInplaceCopy_CastAiCore_Cast,N/A,N/A,1790932528746405.983	,34.561,0.109000,0
7,aclnnPowTensorScalar_PowsAiCore_Pows,N/A,N/A,1790932528746440.564	,50.941,0.000000,0
7,aclnnMean_ReduceMeanAiCore_ReduceMean,N/A,N/A,1790932528746492.865	,72.822,1.309000,0
7,aclnnAdds_AddAiCore_Add,N/A,N/A,1790932528746566.427	,2.660,0.928000,0
7,aclnnRsqrt_RsqrtAiCore_Rsqrt,N/A,N/A,1790932528746569.107	,2.740,0.000000,0
7,aclnnMul_MulAiCore_Mul,N/A,N/A,1790932528746571.867	,71.781,0.010000,0
7,aclnnInplaceCopy_CastAiCore_Cast,N/A,N/A,1790932528746643.668	,41.161,0.219000,0
7,aclnnMul_MulAiCore_Mul,N/A,N/A,1790932528746684.849	,40.901,0.000000,0
7,aclnnMatmul_MatMulV3Common_MatMulV3,N/A,N/A,1790932528746725.790	,1061.621,0.099000,0
7,aclnnInplaceCopy_SliceAiCore_Slice,N/A,N/A,1790932528747787.431	,92.062,0.129000,0
7,aclnnInplaceCopy_CastAiCore_Cast,N/A,N/A,1790932528747879.513	,87.522,0.000000,0
7,aclnnPowTensorScalar_PowsAiCore_Pows,N/A,N/A,1790932528747967.075	,133.282,0.000000,0
7,aclnnMean_ReduceMeanAiCore_ReduceMean,N/A,N/A,1790932528748101.737	,88.242,1.468000,0
7,aclnnAdds_AddAiCore_Add,N/A,N/A,1790932528748191.159	,7.140,1.258000,0
7,aclnnRsqrt_RsqrtAiCore_Rsqrt,N/A,N/A,1790932528748198.319	,8.720,0.000000,0
7,aclnnMul_MulAiCore_Mul,N/A,N/A,1790932528748207.059	,110.903,0.030000,0
7,aclnnInplaceCopy_CastAiCore_Cast,N/A,N/A,1790932528748318.002	,59.901,0.097000,0
7,aclnnMul_MulAiCore_Mul,N/A,N/A,1790932528748377.943	,59.801,0.099000,0
7,aclnnInplaceCopy_SliceAiCore_Slice,N/A,N/A,1790932528748437.764	,56.941,0.000000,0
7,aclnnInplaceCopy_CastAiCore_Cast,N/A,N/A,1790932528748494.725	,33.121,0.059000,0
7,aclnnPowTensorScalar_PowsAiCore_Pows,N/A,N/A,1790932528748527.886	,39.181,0.129000,0
7,aclnnMean_ReduceMeanAiCore_ReduceMean,N/A,N/A,1790932528748568.087	,29.840,0.819000,0
7,aclnnAdds_AddAiCore_Add,N/A,N/A,1790932528748599.067	,6.540,1.160000,0
7,aclnnRsqrt_RsqrtAiCore_Rsqrt,N/A,N/A,1790932528748605.647	,7.981,0.210000,0
7,aclnnMul_MulAiCore_Mul,N/A,N/A,1790932528748613.648	,37.560,0.019000,0
7,aclnnInplaceCopy_CastAiCore_Cast,N/A,N/A,1790932528748651.228	,16.801,0.000000,0
7,aclnnMul_MulAiCore_Mul,N/A,N/A,1790932528748668.049	,21.520,0.000000,0
7,aclnnMul_TransposeAiCore_Transpose,N/A,N/A,1790932528748689.589	,186.984,0.000000,0
7,aclnnMul_MulAiCore_Mul,N/A,N/A,1790932528748876.593	,62.741,0.016000,0
7,aclnnNeg_AsStridedAiCore_AsStrided,N/A,N/A,1790932528748939.354	,103.782,0.009000,0
7,aclnnNeg_NegAiCore_Neg,N/A,N/A,1790932528749043.176	,30.221,0.218000,0
7,aclnnCat_AsStridedAiCore_AsStrided,N/A,N/A,1790932528749073.417	,54.041,0.029000,0
7,aclnnCat_ConcatD_ConcatD,N/A,N/A,1790932528749127.478	,41.381,0.000000,0
7,aclnnMul_MulAiCore_Mul,N/A,N/A,1790932528749168.879	,53.761,0.119000,0
7,aclnnAdd_AddAiCore_Add,N/A,N/A,1790932528749222.660	,162.823,0.000000,0
7,aclnnMul_TransposeAiCore_Transpose,N/A,N/A,1790932528749385.503	,54.061,0.000000,0
7,aclnnMul_MulAiCore_Mul,N/A,N/A,1790932528749439.584	,18.100,0.000000,0
7,aclnnNeg_AsStridedAiCore_AsStrided,N/A,N/A,1790932528749457.704	,18.341,0.150000,0
7,aclnnNeg_NegAiCore_Neg,N/A,N/A,1790932528749476.065	,9.380,0.000000,0
7,aclnnCat_AsStridedAiCore_AsStrided,N/A,N/A,1790932528749485.485	,18.120,0.120000,0
7,aclnnCat_ConcatD_ConcatD,N/A,N/A,1790932528749503.625	,15.781,0.000000,0
7,aclnnMul_MulAiCore_Mul,N/A,N/A,1790932528749519.426	,17.020,0.219000,0
7,aclnnAdd_AddAiCore_Add,N/A,N/A,1790932528749536.466	,15.900,0.000000,0
7,aclnnInplaceCopy_AsStridedAiCore_AsStrided,N/A,N/A,1790932528749552.386	,40.181,0.100000,0
7,InnerPromptFlashAttention_PromptFlashAttention_PromptFlashAttention,N/A,N/A,1790932528749594.027	,2228.285,1.319000,0
7,aclnnInplaceCopy_TransposeAiCore_Transpose,N/A,N/A,1790932528751823.512	,154.043,1.215000,0
7,aclnnMatmul_MatMulV3Common_MatMulV3,N/A,N/A,1790932528751977.575	,712.634,0.000000,0
7,aclnnAdd_AddAiCore_Add,N/A,N/A,1790932528752690.229	,102.902,0.116000,0
7,aclnnInplaceCopy_CastAiCore_Cast,N/A,N/A,1790932528752793.151	,52.861,0.098000,0
7,aclnnPowTensorScalar_PowsAiCore_Pows,N/A,N/A,1790932528752846.032	,54.581,0.000000,0
7,aclnnMean_ReduceMeanAiCore_ReduceMean,N/A,N/A,1790932528752901.813	,71.062,1.169000,0
7,aclnnAdds_AddAiCore_Add,N/A,N/A,1790932528752973.655	,2.540,0.938000,0
7,aclnnRsqrt_RsqrtAiCore_Rsqrt,N/A,N/A,1790932528752976.215	,2.800,0.000000,0
7,aclnnMul_MulAiCore_Mul,N/A,N/A,1790932528752979.035	,73.381,0.000000,0
7,aclnnInplaceCopy_CastAiCore_Cast,N/A,N/A,1790932528753052.436	,41.541,0.119000,0
7,aclnnMul_MulAiCore_Mul,N/A,N/A,1790932528753093.997	,41.341,0.000000,0
7,aclnnMatmul_MatMulV3Common_MatMulV3,N/A,N/A,1790932528753135.378	,3486.130,0.159000,0
7,aclnnSilu_SliceAiCore_Slice,N/A,N/A,1790932528756621.528	,330.746,0.000000,0
7,aclnnSilu_SiluAiCore_Swish,N/A,N/A,1790932528756952.314	,322.147,0.004000,0
7,aclnnMul_SliceAiCore_Slice,N/A,N/A,1790932528757274.481	,306.366,0.103000,0
7,aclnnMul_MulAiCore_Mul,N/A,N/A,1790932528757580.867	,510.970,0.000000,0
7,aclnnMatmul_MatMulV3Common_MatMulV3,N/A,N/A,1790932528758091.857	,1739.715,0.030000,0
7,aclnnAdd_AddAiCore_Add,N/A,N/A,1790932528759831.592	,86.641,0.035000,0
7,aclnnInplaceCopy_CastAiCore_Cast,N/A,N/A,1790932528759918.273	,36.221,0.109000,0
7,aclnnPowTensorScalar_PowsAiCore_Pows,N/A,N/A,1790932528759954.514	,51.481,0.029000,0
7,aclnnMean_ReduceMeanAiCore_ReduceMean,N/A,N/A,1790932528760007.195	,73.462,1.269000,0
7,aclnnAdds_AddAiCore_Add,N/A,N/A,1790932528760081.377	,2.660,0.788000,0
7,aclnnRsqrt_RsqrtAiCore_Rsqrt,N/A,N/A,1790932528760084.077	,3.020,0.000000,0
7,aclnnMul_MulAiCore_Mul,N/A,N/A,1790932528760087.117	,71.841,0.000000,0
7,aclnnInplaceCopy_CastAiCore_Cast,N/A,N/A,1790932528760158.978	,41.901,0.159000,0
7,aclnnMul_MulAiCore_Mul,N/A,N/A,1790932528760200.899	,41.741,0.099000,0
7,aclnnMatmul_MatMulV3Common_MatMulV3,N/A,N/A,1790932528760242.660	,1071.381,0.009000,0
7,aclnnInplaceCopy_SliceAiCore_Slice,N/A,N/A,1790932528761314.061	,94.222,0.000000,0
7,aclnnInplaceCopy_CastAiCore_Cast,N/A,N/A,1790932528761408.303	,85.982,0.028000,0
7,aclnnPowTensorScalar_PowsAiCore_Pows,N/A,N/A,1790932528761494.305	,131.383,0.018000,0
7,aclnnMean_ReduceMeanAiCore_ReduceMean,N/A,N/A,1790932528761626.948	,88.501,1.367000,0
7,aclnnAdds_AddAiCore_Add,N/A,N/A,1790932528761716.349	,7.401,0.749000,0
7,aclnnRsqrt_RsqrtAiCore_Rsqrt,N/A,N/A,1790932528761723.770	,14.160,0.099000,0
7,aclnnMul_MulAiCore_Mul,N/A,N/A,1790932528761737.950	,113.202,0.090000,0
7,aclnnInplaceCopy_CastAiCore_Cast,N/A,N/A,1790932528761851.172	,60.981,0.048000,0
7,aclnnMul_MulAiCore_Mul,N/A,N/A,1790932528761912.173	,60.121,0.019000,0
7,aclnnInplaceCopy_SliceAiCore_Slice,N/A,N/A,1790932528761972.334	,55.502,0.000000,0
7,aclnnInplaceCopy_CastAiCore_Cast,N/A,N/A,1790932528762027.856	,32.640,0.000000,0
7,aclnnPowTensorScalar_PowsAiCore_Pows,N/A,N/A,1790932528762060.516	,38.041,0.110000,0
7,aclnnMean_ReduceMeanAiCore_ReduceMean,N/A,N/A,1790932528762099.837	,29.341,1.209000,0
7,aclnnAdds_AddAiCore_Add,N/A,N/A,1790932528762130.178	,6.560,1.159000,0
7,aclnnRsqrt_RsqrtAiCore_Rsqrt,N/A,N/A,1790932528762136.778	,8.000,0.000000,0
7,aclnnMul_MulAiCore_Mul,N/A,N/A,1790932528762144.798	,37.841,0.000000,0
7,aclnnInplaceCopy_CastAiCore_Cast,N/A,N/A,1790932528762182.679	,16.660,0.159000,0
7,aclnnMul_MulAiCore_Mul,N/A,N/A,1790932528762199.359	,21.860,0.000000,0
7,aclnnMul_TransposeAiCore_Transpose,N/A,N/A,1790932528762221.259	,189.164,0.140000,0
7,aclnnMul_MulAiCore_Mul,N/A,N/A,1790932528762410.443	,63.542,0.086000,0
7,aclnnNeg_AsStridedAiCore_AsStrided,N/A,N/A,1790932528762474.025	,104.582,0.000000,0
7,aclnnNeg_NegAiCore_Neg,N/A,N/A,1790932528762578.627	,31.440,0.168000,0
7,aclnnCat_AsStridedAiCore_AsStrided,N/A,N/A,1790932528762610.087	,54.801,0.000000,0
7,aclnnCat_ConcatD_ConcatD,N/A,N/A,1790932528762664.928	,40.921,0.199000,0
7,aclnnMul_MulAiCore_Mul,N/A,N/A,1790932528762705.869	,53.161,0.000000,0
7,aclnnAdd_AddAiCore_Add,N/A,N/A,1790932528762759.050	,161.843,0.089000,0
7,aclnnMul_TransposeAiCore_Transpose,N/A,N/A,1790932528762920.933	,55.182,0.157000,0
7,aclnnMul_MulAiCore_Mul,N/A,N/A,1790932528762976.135	,16.900,0.068000,0
7,aclnnNeg_AsStridedAiCore_AsStrided,N/A,N/A,1790932528762993.055	,18.800,0.000000,0
7,aclnnNeg_NegAiCore_Neg,N/A,N/A,1790932528763011.895	,9.240,0.200000,0
7,aclnnCat_AsStridedAiCore_AsStrided,N/A,N/A,1790932528763021.155	,17.701,0.010000,0
7,aclnnCat_ConcatD_ConcatD,N/A,N/A,1790932528763038.876	,22.200,0.049000,0
7,aclnnMul_MulAiCore_Mul,N/A,N/A,1790932528763061.096	,17.381,0.000000,0
7,aclnnAdd_AddAiCore_Add,N/A,N/A,1790932528763078.517	,15.420,0.119000,0
7,aclnnInplaceCopy_AsStridedAiCore_AsStrided,N/A,N/A,1790932528763093.977	,39.901,0.080000,0
7,InnerPromptFlashAttention_PromptFlashAttention_PromptFlashAttention,N/A,N/A,1790932528763135.058	,1910.778,1.099000,0
7,aclnnInplaceCopy_TransposeAiCore_Transpose,N/A,N/A,1790932528765046.976	,157.943,1.222000,0
7,aclnnMatmul_MatMulV3Common_MatMulV3,N/A,N/A,1790932528765204.939	,713.414,0.057000,0
7,aclnnAdd_AddAiCore_Add,N/A,N/A,1790932528765918.373	,102.722,0.000000,0
7,aclnnInplaceCopy_CastAiCore_Cast,N/A,N/A,1790932528766021.135	,53.841,0.278000,0
7,aclnnPowTensorScalar_PowsAiCore_Pows,N/A,N/A,1790932528766074.996	,53.462,0.000000,0
7,aclnnMean_ReduceMeanAiCore_ReduceMean,N/A,N/A,1790932528766129.458	,71.861,1.038000,0
7,aclnnAdds_AddAiCore_Add,N/A,N/A,1790932528766202.439	,2.400,1.139000,0
7,aclnnRsqrt_RsqrtAiCore_Rsqrt,N/A,N/A,1790932528766204.859	,2.760,0.000000,0
7,aclnnMul_MulAiCore_Mul,N/A,N/A,1790932528766207.639	,73.642,0.240000,0
7,aclnnInplaceCopy_CastAiCore_Cast,N/A,N/A,1790932528766281.321	,41.400,0.000000,0
7,aclnnMul_MulAiCore_Mul,N/A,N/A,1790932528766322.741	,35.001,0.100000,0
7,aclnnMatmul_MatMulV3Common_MatMulV3,N/A,N/A,1790932528766357.762	,3466.309,0.000000,0
7,aclnnSilu_SliceAiCore_Slice,N/A,N/A,1790932528769824.111	,325.607,0.000000,0
7,aclnnSilu_SiluAiCore_Swish,N/A,N/A,1790932528770149.738	,324.306,0.143000,0
7,aclnnMul_SliceAiCore_Slice,N/A,N/A,1790932528770474.064	,307.066,0.000000,0
7,aclnnMul_MulAiCore_Mul,N/A,N/A,1790932528770781.150	,497.070,0.184000,0
7,aclnnMatmul_MatMulV3Common_MatMulV3,N/A,N/A,1790932528771278.260	,1749.795,0.000000,0
7,aclnnAdd_AddAiCore_Add,N/A,N/A,1790932528773028.075	,88.262,0.000000,0
7,aclnnInplaceCopy_CastAiCore_Cast,N/A,N/A,1790932528773116.357	,35.101,0.000000,0
7,aclnnPowTensorScalar_PowsAiCore_Pows,N/A,N/A,1790932528773151.498	,51.241,0.149000,0
7,aclnnMean_ReduceMeanAiCore_ReduceMean,N/A,N/A,1790932528773203.979	,72.821,1.259000,0
7,aclnnAdds_AddAiCore_Add,N/A,N/A,1790932528773277.540	,2.660,0.679000,0
7,aclnnRsqrt_RsqrtAiCore_Rsqrt,N/A,N/A,1790932528773280.220	,3.060,0.090000,0
7,aclnnMul_MulAiCore_Mul,N/A,N/A,1790932528773283.320	,70.962,0.000000,0
7,aclnnInplaceCopy_CastAiCore_Cast,N/A,N/A,1790932528773354.302	,40.921,0.038000,0
7,aclnnMul_MulAiCore_Mul,N/A,N/A,1790932528773395.243	,40.661,0.079000,0
7,aclnnMatmul_MatMulV3Common_MatMulV3,N/A,N/A,1790932528773435.924	,1061.121,0.089000,0
7,aclnnInplaceCopy_SliceAiCore_Slice,N/A,N/A,1790932528774497.065	,92.662,0.000000,0
7,aclnnInplaceCopy_CastAiCore_Cast,N/A,N/A,1790932528774589.747	,88.381,0.088000,0
7,aclnnPowTensorScalar_PowsAiCore_Pows,N/A,N/A,1790932528774678.148	,138.243,0.119000,0
7,aclnnMean_ReduceMeanAiCore_ReduceMean,N/A,N/A,1790932528774817.371	,89.562,0.757000,0
7,aclnnAdds_AddAiCore_Add,N/A,N/A,1790932528774907.973	,7.540,1.188000,0
7,aclnnRsqrt_RsqrtAiCore_Rsqrt,N/A,N/A,1790932528774915.533	,8.900,0.000000,0
7,aclnnMul_MulAiCore_Mul,N/A,N/A,1790932528774924.453	,111.102,0.100000,0
7,aclnnInplaceCopy_CastAiCore_Cast,N/A,N/A,1790932528775035.595	,62.302,0.000000,0
7,aclnnMul_MulAiCore_Mul,N/A,N/A,1790932528775097.917	,59.681,0.198000,0
7,aclnnInplaceCopy_SliceAiCore_Slice,N/A,N/A,1790932528775157.618	,55.941,0.000000,0
7,aclnnInplaceCopy_CastAiCore_Cast,N/A,N/A,1790932528775213.599	,34.481,0.059000,0
7,aclnnPowTensorScalar_PowsAiCore_Pows,N/A,N/A,1790932528775248.100	,37.960,0.019000,0
7,aclnnMean_ReduceMeanAiCore_ReduceMean,N/A,N/A,1790932528775287.321	,29.580,1.290000,0
7,aclnnAdds_AddAiCore_Add,N/A,N/A,1790932528775317.681	,6.740,0.920000,0
7,aclnnRsqrt_RsqrtAiCore_Rsqrt,N/A,N/A,1790932528775324.441	,8.080,0.010000,0
7,aclnnMul_MulAiCore_Mul,N/A,N/A,1790932528775332.561	,36.621,0.000000,0
7,aclnnInplaceCopy_CastAiCore_Cast,N/A,N/A,1790932528775369.202	,16.560,0.129000,0
7,aclnnMul_MulAiCore_Mul,N/A,N/A,1790932528775385.802	,21.921,0.000000,0
7,aclnnMul_TransposeAiCore_Transpose,N/A,N/A,1790932528775407.763	,186.884,0.079000,0
7,aclnnMul_MulAiCore_Mul,N/A,N/A,1790932528775594.667	,64.161,0.116000,0
7,aclnnNeg_AsStridedAiCore_AsStrided,N/A,N/A,1790932528775658.868	,103.642,0.000000,0
7,aclnnNeg_NegAiCore_Neg,N/A,N/A,1790932528775762.550	,30.241,0.108000,0
7,aclnnCat_AsStridedAiCore_AsStrided,N/A,N/A,1790932528775792.811	,56.501,0.009000,0
7,aclnnCat_ConcatD_ConcatD,N/A,N/A,1790932528775849.332	,41.941,0.000000,0
7,aclnnMul_MulAiCore_Mul,N/A,N/A,1790932528775891.313	,52.941,0.059000,0
7,aclnnAdd_AddAiCore_Add,N/A,N/A,1790932528775944.274	,161.303,0.059000,0
7,aclnnMul_TransposeAiCore_Transpose,N/A,N/A,1790932528776105.597	,54.561,0.000000,0
7,aclnnMul_MulAiCore_Mul,N/A,N/A,1790932528776160.178	,17.280,0.189000,0
7,aclnnNeg_AsStridedAiCore_AsStrided,N/A,N/A,1790932528776177.478	,18.241,0.000000,0
7,aclnnNeg_NegAiCore_Neg,N/A,N/A,1790932528776195.739	,9.340,0.009000,0
7,aclnnCat_AsStridedAiCore_AsStrided,N/A,N/A,1790932528776205.099	,17.060,0.000000,0
7,aclnnCat_ConcatD_ConcatD,N/A,N/A,1790932528776222.179	,16.001,0.190000,0
7,aclnnMul_MulAiCore_Mul,N/A,N/A,1790932528776238.220	,17.320,0.000000,0
7,aclnnAdd_AddAiCore_Add,N/A,N/A,1790932528776255.580	,15.720,0.000000,0
7,aclnnInplaceCopy_AsStridedAiCore_AsStrided,N/A,N/A,1790932528776271.340	,39.641,0.030000,0
7,InnerPromptFlashAttention_PromptFlashAttention_PromptFlashAttention,N/A,N/A,1790932528776312.221	,1922.498,1.359000,0
7,aclnnInplaceCopy_TransposeAiCore_Transpose,N/A,N/A,1790932528778235.679	,160.304,1.002000,0
7,aclnnMatmul_MatMulV3Common_MatMulV3,N/A,N/A,1790932528778396.003	,709.654,0.000000,0
7,aclnnAdd_AddAiCore_Add,N/A,N/A,1790932528779105.677	,102.342,0.096000,0
7,aclnnInplaceCopy_CastAiCore_Cast,N/A,N/A,1790932528779208.039	,53.841,0.000000,0
7,aclnnPowTensorScalar_PowsAiCore_Pows,N/A,N/A,1790932528779261.900	,54.821,0.159000,0
7,aclnnMean_ReduceMeanAiCore_ReduceMean,N/A,N/A,1790932528779317.701	,77.282,0.929000,0
7,aclnnAdds_AddAiCore_Add,N/A,N/A,1790932528779396.103	,2.760,0.968000,0
7,aclnnRsqrt_RsqrtAiCore_Rsqrt,N/A,N/A,1790932528779398.883	,2.780,0.240000,0
7,aclnnMul_MulAiCore_Mul,N/A,N/A,1790932528779401.683	,72.501,0.000000,0
7,aclnnInplaceCopy_CastAiCore_Cast,N/A,N/A,1790932528779474.204	,41.281,0.000000,0
7,aclnnMul_MulAiCore_Mul,N/A,N/A,1790932528779515.505	,40.341,0.000000,0
7,aclnnMatmul_MatMulV3Common_MatMulV3,N/A,N/A,1790932528779555.866	,3485.269,0.000000,0
7,aclnnSilu_SliceAiCore_Slice,N/A,N/A,1790932528783041.155	,329.727,0.231000,0
7,aclnnSilu_SiluAiCore_Swish,N/A,N/A,1790932528783370.922	,327.567,0.023000,0
7,aclnnMul_SliceAiCore_Slice,N/A,N/A,1790932528783698.509	,306.146,0.000000,0
7,aclnnMul_MulAiCore_Mul,N/A,N/A,1790932528784004.695	,512.130,0.104000,0
7,aclnnMatmul_MatMulV3Common_MatMulV3,N/A,N/A,1790932528784516.845	,1739.815,0.000000,0
7,aclnnAdd_AddAiCore_Add,N/A,N/A,1790932528786256.680	,88.241,0.185000,0
7,aclnnInplaceCopy_CastAiCore_Cast,N/A,N/A,1790932528786344.941	,36.121,0.009000,0
7,aclnnPowTensorScalar_PowsAiCore_Pows,N/A,N/A,1790932528786381.082	,51.361,0.000000,0
7,aclnnMean_ReduceMeanAiCore_ReduceMean,N/A,N/A,1790932528786433.523	,78.402,1.139000,0
7,aclnnAdds_AddAiCore_Add,N/A,N/A,1790932528786513.165	,2.700,1.348000,0
7,aclnnRsqrt_RsqrtAiCore_Rsqrt,N/A,N/A,1790932528786515.885	,2.880,0.050000,0
7,aclnnMul_MulAiCore_Mul,N/A,N/A,1790932528786518.785	,73.261,0.000000,0
7,aclnnInplaceCopy_CastAiCore_Cast,N/A,N/A,1790932528786592.066	,41.561,0.000000,0
7,aclnnMul_MulAiCore_Mul,N/A,N/A,1790932528786633.647	,40.441,0.189000,0
7,aclnnMatmul_MatMulV3Common_MatMulV3,N/A,N/A,1790932528786674.108	,1062.621,0.000000,0
7,aclnnInplaceCopy_SliceAiCore_Slice,N/A,N/A,1790932528787736.749	,95.902,0.129000,0
7,aclnnInplaceCopy_CastAiCore_Cast,N/A,N/A,1790932528787832.671	,82.142,0.098000,0
7,aclnnPowTensorScalar_PowsAiCore_Pows,N/A,N/A,1790932528787914.833	,138.903,0.000000,0
7,aclnnMean_ReduceMeanAiCore_ReduceMean,N/A,N/A,1790932528788055.176	,89.801,1.597000,0
7,aclnnAdds_AddAiCore_Add,N/A,N/A,1790932528788145.757	,7.001,0.699000,0
7,aclnnRsqrt_RsqrtAiCore_Rsqrt,N/A,N/A,1790932528788152.778	,8.900,0.000000,0
7,aclnnMul_MulAiCore_Mul,N/A,N/A,1790932528788161.718	,111.182,0.100000,0
7,aclnnInplaceCopy_CastAiCore_Cast,N/A,N/A,1790932528788272.920	,61.001,0.068000,0
7,aclnnMul_MulAiCore_Mul,N/A,N/A,1790932528788333.941	,60.341,0.000000,0
7,aclnnInplaceCopy_SliceAiCore_Slice,N/A,N/A,1790932528788394.322	,55.962,0.000000,0
7,aclnnInplaceCopy_CastAiCore_Cast,N/A,N/A,1790932528788450.304	,32.780,0.038000,0
7,aclnnPowTensorScalar_PowsAiCore_Pows,N/A,N/A,1790932528788483.104	,37.941,0.000000,0
7,aclnnMean_ReduceMeanAiCore_ReduceMean,N/A,N/A,1790932528788522.085	,29.681,1.059000,0
7,aclnnAdds_AddAiCore_Add,N/A,N/A,1790932528788552.446	,10.440,0.819000,0
7,aclnnRsqrt_RsqrtAiCore_Rsqrt,N/A,N/A,1790932528788562.906	,7.960,0.060000,0
7,aclnnMul_MulAiCore_Mul,N/A,N/A,1790932528788570.886	,37.061,0.040000,0
7,aclnnInplaceCopy_CastAiCore_Cast,N/A,N/A,1790932528788607.967	,17.040,0.000000,0
7,aclnnMul_MulAiCore_Mul,N/A,N/A,1790932528788625.027	,21.720,0.000000,0
7,aclnnMul_TransposeAiCore_Transpose,N/A,N/A,1790932528788646.787	,191.064,0.030000,0
7,aclnnMul_MulAiCore_Mul,N/A,N/A,1790932528788837.871	,61.501,0.000000,0
7,aclnnNeg_AsStridedAiCore_AsStrided,N/A,N/A,1790932528788899.392	,103.203,0.249000,0
7,aclnnNeg_NegAiCore_Neg,N/A,N/A,1790932528789002.615	,30.200,0.000000,0
7,aclnnCat_AsStridedAiCore_AsStrided,N/A,N/A,1790932528789032.835	,54.461,0.050000,0
7,aclnnCat_ConcatD_ConcatD,N/A,N/A,1790932528789087.316	,43.081,0.039000,0
7,aclnnMul_MulAiCore_Mul,N/A,N/A,1790932528789130.417	,53.441,0.169000,0
7,aclnnAdd_AddAiCore_Add,N/A,N/A,1790932528789183.898	,161.803,0.059000,0
7,aclnnMul_TransposeAiCore_Transpose,N/A,N/A,1790932528789345.721	,53.921,0.000000,0
7,aclnnMul_MulAiCore_Mul,N/A,N/A,1790932528789399.662	,16.541,0.079000,0
7,aclnnNeg_AsStridedAiCore_AsStrided,N/A,N/A,1790932528789416.223	,18.480,0.000000,0
7,aclnnNeg_NegAiCore_Neg,N/A,N/A,1790932528789434.723	,9.340,0.020000,0
7,aclnnCat_AsStridedAiCore_AsStrided,N/A,N/A,1790932528789444.083	,17.901,0.000000,0
7,aclnnCat_ConcatD_ConcatD,N/A,N/A,1790932528789462.004	,15.380,0.099000,0
7,aclnnMul_MulAiCore_Mul,N/A,N/A,1790932528789477.404	,17.120,0.120000,0
7,aclnnAdd_AddAiCore_Add,N/A,N/A,1790932528789494.544	,15.501,0.000000,0
7,aclnnInplaceCopy_AsStridedAiCore_AsStrided,N/A,N/A,1790932528789510.065	,39.940,0.000000,0
7,InnerPromptFlashAttention_PromptFlashAttention_PromptFlashAttention,N/A,N/A,1790932528789550.926	,1883.337,1.060000,0
7,aclnnInplaceCopy_TransposeAiCore_Transpose,N/A,N/A,1790932528791435.163	,157.563,0.913000,0
7,aclnnMatmul_MatMulV3Common_MatMulV3,N/A,N/A,1790932528791592.746	,706.134,0.000000,0
7,aclnnAdd_AddAiCore_Add,N/A,N/A,1790932528792298.900	,103.302,0.116000,0
7,aclnnInplaceCopy_CastAiCore_Cast,N/A,N/A,1790932528792402.222	,53.442,0.000000,0
7,aclnnPowTensorScalar_PowsAiCore_Pows,N/A,N/A,1790932528792455.684	,54.101,0.058000,0
7,aclnnMean_ReduceMeanAiCore_ReduceMean,N/A,N/A,1790932528792511.125	,72.281,1.149000,0
7,aclnnAdds_AddAiCore_Add,N/A,N/A,1790932528792584.626	,2.560,1.469000,0
7,aclnnRsqrt_RsqrtAiCore_Rsqrt,N/A,N/A,1790932528792587.226	,2.740,0.000000,0
7,aclnnMul_MulAiCore_Mul,N/A,N/A,1790932528792589.986	,72.222,0.010000,0
7,aclnnInplaceCopy_CastAiCore_Cast,N/A,N/A,1790932528792662.248	,41.661,0.028000,0
7,aclnnMul_MulAiCore_Mul,N/A,N/A,1790932528792703.929	,34.940,0.089000,0
7,aclnnMatmul_MatMulV3Common_MatMulV3,N/A,N/A,1790932528792738.889	,3483.350,0.060000,0
7,aclnnSilu_SliceAiCore_Slice,N/A,N/A,1790932528796222.259	,325.906,0.000000,0
7,aclnnSilu_SiluAiCore_Swish,N/A,N/A,1790932528796548.185	,321.487,0.094000,0
7,aclnnMul_SliceAiCore_Slice,N/A,N/A,1790932528796869.692	,308.706,0.013000,0
7,aclnnMul_MulAiCore_Mul,N/A,N/A,1790932528797178.418	,497.770,0.044000,0
7,aclnnMatmul_MatMulV3Common_MatMulV3,N/A,N/A,1790932528797676.208	,1757.395,0.000000,0
7,aclnnAdd_AddAiCore_Add,N/A,N/A,1790932528799433.623	,86.962,0.000000,0
7,aclnnInplaceCopy_CastAiCore_Cast,N/A,N/A,1790932528799520.605	,34.520,0.038000,0
7,aclnnPowTensorScalar_PowsAiCore_Pows,N/A,N/A,1790932528799555.145	,51.521,0.230000,0
7,aclnnMean_ReduceMeanAiCore_ReduceMean,N/A,N/A,1790932528799608.126	,73.142,1.479000,0
7,aclnnAdds_AddAiCore_Add,N/A,N/A,1790932528799682.328	,2.400,0.858000,0
7,aclnnRsqrt_RsqrtAiCore_Rsqrt,N/A,N/A,1790932528799684.748	,2.780,0.100000,0
7,aclnnMul_MulAiCore_Mul,N/A,N/A,1790932528799687.548	,72.441,0.000000,0
7,aclnnInplaceCopy_CastAiCore_Cast,N/A,N/A,1790932528799760.029	,40.821,0.059000,0
7,aclnnMul_MulAiCore_Mul,N/A,N/A,1790932528799800.870	,42.221,0.000000,0
7,aclnnMatmul_MatMulV3Common_MatMulV3,N/A,N/A,1790932528799843.131	,1066.661,0.279000,0
7,aclnnInplaceCopy_SliceAiCore_Slice,N/A,N/A,1790932528800909.812	,92.842,0.000000,0
7,aclnnInplaceCopy_CastAiCore_Cast,N/A,N/A,1790932528801002.674	,85.702,0.158000,0
7,aclnnPowTensorScalar_PowsAiCore_Pows,N/A,N/A,1790932528801088.396	,138.883,0.048000,0
7,aclnnMean_ReduceMeanAiCore_ReduceMean,N/A,N/A,1790932528801228.419	,88.562,1.117000,0
7,aclnnAdds_AddAiCore_Add,N/A,N/A,1790932528801317.821	,7.020,0.688000,0
7,aclnnRsqrt_RsqrtAiCore_Rsqrt,N/A,N/A,1790932528801324.861	,8.820,0.000000,0
7,aclnnMul_MulAiCore_Mul,N/A,N/A,1790932528801333.701	,111.302,0.180000,0
7,aclnnInplaceCopy_CastAiCore_Cast,N/A,N/A,1790932528801445.023	,60.061,0.000000,0
7,aclnnMul_MulAiCore_Mul,N/A,N/A,1790932528801505.104	,59.502,0.000000,0
7,aclnnInplaceCopy_SliceAiCore_Slice,N/A,N/A,1790932528801564.626	,55.741,0.248000,0
7,aclnnInplaceCopy_CastAiCore_Cast,N/A,N/A,1790932528801620.387	,32.220,0.009000,0
7,aclnnPowTensorScalar_PowsAiCore_Pows,N/A,N/A,1790932528801652.627	,39.801,0.030000,0
7,aclnnMean_ReduceMeanAiCore_ReduceMean,N/A,N/A,1790932528801693.468	,29.361,0.949000,0
7,aclnnAdds_AddAiCore_Add,N/A,N/A,1790932528801723.829	,6.600,0.889000,0
7,aclnnRsqrt_RsqrtAiCore_Rsqrt,N/A,N/A,1790932528801730.449	,7.960,0.150000,0
7,aclnnMul_MulAiCore_Mul,N/A,N/A,1790932528801738.449	,36.821,0.040000,0
7,aclnnInplaceCopy_CastAiCore_Cast,N/A,N/A,1790932528801775.290	,16.820,0.000000,0
7,aclnnMul_MulAiCore_Mul,N/A,N/A,1790932528801792.150	,21.601,0.180000,0
7,aclnnMul_TransposeAiCore_Transpose,N/A,N/A,1790932528801813.771	,188.243,0.000000,0
7,aclnnMul_MulAiCore_Mul,N/A,N/A,1790932528802002.054	,61.602,0.007000,0
7,aclnnNeg_AsStridedAiCore_AsStrided,N/A,N/A,1790932528802063.676	,108.582,0.148000,0
7,aclnnNeg_NegAiCore_Neg,N/A,N/A,1790932528802172.278	,31.180,0.000000,0
7,aclnnCat_AsStridedAiCore_AsStrided,N/A,N/A,1790932528802203.498	,54.321,0.070000,0
7,aclnnCat_ConcatD_ConcatD,N/A,N/A,1790932528802257.839	,41.861,0.000000,0
7,aclnnMul_MulAiCore_Mul,N/A,N/A,1790932528802299.720	,54.301,0.139000,0
7,aclnnAdd_AddAiCore_Add,N/A,N/A,1790932528802354.041	,162.744,0.000000,0
7,aclnnMul_TransposeAiCore_Transpose,N/A,N/A,1790932528802516.805	,54.141,0.006000,0
7,aclnnMul_MulAiCore_Mul,N/A,N/A,1790932528802570.966	,17.020,0.109000,0
7,aclnnNeg_AsStridedAiCore_AsStrided,N/A,N/A,1790932528802588.006	,18.640,0.000000,0
7,aclnnNeg_NegAiCore_Neg,N/A,N/A,1790932528802606.666	,9.261,0.110000,0
7,aclnnCat_AsStridedAiCore_AsStrided,N/A,N/A,1790932528802615.947	,17.840,0.000000,0
7,aclnnCat_ConcatD_ConcatD,N/A,N/A,1790932528802633.807	,15.700,0.000000,0
7,aclnnMul_MulAiCore_Mul,N/A,N/A,1790932528802649.527	,17.241,0.050000,0
7,aclnnAdd_AddAiCore_Add,N/A,N/A,1790932528802666.788	,15.620,0.009000,0
7,aclnnInplaceCopy_AsStridedAiCore_AsStrided,N/A,N/A,1790932528802682.448	,39.781,0.130000,0
7,InnerPromptFlashAttention_PromptFlashAttention_PromptFlashAttention,N/A,N/A,1790932528802723.309	,1926.598,0.969000,0
7,aclnnInplaceCopy_TransposeAiCore_Transpose,N/A,N/A,1790932528804650.987	,161.323,1.152000,0
7,aclnnMatmul_MatMulV3Common_MatMulV3,N/A,N/A,1790932528804812.350	,712.855,0.000000,0
7,aclnnAdd_AddAiCore_Add,N/A,N/A,1790932528805525.225	,102.822,0.145000,0
7,aclnnInplaceCopy_CastAiCore_Cast,N/A,N/A,1790932528805628.087	,53.001,0.000000,0
7,aclnnPowTensorScalar_PowsAiCore_Pows,N/A,N/A,1790932528805681.108	,53.621,0.000000,0
7,aclnnMean_ReduceMeanAiCore_ReduceMean,N/A,N/A,1790932528805735.849	,72.041,1.129000,0
7,aclnnAdds_AddAiCore_Add,N/A,N/A,1790932528805808.810	,2.740,0.959000,0
7,aclnnRsqrt_RsqrtAiCore_Rsqrt,N/A,N/A,1790932528805811.570	,3.000,0.010000,0
7,aclnnMul_MulAiCore_Mul,N/A,N/A,1790932528805814.590	,74.002,0.000000,0
7,aclnnInplaceCopy_CastAiCore_Cast,N/A,N/A,1790932528805888.612	,41.681,0.000000,0
7,aclnnMul_MulAiCore_Mul,N/A,N/A,1790932528805930.313	,41.381,0.069000,0
7,aclnnMatmul_MatMulV3Common_MatMulV3,N/A,N/A,1790932528805971.714	,3468.609,0.119000,0
7,aclnnSilu_SliceAiCore_Slice,N/A,N/A,1790932528809440.363	,329.686,0.000000,0
7,aclnnSilu_SiluAiCore_Swish,N/A,N/A,1790932528809770.069	,324.647,0.064000,0
7,aclnnMul_SliceAiCore_Slice,N/A,N/A,1790932528810094.736	,307.186,0.103000,0
7,aclnnMul_MulAiCore_Mul,N/A,N/A,1790932528810401.962	,510.830,0.064000,0
7,aclnnMatmul_MatMulV3Common_MatMulV3,N/A,N/A,1790932528810912.832	,1733.855,0.000000,0
7,aclnnAdd_AddAiCore_Add,N/A,N/A,1790932528812646.707	,90.562,0.145000,0
7,aclnnInplaceCopy_CastAiCore_Cast,N/A,N/A,1790932528812737.289	,35.880,0.000000,0
7,aclnnPowTensorScalar_PowsAiCore_Pows,N/A,N/A,1790932528812773.189	,51.262,0.120000,0
7,aclnnMean_ReduceMeanAiCore_ReduceMean,N/A,N/A,1790932528812825.751	,72.781,1.238000,0
7,aclnnAdds_AddAiCore_Add,N/A,N/A,1790932528812899.292	,2.840,0.719000,0
7,aclnnRsqrt_RsqrtAiCore_Rsqrt,N/A,N/A,1790932528812902.152	,2.900,0.160000,0
7,aclnnMul_MulAiCore_Mul,N/A,N/A,1790932528812905.092	,71.442,0.000000,0
7,aclnnInplaceCopy_CastAiCore_Cast,N/A,N/A,1790932528812976.554	,41.560,0.058000,0
7,aclnnMul_MulAiCore_Mul,N/A,N/A,1790932528813018.154	,40.501,0.190000,0
7,aclnnMatmul_MatMulV3Common_MatMulV3,N/A,N/A,1790932528813058.675	,1067.582,0.000000,0
7,aclnnInplaceCopy_SliceAiCore_Slice,N/A,N/A,1790932528814126.277	,93.361,0.000000,0
7,aclnnInplaceCopy_CastAiCore_Cast,N/A,N/A,1790932528814219.678	,85.162,0.139000,0
7,aclnnPowTensorScalar_PowsAiCore_Pows,N/A,N/A,1790932528814304.880	,142.783,0.088000,0
7,aclnnMean_ReduceMeanAiCore_ReduceMean,N/A,N/A,1790932528814448.643	,90.482,0.967000,0
7,aclnnAdds_AddAiCore_Add,N/A,N/A,1790932528814539.945	,7.260,0.768000,0
7,aclnnRsqrt_RsqrtAiCore_Rsqrt,N/A,N/A,1790932528814547.225	,8.600,0.000000,0
7,aclnnMul_MulAiCore_Mul,N/A,N/A,1790932528814555.845	,109.982,0.000000,0
7,aclnnInplaceCopy_CastAiCore_Cast,N/A,N/A,1790932528814665.847	,60.762,0.018000,0
7,aclnnMul_MulAiCore_Mul,N/A,N/A,1790932528814726.629	,59.441,0.238000,0
7,aclnnInplaceCopy_SliceAiCore_Slice,N/A,N/A,1790932528814786.090	,55.521,0.000000,0
7,aclnnInplaceCopy_CastAiCore_Cast,N/A,N/A,1790932528814841.651	,32.580,0.229000,0
7,aclnnPowTensorScalar_PowsAiCore_Pows,N/A,N/A,1790932528814874.271	,38.201,0.000000,0
7,aclnnMean_ReduceMeanAiCore_ReduceMean,N/A,N/A,1790932528814913.372	,29.481,0.799000,0
7,aclnnAdds_AddAiCore_Add,N/A,N/A,1790932528814943.733	,6.560,1.019000,0
7,aclnnRsqrt_RsqrtAiCore_Rsqrt,N/A,N/A,1790932528814950.313	,7.980,0.000000,0
7,aclnnMul_MulAiCore_Mul,N/A,N/A,1790932528814958.313	,35.821,0.020000,0
7,aclnnInplaceCopy_CastAiCore_Cast,N/A,N/A,1790932528814994.154	,17.020,0.179000,0
7,aclnnMul_MulAiCore_Mul,N/A,N/A,1790932528815011.214	,21.621,0.000000,0
7,aclnnMul_TransposeAiCore_Transpose,N/A,N/A,1790932528815032.855	,194.864,0.000000,0
7,aclnnMul_MulAiCore_Mul,N/A,N/A,1790932528815227.739	,61.561,0.136000,0
7,aclnnNeg_AsStridedAiCore_AsStrided,N/A,N/A,1790932528815289.320	,103.482,0.000000,0
7,aclnnNeg_NegAiCore_Neg,N/A,N/A,1790932528815392.822	,30.420,0.018000,0
7,aclnnCat_AsStridedAiCore_AsStrided,N/A,N/A,1790932528815423.262	,57.642,0.080000,0
7,aclnnCat_ConcatD_ConcatD,N/A,N/A,1790932528815480.924	,41.000,0.108000,0
7,aclnnMul_MulAiCore_Mul,N/A,N/A,1790932528815521.964	,53.001,0.000000,0
7,aclnnAdd_AddAiCore_Add,N/A,N/A,1790932528815575.005	,161.164,0.000000,0
7,aclnnMul_TransposeAiCore_Transpose,N/A,N/A,1790932528815736.189	,55.541,0.086000,0
7,aclnnMul_MulAiCore_Mul,N/A,N/A,1790932528815791.770	,17.180,0.000000,0
7,aclnnNeg_AsStridedAiCore_AsStrided,N/A,N/A,1790932528815808.970	,18.561,0.070000,0
7,aclnnNeg_NegAiCore_Neg,N/A,N/A,1790932528815827.551	,9.400,0.000000,0
7,aclnnCat_AsStridedAiCore_AsStrided,N/A,N/A,1790932528815836.971	,17.740,0.100000,0
7,aclnnCat_ConcatD_ConcatD,N/A,N/A,1790932528815854.731	,15.780,0.010000,0
7,aclnnMul_MulAiCore_Mul,N/A,N/A,1790932528815870.551	,17.021,0.000000,0
7,aclnnAdd_AddAiCore_Add,N/A,N/A,1790932528815887.592	,15.520,0.000000,0
7,aclnnInplaceCopy_AsStridedAiCore_AsStrided,N/A,N/A,1790932528815903.132	,40.581,0.230000,0
7,InnerPromptFlashAttention_PromptFlashAttention_PromptFlashAttention,N/A,N/A,1790932528815944.993	,1900.278,1.169000,0
7,aclnnInplaceCopy_TransposeAiCore_Transpose,N/A,N/A,1790932528817846.271	,156.683,0.972000,0
7,aclnnMatmul_MatMulV3Common_MatMulV3,N/A,N/A,1790932528818002.974	,709.734,0.067000,0
7,aclnnAdd_AddAiCore_Add,N/A,N/A,1790932528818712.728	,103.602,0.016000,0
7,aclnnInplaceCopy_CastAiCore_Cast,N/A,N/A,1790932528818816.370	,53.261,0.000000,0
7,aclnnPowTensorScalar_PowsAiCore_Pows,N/A,N/A,1790932528818869.651	,54.721,0.239000,0
7,aclnnMean_ReduceMeanAiCore_ReduceMean,N/A,N/A,1790932528818925.272	,72.082,0.779000,0
7,aclnnAdds_AddAiCore_Add,N/A,N/A,1790932528818998.294	,2.480,0.918000,0
7,aclnnRsqrt_RsqrtAiCore_Rsqrt,N/A,N/A,1790932528819000.794	,2.940,0.020000,0
7,aclnnMul_MulAiCore_Mul,N/A,N/A,1790932528819003.754	,71.281,0.060000,0
7,aclnnInplaceCopy_CastAiCore_Cast,N/A,N/A,1790932528819075.055	,41.681,0.000000,0
7,aclnnMul_MulAiCore_Mul,N/A,N/A,1790932528819116.756	,35.361,0.069000,0
7,aclnnMatmul_MatMulV3Common_MatMulV3,N/A,N/A,1790932528819152.137	,3464.369,0.139000,0
7,aclnnSilu_SliceAiCore_Slice,N/A,N/A,1790932528822616.526	,325.847,0.000000,0
7,aclnnSilu_SiluAiCore_Swish,N/A,N/A,1790932528822942.393	,321.446,0.153000,0
7,aclnnMul_SliceAiCore_Slice,N/A,N/A,1790932528823263.879	,306.486,0.054000,0
7,aclnnMul_MulAiCore_Mul,N/A,N/A,1790932528823570.385	,496.970,0.014000,0
7,aclnnMatmul_MatMulV3Common_MatMulV3,N/A,N/A,1790932528824067.375	,1761.335,0.030000,0
7,aclnnAdd_AddAiCore_Add,N/A,N/A,1790932528825828.730	,88.482,0.000000,0
7,aclnnInplaceCopy_CastAiCore_Cast,N/A,N/A,1790932528825917.232	,35.181,0.018000,0
7,aclnnPowTensorScalar_PowsAiCore_Pows,N/A,N/A,1790932528825952.433	,51.421,0.069000,0
7,aclnnMean_ReduceMeanAiCore_ReduceMean,N/A,N/A,1790932528826005.334	,72.961,1.329000,0
7,aclnnAdds_AddAiCore_Add,N/A,N/A,1790932528826079.435	,2.560,1.289000,0
7,aclnnRsqrt_RsqrtAiCore_Rsqrt,N/A,N/A,1790932528826082.015	,2.860,0.000000,0
7,aclnnMul_MulAiCore_Mul,N/A,N/A,1790932528826084.895	,71.122,0.140000,0
7,aclnnInplaceCopy_CastAiCore_Cast,N/A,N/A,1790932528826156.037	,41.621,0.000000,0
7,aclnnMul_MulAiCore_Mul,N/A,N/A,1790932528826197.678	,41.261,0.129000,0
7,aclnnMatmul_MatMulV3Common_MatMulV3,N/A,N/A,1790932528826238.959	,1063.861,0.000000,0
7,aclnnInplaceCopy_SliceAiCore_Slice,N/A,N/A,1790932528827302.840	,93.282,0.000000,0
7,aclnnInplaceCopy_CastAiCore_Cast,N/A,N/A,1790932528827396.142	,85.261,0.218000,0
7,aclnnPowTensorScalar_PowsAiCore_Pows,N/A,N/A,1790932528827481.423	,136.363,0.000000,0
7,aclnnMean_ReduceMeanAiCore_ReduceMean,N/A,N/A,1790932528827619.106	,88.382,1.137000,0
7,aclnnAdds_AddAiCore_Add,N/A,N/A,1790932528827708.588	,7.640,1.118000,0
7,aclnnRsqrt_RsqrtAiCore_Rsqrt,N/A,N/A,1790932528827716.268	,8.620,0.110000,0
7,aclnnMul_MulAiCore_Mul,N/A,N/A,1790932528827724.908	,111.382,0.130000,0
7,aclnnInplaceCopy_CastAiCore_Cast,N/A,N/A,1790932528827836.310	,60.622,0.000000,0
7,aclnnMul_MulAiCore_Mul,N/A,N/A,1790932528827896.952	,59.861,0.128000,0
7,aclnnInplaceCopy_SliceAiCore_Slice,N/A,N/A,1790932528827956.833	,60.881,0.000000,0
7,aclnnInplaceCopy_CastAiCore_Cast,N/A,N/A,1790932528828017.734	,34.141,0.119000,0
7,aclnnPowTensorScalar_PowsAiCore_Pows,N/A,N/A,1790932528828051.895	,38.281,0.109000,0
7,aclnnMean_ReduceMeanAiCore_ReduceMean,N/A,N/A,1790932528828091.456	,29.760,1.219000,0
7,aclnnAdds_AddAiCore_Add,N/A,N/A,1790932528828122.416	,6.660,1.240000,0
7,aclnnRsqrt_RsqrtAiCore_Rsqrt,N/A,N/A,1790932528828129.116	,7.940,0.000000,0
7,aclnnMul_MulAiCore_Mul,N/A,N/A,1790932528828137.096	,37.401,0.060000,0
7,aclnnInplaceCopy_CastAiCore_Cast,N/A,N/A,1790932528828174.517	,16.361,0.099000,0
7,aclnnMul_MulAiCore_Mul,N/A,N/A,1790932528828190.918	,21.440,0.139000,0
7,aclnnMul_TransposeAiCore_Transpose,N/A,N/A,1790932528828212.378	,189.064,0.060000,0
7,aclnnMul_MulAiCore_Mul,N/A,N/A,1790932528828401.462	,62.281,0.000000,0
7,aclnnNeg_AsStridedAiCore_AsStrided,N/A,N/A,1790932528828463.763	,108.402,0.000000,0
7,aclnnNeg_NegAiCore_Neg,N/A,N/A,1790932528828572.185	,30.161,0.098000,0
7,aclnnCat_AsStridedAiCore_AsStrided,N/A,N/A,1790932528828602.366	,53.561,0.000000,0
7,aclnnCat_ConcatD_ConcatD,N/A,N/A,1790932528828655.947	,41.601,0.189000,0
7,aclnnMul_MulAiCore_Mul,N/A,N/A,1790932528828697.588	,52.841,0.000000,0
7,aclnnAdd_AddAiCore_Add,N/A,N/A,1790932528828750.449	,161.743,0.159000,0
7,aclnnMul_TransposeAiCore_Transpose,N/A,N/A,1790932528828912.212	,53.681,0.007000,0
7,aclnnMul_MulAiCore_Mul,N/A,N/A,1790932528828965.913	,16.560,0.069000,0
7,aclnnNeg_AsStridedAiCore_AsStrided,N/A,N/A,1790932528828982.493	,18.241,0.000000,0
7,aclnnNeg_NegAiCore_Neg,N/A,N/A,1790932528829000.754	,9.380,0.009000,0
7,aclnnCat_AsStridedAiCore_AsStrided,N/A,N/A,1790932528829010.154	,17.960,0.120000,0
7,aclnnCat_ConcatD_ConcatD,N/A,N/A,1790932528829028.154	,15.381,0.040000,0
7,aclnnMul_MulAiCore_Mul,N/A,N/A,1790932528829043.575	,17.380,0.000000,0
7,aclnnAdd_AddAiCore_Add,N/A,N/A,1790932528829060.975	,15.120,0.120000,0
7,aclnnInplaceCopy_AsStridedAiCore_AsStrided,N/A,N/A,1790932528829076.115	,38.961,0.000000,0
7,InnerPromptFlashAttention_PromptFlashAttention_PromptFlashAttention,N/A,N/A,1790932528829116.096	,1920.118,1.039000,0
7,aclnnInplaceCopy_TransposeAiCore_Transpose,N/A,N/A,1790932528831037.094	,156.904,0.882000,0
7,aclnnMatmul_MatMulV3Common_MatMulV3,N/A,N/A,1790932528831194.018	,712.494,0.096000,0
7,aclnnAdd_AddAiCore_Add,N/A,N/A,1790932528831906.532	,103.862,0.006000,0
7,aclnnInplaceCopy_CastAiCore_Cast,N/A,N/A,1790932528832010.414	,53.621,0.138000,0
7,aclnnPowTensorScalar_PowsAiCore_Pows,N/A,N/A,1790932528832064.075	,54.141,0.000000,0
7,aclnnMean_ReduceMeanAiCore_ReduceMean,N/A,N/A,1790932528832119.376	,72.221,1.359000,0
7,aclnnAdds_AddAiCore_Add,N/A,N/A,1790932528832192.337	,2.521,0.529000,0
7,aclnnRsqrt_RsqrtAiCore_Rsqrt,N/A,N/A,1790932528832194.878	,2.780,0.229000,0
7,aclnnMul_MulAiCore_Mul,N/A,N/A,1790932528832197.678	,72.001,0.000000,0
7,aclnnInplaceCopy_CastAiCore_Cast,N/A,N/A,1790932528832269.699	,41.501,0.000000,0
7,aclnnMul_MulAiCore_Mul,N/A,N/A,1790932528832311.220	,41.221,0.000000,0
7,aclnnMatmul_MatMulV3Common_MatMulV3,N/A,N/A,1790932528832352.461	,3475.749,0.029000,0
7,aclnnSilu_SliceAiCore_Slice,N/A,N/A,1790932528835828.230	,328.107,0.001000,0
7,aclnnSilu_SiluAiCore_Swish,N/A,N/A,1790932528836156.357	,321.066,0.000000,0
7,aclnnMul_SliceAiCore_Slice,N/A,N/A,1790932528836477.443	,307.466,0.184000,0
7,aclnnMul_MulAiCore_Mul,N/A,N/A,1790932528836784.929	,513.130,0.034000,0
7,aclnnMatmul_MatMulV3Common_MatMulV3,N/A,N/A,1790932528837298.079	,1745.495,0.000000,0
7,aclnnAdd_AddAiCore_Add,N/A,N/A,1790932528839043.614	,87.702,0.005000,0
7,aclnnInplaceCopy_CastAiCore_Cast,N/A,N/A,1790932528839131.336	,34.781,0.048000,0
7,aclnnPowTensorScalar_PowsAiCore_Pows,N/A,N/A,1790932528839166.157	,51.001,0.219000,0
7,aclnnMean_ReduceMeanAiCore_ReduceMean,N/A,N/A,1790932528839218.238	,73.301,0.999000,0
7,aclnnAdds_AddAiCore_Add,N/A,N/A,1790932528839292.479	,2.640,0.949000,0
7,aclnnRsqrt_RsqrtAiCore_Rsqrt,N/A,N/A,1790932528839295.139	,2.780,0.110000,0
7,aclnnMul_MulAiCore_Mul,N/A,N/A,1790932528839297.959	,71.742,0.000000,0
7,aclnnInplaceCopy_CastAiCore_Cast,N/A,N/A,1790932528839369.721	,41.421,0.008000,0
7,aclnnMul_MulAiCore_Mul,N/A,N/A,1790932528839411.182	,41.581,0.079000,0
7,aclnnMatmul_MatMulV3Common_MatMulV3,N/A,N/A,1790932528839452.783	,1074.221,0.000000,0
7,aclnnInplaceCopy_SliceAiCore_Slice,N/A,N/A,1790932528840527.024	,94.902,0.029000,0
7,aclnnInplaceCopy_CastAiCore_Cast,N/A,N/A,1790932528840621.946	,84.662,0.098000,0
7,aclnnPowTensorScalar_PowsAiCore_Pows,N/A,N/A,1790932528840706.628	,140.102,0.088000,0
7,aclnnMean_ReduceMeanAiCore_ReduceMean,N/A,N/A,1790932528840847.690	,90.102,0.898000,0
7,aclnnAdds_AddAiCore_Add,N/A,N/A,1790932528840938.952	,7.100,1.148000,0
7,aclnnRsqrt_RsqrtAiCore_Rsqrt,N/A,N/A,1790932528840946.092	,8.621,0.000000,0
7,aclnnMul_MulAiCore_Mul,N/A,N/A,1790932528840954.733	,113.282,0.129000,0
7,aclnnInplaceCopy_CastAiCore_Cast,N/A,N/A,1790932528841068.035	,60.101,0.000000,0
7,aclnnMul_MulAiCore_Mul,N/A,N/A,1790932528841128.176	,59.701,0.149000,0
7,aclnnInplaceCopy_SliceAiCore_Slice,N/A,N/A,1790932528841187.897	,56.081,0.049000,0
7,aclnnInplaceCopy_CastAiCore_Cast,N/A,N/A,1790932528841243.998	,33.641,0.000000,0
7,aclnnPowTensorScalar_PowsAiCore_Pows,N/A,N/A,1790932528841277.659	,40.321,0.109000,0
7,aclnnMean_ReduceMeanAiCore_ReduceMean,N/A,N/A,1790932528841318.920	,29.600,0.929000,0
7,aclnnAdds_AddAiCore_Add,N/A,N/A,1790932528841349.280	,6.581,0.650000,0
7,aclnnRsqrt_RsqrtAiCore_Rsqrt,N/A,N/A,1790932528841355.901	,7.920,0.169000,0
7,aclnnMul_MulAiCore_Mul,N/A,N/A,1790932528841363.861	,37.640,0.000000,0
7,aclnnInplaceCopy_CastAiCore_Cast,N/A,N/A,1790932528841401.521	,16.901,0.110000,0
7,aclnnMul_MulAiCore_Mul,N/A,N/A,1790932528841418.442	,21.480,0.099000,0
7,aclnnMul_TransposeAiCore_Transpose,N/A,N/A,1790932528841439.942	,189.384,0.020000,0
7,aclnnMul_MulAiCore_Mul,N/A,N/A,1790932528841629.366	,63.081,0.000000,0
7,aclnnNeg_AsStridedAiCore_AsStrided,N/A,N/A,1790932528841692.467	,105.802,0.169000,0
7,aclnnNeg_NegAiCore_Neg,N/A,N/A,1790932528841798.289	,31.061,0.000000,0
7,aclnnCat_AsStridedAiCore_AsStrided,N/A,N/A,1790932528841829.370	,55.901,0.000000,0
7,aclnnCat_ConcatD_ConcatD,N/A,N/A,1790932528841885.291	,40.841,0.099000,0
7,aclnnMul_MulAiCore_Mul,N/A,N/A,1790932528841926.152	,53.241,0.159000,0
7,aclnnAdd_AddAiCore_Add,N/A,N/A,1790932528841979.433	,161.843,0.009000,0
7,aclnnMul_TransposeAiCore_Transpose,N/A,N/A,1790932528842141.296	,54.321,0.000000,0
7,aclnnMul_MulAiCore_Mul,N/A,N/A,1790932528842195.637	,17.201,0.179000,0
7,aclnnNeg_AsStridedAiCore_AsStrided,N/A,N/A,1790932528842212.858	,18.860,0.000000,0
7,aclnnNeg_NegAiCore_Neg,N/A,N/A,1790932528842231.738	,9.100,0.140000,0
7,aclnnCat_AsStridedAiCore_AsStrided,N/A,N/A,1790932528842240.858	,18.661,0.000000,0
7,aclnnCat_ConcatD_ConcatD,N/A,N/A,1790932528842259.539	,15.960,0.089000,0
7,aclnnMul_MulAiCore_Mul,N/A,N/A,1790932528842275.519	,17.200,0.040000,0
7,aclnnAdd_AddAiCore_Add,N/A,N/A,1790932528842292.739	,15.421,0.050000,0
7,aclnnInplaceCopy_AsStridedAiCore_AsStrided,N/A,N/A,1790932528842308.180	,40.260,0.079000,0
7,InnerPromptFlashAttention_PromptFlashAttention_PromptFlashAttention,N/A,N/A,1790932528842349.660	,1930.559,1.240000,0
7,aclnnInplaceCopy_TransposeAiCore_Transpose,N/A,N/A,1790932528844281.039	,156.943,0.691000,0
7,aclnnMatmul_MatMulV3Common_MatMulV3,N/A,N/A,1790932528844438.002	,704.254,0.057000,0
7,aclnnAdd_AddAiCore_Add,N/A,N/A,1790932528845142.296	,103.762,0.000000,0
7,aclnnInplaceCopy_CastAiCore_Cast,N/A,N/A,1790932528845246.078	,52.621,0.000000,0
7,aclnnPowTensorScalar_PowsAiCore_Pows,N/A,N/A,1790932528845298.739	,54.541,0.129000,0
7,aclnnMean_ReduceMeanAiCore_ReduceMean,N/A,N/A,1790932528845354.440	,71.982,1.209000,0
7,aclnnAdds_AddAiCore_Add,N/A,N/A,1790932528845427.382	,2.480,1.018000,0
7,aclnnRsqrt_RsqrtAiCore_Rsqrt,N/A,N/A,1790932528845429.882	,2.760,0.020000,0
7,aclnnMul_MulAiCore_Mul,N/A,N/A,1790932528845432.662	,75.442,0.000000,0
7,aclnnInplaceCopy_CastAiCore_Cast,N/A,N/A,1790932528845508.124	,41.600,0.000000,0
7,aclnnMul_MulAiCore_Mul,N/A,N/A,1790932528845549.744	,35.421,0.150000,0
7,aclnnMatmul_MatMulV3Common_MatMulV3,N/A,N/A,1790932528845585.185	,3483.450,0.079000,0
7,aclnnSilu_SliceAiCore_Slice,N/A,N/A,1790932528849068.655	,325.466,0.050000,0
7,aclnnSilu_SiluAiCore_Swish,N/A,N/A,1790932528849394.141	,321.587,0.034000,0
7,aclnnMul_SliceAiCore_Slice,N/A,N/A,1790932528849715.748	,307.266,0.000000,0
7,aclnnMul_MulAiCore_Mul,N/A,N/A,1790932528850023.034	,497.670,0.000000,0
7,aclnnMatmul_MatMulV3Common_MatMulV3,N/A,N/A,1790932528850520.724	,1745.575,0.080000,0
7,aclnnAdd_AddAiCore_Add,N/A,N/A,1790932528852266.319	,90.101,0.000000,0
7,aclnnInplaceCopy_CastAiCore_Cast,N/A,N/A,1790932528852356.440	,36.881,0.149000,0
7,aclnnPowTensorScalar_PowsAiCore_Pows,N/A,N/A,1790932528852393.341	,51.041,0.000000,0
7,aclnnMean_ReduceMeanAiCore_ReduceMean,N/A,N/A,1790932528852445.362	,73.542,0.959000,0
7,aclnnAdds_AddAiCore_Add,N/A,N/A,1790932528852519.624	,2.500,0.708000,0
7,aclnnRsqrt_RsqrtAiCore_Rsqrt,N/A,N/A,1790932528852522.164	,2.820,0.250000,0
7,aclnnMul_MulAiCore_Mul,N/A,N/A,1790932528852525.024	,71.621,0.000000,0
7,aclnnInplaceCopy_CastAiCore_Cast,N/A,N/A,1790932528852596.665	,41.081,0.129000,0
7,aclnnMul_MulAiCore_Mul,N/A,N/A,1790932528852637.786	,41.001,0.000000,0
7,aclnnMatmul_MatMulV3Common_MatMulV3,N/A,N/A,1790932528852678.827	,1064.341,0.000000,0
7,aclnnInplaceCopy_SliceAiCore_Slice,N/A,N/A,1790932528853743.188	,93.582,0.159000,0
7,aclnnInplaceCopy_CastAiCore_Cast,N/A,N/A,1790932528853836.810	,85.262,0.000000,0
7,aclnnPowTensorScalar_PowsAiCore_Pows,N/A,N/A,1790932528853922.092	,139.502,0.000000,0
7,aclnnMean_ReduceMeanAiCore_ReduceMean,N/A,N/A,1790932528854062.634	,89.862,1.248000,0
7,aclnnAdds_AddAiCore_Add,N/A,N/A,1790932528854153.276	,7.100,0.638000,0
7,aclnnRsqrt_RsqrtAiCore_Rsqrt,N/A,N/A,1790932528854160.396	,8.721,0.150000,0
7,aclnnMul_MulAiCore_Mul,N/A,N/A,1790932528854169.137	,111.602,0.029000,0
7,aclnnInplaceCopy_CastAiCore_Cast,N/A,N/A,1790932528854280.759	,60.421,0.000000,0
7,aclnnMul_MulAiCore_Mul,N/A,N/A,1790932528854341.200	,61.081,0.079000,0
7,aclnnInplaceCopy_SliceAiCore_Slice,N/A,N/A,1790932528854402.321	,55.701,0.000000,0
7,aclnnInplaceCopy_CastAiCore_Cast,N/A,N/A,1790932528854458.042	,32.541,0.049000,0
7,aclnnPowTensorScalar_PowsAiCore_Pows,N/A,N/A,1790932528854490.603	,38.021,0.000000,0
7,aclnnMean_ReduceMeanAiCore_ReduceMean,N/A,N/A,1790932528854529.644	,29.920,1.229000,0
7,aclnnAdds_AddAiCore_Add,N/A,N/A,1790932528854560.604	,6.641,0.830000,0
7,aclnnRsqrt_RsqrtAiCore_Rsqrt,N/A,N/A,1790932528854567.265	,8.080,0.109000,0
7,aclnnMul_MulAiCore_Mul,N/A,N/A,1790932528854575.365	,40.020,0.000000,0
7,aclnnInplaceCopy_CastAiCore_Cast,N/A,N/A,1790932528854615.405	,16.781,0.230000,0
7,aclnnMul_MulAiCore_Mul,N/A,N/A,1790932528854632.206	,21.180,0.000000,0
7,aclnnMul_TransposeAiCore_Transpose,N/A,N/A,1790932528854653.426	,186.424,0.070000,0
7,aclnnMul_MulAiCore_Mul,N/A,N/A,1790932528854839.870	,62.581,0.000000,0
7,aclnnNeg_AsStridedAiCore_AsStrided,N/A,N/A,1790932528854902.471	,105.562,0.169000,0
7,aclnnNeg_NegAiCore_Neg,N/A,N/A,1790932528855008.053	,30.861,0.000000,0
7,aclnnCat_AsStridedAiCore_AsStrided,N/A,N/A,1790932528855038.934	,55.801,0.139000,0
7,aclnnCat_ConcatD_ConcatD,N/A,N/A,1790932528855094.755	,40.741,0.000000,0
7,aclnnMul_MulAiCore_Mul,N/A,N/A,1790932528855135.516	,53.601,0.009000,0
7,aclnnAdd_AddAiCore_Add,N/A,N/A,1790932528855189.137	,161.683,0.149000,0
7,aclnnMul_TransposeAiCore_Transpose,N/A,N/A,1790932528855350.840	,53.621,0.000000,0
7,aclnnMul_MulAiCore_Mul,N/A,N/A,1790932528855404.481	,18.461,0.129000,0
7,aclnnNeg_AsStridedAiCore_AsStrided,N/A,N/A,1790932528855422.962	,19.020,0.039000,0
7,aclnnNeg_NegAiCore_Neg,N/A,N/A,1790932528855442.002	,9.120,0.000000,0
7,aclnnCat_AsStridedAiCore_AsStrided,N/A,N/A,1790932528855451.142	,16.961,0.130000,0
7,aclnnCat_ConcatD_ConcatD,N/A,N/A,1790932528855468.123	,15.500,0.000000,0
7,aclnnMul_MulAiCore_Mul,N/A,N/A,1790932528855483.643	,17.500,0.250000,0
7,aclnnAdd_AddAiCore_Add,N/A,N/A,1790932528855501.183	,15.561,0.000000,0
7,aclnnInplaceCopy_AsStridedAiCore_AsStrided,N/A,N/A,1790932528855516.784	,41.280,0.000000,0
7,InnerPromptFlashAttention_PromptFlashAttention_PromptFlashAttention,N/A,N/A,1790932528855559.124	,1938.079,0.970000,0
7,aclnnInplaceCopy_TransposeAiCore_Transpose,N/A,N/A,1790932528857497.963	,162.443,0.921000,0
7,aclnnMatmul_MatMulV3Common_MatMulV3,N/A,N/A,1790932528857660.426	,706.694,0.057000,0
7,aclnnAdd_AddAiCore_Add,N/A,N/A,1790932528858367.140	,104.443,0.056000,0
7,aclnnInplaceCopy_CastAiCore_Cast,N/A,N/A,1790932528858471.623	,52.161,0.000000,0
7,aclnnPowTensorScalar_PowsAiCore_Pows,N/A,N/A,1790932528858523.804	,54.621,0.089000,0
7,aclnnMean_ReduceMeanAiCore_ReduceMean,N/A,N/A,1790932528858579.845	,72.041,1.379000,0
7,aclnnAdds_AddAiCore_Add,N/A,N/A,1790932528858652.546	,2.500,0.709000,0
7,aclnnRsqrt_RsqrtAiCore_Rsqrt,N/A,N/A,1790932528858655.086	,2.740,0.000000,0
7,aclnnMul_MulAiCore_Mul,N/A,N/A,1790932528858657.846	,73.022,0.010000,0
7,aclnnInplaceCopy_CastAiCore_Cast,N/A,N/A,1790932528858730.888	,41.441,0.228000,0
7,aclnnMul_MulAiCore_Mul,N/A,N/A,1790932528858772.349	,40.840,0.000000,0
7,aclnnMatmul_MatMulV3Common_MatMulV3,N/A,N/A,1790932528858813.209	,3462.710,0.160000,0
7,aclnnSilu_SliceAiCore_Slice,N/A,N/A,1790932528862275.939	,329.746,0.040000,0
7,aclnnSilu_SiluAiCore_Swish,N/A,N/A,1790932528862605.705	,325.067,0.004000,0
7,aclnnMul_SliceAiCore_Slice,N/A,N/A,1790932528862930.792	,306.766,0.000000,0
7,aclnnMul_MulAiCore_Mul,N/A,N/A,1790932528863237.578	,511.290,0.000000,0
7,aclnnMatmul_MatMulV3Common_MatMulV3,N/A,N/A,1790932528863748.908	,1731.175,0.210000,0
7,aclnnAdd_AddAiCore_Add,N/A,N/A,1790932528865480.103	,88.941,0.000000,0
7,aclnnInplaceCopy_CastAiCore_Cast,N/A,N/A,1790932528865569.064	,36.581,0.059000,0
7,aclnnPowTensorScalar_PowsAiCore_Pows,N/A,N/A,1790932528865605.685	,51.281,0.169000,0
7,aclnnMean_ReduceMeanAiCore_ReduceMean,N/A,N/A,1790932528865658.366	,73.002,1.219000,0
7,aclnnAdds_AddAiCore_Add,N/A,N/A,1790932528865732.548	,2.400,1.248000,0
7,aclnnRsqrt_RsqrtAiCore_Rsqrt,N/A,N/A,1790932528865734.968	,2.920,0.100000,0
7,aclnnMul_MulAiCore_Mul,N/A,N/A,1790932528865737.908	,70.901,0.080000,0
7,aclnnInplaceCopy_CastAiCore_Cast,N/A,N/A,1790932528865808.829	,41.321,0.000000,0
7,aclnnMul_MulAiCore_Mul,N/A,N/A,1790932528865850.170	,40.901,0.179000,0
7,aclnnMatmul_MatMulV3Common_MatMulV3,N/A,N/A,1790932528865891.111	,1072.441,0.000000,0
7,aclnnInplaceCopy_SliceAiCore_Slice,N/A,N/A,1790932528866963.572	,94.422,0.059000,0
7,aclnnInplaceCopy_CastAiCore_Cast,N/A,N/A,1790932528867058.014	,86.402,0.078000,0
7,aclnnPowTensorScalar_PowsAiCore_Pows,N/A,N/A,1790932528867144.436	,141.023,0.098000,0
7,aclnnMean_ReduceMeanAiCore_ReduceMean,N/A,N/A,1790932528867286.859	,89.961,1.227000,0
7,aclnnAdds_AddAiCore_Add,N/A,N/A,1790932528867377.560	,7.341,0.789000,0
7,aclnnRsqrt_RsqrtAiCore_Rsqrt,N/A,N/A,1790932528867384.921	,8.760,0.159000,0
7,aclnnMul_MulAiCore_Mul,N/A,N/A,1790932528867393.701	,112.602,0.000000,0
7,aclnnInplaceCopy_CastAiCore_Cast,N/A,N/A,1790932528867506.323	,61.261,0.000000,0
7,aclnnMul_MulAiCore_Mul,N/A,N/A,1790932528867567.604	,60.841,0.000000,0
7,aclnnInplaceCopy_SliceAiCore_Slice,N/A,N/A,1790932528867628.465	,55.782,0.159000,0
7,aclnnInplaceCopy_CastAiCore_Cast,N/A,N/A,1790932528867684.267	,33.260,0.000000,0
7,aclnnPowTensorScalar_PowsAiCore_Pows,N/A,N/A,1790932528867717.547	,38.621,0.000000,0
7,aclnnMean_ReduceMeanAiCore_ReduceMean,N/A,N/A,1790932528867757.668	,29.361,1.629000,0
7,aclnnAdds_AddAiCore_Add,N/A,N/A,1790932528867788.029	,6.580,0.889000,0
7,aclnnRsqrt_RsqrtAiCore_Rsqrt,N/A,N/A,1790932528867794.629	,7.960,0.170000,0
7,aclnnMul_MulAiCore_Mul,N/A,N/A,1790932528867802.609	,37.241,0.000000,0
7,aclnnInplaceCopy_CastAiCore_Cast,N/A,N/A,1790932528867839.870	,16.740,0.009000,0
7,aclnnMul_MulAiCore_Mul,N/A,N/A,1790932528867856.630	,21.800,0.260000,0
7,aclnnMul_TransposeAiCore_Transpose,N/A,N/A,1790932528867878.450	,185.624,0.000000,0
7,aclnnMul_MulAiCore_Mul,N/A,N/A,1790932528868064.094	,61.921,0.000000,0
7,aclnnNeg_AsStridedAiCore_AsStrided,N/A,N/A,1790932528868126.035	,104.643,0.079000,0
7,aclnnNeg_NegAiCore_Neg,N/A,N/A,1790932528868230.698	,30.760,0.107000,0
7,aclnnCat_AsStridedAiCore_AsStrided,N/A,N/A,1790932528868261.478	,53.961,0.000000,0
7,aclnnCat_ConcatD_ConcatD,N/A,N/A,1790932528868315.459	,41.781,0.039000,0
7,aclnnMul_MulAiCore_Mul,N/A,N/A,1790932528868357.260	,52.481,0.000000,0
7,aclnnAdd_AddAiCore_Add,N/A,N/A,1790932528868409.761	,162.283,0.019000,0
7,aclnnMul_TransposeAiCore_Transpose,N/A,N/A,1790932528868572.084	,55.041,0.000000,0
7,aclnnMul_MulAiCore_Mul,N/A,N/A,1790932528868627.145	,16.901,0.209000,0
7,aclnnNeg_AsStridedAiCore_AsStrided,N/A,N/A,1790932528868644.066	,18.340,0.000000,0
7,aclnnNeg_NegAiCore_Neg,N/A,N/A,1790932528868662.446	,9.160,0.160000,0
7,aclnnCat_AsStridedAiCore_AsStrided,N/A,N/A,1790932528868671.646	,16.741,0.090000,0
7,aclnnCat_ConcatD_ConcatD,N/A,N/A,1790932528868688.407	,15.480,0.009000,0
7,aclnnMul_MulAiCore_Mul,N/A,N/A,1790932528868703.907	,17.220,0.020000,0
7,aclnnAdd_AddAiCore_Add,N/A,N/A,1790932528868721.147	,15.321,0.030000,0
7,aclnnInplaceCopy_AsStridedAiCore_AsStrided,N/A,N/A,1790932528868736.488	,39.500,0.000000,0
7,InnerPromptFlashAttention_PromptFlashAttention_PromptFlashAttention,N/A,N/A,1790932528868777.268	,1904.018,1.250000,0
7,aclnnInplaceCopy_TransposeAiCore_Transpose,N/A,N/A,1790932528870682.147	,155.043,0.982000,0
7,aclnnMatmul_MatMulV3Common_MatMulV3,N/A,N/A,1790932528870837.210	,711.734,0.000000,0
7,aclnnAdd_AddAiCore_Add,N/A,N/A,1790932528871548.984	,101.782,0.016000,0
7,aclnnInplaceCopy_CastAiCore_Cast,N/A,N/A,1790932528871650.786	,53.041,0.000000,0
7,aclnnPowTensorScalar_PowsAiCore_Pows,N/A,N/A,1790932528871703.867	,55.761,0.000000,0
7,aclnnMean_ReduceMeanAiCore_ReduceMean,N/A,N/A,1790932528871761.028	,72.082,1.489000,0
7,aclnnAdds_AddAiCore_Add,N/A,N/A,1790932528871833.990	,2.700,0.918000,0
7,aclnnRsqrt_RsqrtAiCore_Rsqrt,N/A,N/A,1790932528871836.710	,3.080,0.050000,0
7,aclnnMul_MulAiCore_Mul,N/A,N/A,1790932528871839.810	,73.921,0.000000,0
7,aclnnInplaceCopy_CastAiCore_Cast,N/A,N/A,1790932528871913.751	,41.701,0.079000,0
7,aclnnMul_MulAiCore_Mul,N/A,N/A,1790932528871955.472	,35.261,0.049000,0
7,aclnnMatmul_MatMulV3Common_MatMulV3,N/A,N/A,1790932528871990.753	,3475.889,0.000000,0
7,aclnnSilu_SliceAiCore_Slice,N/A,N/A,1790932528875466.662	,325.987,0.111000,0
7,aclnnSilu_SiluAiCore_Swish,N/A,N/A,1790932528875792.669	,321.286,0.013000,0
7,aclnnMul_SliceAiCore_Slice,N/A,N/A,1790932528876113.975	,306.566,0.000000,0
7,aclnnMul_MulAiCore_Mul,N/A,N/A,1790932528876420.581	,496.630,0.000000,0
7,aclnnMatmul_MatMulV3Common_MatMulV3,N/A,N/A,1790932528876917.231	,1752.675,0.120000,0
7,aclnnAdd_AddAiCore_Add,N/A,N/A,1790932528878669.926	,87.622,0.075000,0
7,aclnnInplaceCopy_CastAiCore_Cast,N/A,N/A,1790932528878757.568	,35.321,0.000000,0
7,aclnnPowTensorScalar_PowsAiCore_Pows,N/A,N/A,1790932528878792.909	,51.321,0.179000,0
7,aclnnMean_ReduceMeanAiCore_ReduceMean,N/A,N/A,1790932528878845.390	,72.721,1.179000,0
7,aclnnAdds_AddAiCore_Add,N/A,N/A,1790932528878918.951	,2.460,0.779000,0
7,aclnnRsqrt_RsqrtAiCore_Rsqrt,N/A,N/A,1790932528878921.431	,2.780,0.040000,0
7,aclnnMul_MulAiCore_Mul,N/A,N/A,1790932528878924.231	,73.322,0.000000,0
7,aclnnInplaceCopy_CastAiCore_Cast,N/A,N/A,1790932528878997.593	,41.020,0.000000,0
7,aclnnMul_MulAiCore_Mul,N/A,N/A,1790932528879038.633	,40.341,0.230000,0
7,aclnnMatmul_MatMulV3Common_MatMulV3,N/A,N/A,1790932528879078.994	,1063.842,0.000000,0
7,aclnnInplaceCopy_SliceAiCore_Slice,N/A,N/A,1790932528880142.856	,93.461,0.000000,0
7,aclnnInplaceCopy_CastAiCore_Cast,N/A,N/A,1790932528880236.337	,84.542,0.039000,0
7,aclnnPowTensorScalar_PowsAiCore_Pows,N/A,N/A,1790932528880320.919	,135.723,0.208000,0
7,aclnnMean_ReduceMeanAiCore_ReduceMean,N/A,N/A,1790932528880458.102	,88.222,1.277000,0
7,aclnnAdds_AddAiCore_Add,N/A,N/A,1790932528880547.484	,7.000,1.278000,0
7,aclnnRsqrt_RsqrtAiCore_Rsqrt,N/A,N/A,1790932528880554.504	,9.020,0.000000,0
7,aclnnMul_MulAiCore_Mul,N/A,N/A,1790932528880563.544	,112.102,0.000000,0
7,aclnnInplaceCopy_CastAiCore_Cast,N/A,N/A,1790932528880675.686	,60.461,0.148000,0
7,aclnnMul_MulAiCore_Mul,N/A,N/A,1790932528880736.167	,60.602,0.039000,0
7,aclnnInplaceCopy_SliceAiCore_Slice,N/A,N/A,1790932528880796.789	,55.481,0.000000,0
7,aclnnInplaceCopy_CastAiCore_Cast,N/A,N/A,1790932528880852.290	,32.080,0.019000,0
7,aclnnPowTensorScalar_PowsAiCore_Pows,N/A,N/A,1790932528880884.390	,37.561,0.170000,0
7,aclnnMean_ReduceMeanAiCore_ReduceMean,N/A,N/A,1790932528880923.291	,29.581,1.189000,0
7,aclnnAdds_AddAiCore_Add,N/A,N/A,1790932528880953.652	,6.620,0.919000,0
7,aclnnRsqrt_RsqrtAiCore_Rsqrt,N/A,N/A,1790932528880960.292	,13.120,0.000000,0
7,aclnnMul_MulAiCore_Mul,N/A,N/A,1790932528880973.432	,37.441,0.130000,0
7,aclnnInplaceCopy_CastAiCore_Cast,N/A,N/A,1790932528881010.893	,17.360,0.059000,0
7,aclnnMul_MulAiCore_Mul,N/A,N/A,1790932528881028.273	,21.881,0.000000,0
7,aclnnMul_TransposeAiCore_Transpose,N/A,N/A,1790932528881050.174	,185.403,0.119000,0
7,aclnnMul_MulAiCore_Mul,N/A,N/A,1790932528881235.597	,66.142,0.000000,0
7,aclnnNeg_AsStridedAiCore_AsStrided,N/A,N/A,1790932528881301.759	,102.502,0.108000,0
7,aclnnNeg_NegAiCore_Neg,N/A,N/A,1790932528881404.281	,30.520,0.000000,0
7,aclnnCat_AsStridedAiCore_AsStrided,N/A,N/A,1790932528881434.821	,53.881,0.000000,0
7,aclnnCat_ConcatD_ConcatD,N/A,N/A,1790932528881488.722	,41.381,0.119000,0
7,aclnnMul_MulAiCore_Mul,N/A,N/A,1790932528881530.143	,52.521,0.119000,0
7,aclnnAdd_AddAiCore_Add,N/A,N/A,1790932528881582.684	,161.724,0.000000,0
7,aclnnMul_TransposeAiCore_Transpose,N/A,N/A,1790932528881744.428	,54.961,0.026000,0
7,aclnnMul_MulAiCore_Mul,N/A,N/A,1790932528881799.429	,17.180,0.039000,0
7,aclnnNeg_AsStridedAiCore_AsStrided,N/A,N/A,1790932528881816.629	,18.940,0.070000,0
7,aclnnNeg_NegAiCore_Neg,N/A,N/A,1790932528881835.589	,9.301,0.000000,0
7,aclnnCat_AsStridedAiCore_AsStrided,N/A,N/A,1790932528881844.910	,17.360,0.199000,0
7,aclnnCat_ConcatD_ConcatD,N/A,N/A,1790932528881862.290	,15.160,0.000000,0
7,aclnnMul_MulAiCore_Mul,N/A,N/A,1790932528881877.470	,16.801,0.090000,0
7,aclnnAdd_AddAiCore_Add,N/A,N/A,1790932528881894.291	,15.200,0.000000,0
7,aclnnInplaceCopy_AsStridedAiCore_AsStrided,N/A,N/A,1790932528881909.511	,39.101,0.050000,0
7,InnerPromptFlashAttention_PromptFlashAttention_PromptFlashAttention,N/A,N/A,1790932528881949.712	,1899.478,1.149000,0
7,aclnnInplaceCopy_TransposeAiCore_Transpose,N/A,N/A,1790932528883849.950	,163.303,0.772000,0
7,aclnnMatmul_MatMulV3Common_MatMulV3,N/A,N/A,1790932528884013.273	,712.094,0.000000,0
7,aclnnAdd_AddAiCore_Add,N/A,N/A,1790932528884725.387	,102.902,0.156000,0
7,aclnnInplaceCopy_CastAiCore_Cast,N/A,N/A,1790932528884828.309	,52.661,0.000000,0
7,aclnnPowTensorScalar_PowsAiCore_Pows,N/A,N/A,1790932528884880.990	,53.261,0.089000,0
7,aclnnMean_ReduceMeanAiCore_ReduceMean,N/A,N/A,1790932528884935.411	,76.602,1.239000,0
7,aclnnAdds_AddAiCore_Add,N/A,N/A,1790932528885013.213	,2.640,1.148000,0
7,aclnnRsqrt_RsqrtAiCore_Rsqrt,N/A,N/A,1790932528885015.873	,3.200,0.000000,0
7,aclnnMul_MulAiCore_Mul,N/A,N/A,1790932528885019.093	,72.741,0.050000,0
7,aclnnInplaceCopy_CastAiCore_Cast,N/A,N/A,1790932528885091.874	,42.041,0.009000,0
7,aclnnMul_MulAiCore_Mul,N/A,N/A,1790932528885133.935	,41.521,0.209000,0
7,aclnnMatmul_MatMulV3Common_MatMulV3,N/A,N/A,1790932528885175.476	,3457.069,0.000000,0
7,aclnnSilu_SliceAiCore_Slice,N/A,N/A,1790932528888632.565	,330.787,0.000000,0
7,aclnnSilu_SiluAiCore_Swish,N/A,N/A,1790932528888963.372	,322.306,0.000000,0
7,aclnnMul_SliceAiCore_Slice,N/A,N/A,1790932528889285.698	,306.306,0.194000,0
7,aclnnMul_MulAiCore_Mul,N/A,N/A,1790932528889592.024	,514.271,0.000000,0
7,aclnnMatmul_MatMulV3Common_MatMulV3,N/A,N/A,1790932528890106.315	,1731.214,0.000000,0
7,aclnnAdd_AddAiCore_Add,N/A,N/A,1790932528891837.549	,87.322,0.036000,0
7,aclnnInplaceCopy_CastAiCore_Cast,N/A,N/A,1790932528891924.891	,36.021,0.178000,0
7,aclnnPowTensorScalar_PowsAiCore_Pows,N/A,N/A,1790932528891960.932	,50.921,0.000000,0
7,aclnnMean_ReduceMeanAiCore_ReduceMean,N/A,N/A,1790932528892013.293	,78.181,1.329000,0
7,aclnnAdds_AddAiCore_Add,N/A,N/A,1790932528892092.434	,2.460,1.069000,0
7,aclnnRsqrt_RsqrtAiCore_Rsqrt,N/A,N/A,1790932528892094.914	,2.760,0.040000,0
7,aclnnMul_MulAiCore_Mul,N/A,N/A,1790932528892097.694	,72.242,0.000000,0
7,aclnnInplaceCopy_CastAiCore_Cast,N/A,N/A,1790932528892169.956	,41.821,0.008000,0
7,aclnnMul_MulAiCore_Mul,N/A,N/A,1790932528892211.797	,40.880,0.000000,0
7,aclnnMatmul_MatMulV3Common_MatMulV3,N/A,N/A,1790932528892252.697	,1073.622,0.120000,0
7,aclnnInplaceCopy_SliceAiCore_Slice,N/A,N/A,1790932528893326.339	,95.962,0.000000,0
7,aclnnInplaceCopy_CastAiCore_Cast,N/A,N/A,1790932528893422.341	,84.762,0.038000,0
7,aclnnPowTensorScalar_PowsAiCore_Pows,N/A,N/A,1790932528893507.123	,139.442,0.000000,0
7,aclnnMean_ReduceMeanAiCore_ReduceMean,N/A,N/A,1790932528893648.545	,90.682,2.058000,0
7,aclnnAdds_AddAiCore_Add,N/A,N/A,1790932528893740.127	,6.940,1.068000,0
7,aclnnRsqrt_RsqrtAiCore_Rsqrt,N/A,N/A,1790932528893747.107	,8.641,0.000000,0
7,aclnnMul_MulAiCore_Mul,N/A,N/A,1790932528893755.788	,112.962,0.109000,0
7,aclnnInplaceCopy_CastAiCore_Cast,N/A,N/A,1790932528893868.770	,61.581,0.038000,0
7,aclnnMul_MulAiCore_Mul,N/A,N/A,1790932528893930.371	,61.161,0.000000,0
7,aclnnInplaceCopy_SliceAiCore_Slice,N/A,N/A,1790932528893991.552	,55.661,0.089000,0
7,aclnnInplaceCopy_CastAiCore_Cast,N/A,N/A,1790932528894047.233	,32.381,0.089000,0
7,aclnnPowTensorScalar_PowsAiCore_Pows,N/A,N/A,1790932528894079.634	,38.701,0.119000,0
7,aclnnMean_ReduceMeanAiCore_ReduceMean,N/A,N/A,1790932528894119.495	,29.520,1.049000,0
7,aclnnAdds_AddAiCore_Add,N/A,N/A,1790932528894149.835	,6.521,0.730000,0
7,aclnnRsqrt_RsqrtAiCore_Rsqrt,N/A,N/A,1790932528894156.376	,8.100,0.229000,0
7,aclnnMul_MulAiCore_Mul,N/A,N/A,1790932528894164.496	,36.760,0.000000,0
7,aclnnInplaceCopy_CastAiCore_Cast,N/A,N/A,1790932528894201.276	,16.681,0.000000,0
7,aclnnMul_MulAiCore_Mul,N/A,N/A,1790932528894217.977	,21.680,0.069000,0
7,aclnnMul_TransposeAiCore_Transpose,N/A,N/A,1790932528894239.677	,188.924,0.070000,0
7,aclnnMul_MulAiCore_Mul,N/A,N/A,1790932528894428.641	,62.761,0.076000,0
7,aclnnNeg_AsStridedAiCore_AsStrided,N/A,N/A,1790932528894491.442	,106.442,0.000000,0
7,aclnnNeg_NegAiCore_Neg,N/A,N/A,1790932528894597.904	,30.201,0.058000,0
7,aclnnCat_AsStridedAiCore_AsStrided,N/A,N/A,1790932528894628.125	,55.661,0.000000,0
7,aclnnCat_ConcatD_ConcatD,N/A,N/A,1790932528894683.806	,41.601,0.089000,0
7,aclnnMul_MulAiCore_Mul,N/A,N/A,1790932528894725.427	,52.701,0.149000,0
7,aclnnAdd_AddAiCore_Add,N/A,N/A,1790932528894778.148	,162.523,0.049000,0
7,aclnnMul_TransposeAiCore_Transpose,N/A,N/A,1790932528894940.691	,54.861,0.000000,0
7,aclnnMul_MulAiCore_Mul,N/A,N/A,1790932528894995.572	,16.801,0.000000,0
7,aclnnNeg_AsStridedAiCore_AsStrided,N/A,N/A,1790932528895012.413	,18.800,0.199000,0
7,aclnnNeg_NegAiCore_Neg,N/A,N/A,1790932528895031.253	,9.360,0.000000,0
7,aclnnCat_AsStridedAiCore_AsStrided,N/A,N/A,1790932528895040.633	,17.641,0.140000,0
7,aclnnCat_ConcatD_ConcatD,N/A,N/A,1790932528895058.294	,15.380,0.000000,0
7,aclnnMul_MulAiCore_Mul,N/A,N/A,1790932528895073.694	,17.100,0.120000,0
7,aclnnAdd_AddAiCore_Add,N/A,N/A,1790932528895090.814	,15.761,0.000000,0
7,aclnnInplaceCopy_AsStridedAiCore_AsStrided,N/A,N/A,1790932528895106.615	,40.220,0.000000,0
7,InnerPromptFlashAttention_PromptFlashAttention_PromptFlashAttention,N/A,N/A,1790932528895147.895	,1910.359,1.280000,0
7,aclnnInplaceCopy_TransposeAiCore_Transpose,N/A,N/A,1790932528897059.234	,158.943,0.891000,0
7,aclnnMatmul_MatMulV3Common_MatMulV3,N/A,N/A,1790932528897218.197	,709.274,0.057000,0
7,aclnnAdd_AddAiCore_Add,N/A,N/A,1790932528897927.491	,102.862,0.000000,0
7,aclnnInplaceCopy_CastAiCore_Cast,N/A,N/A,1790932528898030.373	,52.581,0.000000,0
7,aclnnPowTensorScalar_PowsAiCore_Pows,N/A,N/A,1790932528898082.974	,54.401,0.169000,0
7,aclnnMean_ReduceMeanAiCore_ReduceMean,N/A,N/A,1790932528898138.755	,72.662,1.349000,0
7,aclnnAdds_AddAiCore_Add,N/A,N/A,1790932528898212.317	,2.660,0.838000,0
7,aclnnRsqrt_RsqrtAiCore_Rsqrt,N/A,N/A,1790932528898214.997	,2.800,0.090000,0
7,aclnnMul_MulAiCore_Mul,N/A,N/A,1790932528898217.817	,72.981,0.000000,0
7,aclnnInplaceCopy_CastAiCore_Cast,N/A,N/A,1790932528898290.838	,41.641,0.019000,0
7,aclnnMul_MulAiCore_Mul,N/A,N/A,1790932528898332.499	,35.421,0.109000,0
7,aclnnMatmul_MatMulV3Common_MatMulV3,N/A,N/A,1790932528898367.940	,3468.649,0.079000,0
7,aclnnSilu_SliceAiCore_Slice,N/A,N/A,1790932528901836.609	,325.366,0.000000,0
7,aclnnSilu_SiluAiCore_Swish,N/A,N/A,1790932528902161.995	,323.227,0.134000,0
7,aclnnMul_SliceAiCore_Slice,N/A,N/A,1790932528902485.242	,307.186,0.023000,0
7,aclnnMul_MulAiCore_Mul,N/A,N/A,1790932528902792.448	,497.590,0.064000,0
7,aclnnMatmul_MatMulV3Common_MatMulV3,N/A,N/A,1790932528903290.058	,1753.195,0.000000,0
7,aclnnAdd_AddAiCore_Add,N/A,N/A,1790932528905043.273	,88.882,0.055000,0
7,aclnnInplaceCopy_CastAiCore_Cast,N/A,N/A,1790932528905132.175	,35.861,0.118000,0
7,aclnnPowTensorScalar_PowsAiCore_Pows,N/A,N/A,1790932528905168.056	,50.921,0.000000,0
7,aclnnMean_ReduceMeanAiCore_ReduceMean,N/A,N/A,1790932528905220.317	,72.281,1.329000,0
7,aclnnAdds_AddAiCore_Add,N/A,N/A,1790932528905293.818	,2.860,1.219000,0
7,aclnnRsqrt_RsqrtAiCore_Rsqrt,N/A,N/A,1790932528905296.698	,3.020,0.140000,0
7,aclnnMul_MulAiCore_Mul,N/A,N/A,1790932528905299.738	,72.322,0.000000,0
7,aclnnInplaceCopy_CastAiCore_Cast,N/A,N/A,1790932528905372.080	,40.880,0.000000,0
7,aclnnMul_MulAiCore_Mul,N/A,N/A,1790932528905412.980	,40.641,0.120000,0
7,aclnnMatmul_MatMulV3Common_MatMulV3,N/A,N/A,1790932528905453.661	,1068.362,0.109000,0
7,aclnnInplaceCopy_SliceAiCore_Slice,N/A,N/A,1790932528906522.043	,98.922,0.000000,0
7,aclnnInplaceCopy_CastAiCore_Cast,N/A,N/A,1790932528906620.985	,82.881,0.078000,0
7,aclnnPowTensorScalar_PowsAiCore_Pows,N/A,N/A,1790932528906703.906	,135.103,0.119000,0
7,aclnnMean_ReduceMeanAiCore_ReduceMean,N/A,N/A,1790932528906840.069	,88.282,0.897000,0
7,aclnnAdds_AddAiCore_Add,N/A,N/A,1790932528906929.431	,7.060,1.218000,0
7,aclnnRsqrt_RsqrtAiCore_Rsqrt,N/A,N/A,1790932528906936.511	,14.160,0.000000,0
7,aclnnMul_MulAiCore_Mul,N/A,N/A,1790932528906950.711	,110.722,0.090000,0
7,aclnnInplaceCopy_CastAiCore_Cast,N/A,N/A,1790932528907061.453	,61.222,0.028000,0
7,aclnnMul_MulAiCore_Mul,N/A,N/A,1790932528907122.715	,59.981,0.028000,0
7,aclnnInplaceCopy_SliceAiCore_Slice,N/A,N/A,1790932528907182.716	,56.181,0.019000,0
7,aclnnInplaceCopy_CastAiCore_Cast,N/A,N/A,1790932528907238.937	,32.101,0.069000,0
7,aclnnPowTensorScalar_PowsAiCore_Pows,N/A,N/A,1790932528907271.058	,37.820,0.000000,0
7,aclnnMean_ReduceMeanAiCore_ReduceMean,N/A,N/A,1790932528907309.858	,29.481,0.930000,0
7,aclnnAdds_AddAiCore_Add,N/A,N/A,1790932528907340.239	,6.540,1.019000,0
7,aclnnRsqrt_RsqrtAiCore_Rsqrt,N/A,N/A,1790932528907346.799	,7.840,0.000000,0
7,aclnnMul_MulAiCore_Mul,N/A,N/A,1790932528907354.659	,37.081,0.160000,0
7,aclnnInplaceCopy_CastAiCore_Cast,N/A,N/A,1790932528907391.760	,16.620,0.000000,0
7,aclnnMul_MulAiCore_Mul,N/A,N/A,1790932528907408.400	,21.441,0.130000,0
7,aclnnMul_TransposeAiCore_Transpose,N/A,N/A,1790932528907429.881	,186.983,0.059000,0
7,aclnnMul_MulAiCore_Mul,N/A,N/A,1790932528907616.904	,64.662,0.017000,0
7,aclnnNeg_AsStridedAiCore_AsStrided,N/A,N/A,1790932528907681.606	,105.582,0.000000,0
7,aclnnNeg_NegAiCore_Neg,N/A,N/A,1790932528907787.208	,30.240,0.168000,0
7,aclnnCat_AsStridedAiCore_AsStrided,N/A,N/A,1790932528907817.488	,55.822,0.010000,0
7,aclnnCat_ConcatD_ConcatD,N/A,N/A,1790932528907873.330	,41.460,0.000000,0
7,aclnnMul_MulAiCore_Mul,N/A,N/A,1790932528907914.810	,52.881,0.040000,0
7,aclnnAdd_AddAiCore_Add,N/A,N/A,1790932528907967.711	,161.924,0.119000,0
7,aclnnMul_TransposeAiCore_Transpose,N/A,N/A,1790932528908129.655	,56.201,0.076000,0
7,aclnnMul_MulAiCore_Mul,N/A,N/A,1790932528908185.876	,18.000,0.049000,0
7,aclnnNeg_AsStridedAiCore_AsStrided,N/A,N/A,1790932528908203.896	,17.961,0.000000,0
7,aclnnNeg_NegAiCore_Neg,N/A,N/A,1790932528908221.877	,9.220,0.039000,0
7,aclnnCat_AsStridedAiCore_AsStrided,N/A,N/A,1790932528908231.117	,17.420,0.000000,0
7,aclnnCat_ConcatD_ConcatD,N/A,N/A,1790932528908248.557	,15.740,0.080000,0
7,aclnnMul_MulAiCore_Mul,N/A,N/A,1790932528908264.317	,17.421,0.010000,0
7,aclnnAdd_AddAiCore_Add,N/A,N/A,1790932528908281.758	,15.920,0.079000,0
7,aclnnInplaceCopy_AsStridedAiCore_AsStrided,N/A,N/A,1790932528908297.698	,41.141,0.080000,0
7,InnerPromptFlashAttention_PromptFlashAttention_PromptFlashAttention,N/A,N/A,1790932528908340.119	,1923.198,1.109000,0
7,aclnnInplaceCopy_TransposeAiCore_Transpose,N/A,N/A,1790932528910264.117	,158.704,0.802000,0
7,aclnnMatmul_MatMulV3Common_MatMulV3,N/A,N/A,1790932528910422.841	,708.794,0.046000,0
7,aclnnAdd_AddAiCore_Add,N/A,N/A,1790932528911131.655	,102.782,0.206000,0
7,aclnnInplaceCopy_CastAiCore_Cast,N/A,N/A,1790932528911234.457	,52.941,0.000000,0
7,aclnnPowTensorScalar_PowsAiCore_Pows,N/A,N/A,1790932528911287.418	,54.481,0.059000,0
7,aclnnMean_ReduceMeanAiCore_ReduceMean,N/A,N/A,1790932528911342.899	,77.981,1.019000,0
7,aclnnAdds_AddAiCore_Add,N/A,N/A,1790932528911421.980	,2.781,1.019000,0
7,aclnnRsqrt_RsqrtAiCore_Rsqrt,N/A,N/A,1790932528911424.781	,3.020,0.000000,0
7,aclnnMul_MulAiCore_Mul,N/A,N/A,1790932528911427.821	,72.341,0.000000,0
7,aclnnInplaceCopy_CastAiCore_Cast,N/A,N/A,1790932528911500.182	,41.821,0.159000,0
7,aclnnMul_MulAiCore_Mul,N/A,N/A,1790932528911542.023	,40.921,0.000000,0
7,aclnnMatmul_MatMulV3Common_MatMulV3,N/A,N/A,1790932528911582.984	,3475.109,0.079000,0
7,aclnnSilu_SliceAiCore_Slice,N/A,N/A,1790932528915058.113	,327.907,0.000000,0
7,aclnnSilu_SiluAiCore_Swish,N/A,N/A,1790932528915386.040	,323.466,0.093000,0
7,aclnnMul_SliceAiCore_Slice,N/A,N/A,1790932528915709.526	,306.286,0.034000,0
7,aclnnMul_MulAiCore_Mul,N/A,N/A,1790932528916015.832	,512.291,0.000000,0
7,aclnnMatmul_MatMulV3Common_MatMulV3,N/A,N/A,1790932528916528.143	,1735.814,0.209000,0
7,aclnnAdd_AddAiCore_Add,N/A,N/A,1790932528918263.977	,87.002,0.000000,0
7,aclnnInplaceCopy_CastAiCore_Cast,N/A,N/A,1790932528918350.999	,36.621,0.000000,0
7,aclnnPowTensorScalar_PowsAiCore_Pows,N/A,N/A,1790932528918387.660	,50.261,0.129000,0
7,aclnnMean_ReduceMeanAiCore_ReduceMean,N/A,N/A,1790932528918438.961	,77.281,0.989000,0
7,aclnnAdds_AddAiCore_Add,N/A,N/A,1790932528918517.382	,2.740,1.219000,0
7,aclnnRsqrt_RsqrtAiCore_Rsqrt,N/A,N/A,1790932528918520.142	,2.860,0.010000,0
7,aclnnMul_MulAiCore_Mul,N/A,N/A,1790932528918523.022	,71.922,0.000000,0
7,aclnnInplaceCopy_CastAiCore_Cast,N/A,N/A,1790932528918594.984	,41.721,0.078000,0
7,aclnnMul_MulAiCore_Mul,N/A,N/A,1790932528918636.745	,41.840,0.029000,0
7,aclnnMatmul_MatMulV3Common_MatMulV3,N/A,N/A,1790932528918678.605	,1080.502,0.000000,0
7,aclnnInplaceCopy_SliceAiCore_Slice,N/A,N/A,1790932528919759.127	,95.302,0.248000,0
7,aclnnInplaceCopy_CastAiCore_Cast,N/A,N/A,1790932528919854.449	,86.642,0.000000,0
7,aclnnPowTensorScalar_PowsAiCore_Pows,N/A,N/A,1790932528919941.131	,140.523,0.108000,0
7,aclnnMean_ReduceMeanAiCore_ReduceMean,N/A,N/A,1790932528920082.894	,90.241,1.227000,0
7,aclnnAdds_AddAiCore_Add,N/A,N/A,1790932528920174.015	,6.960,0.759000,0
7,aclnnRsqrt_RsqrtAiCore_Rsqrt,N/A,N/A,1790932528920181.015	,8.741,0.040000,0
7,aclnnMul_MulAiCore_Mul,N/A,N/A,1790932528920189.776	,112.062,0.009000,0
7,aclnnInplaceCopy_CastAiCore_Cast,N/A,N/A,1790932528920301.858	,60.201,0.000000,0
7,aclnnMul_MulAiCore_Mul,N/A,N/A,1790932528920362.099	,59.881,0.049000,0
7,aclnnInplaceCopy_SliceAiCore_Slice,N/A,N/A,1790932528920422.020	,56.301,0.119000,0
7,aclnnInplaceCopy_CastAiCore_Cast,N/A,N/A,1790932528920478.361	,32.621,0.000000,0
7,aclnnPowTensorScalar_PowsAiCore_Pows,N/A,N/A,1790932528920511.002	,38.161,0.129000,0
7,aclnnMean_ReduceMeanAiCore_ReduceMean,N/A,N/A,1790932528920550.403	,29.500,1.339000,0
7,aclnnAdds_AddAiCore_Add,N/A,N/A,1790932528920580.783	,6.541,0.750000,0
7,aclnnRsqrt_RsqrtAiCore_Rsqrt,N/A,N/A,1790932528920587.344	,7.900,0.000000,0
7,aclnnMul_MulAiCore_Mul,N/A,N/A,1790932528920595.264	,37.601,0.100000,0
7,aclnnInplaceCopy_CastAiCore_Cast,N/A,N/A,1790932528920632.885	,16.920,0.149000,0
7,aclnnMul_MulAiCore_Mul,N/A,N/A,1790932528920649.825	,21.900,0.000000,0
7,aclnnMul_TransposeAiCore_Transpose,N/A,N/A,1790932528920671.745	,186.524,0.100000,0
7,aclnnMul_MulAiCore_Mul,N/A,N/A,1790932528920858.289	,62.661,0.000000,0
7,aclnnNeg_AsStridedAiCore_AsStrided,N/A,N/A,1790932528920920.970	,104.902,0.089000,0
7,aclnnNeg_NegAiCore_Neg,N/A,N/A,1790932528921025.912	,30.261,0.098000,0
7,aclnnCat_AsStridedAiCore_AsStrided,N/A,N/A,1790932528921056.213	,55.281,0.000000,0
7,aclnnCat_ConcatD_ConcatD,N/A,N/A,1790932528921111.514	,41.961,0.000000,0
7,aclnnMul_MulAiCore_Mul,N/A,N/A,1790932528921153.515	,52.481,0.039000,0
7,aclnnAdd_AddAiCore_Add,N/A,N/A,1790932528921206.016	,162.443,0.019000,0
7,aclnnMul_TransposeAiCore_Transpose,N/A,N/A,1790932528921368.479	,55.141,0.057000,0
7,aclnnMul_MulAiCore_Mul,N/A,N/A,1790932528921423.660	,17.161,0.109000,0
7,aclnnNeg_AsStridedAiCore_AsStrided,N/A,N/A,1790932528921440.841	,18.340,0.000000,0
7,aclnnNeg_NegAiCore_Neg,N/A,N/A,1790932528921459.221	,9.340,0.160000,0
7,aclnnCat_AsStridedAiCore_AsStrided,N/A,N/A,1790932528921468.601	,17.561,0.000000,0
7,aclnnCat_ConcatD_ConcatD,N/A,N/A,1790932528921486.202	,15.520,0.189000,0
7,aclnnMul_MulAiCore_Mul,N/A,N/A,1790932528921501.742	,17.700,0.000000,0
7,aclnnAdd_AddAiCore_Add,N/A,N/A,1790932528921519.462	,15.101,0.050000,0
7,aclnnInplaceCopy_AsStridedAiCore_AsStrided,N/A,N/A,1790932528921534.583	,39.780,0.000000,0
7,InnerPromptFlashAttention_PromptFlashAttention_PromptFlashAttention,N/A,N/A,1790932528921575.463	,1916.319,1.220000,0
7,aclnnInplaceCopy_TransposeAiCore_Transpose,N/A,N/A,1790932528923492.462	,158.703,0.681000,0
7,aclnnMatmul_MatMulV3Common_MatMulV3,N/A,N/A,1790932528923651.185	,709.014,0.047000,0
7,aclnnAdd_AddAiCore_Add,N/A,N/A,1790932528924360.239	,102.442,0.000000,0
7,aclnnInplaceCopy_CastAiCore_Cast,N/A,N/A,1790932528924462.701	,52.821,0.058000,0
7,aclnnPowTensorScalar_PowsAiCore_Pows,N/A,N/A,1790932528924515.542	,56.261,0.000000,0
7,aclnnMean_ReduceMeanAiCore_ReduceMean,N/A,N/A,1790932528924572.863	,72.182,0.989000,0
7,aclnnAdds_AddAiCore_Add,N/A,N/A,1790932528924645.925	,2.560,1.068000,0
7,aclnnRsqrt_RsqrtAiCore_Rsqrt,N/A,N/A,1790932528924648.505	,2.740,0.000000,0
7,aclnnMul_MulAiCore_Mul,N/A,N/A,1790932528924651.265	,71.981,0.010000,0
7,aclnnInplaceCopy_CastAiCore_Cast,N/A,N/A,1790932528924723.286	,41.501,0.019000,0
7,aclnnMul_MulAiCore_Mul,N/A,N/A,1790932528924764.827	,36.401,0.000000,0
7,aclnnMatmul_MatMulV3Common_MatMulV3,N/A,N/A,1790932528924801.248	,3475.929,0.099000,0
7,aclnnSilu_SliceAiCore_Slice,N/A,N/A,1790932528928277.197	,325.147,0.071000,0
7,aclnnSilu_SiluAiCore_Swish,N/A,N/A,1790932528928602.364	,321.146,0.000000,0
7,aclnnMul_SliceAiCore_Slice,N/A,N/A,1790932528928923.530	,308.386,0.104000,0
7,aclnnMul_MulAiCore_Mul,N/A,N/A,1790932528929231.936	,497.050,0.114000,0
7,aclnnMatmul_MatMulV3Common_MatMulV3,N/A,N/A,1790932528929729.006	,1754.135,0.000000,0
7,aclnnAdd_AddAiCore_Add,N/A,N/A,1790932528931483.161	,87.342,0.115000,0
7,aclnnInplaceCopy_CastAiCore_Cast,N/A,N/A,1790932528931570.523	,34.841,0.000000,0
7,aclnnPowTensorScalar_PowsAiCore_Pows,N/A,N/A,1790932528931605.384	,51.741,0.159000,0
7,aclnnMean_ReduceMeanAiCore_ReduceMean,N/A,N/A,1790932528931658.305	,72.841,1.009000,0
7,aclnnAdds_AddAiCore_Add,N/A,N/A,1790932528931731.866	,2.640,0.659000,0
7,aclnnRsqrt_RsqrtAiCore_Rsqrt,N/A,N/A,1790932528931734.526	,2.740,0.110000,0
7,aclnnMul_MulAiCore_Mul,N/A,N/A,1790932528931737.306	,71.462,0.010000,0
7,aclnnInplaceCopy_CastAiCore_Cast,N/A,N/A,1790932528931808.788	,41.141,0.038000,0
7,aclnnMul_MulAiCore_Mul,N/A,N/A,1790932528931849.949	,40.600,0.109000,0
7,aclnnAddmm_MatMulV3Common_MatMulV3,N/A,N/A,1790932528931890.929	,404.949,0.400000,0
7,aclnnLinalgVectorNorm_LpNormV2_LpNormV2,N/A,N/A,1790932528932296.958	,65.061,1.051000,0
7,aclnnDiv_RealDivAiCore_RealDiv,N/A,N/A,1790932528932363.239	,105.962,1.189000,0
7,aclnnMul_CastAiCore_Cast,N/A,N/A,1790932528932469.221	,9.000,0.038000,0
7,aclnnMul_MulAiCore_Mul,N/A,N/A,1790932528932478.241	,42.961,0.000000,0
7,aclnnEqScalar_EqualAiCore_Equal,N/A,N/A,1790932530407507.992	,5.860,1474986.789000,0
7,aclnnAll_ReduceAll_ReduceAll,N/A,N/A,1790932530407546.153	,3.220,32.390000,0
7,aclnnEqScalar_EqualAiCore_Equal,N/A,N/A,1790932530407745.437	,5.920,196.030000,0
7,aclnnAny_ReduceAny_ReduceAny,N/A,N/A,1790932530407784.958	,3.380,33.580000,0
7,aclnnEqScalar_EqualAiCore_Equal,N/A,N/A,1790932530408012.802	,3.440,224.370000,0
7,aclnnReduceSum_CastAiCore_Cast,N/A,N/A,1790932530408050.823	,3.080,34.560000,0
7,aclnnReduceSum_ReduceSumOpAiCore_ReduceSum,N/A,N/A,1790932530408064.343	,8.021,10.420000,0
7,aclnnReduceSum_CastAiCore_Cast,N/A,N/A,1790932530408073.404	,1.060,1.229000,0
7,aclnnEqScalar_EqualAiCore_Equal,N/A,N/A,1790932530408078.404	,1.320,3.940000,0
7,aclnnAll_ReduceAll_ReduceAll,N/A,N/A,1790932530408113.404	,1.920,33.680000,0
7,aclnnInplaceCopy_CastAiCore_Cast,N/A,N/A,1790932530408355.909	,387.288,240.580000,0
7,aclnnAddmm_MatMulV3Common_MatMulV3,N/A,N/A,1790932530408743.217	,416.548,0.000000,0
7,aclnnEmbedding_GatherV2AiCore_GatherV2,N/A,N/A,1790932530498739.255	,172.604,89579.452000,0
7,aclnnMul_MulAiCore_Mul,N/A,N/A,1790932530498911.879	,334.966,0.146000,0
7,aclnnAdd_AddAiCore_Add,N/A,N/A,1790932530499246.865	,299.966,0.000000,0
7,aclnnAdd_AddAiCore_Add,N/A,N/A,1790932530499546.851	,206.824,0.034000,0
7,aclnnAdd_AddAiCore_Add,N/A,N/A,1790932530499753.715	,194.764,0.176000,0
7,aclnnRepeat_TileAiCore_Tile,N/A,N/A,1790932530499948.499	,10.540,0.000000,0
7,aclnnInplaceCopy_TransposeAiCore_Transpose,N/A,N/A,1790932530499959.059	,17.441,0.000000,0
7,aclnnRepeat_TileAiCore_Tile,N/A,N/A,1790932530499976.520	,10.800,0.059000,0
7,aclnnInplaceCopy_TransposeAiCore_Transpose,N/A,N/A,1790932530499987.340	,15.620,0.000000,0
7,aclnnRepeat_TileAiCore_Tile,N/A,N/A,1790932530500002.980	,9.061,0.130000,0
7,aclnnInplaceCopy_TransposeAiCore_Transpose,N/A,N/A,1790932530500012.061	,16.420,0.000000,0
7,aclnnRepeat_TileAiCore_Tile,N/A,N/A,1790932530500028.521	,8.960,0.080000,0
7,aclnnInplaceCopy_TransposeAiCore_Transpose,N/A,N/A,1790932530500037.521	,16.080,0.040000,0
7,aclnnRepeat_TileAiCore_Tile,N/A,N/A,1790932530500053.621	,7.821,0.000000,0
7,aclnnInplaceCopy_TransposeAiCore_Transpose,N/A,N/A,1790932530500061.462	,14.420,0.179000,0
7,aclnnRepeat_TileAiCore_Tile,N/A,N/A,1790932530500075.902	,8.800,0.080000,0
7,aclnnInplaceCopy_TransposeAiCore_Transpose,N/A,N/A,1790932530500084.722	,14.440,0.000000,0
7,aclnnRepeat_TileAiCore_Tile,N/A,N/A,1790932530500099.182	,10.280,0.060000,0
7,aclnnInplaceCopy_TransposeAiCore_Transpose,N/A,N/A,1790932530500109.482	,14.521,0.000000,0
7,aclnnRepeat_TileAiCore_Tile,N/A,N/A,1790932530500124.023	,12.180,0.000000,0
7,aclnnInplaceCopy_TransposeAiCore_Transpose,N/A,N/A,1790932530500136.223	,15.060,0.070000,0
7,aclnnCat_ConcatD_ConcatD,N/A,N/A,1790932530500151.303	,52.341,0.000000,0
7,aclnnArange_ArangeAiCore_Range,N/A,N/A,1790932530500350.587	,8.540,146.909000,0
7,aclnnMul_MulAiCore_Mul,N/A,N/A,1790932530500398.008	,10.700,38.960000,0
7,aclnnIndex_IndexAiCore_Index,N/A,N/A,1790932530501136.843	,565.651,728.050000,0
7,aclnnCat_ConcatD_ConcatD,N/A,N/A,1790932530501702.514	,13.501,0.099000,0
7,aclnnCos_CosAiCore_Cos,N/A,N/A,1790932530501716.035	,42.960,0.000000,0
7,aclnnSin_SinAiCore_Sin,N/A,N/A,1790932530501759.015	,40.841,0.040000,0
7,aclnnAdd_AddAiCore_Add,N/A,N/A,1790932530515488.650	,214.904,13688.909000,0
7,aclnnInplaceCopy_CastAiCore_Cast,N/A,N/A,1790932530524794.996	,92.042,9091.346000,0
7,aclnnMean_ReduceMeanAiCore_ReduceMean,N/A,N/A,1790932530524888.098	,106.362,0.958000,0
7,aclnnSub_SubAiCore_Sub,N/A,N/A,1790932530524995.160	,135.302,0.888000,0
7,aclnnPowTensorScalar_PowsAiCore_Pows,N/A,N/A,1790932530525130.482	,160.104,0.000000,0
7,aclnnMean_ReduceMeanAiCore_ReduceMean,N/A,N/A,1790932530525291.826	,108.782,1.146000,0
7,aclnnAdds_AddAiCore_Add,N/A,N/A,1790932530525401.308	,5.740,0.718000,0
7,aclnnRsqrt_RsqrtAiCore_Rsqrt,N/A,N/A,1790932530525407.068	,7.260,0.010000,0
7,aclnnMul_MulAiCore_Mul,N/A,N/A,1790932530525414.348	,111.062,0.000000,0
7,aclnnInplaceCopy_CastAiCore_Cast,N/A,N/A,1790932530525525.430	,57.401,0.188000,0
7,aclnnMul_MulAiCore_Mul,N/A,N/A,1790932530525582.851	,61.202,0.000000,0
7,aclnnAdd_AddAiCore_Add,N/A,N/A,1790932530525644.073	,36.820,0.048000,0
7,aclnnAddmm_MatMulV3Common_MatMulV3,N/A,N/A,1790932530525680.913	,765.636,0.180000,0
7,aclnnInplaceCopy_SliceAiCore_Slice,N/A,N/A,1790932530526446.569	,127.502,0.000000,0
7,aclnnInplaceCopy_CastAiCore_Cast,N/A,N/A,1790932530526574.091	,78.942,0.000000,0
7,aclnnMul_MulAiCore_Mul,N/A,N/A,1790932530526653.073	,159.443,0.058000,0
7,aclnnInplaceCopy_SliceAiCore_Slice,N/A,N/A,1790932530526812.536	,191.044,0.057000,0
7,aclnnInplaceCopy_CastAiCore_Cast,N/A,N/A,1790932530527003.620	,69.781,0.000000,0
7,aclnnNeg_SliceAiCore_Slice,N/A,N/A,1790932530527073.441	,95.522,0.219000,0
7,aclnnNeg_NegAiCore_Neg,N/A,N/A,1790932530527168.983	,57.881,0.000000,0
7,aclnnCat_SliceAiCore_Slice,N/A,N/A,1790932530527226.884	,293.466,0.119000,0
7,aclnnCat_ConcatD_ConcatD,N/A,N/A,1790932530527520.370	,234.565,0.000000,0
7,aclnnMul_MulAiCore_Mul,N/A,N/A,1790932530527754.955	,183.183,0.185000,0
7,aclnnAdd_AddAiCore_Add,N/A,N/A,1790932530527938.158	,428.169,0.067000,0
7,aclnnInplaceCopy_CastAiCore_Cast,N/A,N/A,1790932530528366.347	,202.144,0.000000,0
7,aclnnInplaceCopy_SliceAiCore_Slice,N/A,N/A,1790932530528568.511	,117.642,0.106000,0
7,aclnnInplaceCopy_CastAiCore_Cast,N/A,N/A,1790932530528686.173	,68.042,0.108000,0
7,aclnnMul_MulAiCore_Mul,N/A,N/A,1790932530528754.235	,157.643,0.000000,0
7,aclnnInplaceCopy_SliceAiCore_Slice,N/A,N/A,1790932530528911.898	,185.244,0.107000,0
7,aclnnInplaceCopy_CastAiCore_Cast,N/A,N/A,1790932530529097.162	,71.881,0.006000,0
7,aclnnNeg_SliceAiCore_Slice,N/A,N/A,1790932530529169.083	,93.582,0.000000,0
7,aclnnNeg_NegAiCore_Neg,N/A,N/A,1790932530529262.685	,59.221,0.168000,0
7,aclnnCat_SliceAiCore_Slice,N/A,N/A,1790932530529321.926	,287.746,0.029000,0
7,aclnnCat_ConcatD_ConcatD,N/A,N/A,1790932530529609.692	,227.884,0.004000,0
7,aclnnMul_MulAiCore_Mul,N/A,N/A,1790932530529837.596	,183.364,0.000000,0
7,aclnnAdd_AddAiCore_Add,N/A,N/A,1790932530530020.980	,427.069,0.136000,0
7,aclnnInplaceCopy_CastAiCore_Cast,N/A,N/A,1790932530530448.069	,203.004,0.000000,0
7,aclnnInplaceCopy_TransposeAiCore_Transpose,N/A,N/A,1790932530530651.093	,140.682,0.000000,0
7,aclnnInplaceCopy_TransposeAiCore_Transpose,N/A,N/A,1790932530530791.795	,148.963,0.068000,0
7,aclnnInplaceCopy_AsStridedAiCore_AsStrided,N/A,N/A,1790932530530940.778	,161.224,0.037000,0
7,InnerPromptFlashAttention_PromptFlashAttention_PromptFlashAttention,N/A,N/A,1790932530531103.262	,9969.119,1.276000,0
7,aclnnInplaceCopy_TransposeAiCore_Transpose,N/A,N/A,1790932530541073.501	,157.863,1.131000,0
7,aclnnAddmm_MatMulCommon_MatMulV2,N/A,N/A,1790932530541231.384	,268.165,0.137000,0
7,aclnnAdd_AddAiCore_Add,N/A,N/A,1790932530541499.569	,206.485,0.000000,0
7,aclnnInplaceCopy_CastAiCore_Cast,N/A,N/A,1790932530541706.094	,86.821,0.015000,0
7,aclnnMean_ReduceMeanAiCore_ReduceMean,N/A,N/A,1790932530541793.815	,107.862,0.929000,0
7,aclnnSub_SubAiCore_Sub,N/A,N/A,1790932530541902.577	,126.343,0.888000,0
7,aclnnPowTensorScalar_PowsAiCore_Pows,N/A,N/A,1790932530542028.960	,142.303,0.157000,0
7,aclnnMean_ReduceMeanAiCore_ReduceMean,N/A,N/A,1790932530542172.423	,106.942,1.197000,0
7,aclnnAdds_AddAiCore_Add,N/A,N/A,1790932530542280.105	,5.800,0.558000,0
7,aclnnRsqrt_RsqrtAiCore_Rsqrt,N/A,N/A,1790932530542285.925	,7.420,0.200000,0
7,aclnnMul_MulAiCore_Mul,N/A,N/A,1790932530542293.365	,112.963,0.000000,0
7,aclnnInplaceCopy_CastAiCore_Cast,N/A,N/A,1790932530542406.368	,58.561,0.037000,0
7,aclnnMul_MulAiCore_Mul,N/A,N/A,1790932530542464.949	,37.420,0.189000,0
7,aclnnAdd_AddAiCore_Add,N/A,N/A,1790932530542502.389	,36.921,0.080000,0
7,aclnnAddmm_MatMulV3Common_MatMulV3,N/A,N/A,1790932530542539.330	,1022.041,0.000000,0
7,aclnnGeluV2_GeluV2_GeluV2,N/A,N/A,1790932530543561.391	,593.071,0.209000,0
7,aclnnAddmm_MatMulV3Common_MatMulV3,N/A,N/A,1790932530544154.602	,1148.703,0.000000,0
7,aclnnAdd_AddAiCore_Add,N/A,N/A,1790932530545303.325	,162.204,0.047000,0
7,aclnnInplaceCopy_CastAiCore_Cast,N/A,N/A,1790932530545465.549	,100.862,0.046000,0
7,aclnnMean_ReduceMeanAiCore_ReduceMean,N/A,N/A,1790932530545567.511	,113.242,1.138000,0
7,aclnnSub_SubAiCore_Sub,N/A,N/A,1790932530545681.793	,190.404,1.008000,0
7,aclnnPowTensorScalar_PowsAiCore_Pows,N/A,N/A,1790932530545872.217	,203.984,0.096000,0
7,aclnnMean_ReduceMeanAiCore_ReduceMean,N/A,N/A,1790932530546077.141	,136.843,1.016000,0
7,aclnnAdds_AddAiCore_Add,N/A,N/A,1790932530546215.204	,5.980,1.157000,0
7,aclnnRsqrt_RsqrtAiCore_Rsqrt,N/A,N/A,1790932530546221.204	,7.000,0.020000,0
7,aclnnMul_MulAiCore_Mul,N/A,N/A,1790932530546228.224	,113.962,0.000000,0
7,aclnnInplaceCopy_CastAiCore_Cast,N/A,N/A,1790932530546342.226	,54.441,0.038000,0
7,aclnnMul_MulAiCore_Mul,N/A,N/A,1790932530546396.687	,62.062,0.059000,0
7,aclnnAdd_AddAiCore_Add,N/A,N/A,1790932530546458.789	,37.280,0.000000,0
7,aclnnAddmm_MatMulV3Common_MatMulV3,N/A,N/A,1790932530546496.109	,766.136,0.000000,0
7,aclnnInplaceCopy_SliceAiCore_Slice,N/A,N/A,1790932530547262.265	,114.842,0.114000,0
7,aclnnInplaceCopy_CastAiCore_Cast,N/A,N/A,1790932530547377.147	,88.022,0.158000,0
7,aclnnMul_MulAiCore_Mul,N/A,N/A,1790932530547465.189	,161.203,0.000000,0
7,aclnnInplaceCopy_SliceAiCore_Slice,N/A,N/A,1790932530547626.412	,185.944,0.047000,0
7,aclnnInplaceCopy_CastAiCore_Cast,N/A,N/A,1790932530547812.376	,70.081,0.056000,0
7,aclnnNeg_SliceAiCore_Slice,N/A,N/A,1790932530547882.477	,93.042,0.000000,0
7,aclnnNeg_NegAiCore_Neg,N/A,N/A,1790932530547975.559	,57.461,0.000000,0
7,aclnnCat_SliceAiCore_Slice,N/A,N/A,1790932530548033.040	,291.866,0.039000,0
7,aclnnCat_ConcatD_ConcatD,N/A,N/A,1790932530548324.946	,236.205,0.134000,0
7,aclnnMul_MulAiCore_Mul,N/A,N/A,1790932530548561.191	,181.923,0.045000,0
7,aclnnAdd_AddAiCore_Add,N/A,N/A,1790932530548743.154	,426.389,0.077000,0
7,aclnnInplaceCopy_CastAiCore_Cast,N/A,N/A,1790932530549169.583	,202.164,0.000000,0
7,aclnnInplaceCopy_SliceAiCore_Slice,N/A,N/A,1790932530549371.767	,115.542,0.086000,0
7,aclnnInplaceCopy_CastAiCore_Cast,N/A,N/A,1790932530549487.329	,60.341,0.000000,0
7,aclnnMul_MulAiCore_Mul,N/A,N/A,1790932530549547.690	,154.203,0.159000,0
7,aclnnInplaceCopy_SliceAiCore_Slice,N/A,N/A,1790932530549701.913	,184.124,0.047000,0
7,aclnnInplaceCopy_CastAiCore_Cast,N/A,N/A,1790932530549886.057	,64.201,0.000000,0
7,aclnnNeg_SliceAiCore_Slice,N/A,N/A,1790932530549950.278	,90.862,0.049000,0
7,aclnnNeg_NegAiCore_Neg,N/A,N/A,1790932530550041.160	,56.921,0.138000,0
7,aclnnCat_SliceAiCore_Slice,N/A,N/A,1790932530550098.101	,292.926,0.000000,0
7,aclnnCat_ConcatD_ConcatD,N/A,N/A,1790932530550391.047	,225.525,0.074000,0
7,aclnnMul_MulAiCore_Mul,N/A,N/A,1790932530550616.592	,185.123,0.000000,0
7,aclnnAdd_AddAiCore_Add,N/A,N/A,1790932530550801.735	,425.869,0.127000,0
7,aclnnInplaceCopy_CastAiCore_Cast,N/A,N/A,1790932530551227.624	,201.044,0.000000,0
7,aclnnInplaceCopy_TransposeAiCore_Transpose,N/A,N/A,1790932530551428.688	,140.703,0.206000,0
7,aclnnInplaceCopy_TransposeAiCore_Transpose,N/A,N/A,1790932530551569.411	,150.483,0.047000,0
7,aclnnInplaceCopy_AsStridedAiCore_AsStrided,N/A,N/A,1790932530551719.914	,159.783,0.017000,0
7,InnerPromptFlashAttention_PromptFlashAttention_PromptFlashAttention,N/A,N/A,1790932530551880.957	,10013.440,1.217000,0
7,aclnnInplaceCopy_TransposeAiCore_Transpose,N/A,N/A,1790932530561895.337	,155.663,0.810000,0
7,aclnnAddmm_MatMulCommon_MatMulV2,N/A,N/A,1790932530562051.020	,268.205,0.087000,0
7,aclnnAdd_AddAiCore_Add,N/A,N/A,1790932530562319.265	,201.924,0.045000,0
7,aclnnInplaceCopy_CastAiCore_Cast,N/A,N/A,1790932530562521.229	,78.502,0.076000,0
7,aclnnMean_ReduceMeanAiCore_ReduceMean,N/A,N/A,1790932530562601.211	,102.802,1.498000,0
7,aclnnSub_SubAiCore_Sub,N/A,N/A,1790932530562705.093	,124.023,0.948000,0
7,aclnnPowTensorScalar_PowsAiCore_Pows,N/A,N/A,1790932530562829.136	,128.942,0.227000,0
7,aclnnMean_ReduceMeanAiCore_ReduceMean,N/A,N/A,1790932530562959.418	,105.742,1.308000,0
7,aclnnAdds_AddAiCore_Add,N/A,N/A,1790932530563065.820	,5.740,0.508000,0
7,aclnnRsqrt_RsqrtAiCore_Rsqrt,N/A,N/A,1790932530563071.580	,7.301,0.010000,0
7,aclnnMul_MulAiCore_Mul,N/A,N/A,1790932530563078.901	,110.262,0.199000,0
7,aclnnInplaceCopy_CastAiCore_Cast,N/A,N/A,1790932530563189.183	,60.441,0.000000,0
7,aclnnMul_MulAiCore_Mul,N/A,N/A,1790932530563249.644	,60.601,0.059000,0
7,aclnnAdd_AddAiCore_Add,N/A,N/A,1790932530563310.265	,36.001,0.000000,0
7,aclnnAddmm_MatMulV3Common_MatMulV3,N/A,N/A,1790932530563346.286	,1026.920,0.000000,0
7,aclnnGeluV2_GeluV2_GeluV2,N/A,N/A,1790932530564373.226	,589.772,0.080000,0
7,aclnnAddmm_MatMulV3Common_MatMulV3,N/A,N/A,1790932530564963.158	,1139.643,0.228000,0
7,aclnnAdd_AddAiCore_Add,N/A,N/A,1790932530566102.821	,163.623,0.000000,0
7,aclnnInplaceCopy_CastAiCore_Cast,N/A,N/A,1790932530566266.464	,117.403,0.127000,0
7,aclnnMean_ReduceMeanAiCore_ReduceMean,N/A,N/A,1790932530566385.347	,128.802,1.347000,0
7,aclnnSub_SubAiCore_Sub,N/A,N/A,1790932530566514.929	,178.104,0.948000,0
7,aclnnPowTensorScalar_PowsAiCore_Pows,N/A,N/A,1790932530566693.053	,220.564,0.000000,0
7,aclnnMean_ReduceMeanAiCore_ReduceMean,N/A,N/A,1790932530566915.097	,147.563,1.436000,0
7,aclnnAdds_AddAiCore_Add,N/A,N/A,1790932530567063.440	,5.860,0.937000,0
7,aclnnRsqrt_RsqrtAiCore_Rsqrt,N/A,N/A,1790932530567069.320	,7.040,0.000000,0
7,aclnnMul_MulAiCore_Mul,N/A,N/A,1790932530567076.380	,110.483,0.210000,0
7,aclnnInplaceCopy_CastAiCore_Cast,N/A,N/A,1790932530567186.883	,53.441,0.017000,0
7,aclnnMul_MulAiCore_Mul,N/A,N/A,1790932530567240.344	,38.801,0.000000,0
7,aclnnAdd_AddAiCore_Add,N/A,N/A,1790932530567279.165	,56.881,0.199000,0
7,aclnnAddmm_MatMulV3Common_MatMulV3,N/A,N/A,1790932530567336.066	,764.115,0.000000,0
7,aclnnInplaceCopy_SliceAiCore_Slice,N/A,N/A,1790932530568100.201	,127.362,0.135000,0
7,aclnnInplaceCopy_CastAiCore_Cast,N/A,N/A,1790932530568227.583	,78.302,0.000000,0
7,aclnnMul_MulAiCore_Mul,N/A,N/A,1790932530568305.905	,157.603,0.198000,0
7,aclnnInplaceCopy_SliceAiCore_Slice,N/A,N/A,1790932530568463.528	,190.904,0.000000,0
7,aclnnInplaceCopy_CastAiCore_Cast,N/A,N/A,1790932530568654.452	,69.061,0.096000,0
7,aclnnNeg_SliceAiCore_Slice,N/A,N/A,1790932530568723.553	,92.922,0.000000,0
7,aclnnNeg_NegAiCore_Neg,N/A,N/A,1790932530568816.495	,57.321,0.078000,0
7,aclnnCat_SliceAiCore_Slice,N/A,N/A,1790932530568873.836	,293.086,0.000000,0
7,aclnnCat_ConcatD_ConcatD,N/A,N/A,1790932530569166.942	,234.645,0.164000,0
7,aclnnMul_MulAiCore_Mul,N/A,N/A,1790932530569401.607	,185.204,0.000000,0
7,aclnnAdd_AddAiCore_Add,N/A,N/A,1790932530569586.831	,428.728,0.046000,0
7,aclnnInplaceCopy_CastAiCore_Cast,N/A,N/A,1790932530570015.579	,202.784,0.022000,0
7,aclnnInplaceCopy_SliceAiCore_Slice,N/A,N/A,1790932530570218.383	,116.843,0.216000,0
7,aclnnInplaceCopy_CastAiCore_Cast,N/A,N/A,1790932530570335.246	,67.581,0.000000,0
7,aclnnMul_MulAiCore_Mul,N/A,N/A,1790932530570402.847	,151.243,0.000000,0
7,aclnnInplaceCopy_SliceAiCore_Slice,N/A,N/A,1790932530570554.110	,185.204,0.007000,0
7,aclnnInplaceCopy_CastAiCore_Cast,N/A,N/A,1790932530570739.354	,70.241,0.046000,0
7,aclnnNeg_SliceAiCore_Slice,N/A,N/A,1790932530570809.635	,91.422,0.259000,0
7,aclnnNeg_NegAiCore_Neg,N/A,N/A,1790932530570901.077	,56.361,0.000000,0
7,aclnnCat_SliceAiCore_Slice,N/A,N/A,1790932530570957.478	,301.386,0.139000,0
7,aclnnCat_ConcatD_ConcatD,N/A,N/A,1790932530571258.884	,227.225,0.114000,0
7,aclnnMul_MulAiCore_Mul,N/A,N/A,1790932530571486.149	,182.003,0.025000,0
7,aclnnAdd_AddAiCore_Add,N/A,N/A,1790932530571668.172	,429.569,0.000000,0
7,aclnnInplaceCopy_CastAiCore_Cast,N/A,N/A,1790932530572097.761	,203.024,0.000000,0
7,aclnnInplaceCopy_TransposeAiCore_Transpose,N/A,N/A,1790932530572300.825	,135.803,0.000000,0
7,aclnnInplaceCopy_TransposeAiCore_Transpose,N/A,N/A,1790932530572436.648	,147.823,0.197000,0
7,aclnnInplaceCopy_AsStridedAiCore_AsStrided,N/A,N/A,1790932530572584.491	,162.723,0.000000,0
7,InnerPromptFlashAttention_PromptFlashAttention_PromptFlashAttention,N/A,N/A,1790932530572748.614	,9964.139,1.277000,0
7,aclnnInplaceCopy_TransposeAiCore_Transpose,N/A,N/A,1790932530582713.973	,152.683,1.361000,0
7,aclnnAddmm_MatMulCommon_MatMulV2,N/A,N/A,1790932530582866.696	,268.105,0.067000,0
7,aclnnAdd_AddAiCore_Add,N/A,N/A,1790932530583134.821	,204.664,0.000000,0
7,aclnnInplaceCopy_CastAiCore_Cast,N/A,N/A,1790932530583339.505	,88.562,0.086000,0
7,aclnnMean_ReduceMeanAiCore_ReduceMean,N/A,N/A,1790932530583429.367	,107.782,1.188000,0
7,aclnnSub_SubAiCore_Sub,N/A,N/A,1790932530583538.129	,132.603,1.218000,0
7,aclnnPowTensorScalar_PowsAiCore_Pows,N/A,N/A,1790932530583670.752	,147.683,0.000000,0
7,aclnnMean_ReduceMeanAiCore_ReduceMean,N/A,N/A,1790932530583819.735	,109.622,1.317000,0
7,aclnnAdds_AddAiCore_Add,N/A,N/A,1790932530583930.497	,5.780,1.128000,0
7,aclnnRsqrt_RsqrtAiCore_Rsqrt,N/A,N/A,1790932530583936.297	,7.180,0.000000,0
7,aclnnMul_MulAiCore_Mul,N/A,N/A,1790932530583943.517	,110.983,0.070000,0
7,aclnnInplaceCopy_CastAiCore_Cast,N/A,N/A,1790932530584054.540	,57.621,0.017000,0
7,aclnnMul_MulAiCore_Mul,N/A,N/A,1790932530584112.181	,60.981,0.129000,0
7,aclnnAdd_AddAiCore_Add,N/A,N/A,1790932530584173.182	,36.221,0.019000,0
7,aclnnAddmm_MatMulV3Common_MatMulV3,N/A,N/A,1790932530584209.423	,1020.720,0.029000,0
7,aclnnGeluV2_GeluV2_GeluV2,N/A,N/A,1790932530585230.163	,588.832,0.030000,0
7,aclnnAddmm_MatMulV3Common_MatMulV3,N/A,N/A,1790932530585819.155	,1141.323,0.168000,0
7,aclnnAdd_AddAiCore_Add,N/A,N/A,1790932530586960.498	,161.763,0.000000,0
7,aclnnInplaceCopy_CastAiCore_Cast,N/A,N/A,1790932530587122.281	,125.002,0.000000,0
7,aclnnMean_ReduceMeanAiCore_ReduceMean,N/A,N/A,1790932530587248.183	,145.923,0.998000,0
7,aclnnSub_SubAiCore_Sub,N/A,N/A,1790932530587395.366	,199.004,1.077000,0
7,aclnnPowTensorScalar_PowsAiCore_Pows,N/A,N/A,1790932530587594.390	,251.945,0.246000,0
7,aclnnMean_ReduceMeanAiCore_ReduceMean,N/A,N/A,1790932530587847.255	,175.924,0.805000,0
7,aclnnAdds_AddAiCore_Add,N/A,N/A,1790932530588023.879	,5.980,0.826000,0
7,aclnnRsqrt_RsqrtAiCore_Rsqrt,N/A,N/A,1790932530588029.879	,7.220,0.020000,0
7,aclnnMul_MulAiCore_Mul,N/A,N/A,1790932530588037.119	,112.983,0.000000,0
7,aclnnInplaceCopy_CastAiCore_Cast,N/A,N/A,1790932530588150.122	,53.361,0.017000,0
7,aclnnMul_MulAiCore_Mul,N/A,N/A,1790932530588203.503	,61.261,0.139000,0
7,aclnnAdd_AddAiCore_Add,N/A,N/A,1790932530588264.784	,37.181,0.000000,0
7,aclnnAddmm_MatMulV3Common_MatMulV3,N/A,N/A,1790932530588301.985	,765.155,0.069000,0
7,aclnnInplaceCopy_SliceAiCore_Slice,N/A,N/A,1790932530589067.160	,123.862,0.095000,0
7,aclnnInplaceCopy_CastAiCore_Cast,N/A,N/A,1790932530589191.042	,80.682,0.000000,0
7,aclnnMul_MulAiCore_Mul,N/A,N/A,1790932530589271.744	,159.383,0.068000,0
7,aclnnInplaceCopy_SliceAiCore_Slice,N/A,N/A,1790932530589431.167	,186.824,0.117000,0
7,aclnnInplaceCopy_CastAiCore_Cast,N/A,N/A,1790932530589618.031	,66.061,0.000000,0
7,aclnnNeg_SliceAiCore_Slice,N/A,N/A,1790932530589684.112	,91.882,0.000000,0
7,aclnnNeg_NegAiCore_Neg,N/A,N/A,1790932530589776.034	,57.861,0.118000,0
7,aclnnCat_SliceAiCore_Slice,N/A,N/A,1790932530589833.915	,299.206,0.139000,0
7,aclnnCat_ConcatD_ConcatD,N/A,N/A,1790932530590133.141	,235.365,0.044000,0
7,aclnnMul_MulAiCore_Mul,N/A,N/A,1790932530590368.526	,183.524,0.000000,0
7,aclnnAdd_AddAiCore_Add,N/A,N/A,1790932530590552.070	,427.508,0.000000,0
7,aclnnInplaceCopy_CastAiCore_Cast,N/A,N/A,1790932530590979.598	,203.024,0.000000,0
7,aclnnInplaceCopy_SliceAiCore_Slice,N/A,N/A,1790932530591182.662	,119.222,0.226000,0
7,aclnnInplaceCopy_CastAiCore_Cast,N/A,N/A,1790932530591301.904	,66.962,0.028000,0
7,aclnnMul_MulAiCore_Mul,N/A,N/A,1790932530591368.886	,150.583,0.038000,0
7,aclnnInplaceCopy_SliceAiCore_Slice,N/A,N/A,1790932530591519.489	,184.744,0.000000,0
7,aclnnInplaceCopy_CastAiCore_Cast,N/A,N/A,1790932530591704.253	,68.941,0.006000,0
7,aclnnNeg_SliceAiCore_Slice,N/A,N/A,1790932530591773.214	,91.302,0.059000,0
7,aclnnNeg_NegAiCore_Neg,N/A,N/A,1790932530591864.536	,56.521,0.000000,0
7,aclnnCat_SliceAiCore_Slice,N/A,N/A,1790932530591921.077	,292.826,0.000000,0
7,aclnnCat_ConcatD_ConcatD,N/A,N/A,1790932530592213.923	,226.184,0.174000,0
7,aclnnMul_MulAiCore_Mul,N/A,N/A,1790932530592440.127	,182.464,0.066000,0
7,aclnnAdd_AddAiCore_Add,N/A,N/A,1790932530592622.611	,426.568,0.000000,0
7,aclnnInplaceCopy_CastAiCore_Cast,N/A,N/A,1790932530593049.199	,203.464,0.182000,0
7,aclnnInplaceCopy_TransposeAiCore_Transpose,N/A,N/A,1790932530593252.683	,140.503,0.036000,0
7,aclnnInplaceCopy_TransposeAiCore_Transpose,N/A,N/A,1790932530593393.226	,148.383,0.000000,0
7,aclnnInplaceCopy_AsStridedAiCore_AsStrided,N/A,N/A,1790932530593541.629	,160.323,0.117000,0
7,InnerPromptFlashAttention_PromptFlashAttention_PromptFlashAttention,N/A,N/A,1790932530593703.212	,9994.840,1.177000,0
7,aclnnInplaceCopy_TransposeAiCore_Transpose,N/A,N/A,1790932530603698.852	,156.263,0.660000,0
7,aclnnAddmm_MatMulCommon_MatMulV2,N/A,N/A,1790932530603855.155	,268.366,0.237000,0
7,aclnnAdd_AddAiCore_Add,N/A,N/A,1790932530604123.541	,203.064,0.000000,0
7,aclnnInplaceCopy_CastAiCore_Cast,N/A,N/A,1790932530604326.625	,80.301,0.000000,0
7,aclnnMean_ReduceMeanAiCore_ReduceMean,N/A,N/A,1790932530604407.986	,103.162,1.199000,0
7,aclnnSub_SubAiCore_Sub,N/A,N/A,1790932530604512.068	,123.923,0.838000,0
7,aclnnPowTensorScalar_PowsAiCore_Pows,N/A,N/A,1790932530604636.011	,135.223,0.077000,0
7,aclnnMean_ReduceMeanAiCore_ReduceMean,N/A,N/A,1790932530604772.314	,107.062,1.027000,0
7,aclnnAdds_AddAiCore_Add,N/A,N/A,1790932530604880.516	,5.960,1.188000,0
7,aclnnRsqrt_RsqrtAiCore_Rsqrt,N/A,N/A,1790932530604886.496	,7.140,0.040000,0
7,aclnnMul_MulAiCore_Mul,N/A,N/A,1790932530604893.656	,112.262,0.110000,0
7,aclnnInplaceCopy_CastAiCore_Cast,N/A,N/A,1790932530605005.938	,59.381,0.000000,0
7,aclnnMul_MulAiCore_Mul,N/A,N/A,1790932530605065.339	,61.582,0.000000,0
7,aclnnAdd_AddAiCore_Add,N/A,N/A,1790932530605126.941	,35.780,0.168000,0
7,aclnnAddmm_MatMulV3Common_MatMulV3,N/A,N/A,1790932530605162.761	,1020.321,0.000000,0
7,aclnnGeluV2_GeluV2_GeluV2,N/A,N/A,1790932530606183.102	,592.652,0.000000,0
7,aclnnAddmm_MatMulV3Common_MatMulV3,N/A,N/A,1790932530606775.774	,1147.783,0.098000,0
7,aclnnAdd_AddAiCore_Add,N/A,N/A,1790932530607923.577	,166.263,0.000000,0
7,aclnnInplaceCopy_CastAiCore_Cast,N/A,N/A,1790932530608089.860	,118.682,0.000000,0
7,aclnnMean_ReduceMeanAiCore_ReduceMean,N/A,N/A,1790932530608210.002	,132.543,1.568000,0
7,aclnnSub_SubAiCore_Sub,N/A,N/A,1790932530608343.205	,179.004,0.707000,0
7,aclnnPowTensorScalar_PowsAiCore_Pows,N/A,N/A,1790932530608522.229	,225.084,0.000000,0
7,aclnnMean_ReduceMeanAiCore_ReduceMean,N/A,N/A,1790932530608748.273	,149.543,0.916000,0
7,aclnnAdds_AddAiCore_Add,N/A,N/A,1790932530608899.036	,5.800,1.207000,0
7,aclnnRsqrt_RsqrtAiCore_Rsqrt,N/A,N/A,1790932530608904.856	,7.280,0.000000,0
7,aclnnMul_MulAiCore_Mul,N/A,N/A,1790932530608912.156	,109.803,0.220000,0
7,aclnnInplaceCopy_CastAiCore_Cast,N/A,N/A,1790932530609021.979	,56.761,0.000000,0
7,aclnnMul_MulAiCore_Mul,N/A,N/A,1790932530609078.760	,37.500,0.000000,0
7,aclnnAdd_AddAiCore_Add,N/A,N/A,1790932530609116.280	,56.942,0.000000,0
7,aclnnAddmm_MatMulV3Common_MatMulV3,N/A,N/A,1790932530609173.242	,765.435,0.058000,0
7,aclnnInplaceCopy_SliceAiCore_Slice,N/A,N/A,1790932530609938.717	,128.502,0.065000,0
7,aclnnInplaceCopy_CastAiCore_Cast,N/A,N/A,1790932530610067.239	,78.162,0.000000,0
7,aclnnMul_MulAiCore_Mul,N/A,N/A,1790932530610145.421	,160.463,0.088000,0
7,aclnnInplaceCopy_SliceAiCore_Slice,N/A,N/A,1790932530610305.904	,190.804,0.037000,0
7,aclnnInplaceCopy_CastAiCore_Cast,N/A,N/A,1790932530610496.728	,70.081,0.000000,0
7,aclnnNeg_SliceAiCore_Slice,N/A,N/A,1790932530610566.849	,92.702,0.000000,0
7,aclnnNeg_NegAiCore_Neg,N/A,N/A,1790932530610659.571	,58.761,0.048000,0
7,aclnnCat_SliceAiCore_Slice,N/A,N/A,1790932530610718.352	,292.586,0.000000,0
7,aclnnCat_ConcatD_ConcatD,N/A,N/A,1790932530611010.958	,234.905,0.164000,0
7,aclnnMul_MulAiCore_Mul,N/A,N/A,1790932530611245.903	,182.364,0.095000,0
7,aclnnAdd_AddAiCore_Add,N/A,N/A,1790932530611428.287	,427.728,0.000000,0
7,aclnnInplaceCopy_CastAiCore_Cast,N/A,N/A,1790932530611856.055	,202.284,0.022000,0
7,aclnnInplaceCopy_SliceAiCore_Slice,N/A,N/A,1790932530612058.359	,117.823,0.000000,0
7,aclnnInplaceCopy_CastAiCore_Cast,N/A,N/A,1790932530612176.202	,67.881,0.177000,0
7,aclnnMul_MulAiCore_Mul,N/A,N/A,1790932530612244.103	,152.083,0.000000,0
7,aclnnInplaceCopy_SliceAiCore_Slice,N/A,N/A,1790932530612396.226	,185.104,0.167000,0
7,aclnnInplaceCopy_CastAiCore_Cast,N/A,N/A,1790932530612581.350	,71.521,0.000000,0
7,aclnnNeg_SliceAiCore_Slice,N/A,N/A,1790932530612652.891	,92.242,0.229000,0
7,aclnnNeg_NegAiCore_Neg,N/A,N/A,1790932530612745.153	,56.961,0.008000,0
7,aclnnCat_SliceAiCore_Slice,N/A,N/A,1790932530612802.134	,298.486,0.039000,0
7,aclnnCat_ConcatD_ConcatD,N/A,N/A,1790932530613100.640	,226.485,0.014000,0
7,aclnnMul_MulAiCore_Mul,N/A,N/A,1790932530613327.145	,184.023,0.015000,0
7,aclnnAdd_AddAiCore_Add,N/A,N/A,1790932530613511.208	,428.269,0.000000,0
7,aclnnInplaceCopy_CastAiCore_Cast,N/A,N/A,1790932530613939.497	,202.144,0.000000,0
7,aclnnInplaceCopy_TransposeAiCore_Transpose,N/A,N/A,1790932530614141.661	,138.583,0.106000,0
7,aclnnInplaceCopy_TransposeAiCore_Transpose,N/A,N/A,1790932530614280.264	,145.343,0.000000,0
7,aclnnInplaceCopy_AsStridedAiCore_AsStrided,N/A,N/A,1790932530614425.647	,163.663,0.157000,0
7,InnerPromptFlashAttention_PromptFlashAttention_PromptFlashAttention,N/A,N/A,1790932530614590.310	,9931.258,0.837000,0
7,aclnnInplaceCopy_TransposeAiCore_Transpose,N/A,N/A,1790932530624522.508	,155.743,0.992000,0
7,aclnnAddmm_MatMulCommon_MatMulV2,N/A,N/A,1790932530624678.291	,267.086,0.007000,0
7,aclnnAdd_AddAiCore_Add,N/A,N/A,1790932530624945.397	,204.684,0.164000,0
7,aclnnInplaceCopy_CastAiCore_Cast,N/A,N/A,1790932530625150.121	,88.122,0.000000,0
7,aclnnMean_ReduceMeanAiCore_ReduceMean,N/A,N/A,1790932530625239.263	,108.162,1.128000,0
7,aclnnSub_SubAiCore_Sub,N/A,N/A,1790932530625348.205	,131.562,0.838000,0
7,aclnnPowTensorScalar_PowsAiCore_Pows,N/A,N/A,1790932530625479.807	,148.723,0.000000,0
7,aclnnMean_ReduceMeanAiCore_ReduceMean,N/A,N/A,1790932530625629.890	,110.443,1.527000,0
7,aclnnAdds_AddAiCore_Add,N/A,N/A,1790932530625741.133	,5.940,0.807000,0
7,aclnnRsqrt_RsqrtAiCore_Rsqrt,N/A,N/A,1790932530625747.093	,7.200,0.000000,0
7,aclnnMul_MulAiCore_Mul,N/A,N/A,1790932530625754.313	,109.462,0.050000,0
7,aclnnInplaceCopy_CastAiCore_Cast,N/A,N/A,1790932530625863.815	,58.841,0.038000,0
7,aclnnMul_MulAiCore_Mul,N/A,N/A,1790932530625922.676	,61.381,0.159000,0
7,aclnnAdd_AddAiCore_Add,N/A,N/A,1790932530625984.077	,36.701,0.000000,0
7,aclnnAddmm_MatMulV3Common_MatMulV3,N/A,N/A,1790932530626020.798	,1025.501,0.049000,0
7,aclnnGeluV2_GeluV2_GeluV2,N/A,N/A,1790932530627046.319	,588.411,0.000000,0
7,aclnnAddmm_MatMulV3Common_MatMulV3,N/A,N/A,1790932530627634.750	,1152.223,0.089000,0
7,aclnnAdd_AddAiCore_Add,N/A,N/A,1790932530628786.993	,162.944,0.027000,0
7,aclnnInplaceCopy_CastAiCore_Cast,N/A,N/A,1790932530628949.957	,125.742,0.056000,0
7,aclnnMean_ReduceMeanAiCore_ReduceMean,N/A,N/A,1790932530629076.779	,141.283,1.008000,0
7,aclnnSub_SubAiCore_Sub,N/A,N/A,1790932530629219.102	,194.764,0.967000,0
7,aclnnPowTensorScalar_PowsAiCore_Pows,N/A,N/A,1790932530629413.886	,250.665,0.236000,0
7,aclnnMean_ReduceMeanAiCore_ReduceMean,N/A,N/A,1790932530629665.611	,170.063,0.835000,0
7,aclnnAdds_AddAiCore_Add,N/A,N/A,1790932530629836.614	,6.161,0.937000,0
7,aclnnRsqrt_RsqrtAiCore_Rsqrt,N/A,N/A,1790932530629842.795	,7.000,0.089000,0
7,aclnnMul_MulAiCore_Mul,N/A,N/A,1790932530629849.835	,113.102,0.000000,0
7,aclnnInplaceCopy_CastAiCore_Cast,N/A,N/A,1790932530629962.957	,53.941,0.148000,0
7,aclnnMul_MulAiCore_Mul,N/A,N/A,1790932530630016.918	,61.441,0.059000,0
7,aclnnAdd_AddAiCore_Add,N/A,N/A,1790932530630078.379	,35.661,0.059000,0
7,aclnnAddmm_MatMulV3Common_MatMulV3,N/A,N/A,1790932530630114.060	,768.075,0.000000,0
7,aclnnInplaceCopy_SliceAiCore_Slice,N/A,N/A,1790932530630882.155	,123.583,0.175000,0
7,aclnnInplaceCopy_CastAiCore_Cast,N/A,N/A,1790932530631005.758	,79.741,0.000000,0
7,aclnnMul_MulAiCore_Mul,N/A,N/A,1790932530631085.519	,157.664,0.009000,0
7,aclnnInplaceCopy_SliceAiCore_Slice,N/A,N/A,1790932530631243.203	,185.923,0.086000,0
7,aclnnInplaceCopy_CastAiCore_Cast,N/A,N/A,1790932530631429.146	,67.482,0.077000,0
7,aclnnNeg_SliceAiCore_Slice,N/A,N/A,1790932530631496.648	,92.641,0.018000,0
7,aclnnNeg_NegAiCore_Neg,N/A,N/A,1790932530631589.309	,57.342,0.000000,0
7,aclnnCat_SliceAiCore_Slice,N/A,N/A,1790932530631646.691	,300.886,0.158000,0
7,aclnnCat_ConcatD_ConcatD,N/A,N/A,1790932530631947.597	,236.624,0.000000,0
7,aclnnMul_MulAiCore_Mul,N/A,N/A,1790932530632184.241	,184.344,0.126000,0
7,aclnnAdd_AddAiCore_Add,N/A,N/A,1790932530632368.605	,427.009,0.000000,0
7,aclnnInplaceCopy_CastAiCore_Cast,N/A,N/A,1790932530632795.634	,203.404,0.241000,0
7,aclnnInplaceCopy_SliceAiCore_Slice,N/A,N/A,1790932530632999.078	,122.042,0.000000,0
7,aclnnInplaceCopy_CastAiCore_Cast,N/A,N/A,1790932530633121.140	,68.981,0.208000,0
7,aclnnMul_MulAiCore_Mul,N/A,N/A,1790932530633190.141	,148.743,0.019000,0
7,aclnnInplaceCopy_SliceAiCore_Slice,N/A,N/A,1790932530633338.904	,185.444,0.007000,0
7,aclnnInplaceCopy_CastAiCore_Cast,N/A,N/A,1790932530633524.368	,65.181,0.000000,0
7,aclnnNeg_SliceAiCore_Slice,N/A,N/A,1790932530633589.569	,90.482,0.069000,0
7,aclnnNeg_NegAiCore_Neg,N/A,N/A,1790932530633680.071	,56.541,0.018000,0
7,aclnnCat_SliceAiCore_Slice,N/A,N/A,1790932530633736.632	,292.726,0.209000,0
7,aclnnCat_ConcatD_ConcatD,N/A,N/A,1790932530634029.378	,225.205,0.024000,0
7,aclnnMul_MulAiCore_Mul,N/A,N/A,1790932530634254.603	,183.683,0.000000,0
7,aclnnAdd_AddAiCore_Add,N/A,N/A,1790932530634438.306	,426.609,0.067000,0
7,aclnnInplaceCopy_CastAiCore_Cast,N/A,N/A,1790932530634864.955	,202.024,0.141000,0
7,aclnnInplaceCopy_TransposeAiCore_Transpose,N/A,N/A,1790932530635066.999	,139.543,0.000000,0
7,aclnnInplaceCopy_TransposeAiCore_Transpose,N/A,N/A,1790932530635206.582	,153.503,0.000000,0
7,aclnnInplaceCopy_AsStridedAiCore_AsStrided,N/A,N/A,1790932530635360.105	,158.103,0.000000,0
7,InnerPromptFlashAttention_PromptFlashAttention_PromptFlashAttention,N/A,N/A,1790932530635519.128	,10015.820,1.147000,0
7,aclnnInplaceCopy_TransposeAiCore_Transpose,N/A,N/A,1790932530645535.968	,153.523,0.930000,0
7,aclnnAddmm_MatMulCommon_MatMulV2,N/A,N/A,1790932530645689.531	,267.806,0.000000,0
7,aclnnAdd_AddAiCore_Add,N/A,N/A,1790932530645957.357	,202.884,0.000000,0
7,aclnnInplaceCopy_CastAiCore_Cast,N/A,N/A,1790932530646160.261	,77.621,0.116000,0
7,aclnnMean_ReduceMeanAiCore_ReduceMean,N/A,N/A,1790932530646239.062	,103.682,1.129000,0
7,aclnnSub_SubAiCore_Sub,N/A,N/A,1790932530646343.624	,127.603,0.818000,0
7,aclnnPowTensorScalar_PowsAiCore_Pows,N/A,N/A,1790932530646471.247	,132.242,0.147000,0
7,aclnnMean_ReduceMeanAiCore_ReduceMean,N/A,N/A,1790932530646604.449	,103.923,1.008000,0
7,aclnnAdds_AddAiCore_Add,N/A,N/A,1790932530646709.152	,5.760,0.827000,0
7,aclnnRsqrt_RsqrtAiCore_Rsqrt,N/A,N/A,1790932530646714.932	,7.040,0.000000,0
7,aclnnMul_MulAiCore_Mul,N/A,N/A,1790932530646721.992	,110.162,0.000000,0
7,aclnnInplaceCopy_CastAiCore_Cast,N/A,N/A,1790932530646832.174	,62.761,0.088000,0
7,aclnnMul_MulAiCore_Mul,N/A,N/A,1790932530646894.955	,61.001,0.000000,0
7,aclnnAdd_AddAiCore_Add,N/A,N/A,1790932530646955.976	,36.021,0.000000,0
7,aclnnAddmm_MatMulV3Common_MatMulV3,N/A,N/A,1790932530646992.017	,1023.561,0.000000,0
7,aclnnGeluV2_GeluV2_GeluV2,N/A,N/A,1790932530648015.598	,592.231,0.000000,0
7,aclnnAddmm_MatMulV3Common_MatMulV3,N/A,N/A,1790932530648607.989	,1143.843,0.269000,0
7,aclnnAdd_AddAiCore_Add,N/A,N/A,1790932530649751.852	,164.824,0.000000,0
7,aclnnInplaceCopy_CastAiCore_Cast,N/A,N/A,1790932530649916.696	,118.162,0.176000,0
7,aclnnMean_ReduceMeanAiCore_ReduceMean,N/A,N/A,1790932530650035.898	,129.803,1.088000,0
7,aclnnSub_SubAiCore_Sub,N/A,N/A,1790932530650166.701	,182.323,0.947000,0
7,aclnnPowTensorScalar_PowsAiCore_Pows,N/A,N/A,1790932530650349.064	,228.665,0.000000,0
7,aclnnMean_ReduceMeanAiCore_ReduceMean,N/A,N/A,1790932530650578.809	,154.203,1.085000,0
7,aclnnAdds_AddAiCore_Add,N/A,N/A,1790932530650733.852	,5.840,0.797000,0
7,aclnnRsqrt_RsqrtAiCore_Rsqrt,N/A,N/A,1790932530650739.712	,7.120,0.160000,0
7,aclnnMul_MulAiCore_Mul,N/A,N/A,1790932530650746.852	,109.882,0.000000,0
7,aclnnInplaceCopy_CastAiCore_Cast,N/A,N/A,1790932530650856.754	,55.402,0.118000,0
7,aclnnMul_MulAiCore_Mul,N/A,N/A,1790932530650912.176	,37.980,0.098000,0
7,aclnnAdd_AddAiCore_Add,N/A,N/A,1790932530650950.176	,56.361,0.020000,0
7,aclnnAddmm_MatMulV3Common_MatMulV3,N/A,N/A,1790932530651006.557	,765.496,0.000000,0
7,aclnnInplaceCopy_SliceAiCore_Slice,N/A,N/A,1790932530651772.073	,125.582,0.004000,0
7,aclnnInplaceCopy_CastAiCore_Cast,N/A,N/A,1790932530651897.675	,79.162,0.168000,0
7,aclnnMul_MulAiCore_Mul,N/A,N/A,1790932530651976.877	,161.563,0.088000,0
7,aclnnInplaceCopy_SliceAiCore_Slice,N/A,N/A,1790932530652138.460	,192.824,0.000000,0
7,aclnnInplaceCopy_CastAiCore_Cast,N/A,N/A,1790932530652331.324	,69.701,0.000000,0
7,aclnnNeg_SliceAiCore_Slice,N/A,N/A,1790932530652401.045	,92.342,0.049000,0
7,aclnnNeg_NegAiCore_Neg,N/A,N/A,1790932530652493.407	,57.941,0.158000,0
7,aclnnCat_SliceAiCore_Slice,N/A,N/A,1790932530652551.368	,294.206,0.000000,0
7,aclnnCat_ConcatD_ConcatD,N/A,N/A,1790932530652845.614	,233.985,0.044000,0
7,aclnnMul_MulAiCore_Mul,N/A,N/A,1790932530653079.619	,183.163,0.015000,0
7,aclnnAdd_AddAiCore_Add,N/A,N/A,1790932530653262.802	,428.329,0.087000,0
7,aclnnInplaceCopy_CastAiCore_Cast,N/A,N/A,1790932530653691.151	,202.864,0.171000,0
7,aclnnInplaceCopy_SliceAiCore_Slice,N/A,N/A,1790932530653894.035	,117.362,0.000000,0
7,aclnnInplaceCopy_CastAiCore_Cast,N/A,N/A,1790932530654011.437	,66.842,0.138000,0
7,aclnnMul_MulAiCore_Mul,N/A,N/A,1790932530654078.299	,154.683,0.000000,0
7,aclnnInplaceCopy_SliceAiCore_Slice,N/A,N/A,1790932530654233.002	,184.544,0.067000,0
7,aclnnInplaceCopy_CastAiCore_Cast,N/A,N/A,1790932530654417.566	,70.461,0.000000,0
7,aclnnNeg_SliceAiCore_Slice,N/A,N/A,1790932530654488.047	,91.962,0.039000,0
7,aclnnNeg_NegAiCore_Neg,N/A,N/A,1790932530654580.029	,56.281,0.038000,0
7,aclnnCat_SliceAiCore_Slice,N/A,N/A,1790932530654636.330	,300.446,0.000000,0
7,aclnnCat_ConcatD_ConcatD,N/A,N/A,1790932530654936.796	,227.044,0.054000,0
7,aclnnMul_MulAiCore_Mul,N/A,N/A,1790932530655163.860	,183.324,0.000000,0
7,aclnnAdd_AddAiCore_Add,N/A,N/A,1790932530655347.204	,429.809,0.176000,0
7,aclnnInplaceCopy_CastAiCore_Cast,N/A,N/A,1790932530655777.033	,201.984,0.000000,0
7,aclnnInplaceCopy_TransposeAiCore_Transpose,N/A,N/A,1790932530655979.037	,137.082,0.016000,0
7,aclnnInplaceCopy_TransposeAiCore_Transpose,N/A,N/A,1790932530656116.139	,146.483,0.168000,0
7,aclnnInplaceCopy_AsStridedAiCore_AsStrided,N/A,N/A,1790932530656262.642	,161.644,0.017000,0
7,InnerPromptFlashAttention_PromptFlashAttention_PromptFlashAttention,N/A,N/A,1790932530656425.366	,10038.700,0.856000,0
7,aclnnInplaceCopy_TransposeAiCore_Transpose,N/A,N/A,1790932530666465.166	,151.563,1.300000,0
7,aclnnAddmm_MatMulCommon_MatMulV2,N/A,N/A,1790932530666616.749	,267.766,0.000000,0
7,aclnnAdd_AddAiCore_Add,N/A,N/A,1790932530666884.535	,201.624,0.000000,0
7,aclnnInplaceCopy_CastAiCore_Cast,N/A,N/A,1790932530667086.179	,89.541,0.126000,0
7,aclnnMean_ReduceMeanAiCore_ReduceMean,N/A,N/A,1790932530667176.620	,107.363,0.709000,0
7,aclnnSub_SubAiCore_Sub,N/A,N/A,1790932530667284.863	,134.442,0.887000,0
7,aclnnPowTensorScalar_PowsAiCore_Pows,N/A,N/A,1790932530667419.325	,148.963,0.058000,0
7,aclnnMean_ReduceMeanAiCore_ReduceMean,N/A,N/A,1790932530667569.548	,110.603,1.287000,0
7,aclnnAdds_AddAiCore_Add,N/A,N/A,1790932530667680.871	,6.140,0.647000,0
7,aclnnRsqrt_RsqrtAiCore_Rsqrt,N/A,N/A,1790932530667687.031	,7.320,0.110000,0
7,aclnnMul_MulAiCore_Mul,N/A,N/A,1790932530667694.371	,109.422,0.000000,0
7,aclnnInplaceCopy_CastAiCore_Cast,N/A,N/A,1790932530667803.813	,57.921,0.078000,0
7,aclnnMul_MulAiCore_Mul,N/A,N/A,1790932530667861.754	,60.961,0.079000,0
7,aclnnAdd_AddAiCore_Add,N/A,N/A,1790932530667922.755	,35.661,0.039000,0
7,aclnnAddmm_MatMulV3Common_MatMulV3,N/A,N/A,1790932530667958.436	,1023.161,0.089000,0
7,aclnnGeluV2_GeluV2_GeluV2,N/A,N/A,1790932530668981.617	,588.971,0.000000,0
7,aclnnAddmm_MatMulV3Common_MatMulV3,N/A,N/A,1790932530669570.608	,1148.143,0.029000,0
7,aclnnAdd_AddAiCore_Add,N/A,N/A,1790932530670718.771	,164.564,0.107000,0
7,aclnnInplaceCopy_CastAiCore_Cast,N/A,N/A,1790932530670883.355	,126.142,0.000000,0
7,aclnnMean_ReduceMeanAiCore_ReduceMean,N/A,N/A,1790932530671010.557	,141.783,1.108000,0
7,aclnnSub_SubAiCore_Sub,N/A,N/A,1790932530671153.520	,197.524,1.217000,0
7,aclnnPowTensorScalar_PowsAiCore_Pows,N/A,N/A,1790932530671351.084	,251.985,0.000000,0
7,aclnnMean_ReduceMeanAiCore_ReduceMean,N/A,N/A,1790932530671604.149	,168.423,1.265000,0
7,aclnnAdds_AddAiCore_Add,N/A,N/A,1790932530671773.272	,6.140,0.577000,0
7,aclnnRsqrt_RsqrtAiCore_Rsqrt,N/A,N/A,1790932530671779.432	,7.041,0.110000,0
7,aclnnMul_MulAiCore_Mul,N/A,N/A,1790932530671786.493	,112.962,0.000000,0
7,aclnnInplaceCopy_CastAiCore_Cast,N/A,N/A,1790932530671899.475	,54.481,0.038000,0
7,aclnnMul_MulAiCore_Mul,N/A,N/A,1790932530671953.996	,61.541,0.019000,0
7,aclnnAdd_AddAiCore_Add,N/A,N/A,1790932530672015.557	,35.841,0.000000,0
7,aclnnAddmm_MatMulV3Common_MatMulV3,N/A,N/A,1790932530672051.418	,765.395,0.159000,0
7,aclnnInplaceCopy_SliceAiCore_Slice,N/A,N/A,1790932530672816.833	,127.503,0.000000,0
7,aclnnInplaceCopy_CastAiCore_Cast,N/A,N/A,1790932530672944.356	,77.701,0.000000,0
7,aclnnMul_MulAiCore_Mul,N/A,N/A,1790932530673022.097	,158.683,0.049000,0
7,aclnnInplaceCopy_SliceAiCore_Slice,N/A,N/A,1790932530673180.800	,186.804,0.067000,0
7,aclnnInplaceCopy_CastAiCore_Cast,N/A,N/A,1790932530673367.624	,66.441,0.000000,0
7,aclnnNeg_SliceAiCore_Slice,N/A,N/A,1790932530673434.085	,94.222,0.059000,0
7,aclnnNeg_NegAiCore_Neg,N/A,N/A,1790932530673528.327	,58.782,0.028000,0
7,aclnnCat_SliceAiCore_Slice,N/A,N/A,1790932530673587.129	,301.046,0.218000,0
7,aclnnCat_ConcatD_ConcatD,N/A,N/A,1790932530673888.195	,236.304,0.000000,0
7,aclnnMul_MulAiCore_Mul,N/A,N/A,1790932530674124.519	,183.704,0.000000,0
7,aclnnAdd_AddAiCore_Add,N/A,N/A,1790932530674308.263	,426.188,0.046000,0
7,aclnnInplaceCopy_CastAiCore_Cast,N/A,N/A,1790932530674734.471	,202.645,0.062000,0
7,aclnnInplaceCopy_SliceAiCore_Slice,N/A,N/A,1790932530674937.136	,120.102,0.105000,0
7,aclnnInplaceCopy_CastAiCore_Cast,N/A,N/A,1790932530675057.258	,66.561,0.000000,0
7,aclnnMul_MulAiCore_Mul,N/A,N/A,1790932530675123.859	,150.163,0.000000,0
7,aclnnInplaceCopy_SliceAiCore_Slice,N/A,N/A,1790932530675274.042	,184.364,0.087000,0
7,aclnnInplaceCopy_CastAiCore_Cast,N/A,N/A,1790932530675458.426	,62.801,0.136000,0
7,aclnnNeg_SliceAiCore_Slice,N/A,N/A,1790932530675521.247	,89.962,0.000000,0
7,aclnnNeg_NegAiCore_Neg,N/A,N/A,1790932530675611.229	,56.961,0.038000,0
7,aclnnCat_SliceAiCore_Slice,N/A,N/A,1790932530675668.210	,291.686,0.039000,0
7,aclnnCat_ConcatD_ConcatD,N/A,N/A,1790932530675959.916	,224.724,0.064000,0
7,aclnnMul_MulAiCore_Mul,N/A,N/A,1790932530676184.660	,184.984,0.026000,0
7,aclnnAdd_AddAiCore_Add,N/A,N/A,1790932530676369.664	,427.889,0.016000,0
7,aclnnInplaceCopy_CastAiCore_Cast,N/A,N/A,1790932530676797.573	,201.804,0.000000,0
7,aclnnInplaceCopy_TransposeAiCore_Transpose,N/A,N/A,1790932530676999.397	,140.883,0.196000,0
7,aclnnInplaceCopy_TransposeAiCore_Transpose,N/A,N/A,1790932530677140.300	,150.443,0.000000,0
7,aclnnInplaceCopy_AsStridedAiCore_AsStrided,N/A,N/A,1790932530677290.783	,160.043,0.057000,0
7,InnerPromptFlashAttention_PromptFlashAttention_PromptFlashAttention,N/A,N/A,1790932530677451.766	,9998.060,0.957000,0
7,aclnnInplaceCopy_TransposeAiCore_Transpose,N/A,N/A,1790932530687450.946	,155.643,1.190000,0
7,aclnnAddmm_MatMulCommon_MatMulV2,N/A,N/A,1790932530687606.609	,267.845,0.000000,0
7,aclnnAdd_AddAiCore_Add,N/A,N/A,1790932530687874.474	,212.244,0.155000,0
7,aclnnInplaceCopy_CastAiCore_Cast,N/A,N/A,1790932530688086.738	,84.282,0.006000,0
7,aclnnMean_ReduceMeanAiCore_ReduceMean,N/A,N/A,1790932530688172.480	,104.782,1.468000,0
7,aclnnSub_SubAiCore_Sub,N/A,N/A,1790932530688278.422	,127.143,1.218000,0
7,aclnnPowTensorScalar_PowsAiCore_Pows,N/A,N/A,1790932530688405.585	,140.722,0.000000,0
7,aclnnMean_ReduceMeanAiCore_ReduceMean,N/A,N/A,1790932530688547.307	,106.623,1.028000,0
7,aclnnAdds_AddAiCore_Add,N/A,N/A,1790932530688654.890	,5.820,1.127000,0
7,aclnnRsqrt_RsqrtAiCore_Rsqrt,N/A,N/A,1790932530688660.730	,6.940,0.000000,0
7,aclnnMul_MulAiCore_Mul,N/A,N/A,1790932530688667.690	,108.342,0.060000,0
7,aclnnInplaceCopy_CastAiCore_Cast,N/A,N/A,1790932530688776.052	,58.921,0.000000,0
7,aclnnMul_MulAiCore_Mul,N/A,N/A,1790932530688835.013	,38.401,0.079000,0
7,aclnnAdd_AddAiCore_Add,N/A,N/A,1790932530688873.434	,36.061,0.099000,0
7,aclnnAddmm_MatMulV3Common_MatMulV3,N/A,N/A,1790932530688909.515	,1024.720,0.000000,0
7,aclnnGeluV2_GeluV2_GeluV2,N/A,N/A,1790932530689934.275	,588.852,0.030000,0
7,aclnnAddmm_MatMulV3Common_MatMulV3,N/A,N/A,1790932530690523.147	,1146.443,0.148000,0
7,aclnnAdd_AddAiCore_Add,N/A,N/A,1790932530691669.610	,167.123,0.000000,0
7,aclnnInplaceCopy_CastAiCore_Cast,N/A,N/A,1790932530691836.773	,123.183,0.127000,0
7,aclnnMean_ReduceMeanAiCore_ReduceMean,N/A,N/A,1790932530691960.976	,131.242,1.067000,0
7,aclnnSub_SubAiCore_Sub,N/A,N/A,1790932530692092.918	,222.705,0.758000,0
7,aclnnPowTensorScalar_PowsAiCore_Pows,N/A,N/A,1790932530692315.643	,247.845,0.045000,0
7,aclnnMean_ReduceMeanAiCore_ReduceMean,N/A,N/A,1790932530692564.428	,172.223,0.905000,0
7,aclnnAdds_AddAiCore_Add,N/A,N/A,1790932530692737.711	,5.960,1.027000,0
7,aclnnRsqrt_RsqrtAiCore_Rsqrt,N/A,N/A,1790932530692743.691	,7.120,0.040000,0
7,aclnnMul_MulAiCore_Mul,N/A,N/A,1790932530692750.831	,112.643,0.000000,0
7,aclnnInplaceCopy_CastAiCore_Cast,N/A,N/A,1790932530692863.494	,54.561,0.107000,0
7,aclnnMul_MulAiCore_Mul,N/A,N/A,1790932530692918.075	,61.121,0.000000,0
7,aclnnAdd_AddAiCore_Add,N/A,N/A,1790932530692979.216	,36.421,0.129000,0
7,aclnnAddmm_MatMulV3Common_MatMulV3,N/A,N/A,1790932530693015.657	,764.415,0.079000,0
7,aclnnInplaceCopy_SliceAiCore_Slice,N/A,N/A,1790932530693780.092	,113.342,0.000000,0
7,aclnnInplaceCopy_CastAiCore_Cast,N/A,N/A,1790932530693893.454	,88.302,0.158000,0
7,aclnnMul_MulAiCore_Mul,N/A,N/A,1790932530693981.776	,162.043,0.000000,0
7,aclnnInplaceCopy_SliceAiCore_Slice,N/A,N/A,1790932530694143.839	,190.104,0.000000,0
7,aclnnInplaceCopy_CastAiCore_Cast,N/A,N/A,1790932530694333.963	,69.461,0.146000,0
7,aclnnNeg_SliceAiCore_Slice,N/A,N/A,1790932530694403.444	,93.002,0.039000,0
7,aclnnNeg_NegAiCore_Neg,N/A,N/A,1790932530694496.466	,58.841,0.000000,0
7,aclnnCat_SliceAiCore_Slice,N/A,N/A,1790932530694555.327	,295.606,0.000000,0
7,aclnnCat_ConcatD_ConcatD,N/A,N/A,1790932530694850.953	,236.665,0.144000,0
7,aclnnMul_MulAiCore_Mul,N/A,N/A,1790932530695087.658	,185.704,0.085000,0
7,aclnnAdd_AddAiCore_Add,N/A,N/A,1790932530695273.382	,424.268,0.046000,0
7,aclnnInplaceCopy_CastAiCore_Cast,N/A,N/A,1790932530695697.690	,202.604,0.000000,0
7,aclnnInplaceCopy_SliceAiCore_Slice,N/A,N/A,1790932530695900.314	,116.163,0.000000,0
7,aclnnInplaceCopy_CastAiCore_Cast,N/A,N/A,1790932530696016.497	,66.781,0.087000,0
7,aclnnMul_MulAiCore_Mul,N/A,N/A,1790932530696083.298	,151.963,0.000000,0
7,aclnnInplaceCopy_SliceAiCore_Slice,N/A,N/A,1790932530696235.281	,185.404,0.037000,0
7,aclnnInplaceCopy_CastAiCore_Cast,N/A,N/A,1790932530696420.705	,69.081,0.096000,0
7,aclnnNeg_SliceAiCore_Slice,N/A,N/A,1790932530696489.826	,91.342,0.000000,0
7,aclnnNeg_NegAiCore_Neg,N/A,N/A,1790932530696581.188	,56.841,0.158000,0
7,aclnnCat_SliceAiCore_Slice,N/A,N/A,1790932530696638.069	,293.526,0.000000,0
7,aclnnCat_ConcatD_ConcatD,N/A,N/A,1790932530696931.615	,224.824,0.000000,0
7,aclnnMul_MulAiCore_Mul,N/A,N/A,1790932530697156.459	,185.584,0.176000,0
7,aclnnAdd_AddAiCore_Add,N/A,N/A,1790932530697342.063	,425.769,0.000000,0
7,aclnnInplaceCopy_CastAiCore_Cast,N/A,N/A,1790932530697767.852	,201.424,0.000000,0
7,aclnnInplaceCopy_TransposeAiCore_Transpose,N/A,N/A,1790932530697969.316	,137.062,0.076000,0
7,aclnnInplaceCopy_TransposeAiCore_Transpose,N/A,N/A,1790932530698106.418	,147.303,0.188000,0
7,aclnnInplaceCopy_AsStridedAiCore_AsStrided,N/A,N/A,1790932530698253.761	,161.244,0.000000,0
7,InnerPromptFlashAttention_PromptFlashAttention_PromptFlashAttention,N/A,N/A,1790932530698416.365	,9962.919,1.256000,0
7,aclnnInplaceCopy_TransposeAiCore_Transpose,N/A,N/A,1790932530708380.484	,157.303,1.331000,0
7,aclnnAddmm_MatMulCommon_MatMulV2,N/A,N/A,1790932530708537.807	,267.845,0.000000,0
7,aclnnAdd_AddAiCore_Add,N/A,N/A,1790932530708805.672	,214.565,0.155000,0
7,aclnnInplaceCopy_CastAiCore_Cast,N/A,N/A,1790932530709020.277	,80.001,0.000000,0
7,aclnnMean_ReduceMeanAiCore_ReduceMean,N/A,N/A,1790932530709101.398	,102.722,1.249000,0
7,aclnnSub_SubAiCore_Sub,N/A,N/A,1790932530709204.880	,128.123,0.778000,0
7,aclnnPowTensorScalar_PowsAiCore_Pows,N/A,N/A,1790932530709333.023	,135.882,0.000000,0
7,aclnnMean_ReduceMeanAiCore_ReduceMean,N/A,N/A,1790932530709470.165	,105.663,1.368000,0
7,aclnnAdds_AddAiCore_Add,N/A,N/A,1790932530709576.568	,6.040,0.587000,0
7,aclnnRsqrt_RsqrtAiCore_Rsqrt,N/A,N/A,1790932530709582.628	,7.040,0.210000,0
7,aclnnMul_MulAiCore_Mul,N/A,N/A,1790932530709589.688	,109.542,0.000000,0
7,aclnnInplaceCopy_CastAiCore_Cast,N/A,N/A,1790932530709699.250	,59.281,0.000000,0
7,aclnnMul_MulAiCore_Mul,N/A,N/A,1790932530709758.551	,39.081,0.000000,0
7,aclnnAdd_AddAiCore_Add,N/A,N/A,1790932530709797.652	,35.221,0.169000,0
7,aclnnAddmm_MatMulV3Common_MatMulV3,N/A,N/A,1790932530709832.913	,1020.540,0.029000,0
7,aclnnGeluV2_GeluV2_GeluV2,N/A,N/A,1790932530710853.473	,589.592,0.000000,0
7,aclnnAddmm_MatMulV3Common_MatMulV3,N/A,N/A,1790932530711443.085	,1142.263,0.000000,0
7,aclnnAdd_AddAiCore_Add,N/A,N/A,1790932530712585.368	,165.523,0.000000,0
7,aclnnInplaceCopy_CastAiCore_Cast,N/A,N/A,1790932530712750.911	,124.263,0.227000,0
7,aclnnMean_ReduceMeanAiCore_ReduceMean,N/A,N/A,1790932530712876.454	,129.282,1.237000,0
7,aclnnSub_SubAiCore_Sub,N/A,N/A,1790932530713006.516	,208.564,0.718000,0
7,aclnnPowTensorScalar_PowsAiCore_Pows,N/A,N/A,1790932530713215.100	,246.345,0.000000,0
7,aclnnMean_ReduceMeanAiCore_ReduceMean,N/A,N/A,1790932530713462.725	,164.604,1.405000,0
7,aclnnAdds_AddAiCore_Add,N/A,N/A,1790932530713628.289	,5.880,0.896000,0
7,aclnnRsqrt_RsqrtAiCore_Rsqrt,N/A,N/A,1790932530713634.209	,7.240,0.120000,0
7,aclnnMul_MulAiCore_Mul,N/A,N/A,1790932530713641.469	,113.862,0.010000,0
7,aclnnInplaceCopy_CastAiCore_Cast,N/A,N/A,1790932530713755.351	,52.561,0.000000,0
7,aclnnMul_MulAiCore_Mul,N/A,N/A,1790932530713807.952	,62.141,0.189000,0
7,aclnnAdd_AddAiCore_Add,N/A,N/A,1790932530713870.113	,37.021,0.000000,0
7,aclnnAddmm_MatMulV3Common_MatMulV3,N/A,N/A,1790932530713907.154	,764.155,0.229000,0
7,aclnnInplaceCopy_SliceAiCore_Slice,N/A,N/A,1790932530714671.329	,111.043,0.000000,0
7,aclnnInplaceCopy_CastAiCore_Cast,N/A,N/A,1790932530714782.392	,90.321,0.207000,0
7,aclnnMul_MulAiCore_Mul,N/A,N/A,1790932530714872.733	,158.124,0.000000,0
7,aclnnInplaceCopy_SliceAiCore_Slice,N/A,N/A,1790932530715030.897	,186.843,0.126000,0
7,aclnnInplaceCopy_CastAiCore_Cast,N/A,N/A,1790932530715217.760	,67.842,0.000000,0
7,aclnnNeg_SliceAiCore_Slice,N/A,N/A,1790932530715285.622	,94.502,0.000000,0
7,aclnnNeg_NegAiCore_Neg,N/A,N/A,1790932530715380.144	,57.181,0.248000,0
7,aclnnCat_SliceAiCore_Slice,N/A,N/A,1790932530715437.345	,293.346,0.000000,0
7,aclnnCat_ConcatD_ConcatD,N/A,N/A,1790932530715730.731	,235.024,0.154000,0
7,aclnnMul_MulAiCore_Mul,N/A,N/A,1790932530715965.775	,182.504,0.000000,0
7,aclnnAdd_AddAiCore_Add,N/A,N/A,1790932530716148.299	,426.248,0.000000,0
7,aclnnInplaceCopy_CastAiCore_Cast,N/A,N/A,1790932530716574.587	,201.664,0.002000,0
7,aclnnInplaceCopy_SliceAiCore_Slice,N/A,N/A,1790932530716776.271	,114.363,0.086000,0
7,aclnnInplaceCopy_CastAiCore_Cast,N/A,N/A,1790932530716890.654	,69.201,0.137000,0
7,aclnnMul_MulAiCore_Mul,N/A,N/A,1790932530716959.875	,150.683,0.049000,0
7,aclnnInplaceCopy_SliceAiCore_Slice,N/A,N/A,1790932530717110.578	,184.204,0.000000,0
7,aclnnInplaceCopy_CastAiCore_Cast,N/A,N/A,1790932530717294.802	,64.101,0.046000,0
7,aclnnNeg_SliceAiCore_Slice,N/A,N/A,1790932530717358.923	,89.362,0.149000,0
7,aclnnNeg_NegAiCore_Neg,N/A,N/A,1790932530717448.325	,57.201,0.000000,0
7,aclnnCat_SliceAiCore_Slice,N/A,N/A,1790932530717505.546	,292.266,0.049000,0
7,aclnnCat_ConcatD_ConcatD,N/A,N/A,1790932530717797.832	,226.324,0.000000,0
7,aclnnMul_MulAiCore_Mul,N/A,N/A,1790932530718024.176	,183.824,0.176000,0
7,aclnnAdd_AddAiCore_Add,N/A,N/A,1790932530718208.040	,426.169,0.000000,0
7,aclnnInplaceCopy_CastAiCore_Cast,N/A,N/A,1790932530718634.249	,201.984,0.081000,0
7,aclnnInplaceCopy_TransposeAiCore_Transpose,N/A,N/A,1790932530718836.253	,139.522,0.016000,0
7,aclnnInplaceCopy_TransposeAiCore_Transpose,N/A,N/A,1790932530718975.795	,149.403,0.000000,0
7,aclnnInplaceCopy_AsStridedAiCore_AsStrided,N/A,N/A,1790932530719125.218	,161.004,0.097000,0
7,InnerPromptFlashAttention_PromptFlashAttention_PromptFlashAttention,N/A,N/A,1790932530719287.602	,9923.338,1.246000,0
7,aclnnInplaceCopy_TransposeAiCore_Transpose,N/A,N/A,1790932530729212.260	,157.103,1.412000,0
7,aclnnAddmm_MatMulCommon_MatMulV2,N/A,N/A,1790932530729369.383	,267.685,0.147000,0
7,aclnnAdd_AddAiCore_Add,N/A,N/A,1790932530729637.088	,213.825,0.000000,0
7,aclnnInplaceCopy_CastAiCore_Cast,N/A,N/A,1790932530729850.933	,82.121,0.175000,0
7,aclnnMean_ReduceMeanAiCore_ReduceMean,N/A,N/A,1790932530729934.434	,103.842,1.379000,0
7,aclnnSub_SubAiCore_Sub,N/A,N/A,1790932530730039.036	,127.343,0.658000,0
7,aclnnPowTensorScalar_PowsAiCore_Pows,N/A,N/A,1790932530730166.399	,139.523,0.157000,0
7,aclnnMean_ReduceMeanAiCore_ReduceMean,N/A,N/A,1790932530730307.022	,105.202,0.977000,0
7,aclnnAdds_AddAiCore_Add,N/A,N/A,1790932530730413.364	,5.880,1.048000,0
7,aclnnRsqrt_RsqrtAiCore_Rsqrt,N/A,N/A,1790932530730419.264	,7.140,0.120000,0
7,aclnnMul_MulAiCore_Mul,N/A,N/A,1790932530730426.444	,109.822,0.110000,0
7,aclnnInplaceCopy_CastAiCore_Cast,N/A,N/A,1790932530730536.286	,62.042,0.000000,0
7,aclnnMul_MulAiCore_Mul,N/A,N/A,1790932530730598.348	,38.320,0.000000,0
7,aclnnAdd_AddAiCore_Add,N/A,N/A,1790932530730636.688	,36.761,0.180000,0
7,aclnnAddmm_MatMulV3Common_MatMulV3,N/A,N/A,1790932530730673.469	,1023.381,0.000000,0
7,aclnnGeluV2_GeluV2_GeluV2,N/A,N/A,1790932530731696.890	,589.891,0.119000,0
7,aclnnAddmm_MatMulV3Common_MatMulV3,N/A,N/A,1790932530732286.941	,1143.583,0.109000,0
7,aclnnAdd_AddAiCore_Add,N/A,N/A,1790932530733430.544	,166.464,0.000000,0
7,aclnnInplaceCopy_CastAiCore_Cast,N/A,N/A,1790932530733597.028	,122.942,0.036000,0
7,aclnnMean_ReduceMeanAiCore_ReduceMean,N/A,N/A,1790932530733720.970	,133.203,1.058000,0
7,aclnnSub_SubAiCore_Sub,N/A,N/A,1790932530733854.893	,220.384,0.797000,0
7,aclnnPowTensorScalar_PowsAiCore_Pows,N/A,N/A,1790932530734075.297	,254.205,0.000000,0
7,aclnnMean_ReduceMeanAiCore_ReduceMean,N/A,N/A,1790932530734330.502	,171.904,1.045000,0
7,aclnnAdds_AddAiCore_Add,N/A,N/A,1790932530734503.326	,5.760,0.846000,0
7,aclnnRsqrt_RsqrtAiCore_Rsqrt,N/A,N/A,1790932530734509.106	,7.080,0.000000,0
7,aclnnMul_MulAiCore_Mul,N/A,N/A,1790932530734516.206	,112.302,0.170000,0
7,aclnnInplaceCopy_CastAiCore_Cast,N/A,N/A,1790932530734628.528	,52.941,0.000000,0
7,aclnnMul_MulAiCore_Mul,N/A,N/A,1790932530734681.489	,61.081,0.059000,0
7,aclnnAdd_AddAiCore_Add,N/A,N/A,1790932530734742.610	,36.621,0.000000,0
7,aclnnAddmm_MatMulV3Common_MatMulV3,N/A,N/A,1790932530734779.251	,763.295,0.129000,0
7,aclnnInplaceCopy_SliceAiCore_Slice,N/A,N/A,1790932530735542.566	,114.103,0.000000,0
7,aclnnInplaceCopy_CastAiCore_Cast,N/A,N/A,1790932530735656.689	,87.401,0.147000,0
7,aclnnMul_MulAiCore_Mul,N/A,N/A,1790932530735744.110	,162.644,0.000000,0
7,aclnnInplaceCopy_SliceAiCore_Slice,N/A,N/A,1790932530735906.794	,190.584,0.106000,0
7,aclnnInplaceCopy_CastAiCore_Cast,N/A,N/A,1790932530736097.398	,69.941,0.166000,0
7,aclnnNeg_SliceAiCore_Slice,N/A,N/A,1790932530736167.379	,92.962,0.059000,0
7,aclnnNeg_NegAiCore_Neg,N/A,N/A,1790932530736260.381	,58.801,0.038000,0
7,aclnnCat_SliceAiCore_Slice,N/A,N/A,1790932530736319.202	,294.026,0.000000,0
7,aclnnCat_ConcatD_ConcatD,N/A,N/A,1790932530736613.248	,235.885,0.000000,0
7,aclnnMul_MulAiCore_Mul,N/A,N/A,1790932530736849.173	,184.363,0.115000,0
7,aclnnAdd_AddAiCore_Add,N/A,N/A,1790932530737033.556	,425.729,0.000000,0
7,aclnnInplaceCopy_CastAiCore_Cast,N/A,N/A,1790932530737459.305	,203.624,0.021000,0
7,aclnnInplaceCopy_SliceAiCore_Slice,N/A,N/A,1790932530737662.969	,115.902,0.126000,0
7,aclnnInplaceCopy_CastAiCore_Cast,N/A,N/A,1790932530737778.891	,69.841,0.098000,0
7,aclnnMul_MulAiCore_Mul,N/A,N/A,1790932530737848.752	,153.624,0.000000,0
7,aclnnInplaceCopy_SliceAiCore_Slice,N/A,N/A,1790932530738002.396	,185.883,0.126000,0
7,aclnnInplaceCopy_CastAiCore_Cast,N/A,N/A,1790932530738188.299	,68.002,0.000000,0
7,aclnnNeg_SliceAiCore_Slice,N/A,N/A,1790932530738256.321	,90.161,0.000000,0
7,aclnnNeg_NegAiCore_Neg,N/A,N/A,1790932530738346.522	,56.282,0.089000,0
7,aclnnCat_SliceAiCore_Slice,N/A,N/A,1790932530738402.824	,294.165,0.000000,0
7,aclnnCat_ConcatD_ConcatD,N/A,N/A,1790932530738697.009	,225.945,0.085000,0
7,aclnnMul_MulAiCore_Mul,N/A,N/A,1790932530738922.994	,184.904,0.055000,0
7,aclnnAdd_AddAiCore_Add,N/A,N/A,1790932530739107.938	,425.188,0.096000,0
7,aclnnInplaceCopy_CastAiCore_Cast,N/A,N/A,1790932530739533.146	,202.524,0.062000,0
7,aclnnInplaceCopy_TransposeAiCore_Transpose,N/A,N/A,1790932530739735.710	,137.603,0.000000,0
7,aclnnInplaceCopy_TransposeAiCore_Transpose,N/A,N/A,1790932530739873.333	,147.763,0.000000,0
7,aclnnInplaceCopy_AsStridedAiCore_AsStrided,N/A,N/A,1790932530740021.116	,161.383,0.000000,0
7,InnerPromptFlashAttention_PromptFlashAttention_PromptFlashAttention,N/A,N/A,1790932530740183.559	,9988.140,1.117000,0
7,aclnnInplaceCopy_TransposeAiCore_Transpose,N/A,N/A,1790932530750172.639	,156.783,1.110000,0
7,aclnnAddmm_MatMulCommon_MatMulV2,N/A,N/A,1790932530750329.442	,267.645,0.000000,0
7,aclnnAdd_AddAiCore_Add,N/A,N/A,1790932530750597.107	,212.304,0.000000,0
7,aclnnInplaceCopy_CastAiCore_Cast,N/A,N/A,1790932530750809.431	,77.502,0.196000,0
7,aclnnMean_ReduceMeanAiCore_ReduceMean,N/A,N/A,1790932530750888.253	,102.322,1.248000,0
7,aclnnSub_SubAiCore_Sub,N/A,N/A,1790932530750991.755	,125.783,1.178000,0
7,aclnnPowTensorScalar_PowsAiCore_Pows,N/A,N/A,1790932530751117.558	,132.822,0.000000,0
7,aclnnMean_ReduceMeanAiCore_ReduceMean,N/A,N/A,1790932530751251.720	,103.122,1.428000,0
7,aclnnAdds_AddAiCore_Add,N/A,N/A,1790932530751355.622	,6.080,0.628000,0
7,aclnnRsqrt_RsqrtAiCore_Rsqrt,N/A,N/A,1790932530751361.742	,7.201,0.170000,0
7,aclnnMul_MulAiCore_Mul,N/A,N/A,1790932530751368.963	,110.642,0.049000,0
7,aclnnInplaceCopy_CastAiCore_Cast,N/A,N/A,1790932530751479.625	,59.921,0.000000,0
7,aclnnMul_MulAiCore_Mul,N/A,N/A,1790932530751539.586	,38.861,0.079000,0
7,aclnnAdd_AddAiCore_Add,N/A,N/A,1790932530751578.467	,36.441,0.139000,0
7,aclnnAddmm_MatMulV3Common_MatMulV3,N/A,N/A,1790932530751614.928	,1021.440,0.059000,0
7,aclnnGeluV2_GeluV2_GeluV2,N/A,N/A,1790932530752636.388	,590.132,0.060000,0
7,aclnnAddmm_MatMulV3Common_MatMulV3,N/A,N/A,1790932530753226.680	,1147.843,0.118000,0
7,aclnnAdd_AddAiCore_Add,N/A,N/A,1790932530754374.563	,166.863,0.000000,0
7,aclnnInplaceCopy_CastAiCore_Cast,N/A,N/A,1790932530754541.446	,123.522,0.137000,0
7,aclnnMean_ReduceMeanAiCore_ReduceMean,N/A,N/A,1790932530754665.989	,127.422,0.978000,0
7,aclnnSub_SubAiCore_Sub,N/A,N/A,1790932530754794.191	,210.284,0.828000,0
7,aclnnPowTensorScalar_PowsAiCore_Pows,N/A,N/A,1790932530755004.495	,244.205,0.000000,0
7,aclnnMean_ReduceMeanAiCore_ReduceMean,N/A,N/A,1790932530755249.660	,166.643,1.045000,0
7,aclnnAdds_AddAiCore_Add,N/A,N/A,1790932530755417.424	,5.800,1.107000,0
7,aclnnRsqrt_RsqrtAiCore_Rsqrt,N/A,N/A,1790932530755423.244	,7.120,0.000000,0
7,aclnnMul_MulAiCore_Mul,N/A,N/A,1790932530755430.384	,113.122,0.130000,0
7,aclnnInplaceCopy_CastAiCore_Cast,N/A,N/A,1790932530755543.526	,57.441,0.000000,0
7,aclnnMul_MulAiCore_Mul,N/A,N/A,1790932530755600.987	,61.361,0.059000,0
7,aclnnAdd_AddAiCore_Add,N/A,N/A,1790932530755662.368	,37.581,0.000000,0
7,aclnnAddmm_MatMulV3Common_MatMulV3,N/A,N/A,1790932530755699.969	,766.215,0.169000,0
7,aclnnInplaceCopy_SliceAiCore_Slice,N/A,N/A,1790932530756466.204	,110.003,0.035000,0
7,aclnnInplaceCopy_CastAiCore_Cast,N/A,N/A,1790932530756576.247	,91.001,0.000000,0
7,aclnnMul_MulAiCore_Mul,N/A,N/A,1790932530756667.288	,160.764,0.000000,0
7,aclnnInplaceCopy_SliceAiCore_Slice,N/A,N/A,1790932530756828.092	,187.943,0.000000,0
7,aclnnInplaceCopy_CastAiCore_Cast,N/A,N/A,1790932530757016.055	,69.982,0.057000,0
7,aclnnNeg_SliceAiCore_Slice,N/A,N/A,1790932530757086.057	,94.002,0.018000,0
7,aclnnNeg_NegAiCore_Neg,N/A,N/A,1790932530757180.079	,57.001,0.000000,0
7,aclnnCat_SliceAiCore_Slice,N/A,N/A,1790932530757237.120	,293.606,0.000000,0
7,aclnnCat_ConcatD_ConcatD,N/A,N/A,1790932530757530.746	,236.064,0.144000,0
7,aclnnMul_MulAiCore_Mul,N/A,N/A,1790932530757766.830	,181.804,0.000000,0
7,aclnnAdd_AddAiCore_Add,N/A,N/A,1790932530757948.674	,426.569,0.196000,0
7,aclnnInplaceCopy_CastAiCore_Cast,N/A,N/A,1790932530758375.263	,201.484,0.000000,0
7,aclnnInplaceCopy_SliceAiCore_Slice,N/A,N/A,1790932530758576.767	,115.162,0.016000,0
7,aclnnInplaceCopy_CastAiCore_Cast,N/A,N/A,1790932530758691.949	,68.721,0.088000,0
7,aclnnMul_MulAiCore_Mul,N/A,N/A,1790932530758760.690	,149.343,0.029000,0
7,aclnnInplaceCopy_SliceAiCore_Slice,N/A,N/A,1790932530758910.053	,182.944,0.000000,0
7,aclnnInplaceCopy_CastAiCore_Cast,N/A,N/A,1790932530759093.017	,64.581,0.056000,0
7,aclnnNeg_SliceAiCore_Slice,N/A,N/A,1790932530759157.638	,91.162,0.169000,0
7,aclnnNeg_NegAiCore_Neg,N/A,N/A,1790932530759248.820	,56.761,0.000000,0
7,aclnnCat_SliceAiCore_Slice,N/A,N/A,1790932530759305.601	,292.166,0.000000,0
7,aclnnCat_ConcatD_ConcatD,N/A,N/A,1790932530759597.787	,224.425,0.084000,0
7,aclnnMul_MulAiCore_Mul,N/A,N/A,1790932530759822.232	,184.163,0.075000,0
7,aclnnAdd_AddAiCore_Add,N/A,N/A,1790932530760006.415	,426.769,0.087000,0
7,aclnnInplaceCopy_CastAiCore_Cast,N/A,N/A,1790932530760433.204	,202.024,0.000000,0
7,aclnnInplaceCopy_TransposeAiCore_Transpose,N/A,N/A,1790932530760635.248	,139.663,0.000000,0
7,aclnnInplaceCopy_TransposeAiCore_Transpose,N/A,N/A,1790932530760774.931	,149.763,0.087000,0
7,aclnnInplaceCopy_AsStridedAiCore_AsStrided,N/A,N/A,1790932530760924.714	,165.943,0.000000,0
7,InnerPromptFlashAttention_PromptFlashAttention_PromptFlashAttention,N/A,N/A,1790932530761091.637	,9972.159,1.057000,0
7,aclnnInplaceCopy_TransposeAiCore_Transpose,N/A,N/A,1790932530771064.976	,155.043,1.091000,0
7,aclnnAddmm_MatMulCommon_MatMulV2,N/A,N/A,1790932530771220.039	,268.646,0.000000,0
7,aclnnAdd_AddAiCore_Add,N/A,N/A,1790932530771488.705	,212.444,0.104000,0
7,aclnnInplaceCopy_CastAiCore_Cast,N/A,N/A,1790932530771701.169	,83.062,0.056000,0
7,aclnnMean_ReduceMeanAiCore_ReduceMean,N/A,N/A,1790932530771785.651	,106.482,1.438000,0
7,aclnnSub_SubAiCore_Sub,N/A,N/A,1790932530771892.793	,127.702,0.518000,0
7,aclnnPowTensorScalar_PowsAiCore_Pows,N/A,N/A,1790932530772020.515	,139.103,0.048000,0
7,aclnnMean_ReduceMeanAiCore_ReduceMean,N/A,N/A,1790932530772161.038	,106.322,1.397000,0
7,aclnnAdds_AddAiCore_Add,N/A,N/A,1790932530772268.060	,5.800,0.678000,0
7,aclnnRsqrt_RsqrtAiCore_Rsqrt,N/A,N/A,1790932530772273.880	,7.200,0.200000,0
7,aclnnMul_MulAiCore_Mul,N/A,N/A,1790932530772281.120	,111.063,0.000000,0
7,aclnnInplaceCopy_CastAiCore_Cast,N/A,N/A,1790932530772392.203	,60.441,0.187000,0
7,aclnnMul_MulAiCore_Mul,N/A,N/A,1790932530772452.684	,39.501,0.059000,0
7,aclnnAdd_AddAiCore_Add,N/A,N/A,1790932530772492.205	,35.840,0.000000,0
7,aclnnAddmm_MatMulV3Common_MatMulV3,N/A,N/A,1790932530772528.065	,1024.321,0.000000,0
7,aclnnGeluV2_GeluV2_GeluV2,N/A,N/A,1790932530773552.406	,591.952,0.179000,0
7,aclnnAddmm_MatMulV3Common_MatMulV3,N/A,N/A,1790932530774144.498	,1144.883,0.048000,0
7,aclnnAdd_AddAiCore_Add,N/A,N/A,1790932530775289.421	,167.303,0.117000,0
7,aclnnInplaceCopy_CastAiCore_Cast,N/A,N/A,1790932530775456.744	,122.202,0.000000,0
7,aclnnMean_ReduceMeanAiCore_ReduceMean,N/A,N/A,1790932530775580.186	,131.643,1.298000,0
7,aclnnSub_SubAiCore_Sub,N/A,N/A,1790932530775712.929	,212.544,1.107000,0
7,aclnnPowTensorScalar_PowsAiCore_Pows,N/A,N/A,1790932530775925.493	,245.285,0.000000,0
7,aclnnMean_ReduceMeanAiCore_ReduceMean,N/A,N/A,1790932530776172.038	,165.924,1.215000,0
7,aclnnAdds_AddAiCore_Add,N/A,N/A,1790932530776338.662	,8.140,0.826000,0
7,aclnnRsqrt_RsqrtAiCore_Rsqrt,N/A,N/A,1790932530776346.842	,7.280,0.000000,0
7,aclnnMul_MulAiCore_Mul,N/A,N/A,1790932530776354.162	,111.302,0.220000,0
7,aclnnInplaceCopy_CastAiCore_Cast,N/A,N/A,1790932530776465.484	,54.001,0.000000,0
7,aclnnMul_MulAiCore_Mul,N/A,N/A,1790932530776519.525	,61.421,0.000000,0
7,aclnnAdd_AddAiCore_Add,N/A,N/A,1790932530776580.966	,36.481,0.079000,0
7,aclnnAddmm_MatMulV3Common_MatMulV3,N/A,N/A,1790932530776617.467	,766.415,0.019000,0
7,aclnnInplaceCopy_SliceAiCore_Slice,N/A,N/A,1790932530777383.902	,114.283,0.085000,0
7,aclnnInplaceCopy_CastAiCore_Cast,N/A,N/A,1790932530777498.205	,87.541,0.000000,0
7,aclnnMul_MulAiCore_Mul,N/A,N/A,1790932530777585.766	,163.524,0.000000,0
7,aclnnInplaceCopy_SliceAiCore_Slice,N/A,N/A,1790932530777749.310	,190.104,0.000000,0
7,aclnnInplaceCopy_CastAiCore_Cast,N/A,N/A,1790932530777939.434	,68.361,0.146000,0
7,aclnnNeg_SliceAiCore_Slice,N/A,N/A,1790932530778007.815	,93.162,0.000000,0
7,aclnnNeg_NegAiCore_Neg,N/A,N/A,1790932530778100.997	,58.181,0.088000,0
7,aclnnCat_SliceAiCore_Slice,N/A,N/A,1790932530778159.198	,295.886,0.069000,0
7,aclnnCat_ConcatD_ConcatD,N/A,N/A,1790932530778455.124	,236.265,0.000000,0
7,aclnnMul_MulAiCore_Mul,N/A,N/A,1790932530778691.409	,185.143,0.235000,0
7,aclnnAdd_AddAiCore_Add,N/A,N/A,1790932530778876.572	,423.249,0.000000,0
7,aclnnInplaceCopy_CastAiCore_Cast,N/A,N/A,1790932530779299.841	,202.504,0.001000,0
7,aclnnInplaceCopy_SliceAiCore_Slice,N/A,N/A,1790932530779502.365	,118.682,0.000000,0
7,aclnnInplaceCopy_CastAiCore_Cast,N/A,N/A,1790932530779621.067	,67.621,0.068000,0
7,aclnnMul_MulAiCore_Mul,N/A,N/A,1790932530779688.728	,152.124,0.129000,0
7,aclnnInplaceCopy_SliceAiCore_Slice,N/A,N/A,1790932530779840.872	,186.443,0.000000,0
7,aclnnInplaceCopy_CastAiCore_Cast,N/A,N/A,1790932530780027.335	,67.942,0.057000,0
7,aclnnNeg_SliceAiCore_Slice,N/A,N/A,1790932530780095.317	,90.681,0.058000,0
7,aclnnNeg_NegAiCore_Neg,N/A,N/A,1790932530780186.038	,57.862,0.069000,0
7,aclnnCat_SliceAiCore_Slice,N/A,N/A,1790932530780243.940	,292.585,0.138000,0
7,aclnnCat_ConcatD_ConcatD,N/A,N/A,1790932530780536.545	,225.565,0.000000,0
7,aclnnMul_MulAiCore_Mul,N/A,N/A,1790932530780762.150	,183.804,0.185000,0
7,aclnnAdd_AddAiCore_Add,N/A,N/A,1790932530780945.974	,424.068,0.000000,0
7,aclnnInplaceCopy_CastAiCore_Cast,N/A,N/A,1790932530781370.082	,201.384,0.000000,0
7,aclnnInplaceCopy_TransposeAiCore_Transpose,N/A,N/A,1790932530781571.486	,136.083,0.116000,0
7,aclnnInplaceCopy_TransposeAiCore_Transpose,N/A,N/A,1790932530781707.609	,145.483,0.000000,0
7,aclnnInplaceCopy_AsStridedAiCore_AsStrided,N/A,N/A,1790932530781853.112	,161.863,0.017000,0
7,InnerPromptFlashAttention_PromptFlashAttention_PromptFlashAttention,N/A,N/A,1790932530782016.435	,9963.019,1.637000,0
7,aclnnInplaceCopy_TransposeAiCore_Transpose,N/A,N/A,1790932530791980.434	,160.383,0.981000,0
7,aclnnAddmm_MatMulCommon_MatMulV2,N/A,N/A,1790932530792140.837	,268.186,0.000000,0
7,aclnnAdd_AddAiCore_Add,N/A,N/A,1790932530792409.063	,212.604,0.064000,0
7,aclnnInplaceCopy_CastAiCore_Cast,N/A,N/A,1790932530792621.687	,77.481,0.146000,0
7,aclnnMean_ReduceMeanAiCore_ReduceMean,N/A,N/A,1790932530792700.188	,102.362,1.019000,0
7,aclnnSub_SubAiCore_Sub,N/A,N/A,1790932530792803.590	,124.183,0.888000,0
7,aclnnPowTensorScalar_PowsAiCore_Pows,N/A,N/A,1790932530792927.793	,132.543,0.067000,0
7,aclnnMean_ReduceMeanAiCore_ReduceMean,N/A,N/A,1790932530793061.696	,101.862,1.457000,0
7,aclnnAdds_AddAiCore_Add,N/A,N/A,1790932530793164.518	,5.800,0.888000,0
7,aclnnRsqrt_RsqrtAiCore_Rsqrt,N/A,N/A,1790932530793170.338	,7.340,0.000000,0
7,aclnnMul_MulAiCore_Mul,N/A,N/A,1790932530793177.698	,111.022,0.160000,0
7,aclnnInplaceCopy_CastAiCore_Cast,N/A,N/A,1790932530793288.760	,59.761,0.000000,0
7,aclnnMul_MulAiCore_Mul,N/A,N/A,1790932530793348.541	,38.761,0.000000,0
7,aclnnAdd_AddAiCore_Add,N/A,N/A,1790932530793387.342	,37.201,0.000000,0
7,aclnnAddmm_MatMulV3Common_MatMulV3,N/A,N/A,1790932530793424.563	,1026.040,0.049000,0
7,aclnnGeluV2_GeluV2_GeluV2,N/A,N/A,1790932530794450.623	,591.212,0.000000,0
7,aclnnAddmm_MatMulV3Common_MatMulV3,N/A,N/A,1790932530795041.855	,1153.103,0.038000,0
7,aclnnAdd_AddAiCore_Add,N/A,N/A,1790932530796194.978	,166.324,0.147000,0
7,aclnnInplaceCopy_CastAiCore_Cast,N/A,N/A,1790932530796361.322	,109.602,0.000000,0
7,aclnnMean_ReduceMeanAiCore_ReduceMean,N/A,N/A,1790932530796472.224	,114.762,1.398000,0
7,aclnnSub_SubAiCore_Sub,N/A,N/A,1790932530796587.726	,200.384,0.738000,0
7,aclnnPowTensorScalar_PowsAiCore_Pows,N/A,N/A,1790932530796788.150	,214.124,0.116000,0
7,aclnnMean_ReduceMeanAiCore_ReduceMean,N/A,N/A,1790932530797003.334	,144.443,0.876000,0
7,aclnnAdds_AddAiCore_Add,N/A,N/A,1790932530797148.877	,6.120,1.307000,0
7,aclnnRsqrt_RsqrtAiCore_Rsqrt,N/A,N/A,1790932530797155.017	,7.121,0.000000,0
7,aclnnMul_MulAiCore_Mul,N/A,N/A,1790932530797162.158	,111.562,0.129000,0
7,aclnnInplaceCopy_CastAiCore_Cast,N/A,N/A,1790932530797273.740	,54.081,0.000000,0
7,aclnnMul_MulAiCore_Mul,N/A,N/A,1790932530797327.861	,60.901,0.000000,0
7,aclnnAdd_AddAiCore_Add,N/A,N/A,1790932530797388.782	,36.641,0.099000,0
7,aclnnAddmm_MatMulV3Common_MatMulV3,N/A,N/A,1790932530797425.443	,762.315,0.109000,0
7,aclnnInplaceCopy_SliceAiCore_Slice,N/A,N/A,1790932530798187.778	,110.762,0.000000,0
7,aclnnInplaceCopy_CastAiCore_Cast,N/A,N/A,1790932530798298.560	,91.762,0.000000,0
7,aclnnMul_MulAiCore_Mul,N/A,N/A,1790932530798390.342	,162.103,0.000000,0
7,aclnnInplaceCopy_SliceAiCore_Slice,N/A,N/A,1790932530798552.485	,188.064,0.147000,0
7,aclnnInplaceCopy_CastAiCore_Cast,N/A,N/A,1790932530798740.569	,67.501,0.000000,0
7,aclnnNeg_SliceAiCore_Slice,N/A,N/A,1790932530798808.090	,94.862,0.000000,0
7,aclnnNeg_NegAiCore_Neg,N/A,N/A,1790932530798902.972	,57.402,0.138000,0
7,aclnnCat_SliceAiCore_Slice,N/A,N/A,1790932530798960.394	,294.505,0.098000,0
7,aclnnCat_ConcatD_ConcatD,N/A,N/A,1790932530799254.919	,235.405,0.000000,0
7,aclnnMul_MulAiCore_Mul,N/A,N/A,1790932530799490.344	,184.324,0.000000,0
7,aclnnAdd_AddAiCore_Add,N/A,N/A,1790932530799674.708	,423.888,0.176000,0
7,aclnnInplaceCopy_CastAiCore_Cast,N/A,N/A,1790932530800098.616	,202.864,0.000000,0
7,aclnnInplaceCopy_SliceAiCore_Slice,N/A,N/A,1790932530800301.520	,114.543,0.136000,0
7,aclnnInplaceCopy_CastAiCore_Cast,N/A,N/A,1790932530800416.083	,63.501,0.000000,0
7,aclnnMul_MulAiCore_Mul,N/A,N/A,1790932530800479.604	,150.763,0.000000,0
7,aclnnInplaceCopy_SliceAiCore_Slice,N/A,N/A,1790932530800630.387	,185.664,0.237000,0
7,aclnnInplaceCopy_CastAiCore_Cast,N/A,N/A,1790932530800816.071	,63.681,0.000000,0
7,aclnnNeg_SliceAiCore_Slice,N/A,N/A,1790932530800879.772	,90.402,0.069000,0
7,aclnnNeg_NegAiCore_Neg,N/A,N/A,1790932530800970.214	,57.341,0.098000,0
7,aclnnCat_SliceAiCore_Slice,N/A,N/A,1790932530801027.575	,295.346,0.000000,0
7,aclnnCat_ConcatD_ConcatD,N/A,N/A,1790932530801322.941	,227.804,0.154000,0
7,aclnnMul_MulAiCore_Mul,N/A,N/A,1790932530801550.785	,184.164,0.000000,0
7,aclnnAdd_AddAiCore_Add,N/A,N/A,1790932530801734.969	,422.968,0.086000,0
7,aclnnInplaceCopy_CastAiCore_Cast,N/A,N/A,1790932530802157.957	,205.144,0.032000,0
7,aclnnInplaceCopy_TransposeAiCore_Transpose,N/A,N/A,1790932530802363.121	,142.843,0.000000,0
7,aclnnInplaceCopy_TransposeAiCore_Transpose,N/A,N/A,1790932530802505.984	,149.463,0.157000,0
7,aclnnInplaceCopy_AsStridedAiCore_AsStrided,N/A,N/A,1790932530802655.467	,158.884,0.037000,0
7,InnerPromptFlashAttention_PromptFlashAttention_PromptFlashAttention,N/A,N/A,1790932530802815.471	,9993.479,1.116000,0
7,aclnnInplaceCopy_TransposeAiCore_Transpose,N/A,N/A,1790932530812810.110	,141.003,1.021000,0
7,aclnnAddmm_MatMulCommon_MatMulV2,N/A,N/A,1790932530812951.153	,268.765,0.247000,0
7,aclnnAdd_AddAiCore_Add,N/A,N/A,1790932530813219.958	,178.144,0.000000,0
7,aclnnInplaceCopy_CastAiCore_Cast,N/A,N/A,1790932530813398.122	,73.301,0.000000,0
7,aclnnMean_ReduceMeanAiCore_ReduceMean,N/A,N/A,1790932530813472.703	,101.182,1.449000,0
7,aclnnSub_SubAiCore_Sub,N/A,N/A,1790932530813574.846	,118.802,0.818000,0
7,aclnnPowTensorScalar_PowsAiCore_Pows,N/A,N/A,1790932530813693.668	,119.042,0.198000,0
7,aclnnMean_ReduceMeanAiCore_ReduceMean,N/A,N/A,1790932530813813.730	,101.482,0.958000,0
7,aclnnAdds_AddAiCore_Add,N/A,N/A,1790932530813915.892	,5.740,0.768000,0
7,aclnnRsqrt_RsqrtAiCore_Rsqrt,N/A,N/A,1790932530813921.652	,7.241,0.010000,0
7,aclnnMul_MulAiCore_Mul,N/A,N/A,1790932530813928.913	,111.062,0.009000,0
7,aclnnInplaceCopy_CastAiCore_Cast,N/A,N/A,1790932530814040.015	,61.321,0.000000,0
7,aclnnMul_MulAiCore_Mul,N/A,N/A,1790932530814101.356	,62.201,0.000000,0
7,aclnnAdd_AddAiCore_Add,N/A,N/A,1790932530814163.577	,36.601,0.049000,0
7,aclnnAddmm_MatMulV3Common_MatMulV3,N/A,N/A,1790932530814200.198	,1030.861,0.149000,0
7,aclnnGeluV2_GeluV2_GeluV2,N/A,N/A,1790932530815231.079	,586.531,0.000000,0
7,aclnnAddmm_MatMulV3Common_MatMulV3,N/A,N/A,1790932530815817.630	,1144.823,0.219000,0
7,aclnnAdd_AddAiCore_Add,N/A,N/A,1790932530816962.493	,165.563,0.000000,0
7,aclnnInplaceCopy_CastAiCore_Cast,N/A,N/A,1790932530817128.076	,123.323,0.000000,0
7,aclnnMean_ReduceMeanAiCore_ReduceMean,N/A,N/A,1790932530817252.719	,131.623,1.427000,0
7,aclnnSub_SubAiCore_Sub,N/A,N/A,1790932530817385.342	,205.484,0.877000,0
7,aclnnPowTensorScalar_PowsAiCore_Pows,N/A,N/A,1790932530817590.846	,242.365,0.016000,0
7,aclnnMean_ReduceMeanAiCore_ReduceMean,N/A,N/A,1790932530817834.351	,162.743,1.135000,0
7,aclnnAdds_AddAiCore_Add,N/A,N/A,1790932530817997.974	,5.800,1.007000,0
7,aclnnRsqrt_RsqrtAiCore_Rsqrt,N/A,N/A,1790932530818003.794	,7.280,0.000000,0
7,aclnnMul_MulAiCore_Mul,N/A,N/A,1790932530818011.094	,113.122,0.000000,0
7,aclnnInplaceCopy_CastAiCore_Cast,N/A,N/A,1790932530818124.236	,53.121,0.128000,0
7,aclnnMul_MulAiCore_Mul,N/A,N/A,1790932530818177.377	,39.261,0.129000,0
7,aclnnAdd_AddAiCore_Add,N/A,N/A,1790932530818216.658	,37.221,0.000000,0
7,aclnnAddmm_MatMulV3Common_MatMulV3,N/A,N/A,1790932530818253.899	,765.815,0.029000,0
7,aclnnInplaceCopy_SliceAiCore_Slice,N/A,N/A,1790932530819019.734	,111.923,0.000000,0
7,aclnnInplaceCopy_CastAiCore_Cast,N/A,N/A,1790932530819131.677	,89.321,0.077000,0
7,aclnnMul_MulAiCore_Mul,N/A,N/A,1790932530819221.018	,161.204,0.000000,0
7,aclnnInplaceCopy_SliceAiCore_Slice,N/A,N/A,1790932530819382.242	,190.763,0.046000,0
7,aclnnInplaceCopy_CastAiCore_Cast,N/A,N/A,1790932530819573.025	,67.642,0.000000,0
7,aclnnNeg_SliceAiCore_Slice,N/A,N/A,1790932530819640.687	,97.762,0.108000,0
7,aclnnNeg_NegAiCore_Neg,N/A,N/A,1790932530819738.469	,58.601,0.000000,0
7,aclnnCat_SliceAiCore_Slice,N/A,N/A,1790932530819797.090	,295.486,0.000000,0
7,aclnnCat_ConcatD_ConcatD,N/A,N/A,1790932530820092.596	,236.404,0.014000,0
7,aclnnMul_MulAiCore_Mul,N/A,N/A,1790932530820329.020	,185.324,0.096000,0
7,aclnnAdd_AddAiCore_Add,N/A,N/A,1790932530820514.364	,424.449,0.000000,0
7,aclnnInplaceCopy_CastAiCore_Cast,N/A,N/A,1790932530820938.833	,202.564,0.051000,0
7,aclnnInplaceCopy_SliceAiCore_Slice,N/A,N/A,1790932530821141.437	,116.002,0.186000,0
7,aclnnInplaceCopy_CastAiCore_Cast,N/A,N/A,1790932530821257.459	,68.041,0.000000,0
7,aclnnMul_MulAiCore_Mul,N/A,N/A,1790932530821325.540	,151.823,0.000000,0
7,aclnnInplaceCopy_SliceAiCore_Slice,N/A,N/A,1790932530821477.383	,185.724,0.177000,0
7,aclnnInplaceCopy_CastAiCore_Cast,N/A,N/A,1790932530821663.127	,69.802,0.026000,0
7,aclnnNeg_SliceAiCore_Slice,N/A,N/A,1790932530821732.949	,92.681,0.000000,0
7,aclnnNeg_NegAiCore_Neg,N/A,N/A,1790932530821825.650	,56.841,0.069000,0
7,aclnnCat_SliceAiCore_Slice,N/A,N/A,1790932530821882.531	,303.707,0.000000,0
7,aclnnCat_ConcatD_ConcatD,N/A,N/A,1790932530822186.278	,226.384,0.043000,0
7,aclnnMul_MulAiCore_Mul,N/A,N/A,1790932530822412.702	,182.684,0.116000,0
7,aclnnAdd_AddAiCore_Add,N/A,N/A,1790932530822595.406	,425.488,0.066000,0
7,aclnnInplaceCopy_CastAiCore_Cast,N/A,N/A,1790932530823020.914	,202.144,0.012000,0
7,aclnnInplaceCopy_TransposeAiCore_Transpose,N/A,N/A,1790932530823223.078	,137.043,0.000000,0
7,aclnnInplaceCopy_TransposeAiCore_Transpose,N/A,N/A,1790932530823360.141	,148.163,0.207000,0
7,aclnnInplaceCopy_AsStridedAiCore_AsStrided,N/A,N/A,1790932530823508.324	,163.383,0.000000,0
7,InnerPromptFlashAttention_PromptFlashAttention_PromptFlashAttention,N/A,N/A,1790932530823672.687	,9973.940,1.117000,0
7,aclnnInplaceCopy_TransposeAiCore_Transpose,N/A,N/A,1790932530833647.427	,154.823,0.810000,0
7,aclnnAddmm_MatMulCommon_MatMulV2,N/A,N/A,1790932530833802.270	,268.565,0.000000,0
7,aclnnAdd_AddAiCore_Add,N/A,N/A,1790932530834070.855	,206.164,0.000000,0
7,aclnnInplaceCopy_CastAiCore_Cast,N/A,N/A,1790932530834277.039	,72.682,0.086000,0
7,aclnnMean_ReduceMeanAiCore_ReduceMean,N/A,N/A,1790932530834351.041	,102.342,1.318000,0
7,aclnnSub_SubAiCore_Sub,N/A,N/A,1790932530834454.523	,121.462,1.158000,0
7,aclnnPowTensorScalar_PowsAiCore_Pows,N/A,N/A,1790932530834576.005	,123.583,0.038000,0
7,aclnnMean_ReduceMeanAiCore_ReduceMean,N/A,N/A,1790932530834700.808	,101.382,1.167000,0
7,aclnnAdds_AddAiCore_Add,N/A,N/A,1790932530834803.050	,5.900,0.868000,0
7,aclnnRsqrt_RsqrtAiCore_Rsqrt,N/A,N/A,1790932530834808.990	,8.620,0.100000,0
7,aclnnMul_MulAiCore_Mul,N/A,N/A,1790932530834817.630	,110.342,0.130000,0
7,aclnnInplaceCopy_CastAiCore_Cast,N/A,N/A,1790932530834927.992	,60.541,0.000000,0
7,aclnnMul_MulAiCore_Mul,N/A,N/A,1790932530834988.553	,61.402,0.000000,0
7,aclnnAdd_AddAiCore_Add,N/A,N/A,1790932530835049.975	,35.280,0.098000,0
7,aclnnAddmm_MatMulV3Common_MatMulV3,N/A,N/A,1790932530835085.275	,1021.181,0.000000,0
7,aclnnGeluV2_GeluV2_GeluV2,N/A,N/A,1790932530836106.496	,591.552,0.069000,0
7,aclnnAddmm_MatMulV3Common_MatMulV3,N/A,N/A,1790932530836698.208	,1145.342,0.198000,0
7,aclnnAdd_AddAiCore_Add,N/A,N/A,1790932530837843.570	,164.924,0.000000,0
7,aclnnInplaceCopy_CastAiCore_Cast,N/A,N/A,1790932530838008.514	,122.362,0.076000,0
7,aclnnMean_ReduceMeanAiCore_ReduceMean,N/A,N/A,1790932530838131.936	,137.083,1.138000,0
7,aclnnSub_SubAiCore_Sub,N/A,N/A,1790932530838270.019	,206.824,0.917000,0
7,aclnnPowTensorScalar_PowsAiCore_Pows,N/A,N/A,1790932530838476.863	,245.625,0.000000,0
7,aclnnMean_ReduceMeanAiCore_ReduceMean,N/A,N/A,1790932530838723.828	,166.363,1.375000,0
7,aclnnAdds_AddAiCore_Add,N/A,N/A,1790932530838890.871	,6.260,0.637000,0
7,aclnnRsqrt_RsqrtAiCore_Rsqrt,N/A,N/A,1790932530838897.151	,7.181,0.240000,0
7,aclnnMul_MulAiCore_Mul,N/A,N/A,1790932530838904.352	,111.622,0.000000,0
7,aclnnInplaceCopy_CastAiCore_Cast,N/A,N/A,1790932530839015.994	,54.221,0.128000,0
7,aclnnMul_MulAiCore_Mul,N/A,N/A,1790932530839070.235	,61.561,0.029000,0
7,aclnnAdd_AddAiCore_Add,N/A,N/A,1790932530839131.816	,36.601,0.000000,0
7,aclnnAddmm_MatMulV3Common_MatMulV3,N/A,N/A,1790932530839168.437	,765.475,0.149000,0
7,aclnnInplaceCopy_SliceAiCore_Slice,N/A,N/A,1790932530839933.932	,126.483,0.025000,0
7,aclnnInplaceCopy_CastAiCore_Cast,N/A,N/A,1790932530840060.435	,78.561,0.017000,0
7,aclnnMul_MulAiCore_Mul,N/A,N/A,1790932530840139.016	,160.903,0.000000,0
7,aclnnInplaceCopy_SliceAiCore_Slice,N/A,N/A,1790932530840299.939	,189.124,0.097000,0
7,aclnnInplaceCopy_CastAiCore_Cast,N/A,N/A,1790932530840489.103	,64.802,0.000000,0
7,aclnnNeg_SliceAiCore_Slice,N/A,N/A,1790932530840553.925	,98.822,0.198000,0
7,aclnnNeg_NegAiCore_Neg,N/A,N/A,1790932530840652.787	,57.501,0.000000,0
7,aclnnCat_SliceAiCore_Slice,N/A,N/A,1790932530840710.308	,297.626,0.000000,0
7,aclnnCat_ConcatD_ConcatD,N/A,N/A,1790932530841007.954	,235.124,0.124000,0
7,aclnnMul_MulAiCore_Mul,N/A,N/A,1790932530841243.098	,183.784,0.000000,0
7,aclnnAdd_AddAiCore_Add,N/A,N/A,1790932530841426.902	,422.708,0.216000,0
7,aclnnInplaceCopy_CastAiCore_Cast,N/A,N/A,1790932530841849.650	,203.885,0.042000,0
7,aclnnInplaceCopy_SliceAiCore_Slice,N/A,N/A,1790932530842053.555	,120.442,0.000000,0
7,aclnnInplaceCopy_CastAiCore_Cast,N/A,N/A,1790932530842174.017	,60.661,0.058000,0
7,aclnnMul_MulAiCore_Mul,N/A,N/A,1790932530842234.698	,150.863,0.089000,0
7,aclnnInplaceCopy_SliceAiCore_Slice,N/A,N/A,1790932530842385.581	,186.564,0.000000,0
7,aclnnInplaceCopy_CastAiCore_Cast,N/A,N/A,1790932530842572.165	,63.821,0.186000,0
7,aclnnNeg_SliceAiCore_Slice,N/A,N/A,1790932530842636.006	,93.382,0.000000,0
7,aclnnNeg_NegAiCore_Neg,N/A,N/A,1790932530842729.428	,57.021,0.118000,0
7,aclnnCat_SliceAiCore_Slice,N/A,N/A,1790932530842786.489	,296.326,0.000000,0
7,aclnnCat_ConcatD_ConcatD,N/A,N/A,1790932530843082.855	,228.345,0.000000,0
7,aclnnMul_MulAiCore_Mul,N/A,N/A,1790932530843311.220	,186.003,0.155000,0
7,aclnnAdd_AddAiCore_Add,N/A,N/A,1790932530843497.243	,423.249,0.000000,0
7,aclnnInplaceCopy_CastAiCore_Cast,N/A,N/A,1790932530843920.512	,203.224,0.001000,0
7,aclnnInplaceCopy_TransposeAiCore_Transpose,N/A,N/A,1790932530844123.756	,138.863,0.026000,0
7,aclnnInplaceCopy_TransposeAiCore_Transpose,N/A,N/A,1790932530844262.639	,148.263,0.137000,0
7,aclnnInplaceCopy_AsStridedAiCore_AsStrided,N/A,N/A,1790932530844410.922	,160.603,0.000000,0
7,InnerPromptFlashAttention_PromptFlashAttention_PromptFlashAttention,N/A,N/A,1790932530844572.445	,10028.700,0.897000,0
7,aclnnInplaceCopy_TransposeAiCore_Transpose,N/A,N/A,1790932530854602.285	,139.363,1.050000,0
7,aclnnAddmm_MatMulCommon_MatMulV2,N/A,N/A,1790932530854741.668	,267.445,0.137000,0
7,aclnnAdd_AddAiCore_Add,N/A,N/A,1790932530855009.153	,181.624,0.055000,0
7,aclnnInplaceCopy_CastAiCore_Cast,N/A,N/A,1790932530855190.797	,70.561,0.000000,0
7,aclnnMean_ReduceMeanAiCore_ReduceMean,N/A,N/A,1790932530855262.438	,100.962,1.189000,0
7,aclnnSub_SubAiCore_Sub,N/A,N/A,1790932530855364.620	,117.583,1.038000,0
7,aclnnPowTensorScalar_PowsAiCore_Pows,N/A,N/A,1790932530855482.223	,119.302,0.167000,0
7,aclnnMean_ReduceMeanAiCore_ReduceMean,N/A,N/A,1790932530855602.825	,100.522,1.198000,0
7,aclnnAdds_AddAiCore_Add,N/A,N/A,1790932530855704.327	,5.860,0.978000,0
7,aclnnRsqrt_RsqrtAiCore_Rsqrt,N/A,N/A,1790932530855710.207	,6.901,0.140000,0
7,aclnnMul_MulAiCore_Mul,N/A,N/A,1790932530855717.148	,110.882,0.099000,0
7,aclnnInplaceCopy_CastAiCore_Cast,N/A,N/A,1790932530855828.070	,60.821,0.000000,0
7,aclnnMul_MulAiCore_Mul,N/A,N/A,1790932530855888.911	,61.861,0.179000,0
7,aclnnAdd_AddAiCore_Add,N/A,N/A,1790932530855950.792	,36.141,0.000000,0
7,aclnnAddmm_MatMulV3Common_MatMulV3,N/A,N/A,1790932530855986.973	,1029.420,0.109000,0
7,aclnnGeluV2_GeluV2_GeluV2,N/A,N/A,1790932530857016.413	,589.612,0.080000,0
7,aclnnAddmm_MatMulV3Common_MatMulV3,N/A,N/A,1790932530857606.185	,1141.823,0.138000,0
7,aclnnAdd_AddAiCore_Add,N/A,N/A,1790932530858748.028	,165.823,0.000000,0
7,aclnnInplaceCopy_CastAiCore_Cast,N/A,N/A,1790932530858913.891	,122.423,0.177000,0
7,aclnnMean_ReduceMeanAiCore_ReduceMean,N/A,N/A,1790932530859037.474	,131.442,1.077000,0
7,aclnnSub_SubAiCore_Sub,N/A,N/A,1790932530859169.636	,206.825,0.808000,0
7,aclnnPowTensorScalar_PowsAiCore_Pows,N/A,N/A,1790932530859376.501	,245.225,0.000000,0
7,aclnnMean_ReduceMeanAiCore_ReduceMean,N/A,N/A,1790932530859622.766	,168.263,1.025000,0
7,aclnnAdds_AddAiCore_Add,N/A,N/A,1790932530859791.809	,5.900,0.737000,0
7,aclnnRsqrt_RsqrtAiCore_Rsqrt,N/A,N/A,1790932530859797.729	,7.100,0.100000,0
7,aclnnMul_MulAiCore_Mul,N/A,N/A,1790932530859804.849	,112.782,0.000000,0
7,aclnnInplaceCopy_CastAiCore_Cast,N/A,N/A,1790932530859917.651	,54.082,0.218000,0
7,aclnnMul_MulAiCore_Mul,N/A,N/A,1790932530859971.753	,37.300,0.000000,0
7,aclnnAdd_AddAiCore_Add,N/A,N/A,1790932530860009.073	,36.441,0.000000,0
7,aclnnAddmm_MatMulV3Common_MatMulV3,N/A,N/A,1790932530860045.534	,767.235,0.059000,0
7,aclnnInplaceCopy_SliceAiCore_Slice,N/A,N/A,1790932530860812.809	,112.683,0.015000,0
7,aclnnInplaceCopy_CastAiCore_Cast,N/A,N/A,1790932530860925.512	,88.021,0.067000,0
7,aclnnMul_MulAiCore_Mul,N/A,N/A,1790932530861013.553	,160.804,0.000000,0
7,aclnnInplaceCopy_SliceAiCore_Slice,N/A,N/A,1790932530861174.397	,190.183,0.196000,0
7,aclnnInplaceCopy_CastAiCore_Cast,N/A,N/A,1790932530861364.620	,67.902,0.000000,0
7,aclnnNeg_SliceAiCore_Slice,N/A,N/A,1790932530861432.542	,94.282,0.098000,0
7,aclnnNeg_NegAiCore_Neg,N/A,N/A,1790932530861526.844	,58.721,0.000000,0
7,aclnnCat_SliceAiCore_Slice,N/A,N/A,1790932530861585.585	,295.546,0.029000,0
7,aclnnCat_ConcatD_ConcatD,N/A,N/A,1790932530861881.151	,236.984,0.204000,0
7,aclnnMul_MulAiCore_Mul,N/A,N/A,1790932530862118.155	,182.784,0.016000,0
7,aclnnAdd_AddAiCore_Add,N/A,N/A,1790932530862300.979	,424.189,0.000000,0
7,aclnnInplaceCopy_CastAiCore_Cast,N/A,N/A,1790932530862725.188	,203.564,0.061000,0
7,aclnnInplaceCopy_SliceAiCore_Slice,N/A,N/A,1790932530862928.772	,116.282,0.000000,0
7,aclnnInplaceCopy_CastAiCore_Cast,N/A,N/A,1790932530863045.074	,68.541,0.000000,0
7,aclnnMul_MulAiCore_Mul,N/A,N/A,1790932530863113.635	,154.723,0.209000,0
7,aclnnInplaceCopy_SliceAiCore_Slice,N/A,N/A,1790932530863268.378	,187.304,0.027000,0
7,aclnnInplaceCopy_CastAiCore_Cast,N/A,N/A,1790932530863455.702	,69.062,0.000000,0
7,aclnnNeg_SliceAiCore_Slice,N/A,N/A,1790932530863524.804	,91.381,0.000000,0
7,aclnnNeg_NegAiCore_Neg,N/A,N/A,1790932530863616.205	,58.602,0.119000,0
7,aclnnCat_SliceAiCore_Slice,N/A,N/A,1790932530863674.827	,304.086,0.000000,0
7,aclnnCat_ConcatD_ConcatD,N/A,N/A,1790932530863978.933	,226.884,0.164000,0
7,aclnnMul_MulAiCore_Mul,N/A,N/A,1790932530864205.837	,184.504,0.000000,0
7,aclnnAdd_AddAiCore_Add,N/A,N/A,1790932530864390.361	,429.948,0.000000,0
7,aclnnInplaceCopy_CastAiCore_Cast,N/A,N/A,1790932530864820.329	,202.244,0.052000,0
7,aclnnInplaceCopy_TransposeAiCore_Transpose,N/A,N/A,1790932530865022.593	,137.763,0.006000,0
7,aclnnInplaceCopy_TransposeAiCore_Transpose,N/A,N/A,1790932530865160.376	,149.983,0.237000,0
7,aclnnInplaceCopy_AsStridedAiCore_AsStrided,N/A,N/A,1790932530865310.379	,163.643,0.017000,0
7,InnerPromptFlashAttention_PromptFlashAttention_PromptFlashAttention,N/A,N/A,1790932530865474.942	,9963.100,0.857000,0
7,aclnnInplaceCopy_TransposeAiCore_Transpose,N/A,N/A,1790932530875438.822	,155.403,0.650000,0
7,aclnnAddmm_MatMulCommon_MatMulV2,N/A,N/A,1790932530875594.245	,267.805,0.097000,0
7,aclnnAdd_AddAiCore_Add,N/A,N/A,1790932530875862.070	,207.564,0.000000,0
7,aclnnInplaceCopy_CastAiCore_Cast,N/A,N/A,1790932530876069.674	,72.602,0.186000,0
7,aclnnMean_ReduceMeanAiCore_ReduceMean,N/A,N/A,1790932530876143.376	,100.982,1.148000,0
7,aclnnSub_SubAiCore_Sub,N/A,N/A,1790932530876244.998	,120.242,0.518000,0
7,aclnnPowTensorScalar_PowsAiCore_Pows,N/A,N/A,1790932530876365.260	,121.702,0.008000,0
7,aclnnMean_ReduceMeanAiCore_ReduceMean,N/A,N/A,1790932530876488.243	,102.462,1.298000,0
7,aclnnAdds_AddAiCore_Add,N/A,N/A,1790932530876591.605	,6.180,0.788000,0
7,aclnnRsqrt_RsqrtAiCore_Rsqrt,N/A,N/A,1790932530876597.805	,7.160,0.070000,0
7,aclnnMul_MulAiCore_Mul,N/A,N/A,1790932530876604.985	,109.942,0.090000,0
7,aclnnInplaceCopy_CastAiCore_Cast,N/A,N/A,1790932530876714.967	,60.141,0.058000,0
7,aclnnMul_MulAiCore_Mul,N/A,N/A,1790932530876775.128	,62.001,0.109000,0
7,aclnnAdd_AddAiCore_Add,N/A,N/A,1790932530876837.149	,37.061,0.000000,0
7,aclnnAddmm_MatMulV3Common_MatMulV3,N/A,N/A,1790932530876874.250	,1023.781,0.000000,0
7,aclnnGeluV2_GeluV2_GeluV2,N/A,N/A,1790932530877898.071	,588.371,0.000000,0
7,aclnnAddmm_MatMulV3Common_MatMulV3,N/A,N/A,1790932530878486.602	,1145.403,0.129000,0
7,aclnnAdd_AddAiCore_Add,N/A,N/A,1790932530879632.045	,167.324,0.097000,0
7,aclnnInplaceCopy_CastAiCore_Cast,N/A,N/A,1790932530879799.389	,123.742,0.176000,0
7,aclnnMean_ReduceMeanAiCore_ReduceMean,N/A,N/A,1790932530879924.151	,135.583,1.008000,0
7,aclnnSub_SubAiCore_Sub,N/A,N/A,1790932530880060.494	,210.284,0.667000,0
7,aclnnPowTensorScalar_PowsAiCore_Pows,N/A,N/A,1790932530880270.798	,246.745,0.000000,0
7,aclnnMean_ReduceMeanAiCore_ReduceMean,N/A,N/A,1790932530880518.463	,169.023,1.005000,0
7,aclnnAdds_AddAiCore_Add,N/A,N/A,1790932530880688.666	,8.601,1.227000,0
7,aclnnRsqrt_RsqrtAiCore_Rsqrt,N/A,N/A,1790932530880697.287	,7.040,0.000000,0
7,aclnnMul_MulAiCore_Mul,N/A,N/A,1790932530880704.347	,109.882,0.000000,0
7,aclnnInplaceCopy_CastAiCore_Cast,N/A,N/A,1790932530880814.249	,53.041,0.118000,0
7,aclnnMul_MulAiCore_Mul,N/A,N/A,1790932530880867.310	,61.481,0.000000,0
7,aclnnAdd_AddAiCore_Add,N/A,N/A,1790932530880928.811	,36.541,0.019000,0
7,aclnnAddmm_MatMulV3Common_MatMulV3,N/A,N/A,1790932530880965.372	,764.475,0.000000,0
7,aclnnInplaceCopy_SliceAiCore_Slice,N/A,N/A,1790932530881729.887	,126.403,0.275000,0
7,aclnnInplaceCopy_CastAiCore_Cast,N/A,N/A,1790932530881856.310	,79.701,0.000000,0
7,aclnnMul_MulAiCore_Mul,N/A,N/A,1790932530881936.031	,157.524,0.049000,0
7,aclnnInplaceCopy_SliceAiCore_Slice,N/A,N/A,1790932530882093.575	,188.783,0.000000,0
7,aclnnInplaceCopy_CastAiCore_Cast,N/A,N/A,1790932530882282.378	,68.662,0.217000,0
7,aclnnNeg_SliceAiCore_Slice,N/A,N/A,1790932530882351.060	,94.922,0.000000,0
7,aclnnNeg_NegAiCore_Neg,N/A,N/A,1790932530882446.002	,57.521,0.078000,0
7,aclnnCat_SliceAiCore_Slice,N/A,N/A,1790932530882503.563	,299.026,0.000000,0
7,aclnnCat_ConcatD_ConcatD,N/A,N/A,1790932530882802.609	,236.224,0.000000,0
7,aclnnMul_MulAiCore_Mul,N/A,N/A,1790932530883038.873	,185.244,0.026000,0
7,aclnnAdd_AddAiCore_Add,N/A,N/A,1790932530883224.137	,423.449,0.256000,0
7,aclnnInplaceCopy_CastAiCore_Cast,N/A,N/A,1790932530883647.606	,202.564,0.000000,0
7,aclnnInplaceCopy_SliceAiCore_Slice,N/A,N/A,1790932530883850.190	,121.842,0.186000,0
7,aclnnInplaceCopy_CastAiCore_Cast,N/A,N/A,1790932530883972.052	,63.921,0.000000,0
7,aclnnMul_MulAiCore_Mul,N/A,N/A,1790932530884035.993	,149.743,0.079000,0
7,aclnnInplaceCopy_SliceAiCore_Slice,N/A,N/A,1790932530884185.756	,186.584,0.007000,0
7,aclnnInplaceCopy_CastAiCore_Cast,N/A,N/A,1790932530884372.360	,64.561,0.000000,0
7,aclnnNeg_SliceAiCore_Slice,N/A,N/A,1790932530884436.941	,91.422,0.189000,0
7,aclnnNeg_NegAiCore_Neg,N/A,N/A,1790932530884528.383	,57.301,0.078000,0
7,aclnnCat_SliceAiCore_Slice,N/A,N/A,1790932530884585.724	,294.886,0.000000,0
7,aclnnCat_ConcatD_ConcatD,N/A,N/A,1790932530884880.630	,227.705,0.114000,0
7,aclnnMul_MulAiCore_Mul,N/A,N/A,1790932530885108.355	,183.663,0.000000,0
7,aclnnAdd_AddAiCore_Add,N/A,N/A,1790932530885292.038	,423.169,0.087000,0
7,aclnnInplaceCopy_CastAiCore_Cast,N/A,N/A,1790932530885715.227	,203.484,0.081000,0
7,aclnnInplaceCopy_TransposeAiCore_Transpose,N/A,N/A,1790932530885918.751	,138.743,0.016000,0
7,aclnnInplaceCopy_TransposeAiCore_Transpose,N/A,N/A,1790932530886057.514	,151.243,0.007000,0
7,aclnnInplaceCopy_AsStridedAiCore_AsStrided,N/A,N/A,1790932530886208.797	,159.563,0.007000,0
7,InnerPromptFlashAttention_PromptFlashAttention_PromptFlashAttention,N/A,N/A,1790932530886369.320	,9986.559,0.937000,0
7,aclnnInplaceCopy_TransposeAiCore_Transpose,N/A,N/A,1790932530896357.059	,139.983,1.191000,0
7,aclnnAddmm_MatMulCommon_MatMulV2,N/A,N/A,1790932530896497.062	,268.106,0.017000,0
7,aclnnAdd_AddAiCore_Add,N/A,N/A,1790932530896765.208	,180.223,0.144000,0
7,aclnnInplaceCopy_CastAiCore_Cast,N/A,N/A,1790932530896945.451	,71.682,0.027000,0
7,aclnnMean_ReduceMeanAiCore_ReduceMean,N/A,N/A,1790932530897018.433	,101.922,1.318000,0
7,aclnnSub_SubAiCore_Sub,N/A,N/A,1790932530897121.195	,117.182,0.828000,0
7,aclnnPowTensorScalar_PowsAiCore_Pows,N/A,N/A,1790932530897238.417	,123.443,0.068000,0
7,aclnnMean_ReduceMeanAiCore_ReduceMean,N/A,N/A,1790932530897363.020	,103.102,1.057000,0
7,aclnnAdds_AddAiCore_Add,N/A,N/A,1790932530897466.962	,5.740,0.898000,0
7,aclnnRsqrt_RsqrtAiCore_Rsqrt,N/A,N/A,1790932530897472.742	,7.420,0.010000,0
7,aclnnMul_MulAiCore_Mul,N/A,N/A,1790932530897480.182	,109.662,0.080000,0
7,aclnnInplaceCopy_CastAiCore_Cast,N/A,N/A,1790932530897589.864	,59.921,0.000000,0
7,aclnnMul_MulAiCore_Mul,N/A,N/A,1790932530897649.825	,61.162,0.079000,0
7,aclnnAdd_AddAiCore_Add,N/A,N/A,1790932530897711.027	,35.560,0.088000,0
7,aclnnAddmm_MatMulV3Common_MatMulV3,N/A,N/A,1790932530897746.607	,1030.741,0.000000,0
7,aclnnGeluV2_GeluV2_GeluV2,N/A,N/A,1790932530898777.368	,588.272,0.009000,0
7,aclnnAddmm_MatMulV3Common_MatMulV3,N/A,N/A,1790932530899365.800	,1153.463,0.228000,0
7,aclnnAdd_AddAiCore_Add,N/A,N/A,1790932530900519.283	,165.223,0.037000,0
7,aclnnInplaceCopy_CastAiCore_Cast,N/A,N/A,1790932530900684.526	,123.542,0.027000,0
7,aclnnMean_ReduceMeanAiCore_ReduceMean,N/A,N/A,1790932530900809.488	,134.143,1.458000,0
7,aclnnSub_SubAiCore_Sub,N/A,N/A,1790932530900944.451	,203.824,0.857000,0
7,aclnnPowTensorScalar_PowsAiCore_Pows,N/A,N/A,1790932530901148.295	,245.585,0.000000,0
7,aclnnMean_ReduceMeanAiCore_ReduceMean,N/A,N/A,1790932530901395.240	,165.443,1.415000,0
7,aclnnAdds_AddAiCore_Add,N/A,N/A,1790932530901561.823	,5.901,1.057000,0
7,aclnnRsqrt_RsqrtAiCore_Rsqrt,N/A,N/A,1790932530901567.744	,7.140,0.099000,0
7,aclnnMul_MulAiCore_Mul,N/A,N/A,1790932530901574.904	,112.302,0.110000,0
7,aclnnInplaceCopy_CastAiCore_Cast,N/A,N/A,1790932530901687.226	,53.041,0.000000,0
7,aclnnMul_MulAiCore_Mul,N/A,N/A,1790932530901740.287	,38.661,0.000000,0
7,aclnnAdd_AddAiCore_Add,N/A,N/A,1790932530901778.968	,41.741,0.089000,0
7,aclnnAddmm_MatMulV3Common_MatMulV3,N/A,N/A,1790932530901820.729	,766.015,0.009000,0
7,aclnnInplaceCopy_SliceAiCore_Slice,N/A,N/A,1790932530902586.764	,113.462,0.000000,0
7,aclnnInplaceCopy_CastAiCore_Cast,N/A,N/A,1790932530902700.246	,88.222,0.038000,0
7,aclnnMul_MulAiCore_Mul,N/A,N/A,1790932530902788.488	,160.263,0.028000,0
7,aclnnInplaceCopy_SliceAiCore_Slice,N/A,N/A,1790932530902948.771	,190.504,0.000000,0
7,aclnnInplaceCopy_CastAiCore_Cast,N/A,N/A,1790932530903139.295	,71.561,0.000000,0
7,aclnnNeg_SliceAiCore_Slice,N/A,N/A,1790932530903210.876	,94.742,0.189000,0
7,aclnnNeg_NegAiCore_Neg,N/A,N/A,1790932530903305.638	,58.742,0.008000,0
7,aclnnCat_SliceAiCore_Slice,N/A,N/A,1790932530903364.400	,295.365,0.008000,0
7,aclnnCat_ConcatD_ConcatD,N/A,N/A,1790932530903659.785	,236.825,0.000000,0
7,aclnnMul_MulAiCore_Mul,N/A,N/A,1790932530903896.630	,183.504,0.175000,0
7,aclnnAdd_AddAiCore_Add,N/A,N/A,1790932530904080.154	,424.848,0.000000,0
7,aclnnInplaceCopy_CastAiCore_Cast,N/A,N/A,1790932530904505.022	,202.624,0.000000,0
7,aclnnInplaceCopy_SliceAiCore_Slice,N/A,N/A,1790932530904707.666	,116.523,0.126000,0
7,aclnnInplaceCopy_CastAiCore_Cast,N/A,N/A,1790932530904824.209	,67.401,0.000000,0
7,aclnnMul_MulAiCore_Mul,N/A,N/A,1790932530904891.630	,151.823,0.099000,0
7,aclnnInplaceCopy_SliceAiCore_Slice,N/A,N/A,1790932530905043.473	,187.684,0.000000,0
7,aclnnInplaceCopy_CastAiCore_Cast,N/A,N/A,1790932530905231.177	,69.161,0.066000,0
7,aclnnNeg_SliceAiCore_Slice,N/A,N/A,1790932530905300.358	,91.082,0.000000,0
7,aclnnNeg_NegAiCore_Neg,N/A,N/A,1790932530905391.480	,56.781,0.168000,0
7,aclnnCat_SliceAiCore_Slice,N/A,N/A,1790932530905448.281	,303.986,0.000000,0
7,aclnnCat_ConcatD_ConcatD,N/A,N/A,1790932530905752.287	,225.485,0.014000,0
7,aclnnMul_MulAiCore_Mul,N/A,N/A,1790932530905977.812	,184.683,0.015000,0
7,aclnnAdd_AddAiCore_Add,N/A,N/A,1790932530906162.535	,425.529,0.067000,0
7,aclnnInplaceCopy_CastAiCore_Cast,N/A,N/A,1790932530906588.084	,201.184,0.000000,0
7,aclnnInplaceCopy_TransposeAiCore_Transpose,N/A,N/A,1790932530906789.288	,135.003,0.066000,0
7,aclnnInplaceCopy_TransposeAiCore_Transpose,N/A,N/A,1790932530906924.311	,151.163,0.000000,0
7,aclnnInplaceCopy_AsStridedAiCore_AsStrided,N/A,N/A,1790932530907075.494	,162.763,0.087000,0
7,InnerPromptFlashAttention_PromptFlashAttention_PromptFlashAttention,N/A,N/A,1790932530907239.737	,10004.520,1.487000,0
7,aclnnInplaceCopy_TransposeAiCore_Transpose,N/A,N/A,1790932530917245.397	,157.903,1.230000,0
7,aclnnAddmm_MatMulCommon_MatMulV2,N/A,N/A,1790932530917403.340	,267.445,0.000000,0
7,aclnnAdd_AddAiCore_Add,N/A,N/A,1790932530917670.825	,206.744,0.055000,0
7,aclnnInplaceCopy_CastAiCore_Cast,N/A,N/A,1790932530917877.589	,73.822,0.006000,0
7,aclnnMean_ReduceMeanAiCore_ReduceMean,N/A,N/A,1790932530917952.511	,102.562,1.178000,0
7,aclnnSub_SubAiCore_Sub,N/A,N/A,1790932530918055.853	,122.642,0.688000,0
7,aclnnPowTensorScalar_PowsAiCore_Pows,N/A,N/A,1790932530918178.515	,124.283,0.108000,0
7,aclnnMean_ReduceMeanAiCore_ReduceMean,N/A,N/A,1790932530918304.178	,101.422,1.467000,0
7,aclnnAdds_AddAiCore_Add,N/A,N/A,1790932530918406.320	,5.780,0.578000,0
7,aclnnRsqrt_RsqrtAiCore_Rsqrt,N/A,N/A,1790932530918412.120	,7.200,0.000000,0
7,aclnnMul_MulAiCore_Mul,N/A,N/A,1790932530918419.340	,110.843,0.050000,0
7,aclnnInplaceCopy_CastAiCore_Cast,N/A,N/A,1790932530918530.203	,59.601,0.157000,0
7,aclnnMul_MulAiCore_Mul,N/A,N/A,1790932530918589.844	,61.381,0.000000,0
7,aclnnAdd_AddAiCore_Add,N/A,N/A,1790932530918651.245	,35.741,0.119000,0
7,aclnnAddmm_MatMulV3Common_MatMulV3,N/A,N/A,1790932530918687.006	,1023.320,0.009000,0
7,aclnnGeluV2_GeluV2_GeluV2,N/A,N/A,1790932530919710.366	,589.272,0.000000,0
7,aclnnAddmm_MatMulV3Common_MatMulV3,N/A,N/A,1790932530920299.798	,1143.483,0.228000,0
7,aclnnAdd_AddAiCore_Add,N/A,N/A,1790932530921443.301	,163.643,0.017000,0
7,aclnnInplaceCopy_CastAiCore_Cast,N/A,N/A,1790932530921606.964	,125.302,0.107000,0
7,aclnnMean_ReduceMeanAiCore_ReduceMean,N/A,N/A,1790932530921733.407	,135.042,1.198000,0
7,aclnnSub_SubAiCore_Sub,N/A,N/A,1790932530921869.569	,207.164,0.958000,0
7,aclnnPowTensorScalar_PowsAiCore_Pows,N/A,N/A,1790932530922076.753	,249.025,0.086000,0
7,aclnnMean_ReduceMeanAiCore_ReduceMean,N/A,N/A,1790932530922326.938	,168.524,1.225000,0
7,aclnnAdds_AddAiCore_Add,N/A,N/A,1790932530922496.662	,5.880,1.226000,0
7,aclnnRsqrt_RsqrtAiCore_Rsqrt,N/A,N/A,1790932530922502.582	,7.140,0.000000,0
7,aclnnMul_MulAiCore_Mul,N/A,N/A,1790932530922509.762	,110.662,0.110000,0
7,aclnnInplaceCopy_CastAiCore_Cast,N/A,N/A,1790932530922620.444	,53.901,0.088000,0
7,aclnnMul_MulAiCore_Mul,N/A,N/A,1790932530922674.365	,61.642,0.000000,0
7,aclnnAdd_AddAiCore_Add,N/A,N/A,1790932530922736.027	,37.080,0.108000,0
7,aclnnAddmm_MatMulV3Common_MatMulV3,N/A,N/A,1790932530922773.127	,762.056,0.170000,0
7,aclnnInplaceCopy_SliceAiCore_Slice,N/A,N/A,1790932530923535.203	,127.342,0.000000,0
7,aclnnInplaceCopy_CastAiCore_Cast,N/A,N/A,1790932530923662.565	,79.062,0.000000,0
7,aclnnMul_MulAiCore_Mul,N/A,N/A,1790932530923741.647	,159.903,0.188000,0
7,aclnnInplaceCopy_SliceAiCore_Slice,N/A,N/A,1790932530923901.590	,187.884,0.000000,0
7,aclnnInplaceCopy_CastAiCore_Cast,N/A,N/A,1790932530924089.494	,66.201,0.116000,0
7,aclnnNeg_SliceAiCore_Slice,N/A,N/A,1790932530924155.715	,94.982,0.049000,0
7,aclnnNeg_NegAiCore_Neg,N/A,N/A,1790932530924250.717	,58.081,0.018000,0
7,aclnnCat_SliceAiCore_Slice,N/A,N/A,1790932530924308.818	,297.746,0.000000,0
7,aclnnCat_ConcatD_ConcatD,N/A,N/A,1790932530924606.584	,235.825,0.004000,0
7,aclnnMul_MulAiCore_Mul,N/A,N/A,1790932530924842.429	,185.703,0.175000,0
7,aclnnAdd_AddAiCore_Add,N/A,N/A,1790932530925028.152	,422.909,0.047000,0
7,aclnnInplaceCopy_CastAiCore_Cast,N/A,N/A,1790932530925451.081	,203.864,0.000000,0
7,aclnnInplaceCopy_SliceAiCore_Slice,N/A,N/A,1790932530925654.965	,119.562,0.136000,0
7,aclnnInplaceCopy_CastAiCore_Cast,N/A,N/A,1790932530925774.567	,61.301,0.000000,0
7,aclnnMul_MulAiCore_Mul,N/A,N/A,1790932530925835.908	,149.883,0.199000,0
7,aclnnInplaceCopy_SliceAiCore_Slice,N/A,N/A,1790932530925985.831	,185.084,0.000000,0
7,aclnnInplaceCopy_CastAiCore_Cast,N/A,N/A,1790932530926170.935	,65.641,0.166000,0
7,aclnnNeg_SliceAiCore_Slice,N/A,N/A,1790932530926236.596	,92.602,0.000000,0
7,aclnnNeg_NegAiCore_Neg,N/A,N/A,1790932530926329.238	,56.481,0.148000,0
7,aclnnCat_SliceAiCore_Slice,N/A,N/A,1790932530926385.759	,295.466,0.019000,0
7,aclnnCat_ConcatD_ConcatD,N/A,N/A,1790932530926681.265	,228.365,0.034000,0
7,aclnnMul_MulAiCore_Mul,N/A,N/A,1790932530926909.650	,183.924,0.135000,0
7,aclnnAdd_AddAiCore_Add,N/A,N/A,1790932530927093.594	,422.928,0.000000,0
7,aclnnInplaceCopy_CastAiCore_Cast,N/A,N/A,1790932530927516.542	,202.864,0.072000,0
7,aclnnInplaceCopy_TransposeAiCore_Transpose,N/A,N/A,1790932530927719.446	,140.043,0.136000,0
7,aclnnInplaceCopy_TransposeAiCore_Transpose,N/A,N/A,1790932530927859.509	,149.983,0.000000,0
7,aclnnInplaceCopy_AsStridedAiCore_AsStrided,N/A,N/A,1790932530928009.512	,160.903,0.017000,0
7,InnerPromptFlashAttention_PromptFlashAttention_PromptFlashAttention,N/A,N/A,1790932530928171.435	,9907.258,1.097000,0
7,aclnnInplaceCopy_TransposeAiCore_Transpose,N/A,N/A,1790932530938079.593	,154.203,0.742000,0
7,aclnnAddmm_MatMulCommon_MatMulV2,N/A,N/A,1790932530938233.816	,268.746,0.047000,0
7,aclnnAdd_AddAiCore_Add,N/A,N/A,1790932530938502.582	,181.263,0.004000,0
7,aclnnInplaceCopy_CastAiCore_Cast,N/A,N/A,1790932530938683.865	,66.842,0.000000,0
7,aclnnMean_ReduceMeanAiCore_ReduceMean,N/A,N/A,1790932530938752.187	,100.082,1.658000,0
7,aclnnSub_SubAiCore_Sub,N/A,N/A,1790932530938853.049	,119.262,0.668000,0
7,aclnnPowTensorScalar_PowsAiCore_Pows,N/A,N/A,1790932530938972.331	,115.522,0.000000,0
7,aclnnMean_ReduceMeanAiCore_ReduceMean,N/A,N/A,1790932530939088.893	,100.602,1.228000,0
7,aclnnAdds_AddAiCore_Add,N/A,N/A,1790932530939190.335	,5.960,0.648000,0
7,aclnnRsqrt_RsqrtAiCore_Rsqrt,N/A,N/A,1790932530939196.315	,8.501,0.040000,0
7,aclnnMul_MulAiCore_Mul,N/A,N/A,1790932530939204.836	,109.822,0.000000,0
7,aclnnInplaceCopy_CastAiCore_Cast,N/A,N/A,1790932530939314.678	,60.961,0.178000,0
7,aclnnMul_MulAiCore_Mul,N/A,N/A,1790932530939375.679	,37.841,0.039000,0
7,aclnnAdd_AddAiCore_Add,N/A,N/A,1790932530939413.540	,35.840,0.000000,0
7,aclnnAddmm_MatMulV3Common_MatMulV3,N/A,N/A,1790932530939449.400	,1028.081,0.160000,0
7,aclnnGeluV2_GeluV2_GeluV2,N/A,N/A,1790932530940477.521	,591.872,0.000000,0
7,aclnnAddmm_MatMulV3Common_MatMulV3,N/A,N/A,1790932530941069.553	,1139.683,0.128000,0
7,aclnnAdd_AddAiCore_Add,N/A,N/A,1790932530942209.276	,162.983,0.067000,0
7,aclnnInplaceCopy_CastAiCore_Cast,N/A,N/A,1790932530942372.279	,119.902,0.017000,0
7,aclnnMean_ReduceMeanAiCore_ReduceMean,N/A,N/A,1790932530942493.541	,130.223,1.348000,0
7,aclnnSub_SubAiCore_Sub,N/A,N/A,1790932530942624.824	,214.724,1.027000,0
7,aclnnPowTensorScalar_PowsAiCore_Pows,N/A,N/A,1790932530942839.568	,247.725,0.026000,0
7,aclnnMean_ReduceMeanAiCore_ReduceMean,N/A,N/A,1790932530943088.693	,168.304,1.525000,0
7,aclnnAdds_AddAiCore_Add,N/A,N/A,1790932530943257.757	,5.840,0.696000,0
7,aclnnRsqrt_RsqrtAiCore_Rsqrt,N/A,N/A,1790932530943263.617	,7.220,0.000000,0
7,aclnnMul_MulAiCore_Mul,N/A,N/A,1790932530943270.857	,112.742,0.030000,0
7,aclnnInplaceCopy_CastAiCore_Cast,N/A,N/A,1790932530943383.619	,53.281,0.008000,0
7,aclnnMul_MulAiCore_Mul,N/A,N/A,1790932530943436.920	,63.181,0.219000,0
7,aclnnAdd_AddAiCore_Add,N/A,N/A,1790932530943500.121	,36.601,0.000000,0
7,aclnnAddmm_MatMulV3Common_MatMulV3,N/A,N/A,1790932530943536.742	,765.735,0.149000,0
7,aclnnInplaceCopy_SliceAiCore_Slice,N/A,N/A,1790932530944302.517	,111.383,0.015000,0
7,aclnnInplaceCopy_CastAiCore_Cast,N/A,N/A,1790932530944413.920	,88.921,0.117000,0
7,aclnnMul_MulAiCore_Mul,N/A,N/A,1790932530944502.861	,163.564,0.000000,0
7,aclnnInplaceCopy_SliceAiCore_Slice,N/A,N/A,1790932530944666.445	,190.904,0.186000,0
7,aclnnInplaceCopy_CastAiCore_Cast,N/A,N/A,1790932530944857.369	,70.901,0.000000,0
7,aclnnNeg_SliceAiCore_Slice,N/A,N/A,1790932530944928.290	,93.462,0.099000,0
7,aclnnNeg_NegAiCore_Neg,N/A,N/A,1790932530945021.772	,57.001,0.038000,0
7,aclnnCat_SliceAiCore_Slice,N/A,N/A,1790932530945078.793	,298.466,0.000000,0
7,aclnnCat_ConcatD_ConcatD,N/A,N/A,1790932530945377.279	,240.605,0.034000,0
7,aclnnMul_MulAiCore_Mul,N/A,N/A,1790932530945617.904	,184.363,0.145000,0
7,aclnnAdd_AddAiCore_Add,N/A,N/A,1790932530945802.287	,422.789,0.000000,0
7,aclnnInplaceCopy_CastAiCore_Cast,N/A,N/A,1790932530946225.096	,202.424,0.000000,0
7,aclnnInplaceCopy_SliceAiCore_Slice,N/A,N/A,1790932530946427.540	,116.482,0.076000,0
7,aclnnInplaceCopy_CastAiCore_Cast,N/A,N/A,1790932530946544.042	,70.862,0.018000,0
7,aclnnMul_MulAiCore_Mul,N/A,N/A,1790932530946614.924	,151.723,0.138000,0
7,aclnnInplaceCopy_SliceAiCore_Slice,N/A,N/A,1790932530946766.687	,184.163,0.027000,0
7,aclnnInplaceCopy_CastAiCore_Cast,N/A,N/A,1790932530946950.870	,71.362,0.000000,0
7,aclnnNeg_SliceAiCore_Slice,N/A,N/A,1790932530947022.252	,93.502,0.138000,0
7,aclnnNeg_NegAiCore_Neg,N/A,N/A,1790932530947115.774	,58.561,0.000000,0
7,aclnnCat_SliceAiCore_Slice,N/A,N/A,1790932530947174.375	,297.886,0.189000,0
7,aclnnCat_ConcatD_ConcatD,N/A,N/A,1790932530947472.281	,229.264,0.000000,0
7,aclnnMul_MulAiCore_Mul,N/A,N/A,1790932530947701.585	,184.924,0.000000,0
7,aclnnAdd_AddAiCore_Add,N/A,N/A,1790932530947886.529	,423.389,0.076000,0
7,aclnnInplaceCopy_CastAiCore_Cast,N/A,N/A,1790932530948309.938	,203.244,0.111000,0
7,aclnnInplaceCopy_TransposeAiCore_Transpose,N/A,N/A,1790932530948513.202	,141.462,0.006000,0
7,aclnnInplaceCopy_TransposeAiCore_Transpose,N/A,N/A,1790932530948654.684	,148.903,0.038000,0
7,aclnnInplaceCopy_AsStridedAiCore_AsStrided,N/A,N/A,1790932530948803.607	,163.764,0.000000,0
7,InnerPromptFlashAttention_PromptFlashAttention_PromptFlashAttention,N/A,N/A,1790932530948968.551	,9938.698,1.236000,0
7,aclnnInplaceCopy_TransposeAiCore_Transpose,N/A,N/A,1790932530958908.189	,153.143,1.052000,0
7,aclnnAddmm_MatMulCommon_MatMulV2,N/A,N/A,1790932530959061.352	,267.906,0.000000,0
7,aclnnAdd_AddAiCore_Add,N/A,N/A,1790932530959329.298	,179.343,0.094000,0
7,aclnnInplaceCopy_CastAiCore_Cast,N/A,N/A,1790932530959508.661	,66.802,0.157000,0
7,aclnnMean_ReduceMeanAiCore_ReduceMean,N/A,N/A,1790932530959576.383	,100.702,0.948000,0
7,aclnnSub_SubAiCore_Sub,N/A,N/A,1790932530959677.985	,119.722,0.798000,0
7,aclnnPowTensorScalar_PowsAiCore_Pows,N/A,N/A,1790932530959797.747	,117.622,0.028000,0
7,aclnnMean_ReduceMeanAiCore_ReduceMean,N/A,N/A,1790932530959916.729	,101.402,1.378000,0
7,aclnnAdds_AddAiCore_Add,N/A,N/A,1790932530960018.831	,6.181,0.598000,0
7,aclnnRsqrt_RsqrtAiCore_Rsqrt,N/A,N/A,1790932530960025.052	,7.320,0.069000,0
7,aclnnMul_MulAiCore_Mul,N/A,N/A,1790932530960032.392	,108.882,0.180000,0
7,aclnnInplaceCopy_CastAiCore_Cast,N/A,N/A,1790932530960141.294	,63.621,0.000000,0
7,aclnnMul_MulAiCore_Mul,N/A,N/A,1790932530960204.935	,37.661,0.129000,0
7,aclnnAdd_AddAiCore_Add,N/A,N/A,1790932530960242.616	,37.241,0.000000,0
7,aclnnAddmm_MatMulV3Common_MatMulV3,N/A,N/A,1790932530960279.877	,1023.660,0.259000,0
7,aclnnGeluV2_GeluV2_GeluV2,N/A,N/A,1790932530961303.557	,590.612,0.000000,0
7,aclnnAddmm_MatMulV3Common_MatMulV3,N/A,N/A,1790932530961894.309	,1147.223,0.138000,0
7,aclnnAdd_AddAiCore_Add,N/A,N/A,1790932530963041.552	,164.663,0.027000,0
7,aclnnInplaceCopy_CastAiCore_Cast,N/A,N/A,1790932530963206.235	,122.623,0.087000,0
7,aclnnMean_ReduceMeanAiCore_ReduceMean,N/A,N/A,1790932530963329.858	,129.102,0.877000,0
7,aclnnSub_SubAiCore_Sub,N/A,N/A,1790932530963459.940	,210.064,1.148000,0
7,aclnnPowTensorScalar_PowsAiCore_Pows,N/A,N/A,1790932530963670.024	,240.765,0.000000,0
7,aclnnMean_ReduceMeanAiCore_ReduceMean,N/A,N/A,1790932530963911.809	,164.104,0.985000,0
7,aclnnAdds_AddAiCore_Add,N/A,N/A,1790932530964076.813	,5.920,0.896000,0
7,aclnnRsqrt_RsqrtAiCore_Rsqrt,N/A,N/A,1790932530964082.773	,7.040,0.080000,0
7,aclnnMul_MulAiCore_Mul,N/A,N/A,1790932530964089.853	,110.082,0.000000,0
7,aclnnInplaceCopy_CastAiCore_Cast,N/A,N/A,1790932530964199.975	,54.841,0.168000,0
7,aclnnMul_MulAiCore_Mul,N/A,N/A,1790932530964254.856	,61.581,0.000000,0
7,aclnnAdd_AddAiCore_Add,N/A,N/A,1790932530964316.457	,36.081,0.169000,0
7,aclnnAddmm_MatMulV3Common_MatMulV3,N/A,N/A,1790932530964352.558	,765.955,0.000000,0
7,aclnnInplaceCopy_SliceAiCore_Slice,N/A,N/A,1790932530965118.553	,114.203,0.045000,0
7,aclnnInplaceCopy_CastAiCore_Cast,N/A,N/A,1790932530965232.776	,88.281,0.047000,0
7,aclnnMul_MulAiCore_Mul,N/A,N/A,1790932530965321.077	,159.684,0.000000,0
7,aclnnInplaceCopy_SliceAiCore_Slice,N/A,N/A,1790932530965480.801	,187.963,0.066000,0
7,aclnnInplaceCopy_CastAiCore_Cast,N/A,N/A,1790932530965668.784	,69.002,0.037000,0
7,aclnnNeg_SliceAiCore_Slice,N/A,N/A,1790932530965737.806	,94.022,0.000000,0
7,aclnnNeg_NegAiCore_Neg,N/A,N/A,1790932530965831.848	,57.681,0.000000,0
7,aclnnCat_SliceAiCore_Slice,N/A,N/A,1790932530965889.549	,293.586,0.069000,0
7,aclnnCat_ConcatD_ConcatD,N/A,N/A,1790932530966183.155	,236.164,0.164000,0
7,aclnnMul_MulAiCore_Mul,N/A,N/A,1790932530966419.339	,183.004,0.000000,0
7,aclnnAdd_AddAiCore_Add,N/A,N/A,1790932530966602.363	,424.428,0.000000,0
7,aclnnInplaceCopy_CastAiCore_Cast,N/A,N/A,1790932530967026.831	,205.645,0.072000,0
7,aclnnInplaceCopy_SliceAiCore_Slice,N/A,N/A,1790932530967232.516	,115.382,0.105000,0
7,aclnnInplaceCopy_CastAiCore_Cast,N/A,N/A,1790932530967347.938	,61.041,0.118000,0
7,aclnnMul_MulAiCore_Mul,N/A,N/A,1790932530967408.999	,148.703,0.000000,0
7,aclnnInplaceCopy_SliceAiCore_Slice,N/A,N/A,1790932530967557.722	,185.464,0.047000,0
7,aclnnInplaceCopy_CastAiCore_Cast,N/A,N/A,1790932530967743.206	,64.001,0.036000,0
7,aclnnNeg_SliceAiCore_Slice,N/A,N/A,1790932530967807.247	,89.582,0.000000,0
7,aclnnNeg_NegAiCore_Neg,N/A,N/A,1790932530967896.849	,56.841,0.000000,0
7,aclnnCat_SliceAiCore_Slice,N/A,N/A,1790932530967953.730	,294.966,0.159000,0
7,aclnnCat_ConcatD_ConcatD,N/A,N/A,1790932530968248.716	,228.004,0.034000,0
7,aclnnMul_MulAiCore_Mul,N/A,N/A,1790932530968476.740	,185.364,0.000000,0
7,aclnnAdd_AddAiCore_Add,N/A,N/A,1790932530968662.124	,423.969,0.000000,0
7,aclnnInplaceCopy_CastAiCore_Cast,N/A,N/A,1790932530969086.113	,202.364,0.031000,0
7,aclnnInplaceCopy_TransposeAiCore_Transpose,N/A,N/A,1790932530969288.497	,140.682,0.136000,0
7,aclnnInplaceCopy_TransposeAiCore_Transpose,N/A,N/A,1790932530969429.199	,149.703,0.068000,0
7,aclnnInplaceCopy_AsStridedAiCore_AsStrided,N/A,N/A,1790932530969578.942	,160.584,0.047000,0
7,InnerPromptFlashAttention_PromptFlashAttention_PromptFlashAttention,N/A,N/A,1790932530969740.626	,9994.859,1.166000,0
7,aclnnInplaceCopy_TransposeAiCore_Transpose,N/A,N/A,1790932530979736.525	,157.384,0.891000,0
7,aclnnAddmm_MatMulCommon_MatMulV2,N/A,N/A,1790932530979893.929	,268.645,0.116000,0
7,aclnnAdd_AddAiCore_Add,N/A,N/A,1790932530980162.614	,180.904,0.000000,0
7,aclnnInplaceCopy_CastAiCore_Cast,N/A,N/A,1790932530980343.538	,77.081,0.096000,0
7,aclnnMean_ReduceMeanAiCore_ReduceMean,N/A,N/A,1790932530980421.759	,102.042,1.169000,0
7,aclnnSub_SubAiCore_Sub,N/A,N/A,1790932530980524.641	,122.003,0.958000,0
7,aclnnPowTensorScalar_PowsAiCore_Pows,N/A,N/A,1790932530980646.664	,120.522,0.000000,0
7,aclnnMean_ReduceMeanAiCore_ReduceMean,N/A,N/A,1790932530980768.586	,103.322,1.228000,0
7,aclnnAdds_AddAiCore_Add,N/A,N/A,1790932530980872.648	,5.800,0.928000,0
7,aclnnRsqrt_RsqrtAiCore_Rsqrt,N/A,N/A,1790932530980878.488	,7.160,0.000000,0
7,aclnnMul_MulAiCore_Mul,N/A,N/A,1790932530980885.668	,110.763,0.090000,0
7,aclnnInplaceCopy_CastAiCore_Cast,N/A,N/A,1790932530980996.451	,60.021,0.000000,0
7,aclnnMul_MulAiCore_Mul,N/A,N/A,1790932530981056.492	,38.181,0.000000,0
7,aclnnAdd_AddAiCore_Add,N/A,N/A,1790932530981094.693	,36.500,0.069000,0
7,aclnnAddmm_MatMulV3Common_MatMulV3,N/A,N/A,1790932530981131.213	,1023.281,0.000000,0
7,aclnnGeluV2_GeluV2_GeluV2,N/A,N/A,1790932530982154.514	,589.612,0.000000,0
7,aclnnAddmm_MatMulV3Common_MatMulV3,N/A,N/A,1790932530982744.266	,1141.762,0.138000,0
7,aclnnAdd_AddAiCore_Add,N/A,N/A,1790932530983886.048	,167.324,0.000000,0
7,aclnnInplaceCopy_CastAiCore_Cast,N/A,N/A,1790932530984053.392	,121.782,0.176000,0
7,aclnnMean_ReduceMeanAiCore_ReduceMean,N/A,N/A,1790932530984176.434	,133.723,1.218000,0
7,aclnnSub_SubAiCore_Sub,N/A,N/A,1790932530984310.977	,210.224,0.777000,0
7,aclnnPowTensorScalar_PowsAiCore_Pows,N/A,N/A,1790932530984521.221	,245.085,0.026000,0
7,aclnnMean_ReduceMeanAiCore_ReduceMean,N/A,N/A,1790932530984767.686	,168.343,1.415000,0
7,aclnnAdds_AddAiCore_Add,N/A,N/A,1790932530984936.689	,8.040,0.657000,0
7,aclnnRsqrt_RsqrtAiCore_Rsqrt,N/A,N/A,1790932530984944.749	,7.101,0.000000,0
7,aclnnMul_MulAiCore_Mul,N/A,N/A,1790932530984951.870	,109.522,0.000000,0
7,aclnnInplaceCopy_CastAiCore_Cast,N/A,N/A,1790932530985061.412	,52.501,0.228000,0
7,aclnnMul_MulAiCore_Mul,N/A,N/A,1790932530985113.933	,61.461,0.000000,0
7,aclnnAdd_AddAiCore_Add,N/A,N/A,1790932530985175.414	,36.361,0.039000,0
7,aclnnAddmm_MatMulV3Common_MatMulV3,N/A,N/A,1790932530985211.795	,764.895,0.000000,0
7,aclnnInplaceCopy_SliceAiCore_Slice,N/A,N/A,1790932530985976.710	,114.502,0.105000,0
7,aclnnInplaceCopy_CastAiCore_Cast,N/A,N/A,1790932530986091.232	,87.382,0.000000,0
7,aclnnMul_MulAiCore_Mul,N/A,N/A,1790932530986178.634	,162.983,0.118000,0
7,aclnnInplaceCopy_SliceAiCore_Slice,N/A,N/A,1790932530986341.637	,191.984,0.017000,0
7,aclnnInplaceCopy_CastAiCore_Cast,N/A,N/A,1790932530986533.641	,70.122,0.016000,0
7,aclnnNeg_SliceAiCore_Slice,N/A,N/A,1790932530986603.783	,93.081,0.000000,0
7,aclnnNeg_NegAiCore_Neg,N/A,N/A,1790932530986696.904	,58.082,0.169000,0
7,aclnnCat_SliceAiCore_Slice,N/A,N/A,1790932530986755.026	,298.446,0.000000,0
7,aclnnCat_ConcatD_ConcatD,N/A,N/A,1790932530987053.492	,240.624,0.054000,0
7,aclnnMul_MulAiCore_Mul,N/A,N/A,1790932530987294.136	,185.264,0.126000,0
7,aclnnAdd_AddAiCore_Add,N/A,N/A,1790932530987479.440	,422.509,0.000000,0
7,aclnnInplaceCopy_CastAiCore_Cast,N/A,N/A,1790932530987901.989	,203.424,0.000000,0
7,aclnnInplaceCopy_SliceAiCore_Slice,N/A,N/A,1790932530988105.433	,118.642,0.076000,0
7,aclnnInplaceCopy_CastAiCore_Cast,N/A,N/A,1790932530988224.095	,68.781,0.000000,0
7,aclnnMul_MulAiCore_Mul,N/A,N/A,1790932530988292.896	,152.043,0.219000,0
7,aclnnInplaceCopy_SliceAiCore_Slice,N/A,N/A,1790932530988444.979	,183.364,0.000000,0
7,aclnnInplaceCopy_CastAiCore_Cast,N/A,N/A,1790932530988628.383	,72.042,0.136000,0
7,aclnnNeg_SliceAiCore_Slice,N/A,N/A,1790932530988700.465	,95.241,0.000000,0
7,aclnnNeg_NegAiCore_Neg,N/A,N/A,1790932530988795.726	,58.942,0.009000,0
7,aclnnCat_SliceAiCore_Slice,N/A,N/A,1790932530988854.708	,296.486,0.058000,0
7,aclnnCat_ConcatD_ConcatD,N/A,N/A,1790932530989151.234	,229.084,0.014000,0
7,aclnnMul_MulAiCore_Mul,N/A,N/A,1790932530989380.338	,183.604,0.000000,0
7,aclnnAdd_AddAiCore_Add,N/A,N/A,1790932530989563.962	,423.268,0.146000,0
7,aclnnInplaceCopy_CastAiCore_Cast,N/A,N/A,1790932530989987.250	,202.884,0.000000,0
7,aclnnInplaceCopy_TransposeAiCore_Transpose,N/A,N/A,1790932530990190.154	,140.903,0.116000,0
7,aclnnInplaceCopy_TransposeAiCore_Transpose,N/A,N/A,1790932530990331.077	,146.503,0.000000,0
7,aclnnInplaceCopy_AsStridedAiCore_AsStrided,N/A,N/A,1790932530990477.600	,162.923,0.000000,0
7,InnerPromptFlashAttention_PromptFlashAttention_PromptFlashAttention,N/A,N/A,1790932530990641.603	,9996.620,1.077000,0
7,aclnnInplaceCopy_TransposeAiCore_Transpose,N/A,N/A,1790932531000639.563	,154.863,1.380000,0
7,aclnnAddmm_MatMulCommon_MatMulV2,N/A,N/A,1790932531000794.446	,268.506,0.137000,0
7,aclnnAdd_AddAiCore_Add,N/A,N/A,1790932531001062.972	,179.963,0.000000,0
7,aclnnInplaceCopy_CastAiCore_Cast,N/A,N/A,1790932531001242.955	,67.561,0.037000,0
7,aclnnMean_ReduceMeanAiCore_ReduceMean,N/A,N/A,1790932531001311.716	,100.262,1.189000,0
7,aclnnSub_SubAiCore_Sub,N/A,N/A,1790932531001413.219	,116.822,1.238000,0
7,aclnnPowTensorScalar_PowsAiCore_Pows,N/A,N/A,1790932531001530.061	,114.562,0.000000,0
7,aclnnMean_ReduceMeanAiCore_ReduceMean,N/A,N/A,1790932531001646.103	,100.222,1.438000,0
7,aclnnAdds_AddAiCore_Add,N/A,N/A,1790932531001747.025	,6.220,0.778000,0
7,aclnnRsqrt_RsqrtAiCore_Rsqrt,N/A,N/A,1790932531001753.265	,7.060,0.030000,0
7,aclnnMul_MulAiCore_Mul,N/A,N/A,1790932531001760.345	,110.643,0.000000,0
7,aclnnInplaceCopy_CastAiCore_Cast,N/A,N/A,1790932531001871.008	,61.321,0.107000,0
7,aclnnMul_MulAiCore_Mul,N/A,N/A,1790932531001932.349	,38.501,0.000000,0
7,aclnnAdd_AddAiCore_Add,N/A,N/A,1790932531001970.890	,37.180,0.249000,0
7,aclnnAddmm_MatMulV3Common_MatMulV3,N/A,N/A,1790932531002008.090	,1021.161,0.000000,0
7,aclnnGeluV2_GeluV2_GeluV2,N/A,N/A,1790932531003029.271	,591.152,0.089000,0
7,aclnnAddmm_MatMulV3Common_MatMulV3,N/A,N/A,1790932531003620.583	,1150.203,0.098000,0
7,aclnnAdd_AddAiCore_Add,N/A,N/A,1790932531004770.806	,164.763,0.047000,0
7,aclnnInplaceCopy_CastAiCore_Cast,N/A,N/A,1790932531004935.589	,121.282,0.000000,0
7,aclnnMean_ReduceMeanAiCore_ReduceMean,N/A,N/A,1790932531005057.831	,128.063,0.968000,0
7,aclnnSub_SubAiCore_Sub,N/A,N/A,1790932531005186.714	,211.484,0.937000,0
7,aclnnPowTensorScalar_PowsAiCore_Pows,N/A,N/A,1790932531005398.218	,241.105,0.016000,0
7,aclnnMean_ReduceMeanAiCore_ReduceMean,N/A,N/A,1790932531005640.383	,165.643,1.145000,0
7,aclnnAdds_AddAiCore_Add,N/A,N/A,1790932531005807.206	,5.800,1.107000,0
7,aclnnRsqrt_RsqrtAiCore_Rsqrt,N/A,N/A,1790932531005813.026	,7.121,0.000000,0
7,aclnnMul_MulAiCore_Mul,N/A,N/A,1790932531005820.167	,110.402,0.129000,0
7,aclnnInplaceCopy_CastAiCore_Cast,N/A,N/A,1790932531005930.589	,52.521,0.000000,0
7,aclnnMul_MulAiCore_Mul,N/A,N/A,1790932531005983.150	,60.901,0.229000,0
7,aclnnAdd_AddAiCore_Add,N/A,N/A,1790932531006044.091	,36.021,0.000000,0
7,aclnnAddmm_MatMulV3Common_MatMulV3,N/A,N/A,1790932531006080.132	,764.315,0.229000,0
7,aclnnInplaceCopy_SliceAiCore_Slice,N/A,N/A,1790932531006844.467	,110.602,0.000000,0
7,aclnnInplaceCopy_CastAiCore_Cast,N/A,N/A,1790932531006955.109	,89.582,0.000000,0
7,aclnnMul_MulAiCore_Mul,N/A,N/A,1790932531007044.731	,159.283,0.168000,0
7,aclnnInplaceCopy_SliceAiCore_Slice,N/A,N/A,1790932531007204.034	,188.624,0.000000,0
7,aclnnInplaceCopy_CastAiCore_Cast,N/A,N/A,1790932531007392.678	,71.501,0.126000,0
7,aclnnNeg_SliceAiCore_Slice,N/A,N/A,1790932531007464.199	,92.682,0.000000,0
7,aclnnNeg_NegAiCore_Neg,N/A,N/A,1790932531007556.901	,58.421,0.068000,0
7,aclnnCat_SliceAiCore_Slice,N/A,N/A,1790932531007615.342	,294.646,0.000000,0
7,aclnnCat_ConcatD_ConcatD,N/A,N/A,1790932531007910.008	,235.685,0.104000,0
7,aclnnMul_MulAiCore_Mul,N/A,N/A,1790932531008145.713	,184.024,0.065000,0
7,aclnnAdd_AddAiCore_Add,N/A,N/A,1790932531008329.757	,424.908,0.000000,0
7,aclnnInplaceCopy_CastAiCore_Cast,N/A,N/A,1790932531008754.685	,201.464,0.092000,0
7,aclnnInplaceCopy_SliceAiCore_Slice,N/A,N/A,1790932531008956.169	,114.683,0.036000,0
7,aclnnInplaceCopy_CastAiCore_Cast,N/A,N/A,1790932531009070.892	,67.761,0.067000,0
7,aclnnMul_MulAiCore_Mul,N/A,N/A,1790932531009138.693	,150.663,0.000000,0
7,aclnnInplaceCopy_SliceAiCore_Slice,N/A,N/A,1790932531009289.376	,186.084,0.087000,0
7,aclnnInplaceCopy_CastAiCore_Cast,N/A,N/A,1790932531009475.480	,64.041,0.000000,0
7,aclnnNeg_SliceAiCore_Slice,N/A,N/A,1790932531009539.541	,89.922,0.000000,0
7,aclnnNeg_NegAiCore_Neg,N/A,N/A,1790932531009629.503	,57.261,0.078000,0
7,aclnnCat_SliceAiCore_Slice,N/A,N/A,1790932531009686.804	,293.986,0.000000,0
7,aclnnCat_ConcatD_ConcatD,N/A,N/A,1790932531009980.810	,228.744,0.014000,0
7,aclnnMul_MulAiCore_Mul,N/A,N/A,1790932531010209.594	,183.864,0.006000,0
7,aclnnAdd_AddAiCore_Add,N/A,N/A,1790932531010393.478	,423.468,0.136000,0
7,aclnnInplaceCopy_CastAiCore_Cast,N/A,N/A,1790932531010816.966	,202.364,0.032000,0
7,aclnnInplaceCopy_TransposeAiCore_Transpose,N/A,N/A,1790932531011019.350	,138.843,0.000000,0
7,aclnnInplaceCopy_TransposeAiCore_Transpose,N/A,N/A,1790932531011158.213	,151.043,0.157000,0
7,aclnnInplaceCopy_AsStridedAiCore_AsStrided,N/A,N/A,1790932531011309.296	,161.263,0.000000,0
7,InnerPromptFlashAttention_PromptFlashAttention_PromptFlashAttention,N/A,N/A,1790932531011471.779	,9928.579,1.237000,0
7,aclnnInplaceCopy_TransposeAiCore_Transpose,N/A,N/A,1790932531021401.638	,158.883,1.421000,0
7,aclnnAddmm_MatMulCommon_MatMulV2,N/A,N/A,1790932531021560.561	,267.705,0.000000,0
7,aclnnAdd_AddAiCore_Add,N/A,N/A,1790932531021828.286	,181.864,0.045000,0
7,aclnnInplaceCopy_CastAiCore_Cast,N/A,N/A,1790932531022010.170	,73.602,0.136000,0
7,aclnnMean_ReduceMeanAiCore_ReduceMean,N/A,N/A,1790932531022084.712	,101.242,0.898000,0
7,aclnnSub_SubAiCore_Sub,N/A,N/A,1790932531022186.894	,123.662,1.008000,0
7,aclnnPowTensorScalar_PowsAiCore_Pows,N/A,N/A,1790932531022310.596	,118.642,0.000000,0
7,aclnnMean_ReduceMeanAiCore_ReduceMean,N/A,N/A,1790932531022430.478	,102.442,1.358000,0
7,aclnnAdds_AddAiCore_Add,N/A,N/A,1790932531022533.821	,5.820,0.808000,0
7,aclnnRsqrt_RsqrtAiCore_Rsqrt,N/A,N/A,1790932531022539.681	,6.900,0.180000,0
7,aclnnMul_MulAiCore_Mul,N/A,N/A,1790932531022546.601	,107.662,0.000000,0
7,aclnnInplaceCopy_CastAiCore_Cast,N/A,N/A,1790932531022654.283	,60.621,0.088000,0
7,aclnnMul_MulAiCore_Mul,N/A,N/A,1790932531022714.924	,37.921,0.129000,0
7,aclnnAdd_AddAiCore_Add,N/A,N/A,1790932531022752.865	,36.181,0.000000,0
7,aclnnAddmm_MatMulV3Common_MatMulV3,N/A,N/A,1790932531022789.086	,1027.980,0.069000,0
7,aclnnGeluV2_GeluV2_GeluV2,N/A,N/A,1790932531023817.086	,589.872,0.020000,0
7,aclnnAddmm_MatMulV3Common_MatMulV3,N/A,N/A,1790932531024407.118	,1146.703,0.128000,0
7,aclnnAdd_AddAiCore_Add,N/A,N/A,1790932531025553.861	,164.063,0.047000,0
7,aclnnEmbedding_GatherV2AiCore_GatherV2,N/A,N/A,1790932531025718.304	,472.030,0.437000,0
7,aclnnInplaceZero_ZerosLikeAiCore_ZerosLike,N/A,N/A,1790932531026190.354	,21.720,0.000000,0
7,aclnnInplaceZero_ZerosLikeAiCore_ZerosLike,N/A,N/A,1790932531026212.094	,14.920,0.030000,0
7,aclnnInplaceZero_ZerosLikeAiCore_ZerosLike,N/A,N/A,1790932531026227.034	,17.141,0.080000,0
7,aclnnEqScalar_EqualAiCore_Equal,N/A,N/A,1790932531026244.195	,6.460,0.109000,0
7,aclnnLayerNormWithImplMode_LayerNormV3WithImplMode_LayerNormV3,N/A,N/A,1790932531026250.675	,408.548,0.040000,0
7,aclnnLayerNormWithImplMode_CastAiCore_Cast,N/A,N/A,1790932531026659.243	,6.740,0.000000,0
7,aclnnLayerNormWithImplMode_CastAiCore_Cast,N/A,N/A,1790932531026666.003	,2.300,0.010000,0
7,aclnnAddmm_MatMulV3Common_MatMulV3,N/A,N/A,1790932531026668.323	,1071.662,0.000000,0
7,aclnnGelu_Gelu_Gelu,N/A,N/A,1790932531027740.025	,147.322,0.088000,0
7,aclnnAddmm_MatMulV3Common_MatMulV3,N/A,N/A,1790932531027887.507	,652.634,0.178000,0
7,aclnnInplaceCopy_TensorMoveAiCore_TensorMove,N/A,N/A,1790932531028540.161	,114.022,0.116000,0
7,aclnnInplaceMaskedScatter_CastAiCore_Cast,N/A,N/A,1790932531028654.203	,2.800,0.000000,0
7,aclnnInplaceMaskedScatter_BroadcastToAiCore_BroadcastTo,N/A,N/A,1790932531028657.023	,55.861,0.000000,0
7,aclnnInplaceMaskedScatter_CastAiCore_Cast,N/A,N/A,1790932531028712.904	,33.221,0.139000,0
7,aclnnInplaceMaskedScatter_MaskedScatterAiCore_MaskedScatter,N/A,N/A,1790932531028746.145	,18162.383,0.029000,0
7,aclnnLayerNormWithImplMode_LayerNormV3WithImplMode_LayerNormV3,N/A,N/A,1790932531046908.568	,365.507,0.000000,0
7,aclnnLayerNormWithImplMode_CastAiCore_Cast,N/A,N/A,1790932531047274.095	,2.720,0.000000,0
7,aclnnLayerNormWithImplMode_CastAiCore_Cast,N/A,N/A,1790932531047276.855	,2.460,0.030000,0
7,aclnnAddmm_MatMulV3Common_MatMulV3,N/A,N/A,1790932531047279.335	,1057.861,0.040000,0
7,aclnnGelu_Gelu_Gelu,N/A,N/A,1790932531048337.236	,147.043,0.139000,0
7,aclnnAddmm_MatMulV3Common_MatMulV3,N/A,N/A,1790932531048484.439	,652.133,0.207000,0
7,aclnnNonzeroV2_NonzeroAiCore_MemSet,N/A,N/A,1790932531049136.592	,10.380,0.000000,0
7,aclnnNonzeroV2_NonzeroAiCore_NonZero,N/A,N/A,1790932531049148.372	,15.061,1.370000,0
7,aclnnIndexPutImpl_IndexPutV2_IndexPutV2,N/A,N/A,1790932531049527.540	,76.461,364.189000,0
7,aclnnLayerNormWithImplMode_LayerNormV3WithImplMode_LayerNormV3,N/A,N/A,1790932531049607.561	,360.308,3.539000,0
7,aclnnLayerNormWithImplMode_CastAiCore_Cast,N/A,N/A,1790932531049967.889	,2.820,0.192000,0
7,aclnnLayerNormWithImplMode_CastAiCore_Cast,N/A,N/A,1790932531049970.729	,2.240,0.000000,0
7,aclnnAddmm_MatMulV3Common_MatMulV3,N/A,N/A,1790932531049972.989	,1072.441,0.010000,0
7,aclnnGelu_Gelu_Gelu,N/A,N/A,1790932531051045.450	,147.623,0.059000,0
7,aclnnAddmm_MatMulV3Common_MatMulV3,N/A,N/A,1790932531051193.233	,654.193,0.127000,0
7,aclnnNonzeroV2_NonzeroAiCore_MemSet,N/A,N/A,1790932531051847.466	,9.000,0.057000,0
7,aclnnNonzeroV2_NonzeroAiCore_NonZero,N/A,N/A,1790932531051857.886	,14.661,1.500000,0
7,aclnnIndexPutImpl_IndexPutV2_IndexPutV2,N/A,N/A,1790932531052113.612	,76.781,240.839000,0
7,aclnnLayerNormWithImplMode_LayerNormV3WithImplMode_LayerNormV3,N/A,N/A,1790932531052210.453	,364.868,20.219000,0
7,aclnnLayerNormWithImplMode_CastAiCore_Cast,N/A,N/A,1790932531052575.341	,2.820,0.000000,0
7,aclnnLayerNormWithImplMode_CastAiCore_Cast,N/A,N/A,1790932531052578.181	,2.280,0.180000,0
7,aclnnAddmm_MatMulV3Common_MatMulV3,N/A,N/A,1790932531052580.481	,1066.241,0.000000,0
7,aclnnGelu_Gelu_Gelu,N/A,N/A,1790932531053646.742	,147.443,0.009000,0
7,aclnnAddmm_MatMulV3Common_MatMulV3,N/A,N/A,1790932531053794.345	,651.493,0.057000,0
7,aclnnNonzeroV2_NonzeroAiCore_MemSet,N/A,N/A,1790932531054445.858	,9.080,0.007000,0
7,aclnnNonzeroV2_NonzeroAiCore_NonZero,N/A,N/A,1790932531054456.038	,15.501,1.170000,0
7,aclnnIndexPutImpl_IndexPutV2_IndexPutV2,N/A,N/A,1790932531054709.883	,77.862,238.499000,0
7,aclnnArange_ArangeAiCore_Range,N/A,N/A,1790932531054787.765	,10.440,0.000000,0
7,aclnnGeTensor_GreaterEqual_GreaterEqual,N/A,N/A,1790932531054810.385	,53.481,12.310000,0
7,aclnnInplaceCopy_CastAiCore_Cast,N/A,N/A,1790932531054887.287	,4.600,23.269000,0
7,aclnnBitwiseAndTensor_LogicalAndAiCore_LogicalAnd,N/A,N/A,1790932531054923.268	,53.961,31.400000,0
7,aclnnInplaceFillScalar_FillAiCore_Fill,N/A,N/A,1790932531054985.029	,1.240,7.789000,0
7,aclnnInplaceFillScalar_FillAiCore_Fill,N/A,N/A,1790932531055005.589	,1.060,19.260000,0
7,aclnnSWhere_SelectV2AiCore_SelectV2,N/A,N/A,1790932531055032.710	,116.302,26.190000,0
7,aclnnInplaceCopy_CastAiCore_Cast,N/A,N/A,1790932531055149.032	,21.281,0.000000,0
7,aclnnInplaceCopy_CastAiCore_Cast,N/A,N/A,1790932531055514.139	,8.021,343.969000,0
7,aclnnMatmul_BroadcastToAiCore_BroadcastTo,N/A,N/A,1790932531055561.080	,1.440,38.729000,0
7,aclnnMatmul_MulAiCore_Mul,N/A,N/A,1790932531055566.440	,16.701,4.060000,0
7,aclnnInplaceCopy_TransposeAiCore_Transpose,N/A,N/A,1790932531055634.002	,18.840,50.799000,0
7,aclnnInplaceCopy_StridedSliceAiCore_StridedSlice,N/A,N/A,1790932531055864.606	,12.521,211.660000,0
7,aclnnInplaceCopy_TransposeAiCore_Transpose,N/A,N/A,1790932531055884.727	,15.300,7.729000,0
7,aclnnInplaceCopy_ViewCopyAiCpu_ViewCopy,N/A,N/A,1790932531055923.848	,1179.903,23.700000,0
7,aclnnInplaceCopy_StridedSliceAiCore_StridedSlice,N/A,N/A,1790932531057103.771	,11.660,0.097000,0
7,aclnnInplaceCopy_TransposeAiCore_Transpose,N/A,N/A,1790932531057115.451	,19.021,0.090000,0
7,aclnnInplaceCopy_ViewCopyAiCpu_ViewCopy,N/A,N/A,1790932531057134.492	,508.670,0.000000,0
7,aclnnCat_ConcatD_ConcatD,N/A,N/A,1790932531057643.202	,27.961,0.080000,0
7,aclnnCos_CosAiCore_Cos,N/A,N/A,1790932531057671.203	,26.200,0.039000,0
7,aclnnInplaceCopy_CastAiCore_Cast,N/A,N/A,1790932531057697.443	,9.600,0.050000,0
7,aclnnSin_SinAiCore_Sin,N/A,N/A,1790932531057707.063	,24.701,0.000000,0
7,aclnnInplaceCopy_CastAiCore_Cast,N/A,N/A,1790932531057731.784	,4.400,0.049000,0
7,aclnnLtScalar_LessAiCore_Less,N/A,N/A,1790932531057736.204	,18.500,0.100000,0
7,aclnnBitwiseNot_LogicalNotAiCore_LogicalNot,N/A,N/A,1790932531057754.744	,16.881,0.000000,0
7,aclnnAny_ReduceAny_ReduceAny,N/A,N/A,1790932531057772.905	,31.360,1.369000,0
7,aclnnAll_ReduceAll_ReduceAll,N/A,N/A,1790932531057807.025	,3.320,2.640000,0
7,aclnnInplaceCopy_CastAiCore_Cast,N/A,N/A,1790932531058465.018	,158.944,654.680000,0
7,aclnnPowTensorScalar_PowsAiCore_Pows,N/A,N/A,1790932531058623.982	,65.461,0.056000,0
7,aclnnMean_ReduceMeanAiCore_ReduceMean,N/A,N/A,1790932531058690.523	,72.961,1.039000,0
7,aclnnAdds_AddAiCore_Add,N/A,N/A,1790932531058764.524	,2.600,1.039000,0
7,aclnnRsqrt_RsqrtAiCore_Rsqrt,N/A,N/A,1790932531058767.144	,2.801,0.150000,0
7,aclnnMul_MulAiCore_Mul,N/A,N/A,1790932531058769.965	,72.241,0.000000,0
7,aclnnInplaceCopy_CastAiCore_Cast,N/A,N/A,1790932531058842.226	,34.221,0.009000,0
7,aclnnMul_MulAiCore_Mul,N/A,N/A,1790932531058876.467	,34.380,0.029000,0
7,aclnnMatmul_MatMulV3Common_MatMulV3,N/A,N/A,1790932531058910.887	,1072.842,0.120000,0
7,aclnnInplaceCopy_SliceAiCore_Slice,N/A,N/A,1790932531059983.749	,92.922,0.000000,0
7,aclnnInplaceCopy_CastAiCore_Cast,N/A,N/A,1790932531060076.711	,86.561,0.078000,0
7,aclnnPowTensorScalar_PowsAiCore_Pows,N/A,N/A,1790932531060163.292	,119.783,0.000000,0
7,aclnnMean_ReduceMeanAiCore_ReduceMean,N/A,N/A,1790932531060284.115	,89.002,0.967000,0
7,aclnnAdds_AddAiCore_Add,N/A,N/A,1790932531060374.057	,8.600,0.998000,0
7,aclnnRsqrt_RsqrtAiCore_Rsqrt,N/A,N/A,1790932531060382.677	,8.620,0.150000,0
7,aclnnMul_MulAiCore_Mul,N/A,N/A,1790932531060391.317	,110.802,0.000000,0
7,aclnnInplaceCopy_CastAiCore_Cast,N/A,N/A,1790932531060502.139	,62.941,0.198000,0
7,aclnnMul_MulAiCore_Mul,N/A,N/A,1790932531060565.100	,62.462,0.000000,0
7,aclnnInplaceCopy_SliceAiCore_Slice,N/A,N/A,1790932531060627.582	,56.041,0.038000,0
7,aclnnInplaceCopy_CastAiCore_Cast,N/A,N/A,1790932531060683.643	,32.760,0.209000,0
7,aclnnPowTensorScalar_PowsAiCore_Pows,N/A,N/A,1790932531060716.423	,42.541,0.000000,0
7,aclnnMean_ReduceMeanAiCore_ReduceMean,N/A,N/A,1790932531060760.424	,29.461,1.459000,0
7,aclnnAdds_AddAiCore_Add,N/A,N/A,1790932531060790.785	,6.540,0.789000,0
7,aclnnRsqrt_RsqrtAiCore_Rsqrt,N/A,N/A,1790932531060797.345	,7.960,0.000000,0
7,aclnnMul_MulAiCore_Mul,N/A,N/A,1790932531060805.345	,37.121,0.040000,0
7,aclnnInplaceCopy_CastAiCore_Cast,N/A,N/A,1790932531060842.486	,17.340,0.129000,0
7,aclnnMul_MulAiCore_Mul,N/A,N/A,1790932531060859.846	,21.221,0.000000,0
7,aclnnMul_TransposeAiCore_Transpose,N/A,N/A,1790932531060881.087	,187.643,0.029000,0
7,aclnnMul_MulAiCore_Mul,N/A,N/A,1790932531061068.750	,65.762,0.107000,0
7,aclnnNeg_AsStridedAiCore_AsStrided,N/A,N/A,1790932531061134.532	,102.642,0.000000,0
7,aclnnNeg_NegAiCore_Neg,N/A,N/A,1790932531061237.194	,30.940,0.108000,0
7,aclnnCat_AsStridedAiCore_AsStrided,N/A,N/A,1790932531061268.154	,57.022,0.060000,0
7,aclnnCat_ConcatD_ConcatD,N/A,N/A,1790932531061325.196	,40.040,0.000000,0
7,aclnnMul_MulAiCore_Mul,N/A,N/A,1790932531061365.256	,53.581,0.000000,0
7,aclnnAdd_AddAiCore_Add,N/A,N/A,1790932531061418.857	,165.244,0.000000,0
7,aclnnMul_TransposeAiCore_Transpose,N/A,N/A,1790932531061584.121	,54.841,0.006000,0
7,aclnnMul_MulAiCore_Mul,N/A,N/A,1790932531061638.982	,18.300,0.159000,0
7,aclnnNeg_AsStridedAiCore_AsStrided,N/A,N/A,1790932531061657.302	,18.761,0.000000,0
7,aclnnNeg_NegAiCore_Neg,N/A,N/A,1790932531061676.083	,11.860,0.000000,0
7,aclnnCat_AsStridedAiCore_AsStrided,N/A,N/A,1790932531061687.963	,18.160,0.140000,0
7,aclnnCat_ConcatD_ConcatD,N/A,N/A,1790932531061706.143	,18.921,0.090000,0
7,aclnnMul_MulAiCore_Mul,N/A,N/A,1790932531061725.084	,17.420,0.000000,0
7,aclnnAdd_AddAiCore_Add,N/A,N/A,1790932531061742.524	,15.040,0.080000,0
7,aclnnInplaceCopy_AsStridedAiCore_AsStrided,N/A,N/A,1790932531061757.604	,40.741,0.000000,0
7,InnerPromptFlashAttention_PromptFlashAttention_PromptFlashAttention,N/A,N/A,1790932531061799.245	,1899.218,1.009000,0
7,aclnnInplaceCopy_TransposeAiCore_Transpose,N/A,N/A,1790932531063699.123	,159.663,0.532000,0
7,aclnnMatmul_MatMulV3Common_MatMulV3,N/A,N/A,1790932531063858.806	,712.354,0.087000,0
7,aclnnAdd_AddAiCore_Add,N/A,N/A,1790932531064571.200	,103.022,0.146000,0
7,aclnnInplaceCopy_CastAiCore_Cast,N/A,N/A,1790932531064674.262	,54.142,0.000000,0
7,aclnnPowTensorScalar_PowsAiCore_Pows,N/A,N/A,1790932531064728.424	,54.281,0.108000,0
7,aclnnMean_ReduceMeanAiCore_ReduceMean,N/A,N/A,1790932531064783.765	,72.181,0.969000,0
7,aclnnAdds_AddAiCore_Add,N/A,N/A,1790932531064856.766	,2.480,0.819000,0
7,aclnnRsqrt_RsqrtAiCore_Rsqrt,N/A,N/A,1790932531064859.266	,2.800,0.020000,0
7,aclnnMul_MulAiCore_Mul,N/A,N/A,1790932531064862.106	,71.982,0.000000,0
7,aclnnInplaceCopy_CastAiCore_Cast,N/A,N/A,1790932531064934.128	,41.560,0.268000,0
7,aclnnMul_MulAiCore_Mul,N/A,N/A,1790932531064975.728	,35.241,0.000000,0
7,aclnnMatmul_MatMulV3Common_MatMulV3,N/A,N/A,1790932531065010.989	,3453.409,0.009000,0
7,aclnnSilu_SliceAiCore_Slice,N/A,N/A,1790932531068464.418	,329.467,0.091000,0
7,aclnnSilu_SiluAiCore_Swish,N/A,N/A,1790932531068793.905	,315.746,0.033000,0
7,aclnnMul_SliceAiCore_Slice,N/A,N/A,1790932531069109.671	,310.346,0.004000,0
7,aclnnMul_MulAiCore_Mul,N/A,N/A,1790932531069420.037	,508.490,0.000000,0
7,aclnnMatmul_MatMulV3Common_MatMulV3,N/A,N/A,1790932531069928.547	,1727.815,0.010000,0
7,aclnnAdd_AddAiCore_Add,N/A,N/A,1790932531071656.382	,88.922,0.185000,0
7,aclnnAdd_AddAiCore_Add,N/A,N/A,1790932531071745.344	,52.741,0.000000,0
7,aclnnInplaceCopy_CastAiCore_Cast,N/A,N/A,1790932531071798.105	,40.281,0.009000,0
7,aclnnPowTensorScalar_PowsAiCore_Pows,N/A,N/A,1790932531071838.426	,53.821,0.219000,0
7,aclnnMean_ReduceMeanAiCore_ReduceMean,N/A,N/A,1790932531071893.467	,73.541,1.179000,0
7,aclnnAdds_AddAiCore_Add,N/A,N/A,1790932531071968.248	,2.660,1.209000,0
7,aclnnRsqrt_RsqrtAiCore_Rsqrt,N/A,N/A,1790932531071970.928	,2.880,0.090000,0
7,aclnnMul_MulAiCore_Mul,N/A,N/A,1790932531071973.828	,71.842,0.000000,0
7,aclnnInplaceCopy_CastAiCore_Cast,N/A,N/A,1790932531072045.690	,41.501,0.158000,0
7,aclnnMul_MulAiCore_Mul,N/A,N/A,1790932531072087.211	,41.040,0.000000,0
7,aclnnMatmul_MatMulV3Common_MatMulV3,N/A,N/A,1790932531072128.291	,1068.002,0.000000,0
7,aclnnInplaceCopy_SliceAiCore_Slice,N/A,N/A,1790932531073196.333	,94.502,0.000000,0
7,aclnnInplaceCopy_CastAiCore_Cast,N/A,N/A,1790932531073290.855	,85.741,0.000000,0
7,aclnnPowTensorScalar_PowsAiCore_Pows,N/A,N/A,1790932531073376.636	,140.843,0.259000,0
7,aclnnMean_ReduceMeanAiCore_ReduceMean,N/A,N/A,1790932531073518.519	,89.542,0.907000,0
7,aclnnAdds_AddAiCore_Add,N/A,N/A,1790932531073609.081	,7.520,0.958000,0
7,aclnnRsqrt_RsqrtAiCore_Rsqrt,N/A,N/A,1790932531073616.621	,8.700,0.000000,0
7,aclnnMul_MulAiCore_Mul,N/A,N/A,1790932531073625.341	,111.703,0.050000,0
7,aclnnInplaceCopy_CastAiCore_Cast,N/A,N/A,1790932531073737.064	,62.601,0.047000,0
7,aclnnMul_MulAiCore_Mul,N/A,N/A,1790932531073799.685	,60.521,0.149000,0
7,aclnnInplaceCopy_SliceAiCore_Slice,N/A,N/A,1790932531073860.226	,55.401,0.000000,0
7,aclnnInplaceCopy_CastAiCore_Cast,N/A,N/A,1790932531073915.647	,34.101,0.099000,0
7,aclnnPowTensorScalar_PowsAiCore_Pows,N/A,N/A,1790932531073949.788	,40.501,0.000000,0
7,aclnnMean_ReduceMeanAiCore_ReduceMean,N/A,N/A,1790932531073991.329	,29.600,0.999000,0
7,aclnnAdds_AddAiCore_Add,N/A,N/A,1790932531074021.689	,6.720,0.900000,0
7,aclnnRsqrt_RsqrtAiCore_Rsqrt,N/A,N/A,1790932531074028.429	,7.981,0.030000,0
7,aclnnMul_MulAiCore_Mul,N/A,N/A,1790932531074036.450	,37.580,0.019000,0
7,aclnnInplaceCopy_CastAiCore_Cast,N/A,N/A,1790932531074074.070	,16.941,0.000000,0
7,aclnnMul_MulAiCore_Mul,N/A,N/A,1790932531074091.031	,21.440,0.059000,0
7,aclnnMul_TransposeAiCore_Transpose,N/A,N/A,1790932531074112.511	,194.564,0.060000,0
7,aclnnMul_MulAiCore_Mul,N/A,N/A,1790932531074307.095	,62.861,0.000000,0
7,aclnnNeg_AsStridedAiCore_AsStrided,N/A,N/A,1790932531074369.996	,105.302,0.139000,0
7,aclnnNeg_NegAiCore_Neg,N/A,N/A,1790932531074475.338	,32.761,0.000000,0
7,aclnnCat_AsStridedAiCore_AsStrided,N/A,N/A,1790932531074508.119	,53.821,0.000000,0
7,aclnnCat_ConcatD_ConcatD,N/A,N/A,1790932531074561.960	,40.901,0.179000,0
7,aclnnMul_MulAiCore_Mul,N/A,N/A,1790932531074602.901	,52.041,0.099000,0
7,aclnnAdd_AddAiCore_Add,N/A,N/A,1790932531074654.962	,161.083,0.000000,0
7,aclnnMul_TransposeAiCore_Transpose,N/A,N/A,1790932531074816.065	,59.501,0.000000,0
7,aclnnMul_MulAiCore_Mul,N/A,N/A,1790932531074875.586	,16.581,0.000000,0
7,aclnnNeg_AsStridedAiCore_AsStrided,N/A,N/A,1790932531074892.187	,18.760,0.169000,0
7,aclnnNeg_NegAiCore_Neg,N/A,N/A,1790932531074910.967	,9.300,0.000000,0
7,aclnnCat_AsStridedAiCore_AsStrided,N/A,N/A,1790932531074920.287	,18.621,0.000000,0
7,aclnnCat_ConcatD_ConcatD,N/A,N/A,1790932531074938.928	,15.360,0.129000,0
7,aclnnMul_MulAiCore_Mul,N/A,N/A,1790932531074954.328	,17.780,0.000000,0
7,aclnnAdd_AddAiCore_Add,N/A,N/A,1790932531074972.128	,15.661,0.220000,0
7,aclnnInplaceCopy_AsStridedAiCore_AsStrided,N/A,N/A,1790932531074987.809	,39.080,0.000000,0
7,InnerPromptFlashAttention_PromptFlashAttention_PromptFlashAttention,N/A,N/A,1790932531075028.329	,1896.558,1.420000,0
7,aclnnInplaceCopy_TransposeAiCore_Transpose,N/A,N/A,1790932531076925.707	,155.743,0.942000,0
7,aclnnMatmul_MatMulV3Common_MatMulV3,N/A,N/A,1790932531077081.470	,706.914,0.007000,0
7,aclnnAdd_AddAiCore_Add,N/A,N/A,1790932531077788.404	,101.823,0.086000,0
7,aclnnInplaceCopy_CastAiCore_Cast,N/A,N/A,1790932531077890.247	,52.481,0.000000,0
7,aclnnPowTensorScalar_PowsAiCore_Pows,N/A,N/A,1790932531077942.748	,53.661,0.019000,0
7,aclnnMean_ReduceMeanAiCore_ReduceMean,N/A,N/A,1790932531077997.889	,71.481,1.589000,0
7,aclnnAdds_AddAiCore_Add,N/A,N/A,1790932531078070.270	,2.820,0.769000,0
7,aclnnRsqrt_RsqrtAiCore_Rsqrt,N/A,N/A,1790932531078073.110	,2.960,0.000000,0
7,aclnnMul_MulAiCore_Mul,N/A,N/A,1790932531078076.090	,73.822,0.040000,0
7,aclnnInplaceCopy_CastAiCore_Cast,N/A,N/A,1790932531078149.932	,41.921,0.178000,0
7,aclnnMul_MulAiCore_Mul,N/A,N/A,1790932531078191.873	,34.320,0.000000,0
7,aclnnMatmul_MatMulV3Common_MatMulV3,N/A,N/A,1790932531078226.213	,3474.250,0.180000,0
7,aclnnSilu_SliceAiCore_Slice,N/A,N/A,1790932531081700.483	,326.026,0.000000,0
7,aclnnSilu_SiluAiCore_Swish,N/A,N/A,1790932531082026.549	,322.887,0.000000,0
7,aclnnMul_SliceAiCore_Slice,N/A,N/A,1790932531082349.456	,306.926,0.113000,0
7,aclnnMul_MulAiCore_Mul,N/A,N/A,1790932531082656.402	,497.350,0.074000,0
7,aclnnMatmul_MatMulV3Common_MatMulV3,N/A,N/A,1790932531083153.792	,1751.895,0.000000,0
7,aclnnAdd_AddAiCore_Add,N/A,N/A,1790932531084905.727	,89.161,0.105000,0
7,aclnnAdd_AddAiCore_Add,N/A,N/A,1790932531084994.928	,70.282,0.089000,0
7,aclnnInplaceCopy_CastAiCore_Cast,N/A,N/A,1790932531085065.230	,38.081,0.000000,0
7,aclnnPowTensorScalar_PowsAiCore_Pows,N/A,N/A,1790932531085103.331	,54.281,0.000000,0
7,aclnnMean_ReduceMeanAiCore_ReduceMean,N/A,N/A,1790932531085158.792	,73.621,1.219000,0
7,aclnnAdds_AddAiCore_Add,N/A,N/A,1790932531085233.573	,2.480,1.129000,0
7,aclnnRsqrt_RsqrtAiCore_Rsqrt,N/A,N/A,1790932531085236.073	,2.860,0.020000,0
7,aclnnMul_MulAiCore_Mul,N/A,N/A,1790932531085238.973	,71.782,0.140000,0
7,aclnnInplaceCopy_CastAiCore_Cast,N/A,N/A,1790932531085310.775	,41.661,0.000000,0
7,aclnnMul_MulAiCore_Mul,N/A,N/A,1790932531085352.456	,47.181,0.089000,0
7,aclnnMatmul_MatMulV3Common_MatMulV3,N/A,N/A,1790932531085399.677	,1069.241,0.069000,0
7,aclnnInplaceCopy_SliceAiCore_Slice,N/A,N/A,1790932531086468.938	,93.702,0.009000,0
7,aclnnInplaceCopy_CastAiCore_Cast,N/A,N/A,1790932531086562.660	,84.121,0.048000,0
7,aclnnPowTensorScalar_PowsAiCore_Pows,N/A,N/A,1790932531086646.821	,138.503,0.000000,0
7,aclnnMean_ReduceMeanAiCore_ReduceMean,N/A,N/A,1790932531086786.664	,88.962,1.497000,0
7,aclnnAdds_AddAiCore_Add,N/A,N/A,1790932531086876.606	,7.420,0.788000,0
7,aclnnRsqrt_RsqrtAiCore_Rsqrt,N/A,N/A,1790932531086884.046	,8.780,0.080000,0
7,aclnnMul_MulAiCore_Mul,N/A,N/A,1790932531086892.846	,111.383,0.000000,0
7,aclnnInplaceCopy_CastAiCore_Cast,N/A,N/A,1790932531087004.269	,59.641,0.117000,0
7,aclnnMul_MulAiCore_Mul,N/A,N/A,1790932531087063.930	,60.341,0.109000,0
7,aclnnInplaceCopy_SliceAiCore_Slice,N/A,N/A,1790932531087124.291	,55.381,0.000000,0
7,aclnnInplaceCopy_CastAiCore_Cast,N/A,N/A,1790932531087179.692	,32.881,0.119000,0
7,aclnnPowTensorScalar_PowsAiCore_Pows,N/A,N/A,1790932531087212.593	,38.621,0.000000,0
7,aclnnMean_ReduceMeanAiCore_ReduceMean,N/A,N/A,1790932531087252.234	,29.600,1.129000,0
7,aclnnAdds_AddAiCore_Add,N/A,N/A,1790932531087282.594	,7.120,0.650000,0
7,aclnnRsqrt_RsqrtAiCore_Rsqrt,N/A,N/A,1790932531087289.734	,7.980,0.130000,0
7,aclnnMul_MulAiCore_Mul,N/A,N/A,1790932531087297.734	,37.161,0.020000,0
7,aclnnInplaceCopy_CastAiCore_Cast,N/A,N/A,1790932531087334.935	,16.741,0.089000,0
7,aclnnMul_MulAiCore_Mul,N/A,N/A,1790932531087351.696	,22.040,0.009000,0
7,aclnnMul_TransposeAiCore_Transpose,N/A,N/A,1790932531087373.776	,190.264,0.000000,0
7,aclnnMul_MulAiCore_Mul,N/A,N/A,1790932531087564.060	,62.021,0.000000,0
7,aclnnNeg_AsStridedAiCore_AsStrided,N/A,N/A,1790932531087626.101	,105.522,0.000000,0
7,aclnnNeg_NegAiCore_Neg,N/A,N/A,1790932531087731.643	,31.441,0.228000,0
7,aclnnCat_AsStridedAiCore_AsStrided,N/A,N/A,1790932531087763.104	,55.541,0.000000,0
7,aclnnCat_ConcatD_ConcatD,N/A,N/A,1790932531087818.665	,41.081,0.209000,0
7,aclnnMul_MulAiCore_Mul,N/A,N/A,1790932531087859.766	,52.261,0.000000,0
7,aclnnAdd_AddAiCore_Add,N/A,N/A,1790932531087912.067	,161.103,0.000000,0
7,aclnnMul_TransposeAiCore_Transpose,N/A,N/A,1790932531088073.190	,54.261,0.147000,0
7,aclnnMul_MulAiCore_Mul,N/A,N/A,1790932531088127.471	,16.700,0.000000,0
7,aclnnNeg_AsStridedAiCore_AsStrided,N/A,N/A,1790932531088144.191	,18.701,0.050000,0
7,aclnnNeg_NegAiCore_Neg,N/A,N/A,1790932531088162.912	,9.120,0.049000,0
7,aclnnCat_AsStridedAiCore_AsStrided,N/A,N/A,1790932531088172.052	,17.600,0.000000,0
7,aclnnCat_ConcatD_ConcatD,N/A,N/A,1790932531088189.672	,15.441,0.150000,0
7,aclnnMul_MulAiCore_Mul,N/A,N/A,1790932531088205.133	,17.400,0.059000,0
7,aclnnAdd_AddAiCore_Add,N/A,N/A,1790932531088222.553	,15.540,0.000000,0
7,aclnnInplaceCopy_AsStridedAiCore_AsStrided,N/A,N/A,1790932531088238.113	,39.601,0.000000,0
7,InnerPromptFlashAttention_PromptFlashAttention_PromptFlashAttention,N/A,N/A,1790932531088278.934	,1905.198,1.399000,0
7,aclnnInplaceCopy_TransposeAiCore_Transpose,N/A,N/A,1790932531090185.232	,156.983,1.052000,0
7,aclnnMatmul_MatMulV3Common_MatMulV3,N/A,N/A,1790932531090342.235	,708.354,0.017000,0
7,aclnnAdd_AddAiCore_Add,N/A,N/A,1790932531091050.609	,101.863,0.000000,0
7,aclnnInplaceCopy_CastAiCore_Cast,N/A,N/A,1790932531091152.492	,53.281,0.137000,0
7,aclnnPowTensorScalar_PowsAiCore_Pows,N/A,N/A,1790932531091205.793	,54.981,0.000000,0
7,aclnnMean_ReduceMeanAiCore_ReduceMean,N/A,N/A,1790932531091261.834	,72.481,1.019000,0
7,aclnnAdds_AddAiCore_Add,N/A,N/A,1790932531091335.355	,2.460,1.019000,0
7,aclnnRsqrt_RsqrtAiCore_Rsqrt,N/A,N/A,1790932531091337.835	,2.760,0.040000,0
7,aclnnMul_MulAiCore_Mul,N/A,N/A,1790932531091340.615	,73.182,0.000000,0
7,aclnnInplaceCopy_CastAiCore_Cast,N/A,N/A,1790932531091413.817	,41.421,0.068000,0
7,aclnnMul_MulAiCore_Mul,N/A,N/A,1790932531091455.258	,35.340,0.079000,0
7,aclnnMatmul_MatMulV3Common_MatMulV3,N/A,N/A,1790932531091490.618	,3461.589,0.000000,0
7,aclnnSilu_SliceAiCore_Slice,N/A,N/A,1790932531094952.227	,326.907,0.161000,0
7,aclnnSilu_SiluAiCore_Swish,N/A,N/A,1790932531095279.154	,320.886,0.093000,0
7,aclnnMul_SliceAiCore_Slice,N/A,N/A,1790932531095600.060	,308.267,0.000000,0
7,aclnnMul_MulAiCore_Mul,N/A,N/A,1790932531095908.347	,498.289,0.000000,0
7,aclnnMatmul_MatMulV3Common_MatMulV3,N/A,N/A,1790932531096406.656	,1751.235,0.211000,0
7,aclnnAdd_AddAiCore_Add,N/A,N/A,1790932531098157.911	,86.022,0.015000,0
7,aclnnAdd_AddAiCore_Add,N/A,N/A,1790932531098243.953	,69.542,0.000000,0
7,aclnnInplaceCopy_CastAiCore_Cast,N/A,N/A,1790932531098313.515	,37.040,0.000000,0
7,aclnnPowTensorScalar_PowsAiCore_Pows,N/A,N/A,1790932531098350.575	,54.041,0.000000,0
7,aclnnMean_ReduceMeanAiCore_ReduceMean,N/A,N/A,1790932531098405.996	,72.942,1.459000,0
7,aclnnAdds_AddAiCore_Add,N/A,N/A,1790932531098480.158	,2.480,1.308000,0
7,aclnnRsqrt_RsqrtAiCore_Rsqrt,N/A,N/A,1790932531098482.678	,3.020,0.020000,0
7,aclnnMul_MulAiCore_Mul,N/A,N/A,1790932531098485.718	,71.741,0.000000,0
7,aclnnInplaceCopy_CastAiCore_Cast,N/A,N/A,1790932531098557.479	,41.481,0.009000,0
7,aclnnMul_MulAiCore_Mul,N/A,N/A,1790932531098598.980	,41.801,0.019000,0
7,aclnnMatmul_MatMulV3Common_MatMulV3,N/A,N/A,1790932531098640.801	,1069.821,0.000000,0
7,aclnnInplaceCopy_SliceAiCore_Slice,N/A,N/A,1790932531099710.642	,94.162,0.179000,0
7,aclnnInplaceCopy_CastAiCore_Cast,N/A,N/A,1790932531099804.824	,83.762,0.000000,0
7,aclnnPowTensorScalar_PowsAiCore_Pows,N/A,N/A,1790932531099888.606	,136.423,0.000000,0
7,aclnnMean_ReduceMeanAiCore_ReduceMean,N/A,N/A,1790932531100026.409	,88.322,1.577000,0
7,aclnnAdds_AddAiCore_Add,N/A,N/A,1790932531100115.771	,7.000,0.928000,0
7,aclnnRsqrt_RsqrtAiCore_Rsqrt,N/A,N/A,1790932531100122.791	,8.780,0.000000,0
7,aclnnMul_MulAiCore_Mul,N/A,N/A,1790932531100131.591	,110.582,0.000000,0
7,aclnnInplaceCopy_CastAiCore_Cast,N/A,N/A,1790932531100242.193	,60.301,0.168000,0
7,aclnnMul_MulAiCore_Mul,N/A,N/A,1790932531100302.514	,59.962,0.000000,0
7,aclnnInplaceCopy_SliceAiCore_Slice,N/A,N/A,1790932531100362.496	,55.961,0.038000,0
7,aclnnInplaceCopy_CastAiCore_Cast,N/A,N/A,1790932531100418.477	,32.640,0.039000,0
7,aclnnPowTensorScalar_PowsAiCore_Pows,N/A,N/A,1790932531100451.157	,40.121,0.110000,0
7,aclnnMean_ReduceMeanAiCore_ReduceMean,N/A,N/A,1790932531100492.618	,34.541,1.129000,0
7,aclnnAdds_AddAiCore_Add,N/A,N/A,1790932531100527.879	,6.580,0.959000,0
7,aclnnRsqrt_RsqrtAiCore_Rsqrt,N/A,N/A,1790932531100534.479	,7.920,0.000000,0
7,aclnnMul_MulAiCore_Mul,N/A,N/A,1790932531100542.419	,37.101,0.080000,0
7,aclnnInplaceCopy_CastAiCore_Cast,N/A,N/A,1790932531100579.540	,16.480,0.000000,0
7,aclnnMul_MulAiCore_Mul,N/A,N/A,1790932531100596.040	,21.701,0.020000,0
7,aclnnMul_TransposeAiCore_Transpose,N/A,N/A,1790932531100617.761	,189.703,0.049000,0
7,aclnnMul_MulAiCore_Mul,N/A,N/A,1790932531100807.484	,63.182,0.047000,0
7,aclnnNeg_AsStridedAiCore_AsStrided,N/A,N/A,1790932531100870.706	,105.802,0.068000,0
7,aclnnNeg_NegAiCore_Neg,N/A,N/A,1790932531100976.528	,30.540,0.000000,0
7,aclnnCat_AsStridedAiCore_AsStrided,N/A,N/A,1790932531101007.088	,56.142,0.000000,0
7,aclnnCat_ConcatD_ConcatD,N/A,N/A,1790932531101063.250	,42.260,0.108000,0
7,aclnnMul_MulAiCore_Mul,N/A,N/A,1790932531101105.530	,52.421,0.000000,0
7,aclnnAdd_AddAiCore_Add,N/A,N/A,1790932531101157.991	,161.164,0.079000,0
7,aclnnMul_TransposeAiCore_Transpose,N/A,N/A,1790932531101319.175	,54.481,0.086000,0
7,aclnnMul_MulAiCore_Mul,N/A,N/A,1790932531101373.676	,16.800,0.019000,0
7,aclnnNeg_AsStridedAiCore_AsStrided,N/A,N/A,1790932531101390.496	,18.940,0.000000,0
7,aclnnNeg_NegAiCore_Neg,N/A,N/A,1790932531101409.456	,11.581,0.060000,0
7,aclnnCat_AsStridedAiCore_AsStrided,N/A,N/A,1790932531101421.077	,17.360,0.000000,0
7,aclnnCat_ConcatD_ConcatD,N/A,N/A,1790932531101438.457	,15.440,0.140000,0
7,aclnnMul_MulAiCore_Mul,N/A,N/A,1790932531101453.917	,17.081,0.060000,0
7,aclnnAdd_AddAiCore_Add,N/A,N/A,1790932531101471.018	,15.480,0.000000,0
7,aclnnInplaceCopy_AsStridedAiCore_AsStrided,N/A,N/A,1790932531101486.518	,39.501,0.020000,0
7,InnerPromptFlashAttention_PromptFlashAttention_PromptFlashAttention,N/A,N/A,1790932531101527.099	,1907.398,0.999000,0
7,aclnnInplaceCopy_TransposeAiCore_Transpose,N/A,N/A,1790932531103435.337	,158.683,0.852000,0
7,aclnnMatmul_MatMulV3Common_MatMulV3,N/A,N/A,1790932531103594.060	,714.674,0.067000,0
7,aclnnAdd_AddAiCore_Add,N/A,N/A,1790932531104308.754	,101.522,0.076000,0
7,aclnnInplaceCopy_CastAiCore_Cast,N/A,N/A,1790932531104410.296	,52.521,0.000000,0
7,aclnnPowTensorScalar_PowsAiCore_Pows,N/A,N/A,1790932531104462.837	,52.942,0.000000,0
7,aclnnMean_ReduceMeanAiCore_ReduceMean,N/A,N/A,1790932531104517.139	,71.861,1.558000,0
7,aclnnAdds_AddAiCore_Add,N/A,N/A,1790932531104590.100	,2.660,0.889000,0
7,aclnnRsqrt_RsqrtAiCore_Rsqrt,N/A,N/A,1790932531104592.780	,2.860,0.090000,0
7,aclnnMul_MulAiCore_Mul,N/A,N/A,1790932531104595.660	,71.782,0.140000,0
7,aclnnInplaceCopy_CastAiCore_Cast,N/A,N/A,1790932531104667.462	,41.680,0.000000,0
7,aclnnMul_MulAiCore_Mul,N/A,N/A,1790932531104709.162	,35.841,0.070000,0
7,aclnnMatmul_MatMulV3Common_MatMulV3,N/A,N/A,1790932531104745.023	,3460.349,0.000000,0
7,aclnnSilu_SliceAiCore_Slice,N/A,N/A,1790932531108205.392	,325.987,0.151000,0
7,aclnnSilu_SiluAiCore_Swish,N/A,N/A,1790932531108531.419	,322.286,0.013000,0
7,aclnnMul_SliceAiCore_Slice,N/A,N/A,1790932531108853.725	,306.826,0.000000,0
7,aclnnMul_MulAiCore_Mul,N/A,N/A,1790932531109160.571	,498.950,0.000000,0
7,aclnnMatmul_MatMulV3Common_MatMulV3,N/A,N/A,1790932531109659.541	,1756.475,0.050000,0
7,aclnnAdd_AddAiCore_Add,N/A,N/A,1790932531111416.036	,86.702,0.025000,0
7,aclnnInplaceCopy_CastAiCore_Cast,N/A,N/A,1790932531111502.758	,35.341,0.048000,0
7,aclnnPowTensorScalar_PowsAiCore_Pows,N/A,N/A,1790932531111538.119	,50.681,0.000000,0
7,aclnnMean_ReduceMeanAiCore_ReduceMean,N/A,N/A,1790932531111590.020	,72.581,1.319000,0
7,aclnnAdds_AddAiCore_Add,N/A,N/A,1790932531111663.541	,2.560,0.919000,0
7,aclnnRsqrt_RsqrtAiCore_Rsqrt,N/A,N/A,1790932531111666.121	,2.740,0.000000,0
7,aclnnMul_MulAiCore_Mul,N/A,N/A,1790932531111668.881	,72.562,0.260000,0
7,aclnnInplaceCopy_CastAiCore_Cast,N/A,N/A,1790932531111741.463	,41.261,0.000000,0
7,aclnnMul_MulAiCore_Mul,N/A,N/A,1790932531111782.744	,40.681,0.000000,0
7,aclnnMatmul_MatMulV3Common_MatMulV3,N/A,N/A,1790932531111823.445	,1068.121,0.069000,0
7,aclnnInplaceCopy_SliceAiCore_Slice,N/A,N/A,1790932531112891.586	,92.682,0.000000,0
7,aclnnInplaceCopy_CastAiCore_Cast,N/A,N/A,1790932531112984.308	,84.741,0.068000,0
7,aclnnPowTensorScalar_PowsAiCore_Pows,N/A,N/A,1790932531113069.089	,134.363,0.009000,0
7,aclnnMean_ReduceMeanAiCore_ReduceMean,N/A,N/A,1790932531113204.352	,89.062,0.887000,0
7,aclnnAdds_AddAiCore_Add,N/A,N/A,1790932531113294.474	,7.140,1.188000,0
7,aclnnRsqrt_RsqrtAiCore_Rsqrt,N/A,N/A,1790932531113301.654	,8.800,0.110000,0
7,aclnnMul_MulAiCore_Mul,N/A,N/A,1790932531113310.474	,111.462,0.000000,0
7,aclnnInplaceCopy_CastAiCore_Cast,N/A,N/A,1790932531113421.956	,59.882,0.038000,0
7,aclnnMul_MulAiCore_Mul,N/A,N/A,1790932531113481.858	,60.581,0.000000,0
7,aclnnInplaceCopy_SliceAiCore_Slice,N/A,N/A,1790932531113542.479	,55.541,0.169000,0
7,aclnnInplaceCopy_CastAiCore_Cast,N/A,N/A,1790932531113598.040	,33.261,0.000000,0
7,aclnnPowTensorScalar_PowsAiCore_Pows,N/A,N/A,1790932531113631.321	,38.120,0.000000,0
7,aclnnMean_ReduceMeanAiCore_ReduceMean,N/A,N/A,1790932531113670.861	,29.901,1.380000,0
7,aclnnAdds_AddAiCore_Add,N/A,N/A,1790932531113701.662	,6.540,1.099000,0
7,aclnnRsqrt_RsqrtAiCore_Rsqrt,N/A,N/A,1790932531113708.222	,7.860,0.000000,0
7,aclnnMul_MulAiCore_Mul,N/A,N/A,1790932531113716.102	,37.741,0.000000,0
7,aclnnInplaceCopy_CastAiCore_Cast,N/A,N/A,1790932531113753.863	,16.880,0.009000,0
7,aclnnMul_MulAiCore_Mul,N/A,N/A,1790932531113770.763	,21.821,0.120000,0
7,aclnnMul_TransposeAiCore_Transpose,N/A,N/A,1790932531113792.604	,188.104,0.000000,0
7,aclnnMul_MulAiCore_Mul,N/A,N/A,1790932531113980.748	,62.201,0.146000,0
7,aclnnNeg_AsStridedAiCore_AsStrided,N/A,N/A,1790932531114042.989	,103.702,0.049000,0
7,aclnnNeg_NegAiCore_Neg,N/A,N/A,1790932531114146.731	,30.741,0.048000,0
7,aclnnCat_AsStridedAiCore_AsStrided,N/A,N/A,1790932531114177.512	,56.461,0.009000,0
7,aclnnCat_ConcatD_ConcatD,N/A,N/A,1790932531114233.993	,40.940,0.039000,0
7,aclnnMul_MulAiCore_Mul,N/A,N/A,1790932531114274.953	,52.102,0.060000,0
7,aclnnAdd_AddAiCore_Add,N/A,N/A,1790932531114327.075	,161.043,0.000000,0
7,aclnnMul_TransposeAiCore_Transpose,N/A,N/A,1790932531114488.138	,54.161,0.207000,0
7,aclnnMul_MulAiCore_Mul,N/A,N/A,1790932531114542.319	,17.140,0.000000,0
7,aclnnNeg_AsStridedAiCore_AsStrided,N/A,N/A,1790932531114559.479	,18.921,0.110000,0
7,aclnnNeg_NegAiCore_Neg,N/A,N/A,1790932531114578.420	,9.340,0.079000,0
7,aclnnCat_AsStridedAiCore_AsStrided,N/A,N/A,1790932531114587.780	,17.700,0.000000,0
7,aclnnCat_ConcatD_ConcatD,N/A,N/A,1790932531114605.500	,15.640,0.050000,0
7,aclnnMul_MulAiCore_Mul,N/A,N/A,1790932531114621.160	,17.581,0.110000,0
7,aclnnAdd_AddAiCore_Add,N/A,N/A,1790932531114638.761	,15.300,0.000000,0
7,aclnnInplaceCopy_AsStridedAiCore_AsStrided,N/A,N/A,1790932531114654.081	,39.241,0.000000,0
7,InnerPromptFlashAttention_PromptFlashAttention_PromptFlashAttention,N/A,N/A,1790932531114694.582	,1925.398,1.259000,0
7,aclnnInplaceCopy_TransposeAiCore_Transpose,N/A,N/A,1790932531116621.080	,156.744,1.102000,0
7,aclnnMatmul_MatMulV3Common_MatMulV3,N/A,N/A,1790932531116777.844	,708.794,0.006000,0
7,aclnnAdd_AddAiCore_Add,N/A,N/A,1790932531117486.658	,102.522,0.206000,0
7,aclnnInplaceCopy_CastAiCore_Cast,N/A,N/A,1790932531117589.200	,52.561,0.000000,0
7,aclnnPowTensorScalar_PowsAiCore_Pows,N/A,N/A,1790932531117641.781	,53.741,0.000000,0
7,aclnnMean_ReduceMeanAiCore_ReduceMean,N/A,N/A,1790932531117696.962	,71.241,1.509000,0
7,aclnnAdds_AddAiCore_Add,N/A,N/A,1790932531117769.303	,2.740,1.009000,0
7,aclnnRsqrt_RsqrtAiCore_Rsqrt,N/A,N/A,1790932531117772.063	,2.880,0.010000,0
7,aclnnMul_MulAiCore_Mul,N/A,N/A,1790932531117774.963	,72.242,0.120000,0
7,aclnnInplaceCopy_CastAiCore_Cast,N/A,N/A,1790932531117847.245	,41.881,0.008000,0
7,aclnnMul_MulAiCore_Mul,N/A,N/A,1790932531117889.146	,41.181,0.119000,0
7,aclnnMatmul_MatMulV3Common_MatMulV3,N/A,N/A,1790932531117930.347	,3480.669,0.000000,0
7,aclnnSilu_SliceAiCore_Slice,N/A,N/A,1790932531121411.036	,330.287,0.081000,0
7,aclnnSilu_SiluAiCore_Swish,N/A,N/A,1790932531121741.363	,322.226,0.000000,0
7,aclnnMul_SliceAiCore_Slice,N/A,N/A,1790932531122063.609	,307.466,0.024000,0
7,aclnnMul_MulAiCore_Mul,N/A,N/A,1790932531122371.095	,510.250,0.034000,0
7,aclnnMatmul_MatMulV3Common_MatMulV3,N/A,N/A,1790932531122881.365	,1741.755,0.000000,0
7,aclnnAdd_AddAiCore_Add,N/A,N/A,1790932531124623.160	,87.862,0.245000,0
7,aclnnInplaceCopy_CastAiCore_Cast,N/A,N/A,1790932531124711.042	,35.741,0.000000,0
7,aclnnPowTensorScalar_PowsAiCore_Pows,N/A,N/A,1790932531124746.803	,50.141,0.009000,0
7,aclnnMean_ReduceMeanAiCore_ReduceMean,N/A,N/A,1790932531124797.864	,72.821,0.859000,0
7,aclnnAdds_AddAiCore_Add,N/A,N/A,1790932531124871.425	,2.460,0.929000,0
7,aclnnRsqrt_RsqrtAiCore_Rsqrt,N/A,N/A,1790932531124873.905	,2.780,0.040000,0
7,aclnnMul_MulAiCore_Mul,N/A,N/A,1790932531124876.705	,71.502,0.000000,0
7,aclnnInplaceCopy_CastAiCore_Cast,N/A,N/A,1790932531124948.227	,41.581,0.000000,0
7,aclnnMul_MulAiCore_Mul,N/A,N/A,1790932531124989.828	,40.520,0.000000,0
7,aclnnMatmul_MatMulV3Common_MatMulV3,N/A,N/A,1790932531125030.368	,1070.242,0.000000,0
7,aclnnInplaceCopy_SliceAiCore_Slice,N/A,N/A,1790932531126100.630	,95.162,0.258000,0
7,aclnnInplaceCopy_CastAiCore_Cast,N/A,N/A,1790932531126195.812	,84.441,0.000000,0
7,aclnnPowTensorScalar_PowsAiCore_Pows,N/A,N/A,1790932531126280.273	,145.763,0.059000,0
7,aclnnMean_ReduceMeanAiCore_ReduceMean,N/A,N/A,1790932531126426.996	,91.122,0.987000,0
7,aclnnAdds_AddAiCore_Add,N/A,N/A,1790932531126518.838	,6.960,0.628000,0
7,aclnnRsqrt_RsqrtAiCore_Rsqrt,N/A,N/A,1790932531126525.818	,8.600,0.040000,0
7,aclnnMul_MulAiCore_Mul,N/A,N/A,1790932531126534.438	,113.103,0.150000,0
7,aclnnInplaceCopy_CastAiCore_Cast,N/A,N/A,1790932531126647.581	,61.161,0.000000,0
7,aclnnMul_MulAiCore_Mul,N/A,N/A,1790932531126708.762	,60.561,0.089000,0
7,aclnnInplaceCopy_SliceAiCore_Slice,N/A,N/A,1790932531126769.343	,55.641,0.000000,0
7,aclnnInplaceCopy_CastAiCore_Cast,N/A,N/A,1790932531126825.004	,32.741,0.109000,0
7,aclnnPowTensorScalar_PowsAiCore_Pows,N/A,N/A,1790932531126857.765	,38.341,0.009000,0
7,aclnnMean_ReduceMeanAiCore_ReduceMean,N/A,N/A,1790932531126897.486	,29.340,1.409000,0
7,aclnnAdds_AddAiCore_Add,N/A,N/A,1790932531126927.846	,6.520,0.910000,0
7,aclnnRsqrt_RsqrtAiCore_Rsqrt,N/A,N/A,1790932531126934.386	,8.041,0.230000,0
7,aclnnMul_MulAiCore_Mul,N/A,N/A,1790932531126942.447	,37.440,0.000000,0
7,aclnnInplaceCopy_CastAiCore_Cast,N/A,N/A,1790932531126979.907	,16.741,0.060000,0
7,aclnnMul_MulAiCore_Mul,N/A,N/A,1790932531126996.668	,21.520,0.009000,0
7,aclnnMul_TransposeAiCore_Transpose,N/A,N/A,1790932531127018.208	,190.544,0.000000,0
7,aclnnMul_MulAiCore_Mul,N/A,N/A,1790932531127208.792	,63.141,0.000000,0
7,aclnnNeg_AsStridedAiCore_AsStrided,N/A,N/A,1790932531127271.973	,106.602,0.109000,0
7,aclnnNeg_NegAiCore_Neg,N/A,N/A,1790932531127378.595	,31.361,0.000000,0
7,aclnnCat_AsStridedAiCore_AsStrided,N/A,N/A,1790932531127409.976	,54.961,0.139000,0
7,aclnnCat_ConcatD_ConcatD,N/A,N/A,1790932531127464.957	,41.341,0.039000,0
7,aclnnMul_MulAiCore_Mul,N/A,N/A,1790932531127506.318	,52.661,0.000000,0
7,aclnnAdd_AddAiCore_Add,N/A,N/A,1790932531127558.999	,162.423,0.089000,0
7,aclnnMul_TransposeAiCore_Transpose,N/A,N/A,1790932531127721.442	,56.741,0.077000,0
7,aclnnMul_MulAiCore_Mul,N/A,N/A,1790932531127778.223	,16.961,0.009000,0
7,aclnnNeg_AsStridedAiCore_AsStrided,N/A,N/A,1790932531127795.204	,18.320,0.039000,0
7,aclnnNeg_NegAiCore_Neg,N/A,N/A,1790932531127813.544	,9.180,0.000000,0
7,aclnnCat_AsStridedAiCore_AsStrided,N/A,N/A,1790932531127822.764	,18.261,0.070000,0
7,aclnnCat_ConcatD_ConcatD,N/A,N/A,1790932531127841.045	,16.880,0.000000,0
7,aclnnMul_MulAiCore_Mul,N/A,N/A,1790932531127857.945	,17.100,0.120000,0
7,aclnnAdd_AddAiCore_Add,N/A,N/A,1790932531127875.085	,15.381,0.000000,0
7,aclnnInplaceCopy_AsStridedAiCore_AsStrided,N/A,N/A,1790932531127890.486	,39.820,0.119000,0
7,InnerPromptFlashAttention_PromptFlashAttention_PromptFlashAttention,N/A,N/A,1790932531127931.326	,1903.238,0.930000,0
7,aclnnInplaceCopy_TransposeAiCore_Transpose,N/A,N/A,1790932531129835.524	,156.004,1.012000,0
7,aclnnMatmul_MatMulV3Common_MatMulV3,N/A,N/A,1790932531129991.548	,716.834,0.000000,0
7,aclnnAdd_AddAiCore_Add,N/A,N/A,1790932531130708.402	,102.222,0.166000,0
7,aclnnInplaceCopy_CastAiCore_Cast,N/A,N/A,1790932531130810.644	,52.661,0.028000,0
7,aclnnPowTensorScalar_PowsAiCore_Pows,N/A,N/A,1790932531130863.325	,55.461,0.000000,0
7,aclnnMean_ReduceMeanAiCore_ReduceMean,N/A,N/A,1790932531130920.166	,71.882,1.539000,0
7,aclnnAdds_AddAiCore_Add,N/A,N/A,1790932531130993.208	,2.680,1.118000,0
7,aclnnRsqrt_RsqrtAiCore_Rsqrt,N/A,N/A,1790932531130995.908	,2.780,0.070000,0
7,aclnnMul_MulAiCore_Mul,N/A,N/A,1790932531130998.708	,73.781,0.000000,0
7,aclnnInplaceCopy_CastAiCore_Cast,N/A,N/A,1790932531131072.509	,41.361,0.000000,0
7,aclnnMul_MulAiCore_Mul,N/A,N/A,1790932531131113.890	,35.081,0.139000,0
7,aclnnMatmul_MatMulV3Common_MatMulV3,N/A,N/A,1790932531131149.011	,3485.929,0.000000,0
7,aclnnSilu_SliceAiCore_Slice,N/A,N/A,1790932531134634.960	,325.227,0.071000,0
7,aclnnSilu_SiluAiCore_Swish,N/A,N/A,1790932531134960.207	,322.846,0.023000,0
7,aclnnMul_SliceAiCore_Slice,N/A,N/A,1790932531135283.073	,308.566,0.000000,0
7,aclnnMul_MulAiCore_Mul,N/A,N/A,1790932531135591.659	,499.210,0.184000,0
7,aclnnMatmul_MatMulV3Common_MatMulV3,N/A,N/A,1790932531136090.909	,1754.195,0.040000,0
7,aclnnAdd_AddAiCore_Add,N/A,N/A,1790932531137845.144	,86.642,0.055000,0
7,aclnnInplaceCopy_CastAiCore_Cast,N/A,N/A,1790932531137931.826	,35.681,0.000000,0
7,aclnnPowTensorScalar_PowsAiCore_Pows,N/A,N/A,1790932531137967.547	,51.481,0.069000,0
7,aclnnMean_ReduceMeanAiCore_ReduceMean,N/A,N/A,1790932531138020.048	,73.041,1.019000,0
7,aclnnAdds_AddAiCore_Add,N/A,N/A,1790932531138093.729	,2.660,0.709000,0
7,aclnnRsqrt_RsqrtAiCore_Rsqrt,N/A,N/A,1790932531138096.429	,2.841,0.090000,0
7,aclnnMul_MulAiCore_Mul,N/A,N/A,1790932531138099.310	,72.241,0.000000,0
7,aclnnInplaceCopy_CastAiCore_Cast,N/A,N/A,1790932531138171.571	,41.081,0.009000,0
7,aclnnMul_MulAiCore_Mul,N/A,N/A,1790932531138212.692	,40.581,0.169000,0
7,aclnnMatmul_MatMulV3Common_MatMulV3,N/A,N/A,1790932531138253.293	,1063.441,0.000000,0
7,aclnnInplaceCopy_SliceAiCore_Slice,N/A,N/A,1790932531139316.774	,93.782,0.059000,0
7,aclnnInplaceCopy_CastAiCore_Cast,N/A,N/A,1790932531139410.576	,85.481,0.000000,0
7,aclnnPowTensorScalar_PowsAiCore_Pows,N/A,N/A,1790932531139496.097	,138.543,0.019000,0
7,aclnnMean_ReduceMeanAiCore_ReduceMean,N/A,N/A,1790932531139635.600	,88.742,0.957000,0
7,aclnnAdds_AddAiCore_Add,N/A,N/A,1790932531139724.982	,6.980,0.758000,0
7,aclnnRsqrt_RsqrtAiCore_Rsqrt,N/A,N/A,1790932531139731.982	,8.760,0.020000,0
7,aclnnMul_MulAiCore_Mul,N/A,N/A,1790932531139740.782	,113.263,0.000000,0
7,aclnnInplaceCopy_CastAiCore_Cast,N/A,N/A,1790932531139854.065	,60.181,0.000000,0
7,aclnnMul_MulAiCore_Mul,N/A,N/A,1790932531139914.266	,59.981,0.069000,0
7,aclnnInplaceCopy_SliceAiCore_Slice,N/A,N/A,1790932531139974.267	,56.041,0.019000,0
7,aclnnInplaceCopy_CastAiCore_Cast,N/A,N/A,1790932531140030.328	,33.321,0.000000,0
7,aclnnPowTensorScalar_PowsAiCore_Pows,N/A,N/A,1790932531140063.669	,38.501,0.179000,0
7,aclnnMean_ReduceMeanAiCore_ReduceMean,N/A,N/A,1790932531140103.130	,29.480,0.999000,0
7,aclnnAdds_AddAiCore_Add,N/A,N/A,1790932531140133.490	,6.540,0.770000,0
7,aclnnRsqrt_RsqrtAiCore_Rsqrt,N/A,N/A,1790932531140140.050	,12.861,0.000000,0
7,aclnnMul_MulAiCore_Mul,N/A,N/A,1790932531140152.931	,37.480,0.139000,0
7,aclnnInplaceCopy_CastAiCore_Cast,N/A,N/A,1790932531140190.451	,16.461,0.020000,0
7,aclnnMul_MulAiCore_Mul,N/A,N/A,1790932531140206.932	,22.060,0.039000,0
7,aclnnMul_TransposeAiCore_Transpose,N/A,N/A,1790932531140229.012	,188.004,0.000000,0
7,aclnnMul_MulAiCore_Mul,N/A,N/A,1790932531140417.056	,61.261,0.000000,0
7,aclnnNeg_AsStridedAiCore_AsStrided,N/A,N/A,1790932531140478.337	,104.682,0.000000,0
7,aclnnNeg_NegAiCore_Neg,N/A,N/A,1790932531140583.039	,30.681,0.068000,0
7,aclnnCat_AsStridedAiCore_AsStrided,N/A,N/A,1790932531140613.760	,55.941,0.069000,0
7,aclnnCat_ConcatD_ConcatD,N/A,N/A,1790932531140669.721	,41.841,0.059000,0
7,aclnnMul_MulAiCore_Mul,N/A,N/A,1790932531140711.582	,57.721,0.000000,0
7,aclnnAdd_AddAiCore_Add,N/A,N/A,1790932531140769.323	,165.043,0.029000,0
7,aclnnMul_TransposeAiCore_Transpose,N/A,N/A,1790932531140934.386	,54.761,0.207000,0
7,aclnnMul_MulAiCore_Mul,N/A,N/A,1790932531140989.187	,16.841,0.000000,0
7,aclnnNeg_AsStridedAiCore_AsStrided,N/A,N/A,1790932531141006.048	,20.340,0.000000,0
7,aclnnNeg_NegAiCore_Neg,N/A,N/A,1790932531141026.408	,9.180,0.160000,0
7,aclnnCat_AsStridedAiCore_AsStrided,N/A,N/A,1790932531141035.628	,17.261,0.070000,0
7,aclnnCat_ConcatD_ConcatD,N/A,N/A,1790932531141052.909	,16.520,0.000000,0
7,aclnnMul_MulAiCore_Mul,N/A,N/A,1790932531141069.449	,17.260,0.000000,0
7,aclnnAdd_AddAiCore_Add,N/A,N/A,1790932531141086.749	,15.100,0.000000,0
7,aclnnInplaceCopy_AsStridedAiCore_AsStrided,N/A,N/A,1790932531141101.869	,39.621,0.000000,0
7,InnerPromptFlashAttention_PromptFlashAttention_PromptFlashAttention,N/A,N/A,1790932531141142.590	,1939.839,1.129000,0
7,aclnnInplaceCopy_TransposeAiCore_Transpose,N/A,N/A,1790932531143083.449	,156.643,1.161000,0
7,aclnnMatmul_MatMulV3Common_MatMulV3,N/A,N/A,1790932531143240.112	,707.054,0.000000,0
7,aclnnAdd_AddAiCore_Add,N/A,N/A,1790932531143947.186	,102.582,0.196000,0
7,aclnnInplaceCopy_CastAiCore_Cast,N/A,N/A,1790932531144049.788	,53.101,0.000000,0
7,aclnnPowTensorScalar_PowsAiCore_Pows,N/A,N/A,1790932531144102.909	,53.742,0.149000,0
7,aclnnMean_ReduceMeanAiCore_ReduceMean,N/A,N/A,1790932531144158.091	,73.161,1.258000,0
7,aclnnAdds_AddAiCore_Add,N/A,N/A,1790932531144232.292	,2.420,1.089000,0
7,aclnnRsqrt_RsqrtAiCore_Rsqrt,N/A,N/A,1790932531144234.732	,2.820,0.080000,0
7,aclnnMul_MulAiCore_Mul,N/A,N/A,1790932531144237.572	,72.362,0.000000,0
7,aclnnInplaceCopy_CastAiCore_Cast,N/A,N/A,1790932531144309.954	,41.740,0.138000,0
7,aclnnMul_MulAiCore_Mul,N/A,N/A,1790932531144351.714	,41.421,0.010000,0
7,aclnnMatmul_MatMulV3Common_MatMulV3,N/A,N/A,1790932531144393.155	,3466.310,0.079000,0
7,aclnnSilu_SliceAiCore_Slice,N/A,N/A,1790932531147859.485	,328.586,0.000000,0
7,aclnnSilu_SiluAiCore_Swish,N/A,N/A,1790932531148188.091	,321.366,0.000000,0
7,aclnnMul_SliceAiCore_Slice,N/A,N/A,1790932531148509.477	,305.907,0.134000,0
7,aclnnMul_MulAiCore_Mul,N/A,N/A,1790932531148815.404	,511.170,0.093000,0
7,aclnnMatmul_MatMulV3Common_MatMulV3,N/A,N/A,1790932531149326.614	,1734.854,0.000000,0
7,aclnnAdd_AddAiCore_Add,N/A,N/A,1790932531151061.488	,88.142,0.146000,0
7,aclnnInplaceCopy_CastAiCore_Cast,N/A,N/A,1790932531151149.650	,35.521,0.108000,0
7,aclnnPowTensorScalar_PowsAiCore_Pows,N/A,N/A,1790932531151185.191	,50.221,0.000000,0
7,aclnnMean_ReduceMeanAiCore_ReduceMean,N/A,N/A,1790932531151236.612	,72.781,1.029000,0
7,aclnnAdds_AddAiCore_Add,N/A,N/A,1790932531151310.113	,2.681,0.719000,0
7,aclnnRsqrt_RsqrtAiCore_Rsqrt,N/A,N/A,1790932531151312.814	,2.840,0.069000,0
7,aclnnMul_MulAiCore_Mul,N/A,N/A,1790932531151315.694	,72.581,0.160000,0
7,aclnnInplaceCopy_CastAiCore_Cast,N/A,N/A,1790932531151388.295	,41.721,0.000000,0
7,aclnnMul_MulAiCore_Mul,N/A,N/A,1790932531151430.036	,41.701,0.029000,0
7,aclnnMatmul_MatMulV3Common_MatMulV3,N/A,N/A,1790932531151471.757	,1067.081,0.049000,0
7,aclnnInplaceCopy_SliceAiCore_Slice,N/A,N/A,1790932531152538.858	,94.702,0.000000,0
7,aclnnInplaceCopy_CastAiCore_Cast,N/A,N/A,1790932531152633.580	,83.642,0.048000,0
7,aclnnPowTensorScalar_PowsAiCore_Pows,N/A,N/A,1790932531152717.242	,137.462,0.108000,0
7,aclnnMean_ReduceMeanAiCore_ReduceMean,N/A,N/A,1790932531152855.924	,89.242,1.288000,0
7,aclnnAdds_AddAiCore_Add,N/A,N/A,1790932531152945.866	,7.160,0.508000,0
7,aclnnRsqrt_RsqrtAiCore_Rsqrt,N/A,N/A,1790932531152953.046	,8.720,0.090000,0
7,aclnnMul_MulAiCore_Mul,N/A,N/A,1790932531152961.806	,113.103,0.030000,0
7,aclnnInplaceCopy_CastAiCore_Cast,N/A,N/A,1790932531153074.929	,60.861,0.147000,0
7,aclnnMul_MulAiCore_Mul,N/A,N/A,1790932531153135.830	,59.981,0.000000,0
7,aclnnInplaceCopy_SliceAiCore_Slice,N/A,N/A,1790932531153195.851	,55.801,0.019000,0
7,aclnnInplaceCopy_CastAiCore_Cast,N/A,N/A,1790932531153251.672	,32.921,0.199000,0
7,aclnnPowTensorScalar_PowsAiCore_Pows,N/A,N/A,1790932531153284.633	,38.221,0.079000,0
7,aclnnMean_ReduceMeanAiCore_ReduceMean,N/A,N/A,1790932531153323.854	,29.660,0.779000,0
7,aclnnAdds_AddAiCore_Add,N/A,N/A,1790932531153354.214	,6.540,0.840000,0
7,aclnnRsqrt_RsqrtAiCore_Rsqrt,N/A,N/A,1790932531153360.774	,7.821,0.000000,0
7,aclnnMul_MulAiCore_Mul,N/A,N/A,1790932531153368.615	,36.900,0.000000,0
7,aclnnInplaceCopy_CastAiCore_Cast,N/A,N/A,1790932531153405.535	,16.421,0.100000,0
7,aclnnMul_MulAiCore_Mul,N/A,N/A,1790932531153421.996	,22.020,0.079000,0
7,aclnnMul_TransposeAiCore_Transpose,N/A,N/A,1790932531153444.056	,184.864,0.000000,0
7,aclnnMul_MulAiCore_Mul,N/A,N/A,1790932531153628.940	,64.661,0.136000,0
7,aclnnNeg_AsStridedAiCore_AsStrided,N/A,N/A,1790932531153693.621	,110.302,0.000000,0
7,aclnnNeg_NegAiCore_Neg,N/A,N/A,1790932531153803.943	,30.861,0.198000,0
7,aclnnCat_AsStridedAiCore_AsStrided,N/A,N/A,1790932531153834.824	,54.261,0.000000,0
7,aclnnCat_ConcatD_ConcatD,N/A,N/A,1790932531153889.125	,40.261,0.000000,0
7,aclnnMul_MulAiCore_Mul,N/A,N/A,1790932531153929.426	,53.601,0.239000,0
7,aclnnAdd_AddAiCore_Add,N/A,N/A,1790932531153983.067	,162.643,0.000000,0
7,aclnnMul_TransposeAiCore_Transpose,N/A,N/A,1790932531154145.750	,53.241,0.107000,0
7,aclnnMul_MulAiCore_Mul,N/A,N/A,1790932531154199.011	,17.241,0.009000,0
7,aclnnNeg_AsStridedAiCore_AsStrided,N/A,N/A,1790932531154216.272	,18.840,0.009000,0
7,aclnnNeg_NegAiCore_Neg,N/A,N/A,1790932531154235.132	,9.260,0.160000,0
7,aclnnCat_AsStridedAiCore_AsStrided,N/A,N/A,1790932531154244.432	,17.760,0.000000,0
7,aclnnCat_ConcatD_ConcatD,N/A,N/A,1790932531154262.212	,15.441,0.000000,0
7,aclnnMul_MulAiCore_Mul,N/A,N/A,1790932531154277.673	,17.540,0.059000,0
7,aclnnAdd_AddAiCore_Add,N/A,N/A,1790932531154295.233	,15.220,0.000000,0
7,aclnnInplaceCopy_AsStridedAiCore_AsStrided,N/A,N/A,1790932531154310.493	,39.701,0.030000,0
7,InnerPromptFlashAttention_PromptFlashAttention_PromptFlashAttention,N/A,N/A,1790932531154351.354	,1952.239,1.049000,0
7,aclnnInplaceCopy_TransposeAiCore_Transpose,N/A,N/A,1790932531156304.593	,161.963,1.011000,0
7,aclnnMatmul_MatMulV3Common_MatMulV3,N/A,N/A,1790932531156466.576	,711.855,0.037000,0
7,aclnnAdd_AddAiCore_Add,N/A,N/A,1790932531157178.451	,102.402,0.145000,0
7,aclnnInplaceCopy_CastAiCore_Cast,N/A,N/A,1790932531157280.873	,53.341,0.000000,0
7,aclnnPowTensorScalar_PowsAiCore_Pows,N/A,N/A,1790932531157334.234	,54.241,0.159000,0
7,aclnnMean_ReduceMeanAiCore_ReduceMean,N/A,N/A,1790932531157389.895	,72.421,1.509000,0
7,aclnnAdds_AddAiCore_Add,N/A,N/A,1790932531157463.436	,2.500,1.079000,0
7,aclnnRsqrt_RsqrtAiCore_Rsqrt,N/A,N/A,1790932531157465.956	,3.141,0.000000,0
7,aclnnMul_MulAiCore_Mul,N/A,N/A,1790932531157469.117	,72.821,0.000000,0
7,aclnnInplaceCopy_CastAiCore_Cast,N/A,N/A,1790932531157541.978	,41.721,0.179000,0
7,aclnnMul_MulAiCore_Mul,N/A,N/A,1790932531157583.719	,34.921,0.029000,0
7,aclnnMatmul_MatMulV3Common_MatMulV3,N/A,N/A,1790932531157618.660	,3471.469,0.079000,0
7,aclnnSilu_SliceAiCore_Slice,N/A,N/A,1790932531161090.149	,325.486,0.031000,0
7,aclnnSilu_SiluAiCore_Swish,N/A,N/A,1790932531161415.655	,321.787,0.014000,0
7,aclnnMul_SliceAiCore_Slice,N/A,N/A,1790932531161737.462	,306.926,0.000000,0
7,aclnnMul_MulAiCore_Mul,N/A,N/A,1790932531162044.428	,497.330,0.074000,0
7,aclnnMatmul_MatMulV3Common_MatMulV3,N/A,N/A,1790932531162541.778	,1755.235,0.000000,0
7,aclnnAdd_AddAiCore_Add,N/A,N/A,1790932531164297.033	,87.502,0.015000,0
7,aclnnInplaceCopy_CastAiCore_Cast,N/A,N/A,1790932531164384.555	,34.540,0.000000,0
7,aclnnPowTensorScalar_PowsAiCore_Pows,N/A,N/A,1790932531164419.115	,50.521,0.000000,0
7,aclnnMean_ReduceMeanAiCore_ReduceMean,N/A,N/A,1790932531164471.016	,73.062,1.479000,0
7,aclnnAdds_AddAiCore_Add,N/A,N/A,1790932531164545.198	,2.680,1.188000,0
7,aclnnRsqrt_RsqrtAiCore_Rsqrt,N/A,N/A,1790932531164547.918	,2.960,0.070000,0
7,aclnnMul_MulAiCore_Mul,N/A,N/A,1790932531164550.918	,71.681,0.040000,0
7,aclnnInplaceCopy_CastAiCore_Cast,N/A,N/A,1790932531164622.619	,41.141,0.000000,0
7,aclnnMul_MulAiCore_Mul,N/A,N/A,1790932531164663.780	,40.201,0.109000,0
7,aclnnMatmul_MatMulV3Common_MatMulV3,N/A,N/A,1790932531164704.001	,1071.421,0.049000,0
7,aclnnInplaceCopy_SliceAiCore_Slice,N/A,N/A,1790932531165775.462	,92.022,0.079000,0
7,aclnnInplaceCopy_CastAiCore_Cast,N/A,N/A,1790932531165867.524	,85.482,0.000000,0
7,aclnnPowTensorScalar_PowsAiCore_Pows,N/A,N/A,1790932531165953.026	,137.163,0.018000,0
7,aclnnMean_ReduceMeanAiCore_ReduceMean,N/A,N/A,1790932531166091.349	,88.782,1.087000,0
7,aclnnAdds_AddAiCore_Add,N/A,N/A,1790932531166181.371	,7.060,1.218000,0
7,aclnnRsqrt_RsqrtAiCore_Rsqrt,N/A,N/A,1790932531166188.451	,14.380,0.190000,0
7,aclnnMul_MulAiCore_Mul,N/A,N/A,1790932531166202.851	,110.082,0.000000,0
7,aclnnInplaceCopy_CastAiCore_Cast,N/A,N/A,1790932531166312.973	,59.781,0.168000,0
7,aclnnMul_MulAiCore_Mul,N/A,N/A,1790932531166372.774	,59.802,0.000000,0
7,aclnnInplaceCopy_SliceAiCore_Slice,N/A,N/A,1790932531166432.596	,55.461,0.000000,0
7,aclnnInplaceCopy_CastAiCore_Cast,N/A,N/A,1790932531166488.077	,32.880,0.039000,0
7,aclnnPowTensorScalar_PowsAiCore_Pows,N/A,N/A,1790932531166520.977	,38.801,0.120000,0
7,aclnnMean_ReduceMeanAiCore_ReduceMean,N/A,N/A,1790932531166560.758	,29.361,0.949000,0
7,aclnnAdds_AddAiCore_Add,N/A,N/A,1790932531166591.139	,6.560,1.139000,0
7,aclnnRsqrt_RsqrtAiCore_Rsqrt,N/A,N/A,1790932531166597.739	,7.960,0.000000,0
7,aclnnMul_MulAiCore_Mul,N/A,N/A,1790932531166605.719	,36.921,0.040000,0
7,aclnnInplaceCopy_CastAiCore_Cast,N/A,N/A,1790932531166642.660	,16.760,0.079000,0
7,aclnnMul_MulAiCore_Mul,N/A,N/A,1790932531166659.440	,21.541,0.000000,0
7,aclnnMul_TransposeAiCore_Transpose,N/A,N/A,1790932531166681.001	,188.903,0.000000,0
7,aclnnMul_MulAiCore_Mul,N/A,N/A,1790932531166869.924	,63.082,0.097000,0
7,aclnnNeg_AsStridedAiCore_AsStrided,N/A,N/A,1790932531166933.026	,104.642,0.000000,0
7,aclnnNeg_NegAiCore_Neg,N/A,N/A,1790932531167037.688	,30.780,0.108000,0
7,aclnnCat_AsStridedAiCore_AsStrided,N/A,N/A,1790932531167068.488	,53.901,0.000000,0
7,aclnnCat_ConcatD_ConcatD,N/A,N/A,1790932531167122.409	,41.161,0.099000,0
7,aclnnMul_MulAiCore_Mul,N/A,N/A,1790932531167163.590	,53.301,0.000000,0
7,aclnnAdd_AddAiCore_Add,N/A,N/A,1790932531167216.911	,161.984,0.199000,0
7,aclnnMul_TransposeAiCore_Transpose,N/A,N/A,1790932531167378.915	,56.701,0.016000,0
7,aclnnMul_MulAiCore_Mul,N/A,N/A,1790932531167435.656	,17.060,0.049000,0
7,aclnnNeg_AsStridedAiCore_AsStrided,N/A,N/A,1790932531167452.756	,18.300,0.000000,0
7,aclnnNeg_NegAiCore_Neg,N/A,N/A,1790932531167471.076	,9.441,0.000000,0
7,aclnnCat_AsStridedAiCore_AsStrided,N/A,N/A,1790932531167480.537	,18.260,0.059000,0
7,aclnnCat_ConcatD_ConcatD,N/A,N/A,1790932531167498.817	,15.480,0.000000,0
7,aclnnMul_MulAiCore_Mul,N/A,N/A,1790932531167514.317	,17.261,0.020000,0
7,aclnnAdd_AddAiCore_Add,N/A,N/A,1790932531167531.598	,15.600,0.000000,0
7,aclnnInplaceCopy_AsStridedAiCore_AsStrided,N/A,N/A,1790932531167547.218	,39.861,0.150000,0
7,InnerPromptFlashAttention_PromptFlashAttention_PromptFlashAttention,N/A,N/A,1790932531167588.359	,1893.878,1.139000,0
7,aclnnInplaceCopy_TransposeAiCore_Transpose,N/A,N/A,1790932531169483.057	,155.363,0.872000,0
7,aclnnMatmul_MatMulV3Common_MatMulV3,N/A,N/A,1790932531169638.440	,707.794,0.137000,0
7,aclnnAdd_AddAiCore_Add,N/A,N/A,1790932531170346.254	,102.442,0.000000,0
7,aclnnInplaceCopy_CastAiCore_Cast,N/A,N/A,1790932531170448.716	,52.881,0.058000,0
7,aclnnPowTensorScalar_PowsAiCore_Pows,N/A,N/A,1790932531170501.617	,54.641,0.000000,0
7,aclnnMean_ReduceMeanAiCore_ReduceMean,N/A,N/A,1790932531170557.238	,71.421,1.109000,0
7,aclnnAdds_AddAiCore_Add,N/A,N/A,1790932531170629.579	,2.501,0.829000,0
7,aclnnRsqrt_RsqrtAiCore_Rsqrt,N/A,N/A,1790932531170632.100	,2.760,0.000000,0
7,aclnnMul_MulAiCore_Mul,N/A,N/A,1790932531170634.880	,73.321,0.240000,0
7,aclnnInplaceCopy_CastAiCore_Cast,N/A,N/A,1790932531170708.221	,41.561,0.000000,0
7,aclnnMul_MulAiCore_Mul,N/A,N/A,1790932531170749.802	,41.001,0.000000,0
7,aclnnMatmul_MatMulV3Common_MatMulV3,N/A,N/A,1790932531170790.823	,3474.889,0.000000,0
7,aclnnSilu_SliceAiCore_Slice,N/A,N/A,1790932531174265.732	,329.807,0.111000,0
7,aclnnSilu_SiluAiCore_Swish,N/A,N/A,1790932531174595.559	,321.526,0.000000,0
7,aclnnMul_SliceAiCore_Slice,N/A,N/A,1790932531174917.105	,307.046,0.000000,0
7,aclnnMul_MulAiCore_Mul,N/A,N/A,1790932531175224.171	,510.250,0.204000,0
7,aclnnMatmul_MatMulV3Common_MatMulV3,N/A,N/A,1790932531175734.441	,1737.435,0.000000,0
7,aclnnAdd_AddAiCore_Add,N/A,N/A,1790932531177471.896	,88.542,0.065000,0
7,aclnnInplaceCopy_CastAiCore_Cast,N/A,N/A,1790932531177560.458	,36.361,0.000000,0
7,aclnnPowTensorScalar_PowsAiCore_Pows,N/A,N/A,1790932531177596.839	,50.301,0.000000,0
7,aclnnMean_ReduceMeanAiCore_ReduceMean,N/A,N/A,1790932531177648.300	,73.381,1.199000,0
7,aclnnAdds_AddAiCore_Add,N/A,N/A,1790932531177722.541	,2.460,0.869000,0
7,aclnnRsqrt_RsqrtAiCore_Rsqrt,N/A,N/A,1790932531177725.021	,2.940,0.040000,0
7,aclnnMul_MulAiCore_Mul,N/A,N/A,1790932531177727.981	,71.122,0.060000,0
7,aclnnInplaceCopy_CastAiCore_Cast,N/A,N/A,1790932531177799.123	,42.341,0.000000,0
7,aclnnMul_MulAiCore_Mul,N/A,N/A,1790932531177841.484	,40.580,0.159000,0
7,aclnnMatmul_MatMulV3Common_MatMulV3,N/A,N/A,1790932531177882.104	,1077.342,0.000000,0
7,aclnnInplaceCopy_SliceAiCore_Slice,N/A,N/A,1790932531178959.466	,94.062,0.158000,0
7,aclnnInplaceCopy_CastAiCore_Cast,N/A,N/A,1790932531179053.568	,85.661,0.000000,0
7,aclnnPowTensorScalar_PowsAiCore_Pows,N/A,N/A,1790932531179139.249	,135.123,0.089000,0
7,aclnnMean_ReduceMeanAiCore_ReduceMean,N/A,N/A,1790932531179275.452	,88.542,1.127000,0
7,aclnnAdds_AddAiCore_Add,N/A,N/A,1790932531179364.774	,7.040,0.708000,0
7,aclnnRsqrt_RsqrtAiCore_Rsqrt,N/A,N/A,1790932531179371.834	,8.920,0.000000,0
7,aclnnMul_MulAiCore_Mul,N/A,N/A,1790932531179380.774	,109.622,0.080000,0
7,aclnnInplaceCopy_CastAiCore_Cast,N/A,N/A,1790932531179490.416	,60.002,0.128000,0
7,aclnnMul_MulAiCore_Mul,N/A,N/A,1790932531179550.438	,60.421,0.000000,0
7,aclnnInplaceCopy_SliceAiCore_Slice,N/A,N/A,1790932531179610.879	,56.061,0.079000,0
7,aclnnInplaceCopy_CastAiCore_Cast,N/A,N/A,1790932531179666.960	,32.801,0.000000,0
7,aclnnPowTensorScalar_PowsAiCore_Pows,N/A,N/A,1790932531179699.781	,38.580,0.000000,0
7,aclnnMean_ReduceMeanAiCore_ReduceMean,N/A,N/A,1790932531179739.381	,29.461,1.170000,0
7,aclnnAdds_AddAiCore_Add,N/A,N/A,1790932531179769.742	,6.740,0.789000,0
7,aclnnRsqrt_RsqrtAiCore_Rsqrt,N/A,N/A,1790932531179776.502	,7.920,0.010000,0
7,aclnnMul_MulAiCore_Mul,N/A,N/A,1790932531179784.442	,38.141,0.080000,0
7,aclnnInplaceCopy_CastAiCore_Cast,N/A,N/A,1790932531179822.603	,17.100,0.000000,0
7,aclnnMul_MulAiCore_Mul,N/A,N/A,1790932531179839.723	,22.081,0.150000,0
7,aclnnMul_TransposeAiCore_Transpose,N/A,N/A,1790932531179861.824	,188.604,0.000000,0
7,aclnnMul_MulAiCore_Mul,N/A,N/A,1790932531180050.448	,63.121,0.146000,0
7,aclnnNeg_AsStridedAiCore_AsStrided,N/A,N/A,1790932531180113.589	,103.422,0.000000,0
7,aclnnNeg_NegAiCore_Neg,N/A,N/A,1790932531180217.031	,29.961,0.078000,0
7,aclnnCat_AsStridedAiCore_AsStrided,N/A,N/A,1790932531180247.012	,58.021,0.039000,0
7,aclnnCat_ConcatD_ConcatD,N/A,N/A,1790932531180305.053	,41.601,0.000000,0
7,aclnnMul_MulAiCore_Mul,N/A,N/A,1790932531180346.694	,52.521,0.149000,0
7,aclnnAdd_AddAiCore_Add,N/A,N/A,1790932531180399.235	,161.923,0.000000,0
7,aclnnMul_TransposeAiCore_Transpose,N/A,N/A,1790932531180561.178	,53.941,0.077000,0
7,aclnnMul_MulAiCore_Mul,N/A,N/A,1790932531180615.139	,17.820,0.059000,0
7,aclnnNeg_AsStridedAiCore_AsStrided,N/A,N/A,1790932531180632.979	,18.861,0.000000,0
7,aclnnNeg_NegAiCore_Neg,N/A,N/A,1790932531180651.860	,9.180,0.000000,0
7,aclnnCat_AsStridedAiCore_AsStrided,N/A,N/A,1790932531180661.060	,18.120,0.070000,0
7,aclnnCat_ConcatD_ConcatD,N/A,N/A,1790932531180679.200	,15.101,0.130000,0
7,aclnnMul_MulAiCore_Mul,N/A,N/A,1790932531180694.321	,17.280,0.000000,0
7,aclnnAdd_AddAiCore_Add,N/A,N/A,1790932531180711.621	,15.500,0.000000,0
7,aclnnInplaceCopy_AsStridedAiCore_AsStrided,N/A,N/A,1790932531180727.141	,40.841,0.250000,0
7,InnerPromptFlashAttention_PromptFlashAttention_PromptFlashAttention,N/A,N/A,1790932531180768.942	,1959.139,0.909000,0
7,aclnnInplaceCopy_TransposeAiCore_Transpose,N/A,N/A,1790932531182729.261	,157.283,1.111000,0
7,aclnnMatmul_MatMulV3Common_MatMulV3,N/A,N/A,1790932531182886.584	,711.895,0.000000,0
7,aclnnAdd_AddAiCore_Add,N/A,N/A,1790932531183598.499	,103.022,0.105000,0
7,aclnnInplaceCopy_CastAiCore_Cast,N/A,N/A,1790932531183701.541	,53.021,0.000000,0
7,aclnnPowTensorScalar_PowsAiCore_Pows,N/A,N/A,1790932531183754.582	,54.261,0.000000,0
7,aclnnMean_ReduceMeanAiCore_ReduceMean,N/A,N/A,1790932531183810.263	,71.581,1.489000,0
7,aclnnAdds_AddAiCore_Add,N/A,N/A,1790932531183882.644	,2.440,0.919000,0
7,aclnnRsqrt_RsqrtAiCore_Rsqrt,N/A,N/A,1790932531183885.104	,2.920,0.000000,0
7,aclnnMul_MulAiCore_Mul,N/A,N/A,1790932531183888.064	,75.042,0.080000,0
7,aclnnInplaceCopy_CastAiCore_Cast,N/A,N/A,1790932531183963.146	,42.101,0.208000,0
7,aclnnMul_MulAiCore_Mul,N/A,N/A,1790932531184005.287	,34.700,0.000000,0
7,aclnnMatmul_MatMulV3Common_MatMulV3,N/A,N/A,1790932531184040.007	,3482.750,0.050000,0
7,aclnnSilu_SliceAiCore_Slice,N/A,N/A,1790932531187522.777	,326.107,0.000000,0
7,aclnnSilu_SiluAiCore_Swish,N/A,N/A,1790932531187848.924	,321.346,0.143000,0
7,aclnnMul_SliceAiCore_Slice,N/A,N/A,1790932531188170.290	,309.106,0.000000,0
7,aclnnMul_MulAiCore_Mul,N/A,N/A,1790932531188479.416	,497.410,0.144000,0
7,aclnnMatmul_MatMulV3Common_MatMulV3,N/A,N/A,1790932531188976.846	,1757.735,0.000000,0
7,aclnnAdd_AddAiCore_Add,N/A,N/A,1790932531190734.621	,88.542,0.015000,0
7,aclnnInplaceCopy_CastAiCore_Cast,N/A,N/A,1790932531190823.183	,35.481,0.208000,0
7,aclnnPowTensorScalar_PowsAiCore_Pows,N/A,N/A,1790932531190858.684	,54.781,0.019000,0
7,aclnnMean_ReduceMeanAiCore_ReduceMean,N/A,N/A,1790932531190914.905	,72.581,1.469000,0
7,aclnnAdds_AddAiCore_Add,N/A,N/A,1790932531190988.466	,2.540,0.919000,0
7,aclnnRsqrt_RsqrtAiCore_Rsqrt,N/A,N/A,1790932531190991.026	,2.740,0.000000,0
7,aclnnMul_MulAiCore_Mul,N/A,N/A,1790932531190993.786	,72.102,0.010000,0
7,aclnnInplaceCopy_CastAiCore_Cast,N/A,N/A,1790932531191065.908	,41.081,0.148000,0
7,aclnnMul_MulAiCore_Mul,N/A,N/A,1790932531191107.009	,41.240,0.000000,0
7,aclnnMatmul_MatMulV3Common_MatMulV3,N/A,N/A,1790932531191148.289	,1059.422,0.010000,0
7,aclnnInplaceCopy_SliceAiCore_Slice,N/A,N/A,1790932531192207.731	,93.901,0.078000,0
7,aclnnInplaceCopy_CastAiCore_Cast,N/A,N/A,1790932531192301.672	,87.322,0.099000,0
7,aclnnPowTensorScalar_PowsAiCore_Pows,N/A,N/A,1790932531192389.034	,139.423,0.000000,0
7,aclnnMean_ReduceMeanAiCore_ReduceMean,N/A,N/A,1790932531192529.377	,89.842,1.077000,0
7,aclnnAdds_AddAiCore_Add,N/A,N/A,1790932531192619.959	,7.380,0.658000,0
7,aclnnRsqrt_RsqrtAiCore_Rsqrt,N/A,N/A,1790932531192627.359	,8.940,0.000000,0
7,aclnnMul_MulAiCore_Mul,N/A,N/A,1790932531192636.319	,111.522,0.060000,0
7,aclnnInplaceCopy_CastAiCore_Cast,N/A,N/A,1790932531192747.861	,60.342,0.000000,0
7,aclnnMul_MulAiCore_Mul,N/A,N/A,1790932531192808.223	,60.101,0.158000,0
7,aclnnInplaceCopy_SliceAiCore_Slice,N/A,N/A,1790932531192868.344	,55.781,0.000000,0
7,aclnnInplaceCopy_CastAiCore_Cast,N/A,N/A,1790932531192924.145	,32.061,0.219000,0
7,aclnnPowTensorScalar_PowsAiCore_Pows,N/A,N/A,1790932531192956.226	,37.880,0.000000,0
7,aclnnMean_ReduceMeanAiCore_ReduceMean,N/A,N/A,1790932531192995.066	,29.861,0.870000,0
7,aclnnAdds_AddAiCore_Add,N/A,N/A,1790932531193026.047	,6.620,1.139000,0
7,aclnnRsqrt_RsqrtAiCore_Rsqrt,N/A,N/A,1790932531193032.687	,8.140,0.130000,0
7,aclnnMul_MulAiCore_Mul,N/A,N/A,1790932531193040.847	,37.181,0.000000,0
7,aclnnInplaceCopy_CastAiCore_Cast,N/A,N/A,1790932531193078.048	,16.780,0.069000,0
7,aclnnMul_MulAiCore_Mul,N/A,N/A,1790932531193094.848	,21.701,0.000000,0
7,aclnnMul_TransposeAiCore_Transpose,N/A,N/A,1790932531193116.589	,187.443,0.049000,0
7,aclnnMul_MulAiCore_Mul,N/A,N/A,1790932531193304.052	,64.322,0.057000,0
7,aclnnNeg_AsStridedAiCore_AsStrided,N/A,N/A,1790932531193368.394	,106.002,0.178000,0
7,aclnnNeg_NegAiCore_Neg,N/A,N/A,1790932531193474.416	,29.980,0.000000,0
7,aclnnCat_AsStridedAiCore_AsStrided,N/A,N/A,1790932531193504.416	,56.922,0.020000,0
7,aclnnCat_ConcatD_ConcatD,N/A,N/A,1790932531193561.358	,41.620,0.000000,0
7,aclnnMul_MulAiCore_Mul,N/A,N/A,1790932531193602.998	,52.782,0.130000,0
7,aclnnAdd_AddAiCore_Add,N/A,N/A,1790932531193655.800	,160.843,0.000000,0
7,aclnnMul_TransposeAiCore_Transpose,N/A,N/A,1790932531193816.663	,54.821,0.157000,0
7,aclnnMul_MulAiCore_Mul,N/A,N/A,1790932531193871.504	,17.040,0.000000,0
7,aclnnNeg_AsStridedAiCore_AsStrided,N/A,N/A,1790932531193888.584	,18.381,0.000000,0
7,aclnnNeg_NegAiCore_Neg,N/A,N/A,1790932531193906.985	,9.260,0.119000,0
7,aclnnCat_AsStridedAiCore_AsStrided,N/A,N/A,1790932531193916.265	,17.840,0.000000,0
7,aclnnCat_ConcatD_ConcatD,N/A,N/A,1790932531193934.125	,15.540,0.000000,0
7,aclnnMul_MulAiCore_Mul,N/A,N/A,1790932531193949.685	,17.221,0.210000,0
7,aclnnAdd_AddAiCore_Add,N/A,N/A,1790932531193966.926	,15.300,0.029000,0
7,aclnnInplaceCopy_AsStridedAiCore_AsStrided,N/A,N/A,1790932531193982.246	,40.481,0.000000,0
7,InnerPromptFlashAttention_PromptFlashAttention_PromptFlashAttention,N/A,N/A,1790932531194023.747	,1890.658,1.019000,0
7,aclnnInplaceCopy_TransposeAiCore_Transpose,N/A,N/A,1790932531195915.245	,155.163,0.842000,0
7,aclnnMatmul_MatMulV3Common_MatMulV3,N/A,N/A,1790932531196070.428	,715.934,0.087000,0
7,aclnnAdd_AddAiCore_Add,N/A,N/A,1790932531196786.382	,103.102,0.066000,0
7,aclnnInplaceCopy_CastAiCore_Cast,N/A,N/A,1790932531196889.504	,52.861,0.000000,0
7,aclnnPowTensorScalar_PowsAiCore_Pows,N/A,N/A,1790932531196942.405	,54.261,0.139000,0
7,aclnnMean_ReduceMeanAiCore_ReduceMean,N/A,N/A,1790932531196997.926	,72.062,1.239000,0
7,aclnnAdds_AddAiCore_Add,N/A,N/A,1790932531197070.888	,2.700,0.938000,0
7,aclnnRsqrt_RsqrtAiCore_Rsqrt,N/A,N/A,1790932531197073.608	,2.860,0.000000,0
7,aclnnMul_MulAiCore_Mul,N/A,N/A,1790932531197076.488	,72.701,0.140000,0
7,aclnnInplaceCopy_CastAiCore_Cast,N/A,N/A,1790932531197149.209	,41.361,0.049000,0
7,aclnnMul_MulAiCore_Mul,N/A,N/A,1790932531197190.590	,41.301,0.000000,0
7,aclnnMatmul_MatMulV3Common_MatMulV3,N/A,N/A,1790932531197231.911	,3461.689,0.199000,0
7,aclnnSilu_SliceAiCore_Slice,N/A,N/A,1790932531200693.620	,330.587,0.000000,0
7,aclnnSilu_SiluAiCore_Swish,N/A,N/A,1790932531201024.227	,322.606,0.163000,0
7,aclnnMul_SliceAiCore_Slice,N/A,N/A,1790932531201346.873	,306.126,0.000000,0
7,aclnnMul_MulAiCore_Mul,N/A,N/A,1790932531201653.019	,511.451,0.124000,0
7,aclnnMatmul_MatMulV3Common_MatMulV3,N/A,N/A,1790932531202164.510	,1741.754,0.049000,0
7,aclnnAdd_AddAiCore_Add,N/A,N/A,1790932531203906.304	,88.162,0.000000,0
7,aclnnInplaceCopy_CastAiCore_Cast,N/A,N/A,1790932531203994.506	,34.701,0.088000,0
7,aclnnPowTensorScalar_PowsAiCore_Pows,N/A,N/A,1790932531204029.247	,52.241,0.049000,0
7,aclnnMean_ReduceMeanAiCore_ReduceMean,N/A,N/A,1790932531204082.448	,72.801,1.009000,0
7,aclnnAdds_AddAiCore_Add,N/A,N/A,1790932531204156.049	,2.380,0.699000,0
7,aclnnRsqrt_RsqrtAiCore_Rsqrt,N/A,N/A,1790932531204158.449	,2.760,0.120000,0
7,aclnnMul_MulAiCore_Mul,N/A,N/A,1790932531204161.229	,72.802,0.000000,0
7,aclnnInplaceCopy_CastAiCore_Cast,N/A,N/A,1790932531204234.051	,41.521,0.000000,0
7,aclnnMul_MulAiCore_Mul,N/A,N/A,1790932531204275.592	,40.541,0.000000,0
7,aclnnMatmul_MatMulV3Common_MatMulV3,N/A,N/A,1790932531204316.153	,1066.541,0.209000,0
7,aclnnInplaceCopy_SliceAiCore_Slice,N/A,N/A,1790932531205382.714	,96.102,0.000000,0
7,aclnnInplaceCopy_CastAiCore_Cast,N/A,N/A,1790932531205478.856	,85.161,0.000000,0
7,aclnnPowTensorScalar_PowsAiCore_Pows,N/A,N/A,1790932531205564.037	,133.043,0.089000,0
7,aclnnMean_ReduceMeanAiCore_ReduceMean,N/A,N/A,1790932531205698.460	,89.502,1.457000,0
7,aclnnAdds_AddAiCore_Add,N/A,N/A,1790932531205789.062	,6.980,0.998000,0
7,aclnnRsqrt_RsqrtAiCore_Rsqrt,N/A,N/A,1790932531205796.082	,8.520,0.020000,0
7,aclnnMul_MulAiCore_Mul,N/A,N/A,1790932531205804.622	,110.442,0.000000,0
7,aclnnInplaceCopy_CastAiCore_Cast,N/A,N/A,1790932531205915.084	,60.982,0.058000,0
7,aclnnMul_MulAiCore_Mul,N/A,N/A,1790932531205976.086	,59.581,0.018000,0
7,aclnnInplaceCopy_SliceAiCore_Slice,N/A,N/A,1790932531206035.707	,56.841,0.169000,0
7,aclnnInplaceCopy_CastAiCore_Cast,N/A,N/A,1790932531206092.568	,32.681,0.000000,0
7,aclnnPowTensorScalar_PowsAiCore_Pows,N/A,N/A,1790932531206125.289	,38.420,0.069000,0
7,aclnnMean_ReduceMeanAiCore_ReduceMean,N/A,N/A,1790932531206164.829	,30.181,1.080000,0
7,aclnnAdds_AddAiCore_Add,N/A,N/A,1790932531206195.790	,6.640,0.819000,0
7,aclnnRsqrt_RsqrtAiCore_Rsqrt,N/A,N/A,1790932531206202.450	,7.980,0.110000,0
7,aclnnMul_MulAiCore_Mul,N/A,N/A,1790932531206210.450	,37.401,0.020000,0
7,aclnnInplaceCopy_CastAiCore_Cast,N/A,N/A,1790932531206247.871	,16.920,0.000000,0
7,aclnnMul_MulAiCore_Mul,N/A,N/A,1790932531206264.811	,21.661,0.080000,0
7,aclnnMul_TransposeAiCore_Transpose,N/A,N/A,1790932531206286.492	,194.124,0.089000,0
7,aclnnMul_MulAiCore_Mul,N/A,N/A,1790932531206480.636	,62.421,0.126000,0
7,aclnnNeg_AsStridedAiCore_AsStrided,N/A,N/A,1790932531206543.077	,108.942,0.000000,0
7,aclnnNeg_NegAiCore_Neg,N/A,N/A,1790932531206652.039	,30.421,0.058000,0
7,aclnnCat_AsStridedAiCore_AsStrided,N/A,N/A,1790932531206682.480	,54.801,0.079000,0
7,aclnnCat_ConcatD_ConcatD,N/A,N/A,1790932531206737.301	,41.281,0.000000,0
7,aclnnMul_MulAiCore_Mul,N/A,N/A,1790932531206778.622	,52.341,0.000000,0
7,aclnnAdd_AddAiCore_Add,N/A,N/A,1790932531206830.983	,161.243,0.159000,0
7,aclnnMul_TransposeAiCore_Transpose,N/A,N/A,1790932531206992.246	,62.101,0.007000,0
7,aclnnMul_MulAiCore_Mul,N/A,N/A,1790932531207054.367	,16.361,0.000000,0
7,aclnnNeg_AsStridedAiCore_AsStrided,N/A,N/A,1790932531207070.748	,18.660,0.139000,0
7,aclnnNeg_NegAiCore_Neg,N/A,N/A,1790932531207089.428	,9.240,0.090000,0
7,aclnnCat_AsStridedAiCore_AsStrided,N/A,N/A,1790932531207098.688	,17.680,0.010000,0
7,aclnnCat_ConcatD_ConcatD,N/A,N/A,1790932531207116.388	,15.521,0.070000,0
7,aclnnMul_MulAiCore_Mul,N/A,N/A,1790932531207131.929	,16.860,0.000000,0
7,aclnnAdd_AddAiCore_Add,N/A,N/A,1790932531207148.829	,15.240,0.000000,0
7,aclnnInplaceCopy_AsStridedAiCore_AsStrided,N/A,N/A,1790932531207164.089	,39.981,0.010000,0
7,InnerPromptFlashAttention_PromptFlashAttention_PromptFlashAttention,N/A,N/A,1790932531207205.390	,1910.238,1.519000,0
7,aclnnInplaceCopy_TransposeAiCore_Transpose,N/A,N/A,1790932531209116.568	,156.324,0.762000,0
7,aclnnMatmul_MatMulV3Common_MatMulV3,N/A,N/A,1790932531209272.912	,712.894,0.176000,0
7,aclnnAdd_AddAiCore_Add,N/A,N/A,1790932531209985.846	,101.262,0.000000,0
7,aclnnInplaceCopy_CastAiCore_Cast,N/A,N/A,1790932531210087.128	,52.621,0.238000,0
7,aclnnPowTensorScalar_PowsAiCore_Pows,N/A,N/A,1790932531210139.789	,53.881,0.000000,0
7,aclnnMean_ReduceMeanAiCore_ReduceMean,N/A,N/A,1790932531210194.710	,73.021,1.119000,0
7,aclnnAdds_AddAiCore_Add,N/A,N/A,1790932531210268.891	,2.641,1.229000,0
7,aclnnRsqrt_RsqrtAiCore_Rsqrt,N/A,N/A,1790932531210271.552	,2.780,0.000000,0
7,aclnnMul_MulAiCore_Mul,N/A,N/A,1790932531210274.372	,73.261,0.000000,0
7,aclnnInplaceCopy_CastAiCore_Cast,N/A,N/A,1790932531210347.653	,42.561,0.239000,0
7,aclnnMul_MulAiCore_Mul,N/A,N/A,1790932531210390.234	,36.101,0.000000,0
7,aclnnMatmul_MatMulV3Common_MatMulV3,N/A,N/A,1790932531210426.355	,3469.689,0.000000,0
7,aclnnSilu_SliceAiCore_Slice,N/A,N/A,1790932531213896.084	,327.186,0.061000,0
7,aclnnSilu_SiluAiCore_Swish,N/A,N/A,1790932531214223.290	,322.347,0.064000,0
7,aclnnMul_SliceAiCore_Slice,N/A,N/A,1790932531214545.657	,307.126,0.153000,0
7,aclnnMul_MulAiCore_Mul,N/A,N/A,1790932531214852.823	,496.690,0.000000,0
7,aclnnMatmul_MatMulV3Common_MatMulV3,N/A,N/A,1790932531215349.533	,1755.875,0.060000,0
7,aclnnAdd_AddAiCore_Add,N/A,N/A,1790932531217105.428	,87.802,0.125000,0
7,aclnnInplaceCopy_CastAiCore_Cast,N/A,N/A,1790932531217193.250	,35.661,0.000000,0
7,aclnnPowTensorScalar_PowsAiCore_Pows,N/A,N/A,1790932531217228.931	,51.261,0.089000,0
7,aclnnMean_ReduceMeanAiCore_ReduceMean,N/A,N/A,1790932531217281.132	,73.121,0.989000,0
7,aclnnAdds_AddAiCore_Add,N/A,N/A,1790932531217355.333	,2.540,0.879000,0
7,aclnnRsqrt_RsqrtAiCore_Rsqrt,N/A,N/A,1790932531217357.893	,2.900,0.210000,0
7,aclnnMul_MulAiCore_Mul,N/A,N/A,1790932531217360.813	,73.022,0.000000,0
7,aclnnInplaceCopy_CastAiCore_Cast,N/A,N/A,1790932531217433.875	,41.260,0.228000,0
7,aclnnMul_MulAiCore_Mul,N/A,N/A,1790932531217475.175	,41.081,0.000000,0
7,aclnnMatmul_MatMulV3Common_MatMulV3,N/A,N/A,1790932531217516.276	,1059.761,0.000000,0
7,aclnnInplaceCopy_SliceAiCore_Slice,N/A,N/A,1790932531218576.057	,93.302,0.000000,0
7,aclnnInplaceCopy_CastAiCore_Cast,N/A,N/A,1790932531218669.379	,87.602,0.198000,0
7,aclnnPowTensorScalar_PowsAiCore_Pows,N/A,N/A,1790932531218757.001	,135.023,0.000000,0
7,aclnnMean_ReduceMeanAiCore_ReduceMean,N/A,N/A,1790932531218893.204	,88.722,1.227000,0
7,aclnnAdds_AddAiCore_Add,N/A,N/A,1790932531218982.646	,7.040,0.778000,0
7,aclnnRsqrt_RsqrtAiCore_Rsqrt,N/A,N/A,1790932531218989.706	,8.800,0.000000,0
7,aclnnMul_MulAiCore_Mul,N/A,N/A,1790932531218998.526	,112.542,0.000000,0
7,aclnnInplaceCopy_CastAiCore_Cast,N/A,N/A,1790932531219111.088	,59.861,0.000000,0
7,aclnnMul_MulAiCore_Mul,N/A,N/A,1790932531219170.989	,60.122,0.139000,0
7,aclnnInplaceCopy_SliceAiCore_Slice,N/A,N/A,1790932531219231.131	,55.781,0.128000,0
7,aclnnInplaceCopy_CastAiCore_Cast,N/A,N/A,1790932531219286.932	,32.660,0.000000,0
7,aclnnPowTensorScalar_PowsAiCore_Pows,N/A,N/A,1790932531219319.612	,38.541,0.000000,0
7,aclnnMean_ReduceMeanAiCore_ReduceMean,N/A,N/A,1790932531219359.553	,29.541,1.459000,0
7,aclnnAdds_AddAiCore_Add,N/A,N/A,1790932531219389.934	,7.100,0.959000,0
7,aclnnRsqrt_RsqrtAiCore_Rsqrt,N/A,N/A,1790932531219397.074	,7.960,0.000000,0
7,aclnnMul_MulAiCore_Mul,N/A,N/A,1790932531219405.074	,37.081,0.040000,0
7,aclnnInplaceCopy_CastAiCore_Cast,N/A,N/A,1790932531219442.175	,19.600,0.169000,0
7,aclnnMul_MulAiCore_Mul,N/A,N/A,1790932531219461.815	,21.561,0.000000,0
7,aclnnMul_TransposeAiCore_Transpose,N/A,N/A,1790932531219483.396	,188.883,0.189000,0
7,aclnnMul_MulAiCore_Mul,N/A,N/A,1790932531219672.319	,64.682,0.000000,0
7,aclnnNeg_AsStridedAiCore_AsStrided,N/A,N/A,1790932531219737.021	,104.302,0.068000,0
7,aclnnNeg_NegAiCore_Neg,N/A,N/A,1790932531219841.363	,33.060,0.000000,0
7,aclnnCat_AsStridedAiCore_AsStrided,N/A,N/A,1790932531219874.443	,55.181,0.190000,0
7,aclnnCat_ConcatD_ConcatD,N/A,N/A,1790932531219929.644	,43.001,0.069000,0
7,aclnnMul_MulAiCore_Mul,N/A,N/A,1790932531219972.665	,52.961,0.000000,0
7,aclnnAdd_AddAiCore_Add,N/A,N/A,1790932531220025.646	,161.804,0.039000,0
7,aclnnMul_TransposeAiCore_Transpose,N/A,N/A,1790932531220187.470	,53.861,0.000000,0
7,aclnnMul_MulAiCore_Mul,N/A,N/A,1790932531220241.371	,17.340,0.000000,0
7,aclnnNeg_AsStridedAiCore_AsStrided,N/A,N/A,1790932531220258.731	,18.880,0.160000,0
7,aclnnNeg_NegAiCore_Neg,N/A,N/A,1790932531220277.631	,9.101,0.120000,0
7,aclnnCat_AsStridedAiCore_AsStrided,N/A,N/A,1790932531220286.752	,17.820,0.000000,0
7,aclnnCat_ConcatD_ConcatD,N/A,N/A,1790932531220304.592	,15.620,0.000000,0
7,aclnnMul_MulAiCore_Mul,N/A,N/A,1790932531220320.252	,17.401,0.130000,0
7,aclnnAdd_AddAiCore_Add,N/A,N/A,1790932531220337.673	,15.420,0.099000,0
7,aclnnInplaceCopy_AsStridedAiCore_AsStrided,N/A,N/A,1790932531220353.133	,39.641,0.080000,0
7,InnerPromptFlashAttention_PromptFlashAttention_PromptFlashAttention,N/A,N/A,1790932531220394.214	,1914.018,1.359000,0
7,aclnnInplaceCopy_TransposeAiCore_Transpose,N/A,N/A,1790932531222309.352	,163.223,0.982000,0
7,aclnnMatmul_MatMulV3Common_MatMulV3,N/A,N/A,1790932531222472.615	,705.234,0.027000,0
7,aclnnAdd_AddAiCore_Add,N/A,N/A,1790932531223177.869	,103.622,0.016000,0
7,aclnnInplaceCopy_CastAiCore_Cast,N/A,N/A,1790932531223281.511	,53.142,0.128000,0
7,aclnnPowTensorScalar_PowsAiCore_Pows,N/A,N/A,1790932531223334.673	,52.541,0.108000,0
7,aclnnMean_ReduceMeanAiCore_ReduceMean,N/A,N/A,1790932531223388.214	,72.301,0.959000,0
7,aclnnAdds_AddAiCore_Add,N/A,N/A,1790932531223461.255	,2.620,0.699000,0
7,aclnnRsqrt_RsqrtAiCore_Rsqrt,N/A,N/A,1790932531223463.895	,2.740,0.130000,0
7,aclnnMul_MulAiCore_Mul,N/A,N/A,1790932531223466.675	,72.862,0.010000,0
7,aclnnInplaceCopy_CastAiCore_Cast,N/A,N/A,1790932531223539.557	,41.580,0.000000,0
7,aclnnMul_MulAiCore_Mul,N/A,N/A,1790932531223581.157	,40.801,0.170000,0
7,aclnnMatmul_MatMulV3Common_MatMulV3,N/A,N/A,1790932531223621.978	,3478.010,0.000000,0
7,aclnnSilu_SliceAiCore_Slice,N/A,N/A,1790932531227100.008	,330.406,0.000000,0
7,aclnnSilu_SiluAiCore_Swish,N/A,N/A,1790932531227430.434	,323.667,0.094000,0
7,aclnnMul_SliceAiCore_Slice,N/A,N/A,1790932531227754.121	,306.806,0.000000,0
7,aclnnMul_MulAiCore_Mul,N/A,N/A,1790932531228060.947	,510.610,0.194000,0
7,aclnnMatmul_MatMulV3Common_MatMulV3,N/A,N/A,1790932531228571.597	,1741.835,0.000000,0
7,aclnnAdd_AddAiCore_Add,N/A,N/A,1790932531230313.452	,88.782,0.165000,0
7,aclnnInplaceCopy_CastAiCore_Cast,N/A,N/A,1790932531230402.254	,35.820,0.000000,0
7,aclnnPowTensorScalar_PowsAiCore_Pows,N/A,N/A,1790932531230438.094	,50.741,0.000000,0
7,aclnnMean_ReduceMeanAiCore_ReduceMean,N/A,N/A,1790932531230489.755	,72.402,1.009000,0
7,aclnnAdds_AddAiCore_Add,N/A,N/A,1790932531230562.817	,2.620,0.598000,0
7,aclnnRsqrt_RsqrtAiCore_Rsqrt,N/A,N/A,1790932531230565.457	,2.780,0.130000,0
7,aclnnMul_MulAiCore_Mul,N/A,N/A,1790932531230568.257	,72.321,0.000000,0
7,aclnnInplaceCopy_CastAiCore_Cast,N/A,N/A,1790932531230640.598	,41.901,0.000000,0
7,aclnnMul_MulAiCore_Mul,N/A,N/A,1790932531230682.519	,40.681,0.099000,0
7,aclnnMatmul_MatMulV3Common_MatMulV3,N/A,N/A,1790932531230723.220	,1072.682,0.069000,0
7,aclnnInplaceCopy_SliceAiCore_Slice,N/A,N/A,1790932531231795.922	,94.581,0.068000,0
7,aclnnInplaceCopy_CastAiCore_Cast,N/A,N/A,1790932531231890.543	,85.162,0.000000,0
7,aclnnPowTensorScalar_PowsAiCore_Pows,N/A,N/A,1790932531231975.725	,135.903,0.088000,0
7,aclnnMean_ReduceMeanAiCore_ReduceMean,N/A,N/A,1790932531232112.608	,89.622,0.847000,0
7,aclnnAdds_AddAiCore_Add,N/A,N/A,1790932531232203.190	,7.020,1.128000,0
7,aclnnRsqrt_RsqrtAiCore_Rsqrt,N/A,N/A,1790932531232210.230	,8.760,0.000000,0
7,aclnnMul_MulAiCore_Mul,N/A,N/A,1790932531232219.010	,112.262,0.000000,0
7,aclnnInplaceCopy_CastAiCore_Cast,N/A,N/A,1790932531232331.292	,59.881,0.000000,0
7,aclnnMul_MulAiCore_Mul,N/A,N/A,1790932531232391.193	,60.262,0.119000,0
7,aclnnInplaceCopy_SliceAiCore_Slice,N/A,N/A,1790932531232451.475	,55.521,0.000000,0
7,aclnnInplaceCopy_CastAiCore_Cast,N/A,N/A,1790932531232507.016	,33.260,0.000000,0
7,aclnnPowTensorScalar_PowsAiCore_Pows,N/A,N/A,1790932531232540.316	,38.361,0.000000,0
7,aclnnMean_ReduceMeanAiCore_ReduceMean,N/A,N/A,1790932531232579.617	,29.341,0.889000,0
7,aclnnAdds_AddAiCore_Add,N/A,N/A,1790932531232610.018	,6.580,1.159000,0
7,aclnnRsqrt_RsqrtAiCore_Rsqrt,N/A,N/A,1790932531232616.618	,7.940,0.000000,0
7,aclnnMul_MulAiCore_Mul,N/A,N/A,1790932531232624.578	,37.261,0.060000,0
7,aclnnInplaceCopy_CastAiCore_Cast,N/A,N/A,1790932531232661.859	,16.660,0.000000,0
7,aclnnMul_MulAiCore_Mul,N/A,N/A,1790932531232678.539	,21.921,0.090000,0
7,aclnnMul_TransposeAiCore_Transpose,N/A,N/A,1790932531232700.500	,186.583,0.079000,0
7,aclnnMul_MulAiCore_Mul,N/A,N/A,1790932531232887.103	,62.722,0.000000,0
7,aclnnNeg_AsStridedAiCore_AsStrided,N/A,N/A,1790932531232949.845	,104.582,0.028000,0
7,aclnnNeg_NegAiCore_Neg,N/A,N/A,1790932531233054.447	,31.900,0.168000,0
7,aclnnCat_AsStridedAiCore_AsStrided,N/A,N/A,1790932531233086.367	,55.941,0.000000,0
7,aclnnCat_ConcatD_ConcatD,N/A,N/A,1790932531233142.328	,41.601,0.059000,0
7,aclnnMul_MulAiCore_Mul,N/A,N/A,1790932531233183.949	,52.781,0.149000,0
7,aclnnAdd_AddAiCore_Add,N/A,N/A,1790932531233236.750	,161.644,0.000000,0
7,aclnnMul_TransposeAiCore_Transpose,N/A,N/A,1790932531233398.414	,54.761,0.106000,0
7,aclnnMul_MulAiCore_Mul,N/A,N/A,1790932531233453.195	,17.140,0.000000,0
7,aclnnNeg_AsStridedAiCore_AsStrided,N/A,N/A,1790932531233470.355	,18.520,0.000000,0
7,aclnnNeg_NegAiCore_Neg,N/A,N/A,1790932531233488.915	,9.241,0.230000,0
7,aclnnCat_AsStridedAiCore_AsStrided,N/A,N/A,1790932531233498.176	,18.000,0.009000,0
7,aclnnCat_ConcatD_ConcatD,N/A,N/A,1790932531233516.196	,15.520,0.000000,0
7,aclnnMul_MulAiCore_Mul,N/A,N/A,1790932531233531.736	,17.221,0.000000,0
7,aclnnAdd_AddAiCore_Add,N/A,N/A,1790932531233548.977	,15.380,0.029000,0
7,aclnnInplaceCopy_AsStridedAiCore_AsStrided,N/A,N/A,1790932531233564.377	,40.201,0.120000,0
7,InnerPromptFlashAttention_PromptFlashAttention_PromptFlashAttention,N/A,N/A,1790932531233605.558	,1925.478,0.799000,0
7,aclnnInplaceCopy_TransposeAiCore_Transpose,N/A,N/A,1790932531235531.976	,157.723,1.022000,0
7,aclnnMatmul_MatMulV3Common_MatMulV3,N/A,N/A,1790932531235689.739	,707.654,0.027000,0
7,aclnnAdd_AddAiCore_Add,N/A,N/A,1790932531236397.414	,102.102,0.096000,0
7,aclnnInplaceCopy_CastAiCore_Cast,N/A,N/A,1790932531236499.556	,52.981,0.000000,0
7,aclnnPowTensorScalar_PowsAiCore_Pows,N/A,N/A,1790932531236552.557	,54.681,0.019000,0
7,aclnnMean_ReduceMeanAiCore_ReduceMean,N/A,N/A,1790932531236608.338	,71.941,1.069000,0
7,aclnnAdds_AddAiCore_Add,N/A,N/A,1790932531236681.319	,2.480,1.059000,0
7,aclnnRsqrt_RsqrtAiCore_Rsqrt,N/A,N/A,1790932531236683.819	,2.820,0.020000,0
7,aclnnMul_MulAiCore_Mul,N/A,N/A,1790932531236686.659	,72.282,0.180000,0
7,aclnnInplaceCopy_CastAiCore_Cast,N/A,N/A,1790932531236758.961	,41.341,0.000000,0
7,aclnnMul_MulAiCore_Mul,N/A,N/A,1790932531236800.322	,35.260,0.000000,0
7,aclnnMatmul_MatMulV3Common_MatMulV3,N/A,N/A,1790932531236835.622	,3484.630,0.000000,0
7,aclnnSilu_SliceAiCore_Slice,N/A,N/A,1790932531240320.272	,325.546,0.120000,0
7,aclnnSilu_SiluAiCore_Swish,N/A,N/A,1790932531240645.838	,321.607,0.000000,0
7,aclnnMul_SliceAiCore_Slice,N/A,N/A,1790932531240967.465	,306.906,0.143000,0
7,aclnnMul_MulAiCore_Mul,N/A,N/A,1790932531241274.391	,500.970,0.094000,0
7,aclnnMatmul_MatMulV3Common_MatMulV3,N/A,N/A,1790932531241775.381	,1757.875,0.030000,0
7,aclnnAdd_AddAiCore_Add,N/A,N/A,1790932531243533.276	,87.562,0.000000,0
7,aclnnInplaceCopy_CastAiCore_Cast,N/A,N/A,1790932531243620.878	,35.341,0.188000,0
7,aclnnPowTensorScalar_PowsAiCore_Pows,N/A,N/A,1790932531243656.239	,53.581,0.000000,0
7,aclnnMean_ReduceMeanAiCore_ReduceMean,N/A,N/A,1790932531243711.360	,72.501,1.419000,0
7,aclnnAdds_AddAiCore_Add,N/A,N/A,1790932531243784.921	,2.640,1.249000,0
7,aclnnRsqrt_RsqrtAiCore_Rsqrt,N/A,N/A,1790932531243787.581	,2.820,0.000000,0
7,aclnnMul_MulAiCore_Mul,N/A,N/A,1790932531243790.421	,72.422,0.180000,0
7,aclnnInplaceCopy_CastAiCore_Cast,N/A,N/A,1790932531243862.863	,41.040,0.000000,0
7,aclnnMul_MulAiCore_Mul,N/A,N/A,1790932531243903.923	,40.781,0.210000,0
7,aclnnMatmul_MatMulV3Common_MatMulV3,N/A,N/A,1790932531243944.724	,1062.162,0.000000,0
7,aclnnInplaceCopy_SliceAiCore_Slice,N/A,N/A,1790932531245006.906	,92.841,0.088000,0
7,aclnnInplaceCopy_CastAiCore_Cast,N/A,N/A,1790932531245099.787	,88.122,0.000000,0
7,aclnnPowTensorScalar_PowsAiCore_Pows,N/A,N/A,1790932531245187.929	,135.043,0.128000,0
7,aclnnMean_ReduceMeanAiCore_ReduceMean,N/A,N/A,1790932531245324.412	,89.442,1.457000,0
7,aclnnAdds_AddAiCore_Add,N/A,N/A,1790932531245414.494	,7.520,0.558000,0
7,aclnnRsqrt_RsqrtAiCore_Rsqrt,N/A,N/A,1790932531245422.034	,8.720,0.000000,0
7,aclnnMul_MulAiCore_Mul,N/A,N/A,1790932531245430.774	,111.342,0.030000,0
7,aclnnInplaceCopy_CastAiCore_Cast,N/A,N/A,1790932531245542.136	,60.201,0.158000,0
7,aclnnMul_MulAiCore_Mul,N/A,N/A,1790932531245602.357	,60.322,0.000000,0
7,aclnnInplaceCopy_SliceAiCore_Slice,N/A,N/A,1790932531245662.699	,56.121,0.178000,0
7,aclnnInplaceCopy_CastAiCore_Cast,N/A,N/A,1790932531245718.840	,33.000,0.000000,0
7,aclnnPowTensorScalar_PowsAiCore_Pows,N/A,N/A,1790932531245751.860	,38.121,0.000000,0
7,aclnnMean_ReduceMeanAiCore_ReduceMean,N/A,N/A,1790932531245790.941	,29.821,1.129000,0
7,aclnnAdds_AddAiCore_Add,N/A,N/A,1790932531245821.902	,6.540,1.179000,0
7,aclnnRsqrt_RsqrtAiCore_Rsqrt,N/A,N/A,1790932531245828.482	,8.080,0.000000,0
7,aclnnMul_MulAiCore_Mul,N/A,N/A,1790932531245836.602	,37.461,0.000000,0
7,aclnnInplaceCopy_CastAiCore_Cast,N/A,N/A,1790932531245874.083	,16.700,0.039000,0
7,aclnnMul_MulAiCore_Mul,N/A,N/A,1790932531245890.803	,21.761,0.050000,0
7,aclnnMul_TransposeAiCore_Transpose,N/A,N/A,1790932531245912.584	,188.123,0.000000,0
7,aclnnMul_MulAiCore_Mul,N/A,N/A,1790932531246100.727	,62.622,0.127000,0
7,aclnnNeg_AsStridedAiCore_AsStrided,N/A,N/A,1790932531246163.369	,103.822,0.000000,0
7,aclnnNeg_NegAiCore_Neg,N/A,N/A,1790932531246267.211	,30.360,0.178000,0
7,aclnnCat_AsStridedAiCore_AsStrided,N/A,N/A,1790932531246297.591	,54.401,0.000000,0
7,aclnnCat_ConcatD_ConcatD,N/A,N/A,1790932531246352.012	,42.081,0.099000,0
7,aclnnMul_MulAiCore_Mul,N/A,N/A,1790932531246394.113	,53.161,0.000000,0
7,aclnnAdd_AddAiCore_Add,N/A,N/A,1790932531246447.294	,162.884,0.089000,0
7,aclnnMul_TransposeAiCore_Transpose,N/A,N/A,1790932531246610.198	,56.141,0.116000,0
7,aclnnMul_MulAiCore_Mul,N/A,N/A,1790932531246666.359	,17.120,0.000000,0
7,aclnnNeg_AsStridedAiCore_AsStrided,N/A,N/A,1790932531246683.499	,19.000,0.130000,0
7,aclnnNeg_NegAiCore_Neg,N/A,N/A,1790932531246702.519	,9.201,0.000000,0
7,aclnnCat_AsStridedAiCore_AsStrided,N/A,N/A,1790932531246711.760	,17.920,0.049000,0
7,aclnnCat_ConcatD_ConcatD,N/A,N/A,1790932531246729.700	,15.440,0.080000,0
7,aclnnMul_MulAiCore_Mul,N/A,N/A,1790932531246745.160	,17.381,0.060000,0
7,aclnnAdd_AddAiCore_Add,N/A,N/A,1790932531246762.561	,15.200,0.000000,0
7,aclnnInplaceCopy_AsStridedAiCore_AsStrided,N/A,N/A,1790932531246777.801	,39.441,0.050000,0
7,InnerPromptFlashAttention_PromptFlashAttention_PromptFlashAttention,N/A,N/A,1790932531246818.642	,1926.858,1.559000,0
7,aclnnInplaceCopy_TransposeAiCore_Transpose,N/A,N/A,1790932531248746.380	,155.143,0.892000,0
7,aclnnMatmul_MatMulV3Common_MatMulV3,N/A,N/A,1790932531248901.543	,711.455,0.000000,0
7,aclnnAdd_AddAiCore_Add,N/A,N/A,1790932531249613.018	,103.422,0.045000,0
7,aclnnInplaceCopy_CastAiCore_Cast,N/A,N/A,1790932531249716.460	,53.401,0.078000,0
7,aclnnPowTensorScalar_PowsAiCore_Pows,N/A,N/A,1790932531249769.901	,56.221,0.099000,0
7,aclnnMean_ReduceMeanAiCore_ReduceMean,N/A,N/A,1790932531249827.062	,71.941,0.779000,0
7,aclnnAdds_AddAiCore_Add,N/A,N/A,1790932531249900.023	,2.560,1.059000,0
7,aclnnRsqrt_RsqrtAiCore_Rsqrt,N/A,N/A,1790932531249902.603	,2.760,0.000000,0
7,aclnnMul_MulAiCore_Mul,N/A,N/A,1790932531249905.383	,72.762,0.240000,0
7,aclnnInplaceCopy_CastAiCore_Cast,N/A,N/A,1790932531249978.165	,41.481,0.000000,0
7,aclnnMul_MulAiCore_Mul,N/A,N/A,1790932531250019.666	,41.561,0.019000,0
7,aclnnMatmul_MatMulV3Common_MatMulV3,N/A,N/A,1790932531250061.247	,3478.789,0.000000,0
7,aclnnSilu_SliceAiCore_Slice,N/A,N/A,1790932531253540.056	,328.707,0.000000,0
7,aclnnSilu_SiluAiCore_Swish,N/A,N/A,1790932531253868.783	,321.046,0.043000,0
7,aclnnMul_SliceAiCore_Slice,N/A,N/A,1790932531254189.849	,305.486,0.000000,0
7,aclnnMul_MulAiCore_Mul,N/A,N/A,1790932531254495.355	,512.230,0.014000,0
7,aclnnMatmul_MatMulV3Common_MatMulV3,N/A,N/A,1790932531255007.605	,1741.715,0.020000,0
7,aclnnAdd_AddAiCore_Add,N/A,N/A,1790932531256749.340	,88.022,0.035000,0
7,aclnnInplaceCopy_CastAiCore_Cast,N/A,N/A,1790932531256837.382	,35.181,0.228000,0
7,aclnnPowTensorScalar_PowsAiCore_Pows,N/A,N/A,1790932531256872.583	,49.801,0.000000,0
7,aclnnMean_ReduceMeanAiCore_ReduceMean,N/A,N/A,1790932531256923.484	,73.321,1.199000,0
7,aclnnAdds_AddAiCore_Add,N/A,N/A,1790932531256997.645	,2.620,0.929000,0
7,aclnnRsqrt_RsqrtAiCore_Rsqrt,N/A,N/A,1790932531257000.285	,2.760,0.000000,0
7,aclnnMul_MulAiCore_Mul,N/A,N/A,1790932531257003.065	,72.122,0.000000,0
7,aclnnInplaceCopy_CastAiCore_Cast,N/A,N/A,1790932531257075.207	,41.420,0.128000,0
7,aclnnMul_MulAiCore_Mul,N/A,N/A,1790932531257116.647	,40.821,0.080000,0
7,aclnnMatmul_MatMulV3Common_MatMulV3,N/A,N/A,1790932531257157.488	,1071.202,0.000000,0
7,aclnnInplaceCopy_SliceAiCore_Slice,N/A,N/A,1790932531258228.710	,95.202,0.048000,0
7,aclnnInplaceCopy_CastAiCore_Cast,N/A,N/A,1790932531258323.932	,86.141,0.048000,0
7,aclnnPowTensorScalar_PowsAiCore_Pows,N/A,N/A,1790932531258410.093	,133.283,0.000000,0
7,aclnnMean_ReduceMeanAiCore_ReduceMean,N/A,N/A,1790932531258544.756	,88.662,1.467000,0
7,aclnnAdds_AddAiCore_Add,N/A,N/A,1790932531258634.238	,7.020,0.838000,0
7,aclnnRsqrt_RsqrtAiCore_Rsqrt,N/A,N/A,1790932531258641.278	,8.680,0.000000,0
7,aclnnMul_MulAiCore_Mul,N/A,N/A,1790932531258649.978	,113.402,0.070000,0
7,aclnnInplaceCopy_CastAiCore_Cast,N/A,N/A,1790932531258763.420	,61.622,0.098000,0
7,aclnnMul_MulAiCore_Mul,N/A,N/A,1790932531258825.062	,60.481,0.000000,0
7,aclnnInplaceCopy_SliceAiCore_Slice,N/A,N/A,1790932531258885.563	,55.621,0.019000,0
7,aclnnInplaceCopy_CastAiCore_Cast,N/A,N/A,1790932531258941.224	,32.661,0.129000,0
7,aclnnPowTensorScalar_PowsAiCore_Pows,N/A,N/A,1790932531258973.905	,38.400,0.089000,0
7,aclnnMean_ReduceMeanAiCore_ReduceMean,N/A,N/A,1790932531259013.665	,29.901,1.350000,0
7,aclnnAdds_AddAiCore_Add,N/A,N/A,1790932531259044.666	,6.600,1.099000,0
7,aclnnRsqrt_RsqrtAiCore_Rsqrt,N/A,N/A,1790932531259051.286	,7.920,0.000000,0
7,aclnnMul_MulAiCore_Mul,N/A,N/A,1790932531259059.226	,37.021,0.080000,0
7,aclnnInplaceCopy_CastAiCore_Cast,N/A,N/A,1790932531259096.287	,16.780,0.000000,0
7,aclnnMul_MulAiCore_Mul,N/A,N/A,1790932531259113.087	,21.481,0.000000,0
7,aclnnMul_TransposeAiCore_Transpose,N/A,N/A,1790932531259134.588	,185.603,0.019000,0
7,aclnnMul_MulAiCore_Mul,N/A,N/A,1790932531259320.231	,62.102,0.147000,0
7,aclnnNeg_AsStridedAiCore_AsStrided,N/A,N/A,1790932531259382.373	,103.462,0.000000,0
7,aclnnNeg_NegAiCore_Neg,N/A,N/A,1790932531259485.855	,30.560,0.038000,0
7,aclnnCat_AsStridedAiCore_AsStrided,N/A,N/A,1790932531259516.455	,55.402,0.190000,0
7,aclnnCat_ConcatD_ConcatD,N/A,N/A,1790932531259571.877	,41.540,0.098000,0
7,aclnnMul_MulAiCore_Mul,N/A,N/A,1790932531259613.437	,52.281,0.000000,0
7,aclnnAdd_AddAiCore_Add,N/A,N/A,1790932531259665.738	,161.764,0.000000,0
7,aclnnMul_TransposeAiCore_Transpose,N/A,N/A,1790932531259827.522	,54.781,0.000000,0
7,aclnnMul_MulAiCore_Mul,N/A,N/A,1790932531259882.343	,17.040,0.000000,0
7,aclnnNeg_AsStridedAiCore_AsStrided,N/A,N/A,1790932531259899.403	,18.520,0.210000,0
7,aclnnNeg_NegAiCore_Neg,N/A,N/A,1790932531259917.943	,9.261,0.000000,0
7,aclnnCat_AsStridedAiCore_AsStrided,N/A,N/A,1790932531259927.244	,17.760,0.000000,0
7,aclnnCat_ConcatD_ConcatD,N/A,N/A,1790932531259945.024	,15.960,0.000000,0
7,aclnnMul_MulAiCore_Mul,N/A,N/A,1790932531259961.004	,17.761,0.040000,0
7,aclnnAdd_AddAiCore_Add,N/A,N/A,1790932531259978.805	,15.620,0.000000,0
7,aclnnInplaceCopy_AsStridedAiCore_AsStrided,N/A,N/A,1790932531259994.465	,39.781,0.130000,0
7,InnerPromptFlashAttention_PromptFlashAttention_PromptFlashAttention,N/A,N/A,1790932531260035.266	,1961.839,0.969000,0
7,aclnnInplaceCopy_TransposeAiCore_Transpose,N/A,N/A,1790932531261998.305	,158.043,1.161000,0
7,aclnnMatmul_MatMulV3Common_MatMulV3,N/A,N/A,1790932531262156.368	,716.854,0.000000,0
7,aclnnAdd_AddAiCore_Add,N/A,N/A,1790932531262873.242	,102.343,0.146000,0
7,aclnnInplaceCopy_CastAiCore_Cast,N/A,N/A,1790932531262975.605	,52.961,0.000000,0
7,aclnnPowTensorScalar_PowsAiCore_Pows,N/A,N/A,1790932531263028.586	,54.101,0.039000,0
7,aclnnMean_ReduceMeanAiCore_ReduceMean,N/A,N/A,1790932531263083.647	,71.801,1.149000,0
7,aclnnAdds_AddAiCore_Add,N/A,N/A,1790932531263156.528	,2.580,0.949000,0
7,aclnnRsqrt_RsqrtAiCore_Rsqrt,N/A,N/A,1790932531263159.148	,2.900,0.170000,0
7,aclnnMul_MulAiCore_Mul,N/A,N/A,1790932531263162.088	,73.542,0.000000,0
7,aclnnInplaceCopy_CastAiCore_Cast,N/A,N/A,1790932531263235.650	,41.741,0.208000,0
7,aclnnMul_MulAiCore_Mul,N/A,N/A,1790932531263277.411	,34.500,0.009000,0
7,aclnnMatmul_MatMulV3Common_MatMulV3,N/A,N/A,1790932531263311.931	,3471.530,0.000000,0
7,aclnnSilu_SliceAiCore_Slice,N/A,N/A,1790932531266783.481	,325.866,0.000000,0
7,aclnnSilu_SiluAiCore_Swish,N/A,N/A,1790932531267109.367	,321.767,0.000000,0
7,aclnnMul_SliceAiCore_Slice,N/A,N/A,1790932531267431.154	,307.306,0.233000,0
7,aclnnMul_MulAiCore_Mul,N/A,N/A,1790932531267738.480	,496.670,0.000000,0
7,aclnnMatmul_MatMulV3Common_MatMulV3,N/A,N/A,1790932531268235.170	,1759.575,0.080000,0
7,aclnnAdd_AddAiCore_Add,N/A,N/A,1790932531269994.765	,88.002,0.000000,0
7,aclnnInplaceCopy_CastAiCore_Cast,N/A,N/A,1790932531270082.787	,34.760,0.000000,0
7,aclnnPowTensorScalar_PowsAiCore_Pows,N/A,N/A,1790932531270117.567	,50.901,0.000000,0
7,aclnnMean_ReduceMeanAiCore_ReduceMean,N/A,N/A,1790932531270169.708	,72.662,1.349000,0
7,aclnnAdds_AddAiCore_Add,N/A,N/A,1790932531270243.350	,2.440,0.838000,0
7,aclnnRsqrt_RsqrtAiCore_Rsqrt,N/A,N/A,1790932531270245.810	,2.820,0.060000,0
7,aclnnMul_MulAiCore_Mul,N/A,N/A,1790932531270248.650	,70.581,0.180000,0
7,aclnnInplaceCopy_CastAiCore_Cast,N/A,N/A,1790932531270319.251	,40.781,0.000000,0
7,aclnnMul_MulAiCore_Mul,N/A,N/A,1790932531270360.052	,40.841,0.000000,0
7,aclnnMatmul_MatMulV3Common_MatMulV3,N/A,N/A,1790932531270400.913	,1064.441,0.159000,0
7,aclnnInplaceCopy_SliceAiCore_Slice,N/A,N/A,1790932531271465.374	,93.302,0.000000,0
7,aclnnInplaceCopy_CastAiCore_Cast,N/A,N/A,1790932531271558.696	,87.642,0.198000,0
7,aclnnPowTensorScalar_PowsAiCore_Pows,N/A,N/A,1790932531271646.358	,139.043,0.000000,0
7,aclnnMean_ReduceMeanAiCore_ReduceMean,N/A,N/A,1790932531271786.541	,87.941,1.207000,0
7,aclnnAdds_AddAiCore_Add,N/A,N/A,1790932531271875.342	,6.980,0.809000,0
7,aclnnRsqrt_RsqrtAiCore_Rsqrt,N/A,N/A,1790932531271882.342	,8.761,0.020000,0
7,aclnnMul_MulAiCore_Mul,N/A,N/A,1790932531271891.123	,112.402,0.000000,0
7,aclnnInplaceCopy_CastAiCore_Cast,N/A,N/A,1790932531272003.545	,60.741,0.098000,0
7,aclnnMul_MulAiCore_Mul,N/A,N/A,1790932531272064.326	,60.221,0.009000,0
7,aclnnInplaceCopy_SliceAiCore_Slice,N/A,N/A,1790932531272124.567	,55.801,0.029000,0
7,aclnnInplaceCopy_CastAiCore_Cast,N/A,N/A,1790932531272180.388	,32.641,0.199000,0
7,aclnnPowTensorScalar_PowsAiCore_Pows,N/A,N/A,1790932531272213.049	,37.881,0.000000,0
7,aclnnMean_ReduceMeanAiCore_ReduceMean,N/A,N/A,1790932531272252.230	,29.860,1.369000,0
7,aclnnAdds_AddAiCore_Add,N/A,N/A,1790932531272283.230	,6.621,1.140000,0
7,aclnnRsqrt_RsqrtAiCore_Rsqrt,N/A,N/A,1790932531272289.871	,8.040,0.000000,0
7,aclnnMul_MulAiCore_Mul,N/A,N/A,1790932531272297.931	,36.901,0.210000,0
7,aclnnInplaceCopy_CastAiCore_Cast,N/A,N/A,1790932531272334.852	,19.980,0.000000,0
7,aclnnMul_MulAiCore_Mul,N/A,N/A,1790932531272354.852	,21.800,0.020000,0
7,aclnnMul_TransposeAiCore_Transpose,N/A,N/A,1790932531272376.692	,190.104,0.200000,0
7,aclnnMul_MulAiCore_Mul,N/A,N/A,1790932531272566.816	,64.641,0.000000,0
7,aclnnNeg_AsStridedAiCore_AsStrided,N/A,N/A,1790932531272631.477	,107.863,0.109000,0
7,aclnnNeg_NegAiCore_Neg,N/A,N/A,1790932531272739.360	,30.900,0.000000,0
7,aclnnCat_AsStridedAiCore_AsStrided,N/A,N/A,1790932531272770.280	,57.401,0.100000,0
7,aclnnCat_ConcatD_ConcatD,N/A,N/A,1790932531272827.701	,41.781,0.099000,0
7,aclnnMul_MulAiCore_Mul,N/A,N/A,1790932531272869.502	,53.161,0.000000,0
7,aclnnAdd_AddAiCore_Add,N/A,N/A,1790932531272922.703	,161.303,0.089000,0
7,aclnnMul_TransposeAiCore_Transpose,N/A,N/A,1790932531273084.026	,54.022,0.000000,0
7,aclnnMul_MulAiCore_Mul,N/A,N/A,1790932531273138.068	,16.720,0.000000,0
7,aclnnNeg_AsStridedAiCore_AsStrided,N/A,N/A,1790932531273154.808	,18.700,0.030000,0
7,aclnnNeg_NegAiCore_Neg,N/A,N/A,1790932531273173.528	,11.361,0.050000,0
7,aclnnCat_AsStridedAiCore_AsStrided,N/A,N/A,1790932531273184.929	,17.140,0.139000,0
7,aclnnCat_ConcatD_ConcatD,N/A,N/A,1790932531273202.089	,15.400,0.000000,0
7,aclnnMul_MulAiCore_Mul,N/A,N/A,1790932531273217.509	,17.001,0.100000,0
7,aclnnAdd_AddAiCore_Add,N/A,N/A,1790932531273234.530	,15.140,0.000000,0
7,aclnnInplaceCopy_AsStridedAiCore_AsStrided,N/A,N/A,1790932531273249.690	,40.421,0.110000,0
7,InnerPromptFlashAttention_PromptFlashAttention_PromptFlashAttention,N/A,N/A,1790932531273291.311	,1920.338,1.079000,0
7,aclnnInplaceCopy_TransposeAiCore_Transpose,N/A,N/A,1790932531275212.769	,158.003,1.162000,0
7,aclnnMatmul_MatMulV3Common_MatMulV3,N/A,N/A,1790932531275370.792	,711.734,0.000000,0
7,aclnnAdd_AddAiCore_Add,N/A,N/A,1790932531276082.566	,103.402,0.016000,0
7,aclnnInplaceCopy_CastAiCore_Cast,N/A,N/A,1790932531276185.988	,53.022,0.098000,0
7,aclnnPowTensorScalar_PowsAiCore_Pows,N/A,N/A,1790932531276239.030	,54.021,0.000000,0
7,aclnnMean_ReduceMeanAiCore_ReduceMean,N/A,N/A,1790932531276294.091	,72.041,0.979000,0
7,aclnnAdds_AddAiCore_Add,N/A,N/A,1790932531276367.052	,2.440,0.959000,0
7,aclnnRsqrt_RsqrtAiCore_Rsqrt,N/A,N/A,1790932531276369.512	,3.000,0.060000,0
7,aclnnMul_MulAiCore_Mul,N/A,N/A,1790932531276372.532	,71.802,0.000000,0
7,aclnnInplaceCopy_CastAiCore_Cast,N/A,N/A,1790932531276444.354	,42.160,0.000000,0
7,aclnnMul_MulAiCore_Mul,N/A,N/A,1790932531276486.534	,40.961,0.090000,0
7,aclnnMatmul_MatMulV3Common_MatMulV3,N/A,N/A,1790932531276527.515	,3466.730,0.039000,0
7,aclnnSilu_SliceAiCore_Slice,N/A,N/A,1790932531279994.265	,328.726,0.020000,0
7,aclnnSilu_SiluAiCore_Swish,N/A,N/A,1790932531280323.011	,321.727,0.024000,0
7,aclnnMul_SliceAiCore_Slice,N/A,N/A,1790932531280644.898	,306.606,0.273000,0
7,aclnnMul_MulAiCore_Mul,N/A,N/A,1790932531280951.544	,511.610,0.000000,0
7,aclnnMatmul_MatMulV3Common_MatMulV3,N/A,N/A,1790932531281463.174	,1735.135,0.140000,0
7,aclnnAdd_AddAiCore_Add,N/A,N/A,1790932531283198.329	,87.761,0.000000,0
7,aclnnInplaceCopy_CastAiCore_Cast,N/A,N/A,1790932531283286.110	,36.341,0.000000,0
7,aclnnPowTensorScalar_PowsAiCore_Pows,N/A,N/A,1790932531283322.471	,50.921,0.159000,0
7,aclnnMean_ReduceMeanAiCore_ReduceMean,N/A,N/A,1790932531283374.432	,72.182,1.079000,0
7,aclnnAdds_AddAiCore_Add,N/A,N/A,1790932531283447.434	,2.580,0.818000,0
7,aclnnRsqrt_RsqrtAiCore_Rsqrt,N/A,N/A,1790932531283450.034	,2.820,0.000000,0
7,aclnnMul_MulAiCore_Mul,N/A,N/A,1790932531283452.874	,72.181,0.000000,0
7,aclnnInplaceCopy_CastAiCore_Cast,N/A,N/A,1790932531283525.075	,41.581,0.069000,0
7,aclnnMul_MulAiCore_Mul,N/A,N/A,1790932531283566.696	,41.561,0.169000,0
7,aclnnMatmul_MatMulV3Common_MatMulV3,N/A,N/A,1790932531283608.277	,1069.981,0.000000,0
7,aclnnInplaceCopy_SliceAiCore_Slice,N/A,N/A,1790932531284678.278	,94.722,0.019000,0
7,aclnnInplaceCopy_CastAiCore_Cast,N/A,N/A,1790932531284773.020	,87.322,0.028000,0
7,aclnnPowTensorScalar_PowsAiCore_Pows,N/A,N/A,1790932531284860.362	,132.882,0.000000,0
7,aclnnMean_ReduceMeanAiCore_ReduceMean,N/A,N/A,1790932531284994.324	,88.322,1.118000,0
7,aclnnAdds_AddAiCore_Add,N/A,N/A,1790932531285083.706	,6.980,1.178000,0
7,aclnnRsqrt_RsqrtAiCore_Rsqrt,N/A,N/A,1790932531285090.706	,8.821,0.020000,0
7,aclnnMul_MulAiCore_Mul,N/A,N/A,1790932531285099.567	,112.222,0.000000,0
7,aclnnInplaceCopy_CastAiCore_Cast,N/A,N/A,1790932531285211.829	,61.381,0.028000,0
7,aclnnMul_MulAiCore_Mul,N/A,N/A,1790932531285273.230	,60.741,0.119000,0
7,aclnnInplaceCopy_SliceAiCore_Slice,N/A,N/A,1790932531285333.991	,56.321,0.009000,0
7,aclnnInplaceCopy_CastAiCore_Cast,N/A,N/A,1790932531285390.332	,34.881,0.000000,0
7,aclnnPowTensorScalar_PowsAiCore_Pows,N/A,N/A,1790932531285425.233	,38.041,0.119000,0
7,aclnnMean_ReduceMeanAiCore_ReduceMean,N/A,N/A,1790932531285464.314	,29.800,0.959000,0
7,aclnnAdds_AddAiCore_Add,N/A,N/A,1790932531285495.254	,6.541,1.200000,0
7,aclnnRsqrt_RsqrtAiCore_Rsqrt,N/A,N/A,1790932531285501.815	,8.160,0.000000,0
7,aclnnMul_MulAiCore_Mul,N/A,N/A,1790932531285509.995	,36.901,0.090000,0
7,aclnnInplaceCopy_CastAiCore_Cast,N/A,N/A,1790932531285546.936	,16.960,0.099000,0
7,aclnnMul_MulAiCore_Mul,N/A,N/A,1790932531285563.916	,21.800,0.040000,0
7,aclnnMul_TransposeAiCore_Transpose,N/A,N/A,1790932531285585.736	,191.364,0.000000,0
7,aclnnMul_MulAiCore_Mul,N/A,N/A,1790932531285777.120	,62.481,0.000000,0
7,aclnnNeg_AsStridedAiCore_AsStrided,N/A,N/A,1790932531285839.641	,105.322,0.269000,0
7,aclnnNeg_NegAiCore_Neg,N/A,N/A,1790932531285944.983	,30.301,0.000000,0
7,aclnnCat_AsStridedAiCore_AsStrided,N/A,N/A,1790932531285975.304	,55.781,0.000000,0
7,aclnnCat_ConcatD_ConcatD,N/A,N/A,1790932531286031.125	,41.901,0.000000,0
7,aclnnMul_MulAiCore_Mul,N/A,N/A,1790932531286073.046	,53.361,0.099000,0
7,aclnnAdd_AddAiCore_Add,N/A,N/A,1790932531286126.427	,161.843,0.139000,0
7,aclnnMul_TransposeAiCore_Transpose,N/A,N/A,1790932531286288.290	,54.401,0.000000,0
7,aclnnMul_MulAiCore_Mul,N/A,N/A,1790932531286342.711	,16.921,0.099000,0
7,aclnnNeg_AsStridedAiCore_AsStrided,N/A,N/A,1790932531286359.672	,18.300,0.079000,0
7,aclnnNeg_NegAiCore_Neg,N/A,N/A,1790932531286377.992	,9.440,0.000000,0
7,aclnnCat_AsStridedAiCore_AsStrided,N/A,N/A,1790932531286387.472	,18.361,0.060000,0
7,aclnnCat_ConcatD_ConcatD,N/A,N/A,1790932531286405.853	,15.340,0.000000,0
7,aclnnMul_MulAiCore_Mul,N/A,N/A,1790932531286421.213	,17.120,0.160000,0
7,aclnnAdd_AddAiCore_Add,N/A,N/A,1790932531286438.353	,15.001,0.000000,0
7,aclnnInplaceCopy_AsStridedAiCore_AsStrided,N/A,N/A,1790932531286453.374	,40.760,0.000000,0
7,InnerPromptFlashAttention_PromptFlashAttention_PromptFlashAttention,N/A,N/A,1790932531286495.494	,1890.118,1.490000,0
7,aclnnInplaceCopy_TransposeAiCore_Transpose,N/A,N/A,1790932531288386.512	,160.763,0.882000,0
7,aclnnMatmul_MatMulV3Common_MatMulV3,N/A,N/A,1790932531288547.295	,711.355,0.000000,0
7,aclnnAdd_AddAiCore_Add,N/A,N/A,1790932531289258.670	,101.402,0.145000,0
7,aclnnInplaceCopy_CastAiCore_Cast,N/A,N/A,1790932531289360.092	,53.261,0.000000,0
7,aclnnPowTensorScalar_PowsAiCore_Pows,N/A,N/A,1790932531289413.373	,54.061,0.000000,0
7,aclnnMean_ReduceMeanAiCore_ReduceMean,N/A,N/A,1790932531289468.654	,72.041,1.439000,0
7,aclnnAdds_AddAiCore_Add,N/A,N/A,1790932531289541.675	,2.760,0.959000,0
7,aclnnRsqrt_RsqrtAiCore_Rsqrt,N/A,N/A,1790932531289544.455	,3.060,0.000000,0
7,aclnnMul_MulAiCore_Mul,N/A,N/A,1790932531289547.535	,72.202,0.000000,0
7,aclnnInplaceCopy_CastAiCore_Cast,N/A,N/A,1790932531289619.757	,41.281,0.048000,0
7,aclnnMul_MulAiCore_Mul,N/A,N/A,1790932531289661.058	,35.400,0.000000,0
7,aclnnMatmul_MatMulV3Common_MatMulV3,N/A,N/A,1790932531289696.498	,3472.390,0.100000,0
7,aclnnSilu_SliceAiCore_Slice,N/A,N/A,1790932531293168.928	,326.466,0.110000,0
7,aclnnSilu_SiluAiCore_Swish,N/A,N/A,1790932531293495.414	,321.447,0.034000,0
7,aclnnMul_SliceAiCore_Slice,N/A,N/A,1790932531293816.881	,307.406,0.053000,0
7,aclnnMul_MulAiCore_Mul,N/A,N/A,1790932531294124.307	,496.830,0.000000,0
7,aclnnMatmul_MatMulV3Common_MatMulV3,N/A,N/A,1790932531294621.157	,1762.975,0.170000,0
7,aclnnAdd_AddAiCore_Add,N/A,N/A,1790932531296384.152	,88.282,0.025000,0
7,aclnnInplaceCopy_CastAiCore_Cast,N/A,N/A,1790932531296472.454	,36.041,0.000000,0
7,aclnnPowTensorScalar_PowsAiCore_Pows,N/A,N/A,1790932531296508.515	,49.841,0.000000,0
7,aclnnMean_ReduceMeanAiCore_ReduceMean,N/A,N/A,1790932531296559.776	,72.961,1.409000,0
7,aclnnAdds_AddAiCore_Add,N/A,N/A,1790932531296633.937	,2.640,1.289000,0
7,aclnnRsqrt_RsqrtAiCore_Rsqrt,N/A,N/A,1790932531296636.597	,2.780,0.000000,0
7,aclnnMul_MulAiCore_Mul,N/A,N/A,1790932531296639.417	,72.422,0.220000,0
7,aclnnInplaceCopy_CastAiCore_Cast,N/A,N/A,1790932531296711.859	,41.100,0.000000,0
7,aclnnMul_MulAiCore_Mul,N/A,N/A,1790932531296752.999	,46.881,0.150000,0
7,aclnnMatmul_MatMulV3Common_MatMulV3,N/A,N/A,1790932531296799.900	,1063.882,0.119000,0
7,aclnnInplaceCopy_SliceAiCore_Slice,N/A,N/A,1790932531297863.802	,93.341,0.000000,0
7,aclnnInplaceCopy_CastAiCore_Cast,N/A,N/A,1790932531297957.163	,86.582,0.159000,0
7,aclnnPowTensorScalar_PowsAiCore_Pows,N/A,N/A,1790932531298043.765	,136.343,0.000000,0
7,aclnnMean_ReduceMeanAiCore_ReduceMean,N/A,N/A,1790932531298181.088	,89.562,0.907000,0
7,aclnnAdds_AddAiCore_Add,N/A,N/A,1790932531298271.690	,7.140,1.188000,0
7,aclnnRsqrt_RsqrtAiCore_Rsqrt,N/A,N/A,1790932531298278.850	,8.860,0.000000,0
7,aclnnMul_MulAiCore_Mul,N/A,N/A,1790932531298287.730	,111.242,0.140000,0
7,aclnnInplaceCopy_CastAiCore_Cast,N/A,N/A,1790932531298398.992	,60.602,0.008000,0
7,aclnnMul_MulAiCore_Mul,N/A,N/A,1790932531298459.614	,60.421,0.000000,0
7,aclnnInplaceCopy_SliceAiCore_Slice,N/A,N/A,1790932531298520.055	,56.081,0.079000,0
7,aclnnInplaceCopy_CastAiCore_Cast,N/A,N/A,1790932531298576.176	,32.280,0.169000,0
7,aclnnPowTensorScalar_PowsAiCore_Pows,N/A,N/A,1790932531298608.496	,38.661,0.000000,0
7,aclnnMean_ReduceMeanAiCore_ReduceMean,N/A,N/A,1790932531298648.077	,29.781,0.839000,0
7,aclnnAdds_AddAiCore_Add,N/A,N/A,1790932531298679.038	,6.540,1.219000,0
7,aclnnRsqrt_RsqrtAiCore_Rsqrt,N/A,N/A,1790932531298685.598	,8.060,0.000000,0
7,aclnnMul_MulAiCore_Mul,N/A,N/A,1790932531298693.678	,37.901,0.190000,0
7,aclnnInplaceCopy_CastAiCore_Cast,N/A,N/A,1790932531298731.599	,17.040,0.000000,0
7,aclnnMul_MulAiCore_Mul,N/A,N/A,1790932531298748.659	,21.341,0.210000,0
7,aclnnMul_TransposeAiCore_Transpose,N/A,N/A,1790932531298770.020	,187.663,0.000000,0
7,aclnnMul_MulAiCore_Mul,N/A,N/A,1790932531298957.703	,66.942,0.087000,0
7,aclnnNeg_AsStridedAiCore_AsStrided,N/A,N/A,1790932531299024.665	,104.742,0.058000,0
7,aclnnNeg_NegAiCore_Neg,N/A,N/A,1790932531299129.447	,30.821,0.008000,0
7,aclnnCat_AsStridedAiCore_AsStrided,N/A,N/A,1790932531299160.288	,55.081,0.000000,0
7,aclnnCat_ConcatD_ConcatD,N/A,N/A,1790932531299215.389	,41.200,0.169000,0
7,aclnnMul_MulAiCore_Mul,N/A,N/A,1790932531299256.609	,52.901,0.000000,0
7,aclnnAdd_AddAiCore_Add,N/A,N/A,1790932531299309.530	,161.644,0.099000,0
7,aclnnMul_TransposeAiCore_Transpose,N/A,N/A,1790932531299471.194	,53.561,0.106000,0
7,aclnnMul_MulAiCore_Mul,N/A,N/A,1790932531299524.775	,17.120,0.000000,0
7,aclnnNeg_AsStridedAiCore_AsStrided,N/A,N/A,1790932531299541.915	,18.120,0.130000,0
7,aclnnNeg_NegAiCore_Neg,N/A,N/A,1790932531299560.055	,9.381,0.000000,0
7,aclnnCat_AsStridedAiCore_AsStrided,N/A,N/A,1790932531299569.456	,17.580,0.119000,0
7,aclnnCat_ConcatD_ConcatD,N/A,N/A,1790932531299587.056	,15.820,0.000000,0
7,aclnnMul_MulAiCore_Mul,N/A,N/A,1790932531299602.896	,16.781,0.180000,0
7,aclnnAdd_AddAiCore_Add,N/A,N/A,1790932531299619.697	,15.880,0.000000,0
7,aclnnInplaceCopy_AsStridedAiCore_AsStrided,N/A,N/A,1790932531299635.597	,40.221,0.000000,0
7,InnerPromptFlashAttention_PromptFlashAttention_PromptFlashAttention,N/A,N/A,1790932531299676.838	,2239.465,1.029000,0
7,aclnnInplaceCopy_TransposeAiCore_Transpose,N/A,N/A,1790932531301917.003	,154.563,0.785000,0
7,aclnnMatmul_MatMulV3Common_MatMulV3,N/A,N/A,1790932531302071.586	,711.194,0.000000,0
7,aclnnAdd_AddAiCore_Add,N/A,N/A,1790932531302782.800	,103.302,0.056000,0
7,aclnnInplaceCopy_CastAiCore_Cast,N/A,N/A,1790932531302886.122	,53.041,0.000000,0
7,aclnnPowTensorScalar_PowsAiCore_Pows,N/A,N/A,1790932531302939.183	,53.761,0.209000,0
7,aclnnMean_ReduceMeanAiCore_ReduceMean,N/A,N/A,1790932531302994.144	,71.722,1.239000,0
7,aclnnAdds_AddAiCore_Add,N/A,N/A,1790932531303066.546	,2.820,0.528000,0
7,aclnnRsqrt_RsqrtAiCore_Rsqrt,N/A,N/A,1790932531303069.386	,2.940,0.180000,0
7,aclnnMul_MulAiCore_Mul,N/A,N/A,1790932531303072.346	,73.361,0.000000,0
7,aclnnInplaceCopy_CastAiCore_Cast,N/A,N/A,1790932531303145.727	,41.501,0.139000,0
7,aclnnMul_MulAiCore_Mul,N/A,N/A,1790932531303187.248	,41.461,0.000000,0
7,aclnnMatmul_MatMulV3Common_MatMulV3,N/A,N/A,1790932531303228.729	,3487.209,0.039000,0
7,aclnnSilu_SliceAiCore_Slice,N/A,N/A,1790932531306715.958	,330.367,0.041000,0
7,aclnnSilu_SiluAiCore_Swish,N/A,N/A,1790932531307046.345	,321.666,0.000000,0
7,aclnnMul_SliceAiCore_Slice,N/A,N/A,1790932531307368.031	,309.107,0.084000,0
7,aclnnMul_MulAiCore_Mul,N/A,N/A,1790932531307677.158	,512.230,0.143000,0
7,aclnnMatmul_MatMulV3Common_MatMulV3,N/A,N/A,1790932531308189.408	,1741.515,0.020000,0
7,aclnnAdd_AddAiCore_Add,N/A,N/A,1790932531309930.943	,86.941,0.000000,0
7,aclnnInplaceCopy_CastAiCore_Cast,N/A,N/A,1790932531310017.904	,36.401,0.059000,0
7,aclnnPowTensorScalar_PowsAiCore_Pows,N/A,N/A,1790932531310054.325	,51.141,0.000000,0
7,aclnnMean_ReduceMeanAiCore_ReduceMean,N/A,N/A,1790932531310106.506	,73.142,1.109000,0
7,aclnnAdds_AddAiCore_Add,N/A,N/A,1790932531310180.768	,2.460,1.108000,0
7,aclnnRsqrt_RsqrtAiCore_Rsqrt,N/A,N/A,1790932531310183.248	,2.920,0.040000,0
7,aclnnMul_MulAiCore_Mul,N/A,N/A,1790932531310186.208	,71.901,0.080000,0
7,aclnnInplaceCopy_CastAiCore_Cast,N/A,N/A,1790932531310258.149	,41.681,0.099000,0
7,aclnnMul_MulAiCore_Mul,N/A,N/A,1790932531310299.850	,40.701,0.000000,0
7,aclnnMatmul_MatMulV3Common_MatMulV3,N/A,N/A,1790932531310340.571	,1076.521,0.049000,0
7,aclnnInplaceCopy_SliceAiCore_Slice,N/A,N/A,1790932531311417.112	,95.222,0.000000,0
7,aclnnInplaceCopy_CastAiCore_Cast,N/A,N/A,1790932531311512.354	,89.022,0.028000,0
7,aclnnPowTensorScalar_PowsAiCore_Pows,N/A,N/A,1790932531311601.396	,135.203,0.228000,0
7,aclnnMean_ReduceMeanAiCore_ReduceMean,N/A,N/A,1790932531311737.499	,88.522,0.797000,0
7,aclnnAdds_AddAiCore_Add,N/A,N/A,1790932531311826.961	,7.080,0.978000,0
7,aclnnRsqrt_RsqrtAiCore_Rsqrt,N/A,N/A,1790932531311834.061	,8.720,0.000000,0
7,aclnnMul_MulAiCore_Mul,N/A,N/A,1790932531311842.801	,112.622,0.030000,0
7,aclnnInplaceCopy_CastAiCore_Cast,N/A,N/A,1790932531311955.443	,60.201,0.128000,0
7,aclnnMul_MulAiCore_Mul,N/A,N/A,1790932531312015.664	,59.902,0.049000,0
7,aclnnInplaceCopy_SliceAiCore_Slice,N/A,N/A,1790932531312075.606	,56.681,0.000000,0
7,aclnnInplaceCopy_CastAiCore_Cast,N/A,N/A,1790932531312132.327	,32.920,0.069000,0
7,aclnnPowTensorScalar_PowsAiCore_Pows,N/A,N/A,1790932531312165.267	,39.101,0.080000,0
7,aclnnMean_ReduceMeanAiCore_ReduceMean,N/A,N/A,1790932531312205.828	,29.481,1.399000,0
7,aclnnAdds_AddAiCore_Add,N/A,N/A,1790932531312236.169	,6.640,1.019000,0
7,aclnnRsqrt_RsqrtAiCore_Rsqrt,N/A,N/A,1790932531312242.849	,7.980,0.000000,0
7,aclnnMul_MulAiCore_Mul,N/A,N/A,1790932531312250.849	,37.081,0.020000,0
7,aclnnInplaceCopy_CastAiCore_Cast,N/A,N/A,1790932531312287.970	,16.920,0.169000,0
7,aclnnMul_MulAiCore_Mul,N/A,N/A,1790932531312304.910	,21.501,0.080000,0
7,aclnnMul_TransposeAiCore_Transpose,N/A,N/A,1790932531312326.431	,187.883,0.000000,0
7,aclnnMul_MulAiCore_Mul,N/A,N/A,1790932531312514.334	,63.522,0.000000,0
7,aclnnNeg_AsStridedAiCore_AsStrided,N/A,N/A,1790932531312577.896	,105.962,0.228000,0
7,aclnnNeg_NegAiCore_Neg,N/A,N/A,1790932531312683.878	,30.160,0.038000,0
7,aclnnCat_AsStridedAiCore_AsStrided,N/A,N/A,1790932531312714.058	,56.521,0.000000,0
7,aclnnCat_ConcatD_ConcatD,N/A,N/A,1790932531312770.619	,47.661,0.000000,0
7,aclnnMul_MulAiCore_Mul,N/A,N/A,1790932531312818.300	,52.421,0.089000,0
7,aclnnAdd_AddAiCore_Add,N/A,N/A,1790932531312870.761	,162.184,0.079000,0
7,aclnnMul_TransposeAiCore_Transpose,N/A,N/A,1790932531313032.985	,54.421,0.066000,0
7,aclnnMul_MulAiCore_Mul,N/A,N/A,1790932531313087.426	,17.180,0.079000,0
7,aclnnNeg_AsStridedAiCore_AsStrided,N/A,N/A,1790932531313104.646	,18.460,0.070000,0
7,aclnnNeg_NegAiCore_Neg,N/A,N/A,1790932531313123.126	,9.101,0.040000,0
7,aclnnCat_AsStridedAiCore_AsStrided,N/A,N/A,1790932531313132.247	,17.480,0.000000,0
7,aclnnCat_ConcatD_ConcatD,N/A,N/A,1790932531313149.747	,15.080,0.020000,0
7,aclnnMul_MulAiCore_Mul,N/A,N/A,1790932531313164.847	,17.581,0.000000,0
7,aclnnAdd_AddAiCore_Add,N/A,N/A,1790932531313182.448	,15.760,0.169000,0
7,aclnnInplaceCopy_AsStridedAiCore_AsStrided,N/A,N/A,1790932531313198.228	,39.261,0.000000,0
7,InnerPromptFlashAttention_PromptFlashAttention_PromptFlashAttention,N/A,N/A,1790932531313238.889	,1955.959,1.489000,0
7,aclnnInplaceCopy_TransposeAiCore_Transpose,N/A,N/A,1790932531315195.528	,156.663,0.541000,0
7,aclnnMatmul_MatMulV3Common_MatMulV3,N/A,N/A,1790932531315352.211	,714.394,0.087000,0
7,aclnnAdd_AddAiCore_Add,N/A,N/A,1790932531316066.625	,102.282,0.000000,0
7,aclnnInplaceCopy_CastAiCore_Cast,N/A,N/A,1790932531316168.927	,53.101,0.218000,0
7,aclnnPowTensorScalar_PowsAiCore_Pows,N/A,N/A,1790932531316222.048	,53.721,0.000000,0
7,aclnnMean_ReduceMeanAiCore_ReduceMean,N/A,N/A,1790932531316276.709	,72.622,1.029000,0
7,aclnnAdds_AddAiCore_Add,N/A,N/A,1790932531316350.251	,2.420,0.878000,0
7,aclnnRsqrt_RsqrtAiCore_Rsqrt,N/A,N/A,1790932531316352.691	,2.760,0.080000,0
7,aclnnMul_MulAiCore_Mul,N/A,N/A,1790932531316355.471	,72.822,0.000000,0
7,aclnnInplaceCopy_CastAiCore_Cast,N/A,N/A,1790932531316428.333	,41.600,0.000000,0
7,aclnnMul_MulAiCore_Mul,N/A,N/A,1790932531316469.953	,34.761,0.150000,0
7,aclnnMatmul_MatMulV3Common_MatMulV3,N/A,N/A,1790932531316504.734	,3473.869,0.000000,0
7,aclnnSilu_SliceAiCore_Slice,N/A,N/A,1790932531319978.623	,325.727,0.000000,0
7,aclnnSilu_SiluAiCore_Swish,N/A,N/A,1790932531320304.370	,322.426,0.023000,0
7,aclnnMul_SliceAiCore_Slice,N/A,N/A,1790932531320626.836	,308.547,0.074000,0
7,aclnnMul_MulAiCore_Mul,N/A,N/A,1790932531320935.423	,499.350,0.203000,0
7,aclnnMatmul_MatMulV3Common_MatMulV3,N/A,N/A,1790932531321434.793	,1752.015,0.000000,0
7,aclnnAdd_AddAiCore_Add,N/A,N/A,1790932531323186.848	,87.701,0.000000,0
7,aclnnInplaceCopy_CastAiCore_Cast,N/A,N/A,1790932531323274.569	,35.281,0.049000,0
7,aclnnPowTensorScalar_PowsAiCore_Pows,N/A,N/A,1790932531323309.870	,50.721,0.000000,0
7,aclnnMean_ReduceMeanAiCore_ReduceMean,N/A,N/A,1790932531323361.991	,72.662,1.529000,0
7,aclnnAdds_AddAiCore_Add,N/A,N/A,1790932531323435.573	,2.700,0.838000,0
7,aclnnRsqrt_RsqrtAiCore_Rsqrt,N/A,N/A,1790932531323438.313	,3.080,0.050000,0
7,aclnnMul_MulAiCore_Mul,N/A,N/A,1790932531323441.413	,71.821,0.170000,0
7,aclnnInplaceCopy_CastAiCore_Cast,N/A,N/A,1790932531323513.254	,41.241,0.000000,0
7,aclnnMul_MulAiCore_Mul,N/A,N/A,1790932531323554.515	,42.021,0.009000,0
7,aclnnMatmul_MatMulV3Common_MatMulV3,N/A,N/A,1790932531323596.576	,1069.041,0.000000,0
7,aclnnInplaceCopy_SliceAiCore_Slice,N/A,N/A,1790932531324665.637	,93.782,0.209000,0
7,aclnnInplaceCopy_CastAiCore_Cast,N/A,N/A,1790932531324759.439	,87.202,0.000000,0
7,aclnnPowTensorScalar_PowsAiCore_Pows,N/A,N/A,1790932531324846.661	,131.922,0.048000,0
7,aclnnMean_ReduceMeanAiCore_ReduceMean,N/A,N/A,1790932531324979.743	,88.462,1.078000,0
7,aclnnAdds_AddAiCore_Add,N/A,N/A,1790932531325069.145	,7.020,1.038000,0
7,aclnnRsqrt_RsqrtAiCore_Rsqrt,N/A,N/A,1790932531325076.205	,8.780,0.000000,0
7,aclnnMul_MulAiCore_Mul,N/A,N/A,1790932531325085.005	,111.543,0.000000,0
7,aclnnInplaceCopy_CastAiCore_Cast,N/A,N/A,1790932531325196.568	,60.221,0.000000,0
7,aclnnMul_MulAiCore_Mul,N/A,N/A,1790932531325256.829	,60.601,0.029000,0
7,aclnnInplaceCopy_SliceAiCore_Slice,N/A,N/A,1790932531325317.470	,56.321,0.149000,0
7,aclnnInplaceCopy_CastAiCore_Cast,N/A,N/A,1790932531325373.811	,32.841,0.000000,0
7,aclnnPowTensorScalar_PowsAiCore_Pows,N/A,N/A,1790932531325406.672	,37.921,0.159000,0
7,aclnnMean_ReduceMeanAiCore_ReduceMean,N/A,N/A,1790932531325446.013	,29.560,1.329000,0
7,aclnnAdds_AddAiCore_Add,N/A,N/A,1790932531325476.393	,6.580,0.940000,0
7,aclnnRsqrt_RsqrtAiCore_Rsqrt,N/A,N/A,1790932531325482.993	,8.121,0.000000,0
7,aclnnMul_MulAiCore_Mul,N/A,N/A,1790932531325491.134	,37.740,0.129000,0
7,aclnnInplaceCopy_CastAiCore_Cast,N/A,N/A,1790932531325528.894	,16.961,0.010000,0
7,aclnnMul_MulAiCore_Mul,N/A,N/A,1790932531325545.875	,21.740,0.039000,0
7,aclnnMul_TransposeAiCore_Transpose,N/A,N/A,1790932531325567.635	,187.104,0.010000,0
7,aclnnMul_MulAiCore_Mul,N/A,N/A,1790932531325754.759	,63.241,0.000000,0
7,aclnnNeg_AsStridedAiCore_AsStrided,N/A,N/A,1790932531325818.040	,104.122,0.009000,0
7,aclnnNeg_NegAiCore_Neg,N/A,N/A,1790932531325922.182	,29.861,0.128000,0
7,aclnnCat_AsStridedAiCore_AsStrided,N/A,N/A,1790932531325952.083	,57.261,0.000000,0
7,aclnnCat_ConcatD_ConcatD,N/A,N/A,1790932531326009.364	,42.501,0.000000,0
7,aclnnMul_MulAiCore_Mul,N/A,N/A,1790932531326051.885	,52.761,0.249000,0
7,aclnnAdd_AddAiCore_Add,N/A,N/A,1790932531326104.666	,162.183,0.000000,0
7,aclnnMul_TransposeAiCore_Transpose,N/A,N/A,1790932531326266.869	,54.201,0.000000,0
7,aclnnMul_MulAiCore_Mul,N/A,N/A,1790932531326321.110	,17.301,0.049000,0
7,aclnnNeg_AsStridedAiCore_AsStrided,N/A,N/A,1790932531326338.431	,18.220,0.199000,0
7,aclnnNeg_NegAiCore_Neg,N/A,N/A,1790932531326356.671	,9.300,0.030000,0
7,aclnnCat_AsStridedAiCore_AsStrided,N/A,N/A,1790932531326365.991	,17.560,0.000000,0
7,aclnnCat_ConcatD_ConcatD,N/A,N/A,1790932531326383.571	,16.181,0.000000,0
7,aclnnMul_MulAiCore_Mul,N/A,N/A,1790932531326399.772	,17.140,0.069000,0
7,aclnnAdd_AddAiCore_Add,N/A,N/A,1790932531326416.932	,15.800,0.110000,0
7,aclnnInplaceCopy_AsStridedAiCore_AsStrided,N/A,N/A,1790932531326432.752	,41.001,0.000000,0
7,InnerPromptFlashAttention_PromptFlashAttention_PromptFlashAttention,N/A,N/A,1790932531326474.893	,1898.178,1.249000,0
7,aclnnInplaceCopy_TransposeAiCore_Transpose,N/A,N/A,1790932531328374.311	,155.963,1.072000,0
7,aclnnMatmul_MatMulV3Common_MatMulV3,N/A,N/A,1790932531328530.314	,713.735,0.037000,0
7,aclnnAdd_AddAiCore_Add,N/A,N/A,1790932531329244.069	,103.542,0.015000,0
7,aclnnInplaceCopy_CastAiCore_Cast,N/A,N/A,1790932531329347.651	,53.221,0.208000,0
7,aclnnPowTensorScalar_PowsAiCore_Pows,N/A,N/A,1790932531329400.892	,54.681,0.029000,0
7,aclnnMean_ReduceMeanAiCore_ReduceMean,N/A,N/A,1790932531329456.693	,72.241,1.069000,0
7,aclnnAdds_AddAiCore_Add,N/A,N/A,1790932531329529.634	,2.720,0.759000,0
7,aclnnRsqrt_RsqrtAiCore_Rsqrt,N/A,N/A,1790932531329532.374	,2.720,0.000000,0
7,aclnnMul_MulAiCore_Mul,N/A,N/A,1790932531329535.114	,72.502,0.030000,0
7,aclnnInplaceCopy_CastAiCore_Cast,N/A,N/A,1790932531329607.636	,41.621,0.248000,0
7,aclnnMul_MulAiCore_Mul,N/A,N/A,1790932531329649.277	,41.000,0.000000,0
7,aclnnMatmul_MatMulV3Common_MatMulV3,N/A,N/A,1790932531329690.297	,3479.390,0.000000,0
7,aclnnSilu_SliceAiCore_Slice,N/A,N/A,1790932531333169.707	,329.307,0.110000,0
7,aclnnSilu_SiluAiCore_Swish,N/A,N/A,1790932531333499.034	,321.426,0.000000,0
7,aclnnMul_SliceAiCore_Slice,N/A,N/A,1790932531333820.480	,305.846,0.074000,0
7,aclnnMul_MulAiCore_Mul,N/A,N/A,1790932531334126.346	,511.090,0.000000,0
7,aclnnMatmul_MatMulV3Common_MatMulV3,N/A,N/A,1790932531334637.456	,1739.015,0.160000,0
7,aclnnAdd_AddAiCore_Add,N/A,N/A,1790932531336376.511	,87.442,0.000000,0
7,aclnnInplaceCopy_CastAiCore_Cast,N/A,N/A,1790932531336463.973	,35.961,0.058000,0
7,aclnnPowTensorScalar_PowsAiCore_Pows,N/A,N/A,1790932531336499.954	,50.761,0.039000,0
7,aclnnMean_ReduceMeanAiCore_ReduceMean,N/A,N/A,1790932531336552.095	,72.321,1.239000,0
7,aclnnAdds_AddAiCore_Add,N/A,N/A,1790932531336625.056	,2.480,0.679000,0
7,aclnnRsqrt_RsqrtAiCore_Rsqrt,N/A,N/A,1790932531336627.556	,2.920,0.020000,0
7,aclnnMul_MulAiCore_Mul,N/A,N/A,1790932531336630.516	,72.402,0.080000,0
7,aclnnInplaceCopy_CastAiCore_Cast,N/A,N/A,1790932531336702.938	,41.940,0.098000,0
7,aclnnMul_MulAiCore_Mul,N/A,N/A,1790932531336744.898	,40.361,0.060000,0
7,aclnnMatmul_MatMulV3Common_MatMulV3,N/A,N/A,1790932531336785.299	,1067.502,0.000000,0
7,aclnnInplaceCopy_SliceAiCore_Slice,N/A,N/A,1790932531337852.821	,96.882,0.000000,0
7,aclnnInplaceCopy_CastAiCore_Cast,N/A,N/A,1790932531337949.723	,85.501,0.118000,0
7,aclnnPowTensorScalar_PowsAiCore_Pows,N/A,N/A,1790932531338035.244	,130.883,0.000000,0
7,aclnnMean_ReduceMeanAiCore_ReduceMean,N/A,N/A,1790932531338167.407	,88.282,1.367000,0
7,aclnnAdds_AddAiCore_Add,N/A,N/A,1790932531338256.849	,7.020,0.968000,0
7,aclnnRsqrt_RsqrtAiCore_Rsqrt,N/A,N/A,1790932531338263.889	,8.680,0.230000,0
7,aclnnMul_MulAiCore_Mul,N/A,N/A,1790932531338272.609	,111.302,0.000000,0
7,aclnnInplaceCopy_CastAiCore_Cast,N/A,N/A,1790932531338383.931	,61.101,0.198000,0
7,aclnnMul_MulAiCore_Mul,N/A,N/A,1790932531338445.072	,60.902,0.000000,0
7,aclnnInplaceCopy_SliceAiCore_Slice,N/A,N/A,1790932531338505.994	,59.861,0.098000,0
7,aclnnInplaceCopy_CastAiCore_Cast,N/A,N/A,1790932531338565.895	,33.100,0.139000,0
7,aclnnPowTensorScalar_PowsAiCore_Pows,N/A,N/A,1790932531338599.015	,38.701,0.000000,0
7,aclnnMean_ReduceMeanAiCore_ReduceMean,N/A,N/A,1790932531338639.176	,29.641,1.549000,0
7,aclnnAdds_AddAiCore_Add,N/A,N/A,1790932531338669.537	,6.660,0.609000,0
7,aclnnRsqrt_RsqrtAiCore_Rsqrt,N/A,N/A,1790932531338676.217	,8.060,0.090000,0
7,aclnnMul_MulAiCore_Mul,N/A,N/A,1790932531338684.297	,37.381,0.000000,0
7,aclnnInplaceCopy_CastAiCore_Cast,N/A,N/A,1790932531338721.698	,16.900,0.119000,0
7,aclnnMul_MulAiCore_Mul,N/A,N/A,1790932531338738.618	,21.741,0.000000,0
7,aclnnMul_TransposeAiCore_Transpose,N/A,N/A,1790932531338760.379	,188.803,0.259000,0
7,aclnnMul_MulAiCore_Mul,N/A,N/A,1790932531338949.202	,63.162,0.000000,0
7,aclnnNeg_AsStridedAiCore_AsStrided,N/A,N/A,1790932531339012.384	,104.042,0.088000,0
7,aclnnNeg_NegAiCore_Neg,N/A,N/A,1790932531339116.446	,30.720,0.000000,0
7,aclnnCat_AsStridedAiCore_AsStrided,N/A,N/A,1790932531339147.186	,54.302,0.030000,0
7,aclnnCat_ConcatD_ConcatD,N/A,N/A,1790932531339201.528	,40.420,0.000000,0
7,aclnnMul_MulAiCore_Mul,N/A,N/A,1790932531339241.968	,53.561,0.080000,0
7,aclnnAdd_AddAiCore_Add,N/A,N/A,1790932531339295.549	,161.924,0.000000,0
7,aclnnMul_TransposeAiCore_Transpose,N/A,N/A,1790932531339457.493	,54.721,0.076000,0
7,aclnnMul_MulAiCore_Mul,N/A,N/A,1790932531339512.234	,17.520,0.029000,0
7,aclnnNeg_AsStridedAiCore_AsStrided,N/A,N/A,1790932531339529.774	,17.940,0.000000,0
7,aclnnNeg_NegAiCore_Neg,N/A,N/A,1790932531339547.754	,9.261,0.060000,0
7,aclnnCat_AsStridedAiCore_AsStrided,N/A,N/A,1790932531339557.035	,18.540,0.000000,0
7,aclnnCat_ConcatD_ConcatD,N/A,N/A,1790932531339575.595	,15.320,0.000000,0
7,aclnnMul_MulAiCore_Mul,N/A,N/A,1790932531339590.935	,17.381,0.180000,0
7,aclnnAdd_AddAiCore_Add,N/A,N/A,1790932531339608.336	,15.540,0.000000,0
7,aclnnInplaceCopy_AsStridedAiCore_AsStrided,N/A,N/A,1790932531339623.896	,39.481,0.210000,0
7,InnerPromptFlashAttention_PromptFlashAttention_PromptFlashAttention,N/A,N/A,1790932531339664.377	,1912.878,1.019000,0
7,aclnnInplaceCopy_TransposeAiCore_Transpose,N/A,N/A,1790932531341578.095	,159.843,0.622000,0
7,aclnnMatmul_MatMulV3Common_MatMulV3,N/A,N/A,1790932531341737.978	,714.774,0.157000,0
7,aclnnAdd_AddAiCore_Add,N/A,N/A,1790932531342452.772	,102.443,0.000000,0
7,aclnnInplaceCopy_CastAiCore_Cast,N/A,N/A,1790932531342555.255	,52.841,0.057000,0
7,aclnnPowTensorScalar_PowsAiCore_Pows,N/A,N/A,1790932531342608.116	,54.081,0.000000,0
7,aclnnMean_ReduceMeanAiCore_ReduceMean,N/A,N/A,1790932531342663.597	,72.081,1.419000,0
7,aclnnAdds_AddAiCore_Add,N/A,N/A,1790932531342736.638	,2.720,1.169000,0
7,aclnnRsqrt_RsqrtAiCore_Rsqrt,N/A,N/A,1790932531342739.378	,3.000,0.030000,0
7,aclnnMul_MulAiCore_Mul,N/A,N/A,1790932531342742.398	,72.382,0.000000,0
7,aclnnInplaceCopy_CastAiCore_Cast,N/A,N/A,1790932531342814.820	,41.821,0.000000,0
7,aclnnMul_MulAiCore_Mul,N/A,N/A,1790932531342856.661	,35.140,0.179000,0
7,aclnnMatmul_MatMulV3Common_MatMulV3,N/A,N/A,1790932531342891.821	,3467.270,0.000000,0
7,aclnnSilu_SliceAiCore_Slice,N/A,N/A,1790932531346359.111	,325.426,0.000000,0
7,aclnnSilu_SiluAiCore_Swish,N/A,N/A,1790932531346684.577	,322.566,0.074000,0
7,aclnnMul_SliceAiCore_Slice,N/A,N/A,1790932531347007.163	,307.387,0.184000,0
7,aclnnMul_MulAiCore_Mul,N/A,N/A,1790932531347314.570	,497.370,0.000000,0
7,aclnnMatmul_MatMulV3Common_MatMulV3,N/A,N/A,1790932531347811.960	,1753.995,0.130000,0
7,aclnnAdd_AddAiCore_Add,N/A,N/A,1790932531349565.975	,88.321,0.005000,0
7,aclnnInplaceCopy_CastAiCore_Cast,N/A,N/A,1790932531349654.316	,34.421,0.000000,0
7,aclnnPowTensorScalar_PowsAiCore_Pows,N/A,N/A,1790932531349688.757	,50.981,0.079000,0
7,aclnnMean_ReduceMeanAiCore_ReduceMean,N/A,N/A,1790932531349740.798	,73.402,1.019000,0
7,aclnnAdds_AddAiCore_Add,N/A,N/A,1790932531349815.040	,2.400,0.848000,0
7,aclnnRsqrt_RsqrtAiCore_Rsqrt,N/A,N/A,1790932531349817.460	,2.800,0.100000,0
7,aclnnMul_MulAiCore_Mul,N/A,N/A,1790932531349820.280	,72.141,0.000000,0
7,aclnnInplaceCopy_CastAiCore_Cast,N/A,N/A,1790932531349892.441	,40.881,0.109000,0
7,aclnnMul_MulAiCore_Mul,N/A,N/A,1790932531349933.342	,46.781,0.000000,0
7,aclnnMatmul_MatMulV3Common_MatMulV3,N/A,N/A,1790932531349980.143	,1070.701,0.219000,0
7,aclnnInplaceCopy_SliceAiCore_Slice,N/A,N/A,1790932531351050.884	,92.342,0.049000,0
7,aclnnInplaceCopy_CastAiCore_Cast,N/A,N/A,1790932531351143.266	,87.102,0.000000,0
7,aclnnPowTensorScalar_PowsAiCore_Pows,N/A,N/A,1790932531351230.388	,138.403,0.148000,0
7,aclnnMean_ReduceMeanAiCore_ReduceMean,N/A,N/A,1790932531351369.791	,88.741,0.847000,0
7,aclnnAdds_AddAiCore_Add,N/A,N/A,1790932531351459.732	,7.061,1.259000,0
7,aclnnRsqrt_RsqrtAiCore_Rsqrt,N/A,N/A,1790932531351466.813	,8.800,0.000000,0
7,aclnnMul_MulAiCore_Mul,N/A,N/A,1790932531351475.633	,112.022,0.200000,0
7,aclnnInplaceCopy_CastAiCore_Cast,N/A,N/A,1790932531351587.695	,62.541,0.000000,0
7,aclnnMul_MulAiCore_Mul,N/A,N/A,1790932531351650.256	,59.301,0.000000,0
7,aclnnInplaceCopy_SliceAiCore_Slice,N/A,N/A,1790932531351709.597	,55.982,0.000000,0
7,aclnnInplaceCopy_CastAiCore_Cast,N/A,N/A,1790932531351765.599	,32.580,0.018000,0
7,aclnnPowTensorScalar_PowsAiCore_Pows,N/A,N/A,1790932531351798.199	,38.221,0.170000,0
7,aclnnMean_ReduceMeanAiCore_ReduceMean,N/A,N/A,1790932531351837.360	,29.601,0.779000,0
7,aclnnAdds_AddAiCore_Add,N/A,N/A,1790932531351867.701	,6.600,0.899000,0
7,aclnnRsqrt_RsqrtAiCore_Rsqrt,N/A,N/A,1790932531351874.321	,8.040,0.000000,0
7,aclnnMul_MulAiCore_Mul,N/A,N/A,1790932531351882.401	,37.261,0.210000,0
7,aclnnInplaceCopy_CastAiCore_Cast,N/A,N/A,1790932531351919.682	,16.620,0.000000,0
7,aclnnMul_MulAiCore_Mul,N/A,N/A,1790932531351936.322	,21.720,0.000000,0
7,aclnnMul_TransposeAiCore_Transpose,N/A,N/A,1790932531351958.062	,190.244,0.030000,0
7,aclnnMul_MulAiCore_Mul,N/A,N/A,1790932531352148.326	,63.341,0.006000,0
7,aclnnNeg_AsStridedAiCore_AsStrided,N/A,N/A,1790932531352211.687	,107.143,0.159000,0
7,aclnnNeg_NegAiCore_Neg,N/A,N/A,1790932531352318.870	,30.620,0.000000,0
7,aclnnCat_AsStridedAiCore_AsStrided,N/A,N/A,1790932531352349.510	,55.721,0.130000,0
7,aclnnCat_ConcatD_ConcatD,N/A,N/A,1790932531352405.251	,40.841,0.029000,0
7,aclnnMul_MulAiCore_Mul,N/A,N/A,1790932531352446.112	,52.281,0.000000,0
7,aclnnAdd_AddAiCore_Add,N/A,N/A,1790932531352498.413	,161.023,0.219000,0
7,aclnnMul_TransposeAiCore_Transpose,N/A,N/A,1790932531352659.456	,55.202,0.000000,0
7,aclnnMul_MulAiCore_Mul,N/A,N/A,1790932531352714.678	,17.600,0.048000,0
7,aclnnNeg_AsStridedAiCore_AsStrided,N/A,N/A,1790932531352732.298	,19.000,0.000000,0
7,aclnnNeg_NegAiCore_Neg,N/A,N/A,1790932531352751.338	,9.240,0.000000,0
7,aclnnCat_AsStridedAiCore_AsStrided,N/A,N/A,1790932531352760.598	,17.481,0.010000,0
7,aclnnCat_ConcatD_ConcatD,N/A,N/A,1790932531352778.099	,15.720,0.019000,0
7,aclnnMul_MulAiCore_Mul,N/A,N/A,1790932531352793.839	,17.100,0.030000,0
7,aclnnAdd_AddAiCore_Add,N/A,N/A,1790932531352810.959	,15.641,0.150000,0
7,aclnnInplaceCopy_AsStridedAiCore_AsStrided,N/A,N/A,1790932531352826.640	,39.221,0.109000,0
7,InnerPromptFlashAttention_PromptFlashAttention_PromptFlashAttention,N/A,N/A,1790932531352867.181	,1893.017,1.279000,0
7,aclnnInplaceCopy_TransposeAiCore_Transpose,N/A,N/A,1790932531354761.158	,155.884,0.983000,0
7,aclnnMatmul_MatMulV3Common_MatMulV3,N/A,N/A,1790932531354917.062	,707.954,0.000000,0
7,aclnnAdd_AddAiCore_Add,N/A,N/A,1790932531355625.036	,103.482,0.046000,0
7,aclnnInplaceCopy_CastAiCore_Cast,N/A,N/A,1790932531355728.538	,52.761,0.018000,0
7,aclnnPowTensorScalar_PowsAiCore_Pows,N/A,N/A,1790932531355781.319	,53.761,0.000000,0
7,aclnnMean_ReduceMeanAiCore_ReduceMean,N/A,N/A,1790932531355836.460	,72.281,1.489000,0
7,aclnnAdds_AddAiCore_Add,N/A,N/A,1790932531355909.961	,2.660,1.219000,0
7,aclnnRsqrt_RsqrtAiCore_Rsqrt,N/A,N/A,1790932531355912.661	,2.980,0.090000,0
7,aclnnMul_MulAiCore_Mul,N/A,N/A,1790932531355915.661	,72.862,0.020000,0
7,aclnnInplaceCopy_CastAiCore_Cast,N/A,N/A,1790932531355988.563	,41.541,0.000000,0
7,aclnnMul_MulAiCore_Mul,N/A,N/A,1790932531356030.124	,41.461,0.000000,0
7,aclnnMatmul_MatMulV3Common_MatMulV3,N/A,N/A,1790932531356071.605	,3481.069,0.039000,0
7,aclnnSilu_SliceAiCore_Slice,N/A,N/A,1790932531359552.694	,329.367,0.181000,0
7,aclnnSilu_SiluAiCore_Swish,N/A,N/A,1790932531359882.081	,323.666,0.000000,0
7,aclnnMul_SliceAiCore_Slice,N/A,N/A,1790932531360205.767	,307.626,0.084000,0
7,aclnnMul_MulAiCore_Mul,N/A,N/A,1790932531360513.413	,510.891,0.124000,0
7,aclnnMatmul_MatMulV3Common_MatMulV3,N/A,N/A,1790932531361024.324	,1744.734,0.000000,0
7,aclnnAdd_AddAiCore_Add,N/A,N/A,1790932531362769.078	,87.922,0.016000,0
7,aclnnInplaceCopy_CastAiCore_Cast,N/A,N/A,1790932531362857.040	,35.401,0.078000,0
7,aclnnPowTensorScalar_PowsAiCore_Pows,N/A,N/A,1790932531362892.461	,51.181,0.099000,0
7,aclnnMean_ReduceMeanAiCore_ReduceMean,N/A,N/A,1790932531362944.802	,72.881,1.069000,0
7,aclnnAdds_AddAiCore_Add,N/A,N/A,1790932531363018.403	,2.720,0.869000,0
7,aclnnRsqrt_RsqrtAiCore_Rsqrt,N/A,N/A,1790932531363021.143	,2.860,0.030000,0
7,aclnnMul_MulAiCore_Mul,N/A,N/A,1790932531363024.023	,71.762,0.000000,0
7,aclnnInplaceCopy_CastAiCore_Cast,N/A,N/A,1790932531363095.825	,43.001,0.000000,0
7,aclnnMul_MulAiCore_Mul,N/A,N/A,1790932531363138.846	,41.721,0.000000,0
7,aclnnMatmul_MatMulV3Common_MatMulV3,N/A,N/A,1790932531363180.607	,1079.941,0.029000,0
7,aclnnInplaceCopy_SliceAiCore_Slice,N/A,N/A,1790932531364260.588	,96.022,0.059000,0
7,aclnnInplaceCopy_CastAiCore_Cast,N/A,N/A,1790932531364356.630	,87.082,0.228000,0
7,aclnnPowTensorScalar_PowsAiCore_Pows,N/A,N/A,1790932531364443.732	,133.603,0.000000,0
7,aclnnMean_ReduceMeanAiCore_ReduceMean,N/A,N/A,1790932531364578.555	,89.181,1.147000,0
7,aclnnAdds_AddAiCore_Add,N/A,N/A,1790932531364668.476	,7.361,0.819000,0
7,aclnnRsqrt_RsqrtAiCore_Rsqrt,N/A,N/A,1790932531364675.857	,8.680,0.000000,0
7,aclnnMul_MulAiCore_Mul,N/A,N/A,1790932531364684.557	,109.602,0.070000,0
7,aclnnInplaceCopy_CastAiCore_Cast,N/A,N/A,1790932531364794.179	,60.701,0.148000,0
7,aclnnMul_MulAiCore_Mul,N/A,N/A,1790932531364854.900	,59.681,0.049000,0
7,aclnnInplaceCopy_SliceAiCore_Slice,N/A,N/A,1790932531364914.601	,55.661,0.000000,0
7,aclnnInplaceCopy_CastAiCore_Cast,N/A,N/A,1790932531364970.282	,32.561,0.089000,0
7,aclnnPowTensorScalar_PowsAiCore_Pows,N/A,N/A,1790932531365002.883	,38.041,0.189000,0
7,aclnnMean_ReduceMeanAiCore_ReduceMean,N/A,N/A,1790932531365041.824	,29.520,0.709000,0
7,aclnnAdds_AddAiCore_Add,N/A,N/A,1790932531365072.204	,7.301,0.980000,0
7,aclnnRsqrt_RsqrtAiCore_Rsqrt,N/A,N/A,1790932531365079.525	,7.980,0.000000,0
7,aclnnMul_MulAiCore_Mul,N/A,N/A,1790932531365087.545	,37.140,0.020000,0
7,aclnnInplaceCopy_CastAiCore_Cast,N/A,N/A,1790932531365124.725	,16.781,0.110000,0
7,aclnnMul_MulAiCore_Mul,N/A,N/A,1790932531365141.526	,21.460,0.000000,0
7,aclnnMul_TransposeAiCore_Transpose,N/A,N/A,1790932531365163.006	,191.844,0.040000,0
7,aclnnMul_MulAiCore_Mul,N/A,N/A,1790932531365354.870	,64.161,0.000000,0
7,aclnnNeg_AsStridedAiCore_AsStrided,N/A,N/A,1790932531365419.051	,103.362,0.089000,0
7,aclnnNeg_NegAiCore_Neg,N/A,N/A,1790932531365522.433	,30.741,0.138000,0
7,aclnnCat_AsStridedAiCore_AsStrided,N/A,N/A,1790932531365553.214	,55.301,0.009000,0
7,aclnnCat_ConcatD_ConcatD,N/A,N/A,1790932531365608.535	,48.061,0.000000,0
7,aclnnMul_MulAiCore_Mul,N/A,N/A,1790932531365656.616	,52.461,0.000000,0
7,aclnnAdd_AddAiCore_Add,N/A,N/A,1790932531365709.097	,161.643,0.039000,0
7,aclnnMul_TransposeAiCore_Transpose,N/A,N/A,1790932531365870.780	,59.882,0.107000,0
7,aclnnMul_MulAiCore_Mul,N/A,N/A,1790932531365930.682	,17.000,0.118000,0
7,aclnnNeg_AsStridedAiCore_AsStrided,N/A,N/A,1790932531365947.702	,18.440,0.000000,0
7,aclnnNeg_NegAiCore_Neg,N/A,N/A,1790932531365966.162	,9.200,0.060000,0
7,aclnnCat_AsStridedAiCore_AsStrided,N/A,N/A,1790932531365975.382	,17.221,0.050000,0
7,aclnnCat_ConcatD_ConcatD,N/A,N/A,1790932531365992.623	,15.620,0.000000,0
7,aclnnMul_MulAiCore_Mul,N/A,N/A,1790932531366008.263	,17.260,0.130000,0
7,aclnnAdd_AddAiCore_Add,N/A,N/A,1790932531366025.563	,15.301,0.000000,0
7,aclnnInplaceCopy_AsStridedAiCore_AsStrided,N/A,N/A,1790932531366040.884	,40.541,0.199000,0
7,InnerPromptFlashAttention_PromptFlashAttention_PromptFlashAttention,N/A,N/A,1790932531366082.465	,1879.517,0.959000,0
7,aclnnInplaceCopy_TransposeAiCore_Transpose,N/A,N/A,1790932531367962.962	,154.663,0.983000,0
7,aclnnMatmul_MatMulV3Common_MatMulV3,N/A,N/A,1790932531368117.645	,716.455,0.087000,0
7,aclnnAdd_AddAiCore_Add,N/A,N/A,1790932531368834.120	,102.902,0.000000,0
7,aclnnInplaceCopy_CastAiCore_Cast,N/A,N/A,1790932531368937.042	,53.001,0.098000,0
7,aclnnPowTensorScalar_PowsAiCore_Pows,N/A,N/A,1790932531368990.063	,54.541,0.000000,0
7,aclnnMean_ReduceMeanAiCore_ReduceMean,N/A,N/A,1790932531369045.844	,72.041,1.209000,0
7,aclnnAdds_AddAiCore_Add,N/A,N/A,1790932531369118.785	,2.460,0.959000,0
7,aclnnRsqrt_RsqrtAiCore_Rsqrt,N/A,N/A,1790932531369121.265	,2.960,0.040000,0
7,aclnnMul_MulAiCore_Mul,N/A,N/A,1790932531369124.245	,71.642,0.040000,0
7,aclnnInplaceCopy_CastAiCore_Cast,N/A,N/A,1790932531369195.907	,41.961,0.108000,0
7,aclnnMul_MulAiCore_Mul,N/A,N/A,1790932531369237.888	,35.440,0.039000,0
7,aclnnMatmul_MatMulV3Common_MatMulV3,N/A,N/A,1790932531369273.348	,3471.390,0.000000,0
7,aclnnSilu_SliceAiCore_Slice,N/A,N/A,1790932531372744.778	,325.966,0.110000,0
7,aclnnSilu_SiluAiCore_Swish,N/A,N/A,1790932531373070.764	,321.527,0.034000,0
7,aclnnMul_SliceAiCore_Slice,N/A,N/A,1790932531373392.311	,306.606,0.000000,0
7,aclnnMul_MulAiCore_Mul,N/A,N/A,1790932531373698.937	,497.970,0.144000,0
7,aclnnMatmul_MatMulV3Common_MatMulV3,N/A,N/A,1790932531374196.927	,1752.015,0.030000,0
7,aclnnAdd_AddAiCore_Add,N/A,N/A,1790932531375948.962	,87.361,0.000000,0
7,aclnnInplaceCopy_CastAiCore_Cast,N/A,N/A,1790932531376036.363	,34.901,0.000000,0
7,aclnnPowTensorScalar_PowsAiCore_Pows,N/A,N/A,1790932531376071.304	,52.241,0.099000,0
7,aclnnMean_ReduceMeanAiCore_ReduceMean,N/A,N/A,1790932531376124.965	,72.862,1.509000,0
7,aclnnAdds_AddAiCore_Add,N/A,N/A,1790932531376198.487	,2.640,0.638000,0
7,aclnnRsqrt_RsqrtAiCore_Rsqrt,N/A,N/A,1790932531376201.147	,2.800,0.110000,0
7,aclnnMul_MulAiCore_Mul,N/A,N/A,1790932531376203.967	,72.161,0.000000,0
7,aclnnInplaceCopy_CastAiCore_Cast,N/A,N/A,1790932531376276.148	,41.161,0.089000,0
7,aclnnMul_MulAiCore_Mul,N/A,N/A,1790932531376317.349	,41.101,0.000000,0
7,aclnnMatmul_MatMulV3Common_MatMulV3,N/A,N/A,1790932531376358.470	,1064.081,0.149000,0
7,aclnnInplaceCopy_SliceAiCore_Slice,N/A,N/A,1790932531377422.571	,92.842,0.000000,0
7,aclnnInplaceCopy_CastAiCore_Cast,N/A,N/A,1790932531377515.453	,88.142,0.158000,0
7,aclnnPowTensorScalar_PowsAiCore_Pows,N/A,N/A,1790932531377603.615	,140.003,0.000000,0
7,aclnnMean_ReduceMeanAiCore_ReduceMean,N/A,N/A,1790932531377744.638	,88.701,1.247000,0
7,aclnnAdds_AddAiCore_Add,N/A,N/A,1790932531377833.999	,6.961,0.549000,0
7,aclnnRsqrt_RsqrtAiCore_Rsqrt,N/A,N/A,1790932531377840.980	,8.620,0.039000,0
7,aclnnMul_MulAiCore_Mul,N/A,N/A,1790932531377849.620	,110.382,0.000000,0
7,aclnnInplaceCopy_CastAiCore_Cast,N/A,N/A,1790932531377960.022	,59.701,0.118000,0
7,aclnnMul_MulAiCore_Mul,N/A,N/A,1790932531378019.743	,60.081,0.049000,0
7,aclnnInplaceCopy_SliceAiCore_Slice,N/A,N/A,1790932531378079.844	,56.241,0.000000,0
7,aclnnInplaceCopy_CastAiCore_Cast,N/A,N/A,1790932531378136.125	,32.541,0.009000,0
7,aclnnPowTensorScalar_PowsAiCore_Pows,N/A,N/A,1790932531378168.686	,38.881,0.209000,0
7,aclnnMean_ReduceMeanAiCore_ReduceMean,N/A,N/A,1790932531378208.667	,29.500,1.119000,0
7,aclnnAdds_AddAiCore_Add,N/A,N/A,1790932531378239.007	,6.541,0.750000,0
7,aclnnRsqrt_RsqrtAiCore_Rsqrt,N/A,N/A,1790932531378245.568	,8.000,0.000000,0
7,aclnnMul_MulAiCore_Mul,N/A,N/A,1790932531378253.588	,36.621,0.000000,0
7,aclnnInplaceCopy_CastAiCore_Cast,N/A,N/A,1790932531378290.229	,16.400,0.129000,0
7,aclnnMul_MulAiCore_Mul,N/A,N/A,1790932531378306.649	,21.520,0.100000,0
7,aclnnMul_TransposeAiCore_Transpose,N/A,N/A,1790932531378328.189	,190.904,0.000000,0
7,aclnnMul_MulAiCore_Mul,N/A,N/A,1790932531378519.113	,62.821,0.000000,0
7,aclnnNeg_AsStridedAiCore_AsStrided,N/A,N/A,1790932531378581.954	,105.642,0.179000,0
7,aclnnNeg_NegAiCore_Neg,N/A,N/A,1790932531378687.616	,30.241,0.000000,0
7,aclnnCat_AsStridedAiCore_AsStrided,N/A,N/A,1790932531378717.877	,55.501,0.259000,0
7,aclnnCat_ConcatD_ConcatD,N/A,N/A,1790932531378773.398	,41.541,0.000000,0
7,aclnnMul_MulAiCore_Mul,N/A,N/A,1790932531378814.959	,53.221,0.000000,0
7,aclnnAdd_AddAiCore_Add,N/A,N/A,1790932531378868.200	,162.263,0.029000,0
7,aclnnMul_TransposeAiCore_Transpose,N/A,N/A,1790932531379030.483	,53.921,0.000000,0
7,aclnnMul_MulAiCore_Mul,N/A,N/A,1790932531379084.424	,16.721,0.079000,0
7,aclnnNeg_AsStridedAiCore_AsStrided,N/A,N/A,1790932531379101.165	,18.600,0.029000,0
7,aclnnNeg_NegAiCore_Neg,N/A,N/A,1790932531379119.785	,9.300,0.000000,0
7,aclnnCat_AsStridedAiCore_AsStrided,N/A,N/A,1790932531379129.125	,18.061,0.000000,0
7,aclnnCat_ConcatD_ConcatD,N/A,N/A,1790932531379147.206	,15.380,0.189000,0
7,aclnnMul_MulAiCore_Mul,N/A,N/A,1790932531379162.606	,17.220,0.000000,0
7,aclnnAdd_AddAiCore_Add,N/A,N/A,1790932531379179.846	,15.061,0.030000,0
7,aclnnInplaceCopy_AsStridedAiCore_AsStrided,N/A,N/A,1790932531379194.927	,40.720,0.189000,0
7,InnerPromptFlashAttention_PromptFlashAttention_PromptFlashAttention,N/A,N/A,1790932531379236.567	,1906.399,0.780000,0
7,aclnnInplaceCopy_TransposeAiCore_Transpose,N/A,N/A,1790932531381143.766	,158.363,0.851000,0
7,aclnnMatmul_MatMulV3Common_MatMulV3,N/A,N/A,1790932531381302.149	,713.274,0.137000,0
7,aclnnAdd_AddAiCore_Add,N/A,N/A,1790932531382015.443	,101.882,0.000000,0
7,aclnnInplaceCopy_CastAiCore_Cast,N/A,N/A,1790932531382117.345	,53.021,0.000000,0
7,aclnnPowTensorScalar_PowsAiCore_Pows,N/A,N/A,1790932531382170.386	,54.201,0.229000,0
7,aclnnMean_ReduceMeanAiCore_ReduceMean,N/A,N/A,1790932531382225.627	,71.582,1.049000,0
7,aclnnAdds_AddAiCore_Add,N/A,N/A,1790932531382298.009	,2.520,0.668000,0
7,aclnnRsqrt_RsqrtAiCore_Rsqrt,N/A,N/A,1790932531382300.549	,3.040,0.000000,0
7,aclnnMul_MulAiCore_Mul,N/A,N/A,1790932531382303.609	,72.281,0.000000,0
7,aclnnInplaceCopy_CastAiCore_Cast,N/A,N/A,1790932531382375.910	,41.441,0.219000,0
7,aclnnMul_MulAiCore_Mul,N/A,N/A,1790932531382417.371	,40.981,0.000000,0
7,aclnnMatmul_MatMulV3Common_MatMulV3,N/A,N/A,1790932531382458.392	,3478.429,0.269000,0
7,aclnnSilu_SliceAiCore_Slice,N/A,N/A,1790932531385936.861	,330.347,0.000000,0
7,aclnnSilu_SiluAiCore_Swish,N/A,N/A,1790932531386267.228	,320.526,0.153000,0
7,aclnnMul_SliceAiCore_Slice,N/A,N/A,1790932531386587.794	,305.946,0.000000,0
7,aclnnMul_MulAiCore_Mul,N/A,N/A,1790932531386893.760	,511.251,0.054000,0
7,aclnnMatmul_MatMulV3Common_MatMulV3,N/A,N/A,1790932531387405.031	,1737.594,0.000000,0
7,aclnnAdd_AddAiCore_Add,N/A,N/A,1790932531389142.645	,87.542,0.156000,0
7,aclnnInplaceCopy_CastAiCore_Cast,N/A,N/A,1790932531389230.207	,34.681,0.000000,0
7,aclnnPowTensorScalar_PowsAiCore_Pows,N/A,N/A,1790932531389264.908	,50.901,0.069000,0
7,aclnnMean_ReduceMeanAiCore_ReduceMean,N/A,N/A,1790932531389317.029	,72.981,1.099000,0
7,aclnnAdds_AddAiCore_Add,N/A,N/A,1790932531389391.210	,2.660,1.269000,0
7,aclnnRsqrt_RsqrtAiCore_Rsqrt,N/A,N/A,1790932531389393.890	,2.700,0.090000,0
7,aclnnMul_MulAiCore_Mul,N/A,N/A,1790932531389396.630	,71.942,0.050000,0
7,aclnnInplaceCopy_CastAiCore_Cast,N/A,N/A,1790932531389468.592	,41.381,0.000000,0
7,aclnnMul_MulAiCore_Mul,N/A,N/A,1790932531389509.993	,40.400,0.119000,0
7,aclnnMatmul_MatMulV3Common_MatMulV3,N/A,N/A,1790932531389550.413	,1070.322,0.100000,0
7,aclnnInplaceCopy_SliceAiCore_Slice,N/A,N/A,1790932531390620.755	,95.002,0.000000,0
7,aclnnInplaceCopy_CastAiCore_Cast,N/A,N/A,1790932531390715.777	,84.461,0.000000,0
7,aclnnPowTensorScalar_PowsAiCore_Pows,N/A,N/A,1790932531390800.258	,142.783,0.039000,0
7,aclnnMean_ReduceMeanAiCore_ReduceMean,N/A,N/A,1790932531390944.461	,90.282,1.467000,0
7,aclnnAdds_AddAiCore_Add,N/A,N/A,1790932531391035.703	,7.000,0.968000,0
7,aclnnRsqrt_RsqrtAiCore_Rsqrt,N/A,N/A,1790932531391042.723	,8.680,0.000000,0
7,aclnnMul_MulAiCore_Mul,N/A,N/A,1790932531391051.443	,112.503,0.070000,0
7,aclnnInplaceCopy_CastAiCore_Cast,N/A,N/A,1790932531391163.966	,59.681,0.000000,0
7,aclnnMul_MulAiCore_Mul,N/A,N/A,1790932531391223.667	,59.641,0.069000,0
7,aclnnInplaceCopy_SliceAiCore_Slice,N/A,N/A,1790932531391283.328	,55.701,0.000000,0
7,aclnnInplaceCopy_CastAiCore_Cast,N/A,N/A,1790932531391339.049	,32.881,0.049000,0
7,aclnnPowTensorScalar_PowsAiCore_Pows,N/A,N/A,1790932531391371.950	,38.081,0.119000,0
7,aclnnMean_ReduceMeanAiCore_ReduceMean,N/A,N/A,1790932531391411.511	,29.540,1.419000,0
7,aclnnAdds_AddAiCore_Add,N/A,N/A,1790932531391441.891	,6.600,0.960000,0
7,aclnnRsqrt_RsqrtAiCore_Rsqrt,N/A,N/A,1790932531391448.511	,8.001,0.000000,0
7,aclnnMul_MulAiCore_Mul,N/A,N/A,1790932531391456.532	,38.320,0.000000,0
7,aclnnInplaceCopy_CastAiCore_Cast,N/A,N/A,1790932531391494.872	,17.301,0.000000,0
7,aclnnMul_MulAiCore_Mul,N/A,N/A,1790932531391512.193	,21.800,0.199000,0
7,aclnnMul_TransposeAiCore_Transpose,N/A,N/A,1790932531391534.013	,186.904,0.000000,0
7,aclnnMul_MulAiCore_Mul,N/A,N/A,1790932531391720.937	,65.681,0.096000,0
7,aclnnNeg_AsStridedAiCore_AsStrided,N/A,N/A,1790932531391786.638	,106.002,0.069000,0
7,aclnnNeg_NegAiCore_Neg,N/A,N/A,1790932531391892.660	,30.481,0.000000,0
7,aclnnCat_AsStridedAiCore_AsStrided,N/A,N/A,1790932531391923.161	,56.701,0.019000,0
7,aclnnCat_ConcatD_ConcatD,N/A,N/A,1790932531391979.882	,40.521,0.049000,0
7,aclnnMul_MulAiCore_Mul,N/A,N/A,1790932531392020.443	,53.341,0.000000,0
7,aclnnAdd_AddAiCore_Add,N/A,N/A,1790932531392073.804	,162.683,0.000000,0
7,aclnnMul_TransposeAiCore_Transpose,N/A,N/A,1790932531392236.507	,54.241,0.067000,0
7,aclnnMul_MulAiCore_Mul,N/A,N/A,1790932531392290.768	,17.121,0.009000,0
7,aclnnNeg_AsStridedAiCore_AsStrided,N/A,N/A,1790932531392307.909	,18.040,0.129000,0
7,aclnnNeg_NegAiCore_Neg,N/A,N/A,1790932531392325.969	,9.220,0.000000,0
7,aclnnCat_AsStridedAiCore_AsStrided,N/A,N/A,1790932531392335.209	,17.960,0.030000,0
7,aclnnCat_ConcatD_ConcatD,N/A,N/A,1790932531392353.189	,15.501,0.040000,0
7,aclnnMul_MulAiCore_Mul,N/A,N/A,1790932531392368.710	,17.240,0.000000,0
7,aclnnAdd_AddAiCore_Add,N/A,N/A,1790932531392385.970	,15.580,0.010000,0
7,aclnnInplaceCopy_AsStridedAiCore_AsStrided,N/A,N/A,1790932531392401.570	,39.841,0.000000,0
7,InnerPromptFlashAttention_PromptFlashAttention_PromptFlashAttention,N/A,N/A,1790932531392442.491	,1907.178,1.159000,0
7,aclnnInplaceCopy_TransposeAiCore_Transpose,N/A,N/A,1790932531394350.709	,155.704,1.072000,0
7,aclnnMatmul_MatMulV3Common_MatMulV3,N/A,N/A,1790932531394506.433	,716.414,0.046000,0
7,aclnnAdd_AddAiCore_Add,N/A,N/A,1790932531395222.867	,102.042,0.000000,0
7,aclnnInplaceCopy_CastAiCore_Cast,N/A,N/A,1790932531395324.929	,52.681,0.208000,0
7,aclnnPowTensorScalar_PowsAiCore_Pows,N/A,N/A,1790932531395377.650	,54.621,0.069000,0
7,aclnnMean_ReduceMeanAiCore_ReduceMean,N/A,N/A,1790932531395433.691	,72.281,1.379000,0
7,aclnnAdds_AddAiCore_Add,N/A,N/A,1790932531395506.653	,2.460,0.719000,0
7,aclnnRsqrt_RsqrtAiCore_Rsqrt,N/A,N/A,1790932531395509.133	,2.780,0.040000,0
7,aclnnMul_MulAiCore_Mul,N/A,N/A,1790932531395511.933	,73.261,0.000000,0
7,aclnnInplaceCopy_CastAiCore_Cast,N/A,N/A,1790932531395585.234	,41.681,0.000000,0
7,aclnnMul_MulAiCore_Mul,N/A,N/A,1790932531395626.955	,34.921,0.069000,0
7,aclnnMatmul_MatMulV3Common_MatMulV3,N/A,N/A,1790932531395661.896	,3473.329,0.079000,0
7,aclnnSilu_SliceAiCore_Slice,N/A,N/A,1790932531399135.245	,325.847,0.000000,0
7,aclnnSilu_SiluAiCore_Swish,N/A,N/A,1790932531399461.112	,322.106,0.000000,0
7,aclnnMul_SliceAiCore_Slice,N/A,N/A,1790932531399783.238	,306.766,0.144000,0
7,aclnnMul_MulAiCore_Mul,N/A,N/A,1790932531400090.044	,497.710,0.000000,0
7,aclnnMatmul_MatMulV3Common_MatMulV3,N/A,N/A,1790932531400587.794	,1762.415,0.040000,0
7,aclnnAdd_AddAiCore_Add,N/A,N/A,1790932531402350.229	,87.522,0.085000,0
7,aclnnInplaceCopy_CastAiCore_Cast,N/A,N/A,1790932531402437.771	,36.061,0.000000,0
7,aclnnPowTensorScalar_PowsAiCore_Pows,N/A,N/A,1790932531402473.852	,52.301,0.000000,0
7,aclnnMean_ReduceMeanAiCore_ReduceMean,N/A,N/A,1790932531402527.513	,72.721,1.449000,0
7,aclnnAdds_AddAiCore_Add,N/A,N/A,1790932531402601.074	,2.480,0.779000,0
7,aclnnRsqrt_RsqrtAiCore_Rsqrt,N/A,N/A,1790932531402603.574	,2.960,0.020000,0
7,aclnnMul_MulAiCore_Mul,N/A,N/A,1790932531402606.554	,71.382,0.040000,0
7,aclnnInplaceCopy_CastAiCore_Cast,N/A,N/A,1790932531402677.956	,41.041,0.118000,0
7,aclnnMul_MulAiCore_Mul,N/A,N/A,1790932531402719.017	,42.400,0.000000,0
7,aclnnMatmul_MatMulV3Common_MatMulV3,N/A,N/A,1790932531402761.437	,1065.122,0.100000,0
7,aclnnInplaceCopy_SliceAiCore_Slice,N/A,N/A,1790932531403826.579	,93.782,0.000000,0
7,aclnnInplaceCopy_CastAiCore_Cast,N/A,N/A,1790932531403920.381	,84.661,0.218000,0
7,aclnnPowTensorScalar_PowsAiCore_Pows,N/A,N/A,1790932531404005.062	,134.503,0.000000,0
7,aclnnMean_ReduceMeanAiCore_ReduceMean,N/A,N/A,1790932531404140.485	,87.842,0.997000,0
7,aclnnAdds_AddAiCore_Add,N/A,N/A,1790932531404229.347	,7.320,0.908000,0
7,aclnnRsqrt_RsqrtAiCore_Rsqrt,N/A,N/A,1790932531404236.707	,8.760,0.180000,0
7,aclnnMul_MulAiCore_Mul,N/A,N/A,1790932531404245.487	,110.222,0.000000,0
7,aclnnInplaceCopy_CastAiCore_Cast,N/A,N/A,1790932531404355.729	,60.382,0.028000,0
7,aclnnMul_MulAiCore_Mul,N/A,N/A,1790932531404416.151	,60.781,0.118000,0
7,aclnnInplaceCopy_SliceAiCore_Slice,N/A,N/A,1790932531404476.972	,56.241,0.000000,0
7,aclnnInplaceCopy_CastAiCore_Cast,N/A,N/A,1790932531404533.233	,32.841,0.009000,0
7,aclnnPowTensorScalar_PowsAiCore_Pows,N/A,N/A,1790932531404566.094	,38.160,0.000000,0
7,aclnnMean_ReduceMeanAiCore_ReduceMean,N/A,N/A,1790932531404605.154	,29.261,1.090000,0
7,aclnnAdds_AddAiCore_Add,N/A,N/A,1790932531404635.535	,6.580,0.989000,0
7,aclnnRsqrt_RsqrtAiCore_Rsqrt,N/A,N/A,1790932531404642.155	,8.020,0.170000,0
7,aclnnMul_MulAiCore_Mul,N/A,N/A,1790932531404650.215	,37.621,0.000000,0
7,aclnnInplaceCopy_CastAiCore_Cast,N/A,N/A,1790932531404687.856	,16.840,0.000000,0
7,aclnnMul_MulAiCore_Mul,N/A,N/A,1790932531404704.716	,21.741,0.160000,0
7,aclnnMul_TransposeAiCore_Transpose,N/A,N/A,1790932531404726.477	,193.644,0.009000,0
7,aclnnMul_MulAiCore_Mul,N/A,N/A,1790932531404920.161	,63.061,0.106000,0
7,aclnnNeg_AsStridedAiCore_AsStrided,N/A,N/A,1790932531404983.262	,106.542,0.000000,0
7,aclnnNeg_NegAiCore_Neg,N/A,N/A,1790932531405089.824	,30.261,0.000000,0
7,aclnnCat_AsStridedAiCore_AsStrided,N/A,N/A,1790932531405120.125	,56.421,0.000000,0
7,aclnnCat_ConcatD_ConcatD,N/A,N/A,1790932531405176.566	,41.441,0.079000,0
7,aclnnMul_MulAiCore_Mul,N/A,N/A,1790932531405218.027	,53.461,0.059000,0
7,aclnnAdd_AddAiCore_Add,N/A,N/A,1790932531405271.528	,161.483,0.039000,0
7,aclnnMul_TransposeAiCore_Transpose,N/A,N/A,1790932531405433.031	,53.381,0.017000,0
7,aclnnMul_MulAiCore_Mul,N/A,N/A,1790932531405486.432	,17.840,0.119000,0
7,aclnnNeg_AsStridedAiCore_AsStrided,N/A,N/A,1790932531405504.292	,19.301,0.000000,0
7,aclnnNeg_NegAiCore_Neg,N/A,N/A,1790932531405523.613	,9.160,0.000000,0
7,aclnnCat_AsStridedAiCore_AsStrided,N/A,N/A,1790932531405532.793	,17.580,0.090000,0
7,aclnnCat_ConcatD_ConcatD,N/A,N/A,1790932531405550.393	,15.420,0.170000,0
7,aclnnMul_MulAiCore_Mul,N/A,N/A,1790932531405565.833	,17.421,0.000000,0
7,aclnnAdd_AddAiCore_Add,N/A,N/A,1790932531405583.274	,15.640,0.079000,0
7,aclnnInplaceCopy_AsStridedAiCore_AsStrided,N/A,N/A,1790932531405598.934	,40.181,0.110000,0
7,InnerPromptFlashAttention_PromptFlashAttention_PromptFlashAttention,N/A,N/A,1790932531405640.415	,1906.338,1.319000,0
7,aclnnInplaceCopy_TransposeAiCore_Transpose,N/A,N/A,1790932531407547.773	,158.183,0.912000,0
7,aclnnMatmul_MatMulV3Common_MatMulV3,N/A,N/A,1790932531407705.996	,710.634,0.067000,0
7,aclnnAdd_AddAiCore_Add,N/A,N/A,1790932531408416.650	,102.682,0.116000,0
7,aclnnInplaceCopy_CastAiCore_Cast,N/A,N/A,1790932531408519.372	,52.802,0.000000,0
7,aclnnPowTensorScalar_PowsAiCore_Pows,N/A,N/A,1790932531408572.194	,54.681,0.198000,0
7,aclnnMean_ReduceMeanAiCore_ReduceMean,N/A,N/A,1790932531408628.215	,71.761,1.319000,0
7,aclnnAdds_AddAiCore_Add,N/A,N/A,1790932531408700.676	,2.500,0.739000,0
7,aclnnRsqrt_RsqrtAiCore_Rsqrt,N/A,N/A,1790932531408703.196	,2.740,0.000000,0
7,aclnnMul_MulAiCore_Mul,N/A,N/A,1790932531408705.956	,73.602,0.010000,0
7,aclnnInplaceCopy_CastAiCore_Cast,N/A,N/A,1790932531408779.578	,41.361,0.000000,0
7,aclnnMul_MulAiCore_Mul,N/A,N/A,1790932531408820.979	,41.340,0.139000,0
7,aclnnMatmul_MatMulV3Common_MatMulV3,N/A,N/A,1790932531408862.339	,3470.810,0.000000,0
7,aclnnSilu_SliceAiCore_Slice,N/A,N/A,1790932531412333.169	,328.646,0.190000,0
7,aclnnSilu_SiluAiCore_Swish,N/A,N/A,1790932531412661.835	,322.587,0.000000,0
7,aclnnMul_SliceAiCore_Slice,N/A,N/A,1790932531412984.442	,306.346,0.163000,0
7,aclnnMul_MulAiCore_Mul,N/A,N/A,1790932531413290.808	,511.830,0.000000,0
7,aclnnMatmul_MatMulV3Common_MatMulV3,N/A,N/A,1790932531413802.658	,1739.535,0.170000,0
7,aclnnAdd_AddAiCore_Add,N/A,N/A,1790932531415542.233	,87.802,0.000000,0
7,aclnnInplaceCopy_CastAiCore_Cast,N/A,N/A,1790932531415630.055	,35.700,0.000000,0
7,aclnnPowTensorScalar_PowsAiCore_Pows,N/A,N/A,1790932531415665.775	,51.061,0.050000,0
7,aclnnMean_ReduceMeanAiCore_ReduceMean,N/A,N/A,1790932531415717.956	,72.842,1.189000,0
7,aclnnAdds_AddAiCore_Add,N/A,N/A,1790932531415791.478	,2.540,0.658000,0
7,aclnnRsqrt_RsqrtAiCore_Rsqrt,N/A,N/A,1790932531415794.038	,2.760,0.000000,0
7,aclnnMul_MulAiCore_Mul,N/A,N/A,1790932531415796.838	,71.421,0.000000,0
7,aclnnInplaceCopy_CastAiCore_Cast,N/A,N/A,1790932531415868.279	,41.461,0.079000,0
7,aclnnMul_MulAiCore_Mul,N/A,N/A,1790932531415909.760	,40.541,0.039000,0
7,aclnnMatmul_MatMulV3Common_MatMulV3,N/A,N/A,1790932531415950.321	,1066.401,0.000000,0
7,aclnnInplaceCopy_SliceAiCore_Slice,N/A,N/A,1790932531417016.742	,94.382,0.099000,0
7,aclnnInplaceCopy_CastAiCore_Cast,N/A,N/A,1790932531417111.144	,85.002,0.118000,0
7,aclnnPowTensorScalar_PowsAiCore_Pows,N/A,N/A,1790932531417196.166	,138.063,0.000000,0
7,aclnnMean_ReduceMeanAiCore_ReduceMean,N/A,N/A,1790932531417335.349	,90.701,0.937000,0
7,aclnnAdds_AddAiCore_Add,N/A,N/A,1790932531417427.230	,7.081,1.299000,0
7,aclnnRsqrt_RsqrtAiCore_Rsqrt,N/A,N/A,1790932531417434.351	,8.840,0.000000,0
7,aclnnMul_MulAiCore_Mul,N/A,N/A,1790932531417443.211	,110.742,0.160000,0
7,aclnnInplaceCopy_CastAiCore_Cast,N/A,N/A,1790932531417553.973	,60.821,0.008000,0
7,aclnnMul_MulAiCore_Mul,N/A,N/A,1790932531417614.814	,60.201,0.000000,0
7,aclnnInplaceCopy_SliceAiCore_Slice,N/A,N/A,1790932531417675.035	,56.342,0.049000,0
7,aclnnInplaceCopy_CastAiCore_Cast,N/A,N/A,1790932531417731.397	,32.320,0.158000,0
7,aclnnPowTensorScalar_PowsAiCore_Pows,N/A,N/A,1790932531417763.737	,38.221,0.000000,0
7,aclnnMean_ReduceMeanAiCore_ReduceMean,N/A,N/A,1790932531417803.058	,29.581,1.029000,0
7,aclnnAdds_AddAiCore_Add,N/A,N/A,1790932531417833.399	,6.740,0.919000,0
7,aclnnRsqrt_RsqrtAiCore_Rsqrt,N/A,N/A,1790932531417840.159	,7.980,0.010000,0
7,aclnnMul_MulAiCore_Mul,N/A,N/A,1790932531417848.179	,38.121,0.020000,0
7,aclnnInplaceCopy_CastAiCore_Cast,N/A,N/A,1790932531417886.320	,16.700,0.000000,0
7,aclnnMul_MulAiCore_Mul,N/A,N/A,1790932531417903.040	,21.640,0.050000,0
7,aclnnMul_TransposeAiCore_Transpose,N/A,N/A,1790932531417924.700	,187.104,0.110000,0
7,aclnnMul_MulAiCore_Mul,N/A,N/A,1790932531418111.824	,63.141,0.000000,0
7,aclnnNeg_AsStridedAiCore_AsStrided,N/A,N/A,1790932531418175.005	,103.882,0.109000,0
7,aclnnNeg_NegAiCore_Neg,N/A,N/A,1790932531418278.927	,30.801,0.118000,0
7,aclnnCat_AsStridedAiCore_AsStrided,N/A,N/A,1790932531418309.748	,58.681,0.000000,0
7,aclnnCat_ConcatD_ConcatD,N/A,N/A,1790932531418368.449	,42.361,0.069000,0
7,aclnnMul_MulAiCore_Mul,N/A,N/A,1790932531418410.830	,52.381,0.000000,0
7,aclnnAdd_AddAiCore_Add,N/A,N/A,1790932531418463.231	,162.363,0.119000,0
7,aclnnMul_TransposeAiCore_Transpose,N/A,N/A,1790932531418625.614	,55.182,0.000000,0
7,aclnnMul_MulAiCore_Mul,N/A,N/A,1790932531418680.816	,16.500,0.068000,0
7,aclnnNeg_AsStridedAiCore_AsStrided,N/A,N/A,1790932531418697.336	,18.880,0.000000,0
7,aclnnNeg_NegAiCore_Neg,N/A,N/A,1790932531418716.236	,9.460,0.120000,0
7,aclnnCat_AsStridedAiCore_AsStrided,N/A,N/A,1790932531418725.736	,18.001,0.040000,0
7,aclnnCat_ConcatD_ConcatD,N/A,N/A,1790932531418743.757	,15.240,0.000000,0
7,aclnnMul_MulAiCore_Mul,N/A,N/A,1790932531418759.037	,19.340,0.010000,0
7,aclnnAdd_AddAiCore_Add,N/A,N/A,1790932531418778.397	,15.361,0.160000,0
7,aclnnInplaceCopy_AsStridedAiCore_AsStrided,N/A,N/A,1790932531418793.778	,40.301,0.000000,0
7,InnerPromptFlashAttention_PromptFlashAttention_PromptFlashAttention,N/A,N/A,1790932531418835.099	,1905.598,0.949000,0
7,aclnnInplaceCopy_TransposeAiCore_Transpose,N/A,N/A,1790932531420741.697	,160.343,1.152000,0
7,aclnnMatmul_MatMulV3Common_MatMulV3,N/A,N/A,1790932531420902.080	,712.754,0.000000,0
7,aclnnAdd_AddAiCore_Add,N/A,N/A,1790932531421614.854	,102.582,0.000000,0
7,aclnnInplaceCopy_CastAiCore_Cast,N/A,N/A,1790932531421717.456	,52.761,0.168000,0
7,aclnnPowTensorScalar_PowsAiCore_Pows,N/A,N/A,1790932531421770.257	,53.581,0.000000,0
7,aclnnMean_ReduceMeanAiCore_ReduceMean,N/A,N/A,1790932531421824.758	,72.162,0.919000,0
7,aclnnAdds_AddAiCore_Add,N/A,N/A,1790932531421897.700	,2.680,0.838000,0
7,aclnnRsqrt_RsqrtAiCore_Rsqrt,N/A,N/A,1790932531421900.420	,2.980,0.070000,0
7,aclnnMul_MulAiCore_Mul,N/A,N/A,1790932531421903.420	,73.161,0.020000,0
7,aclnnInplaceCopy_CastAiCore_Cast,N/A,N/A,1790932531421976.601	,41.541,0.000000,0
7,aclnnMul_MulAiCore_Mul,N/A,N/A,1790932531422018.162	,35.121,0.209000,0
7,aclnnMatmul_MatMulV3Common_MatMulV3,N/A,N/A,1790932531422053.323	,3472.709,0.000000,0
7,aclnnSilu_SliceAiCore_Slice,N/A,N/A,1790932531425526.052	,323.827,0.041000,0
7,aclnnSilu_SiluAiCore_Swish,N/A,N/A,1790932531425849.899	,320.826,0.173000,0
7,aclnnMul_SliceAiCore_Slice,N/A,N/A,1790932531426170.765	,308.226,0.000000,0
7,aclnnMul_MulAiCore_Mul,N/A,N/A,1790932531426479.031	,498.850,0.024000,0
7,aclnnMatmul_MatMulV3Common_MatMulV3,N/A,N/A,1790932531426977.901	,1757.695,0.150000,0
7,aclnnAdd_AddAiCore_Add,N/A,N/A,1790932531428735.636	,87.602,0.055000,0
7,aclnnInplaceCopy_CastAiCore_Cast,N/A,N/A,1790932531428823.278	,35.341,0.000000,0
7,aclnnPowTensorScalar_PowsAiCore_Pows,N/A,N/A,1790932531428858.639	,50.461,0.159000,0
7,aclnnMean_ReduceMeanAiCore_ReduceMean,N/A,N/A,1790932531428910.120	,73.061,0.789000,0
7,aclnnAdds_AddAiCore_Add,N/A,N/A,1790932531428984.281	,2.480,1.189000,0
7,aclnnRsqrt_RsqrtAiCore_Rsqrt,N/A,N/A,1790932531428986.801	,2.760,0.020000,0
7,aclnnMul_MulAiCore_Mul,N/A,N/A,1790932531428989.581	,72.642,0.000000,0
7,aclnnInplaceCopy_CastAiCore_Cast,N/A,N/A,1790932531429062.263	,41.121,0.108000,0
7,aclnnMul_MulAiCore_Mul,N/A,N/A,1790932531429103.404	,40.481,0.129000,0
7,aclnnMatmul_MatMulV3Common_MatMulV3,N/A,N/A,1790932531429143.905	,1070.681,0.019000,0
7,aclnnInplaceCopy_SliceAiCore_Slice,N/A,N/A,1790932531430214.626	,92.202,0.069000,0
7,aclnnInplaceCopy_CastAiCore_Cast,N/A,N/A,1790932531430306.848	,84.922,0.000000,0
7,aclnnPowTensorScalar_PowsAiCore_Pows,N/A,N/A,1790932531430391.790	,131.962,0.078000,0
7,aclnnMean_ReduceMeanAiCore_ReduceMean,N/A,N/A,1790932531430525.212	,87.502,1.538000,0
7,aclnnAdds_AddAiCore_Add,N/A,N/A,1790932531430613.454	,7.220,0.748000,0
7,aclnnRsqrt_RsqrtAiCore_Rsqrt,N/A,N/A,1790932531430620.694	,8.720,0.030000,0
7,aclnnMul_MulAiCore_Mul,N/A,N/A,1790932531430629.434	,111.902,0.030000,0
7,aclnnInplaceCopy_CastAiCore_Cast,N/A,N/A,1790932531430741.376	,60.322,0.098000,0
7,aclnnMul_MulAiCore_Mul,N/A,N/A,1790932531430801.718	,60.281,0.000000,0
7,aclnnInplaceCopy_SliceAiCore_Slice,N/A,N/A,1790932531430862.019	,56.381,0.000000,0
7,aclnnInplaceCopy_CastAiCore_Cast,N/A,N/A,1790932531430918.420	,31.861,0.119000,0
7,aclnnPowTensorScalar_PowsAiCore_Pows,N/A,N/A,1790932531430950.301	,38.560,0.000000,0
7,aclnnMean_ReduceMeanAiCore_ReduceMean,N/A,N/A,1790932531430989.801	,29.421,0.940000,0
7,aclnnAdds_AddAiCore_Add,N/A,N/A,1790932531431020.182	,7.140,1.079000,0
7,aclnnRsqrt_RsqrtAiCore_Rsqrt,N/A,N/A,1790932531431027.342	,7.980,0.000000,0
7,aclnnMul_MulAiCore_Mul,N/A,N/A,1790932531431035.342	,37.801,0.020000,0
7,aclnnInplaceCopy_CastAiCore_Cast,N/A,N/A,1790932531431073.163	,16.760,0.199000,0
7,aclnnMul_MulAiCore_Mul,N/A,N/A,1790932531431089.963	,21.941,0.000000,0
7,aclnnMul_TransposeAiCore_Transpose,N/A,N/A,1790932531431111.924	,188.184,0.059000,0
7,aclnnMul_MulAiCore_Mul,N/A,N/A,1790932531431300.128	,61.901,0.066000,0
7,aclnnNeg_AsStridedAiCore_AsStrided,N/A,N/A,1790932531431362.049	,102.982,0.000000,0
7,aclnnNeg_NegAiCore_Neg,N/A,N/A,1790932531431465.051	,30.421,0.018000,0
7,aclnnCat_AsStridedAiCore_AsStrided,N/A,N/A,1790932531431495.492	,54.541,0.079000,0
7,aclnnCat_ConcatD_ConcatD,N/A,N/A,1790932531431550.053	,40.800,0.000000,0
7,aclnnMul_MulAiCore_Mul,N/A,N/A,1790932531431590.873	,53.182,0.000000,0
7,aclnnAdd_AddAiCore_Add,N/A,N/A,1790932531431644.075	,161.103,0.068000,0
7,aclnnMul_TransposeAiCore_Transpose,N/A,N/A,1790932531431805.198	,55.181,0.147000,0
7,aclnnMul_MulAiCore_Mul,N/A,N/A,1790932531431860.399	,16.420,0.069000,0
7,aclnnNeg_AsStridedAiCore_AsStrided,N/A,N/A,1790932531431876.859	,18.281,0.000000,0
7,aclnnNeg_NegAiCore_Neg,N/A,N/A,1790932531431895.160	,9.300,0.219000,0
7,aclnnCat_AsStridedAiCore_AsStrided,N/A,N/A,1790932531431904.500	,17.200,0.000000,0
7,aclnnCat_ConcatD_ConcatD,N/A,N/A,1790932531431921.720	,15.380,0.050000,0
7,aclnnMul_MulAiCore_Mul,N/A,N/A,1790932531431937.120	,17.001,0.000000,0
7,aclnnAdd_AddAiCore_Add,N/A,N/A,1790932531431954.161	,15.480,0.249000,0
7,aclnnInplaceCopy_AsStridedAiCore_AsStrided,N/A,N/A,1790932531431969.681	,39.901,0.020000,0
7,InnerPromptFlashAttention_PromptFlashAttention_PromptFlashAttention,N/A,N/A,1790932531432010.642	,1920.318,1.099000,0
7,aclnnInplaceCopy_TransposeAiCore_Transpose,N/A,N/A,1790932531433931.860	,161.423,0.682000,0
7,aclnnMatmul_MatMulV3Common_MatMulV3,N/A,N/A,1790932531434093.323	,709.755,0.077000,0
7,aclnnAdd_AddAiCore_Add,N/A,N/A,1790932531434803.098	,103.602,0.000000,0
7,aclnnInplaceCopy_CastAiCore_Cast,N/A,N/A,1790932531434906.740	,52.941,0.148000,0
7,aclnnPowTensorScalar_PowsAiCore_Pows,N/A,N/A,1790932531434959.701	,56.461,0.059000,0
7,aclnnMean_ReduceMeanAiCore_ReduceMean,N/A,N/A,1790932531435017.282	,71.781,1.039000,0
7,aclnnAdds_AddAiCore_Add,N/A,N/A,1790932531435089.703	,2.680,0.719000,0
7,aclnnRsqrt_RsqrtAiCore_Rsqrt,N/A,N/A,1790932531435092.403	,2.920,0.070000,0
7,aclnnMul_MulAiCore_Mul,N/A,N/A,1790932531435095.343	,73.042,0.000000,0
7,aclnnInplaceCopy_CastAiCore_Cast,N/A,N/A,1790932531435168.405	,41.921,0.208000,0
7,aclnnMul_MulAiCore_Mul,N/A,N/A,1790932531435210.346	,41.921,0.000000,0
7,aclnnMatmul_MatMulV3Common_MatMulV3,N/A,N/A,1790932531435252.307	,3481.769,0.079000,0
7,aclnnSilu_SliceAiCore_Slice,N/A,N/A,1790932531438734.096	,330.727,0.000000,0
7,aclnnSilu_SiluAiCore_Swish,N/A,N/A,1790932531439064.843	,323.726,0.023000,0
7,aclnnMul_SliceAiCore_Slice,N/A,N/A,1790932531439388.589	,307.706,0.024000,0
7,aclnnMul_MulAiCore_Mul,N/A,N/A,1790932531439696.315	,511.791,0.044000,0
7,aclnnMatmul_MatMulV3Common_MatMulV3,N/A,N/A,1790932531440208.146	,1745.595,0.209000,0
7,aclnnAdd_AddAiCore_Add,N/A,N/A,1790932531441953.761	,87.041,0.000000,0
7,aclnnInplaceCopy_CastAiCore_Cast,N/A,N/A,1790932531442040.822	,35.401,0.000000,0
7,aclnnPowTensorScalar_PowsAiCore_Pows,N/A,N/A,1790932531442076.243	,50.881,0.099000,0
7,aclnnMean_ReduceMeanAiCore_ReduceMean,N/A,N/A,1790932531442128.564	,72.821,1.369000,0
7,aclnnAdds_AddAiCore_Add,N/A,N/A,1790932531442202.145	,2.461,0.929000,0
7,aclnnRsqrt_RsqrtAiCore_Rsqrt,N/A,N/A,1790932531442204.646	,2.720,0.039000,0
7,aclnnMul_MulAiCore_Mul,N/A,N/A,1790932531442207.406	,72.261,0.030000,0
7,aclnnInplaceCopy_CastAiCore_Cast,N/A,N/A,1790932531442279.707	,41.461,0.000000,0
7,aclnnMul_MulAiCore_Mul,N/A,N/A,1790932531442321.188	,42.721,0.039000,0
7,aclnnMatmul_MatMulV3Common_MatMulV3,N/A,N/A,1790932531442363.929	,1075.701,0.029000,0
7,aclnnInplaceCopy_SliceAiCore_Slice,N/A,N/A,1790932531443439.650	,94.042,0.049000,0
7,aclnnInplaceCopy_CastAiCore_Cast,N/A,N/A,1790932531443533.712	,84.822,0.000000,0
7,aclnnPowTensorScalar_PowsAiCore_Pows,N/A,N/A,1790932531443618.574	,138.343,0.000000,0
7,aclnnMean_ReduceMeanAiCore_ReduceMean,N/A,N/A,1790932531443758.137	,89.641,1.407000,0
7,aclnnAdds_AddAiCore_Add,N/A,N/A,1790932531443848.798	,7.061,0.859000,0
7,aclnnRsqrt_RsqrtAiCore_Rsqrt,N/A,N/A,1790932531443855.899	,8.800,0.189000,0
7,aclnnMul_MulAiCore_Mul,N/A,N/A,1790932531443864.719	,111.942,0.000000,0
7,aclnnInplaceCopy_CastAiCore_Cast,N/A,N/A,1790932531443976.681	,63.021,0.058000,0
7,aclnnMul_MulAiCore_Mul,N/A,N/A,1790932531444039.722	,60.961,0.000000,0
7,aclnnInplaceCopy_SliceAiCore_Slice,N/A,N/A,1790932531444100.703	,55.322,0.039000,0
7,aclnnInplaceCopy_CastAiCore_Cast,N/A,N/A,1790932531444156.045	,32.780,0.000000,0
7,aclnnPowTensorScalar_PowsAiCore_Pows,N/A,N/A,1790932531444188.845	,38.881,0.000000,0
7,aclnnMean_ReduceMeanAiCore_ReduceMean,N/A,N/A,1790932531444228.806	,29.721,1.119000,0
7,aclnnAdds_AddAiCore_Add,N/A,N/A,1790932531444259.187	,6.560,0.779000,0
7,aclnnRsqrt_RsqrtAiCore_Rsqrt,N/A,N/A,1790932531444265.767	,7.980,0.000000,0
7,aclnnMul_MulAiCore_Mul,N/A,N/A,1790932531444273.787	,37.261,0.020000,0
7,aclnnInplaceCopy_CastAiCore_Cast,N/A,N/A,1790932531444311.068	,17.040,0.000000,0
7,aclnnMul_MulAiCore_Mul,N/A,N/A,1790932531444328.128	,21.440,0.210000,0
7,aclnnMul_TransposeAiCore_Transpose,N/A,N/A,1790932531444349.608	,186.384,0.000000,0
7,aclnnMul_MulAiCore_Mul,N/A,N/A,1790932531444536.012	,63.181,0.116000,0
7,aclnnNeg_AsStridedAiCore_AsStrided,N/A,N/A,1790932531444599.213	,107.303,0.069000,0
7,aclnnNeg_NegAiCore_Neg,N/A,N/A,1790932531444706.536	,30.400,0.000000,0
7,aclnnCat_AsStridedAiCore_AsStrided,N/A,N/A,1790932531444736.956	,54.961,0.100000,0
7,aclnnCat_ConcatD_ConcatD,N/A,N/A,1790932531444791.937	,41.821,0.039000,0
7,aclnnMul_MulAiCore_Mul,N/A,N/A,1790932531444833.778	,52.121,0.000000,0
7,aclnnAdd_AddAiCore_Add,N/A,N/A,1790932531444885.919	,161.743,0.129000,0
7,aclnnMul_TransposeAiCore_Transpose,N/A,N/A,1790932531445047.682	,55.321,0.007000,0
7,aclnnMul_MulAiCore_Mul,N/A,N/A,1790932531445103.043	,17.201,0.000000,0
7,aclnnNeg_AsStridedAiCore_AsStrided,N/A,N/A,1790932531445120.264	,18.600,0.049000,0
7,aclnnNeg_NegAiCore_Neg,N/A,N/A,1790932531445138.884	,9.340,0.150000,0
7,aclnnCat_AsStridedAiCore_AsStrided,N/A,N/A,1790932531445148.244	,17.801,0.000000,0
7,aclnnCat_ConcatD_ConcatD,N/A,N/A,1790932531445166.065	,16.900,0.000000,0
7,aclnnMul_MulAiCore_Mul,N/A,N/A,1790932531445182.985	,17.260,0.100000,0
7,aclnnAdd_AddAiCore_Add,N/A,N/A,1790932531445200.265	,15.621,0.000000,0
7,aclnnInplaceCopy_AsStridedAiCore_AsStrided,N/A,N/A,1790932531445215.906	,40.020,0.129000,0
7,InnerPromptFlashAttention_PromptFlashAttention_PromptFlashAttention,N/A,N/A,1790932531445257.067	,1964.059,0.980000,0
7,aclnnInplaceCopy_TransposeAiCore_Transpose,N/A,N/A,1790932531447222.086	,157.863,0.941000,0
7,aclnnMatmul_MatMulV3Common_MatMulV3,N/A,N/A,1790932531447379.969	,706.134,0.137000,0
7,aclnnAdd_AddAiCore_Add,N/A,N/A,1790932531448086.123	,103.442,0.000000,0
7,aclnnInplaceCopy_CastAiCore_Cast,N/A,N/A,1790932531448189.585	,52.721,0.058000,0
7,aclnnPowTensorScalar_PowsAiCore_Pows,N/A,N/A,1790932531448242.326	,53.461,0.029000,0
7,aclnnMean_ReduceMeanAiCore_ReduceMean,N/A,N/A,1790932531448296.907	,72.402,1.289000,0
7,aclnnAdds_AddAiCore_Add,N/A,N/A,1790932531448370.489	,2.620,1.098000,0
7,aclnnRsqrt_RsqrtAiCore_Rsqrt,N/A,N/A,1790932531448373.129	,2.960,0.130000,0
7,aclnnMul_MulAiCore_Mul,N/A,N/A,1790932531448376.109	,72.261,0.000000,0
7,aclnnInplaceCopy_CastAiCore_Cast,N/A,N/A,1790932531448448.390	,41.801,0.239000,0
7,aclnnMul_MulAiCore_Mul,N/A,N/A,1790932531448490.211	,35.701,0.000000,0
7,aclnnMatmul_MatMulV3Common_MatMulV3,N/A,N/A,1790932531448525.932	,3462.229,0.049000,0
7,aclnnSilu_SliceAiCore_Slice,N/A,N/A,1790932531451988.181	,326.227,0.021000,0
7,aclnnSilu_SiluAiCore_Swish,N/A,N/A,1790932531452314.428	,322.966,0.023000,0
7,aclnnMul_SliceAiCore_Slice,N/A,N/A,1790932531452637.414	,307.786,0.034000,0
7,aclnnMul_MulAiCore_Mul,N/A,N/A,1790932531452945.240	,497.790,0.000000,0
7,aclnnMatmul_MatMulV3Common_MatMulV3,N/A,N/A,1790932531453443.070	,1757.135,0.000000,0
7,aclnnAdd_AddAiCore_Add,N/A,N/A,1790932531455200.225	,91.062,0.115000,0
7,aclnnInplaceCopy_CastAiCore_Cast,N/A,N/A,1790932531455291.307	,36.021,0.000000,0
7,aclnnPowTensorScalar_PowsAiCore_Pows,N/A,N/A,1790932531455327.348	,51.861,0.000000,0
7,aclnnMean_ReduceMeanAiCore_ReduceMean,N/A,N/A,1790932531455380.189	,72.921,1.139000,0
7,aclnnAdds_AddAiCore_Add,N/A,N/A,1790932531455454.290	,2.620,1.079000,0
7,aclnnRsqrt_RsqrtAiCore_Rsqrt,N/A,N/A,1790932531455456.930	,2.940,0.130000,0
7,aclnnMul_MulAiCore_Mul,N/A,N/A,1790932531455459.890	,74.102,0.060000,0
7,aclnnInplaceCopy_CastAiCore_Cast,N/A,N/A,1790932531455534.032	,41.161,0.000000,0
7,aclnnMul_MulAiCore_Mul,N/A,N/A,1790932531455575.233	,40.560,0.089000,0
7,aclnnMatmul_MatMulV3Common_MatMulV3,N/A,N/A,1790932531455615.813	,1061.542,0.000000,0
7,aclnnInplaceCopy_SliceAiCore_Slice,N/A,N/A,1790932531456677.375	,92.842,0.208000,0
7,aclnnInplaceCopy_CastAiCore_Cast,N/A,N/A,1790932531456770.257	,85.361,0.000000,0
7,aclnnPowTensorScalar_PowsAiCore_Pows,N/A,N/A,1790932531456855.638	,138.003,0.139000,0
7,aclnnMean_ReduceMeanAiCore_ReduceMean,N/A,N/A,1790932531456994.641	,88.602,0.997000,0
7,aclnnAdds_AddAiCore_Add,N/A,N/A,1790932531457084.143	,7.480,0.898000,0
7,aclnnRsqrt_RsqrtAiCore_Rsqrt,N/A,N/A,1790932531457091.643	,8.580,0.020000,0
7,aclnnMul_MulAiCore_Mul,N/A,N/A,1790932531457100.243	,110.902,0.000000,0
7,aclnnInplaceCopy_CastAiCore_Cast,N/A,N/A,1790932531457211.165	,60.922,0.098000,0
7,aclnnMul_MulAiCore_Mul,N/A,N/A,1790932531457272.107	,59.561,0.000000,0
7,aclnnInplaceCopy_SliceAiCore_Slice,N/A,N/A,1790932531457331.688	,56.501,0.189000,0
7,aclnnInplaceCopy_CastAiCore_Cast,N/A,N/A,1790932531457388.209	,32.561,0.000000,0
7,aclnnPowTensorScalar_PowsAiCore_Pows,N/A,N/A,1790932531457420.790	,38.160,0.000000,0
7,aclnnMean_ReduceMeanAiCore_ReduceMean,N/A,N/A,1790932531457459.890	,30.221,1.090000,0
7,aclnnAdds_AddAiCore_Add,N/A,N/A,1790932531457490.931	,6.680,0.779000,0
7,aclnnRsqrt_RsqrtAiCore_Rsqrt,N/A,N/A,1790932531457497.631	,7.840,0.070000,0
7,aclnnMul_MulAiCore_Mul,N/A,N/A,1790932531457505.491	,37.101,0.000000,0
7,aclnnInplaceCopy_CastAiCore_Cast,N/A,N/A,1790932531457542.612	,16.520,0.000000,0
7,aclnnMul_MulAiCore_Mul,N/A,N/A,1790932531457559.152	,21.861,0.230000,0
7,aclnnMul_TransposeAiCore_Transpose,N/A,N/A,1790932531457581.033	,187.043,0.000000,0
7,aclnnMul_MulAiCore_Mul,N/A,N/A,1790932531457768.096	,62.042,0.000000,0
7,aclnnNeg_AsStridedAiCore_AsStrided,N/A,N/A,1790932531457830.178	,105.922,0.208000,0
7,aclnnNeg_NegAiCore_Neg,N/A,N/A,1790932531457936.120	,31.960,0.000000,0
7,aclnnCat_AsStridedAiCore_AsStrided,N/A,N/A,1790932531457968.100	,55.762,0.040000,0
7,aclnnCat_ConcatD_ConcatD,N/A,N/A,1790932531458023.882	,41.800,0.238000,0
7,aclnnMul_MulAiCore_Mul,N/A,N/A,1790932531458065.702	,53.662,0.000000,0
7,aclnnAdd_AddAiCore_Add,N/A,N/A,1790932531458119.384	,163.103,0.088000,0
7,aclnnMul_TransposeAiCore_Transpose,N/A,N/A,1790932531458282.507	,55.801,0.000000,0
7,aclnnMul_MulAiCore_Mul,N/A,N/A,1790932531458338.348	,17.020,0.000000,0
7,aclnnNeg_AsStridedAiCore_AsStrided,N/A,N/A,1790932531458355.388	,19.261,0.230000,0
7,aclnnNeg_NegAiCore_Neg,N/A,N/A,1790932531458374.669	,9.260,0.000000,0
7,aclnnCat_AsStridedAiCore_AsStrided,N/A,N/A,1790932531458383.949	,17.920,0.000000,0
7,aclnnCat_ConcatD_ConcatD,N/A,N/A,1790932531458401.889	,15.480,0.080000,0
7,aclnnMul_MulAiCore_Mul,N/A,N/A,1790932531458417.389	,17.241,0.020000,0
7,aclnnAdd_AddAiCore_Add,N/A,N/A,1790932531458434.670	,15.040,0.009000,0
7,aclnnInplaceCopy_AsStridedAiCore_AsStrided,N/A,N/A,1790932531458449.730	,40.041,0.000000,0
7,InnerPromptFlashAttention_PromptFlashAttention_PromptFlashAttention,N/A,N/A,1790932531458491.251	,1946.819,1.459000,0
7,aclnnInplaceCopy_TransposeAiCore_Transpose,N/A,N/A,1790932531460438.710	,154.243,0.681000,0
7,aclnnMatmul_MatMulV3Common_MatMulV3,N/A,N/A,1790932531460592.973	,705.834,0.007000,0
7,aclnnAdd_AddAiCore_Add,N/A,N/A,1790932531461298.827	,102.142,0.000000,0
7,aclnnInplaceCopy_CastAiCore_Cast,N/A,N/A,1790932531461400.989	,52.681,0.108000,0
7,aclnnPowTensorScalar_PowsAiCore_Pows,N/A,N/A,1790932531461453.690	,54.021,0.069000,0
7,aclnnMean_ReduceMeanAiCore_ReduceMean,N/A,N/A,1790932531461508.851	,72.582,0.979000,0
7,aclnnAdds_AddAiCore_Add,N/A,N/A,1790932531461582.413	,2.420,1.168000,0
7,aclnnRsqrt_RsqrtAiCore_Rsqrt,N/A,N/A,1790932531461584.873	,2.840,0.000000,0
7,aclnnMul_MulAiCore_Mul,N/A,N/A,1790932531461587.733	,71.981,0.160000,0
7,aclnnInplaceCopy_CastAiCore_Cast,N/A,N/A,1790932531461659.734	,41.641,0.019000,0
7,aclnnMul_MulAiCore_Mul,N/A,N/A,1790932531461701.415	,40.601,0.109000,0
7,aclnnMatmul_MatMulV3Common_MatMulV3,N/A,N/A,1790932531461742.036	,3475.209,0.000000,0
7,aclnnSilu_SliceAiCore_Slice,N/A,N/A,1790932531465217.265	,329.587,0.041000,0
7,aclnnSilu_SiluAiCore_Swish,N/A,N/A,1790932531465546.892	,320.506,0.163000,0
7,aclnnMul_SliceAiCore_Slice,N/A,N/A,1790932531465867.418	,307.566,0.000000,0
7,aclnnMul_MulAiCore_Mul,N/A,N/A,1790932531466175.004	,510.131,0.000000,0
7,aclnnMatmul_MatMulV3Common_MatMulV3,N/A,N/A,1790932531466685.175	,1730.254,0.119000,0
7,aclnnAdd_AddAiCore_Add,N/A,N/A,1790932531468415.449	,88.782,0.000000,0
7,aclnnInplaceCopy_CastAiCore_Cast,N/A,N/A,1790932531468504.251	,35.801,0.000000,0
7,aclnnPowTensorScalar_PowsAiCore_Pows,N/A,N/A,1790932531468540.072	,50.921,0.000000,0
7,aclnnMean_ReduceMeanAiCore_ReduceMean,N/A,N/A,1790932531468592.213	,72.181,1.329000,0
7,aclnnAdds_AddAiCore_Add,N/A,N/A,1790932531468665.134	,2.820,0.819000,0
7,aclnnRsqrt_RsqrtAiCore_Rsqrt,N/A,N/A,1790932531468667.974	,3.060,0.000000,0
7,aclnnMul_MulAiCore_Mul,N/A,N/A,1790932531468671.054	,72.202,0.000000,0
7,aclnnInplaceCopy_CastAiCore_Cast,N/A,N/A,1790932531468743.276	,41.541,0.048000,0
7,aclnnMul_MulAiCore_Mul,N/A,N/A,1790932531468784.837	,40.940,0.000000,0
7,aclnnMatmul_MatMulV3Common_MatMulV3,N/A,N/A,1790932531468825.797	,1066.142,0.060000,0
7,aclnnInplaceCopy_SliceAiCore_Slice,N/A,N/A,1790932531469891.959	,95.202,0.108000,0
7,aclnnInplaceCopy_CastAiCore_Cast,N/A,N/A,1790932531469987.181	,84.461,0.048000,0
7,aclnnPowTensorScalar_PowsAiCore_Pows,N/A,N/A,1790932531470071.662	,140.623,0.039000,0
7,aclnnMean_ReduceMeanAiCore_ReduceMean,N/A,N/A,1790932531470213.745	,90.122,1.377000,0
7,aclnnAdds_AddAiCore_Add,N/A,N/A,1790932531470305.027	,7.020,1.128000,0
7,aclnnRsqrt_RsqrtAiCore_Rsqrt,N/A,N/A,1790932531470312.067	,8.700,0.000000,0
7,aclnnMul_MulAiCore_Mul,N/A,N/A,1790932531470320.787	,112.603,0.050000,0
7,aclnnInplaceCopy_CastAiCore_Cast,N/A,N/A,1790932531470433.410	,61.581,0.147000,0
7,aclnnMul_MulAiCore_Mul,N/A,N/A,1790932531470495.011	,60.481,0.000000,0
7,aclnnInplaceCopy_SliceAiCore_Slice,N/A,N/A,1790932531470555.532	,56.381,0.019000,0
7,aclnnInplaceCopy_CastAiCore_Cast,N/A,N/A,1790932531470611.933	,32.321,0.119000,0
7,aclnnPowTensorScalar_PowsAiCore_Pows,N/A,N/A,1790932531470644.274	,38.341,0.000000,0
7,aclnnMean_ReduceMeanAiCore_ReduceMean,N/A,N/A,1790932531470683.775	,29.860,1.159000,0
7,aclnnAdds_AddAiCore_Add,N/A,N/A,1790932531470714.715	,6.780,1.140000,0
7,aclnnRsqrt_RsqrtAiCore_Rsqrt,N/A,N/A,1790932531470721.515	,7.940,0.000000,0
7,aclnnMul_MulAiCore_Mul,N/A,N/A,1790932531470729.475	,37.421,0.060000,0
7,aclnnInplaceCopy_CastAiCore_Cast,N/A,N/A,1790932531470766.916	,16.821,0.079000,0
7,aclnnMul_MulAiCore_Mul,N/A,N/A,1790932531470783.757	,22.080,0.000000,0
7,aclnnMul_TransposeAiCore_Transpose,N/A,N/A,1790932531470805.877	,196.744,0.170000,0
7,aclnnMul_MulAiCore_Mul,N/A,N/A,1790932531471002.641	,63.021,0.006000,0
7,aclnnNeg_AsStridedAiCore_AsStrided,N/A,N/A,1790932531471065.682	,104.042,0.000000,0
7,aclnnNeg_NegAiCore_Neg,N/A,N/A,1790932531471169.744	,31.021,0.000000,0
7,aclnnCat_AsStridedAiCore_AsStrided,N/A,N/A,1790932531471200.785	,55.781,0.000000,0
7,aclnnCat_ConcatD_ConcatD,N/A,N/A,1790932531471256.606	,40.741,0.000000,0
7,aclnnMul_MulAiCore_Mul,N/A,N/A,1790932531471297.367	,52.381,0.009000,0
7,aclnnAdd_AddAiCore_Add,N/A,N/A,1790932531471349.768	,162.483,0.119000,0
7,aclnnMul_TransposeAiCore_Transpose,N/A,N/A,1790932531471512.271	,64.221,0.017000,0
7,aclnnMul_MulAiCore_Mul,N/A,N/A,1790932531471576.512	,16.921,0.029000,0
7,aclnnNeg_AsStridedAiCore_AsStrided,N/A,N/A,1790932531471593.453	,19.060,0.079000,0
7,aclnnNeg_NegAiCore_Neg,N/A,N/A,1790932531471612.533	,9.360,0.000000,0
7,aclnnCat_AsStridedAiCore_AsStrided,N/A,N/A,1790932531471621.913	,17.661,0.140000,0
7,aclnnCat_ConcatD_ConcatD,N/A,N/A,1790932531471639.594	,15.980,0.000000,0
7,aclnnMul_MulAiCore_Mul,N/A,N/A,1790932531471655.614	,20.180,0.020000,0
7,aclnnAdd_AddAiCore_Add,N/A,N/A,1790932531471675.814	,15.181,0.070000,0
7,aclnnInplaceCopy_AsStridedAiCore_AsStrided,N/A,N/A,1790932531471691.015	,39.880,0.069000,0
7,InnerPromptFlashAttention_PromptFlashAttention_PromptFlashAttention,N/A,N/A,1790932531471732.335	,1902.599,1.370000,0
7,aclnnInplaceCopy_TransposeAiCore_Transpose,N/A,N/A,1790932531473635.974	,157.843,1.151000,0
7,aclnnMatmul_MatMulV3Common_MatMulV3,N/A,N/A,1790932531473793.837	,716.714,0.000000,0
7,aclnnAdd_AddAiCore_Add,N/A,N/A,1790932531474510.571	,102.522,0.036000,0
7,aclnnInplaceCopy_CastAiCore_Cast,N/A,N/A,1790932531474613.113	,53.681,0.000000,0
7,aclnnPowTensorScalar_PowsAiCore_Pows,N/A,N/A,1790932531474666.814	,54.001,0.069000,0
7,aclnnMean_ReduceMeanAiCore_ReduceMean,N/A,N/A,1790932531474722.175	,72.022,1.499000,0
7,aclnnAdds_AddAiCore_Add,N/A,N/A,1790932531474795.157	,2.480,0.978000,0
7,aclnnRsqrt_RsqrtAiCore_Rsqrt,N/A,N/A,1790932531474797.677	,2.740,0.020000,0
7,aclnnMul_MulAiCore_Mul,N/A,N/A,1790932531474800.437	,73.401,0.010000,0
7,aclnnInplaceCopy_CastAiCore_Cast,N/A,N/A,1790932531474873.858	,41.641,0.000000,0
7,aclnnMul_MulAiCore_Mul,N/A,N/A,1790932531474915.519	,36.061,0.109000,0
7,aclnnMatmul_MatMulV3Common_MatMulV3,N/A,N/A,1790932531474951.600	,3463.069,0.000000,0
7,aclnnSilu_SliceAiCore_Slice,N/A,N/A,1790932531478414.709	,325.067,0.181000,0
7,aclnnSilu_SiluAiCore_Swish,N/A,N/A,1790932531478739.796	,322.686,0.000000,0
7,aclnnMul_SliceAiCore_Slice,N/A,N/A,1790932531479062.502	,307.266,0.064000,0
7,aclnnMul_MulAiCore_Mul,N/A,N/A,1790932531479369.788	,498.930,0.000000,0
7,aclnnMatmul_MatMulV3Common_MatMulV3,N/A,N/A,1790932531479868.738	,1760.695,0.070000,0
7,aclnnAdd_AddAiCore_Add,N/A,N/A,1790932531481629.453	,87.122,0.055000,0
7,aclnnInplaceCopy_CastAiCore_Cast,N/A,N/A,1790932531481716.595	,34.801,0.000000,0
7,aclnnPowTensorScalar_PowsAiCore_Pows,N/A,N/A,1790932531481751.416	,51.381,0.199000,0
7,aclnnMean_ReduceMeanAiCore_ReduceMean,N/A,N/A,1790932531481803.917	,73.301,1.119000,0
7,aclnnAdds_AddAiCore_Add,N/A,N/A,1790932531481878.098	,2.640,0.699000,0
7,aclnnRsqrt_RsqrtAiCore_Rsqrt,N/A,N/A,1790932531481880.758	,2.720,0.110000,0
7,aclnnMul_MulAiCore_Mul,N/A,N/A,1790932531481883.498	,72.402,0.030000,0
7,aclnnInplaceCopy_CastAiCore_Cast,N/A,N/A,1790932531481955.920	,40.961,0.098000,0
7,aclnnMul_MulAiCore_Mul,N/A,N/A,1790932531481996.901	,40.560,0.039000,0
7,aclnnMatmul_MatMulV3Common_MatMulV3,N/A,N/A,1790932531482037.481	,1062.182,0.000000,0
7,aclnnInplaceCopy_SliceAiCore_Slice,N/A,N/A,1790932531483099.683	,94.742,0.068000,0
7,aclnnInplaceCopy_CastAiCore_Cast,N/A,N/A,1790932531483194.465	,86.261,0.008000,0
7,aclnnPowTensorScalar_PowsAiCore_Pows,N/A,N/A,1790932531483280.746	,141.103,0.000000,0
7,aclnnMean_ReduceMeanAiCore_ReduceMean,N/A,N/A,1790932531483422.849	,90.042,0.897000,0
7,aclnnAdds_AddAiCore_Add,N/A,N/A,1790932531483513.571	,7.040,0.708000,0
7,aclnnRsqrt_RsqrtAiCore_Rsqrt,N/A,N/A,1790932531483520.631	,8.860,0.210000,0
7,aclnnMul_MulAiCore_Mul,N/A,N/A,1790932531483529.511	,110.662,0.000000,0
7,aclnnInplaceCopy_CastAiCore_Cast,N/A,N/A,1790932531483640.193	,61.422,0.088000,0
7,aclnnMul_MulAiCore_Mul,N/A,N/A,1790932531483701.655	,60.001,0.078000,0
7,aclnnInplaceCopy_SliceAiCore_Slice,N/A,N/A,1790932531483761.676	,55.961,0.000000,0
7,aclnnInplaceCopy_CastAiCore_Cast,N/A,N/A,1790932531483817.657	,32.521,0.039000,0
7,aclnnPowTensorScalar_PowsAiCore_Pows,N/A,N/A,1790932531483850.218	,38.500,0.000000,0
7,aclnnMean_ReduceMeanAiCore_ReduceMean,N/A,N/A,1790932531483889.938	,29.321,1.250000,0
7,aclnnAdds_AddAiCore_Add,N/A,N/A,1790932531483920.299	,6.560,0.929000,0
7,aclnnRsqrt_RsqrtAiCore_Rsqrt,N/A,N/A,1790932531483926.879	,8.020,0.190000,0
7,aclnnMul_MulAiCore_Mul,N/A,N/A,1790932531483934.919	,37.781,0.000000,0
7,aclnnInplaceCopy_CastAiCore_Cast,N/A,N/A,1790932531483972.720	,16.800,0.000000,0
7,aclnnMul_MulAiCore_Mul,N/A,N/A,1790932531483989.540	,21.541,0.000000,0
7,aclnnMul_TransposeAiCore_Transpose,N/A,N/A,1790932531484011.121	,188.724,0.000000,0
7,aclnnMul_MulAiCore_Mul,N/A,N/A,1790932531484199.865	,63.141,0.026000,0
7,aclnnNeg_AsStridedAiCore_AsStrided,N/A,N/A,1790932531484263.026	,102.962,0.109000,0
7,aclnnNeg_NegAiCore_Neg,N/A,N/A,1790932531484366.028	,30.361,0.038000,0
7,aclnnCat_AsStridedAiCore_AsStrided,N/A,N/A,1790932531484396.429	,56.161,0.139000,0
7,aclnnCat_ConcatD_ConcatD,N/A,N/A,1790932531484452.630	,41.700,0.089000,0
7,aclnnMul_MulAiCore_Mul,N/A,N/A,1790932531484494.350	,52.862,0.000000,0
7,aclnnAdd_AddAiCore_Add,N/A,N/A,1790932531484547.232	,161.323,0.138000,0
7,aclnnMul_TransposeAiCore_Transpose,N/A,N/A,1790932531484708.575	,53.881,0.000000,0
7,aclnnMul_MulAiCore_Mul,N/A,N/A,1790932531484762.476	,16.820,0.119000,0
7,aclnnNeg_AsStridedAiCore_AsStrided,N/A,N/A,1790932531484779.316	,18.241,0.000000,0
7,aclnnNeg_NegAiCore_Neg,N/A,N/A,1790932531484797.577	,9.320,0.009000,0
7,aclnnCat_AsStridedAiCore_AsStrided,N/A,N/A,1790932531484806.917	,17.940,0.180000,0
7,aclnnCat_ConcatD_ConcatD,N/A,N/A,1790932531484824.877	,15.920,0.060000,0
7,aclnnMul_MulAiCore_Mul,N/A,N/A,1790932531484840.817	,18.161,0.000000,0
7,aclnnAdd_AddAiCore_Add,N/A,N/A,1790932531484858.998	,15.400,0.089000,0
7,aclnnInplaceCopy_AsStridedAiCore_AsStrided,N/A,N/A,1790932531484874.438	,40.081,0.100000,0
7,InnerPromptFlashAttention_PromptFlashAttention_PromptFlashAttention,N/A,N/A,1790932531484915.919	,1912.238,1.419000,0
7,aclnnInplaceCopy_TransposeAiCore_Transpose,N/A,N/A,1790932531486829.317	,155.843,1.012000,0
7,aclnnMatmul_MatMulV3Common_MatMulV3,N/A,N/A,1790932531486985.200	,715.055,0.157000,0
7,aclnnAdd_AddAiCore_Add,N/A,N/A,1790932531487700.275	,102.262,0.000000,0
7,aclnnInplaceCopy_CastAiCore_Cast,N/A,N/A,1790932531487802.557	,53.161,0.000000,0
7,aclnnPowTensorScalar_PowsAiCore_Pows,N/A,N/A,1790932531487855.738	,57.541,0.089000,0
7,aclnnMean_ReduceMeanAiCore_ReduceMean,N/A,N/A,1790932531487914.379	,72.621,1.209000,0
7,aclnnAdds_AddAiCore_Add,N/A,N/A,1790932531487988.000	,2.780,0.879000,0
7,aclnnRsqrt_RsqrtAiCore_Rsqrt,N/A,N/A,1790932531487990.800	,2.760,0.000000,0
7,aclnnMul_MulAiCore_Mul,N/A,N/A,1790932531487993.580	,73.322,0.000000,0
7,aclnnInplaceCopy_CastAiCore_Cast,N/A,N/A,1790932531488066.922	,41.381,0.178000,0
7,aclnnMul_MulAiCore_Mul,N/A,N/A,1790932531488108.323	,41.301,0.000000,0
7,aclnnMatmul_MatMulV3Common_MatMulV3,N/A,N/A,1790932531488149.644	,3467.449,0.199000,0
7,aclnnSilu_SliceAiCore_Slice,N/A,N/A,1790932531491617.133	,328.986,0.051000,0
7,aclnnSilu_SiluAiCore_Swish,N/A,N/A,1790932531491946.139	,321.447,0.014000,0
7,aclnnMul_SliceAiCore_Slice,N/A,N/A,1790932531492267.606	,308.606,0.000000,0
7,aclnnMul_MulAiCore_Mul,N/A,N/A,1790932531492576.232	,513.870,0.144000,0
7,aclnnMatmul_MatMulV3Common_MatMulV3,N/A,N/A,1790932531493090.122	,1733.215,0.000000,0
7,aclnnAdd_AddAiCore_Add,N/A,N/A,1790932531494823.357	,86.922,0.035000,0
7,aclnnInplaceCopy_CastAiCore_Cast,N/A,N/A,1790932531494910.299	,35.920,0.078000,0
7,aclnnPowTensorScalar_PowsAiCore_Pows,N/A,N/A,1790932531494946.239	,50.901,0.080000,0
7,aclnnMean_ReduceMeanAiCore_ReduceMean,N/A,N/A,1790932531494998.500	,72.962,1.349000,0
7,aclnnAdds_AddAiCore_Add,N/A,N/A,1790932531495072.662	,2.500,1.288000,0
7,aclnnRsqrt_RsqrtAiCore_Rsqrt,N/A,N/A,1790932531495075.182	,2.940,0.000000,0
7,aclnnMul_MulAiCore_Mul,N/A,N/A,1790932531495078.142	,71.541,0.060000,0
7,aclnnInplaceCopy_CastAiCore_Cast,N/A,N/A,1790932531495149.703	,41.501,0.000000,0
7,aclnnMul_MulAiCore_Mul,N/A,N/A,1790932531495191.224	,40.801,0.000000,0
7,aclnnMatmul_MatMulV3Common_MatMulV3,N/A,N/A,1790932531495232.045	,1068.781,0.000000,0
7,aclnnInplaceCopy_SliceAiCore_Slice,N/A,N/A,1790932531496300.846	,102.062,0.000000,0
7,aclnnInplaceCopy_CastAiCore_Cast,N/A,N/A,1790932531496402.928	,84.502,0.188000,0
7,aclnnPowTensorScalar_PowsAiCore_Pows,N/A,N/A,1790932531496487.470	,137.263,0.000000,0
7,aclnnMean_ReduceMeanAiCore_ReduceMean,N/A,N/A,1790932531496625.773	,90.482,0.987000,0
7,aclnnAdds_AddAiCore_Add,N/A,N/A,1790932531496716.955	,7.080,0.768000,0
7,aclnnRsqrt_RsqrtAiCore_Rsqrt,N/A,N/A,1790932531496724.055	,8.680,0.000000,0
7,aclnnMul_MulAiCore_Mul,N/A,N/A,1790932531496732.755	,111.202,0.070000,0
7,aclnnInplaceCopy_CastAiCore_Cast,N/A,N/A,1790932531496843.977	,63.221,0.048000,0
7,aclnnMul_MulAiCore_Mul,N/A,N/A,1790932531496907.218	,61.102,0.029000,0
7,aclnnInplaceCopy_SliceAiCore_Slice,N/A,N/A,1790932531496968.360	,56.161,0.000000,0
7,aclnnInplaceCopy_CastAiCore_Cast,N/A,N/A,1790932531497024.541	,32.580,0.089000,0
7,aclnnPowTensorScalar_PowsAiCore_Pows,N/A,N/A,1790932531497057.141	,37.701,0.170000,0
7,aclnnMean_ReduceMeanAiCore_ReduceMean,N/A,N/A,1790932531497096.242	,29.341,1.299000,0
7,aclnnAdds_AddAiCore_Add,N/A,N/A,1790932531497126.603	,6.640,0.909000,0
7,aclnnRsqrt_RsqrtAiCore_Rsqrt,N/A,N/A,1790932531497133.283	,8.040,0.110000,0
7,aclnnMul_MulAiCore_Mul,N/A,N/A,1790932531497141.343	,36.361,0.000000,0
7,aclnnInplaceCopy_CastAiCore_Cast,N/A,N/A,1790932531497177.724	,17.160,0.139000,0
7,aclnnMul_MulAiCore_Mul,N/A,N/A,1790932531497194.924	,21.441,0.090000,0
7,aclnnMul_TransposeAiCore_Transpose,N/A,N/A,1790932531497216.385	,188.223,0.059000,0
7,aclnnMul_MulAiCore_Mul,N/A,N/A,1790932531497404.628	,62.282,0.027000,0
7,aclnnNeg_AsStridedAiCore_AsStrided,N/A,N/A,1790932531497466.930	,103.942,0.000000,0
7,aclnnNeg_NegAiCore_Neg,N/A,N/A,1790932531497570.912	,29.880,0.058000,0
7,aclnnCat_AsStridedAiCore_AsStrided,N/A,N/A,1790932531497600.812	,57.461,0.000000,0
7,aclnnCat_ConcatD_ConcatD,N/A,N/A,1790932531497658.293	,41.021,0.039000,0
7,aclnnMul_MulAiCore_Mul,N/A,N/A,1790932531497699.354	,52.401,0.000000,0
7,aclnnAdd_AddAiCore_Add,N/A,N/A,1790932531497751.775	,161.424,0.099000,0
7,aclnnMul_TransposeAiCore_Transpose,N/A,N/A,1790932531497913.219	,53.861,0.076000,0
7,aclnnMul_MulAiCore_Mul,N/A,N/A,1790932531497967.100	,16.940,0.000000,0
7,aclnnNeg_AsStridedAiCore_AsStrided,N/A,N/A,1790932531497984.060	,19.040,0.060000,0
7,aclnnNeg_NegAiCore_Neg,N/A,N/A,1790932531498003.120	,9.221,0.000000,0
7,aclnnCat_AsStridedAiCore_AsStrided,N/A,N/A,1790932531498012.361	,17.380,0.029000,0
7,aclnnCat_ConcatD_ConcatD,N/A,N/A,1790932531498029.761	,15.580,0.120000,0
7,aclnnMul_MulAiCore_Mul,N/A,N/A,1790932531498045.361	,17.741,0.000000,0
7,aclnnAdd_AddAiCore_Add,N/A,N/A,1790932531498063.142	,15.400,0.259000,0
7,aclnnInplaceCopy_AsStridedAiCore_AsStrided,N/A,N/A,1790932531498078.562	,40.681,0.000000,0
7,InnerPromptFlashAttention_PromptFlashAttention_PromptFlashAttention,N/A,N/A,1790932531498120.243	,1903.158,1.069000,0
7,aclnnInplaceCopy_TransposeAiCore_Transpose,N/A,N/A,1790932531500024.401	,155.963,1.092000,0
7,aclnnMatmul_MatMulV3Common_MatMulV3,N/A,N/A,1790932531500180.404	,707.394,0.037000,0
7,aclnnAdd_AddAiCore_Add,N/A,N/A,1790932531500887.818	,101.702,0.000000,0
7,aclnnInplaceCopy_CastAiCore_Cast,N/A,N/A,1790932531500989.540	,52.941,0.048000,0
7,aclnnPowTensorScalar_PowsAiCore_Pows,N/A,N/A,1790932531501042.521	,54.201,0.059000,0
7,aclnnMean_ReduceMeanAiCore_ReduceMean,N/A,N/A,1790932531501097.622	,72.402,0.799000,0
7,aclnnAdds_AddAiCore_Add,N/A,N/A,1790932531501171.184	,2.800,1.348000,0
7,aclnnRsqrt_RsqrtAiCore_Rsqrt,N/A,N/A,1790932531501174.004	,3.080,0.000000,0
7,aclnnMul_MulAiCore_Mul,N/A,N/A,1790932531501177.104	,72.961,0.000000,0
7,aclnnInplaceCopy_CastAiCore_Cast,N/A,N/A,1790932531501250.105	,42.121,0.039000,0
7,aclnnMul_MulAiCore_Mul,N/A,N/A,1790932531501292.246	,36.221,0.129000,0
7,aclnnMatmul_MatMulV3Common_MatMulV3,N/A,N/A,1790932531501328.487	,3468.069,0.029000,0
7,aclnnSilu_SliceAiCore_Slice,N/A,N/A,1790932531504796.576	,325.067,0.000000,0
7,aclnnSilu_SiluAiCore_Swish,N/A,N/A,1790932531505121.663	,324.266,0.183000,0
7,aclnnMul_SliceAiCore_Slice,N/A,N/A,1790932531505445.949	,306.766,0.000000,0
7,aclnnMul_MulAiCore_Mul,N/A,N/A,1790932531505752.755	,498.810,0.000000,0
7,aclnnMatmul_MatMulV3Common_MatMulV3,N/A,N/A,1790932531506251.585	,1756.855,0.000000,0
7,aclnnAdd_AddAiCore_Add,N/A,N/A,1790932531508008.480	,87.762,0.145000,0
7,aclnnInplaceCopy_CastAiCore_Cast,N/A,N/A,1790932531508096.262	,35.141,0.000000,0
7,aclnnPowTensorScalar_PowsAiCore_Pows,N/A,N/A,1790932531508131.443	,51.481,0.109000,0
7,aclnnMean_ReduceMeanAiCore_ReduceMean,N/A,N/A,1790932531508184.004	,72.501,1.019000,0
7,aclnnAdds_AddAiCore_Add,N/A,N/A,1790932531508257.485	,2.440,0.999000,0
7,aclnnRsqrt_RsqrtAiCore_Rsqrt,N/A,N/A,1790932531508259.945	,2.980,0.060000,0
7,aclnnMul_MulAiCore_Mul,N/A,N/A,1790932531508262.945	,70.922,0.020000,0
7,aclnnInplaceCopy_CastAiCore_Cast,N/A,N/A,1790932531508333.887	,41.041,0.078000,0
7,aclnnMul_MulAiCore_Mul,N/A,N/A,1790932531508374.948	,41.180,0.000000,0
7,aclnnMatmul_MatMulV3Common_MatMulV3,N/A,N/A,1790932531508416.148	,1077.162,0.070000,0
7,aclnnInplaceCopy_SliceAiCore_Slice,N/A,N/A,1790932531509493.330	,96.742,0.000000,0
7,aclnnInplaceCopy_CastAiCore_Cast,N/A,N/A,1790932531509590.092	,83.662,0.008000,0
7,aclnnPowTensorScalar_PowsAiCore_Pows,N/A,N/A,1790932531509673.774	,136.962,0.088000,0
7,aclnnMean_ReduceMeanAiCore_ReduceMean,N/A,N/A,1790932531509811.976	,90.822,1.288000,0
7,aclnnAdds_AddAiCore_Add,N/A,N/A,1790932531509903.798	,7.300,0.928000,0
7,aclnnRsqrt_RsqrtAiCore_Rsqrt,N/A,N/A,1790932531509911.118	,8.620,0.000000,0
7,aclnnMul_MulAiCore_Mul,N/A,N/A,1790932531509919.758	,111.883,0.130000,0
7,aclnnInplaceCopy_CastAiCore_Cast,N/A,N/A,1790932531510031.661	,60.961,0.117000,0
7,aclnnMul_MulAiCore_Mul,N/A,N/A,1790932531510092.642	,60.161,0.039000,0
7,aclnnInplaceCopy_SliceAiCore_Slice,N/A,N/A,1790932531510152.823	,55.141,0.000000,0
7,aclnnInplaceCopy_CastAiCore_Cast,N/A,N/A,1790932531510207.984	,32.141,0.109000,0
7,aclnnPowTensorScalar_PowsAiCore_Pows,N/A,N/A,1790932531510240.145	,38.681,0.109000,0
7,aclnnMean_ReduceMeanAiCore_ReduceMean,N/A,N/A,1790932531510280.166	,29.660,1.319000,0
7,aclnnAdds_AddAiCore_Add,N/A,N/A,1790932531510310.546	,6.560,0.590000,0
7,aclnnRsqrt_RsqrtAiCore_Rsqrt,N/A,N/A,1790932531510317.126	,8.041,0.190000,0
7,aclnnMul_MulAiCore_Mul,N/A,N/A,1790932531510325.207	,37.280,0.000000,0
7,aclnnInplaceCopy_CastAiCore_Cast,N/A,N/A,1790932531510362.507	,17.121,0.000000,0
7,aclnnMul_MulAiCore_Mul,N/A,N/A,1790932531510379.648	,21.800,0.129000,0
7,aclnnMul_TransposeAiCore_Transpose,N/A,N/A,1790932531510401.468	,187.664,0.000000,0
7,aclnnMul_MulAiCore_Mul,N/A,N/A,1790932531510589.172	,62.761,0.086000,0
7,aclnnNeg_AsStridedAiCore_AsStrided,N/A,N/A,1790932531510651.953	,105.842,0.000000,0
7,aclnnNeg_NegAiCore_Neg,N/A,N/A,1790932531510757.835	,30.261,0.000000,0
7,aclnnCat_AsStridedAiCore_AsStrided,N/A,N/A,1790932531510788.116	,57.041,0.000000,0
7,aclnnCat_ConcatD_ConcatD,N/A,N/A,1790932531510845.177	,41.941,0.209000,0
7,aclnnMul_MulAiCore_Mul,N/A,N/A,1790932531510887.138	,52.601,0.059000,0
7,aclnnAdd_AddAiCore_Add,N/A,N/A,1790932531510939.759	,161.823,0.000000,0
7,aclnnMul_TransposeAiCore_Transpose,N/A,N/A,1790932531511101.602	,54.461,0.000000,0
7,aclnnMul_MulAiCore_Mul,N/A,N/A,1790932531511156.083	,17.021,0.039000,0
7,aclnnNeg_AsStridedAiCore_AsStrided,N/A,N/A,1790932531511173.144	,18.780,0.229000,0
7,aclnnNeg_NegAiCore_Neg,N/A,N/A,1790932531511191.944	,9.380,0.000000,0
7,aclnnCat_AsStridedAiCore_AsStrided,N/A,N/A,1790932531511201.364	,17.340,0.000000,0
7,aclnnCat_ConcatD_ConcatD,N/A,N/A,1790932531511218.724	,15.461,0.160000,0
7,aclnnMul_MulAiCore_Mul,N/A,N/A,1790932531511234.205	,17.360,0.039000,0
7,aclnnAdd_AddAiCore_Add,N/A,N/A,1790932531511251.585	,15.220,0.000000,0
7,aclnnInplaceCopy_AsStridedAiCore_AsStrided,N/A,N/A,1790932531511266.825	,40.401,0.030000,0
7,InnerPromptFlashAttention_PromptFlashAttention_PromptFlashAttention,N/A,N/A,1790932531511308.386	,1936.739,1.349000,0
7,aclnnInplaceCopy_TransposeAiCore_Transpose,N/A,N/A,1790932531513245.845	,163.283,0.511000,0
7,aclnnMatmul_MatMulV3Common_MatMulV3,N/A,N/A,1790932531513409.148	,707.714,0.217000,0
7,aclnnAdd_AddAiCore_Add,N/A,N/A,1790932531514116.902	,103.742,0.036000,0
7,aclnnInplaceCopy_CastAiCore_Cast,N/A,N/A,1790932531514220.664	,52.601,0.008000,0
7,aclnnPowTensorScalar_PowsAiCore_Pows,N/A,N/A,1790932531514273.305	,54.782,0.000000,0
7,aclnnMean_ReduceMeanAiCore_ReduceMean,N/A,N/A,1790932531514329.547	,72.041,1.468000,0
7,aclnnAdds_AddAiCore_Add,N/A,N/A,1790932531514402.528	,2.700,0.959000,0
7,aclnnRsqrt_RsqrtAiCore_Rsqrt,N/A,N/A,1790932531514405.248	,2.820,0.050000,0
7,aclnnMul_MulAiCore_Mul,N/A,N/A,1790932531514408.088	,72.282,0.000000,0
7,aclnnInplaceCopy_CastAiCore_Cast,N/A,N/A,1790932531514480.390	,41.700,0.218000,0
7,aclnnMul_MulAiCore_Mul,N/A,N/A,1790932531514522.110	,41.821,0.000000,0
7,aclnnMatmul_MatMulV3Common_MatMulV3,N/A,N/A,1790932531514563.951	,3479.490,0.179000,0
7,aclnnSilu_SliceAiCore_Slice,N/A,N/A,1790932531518043.461	,329.046,0.010000,0
7,aclnnSilu_SiluAiCore_Swish,N/A,N/A,1790932531518372.527	,323.227,0.000000,0
7,aclnnMul_SliceAiCore_Slice,N/A,N/A,1790932531518695.774	,307.186,0.023000,0
7,aclnnMul_MulAiCore_Mul,N/A,N/A,1790932531519002.980	,510.250,0.064000,0
7,aclnnMatmul_MatMulV3Common_MatMulV3,N/A,N/A,1790932531519513.250	,1736.715,0.000000,0
7,aclnnAdd_AddAiCore_Add,N/A,N/A,1790932531521250.005	,90.482,0.035000,0
7,aclnnInplaceCopy_CastAiCore_Cast,N/A,N/A,1790932531521340.507	,35.300,0.018000,0
7,aclnnPowTensorScalar_PowsAiCore_Pows,N/A,N/A,1790932531521375.847	,51.141,0.000000,0
7,aclnnMean_ReduceMeanAiCore_ReduceMean,N/A,N/A,1790932531521428.408	,72.282,1.609000,0
7,aclnnAdds_AddAiCore_Add,N/A,N/A,1790932531521501.390	,2.500,0.718000,0
7,aclnnRsqrt_RsqrtAiCore_Rsqrt,N/A,N/A,1790932531521503.910	,2.740,0.000000,0
7,aclnnMul_MulAiCore_Mul,N/A,N/A,1790932531521506.690	,72.701,0.010000,0
7,aclnnInplaceCopy_CastAiCore_Cast,N/A,N/A,1790932531521579.411	,41.341,0.049000,0
7,aclnnMul_MulAiCore_Mul,N/A,N/A,1790932531521620.772	,41.301,0.000000,0
7,aclnnMatmul_MatMulV3Common_MatMulV3,N/A,N/A,1790932531521662.093	,1070.161,0.000000,0
7,aclnnInplaceCopy_SliceAiCore_Slice,N/A,N/A,1790932531522732.294	,94.622,0.089000,0
7,aclnnInplaceCopy_CastAiCore_Cast,N/A,N/A,1790932531522826.936	,84.622,0.128000,0
7,aclnnPowTensorScalar_PowsAiCore_Pows,N/A,N/A,1790932531522911.578	,131.163,0.000000,0
7,aclnnMean_ReduceMeanAiCore_ReduceMean,N/A,N/A,1790932531523043.781	,88.261,1.087000,0
7,aclnnAdds_AddAiCore_Add,N/A,N/A,1790932531523133.122	,7.901,0.989000,0
7,aclnnRsqrt_RsqrtAiCore_Rsqrt,N/A,N/A,1790932531523141.043	,8.740,0.099000,0
7,aclnnMul_MulAiCore_Mul,N/A,N/A,1790932531523149.803	,111.622,0.010000,0
7,aclnnInplaceCopy_CastAiCore_Cast,N/A,N/A,1790932531523261.465	,60.721,0.128000,0
7,aclnnMul_MulAiCore_Mul,N/A,N/A,1790932531523322.206	,59.481,0.029000,0
7,aclnnInplaceCopy_SliceAiCore_Slice,N/A,N/A,1790932531523381.707	,55.482,0.019000,0
7,aclnnInplaceCopy_CastAiCore_Cast,N/A,N/A,1790932531523437.209	,32.620,0.018000,0
7,aclnnPowTensorScalar_PowsAiCore_Pows,N/A,N/A,1790932531523469.849	,37.741,0.000000,0
7,aclnnMean_ReduceMeanAiCore_ReduceMean,N/A,N/A,1790932531523508.750	,29.881,1.259000,0
7,aclnnAdds_AddAiCore_Add,N/A,N/A,1790932531523539.731	,6.540,1.119000,0
7,aclnnRsqrt_RsqrtAiCore_Rsqrt,N/A,N/A,1790932531523546.291	,8.020,0.000000,0
7,aclnnMul_MulAiCore_Mul,N/A,N/A,1790932531523554.331	,37.241,0.000000,0
7,aclnnInplaceCopy_CastAiCore_Cast,N/A,N/A,1790932531523591.612	,16.920,0.009000,0
7,aclnnMul_MulAiCore_Mul,N/A,N/A,1790932531523608.552	,21.780,0.080000,0
7,aclnnMul_TransposeAiCore_Transpose,N/A,N/A,1790932531523630.352	,189.044,0.000000,0
7,aclnnMul_MulAiCore_Mul,N/A,N/A,1790932531523819.436	,62.301,0.206000,0
7,aclnnNeg_AsStridedAiCore_AsStrided,N/A,N/A,1790932531523881.757	,103.643,0.000000,0
7,aclnnNeg_NegAiCore_Neg,N/A,N/A,1790932531523985.420	,29.940,0.107000,0
7,aclnnCat_AsStridedAiCore_AsStrided,N/A,N/A,1790932531524015.400	,55.961,0.060000,0
7,aclnnCat_ConcatD_ConcatD,N/A,N/A,1790932531524071.381	,41.101,0.039000,0
7,aclnnMul_MulAiCore_Mul,N/A,N/A,1790932531524112.502	,53.521,0.000000,0
7,aclnnAdd_AddAiCore_Add,N/A,N/A,1790932531524166.043	,162.623,0.000000,0
7,aclnnMul_TransposeAiCore_Transpose,N/A,N/A,1790932531524328.706	,53.421,0.127000,0
7,aclnnMul_MulAiCore_Mul,N/A,N/A,1790932531524382.167	,16.941,0.079000,0
7,aclnnNeg_AsStridedAiCore_AsStrided,N/A,N/A,1790932531524399.128	,18.820,0.059000,0
7,aclnnNeg_NegAiCore_Neg,N/A,N/A,1790932531524417.968	,9.200,0.000000,0
7,aclnnCat_AsStridedAiCore_AsStrided,N/A,N/A,1790932531524427.208	,17.841,0.050000,0
7,aclnnCat_ConcatD_ConcatD,N/A,N/A,1790932531524445.069	,15.780,0.000000,0
7,aclnnMul_MulAiCore_Mul,N/A,N/A,1790932531524460.869	,17.240,0.000000,0
7,aclnnAdd_AddAiCore_Add,N/A,N/A,1790932531524478.129	,15.921,0.260000,0
7,aclnnInplaceCopy_AsStridedAiCore_AsStrided,N/A,N/A,1790932531524494.070	,39.300,0.000000,0
7,InnerPromptFlashAttention_PromptFlashAttention_PromptFlashAttention,N/A,N/A,1790932531524534.830	,1911.739,1.450000,0
7,aclnnInplaceCopy_TransposeAiCore_Transpose,N/A,N/A,1790932531526447.309	,160.003,0.761000,0
7,aclnnMatmul_MatMulV3Common_MatMulV3,N/A,N/A,1790932531526607.352	,711.234,0.000000,0
7,aclnnAdd_AddAiCore_Add,N/A,N/A,1790932531527318.606	,102.722,0.016000,0
7,aclnnInplaceCopy_CastAiCore_Cast,N/A,N/A,1790932531527421.348	,52.801,0.028000,0
7,aclnnPowTensorScalar_PowsAiCore_Pows,N/A,N/A,1790932531527474.169	,55.521,0.199000,0
7,aclnnMean_ReduceMeanAiCore_ReduceMean,N/A,N/A,1790932531527530.650	,72.202,0.979000,0
7,aclnnAdds_AddAiCore_Add,N/A,N/A,1790932531527603.652	,2.740,0.798000,0
7,aclnnRsqrt_RsqrtAiCore_Rsqrt,N/A,N/A,1790932531527606.412	,3.020,0.010000,0
7,aclnnMul_MulAiCore_Mul,N/A,N/A,1790932531527609.452	,73.061,0.000000,0
7,aclnnInplaceCopy_CastAiCore_Cast,N/A,N/A,1790932531527682.533	,41.941,0.000000,0
7,aclnnMul_MulAiCore_Mul,N/A,N/A,1790932531527724.494	,36.201,0.059000,0
7,aclnnMatmul_MatMulV3Common_MatMulV3,N/A,N/A,1790932531527760.715	,3466.989,0.049000,0
7,aclnnSilu_SliceAiCore_Slice,N/A,N/A,1790932531531227.744	,326.087,0.011000,0
7,aclnnSilu_SiluAiCore_Swish,N/A,N/A,1790932531531553.851	,322.146,0.000000,0
7,aclnnMul_SliceAiCore_Slice,N/A,N/A,1790932531531876.017	,307.566,0.104000,0
7,aclnnMul_MulAiCore_Mul,N/A,N/A,1790932531532183.623	,497.110,0.000000,0
7,aclnnMatmul_MatMulV3Common_MatMulV3,N/A,N/A,1790932531532680.753	,1747.795,0.140000,0
7,aclnnAdd_AddAiCore_Add,N/A,N/A,1790932531534428.568	,87.022,0.000000,0
7,aclnnInplaceCopy_CastAiCore_Cast,N/A,N/A,1790932531534515.610	,35.641,0.000000,0
7,aclnnPowTensorScalar_PowsAiCore_Pows,N/A,N/A,1790932531534551.271	,51.661,0.109000,0
7,aclnnMean_ReduceMeanAiCore_ReduceMean,N/A,N/A,1790932531534604.012	,73.241,1.089000,0
7,aclnnAdds_AddAiCore_Add,N/A,N/A,1790932531534678.193	,2.480,1.009000,0
7,aclnnRsqrt_RsqrtAiCore_Rsqrt,N/A,N/A,1790932531534680.693	,3.080,0.020000,0
7,aclnnMul_MulAiCore_Mul,N/A,N/A,1790932531534683.813	,72.162,0.000000,0
7,aclnnInplaceCopy_CastAiCore_Cast,N/A,N/A,1790932531534755.995	,41.441,0.088000,0
7,aclnnMul_MulAiCore_Mul,N/A,N/A,1790932531534797.456	,40.780,0.059000,0
7,aclnnAddmm_MatMulV3Common_MatMulV3,N/A,N/A,1790932531534838.596	,406.388,0.220000,0
7,aclnnLinalgVectorNorm_LpNormV2_LpNormV2,N/A,N/A,1790932531535246.265	,64.641,1.362000,0
7,aclnnDiv_RealDivAiCore_RealDiv,N/A,N/A,1790932531535312.006	,106.382,1.109000,0
7,aclnnMul_CastAiCore_Cast,N/A,N/A,1790932531535418.428	,9.140,0.118000,0
7,aclnnMul_MulAiCore_Mul,N/A,N/A,1790932531535427.588	,43.161,0.000000,0
