Name,Input Shapes,Call Stack,Host Self Duration(us),Host Total Duration(us),Device Self Duration(us),Device Total Duration(us),Device Self Duration With AICore(us),Device Total Duration With AICore(us)
paddleocr_vl.compiled_decode_profile,,"/usr/local/python3.12.13/lib/python3.12/site-packages/torch/_ops.py(1209): __call__;
/usr/local/python3.12.13/lib/python3.12/site-packages/torch/autograd/profiler.py(801): __enter__;
/workspace/repos/paddle_ocr_vl_npu/09_persistent_page_engine/scripts/text_decode_lab.py(579): torch_profile;
/workspace/repos/paddle_ocr_vl_npu/09_persistent_page_engine/scripts/text_decode_lab.py(1119): main;
/usr/local/python3.12.13/lib/python3.12/site-packages/torch/utils/_contextlib.py(124): decorate_context;
/workspace/repos/paddle_ocr_vl_npu/09_persistent_page_engine/scripts/text_decode_lab.py(1167): <module>",213.33,9674.56,0,104.44,0,0
paddleocr_vl.compiled_decode_step,,"/usr/local/python3.12.13/lib/python3.12/site-packages/torch/_ops.py(1209): __call__;
/usr/local/python3.12.13/lib/python3.12/site-packages/torch/autograd/profiler.py(801): __enter__;
/workspace/repos/paddle_ocr_vl_npu/09_persistent_page_engine/scripts/text_decode_lab.py(583): torch_profile;
/workspace/repos/paddle_ocr_vl_npu/09_persistent_page_engine/scripts/text_decode_lab.py(1119): main;
/usr/local/python3.12.13/lib/python3.12/site-packages/torch/utils/_contextlib.py(124): decorate_context;
/workspace/repos/paddle_ocr_vl_npu/09_persistent_page_engine/scripts/text_decode_lab.py(1167): <module>",645.14,3778.27,0,34.98,0,0
Event::record,,"/usr/local/python3.12.13/lib/python3.12/site-packages/torch/_ops.py(1209): __call__;
/usr/local/python3.12.13/lib/python3.12/site-packages/torch/autograd/profiler.py(801): __enter__;
/usr/local/python3.12.13/lib/python3.12/site-packages/torch_npu/profiler/profiler_interface.py(46): wrapper;
/workspace/repos/paddle_ocr_vl_npu/09_persistent_page_engine/paddleocr_vl/serving/continuous_decode.py(206): _measure_enqueue;
/workspace/repos/paddle_ocr_vl_npu/09_persistent_page_engine/paddleocr_vl/serving/continuous_decode.py(420): step;
/workspace/repos/paddle_ocr_vl_npu/09_persistent_page_engine/scripts/text_decode_lab.py(586): torch_profile;
/workspace/repos/paddle_ocr_vl_npu/09_persistent_page_engine/scripts/text_decode_lab.py(1119): main;
/usr/local/python3.12.13/lib/python3.12/site-packages/torch/utils/_contextlib.py(124): decorate_context;
/workspace/repos/paddle_ocr_vl_npu/09_persistent_page_engine/scripts/text_decode_lab.py(1167): <module>",419.55,506.76,0,0.02,0,0
record_event,,"/usr/local/python3.12.13/lib/python3.12/site-packages/torch_npu/npu/streams.py(151): record;
/usr/local/python3.12.13/lib/python3.12/site-packages/torch_npu/profiler/profiler_interface.py(47): wrapper;
/workspace/repos/paddle_ocr_vl_npu/09_persistent_page_engine/paddleocr_vl/serving/continuous_decode.py(206): _measure_enqueue;
/workspace/repos/paddle_ocr_vl_npu/09_persistent_page_engine/paddleocr_vl/serving/continuous_decode.py(420): step;
/workspace/repos/paddle_ocr_vl_npu/09_persistent_page_engine/scripts/text_decode_lab.py(586): torch_profile;
/workspace/repos/paddle_ocr_vl_npu/09_persistent_page_engine/scripts/text_decode_lab.py(1119): main;
/usr/local/python3.12.13/lib/python3.12/site-packages/torch/utils/_contextlib.py(124): decorate_context;
/workspace/repos/paddle_ocr_vl_npu/09_persistent_page_engine/scripts/text_decode_lab.py(1167): <module>",87.21,87.21,0.02,0.02,0,0
cache_compiler inference,,"/usr/local/python3.12.13/lib/python3.12/site-packages/torch/_ops.py(1209): __call__;
/usr/local/python3.12.13/lib/python3.12/site-packages/torch/autograd/profiler.py(801): __enter__;
/usr/local/python3.12.13/lib/python3.12/site-packages/torch_npu/dynamo/torchair/inference/_cache_compiler.py(598): __call__;
/workspace/repos/paddle_ocr_vl_npu/09_persistent_page_engine/paddleocr_vl/serving/continuous_decode.py(405): execute;
/workspace/repos/paddle_ocr_vl_npu/09_persistent_page_engine/paddleocr_vl/serving/continuous_decode.py(207): _measure_enqueue;
/workspace/repos/paddle_ocr_vl_npu/09_persistent_page_engine/paddleocr_vl/serving/continuous_decode.py(420): step;
/workspace/repos/paddle_ocr_vl_npu/09_persistent_page_engine/scripts/text_decode_lab.py(586): torch_profile;
/workspace/repos/paddle_ocr_vl_npu/09_persistent_page_engine/scripts/text_decode_lab.py(1119): main;
/usr/local/python3.12.13/lib/python3.12/site-packages/torch/utils/_contextlib.py(124): decorate_context;
/workspace/repos/paddle_ocr_vl_npu/09_persistent_page_engine/scripts/text_decode_lab.py(1167): <module>",439.68,1229.72,0,0,0,0
TorchNpuGraphBase::Run,,"/usr/local/python3.12.13/lib/python3.12/site-packages/torch_npu/dynamo/torchair/core/_backend.py(140): run;
/usr/local/python3.12.13/lib/python3.12/site-packages/torch_npu/dynamo/torchair/_utils/error_code.py(43): wapper;
/usr/local/python3.12.13/lib/python3.12/site-packages/torch_npu/dynamo/torchair/ge/_ge_graph.py(803): run;
<string>(231): kernel;
/usr/local/python3.12.13/lib/python3.12/site-packages/torch_npu/dynamo/torchair/inference/_cache_compiler.py(299): compiled_fn;
/workspace/repos/paddle_ocr_vl_npu/09_persistent_page_engine/paddleocr_vl/model/text_decode.py(841): forward;
/usr/local/python3.12.13/lib/python3.12/site-packages/torch_npu/dynamo/torchair/inference/_cache_compiler.py(318): compiled_method;
/usr/local/python3.12.13/lib/python3.12/site-packages/torch_npu/dynamo/torchair/inference/_cache_compiler.py(599): __call__;
/workspace/repos/paddle_ocr_vl_npu/09_persistent_page_engine/paddleocr_vl/serving/continuous_decode.py(405): execute;
/workspace/repos/paddle_ocr_vl_npu/09_persistent_page_engine/paddleocr_vl/serving/continuous_decode.py(207): _measure_enqueue;
/workspace/repos/paddle_ocr_vl_npu/09_persistent_page_engine/paddleocr_vl/serving/continuous_decode.py(420): step;
/workspace/repos/paddle_ocr_vl_npu/09_persistent_page_engine/scripts/text_decode_lab.py(586): torch_profile;
/workspace/repos/paddle_ocr_vl_npu/09_persistent_page_engine/scripts/text_decode_lab.py(1119): main;
/usr/local/python3.12.13/lib/python3.12/site-packages/torch/utils/_contextlib.py(124): decorate_context;
/workspace/repos/paddle_ocr_vl_npu/09_persistent_page_engine/scripts/text_decode_lab.py(1167): <module>",111.79,790.04,0,0,0,0
AssembleInputs,,"/usr/local/python3.12.13/lib/python3.12/site-packages/torch_npu/dynamo/torchair/core/_backend.py(140): run;
/usr/local/python3.12.13/lib/python3.12/site-packages/torch_npu/dynamo/torchair/_utils/error_code.py(43): wapper;
/usr/local/python3.12.13/lib/python3.12/site-packages/torch_npu/dynamo/torchair/ge/_ge_graph.py(803): run;
<string>(231): kernel;
/usr/local/python3.12.13/lib/python3.12/site-packages/torch_npu/dynamo/torchair/inference/_cache_compiler.py(299): compiled_fn;
/workspace/repos/paddle_ocr_vl_npu/09_persistent_page_engine/paddleocr_vl/model/text_decode.py(841): forward;
/usr/local/python3.12.13/lib/python3.12/site-packages/torch_npu/dynamo/torchair/inference/_cache_compiler.py(318): compiled_method;
/usr/local/python3.12.13/lib/python3.12/site-packages/torch_npu/dynamo/torchair/inference/_cache_compiler.py(599): __call__;
/workspace/repos/paddle_ocr_vl_npu/09_persistent_page_engine/paddleocr_vl/serving/continuous_decode.py(405): execute;
/workspace/repos/paddle_ocr_vl_npu/09_persistent_page_engine/paddleocr_vl/serving/continuous_decode.py(207): _measure_enqueue;
/workspace/repos/paddle_ocr_vl_npu/09_persistent_page_engine/paddleocr_vl/serving/continuous_decode.py(420): step;
/workspace/repos/paddle_ocr_vl_npu/09_persistent_page_engine/scripts/text_decode_lab.py(586): torch_profile;
/workspace/repos/paddle_ocr_vl_npu/09_persistent_page_engine/scripts/text_decode_lab.py(1119): main;
/usr/local/python3.12.13/lib/python3.12/site-packages/torch/utils/_contextlib.py(124): decorate_context;
/workspace/repos/paddle_ocr_vl_npu/09_persistent_page_engine/scripts/text_decode_lab.py(1167): <module>",100.68,100.68,0,0,0,0
AssembleOutputs,,"/usr/local/python3.12.13/lib/python3.12/site-packages/torch_npu/dynamo/torchair/core/_backend.py(140): run;
/usr/local/python3.12.13/lib/python3.12/site-packages/torch_npu/dynamo/torchair/_utils/error_code.py(43): wapper;
/usr/local/python3.12.13/lib/python3.12/site-packages/torch_npu/dynamo/torchair/ge/_ge_graph.py(803): run;
<string>(231): kernel;
/usr/local/python3.12.13/lib/python3.12/site-packages/torch_npu/dynamo/torchair/inference/_cache_compiler.py(299): compiled_fn;
/workspace/repos/paddle_ocr_vl_npu/09_persistent_page_engine/paddleocr_vl/model/text_decode.py(841): forward;
/usr/local/python3.12.13/lib/python3.12/site-packages/torch_npu/dynamo/torchair/inference/_cache_compiler.py(318): compiled_method;
/usr/local/python3.12.13/lib/python3.12/site-packages/torch_npu/dynamo/torchair/inference/_cache_compiler.py(599): __call__;
/workspace/repos/paddle_ocr_vl_npu/09_persistent_page_engine/paddleocr_vl/serving/continuous_decode.py(405): execute;
/workspace/repos/paddle_ocr_vl_npu/09_persistent_page_engine/paddleocr_vl/serving/continuous_decode.py(207): _measure_enqueue;
/workspace/repos/paddle_ocr_vl_npu/09_persistent_page_engine/paddleocr_vl/serving/continuous_decode.py(420): step;
/workspace/repos/paddle_ocr_vl_npu/09_persistent_page_engine/scripts/text_decode_lab.py(586): torch_profile;
/workspace/repos/paddle_ocr_vl_npu/09_persistent_page_engine/scripts/text_decode_lab.py(1119): main;
/usr/local/python3.12.13/lib/python3.12/site-packages/torch/utils/_contextlib.py(124): decorate_context;
/workspace/repos/paddle_ocr_vl_npu/09_persistent_page_engine/scripts/text_decode_lab.py(1167): <module>",76.95,76.95,0,0,0,0
ExecuteGraph,,"/usr/local/python3.12.13/lib/python3.12/site-packages/torch_npu/dynamo/torchair/core/_backend.py(140): run;
/usr/local/python3.12.13/lib/python3.12/site-packages/torch_npu/dynamo/torchair/_utils/error_code.py(43): wapper;
/usr/local/python3.12.13/lib/python3.12/site-packages/torch_npu/dynamo/torchair/ge/_ge_graph.py(803): run;
<string>(231): kernel;
/usr/local/python3.12.13/lib/python3.12/site-packages/torch_npu/dynamo/torchair/inference/_cache_compiler.py(299): compiled_fn;
/workspace/repos/paddle_ocr_vl_npu/09_persistent_page_engine/paddleocr_vl/model/text_decode.py(841): forward;
/usr/local/python3.12.13/lib/python3.12/site-packages/torch_npu/dynamo/torchair/inference/_cache_compiler.py(318): compiled_method;
/usr/local/python3.12.13/lib/python3.12/site-packages/torch_npu/dynamo/torchair/inference/_cache_compiler.py(599): __call__;
/workspace/repos/paddle_ocr_vl_npu/09_persistent_page_engine/paddleocr_vl/serving/continuous_decode.py(405): execute;
/workspace/repos/paddle_ocr_vl_npu/09_persistent_page_engine/paddleocr_vl/serving/continuous_decode.py(207): _measure_enqueue;
/workspace/repos/paddle_ocr_vl_npu/09_persistent_page_engine/paddleocr_vl/serving/continuous_decode.py(420): step;
/workspace/repos/paddle_ocr_vl_npu/09_persistent_page_engine/scripts/text_decode_lab.py(586): torch_profile;
/workspace/repos/paddle_ocr_vl_npu/09_persistent_page_engine/scripts/text_decode_lab.py(1119): main;
/usr/local/python3.12.13/lib/python3.12/site-packages/torch/utils/_contextlib.py(124): decorate_context;
/workspace/repos/paddle_ocr_vl_npu/09_persistent_page_engine/scripts/text_decode_lab.py(1167): <module>",192.52,192.52,0,0,0,0
RefreshAtTensorFromGeTensor,,"/usr/local/python3.12.13/lib/python3.12/site-packages/torch_npu/dynamo/torchair/core/_backend.py(140): run;
/usr/local/python3.12.13/lib/python3.12/site-packages/torch_npu/dynamo/torchair/_utils/error_code.py(43): wapper;
/usr/local/python3.12.13/lib/python3.12/site-packages/torch_npu/dynamo/torchair/ge/_ge_graph.py(803): run;
<string>(231): kernel;
/usr/local/python3.12.13/lib/python3.12/site-packages/torch_npu/dynamo/torchair/inference/_cache_compiler.py(299): compiled_fn;
/workspace/repos/paddle_ocr_vl_npu/09_persistent_page_engine/paddleocr_vl/model/text_decode.py(841): forward;
/usr/local/python3.12.13/lib/python3.12/site-packages/torch_npu/dynamo/torchair/inference/_cache_compiler.py(318): compiled_method;
/usr/local/python3.12.13/lib/python3.12/site-packages/torch_npu/dynamo/torchair/inference/_cache_compiler.py(599): __call__;
/workspace/repos/paddle_ocr_vl_npu/09_persistent_page_engine/paddleocr_vl/serving/continuous_decode.py(405): execute;
/workspace/repos/paddle_ocr_vl_npu/09_persistent_page_engine/paddleocr_vl/serving/continuous_decode.py(207): _measure_enqueue;
/workspace/repos/paddle_ocr_vl_npu/09_persistent_page_engine/paddleocr_vl/serving/continuous_decode.py(420): step;
/workspace/repos/paddle_ocr_vl_npu/09_persistent_page_engine/scripts/text_decode_lab.py(586): torch_profile;
/workspace/repos/paddle_ocr_vl_npu/09_persistent_page_engine/scripts/text_decode_lab.py(1119): main;
/usr/local/python3.12.13/lib/python3.12/site-packages/torch/utils/_contextlib.py(124): decorate_context;
/workspace/repos/paddle_ocr_vl_npu/09_persistent_page_engine/scripts/text_decode_lab.py(1167): <module>",86.6,308.1,0,0,0,0
aten::empty,";
;
;
;
;
","/usr/local/python3.12.13/lib/python3.12/site-packages/torch_npu/dynamo/torchair/core/_backend.py(140): run;
/usr/local/python3.12.13/lib/python3.12/site-packages/torch_npu/dynamo/torchair/_utils/error_code.py(43): wapper;
/usr/local/python3.12.13/lib/python3.12/site-packages/torch_npu/dynamo/torchair/ge/_ge_graph.py(803): run;
<string>(231): kernel;
/usr/local/python3.12.13/lib/python3.12/site-packages/torch_npu/dynamo/torchair/inference/_cache_compiler.py(299): compiled_fn;
/workspace/repos/paddle_ocr_vl_npu/09_persistent_page_engine/paddleocr_vl/model/text_decode.py(841): forward;
/usr/local/python3.12.13/lib/python3.12/site-packages/torch_npu/dynamo/torchair/inference/_cache_compiler.py(318): compiled_method;
/usr/local/python3.12.13/lib/python3.12/site-packages/torch_npu/dynamo/torchair/inference/_cache_compiler.py(599): __call__;
/workspace/repos/paddle_ocr_vl_npu/09_persistent_page_engine/paddleocr_vl/serving/continuous_decode.py(405): execute;
/workspace/repos/paddle_ocr_vl_npu/09_persistent_page_engine/paddleocr_vl/serving/continuous_decode.py(207): _measure_enqueue;
/workspace/repos/paddle_ocr_vl_npu/09_persistent_page_engine/paddleocr_vl/serving/continuous_decode.py(420): step;
/workspace/repos/paddle_ocr_vl_npu/09_persistent_page_engine/scripts/text_decode_lab.py(586): torch_profile;
/workspace/repos/paddle_ocr_vl_npu/09_persistent_page_engine/scripts/text_decode_lab.py(1119): main;
/usr/local/python3.12.13/lib/python3.12/site-packages/torch/utils/_contextlib.py(124): decorate_context;
/workspace/repos/paddle_ocr_vl_npu/09_persistent_page_engine/scripts/text_decode_lab.py(1167): <module>",68.79,135.01,0,0,0,0
empty_tensor,,"/usr/local/python3.12.13/lib/python3.12/site-packages/torch_npu/dynamo/torchair/core/_backend.py(140): run;
/usr/local/python3.12.13/lib/python3.12/site-packages/torch_npu/dynamo/torchair/_utils/error_code.py(43): wapper;
/usr/local/python3.12.13/lib/python3.12/site-packages/torch_npu/dynamo/torchair/ge/_ge_graph.py(803): run;
<string>(231): kernel;
/usr/local/python3.12.13/lib/python3.12/site-packages/torch_npu/dynamo/torchair/inference/_cache_compiler.py(299): compiled_fn;
/workspace/repos/paddle_ocr_vl_npu/09_persistent_page_engine/paddleocr_vl/model/text_decode.py(841): forward;
/usr/local/python3.12.13/lib/python3.12/site-packages/torch_npu/dynamo/torchair/inference/_cache_compiler.py(318): compiled_method;
/usr/local/python3.12.13/lib/python3.12/site-packages/torch_npu/dynamo/torchair/inference/_cache_compiler.py(599): __call__;
/workspace/repos/paddle_ocr_vl_npu/09_persistent_page_engine/paddleocr_vl/serving/continuous_decode.py(405): execute;
/workspace/repos/paddle_ocr_vl_npu/09_persistent_page_engine/paddleocr_vl/serving/continuous_decode.py(207): _measure_enqueue;
/workspace/repos/paddle_ocr_vl_npu/09_persistent_page_engine/paddleocr_vl/serving/continuous_decode.py(420): step;
/workspace/repos/paddle_ocr_vl_npu/09_persistent_page_engine/scripts/text_decode_lab.py(586): torch_profile;
/workspace/repos/paddle_ocr_vl_npu/09_persistent_page_engine/scripts/text_decode_lab.py(1119): main;
/usr/local/python3.12.13/lib/python3.12/site-packages/torch/utils/_contextlib.py(124): decorate_context;
/workspace/repos/paddle_ocr_vl_npu/09_persistent_page_engine/scripts/text_decode_lab.py(1167): <module>",66.22,66.22,0,0,0,0
aten::set_,"0;
;
;
;
","/usr/local/python3.12.13/lib/python3.12/site-packages/torch_npu/dynamo/torchair/core/_backend.py(140): run;
/usr/local/python3.12.13/lib/python3.12/site-packages/torch_npu/dynamo/torchair/_utils/error_code.py(43): wapper;
/usr/local/python3.12.13/lib/python3.12/site-packages/torch_npu/dynamo/torchair/ge/_ge_graph.py(803): run;
<string>(231): kernel;
/usr/local/python3.12.13/lib/python3.12/site-packages/torch_npu/dynamo/torchair/inference/_cache_compiler.py(299): compiled_fn;
/workspace/repos/paddle_ocr_vl_npu/09_persistent_page_engine/paddleocr_vl/model/text_decode.py(841): forward;
/usr/local/python3.12.13/lib/python3.12/site-packages/torch_npu/dynamo/torchair/inference/_cache_compiler.py(318): compiled_method;
/usr/local/python3.12.13/lib/python3.12/site-packages/torch_npu/dynamo/torchair/inference/_cache_compiler.py(599): __call__;
/workspace/repos/paddle_ocr_vl_npu/09_persistent_page_engine/paddleocr_vl/serving/continuous_decode.py(405): execute;
/workspace/repos/paddle_ocr_vl_npu/09_persistent_page_engine/paddleocr_vl/serving/continuous_decode.py(207): _measure_enqueue;
/workspace/repos/paddle_ocr_vl_npu/09_persistent_page_engine/paddleocr_vl/serving/continuous_decode.py(420): step;
/workspace/repos/paddle_ocr_vl_npu/09_persistent_page_engine/scripts/text_decode_lab.py(586): torch_profile;
/workspace/repos/paddle_ocr_vl_npu/09_persistent_page_engine/scripts/text_decode_lab.py(1119): main;
/usr/local/python3.12.13/lib/python3.12/site-packages/torch/utils/_contextlib.py(124): decorate_context;
/workspace/repos/paddle_ocr_vl_npu/09_persistent_page_engine/scripts/text_decode_lab.py(1167): <module>",86.49,86.49,0,0,0,0
aten::select,"4,1,103424;
;
","/workspace/repos/paddle_ocr_vl_npu/09_persistent_page_engine/paddleocr_vl/serving/continuous_decode.py(412): execute;
/workspace/repos/paddle_ocr_vl_npu/09_persistent_page_engine/paddleocr_vl/serving/continuous_decode.py(207): _measure_enqueue;
/workspace/repos/paddle_ocr_vl_npu/09_persistent_page_engine/paddleocr_vl/serving/continuous_decode.py(420): step;
/workspace/repos/paddle_ocr_vl_npu/09_persistent_page_engine/scripts/text_decode_lab.py(586): torch_profile;
/workspace/repos/paddle_ocr_vl_npu/09_persistent_page_engine/scripts/text_decode_lab.py(1119): main;
/usr/local/python3.12.13/lib/python3.12/site-packages/torch/utils/_contextlib.py(124): decorate_context;
/workspace/repos/paddle_ocr_vl_npu/09_persistent_page_engine/scripts/text_decode_lab.py(1167): <module>",37.05,65.72,0,0,0,0
aten::as_strided,"4,1,103424;
;
;
","/workspace/repos/paddle_ocr_vl_npu/09_persistent_page_engine/paddleocr_vl/serving/continuous_decode.py(412): execute;
/workspace/repos/paddle_ocr_vl_npu/09_persistent_page_engine/paddleocr_vl/serving/continuous_decode.py(207): _measure_enqueue;
/workspace/repos/paddle_ocr_vl_npu/09_persistent_page_engine/paddleocr_vl/serving/continuous_decode.py(420): step;
/workspace/repos/paddle_ocr_vl_npu/09_persistent_page_engine/scripts/text_decode_lab.py(586): torch_profile;
/workspace/repos/paddle_ocr_vl_npu/09_persistent_page_engine/scripts/text_decode_lab.py(1119): main;
/usr/local/python3.12.13/lib/python3.12/site-packages/torch/utils/_contextlib.py(124): decorate_context;
/workspace/repos/paddle_ocr_vl_npu/09_persistent_page_engine/scripts/text_decode_lab.py(1167): <module>",28.67,28.67,0,0,0,0
aten::to,"4,103424;
;
;
;
","/workspace/repos/paddle_ocr_vl_npu/09_persistent_page_engine/paddleocr_vl/serving/continuous_decode.py(412): execute;
/workspace/repos/paddle_ocr_vl_npu/09_persistent_page_engine/paddleocr_vl/serving/continuous_decode.py(207): _measure_enqueue;
/workspace/repos/paddle_ocr_vl_npu/09_persistent_page_engine/paddleocr_vl/serving/continuous_decode.py(420): step;
/workspace/repos/paddle_ocr_vl_npu/09_persistent_page_engine/scripts/text_decode_lab.py(586): torch_profile;
/workspace/repos/paddle_ocr_vl_npu/09_persistent_page_engine/scripts/text_decode_lab.py(1119): main;
/usr/local/python3.12.13/lib/python3.12/site-packages/torch/utils/_contextlib.py(124): decorate_context;
/workspace/repos/paddle_ocr_vl_npu/09_persistent_page_engine/scripts/text_decode_lab.py(1167): <module>",24.7,218.58,0,8.26,0,0
aten::_to_copy,"4,103424;
;
;
;
;
;
","/workspace/repos/paddle_ocr_vl_npu/09_persistent_page_engine/paddleocr_vl/serving/continuous_decode.py(412): execute;
/workspace/repos/paddle_ocr_vl_npu/09_persistent_page_engine/paddleocr_vl/serving/continuous_decode.py(207): _measure_enqueue;
/workspace/repos/paddle_ocr_vl_npu/09_persistent_page_engine/paddleocr_vl/serving/continuous_decode.py(420): step;
/workspace/repos/paddle_ocr_vl_npu/09_persistent_page_engine/scripts/text_decode_lab.py(586): torch_profile;
/workspace/repos/paddle_ocr_vl_npu/09_persistent_page_engine/scripts/text_decode_lab.py(1119): main;
/usr/local/python3.12.13/lib/python3.12/site-packages/torch/utils/_contextlib.py(124): decorate_context;
/workspace/repos/paddle_ocr_vl_npu/09_persistent_page_engine/scripts/text_decode_lab.py(1167): <module>",29.37,193.88,0,8.26,0,0
aten::empty,";
;
;
;
;
","/workspace/repos/paddle_ocr_vl_npu/09_persistent_page_engine/paddleocr_vl/serving/continuous_decode.py(412): execute;
/workspace/repos/paddle_ocr_vl_npu/09_persistent_page_engine/paddleocr_vl/serving/continuous_decode.py(207): _measure_enqueue;
/workspace/repos/paddle_ocr_vl_npu/09_persistent_page_engine/paddleocr_vl/serving/continuous_decode.py(420): step;
/workspace/repos/paddle_ocr_vl_npu/09_persistent_page_engine/scripts/text_decode_lab.py(586): torch_profile;
/workspace/repos/paddle_ocr_vl_npu/09_persistent_page_engine/scripts/text_decode_lab.py(1119): main;
/usr/local/python3.12.13/lib/python3.12/site-packages/torch/utils/_contextlib.py(124): decorate_context;
/workspace/repos/paddle_ocr_vl_npu/09_persistent_page_engine/scripts/text_decode_lab.py(1167): <module>",20.19,52.97,0,0,0,0
empty_tensor,,"/workspace/repos/paddle_ocr_vl_npu/09_persistent_page_engine/paddleocr_vl/serving/continuous_decode.py(412): execute;
/workspace/repos/paddle_ocr_vl_npu/09_persistent_page_engine/paddleocr_vl/serving/continuous_decode.py(207): _measure_enqueue;
/workspace/repos/paddle_ocr_vl_npu/09_persistent_page_engine/paddleocr_vl/serving/continuous_decode.py(420): step;
/workspace/repos/paddle_ocr_vl_npu/09_persistent_page_engine/scripts/text_decode_lab.py(586): torch_profile;
/workspace/repos/paddle_ocr_vl_npu/09_persistent_page_engine/scripts/text_decode_lab.py(1119): main;
/usr/local/python3.12.13/lib/python3.12/site-packages/torch/utils/_contextlib.py(124): decorate_context;
/workspace/repos/paddle_ocr_vl_npu/09_persistent_page_engine/scripts/text_decode_lab.py(1167): <module>",32.78,32.78,0,0,0,0
aten::copy_,"4,103424;
4,103424;
","/workspace/repos/paddle_ocr_vl_npu/09_persistent_page_engine/paddleocr_vl/serving/continuous_decode.py(412): execute;
/workspace/repos/paddle_ocr_vl_npu/09_persistent_page_engine/paddleocr_vl/serving/continuous_decode.py(207): _measure_enqueue;
/workspace/repos/paddle_ocr_vl_npu/09_persistent_page_engine/paddleocr_vl/serving/continuous_decode.py(420): step;
/workspace/repos/paddle_ocr_vl_npu/09_persistent_page_engine/scripts/text_decode_lab.py(586): torch_profile;
/workspace/repos/paddle_ocr_vl_npu/09_persistent_page_engine/scripts/text_decode_lab.py(1119): main;
/usr/local/python3.12.13/lib/python3.12/site-packages/torch/utils/_contextlib.py(124): decorate_context;
/workspace/repos/paddle_ocr_vl_npu/09_persistent_page_engine/scripts/text_decode_lab.py(1167): <module>",80.79,111.54,0,8.26,0,0
aclnnInplaceCopy,,"/workspace/repos/paddle_ocr_vl_npu/09_persistent_page_engine/paddleocr_vl/serving/continuous_decode.py(412): execute;
/workspace/repos/paddle_ocr_vl_npu/09_persistent_page_engine/paddleocr_vl/serving/continuous_decode.py(207): _measure_enqueue;
/workspace/repos/paddle_ocr_vl_npu/09_persistent_page_engine/paddleocr_vl/serving/continuous_decode.py(420): step;
/workspace/repos/paddle_ocr_vl_npu/09_persistent_page_engine/scripts/text_decode_lab.py(586): torch_profile;
/workspace/repos/paddle_ocr_vl_npu/09_persistent_page_engine/scripts/text_decode_lab.py(1119): main;
/usr/local/python3.12.13/lib/python3.12/site-packages/torch/utils/_contextlib.py(124): decorate_context;
/workspace/repos/paddle_ocr_vl_npu/09_persistent_page_engine/scripts/text_decode_lab.py(1167): <module>",30.75,30.75,8.26,8.26,0,0
aten::argmax,"4,103424;
;
","/workspace/repos/paddle_ocr_vl_npu/09_persistent_page_engine/paddleocr_vl/serving/continuous_decode.py(411): execute;
/workspace/repos/paddle_ocr_vl_npu/09_persistent_page_engine/paddleocr_vl/serving/continuous_decode.py(207): _measure_enqueue;
/workspace/repos/paddle_ocr_vl_npu/09_persistent_page_engine/paddleocr_vl/serving/continuous_decode.py(420): step;
/workspace/repos/paddle_ocr_vl_npu/09_persistent_page_engine/scripts/text_decode_lab.py(586): torch_profile;
/workspace/repos/paddle_ocr_vl_npu/09_persistent_page_engine/scripts/text_decode_lab.py(1119): main;
/usr/local/python3.12.13/lib/python3.12/site-packages/torch/utils/_contextlib.py(124): decorate_context;
/workspace/repos/paddle_ocr_vl_npu/09_persistent_page_engine/scripts/text_decode_lab.py(1167): <module>",35.05,215.17,0,15.52,0,0
aten::empty,";
;
;
;
;
","/workspace/repos/paddle_ocr_vl_npu/09_persistent_page_engine/paddleocr_vl/serving/continuous_decode.py(411): execute;
/workspace/repos/paddle_ocr_vl_npu/09_persistent_page_engine/paddleocr_vl/serving/continuous_decode.py(207): _measure_enqueue;
/workspace/repos/paddle_ocr_vl_npu/09_persistent_page_engine/paddleocr_vl/serving/continuous_decode.py(420): step;
/workspace/repos/paddle_ocr_vl_npu/09_persistent_page_engine/scripts/text_decode_lab.py(586): torch_profile;
/workspace/repos/paddle_ocr_vl_npu/09_persistent_page_engine/scripts/text_decode_lab.py(1119): main;
/usr/local/python3.12.13/lib/python3.12/site-packages/torch/utils/_contextlib.py(124): decorate_context;
/workspace/repos/paddle_ocr_vl_npu/09_persistent_page_engine/scripts/text_decode_lab.py(1167): <module>",20.59,48.14,0,0,0,0
empty_tensor,,"/workspace/repos/paddle_ocr_vl_npu/09_persistent_page_engine/paddleocr_vl/serving/continuous_decode.py(411): execute;
/workspace/repos/paddle_ocr_vl_npu/09_persistent_page_engine/paddleocr_vl/serving/continuous_decode.py(207): _measure_enqueue;
/workspace/repos/paddle_ocr_vl_npu/09_persistent_page_engine/paddleocr_vl/serving/continuous_decode.py(420): step;
/workspace/repos/paddle_ocr_vl_npu/09_persistent_page_engine/scripts/text_decode_lab.py(586): torch_profile;
/workspace/repos/paddle_ocr_vl_npu/09_persistent_page_engine/scripts/text_decode_lab.py(1119): main;
/usr/local/python3.12.13/lib/python3.12/site-packages/torch/utils/_contextlib.py(124): decorate_context;
/workspace/repos/paddle_ocr_vl_npu/09_persistent_page_engine/scripts/text_decode_lab.py(1167): <module>",27.55,27.55,0,0,0,0
aten::argmax,"4,103424;
;
;
4,1","/workspace/repos/paddle_ocr_vl_npu/09_persistent_page_engine/paddleocr_vl/serving/continuous_decode.py(411): execute;
/workspace/repos/paddle_ocr_vl_npu/09_persistent_page_engine/paddleocr_vl/serving/continuous_decode.py(207): _measure_enqueue;
/workspace/repos/paddle_ocr_vl_npu/09_persistent_page_engine/paddleocr_vl/serving/continuous_decode.py(420): step;
/workspace/repos/paddle_ocr_vl_npu/09_persistent_page_engine/scripts/text_decode_lab.py(586): torch_profile;
/workspace/repos/paddle_ocr_vl_npu/09_persistent_page_engine/scripts/text_decode_lab.py(1119): main;
/usr/local/python3.12.13/lib/python3.12/site-packages/torch/utils/_contextlib.py(124): decorate_context;
/workspace/repos/paddle_ocr_vl_npu/09_persistent_page_engine/scripts/text_decode_lab.py(1167): <module>",61.56,131.98,0,15.52,0,0
aten::reshape,"4,103424;
","/workspace/repos/paddle_ocr_vl_npu/09_persistent_page_engine/paddleocr_vl/serving/continuous_decode.py(411): execute;
/workspace/repos/paddle_ocr_vl_npu/09_persistent_page_engine/paddleocr_vl/serving/continuous_decode.py(207): _measure_enqueue;
/workspace/repos/paddle_ocr_vl_npu/09_persistent_page_engine/paddleocr_vl/serving/continuous_decode.py(420): step;
/workspace/repos/paddle_ocr_vl_npu/09_persistent_page_engine/scripts/text_decode_lab.py(586): torch_profile;
/workspace/repos/paddle_ocr_vl_npu/09_persistent_page_engine/scripts/text_decode_lab.py(1119): main;
/usr/local/python3.12.13/lib/python3.12/site-packages/torch/utils/_contextlib.py(124): decorate_context;
/workspace/repos/paddle_ocr_vl_npu/09_persistent_page_engine/scripts/text_decode_lab.py(1167): <module>",20.06,43.76,0,0,0,0
aten::view,"4,103424;
","/workspace/repos/paddle_ocr_vl_npu/09_persistent_page_engine/paddleocr_vl/serving/continuous_decode.py(411): execute;
/workspace/repos/paddle_ocr_vl_npu/09_persistent_page_engine/paddleocr_vl/serving/continuous_decode.py(207): _measure_enqueue;
/workspace/repos/paddle_ocr_vl_npu/09_persistent_page_engine/paddleocr_vl/serving/continuous_decode.py(420): step;
/workspace/repos/paddle_ocr_vl_npu/09_persistent_page_engine/scripts/text_decode_lab.py(586): torch_profile;
/workspace/repos/paddle_ocr_vl_npu/09_persistent_page_engine/scripts/text_decode_lab.py(1119): main;
/usr/local/python3.12.13/lib/python3.12/site-packages/torch/utils/_contextlib.py(124): decorate_context;
/workspace/repos/paddle_ocr_vl_npu/09_persistent_page_engine/scripts/text_decode_lab.py(1167): <module>",23.7,23.7,0,0,0,0
aclnnArgMax,,"/workspace/repos/paddle_ocr_vl_npu/09_persistent_page_engine/paddleocr_vl/serving/continuous_decode.py(411): execute;
/workspace/repos/paddle_ocr_vl_npu/09_persistent_page_engine/paddleocr_vl/serving/continuous_decode.py(207): _measure_enqueue;
/workspace/repos/paddle_ocr_vl_npu/09_persistent_page_engine/paddleocr_vl/serving/continuous_decode.py(420): step;
/workspace/repos/paddle_ocr_vl_npu/09_persistent_page_engine/scripts/text_decode_lab.py(586): torch_profile;
/workspace/repos/paddle_ocr_vl_npu/09_persistent_page_engine/scripts/text_decode_lab.py(1119): main;
/usr/local/python3.12.13/lib/python3.12/site-packages/torch/utils/_contextlib.py(124): decorate_context;
/workspace/repos/paddle_ocr_vl_npu/09_persistent_page_engine/scripts/text_decode_lab.py(1167): <module>",26.66,26.66,15.52,15.52,0,0
Event::record,,"/usr/local/python3.12.13/lib/python3.12/site-packages/torch/_ops.py(1209): __call__;
/usr/local/python3.12.13/lib/python3.12/site-packages/torch/autograd/profiler.py(801): __enter__;
/usr/local/python3.12.13/lib/python3.12/site-packages/torch_npu/profiler/profiler_interface.py(46): wrapper;
/workspace/repos/paddle_ocr_vl_npu/09_persistent_page_engine/paddleocr_vl/serving/continuous_decode.py(209): _measure_enqueue;
/workspace/repos/paddle_ocr_vl_npu/09_persistent_page_engine/paddleocr_vl/serving/continuous_decode.py(420): step;
/workspace/repos/paddle_ocr_vl_npu/09_persistent_page_engine/scripts/text_decode_lab.py(586): torch_profile;
/workspace/repos/paddle_ocr_vl_npu/09_persistent_page_engine/scripts/text_decode_lab.py(1119): main;
/usr/local/python3.12.13/lib/python3.12/site-packages/torch/utils/_contextlib.py(124): decorate_context;
/workspace/repos/paddle_ocr_vl_npu/09_persistent_page_engine/scripts/text_decode_lab.py(1167): <module>",300.87,336.55,0,0.02,0,0
record_event,,"/usr/local/python3.12.13/lib/python3.12/site-packages/torch_npu/npu/streams.py(151): record;
/usr/local/python3.12.13/lib/python3.12/site-packages/torch_npu/profiler/profiler_interface.py(47): wrapper;
/workspace/repos/paddle_ocr_vl_npu/09_persistent_page_engine/paddleocr_vl/serving/continuous_decode.py(209): _measure_enqueue;
/workspace/repos/paddle_ocr_vl_npu/09_persistent_page_engine/paddleocr_vl/serving/continuous_decode.py(420): step;
/workspace/repos/paddle_ocr_vl_npu/09_persistent_page_engine/scripts/text_decode_lab.py(586): torch_profile;
/workspace/repos/paddle_ocr_vl_npu/09_persistent_page_engine/scripts/text_decode_lab.py(1119): main;
/usr/local/python3.12.13/lib/python3.12/site-packages/torch/utils/_contextlib.py(124): decorate_context;
/workspace/repos/paddle_ocr_vl_npu/09_persistent_page_engine/scripts/text_decode_lab.py(1167): <module>",35.68,35.68,0.02,0.02,0,0
aten::view,"4;
","/workspace/repos/paddle_ocr_vl_npu/09_persistent_page_engine/paddleocr_vl/serving/continuous_decode.py(435): step;
/workspace/repos/paddle_ocr_vl_npu/09_persistent_page_engine/scripts/text_decode_lab.py(586): torch_profile;
/workspace/repos/paddle_ocr_vl_npu/09_persistent_page_engine/scripts/text_decode_lab.py(1119): main;
/usr/local/python3.12.13/lib/python3.12/site-packages/torch/utils/_contextlib.py(124): decorate_context;
/workspace/repos/paddle_ocr_vl_npu/09_persistent_page_engine/scripts/text_decode_lab.py(1167): <module>",34.73,34.73,0,0,0,0
aten::full_like,"4,1;
;
;
;
;
;
","/workspace/repos/paddle_ocr_vl_npu/09_persistent_page_engine/paddleocr_vl/serving/continuous_decode.py(437): step;
/workspace/repos/paddle_ocr_vl_npu/09_persistent_page_engine/scripts/text_decode_lab.py(586): torch_profile;
/workspace/repos/paddle_ocr_vl_npu/09_persistent_page_engine/scripts/text_decode_lab.py(1119): main;
/usr/local/python3.12.13/lib/python3.12/site-packages/torch/utils/_contextlib.py(124): decorate_context;
/workspace/repos/paddle_ocr_vl_npu/09_persistent_page_engine/scripts/text_decode_lab.py(1167): <module>",34.39,143.79,0,2.12,0,0
aten::empty_like,"4,1;
;
;
;
;
","/workspace/repos/paddle_ocr_vl_npu/09_persistent_page_engine/paddleocr_vl/serving/continuous_decode.py(437): step;
/workspace/repos/paddle_ocr_vl_npu/09_persistent_page_engine/scripts/text_decode_lab.py(586): torch_profile;
/workspace/repos/paddle_ocr_vl_npu/09_persistent_page_engine/scripts/text_decode_lab.py(1119): main;
/usr/local/python3.12.13/lib/python3.12/site-packages/torch/utils/_contextlib.py(124): decorate_context;
/workspace/repos/paddle_ocr_vl_npu/09_persistent_page_engine/scripts/text_decode_lab.py(1167): <module>",26.95,52.65,0,0,0,0
empty_tensor,,"/workspace/repos/paddle_ocr_vl_npu/09_persistent_page_engine/paddleocr_vl/serving/continuous_decode.py(437): step;
/workspace/repos/paddle_ocr_vl_npu/09_persistent_page_engine/scripts/text_decode_lab.py(586): torch_profile;
/workspace/repos/paddle_ocr_vl_npu/09_persistent_page_engine/scripts/text_decode_lab.py(1119): main;
/usr/local/python3.12.13/lib/python3.12/site-packages/torch/utils/_contextlib.py(124): decorate_context;
/workspace/repos/paddle_ocr_vl_npu/09_persistent_page_engine/scripts/text_decode_lab.py(1167): <module>",25.7,25.7,0,0,0,0
aten::fill_,"4,1;
","/workspace/repos/paddle_ocr_vl_npu/09_persistent_page_engine/paddleocr_vl/serving/continuous_decode.py(437): step;
/workspace/repos/paddle_ocr_vl_npu/09_persistent_page_engine/scripts/text_decode_lab.py(586): torch_profile;
/workspace/repos/paddle_ocr_vl_npu/09_persistent_page_engine/scripts/text_decode_lab.py(1119): main;
/usr/local/python3.12.13/lib/python3.12/site-packages/torch/utils/_contextlib.py(124): decorate_context;
/workspace/repos/paddle_ocr_vl_npu/09_persistent_page_engine/scripts/text_decode_lab.py(1167): <module>",32.49,56.75,0,2.12,0,0
aclnnInplaceFillScalar,,"/workspace/repos/paddle_ocr_vl_npu/09_persistent_page_engine/paddleocr_vl/serving/continuous_decode.py(437): step;
/workspace/repos/paddle_ocr_vl_npu/09_persistent_page_engine/scripts/text_decode_lab.py(586): torch_profile;
/workspace/repos/paddle_ocr_vl_npu/09_persistent_page_engine/scripts/text_decode_lab.py(1119): main;
/usr/local/python3.12.13/lib/python3.12/site-packages/torch/utils/_contextlib.py(124): decorate_context;
/workspace/repos/paddle_ocr_vl_npu/09_persistent_page_engine/scripts/text_decode_lab.py(1167): <module>",24.26,24.26,2.12,2.12,0,0
aten::where,"4,1;
4,1;
4,1","/workspace/repos/paddle_ocr_vl_npu/09_persistent_page_engine/paddleocr_vl/serving/continuous_decode.py(434): step;
/workspace/repos/paddle_ocr_vl_npu/09_persistent_page_engine/scripts/text_decode_lab.py(586): torch_profile;
/workspace/repos/paddle_ocr_vl_npu/09_persistent_page_engine/scripts/text_decode_lab.py(1119): main;
/usr/local/python3.12.13/lib/python3.12/site-packages/torch/utils/_contextlib.py(124): decorate_context;
/workspace/repos/paddle_ocr_vl_npu/09_persistent_page_engine/scripts/text_decode_lab.py(1167): <module>",36.06,79.72,0,2.2,0,0
empty_tensor,,"/workspace/repos/paddle_ocr_vl_npu/09_persistent_page_engine/paddleocr_vl/serving/continuous_decode.py(434): step;
/workspace/repos/paddle_ocr_vl_npu/09_persistent_page_engine/scripts/text_decode_lab.py(586): torch_profile;
/workspace/repos/paddle_ocr_vl_npu/09_persistent_page_engine/scripts/text_decode_lab.py(1119): main;
/usr/local/python3.12.13/lib/python3.12/site-packages/torch/utils/_contextlib.py(124): decorate_context;
/workspace/repos/paddle_ocr_vl_npu/09_persistent_page_engine/scripts/text_decode_lab.py(1167): <module>",20.86,20.86,0,0,0,0
aclnnSWhere,,"/workspace/repos/paddle_ocr_vl_npu/09_persistent_page_engine/paddleocr_vl/serving/continuous_decode.py(434): step;
/workspace/repos/paddle_ocr_vl_npu/09_persistent_page_engine/scripts/text_decode_lab.py(586): torch_profile;
/workspace/repos/paddle_ocr_vl_npu/09_persistent_page_engine/scripts/text_decode_lab.py(1119): main;
/usr/local/python3.12.13/lib/python3.12/site-packages/torch/utils/_contextlib.py(124): decorate_context;
/workspace/repos/paddle_ocr_vl_npu/09_persistent_page_engine/scripts/text_decode_lab.py(1167): <module>",22.8,22.8,2.2,2.2,0,0
aten::add,"4;
;
","/workspace/repos/paddle_ocr_vl_npu/09_persistent_page_engine/paddleocr_vl/serving/continuous_decode.py(441): step;
/workspace/repos/paddle_ocr_vl_npu/09_persistent_page_engine/scripts/text_decode_lab.py(586): torch_profile;
/workspace/repos/paddle_ocr_vl_npu/09_persistent_page_engine/scripts/text_decode_lab.py(1119): main;
/usr/local/python3.12.13/lib/python3.12/site-packages/torch/utils/_contextlib.py(124): decorate_context;
/workspace/repos/paddle_ocr_vl_npu/09_persistent_page_engine/scripts/text_decode_lab.py(1167): <module>",38.19,118.67,0,3.18,0,0
empty_tensor,,"/workspace/repos/paddle_ocr_vl_npu/09_persistent_page_engine/paddleocr_vl/serving/continuous_decode.py(441): step;
/workspace/repos/paddle_ocr_vl_npu/09_persistent_page_engine/scripts/text_decode_lab.py(586): torch_profile;
/workspace/repos/paddle_ocr_vl_npu/09_persistent_page_engine/scripts/text_decode_lab.py(1119): main;
/usr/local/python3.12.13/lib/python3.12/site-packages/torch/utils/_contextlib.py(124): decorate_context;
/workspace/repos/paddle_ocr_vl_npu/09_persistent_page_engine/scripts/text_decode_lab.py(1167): <module>",19.47,19.47,0,0,0,0
aten::item,,"/workspace/repos/paddle_ocr_vl_npu/09_persistent_page_engine/paddleocr_vl/serving/continuous_decode.py(441): step;
/workspace/repos/paddle_ocr_vl_npu/09_persistent_page_engine/scripts/text_decode_lab.py(586): torch_profile;
/workspace/repos/paddle_ocr_vl_npu/09_persistent_page_engine/scripts/text_decode_lab.py(1119): main;
/usr/local/python3.12.13/lib/python3.12/site-packages/torch/utils/_contextlib.py(124): decorate_context;
/workspace/repos/paddle_ocr_vl_npu/09_persistent_page_engine/scripts/text_decode_lab.py(1167): <module>",22.28,39.89,0,0,0,0
aten::_local_scalar_dense,,"/workspace/repos/paddle_ocr_vl_npu/09_persistent_page_engine/paddleocr_vl/serving/continuous_decode.py(441): step;
/workspace/repos/paddle_ocr_vl_npu/09_persistent_page_engine/scripts/text_decode_lab.py(586): torch_profile;
/workspace/repos/paddle_ocr_vl_npu/09_persistent_page_engine/scripts/text_decode_lab.py(1119): main;
/usr/local/python3.12.13/lib/python3.12/site-packages/torch/utils/_contextlib.py(124): decorate_context;
/workspace/repos/paddle_ocr_vl_npu/09_persistent_page_engine/scripts/text_decode_lab.py(1167): <module>",17.61,17.61,0,0,0,0
aclnnAdds,,"/workspace/repos/paddle_ocr_vl_npu/09_persistent_page_engine/paddleocr_vl/serving/continuous_decode.py(441): step;
/workspace/repos/paddle_ocr_vl_npu/09_persistent_page_engine/scripts/text_decode_lab.py(586): torch_profile;
/workspace/repos/paddle_ocr_vl_npu/09_persistent_page_engine/scripts/text_decode_lab.py(1119): main;
/usr/local/python3.12.13/lib/python3.12/site-packages/torch/utils/_contextlib.py(124): decorate_context;
/workspace/repos/paddle_ocr_vl_npu/09_persistent_page_engine/scripts/text_decode_lab.py(1167): <module>",21.12,21.12,3.18,3.18,0,0
aten::zeros_like,"4;
;
;
;
;
","/workspace/repos/paddle_ocr_vl_npu/09_persistent_page_engine/paddleocr_vl/serving/continuous_decode.py(442): step;
/workspace/repos/paddle_ocr_vl_npu/09_persistent_page_engine/scripts/text_decode_lab.py(586): torch_profile;
/workspace/repos/paddle_ocr_vl_npu/09_persistent_page_engine/scripts/text_decode_lab.py(1119): main;
/usr/local/python3.12.13/lib/python3.12/site-packages/torch/utils/_contextlib.py(124): decorate_context;
/workspace/repos/paddle_ocr_vl_npu/09_persistent_page_engine/scripts/text_decode_lab.py(1167): <module>",26.0,114.76,0,1.9,0,0
aten::empty_like,"4;
;
;
;
;
","/workspace/repos/paddle_ocr_vl_npu/09_persistent_page_engine/paddleocr_vl/serving/continuous_decode.py(442): step;
/workspace/repos/paddle_ocr_vl_npu/09_persistent_page_engine/scripts/text_decode_lab.py(586): torch_profile;
/workspace/repos/paddle_ocr_vl_npu/09_persistent_page_engine/scripts/text_decode_lab.py(1119): main;
/usr/local/python3.12.13/lib/python3.12/site-packages/torch/utils/_contextlib.py(124): decorate_context;
/workspace/repos/paddle_ocr_vl_npu/09_persistent_page_engine/scripts/text_decode_lab.py(1167): <module>",20.24,39.75,0,0,0,0
empty_tensor,,"/workspace/repos/paddle_ocr_vl_npu/09_persistent_page_engine/paddleocr_vl/serving/continuous_decode.py(442): step;
/workspace/repos/paddle_ocr_vl_npu/09_persistent_page_engine/scripts/text_decode_lab.py(586): torch_profile;
/workspace/repos/paddle_ocr_vl_npu/09_persistent_page_engine/scripts/text_decode_lab.py(1119): main;
/usr/local/python3.12.13/lib/python3.12/site-packages/torch/utils/_contextlib.py(124): decorate_context;
/workspace/repos/paddle_ocr_vl_npu/09_persistent_page_engine/scripts/text_decode_lab.py(1167): <module>",19.51,19.51,0,0,0,0
aten::zero_,4,"/workspace/repos/paddle_ocr_vl_npu/09_persistent_page_engine/paddleocr_vl/serving/continuous_decode.py(442): step;
/workspace/repos/paddle_ocr_vl_npu/09_persistent_page_engine/scripts/text_decode_lab.py(586): torch_profile;
/workspace/repos/paddle_ocr_vl_npu/09_persistent_page_engine/scripts/text_decode_lab.py(1119): main;
/usr/local/python3.12.13/lib/python3.12/site-packages/torch/utils/_contextlib.py(124): decorate_context;
/workspace/repos/paddle_ocr_vl_npu/09_persistent_page_engine/scripts/text_decode_lab.py(1167): <module>",24.62,49.01,0,1.9,0,0
aclnnInplaceZero,,"/workspace/repos/paddle_ocr_vl_npu/09_persistent_page_engine/paddleocr_vl/serving/continuous_decode.py(442): step;
/workspace/repos/paddle_ocr_vl_npu/09_persistent_page_engine/scripts/text_decode_lab.py(586): torch_profile;
/workspace/repos/paddle_ocr_vl_npu/09_persistent_page_engine/scripts/text_decode_lab.py(1119): main;
/usr/local/python3.12.13/lib/python3.12/site-packages/torch/utils/_contextlib.py(124): decorate_context;
/workspace/repos/paddle_ocr_vl_npu/09_persistent_page_engine/scripts/text_decode_lab.py(1167): <module>",24.39,24.39,1.9,1.9,0,0
aten::where,"4;
4;
4","/workspace/repos/paddle_ocr_vl_npu/09_persistent_page_engine/paddleocr_vl/serving/continuous_decode.py(439): step;
/workspace/repos/paddle_ocr_vl_npu/09_persistent_page_engine/scripts/text_decode_lab.py(586): torch_profile;
/workspace/repos/paddle_ocr_vl_npu/09_persistent_page_engine/scripts/text_decode_lab.py(1119): main;
/usr/local/python3.12.13/lib/python3.12/site-packages/torch/utils/_contextlib.py(124): decorate_context;
/workspace/repos/paddle_ocr_vl_npu/09_persistent_page_engine/scripts/text_decode_lab.py(1167): <module>",29.76,68.96,0,1.76,0,0
empty_tensor,,"/workspace/repos/paddle_ocr_vl_npu/09_persistent_page_engine/paddleocr_vl/serving/continuous_decode.py(439): step;
/workspace/repos/paddle_ocr_vl_npu/09_persistent_page_engine/scripts/text_decode_lab.py(586): torch_profile;
/workspace/repos/paddle_ocr_vl_npu/09_persistent_page_engine/scripts/text_decode_lab.py(1119): main;
/usr/local/python3.12.13/lib/python3.12/site-packages/torch/utils/_contextlib.py(124): decorate_context;
/workspace/repos/paddle_ocr_vl_npu/09_persistent_page_engine/scripts/text_decode_lab.py(1167): <module>",18.77,18.77,0,0,0,0
aclnnSWhere,,"/workspace/repos/paddle_ocr_vl_npu/09_persistent_page_engine/paddleocr_vl/serving/continuous_decode.py(439): step;
/workspace/repos/paddle_ocr_vl_npu/09_persistent_page_engine/scripts/text_decode_lab.py(586): torch_profile;
/workspace/repos/paddle_ocr_vl_npu/09_persistent_page_engine/scripts/text_decode_lab.py(1119): main;
/usr/local/python3.12.13/lib/python3.12/site-packages/torch/utils/_contextlib.py(124): decorate_context;
/workspace/repos/paddle_ocr_vl_npu/09_persistent_page_engine/scripts/text_decode_lab.py(1167): <module>",20.43,20.43,1.76,1.76,0,0
paddleocr_vl.compiled_decode_step,,"/usr/local/python3.12.13/lib/python3.12/site-packages/torch/_ops.py(1209): __call__;
/usr/local/python3.12.13/lib/python3.12/site-packages/torch/autograd/profiler.py(801): __enter__;
/workspace/repos/paddle_ocr_vl_npu/09_persistent_page_engine/scripts/text_decode_lab.py(583): torch_profile;
/workspace/repos/paddle_ocr_vl_npu/09_persistent_page_engine/scripts/text_decode_lab.py(1119): main;
/usr/local/python3.12.13/lib/python3.12/site-packages/torch/utils/_contextlib.py(124): decorate_context;
/workspace/repos/paddle_ocr_vl_npu/09_persistent_page_engine/scripts/text_decode_lab.py(1167): <module>",510.63,2895.43,0,34.72,0,0
Event::record,,"/usr/local/python3.12.13/lib/python3.12/site-packages/torch/_ops.py(1209): __call__;
/usr/local/python3.12.13/lib/python3.12/site-packages/torch/autograd/profiler.py(801): __enter__;
/usr/local/python3.12.13/lib/python3.12/site-packages/torch_npu/profiler/profiler_interface.py(46): wrapper;
/workspace/repos/paddle_ocr_vl_npu/09_persistent_page_engine/paddleocr_vl/serving/continuous_decode.py(206): _measure_enqueue;
/workspace/repos/paddle_ocr_vl_npu/09_persistent_page_engine/paddleocr_vl/serving/continuous_decode.py(420): step;
/workspace/repos/paddle_ocr_vl_npu/09_persistent_page_engine/scripts/text_decode_lab.py(586): torch_profile;
/workspace/repos/paddle_ocr_vl_npu/09_persistent_page_engine/scripts/text_decode_lab.py(1119): main;
/usr/local/python3.12.13/lib/python3.12/site-packages/torch/utils/_contextlib.py(124): decorate_context;
/workspace/repos/paddle_ocr_vl_npu/09_persistent_page_engine/scripts/text_decode_lab.py(1167): <module>",296.91,335.88,0,0.0,0,0
record_event,,"/usr/local/python3.12.13/lib/python3.12/site-packages/torch_npu/npu/streams.py(151): record;
/usr/local/python3.12.13/lib/python3.12/site-packages/torch_npu/profiler/profiler_interface.py(47): wrapper;
/workspace/repos/paddle_ocr_vl_npu/09_persistent_page_engine/paddleocr_vl/serving/continuous_decode.py(206): _measure_enqueue;
/workspace/repos/paddle_ocr_vl_npu/09_persistent_page_engine/paddleocr_vl/serving/continuous_decode.py(420): step;
/workspace/repos/paddle_ocr_vl_npu/09_persistent_page_engine/scripts/text_decode_lab.py(586): torch_profile;
/workspace/repos/paddle_ocr_vl_npu/09_persistent_page_engine/scripts/text_decode_lab.py(1119): main;
/usr/local/python3.12.13/lib/python3.12/site-packages/torch/utils/_contextlib.py(124): decorate_context;
/workspace/repos/paddle_ocr_vl_npu/09_persistent_page_engine/scripts/text_decode_lab.py(1167): <module>",38.97,38.97,0.0,0.0,0,0
cache_compiler inference,,"/usr/local/python3.12.13/lib/python3.12/site-packages/torch/_ops.py(1209): __call__;
/usr/local/python3.12.13/lib/python3.12/site-packages/torch/autograd/profiler.py(801): __enter__;
/usr/local/python3.12.13/lib/python3.12/site-packages/torch_npu/dynamo/torchair/inference/_cache_compiler.py(598): __call__;
/workspace/repos/paddle_ocr_vl_npu/09_persistent_page_engine/paddleocr_vl/serving/continuous_decode.py(405): execute;
/workspace/repos/paddle_ocr_vl_npu/09_persistent_page_engine/paddleocr_vl/serving/continuous_decode.py(207): _measure_enqueue;
/workspace/repos/paddle_ocr_vl_npu/09_persistent_page_engine/paddleocr_vl/serving/continuous_decode.py(420): step;
/workspace/repos/paddle_ocr_vl_npu/09_persistent_page_engine/scripts/text_decode_lab.py(586): torch_profile;
/workspace/repos/paddle_ocr_vl_npu/09_persistent_page_engine/scripts/text_decode_lab.py(1119): main;
/usr/local/python3.12.13/lib/python3.12/site-packages/torch/utils/_contextlib.py(124): decorate_context;
/workspace/repos/paddle_ocr_vl_npu/09_persistent_page_engine/scripts/text_decode_lab.py(1167): <module>",293.19,813.31,0,0,0,0
TorchNpuGraphBase::Run,,"/usr/local/python3.12.13/lib/python3.12/site-packages/torch_npu/dynamo/torchair/core/_backend.py(140): run;
/usr/local/python3.12.13/lib/python3.12/site-packages/torch_npu/dynamo/torchair/_utils/error_code.py(43): wapper;
/usr/local/python3.12.13/lib/python3.12/site-packages/torch_npu/dynamo/torchair/ge/_ge_graph.py(803): run;
<string>(231): kernel;
/usr/local/python3.12.13/lib/python3.12/site-packages/torch_npu/dynamo/torchair/inference/_cache_compiler.py(299): compiled_fn;
/workspace/repos/paddle_ocr_vl_npu/09_persistent_page_engine/paddleocr_vl/model/text_decode.py(841): forward;
/usr/local/python3.12.13/lib/python3.12/site-packages/torch_npu/dynamo/torchair/inference/_cache_compiler.py(318): compiled_method;
/usr/local/python3.12.13/lib/python3.12/site-packages/torch_npu/dynamo/torchair/inference/_cache_compiler.py(599): __call__;
/workspace/repos/paddle_ocr_vl_npu/09_persistent_page_engine/paddleocr_vl/serving/continuous_decode.py(405): execute;
/workspace/repos/paddle_ocr_vl_npu/09_persistent_page_engine/paddleocr_vl/serving/continuous_decode.py(207): _measure_enqueue;
/workspace/repos/paddle_ocr_vl_npu/09_persistent_page_engine/paddleocr_vl/serving/continuous_decode.py(420): step;
/workspace/repos/paddle_ocr_vl_npu/09_persistent_page_engine/scripts/text_decode_lab.py(586): torch_profile;
/workspace/repos/paddle_ocr_vl_npu/09_persistent_page_engine/scripts/text_decode_lab.py(1119): main;
/usr/local/python3.12.13/lib/python3.12/site-packages/torch/utils/_contextlib.py(124): decorate_context;
/workspace/repos/paddle_ocr_vl_npu/09_persistent_page_engine/scripts/text_decode_lab.py(1167): <module>",79.76,520.12,0,0,0,0
AssembleInputs,,"/usr/local/python3.12.13/lib/python3.12/site-packages/torch_npu/dynamo/torchair/core/_backend.py(140): run;
/usr/local/python3.12.13/lib/python3.12/site-packages/torch_npu/dynamo/torchair/_utils/error_code.py(43): wapper;
/usr/local/python3.12.13/lib/python3.12/site-packages/torch_npu/dynamo/torchair/ge/_ge_graph.py(803): run;
<string>(231): kernel;
/usr/local/python3.12.13/lib/python3.12/site-packages/torch_npu/dynamo/torchair/inference/_cache_compiler.py(299): compiled_fn;
/workspace/repos/paddle_ocr_vl_npu/09_persistent_page_engine/paddleocr_vl/model/text_decode.py(841): forward;
/usr/local/python3.12.13/lib/python3.12/site-packages/torch_npu/dynamo/torchair/inference/_cache_compiler.py(318): compiled_method;
/usr/local/python3.12.13/lib/python3.12/site-packages/torch_npu/dynamo/torchair/inference/_cache_compiler.py(599): __call__;
/workspace/repos/paddle_ocr_vl_npu/09_persistent_page_engine/paddleocr_vl/serving/continuous_decode.py(405): execute;
/workspace/repos/paddle_ocr_vl_npu/09_persistent_page_engine/paddleocr_vl/serving/continuous_decode.py(207): _measure_enqueue;
/workspace/repos/paddle_ocr_vl_npu/09_persistent_page_engine/paddleocr_vl/serving/continuous_decode.py(420): step;
/workspace/repos/paddle_ocr_vl_npu/09_persistent_page_engine/scripts/text_decode_lab.py(586): torch_profile;
/workspace/repos/paddle_ocr_vl_npu/09_persistent_page_engine/scripts/text_decode_lab.py(1119): main;
/usr/local/python3.12.13/lib/python3.12/site-packages/torch/utils/_contextlib.py(124): decorate_context;
/workspace/repos/paddle_ocr_vl_npu/09_persistent_page_engine/scripts/text_decode_lab.py(1167): <module>",63.31,63.31,0,0,0,0
AssembleOutputs,,"/usr/local/python3.12.13/lib/python3.12/site-packages/torch_npu/dynamo/torchair/core/_backend.py(140): run;
/usr/local/python3.12.13/lib/python3.12/site-packages/torch_npu/dynamo/torchair/_utils/error_code.py(43): wapper;
/usr/local/python3.12.13/lib/python3.12/site-packages/torch_npu/dynamo/torchair/ge/_ge_graph.py(803): run;
<string>(231): kernel;
/usr/local/python3.12.13/lib/python3.12/site-packages/torch_npu/dynamo/torchair/inference/_cache_compiler.py(299): compiled_fn;
/workspace/repos/paddle_ocr_vl_npu/09_persistent_page_engine/paddleocr_vl/model/text_decode.py(841): forward;
/usr/local/python3.12.13/lib/python3.12/site-packages/torch_npu/dynamo/torchair/inference/_cache_compiler.py(318): compiled_method;
/usr/local/python3.12.13/lib/python3.12/site-packages/torch_npu/dynamo/torchair/inference/_cache_compiler.py(599): __call__;
/workspace/repos/paddle_ocr_vl_npu/09_persistent_page_engine/paddleocr_vl/serving/continuous_decode.py(405): execute;
/workspace/repos/paddle_ocr_vl_npu/09_persistent_page_engine/paddleocr_vl/serving/continuous_decode.py(207): _measure_enqueue;
/workspace/repos/paddle_ocr_vl_npu/09_persistent_page_engine/paddleocr_vl/serving/continuous_decode.py(420): step;
/workspace/repos/paddle_ocr_vl_npu/09_persistent_page_engine/scripts/text_decode_lab.py(586): torch_profile;
/workspace/repos/paddle_ocr_vl_npu/09_persistent_page_engine/scripts/text_decode_lab.py(1119): main;
/usr/local/python3.12.13/lib/python3.12/site-packages/torch/utils/_contextlib.py(124): decorate_context;
/workspace/repos/paddle_ocr_vl_npu/09_persistent_page_engine/scripts/text_decode_lab.py(1167): <module>",53.87,53.87,0,0,0,0
ExecuteGraph,,"/usr/local/python3.12.13/lib/python3.12/site-packages/torch_npu/dynamo/torchair/core/_backend.py(140): run;
/usr/local/python3.12.13/lib/python3.12/site-packages/torch_npu/dynamo/torchair/_utils/error_code.py(43): wapper;
/usr/local/python3.12.13/lib/python3.12/site-packages/torch_npu/dynamo/torchair/ge/_ge_graph.py(803): run;
<string>(231): kernel;
/usr/local/python3.12.13/lib/python3.12/site-packages/torch_npu/dynamo/torchair/inference/_cache_compiler.py(299): compiled_fn;
/workspace/repos/paddle_ocr_vl_npu/09_persistent_page_engine/paddleocr_vl/model/text_decode.py(841): forward;
/usr/local/python3.12.13/lib/python3.12/site-packages/torch_npu/dynamo/torchair/inference/_cache_compiler.py(318): compiled_method;
/usr/local/python3.12.13/lib/python3.12/site-packages/torch_npu/dynamo/torchair/inference/_cache_compiler.py(599): __call__;
/workspace/repos/paddle_ocr_vl_npu/09_persistent_page_engine/paddleocr_vl/serving/continuous_decode.py(405): execute;
/workspace/repos/paddle_ocr_vl_npu/09_persistent_page_engine/paddleocr_vl/serving/continuous_decode.py(207): _measure_enqueue;
/workspace/repos/paddle_ocr_vl_npu/09_persistent_page_engine/paddleocr_vl/serving/continuous_decode.py(420): step;
/workspace/repos/paddle_ocr_vl_npu/09_persistent_page_engine/scripts/text_decode_lab.py(586): torch_profile;
/workspace/repos/paddle_ocr_vl_npu/09_persistent_page_engine/scripts/text_decode_lab.py(1119): main;
/usr/local/python3.12.13/lib/python3.12/site-packages/torch/utils/_contextlib.py(124): decorate_context;
/workspace/repos/paddle_ocr_vl_npu/09_persistent_page_engine/scripts/text_decode_lab.py(1167): <module>",99.75,99.75,0,0,0,0
RefreshAtTensorFromGeTensor,,"/usr/local/python3.12.13/lib/python3.12/site-packages/torch_npu/dynamo/torchair/core/_backend.py(140): run;
/usr/local/python3.12.13/lib/python3.12/site-packages/torch_npu/dynamo/torchair/_utils/error_code.py(43): wapper;
/usr/local/python3.12.13/lib/python3.12/site-packages/torch_npu/dynamo/torchair/ge/_ge_graph.py(803): run;
<string>(231): kernel;
/usr/local/python3.12.13/lib/python3.12/site-packages/torch_npu/dynamo/torchair/inference/_cache_compiler.py(299): compiled_fn;
/workspace/repos/paddle_ocr_vl_npu/09_persistent_page_engine/paddleocr_vl/model/text_decode.py(841): forward;
/usr/local/python3.12.13/lib/python3.12/site-packages/torch_npu/dynamo/torchair/inference/_cache_compiler.py(318): compiled_method;
/usr/local/python3.12.13/lib/python3.12/site-packages/torch_npu/dynamo/torchair/inference/_cache_compiler.py(599): __call__;
/workspace/repos/paddle_ocr_vl_npu/09_persistent_page_engine/paddleocr_vl/serving/continuous_decode.py(405): execute;
/workspace/repos/paddle_ocr_vl_npu/09_persistent_page_engine/paddleocr_vl/serving/continuous_decode.py(207): _measure_enqueue;
/workspace/repos/paddle_ocr_vl_npu/09_persistent_page_engine/paddleocr_vl/serving/continuous_decode.py(420): step;
/workspace/repos/paddle_ocr_vl_npu/09_persistent_page_engine/scripts/text_decode_lab.py(586): torch_profile;
/workspace/repos/paddle_ocr_vl_npu/09_persistent_page_engine/scripts/text_decode_lab.py(1119): main;
/usr/local/python3.12.13/lib/python3.12/site-packages/torch/utils/_contextlib.py(124): decorate_context;
/workspace/repos/paddle_ocr_vl_npu/09_persistent_page_engine/scripts/text_decode_lab.py(1167): <module>",59.35,223.43,0,0,0,0
aten::empty,";
;
;
;
;
","/usr/local/python3.12.13/lib/python3.12/site-packages/torch_npu/dynamo/torchair/core/_backend.py(140): run;
/usr/local/python3.12.13/lib/python3.12/site-packages/torch_npu/dynamo/torchair/_utils/error_code.py(43): wapper;
/usr/local/python3.12.13/lib/python3.12/site-packages/torch_npu/dynamo/torchair/ge/_ge_graph.py(803): run;
<string>(231): kernel;
/usr/local/python3.12.13/lib/python3.12/site-packages/torch_npu/dynamo/torchair/inference/_cache_compiler.py(299): compiled_fn;
/workspace/repos/paddle_ocr_vl_npu/09_persistent_page_engine/paddleocr_vl/model/text_decode.py(841): forward;
/usr/local/python3.12.13/lib/python3.12/site-packages/torch_npu/dynamo/torchair/inference/_cache_compiler.py(318): compiled_method;
/usr/local/python3.12.13/lib/python3.12/site-packages/torch_npu/dynamo/torchair/inference/_cache_compiler.py(599): __call__;
/workspace/repos/paddle_ocr_vl_npu/09_persistent_page_engine/paddleocr_vl/serving/continuous_decode.py(405): execute;
/workspace/repos/paddle_ocr_vl_npu/09_persistent_page_engine/paddleocr_vl/serving/continuous_decode.py(207): _measure_enqueue;
/workspace/repos/paddle_ocr_vl_npu/09_persistent_page_engine/paddleocr_vl/serving/continuous_decode.py(420): step;
/workspace/repos/paddle_ocr_vl_npu/09_persistent_page_engine/scripts/text_decode_lab.py(586): torch_profile;
/workspace/repos/paddle_ocr_vl_npu/09_persistent_page_engine/scripts/text_decode_lab.py(1119): main;
/usr/local/python3.12.13/lib/python3.12/site-packages/torch/utils/_contextlib.py(124): decorate_context;
/workspace/repos/paddle_ocr_vl_npu/09_persistent_page_engine/scripts/text_decode_lab.py(1167): <module>",52.39,111.25,0,0,0,0
empty_tensor,,"/usr/local/python3.12.13/lib/python3.12/site-packages/torch_npu/dynamo/torchair/core/_backend.py(140): run;
/usr/local/python3.12.13/lib/python3.12/site-packages/torch_npu/dynamo/torchair/_utils/error_code.py(43): wapper;
/usr/local/python3.12.13/lib/python3.12/site-packages/torch_npu/dynamo/torchair/ge/_ge_graph.py(803): run;
<string>(231): kernel;
/usr/local/python3.12.13/lib/python3.12/site-packages/torch_npu/dynamo/torchair/inference/_cache_compiler.py(299): compiled_fn;
/workspace/repos/paddle_ocr_vl_npu/09_persistent_page_engine/paddleocr_vl/model/text_decode.py(841): forward;
/usr/local/python3.12.13/lib/python3.12/site-packages/torch_npu/dynamo/torchair/inference/_cache_compiler.py(318): compiled_method;
/usr/local/python3.12.13/lib/python3.12/site-packages/torch_npu/dynamo/torchair/inference/_cache_compiler.py(599): __call__;
/workspace/repos/paddle_ocr_vl_npu/09_persistent_page_engine/paddleocr_vl/serving/continuous_decode.py(405): execute;
/workspace/repos/paddle_ocr_vl_npu/09_persistent_page_engine/paddleocr_vl/serving/continuous_decode.py(207): _measure_enqueue;
/workspace/repos/paddle_ocr_vl_npu/09_persistent_page_engine/paddleocr_vl/serving/continuous_decode.py(420): step;
/workspace/repos/paddle_ocr_vl_npu/09_persistent_page_engine/scripts/text_decode_lab.py(586): torch_profile;
/workspace/repos/paddle_ocr_vl_npu/09_persistent_page_engine/scripts/text_decode_lab.py(1119): main;
/usr/local/python3.12.13/lib/python3.12/site-packages/torch/utils/_contextlib.py(124): decorate_context;
/workspace/repos/paddle_ocr_vl_npu/09_persistent_page_engine/scripts/text_decode_lab.py(1167): <module>",58.86,58.86,0,0,0,0
aten::set_,"0;
;
;
;
","/usr/local/python3.12.13/lib/python3.12/site-packages/torch_npu/dynamo/torchair/core/_backend.py(140): run;
/usr/local/python3.12.13/lib/python3.12/site-packages/torch_npu/dynamo/torchair/_utils/error_code.py(43): wapper;
/usr/local/python3.12.13/lib/python3.12/site-packages/torch_npu/dynamo/torchair/ge/_ge_graph.py(803): run;
<string>(231): kernel;
/usr/local/python3.12.13/lib/python3.12/site-packages/torch_npu/dynamo/torchair/inference/_cache_compiler.py(299): compiled_fn;
/workspace/repos/paddle_ocr_vl_npu/09_persistent_page_engine/paddleocr_vl/model/text_decode.py(841): forward;
/usr/local/python3.12.13/lib/python3.12/site-packages/torch_npu/dynamo/torchair/inference/_cache_compiler.py(318): compiled_method;
/usr/local/python3.12.13/lib/python3.12/site-packages/torch_npu/dynamo/torchair/inference/_cache_compiler.py(599): __call__;
/workspace/repos/paddle_ocr_vl_npu/09_persistent_page_engine/paddleocr_vl/serving/continuous_decode.py(405): execute;
/workspace/repos/paddle_ocr_vl_npu/09_persistent_page_engine/paddleocr_vl/serving/continuous_decode.py(207): _measure_enqueue;
/workspace/repos/paddle_ocr_vl_npu/09_persistent_page_engine/paddleocr_vl/serving/continuous_decode.py(420): step;
/workspace/repos/paddle_ocr_vl_npu/09_persistent_page_engine/scripts/text_decode_lab.py(586): torch_profile;
/workspace/repos/paddle_ocr_vl_npu/09_persistent_page_engine/scripts/text_decode_lab.py(1119): main;
/usr/local/python3.12.13/lib/python3.12/site-packages/torch/utils/_contextlib.py(124): decorate_context;
/workspace/repos/paddle_ocr_vl_npu/09_persistent_page_engine/scripts/text_decode_lab.py(1167): <module>",52.83,52.83,0,0,0,0
aten::select,"4,1,103424;
;
","/workspace/repos/paddle_ocr_vl_npu/09_persistent_page_engine/paddleocr_vl/serving/continuous_decode.py(412): execute;
/workspace/repos/paddle_ocr_vl_npu/09_persistent_page_engine/paddleocr_vl/serving/continuous_decode.py(207): _measure_enqueue;
/workspace/repos/paddle_ocr_vl_npu/09_persistent_page_engine/paddleocr_vl/serving/continuous_decode.py(420): step;
/workspace/repos/paddle_ocr_vl_npu/09_persistent_page_engine/scripts/text_decode_lab.py(586): torch_profile;
/workspace/repos/paddle_ocr_vl_npu/09_persistent_page_engine/scripts/text_decode_lab.py(1119): main;
/usr/local/python3.12.13/lib/python3.12/site-packages/torch/utils/_contextlib.py(124): decorate_context;
/workspace/repos/paddle_ocr_vl_npu/09_persistent_page_engine/scripts/text_decode_lab.py(1167): <module>",28.8,51.63,0,0,0,0
aten::as_strided,"4,1,103424;
;
;
","/workspace/repos/paddle_ocr_vl_npu/09_persistent_page_engine/paddleocr_vl/serving/continuous_decode.py(412): execute;
/workspace/repos/paddle_ocr_vl_npu/09_persistent_page_engine/paddleocr_vl/serving/continuous_decode.py(207): _measure_enqueue;
/workspace/repos/paddle_ocr_vl_npu/09_persistent_page_engine/paddleocr_vl/serving/continuous_decode.py(420): step;
/workspace/repos/paddle_ocr_vl_npu/09_persistent_page_engine/scripts/text_decode_lab.py(586): torch_profile;
/workspace/repos/paddle_ocr_vl_npu/09_persistent_page_engine/scripts/text_decode_lab.py(1119): main;
/usr/local/python3.12.13/lib/python3.12/site-packages/torch/utils/_contextlib.py(124): decorate_context;
/workspace/repos/paddle_ocr_vl_npu/09_persistent_page_engine/scripts/text_decode_lab.py(1167): <module>",22.83,22.83,0,0,0,0
aten::to,"4,103424;
;
;
;
","/workspace/repos/paddle_ocr_vl_npu/09_persistent_page_engine/paddleocr_vl/serving/continuous_decode.py(412): execute;
/workspace/repos/paddle_ocr_vl_npu/09_persistent_page_engine/paddleocr_vl/serving/continuous_decode.py(207): _measure_enqueue;
/workspace/repos/paddle_ocr_vl_npu/09_persistent_page_engine/paddleocr_vl/serving/continuous_decode.py(420): step;
/workspace/repos/paddle_ocr_vl_npu/09_persistent_page_engine/scripts/text_decode_lab.py(586): torch_profile;
/workspace/repos/paddle_ocr_vl_npu/09_persistent_page_engine/scripts/text_decode_lab.py(1119): main;
/usr/local/python3.12.13/lib/python3.12/site-packages/torch/utils/_contextlib.py(124): decorate_context;
/workspace/repos/paddle_ocr_vl_npu/09_persistent_page_engine/scripts/text_decode_lab.py(1167): <module>",22.4,157.18,0,7.84,0,0
aten::_to_copy,"4,103424;
;
;
;
;
;
","/workspace/repos/paddle_ocr_vl_npu/09_persistent_page_engine/paddleocr_vl/serving/continuous_decode.py(412): execute;
/workspace/repos/paddle_ocr_vl_npu/09_persistent_page_engine/paddleocr_vl/serving/continuous_decode.py(207): _measure_enqueue;
/workspace/repos/paddle_ocr_vl_npu/09_persistent_page_engine/paddleocr_vl/serving/continuous_decode.py(420): step;
/workspace/repos/paddle_ocr_vl_npu/09_persistent_page_engine/scripts/text_decode_lab.py(586): torch_profile;
/workspace/repos/paddle_ocr_vl_npu/09_persistent_page_engine/scripts/text_decode_lab.py(1119): main;
/usr/local/python3.12.13/lib/python3.12/site-packages/torch/utils/_contextlib.py(124): decorate_context;
/workspace/repos/paddle_ocr_vl_npu/09_persistent_page_engine/scripts/text_decode_lab.py(1167): <module>",23.79,134.78,0,7.84,0,0
aten::empty,";
;
;
;
;
","/workspace/repos/paddle_ocr_vl_npu/09_persistent_page_engine/paddleocr_vl/serving/continuous_decode.py(412): execute;
/workspace/repos/paddle_ocr_vl_npu/09_persistent_page_engine/paddleocr_vl/serving/continuous_decode.py(207): _measure_enqueue;
/workspace/repos/paddle_ocr_vl_npu/09_persistent_page_engine/paddleocr_vl/serving/continuous_decode.py(420): step;
/workspace/repos/paddle_ocr_vl_npu/09_persistent_page_engine/scripts/text_decode_lab.py(586): torch_profile;
/workspace/repos/paddle_ocr_vl_npu/09_persistent_page_engine/scripts/text_decode_lab.py(1119): main;
/usr/local/python3.12.13/lib/python3.12/site-packages/torch/utils/_contextlib.py(124): decorate_context;
/workspace/repos/paddle_ocr_vl_npu/09_persistent_page_engine/scripts/text_decode_lab.py(1167): <module>",19.07,47.22,0,0,0,0
empty_tensor,,"/workspace/repos/paddle_ocr_vl_npu/09_persistent_page_engine/paddleocr_vl/serving/continuous_decode.py(412): execute;
/workspace/repos/paddle_ocr_vl_npu/09_persistent_page_engine/paddleocr_vl/serving/continuous_decode.py(207): _measure_enqueue;
/workspace/repos/paddle_ocr_vl_npu/09_persistent_page_engine/paddleocr_vl/serving/continuous_decode.py(420): step;
/workspace/repos/paddle_ocr_vl_npu/09_persistent_page_engine/scripts/text_decode_lab.py(586): torch_profile;
/workspace/repos/paddle_ocr_vl_npu/09_persistent_page_engine/scripts/text_decode_lab.py(1119): main;
/usr/local/python3.12.13/lib/python3.12/site-packages/torch/utils/_contextlib.py(124): decorate_context;
/workspace/repos/paddle_ocr_vl_npu/09_persistent_page_engine/scripts/text_decode_lab.py(1167): <module>",28.15,28.15,0,0,0,0
aten::copy_,"4,103424;
4,103424;
","/workspace/repos/paddle_ocr_vl_npu/09_persistent_page_engine/paddleocr_vl/serving/continuous_decode.py(412): execute;
/workspace/repos/paddle_ocr_vl_npu/09_persistent_page_engine/paddleocr_vl/serving/continuous_decode.py(207): _measure_enqueue;
/workspace/repos/paddle_ocr_vl_npu/09_persistent_page_engine/paddleocr_vl/serving/continuous_decode.py(420): step;
/workspace/repos/paddle_ocr_vl_npu/09_persistent_page_engine/scripts/text_decode_lab.py(586): torch_profile;
/workspace/repos/paddle_ocr_vl_npu/09_persistent_page_engine/scripts/text_decode_lab.py(1119): main;
/usr/local/python3.12.13/lib/python3.12/site-packages/torch/utils/_contextlib.py(124): decorate_context;
/workspace/repos/paddle_ocr_vl_npu/09_persistent_page_engine/scripts/text_decode_lab.py(1167): <module>",34.36,63.77,0,7.84,0,0
aclnnInplaceCopy,,"/workspace/repos/paddle_ocr_vl_npu/09_persistent_page_engine/paddleocr_vl/serving/continuous_decode.py(412): execute;
/workspace/repos/paddle_ocr_vl_npu/09_persistent_page_engine/paddleocr_vl/serving/continuous_decode.py(207): _measure_enqueue;
/workspace/repos/paddle_ocr_vl_npu/09_persistent_page_engine/paddleocr_vl/serving/continuous_decode.py(420): step;
/workspace/repos/paddle_ocr_vl_npu/09_persistent_page_engine/scripts/text_decode_lab.py(586): torch_profile;
/workspace/repos/paddle_ocr_vl_npu/09_persistent_page_engine/scripts/text_decode_lab.py(1119): main;
/usr/local/python3.12.13/lib/python3.12/site-packages/torch/utils/_contextlib.py(124): decorate_context;
/workspace/repos/paddle_ocr_vl_npu/09_persistent_page_engine/scripts/text_decode_lab.py(1167): <module>",29.41,29.41,7.84,7.84,0,0
aten::argmax,"4,103424;
;
","/workspace/repos/paddle_ocr_vl_npu/09_persistent_page_engine/paddleocr_vl/serving/continuous_decode.py(411): execute;
/workspace/repos/paddle_ocr_vl_npu/09_persistent_page_engine/paddleocr_vl/serving/continuous_decode.py(207): _measure_enqueue;
/workspace/repos/paddle_ocr_vl_npu/09_persistent_page_engine/paddleocr_vl/serving/continuous_decode.py(420): step;
/workspace/repos/paddle_ocr_vl_npu/09_persistent_page_engine/scripts/text_decode_lab.py(586): torch_profile;
/workspace/repos/paddle_ocr_vl_npu/09_persistent_page_engine/scripts/text_decode_lab.py(1119): main;
/usr/local/python3.12.13/lib/python3.12/site-packages/torch/utils/_contextlib.py(124): decorate_context;
/workspace/repos/paddle_ocr_vl_npu/09_persistent_page_engine/scripts/text_decode_lab.py(1167): <module>",26.33,178.06,0,15.76,0,0
aten::empty,";
;
;
;
;
","/workspace/repos/paddle_ocr_vl_npu/09_persistent_page_engine/paddleocr_vl/serving/continuous_decode.py(411): execute;
/workspace/repos/paddle_ocr_vl_npu/09_persistent_page_engine/paddleocr_vl/serving/continuous_decode.py(207): _measure_enqueue;
/workspace/repos/paddle_ocr_vl_npu/09_persistent_page_engine/paddleocr_vl/serving/continuous_decode.py(420): step;
/workspace/repos/paddle_ocr_vl_npu/09_persistent_page_engine/scripts/text_decode_lab.py(586): torch_profile;
/workspace/repos/paddle_ocr_vl_npu/09_persistent_page_engine/scripts/text_decode_lab.py(1119): main;
/usr/local/python3.12.13/lib/python3.12/site-packages/torch/utils/_contextlib.py(124): decorate_context;
/workspace/repos/paddle_ocr_vl_npu/09_persistent_page_engine/scripts/text_decode_lab.py(1167): <module>",26.34,50.75,0,0,0,0
empty_tensor,,"/workspace/repos/paddle_ocr_vl_npu/09_persistent_page_engine/paddleocr_vl/serving/continuous_decode.py(411): execute;
/workspace/repos/paddle_ocr_vl_npu/09_persistent_page_engine/paddleocr_vl/serving/continuous_decode.py(207): _measure_enqueue;
/workspace/repos/paddle_ocr_vl_npu/09_persistent_page_engine/paddleocr_vl/serving/continuous_decode.py(420): step;
/workspace/repos/paddle_ocr_vl_npu/09_persistent_page_engine/scripts/text_decode_lab.py(586): torch_profile;
/workspace/repos/paddle_ocr_vl_npu/09_persistent_page_engine/scripts/text_decode_lab.py(1119): main;
/usr/local/python3.12.13/lib/python3.12/site-packages/torch/utils/_contextlib.py(124): decorate_context;
/workspace/repos/paddle_ocr_vl_npu/09_persistent_page_engine/scripts/text_decode_lab.py(1167): <module>",24.41,24.41,0,0,0,0
aten::argmax,"4,103424;
;
;
4,1","/workspace/repos/paddle_ocr_vl_npu/09_persistent_page_engine/paddleocr_vl/serving/continuous_decode.py(411): execute;
/workspace/repos/paddle_ocr_vl_npu/09_persistent_page_engine/paddleocr_vl/serving/continuous_decode.py(207): _measure_enqueue;
/workspace/repos/paddle_ocr_vl_npu/09_persistent_page_engine/paddleocr_vl/serving/continuous_decode.py(420): step;
/workspace/repos/paddle_ocr_vl_npu/09_persistent_page_engine/scripts/text_decode_lab.py(586): torch_profile;
/workspace/repos/paddle_ocr_vl_npu/09_persistent_page_engine/scripts/text_decode_lab.py(1119): main;
/usr/local/python3.12.13/lib/python3.12/site-packages/torch/utils/_contextlib.py(124): decorate_context;
/workspace/repos/paddle_ocr_vl_npu/09_persistent_page_engine/scripts/text_decode_lab.py(1167): <module>",36.8,100.98,0,15.76,0,0
aten::reshape,"4,103424;
","/workspace/repos/paddle_ocr_vl_npu/09_persistent_page_engine/paddleocr_vl/serving/continuous_decode.py(411): execute;
/workspace/repos/paddle_ocr_vl_npu/09_persistent_page_engine/paddleocr_vl/serving/continuous_decode.py(207): _measure_enqueue;
/workspace/repos/paddle_ocr_vl_npu/09_persistent_page_engine/paddleocr_vl/serving/continuous_decode.py(420): step;
/workspace/repos/paddle_ocr_vl_npu/09_persistent_page_engine/scripts/text_decode_lab.py(586): torch_profile;
/workspace/repos/paddle_ocr_vl_npu/09_persistent_page_engine/scripts/text_decode_lab.py(1119): main;
/usr/local/python3.12.13/lib/python3.12/site-packages/torch/utils/_contextlib.py(124): decorate_context;
/workspace/repos/paddle_ocr_vl_npu/09_persistent_page_engine/scripts/text_decode_lab.py(1167): <module>",18.27,37.35,0,0,0,0
aten::view,"4,103424;
","/workspace/repos/paddle_ocr_vl_npu/09_persistent_page_engine/paddleocr_vl/serving/continuous_decode.py(411): execute;
/workspace/repos/paddle_ocr_vl_npu/09_persistent_page_engine/paddleocr_vl/serving/continuous_decode.py(207): _measure_enqueue;
/workspace/repos/paddle_ocr_vl_npu/09_persistent_page_engine/paddleocr_vl/serving/continuous_decode.py(420): step;
/workspace/repos/paddle_ocr_vl_npu/09_persistent_page_engine/scripts/text_decode_lab.py(586): torch_profile;
/workspace/repos/paddle_ocr_vl_npu/09_persistent_page_engine/scripts/text_decode_lab.py(1119): main;
/usr/local/python3.12.13/lib/python3.12/site-packages/torch/utils/_contextlib.py(124): decorate_context;
/workspace/repos/paddle_ocr_vl_npu/09_persistent_page_engine/scripts/text_decode_lab.py(1167): <module>",19.08,19.08,0,0,0,0
aclnnArgMax,,"/workspace/repos/paddle_ocr_vl_npu/09_persistent_page_engine/paddleocr_vl/serving/continuous_decode.py(411): execute;
/workspace/repos/paddle_ocr_vl_npu/09_persistent_page_engine/paddleocr_vl/serving/continuous_decode.py(207): _measure_enqueue;
/workspace/repos/paddle_ocr_vl_npu/09_persistent_page_engine/paddleocr_vl/serving/continuous_decode.py(420): step;
/workspace/repos/paddle_ocr_vl_npu/09_persistent_page_engine/scripts/text_decode_lab.py(586): torch_profile;
/workspace/repos/paddle_ocr_vl_npu/09_persistent_page_engine/scripts/text_decode_lab.py(1119): main;
/usr/local/python3.12.13/lib/python3.12/site-packages/torch/utils/_contextlib.py(124): decorate_context;
/workspace/repos/paddle_ocr_vl_npu/09_persistent_page_engine/scripts/text_decode_lab.py(1167): <module>",26.83,26.83,15.76,15.76,0,0
Event::record,,"/usr/local/python3.12.13/lib/python3.12/site-packages/torch/_ops.py(1209): __call__;
/usr/local/python3.12.13/lib/python3.12/site-packages/torch/autograd/profiler.py(801): __enter__;
/usr/local/python3.12.13/lib/python3.12/site-packages/torch_npu/profiler/profiler_interface.py(46): wrapper;
/workspace/repos/paddle_ocr_vl_npu/09_persistent_page_engine/paddleocr_vl/serving/continuous_decode.py(209): _measure_enqueue;
/workspace/repos/paddle_ocr_vl_npu/09_persistent_page_engine/paddleocr_vl/serving/continuous_decode.py(420): step;
/workspace/repos/paddle_ocr_vl_npu/09_persistent_page_engine/scripts/text_decode_lab.py(586): torch_profile;
/workspace/repos/paddle_ocr_vl_npu/09_persistent_page_engine/scripts/text_decode_lab.py(1119): main;
/usr/local/python3.12.13/lib/python3.12/site-packages/torch/utils/_contextlib.py(124): decorate_context;
/workspace/repos/paddle_ocr_vl_npu/09_persistent_page_engine/scripts/text_decode_lab.py(1167): <module>",292.55,327.34,0,0.02,0,0
record_event,,"/usr/local/python3.12.13/lib/python3.12/site-packages/torch_npu/npu/streams.py(151): record;
/usr/local/python3.12.13/lib/python3.12/site-packages/torch_npu/profiler/profiler_interface.py(47): wrapper;
/workspace/repos/paddle_ocr_vl_npu/09_persistent_page_engine/paddleocr_vl/serving/continuous_decode.py(209): _measure_enqueue;
/workspace/repos/paddle_ocr_vl_npu/09_persistent_page_engine/paddleocr_vl/serving/continuous_decode.py(420): step;
/workspace/repos/paddle_ocr_vl_npu/09_persistent_page_engine/scripts/text_decode_lab.py(586): torch_profile;
/workspace/repos/paddle_ocr_vl_npu/09_persistent_page_engine/scripts/text_decode_lab.py(1119): main;
/usr/local/python3.12.13/lib/python3.12/site-packages/torch/utils/_contextlib.py(124): decorate_context;
/workspace/repos/paddle_ocr_vl_npu/09_persistent_page_engine/scripts/text_decode_lab.py(1167): <module>",34.79,34.79,0.02,0.02,0,0
aten::view,"4;
","/workspace/repos/paddle_ocr_vl_npu/09_persistent_page_engine/paddleocr_vl/serving/continuous_decode.py(435): step;
/workspace/repos/paddle_ocr_vl_npu/09_persistent_page_engine/scripts/text_decode_lab.py(586): torch_profile;
/workspace/repos/paddle_ocr_vl_npu/09_persistent_page_engine/scripts/text_decode_lab.py(1119): main;
/usr/local/python3.12.13/lib/python3.12/site-packages/torch/utils/_contextlib.py(124): decorate_context;
/workspace/repos/paddle_ocr_vl_npu/09_persistent_page_engine/scripts/text_decode_lab.py(1167): <module>",26.0,26.0,0,0,0,0
aten::full_like,"4,1;
;
;
;
;
;
","/workspace/repos/paddle_ocr_vl_npu/09_persistent_page_engine/paddleocr_vl/serving/continuous_decode.py(437): step;
/workspace/repos/paddle_ocr_vl_npu/09_persistent_page_engine/scripts/text_decode_lab.py(586): torch_profile;
/workspace/repos/paddle_ocr_vl_npu/09_persistent_page_engine/scripts/text_decode_lab.py(1119): main;
/usr/local/python3.12.13/lib/python3.12/site-packages/torch/utils/_contextlib.py(124): decorate_context;
/workspace/repos/paddle_ocr_vl_npu/09_persistent_page_engine/scripts/text_decode_lab.py(1167): <module>",20.11,121.72,0,2.2,0,0
aten::empty_like,"4,1;
;
;
;
;
","/workspace/repos/paddle_ocr_vl_npu/09_persistent_page_engine/paddleocr_vl/serving/continuous_decode.py(437): step;
/workspace/repos/paddle_ocr_vl_npu/09_persistent_page_engine/scripts/text_decode_lab.py(586): torch_profile;
/workspace/repos/paddle_ocr_vl_npu/09_persistent_page_engine/scripts/text_decode_lab.py(1119): main;
/usr/local/python3.12.13/lib/python3.12/site-packages/torch/utils/_contextlib.py(124): decorate_context;
/workspace/repos/paddle_ocr_vl_npu/09_persistent_page_engine/scripts/text_decode_lab.py(1167): <module>",25.46,50.68,0,0,0,0
empty_tensor,,"/workspace/repos/paddle_ocr_vl_npu/09_persistent_page_engine/paddleocr_vl/serving/continuous_decode.py(437): step;
/workspace/repos/paddle_ocr_vl_npu/09_persistent_page_engine/scripts/text_decode_lab.py(586): torch_profile;
/workspace/repos/paddle_ocr_vl_npu/09_persistent_page_engine/scripts/text_decode_lab.py(1119): main;
/usr/local/python3.12.13/lib/python3.12/site-packages/torch/utils/_contextlib.py(124): decorate_context;
/workspace/repos/paddle_ocr_vl_npu/09_persistent_page_engine/scripts/text_decode_lab.py(1167): <module>",25.22,25.22,0,0,0,0
aten::fill_,"4,1;
","/workspace/repos/paddle_ocr_vl_npu/09_persistent_page_engine/paddleocr_vl/serving/continuous_decode.py(437): step;
/workspace/repos/paddle_ocr_vl_npu/09_persistent_page_engine/scripts/text_decode_lab.py(586): torch_profile;
/workspace/repos/paddle_ocr_vl_npu/09_persistent_page_engine/scripts/text_decode_lab.py(1119): main;
/usr/local/python3.12.13/lib/python3.12/site-packages/torch/utils/_contextlib.py(124): decorate_context;
/workspace/repos/paddle_ocr_vl_npu/09_persistent_page_engine/scripts/text_decode_lab.py(1167): <module>",26.78,50.93,0,2.2,0,0
aclnnInplaceFillScalar,,"/workspace/repos/paddle_ocr_vl_npu/09_persistent_page_engine/paddleocr_vl/serving/continuous_decode.py(437): step;
/workspace/repos/paddle_ocr_vl_npu/09_persistent_page_engine/scripts/text_decode_lab.py(586): torch_profile;
/workspace/repos/paddle_ocr_vl_npu/09_persistent_page_engine/scripts/text_decode_lab.py(1119): main;
/usr/local/python3.12.13/lib/python3.12/site-packages/torch/utils/_contextlib.py(124): decorate_context;
/workspace/repos/paddle_ocr_vl_npu/09_persistent_page_engine/scripts/text_decode_lab.py(1167): <module>",24.15,24.15,2.2,2.2,0,0
aten::where,"4,1;
4,1;
4,1","/workspace/repos/paddle_ocr_vl_npu/09_persistent_page_engine/paddleocr_vl/serving/continuous_decode.py(434): step;
/workspace/repos/paddle_ocr_vl_npu/09_persistent_page_engine/scripts/text_decode_lab.py(586): torch_profile;
/workspace/repos/paddle_ocr_vl_npu/09_persistent_page_engine/scripts/text_decode_lab.py(1119): main;
/usr/local/python3.12.13/lib/python3.12/site-packages/torch/utils/_contextlib.py(124): decorate_context;
/workspace/repos/paddle_ocr_vl_npu/09_persistent_page_engine/scripts/text_decode_lab.py(1167): <module>",27.13,83.9,0,2.2,0,0
empty_tensor,,"/workspace/repos/paddle_ocr_vl_npu/09_persistent_page_engine/paddleocr_vl/serving/continuous_decode.py(434): step;
/workspace/repos/paddle_ocr_vl_npu/09_persistent_page_engine/scripts/text_decode_lab.py(586): torch_profile;
/workspace/repos/paddle_ocr_vl_npu/09_persistent_page_engine/scripts/text_decode_lab.py(1119): main;
/usr/local/python3.12.13/lib/python3.12/site-packages/torch/utils/_contextlib.py(124): decorate_context;
/workspace/repos/paddle_ocr_vl_npu/09_persistent_page_engine/scripts/text_decode_lab.py(1167): <module>",19.73,19.73,0,0,0,0
aclnnSWhere,,"/workspace/repos/paddle_ocr_vl_npu/09_persistent_page_engine/paddleocr_vl/serving/continuous_decode.py(434): step;
/workspace/repos/paddle_ocr_vl_npu/09_persistent_page_engine/scripts/text_decode_lab.py(586): torch_profile;
/workspace/repos/paddle_ocr_vl_npu/09_persistent_page_engine/scripts/text_decode_lab.py(1119): main;
/usr/local/python3.12.13/lib/python3.12/site-packages/torch/utils/_contextlib.py(124): decorate_context;
/workspace/repos/paddle_ocr_vl_npu/09_persistent_page_engine/scripts/text_decode_lab.py(1167): <module>",37.04,37.04,2.2,2.2,0,0
aten::add,"4;
;
","/workspace/repos/paddle_ocr_vl_npu/09_persistent_page_engine/paddleocr_vl/serving/continuous_decode.py(441): step;
/workspace/repos/paddle_ocr_vl_npu/09_persistent_page_engine/scripts/text_decode_lab.py(586): torch_profile;
/workspace/repos/paddle_ocr_vl_npu/09_persistent_page_engine/scripts/text_decode_lab.py(1119): main;
/usr/local/python3.12.13/lib/python3.12/site-packages/torch/utils/_contextlib.py(124): decorate_context;
/workspace/repos/paddle_ocr_vl_npu/09_persistent_page_engine/scripts/text_decode_lab.py(1167): <module>",32.63,116.14,0,3.28,0,0
empty_tensor,,"/workspace/repos/paddle_ocr_vl_npu/09_persistent_page_engine/paddleocr_vl/serving/continuous_decode.py(441): step;
/workspace/repos/paddle_ocr_vl_npu/09_persistent_page_engine/scripts/text_decode_lab.py(586): torch_profile;
/workspace/repos/paddle_ocr_vl_npu/09_persistent_page_engine/scripts/text_decode_lab.py(1119): main;
/usr/local/python3.12.13/lib/python3.12/site-packages/torch/utils/_contextlib.py(124): decorate_context;
/workspace/repos/paddle_ocr_vl_npu/09_persistent_page_engine/scripts/text_decode_lab.py(1167): <module>",19.57,19.57,0,0,0,0
aten::item,,"/workspace/repos/paddle_ocr_vl_npu/09_persistent_page_engine/paddleocr_vl/serving/continuous_decode.py(441): step;
/workspace/repos/paddle_ocr_vl_npu/09_persistent_page_engine/scripts/text_decode_lab.py(586): torch_profile;
/workspace/repos/paddle_ocr_vl_npu/09_persistent_page_engine/scripts/text_decode_lab.py(1119): main;
/usr/local/python3.12.13/lib/python3.12/site-packages/torch/utils/_contextlib.py(124): decorate_context;
/workspace/repos/paddle_ocr_vl_npu/09_persistent_page_engine/scripts/text_decode_lab.py(1167): <module>",16.71,36.8,0,0,0,0
aten::_local_scalar_dense,,"/workspace/repos/paddle_ocr_vl_npu/09_persistent_page_engine/paddleocr_vl/serving/continuous_decode.py(441): step;
/workspace/repos/paddle_ocr_vl_npu/09_persistent_page_engine/scripts/text_decode_lab.py(586): torch_profile;
/workspace/repos/paddle_ocr_vl_npu/09_persistent_page_engine/scripts/text_decode_lab.py(1119): main;
/usr/local/python3.12.13/lib/python3.12/site-packages/torch/utils/_contextlib.py(124): decorate_context;
/workspace/repos/paddle_ocr_vl_npu/09_persistent_page_engine/scripts/text_decode_lab.py(1167): <module>",20.09,20.09,0,0,0,0
aclnnAdds,,"/workspace/repos/paddle_ocr_vl_npu/09_persistent_page_engine/paddleocr_vl/serving/continuous_decode.py(441): step;
/workspace/repos/paddle_ocr_vl_npu/09_persistent_page_engine/scripts/text_decode_lab.py(586): torch_profile;
/workspace/repos/paddle_ocr_vl_npu/09_persistent_page_engine/scripts/text_decode_lab.py(1119): main;
/usr/local/python3.12.13/lib/python3.12/site-packages/torch/utils/_contextlib.py(124): decorate_context;
/workspace/repos/paddle_ocr_vl_npu/09_persistent_page_engine/scripts/text_decode_lab.py(1167): <module>",27.14,27.14,3.28,3.28,0,0
aten::zeros_like,"4;
;
;
;
;
","/workspace/repos/paddle_ocr_vl_npu/09_persistent_page_engine/paddleocr_vl/serving/continuous_decode.py(442): step;
/workspace/repos/paddle_ocr_vl_npu/09_persistent_page_engine/scripts/text_decode_lab.py(586): torch_profile;
/workspace/repos/paddle_ocr_vl_npu/09_persistent_page_engine/scripts/text_decode_lab.py(1119): main;
/usr/local/python3.12.13/lib/python3.12/site-packages/torch/utils/_contextlib.py(124): decorate_context;
/workspace/repos/paddle_ocr_vl_npu/09_persistent_page_engine/scripts/text_decode_lab.py(1167): <module>",19.64,108.69,0,1.72,0,0
aten::empty_like,"4;
;
;
;
;
","/workspace/repos/paddle_ocr_vl_npu/09_persistent_page_engine/paddleocr_vl/serving/continuous_decode.py(442): step;
/workspace/repos/paddle_ocr_vl_npu/09_persistent_page_engine/scripts/text_decode_lab.py(586): torch_profile;
/workspace/repos/paddle_ocr_vl_npu/09_persistent_page_engine/scripts/text_decode_lab.py(1119): main;
/usr/local/python3.12.13/lib/python3.12/site-packages/torch/utils/_contextlib.py(124): decorate_context;
/workspace/repos/paddle_ocr_vl_npu/09_persistent_page_engine/scripts/text_decode_lab.py(1167): <module>",24.8,44.67,0,0,0,0
empty_tensor,,"/workspace/repos/paddle_ocr_vl_npu/09_persistent_page_engine/paddleocr_vl/serving/continuous_decode.py(442): step;
/workspace/repos/paddle_ocr_vl_npu/09_persistent_page_engine/scripts/text_decode_lab.py(586): torch_profile;
/workspace/repos/paddle_ocr_vl_npu/09_persistent_page_engine/scripts/text_decode_lab.py(1119): main;
/usr/local/python3.12.13/lib/python3.12/site-packages/torch/utils/_contextlib.py(124): decorate_context;
/workspace/repos/paddle_ocr_vl_npu/09_persistent_page_engine/scripts/text_decode_lab.py(1167): <module>",19.87,19.87,0,0,0,0
aten::zero_,4,"/workspace/repos/paddle_ocr_vl_npu/09_persistent_page_engine/paddleocr_vl/serving/continuous_decode.py(442): step;
/workspace/repos/paddle_ocr_vl_npu/09_persistent_page_engine/scripts/text_decode_lab.py(586): torch_profile;
/workspace/repos/paddle_ocr_vl_npu/09_persistent_page_engine/scripts/text_decode_lab.py(1119): main;
/usr/local/python3.12.13/lib/python3.12/site-packages/torch/utils/_contextlib.py(124): decorate_context;
/workspace/repos/paddle_ocr_vl_npu/09_persistent_page_engine/scripts/text_decode_lab.py(1167): <module>",22.94,44.38,0,1.72,0,0
aclnnInplaceZero,,"/workspace/repos/paddle_ocr_vl_npu/09_persistent_page_engine/paddleocr_vl/serving/continuous_decode.py(442): step;
/workspace/repos/paddle_ocr_vl_npu/09_persistent_page_engine/scripts/text_decode_lab.py(586): torch_profile;
/workspace/repos/paddle_ocr_vl_npu/09_persistent_page_engine/scripts/text_decode_lab.py(1119): main;
/usr/local/python3.12.13/lib/python3.12/site-packages/torch/utils/_contextlib.py(124): decorate_context;
/workspace/repos/paddle_ocr_vl_npu/09_persistent_page_engine/scripts/text_decode_lab.py(1167): <module>",21.44,21.44,1.72,1.72,0,0
aten::where,"4;
4;
4","/workspace/repos/paddle_ocr_vl_npu/09_persistent_page_engine/paddleocr_vl/serving/continuous_decode.py(439): step;
/workspace/repos/paddle_ocr_vl_npu/09_persistent_page_engine/scripts/text_decode_lab.py(586): torch_profile;
/workspace/repos/paddle_ocr_vl_npu/09_persistent_page_engine/scripts/text_decode_lab.py(1119): main;
/usr/local/python3.12.13/lib/python3.12/site-packages/torch/utils/_contextlib.py(124): decorate_context;
/workspace/repos/paddle_ocr_vl_npu/09_persistent_page_engine/scripts/text_decode_lab.py(1167): <module>",25.15,64.95,0,1.7,0,0
empty_tensor,,"/workspace/repos/paddle_ocr_vl_npu/09_persistent_page_engine/paddleocr_vl/serving/continuous_decode.py(439): step;
/workspace/repos/paddle_ocr_vl_npu/09_persistent_page_engine/scripts/text_decode_lab.py(586): torch_profile;
/workspace/repos/paddle_ocr_vl_npu/09_persistent_page_engine/scripts/text_decode_lab.py(1119): main;
/usr/local/python3.12.13/lib/python3.12/site-packages/torch/utils/_contextlib.py(124): decorate_context;
/workspace/repos/paddle_ocr_vl_npu/09_persistent_page_engine/scripts/text_decode_lab.py(1167): <module>",18.89,18.89,0,0,0,0
aclnnSWhere,,"/workspace/repos/paddle_ocr_vl_npu/09_persistent_page_engine/paddleocr_vl/serving/continuous_decode.py(439): step;
/workspace/repos/paddle_ocr_vl_npu/09_persistent_page_engine/scripts/text_decode_lab.py(586): torch_profile;
/workspace/repos/paddle_ocr_vl_npu/09_persistent_page_engine/scripts/text_decode_lab.py(1119): main;
/usr/local/python3.12.13/lib/python3.12/site-packages/torch/utils/_contextlib.py(124): decorate_context;
/workspace/repos/paddle_ocr_vl_npu/09_persistent_page_engine/scripts/text_decode_lab.py(1167): <module>",20.91,20.91,1.7,1.7,0,0
paddleocr_vl.compiled_decode_step,,"/usr/local/python3.12.13/lib/python3.12/site-packages/torch/_ops.py(1209): __call__;
/usr/local/python3.12.13/lib/python3.12/site-packages/torch/autograd/profiler.py(801): __enter__;
/workspace/repos/paddle_ocr_vl_npu/09_persistent_page_engine/scripts/text_decode_lab.py(583): torch_profile;
/workspace/repos/paddle_ocr_vl_npu/09_persistent_page_engine/scripts/text_decode_lab.py(1119): main;
/usr/local/python3.12.13/lib/python3.12/site-packages/torch/utils/_contextlib.py(124): decorate_context;
/workspace/repos/paddle_ocr_vl_npu/09_persistent_page_engine/scripts/text_decode_lab.py(1167): <module>",451.36,2787.53,0,34.74,0,0
Event::record,,"/usr/local/python3.12.13/lib/python3.12/site-packages/torch/_ops.py(1209): __call__;
/usr/local/python3.12.13/lib/python3.12/site-packages/torch/autograd/profiler.py(801): __enter__;
/usr/local/python3.12.13/lib/python3.12/site-packages/torch_npu/profiler/profiler_interface.py(46): wrapper;
/workspace/repos/paddle_ocr_vl_npu/09_persistent_page_engine/paddleocr_vl/serving/continuous_decode.py(206): _measure_enqueue;
/workspace/repos/paddle_ocr_vl_npu/09_persistent_page_engine/paddleocr_vl/serving/continuous_decode.py(420): step;
/workspace/repos/paddle_ocr_vl_npu/09_persistent_page_engine/scripts/text_decode_lab.py(586): torch_profile;
/workspace/repos/paddle_ocr_vl_npu/09_persistent_page_engine/scripts/text_decode_lab.py(1119): main;
/usr/local/python3.12.13/lib/python3.12/site-packages/torch/utils/_contextlib.py(124): decorate_context;
/workspace/repos/paddle_ocr_vl_npu/09_persistent_page_engine/scripts/text_decode_lab.py(1167): <module>",284.97,324.62,0,0.02,0,0
record_event,,"/usr/local/python3.12.13/lib/python3.12/site-packages/torch_npu/npu/streams.py(151): record;
/usr/local/python3.12.13/lib/python3.12/site-packages/torch_npu/profiler/profiler_interface.py(47): wrapper;
/workspace/repos/paddle_ocr_vl_npu/09_persistent_page_engine/paddleocr_vl/serving/continuous_decode.py(206): _measure_enqueue;
/workspace/repos/paddle_ocr_vl_npu/09_persistent_page_engine/paddleocr_vl/serving/continuous_decode.py(420): step;
/workspace/repos/paddle_ocr_vl_npu/09_persistent_page_engine/scripts/text_decode_lab.py(586): torch_profile;
/workspace/repos/paddle_ocr_vl_npu/09_persistent_page_engine/scripts/text_decode_lab.py(1119): main;
/usr/local/python3.12.13/lib/python3.12/site-packages/torch/utils/_contextlib.py(124): decorate_context;
/workspace/repos/paddle_ocr_vl_npu/09_persistent_page_engine/scripts/text_decode_lab.py(1167): <module>",39.65,39.65,0.02,0.02,0,0
cache_compiler inference,,"/usr/local/python3.12.13/lib/python3.12/site-packages/torch/_ops.py(1209): __call__;
/usr/local/python3.12.13/lib/python3.12/site-packages/torch/autograd/profiler.py(801): __enter__;
/usr/local/python3.12.13/lib/python3.12/site-packages/torch_npu/dynamo/torchair/inference/_cache_compiler.py(598): __call__;
/workspace/repos/paddle_ocr_vl_npu/09_persistent_page_engine/paddleocr_vl/serving/continuous_decode.py(405): execute;
/workspace/repos/paddle_ocr_vl_npu/09_persistent_page_engine/paddleocr_vl/serving/continuous_decode.py(207): _measure_enqueue;
/workspace/repos/paddle_ocr_vl_npu/09_persistent_page_engine/paddleocr_vl/serving/continuous_decode.py(420): step;
/workspace/repos/paddle_ocr_vl_npu/09_persistent_page_engine/scripts/text_decode_lab.py(586): torch_profile;
/workspace/repos/paddle_ocr_vl_npu/09_persistent_page_engine/scripts/text_decode_lab.py(1119): main;
/usr/local/python3.12.13/lib/python3.12/site-packages/torch/utils/_contextlib.py(124): decorate_context;
/workspace/repos/paddle_ocr_vl_npu/09_persistent_page_engine/scripts/text_decode_lab.py(1167): <module>",278.6,802.14,0,0,0,0
TorchNpuGraphBase::Run,,"/usr/local/python3.12.13/lib/python3.12/site-packages/torch_npu/dynamo/torchair/core/_backend.py(140): run;
/usr/local/python3.12.13/lib/python3.12/site-packages/torch_npu/dynamo/torchair/_utils/error_code.py(43): wapper;
/usr/local/python3.12.13/lib/python3.12/site-packages/torch_npu/dynamo/torchair/ge/_ge_graph.py(803): run;
<string>(231): kernel;
/usr/local/python3.12.13/lib/python3.12/site-packages/torch_npu/dynamo/torchair/inference/_cache_compiler.py(299): compiled_fn;
/workspace/repos/paddle_ocr_vl_npu/09_persistent_page_engine/paddleocr_vl/model/text_decode.py(841): forward;
/usr/local/python3.12.13/lib/python3.12/site-packages/torch_npu/dynamo/torchair/inference/_cache_compiler.py(318): compiled_method;
/usr/local/python3.12.13/lib/python3.12/site-packages/torch_npu/dynamo/torchair/inference/_cache_compiler.py(599): __call__;
/workspace/repos/paddle_ocr_vl_npu/09_persistent_page_engine/paddleocr_vl/serving/continuous_decode.py(405): execute;
/workspace/repos/paddle_ocr_vl_npu/09_persistent_page_engine/paddleocr_vl/serving/continuous_decode.py(207): _measure_enqueue;
/workspace/repos/paddle_ocr_vl_npu/09_persistent_page_engine/paddleocr_vl/serving/continuous_decode.py(420): step;
/workspace/repos/paddle_ocr_vl_npu/09_persistent_page_engine/scripts/text_decode_lab.py(586): torch_profile;
/workspace/repos/paddle_ocr_vl_npu/09_persistent_page_engine/scripts/text_decode_lab.py(1119): main;
/usr/local/python3.12.13/lib/python3.12/site-packages/torch/utils/_contextlib.py(124): decorate_context;
/workspace/repos/paddle_ocr_vl_npu/09_persistent_page_engine/scripts/text_decode_lab.py(1167): <module>",77.11,523.54,0,0,0,0
AssembleInputs,,"/usr/local/python3.12.13/lib/python3.12/site-packages/torch_npu/dynamo/torchair/core/_backend.py(140): run;
/usr/local/python3.12.13/lib/python3.12/site-packages/torch_npu/dynamo/torchair/_utils/error_code.py(43): wapper;
/usr/local/python3.12.13/lib/python3.12/site-packages/torch_npu/dynamo/torchair/ge/_ge_graph.py(803): run;
<string>(231): kernel;
/usr/local/python3.12.13/lib/python3.12/site-packages/torch_npu/dynamo/torchair/inference/_cache_compiler.py(299): compiled_fn;
/workspace/repos/paddle_ocr_vl_npu/09_persistent_page_engine/paddleocr_vl/model/text_decode.py(841): forward;
/usr/local/python3.12.13/lib/python3.12/site-packages/torch_npu/dynamo/torchair/inference/_cache_compiler.py(318): compiled_method;
/usr/local/python3.12.13/lib/python3.12/site-packages/torch_npu/dynamo/torchair/inference/_cache_compiler.py(599): __call__;
/workspace/repos/paddle_ocr_vl_npu/09_persistent_page_engine/paddleocr_vl/serving/continuous_decode.py(405): execute;
/workspace/repos/paddle_ocr_vl_npu/09_persistent_page_engine/paddleocr_vl/serving/continuous_decode.py(207): _measure_enqueue;
/workspace/repos/paddle_ocr_vl_npu/09_persistent_page_engine/paddleocr_vl/serving/continuous_decode.py(420): step;
/workspace/repos/paddle_ocr_vl_npu/09_persistent_page_engine/scripts/text_decode_lab.py(586): torch_profile;
/workspace/repos/paddle_ocr_vl_npu/09_persistent_page_engine/scripts/text_decode_lab.py(1119): main;
/usr/local/python3.12.13/lib/python3.12/site-packages/torch/utils/_contextlib.py(124): decorate_context;
/workspace/repos/paddle_ocr_vl_npu/09_persistent_page_engine/scripts/text_decode_lab.py(1167): <module>",56.42,56.42,0,0,0,0
AssembleOutputs,,"/usr/local/python3.12.13/lib/python3.12/site-packages/torch_npu/dynamo/torchair/core/_backend.py(140): run;
/usr/local/python3.12.13/lib/python3.12/site-packages/torch_npu/dynamo/torchair/_utils/error_code.py(43): wapper;
/usr/local/python3.12.13/lib/python3.12/site-packages/torch_npu/dynamo/torchair/ge/_ge_graph.py(803): run;
<string>(231): kernel;
/usr/local/python3.12.13/lib/python3.12/site-packages/torch_npu/dynamo/torchair/inference/_cache_compiler.py(299): compiled_fn;
/workspace/repos/paddle_ocr_vl_npu/09_persistent_page_engine/paddleocr_vl/model/text_decode.py(841): forward;
/usr/local/python3.12.13/lib/python3.12/site-packages/torch_npu/dynamo/torchair/inference/_cache_compiler.py(318): compiled_method;
/usr/local/python3.12.13/lib/python3.12/site-packages/torch_npu/dynamo/torchair/inference/_cache_compiler.py(599): __call__;
/workspace/repos/paddle_ocr_vl_npu/09_persistent_page_engine/paddleocr_vl/serving/continuous_decode.py(405): execute;
/workspace/repos/paddle_ocr_vl_npu/09_persistent_page_engine/paddleocr_vl/serving/continuous_decode.py(207): _measure_enqueue;
/workspace/repos/paddle_ocr_vl_npu/09_persistent_page_engine/paddleocr_vl/serving/continuous_decode.py(420): step;
/workspace/repos/paddle_ocr_vl_npu/09_persistent_page_engine/scripts/text_decode_lab.py(586): torch_profile;
/workspace/repos/paddle_ocr_vl_npu/09_persistent_page_engine/scripts/text_decode_lab.py(1119): main;
/usr/local/python3.12.13/lib/python3.12/site-packages/torch/utils/_contextlib.py(124): decorate_context;
/workspace/repos/paddle_ocr_vl_npu/09_persistent_page_engine/scripts/text_decode_lab.py(1167): <module>",65.11,65.11,0,0,0,0
ExecuteGraph,,"/usr/local/python3.12.13/lib/python3.12/site-packages/torch_npu/dynamo/torchair/core/_backend.py(140): run;
/usr/local/python3.12.13/lib/python3.12/site-packages/torch_npu/dynamo/torchair/_utils/error_code.py(43): wapper;
/usr/local/python3.12.13/lib/python3.12/site-packages/torch_npu/dynamo/torchair/ge/_ge_graph.py(803): run;
<string>(231): kernel;
/usr/local/python3.12.13/lib/python3.12/site-packages/torch_npu/dynamo/torchair/inference/_cache_compiler.py(299): compiled_fn;
/workspace/repos/paddle_ocr_vl_npu/09_persistent_page_engine/paddleocr_vl/model/text_decode.py(841): forward;
/usr/local/python3.12.13/lib/python3.12/site-packages/torch_npu/dynamo/torchair/inference/_cache_compiler.py(318): compiled_method;
/usr/local/python3.12.13/lib/python3.12/site-packages/torch_npu/dynamo/torchair/inference/_cache_compiler.py(599): __call__;
/workspace/repos/paddle_ocr_vl_npu/09_persistent_page_engine/paddleocr_vl/serving/continuous_decode.py(405): execute;
/workspace/repos/paddle_ocr_vl_npu/09_persistent_page_engine/paddleocr_vl/serving/continuous_decode.py(207): _measure_enqueue;
/workspace/repos/paddle_ocr_vl_npu/09_persistent_page_engine/paddleocr_vl/serving/continuous_decode.py(420): step;
/workspace/repos/paddle_ocr_vl_npu/09_persistent_page_engine/scripts/text_decode_lab.py(586): torch_profile;
/workspace/repos/paddle_ocr_vl_npu/09_persistent_page_engine/scripts/text_decode_lab.py(1119): main;
/usr/local/python3.12.13/lib/python3.12/site-packages/torch/utils/_contextlib.py(124): decorate_context;
/workspace/repos/paddle_ocr_vl_npu/09_persistent_page_engine/scripts/text_decode_lab.py(1167): <module>",110.81,110.81,0,0,0,0
RefreshAtTensorFromGeTensor,,"/usr/local/python3.12.13/lib/python3.12/site-packages/torch_npu/dynamo/torchair/core/_backend.py(140): run;
/usr/local/python3.12.13/lib/python3.12/site-packages/torch_npu/dynamo/torchair/_utils/error_code.py(43): wapper;
/usr/local/python3.12.13/lib/python3.12/site-packages/torch_npu/dynamo/torchair/ge/_ge_graph.py(803): run;
<string>(231): kernel;
/usr/local/python3.12.13/lib/python3.12/site-packages/torch_npu/dynamo/torchair/inference/_cache_compiler.py(299): compiled_fn;
/workspace/repos/paddle_ocr_vl_npu/09_persistent_page_engine/paddleocr_vl/model/text_decode.py(841): forward;
/usr/local/python3.12.13/lib/python3.12/site-packages/torch_npu/dynamo/torchair/inference/_cache_compiler.py(318): compiled_method;
/usr/local/python3.12.13/lib/python3.12/site-packages/torch_npu/dynamo/torchair/inference/_cache_compiler.py(599): __call__;
/workspace/repos/paddle_ocr_vl_npu/09_persistent_page_engine/paddleocr_vl/serving/continuous_decode.py(405): execute;
/workspace/repos/paddle_ocr_vl_npu/09_persistent_page_engine/paddleocr_vl/serving/continuous_decode.py(207): _measure_enqueue;
/workspace/repos/paddle_ocr_vl_npu/09_persistent_page_engine/paddleocr_vl/serving/continuous_decode.py(420): step;
/workspace/repos/paddle_ocr_vl_npu/09_persistent_page_engine/scripts/text_decode_lab.py(586): torch_profile;
/workspace/repos/paddle_ocr_vl_npu/09_persistent_page_engine/scripts/text_decode_lab.py(1119): main;
/usr/local/python3.12.13/lib/python3.12/site-packages/torch/utils/_contextlib.py(124): decorate_context;
/workspace/repos/paddle_ocr_vl_npu/09_persistent_page_engine/scripts/text_decode_lab.py(1167): <module>",57.09,214.09,0,0,0,0
aten::empty,";
;
;
;
;
","/usr/local/python3.12.13/lib/python3.12/site-packages/torch_npu/dynamo/torchair/core/_backend.py(140): run;
/usr/local/python3.12.13/lib/python3.12/site-packages/torch_npu/dynamo/torchair/_utils/error_code.py(43): wapper;
/usr/local/python3.12.13/lib/python3.12/site-packages/torch_npu/dynamo/torchair/ge/_ge_graph.py(803): run;
<string>(231): kernel;
/usr/local/python3.12.13/lib/python3.12/site-packages/torch_npu/dynamo/torchair/inference/_cache_compiler.py(299): compiled_fn;
/workspace/repos/paddle_ocr_vl_npu/09_persistent_page_engine/paddleocr_vl/model/text_decode.py(841): forward;
/usr/local/python3.12.13/lib/python3.12/site-packages/torch_npu/dynamo/torchair/inference/_cache_compiler.py(318): compiled_method;
/usr/local/python3.12.13/lib/python3.12/site-packages/torch_npu/dynamo/torchair/inference/_cache_compiler.py(599): __call__;
/workspace/repos/paddle_ocr_vl_npu/09_persistent_page_engine/paddleocr_vl/serving/continuous_decode.py(405): execute;
/workspace/repos/paddle_ocr_vl_npu/09_persistent_page_engine/paddleocr_vl/serving/continuous_decode.py(207): _measure_enqueue;
/workspace/repos/paddle_ocr_vl_npu/09_persistent_page_engine/paddleocr_vl/serving/continuous_decode.py(420): step;
/workspace/repos/paddle_ocr_vl_npu/09_persistent_page_engine/scripts/text_decode_lab.py(586): torch_profile;
/workspace/repos/paddle_ocr_vl_npu/09_persistent_page_engine/scripts/text_decode_lab.py(1119): main;
/usr/local/python3.12.13/lib/python3.12/site-packages/torch/utils/_contextlib.py(124): decorate_context;
/workspace/repos/paddle_ocr_vl_npu/09_persistent_page_engine/scripts/text_decode_lab.py(1167): <module>",52.54,105.29,0,0,0,0
empty_tensor,,"/usr/local/python3.12.13/lib/python3.12/site-packages/torch_npu/dynamo/torchair/core/_backend.py(140): run;
/usr/local/python3.12.13/lib/python3.12/site-packages/torch_npu/dynamo/torchair/_utils/error_code.py(43): wapper;
/usr/local/python3.12.13/lib/python3.12/site-packages/torch_npu/dynamo/torchair/ge/_ge_graph.py(803): run;
<string>(231): kernel;
/usr/local/python3.12.13/lib/python3.12/site-packages/torch_npu/dynamo/torchair/inference/_cache_compiler.py(299): compiled_fn;
/workspace/repos/paddle_ocr_vl_npu/09_persistent_page_engine/paddleocr_vl/model/text_decode.py(841): forward;
/usr/local/python3.12.13/lib/python3.12/site-packages/torch_npu/dynamo/torchair/inference/_cache_compiler.py(318): compiled_method;
/usr/local/python3.12.13/lib/python3.12/site-packages/torch_npu/dynamo/torchair/inference/_cache_compiler.py(599): __call__;
/workspace/repos/paddle_ocr_vl_npu/09_persistent_page_engine/paddleocr_vl/serving/continuous_decode.py(405): execute;
/workspace/repos/paddle_ocr_vl_npu/09_persistent_page_engine/paddleocr_vl/serving/continuous_decode.py(207): _measure_enqueue;
/workspace/repos/paddle_ocr_vl_npu/09_persistent_page_engine/paddleocr_vl/serving/continuous_decode.py(420): step;
/workspace/repos/paddle_ocr_vl_npu/09_persistent_page_engine/scripts/text_decode_lab.py(586): torch_profile;
/workspace/repos/paddle_ocr_vl_npu/09_persistent_page_engine/scripts/text_decode_lab.py(1119): main;
/usr/local/python3.12.13/lib/python3.12/site-packages/torch/utils/_contextlib.py(124): decorate_context;
/workspace/repos/paddle_ocr_vl_npu/09_persistent_page_engine/scripts/text_decode_lab.py(1167): <module>",52.75,52.75,0,0,0,0
aten::set_,"0;
;
;
;
","/usr/local/python3.12.13/lib/python3.12/site-packages/torch_npu/dynamo/torchair/core/_backend.py(140): run;
/usr/local/python3.12.13/lib/python3.12/site-packages/torch_npu/dynamo/torchair/_utils/error_code.py(43): wapper;
/usr/local/python3.12.13/lib/python3.12/site-packages/torch_npu/dynamo/torchair/ge/_ge_graph.py(803): run;
<string>(231): kernel;
/usr/local/python3.12.13/lib/python3.12/site-packages/torch_npu/dynamo/torchair/inference/_cache_compiler.py(299): compiled_fn;
/workspace/repos/paddle_ocr_vl_npu/09_persistent_page_engine/paddleocr_vl/model/text_decode.py(841): forward;
/usr/local/python3.12.13/lib/python3.12/site-packages/torch_npu/dynamo/torchair/inference/_cache_compiler.py(318): compiled_method;
/usr/local/python3.12.13/lib/python3.12/site-packages/torch_npu/dynamo/torchair/inference/_cache_compiler.py(599): __call__;
/workspace/repos/paddle_ocr_vl_npu/09_persistent_page_engine/paddleocr_vl/serving/continuous_decode.py(405): execute;
/workspace/repos/paddle_ocr_vl_npu/09_persistent_page_engine/paddleocr_vl/serving/continuous_decode.py(207): _measure_enqueue;
/workspace/repos/paddle_ocr_vl_npu/09_persistent_page_engine/paddleocr_vl/serving/continuous_decode.py(420): step;
/workspace/repos/paddle_ocr_vl_npu/09_persistent_page_engine/scripts/text_decode_lab.py(586): torch_profile;
/workspace/repos/paddle_ocr_vl_npu/09_persistent_page_engine/scripts/text_decode_lab.py(1119): main;
/usr/local/python3.12.13/lib/python3.12/site-packages/torch/utils/_contextlib.py(124): decorate_context;
/workspace/repos/paddle_ocr_vl_npu/09_persistent_page_engine/scripts/text_decode_lab.py(1167): <module>",51.71,51.71,0,0,0,0
aten::select,"4,1,103424;
;
","/workspace/repos/paddle_ocr_vl_npu/09_persistent_page_engine/paddleocr_vl/serving/continuous_decode.py(412): execute;
/workspace/repos/paddle_ocr_vl_npu/09_persistent_page_engine/paddleocr_vl/serving/continuous_decode.py(207): _measure_enqueue;
/workspace/repos/paddle_ocr_vl_npu/09_persistent_page_engine/paddleocr_vl/serving/continuous_decode.py(420): step;
/workspace/repos/paddle_ocr_vl_npu/09_persistent_page_engine/scripts/text_decode_lab.py(586): torch_profile;
/workspace/repos/paddle_ocr_vl_npu/09_persistent_page_engine/scripts/text_decode_lab.py(1119): main;
/usr/local/python3.12.13/lib/python3.12/site-packages/torch/utils/_contextlib.py(124): decorate_context;
/workspace/repos/paddle_ocr_vl_npu/09_persistent_page_engine/scripts/text_decode_lab.py(1167): <module>",27.64,49.99,0,0,0,0
aten::as_strided,"4,1,103424;
;
;
","/workspace/repos/paddle_ocr_vl_npu/09_persistent_page_engine/paddleocr_vl/serving/continuous_decode.py(412): execute;
/workspace/repos/paddle_ocr_vl_npu/09_persistent_page_engine/paddleocr_vl/serving/continuous_decode.py(207): _measure_enqueue;
/workspace/repos/paddle_ocr_vl_npu/09_persistent_page_engine/paddleocr_vl/serving/continuous_decode.py(420): step;
/workspace/repos/paddle_ocr_vl_npu/09_persistent_page_engine/scripts/text_decode_lab.py(586): torch_profile;
/workspace/repos/paddle_ocr_vl_npu/09_persistent_page_engine/scripts/text_decode_lab.py(1119): main;
/usr/local/python3.12.13/lib/python3.12/site-packages/torch/utils/_contextlib.py(124): decorate_context;
/workspace/repos/paddle_ocr_vl_npu/09_persistent_page_engine/scripts/text_decode_lab.py(1167): <module>",22.35,22.35,0,0,0,0
aten::to,"4,103424;
;
;
;
","/workspace/repos/paddle_ocr_vl_npu/09_persistent_page_engine/paddleocr_vl/serving/continuous_decode.py(412): execute;
/workspace/repos/paddle_ocr_vl_npu/09_persistent_page_engine/paddleocr_vl/serving/continuous_decode.py(207): _measure_enqueue;
/workspace/repos/paddle_ocr_vl_npu/09_persistent_page_engine/paddleocr_vl/serving/continuous_decode.py(420): step;
/workspace/repos/paddle_ocr_vl_npu/09_persistent_page_engine/scripts/text_decode_lab.py(586): torch_profile;
/workspace/repos/paddle_ocr_vl_npu/09_persistent_page_engine/scripts/text_decode_lab.py(1119): main;
/usr/local/python3.12.13/lib/python3.12/site-packages/torch/utils/_contextlib.py(124): decorate_context;
/workspace/repos/paddle_ocr_vl_npu/09_persistent_page_engine/scripts/text_decode_lab.py(1167): <module>",20.62,156.58,0,8.14,0,0
aten::_to_copy,"4,103424;
;
;
;
;
;
","/workspace/repos/paddle_ocr_vl_npu/09_persistent_page_engine/paddleocr_vl/serving/continuous_decode.py(412): execute;
/workspace/repos/paddle_ocr_vl_npu/09_persistent_page_engine/paddleocr_vl/serving/continuous_decode.py(207): _measure_enqueue;
/workspace/repos/paddle_ocr_vl_npu/09_persistent_page_engine/paddleocr_vl/serving/continuous_decode.py(420): step;
/workspace/repos/paddle_ocr_vl_npu/09_persistent_page_engine/scripts/text_decode_lab.py(586): torch_profile;
/workspace/repos/paddle_ocr_vl_npu/09_persistent_page_engine/scripts/text_decode_lab.py(1119): main;
/usr/local/python3.12.13/lib/python3.12/site-packages/torch/utils/_contextlib.py(124): decorate_context;
/workspace/repos/paddle_ocr_vl_npu/09_persistent_page_engine/scripts/text_decode_lab.py(1167): <module>",23.07,135.96,0,8.14,0,0
aten::empty,";
;
;
;
;
","/workspace/repos/paddle_ocr_vl_npu/09_persistent_page_engine/paddleocr_vl/serving/continuous_decode.py(412): execute;
/workspace/repos/paddle_ocr_vl_npu/09_persistent_page_engine/paddleocr_vl/serving/continuous_decode.py(207): _measure_enqueue;
/workspace/repos/paddle_ocr_vl_npu/09_persistent_page_engine/paddleocr_vl/serving/continuous_decode.py(420): step;
/workspace/repos/paddle_ocr_vl_npu/09_persistent_page_engine/scripts/text_decode_lab.py(586): torch_profile;
/workspace/repos/paddle_ocr_vl_npu/09_persistent_page_engine/scripts/text_decode_lab.py(1119): main;
/usr/local/python3.12.13/lib/python3.12/site-packages/torch/utils/_contextlib.py(124): decorate_context;
/workspace/repos/paddle_ocr_vl_npu/09_persistent_page_engine/scripts/text_decode_lab.py(1167): <module>",19.19,48.03,0,0,0,0
empty_tensor,,"/workspace/repos/paddle_ocr_vl_npu/09_persistent_page_engine/paddleocr_vl/serving/continuous_decode.py(412): execute;
/workspace/repos/paddle_ocr_vl_npu/09_persistent_page_engine/paddleocr_vl/serving/continuous_decode.py(207): _measure_enqueue;
/workspace/repos/paddle_ocr_vl_npu/09_persistent_page_engine/paddleocr_vl/serving/continuous_decode.py(420): step;
/workspace/repos/paddle_ocr_vl_npu/09_persistent_page_engine/scripts/text_decode_lab.py(586): torch_profile;
/workspace/repos/paddle_ocr_vl_npu/09_persistent_page_engine/scripts/text_decode_lab.py(1119): main;
/usr/local/python3.12.13/lib/python3.12/site-packages/torch/utils/_contextlib.py(124): decorate_context;
/workspace/repos/paddle_ocr_vl_npu/09_persistent_page_engine/scripts/text_decode_lab.py(1167): <module>",28.84,28.84,0,0,0,0
aten::copy_,"4,103424;
4,103424;
","/workspace/repos/paddle_ocr_vl_npu/09_persistent_page_engine/paddleocr_vl/serving/continuous_decode.py(412): execute;
/workspace/repos/paddle_ocr_vl_npu/09_persistent_page_engine/paddleocr_vl/serving/continuous_decode.py(207): _measure_enqueue;
/workspace/repos/paddle_ocr_vl_npu/09_persistent_page_engine/paddleocr_vl/serving/continuous_decode.py(420): step;
/workspace/repos/paddle_ocr_vl_npu/09_persistent_page_engine/scripts/text_decode_lab.py(586): torch_profile;
/workspace/repos/paddle_ocr_vl_npu/09_persistent_page_engine/scripts/text_decode_lab.py(1119): main;
/usr/local/python3.12.13/lib/python3.12/site-packages/torch/utils/_contextlib.py(124): decorate_context;
/workspace/repos/paddle_ocr_vl_npu/09_persistent_page_engine/scripts/text_decode_lab.py(1167): <module>",34.99,64.86,0,8.14,0,0
aclnnInplaceCopy,,"/workspace/repos/paddle_ocr_vl_npu/09_persistent_page_engine/paddleocr_vl/serving/continuous_decode.py(412): execute;
/workspace/repos/paddle_ocr_vl_npu/09_persistent_page_engine/paddleocr_vl/serving/continuous_decode.py(207): _measure_enqueue;
/workspace/repos/paddle_ocr_vl_npu/09_persistent_page_engine/paddleocr_vl/serving/continuous_decode.py(420): step;
/workspace/repos/paddle_ocr_vl_npu/09_persistent_page_engine/scripts/text_decode_lab.py(586): torch_profile;
/workspace/repos/paddle_ocr_vl_npu/09_persistent_page_engine/scripts/text_decode_lab.py(1119): main;
/usr/local/python3.12.13/lib/python3.12/site-packages/torch/utils/_contextlib.py(124): decorate_context;
/workspace/repos/paddle_ocr_vl_npu/09_persistent_page_engine/scripts/text_decode_lab.py(1167): <module>",29.87,29.87,8.14,8.14,0,0
aten::argmax,"4,103424;
;
","/workspace/repos/paddle_ocr_vl_npu/09_persistent_page_engine/paddleocr_vl/serving/continuous_decode.py(411): execute;
/workspace/repos/paddle_ocr_vl_npu/09_persistent_page_engine/paddleocr_vl/serving/continuous_decode.py(207): _measure_enqueue;
/workspace/repos/paddle_ocr_vl_npu/09_persistent_page_engine/paddleocr_vl/serving/continuous_decode.py(420): step;
/workspace/repos/paddle_ocr_vl_npu/09_persistent_page_engine/scripts/text_decode_lab.py(586): torch_profile;
/workspace/repos/paddle_ocr_vl_npu/09_persistent_page_engine/scripts/text_decode_lab.py(1119): main;
/usr/local/python3.12.13/lib/python3.12/site-packages/torch/utils/_contextlib.py(124): decorate_context;
/workspace/repos/paddle_ocr_vl_npu/09_persistent_page_engine/scripts/text_decode_lab.py(1167): <module>",25.15,168.47,0,15.5,0,0
aten::empty,";
;
;
;
;
","/workspace/repos/paddle_ocr_vl_npu/09_persistent_page_engine/paddleocr_vl/serving/continuous_decode.py(411): execute;
/workspace/repos/paddle_ocr_vl_npu/09_persistent_page_engine/paddleocr_vl/serving/continuous_decode.py(207): _measure_enqueue;
/workspace/repos/paddle_ocr_vl_npu/09_persistent_page_engine/paddleocr_vl/serving/continuous_decode.py(420): step;
/workspace/repos/paddle_ocr_vl_npu/09_persistent_page_engine/scripts/text_decode_lab.py(586): torch_profile;
/workspace/repos/paddle_ocr_vl_npu/09_persistent_page_engine/scripts/text_decode_lab.py(1119): main;
/usr/local/python3.12.13/lib/python3.12/site-packages/torch/utils/_contextlib.py(124): decorate_context;
/workspace/repos/paddle_ocr_vl_npu/09_persistent_page_engine/scripts/text_decode_lab.py(1167): <module>",19.7,44.29,0,0,0,0
empty_tensor,,"/workspace/repos/paddle_ocr_vl_npu/09_persistent_page_engine/paddleocr_vl/serving/continuous_decode.py(411): execute;
/workspace/repos/paddle_ocr_vl_npu/09_persistent_page_engine/paddleocr_vl/serving/continuous_decode.py(207): _measure_enqueue;
/workspace/repos/paddle_ocr_vl_npu/09_persistent_page_engine/paddleocr_vl/serving/continuous_decode.py(420): step;
/workspace/repos/paddle_ocr_vl_npu/09_persistent_page_engine/scripts/text_decode_lab.py(586): torch_profile;
/workspace/repos/paddle_ocr_vl_npu/09_persistent_page_engine/scripts/text_decode_lab.py(1119): main;
/usr/local/python3.12.13/lib/python3.12/site-packages/torch/utils/_contextlib.py(124): decorate_context;
/workspace/repos/paddle_ocr_vl_npu/09_persistent_page_engine/scripts/text_decode_lab.py(1167): <module>",24.59,24.59,0,0,0,0
aten::argmax,"4,103424;
;
;
4,1","/workspace/repos/paddle_ocr_vl_npu/09_persistent_page_engine/paddleocr_vl/serving/continuous_decode.py(411): execute;
/workspace/repos/paddle_ocr_vl_npu/09_persistent_page_engine/paddleocr_vl/serving/continuous_decode.py(207): _measure_enqueue;
/workspace/repos/paddle_ocr_vl_npu/09_persistent_page_engine/paddleocr_vl/serving/continuous_decode.py(420): step;
/workspace/repos/paddle_ocr_vl_npu/09_persistent_page_engine/scripts/text_decode_lab.py(586): torch_profile;
/workspace/repos/paddle_ocr_vl_npu/09_persistent_page_engine/scripts/text_decode_lab.py(1119): main;
/usr/local/python3.12.13/lib/python3.12/site-packages/torch/utils/_contextlib.py(124): decorate_context;
/workspace/repos/paddle_ocr_vl_npu/09_persistent_page_engine/scripts/text_decode_lab.py(1167): <module>",36.17,99.03,0,15.5,0,0
aten::reshape,"4,103424;
","/workspace/repos/paddle_ocr_vl_npu/09_persistent_page_engine/paddleocr_vl/serving/continuous_decode.py(411): execute;
/workspace/repos/paddle_ocr_vl_npu/09_persistent_page_engine/paddleocr_vl/serving/continuous_decode.py(207): _measure_enqueue;
/workspace/repos/paddle_ocr_vl_npu/09_persistent_page_engine/paddleocr_vl/serving/continuous_decode.py(420): step;
/workspace/repos/paddle_ocr_vl_npu/09_persistent_page_engine/scripts/text_decode_lab.py(586): torch_profile;
/workspace/repos/paddle_ocr_vl_npu/09_persistent_page_engine/scripts/text_decode_lab.py(1119): main;
/usr/local/python3.12.13/lib/python3.12/site-packages/torch/utils/_contextlib.py(124): decorate_context;
/workspace/repos/paddle_ocr_vl_npu/09_persistent_page_engine/scripts/text_decode_lab.py(1167): <module>",17.78,37.07,0,0,0,0
aten::view,"4,103424;
","/workspace/repos/paddle_ocr_vl_npu/09_persistent_page_engine/paddleocr_vl/serving/continuous_decode.py(411): execute;
/workspace/repos/paddle_ocr_vl_npu/09_persistent_page_engine/paddleocr_vl/serving/continuous_decode.py(207): _measure_enqueue;
/workspace/repos/paddle_ocr_vl_npu/09_persistent_page_engine/paddleocr_vl/serving/continuous_decode.py(420): step;
/workspace/repos/paddle_ocr_vl_npu/09_persistent_page_engine/scripts/text_decode_lab.py(586): torch_profile;
/workspace/repos/paddle_ocr_vl_npu/09_persistent_page_engine/scripts/text_decode_lab.py(1119): main;
/usr/local/python3.12.13/lib/python3.12/site-packages/torch/utils/_contextlib.py(124): decorate_context;
/workspace/repos/paddle_ocr_vl_npu/09_persistent_page_engine/scripts/text_decode_lab.py(1167): <module>",19.29,19.29,0,0,0,0
aclnnArgMax,,"/workspace/repos/paddle_ocr_vl_npu/09_persistent_page_engine/paddleocr_vl/serving/continuous_decode.py(411): execute;
/workspace/repos/paddle_ocr_vl_npu/09_persistent_page_engine/paddleocr_vl/serving/continuous_decode.py(207): _measure_enqueue;
/workspace/repos/paddle_ocr_vl_npu/09_persistent_page_engine/paddleocr_vl/serving/continuous_decode.py(420): step;
/workspace/repos/paddle_ocr_vl_npu/09_persistent_page_engine/scripts/text_decode_lab.py(586): torch_profile;
/workspace/repos/paddle_ocr_vl_npu/09_persistent_page_engine/scripts/text_decode_lab.py(1119): main;
/usr/local/python3.12.13/lib/python3.12/site-packages/torch/utils/_contextlib.py(124): decorate_context;
/workspace/repos/paddle_ocr_vl_npu/09_persistent_page_engine/scripts/text_decode_lab.py(1167): <module>",25.79,25.79,15.5,15.5,0,0
Event::record,,"/usr/local/python3.12.13/lib/python3.12/site-packages/torch/_ops.py(1209): __call__;
/usr/local/python3.12.13/lib/python3.12/site-packages/torch/autograd/profiler.py(801): __enter__;
/usr/local/python3.12.13/lib/python3.12/site-packages/torch_npu/profiler/profiler_interface.py(46): wrapper;
/workspace/repos/paddle_ocr_vl_npu/09_persistent_page_engine/paddleocr_vl/serving/continuous_decode.py(209): _measure_enqueue;
/workspace/repos/paddle_ocr_vl_npu/09_persistent_page_engine/paddleocr_vl/serving/continuous_decode.py(420): step;
/workspace/repos/paddle_ocr_vl_npu/09_persistent_page_engine/scripts/text_decode_lab.py(586): torch_profile;
/workspace/repos/paddle_ocr_vl_npu/09_persistent_page_engine/scripts/text_decode_lab.py(1119): main;
/usr/local/python3.12.13/lib/python3.12/site-packages/torch/utils/_contextlib.py(124): decorate_context;
/workspace/repos/paddle_ocr_vl_npu/09_persistent_page_engine/scripts/text_decode_lab.py(1167): <module>",290.96,325.3,0,0.0,0,0
record_event,,"/usr/local/python3.12.13/lib/python3.12/site-packages/torch_npu/npu/streams.py(151): record;
/usr/local/python3.12.13/lib/python3.12/site-packages/torch_npu/profiler/profiler_interface.py(47): wrapper;
/workspace/repos/paddle_ocr_vl_npu/09_persistent_page_engine/paddleocr_vl/serving/continuous_decode.py(209): _measure_enqueue;
/workspace/repos/paddle_ocr_vl_npu/09_persistent_page_engine/paddleocr_vl/serving/continuous_decode.py(420): step;
/workspace/repos/paddle_ocr_vl_npu/09_persistent_page_engine/scripts/text_decode_lab.py(586): torch_profile;
/workspace/repos/paddle_ocr_vl_npu/09_persistent_page_engine/scripts/text_decode_lab.py(1119): main;
/usr/local/python3.12.13/lib/python3.12/site-packages/torch/utils/_contextlib.py(124): decorate_context;
/workspace/repos/paddle_ocr_vl_npu/09_persistent_page_engine/scripts/text_decode_lab.py(1167): <module>",34.34,34.34,0.0,0.0,0,0
aten::view,"4;
","/workspace/repos/paddle_ocr_vl_npu/09_persistent_page_engine/paddleocr_vl/serving/continuous_decode.py(435): step;
/workspace/repos/paddle_ocr_vl_npu/09_persistent_page_engine/scripts/text_decode_lab.py(586): torch_profile;
/workspace/repos/paddle_ocr_vl_npu/09_persistent_page_engine/scripts/text_decode_lab.py(1119): main;
/usr/local/python3.12.13/lib/python3.12/site-packages/torch/utils/_contextlib.py(124): decorate_context;
/workspace/repos/paddle_ocr_vl_npu/09_persistent_page_engine/scripts/text_decode_lab.py(1167): <module>",26.58,26.58,0,0,0,0
aten::full_like,"4,1;
;
;
;
;
;
","/workspace/repos/paddle_ocr_vl_npu/09_persistent_page_engine/paddleocr_vl/serving/continuous_decode.py(437): step;
/workspace/repos/paddle_ocr_vl_npu/09_persistent_page_engine/scripts/text_decode_lab.py(586): torch_profile;
/workspace/repos/paddle_ocr_vl_npu/09_persistent_page_engine/scripts/text_decode_lab.py(1119): main;
/usr/local/python3.12.13/lib/python3.12/site-packages/torch/utils/_contextlib.py(124): decorate_context;
/workspace/repos/paddle_ocr_vl_npu/09_persistent_page_engine/scripts/text_decode_lab.py(1167): <module>",19.81,120.17,0,2.26,0,0
aten::empty_like,"4,1;
;
;
;
;
","/workspace/repos/paddle_ocr_vl_npu/09_persistent_page_engine/paddleocr_vl/serving/continuous_decode.py(437): step;
/workspace/repos/paddle_ocr_vl_npu/09_persistent_page_engine/scripts/text_decode_lab.py(586): torch_profile;
/workspace/repos/paddle_ocr_vl_npu/09_persistent_page_engine/scripts/text_decode_lab.py(1119): main;
/usr/local/python3.12.13/lib/python3.12/site-packages/torch/utils/_contextlib.py(124): decorate_context;
/workspace/repos/paddle_ocr_vl_npu/09_persistent_page_engine/scripts/text_decode_lab.py(1167): <module>",20.14,44.34,0,0,0,0
empty_tensor,,"/workspace/repos/paddle_ocr_vl_npu/09_persistent_page_engine/paddleocr_vl/serving/continuous_decode.py(437): step;
/workspace/repos/paddle_ocr_vl_npu/09_persistent_page_engine/scripts/text_decode_lab.py(586): torch_profile;
/workspace/repos/paddle_ocr_vl_npu/09_persistent_page_engine/scripts/text_decode_lab.py(1119): main;
/usr/local/python3.12.13/lib/python3.12/site-packages/torch/utils/_contextlib.py(124): decorate_context;
/workspace/repos/paddle_ocr_vl_npu/09_persistent_page_engine/scripts/text_decode_lab.py(1167): <module>",24.2,24.2,0,0,0,0
aten::fill_,"4,1;
","/workspace/repos/paddle_ocr_vl_npu/09_persistent_page_engine/paddleocr_vl/serving/continuous_decode.py(437): step;
/workspace/repos/paddle_ocr_vl_npu/09_persistent_page_engine/scripts/text_decode_lab.py(586): torch_profile;
/workspace/repos/paddle_ocr_vl_npu/09_persistent_page_engine/scripts/text_decode_lab.py(1119): main;
/usr/local/python3.12.13/lib/python3.12/site-packages/torch/utils/_contextlib.py(124): decorate_context;
/workspace/repos/paddle_ocr_vl_npu/09_persistent_page_engine/scripts/text_decode_lab.py(1167): <module>",26.48,56.02,0,2.26,0,0
aclnnInplaceFillScalar,,"/workspace/repos/paddle_ocr_vl_npu/09_persistent_page_engine/paddleocr_vl/serving/continuous_decode.py(437): step;
/workspace/repos/paddle_ocr_vl_npu/09_persistent_page_engine/scripts/text_decode_lab.py(586): torch_profile;
/workspace/repos/paddle_ocr_vl_npu/09_persistent_page_engine/scripts/text_decode_lab.py(1119): main;
/usr/local/python3.12.13/lib/python3.12/site-packages/torch/utils/_contextlib.py(124): decorate_context;
/workspace/repos/paddle_ocr_vl_npu/09_persistent_page_engine/scripts/text_decode_lab.py(1167): <module>",29.54,29.54,2.26,2.26,0,0
aten::where,"4,1;
4,1;
4,1","/workspace/repos/paddle_ocr_vl_npu/09_persistent_page_engine/paddleocr_vl/serving/continuous_decode.py(434): step;
/workspace/repos/paddle_ocr_vl_npu/09_persistent_page_engine/scripts/text_decode_lab.py(586): torch_profile;
/workspace/repos/paddle_ocr_vl_npu/09_persistent_page_engine/scripts/text_decode_lab.py(1119): main;
/usr/local/python3.12.13/lib/python3.12/site-packages/torch/utils/_contextlib.py(124): decorate_context;
/workspace/repos/paddle_ocr_vl_npu/09_persistent_page_engine/scripts/text_decode_lab.py(1167): <module>",29.14,71.87,0,2.2,0,0
empty_tensor,,"/workspace/repos/paddle_ocr_vl_npu/09_persistent_page_engine/paddleocr_vl/serving/continuous_decode.py(434): step;
/workspace/repos/paddle_ocr_vl_npu/09_persistent_page_engine/scripts/text_decode_lab.py(586): torch_profile;
/workspace/repos/paddle_ocr_vl_npu/09_persistent_page_engine/scripts/text_decode_lab.py(1119): main;
/usr/local/python3.12.13/lib/python3.12/site-packages/torch/utils/_contextlib.py(124): decorate_context;
/workspace/repos/paddle_ocr_vl_npu/09_persistent_page_engine/scripts/text_decode_lab.py(1167): <module>",20.7,20.7,0,0,0,0
aclnnSWhere,,"/workspace/repos/paddle_ocr_vl_npu/09_persistent_page_engine/paddleocr_vl/serving/continuous_decode.py(434): step;
/workspace/repos/paddle_ocr_vl_npu/09_persistent_page_engine/scripts/text_decode_lab.py(586): torch_profile;
/workspace/repos/paddle_ocr_vl_npu/09_persistent_page_engine/scripts/text_decode_lab.py(1119): main;
/usr/local/python3.12.13/lib/python3.12/site-packages/torch/utils/_contextlib.py(124): decorate_context;
/workspace/repos/paddle_ocr_vl_npu/09_persistent_page_engine/scripts/text_decode_lab.py(1167): <module>",22.03,22.03,2.2,2.2,0,0
aten::add,"4;
;
","/workspace/repos/paddle_ocr_vl_npu/09_persistent_page_engine/paddleocr_vl/serving/continuous_decode.py(441): step;
/workspace/repos/paddle_ocr_vl_npu/09_persistent_page_engine/scripts/text_decode_lab.py(586): torch_profile;
/workspace/repos/paddle_ocr_vl_npu/09_persistent_page_engine/scripts/text_decode_lab.py(1119): main;
/usr/local/python3.12.13/lib/python3.12/site-packages/torch/utils/_contextlib.py(124): decorate_context;
/workspace/repos/paddle_ocr_vl_npu/09_persistent_page_engine/scripts/text_decode_lab.py(1167): <module>",34.56,106.6,0,3.04,0,0
empty_tensor,,"/workspace/repos/paddle_ocr_vl_npu/09_persistent_page_engine/paddleocr_vl/serving/continuous_decode.py(441): step;
/workspace/repos/paddle_ocr_vl_npu/09_persistent_page_engine/scripts/text_decode_lab.py(586): torch_profile;
/workspace/repos/paddle_ocr_vl_npu/09_persistent_page_engine/scripts/text_decode_lab.py(1119): main;
/usr/local/python3.12.13/lib/python3.12/site-packages/torch/utils/_contextlib.py(124): decorate_context;
/workspace/repos/paddle_ocr_vl_npu/09_persistent_page_engine/scripts/text_decode_lab.py(1167): <module>",19.68,19.68,0,0,0,0
aten::item,,"/workspace/repos/paddle_ocr_vl_npu/09_persistent_page_engine/paddleocr_vl/serving/continuous_decode.py(441): step;
/workspace/repos/paddle_ocr_vl_npu/09_persistent_page_engine/scripts/text_decode_lab.py(586): torch_profile;
/workspace/repos/paddle_ocr_vl_npu/09_persistent_page_engine/scripts/text_decode_lab.py(1119): main;
/usr/local/python3.12.13/lib/python3.12/site-packages/torch/utils/_contextlib.py(124): decorate_context;
/workspace/repos/paddle_ocr_vl_npu/09_persistent_page_engine/scripts/text_decode_lab.py(1167): <module>",15.29,30.13,0,0,0,0
aten::_local_scalar_dense,,"/workspace/repos/paddle_ocr_vl_npu/09_persistent_page_engine/paddleocr_vl/serving/continuous_decode.py(441): step;
/workspace/repos/paddle_ocr_vl_npu/09_persistent_page_engine/scripts/text_decode_lab.py(586): torch_profile;
/workspace/repos/paddle_ocr_vl_npu/09_persistent_page_engine/scripts/text_decode_lab.py(1119): main;
/usr/local/python3.12.13/lib/python3.12/site-packages/torch/utils/_contextlib.py(124): decorate_context;
/workspace/repos/paddle_ocr_vl_npu/09_persistent_page_engine/scripts/text_decode_lab.py(1167): <module>",14.84,14.84,0,0,0,0
aclnnAdds,,"/workspace/repos/paddle_ocr_vl_npu/09_persistent_page_engine/paddleocr_vl/serving/continuous_decode.py(441): step;
/workspace/repos/paddle_ocr_vl_npu/09_persistent_page_engine/scripts/text_decode_lab.py(586): torch_profile;
/workspace/repos/paddle_ocr_vl_npu/09_persistent_page_engine/scripts/text_decode_lab.py(1119): main;
/usr/local/python3.12.13/lib/python3.12/site-packages/torch/utils/_contextlib.py(124): decorate_context;
/workspace/repos/paddle_ocr_vl_npu/09_persistent_page_engine/scripts/text_decode_lab.py(1167): <module>",22.23,22.23,3.04,3.04,0,0
aten::zeros_like,"4;
;
;
;
;
","/workspace/repos/paddle_ocr_vl_npu/09_persistent_page_engine/paddleocr_vl/serving/continuous_decode.py(442): step;
/workspace/repos/paddle_ocr_vl_npu/09_persistent_page_engine/scripts/text_decode_lab.py(586): torch_profile;
/workspace/repos/paddle_ocr_vl_npu/09_persistent_page_engine/scripts/text_decode_lab.py(1119): main;
/usr/local/python3.12.13/lib/python3.12/site-packages/torch/utils/_contextlib.py(124): decorate_context;
/workspace/repos/paddle_ocr_vl_npu/09_persistent_page_engine/scripts/text_decode_lab.py(1167): <module>",19.66,99.35,0,1.8,0,0
aten::empty_like,"4;
;
;
;
;
","/workspace/repos/paddle_ocr_vl_npu/09_persistent_page_engine/paddleocr_vl/serving/continuous_decode.py(442): step;
/workspace/repos/paddle_ocr_vl_npu/09_persistent_page_engine/scripts/text_decode_lab.py(586): torch_profile;
/workspace/repos/paddle_ocr_vl_npu/09_persistent_page_engine/scripts/text_decode_lab.py(1119): main;
/usr/local/python3.12.13/lib/python3.12/site-packages/torch/utils/_contextlib.py(124): decorate_context;
/workspace/repos/paddle_ocr_vl_npu/09_persistent_page_engine/scripts/text_decode_lab.py(1167): <module>",18.9,37.88,0,0,0,0
empty_tensor,,"/workspace/repos/paddle_ocr_vl_npu/09_persistent_page_engine/paddleocr_vl/serving/continuous_decode.py(442): step;
/workspace/repos/paddle_ocr_vl_npu/09_persistent_page_engine/scripts/text_decode_lab.py(586): torch_profile;
/workspace/repos/paddle_ocr_vl_npu/09_persistent_page_engine/scripts/text_decode_lab.py(1119): main;
/usr/local/python3.12.13/lib/python3.12/site-packages/torch/utils/_contextlib.py(124): decorate_context;
/workspace/repos/paddle_ocr_vl_npu/09_persistent_page_engine/scripts/text_decode_lab.py(1167): <module>",18.98,18.98,0,0,0,0
aten::zero_,4,"/workspace/repos/paddle_ocr_vl_npu/09_persistent_page_engine/paddleocr_vl/serving/continuous_decode.py(442): step;
/workspace/repos/paddle_ocr_vl_npu/09_persistent_page_engine/scripts/text_decode_lab.py(586): torch_profile;
/workspace/repos/paddle_ocr_vl_npu/09_persistent_page_engine/scripts/text_decode_lab.py(1119): main;
/usr/local/python3.12.13/lib/python3.12/site-packages/torch/utils/_contextlib.py(124): decorate_context;
/workspace/repos/paddle_ocr_vl_npu/09_persistent_page_engine/scripts/text_decode_lab.py(1167): <module>",21.33,41.81,0,1.8,0,0
aclnnInplaceZero,,"/workspace/repos/paddle_ocr_vl_npu/09_persistent_page_engine/paddleocr_vl/serving/continuous_decode.py(442): step;
/workspace/repos/paddle_ocr_vl_npu/09_persistent_page_engine/scripts/text_decode_lab.py(586): torch_profile;
/workspace/repos/paddle_ocr_vl_npu/09_persistent_page_engine/scripts/text_decode_lab.py(1119): main;
/usr/local/python3.12.13/lib/python3.12/site-packages/torch/utils/_contextlib.py(124): decorate_context;
/workspace/repos/paddle_ocr_vl_npu/09_persistent_page_engine/scripts/text_decode_lab.py(1167): <module>",20.48,20.48,1.8,1.8,0,0
aten::where,"4;
4;
4","/workspace/repos/paddle_ocr_vl_npu/09_persistent_page_engine/paddleocr_vl/serving/continuous_decode.py(439): step;
/workspace/repos/paddle_ocr_vl_npu/09_persistent_page_engine/scripts/text_decode_lab.py(586): torch_profile;
/workspace/repos/paddle_ocr_vl_npu/09_persistent_page_engine/scripts/text_decode_lab.py(1119): main;
/usr/local/python3.12.13/lib/python3.12/site-packages/torch/utils/_contextlib.py(124): decorate_context;
/workspace/repos/paddle_ocr_vl_npu/09_persistent_page_engine/scripts/text_decode_lab.py(1167): <module>",25.44,84.5,0,1.78,0,0
empty_tensor,,"/workspace/repos/paddle_ocr_vl_npu/09_persistent_page_engine/paddleocr_vl/serving/continuous_decode.py(439): step;
/workspace/repos/paddle_ocr_vl_npu/09_persistent_page_engine/scripts/text_decode_lab.py(586): torch_profile;
/workspace/repos/paddle_ocr_vl_npu/09_persistent_page_engine/scripts/text_decode_lab.py(1119): main;
/usr/local/python3.12.13/lib/python3.12/site-packages/torch/utils/_contextlib.py(124): decorate_context;
/workspace/repos/paddle_ocr_vl_npu/09_persistent_page_engine/scripts/text_decode_lab.py(1167): <module>",37.15,37.15,0,0,0,0
aclnnSWhere,,"/workspace/repos/paddle_ocr_vl_npu/09_persistent_page_engine/paddleocr_vl/serving/continuous_decode.py(439): step;
/workspace/repos/paddle_ocr_vl_npu/09_persistent_page_engine/scripts/text_decode_lab.py(586): torch_profile;
/workspace/repos/paddle_ocr_vl_npu/09_persistent_page_engine/scripts/text_decode_lab.py(1119): main;
/usr/local/python3.12.13/lib/python3.12/site-packages/torch/utils/_contextlib.py(124): decorate_context;
/workspace/repos/paddle_ocr_vl_npu/09_persistent_page_engine/scripts/text_decode_lab.py(1167): <module>",21.91,21.91,1.78,1.78,0,0
