Step Id,Device_id,Model ID,Task ID,Stream ID,Name,Type,OP State,Accelerator Core,Start Time(us),Duration(us),Wait Time(us),Block Num,Mix Block Num,HF32 Eligible,Input Shapes,Input Data Types,Input Formats,Output Shapes,Output Data Types,Output Formats,Context ID,aicore_time(us),aic_total_cycles,aic_mac_time(us),aic_mac_ratio,aic_scalar_time(us),aic_scalar_ratio,aic_mte1_time(us),aic_mte1_ratio,aic_mte2_time(us),aic_mte2_ratio,aic_fixpipe_time(us),aic_fixpipe_ratio,aic_icache_miss_rate,aiv_time(us),aiv_total_cycles,aiv_vec_time(us),aiv_vec_ratio,aiv_scalar_time(us),aiv_scalar_ratio,aiv_mte2_time(us),aiv_mte2_ratio,aiv_mte3_time(us),aiv_mte3_ratio,aiv_icache_miss_rate,cube_utilization(%)
0,2,2,781,3,UpdateModelParam_static_bin,Data,dynamic,AI_VECTOR_CORE,1784811986601087.105	,5.140,0,1,0,NO,N/A,N/A,N/A,N/A,N/A,N/A,N/A,0.0,0,0.0,0.0,0.0,0.0,0.0,0.0,0.0,0.0,0.0,0.0,0.0,4.624,8324,0.986,0.213,2.509,0.543,0.779,0.169,0.17,0.037,0.156,0.000
0,2,2,0,6,GatherV2,GatherV2,static,AI_VECTOR_CORE,1784811986601182.145	,4.660,90.110000,8,0,NO,"""103424,1024;8,1;1""",FLOAT16;INT64;INT64,ND;ND;ND,"""8,1,1024""",FLOAT16,ND,N/A,0.0,0,0.0,0.0,0.0,0.0,0.0,0.0,0.0,0.0,0.0,0.0,0.0,3.369,48514,0.049,0.015,0.595,0.177,1.13,0.336,0.51,0.151,0.187,0.000
0,2,2,1,6,RmsNorm,RmsNorm,static,AI_VECTOR_CORE,1784811986601186.845	,7.840,0.000000,8,0,NO,"""8,1,1024;1024""",FLOAT16;FLOAT16,ND;ND,"""8,1,1024;8,1,1""",FLOAT16;FLOAT,ND;ND,N/A,0.0,0,0.0,0.0,0.0,0.0,0.0,0.0,0.0,0.0,0.0,0.0,0.0,6.908,99472,0.794,0.115,2.922,0.423,0.684,0.099,0.388,0.056,0.165,0.000
0,2,2,2,6,MatMul,MatMul,static,AI_CORE,1784811986601194.705	,11.480,0.160000,23,0,NO,"""8,1024;2560,1024""",FLOAT16;FLOAT16,ND;ND,"""8,2560""",FLOAT16,ND,N/A,8.477,350958,0.648,0.076,1.336,0.158,1.251,0.148,3.999,0.472,0.565,0.067,0.056,0.0,0,0.0,0.0,0.0,0.0,0.0,0.0,0.0,0.0,0.0,70.767
0,2,2,3,6,SplitV_2,SplitVD,static,AI_VECTOR_CORE,1784811986601206.205	,2.000,0.020000,1,0,NO,"""8,1,2560""",FLOAT16,ND,"""8,1,2048;8,1,256;8,1,256""",FLOAT16;FLOAT16;FLOAT16,ND;ND;ND,N/A,0.0,0,0.0,0.0,0.0,0.0,0.0,0.0,0.0,0.0,0.0,0.0,0.0,1.462,2632,0.008,0.005,0.339,0.232,0.266,0.182,0.467,0.319,0.286,0.000
0,2,2,4,6,Add,Add,static,AI_VECTOR_CORE,1784811986601208.225	,2.200,0.000000,1,0,NO,"""8,1;8,1""",INT64;INT64,NCHW;NCHW,"""8,1""",INT64,NCHW,N/A,0.0,0,0.0,0.0,0.0,0.0,0.0,0.0,0.0,0.0,0.0,0.0,0.0,1.667,3000,0.174,0.105,0.341,0.204,0.538,0.323,0.096,0.058,0.205,0.000
0,2,2,5,6,BroadcastTo,BroadcastTo,static,AI_VECTOR_CORE,1784811986601210.465	,1.500,0.050000,1,0,NO,"""1,8,1;3""",INT64;INT64,NCHW;NCHW,"""3,8,1""",INT64,NCHW,N/A,0.0,0,0.0,0.0,0.0,0.0,0.0,0.0,0.0,0.0,0.0,0.0,0.0,0.964,1736,0.018,0.018,0.296,0.306,0.082,0.085,0.147,0.152,0.238,0.000
0,2,2,6,6,Cast_1,Cast,static,AI_VECTOR_CORE,1784811986601211.985	,1.580,0.000000,1,0,NO,"""3,8,1,1""",INT64,NCHW,"""3,8,1,1""",FLOAT,NCHW,N/A,0.0,0,0.0,0.0,0.0,0.0,0.0,0.0,0.0,0.0,0.0,0.0,0.0,1.022,1840,0.018,0.018,0.302,0.296,0.132,0.129,0.133,0.13,0.263,0.000
0,2,2,7,6,Scatter_1,Scatter,static,AI_VECTOR_CORE,1784811986601213.585	,4.680,0.000000,16,0,NO,"""8,2,1024,128;8;8,2,1,128""",FLOAT16;INT64;FLOAT16,NCHW;NCHW;NCHW,"""8,2,1024,128""",FLOAT16,NCHW,N/A,0.0,0,0.0,0.0,0.0,0.0,0.0,0.0,0.0,0.0,0.0,0.0,0.0,3.018,86907,0.008,0.003,0.74,0.245,0.63,0.209,0.288,0.095,0.196,0.000
0,2,2,8,6,BroadcastTo_1,BroadcastTo,static,AI_VECTOR_CORE,1784811986601218.285	,7.700,0.070000,48,0,NO,"""1,1,64,1;4""",FLOAT;INT64,NCHW;NCHW,"""3,8,64,1""",FLOAT,NCHW,N/A,0.0,0,0.0,0.0,0.0,0.0,0.0,0.0,0.0,0.0,0.0,0.0,0.0,4.307,372108,0.008,0.002,0.682,0.158,0.185,0.043,0.119,0.028,0.268,0.000
0,2,2,9,6,Mul,Mul,static,AI_VECTOR_CORE,1784811986601226.005	,7.380,0.050000,48,0,NO,"""3,8,64,1;3,8,1,1""",FLOAT;FLOAT,NCHW;NCHW,"""3,8,64,1""",FLOAT,NCHW,N/A,0.0,0,0.0,0.0,0.0,0.0,0.0,0.0,0.0,0.0,0.0,0.0,0.0,3.465,299348,0.04,0.012,0.141,0.041,0.109,0.032,0.119,0.034,0.196,0.000
0,2,2,10,6,ConcatV2,ConcatV2D,static,AI_VECTOR_CORE,1784811986601233.405	,3.900,0.120000,1,0,NO,"""3,8,1,64;3,8,1,64""",FLOAT;FLOAT,NCHW;NCHW,"""3,8,1,128""",FLOAT,NCHW,N/A,0.0,0,0.0,0.0,0.0,0.0,0.0,0.0,0.0,0.0,0.0,0.0,0.0,3.411,6139,2.743,0.804,0.171,0.05,0.166,0.049,0.164,0.048,0.179,0.000
0,2,2,11,6,Cos,Cos,static,AI_VECTOR_CORE,1784811986601237.345	,2.440,0.000000,3,0,NO,"""3,8,1,128""",FLOAT,NCHW,"""3,8,1,128""",FLOAT,NCHW,N/A,0.0,0,0.0,0.0,0.0,0.0,0.0,0.0,0.0,0.0,0.0,0.0,0.0,1.792,9676,0.989,0.552,0.168,0.094,0.115,0.064,0.136,0.076,0.202,0.000
0,2,2,12,6,Mul_1Cast_5,Mul,static,AI_VECTOR_CORE,1784811986601239.805	,1.560,0.060000,3,0,NO,"""3,8,1,128;""",FLOAT;FLOAT,NCHW;NCHW,"""3,8,1,128""",FLOAT16,NCHW,N/A,0.0,0,0.0,0.0,0.0,0.0,0.0,0.0,0.0,0.0,0.0,0.0,0.0,0.841,4543,0.047,0.055,0.143,0.17,0.151,0.18,0.139,0.166,0.226,0.000
0,2,2,13,6,Sin,Sin,static,AI_VECTOR_CORE,1784811986601241.385	,2.620,0.190000,3,0,NO,"""3,8,1,128""",FLOAT,NCHW,"""3,8,1,128""",FLOAT,NCHW,N/A,0.0,0,0.0,0.0,0.0,0.0,0.0,0.0,0.0,0.0,0.0,0.0,0.0,1.847,9975,0.932,0.505,0.166,0.09,0.124,0.067,0.151,0.082,0.211,0.000
0,2,2,14,6,Mul_2Cast_6,Mul,static,AI_VECTOR_CORE,1784811986601244.025	,1.420,0.000000,3,0,NO,"""3,8,1,128;""",FLOAT;FLOAT,NCHW;NCHW,"""3,8,1,128""",FLOAT16,NCHW,N/A,0.0,0,0.0,0.0,0.0,0.0,0.0,0.0,0.0,0.0,0.0,0.0,0.0,0.767,4144,0.047,0.062,0.139,0.181,0.136,0.177,0.134,0.174,0.169,0.000
0,2,2,15,6,SplitV,SplitVD,static,AI_VECTOR_CORE,1784811986601245.465	,3.920,0.080000,1,0,NO,"""3,8,1,128""",FLOAT16,NCHW,"""3,8,1,16;3,8,1,24;3,8,1,24;3,8,1,16;3,8,1,24;3,8,1,24""",FLOAT16;FLOAT16;FLOAT16;FLOAT16;FLOAT16;FLOAT16,NCHW;NCHW;NCHW;NCHW;NCHW;NCHW,N/A,0.0,0,0.0,0.0,0.0,0.0,0.0,0.0,0.0,0.0,0.0,0.0,0.0,3.374,6073,2.234,0.662,0.369,0.109,0.131,0.039,0.727,0.216,0.177,0.000
0,2,2,16,6,GatherV2_1,GatherV2,static,AI_VECTOR_CORE,1784811986601249.405	,1.360,0.080000,1,0,NO,"""3,8,1,16;;1""",FLOAT16;INT64;INT64,NCHW;NCHW;NCHW,"""8,1,16""",FLOAT16,NCHW,N/A,0.0,0,0.0,0.0,0.0,0.0,0.0,0.0,0.0,0.0,0.0,0.0,0.0,0.814,1465,0.057,0.07,0.167,0.205,0.203,0.25,0.133,0.164,0.182,0.000
0,2,2,17,6,GatherV2_4,GatherV2,static,AI_VECTOR_CORE,1784811986601250.805	,1.160,0.000000,1,0,NO,"""3,8,1,16;;1""",FLOAT16;INT64;INT64,NCHW;NCHW;NCHW,"""8,1,16""",FLOAT16,NCHW,N/A,0.0,0,0.0,0.0,0.0,0.0,0.0,0.0,0.0,0.0,0.0,0.0,0.0,0.608,1094,0.057,0.093,0.156,0.257,0.105,0.173,0.132,0.218,0.182,0.000
0,2,2,18,6,GatherV2_2,GatherV2,static,AI_VECTOR_CORE,1784811986601251.985	,1.460,0.090000,1,0,NO,"""3,8,1,24;;1""",FLOAT16;INT64;INT64,NCHW;NCHW;NCHW,"""8,1,24""",FLOAT16,NCHW,N/A,0.0,0,0.0,0.0,0.0,0.0,0.0,0.0,0.0,0.0,0.0,0.0,0.0,0.891,1603,0.057,0.064,0.157,0.177,0.263,0.295,0.161,0.181,0.182,0.000
0,2,2,19,6,GatherV2_3,GatherV2,static,AI_VECTOR_CORE,1784811986601253.465	,1.320,0.040000,1,0,NO,"""3,8,1,24;;1""",FLOAT16;INT64;INT64,NCHW;NCHW;NCHW,"""8,1,24""",FLOAT16,NCHW,N/A,0.0,0,0.0,0.0,0.0,0.0,0.0,0.0,0.0,0.0,0.0,0.0,0.0,0.741,1333,0.057,0.077,0.176,0.238,0.207,0.28,0.148,0.2,0.182,0.000
0,2,2,20,6,GatherV2_5,GatherV2,static,AI_VECTOR_CORE,1784811986601254.825	,1.220,0.000000,1,0,NO,"""3,8,1,24;;1""",FLOAT16;INT64;INT64,NCHW;NCHW;NCHW,"""8,1,24""",FLOAT16,NCHW,N/A,0.0,0,0.0,0.0,0.0,0.0,0.0,0.0,0.0,0.0,0.0,0.0,0.0,0.651,1172,0.057,0.088,0.176,0.27,0.116,0.177,0.149,0.23,0.182,0.000
0,2,2,21,6,GatherV2_6,GatherV2,static,AI_VECTOR_CORE,1784811986601256.085	,1.280,0.030000,1,0,NO,"""3,8,1,24;;1""",FLOAT16;INT64;INT64,NCHW;NCHW;NCHW,"""8,1,24""",FLOAT16,NCHW,N/A,0.0,0,0.0,0.0,0.0,0.0,0.0,0.0,0.0,0.0,0.0,0.0,0.0,0.684,1231,0.057,0.084,0.171,0.25,0.132,0.193,0.176,0.258,0.182,0.000
0,2,2,22,6,SplitV_1,SplitVD,static,AI_VECTOR_CORE,1784811986601257.385	,3.920,0.220000,1,0,NO,"""3,8,1,128""",FLOAT16,NCHW,"""3,8,1,16;3,8,1,24;3,8,1,24;3,8,1,16;3,8,1,24;3,8,1,24""",FLOAT16;FLOAT16;FLOAT16;FLOAT16;FLOAT16;FLOAT16,NCHW;NCHW;NCHW;NCHW;NCHW;NCHW,N/A,0.0,0,0.0,0.0,0.0,0.0,0.0,0.0,0.0,0.0,0.0,0.0,0.0,3.322,5980,2.234,0.672,0.374,0.113,0.136,0.041,0.776,0.233,0.177,0.000
0,2,2,23,6,GatherV2_10,GatherV2,static,AI_VECTOR_CORE,1784811986601261.345	,1.040,0.000000,1,0,NO,"""3,8,1,16;;1""",FLOAT16;INT64;INT64,NCHW;NCHW;NCHW,"""8,1,16""",FLOAT16,NCHW,N/A,0.0,0,0.0,0.0,0.0,0.0,0.0,0.0,0.0,0.0,0.0,0.0,0.0,0.592,1065,0.057,0.096,0.157,0.265,0.113,0.191,0.114,0.193,0.182,0.000
0,2,2,24,6,GatherV2_7,GatherV2,static,AI_VECTOR_CORE,1784811986601262.425	,1.060,0.210000,1,0,NO,"""3,8,1,16;;1""",FLOAT16;INT64;INT64,NCHW;NCHW;NCHW,"""8,1,16""",FLOAT16,NCHW,N/A,0.0,0,0.0,0.0,0.0,0.0,0.0,0.0,0.0,0.0,0.0,0.0,0.0,0.613,1103,0.057,0.092,0.166,0.27,0.124,0.203,0.123,0.2,0.182,0.000
0,2,2,25,6,GatherV2_11,GatherV2,static,AI_VECTOR_CORE,1784811986601263.525	,1.060,0.000000,1,0,NO,"""3,8,1,24;;1""",FLOAT16;INT64;INT64,NCHW;NCHW;NCHW,"""8,1,24""",FLOAT16,NCHW,N/A,0.0,0,0.0,0.0,0.0,0.0,0.0,0.0,0.0,0.0,0.0,0.0,0.0,0.602,1084,0.057,0.095,0.153,0.255,0.109,0.182,0.149,0.247,0.182,0.000
0,2,2,26,6,GatherV2_12,GatherV2,static,AI_VECTOR_CORE,1784811986601264.605	,1.140,0.000000,1,0,NO,"""3,8,1,24;;1""",FLOAT16;INT64;INT64,NCHW;NCHW;NCHW,"""8,1,24""",FLOAT16,NCHW,N/A,0.0,0,0.0,0.0,0.0,0.0,0.0,0.0,0.0,0.0,0.0,0.0,0.0,0.669,1204,0.057,0.086,0.193,0.288,0.128,0.192,0.157,0.234,0.182,0.000
0,2,2,27,6,GatherV2_8,GatherV2,static,AI_VECTOR_CORE,1784811986601265.765	,1.100,0.110000,1,0,NO,"""3,8,1,24;;1""",FLOAT16;INT64;INT64,NCHW;NCHW;NCHW,"""8,1,24""",FLOAT16,NCHW,N/A,0.0,0,0.0,0.0,0.0,0.0,0.0,0.0,0.0,0.0,0.0,0.0,0.0,0.61,1098,0.057,0.094,0.158,0.259,0.097,0.158,0.17,0.279,0.182,0.000
0,2,2,28,6,GatherV2_9,GatherV2,static,AI_VECTOR_CORE,1784811986601266.905	,1.160,0.150000,1,0,NO,"""3,8,1,24;;1""",FLOAT16;INT64;INT64,NCHW;NCHW;NCHW,"""8,1,24""",FLOAT16,NCHW,N/A,0.0,0,0.0,0.0,0.0,0.0,0.0,0.0,0.0,0.0,0.0,0.0,0.0,0.672,1209,0.057,0.085,0.199,0.296,0.118,0.176,0.171,0.255,0.182,0.000
0,2,2,29,6,ConcatV2_1,ConcatV2D,static,AI_VECTOR_CORE,1784811986601268.085	,3.560,0.000000,1,0,NO,"""8,1,16;8,1,24;8,1,24;8,1,16;8,1,24;8,1,24""",FLOAT16;FLOAT16;FLOAT16;FLOAT16;FLOAT16;FLOAT16,NCHW;NCHW;NCHW;NCHW;NCHW;NCHW,"""8,1,128""",FLOAT16,NCHW,N/A,0.0,0,0.0,0.0,0.0,0.0,0.0,0.0,0.0,0.0,0.0,0.0,0.0,3.053,5496,2.359,0.773,0.288,0.094,0.161,0.053,0.136,0.044,0.179,0.000
0,2,2,30,6,ConcatV2_2,ConcatV2D,static,AI_VECTOR_CORE,1784811986601271.685	,3.440,0.190000,1,0,NO,"""8,1,16;8,1,24;8,1,24;8,1,16;8,1,24;8,1,24""",FLOAT16;FLOAT16;FLOAT16;FLOAT16;FLOAT16;FLOAT16,NCHW;NCHW;NCHW;NCHW;NCHW;NCHW,"""8,1,128""",FLOAT16,NCHW,N/A,0.0,0,0.0,0.0,0.0,0.0,0.0,0.0,0.0,0.0,0.0,0.0,0.0,2.928,5271,2.359,0.806,0.272,0.093,0.154,0.053,0.134,0.046,0.173,0.000
0,2,2,31,6,ApplyRotaryPosEmb,ApplyRotaryPosEmb,static,AI_VECTOR_CORE,1784811986601275.145	,5.120,0.060000,8,0,NO,"""8,1,16,128;8,1,2,128;8,1,1,128;8,1,1,128""",FLOAT16;FLOAT16;FLOAT16;FLOAT16,NCHW;NCHW;NCHW;NCHW,"""8,1,16,128;8,1,2,128""",FLOAT16;FLOAT16,NCHW;NCHW,N/A,0.0,0,0.0,0.0,0.0,0.0,0.0,0.0,0.0,0.0,0.0,0.0,0.0,4.009,57729,0.156,0.039,2.053,0.512,0.228,0.057,0.148,0.037,0.16,0.000
0,2,2,32,6,Scatter,Scatter,static,AI_VECTOR_CORE,1784811986601280.285	,1.820,0.000000,16,0,NO,"""8,2,1024,128;8;8,2,1,128""",FLOAT16;INT64;FLOAT16,NCHW;NCHW;NCHW,"""8,2,1024,128""",FLOAT16,NCHW,N/A,0.0,0,0.0,0.0,0.0,0.0,0.0,0.0,0.0,0.0,0.0,0.0,0.0,0.82,23624,0.008,0.009,0.213,0.259,0.131,0.159,0.336,0.41,0.062,0.000
0,2,2,33,6,Range,Range,static,AI_VECTOR_CORE,1784811986601282.125	,7.780,0.000000,48,0,NO,""";;""",INT32;FLOAT;INT32,NCHW;NCHW;NCHW,"""1024""",FLOAT,NCHW,N/A,0.0,0,0.0,0.0,0.0,0.0,0.0,0.0,0.0,0.0,0.0,0.0,0.0,4.684,404672,0.073,0.016,0.303,0.065,0.001,0.0,0.695,0.148,0.219,0.000
0,2,2,34,6,Cast,Cast,static,AI_VECTOR_CORE,1784811986601289.925	,1.340,0.220000,2,0,NO,"""1024""",FLOAT,NCHW,"""1024""",INT64,NCHW,N/A,0.0,0,0.0,0.0,0.0,0.0,0.0,0.0,0.0,0.0,0.0,0.0,0.0,0.678,2440,0.031,0.046,0.111,0.164,0.117,0.172,0.13,0.192,0.28,0.000
0,2,2,35,6,Greater,Greater,static,AI_VECTOR_CORE,1784811986601291.285	,7.460,0.000000,32,0,NO,"""1,1024;8,1""",INT64;INT64,NCHW;NCHW,"""8,1024""",BOOL,NCHW,N/A,0.0,0,0.0,0.0,0.0,0.0,0.0,0.0,0.0,0.0,0.0,0.0,0.0,4.666,268772,0.829,0.178,0.289,0.062,0.656,0.141,0.187,0.04,0.173,0.000
0,2,2,36,6,IncreFlashAttention,IncreFlashAttention,static,MIX_AIC,1784811986601300.125	,27.780,1.290000,16,32,NO,"""8,16,1,128;8,2,1024,128;8,2,1024,128;8,1,1,1024""",FLOAT16;FLOAT16;FLOAT16;BOOL,NCHW;NCHW;NCHW;NCHW,"""8,16,1,128""",FLOAT16,NCHW,0,25.69,739886,1.076,0.042,18.486,0.72,2.699,0.105,7.92,0.308,3.01,0.117,0.051,16.956,976688,0.72,0.042,5.564,0.328,0.21,0.012,0.449,0.026,0.144,61.652
0,2,2,37,6,MatMul_1,MatMul,static,AI_CORE,1784811986601328.765	,8.740,0.970000,22,0,NO,"""8,2048;1024,2048""",FLOAT16;FLOAT16,ND;ND,"""8,1024""",FLOAT16,ND,N/A,6.434,254805,0.974,0.151,0.449,0.07,1.299,0.202,3.439,0.535,0.172,0.027,0.036,0.0,0,0.0,0.0,0.0,0.0,0.0,0.0,0.0,0.0,0.0,67.486
0,2,2,38,6,InplaceAddRmsNorm,InplaceAddRmsNorm,static,AI_VECTOR_CORE,1784811986601337.525	,3.280,0.010000,8,0,NO,"""8,1,1024;8,1,1024;1024""",FLOAT16;FLOAT16;FLOAT16,ND;ND;ND,"""8,1,1024;8,1,1;8,1,1024""",FLOAT16;FLOAT;FLOAT16,ND;ND;ND,N/A,0.0,0,0.0,0.0,0.0,0.0,0.0,0.0,0.0,0.0,0.0,0.0,0.0,1.991,28675,0.282,0.142,0.492,0.247,0.292,0.146,0.357,0.179,0.234,0.000
0,2,2,39,6,MatMul_2,MatMul,static,AI_CORE,1784811986601340.825	,9.300,0.000000,24,0,NO,"""8,1024;3072,1024""",FLOAT16;FLOAT16,ND;ND,"""8,3072""",FLOAT16,ND,N/A,6.995,302183,0.538,0.077,0.147,0.021,1.307,0.187,4.099,0.586,0.159,0.023,0.21,0.0,0,0.0,0.0,0.0,0.0,0.0,0.0,0.0,0.0,0.0,75.215
0,2,2,40,6,MatMul_3,MatMul,static,AI_CORE,1784811986601350.145	,8.260,0.200000,24,0,NO,"""8,1024;3072,1024""",FLOAT16;FLOAT16,ND;ND,"""8,3072""",FLOAT16,ND,N/A,5.903,254992,0.538,0.091,0.406,0.069,1.31,0.222,4.616,0.782,0.159,0.027,0.0,0.0,0,0.0,0.0,0.0,0.0,0.0,0.0,0.0,0.0,0.0,71.460
0,2,2,41,6,SwishMul_3,AutomaticBufferFusionOp,static,AI_VECTOR_CORE,1784811986601358.445	,4.860,0.000000,24,0,NO,"""8,1,3072;8,1,3072""",FLOAT16;FLOAT16,ND;ND,"""8,1,3072""",FLOAT16,ND,N/A,0.0,0,0.0,0.0,0.0,0.0,0.0,0.0,0.0,0.0,0.0,0.0,0.0,2.656,114758,0.163,0.061,0.129,0.048,0.266,0.1,0.177,0.067,0.213,0.000
0,2,2,42,6,MatMul_4,MatMul,static,AI_CORE,1784811986601363.325	,10.800,0.000000,22,0,NO,"""8,3072;1024,3072""",FLOAT16;FLOAT16,ND;ND,"""8,1024""",FLOAT16,ND,N/A,8.302,328757,1.463,0.176,0.611,0.074,1.935,0.233,5.299,0.638,0.185,0.022,0.026,0.0,0,0.0,0.0,0.0,0.0,0.0,0.0,0.0,0.0,0.0,70.464
0,2,2,43,6,InplaceAddRmsNorm_1,InplaceAddRmsNorm,static,AI_VECTOR_CORE,1784811986601374.145	,3.260,0.200000,8,0,NO,"""8,1,1024;8,1,1024;1024""",FLOAT16;FLOAT16;FLOAT16,ND;ND;ND,"""8,1,1024;8,1,1;8,1,1024""",FLOAT16;FLOAT;FLOAT16,ND;ND;ND,N/A,0.0,0,0.0,0.0,0.0,0.0,0.0,0.0,0.0,0.0,0.0,0.0,0.0,2.145,30894,0.282,0.132,0.481,0.224,0.462,0.215,0.395,0.184,0.229,0.000
0,2,2,44,6,MatMul_5,MatMul,static,AI_CORE,1784811986601377.425	,7.640,0.000000,23,0,NO,"""8,1024;2560,1024""",FLOAT16;FLOAT16,ND;ND,"""8,2560""",FLOAT16,ND,N/A,5.936,245769,0.644,0.109,0.296,0.05,1.248,0.21,4.254,0.717,0.241,0.041,0.038,0.0,0,0.0,0.0,0.0,0.0,0.0,0.0,0.0,0.0,0.0,74.465
0,2,2,45,6,SplitV_3,SplitVD,static,AI_VECTOR_CORE,1784811986601385.105	,1.340,0.000000,1,0,NO,"""8,1,2560""",FLOAT16,ND,"""8,1,2048;8,1,256;8,1,256""",FLOAT16;FLOAT16;FLOAT16,ND;ND;ND,N/A,0.0,0,0.0,0.0,0.0,0.0,0.0,0.0,0.0,0.0,0.0,0.0,0.0,0.803,1446,0.008,0.01,0.128,0.159,0.287,0.357,0.296,0.369,0.263,0.000
0,2,2,46,6,Scatter_3,Scatter,static,AI_VECTOR_CORE,1784811986601386.465	,3.020,0.160000,16,0,NO,"""8,2,1024,128;8;8,2,1,128""",FLOAT16;INT64;FLOAT16,NCHW;NCHW;NCHW,"""8,2,1024,128""",FLOAT16,NCHW,N/A,0.0,0,0.0,0.0,0.0,0.0,0.0,0.0,0.0,0.0,0.0,0.0,0.0,1.607,46290,0.008,0.005,0.139,0.086,0.25,0.156,0.225,0.14,0.221,0.000
0,2,2,47,6,ApplyRotaryPosEmb_1,ApplyRotaryPosEmb,static,AI_VECTOR_CORE,1784811986601389.505	,3.600,0.000000,8,0,NO,"""8,1,16,128;8,1,2,128;8,1,1,128;8,1,1,128""",FLOAT16;FLOAT16;FLOAT16;FLOAT16,NCHW;NCHW;NCHW;NCHW,"""8,1,16,128;8,1,2,128""",FLOAT16;FLOAT16,NCHW;NCHW,N/A,0.0,0,0.0,0.0,0.0,0.0,0.0,0.0,0.0,0.0,0.0,0.0,0.0,1.761,25365,0.155,0.088,1.317,0.747,0.139,0.079,0.143,0.081,0.067,0.000
0,2,2,48,6,Scatter_2,Scatter,static,AI_VECTOR_CORE,1784811986601393.125	,3.060,0.000000,16,0,NO,"""8,2,1024,128;8;8,2,1,128""",FLOAT16;INT64;FLOAT16,NCHW;NCHW;NCHW,"""8,2,1024,128""",FLOAT16,NCHW,N/A,0.0,0,0.0,0.0,0.0,0.0,0.0,0.0,0.0,0.0,0.0,0.0,0.0,1.533,44162,0.008,0.005,0.207,0.135,0.104,0.068,0.241,0.157,0.222,0.000
0,2,2,49,6,IncreFlashAttention_1,IncreFlashAttention,static,MIX_AIC,1784811986601397.245	,22.760,1.190000,16,32,NO,"""8,16,1,128;8,2,1024,128;8,2,1024,128;8,1,1,1024""",FLOAT16;FLOAT16;FLOAT16;BOOL,NCHW;NCHW;NCHW;NCHW,"""8,16,1,128""",FLOAT16,NCHW,0,20.544,591656,1.076,0.052,14.448,0.703,2.699,0.131,7.62,0.371,2.999,0.146,0.023,12.797,737134,0.72,0.056,3.449,0.27,0.224,0.018,0.458,0.036,0.085,60.175
0,2,2,50,6,MatMul_6,MatMul,static,AI_CORE,1784811986601421.045	,7.620,0.990000,22,0,NO,"""8,2048;1024,2048""",FLOAT16;FLOAT16,ND;ND,"""8,1024""",FLOAT16,ND,N/A,5.547,219647,0.973,0.175,1.044,0.188,1.305,0.235,3.912,0.705,0.188,0.034,0.003,0.0,0,0.0,0.0,0.0,0.0,0.0,0.0,0.0,0.0,0.0,66.725
0,2,2,51,6,InplaceAddRmsNorm_2,InplaceAddRmsNorm,static,AI_VECTOR_CORE,1784811986601428.705	,2.900,0.130000,8,0,NO,"""8,1,1024;8,1,1024;1024""",FLOAT16;FLOAT16;FLOAT16,ND;ND;ND,"""8,1,1024;8,1,1;8,1,1024""",FLOAT16;FLOAT;FLOAT16,ND;ND;ND,N/A,0.0,0,0.0,0.0,0.0,0.0,0.0,0.0,0.0,0.0,0.0,0.0,0.0,1.857,26734,0.282,0.152,0.49,0.264,0.48,0.259,0.355,0.191,0.217,0.000
0,2,2,52,6,MatMul_7,MatMul,static,AI_CORE,1784811986601431.625	,8.900,0.000000,24,0,NO,"""8,1024;3072,1024""",FLOAT16;FLOAT16,ND;ND,"""8,3072""",FLOAT16,ND,N/A,6.715,290086,0.538,0.08,0.224,0.033,1.301,0.194,5.148,0.767,0.177,0.026,0.118,0.0,0,0.0,0.0,0.0,0.0,0.0,0.0,0.0,0.0,0.0,75.449
0,2,2,53,6,MatMul_8,MatMul,static,AI_CORE,1784811986601440.545	,8.540,0.100000,24,0,NO,"""8,1024;3072,1024""",FLOAT16;FLOAT16,ND;ND,"""8,3072""",FLOAT16,ND,N/A,5.985,258538,0.538,0.09,0.406,0.068,1.312,0.219,4.689,0.783,0.171,0.029,0.0,0.0,0,0.0,0.0,0.0,0.0,0.0,0.0,0.0,0.0,0.0,70.078
0,2,2,54,6,Swish_1Mul_4,AutomaticBufferFusionOp,static,AI_VECTOR_CORE,1784811986601449.105	,3.600,0.000000,24,0,NO,"""8,1,3072;8,1,3072""",FLOAT16;FLOAT16,ND;ND,"""8,1,3072""",FLOAT16,ND,N/A,0.0,0,0.0,0.0,0.0,0.0,0.0,0.0,0.0,0.0,0.0,0.0,0.0,1.654,71445,0.163,0.098,0.163,0.099,0.349,0.211,0.192,0.116,0.155,0.000
0,2,2,55,6,MatMul_9,MatMul,static,AI_CORE,1784811986601452.725	,9.640,0.150000,22,0,NO,"""8,3072;1024,3072""",FLOAT16;FLOAT16,ND;ND,"""8,1024""",FLOAT16,ND,N/A,8.008,317104,1.462,0.183,0.623,0.078,1.935,0.242,6.394,0.798,0.165,0.021,0.015,0.0,0,0.0,0.0,0.0,0.0,0.0,0.0,0.0,0.0,0.0,76.145
0,2,2,56,6,InplaceAddRmsNorm_3,InplaceAddRmsNorm,static,AI_VECTOR_CORE,1784811986601462.385	,2.160,0.110000,8,0,NO,"""8,1,1024;8,1,1024;1024""",FLOAT16;FLOAT16;FLOAT16,ND;ND;ND,"""8,1,1024;8,1,1;8,1,1024""",FLOAT16;FLOAT;FLOAT16,ND;ND;ND,N/A,0.0,0,0.0,0.0,0.0,0.0,0.0,0.0,0.0,0.0,0.0,0.0,0.0,1.169,16838,0.282,0.241,0.629,0.538,0.311,0.266,0.354,0.303,0.034,0.000
0,2,2,57,6,MatMul_10,MatMul,static,AI_CORE,1784811986601464.565	,8.260,0.000000,23,0,NO,"""8,1024;2560,1024""",FLOAT16;FLOAT16,ND;ND,"""8,2560""",FLOAT16,ND,N/A,5.973,247262,0.644,0.108,0.292,0.049,1.255,0.21,4.29,0.718,0.246,0.041,0.04,0.0,0,0.0,0.0,0.0,0.0,0.0,0.0,0.0,0.0,0.0,69.294
0,2,2,58,6,SplitV_4,SplitVD,static,AI_VECTOR_CORE,1784811986601472.845	,1.440,0.000000,1,0,NO,"""8,1,2560""",FLOAT16,ND,"""8,1,2048;8,1,256;8,1,256""",FLOAT16;FLOAT16;FLOAT16,ND;ND;ND,N/A,0.0,0,0.0,0.0,0.0,0.0,0.0,0.0,0.0,0.0,0.0,0.0,0.0,0.899,1618,0.008,0.009,0.151,0.167,0.277,0.308,0.306,0.34,0.263,0.000
0,2,2,59,6,Scatter_5,Scatter,static,AI_VECTOR_CORE,1784811986601474.325	,1.900,0.060000,16,0,NO,"""8,2,1024,128;8;8,2,1,128""",FLOAT16;INT64;FLOAT16,NCHW;NCHW;NCHW,"""8,2,1024,128""",FLOAT16,NCHW,N/A,0.0,0,0.0,0.0,0.0,0.0,0.0,0.0,0.0,0.0,0.0,0.0,0.0,0.931,26802,0.008,0.008,0.242,0.261,0.131,0.141,0.335,0.36,0.086,0.000
0,2,2,60,6,ApplyRotaryPosEmb_2,ApplyRotaryPosEmb,static,AI_VECTOR_CORE,1784811986601476.245	,4.200,0.100000,8,0,NO,"""8,1,16,128;8,1,2,128;8,1,1,128;8,1,1,128""",FLOAT16;FLOAT16;FLOAT16;FLOAT16,NCHW;NCHW;NCHW;NCHW,"""8,1,16,128;8,1,2,128""",FLOAT16;FLOAT16,NCHW;NCHW,N/A,0.0,0,0.0,0.0,0.0,0.0,0.0,0.0,0.0,0.0,0.0,0.0,0.0,2.853,41078,0.161,0.056,1.397,0.49,0.141,0.049,0.139,0.049,0.161,0.000
0,2,2,61,6,Scatter_4,Scatter,static,AI_VECTOR_CORE,1784811986601480.465	,2.460,0.050000,16,0,NO,"""8,2,1024,128;8;8,2,1,128""",FLOAT16;INT64;FLOAT16,NCHW;NCHW;NCHW,"""8,2,1024,128""",FLOAT16,NCHW,N/A,0.0,0,0.0,0.0,0.0,0.0,0.0,0.0,0.0,0.0,0.0,0.0,0.0,1.184,34097,0.008,0.007,0.132,0.111,0.116,0.098,0.213,0.18,0.17,0.000
0,2,2,62,6,IncreFlashAttention_2,IncreFlashAttention,static,MIX_AIC,1784811986601484.045	,22.440,1.040000,16,32,NO,"""8,16,1,128;8,2,1024,128;8,2,1024,128;8,1,1,1024""",FLOAT16;FLOAT16;FLOAT16;BOOL,NCHW;NCHW;NCHW;NCHW,"""8,16,1,128""",FLOAT16,NCHW,0,20.728,596956,1.076,0.052,14.775,0.713,2.699,0.13,8.061,0.389,3.064,0.148,0.002,12.876,741635,0.719,0.056,4.808,0.373,0.193,0.015,0.446,0.035,0.019,61.579
0,2,2,63,6,MatMul_11,MatMul,static,AI_CORE,1784811986601507.185	,7.260,0.810000,22,0,NO,"""8,2048;1024,2048""",FLOAT16;FLOAT16,ND;ND,"""8,1024""",FLOAT16,ND,N/A,5.345,211658,0.975,0.182,0.648,0.121,1.292,0.242,4.115,0.77,0.184,0.034,0.0,0.0,0,0.0,0.0,0.0,0.0,0.0,0.0,0.0,0.0,0.0,67.486
0,2,2,64,6,InplaceAddRmsNorm_4,InplaceAddRmsNorm,static,AI_VECTOR_CORE,1784811986601514.465	,2.640,0.000000,8,0,NO,"""8,1,1024;8,1,1024;1024""",FLOAT16;FLOAT16;FLOAT16,ND;ND;ND,"""8,1,1024;8,1,1;8,1,1024""",FLOAT16;FLOAT;FLOAT16,ND;ND;ND,N/A,0.0,0,0.0,0.0,0.0,0.0,0.0,0.0,0.0,0.0,0.0,0.0,0.0,1.644,23677,0.282,0.172,0.453,0.276,0.413,0.251,0.371,0.226,0.119,0.000
0,2,2,65,6,MatMul_12,MatMul,static,AI_CORE,1784811986601517.125	,9.060,0.000000,24,0,NO,"""8,1024;3072,1024""",FLOAT16;FLOAT16,ND;ND,"""8,3072""",FLOAT16,ND,N/A,6.747,291487,0.538,0.08,0.225,0.033,1.303,0.193,5.211,0.772,0.166,0.025,0.127,0.0,0,0.0,0.0,0.0,0.0,0.0,0.0,0.0,0.0,0.0,74.474
0,2,2,66,6,MatMul_13,MatMul,static,AI_CORE,1784811986601526.225	,9.080,0.190000,24,0,NO,"""8,1024;3072,1024""",FLOAT16;FLOAT16,ND;ND,"""8,3072""",FLOAT16,ND,N/A,6.681,288626,0.538,0.08,0.838,0.125,1.3,0.195,4.991,0.747,0.158,0.024,0.0,0.0,0,0.0,0.0,0.0,0.0,0.0,0.0,0.0,0.0,0.0,73.581
0,2,2,67,6,Swish_2Mul_5,AutomaticBufferFusionOp,static,AI_VECTOR_CORE,1784811986601535.325	,3.420,0.000000,24,0,NO,"""8,1,3072;8,1,3072""",FLOAT16;FLOAT16,ND;ND,"""8,1,3072""",FLOAT16,ND,N/A,0.0,0,0.0,0.0,0.0,0.0,0.0,0.0,0.0,0.0,0.0,0.0,0.0,1.598,69027,0.163,0.102,0.168,0.105,0.338,0.212,0.165,0.103,0.156,0.000
0,2,2,68,6,MatMul_14,MatMul,static,AI_CORE,1784811986601538.785	,9.560,0.080000,22,0,NO,"""8,3072;1024,3072""",FLOAT16;FLOAT16,ND;ND,"""8,1024""",FLOAT16,ND,N/A,7.546,298814,1.461,0.194,0.853,0.113,1.926,0.255,5.855,0.776,0.16,0.021,0.011,0.0,0,0.0,0.0,0.0,0.0,0.0,0.0,0.0,0.0,0.0,72.353
0,2,2,69,6,InplaceAddRmsNorm_5,InplaceAddRmsNorm,static,AI_VECTOR_CORE,1784811986601548.365	,2.140,0.000000,8,0,NO,"""8,1,1024;8,1,1024;1024""",FLOAT16;FLOAT16;FLOAT16,ND;ND;ND,"""8,1,1024;8,1,1;8,1,1024""",FLOAT16;FLOAT;FLOAT16,ND;ND;ND,N/A,0.0,0,0.0,0.0,0.0,0.0,0.0,0.0,0.0,0.0,0.0,0.0,0.0,1.098,15804,0.282,0.257,0.519,0.473,0.342,0.312,0.413,0.377,0.034,0.000
0,2,2,70,6,MatMul_15,MatMul,static,AI_CORE,1784811986601550.525	,7.600,0.110000,23,0,NO,"""8,1024;2560,1024""",FLOAT16;FLOAT16,ND;ND,"""8,2560""",FLOAT16,ND,N/A,6.007,248699,0.64,0.107,0.339,0.056,1.232,0.205,4.246,0.707,0.273,0.045,0.038,0.0,0,0.0,0.0,0.0,0.0,0.0,0.0,0.0,0.0,0.0,75.749
0,2,2,71,6,SplitV_5,SplitVD,static,AI_VECTOR_CORE,1784811986601558.145	,1.400,0.150000,1,0,NO,"""8,1,2560""",FLOAT16,ND,"""8,1,2048;8,1,256;8,1,256""",FLOAT16;FLOAT16;FLOAT16,ND;ND;ND,N/A,0.0,0,0.0,0.0,0.0,0.0,0.0,0.0,0.0,0.0,0.0,0.0,0.0,0.882,1588,0.008,0.009,0.153,0.174,0.302,0.342,0.302,0.343,0.263,0.000
0,2,2,72,6,Scatter_7,Scatter,static,AI_VECTOR_CORE,1784811986601559.565	,2.100,0.000000,16,0,NO,"""8,2,1024,128;8;8,2,1,128""",FLOAT16;INT64;FLOAT16,NCHW;NCHW;NCHW,"""8,2,1024,128""",FLOAT16,NCHW,N/A,0.0,0,0.0,0.0,0.0,0.0,0.0,0.0,0.0,0.0,0.0,0.0,0.0,1.008,29020,0.008,0.008,0.266,0.264,0.114,0.113,0.419,0.415,0.09,0.000
0,2,2,73,6,ApplyRotaryPosEmb_3,ApplyRotaryPosEmb,static,AI_VECTOR_CORE,1784811986601561.685	,4.260,0.150000,8,0,NO,"""8,1,16,128;8,1,2,128;8,1,1,128;8,1,1,128""",FLOAT16;FLOAT16;FLOAT16;FLOAT16,NCHW;NCHW;NCHW;NCHW,"""8,1,16,128;8,1,2,128""",FLOAT16;FLOAT16,NCHW;NCHW,N/A,0.0,0,0.0,0.0,0.0,0.0,0.0,0.0,0.0,0.0,0.0,0.0,0.0,3.017,43438,0.158,0.052,1.434,0.475,0.159,0.053,0.148,0.049,0.162,0.000
0,2,2,74,6,Scatter_6,Scatter,static,AI_VECTOR_CORE,1784811986601565.985	,2.080,0.000000,16,0,NO,"""8,2,1024,128;8;8,2,1,128""",FLOAT16;INT64;FLOAT16,NCHW;NCHW;NCHW,"""8,2,1024,128""",FLOAT16,NCHW,N/A,0.0,0,0.0,0.0,0.0,0.0,0.0,0.0,0.0,0.0,0.0,0.0,0.0,1.026,29562,0.008,0.008,0.169,0.164,0.112,0.109,0.406,0.395,0.122,0.000
0,2,2,75,6,IncreFlashAttention_3,IncreFlashAttention,static,MIX_AIC,1784811986601569.105	,22.480,0.920000,16,32,NO,"""8,16,1,128;8,2,1024,128;8,2,1024,128;8,1,1,1024""",FLOAT16;FLOAT16;FLOAT16;BOOL,NCHW;NCHW;NCHW;NCHW,"""8,16,1,128""",FLOAT16,NCHW,0,21.011,605112,1.076,0.051,15.853,0.754,2.699,0.128,7.425,0.353,2.985,0.142,0.002,13.417,772846,0.715,0.053,6.652,0.496,0.199,0.015,0.464,0.035,0.006,62.310
0,2,2,76,6,MatMul_16,MatMul,static,AI_CORE,1784811986601592.865	,7.600,1.270000,22,0,NO,"""8,2048;1024,2048""",FLOAT16;FLOAT16,ND;ND,"""8,1024""",FLOAT16,ND,N/A,5.396,213674,0.973,0.18,0.692,0.128,1.309,0.243,4.095,0.759,0.211,0.039,0.0,0.0,0,0.0,0.0,0.0,0.0,0.0,0.0,0.0,0.0,0.0,65.081
0,2,2,77,6,InplaceAddRmsNorm_6,InplaceAddRmsNorm,static,AI_VECTOR_CORE,1784811986601600.485	,2.760,0.150000,8,0,NO,"""8,1,1024;8,1,1024;1024""",FLOAT16;FLOAT16;FLOAT16,ND;ND;ND,"""8,1,1024;8,1,1;8,1,1024""",FLOAT16;FLOAT;FLOAT16,ND;ND;ND,N/A,0.0,0,0.0,0.0,0.0,0.0,0.0,0.0,0.0,0.0,0.0,0.0,0.0,1.579,22744,0.282,0.179,0.454,0.288,0.382,0.242,0.354,0.224,0.122,0.000
0,2,2,78,6,MatMul_17,MatMul,static,AI_CORE,1784811986601603.265	,8.060,0.000000,24,0,NO,"""8,1024;3072,1024""",FLOAT16;FLOAT16,ND;ND,"""8,3072""",FLOAT16,ND,N/A,6.683,288716,0.538,0.08,0.235,0.035,1.306,0.195,5.111,0.765,0.17,0.025,0.116,0.0,0,0.0,0.0,0.0,0.0,0.0,0.0,0.0,0.0,0.0,82.919
0,2,2,79,6,MatMul_18,MatMul,static,AI_CORE,1784811986601611.365	,8.660,0.000000,24,0,NO,"""8,1024;3072,1024""",FLOAT16;FLOAT16,ND;ND,"""8,3072""",FLOAT16,ND,N/A,6.59,284698,0.538,0.082,0.99,0.15,1.302,0.198,4.721,0.716,0.161,0.024,0.0,0.0,0,0.0,0.0,0.0,0.0,0.0,0.0,0.0,0.0,0.0,76.100
0,2,2,80,6,Swish_3Mul_6,AutomaticBufferFusionOp,static,AI_VECTOR_CORE,1784811986601620.045	,3.400,0.090000,24,0,NO,"""8,1,3072;8,1,3072""",FLOAT16;FLOAT16,ND;ND,"""8,1,3072""",FLOAT16,ND,N/A,0.0,0,0.0,0.0,0.0,0.0,0.0,0.0,0.0,0.0,0.0,0.0,0.0,1.554,67145,0.163,0.105,0.157,0.101,0.304,0.196,0.167,0.108,0.138,0.000
0,2,2,81,6,MatMul_19,MatMul,static,AI_CORE,1784811986601623.465	,9.580,0.100000,22,0,NO,"""8,3072;1024,3072""",FLOAT16;FLOAT16,ND;ND,"""8,1024""",FLOAT16,ND,N/A,7.478,296122,1.461,0.195,0.835,0.112,1.927,0.258,6.084,0.814,0.181,0.024,0.003,0.0,0,0.0,0.0,0.0,0.0,0.0,0.0,0.0,0.0,0.0,71.552
0,2,2,82,6,InplaceAddRmsNorm_7,InplaceAddRmsNorm,static,AI_VECTOR_CORE,1784811986601633.065	,2.160,0.000000,8,0,NO,"""8,1,1024;8,1,1024;1024""",FLOAT16;FLOAT16;FLOAT16,ND;ND;ND,"""8,1,1024;8,1,1;8,1,1024""",FLOAT16;FLOAT;FLOAT16,ND;ND;ND,N/A,0.0,0,0.0,0.0,0.0,0.0,0.0,0.0,0.0,0.0,0.0,0.0,0.0,1.186,17083,0.282,0.238,0.654,0.551,0.27,0.228,0.359,0.303,0.034,0.000
0,2,2,83,6,MatMul_20,MatMul,static,AI_CORE,1784811986601635.245	,7.680,0.090000,23,0,NO,"""8,1024;2560,1024""",FLOAT16;FLOAT16,ND;ND,"""8,2560""",FLOAT16,ND,N/A,6.226,257749,0.639,0.103,0.291,0.047,1.23,0.198,4.403,0.707,0.224,0.036,0.041,0.0,0,0.0,0.0,0.0,0.0,0.0,0.0,0.0,0.0,0.0,77.688
0,2,2,84,6,SplitV_6,SplitVD,static,AI_VECTOR_CORE,1784811986601642.945	,1.420,0.070000,1,0,NO,"""8,1,2560""",FLOAT16,ND,"""8,1,2048;8,1,256;8,1,256""",FLOAT16;FLOAT16;FLOAT16,ND;ND;ND,N/A,0.0,0,0.0,0.0,0.0,0.0,0.0,0.0,0.0,0.0,0.0,0.0,0.0,0.869,1565,0.008,0.009,0.126,0.144,0.292,0.335,0.305,0.351,0.263,0.000
0,2,2,85,6,Scatter_9,Scatter,static,AI_VECTOR_CORE,1784811986601644.405	,2.220,0.080000,16,0,NO,"""8,2,1024,128;8;8,2,1,128""",FLOAT16;INT64;FLOAT16,NCHW;NCHW;NCHW,"""8,2,1024,128""",FLOAT16,NCHW,N/A,0.0,0,0.0,0.0,0.0,0.0,0.0,0.0,0.0,0.0,0.0,0.0,0.0,1.03,29666,0.008,0.008,0.242,0.235,0.13,0.126,0.418,0.406,0.085,0.000
0,2,2,86,6,ApplyRotaryPosEmb_4,ApplyRotaryPosEmb,static,AI_VECTOR_CORE,1784811986601646.645	,3.580,0.030000,8,0,NO,"""8,1,16,128;8,1,2,128;8,1,1,128;8,1,1,128""",FLOAT16;FLOAT16;FLOAT16;FLOAT16,NCHW;NCHW;NCHW;NCHW,"""8,1,16,128;8,1,2,128""",FLOAT16;FLOAT16,NCHW;NCHW,N/A,0.0,0,0.0,0.0,0.0,0.0,0.0,0.0,0.0,0.0,0.0,0.0,0.0,2.177,31345,0.156,0.072,1.245,0.572,0.136,0.062,0.141,0.065,0.084,0.000
0,2,2,87,6,Scatter_8,Scatter,static,AI_VECTOR_CORE,1784811986601650.245	,2.480,0.000000,16,0,NO,"""8,2,1024,128;8;8,2,1,128""",FLOAT16;INT64;FLOAT16,NCHW;NCHW;NCHW,"""8,2,1024,128""",FLOAT16,NCHW,N/A,0.0,0,0.0,0.0,0.0,0.0,0.0,0.0,0.0,0.0,0.0,0.0,0.0,1.027,29583,0.008,0.008,0.179,0.174,0.112,0.109,0.362,0.353,0.128,0.000
0,2,2,88,6,IncreFlashAttention_4,IncreFlashAttention,static,MIX_AIC,1784811986601654.125	,21.720,1.270000,16,32,NO,"""8,16,1,128;8,2,1024,128;8,2,1024,128;8,1,1,1024""",FLOAT16;FLOAT16;FLOAT16;BOOL,NCHW;NCHW;NCHW;NCHW,"""8,16,1,128""",FLOAT16,NCHW,0,19.733,568315,1.076,0.055,14.591,0.739,2.699,0.137,7.654,0.388,3.041,0.154,0.002,11.988,690520,0.715,0.06,5.152,0.43,0.213,0.018,0.455,0.038,0.006,60.568
0,2,2,89,6,MatMul_21,MatMul,static,AI_CORE,1784811986601676.665	,7.460,1.030000,22,0,NO,"""8,2048;1024,2048""",FLOAT16;FLOAT16,ND;ND,"""8,1024""",FLOAT16,ND,N/A,5.559,220130,0.974,0.175,0.713,0.128,1.302,0.234,4.279,0.77,0.174,0.031,0.0,0.0,0,0.0,0.0,0.0,0.0,0.0,0.0,0.0,0.0,0.0,68.306
0,2,2,90,6,InplaceAddRmsNorm_8,InplaceAddRmsNorm,static,AI_VECTOR_CORE,1784811986601684.145	,2.640,0.040000,8,0,NO,"""8,1,1024;8,1,1024;1024""",FLOAT16;FLOAT16;FLOAT16,ND;ND;ND,"""8,1,1024;8,1,1;8,1,1024""",FLOAT16;FLOAT;FLOAT16,ND;ND;ND,N/A,0.0,0,0.0,0.0,0.0,0.0,0.0,0.0,0.0,0.0,0.0,0.0,0.0,1.637,23571,0.282,0.172,0.464,0.283,0.371,0.227,0.352,0.215,0.117,0.000
0,2,2,91,6,MatMul_22,MatMul,static,AI_CORE,1784811986601686.805	,8.420,0.000000,24,0,NO,"""8,1024;3072,1024""",FLOAT16;FLOAT16,ND;ND,"""8,3072""",FLOAT16,ND,N/A,6.662,287787,0.538,0.081,0.251,0.038,1.298,0.195,5.092,0.764,0.16,0.024,0.118,0.0,0,0.0,0.0,0.0,0.0,0.0,0.0,0.0,0.0,0.0,79.118
0,2,2,92,6,MatMul_23,MatMul,static,AI_CORE,1784811986601695.245	,8.400,0.080000,24,0,NO,"""8,1024;3072,1024""",FLOAT16;FLOAT16,ND;ND,"""8,3072""",FLOAT16,ND,N/A,6.234,269316,0.538,0.086,0.506,0.081,1.309,0.21,4.855,0.779,0.155,0.025,0.0,0.0,0,0.0,0.0,0.0,0.0,0.0,0.0,0.0,0.0,0.0,74.216
0,2,2,93,6,Swish_4Mul_7,AutomaticBufferFusionOp,static,AI_VECTOR_CORE,1784811986601703.685	,3.460,0.100000,24,0,NO,"""8,1,3072;8,1,3072""",FLOAT16;FLOAT16,ND;ND,"""8,1,3072""",FLOAT16,ND,N/A,0.0,0,0.0,0.0,0.0,0.0,0.0,0.0,0.0,0.0,0.0,0.0,0.0,1.965,84883,0.163,0.083,0.539,0.274,0.389,0.198,0.161,0.082,0.137,0.000
0,2,2,94,6,MatMul_24,MatMul,static,AI_CORE,1784811986601707.185	,9.580,0.040000,22,0,NO,"""8,3072;1024,3072""",FLOAT16;FLOAT16,ND;ND,"""8,1024""",FLOAT16,ND,N/A,7.497,296899,1.462,0.195,0.984,0.131,1.918,0.256,5.97,0.796,0.164,0.022,0.003,0.0,0,0.0,0.0,0.0,0.0,0.0,0.0,0.0,0.0,0.0,71.740
0,2,2,95,6,InplaceAddRmsNorm_9,InplaceAddRmsNorm,static,AI_VECTOR_CORE,1784811986601716.785	,2.120,0.000000,8,0,NO,"""8,1,1024;8,1,1024;1024""",FLOAT16;FLOAT16;FLOAT16,ND;ND;ND,"""8,1,1024;8,1,1;8,1,1024""",FLOAT16;FLOAT;FLOAT16,ND;ND;ND,N/A,0.0,0,0.0,0.0,0.0,0.0,0.0,0.0,0.0,0.0,0.0,0.0,0.0,1.179,16981,0.282,0.239,0.648,0.55,0.28,0.238,0.358,0.304,0.034,0.000
0,2,2,96,6,MatMul_25,MatMul,static,AI_CORE,1784811986601718.925	,8.000,0.130000,23,0,NO,"""8,1024;2560,1024""",FLOAT16;FLOAT16,ND;ND,"""8,2560""",FLOAT16,ND,N/A,6.015,249011,0.642,0.107,0.478,0.08,1.242,0.206,3.863,0.642,0.278,0.046,0.041,0.0,0,0.0,0.0,0.0,0.0,0.0,0.0,0.0,0.0,0.0,72.052
0,2,2,97,6,SplitV_7,SplitVD,static,AI_VECTOR_CORE,1784811986601726.945	,1.420,0.000000,1,0,NO,"""8,1,2560""",FLOAT16,ND,"""8,1,2048;8,1,256;8,1,256""",FLOAT16;FLOAT16;FLOAT16,ND;ND;ND,N/A,0.0,0,0.0,0.0,0.0,0.0,0.0,0.0,0.0,0.0,0.0,0.0,0.0,0.935,1683,0.008,0.008,0.122,0.131,0.283,0.302,0.302,0.323,0.263,0.000
0,2,2,98,6,Scatter_11,Scatter,static,AI_VECTOR_CORE,1784811986601728.385	,2.300,0.080000,16,0,NO,"""8,2,1024,128;8;8,2,1,128""",FLOAT16;INT64;FLOAT16,NCHW;NCHW;NCHW,"""8,2,1024,128""",FLOAT16,NCHW,N/A,0.0,0,0.0,0.0,0.0,0.0,0.0,0.0,0.0,0.0,0.0,0.0,0.0,1.202,34617,0.008,0.006,0.331,0.276,0.111,0.092,0.494,0.411,0.096,0.000
0,2,2,99,6,ApplyRotaryPosEmb_5,ApplyRotaryPosEmb,static,AI_VECTOR_CORE,1784811986601730.725	,3.580,0.000000,8,0,NO,"""8,1,16,128;8,1,2,128;8,1,1,128;8,1,1,128""",FLOAT16;FLOAT16;FLOAT16;FLOAT16,NCHW;NCHW;NCHW;NCHW,"""8,1,16,128;8,1,2,128""",FLOAT16;FLOAT16,NCHW;NCHW,N/A,0.0,0,0.0,0.0,0.0,0.0,0.0,0.0,0.0,0.0,0.0,0.0,0.0,2.213,31860,0.156,0.071,1.224,0.553,0.132,0.06,0.144,0.065,0.08,0.000
0,2,2,100,6,Scatter_10,Scatter,static,AI_VECTOR_CORE,1784811986601734.325	,2.120,0.000000,16,0,NO,"""8,2,1024,128;8;8,2,1,128""",FLOAT16;INT64;FLOAT16,NCHW;NCHW;NCHW,"""8,2,1024,128""",FLOAT16,NCHW,N/A,0.0,0,0.0,0.0,0.0,0.0,0.0,0.0,0.0,0.0,0.0,0.0,0.0,0.93,26790,0.008,0.008,0.181,0.195,0.12,0.129,0.193,0.208,0.153,0.000
0,2,2,101,6,IncreFlashAttention_5,IncreFlashAttention,static,MIX_AIC,1784811986601737.925	,24.600,1.630000,16,32,NO,"""8,16,1,128;8,2,1024,128;8,2,1024,128;8,1,1,1024""",FLOAT16;FLOAT16;FLOAT16;BOOL,NCHW;NCHW;NCHW;NCHW,"""8,16,1,128""",FLOAT16,NCHW,0,22.857,658268,1.076,0.047,15.85,0.693,2.699,0.118,9.335,0.408,3.071,0.134,0.002,14.336,825778,0.715,0.05,6.628,0.462,0.204,0.014,0.454,0.032,0.007,61.942
0,2,2,102,6,MatMul_26,MatMul,static,AI_CORE,1784811986601763.525	,7.200,0.900000,22,0,NO,"""8,2048;1024,2048""",FLOAT16;FLOAT16,ND;ND,"""8,1024""",FLOAT16,ND,N/A,5.293,209585,0.973,0.184,0.704,0.133,1.301,0.246,4.019,0.759,0.179,0.034,0.0,0.0,0,0.0,0.0,0.0,0.0,0.0,0.0,0.0,0.0,0.0,67.382
0,2,2,103,6,InplaceAddRmsNorm_10,InplaceAddRmsNorm,static,AI_VECTOR_CORE,1784811986601770.745	,2.700,0.050000,8,0,NO,"""8,1,1024;8,1,1024;1024""",FLOAT16;FLOAT16;FLOAT16,ND;ND;ND,"""8,1,1024;8,1,1;8,1,1024""",FLOAT16;FLOAT;FLOAT16,ND;ND;ND,N/A,0.0,0,0.0,0.0,0.0,0.0,0.0,0.0,0.0,0.0,0.0,0.0,0.0,1.62,23324,0.282,0.174,0.473,0.292,0.387,0.239,0.366,0.226,0.128,0.000
0,2,2,104,6,MatMul_27,MatMul,static,AI_CORE,1784811986601773.465	,8.480,0.050000,24,0,NO,"""8,1024;3072,1024""",FLOAT16;FLOAT16,ND;ND,"""8,3072""",FLOAT16,ND,N/A,6.965,300887,0.538,0.077,0.449,0.064,1.298,0.186,5.353,0.769,0.175,0.025,0.114,0.0,0,0.0,0.0,0.0,0.0,0.0,0.0,0.0,0.0,0.0,82.134
0,2,2,105,6,MatMul_28,MatMul,static,AI_CORE,1784811986601781.965	,10.260,0.020000,24,0,NO,"""8,1024;3072,1024""",FLOAT16;FLOAT16,ND;ND,"""8,3072""",FLOAT16,ND,N/A,7.458,322178,0.538,0.072,0.395,0.053,1.293,0.173,6.182,0.829,0.16,0.021,0.0,0.0,0,0.0,0.0,0.0,0.0,0.0,0.0,0.0,0.0,0.0,72.688
0,2,2,106,6,Swish_5Mul_8,AutomaticBufferFusionOp,static,AI_VECTOR_CORE,1784811986601792.265	,3.660,0.000000,24,0,NO,"""8,1,3072;8,1,3072""",FLOAT16;FLOAT16,ND;ND,"""8,1,3072""",FLOAT16,ND,N/A,0.0,0,0.0,0.0,0.0,0.0,0.0,0.0,0.0,0.0,0.0,0.0,0.0,1.553,67072,0.163,0.105,0.152,0.098,0.199,0.128,0.133,0.086,0.135,0.000
0,2,2,107,6,MatMul_29,MatMul,static,AI_CORE,1784811986601795.945	,9.600,0.090000,22,0,NO,"""8,3072;1024,3072""",FLOAT16;FLOAT16,ND;ND,"""8,1024""",FLOAT16,ND,N/A,7.644,302700,1.461,0.191,0.757,0.099,1.917,0.251,6.322,0.827,0.173,0.023,0.003,0.0,0,0.0,0.0,0.0,0.0,0.0,0.0,0.0,0.0,0.0,72.989
0,2,2,108,6,InplaceAddRmsNorm_11,InplaceAddRmsNorm,static,AI_VECTOR_CORE,1784811986601805.585	,2.140,0.000000,8,0,NO,"""8,1,1024;8,1,1024;1024""",FLOAT16;FLOAT16;FLOAT16,ND;ND;ND,"""8,1,1024;8,1,1;8,1,1024""",FLOAT16;FLOAT;FLOAT16,ND;ND;ND,N/A,0.0,0,0.0,0.0,0.0,0.0,0.0,0.0,0.0,0.0,0.0,0.0,0.0,1.152,16585,0.282,0.245,0.611,0.53,0.313,0.272,0.351,0.305,0.034,0.000
0,2,2,109,6,MatMul_30,MatMul,static,AI_CORE,1784811986601807.745	,8.760,0.110000,23,0,NO,"""8,1024;2560,1024""",FLOAT16;FLOAT16,ND;ND,"""8,2560""",FLOAT16,ND,N/A,6.593,272957,0.649,0.098,1.086,0.165,1.248,0.189,3.973,0.603,0.241,0.037,0.04,0.0,0,0.0,0.0,0.0,0.0,0.0,0.0,0.0,0.0,0.0,72.128
0,2,2,110,6,SplitV_8,SplitVD,static,AI_VECTOR_CORE,1784811986601816.545	,1.360,0.000000,1,0,NO,"""8,1,2560""",FLOAT16,ND,"""8,1,2048;8,1,256;8,1,256""",FLOAT16;FLOAT16;FLOAT16,ND;ND;ND,N/A,0.0,0,0.0,0.0,0.0,0.0,0.0,0.0,0.0,0.0,0.0,0.0,0.0,0.852,1533,0.008,0.009,0.114,0.134,0.307,0.36,0.303,0.356,0.263,0.000
0,2,2,111,6,Scatter_13,Scatter,static,AI_VECTOR_CORE,1784811986601817.945	,2.240,0.140000,16,0,NO,"""8,2,1024,128;8;8,2,1,128""",FLOAT16;INT64;FLOAT16,NCHW;NCHW;NCHW,"""8,2,1024,128""",FLOAT16,NCHW,N/A,0.0,0,0.0,0.0,0.0,0.0,0.0,0.0,0.0,0.0,0.0,0.0,0.0,1.222,35207,0.008,0.006,0.507,0.414,0.125,0.102,0.347,0.284,0.081,0.000
0,2,2,112,6,ApplyRotaryPosEmb_6,ApplyRotaryPosEmb,static,AI_VECTOR_CORE,1784811986601820.225	,4.680,0.010000,8,0,NO,"""8,1,16,128;8,1,2,128;8,1,1,128;8,1,1,128""",FLOAT16;FLOAT16;FLOAT16;FLOAT16,NCHW;NCHW;NCHW;NCHW,"""8,1,16,128;8,1,2,128""",FLOAT16;FLOAT16,NCHW;NCHW,N/A,0.0,0,0.0,0.0,0.0,0.0,0.0,0.0,0.0,0.0,0.0,0.0,0.0,2.657,38257,0.155,0.058,1.144,0.431,0.185,0.07,0.151,0.057,0.083,0.000
0,2,2,113,6,Scatter_12,Scatter,static,AI_VECTOR_CORE,1784811986601824.925	,2.120,0.070000,16,0,NO,"""8,2,1024,128;8;8,2,1,128""",FLOAT16;INT64;FLOAT16,NCHW;NCHW;NCHW,"""8,2,1024,128""",FLOAT16,NCHW,N/A,0.0,0,0.0,0.0,0.0,0.0,0.0,0.0,0.0,0.0,0.0,0.0,0.0,0.982,28276,0.008,0.008,0.173,0.177,0.107,0.109,0.232,0.236,0.137,0.000
0,2,2,114,6,IncreFlashAttention_6,IncreFlashAttention,static,MIX_AIC,1784811986601828.325	,20.040,1.130000,16,32,NO,"""8,16,1,128;8,2,1024,128;8,2,1024,128;8,1,1,1024""",FLOAT16;FLOAT16;FLOAT16;BOOL,NCHW;NCHW;NCHW;NCHW,"""8,16,1,128""",FLOAT16,NCHW,0,18.353,528553,1.076,0.059,14.024,0.764,2.698,0.147,7.401,0.403,2.982,0.163,0.002,10.888,627139,0.719,0.066,3.703,0.34,0.235,0.022,0.444,0.041,0.007,61.053
0,2,2,115,6,MatMul_31,MatMul,static,AI_CORE,1784811986601849.625	,6.260,1.210000,22,0,NO,"""8,2048;1024,2048""",FLOAT16;FLOAT16,ND;ND,"""8,1024""",FLOAT16,ND,N/A,4.915,194637,0.974,0.198,0.793,0.161,1.302,0.265,3.558,0.724,0.172,0.035,0.0,0.0,0,0.0,0.0,0.0,0.0,0.0,0.0,0.0,0.0,0.0,71.973
0,2,2,116,6,InplaceAddRmsNorm_12,InplaceAddRmsNorm,static,AI_VECTOR_CORE,1784811986601855.905	,2.720,0.240000,8,0,NO,"""8,1,1024;8,1,1024;1024""",FLOAT16;FLOAT16;FLOAT16,ND;ND;ND,"""8,1,1024;8,1,1;8,1,1024""",FLOAT16;FLOAT;FLOAT16,ND;ND;ND,N/A,0.0,0,0.0,0.0,0.0,0.0,0.0,0.0,0.0,0.0,0.0,0.0,0.0,1.702,24504,0.282,0.166,0.47,0.276,0.357,0.21,0.357,0.21,0.114,0.000
0,2,2,117,6,MatMul_32,MatMul,static,AI_CORE,1784811986601858.645	,9.460,0.030000,24,0,NO,"""8,1024;3072,1024""",FLOAT16;FLOAT16,ND;ND,"""8,3072""",FLOAT16,ND,N/A,6.416,277171,0.538,0.084,0.494,0.077,1.31,0.204,4.62,0.72,0.164,0.026,0.11,0.0,0,0.0,0.0,0.0,0.0,0.0,0.0,0.0,0.0,0.0,67.822
0,2,2,118,6,MatMul_33,MatMul,static,AI_CORE,1784811986601868.145	,8.880,0.040000,24,0,NO,"""8,1024;3072,1024""",FLOAT16;FLOAT16,ND;ND,"""8,3072""",FLOAT16,ND,N/A,6.038,260830,0.538,0.089,0.414,0.069,1.309,0.217,4.746,0.786,0.158,0.026,0.0,0.0,0,0.0,0.0,0.0,0.0,0.0,0.0,0.0,0.0,0.0,67.992
0,2,2,119,6,Swish_6Mul_9,AutomaticBufferFusionOp,static,AI_VECTOR_CORE,1784811986601877.045	,3.420,0.000000,24,0,NO,"""8,1,3072;8,1,3072""",FLOAT16;FLOAT16,ND;ND,"""8,1,3072""",FLOAT16,ND,N/A,0.0,0,0.0,0.0,0.0,0.0,0.0,0.0,0.0,0.0,0.0,0.0,0.0,1.479,63897,0.163,0.11,0.158,0.107,0.253,0.171,0.156,0.106,0.14,0.000
0,2,2,120,6,MatMul_34,MatMul,static,AI_CORE,1784811986601880.485	,9.840,0.080000,22,0,NO,"""8,3072;1024,3072""",FLOAT16;FLOAT16,ND;ND,"""8,1024""",FLOAT16,ND,N/A,7.397,292936,1.46,0.197,0.78,0.105,1.925,0.26,6.072,0.821,0.164,0.022,0.003,0.0,0,0.0,0.0,0.0,0.0,0.0,0.0,0.0,0.0,0.0,68.912
0,2,2,121,6,InplaceAddRmsNorm_13,InplaceAddRmsNorm,static,AI_VECTOR_CORE,1784811986601890.345	,2.140,0.000000,8,0,NO,"""8,1,1024;8,1,1024;1024""",FLOAT16;FLOAT16;FLOAT16,ND;ND;ND,"""8,1,1024;8,1,1;8,1,1024""",FLOAT16;FLOAT;FLOAT16,ND;ND;ND,N/A,0.0,0,0.0,0.0,0.0,0.0,0.0,0.0,0.0,0.0,0.0,0.0,0.0,1.092,15730,0.282,0.258,0.495,0.453,0.347,0.318,0.37,0.338,0.034,0.000
0,2,2,122,6,MatMul_35,MatMul,static,AI_CORE,1784811986601892.505	,7.440,0.110000,23,0,NO,"""8,1024;2560,1024""",FLOAT16;FLOAT16,ND;ND,"""8,2560""",FLOAT16,ND,N/A,5.925,245291,0.643,0.109,0.299,0.05,1.24,0.209,4.093,0.691,0.23,0.039,0.039,0.0,0,0.0,0.0,0.0,0.0,0.0,0.0,0.0,0.0,0.0,76.318
0,2,2,123,6,SplitV_9,SplitVD,static,AI_VECTOR_CORE,1784811986601899.965	,1.320,0.060000,1,0,NO,"""8,1,2560""",FLOAT16,ND,"""8,1,2048;8,1,256;8,1,256""",FLOAT16;FLOAT16;FLOAT16,ND;ND;ND,N/A,0.0,0,0.0,0.0,0.0,0.0,0.0,0.0,0.0,0.0,0.0,0.0,0.0,0.85,1530,0.008,0.009,0.108,0.127,0.287,0.338,0.326,0.384,0.263,0.000
0,2,2,124,6,Scatter_15,Scatter,static,AI_VECTOR_CORE,1784811986601901.305	,2.060,0.000000,16,0,NO,"""8,2,1024,128;8;8,2,1,128""",FLOAT16;INT64;FLOAT16,NCHW;NCHW;NCHW,"""8,2,1024,128""",FLOAT16,NCHW,N/A,0.0,0,0.0,0.0,0.0,0.0,0.0,0.0,0.0,0.0,0.0,0.0,0.0,1.049,30216,0.008,0.007,0.227,0.216,0.108,0.103,0.474,0.452,0.085,0.000
0,2,2,125,6,ApplyRotaryPosEmb_7,ApplyRotaryPosEmb,static,AI_VECTOR_CORE,1784811986601903.385	,3.640,0.190000,8,0,NO,"""8,1,16,128;8,1,2,128;8,1,1,128;8,1,1,128""",FLOAT16;FLOAT16;FLOAT16;FLOAT16,NCHW;NCHW;NCHW;NCHW,"""8,1,16,128;8,1,2,128""",FLOAT16;FLOAT16,NCHW;NCHW,N/A,0.0,0,0.0,0.0,0.0,0.0,0.0,0.0,0.0,0.0,0.0,0.0,0.0,2.158,31076,0.156,0.072,1.264,0.586,0.127,0.059,0.136,0.063,0.081,0.000
0,2,2,126,6,Scatter_14,Scatter,static,AI_VECTOR_CORE,1784811986601907.045	,2.100,0.000000,16,0,NO,"""8,2,1024,128;8;8,2,1,128""",FLOAT16;INT64;FLOAT16,NCHW;NCHW;NCHW,"""8,2,1024,128""",FLOAT16,NCHW,N/A,0.0,0,0.0,0.0,0.0,0.0,0.0,0.0,0.0,0.0,0.0,0.0,0.0,0.952,27427,0.008,0.008,0.145,0.152,0.119,0.125,0.238,0.249,0.141,0.000
0,2,2,127,6,IncreFlashAttention_7,IncreFlashAttention,static,MIX_AIC,1784811986601910.325	,20.340,1.150000,16,32,NO,"""8,16,1,128;8,2,1024,128;8,2,1024,128;8,1,1,1024""",FLOAT16;FLOAT16;FLOAT16;BOOL,NCHW;NCHW;NCHW;NCHW,"""8,16,1,128""",FLOAT16,NCHW,0,18.753,540073,1.076,0.057,14.168,0.756,2.699,0.144,7.593,0.405,3.025,0.161,0.002,11.116,640284,0.719,0.065,3.396,0.305,0.21,0.019,0.463,0.042,0.007,61.464
0,2,2,128,6,MatMul_36,MatMul,static,AI_CORE,1784811986601931.605	,7.740,0.910000,22,0,NO,"""8,2048;1024,2048""",FLOAT16;FLOAT16,ND;ND,"""8,1024""",FLOAT16,ND,N/A,5.365,212464,0.974,0.181,0.635,0.118,1.288,0.24,4.164,0.776,0.172,0.032,0.0,0.0,0,0.0,0.0,0.0,0.0,0.0,0.0,0.0,0.0,0.0,63.542
0,2,2,129,6,InplaceAddRmsNorm_14,InplaceAddRmsNorm,static,AI_VECTOR_CORE,1784811986601939.385	,2.700,0.260000,8,0,NO,"""8,1,1024;8,1,1024;1024""",FLOAT16;FLOAT16;FLOAT16,ND;ND;ND,"""8,1,1024;8,1,1;8,1,1024""",FLOAT16;FLOAT;FLOAT16,ND;ND;ND,N/A,0.0,0,0.0,0.0,0.0,0.0,0.0,0.0,0.0,0.0,0.0,0.0,0.0,1.624,23379,0.282,0.174,0.45,0.277,0.405,0.249,0.349,0.215,0.121,0.000
0,2,2,130,6,MatMul_37,MatMul,static,AI_CORE,1784811986601942.105	,8.060,0.000000,24,0,NO,"""8,1024;3072,1024""",FLOAT16;FLOAT16,ND;ND,"""8,3072""",FLOAT16,ND,N/A,6.208,268202,0.538,0.087,0.215,0.035,1.307,0.21,4.679,0.754,0.172,0.028,0.111,0.0,0,0.0,0.0,0.0,0.0,0.0,0.0,0.0,0.0,0.0,77.027
0,2,2,131,6,MatMul_38,MatMul,static,AI_CORE,1784811986601950.185	,8.200,0.190000,24,0,NO,"""8,1024;3072,1024""",FLOAT16;FLOAT16,ND;ND,"""8,3072""",FLOAT16,ND,N/A,5.941,256649,0.538,0.091,0.406,0.068,1.313,0.221,4.661,0.785,0.157,0.026,0.0,0.0,0,0.0,0.0,0.0,0.0,0.0,0.0,0.0,0.0,0.0,72.451
0,2,2,132,6,Swish_7Mul_10,AutomaticBufferFusionOp,static,AI_VECTOR_CORE,1784811986601958.405	,3.460,0.050000,24,0,NO,"""8,1,3072;8,1,3072""",FLOAT16;FLOAT16,ND;ND,"""8,1,3072""",FLOAT16,ND,N/A,0.0,0,0.0,0.0,0.0,0.0,0.0,0.0,0.0,0.0,0.0,0.0,0.0,1.72,74324,0.163,0.095,0.31,0.18,0.31,0.18,0.168,0.098,0.137,0.000
0,2,2,133,6,MatMul_39,MatMul,static,AI_CORE,1784811986601961.885	,9.660,0.040000,22,0,NO,"""8,3072;1024,3072""",FLOAT16;FLOAT16,ND;ND,"""8,1024""",FLOAT16,ND,N/A,7.717,305597,1.461,0.189,1.192,0.154,1.927,0.25,5.971,0.774,0.176,0.023,0.003,0.0,0,0.0,0.0,0.0,0.0,0.0,0.0,0.0,0.0,0.0,73.230
0,2,2,134,6,InplaceAddRmsNorm_15,InplaceAddRmsNorm,static,AI_VECTOR_CORE,1784811986601971.565	,1.840,0.000000,8,0,NO,"""8,1,1024;8,1,1024;1024""",FLOAT16;FLOAT16;FLOAT16,ND;ND;ND,"""8,1,1024;8,1,1;8,1,1024""",FLOAT16;FLOAT;FLOAT16,ND;ND;ND,N/A,0.0,0,0.0,0.0,0.0,0.0,0.0,0.0,0.0,0.0,0.0,0.0,0.0,1.093,15732,0.282,0.258,0.526,0.482,0.375,0.344,0.374,0.343,0.034,0.000
0,2,2,135,6,MatMul_40,MatMul,static,AI_CORE,1784811986601973.425	,8.540,0.160000,23,0,NO,"""8,1024;2560,1024""",FLOAT16;FLOAT16,ND;ND,"""8,2560""",FLOAT16,ND,N/A,6.361,263329,0.647,0.102,0.349,0.055,1.239,0.195,4.449,0.699,0.251,0.039,0.04,0.0,0,0.0,0.0,0.0,0.0,0.0,0.0,0.0,0.0,0.0,71.377
0,2,2,136,6,SplitV_10,SplitVD,static,AI_VECTOR_CORE,1784811986601981.985	,1.300,0.000000,1,0,NO,"""8,1,2560""",FLOAT16,ND,"""8,1,2048;8,1,256;8,1,256""",FLOAT16;FLOAT16;FLOAT16,ND;ND;ND,N/A,0.0,0,0.0,0.0,0.0,0.0,0.0,0.0,0.0,0.0,0.0,0.0,0.0,0.827,1488,0.008,0.009,0.126,0.152,0.277,0.335,0.3,0.363,0.263,0.000
0,2,2,137,6,Scatter_17,Scatter,static,AI_VECTOR_CORE,1784811986601983.325	,1.920,0.000000,16,0,NO,"""8,2,1024,128;8;8,2,1,128""",FLOAT16;INT64;FLOAT16,NCHW;NCHW;NCHW,"""8,2,1024,128""",FLOAT16,NCHW,N/A,0.0,0,0.0,0.0,0.0,0.0,0.0,0.0,0.0,0.0,0.0,0.0,0.0,0.959,27606,0.008,0.008,0.231,0.241,0.116,0.122,0.381,0.397,0.085,0.000
0,2,2,138,6,ApplyRotaryPosEmb_8,ApplyRotaryPosEmb,static,AI_VECTOR_CORE,1784811986601985.265	,3.620,0.080000,8,0,NO,"""8,1,16,128;8,1,2,128;8,1,1,128;8,1,1,128""",FLOAT16;FLOAT16;FLOAT16;FLOAT16,NCHW;NCHW;NCHW;NCHW,"""8,1,16,128;8,1,2,128""",FLOAT16;FLOAT16,NCHW;NCHW,N/A,0.0,0,0.0,0.0,0.0,0.0,0.0,0.0,0.0,0.0,0.0,0.0,0.0,2.208,31802,0.156,0.071,1.194,0.541,0.137,0.062,0.145,0.066,0.083,0.000
0,2,2,139,6,Scatter_16,Scatter,static,AI_VECTOR_CORE,1784811986601988.925	,2.260,0.130000,16,0,NO,"""8,2,1024,128;8;8,2,1,128""",FLOAT16;INT64;FLOAT16,NCHW;NCHW;NCHW,"""8,2,1024,128""",FLOAT16,NCHW,N/A,0.0,0,0.0,0.0,0.0,0.0,0.0,0.0,0.0,0.0,0.0,0.0,0.0,1.074,30925,0.008,0.007,0.299,0.279,0.148,0.137,0.235,0.219,0.134,0.000
0,2,2,140,6,IncreFlashAttention_8,IncreFlashAttention,static,MIX_AIC,1784811986601992.305	,21.440,0.990000,16,32,NO,"""8,16,1,128;8,2,1024,128;8,2,1024,128;8,1,1,1024""",FLOAT16;FLOAT16;FLOAT16;BOOL,NCHW;NCHW;NCHW;NCHW,"""8,16,1,128""",FLOAT16,NCHW,0,19.435,559727,1.076,0.055,14.091,0.725,2.699,0.139,7.859,0.404,2.993,0.154,0.002,11.761,677461,0.715,0.061,4.818,0.41,0.203,0.017,0.444,0.038,0.007,60.432
0,2,2,141,6,MatMul_41,MatMul,static,AI_CORE,1784811986602014.865	,7.240,1.060000,22,0,NO,"""8,2048;1024,2048""",FLOAT16;FLOAT16,ND;ND,"""8,1024""",FLOAT16,ND,N/A,5.355,212077,0.973,0.182,0.898,0.168,1.295,0.242,4.117,0.769,0.185,0.035,0.0,0.0,0,0.0,0.0,0.0,0.0,0.0,0.0,0.0,0.0,0.0,67.806
0,2,2,142,6,InplaceAddRmsNorm_16,InplaceAddRmsNorm,static,AI_VECTOR_CORE,1784811986602022.125	,2.740,0.010000,8,0,NO,"""8,1,1024;8,1,1024;1024""",FLOAT16;FLOAT16;FLOAT16,ND;ND;ND,"""8,1,1024;8,1,1;8,1,1024""",FLOAT16;FLOAT;FLOAT16,ND;ND;ND,N/A,0.0,0,0.0,0.0,0.0,0.0,0.0,0.0,0.0,0.0,0.0,0.0,0.0,1.666,23988,0.282,0.169,0.486,0.292,0.4,0.24,0.362,0.217,0.119,0.000
0,2,2,143,6,MatMul_42,MatMul,static,AI_CORE,1784811986602024.885	,8.080,0.260000,24,0,NO,"""8,1024;3072,1024""",FLOAT16;FLOAT16,ND;ND,"""8,3072""",FLOAT16,ND,N/A,6.188,267332,0.538,0.087,0.251,0.041,1.311,0.212,4.594,0.742,0.17,0.027,0.109,0.0,0,0.0,0.0,0.0,0.0,0.0,0.0,0.0,0.0,0.0,76.587
0,2,2,144,6,MatMul_43,MatMul,static,AI_CORE,1784811986602032.985	,8.120,0.000000,24,0,NO,"""8,1024;3072,1024""",FLOAT16;FLOAT16,ND;ND,"""8,3072""",FLOAT16,ND,N/A,5.995,258975,0.538,0.09,0.52,0.087,1.313,0.219,4.602,0.768,0.158,0.026,0.0,0.0,0,0.0,0.0,0.0,0.0,0.0,0.0,0.0,0.0,0.0,73.827
0,2,2,145,6,Swish_8Mul_11,AutomaticBufferFusionOp,static,AI_VECTOR_CORE,1784811986602041.125	,3.440,0.000000,24,0,NO,"""8,1,3072;8,1,3072""",FLOAT16;FLOAT16,ND;ND,"""8,1,3072""",FLOAT16,ND,N/A,0.0,0,0.0,0.0,0.0,0.0,0.0,0.0,0.0,0.0,0.0,0.0,0.0,1.51,65239,0.163,0.108,0.153,0.101,0.239,0.158,0.162,0.108,0.145,0.000
0,2,2,146,6,MatMul_44,MatMul,static,AI_CORE,1784811986602044.585	,9.700,0.060000,22,0,NO,"""8,3072;1024,3072""",FLOAT16;FLOAT16,ND;ND,"""8,1024""",FLOAT16,ND,N/A,7.869,311607,1.462,0.186,1.371,0.174,1.929,0.245,5.938,0.755,0.172,0.022,0.003,0.0,0,0.0,0.0,0.0,0.0,0.0,0.0,0.0,0.0,0.0,74.362
0,2,2,147,6,InplaceAddRmsNorm_17,InplaceAddRmsNorm,static,AI_VECTOR_CORE,1784811986602054.305	,2.140,0.050000,8,0,NO,"""8,1,1024;8,1,1024;1024""",FLOAT16;FLOAT16;FLOAT16,ND;ND;ND,"""8,1,1024;8,1,1;8,1,1024""",FLOAT16;FLOAT;FLOAT16,ND;ND;ND,N/A,0.0,0,0.0,0.0,0.0,0.0,0.0,0.0,0.0,0.0,0.0,0.0,0.0,1.254,18053,0.282,0.225,0.735,0.587,0.262,0.209,0.346,0.276,0.034,0.000
0,2,2,148,6,MatMul_45,MatMul,static,AI_CORE,1784811986602056.485	,7.640,0.110000,23,0,NO,"""8,1024;2560,1024""",FLOAT16;FLOAT16,ND;ND,"""8,2560""",FLOAT16,ND,N/A,6.359,263253,0.642,0.101,0.307,0.048,1.235,0.194,4.44,0.698,0.27,0.042,0.039,0.0,0,0.0,0.0,0.0,0.0,0.0,0.0,0.0,0.0,0.0,79.762
0,2,2,149,6,SplitV_11,SplitVD,static,AI_VECTOR_CORE,1784811986602064.145	,1.440,0.110000,1,0,NO,"""8,1,2560""",FLOAT16,ND,"""8,1,2048;8,1,256;8,1,256""",FLOAT16;FLOAT16;FLOAT16,ND;ND;ND,N/A,0.0,0,0.0,0.0,0.0,0.0,0.0,0.0,0.0,0.0,0.0,0.0,0.0,0.867,1561,0.008,0.009,0.164,0.189,0.286,0.329,0.312,0.359,0.263,0.000
0,2,2,150,6,Scatter_19,Scatter,static,AI_VECTOR_CORE,1784811986602065.605	,2.080,0.000000,16,0,NO,"""8,2,1024,128;8;8,2,1,128""",FLOAT16;INT64;FLOAT16,NCHW;NCHW;NCHW,"""8,2,1024,128""",FLOAT16,NCHW,N/A,0.0,0,0.0,0.0,0.0,0.0,0.0,0.0,0.0,0.0,0.0,0.0,0.0,1.019,29355,0.008,0.008,0.286,0.28,0.124,0.122,0.381,0.374,0.09,0.000
0,2,2,151,6,ApplyRotaryPosEmb_9,ApplyRotaryPosEmb,static,AI_VECTOR_CORE,1784811986602067.705	,3.360,0.170000,8,0,NO,"""8,1,16,128;8,1,2,128;8,1,1,128;8,1,1,128""",FLOAT16;FLOAT16;FLOAT16;FLOAT16,NCHW;NCHW;NCHW;NCHW,"""8,1,16,128;8,1,2,128""",FLOAT16;FLOAT16,NCHW;NCHW,N/A,0.0,0,0.0,0.0,0.0,0.0,0.0,0.0,0.0,0.0,0.0,0.0,0.0,2.072,29842,0.154,0.074,1.201,0.58,0.14,0.068,0.14,0.068,0.048,0.000
0,2,2,152,6,Scatter_18,Scatter,static,AI_VECTOR_CORE,1784811986602071.085	,2.240,0.000000,16,0,NO,"""8,2,1024,128;8;8,2,1,128""",FLOAT16;INT64;FLOAT16,NCHW;NCHW;NCHW,"""8,2,1024,128""",FLOAT16,NCHW,N/A,0.0,0,0.0,0.0,0.0,0.0,0.0,0.0,0.0,0.0,0.0,0.0,0.0,1.127,32470,0.008,0.007,0.392,0.348,0.105,0.093,0.206,0.183,0.126,0.000
0,2,2,153,6,IncreFlashAttention_9,IncreFlashAttention,static,MIX_AIC,1784811986602074.325	,21.600,1.010000,16,32,NO,"""8,16,1,128;8,2,1024,128;8,2,1024,128;8,1,1,1024""",FLOAT16;FLOAT16;FLOAT16;BOOL,NCHW;NCHW;NCHW;NCHW,"""8,16,1,128""",FLOAT16,NCHW,0,19.993,575808,1.076,0.054,14.212,0.711,2.699,0.135,7.58,0.379,3.018,0.151,0.002,12.365,712246,0.72,0.058,4.285,0.347,0.194,0.016,0.465,0.038,0.006,61.708
0,2,2,154,6,MatMul_46,MatMul,static,AI_CORE,1784811986602096.865	,7.100,0.900000,22,0,NO,"""8,2048;1024,2048""",FLOAT16;FLOAT16,ND;ND,"""8,1024""",FLOAT16,ND,N/A,5.444,215572,0.973,0.179,1.228,0.225,1.306,0.24,3.651,0.671,0.184,0.034,0.0,0.0,0,0.0,0.0,0.0,0.0,0.0,0.0,0.0,0.0,0.0,70.283
0,2,2,155,6,InplaceAddRmsNorm_18,InplaceAddRmsNorm,static,AI_VECTOR_CORE,1784811986602103.985	,2.600,0.150000,8,0,NO,"""8,1,1024;8,1,1024;1024""",FLOAT16;FLOAT16;FLOAT16,ND;ND;ND,"""8,1,1024;8,1,1;8,1,1024""",FLOAT16;FLOAT;FLOAT16,ND;ND;ND,N/A,0.0,0,0.0,0.0,0.0,0.0,0.0,0.0,0.0,0.0,0.0,0.0,0.0,1.619,23310,0.282,0.174,0.497,0.307,0.361,0.223,0.363,0.224,0.114,0.000
0,2,2,156,6,MatMul_47,MatMul,static,AI_CORE,1784811986602106.605	,8.280,0.000000,24,0,NO,"""8,1024;3072,1024""",FLOAT16;FLOAT16,ND;ND,"""8,3072""",FLOAT16,ND,N/A,6.23,269125,0.538,0.086,0.241,0.039,1.308,0.21,4.654,0.747,0.172,0.028,0.11,0.0,0,0.0,0.0,0.0,0.0,0.0,0.0,0.0,0.0,0.0,75.238
0,2,2,157,6,MatMul_48,MatMul,static,AI_CORE,1784811986602114.905	,8.660,0.220000,24,0,NO,"""8,1024;3072,1024""",FLOAT16;FLOAT16,ND;ND,"""8,3072""",FLOAT16,ND,N/A,5.937,256485,0.538,0.091,0.503,0.085,1.312,0.221,4.557,0.768,0.158,0.027,0.0,0.0,0,0.0,0.0,0.0,0.0,0.0,0.0,0.0,0.0,0.0,68.558
0,2,2,158,6,Swish_9Mul_12,AutomaticBufferFusionOp,static,AI_VECTOR_CORE,1784811986602123.585	,3.420,0.000000,24,0,NO,"""8,1,3072;8,1,3072""",FLOAT16;FLOAT16,ND;ND,"""8,1,3072""",FLOAT16,ND,N/A,0.0,0,0.0,0.0,0.0,0.0,0.0,0.0,0.0,0.0,0.0,0.0,0.0,1.624,70159,0.163,0.1,0.159,0.098,0.342,0.21,0.177,0.109,0.144,0.000
0,2,2,159,6,MatMul_49,MatMul,static,AI_CORE,1784811986602127.025	,9.380,0.080000,22,0,NO,"""8,3072;1024,3072""",FLOAT16;FLOAT16,ND;ND,"""8,1024""",FLOAT16,ND,N/A,7.246,286931,1.461,0.202,0.87,0.12,1.93,0.266,5.792,0.799,0.201,0.028,0.003,0.0,0,0.0,0.0,0.0,0.0,0.0,0.0,0.0,0.0,0.0,70.809
0,2,2,160,6,InplaceAddRmsNorm_19,InplaceAddRmsNorm,static,AI_VECTOR_CORE,1784811986602136.445	,2.140,0.120000,8,0,NO,"""8,1,1024;8,1,1024;1024""",FLOAT16;FLOAT16;FLOAT16,ND;ND;ND,"""8,1,1024;8,1,1;8,1,1024""",FLOAT16;FLOAT;FLOAT16,ND;ND;ND,N/A,0.0,0,0.0,0.0,0.0,0.0,0.0,0.0,0.0,0.0,0.0,0.0,0.0,1.302,18742,0.282,0.217,0.736,0.565,0.342,0.263,0.372,0.286,0.01,0.000
0,2,2,161,6,MatMul_50,MatMul,static,AI_CORE,1784811986602138.605	,7.480,0.000000,23,0,NO,"""8,1024;2560,1024""",FLOAT16;FLOAT16,ND;ND,"""8,2560""",FLOAT16,ND,N/A,6.006,248648,0.646,0.108,0.302,0.05,1.245,0.207,4.146,0.69,0.233,0.039,0.038,0.0,0,0.0,0.0,0.0,0.0,0.0,0.0,0.0,0.0,0.0,76.948
0,2,2,162,6,SplitV_12,SplitVD,static,AI_VECTOR_CORE,1784811986602146.105	,1.340,0.020000,1,0,NO,"""8,1,2560""",FLOAT16,ND,"""8,1,2048;8,1,256;8,1,256""",FLOAT16;FLOAT16;FLOAT16,ND;ND;ND,N/A,0.0,0,0.0,0.0,0.0,0.0,0.0,0.0,0.0,0.0,0.0,0.0,0.0,0.863,1554,0.008,0.009,0.144,0.167,0.273,0.316,0.306,0.355,0.263,0.000
0,2,2,163,6,Scatter_21,Scatter,static,AI_VECTOR_CORE,1784811986602147.465	,1.900,0.160000,16,0,NO,"""8,2,1024,128;8;8,2,1,128""",FLOAT16;INT64;FLOAT16,NCHW;NCHW;NCHW,"""8,2,1024,128""",FLOAT16,NCHW,N/A,0.0,0,0.0,0.0,0.0,0.0,0.0,0.0,0.0,0.0,0.0,0.0,0.0,0.944,27191,0.008,0.008,0.258,0.273,0.109,0.115,0.337,0.357,0.083,0.000
0,2,2,164,6,ApplyRotaryPosEmb_10,ApplyRotaryPosEmb,static,AI_VECTOR_CORE,1784811986602149.405	,3.440,0.100000,8,0,NO,"""8,1,16,128;8,1,2,128;8,1,1,128;8,1,1,128""",FLOAT16;FLOAT16;FLOAT16;FLOAT16,NCHW;NCHW;NCHW;NCHW,"""8,1,16,128;8,1,2,128""",FLOAT16;FLOAT16,NCHW;NCHW,N/A,0.0,0,0.0,0.0,0.0,0.0,0.0,0.0,0.0,0.0,0.0,0.0,0.0,2.169,31233,0.156,0.072,1.232,0.568,0.134,0.062,0.141,0.065,0.079,0.000
0,2,2,165,6,Scatter_20,Scatter,static,AI_VECTOR_CORE,1784811986602152.865	,2.200,0.000000,16,0,NO,"""8,2,1024,128;8;8,2,1,128""",FLOAT16;INT64;FLOAT16,NCHW;NCHW;NCHW,"""8,2,1024,128""",FLOAT16,NCHW,N/A,0.0,0,0.0,0.0,0.0,0.0,0.0,0.0,0.0,0.0,0.0,0.0,0.0,0.995,28664,0.008,0.008,0.181,0.182,0.118,0.119,0.316,0.318,0.126,0.000
0,2,2,166,6,IncreFlashAttention_10,IncreFlashAttention,static,MIX_AIC,1784811986602156.405	,22.740,1.550000,16,32,NO,"""8,16,1,128;8,2,1024,128;8,2,1024,128;8,1,1,1024""",FLOAT16;FLOAT16;FLOAT16;BOOL,NCHW;NCHW;NCHW;NCHW,"""8,16,1,128""",FLOAT16,NCHW,0,21.325,614174,1.076,0.05,15.242,0.715,2.698,0.127,7.557,0.354,2.995,0.14,0.002,13.774,793372,0.719,0.052,5.74,0.417,0.194,0.014,0.455,0.033,0.007,62.520
0,2,2,167,6,MatMul_51,MatMul,static,AI_CORE,1784811986602180.145	,7.640,1.010000,22,0,NO,"""8,2048;1024,2048""",FLOAT16;FLOAT16,ND;ND,"""8,1024""",FLOAT16,ND,N/A,5.486,217253,0.975,0.178,0.755,0.138,1.294,0.236,4.14,0.755,0.195,0.036,0.0,0.0,0,0.0,0.0,0.0,0.0,0.0,0.0,0.0,0.0,0.0,65.825
0,2,2,168,6,InplaceAddRmsNorm_20,InplaceAddRmsNorm,static,AI_VECTOR_CORE,1784811986602187.805	,2.580,0.000000,8,0,NO,"""8,1,1024;8,1,1024;1024""",FLOAT16;FLOAT16;FLOAT16,ND;ND;ND,"""8,1,1024;8,1,1;8,1,1024""",FLOAT16;FLOAT;FLOAT16,ND;ND;ND,N/A,0.0,0,0.0,0.0,0.0,0.0,0.0,0.0,0.0,0.0,0.0,0.0,0.0,1.568,22576,0.282,0.18,0.468,0.299,0.377,0.241,0.353,0.225,0.075,0.000
0,2,2,169,6,MatMul_52,MatMul,static,AI_CORE,1784811986602190.405	,8.760,0.170000,24,0,NO,"""8,1024;3072,1024""",FLOAT16;FLOAT16,ND;ND,"""8,3072""",FLOAT16,ND,N/A,6.574,283996,0.538,0.082,0.273,0.042,1.302,0.198,4.983,0.758,0.163,0.025,0.114,0.0,0,0.0,0.0,0.0,0.0,0.0,0.0,0.0,0.0,0.0,75.045
0,2,2,170,6,MatMul_53,MatMul,static,AI_CORE,1784811986602199.185	,8.840,0.000000,24,0,NO,"""8,1024;3072,1024""",FLOAT16;FLOAT16,ND;ND,"""8,3072""",FLOAT16,ND,N/A,6.222,268798,0.538,0.086,0.78,0.125,1.308,0.21,4.825,0.775,0.16,0.026,0.0,0.0,0,0.0,0.0,0.0,0.0,0.0,0.0,0.0,0.0,0.0,70.387
0,2,2,171,6,Swish_10Mul_13,AutomaticBufferFusionOp,static,AI_VECTOR_CORE,1784811986602208.045	,3.460,0.000000,24,0,NO,"""8,1,3072;8,1,3072""",FLOAT16;FLOAT16,ND;ND,"""8,1,3072""",FLOAT16,ND,N/A,0.0,0,0.0,0.0,0.0,0.0,0.0,0.0,0.0,0.0,0.0,0.0,0.0,1.673,72288,0.163,0.098,0.208,0.124,0.347,0.207,0.165,0.099,0.144,0.000
0,2,2,172,6,MatMul_54,MatMul,static,AI_CORE,1784811986602211.545	,9.700,0.040000,22,0,NO,"""8,3072;1024,3072""",FLOAT16;FLOAT16,ND;ND,"""8,1024""",FLOAT16,ND,N/A,7.6,300957,1.462,0.192,0.878,0.116,1.914,0.252,6.156,0.81,0.184,0.024,0.003,0.0,0,0.0,0.0,0.0,0.0,0.0,0.0,0.0,0.0,0.0,71.821
0,2,2,173,6,InplaceAddRmsNorm_21,InplaceAddRmsNorm,static,AI_VECTOR_CORE,1784811986602221.265	,2.040,0.050000,8,0,NO,"""8,1,1024;8,1,1024;1024""",FLOAT16;FLOAT16;FLOAT16,ND;ND;ND,"""8,1,1024;8,1,1;8,1,1024""",FLOAT16;FLOAT;FLOAT16,ND;ND;ND,N/A,0.0,0,0.0,0.0,0.0,0.0,0.0,0.0,0.0,0.0,0.0,0.0,0.0,1.231,17722,0.282,0.229,0.714,0.58,0.275,0.224,0.356,0.289,0.013,0.000
0,2,2,174,6,MatMul_55,MatMul,static,AI_CORE,1784811986602223.345	,7.900,0.000000,23,0,NO,"""8,1024;2560,1024""",FLOAT16;FLOAT16,ND;ND,"""8,2560""",FLOAT16,ND,N/A,5.967,247035,0.639,0.107,0.311,0.052,1.242,0.208,4.038,0.677,0.234,0.039,0.039,0.0,0,0.0,0.0,0.0,0.0,0.0,0.0,0.0,0.0,0.0,72.385
0,2,2,175,6,SplitV_13,SplitVD,static,AI_VECTOR_CORE,1784811986602231.265	,1.500,0.100000,1,0,NO,"""8,1,2560""",FLOAT16,ND,"""8,1,2048;8,1,256;8,1,256""",FLOAT16;FLOAT16;FLOAT16,ND;ND;ND,N/A,0.0,0,0.0,0.0,0.0,0.0,0.0,0.0,0.0,0.0,0.0,0.0,0.0,0.98,1764,0.008,0.008,0.159,0.163,0.292,0.298,0.297,0.303,0.263,0.000
0,2,2,176,6,Scatter_23,Scatter,static,AI_VECTOR_CORE,1784811986602232.785	,2.180,0.000000,16,0,NO,"""8,2,1024,128;8;8,2,1,128""",FLOAT16;INT64;FLOAT16,NCHW;NCHW;NCHW,"""8,2,1024,128""",FLOAT16,NCHW,N/A,0.0,0,0.0,0.0,0.0,0.0,0.0,0.0,0.0,0.0,0.0,0.0,0.0,1.094,31498,0.008,0.007,0.227,0.208,0.111,0.101,0.41,0.375,0.095,0.000
0,2,2,177,6,ApplyRotaryPosEmb_11,ApplyRotaryPosEmb,static,AI_VECTOR_CORE,1784811986602235.005	,3.540,0.070000,8,0,NO,"""8,1,16,128;8,1,2,128;8,1,1,128;8,1,1,128""",FLOAT16;FLOAT16;FLOAT16;FLOAT16,NCHW;NCHW;NCHW;NCHW,"""8,1,16,128;8,1,2,128""",FLOAT16;FLOAT16,NCHW;NCHW,N/A,0.0,0,0.0,0.0,0.0,0.0,0.0,0.0,0.0,0.0,0.0,0.0,0.0,2.141,30829,0.156,0.073,1.29,0.603,0.139,0.065,0.144,0.067,0.084,0.000
0,2,2,178,6,Scatter_22,Scatter,static,AI_VECTOR_CORE,1784811986602238.565	,2.120,0.000000,16,0,NO,"""8,2,1024,128;8;8,2,1,128""",FLOAT16;INT64;FLOAT16,NCHW;NCHW;NCHW,"""8,2,1024,128""",FLOAT16,NCHW,N/A,0.0,0,0.0,0.0,0.0,0.0,0.0,0.0,0.0,0.0,0.0,0.0,0.0,1.054,30347,0.008,0.007,0.181,0.172,0.117,0.111,0.319,0.302,0.13,0.000
0,2,2,179,6,IncreFlashAttention_11,IncreFlashAttention,static,MIX_AIC,1784811986602242.005	,23.420,1.380000,16,32,NO,"""8,16,1,128;8,2,1024,128;8,2,1024,128;8,1,1,1024""",FLOAT16;FLOAT16;FLOAT16;BOOL,NCHW;NCHW;NCHW;NCHW,"""8,16,1,128""",FLOAT16,NCHW,0,21.515,619639,1.076,0.05,15.998,0.744,2.699,0.125,7.629,0.355,2.978,0.138,0.002,13.815,795728,0.715,0.052,6.973,0.505,0.194,0.014,0.461,0.033,0.006,61.245
0,2,2,180,6,MatMul_56,MatMul,static,AI_CORE,1784811986602266.345	,7.460,0.830000,22,0,NO,"""8,2048;1024,2048""",FLOAT16;FLOAT16,ND;ND,"""8,1024""",FLOAT16,ND,N/A,5.262,208374,0.975,0.185,0.789,0.15,1.306,0.248,3.906,0.742,0.169,0.032,0.0,0.0,0,0.0,0.0,0.0,0.0,0.0,0.0,0.0,0.0,0.0,64.658
0,2,2,181,6,InplaceAddRmsNorm_22,InplaceAddRmsNorm,static,AI_VECTOR_CORE,1784811986602273.825	,2.720,0.040000,8,0,NO,"""8,1,1024;8,1,1024;1024""",FLOAT16;FLOAT16;FLOAT16,ND;ND;ND,"""8,1,1024;8,1,1;8,1,1024""",FLOAT16;FLOAT;FLOAT16,ND;ND;ND,N/A,0.0,0,0.0,0.0,0.0,0.0,0.0,0.0,0.0,0.0,0.0,0.0,0.0,1.583,22788,0.282,0.178,0.455,0.288,0.28,0.177,0.363,0.229,0.075,0.000
0,2,2,182,6,MatMul_57,MatMul,static,AI_CORE,1784811986602276.565	,8.720,0.030000,24,0,NO,"""8,1024;3072,1024""",FLOAT16;FLOAT16,ND;ND,"""8,3072""",FLOAT16,ND,N/A,6.514,281409,0.538,0.083,0.236,0.036,1.308,0.201,4.929,0.757,0.167,0.026,0.117,0.0,0,0.0,0.0,0.0,0.0,0.0,0.0,0.0,0.0,0.0,74.703
0,2,2,183,6,MatMul_58,MatMul,static,AI_CORE,1784811986602285.305	,9.320,0.030000,24,0,NO,"""8,1024;3072,1024""",FLOAT16;FLOAT16,ND;ND,"""8,3072""",FLOAT16,ND,N/A,6.319,272992,0.538,0.085,0.914,0.145,1.309,0.207,4.538,0.718,0.157,0.025,0.0,0.0,0,0.0,0.0,0.0,0.0,0.0,0.0,0.0,0.0,0.0,67.803
0,2,2,184,6,Swish_11Mul_14,AutomaticBufferFusionOp,static,AI_VECTOR_CORE,1784811986602294.665	,3.800,0.180000,24,0,NO,"""8,1,3072;8,1,3072""",FLOAT16;FLOAT16,ND;ND,"""8,1,3072""",FLOAT16,ND,N/A,0.0,0,0.0,0.0,0.0,0.0,0.0,0.0,0.0,0.0,0.0,0.0,0.0,1.612,69625,0.163,0.101,0.148,0.092,0.192,0.119,0.131,0.081,0.136,0.000
0,2,2,185,6,MatMul_59,MatMul,static,AI_CORE,1784811986602298.485	,9.400,0.000000,22,0,NO,"""8,3072;1024,3072""",FLOAT16;FLOAT16,ND;ND,"""8,1024""",FLOAT16,ND,N/A,7.186,284570,1.462,0.203,0.791,0.11,1.927,0.268,5.827,0.811,0.173,0.024,0.003,0.0,0,0.0,0.0,0.0,0.0,0.0,0.0,0.0,0.0,0.0,70.077
0,2,2,186,6,InplaceAddRmsNorm_23,InplaceAddRmsNorm,static,AI_VECTOR_CORE,1784811986602307.905	,2.000,0.100000,8,0,NO,"""8,1,1024;8,1,1024;1024""",FLOAT16;FLOAT16;FLOAT16,ND;ND;ND,"""8,1,1024;8,1,1;8,1,1024""",FLOAT16;FLOAT;FLOAT16,ND;ND;ND,N/A,0.0,0,0.0,0.0,0.0,0.0,0.0,0.0,0.0,0.0,0.0,0.0,0.0,1.17,16846,0.282,0.241,0.638,0.546,0.264,0.226,0.354,0.302,0.018,0.000
0,2,2,187,6,MatMul_60,MatMul,static,AI_CORE,1784811986602309.945	,7.700,0.000000,23,0,NO,"""8,1024;2560,1024""",FLOAT16;FLOAT16,ND;ND,"""8,2560""",FLOAT16,ND,N/A,6.235,258128,0.639,0.103,0.295,0.047,1.237,0.198,4.406,0.707,0.223,0.036,0.038,0.0,0,0.0,0.0,0.0,0.0,0.0,0.0,0.0,0.0,0.0,77.600
0,2,2,188,6,SplitV_14,SplitVD,static,AI_VECTOR_CORE,1784811986602317.665	,1.320,0.050000,1,0,NO,"""8,1,2560""",FLOAT16,ND,"""8,1,2048;8,1,256;8,1,256""",FLOAT16;FLOAT16;FLOAT16,ND;ND;ND,N/A,0.0,0,0.0,0.0,0.0,0.0,0.0,0.0,0.0,0.0,0.0,0.0,0.0,0.823,1481,0.008,0.009,0.102,0.124,0.286,0.347,0.314,0.382,0.263,0.000
0,2,2,189,6,Scatter_25,Scatter,static,AI_VECTOR_CORE,1784811986602319.005	,2.020,0.000000,16,0,NO,"""8,2,1024,128;8;8,2,1,128""",FLOAT16;INT64;FLOAT16,NCHW;NCHW;NCHW,"""8,2,1024,128""",FLOAT16,NCHW,N/A,0.0,0,0.0,0.0,0.0,0.0,0.0,0.0,0.0,0.0,0.0,0.0,0.0,1.029,29646,0.008,0.008,0.227,0.22,0.172,0.167,0.38,0.369,0.083,0.000
0,2,2,190,6,ApplyRotaryPosEmb_12,ApplyRotaryPosEmb,static,AI_VECTOR_CORE,1784811986602321.045	,3.440,0.000000,8,0,NO,"""8,1,16,128;8,1,2,128;8,1,1,128;8,1,1,128""",FLOAT16;FLOAT16;FLOAT16;FLOAT16,NCHW;NCHW;NCHW;NCHW,"""8,1,16,128;8,1,2,128""",FLOAT16;FLOAT16,NCHW;NCHW,N/A,0.0,0,0.0,0.0,0.0,0.0,0.0,0.0,0.0,0.0,0.0,0.0,0.0,2.124,30580,0.154,0.072,0.97,0.457,0.23,0.108,0.147,0.069,0.032,0.000
0,2,2,191,6,Scatter_24,Scatter,static,AI_VECTOR_CORE,1784811986602324.505	,2.040,0.060000,16,0,NO,"""8,2,1024,128;8;8,2,1,128""",FLOAT16;INT64;FLOAT16,NCHW;NCHW;NCHW,"""8,2,1024,128""",FLOAT16,NCHW,N/A,0.0,0,0.0,0.0,0.0,0.0,0.0,0.0,0.0,0.0,0.0,0.0,0.0,1.004,28918,0.008,0.008,0.155,0.155,0.109,0.109,0.344,0.342,0.132,0.000
0,2,2,192,6,IncreFlashAttention_12,IncreFlashAttention,static,MIX_AIC,1784811986602327.625	,20.560,0.960000,16,32,NO,"""8,16,1,128;8,2,1024,128;8,2,1024,128;8,1,1,1024""",FLOAT16;FLOAT16;FLOAT16;BOOL,NCHW;NCHW;NCHW;NCHW,"""8,16,1,128""",FLOAT16,NCHW,0,18.822,542069,1.076,0.057,14.304,0.76,2.698,0.143,7.628,0.405,3.009,0.16,0.002,11.187,644346,0.718,0.064,3.919,0.35,0.229,0.02,0.445,0.04,0.006,61.031
0,2,2,193,6,MatMul_61,MatMul,static,AI_CORE,1784811986602348.945	,7.160,0.940000,22,0,NO,"""8,2048;1024,2048""",FLOAT16;FLOAT16,ND;ND,"""8,1024""",FLOAT16,ND,N/A,5.316,210508,0.973,0.183,0.681,0.128,1.291,0.243,4.067,0.765,0.163,0.031,0.0,0.0,0,0.0,0.0,0.0,0.0,0.0,0.0,0.0,0.0,0.0,68.057
0,2,2,194,6,InplaceAddRmsNorm_24,InplaceAddRmsNorm,static,AI_VECTOR_CORE,1784811986602356.125	,2.560,0.000000,8,0,NO,"""8,1,1024;8,1,1024;1024""",FLOAT16;FLOAT16;FLOAT16,ND;ND;ND,"""8,1,1024;8,1,1;8,1,1024""",FLOAT16;FLOAT;FLOAT16,ND;ND;ND,N/A,0.0,0,0.0,0.0,0.0,0.0,0.0,0.0,0.0,0.0,0.0,0.0,0.0,1.61,23183,0.282,0.175,0.461,0.286,0.317,0.197,0.351,0.218,0.063,0.000
0,2,2,195,6,MatMul_62,MatMul,static,AI_CORE,1784811986602358.705	,8.520,0.190000,24,0,NO,"""8,1024;3072,1024""",FLOAT16;FLOAT16,ND;ND,"""8,3072""",FLOAT16,ND,N/A,6.359,274704,0.538,0.085,0.247,0.039,1.306,0.205,4.8,0.755,0.163,0.026,0.114,0.0,0,0.0,0.0,0.0,0.0,0.0,0.0,0.0,0.0,0.0,74.635
0,2,2,196,6,MatMul_63,MatMul,static,AI_CORE,1784811986602367.245	,8.840,0.000000,24,0,NO,"""8,1024;3072,1024""",FLOAT16;FLOAT16,ND;ND,"""8,3072""",FLOAT16,ND,N/A,6.104,263694,0.538,0.088,0.428,0.07,1.311,0.215,4.791,0.785,0.168,0.027,0.0,0.0,0,0.0,0.0,0.0,0.0,0.0,0.0,0.0,0.0,0.0,69.050
0,2,2,197,6,Swish_12Mul_15,AutomaticBufferFusionOp,static,AI_VECTOR_CORE,1784811986602376.105	,3.420,0.000000,24,0,NO,"""8,1,3072;8,1,3072""",FLOAT16;FLOAT16,ND;ND,"""8,1,3072""",FLOAT16,ND,N/A,0.0,0,0.0,0.0,0.0,0.0,0.0,0.0,0.0,0.0,0.0,0.0,0.0,1.573,67949,0.163,0.104,0.204,0.13,0.353,0.225,0.144,0.091,0.132,0.000
0,2,2,198,6,MatMul_64,MatMul,static,AI_CORE,1784811986602379.545	,9.220,0.080000,22,0,NO,"""8,3072;1024,3072""",FLOAT16;FLOAT16,ND;ND,"""8,1024""",FLOAT16,ND,N/A,7.246,286941,1.461,0.202,0.795,0.11,1.928,0.266,5.887,0.812,0.175,0.024,0.003,0.0,0,0.0,0.0,0.0,0.0,0.0,0.0,0.0,0.0,0.0,72.041
0,2,2,199,6,InplaceAddRmsNorm_25,InplaceAddRmsNorm,static,AI_VECTOR_CORE,1784811986602388.785	,2.080,0.030000,8,0,NO,"""8,1,1024;8,1,1024;1024""",FLOAT16;FLOAT16;FLOAT16,ND;ND;ND,"""8,1,1024;8,1,1;8,1,1024""",FLOAT16;FLOAT;FLOAT16,ND;ND;ND,N/A,0.0,0,0.0,0.0,0.0,0.0,0.0,0.0,0.0,0.0,0.0,0.0,0.0,1.231,17726,0.282,0.229,0.656,0.533,0.364,0.296,0.377,0.306,0.02,0.000
0,2,2,200,6,MatMul_65,MatMul,static,AI_CORE,1784811986602390.885	,7.260,0.170000,23,0,NO,"""8,1024;2560,1024""",FLOAT16;FLOAT16,ND;ND,"""8,2560""",FLOAT16,ND,N/A,6.094,252283,0.643,0.106,0.367,0.06,1.234,0.202,4.228,0.694,0.236,0.039,0.039,0.0,0,0.0,0.0,0.0,0.0,0.0,0.0,0.0,0.0,0.0,80.439
0,2,2,201,6,SplitV_15,SplitVD,static,AI_VECTOR_CORE,1784811986602398.165	,1.360,0.000000,1,0,NO,"""8,1,2560""",FLOAT16,ND,"""8,1,2048;8,1,256;8,1,256""",FLOAT16;FLOAT16;FLOAT16,ND;ND;ND,N/A,0.0,0,0.0,0.0,0.0,0.0,0.0,0.0,0.0,0.0,0.0,0.0,0.0,0.84,1512,0.008,0.009,0.127,0.151,0.274,0.327,0.286,0.341,0.263,0.000
0,2,2,202,6,Scatter_27,Scatter,static,AI_VECTOR_CORE,1784811986602399.565	,2.220,0.000000,16,0,NO,"""8,2,1024,128;8;8,2,1,128""",FLOAT16;INT64;FLOAT16,NCHW;NCHW;NCHW,"""8,2,1024,128""",FLOAT16,NCHW,N/A,0.0,0,0.0,0.0,0.0,0.0,0.0,0.0,0.0,0.0,0.0,0.0,0.0,1.09,31405,0.008,0.007,0.535,0.49,0.106,0.098,0.272,0.249,0.082,0.000
0,2,2,203,6,ApplyRotaryPosEmb_13,ApplyRotaryPosEmb,static,AI_VECTOR_CORE,1784811986602401.805	,2.880,0.030000,8,0,NO,"""8,1,16,128;8,1,2,128;8,1,1,128;8,1,1,128""",FLOAT16;FLOAT16;FLOAT16;FLOAT16,NCHW;NCHW;NCHW;NCHW,"""8,1,16,128;8,1,2,128""",FLOAT16;FLOAT16,NCHW;NCHW,N/A,0.0,0,0.0,0.0,0.0,0.0,0.0,0.0,0.0,0.0,0.0,0.0,0.0,1.892,27241,0.154,0.081,1.096,0.579,0.131,0.069,0.14,0.074,0.03,0.000
0,2,2,204,6,Scatter_26,Scatter,static,AI_VECTOR_CORE,1784811986602404.705	,2.040,0.120000,16,0,NO,"""8,2,1024,128;8;8,2,1,128""",FLOAT16;INT64;FLOAT16,NCHW;NCHW;NCHW,"""8,2,1024,128""",FLOAT16,NCHW,N/A,0.0,0,0.0,0.0,0.0,0.0,0.0,0.0,0.0,0.0,0.0,0.0,0.0,0.991,28530,0.008,0.008,0.153,0.155,0.121,0.122,0.27,0.273,0.137,0.000
0,2,2,205,6,IncreFlashAttention_13,IncreFlashAttention,static,MIX_AIC,1784811986602407.905	,22.320,1.210000,16,32,NO,"""8,16,1,128;8,2,1024,128;8,2,1024,128;8,1,1,1024""",FLOAT16;FLOAT16;FLOAT16;BOOL,NCHW;NCHW;NCHW;NCHW,"""8,16,1,128""",FLOAT16,NCHW,0,20.916,602370,1.075,0.051,15.569,0.744,2.698,0.129,7.784,0.372,3.091,0.148,0.002,13.148,757329,0.715,0.054,6.218,0.473,0.198,0.015,0.457,0.035,0.007,62.472
0,2,2,206,6,MatMul_66,MatMul,static,AI_CORE,1784811986602431.025	,7.180,0.680000,22,0,NO,"""8,2048;1024,2048""",FLOAT16;FLOAT16,ND;ND,"""8,1024""",FLOAT16,ND,N/A,5.251,207955,0.973,0.185,0.675,0.128,1.304,0.248,3.981,0.758,0.204,0.039,0.0,0.0,0,0.0,0.0,0.0,0.0,0.0,0.0,0.0,0.0,0.0,67.044
0,2,2,207,6,InplaceAddRmsNorm_26,InplaceAddRmsNorm,static,AI_VECTOR_CORE,1784811986602438.225	,2.520,0.070000,8,0,NO,"""8,1,1024;8,1,1024;1024""",FLOAT16;FLOAT16;FLOAT16,ND;ND;ND,"""8,1,1024;8,1,1;8,1,1024""",FLOAT16;FLOAT;FLOAT16,ND;ND;ND,N/A,0.0,0,0.0,0.0,0.0,0.0,0.0,0.0,0.0,0.0,0.0,0.0,0.0,1.563,22511,0.282,0.181,0.47,0.3,0.337,0.216,0.36,0.23,0.085,0.000
0,2,2,208,6,MatMul_67,MatMul,static,AI_CORE,1784811986602440.765	,8.200,0.000000,24,0,NO,"""8,1024;3072,1024""",FLOAT16;FLOAT16,ND;ND,"""8,3072""",FLOAT16,ND,N/A,6.51,281226,0.538,0.083,0.778,0.12,1.308,0.201,4.338,0.666,0.17,0.026,0.107,0.0,0,0.0,0.0,0.0,0.0,0.0,0.0,0.0,0.0,0.0,79.389
0,2,2,209,6,MatMul_68,MatMul,static,AI_CORE,1784811986602448.985	,8.640,0.050000,24,0,NO,"""8,1024;3072,1024""",FLOAT16;FLOAT16,ND;ND,"""8,3072""",FLOAT16,ND,N/A,6.182,267050,0.538,0.087,0.427,0.069,1.309,0.212,4.869,0.788,0.164,0.026,0.0,0.0,0,0.0,0.0,0.0,0.0,0.0,0.0,0.0,0.0,0.0,71.548
0,2,2,210,6,Swish_13Mul_16,AutomaticBufferFusionOp,static,AI_VECTOR_CORE,1784811986602457.645	,3.480,0.110000,24,0,NO,"""8,1,3072;8,1,3072""",FLOAT16;FLOAT16,ND;ND,"""8,1,3072""",FLOAT16,ND,N/A,0.0,0,0.0,0.0,0.0,0.0,0.0,0.0,0.0,0.0,0.0,0.0,0.0,1.616,69795,0.163,0.101,0.16,0.099,0.345,0.213,0.185,0.115,0.148,0.000
0,2,2,211,6,MatMul_69,MatMul,static,AI_CORE,1784811986602461.145	,9.560,0.020000,22,0,NO,"""8,3072;1024,3072""",FLOAT16;FLOAT16,ND;ND,"""8,1024""",FLOAT16,ND,N/A,7.478,296112,1.461,0.195,0.798,0.107,1.923,0.257,6.122,0.819,0.172,0.023,0.003,0.0,0,0.0,0.0,0.0,0.0,0.0,0.0,0.0,0.0,0.0,71.699
0,2,2,212,6,InplaceAddRmsNorm_27,InplaceAddRmsNorm,static,AI_VECTOR_CORE,1784811986602470.725	,1.960,0.000000,8,0,NO,"""8,1,1024;8,1,1024;1024""",FLOAT16;FLOAT16;FLOAT16,ND;ND;ND,"""8,1,1024;8,1,1;8,1,1024""",FLOAT16;FLOAT;FLOAT16,ND;ND;ND,N/A,0.0,0,0.0,0.0,0.0,0.0,0.0,0.0,0.0,0.0,0.0,0.0,0.0,1.158,16671,0.282,0.244,0.652,0.563,0.274,0.236,0.348,0.301,0.013,0.000
0,2,2,213,6,MatMul_70,MatMul,static,AI_CORE,1784811986602472.705	,7.420,0.040000,23,0,NO,"""8,1024;2560,1024""",FLOAT16;FLOAT16,ND;ND,"""8,2560""",FLOAT16,ND,N/A,5.983,247692,0.644,0.108,0.494,0.083,1.253,0.209,3.941,0.659,0.259,0.043,0.04,0.0,0,0.0,0.0,0.0,0.0,0.0,0.0,0.0,0.0,0.0,77.272
0,2,2,214,6,SplitV_16,SplitVD,static,AI_VECTOR_CORE,1784811986602480.145	,1.380,0.080000,1,0,NO,"""8,1,2560""",FLOAT16,ND,"""8,1,2048;8,1,256;8,1,256""",FLOAT16;FLOAT16;FLOAT16,ND;ND;ND,N/A,0.0,0,0.0,0.0,0.0,0.0,0.0,0.0,0.0,0.0,0.0,0.0,0.0,0.847,1524,0.008,0.009,0.11,0.13,0.286,0.338,0.302,0.357,0.263,0.000
0,2,2,215,6,Scatter_29,Scatter,static,AI_VECTOR_CORE,1784811986602481.545	,2.160,0.000000,16,0,NO,"""8,2,1024,128;8;8,2,1,128""",FLOAT16;INT64;FLOAT16,NCHW;NCHW;NCHW,"""8,2,1024,128""",FLOAT16,NCHW,N/A,0.0,0,0.0,0.0,0.0,0.0,0.0,0.0,0.0,0.0,0.0,0.0,0.0,1.102,31728,0.008,0.007,0.542,0.492,0.115,0.104,0.22,0.2,0.084,0.000
0,2,2,216,6,ApplyRotaryPosEmb_14,ApplyRotaryPosEmb,static,AI_VECTOR_CORE,1784811986602483.745	,3.060,0.090000,8,0,NO,"""8,1,16,128;8,1,2,128;8,1,1,128;8,1,1,128""",FLOAT16;FLOAT16;FLOAT16;FLOAT16,NCHW;NCHW;NCHW;NCHW,"""8,1,16,128;8,1,2,128""",FLOAT16;FLOAT16,NCHW;NCHW,N/A,0.0,0,0.0,0.0,0.0,0.0,0.0,0.0,0.0,0.0,0.0,0.0,0.0,1.953,28130,0.154,0.079,1.108,0.567,0.135,0.069,0.144,0.074,0.029,0.000
0,2,2,217,6,Scatter_28,Scatter,static,AI_VECTOR_CORE,1784811986602486.845	,2.140,0.000000,16,0,NO,"""8,2,1024,128;8;8,2,1,128""",FLOAT16;INT64;FLOAT16,NCHW;NCHW;NCHW,"""8,2,1024,128""",FLOAT16,NCHW,N/A,0.0,0,0.0,0.0,0.0,0.0,0.0,0.0,0.0,0.0,0.0,0.0,0.0,0.955,27508,0.008,0.008,0.175,0.183,0.109,0.114,0.224,0.235,0.128,0.000
0,2,2,218,6,IncreFlashAttention_14,IncreFlashAttention,static,MIX_AIC,1784811986602489.945	,19.680,1.110000,16,32,NO,"""8,16,1,128;8,2,1024,128;8,2,1024,128;8,1,1,1024""",FLOAT16;FLOAT16;FLOAT16;BOOL,NCHW;NCHW;NCHW;NCHW,"""8,16,1,128""",FLOAT16,NCHW,0,18.144,522553,1.076,0.059,13.341,0.735,2.7,0.149,7.74,0.427,3.024,0.167,0.002,10.45,601906,0.72,0.069,2.81,0.269,0.195,0.019,0.443,0.042,0.007,61.464
0,2,2,219,6,MatMul_71,MatMul,static,AI_CORE,1784811986602510.625	,7.360,0.820000,22,0,NO,"""8,2048;1024,2048""",FLOAT16;FLOAT16,ND;ND,"""8,1024""",FLOAT16,ND,N/A,5.5,217785,0.973,0.177,0.725,0.132,1.299,0.236,4.206,0.765,0.167,0.03,0.0,0.0,0,0.0,0.0,0.0,0.0,0.0,0.0,0.0,0.0,0.0,68.496
0,2,2,220,6,InplaceAddRmsNorm_28,InplaceAddRmsNorm,static,AI_VECTOR_CORE,1784811986602518.005	,2.600,0.140000,8,0,NO,"""8,1,1024;8,1,1024;1024""",FLOAT16;FLOAT16;FLOAT16,ND;ND;ND,"""8,1,1024;8,1,1;8,1,1024""",FLOAT16;FLOAT;FLOAT16,ND;ND;ND,N/A,0.0,0,0.0,0.0,0.0,0.0,0.0,0.0,0.0,0.0,0.0,0.0,0.0,1.587,22852,0.282,0.178,0.448,0.282,0.353,0.222,0.359,0.226,0.085,0.000
0,2,2,221,6,MatMul_72,MatMul,static,AI_CORE,1784811986602520.625	,8.680,0.000000,24,0,NO,"""8,1024;3072,1024""",FLOAT16;FLOAT16,ND;ND,"""8,3072""",FLOAT16,ND,N/A,6.228,269034,0.538,0.086,0.645,0.104,1.314,0.211,4.296,0.69,0.157,0.025,0.11,0.0,0,0.0,0.0,0.0,0.0,0.0,0.0,0.0,0.0,0.0,71.747
0,2,2,222,6,MatMul_73,MatMul,static,AI_CORE,1784811986602529.325	,8.720,0.070000,24,0,NO,"""8,1024;3072,1024""",FLOAT16;FLOAT16,ND;ND,"""8,3072""",FLOAT16,ND,N/A,5.965,257681,0.538,0.09,0.504,0.085,1.311,0.22,4.587,0.769,0.16,0.027,0.0,0.0,0,0.0,0.0,0.0,0.0,0.0,0.0,0.0,0.0,0.0,68.404
0,2,2,223,6,Swish_14Mul_17,AutomaticBufferFusionOp,static,AI_VECTOR_CORE,1784811986602538.065	,3.380,0.030000,24,0,NO,"""8,1,3072;8,1,3072""",FLOAT16;FLOAT16,ND;ND,"""8,1,3072""",FLOAT16,ND,N/A,0.0,0,0.0,0.0,0.0,0.0,0.0,0.0,0.0,0.0,0.0,0.0,0.0,1.496,64613,0.163,0.109,0.158,0.106,0.26,0.174,0.155,0.104,0.138,0.000
0,2,2,224,6,MatMul_74,MatMul,static,AI_CORE,1784811986602541.465	,9.460,0.120000,22,0,NO,"""8,3072;1024,3072""",FLOAT16;FLOAT16,ND;ND,"""8,1024""",FLOAT16,ND,N/A,7.382,292312,1.461,0.198,0.865,0.117,1.922,0.26,5.952,0.806,0.176,0.024,0.002,0.0,0,0.0,0.0,0.0,0.0,0.0,0.0,0.0,0.0,0.0,71.527
0,2,2,225,6,InplaceAddRmsNorm_29,InplaceAddRmsNorm,static,AI_VECTOR_CORE,1784811986602550.945	,1.800,0.040000,8,0,NO,"""8,1,1024;8,1,1024;1024""",FLOAT16;FLOAT16;FLOAT16,ND;ND;ND,"""8,1,1024;8,1,1;8,1,1024""",FLOAT16;FLOAT;FLOAT16,ND;ND;ND,N/A,0.0,0,0.0,0.0,0.0,0.0,0.0,0.0,0.0,0.0,0.0,0.0,0.0,1.093,15734,0.282,0.258,0.548,0.501,0.373,0.341,0.371,0.34,0.013,0.000
0,2,2,226,6,MatMul_75,MatMul,static,AI_CORE,1784811986602552.765	,8.000,0.000000,23,0,NO,"""8,1024;2560,1024""",FLOAT16;FLOAT16,ND;ND,"""8,2560""",FLOAT16,ND,N/A,6.21,257096,0.637,0.103,0.319,0.051,1.231,0.198,4.377,0.705,0.22,0.035,0.041,0.0,0,0.0,0.0,0.0,0.0,0.0,0.0,0.0,0.0,0.0,74.391
0,2,2,227,6,SplitV_17,SplitVD,static,AI_VECTOR_CORE,1784811986602560.785	,1.360,0.000000,1,0,NO,"""8,1,2560""",FLOAT16,ND,"""8,1,2048;8,1,256;8,1,256""",FLOAT16;FLOAT16;FLOAT16,ND;ND;ND,N/A,0.0,0,0.0,0.0,0.0,0.0,0.0,0.0,0.0,0.0,0.0,0.0,0.0,0.837,1507,0.008,0.009,0.116,0.138,0.289,0.346,0.299,0.357,0.263,0.000
0,2,2,228,6,Scatter_31,Scatter,static,AI_VECTOR_CORE,1784811986602562.165	,2.240,0.140000,16,0,NO,"""8,2,1024,128;8;8,2,1,128""",FLOAT16;INT64;FLOAT16,NCHW;NCHW;NCHW,"""8,2,1024,128""",FLOAT16,NCHW,N/A,0.0,0,0.0,0.0,0.0,0.0,0.0,0.0,0.0,0.0,0.0,0.0,0.0,1.127,32455,0.008,0.007,0.267,0.237,0.114,0.101,0.529,0.469,0.086,0.000
0,2,2,229,6,ApplyRotaryPosEmb_15,ApplyRotaryPosEmb,static,AI_VECTOR_CORE,1784811986602564.425	,3.000,0.010000,8,0,NO,"""8,1,16,128;8,1,2,128;8,1,1,128;8,1,1,128""",FLOAT16;FLOAT16;FLOAT16;FLOAT16,NCHW;NCHW;NCHW;NCHW,"""8,1,16,128;8,1,2,128""",FLOAT16;FLOAT16,NCHW;NCHW,N/A,0.0,0,0.0,0.0,0.0,0.0,0.0,0.0,0.0,0.0,0.0,0.0,0.0,1.959,28212,0.154,0.079,1.108,0.565,0.135,0.069,0.144,0.073,0.026,0.000
0,2,2,230,6,Scatter_30,Scatter,static,AI_VECTOR_CORE,1784811986602567.445	,2.000,0.000000,16,0,NO,"""8,2,1024,128;8;8,2,1,128""",FLOAT16;INT64;FLOAT16,NCHW;NCHW;NCHW,"""8,2,1024,128""",FLOAT16,NCHW,N/A,0.0,0,0.0,0.0,0.0,0.0,0.0,0.0,0.0,0.0,0.0,0.0,0.0,0.845,24346,0.008,0.009,0.168,0.199,0.11,0.13,0.162,0.191,0.131,0.000
0,2,2,231,6,IncreFlashAttention_15,IncreFlashAttention,static,MIX_AIC,1784811986602570.745	,20.780,1.250000,16,32,NO,"""8,16,1,128;8,2,1024,128;8,2,1024,128;8,1,1,1024""",FLOAT16;FLOAT16;FLOAT16;BOOL,NCHW;NCHW;NCHW;NCHW,"""8,16,1,128""",FLOAT16,NCHW,0,19.101,550104,1.076,0.056,14.479,0.758,2.699,0.141,7.459,0.391,3.005,0.157,0.002,11.525,663820,0.72,0.062,4.093,0.355,0.203,0.018,0.456,0.04,0.006,61.280
0,2,2,232,6,MatMul_76,MatMul,static,AI_CORE,1784811986602592.705	,7.180,1.220000,22,0,NO,"""8,2048;1024,2048""",FLOAT16;FLOAT16,ND;ND,"""8,1024""",FLOAT16,ND,N/A,5.226,206938,0.973,0.186,0.715,0.137,1.302,0.249,3.926,0.751,0.176,0.034,0.0,0.0,0,0.0,0.0,0.0,0.0,0.0,0.0,0.0,0.0,0.0,66.716
0,2,2,233,6,InplaceAddRmsNorm_30,InplaceAddRmsNorm,static,AI_VECTOR_CORE,1784811986602599.905	,2.540,0.070000,8,0,NO,"""8,1,1024;8,1,1024;1024""",FLOAT16;FLOAT16;FLOAT16,ND;ND;ND,"""8,1,1024;8,1,1;8,1,1024""",FLOAT16;FLOAT;FLOAT16,ND;ND;ND,N/A,0.0,0,0.0,0.0,0.0,0.0,0.0,0.0,0.0,0.0,0.0,0.0,0.0,1.504,21660,0.282,0.188,0.448,0.298,0.313,0.208,0.347,0.231,0.071,0.000
0,2,2,234,6,MatMul_77,MatMul,static,AI_CORE,1784811986602602.465	,7.440,0.000000,24,0,NO,"""8,1024;3072,1024""",FLOAT16;FLOAT16,ND;ND,"""8,3072""",FLOAT16,ND,N/A,6.027,260379,0.538,0.089,0.251,0.042,1.308,0.217,4.451,0.738,0.167,0.028,0.105,0.0,0,0.0,0.0,0.0,0.0,0.0,0.0,0.0,0.0,0.0,81.012
0,2,2,235,6,MatMul_78,MatMul,static,AI_CORE,1784811986602609.925	,8.600,0.060000,24,0,NO,"""8,1024;3072,1024""",FLOAT16;FLOAT16,ND;ND,"""8,3072""",FLOAT16,ND,N/A,5.976,258182,0.538,0.09,0.514,0.086,1.312,0.219,4.589,0.768,0.162,0.027,0.0,0.0,0,0.0,0.0,0.0,0.0,0.0,0.0,0.0,0.0,0.0,69.493
0,2,2,236,6,Swish_15Mul_18,AutomaticBufferFusionOp,static,AI_VECTOR_CORE,1784811986602618.545	,3.480,0.000000,24,0,NO,"""8,1,3072;8,1,3072""",FLOAT16;FLOAT16,ND;ND,"""8,1,3072""",FLOAT16,ND,N/A,0.0,0,0.0,0.0,0.0,0.0,0.0,0.0,0.0,0.0,0.0,0.0,0.0,1.702,73531,0.163,0.096,0.301,0.177,0.333,0.196,0.157,0.092,0.128,0.000
0,2,2,237,6,MatMul_79,MatMul,static,AI_CORE,1784811986602622.045	,10.020,0.020000,22,0,NO,"""8,3072;1024,3072""",FLOAT16;FLOAT16,ND;ND,"""8,1024""",FLOAT16,ND,N/A,7.762,307358,1.462,0.188,1.114,0.144,1.92,0.247,6.08,0.783,0.178,0.023,0.002,0.0,0,0.0,0.0,0.0,0.0,0.0,0.0,0.0,0.0,0.0,71.006
0,2,2,238,6,InplaceAddRmsNorm_31,InplaceAddRmsNorm,static,AI_VECTOR_CORE,1784811986602632.085	,1.760,0.000000,8,0,NO,"""8,1,1024;8,1,1024;1024""",FLOAT16;FLOAT16;FLOAT16,ND;ND;ND,"""8,1,1024;8,1,1;8,1,1024""",FLOAT16;FLOAT;FLOAT16,ND;ND;ND,N/A,0.0,0,0.0,0.0,0.0,0.0,0.0,0.0,0.0,0.0,0.0,0.0,0.0,1.064,15326,0.282,0.265,0.54,0.507,0.335,0.314,0.36,0.338,0.013,0.000
0,2,2,239,6,MatMul_80,MatMul,static,AI_CORE,1784811986602633.865	,7.700,0.000000,23,0,NO,"""8,1024;2560,1024""",FLOAT16;FLOAT16,ND;ND,"""8,2560""",FLOAT16,ND,N/A,6.187,256126,0.64,0.104,0.319,0.052,1.234,0.199,4.329,0.7,0.227,0.037,0.04,0.0,0,0.0,0.0,0.0,0.0,0.0,0.0,0.0,0.0,0.0,76.998
0,2,2,240,6,SplitV_18,SplitVD,static,AI_VECTOR_CORE,1784811986602641.585	,1.360,0.050000,1,0,NO,"""8,1,2560""",FLOAT16,ND,"""8,1,2048;8,1,256;8,1,256""",FLOAT16;FLOAT16;FLOAT16,ND;ND;ND,N/A,0.0,0,0.0,0.0,0.0,0.0,0.0,0.0,0.0,0.0,0.0,0.0,0.0,0.817,1471,0.008,0.01,0.107,0.131,0.272,0.333,0.294,0.36,0.263,0.000
0,2,2,241,6,Scatter_33,Scatter,static,AI_VECTOR_CORE,1784811986602642.965	,1.900,0.140000,16,0,NO,"""8,2,1024,128;8;8,2,1,128""",FLOAT16;INT64;FLOAT16,NCHW;NCHW;NCHW,"""8,2,1024,128""",FLOAT16,NCHW,N/A,0.0,0,0.0,0.0,0.0,0.0,0.0,0.0,0.0,0.0,0.0,0.0,0.0,0.949,27320,0.008,0.008,0.269,0.283,0.108,0.114,0.336,0.354,0.085,0.000
0,2,2,242,6,ApplyRotaryPosEmb_16,ApplyRotaryPosEmb,static,AI_VECTOR_CORE,1784811986602644.905	,2.880,0.100000,8,0,NO,"""8,1,16,128;8,1,2,128;8,1,1,128;8,1,1,128""",FLOAT16;FLOAT16;FLOAT16;FLOAT16,NCHW;NCHW;NCHW;NCHW,"""8,1,16,128;8,1,2,128""",FLOAT16;FLOAT16,NCHW;NCHW,N/A,0.0,0,0.0,0.0,0.0,0.0,0.0,0.0,0.0,0.0,0.0,0.0,0.0,1.884,27124,0.154,0.082,1.133,0.601,0.126,0.067,0.138,0.073,0.026,0.000
0,2,2,243,6,Scatter_32,Scatter,static,AI_VECTOR_CORE,1784811986602647.825	,2.380,0.000000,16,0,NO,"""8,2,1024,128;8;8,2,1,128""",FLOAT16;INT64;FLOAT16,NCHW;NCHW;NCHW,"""8,2,1024,128""",FLOAT16,NCHW,N/A,0.0,0,0.0,0.0,0.0,0.0,0.0,0.0,0.0,0.0,0.0,0.0,0.0,1.121,32289,0.008,0.007,0.429,0.383,0.116,0.104,0.242,0.216,0.121,0.000
0,2,2,244,6,IncreFlashAttention_16,IncreFlashAttention,static,MIX_AIC,1784811986602651.565	,21.720,1.370000,16,32,NO,"""8,16,1,128;8,2,1024,128;8,2,1024,128;8,1,1,1024""",FLOAT16;FLOAT16;FLOAT16;BOOL,NCHW;NCHW;NCHW;NCHW,"""8,16,1,128""",FLOAT16,NCHW,0,20.119,579433,1.076,0.053,14.774,0.734,2.699,0.134,7.609,0.378,3.032,0.151,0.002,12.496,719765,0.715,0.057,5.597,0.448,0.21,0.017,0.442,0.035,0.007,61.753
0,2,2,245,6,MatMul_81,MatMul,static,AI_CORE,1784811986602674.125	,7.780,0.780000,22,0,NO,"""8,2048;1024,2048""",FLOAT16;FLOAT16,ND;ND,"""8,1024""",FLOAT16,ND,N/A,5.548,219688,0.974,0.176,1.33,0.24,1.303,0.235,3.671,0.662,0.187,0.034,0.0,0.0,0,0.0,0.0,0.0,0.0,0.0,0.0,0.0,0.0,0.0,65.365
0,2,2,246,6,InplaceAddRmsNorm_32,InplaceAddRmsNorm,static,AI_VECTOR_CORE,1784811986602681.945	,2.580,0.220000,8,0,NO,"""8,1,1024;8,1,1024;1024""",FLOAT16;FLOAT16;FLOAT16,ND;ND;ND,"""8,1,1024;8,1,1;8,1,1024""",FLOAT16;FLOAT;FLOAT16,ND;ND;ND,N/A,0.0,0,0.0,0.0,0.0,0.0,0.0,0.0,0.0,0.0,0.0,0.0,0.0,1.617,23287,0.282,0.175,0.459,0.284,0.393,0.243,0.372,0.23,0.072,0.000
0,2,2,247,6,MatMul_82,MatMul,static,AI_CORE,1784811986602684.545	,8.880,0.000000,24,0,NO,"""8,1024;3072,1024""",FLOAT16;FLOAT16,ND;ND,"""8,3072""",FLOAT16,ND,N/A,6.454,278810,0.538,0.083,0.263,0.041,1.304,0.202,4.883,0.757,0.156,0.024,0.114,0.0,0,0.0,0.0,0.0,0.0,0.0,0.0,0.0,0.0,0.0,72.679
0,2,2,248,6,MatMul_83,MatMul,static,AI_CORE,1784811986602693.445	,8.220,0.120000,24,0,NO,"""8,1024;3072,1024""",FLOAT16;FLOAT16,ND;ND,"""8,3072""",FLOAT16,ND,N/A,5.991,258803,0.538,0.09,0.496,0.083,1.305,0.218,4.61,0.77,0.161,0.027,0.0,0.0,0,0.0,0.0,0.0,0.0,0.0,0.0,0.0,0.0,0.0,72.881
0,2,2,249,6,Swish_16Mul_19,AutomaticBufferFusionOp,static,AI_VECTOR_CORE,1784811986602701.685	,3.340,0.030000,24,0,NO,"""8,1,3072;8,1,3072""",FLOAT16;FLOAT16,ND;ND,"""8,1,3072""",FLOAT16,ND,N/A,0.0,0,0.0,0.0,0.0,0.0,0.0,0.0,0.0,0.0,0.0,0.0,0.0,1.534,66290,0.163,0.106,0.166,0.108,0.29,0.189,0.159,0.103,0.145,0.000
0,2,2,250,6,MatMul_84,MatMul,static,AI_CORE,1784811986602705.045	,9.420,0.000000,22,0,NO,"""8,3072;1024,3072""",FLOAT16;FLOAT16,ND;ND,"""8,1024""",FLOAT16,ND,N/A,7.661,303362,1.461,0.191,1.339,0.175,1.916,0.25,5.736,0.749,0.198,0.026,0.002,0.0,0,0.0,0.0,0.0,0.0,0.0,0.0,0.0,0.0,0.0,74.546
0,2,2,251,6,InplaceAddRmsNorm_33,InplaceAddRmsNorm,static,AI_VECTOR_CORE,1784811986602714.505	,2.080,0.080000,8,0,NO,"""8,1,1024;8,1,1024;1024""",FLOAT16;FLOAT16;FLOAT16,ND;ND;ND,"""8,1,1024;8,1,1;8,1,1024""",FLOAT16;FLOAT;FLOAT16,ND;ND;ND,N/A,0.0,0,0.0,0.0,0.0,0.0,0.0,0.0,0.0,0.0,0.0,0.0,0.0,1.245,17930,0.282,0.227,0.727,0.584,0.266,0.213,0.349,0.28,0.013,0.000
0,2,2,252,6,MatMul_85,MatMul,static,AI_CORE,1784811986602716.605	,7.800,0.000000,23,0,NO,"""8,1024;2560,1024""",FLOAT16;FLOAT16,ND;ND,"""8,2560""",FLOAT16,ND,N/A,6.142,254294,0.643,0.105,0.311,0.051,1.242,0.202,4.209,0.685,0.24,0.039,0.041,0.0,0,0.0,0.0,0.0,0.0,0.0,0.0,0.0,0.0,0.0,75.467
0,2,2,253,6,SplitV_19,SplitVD,static,AI_VECTOR_CORE,1784811986602724.445	,1.440,0.200000,1,0,NO,"""8,1,2560""",FLOAT16,ND,"""8,1,2048;8,1,256;8,1,256""",FLOAT16;FLOAT16;FLOAT16,ND;ND;ND,N/A,0.0,0,0.0,0.0,0.0,0.0,0.0,0.0,0.0,0.0,0.0,0.0,0.0,0.935,1683,0.008,0.008,0.159,0.17,0.292,0.313,0.307,0.329,0.263,0.000
0,2,2,254,6,Scatter_35,Scatter,static,AI_VECTOR_CORE,1784811986602725.905	,2.520,0.060000,16,0,NO,"""8,2,1024,128;8;8,2,1,128""",FLOAT16;INT64;FLOAT16,NCHW;NCHW;NCHW,"""8,2,1024,128""",FLOAT16,NCHW,N/A,0.0,0,0.0,0.0,0.0,0.0,0.0,0.0,0.0,0.0,0.0,0.0,0.0,1.061,30561,0.008,0.007,0.248,0.233,0.116,0.109,0.362,0.341,0.095,0.000
0,2,2,255,6,ApplyRotaryPosEmb_17,ApplyRotaryPosEmb,static,AI_VECTOR_CORE,1784811986602728.465	,2.980,0.000000,8,0,NO,"""8,1,16,128;8,1,2,128;8,1,1,128;8,1,1,128""",FLOAT16;FLOAT16;FLOAT16;FLOAT16,NCHW;NCHW;NCHW;NCHW,"""8,1,16,128;8,1,2,128""",FLOAT16;FLOAT16,NCHW;NCHW,N/A,0.0,0,0.0,0.0,0.0,0.0,0.0,0.0,0.0,0.0,0.0,0.0,0.0,1.985,28589,0.154,0.078,1.187,0.598,0.136,0.068,0.147,0.074,0.034,0.000
0,2,2,256,6,Scatter_34,Scatter,static,AI_VECTOR_CORE,1784811986602731.465	,2.240,0.020000,16,0,NO,"""8,2,1024,128;8;8,2,1,128""",FLOAT16;INT64;FLOAT16,NCHW;NCHW;NCHW,"""8,2,1024,128""",FLOAT16,NCHW,N/A,0.0,0,0.0,0.0,0.0,0.0,0.0,0.0,0.0,0.0,0.0,0.0,0.0,1.127,32457,0.008,0.007,0.378,0.335,0.108,0.096,0.221,0.196,0.124,0.000
0,2,2,257,6,IncreFlashAttention_17,IncreFlashAttention,static,MIX_AIC,1784811986602734.825	,19.220,1.010000,16,32,NO,"""8,16,1,128;8,2,1024,128;8,2,1024,128;8,1,1,1024""",FLOAT16;FLOAT16;FLOAT16;BOOL,NCHW;NCHW;NCHW;NCHW,"""8,16,1,128""",FLOAT16,NCHW,0,18.047,519745,1.076,0.06,13.496,0.748,2.698,0.15,7.78,0.431,3.09,0.171,0.002,10.359,596693,0.719,0.069,2.816,0.272,0.198,0.019,0.454,0.044,0.007,62.597
0,2,2,258,6,MatMul_86,MatMul,static,AI_CORE,1784811986602754.925	,7.620,1.030000,22,0,NO,"""8,2048;1024,2048""",FLOAT16;FLOAT16,ND;ND,"""8,1024""",FLOAT16,ND,N/A,5.533,219097,0.973,0.176,1.108,0.2,1.297,0.234,3.833,0.693,0.195,0.035,0.0,0.0,0,0.0,0.0,0.0,0.0,0.0,0.0,0.0,0.0,0.0,66.558
0,2,2,259,6,InplaceAddRmsNorm_34,InplaceAddRmsNorm,static,AI_VECTOR_CORE,1784811986602762.565	,2.580,0.000000,8,0,NO,"""8,1,1024;8,1,1024;1024""",FLOAT16;FLOAT16;FLOAT16,ND;ND;ND,"""8,1,1024;8,1,1;8,1,1024""",FLOAT16;FLOAT;FLOAT16,ND;ND;ND,N/A,0.0,0,0.0,0.0,0.0,0.0,0.0,0.0,0.0,0.0,0.0,0.0,0.0,1.585,22824,0.282,0.178,0.506,0.319,0.335,0.211,0.354,0.223,0.067,0.000
0,2,2,260,6,MatMul_87,MatMul,static,AI_CORE,1784811986602765.165	,7.400,0.170000,24,0,NO,"""8,1024;3072,1024""",FLOAT16;FLOAT16,ND;ND,"""8,3072""",FLOAT16,ND,N/A,6.236,269406,0.538,0.086,0.222,0.036,1.307,0.21,4.65,0.746,0.175,0.028,0.112,0.0,0,0.0,0.0,0.0,0.0,0.0,0.0,0.0,0.0,0.0,84.274
0,2,2,261,6,MatMul_88,MatMul,static,AI_CORE,1784811986602772.585	,7.960,0.000000,24,0,NO,"""8,1024;3072,1024""",FLOAT16;FLOAT16,ND;ND,"""8,3072""",FLOAT16,ND,N/A,5.819,251361,0.538,0.092,0.447,0.077,1.311,0.225,4.492,0.772,0.162,0.028,0.0,0.0,0,0.0,0.0,0.0,0.0,0.0,0.0,0.0,0.0,0.0,73.097
0,2,2,262,6,Swish_17Mul_20,AutomaticBufferFusionOp,static,AI_VECTOR_CORE,1784811986602780.565	,3.820,0.040000,24,0,NO,"""8,1,3072;8,1,3072""",FLOAT16;FLOAT16,ND;ND,"""8,1,3072""",FLOAT16,ND,N/A,0.0,0,0.0,0.0,0.0,0.0,0.0,0.0,0.0,0.0,0.0,0.0,0.0,1.631,70475,0.163,0.1,0.16,0.098,0.201,0.123,0.131,0.081,0.146,0.000
0,2,2,263,6,MatMul_89,MatMul,static,AI_CORE,1784811986602784.405	,9.540,0.180000,22,0,NO,"""8,3072;1024,3072""",FLOAT16;FLOAT16,ND;ND,"""8,1024""",FLOAT16,ND,N/A,7.356,291311,1.461,0.199,0.802,0.109,1.928,0.262,6.0,0.816,0.166,0.023,0.002,0.0,0,0.0,0.0,0.0,0.0,0.0,0.0,0.0,0.0,0.0,70.685
0,2,2,264,6,InplaceAddRmsNorm_35,InplaceAddRmsNorm,static,AI_VECTOR_CORE,1784811986602793.965	,3.120,0.000000,8,0,NO,"""8,1,1024;8,1,1024;1024""",FLOAT16;FLOAT16;FLOAT16,ND;ND;ND,"""8,1,1024;8,1,1;8,1,1024""",FLOAT16;FLOAT;FLOAT16,ND;ND;ND,N/A,0.0,0,0.0,0.0,0.0,0.0,0.0,0.0,0.0,0.0,0.0,0.0,0.0,2.021,29102,0.283,0.14,0.459,0.227,0.281,0.139,0.368,0.182,0.235,0.000
0,2,2,265,6,MatMul_90,MatMul,static,AI_CORE,1784811986602797.105	,143.380,0.000000,24,0,NO,"""8,1024;103424,1024""",FLOAT16;FLOAT16,ND;ND,"""8,103424""",FLOAT16,ND,N/A,136.713,5905990,18.105,0.132,7.327,0.054,46.272,0.338,133.736,0.978,2.815,0.021,0.004,0.0,0,0.0,0.0,0.0,0.0,0.0,0.0,0.0,0.0,0.0,95.350
0,2,4294967295,786,3,aclnnInplaceCopy_CastAiCore_Cast,Cast,dynamic,AI_VECTOR_CORE,1784811986602962.065	,7.580,21.620000,48,0,NO,"""8,103424""",FLOAT16,ND,"""8,103424""",FLOAT,ND,N/A,0.0,0,0.0,0.0,0.0,0.0,0.0,0.0,0.0,0.0,0.0,0.0,0.0,5.527,477559,0.204,0.037,1.127,0.204,1.176,0.213,1.209,0.219,0.143,0.000
0,2,4294967295,787,3,aclnnArgMax_ArgMaxV2AiCore_ArgMaxV2,ArgMaxV2,dynamic,AI_VECTOR_CORE,1784811986602969.665	,14.780,0.170000,8,0,NO,"""8,103424;""",FLOAT;INT64,ND;ND,"""8,1""",INT32,ND,N/A,0.0,0,0.0,0.0,0.0,0.0,0.0,0.0,0.0,0.0,0.0,0.0,0.0,13.781,198445,7.397,0.537,1.734,0.126,3.742,0.272,0.12,0.009,0.064,0.000
0,2,4294967295,788,3,aclnnArgMax_CastAiCore_Cast,Cast,dynamic,AI_VECTOR_CORE,1784811986602984.465	,1.260,0.000000,1,0,NO,"""8,1""",INT32,ND,"""8,1""",INT64,ND,N/A,0.0,0,0.0,0.0,0.0,0.0,0.0,0.0,0.0,0.0,0.0,0.0,0.0,0.79,1422,0.023,0.029,0.258,0.326,0.131,0.166,0.079,0.101,0.175,0.000
0,2,4294967295,790,3,aclnnInplaceFillScalar_FillAiCore_Fill,Fill,dynamic,AI_VECTOR_CORE,1784811986602985.925	,2.140,0.240000,1,0,NO,"""2;""",INT64;INT64,ND;ND,"""8,1""",INT64,ND,N/A,0.0,0,0.0,0.0,0.0,0.0,0.0,0.0,0.0,0.0,0.0,0.0,0.0,1.662,2992,0.1,0.06,0.474,0.285,0.3,0.18,0.148,0.089,0.218,0.000
0,2,4294967295,791,3,aclnnSWhere_SelectV2AiCore_SelectV2,SelectV2,dynamic,AI_VECTOR_CORE,1784811986602988.085	,2.000,0.000000,1,0,NO,"""8,1;8,1;8,1""",BOOL;INT64;INT64,ND;ND;ND,"""8,1""",INT64,ND,N/A,0.0,0,0.0,0.0,0.0,0.0,0.0,0.0,0.0,0.0,0.0,0.0,0.0,1.51,2718,0.116,0.077,0.431,0.286,0.428,0.283,0.084,0.056,0.252,0.000
0,2,4294967295,792,3,aclnnAdds_AddAiCore_Add,Add,dynamic,AI_VECTOR_CORE,1784811986602990.105	,2.940,0.000000,1,0,NO,"""8;""",INT64;INT64,ND;ND,"""8""",INT64,ND,N/A,0.0,0,0.0,0.0,0.0,0.0,0.0,0.0,0.0,0.0,0.0,0.0,0.0,2.407,4332,0.312,0.13,0.574,0.238,0.479,0.199,0.111,0.046,0.205,0.000
0,2,4294967295,793,3,aclnnInplaceZero_ZerosLikeAiCore_ZerosLike,ZerosLike,dynamic,AI_VECTOR_CORE,1784811986603069.725	,1.740,76.810000,1,0,NO,"""8""",INT64,ND,"""8""",INT64,ND,N/A,0.0,0,0.0,0.0,0.0,0.0,0.0,0.0,0.0,0.0,0.0,0.0,0.0,1.208,2175,0.064,0.053,0.316,0.261,0.001,0.001,0.143,0.119,0.276,0.000
0,2,4294967295,794,3,aclnnSWhere_SelectV2AiCore_SelectV2,SelectV2,dynamic,AI_VECTOR_CORE,1784811986603156.365	,1.700,84.760000,1,0,NO,"""8;8;8""",BOOL;INT64;INT64,ND;ND;ND,"""8""",INT64,ND,N/A,0.0,0,0.0,0.0,0.0,0.0,0.0,0.0,0.0,0.0,0.0,0.0,0.0,1.172,2110,0.109,0.093,0.438,0.373,0.324,0.276,0.088,0.075,0.206,0.000
0,2,2,797,3,UpdateModelParam_static_bin,Data,dynamic,AI_VECTOR_CORE,1784811986604294.645	,3.940,1136.800000,1,0,NO,N/A,N/A,N/A,N/A,N/A,N/A,N/A,0.0,0,0.0,0.0,0.0,0.0,0.0,0.0,0.0,0.0,0.0,0.0,0.0,3.394,6110,0.979,0.288,1.617,0.476,0.749,0.221,0.172,0.051,0.156,0.000
0,2,2,0,6,GatherV2,GatherV2,static,AI_VECTOR_CORE,1784811986604323.965	,3.020,25.310000,8,0,NO,"""103424,1024;8,1;1""",FLOAT16;INT64;INT64,ND;ND;ND,"""8,1,1024""",FLOAT16,ND,N/A,0.0,0,0.0,0.0,0.0,0.0,0.0,0.0,0.0,0.0,0.0,0.0,0.0,1.736,25003,0.049,0.028,0.145,0.084,0.57,0.328,0.135,0.078,0.206,0.000
0,2,2,1,6,RmsNorm,RmsNorm,static,AI_VECTOR_CORE,1784811986604327.005	,6.020,0.000000,8,0,NO,"""8,1,1024;1024""",FLOAT16;FLOAT16,ND;ND,"""8,1,1024;8,1,1""",FLOAT16;FLOAT,ND;ND,N/A,0.0,0,0.0,0.0,0.0,0.0,0.0,0.0,0.0,0.0,0.0,0.0,0.0,5.072,73030,0.805,0.159,1.922,0.379,0.251,0.049,0.255,0.05,0.171,0.000
0,2,2,2,6,MatMul,MatMul,static,AI_CORE,1784811986604333.045	,8.920,0.000000,23,0,NO,"""8,1024;2560,1024""",FLOAT16;FLOAT16,ND;ND,"""8,2560""",FLOAT16,ND,N/A,6.842,283246,0.637,0.093,0.253,0.037,1.235,0.181,3.782,0.553,0.239,0.035,0.059,0.0,0,0.0,0.0,0.0,0.0,0.0,0.0,0.0,0.0,0.0,73.505
0,2,2,3,6,SplitV_2,SplitVD,static,AI_VECTOR_CORE,1784811986604341.985	,1.460,0.080000,1,0,NO,"""8,1,2560""",FLOAT16,ND,"""8,1,2048;8,1,256;8,1,256""",FLOAT16;FLOAT16;FLOAT16,ND;ND;ND,N/A,0.0,0,0.0,0.0,0.0,0.0,0.0,0.0,0.0,0.0,0.0,0.0,0.0,0.947,1704,0.008,0.008,0.171,0.18,0.293,0.309,0.304,0.321,0.263,0.000
0,2,2,4,6,Add,Add,static,AI_VECTOR_CORE,1784811986604343.465	,1.400,0.040000,1,0,NO,"""8,1;8,1""",INT64;INT64,NCHW;NCHW,"""8,1""",INT64,NCHW,N/A,0.0,0,0.0,0.0,0.0,0.0,0.0,0.0,0.0,0.0,0.0,0.0,0.0,0.884,1592,0.174,0.197,0.169,0.192,0.2,0.226,0.112,0.127,0.222,0.000
0,2,2,5,6,BroadcastTo,BroadcastTo,static,AI_VECTOR_CORE,1784811986604344.885	,1.140,0.100000,1,0,NO,"""1,8,1;3""",INT64;INT64,NCHW;NCHW,"""3,8,1""",INT64,NCHW,N/A,0.0,0,0.0,0.0,0.0,0.0,0.0,0.0,0.0,0.0,0.0,0.0,0.0,0.616,1108,0.018,0.029,0.129,0.21,0.098,0.159,0.159,0.259,0.238,0.000
0,2,2,6,6,Cast_1,Cast,static,AI_VECTOR_CORE,1784811986604346.045	,1.140,0.000000,1,0,NO,"""3,8,1,1""",INT64,NCHW,"""3,8,1,1""",FLOAT,NCHW,N/A,0.0,0,0.0,0.0,0.0,0.0,0.0,0.0,0.0,0.0,0.0,0.0,0.0,0.604,1087,0.018,0.03,0.126,0.209,0.137,0.227,0.108,0.179,0.263,0.000
0,2,2,7,6,Scatter_1,Scatter,static,AI_VECTOR_CORE,1784811986604347.205	,3.400,0.110000,16,0,NO,"""8,2,1024,128;8;8,2,1,128""",FLOAT16;INT64;FLOAT16,NCHW;NCHW;NCHW,"""8,2,1024,128""",FLOAT16,NCHW,N/A,0.0,0,0.0,0.0,0.0,0.0,0.0,0.0,0.0,0.0,0.0,0.0,0.0,1.755,50530,0.008,0.004,0.145,0.083,0.115,0.066,0.125,0.071,0.222,0.000
0,2,2,8,6,BroadcastTo_1,BroadcastTo,static,AI_VECTOR_CORE,1784811986604350.625	,7.180,0.000000,48,0,NO,"""1,1,64,1;4""",FLOAT;INT64,NCHW;NCHW,"""3,8,64,1""",FLOAT,NCHW,N/A,0.0,0,0.0,0.0,0.0,0.0,0.0,0.0,0.0,0.0,0.0,0.0,0.0,3.521,304210,0.008,0.002,0.122,0.035,0.111,0.032,0.115,0.033,0.275,0.000
0,2,2,9,6,Mul,Mul,static,AI_VECTOR_CORE,1784811986604357.845	,7.440,0.070000,48,0,NO,"""3,8,64,1;3,8,1,1""",FLOAT;FLOAT,NCHW;NCHW,"""3,8,64,1""",FLOAT,NCHW,N/A,0.0,0,0.0,0.0,0.0,0.0,0.0,0.0,0.0,0.0,0.0,0.0,0.0,3.572,308611,0.04,0.011,0.141,0.039,0.109,0.031,0.125,0.035,0.201,0.000
0,2,2,10,6,ConcatV2,ConcatV2D,static,AI_VECTOR_CORE,1784811986604365.325	,4.060,0.060000,1,0,NO,"""3,8,1,64;3,8,1,64""",FLOAT;FLOAT,NCHW;NCHW,"""3,8,1,128""",FLOAT,NCHW,N/A,0.0,0,0.0,0.0,0.0,0.0,0.0,0.0,0.0,0.0,0.0,0.0,0.0,3.478,6260,2.743,0.789,0.193,0.055,0.17,0.049,0.158,0.045,0.167,0.000
0,2,2,11,6,Cos,Cos,static,AI_VECTOR_CORE,1784811986604369.405	,2.620,0.190000,3,0,NO,"""3,8,1,128""",FLOAT,NCHW,"""3,8,1,128""",FLOAT,NCHW,N/A,0.0,0,0.0,0.0,0.0,0.0,0.0,0.0,0.0,0.0,0.0,0.0,0.0,1.866,10076,0.989,0.53,0.167,0.09,0.128,0.069,0.154,0.082,0.206,0.000
0,2,2,12,6,Mul_1Cast_5,Mul,static,AI_VECTOR_CORE,1784811986604372.045	,1.320,0.000000,3,0,NO,"""3,8,1,128;""",FLOAT;FLOAT,NCHW;NCHW,"""3,8,1,128""",FLOAT16,NCHW,N/A,0.0,0,0.0,0.0,0.0,0.0,0.0,0.0,0.0,0.0,0.0,0.0,0.0,0.761,4112,0.047,0.061,0.124,0.163,0.149,0.196,0.147,0.193,0.226,0.000
0,2,2,13,6,Sin,Sin,static,AI_VECTOR_CORE,1784811986604373.405	,2.520,0.180000,3,0,NO,"""3,8,1,128""",FLOAT,NCHW,"""3,8,1,128""",FLOAT,NCHW,N/A,0.0,0,0.0,0.0,0.0,0.0,0.0,0.0,0.0,0.0,0.0,0.0,0.0,1.778,9600,0.932,0.524,0.149,0.084,0.127,0.071,0.145,0.082,0.217,0.000
0,2,2,14,6,Mul_2Cast_6,Mul,static,AI_VECTOR_CORE,1784811986604375.945	,1.340,0.000000,3,0,NO,"""3,8,1,128;""",FLOAT;FLOAT,NCHW;NCHW,"""3,8,1,128""",FLOAT16,NCHW,N/A,0.0,0,0.0,0.0,0.0,0.0,0.0,0.0,0.0,0.0,0.0,0.0,0.0,0.629,3395,0.047,0.075,0.129,0.204,0.127,0.203,0.117,0.186,0.198,0.000
0,2,2,15,6,SplitV,SplitVD,static,AI_VECTOR_CORE,1784811986604377.325	,3.920,0.000000,1,0,NO,"""3,8,1,128""",FLOAT16,NCHW,"""3,8,1,16;3,8,1,24;3,8,1,24;3,8,1,16;3,8,1,24;3,8,1,24""",FLOAT16;FLOAT16;FLOAT16;FLOAT16;FLOAT16;FLOAT16,NCHW;NCHW;NCHW;NCHW;NCHW;NCHW,N/A,0.0,0,0.0,0.0,0.0,0.0,0.0,0.0,0.0,0.0,0.0,0.0,0.0,3.368,6062,2.234,0.663,0.353,0.105,0.137,0.041,0.777,0.231,0.177,0.000
0,2,2,16,6,GatherV2_1,GatherV2,static,AI_VECTOR_CORE,1784811986604381.265	,1.320,0.080000,1,0,NO,"""3,8,1,16;;1""",FLOAT16;INT64;INT64,NCHW;NCHW;NCHW,"""8,1,16""",FLOAT16,NCHW,N/A,0.0,0,0.0,0.0,0.0,0.0,0.0,0.0,0.0,0.0,0.0,0.0,0.0,0.74,1332,0.057,0.077,0.153,0.206,0.191,0.258,0.124,0.167,0.182,0.000
0,2,2,17,6,GatherV2_4,GatherV2,static,AI_VECTOR_CORE,1784811986604382.625	,1.140,0.000000,1,0,NO,"""3,8,1,16;;1""",FLOAT16;INT64;INT64,NCHW;NCHW;NCHW,"""8,1,16""",FLOAT16,NCHW,N/A,0.0,0,0.0,0.0,0.0,0.0,0.0,0.0,0.0,0.0,0.0,0.0,0.0,0.563,1014,0.057,0.101,0.153,0.272,0.125,0.222,0.102,0.18,0.182,0.000
0,2,2,18,6,GatherV2_2,GatherV2,static,AI_VECTOR_CORE,1784811986604383.785	,1.280,0.110000,1,0,NO,"""3,8,1,24;;1""",FLOAT16;INT64;INT64,NCHW;NCHW;NCHW,"""8,1,24""",FLOAT16,NCHW,N/A,0.0,0,0.0,0.0,0.0,0.0,0.0,0.0,0.0,0.0,0.0,0.0,0.0,0.811,1460,0.057,0.071,0.15,0.185,0.205,0.253,0.167,0.205,0.182,0.000
0,2,2,19,6,GatherV2_3,GatherV2,static,AI_VECTOR_CORE,1784811986604385.085	,1.220,0.000000,1,0,NO,"""3,8,1,24;;1""",FLOAT16;INT64;INT64,NCHW;NCHW;NCHW,"""8,1,24""",FLOAT16,NCHW,N/A,0.0,0,0.0,0.0,0.0,0.0,0.0,0.0,0.0,0.0,0.0,0.0,0.0,0.748,1347,0.057,0.076,0.15,0.2,0.213,0.285,0.192,0.256,0.182,0.000
0,2,2,20,6,GatherV2_5,GatherV2,static,AI_VECTOR_CORE,1784811986604386.345	,1.080,0.030000,1,0,NO,"""3,8,1,24;;1""",FLOAT16;INT64;INT64,NCHW;NCHW;NCHW,"""8,1,24""",FLOAT16,NCHW,N/A,0.0,0,0.0,0.0,0.0,0.0,0.0,0.0,0.0,0.0,0.0,0.0,0.0,0.611,1099,0.057,0.094,0.138,0.227,0.111,0.181,0.177,0.289,0.182,0.000
0,2,2,21,6,GatherV2_6,GatherV2,static,AI_VECTOR_CORE,1784811986604387.445	,1.060,0.170000,1,0,NO,"""3,8,1,24;;1""",FLOAT16;INT64;INT64,NCHW;NCHW;NCHW,"""8,1,24""",FLOAT16,NCHW,N/A,0.0,0,0.0,0.0,0.0,0.0,0.0,0.0,0.0,0.0,0.0,0.0,0.0,0.597,1074,0.057,0.096,0.139,0.234,0.104,0.175,0.167,0.279,0.182,0.000
0,2,2,22,6,SplitV_1,SplitVD,static,AI_VECTOR_CORE,1784811986604388.525	,3.680,0.000000,1,0,NO,"""3,8,1,128""",FLOAT16,NCHW,"""3,8,1,16;3,8,1,24;3,8,1,24;3,8,1,16;3,8,1,24;3,8,1,24""",FLOAT16;FLOAT16;FLOAT16;FLOAT16;FLOAT16;FLOAT16,NCHW;NCHW;NCHW;NCHW;NCHW;NCHW,N/A,0.0,0,0.0,0.0,0.0,0.0,0.0,0.0,0.0,0.0,0.0,0.0,0.0,3.192,5745,2.234,0.7,0.343,0.108,0.116,0.036,0.716,0.224,0.177,0.000
0,2,2,23,6,GatherV2_10,GatherV2,static,AI_VECTOR_CORE,1784811986604392.245	,1.020,0.070000,1,0,NO,"""3,8,1,16;;1""",FLOAT16;INT64;INT64,NCHW;NCHW;NCHW,"""8,1,16""",FLOAT16,NCHW,N/A,0.0,0,0.0,0.0,0.0,0.0,0.0,0.0,0.0,0.0,0.0,0.0,0.0,0.547,984,0.057,0.104,0.153,0.279,0.101,0.185,0.109,0.199,0.182,0.000
0,2,2,24,6,GatherV2_7,GatherV2,static,AI_VECTOR_CORE,1784811986604393.285	,1.040,0.000000,1,0,NO,"""3,8,1,16;;1""",FLOAT16;INT64;INT64,NCHW;NCHW;NCHW,"""8,1,16""",FLOAT16,NCHW,N/A,0.0,0,0.0,0.0,0.0,0.0,0.0,0.0,0.0,0.0,0.0,0.0,0.0,0.548,987,0.057,0.103,0.152,0.278,0.114,0.209,0.106,0.194,0.182,0.000
0,2,2,25,6,GatherV2_11,GatherV2,static,AI_VECTOR_CORE,1784811986604394.345	,1.080,0.000000,1,0,NO,"""3,8,1,24;;1""",FLOAT16;INT64;INT64,NCHW;NCHW;NCHW,"""8,1,24""",FLOAT16,NCHW,N/A,0.0,0,0.0,0.0,0.0,0.0,0.0,0.0,0.0,0.0,0.0,0.0,0.0,0.579,1043,0.057,0.099,0.154,0.266,0.099,0.171,0.145,0.25,0.182,0.000
0,2,2,26,6,GatherV2_12,GatherV2,static,AI_VECTOR_CORE,1784811986604395.445	,1.140,0.170000,1,0,NO,"""3,8,1,24;;1""",FLOAT16;INT64;INT64,NCHW;NCHW;NCHW,"""8,1,24""",FLOAT16,NCHW,N/A,0.0,0,0.0,0.0,0.0,0.0,0.0,0.0,0.0,0.0,0.0,0.0,0.0,0.631,1135,0.057,0.091,0.181,0.286,0.123,0.196,0.144,0.228,0.182,0.000
0,2,2,27,6,GatherV2_8,GatherV2,static,AI_VECTOR_CORE,1784811986604396.605	,1.120,0.000000,1,0,NO,"""3,8,1,24;;1""",FLOAT16;INT64;INT64,NCHW;NCHW;NCHW,"""8,1,24""",FLOAT16,NCHW,N/A,0.0,0,0.0,0.0,0.0,0.0,0.0,0.0,0.0,0.0,0.0,0.0,0.0,0.606,1090,0.057,0.094,0.139,0.229,0.103,0.171,0.181,0.298,0.182,0.000
0,2,2,28,6,GatherV2_9,GatherV2,static,AI_VECTOR_CORE,1784811986604397.745	,1.200,0.130000,1,0,NO,"""3,8,1,24;;1""",FLOAT16;INT64;INT64,NCHW;NCHW;NCHW,"""8,1,24""",FLOAT16,NCHW,N/A,0.0,0,0.0,0.0,0.0,0.0,0.0,0.0,0.0,0.0,0.0,0.0,0.0,0.698,1256,0.057,0.082,0.204,0.292,0.126,0.18,0.161,0.23,0.182,0.000
0,2,2,29,6,ConcatV2_1,ConcatV2D,static,AI_VECTOR_CORE,1784811986604398.965	,3.540,0.050000,1,0,NO,"""8,1,16;8,1,24;8,1,24;8,1,16;8,1,24;8,1,24""",FLOAT16;FLOAT16;FLOAT16;FLOAT16;FLOAT16;FLOAT16,NCHW;NCHW;NCHW;NCHW;NCHW;NCHW,"""8,1,128""",FLOAT16,NCHW,N/A,0.0,0,0.0,0.0,0.0,0.0,0.0,0.0,0.0,0.0,0.0,0.0,0.0,3.036,5465,2.359,0.777,0.31,0.102,0.157,0.052,0.134,0.044,0.179,0.000
0,2,2,30,6,ConcatV2_2,ConcatV2D,static,AI_VECTOR_CORE,1784811986604402.525	,3.400,0.000000,1,0,NO,"""8,1,16;8,1,24;8,1,24;8,1,16;8,1,24;8,1,24""",FLOAT16;FLOAT16;FLOAT16;FLOAT16;FLOAT16;FLOAT16,NCHW;NCHW;NCHW;NCHW;NCHW;NCHW,"""8,1,128""",FLOAT16,NCHW,N/A,0.0,0,0.0,0.0,0.0,0.0,0.0,0.0,0.0,0.0,0.0,0.0,0.0,2.886,5194,2.359,0.817,0.269,0.093,0.152,0.053,0.129,0.045,0.173,0.000
0,2,2,31,6,ApplyRotaryPosEmb,ApplyRotaryPosEmb,static,AI_VECTOR_CORE,1784811986604405.945	,4.440,0.100000,8,0,NO,"""8,1,16,128;8,1,2,128;8,1,1,128;8,1,1,128""",FLOAT16;FLOAT16;FLOAT16;FLOAT16,NCHW;NCHW;NCHW;NCHW,"""8,1,16,128;8,1,2,128""",FLOAT16;FLOAT16,NCHW;NCHW,N/A,0.0,0,0.0,0.0,0.0,0.0,0.0,0.0,0.0,0.0,0.0,0.0,0.0,3.29,47371,0.16,0.049,1.352,0.411,0.138,0.042,0.138,0.042,0.161,0.000
0,2,2,32,6,Scatter,Scatter,static,AI_VECTOR_CORE,1784811986604410.405	,1.700,0.060000,16,0,NO,"""8,2,1024,128;8;8,2,1,128""",FLOAT16;INT64;FLOAT16,NCHW;NCHW;NCHW,"""8,2,1024,128""",FLOAT16,NCHW,N/A,0.0,0,0.0,0.0,0.0,0.0,0.0,0.0,0.0,0.0,0.0,0.0,0.0,0.626,18034,0.008,0.012,0.202,0.322,0.121,0.193,0.148,0.236,0.061,0.000
0,2,2,33,6,Range,Range,static,AI_VECTOR_CORE,1784811986604412.125	,7.820,0.000000,48,0,NO,""";;""",INT32;FLOAT;INT32,NCHW;NCHW;NCHW,"""1024""",FLOAT,NCHW,N/A,0.0,0,0.0,0.0,0.0,0.0,0.0,0.0,0.0,0.0,0.0,0.0,0.0,4.604,397810,0.074,0.016,0.293,0.064,0.001,0.0,0.704,0.153,0.225,0.000
0,2,2,34,6,Cast,Cast,static,AI_VECTOR_CORE,1784811986604419.985	,1.300,0.180000,2,0,NO,"""1024""",FLOAT,NCHW,"""1024""",INT64,NCHW,N/A,0.0,0,0.0,0.0,0.0,0.0,0.0,0.0,0.0,0.0,0.0,0.0,0.0,0.712,2563,0.031,0.044,0.121,0.169,0.121,0.17,0.149,0.209,0.271,0.000
0,2,2,35,6,Greater,Greater,static,AI_VECTOR_CORE,1784811986604421.305	,7.480,0.000000,32,0,NO,"""1,1024;8,1""",INT64;INT64,NCHW;NCHW,"""8,1024""",BOOL,NCHW,N/A,0.0,0,0.0,0.0,0.0,0.0,0.0,0.0,0.0,0.0,0.0,0.0,0.0,4.578,263669,0.829,0.181,0.304,0.067,0.584,0.128,0.125,0.027,0.172,0.000
0,2,2,36,6,IncreFlashAttention,IncreFlashAttention,static,MIX_AIC,1784811986604430.065	,25.820,1.270000,16,32,NO,"""8,16,1,128;8,2,1024,128;8,2,1024,128;8,1,1,1024""",FLOAT16;FLOAT16;FLOAT16;BOOL,NCHW;NCHW;NCHW;NCHW,"""8,16,1,128""",FLOAT16,NCHW,0,23.965,690181,1.076,0.045,14.43,0.602,2.7,0.113,7.902,0.33,3.326,0.139,0.05,15.439,889290,0.72,0.047,3.417,0.221,0.313,0.02,0.481,0.031,0.144,61.876
0,2,2,37,6,MatMul_1,MatMul,static,AI_CORE,1784811986604456.885	,8.400,1.180000,22,0,NO,"""8,2048;1024,2048""",FLOAT16;FLOAT16,ND;ND,"""8,1024""",FLOAT16,ND,N/A,6.309,249817,0.975,0.155,0.453,0.072,1.291,0.205,3.363,0.533,0.17,0.027,0.035,0.0,0,0.0,0.0,0.0,0.0,0.0,0.0,0.0,0.0,0.0,68.843
0,2,2,38,6,InplaceAddRmsNorm,InplaceAddRmsNorm,static,AI_VECTOR_CORE,1784811986604465.325	,2.960,0.000000,8,0,NO,"""8,1,1024;8,1,1024;1024""",FLOAT16;FLOAT16;FLOAT16,ND;ND;ND,"""8,1,1024;8,1,1;8,1,1024""",FLOAT16;FLOAT;FLOAT16,ND;ND;ND,N/A,0.0,0,0.0,0.0,0.0,0.0,0.0,0.0,0.0,0.0,0.0,0.0,0.0,1.914,27561,0.282,0.147,0.46,0.24,0.284,0.148,0.357,0.186,0.238,0.000
0,2,2,39,6,MatMul_2,MatMul,static,AI_CORE,1784811986604468.305	,9.080,0.040000,24,0,NO,"""8,1024;3072,1024""",FLOAT16;FLOAT16,ND;ND,"""8,3072""",FLOAT16,ND,N/A,7.096,306536,0.538,0.076,0.145,0.02,1.304,0.184,4.226,0.596,0.157,0.022,0.21,0.0,0,0.0,0.0,0.0,0.0,0.0,0.0,0.0,0.0,0.0,78.147
0,2,2,40,6,MatMul_3,MatMul,static,AI_CORE,1784811986604477.425	,7.660,0.170000,24,0,NO,"""8,1024;3072,1024""",FLOAT16;FLOAT16,ND;ND,"""8,3072""",FLOAT16,ND,N/A,5.623,242931,0.538,0.096,0.389,0.069,1.308,0.233,4.351,0.774,0.164,0.029,0.0,0.0,0,0.0,0.0,0.0,0.0,0.0,0.0,0.0,0.0,0.0,73.413
0,2,2,41,6,SwishMul_3,AutomaticBufferFusionOp,static,AI_VECTOR_CORE,1784811986604485.105	,5.020,0.000000,24,0,NO,"""8,1,3072;8,1,3072""",FLOAT16;FLOAT16,ND;ND,"""8,1,3072""",FLOAT16,ND,N/A,0.0,0,0.0,0.0,0.0,0.0,0.0,0.0,0.0,0.0,0.0,0.0,0.0,2.714,117247,0.163,0.06,0.137,0.05,0.29,0.107,0.223,0.082,0.204,0.000
0,2,2,42,6,MatMul_4,MatMul,static,AI_CORE,1784811986604490.145	,10.640,0.230000,22,0,NO,"""8,3072;1024,3072""",FLOAT16;FLOAT16,ND;ND,"""8,1024""",FLOAT16,ND,N/A,8.307,328947,1.461,0.176,0.602,0.072,1.933,0.233,5.455,0.657,0.166,0.02,0.026,0.0,0,0.0,0.0,0.0,0.0,0.0,0.0,0.0,0.0,0.0,71.565
0,2,2,43,6,InplaceAddRmsNorm_1,InplaceAddRmsNorm,static,AI_VECTOR_CORE,1784811986604500.805	,2.960,0.000000,8,0,NO,"""8,1,1024;8,1,1024;1024""",FLOAT16;FLOAT16;FLOAT16,ND;ND;ND,"""8,1,1024;8,1,1;8,1,1024""",FLOAT16;FLOAT;FLOAT16,ND;ND;ND,N/A,0.0,0,0.0,0.0,0.0,0.0,0.0,0.0,0.0,0.0,0.0,0.0,0.0,1.75,25204,0.282,0.161,0.563,0.322,0.327,0.187,0.354,0.202,0.222,0.000
0,2,2,44,6,MatMul_5,MatMul,static,AI_CORE,1784811986604503.805	,7.280,0.040000,23,0,NO,"""8,1024;2560,1024""",FLOAT16;FLOAT16,ND;ND,"""8,2560""",FLOAT16,ND,N/A,5.921,245121,0.641,0.108,0.314,0.053,1.242,0.21,4.23,0.714,0.245,0.041,0.037,0.0,0,0.0,0.0,0.0,0.0,0.0,0.0,0.0,0.0,0.0,77.941
0,2,2,45,6,SplitV_3,SplitVD,static,AI_VECTOR_CORE,1784811986604511.105	,1.440,0.000000,1,0,NO,"""8,1,2560""",FLOAT16,ND,"""8,1,2048;8,1,256;8,1,256""",FLOAT16;FLOAT16;FLOAT16,ND;ND;ND,N/A,0.0,0,0.0,0.0,0.0,0.0,0.0,0.0,0.0,0.0,0.0,0.0,0.0,0.877,1579,0.008,0.009,0.163,0.186,0.278,0.317,0.305,0.348,0.263,0.000
0,2,2,46,6,Scatter_3,Scatter,static,AI_VECTOR_CORE,1784811986604512.565	,2.840,0.060000,16,0,NO,"""8,2,1024,128;8;8,2,1,128""",FLOAT16;INT64;FLOAT16,NCHW;NCHW;NCHW,"""8,2,1024,128""",FLOAT16,NCHW,N/A,0.0,0,0.0,0.0,0.0,0.0,0.0,0.0,0.0,0.0,0.0,0.0,0.0,1.546,44515,0.008,0.005,0.131,0.085,0.256,0.166,0.158,0.102,0.205,0.000
0,2,2,47,6,ApplyRotaryPosEmb_1,ApplyRotaryPosEmb,static,AI_VECTOR_CORE,1784811986604515.445	,3.020,0.160000,8,0,NO,"""8,1,16,128;8,1,2,128;8,1,1,128;8,1,1,128""",FLOAT16;FLOAT16;FLOAT16;FLOAT16,NCHW;NCHW;NCHW;NCHW,"""8,1,16,128;8,1,2,128""",FLOAT16;FLOAT16,NCHW;NCHW,N/A,0.0,0,0.0,0.0,0.0,0.0,0.0,0.0,0.0,0.0,0.0,0.0,0.0,1.582,22776,0.156,0.099,1.173,0.742,0.131,0.083,0.143,0.09,0.067,0.000
0,2,2,48,6,Scatter_2,Scatter,static,AI_VECTOR_CORE,1784811986604518.505	,2.920,0.000000,16,0,NO,"""8,2,1024,128;8;8,2,1,128""",FLOAT16;INT64;FLOAT16,NCHW;NCHW;NCHW,"""8,2,1024,128""",FLOAT16,NCHW,N/A,0.0,0,0.0,0.0,0.0,0.0,0.0,0.0,0.0,0.0,0.0,0.0,0.0,1.467,42262,0.008,0.005,0.166,0.113,0.115,0.078,0.203,0.138,0.229,0.000
0,2,2,49,6,IncreFlashAttention_1,IncreFlashAttention,static,MIX_AIC,1784811986604522.405	,21.780,1.080000,16,32,NO,"""8,16,1,128;8,2,1024,128;8,2,1024,128;8,1,1,1024""",FLOAT16;FLOAT16;FLOAT16;BOOL,NCHW;NCHW;NCHW;NCHW,"""8,16,1,128""",FLOAT16,NCHW,0,19.898,573069,1.076,0.054,13.905,0.699,2.699,0.136,7.522,0.378,3.031,0.152,0.023,12.345,711090,0.719,0.058,3.354,0.272,0.202,0.016,0.453,0.037,0.086,60.907
0,2,2,50,6,MatMul_6,MatMul,static,AI_CORE,1784811986604544.925	,6.640,0.720000,22,0,NO,"""8,2048;1024,2048""",FLOAT16;FLOAT16,ND;ND,"""8,1024""",FLOAT16,ND,N/A,5.238,207408,0.975,0.186,1.054,0.201,1.293,0.247,3.588,0.685,0.194,0.037,0.003,0.0,0,0.0,0.0,0.0,0.0,0.0,0.0,0.0,0.0,0.0,72.306
0,2,2,51,6,InplaceAddRmsNorm_2,InplaceAddRmsNorm,static,AI_VECTOR_CORE,1784811986604551.585	,3.020,0.000000,8,0,NO,"""8,1,1024;8,1,1024;1024""",FLOAT16;FLOAT16;FLOAT16,ND;ND;ND,"""8,1,1024;8,1,1;8,1,1024""",FLOAT16;FLOAT;FLOAT16,ND;ND;ND,N/A,0.0,0,0.0,0.0,0.0,0.0,0.0,0.0,0.0,0.0,0.0,0.0,0.0,1.862,26808,0.282,0.152,0.487,0.262,0.362,0.194,0.359,0.193,0.219,0.000
0,2,2,52,6,MatMul_7,MatMul,static,AI_CORE,1784811986604554.625	,7.600,0.000000,24,0,NO,"""8,1024;3072,1024""",FLOAT16;FLOAT16,ND;ND,"""8,3072""",FLOAT16,ND,N/A,6.583,284404,0.538,0.082,0.216,0.033,1.302,0.198,5.02,0.762,0.17,0.026,0.119,0.0,0,0.0,0.0,0.0,0.0,0.0,0.0,0.0,0.0,0.0,86.624
0,2,2,53,6,MatMul_8,MatMul,static,AI_CORE,1784811986604562.245	,8.400,0.150000,24,0,NO,"""8,1024;3072,1024""",FLOAT16;FLOAT16,ND;ND,"""8,3072""",FLOAT16,ND,N/A,5.618,242688,0.538,0.096,0.412,0.073,1.312,0.234,4.323,0.77,0.162,0.029,0.0,0.0,0,0.0,0.0,0.0,0.0,0.0,0.0,0.0,0.0,0.0,66.878
0,2,2,54,6,Swish_1Mul_4,AutomaticBufferFusionOp,static,AI_VECTOR_CORE,1784811986604570.665	,3.520,0.100000,24,0,NO,"""8,1,3072;8,1,3072""",FLOAT16;FLOAT16,ND;ND,"""8,1,3072""",FLOAT16,ND,N/A,0.0,0,0.0,0.0,0.0,0.0,0.0,0.0,0.0,0.0,0.0,0.0,0.0,1.632,70497,0.163,0.1,0.163,0.1,0.344,0.211,0.18,0.11,0.157,0.000
0,2,2,55,6,MatMul_9,MatMul,static,AI_CORE,1784811986604574.205	,9.180,0.000000,22,0,NO,"""8,3072;1024,3072""",FLOAT16;FLOAT16,ND;ND,"""8,1024""",FLOAT16,ND,N/A,7.932,314110,1.462,0.184,0.618,0.078,1.935,0.244,6.304,0.795,0.182,0.023,0.014,0.0,0,0.0,0.0,0.0,0.0,0.0,0.0,0.0,0.0,0.0,79.205
0,2,2,56,6,InplaceAddRmsNorm_3,InplaceAddRmsNorm,static,AI_VECTOR_CORE,1784811986604583.405	,1.980,0.070000,8,0,NO,"""8,1,1024;8,1,1024;1024""",FLOAT16;FLOAT16;FLOAT16,ND;ND;ND,"""8,1,1024;8,1,1;8,1,1024""",FLOAT16;FLOAT;FLOAT16,ND;ND;ND,N/A,0.0,0,0.0,0.0,0.0,0.0,0.0,0.0,0.0,0.0,0.0,0.0,0.0,1.168,16822,0.282,0.242,0.648,0.555,0.26,0.222,0.353,0.302,0.034,0.000
0,2,2,57,6,MatMul_10,MatMul,static,AI_CORE,1784811986604585.405	,7.480,0.020000,23,0,NO,"""8,1024;2560,1024""",FLOAT16;FLOAT16,ND;ND,"""8,2560""",FLOAT16,ND,N/A,5.981,247615,0.646,0.108,0.305,0.051,1.233,0.206,4.255,0.711,0.267,0.045,0.037,0.0,0,0.0,0.0,0.0,0.0,0.0,0.0,0.0,0.0,0.0,76.629
0,2,2,58,6,SplitV_4,SplitVD,static,AI_VECTOR_CORE,1784811986604592.905	,1.400,0.020000,1,0,NO,"""8,1,2560""",FLOAT16,ND,"""8,1,2048;8,1,256;8,1,256""",FLOAT16;FLOAT16;FLOAT16,ND;ND;ND,N/A,0.0,0,0.0,0.0,0.0,0.0,0.0,0.0,0.0,0.0,0.0,0.0,0.0,0.863,1554,0.008,0.009,0.137,0.159,0.302,0.35,0.298,0.345,0.263,0.000
0,2,2,59,6,Scatter_5,Scatter,static,AI_VECTOR_CORE,1784811986604594.345	,1.800,0.000000,16,0,NO,"""8,2,1024,128;8;8,2,1,128""",FLOAT16;INT64;FLOAT16,NCHW;NCHW;NCHW,"""8,2,1024,128""",FLOAT16,NCHW,N/A,0.0,0,0.0,0.0,0.0,0.0,0.0,0.0,0.0,0.0,0.0,0.0,0.0,0.706,20341,0.008,0.011,0.213,0.301,0.121,0.171,0.147,0.207,0.094,0.000
0,2,2,60,6,ApplyRotaryPosEmb_2,ApplyRotaryPosEmb,static,AI_VECTOR_CORE,1784811986604596.165	,4.360,0.200000,8,0,NO,"""8,1,16,128;8,1,2,128;8,1,1,128;8,1,1,128""",FLOAT16;FLOAT16;FLOAT16;FLOAT16,NCHW;NCHW;NCHW;NCHW,"""8,1,16,128;8,1,2,128""",FLOAT16;FLOAT16,NCHW;NCHW,N/A,0.0,0,0.0,0.0,0.0,0.0,0.0,0.0,0.0,0.0,0.0,0.0,0.0,2.916,41990,0.157,0.054,1.437,0.493,0.153,0.052,0.151,0.052,0.162,0.000
0,2,2,61,6,Scatter_4,Scatter,static,AI_VECTOR_CORE,1784811986604600.545	,2.580,0.000000,16,0,NO,"""8,2,1024,128;8;8,2,1,128""",FLOAT16;INT64;FLOAT16,NCHW;NCHW;NCHW,"""8,2,1024,128""",FLOAT16,NCHW,N/A,0.0,0,0.0,0.0,0.0,0.0,0.0,0.0,0.0,0.0,0.0,0.0,0.0,1.422,40967,0.008,0.005,0.146,0.103,0.104,0.073,0.409,0.287,0.176,0.000
0,2,2,62,6,IncreFlashAttention_2,IncreFlashAttention,static,MIX_AIC,1784811986604604.405	,21.680,1.420000,16,32,NO,"""8,16,1,128;8,2,1024,128;8,2,1024,128;8,1,1,1024""",FLOAT16;FLOAT16;FLOAT16;BOOL,NCHW;NCHW;NCHW;NCHW,"""8,16,1,128""",FLOAT16,NCHW,0,20.238,582854,1.076,0.053,14.778,0.73,2.7,0.133,7.487,0.37,3.01,0.149,0.002,12.648,728526,0.719,0.057,4.75,0.376,0.194,0.015,0.451,0.036,0.018,62.232
0,2,2,63,6,MatMul_11,MatMul,static,AI_CORE,1784811986604626.945	,6.480,0.820000,22,0,NO,"""8,2048;1024,2048""",FLOAT16;FLOAT16,ND;ND,"""8,1024""",FLOAT16,ND,N/A,4.618,182859,0.974,0.211,0.634,0.137,1.307,0.283,3.402,0.737,0.188,0.041,0.0,0.0,0,0.0,0.0,0.0,0.0,0.0,0.0,0.0,0.0,0.0,65.322
0,2,2,64,6,InplaceAddRmsNorm_4,InplaceAddRmsNorm,static,AI_VECTOR_CORE,1784811986604633.445	,2.400,0.020000,8,0,NO,"""8,1,1024;8,1,1024;1024""",FLOAT16;FLOAT16;FLOAT16,ND;ND;ND,"""8,1,1024;8,1,1;8,1,1024""",FLOAT16;FLOAT;FLOAT16,ND;ND;ND,N/A,0.0,0,0.0,0.0,0.0,0.0,0.0,0.0,0.0,0.0,0.0,0.0,0.0,1.418,20420,0.282,0.199,0.476,0.336,0.282,0.199,0.355,0.251,0.091,0.000
0,2,2,65,6,MatMul_12,MatMul,static,AI_CORE,1784811986604635.865	,7.520,0.000000,24,0,NO,"""8,1024;3072,1024""",FLOAT16;FLOAT16,ND;ND,"""8,3072""",FLOAT16,ND,N/A,6.473,279654,0.538,0.083,0.21,0.032,1.298,0.201,4.917,0.76,0.174,0.027,0.119,0.0,0,0.0,0.0,0.0,0.0,0.0,0.0,0.0,0.0,0.0,86.083
0,2,2,66,6,MatMul_13,MatMul,static,AI_CORE,1784811986604643.405	,8.580,0.230000,24,0,NO,"""8,1024;3072,1024""",FLOAT16;FLOAT16,ND;ND,"""8,3072""",FLOAT16,ND,N/A,6.547,282821,0.538,0.082,0.853,0.13,1.306,0.199,4.834,0.738,0.164,0.025,0.0,0.0,0,0.0,0.0,0.0,0.0,0.0,0.0,0.0,0.0,0.0,76.303
0,2,2,67,6,Swish_2Mul_5,AutomaticBufferFusionOp,static,AI_VECTOR_CORE,1784811986604652.005	,3.460,0.000000,24,0,NO,"""8,1,3072;8,1,3072""",FLOAT16;FLOAT16,ND;ND,"""8,1,3072""",FLOAT16,ND,N/A,0.0,0,0.0,0.0,0.0,0.0,0.0,0.0,0.0,0.0,0.0,0.0,0.0,1.598,69046,0.163,0.102,0.157,0.098,0.308,0.193,0.181,0.113,0.147,0.000
0,2,2,68,6,MatMul_14,MatMul,static,AI_CORE,1784811986604655.485	,9.260,0.040000,22,0,NO,"""8,3072;1024,3072""",FLOAT16;FLOAT16,ND;ND,"""8,1024""",FLOAT16,ND,N/A,7.391,292701,1.461,0.198,0.849,0.115,1.926,0.261,5.612,0.759,0.235,0.032,0.011,0.0,0,0.0,0.0,0.0,0.0,0.0,0.0,0.0,0.0,0.0,73.169
0,2,2,69,6,InplaceAddRmsNorm_5,InplaceAddRmsNorm,static,AI_VECTOR_CORE,1784811986604664.785	,1.860,0.000000,8,0,NO,"""8,1,1024;8,1,1024;1024""",FLOAT16;FLOAT16;FLOAT16,ND;ND;ND,"""8,1,1024;8,1,1;8,1,1024""",FLOAT16;FLOAT;FLOAT16,ND;ND;ND,N/A,0.0,0,0.0,0.0,0.0,0.0,0.0,0.0,0.0,0.0,0.0,0.0,0.0,1.079,15536,0.282,0.262,0.532,0.493,0.34,0.315,0.366,0.339,0.032,0.000
0,2,2,70,6,MatMul_15,MatMul,static,AI_CORE,1784811986604666.665	,7.480,0.140000,23,0,NO,"""8,1024;2560,1024""",FLOAT16;FLOAT16,ND;ND,"""8,2560""",FLOAT16,ND,N/A,6.109,252929,0.639,0.105,0.314,0.051,1.234,0.202,4.387,0.718,0.246,0.04,0.037,0.0,0,0.0,0.0,0.0,0.0,0.0,0.0,0.0,0.0,0.0,78.273
0,2,2,71,6,SplitV_5,SplitVD,static,AI_VECTOR_CORE,1784811986604674.165	,1.500,0.020000,1,0,NO,"""8,1,2560""",FLOAT16,ND,"""8,1,2048;8,1,256;8,1,256""",FLOAT16;FLOAT16;FLOAT16,ND;ND;ND,N/A,0.0,0,0.0,0.0,0.0,0.0,0.0,0.0,0.0,0.0,0.0,0.0,0.0,0.936,1684,0.008,0.008,0.182,0.195,0.293,0.313,0.316,0.338,0.263,0.000
0,2,2,72,6,Scatter_7,Scatter,static,AI_VECTOR_CORE,1784811986604675.685	,1.760,0.000000,16,0,NO,"""8,2,1024,128;8;8,2,1,128""",FLOAT16;INT64;FLOAT16,NCHW;NCHW;NCHW,"""8,2,1024,128""",FLOAT16,NCHW,N/A,0.0,0,0.0,0.0,0.0,0.0,0.0,0.0,0.0,0.0,0.0,0.0,0.0,0.756,21767,0.008,0.01,0.262,0.347,0.109,0.144,0.166,0.22,0.088,0.000
0,2,2,73,6,ApplyRotaryPosEmb_3,ApplyRotaryPosEmb,static,AI_VECTOR_CORE,1784811986604677.465	,4.200,0.000000,8,0,NO,"""8,1,16,128;8,1,2,128;8,1,1,128;8,1,1,128""",FLOAT16;FLOAT16;FLOAT16;FLOAT16,NCHW;NCHW;NCHW;NCHW,"""8,1,16,128;8,1,2,128""",FLOAT16;FLOAT16,NCHW;NCHW,N/A,0.0,0,0.0,0.0,0.0,0.0,0.0,0.0,0.0,0.0,0.0,0.0,0.0,2.942,42361,0.156,0.053,1.427,0.485,0.143,0.049,0.135,0.046,0.158,0.000
0,2,2,74,6,Scatter_6,Scatter,static,AI_VECTOR_CORE,1784811986604681.685	,1.940,0.050000,16,0,NO,"""8,2,1024,128;8;8,2,1,128""",FLOAT16;INT64;FLOAT16,NCHW;NCHW;NCHW,"""8,2,1024,128""",FLOAT16,NCHW,N/A,0.0,0,0.0,0.0,0.0,0.0,0.0,0.0,0.0,0.0,0.0,0.0,0.0,0.797,22944,0.008,0.01,0.169,0.212,0.113,0.141,0.209,0.263,0.112,0.000
0,2,2,75,6,IncreFlashAttention_3,IncreFlashAttention,static,MIX_AIC,1784811986604684.665	,22.340,1.060000,16,32,NO,"""8,16,1,128;8,2,1024,128;8,2,1024,128;8,1,1,1024""",FLOAT16;FLOAT16;FLOAT16;BOOL,NCHW;NCHW;NCHW;NCHW,"""8,16,1,128""",FLOAT16,NCHW,0,20.956,603541,1.076,0.051,15.801,0.754,2.698,0.129,7.508,0.358,3.014,0.144,0.002,13.417,772820,0.715,0.053,6.673,0.497,0.191,0.014,0.452,0.034,0.006,62.537
0,2,2,76,6,MatMul_16,MatMul,static,AI_CORE,1784811986604707.805	,6.060,0.660000,22,0,NO,"""8,2048;1024,2048""",FLOAT16;FLOAT16,ND;ND,"""8,1024""",FLOAT16,ND,N/A,4.565,180762,0.974,0.213,0.712,0.156,1.306,0.286,3.285,0.72,0.175,0.038,0.0,0.0,0,0.0,0.0,0.0,0.0,0.0,0.0,0.0,0.0,0.0,69.048
0,2,2,77,6,InplaceAddRmsNorm_6,InplaceAddRmsNorm,static,AI_VECTOR_CORE,1784811986604713.905	,2.620,0.190000,8,0,NO,"""8,1,1024;8,1,1024;1024""",FLOAT16;FLOAT16;FLOAT16,ND;ND;ND,"""8,1,1024;8,1,1;8,1,1024""",FLOAT16;FLOAT;FLOAT16,ND;ND;ND,N/A,0.0,0,0.0,0.0,0.0,0.0,0.0,0.0,0.0,0.0,0.0,0.0,0.0,1.65,23754,0.282,0.171,0.454,0.275,0.376,0.228,0.349,0.212,0.107,0.000
0,2,2,78,6,MatMul_17,MatMul,static,AI_CORE,1784811986604716.545	,8.580,0.000000,24,0,NO,"""8,1024;3072,1024""",FLOAT16;FLOAT16,ND;ND,"""8,3072""",FLOAT16,ND,N/A,6.79,293324,0.538,0.079,0.241,0.035,1.3,0.191,5.214,0.768,0.177,0.026,0.121,0.0,0,0.0,0.0,0.0,0.0,0.0,0.0,0.0,0.0,0.0,79.136
0,2,2,79,6,MatMul_18,MatMul,static,AI_CORE,1784811986604725.165	,8.940,0.170000,24,0,NO,"""8,1024;3072,1024""",FLOAT16;FLOAT16,ND;ND,"""8,3072""",FLOAT16,ND,N/A,6.593,284834,0.538,0.082,1.015,0.154,1.304,0.198,4.704,0.713,0.156,0.024,0.0,0.0,0,0.0,0.0,0.0,0.0,0.0,0.0,0.0,0.0,0.0,73.751
0,2,2,80,6,Swish_3Mul_6,AutomaticBufferFusionOp,static,AI_VECTOR_CORE,1784811986604734.125	,3.380,0.000000,24,0,NO,"""8,1,3072;8,1,3072""",FLOAT16;FLOAT16,ND;ND,"""8,1,3072""",FLOAT16,ND,N/A,0.0,0,0.0,0.0,0.0,0.0,0.0,0.0,0.0,0.0,0.0,0.0,0.0,1.553,67081,0.163,0.105,0.166,0.107,0.29,0.187,0.164,0.106,0.137,0.000
0,2,2,81,6,MatMul_19,MatMul,static,AI_CORE,1784811986604737.525	,9.160,0.120000,22,0,NO,"""8,3072;1024,3072""",FLOAT16;FLOAT16,ND;ND,"""8,1024""",FLOAT16,ND,N/A,7.37,291836,1.461,0.198,0.87,0.118,1.928,0.262,5.902,0.801,0.217,0.029,0.003,0.0,0,0.0,0.0,0.0,0.0,0.0,0.0,0.0,0.0,0.0,73.750
0,2,2,82,6,InplaceAddRmsNorm_7,InplaceAddRmsNorm,static,AI_VECTOR_CORE,1784811986604746.705	,2.060,0.090000,8,0,NO,"""8,1,1024;8,1,1024;1024""",FLOAT16;FLOAT16;FLOAT16,ND;ND;ND,"""8,1,1024;8,1,1;8,1,1024""",FLOAT16;FLOAT;FLOAT16,ND;ND;ND,N/A,0.0,0,0.0,0.0,0.0,0.0,0.0,0.0,0.0,0.0,0.0,0.0,0.0,1.233,17756,0.282,0.229,0.706,0.573,0.266,0.216,0.357,0.29,0.034,0.000
0,2,2,83,6,MatMul_20,MatMul,static,AI_CORE,1784811986604748.785	,7.760,0.000000,23,0,NO,"""8,1024;2560,1024""",FLOAT16;FLOAT16,ND;ND,"""8,2560""",FLOAT16,ND,N/A,6.38,264144,0.64,0.1,0.299,0.047,1.228,0.192,4.531,0.71,0.232,0.036,0.042,0.0,0,0.0,0.0,0.0,0.0,0.0,0.0,0.0,0.0,0.0,78.794
0,2,2,84,6,SplitV_6,SplitVD,static,AI_VECTOR_CORE,1784811986604756.565	,1.280,0.000000,1,0,NO,"""8,1,2560""",FLOAT16,ND,"""8,1,2048;8,1,256;8,1,256""",FLOAT16;FLOAT16;FLOAT16,ND;ND;ND,N/A,0.0,0,0.0,0.0,0.0,0.0,0.0,0.0,0.0,0.0,0.0,0.0,0.0,0.815,1467,0.008,0.01,0.112,0.137,0.282,0.346,0.298,0.366,0.263,0.000
0,2,2,85,6,Scatter_9,Scatter,static,AI_VECTOR_CORE,1784811986604757.865	,1.820,0.000000,16,0,NO,"""8,2,1024,128;8;8,2,1,128""",FLOAT16;INT64;FLOAT16,NCHW;NCHW;NCHW,"""8,2,1024,128""",FLOAT16,NCHW,N/A,0.0,0,0.0,0.0,0.0,0.0,0.0,0.0,0.0,0.0,0.0,0.0,0.0,0.734,21153,0.008,0.011,0.241,0.328,0.108,0.147,0.147,0.201,0.088,0.000
0,2,2,86,6,ApplyRotaryPosEmb_4,ApplyRotaryPosEmb,static,AI_VECTOR_CORE,1784811986604759.705	,3.700,0.180000,8,0,NO,"""8,1,16,128;8,1,2,128;8,1,1,128;8,1,1,128""",FLOAT16;FLOAT16;FLOAT16;FLOAT16,NCHW;NCHW;NCHW;NCHW,"""8,1,16,128;8,1,2,128""",FLOAT16;FLOAT16,NCHW;NCHW,N/A,0.0,0,0.0,0.0,0.0,0.0,0.0,0.0,0.0,0.0,0.0,0.0,0.0,2.215,31891,0.156,0.071,1.215,0.549,0.138,0.062,0.147,0.066,0.08,0.000
0,2,2,87,6,Scatter_8,Scatter,static,AI_VECTOR_CORE,1784811986604763.425	,1.980,0.050000,16,0,NO,"""8,2,1024,128;8;8,2,1,128""",FLOAT16;INT64;FLOAT16,NCHW;NCHW;NCHW,"""8,2,1024,128""",FLOAT16,NCHW,N/A,0.0,0,0.0,0.0,0.0,0.0,0.0,0.0,0.0,0.0,0.0,0.0,0.0,0.996,28681,0.008,0.008,0.178,0.179,0.126,0.127,0.33,0.331,0.132,0.000
0,2,2,88,6,IncreFlashAttention_4,IncreFlashAttention,static,MIX_AIC,1784811986604766.385	,21.560,1.020000,16,32,NO,"""8,16,1,128;8,2,1024,128;8,2,1024,128;8,1,1,1024""",FLOAT16;FLOAT16;FLOAT16;BOOL,NCHW;NCHW;NCHW;NCHW,"""8,16,1,128""",FLOAT16,NCHW,0,19.367,557772,1.076,0.056,14.342,0.741,2.699,0.139,7.391,0.382,2.991,0.154,0.002,11.919,686510,0.715,0.06,5.197,0.436,0.21,0.018,0.463,0.039,0.006,59.886
0,2,2,89,6,MatMul_21,MatMul,static,AI_CORE,1784811986604788.625	,6.540,0.440000,22,0,NO,"""8,2048;1024,2048""",FLOAT16;FLOAT16,ND;ND,"""8,1024""",FLOAT16,ND,N/A,4.754,188266,0.975,0.205,0.703,0.148,1.294,0.272,3.473,0.73,0.183,0.038,0.0,0.0,0,0.0,0.0,0.0,0.0,0.0,0.0,0.0,0.0,0.0,66.636
0,2,2,90,6,InplaceAddRmsNorm_8,InplaceAddRmsNorm,static,AI_VECTOR_CORE,1784811986604795.205	,2.700,0.210000,8,0,NO,"""8,1,1024;8,1,1024;1024""",FLOAT16;FLOAT16;FLOAT16,ND;ND;ND,"""8,1,1024;8,1,1;8,1,1024""",FLOAT16;FLOAT;FLOAT16,ND;ND;ND,N/A,0.0,0,0.0,0.0,0.0,0.0,0.0,0.0,0.0,0.0,0.0,0.0,0.0,1.688,24302,0.282,0.167,0.484,0.287,0.341,0.202,0.36,0.213,0.112,0.000
0,2,2,91,6,MatMul_22,MatMul,static,AI_CORE,1784811986604797.925	,7.620,0.050000,24,0,NO,"""8,1024;3072,1024""",FLOAT16;FLOAT16,ND;ND,"""8,3072""",FLOAT16,ND,N/A,6.394,276221,0.538,0.084,0.246,0.038,1.305,0.204,4.814,0.753,0.161,0.025,0.116,0.0,0,0.0,0.0,0.0,0.0,0.0,0.0,0.0,0.0,0.0,83.911
0,2,2,92,6,MatMul_23,MatMul,static,AI_CORE,1784811986604805.565	,7.760,0.000000,24,0,NO,"""8,1024;3072,1024""",FLOAT16;FLOAT16,ND;ND,"""8,3072""",FLOAT16,ND,N/A,5.778,249589,0.538,0.093,0.483,0.084,1.306,0.226,4.412,0.764,0.164,0.028,0.0,0.0,0,0.0,0.0,0.0,0.0,0.0,0.0,0.0,0.0,0.0,74.453
0,2,2,93,6,Swish_4Mul_7,AutomaticBufferFusionOp,static,AI_VECTOR_CORE,1784811986604813.345	,3.500,0.000000,24,0,NO,"""8,1,3072;8,1,3072""",FLOAT16;FLOAT16,ND;ND,"""8,1,3072""",FLOAT16,ND,N/A,0.0,0,0.0,0.0,0.0,0.0,0.0,0.0,0.0,0.0,0.0,0.0,0.0,1.836,79305,0.163,0.089,0.382,0.208,0.4,0.218,0.193,0.105,0.148,0.000
0,2,2,94,6,MatMul_24,MatMul,static,AI_CORE,1784811986604816.865	,9.040,0.000000,22,0,NO,"""8,3072;1024,3072""",FLOAT16;FLOAT16,ND;ND,"""8,1024""",FLOAT16,ND,N/A,7.008,277518,1.461,0.208,0.95,0.136,1.926,0.275,5.514,0.787,0.163,0.023,0.003,0.0,0,0.0,0.0,0.0,0.0,0.0,0.0,0.0,0.0,0.0,71.062
0,2,2,95,6,InplaceAddRmsNorm_9,InplaceAddRmsNorm,static,AI_VECTOR_CORE,1784811986604825.925	,2.100,0.210000,8,0,NO,"""8,1,1024;8,1,1024;1024""",FLOAT16;FLOAT16;FLOAT16,ND;ND;ND,"""8,1,1024;8,1,1;8,1,1024""",FLOAT16;FLOAT;FLOAT16,ND;ND;ND,N/A,0.0,0,0.0,0.0,0.0,0.0,0.0,0.0,0.0,0.0,0.0,0.0,0.0,1.192,17170,0.282,0.237,0.675,0.566,0.255,0.214,0.349,0.292,0.033,0.000
0,2,2,96,6,MatMul_25,MatMul,static,AI_CORE,1784811986604828.045	,7.120,0.000000,23,0,NO,"""8,1024;2560,1024""",FLOAT16;FLOAT16,ND;ND,"""8,2560""",FLOAT16,ND,N/A,5.787,239573,0.647,0.112,0.495,0.086,1.247,0.216,3.706,0.64,0.259,0.045,0.042,0.0,0,0.0,0.0,0.0,0.0,0.0,0.0,0.0,0.0,0.0,77.889
0,2,2,97,6,SplitV_7,SplitVD,static,AI_VECTOR_CORE,1784811986604835.185	,1.520,0.130000,1,0,NO,"""8,1,2560""",FLOAT16,ND,"""8,1,2048;8,1,256;8,1,256""",FLOAT16;FLOAT16;FLOAT16,ND;ND;ND,N/A,0.0,0,0.0,0.0,0.0,0.0,0.0,0.0,0.0,0.0,0.0,0.0,0.0,0.964,1735,0.008,0.008,0.119,0.124,0.299,0.31,0.307,0.319,0.263,0.000
0,2,2,98,6,Scatter_11,Scatter,static,AI_VECTOR_CORE,1784811986604836.725	,2.180,0.000000,16,0,NO,"""8,2,1024,128;8;8,2,1,128""",FLOAT16;INT64;FLOAT16,NCHW;NCHW;NCHW,"""8,2,1024,128""",FLOAT16,NCHW,N/A,0.0,0,0.0,0.0,0.0,0.0,0.0,0.0,0.0,0.0,0.0,0.0,0.0,0.906,26090,0.008,0.009,0.338,0.373,0.118,0.13,0.172,0.19,0.092,0.000
0,2,2,99,6,ApplyRotaryPosEmb_5,ApplyRotaryPosEmb,static,AI_VECTOR_CORE,1784811986604838.925	,3.780,0.070000,8,0,NO,"""8,1,16,128;8,1,2,128;8,1,1,128;8,1,1,128""",FLOAT16;FLOAT16;FLOAT16;FLOAT16,NCHW;NCHW;NCHW;NCHW,"""8,1,16,128;8,1,2,128""",FLOAT16;FLOAT16,NCHW;NCHW,N/A,0.0,0,0.0,0.0,0.0,0.0,0.0,0.0,0.0,0.0,0.0,0.0,0.0,2.181,31413,0.154,0.071,1.205,0.552,0.138,0.063,0.141,0.065,0.081,0.000
0,2,2,100,6,Scatter_10,Scatter,static,AI_VECTOR_CORE,1784811986604842.745	,2.140,0.000000,16,0,NO,"""8,2,1024,128;8;8,2,1,128""",FLOAT16;INT64;FLOAT16,NCHW;NCHW;NCHW,"""8,2,1024,128""",FLOAT16,NCHW,N/A,0.0,0,0.0,0.0,0.0,0.0,0.0,0.0,0.0,0.0,0.0,0.0,0.0,0.936,26959,0.008,0.008,0.173,0.185,0.108,0.115,0.183,0.196,0.145,0.000
0,2,2,101,6,IncreFlashAttention_5,IncreFlashAttention,static,MIX_AIC,1784811986604846.065	,24.460,1.110000,16,32,NO,"""8,16,1,128;8,2,1024,128;8,2,1024,128;8,1,1,1024""",FLOAT16;FLOAT16;FLOAT16;BOOL,NCHW;NCHW;NCHW;NCHW,"""8,16,1,128""",FLOAT16,NCHW,0,22.731,654662,1.076,0.047,15.656,0.689,2.698,0.119,9.369,0.412,3.077,0.135,0.002,14.318,824717,0.715,0.05,6.646,0.464,0.214,0.015,0.453,0.032,0.007,61.955
0,2,2,102,6,MatMul_26,MatMul,static,AI_CORE,1784811986604871.625	,6.400,1.040000,22,0,NO,"""8,2048;1024,2048""",FLOAT16;FLOAT16,ND;ND,"""8,1024""",FLOAT16,ND,N/A,4.899,194005,0.974,0.199,0.734,0.15,1.291,0.263,3.554,0.725,0.214,0.044,0.0,0.0,0,0.0,0.0,0.0,0.0,0.0,0.0,0.0,0.0,0.0,70.170
0,2,2,103,6,InplaceAddRmsNorm_10,InplaceAddRmsNorm,static,AI_VECTOR_CORE,1784811986604878.045	,2.560,0.100000,8,0,NO,"""8,1,1024;8,1,1024;1024""",FLOAT16;FLOAT16;FLOAT16,ND;ND;ND,"""8,1,1024;8,1,1;8,1,1024""",FLOAT16;FLOAT;FLOAT16,ND;ND;ND,N/A,0.0,0,0.0,0.0,0.0,0.0,0.0,0.0,0.0,0.0,0.0,0.0,0.0,1.634,23530,0.282,0.173,0.462,0.282,0.423,0.259,0.362,0.221,0.121,0.000
0,2,2,104,6,MatMul_27,MatMul,static,AI_CORE,1784811986604880.645	,8.860,0.190000,24,0,NO,"""8,1024;3072,1024""",FLOAT16;FLOAT16,ND;ND,"""8,3072""",FLOAT16,ND,N/A,6.938,299729,0.538,0.078,0.313,0.045,1.299,0.187,5.316,0.766,0.171,0.025,0.112,0.0,0,0.0,0.0,0.0,0.0,0.0,0.0,0.0,0.0,0.0,78.309
0,2,2,105,6,MatMul_28,MatMul,static,AI_CORE,1784811986604889.525	,9.980,0.000000,24,0,NO,"""8,1024;3072,1024""",FLOAT16;FLOAT16,ND;ND,"""8,3072""",FLOAT16,ND,N/A,7.44,321390,0.538,0.072,0.42,0.056,1.288,0.173,6.149,0.827,0.156,0.021,0.0,0.0,0,0.0,0.0,0.0,0.0,0.0,0.0,0.0,0.0,0.0,74.545
0,2,2,106,6,Swish_5Mul_8,AutomaticBufferFusionOp,static,AI_VECTOR_CORE,1784811986604899.525	,3.780,0.020000,24,0,NO,"""8,1,3072;8,1,3072""",FLOAT16;FLOAT16,ND;ND,"""8,1,3072""",FLOAT16,ND,N/A,0.0,0,0.0,0.0,0.0,0.0,0.0,0.0,0.0,0.0,0.0,0.0,0.0,1.536,66347,0.163,0.106,0.154,0.1,0.146,0.095,0.131,0.086,0.134,0.000
0,2,2,107,6,MatMul_29,MatMul,static,AI_CORE,1784811986604903.345	,9.260,0.000000,22,0,NO,"""8,3072;1024,3072""",FLOAT16;FLOAT16,ND;ND,"""8,1024""",FLOAT16,ND,N/A,7.227,286172,1.462,0.202,0.777,0.108,1.922,0.266,5.875,0.813,0.176,0.024,0.003,0.0,0,0.0,0.0,0.0,0.0,0.0,0.0,0.0,0.0,0.0,71.537
0,2,2,108,6,InplaceAddRmsNorm_11,InplaceAddRmsNorm,static,AI_VECTOR_CORE,1784811986604912.625	,1.940,0.000000,8,0,NO,"""8,1,1024;8,1,1024;1024""",FLOAT16;FLOAT16;FLOAT16,ND;ND;ND,"""8,1,1024;8,1,1;8,1,1024""",FLOAT16;FLOAT;FLOAT16,ND;ND;ND,N/A,0.0,0,0.0,0.0,0.0,0.0,0.0,0.0,0.0,0.0,0.0,0.0,0.0,1.176,16941,0.282,0.24,0.634,0.539,0.3,0.255,0.363,0.308,0.034,0.000
0,2,2,109,6,MatMul_30,MatMul,static,AI_CORE,1784811986604914.585	,7.900,0.060000,23,0,NO,"""8,1024;2560,1024""",FLOAT16;FLOAT16,ND;ND,"""8,2560""",FLOAT16,ND,N/A,6.298,260752,0.643,0.102,1.09,0.173,1.244,0.197,3.687,0.585,0.244,0.039,0.04,0.0,0,0.0,0.0,0.0,0.0,0.0,0.0,0.0,0.0,0.0,76.404
0,2,2,110,6,SplitV_8,SplitVD,static,AI_VECTOR_CORE,1784811986604922.505	,1.320,0.100000,1,0,NO,"""8,1,2560""",FLOAT16,ND,"""8,1,2048;8,1,256;8,1,256""",FLOAT16;FLOAT16;FLOAT16,ND;ND;ND,N/A,0.0,0,0.0,0.0,0.0,0.0,0.0,0.0,0.0,0.0,0.0,0.0,0.0,0.835,1503,0.008,0.009,0.114,0.137,0.28,0.335,0.301,0.361,0.263,0.000
0,2,2,111,6,Scatter_13,Scatter,static,AI_VECTOR_CORE,1784811986604923.845	,2.220,0.000000,16,0,NO,"""8,2,1024,128;8;8,2,1,128""",FLOAT16;INT64;FLOAT16,NCHW;NCHW;NCHW,"""8,2,1024,128""",FLOAT16,NCHW,N/A,0.0,0,0.0,0.0,0.0,0.0,0.0,0.0,0.0,0.0,0.0,0.0,0.0,1.188,34218,0.008,0.007,0.541,0.455,0.12,0.101,0.299,0.252,0.083,0.000
0,2,2,112,6,ApplyRotaryPosEmb_6,ApplyRotaryPosEmb,static,AI_VECTOR_CORE,1784811986604926.105	,3.740,0.030000,8,0,NO,"""8,1,16,128;8,1,2,128;8,1,1,128;8,1,1,128""",FLOAT16;FLOAT16;FLOAT16;FLOAT16,NCHW;NCHW;NCHW;NCHW,"""8,1,16,128;8,1,2,128""",FLOAT16;FLOAT16,NCHW;NCHW,N/A,0.0,0,0.0,0.0,0.0,0.0,0.0,0.0,0.0,0.0,0.0,0.0,0.0,2.337,33656,0.156,0.067,1.107,0.474,0.17,0.073,0.141,0.06,0.083,0.000
0,2,2,113,6,Scatter_12,Scatter,static,AI_VECTOR_CORE,1784811986604929.885	,2.000,0.260000,16,0,NO,"""8,2,1024,128;8;8,2,1,128""",FLOAT16;INT64;FLOAT16,NCHW;NCHW;NCHW,"""8,2,1024,128""",FLOAT16,NCHW,N/A,0.0,0,0.0,0.0,0.0,0.0,0.0,0.0,0.0,0.0,0.0,0.0,0.0,0.902,25964,0.008,0.009,0.145,0.161,0.113,0.125,0.207,0.23,0.143,0.000
0,2,2,114,6,IncreFlashAttention_6,IncreFlashAttention,static,MIX_AIC,1784811986604933.125	,20.000,1.000000,16,32,NO,"""8,16,1,128;8,2,1024,128;8,2,1024,128;8,1,1,1024""",FLOAT16;FLOAT16;FLOAT16;BOOL,NCHW;NCHW;NCHW;NCHW,"""8,16,1,128""",FLOAT16,NCHW,0,18.402,529979,1.076,0.058,14.143,0.769,2.699,0.147,7.394,0.402,3.023,0.164,0.002,10.867,625946,0.72,0.066,3.683,0.339,0.221,0.02,0.451,0.041,0.007,61.340
0,2,2,115,6,MatMul_31,MatMul,static,AI_CORE,1784811986604953.825	,6.000,0.750000,22,0,NO,"""8,2048;1024,2048""",FLOAT16;FLOAT16,ND;ND,"""8,1024""",FLOAT16,ND,N/A,4.634,183494,0.974,0.21,0.767,0.166,1.299,0.28,3.29,0.71,0.179,0.039,0.0,0.0,0,0.0,0.0,0.0,0.0,0.0,0.0,0.0,0.0,0.0,70.792
0,2,2,116,6,InplaceAddRmsNorm_12,InplaceAddRmsNorm,static,AI_VECTOR_CORE,1784811986604959.845	,3.040,0.000000,8,0,NO,"""8,1,1024;8,1,1024;1024""",FLOAT16;FLOAT16;FLOAT16,ND;ND;ND,"""8,1,1024;8,1,1;8,1,1024""",FLOAT16;FLOAT;FLOAT16,ND;ND;ND,N/A,0.0,0,0.0,0.0,0.0,0.0,0.0,0.0,0.0,0.0,0.0,0.0,0.0,1.645,23687,0.282,0.172,0.448,0.272,0.344,0.209,0.35,0.213,0.121,0.000
0,2,2,117,6,MatMul_32,MatMul,static,AI_CORE,1784811986604962.925	,7.620,0.210000,24,0,NO,"""8,1024;3072,1024""",FLOAT16;FLOAT16,ND;ND,"""8,3072""",FLOAT16,ND,N/A,6.307,272466,0.538,0.085,0.496,0.079,1.306,0.207,4.504,0.714,0.172,0.027,0.112,0.0,0,0.0,0.0,0.0,0.0,0.0,0.0,0.0,0.0,0.0,82.770
0,2,2,118,6,MatMul_33,MatMul,static,AI_CORE,1784811986604970.565	,8.320,0.000000,24,0,NO,"""8,1024;3072,1024""",FLOAT16;FLOAT16,ND;ND,"""8,3072""",FLOAT16,ND,N/A,5.558,240102,0.538,0.097,0.406,0.073,1.309,0.236,4.275,0.769,0.159,0.029,0.0,0.0,0,0.0,0.0,0.0,0.0,0.0,0.0,0.0,0.0,0.0,66.802
0,2,2,119,6,Swish_6Mul_9,AutomaticBufferFusionOp,static,AI_VECTOR_CORE,1784811986604978.905	,3.480,0.180000,24,0,NO,"""8,1,3072;8,1,3072""",FLOAT16;FLOAT16,ND;ND,"""8,1,3072""",FLOAT16,ND,N/A,0.0,0,0.0,0.0,0.0,0.0,0.0,0.0,0.0,0.0,0.0,0.0,0.0,1.629,70367,0.163,0.1,0.163,0.1,0.328,0.201,0.19,0.117,0.143,0.000
0,2,2,120,6,MatMul_34,MatMul,static,AI_CORE,1784811986604982.405	,9.120,0.020000,22,0,NO,"""8,3072;1024,3072""",FLOAT16;FLOAT16,ND;ND,"""8,1024""",FLOAT16,ND,N/A,6.911,273659,1.462,0.212,0.773,0.112,1.927,0.279,5.578,0.807,0.174,0.025,0.003,0.0,0,0.0,0.0,0.0,0.0,0.0,0.0,0.0,0.0,0.0,69.459
0,2,2,121,6,InplaceAddRmsNorm_13,InplaceAddRmsNorm,static,AI_VECTOR_CORE,1784811986604991.545	,2.200,0.000000,8,0,NO,"""8,1,1024;8,1,1024;1024""",FLOAT16;FLOAT16;FLOAT16,ND;ND;ND,"""8,1,1024;8,1,1;8,1,1024""",FLOAT16;FLOAT;FLOAT16,ND;ND;ND,N/A,0.0,0,0.0,0.0,0.0,0.0,0.0,0.0,0.0,0.0,0.0,0.0,0.0,1.273,18333,0.282,0.222,0.516,0.405,0.586,0.46,0.478,0.376,0.034,0.000
0,2,2,122,6,MatMul_35,MatMul,static,AI_CORE,1784811986604993.765	,7.480,0.050000,23,0,NO,"""8,1024;2560,1024""",FLOAT16;FLOAT16,ND;ND,"""8,2560""",FLOAT16,ND,N/A,6.033,249777,0.639,0.106,0.289,0.048,1.231,0.204,4.168,0.691,0.261,0.043,0.04,0.0,0,0.0,0.0,0.0,0.0,0.0,0.0,0.0,0.0,0.0,77.298
0,2,2,123,6,SplitV_9,SplitVD,static,AI_VECTOR_CORE,1784811986605001.265	,1.340,0.020000,1,0,NO,"""8,1,2560""",FLOAT16,ND,"""8,1,2048;8,1,256;8,1,256""",FLOAT16;FLOAT16;FLOAT16,ND;ND;ND,N/A,0.0,0,0.0,0.0,0.0,0.0,0.0,0.0,0.0,0.0,0.0,0.0,0.0,0.826,1487,0.008,0.009,0.108,0.131,0.288,0.348,0.298,0.36,0.263,0.000
0,2,2,124,6,Scatter_15,Scatter,static,AI_VECTOR_CORE,1784811986605002.625	,2.060,0.000000,16,0,NO,"""8,2,1024,128;8;8,2,1,128""",FLOAT16;INT64;FLOAT16,NCHW;NCHW;NCHW,"""8,2,1024,128""",FLOAT16,NCHW,N/A,0.0,0,0.0,0.0,0.0,0.0,0.0,0.0,0.0,0.0,0.0,0.0,0.0,0.99,28505,0.008,0.008,0.218,0.22,0.111,0.112,0.423,0.428,0.086,0.000
0,2,2,125,6,ApplyRotaryPosEmb_7,ApplyRotaryPosEmb,static,AI_VECTOR_CORE,1784811986605004.725	,3.660,0.190000,8,0,NO,"""8,1,16,128;8,1,2,128;8,1,1,128;8,1,1,128""",FLOAT16;FLOAT16;FLOAT16;FLOAT16,NCHW;NCHW;NCHW;NCHW,"""8,1,16,128;8,1,2,128""",FLOAT16;FLOAT16,NCHW;NCHW,N/A,0.0,0,0.0,0.0,0.0,0.0,0.0,0.0,0.0,0.0,0.0,0.0,0.0,2.172,31270,0.156,0.072,1.206,0.555,0.139,0.064,0.145,0.067,0.084,0.000
0,2,2,126,6,Scatter_14,Scatter,static,AI_VECTOR_CORE,1784811986605008.405	,2.160,0.090000,16,0,NO,"""8,2,1024,128;8;8,2,1,128""",FLOAT16;INT64;FLOAT16,NCHW;NCHW;NCHW,"""8,2,1024,128""",FLOAT16,NCHW,N/A,0.0,0,0.0,0.0,0.0,0.0,0.0,0.0,0.0,0.0,0.0,0.0,0.0,0.89,25633,0.008,0.009,0.166,0.187,0.12,0.135,0.131,0.147,0.135,0.000
0,2,2,127,6,IncreFlashAttention_7,IncreFlashAttention,static,MIX_AIC,1784811986605011.505	,20.280,0.840000,16,32,NO,"""8,16,1,128;8,2,1024,128;8,2,1024,128;8,1,1,1024""",FLOAT16;FLOAT16;FLOAT16;BOOL,NCHW;NCHW;NCHW;NCHW,"""8,16,1,128""",FLOAT16,NCHW,0,18.82,542007,1.076,0.057,14.496,0.77,2.699,0.143,7.468,0.397,3.039,0.161,0.002,11.265,648837,0.719,0.064,3.477,0.309,0.2,0.018,0.447,0.04,0.007,61.866
0,2,2,128,6,MatMul_36,MatMul,static,AI_CORE,1784811986605032.805	,6.480,0.970000,22,0,NO,"""8,2048;1024,2048""",FLOAT16;FLOAT16,ND;ND,"""8,1024""",FLOAT16,ND,N/A,4.68,185338,0.975,0.208,0.654,0.14,1.288,0.275,3.452,0.738,0.176,0.038,0.0,0.0,0,0.0,0.0,0.0,0.0,0.0,0.0,0.0,0.0,0.0,66.207
0,2,2,129,6,InplaceAddRmsNorm_14,InplaceAddRmsNorm,static,AI_VECTOR_CORE,1784811986605039.305	,2.900,0.020000,8,0,NO,"""8,1,1024;8,1,1024;1024""",FLOAT16;FLOAT16;FLOAT16,ND;ND;ND,"""8,1,1024;8,1,1;8,1,1024""",FLOAT16;FLOAT;FLOAT16,ND;ND;ND,N/A,0.0,0,0.0,0.0,0.0,0.0,0.0,0.0,0.0,0.0,0.0,0.0,0.0,1.846,26584,0.282,0.153,0.46,0.249,0.626,0.339,0.42,0.227,0.119,0.000
0,2,2,130,6,MatMul_37,MatMul,static,AI_CORE,1784811986605042.225	,7.780,0.100000,24,0,NO,"""8,1024;3072,1024""",FLOAT16;FLOAT16,ND;ND,"""8,3072""",FLOAT16,ND,N/A,6.426,277591,0.538,0.084,0.219,0.034,1.302,0.203,4.882,0.76,0.167,0.026,0.113,0.0,0,0.0,0.0,0.0,0.0,0.0,0.0,0.0,0.0,0.0,82.593
0,2,2,131,6,MatMul_38,MatMul,static,AI_CORE,1784811986605050.025	,8.220,0.000000,24,0,NO,"""8,1024;3072,1024""",FLOAT16;FLOAT16,ND;ND,"""8,3072""",FLOAT16,ND,N/A,5.936,256439,0.538,0.091,0.406,0.068,1.305,0.22,4.645,0.783,0.165,0.028,0.0,0.0,0,0.0,0.0,0.0,0.0,0.0,0.0,0.0,0.0,0.0,72.215
0,2,2,132,6,Swish_7Mul_10,AutomaticBufferFusionOp,static,AI_VECTOR_CORE,1784811986605058.285	,3.480,0.030000,24,0,NO,"""8,1,3072;8,1,3072""",FLOAT16;FLOAT16,ND;ND,"""8,1,3072""",FLOAT16,ND,N/A,0.0,0,0.0,0.0,0.0,0.0,0.0,0.0,0.0,0.0,0.0,0.0,0.0,1.682,72666,0.163,0.097,0.303,0.18,0.29,0.173,0.151,0.09,0.134,0.000
0,2,2,133,6,MatMul_39,MatMul,static,AI_CORE,1784811986605061.805	,9.120,0.020000,22,0,NO,"""8,3072;1024,3072""",FLOAT16;FLOAT16,ND;ND,"""8,1024""",FLOAT16,ND,N/A,7.479,296154,1.461,0.195,1.192,0.159,1.926,0.258,5.717,0.764,0.185,0.025,0.003,0.0,0,0.0,0.0,0.0,0.0,0.0,0.0,0.0,0.0,0.0,75.169
0,2,2,134,6,InplaceAddRmsNorm_15,InplaceAddRmsNorm,static,AI_VECTOR_CORE,1784811986605070.965	,1.800,0.130000,8,0,NO,"""8,1,1024;8,1,1024;1024""",FLOAT16;FLOAT16;FLOAT16,ND;ND;ND,"""8,1,1024;8,1,1;8,1,1024""",FLOAT16;FLOAT;FLOAT16,ND;ND;ND,N/A,0.0,0,0.0,0.0,0.0,0.0,0.0,0.0,0.0,0.0,0.0,0.0,0.0,1.058,15233,0.282,0.267,0.494,0.467,0.374,0.354,0.39,0.369,0.034,0.000
0,2,2,135,6,MatMul_40,MatMul,static,AI_CORE,1784811986605072.785	,7.440,0.000000,23,0,NO,"""8,1024;2560,1024""",FLOAT16;FLOAT16,ND;ND,"""8,2560""",FLOAT16,ND,N/A,6.192,256363,0.648,0.105,0.365,0.059,1.242,0.201,4.279,0.691,0.232,0.037,0.04,0.0,0,0.0,0.0,0.0,0.0,0.0,0.0,0.0,0.0,0.0,79.762
0,2,2,136,6,SplitV_10,SplitVD,static,AI_VECTOR_CORE,1784811986605080.245	,1.340,0.060000,1,0,NO,"""8,1,2560""",FLOAT16,ND,"""8,1,2048;8,1,256;8,1,256""",FLOAT16;FLOAT16;FLOAT16,ND;ND;ND,N/A,0.0,0,0.0,0.0,0.0,0.0,0.0,0.0,0.0,0.0,0.0,0.0,0.0,0.839,1511,0.008,0.009,0.121,0.144,0.287,0.341,0.311,0.371,0.263,0.000
0,2,2,137,6,Scatter_17,Scatter,static,AI_VECTOR_CORE,1784811986605081.605	,2.120,0.000000,16,0,NO,"""8,2,1024,128;8;8,2,1,128""",FLOAT16;INT64;FLOAT16,NCHW;NCHW;NCHW,"""8,2,1024,128""",FLOAT16,NCHW,N/A,0.0,0,0.0,0.0,0.0,0.0,0.0,0.0,0.0,0.0,0.0,0.0,0.0,1.03,29664,0.008,0.008,0.229,0.222,0.123,0.12,0.447,0.434,0.086,0.000
0,2,2,138,6,ApplyRotaryPosEmb_8,ApplyRotaryPosEmb,static,AI_VECTOR_CORE,1784811986605083.745	,3.680,0.130000,8,0,NO,"""8,1,16,128;8,1,2,128;8,1,1,128;8,1,1,128""",FLOAT16;FLOAT16;FLOAT16;FLOAT16,NCHW;NCHW;NCHW;NCHW,"""8,1,16,128;8,1,2,128""",FLOAT16;FLOAT16,NCHW;NCHW,N/A,0.0,0,0.0,0.0,0.0,0.0,0.0,0.0,0.0,0.0,0.0,0.0,0.0,2.185,31470,0.156,0.072,1.243,0.569,0.136,0.062,0.147,0.067,0.082,0.000
0,2,2,139,6,Scatter_16,Scatter,static,AI_VECTOR_CORE,1784811986605087.445	,2.280,0.070000,16,0,NO,"""8,2,1024,128;8;8,2,1,128""",FLOAT16;INT64;FLOAT16,NCHW;NCHW;NCHW,"""8,2,1024,128""",FLOAT16,NCHW,N/A,0.0,0,0.0,0.0,0.0,0.0,0.0,0.0,0.0,0.0,0.0,0.0,0.0,0.911,26239,0.008,0.009,0.316,0.346,0.105,0.115,0.117,0.128,0.134,0.000
0,2,2,140,6,IncreFlashAttention_8,IncreFlashAttention,static,MIX_AIC,1784811986605091.105	,20.960,1.220000,16,32,NO,"""8,16,1,128;8,2,1024,128;8,2,1024,128;8,1,1,1024""",FLOAT16;FLOAT16;FLOAT16;BOOL,NCHW;NCHW;NCHW;NCHW,"""8,16,1,128""",FLOAT16,NCHW,0,19.302,555905,1.076,0.056,14.216,0.736,2.699,0.14,7.636,0.396,3.024,0.157,0.002,11.64,670466,0.715,0.061,4.783,0.411,0.207,0.018,0.455,0.039,0.007,61.394
0,2,2,141,6,MatMul_41,MatMul,static,AI_CORE,1784811986605113.025	,6.460,1.040000,22,0,NO,"""8,2048;1024,2048""",FLOAT16;FLOAT16,ND;ND,"""8,1024""",FLOAT16,ND,N/A,4.669,184888,0.973,0.208,0.855,0.183,1.301,0.279,3.435,0.736,0.186,0.04,0.0,0.0,0,0.0,0.0,0.0,0.0,0.0,0.0,0.0,0.0,0.0,66.251
0,2,2,142,6,InplaceAddRmsNorm_16,InplaceAddRmsNorm,static,AI_VECTOR_CORE,1784811986605119.525	,2.580,0.040000,8,0,NO,"""8,1,1024;8,1,1024;1024""",FLOAT16;FLOAT16;FLOAT16,ND;ND;ND,"""8,1,1024;8,1,1;8,1,1024""",FLOAT16;FLOAT;FLOAT16,ND;ND;ND,N/A,0.0,0,0.0,0.0,0.0,0.0,0.0,0.0,0.0,0.0,0.0,0.0,0.0,1.574,22671,0.282,0.179,0.443,0.281,0.319,0.203,0.355,0.225,0.111,0.000
0,2,2,143,6,MatMul_42,MatMul,static,AI_CORE,1784811986605122.125	,8.180,0.000000,24,0,NO,"""8,1024;3072,1024""",FLOAT16;FLOAT16,ND;ND,"""8,3072""",FLOAT16,ND,N/A,6.497,280649,0.538,0.083,0.25,0.038,1.301,0.2,4.92,0.757,0.166,0.026,0.11,0.0,0,0.0,0.0,0.0,0.0,0.0,0.0,0.0,0.0,0.0,79.419
0,2,2,144,6,MatMul_43,MatMul,static,AI_CORE,1784811986605130.325	,7.500,0.070000,24,0,NO,"""8,1024;3072,1024""",FLOAT16;FLOAT16,ND;ND,"""8,3072""",FLOAT16,ND,N/A,5.512,238122,0.538,0.098,0.501,0.091,1.308,0.237,4.125,0.748,0.16,0.029,0.0,0.0,0,0.0,0.0,0.0,0.0,0.0,0.0,0.0,0.0,0.0,73.494
0,2,2,145,6,Swish_8Mul_11,AutomaticBufferFusionOp,static,AI_VECTOR_CORE,1784811986605137.845	,3.460,0.000000,24,0,NO,"""8,1,3072;8,1,3072""",FLOAT16;FLOAT16,ND;ND,"""8,1,3072""",FLOAT16,ND,N/A,0.0,0,0.0,0.0,0.0,0.0,0.0,0.0,0.0,0.0,0.0,0.0,0.0,1.574,67977,0.163,0.104,0.162,0.103,0.306,0.195,0.17,0.108,0.139,0.000
0,2,2,146,6,MatMul_44,MatMul,static,AI_CORE,1784811986605141.325	,9.080,0.040000,22,0,NO,"""8,3072;1024,3072""",FLOAT16;FLOAT16,ND;ND,"""8,1024""",FLOAT16,ND,N/A,7.673,303854,1.461,0.19,1.369,0.178,1.931,0.252,5.721,0.746,0.196,0.026,0.003,0.0,0,0.0,0.0,0.0,0.0,0.0,0.0,0.0,0.0,0.0,77.463
0,2,2,147,6,InplaceAddRmsNorm_17,InplaceAddRmsNorm,static,AI_VECTOR_CORE,1784811986605150.425	,2.140,0.170000,8,0,NO,"""8,1,1024;8,1,1024;1024""",FLOAT16;FLOAT16;FLOAT16,ND;ND;ND,"""8,1,1024;8,1,1;8,1,1024""",FLOAT16;FLOAT;FLOAT16,ND;ND;ND,N/A,0.0,0,0.0,0.0,0.0,0.0,0.0,0.0,0.0,0.0,0.0,0.0,0.0,1.363,19624,0.282,0.207,0.793,0.582,0.389,0.286,0.385,0.282,0.034,0.000
0,2,2,148,6,MatMul_45,MatMul,static,AI_CORE,1784811986605152.605	,7.800,0.000000,23,0,NO,"""8,1024;2560,1024""",FLOAT16;FLOAT16,ND;ND,"""8,2560""",FLOAT16,ND,N/A,6.263,259288,0.638,0.102,0.313,0.05,1.231,0.196,4.383,0.7,0.266,0.043,0.039,0.0,0,0.0,0.0,0.0,0.0,0.0,0.0,0.0,0.0,0.0,76.949
0,2,2,149,6,SplitV_11,SplitVD,static,AI_VECTOR_CORE,1784811986605160.425	,1.280,0.200000,1,0,NO,"""8,1,2560""",FLOAT16,ND,"""8,1,2048;8,1,256;8,1,256""",FLOAT16;FLOAT16;FLOAT16,ND;ND;ND,N/A,0.0,0,0.0,0.0,0.0,0.0,0.0,0.0,0.0,0.0,0.0,0.0,0.0,0.793,1428,0.008,0.01,0.136,0.172,0.277,0.349,0.286,0.361,0.263,0.000
0,2,2,150,6,Scatter_19,Scatter,static,AI_VECTOR_CORE,1784811986605161.725	,1.820,0.000000,16,0,NO,"""8,2,1024,128;8;8,2,1,128""",FLOAT16;INT64;FLOAT16,NCHW;NCHW;NCHW,"""8,2,1024,128""",FLOAT16,NCHW,N/A,0.0,0,0.0,0.0,0.0,0.0,0.0,0.0,0.0,0.0,0.0,0.0,0.0,0.907,26120,0.008,0.009,0.259,0.286,0.108,0.119,0.321,0.354,0.094,0.000
0,2,2,151,6,ApplyRotaryPosEmb_9,ApplyRotaryPosEmb,static,AI_VECTOR_CORE,1784811986605163.565	,3.320,0.000000,8,0,NO,"""8,1,16,128;8,1,2,128;8,1,1,128;8,1,1,128""",FLOAT16;FLOAT16;FLOAT16;FLOAT16,NCHW;NCHW;NCHW;NCHW,"""8,1,16,128;8,1,2,128""",FLOAT16;FLOAT16,NCHW;NCHW,N/A,0.0,0,0.0,0.0,0.0,0.0,0.0,0.0,0.0,0.0,0.0,0.0,0.0,2.073,29844,0.154,0.074,1.171,0.565,0.13,0.063,0.141,0.068,0.047,0.000
0,2,2,152,6,Scatter_18,Scatter,static,AI_VECTOR_CORE,1784811986605166.905	,2.240,0.180000,16,0,NO,"""8,2,1024,128;8;8,2,1,128""",FLOAT16;INT64;FLOAT16,NCHW;NCHW;NCHW,"""8,2,1024,128""",FLOAT16,NCHW,N/A,0.0,0,0.0,0.0,0.0,0.0,0.0,0.0,0.0,0.0,0.0,0.0,0.0,1.063,30604,0.008,0.007,0.424,0.399,0.115,0.108,0.122,0.115,0.126,0.000
0,2,2,153,6,IncreFlashAttention_9,IncreFlashAttention,static,MIX_AIC,1784811986605170.125	,21.320,0.760000,16,32,NO,"""8,16,1,128;8,2,1024,128;8,2,1024,128;8,1,1,1024""",FLOAT16;FLOAT16;FLOAT16;BOOL,NCHW;NCHW;NCHW;NCHW,"""8,16,1,128""",FLOAT16,NCHW,0,19.851,571716,1.076,0.054,13.968,0.704,2.698,0.136,7.529,0.379,3.029,0.153,0.002,12.252,705736,0.719,0.059,4.368,0.356,0.21,0.017,0.446,0.036,0.007,62.074
0,2,2,154,6,MatMul_46,MatMul,static,AI_CORE,1784811986605192.645	,7.440,1.430000,22,0,NO,"""8,2048;1024,2048""",FLOAT16;FLOAT16,ND;ND,"""8,1024""",FLOAT16,ND,N/A,5.3,209892,0.975,0.184,1.239,0.234,1.306,0.246,3.502,0.661,0.177,0.033,0.0,0.0,0,0.0,0.0,0.0,0.0,0.0,0.0,0.0,0.0,0.0,65.304
0,2,2,155,6,InplaceAddRmsNorm_18,InplaceAddRmsNorm,static,AI_VECTOR_CORE,1784811986605200.105	,2.680,0.000000,8,0,NO,"""8,1,1024;8,1,1024;1024""",FLOAT16;FLOAT16;FLOAT16,ND;ND;ND,"""8,1,1024;8,1,1;8,1,1024""",FLOAT16;FLOAT;FLOAT16,ND;ND;ND,N/A,0.0,0,0.0,0.0,0.0,0.0,0.0,0.0,0.0,0.0,0.0,0.0,0.0,1.639,23607,0.282,0.172,0.506,0.309,0.327,0.2,0.364,0.222,0.109,0.000
0,2,2,156,6,MatMul_47,MatMul,static,AI_CORE,1784811986605202.805	,7.480,0.070000,24,0,NO,"""8,1024;3072,1024""",FLOAT16;FLOAT16,ND;ND,"""8,3072""",FLOAT16,ND,N/A,6.177,266845,0.538,0.087,0.245,0.04,1.306,0.211,4.605,0.746,0.176,0.029,0.111,0.0,0,0.0,0.0,0.0,0.0,0.0,0.0,0.0,0.0,0.0,82.580
0,2,2,157,6,MatMul_48,MatMul,static,AI_CORE,1784811986605210.305	,7.900,0.020000,24,0,NO,"""8,1024;3072,1024""",FLOAT16;FLOAT16,ND;ND,"""8,3072""",FLOAT16,ND,N/A,5.672,245038,0.538,0.095,0.5,0.088,1.305,0.23,4.298,0.758,0.159,0.028,0.0,0.0,0,0.0,0.0,0.0,0.0,0.0,0.0,0.0,0.0,0.0,71.800
0,2,2,158,6,Swish_9Mul_12,AutomaticBufferFusionOp,static,AI_VECTOR_CORE,1784811986605218.225	,3.460,0.100000,24,0,NO,"""8,1,3072;8,1,3072""",FLOAT16;FLOAT16,ND;ND,"""8,1,3072""",FLOAT16,ND,N/A,0.0,0,0.0,0.0,0.0,0.0,0.0,0.0,0.0,0.0,0.0,0.0,0.0,1.533,66227,0.163,0.106,0.156,0.102,0.268,0.175,0.16,0.104,0.143,0.000
0,2,2,159,6,MatMul_49,MatMul,static,AI_CORE,1784811986605221.705	,9.660,0.040000,22,0,NO,"""8,3072;1024,3072""",FLOAT16;FLOAT16,ND;ND,"""8,1024""",FLOAT16,ND,N/A,7.138,282659,1.463,0.205,0.865,0.121,1.927,0.27,5.687,0.797,0.193,0.027,0.003,0.0,0,0.0,0.0,0.0,0.0,0.0,0.0,0.0,0.0,0.0,67.733
0,2,2,160,6,InplaceAddRmsNorm_19,InplaceAddRmsNorm,static,AI_VECTOR_CORE,1784811986605231.385	,2.020,0.090000,8,0,NO,"""8,1,1024;8,1,1024;1024""",FLOAT16;FLOAT16;FLOAT16,ND;ND;ND,"""8,1,1024;8,1,1;8,1,1024""",FLOAT16;FLOAT;FLOAT16,ND;ND;ND,N/A,0.0,0,0.0,0.0,0.0,0.0,0.0,0.0,0.0,0.0,0.0,0.0,0.0,1.165,16777,0.282,0.242,0.654,0.561,0.275,0.236,0.35,0.301,0.01,0.000
0,2,2,161,6,MatMul_50,MatMul,static,AI_CORE,1784811986605233.425	,7.240,0.000000,23,0,NO,"""8,1024;2560,1024""",FLOAT16;FLOAT16,ND;ND,"""8,2560""",FLOAT16,ND,N/A,6.159,254965,0.639,0.104,0.303,0.049,1.234,0.2,4.311,0.7,0.238,0.039,0.038,0.0,0,0.0,0.0,0.0,0.0,0.0,0.0,0.0,0.0,0.0,81.519
0,2,2,162,6,SplitV_12,SplitVD,static,AI_VECTOR_CORE,1784811986605240.685	,1.440,0.010000,1,0,NO,"""8,1,2560""",FLOAT16,ND,"""8,1,2048;8,1,256;8,1,256""",FLOAT16;FLOAT16;FLOAT16,ND;ND;ND,N/A,0.0,0,0.0,0.0,0.0,0.0,0.0,0.0,0.0,0.0,0.0,0.0,0.0,0.907,1632,0.008,0.009,0.171,0.188,0.288,0.318,0.298,0.329,0.263,0.000
0,2,2,163,6,Scatter_21,Scatter,static,AI_VECTOR_CORE,1784811986605242.145	,1.940,0.060000,16,0,NO,"""8,2,1024,128;8;8,2,1,128""",FLOAT16;INT64;FLOAT16,NCHW;NCHW;NCHW,"""8,2,1024,128""",FLOAT16,NCHW,N/A,0.0,0,0.0,0.0,0.0,0.0,0.0,0.0,0.0,0.0,0.0,0.0,0.0,0.895,25775,0.008,0.009,0.271,0.303,0.114,0.127,0.279,0.312,0.088,0.000
0,2,2,164,6,ApplyRotaryPosEmb_10,ApplyRotaryPosEmb,static,AI_VECTOR_CORE,1784811986605244.105	,3.700,0.000000,8,0,NO,"""8,1,16,128;8,1,2,128;8,1,1,128;8,1,1,128""",FLOAT16;FLOAT16;FLOAT16;FLOAT16,NCHW;NCHW;NCHW;NCHW,"""8,1,16,128;8,1,2,128""",FLOAT16;FLOAT16,NCHW;NCHW,N/A,0.0,0,0.0,0.0,0.0,0.0,0.0,0.0,0.0,0.0,0.0,0.0,0.0,2.153,31010,0.156,0.073,1.215,0.564,0.136,0.063,0.143,0.066,0.084,0.000
0,2,2,165,6,Scatter_20,Scatter,static,AI_VECTOR_CORE,1784811986605247.825	,2.200,0.050000,16,0,NO,"""8,2,1024,128;8;8,2,1,128""",FLOAT16;INT64;FLOAT16,NCHW;NCHW;NCHW,"""8,2,1024,128""",FLOAT16,NCHW,N/A,0.0,0,0.0,0.0,0.0,0.0,0.0,0.0,0.0,0.0,0.0,0.0,0.0,0.971,27966,0.008,0.008,0.182,0.188,0.112,0.115,0.226,0.233,0.126,0.000
0,2,2,166,6,IncreFlashAttention_10,IncreFlashAttention,static,MIX_AIC,1784811986605250.945	,22.880,1.050000,16,32,NO,"""8,16,1,128;8,2,1024,128;8,2,1024,128;8,1,1,1024""",FLOAT16;FLOAT16;FLOAT16;BOOL,NCHW;NCHW;NCHW;NCHW,"""8,16,1,128""",FLOAT16,NCHW,0,20.933,602859,1.076,0.051,15.182,0.725,2.698,0.129,7.27,0.347,2.988,0.143,0.002,13.521,778825,0.72,0.053,5.546,0.41,0.195,0.014,0.449,0.033,0.007,60.992
0,2,2,167,6,MatMul_51,MatMul,static,AI_CORE,1784811986605274.725	,6.480,0.870000,22,0,NO,"""8,2048;1024,2048""",FLOAT16;FLOAT16,ND;ND,"""8,1024""",FLOAT16,ND,N/A,4.841,191714,0.974,0.201,0.74,0.153,1.287,0.266,3.518,0.727,0.182,0.038,0.0,0.0,0,0.0,0.0,0.0,0.0,0.0,0.0,0.0,0.0,0.0,68.485
0,2,2,168,6,InplaceAddRmsNorm_20,InplaceAddRmsNorm,static,AI_VECTOR_CORE,1784811986605281.225	,2.680,0.020000,8,0,NO,"""8,1,1024;8,1,1024;1024""",FLOAT16;FLOAT16;FLOAT16,ND;ND;ND,"""8,1,1024;8,1,1;8,1,1024""",FLOAT16;FLOAT;FLOAT16,ND;ND;ND,N/A,0.0,0,0.0,0.0,0.0,0.0,0.0,0.0,0.0,0.0,0.0,0.0,0.0,1.67,24051,0.282,0.169,0.471,0.282,0.316,0.189,0.365,0.218,0.067,0.000
0,2,2,169,6,MatMul_52,MatMul,static,AI_CORE,1784811986605283.925	,7.780,0.070000,24,0,NO,"""8,1024;3072,1024""",FLOAT16;FLOAT16,ND;ND,"""8,3072""",FLOAT16,ND,N/A,6.549,282925,0.538,0.082,0.274,0.042,1.299,0.198,4.954,0.756,0.164,0.025,0.109,0.0,0,0.0,0.0,0.0,0.0,0.0,0.0,0.0,0.0,0.0,84.180
0,2,2,170,6,MatMul_53,MatMul,static,AI_CORE,1784811986605291.725	,7.540,0.000000,24,0,NO,"""8,1024;3072,1024""",FLOAT16;FLOAT16,ND;ND,"""8,3072""",FLOAT16,ND,N/A,5.545,239539,0.538,0.097,0.793,0.143,1.307,0.236,4.134,0.746,0.161,0.029,0.0,0.0,0,0.0,0.0,0.0,0.0,0.0,0.0,0.0,0.0,0.0,73.540
0,2,2,171,6,Swish_10Mul_13,AutomaticBufferFusionOp,static,AI_VECTOR_CORE,1784811986605299.305	,3.380,0.000000,24,0,NO,"""8,1,3072;8,1,3072""",FLOAT16;FLOAT16,ND;ND,"""8,1,3072""",FLOAT16,ND,N/A,0.0,0,0.0,0.0,0.0,0.0,0.0,0.0,0.0,0.0,0.0,0.0,0.0,1.684,72763,0.163,0.097,0.194,0.115,0.371,0.22,0.175,0.104,0.147,0.000
0,2,2,172,6,MatMul_54,MatMul,static,AI_CORE,1784811986605302.725	,9.120,0.120000,22,0,NO,"""8,3072;1024,3072""",FLOAT16;FLOAT16,ND;ND,"""8,1024""",FLOAT16,ND,N/A,7.148,283050,1.462,0.205,0.893,0.125,1.916,0.268,5.691,0.796,0.187,0.026,0.003,0.0,0,0.0,0.0,0.0,0.0,0.0,0.0,0.0,0.0,0.0,71.843
0,2,2,173,6,InplaceAddRmsNorm_21,InplaceAddRmsNorm,static,AI_VECTOR_CORE,1784811986605311.865	,2.140,0.000000,8,0,NO,"""8,1,1024;8,1,1024;1024""",FLOAT16;FLOAT16;FLOAT16,ND;ND;ND,"""8,1,1024;8,1,1;8,1,1024""",FLOAT16;FLOAT;FLOAT16,ND;ND;ND,N/A,0.0,0,0.0,0.0,0.0,0.0,0.0,0.0,0.0,0.0,0.0,0.0,0.0,1.226,17652,0.282,0.23,0.692,0.565,0.264,0.215,0.359,0.293,0.013,0.000
0,2,2,174,6,MatMul_55,MatMul,static,AI_CORE,1784811986605314.025	,6.980,0.110000,23,0,NO,"""8,1024;2560,1024""",FLOAT16;FLOAT16,ND;ND,"""8,2560""",FLOAT16,ND,N/A,5.632,233182,0.642,0.114,0.305,0.054,1.244,0.221,3.686,0.654,0.233,0.041,0.039,0.0,0,0.0,0.0,0.0,0.0,0.0,0.0,0.0,0.0,0.0,77.331
0,2,2,175,6,SplitV_13,SplitVD,static,AI_VECTOR_CORE,1784811986605321.025	,1.520,0.020000,1,0,NO,"""8,1,2560""",FLOAT16,ND,"""8,1,2048;8,1,256;8,1,256""",FLOAT16;FLOAT16;FLOAT16,ND;ND;ND,N/A,0.0,0,0.0,0.0,0.0,0.0,0.0,0.0,0.0,0.0,0.0,0.0,0.0,0.987,1776,0.008,0.008,0.178,0.18,0.29,0.294,0.308,0.313,0.263,0.000
0,2,2,176,6,Scatter_23,Scatter,static,AI_VECTOR_CORE,1784811986605322.565	,2.220,0.000000,16,0,NO,"""8,2,1024,128;8;8,2,1,128""",FLOAT16;INT64;FLOAT16,NCHW;NCHW;NCHW,"""8,2,1024,128""",FLOAT16,NCHW,N/A,0.0,0,0.0,0.0,0.0,0.0,0.0,0.0,0.0,0.0,0.0,0.0,0.0,0.842,24261,0.008,0.009,0.237,0.281,0.115,0.137,0.155,0.184,0.094,0.000
0,2,2,177,6,ApplyRotaryPosEmb_11,ApplyRotaryPosEmb,static,AI_VECTOR_CORE,1784811986605324.805	,3.540,0.030000,8,0,NO,"""8,1,16,128;8,1,2,128;8,1,1,128;8,1,1,128""",FLOAT16;FLOAT16;FLOAT16;FLOAT16,NCHW;NCHW;NCHW;NCHW,"""8,1,16,128;8,1,2,128""",FLOAT16;FLOAT16,NCHW;NCHW,N/A,0.0,0,0.0,0.0,0.0,0.0,0.0,0.0,0.0,0.0,0.0,0.0,0.0,2.18,31396,0.156,0.071,1.225,0.562,0.139,0.064,0.144,0.066,0.078,0.000
0,2,2,178,6,Scatter_22,Scatter,static,AI_VECTOR_CORE,1784811986605328.365	,2.040,0.000000,16,0,NO,"""8,2,1024,128;8;8,2,1,128""",FLOAT16;INT64;FLOAT16,NCHW;NCHW;NCHW,"""8,2,1024,128""",FLOAT16,NCHW,N/A,0.0,0,0.0,0.0,0.0,0.0,0.0,0.0,0.0,0.0,0.0,0.0,0.0,0.917,26408,0.008,0.008,0.172,0.187,0.106,0.116,0.233,0.254,0.13,0.000
0,2,2,179,6,IncreFlashAttention_11,IncreFlashAttention,static,MIX_AIC,1784811986605331.845	,23.280,1.460000,16,32,NO,"""8,16,1,128;8,2,1024,128;8,2,1024,128;8,1,1,1024""",FLOAT16;FLOAT16;FLOAT16;BOOL,NCHW;NCHW;NCHW;NCHW,"""8,16,1,128""",FLOAT16,NCHW,0,21.416,616780,1.076,0.05,16.013,0.748,2.699,0.126,7.577,0.354,2.983,0.139,0.002,13.84,797212,0.715,0.052,7.042,0.509,0.193,0.014,0.452,0.033,0.007,61.329
0,2,2,180,6,MatMul_56,MatMul,static,AI_CORE,1784811986605356.225	,6.880,1.220000,22,0,NO,"""8,2048;1024,2048""",FLOAT16;FLOAT16,ND;ND,"""8,1024""",FLOAT16,ND,N/A,4.732,187382,0.974,0.206,0.782,0.165,1.29,0.273,3.393,0.717,0.163,0.035,0.0,0.0,0,0.0,0.0,0.0,0.0,0.0,0.0,0.0,0.0,0.0,63.046
0,2,2,181,6,InplaceAddRmsNorm_22,InplaceAddRmsNorm,static,AI_VECTOR_CORE,1784811986605363.145	,2.560,0.120000,8,0,NO,"""8,1,1024;8,1,1024;1024""",FLOAT16;FLOAT16;FLOAT16,ND;ND;ND,"""8,1,1024;8,1,1;8,1,1024""",FLOAT16;FLOAT;FLOAT16,ND;ND;ND,N/A,0.0,0,0.0,0.0,0.0,0.0,0.0,0.0,0.0,0.0,0.0,0.0,0.0,1.591,22911,0.282,0.177,0.466,0.293,0.426,0.268,0.352,0.221,0.073,0.000
0,2,2,182,6,MatMul_57,MatMul,static,AI_CORE,1784811986605365.725	,7.520,0.000000,24,0,NO,"""8,1024;3072,1024""",FLOAT16;FLOAT16,ND;ND,"""8,3072""",FLOAT16,ND,N/A,6.338,273793,0.538,0.085,0.23,0.036,1.307,0.206,4.756,0.75,0.171,0.027,0.11,0.0,0,0.0,0.0,0.0,0.0,0.0,0.0,0.0,0.0,0.0,84.279
0,2,2,183,6,MatMul_58,MatMul,static,AI_CORE,1784811986605373.265	,7.680,0.000000,24,0,NO,"""8,1024;3072,1024""",FLOAT16;FLOAT16,ND;ND,"""8,3072""",FLOAT16,ND,N/A,6.307,272444,0.538,0.085,0.895,0.142,1.299,0.206,4.548,0.721,0.16,0.025,0.0,0.0,0,0.0,0.0,0.0,0.0,0.0,0.0,0.0,0.0,0.0,82.117
0,2,2,184,6,Swish_11Mul_14,AutomaticBufferFusionOp,static,AI_VECTOR_CORE,1784811986605380.965	,3.920,0.070000,24,0,NO,"""8,1,3072;8,1,3072""",FLOAT16;FLOAT16,ND;ND,"""8,1,3072""",FLOAT16,ND,N/A,0.0,0,0.0,0.0,0.0,0.0,0.0,0.0,0.0,0.0,0.0,0.0,0.0,1.618,69894,0.163,0.101,0.158,0.097,0.161,0.099,0.132,0.081,0.134,0.000
0,2,2,185,6,MatMul_59,MatMul,static,AI_CORE,1784811986605384.905	,9.200,0.080000,22,0,NO,"""8,3072;1024,3072""",FLOAT16;FLOAT16,ND;ND,"""8,1024""",FLOAT16,ND,N/A,7.046,279016,1.462,0.207,0.779,0.111,1.933,0.274,5.688,0.807,0.188,0.027,0.003,0.0,0,0.0,0.0,0.0,0.0,0.0,0.0,0.0,0.0,0.0,70.203
0,2,2,186,6,InplaceAddRmsNorm_23,InplaceAddRmsNorm,static,AI_VECTOR_CORE,1784811986605394.125	,2.000,0.000000,8,0,NO,"""8,1,1024;8,1,1024;1024""",FLOAT16;FLOAT16;FLOAT16,ND;ND;ND,"""8,1,1024;8,1,1;8,1,1024""",FLOAT16;FLOAT;FLOAT16,ND;ND;ND,N/A,0.0,0,0.0,0.0,0.0,0.0,0.0,0.0,0.0,0.0,0.0,0.0,0.0,1.149,16546,0.282,0.246,0.627,0.546,0.282,0.245,0.359,0.313,0.018,0.000
0,2,2,187,6,MatMul_60,MatMul,static,AI_CORE,1784811986605396.145	,7.460,0.250000,23,0,NO,"""8,1024;2560,1024""",FLOAT16;FLOAT16,ND;ND,"""8,2560""",FLOAT16,ND,N/A,6.187,256155,0.644,0.104,0.292,0.047,1.235,0.2,4.348,0.703,0.23,0.037,0.039,0.0,0,0.0,0.0,0.0,0.0,0.0,0.0,0.0,0.0,0.0,79.484
0,2,2,188,6,SplitV_14,SplitVD,static,AI_VECTOR_CORE,1784811986605403.625	,1.360,0.000000,1,0,NO,"""8,1,2560""",FLOAT16,ND,"""8,1,2048;8,1,256;8,1,256""",FLOAT16;FLOAT16;FLOAT16,ND;ND;ND,N/A,0.0,0,0.0,0.0,0.0,0.0,0.0,0.0,0.0,0.0,0.0,0.0,0.0,0.832,1497,0.008,0.009,0.12,0.144,0.278,0.335,0.291,0.35,0.263,0.000
0,2,2,189,6,Scatter_25,Scatter,static,AI_VECTOR_CORE,1784811986605405.005	,1.800,0.140000,16,0,NO,"""8,2,1024,128;8;8,2,1,128""",FLOAT16;INT64;FLOAT16,NCHW;NCHW;NCHW,"""8,2,1024,128""",FLOAT16,NCHW,N/A,0.0,0,0.0,0.0,0.0,0.0,0.0,0.0,0.0,0.0,0.0,0.0,0.0,0.74,21324,0.008,0.011,0.228,0.309,0.162,0.219,0.12,0.163,0.09,0.000
0,2,2,190,6,ApplyRotaryPosEmb_12,ApplyRotaryPosEmb,static,AI_VECTOR_CORE,1784811986605406.825	,3.360,0.000000,8,0,NO,"""8,1,16,128;8,1,2,128;8,1,1,128;8,1,1,128""",FLOAT16;FLOAT16;FLOAT16;FLOAT16,NCHW;NCHW;NCHW;NCHW,"""8,1,16,128;8,1,2,128""",FLOAT16;FLOAT16,NCHW;NCHW,N/A,0.0,0,0.0,0.0,0.0,0.0,0.0,0.0,0.0,0.0,0.0,0.0,0.0,2.043,29425,0.154,0.075,0.932,0.456,0.185,0.091,0.139,0.068,0.034,0.000
0,2,2,191,6,Scatter_24,Scatter,static,AI_VECTOR_CORE,1784811986605410.205	,2.100,0.140000,16,0,NO,"""8,2,1024,128;8;8,2,1,128""",FLOAT16;INT64;FLOAT16,NCHW;NCHW;NCHW,"""8,2,1024,128""",FLOAT16,NCHW,N/A,0.0,0,0.0,0.0,0.0,0.0,0.0,0.0,0.0,0.0,0.0,0.0,0.0,1.038,29898,0.008,0.007,0.164,0.158,0.124,0.12,0.324,0.312,0.132,0.000
0,2,2,192,6,IncreFlashAttention_12,IncreFlashAttention,static,MIX_AIC,1784811986605413.345	,20.300,0.900000,16,32,NO,"""8,16,1,128;8,2,1024,128;8,2,1024,128;8,1,1,1024""",FLOAT16;FLOAT16;FLOAT16;BOOL,NCHW;NCHW;NCHW;NCHW,"""8,16,1,128""",FLOAT16,NCHW,0,18.223,524836,1.076,0.059,14.242,0.782,2.698,0.148,7.27,0.399,2.975,0.163,0.002,10.767,620171,0.719,0.067,3.273,0.304,0.226,0.021,0.45,0.042,0.006,59.847
0,2,2,193,6,MatMul_61,MatMul,static,AI_CORE,1784811986605434.665	,6.520,1.200000,22,0,NO,"""8,2048;1024,2048""",FLOAT16;FLOAT16,ND;ND,"""8,1024""",FLOAT16,ND,N/A,4.731,187342,0.975,0.206,0.682,0.144,1.298,0.274,3.421,0.723,0.231,0.049,0.0,0.0,0,0.0,0.0,0.0,0.0,0.0,0.0,0.0,0.0,0.0,66.513
0,2,2,194,6,InplaceAddRmsNorm_24,InplaceAddRmsNorm,static,AI_VECTOR_CORE,1784811986605441.205	,2.520,0.000000,8,0,NO,"""8,1,1024;8,1,1024;1024""",FLOAT16;FLOAT16;FLOAT16,ND;ND;ND,"""8,1,1024;8,1,1;8,1,1024""",FLOAT16;FLOAT;FLOAT16,ND;ND;ND,N/A,0.0,0,0.0,0.0,0.0,0.0,0.0,0.0,0.0,0.0,0.0,0.0,0.0,1.57,22610,0.282,0.18,0.442,0.282,0.322,0.205,0.363,0.231,0.089,0.000
0,2,2,195,6,MatMul_62,MatMul,static,AI_CORE,1784811986605443.765	,7.560,0.000000,24,0,NO,"""8,1024;3072,1024""",FLOAT16;FLOAT16,ND;ND,"""8,3072""",FLOAT16,ND,N/A,6.356,274593,0.538,0.085,0.238,0.037,1.305,0.205,4.787,0.753,0.169,0.027,0.11,0.0,0,0.0,0.0,0.0,0.0,0.0,0.0,0.0,0.0,0.0,84.078
0,2,2,196,6,MatMul_63,MatMul,static,AI_CORE,1784811986605451.345	,7.720,0.000000,24,0,NO,"""8,1024;3072,1024""",FLOAT16;FLOAT16,ND;ND,"""8,3072""",FLOAT16,ND,N/A,5.56,240171,0.538,0.097,0.436,0.078,1.31,0.236,4.234,0.762,0.167,0.03,0.0,0.0,0,0.0,0.0,0.0,0.0,0.0,0.0,0.0,0.0,0.0,72.014
0,2,2,197,6,Swish_12Mul_15,AutomaticBufferFusionOp,static,AI_VECTOR_CORE,1784811986605459.085	,3.380,0.030000,24,0,NO,"""8,1,3072;8,1,3072""",FLOAT16;FLOAT16,ND;ND,"""8,1,3072""",FLOAT16,ND,N/A,0.0,0,0.0,0.0,0.0,0.0,0.0,0.0,0.0,0.0,0.0,0.0,0.0,1.623,70096,0.163,0.101,0.194,0.12,0.379,0.234,0.179,0.11,0.138,0.000
0,2,2,198,6,MatMul_64,MatMul,static,AI_CORE,1784811986605462.485	,8.740,0.120000,22,0,NO,"""8,3072;1024,3072""",FLOAT16;FLOAT16,ND;ND,"""8,1024""",FLOAT16,ND,N/A,7.067,279869,1.462,0.207,0.806,0.114,1.923,0.272,5.722,0.81,0.164,0.023,0.003,0.0,0,0.0,0.0,0.0,0.0,0.0,0.0,0.0,0.0,0.0,74.124
0,2,2,199,6,InplaceAddRmsNorm_25,InplaceAddRmsNorm,static,AI_VECTOR_CORE,1784811986605471.245	,2.080,0.010000,8,0,NO,"""8,1,1024;8,1,1024;1024""",FLOAT16;FLOAT16;FLOAT16,ND;ND;ND,"""8,1,1024;8,1,1;8,1,1024""",FLOAT16;FLOAT;FLOAT16,ND;ND;ND,N/A,0.0,0,0.0,0.0,0.0,0.0,0.0,0.0,0.0,0.0,0.0,0.0,0.0,1.203,17329,0.282,0.235,0.63,0.523,0.36,0.299,0.362,0.301,0.018,0.000
0,2,2,200,6,MatMul_65,MatMul,static,AI_CORE,1784811986605473.345	,7.420,0.000000,23,0,NO,"""8,1024;2560,1024""",FLOAT16;FLOAT16,ND;ND,"""8,2560""",FLOAT16,ND,N/A,6.025,249446,0.645,0.107,0.364,0.06,1.237,0.205,4.158,0.69,0.253,0.042,0.041,0.0,0,0.0,0.0,0.0,0.0,0.0,0.0,0.0,0.0,0.0,77.820
0,2,2,201,6,SplitV_15,SplitVD,static,AI_VECTOR_CORE,1784811986605480.785	,1.360,0.080000,1,0,NO,"""8,1,2560""",FLOAT16,ND,"""8,1,2048;8,1,256;8,1,256""",FLOAT16;FLOAT16;FLOAT16,ND;ND;ND,N/A,0.0,0,0.0,0.0,0.0,0.0,0.0,0.0,0.0,0.0,0.0,0.0,0.0,0.852,1533,0.008,0.009,0.122,0.143,0.282,0.331,0.322,0.378,0.263,0.000
0,2,2,202,6,Scatter_27,Scatter,static,AI_VECTOR_CORE,1784811986605482.165	,2.100,0.140000,16,0,NO,"""8,2,1024,128;8;8,2,1,128""",FLOAT16;INT64;FLOAT16,NCHW;NCHW;NCHW,"""8,2,1024,128""",FLOAT16,NCHW,N/A,0.0,0,0.0,0.0,0.0,0.0,0.0,0.0,0.0,0.0,0.0,0.0,0.0,0.932,26845,0.008,0.008,0.535,0.574,0.114,0.122,0.093,0.099,0.079,0.000
0,2,2,203,6,ApplyRotaryPosEmb_13,ApplyRotaryPosEmb,static,AI_VECTOR_CORE,1784811986605484.285	,3.020,0.000000,8,0,NO,"""8,1,16,128;8,1,2,128;8,1,1,128;8,1,1,128""",FLOAT16;FLOAT16;FLOAT16;FLOAT16,NCHW;NCHW;NCHW;NCHW,"""8,1,16,128;8,1,2,128""",FLOAT16;FLOAT16,NCHW;NCHW,N/A,0.0,0,0.0,0.0,0.0,0.0,0.0,0.0,0.0,0.0,0.0,0.0,0.0,1.913,27554,0.154,0.08,1.127,0.589,0.135,0.071,0.146,0.076,0.03,0.000
0,2,2,204,6,Scatter_26,Scatter,static,AI_VECTOR_CORE,1784811986605487.345	,2.060,0.000000,16,0,NO,"""8,2,1024,128;8;8,2,1,128""",FLOAT16;INT64;FLOAT16,NCHW;NCHW;NCHW,"""8,2,1024,128""",FLOAT16,NCHW,N/A,0.0,0,0.0,0.0,0.0,0.0,0.0,0.0,0.0,0.0,0.0,0.0,0.0,0.949,27341,0.008,0.008,0.179,0.188,0.112,0.118,0.271,0.286,0.136,0.000
0,2,2,205,6,IncreFlashAttention_13,IncreFlashAttention,static,MIX_AIC,1784811986605490.545	,22.200,1.190000,16,32,NO,"""8,16,1,128;8,2,1024,128;8,2,1024,128;8,1,1,1024""",FLOAT16;FLOAT16;FLOAT16;BOOL,NCHW;NCHW;NCHW;NCHW,"""8,16,1,128""",FLOAT16,NCHW,0,20.625,593992,1.075,0.052,15.443,0.749,2.699,0.131,7.585,0.368,3.031,0.147,0.002,13.019,749920,0.715,0.055,6.215,0.477,0.193,0.015,0.449,0.034,0.006,61.936
0,2,2,206,6,MatMul_66,MatMul,static,AI_CORE,1784811986605513.705	,6.160,1.050000,22,0,NO,"""8,2048;1024,2048""",FLOAT16;FLOAT16,ND;ND,"""8,1024""",FLOAT16,ND,N/A,4.63,183357,0.973,0.21,0.659,0.142,1.301,0.281,3.374,0.729,0.205,0.044,0.0,0.0,0,0.0,0.0,0.0,0.0,0.0,0.0,0.0,0.0,0.0,68.902
0,2,2,207,6,InplaceAddRmsNorm_26,InplaceAddRmsNorm,static,AI_VECTOR_CORE,1784811986605519.885	,2.640,0.090000,8,0,NO,"""8,1,1024;8,1,1024;1024""",FLOAT16;FLOAT16;FLOAT16,ND;ND;ND,"""8,1,1024;8,1,1;8,1,1024""",FLOAT16;FLOAT;FLOAT16,ND;ND;ND,N/A,0.0,0,0.0,0.0,0.0,0.0,0.0,0.0,0.0,0.0,0.0,0.0,0.0,1.578,22727,0.282,0.179,0.471,0.299,0.349,0.221,0.357,0.226,0.073,0.000
0,2,2,208,6,MatMul_67,MatMul,static,AI_CORE,1784811986605522.545	,8.080,0.000000,24,0,NO,"""8,1024;3072,1024""",FLOAT16;FLOAT16,ND;ND,"""8,3072""",FLOAT16,ND,N/A,6.7,289454,0.538,0.08,0.793,0.118,1.308,0.195,4.547,0.679,0.17,0.025,0.11,0.0,0,0.0,0.0,0.0,0.0,0.0,0.0,0.0,0.0,0.0,82.925
0,2,2,209,6,MatMul_68,MatMul,static,AI_CORE,1784811986605530.645	,8.080,0.170000,24,0,NO,"""8,1024;3072,1024""",FLOAT16;FLOAT16,ND;ND,"""8,3072""",FLOAT16,ND,N/A,5.372,232081,0.538,0.1,0.428,0.08,1.309,0.244,4.054,0.755,0.173,0.032,0.0,0.0,0,0.0,0.0,0.0,0.0,0.0,0.0,0.0,0.0,0.0,66.488
0,2,2,210,6,Swish_13Mul_16,AutomaticBufferFusionOp,static,AI_VECTOR_CORE,1784811986605538.745	,3.420,0.000000,24,0,NO,"""8,1,3072;8,1,3072""",FLOAT16;FLOAT16,ND;ND,"""8,1,3072""",FLOAT16,ND,N/A,0.0,0,0.0,0.0,0.0,0.0,0.0,0.0,0.0,0.0,0.0,0.0,0.0,1.547,66822,0.163,0.105,0.161,0.104,0.274,0.177,0.173,0.112,0.144,0.000
0,2,2,211,6,MatMul_69,MatMul,static,AI_CORE,1784811986605542.185	,9.120,0.080000,22,0,NO,"""8,3072;1024,3072""",FLOAT16;FLOAT16,ND;ND,"""8,1024""",FLOAT16,ND,N/A,6.968,275932,1.461,0.21,0.803,0.115,1.928,0.277,5.62,0.807,0.169,0.024,0.003,0.0,0,0.0,0.0,0.0,0.0,0.0,0.0,0.0,0.0,0.0,70.036
0,2,2,212,6,InplaceAddRmsNorm_27,InplaceAddRmsNorm,static,AI_VECTOR_CORE,1784811986605551.325	,2.000,0.000000,8,0,NO,"""8,1,1024;8,1,1024;1024""",FLOAT16;FLOAT16;FLOAT16,ND;ND;ND,"""8,1,1024;8,1,1;8,1,1024""",FLOAT16;FLOAT;FLOAT16,ND;ND;ND,N/A,0.0,0,0.0,0.0,0.0,0.0,0.0,0.0,0.0,0.0,0.0,0.0,0.0,1.191,17156,0.282,0.237,0.654,0.549,0.3,0.252,0.365,0.306,0.013,0.000
0,2,2,213,6,MatMul_70,MatMul,static,AI_CORE,1784811986605553.345	,7.600,0.000000,23,0,NO,"""8,1024;2560,1024""",FLOAT16;FLOAT16,ND;ND,"""8,2560""",FLOAT16,ND,N/A,6.146,254461,0.642,0.105,0.471,0.077,1.243,0.202,4.107,0.668,0.268,0.044,0.04,0.0,0,0.0,0.0,0.0,0.0,0.0,0.0,0.0,0.0,0.0,77.504
0,2,2,214,6,SplitV_16,SplitVD,static,AI_VECTOR_CORE,1784811986605560.985	,1.380,0.150000,1,0,NO,"""8,1,2560""",FLOAT16,ND,"""8,1,2048;8,1,256;8,1,256""",FLOAT16;FLOAT16;FLOAT16,ND;ND;ND,N/A,0.0,0,0.0,0.0,0.0,0.0,0.0,0.0,0.0,0.0,0.0,0.0,0.0,0.823,1482,0.008,0.009,0.108,0.132,0.297,0.36,0.294,0.358,0.263,0.000
0,2,2,215,6,Scatter_29,Scatter,static,AI_VECTOR_CORE,1784811986605562.385	,2.200,0.120000,16,0,NO,"""8,2,1024,128;8;8,2,1,128""",FLOAT16;INT64;FLOAT16,NCHW;NCHW;NCHW,"""8,2,1024,128""",FLOAT16,NCHW,N/A,0.0,0,0.0,0.0,0.0,0.0,0.0,0.0,0.0,0.0,0.0,0.0,0.0,1.027,29577,0.008,0.008,0.552,0.538,0.109,0.106,0.145,0.141,0.083,0.000
0,2,2,216,6,ApplyRotaryPosEmb_14,ApplyRotaryPosEmb,static,AI_VECTOR_CORE,1784811986605564.605	,3.060,0.000000,8,0,NO,"""8,1,16,128;8,1,2,128;8,1,1,128;8,1,1,128""",FLOAT16;FLOAT16;FLOAT16;FLOAT16,NCHW;NCHW;NCHW;NCHW,"""8,1,16,128;8,1,2,128""",FLOAT16;FLOAT16,NCHW;NCHW,N/A,0.0,0,0.0,0.0,0.0,0.0,0.0,0.0,0.0,0.0,0.0,0.0,0.0,1.987,28616,0.154,0.077,1.167,0.587,0.136,0.069,0.147,0.074,0.029,0.000
0,2,2,217,6,Scatter_28,Scatter,static,AI_VECTOR_CORE,1784811986605567.685	,2.120,0.190000,16,0,NO,"""8,2,1024,128;8;8,2,1,128""",FLOAT16;INT64;FLOAT16,NCHW;NCHW;NCHW,"""8,2,1024,128""",FLOAT16,NCHW,N/A,0.0,0,0.0,0.0,0.0,0.0,0.0,0.0,0.0,0.0,0.0,0.0,0.0,1.065,30683,0.008,0.007,0.155,0.146,0.11,0.103,0.345,0.324,0.136,0.000
0,2,2,218,6,IncreFlashAttention_14,IncreFlashAttention,static,MIX_AIC,1784811986605570.785	,19.360,0.880000,16,32,NO,"""8,16,1,128;8,2,1024,128;8,2,1024,128;8,1,1,1024""",FLOAT16;FLOAT16;FLOAT16;BOOL,NCHW;NCHW;NCHW;NCHW,"""8,16,1,128""",FLOAT16,NCHW,0,17.961,517274,1.076,0.06,13.306,0.741,2.699,0.15,7.53,0.419,2.991,0.167,0.002,10.37,597338,0.72,0.069,2.847,0.275,0.201,0.019,0.455,0.044,0.006,61.849
0,2,2,219,6,MatMul_71,MatMul,static,AI_CORE,1784811986605590.885	,6.920,0.890000,22,0,NO,"""8,2048;1024,2048""",FLOAT16;FLOAT16,ND;ND,"""8,1024""",FLOAT16,ND,N/A,4.865,192660,0.974,0.2,0.742,0.153,1.295,0.266,3.533,0.726,0.194,0.04,0.0,0.0,0,0.0,0.0,0.0,0.0,0.0,0.0,0.0,0.0,0.0,64.447
0,2,2,220,6,InplaceAddRmsNorm_28,InplaceAddRmsNorm,static,AI_VECTOR_CORE,1784811986605597.825	,2.520,0.000000,8,0,NO,"""8,1,1024;8,1,1024;1024""",FLOAT16;FLOAT16;FLOAT16,ND;ND;ND,"""8,1,1024;8,1,1;8,1,1024""",FLOAT16;FLOAT;FLOAT16,ND;ND;ND,N/A,0.0,0,0.0,0.0,0.0,0.0,0.0,0.0,0.0,0.0,0.0,0.0,0.0,1.621,23348,0.282,0.174,0.452,0.279,0.352,0.217,0.349,0.215,0.076,0.000
0,2,2,221,6,MatMul_72,MatMul,static,AI_CORE,1784811986605600.385	,8.300,0.230000,24,0,NO,"""8,1024;3072,1024""",FLOAT16;FLOAT16,ND;ND,"""8,3072""",FLOAT16,ND,N/A,6.155,265883,0.538,0.087,0.637,0.104,1.308,0.212,4.194,0.682,0.166,0.027,0.108,0.0,0,0.0,0.0,0.0,0.0,0.0,0.0,0.0,0.0,0.0,74.153
0,2,2,222,6,MatMul_73,MatMul,static,AI_CORE,1784811986605608.705	,7.880,0.000000,24,0,NO,"""8,1024;3072,1024""",FLOAT16;FLOAT16,ND;ND,"""8,3072""",FLOAT16,ND,N/A,5.506,237850,0.538,0.098,0.515,0.094,1.308,0.237,4.109,0.746,0.162,0.029,0.0,0.0,0,0.0,0.0,0.0,0.0,0.0,0.0,0.0,0.0,0.0,69.870
0,2,2,223,6,Swish_14Mul_17,AutomaticBufferFusionOp,static,AI_VECTOR_CORE,1784811986605616.605	,3.420,0.000000,24,0,NO,"""8,1,3072;8,1,3072""",FLOAT16;FLOAT16,ND;ND,"""8,1,3072""",FLOAT16,ND,N/A,0.0,0,0.0,0.0,0.0,0.0,0.0,0.0,0.0,0.0,0.0,0.0,0.0,1.622,70067,0.163,0.101,0.164,0.101,0.336,0.207,0.175,0.108,0.141,0.000
0,2,2,224,6,MatMul_74,MatMul,static,AI_CORE,1784811986605620.045	,9.520,0.080000,22,0,NO,"""8,3072;1024,3072""",FLOAT16;FLOAT16,ND;ND,"""8,1024""",FLOAT16,ND,N/A,7.155,283332,1.461,0.204,0.883,0.123,1.932,0.27,5.708,0.798,0.19,0.026,0.003,0.0,0,0.0,0.0,0.0,0.0,0.0,0.0,0.0,0.0,0.0,68.893
0,2,2,225,6,InplaceAddRmsNorm_29,InplaceAddRmsNorm,static,AI_VECTOR_CORE,1784811986605629.585	,1.980,0.000000,8,0,NO,"""8,1,1024;8,1,1024;1024""",FLOAT16;FLOAT16;FLOAT16,ND;ND;ND,"""8,1,1024;8,1,1;8,1,1024""",FLOAT16;FLOAT;FLOAT16,ND;ND;ND,N/A,0.0,0,0.0,0.0,0.0,0.0,0.0,0.0,0.0,0.0,0.0,0.0,0.0,1.19,17132,0.282,0.237,0.515,0.433,0.553,0.465,0.415,0.349,0.015,0.000
0,2,2,226,6,MatMul_75,MatMul,static,AI_CORE,1784811986605631.585	,7.840,0.020000,23,0,NO,"""8,1024;2560,1024""",FLOAT16;FLOAT16,ND;ND,"""8,2560""",FLOAT16,ND,N/A,6.304,261001,0.644,0.102,0.306,0.049,1.239,0.197,4.441,0.704,0.231,0.037,0.039,0.0,0,0.0,0.0,0.0,0.0,0.0,0.0,0.0,0.0,0.0,77.062
0,2,2,227,6,SplitV_17,SplitVD,static,AI_VECTOR_CORE,1784811986605639.445	,1.400,0.160000,1,0,NO,"""8,1,2560""",FLOAT16,ND,"""8,1,2048;8,1,256;8,1,256""",FLOAT16;FLOAT16;FLOAT16,ND;ND;ND,N/A,0.0,0,0.0,0.0,0.0,0.0,0.0,0.0,0.0,0.0,0.0,0.0,0.0,0.85,1530,0.008,0.009,0.111,0.131,0.278,0.327,0.295,0.347,0.263,0.000
0,2,2,228,6,Scatter_31,Scatter,static,AI_VECTOR_CORE,1784811986605640.885	,1.820,0.100000,16,0,NO,"""8,2,1024,128;8;8,2,1,128""",FLOAT16;INT64;FLOAT16,NCHW;NCHW;NCHW,"""8,2,1024,128""",FLOAT16,NCHW,N/A,0.0,0,0.0,0.0,0.0,0.0,0.0,0.0,0.0,0.0,0.0,0.0,0.0,0.885,25488,0.008,0.009,0.286,0.323,0.129,0.146,0.253,0.286,0.09,0.000
0,2,2,229,6,ApplyRotaryPosEmb_15,ApplyRotaryPosEmb,static,AI_VECTOR_CORE,1784811986605642.725	,2.960,0.000000,8,0,NO,"""8,1,16,128;8,1,2,128;8,1,1,128;8,1,1,128""",FLOAT16;FLOAT16;FLOAT16;FLOAT16,NCHW;NCHW;NCHW;NCHW,"""8,1,16,128;8,1,2,128""",FLOAT16;FLOAT16,NCHW;NCHW,N/A,0.0,0,0.0,0.0,0.0,0.0,0.0,0.0,0.0,0.0,0.0,0.0,0.0,1.923,27688,0.154,0.08,1.1,0.572,0.128,0.066,0.138,0.072,0.028,0.000
0,2,2,230,6,Scatter_30,Scatter,static,AI_VECTOR_CORE,1784811986605645.705	,2.060,0.040000,16,0,NO,"""8,2,1024,128;8;8,2,1,128""",FLOAT16;INT64;FLOAT16,NCHW;NCHW;NCHW,"""8,2,1024,128""",FLOAT16,NCHW,N/A,0.0,0,0.0,0.0,0.0,0.0,0.0,0.0,0.0,0.0,0.0,0.0,0.0,0.864,24870,0.008,0.009,0.18,0.208,0.117,0.136,0.156,0.18,0.124,0.000
0,2,2,231,6,IncreFlashAttention_15,IncreFlashAttention,static,MIX_AIC,1784811986605648.685	,20.740,0.940000,16,32,NO,"""8,16,1,128;8,2,1024,128;8,2,1024,128;8,1,1,1024""",FLOAT16;FLOAT16;FLOAT16;BOOL,NCHW;NCHW;NCHW;NCHW,"""8,16,1,128""",FLOAT16,NCHW,0,19.086,549663,1.076,0.056,14.34,0.751,2.698,0.141,7.41,0.388,3.044,0.16,0.002,11.551,665337,0.72,0.062,3.89,0.337,0.204,0.018,0.451,0.039,0.006,61.349
0,2,2,232,6,MatMul_76,MatMul,static,AI_CORE,1784811986605670.585	,6.500,1.010000,22,0,NO,"""8,2048;1024,2048""",FLOAT16;FLOAT16,ND;ND,"""8,1024""",FLOAT16,ND,N/A,4.721,186963,0.973,0.206,0.709,0.15,1.293,0.274,3.441,0.729,0.18,0.038,0.0,0.0,0,0.0,0.0,0.0,0.0,0.0,0.0,0.0,0.0,0.0,66.582
0,2,2,233,6,InplaceAddRmsNorm_30,InplaceAddRmsNorm,static,AI_VECTOR_CORE,1784811986605677.105	,2.620,0.000000,8,0,NO,"""8,1,1024;8,1,1024;1024""",FLOAT16;FLOAT16;FLOAT16,ND;ND;ND,"""8,1,1024;8,1,1;8,1,1024""",FLOAT16;FLOAT;FLOAT16,ND;ND;ND,N/A,0.0,0,0.0,0.0,0.0,0.0,0.0,0.0,0.0,0.0,0.0,0.0,0.0,1.599,23031,0.282,0.176,0.464,0.29,0.374,0.234,0.368,0.23,0.071,0.000
0,2,2,234,6,MatMul_77,MatMul,static,AI_CORE,1784811986605679.745	,7.340,0.130000,24,0,NO,"""8,1024;3072,1024""",FLOAT16;FLOAT16,ND;ND,"""8,3072""",FLOAT16,ND,N/A,6.289,271706,0.538,0.086,0.24,0.038,1.304,0.207,4.71,0.749,0.17,0.027,0.112,0.0,0,0.0,0.0,0.0,0.0,0.0,0.0,0.0,0.0,0.0,85.688
0,2,2,235,6,MatMul_78,MatMul,static,AI_CORE,1784811986605687.105	,7.580,0.000000,24,0,NO,"""8,1024;3072,1024""",FLOAT16;FLOAT16,ND;ND,"""8,3072""",FLOAT16,ND,N/A,5.489,237108,0.538,0.098,0.502,0.091,1.31,0.239,4.106,0.748,0.162,0.03,0.0,0.0,0,0.0,0.0,0.0,0.0,0.0,0.0,0.0,0.0,0.0,72.409
0,2,2,236,6,Swish_15Mul_18,AutomaticBufferFusionOp,static,AI_VECTOR_CORE,1784811986605694.705	,3.460,0.170000,24,0,NO,"""8,1,3072;8,1,3072""",FLOAT16;FLOAT16,ND;ND,"""8,1,3072""",FLOAT16,ND,N/A,0.0,0,0.0,0.0,0.0,0.0,0.0,0.0,0.0,0.0,0.0,0.0,0.0,1.69,73003,0.163,0.096,0.323,0.191,0.296,0.175,0.162,0.096,0.137,0.000
0,2,2,237,6,MatMul_79,MatMul,static,AI_CORE,1784811986605698.185	,9.540,0.040000,22,0,NO,"""8,3072;1024,3072""",FLOAT16;FLOAT16,ND;ND,"""8,1024""",FLOAT16,ND,N/A,7.313,289598,1.461,0.2,1.095,0.15,1.931,0.264,5.647,0.772,0.18,0.025,0.002,0.0,0,0.0,0.0,0.0,0.0,0.0,0.0,0.0,0.0,0.0,70.269
0,2,2,238,6,InplaceAddRmsNorm_31,InplaceAddRmsNorm,static,AI_VECTOR_CORE,1784811986605707.745	,1.740,0.000000,8,0,NO,"""8,1,1024;8,1,1024;1024""",FLOAT16;FLOAT16;FLOAT16,ND;ND;ND,"""8,1,1024;8,1,1;8,1,1024""",FLOAT16;FLOAT;FLOAT16,ND;ND;ND,N/A,0.0,0,0.0,0.0,0.0,0.0,0.0,0.0,0.0,0.0,0.0,0.0,0.0,1.077,15510,0.282,0.262,0.524,0.487,0.397,0.368,0.376,0.349,0.013,0.000
0,2,2,239,6,MatMul_80,MatMul,static,AI_CORE,1784811986605709.505	,7.640,0.010000,23,0,NO,"""8,1024;2560,1024""",FLOAT16;FLOAT16,ND;ND,"""8,2560""",FLOAT16,ND,N/A,6.185,256058,0.643,0.104,0.314,0.051,1.235,0.2,4.332,0.7,0.242,0.039,0.04,0.0,0,0.0,0.0,0.0,0.0,0.0,0.0,0.0,0.0,0.0,77.582
0,2,2,240,6,SplitV_18,SplitVD,static,AI_VECTOR_CORE,1784811986605717.185	,1.360,0.110000,1,0,NO,"""8,1,2560""",FLOAT16,ND,"""8,1,2048;8,1,256;8,1,256""",FLOAT16;FLOAT16;FLOAT16,ND;ND;ND,N/A,0.0,0,0.0,0.0,0.0,0.0,0.0,0.0,0.0,0.0,0.0,0.0,0.0,0.858,1544,0.008,0.009,0.128,0.15,0.308,0.359,0.296,0.345,0.263,0.000
0,2,2,241,6,Scatter_33,Scatter,static,AI_VECTOR_CORE,1784811986605718.565	,2.100,0.000000,16,0,NO,"""8,2,1024,128;8;8,2,1,128""",FLOAT16;INT64;FLOAT16,NCHW;NCHW;NCHW,"""8,2,1024,128""",FLOAT16,NCHW,N/A,0.0,0,0.0,0.0,0.0,0.0,0.0,0.0,0.0,0.0,0.0,0.0,0.0,1.016,29248,0.008,0.008,0.283,0.279,0.116,0.114,0.4,0.394,0.092,0.000
0,2,2,242,6,ApplyRotaryPosEmb_16,ApplyRotaryPosEmb,static,AI_VECTOR_CORE,1784811986605720.685	,3.020,0.150000,8,0,NO,"""8,1,16,128;8,1,2,128;8,1,1,128;8,1,1,128""",FLOAT16;FLOAT16;FLOAT16;FLOAT16,NCHW;NCHW;NCHW;NCHW,"""8,1,16,128;8,1,2,128""",FLOAT16;FLOAT16,NCHW;NCHW,N/A,0.0,0,0.0,0.0,0.0,0.0,0.0,0.0,0.0,0.0,0.0,0.0,0.0,1.983,28551,0.154,0.078,1.143,0.577,0.139,0.07,0.152,0.077,0.025,0.000
0,2,2,243,6,Scatter_32,Scatter,static,AI_VECTOR_CORE,1784811986605723.745	,2.180,0.000000,16,0,NO,"""8,2,1024,128;8;8,2,1,128""",FLOAT16;INT64;FLOAT16,NCHW;NCHW;NCHW,"""8,2,1024,128""",FLOAT16,NCHW,N/A,0.0,0,0.0,0.0,0.0,0.0,0.0,0.0,0.0,0.0,0.0,0.0,0.0,1.011,29129,0.008,0.008,0.382,0.378,0.107,0.106,0.156,0.154,0.121,0.000
0,2,2,244,6,IncreFlashAttention_16,IncreFlashAttention,static,MIX_AIC,1784811986605727.045	,21.600,1.070000,16,32,NO,"""8,16,1,128;8,2,1024,128;8,2,1024,128;8,1,1,1024""",FLOAT16;FLOAT16;FLOAT16;BOOL,NCHW;NCHW;NCHW;NCHW,"""8,16,1,128""",FLOAT16,NCHW,0,19.729,568191,1.076,0.055,14.627,0.741,2.699,0.137,7.31,0.371,2.988,0.151,0.002,12.271,706792,0.715,0.058,5.618,0.458,0.222,0.018,0.452,0.037,0.007,60.892
0,2,2,245,6,MatMul_81,MatMul,static,AI_CORE,1784811986605749.585	,7.060,0.900000,22,0,NO,"""8,2048;1024,2048""",FLOAT16;FLOAT16,ND;ND,"""8,1024""",FLOAT16,ND,N/A,5.029,199134,0.974,0.194,1.386,0.276,1.3,0.258,3.111,0.619,0.163,0.032,0.0,0.0,0,0.0,0.0,0.0,0.0,0.0,0.0,0.0,0.0,0.0,65.292
0,2,2,246,6,InplaceAddRmsNorm_32,InplaceAddRmsNorm,static,AI_VECTOR_CORE,1784811986605756.665	,2.560,0.190000,8,0,NO,"""8,1,1024;8,1,1024;1024""",FLOAT16;FLOAT16;FLOAT16,ND;ND;ND,"""8,1,1024;8,1,1;8,1,1024""",FLOAT16;FLOAT;FLOAT16,ND;ND;ND,N/A,0.0,0,0.0,0.0,0.0,0.0,0.0,0.0,0.0,0.0,0.0,0.0,0.0,1.619,23311,0.282,0.174,0.445,0.275,0.368,0.227,0.358,0.221,0.073,0.000
0,2,2,247,6,MatMul_82,MatMul,static,AI_CORE,1784811986605759.245	,7.680,0.000000,24,0,NO,"""8,1024;3072,1024""",FLOAT16;FLOAT16,ND;ND,"""8,3072""",FLOAT16,ND,N/A,6.311,272632,0.538,0.085,0.268,0.042,1.305,0.207,4.71,0.746,0.16,0.025,0.112,0.0,0,0.0,0.0,0.0,0.0,0.0,0.0,0.0,0.0,0.0,82.174
0,2,2,248,6,MatMul_83,MatMul,static,AI_CORE,1784811986605766.945	,7.940,0.070000,24,0,NO,"""8,1024;3072,1024""",FLOAT16;FLOAT16,ND;ND,"""8,3072""",FLOAT16,ND,N/A,5.62,242800,0.538,0.096,0.52,0.093,1.307,0.233,4.219,0.751,0.168,0.03,0.0,0.0,0,0.0,0.0,0.0,0.0,0.0,0.0,0.0,0.0,0.0,70.786
0,2,2,249,6,Swish_16Mul_19,AutomaticBufferFusionOp,static,AI_VECTOR_CORE,1784811986605774.925	,3.380,0.060000,24,0,NO,"""8,1,3072;8,1,3072""",FLOAT16;FLOAT16,ND;ND,"""8,1,3072""",FLOAT16,ND,N/A,0.0,0,0.0,0.0,0.0,0.0,0.0,0.0,0.0,0.0,0.0,0.0,0.0,1.548,66853,0.163,0.106,0.162,0.104,0.287,0.185,0.171,0.11,0.137,0.000
0,2,2,250,6,MatMul_84,MatMul,static,AI_CORE,1784811986605778.325	,9.660,0.000000,22,0,NO,"""8,3072;1024,3072""",FLOAT16;FLOAT16,ND;ND,"""8,1024""",FLOAT16,ND,N/A,7.569,299718,1.461,0.193,1.394,0.184,1.92,0.254,5.602,0.74,0.182,0.024,0.002,0.0,0,0.0,0.0,0.0,0.0,0.0,0.0,0.0,0.0,0.0,71.821
0,2,2,251,6,InplaceAddRmsNorm_33,InplaceAddRmsNorm,static,AI_VECTOR_CORE,1784811986605788.005	,2.200,0.090000,8,0,NO,"""8,1,1024;8,1,1024;1024""",FLOAT16;FLOAT16;FLOAT16,ND;ND;ND,"""8,1,1024;8,1,1;8,1,1024""",FLOAT16;FLOAT;FLOAT16,ND;ND;ND,N/A,0.0,0,0.0,0.0,0.0,0.0,0.0,0.0,0.0,0.0,0.0,0.0,0.0,1.249,17989,0.282,0.226,0.717,0.574,0.258,0.206,0.36,0.288,0.013,0.000
0,2,2,252,6,MatMul_85,MatMul,static,AI_CORE,1784811986605790.245	,7.400,0.050000,23,0,NO,"""8,1024;2560,1024""",FLOAT16;FLOAT16,ND;ND,"""8,2560""",FLOAT16,ND,N/A,5.955,246550,0.643,0.108,0.31,0.052,1.235,0.207,4.045,0.679,0.227,0.038,0.04,0.0,0,0.0,0.0,0.0,0.0,0.0,0.0,0.0,0.0,0.0,77.124
0,2,2,253,6,SplitV_19,SplitVD,static,AI_VECTOR_CORE,1784811986605797.665	,1.560,0.100000,1,0,NO,"""8,1,2560""",FLOAT16,ND,"""8,1,2048;8,1,256;8,1,256""",FLOAT16;FLOAT16;FLOAT16,ND;ND;ND,N/A,0.0,0,0.0,0.0,0.0,0.0,0.0,0.0,0.0,0.0,0.0,0.0,0.0,0.967,1741,0.008,0.008,0.165,0.171,0.296,0.306,0.303,0.314,0.263,0.000
0,2,2,254,6,Scatter_35,Scatter,static,AI_VECTOR_CORE,1784811986605799.245	,2.180,0.000000,16,0,NO,"""8,2,1024,128;8;8,2,1,128""",FLOAT16;INT64;FLOAT16,NCHW;NCHW;NCHW,"""8,2,1024,128""",FLOAT16,NCHW,N/A,0.0,0,0.0,0.0,0.0,0.0,0.0,0.0,0.0,0.0,0.0,0.0,0.0,1.023,29469,0.008,0.008,0.225,0.22,0.109,0.107,0.336,0.329,0.096,0.000
0,2,2,255,6,ApplyRotaryPosEmb_17,ApplyRotaryPosEmb,static,AI_VECTOR_CORE,1784811986605801.465	,2.840,0.070000,8,0,NO,"""8,1,16,128;8,1,2,128;8,1,1,128;8,1,1,128""",FLOAT16;FLOAT16;FLOAT16;FLOAT16,NCHW;NCHW;NCHW;NCHW,"""8,1,16,128;8,1,2,128""",FLOAT16;FLOAT16,NCHW;NCHW,N/A,0.0,0,0.0,0.0,0.0,0.0,0.0,0.0,0.0,0.0,0.0,0.0,0.0,1.956,28164,0.154,0.079,1.145,0.585,0.128,0.065,0.137,0.07,0.033,0.000
0,2,2,256,6,Scatter_34,Scatter,static,AI_VECTOR_CORE,1784811986605804.345	,2.280,0.000000,16,0,NO,"""8,2,1024,128;8;8,2,1,128""",FLOAT16;INT64;FLOAT16,NCHW;NCHW;NCHW,"""8,2,1024,128""",FLOAT16,NCHW,N/A,0.0,0,0.0,0.0,0.0,0.0,0.0,0.0,0.0,0.0,0.0,0.0,0.0,1.038,29883,0.008,0.007,0.414,0.399,0.111,0.107,0.112,0.108,0.126,0.000
0,2,2,257,6,IncreFlashAttention_17,IncreFlashAttention,static,MIX_AIC,1784811986605807.865	,19.140,1.220000,16,32,NO,"""8,16,1,128;8,2,1024,128;8,2,1024,128;8,1,1,1024""",FLOAT16;FLOAT16;FLOAT16;BOOL,NCHW;NCHW;NCHW;NCHW,"""8,16,1,128""",FLOAT16,NCHW,0,17.876,514816,1.076,0.06,13.476,0.754,2.698,0.151,7.62,0.426,3.041,0.17,0.002,10.24,589830,0.719,0.07,2.825,0.276,0.194,0.019,0.453,0.044,0.007,62.262
0,2,2,258,6,MatMul_86,MatMul,static,AI_CORE,1784811986605827.945	,6.820,1.110000,22,0,NO,"""8,2048;1024,2048""",FLOAT16;FLOAT16,ND;ND,"""8,1024""",FLOAT16,ND,N/A,5.183,205259,0.974,0.188,1.115,0.215,1.297,0.25,3.459,0.667,0.224,0.043,0.0,0.0,0,0.0,0.0,0.0,0.0,0.0,0.0,0.0,0.0,0.0,69.668
0,2,2,259,6,InplaceAddRmsNorm_34,InplaceAddRmsNorm,static,AI_VECTOR_CORE,1784811986605834.785	,2.600,0.000000,8,0,NO,"""8,1,1024;8,1,1024;1024""",FLOAT16;FLOAT16;FLOAT16,ND;ND;ND,"""8,1,1024;8,1,1;8,1,1024""",FLOAT16;FLOAT;FLOAT16,ND;ND;ND,N/A,0.0,0,0.0,0.0,0.0,0.0,0.0,0.0,0.0,0.0,0.0,0.0,0.0,1.609,23171,0.282,0.175,0.462,0.287,0.368,0.228,0.359,0.223,0.07,0.000
0,2,2,260,6,MatMul_87,MatMul,static,AI_CORE,1784811986605837.405	,8.160,0.150000,24,0,NO,"""8,1024;3072,1024""",FLOAT16;FLOAT16,ND;ND,"""8,3072""",FLOAT16,ND,N/A,6.794,293481,0.538,0.079,0.226,0.033,1.302,0.192,5.188,0.764,0.171,0.025,0.11,0.0,0,0.0,0.0,0.0,0.0,0.0,0.0,0.0,0.0,0.0,83.254
0,2,2,261,6,MatMul_88,MatMul,static,AI_CORE,1784811986605845.585	,8.120,0.000000,24,0,NO,"""8,1024;3072,1024""",FLOAT16;FLOAT16,ND;ND,"""8,3072""",FLOAT16,ND,N/A,5.44,235000,0.538,0.099,0.435,0.08,1.31,0.241,4.128,0.759,0.16,0.029,0.0,0.0,0,0.0,0.0,0.0,0.0,0.0,0.0,0.0,0.0,0.0,66.993
0,2,2,262,6,Swish_17Mul_20,AutomaticBufferFusionOp,static,AI_VECTOR_CORE,1784811986605853.745	,3.920,0.130000,24,0,NO,"""8,1,3072;8,1,3072""",FLOAT16;FLOAT16,ND;ND,"""8,1,3072""",FLOAT16,ND,N/A,0.0,0,0.0,0.0,0.0,0.0,0.0,0.0,0.0,0.0,0.0,0.0,0.0,1.649,71218,0.163,0.099,0.161,0.098,0.165,0.1,0.133,0.081,0.135,0.000
0,2,2,263,6,MatMul_89,MatMul,static,AI_CORE,1784811986605857.685	,9.000,0.080000,22,0,NO,"""8,3072;1024,3072""",FLOAT16;FLOAT16,ND;ND,"""8,1024""",FLOAT16,ND,N/A,6.918,273964,1.462,0.211,0.79,0.114,1.92,0.278,5.558,0.803,0.171,0.025,0.002,0.0,0,0.0,0.0,0.0,0.0,0.0,0.0,0.0,0.0,0.0,70.464
0,2,2,264,6,InplaceAddRmsNorm_35,InplaceAddRmsNorm,static,AI_VECTOR_CORE,1784811986605866.705	,3.160,0.000000,8,0,NO,"""8,1,1024;8,1,1024;1024""",FLOAT16;FLOAT16;FLOAT16,ND;ND;ND,"""8,1,1024;8,1,1;8,1,1024""",FLOAT16;FLOAT;FLOAT16,ND;ND;ND,N/A,0.0,0,0.0,0.0,0.0,0.0,0.0,0.0,0.0,0.0,0.0,0.0,0.0,1.992,28686,0.283,0.142,0.472,0.237,0.276,0.139,0.359,0.18,0.232,0.000
0,2,2,265,6,MatMul_90,MatMul,static,AI_CORE,1784811986605869.885	,141.240,0.090000,24,0,NO,"""8,1024;103424,1024""",FLOAT16;FLOAT16,ND;ND,"""8,103424""",FLOAT16,ND,N/A,135.788,5866060,18.105,0.133,7.324,0.054,46.29,0.341,132.75,0.978,2.804,0.021,0.004,0.0,0,0.0,0.0,0.0,0.0,0.0,0.0,0.0,0.0,0.0,96.140
0,2,4294967295,802,3,aclnnInplaceCopy_CastAiCore_Cast,Cast,dynamic,AI_VECTOR_CORE,1784811986606029.645	,7.360,18.510000,48,0,NO,"""8,103424""",FLOAT16,ND,"""8,103424""",FLOAT,ND,N/A,0.0,0,0.0,0.0,0.0,0.0,0.0,0.0,0.0,0.0,0.0,0.0,0.0,5.895,509363,0.205,0.035,0.2,0.034,2.084,0.354,1.68,0.285,0.165,0.000
0,2,4294967295,803,3,aclnnArgMax_ArgMaxV2AiCore_ArgMaxV2,ArgMaxV2,dynamic,AI_VECTOR_CORE,1784811986606037.025	,15.000,0.000000,8,0,NO,"""8,103424;""",FLOAT;INT64,ND;ND,"""8,1""",INT32,ND,N/A,0.0,0,0.0,0.0,0.0,0.0,0.0,0.0,0.0,0.0,0.0,0.0,0.0,13.953,200921,7.397,0.53,1.745,0.125,3.905,0.28,0.127,0.009,0.06,0.000
0,2,4294967295,804,3,aclnnArgMax_CastAiCore_Cast,Cast,dynamic,AI_VECTOR_CORE,1784811986606052.045	,1.360,0.000000,1,0,NO,"""8,1""",INT32,ND,"""8,1""",INT64,ND,N/A,0.0,0,0.0,0.0,0.0,0.0,0.0,0.0,0.0,0.0,0.0,0.0,0.0,0.859,1546,0.023,0.027,0.281,0.327,0.101,0.117,0.11,0.128,0.163,0.000
0,2,4294967295,806,3,aclnnInplaceFillScalar_FillAiCore_Fill,Fill,dynamic,AI_VECTOR_CORE,1784811986606053.605	,2.140,0.140000,1,0,NO,"""2;""",INT64;INT64,ND;ND,"""8,1""",INT64,ND,N/A,0.0,0,0.0,0.0,0.0,0.0,0.0,0.0,0.0,0.0,0.0,0.0,0.0,1.634,2941,0.1,0.061,0.467,0.286,0.308,0.189,0.124,0.076,0.22,0.000
0,2,4294967295,807,3,aclnnSWhere_SelectV2AiCore_SelectV2,SelectV2,dynamic,AI_VECTOR_CORE,1784811986606055.785	,2.040,0.110000,1,0,NO,"""8,1;8,1;8,1""",BOOL;INT64;INT64,ND;ND;ND,"""8,1""",INT64,ND,N/A,0.0,0,0.0,0.0,0.0,0.0,0.0,0.0,0.0,0.0,0.0,0.0,0.0,1.566,2818,0.116,0.074,0.516,0.329,0.41,0.262,0.107,0.068,0.248,0.000
0,2,4294967295,808,3,aclnnAdds_AddAiCore_Add,Add,dynamic,AI_VECTOR_CORE,1784811986606057.845	,2.840,0.000000,1,0,NO,"""8;""",INT64;INT64,ND;ND,"""8""",INT64,ND,N/A,0.0,0,0.0,0.0,0.0,0.0,0.0,0.0,0.0,0.0,0.0,0.0,0.0,2.367,4261,0.306,0.129,0.607,0.257,0.458,0.194,0.118,0.05,0.214,0.000
0,2,4294967295,809,3,aclnnInplaceZero_ZerosLikeAiCore_ZerosLike,ZerosLike,dynamic,AI_VECTOR_CORE,1784811986606060.885	,1.860,0.410000,1,0,NO,"""8""",INT64,ND,"""8""",INT64,ND,N/A,0.0,0,0.0,0.0,0.0,0.0,0.0,0.0,0.0,0.0,0.0,0.0,0.0,1.362,2451,0.064,0.047,0.335,0.246,0.001,0.001,0.103,0.076,0.276,0.000
0,2,4294967295,810,3,aclnnSWhere_SelectV2AiCore_SelectV2,SelectV2,dynamic,AI_VECTOR_CORE,1784811986606134.225	,1.600,71.390000,1,0,NO,"""8;8;8""",BOOL;INT64;INT64,ND;ND;ND,"""8""",INT64,ND,N/A,0.0,0,0.0,0.0,0.0,0.0,0.0,0.0,0.0,0.0,0.0,0.0,0.0,1.097,1974,0.109,0.1,0.43,0.392,0.296,0.27,0.114,0.104,0.206,0.000
0,2,2,813,3,UpdateModelParam_static_bin,Data,dynamic,AI_VECTOR_CORE,1784811986607196.605	,3.880,1060.650000,1,0,NO,N/A,N/A,N/A,N/A,N/A,N/A,N/A,0.0,0,0.0,0.0,0.0,0.0,0.0,0.0,0.0,0.0,0.0,0.0,0.0,3.36,6048,0.978,0.291,1.61,0.479,0.641,0.191,0.175,0.052,0.155,0.000
0,2,2,0,6,GatherV2,GatherV2,static,AI_VECTOR_CORE,1784811986607228.525	,2.980,28.120000,8,0,NO,"""103424,1024;8,1;1""",FLOAT16;INT64;INT64,ND;ND;ND,"""8,1,1024""",FLOAT16,ND,N/A,0.0,0,0.0,0.0,0.0,0.0,0.0,0.0,0.0,0.0,0.0,0.0,0.0,1.721,24786,0.049,0.028,0.15,0.087,0.565,0.328,0.132,0.076,0.2,0.000
0,2,2,1,6,RmsNorm,RmsNorm,static,AI_VECTOR_CORE,1784811986607231.525	,6.080,0.020000,8,0,NO,"""8,1,1024;1024""",FLOAT16;FLOAT16,ND;ND,"""8,1,1024;8,1,1""",FLOAT16;FLOAT,ND;ND,N/A,0.0,0,0.0,0.0,0.0,0.0,0.0,0.0,0.0,0.0,0.0,0.0,0.0,5.052,72745,0.803,0.159,1.906,0.377,0.244,0.048,0.271,0.054,0.169,0.000
0,2,2,2,6,MatMul,MatMul,static,AI_CORE,1784811986607237.625	,9.280,0.000000,23,0,NO,"""8,1024;2560,1024""",FLOAT16;FLOAT16,ND;ND,"""8,2560""",FLOAT16,ND,N/A,6.841,283227,0.638,0.093,0.255,0.037,1.233,0.18,3.821,0.559,0.312,0.046,0.059,0.0,0,0.0,0.0,0.0,0.0,0.0,0.0,0.0,0.0,0.0,70.648
0,2,2,3,6,SplitV_2,SplitVD,static,AI_VECTOR_CORE,1784811986607246.925	,1.640,0.220000,1,0,NO,"""8,1,2560""",FLOAT16,ND,"""8,1,2048;8,1,256;8,1,256""",FLOAT16;FLOAT16;FLOAT16,ND;ND;ND,N/A,0.0,0,0.0,0.0,0.0,0.0,0.0,0.0,0.0,0.0,0.0,0.0,0.0,1.065,1917,0.008,0.007,0.152,0.142,0.293,0.275,0.305,0.286,0.263,0.000
0,2,2,4,6,Add,Add,static,AI_VECTOR_CORE,1784811986607248.605	,1.480,0.000000,1,0,NO,"""8,1;8,1""",INT64;INT64,NCHW;NCHW,"""8,1""",INT64,NCHW,N/A,0.0,0,0.0,0.0,0.0,0.0,0.0,0.0,0.0,0.0,0.0,0.0,0.0,0.891,1604,0.174,0.196,0.156,0.175,0.179,0.201,0.133,0.149,0.222,0.000
0,2,2,5,6,BroadcastTo,BroadcastTo,static,AI_VECTOR_CORE,1784811986607250.105	,1.440,0.020000,1,0,NO,"""1,8,1;3""",INT64;INT64,NCHW;NCHW,"""3,8,1""",INT64,NCHW,N/A,0.0,0,0.0,0.0,0.0,0.0,0.0,0.0,0.0,0.0,0.0,0.0,0.0,0.816,1469,0.018,0.022,0.136,0.167,0.118,0.144,0.182,0.223,0.238,0.000
0,2,2,6,6,Cast_1,Cast,static,AI_VECTOR_CORE,1784811986607251.565	,1.120,0.060000,1,0,NO,"""3,8,1,1""",INT64,NCHW,"""3,8,1,1""",FLOAT,NCHW,N/A,0.0,0,0.0,0.0,0.0,0.0,0.0,0.0,0.0,0.0,0.0,0.0,0.0,0.616,1109,0.018,0.03,0.121,0.196,0.133,0.216,0.117,0.189,0.263,0.000
0,2,2,7,6,Scatter_1,Scatter,static,AI_VECTOR_CORE,1784811986607252.705	,3.320,0.130000,16,0,NO,"""8,2,1024,128;8;8,2,1,128""",FLOAT16;INT64;FLOAT16,NCHW;NCHW;NCHW,"""8,2,1024,128""",FLOAT16,NCHW,N/A,0.0,0,0.0,0.0,0.0,0.0,0.0,0.0,0.0,0.0,0.0,0.0,0.0,1.605,46211,0.008,0.005,0.137,0.086,0.106,0.066,0.174,0.108,0.228,0.000
0,2,2,8,6,BroadcastTo_1,BroadcastTo,static,AI_VECTOR_CORE,1784811986607256.045	,7.380,0.000000,48,0,NO,"""1,1,64,1;4""",FLOAT;INT64,NCHW;NCHW,"""3,8,64,1""",FLOAT,NCHW,N/A,0.0,0,0.0,0.0,0.0,0.0,0.0,0.0,0.0,0.0,0.0,0.0,0.0,3.501,302506,0.008,0.002,0.12,0.034,0.111,0.032,0.106,0.03,0.273,0.000
0,2,2,9,6,Mul,Mul,static,AI_VECTOR_CORE,1784811986607263.445	,7.220,0.120000,48,0,NO,"""3,8,64,1;3,8,1,1""",FLOAT;FLOAT,NCHW;NCHW,"""3,8,64,1""",FLOAT,NCHW,N/A,0.0,0,0.0,0.0,0.0,0.0,0.0,0.0,0.0,0.0,0.0,0.0,0.0,3.551,306783,0.04,0.011,0.142,0.04,0.106,0.03,0.125,0.035,0.199,0.000
0,2,2,10,6,ConcatV2,ConcatV2D,static,AI_VECTOR_CORE,1784811986607270.705	,3.860,0.030000,1,0,NO,"""3,8,1,64;3,8,1,64""",FLOAT;FLOAT,NCHW;NCHW,"""3,8,1,128""",FLOAT,NCHW,N/A,0.0,0,0.0,0.0,0.0,0.0,0.0,0.0,0.0,0.0,0.0,0.0,0.0,3.388,6099,2.743,0.81,0.163,0.048,0.174,0.051,0.158,0.047,0.179,0.000
0,2,2,11,6,Cos,Cos,static,AI_VECTOR_CORE,1784811986607274.585	,2.440,0.000000,3,0,NO,"""3,8,1,128""",FLOAT,NCHW,"""3,8,1,128""",FLOAT,NCHW,N/A,0.0,0,0.0,0.0,0.0,0.0,0.0,0.0,0.0,0.0,0.0,0.0,0.0,1.792,9675,0.989,0.552,0.156,0.087,0.117,0.065,0.137,0.076,0.206,0.000
0,2,2,12,6,Mul_1Cast_5,Mul,static,AI_VECTOR_CORE,1784811986607277.065	,1.500,0.060000,3,0,NO,"""3,8,1,128;""",FLOAT;FLOAT,NCHW;NCHW,"""3,8,1,128""",FLOAT16,NCHW,N/A,0.0,0,0.0,0.0,0.0,0.0,0.0,0.0,0.0,0.0,0.0,0.0,0.0,0.819,4423,0.047,0.057,0.135,0.165,0.149,0.182,0.142,0.173,0.226,0.000
0,2,2,13,6,Sin,Sin,static,AI_VECTOR_CORE,1784811986607278.585	,2.500,0.000000,3,0,NO,"""3,8,1,128""",FLOAT,NCHW,"""3,8,1,128""",FLOAT,NCHW,N/A,0.0,0,0.0,0.0,0.0,0.0,0.0,0.0,0.0,0.0,0.0,0.0,0.0,1.866,10078,0.932,0.5,0.157,0.084,0.123,0.066,0.147,0.079,0.21,0.000
0,2,2,14,6,Mul_2Cast_6,Mul,static,AI_VECTOR_CORE,1784811986607281.125	,1.520,0.000000,3,0,NO,"""3,8,1,128;""",FLOAT;FLOAT,NCHW;NCHW,"""3,8,1,128""",FLOAT16,NCHW,N/A,0.0,0,0.0,0.0,0.0,0.0,0.0,0.0,0.0,0.0,0.0,0.0,0.0,0.774,4178,0.047,0.061,0.138,0.178,0.124,0.161,0.127,0.164,0.198,0.000
0,2,2,15,6,SplitV,SplitVD,static,AI_VECTOR_CORE,1784811986607282.665	,3.840,0.230000,1,0,NO,"""3,8,1,128""",FLOAT16,NCHW,"""3,8,1,16;3,8,1,24;3,8,1,24;3,8,1,16;3,8,1,24;3,8,1,24""",FLOAT16;FLOAT16;FLOAT16;FLOAT16;FLOAT16;FLOAT16,NCHW;NCHW;NCHW;NCHW;NCHW;NCHW,N/A,0.0,0,0.0,0.0,0.0,0.0,0.0,0.0,0.0,0.0,0.0,0.0,0.0,3.303,5946,2.234,0.676,0.334,0.101,0.124,0.038,0.714,0.216,0.171,0.000
0,2,2,16,6,GatherV2_1,GatherV2,static,AI_VECTOR_CORE,1784811986607286.525	,1.320,0.000000,1,0,NO,"""3,8,1,16;;1""",FLOAT16;INT64;INT64,NCHW;NCHW;NCHW,"""8,1,16""",FLOAT16,NCHW,N/A,0.0,0,0.0,0.0,0.0,0.0,0.0,0.0,0.0,0.0,0.0,0.0,0.0,0.785,1413,0.057,0.072,0.148,0.189,0.201,0.255,0.13,0.166,0.182,0.000
0,2,2,17,6,GatherV2_4,GatherV2,static,AI_VECTOR_CORE,1784811986607287.865	,1.160,0.000000,1,0,NO,"""3,8,1,16;;1""",FLOAT16;INT64;INT64,NCHW;NCHW;NCHW,"""8,1,16""",FLOAT16,NCHW,N/A,0.0,0,0.0,0.0,0.0,0.0,0.0,0.0,0.0,0.0,0.0,0.0,0.0,0.594,1070,0.057,0.095,0.167,0.281,0.114,0.193,0.121,0.203,0.182,0.000
0,2,2,18,6,GatherV2_2,GatherV2,static,AI_VECTOR_CORE,1784811986607289.045	,1.400,0.090000,1,0,NO,"""3,8,1,24;;1""",FLOAT16;INT64;INT64,NCHW;NCHW;NCHW,"""8,1,24""",FLOAT16,NCHW,N/A,0.0,0,0.0,0.0,0.0,0.0,0.0,0.0,0.0,0.0,0.0,0.0,0.0,0.841,1513,0.057,0.068,0.169,0.202,0.203,0.241,0.174,0.207,0.182,0.000
0,2,2,19,6,GatherV2_3,GatherV2,static,AI_VECTOR_CORE,1784811986607290.465	,1.300,0.100000,1,0,NO,"""3,8,1,24;;1""",FLOAT16;INT64;INT64,NCHW;NCHW;NCHW,"""8,1,24""",FLOAT16,NCHW,N/A,0.0,0,0.0,0.0,0.0,0.0,0.0,0.0,0.0,0.0,0.0,0.0,0.0,0.711,1280,0.057,0.08,0.163,0.229,0.198,0.279,0.157,0.22,0.182,0.000
0,2,2,20,6,GatherV2_5,GatherV2,static,AI_VECTOR_CORE,1784811986607291.785	,1.200,0.000000,1,0,NO,"""3,8,1,24;;1""",FLOAT16;INT64;INT64,NCHW;NCHW;NCHW,"""8,1,24""",FLOAT16,NCHW,N/A,0.0,0,0.0,0.0,0.0,0.0,0.0,0.0,0.0,0.0,0.0,0.0,0.0,0.629,1132,0.057,0.091,0.163,0.26,0.108,0.172,0.163,0.26,0.182,0.000
0,2,2,21,6,GatherV2_6,GatherV2,static,AI_VECTOR_CORE,1784811986607293.005	,1.220,0.050000,1,0,NO,"""3,8,1,24;;1""",FLOAT16;INT64;INT64,NCHW;NCHW;NCHW,"""8,1,24""",FLOAT16,NCHW,N/A,0.0,0,0.0,0.0,0.0,0.0,0.0,0.0,0.0,0.0,0.0,0.0,0.0,0.699,1259,0.057,0.082,0.163,0.234,0.131,0.187,0.187,0.268,0.182,0.000
0,2,2,22,6,SplitV_1,SplitVD,static,AI_VECTOR_CORE,1784811986607294.245	,3.820,0.030000,1,0,NO,"""3,8,1,128""",FLOAT16,NCHW,"""3,8,1,16;3,8,1,24;3,8,1,24;3,8,1,16;3,8,1,24;3,8,1,24""",FLOAT16;FLOAT16;FLOAT16;FLOAT16;FLOAT16;FLOAT16,NCHW;NCHW;NCHW;NCHW;NCHW;NCHW,N/A,0.0,0,0.0,0.0,0.0,0.0,0.0,0.0,0.0,0.0,0.0,0.0,0.0,3.31,5958,2.234,0.675,0.359,0.108,0.138,0.042,0.792,0.239,0.177,0.000
0,2,2,23,6,GatherV2_10,GatherV2,static,AI_VECTOR_CORE,1784811986607298.085	,1.120,0.000000,1,0,NO,"""3,8,1,16;;1""",FLOAT16;INT64;INT64,NCHW;NCHW;NCHW,"""8,1,16""",FLOAT16,NCHW,N/A,0.0,0,0.0,0.0,0.0,0.0,0.0,0.0,0.0,0.0,0.0,0.0,0.0,0.592,1065,0.057,0.096,0.151,0.255,0.104,0.176,0.117,0.197,0.182,0.000
0,2,2,24,6,GatherV2_7,GatherV2,static,AI_VECTOR_CORE,1784811986607299.225	,1.120,0.130000,1,0,NO,"""3,8,1,16;;1""",FLOAT16;INT64;INT64,NCHW;NCHW;NCHW,"""8,1,16""",FLOAT16,NCHW,N/A,0.0,0,0.0,0.0,0.0,0.0,0.0,0.0,0.0,0.0,0.0,0.0,0.0,0.609,1096,0.057,0.093,0.173,0.284,0.12,0.197,0.117,0.193,0.182,0.000
0,2,2,25,6,GatherV2_11,GatherV2,static,AI_VECTOR_CORE,1784811986607300.385	,1.180,0.130000,1,0,NO,"""3,8,1,24;;1""",FLOAT16;INT64;INT64,NCHW;NCHW;NCHW,"""8,1,24""",FLOAT16,NCHW,N/A,0.0,0,0.0,0.0,0.0,0.0,0.0,0.0,0.0,0.0,0.0,0.0,0.0,0.658,1185,0.057,0.087,0.157,0.239,0.123,0.186,0.163,0.247,0.182,0.000
0,2,2,26,6,GatherV2_12,GatherV2,static,AI_VECTOR_CORE,1784811986607301.585	,1.240,0.000000,1,0,NO,"""3,8,1,24;;1""",FLOAT16;INT64;INT64,NCHW;NCHW;NCHW,"""8,1,24""",FLOAT16,NCHW,N/A,0.0,0,0.0,0.0,0.0,0.0,0.0,0.0,0.0,0.0,0.0,0.0,0.0,0.706,1271,0.057,0.081,0.198,0.28,0.124,0.175,0.169,0.24,0.182,0.000
0,2,2,27,6,GatherV2_8,GatherV2,static,AI_VECTOR_CORE,1784811986607302.845	,1.200,0.010000,1,0,NO,"""3,8,1,24;;1""",FLOAT16;INT64;INT64,NCHW;NCHW;NCHW,"""8,1,24""",FLOAT16,NCHW,N/A,0.0,0,0.0,0.0,0.0,0.0,0.0,0.0,0.0,0.0,0.0,0.0,0.0,0.652,1174,0.057,0.088,0.169,0.259,0.123,0.189,0.154,0.236,0.182,0.000
0,2,2,28,6,GatherV2_9,GatherV2,static,AI_VECTOR_CORE,1784811986607304.065	,1.220,0.050000,1,0,NO,"""3,8,1,24;;1""",FLOAT16;INT64;INT64,NCHW;NCHW;NCHW,"""8,1,24""",FLOAT16,NCHW,N/A,0.0,0,0.0,0.0,0.0,0.0,0.0,0.0,0.0,0.0,0.0,0.0,0.0,0.677,1219,0.057,0.084,0.209,0.309,0.112,0.165,0.15,0.221,0.182,0.000
0,2,2,29,6,ConcatV2_1,ConcatV2D,static,AI_VECTOR_CORE,1784811986607305.305	,3.600,0.030000,1,0,NO,"""8,1,16;8,1,24;8,1,24;8,1,16;8,1,24;8,1,24""",FLOAT16;FLOAT16;FLOAT16;FLOAT16;FLOAT16;FLOAT16,NCHW;NCHW;NCHW;NCHW;NCHW;NCHW,"""8,1,128""",FLOAT16,NCHW,N/A,0.0,0,0.0,0.0,0.0,0.0,0.0,0.0,0.0,0.0,0.0,0.0,0.0,3.041,5473,2.359,0.776,0.294,0.097,0.142,0.047,0.137,0.045,0.179,0.000
0,2,2,30,6,ConcatV2_2,ConcatV2D,static,AI_VECTOR_CORE,1784811986607308.925	,3.460,0.150000,1,0,NO,"""8,1,16;8,1,24;8,1,24;8,1,16;8,1,24;8,1,24""",FLOAT16;FLOAT16;FLOAT16;FLOAT16;FLOAT16;FLOAT16,NCHW;NCHW;NCHW;NCHW;NCHW;NCHW,"""8,1,128""",FLOAT16,NCHW,N/A,0.0,0,0.0,0.0,0.0,0.0,0.0,0.0,0.0,0.0,0.0,0.0,0.0,2.895,5211,2.359,0.815,0.258,0.089,0.149,0.051,0.122,0.042,0.173,0.000
0,2,2,31,6,ApplyRotaryPosEmb,ApplyRotaryPosEmb,static,AI_VECTOR_CORE,1784811986607312.405	,4.260,0.040000,8,0,NO,"""8,1,16,128;8,1,2,128;8,1,1,128;8,1,1,128""",FLOAT16;FLOAT16;FLOAT16;FLOAT16,NCHW;NCHW;NCHW;NCHW,"""8,1,16,128;8,1,2,128""",FLOAT16;FLOAT16,NCHW;NCHW,N/A,0.0,0,0.0,0.0,0.0,0.0,0.0,0.0,0.0,0.0,0.0,0.0,0.0,3.298,47490,0.159,0.048,1.419,0.43,0.151,0.046,0.153,0.046,0.166,0.000
0,2,2,32,6,Scatter,Scatter,static,AI_VECTOR_CORE,1784811986607316.685	,2.360,0.000000,16,0,NO,"""8,2,1024,128;8;8,2,1,128""",FLOAT16;INT64;FLOAT16,NCHW;NCHW;NCHW,"""8,2,1024,128""",FLOAT16,NCHW,N/A,0.0,0,0.0,0.0,0.0,0.0,0.0,0.0,0.0,0.0,0.0,0.0,0.0,1.326,38183,0.008,0.006,0.239,0.18,0.106,0.08,0.838,0.632,0.062,0.000
0,2,2,33,6,Range,Range,static,AI_VECTOR_CORE,1784811986607319.065	,7.620,0.000000,48,0,NO,""";;""",INT32;FLOAT;INT32,NCHW;NCHW;NCHW,"""1024""",FLOAT,NCHW,N/A,0.0,0,0.0,0.0,0.0,0.0,0.0,0.0,0.0,0.0,0.0,0.0,0.0,4.482,387248,0.073,0.016,0.295,0.066,0.001,0.0,0.646,0.144,0.222,0.000
0,2,2,34,6,Cast,Cast,static,AI_VECTOR_CORE,1784811986607326.725	,1.300,0.130000,2,0,NO,"""1024""",FLOAT,NCHW,"""1024""",INT64,NCHW,N/A,0.0,0,0.0,0.0,0.0,0.0,0.0,0.0,0.0,0.0,0.0,0.0,0.0,0.685,2466,0.031,0.045,0.103,0.15,0.114,0.166,0.138,0.201,0.271,0.000
0,2,2,35,6,Greater,Greater,static,AI_VECTOR_CORE,1784811986607328.065	,7.360,0.000000,32,0,NO,"""1,1024;8,1""",INT64;INT64,NCHW;NCHW,"""8,1024""",BOOL,NCHW,N/A,0.0,0,0.0,0.0,0.0,0.0,0.0,0.0,0.0,0.0,0.0,0.0,0.0,4.499,259121,0.829,0.184,0.447,0.099,0.464,0.103,0.153,0.034,0.164,0.000
0,2,2,36,6,IncreFlashAttention,IncreFlashAttention,static,MIX_AIC,1784811986607336.685	,27.440,1.390000,16,32,NO,"""8,16,1,128;8,2,1024,128;8,2,1024,128;8,1,1,1024""",FLOAT16;FLOAT16;FLOAT16;BOOL,NCHW;NCHW;NCHW;NCHW,"""8,16,1,128""",FLOAT16,NCHW,0,24.206,697123,1.076,0.044,16.468,0.68,2.698,0.111,8.182,0.338,3.351,0.138,0.048,15.405,887352,0.719,0.047,3.697,0.24,0.328,0.021,0.547,0.035,0.141,58.809
0,2,2,37,6,MatMul_1,MatMul,static,AI_CORE,1784811986607365.365	,8.860,1.060000,22,0,NO,"""8,2048;1024,2048""",FLOAT16;FLOAT16,ND;ND,"""8,1024""",FLOAT16,ND,N/A,6.786,268733,0.974,0.144,0.672,0.099,1.29,0.19,3.711,0.547,0.272,0.04,0.033,0.0,0,0.0,0.0,0.0,0.0,0.0,0.0,0.0,0.0,0.0,70.211
0,2,2,38,6,InplaceAddRmsNorm,InplaceAddRmsNorm,static,AI_VECTOR_CORE,1784811986607374.245	,4.060,0.140000,8,0,NO,"""8,1,1024;8,1,1024;1024""",FLOAT16;FLOAT16;FLOAT16,ND;ND;ND,"""8,1,1024;8,1,1;8,1,1024""",FLOAT16;FLOAT;FLOAT16,ND;ND;ND,N/A,0.0,0,0.0,0.0,0.0,0.0,0.0,0.0,0.0,0.0,0.0,0.0,0.0,2.965,42698,0.282,0.095,1.131,0.381,0.449,0.151,0.368,0.124,0.224,0.000
0,2,2,39,6,MatMul_2,MatMul,static,AI_CORE,1784811986607378.325	,9.760,0.000000,24,0,NO,"""8,1024;3072,1024""",FLOAT16;FLOAT16,ND;ND,"""8,3072""",FLOAT16,ND,N/A,7.305,315561,0.538,0.074,0.193,0.026,1.311,0.179,4.071,0.557,0.258,0.035,0.199,0.0,0,0.0,0.0,0.0,0.0,0.0,0.0,0.0,0.0,0.0,74.843
0,2,2,40,6,MatMul_3,MatMul,static,AI_CORE,1784811986607388.105	,8.420,0.000000,24,0,NO,"""8,1024;3072,1024""",FLOAT16;FLOAT16,ND;ND,"""8,3072""",FLOAT16,ND,N/A,5.982,258431,0.538,0.09,0.406,0.068,1.31,0.219,4.692,0.784,0.163,0.027,0.0,0.0,0,0.0,0.0,0.0,0.0,0.0,0.0,0.0,0.0,0.0,71.047
0,2,2,41,6,SwishMul_3,AutomaticBufferFusionOp,static,AI_VECTOR_CORE,1784811986607396.545	,4.660,0.080000,24,0,NO,"""8,1,3072;8,1,3072""",FLOAT16;FLOAT16,ND;ND,"""8,1,3072""",FLOAT16,ND,N/A,0.0,0,0.0,0.0,0.0,0.0,0.0,0.0,0.0,0.0,0.0,0.0,0.0,2.501,108044,0.163,0.065,0.171,0.068,0.346,0.138,0.139,0.055,0.202,0.000
0,2,2,42,6,MatMul_4,MatMul,static,AI_CORE,1784811986607401.225	,10.920,0.090000,22,0,NO,"""8,3072;1024,3072""",FLOAT16;FLOAT16,ND;ND,"""8,1024""",FLOAT16,ND,N/A,8.47,335395,1.461,0.173,0.61,0.072,1.931,0.228,5.478,0.647,0.167,0.02,0.026,0.0,0,0.0,0.0,0.0,0.0,0.0,0.0,0.0,0.0,0.0,71.097
0,2,2,43,6,InplaceAddRmsNorm_1,InplaceAddRmsNorm,static,AI_VECTOR_CORE,1784811986607412.165	,3.160,0.080000,8,0,NO,"""8,1,1024;8,1,1024;1024""",FLOAT16;FLOAT16;FLOAT16,ND;ND;ND,"""8,1,1024;8,1,1;8,1,1024""",FLOAT16;FLOAT;FLOAT16,ND;ND;ND,N/A,0.0,0,0.0,0.0,0.0,0.0,0.0,0.0,0.0,0.0,0.0,0.0,0.0,2.046,29464,0.283,0.138,0.764,0.373,0.38,0.186,0.353,0.172,0.216,0.000
0,2,2,44,6,MatMul_5,MatMul,static,AI_CORE,1784811986607415.345	,8.060,0.000000,23,0,NO,"""8,1024;2560,1024""",FLOAT16;FLOAT16,ND;ND,"""8,2560""",FLOAT16,ND,N/A,5.936,245763,0.647,0.109,0.298,0.05,1.242,0.209,4.269,0.719,0.215,0.036,0.038,0.0,0,0.0,0.0,0.0,0.0,0.0,0.0,0.0,0.0,0.0,70.583
0,2,2,45,6,SplitV_3,SplitVD,static,AI_VECTOR_CORE,1784811986607423.425	,1.740,0.190000,1,0,NO,"""8,1,2560""",FLOAT16,ND,"""8,1,2048;8,1,256;8,1,256""",FLOAT16;FLOAT16;FLOAT16,ND;ND;ND,N/A,0.0,0,0.0,0.0,0.0,0.0,0.0,0.0,0.0,0.0,0.0,0.0,0.0,1.2,2160,0.008,0.006,0.309,0.258,0.29,0.242,0.306,0.255,0.263,0.000
0,2,2,46,6,Scatter_3,Scatter,static,AI_VECTOR_CORE,1784811986607425.205	,3.220,0.010000,16,0,NO,"""8,2,1024,128;8;8,2,1,128""",FLOAT16;INT64;FLOAT16,NCHW;NCHW;NCHW,"""8,2,1024,128""",FLOAT16,NCHW,N/A,0.0,0,0.0,0.0,0.0,0.0,0.0,0.0,0.0,0.0,0.0,0.0,0.0,1.935,55719,0.008,0.004,0.309,0.16,0.213,0.11,0.258,0.133,0.191,0.000
0,2,2,47,6,ApplyRotaryPosEmb_1,ApplyRotaryPosEmb,static,AI_VECTOR_CORE,1784811986607428.465	,3.900,0.030000,8,0,NO,"""8,1,16,128;8,1,2,128;8,1,1,128;8,1,1,128""",FLOAT16;FLOAT16;FLOAT16;FLOAT16,NCHW;NCHW;NCHW;NCHW,"""8,1,16,128;8,1,2,128""",FLOAT16;FLOAT16,NCHW;NCHW,N/A,0.0,0,0.0,0.0,0.0,0.0,0.0,0.0,0.0,0.0,0.0,0.0,0.0,2.555,36798,0.155,0.06,2.088,0.817,0.139,0.054,0.142,0.055,0.068,0.000
0,2,2,48,6,Scatter_2,Scatter,static,AI_VECTOR_CORE,1784811986607432.385	,3.240,0.100000,16,0,NO,"""8,2,1024,128;8;8,2,1,128""",FLOAT16;INT64;FLOAT16,NCHW;NCHW;NCHW,"""8,2,1024,128""",FLOAT16,NCHW,N/A,0.0,0,0.0,0.0,0.0,0.0,0.0,0.0,0.0,0.0,0.0,0.0,0.0,2.042,58812,0.008,0.004,0.189,0.093,0.386,0.189,0.476,0.233,0.225,0.000
0,2,2,49,6,IncreFlashAttention_1,IncreFlashAttention,static,MIX_AIC,1784811986607436.785	,23.460,1.010000,16,32,NO,"""8,16,1,128;8,2,1024,128;8,2,1024,128;8,1,1,1024""",FLOAT16;FLOAT16;FLOAT16;BOOL,NCHW;NCHW;NCHW;NCHW,"""8,16,1,128""",FLOAT16,NCHW,0,21.491,618933,1.076,0.05,16.463,0.766,2.699,0.126,7.903,0.368,2.998,0.14,0.023,13.448,774588,0.72,0.054,3.597,0.267,0.207,0.015,0.461,0.034,0.085,61.071
0,2,2,50,6,MatMul_6,MatMul,static,AI_CORE,1784811986607461.165	,7.640,1.040000,22,0,NO,"""8,2048;1024,2048""",FLOAT16;FLOAT16,ND;ND,"""8,1024""",FLOAT16,ND,N/A,5.809,230038,0.974,0.168,1.043,0.18,1.298,0.224,4.184,0.72,0.176,0.03,0.003,0.0,0,0.0,0.0,0.0,0.0,0.0,0.0,0.0,0.0,0.0,69.698
0,2,2,51,6,InplaceAddRmsNorm_2,InplaceAddRmsNorm,static,AI_VECTOR_CORE,1784811986607468.845	,3.360,0.000000,8,0,NO,"""8,1,1024;8,1,1024;1024""",FLOAT16;FLOAT16;FLOAT16,ND;ND;ND,"""8,1,1024;8,1,1;8,1,1024""",FLOAT16;FLOAT;FLOAT16,ND;ND;ND,N/A,0.0,0,0.0,0.0,0.0,0.0,0.0,0.0,0.0,0.0,0.0,0.0,0.0,2.214,31876,0.282,0.127,0.511,0.231,0.566,0.256,0.384,0.173,0.219,0.000
0,2,2,52,6,MatMul_7,MatMul,static,AI_CORE,1784811986607472.225	,8.820,0.140000,24,0,NO,"""8,1024;3072,1024""",FLOAT16;FLOAT16,ND;ND,"""8,3072""",FLOAT16,ND,N/A,6.763,292147,0.538,0.08,0.233,0.034,1.298,0.192,5.212,0.771,0.176,0.026,0.121,0.0,0,0.0,0.0,0.0,0.0,0.0,0.0,0.0,0.0,0.0,76.674
0,2,2,53,6,MatMul_8,MatMul,static,AI_CORE,1784811986607481.085	,8.700,0.000000,24,0,NO,"""8,1024;3072,1024""",FLOAT16;FLOAT16,ND;ND,"""8,3072""",FLOAT16,ND,N/A,6.082,262748,0.538,0.088,0.402,0.066,1.311,0.216,4.792,0.788,0.168,0.028,0.0,0.0,0,0.0,0.0,0.0,0.0,0.0,0.0,0.0,0.0,0.0,69.910
0,2,2,54,6,Swish_1Mul_4,AutomaticBufferFusionOp,static,AI_VECTOR_CORE,1784811986607489.805	,3.400,0.050000,24,0,NO,"""8,1,3072;8,1,3072""",FLOAT16;FLOAT16,ND;ND,"""8,1,3072""",FLOAT16,ND,N/A,0.0,0,0.0,0.0,0.0,0.0,0.0,0.0,0.0,0.0,0.0,0.0,0.0,1.502,64903,0.163,0.108,0.158,0.105,0.279,0.186,0.131,0.087,0.144,0.000
0,2,2,55,6,MatMul_9,MatMul,static,AI_CORE,1784811986607493.225	,10.200,0.100000,22,0,NO,"""8,3072;1024,3072""",FLOAT16;FLOAT16,ND;ND,"""8,1024""",FLOAT16,ND,N/A,8.112,321221,1.461,0.18,0.621,0.076,1.93,0.238,6.469,0.798,0.199,0.025,0.015,0.0,0,0.0,0.0,0.0,0.0,0.0,0.0,0.0,0.0,0.0,72.899
0,2,2,56,6,InplaceAddRmsNorm_3,InplaceAddRmsNorm,static,AI_VECTOR_CORE,1784811986607503.445	,2.300,0.050000,8,0,NO,"""8,1,1024;8,1,1024;1024""",FLOAT16;FLOAT16;FLOAT16,ND;ND;ND,"""8,1,1024;8,1,1;8,1,1024""",FLOAT16;FLOAT;FLOAT16,ND;ND;ND,N/A,0.0,0,0.0,0.0,0.0,0.0,0.0,0.0,0.0,0.0,0.0,0.0,0.0,1.2,17284,0.282,0.235,0.618,0.515,0.312,0.26,0.36,0.3,0.034,0.000
0,2,2,57,6,MatMul_10,MatMul,static,AI_CORE,1784811986607505.765	,8.540,0.000000,23,0,NO,"""8,1024;2560,1024""",FLOAT16;FLOAT16,ND;ND,"""8,2560""",FLOAT16,ND,N/A,6.231,257970,0.645,0.103,0.31,0.05,1.241,0.199,4.54,0.729,0.23,0.037,0.039,0.0,0,0.0,0.0,0.0,0.0,0.0,0.0,0.0,0.0,0.0,69.924
0,2,2,58,6,SplitV_4,SplitVD,static,AI_VECTOR_CORE,1784811986607514.325	,1.380,0.000000,1,0,NO,"""8,1,2560""",FLOAT16,ND,"""8,1,2048;8,1,256;8,1,256""",FLOAT16;FLOAT16;FLOAT16,ND;ND;ND,N/A,0.0,0,0.0,0.0,0.0,0.0,0.0,0.0,0.0,0.0,0.0,0.0,0.0,0.888,1599,0.008,0.009,0.152,0.171,0.286,0.321,0.322,0.362,0.263,0.000
0,2,2,59,6,Scatter_5,Scatter,static,AI_VECTOR_CORE,1784811986607515.725	,2.220,0.120000,16,0,NO,"""8,2,1024,128;8;8,2,1,128""",FLOAT16;INT64;FLOAT16,NCHW;NCHW;NCHW,"""8,2,1024,128""",FLOAT16,NCHW,N/A,0.0,0,0.0,0.0,0.0,0.0,0.0,0.0,0.0,0.0,0.0,0.0,0.0,1.21,34835,0.008,0.006,0.235,0.194,0.107,0.089,0.62,0.513,0.081,0.000
0,2,2,60,6,ApplyRotaryPosEmb_2,ApplyRotaryPosEmb,static,AI_VECTOR_CORE,1784811986607517.965	,4.160,0.030000,8,0,NO,"""8,1,16,128;8,1,2,128;8,1,1,128;8,1,1,128""",FLOAT16;FLOAT16;FLOAT16;FLOAT16,NCHW;NCHW;NCHW;NCHW,"""8,1,16,128;8,1,2,128""",FLOAT16;FLOAT16,NCHW;NCHW,N/A,0.0,0,0.0,0.0,0.0,0.0,0.0,0.0,0.0,0.0,0.0,0.0,0.0,2.716,39107,0.158,0.058,1.407,0.518,0.139,0.051,0.141,0.052,0.156,0.000
0,2,2,61,6,Scatter_4,Scatter,static,AI_VECTOR_CORE,1784811986607522.165	,2.800,0.090000,16,0,NO,"""8,2,1024,128;8;8,2,1,128""",FLOAT16;INT64;FLOAT16,NCHW;NCHW;NCHW,"""8,2,1024,128""",FLOAT16,NCHW,N/A,0.0,0,0.0,0.0,0.0,0.0,0.0,0.0,0.0,0.0,0.0,0.0,0.0,1.37,39447,0.008,0.006,0.13,0.095,0.113,0.082,0.478,0.349,0.154,0.000
0,2,2,62,6,IncreFlashAttention_2,IncreFlashAttention,static,MIX_AIC,1784811986607525.985	,22.740,0.950000,16,32,NO,"""8,16,1,128;8,2,1024,128;8,2,1024,128;8,1,1,1024""",FLOAT16;FLOAT16;FLOAT16;BOOL,NCHW;NCHW;NCHW;NCHW,"""8,16,1,128""",FLOAT16,NCHW,0,20.877,601253,1.076,0.052,14.754,0.707,2.698,0.129,8.196,0.393,3.025,0.145,0.002,13.027,750337,0.719,0.055,4.91,0.377,0.194,0.015,0.445,0.034,0.019,61.204
0,2,2,63,6,MatMul_11,MatMul,static,AI_CORE,1784811986607549.705	,7.260,1.010000,22,0,NO,"""8,2048;1024,2048""",FLOAT16;FLOAT16,ND;ND,"""8,1024""",FLOAT16,ND,N/A,5.516,218422,0.975,0.177,0.648,0.118,1.3,0.236,4.295,0.779,0.177,0.032,0.0,0.0,0,0.0,0.0,0.0,0.0,0.0,0.0,0.0,0.0,0.0,69.643
0,2,2,64,6,InplaceAddRmsNorm_4,InplaceAddRmsNorm,static,AI_VECTOR_CORE,1784811986607556.985	,2.940,0.000000,8,0,NO,"""8,1,1024;8,1,1024;1024""",FLOAT16;FLOAT16;FLOAT16,ND;ND;ND,"""8,1,1024;8,1,1;8,1,1024""",FLOAT16;FLOAT;FLOAT16,ND;ND;ND,N/A,0.0,0,0.0,0.0,0.0,0.0,0.0,0.0,0.0,0.0,0.0,0.0,0.0,1.723,24814,0.282,0.164,0.449,0.26,0.494,0.286,0.367,0.213,0.119,0.000
0,2,2,65,6,MatMul_12,MatMul,static,AI_CORE,1784811986607559.965	,8.880,0.060000,24,0,NO,"""8,1024;3072,1024""",FLOAT16;FLOAT16,ND;ND,"""8,3072""",FLOAT16,ND,N/A,6.579,284216,0.538,0.082,0.223,0.034,1.307,0.199,5.022,0.763,0.16,0.024,0.12,0.0,0,0.0,0.0,0.0,0.0,0.0,0.0,0.0,0.0,0.0,74.089
0,2,2,66,6,MatMul_13,MatMul,static,AI_CORE,1784811986607568.865	,8.860,0.000000,24,0,NO,"""8,1024;3072,1024""",FLOAT16;FLOAT16,ND;ND,"""8,3072""",FLOAT16,ND,N/A,6.462,279148,0.538,0.083,0.846,0.131,1.305,0.202,4.748,0.735,0.173,0.027,0.0,0.0,0,0.0,0.0,0.0,0.0,0.0,0.0,0.0,0.0,0.0,72.932
0,2,2,67,6,Swish_2Mul_5,AutomaticBufferFusionOp,static,AI_VECTOR_CORE,1784811986607577.745	,3.480,0.140000,24,0,NO,"""8,1,3072;8,1,3072""",FLOAT16;FLOAT16,ND;ND,"""8,1,3072""",FLOAT16,ND,N/A,0.0,0,0.0,0.0,0.0,0.0,0.0,0.0,0.0,0.0,0.0,0.0,0.0,1.57,67805,0.163,0.104,0.172,0.11,0.285,0.181,0.155,0.099,0.145,0.000
0,2,2,68,6,MatMul_14,MatMul,static,AI_CORE,1784811986607581.245	,9.640,0.020000,22,0,NO,"""8,3072;1024,3072""",FLOAT16;FLOAT16,ND;ND,"""8,1024""",FLOAT16,ND,N/A,7.457,295299,1.461,0.196,0.814,0.109,1.935,0.26,5.796,0.777,0.169,0.023,0.011,0.0,0,0.0,0.0,0.0,0.0,0.0,0.0,0.0,0.0,0.0,70.909
0,2,2,69,6,InplaceAddRmsNorm_5,InplaceAddRmsNorm,static,AI_VECTOR_CORE,1784811986607590.905	,1.800,0.110000,8,0,NO,"""8,1,1024;8,1,1024;1024""",FLOAT16;FLOAT16;FLOAT16,ND;ND;ND,"""8,1,1024;8,1,1;8,1,1024""",FLOAT16;FLOAT;FLOAT16,ND;ND;ND,N/A,0.0,0,0.0,0.0,0.0,0.0,0.0,0.0,0.0,0.0,0.0,0.0,0.0,1.068,15379,0.282,0.264,0.543,0.508,0.311,0.292,0.358,0.335,0.034,0.000
0,2,2,70,6,MatMul_15,MatMul,static,AI_CORE,1784811986607592.725	,8.160,0.000000,23,0,NO,"""8,1024;2560,1024""",FLOAT16;FLOAT16,ND;ND,"""8,2560""",FLOAT16,ND,N/A,6.066,251128,0.638,0.105,0.313,0.052,1.241,0.205,4.371,0.721,0.232,0.038,0.038,0.0,0,0.0,0.0,0.0,0.0,0.0,0.0,0.0,0.0,0.0,71.240
0,2,2,71,6,SplitV_5,SplitVD,static,AI_VECTOR_CORE,1784811986607600.905	,1.340,0.090000,1,0,NO,"""8,1,2560""",FLOAT16,ND,"""8,1,2048;8,1,256;8,1,256""",FLOAT16;FLOAT16;FLOAT16,ND;ND;ND,N/A,0.0,0,0.0,0.0,0.0,0.0,0.0,0.0,0.0,0.0,0.0,0.0,0.0,0.866,1559,0.008,0.009,0.148,0.171,0.288,0.333,0.297,0.343,0.263,0.000
0,2,2,72,6,Scatter_7,Scatter,static,AI_VECTOR_CORE,1784811986607602.265	,2.100,0.000000,16,0,NO,"""8,2,1024,128;8;8,2,1,128""",FLOAT16;INT64;FLOAT16,NCHW;NCHW;NCHW,"""8,2,1024,128""",FLOAT16,NCHW,N/A,0.0,0,0.0,0.0,0.0,0.0,0.0,0.0,0.0,0.0,0.0,0.0,0.0,1.041,29994,0.008,0.007,0.243,0.233,0.109,0.105,0.454,0.436,0.086,0.000
0,2,2,73,6,ApplyRotaryPosEmb_3,ApplyRotaryPosEmb,static,AI_VECTOR_CORE,1784811986607604.385	,4.160,0.150000,8,0,NO,"""8,1,16,128;8,1,2,128;8,1,1,128;8,1,1,128""",FLOAT16;FLOAT16;FLOAT16;FLOAT16,NCHW;NCHW;NCHW;NCHW,"""8,1,16,128;8,1,2,128""",FLOAT16;FLOAT16,NCHW;NCHW,N/A,0.0,0,0.0,0.0,0.0,0.0,0.0,0.0,0.0,0.0,0.0,0.0,0.0,3.013,43392,0.161,0.053,1.404,0.466,0.144,0.048,0.145,0.048,0.158,0.000
0,2,2,74,6,Scatter_6,Scatter,static,AI_VECTOR_CORE,1784811986607608.565	,1.960,0.000000,16,0,NO,"""8,2,1024,128;8;8,2,1,128""",FLOAT16;INT64;FLOAT16,NCHW;NCHW;NCHW,"""8,2,1024,128""",FLOAT16,NCHW,N/A,0.0,0,0.0,0.0,0.0,0.0,0.0,0.0,0.0,0.0,0.0,0.0,0.0,0.872,25123,0.008,0.009,0.181,0.208,0.113,0.13,0.236,0.271,0.12,0.000
0,2,2,75,6,IncreFlashAttention_3,IncreFlashAttention,static,MIX_AIC,1784811986607611.545	,22.680,1.040000,16,32,NO,"""8,16,1,128;8,2,1024,128;8,2,1024,128;8,1,1,1024""",FLOAT16;FLOAT16;FLOAT16;BOOL,NCHW;NCHW;NCHW;NCHW,"""8,16,1,128""",FLOAT16,NCHW,0,20.864,600881,1.076,0.052,15.861,0.76,2.697,0.129,7.398,0.355,3.071,0.147,0.002,13.337,768186,0.715,0.054,6.647,0.498,0.193,0.014,0.457,0.034,0.006,61.328
0,2,2,76,6,MatMul_16,MatMul,static,AI_CORE,1784811986607635.305	,7.600,1.070000,22,0,NO,"""8,2048;1024,2048""",FLOAT16;FLOAT16,ND;ND,"""8,1024""",FLOAT16,ND,N/A,5.391,213492,0.974,0.181,0.697,0.129,1.289,0.239,4.12,0.764,0.177,0.033,0.0,0.0,0,0.0,0.0,0.0,0.0,0.0,0.0,0.0,0.0,0.0,65.026
0,2,2,77,6,InplaceAddRmsNorm_6,InplaceAddRmsNorm,static,AI_VECTOR_CORE,1784811986607642.945	,2.720,0.150000,8,0,NO,"""8,1,1024;8,1,1024;1024""",FLOAT16;FLOAT16;FLOAT16,ND;ND;ND,"""8,1,1024;8,1,1;8,1,1024""",FLOAT16;FLOAT;FLOAT16,ND;ND;ND,N/A,0.0,0,0.0,0.0,0.0,0.0,0.0,0.0,0.0,0.0,0.0,0.0,0.0,1.671,24066,0.282,0.169,0.479,0.286,0.391,0.234,0.36,0.215,0.116,0.000
0,2,2,78,6,MatMul_17,MatMul,static,AI_CORE,1784811986607645.685	,7.960,0.030000,24,0,NO,"""8,1024;3072,1024""",FLOAT16;FLOAT16,ND;ND,"""8,3072""",FLOAT16,ND,N/A,6.614,285744,0.538,0.081,0.236,0.036,1.304,0.197,5.031,0.761,0.174,0.026,0.116,0.0,0,0.0,0.0,0.0,0.0,0.0,0.0,0.0,0.0,0.0,83.096
0,2,2,79,6,MatMul_18,MatMul,static,AI_CORE,1784811986607653.665	,8.480,0.040000,24,0,NO,"""8,1024;3072,1024""",FLOAT16;FLOAT16,ND;ND,"""8,3072""",FLOAT16,ND,N/A,6.464,279243,0.538,0.083,0.993,0.154,1.306,0.202,4.601,0.712,0.159,0.025,0.0,0.0,0,0.0,0.0,0.0,0.0,0.0,0.0,0.0,0.0,0.0,76.226
0,2,2,80,6,Swish_3Mul_6,AutomaticBufferFusionOp,static,AI_VECTOR_CORE,1784811986607662.165	,3.360,0.020000,24,0,NO,"""8,1,3072;8,1,3072""",FLOAT16;FLOAT16,ND;ND,"""8,1,3072""",FLOAT16,ND,N/A,0.0,0,0.0,0.0,0.0,0.0,0.0,0.0,0.0,0.0,0.0,0.0,0.0,1.607,69425,0.163,0.101,0.151,0.094,0.329,0.205,0.174,0.108,0.14,0.000
0,2,2,81,6,MatMul_19,MatMul,static,AI_CORE,1784811986607665.545	,9.520,0.000000,22,0,NO,"""8,3072;1024,3072""",FLOAT16;FLOAT16,ND;ND,"""8,1024""",FLOAT16,ND,N/A,7.566,299612,1.462,0.193,0.849,0.112,1.926,0.255,6.164,0.815,0.165,0.022,0.003,0.0,0,0.0,0.0,0.0,0.0,0.0,0.0,0.0,0.0,0.0,72.852
0,2,2,82,6,InplaceAddRmsNorm_7,InplaceAddRmsNorm,static,AI_VECTOR_CORE,1784811986607675.085	,2.300,0.000000,8,0,NO,"""8,1,1024;8,1,1024;1024""",FLOAT16;FLOAT16;FLOAT16,ND;ND;ND,"""8,1,1024;8,1,1;8,1,1024""",FLOAT16;FLOAT;FLOAT16,ND;ND;ND,N/A,0.0,0,0.0,0.0,0.0,0.0,0.0,0.0,0.0,0.0,0.0,0.0,0.0,1.22,17572,0.282,0.231,0.675,0.553,0.291,0.238,0.35,0.287,0.032,0.000
0,2,2,83,6,MatMul_20,MatMul,static,AI_CORE,1784811986607677.425	,7.920,0.200000,23,0,NO,"""8,1024;2560,1024""",FLOAT16;FLOAT16,ND;ND,"""8,2560""",FLOAT16,ND,N/A,6.277,259861,0.642,0.102,0.297,0.047,1.24,0.198,4.405,0.702,0.256,0.041,0.042,0.0,0,0.0,0.0,0.0,0.0,0.0,0.0,0.0,0.0,0.0,75.951
0,2,2,84,6,SplitV_6,SplitVD,static,AI_VECTOR_CORE,1784811986607685.365	,1.460,0.000000,1,0,NO,"""8,1,2560""",FLOAT16,ND,"""8,1,2048;8,1,256;8,1,256""",FLOAT16;FLOAT16;FLOAT16,ND;ND;ND,N/A,0.0,0,0.0,0.0,0.0,0.0,0.0,0.0,0.0,0.0,0.0,0.0,0.0,0.878,1580,0.008,0.009,0.129,0.147,0.29,0.33,0.313,0.356,0.263,0.000
0,2,2,85,6,Scatter_9,Scatter,static,AI_VECTOR_CORE,1784811986607686.845	,2.040,0.040000,16,0,NO,"""8,2,1024,128;8;8,2,1,128""",FLOAT16;INT64;FLOAT16,NCHW;NCHW;NCHW,"""8,2,1024,128""",FLOAT16,NCHW,N/A,0.0,0,0.0,0.0,0.0,0.0,0.0,0.0,0.0,0.0,0.0,0.0,0.0,1.013,29170,0.008,0.008,0.244,0.241,0.121,0.119,0.405,0.4,0.079,0.000
0,2,2,86,6,ApplyRotaryPosEmb_4,ApplyRotaryPosEmb,static,AI_VECTOR_CORE,1784811986607688.905	,3.540,0.210000,8,0,NO,"""8,1,16,128;8,1,2,128;8,1,1,128;8,1,1,128""",FLOAT16;FLOAT16;FLOAT16;FLOAT16,NCHW;NCHW;NCHW;NCHW,"""8,1,16,128;8,1,2,128""",FLOAT16;FLOAT16,NCHW;NCHW,N/A,0.0,0,0.0,0.0,0.0,0.0,0.0,0.0,0.0,0.0,0.0,0.0,0.0,2.138,30787,0.156,0.073,1.198,0.56,0.139,0.065,0.146,0.068,0.081,0.000
0,2,2,87,6,Scatter_8,Scatter,static,AI_VECTOR_CORE,1784811986607692.465	,2.060,0.000000,16,0,NO,"""8,2,1024,128;8;8,2,1,128""",FLOAT16;INT64;FLOAT16,NCHW;NCHW;NCHW,"""8,2,1024,128""",FLOAT16,NCHW,N/A,0.0,0,0.0,0.0,0.0,0.0,0.0,0.0,0.0,0.0,0.0,0.0,0.0,0.896,25817,0.008,0.009,0.165,0.185,0.111,0.124,0.267,0.298,0.124,0.000
0,2,2,88,6,IncreFlashAttention_4,IncreFlashAttention,static,MIX_AIC,1784811986607696.005	,21.560,1.440000,16,32,NO,"""8,16,1,128;8,2,1024,128;8,2,1024,128;8,1,1,1024""",FLOAT16;FLOAT16;FLOAT16;BOOL,NCHW;NCHW;NCHW;NCHW,"""8,16,1,128""",FLOAT16,NCHW,0,19.715,567794,1.076,0.055,14.5,0.735,2.699,0.137,7.651,0.388,3.026,0.153,0.002,12.024,692561,0.715,0.059,5.185,0.431,0.196,0.016,0.455,0.038,0.006,60.962
0,2,2,89,6,MatMul_21,MatMul,static,AI_CORE,1784811986607718.525	,7.500,0.940000,22,0,NO,"""8,2048;1024,2048""",FLOAT16;FLOAT16,ND;ND,"""8,1024""",FLOAT16,ND,N/A,5.449,215777,0.974,0.179,0.712,0.131,1.293,0.237,4.161,0.764,0.185,0.034,0.0,0.0,0,0.0,0.0,0.0,0.0,0.0,0.0,0.0,0.0,0.0,66.598
0,2,2,90,6,InplaceAddRmsNorm_8,InplaceAddRmsNorm,static,AI_VECTOR_CORE,1784811986607726.045	,2.580,0.000000,8,0,NO,"""8,1,1024;8,1,1024;1024""",FLOAT16;FLOAT16;FLOAT16,ND;ND;ND,"""8,1,1024;8,1,1;8,1,1024""",FLOAT16;FLOAT;FLOAT16,ND;ND;ND,N/A,0.0,0,0.0,0.0,0.0,0.0,0.0,0.0,0.0,0.0,0.0,0.0,0.0,1.63,23468,0.282,0.173,0.45,0.276,0.401,0.246,0.357,0.219,0.116,0.000
0,2,2,91,6,MatMul_22,MatMul,static,AI_CORE,1784811986607728.645	,8.540,0.170000,24,0,NO,"""8,1024;3072,1024""",FLOAT16;FLOAT16,ND;ND,"""8,3072""",FLOAT16,ND,N/A,6.474,279659,0.538,0.083,0.25,0.039,1.307,0.202,4.915,0.759,0.158,0.024,0.119,0.0,0,0.0,0.0,0.0,0.0,0.0,0.0,0.0,0.0,0.0,75.803
0,2,2,92,6,MatMul_23,MatMul,static,AI_CORE,1784811986607737.225	,8.780,0.000000,24,0,NO,"""8,1024;3072,1024""",FLOAT16;FLOAT16,ND;ND,"""8,3072""",FLOAT16,ND,N/A,6.311,272644,0.538,0.085,0.47,0.074,1.309,0.207,4.964,0.787,0.161,0.025,0.0,0.0,0,0.0,0.0,0.0,0.0,0.0,0.0,0.0,0.0,0.0,71.882
0,2,2,93,6,Swish_4Mul_7,AutomaticBufferFusionOp,static,AI_VECTOR_CORE,1784811986607746.025	,3.500,0.000000,24,0,NO,"""8,1,3072;8,1,3072""",FLOAT16;FLOAT16,ND;ND,"""8,1,3072""",FLOAT16,ND,N/A,0.0,0,0.0,0.0,0.0,0.0,0.0,0.0,0.0,0.0,0.0,0.0,0.0,1.809,78132,0.163,0.09,0.399,0.22,0.391,0.216,0.156,0.086,0.138,0.000
0,2,2,94,6,MatMul_24,MatMul,static,AI_CORE,1784811986607749.545	,10.120,0.000000,22,0,NO,"""8,3072;1024,3072""",FLOAT16;FLOAT16,ND;ND,"""8,1024""",FLOAT16,ND,N/A,7.563,299481,1.462,0.193,0.927,0.123,1.909,0.252,6.087,0.805,0.164,0.022,0.003,0.0,0,0.0,0.0,0.0,0.0,0.0,0.0,0.0,0.0,0.0,68.502
0,2,2,95,6,InplaceAddRmsNorm_9,InplaceAddRmsNorm,static,AI_VECTOR_CORE,1784811986607759.685	,2.060,0.130000,8,0,NO,"""8,1,1024;8,1,1024;1024""",FLOAT16;FLOAT16;FLOAT16,ND;ND;ND,"""8,1,1024;8,1,1;8,1,1024""",FLOAT16;FLOAT;FLOAT16,ND;ND;ND,N/A,0.0,0,0.0,0.0,0.0,0.0,0.0,0.0,0.0,0.0,0.0,0.0,0.0,1.24,17863,0.282,0.228,0.704,0.567,0.277,0.224,0.362,0.292,0.034,0.000
0,2,2,96,6,MatMul_25,MatMul,static,AI_CORE,1784811986607761.765	,7.900,0.000000,23,0,NO,"""8,1024;2560,1024""",FLOAT16;FLOAT16,ND;ND,"""8,2560""",FLOAT16,ND,N/A,5.911,244713,0.64,0.108,0.481,0.081,1.242,0.21,3.86,0.653,0.238,0.04,0.041,0.0,0,0.0,0.0,0.0,0.0,0.0,0.0,0.0,0.0,0.0,71.704
0,2,2,97,6,SplitV_7,SplitVD,static,AI_VECTOR_CORE,1784811986607769.705	,1.400,0.100000,1,0,NO,"""8,1,2560""",FLOAT16,ND,"""8,1,2048;8,1,256;8,1,256""",FLOAT16;FLOAT16;FLOAT16,ND;ND;ND,N/A,0.0,0,0.0,0.0,0.0,0.0,0.0,0.0,0.0,0.0,0.0,0.0,0.0,0.908,1634,0.008,0.009,0.11,0.121,0.279,0.307,0.287,0.316,0.263,0.000
0,2,2,98,6,Scatter_11,Scatter,static,AI_VECTOR_CORE,1784811986607771.125	,2.260,0.000000,16,0,NO,"""8,2,1024,128;8;8,2,1,128""",FLOAT16;INT64;FLOAT16,NCHW;NCHW;NCHW,"""8,2,1024,128""",FLOAT16,NCHW,N/A,0.0,0,0.0,0.0,0.0,0.0,0.0,0.0,0.0,0.0,0.0,0.0,0.0,1.121,32285,0.008,0.007,0.321,0.286,0.108,0.097,0.413,0.369,0.096,0.000
0,2,2,99,6,ApplyRotaryPosEmb_5,ApplyRotaryPosEmb,static,AI_VECTOR_CORE,1784811986607773.405	,3.720,0.240000,8,0,NO,"""8,1,16,128;8,1,2,128;8,1,1,128;8,1,1,128""",FLOAT16;FLOAT16;FLOAT16;FLOAT16,NCHW;NCHW;NCHW;NCHW,"""8,1,16,128;8,1,2,128""",FLOAT16;FLOAT16,NCHW;NCHW,N/A,0.0,0,0.0,0.0,0.0,0.0,0.0,0.0,0.0,0.0,0.0,0.0,0.0,2.21,31829,0.156,0.071,1.278,0.578,0.133,0.06,0.14,0.063,0.084,0.000
0,2,2,100,6,Scatter_10,Scatter,static,AI_VECTOR_CORE,1784811986607777.165	,2.100,0.030000,16,0,NO,"""8,2,1024,128;8;8,2,1,128""",FLOAT16;INT64;FLOAT16,NCHW;NCHW;NCHW,"""8,2,1024,128""",FLOAT16,NCHW,N/A,0.0,0,0.0,0.0,0.0,0.0,0.0,0.0,0.0,0.0,0.0,0.0,0.0,0.981,28265,0.008,0.008,0.176,0.18,0.121,0.123,0.244,0.248,0.153,0.000
0,2,2,101,6,IncreFlashAttention_5,IncreFlashAttention,static,MIX_AIC,1784811986607780.425	,24.520,1.150000,16,32,NO,"""8,16,1,128;8,2,1024,128;8,2,1024,128;8,1,1,1024""",FLOAT16;FLOAT16;FLOAT16;BOOL,NCHW;NCHW;NCHW;NCHW,"""8,16,1,128""",FLOAT16,NCHW,0,22.647,652222,1.076,0.047,15.754,0.696,2.698,0.119,9.144,0.404,2.992,0.132,0.002,14.258,821266,0.715,0.05,6.68,0.469,0.194,0.014,0.471,0.033,0.007,61.573
0,2,2,102,6,MatMul_26,MatMul,static,AI_CORE,1784811986607806.025	,7.480,0.980000,22,0,NO,"""8,2048;1024,2048""",FLOAT16;FLOAT16,ND;ND,"""8,1024""",FLOAT16,ND,N/A,5.486,217252,0.974,0.178,0.729,0.133,1.283,0.234,4.194,0.765,0.173,0.032,0.0,0.0,0,0.0,0.0,0.0,0.0,0.0,0.0,0.0,0.0,0.0,67.232
0,2,2,103,6,InplaceAddRmsNorm_10,InplaceAddRmsNorm,static,AI_VECTOR_CORE,1784811986607813.525	,2.680,0.020000,8,0,NO,"""8,1,1024;8,1,1024;1024""",FLOAT16;FLOAT16;FLOAT16,ND;ND;ND,"""8,1,1024;8,1,1;8,1,1024""",FLOAT16;FLOAT;FLOAT16,ND;ND;ND,N/A,0.0,0,0.0,0.0,0.0,0.0,0.0,0.0,0.0,0.0,0.0,0.0,0.0,1.62,23326,0.282,0.174,0.475,0.293,0.392,0.242,0.355,0.219,0.123,0.000
0,2,2,104,6,MatMul_27,MatMul,static,AI_CORE,1784811986607816.225	,8.780,0.070000,24,0,NO,"""8,1024;3072,1024""",FLOAT16;FLOAT16,ND;ND,"""8,3072""",FLOAT16,ND,N/A,6.993,302091,0.538,0.077,0.302,0.043,1.295,0.185,5.388,0.77,0.164,0.023,0.113,0.0,0,0.0,0.0,0.0,0.0,0.0,0.0,0.0,0.0,0.0,79.645
0,2,2,105,6,MatMul_28,MatMul,static,AI_CORE,1784811986607825.025	,9.680,0.000000,24,0,NO,"""8,1024;3072,1024""",FLOAT16;FLOAT16,ND;ND,"""8,3072""",FLOAT16,ND,N/A,7.223,312018,0.538,0.074,0.424,0.059,1.296,0.179,5.913,0.819,0.167,0.023,0.0,0.0,0,0.0,0.0,0.0,0.0,0.0,0.0,0.0,0.0,0.0,74.614
0,2,2,106,6,Swish_5Mul_8,AutomaticBufferFusionOp,static,AI_VECTOR_CORE,1784811986607834.725	,3.780,0.070000,24,0,NO,"""8,1,3072;8,1,3072""",FLOAT16;FLOAT16,ND;ND,"""8,1,3072""",FLOAT16,ND,N/A,0.0,0,0.0,0.0,0.0,0.0,0.0,0.0,0.0,0.0,0.0,0.0,0.0,1.6,69115,0.163,0.102,0.153,0.096,0.179,0.112,0.133,0.083,0.138,0.000
0,2,2,107,6,MatMul_29,MatMul,static,AI_CORE,1784811986607838.545	,9.900,0.000000,22,0,NO,"""8,3072;1024,3072""",FLOAT16;FLOAT16,ND;ND,"""8,1024""",FLOAT16,ND,N/A,7.578,300076,1.461,0.193,0.785,0.104,1.921,0.254,6.217,0.82,0.183,0.024,0.003,0.0,0,0.0,0.0,0.0,0.0,0.0,0.0,0.0,0.0,0.0,70.164
0,2,2,108,6,InplaceAddRmsNorm_11,InplaceAddRmsNorm,static,AI_VECTOR_CORE,1784811986607848.485	,2.080,0.100000,8,0,NO,"""8,1,1024;8,1,1024;1024""",FLOAT16;FLOAT16;FLOAT16,ND;ND;ND,"""8,1,1024;8,1,1;8,1,1024""",FLOAT16;FLOAT;FLOAT16,ND;ND;ND,N/A,0.0,0,0.0,0.0,0.0,0.0,0.0,0.0,0.0,0.0,0.0,0.0,0.0,1.166,16792,0.282,0.242,0.628,0.538,0.306,0.263,0.355,0.304,0.034,0.000
0,2,2,109,6,MatMul_30,MatMul,static,AI_CORE,1784811986607850.605	,8.100,0.000000,23,0,NO,"""8,1024;2560,1024""",FLOAT16;FLOAT16,ND;ND,"""8,2560""",FLOAT16,ND,N/A,6.361,263354,0.644,0.101,1.03,0.162,1.246,0.196,3.83,0.602,0.223,0.035,0.04,0.0,0,0.0,0.0,0.0,0.0,0.0,0.0,0.0,0.0,0.0,75.261
0,2,2,110,6,SplitV_8,SplitVD,static,AI_VECTOR_CORE,1784811986607858.725	,1.320,0.150000,1,0,NO,"""8,1,2560""",FLOAT16,ND,"""8,1,2048;8,1,256;8,1,256""",FLOAT16;FLOAT16;FLOAT16,ND;ND;ND,N/A,0.0,0,0.0,0.0,0.0,0.0,0.0,0.0,0.0,0.0,0.0,0.0,0.0,0.841,1514,0.008,0.009,0.126,0.149,0.284,0.338,0.298,0.354,0.263,0.000
0,2,2,111,6,Scatter_13,Scatter,static,AI_VECTOR_CORE,1784811986607860.065	,2.240,0.000000,16,0,NO,"""8,2,1024,128;8;8,2,1,128""",FLOAT16;INT64;FLOAT16,NCHW;NCHW;NCHW,"""8,2,1024,128""",FLOAT16,NCHW,N/A,0.0,0,0.0,0.0,0.0,0.0,0.0,0.0,0.0,0.0,0.0,0.0,0.0,1.193,34366,0.008,0.007,0.522,0.438,0.127,0.106,0.308,0.258,0.081,0.000
0,2,2,112,6,ApplyRotaryPosEmb_6,ApplyRotaryPosEmb,static,AI_VECTOR_CORE,1784811986607862.345	,3.980,0.010000,8,0,NO,"""8,1,16,128;8,1,2,128;8,1,1,128;8,1,1,128""",FLOAT16;FLOAT16;FLOAT16;FLOAT16,NCHW;NCHW;NCHW;NCHW,"""8,1,16,128;8,1,2,128""",FLOAT16;FLOAT16,NCHW;NCHW,N/A,0.0,0,0.0,0.0,0.0,0.0,0.0,0.0,0.0,0.0,0.0,0.0,0.0,2.292,33002,0.156,0.068,1.088,0.475,0.174,0.076,0.142,0.062,0.081,0.000
0,2,2,113,6,Scatter_12,Scatter,static,AI_VECTOR_CORE,1784811986607866.345	,2.160,0.020000,16,0,NO,"""8,2,1024,128;8;8,2,1,128""",FLOAT16;INT64;FLOAT16,NCHW;NCHW;NCHW,"""8,2,1024,128""",FLOAT16,NCHW,N/A,0.0,0,0.0,0.0,0.0,0.0,0.0,0.0,0.0,0.0,0.0,0.0,0.0,0.956,27532,0.008,0.008,0.163,0.17,0.112,0.118,0.231,0.241,0.137,0.000
0,2,2,114,6,IncreFlashAttention_6,IncreFlashAttention,static,MIX_AIC,1784811986607869.665	,19.760,1.340000,16,32,NO,"""8,16,1,128;8,2,1024,128;8,2,1024,128;8,1,1,1024""",FLOAT16;FLOAT16;FLOAT16;BOOL,NCHW;NCHW;NCHW;NCHW,"""8,16,1,128""",FLOAT16,NCHW,0,18.434,530901,1.076,0.058,14.228,0.772,2.699,0.146,7.372,0.4,3.035,0.165,0.002,10.889,627227,0.72,0.066,3.65,0.335,0.22,0.02,0.454,0.042,0.006,62.193
0,2,2,115,6,MatMul_31,MatMul,static,AI_CORE,1784811986607890.385	,6.580,0.990000,22,0,NO,"""8,2048;1024,2048""",FLOAT16;FLOAT16,ND;ND,"""8,1024""",FLOAT16,ND,N/A,4.959,196360,0.975,0.197,0.749,0.151,1.294,0.261,3.647,0.736,0.165,0.033,0.0,0.0,0,0.0,0.0,0.0,0.0,0.0,0.0,0.0,0.0,0.0,69.079
0,2,2,116,6,InplaceAddRmsNorm_12,InplaceAddRmsNorm,static,AI_VECTOR_CORE,1784811986607896.985	,2.640,0.000000,8,0,NO,"""8,1,1024;8,1,1024;1024""",FLOAT16;FLOAT16;FLOAT16,ND;ND;ND,"""8,1,1024;8,1,1;8,1,1024""",FLOAT16;FLOAT;FLOAT16,ND;ND;ND,N/A,0.0,0,0.0,0.0,0.0,0.0,0.0,0.0,0.0,0.0,0.0,0.0,0.0,1.683,24234,0.282,0.168,0.453,0.269,0.403,0.239,0.363,0.215,0.117,0.000
0,2,2,117,6,MatMul_32,MatMul,static,AI_CORE,1784811986607899.645	,9.520,0.110000,24,0,NO,"""8,1024;3072,1024""",FLOAT16;FLOAT16,ND;ND,"""8,3072""",FLOAT16,ND,N/A,6.443,278328,0.538,0.083,0.466,0.072,1.313,0.204,4.663,0.724,0.157,0.024,0.107,0.0,0,0.0,0.0,0.0,0.0,0.0,0.0,0.0,0.0,0.0,67.676
0,2,2,118,6,MatMul_33,MatMul,static,AI_CORE,1784811986607909.185	,8.500,0.000000,24,0,NO,"""8,1024;3072,1024""",FLOAT16;FLOAT16,ND;ND,"""8,3072""",FLOAT16,ND,N/A,5.915,255522,0.538,0.091,0.386,0.065,1.31,0.221,4.656,0.787,0.156,0.026,0.0,0.0,0,0.0,0.0,0.0,0.0,0.0,0.0,0.0,0.0,0.0,69.587
0,2,2,119,6,Swish_6Mul_9,AutomaticBufferFusionOp,static,AI_VECTOR_CORE,1784811986607917.705	,3.380,0.000000,24,0,NO,"""8,1,3072;8,1,3072""",FLOAT16;FLOAT16,ND;ND,"""8,1,3072""",FLOAT16,ND,N/A,0.0,0,0.0,0.0,0.0,0.0,0.0,0.0,0.0,0.0,0.0,0.0,0.0,1.509,65187,0.163,0.108,0.152,0.101,0.276,0.183,0.155,0.103,0.145,0.000
0,2,2,120,6,MatMul_34,MatMul,static,AI_CORE,1784811986607921.125	,10.320,0.000000,22,0,NO,"""8,3072;1024,3072""",FLOAT16;FLOAT16,ND;ND,"""8,1024""",FLOAT16,ND,N/A,7.409,293385,1.462,0.197,0.759,0.102,1.928,0.26,6.091,0.822,0.18,0.024,0.003,0.0,0,0.0,0.0,0.0,0.0,0.0,0.0,0.0,0.0,0.0,65.807
0,2,2,121,6,InplaceAddRmsNorm_13,InplaceAddRmsNorm,static,AI_VECTOR_CORE,1784811986607931.465	,2.060,0.180000,8,0,NO,"""8,1,1024;8,1,1024;1024""",FLOAT16;FLOAT16;FLOAT16,ND;ND;ND,"""8,1,1024;8,1,1;8,1,1024""",FLOAT16;FLOAT;FLOAT16,ND;ND;ND,N/A,0.0,0,0.0,0.0,0.0,0.0,0.0,0.0,0.0,0.0,0.0,0.0,0.0,1.133,16321,0.282,0.249,0.491,0.433,0.342,0.302,0.421,0.372,0.033,0.000
0,2,2,122,6,MatMul_35,MatMul,static,AI_CORE,1784811986607933.565	,7.320,0.000000,23,0,NO,"""8,1024;2560,1024""",FLOAT16;FLOAT16,ND;ND,"""8,2560""",FLOAT16,ND,N/A,5.99,247973,0.644,0.107,0.286,0.048,1.235,0.206,4.13,0.69,0.266,0.044,0.04,0.0,0,0.0,0.0,0.0,0.0,0.0,0.0,0.0,0.0,0.0,78.417
0,2,2,123,6,SplitV_9,SplitVD,static,AI_VECTOR_CORE,1784811986607940.905	,1.340,0.180000,1,0,NO,"""8,1,2560""",FLOAT16,ND,"""8,1,2048;8,1,256;8,1,256""",FLOAT16;FLOAT16;FLOAT16,ND;ND;ND,N/A,0.0,0,0.0,0.0,0.0,0.0,0.0,0.0,0.0,0.0,0.0,0.0,0.0,0.813,1464,0.008,0.01,0.103,0.126,0.289,0.356,0.308,0.378,0.263,0.000
0,2,2,124,6,Scatter_15,Scatter,static,AI_VECTOR_CORE,1784811986607942.265	,2.220,0.000000,16,0,NO,"""8,2,1024,128;8;8,2,1,128""",FLOAT16;INT64;FLOAT16,NCHW;NCHW;NCHW,"""8,2,1024,128""",FLOAT16,NCHW,N/A,0.0,0,0.0,0.0,0.0,0.0,0.0,0.0,0.0,0.0,0.0,0.0,0.0,1.061,30566,0.008,0.007,0.2,0.189,0.12,0.113,0.489,0.461,0.081,0.000
0,2,2,125,6,ApplyRotaryPosEmb_7,ApplyRotaryPosEmb,static,AI_VECTOR_CORE,1784811986607944.525	,3.640,0.030000,8,0,NO,"""8,1,16,128;8,1,2,128;8,1,1,128;8,1,1,128""",FLOAT16;FLOAT16;FLOAT16;FLOAT16,NCHW;NCHW;NCHW;NCHW,"""8,1,16,128;8,1,2,128""",FLOAT16;FLOAT16,NCHW;NCHW,N/A,0.0,0,0.0,0.0,0.0,0.0,0.0,0.0,0.0,0.0,0.0,0.0,0.0,2.155,31030,0.156,0.072,1.193,0.554,0.137,0.064,0.143,0.066,0.081,0.000
0,2,2,126,6,Scatter_14,Scatter,static,AI_VECTOR_CORE,1784811986607948.185	,2.060,0.110000,16,0,NO,"""8,2,1024,128;8;8,2,1,128""",FLOAT16;INT64;FLOAT16,NCHW;NCHW;NCHW,"""8,2,1024,128""",FLOAT16,NCHW,N/A,0.0,0,0.0,0.0,0.0,0.0,0.0,0.0,0.0,0.0,0.0,0.0,0.0,0.955,27498,0.008,0.008,0.148,0.155,0.109,0.115,0.24,0.252,0.137,0.000
0,2,2,127,6,IncreFlashAttention_7,IncreFlashAttention,static,MIX_AIC,1784811986607951.705	,20.060,1.440000,16,32,NO,"""8,16,1,128;8,2,1024,128;8,2,1024,128;8,1,1,1024""",FLOAT16;FLOAT16;FLOAT16;BOOL,NCHW;NCHW;NCHW;NCHW,"""8,16,1,128""",FLOAT16,NCHW,0,18.523,533473,1.076,0.058,14.18,0.766,2.698,0.146,7.439,0.402,3.024,0.163,0.002,10.991,633084,0.72,0.065,3.343,0.304,0.194,0.018,0.452,0.041,0.007,61.560
0,2,2,128,6,MatMul_36,MatMul,static,AI_CORE,1784811986607973.025	,7.460,1.190000,22,0,NO,"""8,2048;1024,2048""",FLOAT16;FLOAT16,ND;ND,"""8,1024""",FLOAT16,ND,N/A,5.405,214026,0.974,0.18,0.654,0.121,1.298,0.24,4.182,0.774,0.168,0.031,0.0,0.0,0,0.0,0.0,0.0,0.0,0.0,0.0,0.0,0.0,0.0,66.412
0,2,2,129,6,InplaceAddRmsNorm_14,InplaceAddRmsNorm,static,AI_VECTOR_CORE,1784811986607980.505	,2.720,0.040000,8,0,NO,"""8,1,1024;8,1,1024;1024""",FLOAT16;FLOAT16;FLOAT16,ND;ND;ND,"""8,1,1024;8,1,1;8,1,1024""",FLOAT16;FLOAT;FLOAT16,ND;ND;ND,N/A,0.0,0,0.0,0.0,0.0,0.0,0.0,0.0,0.0,0.0,0.0,0.0,0.0,1.609,23170,0.282,0.175,0.451,0.28,0.374,0.232,0.352,0.218,0.12,0.000
0,2,2,130,6,MatMul_37,MatMul,static,AI_CORE,1784811986607983.245	,8.260,0.030000,24,0,NO,"""8,1024;3072,1024""",FLOAT16;FLOAT16,ND;ND,"""8,3072""",FLOAT16,ND,N/A,6.4,276460,0.538,0.084,0.22,0.034,1.307,0.204,4.856,0.759,0.166,0.026,0.111,0.0,0,0.0,0.0,0.0,0.0,0.0,0.0,0.0,0.0,0.0,77.476
0,2,2,131,6,MatMul_38,MatMul,static,AI_CORE,1784811986607991.525	,8.740,0.000000,24,0,NO,"""8,1024;3072,1024""",FLOAT16;FLOAT16,ND;ND,"""8,3072""",FLOAT16,ND,N/A,6.087,262943,0.538,0.088,0.41,0.067,1.309,0.215,4.795,0.788,0.163,0.027,0.0,0.0,0,0.0,0.0,0.0,0.0,0.0,0.0,0.0,0.0,0.0,69.641
0,2,2,132,6,Swish_7Mul_10,AutomaticBufferFusionOp,static,AI_VECTOR_CORE,1784811986608000.285	,3.480,0.010000,24,0,NO,"""8,1,3072;8,1,3072""",FLOAT16;FLOAT16,ND;ND,"""8,1,3072""",FLOAT16,ND,N/A,0.0,0,0.0,0.0,0.0,0.0,0.0,0.0,0.0,0.0,0.0,0.0,0.0,1.765,76244,0.163,0.092,0.315,0.179,0.359,0.203,0.166,0.094,0.136,0.000
0,2,2,133,6,MatMul_39,MatMul,static,AI_CORE,1784811986608003.785	,9.700,0.020000,22,0,NO,"""8,3072;1024,3072""",FLOAT16;FLOAT16,ND;ND,"""8,1024""",FLOAT16,ND,N/A,7.545,298767,1.461,0.194,1.194,0.158,1.927,0.255,5.771,0.765,0.198,0.026,0.003,0.0,0,0.0,0.0,0.0,0.0,0.0,0.0,0.0,0.0,0.0,71.298
0,2,2,134,6,InplaceAddRmsNorm_15,InplaceAddRmsNorm,static,AI_VECTOR_CORE,1784811986608013.505	,1.860,0.050000,8,0,NO,"""8,1,1024;8,1,1024;1024""",FLOAT16;FLOAT16;FLOAT16,ND;ND;ND,"""8,1,1024;8,1,1;8,1,1024""",FLOAT16;FLOAT;FLOAT16,ND;ND;ND,N/A,0.0,0,0.0,0.0,0.0,0.0,0.0,0.0,0.0,0.0,0.0,0.0,0.0,1.078,15521,0.282,0.262,0.513,0.476,0.382,0.355,0.378,0.351,0.034,0.000
0,2,2,135,6,MatMul_40,MatMul,static,AI_CORE,1784811986608015.405	,8.040,0.140000,23,0,NO,"""8,1024;2560,1024""",FLOAT16;FLOAT16,ND;ND,"""8,2560""",FLOAT16,ND,N/A,6.36,263323,0.641,0.101,0.364,0.057,1.235,0.194,4.45,0.7,0.219,0.034,0.04,0.0,0,0.0,0.0,0.0,0.0,0.0,0.0,0.0,0.0,0.0,75.814
0,2,2,136,6,SplitV_10,SplitVD,static,AI_VECTOR_CORE,1784811986608023.465	,1.380,0.000000,1,0,NO,"""8,1,2560""",FLOAT16,ND,"""8,1,2048;8,1,256;8,1,256""",FLOAT16;FLOAT16;FLOAT16,ND;ND;ND,N/A,0.0,0,0.0,0.0,0.0,0.0,0.0,0.0,0.0,0.0,0.0,0.0,0.0,0.853,1536,0.008,0.009,0.134,0.157,0.276,0.324,0.291,0.341,0.263,0.000
0,2,2,137,6,Scatter_17,Scatter,static,AI_VECTOR_CORE,1784811986608024.865	,2.000,0.000000,16,0,NO,"""8,2,1024,128;8;8,2,1,128""",FLOAT16;INT64;FLOAT16,NCHW;NCHW;NCHW,"""8,2,1024,128""",FLOAT16,NCHW,N/A,0.0,0,0.0,0.0,0.0,0.0,0.0,0.0,0.0,0.0,0.0,0.0,0.0,0.955,27511,0.008,0.008,0.231,0.242,0.111,0.116,0.386,0.404,0.088,0.000
0,2,2,138,6,ApplyRotaryPosEmb_8,ApplyRotaryPosEmb,static,AI_VECTOR_CORE,1784811986608026.885	,3.620,0.250000,8,0,NO,"""8,1,16,128;8,1,2,128;8,1,1,128;8,1,1,128""",FLOAT16;FLOAT16;FLOAT16;FLOAT16,NCHW;NCHW;NCHW;NCHW,"""8,1,16,128;8,1,2,128""",FLOAT16;FLOAT16,NCHW;NCHW,N/A,0.0,0,0.0,0.0,0.0,0.0,0.0,0.0,0.0,0.0,0.0,0.0,0.0,2.186,31478,0.156,0.072,1.236,0.566,0.133,0.061,0.14,0.064,0.082,0.000
0,2,2,139,6,Scatter_16,Scatter,static,AI_VECTOR_CORE,1784811986608030.525	,2.140,0.000000,16,0,NO,"""8,2,1024,128;8;8,2,1,128""",FLOAT16;INT64;FLOAT16,NCHW;NCHW;NCHW,"""8,2,1024,128""",FLOAT16,NCHW,N/A,0.0,0,0.0,0.0,0.0,0.0,0.0,0.0,0.0,0.0,0.0,0.0,0.0,0.966,27819,0.008,0.008,0.257,0.266,0.117,0.122,0.202,0.209,0.128,0.000
0,2,2,140,6,IncreFlashAttention_8,IncreFlashAttention,static,MIX_AIC,1784811986608034.585	,21.140,1.860000,16,32,NO,"""8,16,1,128;8,2,1024,128;8,2,1024,128;8,1,1,1024""",FLOAT16;FLOAT16;FLOAT16;BOOL,NCHW;NCHW;NCHW;NCHW,"""8,16,1,128""",FLOAT16,NCHW,0,19.478,560973,1.075,0.055,14.265,0.732,2.699,0.139,7.833,0.402,3.058,0.157,0.002,11.755,677072,0.715,0.061,4.79,0.407,0.212,0.018,0.442,0.038,0.007,61.426
0,2,2,141,6,MatMul_41,MatMul,static,AI_CORE,1784811986608056.905	,7.440,1.360000,22,0,NO,"""8,2048;1024,2048""",FLOAT16;FLOAT16,ND;ND,"""8,1024""",FLOAT16,ND,N/A,5.272,208771,0.973,0.184,0.805,0.153,1.291,0.245,4.077,0.773,0.166,0.032,0.0,0.0,0,0.0,0.0,0.0,0.0,0.0,0.0,0.0,0.0,0.0,64.955
0,2,2,142,6,InplaceAddRmsNorm_16,InplaceAddRmsNorm,static,AI_VECTOR_CORE,1784811986608064.365	,2.640,0.000000,8,0,NO,"""8,1,1024;8,1,1024;1024""",FLOAT16;FLOAT16;FLOAT16,ND;ND;ND,"""8,1,1024;8,1,1;8,1,1024""",FLOAT16;FLOAT;FLOAT16,ND;ND;ND,N/A,0.0,0,0.0,0.0,0.0,0.0,0.0,0.0,0.0,0.0,0.0,0.0,0.0,1.657,23865,0.282,0.17,0.456,0.275,0.393,0.237,0.363,0.219,0.117,0.000
0,2,2,143,6,MatMul_42,MatMul,static,AI_CORE,1784811986608067.025	,8.100,0.110000,24,0,NO,"""8,1024;3072,1024""",FLOAT16;FLOAT16,ND;ND,"""8,3072""",FLOAT16,ND,N/A,6.28,271279,0.538,0.086,0.235,0.037,1.308,0.208,4.712,0.75,0.16,0.025,0.113,0.0,0,0.0,0.0,0.0,0.0,0.0,0.0,0.0,0.0,0.0,77.526
0,2,2,144,6,MatMul_43,MatMul,static,AI_CORE,1784811986608075.145	,8.180,0.150000,24,0,NO,"""8,1024;3072,1024""",FLOAT16;FLOAT16,ND;ND,"""8,3072""",FLOAT16,ND,N/A,5.985,258541,0.538,0.09,0.497,0.083,1.31,0.219,4.605,0.769,0.161,0.027,0.0,0.0,0,0.0,0.0,0.0,0.0,0.0,0.0,0.0,0.0,0.0,73.163
0,2,2,145,6,Swish_8Mul_11,AutomaticBufferFusionOp,static,AI_VECTOR_CORE,1784811986608083.345	,3.380,0.000000,24,0,NO,"""8,1,3072;8,1,3072""",FLOAT16;FLOAT16,ND;ND,"""8,1,3072""",FLOAT16,ND,N/A,0.0,0,0.0,0.0,0.0,0.0,0.0,0.0,0.0,0.0,0.0,0.0,0.0,1.52,65685,0.163,0.107,0.155,0.102,0.269,0.177,0.16,0.105,0.141,0.000
0,2,2,146,6,MatMul_44,MatMul,static,AI_CORE,1784811986608086.745	,9.940,0.120000,22,0,NO,"""8,3072;1024,3072""",FLOAT16;FLOAT16,ND;ND,"""8,1024""",FLOAT16,ND,N/A,7.802,308974,1.461,0.187,1.368,0.175,1.942,0.249,5.831,0.747,0.221,0.028,0.003,0.0,0,0.0,0.0,0.0,0.0,0.0,0.0,0.0,0.0,0.0,71.953
0,2,2,147,6,InplaceAddRmsNorm_17,InplaceAddRmsNorm,static,AI_VECTOR_CORE,1784811986608096.705	,2.100,0.060000,8,0,NO,"""8,1,1024;8,1,1024;1024""",FLOAT16;FLOAT16;FLOAT16,ND;ND;ND,"""8,1,1024;8,1,1;8,1,1024""",FLOAT16;FLOAT;FLOAT16,ND;ND;ND,N/A,0.0,0,0.0,0.0,0.0,0.0,0.0,0.0,0.0,0.0,0.0,0.0,0.0,1.228,17676,0.282,0.23,0.72,0.586,0.248,0.202,0.348,0.284,0.034,0.000
0,2,2,148,6,MatMul_45,MatMul,static,AI_CORE,1784811986608098.825	,7.640,0.000000,23,0,NO,"""8,1024;2560,1024""",FLOAT16;FLOAT16,ND;ND,"""8,2560""",FLOAT16,ND,N/A,6.388,264443,0.64,0.1,0.307,0.048,1.234,0.193,4.545,0.712,0.231,0.036,0.041,0.0,0,0.0,0.0,0.0,0.0,0.0,0.0,0.0,0.0,0.0,80.123
0,2,2,149,6,SplitV_11,SplitVD,static,AI_VECTOR_CORE,1784811986608106.505	,1.320,0.110000,1,0,NO,"""8,1,2560""",FLOAT16,ND,"""8,1,2048;8,1,256;8,1,256""",FLOAT16;FLOAT16;FLOAT16,ND;ND;ND,N/A,0.0,0,0.0,0.0,0.0,0.0,0.0,0.0,0.0,0.0,0.0,0.0,0.0,0.848,1527,0.008,0.009,0.16,0.189,0.288,0.34,0.314,0.37,0.263,0.000
0,2,2,150,6,Scatter_19,Scatter,static,AI_VECTOR_CORE,1784811986608107.845	,2.200,0.000000,16,0,NO,"""8,2,1024,128;8;8,2,1,128""",FLOAT16;INT64;FLOAT16,NCHW;NCHW;NCHW,"""8,2,1024,128""",FLOAT16,NCHW,N/A,0.0,0,0.0,0.0,0.0,0.0,0.0,0.0,0.0,0.0,0.0,0.0,0.0,1.026,29559,0.008,0.008,0.265,0.258,0.164,0.16,0.368,0.359,0.085,0.000
0,2,2,151,6,ApplyRotaryPosEmb_9,ApplyRotaryPosEmb,static,AI_VECTOR_CORE,1784811986608110.065	,3.340,0.050000,8,0,NO,"""8,1,16,128;8,1,2,128;8,1,1,128;8,1,1,128""",FLOAT16;FLOAT16;FLOAT16;FLOAT16,NCHW;NCHW;NCHW;NCHW,"""8,1,16,128;8,1,2,128""",FLOAT16;FLOAT16,NCHW;NCHW,N/A,0.0,0,0.0,0.0,0.0,0.0,0.0,0.0,0.0,0.0,0.0,0.0,0.0,2.08,29947,0.154,0.074,1.263,0.607,0.135,0.065,0.145,0.07,0.05,0.000
0,2,2,152,6,Scatter_18,Scatter,static,AI_VECTOR_CORE,1784811986608113.425	,2.320,0.160000,16,0,NO,"""8,2,1024,128;8;8,2,1,128""",FLOAT16;INT64;FLOAT16,NCHW;NCHW;NCHW,"""8,2,1024,128""",FLOAT16,NCHW,N/A,0.0,0,0.0,0.0,0.0,0.0,0.0,0.0,0.0,0.0,0.0,0.0,0.0,1.121,32287,0.008,0.007,0.394,0.352,0.108,0.097,0.215,0.192,0.126,0.000
0,2,2,153,6,IncreFlashAttention_9,IncreFlashAttention,static,MIX_AIC,1784811986608117.005	,21.300,1.180000,16,32,NO,"""8,16,1,128;8,2,1024,128;8,2,1024,128;8,1,1,1024""",FLOAT16;FLOAT16;FLOAT16;BOOL,NCHW;NCHW;NCHW;NCHW,"""8,16,1,128""",FLOAT16,NCHW,0,19.613,564860,1.076,0.055,13.84,0.706,2.698,0.138,7.497,0.382,3.035,0.155,0.002,12.016,692145,0.719,0.06,4.117,0.343,0.215,0.018,0.452,0.038,0.006,61.387
0,2,2,154,6,MatMul_46,MatMul,static,AI_CORE,1784811986608139.525	,6.880,1.200000,22,0,NO,"""8,2048;1024,2048""",FLOAT16;FLOAT16,ND;ND,"""8,1024""",FLOAT16,ND,N/A,5.433,215157,0.974,0.179,1.238,0.228,1.311,0.241,3.609,0.664,0.198,0.036,0.0,0.0,0,0.0,0.0,0.0,0.0,0.0,0.0,0.0,0.0,0.0,72.391
0,2,2,155,6,InplaceAddRmsNorm_18,InplaceAddRmsNorm,static,AI_VECTOR_CORE,1784811986608146.425	,2.580,0.120000,8,0,NO,"""8,1,1024;8,1,1024;1024""",FLOAT16;FLOAT16;FLOAT16,ND;ND;ND,"""8,1,1024;8,1,1;8,1,1024""",FLOAT16;FLOAT;FLOAT16,ND;ND;ND,N/A,0.0,0,0.0,0.0,0.0,0.0,0.0,0.0,0.0,0.0,0.0,0.0,0.0,1.561,22473,0.282,0.181,0.47,0.301,0.364,0.233,0.36,0.231,0.118,0.000
0,2,2,156,6,MatMul_47,MatMul,static,AI_CORE,1784811986608149.045	,8.500,0.000000,24,0,NO,"""8,1024;3072,1024""",FLOAT16;FLOAT16,ND;ND,"""8,3072""",FLOAT16,ND,N/A,6.369,275120,0.538,0.084,0.25,0.039,1.304,0.205,4.785,0.751,0.166,0.026,0.111,0.0,0,0.0,0.0,0.0,0.0,0.0,0.0,0.0,0.0,0.0,74.924
0,2,2,157,6,MatMul_48,MatMul,static,AI_CORE,1784811986608157.565	,8.060,0.000000,24,0,NO,"""8,1024;3072,1024""",FLOAT16;FLOAT16,ND;ND,"""8,3072""",FLOAT16,ND,N/A,6.068,262140,0.538,0.089,0.526,0.087,1.309,0.216,4.673,0.77,0.156,0.026,0.0,0.0,0,0.0,0.0,0.0,0.0,0.0,0.0,0.0,0.0,0.0,75.286
0,2,2,158,6,Swish_9Mul_12,AutomaticBufferFusionOp,static,AI_VECTOR_CORE,1784811986608165.645	,3.380,0.190000,24,0,NO,"""8,1,3072;8,1,3072""",FLOAT16;FLOAT16,ND;ND,"""8,1,3072""",FLOAT16,ND,N/A,0.0,0,0.0,0.0,0.0,0.0,0.0,0.0,0.0,0.0,0.0,0.0,0.0,1.606,69389,0.163,0.101,0.156,0.097,0.335,0.209,0.173,0.108,0.145,0.000
0,2,2,159,6,MatMul_49,MatMul,static,AI_CORE,1784811986608169.065	,9.980,0.000000,22,0,NO,"""8,3072;1024,3072""",FLOAT16;FLOAT16,ND;ND,"""8,1024""",FLOAT16,ND,N/A,7.477,296092,1.461,0.195,0.884,0.118,1.924,0.257,6.045,0.809,0.165,0.022,0.003,0.0,0,0.0,0.0,0.0,0.0,0.0,0.0,0.0,0.0,0.0,68.677
0,2,2,160,6,InplaceAddRmsNorm_19,InplaceAddRmsNorm,static,AI_VECTOR_CORE,1784811986608179.065	,2.140,0.020000,8,0,NO,"""8,1,1024;8,1,1024;1024""",FLOAT16;FLOAT16;FLOAT16,ND;ND;ND,"""8,1,1024;8,1,1;8,1,1024""",FLOAT16;FLOAT;FLOAT16,ND;ND;ND,N/A,0.0,0,0.0,0.0,0.0,0.0,0.0,0.0,0.0,0.0,0.0,0.0,0.0,1.241,17875,0.282,0.227,0.707,0.569,0.27,0.218,0.363,0.292,0.01,0.000
0,2,2,161,6,MatMul_50,MatMul,static,AI_CORE,1784811986608181.225	,8.100,0.110000,23,0,NO,"""8,1024;2560,1024""",FLOAT16;FLOAT16,ND;ND,"""8,2560""",FLOAT16,ND,N/A,6.143,254314,0.64,0.104,0.305,0.05,1.236,0.201,4.276,0.696,0.23,0.037,0.038,0.0,0,0.0,0.0,0.0,0.0,0.0,0.0,0.0,0.0,0.0,72.678
0,2,2,162,6,SplitV_12,SplitVD,static,AI_VECTOR_CORE,1784811986608189.345	,1.440,0.000000,1,0,NO,"""8,1,2560""",FLOAT16,ND,"""8,1,2048;8,1,256;8,1,256""",FLOAT16;FLOAT16;FLOAT16,ND;ND;ND,N/A,0.0,0,0.0,0.0,0.0,0.0,0.0,0.0,0.0,0.0,0.0,0.0,0.0,0.894,1609,0.008,0.009,0.172,0.192,0.288,0.323,0.301,0.336,0.263,0.000
0,2,2,163,6,Scatter_21,Scatter,static,AI_VECTOR_CORE,1784811986608190.805	,1.940,0.060000,16,0,NO,"""8,2,1024,128;8;8,2,1,128""",FLOAT16;INT64;FLOAT16,NCHW;NCHW;NCHW,"""8,2,1024,128""",FLOAT16,NCHW,N/A,0.0,0,0.0,0.0,0.0,0.0,0.0,0.0,0.0,0.0,0.0,0.0,0.0,0.92,26492,0.008,0.008,0.239,0.259,0.111,0.12,0.328,0.356,0.079,0.000
0,2,2,164,6,ApplyRotaryPosEmb_10,ApplyRotaryPosEmb,static,AI_VECTOR_CORE,1784811986608192.785	,3.300,0.060000,8,0,NO,"""8,1,16,128;8,1,2,128;8,1,1,128;8,1,1,128""",FLOAT16;FLOAT16;FLOAT16;FLOAT16,NCHW;NCHW;NCHW;NCHW,"""8,1,16,128;8,1,2,128""",FLOAT16;FLOAT16,NCHW;NCHW,N/A,0.0,0,0.0,0.0,0.0,0.0,0.0,0.0,0.0,0.0,0.0,0.0,0.0,2.193,31575,0.154,0.07,1.196,0.545,0.139,0.064,0.148,0.067,0.079,0.000
0,2,2,165,6,Scatter_20,Scatter,static,AI_VECTOR_CORE,1784811986608196.125	,2.080,0.000000,16,0,NO,"""8,2,1024,128;8;8,2,1,128""",FLOAT16;INT64;FLOAT16,NCHW;NCHW;NCHW,"""8,2,1024,128""",FLOAT16,NCHW,N/A,0.0,0,0.0,0.0,0.0,0.0,0.0,0.0,0.0,0.0,0.0,0.0,0.0,0.924,26606,0.008,0.008,0.178,0.192,0.106,0.114,0.242,0.262,0.132,0.000
0,2,2,166,6,IncreFlashAttention_10,IncreFlashAttention,static,MIX_AIC,1784811986608199.565	,23.300,1.420000,16,32,NO,"""8,16,1,128;8,2,1024,128;8,2,1024,128;8,1,1,1024""",FLOAT16;FLOAT16;FLOAT16;BOOL,NCHW;NCHW;NCHW;NCHW,"""8,16,1,128""",FLOAT16,NCHW,0,21.546,620530,1.076,0.05,15.235,0.707,2.698,0.125,7.698,0.357,3.015,0.14,0.002,13.862,798434,0.72,0.052,5.626,0.406,0.217,0.016,0.454,0.033,0.006,61.649
0,2,2,167,6,MatMul_51,MatMul,static,AI_CORE,1784811986608223.945	,7.840,1.200000,22,0,NO,"""8,2048;1024,2048""",FLOAT16;FLOAT16,ND;ND,"""8,1024""",FLOAT16,ND,N/A,5.343,211571,0.974,0.182,0.732,0.137,1.308,0.245,4.014,0.751,0.196,0.037,0.0,0.0,0,0.0,0.0,0.0,0.0,0.0,0.0,0.0,0.0,0.0,62.468
0,2,2,168,6,InplaceAddRmsNorm_20,InplaceAddRmsNorm,static,AI_VECTOR_CORE,1784811986608231.805	,2.560,0.000000,8,0,NO,"""8,1,1024;8,1,1024;1024""",FLOAT16;FLOAT16;FLOAT16,ND;ND;ND,"""8,1,1024;8,1,1;8,1,1024""",FLOAT16;FLOAT;FLOAT16,ND;ND;ND,N/A,0.0,0,0.0,0.0,0.0,0.0,0.0,0.0,0.0,0.0,0.0,0.0,0.0,1.684,24243,0.282,0.168,0.462,0.275,0.513,0.305,0.397,0.236,0.08,0.000
0,2,2,169,6,MatMul_52,MatMul,static,AI_CORE,1784811986608234.385	,8.800,0.190000,24,0,NO,"""8,1024;3072,1024""",FLOAT16;FLOAT16,ND;ND,"""8,3072""",FLOAT16,ND,N/A,6.388,275968,0.538,0.084,0.264,0.041,1.31,0.205,4.821,0.755,0.158,0.025,0.113,0.0,0,0.0,0.0,0.0,0.0,0.0,0.0,0.0,0.0,0.0,72.593
0,2,2,170,6,MatMul_53,MatMul,static,AI_CORE,1784811986608243.205	,9.360,0.000000,24,0,NO,"""8,1024;3072,1024""",FLOAT16;FLOAT16,ND;ND,"""8,3072""",FLOAT16,ND,N/A,6.197,267695,0.538,0.087,0.74,0.119,1.305,0.211,4.817,0.777,0.157,0.025,0.0,0.0,0,0.0,0.0,0.0,0.0,0.0,0.0,0.0,0.0,0.0,66.203
0,2,2,171,6,Swish_10Mul_13,AutomaticBufferFusionOp,static,AI_VECTOR_CORE,1784811986608252.585	,3.480,0.000000,24,0,NO,"""8,1,3072;8,1,3072""",FLOAT16;FLOAT16,ND;ND,"""8,1,3072""",FLOAT16,ND,N/A,0.0,0,0.0,0.0,0.0,0.0,0.0,0.0,0.0,0.0,0.0,0.0,0.0,1.643,70982,0.163,0.099,0.212,0.129,0.342,0.208,0.161,0.098,0.15,0.000
0,2,2,172,6,MatMul_54,MatMul,static,AI_CORE,1784811986608256.085	,9.400,0.020000,22,0,NO,"""8,3072;1024,3072""",FLOAT16;FLOAT16,ND;ND,"""8,1024""",FLOAT16,ND,N/A,7.324,290025,1.462,0.2,0.857,0.117,1.923,0.263,5.852,0.799,0.231,0.031,0.002,0.0,0,0.0,0.0,0.0,0.0,0.0,0.0,0.0,0.0,0.0,71.421
0,2,2,173,6,InplaceAddRmsNorm_21,InplaceAddRmsNorm,static,AI_VECTOR_CORE,1784811986608265.505	,2.100,0.100000,8,0,NO,"""8,1,1024;8,1,1024;1024""",FLOAT16;FLOAT16;FLOAT16,ND;ND;ND,"""8,1,1024;8,1,1;8,1,1024""",FLOAT16;FLOAT;FLOAT16,ND;ND;ND,N/A,0.0,0,0.0,0.0,0.0,0.0,0.0,0.0,0.0,0.0,0.0,0.0,0.0,1.191,17145,0.282,0.237,0.671,0.563,0.275,0.231,0.356,0.299,0.013,0.000
0,2,2,174,6,MatMul_55,MatMul,static,AI_CORE,1784811986608267.625	,8.160,0.000000,23,0,NO,"""8,1024;2560,1024""",FLOAT16;FLOAT16,ND;ND,"""8,2560""",FLOAT16,ND,N/A,5.941,245966,0.644,0.108,0.305,0.051,1.246,0.21,4.025,0.677,0.242,0.041,0.039,0.0,0,0.0,0.0,0.0,0.0,0.0,0.0,0.0,0.0,0.0,69.775
0,2,2,175,6,SplitV_13,SplitVD,static,AI_VECTOR_CORE,1784811986608275.805	,1.500,0.090000,1,0,NO,"""8,1,2560""",FLOAT16,ND,"""8,1,2048;8,1,256;8,1,256""",FLOAT16;FLOAT16;FLOAT16,ND;ND;ND,N/A,0.0,0,0.0,0.0,0.0,0.0,0.0,0.0,0.0,0.0,0.0,0.0,0.0,0.959,1726,0.008,0.008,0.14,0.146,0.275,0.287,0.292,0.304,0.263,0.000
0,2,2,176,6,Scatter_23,Scatter,static,AI_VECTOR_CORE,1784811986608277.325	,2.360,0.000000,16,0,NO,"""8,2,1024,128;8;8,2,1,128""",FLOAT16;INT64;FLOAT16,NCHW;NCHW;NCHW,"""8,2,1024,128""",FLOAT16,NCHW,N/A,0.0,0,0.0,0.0,0.0,0.0,0.0,0.0,0.0,0.0,0.0,0.0,0.0,1.167,33601,0.008,0.007,0.213,0.182,0.111,0.095,0.485,0.416,0.092,0.000
0,2,2,177,6,ApplyRotaryPosEmb_11,ApplyRotaryPosEmb,static,AI_VECTOR_CORE,1784811986608279.705	,3.560,0.140000,8,0,NO,"""8,1,16,128;8,1,2,128;8,1,1,128;8,1,1,128""",FLOAT16;FLOAT16;FLOAT16;FLOAT16,NCHW;NCHW;NCHW;NCHW,"""8,1,16,128;8,1,2,128""",FLOAT16;FLOAT16,NCHW;NCHW,N/A,0.0,0,0.0,0.0,0.0,0.0,0.0,0.0,0.0,0.0,0.0,0.0,0.0,2.146,30902,0.156,0.073,1.275,0.594,0.13,0.061,0.137,0.064,0.083,0.000
0,2,2,178,6,Scatter_22,Scatter,static,AI_VECTOR_CORE,1784811986608283.285	,2.100,0.000000,16,0,NO,"""8,2,1024,128;8;8,2,1,128""",FLOAT16;INT64;FLOAT16,NCHW;NCHW;NCHW,"""8,2,1024,128""",FLOAT16,NCHW,N/A,0.0,0,0.0,0.0,0.0,0.0,0.0,0.0,0.0,0.0,0.0,0.0,0.0,0.917,26406,0.008,0.008,0.191,0.209,0.121,0.132,0.164,0.179,0.138,0.000
0,2,2,179,6,IncreFlashAttention_11,IncreFlashAttention,static,MIX_AIC,1784811986608286.405	,23.040,1.150000,16,32,NO,"""8,16,1,128;8,2,1024,128;8,2,1024,128;8,1,1,1024""",FLOAT16;FLOAT16;FLOAT16;BOOL,NCHW;NCHW;NCHW;NCHW,"""8,16,1,128""",FLOAT16,NCHW,0,21.276,612743,1.076,0.051,16.03,0.753,2.699,0.127,7.438,0.35,2.993,0.141,0.002,13.729,790815,0.715,0.052,7.015,0.511,0.198,0.014,0.448,0.033,0.007,61.562
0,2,2,180,6,MatMul_56,MatMul,static,AI_CORE,1784811986608310.165	,7.140,0.710000,22,0,NO,"""8,2048;1024,2048""",FLOAT16;FLOAT16,ND;ND,"""8,1024""",FLOAT16,ND,N/A,5.299,209826,0.974,0.184,0.813,0.153,1.295,0.244,3.922,0.74,0.173,0.033,0.0,0.0,0,0.0,0.0,0.0,0.0,0.0,0.0,0.0,0.0,0.0,68.026
0,2,2,181,6,InplaceAddRmsNorm_22,InplaceAddRmsNorm,static,AI_VECTOR_CORE,1784811986608317.325	,2.580,0.000000,8,0,NO,"""8,1,1024;8,1,1024;1024""",FLOAT16;FLOAT16;FLOAT16,ND;ND;ND,"""8,1,1024;8,1,1;8,1,1024""",FLOAT16;FLOAT;FLOAT16,ND;ND;ND,N/A,0.0,0,0.0,0.0,0.0,0.0,0.0,0.0,0.0,0.0,0.0,0.0,0.0,1.551,22328,0.282,0.182,0.43,0.278,0.34,0.219,0.361,0.233,0.082,0.000
0,2,2,182,6,MatMul_57,MatMul,static,AI_CORE,1784811986608319.925	,8.840,0.170000,24,0,NO,"""8,1024;3072,1024""",FLOAT16;FLOAT16,ND;ND,"""8,3072""",FLOAT16,ND,N/A,6.53,282092,0.538,0.082,0.229,0.035,1.309,0.2,4.939,0.756,0.168,0.026,0.116,0.0,0,0.0,0.0,0.0,0.0,0.0,0.0,0.0,0.0,0.0,73.868
0,2,2,183,6,MatMul_58,MatMul,static,AI_CORE,1784811986608328.785	,9.380,0.000000,24,0,NO,"""8,1024;3072,1024""",FLOAT16;FLOAT16,ND;ND,"""8,3072""",FLOAT16,ND,N/A,6.221,268768,0.538,0.086,0.915,0.147,1.309,0.21,4.436,0.713,0.156,0.025,0.0,0.0,0,0.0,0.0,0.0,0.0,0.0,0.0,0.0,0.0,0.0,66.327
0,2,2,184,6,Swish_11Mul_14,AutomaticBufferFusionOp,static,AI_VECTOR_CORE,1784811986608338.185	,3.760,0.120000,24,0,NO,"""8,1,3072;8,1,3072""",FLOAT16;FLOAT16,ND;ND,"""8,1,3072""",FLOAT16,ND,N/A,0.0,0,0.0,0.0,0.0,0.0,0.0,0.0,0.0,0.0,0.0,0.0,0.0,1.62,69991,0.163,0.1,0.155,0.095,0.224,0.138,0.134,0.083,0.147,0.000
0,2,2,185,6,MatMul_59,MatMul,static,AI_CORE,1784811986608341.965	,9.660,0.000000,22,0,NO,"""8,3072;1024,3072""",FLOAT16;FLOAT16,ND;ND,"""8,1024""",FLOAT16,ND,N/A,7.364,291596,1.461,0.198,0.796,0.108,1.929,0.262,5.995,0.814,0.176,0.024,0.003,0.0,0,0.0,0.0,0.0,0.0,0.0,0.0,0.0,0.0,0.0,69.875
0,2,2,186,6,InplaceAddRmsNorm_23,InplaceAddRmsNorm,static,AI_VECTOR_CORE,1784811986608351.665	,1.940,0.090000,8,0,NO,"""8,1,1024;8,1,1024;1024""",FLOAT16;FLOAT16;FLOAT16,ND;ND;ND,"""8,1,1024;8,1,1;8,1,1024""",FLOAT16;FLOAT;FLOAT16,ND;ND;ND,N/A,0.0,0,0.0,0.0,0.0,0.0,0.0,0.0,0.0,0.0,0.0,0.0,0.0,1.206,17370,0.282,0.234,0.646,0.535,0.33,0.273,0.354,0.293,0.013,0.000
0,2,2,187,6,MatMul_60,MatMul,static,AI_CORE,1784811986608353.625	,7.660,0.000000,23,0,NO,"""8,1024;2560,1024""",FLOAT16;FLOAT16,ND;ND,"""8,2560""",FLOAT16,ND,N/A,6.288,260332,0.639,0.102,0.295,0.047,1.232,0.196,4.461,0.709,0.226,0.036,0.039,0.0,0,0.0,0.0,0.0,0.0,0.0,0.0,0.0,0.0,0.0,78.671
0,2,2,188,6,SplitV_14,SplitVD,static,AI_VECTOR_CORE,1784811986608361.305	,1.320,0.090000,1,0,NO,"""8,1,2560""",FLOAT16,ND,"""8,1,2048;8,1,256;8,1,256""",FLOAT16;FLOAT16;FLOAT16,ND;ND;ND,N/A,0.0,0,0.0,0.0,0.0,0.0,0.0,0.0,0.0,0.0,0.0,0.0,0.0,0.814,1465,0.008,0.01,0.099,0.122,0.293,0.36,0.304,0.373,0.263,0.000
0,2,2,189,6,Scatter_25,Scatter,static,AI_VECTOR_CORE,1784811986608362.645	,2.180,0.180000,16,0,NO,"""8,2,1024,128;8;8,2,1,128""",FLOAT16;INT64;FLOAT16,NCHW;NCHW;NCHW,"""8,2,1024,128""",FLOAT16,NCHW,N/A,0.0,0,0.0,0.0,0.0,0.0,0.0,0.0,0.0,0.0,0.0,0.0,0.0,1.102,31727,0.008,0.007,0.223,0.202,0.176,0.16,0.471,0.428,0.09,0.000
0,2,2,190,6,ApplyRotaryPosEmb_12,ApplyRotaryPosEmb,static,AI_VECTOR_CORE,1784811986608364.845	,3.320,0.000000,8,0,NO,"""8,1,16,128;8,1,2,128;8,1,1,128;8,1,1,128""",FLOAT16;FLOAT16;FLOAT16;FLOAT16,NCHW;NCHW;NCHW;NCHW,"""8,1,16,128;8,1,2,128""",FLOAT16;FLOAT16,NCHW;NCHW,N/A,0.0,0,0.0,0.0,0.0,0.0,0.0,0.0,0.0,0.0,0.0,0.0,0.0,2.173,31295,0.154,0.071,1.017,0.468,0.175,0.081,0.152,0.07,0.035,0.000
0,2,2,191,6,Scatter_24,Scatter,static,AI_VECTOR_CORE,1784811986608368.205	,1.940,0.180000,16,0,NO,"""8,2,1024,128;8;8,2,1,128""",FLOAT16;INT64;FLOAT16,NCHW;NCHW;NCHW,"""8,2,1024,128""",FLOAT16,NCHW,N/A,0.0,0,0.0,0.0,0.0,0.0,0.0,0.0,0.0,0.0,0.0,0.0,0.0,0.95,27362,0.008,0.008,0.171,0.18,0.114,0.12,0.239,0.252,0.132,0.000
0,2,2,192,6,IncreFlashAttention_12,IncreFlashAttention,static,MIX_AIC,1784811986608371.445	,20.240,1.310000,16,32,NO,"""8,16,1,128;8,2,1024,128;8,2,1024,128;8,1,1,1024""",FLOAT16;FLOAT16;FLOAT16;BOOL,NCHW;NCHW;NCHW;NCHW,"""8,16,1,128""",FLOAT16,NCHW,0,18.344,528307,1.076,0.059,14.281,0.779,2.699,0.147,7.385,0.403,3.019,0.165,0.002,10.846,624733,0.718,0.066,3.326,0.307,0.237,0.022,0.454,0.042,0.006,60.422
0,2,2,193,6,MatMul_61,MatMul,static,AI_CORE,1784811986608392.745	,7.220,1.010000,22,0,NO,"""8,2048;1024,2048""",FLOAT16;FLOAT16,ND;ND,"""8,1024""",FLOAT16,ND,N/A,5.306,210128,0.974,0.184,0.68,0.128,1.297,0.244,4.046,0.762,0.184,0.035,0.0,0.0,0,0.0,0.0,0.0,0.0,0.0,0.0,0.0,0.0,0.0,67.369
0,2,2,194,6,InplaceAddRmsNorm_24,InplaceAddRmsNorm,static,AI_VECTOR_CORE,1784811986608399.985	,2.620,0.030000,8,0,NO,"""8,1,1024;8,1,1024;1024""",FLOAT16;FLOAT16;FLOAT16,ND;ND;ND,"""8,1,1024;8,1,1;8,1,1024""",FLOAT16;FLOAT;FLOAT16,ND;ND;ND,N/A,0.0,0,0.0,0.0,0.0,0.0,0.0,0.0,0.0,0.0,0.0,0.0,0.0,1.708,24589,0.282,0.165,0.515,0.301,0.517,0.302,0.394,0.231,0.073,0.000
0,2,2,195,6,MatMul_62,MatMul,static,AI_CORE,1784811986608402.625	,8.500,0.000000,24,0,NO,"""8,1024;3072,1024""",FLOAT16;FLOAT16,ND;ND,"""8,3072""",FLOAT16,ND,N/A,6.396,276314,0.538,0.084,0.24,0.038,1.307,0.204,4.847,0.758,0.16,0.025,0.113,0.0,0,0.0,0.0,0.0,0.0,0.0,0.0,0.0,0.0,0.0,75.249
0,2,2,196,6,MatMul_63,MatMul,static,AI_CORE,1784811986608411.145	,8.840,0.250000,24,0,NO,"""8,1024;3072,1024""",FLOAT16;FLOAT16,ND;ND,"""8,3072""",FLOAT16,ND,N/A,6.003,259335,0.538,0.09,0.428,0.071,1.312,0.218,4.69,0.781,0.163,0.027,0.0,0.0,0,0.0,0.0,0.0,0.0,0.0,0.0,0.0,0.0,0.0,67.909
0,2,2,197,6,Swish_12Mul_15,AutomaticBufferFusionOp,static,AI_VECTOR_CORE,1784811986608420.005	,3.440,0.000000,24,0,NO,"""8,1,3072;8,1,3072""",FLOAT16;FLOAT16,ND;ND,"""8,1,3072""",FLOAT16,ND,N/A,0.0,0,0.0,0.0,0.0,0.0,0.0,0.0,0.0,0.0,0.0,0.0,0.0,1.597,69001,0.163,0.102,0.202,0.127,0.349,0.219,0.154,0.097,0.138,0.000
0,2,2,198,6,MatMul_64,MatMul,static,AI_CORE,1784811986608423.465	,9.100,0.060000,22,0,NO,"""8,3072;1024,3072""",FLOAT16;FLOAT16,ND;ND,"""8,1024""",FLOAT16,ND,N/A,7.169,283873,1.462,0.204,0.796,0.111,1.925,0.268,5.814,0.811,0.179,0.025,0.003,0.0,0,0.0,0.0,0.0,0.0,0.0,0.0,0.0,0.0,0.0,72.210
0,2,2,199,6,InplaceAddRmsNorm_25,InplaceAddRmsNorm,static,AI_VECTOR_CORE,1784811986608432.605	,2.220,0.000000,8,0,NO,"""8,1,1024;8,1,1024;1024""",FLOAT16;FLOAT16;FLOAT16,ND;ND;ND,"""8,1,1024;8,1,1;8,1,1024""",FLOAT16;FLOAT;FLOAT16,ND;ND;ND,N/A,0.0,0,0.0,0.0,0.0,0.0,0.0,0.0,0.0,0.0,0.0,0.0,0.0,1.179,16974,0.282,0.239,0.607,0.515,0.273,0.232,0.358,0.304,0.02,0.000
0,2,2,200,6,MatMul_65,MatMul,static,AI_CORE,1784811986608434.845	,7.540,0.030000,23,0,NO,"""8,1024;2560,1024""",FLOAT16;FLOAT16,ND;ND,"""8,2560""",FLOAT16,ND,N/A,5.956,246565,0.645,0.108,0.359,0.06,1.236,0.208,4.099,0.688,0.245,0.041,0.04,0.0,0,0.0,0.0,0.0,0.0,0.0,0.0,0.0,0.0,0.0,75.697
0,2,2,201,6,SplitV_15,SplitVD,static,AI_VECTOR_CORE,1784811986608442.405	,1.420,0.210000,1,0,NO,"""8,1,2560""",FLOAT16,ND,"""8,1,2048;8,1,256;8,1,256""",FLOAT16;FLOAT16;FLOAT16,ND;ND;ND,N/A,0.0,0,0.0,0.0,0.0,0.0,0.0,0.0,0.0,0.0,0.0,0.0,0.0,0.834,1501,0.008,0.009,0.094,0.113,0.292,0.35,0.302,0.362,0.263,0.000
0,2,2,202,6,Scatter_27,Scatter,static,AI_VECTOR_CORE,1784811986608443.845	,2.100,0.000000,16,0,NO,"""8,2,1024,128;8;8,2,1,128""",FLOAT16;INT64;FLOAT16,NCHW;NCHW;NCHW,"""8,2,1024,128""",FLOAT16,NCHW,N/A,0.0,0,0.0,0.0,0.0,0.0,0.0,0.0,0.0,0.0,0.0,0.0,0.0,1.069,30775,0.008,0.007,0.534,0.5,0.109,0.102,0.245,0.229,0.086,0.000
0,2,2,203,6,ApplyRotaryPosEmb_13,ApplyRotaryPosEmb,static,AI_VECTOR_CORE,1784811986608445.985	,2.800,0.150000,8,0,NO,"""8,1,16,128;8,1,2,128;8,1,1,128;8,1,1,128""",FLOAT16;FLOAT16;FLOAT16;FLOAT16,NCHW;NCHW;NCHW;NCHW,"""8,1,16,128;8,1,2,128""",FLOAT16;FLOAT16,NCHW;NCHW,N/A,0.0,0,0.0,0.0,0.0,0.0,0.0,0.0,0.0,0.0,0.0,0.0,0.0,1.922,27672,0.154,0.08,1.132,0.589,0.131,0.068,0.138,0.072,0.031,0.000
0,2,2,204,6,Scatter_26,Scatter,static,AI_VECTOR_CORE,1784811986608448.805	,2.040,0.000000,16,0,NO,"""8,2,1024,128;8;8,2,1,128""",FLOAT16;INT64;FLOAT16,NCHW;NCHW;NCHW,"""8,2,1024,128""",FLOAT16,NCHW,N/A,0.0,0,0.0,0.0,0.0,0.0,0.0,0.0,0.0,0.0,0.0,0.0,0.0,0.919,26471,0.008,0.008,0.16,0.174,0.108,0.118,0.225,0.245,0.136,0.000
0,2,2,205,6,IncreFlashAttention_13,IncreFlashAttention,static,MIX_AIC,1784811986608452.245	,22.100,1.460000,16,32,NO,"""8,16,1,128;8,2,1024,128;8,2,1024,128;8,1,1,1024""",FLOAT16;FLOAT16;FLOAT16;BOOL,NCHW;NCHW;NCHW;NCHW,"""8,16,1,128""",FLOAT16,NCHW,0,20.704,596277,1.076,0.052,15.496,0.748,2.699,0.13,7.677,0.371,3.045,0.147,0.002,13.057,752084,0.715,0.055,6.179,0.473,0.194,0.015,0.446,0.034,0.006,62.456
0,2,2,206,6,MatMul_66,MatMul,static,AI_CORE,1784811986608475.365	,7.360,0.900000,22,0,NO,"""8,2048;1024,2048""",FLOAT16;FLOAT16,ND;ND,"""8,1024""",FLOAT16,ND,N/A,5.37,212656,0.974,0.181,0.676,0.126,1.3,0.242,4.118,0.767,0.18,0.033,0.0,0.0,0,0.0,0.0,0.0,0.0,0.0,0.0,0.0,0.0,0.0,66.883
0,2,2,207,6,InplaceAddRmsNorm_26,InplaceAddRmsNorm,static,AI_VECTOR_CORE,1784811986608482.745	,2.540,0.140000,8,0,NO,"""8,1,1024;8,1,1024;1024""",FLOAT16;FLOAT16;FLOAT16,ND;ND;ND,"""8,1,1024;8,1,1;8,1,1024""",FLOAT16;FLOAT;FLOAT16,ND;ND;ND,N/A,0.0,0,0.0,0.0,0.0,0.0,0.0,0.0,0.0,0.0,0.0,0.0,0.0,1.553,22364,0.282,0.182,0.45,0.29,0.319,0.205,0.352,0.227,0.076,0.000
0,2,2,208,6,MatMul_67,MatMul,static,AI_CORE,1784811986608485.325	,8.300,0.000000,24,0,NO,"""8,1024;3072,1024""",FLOAT16;FLOAT16,ND;ND,"""8,3072""",FLOAT16,ND,N/A,6.56,283383,0.538,0.082,0.769,0.117,1.309,0.2,4.401,0.671,0.168,0.026,0.107,0.0,0,0.0,0.0,0.0,0.0,0.0,0.0,0.0,0.0,0.0,79.034
0,2,2,209,6,MatMul_68,MatMul,static,AI_CORE,1784811986608493.645	,8.200,0.200000,24,0,NO,"""8,1024;3072,1024""",FLOAT16;FLOAT16,ND;ND,"""8,3072""",FLOAT16,ND,N/A,5.736,247776,0.538,0.094,0.431,0.075,1.315,0.229,4.422,0.771,0.162,0.028,0.0,0.0,0,0.0,0.0,0.0,0.0,0.0,0.0,0.0,0.0,0.0,69.946
0,2,2,210,6,Swish_13Mul_16,AutomaticBufferFusionOp,static,AI_VECTOR_CORE,1784811986608501.885	,3.380,0.050000,24,0,NO,"""8,1,3072;8,1,3072""",FLOAT16;FLOAT16,ND;ND,"""8,1,3072""",FLOAT16,ND,N/A,0.0,0,0.0,0.0,0.0,0.0,0.0,0.0,0.0,0.0,0.0,0.0,0.0,1.607,69407,0.163,0.101,0.167,0.104,0.321,0.2,0.175,0.109,0.138,0.000
0,2,2,211,6,MatMul_69,MatMul,static,AI_CORE,1784811986608505.285	,9.680,0.000000,22,0,NO,"""8,3072;1024,3072""",FLOAT16;FLOAT16,ND;ND,"""8,1024""",FLOAT16,ND,N/A,7.416,293669,1.461,0.197,0.795,0.107,1.932,0.261,6.047,0.815,0.194,0.026,0.002,0.0,0,0.0,0.0,0.0,0.0,0.0,0.0,0.0,0.0,0.0,70.226
0,2,2,212,6,InplaceAddRmsNorm_27,InplaceAddRmsNorm,static,AI_VECTOR_CORE,1784811986608514.985	,2.040,0.070000,8,0,NO,"""8,1,1024;8,1,1024;1024""",FLOAT16;FLOAT16;FLOAT16,ND;ND;ND,"""8,1,1024;8,1,1;8,1,1024""",FLOAT16;FLOAT;FLOAT16,ND;ND;ND,N/A,0.0,0,0.0,0.0,0.0,0.0,0.0,0.0,0.0,0.0,0.0,0.0,0.0,1.208,17390,0.282,0.234,0.648,0.536,0.385,0.319,0.372,0.308,0.013,0.000
0,2,2,213,6,MatMul_70,MatMul,static,AI_CORE,1784811986608517.045	,7.840,0.000000,23,0,NO,"""8,1024;2560,1024""",FLOAT16;FLOAT16,ND;ND,"""8,2560""",FLOAT16,ND,N/A,6.022,249323,0.647,0.107,0.48,0.08,1.241,0.206,4.008,0.666,0.226,0.038,0.039,0.0,0,0.0,0.0,0.0,0.0,0.0,0.0,0.0,0.0,0.0,73.614
0,2,2,214,6,SplitV_16,SplitVD,static,AI_VECTOR_CORE,1784811986608524.905	,1.440,0.160000,1,0,NO,"""8,1,2560""",FLOAT16,ND,"""8,1,2048;8,1,256;8,1,256""",FLOAT16;FLOAT16;FLOAT16,ND;ND;ND,N/A,0.0,0,0.0,0.0,0.0,0.0,0.0,0.0,0.0,0.0,0.0,0.0,0.0,0.88,1584,0.008,0.009,0.127,0.145,0.273,0.31,0.317,0.36,0.263,0.000
0,2,2,215,6,Scatter_29,Scatter,static,AI_VECTOR_CORE,1784811986608526.365	,2.180,0.000000,16,0,NO,"""8,2,1024,128;8;8,2,1,128""",FLOAT16;INT64;FLOAT16,NCHW;NCHW;NCHW,"""8,2,1024,128""",FLOAT16,NCHW,N/A,0.0,0,0.0,0.0,0.0,0.0,0.0,0.0,0.0,0.0,0.0,0.0,0.0,1.187,34194,0.008,0.007,0.571,0.481,0.108,0.091,0.274,0.231,0.083,0.000
0,2,2,216,6,ApplyRotaryPosEmb_14,ApplyRotaryPosEmb,static,AI_VECTOR_CORE,1784811986608528.565	,3.060,0.070000,8,0,NO,"""8,1,16,128;8,1,2,128;8,1,1,128;8,1,1,128""",FLOAT16;FLOAT16;FLOAT16;FLOAT16,NCHW;NCHW;NCHW;NCHW,"""8,1,16,128;8,1,2,128""",FLOAT16;FLOAT16,NCHW;NCHW,N/A,0.0,0,0.0,0.0,0.0,0.0,0.0,0.0,0.0,0.0,0.0,0.0,0.0,1.935,27861,0.154,0.08,1.15,0.594,0.133,0.069,0.144,0.075,0.029,0.000
0,2,2,217,6,Scatter_28,Scatter,static,AI_VECTOR_CORE,1784811986608531.645	,2.100,0.190000,16,0,NO,"""8,2,1024,128;8;8,2,1,128""",FLOAT16;INT64;FLOAT16,NCHW;NCHW;NCHW,"""8,2,1024,128""",FLOAT16,NCHW,N/A,0.0,0,0.0,0.0,0.0,0.0,0.0,0.0,0.0,0.0,0.0,0.0,0.0,0.944,27196,0.008,0.008,0.161,0.17,0.118,0.125,0.233,0.246,0.132,0.000
0,2,2,218,6,IncreFlashAttention_14,IncreFlashAttention,static,MIX_AIC,1784811986608534.865	,19.780,0.900000,16,32,NO,"""8,16,1,128;8,2,1024,128;8,2,1024,128;8,1,1,1024""",FLOAT16;FLOAT16;FLOAT16;BOOL,NCHW;NCHW;NCHW;NCHW,"""8,16,1,128""",FLOAT16,NCHW,0,18.164,523109,1.076,0.059,13.3,0.732,2.7,0.149,7.816,0.43,3.027,0.167,0.002,10.419,600129,0.72,0.069,2.818,0.27,0.193,0.019,0.458,0.044,0.007,61.218
0,2,2,219,6,MatMul_71,MatMul,static,AI_CORE,1784811986608555.565	,7.300,0.970000,22,0,NO,"""8,2048;1024,2048""",FLOAT16;FLOAT16,ND;ND,"""8,1024""",FLOAT16,ND,N/A,5.368,212561,0.976,0.182,0.712,0.133,1.294,0.241,4.083,0.761,0.172,0.032,0.0,0.0,0,0.0,0.0,0.0,0.0,0.0,0.0,0.0,0.0,0.0,67.403
0,2,2,220,6,InplaceAddRmsNorm_28,InplaceAddRmsNorm,static,AI_VECTOR_CORE,1784811986608562.885	,2.700,0.200000,8,0,NO,"""8,1,1024;8,1,1024;1024""",FLOAT16;FLOAT16;FLOAT16,ND;ND;ND,"""8,1,1024;8,1,1;8,1,1024""",FLOAT16;FLOAT;FLOAT16,ND;ND;ND,N/A,0.0,0,0.0,0.0,0.0,0.0,0.0,0.0,0.0,0.0,0.0,0.0,0.0,1.609,23173,0.282,0.175,0.472,0.294,0.332,0.206,0.356,0.221,0.08,0.000
0,2,2,221,6,MatMul_72,MatMul,static,AI_CORE,1784811986608565.625	,8.740,0.000000,24,0,NO,"""8,1024;3072,1024""",FLOAT16;FLOAT16,ND;ND,"""8,3072""",FLOAT16,ND,N/A,6.299,272136,0.538,0.085,0.626,0.099,1.31,0.208,4.367,0.693,0.161,0.026,0.109,0.0,0,0.0,0.0,0.0,0.0,0.0,0.0,0.0,0.0,0.0,72.076
0,2,2,222,6,MatMul_73,MatMul,static,AI_CORE,1784811986608574.385	,8.480,0.260000,24,0,NO,"""8,1024;3072,1024""",FLOAT16;FLOAT16,ND;ND,"""8,3072""",FLOAT16,ND,N/A,5.938,256528,0.538,0.091,0.504,0.085,1.311,0.221,4.568,0.769,0.156,0.026,0.0,0.0,0,0.0,0.0,0.0,0.0,0.0,0.0,0.0,0.0,0.0,70.025
0,2,2,223,6,Swish_14Mul_17,AutomaticBufferFusionOp,static,AI_VECTOR_CORE,1784811986608582.905	,3.440,0.020000,24,0,NO,"""8,1,3072;8,1,3072""",FLOAT16;FLOAT16,ND;ND,"""8,1,3072""",FLOAT16,ND,N/A,0.0,0,0.0,0.0,0.0,0.0,0.0,0.0,0.0,0.0,0.0,0.0,0.0,1.549,66909,0.163,0.105,0.167,0.108,0.3,0.194,0.16,0.103,0.148,0.000
0,2,2,224,6,MatMul_74,MatMul,static,AI_CORE,1784811986608586.365	,9.900,0.000000,22,0,NO,"""8,3072;1024,3072""",FLOAT16;FLOAT16,ND;ND,"""8,1024""",FLOAT16,ND,N/A,7.561,299428,1.462,0.193,0.862,0.114,1.92,0.254,6.134,0.811,0.182,0.024,0.002,0.0,0,0.0,0.0,0.0,0.0,0.0,0.0,0.0,0.0,0.0,70.012
0,2,2,225,6,InplaceAddRmsNorm_29,InplaceAddRmsNorm,static,AI_VECTOR_CORE,1784811986608596.285	,1.960,0.100000,8,0,NO,"""8,1,1024;8,1,1024;1024""",FLOAT16;FLOAT16;FLOAT16,ND;ND;ND,"""8,1,1024;8,1,1;8,1,1024""",FLOAT16;FLOAT;FLOAT16,ND;ND;ND,N/A,0.0,0,0.0,0.0,0.0,0.0,0.0,0.0,0.0,0.0,0.0,0.0,0.0,1.213,17470,0.282,0.233,0.534,0.44,0.553,0.456,0.424,0.35,0.013,0.000
0,2,2,226,6,MatMul_75,MatMul,static,AI_CORE,1784811986608598.265	,7.620,0.040000,23,0,NO,"""8,1024;2560,1024""",FLOAT16;FLOAT16,ND;ND,"""8,2560""",FLOAT16,ND,N/A,6.301,260875,0.644,0.102,0.317,0.05,1.229,0.195,4.43,0.703,0.249,0.04,0.039,0.0,0,0.0,0.0,0.0,0.0,0.0,0.0,0.0,0.0,0.0,79.249
0,2,2,227,6,SplitV_17,SplitVD,static,AI_VECTOR_CORE,1784811986608605.905	,1.400,0.130000,1,0,NO,"""8,1,2560""",FLOAT16,ND,"""8,1,2048;8,1,256;8,1,256""",FLOAT16;FLOAT16;FLOAT16,ND;ND;ND,N/A,0.0,0,0.0,0.0,0.0,0.0,0.0,0.0,0.0,0.0,0.0,0.0,0.0,0.862,1551,0.008,0.009,0.128,0.149,0.303,0.351,0.303,0.351,0.263,0.000
0,2,2,228,6,Scatter_31,Scatter,static,AI_VECTOR_CORE,1784811986608607.325	,2.080,0.000000,16,0,NO,"""8,2,1024,128;8;8,2,1,128""",FLOAT16;INT64;FLOAT16,NCHW;NCHW;NCHW,"""8,2,1024,128""",FLOAT16,NCHW,N/A,0.0,0,0.0,0.0,0.0,0.0,0.0,0.0,0.0,0.0,0.0,0.0,0.0,0.991,28552,0.008,0.008,0.281,0.283,0.115,0.116,0.379,0.382,0.09,0.000
0,2,2,229,6,ApplyRotaryPosEmb_15,ApplyRotaryPosEmb,static,AI_VECTOR_CORE,1784811986608609.445	,2.820,0.170000,8,0,NO,"""8,1,16,128;8,1,2,128;8,1,1,128;8,1,1,128""",FLOAT16;FLOAT16;FLOAT16;FLOAT16,NCHW;NCHW;NCHW;NCHW,"""8,1,16,128;8,1,2,128""",FLOAT16;FLOAT16,NCHW;NCHW,N/A,0.0,0,0.0,0.0,0.0,0.0,0.0,0.0,0.0,0.0,0.0,0.0,0.0,1.938,27905,0.154,0.079,1.116,0.576,0.136,0.07,0.146,0.075,0.028,0.000
0,2,2,230,6,Scatter_30,Scatter,static,AI_VECTOR_CORE,1784811986608612.305	,2.120,0.000000,16,0,NO,"""8,2,1024,128;8;8,2,1,128""",FLOAT16;INT64;FLOAT16,NCHW;NCHW;NCHW,"""8,2,1024,128""",FLOAT16,NCHW,N/A,0.0,0,0.0,0.0,0.0,0.0,0.0,0.0,0.0,0.0,0.0,0.0,0.0,1.135,32679,0.008,0.007,0.176,0.155,0.106,0.093,0.391,0.344,0.132,0.000
0,2,2,231,6,IncreFlashAttention_15,IncreFlashAttention,static,MIX_AIC,1784811986608615.705	,21.020,1.380000,16,32,NO,"""8,16,1,128;8,2,1024,128;8,2,1024,128;8,1,1,1024""",FLOAT16;FLOAT16;FLOAT16;BOOL,NCHW;NCHW;NCHW;NCHW,"""8,16,1,128""",FLOAT16,NCHW,0,19.336,556876,1.076,0.056,14.371,0.743,2.699,0.14,7.598,0.393,3.053,0.158,0.002,11.694,673552,0.72,0.062,3.947,0.338,0.204,0.017,0.454,0.039,0.006,61.326
0,2,2,232,6,MatMul_76,MatMul,static,AI_CORE,1784811986608637.605	,7.820,0.730000,22,0,NO,"""8,2048;1024,2048""",FLOAT16;FLOAT16,ND;ND,"""8,1024""",FLOAT16,ND,N/A,5.432,215094,0.976,0.18,0.714,0.131,1.299,0.239,4.154,0.765,0.168,0.031,0.0,0.0,0,0.0,0.0,0.0,0.0,0.0,0.0,0.0,0.0,0.0,63.670
0,2,2,233,6,InplaceAddRmsNorm_30,InplaceAddRmsNorm,static,AI_VECTOR_CORE,1784811986608645.465	,2.640,0.180000,8,0,NO,"""8,1,1024;8,1,1024;1024""",FLOAT16;FLOAT16;FLOAT16,ND;ND;ND,"""8,1,1024;8,1,1;8,1,1024""",FLOAT16;FLOAT;FLOAT16,ND;ND;ND,N/A,0.0,0,0.0,0.0,0.0,0.0,0.0,0.0,0.0,0.0,0.0,0.0,0.0,1.556,22409,0.282,0.181,0.453,0.291,0.337,0.217,0.355,0.228,0.074,0.000
0,2,2,234,6,MatMul_77,MatMul,static,AI_CORE,1784811986608648.125	,7.260,0.000000,24,0,NO,"""8,1024;3072,1024""",FLOAT16;FLOAT16,ND;ND,"""8,3072""",FLOAT16,ND,N/A,6.086,262903,0.538,0.088,0.246,0.04,1.305,0.214,4.497,0.739,0.171,0.028,0.109,0.0,0,0.0,0.0,0.0,0.0,0.0,0.0,0.0,0.0,0.0,83.825
0,2,2,235,6,MatMul_78,MatMul,static,AI_CORE,1784811986608655.405	,9.180,0.240000,24,0,NO,"""8,1024;3072,1024""",FLOAT16;FLOAT16,ND;ND,"""8,3072""",FLOAT16,ND,N/A,6.09,263097,0.538,0.088,0.502,0.082,1.313,0.216,4.711,0.774,0.159,0.026,0.0,0.0,0,0.0,0.0,0.0,0.0,0.0,0.0,0.0,0.0,0.0,66.342
0,2,2,236,6,Swish_15Mul_18,AutomaticBufferFusionOp,static,AI_VECTOR_CORE,1784811986608664.605	,3.440,0.000000,24,0,NO,"""8,1,3072;8,1,3072""",FLOAT16;FLOAT16,ND;ND,"""8,1,3072""",FLOAT16,ND,N/A,0.0,0,0.0,0.0,0.0,0.0,0.0,0.0,0.0,0.0,0.0,0.0,0.0,1.708,73773,0.163,0.095,0.31,0.181,0.324,0.189,0.17,0.099,0.134,0.000
0,2,2,237,6,MatMul_79,MatMul,static,AI_CORE,1784811986608668.065	,10.140,0.060000,22,0,NO,"""8,3072;1024,3072""",FLOAT16;FLOAT16,ND;ND,"""8,1024""",FLOAT16,ND,N/A,7.782,308176,1.461,0.188,1.219,0.157,1.928,0.248,6.006,0.772,0.174,0.022,0.002,0.0,0,0.0,0.0,0.0,0.0,0.0,0.0,0.0,0.0,0.0,70.352
0,2,2,238,6,InplaceAddRmsNorm_31,InplaceAddRmsNorm,static,AI_VECTOR_CORE,1784811986608678.225	,1.920,0.110000,8,0,NO,"""8,1,1024;8,1,1024;1024""",FLOAT16;FLOAT16;FLOAT16,ND;ND;ND,"""8,1,1024;8,1,1;8,1,1024""",FLOAT16;FLOAT;FLOAT16,ND;ND;ND,N/A,0.0,0,0.0,0.0,0.0,0.0,0.0,0.0,0.0,0.0,0.0,0.0,0.0,1.195,17207,0.282,0.236,0.546,0.457,0.498,0.417,0.422,0.353,0.013,0.000
0,2,2,239,6,MatMul_80,MatMul,static,AI_CORE,1784811986608680.165	,7.440,0.080000,23,0,NO,"""8,1024;2560,1024""",FLOAT16;FLOAT16,ND;ND,"""8,2560""",FLOAT16,ND,N/A,6.177,255708,0.642,0.104,0.313,0.051,1.237,0.2,4.296,0.696,0.261,0.042,0.039,0.0,0,0.0,0.0,0.0,0.0,0.0,0.0,0.0,0.0,0.0,79.559
0,2,2,240,6,SplitV_18,SplitVD,static,AI_VECTOR_CORE,1784811986608687.625	,1.440,0.000000,1,0,NO,"""8,1,2560""",FLOAT16,ND,"""8,1,2048;8,1,256;8,1,256""",FLOAT16;FLOAT16;FLOAT16,ND;ND;ND,N/A,0.0,0,0.0,0.0,0.0,0.0,0.0,0.0,0.0,0.0,0.0,0.0,0.0,0.862,1551,0.008,0.009,0.114,0.132,0.289,0.335,0.314,0.364,0.263,0.000
0,2,2,241,6,Scatter_33,Scatter,static,AI_VECTOR_CORE,1784811986608689.085	,1.920,0.060000,16,0,NO,"""8,2,1024,128;8;8,2,1,128""",FLOAT16;INT64;FLOAT16,NCHW;NCHW;NCHW,"""8,2,1024,128""",FLOAT16,NCHW,N/A,0.0,0,0.0,0.0,0.0,0.0,0.0,0.0,0.0,0.0,0.0,0.0,0.0,0.973,28029,0.008,0.008,0.248,0.255,0.109,0.112,0.352,0.362,0.083,0.000
0,2,2,242,6,ApplyRotaryPosEmb_16,ApplyRotaryPosEmb,static,AI_VECTOR_CORE,1784811986608691.025	,2.880,0.080000,8,0,NO,"""8,1,16,128;8,1,2,128;8,1,1,128;8,1,1,128""",FLOAT16;FLOAT16;FLOAT16;FLOAT16,NCHW;NCHW;NCHW;NCHW,"""8,1,16,128;8,1,2,128""",FLOAT16;FLOAT16,NCHW;NCHW,N/A,0.0,0,0.0,0.0,0.0,0.0,0.0,0.0,0.0,0.0,0.0,0.0,0.0,1.911,27515,0.154,0.081,1.14,0.597,0.127,0.067,0.14,0.073,0.026,0.000
0,2,2,243,6,Scatter_32,Scatter,static,AI_VECTOR_CORE,1784811986608693.925	,2.280,0.120000,16,0,NO,"""8,2,1024,128;8;8,2,1,128""",FLOAT16;INT64;FLOAT16,NCHW;NCHW;NCHW,"""8,2,1024,128""",FLOAT16,NCHW,N/A,0.0,0,0.0,0.0,0.0,0.0,0.0,0.0,0.0,0.0,0.0,0.0,0.0,1.152,33189,0.008,0.007,0.418,0.363,0.113,0.098,0.276,0.239,0.126,0.000
0,2,2,244,6,IncreFlashAttention_16,IncreFlashAttention,static,MIX_AIC,1784811986608697.105	,21.520,0.720000,16,32,NO,"""8,16,1,128;8,2,1024,128;8,2,1024,128;8,1,1,1024""",FLOAT16;FLOAT16;FLOAT16;BOOL,NCHW;NCHW;NCHW;NCHW,"""8,16,1,128""",FLOAT16,NCHW,0,19.965,575001,1.076,0.054,14.715,0.737,2.699,0.135,7.537,0.378,3.073,0.154,0.002,12.408,714709,0.715,0.058,5.639,0.454,0.194,0.016,0.455,0.037,0.006,61.850
0,2,2,245,6,MatMul_81,MatMul,static,AI_CORE,1784811986608719.645	,7.280,1.230000,22,0,NO,"""8,2048;1024,2048""",FLOAT16;FLOAT16,ND;ND,"""8,1024""",FLOAT16,ND,N/A,5.469,216572,0.974,0.178,1.383,0.253,1.296,0.237,3.504,0.641,0.233,0.043,0.0,0.0,0,0.0,0.0,0.0,0.0,0.0,0.0,0.0,0.0,0.0,68.863
0,2,2,246,6,InplaceAddRmsNorm_32,InplaceAddRmsNorm,static,AI_VECTOR_CORE,1784811986608726.965	,2.600,0.000000,8,0,NO,"""8,1,1024;8,1,1024;1024""",FLOAT16;FLOAT16;FLOAT16,ND;ND;ND,"""8,1,1024;8,1,1;8,1,1024""",FLOAT16;FLOAT;FLOAT16,ND;ND;ND,N/A,0.0,0,0.0,0.0,0.0,0.0,0.0,0.0,0.0,0.0,0.0,0.0,0.0,1.707,24585,0.282,0.165,0.463,0.271,0.428,0.251,0.355,0.208,0.07,0.000
0,2,2,247,6,MatMul_82,MatMul,static,AI_CORE,1784811986608729.585	,8.420,0.000000,24,0,NO,"""8,1024;3072,1024""",FLOAT16;FLOAT16,ND;ND,"""8,3072""",FLOAT16,ND,N/A,6.419,277292,0.538,0.084,0.259,0.04,1.308,0.204,4.833,0.753,0.16,0.025,0.112,0.0,0,0.0,0.0,0.0,0.0,0.0,0.0,0.0,0.0,0.0,76.233
0,2,2,248,6,MatMul_83,MatMul,static,AI_CORE,1784811986608738.025	,8.620,0.080000,24,0,NO,"""8,1024;3072,1024""",FLOAT16;FLOAT16,ND;ND,"""8,3072""",FLOAT16,ND,N/A,6.065,262003,0.538,0.089,0.53,0.087,1.309,0.216,4.649,0.767,0.163,0.027,0.0,0.0,0,0.0,0.0,0.0,0.0,0.0,0.0,0.0,0.0,0.0,70.358
0,2,2,249,6,Swish_16Mul_19,AutomaticBufferFusionOp,static,AI_VECTOR_CORE,1784811986608746.665	,3.400,0.130000,24,0,NO,"""8,1,3072;8,1,3072""",FLOAT16;FLOAT16,ND;ND,"""8,1,3072""",FLOAT16,ND,N/A,0.0,0,0.0,0.0,0.0,0.0,0.0,0.0,0.0,0.0,0.0,0.0,0.0,1.522,65744,0.163,0.107,0.17,0.111,0.249,0.163,0.158,0.104,0.133,0.000
0,2,2,250,6,MatMul_84,MatMul,static,AI_CORE,1784811986608750.085	,9.560,0.000000,22,0,NO,"""8,3072;1024,3072""",FLOAT16;FLOAT16,ND;ND,"""8,1024""",FLOAT16,ND,N/A,7.847,310757,1.462,0.186,1.39,0.177,1.929,0.246,5.877,0.749,0.192,0.024,0.002,0.0,0,0.0,0.0,0.0,0.0,0.0,0.0,0.0,0.0,0.0,75.245
0,2,2,251,6,InplaceAddRmsNorm_33,InplaceAddRmsNorm,static,AI_VECTOR_CORE,1784811986608759.665	,2.100,0.190000,8,0,NO,"""8,1,1024;8,1,1024;1024""",FLOAT16;FLOAT16;FLOAT16,ND;ND;ND,"""8,1,1024;8,1,1;8,1,1024""",FLOAT16;FLOAT;FLOAT16,ND;ND;ND,N/A,0.0,0,0.0,0.0,0.0,0.0,0.0,0.0,0.0,0.0,0.0,0.0,0.0,1.25,17998,0.282,0.226,0.723,0.578,0.273,0.218,0.357,0.285,0.013,0.000
0,2,2,252,6,MatMul_85,MatMul,static,AI_CORE,1784811986608761.785	,8.640,0.000000,23,0,NO,"""8,1024;2560,1024""",FLOAT16;FLOAT16,ND;ND,"""8,2560""",FLOAT16,ND,N/A,6.162,255100,0.644,0.105,0.304,0.049,1.243,0.202,4.235,0.687,0.232,0.038,0.039,0.0,0,0.0,0.0,0.0,0.0,0.0,0.0,0.0,0.0,0.0,68.346
0,2,2,253,6,SplitV_19,SplitVD,static,AI_VECTOR_CORE,1784811986608770.445	,1.380,0.110000,1,0,NO,"""8,1,2560""",FLOAT16,ND,"""8,1,2048;8,1,256;8,1,256""",FLOAT16;FLOAT16;FLOAT16,ND;ND;ND,N/A,0.0,0,0.0,0.0,0.0,0.0,0.0,0.0,0.0,0.0,0.0,0.0,0.0,0.918,1653,0.008,0.008,0.151,0.164,0.284,0.31,0.3,0.327,0.263,0.000
0,2,2,254,6,Scatter_35,Scatter,static,AI_VECTOR_CORE,1784811986608771.845	,2.240,0.000000,16,0,NO,"""8,2,1024,128;8;8,2,1,128""",FLOAT16;INT64;FLOAT16,NCHW;NCHW;NCHW,"""8,2,1024,128""",FLOAT16,NCHW,N/A,0.0,0,0.0,0.0,0.0,0.0,0.0,0.0,0.0,0.0,0.0,0.0,0.0,1.115,32099,0.008,0.007,0.225,0.202,0.109,0.098,0.439,0.394,0.096,0.000
0,2,2,255,6,ApplyRotaryPosEmb_17,ApplyRotaryPosEmb,static,AI_VECTOR_CORE,1784811986608774.105	,2.880,0.010000,8,0,NO,"""8,1,16,128;8,1,2,128;8,1,1,128;8,1,1,128""",FLOAT16;FLOAT16;FLOAT16;FLOAT16,NCHW;NCHW;NCHW;NCHW,"""8,1,16,128;8,1,2,128""",FLOAT16;FLOAT16,NCHW;NCHW,N/A,0.0,0,0.0,0.0,0.0,0.0,0.0,0.0,0.0,0.0,0.0,0.0,0.0,1.984,28566,0.154,0.078,1.142,0.575,0.134,0.068,0.145,0.073,0.033,0.000
0,2,2,256,6,Scatter_34,Scatter,static,AI_VECTOR_CORE,1784811986608777.005	,2.260,0.120000,16,0,NO,"""8,2,1024,128;8;8,2,1,128""",FLOAT16;INT64;FLOAT16,NCHW;NCHW;NCHW,"""8,2,1024,128""",FLOAT16,NCHW,N/A,0.0,0,0.0,0.0,0.0,0.0,0.0,0.0,0.0,0.0,0.0,0.0,0.0,1.172,33756,0.008,0.007,0.4,0.341,0.115,0.098,0.231,0.197,0.12,0.000
0,2,2,257,6,IncreFlashAttention_17,IncreFlashAttention,static,MIX_AIC,1784811986608780.345	,19.060,0.990000,16,32,NO,"""8,16,1,128;8,2,1024,128;8,2,1024,128;8,1,1,1024""",FLOAT16;FLOAT16;FLOAT16;BOOL,NCHW;NCHW;NCHW;NCHW,"""8,16,1,128""",FLOAT16,NCHW,0,17.863,514467,1.076,0.06,13.468,0.754,2.699,0.151,7.605,0.426,3.04,0.17,0.002,10.237,589630,0.719,0.07,2.873,0.281,0.192,0.019,0.45,0.044,0.006,62.481
0,2,2,258,6,MatMul_86,MatMul,static,AI_CORE,1784811986608800.445	,7.620,1.190000,22,0,NO,"""8,2048;1024,2048""",FLOAT16;FLOAT16,ND;ND,"""8,1024""",FLOAT16,ND,N/A,5.625,222748,0.973,0.173,1.105,0.196,1.303,0.232,3.972,0.706,0.162,0.029,0.0,0.0,0,0.0,0.0,0.0,0.0,0.0,0.0,0.0,0.0,0.0,67.667
0,2,2,259,6,InplaceAddRmsNorm_34,InplaceAddRmsNorm,static,AI_VECTOR_CORE,1784811986608808.085	,2.720,0.000000,8,0,NO,"""8,1,1024;8,1,1024;1024""",FLOAT16;FLOAT16;FLOAT16,ND;ND;ND,"""8,1,1024;8,1,1;8,1,1024""",FLOAT16;FLOAT;FLOAT16,ND;ND;ND,N/A,0.0,0,0.0,0.0,0.0,0.0,0.0,0.0,0.0,0.0,0.0,0.0,0.0,1.656,23850,0.282,0.17,0.497,0.3,0.412,0.249,0.36,0.217,0.077,0.000
0,2,2,260,6,MatMul_87,MatMul,static,AI_CORE,1784811986608810.825	,7.540,0.030000,24,0,NO,"""8,1024;3072,1024""",FLOAT16;FLOAT16,ND;ND,"""8,3072""",FLOAT16,ND,N/A,6.253,270132,0.538,0.086,0.231,0.037,1.307,0.209,4.66,0.745,0.17,0.027,0.113,0.0,0,0.0,0.0,0.0,0.0,0.0,0.0,0.0,0.0,0.0,82.932
0,2,2,261,6,MatMul_88,MatMul,static,AI_CORE,1784811986608818.385	,7.980,0.210000,24,0,NO,"""8,1024;3072,1024""",FLOAT16;FLOAT16,ND;ND,"""8,3072""",FLOAT16,ND,N/A,5.741,248018,0.538,0.094,0.417,0.073,1.311,0.228,4.45,0.775,0.16,0.028,0.0,0.0,0,0.0,0.0,0.0,0.0,0.0,0.0,0.0,0.0,0.0,71.944
0,2,2,262,6,Swish_17Mul_20,AutomaticBufferFusionOp,static,AI_VECTOR_CORE,1784811986608826.385	,3.980,0.020000,24,0,NO,"""8,1,3072;8,1,3072""",FLOAT16;FLOAT16,ND;ND,"""8,1,3072""",FLOAT16,ND,N/A,0.0,0,0.0,0.0,0.0,0.0,0.0,0.0,0.0,0.0,0.0,0.0,0.0,1.643,70993,0.163,0.099,0.156,0.095,0.212,0.129,0.133,0.081,0.142,0.000
0,2,2,263,6,MatMul_89,MatMul,static,AI_CORE,1784811986608830.385	,9.540,0.020000,22,0,NO,"""8,3072;1024,3072""",FLOAT16;FLOAT16,ND;ND,"""8,1024""",FLOAT16,ND,N/A,7.219,285857,1.461,0.202,0.775,0.107,1.922,0.266,5.881,0.815,0.172,0.024,0.002,0.0,0,0.0,0.0,0.0,0.0,0.0,0.0,0.0,0.0,0.0,69.361
0,2,2,264,6,InplaceAddRmsNorm_35,InplaceAddRmsNorm,static,AI_VECTOR_CORE,1784811986608839.945	,3.000,0.000000,8,0,NO,"""8,1,1024;8,1,1024;1024""",FLOAT16;FLOAT16;FLOAT16,ND;ND;ND,"""8,1,1024;8,1,1;8,1,1024""",FLOAT16;FLOAT;FLOAT16,ND;ND;ND,N/A,0.0,0,0.0,0.0,0.0,0.0,0.0,0.0,0.0,0.0,0.0,0.0,0.0,1.942,27958,0.283,0.146,0.44,0.227,0.257,0.132,0.354,0.182,0.236,0.000
0,2,2,265,6,MatMul_90,MatMul,static,AI_CORE,1784811986608842.965	,141.880,0.000000,24,0,NO,"""8,1024;103424,1024""",FLOAT16;FLOAT16,ND;ND,"""8,103424""",FLOAT16,ND,N/A,137.233,5928456,18.105,0.132,7.328,0.053,46.296,0.337,134.386,0.979,2.799,0.02,0.004,0.0,0,0.0,0.0,0.0,0.0,0.0,0.0,0.0,0.0,0.0,96.725
0,2,4294967295,818,3,aclnnInplaceCopy_CastAiCore_Cast,Cast,dynamic,AI_VECTOR_CORE,1784811986609000.585	,7.700,15.620000,48,0,NO,"""8,103424""",FLOAT16,ND,"""8,103424""",FLOAT,ND,N/A,0.0,0,0.0,0.0,0.0,0.0,0.0,0.0,0.0,0.0,0.0,0.0,0.0,5.56,480361,0.204,0.037,1.244,0.224,1.201,0.216,1.188,0.214,0.153,0.000
0,2,4294967295,819,3,aclnnArgMax_ArgMaxV2AiCore_ArgMaxV2,ArgMaxV2,dynamic,AI_VECTOR_CORE,1784811986609008.305	,14.760,0.050000,8,0,NO,"""8,103424;""",FLOAT;INT64,ND;ND,"""8,1""",INT32,ND,N/A,0.0,0,0.0,0.0,0.0,0.0,0.0,0.0,0.0,0.0,0.0,0.0,0.0,13.756,198082,7.397,0.538,1.742,0.127,3.703,0.269,0.126,0.009,0.064,0.000
0,2,4294967295,820,3,aclnnArgMax_CastAiCore_Cast,Cast,dynamic,AI_VECTOR_CORE,1784811986609023.085	,1.340,0.000000,1,0,NO,"""8,1""",INT32,ND,"""8,1""",INT64,ND,N/A,0.0,0,0.0,0.0,0.0,0.0,0.0,0.0,0.0,0.0,0.0,0.0,0.0,0.798,1436,0.023,0.029,0.259,0.325,0.106,0.133,0.113,0.141,0.163,0.000
0,2,4294967295,822,3,aclnnInplaceFillScalar_FillAiCore_Fill,Fill,dynamic,AI_VECTOR_CORE,1784811986609024.605	,2.240,0.160000,1,0,NO,"""2;""",INT64;INT64,ND;ND,"""8,1""",INT64,ND,N/A,0.0,0,0.0,0.0,0.0,0.0,0.0,0.0,0.0,0.0,0.0,0.0,0.0,1.699,3058,0.1,0.059,0.633,0.373,0.275,0.162,0.112,0.066,0.218,0.000
0,2,4294967295,823,3,aclnnSWhere_SelectV2AiCore_SelectV2,SelectV2,dynamic,AI_VECTOR_CORE,1784811986609026.865	,2.020,0.010000,1,0,NO,"""8,1;8,1;8,1""",BOOL;INT64;INT64,ND;ND;ND,"""8,1""",INT64,ND,N/A,0.0,0,0.0,0.0,0.0,0.0,0.0,0.0,0.0,0.0,0.0,0.0,0.0,1.476,2656,0.116,0.079,0.454,0.308,0.388,0.263,0.12,0.081,0.233,0.000
0,2,4294967295,824,3,aclnnAdds_AddAiCore_Add,Add,dynamic,AI_VECTOR_CORE,1784811986609028.905	,3.080,0.230000,1,0,NO,"""8;""",INT64;INT64,ND;ND,"""8""",INT64,ND,N/A,0.0,0,0.0,0.0,0.0,0.0,0.0,0.0,0.0,0.0,0.0,0.0,0.0,2.522,4540,0.312,0.124,0.524,0.208,0.464,0.184,0.074,0.03,0.213,0.000
0,2,4294967295,825,3,aclnnInplaceZero_ZerosLikeAiCore_ZerosLike,ZerosLike,dynamic,AI_VECTOR_CORE,1784811986609032.125	,1.900,0.000000,1,0,NO,"""8""",INT64,ND,"""8""",INT64,ND,N/A,0.0,0,0.0,0.0,0.0,0.0,0.0,0.0,0.0,0.0,0.0,0.0,0.0,1.333,2400,0.064,0.048,0.324,0.243,0.001,0.001,0.105,0.079,0.276,0.000
0,2,4294967295,826,3,aclnnSWhere_SelectV2AiCore_SelectV2,SelectV2,dynamic,AI_VECTOR_CORE,1784811986609034.045	,1.660,0.100000,1,0,NO,"""8;8;8""",BOOL;INT64;INT64,ND;ND;ND,"""8""",INT64,ND,N/A,0.0,0,0.0,0.0,0.0,0.0,0.0,0.0,0.0,0.0,0.0,0.0,0.0,1.097,1975,0.109,0.1,0.421,0.384,0.255,0.232,0.124,0.113,0.207,0.000
