OCR API ready worker_pid=3382; preparing table crops in RAM
Frozen ALL cohort: 665 tables (121 LaTeX, 544 non-LaTeX)
Scheduled 1000 Poisson arrivals at 6 QPS; request limit=1000; last scheduled arrival at 173.512s; HTTP endpoint=http://127.0.0.1:8767/v1/ocr
Writing each completion to tmp/19_table_ocr_serving/step2_b8qps6_dc755584_20260910_retry/b8/qps6/measured/results.jsonl
[   0.025s] SEND #00001 table=page_001375_table_1 lag=   1.1ms active=1
[   0.338s] SEND #00002 table=page_000256_table_box_id_1 lag=   1.0ms active=2
[   0.529s] RECV #00002 table=page_000256_table_box_id_1 request= 0.191s scheduled= 0.192s status=ok active=1
[   0.578s] SEND #00003 table=page_000918_table_6 lag=   0.5ms active=2
[   0.628s] SEND #00004 table=page_001130_table_1 lag=   1.1ms active=3
[   0.742s] SEND #00005 table=page_000758_table_21 lag=   0.7ms active=4
[   0.793s] RECV #00003 table=page_000918_table_6 request= 0.215s scheduled= 0.215s status=ok active=3
[   0.812s] RECV #00004 table=page_001130_table_1 request= 0.184s scheduled= 0.185s status=ok active=2
[   0.830s] RECV #00005 table=page_000758_table_21 request= 0.088s scheduled= 0.089s status=ok active=1
[   0.841s] SEND #00006 table=page_001202_table_3 lag=   1.0ms active=2
[   1.018s] SEND #00007 table=page_000636_table_5 lag=   2.1ms active=3
[   1.173s] RECV #00007 table=page_000636_table_5 request= 0.154s scheduled= 0.156s status=ok active=2
[   1.277s] SEND #00008 table=page_000254_table_box_id_4 lag=   1.7ms active=3
[   1.293s] SEND #00009 table=page_000178_table_box_id_1 lag=   1.1ms active=4
[   1.297s] SEND #00010 table=page_000220_table_box_id_7 lag=   0.2ms active=5
[   1.599s] SEND #00011 table=page_000505_table_1 lag=   1.0ms active=6
[   1.692s] SEND #00012 table=page_000418_table_3 lag=   0.3ms active=7
[   1.933s] SEND #00013 table=page_000266_table_box_id_7 lag=   1.9ms active=8
[   1.934s] SEND #00014 table=page_001375_table_4 lag=   1.8ms active=9
[   2.030s] SEND #00015 table=page_001158_table_3 lag=   0.3ms active=10
[   2.031s] RECV #00001 table=page_001375_table_1 request= 2.006s scheduled= 2.007s status=ok active=9
[   2.195s] RECV #00013 table=page_000266_table_box_id_7 request= 0.262s scheduled= 0.264s status=ok active=8
[   2.243s] SEND #00016 table=page_000930_table_7 lag=   0.3ms active=9
[   2.287s] SEND #00017 table=page_001198_table_8 lag=   0.7ms active=10
[   2.505s] RECV #00006 table=page_001202_table_3 request= 1.663s scheduled= 1.664s status=ok active=9
[   2.638s] RECV #00012 table=page_000418_table_3 request= 0.946s scheduled= 0.946s status=ok active=8
[   2.696s] RECV #00016 table=page_000930_table_7 request= 0.452s scheduled= 0.453s status=ok active=7
[   2.697s] RECV #00015 table=page_001158_table_3 request= 0.666s scheduled= 0.667s status=ok active=6
[   2.716s] RECV #00008 table=page_000254_table_box_id_4 request= 1.439s scheduled= 1.441s status=ok active=5
[   2.741s] RECV #00010 table=page_000220_table_box_id_7 request= 1.445s scheduled= 1.445s status=ok active=4
[   2.772s] SEND #00018 table=page_000434_table_15 lag=   1.1ms active=5
[   3.158s] SEND #00019 table=page_000534_table_4 lag=   0.9ms active=6
[   3.163s] SEND #00020 table=page_001161_table_3 lag=   0.4ms active=7
[   3.167s] SEND #00021 table=page_000566_table_3 lag=   0.9ms active=8
[   3.176s] RECV #00011 table=page_000505_table_1 request= 1.577s scheduled= 1.578s status=ok active=7
[   3.297s] SEND #00022 table=page_001200_table_2 lag=   0.4ms active=8
[   3.508s] RECV #00017 table=page_001198_table_8 request= 1.221s scheduled= 1.222s status=ok active=7
[   3.516s] RECV #00009 table=page_000178_table_box_id_1 request= 2.223s scheduled= 2.224s status=ok active=6
[   3.651s] RECV #00018 table=page_000434_table_15 request= 0.879s scheduled= 0.881s status=ok active=5
[   3.764s] SEND #00023 table=page_000246_table_box_id_6 lag=   0.9ms active=6
[   3.844s] SEND #00024 table=page_001193_table_4 lag=   0.7ms active=7
[   3.884s] SEND #00025 table=page_001270_table_box_id_1 lag=   0.7ms active=8
[   3.975s] SEND #00026 table=page_000592_table_3 lag=   0.4ms active=9
[   3.980s] SEND #00027 table=page_000494_table_7 lag=   0.4ms active=10
[   4.022s] SEND #00028 table=page_000535_table_1 lag=   0.4ms active=11
[   4.072s] RECV #00023 table=page_000246_table_box_id_6 request= 0.308s scheduled= 0.309s status=ok active=10
[   4.119s] SEND #00029 table=page_001186_table_5 lag=   0.9ms active=11
[   4.232s] SEND #00030 table=page_001375_table_31 lag=   0.5ms active=12
[   4.277s] SEND #00031 table=page_000218_table_box_id_4 lag=   0.8ms active=13
[   4.321s] SEND #00032 table=page_001368_table_box_id_278 lag=   0.8ms active=14
[   4.343s] RECV #00019 table=page_000534_table_4 request= 1.186s scheduled= 1.186s status=ok active=13
[   4.363s] SEND #00033 table=page_001180_table_15 lag=   2.0ms active=14
[   4.465s] SEND #00034 table=page_000266_table_box_id_9 lag=   1.1ms active=15
[   4.521s] SEND #00035 table=page_000762_table_5 lag=   0.7ms active=16
[   4.525s] SEND #00036 table=page_000499_table_0 lag=   0.6ms active=17
[   4.534s] RECV #00024 table=page_001193_table_4 request= 0.691s scheduled= 0.691s status=ok active=16
[   4.709s] RECV #00021 table=page_000566_table_3 request= 1.542s scheduled= 1.543s status=ok active=15
[   4.812s] RECV #00020 table=page_001161_table_3 request= 1.649s scheduled= 1.650s status=ok active=14
[   4.827s] SEND #00037 table=page_000642_table_8 lag=   0.2ms active=15
[   4.846s] RECV #00029 table=page_001186_table_5 request= 0.728s scheduled= 0.729s status=ok active=14
[   4.963s] SEND #00038 table=page_000659_table_5 lag=   0.4ms active=15
[   4.964s] RECV #00027 table=page_000494_table_7 request= 0.984s scheduled= 0.984s status=ok active=14
[   4.994s] RECV #00030 table=page_001375_table_31 request= 0.761s scheduled= 0.762s status=ok active=13
[   5.087s] RECV #00032 table=page_001368_table_box_id_278 request= 0.766s scheduled= 0.767s status=ok active=12
[   5.135s] SEND #00039 table=page_001128_table_2 lag=   1.0ms active=13
[   5.143s] RECV #00014 table=page_001375_table_4 request= 3.209s scheduled= 3.211s status=ok active=12
[   5.168s] SEND #00040 table=page_001176_table_4 lag=   0.3ms active=13
[   5.250s] RECV #00035 table=page_000762_table_5 request= 0.729s scheduled= 0.730s status=ok active=12
[   5.392s] RECV #00028 table=page_000535_table_1 request= 1.370s scheduled= 1.371s status=ok active=11
[   5.492s] RECV #00033 table=page_001180_table_15 request= 1.129s scheduled= 1.131s status=ok active=10
[   5.530s] RECV #00034 table=page_000266_table_box_id_9 request= 1.065s scheduled= 1.066s status=ok active=9
[   5.612s] RECV #00038 table=page_000659_table_5 request= 0.649s scheduled= 0.650s status=ok active=8
[   5.986s] SEND #00041 table=page_001154_table_10 lag=   1.4ms active=9
[   6.006s] RECV #00036 table=page_000499_table_0 request= 1.482s scheduled= 1.482s status=ok active=8
[   6.024s] RECV #00031 table=page_000218_table_box_id_4 request= 1.748s scheduled= 1.748s status=ok active=7
[   6.046s] RECV #00022 table=page_001200_table_2 request= 2.749s scheduled= 2.750s status=ok active=6
[   6.206s] RECV #00025 table=page_001270_table_box_id_1 request= 2.322s scheduled= 2.322s status=ok active=5
[   6.298s] RECV #00026 table=page_000592_table_3 request= 2.322s scheduled= 2.323s status=ok active=4
[   6.312s] SEND #00042 table=page_000467_table_17 lag=   0.2ms active=5
[   6.334s] SEND #00043 table=page_000647_table_3 lag=   0.4ms active=6
[   6.403s] SEND #00044 table=page_001493_table_box_id_13 lag=   1.6ms active=7
[   6.502s] RECV #00043 table=page_000647_table_3 request= 0.168s scheduled= 0.169s status=ok active=6
[   6.615s] SEND #00045 table=page_000605_table_3 lag=   0.7ms active=7
[   6.680s] RECV #00045 table=page_000605_table_3 request= 0.065s scheduled= 0.065s status=ok active=6
[   6.743s] RECV #00041 table=page_001154_table_10 request= 0.758s scheduled= 0.759s status=ok active=5
[   6.781s] RECV #00039 table=page_001128_table_2 request= 1.646s scheduled= 1.647s status=ok active=4
[   6.822s] SEND #00046 table=page_001117_table_box_id_17 lag=   0.4ms active=5
[   6.889s] RECV #00044 table=page_001493_table_box_id_13 request= 0.486s scheduled= 0.488s status=ok active=4
[   6.926s] RECV #00037 table=page_000642_table_8 request= 2.099s scheduled= 2.099s status=ok active=3
[   6.950s] RECV #00040 table=page_001176_table_4 request= 1.781s scheduled= 1.782s status=ok active=2
[   6.955s] RECV #00046 table=page_001117_table_box_id_17 request= 0.133s scheduled= 0.133s status=ok active=1
[   7.281s] SEND #00047 table=page_000509_table_0 lag=   0.8ms active=2
[   7.372s] SEND #00048 table=page_000565_table_1 lag=   0.3ms active=3
[   7.668s] SEND #00049 table=page_000841_table_22 lag=   1.0ms active=4
[   7.754s] RECV #00049 table=page_000841_table_22 request= 0.085s scheduled= 0.086s status=ok active=3
[   7.853s] SEND #00050 table=page_000922_table_12 lag=   0.8ms active=4
[   7.898s] RECV #00042 table=page_000467_table_17 request= 1.585s scheduled= 1.585s status=ok active=3
[   7.913s] SEND #00051 table=page_001169_table_11 lag=   0.9ms active=4
[   8.061s] SEND #00052 table=page_000287_table_box_id_8 lag=   1.0ms active=5
[   8.237s] RECV #00048 table=page_000565_table_1 request= 0.865s scheduled= 0.866s status=ok active=4
[   8.292s] RECV #00051 table=page_001169_table_11 request= 0.379s scheduled= 0.379s status=ok active=3
[   8.417s] SEND #00053 table=page_000246_table_box_id_6 lag=   0.5ms active=4
[   8.507s] RECV #00050 table=page_000922_table_12 request= 0.654s scheduled= 0.655s status=ok active=3
[   8.569s] RECV #00053 table=page_000246_table_box_id_6 request= 0.152s scheduled= 0.152s status=ok active=2
[   8.730s] SEND #00054 table=page_000737_table_6 lag=   0.9ms active=3
[   8.847s] SEND #00055 table=page_000250_table_box-stnne6dt lag=   0.4ms active=4
[   8.995s] SEND #00056 table=page_000647_table_6 lag=   1.0ms active=5
[   9.001s] SEND #00057 table=page_000652_table_2 lag=   0.7ms active=6
[   9.038s] RECV #00047 table=page_000509_table_0 request= 1.757s scheduled= 1.758s status=ok active=5
[   9.047s] SEND #00058 table=page_001367_table_70 lag=   0.3ms active=6
[   9.248s] RECV #00056 table=page_000647_table_6 request= 0.253s scheduled= 0.254s status=ok active=5
[   9.265s] RECV #00054 table=page_000737_table_6 request= 0.535s scheduled= 0.536s status=ok active=4
[   9.314s] SEND #00059 table=page_001368_table_box_id_163 lag=   1.0ms active=5
[   9.377s] RECV #00059 table=page_001368_table_box_id_163 request= 0.063s scheduled= 0.064s status=ok active=4
[   9.402s] SEND #00060 table=page_000468_table_1 lag=   0.5ms active=5
[   9.434s] SEND #00061 table=page_000838_table_4 lag=   0.5ms active=6
[   9.536s] RECV #00061 table=page_000838_table_4 request= 0.102s scheduled= 0.102s status=ok active=5
[   9.566s] SEND #00062 table=page_000665_table_3 lag=   0.2ms active=6
[   9.616s] RECV #00062 table=page_000665_table_3 request= 0.049s scheduled= 0.049s status=ok active=5
[   9.625s] RECV #00060 table=page_000468_table_1 request= 0.222s scheduled= 0.223s status=ok active=4
[   9.659s] RECV #00058 table=page_001367_table_70 request= 0.612s scheduled= 0.612s status=ok active=3
[   9.674s] RECV #00057 table=page_000652_table_2 request= 0.673s scheduled= 0.674s status=ok active=2
[   9.770s] SEND #00063 table=page_001595_table_box_id_14 lag=   1.1ms active=3
[   9.956s] SEND #00064 table=page_000818_table_1 lag=   0.9ms active=4
[  10.034s] SEND #00065 table=page_000937_table_0 lag=   0.3ms active=5
[  10.131s] SEND #00066 table=page_000222_table_box_id_1 lag=   0.9ms active=6
[  10.222s] RECV #00064 table=page_000818_table_1 request= 0.265s scheduled= 0.266s status=ok active=5
[  10.249s] SEND #00067 table=page_000744_table_11 lag=   0.5ms active=6
[  10.465s] RECV #00067 table=page_000744_table_11 request= 0.216s scheduled= 0.217s status=ok active=5
[  10.500s] SEND #00068 table=page_000284_table_box_id_0 lag=   0.2ms active=6
[  10.623s] SEND #00069 table=page_000266_table_box_id_1 lag=   0.3ms active=7
[  10.658s] RECV #00065 table=page_000937_table_0 request= 0.624s scheduled= 0.625s status=ok active=6
[  10.706s] SEND #00070 table=page_001368_table_box_id_271 lag=   0.2ms active=7
[  10.818s] SEND #00071 table=page_000467_table_17 lag=   0.7ms active=8
[  10.823s] SEND #00072 table=page_000737_table_0 lag=   0.4ms active=9
[  10.831s] SEND #00073 table=page_000526_table_7 lag=   0.8ms active=10
[  10.917s] RECV #00066 table=page_000222_table_box_id_1 request= 0.786s scheduled= 0.787s status=ok active=9
[  10.925s] RECV #00063 table=page_001595_table_box_id_14 request= 1.155s scheduled= 1.156s status=ok active=8
[  11.033s] SEND #00074 table=page_001011_table_30 lag=   0.6ms active=9
[  11.136s] RECV #00070 table=page_001368_table_box_id_271 request= 0.431s scheduled= 0.431s status=ok active=8
[  11.276s] RECV #00069 table=page_000266_table_box_id_1 request= 0.653s scheduled= 0.653s status=ok active=7
[  11.333s] RECV #00055 table=page_000250_table_box-stnne6dt request= 2.486s scheduled= 2.487s status=ok active=6
[  11.370s] RECV #00073 table=page_000526_table_7 request= 0.539s scheduled= 0.540s status=ok active=5
[  11.578s] RECV #00072 table=page_000737_table_0 request= 0.755s scheduled= 0.756s status=ok active=4
[  11.714s] SEND #00075 table=page_000246_table_box_id_11 lag=   0.3ms active=5
[  11.865s] SEND #00076 table=page_000676_table_2 lag=   1.1ms active=6
[  11.948s] SEND #00077 table=page_001368_table_box_id_268 lag=   0.9ms active=7
[  11.978s] SEND #00078 table=page_000190_table_box_id_0 lag=   0.4ms active=8
[  12.020s] RECV #00075 table=page_000246_table_box_id_11 request= 0.306s scheduled= 0.307s status=ok active=7
[  12.095s] SEND #00079 table=page_001368_table_box_id_227 lag=   0.3ms active=8
[  12.245s] RECV #00077 table=page_001368_table_box_id_268 request= 0.298s scheduled= 0.298s status=ok active=7
[  12.365s] RECV #00078 table=page_000190_table_box_id_0 request= 0.386s scheduled= 0.387s status=ok active=6
[  12.421s] RECV #00074 table=page_001011_table_30 request= 1.388s scheduled= 1.389s status=ok active=5
[  12.552s] RECV #00071 table=page_000467_table_17 request= 1.734s scheduled= 1.734s status=ok active=4
[  12.563s] RECV #00052 table=page_000287_table_box_id_8 request= 4.502s scheduled= 4.503s status=ok active=3
[  12.766s] SEND #00080 table=page_001134_table_9 lag=   1.2ms active=4
[  12.770s] RECV #00079 table=page_001368_table_box_id_227 request= 0.676s scheduled= 0.676s status=ok active=3
[  13.011s] SEND #00081 table=page_000591_table_3 lag=   1.0ms active=4
[  13.140s] SEND #00082 table=page_000210_table_box_id_4 lag=   0.5ms active=5
[  13.431s] RECV #00082 table=page_000210_table_box_id_4 request= 0.292s scheduled= 0.292s status=ok active=4
[  13.446s] RECV #00076 table=page_000676_table_2 request= 1.581s scheduled= 1.582s status=ok active=3
[  13.468s] SEND #00083 table=page_000649_table_8 lag=   1.0ms active=4
[  13.512s] SEND #00084 table=page_000289_table_box_id_4 lag=   0.7ms active=5
[  13.582s] RECV #00081 table=page_000591_table_3 request= 0.571s scheduled= 0.572s status=ok active=4
[  13.632s] SEND #00085 table=page_001190_table_8 lag=   0.8ms active=5
[  13.917s] RECV #00083 table=page_000649_table_8 request= 0.449s scheduled= 0.450s status=ok active=4
[  14.140s] SEND #00086 table=page_000211_table_box_id_3 lag=   0.4ms active=5
[  14.170s] RECV #00068 table=page_000284_table_box_id_0 request= 3.670s scheduled= 3.670s status=ok active=4
[  14.227s] RECV #00080 table=page_001134_table_9 request= 1.461s scheduled= 1.462s status=ok active=3
[  14.283s] SEND #00087 table=page_001182_table_3 lag=   0.4ms active=4
[  14.386s] SEND #00088 table=page_000242_table_box-mhg591pb lag=   0.7ms active=5
[  14.440s] SEND #00089 table=page_001274_table_4 lag=   2.1ms active=6
[  14.571s] SEND #00090 table=page_001177_table_2 lag=   0.8ms active=7
[  14.893s] RECV #00085 table=page_001190_table_8 request= 1.261s scheduled= 1.262s status=ok active=6
[  15.078s] RECV #00088 table=page_000242_table_box-mhg591pb request= 0.692s scheduled= 0.693s status=ok active=5
[  15.096s] SEND #00091 table=page_001202_table_3 lag=   0.9ms active=6
[  15.096s] SEND #00092 table=page_001158_table_3 lag=   0.4ms active=7
[  15.282s] RECV #00086 table=page_000211_table_box_id_3 request= 1.143s scheduled= 1.143s status=ok active=6
[  15.285s] RECV #00087 table=page_001182_table_3 request= 1.002s scheduled= 1.002s status=ok active=5
[  15.352s] SEND #00093 table=page_000641_table_8 lag=   0.7ms active=6
[  15.473s] RECV #00090 table=page_001177_table_2 request= 0.903s scheduled= 0.903s status=ok active=5
[  15.537s] RECV #00093 table=page_000641_table_8 request= 0.186s scheduled= 0.186s status=ok active=4
[  15.635s] RECV #00092 table=page_001158_table_3 request= 0.539s scheduled= 0.539s status=ok active=3
[  15.638s] SEND #00094 table=page_000657_table_6 lag=   0.5ms active=4
[  15.688s] RECV #00094 table=page_000657_table_6 request= 0.050s scheduled= 0.051s status=ok active=3
[  16.001s] SEND #00095 table=page_000626_table_box_id_4 lag=   1.3ms active=4
[  16.224s] SEND #00096 table=page_000829_table_4 lag=   0.3ms active=5
[  16.397s] RECV #00091 table=page_001202_table_3 request= 1.301s scheduled= 1.302s status=ok active=4
[  16.468s] RECV #00096 table=page_000829_table_4 request= 0.243s scheduled= 0.243s status=ok active=3
[  16.501s] SEND #00097 table=page_000468_table_11 lag=   0.7ms active=4
[  16.623s] SEND #00098 table=page_000434_table_16 lag=   0.5ms active=5
[  16.722s] RECV #00097 table=page_000468_table_11 request= 0.221s scheduled= 0.222s status=ok active=4
[  16.760s] SEND #00099 table=page_001175_table_2 lag=   0.3ms active=5
[  16.853s] SEND #00100 table=page_001230_table_box_id_1 lag=   0.5ms active=6
[  16.864s] SEND #00101 table=page_000628_table_14 lag=   2.0ms active=7
[  17.015s] RECV #00098 table=page_000434_table_16 request= 0.393s scheduled= 0.393s status=ok active=6
[  17.202s] SEND #00102 table=page_000632_table_0 lag=   0.4ms active=7
[  17.343s] SEND #00103 table=page_001142_table_13 lag=   0.7ms active=8
[  17.381s] SEND #00104 table=page_001480_table_4 lag=   1.2ms active=9
[  17.498s] SEND #00105 table=page_000920_table_3 lag=   1.1ms active=10
[  17.591s] RECV #00100 table=page_001230_table_box_id_1 request= 0.739s scheduled= 0.740s status=ok active=9
[  17.608s] SEND #00106 table=page_001522_table_8 lag=   0.8ms active=10
[  17.682s] SEND #00107 table=page_000425_table_3 lag=   1.0ms active=11
[  17.699s] RECV #00101 table=page_000628_table_14 request= 0.835s scheduled= 0.837s status=ok active=10
[  17.752s] SEND #00108 table=page_000287_table_box_id_1 lag=   0.8ms active=11
[  17.815s] RECV #00103 table=page_001142_table_13 request= 0.472s scheduled= 0.473s status=ok active=10
[  17.881s] SEND #00109 table=page_000823_table_8 lag=   0.5ms active=11
[  17.943s] RECV #00104 table=page_001480_table_4 request= 0.562s scheduled= 0.563s status=ok active=10
[  18.044s] SEND #00110 table=page_001211_table_7 lag=   0.8ms active=11
[  18.064s] RECV #00105 table=page_000920_table_3 request= 0.566s scheduled= 0.567s status=ok active=10
[  18.202s] SEND #00111 table=page_001159_table_5 lag=   1.0ms active=11
[  18.238s] RECV #00099 table=page_001175_table_2 request= 1.478s scheduled= 1.478s status=ok active=10
[  18.304s] SEND #00112 table=page_000835_table_2 lag=   1.0ms active=11
[  18.308s] RECV #00109 table=page_000823_table_8 request= 0.427s scheduled= 0.427s status=ok active=10
[  18.309s] SEND #00113 table=page_001368_table_box_id_252 lag=   1.0ms active=11
[  18.353s] SEND #00114 table=page_001367_table_66 lag=   1.1ms active=12
[  18.384s] SEND #00115 table=page_001129_table_8 lag=   0.2ms active=13
[  18.531s] SEND #00116 table=page_000518_table_11 lag=   0.8ms active=14
[  18.554s] RECV #00106 table=page_001522_table_8 request= 0.946s scheduled= 0.947s status=ok active=13
[  18.655s] RECV #00110 table=page_001211_table_7 request= 0.611s scheduled= 0.612s status=ok active=12
[  18.754s] RECV #00112 table=page_000835_table_2 request= 0.450s scheduled= 0.451s status=ok active=11
[  18.860s] SEND #00117 table=page_001125_table_3 lag=   0.7ms active=12
[  18.957s] RECV #00113 table=page_001368_table_box_id_252 request= 0.648s scheduled= 0.649s status=ok active=11
[  19.127s] SEND #00118 table=page_001137_table_9 lag=   1.0ms active=12
[  19.145s] RECV #00107 table=page_000425_table_3 request= 1.463s scheduled= 1.464s status=ok active=11
[  19.276s] RECV #00108 table=page_000287_table_box_id_1 request= 1.524s scheduled= 1.525s status=ok active=10
[  19.277s] RECV #00111 table=page_001159_table_5 request= 1.075s scheduled= 1.076s status=ok active=9
[  19.392s] SEND #00119 table=page_000221_table_box_id_3 lag=   0.4ms active=10
[  19.623s] RECV #00116 table=page_000518_table_11 request= 1.092s scheduled= 1.092s status=ok active=9
[  19.676s] SEND #00120 table=page_000526_table_4 lag=   1.6ms active=10
[  19.724s] SEND #00121 table=page_000300_table_1 lag=   0.2ms active=11
[  19.818s] RECV #00095 table=page_000626_table_box_id_4 request= 3.818s scheduled= 3.819s status=ok active=10
[  19.917s] RECV #00114 table=page_001367_table_66 request= 1.565s scheduled= 1.566s status=ok active=9
[  20.011s] RECV #00117 table=page_001125_table_3 request= 1.151s scheduled= 1.152s status=ok active=8
[  20.032s] SEND #00122 table=page_001195_table_7 lag=   0.7ms active=9
[  20.179s] RECV #00121 table=page_000300_table_1 request= 0.455s scheduled= 0.455s status=ok active=8
[  20.218s] SEND #00123 table=page_000465_table_5 lag=   0.8ms active=9
[  20.233s] SEND #00124 table=page_001368_table_box_id_266 lag=   1.0ms active=10
[  20.235s] SEND #00125 table=page_000938_table_5 lag=   0.8ms active=11
[  20.237s] SEND #00126 table=page_000821_table_box_id_14 lag=   0.2ms active=12
[  20.301s] RECV #00084 table=page_000289_table_box_id_4 request= 6.789s scheduled= 6.789s status=ok active=11
[  20.462s] RECV #00120 table=page_000526_table_4 request= 0.786s scheduled= 0.787s status=ok active=10
[  20.472s] SEND #00127 table=page_000918_table_5 lag=   0.3ms active=11
[  20.511s] RECV #00089 table=page_001274_table_4 request= 6.072s scheduled= 6.074s status=ok active=10
[  20.521s] SEND #00128 table=page_000428_table_6 lag=   0.9ms active=11
[  20.540s] SEND #00129 table=page_001207_table_4 lag=   1.3ms active=12
[  20.605s] RECV #00102 table=page_000632_table_0 request= 3.403s scheduled= 3.403s status=ok active=11
[  20.644s] RECV #00124 table=page_001368_table_box_id_266 request= 0.412s scheduled= 0.413s status=ok active=10
[  20.703s] SEND #00130 table=page_001140_table_12 lag=   0.4ms active=11
[  20.774s] SEND #00131 table=page_000226_table_box_id_5 lag=   0.8ms active=12
[  20.775s] RECV #00126 table=page_000821_table_box_id_14 request= 0.538s scheduled= 0.538s status=ok active=11
[  20.785s] SEND #00132 table=page_001398_table_box-l1p3lf8a lag=   0.4ms active=12
[  20.815s] SEND #00133 table=page_000844_table_6 lag=   1.1ms active=13
[  20.894s] RECV #00127 table=page_000918_table_5 request= 0.422s scheduled= 0.422s status=ok active=12
[  20.939s] SEND #00134 table=page_000941_table_1 lag=   0.5ms active=13
[  20.970s] SEND #00135 table=page_001432_table_20 lag=   0.8ms active=14
[  20.995s] RECV #00125 table=page_000938_table_5 request= 0.760s scheduled= 0.761s status=ok active=13
[  21.023s] SEND #00136 table=page_001147_table_10 lag=   0.4ms active=14
[  21.133s] RECV #00123 table=page_000465_table_5 request= 0.915s scheduled= 0.916s status=ok active=13
[  21.208s] RECV #00128 table=page_000428_table_6 request= 0.687s scheduled= 0.688s status=ok active=12
[  21.230s] SEND #00137 table=page_000248_table_box_id_1 lag=   0.6ms active=13
[  21.271s] RECV #00119 table=page_000221_table_box_id_3 request= 1.879s scheduled= 1.879s status=ok active=12
[  21.332s] SEND #00138 table=page_000267_table_box_id_1 lag=   1.1ms active=13
[  21.396s] SEND #00139 table=page_000447_table_12 lag=   0.3ms active=14
[  21.465s] RECV #00132 table=page_001398_table_box-l1p3lf8a request= 0.680s scheduled= 0.681s status=ok active=13
[  21.503s] SEND #00140 table=page_001230_table_box_id_3 lag=   0.3ms active=14
[  21.508s] SEND #00141 table=page_001129_table_11 lag=   1.0ms active=15
[  21.581s] RECV #00130 table=page_001140_table_12 request= 0.878s scheduled= 0.879s status=ok active=14
[  21.588s] SEND #00142 table=page_001219_table_box_id_1 lag=   0.4ms active=15
[  21.633s] RECV #00129 table=page_001207_table_4 request= 1.093s scheduled= 1.094s status=ok active=14
[  21.636s] RECV #00115 table=page_001129_table_8 request= 3.252s scheduled= 3.252s status=ok active=13
[  21.680s] SEND #00143 table=page_001129_table_10 lag=   0.8ms active=14
[  21.715s] SEND #00144 table=page_001184_table_6 lag=   0.8ms active=15
[  21.734s] SEND #00145 table=page_001164_table_9 lag=   1.3ms active=16
[  21.818s] RECV #00131 table=page_000226_table_box_id_5 request= 1.045s scheduled= 1.046s status=ok active=15
[  21.963s] RECV #00135 table=page_001432_table_20 request= 0.993s scheduled= 0.993s status=ok active=14
[  22.012s] RECV #00133 table=page_000844_table_6 request= 1.197s scheduled= 1.198s status=ok active=13
[  22.117s] SEND #00146 table=page_000921_table_2 lag=   0.7ms active=14
[  22.184s] RECV #00134 table=page_000941_table_1 request= 1.245s scheduled= 1.245s status=ok active=13
[  22.235s] SEND #00147 table=page_000634_table_1 lag=   0.2ms active=14
[  22.275s] SEND #00148 table=page_000515_table_7 lag=   0.2ms active=15
[  22.275s] RECV #00140 table=page_001230_table_box_id_3 request= 0.772s scheduled= 0.773s status=ok active=14
[  22.430s] SEND #00149 table=page_000841_table_22 lag=   0.5ms active=15
[  22.534s] RECV #00139 table=page_000447_table_12 request= 1.138s scheduled= 1.138s status=ok active=14
[  22.662s] RECV #00137 table=page_000248_table_box_id_1 request= 1.432s scheduled= 1.433s status=ok active=13
[  22.713s] SEND #00150 table=page_000838_table_1 lag=   0.4ms active=14
[  22.717s] SEND #00151 table=page_001137_table_2 lag=   0.5ms active=15
[  22.719s] SEND #00152 table=page_000237_table_box_id_3 lag=   0.3ms active=16
[  22.747s] SEND #00153 table=page_001026_table_box_id_25 lag=   1.8ms active=17
[  22.812s] RECV #00144 table=page_001184_table_6 request= 1.098s scheduled= 1.099s status=ok active=16
[  22.937s] RECV #00118 table=page_001137_table_9 request= 3.809s scheduled= 3.810s status=ok active=15
[  22.957s] SEND #00154 table=page_000792_table_25 lag=   0.5ms active=16
[  22.986s] SEND #00155 table=page_000500_table_5 lag=   0.1ms active=17
[  23.101s] RECV #00122 table=page_001195_table_7 request= 3.069s scheduled= 3.070s status=ok active=16
[  23.190s] SEND #00156 table=page_000201_table_box-w2ehqidz lag=   0.4ms active=17
[  23.223s] RECV #00146 table=page_000921_table_2 request= 1.106s scheduled= 1.107s status=ok active=16
[  23.379s] SEND #00157 table=page_000291_table_box_id_0 lag=   0.5ms active=17
[  23.429s] RECV #00141 table=page_001129_table_11 request= 1.922s scheduled= 1.923s status=ok active=16
[  23.501s] RECV #00149 table=page_000841_table_22 request= 1.071s scheduled= 1.072s status=ok active=15
[  23.510s] SEND #00158 table=page_001137_table_11 lag=   0.4ms active=16
[  23.552s] SEND #00159 table=page_000716_table_0 lag=   0.6ms active=17
[  23.657s] RECV #00150 table=page_000838_table_1 request= 0.944s scheduled= 0.944s status=ok active=16
[  23.726s] RECV #00143 table=page_001129_table_10 request= 2.046s scheduled= 2.047s status=ok active=15
[  23.849s] RECV #00148 table=page_000515_table_7 request= 1.574s scheduled= 1.574s status=ok active=14
[  23.960s] RECV #00147 table=page_000634_table_1 request= 1.725s scheduled= 1.725s status=ok active=13
[  24.094s] RECV #00154 table=page_000792_table_25 request= 1.137s scheduled= 1.137s status=ok active=12
[  24.171s] SEND #00160 table=page_000242_table_box-mhg591pb lag=   0.8ms active=13
[  24.254s] RECV #00136 table=page_001147_table_10 request= 3.231s scheduled= 3.231s status=ok active=12
[  24.437s] SEND #00161 table=page_000945_table_4 lag=   1.2ms active=13
[  24.558s] SEND #00162 table=page_001035_table_28 lag=   1.1ms active=14
[  24.592s] RECV #00153 table=page_001026_table_box_id_25 request= 1.844s scheduled= 1.846s status=ok active=13
[  24.600s] SEND #00163 table=page_001219_table_box_id_4 lag=   0.8ms active=14
[  24.765s] RECV #00138 table=page_000267_table_box_id_1 request= 3.433s scheduled= 3.434s status=ok active=13
[  24.776s] SEND #00164 table=page_001149_table_0 lag=   2.1ms active=14
[  24.859s] SEND #00165 table=page_000266_table_box_id_9 lag=   1.2ms active=15
[  24.951s] RECV #00156 table=page_000201_table_box-w2ehqidz request= 1.761s scheduled= 1.762s status=ok active=14
[  25.001s] SEND #00166 table=page_001367_table_50 lag=   0.4ms active=15
[  25.065s] SEND #00167 table=page_000532_table_5 lag=   0.5ms active=16
[  25.066s] RECV #00159 table=page_000716_table_0 request= 1.515s scheduled= 1.516s status=ok active=15
[  25.213s] RECV #00151 table=page_001137_table_2 request= 2.497s scheduled= 2.497s status=ok active=14
[  25.233s] SEND #00168 table=page_000252_table_box_id_1 lag=   1.8ms active=15
[  25.242s] SEND #00169 table=page_001367_table_50 lag=   0.5ms active=16
[  25.302s] SEND #00170 table=page_000010_table_box_id_1 lag=   2.0ms active=17
[  25.429s] RECV #00142 table=page_001219_table_box_id_1 request= 3.840s scheduled= 3.841s status=ok active=16
[  25.547s] RECV #00152 table=page_000237_table_box_id_3 request= 2.827s scheduled= 2.828s status=ok active=15
[  25.635s] RECV #00158 table=page_001137_table_11 request= 2.125s scheduled= 2.125s status=ok active=14
[  25.781s] RECV #00161 table=page_000945_table_4 request= 1.344s scheduled= 1.345s status=ok active=13
[  25.866s] RECV #00160 table=page_000242_table_box-mhg591pb request= 1.695s scheduled= 1.696s status=ok active=12
[  25.875s] SEND #00171 table=page_001124_table_17 lag=   1.0ms active=13
[  26.029s] RECV #00163 table=page_001219_table_box_id_4 request= 1.429s scheduled= 1.430s status=ok active=12
[  26.097s] RECV #00155 table=page_000500_table_5 request= 3.110s scheduled= 3.111s status=ok active=11
[  26.181s] RECV #00165 table=page_000266_table_box_id_9 request= 1.323s scheduled= 1.324s status=ok active=10
[  26.222s] SEND #00172 table=page_001367_table_68 lag=   0.8ms active=11
[  26.282s] SEND #00173 table=page_001125_table_4 lag=   0.5ms active=12
[  26.337s] RECV #00145 table=page_001164_table_9 request= 4.602s scheduled= 4.604s status=ok active=11
[  26.420s] RECV #00162 table=page_001035_table_28 request= 1.862s scheduled= 1.863s status=ok active=10
[  26.509s] RECV #00164 table=page_001149_table_0 request= 1.734s scheduled= 1.736s status=ok active=9
[  26.546s] RECV #00167 table=page_000532_table_5 request= 1.481s scheduled= 1.481s status=ok active=8
[  26.609s] SEND #00174 table=page_000284_table_box_id_0 lag=   1.0ms active=9
[  26.670s] SEND #00175 table=page_000211_table_box_id_3 lag=   0.8ms active=10
[  26.724s] RECV #00170 table=page_000010_table_box_id_1 request= 1.422s scheduled= 1.424s status=ok active=9
[  26.924s] RECV #00166 table=page_001367_table_50 request= 1.924s scheduled= 1.924s status=ok active=8
[  27.089s] RECV #00171 table=page_001124_table_17 request= 1.214s scheduled= 1.215s status=ok active=7
[  27.132s] RECV #00168 table=page_000252_table_box_id_1 request= 1.900s scheduled= 1.901s status=ok active=6
[  27.137s] SEND #00176 table=page_001137_table_4 lag=   0.5ms active=7
[  27.145s] RECV #00169 table=page_001367_table_50 request= 1.904s scheduled= 1.904s status=ok active=6
[  27.364s] SEND #00177 table=page_000715_table_2 lag=   0.6ms active=7
[  27.425s] RECV #00173 table=page_001125_table_4 request= 1.143s scheduled= 1.143s status=ok active=6
[  27.438s] RECV #00172 table=page_001367_table_68 request= 1.216s scheduled= 1.217s status=ok active=5
[  27.454s] SEND #00178 table=page_000921_table_8 lag=   1.0ms active=6
[  27.502s] SEND #00179 table=page_000236_table_box_id_5 lag=   0.3ms active=7
[  27.504s] SEND #00180 table=page_001131_table_15 lag=   0.6ms active=8
[  27.562s] RECV #00177 table=page_000715_table_2 request= 0.197s scheduled= 0.198s status=ok active=7
[  27.731s] RECV #00178 table=page_000921_table_8 request= 0.277s scheduled= 0.278s status=ok active=6
[  27.759s] RECV #00175 table=page_000211_table_box_id_3 request= 1.089s scheduled= 1.090s status=ok active=5
[  27.856s] SEND #00181 table=page_001197_table_4 lag=   1.0ms active=6
[  27.861s] SEND #00182 table=page_000420_table_0 lag=   0.3ms active=7
[  27.889s] RECV #00180 table=page_001131_table_15 request= 0.386s scheduled= 0.386s status=ok active=6
[  28.147s] SEND #00183 table=page_000900_table_4 lag=   0.6ms active=7
[  28.161s] RECV #00179 table=page_000236_table_box_id_5 request= 0.659s scheduled= 0.660s status=ok active=6
[  28.179s] RECV #00176 table=page_001137_table_4 request= 1.042s scheduled= 1.043s status=ok active=5
[  28.270s] RECV #00183 table=page_000900_table_4 request= 0.123s scheduled= 0.124s status=ok active=4
[  28.422s] RECV #00182 table=page_000420_table_0 request= 0.561s scheduled= 0.561s status=ok active=3
[  28.693s] SEND #00184 table=page_001272_table_1 lag=   0.4ms active=4
[  28.834s] SEND #00185 table=page_001215_table_5 lag=   0.6ms active=5
[  28.865s] SEND #00186 table=page_001404_table_7 lag=   1.0ms active=6
[  29.203s] SEND #00187 table=page_000254_table_box_id_4 lag=   1.2ms active=7
[  29.428s] RECV #00181 table=page_001197_table_4 request= 1.573s scheduled= 1.574s status=ok active=6
[  29.445s] RECV #00186 table=page_001404_table_7 request= 0.580s scheduled= 0.581s status=ok active=5
[  29.809s] SEND #00188 table=page_000495_table_9 lag=   0.2ms active=6
[  30.013s] SEND #00189 table=page_000214_table_box_id_6 lag=   1.1ms active=7
[  30.088s] RECV #00174 table=page_000284_table_box_id_0 request= 3.479s scheduled= 3.480s status=ok active=6
[  30.131s] SEND #00190 table=page_000743_table_4 lag=   1.0ms active=7
[  30.210s] SEND #00191 table=page_001186_table_10 lag=   0.5ms active=8
[  30.214s] RECV #00187 table=page_000254_table_box_id_4 request= 1.011s scheduled= 1.012s status=ok active=7
[  30.280s] SEND #00192 table=page_001368_table_box_id_252 lag=   0.2ms active=8
[  30.319s] SEND #00193 table=page_001152_table_0 lag=   0.4ms active=9
[  30.451s] RECV #00190 table=page_000743_table_4 request= 0.320s scheduled= 0.321s status=ok active=8
[  30.506s] SEND #00194 table=page_000766_table_2 lag=   0.7ms active=9
[  30.600s] SEND #00195 table=page_000715_table_14 lag=   0.2ms active=10
[  30.638s] SEND #00196 table=page_001636_table_1 lag=   2.0ms active=11
[  30.655s] SEND #00197 table=page_001082_table_23 lag=   0.5ms active=12
[  30.694s] RECV #00192 table=page_001368_table_box_id_252 request= 0.414s scheduled= 0.414s status=ok active=11
[  30.746s] RECV #00191 table=page_001186_table_10 request= 0.537s scheduled= 0.537s status=ok active=10
[  30.838s] SEND #00198 table=page_000658_table_32 lag=   0.9ms active=11
[  30.897s] SEND #00199 table=page_000266_table_box_id_3 lag=   1.0ms active=12
[  31.005s] RECV #00184 table=page_001272_table_1 request= 2.312s scheduled= 2.313s status=ok active=11
[  31.012s] SEND #00200 table=page_000626_table_box_id_1 lag=   0.7ms active=12
[  31.077s] SEND #00201 table=page_000528_table_7 lag=   0.9ms active=13
[  31.088s] RECV #00185 table=page_001215_table_5 request= 2.255s scheduled= 2.255s status=ok active=12
[  31.096s] RECV #00188 table=page_000495_table_9 request= 1.288s scheduled= 1.288s status=ok active=11
[  31.329s] RECV #00189 table=page_000214_table_box_id_6 request= 1.316s scheduled= 1.317s status=ok active=10
[  31.419s] SEND #00202 table=page_001168_table_0 lag=   0.6ms active=11
[  31.549s] RECV #00157 table=page_000291_table_box_id_0 request= 8.170s scheduled= 8.170s status=ok active=10
[  31.803s] SEND #00203 table=page_000465_table_8 lag=   1.2ms active=11
[  31.806s] SEND #00204 table=page_001493_table_box_id_19 lag=   0.8ms active=12
[  31.843s] SEND #00205 table=page_000814_table_0 lag=   1.1ms active=13
[  31.909s] SEND #00206 table=page_000286_table_box_id_1 lag=   0.5ms active=14
[  32.194s] RECV #00198 table=page_000658_table_32 request= 1.356s scheduled= 1.357s status=ok active=13
[  32.267s] RECV #00195 table=page_000715_table_14 request= 1.667s scheduled= 1.667s status=ok active=12
[  32.404s] RECV #00199 table=page_000266_table_box_id_3 request= 1.508s scheduled= 1.509s status=ok active=11
[  32.489s] RECV #00201 table=page_000528_table_7 request= 1.412s scheduled= 1.412s status=ok active=10
[  32.576s] RECV #00193 table=page_001152_table_0 request= 2.257s scheduled= 2.257s status=ok active=9
[  32.633s] SEND #00207 table=page_001368_table_box_id_271 lag=   0.3ms active=10
[  32.665s] RECV #00205 table=page_000814_table_0 request= 0.821s scheduled= 0.823s status=ok active=9
[  32.753s] RECV #00204 table=page_001493_table_box_id_19 request= 0.947s scheduled= 0.948s status=ok active=8
[  32.877s] RECV #00196 table=page_001636_table_1 request= 2.239s scheduled= 2.241s status=ok active=7
[  32.888s] SEND #00208 table=page_000915_table_2 lag=   0.2ms active=8
[  32.897s] RECV #00197 table=page_001082_table_23 request= 2.242s scheduled= 2.242s status=ok active=7
[  32.957s] SEND #00209 table=page_000206_table_box_id_1 lag=   0.8ms active=8
[  32.975s] RECV #00207 table=page_001368_table_box_id_271 request= 0.342s scheduled= 0.342s status=ok active=7
[  32.997s] SEND #00210 table=page_000246_table_box_id_14 lag=   0.9ms active=8
[  33.036s] RECV #00208 table=page_000915_table_2 request= 0.148s scheduled= 0.149s status=ok active=7
[  33.104s] RECV #00203 table=page_000465_table_8 request= 1.301s scheduled= 1.302s status=ok active=6
[  33.184s] SEND #00211 table=page_000235_table_box_id_16 lag=   1.0ms active=7
[  33.193s] RECV #00202 table=page_001168_table_0 request= 1.773s scheduled= 1.774s status=ok active=6
[  33.271s] RECV #00210 table=page_000246_table_box_id_14 request= 0.274s scheduled= 0.275s status=ok active=5
[  33.487s] SEND #00212 table=page_000307_table_2 lag=   1.0ms active=6
[  33.525s] RECV #00209 table=page_000206_table_box_id_1 request= 0.568s scheduled= 0.569s status=ok active=5
[  33.535s] RECV #00211 table=page_000235_table_box_id_16 request= 0.351s scheduled= 0.352s status=ok active=4
[  33.794s] RECV #00194 table=page_000766_table_2 request= 3.288s scheduled= 3.289s status=ok active=3
[  33.936s] SEND #00213 table=page_001121_table_7 lag=   0.8ms active=4
[  34.005s] SEND #00214 table=page_000824_table_0 lag=   0.3ms active=5
[  34.330s] RECV #00213 table=page_001121_table_7 request= 0.394s scheduled= 0.395s status=ok active=4
[  34.362s] SEND #00215 table=page_000647_table_4 lag=   0.5ms active=5
[  34.427s] RECV #00215 table=page_000647_table_4 request= 0.064s scheduled= 0.065s status=ok active=4
[  34.556s] SEND #00216 table=page_000922_table_12 lag=   0.5ms active=5
[  34.602s] RECV #00214 table=page_000824_table_0 request= 0.596s scheduled= 0.597s status=ok active=4
[  34.666s] SEND #00217 table=page_001595_table_box_id_9 lag=   0.4ms active=5
[  34.859s] RECV #00217 table=page_001595_table_box_id_9 request= 0.193s scheduled= 0.193s status=ok active=4
[  35.012s] RECV #00212 table=page_000307_table_2 request= 1.525s scheduled= 1.526s status=ok active=3
[  35.092s] RECV #00216 table=page_000922_table_12 request= 0.536s scheduled= 0.537s status=ok active=2
[  35.152s] RECV #00200 table=page_000626_table_box_id_1 request= 4.141s scheduled= 4.141s status=ok active=1
[  35.372s] SEND #00218 table=page_000652_table_0 lag=   0.8ms active=2
[  35.417s] SEND #00219 table=page_000918_table_6 lag=   0.9ms active=3
[  35.586s] RECV #00219 table=page_000918_table_6 request= 0.169s scheduled= 0.170s status=ok active=2
[  35.629s] RECV #00218 table=page_000652_table_0 request= 0.257s scheduled= 0.258s status=ok active=1
[  35.633s] SEND #00220 table=page_000702_table_5 lag=   1.0ms active=2
[  35.647s] SEND #00221 table=page_001368_table_box_id_242 lag=   0.9ms active=3
[  35.678s] SEND #00222 table=page_000760_table_1 lag=   0.5ms active=4
[  35.893s] RECV #00220 table=page_000702_table_5 request= 0.260s scheduled= 0.261s status=ok active=3
[  35.938s] RECV #00222 table=page_000760_table_1 request= 0.260s scheduled= 0.261s status=ok active=2
[  35.988s] RECV #00221 table=page_001368_table_box_id_242 request= 0.341s scheduled= 0.341s status=ok active=1
[  36.081s] SEND #00223 table=page_000785_table_7 lag=   0.7ms active=2
[  36.121s] SEND #00224 table=page_001189_table_box_id_3 lag=   0.5ms active=3
[  36.308s] RECV #00223 table=page_000785_table_7 request= 0.227s scheduled= 0.227s status=ok active=2
[  36.358s] SEND #00225 table=page_000626_table_box_id_4 lag=   0.5ms active=3
[  36.511s] SEND #00226 table=page_001232_table_box_id_1 lag=   0.5ms active=4
[  36.709s] RECV #00224 table=page_001189_table_box_id_3 request= 0.588s scheduled= 0.589s status=ok active=3
[  36.818s] SEND #00227 table=page_000932_table_3 lag=   0.7ms active=4
[  36.895s] SEND #00228 table=page_000250_table_box-stnne6dt lag=   1.1ms active=5
[  36.964s] SEND #00229 table=page_000253_table_box_id_7 lag=   0.5ms active=6
[  37.021s] SEND #00230 table=page_001367_table_70 lag=   0.8ms active=7
[  37.248s] RECV #00226 table=page_001232_table_box_id_1 request= 0.737s scheduled= 0.738s status=ok active=6
[  37.358s] SEND #00231 table=page_000285_table_box_id_1 lag=   0.4ms active=7
[  37.358s] RECV #00227 table=page_000932_table_3 request= 0.540s scheduled= 0.541s status=ok active=6
[  37.362s] RECV #00229 table=page_000253_table_box_id_7 request= 0.398s scheduled= 0.399s status=ok active=5
[  37.512s] SEND #00232 table=page_000665_table_7 lag=   0.8ms active=6
[  37.603s] RECV #00230 table=page_001367_table_70 request= 0.582s scheduled= 0.583s status=ok active=5
[  37.608s] RECV #00232 table=page_000665_table_7 request= 0.096s scheduled= 0.097s status=ok active=4
[  37.957s] RECV #00206 table=page_000286_table_box_id_1 request= 6.048s scheduled= 6.049s status=ok active=3
[  38.026s] SEND #00233 table=page_000266_table_box_id_5 lag=   0.5ms active=4
[  38.314s] RECV #00233 table=page_000266_table_box_id_5 request= 0.288s scheduled= 0.288s status=ok active=3
[  38.390s] SEND #00234 table=page_000256_table_box_id_3 lag=   0.7ms active=4
[  38.414s] SEND #00235 table=page_000509_table_0 lag=   0.2ms active=5
[  38.548s] SEND #00236 table=page_001432_table_20 lag=   1.0ms active=6
[  38.566s] SEND #00237 table=page_000519_table_8 lag=   0.3ms active=7
[  38.573s] SEND #00238 table=page_001175_table_2 lag=   0.3ms active=8
[  38.585s] SEND #00239 table=page_000647_table_2 lag=   0.4ms active=9
[  38.878s] RECV #00228 table=page_000250_table_box-stnne6dt request= 1.983s scheduled= 1.985s status=ok active=8
[  38.921s] SEND #00240 table=page_001181_table_6 lag=   0.7ms active=9
[  38.951s] RECV #00239 table=page_000647_table_2 request= 0.366s scheduled= 0.366s status=ok active=8
[  39.012s] RECV #00236 table=page_001432_table_20 request= 0.463s scheduled= 0.464s status=ok active=7
[  39.179s] SEND #00241 table=page_001147_table_8 lag=   0.5ms active=8
[  39.269s] RECV #00234 table=page_000256_table_box_id_3 request= 0.879s scheduled= 0.880s status=ok active=7
[  39.370s] RECV #00237 table=page_000519_table_8 request= 0.804s scheduled= 0.804s status=ok active=6
[  39.474s] SEND #00242 table=page_001368_table_box_id_280 lag=   1.7ms active=7
[  39.522s] RECV #00242 table=page_001368_table_box_id_280 request= 0.048s scheduled= 0.050s status=ok active=6
[  39.543s] SEND #00243 table=page_001637_table_5 lag=   0.7ms active=7
[  39.660s] RECV #00243 table=page_001637_table_5 request= 0.118s scheduled= 0.118s status=ok active=6
[  39.702s] SEND #00244 table=page_001276_table_2 lag=   0.5ms active=7
[  39.725s] RECV #00238 table=page_001175_table_2 request= 1.152s scheduled= 1.152s status=ok active=6
[  39.808s] RECV #00225 table=page_000626_table_box_id_4 request= 3.450s scheduled= 3.450s status=ok active=5
[  39.956s] SEND #00245 table=page_001225_table_14 lag=   0.9ms active=6
[  40.035s] SEND #00246 table=page_001231_table_5 lag=   0.5ms active=7
[  40.125s] RECV #00231 table=page_000285_table_box_id_1 request= 2.768s scheduled= 2.768s status=ok active=6
[  40.176s] SEND #00247 table=page_000496_table_3 lag=   0.6ms active=7
[  40.219s] SEND #00248 table=page_000210_table_box_id_4 lag=   1.1ms active=8
[  40.233s] SEND #00249 table=page_000918_table_5 lag=   1.6ms active=9
[  40.284s] SEND #00250 table=page_000253_table_box_id_2 lag=   0.7ms active=10
[  40.406s] RECV #00235 table=page_000509_table_0 request= 1.992s scheduled= 1.993s status=ok active=9
[  40.527s] RECV #00245 table=page_001225_table_14 request= 0.571s scheduled= 0.572s status=ok active=8
[  40.645s] RECV #00249 table=page_000918_table_5 request= 0.412s scheduled= 0.414s status=ok active=7
[  40.649s] RECV #00241 table=page_001147_table_8 request= 1.470s scheduled= 1.471s status=ok active=6
[  40.653s] SEND #00251 table=page_000286_table_box_id_1 lag=   0.6ms active=7
[  40.688s] RECV #00248 table=page_000210_table_box_id_4 request= 0.469s scheduled= 0.470s status=ok active=6
[  40.792s] SEND #00252 table=page_001403_table_9 lag=   1.3ms active=7
[  41.097s] RECV #00252 table=page_001403_table_9 request= 0.305s scheduled= 0.306s status=ok active=6
[  41.193s] RECV #00250 table=page_000253_table_box_id_2 request= 0.909s scheduled= 0.910s status=ok active=5
[  41.209s] RECV #00240 table=page_001181_table_6 request= 2.289s scheduled= 2.289s status=ok active=4
[  41.224s] SEND #00253 table=page_000640_table_8 lag=   1.3ms active=5
[  41.326s] SEND #00254 table=page_000545_table_14 lag=   1.0ms active=6
[  41.379s] SEND #00255 table=page_000243_table_box-xkm41jlm lag=   0.5ms active=7
[  41.630s] RECV #00247 table=page_000496_table_3 request= 1.454s scheduled= 1.454s status=ok active=6
[  41.637s] SEND #00256 table=page_000223_table_box_id_4 lag=   0.5ms active=7
[  41.702s] RECV #00254 table=page_000545_table_14 request= 0.376s scheduled= 0.377s status=ok active=6
[  41.752s] RECV #00256 table=page_000223_table_box_id_4 request= 0.115s scheduled= 0.115s status=ok active=5
[  41.808s] RECV #00255 table=page_000243_table_box-xkm41jlm request= 0.428s scheduled= 0.429s status=ok active=4
[  41.930s] SEND #00257 table=page_000240_table_box_id_9 lag=   0.4ms active=5
[  41.933s] SEND #00258 table=page_000206_table_box_id_1 lag=   1.1ms active=6
[  42.118s] SEND #00259 table=page_000649_table_8 lag=   0.9ms active=7
[  42.134s] SEND #00260 table=page_000946_table_14 lag=   0.8ms active=8
[  42.154s] SEND #00261 table=page_000268_table_box_id_6 lag=   0.2ms active=9
[  42.327s] RECV #00253 table=page_000640_table_8 request= 1.103s scheduled= 1.104s status=ok active=8
[  42.489s] RECV #00260 table=page_000946_table_14 request= 0.356s scheduled= 0.356s status=ok active=7
[  42.515s] SEND #00262 table=page_000763_table_2 lag=   0.9ms active=8
[  42.521s] SEND #00263 table=page_001368_table_box_id_227 lag=   0.7ms active=9
[  42.567s] SEND #00264 table=page_000715_table_2 lag=   0.7ms active=10
[  42.568s] RECV #00259 table=page_000649_table_8 request= 0.450s scheduled= 0.451s status=ok active=9
[  42.636s] RECV #00262 table=page_000763_table_2 request= 0.121s scheduled= 0.122s status=ok active=8
[  42.742s] RECV #00261 table=page_000268_table_box_id_6 request= 0.588s scheduled= 0.588s status=ok active=7
[  42.747s] RECV #00257 table=page_000240_table_box_id_9 request= 0.817s scheduled= 0.817s status=ok active=6
[  42.772s] RECV #00264 table=page_000715_table_2 request= 0.205s scheduled= 0.205s status=ok active=5
[  42.807s] RECV #00258 table=page_000206_table_box_id_1 request= 0.874s scheduled= 0.875s status=ok active=4
[  42.934s] RECV #00246 table=page_001231_table_5 request= 2.899s scheduled= 2.900s status=ok active=3
[  43.149s] RECV #00263 table=page_001368_table_box_id_227 request= 0.628s scheduled= 0.628s status=ok active=2
[  43.306s] SEND #00265 table=page_001199_table_15 lag=   0.8ms active=3
[  43.397s] SEND #00266 table=page_001172_table_16 lag=   0.5ms active=4
[  43.418s] SEND #00267 table=page_001166_table_9 lag=   0.8ms active=5
[  43.449s] SEND #00268 table=page_001178_table_0 lag=   1.0ms active=6
[  43.495s] SEND #00269 table=page_001403_table_9 lag=   0.7ms active=7
[  43.721s] SEND #00270 table=page_000542_table_0 lag=   0.4ms active=8
[  43.741s] SEND #00271 table=page_000447_table_12 lag=   2.0ms active=9
[  43.971s] RECV #00269 table=page_001403_table_9 request= 0.477s scheduled= 0.477s status=ok active=8
[  44.040s] RECV #00267 table=page_001166_table_9 request= 0.622s scheduled= 0.623s status=ok active=7
[  44.133s] RECV #00265 table=page_001199_table_15 request= 0.827s scheduled= 0.828s status=ok active=6
[  44.138s] RECV #00266 table=page_001172_table_16 request= 0.740s scheduled= 0.741s status=ok active=5
[  44.142s] SEND #00272 table=page_001432_table_3 lag=   0.4ms active=6
[  44.222s] SEND #00273 table=page_001011_table_30 lag=   0.8ms active=7
[  44.391s] RECV #00272 table=page_001432_table_3 request= 0.249s scheduled= 0.250s status=ok active=6
[  44.464s] RECV #00271 table=page_000447_table_12 request= 0.723s scheduled= 0.725s status=ok active=5
[  44.544s] RECV #00270 table=page_000542_table_0 request= 0.823s scheduled= 0.823s status=ok active=4
[  44.808s] SEND #00274 table=page_000933_table_10 lag=   0.8ms active=5
[  44.941s] RECV #00244 table=page_001276_table_2 request= 5.239s scheduled= 5.240s status=ok active=4
[  45.032s] RECV #00274 table=page_000933_table_10 request= 0.224s scheduled= 0.225s status=ok active=3
[  45.183s] RECV #00268 table=page_001178_table_0 request= 1.735s scheduled= 1.736s status=ok active=2
[  45.207s] SEND #00275 table=page_000519_table_1 lag=   0.2ms active=3
[  45.266s] SEND #00276 table=page_001197_table_3 lag=   0.9ms active=4
[  45.315s] SEND #00277 table=page_000832_table_4 lag=   1.1ms active=5
[  45.422s] SEND #00278 table=page_000683_table_5 lag=   0.7ms active=6
[  45.440s] SEND #00279 table=page_000927_table_2 lag=   0.8ms active=7
[  45.614s] RECV #00273 table=page_001011_table_30 request= 1.392s scheduled= 1.393s status=ok active=6
[  45.615s] SEND #00280 table=page_001156_table_6 lag=   0.3ms active=7
[  45.622s] SEND #00281 table=page_000660_table_4 lag=   0.4ms active=8
[  45.624s] SEND #00282 table=page_000205_table_box_id_13 lag=   0.2ms active=9
[  45.652s] RECV #00278 table=page_000683_table_5 request= 0.230s scheduled= 0.231s status=ok active=8
[  45.689s] RECV #00277 table=page_000832_table_4 request= 0.374s scheduled= 0.375s status=ok active=7
[  45.930s] RECV #00281 table=page_000660_table_4 request= 0.308s scheduled= 0.309s status=ok active=6
[  45.943s] RECV #00279 table=page_000927_table_2 request= 0.504s scheduled= 0.504s status=ok active=5
[  46.241s] RECV #00275 table=page_000519_table_1 request= 1.035s scheduled= 1.035s status=ok active=4
[  46.298s] RECV #00282 table=page_000205_table_box_id_13 request= 0.674s scheduled= 0.675s status=ok active=3
[  46.300s] SEND #00283 table=page_000503_table_1 lag=   1.0ms active=4
[  46.357s] SEND #00284 table=page_000532_table_5 lag=   0.3ms active=5
[  46.401s] RECV #00280 table=page_001156_table_6 request= 0.785s scheduled= 0.786s status=ok active=4
[  46.509s] SEND #00285 table=page_000276_table_box_id_5 lag=   0.8ms active=5
[  46.533s] RECV #00251 table=page_000286_table_box_id_1 request= 5.880s scheduled= 5.881s status=ok active=4
[  46.608s] SEND #00286 table=page_000683_table_8 lag=   0.3ms active=5
[  46.671s] SEND #00287 table=page_000665_table_7 lag=   0.4ms active=6
[  46.682s] SEND #00288 table=page_001356_table_3 lag=   0.2ms active=7
[  46.865s] RECV #00287 table=page_000665_table_7 request= 0.194s scheduled= 0.194s status=ok active=6
[  46.915s] RECV #00286 table=page_000683_table_8 request= 0.307s scheduled= 0.307s status=ok active=5
[  46.968s] RECV #00284 table=page_000532_table_5 request= 0.611s scheduled= 0.611s status=ok active=4
[  47.041s] RECV #00288 table=page_001356_table_3 request= 0.360s scheduled= 0.360s status=ok active=3
[  47.090s] SEND #00289 table=page_001368_table_box_id_161 lag=   0.6ms active=4
[  47.377s] RECV #00283 table=page_000503_table_1 request= 1.077s scheduled= 1.078s status=ok active=3
[  47.544s] RECV #00289 table=page_001368_table_box_id_161 request= 0.455s scheduled= 0.455s status=ok active=2
[  47.673s] SEND #00290 table=page_000451_table_7 lag=   0.5ms active=3
[  48.153s] RECV #00276 table=page_001197_table_3 request= 2.887s scheduled= 2.888s status=ok active=2
[  48.256s] SEND #00291 table=page_000205_table_box_id_11 lag=   0.2ms active=3
[  48.276s] SEND #00292 table=page_001357_table_3 lag=   0.2ms active=4
[  48.316s] SEND #00293 table=page_000696_table_0 lag=   0.5ms active=5
[  48.477s] SEND #00294 table=page_000222_table_box_id_3 lag=   1.2ms active=6
[  48.608s] RECV #00292 table=page_001357_table_3 request= 0.333s scheduled= 0.333s status=ok active=5
[  48.842s] RECV #00293 table=page_000696_table_0 request= 0.525s scheduled= 0.526s status=ok active=4
[  48.955s] RECV #00291 table=page_000205_table_box_id_11 request= 0.699s scheduled= 0.700s status=ok active=3
[  49.051s] RECV #00290 table=page_000451_table_7 request= 1.378s scheduled= 1.379s status=ok active=2
[  49.088s] RECV #00294 table=page_000222_table_box_id_3 request= 0.611s scheduled= 0.612s status=ok active=1
[  49.128s] SEND #00295 table=page_000266_table_box_id_11 lag=   0.6ms active=2
[  49.259s] SEND #00296 table=page_000259_table_box_id_1 lag=   0.9ms active=3
[  49.426s] RECV #00295 table=page_000266_table_box_id_11 request= 0.297s scheduled= 0.298s status=ok active=2
[  49.453s] SEND #00297 table=page_001184_table_10 lag=   0.7ms active=3
[  49.603s] RECV #00297 table=page_001184_table_10 request= 0.150s scheduled= 0.151s status=ok active=2
[  49.634s] SEND #00298 table=page_000742_table_5 lag=   0.7ms active=3
[  49.684s] SEND #00299 table=page_001166_table_5 lag=   0.5ms active=4
[  49.813s] SEND #00300 table=page_000270_table_box_id_0 lag=   0.3ms active=5
[  49.875s] SEND #00301 table=page_000295_table_box_id_1 lag=   0.4ms active=6
[  49.923s] SEND #00302 table=page_000934_table_1 lag=   1.1ms active=7
[  49.937s] SEND #00303 table=page_000200_table_box_id_2 lag=   1.6ms active=8
[  49.991s] SEND #00304 table=page_001121_table_10 lag=   0.4ms active=9
[  50.333s] RECV #00299 table=page_001166_table_5 request= 0.650s scheduled= 0.650s status=ok active=8
[  50.494s] RECV #00302 table=page_000934_table_1 request= 0.571s scheduled= 0.572s status=ok active=7
[  50.510s] RECV #00298 table=page_000742_table_5 request= 0.876s scheduled= 0.877s status=ok active=6
[  50.674s] SEND #00305 table=page_000268_table_box_id_4 lag=   0.9ms active=7
[  50.773s] SEND #00306 table=page_000212_table_box_id_1 lag=   0.6ms active=8
[  50.841s] RECV #00303 table=page_000200_table_box_id_2 request= 0.904s scheduled= 0.905s status=ok active=7
[  50.949s] SEND #00307 table=page_000292_table_box_id_1 lag=   1.1ms active=8
[  51.121s] SEND #00308 table=page_000010_table_box_id_1 lag=   1.1ms active=9
[  51.230s] RECV #00296 table=page_000259_table_box_id_1 request= 1.971s scheduled= 1.972s status=ok active=8
[  51.312s] RECV #00305 table=page_000268_table_box_id_4 request= 0.637s scheduled= 0.638s status=ok active=7
[  51.482s] RECV #00308 table=page_000010_table_box_id_1 request= 0.360s scheduled= 0.361s status=ok active=6
[  51.592s] SEND #00309 table=page_001494_table_9 lag=   0.9ms active=7
[  51.593s] RECV #00304 table=page_001121_table_10 request= 1.602s scheduled= 1.602s status=ok active=6
[  51.675s] SEND #00310 table=page_000505_table_1 lag=   0.9ms active=7
[  51.735s] SEND #00311 table=page_001637_table_4 lag=   0.7ms active=8
[  51.801s] SEND #00312 table=page_000288_table_box_id_1 lag=   0.3ms active=9
[  51.865s] SEND #00313 table=page_001170_table_7 lag=   0.7ms active=10
[  51.905s] RECV #00309 table=page_001494_table_9 request= 0.313s scheduled= 0.314s status=ok active=9
[  51.963s] RECV #00311 table=page_001637_table_4 request= 0.227s scheduled= 0.228s status=ok active=8
[  52.178s] SEND #00314 table=page_001223_table_9 lag=   0.9ms active=9
[  52.344s] RECV #00285 table=page_000276_table_box_id_5 request= 5.835s scheduled= 5.836s status=ok active=8
[  52.443s] RECV #00313 table=page_001170_table_7 request= 0.578s scheduled= 0.578s status=ok active=7
[  52.529s] RECV #00306 table=page_000212_table_box_id_1 request= 1.756s scheduled= 1.757s status=ok active=6
[  52.551s] SEND #00315 table=page_001223_table_9 lag=   0.3ms active=7
[  52.612s] SEND #00316 table=page_000106_table_box_id_4 lag=   0.9ms active=8
[  52.680s] SEND #00317 table=page_000754_table_7 lag=   1.7ms active=9
[  52.810s] SEND #00318 table=page_001368_table_box_id_268 lag=   0.5ms active=10
[  52.848s] RECV #00316 table=page_000106_table_box_id_4 request= 0.236s scheduled= 0.237s status=ok active=9
[  52.954s] SEND #00319 table=page_000239_table_box_id_7 lag=   0.6ms active=10
[  53.040s] RECV #00317 table=page_000754_table_7 request= 0.359s scheduled= 0.361s status=ok active=9
[  53.077s] RECV #00318 table=page_001368_table_box_id_268 request= 0.267s scheduled= 0.268s status=ok active=8
[  53.106s] SEND #00320 table=page_001141_table_13 lag=   0.8ms active=9
[  53.152s] SEND #00321 table=page_000984_table_2 lag=   0.7ms active=10
[  53.156s] SEND #00322 table=page_001227_table_10 lag=   0.9ms active=11
[  53.203s] SEND #00323 table=page_001342_table_2 lag=   1.1ms active=12
[  53.215s] SEND #00324 table=page_000147_table_box_id_3 lag=   0.6ms active=13
[  53.296s] RECV #00319 table=page_000239_table_box_id_7 request= 0.342s scheduled= 0.342s status=ok active=12
[  53.349s] SEND #00325 table=page_000832_table_4 lag=   1.7ms active=13
[  53.361s] SEND #00326 table=page_000710_table_9 lag=   1.0ms active=14
[  53.374s] SEND #00327 table=page_000937_table_0 lag=   0.6ms active=15
[  53.431s] RECV #00310 table=page_000505_table_1 request= 1.757s scheduled= 1.758s status=ok active=14
[  53.482s] RECV #00300 table=page_000270_table_box_id_0 request= 3.669s scheduled= 3.669s status=ok active=13
[  53.543s] SEND #00328 table=page_000566_table_3 lag=   2.0ms active=14
[  53.598s] RECV #00321 table=page_000984_table_2 request= 0.446s scheduled= 0.447s status=ok active=13
[  53.599s] SEND #00329 table=page_001242_table_4 lag=   0.5ms active=14
[  53.861s] SEND #00330 table=page_001408_table_16 lag=   0.5ms active=15
[  53.974s] SEND #00331 table=page_000789_table_34 lag=   0.9ms active=16
[  54.020s] RECV #00320 table=page_001141_table_13 request= 0.915s scheduled= 0.916s status=ok active=15
[  54.081s] RECV #00314 table=page_001223_table_9 request= 1.903s scheduled= 1.904s status=ok active=14
[  54.111s] RECV #00324 table=page_000147_table_box_id_3 request= 0.896s scheduled= 0.897s status=ok active=13
[  54.260s] RECV #00325 table=page_000832_table_4 request= 0.910s scheduled= 0.912s status=ok active=12
[  54.305s] SEND #00332 table=page_000147_table_box_id_3 lag=   0.7ms active=13
[  54.333s] SEND #00333 table=page_001174_table_box_id_2 lag=   0.4ms active=14
[  54.349s] RECV #00326 table=page_000710_table_9 request= 0.988s scheduled= 0.989s status=ok active=13
[  54.449s] SEND #00334 table=page_000633_table_5 lag=   0.6ms active=14
[  54.503s] RECV #00323 table=page_001342_table_2 request= 1.301s scheduled= 1.302s status=ok active=13
[  54.633s] RECV #00315 table=page_001223_table_9 request= 2.082s scheduled= 2.082s status=ok active=12
[  54.681s] RECV #00330 table=page_001408_table_16 request= 0.821s scheduled= 0.821s status=ok active=11
[  54.713s] SEND #00335 table=page_001368_table_box_id_273 lag=   0.4ms active=12
[  54.727s] SEND #00336 table=page_000207_table_box_id_1 lag=   1.6ms active=13
[  54.754s] RECV #00331 table=page_000789_table_34 request= 0.780s scheduled= 0.780s status=ok active=12
[  54.819s] RECV #00332 table=page_000147_table_box_id_3 request= 0.514s scheduled= 0.515s status=ok active=11
[  54.894s] RECV #00327 table=page_000937_table_0 request= 1.520s scheduled= 1.521s status=ok active=10
[  55.031s] RECV #00329 table=page_001242_table_4 request= 1.433s scheduled= 1.433s status=ok active=9
[  55.173s] RECV #00335 table=page_001368_table_box_id_273 request= 0.460s scheduled= 0.461s status=ok active=8
[  55.223s] SEND #00337 table=page_001117_table_box_id_7 lag=   1.0ms active=9
[  55.255s] SEND #00338 table=page_001147_table_5 lag=   0.9ms active=10
[  55.394s] RECV #00333 table=page_001174_table_box_id_2 request= 1.061s scheduled= 1.061s status=ok active=9
[  55.471s] RECV #00307 table=page_000292_table_box_id_1 request= 4.522s scheduled= 4.523s status=ok active=8
[  55.504s] SEND #00339 table=page_001398_table_box-bfny2f1z lag=   0.7ms active=9
[  55.651s] RECV #00328 table=page_000566_table_3 request= 2.108s scheduled= 2.109s status=ok active=8
[  55.733s] RECV #00337 table=page_001117_table_box_id_7 request= 0.510s scheduled= 0.511s status=ok active=7
[  55.898s] RECV #00322 table=page_001227_table_10 request= 2.742s scheduled= 2.743s status=ok active=6
[  56.082s] RECV #00339 table=page_001398_table_box-bfny2f1z request= 0.577s scheduled= 0.578s status=ok active=5
[  56.203s] SEND #00340 table=page_000292_table_box_id_2 lag=   0.8ms active=6
[  56.491s] SEND #00341 table=page_001144_table_11 lag=   1.5ms active=7
[  56.555s] SEND #00342 table=page_000661_table_4 lag=   1.0ms active=8
[  56.575s] SEND #00343 table=page_000984_table_2 lag=   1.8ms active=9
[  56.672s] RECV #00336 table=page_000207_table_box_id_1 request= 1.945s scheduled= 1.947s status=ok active=8
[  56.694s] SEND #00344 table=page_001155_table_4 lag=   0.8ms active=9
[  56.712s] RECV #00342 table=page_000661_table_4 request= 0.157s scheduled= 0.158s status=ok active=8
[  56.788s] RECV #00343 table=page_000984_table_2 request= 0.214s scheduled= 0.216s status=ok active=7
[  56.853s] RECV #00344 table=page_001155_table_4 request= 0.159s scheduled= 0.160s status=ok active=6
[  57.114s] SEND #00345 table=page_001368_table_box_id_239 lag=   0.8ms active=7
[  57.171s] SEND #00346 table=page_001367_table_60 lag=   0.5ms active=8
[  57.201s] RECV #00341 table=page_001144_table_11 request= 0.710s scheduled= 0.712s status=ok active=7
[  57.377s] RECV #00334 table=page_000633_table_5 request= 2.928s scheduled= 2.929s status=ok active=6
[  57.400s] RECV #00345 table=page_001368_table_box_id_239 request= 0.286s scheduled= 0.287s status=ok active=5
[  57.486s] RECV #00301 table=page_000295_table_box_id_1 request= 7.611s scheduled= 7.612s status=ok active=4
[  57.545s] SEND #00347 table=page_000758_table_21 lag=   1.0ms active=5
[  57.570s] SEND #00348 table=page_000253_table_box_id_7 lag=   0.2ms active=6
[  57.698s] RECV #00347 table=page_000758_table_21 request= 0.153s scheduled= 0.154s status=ok active=5
[  57.909s] RECV #00348 table=page_000253_table_box_id_7 request= 0.339s scheduled= 0.339s status=ok active=4
[  57.930s] RECV #00340 table=page_000292_table_box_id_2 request= 1.726s scheduled= 1.727s status=ok active=3
[  57.972s] SEND #00349 table=page_000866_table_10 lag=   0.2ms active=4
[  57.978s] SEND #00350 table=page_000534_table_3 lag=   0.5ms active=5
[  58.042s] SEND #00351 table=page_000446_table_3 lag=   0.8ms active=6
[  58.084s] RECV #00338 table=page_001147_table_5 request= 2.829s scheduled= 2.830s status=ok active=5
[  58.107s] RECV #00349 table=page_000866_table_10 request= 0.135s scheduled= 0.135s status=ok active=4
[  58.313s] RECV #00350 table=page_000534_table_3 request= 0.335s scheduled= 0.335s status=ok active=3
[  58.430s] SEND #00352 table=page_000673_table_1 lag=   0.3ms active=4
[  58.663s] RECV #00352 table=page_000673_table_1 request= 0.233s scheduled= 0.233s status=ok active=3
[  58.702s] SEND #00353 table=page_001200_table_2 lag=   0.8ms active=4
[  59.098s] SEND #00354 table=page_000230_table_box_id_7 lag=   0.9ms active=5
[  59.160s] RECV #00312 table=page_000288_table_box_id_1 request= 7.359s scheduled= 7.359s status=ok active=4
[  59.405s] SEND #00355 table=page_001183_table_11 lag=   1.1ms active=5
[  59.633s] SEND #00356 table=page_000248_table_box_id_1 lag=   0.5ms active=6
[  59.827s] SEND #00357 table=page_000531_table_5 lag=   0.4ms active=7
[  59.860s] SEND #00358 table=page_001131_table_15 lag=   0.4ms active=8
[  59.880s] RECV #00355 table=page_001183_table_11 request= 0.475s scheduled= 0.476s status=ok active=7
[  59.955s] SEND #00359 table=page_000824_table_0 lag=   0.8ms active=8
[  59.984s] SEND #00360 table=page_000225_table_box_id_9 lag=   0.9ms active=9
[  60.194s] SEND #00361 table=page_000241_table_box_id_2 lag=   1.6ms active=10
[  60.289s] RECV #00358 table=page_001131_table_15 request= 0.429s scheduled= 0.429s status=ok active=9
[  60.378s] SEND #00362 table=page_001132_table_box_id_10 lag=   1.9ms active=10
[  60.425s] SEND #00363 table=page_001368_table_box_id_255 lag=   1.1ms active=11
[  60.436s] SEND #00364 table=page_000011_table_box_id_1 lag=   0.6ms active=12
[  60.552s] RECV #00357 table=page_000531_table_5 request= 0.724s scheduled= 0.725s status=ok active=11
[  60.642s] RECV #00360 table=page_000225_table_box_id_9 request= 0.658s scheduled= 0.659s status=ok active=10
[  60.707s] RECV #00356 table=page_000248_table_box_id_1 request= 1.074s scheduled= 1.075s status=ok active=9
[  60.747s] RECV #00359 table=page_000824_table_0 request= 0.792s scheduled= 0.793s status=ok active=8
[  60.988s] SEND #00365 table=page_001148_table_3 lag=   1.7ms active=9
[  61.011s] RECV #00363 table=page_001368_table_box_id_255 request= 0.586s scheduled= 0.587s status=ok active=8
[  61.076s] RECV #00346 table=page_001367_table_60 request= 3.905s scheduled= 3.905s status=ok active=7
[  61.085s] RECV #00361 table=page_000241_table_box_id_2 request= 0.891s scheduled= 0.893s status=ok active=6
[  61.170s] RECV #00353 table=page_001200_table_2 request= 2.468s scheduled= 2.469s status=ok active=5
[  61.218s] RECV #00354 table=page_000230_table_box_id_7 request= 2.119s scheduled= 2.120s status=ok active=4
[  61.262s] SEND #00366 table=page_001499_table_12 lag=   0.4ms active=5
[  61.395s] SEND #00367 table=page_000499_table_0 lag=   0.4ms active=6
[  61.525s] SEND #00368 table=page_001130_table_13 lag=   0.2ms active=7
[  61.705s] RECV #00362 table=page_001132_table_box_id_10 request= 1.327s scheduled= 1.329s status=ok active=6
[  61.730s] RECV #00364 table=page_000011_table_box_id_1 request= 1.294s scheduled= 1.295s status=ok active=5
[  61.762s] RECV #00368 table=page_001130_table_13 request= 0.237s scheduled= 0.237s status=ok active=4
[  61.843s] SEND #00369 table=page_001139_table_5 lag=   1.0ms active=5
[  61.855s] RECV #00351 table=page_000446_table_3 request= 3.814s scheduled= 3.814s status=ok active=4
[  61.874s] RECV #00366 table=page_001499_table_12 request= 0.612s scheduled= 0.612s status=ok active=3
[  61.943s] SEND #00370 table=page_000263_table_box_id_7 lag=   0.4ms active=4
[  62.027s] SEND #00371 table=page_000278_table_box_id_1 lag=   0.3ms active=5
[  62.097s] SEND #00372 table=page_000516_table_0 lag=   1.1ms active=6
[  62.146s] SEND #00373 table=page_001191_table_2 lag=   0.2ms active=7
[  62.150s] SEND #00374 table=page_000243_table_box-xkm41jlm lag=   0.7ms active=8
[  62.324s] SEND #00375 table=page_000298_table_5 lag=   1.2ms active=9
[  62.414s] SEND #00376 table=page_000280_table_box_id_1 lag=   1.1ms active=10
[  62.513s] RECV #00367 table=page_000499_table_0 request= 1.118s scheduled= 1.118s status=ok active=9
[  62.554s] SEND #00377 table=page_001637_table_5 lag=   0.8ms active=10
[  62.565s] SEND #00378 table=page_001368_table_box_id_220 lag=   1.1ms active=11
[  62.639s] SEND #00379 table=page_001368_table_box_id_237 lag=   1.7ms active=12
[  62.663s] SEND #00380 table=page_001167_table_8 lag=   0.5ms active=13
[  62.685s] SEND #00381 table=page_000234_table_box_id_5 lag=   0.8ms active=14
[  62.730s] RECV #00373 table=page_001191_table_2 request= 0.584s scheduled= 0.584s status=ok active=13
[  62.735s] SEND #00382 table=page_000932_table_3 lag=   0.6ms active=14
[  62.889s] RECV #00374 table=page_000243_table_box-xkm41jlm request= 0.739s scheduled= 0.739s status=ok active=13
[  62.980s] RECV #00377 table=page_001637_table_5 request= 0.425s scheduled= 0.426s status=ok active=12
[  63.029s] SEND #00383 table=page_000244_table_box_id_8 lag=   0.5ms active=13
[  63.114s] SEND #00384 table=page_000226_table_box_id_0 lag=   0.6ms active=14
[  63.163s] RECV #00378 table=page_001368_table_box_id_220 request= 0.598s scheduled= 0.599s status=ok active=13
[  63.188s] RECV #00375 table=page_000298_table_5 request= 0.864s scheduled= 0.865s status=ok active=12
[  63.199s] SEND #00385 table=page_001503_table_5 lag=   0.4ms active=13
[  63.357s] SEND #00386 table=page_001368_table_box_id_273 lag=   0.3ms active=14
[  63.401s] SEND #00387 table=page_000514_table_6 lag=   0.6ms active=15
[  63.403s] SEND #00388 table=page_001193_table_4 lag=   1.1ms active=16
[  63.447s] RECV #00380 table=page_001167_table_8 request= 0.785s scheduled= 0.785s status=ok active=15
[  63.528s] SEND #00389 table=page_000268_table_box_id_4 lag=   0.3ms active=16
[  63.540s] RECV #00365 table=page_001148_table_3 request= 2.552s scheduled= 2.554s status=ok active=15
[  63.633s] RECV #00379 table=page_001368_table_box_id_237 request= 0.994s scheduled= 0.995s status=ok active=14
[  63.644s] SEND #00390 table=page_000911_table_box_id_5 lag=   0.7ms active=15
[  63.818s] SEND #00391 table=page_000603_table_7 lag=   0.3ms active=16
[  63.890s] RECV #00382 table=page_000932_table_3 request= 1.155s scheduled= 1.156s status=ok active=15
[  63.915s] SEND #00392 table=page_001189_table_box_id_2 lag=   0.7ms active=16
[  64.037s] RECV #00372 table=page_000516_table_0 request= 1.940s scheduled= 1.941s status=ok active=15
[  64.107s] SEND #00393 table=page_000324_table_0 lag=   0.3ms active=16
[  64.164s] RECV #00385 table=page_001503_table_5 request= 0.965s scheduled= 0.966s status=ok active=15
[  64.195s] RECV #00383 table=page_000244_table_box_id_8 request= 1.166s scheduled= 1.167s status=ok active=14
[  64.327s] SEND #00394 table=page_000290_table_box_id_1 lag=   0.4ms active=15
[  64.373s] SEND #00395 table=page_000844_table_6 lag=   0.8ms active=16
[  64.389s] RECV #00386 table=page_001368_table_box_id_273 request= 1.032s scheduled= 1.033s status=ok active=15
[  64.487s] SEND #00396 table=page_000944_table_0 lag=   1.1ms active=16
[  64.501s] RECV #00384 table=page_000226_table_box_id_0 request= 1.387s scheduled= 1.388s status=ok active=15
[  64.595s] SEND #00397 table=page_001378_table_box_id_1 lag=   1.2ms active=16
[  64.617s] RECV #00369 table=page_001139_table_5 request= 2.774s scheduled= 2.775s status=ok active=15
[  64.638s] SEND #00398 table=page_000792_table_4 lag=   0.8ms active=16
[  64.726s] SEND #00399 table=page_001187_table_0 lag=   1.0ms active=17
[  64.863s] SEND #00400 table=page_000210_table_box_id_0 lag=   1.1ms active=18
[  64.933s] RECV #00388 table=page_001193_table_4 request= 1.530s scheduled= 1.531s status=ok active=17
[  65.018s] RECV #00390 table=page_000911_table_box_id_5 request= 1.374s scheduled= 1.374s status=ok active=16
[  65.079s] RECV #00389 table=page_000268_table_box_id_4 request= 1.552s scheduled= 1.552s status=ok active=15
[  65.236s] RECV #00387 table=page_000514_table_6 request= 1.835s scheduled= 1.835s status=ok active=14
[  65.259s] SEND #00401 table=page_000274_table_box_id_0 lag=   0.6ms active=15
[  65.369s] RECV #00393 table=page_000324_table_0 request= 1.262s scheduled= 1.262s status=ok active=14
[  65.541s] RECV #00391 table=page_000603_table_7 request= 1.723s scheduled= 1.723s status=ok active=13
[  65.645s] RECV #00392 table=page_001189_table_box_id_2 request= 1.731s scheduled= 1.731s status=ok active=12
[  65.675s] SEND #00402 table=page_000221_table_box_id_3 lag=   0.5ms active=13
[  65.728s] SEND #00403 table=page_001121_table_7 lag=   0.6ms active=14
[  65.769s] RECV #00381 table=page_000234_table_box_id_5 request= 3.083s scheduled= 3.084s status=ok active=13
[  65.869s] RECV #00398 table=page_000792_table_4 request= 1.232s scheduled= 1.233s status=ok active=12
[  65.902s] SEND #00404 table=page_000231_table_box_id_2 lag=   0.6ms active=13
[  65.910s] SEND #00405 table=page_000585_table_1 lag=   0.2ms active=14
[  65.922s] SEND #00406 table=page_001398_table_box-13qv1ztw lag=   0.7ms active=15
[  66.006s] RECV #00395 table=page_000844_table_6 request= 1.633s scheduled= 1.634s status=ok active=14
[  66.043s] SEND #00407 table=page_001035_table_28 lag=   1.8ms active=15
[  66.252s] RECV #00397 table=page_001378_table_box_id_1 request= 1.657s scheduled= 1.658s status=ok active=14
[  66.392s] SEND #00408 table=page_000283_table_box_id_1 lag=   0.5ms active=15
[  66.420s] SEND #00409 table=page_000639_table_4 lag=   0.3ms active=16
[  66.454s] RECV #00396 table=page_000944_table_0 request= 1.967s scheduled= 1.969s status=ok active=15
[  66.595s] RECV #00370 table=page_000263_table_box_id_7 request= 4.652s scheduled= 4.652s status=ok active=14
[  66.664s] SEND #00410 table=page_000522_table_1 lag=   1.9ms active=15
[  66.753s] RECV #00400 table=page_000210_table_box_id_0 request= 1.890s scheduled= 1.891s status=ok active=14
[  66.952s] RECV #00403 table=page_001121_table_7 request= 1.223s scheduled= 1.224s status=ok active=13
[  67.020s] SEND #00411 table=page_000634_table_1 lag=   0.5ms active=14
[  67.047s] RECV #00376 table=page_000280_table_box_id_1 request= 4.633s scheduled= 4.635s status=ok active=13
[  67.083s] SEND #00412 table=page_000641_table_8 lag=   1.1ms active=14
[  67.246s] RECV #00406 table=page_001398_table_box-13qv1ztw request= 1.323s scheduled= 1.324s status=ok active=13
[  67.279s] SEND #00413 table=page_001367_table_73 lag=   0.8ms active=14
[  67.413s] RECV #00402 table=page_000221_table_box_id_3 request= 1.738s scheduled= 1.738s status=ok active=13
[  67.594s] SEND #00414 table=page_000217_table_box_id_0 lag=   0.7ms active=14
[  67.672s] SEND #00415 table=page_001209_table_4 lag=   1.0ms active=15
[  67.745s] RECV #00401 table=page_000274_table_box_id_0 request= 2.487s scheduled= 2.487s status=ok active=14
[  67.873s] SEND #00416 table=page_000279_table_box-fy04hrwa lag=   0.6ms active=15
[  67.979s] RECV #00405 table=page_000585_table_1 request= 2.069s scheduled= 2.070s status=ok active=14
[  68.038s] RECV #00407 table=page_001035_table_28 request= 1.995s scheduled= 1.996s status=ok active=13
[  68.095s] SEND #00417 table=page_000265_table_box_id_3 lag=   0.4ms active=14
[  68.246s] SEND #00418 table=page_000520_table_0 lag=   0.8ms active=15
[  68.273s] RECV #00410 table=page_000522_table_1 request= 1.609s scheduled= 1.610s status=ok active=14
[  68.348s] RECV #00404 table=page_000231_table_box_id_2 request= 2.446s scheduled= 2.447s status=ok active=13
[  68.465s] RECV #00412 table=page_000641_table_8 request= 1.382s scheduled= 1.383s status=ok active=12
[  68.570s] SEND #00419 table=page_001499_table_12 lag=   1.8ms active=13
[  68.585s] RECV #00413 table=page_001367_table_73 request= 1.306s scheduled= 1.307s status=ok active=12
[  68.720s] RECV #00411 table=page_000634_table_1 request= 1.700s scheduled= 1.700s status=ok active=11
[  68.846s] RECV #00415 table=page_001209_table_4 request= 1.174s scheduled= 1.175s status=ok active=10
[  68.947s] SEND #00420 table=page_000564_table_7 lag=   0.6ms active=11
[  68.961s] RECV #00414 table=page_000217_table_box_id_0 request= 1.367s scheduled= 1.367s status=ok active=10
[  69.113s] RECV #00418 table=page_000520_table_0 request= 0.867s scheduled= 0.868s status=ok active=9
[  69.485s] SEND #00421 table=page_001198_table_8 lag=   1.1ms active=10
[  69.502s] RECV #00419 table=page_001499_table_12 request= 0.932s scheduled= 0.933s status=ok active=9
[  69.586s] RECV #00409 table=page_000639_table_4 request= 3.166s scheduled= 3.166s status=ok active=8
[  69.625s] SEND #00422 table=page_000219_table_box_id_3 lag=   0.2ms active=9
[  69.658s] SEND #00423 table=page_001011_table_35 lag=   0.6ms active=10
[  69.705s] SEND #00424 table=page_000451_table_10 lag=   0.2ms active=11
[  69.708s] RECV #00399 table=page_001187_table_0 request= 4.982s scheduled= 4.983s status=ok active=10
[  69.746s] SEND #00425 table=page_001406_table_8 lag=   0.3ms active=11
[  69.887s] SEND #00426 table=page_000519_table_1 lag=   0.5ms active=12
[  70.007s] RECV #00420 table=page_000564_table_7 request= 1.060s scheduled= 1.060s status=ok active=11
[  70.008s] RECV #00417 table=page_000265_table_box_id_3 request= 1.913s scheduled= 1.914s status=ok active=10
[  70.123s] SEND #00427 table=page_000201_table_box_id_3 lag=   0.3ms active=11
[  70.134s] SEND #00428 table=page_000927_table_2 lag=   2.0ms active=12
[  70.244s] RECV #00422 table=page_000219_table_box_id_3 request= 0.619s scheduled= 0.620s status=ok active=11
[  70.323s] SEND #00429 table=page_000514_table_6 lag=   0.4ms active=12
[  70.393s] RECV #00423 table=page_001011_table_35 request= 0.735s scheduled= 0.736s status=ok active=11
[  70.485s] RECV #00421 table=page_001198_table_8 request= 1.001s scheduled= 1.002s status=ok active=10
[  70.534s] SEND #00430 table=page_000800_table_10 lag=   1.1ms active=11
[  70.605s] SEND #00431 table=page_000465_table_9 lag=   0.4ms active=12
[  70.640s] RECV #00371 table=page_000278_table_box_id_1 request= 8.613s scheduled= 8.614s status=ok active=11
[  70.726s] SEND #00432 table=page_000940_table_1 lag=   1.1ms active=12
[  70.746s] RECV #00425 table=page_001406_table_8 request= 1.000s scheduled= 1.000s status=ok active=11
[  70.756s] SEND #00433 table=page_001395_table_6 lag=   1.5ms active=12
[  70.871s] RECV #00427 table=page_000201_table_box_id_3 request= 0.748s scheduled= 0.748s status=ok active=11
[  70.912s] RECV #00430 table=page_000800_table_10 request= 0.378s scheduled= 0.379s status=ok active=10
[  70.974s] SEND #00434 table=page_000295_table_box_id_1 lag=   0.7ms active=11
[  70.980s] SEND #00435 table=page_000677_table_23 lag=   0.5ms active=12
[  71.042s] RECV #00428 table=page_000927_table_2 request= 0.908s scheduled= 0.910s status=ok active=11
[  71.168s] RECV #00432 table=page_000940_table_1 request= 0.442s scheduled= 0.443s status=ok active=10
[  71.366s] RECV #00426 table=page_000519_table_1 request= 1.480s scheduled= 1.480s status=ok active=9
[  71.525s] RECV #00431 table=page_000465_table_9 request= 0.920s scheduled= 0.921s status=ok active=8
[  71.587s] RECV #00435 table=page_000677_table_23 request= 0.607s scheduled= 0.607s status=ok active=7
[  71.616s] RECV #00433 table=page_001395_table_6 request= 0.860s scheduled= 0.861s status=ok active=6
[  71.643s] SEND #00436 table=page_001137_table_9 lag=   0.9ms active=7
[  71.684s] RECV #00429 table=page_000514_table_6 request= 1.361s scheduled= 1.361s status=ok active=6
[  71.919s] SEND #00437 table=page_001137_table_10 lag=   1.2ms active=7
[  71.971s] RECV #00424 table=page_000451_table_10 request= 2.266s scheduled= 2.266s status=ok active=6
[  72.083s] SEND #00438 table=page_000982_table_16 lag=   0.3ms active=7
[  72.134s] SEND #00439 table=page_000938_table_3 lag=   0.2ms active=8
[  72.417s] RECV #00438 table=page_000982_table_16 request= 0.334s scheduled= 0.334s status=ok active=7
[  72.542s] SEND #00440 table=page_001145_table_3 lag=   1.0ms active=8
[  72.558s] RECV #00439 table=page_000938_table_3 request= 0.424s scheduled= 0.424s status=ok active=7
[  73.011s] RECV #00440 table=page_001145_table_3 request= 0.469s scheduled= 0.470s status=ok active=6
[  73.071s] RECV #00394 table=page_000290_table_box_id_1 request= 8.744s scheduled= 8.745s status=ok active=5
[  73.075s] SEND #00441 table=page_000512_table_0 lag=   0.3ms active=6
[  73.100s] SEND #00442 table=page_000536_table_4 lag=   0.2ms active=7
[  73.350s] SEND #00443 table=page_000623_table_7 lag=   0.9ms active=8
[  73.657s] SEND #00444 table=page_001368_table_box_id_229 lag=   0.5ms active=9
[  73.803s] RECV #00442 table=page_000536_table_4 request= 0.702s scheduled= 0.703s status=ok active=8
[  73.837s] RECV #00436 table=page_001137_table_9 request= 2.194s scheduled= 2.194s status=ok active=7
[  73.837s] SEND #00445 table=page_000216_table_box_id_0 lag=   1.0ms active=8
[  74.038s] SEND #00446 table=page_000223_table_box_id_2 lag=   1.0ms active=9
[  74.041s] RECV #00416 table=page_000279_table_box-fy04hrwa request= 6.168s scheduled= 6.168s status=ok active=8
[  74.136s] SEND #00447 table=page_001147_table_5 lag=   0.5ms active=9
[  74.463s] RECV #00444 table=page_001368_table_box_id_229 request= 0.805s scheduled= 0.806s status=ok active=8
[  74.567s] SEND #00448 table=page_000521_table_2 lag=   1.4ms active=9
[  74.647s] RECV #00443 table=page_000623_table_7 request= 1.297s scheduled= 1.298s status=ok active=8
[  74.682s] RECV #00437 table=page_001137_table_10 request= 2.764s scheduled= 2.765s status=ok active=7
[  74.864s] RECV #00408 table=page_000283_table_box_id_1 request= 8.472s scheduled= 8.472s status=ok active=6
[  75.080s] RECV #00441 table=page_000512_table_0 request= 2.004s scheduled= 2.005s status=ok active=5
[  75.157s] SEND #00449 table=page_000755_table_3 lag=   0.6ms active=6
[  75.238s] SEND #00450 table=page_000766_table_2 lag=   0.9ms active=7
[  75.353s] RECV #00449 table=page_000755_table_3 request= 0.195s scheduled= 0.196s status=ok active=6
[  75.503s] RECV #00446 table=page_000223_table_box_id_2 request= 1.465s scheduled= 1.466s status=ok active=5
[  75.509s] SEND #00451 table=page_000649_table_3 lag=   1.1ms active=6
[  75.512s] RECV #00448 table=page_000521_table_2 request= 0.945s scheduled= 0.946s status=ok active=5
[  75.603s] SEND #00452 table=page_000218_table_box_id_4 lag=   0.9ms active=6
[  75.633s] SEND #00453 table=page_000628_table_6 lag=   0.7ms active=7
[  75.699s] SEND #00454 table=page_000267_table_box_id_1 lag=   0.7ms active=8
[  75.721s] SEND #00455 table=page_000838_table_18 lag=   0.2ms active=9
[  76.121s] SEND #00456 table=page_000275_table_box_id_1 lag=   1.0ms active=10
[  76.655s] SEND #00457 table=page_000628_table_14 lag=   1.1ms active=11
[  76.676s] SEND #00458 table=page_000913_table_11 lag=   0.6ms active=12
[  76.828s] SEND #00459 table=page_000214_table_box_id_6 lag=   0.5ms active=13
[  76.917s] SEND #00460 table=page_001367_table_69 lag=   1.8ms active=14
[  76.937s] SEND #00461 table=page_000642_table_8 lag=   0.9ms active=15
[  76.995s] SEND #00462 table=page_000225_table_box_id_13 lag=   0.2ms active=16
[  77.043s] SEND #00463 table=page_001122_table_2 lag=   0.3ms active=17
[  77.121s] RECV #00447 table=page_001147_table_5 request= 2.985s scheduled= 2.985s status=ok active=16
[  77.185s] RECV #00451 table=page_000649_table_3 request= 1.676s scheduled= 1.677s status=ok active=15
[  77.273s] SEND #00464 table=page_001493_table_box_id_19 lag=   0.2ms active=16
[  77.274s] SEND #00465 table=page_001157_table_5 lag=   0.1ms active=17
[  77.288s] RECV #00455 table=page_000838_table_18 request= 1.568s scheduled= 1.568s status=ok active=16
[  77.309s] SEND #00466 table=page_001368_table_box_id_167 lag=   0.2ms active=17
[  77.406s] SEND #00467 table=page_000204_table_box_id_6 lag=   0.6ms active=18
[  77.409s] SEND #00468 table=page_001196_table_13 lag=   0.7ms active=19
[  77.574s] SEND #00469 table=page_001131_table_10 lag=   1.0ms active=20
[  77.634s] RECV #00453 table=page_000628_table_6 request= 2.001s scheduled= 2.002s status=ok active=19
[  77.729s] SEND #00470 table=page_000255_table_box_id_2 lag=   0.7ms active=20
[  77.733s] RECV #00452 table=page_000218_table_box_id_4 request= 2.130s scheduled= 2.131s status=ok active=19
[  77.853s] RECV #00457 table=page_000628_table_14 request= 1.198s scheduled= 1.199s status=ok active=18
[  77.909s] RECV #00458 table=page_000913_table_11 request= 1.233s scheduled= 1.234s status=ok active=17
[  78.029s] SEND #00471 table=page_000702_table_5 lag=   0.2ms active=18
[  78.068s] SEND #00472 table=page_000522_table_1 lag=   0.3ms active=19
[  78.078s] RECV #00434 table=page_000295_table_box_id_1 request= 7.104s scheduled= 7.105s status=ok active=18
[  78.124s] SEND #00473 table=page_000506_table_7 lag=   0.5ms active=19
[  78.178s] RECV #00445 table=page_000216_table_box_id_0 request= 4.340s scheduled= 4.341s status=ok active=18
[  78.255s] SEND #00474 table=page_000507_table_6 lag=   1.1ms active=19
[  78.308s] SEND #00475 table=page_001419_table_10 lag=   1.6ms active=20
[  78.386s] RECV #00460 table=page_001367_table_69 request= 1.469s scheduled= 1.471s status=ok active=19
[  78.455s] SEND #00476 table=page_001190_table_8 lag=   1.0ms active=20
[  78.488s] RECV #00463 table=page_001122_table_2 request= 1.445s scheduled= 1.445s status=ok active=19
[  78.502s] SEND #00477 table=page_001140_table_11 lag=   0.3ms active=20
[  78.584s] RECV #00450 table=page_000766_table_2 request= 3.346s scheduled= 3.347s status=ok active=19
[  78.613s] RECV #00464 table=page_001493_table_box_id_19 request= 1.340s scheduled= 1.340s status=ok active=18
[  78.694s] SEND #00478 table=page_001123_table_14 lag=   0.4ms active=19
[  78.727s] RECV #00466 table=page_001368_table_box_id_167 request= 1.418s scheduled= 1.418s status=ok active=18
[  78.956s] SEND #00479 table=page_001183_table_11 lag=   1.1ms active=19
[  79.047s] RECV #00467 table=page_000204_table_box_id_6 request= 1.642s scheduled= 1.642s status=ok active=18
[  79.141s] RECV #00462 table=page_000225_table_box_id_13 request= 2.146s scheduled= 2.146s status=ok active=17
[  79.225s] RECV #00465 table=page_001157_table_5 request= 1.951s scheduled= 1.952s status=ok active=16
[  79.231s] SEND #00480 table=page_000217_table_box_id_0 lag=   0.6ms active=17
[  79.371s] RECV #00471 table=page_000702_table_5 request= 1.341s scheduled= 1.342s status=ok active=16
[  79.432s] RECV #00459 table=page_000214_table_box_id_6 request= 2.603s scheduled= 2.604s status=ok active=15
[  79.655s] RECV #00454 table=page_000267_table_box_id_1 request= 3.956s scheduled= 3.957s status=ok active=14
[  79.761s] RECV #00472 table=page_000522_table_1 request= 1.693s scheduled= 1.693s status=ok active=13
[  79.791s] RECV #00461 table=page_000642_table_8 request= 2.854s scheduled= 2.855s status=ok active=12
[  79.837s] SEND #00481 table=page_001192_table_2 lag=   1.1ms active=13
[  79.847s] RECV #00468 table=page_001196_table_13 request= 2.438s scheduled= 2.439s status=ok active=12
[  79.968s] SEND #00482 table=page_000293_table_box_id_1 lag=   0.5ms active=13
[  80.021s] RECV #00469 table=page_001131_table_10 request= 2.447s scheduled= 2.448s status=ok active=12
[  80.082s] SEND #00483 table=page_000553_table_8 lag=   1.9ms active=13
[  80.204s] RECV #00475 table=page_001419_table_10 request= 1.896s scheduled= 1.898s status=ok active=12
[  80.403s] SEND #00484 table=page_000213_table_box_id_5 lag=   0.7ms active=13
[  80.418s] RECV #00478 table=page_001123_table_14 request= 1.725s scheduled= 1.725s status=ok active=12
[  80.608s] RECV #00479 table=page_001183_table_11 request= 1.652s scheduled= 1.653s status=ok active=11
[  80.647s] SEND #00485 table=page_000262_table_box_id_1 lag=   0.3ms active=12
[  80.788s] SEND #00486 table=page_001183_table_12 lag=   0.3ms active=13
[  80.799s] RECV #00480 table=page_000217_table_box_id_0 request= 1.569s scheduled= 1.569s status=ok active=12
[  80.869s] SEND #00487 table=page_000903_table_15 lag=   0.8ms active=13
[  80.908s] RECV #00474 table=page_000507_table_6 request= 2.654s scheduled= 2.655s status=ok active=12
[  80.924s] SEND #00488 table=page_001595_table_box_id_7 lag=   0.2ms active=13
[  80.944s] SEND #00489 table=page_000272_table_box_id_1 lag=   1.0ms active=14
[  81.006s] RECV #00473 table=page_000506_table_7 request= 2.882s scheduled= 2.882s status=ok active=13
[  81.148s] RECV #00476 table=page_001190_table_8 request= 2.694s scheduled= 2.695s status=ok active=12
[  81.218s] SEND #00490 table=page_000533_table_5 lag=   0.4ms active=13
[  81.240s] SEND #00491 table=page_000920_table_8 lag=   1.1ms active=14
[  81.364s] RECV #00477 table=page_001140_table_11 request= 2.862s scheduled= 2.862s status=ok active=13
[  81.469s] SEND #00492 table=page_001167_table_2 lag=   1.7ms active=14
[  81.600s] SEND #00493 table=page_001127_table_4 lag=   1.1ms active=15
[  81.635s] RECV #00485 table=page_000262_table_box_id_1 request= 0.988s scheduled= 0.988s status=ok active=14
[  81.789s] RECV #00487 table=page_000903_table_15 request= 0.920s scheduled= 0.921s status=ok active=13
[  81.873s] RECV #00484 table=page_000213_table_box_id_5 request= 1.470s scheduled= 1.471s status=ok active=12
[  82.045s] RECV #00486 table=page_001183_table_12 request= 1.258s scheduled= 1.258s status=ok active=11
[  82.158s] SEND #00494 table=page_001274_table_4 lag=   0.4ms active=12
[  82.273s] RECV #00483 table=page_000553_table_8 request= 2.191s scheduled= 2.193s status=ok active=11
[  82.396s] SEND #00495 table=page_001129_table_9 lag=   0.2ms active=12
[  82.398s] RECV #00490 table=page_000533_table_5 request= 1.180s scheduled= 1.180s status=ok active=11
[  82.628s] RECV #00491 table=page_000920_table_8 request= 1.389s scheduled= 1.390s status=ok active=10
[  82.755s] RECV #00488 table=page_001595_table_box_id_7 request= 1.831s scheduled= 1.831s status=ok active=9
[  82.852s] RECV #00492 table=page_001167_table_2 request= 1.382s scheduled= 1.384s status=ok active=8
[  82.903s] RECV #00470 table=page_000255_table_box_id_2 request= 5.174s scheduled= 5.175s status=ok active=7
[  82.960s] RECV #00481 table=page_001192_table_2 request= 3.123s scheduled= 3.125s status=ok active=6
[  83.002s] SEND #00496 table=page_000642_table_6 lag=   0.8ms active=7
[  83.027s] SEND #00497 table=page_001179_table_6 lag=   1.1ms active=8
[  83.142s] SEND #00498 table=page_001011_table_18 lag=   0.3ms active=9
[  83.284s] SEND #00499 table=page_000814_table_0 lag=   0.4ms active=10
[  83.346s] SEND #00500 table=page_000246_table_box_id_14 lag=   0.9ms active=11
[  83.404s] RECV #00493 table=page_001127_table_4 request= 1.804s scheduled= 1.805s status=ok active=10
[  83.460s] RECV #00495 table=page_001129_table_9 request= 1.063s scheduled= 1.064s status=ok active=9
[  83.462s] SEND #00501 table=page_001368_table_box_id_250 lag=   0.4ms active=10
[  83.536s] SEND #00502 table=page_000298_table_5 lag=   0.5ms active=11
[  83.551s] RECV #00499 table=page_000814_table_0 request= 0.267s scheduled= 0.268s status=ok active=10
[  83.661s] SEND #00503 table=page_001130_table_1 lag=   0.5ms active=11
[  83.662s] SEND #00504 table=page_001210_table_4 lag=   0.7ms active=12
[  83.757s] RECV #00500 table=page_000246_table_box_id_14 request= 0.411s scheduled= 0.411s status=ok active=11
[  83.759s] SEND #00505 table=page_000510_table_10 lag=   1.0ms active=12
[  83.853s] RECV #00498 table=page_001011_table_18 request= 0.711s scheduled= 0.711s status=ok active=11
[  83.858s] SEND #00506 table=page_000593_table_0 lag=   0.7ms active=12
[  83.919s] SEND #00507 table=page_000201_table_box_id_3 lag=   1.0ms active=13
[  84.004s] SEND #00508 table=page_001147_table_9 lag=   0.6ms active=14
[  84.059s] RECV #00501 table=page_001368_table_box_id_250 request= 0.596s scheduled= 0.597s status=ok active=13
[  84.179s] RECV #00503 table=page_001130_table_1 request= 0.518s scheduled= 0.518s status=ok active=12
[  84.258s] SEND #00509 table=page_000256_table_box_id_12 lag=   0.2ms active=13
[  84.316s] RECV #00496 table=page_000642_table_6 request= 1.314s scheduled= 1.315s status=ok active=12
[  84.450s] SEND #00510 table=page_001367_table_60 lag=   0.4ms active=13
[  84.453s] RECV #00505 table=page_000510_table_10 request= 0.694s scheduled= 0.695s status=ok active=12
[  84.564s] SEND #00511 table=page_001137_table_2 lag=   1.1ms active=13
[  84.578s] RECV #00502 table=page_000298_table_5 request= 1.042s scheduled= 1.042s status=ok active=12
[  84.737s] SEND #00512 table=page_001367_table_73 lag=   0.7ms active=13
[  84.799s] RECV #00456 table=page_000275_table_box_id_1 request= 8.678s scheduled= 8.679s status=ok active=12
[  84.816s] SEND #00513 table=page_000638_table_1 lag=   0.8ms active=13
[  84.854s] SEND #00514 table=page_000552_table_9 lag=   0.5ms active=14
[  84.854s] SEND #00515 table=page_000826_table_32 lag=   0.3ms active=15
[  84.877s] RECV #00507 table=page_000201_table_box_id_3 request= 0.958s scheduled= 0.959s status=ok active=14
[  84.909s] SEND #00516 table=page_000200_table_box_id_7 lag=   0.3ms active=15
[  85.061s] SEND #00517 table=page_000641_table_5 lag=   1.0ms active=16
[  85.239s] RECV #00509 table=page_000256_table_box_id_12 request= 0.981s scheduled= 0.981s status=ok active=15
[  85.417s] SEND #00518 table=page_001201_table_14 lag=   0.6ms active=16
[  85.457s] RECV #00504 table=page_001210_table_4 request= 1.795s scheduled= 1.796s status=ok active=15
[  85.537s] RECV #00506 table=page_000593_table_0 request= 1.678s scheduled= 1.679s status=ok active=14
[  85.605s] RECV #00482 table=page_000293_table_box_id_1 request= 5.637s scheduled= 5.637s status=ok active=13
[  85.712s] SEND #00519 table=page_001167_table_2 lag=   1.1ms active=14
[  85.737s] RECV #00497 table=page_001179_table_6 request= 2.710s scheduled= 2.711s status=ok active=13
[  85.787s] RECV #00512 table=page_001367_table_73 request= 1.050s scheduled= 1.051s status=ok active=12
[  85.831s] SEND #00520 table=page_000709_table_12 lag=   0.7ms active=13
[  85.900s] RECV #00514 table=page_000552_table_9 request= 1.046s scheduled= 1.046s status=ok active=12
[  85.953s] RECV #00515 table=page_000826_table_32 request= 1.099s scheduled= 1.099s status=ok active=11
[  86.150s] RECV #00516 table=page_000200_table_box_id_7 request= 1.241s scheduled= 1.242s status=ok active=10
[  86.221s] RECV #00517 table=page_000641_table_5 request= 1.160s scheduled= 1.161s status=ok active=9
[  86.363s] RECV #00513 table=page_000638_table_1 request= 1.546s scheduled= 1.547s status=ok active=8
[  86.434s] RECV #00520 table=page_000709_table_12 request= 0.604s scheduled= 0.604s status=ok active=7
[  86.550s] RECV #00519 table=page_001167_table_2 request= 0.838s scheduled= 0.839s status=ok active=6
[  86.553s] RECV #00518 table=page_001201_table_14 request= 1.136s scheduled= 1.137s status=ok active=5
[  86.554s] SEND #00521 table=page_001222_table_2 lag=   0.4ms active=6
[  86.659s] SEND #00522 table=page_000866_table_1 lag=   2.0ms active=7
[  86.864s] RECV #00511 table=page_001137_table_2 request= 2.300s scheduled= 2.301s status=ok active=6
[  86.958s] SEND #00523 table=page_000188_table_box_id_6 lag=   0.6ms active=7
[  87.027s] RECV #00522 table=page_000866_table_1 request= 0.368s scheduled= 0.370s status=ok active=6
[  87.046s] SEND #00524 table=page_000861_table_5 lag=   1.6ms active=7
[  87.071s] RECV #00508 table=page_001147_table_9 request= 3.067s scheduled= 3.068s status=ok active=6
[  87.273s] SEND #00525 table=page_000821_table_box_id_29 lag=   1.0ms active=7
[  87.580s] RECV #00523 table=page_000188_table_box_id_6 request= 0.622s scheduled= 0.623s status=ok active=6
[  88.004s] SEND #00526 table=page_000829_table_4 lag=   0.6ms active=7
[  88.017s] RECV #00525 table=page_000821_table_box_id_29 request= 0.743s scheduled= 0.744s status=ok active=6
[  88.065s] SEND #00527 table=page_001199_table_15 lag=   0.5ms active=7
[  88.096s] SEND #00528 table=page_000223_table_box_id_2 lag=   0.2ms active=8
[  88.258s] SEND #00529 table=page_001124_table_12 lag=   0.7ms active=9
[  88.384s] RECV #00494 table=page_001274_table_4 request= 6.226s scheduled= 6.227s status=ok active=8
[  88.385s] SEND #00530 table=page_001595_table_box_id_9 lag=   2.0ms active=9
[  88.458s] SEND #00531 table=page_000933_table_10 lag=   0.7ms active=10
[  88.459s] SEND #00532 table=page_000507_table_0 lag=   0.6ms active=11
[  88.459s] RECV #00526 table=page_000829_table_4 request= 0.455s scheduled= 0.455s status=ok active=10
[  88.541s] SEND #00533 table=page_000536_table_4 lag=   0.8ms active=11
[  88.574s] RECV #00530 table=page_001595_table_box_id_9 request= 0.189s scheduled= 0.191s status=ok active=10
[  88.634s] SEND #00534 table=page_000921_table_8 lag=   1.8ms active=11
[  88.664s] RECV #00524 table=page_000861_table_5 request= 1.617s scheduled= 1.619s status=ok active=10
[  88.720s] SEND #00535 table=page_001165_table_13 lag=   0.9ms active=11
[  88.765s] RECV #00529 table=page_001124_table_12 request= 0.507s scheduled= 0.508s status=ok active=10
[  88.899s] RECV #00531 table=page_000933_table_10 request= 0.441s scheduled= 0.442s status=ok active=9
[  88.987s] RECV #00527 table=page_001199_table_15 request= 0.922s scheduled= 0.922s status=ok active=8
[  89.049s] SEND #00536 table=page_001408_table_16 lag=   0.9ms active=9
[  89.097s] RECV #00534 table=page_000921_table_8 request= 0.462s scheduled= 0.464s status=ok active=8
[  89.124s] RECV #00532 table=page_000507_table_0 request= 0.666s scheduled= 0.667s status=ok active=7
[  89.139s] RECV #00521 table=page_001222_table_2 request= 2.585s scheduled= 2.585s status=ok active=6
[  89.152s] RECV #00536 table=page_001408_table_16 request= 0.102s scheduled= 0.103s status=ok active=5
[  89.195s] SEND #00537 table=page_001498_table_14 lag=   0.2ms active=6
[  89.241s] RECV #00489 table=page_000272_table_box_id_1 request= 8.297s scheduled= 8.298s status=ok active=5
[  89.387s] RECV #00510 table=page_001367_table_60 request= 4.937s scheduled= 4.937s status=ok active=4
[  89.389s] RECV #00535 table=page_001165_table_13 request= 0.669s scheduled= 0.670s status=ok active=3
[  89.416s] SEND #00538 table=page_000355_table_3 lag=   1.2ms active=4
[  89.445s] RECV #00533 table=page_000536_table_4 request= 0.904s scheduled= 0.905s status=ok active=3
[  89.534s] RECV #00537 table=page_001498_table_14 request= 0.339s scheduled= 0.339s status=ok active=2
[  89.565s] RECV #00538 table=page_000355_table_3 request= 0.148s scheduled= 0.150s status=ok active=1
[  89.797s] SEND #00539 table=page_000222_table_box_id_1 lag=   0.9ms active=2
[  90.024s] RECV #00528 table=page_000223_table_box_id_2 request= 1.928s scheduled= 1.928s status=ok active=1
[  90.026s] SEND #00540 table=page_000514_table_8 lag=   0.5ms active=2
[  90.140s] SEND #00541 table=page_000652_table_2 lag=   1.1ms active=3
[  90.368s] SEND #00542 table=page_000612_table_6 lag=   0.7ms active=4
[  90.464s] RECV #00539 table=page_000222_table_box_id_1 request= 0.668s scheduled= 0.669s status=ok active=3
[  90.496s] RECV #00540 table=page_000514_table_8 request= 0.470s scheduled= 0.470s status=ok active=2
[  90.539s] SEND #00543 table=page_000290_table_box_id_1 lag=   0.9ms active=3
[  90.712s] SEND #00544 table=page_001595_table_box_id_14 lag=   0.5ms active=4
[  90.774s] RECV #00541 table=page_000652_table_2 request= 0.634s scheduled= 0.635s status=ok active=3
[  90.880s] SEND #00545 table=page_001153_table_0 lag=   2.1ms active=4
[  90.966s] SEND #00546 table=page_000647_table_6 lag=   0.9ms active=5
[  91.131s] SEND #00547 table=page_000565_table_1 lag=   1.2ms active=6
[  91.237s] RECV #00546 table=page_000647_table_6 request= 0.272s scheduled= 0.273s status=ok active=5
[  91.240s] RECV #00542 table=page_000612_table_6 request= 0.873s scheduled= 0.873s status=ok active=4
[  91.298s] SEND #00548 table=page_000632_table_0 lag=   0.5ms active=5
[  91.759s] SEND #00549 table=page_001187_table_0 lag=   0.6ms active=6
[  91.780s] RECV #00544 table=page_001595_table_box_id_14 request= 1.067s scheduled= 1.068s status=ok active=5
[  91.866s] RECV #00547 table=page_000565_table_1 request= 0.735s scheduled= 0.736s status=ok active=4
[  92.014s] SEND #00550 table=page_000710_table_9 lag=   1.1ms active=5
[  92.221s] RECV #00550 table=page_000710_table_9 request= 0.207s scheduled= 0.209s status=ok active=4
[  92.327s] SEND #00551 table=page_000937_table_1 lag=   1.9ms active=5
[  92.569s] SEND #00552 table=page_001368_table_box_id_26 lag=   0.7ms active=6
[  92.710s] RECV #00551 table=page_000937_table_1 request= 0.383s scheduled= 0.385s status=ok active=5
[  92.850s] SEND #00553 table=page_000543_table_8 lag=   0.7ms active=6
[  92.946s] RECV #00545 table=page_001153_table_0 request= 2.066s scheduled= 2.068s status=ok active=5
[  93.006s] SEND #00554 table=page_000224_table_box_id_6 lag=   1.9ms active=6
[  93.077s] SEND #00555 table=page_000499_table_5 lag=   0.9ms active=7
[  93.128s] SEND #00556 table=page_000720_table_3 lag=   0.3ms active=8
[  93.209s] RECV #00553 table=page_000543_table_8 request= 0.359s scheduled= 0.359s status=ok active=7
[  93.333s] SEND #00557 table=page_001122_table_2 lag=   0.9ms active=8
[  93.456s] RECV #00552 table=page_001368_table_box_id_26 request= 0.888s scheduled= 0.888s status=ok active=7
[  93.465s] RECV #00556 table=page_000720_table_3 request= 0.337s scheduled= 0.337s status=ok active=6
[  93.547s] RECV #00555 table=page_000499_table_5 request= 0.470s scheduled= 0.470s status=ok active=5
[  93.652s] RECV #00557 table=page_001122_table_2 request= 0.318s scheduled= 0.319s status=ok active=4
[  93.679s] SEND #00558 table=page_000630_table_2 lag=   1.3ms active=5
[  93.810s] SEND #00559 table=page_000806_table_29 lag=   1.2ms active=6
[  93.838s] SEND #00560 table=page_000928_table_17 lag=   1.5ms active=7
[  94.021s] RECV #00554 table=page_000224_table_box_id_6 request= 1.014s scheduled= 1.016s status=ok active=6
[  94.035s] RECV #00548 table=page_000632_table_0 request= 2.737s scheduled= 2.738s status=ok active=5
[  94.135s] SEND #00561 table=page_000244_table_box-fkrm6qrz lag=   0.6ms active=6
[  94.246s] SEND #00562 table=page_000142_table_box_id_2 lag=   0.8ms active=7
[  94.348s] RECV #00560 table=page_000928_table_17 request= 0.510s scheduled= 0.512s status=ok active=6
[  94.350s] SEND #00563 table=page_001184_table_10 lag=   0.6ms active=7
[  94.358s] SEND #00564 table=page_001185_table_10 lag=   0.5ms active=8
[  94.478s] SEND #00565 table=page_000465_table_8 lag=   1.3ms active=9
[  94.495s] RECV #00559 table=page_000806_table_29 request= 0.685s scheduled= 0.686s status=ok active=8
[  94.526s] RECV #00562 table=page_000142_table_box_id_2 request= 0.280s scheduled= 0.281s status=ok active=7
[  94.616s] RECV #00563 table=page_001184_table_10 request= 0.266s scheduled= 0.266s status=ok active=6
[  94.705s] SEND #00566 table=page_001368_table_box_id_218 lag=   0.4ms active=7
[  94.796s] SEND #00567 table=page_001376_table_13 lag=   0.6ms active=8
[  94.839s] RECV #00561 table=page_000244_table_box-fkrm6qrz request= 0.704s scheduled= 0.705s status=ok active=7
[  94.870s] SEND #00568 table=page_000841_table_28 lag=   0.9ms active=8
[  94.988s] RECV #00568 table=page_000841_table_28 request= 0.118s scheduled= 0.119s status=ok active=7
[  95.035s] RECV #00564 table=page_001185_table_10 request= 0.677s scheduled= 0.677s status=ok active=6
[  95.047s] SEND #00569 table=page_000292_table_box_id_2 lag=   0.3ms active=7
[  95.051s] SEND #00570 table=page_000199_table_box_id_0 lag=   0.6ms active=8
[  95.058s] RECV #00565 table=page_000465_table_8 request= 0.580s scheduled= 0.581s status=ok active=7
[  95.120s] RECV #00567 table=page_001376_table_13 request= 0.324s scheduled= 0.324s status=ok active=6
[  95.169s] SEND #00571 table=page_000503_table_1 lag=   0.9ms active=7
[  95.616s] RECV #00566 table=page_001368_table_box_id_218 request= 0.912s scheduled= 0.912s status=ok active=6
[  95.656s] SEND #00572 table=page_000200_table_box_id_7 lag=   0.6ms active=7
[  95.676s] RECV #00549 table=page_001187_table_0 request= 3.917s scheduled= 3.917s status=ok active=6
[  95.745s] RECV #00558 table=page_000630_table_2 request= 2.065s scheduled= 2.067s status=ok active=5
[  95.851s] SEND #00573 table=page_000925_table_10 lag=   0.6ms active=6
[  95.920s] RECV #00572 table=page_000200_table_box_id_7 request= 0.265s scheduled= 0.265s status=ok active=5
[  95.937s] SEND #00574 table=page_001011_table_18 lag=   0.4ms active=6
[  96.131s] SEND #00575 table=page_001127_table_4 lag=   0.6ms active=7
[  96.286s] RECV #00571 table=page_000503_table_1 request= 1.117s scheduled= 1.118s status=ok active=6
[  96.286s] SEND #00576 table=page_000418_table_3 lag=   0.5ms active=7
[  96.325s] SEND #00577 table=page_001150_table_box_id_9 lag=   0.3ms active=8
[  96.364s] SEND #00578 table=page_001168_table_0 lag=   0.2ms active=9
[  96.610s] RECV #00574 table=page_001011_table_18 request= 0.673s scheduled= 0.674s status=ok active=8
[  96.719s] RECV #00573 table=page_000925_table_10 request= 0.868s scheduled= 0.868s status=ok active=7
[  96.726s] SEND #00579 table=page_000789_table_34 lag=   0.9ms active=8
[  96.778s] SEND #00580 table=page_000257_table_box_id_20 lag=   0.3ms active=9
[  96.793s] SEND #00581 table=page_000507_table_0 lag=   2.0ms active=10
[  96.809s] RECV #00579 table=page_000789_table_34 request= 0.083s scheduled= 0.084s status=ok active=9
[  97.020s] RECV #00575 table=page_001127_table_4 request= 0.889s scheduled= 0.889s status=ok active=8
[  97.089s] SEND #00582 table=page_001270_table_box_id_1 lag=   2.2ms active=9
[  97.202s] RECV #00569 table=page_000292_table_box_id_2 request= 2.155s scheduled= 2.155s status=ok active=8
[  97.211s] SEND #00583 table=page_000466_table_0 lag=   0.6ms active=9
[  97.288s] SEND #00584 table=page_000433_table_13 lag=   0.9ms active=10
[  97.318s] RECV #00577 table=page_001150_table_box_id_9 request= 0.993s scheduled= 0.994s status=ok active=9
[  97.407s] SEND #00585 table=page_000229_table_box_id_3 lag=   0.9ms active=10
[  97.514s] RECV #00581 table=page_000507_table_0 request= 0.721s scheduled= 0.723s status=ok active=9
[  97.515s] RECV #00576 table=page_000418_table_3 request= 1.229s scheduled= 1.230s status=ok active=8
[  97.620s] RECV #00570 table=page_000199_table_box_id_0 request= 2.569s scheduled= 2.570s status=ok active=7
[  97.629s] SEND #00586 table=page_001164_table_2 lag=   0.4ms active=8
[  97.639s] RECV #00578 table=page_001168_table_0 request= 1.275s scheduled= 1.276s status=ok active=7
[  97.660s] SEND #00587 table=page_001162_table_3 lag=   0.3ms active=8
[  97.836s] SEND #00588 table=page_000285_table_box_id_1 lag=   0.7ms active=9
[  97.925s] RECV #00580 table=page_000257_table_box_id_20 request= 1.147s scheduled= 1.147s status=ok active=8
[  97.934s] RECV #00584 table=page_000433_table_13 request= 0.647s scheduled= 0.648s status=ok active=7
[  98.045s] SEND #00589 table=page_000182_table_box_id_2 lag=   0.8ms active=8
[  98.156s] RECV #00585 table=page_000229_table_box_id_3 request= 0.749s scheduled= 0.750s status=ok active=7
[  98.326s] SEND #00590 table=page_000754_table_7 lag=   0.6ms active=8
[  98.380s] SEND #00591 table=page_001413_table_7 lag=   2.0ms active=9
[  98.535s] SEND #00592 table=page_000916_table_7 lag=   0.9ms active=10
[  98.560s] RECV #00587 table=page_001162_table_3 request= 0.900s scheduled= 0.901s status=ok active=9
[  98.579s] SEND #00593 table=page_000853_table_2 lag=   0.8ms active=10
[  98.643s] RECV #00590 table=page_000754_table_7 request= 0.317s scheduled= 0.317s status=ok active=9
[  98.716s] SEND #00594 table=page_001143_table_8 lag=   0.2ms active=10
[  98.748s] SEND #00595 table=page_000864_table_30 lag=   0.6ms active=11
[  98.757s] RECV #00589 table=page_000182_table_box_id_2 request= 0.712s scheduled= 0.713s status=ok active=10
[  98.920s] RECV #00593 table=page_000853_table_2 request= 0.341s scheduled= 0.342s status=ok active=9
[  99.009s] SEND #00596 table=page_001368_table_box_id_165 lag=   1.7ms active=10
[  99.013s] RECV #00591 table=page_001413_table_7 request= 0.633s scheduled= 0.635s status=ok active=9
[  99.056s] RECV #00543 table=page_000290_table_box_id_1 request= 8.518s scheduled= 8.519s status=ok active=8
[  99.123s] RECV #00595 table=page_000864_table_30 request= 0.375s scheduled= 0.375s status=ok active=7
[  99.162s] RECV #00596 table=page_001368_table_box_id_165 request= 0.153s scheduled= 0.155s status=ok active=6
[  99.277s] RECV #00592 table=page_000916_table_7 request= 0.741s scheduled= 0.742s status=ok active=5
[  99.345s] SEND #00597 table=page_000243_table_box_id_1 lag=   2.2ms active=6
[  99.410s] SEND #00598 table=page_000632_table_6 lag=   0.2ms active=7
[  99.453s] SEND #00599 table=page_000641_table_6 lag=   0.9ms active=8
[  99.588s] RECV #00582 table=page_001270_table_box_id_1 request= 2.500s scheduled= 2.502s status=ok active=7
[  99.745s] RECV #00598 table=page_000632_table_6 request= 0.336s scheduled= 0.336s status=ok active=6
[  99.869s] RECV #00594 table=page_001143_table_8 request= 1.153s scheduled= 1.153s status=ok active=5
[  99.877s] RECV #00597 table=page_000243_table_box_id_1 request= 0.532s scheduled= 0.534s status=ok active=4
[ 100.005s] SEND #00600 table=page_000769_table_3 lag=   0.2ms active=5
[ 100.068s] RECV #00599 table=page_000641_table_6 request= 0.615s scheduled= 0.616s status=ok active=4
[ 100.193s] RECV #00600 table=page_000769_table_3 request= 0.188s scheduled= 0.189s status=ok active=3
[ 100.210s] SEND #00601 table=page_000229_table_box-pug9otka lag=   0.5ms active=4
[ 100.355s] RECV #00583 table=page_000466_table_0 request= 3.144s scheduled= 3.144s status=ok active=3
[ 100.448s] RECV #00601 table=page_000229_table_box-pug9otka request= 0.238s scheduled= 0.239s status=ok active=2
[ 100.520s] SEND #00602 table=page_001306_table_1 lag=   1.8ms active=3
[ 100.524s] SEND #00603 table=page_000853_table_9 lag=   0.7ms active=4
[ 100.609s] RECV #00588 table=page_000285_table_box_id_1 request= 2.772s scheduled= 2.773s status=ok active=3
[ 100.872s] RECV #00603 table=page_000853_table_9 request= 0.347s scheduled= 0.348s status=ok active=2
[ 100.907s] SEND #00604 table=page_000593_table_0 lag=   0.5ms active=3
[ 101.037s] RECV #00586 table=page_001164_table_2 request= 3.408s scheduled= 3.409s status=ok active=2
[ 101.069s] SEND #00605 table=page_000501_table_6 lag=   0.3ms active=3
[ 101.133s] SEND #00606 table=page_001173_table_6 lag=   0.6ms active=4
[ 101.203s] RECV #00602 table=page_001306_table_1 request= 0.682s scheduled= 0.684s status=ok active=3
[ 101.227s] SEND #00607 table=page_001125_table_2 lag=   0.6ms active=4
[ 101.467s] SEND #00608 table=page_000294_table_box_id_1 lag=   1.6ms active=5
[ 101.723s] SEND #00609 table=page_000716_table_2 lag=   1.0ms active=6
[ 101.757s] SEND #00610 table=page_000930_table_7 lag=   0.5ms active=7
[ 101.876s] RECV #00609 table=page_000716_table_2 request= 0.153s scheduled= 0.154s status=ok active=6
[ 101.921s] SEND #00611 table=page_001194_table_3 lag=   0.4ms active=7
[ 101.952s] SEND #00612 table=page_000271_table_box_id_1 lag=   0.9ms active=8
[ 101.956s] RECV #00610 table=page_000930_table_7 request= 0.199s scheduled= 0.199s status=ok active=7
[ 102.225s] RECV #00607 table=page_001125_table_2 request= 0.998s scheduled= 0.999s status=ok active=6
[ 102.384s] RECV #00604 table=page_000593_table_0 request= 1.477s scheduled= 1.478s status=ok active=5
[ 102.554s] SEND #00613 table=page_000776_table_4 lag=   0.4ms active=6
[ 102.558s] RECV #00611 table=page_001194_table_3 request= 0.637s scheduled= 0.637s status=ok active=5
[ 102.652s] SEND #00614 table=page_001368_table_box_id_276 lag=   0.5ms active=6
[ 102.701s] RECV #00613 table=page_000776_table_4 request= 0.147s scheduled= 0.147s status=ok active=5
[ 102.734s] RECV #00614 table=page_001368_table_box_id_276 request= 0.082s scheduled= 0.083s status=ok active=4
[ 103.060s] SEND #00615 table=page_000543_table_8 lag=   1.3ms active=5
[ 103.227s] RECV #00605 table=page_000501_table_6 request= 2.158s scheduled= 2.158s status=ok active=4
[ 103.276s] SEND #00616 table=page_000178_table_box_id_1 lag=   1.0ms active=5
[ 103.327s] RECV #00615 table=page_000543_table_8 request= 0.268s scheduled= 0.269s status=ok active=4
[ 103.333s] RECV #00608 table=page_000294_table_box_id_1 request= 1.866s scheduled= 1.867s status=ok active=3
[ 103.431s] SEND #00617 table=page_000626_table_box_id_7 lag=   0.6ms active=4
[ 103.482s] SEND #00618 table=page_001136_table_4 lag=   0.8ms active=5
[ 103.607s] SEND #00619 table=page_001219_table_box_id_1 lag=   0.9ms active=6
[ 103.632s] SEND #00620 table=page_001174_table_box_id_2 lag=   0.9ms active=7
[ 103.657s] SEND #00621 table=page_001368_table_box_id_250 lag=   0.9ms active=8
[ 103.867s] SEND #00622 table=page_000521_table_2 lag=   1.6ms active=9
[ 103.941s] SEND #00623 table=page_000647_table_2 lag=   0.8ms active=10
[ 103.978s] RECV #00606 table=page_001173_table_6 request= 2.845s scheduled= 2.846s status=ok active=9
[ 104.173s] SEND #00624 table=page_000511_table_1 lag=   1.0ms active=10
[ 104.203s] RECV #00621 table=page_001368_table_box_id_250 request= 0.546s scheduled= 0.547s status=ok active=9
[ 104.218s] SEND #00625 table=page_001375_table_31 lag=   0.3ms active=10
[ 104.272s] RECV #00623 table=page_000647_table_2 request= 0.331s scheduled= 0.332s status=ok active=9
[ 104.300s] RECV #00618 table=page_001136_table_4 request= 0.818s scheduled= 0.819s status=ok active=8
[ 104.429s] SEND #00626 table=page_000645_table_7 lag=   0.6ms active=9
[ 104.455s] RECV #00620 table=page_001174_table_box_id_2 request= 0.824s scheduled= 0.824s status=ok active=8
[ 104.499s] RECV #00625 table=page_001375_table_31 request= 0.280s scheduled= 0.281s status=ok active=7
[ 104.620s] RECV #00626 table=page_000645_table_7 request= 0.191s scheduled= 0.191s status=ok active=6
[ 104.641s] SEND #00627 table=page_000496_table_4 lag=   0.5ms active=7
[ 104.701s] SEND #00628 table=page_000647_table_5 lag=   0.6ms active=8
[ 104.721s] SEND #00629 table=page_000634_table_11 lag=   1.5ms active=9
[ 104.805s] SEND #00630 table=page_000227_table_box_id_1 lag=   1.0ms active=10
[ 104.918s] SEND #00631 table=page_001126_table_18 lag=   0.8ms active=11
[ 104.935s] SEND #00632 table=page_000252_table_box_id_1 lag=   0.9ms active=12
[ 104.969s] SEND #00633 table=page_000417_table_3 lag=   0.2ms active=13
[ 104.980s] SEND #00634 table=page_000238_table_box_id_2 lag=   1.7ms active=14
[ 105.110s] RECV #00622 table=page_000521_table_2 request= 1.243s scheduled= 1.245s status=ok active=13
[ 105.131s] SEND #00635 table=page_000243_table_box_id_1 lag=   0.8ms active=14
[ 105.303s] RECV #00628 table=page_000647_table_5 request= 0.601s scheduled= 0.602s status=ok active=13
[ 105.495s] RECV #00616 table=page_000178_table_box_id_1 request= 2.218s scheduled= 2.219s status=ok active=12
[ 105.497s] SEND #00636 table=page_001368_table_box_id_255 lag=   1.1ms active=13
[ 105.538s] SEND #00637 table=page_001164_table_2 lag=   1.0ms active=14
[ 105.544s] SEND #00638 table=page_001209_table_4 lag=   1.0ms active=15
[ 105.663s] RECV #00631 table=page_001126_table_18 request= 0.745s scheduled= 0.746s status=ok active=14
[ 105.746s] SEND #00639 table=page_000942_table_3 lag=   0.7ms active=15
[ 105.943s] RECV #00629 table=page_000634_table_11 request= 1.221s scheduled= 1.223s status=ok active=14
[ 106.028s] SEND #00640 table=page_000577_table_3 lag=   1.2ms active=15
[ 106.392s] RECV #00624 table=page_000511_table_1 request= 2.219s scheduled= 2.220s status=ok active=14
[ 106.516s] RECV #00632 table=page_000252_table_box_id_1 request= 1.581s scheduled= 1.582s status=ok active=13
[ 106.582s] SEND #00641 table=page_001026_table_box_id_12 lag=   0.5ms active=14
[ 106.693s] RECV #00630 table=page_000227_table_box_id_1 request= 1.888s scheduled= 1.889s status=ok active=13
[ 106.740s] SEND #00642 table=page_000249_table_box_id_4 lag=   0.1ms active=14
[ 106.751s] RECV #00619 table=page_001219_table_box_id_1 request= 3.144s scheduled= 3.144s status=ok active=13
[ 106.811s] SEND #00643 table=page_001632_table_box_id_1 lag=   1.6ms active=14
[ 106.837s] RECV #00633 table=page_000417_table_3 request= 1.868s scheduled= 1.868s status=ok active=13
[ 106.956s] RECV #00634 table=page_000238_table_box_id_2 request= 1.976s scheduled= 1.978s status=ok active=12
[ 107.096s] RECV #00638 table=page_001209_table_4 request= 1.552s scheduled= 1.553s status=ok active=11
[ 107.113s] SEND #00644 table=page_001189_table_box_id_2 lag=   0.3ms active=12
[ 107.135s] SEND #00645 table=page_000637_table_6 lag=   1.0ms active=13
[ 107.206s] RECV #00636 table=page_001368_table_box_id_255 request= 1.709s scheduled= 1.710s status=ok active=12
[ 107.290s] RECV #00635 table=page_000243_table_box_id_1 request= 2.160s scheduled= 2.160s status=ok active=11
[ 107.331s] SEND #00646 table=page_000682_table_15 lag=   0.5ms active=12
[ 107.348s] SEND #00647 table=page_001159_table_5 lag=   0.5ms active=13
[ 107.402s] RECV #00617 table=page_000626_table_box_id_7 request= 3.971s scheduled= 3.971s status=ok active=12
[ 107.433s] SEND #00648 table=page_000291_table_box_id_0 lag=   0.9ms active=13
[ 107.545s] RECV #00643 table=page_001632_table_box_id_1 request= 0.734s scheduled= 0.736s status=ok active=12
[ 107.547s] SEND #00649 table=page_000595_table_25 lag=   0.5ms active=13
[ 107.626s] SEND #00650 table=page_000929_table_0 lag=   1.1ms active=14
[ 107.656s] SEND #00651 table=page_001367_table_71 lag=   0.4ms active=15
[ 107.660s] RECV #00640 table=page_000577_table_3 request= 1.632s scheduled= 1.634s status=ok active=14
[ 107.701s] SEND #00652 table=page_000419_table_4 lag=   1.0ms active=15
[ 107.800s] RECV #00639 table=page_000942_table_3 request= 2.053s scheduled= 2.054s status=ok active=14
[ 107.917s] RECV #00641 table=page_001026_table_box_id_12 request= 1.335s scheduled= 1.336s status=ok active=13
[ 107.986s] SEND #00653 table=page_001595_table_box_id_1 lag=   0.7ms active=14
[ 108.050s] RECV #00646 table=page_000682_table_15 request= 0.719s scheduled= 0.719s status=ok active=13
[ 108.090s] SEND #00654 table=page_000803_table_12 lag=   0.8ms active=14
[ 108.179s] RECV #00644 table=page_001189_table_box_id_2 request= 1.065s scheduled= 1.066s status=ok active=13
[ 108.217s] RECV #00649 table=page_000595_table_25 request= 0.671s scheduled= 0.671s status=ok active=12
[ 108.235s] SEND #00655 table=page_000500_table_3 lag=   1.0ms active=13
[ 108.275s] SEND #00656 table=page_000800_table_12 lag=   1.0ms active=14
[ 108.484s] SEND #00657 table=page_001367_table_72 lag=   1.6ms active=15
[ 108.496s] RECV #00642 table=page_000249_table_box_id_4 request= 1.756s scheduled= 1.756s status=ok active=14
[ 108.550s] SEND #00658 table=page_001035_table_31 lag=   0.7ms active=15
[ 108.599s] RECV #00650 table=page_000929_table_0 request= 0.973s scheduled= 0.974s status=ok active=14
[ 108.680s] RECV #00651 table=page_001367_table_71 request= 1.024s scheduled= 1.024s status=ok active=13
[ 108.700s] SEND #00659 table=page_000451_table_10 lag=   0.2ms active=14
[ 108.866s] RECV #00647 table=page_001159_table_5 request= 1.518s scheduled= 1.519s status=ok active=13
[ 108.938s] RECV #00654 table=page_000803_table_12 request= 0.848s scheduled= 0.849s status=ok active=12
[ 109.041s] RECV #00627 table=page_000496_table_4 request= 4.400s scheduled= 4.401s status=ok active=11
[ 109.078s] RECV #00656 table=page_000800_table_12 request= 0.804s scheduled= 0.805s status=ok active=10
[ 109.101s] SEND #00660 table=page_000600_table_1 lag=   0.6ms active=11
[ 109.205s] RECV #00657 table=page_001367_table_72 request= 0.721s scheduled= 0.722s status=ok active=10
[ 109.611s] RECV #00652 table=page_000419_table_4 request= 1.910s scheduled= 1.911s status=ok active=9
[ 109.822s] RECV #00658 table=page_001035_table_31 request= 1.272s scheduled= 1.273s status=ok active=8
[ 109.883s] RECV #00612 table=page_000271_table_box_id_1 request= 7.931s scheduled= 7.932s status=ok active=7
[ 109.897s] RECV #00655 table=page_000500_table_3 request= 1.662s scheduled= 1.663s status=ok active=6
[ 109.938s] RECV #00660 table=page_000600_table_1 request= 0.838s scheduled= 0.838s status=ok active=5
[ 109.966s] SEND #00661 table=page_001398_table_box-7mwax454 lag=   1.6ms active=6
[ 109.972s] SEND #00662 table=page_001368_table_box_id_257 lag=   0.4ms active=7
[ 110.239s] SEND #00663 table=page_000225_table_box_id_9 lag=   1.2ms active=8
[ 110.275s] RECV #00662 table=page_001368_table_box_id_257 request= 0.303s scheduled= 0.303s status=ok active=7
[ 110.454s] RECV #00661 table=page_001398_table_box-7mwax454 request= 0.488s scheduled= 0.490s status=ok active=6
[ 110.483s] RECV #00637 table=page_001164_table_2 request= 4.945s scheduled= 4.946s status=ok active=5
[ 110.558s] RECV #00663 table=page_000225_table_box_id_9 request= 0.319s scheduled= 0.320s status=ok active=4
[ 110.563s] SEND #00664 table=page_001522_table_8 lag=   0.4ms active=5
[ 110.628s] SEND #00665 table=page_001275_table_3 lag=   1.0ms active=6
[ 110.708s] SEND #00666 table=page_001160_table_6 lag=   0.5ms active=7
[ 110.854s] SEND #00667 table=page_000665_table_38 lag=   2.2ms active=8
[ 110.978s] RECV #00667 table=page_000665_table_38 request= 0.123s scheduled= 0.126s status=ok active=7
[ 111.214s] RECV #00659 table=page_000451_table_10 request= 2.515s scheduled= 2.515s status=ok active=6
[ 111.271s] SEND #00668 table=page_000629_table_14 lag=   0.4ms active=7
[ 111.286s] RECV #00645 table=page_000637_table_6 request= 4.151s scheduled= 4.152s status=ok active=6
[ 111.356s] SEND #00669 table=page_000841_table_28 lag=   0.3ms active=7
[ 111.420s] RECV #00666 table=page_001160_table_6 request= 0.712s scheduled= 0.713s status=ok active=6
[ 111.425s] RECV #00664 table=page_001522_table_8 request= 0.861s scheduled= 0.862s status=ok active=5
[ 111.443s] RECV #00669 table=page_000841_table_28 request= 0.087s scheduled= 0.087s status=ok active=4
[ 111.710s] SEND #00670 table=page_000508_table_4 lag=   0.6ms active=5
[ 111.875s] RECV #00668 table=page_000629_table_14 request= 0.604s scheduled= 0.604s status=ok active=4
[ 111.947s] SEND #00671 table=page_000775_table_2 lag=   1.2ms active=5
[ 111.975s] SEND #00672 table=page_001367_table_68 lag=   1.3ms active=6
[ 112.113s] RECV #00671 table=page_000775_table_2 request= 0.166s scheduled= 0.167s status=ok active=5
[ 112.199s] RECV #00670 table=page_000508_table_4 request= 0.489s scheduled= 0.490s status=ok active=4
[ 112.383s] SEND #00673 table=page_001167_table_8 lag=   0.7ms active=5
[ 112.385s] SEND #00674 table=page_000683_table_5 lag=   0.8ms active=6
[ 112.411s] SEND #00675 table=page_001154_table_10 lag=   0.3ms active=7
[ 112.594s] SEND #00676 table=page_001215_table_5 lag=   1.0ms active=8
[ 112.605s] SEND #00677 table=page_001368_table_box_id_220 lag=   2.0ms active=9
[ 112.640s] RECV #00674 table=page_000683_table_5 request= 0.255s scheduled= 0.256s status=ok active=8
[ 112.683s] SEND #00678 table=page_000585_table_1 lag=   0.6ms active=9
[ 112.706s] SEND #00679 table=page_000506_table_9 lag=   0.2ms active=10
[ 112.810s] SEND #00680 table=page_000518_table_11 lag=   1.4ms active=11
[ 112.910s] RECV #00673 table=page_001167_table_8 request= 0.527s scheduled= 0.528s status=ok active=10
[ 113.000s] RECV #00672 table=page_001367_table_68 request= 1.025s scheduled= 1.026s status=ok active=9
[ 113.084s] RECV #00677 table=page_001368_table_box_id_220 request= 0.480s scheduled= 0.482s status=ok active=8
[ 113.115s] SEND #00681 table=page_001137_table_10 lag=   0.4ms active=9
[ 113.229s] RECV #00665 table=page_001275_table_3 request= 2.601s scheduled= 2.602s status=ok active=8
[ 113.437s] RECV #00675 table=page_001154_table_10 request= 1.026s scheduled= 1.027s status=ok active=7
[ 113.454s] RECV #00680 table=page_000518_table_11 request= 0.644s scheduled= 0.645s status=ok active=6
[ 113.509s] SEND #00682 table=page_000628_table_6 lag=   0.9ms active=7
[ 113.515s] SEND #00683 table=page_000281_table_box_id_1 lag=   0.6ms active=8
[ 113.526s] SEND #00684 table=page_000241_table_box_id_2 lag=   1.0ms active=9
[ 113.832s] SEND #00685 table=page_000250_table_box_id_4 lag=   0.8ms active=10
[ 113.839s] SEND #00686 table=page_000744_table_11 lag=   0.2ms active=11
[ 113.892s] SEND #00687 table=page_000697_table_9 lag=   0.6ms active=12
[ 113.913s] SEND #00688 table=page_000262_table_box_id_1 lag=   0.6ms active=13
[ 113.929s] SEND #00689 table=page_000554_table_12 lag=   0.8ms active=14
[ 113.934s] SEND #00690 table=page_000244_table_box-fkrm6qrz lag=   0.8ms active=15
[ 114.098s] RECV #00678 table=page_000585_table_1 request= 1.416s scheduled= 1.416s status=ok active=14
[ 114.103s] SEND #00691 table=page_001398_table_box-1nnly5de lag=   0.6ms active=15
[ 114.321s] RECV #00679 table=page_000506_table_9 request= 1.615s scheduled= 1.616s status=ok active=14
[ 114.332s] SEND #00692 table=page_001210_table_4 lag=   1.8ms active=15
[ 114.509s] RECV #00682 table=page_000628_table_6 request= 0.999s scheduled= 1.000s status=ok active=14
[ 114.524s] SEND #00693 table=page_000499_table_5 lag=   0.8ms active=15
[ 114.586s] RECV #00684 table=page_000241_table_box_id_2 request= 1.060s scheduled= 1.061s status=ok active=14
[ 114.692s] RECV #00686 table=page_000744_table_11 request= 0.853s scheduled= 0.853s status=ok active=13
[ 114.836s] SEND #00694 table=page_001342_table_2 lag=   1.4ms active=14
[ 114.837s] RECV #00687 table=page_000697_table_9 request= 0.945s scheduled= 0.946s status=ok active=13
[ 114.888s] RECV #00653 table=page_001595_table_box_id_1 request= 6.901s scheduled= 6.902s status=ok active=12
[ 115.017s] SEND #00695 table=page_001375_table_7 lag=   1.1ms active=13
[ 115.070s] RECV #00689 table=page_000554_table_12 request= 1.141s scheduled= 1.142s status=ok active=12
[ 115.098s] SEND #00696 table=page_001089_table_box_id_16 lag=   0.3ms active=13
[ 115.222s] RECV #00676 table=page_001215_table_5 request= 2.629s scheduled= 2.630s status=ok active=12
[ 115.265s] SEND #00697 table=page_000864_table_30 lag=   0.7ms active=13
[ 115.301s] RECV #00688 table=page_000262_table_box_id_1 request= 1.388s scheduled= 1.388s status=ok active=12
[ 115.380s] RECV #00648 table=page_000291_table_box_id_0 request= 7.947s scheduled= 7.948s status=ok active=11
[ 115.546s] RECV #00690 table=page_000244_table_box-fkrm6qrz request= 1.612s scheduled= 1.613s status=ok active=10
[ 115.661s] RECV #00693 table=page_000499_table_5 request= 1.137s scheduled= 1.138s status=ok active=9
[ 115.788s] RECV #00691 table=page_001398_table_box-1nnly5de request= 1.685s scheduled= 1.686s status=ok active=8
[ 115.848s] SEND #00698 table=page_001134_table_10 lag=   1.7ms active=9
[ 115.867s] RECV #00697 table=page_000864_table_30 request= 0.602s scheduled= 0.603s status=ok active=8
[ 115.888s] RECV #00695 table=page_001375_table_7 request= 0.871s scheduled= 0.873s status=ok active=7
[ 116.018s] SEND #00699 table=page_000513_table_1 lag=   0.4ms active=8
[ 116.065s] SEND #00700 table=page_000228_table_box_id_1 lag=   0.7ms active=9
[ 116.075s] SEND #00701 table=page_001368_table_box_id_229 lag=   1.2ms active=10
[ 116.317s] RECV #00694 table=page_001342_table_2 request= 1.481s scheduled= 1.482s status=ok active=9
[ 116.439s] RECV #00696 table=page_001089_table_box_id_16 request= 1.341s scheduled= 1.341s status=ok active=8
[ 116.485s] RECV #00681 table=page_001137_table_10 request= 3.371s scheduled= 3.371s status=ok active=7
[ 116.531s] SEND #00702 table=page_001180_table_16 lag=   0.8ms active=8
[ 116.680s] SEND #00703 table=page_000213_table_box_id_5 lag=   0.8ms active=9
[ 116.705s] RECV #00683 table=page_000281_table_box_id_1 request= 3.190s scheduled= 3.190s status=ok active=8
[ 116.715s] RECV #00685 table=page_000250_table_box_id_4 request= 2.883s scheduled= 2.884s status=ok active=7
[ 116.751s] SEND #00704 table=page_000532_table_4 lag=   0.2ms active=8
[ 116.907s] SEND #00705 table=page_000639_table_4 lag=   1.1ms active=9
[ 116.938s] RECV #00692 table=page_001210_table_4 request= 2.607s scheduled= 2.609s status=ok active=8
[ 117.044s] SEND #00706 table=page_000935_table_11 lag=   1.2ms active=9
[ 117.131s] RECV #00702 table=page_001180_table_16 request= 0.600s scheduled= 0.601s status=ok active=8
[ 117.167s] SEND #00707 table=page_001170_table_7 lag=   1.0ms active=9
[ 117.178s] SEND #00708 table=page_001140_table_11 lag=   1.3ms active=10
[ 117.195s] RECV #00704 table=page_000532_table_4 request= 0.444s scheduled= 0.445s status=ok active=9
[ 117.221s] RECV #00699 table=page_000513_table_1 request= 1.203s scheduled= 1.204s status=ok active=8
[ 117.250s] SEND #00709 table=page_000838_table_4 lag=   1.0ms active=9
[ 117.339s] SEND #00710 table=page_000647_table_5 lag=   1.0ms active=10
[ 117.376s] SEND #00711 table=page_000647_table_1 lag=   1.7ms active=11
[ 117.404s] RECV #00701 table=page_001368_table_box_id_229 request= 1.329s scheduled= 1.330s status=ok active=10
[ 117.488s] RECV #00709 table=page_000838_table_4 request= 0.238s scheduled= 0.239s status=ok active=9
[ 117.570s] RECV #00706 table=page_000935_table_11 request= 0.526s scheduled= 0.527s status=ok active=8
[ 117.655s] RECV #00711 table=page_000647_table_1 request= 0.279s scheduled= 0.281s status=ok active=7
[ 117.729s] SEND #00712 table=page_001146_table_11 lag=   0.5ms active=8
[ 117.820s] SEND #00713 table=page_000434_table_15 lag=   0.3ms active=9
[ 117.851s] RECV #00707 table=page_001170_table_7 request= 0.684s scheduled= 0.685s status=ok active=8
[ 117.864s] RECV #00698 table=page_001134_table_10 request= 2.015s scheduled= 2.017s status=ok active=7
[ 117.910s] RECV #00703 table=page_000213_table_box_id_5 request= 1.230s scheduled= 1.230s status=ok active=6
[ 118.002s] SEND #00714 table=page_001375_table_1 lag=   1.0ms active=7
[ 118.020s] RECV #00700 table=page_000228_table_box_id_1 request= 1.955s scheduled= 1.956s status=ok active=6
[ 118.118s] RECV #00710 table=page_000647_table_5 request= 0.779s scheduled= 0.780s status=ok active=5
[ 118.210s] SEND #00715 table=page_001214_table_8 lag=   1.0ms active=6
[ 118.301s] RECV #00712 table=page_001146_table_11 request= 0.572s scheduled= 0.573s status=ok active=5
[ 118.436s] SEND #00716 table=page_000355_table_3 lag=   0.3ms active=6
[ 118.520s] RECV #00713 table=page_000434_table_15 request= 0.700s scheduled= 0.700s status=ok active=5
[ 118.576s] RECV #00716 table=page_000355_table_3 request= 0.139s scheduled= 0.140s status=ok active=4
[ 118.649s] SEND #00717 table=page_001036_table_box_id_4 lag=   0.3ms active=5
[ 118.672s] RECV #00708 table=page_001140_table_11 request= 1.495s scheduled= 1.496s status=ok active=4
[ 118.706s] RECV #00715 table=page_001214_table_8 request= 0.495s scheduled= 0.496s status=ok active=3
[ 118.882s] SEND #00718 table=page_000665_table_3 lag=   0.7ms active=4
[ 118.931s] SEND #00719 table=page_000282_table_box_id_1 lag=   1.0ms active=5
[ 118.934s] RECV #00718 table=page_000665_table_3 request= 0.052s scheduled= 0.053s status=ok active=4
[ 118.939s] RECV #00705 table=page_000639_table_4 request= 2.032s scheduled= 2.033s status=ok active=3
[ 119.555s] SEND #00720 table=page_001144_table_11 lag=   1.0ms active=4
[ 119.583s] SEND #00721 table=page_001248_table_0 lag=   1.5ms active=5
[ 119.596s] RECV #00714 table=page_001375_table_1 request= 1.594s scheduled= 1.595s status=ok active=4
[ 119.842s] RECV #00717 table=page_001036_table_box_id_4 request= 1.193s scheduled= 1.193s status=ok active=3
[ 120.000s] SEND #00722 table=page_000279_table_box_id_0 lag=   0.7ms active=4
[ 120.247s] RECV #00721 table=page_001248_table_0 request= 0.664s scheduled= 0.666s status=ok active=3
[ 120.322s] SEND #00723 table=page_000495_table_9 lag=   0.8ms active=4
[ 120.338s] RECV #00720 table=page_001144_table_11 request= 0.783s scheduled= 0.784s status=ok active=3
[ 120.640s] SEND #00724 table=page_000280_table_box_id_1 lag=   0.4ms active=4
[ 120.649s] SEND #00725 table=page_000277_table_box_id_1 lag=   0.2ms active=5
[ 120.666s] SEND #00726 table=page_001595_table_box_id_5 lag=   1.1ms active=6
[ 120.945s] SEND #00727 table=page_001516_table_17 lag=   0.6ms active=7
[ 121.050s] SEND #00728 table=page_000763_table_7 lag=   0.8ms active=8
[ 121.127s] SEND #00729 table=page_000466_table_0 lag=   0.4ms active=9
[ 121.246s] RECV #00728 table=page_000763_table_7 request= 0.196s scheduled= 0.197s status=ok active=8
[ 121.610s] RECV #00727 table=page_001516_table_17 request= 0.666s scheduled= 0.666s status=ok active=7
[ 121.712s] RECV #00723 table=page_000495_table_9 request= 1.390s scheduled= 1.391s status=ok active=6
[ 121.824s] SEND #00730 table=page_000715_table_10 lag=   0.5ms active=7
[ 121.830s] SEND #00731 table=page_001367_table_52 lag=   0.3ms active=8
[ 121.927s] RECV #00730 table=page_000715_table_10 request= 0.104s scheduled= 0.104s status=ok active=7
[ 121.957s] SEND #00732 table=page_000201_table_box-w2ehqidz lag=   0.4ms active=8
[ 122.055s] SEND #00733 table=page_000683_table_8 lag=   0.5ms active=9
[ 122.077s] SEND #00734 table=page_000866_table_10 lag=   0.4ms active=10
[ 122.161s] SEND #00735 table=page_000223_table_box_id_4 lag=   0.2ms active=11
[ 122.343s] RECV #00726 table=page_001595_table_box_id_5 request= 1.677s scheduled= 1.678s status=ok active=10
[ 122.366s] SEND #00736 table=page_000656_table_19 lag=   0.5ms active=11
[ 122.448s] RECV #00733 table=page_000683_table_8 request= 0.394s scheduled= 0.394s status=ok active=10
[ 122.510s] RECV #00734 table=page_000866_table_10 request= 0.432s scheduled= 0.433s status=ok active=9
[ 122.603s] RECV #00735 table=page_000223_table_box_id_4 request= 0.442s scheduled= 0.443s status=ok active=8
[ 122.642s] RECV #00736 table=page_000656_table_19 request= 0.276s scheduled= 0.276s status=ok active=7
[ 122.712s] RECV #00731 table=page_001367_table_52 request= 0.882s scheduled= 0.882s status=ok active=6
[ 122.722s] RECV #00732 table=page_000201_table_box-w2ehqidz request= 0.766s scheduled= 0.766s status=ok active=5
[ 122.723s] SEND #00737 table=page_001395_table_7 lag=   0.5ms active=6
[ 122.727s] SEND #00738 table=page_000220_table_box_id_10 lag=   1.0ms active=7
[ 122.851s] SEND #00739 table=page_000239_table_box_id_1 lag=   0.8ms active=8
[ 122.867s] SEND #00740 table=page_000233_table_box_id_2 lag=   0.7ms active=9
[ 123.137s] SEND #00741 table=page_000209_table_box_id_1 lag=   2.3ms active=10
[ 123.152s] SEND #00742 table=page_000227_table_box_id_1 lag=   2.1ms active=11
[ 123.156s] SEND #00743 table=page_000264_table_box_id_5 lag=   1.0ms active=12
[ 123.237s] SEND #00744 table=page_000763_table_2 lag=   1.0ms active=13
[ 123.296s] RECV #00738 table=page_000220_table_box_id_10 request= 0.569s scheduled= 0.570s status=ok active=12
[ 123.381s] RECV #00737 table=page_001395_table_7 request= 0.658s scheduled= 0.659s status=ok active=11
[ 123.457s] SEND #00745 table=page_001227_table_10 lag=   1.1ms active=12
[ 123.519s] SEND #00746 table=page_000261_table_box_id_3 lag=   0.3ms active=13
[ 123.543s] SEND #00747 table=page_001368_table_box_id_242 lag=   1.0ms active=14
[ 123.654s] RECV #00741 table=page_000209_table_box_id_1 request= 0.517s scheduled= 0.520s status=ok active=13
[ 123.807s] SEND #00748 table=page_001117_table_box_id_17 lag=   1.1ms active=14
[ 123.850s] RECV #00739 table=page_000239_table_box_id_1 request= 0.999s scheduled= 0.999s status=ok active=13
[ 123.994s] RECV #00729 table=page_000466_table_0 request= 2.867s scheduled= 2.867s status=ok active=12
[ 124.078s] RECV #00744 table=page_000763_table_2 request= 0.840s scheduled= 0.841s status=ok active=11
[ 124.081s] SEND #00749 table=page_000253_table_box_id_2 lag=   1.1ms active=12
[ 124.404s] SEND #00750 table=page_000635_table_0 lag=   1.3ms active=13
[ 124.465s] SEND #00751 table=page_001219_table_box_id_4 lag=   1.7ms active=14
[ 124.493s] RECV #00724 table=page_000280_table_box_id_1 request= 3.853s scheduled= 3.853s status=ok active=13
[ 124.556s] SEND #00752 table=page_000533_table_8 lag=   0.4ms active=14
[ 124.603s] SEND #00753 table=page_000833_table_4 lag=   1.1ms active=15
[ 124.739s] SEND #00754 table=page_001177_table_2 lag=   1.4ms active=16
[ 124.805s] SEND #00755 table=page_000534_table_4 lag=   0.6ms active=17
[ 124.874s] SEND #00756 table=page_000208_table_box_id_7 lag=   0.5ms active=18
[ 124.958s] RECV #00742 table=page_000227_table_box_id_1 request= 1.806s scheduled= 1.809s status=ok active=17
[ 125.130s] SEND #00757 table=page_000270_table_box_id_0 lag=   1.2ms active=18
[ 125.187s] RECV #00747 table=page_001368_table_box_id_242 request= 1.644s scheduled= 1.645s status=ok active=17
[ 125.304s] RECV #00748 table=page_001117_table_box_id_17 request= 1.497s scheduled= 1.498s status=ok active=16
[ 125.651s] SEND #00758 table=page_000520_table_6 lag=   0.5ms active=17
[ 125.798s] SEND #00759 table=page_001134_table_11 lag=   1.2ms active=18
[ 125.810s] RECV #00745 table=page_001227_table_10 request= 2.353s scheduled= 2.354s status=ok active=17
[ 125.816s] SEND #00760 table=page_001125_table_4 lag=   1.0ms active=18
[ 125.921s] RECV #00749 table=page_000253_table_box_id_2 request= 1.840s scheduled= 1.841s status=ok active=17
[ 125.992s] SEND #00761 table=page_001140_table_12 lag=   0.5ms active=18
[ 125.998s] RECV #00719 table=page_000282_table_box_id_1 request= 7.067s scheduled= 7.068s status=ok active=17
[ 126.091s] SEND #00762 table=page_000524_table_0 lag=   0.9ms active=18
[ 126.293s] RECV #00740 table=page_000233_table_box_id_2 request= 3.426s scheduled= 3.427s status=ok active=17
[ 126.401s] RECV #00752 table=page_000533_table_8 request= 1.845s scheduled= 1.846s status=ok active=16
[ 126.474s] RECV #00751 table=page_001219_table_box_id_4 request= 2.009s scheduled= 2.011s status=ok active=15
[ 126.685s] RECV #00753 table=page_000833_table_4 request= 2.082s scheduled= 2.083s status=ok active=14
[ 126.830s] SEND #00763 table=page_000226_table_box_id_5 lag=   1.7ms active=15
[ 126.919s] RECV #00746 table=page_000261_table_box_id_3 request= 3.400s scheduled= 3.401s status=ok active=14
[ 127.040s] SEND #00764 table=page_001449_table_1 lag=   0.3ms active=15
[ 127.074s] RECV #00750 table=page_000635_table_0 request= 2.670s scheduled= 2.671s status=ok active=14
[ 127.144s] RECV #00743 table=page_000264_table_box_id_5 request= 3.988s scheduled= 3.989s status=ok active=13
[ 127.298s] RECV #00756 table=page_000208_table_box_id_7 request= 2.424s scheduled= 2.424s status=ok active=12
[ 127.340s] SEND #00765 table=page_001147_table_8 lag=   0.6ms active=13
[ 127.399s] RECV #00755 table=page_000534_table_4 request= 2.594s scheduled= 2.595s status=ok active=12
[ 127.485s] RECV #00722 table=page_000279_table_box_id_0 request= 7.484s scheduled= 7.485s status=ok active=11
[ 127.542s] SEND #00766 table=page_000655_table_5 lag=   0.8ms active=12
[ 127.597s] RECV #00754 table=page_001177_table_2 request= 2.858s scheduled= 2.860s status=ok active=11
[ 127.671s] SEND #00767 table=page_000533_table_5 lag=   1.9ms active=12
[ 127.719s] RECV #00725 table=page_000277_table_box_id_1 request= 7.070s scheduled= 7.070s status=ok active=11
[ 127.813s] RECV #00758 table=page_000520_table_6 request= 2.162s scheduled= 2.162s status=ok active=10
[ 127.958s] RECV #00761 table=page_001140_table_12 request= 1.967s scheduled= 1.967s status=ok active=9
[ 128.042s] RECV #00763 table=page_000226_table_box_id_5 request= 1.212s scheduled= 1.214s status=ok active=8
[ 128.048s] SEND #00768 table=page_000220_table_box_id_10 lag=   0.7ms active=9
[ 128.115s] RECV #00766 table=page_000655_table_5 request= 0.573s scheduled= 0.573s status=ok active=8
[ 128.217s] RECV #00764 table=page_001449_table_1 request= 1.177s scheduled= 1.177s status=ok active=7
[ 128.345s] SEND #00769 table=page_000523_table_0 lag=   0.8ms active=8
[ 128.372s] RECV #00767 table=page_000533_table_5 request= 0.701s scheduled= 0.703s status=ok active=7
[ 128.403s] SEND #00770 table=page_000496_table_4 lag=   0.9ms active=8
[ 128.431s] SEND #00771 table=page_001129_table_8 lag=   0.2ms active=9
[ 128.448s] RECV #00760 table=page_001125_table_4 request= 2.632s scheduled= 2.633s status=ok active=8
[ 128.508s] SEND #00772 table=page_000264_table_box_id_5 lag=   0.7ms active=9
[ 128.513s] RECV #00768 table=page_000220_table_box_id_10 request= 0.464s scheduled= 0.465s status=ok active=8
[ 128.632s] SEND #00773 table=page_001011_table_35 lag=   2.0ms active=9
[ 128.648s] SEND #00774 table=page_000636_table_5 lag=   0.6ms active=10
[ 128.719s] SEND #00775 table=page_000920_table_3 lag=   0.6ms active=11
[ 128.862s] SEND #00776 table=page_000838_table_1 lag=   1.9ms active=12
[ 128.869s] SEND #00777 table=page_000220_table_box_id_3 lag=   0.7ms active=13
[ 128.921s] RECV #00759 table=page_001134_table_11 request= 3.123s scheduled= 3.124s status=ok active=12
[ 129.106s] RECV #00762 table=page_000524_table_0 request= 3.014s scheduled= 3.015s status=ok active=11
[ 129.150s] SEND #00778 table=page_000781_table_0 lag=   1.0ms active=12
[ 129.174s] RECV #00769 table=page_000523_table_0 request= 0.829s scheduled= 0.830s status=ok active=11
[ 129.253s] RECV #00773 table=page_001011_table_35 request= 0.621s scheduled= 0.623s status=ok active=10
[ 129.323s] RECV #00774 table=page_000636_table_5 request= 0.675s scheduled= 0.676s status=ok active=9
[ 129.326s] SEND #00779 table=page_000465_table_4 lag=   1.0ms active=10
[ 129.388s] SEND #00780 table=page_001135_table_6 lag=   1.0ms active=11
[ 129.412s] RECV #00765 table=page_001147_table_8 request= 2.071s scheduled= 2.072s status=ok active=10
[ 129.447s] SEND #00781 table=page_000826_table_32 lag=   0.8ms active=11
[ 129.493s] RECV #00775 table=page_000920_table_3 request= 0.774s scheduled= 0.775s status=ok active=10
[ 129.520s] SEND #00782 table=page_000300_table_1 lag=   1.2ms active=11
[ 129.548s] RECV #00776 table=page_000838_table_1 request= 0.685s scheduled= 0.687s status=ok active=10
[ 129.585s] SEND #00783 table=page_001189_table_box_id_3 lag=   0.8ms active=11
[ 129.624s] RECV #00778 table=page_000781_table_0 request= 0.474s scheduled= 0.475s status=ok active=10
[ 129.754s] RECV #00781 table=page_000826_table_32 request= 0.306s scheduled= 0.307s status=ok active=9
[ 129.815s] SEND #00784 table=page_000629_table_14 lag=   0.5ms active=10
[ 129.918s] RECV #00782 table=page_000300_table_1 request= 0.398s scheduled= 0.399s status=ok active=9
[ 129.932s] SEND #00785 table=page_001171_table_6 lag=   1.8ms active=10
[ 130.006s] RECV #00777 table=page_000220_table_box_id_3 request= 1.138s scheduled= 1.138s status=ok active=9
[ 130.056s] SEND #00786 table=page_001368_table_box_id_244 lag=   0.8ms active=10
[ 130.083s] SEND #00787 table=page_001368_table_box_id_263 lag=   1.6ms active=11
[ 130.176s] RECV #00779 table=page_000465_table_4 request= 0.850s scheduled= 0.851s status=ok active=10
[ 130.230s] RECV #00780 table=page_001135_table_6 request= 0.842s scheduled= 0.843s status=ok active=9
[ 130.437s] RECV #00783 table=page_001189_table_box_id_3 request= 0.852s scheduled= 0.853s status=ok active=8
[ 130.492s] SEND #00788 table=page_000238_table_box_id_2 lag=   1.0ms active=9
[ 130.555s] RECV #00786 table=page_001368_table_box_id_244 request= 0.499s scheduled= 0.500s status=ok active=8
[ 130.557s] SEND #00789 table=page_001398_table_box-5zkimf1o lag=   0.4ms active=9
[ 130.624s] SEND #00790 table=page_000202_table_box_id_0 lag=   0.9ms active=10
[ 130.636s] SEND #00791 table=page_000268_table_box_id_2 lag=   0.7ms active=11
[ 130.668s] RECV #00771 table=page_001129_table_8 request= 2.237s scheduled= 2.238s status=ok active=10
[ 130.716s] RECV #00785 table=page_001171_table_6 request= 0.784s scheduled= 0.786s status=ok active=9
[ 130.725s] RECV #00784 table=page_000629_table_14 request= 0.910s scheduled= 0.910s status=ok active=8
[ 130.968s] RECV #00757 table=page_000270_table_box_id_0 request= 5.838s scheduled= 5.840s status=ok active=7
[ 131.033s] RECV #00789 table=page_001398_table_box-5zkimf1o request= 0.476s scheduled= 0.476s status=ok active=6
[ 131.116s] RECV #00788 table=page_000238_table_box_id_2 request= 0.623s scheduled= 0.625s status=ok active=5
[ 131.186s] RECV #00790 table=page_000202_table_box_id_0 request= 0.562s scheduled= 0.563s status=ok active=4
[ 131.283s] SEND #00792 table=page_000941_table_1 lag=   0.4ms active=5
[ 131.392s] SEND #00793 table=page_000106_table_box_id_2 lag=   0.5ms active=6
[ 131.654s] RECV #00787 table=page_001368_table_box_id_263 request= 1.571s scheduled= 1.573s status=ok active=5
[ 131.800s] SEND #00794 table=page_000523_table_1 lag=   2.1ms active=6
[ 131.870s] RECV #00792 table=page_000941_table_1 request= 0.587s scheduled= 0.588s status=ok active=5
[ 132.048s] RECV #00791 table=page_000268_table_box_id_2 request= 1.412s scheduled= 1.413s status=ok active=4
[ 132.068s] RECV #00794 table=page_000523_table_1 request= 0.268s scheduled= 0.270s status=ok active=3
[ 132.204s] RECV #00772 table=page_000264_table_box_id_5 request= 3.695s scheduled= 3.696s status=ok active=2
[ 132.236s] SEND #00795 table=page_001157_table_5 lag=   0.9ms active=3
[ 132.266s] RECV #00793 table=page_000106_table_box_id_2 request= 0.874s scheduled= 0.875s status=ok active=2
[ 132.335s] RECV #00770 table=page_000496_table_4 request= 3.932s scheduled= 3.933s status=ok active=1
[ 132.707s] RECV #00795 table=page_001157_table_5 request= 0.471s scheduled= 0.472s status=ok active=0
[ 132.820s] SEND #00796 table=page_000668_table_15 lag=   1.2ms active=1
[ 132.928s] RECV #00796 table=page_000668_table_15 request= 0.108s scheduled= 0.109s status=ok active=0
[ 133.101s] SEND #00797 table=page_000277_table_box_id_1 lag=   0.8ms active=1
[ 133.534s] SEND #00798 table=page_001367_table_67 lag=   1.3ms active=2
[ 133.959s] SEND #00799 table=page_000712_table_4 lag=   0.5ms active=3
[ 134.146s] RECV #00799 table=page_000712_table_4 request= 0.187s scheduled= 0.187s status=ok active=2
[ 134.199s] RECV #00798 table=page_001367_table_67 request= 0.665s scheduled= 0.666s status=ok active=1
[ 134.229s] SEND #00800 table=page_000526_table_7 lag=   0.5ms active=2
[ 134.253s] SEND #00801 table=page_001220_table_8 lag=   1.1ms active=3
[ 134.376s] SEND #00802 table=page_001375_table_3 lag=   0.4ms active=4
[ 134.520s] SEND #00803 table=page_001197_table_5 lag=   1.3ms active=5
[ 134.659s] RECV #00802 table=page_001375_table_3 request= 0.283s scheduled= 0.283s status=ok active=4
[ 134.696s] RECV #00800 table=page_000526_table_7 request= 0.467s scheduled= 0.468s status=ok active=3
[ 135.335s] SEND #00804 table=page_001036_table_box_id_4 lag=   0.9ms active=4
[ 135.591s] SEND #00805 table=page_001119_table_box_id_2 lag=   1.1ms active=5
[ 135.793s] SEND #00806 table=page_001367_table_51 lag=   0.6ms active=6
[ 135.953s] RECV #00801 table=page_001220_table_8 request= 1.699s scheduled= 1.700s status=ok active=5
[ 135.956s] RECV #00803 table=page_001197_table_5 request= 1.436s scheduled= 1.437s status=ok active=4
[ 136.021s] SEND #00807 table=page_000668_table_15 lag=   0.5ms active=5
[ 136.096s] SEND #00808 table=page_000292_table_box_id_5 lag=   0.4ms active=6
[ 136.155s] RECV #00807 table=page_000668_table_15 request= 0.134s scheduled= 0.134s status=ok active=5
[ 136.159s] RECV #00808 table=page_000292_table_box_id_5 request= 0.063s scheduled= 0.064s status=ok active=4
[ 136.224s] RECV #00805 table=page_001119_table_box_id_2 request= 0.633s scheduled= 0.634s status=ok active=3
[ 136.383s] RECV #00804 table=page_001036_table_box_id_4 request= 1.048s scheduled= 1.049s status=ok active=2
[ 136.545s] RECV #00806 table=page_001367_table_51 request= 0.753s scheduled= 0.753s status=ok active=1
[ 136.573s] SEND #00809 table=page_000273_table_box_id_1 lag=   1.6ms active=2
[ 136.744s] SEND #00810 table=page_001193_table_8 lag=   0.6ms active=3
[ 136.829s] SEND #00811 table=page_001368_table_box_id_159 lag=   0.5ms active=4
[ 136.935s] SEND #00812 table=page_000247_table_box_id_0 lag=   2.1ms active=5
[ 137.045s] RECV #00811 table=page_001368_table_box_id_159 request= 0.216s scheduled= 0.216s status=ok active=4
[ 137.066s] RECV #00812 table=page_000247_table_box_id_0 request= 0.131s scheduled= 0.133s status=ok active=3
[ 137.418s] RECV #00810 table=page_001193_table_8 request= 0.675s scheduled= 0.675s status=ok active=2
[ 137.584s] SEND #00813 table=page_001148_table_3 lag=   0.8ms active=3
[ 137.711s] SEND #00814 table=page_000763_table_7 lag=   1.2ms active=4
[ 137.740s] SEND #00815 table=page_000206_table_box_id_9 lag=   0.2ms active=5
[ 137.768s] SEND #00816 table=page_000639_table_11 lag=   1.1ms active=6
[ 137.929s] RECV #00814 table=page_000763_table_7 request= 0.218s scheduled= 0.219s status=ok active=5
[ 137.961s] SEND #00817 table=page_000641_table_5 lag=   0.7ms active=6
[ 138.099s] SEND #00818 table=page_000220_table_box_id_7 lag=   0.5ms active=7
[ 138.289s] RECV #00817 table=page_000641_table_5 request= 0.328s scheduled= 0.329s status=ok active=6
[ 138.462s] RECV #00815 table=page_000206_table_box_id_9 request= 0.722s scheduled= 0.722s status=ok active=5
[ 138.494s] SEND #00819 table=page_001398_table_box-bfny2f1z lag=   0.3ms active=6
[ 138.529s] SEND #00820 table=page_001169_table_11 lag=   0.9ms active=7
[ 138.618s] SEND #00821 table=page_000633_table_5 lag=   1.4ms active=8
[ 138.834s] SEND #00822 table=page_001271_table_4 lag=   0.4ms active=9
[ 138.842s] SEND #00823 table=page_000226_table_box_id_3 lag=   0.8ms active=10
[ 138.845s] RECV #00820 table=page_001169_table_11 request= 0.316s scheduled= 0.317s status=ok active=9
[ 138.860s] SEND #00824 table=page_000631_table_0 lag=   1.1ms active=10
[ 138.992s] RECV #00797 table=page_000277_table_box_id_1 request= 5.890s scheduled= 5.891s status=ok active=9
[ 138.993s] SEND #00825 table=page_000356_table_1 lag=   2.1ms active=10
[ 139.043s] SEND #00826 table=page_000207_table_box_id_1 lag=   0.5ms active=11
[ 139.063s] SEND #00827 table=page_001193_table_8 lag=   1.8ms active=12
[ 139.112s] SEND #00828 table=page_001196_table_13 lag=   0.9ms active=13
[ 139.232s] RECV #00818 table=page_000220_table_box_id_7 request= 1.133s scheduled= 1.134s status=ok active=12
[ 139.279s] SEND #00829 table=page_000918_table_0 lag=   0.7ms active=13
[ 139.319s] RECV #00819 table=page_001398_table_box-bfny2f1z request= 0.824s scheduled= 0.825s status=ok active=12
[ 139.403s] SEND #00830 table=page_001368_table_box_id_165 lag=   0.2ms active=13
[ 139.418s] SEND #00831 table=page_000226_table_box_id_3 lag=   1.2ms active=14
[ 139.429s] SEND #00832 table=page_001188_table_2 lag=   0.3ms active=15
[ 139.544s] RECV #00825 table=page_000356_table_1 request= 0.552s scheduled= 0.554s status=ok active=14
[ 139.629s] RECV #00816 table=page_000639_table_11 request= 1.861s scheduled= 1.862s status=ok active=13
[ 139.747s] SEND #00833 table=page_000268_table_box_id_6 lag=   1.0ms active=14
[ 139.919s] SEND #00834 table=page_000237_table_box_id_3 lag=   1.0ms active=15
[ 139.924s] RECV #00823 table=page_000226_table_box_id_3 request= 1.081s scheduled= 1.082s status=ok active=14
[ 139.951s] SEND #00835 table=page_000913_table_11 lag=   1.9ms active=15
[ 140.045s] RECV #00813 table=page_001148_table_3 request= 2.461s scheduled= 2.462s status=ok active=14
[ 140.253s] RECV #00829 table=page_000918_table_0 request= 0.974s scheduled= 0.974s status=ok active=13
[ 140.280s] SEND #00836 table=page_000245_table_box_id_0 lag=   0.8ms active=14
[ 140.284s] SEND #00837 table=page_001233_table_6 lag=   0.9ms active=15
[ 140.295s] RECV #00827 table=page_001193_table_8 request= 1.232s scheduled= 1.234s status=ok active=14
[ 140.360s] SEND #00838 table=page_000249_table_box-gjm9bkso lag=   0.7ms active=15
[ 140.444s] RECV #00830 table=page_001368_table_box_id_165 request= 1.041s scheduled= 1.041s status=ok active=14
[ 140.674s] SEND #00839 table=page_000242_table_box_id_3 lag=   0.5ms active=15
[ 140.789s] RECV #00824 table=page_000631_table_0 request= 1.928s scheduled= 1.930s status=ok active=14
[ 140.880s] SEND #00840 table=page_000696_table_0 lag=   0.8ms active=15
[ 140.930s] RECV #00828 table=page_001196_table_13 request= 1.818s scheduled= 1.819s status=ok active=14
[ 140.936s] SEND #00841 table=page_000638_table_1 lag=   0.6ms active=15
[ 141.035s] RECV #00831 table=page_000226_table_box_id_3 request= 1.617s scheduled= 1.618s status=ok active=14
[ 141.201s] RECV #00835 table=page_000913_table_11 request= 1.249s scheduled= 1.251s status=ok active=13
[ 141.306s] SEND #00842 table=page_001367_table_69 lag=   1.1ms active=14
[ 141.354s] RECV #00833 table=page_000268_table_box_id_6 request= 1.607s scheduled= 1.608s status=ok active=13
[ 141.426s] RECV #00826 table=page_000207_table_box_id_1 request= 2.384s scheduled= 2.384s status=ok active=12
[ 141.457s] SEND #00843 table=page_001132_table_box_id_18 lag=   0.3ms active=13
[ 141.549s] RECV #00809 table=page_000273_table_box_id_1 request= 4.976s scheduled= 4.978s status=ok active=12
[ 141.792s] SEND #00844 table=page_000269_table_box_id_1 lag=   0.7ms active=13
[ 141.919s] RECV #00821 table=page_000633_table_5 request= 3.302s scheduled= 3.303s status=ok active=12
[ 142.164s] SEND #00845 table=page_000793_table_8 lag=   0.6ms active=13
[ 142.179s] RECV #00837 table=page_001233_table_6 request= 1.896s scheduled= 1.896s status=ok active=12
[ 142.257s] SEND #00846 table=page_000251_table_box_id_7 lag=   1.2ms active=13
[ 142.282s] RECV #00840 table=page_000696_table_0 request= 1.402s scheduled= 1.403s status=ok active=12
[ 142.338s] RECV #00836 table=page_000245_table_box_id_0 request= 2.058s scheduled= 2.059s status=ok active=11
[ 142.445s] SEND #00847 table=page_000942_table_3 lag=   1.1ms active=12
[ 142.504s] RECV #00843 table=page_001132_table_box_id_18 request= 1.047s scheduled= 1.047s status=ok active=11
[ 142.576s] SEND #00848 table=page_000763_table_26 lag=   1.9ms active=12
[ 142.648s] RECV #00834 table=page_000237_table_box_id_3 request= 2.729s scheduled= 2.730s status=ok active=11
[ 142.679s] RECV #00842 table=page_001367_table_69 request= 1.373s scheduled= 1.374s status=ok active=10
[ 142.762s] RECV #00844 table=page_000269_table_box_id_1 request= 0.970s scheduled= 0.971s status=ok active=9
[ 142.900s] RECV #00845 table=page_000793_table_8 request= 0.736s scheduled= 0.737s status=ok active=8
[ 142.965s] RECV #00848 table=page_000763_table_26 request= 0.389s scheduled= 0.390s status=ok active=7
[ 143.019s] RECV #00839 table=page_000242_table_box_id_3 request= 2.345s scheduled= 2.346s status=ok active=6
[ 143.026s] RECV #00841 table=page_000638_table_1 request= 2.091s scheduled= 2.091s status=ok active=5
[ 143.058s] SEND #00849 table=page_000790_table_9 lag=   0.8ms active=6
[ 143.267s] RECV #00822 table=page_001271_table_4 request= 4.434s scheduled= 4.434s status=ok active=5
[ 143.292s] RECV #00847 table=page_000942_table_3 request= 0.847s scheduled= 0.848s status=ok active=4
[ 143.316s] RECV #00838 table=page_000249_table_box-gjm9bkso request= 2.956s scheduled= 2.957s status=ok active=3
[ 143.324s] SEND #00850 table=page_001176_table_4 lag=   0.3ms active=4
[ 143.540s] SEND #00851 table=page_001368_table_box_id_159 lag=   0.8ms active=5
[ 143.619s] RECV #00849 table=page_000790_table_9 request= 0.561s scheduled= 0.562s status=ok active=4
[ 143.629s] RECV #00851 table=page_001368_table_box_id_159 request= 0.088s scheduled= 0.089s status=ok active=3
[ 143.715s] RECV #00846 table=page_000251_table_box_id_7 request= 1.458s scheduled= 1.459s status=ok active=2
[ 143.820s] SEND #00852 table=page_000534_table_3 lag=   0.6ms active=3
[ 144.048s] RECV #00852 table=page_000534_table_3 request= 0.228s scheduled= 0.228s status=ok active=2
[ 144.613s] RECV #00850 table=page_001176_table_4 request= 1.289s scheduled= 1.289s status=ok active=1
[ 144.736s] RECV #00832 table=page_001188_table_2 request= 5.306s scheduled= 5.307s status=ok active=0
[ 144.870s] SEND #00853 table=page_000623_table_7 lag=   0.4ms active=1
[ 144.920s] SEND #00854 table=page_000258_table_box_id_5 lag=   0.8ms active=2
[ 144.957s] SEND #00855 table=page_000577_table_3 lag=   1.1ms active=3
[ 145.186s] SEND #00856 table=page_001368_table_box_id_167 lag=   1.0ms active=4
[ 145.262s] RECV #00856 table=page_001368_table_box_id_167 request= 0.075s scheduled= 0.076s status=ok active=3
[ 145.397s] RECV #00854 table=page_000258_table_box_id_5 request= 0.477s scheduled= 0.478s status=ok active=2
[ 145.430s] RECV #00855 table=page_000577_table_3 request= 0.473s scheduled= 0.474s status=ok active=1
[ 145.431s] SEND #00857 table=page_000799_table_6 lag=   0.3ms active=2
[ 145.552s] SEND #00858 table=page_000465_table_9 lag=   0.8ms active=3
[ 145.662s] SEND #00859 table=page_001160_table_6 lag=   0.2ms active=4
[ 145.749s] SEND #00860 table=page_001152_table_0 lag=   0.8ms active=5
[ 146.027s] RECV #00857 table=page_000799_table_6 request= 0.596s scheduled= 0.597s status=ok active=4
[ 146.106s] SEND #00861 table=page_001164_table_9 lag=   1.0ms active=5
[ 146.181s] RECV #00858 table=page_000465_table_9 request= 0.629s scheduled= 0.630s status=ok active=4
[ 146.372s] SEND #00862 table=page_001191_table_2 lag=   1.0ms active=5
[ 146.378s] RECV #00859 table=page_001160_table_6 request= 0.716s scheduled= 0.716s status=ok active=4
[ 146.455s] RECV #00853 table=page_000623_table_7 request= 1.586s scheduled= 1.586s status=ok active=3
[ 146.518s] SEND #00863 table=page_001208_table_12 lag=   1.1ms active=4
[ 146.525s] SEND #00864 table=page_001141_table_19 lag=   0.9ms active=5
[ 146.671s] RECV #00862 table=page_001191_table_2 request= 0.300s scheduled= 0.301s status=ok active=4
[ 146.814s] RECV #00864 table=page_001141_table_19 request= 0.289s scheduled= 0.290s status=ok active=3
[ 146.842s] SEND #00865 table=page_001496_table_3 lag=   0.8ms active=4
[ 146.944s] SEND #00866 table=page_000182_table_box_id_2 lag=   0.3ms active=5
[ 146.980s] SEND #00867 table=page_000984_table_3 lag=   1.1ms active=6
[ 147.038s] SEND #00868 table=page_000511_table_1 lag=   0.6ms active=7
[ 147.061s] RECV #00863 table=page_001208_table_12 request= 0.543s scheduled= 0.544s status=ok active=6
[ 147.235s] SEND #00869 table=page_000292_table_box_id_1 lag=   1.1ms active=7
[ 147.235s] SEND #00870 table=page_001194_table_3 lag=   0.5ms active=8
[ 147.256s] SEND #00871 table=page_000605_table_3 lag=   0.2ms active=9
[ 147.317s] SEND #00872 table=page_001124_table_21 lag=   0.7ms active=10
[ 147.681s] SEND #00873 table=page_000465_table_10 lag=   1.4ms active=11
[ 147.804s] RECV #00866 table=page_000182_table_box_id_2 request= 0.860s scheduled= 0.860s status=ok active=10
[ 147.851s] RECV #00871 table=page_000605_table_3 request= 0.595s scheduled= 0.595s status=ok active=9
[ 147.909s] SEND #00874 table=page_000257_table_box_id_20 lag=   0.6ms active=10
[ 147.935s] RECV #00865 table=page_001496_table_3 request= 1.093s scheduled= 1.094s status=ok active=9
[ 148.059s] RECV #00872 table=page_001124_table_21 request= 0.743s scheduled= 0.743s status=ok active=8
[ 148.061s] RECV #00867 table=page_000984_table_3 request= 1.081s scheduled= 1.082s status=ok active=7
[ 148.155s] RECV #00870 table=page_001194_table_3 request= 0.919s scheduled= 0.920s status=ok active=6
[ 148.219s] RECV #00860 table=page_001152_table_0 request= 2.470s scheduled= 2.470s status=ok active=5
[ 148.421s] RECV #00873 table=page_000465_table_10 request= 0.740s scheduled= 0.742s status=ok active=4
[ 148.498s] SEND #00875 table=page_000861_table_17 lag=   0.3ms active=5
[ 148.627s] RECV #00874 table=page_000257_table_box_id_20 request= 0.718s scheduled= 0.719s status=ok active=4
[ 148.629s] SEND #00876 table=page_000827_table_8 lag=   0.8ms active=5
[ 148.771s] SEND #00877 table=page_001230_table_box_id_1 lag=   1.1ms active=6
[ 148.903s] SEND #00878 table=page_001197_table_4 lag=   0.3ms active=7
[ 149.028s] SEND #00879 table=page_000203_table_box_id_3 lag=   0.9ms active=8
[ 149.158s] SEND #00880 table=page_001184_table_6 lag=   0.7ms active=9
[ 149.168s] RECV #00876 table=page_000827_table_8 request= 0.539s scheduled= 0.540s status=ok active=8
[ 149.405s] RECV #00880 table=page_001184_table_6 request= 0.246s scheduled= 0.247s status=ok active=7
[ 149.443s] SEND #00881 table=page_001272_table_1 lag=   0.6ms active=8
[ 149.444s] RECV #00861 table=page_001164_table_9 request= 3.337s scheduled= 3.338s status=ok active=7
[ 149.486s] RECV #00868 table=page_000511_table_1 request= 2.447s scheduled= 2.448s status=ok active=6
[ 149.691s] RECV #00877 table=page_001230_table_box_id_1 request= 0.920s scheduled= 0.921s status=ok active=5
[ 149.790s] RECV #00875 table=page_000861_table_17 request= 1.292s scheduled= 1.292s status=ok active=4
[ 149.954s] SEND #00882 table=page_001134_table_1 lag=   0.7ms active=5
[ 150.043s] SEND #00883 table=page_000827_table_8 lag=   2.1ms active=6
[ 150.193s] RECV #00883 table=page_000827_table_8 request= 0.150s scheduled= 0.152s status=ok active=5
[ 150.207s] SEND #00884 table=page_001367_table_3 lag=   1.0ms active=6
[ 150.268s] SEND #00885 table=page_001516_table_17 lag=   0.3ms active=7
[ 150.328s] SEND #00886 table=page_000294_table_box_id_1 lag=   1.2ms active=8
[ 150.445s] SEND #00887 table=page_001082_table_23 lag=   0.2ms active=9
[ 150.593s] SEND #00888 table=page_000524_table_0 lag=   1.0ms active=10
[ 150.726s] SEND #00889 table=page_001367_table_71 lag=   0.8ms active=11
[ 150.737s] RECV #00878 table=page_001197_table_4 request= 1.834s scheduled= 1.834s status=ok active=10
[ 150.933s] RECV #00885 table=page_001516_table_17 request= 0.666s scheduled= 0.666s status=ok active=9
[ 151.228s] RECV #00887 table=page_001082_table_23 request= 0.783s scheduled= 0.783s status=ok active=8
[ 151.310s] RECV #00869 table=page_000292_table_box_id_1 request= 4.075s scheduled= 4.076s status=ok active=7
[ 151.331s] RECV #00889 table=page_001367_table_71 request= 0.605s scheduled= 0.606s status=ok active=6
[ 151.352s] SEND #00890 table=page_000938_table_5 lag=   0.8ms active=7
[ 151.382s] SEND #00891 table=page_001143_table_4 lag=   1.1ms active=8
[ 151.550s] SEND #00892 table=page_000823_table_8 lag=   0.3ms active=9
[ 151.627s] RECV #00879 table=page_000203_table_box_id_3 request= 2.599s scheduled= 2.600s status=ok active=8
[ 151.692s] RECV #00892 table=page_000823_table_8 request= 0.142s scheduled= 0.142s status=ok active=7
[ 151.770s] RECV #00890 table=page_000938_table_5 request= 0.419s scheduled= 0.419s status=ok active=6
[ 151.821s] RECV #00881 table=page_001272_table_1 request= 2.378s scheduled= 2.379s status=ok active=5
[ 151.895s] RECV #00891 table=page_001143_table_4 request= 0.514s scheduled= 0.515s status=ok active=4
[ 152.052s] RECV #00884 table=page_001367_table_3 request= 1.845s scheduled= 1.846s status=ok active=3
[ 152.075s] RECV #00888 table=page_000524_table_0 request= 1.482s scheduled= 1.483s status=ok active=2
[ 152.110s] RECV #00882 table=page_001134_table_1 request= 2.156s scheduled= 2.157s status=ok active=1
[ 152.223s] RECV #00886 table=page_000294_table_box_id_1 request= 1.894s scheduled= 1.896s status=ok active=0
[ 152.418s] SEND #00893 table=page_000516_table_0 lag=   0.3ms active=1
[ 152.641s] SEND #00894 table=page_000554_table_12 lag=   1.2ms active=2
[ 152.779s] SEND #00895 table=page_001506_table_14 lag=   0.8ms active=3
[ 152.856s] SEND #00896 table=page_000205_table_box_id_11 lag=   1.0ms active=4
[ 152.883s] RECV #00894 table=page_000554_table_12 request= 0.243s scheduled= 0.244s status=ok active=3
[ 152.942s] SEND #00897 table=page_000612_table_6 lag=   0.7ms active=4
[ 153.015s] RECV #00895 table=page_001506_table_14 request= 0.236s scheduled= 0.237s status=ok active=3
[ 153.401s] SEND #00898 table=page_000532_table_4 lag=   0.4ms active=4
[ 153.405s] RECV #00896 table=page_000205_table_box_id_11 request= 0.548s scheduled= 0.549s status=ok active=3
[ 153.573s] RECV #00897 table=page_000612_table_6 request= 0.631s scheduled= 0.632s status=ok active=2
[ 153.697s] RECV #00898 table=page_000532_table_4 request= 0.296s scheduled= 0.296s status=ok active=1
[ 153.777s] SEND #00899 table=page_001419_table_10 lag=   0.7ms active=2
[ 153.869s] RECV #00893 table=page_000516_table_0 request= 1.452s scheduled= 1.452s status=ok active=1
[ 153.962s] SEND #00900 table=page_000929_table_0 lag=   0.7ms active=2
[ 154.078s] RECV #00899 table=page_001419_table_10 request= 0.301s scheduled= 0.301s status=ok active=1
[ 154.343s] SEND #00901 table=page_001135_table_6 lag=   0.6ms active=2
[ 154.510s] RECV #00900 table=page_000929_table_0 request= 0.548s scheduled= 0.549s status=ok active=1
[ 154.776s] SEND #00902 table=page_000716_table_2 lag=   0.8ms active=2
[ 154.877s] RECV #00902 table=page_000716_table_2 request= 0.101s scheduled= 0.102s status=ok active=1
[ 154.889s] RECV #00901 table=page_001135_table_6 request= 0.546s scheduled= 0.546s status=ok active=0
[ 155.088s] SEND #00903 table=page_001398_table_box-5zkimf1o lag=   0.8ms active=1
[ 155.168s] SEND #00904 table=page_000654_table_0 lag=   0.9ms active=2
[ 155.273s] SEND #00905 table=page_001204_table_4 lag=   1.6ms active=3
[ 155.398s] RECV #00904 table=page_000654_table_0 request= 0.229s scheduled= 0.230s status=ok active=2
[ 155.402s] RECV #00903 table=page_001398_table_box-5zkimf1o request= 0.314s scheduled= 0.315s status=ok active=1
[ 155.537s] SEND #00906 table=page_000299_table_box_id_5 lag=   0.9ms active=2
[ 155.615s] SEND #00907 table=page_000745_table_2 lag=   1.0ms active=3
[ 155.846s] SEND #00908 table=page_000229_table_box_id_3 lag=   1.2ms active=4
[ 155.955s] SEND #00909 table=page_000603_table_7 lag=   0.5ms active=5
[ 156.024s] SEND #00910 table=page_001133_table_3 lag=   0.8ms active=6
[ 156.027s] RECV #00907 table=page_000745_table_2 request= 0.412s scheduled= 0.413s status=ok active=5
[ 156.125s] SEND #00911 table=page_001368_table_box_id_263 lag=   0.3ms active=6
[ 156.145s] SEND #00912 table=page_000229_table_box_id_7 lag=   0.4ms active=7
[ 156.219s] SEND #00913 table=page_000269_table_box_id_1 lag=   1.0ms active=8
[ 156.308s] SEND #00914 table=page_001128_table_2 lag=   0.3ms active=9
[ 156.311s] SEND #00915 table=page_000287_table_box_id_1 lag=   1.1ms active=10
[ 156.342s] SEND #00916 table=page_001132_table_box_id_18 lag=   0.2ms active=11
[ 156.393s] SEND #00917 table=page_000721_table_19 lag=   0.6ms active=12
[ 156.456s] RECV #00913 table=page_000269_table_box_id_1 request= 0.237s scheduled= 0.238s status=ok active=11
[ 156.629s] RECV #00912 table=page_000229_table_box_id_7 request= 0.484s scheduled= 0.484s status=ok active=10
[ 156.701s] RECV #00908 table=page_000229_table_box_id_3 request= 0.855s scheduled= 0.856s status=ok active=9
[ 156.718s] SEND #00918 table=page_000236_table_box_id_1 lag=   0.6ms active=10
[ 156.741s] RECV #00909 table=page_000603_table_7 request= 0.787s scheduled= 0.787s status=ok active=9
[ 156.818s] RECV #00905 table=page_001204_table_4 request= 1.545s scheduled= 1.546s status=ok active=8
[ 156.867s] SEND #00919 table=page_000307_table_2 lag=   1.1ms active=9
[ 156.923s] SEND #00920 table=page_001166_table_9 lag=   0.9ms active=10
[ 156.939s] RECV #00917 table=page_000721_table_19 request= 0.547s scheduled= 0.547s status=ok active=9
[ 156.990s] RECV #00916 table=page_001132_table_box_id_18 request= 0.648s scheduled= 0.648s status=ok active=8
[ 157.339s] RECV #00918 table=page_000236_table_box_id_1 request= 0.621s scheduled= 0.622s status=ok active=7
[ 157.420s] RECV #00920 table=page_001166_table_9 request= 0.497s scheduled= 0.498s status=ok active=6
[ 157.506s] RECV #00911 table=page_001368_table_box_id_263 request= 1.381s scheduled= 1.381s status=ok active=5
[ 157.628s] RECV #00906 table=page_000299_table_box_id_5 request= 2.091s scheduled= 2.091s status=ok active=4
[ 157.720s] RECV #00914 table=page_001128_table_2 request= 1.413s scheduled= 1.413s status=ok active=3
[ 157.725s] RECV #00910 table=page_001133_table_3 request= 1.701s scheduled= 1.702s status=ok active=2
[ 157.836s] RECV #00915 table=page_000287_table_box_id_1 request= 1.525s scheduled= 1.526s status=ok active=1
[ 157.938s] SEND #00921 table=page_001368_table_box_id_278 lag=   1.1ms active=2
[ 157.987s] SEND #00922 table=page_000273_table_box_id_1 lag=   1.0ms active=3
[ 158.051s] RECV #00921 table=page_001368_table_box_id_278 request= 0.114s scheduled= 0.115s status=ok active=2
[ 158.107s] SEND #00923 table=page_000236_table_box_id_5 lag=   0.2ms active=3
[ 158.331s] SEND #00924 table=page_000451_table_12 lag=   1.0ms active=4
[ 158.461s] RECV #00919 table=page_000307_table_2 request= 1.595s scheduled= 1.596s status=ok active=3
[ 158.527s] SEND #00925 table=page_000554_table_0 lag=   0.4ms active=4
[ 158.622s] SEND #00926 table=page_000946_table_14 lag=   0.6ms active=5
[ 158.755s] RECV #00925 table=page_000554_table_0 request= 0.228s scheduled= 0.229s status=ok active=4
[ 158.778s] RECV #00923 table=page_000236_table_box_id_5 request= 0.672s scheduled= 0.672s status=ok active=3
[ 158.872s] SEND #00927 table=page_000762_table_5 lag=   0.5ms active=4
[ 158.924s] RECV #00926 table=page_000946_table_14 request= 0.303s scheduled= 0.303s status=ok active=3
[ 158.983s] SEND #00928 table=page_000292_table_box_id_5 lag=   0.7ms active=4
[ 158.990s] RECV #00927 table=page_000762_table_5 request= 0.118s scheduled= 0.119s status=ok active=3
[ 159.047s] RECV #00928 table=page_000292_table_box_id_5 request= 0.064s scheduled= 0.065s status=ok active=2
[ 159.192s] SEND #00929 table=page_000224_table_box-3str9h9p lag=   0.9ms active=3
[ 159.305s] SEND #00930 table=page_000514_table_8 lag=   1.0ms active=4
[ 159.574s] RECV #00924 table=page_000451_table_12 request= 1.242s scheduled= 1.243s status=ok active=3
[ 159.684s] RECV #00930 table=page_000514_table_8 request= 0.379s scheduled= 0.380s status=ok active=2
[ 159.898s] SEND #00931 table=page_001216_table_2 lag=   0.8ms active=3
[ 160.108s] SEND #00932 table=page_000591_table_3 lag=   0.8ms active=4
[ 160.110s] RECV #00929 table=page_000224_table_box-3str9h9p request= 0.918s scheduled= 0.919s status=ok active=3
[ 160.125s] SEND #00933 table=page_000199_table_box_id_0 lag=   1.5ms active=4
[ 160.146s] SEND #00934 table=page_001163_table_0 lag=   0.2ms active=5
[ 160.714s] SEND #00935 table=page_000208_table_box_id_7 lag=   1.4ms active=6
[ 160.736s] RECV #00932 table=page_000591_table_3 request= 0.628s scheduled= 0.628s status=ok active=5
[ 160.756s] SEND #00936 table=page_000420_table_0 lag=   0.3ms active=6
[ 160.761s] SEND #00937 table=page_000680_table_11 lag=   0.7ms active=7
[ 160.809s] SEND #00938 table=page_000677_table_23 lag=   0.7ms active=8
[ 160.918s] SEND #00939 table=page_001248_table_0 lag=   0.5ms active=9
[ 161.143s] RECV #00938 table=page_000677_table_23 request= 0.333s scheduled= 0.334s status=ok active=8
[ 161.318s] RECV #00931 table=page_001216_table_2 request= 1.420s scheduled= 1.421s status=ok active=7
[ 161.425s] SEND #00940 table=page_001417_table_2 lag=   1.0ms active=8
[ 161.439s] RECV #00936 table=page_000420_table_0 request= 0.683s scheduled= 0.683s status=ok active=7
[ 161.488s] RECV #00935 table=page_000208_table_box_id_7 request= 0.774s scheduled= 0.775s status=ok active=6
[ 161.510s] SEND #00941 table=page_000507_table_6 lag=   0.9ms active=7
[ 161.573s] RECV #00940 table=page_001417_table_2 request= 0.148s scheduled= 0.149s status=ok active=6
[ 161.694s] RECV #00939 table=page_001248_table_0 request= 0.776s scheduled= 0.776s status=ok active=5
[ 161.713s] RECV #00937 table=page_000680_table_11 request= 0.953s scheduled= 0.953s status=ok active=4
[ 161.724s] SEND #00942 table=page_000182_table_box-tn22tc2f lag=   0.4ms active=5
[ 161.946s] RECV #00934 table=page_001163_table_0 request= 1.800s scheduled= 1.800s status=ok active=4
[ 161.966s] RECV #00942 table=page_000182_table_box-tn22tc2f request= 0.242s scheduled= 0.242s status=ok active=3
[ 162.024s] SEND #00943 table=page_001367_table_66 lag=   0.9ms active=4
[ 162.040s] SEND #00944 table=page_000256_table_box_id_8 lag=   1.1ms active=5
[ 162.198s] SEND #00945 table=page_000627_table_14 lag=   1.1ms active=6
[ 162.447s] RECV #00933 table=page_000199_table_box_id_0 request= 2.322s scheduled= 2.324s status=ok active=5
[ 162.539s] RECV #00944 table=page_000256_table_box_id_8 request= 0.499s scheduled= 0.501s status=ok active=4
[ 162.547s] RECV #00941 table=page_000507_table_6 request= 1.037s scheduled= 1.038s status=ok active=3
[ 162.557s] RECV #00922 table=page_000273_table_box_id_1 request= 4.570s scheduled= 4.571s status=ok active=2
[ 162.696s] RECV #00945 table=page_000627_table_14 request= 0.499s scheduled= 0.500s status=ok active=1
[ 162.761s] RECV #00943 table=page_001367_table_66 request= 0.737s scheduled= 0.738s status=ok active=0
[ 163.110s] SEND #00946 table=page_001273_table_8 lag=   2.1ms active=1
[ 163.242s] SEND #00947 table=page_001155_table_4 lag=   1.1ms active=2
[ 163.369s] SEND #00948 table=page_000632_table_6 lag=   0.3ms active=3
[ 163.441s] SEND #00949 table=page_001026_table_box_id_25 lag=   2.0ms active=4
[ 163.471s] RECV #00947 table=page_001155_table_4 request= 0.229s scheduled= 0.230s status=ok active=3
[ 163.665s] RECV #00948 table=page_000632_table_6 request= 0.297s scheduled= 0.297s status=ok active=2
[ 163.927s] SEND #00950 table=page_000225_table_box_id_13 lag=   0.9ms active=3
[ 164.090s] RECV #00949 table=page_001026_table_box_id_25 request= 0.649s scheduled= 0.651s status=ok active=2
[ 164.509s] SEND #00951 table=page_000858_table_1 lag=   0.4ms active=3
[ 164.528s] SEND #00952 table=page_001233_table_6 lag=   1.8ms active=4
[ 164.661s] SEND #00953 table=page_000242_table_box_id_3 lag=   0.4ms active=5
[ 164.698s] RECV #00951 table=page_000858_table_1 request= 0.190s scheduled= 0.190s status=ok active=4
[ 164.752s] SEND #00954 table=page_001134_table_10 lag=   0.4ms active=5
[ 164.938s] SEND #00955 table=page_000861_table_17 lag=   0.7ms active=6
[ 164.942s] RECV #00950 table=page_000225_table_box_id_13 request= 1.015s scheduled= 1.015s status=ok active=5
[ 164.959s] SEND #00956 table=page_001368_table_box_id_280 lag=   1.1ms active=6
[ 165.010s] SEND #00957 table=page_000790_table_9 lag=   0.4ms active=7
[ 165.064s] SEND #00958 table=page_000265_table_box_id_3 lag=   0.7ms active=8
[ 165.173s] SEND #00959 table=page_000921_table_9 lag=   0.7ms active=9
[ 165.193s] RECV #00946 table=page_001273_table_8 request= 2.083s scheduled= 2.085s status=ok active=8
[ 165.437s] SEND #00960 table=page_000626_table_box_id_7 lag=   1.2ms active=9
[ 165.694s] RECV #00956 table=page_001368_table_box_id_280 request= 0.735s scheduled= 0.736s status=ok active=8
[ 165.762s] SEND #00961 table=page_001124_table_21 lag=   1.6ms active=9
[ 165.786s] RECV #00952 table=page_001233_table_6 request= 1.258s scheduled= 1.260s status=ok active=8
[ 165.919s] RECV #00959 table=page_000921_table_9 request= 0.746s scheduled= 0.746s status=ok active=7
[ 165.938s] RECV #00961 table=page_001124_table_21 request= 0.176s scheduled= 0.177s status=ok active=6
[ 166.018s] SEND #00962 table=page_000554_table_0 lag=   0.2ms active=7
[ 166.089s] RECV #00957 table=page_000790_table_9 request= 1.079s scheduled= 1.080s status=ok active=6
[ 166.173s] RECV #00962 table=page_000554_table_0 request= 0.154s scheduled= 0.155s status=ok active=5
[ 166.207s] SEND #00963 table=page_000224_table_box-3str9h9p lag=   0.8ms active=6
[ 166.222s] SEND #00964 table=page_001137_table_11 lag=   0.3ms active=7
[ 166.304s] SEND #00965 table=page_000643_table_4 lag=   0.7ms active=8
[ 166.392s] RECV #00955 table=page_000861_table_17 request= 1.454s scheduled= 1.455s status=ok active=7
[ 166.488s] SEND #00966 table=page_001082_table_34 lag=   0.4ms active=8
[ 166.547s] SEND #00967 table=page_000835_table_2 lag=   1.1ms active=9
[ 166.564s] RECV #00953 table=page_000242_table_box_id_3 request= 1.903s scheduled= 1.904s status=ok active=8
[ 166.665s] SEND #00968 table=page_000276_table_box_id_5 lag=   0.9ms active=9
[ 166.764s] RECV #00954 table=page_001134_table_10 request= 2.012s scheduled= 2.012s status=ok active=8
[ 166.765s] RECV #00967 table=page_000835_table_2 request= 0.218s scheduled= 0.219s status=ok active=7
[ 166.975s] RECV #00958 table=page_000265_table_box_id_3 request= 1.911s scheduled= 1.911s status=ok active=6
[ 167.057s] SEND #00969 table=page_001138_table_1 lag=   0.3ms active=7
[ 167.078s] SEND #00970 table=page_001376_table_5 lag=   0.7ms active=8
[ 167.370s] RECV #00964 table=page_001137_table_11 request= 1.148s scheduled= 1.149s status=ok active=7
[ 167.399s] SEND #00971 table=page_000746_table_18 lag=   1.0ms active=8
[ 167.417s] SEND #00972 table=page_000821_table_box_id_26 lag=   0.3ms active=9
[ 167.440s] RECV #00963 table=page_000224_table_box-3str9h9p request= 1.233s scheduled= 1.234s status=ok active=8
[ 167.498s] SEND #00973 table=page_000195_table_box_id_0 lag=   0.9ms active=9
[ 167.511s] RECV #00970 table=page_001376_table_5 request= 0.434s scheduled= 0.434s status=ok active=8
[ 167.803s] RECV #00972 table=page_000821_table_box_id_26 request= 0.387s scheduled= 0.387s status=ok active=7
[ 167.881s] RECV #00966 table=page_001082_table_34 request= 1.393s scheduled= 1.393s status=ok active=6
[ 167.891s] SEND #00974 table=page_000215_table_box_id_4 lag=   0.6ms active=7
[ 167.929s] SEND #00975 table=page_000982_table_16 lag=   0.9ms active=8
[ 168.052s] SEND #00976 table=page_001178_table_0 lag=   1.2ms active=9
[ 168.141s] SEND #00977 table=page_001121_table_10 lag=   0.5ms active=10
[ 168.256s] RECV #00975 table=page_000982_table_16 request= 0.327s scheduled= 0.328s status=ok active=9
[ 168.452s] RECV #00974 table=page_000215_table_box_id_4 request= 0.561s scheduled= 0.562s status=ok active=8
[ 168.506s] SEND #00978 table=page_000106_table_box_id_4 lag=   0.5ms active=9
[ 168.732s] RECV #00973 table=page_000195_table_box_id_0 request= 1.233s scheduled= 1.234s status=ok active=8
[ 168.765s] RECV #00971 table=page_000746_table_18 request= 1.366s scheduled= 1.367s status=ok active=7
[ 168.841s] RECV #00978 table=page_000106_table_box_id_4 request= 0.336s scheduled= 0.336s status=ok active=6
[ 169.030s] RECV #00960 table=page_000626_table_box_id_7 request= 3.594s scheduled= 3.595s status=ok active=5
[ 169.312s] SEND #00979 table=page_000709_table_12 lag=   1.1ms active=6
[ 169.369s] SEND #00980 table=page_000793_table_8 lag=   1.0ms active=7
[ 169.422s] RECV #00979 table=page_000709_table_12 request= 0.110s scheduled= 0.111s status=ok active=6
[ 169.476s] RECV #00980 table=page_000793_table_8 request= 0.107s scheduled= 0.108s status=ok active=5
[ 169.481s] SEND #00981 table=page_000737_table_6 lag=   0.3ms active=6
[ 169.524s] RECV #00977 table=page_001121_table_10 request= 1.383s scheduled= 1.384s status=ok active=5
[ 169.642s] RECV #00969 table=page_001138_table_1 request= 2.586s scheduled= 2.586s status=ok active=4
[ 169.743s] RECV #00965 table=page_000643_table_4 request= 3.439s scheduled= 3.440s status=ok active=3
[ 169.772s] RECV #00981 table=page_000737_table_6 request= 0.291s scheduled= 0.291s status=ok active=2
[ 169.780s] RECV #00976 table=page_001178_table_0 request= 1.728s scheduled= 1.729s status=ok active=1
[ 169.857s] SEND #00982 table=page_000446_table_3 lag=   0.6ms active=2
[ 169.988s] SEND #00983 table=page_001126_table_18 lag=   0.3ms active=3
[ 170.029s] SEND #00984 table=page_000232_table_box_id_8 lag=   0.8ms active=4
[ 170.268s] SEND #00985 table=page_000715_table_14 lag=   2.0ms active=5
[ 170.316s] RECV #00983 table=page_001126_table_18 request= 0.328s scheduled= 0.328s status=ok active=4
[ 170.336s] SEND #00986 table=page_001125_table_9 lag=   1.2ms active=5
[ 170.378s] RECV #00985 table=page_000715_table_14 request= 0.110s scheduled= 0.112s status=ok active=4
[ 170.446s] SEND #00987 table=page_000866_table_14 lag=   1.2ms active=5
[ 170.447s] SEND #00988 table=page_000746_table_18 lag=   0.2ms active=6
[ 170.624s] RECV #00984 table=page_000232_table_box_id_8 request= 0.595s scheduled= 0.596s status=ok active=5
[ 170.940s] RECV #00987 table=page_000866_table_14 request= 0.493s scheduled= 0.494s status=ok active=4
[ 171.198s] SEND #00989 table=page_001595_table_box_id_7 lag=   0.4ms active=5
[ 171.377s] SEND #00990 table=page_000297_table_5 lag=   0.8ms active=6
[ 171.665s] RECV #00988 table=page_000746_table_18 request= 1.218s scheduled= 1.218s status=ok active=5
[ 171.811s] SEND #00991 table=page_000343_table_0 lag=   0.9ms active=6
[ 171.917s] RECV #00991 table=page_000343_table_0 request= 0.107s scheduled= 0.107s status=ok active=5
[ 172.108s] RECV #00989 table=page_001595_table_box_id_7 request= 0.910s scheduled= 0.910s status=ok active=4
[ 172.185s] RECV #00986 table=page_001125_table_9 request= 1.849s scheduled= 1.851s status=ok active=3
[ 172.225s] RECV #00968 table=page_000276_table_box_id_5 request= 5.560s scheduled= 5.561s status=ok active=2
[ 172.274s] RECV #00990 table=page_000297_table_5 request= 0.897s scheduled= 0.898s status=ok active=1
[ 172.388s] SEND #00992 table=page_001222_table_2 lag=   0.7ms active=2
[ 172.440s] SEND #00993 table=page_000630_table_2 lag=   0.6ms active=3
[ 172.569s] SEND #00994 table=page_000260_table_box_id_0 lag=   0.8ms active=4
[ 172.666s] SEND #00995 table=page_000239_table_box_id_7 lag=   1.0ms active=5
[ 172.905s] SEND #00996 table=page_000652_table_3 lag=   2.1ms active=6
[ 172.999s] RECV #00996 table=page_000652_table_3 request= 0.094s scheduled= 0.096s status=ok active=5
[ 173.008s] RECV #00995 table=page_000239_table_box_id_7 request= 0.342s scheduled= 0.343s status=ok active=4
[ 173.212s] SEND #00997 table=page_001368_table_box_id_239 lag=   1.0ms active=5
[ 173.255s] SEND #00998 table=page_001156_table_6 lag=   0.3ms active=6
[ 173.308s] SEND #00999 table=page_000821_table_box_id_14 lag=   0.7ms active=7
[ 173.498s] RECV #00982 table=page_000446_table_3 request= 3.641s scheduled= 3.641s status=ok active=6
[ 173.515s] SEND #01000 table=page_000468_table_11 lag=   2.7ms active=7
[ 173.571s] RECV #00999 table=page_000821_table_box_id_14 request= 0.263s scheduled= 0.264s status=ok active=6
[ 173.579s] RECV #00997 table=page_001368_table_box_id_239 request= 0.367s scheduled= 0.368s status=ok active=5
[ 173.660s] RECV #00994 table=page_000260_table_box_id_0 request= 1.090s scheduled= 1.091s status=ok active=4
[ 173.695s] RECV #01000 table=page_000468_table_11 request= 0.180s scheduled= 0.183s status=ok active=3
[ 173.997s] RECV #00998 table=page_001156_table_6 request= 0.742s scheduled= 0.743s status=ok active=2
[ 174.113s] RECV #00993 table=page_000630_table_2 request= 1.674s scheduled= 1.674s status=ok active=1
[ 174.493s] RECV #00992 table=page_001222_table_2 request= 2.105s scheduled= 2.105s status=ok active=0
DONE completed=1000 failed=0 max_active=20 p50=0.945s p95=3.918s max=8.745s
Summary: tmp/19_table_ocr_serving/step2_b8qps6_dc755584_20260910_retry/b8/qps6/measured/summary.json
