OCR API ready worker_pid=None; preparing table crops in RAM
Frozen ALL cohort: 665 tables (121 LaTeX, 544 non-LaTeX)
Scheduled 1000 Poisson arrivals at 6.5 QPS; request limit=1000; last scheduled arrival at 160.165s; HTTP endpoint=http://127.0.0.1:18081/v1/chat/completions
Writing each completion to tmp/09_persistent_page_engine/table_vllm_poisson1000_seq64_14qps_npu4_retry_85a90862_20260908/budget16384/qps6.5/measured/results.jsonl
[   0.023s] SEND #00001 table=page_001375_table_1 lag=   1.0ms active=1
[   0.314s] SEND #00002 table=page_000256_table_box_id_1 lag=   2.3ms active=2
[   0.534s] SEND #00003 table=page_000918_table_6 lag=   0.5ms active=3
[   0.580s] SEND #00004 table=page_001130_table_1 lag=   0.9ms active=4
[   0.685s] SEND #00005 table=page_000758_table_21 lag=   1.4ms active=5
[   0.776s] SEND #00006 table=page_001202_table_3 lag=   0.3ms active=6
[   0.939s] SEND #00007 table=page_000636_table_5 lag=   1.1ms active=7
[   1.179s] SEND #00008 table=page_000254_table_box_id_4 lag=   2.1ms active=8
[   1.194s] SEND #00009 table=page_000178_table_box_id_1 lag=   2.1ms active=9
[   1.198s] SEND #00010 table=page_000220_table_box_id_7 lag=   0.7ms active=10
[   1.367s] RECV #00005 table=page_000758_table_21 request= 0.682s scheduled= 0.683s status=ok active=9
[   1.475s] SEND #00011 table=page_000505_table_1 lag=   0.7ms active=10
[   1.563s] SEND #00012 table=page_000418_table_3 lag=   0.6ms active=11
[   1.784s] SEND #00013 table=page_000266_table_box_id_7 lag=   0.7ms active=12
[   1.784s] SEND #00014 table=page_001375_table_4 lag=   0.7ms active=13
[   1.875s] SEND #00015 table=page_001158_table_3 lag=   1.0ms active=14
[   2.072s] SEND #00016 table=page_000930_table_7 lag=   1.2ms active=15
[   2.112s] SEND #00017 table=page_001198_table_8 lag=   1.0ms active=16
[   2.559s] SEND #00018 table=page_000434_table_15 lag=   1.5ms active=17
[   2.579s] RECV #00004 table=page_001130_table_1 request= 2.000s scheduled= 2.001s status=ok active=16
[   2.610s] RECV #00002 table=page_000256_table_box_id_1 request= 2.296s scheduled= 2.299s status=ok active=15
[   2.610s] RECV #00003 table=page_000918_table_6 request= 2.077s scheduled= 2.077s status=ok active=14
[   2.820s] RECV #00007 table=page_000636_table_5 request= 1.881s scheduled= 1.882s status=ok active=13
[   2.915s] SEND #00019 table=page_000534_table_4 lag=   1.1ms active=14
[   2.919s] SEND #00020 table=page_001161_table_3 lag=   0.3ms active=15
[   2.923s] SEND #00021 table=page_000566_table_3 lag=   0.3ms active=16
[   3.044s] SEND #00022 table=page_001200_table_2 lag=   1.7ms active=17
[   3.474s] SEND #00023 table=page_000246_table_box_id_6 lag=   0.9ms active=18
[   3.548s] SEND #00024 table=page_001193_table_4 lag=   1.0ms active=19
[   3.586s] SEND #00025 table=page_001270_table_box_id_1 lag=   1.6ms active=20
[   3.670s] SEND #00026 table=page_000592_table_3 lag=   0.4ms active=21
[   3.674s] SEND #00027 table=page_000494_table_7 lag=   0.5ms active=22
[   3.713s] SEND #00028 table=page_000535_table_1 lag=   0.7ms active=23
[   3.802s] SEND #00029 table=page_001186_table_5 lag=   1.0ms active=24
[   3.908s] SEND #00030 table=page_001375_table_31 lag=   1.5ms active=25
[   3.947s] SEND #00031 table=page_000218_table_box_id_4 lag=   0.3ms active=26
[   3.988s] SEND #00032 table=page_001368_table_box_id_278 lag=   0.7ms active=27
[   4.026s] SEND #00033 table=page_001180_table_15 lag=   0.3ms active=28
[   4.121s] SEND #00034 table=page_000266_table_box_id_9 lag=   0.6ms active=29
[   4.174s] SEND #00035 table=page_000762_table_5 lag=   1.6ms active=30
[   4.177s] SEND #00036 table=page_000499_table_0 lag=   0.9ms active=31
[   4.457s] SEND #00037 table=page_000642_table_8 lag=   1.3ms active=32
[   4.582s] SEND #00038 table=page_000659_table_5 lag=   1.0ms active=33
[   4.740s] SEND #00039 table=page_001128_table_2 lag=   0.7ms active=34
[   4.772s] SEND #00040 table=page_001176_table_4 lag=   1.1ms active=35
[   5.018s] RECV #00016 table=page_000930_table_7 request= 2.946s scheduled= 2.947s status=ok active=34
[   5.344s] RECV #00038 table=page_000659_table_5 request= 0.762s scheduled= 0.764s status=ok active=33
[   5.525s] SEND #00041 table=page_001154_table_10 lag=   0.6ms active=34
[   5.596s] RECV #00030 table=page_001375_table_31 request= 1.688s scheduled= 1.690s status=ok active=33
[   5.609s] RECV #00013 table=page_000266_table_box_id_7 request= 3.826s scheduled= 3.826s status=ok active=32
[   5.828s] SEND #00042 table=page_000467_table_17 lag=   1.3ms active=33
[   5.848s] SEND #00043 table=page_000647_table_3 lag=   1.5ms active=34
[   5.865s] RECV #00032 table=page_001368_table_box_id_278 request= 1.877s scheduled= 1.877s status=ok active=33
[   5.909s] SEND #00044 table=page_001493_table_box_id_13 lag=   0.4ms active=34
[   6.024s] RECV #00035 table=page_000762_table_5 request= 1.850s scheduled= 1.852s status=ok active=33
[   6.106s] SEND #00045 table=page_000605_table_3 lag=   0.5ms active=34
[   6.297s] SEND #00046 table=page_001117_table_box_id_17 lag=   0.4ms active=35
[   6.473s] RECV #00029 table=page_001186_table_5 request= 2.671s scheduled= 2.672s status=ok active=34
[   6.495s] RECV #00023 table=page_000246_table_box_id_6 request= 3.020s scheduled= 3.021s status=ok active=33
[   6.587s] RECV #00043 table=page_000647_table_3 request= 0.739s scheduled= 0.741s status=ok active=32
[   6.599s] RECV #00045 table=page_000605_table_3 request= 0.493s scheduled= 0.493s status=ok active=31
[   6.721s] SEND #00047 table=page_000509_table_0 lag=   0.6ms active=32
[   6.805s] SEND #00048 table=page_000565_table_1 lag=   0.6ms active=33
[   7.079s] SEND #00049 table=page_000841_table_22 lag=   1.3ms active=34
[   7.249s] SEND #00050 table=page_000922_table_12 lag=   0.7ms active=35
[   7.304s] SEND #00051 table=page_001169_table_11 lag=   0.4ms active=36
[   7.441s] SEND #00052 table=page_000287_table_box_id_8 lag=   1.3ms active=37
[   7.767s] RECV #00046 table=page_001117_table_box_id_17 request= 1.470s scheduled= 1.470s status=ok active=36
[   7.770s] SEND #00053 table=page_000246_table_box_id_6 lag=   0.6ms active=37
[   8.000s] RECV #00034 table=page_000266_table_box_id_9 request= 3.880s scheduled= 3.880s status=ok active=36
[   8.058s] SEND #00054 table=page_000737_table_6 lag=   0.5ms active=37
[   8.120s] RECV #00049 table=page_000841_table_22 request= 1.041s scheduled= 1.042s status=ok active=36
[   8.166s] SEND #00055 table=page_000250_table_box-stnne6dt lag=   0.5ms active=37
[   8.303s] SEND #00056 table=page_000647_table_6 lag=   0.7ms active=38
[   8.309s] SEND #00057 table=page_000652_table_2 lag=   1.1ms active=39
[   8.351s] SEND #00058 table=page_001367_table_70 lag=   0.4ms active=40
[   8.597s] SEND #00059 table=page_001368_table_box_id_163 lag=   0.8ms active=41
[   8.679s] SEND #00060 table=page_000468_table_1 lag=   0.4ms active=42
[   8.709s] SEND #00061 table=page_000838_table_4 lag=   1.1ms active=43
[   8.831s] SEND #00062 table=page_000665_table_3 lag=   0.5ms active=44
[   9.018s] SEND #00063 table=page_001595_table_box_id_14 lag=   0.8ms active=45
[   9.190s] SEND #00064 table=page_000818_table_1 lag=   0.4ms active=46
[   9.263s] SEND #00065 table=page_000937_table_0 lag=   1.3ms active=47
[   9.353s] SEND #00066 table=page_000222_table_box_id_1 lag=   1.8ms active=48
[   9.461s] SEND #00067 table=page_000744_table_11 lag=   0.7ms active=49
[   9.693s] SEND #00068 table=page_000284_table_box_id_0 lag=   1.0ms active=50
[   9.803s] RECV #00033 table=page_001180_table_15 request= 5.777s scheduled= 5.778s status=ok active=49
[   9.803s] RECV #00062 table=page_000665_table_3 request= 0.973s scheduled= 0.973s status=ok active=48
[   9.806s] SEND #00069 table=page_000266_table_box_id_1 lag=   0.5ms active=49
[   9.883s] SEND #00070 table=page_001368_table_box_id_271 lag=   0.6ms active=50
[   9.988s] SEND #00071 table=page_000467_table_17 lag=   2.1ms active=51
[   9.991s] SEND #00072 table=page_000737_table_0 lag=   0.5ms active=52
[   9.998s] SEND #00073 table=page_000526_table_7 lag=   1.1ms active=53
[  10.185s] SEND #00074 table=page_001011_table_30 lag=   1.2ms active=54
[  10.576s] RECV #00015 table=page_001158_table_3 request= 8.701s scheduled= 8.702s status=ok active=53
[  10.593s] RECV #00059 table=page_001368_table_box_id_163 request= 1.996s scheduled= 1.996s status=ok active=52
[  10.735s] RECV #00056 table=page_000647_table_6 request= 2.432s scheduled= 2.433s status=ok active=51
[  10.814s] SEND #00075 table=page_000246_table_box_id_11 lag=   1.2ms active=52
[  10.818s] RECV #00053 table=page_000246_table_box_id_6 request= 3.048s scheduled= 3.048s status=ok active=51
[  10.818s] RECV #00061 table=page_000838_table_4 request= 2.109s scheduled= 2.110s status=ok active=50
[  10.952s] SEND #00076 table=page_000676_table_2 lag=   0.8ms active=51
[  11.029s] SEND #00077 table=page_001368_table_box_id_268 lag=   0.7ms active=52
[  11.058s] SEND #00078 table=page_000190_table_box_id_0 lag=   0.9ms active=53
[  11.165s] SEND #00079 table=page_001368_table_box_id_227 lag=   0.7ms active=54
[  11.675s] RECV #00024 table=page_001193_table_4 request= 8.127s scheduled= 8.128s status=ok active=53
[  11.744s] RECV #00077 table=page_001368_table_box_id_268 request= 0.716s scheduled= 0.716s status=ok active=52
[  11.759s] RECV #00051 table=page_001169_table_11 request= 4.455s scheduled= 4.455s status=ok active=51
[  11.774s] RECV #00064 table=page_000818_table_1 request= 2.583s scheduled= 2.584s status=ok active=50
[  11.784s] SEND #00080 table=page_001134_table_9 lag=   1.2ms active=51
[  11.791s] RECV #00067 table=page_000744_table_11 request= 2.330s scheduled= 2.331s status=ok active=50
[  11.896s] RECV #00027 table=page_000494_table_7 request= 8.221s scheduled= 8.222s status=ok active=49
[  11.896s] RECV #00018 table=page_000434_table_15 request= 9.337s scheduled= 9.338s status=ok active=48
[  12.010s] SEND #00081 table=page_000591_table_3 lag=   0.5ms active=49
[  12.041s] RECV #00060 table=page_000468_table_1 request= 3.362s scheduled= 3.363s status=ok active=48
[  12.130s] SEND #00082 table=page_000210_table_box_id_4 lag=   1.3ms active=49
[  12.432s] SEND #00083 table=page_000649_table_8 lag=   0.6ms active=50
[  12.473s] SEND #00084 table=page_000289_table_box_id_4 lag=   0.7ms active=51
[  12.584s] SEND #00085 table=page_001190_table_8 lag=   0.9ms active=52
[  12.632s] RECV #00054 table=page_000737_table_6 request= 4.574s scheduled= 4.574s status=ok active=51
[  12.984s] RECV #00017 table=page_001198_table_8 request=10.873s scheduled=10.874s status=ok active=50
[  13.053s] SEND #00086 table=page_000211_table_box_id_3 lag=   1.2ms active=51
[  13.108s] RECV #00070 table=page_001368_table_box_id_271 request= 3.225s scheduled= 3.225s status=ok active=50
[  13.185s] SEND #00087 table=page_001182_table_3 lag=   0.7ms active=51
[  13.250s] RECV #00044 table=page_001493_table_box_id_13 request= 7.341s scheduled= 7.341s status=ok active=50
[  13.268s] RECV #00036 table=page_000499_table_0 request= 9.091s scheduled= 9.092s status=ok active=49
[  13.279s] SEND #00088 table=page_000242_table_box-mhg591pb lag=   0.2ms active=50
[  13.328s] SEND #00089 table=page_001274_table_4 lag=   0.7ms active=51
[  13.450s] SEND #00090 table=page_001177_table_2 lag=   1.1ms active=52
[  13.915s] RECV #00073 table=page_000526_table_7 request= 3.917s scheduled= 3.918s status=ok active=51
[  13.929s] RECV #00028 table=page_000535_table_1 request=10.216s scheduled=10.217s status=ok active=50
[  13.935s] SEND #00091 table=page_001202_table_3 lag=   1.1ms active=51
[  13.935s] SEND #00092 table=page_001158_table_3 lag=   0.7ms active=52
[  14.011s] RECV #00078 table=page_000190_table_box_id_0 request= 2.953s scheduled= 2.954s status=ok active=51
[  14.170s] SEND #00093 table=page_000641_table_8 lag=   0.2ms active=52
[  14.435s] SEND #00094 table=page_000657_table_6 lag=   1.2ms active=53
[  14.621s] RECV #00069 table=page_000266_table_box_id_1 request= 4.815s scheduled= 4.815s status=ok active=52
[  14.687s] RECV #00019 table=page_000534_table_4 request=11.772s scheduled=11.773s status=ok active=51
[  14.713s] RECV #00075 table=page_000246_table_box_id_11 request= 3.900s scheduled= 3.901s status=ok active=50
[  14.740s] RECV #00094 table=page_000657_table_6 request= 0.304s scheduled= 0.306s status=ok active=49
[  14.769s] SEND #00095 table=page_000626_table_box_id_4 lag=   0.7ms active=50
[  14.835s] RECV #00012 table=page_000418_table_3 request=13.272s scheduled=13.273s status=ok active=49
[  14.835s] RECV #00065 table=page_000937_table_0 request= 5.572s scheduled= 5.573s status=ok active=48
[  14.977s] SEND #00096 table=page_000829_table_4 lag=   0.7ms active=49
[  15.205s] RECV #00050 table=page_000922_table_12 request= 7.957s scheduled= 7.957s status=ok active=48
[  15.233s] SEND #00097 table=page_000468_table_11 lag=   2.2ms active=49
[  15.248s] RECV #00041 table=page_001154_table_10 request= 9.723s scheduled= 9.724s status=ok active=48
[  15.344s] SEND #00098 table=page_000434_table_16 lag=   0.3ms active=49
[  15.471s] SEND #00099 table=page_001175_table_2 lag=   0.6ms active=50
[  15.556s] SEND #00100 table=page_001230_table_box_id_1 lag=   0.4ms active=51
[  15.565s] SEND #00101 table=page_000628_table_14 lag=   0.2ms active=52
[  15.880s] SEND #00102 table=page_000632_table_0 lag=   1.3ms active=53
[  16.004s] RECV #00048 table=page_000565_table_1 request= 9.198s scheduled= 9.199s status=ok active=52
[  16.009s] SEND #00103 table=page_001142_table_13 lag=   1.0ms active=53
[  16.017s] RECV #00082 table=page_000210_table_box_id_4 request= 3.888s scheduled= 3.889s status=ok active=52
[  16.033s] RECV #00010 table=page_000220_table_box_id_7 request=14.835s scheduled=14.836s status=ok active=51
[  16.043s] SEND #00104 table=page_001480_table_4 lag=   0.7ms active=52
[  16.152s] SEND #00105 table=page_000920_table_3 lag=   0.9ms active=53
[  16.254s] SEND #00106 table=page_001522_table_8 lag=   1.0ms active=54
[  16.321s] SEND #00107 table=page_000425_table_3 lag=   0.4ms active=55
[  16.387s] SEND #00108 table=page_000287_table_box_id_1 lag=   1.0ms active=56
[  16.507s] SEND #00109 table=page_000823_table_8 lag=   2.1ms active=57
[  16.656s] SEND #00110 table=page_001211_table_7 lag=   0.9ms active=58
[  16.802s] SEND #00111 table=page_001159_table_5 lag=   1.0ms active=59
[  16.896s] SEND #00112 table=page_000835_table_2 lag=   1.0ms active=60
[  16.900s] SEND #00113 table=page_001368_table_box_id_252 lag=   0.4ms active=61
[  16.941s] SEND #00114 table=page_001367_table_66 lag=   0.9ms active=62
[  16.970s] SEND #00115 table=page_001129_table_8 lag=   0.6ms active=63
[  17.106s] SEND #00116 table=page_000518_table_11 lag=   1.4ms active=64
[  17.332s] RECV #00066 table=page_000222_table_box_id_1 request= 7.979s scheduled= 7.981s status=ok active=63
[  17.410s] SEND #00117 table=page_001125_table_3 lag=   1.0ms active=64
[  17.656s] SEND #00118 table=page_001137_table_9 lag=   0.6ms active=65
[  17.787s] RECV #00008 table=page_000254_table_box_id_4 request=16.607s scheduled=16.609s status=ok active=64
[  17.803s] RECV #00058 table=page_001367_table_70 request= 9.452s scheduled= 9.452s status=ok active=63
[  17.901s] SEND #00119 table=page_000221_table_box_id_3 lag=   0.8ms active=64
[  18.017s] RECV #00083 table=page_000649_table_8 request= 5.585s scheduled= 5.585s status=ok active=63
[  18.031s] RECV #00057 table=page_000652_table_2 request= 9.722s scheduled= 9.723s status=ok active=62
[  18.162s] SEND #00120 table=page_000526_table_4 lag=   0.8ms active=63
[  18.207s] SEND #00121 table=page_000300_table_1 lag=   0.5ms active=64
[  18.251s] RECV #00109 table=page_000823_table_8 request= 1.744s scheduled= 1.746s status=ok active=63
[  18.491s] SEND #00122 table=page_001195_table_7 lag=   1.0ms active=64
[  18.565s] RECV #00093 table=page_000641_table_8 request= 4.395s scheduled= 4.395s status=ok active=63
[  18.662s] SEND #00123 table=page_000465_table_5 lag=   0.3ms active=64
[  18.677s] SEND #00124 table=page_001368_table_box_id_266 lag=   1.6ms active=65
[  18.679s] SEND #00125 table=page_000938_table_5 lag=   0.7ms active=66
[  18.681s] SEND #00126 table=page_000821_table_box_id_14 lag=   0.6ms active=67
[  18.898s] SEND #00127 table=page_000918_table_5 lag=   0.7ms active=68
[  18.942s] SEND #00128 table=page_000428_table_6 lag=   0.5ms active=69
[  18.960s] SEND #00129 table=page_001207_table_4 lag=   1.0ms active=70
[  19.041s] RECV #00112 table=page_000835_table_2 request= 2.144s scheduled= 2.145s status=ok active=69
[  19.111s] SEND #00130 table=page_001140_table_12 lag=   1.0ms active=70
[  19.176s] SEND #00131 table=page_000226_table_box_id_5 lag=   0.8ms active=71
[  19.186s] SEND #00132 table=page_001398_table_box-l1p3lf8a lag=   0.5ms active=72
[  19.187s] RECV #00031 table=page_000218_table_box_id_4 request=15.240s scheduled=15.240s status=ok active=71
[  19.213s] SEND #00133 table=page_000844_table_6 lag=   0.4ms active=72
[  19.329s] SEND #00134 table=page_000941_table_1 lag=   1.0ms active=73
[  19.357s] SEND #00135 table=page_001432_table_20 lag=   0.8ms active=74
[  19.398s] RECV #00072 table=page_000737_table_0 request= 9.407s scheduled= 9.408s status=ok active=73
[  19.406s] SEND #00136 table=page_001147_table_10 lag=   1.0ms active=74
[  19.542s] RECV #00096 table=page_000829_table_4 request= 4.565s scheduled= 4.566s status=ok active=73
[  19.598s] SEND #00137 table=page_000248_table_box_id_1 lag=   0.9ms active=74
[  19.690s] SEND #00138 table=page_000267_table_box_id_1 lag=   0.4ms active=75
[  19.706s] RECV #00097 table=page_000468_table_11 request= 4.473s scheduled= 4.475s status=ok active=74
[  19.751s] SEND #00139 table=page_000447_table_12 lag=   1.0ms active=75
[  19.850s] SEND #00140 table=page_001230_table_box_id_3 lag=   1.1ms active=76
[  19.852s] SEND #00141 table=page_001129_table_11 lag=   0.1ms active=77
[  19.928s] SEND #00142 table=page_001219_table_box_id_1 lag=   0.8ms active=78
[  19.949s] RECV #00124 table=page_001368_table_box_id_266 request= 1.272s scheduled= 1.274s status=ok active=77
[  19.949s] RECV #00081 table=page_000591_table_3 request= 7.940s scheduled= 7.940s status=ok active=76
[  20.012s] SEND #00143 table=page_001129_table_10 lag=   0.5ms active=77
[  20.044s] SEND #00144 table=page_001184_table_6 lag=   0.3ms active=78
[  20.061s] SEND #00145 table=page_001164_table_9 lag=   0.3ms active=79
[  20.172s] RECV #00104 table=page_001480_table_4 request= 4.129s scheduled= 4.130s status=ok active=78
[  20.364s] RECV #00021 table=page_000566_table_3 request=17.441s scheduled=17.441s status=ok active=77
[  20.416s] SEND #00146 table=page_000921_table_2 lag=   0.9ms active=78
[  20.525s] SEND #00147 table=page_000634_table_1 lag=   0.5ms active=79
[  20.562s] SEND #00148 table=page_000515_table_7 lag=   0.8ms active=80
[  20.563s] RECV #00121 table=page_000300_table_1 request= 2.356s scheduled= 2.357s status=ok active=79
[  20.564s] RECV #00105 table=page_000920_table_3 request= 4.412s scheduled= 4.413s status=ok active=78
[  20.705s] SEND #00149 table=page_000841_table_22 lag=   1.2ms active=79
[  20.846s] RECV #00098 table=page_000434_table_16 request= 5.502s scheduled= 5.502s status=ok active=78
[  20.966s] SEND #00150 table=page_000838_table_1 lag=   0.8ms active=79
[  20.969s] SEND #00151 table=page_001137_table_2 lag=   0.4ms active=80
[  20.972s] SEND #00152 table=page_000237_table_box_id_3 lag=   0.5ms active=81
[  20.996s] SEND #00153 table=page_001026_table_box_id_25 lag=   0.2ms active=82
[  21.190s] RECV #00063 table=page_001595_table_box_id_14 request=12.172s scheduled=12.173s status=ok active=81
[  21.191s] SEND #00154 table=page_000792_table_25 lag=   0.3ms active=82
[  21.219s] SEND #00155 table=page_000500_table_5 lag=   1.4ms active=83
[  21.379s] RECV #00126 table=page_000821_table_box_id_14 request= 2.698s scheduled= 2.698s status=ok active=82
[  21.406s] SEND #00156 table=page_000201_table_box-w2ehqidz lag=   0.4ms active=83
[  21.582s] SEND #00157 table=page_000291_table_box_id_0 lag=   1.9ms active=84
[  21.597s] RECV #00113 table=page_001368_table_box_id_252 request= 4.697s scheduled= 4.697s status=ok active=83
[  21.702s] SEND #00158 table=page_001137_table_11 lag=   1.1ms active=84
[  21.740s] SEND #00159 table=page_000716_table_0 lag=   0.6ms active=85
[  21.763s] RECV #00103 table=page_001142_table_13 request= 5.754s scheduled= 5.755s status=ok active=84
[  22.116s] RECV #00127 table=page_000918_table_5 request= 3.218s scheduled= 3.219s status=ok active=83
[  22.272s] RECV #00020 table=page_001161_table_3 request=19.353s scheduled=19.353s status=ok active=82
[  22.311s] SEND #00160 table=page_000242_table_box-mhg591pb lag=   0.3ms active=83
[  22.439s] RECV #00006 table=page_001202_table_3 request=21.662s scheduled=21.663s status=ok active=82
[  22.558s] SEND #00161 table=page_000945_table_4 lag=   1.8ms active=83
[  22.583s] RECV #00116 table=page_000518_table_11 request= 5.477s scheduled= 5.478s status=ok active=82
[  22.670s] SEND #00162 table=page_001035_table_28 lag=   1.2ms active=83
[  22.708s] SEND #00163 table=page_001219_table_box_id_4 lag=   0.3ms active=84
[  22.808s] RECV #00110 table=page_001211_table_7 request= 6.152s scheduled= 6.153s status=ok active=83
[  22.869s] SEND #00164 table=page_001149_table_0 lag=   0.8ms active=84
[  22.946s] SEND #00165 table=page_000266_table_box_id_9 lag=   0.7ms active=85
[  23.015s] RECV #00092 table=page_001158_table_3 request= 9.079s scheduled= 9.080s status=ok active=84
[  23.078s] SEND #00166 table=page_001367_table_50 lag=   1.0ms active=85
[  23.137s] SEND #00167 table=page_000532_table_5 lag=   0.3ms active=86
[  23.261s] RECV #00135 table=page_001432_table_20 request= 3.904s scheduled= 3.905s status=ok active=85
[  23.291s] SEND #00168 table=page_000252_table_box_id_1 lag=   1.1ms active=86
[  23.300s] SEND #00169 table=page_001367_table_50 lag=   0.9ms active=87
[  23.355s] SEND #00170 table=page_000010_table_box_id_1 lag=   1.2ms active=88
[  23.441s] RECV #00128 table=page_000428_table_6 request= 4.500s scheduled= 4.500s status=ok active=87
[  23.617s] RECV #00132 table=page_001398_table_box-l1p3lf8a request= 4.431s scheduled= 4.431s status=ok active=86
[  23.810s] RECV #00125 table=page_000938_table_5 request= 5.131s scheduled= 5.132s status=ok active=85
[  23.884s] SEND #00171 table=page_001124_table_17 lag=   1.1ms active=86
[  24.009s] RECV #00120 table=page_000526_table_4 request= 5.847s scheduled= 5.848s status=ok active=85
[  24.141s] RECV #00079 table=page_001368_table_box_id_227 request=12.977s scheduled=12.977s status=ok active=84
[  24.205s] SEND #00172 table=page_001367_table_68 lag=   1.0ms active=85
[  24.261s] SEND #00173 table=page_001125_table_4 lag=   0.6ms active=86
[  24.273s] RECV #00039 table=page_001128_table_2 request=19.534s scheduled=19.534s status=ok active=85
[  24.406s] RECV #00088 table=page_000242_table_box-mhg591pb request=11.127s scheduled=11.127s status=ok active=84
[  24.563s] SEND #00174 table=page_000284_table_box_id_0 lag=   1.7ms active=85
[  24.625s] SEND #00175 table=page_000211_table_box_id_3 lag=   7.1ms active=86
[  24.822s] RECV #00011 table=page_000505_table_1 request=23.347s scheduled=23.348s status=ok active=85
[  24.973s] RECV #00100 table=page_001230_table_box_id_1 request= 9.417s scheduled= 9.417s status=ok active=84
[  24.973s] RECV #00149 table=page_000841_table_22 request= 4.268s scheduled= 4.269s status=ok active=83
[  25.050s] SEND #00176 table=page_001137_table_4 lag=   0.6ms active=84
[  25.233s] RECV #00144 table=page_001184_table_6 request= 5.189s scheduled= 5.189s status=ok active=83
[  25.260s] SEND #00177 table=page_000715_table_2 lag=   1.5ms active=84
[  25.342s] SEND #00178 table=page_000921_table_8 lag=   0.7ms active=85
[  25.386s] SEND #00179 table=page_000236_table_box_id_5 lag=   0.3ms active=86
[  25.388s] SEND #00180 table=page_001131_table_15 lag=   0.2ms active=87
[  25.403s] RECV #00101 table=page_000628_table_14 request= 9.838s scheduled= 9.838s status=ok active=86
[  25.713s] SEND #00181 table=page_001197_table_4 lag=   0.7ms active=87
[  25.719s] SEND #00182 table=page_000420_table_0 lag=   1.0ms active=88
[  25.748s] RECV #00131 table=page_000226_table_box_id_5 request= 6.573s scheduled= 6.573s status=ok active=87
[  25.895s] RECV #00130 table=page_001140_table_12 request= 6.784s scheduled= 6.785s status=ok active=86
[  25.982s] SEND #00183 table=page_000900_table_4 lag=   0.2ms active=87
[  26.026s] RECV #00140 table=page_001230_table_box_id_3 request= 6.177s scheduled= 6.178s status=ok active=86
[  26.171s] RECV #00087 table=page_001182_table_3 request=12.986s scheduled=12.987s status=ok active=85
[  26.351s] RECV #00117 table=page_001125_table_3 request= 8.941s scheduled= 8.942s status=ok active=84
[  26.487s] SEND #00184 table=page_001272_table_1 lag=   1.5ms active=85
[  26.504s] RECV #00154 table=page_000792_table_25 request= 5.313s scheduled= 5.313s status=ok active=84
[  26.616s] SEND #00185 table=page_001215_table_5 lag=   0.5ms active=85
[  26.645s] SEND #00186 table=page_001404_table_7 lag=   0.7ms active=86
[  26.861s] RECV #00086 table=page_000211_table_box_id_3 request=13.808s scheduled=13.810s status=ok active=85
[  26.862s] RECV #00133 table=page_000844_table_6 request= 7.649s scheduled= 7.649s status=ok active=84
[  26.956s] SEND #00187 table=page_000254_table_box_id_4 lag=   1.0ms active=85
[  27.076s] RECV #00150 table=page_000838_table_1 request= 6.110s scheduled= 6.111s status=ok active=84
[  27.252s] RECV #00090 table=page_001177_table_2 request=13.801s scheduled=13.802s status=ok active=83
[  27.383s] RECV #00009 table=page_000178_table_box_id_1 request=26.188s scheduled=26.190s status=ok active=82
[  27.384s] RECV #00146 table=page_000921_table_2 request= 6.968s scheduled= 6.969s status=ok active=81
[  27.384s] RECV #00123 table=page_000465_table_5 request= 8.722s scheduled= 8.722s status=ok active=80
[  27.517s] SEND #00188 table=page_000495_table_9 lag=   1.1ms active=81
[  27.678s] RECV #00040 table=page_001176_table_4 request=22.906s scheduled=22.907s status=ok active=80
[  27.679s] RECV #00001 table=page_001375_table_1 request=27.656s scheduled=27.657s status=ok active=79
[  27.703s] SEND #00189 table=page_000214_table_box_id_6 lag=   0.5ms active=80
[  27.813s] SEND #00190 table=page_000743_table_4 lag=   1.2ms active=81
[  27.887s] SEND #00191 table=page_001186_table_10 lag=   2.1ms active=82
[  27.921s] RECV #00134 table=page_000941_table_1 request= 8.592s scheduled= 8.593s status=ok active=81
[  27.952s] SEND #00192 table=page_001368_table_box_id_252 lag=   0.9ms active=82
[  27.987s] SEND #00193 table=page_001152_table_0 lag=   0.4ms active=83
[  28.045s] RECV #00037 table=page_000642_table_8 request=23.588s scheduled=23.589s status=ok active=82
[  28.160s] SEND #00194 table=page_000766_table_2 lag=   0.9ms active=83
[  28.193s] RECV #00129 table=page_001207_table_4 request= 9.233s scheduled= 9.234s status=ok active=82
[  28.246s] SEND #00195 table=page_000715_table_14 lag=   0.2ms active=83
[  28.280s] SEND #00196 table=page_001636_table_1 lag=   0.8ms active=84
[  28.297s] SEND #00197 table=page_001082_table_23 lag=   1.1ms active=85
[  28.362s] RECV #00106 table=page_001522_table_8 request=12.108s scheduled=12.109s status=ok active=84
[  28.467s] SEND #00198 table=page_000658_table_32 lag=   1.7ms active=85
[  28.520s] SEND #00199 table=page_000266_table_box_id_3 lag=   1.5ms active=86
[  28.535s] RECV #00159 table=page_000716_table_0 request= 6.795s scheduled= 6.795s status=ok active=85
[  28.626s] SEND #00200 table=page_000626_table_box_id_1 lag=   0.4ms active=86
[  28.687s] SEND #00201 table=page_000528_table_7 lag=   0.8ms active=87
[  28.950s] RECV #00111 table=page_001159_table_5 request=12.148s scheduled=12.149s status=ok active=86
[  29.003s] SEND #00202 table=page_001168_table_0 lag=   1.4ms active=87
[  29.357s] SEND #00203 table=page_000465_table_8 lag=   1.1ms active=88
[  29.359s] SEND #00204 table=page_001493_table_box_id_19 lag=   0.3ms active=89
[  29.393s] SEND #00205 table=page_000814_table_0 lag=   0.4ms active=90
[  29.455s] SEND #00206 table=page_000286_table_box_id_1 lag=   1.3ms active=91
[  29.469s] RECV #00139 table=page_000447_table_12 request= 9.718s scheduled= 9.719s status=ok active=90
[  29.700s] RECV #00085 table=page_001190_table_8 request=17.117s scheduled=17.118s status=ok active=89
[  29.906s] RECV #00178 table=page_000921_table_8 request= 4.564s scheduled= 4.565s status=ok active=88
[  30.054s] RECV #00114 table=page_001367_table_66 request=13.113s scheduled=13.114s status=ok active=87
[  30.124s] SEND #00207 table=page_001368_table_box_id_271 lag=   1.0ms active=88
[  30.225s] RECV #00177 table=page_000715_table_2 request= 4.965s scheduled= 4.967s status=ok active=87
[  30.358s] SEND #00208 table=page_000915_table_2 lag=   0.4ms active=88
[  30.422s] SEND #00209 table=page_000206_table_box_id_1 lag=   0.7ms active=89
[  30.440s] RECV #00074 table=page_001011_table_30 request=20.254s scheduled=20.255s status=ok active=88
[  30.459s] SEND #00210 table=page_000246_table_box_id_14 lag=   1.1ms active=89
[  30.631s] SEND #00211 table=page_000235_table_box_id_16 lag=   0.6ms active=90
[  30.732s] RECV #00047 table=page_000509_table_0 request=24.011s scheduled=24.011s status=ok active=89
[  30.912s] SEND #00212 table=page_000307_table_2 lag=   1.2ms active=90
[  30.920s] RECV #00165 table=page_000266_table_box_id_9 request= 7.974s scheduled= 7.975s status=ok active=89
[  31.199s] RECV #00183 table=page_000900_table_4 request= 5.217s scheduled= 5.218s status=ok active=88
[  31.325s] SEND #00213 table=page_001121_table_7 lag=   0.9ms active=89
[  31.352s] RECV #00148 table=page_000515_table_7 request=10.790s scheduled=10.791s status=ok active=88
[  31.390s] SEND #00214 table=page_000824_table_0 lag=   1.0ms active=89
[  31.545s] RECV #00119 table=page_000221_table_box_id_3 request=13.644s scheduled=13.645s status=ok active=88
[  31.719s] SEND #00215 table=page_000647_table_4 lag=   0.4ms active=89
[  31.755s] RECV #00099 table=page_001175_table_2 request=16.284s scheduled=16.285s status=ok active=88
[  31.900s] SEND #00216 table=page_000922_table_12 lag=   2.3ms active=89
[  31.924s] RECV #00026 table=page_000592_table_3 request=28.254s scheduled=28.254s status=ok active=88
[  32.000s] SEND #00217 table=page_001595_table_box_id_9 lag=   1.1ms active=89
[  32.135s] RECV #00042 table=page_000467_table_17 request=26.307s scheduled=26.308s status=ok active=88
[  32.340s] RECV #00170 table=page_000010_table_box_id_1 request= 8.985s scheduled= 8.986s status=ok active=87
[  32.516s] RECV #00167 table=page_000532_table_5 request= 9.379s scheduled= 9.379s status=ok active=86
[  32.652s] SEND #00218 table=page_000652_table_0 lag=   1.2ms active=87
[  32.684s] RECV #00025 table=page_001270_table_box_id_1 request=29.098s scheduled=29.100s status=ok active=86
[  32.692s] SEND #00219 table=page_000918_table_6 lag=   0.3ms active=87
[  32.874s] RECV #00161 table=page_000945_table_4 request=10.315s scheduled=10.317s status=ok active=86
[  32.891s] SEND #00220 table=page_000702_table_5 lag=   0.5ms active=87
[  32.906s] SEND #00221 table=page_001368_table_box_id_242 lag=   1.8ms active=88
[  32.934s] SEND #00222 table=page_000760_table_1 lag=   1.0ms active=89
[  33.059s] RECV #00163 table=page_001219_table_box_id_4 request=10.352s scheduled=10.352s status=ok active=88
[  33.210s] RECV #00137 table=page_000248_table_box_id_1 request=13.612s scheduled=13.613s status=ok active=87
[  33.306s] SEND #00223 table=page_000785_table_7 lag=   0.4ms active=88
[  33.343s] SEND #00224 table=page_001189_table_box_id_3 lag=   1.4ms active=89
[  33.383s] RECV #00198 table=page_000658_table_32 request= 4.916s scheduled= 4.918s status=ok active=88
[  33.535s] RECV #00180 table=page_001131_table_15 request= 8.147s scheduled= 8.147s status=ok active=87
[  33.562s] SEND #00225 table=page_000626_table_box_id_4 lag=   1.2ms active=88
[  33.703s] SEND #00226 table=page_001232_table_box_id_1 lag=   1.3ms active=89
[  33.706s] RECV #00190 table=page_000743_table_4 request= 5.893s scheduled= 5.894s status=ok active=88
[  33.986s] SEND #00227 table=page_000932_table_3 lag=   0.5ms active=89
[  34.057s] SEND #00228 table=page_000250_table_box-stnne6dt lag=   1.0ms active=90
[  34.086s] RECV #00195 table=page_000715_table_14 request= 5.840s scheduled= 5.840s status=ok active=89
[  34.121s] SEND #00229 table=page_000253_table_box_id_7 lag=   0.9ms active=90
[  34.174s] SEND #00230 table=page_001367_table_70 lag=   1.8ms active=91
[  34.247s] RECV #00153 table=page_001026_table_box_id_25 request=13.251s scheduled=13.252s status=ok active=90
[  34.388s] RECV #00147 table=page_000634_table_1 request=13.863s scheduled=13.864s status=ok active=89
[  34.484s] SEND #00231 table=page_000285_table_box_id_1 lag=   0.5ms active=90
[  34.592s] RECV #00076 table=page_000676_table_2 request=23.641s scheduled=23.641s status=ok active=89
[  34.627s] SEND #00232 table=page_000665_table_7 lag=   1.0ms active=90
[  34.822s] RECV #00080 table=page_001134_table_9 request=23.038s scheduled=23.040s status=ok active=89
[  34.974s] RECV #00199 table=page_000266_table_box_id_3 request= 6.454s scheduled= 6.455s status=ok active=88
[  35.102s] SEND #00233 table=page_000266_table_box_id_5 lag=   1.0ms active=89
[  35.351s] RECV #00201 table=page_000528_table_7 request= 6.665s scheduled= 6.665s status=ok active=88
[  35.437s] SEND #00234 table=page_000256_table_box_id_3 lag=   0.5ms active=89
[  35.459s] SEND #00235 table=page_000509_table_0 lag=   0.3ms active=90
[  35.512s] RECV #00160 table=page_000242_table_box-mhg591pb request=13.201s scheduled=13.202s status=ok active=89
[  35.513s] RECV #00205 table=page_000814_table_0 request= 6.119s scheduled= 6.120s status=ok active=88
[  35.583s] SEND #00236 table=page_001432_table_20 lag=   1.3ms active=89
[  35.600s] SEND #00237 table=page_000519_table_8 lag=   0.6ms active=90
[  35.606s] SEND #00238 table=page_001175_table_2 lag=   0.4ms active=91
[  35.617s] SEND #00239 table=page_000647_table_2 lag=   0.3ms active=92
[  35.689s] RECV #00171 table=page_001124_table_17 request=11.805s scheduled=11.806s status=ok active=91
[  35.892s] RECV #00208 table=page_000915_table_2 request= 5.534s scheduled= 5.534s status=ok active=90
[  35.927s] SEND #00240 table=page_001181_table_6 lag=   1.1ms active=91
[  36.040s] RECV #00071 table=page_000467_table_17 request=26.052s scheduled=26.054s status=ok active=90
[  36.166s] SEND #00241 table=page_001147_table_8 lag=   0.6ms active=91
[  36.170s] RECV #00156 table=page_000201_table_box-w2ehqidz request=14.765s scheduled=14.765s status=ok active=90
[  36.291s] RECV #00182 table=page_000420_table_0 request=10.572s scheduled=10.573s status=ok active=89
[  36.430s] RECV #00192 table=page_001368_table_box_id_252 request= 8.478s scheduled= 8.479s status=ok active=88
[  36.437s] SEND #00242 table=page_001368_table_box_id_280 lag=   0.8ms active=89
[  36.501s] SEND #00243 table=page_001637_table_5 lag=   0.6ms active=90
[  36.592s] RECV #00091 table=page_001202_table_3 request=22.657s scheduled=22.658s status=ok active=89
[  36.648s] SEND #00244 table=page_001276_table_2 lag=   0.3ms active=90
[  36.782s] RECV #00215 table=page_000647_table_4 request= 5.063s scheduled= 5.063s status=ok active=89
[  36.882s] SEND #00245 table=page_001225_table_14 lag=   0.8ms active=90
[  36.939s] RECV #00022 table=page_001200_table_2 request=33.895s scheduled=33.897s status=ok active=89
[  36.955s] SEND #00246 table=page_001231_table_5 lag=   0.5ms active=90
[  37.085s] SEND #00247 table=page_000496_table_3 lag=   0.6ms active=91
[  37.100s] RECV #00107 table=page_000425_table_3 request=20.779s scheduled=20.780s status=ok active=90
[  37.124s] SEND #00248 table=page_000210_table_box_id_4 lag=   0.3ms active=91
[  37.137s] SEND #00249 table=page_000918_table_5 lag=   0.2ms active=92
[  37.186s] SEND #00250 table=page_000253_table_box_id_2 lag=   1.1ms active=93
[  37.268s] RECV #00204 table=page_001493_table_box_id_19 request= 7.909s scheduled= 7.909s status=ok active=92
[  37.420s] RECV #00179 table=page_000236_table_box_id_5 request=12.034s scheduled=12.034s status=ok active=91
[  37.526s] SEND #00251 table=page_000286_table_box_id_1 lag=   0.6ms active=92
[  37.562s] RECV #00108 table=page_000287_table_box_id_1 request=21.175s scheduled=21.176s status=ok active=91
[  37.654s] SEND #00252 table=page_001403_table_9 lag=   1.1ms active=92
[  37.707s] RECV #00186 table=page_001404_table_7 request=11.062s scheduled=11.063s status=ok active=91
[  37.901s] RECV #00191 table=page_001186_table_10 request=10.014s scheduled=10.016s status=ok active=90
[  38.053s] SEND #00253 table=page_000640_table_8 lag=   1.3ms active=91
[  38.060s] RECV #00164 table=page_001149_table_0 request=15.192s scheduled=15.192s status=ok active=90
[  38.147s] SEND #00254 table=page_000545_table_14 lag=   1.0ms active=91
[  38.197s] SEND #00255 table=page_000243_table_box-xkm41jlm lag=   0.8ms active=92
[  38.284s] RECV #00158 table=page_001137_table_11 request=16.581s scheduled=16.583s status=ok active=91
[  38.434s] SEND #00256 table=page_000223_table_box_id_4 lag=   0.3ms active=92
[  38.474s] RECV #00217 table=page_001595_table_box_id_9 request= 6.474s scheduled= 6.475s status=ok active=91
[  38.625s] RECV #00143 table=page_001129_table_10 request=18.613s scheduled=18.613s status=ok active=90
[  38.705s] SEND #00257 table=page_000240_table_box_id_9 lag=   1.0ms active=91
[  38.707s] SEND #00258 table=page_000206_table_box_id_1 lag=   0.8ms active=92
[  38.835s] RECV #00055 table=page_000250_table_box-stnne6dt request=30.669s scheduled=30.669s status=ok active=91
[  38.878s] SEND #00259 table=page_000649_table_8 lag=   0.6ms active=92
[  38.892s] SEND #00260 table=page_000946_table_14 lag=   0.5ms active=93
[  38.912s] SEND #00261 table=page_000268_table_box_id_6 lag=   1.6ms active=94
[  39.044s] RECV #00162 table=page_001035_table_28 request=16.375s scheduled=16.376s status=ok active=93
[  39.161s] RECV #00141 table=page_001129_table_11 request=19.308s scheduled=19.309s status=ok active=92
[  39.244s] SEND #00262 table=page_000763_table_2 lag=   0.9ms active=93
[  39.250s] SEND #00263 table=page_001368_table_box_id_227 lag=   0.4ms active=94
[  39.288s] RECV #00207 table=page_001368_table_box_id_271 request= 9.164s scheduled= 9.165s status=ok active=93
[  39.293s] SEND #00264 table=page_000715_table_2 lag=   1.0ms active=94
[  39.417s] RECV #00219 table=page_000918_table_6 request= 6.725s scheduled= 6.726s status=ok active=93
[  39.652s] RECV #00232 table=page_000665_table_7 request= 5.025s scheduled= 5.026s status=ok active=92
[  39.921s] RECV #00220 table=page_000702_table_5 request= 7.029s scheduled= 7.030s status=ok active=91
[  39.975s] SEND #00265 table=page_001199_table_15 lag=   0.5ms active=92
[  40.059s] SEND #00266 table=page_001172_table_16 lag=   0.7ms active=93
[  40.079s] SEND #00267 table=page_001166_table_9 lag=   1.9ms active=94
[  40.107s] SEND #00268 table=page_001178_table_0 lag=   1.6ms active=95
[  40.148s] RECV #00210 table=page_000246_table_box_id_14 request= 9.689s scheduled= 9.690s status=ok active=94
[  40.148s] SEND #00269 table=page_001403_table_9 lag=   0.3ms active=95
[  40.358s] SEND #00270 table=page_000542_table_0 lag=   0.6ms active=96
[  40.375s] SEND #00271 table=page_000447_table_12 lag=   0.8ms active=97
[  40.390s] RECV #00218 table=page_000652_table_0 request= 7.738s scheduled= 7.739s status=ok active=96
[  40.538s] RECV #00222 table=page_000760_table_1 request= 7.604s scheduled= 7.605s status=ok active=95
[  40.731s] RECV #00175 table=page_000211_table_box_id_3 request=16.106s scheduled=16.113s status=ok active=94
[  40.747s] SEND #00272 table=page_001432_table_3 lag=   0.6ms active=95
[  40.821s] SEND #00273 table=page_001011_table_30 lag=   1.7ms active=96
[  40.896s] RECV #00223 table=page_000785_table_7 request= 7.591s scheduled= 7.591s status=ok active=95
[  41.040s] RECV #00239 table=page_000647_table_2 request= 5.423s scheduled= 5.423s status=ok active=94
[  41.277s] RECV #00196 table=page_001636_table_1 request=12.997s scheduled=12.998s status=ok active=93
[  41.361s] SEND #00274 table=page_000933_table_10 lag=   0.8ms active=94
[  41.439s] RECV #00242 table=page_001368_table_box_id_280 request= 5.001s scheduled= 5.002s status=ok active=93
[  41.572s] RECV #00173 table=page_001125_table_4 request=17.311s scheduled=17.312s status=ok active=92
[  41.730s] SEND #00275 table=page_000519_table_1 lag=   1.1ms active=93
[  41.785s] SEND #00276 table=page_001197_table_3 lag=   1.7ms active=94
[  41.793s] RECV #00197 table=page_001082_table_23 request=13.495s scheduled=13.496s status=ok active=93
[  41.828s] SEND #00277 table=page_000832_table_4 lag=   0.3ms active=94
[  41.919s] RECV #00166 table=page_001367_table_50 request=18.841s scheduled=18.842s status=ok active=93
[  41.928s] SEND #00278 table=page_000683_table_5 lag=   0.4ms active=94
[  41.945s] SEND #00279 table=page_000927_table_2 lag=   1.1ms active=95
[  42.107s] SEND #00280 table=page_001156_table_6 lag=   1.3ms active=96
[  42.113s] SEND #00281 table=page_000660_table_4 lag=   0.3ms active=97
[  42.114s] SEND #00282 table=page_000205_table_box_id_13 lag=   0.4ms active=98
[  42.124s] RECV #00168 table=page_000252_table_box_id_1 request=18.833s scheduled=18.834s status=ok active=97
[  42.125s] RECV #00172 table=page_001367_table_68 request=17.920s scheduled=17.921s status=ok active=96
[  42.398s] RECV #00169 table=page_001367_table_50 request=19.097s scheduled=19.098s status=ok active=95
[  42.642s] RECV #00213 table=page_001121_table_7 request=11.317s scheduled=11.318s status=ok active=94
[  42.738s] SEND #00283 table=page_000503_table_1 lag=   0.7ms active=95
[  42.769s] RECV #00221 table=page_001368_table_box_id_242 request= 9.862s scheduled= 9.864s status=ok active=94
[  42.769s] RECV #00243 table=page_001637_table_5 request= 6.268s scheduled= 6.268s status=ok active=93
[  42.791s] SEND #00284 table=page_000532_table_5 lag=   0.2ms active=94
[  42.931s] SEND #00285 table=page_000276_table_box_id_5 lag=   0.7ms active=95
[  43.023s] SEND #00286 table=page_000683_table_8 lag=   0.3ms active=96
[  43.081s] SEND #00287 table=page_000665_table_7 lag=   0.6ms active=97
[  43.092s] SEND #00288 table=page_001356_table_3 lag=   1.4ms active=98
[  43.142s] RECV #00236 table=page_001432_table_20 request= 7.559s scheduled= 7.560s status=ok active=97
[  43.431s] RECV #00176 table=page_001137_table_4 request=18.382s scheduled=18.382s status=ok active=96
[  43.469s] SEND #00289 table=page_001368_table_box_id_161 lag=   2.0ms active=97
[  43.736s] RECV #00227 table=page_000932_table_3 request= 9.751s scheduled= 9.751s status=ok active=96
[  43.852s] RECV #00211 table=page_000235_table_box_id_16 request=13.220s scheduled=13.221s status=ok active=95
[  43.997s] RECV #00203 table=page_000465_table_8 request=14.641s scheduled=14.642s status=ok active=94
[  44.006s] SEND #00290 table=page_000451_table_7 lag=   0.4ms active=95
[  44.255s] RECV #00229 table=page_000253_table_box_id_7 request=10.134s scheduled=10.135s status=ok active=94
[  44.545s] SEND #00291 table=page_000205_table_box_id_11 lag=   0.9ms active=95
[  44.563s] SEND #00292 table=page_001357_table_3 lag=   0.7ms active=96
[  44.564s] RECV #00115 table=page_001129_table_8 request=27.594s scheduled=27.594s status=ok active=95
[  44.600s] SEND #00293 table=page_000696_table_0 lag=   0.6ms active=96
[  44.711s] RECV #00233 table=page_000266_table_box_id_5 request= 9.609s scheduled= 9.610s status=ok active=95
[  44.748s] SEND #00294 table=page_000222_table_box_id_3 lag=   1.1ms active=96
[  44.892s] RECV #00256 table=page_000223_table_box_id_4 request= 6.458s scheduled= 6.458s status=ok active=95
[  45.119s] RECV #00249 table=page_000918_table_5 request= 7.982s scheduled= 7.982s status=ok active=94
[  45.297s] RECV #00216 table=page_000922_table_12 request=13.398s scheduled=13.400s status=ok active=93
[  45.351s] SEND #00295 table=page_000266_table_box_id_11 lag=   2.2ms active=94
[  45.471s] SEND #00296 table=page_000259_table_box_id_1 lag=   1.8ms active=95
[  45.649s] SEND #00297 table=page_001184_table_10 lag=   0.8ms active=96
[  45.658s] RECV #00151 table=page_001137_table_2 request=24.689s scheduled=24.689s status=ok active=95
[  45.816s] SEND #00298 table=page_000742_table_5 lag=   0.4ms active=96
[  45.862s] SEND #00299 table=page_001166_table_5 lag=   0.7ms active=97
[  45.926s] RECV #00014 table=page_001375_table_4 request=44.142s scheduled=44.142s status=ok active=96
[  45.982s] SEND #00300 table=page_000270_table_box_id_0 lag=   0.3ms active=97
[  46.039s] SEND #00301 table=page_000295_table_box_id_1 lag=   1.0ms active=98
[  46.065s] RECV #00262 table=page_000763_table_2 request= 6.820s scheduled= 6.821s status=ok active=97
[  46.082s] SEND #00302 table=page_000934_table_1 lag=   0.5ms active=98
[  46.095s] SEND #00303 table=page_000200_table_box_id_2 lag=   0.3ms active=99
[  46.145s] SEND #00304 table=page_001121_table_10 lag=   0.3ms active=100
[  46.294s] RECV #00248 table=page_000210_table_box_id_4 request= 9.170s scheduled= 9.170s status=ok active=99
[  46.444s] RECV #00202 table=page_001168_table_0 request=17.441s scheduled=17.442s status=ok active=98
[  46.776s] SEND #00305 table=page_000268_table_box_id_4 lag=   0.8ms active=99
[  46.850s] RECV #00224 table=page_001189_table_box_id_3 request=13.507s scheduled=13.508s status=ok active=98
[  46.851s] RECV #00209 table=page_000206_table_box_id_1 request=16.429s scheduled=16.430s status=ok active=97
[  46.868s] SEND #00306 table=page_000212_table_box_id_1 lag=   0.8ms active=98
[  47.030s] SEND #00307 table=page_000292_table_box_id_1 lag=   1.1ms active=99
[  47.098s] RECV #00254 table=page_000545_table_14 request= 8.951s scheduled= 8.952s status=ok active=98
[  47.188s] SEND #00308 table=page_000010_table_box_id_1 lag=   0.3ms active=99
[  47.246s] RECV #00234 table=page_000256_table_box_id_3 request=11.809s scheduled=11.809s status=ok active=98
[  47.486s] RECV #00252 table=page_001403_table_9 request= 9.832s scheduled= 9.833s status=ok active=97
[  47.486s] RECV #00245 table=page_001225_table_14 request=10.604s scheduled=10.605s status=ok active=96
[  47.487s] RECV #00230 table=page_001367_table_70 request=13.312s scheduled=13.314s status=ok active=95
[  47.623s] SEND #00309 table=page_001494_table_9 lag=   0.6ms active=96
[  47.699s] SEND #00310 table=page_000505_table_1 lag=   0.5ms active=97
[  47.755s] SEND #00311 table=page_001637_table_4 lag=   0.3ms active=98
[  47.762s] RECV #00214 table=page_000824_table_0 request=16.371s scheduled=16.372s status=ok active=97
[  47.816s] SEND #00312 table=page_000288_table_box_id_1 lag=   0.2ms active=98
[  47.875s] SEND #00313 table=page_001170_table_7 lag=   0.7ms active=99
[  47.981s] RECV #00264 table=page_000715_table_2 request= 8.688s scheduled= 8.689s status=ok active=98
[  47.981s] RECV #00260 table=page_000946_table_14 request= 9.089s scheduled= 9.089s status=ok active=97
[  48.165s] SEND #00314 table=page_001223_table_9 lag=   1.2ms active=98
[  48.215s] RECV #00187 table=page_000254_table_box_id_4 request=21.259s scheduled=21.260s status=ok active=97
[  48.403s] RECV #00226 table=page_001232_table_box_id_1 request=14.700s scheduled=14.701s status=ok active=96
[  48.509s] SEND #00315 table=page_001223_table_9 lag=   0.6ms active=97
[  48.564s] SEND #00316 table=page_000106_table_box_id_4 lag=   0.2ms active=98
[  48.627s] SEND #00317 table=page_000754_table_7 lag=   0.7ms active=99
[  48.749s] SEND #00318 table=page_001368_table_box_id_268 lag=   2.1ms active=100
[  48.764s] RECV #00255 table=page_000243_table_box-xkm41jlm request=10.568s scheduled=10.568s status=ok active=99
[  48.881s] SEND #00319 table=page_000239_table_box_id_7 lag=   0.7ms active=100
[  48.987s] RECV #00259 table=page_000649_table_8 request=10.109s scheduled=10.109s status=ok active=99
[  48.987s] RECV #00237 table=page_000519_table_8 request=13.387s scheduled=13.388s status=ok active=98
[  49.021s] SEND #00320 table=page_001141_table_13 lag=   0.9ms active=99
[  49.063s] SEND #00321 table=page_000984_table_2 lag=   0.4ms active=100
[  49.067s] SEND #00322 table=page_001227_table_10 lag=   0.9ms active=101
[  49.110s] SEND #00323 table=page_001342_table_2 lag=   1.0ms active=102
[  49.122s] SEND #00324 table=page_000147_table_box_id_3 lag=   1.0ms active=103
[  49.241s] RECV #00278 table=page_000683_table_5 request= 7.313s scheduled= 7.313s status=ok active=102
[  49.245s] SEND #00325 table=page_000832_table_4 lag=   1.1ms active=103
[  49.256s] SEND #00326 table=page_000710_table_9 lag=   0.6ms active=104
[  49.268s] SEND #00327 table=page_000937_table_0 lag=   0.3ms active=105
[  49.424s] SEND #00328 table=page_000566_table_3 lag=   1.3ms active=106
[  49.476s] SEND #00329 table=page_001242_table_4 lag=   0.7ms active=107
[  49.629s] RECV #00281 table=page_000660_table_4 request= 7.517s scheduled= 7.517s status=ok active=106
[  49.630s] RECV #00277 table=page_000832_table_4 request= 7.802s scheduled= 7.802s status=ok active=105
[  49.718s] SEND #00330 table=page_001408_table_16 lag=   1.0ms active=106
[  49.823s] SEND #00331 table=page_000789_table_34 lag=   1.4ms active=107
[  49.957s] RECV #00272 table=page_001432_table_3 request= 9.210s scheduled= 9.211s status=ok active=106
[  50.104s] RECV #00152 table=page_000237_table_box_id_3 request=29.132s scheduled=29.132s status=ok active=105
[  50.128s] SEND #00332 table=page_000147_table_box_id_3 lag=   0.7ms active=106
[  50.154s] SEND #00333 table=page_001174_table_box_id_2 lag=   0.7ms active=107
[  50.261s] SEND #00334 table=page_000633_table_5 lag=   0.7ms active=108
[  50.339s] RECV #00287 table=page_000665_table_7 request= 7.258s scheduled= 7.259s status=ok active=107
[  50.505s] SEND #00335 table=page_001368_table_box_id_273 lag=   1.0ms active=108
[  50.516s] SEND #00336 table=page_000207_table_box_id_1 lag=   0.4ms active=109
[  50.528s] RECV #00274 table=page_000933_table_10 request= 9.167s scheduled= 9.167s status=ok active=108
[  50.865s] RECV #00286 table=page_000683_table_8 request= 7.842s scheduled= 7.842s status=ok active=107
[  50.975s] SEND #00337 table=page_001117_table_box_id_7 lag=   0.4ms active=108
[  51.005s] SEND #00338 table=page_001147_table_5 lag=   0.9ms active=109
[  51.198s] RECV #00269 table=page_001403_table_9 request=11.050s scheduled=11.050s status=ok active=108
[  51.235s] SEND #00339 table=page_001398_table_box-bfny2f1z lag=   1.3ms active=109
[  51.370s] RECV #00122 table=page_001195_table_7 request=32.879s scheduled=32.880s status=ok active=108
[  51.542s] RECV #00261 table=page_000268_table_box_id_6 request=12.630s scheduled=12.631s status=ok active=107
[  51.769s] RECV #00267 table=page_001166_table_9 request=11.690s scheduled=11.692s status=ok active=106
[  51.880s] SEND #00340 table=page_000292_table_box_id_2 lag=   0.7ms active=107
[  51.945s] RECV #00188 table=page_000495_table_9 request=24.429s scheduled=24.430s status=ok active=106
[  52.145s] SEND #00341 table=page_001144_table_11 lag=   0.7ms active=107
[  52.204s] SEND #00342 table=page_000661_table_4 lag=   0.7ms active=108
[  52.222s] SEND #00343 table=page_000984_table_2 lag=   1.2ms active=109
[  52.278s] RECV #00279 table=page_000927_table_2 request=10.333s scheduled=10.334s status=ok active=108
[  52.333s] SEND #00344 table=page_001155_table_4 lag=   1.1ms active=109
[  52.537s] RECV #00292 table=page_001357_table_3 request= 7.974s scheduled= 7.975s status=ok active=108
[  52.720s] SEND #00345 table=page_001368_table_box_id_239 lag=   0.9ms active=109
[  52.774s] SEND #00346 table=page_001367_table_60 lag=   1.4ms active=110
[  52.801s] RECV #00257 table=page_000240_table_box_id_9 request=14.096s scheduled=14.097s status=ok active=109
[  53.058s] RECV #00189 table=page_000214_table_box_id_6 request=25.355s scheduled=25.355s status=ok active=108
[  53.119s] SEND #00347 table=page_000758_table_21 lag=   0.9ms active=109
[  53.142s] SEND #00348 table=page_000253_table_box_id_7 lag=   0.3ms active=110
[  53.376s] RECV #00297 table=page_001184_table_10 request= 7.726s scheduled= 7.727s status=ok active=109
[  53.513s] SEND #00349 table=page_000866_table_10 lag=   0.6ms active=110
[  53.518s] SEND #00350 table=page_000534_table_3 lag=   0.5ms active=111
[  53.577s] RECV #00136 table=page_001147_table_10 request=34.170s scheduled=34.171s status=ok active=110
[  53.577s] RECV #00266 table=page_001172_table_16 request=13.518s scheduled=13.519s status=ok active=109
[  53.578s] SEND #00351 table=page_000446_table_3 lag=   1.6ms active=110
[  53.835s] RECV #00250 table=page_000253_table_box_id_2 request=16.649s scheduled=16.651s status=ok active=109
[  53.936s] SEND #00352 table=page_000673_table_1 lag=   0.8ms active=110
[  54.084s] RECV #00118 table=page_001137_table_9 request=36.428s scheduled=36.429s status=ok active=109
[  54.187s] SEND #00353 table=page_001200_table_2 lag=   1.0ms active=110
[  54.318s] RECV #00258 table=page_000206_table_box_id_1 request=15.611s scheduled=15.612s status=ok active=109
[  54.319s] RECV #00265 table=page_001199_table_15 request=14.343s scheduled=14.344s status=ok active=108
[  54.552s] SEND #00354 table=page_000230_table_box_id_7 lag=   0.7ms active=109
[  54.585s] RECV #00288 table=page_001356_table_3 request=11.494s scheduled=11.495s status=ok active=108
[  54.739s] RECV #00155 table=page_000500_table_5 request=33.520s scheduled=33.521s status=ok active=107
[  54.835s] SEND #00355 table=page_001183_table_11 lag=   0.8ms active=108
[  54.966s] RECV #00284 table=page_000532_table_5 request=12.175s scheduled=12.175s status=ok active=107
[  55.046s] SEND #00356 table=page_000248_table_box_id_1 lag=   0.8ms active=108
[  55.125s] RECV #00295 table=page_000266_table_box_id_11 request= 9.774s scheduled= 9.776s status=ok active=107
[  55.225s] SEND #00357 table=page_000531_table_5 lag=   0.3ms active=108
[  55.255s] SEND #00358 table=page_001131_table_15 lag=   0.3ms active=109
[  55.345s] SEND #00359 table=page_000824_table_0 lag=   2.2ms active=110
[  55.370s] SEND #00360 table=page_000225_table_box_id_9 lag=   0.9ms active=111
[  55.470s] RECV #00302 table=page_000934_table_1 request= 9.388s scheduled= 9.389s status=ok active=110
[  55.563s] SEND #00361 table=page_000241_table_box_id_2 lag=   1.1ms active=111
[  55.621s] RECV #00271 table=page_000447_table_12 request=15.245s scheduled=15.246s status=ok active=110
[  55.621s] RECV #00181 table=page_001197_table_4 request=29.908s scheduled=29.909s status=ok active=109
[  55.732s] SEND #00362 table=page_001132_table_box_id_10 lag=   0.5ms active=110
[  55.777s] SEND #00363 table=page_001368_table_box_id_255 lag=   0.7ms active=111
[  55.788s] SEND #00364 table=page_000011_table_box_id_1 lag=   1.2ms active=112
[  56.080s] RECV #00311 table=page_001637_table_4 request= 8.325s scheduled= 8.325s status=ok active=111
[  56.296s] SEND #00365 table=page_001148_table_3 lag=   1.0ms active=112
[  56.297s] RECV #00293 table=page_000696_table_0 request=11.697s scheduled=11.697s status=ok active=111
[  56.547s] RECV #00299 table=page_001166_table_5 request=10.685s scheduled=10.685s status=ok active=110
[  56.550s] SEND #00366 table=page_001499_table_12 lag=   1.0ms active=111
[  56.672s] SEND #00367 table=page_000499_table_0 lag=   0.5ms active=112
[  56.728s] RECV #00318 table=page_001368_table_box_id_268 request= 7.979s scheduled= 7.981s status=ok active=111
[  56.792s] SEND #00368 table=page_001130_table_13 lag=   0.5ms active=112
[  56.855s] RECV #00238 table=page_001175_table_2 request=21.249s scheduled=21.250s status=ok active=111
[  57.048s] RECV #00309 table=page_001494_table_9 request= 9.425s scheduled= 9.426s status=ok active=110
[  57.086s] SEND #00369 table=page_001139_table_5 lag=   0.8ms active=111
[  57.178s] SEND #00370 table=page_000263_table_box_id_7 lag=   0.2ms active=112
[  57.256s] SEND #00371 table=page_000278_table_box_id_1 lag=   0.9ms active=113
[  57.293s] RECV #00253 table=page_000640_table_8 request=19.239s scheduled=19.241s status=ok active=112
[  57.320s] SEND #00372 table=page_000516_table_0 lag=   1.1ms active=113
[  57.366s] SEND #00373 table=page_001191_table_2 lag=   1.1ms active=114
[  57.370s] SEND #00374 table=page_000243_table_box-xkm41jlm lag=   1.1ms active=115
[  57.530s] SEND #00375 table=page_000298_table_5 lag=   1.0ms active=116
[  57.568s] RECV #00316 table=page_000106_table_box_id_4 request= 9.004s scheduled= 9.004s status=ok active=115
[  57.613s] SEND #00376 table=page_000280_table_box_id_1 lag=   0.9ms active=116
[  57.743s] SEND #00377 table=page_001637_table_5 lag=   1.1ms active=117
[  57.752s] SEND #00378 table=page_001368_table_box_id_220 lag=   0.2ms active=118
[  57.816s] RECV #00263 table=page_001368_table_box_id_227 request=18.565s scheduled=18.566s status=ok active=117
[  57.820s] SEND #00379 table=page_001368_table_box_id_237 lag=   1.0ms active=118
[  57.843s] SEND #00380 table=page_001167_table_8 lag=   1.0ms active=119
[  57.863s] SEND #00381 table=page_000234_table_box_id_5 lag=   0.4ms active=120
[  57.909s] SEND #00382 table=page_000932_table_3 lag=   0.5ms active=121
[  57.957s] RECV #00321 table=page_000984_table_2 request= 8.893s scheduled= 8.894s status=ok active=120
[  58.181s] SEND #00383 table=page_000244_table_box_id_8 lag=   1.2ms active=121
[  58.212s] RECV #00324 table=page_000147_table_box_id_3 request= 9.090s scheduled= 9.091s status=ok active=120
[  58.259s] SEND #00384 table=page_000226_table_box_id_0 lag=   0.6ms active=121
[  58.338s] SEND #00385 table=page_001503_table_5 lag=   0.8ms active=122
[  58.477s] RECV #00298 table=page_000742_table_5 request=12.662s scheduled=12.662s status=ok active=121
[  58.484s] SEND #00386 table=page_001368_table_box_id_273 lag=   1.1ms active=122
[  58.525s] SEND #00387 table=page_000514_table_6 lag=   1.0ms active=123
[  58.526s] SEND #00388 table=page_001193_table_4 lag=   0.5ms active=124
[  58.641s] SEND #00389 table=page_000268_table_box_id_4 lag=   0.5ms active=125
[  58.748s] SEND #00390 table=page_000911_table_box_id_5 lag=   0.5ms active=126
[  58.762s] RECV #00317 table=page_000754_table_7 request=10.135s scheduled=10.135s status=ok active=125
[  58.909s] SEND #00391 table=page_000603_table_7 lag=   0.5ms active=126
[  58.998s] SEND #00392 table=page_001189_table_box_id_2 lag=   1.0ms active=127
[  59.039s] RECV #00291 table=page_000205_table_box_id_11 request=14.495s scheduled=14.496s status=ok active=126
[  59.040s] RECV #00282 table=page_000205_table_box_id_13 request=16.925s scheduled=16.926s status=ok active=125
[  59.176s] SEND #00393 table=page_000324_table_0 lag=   0.5ms active=126
[  59.379s] SEND #00394 table=page_000290_table_box_id_1 lag=   1.3ms active=127
[  59.421s] SEND #00395 table=page_000844_table_6 lag=   0.7ms active=128
[  59.483s] RECV #00289 table=page_001368_table_box_id_161 request=16.015s scheduled=16.017s status=ok active=127
[  59.526s] SEND #00396 table=page_000944_table_0 lag=   0.7ms active=128
[  59.587s] RECV #00275 table=page_000519_table_1 request=17.856s scheduled=17.858s status=ok active=127
[  59.627s] SEND #00397 table=page_001378_table_box_id_1 lag=   1.1ms active=128
[  59.666s] SEND #00398 table=page_000792_table_4 lag=   0.9ms active=129
[  59.748s] SEND #00399 table=page_001187_table_0 lag=   1.1ms active=130
[  59.821s] RECV #00330 table=page_001408_table_16 request=10.103s scheduled=10.104s status=ok active=129
[  59.874s] SEND #00400 table=page_000210_table_box_id_0 lag=   1.4ms active=130
[  59.971s] RECV #00194 table=page_000766_table_2 request=31.811s scheduled=31.812s status=ok active=129
[  60.128s] RECV #00270 table=page_000542_table_0 request=19.769s scheduled=19.770s status=ok active=128
[  60.240s] SEND #00401 table=page_000274_table_box_id_0 lag=   1.4ms active=129
[  60.317s] RECV #00308 table=page_000010_table_box_id_1 request=13.129s scheduled=13.129s status=ok active=128
[  60.469s] RECV #00102 table=page_000632_table_0 request=44.589s scheduled=44.591s status=ok active=127
[  60.623s] SEND #00402 table=page_000221_table_box_id_3 lag=   0.9ms active=128
[  60.672s] SEND #00403 table=page_001121_table_7 lag=   0.3ms active=129
[  60.674s] RECV #00325 table=page_000832_table_4 request=11.429s scheduled=11.430s status=ok active=128
[  60.833s] SEND #00404 table=page_000231_table_box_id_2 lag=   1.2ms active=129
[  60.840s] SEND #00405 table=page_000585_table_1 lag=   0.8ms active=130
[  60.851s] SEND #00406 table=page_001398_table_box-13qv1ztw lag=   0.5ms active=131
[  60.875s] RECV #00326 table=page_000710_table_9 request=11.619s scheduled=11.620s status=ok active=130
[  60.962s] SEND #00407 table=page_001035_table_28 lag=   0.6ms active=131
[  61.039s] RECV #00331 table=page_000789_table_34 request=11.216s scheduled=11.217s status=ok active=130
[  61.196s] RECV #00280 table=page_001156_table_6 request=19.088s scheduled=19.089s status=ok active=129
[  61.285s] SEND #00408 table=page_000283_table_box_id_1 lag=   1.2ms active=130
[  61.312s] SEND #00409 table=page_000639_table_4 lag=   0.9ms active=131
[  61.381s] RECV #00294 table=page_000222_table_box_id_3 request=16.633s scheduled=16.634s status=ok active=130
[  61.535s] SEND #00410 table=page_000522_table_1 lag=   0.4ms active=131
[  61.572s] RECV #00332 table=page_000147_table_box_id_3 request=11.444s scheduled=11.444s status=ok active=130
[  61.795s] RECV #00212 table=page_000307_table_2 request=30.884s scheduled=30.885s status=ok active=129
[  61.866s] SEND #00411 table=page_000634_table_1 lag=   1.3ms active=130
[  61.923s] SEND #00412 table=page_000641_table_8 lag=   0.9ms active=131
[  61.940s] RECV #00319 table=page_000239_table_box_id_7 request=13.059s scheduled=13.059s status=ok active=130
[  61.940s] RECV #00342 table=page_000661_table_4 request= 9.736s scheduled= 9.736s status=ok active=129
[  62.105s] SEND #00413 table=page_001367_table_73 lag=   1.3ms active=130
[  62.245s] RECV #00313 table=page_001170_table_7 request=14.369s scheduled=14.370s status=ok active=129
[  62.395s] SEND #00414 table=page_000217_table_box_id_0 lag=   0.4ms active=130
[  62.468s] SEND #00415 table=page_001209_table_4 lag=   2.2ms active=131
[  62.584s] RECV #00138 table=page_000267_table_box_id_1 request=42.893s scheduled=42.894s status=ok active=130
[  62.653s] SEND #00416 table=page_000279_table_box-fy04hrwa lag=   1.2ms active=131
[  62.784s] RECV #00305 table=page_000268_table_box_id_4 request=16.007s scheduled=16.008s status=ok active=130
[  62.857s] SEND #00417 table=page_000265_table_box_id_3 lag=   0.6ms active=131
[  62.973s] RECV #00247 table=page_000496_table_3 request=25.888s scheduled=25.888s status=ok active=130
[  62.996s] SEND #00418 table=page_000520_table_0 lag=   0.2ms active=131
[  63.132s] RECV #00343 table=page_000984_table_2 request=10.910s scheduled=10.911s status=ok active=130
[  63.294s] SEND #00419 table=page_001499_table_12 lag=   0.4ms active=131
[  63.333s] RECV #00241 table=page_001147_table_8 request=27.167s scheduled=27.168s status=ok active=130
[  63.476s] RECV #00347 table=page_000758_table_21 request=10.357s scheduled=10.358s status=ok active=129
[  63.644s] SEND #00420 table=page_000564_table_7 lag=   0.6ms active=130
[  63.718s] RECV #00349 table=page_000866_table_10 request=10.205s scheduled=10.205s status=ok active=129
[  64.036s] RECV #00303 table=page_000200_table_box_id_2 request=17.941s scheduled=17.941s status=ok active=128
[  64.140s] SEND #00421 table=page_001198_table_8 lag=   1.7ms active=129
[  64.239s] RECV #00335 table=page_001368_table_box_id_273 request=13.734s scheduled=13.735s status=ok active=128
[  64.269s] SEND #00422 table=page_000219_table_box_id_3 lag=   0.5ms active=129
[  64.299s] SEND #00423 table=page_001011_table_35 lag=   0.4ms active=130
[  64.344s] SEND #00424 table=page_000451_table_10 lag=   0.8ms active=131
[  64.382s] SEND #00425 table=page_001406_table_8 lag=   0.8ms active=132
[  64.497s] RECV #00344 table=page_001155_table_4 request=12.163s scheduled=12.165s status=ok active=131
[  64.511s] SEND #00426 table=page_000519_table_1 lag=   0.6ms active=132
[  64.729s] SEND #00427 table=page_000201_table_box_id_3 lag=   0.4ms active=133
[  64.738s] SEND #00428 table=page_000927_table_2 lag=   0.8ms active=134
[  64.878s] RECV #00235 table=page_000509_table_0 request=29.419s scheduled=29.419s status=ok active=133
[  64.914s] SEND #00429 table=page_000514_table_6 lag=   1.0ms active=134
[  65.108s] SEND #00430 table=page_000800_table_10 lag=   0.9ms active=135
[  65.175s] SEND #00431 table=page_000465_table_9 lag=   2.0ms active=136
[  65.285s] SEND #00432 table=page_000940_table_1 lag=   0.9ms active=137
[  65.314s] SEND #00433 table=page_001395_table_6 lag=   1.4ms active=138
[  65.315s] RECV #00327 table=page_000937_table_0 request=16.047s scheduled=16.047s status=ok active=137
[  65.495s] RECV #00329 table=page_001242_table_4 request=16.018s scheduled=16.019s status=ok active=136
[  65.514s] SEND #00434 table=page_000295_table_box_id_1 lag=   0.8ms active=137
[  65.520s] SEND #00435 table=page_000677_table_23 lag=   0.6ms active=138
[  65.693s] RECV #00337 table=page_001117_table_box_id_7 request=14.718s scheduled=14.718s status=ok active=137
[  66.114s] RECV #00283 table=page_000503_table_1 request=23.376s scheduled=23.377s status=ok active=136
[  66.134s] SEND #00436 table=page_001137_table_9 lag=   2.2ms active=137
[  66.348s] RECV #00350 table=page_000534_table_3 request=12.829s scheduled=12.830s status=ok active=136
[  66.386s] SEND #00437 table=page_001137_table_10 lag=   0.9ms active=137
[  66.539s] SEND #00438 table=page_000982_table_16 lag=   1.0ms active=138
[  66.586s] SEND #00439 table=page_000938_table_3 lag=   0.4ms active=139
[  66.624s] RECV #00345 table=page_001368_table_box_id_239 request=13.903s scheduled=13.904s status=ok active=138
[  66.816s] RECV #00352 table=page_000673_table_1 request=12.880s scheduled=12.881s status=ok active=137
[  66.962s] SEND #00440 table=page_001145_table_3 lag=   0.9ms active=138
[  67.126s] RECV #00193 table=page_001152_table_0 request=39.139s scheduled=39.140s status=ok active=137
[  67.455s] SEND #00441 table=page_000512_table_0 lag=   1.2ms active=138
[  67.478s] SEND #00442 table=page_000536_table_4 lag=   1.1ms active=139
[  67.566s] RECV #00348 table=page_000253_table_box_id_7 request=14.424s scheduled=14.424s status=ok active=138
[  67.709s] SEND #00443 table=page_000623_table_7 lag=   2.3ms active=139
[  67.858s] RECV #00184 table=page_001272_table_1 request=41.371s scheduled=41.373s status=ok active=138
[  67.992s] SEND #00444 table=page_001368_table_box_id_229 lag=   1.3ms active=139
[  68.157s] SEND #00445 table=page_000216_table_box_id_0 lag=   0.6ms active=140
[  68.185s] RECV #00333 table=page_001174_table_box_id_2 request=18.031s scheduled=18.032s status=ok active=139
[  68.343s] SEND #00446 table=page_000223_table_box_id_2 lag=   1.2ms active=140
[  68.421s] RECV #00185 table=page_001215_table_5 request=41.805s scheduled=41.806s status=ok active=139
[  68.434s] SEND #00447 table=page_001147_table_5 lag=   1.2ms active=140
[  68.588s] RECV #00142 table=page_001219_table_box_id_1 request=48.660s scheduled=48.660s status=ok active=139
[  68.831s] SEND #00448 table=page_000521_table_2 lag=   1.6ms active=140
[  68.916s] RECV #00358 table=page_001131_table_15 request=13.661s scheduled=13.661s status=ok active=139
[  69.048s] RECV #00320 table=page_001141_table_13 request=20.028s scheduled=20.028s status=ok active=138
[  69.376s] SEND #00449 table=page_000755_table_3 lag=   0.7ms active=139
[  69.386s] RECV #00068 table=page_000284_table_box_id_0 request=59.693s scheduled=59.694s status=ok active=138
[  69.451s] SEND #00450 table=page_000766_table_2 lag=   0.9ms active=139
[  69.565s] RECV #00273 table=page_001011_table_30 request=28.744s scheduled=28.746s status=ok active=138
[  69.701s] SEND #00451 table=page_000649_table_3 lag=   1.4ms active=139
[  69.741s] RECV #00355 table=page_001183_table_11 request=14.906s scheduled=14.907s status=ok active=138
[  69.788s] SEND #00452 table=page_000218_table_box_id_4 lag=   1.1ms active=139
[  69.816s] SEND #00453 table=page_000628_table_6 lag=   1.3ms active=140
[  69.875s] SEND #00454 table=page_000267_table_box_id_1 lag=   0.5ms active=141
[  69.897s] SEND #00455 table=page_000838_table_18 lag=   0.9ms active=142
[  69.913s] RECV #00228 table=page_000250_table_box-stnne6dt request=35.857s scheduled=35.858s status=ok active=141
[  70.058s] RECV #00368 table=page_001130_table_13 request=13.266s scheduled=13.266s status=ok active=140
[  70.266s] SEND #00456 table=page_000275_table_box_id_1 lag=   2.0ms active=141
[  70.348s] RECV #00360 table=page_000225_table_box_id_9 request=14.978s scheduled=14.979s status=ok active=140
[  70.760s] SEND #00457 table=page_000628_table_14 lag=   2.4ms active=141
[  70.778s] SEND #00458 table=page_000913_table_11 lag=   0.9ms active=142
[  70.811s] RECV #00363 table=page_001368_table_box_id_255 request=15.034s scheduled=15.035s status=ok active=141
[  70.919s] SEND #00459 table=page_000214_table_box_id_6 lag=   0.7ms active=142
[  70.975s] RECV #00339 table=page_001398_table_box-bfny2f1z request=19.739s scheduled=19.741s status=ok active=141
[  70.999s] SEND #00460 table=page_001367_table_69 lag=   0.5ms active=142
[  71.019s] SEND #00461 table=page_000642_table_8 lag=   0.9ms active=143
[  71.073s] SEND #00462 table=page_000225_table_box_id_13 lag=   0.9ms active=144
[  71.117s] SEND #00463 table=page_001122_table_2 lag=   1.0ms active=145
[  71.159s] RECV #00377 table=page_001637_table_5 request=13.416s scheduled=13.417s status=ok active=144
[  71.330s] SEND #00464 table=page_001493_table_box_id_19 lag=   0.8ms active=145
[  71.330s] SEND #00465 table=page_001157_table_5 lag=   0.9ms active=146
[  71.363s] SEND #00466 table=page_001368_table_box_id_167 lag=   0.8ms active=147
[  71.452s] SEND #00467 table=page_000204_table_box_id_6 lag=   1.4ms active=148
[  71.454s] SEND #00468 table=page_001196_table_13 lag=   0.5ms active=149
[  71.607s] SEND #00469 table=page_001131_table_10 lag=   0.9ms active=150
[  71.676s] RECV #00323 table=page_001342_table_2 request=22.566s scheduled=22.567s status=ok active=149
[  71.750s] SEND #00470 table=page_000255_table_box_id_2 lag=   1.1ms active=150
[  71.960s] RECV #00095 table=page_000626_table_box_id_4 request=57.191s scheduled=57.192s status=ok active=149
[  72.028s] SEND #00471 table=page_000702_table_5 lag=   1.0ms active=150
[  72.063s] SEND #00472 table=page_000522_table_1 lag=   0.5ms active=151
[  72.108s] RECV #00341 table=page_001144_table_11 request=19.963s scheduled=19.964s status=ok active=150
[  72.115s] SEND #00473 table=page_000506_table_7 lag=   0.8ms active=151
[  72.235s] SEND #00474 table=page_000507_table_6 lag=   1.4ms active=152
[  72.276s] RECV #00145 table=page_001164_table_9 request=52.215s scheduled=52.215s status=ok active=151
[  72.283s] SEND #00475 table=page_001419_table_10 lag=   0.3ms active=152
[  72.419s] SEND #00476 table=page_001190_table_8 lag=   0.5ms active=153
[  72.449s] RECV #00361 table=page_000241_table_box_id_2 request=16.886s scheduled=16.888s status=ok active=152
[  72.464s] SEND #00477 table=page_001140_table_11 lag=   0.7ms active=153
[  72.641s] SEND #00478 table=page_001123_table_14 lag=   0.9ms active=154
[  72.790s] RECV #00373 table=page_001191_table_2 request=15.424s scheduled=15.425s status=ok active=153
[  72.882s] SEND #00479 table=page_001183_table_11 lag=   0.6ms active=154
[  73.039s] RECV #00357 table=page_000531_table_5 request=17.813s scheduled=17.814s status=ok active=153
[  73.136s] SEND #00480 table=page_000217_table_box_id_0 lag=   0.7ms active=154
[  73.256s] RECV #00378 table=page_001368_table_box_id_220 request=15.504s scheduled=15.504s status=ok active=153
[  73.452s] RECV #00385 table=page_001503_table_5 request=15.114s scheduled=15.115s status=ok active=152
[  73.696s] SEND #00481 table=page_001192_table_2 lag=   1.3ms active=153
[  73.709s] RECV #00290 table=page_000451_table_7 request=29.703s scheduled=29.703s status=ok active=152
[  73.817s] SEND #00482 table=page_000293_table_box_id_1 lag=   0.6ms active=153
[  73.850s] RECV #00366 table=page_001499_table_12 request=17.300s scheduled=17.301s status=ok active=152
[  73.921s] SEND #00483 table=page_000553_table_8 lag=   0.9ms active=153
[  74.219s] SEND #00484 table=page_000213_table_box_id_5 lag=   1.3ms active=154
[  74.322s] RECV #00374 table=page_000243_table_box-xkm41jlm request=16.952s scheduled=16.953s status=ok active=153
[  74.444s] SEND #00485 table=page_000262_table_box_id_1 lag=   0.7ms active=154
[  74.555s] RECV #00386 table=page_001368_table_box_id_273 request=16.071s scheduled=16.072s status=ok active=153
[  74.574s] SEND #00486 table=page_001183_table_12 lag=   1.3ms active=154
[  74.649s] SEND #00487 table=page_000903_table_15 lag=   1.1ms active=155
[  74.700s] SEND #00488 table=page_001595_table_box_id_7 lag=   1.1ms active=156
[  74.717s] SEND #00489 table=page_000272_table_box_id_1 lag=   0.8ms active=157
[  74.718s] RECV #00359 table=page_000824_table_0 request=19.374s scheduled=19.376s status=ok active=156
[  74.969s] RECV #00052 table=page_000287_table_box_id_8 request=67.528s scheduled=67.529s status=ok active=155
[  74.971s] SEND #00490 table=page_000533_table_5 lag=   0.5ms active=156
[  74.990s] SEND #00491 table=page_000920_table_8 lag=   1.0ms active=157
[  75.143s] RECV #00380 table=page_001167_table_8 request=17.300s scheduled=17.301s status=ok active=156
[  75.202s] SEND #00492 table=page_001167_table_2 lag=   0.7ms active=157
[  75.323s] SEND #00493 table=page_001127_table_4 lag=   0.8ms active=158
[  75.365s] RECV #00379 table=page_001368_table_box_id_237 request=17.545s scheduled=17.546s status=ok active=157
[  75.624s] RECV #00398 table=page_000792_table_4 request=15.959s scheduled=15.960s status=ok active=156
[  75.839s] SEND #00494 table=page_001274_table_4 lag=   1.4ms active=157
[  75.844s] RECV #00240 table=page_001181_table_6 request=39.917s scheduled=39.918s status=ok active=156
[  75.845s] RECV #00356 table=page_000248_table_box_id_1 request=20.800s scheduled=20.800s status=ok active=155
[  76.059s] SEND #00495 table=page_001129_table_9 lag=   1.2ms active=156
[  76.109s] RECV #00382 table=page_000932_table_3 request=18.200s scheduled=18.201s status=ok active=155
[  76.243s] RECV #00328 table=page_000566_table_3 request=26.819s scheduled=26.821s status=ok active=154
[  76.561s] RECV #00268 table=page_001178_table_0 request=36.453s scheduled=36.455s status=ok active=153
[  76.617s] SEND #00496 table=page_000642_table_6 lag=   0.7ms active=154
[  76.640s] SEND #00497 table=page_001179_table_6 lag=   1.1ms active=155
[  76.747s] SEND #00498 table=page_001011_table_18 lag=   0.5ms active=156
[  76.783s] RECV #00367 table=page_000499_table_0 request=20.111s scheduled=20.112s status=ok active=155
[  76.877s] SEND #00499 table=page_000814_table_0 lag=   0.4ms active=156
[  76.935s] SEND #00500 table=page_000246_table_box_id_14 lag=   1.0ms active=157
[  76.968s] RECV #00304 table=page_001121_table_10 request=30.823s scheduled=30.823s status=ok active=156
[  77.042s] SEND #00501 table=page_001368_table_box_id_250 lag=   0.5ms active=157
[  77.111s] SEND #00502 table=page_000298_table_5 lag=   1.2ms active=158
[  77.199s] RECV #00393 table=page_000324_table_0 request=18.022s scheduled=18.023s status=ok active=157
[  77.226s] SEND #00503 table=page_001130_table_1 lag=   0.9ms active=158
[  77.227s] SEND #00504 table=page_001210_table_4 lag=   1.2ms active=159
[  77.316s] SEND #00505 table=page_000510_table_10 lag=   0.4ms active=160
[  77.407s] SEND #00506 table=page_000593_table_0 lag=   0.4ms active=161
[  77.464s] SEND #00507 table=page_000201_table_box_id_3 lag=   0.8ms active=162
[  77.542s] SEND #00508 table=page_001147_table_9 lag=   0.3ms active=163
[  77.692s] RECV #00296 table=page_000259_table_box_id_1 request=32.221s scheduled=32.223s status=ok active=162
[  77.777s] SEND #00509 table=page_000256_table_box_id_12 lag=   0.2ms active=163
[  77.954s] SEND #00510 table=page_001367_table_60 lag=   0.4ms active=164
[  78.060s] SEND #00511 table=page_001137_table_2 lag=   2.0ms active=165
[  78.194s] RECV #00306 table=page_000212_table_box_id_1 request=31.326s scheduled=31.327s status=ok active=164
[  78.219s] SEND #00512 table=page_001367_table_73 lag=   0.6ms active=165
[  78.293s] SEND #00513 table=page_000638_table_1 lag=   1.4ms active=166
[  78.327s] SEND #00514 table=page_000552_table_9 lag=   1.1ms active=167
[  78.328s] SEND #00515 table=page_000826_table_32 lag=   0.9ms active=168
[  78.378s] SEND #00516 table=page_000200_table_box_id_7 lag=   0.8ms active=169
[  78.413s] RECV #00310 table=page_000505_table_1 request=30.714s scheduled=30.715s status=ok active=168
[  78.495s] RECV #00384 table=page_000226_table_box_id_0 request=20.236s scheduled=20.237s status=ok active=167
[  78.518s] SEND #00517 table=page_000641_table_5 lag=   0.3ms active=168
[  78.649s] RECV #00390 table=page_000911_table_box_id_5 request=19.901s scheduled=19.902s status=ok active=167
[  78.846s] SEND #00518 table=page_001201_table_14 lag=   0.4ms active=168
[  78.899s] RECV #00383 table=page_000244_table_box_id_8 request=20.718s scheduled=20.719s status=ok active=167
[  79.089s] RECV #00362 table=page_001132_table_box_id_10 request=23.357s scheduled=23.358s status=ok active=166
[  79.089s] RECV #00375 table=page_000298_table_5 request=21.560s scheduled=21.561s status=ok active=165
[  79.118s] SEND #00519 table=page_001167_table_2 lag=   0.4ms active=166
[  79.228s] SEND #00520 table=page_000709_table_12 lag=   0.5ms active=167
[  79.355s] RECV #00391 table=page_000603_table_7 request=20.446s scheduled=20.446s status=ok active=166
[  79.584s] RECV #00364 table=page_000011_table_box_id_1 request=23.796s scheduled=23.797s status=ok active=165
[  79.824s] RECV #00392 table=page_001189_table_box_id_2 request=20.825s scheduled=20.826s status=ok active=164
[  79.824s] RECV #00388 table=page_001193_table_4 request=21.299s scheduled=21.299s status=ok active=163
[  79.898s] SEND #00521 table=page_001222_table_2 lag=   1.7ms active=164
[  79.992s] SEND #00522 table=page_000866_table_1 lag=   0.7ms active=165
[  80.125s] RECV #00406 table=page_001398_table_box-13qv1ztw request=19.274s scheduled=19.274s status=ok active=164
[  80.269s] SEND #00523 table=page_000188_table_box_id_6 lag=   1.4ms active=165
[  80.350s] SEND #00524 table=page_000861_table_5 lag=   0.7ms active=166
[  80.489s] RECV #00389 table=page_000268_table_box_id_4 request=21.847s scheduled=21.848s status=ok active=165
[  80.559s] SEND #00525 table=page_000821_table_box_id_29 lag=   0.3ms active=166
[  80.874s] RECV #00395 table=page_000844_table_6 request=21.453s scheduled=21.454s status=ok active=165
[  81.118s] RECV #00403 table=page_001121_table_7 request=20.446s scheduled=20.447s status=ok active=164
[  81.235s] SEND #00526 table=page_000829_table_4 lag=   0.7ms active=165
[  81.291s] SEND #00527 table=page_001199_table_15 lag=   0.5ms active=166
[  81.320s] SEND #00528 table=page_000223_table_box_id_2 lag=   0.7ms active=167
[  81.469s] SEND #00529 table=page_001124_table_12 lag=   0.8ms active=168
[  81.586s] SEND #00530 table=page_001595_table_box_id_9 lag=   1.1ms active=169
[  81.650s] RECV #00413 table=page_001367_table_73 request=19.545s scheduled=19.546s status=ok active=168
[  81.654s] SEND #00531 table=page_000933_table_10 lag=   1.0ms active=169
[  81.654s] SEND #00532 table=page_000507_table_0 lag=   0.8ms active=170
[  81.730s] SEND #00533 table=page_000536_table_4 lag=   1.1ms active=171
[  81.809s] RECV #00418 table=page_000520_table_0 request=18.813s scheduled=18.813s status=ok active=170
[  81.815s] SEND #00534 table=page_000921_table_8 lag=   0.6ms active=171
[  81.895s] SEND #00535 table=page_001165_table_13 lag=   0.6ms active=172
[  82.030s] RECV #00412 table=page_000641_table_8 request=20.107s scheduled=20.108s status=ok active=171
[  82.164s] RECV #00397 table=page_001378_table_box_id_1 request=22.537s scheduled=22.538s status=ok active=170
[  82.199s] SEND #00536 table=page_001408_table_16 lag=   0.6ms active=171
[  82.335s] SEND #00537 table=page_001498_table_14 lag=   1.4ms active=172
[  82.342s] RECV #00410 table=page_000522_table_1 request=20.808s scheduled=20.808s status=ok active=171
[  82.538s] SEND #00538 table=page_000355_table_3 lag=   0.7ms active=172
[  82.563s] RECV #00415 table=page_001209_table_4 request=20.095s scheduled=20.097s status=ok active=171
[  82.753s] RECV #00314 table=page_001223_table_9 request=34.588s scheduled=34.589s status=ok active=170
[  82.884s] RECV #00315 table=page_001223_table_9 request=34.375s scheduled=34.376s status=ok active=169
[  82.889s] SEND #00539 table=page_000222_table_box_id_1 lag=   0.5ms active=170
[  83.016s] RECV #00430 table=page_000800_table_10 request=17.908s scheduled=17.909s status=ok active=169
[  83.101s] SEND #00540 table=page_000514_table_8 lag=   0.4ms active=170
[  83.207s] SEND #00541 table=page_000652_table_2 lag=   1.8ms active=171
[  83.226s] RECV #00231 table=page_000285_table_box_id_1 request=48.742s scheduled=48.742s status=ok active=170
[  83.417s] SEND #00542 table=page_000612_table_6 lag=   1.0ms active=171
[  83.574s] SEND #00543 table=page_000290_table_box_id_1 lag=   0.6ms active=172
[  83.715s] RECV #00435 table=page_000677_table_23 request=18.195s scheduled=18.195s status=ok active=171
[  83.735s] SEND #00544 table=page_001595_table_box_id_14 lag=   0.5ms active=172
[  83.887s] SEND #00545 table=page_001153_table_0 lag=   0.4ms active=173
[  83.931s] RECV #00414 table=page_000217_table_box_id_0 request=21.536s scheduled=21.537s status=ok active=172
[  83.969s] SEND #00546 table=page_000647_table_6 lag=   1.6ms active=173
[  84.121s] SEND #00547 table=page_000565_table_1 lag=   1.0ms active=174
[  84.275s] SEND #00548 table=page_000632_table_0 lag=   0.8ms active=175
[  84.394s] RECV #00432 table=page_000940_table_1 request=19.109s scheduled=19.110s status=ok active=174
[  84.687s] RECV #00200 table=page_000626_table_box_id_1 request=56.062s scheduled=56.062s status=ok active=173
[  84.701s] SEND #00549 table=page_001187_table_0 lag=   0.3ms active=174
[  84.867s] RECV #00423 table=page_001011_table_35 request=20.568s scheduled=20.569s status=ok active=173
[  84.936s] SEND #00550 table=page_000710_table_9 lag=   1.0ms active=174
[  85.087s] RECV #00246 table=page_001231_table_5 request=48.131s scheduled=48.132s status=ok active=173
[  85.224s] SEND #00551 table=page_000937_table_1 lag=   0.7ms active=174
[  85.235s] RECV #00387 table=page_000514_table_6 request=26.710s scheduled=26.712s status=ok active=173
[  85.448s] SEND #00552 table=page_001368_table_box_id_26 lag=   0.9ms active=174
[  85.604s] RECV #00336 table=page_000207_table_box_id_1 request=35.088s scheduled=35.088s status=ok active=173
[  85.709s] SEND #00553 table=page_000543_table_8 lag=   1.6ms active=174
[  85.804s] RECV #00396 table=page_000944_table_0 request=26.278s scheduled=26.278s status=ok active=173
[  85.851s] SEND #00554 table=page_000224_table_box_id_6 lag=   0.9ms active=174
[  85.917s] SEND #00555 table=page_000499_table_5 lag=   0.5ms active=175
[  85.965s] SEND #00556 table=page_000720_table_3 lag=   0.9ms active=176
[  86.004s] RECV #00420 table=page_000564_table_7 request=22.360s scheduled=22.360s status=ok active=175
[  86.154s] SEND #00557 table=page_001122_table_2 lag=   1.0ms active=176
[  86.226s] RECV #00400 table=page_000210_table_box_id_0 request=26.352s scheduled=26.353s status=ok active=175
[  86.455s] RECV #00425 table=page_001406_table_8 request=22.073s scheduled=22.074s status=ok active=174
[  86.473s] SEND #00558 table=page_000630_table_2 lag=   0.9ms active=175
[  86.594s] SEND #00559 table=page_000806_table_29 lag=   1.2ms active=176
[  86.619s] SEND #00560 table=page_000928_table_17 lag=   1.1ms active=177
[  86.696s] RECV #00427 table=page_000201_table_box_id_3 request=21.967s scheduled=21.967s status=ok active=176
[  86.696s] RECV #00428 table=page_000927_table_2 request=21.958s scheduled=21.959s status=ok active=175
[  86.895s] SEND #00561 table=page_000244_table_box-fkrm6qrz lag=   1.3ms active=176
[  86.996s] SEND #00562 table=page_000142_table_box_id_2 lag=   0.8ms active=177
[  87.003s] RECV #00174 table=page_000284_table_box_id_0 request=62.441s scheduled=62.442s status=ok active=176
[  87.093s] SEND #00563 table=page_001184_table_10 lag=   0.4ms active=177
[  87.100s] SEND #00564 table=page_001185_table_10 lag=   0.2ms active=178
[  87.198s] RECV #00419 table=page_001499_table_12 request=23.903s scheduled=23.904s status=ok active=177
[  87.210s] SEND #00565 table=page_000465_table_8 lag=   1.2ms active=178
[  87.421s] SEND #00566 table=page_001368_table_box_id_218 lag=   1.4ms active=179
[  87.505s] SEND #00567 table=page_001376_table_13 lag=   0.9ms active=180
[  87.573s] SEND #00568 table=page_000841_table_28 lag=   2.1ms active=181
[  87.713s] RECV #00422 table=page_000219_table_box_id_3 request=23.443s scheduled=23.444s status=ok active=180
[  87.736s] SEND #00569 table=page_000292_table_box_id_2 lag=   0.4ms active=181
[  87.740s] SEND #00570 table=page_000199_table_box_id_0 lag=   1.0ms active=182
[  87.849s] SEND #00571 table=page_000503_table_1 lag=   1.1ms active=183
[  87.967s] RECV #00438 table=page_000982_table_16 request=21.429s scheduled=21.430s status=ok active=182
[  88.298s] SEND #00572 table=page_000200_table_box_id_7 lag=   0.7ms active=183
[  88.458s] RECV #00433 table=page_001395_table_6 request=23.144s scheduled=23.145s status=ok active=182
[  88.478s] SEND #00573 table=page_000925_table_10 lag=   0.6ms active=183
[  88.558s] SEND #00574 table=page_001011_table_18 lag=   1.1ms active=184
[  88.633s] RECV #00407 table=page_001035_table_28 request=27.671s scheduled=27.672s status=ok active=183
[  88.738s] SEND #00575 table=page_001127_table_4 lag=   1.7ms active=184
[  88.824s] RECV #00449 table=page_000755_table_3 request=19.447s scheduled=19.448s status=ok active=183
[  88.880s] SEND #00576 table=page_000418_table_3 lag=   1.0ms active=184
[  88.916s] SEND #00577 table=page_001150_table_box_id_9 lag=   0.4ms active=185
[  88.952s] SEND #00578 table=page_001168_table_0 lag=   0.7ms active=186
[  88.988s] RECV #00402 table=page_000221_table_box_id_3 request=28.365s scheduled=28.366s status=ok active=185
[  89.248s] RECV #00455 table=page_000838_table_18 request=19.351s scheduled=19.352s status=ok active=184
[  89.248s] RECV #00340 table=page_000292_table_box_id_2 request=37.368s scheduled=37.369s status=ok active=183
[  89.286s] SEND #00579 table=page_000789_table_34 lag=   0.7ms active=184
[  89.334s] SEND #00580 table=page_000257_table_box_id_20 lag=   0.4ms active=185
[  89.346s] SEND #00581 table=page_000507_table_0 lag=   0.7ms active=186
[  89.544s] RECV #00411 table=page_000634_table_1 request=27.678s scheduled=27.680s status=ok active=185
[  89.620s] SEND #00582 table=page_001270_table_box_id_1 lag=   1.2ms active=186
[  89.733s] SEND #00583 table=page_000466_table_0 lag=   0.5ms active=187
[  89.804s] SEND #00584 table=page_000433_table_13 lag=   1.1ms active=188
[  89.914s] SEND #00585 table=page_000229_table_box_id_3 lag=   0.8ms active=189
[  90.105s] RECV #00354 table=page_000230_table_box_id_7 request=35.553s scheduled=35.554s status=ok active=188
[  90.120s] SEND #00586 table=page_001164_table_2 lag=   1.7ms active=189
[  90.149s] SEND #00587 table=page_001162_table_3 lag=   1.7ms active=190
[  90.311s] SEND #00588 table=page_000285_table_box_id_1 lag=   1.2ms active=191
[  90.504s] SEND #00589 table=page_000182_table_box_id_2 lag=   1.4ms active=192
[  90.596s] RECV #00421 table=page_001198_table_8 request=26.456s scheduled=26.458s status=ok active=191
[  90.736s] RECV #00322 table=page_001227_table_10 request=41.669s scheduled=41.670s status=ok active=190
[  90.764s] SEND #00590 table=page_000754_table_7 lag=   2.2ms active=191
[  90.811s] SEND #00591 table=page_001413_table_7 lag=   1.1ms active=192
[  90.881s] RECV #00431 table=page_000465_table_9 request=25.706s scheduled=25.708s status=ok active=191
[  90.956s] SEND #00592 table=page_000916_table_7 lag=   0.9ms active=192
[  90.997s] SEND #00593 table=page_000853_table_2 lag=   1.1ms active=193
[  91.033s] RECV #00439 table=page_000938_table_3 request=24.447s scheduled=24.448s status=ok active=192
[  91.123s] SEND #00594 table=page_001143_table_8 lag=   0.9ms active=193
[  91.152s] SEND #00595 table=page_000864_table_30 lag=   0.2ms active=194
[  91.224s] RECV #00372 table=page_000516_table_0 request=33.904s scheduled=33.905s status=ok active=193
[  91.392s] SEND #00596 table=page_001368_table_box_id_165 lag=   0.9ms active=194
[  91.702s] SEND #00597 table=page_000243_table_box_id_1 lag=   1.1ms active=195
[  91.763s] SEND #00598 table=page_000632_table_6 lag=   0.7ms active=196
[  91.771s] RECV #00466 table=page_001368_table_box_id_167 request=20.409s scheduled=20.409s status=ok active=195
[  91.803s] SEND #00599 table=page_000641_table_6 lag=   1.1ms active=196
[  91.915s] RECV #00458 table=page_000913_table_11 request=21.137s scheduled=21.138s status=ok active=195
[  92.243s] RECV #00405 table=page_000585_table_1 request=31.402s scheduled=31.403s status=ok active=194
[  92.312s] SEND #00600 table=page_000769_table_3 lag=   0.3ms active=195
[  92.501s] SEND #00601 table=page_000229_table_box-pug9otka lag=   0.7ms active=196
[  92.549s] RECV #00225 table=page_000626_table_box_id_4 request=58.987s scheduled=58.988s status=ok active=195
[  92.788s] SEND #00602 table=page_001306_table_1 lag=   2.0ms active=196
[  92.792s] SEND #00603 table=page_000853_table_9 lag=   0.6ms active=197
[  92.883s] RECV #00451 table=page_000649_table_3 request=23.182s scheduled=23.184s status=ok active=196
[  93.027s] RECV #00426 table=page_000519_table_1 request=28.516s scheduled=28.516s status=ok active=195
[  93.145s] SEND #00604 table=page_000593_table_0 lag=   0.4ms active=196
[  93.169s] RECV #00464 table=page_001493_table_box_id_19 request=21.839s scheduled=21.840s status=ok active=195
[  93.295s] SEND #00605 table=page_000501_table_6 lag=   1.2ms active=196
[  93.354s] SEND #00606 table=page_001173_table_6 lag=   0.8ms active=197
[  93.424s] RECV #00442 table=page_000536_table_4 request=25.946s scheduled=25.947s status=ok active=196
[  93.441s] SEND #00607 table=page_001125_table_2 lag=   0.9ms active=197
[  93.637s] RECV #00440 table=page_001145_table_3 request=26.675s scheduled=26.676s status=ok active=196
[  93.661s] SEND #00608 table=page_000294_table_box_id_1 lag=   0.7ms active=197
[  93.899s] SEND #00609 table=page_000716_table_2 lag=   1.9ms active=198
[  93.906s] RECV #00276 table=page_001197_table_3 request=52.121s scheduled=52.123s status=ok active=197
[  93.930s] SEND #00610 table=page_000930_table_7 lag=   0.2ms active=198
[  94.082s] SEND #00611 table=page_001194_table_3 lag=   0.9ms active=199
[  94.110s] SEND #00612 table=page_000271_table_box_id_1 lag=   0.9ms active=200
[  94.286s] RECV #00429 table=page_000514_table_6 request=29.372s scheduled=29.373s status=ok active=199
[  94.666s] SEND #00613 table=page_000776_table_4 lag=   1.1ms active=200
[  94.692s] RECV #00460 table=page_001367_table_69 request=23.693s scheduled=23.693s status=ok active=199
[  94.756s] SEND #00614 table=page_001368_table_box_id_276 lag=   1.0ms active=200
[  94.888s] RECV #00353 table=page_001200_table_2 request=40.702s scheduled=40.703s status=ok active=199
[  95.117s] RECV #00463 table=page_001122_table_2 request=24.001s scheduled=24.002s status=ok active=198
[  95.132s] SEND #00615 table=page_000543_table_8 lag=   1.4ms active=199
[  95.332s] SEND #00616 table=page_000178_table_box_id_1 lag=   1.2ms active=200
[  95.333s] RECV #00471 table=page_000702_table_5 request=23.305s scheduled=23.306s status=ok active=199
[  95.475s] SEND #00617 table=page_000626_table_box_id_7 lag=   0.6ms active=200
[  95.522s] SEND #00618 table=page_001136_table_4 lag=   0.9ms active=201
[  95.617s] RECV #00365 table=page_001148_table_3 request=39.321s scheduled=39.322s status=ok active=200
[  95.637s] SEND #00619 table=page_001219_table_box_id_1 lag=   0.5ms active=201
[  95.660s] SEND #00620 table=page_001174_table_box_id_2 lag=   0.6ms active=202
[  95.683s] SEND #00621 table=page_001368_table_box_id_250 lag=   0.8ms active=203
[  95.781s] RECV #00417 table=page_000265_table_box_id_3 request=32.924s scheduled=32.925s status=ok active=202
[  95.876s] SEND #00622 table=page_000521_table_2 lag=   0.6ms active=203
[  95.946s] SEND #00623 table=page_000647_table_2 lag=   1.1ms active=204
[  96.112s] RECV #00444 table=page_001368_table_box_id_229 request=28.120s scheduled=28.121s status=ok active=203
[  96.159s] SEND #00624 table=page_000511_table_1 lag=   0.6ms active=204
[  96.202s] SEND #00625 table=page_001375_table_31 lag=   0.8ms active=205
[  96.397s] SEND #00626 table=page_000645_table_7 lag=   1.2ms active=206
[  96.591s] SEND #00627 table=page_000496_table_4 lag=   0.5ms active=207
[  96.648s] SEND #00628 table=page_000647_table_5 lag=   1.0ms active=208
[  96.665s] SEND #00629 table=page_000634_table_11 lag=   0.8ms active=209
[  96.679s] RECV #00457 table=page_000628_table_14 request=25.920s scheduled=25.922s status=ok active=208
[  96.743s] SEND #00630 table=page_000227_table_box_id_1 lag=   0.9ms active=209
[  96.849s] SEND #00631 table=page_001126_table_18 lag=   2.2ms active=210
[  96.864s] SEND #00632 table=page_000252_table_box_id_1 lag=   1.3ms active=211
[  96.895s] SEND #00633 table=page_000417_table_3 lag=   0.6ms active=212
[  96.904s] SEND #00634 table=page_000238_table_box_id_2 lag=   0.3ms active=213
[  97.044s] SEND #00635 table=page_000243_table_box_id_1 lag=   1.0ms active=214
[  97.175s] RECV #00401 table=page_000274_table_box_id_0 request=36.935s scheduled=36.936s status=ok active=213
[  97.383s] SEND #00636 table=page_001368_table_box_id_255 lag=   1.4ms active=214
[  97.407s] RECV #00381 table=page_000234_table_box_id_5 request=39.544s scheduled=39.544s status=ok active=213
[  97.420s] SEND #00637 table=page_001164_table_2 lag=   1.0ms active=214
[  97.425s] SEND #00638 table=page_001209_table_4 lag=   0.9ms active=215
[  97.612s] SEND #00639 table=page_000942_table_3 lag=   0.7ms active=216
[  97.702s] RECV #00472 table=page_000522_table_1 request=25.639s scheduled=25.639s status=ok active=215
[  97.872s] SEND #00640 table=page_000577_table_3 lag=   1.4ms active=216
[  97.961s] RECV #00467 table=page_000204_table_box_id_6 request=26.509s scheduled=26.510s status=ok active=215
[  98.290s] RECV #00369 table=page_001139_table_5 request=41.204s scheduled=41.205s status=ok active=214
[  98.384s] SEND #00641 table=page_001026_table_box_id_12 lag=   1.2ms active=215
[  98.530s] SEND #00642 table=page_000249_table_box_id_4 lag=   1.2ms active=216
[  98.594s] SEND #00643 table=page_001632_table_box_id_1 lag=   0.5ms active=217
[  98.692s] RECV #00465 table=page_001157_table_5 request=27.362s scheduled=27.363s status=ok active=216
[  98.874s] SEND #00644 table=page_001189_table_box_id_2 lag=   0.7ms active=217
[  98.894s] SEND #00645 table=page_000637_table_6 lag=   1.3ms active=218
[  98.896s] RECV #00475 table=page_001419_table_10 request=26.612s scheduled=26.613s status=ok active=217
[  99.076s] SEND #00646 table=page_000682_table_15 lag=   1.2ms active=218
[  99.090s] SEND #00647 table=page_001159_table_5 lag=   0.7ms active=219
[  99.169s] SEND #00648 table=page_000291_table_box_id_0 lag=   1.2ms active=220
[  99.275s] SEND #00649 table=page_000595_table_25 lag=   1.6ms active=221
[  99.348s] SEND #00650 table=page_000929_table_0 lag=   1.5ms active=222
[  99.377s] SEND #00651 table=page_001367_table_71 lag=   2.0ms active=223
[  99.416s] SEND #00652 table=page_000419_table_4 lag=   0.3ms active=224
[  99.504s] RECV #00487 table=page_000903_table_15 request=24.855s scheduled=24.857s status=ok active=223
[  99.681s] SEND #00653 table=page_001595_table_box_id_1 lag=   1.5ms active=224
[  99.741s] RECV #00480 table=page_000217_table_box_id_0 request=26.605s scheduled=26.605s status=ok active=223
[  99.775s] SEND #00654 table=page_000803_table_12 lag=   0.6ms active=224
[  99.909s] SEND #00655 table=page_000500_table_3 lag=   1.1ms active=225
[  99.918s] RECV #00404 table=page_000231_table_box_id_2 request=39.085s scheduled=39.086s status=ok active=224
[  99.946s] SEND #00656 table=page_000800_table_12 lag=   0.7ms active=225
[ 100.138s] SEND #00657 table=page_001367_table_72 lag=   0.5ms active=226
[ 100.190s] RECV #00453 table=page_000628_table_6 request=30.374s scheduled=30.375s status=ok active=225
[ 100.200s] SEND #00658 table=page_001035_table_31 lag=   0.7ms active=226
[ 100.339s] SEND #00659 table=page_000451_table_10 lag=   1.0ms active=227
[ 100.386s] RECV #00452 table=page_000218_table_box_id_4 request=30.598s scheduled=30.599s status=ok active=226
[ 100.641s] RECV #00479 table=page_001183_table_11 request=27.759s scheduled=27.760s status=ok active=225
[ 100.709s] SEND #00660 table=page_000600_table_1 lag=   1.7ms active=226
[ 100.875s] RECV #00448 table=page_000521_table_2 request=32.044s scheduled=32.046s status=ok active=225
[ 101.017s] RECV #00300 table=page_000270_table_box_id_0 request=55.035s scheduled=55.036s status=ok active=224
[ 101.018s] RECV #00089 table=page_001274_table_4 request=87.690s scheduled=87.691s status=ok active=223
[ 101.339s] RECV #00478 table=page_001123_table_14 request=28.698s scheduled=28.699s status=ok active=222
[ 101.487s] RECV #00334 table=page_000633_table_5 request=51.227s scheduled=51.227s status=ok active=221
[ 101.507s] SEND #00661 table=page_001398_table_box-7mwax454 lag=   1.9ms active=222
[ 101.513s] SEND #00662 table=page_001368_table_box_id_257 lag=   0.4ms active=223
[ 101.759s] SEND #00663 table=page_000225_table_box_id_9 lag=   0.6ms active=224
[ 101.900s] RECV #00469 table=page_001131_table_10 request=30.293s scheduled=30.294s status=ok active=223
[ 102.058s] SEND #00664 table=page_001522_table_8 lag=   0.3ms active=224
[ 102.117s] SEND #00665 table=page_001275_table_3 lag=   0.2ms active=225
[ 102.147s] RECV #00499 table=page_000814_table_0 request=25.270s scheduled=25.271s status=ok active=224
[ 102.192s] SEND #00666 table=page_001160_table_6 lag=   0.4ms active=225
[ 102.273s] RECV #00409 table=page_000639_table_4 request=40.961s scheduled=40.962s status=ok active=224
[ 102.326s] SEND #00667 table=page_000665_table_38 lag=   1.2ms active=225
[ 102.712s] SEND #00668 table=page_000629_table_14 lag=   1.0ms active=226
[ 102.724s] RECV #00490 table=page_000533_table_5 request=27.754s scheduled=27.754s status=ok active=225
[ 102.791s] SEND #00669 table=page_000841_table_28 lag=   0.9ms active=226
[ 102.916s] RECV #00503 table=page_001130_table_1 request=25.690s scheduled=25.691s status=ok active=225
[ 103.117s] SEND #00670 table=page_000508_table_4 lag=   0.7ms active=226
[ 103.187s] RECV #00443 table=page_000623_table_7 request=35.478s scheduled=35.480s status=ok active=225
[ 103.188s] RECV #00462 table=page_000225_table_box_id_13 request=32.115s scheduled=32.116s status=ok active=224
[ 103.335s] SEND #00671 table=page_000775_table_2 lag=   0.4ms active=225
[ 103.361s] SEND #00672 table=page_001367_table_68 lag=   0.7ms active=226
[ 103.531s] RECV #00491 table=page_000920_table_8 request=28.540s scheduled=28.541s status=ok active=225
[ 103.680s] RECV #00485 table=page_000262_table_box_id_1 request=29.236s scheduled=29.237s status=ok active=224
[ 103.738s] SEND #00673 table=page_001167_table_8 lag=   1.1ms active=225
[ 103.740s] SEND #00674 table=page_000683_table_5 lag=   0.4ms active=226
[ 103.765s] SEND #00675 table=page_001154_table_10 lag=   0.9ms active=227
[ 103.932s] SEND #00676 table=page_001215_table_5 lag=   0.7ms active=228
[ 103.941s] SEND #00677 table=page_001368_table_box_id_220 lag=   0.5ms active=229
[ 104.015s] SEND #00678 table=page_000585_table_1 lag=   0.7ms active=230
[ 104.036s] SEND #00679 table=page_000506_table_9 lag=   0.2ms active=231
[ 104.057s] RECV #00500 table=page_000246_table_box_id_14 request=27.122s scheduled=27.123s status=ok active=230
[ 104.132s] SEND #00680 table=page_000518_table_11 lag=   0.9ms active=231
[ 104.258s] RECV #00505 table=page_000510_table_10 request=26.942s scheduled=26.943s status=ok active=230
[ 104.414s] SEND #00681 table=page_001137_table_10 lag=   1.0ms active=231
[ 104.491s] RECV #00492 table=page_001167_table_2 request=29.289s scheduled=29.290s status=ok active=230
[ 104.757s] RECV #00468 table=page_001196_table_13 request=33.303s scheduled=33.303s status=ok active=229
[ 104.778s] SEND #00682 table=page_000628_table_6 lag=   0.9ms active=230
[ 104.784s] SEND #00683 table=page_000281_table_box_id_1 lag=   1.1ms active=231
[ 104.793s] SEND #00684 table=page_000241_table_box_id_2 lag=   0.6ms active=232
[ 105.076s] SEND #00685 table=page_000250_table_box_id_4 lag=   1.1ms active=233
[ 105.082s] SEND #00686 table=page_000744_table_11 lag=   0.4ms active=234
[ 105.094s] RECV #00424 table=page_000451_table_10 request=40.750s scheduled=40.751s status=ok active=233
[ 105.132s] SEND #00687 table=page_000697_table_9 lag=   0.9ms active=234
[ 105.152s] SEND #00688 table=page_000262_table_box_id_1 lag=   1.7ms active=235
[ 105.167s] SEND #00689 table=page_000554_table_12 lag=   1.9ms active=236
[ 105.169s] SEND #00690 table=page_000244_table_box-fkrm6qrz lag=   0.3ms active=237
[ 105.291s] RECV #00338 table=page_001147_table_5 request=54.286s scheduled=54.287s status=ok active=236
[ 105.326s] SEND #00691 table=page_001398_table_box-1nnly5de lag=   0.9ms active=237
[ 105.536s] SEND #00692 table=page_001210_table_4 lag=   0.8ms active=238
[ 105.591s] RECV #00501 table=page_001368_table_box_id_250 request=28.548s scheduled=28.549s status=ok active=237
[ 105.714s] SEND #00693 table=page_000499_table_5 lag=   0.3ms active=238
[ 106.003s] SEND #00694 table=page_001342_table_2 lag=   2.0ms active=239
[ 106.024s] RECV #00486 table=page_001183_table_12 request=31.450s scheduled=31.451s status=ok active=238
[ 106.142s] RECV #00514 table=page_000552_table_9 request=27.815s scheduled=27.816s status=ok active=237
[ 106.170s] SEND #00695 table=page_001375_table_7 lag=   1.1ms active=238
[ 106.245s] SEND #00696 table=page_001089_table_box_id_16 lag=   0.9ms active=239
[ 106.398s] SEND #00697 table=page_000864_table_30 lag=   0.4ms active=240
[ 106.564s] RECV #00512 table=page_001367_table_73 request=28.345s scheduled=28.346s status=ok active=239
[ 106.564s] RECV #00515 table=page_000826_table_32 request=28.237s scheduled=28.238s status=ok active=238
[ 106.771s] RECV #00484 table=page_000213_table_box_id_5 request=32.552s scheduled=32.553s status=ok active=237
[ 106.937s] SEND #00698 table=page_001134_table_10 lag=   1.3ms active=238
[ 107.088s] RECV #00507 table=page_000201_table_box_id_3 request=29.624s scheduled=29.625s status=ok active=237
[ 107.093s] SEND #00699 table=page_000513_table_1 lag=   0.2ms active=238
[ 107.136s] SEND #00700 table=page_000228_table_box_id_1 lag=   0.2ms active=239
[ 107.147s] SEND #00701 table=page_001368_table_box_id_229 lag=   1.6ms active=240
[ 107.326s] RECV #00520 table=page_000709_table_12 request=28.098s scheduled=28.099s status=ok active=239
[ 107.505s] RECV #00498 table=page_001011_table_18 request=30.758s scheduled=30.759s status=ok active=238
[ 107.567s] SEND #00702 table=page_001180_table_16 lag=   0.7ms active=239
[ 107.704s] SEND #00703 table=page_000213_table_box_id_5 lag=   0.3ms active=240
[ 107.760s] RECV #00474 table=page_000507_table_6 request=35.525s scheduled=35.526s status=ok active=239
[ 107.771s] SEND #00704 table=page_000532_table_4 lag=   1.1ms active=240
[ 107.915s] SEND #00705 table=page_000639_table_4 lag=   2.2ms active=241
[ 107.996s] RECV #00495 table=page_001129_table_9 request=31.937s scheduled=31.938s status=ok active=240
[ 108.040s] SEND #00706 table=page_000935_table_11 lag=   0.5ms active=241
[ 108.154s] SEND #00707 table=page_001170_table_7 lag=   1.1ms active=242
[ 108.163s] SEND #00708 table=page_001140_table_11 lag=   0.5ms active=243
[ 108.204s] RECV #00459 table=page_000214_table_box_id_6 request=37.285s scheduled=37.286s status=ok active=242
[ 108.232s] SEND #00709 table=page_000838_table_4 lag=   1.8ms active=243
[ 108.312s] SEND #00710 table=page_000647_table_5 lag=   0.6ms active=244
[ 108.346s] SEND #00711 table=page_000647_table_1 lag=   0.2ms active=245
[ 108.656s] RECV #00516 table=page_000200_table_box_id_7 request=30.279s scheduled=30.280s status=ok active=244
[ 108.673s] SEND #00712 table=page_001146_table_11 lag=   0.8ms active=245
[ 108.758s] SEND #00713 table=page_000434_table_15 lag=   0.8ms active=246
[ 108.820s] RECV #00446 table=page_000223_table_box_id_2 request=40.476s scheduled=40.478s status=ok active=245
[ 108.926s] SEND #00714 table=page_001375_table_1 lag=   1.5ms active=246
[ 109.025s] RECV #00493 table=page_001127_table_4 request=33.702s scheduled=33.703s status=ok active=245
[ 109.118s] SEND #00715 table=page_001214_table_8 lag=   1.1ms active=246
[ 109.233s] RECV #00476 table=page_001190_table_8 request=36.814s scheduled=36.814s status=ok active=245
[ 109.327s] SEND #00716 table=page_000355_table_3 lag=   1.0ms active=246
[ 109.408s] RECV #00530 table=page_001595_table_box_id_9 request=27.822s scheduled=27.823s status=ok active=245
[ 109.408s] RECV #00517 table=page_000641_table_5 request=30.891s scheduled=30.891s status=ok active=244
[ 109.523s] SEND #00717 table=page_001036_table_box_id_4 lag=   0.5ms active=245
[ 109.738s] SEND #00718 table=page_000665_table_3 lag=   1.3ms active=246
[ 109.782s] SEND #00719 table=page_000282_table_box_id_1 lag=   0.5ms active=247
[ 109.791s] RECV #00488 table=page_001595_table_box_id_7 request=35.091s scheduled=35.092s status=ok active=246
[ 109.992s] RECV #00509 table=page_000256_table_box_id_12 request=32.215s scheduled=32.216s status=ok active=245
[ 110.210s] RECV #00536 table=page_001408_table_16 request=28.010s scheduled=28.011s status=ok active=244
[ 110.359s] SEND #00720 table=page_001144_table_11 lag=   1.2ms active=245
[ 110.384s] SEND #00721 table=page_001248_table_0 lag=   1.0ms active=246
[ 110.478s] RECV #00526 table=page_000829_table_4 request=29.243s scheduled=29.244s status=ok active=245
[ 110.641s] RECV #00523 table=page_000188_table_box_id_6 request=30.372s scheduled=30.373s status=ok active=244
[ 110.770s] SEND #00722 table=page_000279_table_box_id_0 lag=   1.2ms active=245
[ 110.788s] RECV #00502 table=page_000298_table_5 request=33.677s scheduled=33.679s status=ok active=244
[ 110.996s] RECV #00525 table=page_000821_table_box_id_29 request=30.436s scheduled=30.437s status=ok active=243
[ 111.066s] SEND #00723 table=page_000495_table_9 lag=   0.5ms active=244
[ 111.304s] RECV #00084 table=page_000289_table_box_id_4 request=98.832s scheduled=98.832s status=ok active=243
[ 111.360s] SEND #00724 table=page_000280_table_box_id_1 lag=   0.4ms active=244
[ 111.368s] SEND #00725 table=page_000277_table_box_id_1 lag=   0.3ms active=245
[ 111.383s] SEND #00726 table=page_001595_table_box_id_5 lag=   0.6ms active=246
[ 111.516s] RECV #00461 table=page_000642_table_8 request=40.497s scheduled=40.498s status=ok active=245
[ 111.642s] SEND #00727 table=page_001516_table_17 lag=   0.9ms active=246
[ 111.705s] RECV #00473 table=page_000506_table_7 request=39.590s scheduled=39.591s status=ok active=245
[ 111.739s] SEND #00728 table=page_000763_table_7 lag=   0.6ms active=246
[ 111.810s] SEND #00729 table=page_000466_table_0 lag=   1.0ms active=247
[ 111.853s] RECV #00519 table=page_001167_table_2 request=32.735s scheduled=32.735s status=ok active=246
[ 111.853s] RECV #00534 table=page_000921_table_8 request=30.038s scheduled=30.038s status=ok active=245
[ 112.105s] RECV #00450 table=page_000766_table_2 request=42.654s scheduled=42.655s status=ok active=244
[ 112.270s] RECV #00531 table=page_000933_table_10 request=30.616s scheduled=30.617s status=ok active=243
[ 112.453s] SEND #00730 table=page_000715_table_10 lag=   0.4ms active=244
[ 112.459s] SEND #00731 table=page_001367_table_52 lag=   1.0ms active=245
[ 112.463s] RECV #00538 table=page_000355_table_3 request=29.925s scheduled=29.926s status=ok active=244
[ 112.576s] SEND #00732 table=page_000201_table_box-w2ehqidz lag=   1.1ms active=245
[ 112.621s] RECV #00518 table=page_001201_table_14 request=33.775s scheduled=33.776s status=ok active=244
[ 112.666s] SEND #00733 table=page_000683_table_8 lag=   0.6ms active=245
[ 112.686s] SEND #00734 table=page_000866_table_10 lag=   0.2ms active=246
[ 112.764s] SEND #00735 table=page_000223_table_box_id_4 lag=   0.5ms active=247
[ 112.769s] RECV #00522 table=page_000866_table_1 request=32.777s scheduled=32.778s status=ok active=246
[ 112.910s] RECV #00529 table=page_001124_table_12 request=31.441s scheduled=31.442s status=ok active=245
[ 112.954s] SEND #00736 table=page_000656_table_19 lag=   0.6ms active=246
[ 113.283s] SEND #00737 table=page_001395_table_7 lag=   0.5ms active=247
[ 113.286s] SEND #00738 table=page_000220_table_box_id_10 lag=   0.4ms active=248
[ 113.315s] RECV #00477 table=page_001140_table_11 request=40.851s scheduled=40.852s status=ok active=247
[ 113.401s] SEND #00739 table=page_000239_table_box_id_1 lag=   0.6ms active=248
[ 113.416s] SEND #00740 table=page_000233_table_box_id_2 lag=   0.8ms active=249
[ 113.454s] RECV #00546 table=page_000647_table_6 request=29.485s scheduled=29.487s status=ok active=248
[ 113.664s] SEND #00741 table=page_000209_table_box_id_1 lag=   1.0ms active=249
[ 113.677s] SEND #00742 table=page_000227_table_box_id_1 lag=   0.2ms active=250
[ 113.683s] SEND #00743 table=page_000264_table_box_id_5 lag=   0.8ms active=251
[ 113.747s] RECV #00537 table=page_001498_table_14 request=31.412s scheduled=31.413s status=ok active=250
[ 113.758s] SEND #00744 table=page_000763_table_2 lag=   1.0ms active=251
[ 113.911s] RECV #00441 table=page_000512_table_0 request=46.456s scheduled=46.457s status=ok active=250
[ 113.960s] SEND #00745 table=page_001227_table_10 lag=   0.2ms active=251
[ 114.018s] SEND #00746 table=page_000261_table_box_id_3 lag=   0.3ms active=252
[ 114.039s] SEND #00747 table=page_001368_table_box_id_242 lag=   0.3ms active=253
[ 114.213s] RECV #00483 table=page_000553_table_8 request=40.292s scheduled=40.293s status=ok active=252
[ 114.283s] SEND #00748 table=page_001117_table_box_id_17 lag=   0.4ms active=253
[ 114.536s] SEND #00749 table=page_000253_table_box_id_2 lag=   0.5ms active=254
[ 114.592s] RECV #00550 table=page_000710_table_9 request=29.656s scheduled=29.657s status=ok active=253
[ 114.834s] SEND #00750 table=page_000635_table_0 lag=   1.1ms active=254
[ 114.835s] RECV #00307 table=page_000292_table_box_id_1 request=67.804s scheduled=67.805s status=ok active=253
[ 114.889s] SEND #00751 table=page_001219_table_box_id_4 lag=   0.3ms active=254
[ 114.975s] SEND #00752 table=page_000533_table_8 lag=   0.9ms active=255
[ 115.018s] SEND #00753 table=page_000833_table_4 lag=   0.4ms active=256
[ 115.050s] RECV #00535 table=page_001165_table_13 request=33.154s scheduled=33.155s status=ok active=255
[ 115.143s] SEND #00754 table=page_001177_table_2 lag=   0.6ms active=256
[ 115.205s] SEND #00755 table=page_000534_table_4 lag=   0.7ms active=257
[ 115.269s] SEND #00756 table=page_000208_table_box_id_7 lag=   1.0ms active=258
[ 115.301s] RECV #00560 table=page_000928_table_17 request=28.682s scheduled=28.683s status=ok active=257
[ 115.464s] RECV #00532 table=page_000507_table_0 request=33.810s scheduled=33.811s status=ok active=256
[ 115.504s] SEND #00757 table=page_000270_table_box_id_0 lag=   0.5ms active=257
[ 115.650s] RECV #00556 table=page_000720_table_3 request=29.685s scheduled=29.686s status=ok active=256
[ 115.933s] RECV #00513 table=page_000638_table_1 request=37.640s scheduled=37.642s status=ok active=255
[ 115.986s] SEND #00758 table=page_000520_table_6 lag=   1.5ms active=256
[ 116.120s] SEND #00759 table=page_001134_table_11 lag=   0.4ms active=257
[ 116.137s] SEND #00760 table=page_001125_table_4 lag=   0.5ms active=258
[ 116.159s] RECV #00351 table=page_000446_table_3 request=62.581s scheduled=62.583s status=ok active=257
[ 116.300s] SEND #00761 table=page_001140_table_12 lag=   0.4ms active=258
[ 116.392s] SEND #00762 table=page_000524_table_0 lag=   0.7ms active=259
[ 116.507s] RECV #00527 table=page_001199_table_15 request=35.216s scheduled=35.217s status=ok active=258
[ 116.508s] RECV #00540 table=page_000514_table_8 request=33.407s scheduled=33.407s status=ok active=257
[ 116.730s] RECV #00559 table=page_000806_table_29 request=30.136s scheduled=30.137s status=ok active=256
[ 116.912s] RECV #00553 table=page_000543_table_8 request=31.203s scheduled=31.205s status=ok active=255
[ 117.073s] SEND #00763 table=page_000226_table_box_id_5 lag=   0.7ms active=256
[ 117.109s] RECV #00551 table=page_000937_table_1 request=31.885s scheduled=31.886s status=ok active=255
[ 117.268s] SEND #00764 table=page_001449_table_1 lag=   0.8ms active=256
[ 117.366s] RECV #00563 table=page_001184_table_10 request=30.274s scheduled=30.274s status=ok active=255
[ 117.545s] SEND #00765 table=page_001147_table_8 lag=   0.3ms active=256
[ 117.558s] RECV #00555 table=page_000499_table_5 request=31.641s scheduled=31.641s status=ok active=255
[ 117.732s] SEND #00766 table=page_000655_table_5 lag=   1.1ms active=256
[ 117.771s] RECV #00436 table=page_001137_table_9 request=51.637s scheduled=51.640s status=ok active=255
[ 117.849s] SEND #00767 table=page_000533_table_5 lag=   0.6ms active=256
[ 117.989s] RECV #00562 table=page_000142_table_box_id_2 request=30.992s scheduled=30.993s status=ok active=255
[ 118.199s] SEND #00768 table=page_000220_table_box_id_10 lag=   1.3ms active=256
[ 118.275s] RECV #00568 table=page_000841_table_28 request=30.701s scheduled=30.703s status=ok active=255
[ 118.472s] RECV #00524 table=page_000861_table_5 request=38.122s scheduled=38.123s status=ok active=254
[ 118.472s] SEND #00769 table=page_000523_table_0 lag=   0.5ms active=255
[ 118.526s] SEND #00770 table=page_000496_table_4 lag=   1.3ms active=256
[ 118.552s] SEND #00771 table=page_001129_table_8 lag=   1.0ms active=257
[ 118.623s] SEND #00772 table=page_000264_table_box_id_5 lag=   0.9ms active=258
[ 118.663s] RECV #00539 table=page_000222_table_box_id_1 request=35.774s scheduled=35.774s status=ok active=257
[ 118.736s] SEND #00773 table=page_001011_table_35 lag=   0.6ms active=258
[ 118.752s] SEND #00774 table=page_000636_table_5 lag=   0.7ms active=259
[ 118.817s] SEND #00775 table=page_000920_table_3 lag=   0.3ms active=260
[ 118.949s] SEND #00776 table=page_000838_table_1 lag=   1.0ms active=261
[ 118.956s] SEND #00777 table=page_000220_table_box_id_3 lag=   1.1ms active=262
[ 118.993s] RECV #00533 table=page_000536_table_4 request=37.263s scheduled=37.264s status=ok active=261
[ 119.121s] RECV #00557 table=page_001122_table_2 request=32.967s scheduled=32.968s status=ok active=260
[ 119.216s] SEND #00778 table=page_000781_table_0 lag=   0.9ms active=261
[ 119.279s] RECV #00496 table=page_000642_table_6 request=42.661s scheduled=42.662s status=ok active=260
[ 119.377s] SEND #00779 table=page_000465_table_4 lag=   0.7ms active=261
[ 119.435s] SEND #00780 table=page_001135_table_6 lag=   0.7ms active=262
[ 119.464s] RECV #00506 table=page_000593_table_0 request=42.056s scheduled=42.056s status=ok active=261
[ 119.489s] SEND #00781 table=page_000826_table_32 lag=   0.3ms active=262
[ 119.556s] SEND #00782 table=page_000300_table_1 lag=   0.3ms active=263
[ 119.617s] SEND #00783 table=page_001189_table_box_id_3 lag=   0.7ms active=264
[ 119.779s] RECV #00579 table=page_000789_table_34 request=30.494s scheduled=30.494s status=ok active=263
[ 119.830s] SEND #00784 table=page_000629_table_14 lag=   1.0ms active=264
[ 119.937s] SEND #00785 table=page_001171_table_6 lag=   1.1ms active=265
[ 120.051s] SEND #00786 table=page_001368_table_box_id_244 lag=   0.5ms active=266
[ 120.076s] SEND #00787 table=page_001368_table_box_id_263 lag=   0.7ms active=267
[ 120.128s] RECV #00541 table=page_000652_table_2 request=36.921s scheduled=36.923s status=ok active=266
[ 120.454s] SEND #00788 table=page_000238_table_box_id_2 lag=   0.5ms active=267
[ 120.515s] SEND #00789 table=page_001398_table_box-5zkimf1o lag=   0.9ms active=268
[ 120.552s] RECV #00346 table=page_001367_table_60 request=67.778s scheduled=67.780s status=ok active=267
[ 120.553s] RECV #00567 table=page_001376_table_13 request=33.049s scheduled=33.050s status=ok active=266
[ 120.576s] SEND #00790 table=page_000202_table_box_id_0 lag=   0.6ms active=267
[ 120.587s] SEND #00791 table=page_000268_table_box_id_2 lag=   0.4ms active=268
[ 121.064s] RECV #00572 table=page_000200_table_box_id_7 request=32.766s scheduled=32.767s status=ok active=267
[ 121.185s] SEND #00792 table=page_000941_table_1 lag=   0.9ms active=268
[ 121.249s] RECV #00542 table=page_000612_table_6 request=37.832s scheduled=37.833s status=ok active=267
[ 121.249s] RECV #00547 table=page_000565_table_1 request=37.128s scheduled=37.129s status=ok active=266
[ 121.285s] SEND #00793 table=page_000106_table_box_id_2 lag=   0.5ms active=267
[ 121.650s] RECV #00244 table=page_001276_table_2 request=85.002s scheduled=85.002s status=ok active=266
[ 121.661s] SEND #00794 table=page_000523_table_1 lag=   1.7ms active=267
[ 121.922s] RECV #00504 table=page_001210_table_4 request=44.695s scheduled=44.696s status=ok active=266
[ 122.066s] SEND #00795 table=page_001157_table_5 lag=   1.9ms active=267
[ 122.086s] RECV #00370 table=page_000263_table_box_id_7 request=64.908s scheduled=64.909s status=ok active=266
[ 122.454s] RECV #00376 table=page_000280_table_box_id_1 request=64.841s scheduled=64.842s status=ok active=265
[ 122.602s] SEND #00796 table=page_000668_table_15 lag=   0.4ms active=266
[ 122.665s] RECV #00584 table=page_000433_table_13 request=32.860s scheduled=32.861s status=ok active=265
[ 122.836s] RECV #00561 table=page_000244_table_box-fkrm6qrz request=35.941s scheduled=35.942s status=ok active=264
[ 122.863s] SEND #00797 table=page_000277_table_box_id_1 lag=   1.4ms active=265
[ 122.992s] RECV #00544 table=page_001595_table_box_id_14 request=39.258s scheduled=39.258s status=ok active=264
[ 123.262s] SEND #00798 table=page_001367_table_67 lag=   1.0ms active=265
[ 123.467s] RECV #00590 table=page_000754_table_7 request=32.703s scheduled=32.705s status=ok active=264
[ 123.607s] RECV #00565 table=page_000465_table_8 request=36.396s scheduled=36.398s status=ok active=263
[ 123.655s] SEND #00799 table=page_000712_table_4 lag=   1.0ms active=264
[ 123.878s] RECV #00595 table=page_000864_table_30 request=32.726s scheduled=32.726s status=ok active=263
[ 123.905s] SEND #00800 table=page_000526_table_7 lag=   2.1ms active=264
[ 123.926s] SEND #00801 table=page_001220_table_8 lag=   1.1ms active=265
[ 124.017s] RECV #00564 table=page_001185_table_10 request=36.918s scheduled=36.918s status=ok active=264
[ 124.040s] SEND #00802 table=page_001375_table_3 lag=   0.6ms active=265
[ 124.172s] SEND #00803 table=page_001197_table_5 lag=   0.8ms active=266
[ 124.224s] RECV #00552 table=page_001368_table_box_id_26 request=38.776s scheduled=38.777s status=ok active=265
[ 124.359s] RECV #00511 table=page_001137_table_2 request=46.299s scheduled=46.301s status=ok active=264
[ 124.508s] RECV #00574 table=page_001011_table_18 request=35.951s scheduled=35.952s status=ok active=263
[ 124.739s] RECV #00581 table=page_000507_table_0 request=35.393s scheduled=35.393s status=ok active=262
[ 124.924s] SEND #00804 table=page_001036_table_box_id_4 lag=   0.4ms active=263
[ 124.991s] RECV #00593 table=page_000853_table_2 request=33.994s scheduled=33.995s status=ok active=262
[ 124.991s] RECV #00573 table=page_000925_table_10 request=36.513s scheduled=36.514s status=ok active=261
[ 125.160s] SEND #00805 table=page_001119_table_box_id_2 lag=   0.4ms active=262
[ 125.314s] RECV #00596 table=page_001368_table_box_id_165 request=33.922s scheduled=33.923s status=ok active=261
[ 125.347s] SEND #00806 table=page_001367_table_51 lag=   0.5ms active=262
[ 125.558s] SEND #00807 table=page_000668_table_15 lag=   0.7ms active=263
[ 125.627s] SEND #00808 table=page_000292_table_box_id_5 lag=   0.7ms active=264
[ 125.685s] RECV #00481 table=page_001192_table_2 request=51.989s scheduled=51.990s status=ok active=263
[ 125.925s] RECV #00603 table=page_000853_table_9 request=33.133s scheduled=33.134s status=ok active=262
[ 125.925s] RECV #00454 table=page_000267_table_box_id_1 request=56.050s scheduled=56.050s status=ok active=261
[ 126.066s] SEND #00809 table=page_000273_table_box_id_1 lag=   0.7ms active=262
[ 126.225s] SEND #00810 table=page_001193_table_8 lag=   0.5ms active=263
[ 126.284s] RECV #00437 table=page_001137_table_10 request=59.898s scheduled=59.899s status=ok active=262
[ 126.304s] SEND #00811 table=page_001368_table_box_id_159 lag=   0.7ms active=263
[ 126.400s] SEND #00812 table=page_000247_table_box_id_0 lag=   0.5ms active=264
[ 126.432s] RECV #00585 table=page_000229_table_box_id_3 request=36.518s scheduled=36.519s status=ok active=263
[ 126.692s] RECV #00554 table=page_000224_table_box_id_6 request=40.841s scheduled=40.841s status=ok active=262
[ 126.860s] RECV #00591 table=page_001413_table_7 request=36.049s scheduled=36.050s status=ok active=261
[ 127.002s] SEND #00813 table=page_001148_table_3 lag=   2.0ms active=262
[ 127.069s] RECV #00206 table=page_000286_table_box_id_1 request=97.613s scheduled=97.615s status=ok active=261
[ 127.118s] SEND #00814 table=page_000763_table_7 lag=   1.3ms active=262
[ 127.146s] SEND #00815 table=page_000206_table_box_id_9 lag=   1.3ms active=263
[ 127.170s] SEND #00816 table=page_000639_table_11 lag=   1.1ms active=264
[ 127.258s] RECV #00609 table=page_000716_table_2 request=33.359s scheduled=33.361s status=ok active=263
[ 127.349s] SEND #00817 table=page_000641_table_5 lag=   0.7ms active=264
[ 127.476s] SEND #00818 table=page_000220_table_box_id_7 lag=   0.6ms active=265
[ 127.512s] RECV #00575 table=page_001127_table_4 request=38.774s scheduled=38.776s status=ok active=264
[ 127.725s] RECV #00600 table=page_000769_table_3 request=35.413s scheduled=35.413s status=ok active=263
[ 127.841s] SEND #00819 table=page_001398_table_box-bfny2f1z lag=   0.4ms active=264
[ 127.873s] SEND #00820 table=page_001169_table_11 lag=   0.9ms active=265
[ 127.954s] SEND #00821 table=page_000633_table_5 lag=   0.3ms active=266
[ 127.956s] RECV #00614 table=page_001368_table_box_id_276 request=33.200s scheduled=33.201s status=ok active=265
[ 128.154s] SEND #00822 table=page_001271_table_4 lag=   0.4ms active=266
[ 128.162s] SEND #00823 table=page_000226_table_box_id_3 lag=   0.4ms active=267
[ 128.167s] RECV #00598 table=page_000632_table_6 request=36.404s scheduled=36.404s status=ok active=266
[ 128.168s] RECV #00613 table=page_000776_table_4 request=33.502s scheduled=33.503s status=ok active=265
[ 128.178s] SEND #00824 table=page_000631_table_0 lag=   0.2ms active=266
[ 128.300s] SEND #00825 table=page_000356_table_1 lag=   0.9ms active=267
[ 128.347s] SEND #00826 table=page_000207_table_box_id_1 lag=   0.6ms active=268
[ 128.364s] SEND #00827 table=page_001193_table_8 lag=   0.2ms active=269
[ 128.411s] SEND #00828 table=page_001196_table_13 lag=   0.4ms active=270
[ 128.469s] RECV #00610 table=page_000930_table_7 request=34.539s scheduled=34.539s status=ok active=269
[ 128.469s] RECV #00601 table=page_000229_table_box-pug9otka request=35.968s scheduled=35.968s status=ok active=268
[ 128.566s] SEND #00829 table=page_000918_table_0 lag=   1.0ms active=269
[ 128.680s] SEND #00830 table=page_001368_table_box_id_165 lag=   0.5ms active=270
[ 128.693s] SEND #00831 table=page_000226_table_box_id_3 lag=   0.7ms active=271
[ 128.705s] SEND #00832 table=page_001188_table_2 lag=   0.9ms active=272
[ 128.759s] RECV #00589 table=page_000182_table_box_id_2 request=38.256s scheduled=38.257s status=ok active=271
[ 128.998s] SEND #00833 table=page_000268_table_box_id_6 lag=   2.0ms active=272
[ 129.041s] RECV #00566 table=page_001368_table_box_id_218 request=41.620s scheduled=41.622s status=ok active=271
[ 129.155s] SEND #00834 table=page_000237_table_box_id_3 lag=   0.7ms active=272
[ 129.185s] SEND #00835 table=page_000913_table_11 lag=   0.6ms active=273
[ 129.218s] RECV #00577 table=page_001150_table_box_id_9 request=40.303s scheduled=40.303s status=ok active=272
[ 129.373s] RECV #00623 table=page_000647_table_2 request=33.427s scheduled=33.428s status=ok active=271
[ 129.489s] SEND #00836 table=page_000245_table_box_id_0 lag=   0.8ms active=272
[ 129.492s] SEND #00837 table=page_001233_table_6 lag=   0.4ms active=273
[ 129.563s] SEND #00838 table=page_000249_table_box-gjm9bkso lag=   0.6ms active=274
[ 129.713s] RECV #00625 table=page_001375_table_31 request=33.511s scheduled=33.512s status=ok active=273
[ 129.853s] SEND #00839 table=page_000242_table_box_id_3 lag=   1.0ms active=274
[ 130.043s] SEND #00840 table=page_000696_table_0 lag=   0.6ms active=275
[ 130.078s] RECV #00399 table=page_001187_table_0 request=70.330s scheduled=70.331s status=ok active=274
[ 130.079s] RECV #00580 table=page_000257_table_box_id_20 request=40.745s scheduled=40.745s status=ok active=273
[ 130.094s] SEND #00841 table=page_000638_table_1 lag=   0.4ms active=274
[ 130.353s] RECV #00578 table=page_001168_table_0 request=41.402s scheduled=41.402s status=ok active=273
[ 130.436s] SEND #00842 table=page_001367_table_69 lag=   1.1ms active=274
[ 130.541s] RECV #00587 table=page_001162_table_3 request=40.392s scheduled=40.394s status=ok active=273
[ 130.576s] SEND #00843 table=page_001132_table_box_id_18 lag=   0.2ms active=274
[ 130.847s] RECV #00592 table=page_000916_table_7 request=39.891s scheduled=39.892s status=ok active=273
[ 130.885s] SEND #00844 table=page_000269_table_box_id_1 lag=   1.1ms active=274
[ 131.052s] RECV #00597 table=page_000243_table_box_id_1 request=39.349s scheduled=39.350s status=ok active=273
[ 131.228s] SEND #00845 table=page_000793_table_8 lag=   0.6ms active=274
[ 131.287s] RECV #00447 table=page_001147_table_5 request=62.853s scheduled=62.854s status=ok active=273
[ 131.315s] SEND #00846 table=page_000251_table_box_id_7 lag=   1.7ms active=274
[ 131.487s] SEND #00847 table=page_000942_table_3 lag=   0.6ms active=275
[ 131.558s] RECV #00615 table=page_000543_table_8 request=36.426s scheduled=36.427s status=ok active=274
[ 131.607s] SEND #00848 table=page_000763_table_26 lag=   0.3ms active=275
[ 131.747s] RECV #00602 table=page_001306_table_1 request=38.959s scheduled=38.961s status=ok active=274
[ 131.899s] RECV #00576 table=page_000418_table_3 request=43.019s scheduled=43.020s status=ok active=273
[ 132.053s] SEND #00849 table=page_000790_table_9 lag=   0.5ms active=274
[ 132.300s] SEND #00850 table=page_001176_table_4 lag=   0.7ms active=275
[ 132.462s] RECV #00626 table=page_000645_table_7 request=36.065s scheduled=36.066s status=ok active=274
[ 132.499s] SEND #00851 table=page_001368_table_box_id_159 lag=   1.1ms active=275
[ 132.654s] RECV #00571 table=page_000503_table_1 request=44.805s scheduled=44.806s status=ok active=274
[ 132.758s] SEND #00852 table=page_000534_table_3 lag=   1.7ms active=275
[ 132.907s] RECV #00528 table=page_000223_table_box_id_2 request=51.587s scheduled=51.588s status=ok active=274
[ 133.182s] RECV #00621 table=page_001368_table_box_id_250 request=37.499s scheduled=37.499s status=ok active=273
[ 133.371s] RECV #00631 table=page_001126_table_18 request=36.522s scheduled=36.524s status=ok active=272
[ 133.726s] SEND #00853 table=page_000623_table_7 lag=   0.6ms active=273
[ 133.772s] SEND #00854 table=page_000258_table_box_id_5 lag=   1.1ms active=274
[ 133.788s] RECV #00251 table=page_000286_table_box_id_1 request=96.262s scheduled=96.263s status=ok active=273
[ 133.807s] SEND #00855 table=page_000577_table_3 lag=   1.0ms active=274
[ 134.018s] SEND #00856 table=page_001368_table_box_id_167 lag=   0.7ms active=275
[ 134.119s] RECV #00638 table=page_001209_table_4 request=36.694s scheduled=36.695s status=ok active=274
[ 134.244s] SEND #00857 table=page_000799_table_6 lag=   0.4ms active=275
[ 134.355s] SEND #00858 table=page_000465_table_9 lag=   0.6ms active=276
[ 134.358s] RECV #00618 table=page_001136_table_4 request=38.836s scheduled=38.837s status=ok active=275
[ 134.458s] SEND #00859 table=page_001160_table_6 lag=   0.2ms active=276
[ 134.536s] RECV #00643 table=page_001632_table_box_id_1 request=35.941s scheduled=35.942s status=ok active=275
[ 134.537s] SEND #00860 table=page_001152_table_0 lag=   0.2ms active=276
[ 134.705s] RECV #00599 table=page_000641_table_6 request=42.902s scheduled=42.903s status=ok active=275
[ 134.867s] SEND #00861 table=page_001164_table_9 lag=   0.7ms active=276
[ 134.967s] RECV #00620 table=page_001174_table_box_id_2 request=39.307s scheduled=39.307s status=ok active=275
[ 135.085s] RECV #00649 table=page_000595_table_25 request=35.810s scheduled=35.811s status=ok active=274
[ 135.112s] SEND #00862 table=page_001191_table_2 lag=   0.8ms active=275
[ 135.248s] SEND #00863 table=page_001208_table_12 lag=   1.8ms active=276
[ 135.253s] SEND #00864 table=page_001141_table_19 lag=   0.6ms active=277
[ 135.338s] RECV #00636 table=page_001368_table_box_id_255 request=37.956s scheduled=37.957s status=ok active=276
[ 135.548s] SEND #00865 table=page_001496_table_3 lag=   2.3ms active=277
[ 135.641s] SEND #00866 table=page_000182_table_box_id_2 lag=   1.2ms active=278
[ 135.673s] SEND #00867 table=page_000984_table_3 lag=   0.8ms active=279
[ 135.712s] RECV #00634 table=page_000238_table_box_id_2 request=38.809s scheduled=38.809s status=ok active=278
[ 135.728s] SEND #00868 table=page_000511_table_1 lag=   0.5ms active=279
[ 135.909s] SEND #00869 table=page_000292_table_box_id_1 lag=   0.9ms active=280
[ 135.909s] SEND #00870 table=page_001194_table_3 lag=   0.6ms active=281
[ 135.911s] RECV #00628 table=page_000647_table_5 request=39.263s scheduled=39.264s status=ok active=280
[ 135.931s] SEND #00871 table=page_000605_table_3 lag=   1.9ms active=281
[ 135.984s] SEND #00872 table=page_001124_table_21 lag=   0.2ms active=282
[ 136.035s] RECV #00611 table=page_001194_table_3 request=41.954s scheduled=41.955s status=ok active=281
[ 136.036s] RECV #00607 table=page_001125_table_2 request=42.595s scheduled=42.596s status=ok active=280
[ 136.322s] SEND #00873 table=page_000465_table_10 lag=   1.8ms active=281
[ 136.361s] RECV #00646 table=page_000682_table_15 request=37.285s scheduled=37.286s status=ok active=280
[ 136.532s] SEND #00874 table=page_000257_table_box_id_20 lag=   1.1ms active=281
[ 136.559s] RECV #00656 table=page_000800_table_12 request=36.614s scheduled=36.614s status=ok active=280
[ 136.780s] RECV #00651 table=page_001367_table_71 request=37.403s scheduled=37.405s status=ok active=279
[ 137.016s] RECV #00640 table=page_000577_table_3 request=39.143s scheduled=39.145s status=ok active=278
[ 137.076s] SEND #00875 table=page_000861_table_17 lag=   1.6ms active=279
[ 137.196s] SEND #00876 table=page_000827_table_8 lag=   0.5ms active=280
[ 137.245s] RECV #00654 table=page_000803_table_12 request=37.470s scheduled=37.471s status=ok active=279
[ 137.327s] SEND #00877 table=page_001230_table_box_id_1 lag=   1.0ms active=280
[ 137.450s] SEND #00878 table=page_001197_table_4 lag=   0.6ms active=281
[ 137.477s] RECV #00157 table=page_000291_table_box_id_0 request=115.895s scheduled=115.897s status=ok active=280
[ 137.565s] SEND #00879 table=page_000203_table_box_id_3 lag=   1.1ms active=281
[ 137.618s] RECV #00285 table=page_000276_table_box_id_5 request=94.687s scheduled=94.687s status=ok active=280
[ 137.684s] SEND #00880 table=page_001184_table_6 lag=   0.5ms active=281
[ 137.935s] RECV #00594 table=page_001143_table_8 request=46.812s scheduled=46.813s status=ok active=280
[ 137.947s] SEND #00881 table=page_001272_table_1 lag=   0.8ms active=281
[ 138.328s] RECV #00635 table=page_000243_table_box_id_1 request=41.283s scheduled=41.284s status=ok active=280
[ 138.420s] SEND #00882 table=page_001134_table_1 lag=   1.5ms active=281
[ 138.500s] SEND #00883 table=page_000827_table_8 lag=   1.0ms active=282
[ 138.653s] SEND #00884 table=page_001367_table_3 lag=   1.2ms active=283
[ 138.709s] SEND #00885 table=page_001516_table_17 lag=   0.7ms active=284
[ 138.765s] SEND #00886 table=page_000294_table_box_id_1 lag=   0.9ms active=285
[ 138.873s] SEND #00887 table=page_001082_table_23 lag=   0.9ms active=286
[ 139.010s] SEND #00888 table=page_000524_table_0 lag=   1.6ms active=287
[ 139.132s] SEND #00889 table=page_001367_table_71 lag=   1.4ms active=288
[ 139.213s] RECV #00639 table=page_000942_table_3 request=41.601s scheduled=41.602s status=ok active=287
[ 139.575s] RECV #00660 table=page_000600_table_1 request=38.866s scheduled=38.867s status=ok active=286
[ 139.711s] SEND #00890 table=page_000938_table_5 lag=   2.2ms active=287
[ 139.737s] SEND #00891 table=page_001143_table_4 lag=   1.2ms active=288
[ 139.821s] RECV #00657 table=page_001367_table_72 request=39.683s scheduled=39.683s status=ok active=287
[ 139.894s] SEND #00892 table=page_000823_table_8 lag=   2.8ms active=288
[ 140.094s] RECV #00641 table=page_001026_table_box_id_12 request=41.710s scheduled=41.711s status=ok active=287
[ 140.095s] RECV #00508 table=page_001147_table_9 request=62.553s scheduled=62.554s status=ok active=286
[ 140.569s] RECV #00644 table=page_001189_table_box_id_2 request=41.695s scheduled=41.696s status=ok active=285
[ 140.694s] SEND #00893 table=page_000516_table_0 lag=   0.9ms active=286
[ 140.696s] RECV #00667 table=page_000665_table_38 request=38.369s scheduled=38.371s status=ok active=285
[ 140.899s] SEND #00894 table=page_000554_table_12 lag=   0.7ms active=286
[ 141.027s] SEND #00895 table=page_001506_table_14 lag=   0.5ms active=287
[ 141.098s] SEND #00896 table=page_000205_table_box_id_11 lag=   0.6ms active=288
[ 141.177s] SEND #00897 table=page_000612_table_6 lag=   0.6ms active=289
[ 141.387s] RECV #00497 table=page_001179_table_6 request=64.747s scheduled=64.748s status=ok active=288
[ 141.601s] SEND #00898 table=page_000532_table_4 lag=   0.6ms active=289
[ 141.836s] RECV #00470 table=page_000255_table_box_id_2 request=70.085s scheduled=70.087s status=ok active=288
[ 141.948s] SEND #00899 table=page_001419_table_10 lag=   0.4ms active=289
[ 141.996s] RECV #00669 table=page_000841_table_28 request=39.205s scheduled=39.206s status=ok active=288
[ 142.118s] SEND #00900 table=page_000929_table_0 lag=   0.4ms active=289
[ 142.144s] RECV #00558 table=page_000630_table_2 request=55.671s scheduled=55.672s status=ok active=288
[ 142.358s] RECV #00545 table=page_001153_table_0 request=58.471s scheduled=58.471s status=ok active=287
[ 142.471s] SEND #00901 table=page_001135_table_6 lag=   0.8ms active=288
[ 142.575s] RECV #00604 table=page_000593_table_0 request=49.430s scheduled=49.430s status=ok active=287
[ 142.790s] RECV #00674 table=page_000683_table_5 request=39.050s scheduled=39.050s status=ok active=286
[ 142.870s] SEND #00902 table=page_000716_table_2 lag=   1.1ms active=287
[ 142.991s] RECV #00671 table=page_000775_table_2 request=39.656s scheduled=39.656s status=ok active=286
[ 143.148s] RECV #00650 table=page_000929_table_0 request=43.801s scheduled=43.802s status=ok active=285
[ 143.159s] SEND #00903 table=page_001398_table_box-5zkimf1o lag=   1.7ms active=286
[ 143.233s] SEND #00904 table=page_000654_table_0 lag=   1.0ms active=287
[ 143.320s] RECV #00521 table=page_001222_table_2 request=63.422s scheduled=63.424s status=ok active=286
[ 143.328s] SEND #00905 table=page_001204_table_4 lag=   0.4ms active=287
[ 143.573s] SEND #00906 table=page_000299_table_box_id_5 lag=   1.0ms active=288
[ 143.645s] SEND #00907 table=page_000745_table_2 lag=   0.7ms active=289
[ 143.858s] SEND #00908 table=page_000229_table_box_id_3 lag=   0.9ms active=290
[ 143.959s] SEND #00909 table=page_000603_table_7 lag=   1.1ms active=291
[ 143.988s] RECV #00663 table=page_000225_table_box_id_9 request=42.230s scheduled=42.230s status=ok active=290
[ 144.022s] SEND #00910 table=page_001133_table_3 lag=   0.9ms active=291
[ 144.116s] SEND #00911 table=page_001368_table_box_id_263 lag=   1.0ms active=292
[ 144.135s] SEND #00912 table=page_000229_table_box_id_7 lag=   0.8ms active=293
[ 144.202s] SEND #00913 table=page_000269_table_box_id_1 lag=   0.8ms active=294
[ 144.243s] RECV #00629 table=page_000634_table_11 request=47.578s scheduled=47.578s status=ok active=293
[ 144.284s] SEND #00914 table=page_001128_table_2 lag=   0.8ms active=294
[ 144.287s] SEND #00915 table=page_000287_table_box_id_1 lag=   0.3ms active=295
[ 144.316s] SEND #00916 table=page_001132_table_box_id_18 lag=   1.0ms active=296
[ 144.363s] SEND #00917 table=page_000721_table_19 lag=   1.1ms active=297
[ 144.663s] SEND #00918 table=page_000236_table_box_id_1 lag=   1.3ms active=298
[ 144.699s] RECV #00662 table=page_001368_table_box_id_257 request=43.186s scheduled=43.186s status=ok active=297
[ 144.800s] SEND #00919 table=page_000307_table_2 lag=   1.1ms active=298
[ 144.852s] SEND #00920 table=page_001166_table_9 lag=   0.7ms active=299
[ 145.122s] RECV #00633 table=page_000417_table_3 request=48.227s scheduled=48.228s status=ok active=298
[ 145.478s] RECV #00622 table=page_000521_table_2 request=49.602s scheduled=49.602s status=ok active=297
[ 145.788s] SEND #00921 table=page_001368_table_box_id_278 lag=   0.7ms active=298
[ 145.834s] SEND #00922 table=page_000273_table_box_id_1 lag=   0.7ms active=299
[ 145.946s] SEND #00923 table=page_000236_table_box_id_5 lag=   1.4ms active=300
[ 146.153s] SEND #00924 table=page_000451_table_12 lag=   1.3ms active=301
[ 146.166s] RECV #00632 table=page_000252_table_box_id_1 request=49.302s scheduled=49.303s status=ok active=300
[ 146.333s] SEND #00925 table=page_000554_table_0 lag=   0.5ms active=301
[ 146.420s] SEND #00926 table=page_000946_table_14 lag=   0.3ms active=302
[ 146.651s] SEND #00927 table=page_000762_table_5 lag=   1.0ms active=303
[ 146.682s] RECV #00677 table=page_001368_table_box_id_220 request=42.740s scheduled=42.741s status=ok active=302
[ 146.754s] SEND #00928 table=page_000292_table_box_id_5 lag=   1.3ms active=303
[ 146.947s] SEND #00929 table=page_000224_table_box-3str9h9p lag=   1.1ms active=304
[ 147.052s] SEND #00930 table=page_000514_table_8 lag=   2.3ms active=305
[ 147.425s] RECV #00569 table=page_000292_table_box_id_2 request=59.689s scheduled=59.689s status=ok active=304
[ 147.598s] SEND #00931 table=page_001216_table_2 lag=   0.4ms active=305
[ 147.792s] SEND #00932 table=page_000591_table_3 lag=   1.2ms active=306
[ 147.808s] SEND #00933 table=page_000199_table_box_id_0 lag=   1.7ms active=307
[ 147.829s] SEND #00934 table=page_001163_table_0 lag=   1.3ms active=308
[ 148.154s] RECV #00686 table=page_000744_table_11 request=43.072s scheduled=43.073s status=ok active=307
[ 148.351s] SEND #00935 table=page_000208_table_box_id_7 lag=   1.0ms active=308
[ 148.391s] SEND #00936 table=page_000420_table_0 lag=   1.2ms active=309
[ 148.395s] SEND #00937 table=page_000680_table_11 lag=   0.7ms active=310
[ 148.440s] SEND #00938 table=page_000677_table_23 lag=   0.9ms active=311
[ 148.540s] SEND #00939 table=page_001248_table_0 lag=   0.4ms active=312
[ 148.609s] RECV #00673 table=page_001167_table_8 request=44.871s scheduled=44.872s status=ok active=311
[ 148.797s] RECV #00661 table=page_001398_table_box-7mwax454 request=47.290s scheduled=47.292s status=ok active=310
[ 149.008s] SEND #00940 table=page_001417_table_2 lag=   1.3ms active=311
[ 149.068s] RECV #00647 table=page_001159_table_5 request=49.978s scheduled=49.979s status=ok active=310
[ 149.086s] SEND #00941 table=page_000507_table_6 lag=   0.6ms active=311
[ 149.267s] RECV #00687 table=page_000697_table_9 request=44.135s scheduled=44.136s status=ok active=310
[ 149.284s] SEND #00942 table=page_000182_table_box-tn22tc2f lag=   0.4ms active=311
[ 149.412s] RECV #00642 table=page_000249_table_box_id_4 request=50.881s scheduled=50.883s status=ok active=310
[ 149.560s] SEND #00943 table=page_001367_table_66 lag=   0.5ms active=311
[ 149.575s] SEND #00944 table=page_000256_table_box_id_8 lag=   1.1ms active=312
[ 149.721s] SEND #00945 table=page_000627_table_14 lag=   1.6ms active=313
[ 149.755s] RECV #00680 table=page_000518_table_11 request=45.623s scheduled=45.624s status=ok active=312
[ 150.031s] RECV #00670 table=page_000508_table_4 request=46.914s scheduled=46.915s status=ok active=311
[ 150.328s] RECV #00582 table=page_001270_table_box_id_1 request=60.708s scheduled=60.709s status=ok active=310
[ 150.562s] SEND #00946 table=page_001273_table_8 lag=   0.5ms active=311
[ 150.657s] RECV #00689 table=page_000554_table_12 request=45.491s scheduled=45.492s status=ok active=310
[ 150.685s] SEND #00947 table=page_001155_table_4 lag=   0.7ms active=311
[ 150.803s] SEND #00948 table=page_000632_table_6 lag=   1.1ms active=312
[ 150.868s] SEND #00949 table=page_001026_table_box_id_25 lag=   1.0ms active=313
[ 150.937s] RECV #00570 table=page_000199_table_box_id_0 request=63.197s scheduled=63.198s status=ok active=312
[ 151.296s] RECV #00697 table=page_000864_table_30 request=44.898s scheduled=44.898s status=ok active=311
[ 151.318s] SEND #00950 table=page_000225_table_box_id_13 lag=   1.2ms active=312
[ 151.837s] RECV #00666 table=page_001160_table_6 request=49.645s scheduled=49.646s status=ok active=311
[ 151.855s] SEND #00951 table=page_000858_table_1 lag=   1.2ms active=312
[ 151.871s] SEND #00952 table=page_001233_table_6 lag=   0.8ms active=313
[ 151.996s] SEND #00953 table=page_000242_table_box_id_3 lag=   1.2ms active=314
[ 152.074s] RECV #00664 table=page_001522_table_8 request=50.016s scheduled=50.016s status=ok active=313
[ 152.079s] SEND #00954 table=page_001134_table_10 lag=   0.7ms active=314
[ 152.250s] SEND #00955 table=page_000861_table_17 lag=   0.6ms active=315
[ 152.274s] SEND #00956 table=page_001368_table_box_id_280 lag=   5.6ms active=316
[ 152.317s] SEND #00957 table=page_000790_table_9 lag=   0.5ms active=317
[ 152.367s] SEND #00958 table=page_000265_table_box_id_3 lag=   0.4ms active=318
[ 152.468s] SEND #00959 table=page_000921_table_9 lag=   0.7ms active=319
[ 152.664s] RECV #00658 table=page_001035_table_31 request=52.464s scheduled=52.465s status=ok active=318
[ 152.710s] SEND #00960 table=page_000626_table_box_id_7 lag=   0.4ms active=319
[ 153.010s] SEND #00961 table=page_001124_table_21 lag=   0.6ms active=320
[ 153.154s] RECV #00684 table=page_000241_table_box_id_2 request=48.361s scheduled=48.362s status=ok active=319
[ 153.248s] SEND #00962 table=page_000554_table_0 lag=   0.7ms active=320
[ 153.422s] SEND #00963 table=page_000224_table_box-3str9h9p lag=   1.2ms active=321
[ 153.436s] SEND #00964 table=page_001137_table_11 lag=   0.8ms active=322
[ 153.512s] SEND #00965 table=page_000643_table_4 lag=   1.0ms active=323
[ 153.535s] RECV #00693 table=page_000499_table_5 request=47.821s scheduled=47.822s status=ok active=322
[ 153.682s] SEND #00966 table=page_001082_table_34 lag=   1.1ms active=323
[ 153.737s] SEND #00967 table=page_000835_table_2 lag=   2.2ms active=324
[ 153.844s] SEND #00968 table=page_000276_table_box_id_5 lag=   0.6ms active=325
[ 154.207s] SEND #00969 table=page_001138_table_1 lag=   1.5ms active=326
[ 154.226s] SEND #00970 table=page_001376_table_5 lag=   0.8ms active=327
[ 154.442s] RECV #00668 table=page_000629_table_14 request=51.730s scheduled=51.731s status=ok active=326
[ 154.522s] SEND #00971 table=page_000746_table_18 lag=   0.8ms active=327
[ 154.539s] SEND #00972 table=page_000821_table_box_id_26 lag=   1.0ms active=328
[ 154.614s] SEND #00973 table=page_000195_table_box_id_0 lag=   0.7ms active=329
[ 154.978s] SEND #00974 table=page_000215_table_box_id_4 lag=   2.5ms active=330
[ 155.012s] SEND #00975 table=page_000982_table_16 lag=   1.4ms active=331
[ 155.124s] SEND #00976 table=page_001178_table_0 lag=   0.6ms active=332
[ 155.208s] SEND #00977 table=page_001121_table_10 lag=   1.1ms active=333
[ 155.208s] RECV #00695 table=page_001375_table_7 request=49.039s scheduled=49.040s status=ok active=332
[ 155.545s] SEND #00978 table=page_000106_table_box_id_4 lag=   1.8ms active=333
[ 155.682s] RECV #00675 table=page_001154_table_10 request=51.917s scheduled=51.918s status=ok active=332
[ 156.053s] RECV #00445 table=page_000216_table_box_id_0 request=87.896s scheduled=87.897s status=ok active=331
[ 156.288s] SEND #00979 table=page_000709_table_12 lag=   0.8ms active=332
[ 156.340s] SEND #00980 table=page_000793_table_8 lag=   0.3ms active=333
[ 156.408s] RECV #00652 table=page_000419_table_4 request=56.992s scheduled=56.993s status=ok active=332
[ 156.446s] SEND #00981 table=page_000737_table_6 lag=   2.0ms active=333
[ 156.792s] SEND #00982 table=page_000446_table_3 lag=   1.5ms active=334
[ 156.886s] RECV #00630 table=page_000227_table_box_id_1 request=60.143s scheduled=60.144s status=ok active=333
[ 156.914s] SEND #00983 table=page_001126_table_18 lag=   2.0ms active=334
[ 156.950s] SEND #00984 table=page_000232_table_box_id_8 lag=   1.1ms active=335
[ 157.170s] SEND #00985 table=page_000715_table_14 lag=   1.3ms active=336
[ 157.233s] SEND #00986 table=page_001125_table_9 lag=   1.1ms active=337
[ 157.275s] RECV #00709 table=page_000838_table_4 request=49.044s scheduled=49.045s status=ok active=336
[ 157.336s] SEND #00987 table=page_000866_table_14 lag=   1.5ms active=337
[ 157.337s] SEND #00988 table=page_000746_table_18 lag=   1.3ms active=338
[ 157.501s] RECV #00688 table=page_000262_table_box_id_1 request=52.350s scheduled=52.351s status=ok active=337
[ 157.682s] RECV #00616 table=page_000178_table_box_id_1 request=62.350s scheduled=62.351s status=ok active=336
[ 157.860s] RECV #00711 table=page_000647_table_1 request=49.514s scheduled=49.514s status=ok active=335
[ 158.030s] SEND #00989 table=page_001595_table_box_id_7 lag=   1.0ms active=336
[ 158.081s] RECV #00706 table=page_000935_table_11 request=50.041s scheduled=50.041s status=ok active=335
[ 158.194s] SEND #00990 table=page_000297_table_5 lag=   0.6ms active=336
[ 158.278s] RECV #00704 table=page_000532_table_4 request=50.507s scheduled=50.508s status=ok active=335
[ 158.484s] RECV #00718 table=page_000665_table_3 request=48.746s scheduled=48.747s status=ok active=334
[ 158.594s] SEND #00991 table=page_000343_table_0 lag=   0.7ms active=335
[ 158.603s] RECV #00655 table=page_000500_table_3 request=58.694s scheduled=58.695s status=ok active=334
[ 158.812s] RECV #00690 table=page_000244_table_box-fkrm6qrz request=53.642s scheduled=53.643s status=ok active=333
[ 159.042s] RECV #00691 table=page_001398_table_box-1nnly5de request=53.716s scheduled=53.717s status=ok active=332
[ 159.127s] SEND #00992 table=page_001222_table_2 lag=   0.3ms active=333
[ 159.175s] SEND #00993 table=page_000630_table_2 lag=   0.5ms active=334
[ 159.255s] RECV #00672 table=page_001367_table_68 request=55.894s scheduled=55.895s status=ok active=333
[ 159.295s] SEND #00994 table=page_000260_table_box_id_0 lag=   0.8ms active=334
[ 159.384s] SEND #00995 table=page_000239_table_box_id_7 lag=   0.4ms active=335
[ 159.489s] RECV #00548 table=page_000632_table_0 request=75.213s scheduled=75.214s status=ok active=334
[ 159.604s] SEND #00996 table=page_000652_table_3 lag=   0.9ms active=335
[ 159.792s] RECV #00716 table=page_000355_table_3 request=50.466s scheduled=50.467s status=ok active=334
[ 159.888s] SEND #00997 table=page_001368_table_box_id_239 lag=   0.7ms active=335
[ 159.928s] SEND #00998 table=page_001156_table_6 lag=   0.9ms active=336
[ 159.977s] SEND #00999 table=page_000821_table_box_id_14 lag=   0.8ms active=337
[ 160.168s] SEND #01000 table=page_000468_table_11 lag=   2.8ms active=338
[ 160.304s] RECV #00702 table=page_001180_table_16 request=52.737s scheduled=52.737s status=ok active=337
[ 161.248s] RECV #00682 table=page_000628_table_6 request=56.470s scheduled=56.471s status=ok active=336
[ 161.375s] RECV #00707 table=page_001170_table_7 request=53.221s scheduled=53.222s status=ok active=335
[ 161.620s] RECV #00608 table=page_000294_table_box_id_1 request=67.959s scheduled=67.960s status=ok active=334
[ 161.797s] RECV #00416 table=page_000279_table_box-fy04hrwa request=99.145s scheduled=99.146s status=ok active=333
[ 161.999s] RECV #00696 table=page_001089_table_box_id_16 request=55.754s scheduled=55.755s status=ok active=332
[ 162.165s] RECV #00728 table=page_000763_table_7 request=50.426s scheduled=50.427s status=ok active=331
[ 162.410s] RECV #00605 table=page_000501_table_6 request=69.114s scheduled=69.115s status=ok active=330
[ 162.593s] RECV #00730 table=page_000715_table_10 request=50.140s scheduled=50.141s status=ok active=329
[ 162.953s] RECV #00734 table=page_000866_table_10 request=50.267s scheduled=50.267s status=ok active=328
[ 163.229s] RECV #00736 table=page_000656_table_19 request=50.276s scheduled=50.276s status=ok active=327
[ 163.451s] RECV #00678 table=page_000585_table_1 request=59.436s scheduled=59.437s status=ok active=326
[ 163.567s] RECV #00712 table=page_001146_table_11 request=54.894s scheduled=54.895s status=ok active=325
[ 163.568s] RECV #00733 table=page_000683_table_8 request=50.902s scheduled=50.903s status=ok active=324
[ 163.942s] RECV #00701 table=page_001368_table_box_id_229 request=56.795s scheduled=56.796s status=ok active=323
[ 164.144s] RECV #00735 table=page_000223_table_box_id_4 request=51.380s scheduled=51.380s status=ok active=322
[ 164.292s] RECV #00710 table=page_000647_table_5 request=55.979s scheduled=55.980s status=ok active=321
[ 164.593s] RECV #00694 table=page_001342_table_2 request=58.590s scheduled=58.592s status=ok active=320
[ 165.206s] RECV #00703 table=page_000213_table_box_id_5 request=57.502s scheduled=57.502s status=ok active=319
[ 165.408s] RECV #00744 table=page_000763_table_2 request=51.651s scheduled=51.651s status=ok active=318
[ 165.615s] RECV #00715 table=page_001214_table_8 request=56.498s scheduled=56.499s status=ok active=317
[ 165.837s] RECV #00679 table=page_000506_table_9 request=61.801s scheduled=61.801s status=ok active=316
[ 166.031s] RECV #00699 table=page_000513_table_1 request=58.938s scheduled=58.938s status=ok active=315
[ 166.032s] RECV #00583 table=page_000466_table_0 request=76.299s scheduled=76.299s status=ok active=314
[ 166.473s] RECV #00624 table=page_000511_table_1 request=70.314s scheduled=70.314s status=ok active=313
[ 166.604s] RECV #00721 table=page_001248_table_0 request=56.220s scheduled=56.222s status=ok active=312
[ 166.605s] RECV #00713 table=page_000434_table_15 request=57.847s scheduled=57.848s status=ok active=311
[ 167.116s] RECV #00727 table=page_001516_table_17 request=55.475s scheduled=55.476s status=ok active=310
[ 167.322s] RECV #00301 table=page_000295_table_box_id_1 request=121.283s scheduled=121.284s status=ok active=309
[ 167.642s] RECV #00748 table=page_001117_table_box_id_17 request=53.359s scheduled=53.359s status=ok active=308
[ 167.837s] RECV #00588 table=page_000285_table_box_id_1 request=77.525s scheduled=77.527s status=ok active=307
[ 168.044s] RECV #00659 table=page_000451_table_10 request=67.704s scheduled=67.705s status=ok active=306
[ 168.279s] RECV #00741 table=page_000209_table_box_id_1 request=54.616s scheduled=54.617s status=ok active=305
[ 168.517s] RECV #00720 table=page_001144_table_11 request=58.158s scheduled=58.159s status=ok active=304
[ 168.704s] RECV #00510 table=page_001367_table_60 request=90.750s scheduled=90.751s status=ok active=303
[ 169.002s] RECV #00738 table=page_000220_table_box_id_10 request=55.715s scheduled=55.716s status=ok active=302
[ 169.167s] RECV #00482 table=page_000293_table_box_id_1 request=95.351s scheduled=95.351s status=ok active=301
[ 169.332s] RECV #00737 table=page_001395_table_7 request=56.049s scheduled=56.050s status=ok active=300
[ 169.800s] RECV #00606 table=page_001173_table_6 request=76.446s scheduled=76.447s status=ok active=299
[ 169.977s] RECV #00747 table=page_001368_table_box_id_242 request=55.938s scheduled=55.938s status=ok active=298
[ 170.147s] RECV #00753 table=page_000833_table_4 request=55.130s scheduled=55.130s status=ok active=297
[ 170.479s] RECV #00692 table=page_001210_table_4 request=64.943s scheduled=64.944s status=ok active=296
[ 170.977s] RECV #00700 table=page_000228_table_box_id_1 request=63.841s scheduled=63.841s status=ok active=295
[ 171.232s] RECV #00312 table=page_000288_table_box_id_1 request=123.415s scheduled=123.416s status=ok active=294
[ 171.377s] RECV #00766 table=page_000655_table_5 request=53.645s scheduled=53.646s status=ok active=293
[ 171.811s] RECV #00732 table=page_000201_table_box-w2ehqidz request=59.235s scheduled=59.236s status=ok active=292
[ 171.957s] RECV #00752 table=page_000533_table_8 request=56.982s scheduled=56.983s status=ok active=291
[ 172.408s] RECV #00751 table=page_001219_table_box_id_4 request=57.519s scheduled=57.519s status=ok active=290
[ 172.646s] RECV #00549 table=page_001187_table_0 request=87.946s scheduled=87.946s status=ok active=289
[ 172.951s] RECV #00717 table=page_001036_table_box_id_4 request=63.429s scheduled=63.429s status=ok active=288
[ 173.187s] RECV #00708 table=page_001140_table_11 request=65.024s scheduled=65.025s status=ok active=287
[ 173.341s] RECV #00761 table=page_001140_table_12 request=57.041s scheduled=57.042s status=ok active=286
[ 173.617s] RECV #00758 table=page_000520_table_6 request=57.631s scheduled=57.632s status=ok active=285
[ 173.770s] RECV #00763 table=page_000226_table_box_id_5 request=56.698s scheduled=56.698s status=ok active=284
[ 173.960s] RECV #00698 table=page_001134_table_10 request=67.023s scheduled=67.024s status=ok active=283
[ 174.225s] RECV #00756 table=page_000208_table_box_id_7 request=58.956s scheduled=58.957s status=ok active=282
[ 174.368s] RECV #00731 table=page_001367_table_52 request=61.909s scheduled=61.910s status=ok active=281
[ 174.497s] RECV #00764 table=page_001449_table_1 request=57.229s scheduled=57.229s status=ok active=280
[ 174.659s] RECV #00767 table=page_000533_table_5 request=56.810s scheduled=56.810s status=ok active=279
[ 174.659s] RECV #00774 table=page_000636_table_5 request=55.907s scheduled=55.908s status=ok active=278
[ 175.045s] RECV #00619 table=page_001219_table_box_id_1 request=79.408s scheduled=79.409s status=ok active=277
[ 175.319s] RECV #00586 table=page_001164_table_2 request=85.198s scheduled=85.200s status=ok active=276
[ 175.478s] RECV #00778 table=page_000781_table_0 request=56.262s scheduled=56.263s status=ok active=275
[ 175.772s] RECV #00739 table=page_000239_table_box_id_1 request=62.371s scheduled=62.371s status=ok active=274
[ 175.953s] RECV #00768 table=page_000220_table_box_id_10 request=57.754s scheduled=57.756s status=ok active=273
[ 175.954s] RECV #00775 table=page_000920_table_3 request=57.137s scheduled=57.137s status=ok active=272
[ 176.216s] RECV #00776 table=page_000838_table_1 request=57.266s scheduled=57.267s status=ok active=271
[ 176.393s] RECV #00749 table=page_000253_table_box_id_2 request=61.857s scheduled=61.858s status=ok active=270
[ 176.618s] RECV #00773 table=page_001011_table_35 request=57.882s scheduled=57.882s status=ok active=269
[ 176.741s] RECV #00723 table=page_000495_table_9 request=65.675s scheduled=65.676s status=ok active=268
[ 176.951s] RECV #00782 table=page_000300_table_1 request=57.395s scheduled=57.395s status=ok active=267
[ 177.176s] RECV #00781 table=page_000826_table_32 request=57.686s scheduled=57.687s status=ok active=266
[ 177.728s] RECV #00755 table=page_000534_table_4 request=62.523s scheduled=62.523s status=ok active=265
[ 177.918s] RECV #00796 table=page_000668_table_15 request=55.316s scheduled=55.317s status=ok active=264
[ 178.090s] RECV #00685 table=page_000250_table_box_id_4 request=73.014s scheduled=73.015s status=ok active=263
[ 178.581s] RECV #00754 table=page_001177_table_2 request=63.438s scheduled=63.438s status=ok active=262
[ 178.777s] RECV #00789 table=page_001398_table_box-5zkimf1o request=58.262s scheduled=58.263s status=ok active=261
[ 178.976s] RECV #00726 table=page_001595_table_box_id_5 request=67.593s scheduled=67.594s status=ok active=260
[ 179.188s] RECV #00665 table=page_001275_table_3 request=77.071s scheduled=77.071s status=ok active=259
[ 179.320s] RECV #00769 table=page_000523_table_0 request=60.848s scheduled=60.848s status=ok active=258
[ 179.446s] RECV #00676 table=page_001215_table_5 request=75.513s scheduled=75.514s status=ok active=257
[ 179.797s] RECV #00705 table=page_000639_table_4 request=71.882s scheduled=71.884s status=ok active=256
[ 180.028s] RECV #00617 table=page_000626_table_box_id_7 request=84.553s scheduled=84.553s status=ok active=255
[ 180.344s] RECV #00794 table=page_000523_table_1 request=58.683s scheduled=58.685s status=ok active=254
[ 180.511s] RECV #00808 table=page_000292_table_box_id_5 request=54.883s scheduled=54.884s status=ok active=253
[ 180.710s] RECV #00786 table=page_001368_table_box_id_244 request=60.659s scheduled=60.660s status=ok active=252
[ 180.907s] RECV #00760 table=page_001125_table_4 request=64.770s scheduled=64.770s status=ok active=251
[ 181.090s] RECV #00777 table=page_000220_table_box_id_3 request=62.134s scheduled=62.135s status=ok active=250
[ 181.238s] RECV #00799 table=page_000712_table_4 request=57.583s scheduled=57.584s status=ok active=249
[ 181.238s] RECV #00788 table=page_000238_table_box_id_2 request=60.784s scheduled=60.785s status=ok active=248
[ 181.592s] RECV #00807 table=page_000668_table_15 request=56.034s scheduled=56.035s status=ok active=247
[ 181.778s] RECV #00750 table=page_000635_table_0 request=66.943s scheduled=66.944s status=ok active=246
[ 182.142s] RECV #00802 table=page_001375_table_3 request=58.102s scheduled=58.103s status=ok active=245
[ 182.142s] RECV #00814 table=page_000763_table_7 request=55.025s scheduled=55.026s status=ok active=244
[ 182.414s] RECV #00811 table=page_001368_table_box_id_159 request=56.110s scheduled=56.111s status=ok active=243
[ 182.608s] RECV #00785 table=page_001171_table_6 request=62.671s scheduled=62.673s status=ok active=242
[ 182.768s] RECV #00790 table=page_000202_table_box_id_0 request=62.192s scheduled=62.193s status=ok active=241
[ 182.916s] RECV #00812 table=page_000247_table_box_id_0 request=56.516s scheduled=56.517s status=ok active=240
[ 182.916s] RECV #00800 table=page_000526_table_7 request=59.011s scheduled=59.013s status=ok active=239
[ 183.353s] RECV #00779 table=page_000465_table_4 request=63.975s scheduled=63.976s status=ok active=238
[ 183.353s] RECV #00792 table=page_000941_table_1 request=62.169s scheduled=62.169s status=ok active=237
[ 183.714s] RECV #00780 table=page_001135_table_6 request=64.279s scheduled=64.280s status=ok active=236
[ 183.886s] RECV #00371 table=page_000278_table_box_id_1 request=126.630s scheduled=126.631s status=ok active=235
[ 184.005s] RECV #00783 table=page_001189_table_box_id_3 request=64.388s scheduled=64.389s status=ok active=234
[ 184.552s] RECV #00714 table=page_001375_table_1 request=75.626s scheduled=75.628s status=ok active=233
[ 184.764s] RECV #00742 table=page_000227_table_box_id_1 request=71.087s scheduled=71.087s status=ok active=232
[ 185.153s] RECV #00795 table=page_001157_table_5 request=63.088s scheduled=63.090s status=ok active=231
[ 185.339s] RECV #00830 table=page_001368_table_box_id_165 request=56.659s scheduled=56.659s status=ok active=230
[ 185.548s] RECV #00784 table=page_000629_table_14 request=65.718s scheduled=65.719s status=ok active=229
[ 185.785s] RECV #00825 table=page_000356_table_1 request=57.485s scheduled=57.486s status=ok active=228
[ 186.060s] RECV #00820 table=page_001169_table_11 request=58.188s scheduled=58.189s status=ok active=227
[ 186.272s] RECV #00637 table=page_001164_table_2 request=88.852s scheduled=88.853s status=ok active=226
[ 186.448s] RECV #00817 table=page_000641_table_5 request=59.099s scheduled=59.100s status=ok active=225
[ 186.829s] RECV #00829 table=page_000918_table_0 request=58.264s scheduled=58.265s status=ok active=224
[ 187.049s] RECV #00683 table=page_000281_table_box_id_1 request=82.265s scheduled=82.266s status=ok active=223
[ 187.392s] RECV #00627 table=page_000496_table_4 request=90.801s scheduled=90.801s status=ok active=222
[ 187.830s] RECV #00759 table=page_001134_table_11 request=71.710s scheduled=71.710s status=ok active=221
[ 188.025s] RECV #00835 table=page_000913_table_11 request=58.841s scheduled=58.841s status=ok active=220
[ 188.340s] RECV #00762 table=page_000524_table_0 request=71.948s scheduled=71.949s status=ok active=219
[ 188.660s] RECV #00494 table=page_001274_table_4 request=112.821s scheduled=112.822s status=ok active=218
[ 188.662s] RECV #00394 table=page_000290_table_box_id_1 request=129.282s scheduled=129.283s status=ok active=217
[ 188.930s] RECV #00765 table=page_001147_table_8 request=71.385s scheduled=71.386s status=ok active=216
[ 189.239s] RECV #00681 table=page_001137_table_10 request=84.825s scheduled=84.826s status=ok active=215
[ 189.447s] RECV #00805 table=page_001119_table_box_id_2 request=64.287s scheduled=64.288s status=ok active=214
[ 189.779s] RECV #00848 table=page_000763_table_26 request=58.172s scheduled=58.172s status=ok active=213
[ 189.964s] RECV #00845 table=page_000793_table_8 request=58.735s scheduled=58.736s status=ok active=212
[ 190.121s] RECV #00810 table=page_001193_table_8 request=63.897s scheduled=63.897s status=ok active=211
[ 190.301s] RECV #00798 table=page_001367_table_67 request=67.039s scheduled=67.040s status=ok active=210
[ 190.535s] RECV #00844 table=page_000269_table_box_id_1 request=59.650s scheduled=59.651s status=ok active=209
[ 190.701s] RECV #00793 table=page_000106_table_box_id_2 request=69.416s scheduled=69.417s status=ok active=208
[ 190.984s] RECV #00843 table=page_001132_table_box_id_18 request=60.408s scheduled=60.408s status=ok active=207
[ 191.171s] RECV #00819 table=page_001398_table_box-bfny2f1z request=63.330s scheduled=63.331s status=ok active=206
[ 191.335s] RECV #00408 table=page_000283_table_box_id_1 request=130.050s scheduled=130.051s status=ok active=205
[ 191.337s] RECV #00851 table=page_001368_table_box_id_159 request=58.838s scheduled=58.839s status=ok active=204
[ 191.669s] RECV #00856 table=page_001368_table_box_id_167 request=57.651s scheduled=57.652s status=ok active=203
[ 191.843s] RECV #00833 table=page_000268_table_box_id_6 request=62.845s scheduled=62.847s status=ok active=202
[ 191.966s] RECV #00815 table=page_000206_table_box_id_9 request=64.820s scheduled=64.822s status=ok active=201
[ 192.156s] RECV #00840 table=page_000696_table_0 request=62.113s scheduled=62.113s status=ok active=200
[ 192.444s] RECV #00787 table=page_001368_table_box_id_263 request=72.368s scheduled=72.369s status=ok active=199
[ 192.638s] RECV #00823 table=page_000226_table_box_id_3 request=64.476s scheduled=64.476s status=ok active=198
[ 192.831s] RECV #00827 table=page_001193_table_8 request=64.467s scheduled=64.467s status=ok active=197
[ 193.091s] RECV #00645 table=page_000637_table_6 request=94.197s scheduled=94.199s status=ok active=196
[ 193.572s] RECV #00852 table=page_000534_table_3 request=60.813s scheduled=60.815s status=ok active=195
[ 193.700s] RECV #00842 table=page_001367_table_69 request=63.263s scheduled=63.265s status=ok active=194
[ 194.035s] RECV #00871 table=page_000605_table_3 request=58.105s scheduled=58.107s status=ok active=193
[ 194.208s] RECV #00831 table=page_000226_table_box_id_3 request=65.515s scheduled=65.516s status=ok active=192
[ 194.432s] RECV #00806 table=page_001367_table_51 request=69.085s scheduled=69.085s status=ok active=191
[ 194.689s] RECV #00434 table=page_000295_table_box_id_1 request=129.175s scheduled=129.176s status=ok active=190
[ 194.831s] RECV #00854 table=page_000258_table_box_id_5 request=61.058s scheduled=61.059s status=ok active=189
[ 195.037s] RECV #00456 table=page_000275_table_box_id_1 request=124.771s scheduled=124.773s status=ok active=188
[ 195.462s] RECV #00855 table=page_000577_table_3 request=61.655s scheduled=61.656s status=ok active=187
[ 195.617s] RECV #00862 table=page_001191_table_2 request=60.505s scheduled=60.506s status=ok active=186
[ 195.780s] RECV #00876 table=page_000827_table_8 request=58.584s scheduled=58.584s status=ok active=185
[ 195.780s] RECV #00849 table=page_000790_table_9 request=63.727s scheduled=63.727s status=ok active=184
[ 196.134s] RECV #00864 table=page_001141_table_19 request=60.881s scheduled=60.881s status=ok active=183
[ 196.135s] RECV #00818 table=page_000220_table_box_id_7 request=68.659s scheduled=68.659s status=ok active=182
[ 196.397s] RECV #00804 table=page_001036_table_box_id_4 request=71.472s scheduled=71.473s status=ok active=181
[ 196.685s] RECV #00847 table=page_000942_table_3 request=65.198s scheduled=65.199s status=ok active=180
[ 196.961s] RECV #00771 table=page_001129_table_8 request=78.409s scheduled=78.410s status=ok active=179
[ 197.178s] RECV #00857 table=page_000799_table_6 request=62.935s scheduled=62.935s status=ok active=178
[ 197.321s] RECV #00745 table=page_001227_table_10 request=83.361s scheduled=83.361s status=ok active=177
[ 197.470s] RECV #00828 table=page_001196_table_13 request=69.059s scheduled=69.059s status=ok active=176
[ 197.642s] RECV #00872 table=page_001124_table_21 request=61.657s scheduled=61.658s status=ok active=175
[ 197.820s] RECV #00883 table=page_000827_table_8 request=59.320s scheduled=59.321s status=ok active=174
[ 198.060s] RECV #00791 table=page_000268_table_box_id_2 request=77.473s scheduled=77.473s status=ok active=173
[ 198.263s] RECV #00841 table=page_000638_table_1 request=68.168s scheduled=68.169s status=ok active=172
[ 198.394s] RECV #00837 table=page_001233_table_6 request=68.902s scheduled=68.902s status=ok active=171
[ 198.613s] RECV #00880 table=page_001184_table_6 request=60.929s scheduled=60.929s status=ok active=170
[ 199.064s] RECV #00892 table=page_000823_table_8 request=59.170s scheduled=59.173s status=ok active=169
[ 199.289s] RECV #00889 table=page_001367_table_71 request=60.156s scheduled=60.158s status=ok active=168
[ 199.611s] RECV #00866 table=page_000182_table_box_id_2 request=63.970s scheduled=63.971s status=ok active=167
[ 199.830s] RECV #00863 table=page_001208_table_12 request=64.582s scheduled=64.583s status=ok active=166
[ 200.022s] RECV #00858 table=page_000465_table_9 request=65.666s scheduled=65.667s status=ok active=165
[ 200.501s] RECV #00895 table=page_001506_table_14 request=59.475s scheduled=59.475s status=ok active=164
[ 200.704s] RECV #00859 table=page_001160_table_6 request=66.247s scheduled=66.247s status=ok active=163
[ 201.103s] RECV #00729 table=page_000466_table_0 request=89.293s scheduled=89.294s status=ok active=162
[ 201.327s] RECV #00894 table=page_000554_table_12 request=60.428s scheduled=60.429s status=ok active=161
[ 201.465s] RECV #00836 table=page_000245_table_box_id_0 request=71.976s scheduled=71.977s status=ok active=160
[ 201.616s] RECV #00890 table=page_000938_table_5 request=61.905s scheduled=61.907s status=ok active=159
[ 202.081s] RECV #00873 table=page_000465_table_10 request=65.759s scheduled=65.761s status=ok active=158
[ 202.344s] RECV #00865 table=page_001496_table_3 request=66.796s scheduled=66.798s status=ok active=157
[ 202.344s] RECV #00902 table=page_000716_table_2 request=59.474s scheduled=59.475s status=ok active=156
[ 202.770s] RECV #00867 table=page_000984_table_3 request=67.096s scheduled=67.097s status=ok active=155
[ 202.770s] RECV #00824 table=page_000631_table_0 request=74.592s scheduled=74.592s status=ok active=154
[ 203.159s] RECV #00846 table=page_000251_table_box_id_7 request=71.845s scheduled=71.846s status=ok active=153
[ 203.397s] RECV #00877 table=page_001230_table_box_id_1 request=66.070s scheduled=66.071s status=ok active=152
[ 203.584s] RECV #00898 table=page_000532_table_4 request=61.983s scheduled=61.984s status=ok active=151
[ 203.742s] RECV #00870 table=page_001194_table_3 request=67.833s scheduled=67.833s status=ok active=150
[ 204.013s] RECV #00904 table=page_000654_table_0 request=60.780s scheduled=60.781s status=ok active=149
[ 204.214s] RECV #00885 table=page_001516_table_17 request=65.505s scheduled=65.506s status=ok active=148
[ 204.376s] RECV #00746 table=page_000261_table_box_id_3 request=90.359s scheduled=90.359s status=ok active=147
[ 204.583s] RECV #00907 table=page_000745_table_2 request=60.939s scheduled=60.939s status=ok active=146
[ 204.759s] RECV #00891 table=page_001143_table_4 request=65.022s scheduled=65.023s status=ok active=145
[ 205.023s] RECV #00899 table=page_001419_table_10 request=63.075s scheduled=63.076s status=ok active=144
[ 205.024s] RECV #00875 table=page_000861_table_17 request=67.947s scheduled=67.949s status=ok active=143
[ 205.253s] RECV #00887 table=page_001082_table_23 request=66.380s scheduled=66.381s status=ok active=142
[ 205.429s] RECV #00816 table=page_000639_table_11 request=78.258s scheduled=78.259s status=ok active=141
[ 205.429s] RECV #00803 table=page_001197_table_5 request=81.257s scheduled=81.258s status=ok active=140
[ 205.714s] RECV #00903 table=page_001398_table_box-5zkimf1o request=62.555s scheduled=62.557s status=ok active=139
[ 205.941s] RECV #00874 table=page_000257_table_box_id_20 request=69.409s scheduled=69.410s status=ok active=138
[ 206.252s] RECV #00913 table=page_000269_table_box_id_1 request=62.050s scheduled=62.051s status=ok active=137
[ 206.388s] RECV #00917 table=page_000721_table_19 request=62.025s scheduled=62.026s status=ok active=136
[ 206.388s] RECV #00801 table=page_001220_table_8 request=82.461s scheduled=82.463s status=ok active=135
[ 206.859s] RECV #00900 table=page_000929_table_0 request=64.741s scheduled=64.741s status=ok active=134
[ 206.988s] RECV #00928 table=page_000292_table_box_id_5 request=60.234s scheduled=60.235s status=ok active=133
[ 207.191s] RECV #00921 table=page_001368_table_box_id_278 request=61.403s scheduled=61.404s status=ok active=132
[ 207.504s] RECV #00826 table=page_000207_table_box_id_1 request=79.157s scheduled=79.157s status=ok active=131
[ 207.668s] RECV #00896 table=page_000205_table_box_id_11 request=66.571s scheduled=66.571s status=ok active=130
[ 207.853s] RECV #00916 table=page_001132_table_box_id_18 request=63.537s scheduled=63.538s status=ok active=129
[ 208.057s] RECV #00925 table=page_000554_table_0 request=61.724s scheduled=61.725s status=ok active=128
[ 208.256s] RECV #00839 table=page_000242_table_box_id_3 request=78.402s scheduled=78.403s status=ok active=127
[ 208.444s] RECV #00927 table=page_000762_table_5 request=61.792s scheduled=61.793s status=ok active=126
[ 208.735s] RECV #00912 table=page_000229_table_box_id_7 request=64.601s scheduled=64.602s status=ok active=125
[ 209.147s] RECV #00938 table=page_000677_table_23 request=60.707s scheduled=60.708s status=ok active=124
[ 209.337s] RECV #00909 table=page_000603_table_7 request=65.378s scheduled=65.379s status=ok active=123
[ 209.508s] RECV #00853 table=page_000623_table_7 request=75.782s scheduled=75.782s status=ok active=122
[ 209.707s] RECV #00897 table=page_000612_table_6 request=68.530s scheduled=68.531s status=ok active=121
[ 209.827s] RECV #00926 table=page_000946_table_14 request=63.407s scheduled=63.408s status=ok active=120
[ 209.972s] RECV #00908 table=page_000229_table_box_id_3 request=66.115s scheduled=66.116s status=ok active=119
[ 210.153s] RECV #00901 table=page_001135_table_6 request=67.681s scheduled=67.682s status=ok active=118
[ 210.344s] RECV #00834 table=page_000237_table_box_id_3 request=81.188s scheduled=81.189s status=ok active=117
[ 210.709s] RECV #00920 table=page_001166_table_9 request=65.857s scheduled=65.858s status=ok active=116
[ 211.008s] RECV #00489 table=page_000272_table_box_id_1 request=136.291s scheduled=136.292s status=ok active=115
[ 211.233s] RECV #00813 table=page_001148_table_3 request=84.231s scheduled=84.233s status=ok active=114
[ 211.562s] RECV #00940 table=page_001417_table_2 request=62.554s scheduled=62.555s status=ok active=113
[ 211.927s] RECV #00947 table=page_001155_table_4 request=61.242s scheduled=61.243s status=ok active=112
[ 212.168s] RECV #00918 table=page_000236_table_box_id_1 request=67.505s scheduled=67.506s status=ok active=111
[ 212.370s] RECV #00724 table=page_000280_table_box_id_1 request=101.010s scheduled=101.010s status=ok active=110
[ 212.570s] RECV #00930 table=page_000514_table_8 request=65.518s scheduled=65.520s status=ok active=109
[ 212.700s] RECV #00850 table=page_001176_table_4 request=80.401s scheduled=80.402s status=ok active=108
[ 212.941s] RECV #00740 table=page_000233_table_box_id_2 request=99.526s scheduled=99.526s status=ok active=107
[ 213.164s] RECV #00956 table=page_001368_table_box_id_280 request=60.889s scheduled=60.895s status=ok active=106
[ 213.319s] RECV #00942 table=page_000182_table_box-tn22tc2f request=64.036s scheduled=64.036s status=ok active=105
[ 213.475s] RECV #00923 table=page_000236_table_box_id_5 request=67.529s scheduled=67.530s status=ok active=104
[ 213.672s] RECV #00838 table=page_000249_table_box-gjm9bkso request=84.108s scheduled=84.109s status=ok active=103
[ 214.031s] RECV #00951 table=page_000858_table_1 request=62.176s scheduled=62.178s status=ok active=102
[ 214.267s] RECV #00936 table=page_000420_table_0 request=65.876s scheduled=65.877s status=ok active=101
[ 214.484s] RECV #00932 table=page_000591_table_3 request=66.692s scheduled=66.693s status=ok active=100
[ 214.684s] RECV #00948 table=page_000632_table_6 request=63.881s scheduled=63.882s status=ok active=99
[ 214.950s] RECV #00743 table=page_000264_table_box_id_5 request=101.268s scheduled=101.268s status=ok active=98
[ 215.250s] RECV #00757 table=page_000270_table_box_id_0 request=99.746s scheduled=99.746s status=ok active=97
[ 215.472s] RECV #00935 table=page_000208_table_box_id_7 request=67.121s scheduled=67.122s status=ok active=96
[ 215.843s] RECV #00962 table=page_000554_table_0 request=62.595s scheduled=62.596s status=ok active=95
[ 216.076s] RECV #00959 table=page_000921_table_9 request=63.609s scheduled=63.609s status=ok active=94
[ 216.274s] RECV #00961 table=page_001124_table_21 request=63.263s scheduled=63.264s status=ok active=93
[ 216.623s] RECV #00967 table=page_000835_table_2 request=62.886s scheduled=62.888s status=ok active=92
[ 216.808s] RECV #00939 table=page_001248_table_0 request=68.269s scheduled=68.269s status=ok active=91
[ 217.083s] RECV #00944 table=page_000256_table_box_id_8 request=67.508s scheduled=67.509s status=ok active=90
[ 217.230s] RECV #00905 table=page_001204_table_4 request=73.902s scheduled=73.902s status=ok active=89
[ 217.522s] RECV #00937 table=page_000680_table_11 request=69.127s scheduled=69.128s status=ok active=88
[ 217.699s] RECV #00888 table=page_000524_table_0 request=78.689s scheduled=78.691s status=ok active=87
[ 217.964s] RECV #00972 table=page_000821_table_box_id_26 request=63.425s scheduled=63.426s status=ok active=86
[ 218.460s] RECV #00957 table=page_000790_table_9 request=66.143s scheduled=66.144s status=ok active=85
[ 218.618s] RECV #00945 table=page_000627_table_14 request=68.897s scheduled=68.898s status=ok active=84
[ 219.060s] RECV #00878 table=page_001197_table_4 request=81.610s scheduled=81.611s status=ok active=83
[ 219.276s] RECV #00978 table=page_000106_table_box_id_4 request=63.730s scheduled=63.732s status=ok active=82
[ 219.419s] RECV #00979 table=page_000709_table_12 request=63.131s scheduled=63.132s status=ok active=81
[ 219.804s] RECV #00970 table=page_001376_table_5 request=65.578s scheduled=65.579s status=ok active=80
[ 219.999s] RECV #00980 table=page_000793_table_8 request=63.659s scheduled=63.659s status=ok active=79
[ 219.999s] RECV #00929 table=page_000224_table_box-3str9h9p request=73.052s scheduled=73.053s status=ok active=78
[ 220.243s] RECV #00975 table=page_000982_table_16 request=65.231s scheduled=65.232s status=ok active=77
[ 220.391s] RECV #00911 table=page_001368_table_box_id_263 request=76.275s scheduled=76.276s status=ok active=76
[ 220.391s] RECV #00893 table=page_000516_table_0 request=79.697s scheduled=79.698s status=ok active=75
[ 220.663s] RECV #00949 table=page_001026_table_box_id_25 request=69.794s scheduled=69.795s status=ok active=74
[ 221.294s] RECV #00985 table=page_000715_table_14 request=64.125s scheduled=64.126s status=ok active=73
[ 221.550s] RECV #00943 table=page_001367_table_66 request=71.989s scheduled=71.990s status=ok active=72
[ 221.909s] RECV #00860 table=page_001152_table_0 request=87.372s scheduled=87.372s status=ok active=71
[ 222.128s] RECV #00991 table=page_000343_table_0 request=63.534s scheduled=63.535s status=ok active=70
[ 222.278s] RECV #00983 table=page_001126_table_18 request=65.364s scheduled=65.366s status=ok active=69
[ 222.278s] RECV #00931 table=page_001216_table_2 request=74.680s scheduled=74.681s status=ok active=68
[ 222.662s] RECV #00955 table=page_000861_table_17 request=70.412s scheduled=70.413s status=ok active=67
[ 222.790s] RECV #00974 table=page_000215_table_box_id_4 request=67.811s scheduled=67.814s status=ok active=66
[ 222.937s] RECV #00924 table=page_000451_table_12 request=76.784s scheduled=76.785s status=ok active=65
[ 223.094s] RECV #00981 table=page_000737_table_6 request=66.648s scheduled=66.650s status=ok active=64
[ 223.266s] RECV #00821 table=page_000633_table_5 request=95.312s scheduled=95.312s status=ok active=63
[ 223.327s] RECV #00772 table=page_000264_table_box_id_5 request=104.703s scheduled=104.704s status=ok active=62
[ 223.328s] RECV #00915 table=page_000287_table_box_id_1 request=79.041s scheduled=79.041s status=ok active=61
[ 223.353s] RECV #00914 table=page_001128_table_2 request=79.069s scheduled=79.069s status=ok active=60
[ 223.544s] RECV #00996 table=page_000652_table_3 request=63.941s scheduled=63.941s status=ok active=59
[ 223.603s] RECV #00941 table=page_000507_table_6 request=74.517s scheduled=74.517s status=ok active=58
[ 223.604s] RECV #00952 table=page_001233_table_6 request=71.732s scheduled=71.733s status=ok active=57
[ 223.700s] RECV #00770 table=page_000496_table_4 request=105.174s scheduled=105.175s status=ok active=56
[ 223.766s] RECV #00950 table=page_000225_table_box_id_13 request=72.448s scheduled=72.449s status=ok active=55
[ 223.862s] RECV #00868 table=page_000511_table_1 request=88.134s scheduled=88.135s status=ok active=54
[ 223.916s] RECV #00910 table=page_001133_table_3 request=79.894s scheduled=79.895s status=ok active=53
[ 223.956s] RECV #00884 table=page_001367_table_3 request=85.303s scheduled=85.305s status=ok active=52
[ 223.996s] RECV #00999 table=page_000821_table_box_id_14 request=64.019s scheduled=64.019s status=ok active=51
[ 224.427s] RECV #00964 table=page_001137_table_11 request=70.991s scheduled=70.992s status=ok active=50
[ 224.442s] RECV #00987 table=page_000866_table_14 request=67.107s scheduled=67.108s status=ok active=49
[ 224.443s] RECV #01000 table=page_000468_table_11 request=64.275s scheduled=64.278s status=ok active=48
[ 224.484s] RECV #00984 table=page_000232_table_box_id_8 request=67.534s scheduled=67.535s status=ok active=47
[ 224.574s] RECV #00995 table=page_000239_table_box_id_7 request=65.190s scheduled=65.190s status=ok active=46
[ 224.703s] RECV #00906 table=page_000299_table_box_id_5 request=81.130s scheduled=81.131s status=ok active=45
[ 224.717s] RECV #00886 table=page_000294_table_box_id_1 request=85.952s scheduled=85.953s status=ok active=44
[ 224.767s] RECV #00997 table=page_001368_table_box_id_239 request=64.879s scheduled=64.880s status=ok active=43
[ 224.833s] RECV #00543 table=page_000290_table_box_id_1 request=141.259s scheduled=141.260s status=ok active=42
[ 224.956s] RECV #00963 table=page_000224_table_box-3str9h9p request=71.534s scheduled=71.535s status=ok active=41
[ 225.006s] RECV #00919 table=page_000307_table_2 request=80.206s scheduled=80.207s status=ok active=40
[ 225.202s] RECV #00882 table=page_001134_table_1 request=86.783s scheduled=86.784s status=ok active=39
[ 225.471s] RECV #00958 table=page_000265_table_box_id_3 request=73.104s scheduled=73.105s status=ok active=38
[ 225.650s] RECV #00934 table=page_001163_table_0 request=77.822s scheduled=77.823s status=ok active=37
[ 225.797s] RECV #00881 table=page_001272_table_1 request=87.850s scheduled=87.850s status=ok active=36
[ 226.286s] RECV #00966 table=page_001082_table_34 request=72.604s scheduled=72.605s status=ok active=35
[ 226.393s] RECV #00879 table=page_000203_table_box_id_3 request=88.828s scheduled=88.829s status=ok active=34
[ 226.608s] RECV #00973 table=page_000195_table_box_id_0 request=71.994s scheduled=71.995s status=ok active=33
[ 226.669s] RECV #00971 table=page_000746_table_18 request=72.148s scheduled=72.148s status=ok active=32
[ 226.993s] RECV #00953 table=page_000242_table_box_id_3 request=74.997s scheduled=74.999s status=ok active=31
[ 226.994s] RECV #00989 table=page_001595_table_box_id_7 request=68.964s scheduled=68.965s status=ok active=30
[ 227.174s] RECV #00990 table=page_000297_table_5 request=68.980s scheduled=68.980s status=ok active=29
[ 227.278s] RECV #00998 table=page_001156_table_6 request=67.350s scheduled=67.351s status=ok active=28
[ 227.313s] RECV #00954 table=page_001134_table_10 request=75.234s scheduled=75.235s status=ok active=27
[ 227.973s] RECV #00653 table=page_001595_table_box_id_1 request=128.292s scheduled=128.293s status=ok active=26
[ 227.974s] RECV #00988 table=page_000746_table_18 request=70.638s scheduled=70.639s status=ok active=25
[ 228.129s] RECV #00861 table=page_001164_table_9 request=93.262s scheduled=93.263s status=ok active=24
[ 228.218s] RECV #00994 table=page_000260_table_box_id_0 request=68.923s scheduled=68.924s status=ok active=23
[ 228.286s] RECV #00933 table=page_000199_table_box_id_0 request=80.479s scheduled=80.480s status=ok active=22
[ 228.321s] RECV #00822 table=page_001271_table_4 request=100.166s scheduled=100.167s status=ok active=21
[ 228.528s] RECV #00977 table=page_001121_table_10 request=73.321s scheduled=73.322s status=ok active=20
[ 229.465s] RECV #00612 table=page_000271_table_box_id_1 request=135.355s scheduled=135.356s status=ok active=19
[ 229.515s] RECV #00946 table=page_001273_table_8 request=78.954s scheduled=78.954s status=ok active=18
[ 230.551s] RECV #00976 table=page_001178_table_0 request=75.427s scheduled=75.428s status=ok active=17
[ 230.742s] RECV #00809 table=page_000273_table_box_id_1 request=104.676s scheduled=104.676s status=ok active=16
[ 231.607s] RECV #00993 table=page_000630_table_2 request=72.432s scheduled=72.433s status=ok active=15
[ 231.630s] RECV #00648 table=page_000291_table_box_id_0 request=132.461s scheduled=132.462s status=ok active=14
[ 231.855s] RECV #00986 table=page_001125_table_9 request=74.622s scheduled=74.623s status=ok active=13
[ 232.540s] RECV #00832 table=page_001188_table_2 request=103.835s scheduled=103.836s status=ok active=12
[ 233.081s] RECV #00869 table=page_000292_table_box_id_1 request=97.172s scheduled=97.173s status=ok active=11
[ 233.282s] RECV #00969 table=page_001138_table_1 request=79.075s scheduled=79.076s status=ok active=10
[ 233.773s] RECV #00992 table=page_001222_table_2 request=74.647s scheduled=74.647s status=ok active=9
[ 234.143s] RECV #00725 table=page_000277_table_box_id_1 request=122.775s scheduled=122.775s status=ok active=8
[ 235.061s] RECV #00960 table=page_000626_table_box_id_7 request=82.351s scheduled=82.351s status=ok active=7
[ 236.103s] RECV #00965 table=page_000643_table_4 request=82.591s scheduled=82.592s status=ok active=6
[ 236.655s] RECV #00719 table=page_000282_table_box_id_1 request=126.873s scheduled=126.874s status=ok active=5
[ 236.768s] RECV #00722 table=page_000279_table_box_id_0 request=125.998s scheduled=125.999s status=ok active=4
[ 237.501s] RECV #00922 table=page_000273_table_box_id_1 request=91.667s scheduled=91.668s status=ok active=3
[ 238.179s] RECV #00982 table=page_000446_table_3 request=81.387s scheduled=81.388s status=ok active=2
[ 238.897s] RECV #00797 table=page_000277_table_box_id_1 request=116.033s scheduled=116.035s status=ok active=1
[ 244.730s] RECV #00968 table=page_000276_table_box_id_5 request=90.886s scheduled=90.886s status=ok active=0
DONE completed=1000 failed=0 max_active=338 p50=36.655s p95=87.388s max=141.260s
Summary: tmp/09_persistent_page_engine/table_vllm_poisson1000_seq64_14qps_npu4_retry_85a90862_20260908/budget16384/qps6.5/measured/summary.json
